urban_ward_code,input_start,input_end,forecast_start,forecast_end,input_coverage_pct,target_coverage_pct
A,2025-02-19,2025-04-19,2025-04-20,2025-04-26,98.33333333333333,100.0
A,2025-02-20,2025-04-20,2025-04-21,2025-04-27,98.33333333333333,100.0
A,2025-02-21,2025-04-21,2025-04-22,2025-04-28,98.33333333333333,100.0
A,2025-02-22,2025-04-22,2025-04-23,2025-04-29,98.33333333333333,100.0
A,2025-02-23,2025-04-23,2025-04-24,2025-04-30,98.33333333333333,100.0
A,2025-02-24,2025-04-24,2025-04-25,2025-05-01,98.33333333333333,100.0
A,2025-02-25,2025-04-25,2025-04-26,2025-05-02,98.33333333333333,100.0
A,2025-02-26,2025-04-26,2025-04-27,2025-05-03,98.33333333333333,100.0
A,2025-02-27,2025-04-27,2025-04-28,2025-05-04,98.33333333333333,100.0
A,2025-02-28,2025-04-28,2025-04-29,2025-05-05,98.33333333333333,100.0
A,2025-03-01,2025-04-29,2025-04-30,2025-05-06,98.33333333333333,100.0
A,2025-03-02,2025-04-30,2025-05-01,2025-05-07,98.33333333333333,100.0
A,2025-03-03,2025-05-01,2025-05-02,2025-05-08,98.33333333333333,100.0
A,2025-03-04,2025-05-02,2025-05-03,2025-05-09,98.33333333333333,100.0
A,2025-03-05,2025-05-03,2025-05-04,2025-05-10,98.33333333333333,100.0
A,2025-03-06,2025-05-04,2025-05-05,2025-05-11,98.33333333333333,100.0
A,2025-03-07,2025-05-05,2025-05-06,2025-05-12,98.33333333333333,100.0
A,2025-03-08,2025-05-06,2025-05-07,2025-05-13,98.33333333333333,100.0
A,2025-03-09,2025-05-07,2025-05-08,2025-05-14,98.33333333333333,100.0
A,2025-03-10,2025-05-08,2025-05-09,2025-05-15,98.33333333333333,100.0
A,2025-03-11,2025-05-09,2025-05-10,2025-05-16,98.33333333333333,100.0
A,2025-03-12,2025-05-10,2025-05-11,2025-05-17,98.33333333333333,100.0
A,2025-03-13,2025-05-11,2025-05-12,2025-05-18,98.33333333333333,100.0
A,2025-03-14,2025-05-12,2025-05-13,2025-05-19,98.33333333333333,100.0
A,2025-03-15,2025-05-13,2025-05-14,2025-05-20,98.33333333333333,100.0
A,2025-03-16,2025-05-14,2025-05-15,2025-05-21,98.33333333333333,100.0
A,2025-03-17,2025-05-15,2025-05-16,2025-05-22,98.33333333333333,100.0
A,2025-03-18,2025-05-16,2025-05-17,2025-05-23,98.33333333333333,100.0
A,2025-03-19,2025-05-17,2025-05-18,2025-05-24,98.33333333333333,100.0
A,2025-03-20,2025-05-18,2025-05-19,2025-05-25,98.33333333333333,100.0
A,2025-03-21,2025-05-19,2025-05-20,2025-05-26,98.33333333333333,85.71428571428571
A,2025-03-28,2025-05-26,2025-05-27,2025-06-02,96.66666666666667,85.71428571428571
A,2025-03-29,2025-05-27,2025-05-28,2025-06-03,95.0,100.0
A,2025-03-30,2025-05-28,2025-05-29,2025-06-04,95.0,100.0
A,2025-03-31,2025-05-29,2025-05-30,2025-06-05,95.0,100.0
A,2025-04-01,2025-05-30,2025-05-31,2025-06-06,95.0,100.0
A,2025-04-02,2025-05-31,2025-06-01,2025-06-07,95.0,85.71428571428571
A,2025-04-13,2025-06-11,2025-06-12,2025-06-18,88.33333333333333,85.71428571428571
A,2025-04-14,2025-06-12,2025-06-13,2025-06-19,86.66666666666667,85.71428571428571
A,2025-04-21,2025-06-19,2025-06-20,2025-06-26,85.0,85.71428571428571
A,2025-04-22,2025-06-20,2025-06-21,2025-06-27,83.33333333333334,100.0
A,2025-04-23,2025-06-21,2025-06-22,2025-06-28,83.33333333333334,100.0
A,2025-04-24,2025-06-22,2025-06-23,2025-06-29,83.33333333333334,100.0
A,2025-04-25,2025-06-23,2025-06-24,2025-06-30,83.33333333333334,100.0
A,2025-04-26,2025-06-24,2025-06-25,2025-07-01,83.33333333333334,100.0
A,2025-04-27,2025-06-25,2025-06-26,2025-07-02,83.33333333333334,100.0
A,2025-04-28,2025-06-26,2025-06-27,2025-07-03,83.33333333333334,100.0
A,2025-04-29,2025-06-27,2025-06-28,2025-07-04,83.33333333333334,100.0
A,2025-04-30,2025-06-28,2025-06-29,2025-07-05,83.33333333333334,100.0
A,2025-05-01,2025-06-29,2025-06-30,2025-07-06,83.33333333333334,100.0
A,2025-05-02,2025-06-30,2025-07-01,2025-07-07,83.33333333333334,100.0
A,2025-05-03,2025-07-01,2025-07-02,2025-07-08,83.33333333333334,100.0
A,2025-05-04,2025-07-02,2025-07-03,2025-07-09,83.33333333333334,100.0
A,2025-05-05,2025-07-03,2025-07-04,2025-07-10,83.33333333333334,100.0
A,2025-05-06,2025-07-04,2025-07-05,2025-07-11,83.33333333333334,100.0
A,2025-05-07,2025-07-05,2025-07-06,2025-07-12,83.33333333333334,100.0
A,2025-05-08,2025-07-06,2025-07-07,2025-07-13,83.33333333333334,100.0
A,2025-05-09,2025-07-07,2025-07-08,2025-07-14,83.33333333333334,100.0
A,2025-05-10,2025-07-08,2025-07-09,2025-07-15,83.33333333333334,100.0
A,2025-05-11,2025-07-09,2025-07-10,2025-07-16,83.33333333333334,100.0
A,2025-05-12,2025-07-10,2025-07-11,2025-07-17,83.33333333333334,100.0
A,2025-05-13,2025-07-11,2025-07-12,2025-07-18,83.33333333333334,100.0
A,2025-05-14,2025-07-12,2025-07-13,2025-07-19,83.33333333333334,100.0
A,2025-05-15,2025-07-13,2025-07-14,2025-07-20,83.33333333333334,100.0
A,2025-05-16,2025-07-14,2025-07-15,2025-07-21,83.33333333333334,100.0
A,2025-05-17,2025-07-15,2025-07-16,2025-07-22,83.33333333333334,100.0
A,2025-05-18,2025-07-16,2025-07-17,2025-07-23,83.33333333333334,100.0
A,2025-05-19,2025-07-17,2025-07-18,2025-07-24,83.33333333333334,100.0
A,2025-05-20,2025-07-18,2025-07-19,2025-07-25,83.33333333333334,100.0
A,2025-05-21,2025-07-19,2025-07-20,2025-07-26,83.33333333333334,100.0
A,2025-05-22,2025-07-20,2025-07-21,2025-07-27,83.33333333333334,100.0
A,2025-05-23,2025-07-21,2025-07-22,2025-07-28,83.33333333333334,100.0
A,2025-05-24,2025-07-22,2025-07-23,2025-07-29,83.33333333333334,100.0
A,2025-05-25,2025-07-23,2025-07-24,2025-07-30,83.33333333333334,100.0
A,2025-05-26,2025-07-24,2025-07-25,2025-07-31,83.33333333333334,100.0
A,2025-05-27,2025-07-25,2025-07-26,2025-08-01,85.0,100.0
A,2025-05-28,2025-07-26,2025-07-27,2025-08-02,86.66666666666667,100.0
A,2025-05-29,2025-07-27,2025-07-28,2025-08-03,86.66666666666667,100.0
A,2025-05-30,2025-07-28,2025-07-29,2025-08-04,86.66666666666667,100.0
A,2025-05-31,2025-07-29,2025-07-30,2025-08-05,86.66666666666667,100.0
A,2025-06-01,2025-07-30,2025-07-31,2025-08-06,86.66666666666667,100.0
A,2025-06-02,2025-07-31,2025-08-01,2025-08-07,86.66666666666667,100.0
A,2025-06-03,2025-08-01,2025-08-02,2025-08-08,86.66666666666667,100.0
A,2025-06-04,2025-08-02,2025-08-03,2025-08-09,86.66666666666667,100.0
A,2025-06-05,2025-08-03,2025-08-04,2025-08-10,86.66666666666667,100.0
A,2025-06-06,2025-08-04,2025-08-05,2025-08-11,86.66666666666667,100.0
A,2025-06-07,2025-08-05,2025-08-06,2025-08-12,86.66666666666667,100.0
A,2025-06-08,2025-08-06,2025-08-07,2025-08-13,88.33333333333333,100.0
A,2025-06-09,2025-08-07,2025-08-08,2025-08-14,90.0,100.0
A,2025-06-10,2025-08-08,2025-08-09,2025-08-15,91.66666666666666,100.0
A,2025-06-11,2025-08-09,2025-08-10,2025-08-16,93.33333333333333,100.0
A,2025-06-12,2025-08-10,2025-08-11,2025-08-17,95.0,100.0
A,2025-06-13,2025-08-11,2025-08-12,2025-08-18,96.66666666666667,100.0
A,2025-06-14,2025-08-12,2025-08-13,2025-08-19,96.66666666666667,100.0
A,2025-06-15,2025-08-13,2025-08-14,2025-08-20,96.66666666666667,100.0
A,2025-06-16,2025-08-14,2025-08-15,2025-08-21,96.66666666666667,100.0
A,2025-06-17,2025-08-15,2025-08-16,2025-08-22,96.66666666666667,100.0
A,2025-06-18,2025-08-16,2025-08-17,2025-08-23,96.66666666666667,100.0
A,2025-06-19,2025-08-17,2025-08-18,2025-08-24,96.66666666666667,100.0
A,2025-06-20,2025-08-18,2025-08-19,2025-08-25,98.33333333333333,100.0
A,2025-06-21,2025-08-19,2025-08-20,2025-08-26,100.0,100.0
A,2025-06-22,2025-08-20,2025-08-21,2025-08-27,100.0,100.0
A,2025-06-23,2025-08-21,2025-08-22,2025-08-28,100.0,100.0
A,2025-06-24,2025-08-22,2025-08-23,2025-08-29,100.0,100.0
A,2025-06-25,2025-08-23,2025-08-24,2025-08-30,100.0,100.0
A,2025-06-26,2025-08-24,2025-08-25,2025-08-31,100.0,100.0
A,2025-06-27,2025-08-25,2025-08-26,2025-09-01,100.0,100.0
A,2025-06-28,2025-08-26,2025-08-27,2025-09-02,100.0,100.0
A,2025-06-29,2025-08-27,2025-08-28,2025-09-03,100.0,100.0
A,2025-06-30,2025-08-28,2025-08-29,2025-09-04,100.0,100.0
A,2025-07-01,2025-08-29,2025-08-30,2025-09-05,100.0,100.0
A,2025-07-02,2025-08-30,2025-08-31,2025-09-06,100.0,100.0
A,2025-07-03,2025-08-31,2025-09-01,2025-09-07,100.0,100.0
A,2025-07-04,2025-09-01,2025-09-02,2025-09-08,100.0,100.0
A,2025-07-05,2025-09-02,2025-09-03,2025-09-09,100.0,100.0
A,2025-07-06,2025-09-03,2025-09-04,2025-09-10,100.0,100.0
A,2025-07-07,2025-09-04,2025-09-05,2025-09-11,100.0,100.0
A,2025-07-08,2025-09-05,2025-09-06,2025-09-12,100.0,100.0
A,2025-07-09,2025-09-06,2025-09-07,2025-09-13,100.0,100.0
A,2025-07-10,2025-09-07,2025-09-08,2025-09-14,100.0,100.0
A,2025-07-11,2025-09-08,2025-09-09,2025-09-15,100.0,100.0
A,2025-07-12,2025-09-09,2025-09-10,2025-09-16,100.0,100.0
A,2025-07-13,2025-09-10,2025-09-11,2025-09-17,100.0,100.0
A,2025-07-14,2025-09-11,2025-09-12,2025-09-18,100.0,100.0
A,2025-07-15,2025-09-12,2025-09-13,2025-09-19,100.0,100.0
A,2025-07-16,2025-09-13,2025-09-14,2025-09-20,100.0,100.0
A,2025-07-17,2025-09-14,2025-09-15,2025-09-21,100.0,100.0
A,2025-07-18,2025-09-15,2025-09-16,2025-09-22,100.0,85.71428571428571
A,2025-10-10,2025-12-08,2025-12-09,2025-12-15,83.33333333333334,85.71428571428571
A,2025-10-11,2025-12-09,2025-12-10,2025-12-16,83.33333333333334,85.71428571428571
A,2026-01-08,2026-03-08,2026-03-09,2026-03-15,80.0,85.71428571428571
A,2026-01-12,2026-03-12,2026-03-13,2026-03-19,80.0,100.0
A,2026-01-13,2026-03-13,2026-03-14,2026-03-20,81.66666666666667,100.0
A,2026-01-14,2026-03-14,2026-03-15,2026-03-21,83.33333333333334,100.0
A,2026-01-15,2026-03-15,2026-03-16,2026-03-22,85.0,100.0
A,2026-01-16,2026-03-16,2026-03-17,2026-03-23,86.66666666666667,100.0
A,2026-01-17,2026-03-17,2026-03-18,2026-03-24,88.33333333333333,100.0
A,2026-01-18,2026-03-18,2026-03-19,2026-03-25,90.0,100.0
A,2026-01-19,2026-03-19,2026-03-20,2026-03-26,91.66666666666666,100.0
A,2026-01-20,2026-03-20,2026-03-21,2026-03-27,93.33333333333333,100.0
A,2026-01-21,2026-03-21,2026-03-22,2026-03-28,93.33333333333333,100.0
A,2026-01-22,2026-03-22,2026-03-23,2026-03-29,93.33333333333333,100.0
A,2026-01-23,2026-03-23,2026-03-24,2026-03-30,93.33333333333333,100.0
A,2026-01-24,2026-03-24,2026-03-25,2026-03-31,93.33333333333333,100.0
A,2026-01-25,2026-03-25,2026-03-26,2026-04-01,93.33333333333333,100.0
A,2026-01-26,2026-03-26,2026-03-27,2026-04-02,93.33333333333333,100.0
A,2026-01-27,2026-03-27,2026-03-28,2026-04-03,93.33333333333333,100.0
A,2026-01-28,2026-03-28,2026-03-29,2026-04-04,93.33333333333333,100.0
A,2026-01-29,2026-03-29,2026-03-30,2026-04-05,93.33333333333333,100.0
A,2026-01-30,2026-03-30,2026-03-31,2026-04-06,93.33333333333333,100.0
A,2026-01-31,2026-03-31,2026-04-01,2026-04-07,93.33333333333333,100.0
A,2026-02-01,2026-04-01,2026-04-02,2026-04-08,93.33333333333333,100.0
A,2026-02-02,2026-04-02,2026-04-03,2026-04-09,93.33333333333333,100.0
A,2026-02-03,2026-04-03,2026-04-04,2026-04-10,93.33333333333333,100.0
A,2026-02-04,2026-04-04,2026-04-05,2026-04-11,93.33333333333333,100.0
A,2026-02-05,2026-04-05,2026-04-06,2026-04-12,93.33333333333333,100.0
A,2026-02-06,2026-04-06,2026-04-07,2026-04-13,93.33333333333333,100.0
A,2026-02-07,2026-04-07,2026-04-08,2026-04-14,93.33333333333333,100.0
A,2026-02-08,2026-04-08,2026-04-09,2026-04-15,93.33333333333333,100.0
A,2026-02-09,2026-04-09,2026-04-10,2026-04-16,93.33333333333333,100.0
A,2026-02-10,2026-04-10,2026-04-11,2026-04-17,93.33333333333333,100.0
A,2026-02-11,2026-04-11,2026-04-12,2026-04-18,93.33333333333333,100.0
A,2026-02-12,2026-04-12,2026-04-13,2026-04-19,93.33333333333333,100.0
A,2026-02-13,2026-04-13,2026-04-14,2026-04-20,93.33333333333333,100.0
A,2026-02-14,2026-04-14,2026-04-15,2026-04-21,93.33333333333333,100.0
A,2026-02-15,2026-04-15,2026-04-16,2026-04-22,93.33333333333333,100.0
A,2026-02-16,2026-04-16,2026-04-17,2026-04-23,93.33333333333333,100.0
A,2026-02-17,2026-04-17,2026-04-18,2026-04-24,93.33333333333333,100.0
A,2026-02-18,2026-04-18,2026-04-19,2026-04-25,93.33333333333333,100.0
A,2026-02-19,2026-04-19,2026-04-20,2026-04-26,93.33333333333333,100.0
A,2026-02-20,2026-04-20,2026-04-21,2026-04-27,93.33333333333333,100.0
A,2026-02-21,2026-04-21,2026-04-22,2026-04-28,93.33333333333333,85.71428571428571
A,2026-03-03,2026-05-01,2026-05-02,2026-05-08,86.66666666666667,85.71428571428571
A,2026-03-04,2026-05-02,2026-05-03,2026-05-09,85.0,100.0
A,2026-03-05,2026-05-03,2026-05-04,2026-05-10,85.0,100.0
A,2026-03-06,2026-05-04,2026-05-05,2026-05-11,86.66666666666667,100.0
A,2026-03-07,2026-05-05,2026-05-06,2026-05-12,86.66666666666667,100.0
A,2026-03-08,2026-05-06,2026-05-07,2026-05-13,88.33333333333333,100.0
A,2026-03-09,2026-05-07,2026-05-08,2026-05-14,90.0,100.0
A,2026-03-10,2026-05-08,2026-05-09,2026-05-15,91.66666666666666,100.0
A,2026-03-11,2026-05-09,2026-05-10,2026-05-16,91.66666666666666,100.0
A,2026-03-12,2026-05-10,2026-05-11,2026-05-17,91.66666666666666,100.0
A,2026-03-13,2026-05-11,2026-05-12,2026-05-18,91.66666666666666,100.0
A,2026-03-14,2026-05-12,2026-05-13,2026-05-19,91.66666666666666,100.0
A,2026-03-15,2026-05-13,2026-05-14,2026-05-20,91.66666666666666,85.71428571428571
A,2026-03-22,2026-05-20,2026-05-21,2026-05-27,90.0,85.71428571428571
A,2026-03-23,2026-05-21,2026-05-22,2026-05-28,88.33333333333333,100.0
E,2025-02-19,2025-04-19,2025-04-20,2025-04-26,98.33333333333333,100.0
E,2025-02-20,2025-04-20,2025-04-21,2025-04-27,98.33333333333333,100.0
E,2025-02-21,2025-04-21,2025-04-22,2025-04-28,98.33333333333333,100.0
E,2025-02-22,2025-04-22,2025-04-23,2025-04-29,98.33333333333333,100.0
E,2025-02-23,2025-04-23,2025-04-24,2025-04-30,98.33333333333333,100.0
E,2025-02-24,2025-04-24,2025-04-25,2025-05-01,98.33333333333333,100.0
E,2025-02-25,2025-04-25,2025-04-26,2025-05-02,98.33333333333333,100.0
E,2025-02-26,2025-04-26,2025-04-27,2025-05-03,98.33333333333333,100.0
E,2025-02-27,2025-04-27,2025-04-28,2025-05-04,98.33333333333333,100.0
E,2025-02-28,2025-04-28,2025-04-29,2025-05-05,98.33333333333333,100.0
E,2025-03-01,2025-04-29,2025-04-30,2025-05-06,98.33333333333333,100.0
E,2025-03-02,2025-04-30,2025-05-01,2025-05-07,98.33333333333333,100.0
E,2025-03-03,2025-05-01,2025-05-02,2025-05-08,98.33333333333333,100.0
E,2025-03-04,2025-05-02,2025-05-03,2025-05-09,98.33333333333333,100.0
E,2025-03-05,2025-05-03,2025-05-04,2025-05-10,98.33333333333333,100.0
E,2025-03-06,2025-05-04,2025-05-05,2025-05-11,98.33333333333333,100.0
E,2025-03-07,2025-05-05,2025-05-06,2025-05-12,98.33333333333333,100.0
E,2025-03-08,2025-05-06,2025-05-07,2025-05-13,98.33333333333333,100.0
E,2025-03-09,2025-05-07,2025-05-08,2025-05-14,98.33333333333333,100.0
E,2025-03-10,2025-05-08,2025-05-09,2025-05-15,98.33333333333333,100.0
E,2025-03-11,2025-05-09,2025-05-10,2025-05-16,98.33333333333333,100.0
E,2025-03-12,2025-05-10,2025-05-11,2025-05-17,98.33333333333333,100.0
E,2025-03-13,2025-05-11,2025-05-12,2025-05-18,98.33333333333333,100.0
E,2025-03-14,2025-05-12,2025-05-13,2025-05-19,98.33333333333333,100.0
E,2025-03-15,2025-05-13,2025-05-14,2025-05-20,98.33333333333333,100.0
E,2025-03-16,2025-05-14,2025-05-15,2025-05-21,98.33333333333333,100.0
E,2025-03-17,2025-05-15,2025-05-16,2025-05-22,98.33333333333333,100.0
E,2025-03-18,2025-05-16,2025-05-17,2025-05-23,98.33333333333333,100.0
E,2025-03-19,2025-05-17,2025-05-18,2025-05-24,98.33333333333333,100.0
E,2025-03-20,2025-05-18,2025-05-19,2025-05-25,98.33333333333333,100.0
E,2025-03-21,2025-05-19,2025-05-20,2025-05-26,98.33333333333333,100.0
E,2025-03-22,2025-05-20,2025-05-21,2025-05-27,98.33333333333333,100.0
E,2025-03-23,2025-05-21,2025-05-22,2025-05-28,98.33333333333333,100.0
E,2025-03-24,2025-05-22,2025-05-23,2025-05-29,98.33333333333333,100.0
E,2025-03-25,2025-05-23,2025-05-24,2025-05-30,98.33333333333333,100.0
E,2025-03-26,2025-05-24,2025-05-25,2025-05-31,98.33333333333333,100.0
E,2025-03-27,2025-05-25,2025-05-26,2025-06-01,98.33333333333333,100.0
E,2025-03-28,2025-05-26,2025-05-27,2025-06-02,98.33333333333333,100.0
E,2025-03-29,2025-05-27,2025-05-28,2025-06-03,98.33333333333333,100.0
E,2025-03-30,2025-05-28,2025-05-29,2025-06-04,98.33333333333333,100.0
E,2025-03-31,2025-05-29,2025-05-30,2025-06-05,98.33333333333333,100.0
E,2025-04-01,2025-05-30,2025-05-31,2025-06-06,98.33333333333333,100.0
E,2025-04-02,2025-05-31,2025-06-01,2025-06-07,98.33333333333333,100.0
E,2025-04-03,2025-06-01,2025-06-02,2025-06-08,98.33333333333333,100.0
E,2025-04-04,2025-06-02,2025-06-03,2025-06-09,98.33333333333333,100.0
E,2025-04-05,2025-06-03,2025-06-04,2025-06-10,98.33333333333333,100.0
E,2025-04-06,2025-06-04,2025-06-05,2025-06-11,98.33333333333333,100.0
E,2025-04-07,2025-06-05,2025-06-06,2025-06-12,98.33333333333333,100.0
E,2025-04-08,2025-06-06,2025-06-07,2025-06-13,98.33333333333333,100.0
E,2025-04-09,2025-06-07,2025-06-08,2025-06-14,98.33333333333333,100.0
E,2025-04-10,2025-06-08,2025-06-09,2025-06-15,98.33333333333333,100.0
E,2025-04-11,2025-06-09,2025-06-10,2025-06-16,100.0,100.0
E,2025-04-12,2025-06-10,2025-06-11,2025-06-17,100.0,100.0
E,2025-04-13,2025-06-11,2025-06-12,2025-06-18,100.0,100.0
E,2025-04-14,2025-06-12,2025-06-13,2025-06-19,100.0,85.71428571428571
E,2025-04-27,2025-06-25,2025-06-26,2025-07-02,88.33333333333333,85.71428571428571
E,2025-04-28,2025-06-26,2025-06-27,2025-07-03,86.66666666666667,100.0
E,2025-04-29,2025-06-27,2025-06-28,2025-07-04,86.66666666666667,100.0
E,2025-04-30,2025-06-28,2025-06-29,2025-07-05,86.66666666666667,100.0
E,2025-05-01,2025-06-29,2025-06-30,2025-07-06,86.66666666666667,100.0
E,2025-05-02,2025-06-30,2025-07-01,2025-07-07,86.66666666666667,100.0
E,2025-05-03,2025-07-01,2025-07-02,2025-07-08,86.66666666666667,100.0
E,2025-05-04,2025-07-02,2025-07-03,2025-07-09,86.66666666666667,100.0
E,2025-05-05,2025-07-03,2025-07-04,2025-07-10,86.66666666666667,100.0
E,2025-05-06,2025-07-04,2025-07-05,2025-07-11,86.66666666666667,100.0
E,2025-05-07,2025-07-05,2025-07-06,2025-07-12,86.66666666666667,100.0
E,2025-05-08,2025-07-06,2025-07-07,2025-07-13,86.66666666666667,100.0
E,2025-05-09,2025-07-07,2025-07-08,2025-07-14,86.66666666666667,100.0
E,2025-05-10,2025-07-08,2025-07-09,2025-07-15,86.66666666666667,100.0
E,2025-05-11,2025-07-09,2025-07-10,2025-07-16,86.66666666666667,100.0
E,2025-05-12,2025-07-10,2025-07-11,2025-07-17,86.66666666666667,85.71428571428571
E,2025-05-13,2025-07-11,2025-07-12,2025-07-18,86.66666666666667,85.71428571428571
E,2025-05-14,2025-07-12,2025-07-13,2025-07-19,86.66666666666667,85.71428571428571
E,2025-05-15,2025-07-13,2025-07-14,2025-07-20,86.66666666666667,85.71428571428571
E,2025-05-16,2025-07-14,2025-07-15,2025-07-21,86.66666666666667,85.71428571428571
E,2025-05-17,2025-07-15,2025-07-16,2025-07-22,86.66666666666667,85.71428571428571
E,2025-05-18,2025-07-16,2025-07-17,2025-07-23,86.66666666666667,85.71428571428571
E,2025-05-19,2025-07-17,2025-07-18,2025-07-24,85.0,100.0
E,2025-05-20,2025-07-18,2025-07-19,2025-07-25,85.0,100.0
E,2025-05-21,2025-07-19,2025-07-20,2025-07-26,85.0,100.0
E,2025-05-22,2025-07-20,2025-07-21,2025-07-27,85.0,100.0
E,2025-05-23,2025-07-21,2025-07-22,2025-07-28,85.0,100.0
E,2025-05-24,2025-07-22,2025-07-23,2025-07-29,85.0,100.0
E,2025-05-25,2025-07-23,2025-07-24,2025-07-30,85.0,100.0
E,2025-05-26,2025-07-24,2025-07-25,2025-07-31,85.0,100.0
E,2025-05-27,2025-07-25,2025-07-26,2025-08-01,85.0,100.0
E,2025-05-28,2025-07-26,2025-07-27,2025-08-02,85.0,100.0
E,2025-05-29,2025-07-27,2025-07-28,2025-08-03,85.0,100.0
E,2025-05-30,2025-07-28,2025-07-29,2025-08-04,85.0,100.0
E,2025-05-31,2025-07-29,2025-07-30,2025-08-05,85.0,100.0
E,2025-06-01,2025-07-30,2025-07-31,2025-08-06,85.0,100.0
E,2025-06-02,2025-07-31,2025-08-01,2025-08-07,85.0,100.0
E,2025-06-03,2025-08-01,2025-08-02,2025-08-08,85.0,100.0
E,2025-06-04,2025-08-02,2025-08-03,2025-08-09,85.0,100.0
E,2025-06-05,2025-08-03,2025-08-04,2025-08-10,85.0,100.0
E,2025-06-06,2025-08-04,2025-08-05,2025-08-11,85.0,100.0
E,2025-06-07,2025-08-05,2025-08-06,2025-08-12,85.0,100.0
E,2025-06-08,2025-08-06,2025-08-07,2025-08-13,85.0,100.0
E,2025-06-09,2025-08-07,2025-08-08,2025-08-14,85.0,100.0
E,2025-06-10,2025-08-08,2025-08-09,2025-08-15,85.0,100.0
E,2025-06-11,2025-08-09,2025-08-10,2025-08-16,85.0,100.0
E,2025-06-12,2025-08-10,2025-08-11,2025-08-17,85.0,100.0
E,2025-06-13,2025-08-11,2025-08-12,2025-08-18,85.0,100.0
E,2025-06-14,2025-08-12,2025-08-13,2025-08-19,85.0,100.0
E,2025-06-15,2025-08-13,2025-08-14,2025-08-20,85.0,100.0
E,2025-06-16,2025-08-14,2025-08-15,2025-08-21,85.0,100.0
E,2025-06-17,2025-08-15,2025-08-16,2025-08-22,85.0,100.0
E,2025-06-18,2025-08-16,2025-08-17,2025-08-23,85.0,100.0
E,2025-06-19,2025-08-17,2025-08-18,2025-08-24,85.0,100.0
E,2025-06-20,2025-08-18,2025-08-19,2025-08-25,86.66666666666667,100.0
E,2025-06-21,2025-08-19,2025-08-20,2025-08-26,88.33333333333333,100.0
E,2025-06-22,2025-08-20,2025-08-21,2025-08-27,90.0,100.0
E,2025-06-23,2025-08-21,2025-08-22,2025-08-28,91.66666666666666,100.0
E,2025-06-24,2025-08-22,2025-08-23,2025-08-29,93.33333333333333,100.0
E,2025-06-25,2025-08-23,2025-08-24,2025-08-30,95.0,100.0
E,2025-06-26,2025-08-24,2025-08-25,2025-08-31,96.66666666666667,100.0
E,2025-06-27,2025-08-25,2025-08-26,2025-09-01,98.33333333333333,100.0
E,2025-06-28,2025-08-26,2025-08-27,2025-09-02,98.33333333333333,100.0
E,2025-06-29,2025-08-27,2025-08-28,2025-09-03,98.33333333333333,100.0
E,2025-06-30,2025-08-28,2025-08-29,2025-09-04,98.33333333333333,100.0
E,2025-07-01,2025-08-29,2025-08-30,2025-09-05,98.33333333333333,100.0
E,2025-07-02,2025-08-30,2025-08-31,2025-09-06,98.33333333333333,100.0
E,2025-07-03,2025-08-31,2025-09-01,2025-09-07,98.33333333333333,100.0
E,2025-07-04,2025-09-01,2025-09-02,2025-09-08,98.33333333333333,100.0
E,2025-07-05,2025-09-02,2025-09-03,2025-09-09,98.33333333333333,100.0
E,2025-07-06,2025-09-03,2025-09-04,2025-09-10,98.33333333333333,100.0
E,2025-07-07,2025-09-04,2025-09-05,2025-09-11,98.33333333333333,100.0
E,2025-07-08,2025-09-05,2025-09-06,2025-09-12,98.33333333333333,100.0
E,2025-07-09,2025-09-06,2025-09-07,2025-09-13,98.33333333333333,100.0
E,2025-07-10,2025-09-07,2025-09-08,2025-09-14,98.33333333333333,100.0
E,2025-07-11,2025-09-08,2025-09-09,2025-09-15,98.33333333333333,100.0
E,2025-07-12,2025-09-09,2025-09-10,2025-09-16,98.33333333333333,100.0
E,2025-07-13,2025-09-10,2025-09-11,2025-09-17,98.33333333333333,100.0
E,2025-07-14,2025-09-11,2025-09-12,2025-09-18,98.33333333333333,100.0
E,2025-07-15,2025-09-12,2025-09-13,2025-09-19,98.33333333333333,100.0
E,2025-07-16,2025-09-13,2025-09-14,2025-09-20,98.33333333333333,100.0
E,2025-07-17,2025-09-14,2025-09-15,2025-09-21,98.33333333333333,100.0
E,2025-07-18,2025-09-15,2025-09-16,2025-09-22,100.0,100.0
E,2025-07-19,2025-09-16,2025-09-17,2025-09-23,100.0,100.0
E,2025-07-20,2025-09-17,2025-09-18,2025-09-24,100.0,100.0
E,2025-07-21,2025-09-18,2025-09-19,2025-09-25,100.0,100.0
E,2025-07-22,2025-09-19,2025-09-20,2025-09-26,100.0,100.0
E,2025-07-23,2025-09-20,2025-09-21,2025-09-27,100.0,100.0
E,2025-07-24,2025-09-21,2025-09-22,2025-09-28,100.0,100.0
E,2025-07-25,2025-09-22,2025-09-23,2025-09-29,100.0,100.0
E,2025-07-26,2025-09-23,2025-09-24,2025-09-30,100.0,100.0
E,2025-07-27,2025-09-24,2025-09-25,2025-10-01,100.0,85.71428571428571
E,2025-07-28,2025-09-25,2025-09-26,2025-10-02,100.0,85.71428571428571
E,2025-07-29,2025-09-26,2025-09-27,2025-10-03,100.0,85.71428571428571
E,2025-07-30,2025-09-27,2025-09-28,2025-10-04,100.0,85.71428571428571
E,2025-07-31,2025-09-28,2025-09-29,2025-10-05,100.0,85.71428571428571
E,2025-08-01,2025-09-29,2025-09-30,2025-10-06,100.0,85.71428571428571
E,2025-08-02,2025-09-30,2025-10-01,2025-10-07,100.0,85.71428571428571
E,2025-08-03,2025-10-01,2025-10-02,2025-10-08,98.33333333333333,100.0
E,2025-08-04,2025-10-02,2025-10-03,2025-10-09,98.33333333333333,100.0
E,2025-08-05,2025-10-03,2025-10-04,2025-10-10,98.33333333333333,100.0
E,2025-08-06,2025-10-04,2025-10-05,2025-10-11,98.33333333333333,100.0
E,2025-08-07,2025-10-05,2025-10-06,2025-10-12,98.33333333333333,100.0
E,2025-08-08,2025-10-06,2025-10-07,2025-10-13,98.33333333333333,100.0
E,2025-08-09,2025-10-07,2025-10-08,2025-10-14,98.33333333333333,100.0
E,2025-08-10,2025-10-08,2025-10-09,2025-10-15,98.33333333333333,100.0
E,2025-08-11,2025-10-09,2025-10-10,2025-10-16,98.33333333333333,100.0
E,2025-08-12,2025-10-10,2025-10-11,2025-10-17,98.33333333333333,100.0
E,2025-08-13,2025-10-11,2025-10-12,2025-10-18,98.33333333333333,100.0
E,2025-08-14,2025-10-12,2025-10-13,2025-10-19,98.33333333333333,100.0
E,2025-08-15,2025-10-13,2025-10-14,2025-10-20,98.33333333333333,100.0
E,2025-08-16,2025-10-14,2025-10-15,2025-10-21,98.33333333333333,100.0
E,2025-08-17,2025-10-15,2025-10-16,2025-10-22,98.33333333333333,100.0
E,2025-08-18,2025-10-16,2025-10-17,2025-10-23,98.33333333333333,100.0
E,2025-08-19,2025-10-17,2025-10-18,2025-10-24,98.33333333333333,100.0
E,2025-08-20,2025-10-18,2025-10-19,2025-10-25,98.33333333333333,100.0
E,2025-08-21,2025-10-19,2025-10-20,2025-10-26,98.33333333333333,100.0
E,2025-08-22,2025-10-20,2025-10-21,2025-10-27,98.33333333333333,100.0
E,2025-08-23,2025-10-21,2025-10-22,2025-10-28,98.33333333333333,100.0
E,2025-08-24,2025-10-22,2025-10-23,2025-10-29,98.33333333333333,100.0
E,2025-08-25,2025-10-23,2025-10-24,2025-10-30,98.33333333333333,100.0
E,2025-08-26,2025-10-24,2025-10-25,2025-10-31,98.33333333333333,100.0
E,2025-08-27,2025-10-25,2025-10-26,2025-11-01,98.33333333333333,100.0
E,2025-08-28,2025-10-26,2025-10-27,2025-11-02,98.33333333333333,100.0
E,2025-08-29,2025-10-27,2025-10-28,2025-11-03,98.33333333333333,100.0
E,2025-08-30,2025-10-28,2025-10-29,2025-11-04,98.33333333333333,100.0
E,2025-08-31,2025-10-29,2025-10-30,2025-11-05,98.33333333333333,100.0
E,2025-09-01,2025-10-30,2025-10-31,2025-11-06,98.33333333333333,100.0
E,2025-09-02,2025-10-31,2025-11-01,2025-11-07,98.33333333333333,100.0
E,2025-09-03,2025-11-01,2025-11-02,2025-11-08,98.33333333333333,100.0
E,2025-09-04,2025-11-02,2025-11-03,2025-11-09,98.33333333333333,100.0
E,2025-09-05,2025-11-03,2025-11-04,2025-11-10,98.33333333333333,100.0
E,2025-09-06,2025-11-04,2025-11-05,2025-11-11,98.33333333333333,100.0
E,2025-09-07,2025-11-05,2025-11-06,2025-11-12,98.33333333333333,100.0
E,2025-09-08,2025-11-06,2025-11-07,2025-11-13,98.33333333333333,100.0
E,2025-09-09,2025-11-07,2025-11-08,2025-11-14,98.33333333333333,100.0
E,2025-09-10,2025-11-08,2025-11-09,2025-11-15,98.33333333333333,100.0
E,2025-09-11,2025-11-09,2025-11-10,2025-11-16,98.33333333333333,100.0
E,2025-09-12,2025-11-10,2025-11-11,2025-11-17,98.33333333333333,100.0
E,2025-09-13,2025-11-11,2025-11-12,2025-11-18,98.33333333333333,100.0
E,2025-09-14,2025-11-12,2025-11-13,2025-11-19,98.33333333333333,100.0
E,2025-09-15,2025-11-13,2025-11-14,2025-11-20,98.33333333333333,100.0
E,2025-09-16,2025-11-14,2025-11-15,2025-11-21,98.33333333333333,100.0
E,2025-09-17,2025-11-15,2025-11-16,2025-11-22,98.33333333333333,100.0
E,2025-09-18,2025-11-16,2025-11-17,2025-11-23,98.33333333333333,100.0
E,2025-09-19,2025-11-17,2025-11-18,2025-11-24,98.33333333333333,100.0
E,2025-09-20,2025-11-18,2025-11-19,2025-11-25,98.33333333333333,100.0
E,2025-09-21,2025-11-19,2025-11-20,2025-11-26,98.33333333333333,100.0
E,2025-09-22,2025-11-20,2025-11-21,2025-11-27,98.33333333333333,100.0
E,2025-09-23,2025-11-21,2025-11-22,2025-11-28,98.33333333333333,100.0
E,2025-09-24,2025-11-22,2025-11-23,2025-11-29,98.33333333333333,100.0
E,2025-09-25,2025-11-23,2025-11-24,2025-11-30,98.33333333333333,100.0
E,2025-09-26,2025-11-24,2025-11-25,2025-12-01,98.33333333333333,100.0
E,2025-09-27,2025-11-25,2025-11-26,2025-12-02,98.33333333333333,100.0
E,2025-09-28,2025-11-26,2025-11-27,2025-12-03,98.33333333333333,85.71428571428571
E,2025-09-29,2025-11-27,2025-11-28,2025-12-04,98.33333333333333,85.71428571428571
E,2025-09-30,2025-11-28,2025-11-29,2025-12-05,98.33333333333333,85.71428571428571
E,2025-10-01,2025-11-29,2025-11-30,2025-12-06,98.33333333333333,85.71428571428571
E,2025-10-02,2025-11-30,2025-12-01,2025-12-07,100.0,85.71428571428571
E,2025-10-03,2025-12-01,2025-12-02,2025-12-08,100.0,85.71428571428571
E,2025-10-04,2025-12-02,2025-12-03,2025-12-09,100.0,85.71428571428571
E,2025-10-05,2025-12-03,2025-12-04,2025-12-10,98.33333333333333,100.0
E,2025-10-06,2025-12-04,2025-12-05,2025-12-11,98.33333333333333,100.0
E,2025-10-07,2025-12-05,2025-12-06,2025-12-12,98.33333333333333,100.0
E,2025-10-08,2025-12-06,2025-12-07,2025-12-13,98.33333333333333,100.0
E,2025-10-09,2025-12-07,2025-12-08,2025-12-14,98.33333333333333,100.0
E,2025-10-10,2025-12-08,2025-12-09,2025-12-15,98.33333333333333,100.0
E,2025-10-11,2025-12-09,2025-12-10,2025-12-16,98.33333333333333,100.0
E,2025-10-12,2025-12-10,2025-12-11,2025-12-17,98.33333333333333,100.0
E,2025-10-13,2025-12-11,2025-12-12,2025-12-18,98.33333333333333,100.0
E,2025-10-14,2025-12-12,2025-12-13,2025-12-19,98.33333333333333,100.0
E,2025-10-15,2025-12-13,2025-12-14,2025-12-20,98.33333333333333,100.0
E,2025-10-16,2025-12-14,2025-12-15,2025-12-21,98.33333333333333,100.0
E,2025-10-17,2025-12-15,2025-12-16,2025-12-22,98.33333333333333,100.0
E,2025-10-18,2025-12-16,2025-12-17,2025-12-23,98.33333333333333,100.0
E,2025-10-19,2025-12-17,2025-12-18,2025-12-24,98.33333333333333,100.0
E,2025-10-20,2025-12-18,2025-12-19,2025-12-25,98.33333333333333,100.0
E,2025-10-21,2025-12-19,2025-12-20,2025-12-26,98.33333333333333,85.71428571428571
E,2025-10-22,2025-12-20,2025-12-21,2025-12-27,98.33333333333333,85.71428571428571
E,2025-10-23,2025-12-21,2025-12-22,2025-12-28,98.33333333333333,85.71428571428571
E,2025-10-24,2025-12-22,2025-12-23,2025-12-29,98.33333333333333,85.71428571428571
E,2025-10-25,2025-12-23,2025-12-24,2025-12-30,98.33333333333333,85.71428571428571
E,2025-10-26,2025-12-24,2025-12-25,2025-12-31,98.33333333333333,85.71428571428571
E,2025-10-27,2025-12-25,2025-12-26,2026-01-01,98.33333333333333,85.71428571428571
E,2025-10-28,2025-12-26,2025-12-27,2026-01-02,96.66666666666667,100.0
E,2025-10-29,2025-12-27,2025-12-28,2026-01-03,96.66666666666667,100.0
E,2025-10-30,2025-12-28,2025-12-29,2026-01-04,96.66666666666667,100.0
E,2025-10-31,2025-12-29,2025-12-30,2026-01-05,96.66666666666667,100.0
E,2025-11-01,2025-12-30,2025-12-31,2026-01-06,96.66666666666667,100.0
E,2025-11-02,2025-12-31,2026-01-01,2026-01-07,96.66666666666667,100.0
E,2025-11-03,2026-01-01,2026-01-02,2026-01-08,96.66666666666667,100.0
E,2025-11-04,2026-01-02,2026-01-03,2026-01-09,96.66666666666667,100.0
E,2025-11-05,2026-01-03,2026-01-04,2026-01-10,96.66666666666667,100.0
E,2025-11-06,2026-01-04,2026-01-05,2026-01-11,96.66666666666667,85.71428571428571
E,2025-11-20,2026-01-18,2026-01-19,2026-01-25,83.33333333333334,85.71428571428571
E,2025-11-21,2026-01-19,2026-01-20,2026-01-26,81.66666666666667,100.0
E,2025-11-22,2026-01-20,2026-01-21,2026-01-27,81.66666666666667,100.0
E,2025-11-23,2026-01-21,2026-01-22,2026-01-28,81.66666666666667,100.0
E,2025-11-24,2026-01-22,2026-01-23,2026-01-29,81.66666666666667,100.0
E,2025-11-25,2026-01-23,2026-01-24,2026-01-30,81.66666666666667,100.0
E,2025-11-26,2026-01-24,2026-01-25,2026-01-31,81.66666666666667,100.0
E,2025-11-27,2026-01-25,2026-01-26,2026-02-01,81.66666666666667,100.0
E,2025-11-28,2026-01-26,2026-01-27,2026-02-02,81.66666666666667,100.0
E,2025-11-29,2026-01-27,2026-01-28,2026-02-03,81.66666666666667,100.0
E,2025-11-30,2026-01-28,2026-01-29,2026-02-04,81.66666666666667,100.0
E,2025-12-01,2026-01-29,2026-01-30,2026-02-05,81.66666666666667,100.0
E,2025-12-02,2026-01-30,2026-01-31,2026-02-06,81.66666666666667,100.0
E,2025-12-03,2026-01-31,2026-02-01,2026-02-07,81.66666666666667,100.0
E,2025-12-04,2026-02-01,2026-02-02,2026-02-08,83.33333333333334,100.0
E,2025-12-05,2026-02-02,2026-02-03,2026-02-09,83.33333333333334,100.0
E,2025-12-06,2026-02-03,2026-02-04,2026-02-10,83.33333333333334,100.0
E,2025-12-07,2026-02-04,2026-02-05,2026-02-11,83.33333333333334,100.0
E,2025-12-08,2026-02-05,2026-02-06,2026-02-12,83.33333333333334,100.0
E,2025-12-09,2026-02-06,2026-02-07,2026-02-13,83.33333333333334,100.0
E,2025-12-10,2026-02-07,2026-02-08,2026-02-14,83.33333333333334,100.0
E,2025-12-11,2026-02-08,2026-02-09,2026-02-15,83.33333333333334,100.0
E,2025-12-12,2026-02-09,2026-02-10,2026-02-16,83.33333333333334,100.0
E,2025-12-13,2026-02-10,2026-02-11,2026-02-17,83.33333333333334,100.0
E,2025-12-14,2026-02-11,2026-02-12,2026-02-18,83.33333333333334,100.0
E,2025-12-15,2026-02-12,2026-02-13,2026-02-19,83.33333333333334,100.0
E,2025-12-16,2026-02-13,2026-02-14,2026-02-20,83.33333333333334,100.0
E,2025-12-17,2026-02-14,2026-02-15,2026-02-21,83.33333333333334,100.0
E,2025-12-18,2026-02-15,2026-02-16,2026-02-22,83.33333333333334,100.0
E,2025-12-19,2026-02-16,2026-02-17,2026-02-23,83.33333333333334,100.0
E,2025-12-20,2026-02-17,2026-02-18,2026-02-24,83.33333333333334,100.0
E,2025-12-21,2026-02-18,2026-02-19,2026-02-25,83.33333333333334,100.0
E,2025-12-22,2026-02-19,2026-02-20,2026-02-26,83.33333333333334,100.0
E,2025-12-23,2026-02-20,2026-02-21,2026-02-27,83.33333333333334,100.0
E,2025-12-24,2026-02-21,2026-02-22,2026-02-28,83.33333333333334,100.0
E,2025-12-25,2026-02-22,2026-02-23,2026-03-01,83.33333333333334,100.0
E,2025-12-26,2026-02-23,2026-02-24,2026-03-02,83.33333333333334,100.0
E,2025-12-27,2026-02-24,2026-02-25,2026-03-03,85.0,100.0
E,2025-12-28,2026-02-25,2026-02-26,2026-03-04,85.0,100.0
E,2025-12-29,2026-02-26,2026-02-27,2026-03-05,85.0,100.0
E,2025-12-30,2026-02-27,2026-02-28,2026-03-06,85.0,100.0
E,2025-12-31,2026-02-28,2026-03-01,2026-03-07,85.0,100.0
E,2026-01-01,2026-03-01,2026-03-02,2026-03-08,85.0,100.0
E,2026-01-02,2026-03-02,2026-03-03,2026-03-09,85.0,100.0
E,2026-01-03,2026-03-03,2026-03-04,2026-03-10,85.0,100.0
E,2026-01-04,2026-03-04,2026-03-05,2026-03-11,85.0,100.0
E,2026-01-05,2026-03-05,2026-03-06,2026-03-12,85.0,100.0
E,2026-01-06,2026-03-06,2026-03-07,2026-03-13,85.0,100.0
E,2026-01-07,2026-03-07,2026-03-08,2026-03-14,85.0,100.0
E,2026-01-08,2026-03-08,2026-03-09,2026-03-15,85.0,100.0
E,2026-01-09,2026-03-09,2026-03-10,2026-03-16,85.0,100.0
E,2026-01-10,2026-03-10,2026-03-11,2026-03-17,85.0,100.0
E,2026-01-11,2026-03-11,2026-03-12,2026-03-18,85.0,100.0
E,2026-01-12,2026-03-12,2026-03-13,2026-03-19,86.66666666666667,100.0
E,2026-01-13,2026-03-13,2026-03-14,2026-03-20,88.33333333333333,100.0
E,2026-01-14,2026-03-14,2026-03-15,2026-03-21,90.0,100.0
E,2026-01-15,2026-03-15,2026-03-16,2026-03-22,91.66666666666666,100.0
E,2026-01-16,2026-03-16,2026-03-17,2026-03-23,93.33333333333333,100.0
E,2026-01-17,2026-03-17,2026-03-18,2026-03-24,95.0,100.0
E,2026-01-18,2026-03-18,2026-03-19,2026-03-25,96.66666666666667,100.0
E,2026-01-19,2026-03-19,2026-03-20,2026-03-26,98.33333333333333,100.0
E,2026-01-20,2026-03-20,2026-03-21,2026-03-27,100.0,100.0
E,2026-01-21,2026-03-21,2026-03-22,2026-03-28,100.0,100.0
E,2026-01-22,2026-03-22,2026-03-23,2026-03-29,100.0,100.0
E,2026-01-23,2026-03-23,2026-03-24,2026-03-30,100.0,100.0
E,2026-01-24,2026-03-24,2026-03-25,2026-03-31,100.0,100.0
E,2026-01-25,2026-03-25,2026-03-26,2026-04-01,100.0,100.0
E,2026-01-26,2026-03-26,2026-03-27,2026-04-02,100.0,100.0
E,2026-01-27,2026-03-27,2026-03-28,2026-04-03,100.0,100.0
E,2026-01-28,2026-03-28,2026-03-29,2026-04-04,100.0,100.0
E,2026-01-29,2026-03-29,2026-03-30,2026-04-05,100.0,100.0
E,2026-01-30,2026-03-30,2026-03-31,2026-04-06,100.0,100.0
E,2026-01-31,2026-03-31,2026-04-01,2026-04-07,100.0,100.0
E,2026-02-01,2026-04-01,2026-04-02,2026-04-08,100.0,100.0
E,2026-02-02,2026-04-02,2026-04-03,2026-04-09,100.0,100.0
E,2026-02-03,2026-04-03,2026-04-04,2026-04-10,100.0,100.0
E,2026-02-04,2026-04-04,2026-04-05,2026-04-11,100.0,100.0
E,2026-02-05,2026-04-05,2026-04-06,2026-04-12,100.0,100.0
E,2026-02-06,2026-04-06,2026-04-07,2026-04-13,100.0,100.0
E,2026-02-07,2026-04-07,2026-04-08,2026-04-14,100.0,100.0
E,2026-02-08,2026-04-08,2026-04-09,2026-04-15,100.0,100.0
E,2026-02-09,2026-04-09,2026-04-10,2026-04-16,100.0,100.0
E,2026-02-10,2026-04-10,2026-04-11,2026-04-17,100.0,100.0
E,2026-02-11,2026-04-11,2026-04-12,2026-04-18,100.0,100.0
E,2026-02-12,2026-04-12,2026-04-13,2026-04-19,100.0,100.0
E,2026-02-13,2026-04-13,2026-04-14,2026-04-20,100.0,100.0
E,2026-02-14,2026-04-14,2026-04-15,2026-04-21,100.0,100.0
E,2026-02-15,2026-04-15,2026-04-16,2026-04-22,100.0,100.0
E,2026-02-16,2026-04-16,2026-04-17,2026-04-23,100.0,100.0
E,2026-02-17,2026-04-17,2026-04-18,2026-04-24,100.0,100.0
E,2026-02-18,2026-04-18,2026-04-19,2026-04-25,100.0,100.0
E,2026-02-19,2026-04-19,2026-04-20,2026-04-26,100.0,100.0
E,2026-02-20,2026-04-20,2026-04-21,2026-04-27,100.0,100.0
E,2026-02-21,2026-04-21,2026-04-22,2026-04-28,100.0,100.0
E,2026-02-22,2026-04-22,2026-04-23,2026-04-29,100.0,100.0
E,2026-02-23,2026-04-23,2026-04-24,2026-04-30,100.0,100.0
E,2026-02-24,2026-04-24,2026-04-25,2026-05-01,100.0,100.0
E,2026-02-25,2026-04-25,2026-04-26,2026-05-02,100.0,100.0
E,2026-02-26,2026-04-26,2026-04-27,2026-05-03,100.0,100.0
E,2026-02-27,2026-04-27,2026-04-28,2026-05-04,100.0,100.0
E,2026-02-28,2026-04-28,2026-04-29,2026-05-05,100.0,100.0
E,2026-03-01,2026-04-29,2026-04-30,2026-05-06,100.0,100.0
E,2026-03-02,2026-04-30,2026-05-01,2026-05-07,100.0,100.0
E,2026-03-03,2026-05-01,2026-05-02,2026-05-08,100.0,100.0
E,2026-03-04,2026-05-02,2026-05-03,2026-05-09,100.0,100.0
E,2026-03-05,2026-05-03,2026-05-04,2026-05-10,100.0,100.0
E,2026-03-06,2026-05-04,2026-05-05,2026-05-11,100.0,100.0
E,2026-03-07,2026-05-05,2026-05-06,2026-05-12,100.0,100.0
E,2026-03-08,2026-05-06,2026-05-07,2026-05-13,100.0,100.0
E,2026-03-09,2026-05-07,2026-05-08,2026-05-14,100.0,100.0
E,2026-03-10,2026-05-08,2026-05-09,2026-05-15,100.0,100.0
E,2026-03-11,2026-05-09,2026-05-10,2026-05-16,100.0,100.0
E,2026-03-12,2026-05-10,2026-05-11,2026-05-17,100.0,100.0
E,2026-03-13,2026-05-11,2026-05-12,2026-05-18,100.0,100.0
E,2026-03-14,2026-05-12,2026-05-13,2026-05-19,100.0,100.0
E,2026-03-15,2026-05-13,2026-05-14,2026-05-20,100.0,100.0
E,2026-03-16,2026-05-14,2026-05-15,2026-05-21,100.0,100.0
E,2026-03-17,2026-05-15,2026-05-16,2026-05-22,100.0,100.0
E,2026-03-18,2026-05-16,2026-05-17,2026-05-23,100.0,100.0
E,2026-03-19,2026-05-17,2026-05-18,2026-05-24,100.0,100.0
E,2026-03-20,2026-05-18,2026-05-19,2026-05-25,100.0,100.0
E,2026-03-21,2026-05-19,2026-05-20,2026-05-26,100.0,100.0
E,2026-03-22,2026-05-20,2026-05-21,2026-05-27,100.0,100.0
E,2026-03-23,2026-05-21,2026-05-22,2026-05-28,100.0,100.0
E,2026-03-24,2026-05-22,2026-05-23,2026-05-29,100.0,100.0
E,2026-03-25,2026-05-23,2026-05-24,2026-05-30,100.0,100.0
E,2026-03-26,2026-05-24,2026-05-25,2026-05-31,100.0,100.0
E,2026-03-27,2026-05-25,2026-05-26,2026-06-01,100.0,100.0
E,2026-03-28,2026-05-26,2026-05-27,2026-06-02,100.0,100.0
E,2026-03-29,2026-05-27,2026-05-28,2026-06-03,100.0,100.0
E,2026-03-30,2026-05-28,2026-05-29,2026-06-04,100.0,100.0
E,2026-03-31,2026-05-29,2026-05-30,2026-06-05,100.0,100.0
E,2026-04-01,2026-05-30,2026-05-31,2026-06-06,100.0,100.0
E,2026-04-02,2026-05-31,2026-06-01,2026-06-07,100.0,100.0
E,2026-04-03,2026-06-01,2026-06-02,2026-06-08,100.0,100.0
E,2026-04-04,2026-06-02,2026-06-03,2026-06-09,100.0,100.0
E,2026-04-05,2026-06-03,2026-06-04,2026-06-10,100.0,100.0
E,2026-04-06,2026-06-04,2026-06-05,2026-06-11,100.0,100.0
E,2026-04-07,2026-06-05,2026-06-06,2026-06-12,100.0,100.0
E,2026-04-08,2026-06-06,2026-06-07,2026-06-13,100.0,100.0
E,2026-04-09,2026-06-07,2026-06-08,2026-06-14,100.0,100.0
E,2026-04-10,2026-06-08,2026-06-09,2026-06-15,100.0,100.0
E,2026-04-11,2026-06-09,2026-06-10,2026-06-16,100.0,100.0
E,2026-04-12,2026-06-10,2026-06-11,2026-06-17,100.0,100.0
E,2026-04-13,2026-06-11,2026-06-12,2026-06-18,100.0,100.0
E,2026-04-14,2026-06-12,2026-06-13,2026-06-19,100.0,100.0
E,2026-04-15,2026-06-13,2026-06-14,2026-06-20,100.0,100.0
E,2026-04-16,2026-06-14,2026-06-15,2026-06-21,100.0,100.0
E,2026-04-17,2026-06-15,2026-06-16,2026-06-22,100.0,100.0
E,2026-04-18,2026-06-16,2026-06-17,2026-06-23,100.0,100.0
E,2026-04-19,2026-06-17,2026-06-18,2026-06-24,100.0,85.71428571428571
E,2026-04-20,2026-06-18,2026-06-19,2026-06-25,100.0,85.71428571428571
E,2026-04-21,2026-06-19,2026-06-20,2026-06-26,100.0,85.71428571428571
E,2026-04-22,2026-06-20,2026-06-21,2026-06-27,100.0,85.71428571428571
E,2026-04-23,2026-06-21,2026-06-22,2026-06-28,100.0,85.71428571428571
E,2026-04-24,2026-06-22,2026-06-23,2026-06-29,100.0,85.71428571428571
E,2026-04-25,2026-06-23,2026-06-24,2026-06-30,100.0,85.71428571428571
E,2026-04-26,2026-06-24,2026-06-25,2026-07-01,98.33333333333333,100.0
E,2026-04-27,2026-06-25,2026-06-26,2026-07-02,98.33333333333333,100.0
E,2026-04-28,2026-06-26,2026-06-27,2026-07-03,98.33333333333333,100.0
E,2026-04-29,2026-06-27,2026-06-28,2026-07-04,98.33333333333333,100.0
E,2026-04-30,2026-06-28,2026-06-29,2026-07-05,98.33333333333333,100.0
E,2026-05-01,2026-06-29,2026-06-30,2026-07-06,98.33333333333333,100.0
E,2026-05-02,2026-06-30,2026-07-01,2026-07-07,98.33333333333333,100.0
E,2026-05-03,2026-07-01,2026-07-02,2026-07-08,98.33333333333333,100.0
E,2026-05-04,2026-07-02,2026-07-03,2026-07-09,98.33333333333333,100.0
E,2026-05-05,2026-07-03,2026-07-04,2026-07-10,98.33333333333333,100.0
E,2026-05-06,2026-07-04,2026-07-05,2026-07-11,98.33333333333333,100.0
E,2026-05-07,2026-07-05,2026-07-06,2026-07-12,98.33333333333333,100.0
E,2026-05-08,2026-07-06,2026-07-07,2026-07-13,98.33333333333333,100.0
E,2026-05-09,2026-07-07,2026-07-08,2026-07-14,98.33333333333333,100.0
E,2026-05-10,2026-07-08,2026-07-09,2026-07-15,98.33333333333333,100.0
E,2026-05-11,2026-07-09,2026-07-10,2026-07-16,98.33333333333333,100.0
E,2026-05-12,2026-07-10,2026-07-11,2026-07-17,98.33333333333333,100.0
E,2026-05-13,2026-07-11,2026-07-12,2026-07-18,98.33333333333333,100.0
E,2026-05-14,2026-07-12,2026-07-13,2026-07-19,98.33333333333333,100.0
E,2026-05-15,2026-07-13,2026-07-14,2026-07-20,98.33333333333333,100.0
E,2026-05-16,2026-07-14,2026-07-15,2026-07-21,98.33333333333333,100.0
E,2026-05-17,2026-07-15,2026-07-16,2026-07-22,98.33333333333333,100.0
E,2026-05-18,2026-07-16,2026-07-17,2026-07-23,98.33333333333333,100.0
E,2026-05-19,2026-07-17,2026-07-18,2026-07-24,98.33333333333333,100.0
E,2026-05-20,2026-07-18,2026-07-19,2026-07-25,98.33333333333333,100.0
E,2026-05-21,2026-07-19,2026-07-20,2026-07-26,98.33333333333333,100.0
E,2026-05-22,2026-07-20,2026-07-21,2026-07-27,98.33333333333333,100.0
E,2026-05-23,2026-07-21,2026-07-22,2026-07-28,98.33333333333333,100.0
E,2026-05-24,2026-07-22,2026-07-23,2026-07-29,98.33333333333333,100.0
E,2026-05-25,2026-07-23,2026-07-24,2026-07-30,98.33333333333333,100.0
E,2026-05-26,2026-07-24,2026-07-25,2026-07-31,98.33333333333333,100.0
E,2026-05-27,2026-07-25,2026-07-26,2026-08-01,98.33333333333333,100.0
E,2026-05-28,2026-07-26,2026-07-27,2026-08-02,98.33333333333333,100.0
E,2026-05-29,2026-07-27,2026-07-28,2026-08-03,98.33333333333333,100.0
E,2026-05-30,2026-07-28,2026-07-29,2026-08-04,98.33333333333333,100.0
E,2026-05-31,2026-07-29,2026-07-30,2026-08-05,98.33333333333333,100.0
E,2026-06-01,2026-07-30,2026-07-31,2026-08-06,98.33333333333333,100.0
E,2026-06-02,2026-07-31,2026-08-01,2026-08-07,98.33333333333333,100.0
E,2026-06-03,2026-08-01,2026-08-02,2026-08-08,98.33333333333333,100.0
E,2026-06-04,2026-08-02,2026-08-03,2026-08-09,98.33333333333333,100.0
E,2026-06-05,2026-08-03,2026-08-04,2026-08-10,98.33333333333333,100.0
E,2026-06-06,2026-08-04,2026-08-05,2026-08-11,98.33333333333333,100.0
E,2026-06-07,2026-08-05,2026-08-06,2026-08-12,98.33333333333333,100.0
E,2026-06-08,2026-08-06,2026-08-07,2026-08-13,98.33333333333333,100.0
E,2026-06-09,2026-08-07,2026-08-08,2026-08-14,98.33333333333333,100.0
E,2026-06-10,2026-08-08,2026-08-09,2026-08-15,98.33333333333333,100.0
E,2026-06-11,2026-08-09,2026-08-10,2026-08-16,98.33333333333333,100.0
E,2026-06-12,2026-08-10,2026-08-11,2026-08-17,98.33333333333333,100.0
E,2026-06-13,2026-08-11,2026-08-12,2026-08-18,98.33333333333333,100.0
E,2026-06-14,2026-08-12,2026-08-13,2026-08-19,98.33333333333333,100.0
E,2026-06-15,2026-08-13,2026-08-14,2026-08-20,98.33333333333333,100.0
E,2026-06-16,2026-08-14,2026-08-15,2026-08-21,98.33333333333333,100.0
E,2026-06-17,2026-08-15,2026-08-16,2026-08-22,98.33333333333333,100.0
E,2026-06-18,2026-08-16,2026-08-17,2026-08-23,98.33333333333333,100.0
E,2026-06-19,2026-08-17,2026-08-18,2026-08-24,98.33333333333333,100.0
E,2026-06-20,2026-08-18,2026-08-19,2026-08-25,98.33333333333333,100.0
E,2026-06-21,2026-08-19,2026-08-20,2026-08-26,98.33333333333333,100.0
E,2026-06-22,2026-08-20,2026-08-21,2026-08-27,98.33333333333333,100.0
E,2026-06-23,2026-08-21,2026-08-22,2026-08-28,98.33333333333333,100.0
E,2026-06-24,2026-08-22,2026-08-23,2026-08-29,98.33333333333333,100.0
E,2026-06-25,2026-08-23,2026-08-24,2026-08-30,100.0,100.0
E,2026-06-26,2026-08-24,2026-08-25,2026-08-31,100.0,100.0
E,2026-06-27,2026-08-25,2026-08-26,2026-09-01,100.0,100.0
E,2026-06-28,2026-08-26,2026-08-27,2026-09-02,100.0,100.0
E,2026-06-29,2026-08-27,2026-08-28,2026-09-03,100.0,100.0
E,2026-06-30,2026-08-28,2026-08-29,2026-09-04,100.0,100.0
E,2026-07-01,2026-08-29,2026-08-30,2026-09-05,100.0,100.0
E,2026-07-02,2026-08-30,2026-08-31,2026-09-06,100.0,100.0
E,2026-07-03,2026-08-31,2026-09-01,2026-09-07,100.0,100.0
E,2026-07-04,2026-09-01,2026-09-02,2026-09-08,100.0,100.0
E,2026-07-05,2026-09-02,2026-09-03,2026-09-09,100.0,100.0
E,2026-07-06,2026-09-03,2026-09-04,2026-09-10,100.0,100.0
E,2026-07-07,2026-09-04,2026-09-05,2026-09-11,100.0,100.0
E,2026-07-08,2026-09-05,2026-09-06,2026-09-12,100.0,100.0
E,2026-07-09,2026-09-06,2026-09-07,2026-09-13,100.0,100.0
E,2026-07-10,2026-09-07,2026-09-08,2026-09-14,100.0,100.0
E,2026-07-11,2026-09-08,2026-09-09,2026-09-15,100.0,100.0
E,2026-07-12,2026-09-09,2026-09-10,2026-09-16,100.0,100.0
E,2026-07-13,2026-09-10,2026-09-11,2026-09-17,100.0,100.0
FN,2025-05-03,2025-07-01,2025-07-02,2025-07-08,80.0,100.0
FN,2025-05-04,2025-07-02,2025-07-03,2025-07-09,81.66666666666667,100.0
FN,2025-05-05,2025-07-03,2025-07-04,2025-07-10,83.33333333333334,100.0
FN,2025-05-06,2025-07-04,2025-07-05,2025-07-11,85.0,100.0
FN,2025-05-07,2025-07-05,2025-07-06,2025-07-12,86.66666666666667,100.0
FN,2025-05-08,2025-07-06,2025-07-07,2025-07-13,88.33333333333333,100.0
FN,2025-05-09,2025-07-07,2025-07-08,2025-07-14,90.0,100.0
FN,2025-05-10,2025-07-08,2025-07-09,2025-07-15,91.66666666666666,100.0
FN,2025-05-11,2025-07-09,2025-07-10,2025-07-16,93.33333333333333,100.0
FN,2025-05-12,2025-07-10,2025-07-11,2025-07-17,95.0,100.0
FN,2025-05-13,2025-07-11,2025-07-12,2025-07-18,96.66666666666667,100.0
FN,2025-05-14,2025-07-12,2025-07-13,2025-07-19,98.33333333333333,100.0
FN,2025-05-15,2025-07-13,2025-07-14,2025-07-20,100.0,100.0
FN,2025-05-16,2025-07-14,2025-07-15,2025-07-21,100.0,100.0
FN,2025-05-17,2025-07-15,2025-07-16,2025-07-22,100.0,100.0
FN,2025-05-18,2025-07-16,2025-07-17,2025-07-23,100.0,100.0
FN,2025-05-19,2025-07-17,2025-07-18,2025-07-24,100.0,100.0
FN,2025-05-20,2025-07-18,2025-07-19,2025-07-25,100.0,100.0
FN,2025-05-21,2025-07-19,2025-07-20,2025-07-26,100.0,100.0
FN,2025-05-22,2025-07-20,2025-07-21,2025-07-27,100.0,100.0
FN,2025-05-23,2025-07-21,2025-07-22,2025-07-28,100.0,100.0
FN,2025-05-24,2025-07-22,2025-07-23,2025-07-29,100.0,100.0
FN,2025-05-25,2025-07-23,2025-07-24,2025-07-30,100.0,100.0
FN,2025-05-26,2025-07-24,2025-07-25,2025-07-31,100.0,100.0
FN,2025-05-27,2025-07-25,2025-07-26,2025-08-01,100.0,100.0
FN,2025-05-28,2025-07-26,2025-07-27,2025-08-02,100.0,100.0
FN,2025-05-29,2025-07-27,2025-07-28,2025-08-03,100.0,100.0
FN,2025-05-30,2025-07-28,2025-07-29,2025-08-04,100.0,100.0
FN,2025-05-31,2025-07-29,2025-07-30,2025-08-05,100.0,100.0
FN,2025-06-01,2025-07-30,2025-07-31,2025-08-06,100.0,100.0
FN,2025-06-02,2025-07-31,2025-08-01,2025-08-07,100.0,100.0
FN,2025-06-03,2025-08-01,2025-08-02,2025-08-08,100.0,100.0
FN,2025-06-04,2025-08-02,2025-08-03,2025-08-09,100.0,100.0
FN,2025-06-05,2025-08-03,2025-08-04,2025-08-10,100.0,100.0
FN,2025-06-06,2025-08-04,2025-08-05,2025-08-11,100.0,100.0
FN,2025-06-07,2025-08-05,2025-08-06,2025-08-12,100.0,100.0
FN,2025-06-08,2025-08-06,2025-08-07,2025-08-13,100.0,100.0
FN,2025-06-09,2025-08-07,2025-08-08,2025-08-14,100.0,100.0
FN,2025-06-10,2025-08-08,2025-08-09,2025-08-15,100.0,100.0
FN,2025-06-11,2025-08-09,2025-08-10,2025-08-16,100.0,100.0
FN,2025-06-12,2025-08-10,2025-08-11,2025-08-17,100.0,100.0
FN,2025-06-13,2025-08-11,2025-08-12,2025-08-18,100.0,100.0
FN,2025-06-14,2025-08-12,2025-08-13,2025-08-19,100.0,100.0
FN,2025-06-15,2025-08-13,2025-08-14,2025-08-20,100.0,100.0
FN,2025-06-16,2025-08-14,2025-08-15,2025-08-21,100.0,100.0
FN,2025-06-17,2025-08-15,2025-08-16,2025-08-22,100.0,100.0
FN,2025-06-18,2025-08-16,2025-08-17,2025-08-23,100.0,100.0
FN,2025-06-19,2025-08-17,2025-08-18,2025-08-24,100.0,100.0
FN,2025-06-20,2025-08-18,2025-08-19,2025-08-25,100.0,100.0
FN,2025-06-21,2025-08-19,2025-08-20,2025-08-26,100.0,100.0
FN,2025-06-22,2025-08-20,2025-08-21,2025-08-27,100.0,100.0
FN,2025-06-23,2025-08-21,2025-08-22,2025-08-28,100.0,100.0
FN,2025-06-24,2025-08-22,2025-08-23,2025-08-29,100.0,100.0
FN,2025-06-25,2025-08-23,2025-08-24,2025-08-30,100.0,85.71428571428571
FN,2025-09-23,2025-11-21,2025-11-22,2025-11-28,80.0,100.0
FN,2025-09-24,2025-11-22,2025-11-23,2025-11-29,81.66666666666667,100.0
FN,2025-09-25,2025-11-23,2025-11-24,2025-11-30,83.33333333333334,100.0
FN,2025-09-26,2025-11-24,2025-11-25,2025-12-01,83.33333333333334,100.0
FN,2025-09-27,2025-11-25,2025-11-26,2025-12-02,85.0,100.0
FN,2025-09-28,2025-11-26,2025-11-27,2025-12-03,86.66666666666667,100.0
FN,2025-09-29,2025-11-27,2025-11-28,2025-12-04,88.33333333333333,100.0
FN,2025-09-30,2025-11-28,2025-11-29,2025-12-05,90.0,100.0
FN,2025-10-01,2025-11-29,2025-11-30,2025-12-06,91.66666666666666,100.0
FN,2025-10-02,2025-11-30,2025-12-01,2025-12-07,93.33333333333333,100.0
FN,2025-10-03,2025-12-01,2025-12-02,2025-12-08,95.0,100.0
FN,2025-10-04,2025-12-02,2025-12-03,2025-12-09,96.66666666666667,100.0
FN,2025-10-05,2025-12-03,2025-12-04,2025-12-10,96.66666666666667,100.0
FN,2025-10-06,2025-12-04,2025-12-05,2025-12-11,96.66666666666667,100.0
FN,2025-10-07,2025-12-05,2025-12-06,2025-12-12,96.66666666666667,100.0
FN,2025-10-08,2025-12-06,2025-12-07,2025-12-13,96.66666666666667,100.0
FN,2025-10-09,2025-12-07,2025-12-08,2025-12-14,98.33333333333333,100.0
FN,2025-10-10,2025-12-08,2025-12-09,2025-12-15,100.0,100.0
FN,2025-10-11,2025-12-09,2025-12-10,2025-12-16,100.0,100.0
FN,2025-10-12,2025-12-10,2025-12-11,2025-12-17,100.0,100.0
FN,2025-10-13,2025-12-11,2025-12-12,2025-12-18,100.0,100.0
FN,2025-10-14,2025-12-12,2025-12-13,2025-12-19,100.0,100.0
FN,2025-10-15,2025-12-13,2025-12-14,2025-12-20,100.0,100.0
FN,2025-10-16,2025-12-14,2025-12-15,2025-12-21,100.0,100.0
FN,2025-10-17,2025-12-15,2025-12-16,2025-12-22,100.0,100.0
FN,2025-10-18,2025-12-16,2025-12-17,2025-12-23,100.0,100.0
FN,2025-10-19,2025-12-17,2025-12-18,2025-12-24,100.0,100.0
FN,2025-10-20,2025-12-18,2025-12-19,2025-12-25,100.0,100.0
FN,2025-10-21,2025-12-19,2025-12-20,2025-12-26,100.0,100.0
FN,2025-10-22,2025-12-20,2025-12-21,2025-12-27,100.0,100.0
FN,2025-10-23,2025-12-21,2025-12-22,2025-12-28,100.0,100.0
FN,2025-10-24,2025-12-22,2025-12-23,2025-12-29,100.0,100.0
FN,2025-10-25,2025-12-23,2025-12-24,2025-12-30,100.0,100.0
FN,2025-10-26,2025-12-24,2025-12-25,2025-12-31,100.0,100.0
FN,2025-10-27,2025-12-25,2025-12-26,2026-01-01,100.0,100.0
FN,2025-10-28,2025-12-26,2025-12-27,2026-01-02,100.0,100.0
FN,2025-10-29,2025-12-27,2025-12-28,2026-01-03,100.0,100.0
FN,2025-10-30,2025-12-28,2025-12-29,2026-01-04,100.0,100.0
FN,2025-10-31,2025-12-29,2025-12-30,2026-01-05,100.0,100.0
FN,2025-11-01,2025-12-30,2025-12-31,2026-01-06,100.0,100.0
FN,2025-11-02,2025-12-31,2026-01-01,2026-01-07,100.0,100.0
FN,2025-11-03,2026-01-01,2026-01-02,2026-01-08,100.0,100.0
FN,2025-11-04,2026-01-02,2026-01-03,2026-01-09,100.0,100.0
FN,2025-11-05,2026-01-03,2026-01-04,2026-01-10,100.0,100.0
FN,2025-11-06,2026-01-04,2026-01-05,2026-01-11,100.0,85.71428571428571
FN,2025-11-20,2026-01-18,2026-01-19,2026-01-25,86.66666666666667,85.71428571428571
FN,2025-11-21,2026-01-19,2026-01-20,2026-01-26,85.0,100.0
FN,2025-11-22,2026-01-20,2026-01-21,2026-01-27,85.0,100.0
FN,2025-11-23,2026-01-21,2026-01-22,2026-01-28,85.0,100.0
FN,2025-11-24,2026-01-22,2026-01-23,2026-01-29,85.0,100.0
FN,2025-11-25,2026-01-23,2026-01-24,2026-01-30,85.0,100.0
FN,2025-11-26,2026-01-24,2026-01-25,2026-01-31,85.0,100.0
FN,2025-11-27,2026-01-25,2026-01-26,2026-02-01,85.0,100.0
FN,2025-11-28,2026-01-26,2026-01-27,2026-02-02,85.0,100.0
FN,2025-11-29,2026-01-27,2026-01-28,2026-02-03,85.0,100.0
FN,2025-11-30,2026-01-28,2026-01-29,2026-02-04,85.0,100.0
FN,2025-12-01,2026-01-29,2026-01-30,2026-02-05,85.0,100.0
FN,2025-12-02,2026-01-30,2026-01-31,2026-02-06,85.0,100.0
FN,2025-12-03,2026-01-31,2026-02-01,2026-02-07,85.0,100.0
FN,2025-12-04,2026-02-01,2026-02-02,2026-02-08,85.0,100.0
FN,2025-12-05,2026-02-02,2026-02-03,2026-02-09,85.0,100.0
FN,2025-12-06,2026-02-03,2026-02-04,2026-02-10,85.0,100.0
FN,2025-12-07,2026-02-04,2026-02-05,2026-02-11,85.0,100.0
FN,2025-12-08,2026-02-05,2026-02-06,2026-02-12,85.0,100.0
FN,2025-12-09,2026-02-06,2026-02-07,2026-02-13,85.0,100.0
FN,2025-12-10,2026-02-07,2026-02-08,2026-02-14,85.0,100.0
FN,2025-12-11,2026-02-08,2026-02-09,2026-02-15,85.0,100.0
FN,2025-12-12,2026-02-09,2026-02-10,2026-02-16,85.0,100.0
FN,2025-12-13,2026-02-10,2026-02-11,2026-02-17,85.0,100.0
FN,2025-12-14,2026-02-11,2026-02-12,2026-02-18,85.0,100.0
FN,2025-12-15,2026-02-12,2026-02-13,2026-02-19,85.0,100.0
FN,2025-12-16,2026-02-13,2026-02-14,2026-02-20,85.0,100.0
FN,2025-12-17,2026-02-14,2026-02-15,2026-02-21,85.0,100.0
FN,2025-12-18,2026-02-15,2026-02-16,2026-02-22,85.0,100.0
FN,2025-12-19,2026-02-16,2026-02-17,2026-02-23,85.0,100.0
FN,2025-12-20,2026-02-17,2026-02-18,2026-02-24,85.0,100.0
FN,2025-12-21,2026-02-18,2026-02-19,2026-02-25,85.0,100.0
FN,2025-12-22,2026-02-19,2026-02-20,2026-02-26,85.0,85.71428571428571
FN,2025-12-23,2026-02-20,2026-02-21,2026-02-27,85.0,85.71428571428571
FN,2025-12-24,2026-02-21,2026-02-22,2026-02-28,85.0,85.71428571428571
FN,2025-12-25,2026-02-22,2026-02-23,2026-03-01,85.0,85.71428571428571
FN,2025-12-26,2026-02-23,2026-02-24,2026-03-02,85.0,85.71428571428571
FN,2025-12-27,2026-02-24,2026-02-25,2026-03-03,85.0,85.71428571428571
FN,2025-12-28,2026-02-25,2026-02-26,2026-03-04,85.0,85.71428571428571
FN,2025-12-29,2026-02-26,2026-02-27,2026-03-05,83.33333333333334,100.0
FN,2025-12-30,2026-02-27,2026-02-28,2026-03-06,83.33333333333334,100.0
FN,2025-12-31,2026-02-28,2026-03-01,2026-03-07,83.33333333333334,100.0
FN,2026-01-01,2026-03-01,2026-03-02,2026-03-08,83.33333333333334,100.0
FN,2026-01-02,2026-03-02,2026-03-03,2026-03-09,83.33333333333334,100.0
FN,2026-01-03,2026-03-03,2026-03-04,2026-03-10,83.33333333333334,100.0
FN,2026-01-04,2026-03-04,2026-03-05,2026-03-11,83.33333333333334,85.71428571428571
FN,2026-01-12,2026-03-12,2026-03-13,2026-03-19,81.66666666666667,85.71428571428571
FN,2026-01-13,2026-03-13,2026-03-14,2026-03-20,81.66666666666667,100.0
FN,2026-01-14,2026-03-14,2026-03-15,2026-03-21,83.33333333333334,100.0
FN,2026-01-15,2026-03-15,2026-03-16,2026-03-22,85.0,100.0
FN,2026-01-16,2026-03-16,2026-03-17,2026-03-23,86.66666666666667,100.0
FN,2026-01-17,2026-03-17,2026-03-18,2026-03-24,88.33333333333333,100.0
FN,2026-01-18,2026-03-18,2026-03-19,2026-03-25,90.0,100.0
FN,2026-01-19,2026-03-19,2026-03-20,2026-03-26,91.66666666666666,100.0
FN,2026-01-20,2026-03-20,2026-03-21,2026-03-27,93.33333333333333,100.0
FN,2026-01-21,2026-03-21,2026-03-22,2026-03-28,93.33333333333333,100.0
FN,2026-01-22,2026-03-22,2026-03-23,2026-03-29,93.33333333333333,100.0
FN,2026-01-23,2026-03-23,2026-03-24,2026-03-30,93.33333333333333,100.0
FN,2026-01-24,2026-03-24,2026-03-25,2026-03-31,93.33333333333333,100.0
FN,2026-01-25,2026-03-25,2026-03-26,2026-04-01,93.33333333333333,100.0
FN,2026-01-26,2026-03-26,2026-03-27,2026-04-02,93.33333333333333,100.0
FN,2026-01-27,2026-03-27,2026-03-28,2026-04-03,93.33333333333333,100.0
FN,2026-01-28,2026-03-28,2026-03-29,2026-04-04,93.33333333333333,100.0
FN,2026-01-29,2026-03-29,2026-03-30,2026-04-05,93.33333333333333,100.0
FN,2026-01-30,2026-03-30,2026-03-31,2026-04-06,93.33333333333333,100.0
FN,2026-01-31,2026-03-31,2026-04-01,2026-04-07,93.33333333333333,100.0
FN,2026-02-01,2026-04-01,2026-04-02,2026-04-08,93.33333333333333,100.0
FN,2026-02-02,2026-04-02,2026-04-03,2026-04-09,93.33333333333333,100.0
FN,2026-02-03,2026-04-03,2026-04-04,2026-04-10,93.33333333333333,100.0
FN,2026-02-04,2026-04-04,2026-04-05,2026-04-11,93.33333333333333,100.0
FN,2026-02-05,2026-04-05,2026-04-06,2026-04-12,93.33333333333333,100.0
FN,2026-02-06,2026-04-06,2026-04-07,2026-04-13,93.33333333333333,100.0
FN,2026-02-07,2026-04-07,2026-04-08,2026-04-14,93.33333333333333,100.0
FN,2026-02-08,2026-04-08,2026-04-09,2026-04-15,93.33333333333333,100.0
FN,2026-02-09,2026-04-09,2026-04-10,2026-04-16,93.33333333333333,100.0
FN,2026-02-10,2026-04-10,2026-04-11,2026-04-17,93.33333333333333,100.0
FN,2026-02-11,2026-04-11,2026-04-12,2026-04-18,93.33333333333333,100.0
FN,2026-02-12,2026-04-12,2026-04-13,2026-04-19,93.33333333333333,100.0
FN,2026-02-13,2026-04-13,2026-04-14,2026-04-20,93.33333333333333,100.0
FN,2026-02-14,2026-04-14,2026-04-15,2026-04-21,93.33333333333333,100.0
FN,2026-02-15,2026-04-15,2026-04-16,2026-04-22,93.33333333333333,100.0
FN,2026-02-16,2026-04-16,2026-04-17,2026-04-23,93.33333333333333,100.0
FN,2026-02-17,2026-04-17,2026-04-18,2026-04-24,93.33333333333333,100.0
FN,2026-02-18,2026-04-18,2026-04-19,2026-04-25,93.33333333333333,100.0
FN,2026-02-19,2026-04-19,2026-04-20,2026-04-26,93.33333333333333,100.0
FN,2026-02-20,2026-04-20,2026-04-21,2026-04-27,93.33333333333333,100.0
FN,2026-02-21,2026-04-21,2026-04-22,2026-04-28,93.33333333333333,100.0
FN,2026-02-22,2026-04-22,2026-04-23,2026-04-29,93.33333333333333,100.0
FN,2026-02-23,2026-04-23,2026-04-24,2026-04-30,93.33333333333333,100.0
FN,2026-02-24,2026-04-24,2026-04-25,2026-05-01,93.33333333333333,100.0
FN,2026-02-25,2026-04-25,2026-04-26,2026-05-02,93.33333333333333,100.0
FN,2026-02-26,2026-04-26,2026-04-27,2026-05-03,93.33333333333333,100.0
FN,2026-02-27,2026-04-27,2026-04-28,2026-05-04,95.0,100.0
FN,2026-02-28,2026-04-28,2026-04-29,2026-05-05,95.0,100.0
FN,2026-03-01,2026-04-29,2026-04-30,2026-05-06,95.0,100.0
FN,2026-03-02,2026-04-30,2026-05-01,2026-05-07,95.0,100.0
FN,2026-03-03,2026-05-01,2026-05-02,2026-05-08,95.0,100.0
FN,2026-03-04,2026-05-02,2026-05-03,2026-05-09,95.0,100.0
FN,2026-03-05,2026-05-03,2026-05-04,2026-05-10,95.0,100.0
FN,2026-03-06,2026-05-04,2026-05-05,2026-05-11,95.0,100.0
FN,2026-03-07,2026-05-05,2026-05-06,2026-05-12,95.0,100.0
FN,2026-03-08,2026-05-06,2026-05-07,2026-05-13,95.0,100.0
FN,2026-03-09,2026-05-07,2026-05-08,2026-05-14,95.0,100.0
FN,2026-03-10,2026-05-08,2026-05-09,2026-05-15,95.0,100.0
FN,2026-03-11,2026-05-09,2026-05-10,2026-05-16,95.0,100.0
FN,2026-03-12,2026-05-10,2026-05-11,2026-05-17,96.66666666666667,100.0
FN,2026-03-13,2026-05-11,2026-05-12,2026-05-18,98.33333333333333,100.0
FN,2026-03-14,2026-05-12,2026-05-13,2026-05-19,100.0,100.0
FN,2026-03-15,2026-05-13,2026-05-14,2026-05-20,100.0,100.0
FN,2026-03-16,2026-05-14,2026-05-15,2026-05-21,100.0,100.0
FN,2026-03-17,2026-05-15,2026-05-16,2026-05-22,100.0,100.0
FN,2026-03-18,2026-05-16,2026-05-17,2026-05-23,100.0,100.0
FN,2026-03-19,2026-05-17,2026-05-18,2026-05-24,100.0,100.0
FN,2026-03-20,2026-05-18,2026-05-19,2026-05-25,100.0,100.0
FN,2026-03-21,2026-05-19,2026-05-20,2026-05-26,100.0,100.0
FN,2026-03-22,2026-05-20,2026-05-21,2026-05-27,100.0,100.0
FN,2026-03-23,2026-05-21,2026-05-22,2026-05-28,100.0,85.71428571428571
FN,2026-03-24,2026-05-22,2026-05-23,2026-05-29,100.0,85.71428571428571
FN,2026-03-25,2026-05-23,2026-05-24,2026-05-30,100.0,85.71428571428571
FN,2026-03-26,2026-05-24,2026-05-25,2026-05-31,100.0,85.71428571428571
FN,2026-03-27,2026-05-25,2026-05-26,2026-06-01,100.0,85.71428571428571
FN,2026-03-28,2026-05-26,2026-05-27,2026-06-02,100.0,85.71428571428571
FN,2026-03-29,2026-05-27,2026-05-28,2026-06-03,100.0,85.71428571428571
FN,2026-03-30,2026-05-28,2026-05-29,2026-06-04,98.33333333333333,100.0
FN,2026-03-31,2026-05-29,2026-05-30,2026-06-05,98.33333333333333,100.0
FN,2026-04-01,2026-05-30,2026-05-31,2026-06-06,98.33333333333333,100.0
FN,2026-04-02,2026-05-31,2026-06-01,2026-06-07,98.33333333333333,100.0
FN,2026-04-03,2026-06-01,2026-06-02,2026-06-08,98.33333333333333,100.0
FN,2026-04-04,2026-06-02,2026-06-03,2026-06-09,98.33333333333333,100.0
FN,2026-04-05,2026-06-03,2026-06-04,2026-06-10,98.33333333333333,100.0
FN,2026-04-06,2026-06-04,2026-06-05,2026-06-11,98.33333333333333,100.0
FN,2026-04-07,2026-06-05,2026-06-06,2026-06-12,98.33333333333333,85.71428571428571
FN,2026-06-25,2026-08-23,2026-08-24,2026-08-30,80.0,100.0
FN,2026-06-26,2026-08-24,2026-08-25,2026-08-31,81.66666666666667,100.0
FN,2026-06-27,2026-08-25,2026-08-26,2026-09-01,83.33333333333334,100.0
FN,2026-06-28,2026-08-26,2026-08-27,2026-09-02,85.0,100.0
FN,2026-06-29,2026-08-27,2026-08-28,2026-09-03,86.66666666666667,100.0
FN,2026-06-30,2026-08-28,2026-08-29,2026-09-04,86.66666666666667,100.0
FN,2026-07-01,2026-08-29,2026-08-30,2026-09-05,88.33333333333333,100.0
FN,2026-07-02,2026-08-30,2026-08-31,2026-09-06,88.33333333333333,100.0
FN,2026-07-03,2026-08-31,2026-09-01,2026-09-07,88.33333333333333,100.0
FN,2026-07-04,2026-09-01,2026-09-02,2026-09-08,88.33333333333333,100.0
FN,2026-07-05,2026-09-02,2026-09-03,2026-09-09,88.33333333333333,100.0
FN,2026-07-06,2026-09-03,2026-09-04,2026-09-10,88.33333333333333,100.0
FN,2026-07-07,2026-09-04,2026-09-05,2026-09-11,88.33333333333333,100.0
FN,2026-07-08,2026-09-05,2026-09-06,2026-09-12,88.33333333333333,100.0
FN,2026-07-09,2026-09-06,2026-09-07,2026-09-13,88.33333333333333,100.0
FN,2026-07-10,2026-09-07,2026-09-08,2026-09-14,88.33333333333333,100.0
FN,2026-07-11,2026-09-08,2026-09-09,2026-09-15,90.0,100.0
FN,2026-07-12,2026-09-09,2026-09-10,2026-09-16,91.66666666666666,100.0
FN,2026-07-13,2026-09-10,2026-09-11,2026-09-17,93.33333333333333,100.0
FS,2025-02-19,2025-04-19,2025-04-20,2025-04-26,91.66666666666666,100.0
FS,2025-02-20,2025-04-20,2025-04-21,2025-04-27,91.66666666666666,85.71428571428571
FS,2025-02-28,2025-04-28,2025-04-29,2025-05-05,88.33333333333333,85.71428571428571
FS,2025-03-01,2025-04-29,2025-04-30,2025-05-06,86.66666666666667,100.0
FS,2025-03-02,2025-04-30,2025-05-01,2025-05-07,86.66666666666667,100.0
FS,2025-03-03,2025-05-01,2025-05-02,2025-05-08,86.66666666666667,100.0
FS,2025-03-04,2025-05-02,2025-05-03,2025-05-09,86.66666666666667,100.0
FS,2025-03-05,2025-05-03,2025-05-04,2025-05-10,86.66666666666667,100.0
FS,2025-03-06,2025-05-04,2025-05-05,2025-05-11,86.66666666666667,100.0
FS,2025-03-07,2025-05-05,2025-05-06,2025-05-12,86.66666666666667,100.0
FS,2025-03-08,2025-05-06,2025-05-07,2025-05-13,86.66666666666667,100.0
FS,2025-03-09,2025-05-07,2025-05-08,2025-05-14,86.66666666666667,100.0
FS,2025-03-10,2025-05-08,2025-05-09,2025-05-15,86.66666666666667,100.0
FS,2025-03-11,2025-05-09,2025-05-10,2025-05-16,86.66666666666667,100.0
FS,2025-03-12,2025-05-10,2025-05-11,2025-05-17,86.66666666666667,100.0
FS,2025-03-13,2025-05-11,2025-05-12,2025-05-18,86.66666666666667,100.0
FS,2025-03-14,2025-05-12,2025-05-13,2025-05-19,86.66666666666667,100.0
FS,2025-03-15,2025-05-13,2025-05-14,2025-05-20,86.66666666666667,85.71428571428571
FS,2025-03-27,2025-05-25,2025-05-26,2025-06-01,80.0,85.71428571428571
FS,2025-06-08,2025-08-06,2025-08-07,2025-08-13,80.0,85.71428571428571
FS,2025-06-09,2025-08-07,2025-08-08,2025-08-14,80.0,100.0
FS,2025-06-10,2025-08-08,2025-08-09,2025-08-15,81.66666666666667,100.0
FS,2025-06-11,2025-08-09,2025-08-10,2025-08-16,83.33333333333334,100.0
FS,2025-06-12,2025-08-10,2025-08-11,2025-08-17,85.0,100.0
FS,2025-06-13,2025-08-11,2025-08-12,2025-08-18,85.0,100.0
FS,2025-06-14,2025-08-12,2025-08-13,2025-08-19,85.0,100.0
FS,2025-06-15,2025-08-13,2025-08-14,2025-08-20,85.0,100.0
FS,2025-06-16,2025-08-14,2025-08-15,2025-08-21,85.0,100.0
FS,2025-06-17,2025-08-15,2025-08-16,2025-08-22,85.0,100.0
FS,2025-06-18,2025-08-16,2025-08-17,2025-08-23,85.0,100.0
FS,2025-06-19,2025-08-17,2025-08-18,2025-08-24,85.0,100.0
FS,2025-06-20,2025-08-18,2025-08-19,2025-08-25,85.0,100.0
FS,2025-06-21,2025-08-19,2025-08-20,2025-08-26,86.66666666666667,100.0
FS,2025-06-22,2025-08-20,2025-08-21,2025-08-27,88.33333333333333,100.0
FS,2025-06-23,2025-08-21,2025-08-22,2025-08-28,90.0,85.71428571428571
FS,2025-06-24,2025-08-22,2025-08-23,2025-08-29,90.0,85.71428571428571
FS,2025-06-25,2025-08-23,2025-08-24,2025-08-30,90.0,85.71428571428571
FS,2025-06-26,2025-08-24,2025-08-25,2025-08-31,90.0,85.71428571428571
FS,2025-06-27,2025-08-25,2025-08-26,2025-09-01,90.0,85.71428571428571
FS,2025-06-28,2025-08-26,2025-08-27,2025-09-02,91.66666666666666,85.71428571428571
FS,2025-06-29,2025-08-27,2025-08-28,2025-09-03,93.33333333333333,85.71428571428571
FS,2025-06-30,2025-08-28,2025-08-29,2025-09-04,93.33333333333333,100.0
FS,2025-07-01,2025-08-29,2025-08-30,2025-09-05,93.33333333333333,100.0
FS,2025-07-02,2025-08-30,2025-08-31,2025-09-06,93.33333333333333,100.0
FS,2025-07-03,2025-08-31,2025-09-01,2025-09-07,93.33333333333333,100.0
FS,2025-07-04,2025-09-01,2025-09-02,2025-09-08,93.33333333333333,100.0
FS,2025-07-05,2025-09-02,2025-09-03,2025-09-09,93.33333333333333,100.0
FS,2025-07-06,2025-09-03,2025-09-04,2025-09-10,93.33333333333333,100.0
FS,2025-07-07,2025-09-04,2025-09-05,2025-09-11,93.33333333333333,100.0
FS,2025-07-08,2025-09-05,2025-09-06,2025-09-12,93.33333333333333,100.0
FS,2025-07-09,2025-09-06,2025-09-07,2025-09-13,93.33333333333333,100.0
FS,2025-07-10,2025-09-07,2025-09-08,2025-09-14,93.33333333333333,100.0
FS,2025-07-11,2025-09-08,2025-09-09,2025-09-15,93.33333333333333,100.0
FS,2025-07-12,2025-09-09,2025-09-10,2025-09-16,93.33333333333333,100.0
FS,2025-07-13,2025-09-10,2025-09-11,2025-09-17,93.33333333333333,100.0
FS,2025-07-14,2025-09-11,2025-09-12,2025-09-18,93.33333333333333,100.0
FS,2025-07-15,2025-09-12,2025-09-13,2025-09-19,93.33333333333333,100.0
FS,2025-07-16,2025-09-13,2025-09-14,2025-09-20,95.0,100.0
FS,2025-07-17,2025-09-14,2025-09-15,2025-09-21,95.0,85.71428571428571
FS,2025-07-30,2025-09-27,2025-09-28,2025-10-04,83.33333333333334,85.71428571428571
FS,2025-07-31,2025-09-28,2025-09-29,2025-10-05,81.66666666666667,100.0
FS,2025-08-01,2025-09-29,2025-09-30,2025-10-06,81.66666666666667,100.0
FS,2025-08-02,2025-09-30,2025-10-01,2025-10-07,81.66666666666667,100.0
FS,2025-08-03,2025-10-01,2025-10-02,2025-10-08,81.66666666666667,100.0
FS,2025-08-04,2025-10-02,2025-10-03,2025-10-09,81.66666666666667,100.0
FS,2025-08-05,2025-10-03,2025-10-04,2025-10-10,81.66666666666667,100.0
FS,2025-08-06,2025-10-04,2025-10-05,2025-10-11,81.66666666666667,100.0
FS,2025-08-07,2025-10-05,2025-10-06,2025-10-12,83.33333333333334,100.0
FS,2025-08-08,2025-10-06,2025-10-07,2025-10-13,85.0,100.0
FS,2025-08-09,2025-10-07,2025-10-08,2025-10-14,85.0,100.0
FS,2025-08-10,2025-10-08,2025-10-09,2025-10-15,85.0,100.0
FS,2025-08-11,2025-10-09,2025-10-10,2025-10-16,85.0,100.0
FS,2025-08-12,2025-10-10,2025-10-11,2025-10-17,85.0,100.0
FS,2025-08-13,2025-10-11,2025-10-12,2025-10-18,85.0,100.0
FS,2025-08-14,2025-10-12,2025-10-13,2025-10-19,85.0,100.0
FS,2025-08-15,2025-10-13,2025-10-14,2025-10-20,85.0,100.0
FS,2025-08-16,2025-10-14,2025-10-15,2025-10-21,85.0,100.0
FS,2025-08-17,2025-10-15,2025-10-16,2025-10-22,85.0,100.0
FS,2025-08-18,2025-10-16,2025-10-17,2025-10-23,85.0,100.0
FS,2025-08-19,2025-10-17,2025-10-18,2025-10-24,85.0,100.0
FS,2025-08-20,2025-10-18,2025-10-19,2025-10-25,85.0,100.0
FS,2025-08-21,2025-10-19,2025-10-20,2025-10-26,85.0,100.0
FS,2025-08-22,2025-10-20,2025-10-21,2025-10-27,85.0,100.0
FS,2025-08-23,2025-10-21,2025-10-22,2025-10-28,85.0,100.0
FS,2025-08-24,2025-10-22,2025-10-23,2025-10-29,85.0,100.0
FS,2025-08-25,2025-10-23,2025-10-24,2025-10-30,85.0,100.0
FS,2025-08-26,2025-10-24,2025-10-25,2025-10-31,85.0,100.0
FS,2025-08-27,2025-10-25,2025-10-26,2025-11-01,85.0,100.0
FS,2025-08-28,2025-10-26,2025-10-27,2025-11-02,85.0,100.0
FS,2025-08-29,2025-10-27,2025-10-28,2025-11-03,86.66666666666667,100.0
FS,2025-08-30,2025-10-28,2025-10-29,2025-11-04,86.66666666666667,100.0
FS,2025-08-31,2025-10-29,2025-10-30,2025-11-05,86.66666666666667,100.0
FS,2025-09-01,2025-10-30,2025-10-31,2025-11-06,86.66666666666667,100.0
FS,2025-09-02,2025-10-31,2025-11-01,2025-11-07,86.66666666666667,100.0
FS,2025-09-03,2025-11-01,2025-11-02,2025-11-08,86.66666666666667,100.0
FS,2025-09-04,2025-11-02,2025-11-03,2025-11-09,86.66666666666667,100.0
FS,2025-09-05,2025-11-03,2025-11-04,2025-11-10,86.66666666666667,100.0
FS,2025-09-06,2025-11-04,2025-11-05,2025-11-11,86.66666666666667,100.0
FS,2025-09-07,2025-11-05,2025-11-06,2025-11-12,86.66666666666667,100.0
FS,2025-09-08,2025-11-06,2025-11-07,2025-11-13,86.66666666666667,100.0
FS,2025-09-09,2025-11-07,2025-11-08,2025-11-14,86.66666666666667,100.0
FS,2025-09-10,2025-11-08,2025-11-09,2025-11-15,86.66666666666667,100.0
FS,2025-09-11,2025-11-09,2025-11-10,2025-11-16,86.66666666666667,100.0
FS,2025-09-12,2025-11-10,2025-11-11,2025-11-17,86.66666666666667,100.0
FS,2025-09-13,2025-11-11,2025-11-12,2025-11-18,86.66666666666667,100.0
FS,2025-09-14,2025-11-12,2025-11-13,2025-11-19,86.66666666666667,100.0
FS,2025-09-15,2025-11-13,2025-11-14,2025-11-20,86.66666666666667,100.0
FS,2025-09-16,2025-11-14,2025-11-15,2025-11-21,86.66666666666667,100.0
FS,2025-09-17,2025-11-15,2025-11-16,2025-11-22,86.66666666666667,100.0
FS,2025-09-18,2025-11-16,2025-11-17,2025-11-23,86.66666666666667,100.0
FS,2025-09-19,2025-11-17,2025-11-18,2025-11-24,86.66666666666667,100.0
FS,2025-09-20,2025-11-18,2025-11-19,2025-11-25,86.66666666666667,100.0
FS,2025-09-21,2025-11-19,2025-11-20,2025-11-26,86.66666666666667,100.0
FS,2025-09-22,2025-11-20,2025-11-21,2025-11-27,88.33333333333333,100.0
FS,2025-09-23,2025-11-21,2025-11-22,2025-11-28,90.0,100.0
FS,2025-09-24,2025-11-22,2025-11-23,2025-11-29,91.66666666666666,100.0
FS,2025-09-25,2025-11-23,2025-11-24,2025-11-30,93.33333333333333,100.0
FS,2025-09-26,2025-11-24,2025-11-25,2025-12-01,95.0,100.0
FS,2025-09-27,2025-11-25,2025-11-26,2025-12-02,96.66666666666667,100.0
FS,2025-09-28,2025-11-26,2025-11-27,2025-12-03,98.33333333333333,100.0
FS,2025-09-29,2025-11-27,2025-11-28,2025-12-04,100.0,100.0
FS,2025-09-30,2025-11-28,2025-11-29,2025-12-05,100.0,100.0
FS,2025-10-01,2025-11-29,2025-11-30,2025-12-06,100.0,100.0
FS,2025-10-02,2025-11-30,2025-12-01,2025-12-07,100.0,100.0
FS,2025-10-03,2025-12-01,2025-12-02,2025-12-08,100.0,100.0
FS,2025-10-04,2025-12-02,2025-12-03,2025-12-09,100.0,100.0
FS,2025-10-05,2025-12-03,2025-12-04,2025-12-10,100.0,100.0
FS,2025-10-06,2025-12-04,2025-12-05,2025-12-11,100.0,100.0
FS,2025-10-07,2025-12-05,2025-12-06,2025-12-12,100.0,100.0
FS,2025-10-08,2025-12-06,2025-12-07,2025-12-13,100.0,100.0
FS,2025-10-09,2025-12-07,2025-12-08,2025-12-14,100.0,100.0
FS,2025-10-10,2025-12-08,2025-12-09,2025-12-15,100.0,100.0
FS,2025-10-11,2025-12-09,2025-12-10,2025-12-16,100.0,85.71428571428571
FS,2025-10-12,2025-12-10,2025-12-11,2025-12-17,100.0,85.71428571428571
FS,2025-10-13,2025-12-11,2025-12-12,2025-12-18,100.0,85.71428571428571
FS,2025-10-14,2025-12-12,2025-12-13,2025-12-19,100.0,85.71428571428571
FS,2025-10-15,2025-12-13,2025-12-14,2025-12-20,100.0,85.71428571428571
FS,2025-10-16,2025-12-14,2025-12-15,2025-12-21,100.0,85.71428571428571
FS,2025-10-17,2025-12-15,2025-12-16,2025-12-22,100.0,85.71428571428571
FS,2025-10-18,2025-12-16,2025-12-17,2025-12-23,98.33333333333333,100.0
FS,2025-10-19,2025-12-17,2025-12-18,2025-12-24,98.33333333333333,100.0
FS,2025-10-20,2025-12-18,2025-12-19,2025-12-25,98.33333333333333,100.0
FS,2025-10-21,2025-12-19,2025-12-20,2025-12-26,98.33333333333333,85.71428571428571
FS,2025-10-22,2025-12-20,2025-12-21,2025-12-27,98.33333333333333,85.71428571428571
FS,2025-10-23,2025-12-21,2025-12-22,2025-12-28,98.33333333333333,85.71428571428571
FS,2025-10-24,2025-12-22,2025-12-23,2025-12-29,98.33333333333333,85.71428571428571
FS,2025-10-25,2025-12-23,2025-12-24,2025-12-30,98.33333333333333,85.71428571428571
FS,2025-10-26,2025-12-24,2025-12-25,2025-12-31,98.33333333333333,85.71428571428571
FS,2025-10-27,2025-12-25,2025-12-26,2026-01-01,98.33333333333333,85.71428571428571
FS,2025-10-28,2025-12-26,2025-12-27,2026-01-02,96.66666666666667,100.0
FS,2025-10-29,2025-12-27,2025-12-28,2026-01-03,96.66666666666667,100.0
FS,2025-10-30,2025-12-28,2025-12-29,2026-01-04,96.66666666666667,100.0
FS,2025-10-31,2025-12-29,2025-12-30,2026-01-05,96.66666666666667,100.0
FS,2025-11-01,2025-12-30,2025-12-31,2026-01-06,96.66666666666667,100.0
FS,2025-11-02,2025-12-31,2026-01-01,2026-01-07,96.66666666666667,100.0
FS,2025-11-03,2026-01-01,2026-01-02,2026-01-08,96.66666666666667,100.0
FS,2025-11-04,2026-01-02,2026-01-03,2026-01-09,96.66666666666667,100.0
FS,2025-11-05,2026-01-03,2026-01-04,2026-01-10,96.66666666666667,100.0
FS,2025-11-06,2026-01-04,2026-01-05,2026-01-11,96.66666666666667,85.71428571428571
FS,2025-11-27,2026-01-25,2026-01-26,2026-02-01,80.0,85.71428571428571
FS,2026-01-13,2026-03-13,2026-03-14,2026-03-20,80.0,100.0
FS,2026-01-14,2026-03-14,2026-03-15,2026-03-21,81.66666666666667,100.0
FS,2026-01-15,2026-03-15,2026-03-16,2026-03-22,83.33333333333334,100.0
FS,2026-01-16,2026-03-16,2026-03-17,2026-03-23,85.0,100.0
FS,2026-01-17,2026-03-17,2026-03-18,2026-03-24,86.66666666666667,100.0
FS,2026-01-18,2026-03-18,2026-03-19,2026-03-25,88.33333333333333,100.0
FS,2026-01-19,2026-03-19,2026-03-20,2026-03-26,90.0,100.0
FS,2026-01-20,2026-03-20,2026-03-21,2026-03-27,91.66666666666666,100.0
FS,2026-01-21,2026-03-21,2026-03-22,2026-03-28,91.66666666666666,100.0
FS,2026-01-22,2026-03-22,2026-03-23,2026-03-29,91.66666666666666,100.0
FS,2026-01-23,2026-03-23,2026-03-24,2026-03-30,91.66666666666666,100.0
FS,2026-01-24,2026-03-24,2026-03-25,2026-03-31,91.66666666666666,100.0
FS,2026-01-25,2026-03-25,2026-03-26,2026-04-01,91.66666666666666,100.0
FS,2026-01-26,2026-03-26,2026-03-27,2026-04-02,93.33333333333333,100.0
FS,2026-01-27,2026-03-27,2026-03-28,2026-04-03,95.0,100.0
FS,2026-01-28,2026-03-28,2026-03-29,2026-04-04,95.0,100.0
FS,2026-01-29,2026-03-29,2026-03-30,2026-04-05,95.0,100.0
FS,2026-01-30,2026-03-30,2026-03-31,2026-04-06,95.0,100.0
FS,2026-01-31,2026-03-31,2026-04-01,2026-04-07,95.0,100.0
FS,2026-02-01,2026-04-01,2026-04-02,2026-04-08,95.0,100.0
FS,2026-02-02,2026-04-02,2026-04-03,2026-04-09,95.0,100.0
FS,2026-02-03,2026-04-03,2026-04-04,2026-04-10,95.0,100.0
FS,2026-02-04,2026-04-04,2026-04-05,2026-04-11,95.0,100.0
FS,2026-02-05,2026-04-05,2026-04-06,2026-04-12,95.0,100.0
FS,2026-02-06,2026-04-06,2026-04-07,2026-04-13,95.0,100.0
FS,2026-02-07,2026-04-07,2026-04-08,2026-04-14,95.0,100.0
FS,2026-02-08,2026-04-08,2026-04-09,2026-04-15,95.0,100.0
FS,2026-02-09,2026-04-09,2026-04-10,2026-04-16,95.0,100.0
FS,2026-02-10,2026-04-10,2026-04-11,2026-04-17,95.0,100.0
FS,2026-02-11,2026-04-11,2026-04-12,2026-04-18,95.0,100.0
FS,2026-02-12,2026-04-12,2026-04-13,2026-04-19,95.0,100.0
FS,2026-02-13,2026-04-13,2026-04-14,2026-04-20,95.0,100.0
FS,2026-02-14,2026-04-14,2026-04-15,2026-04-21,95.0,100.0
FS,2026-02-15,2026-04-15,2026-04-16,2026-04-22,95.0,100.0
FS,2026-02-16,2026-04-16,2026-04-17,2026-04-23,95.0,100.0
FS,2026-02-17,2026-04-17,2026-04-18,2026-04-24,96.66666666666667,100.0
FS,2026-02-18,2026-04-18,2026-04-19,2026-04-25,98.33333333333333,100.0
FS,2026-02-19,2026-04-19,2026-04-20,2026-04-26,98.33333333333333,100.0
FS,2026-02-20,2026-04-20,2026-04-21,2026-04-27,100.0,100.0
FS,2026-02-21,2026-04-21,2026-04-22,2026-04-28,100.0,100.0
FS,2026-02-22,2026-04-22,2026-04-23,2026-04-29,100.0,100.0
FS,2026-02-23,2026-04-23,2026-04-24,2026-04-30,100.0,100.0
FS,2026-02-24,2026-04-24,2026-04-25,2026-05-01,100.0,100.0
FS,2026-02-25,2026-04-25,2026-04-26,2026-05-02,100.0,100.0
FS,2026-02-26,2026-04-26,2026-04-27,2026-05-03,100.0,100.0
FS,2026-02-27,2026-04-27,2026-04-28,2026-05-04,100.0,100.0
FS,2026-02-28,2026-04-28,2026-04-29,2026-05-05,100.0,100.0
FS,2026-03-01,2026-04-29,2026-04-30,2026-05-06,100.0,100.0
FS,2026-03-02,2026-04-30,2026-05-01,2026-05-07,100.0,100.0
FS,2026-03-03,2026-05-01,2026-05-02,2026-05-08,100.0,85.71428571428571
FS,2026-03-04,2026-05-02,2026-05-03,2026-05-09,100.0,85.71428571428571
FS,2026-03-05,2026-05-03,2026-05-04,2026-05-10,100.0,85.71428571428571
FS,2026-03-06,2026-05-04,2026-05-05,2026-05-11,100.0,85.71428571428571
FS,2026-03-07,2026-05-05,2026-05-06,2026-05-12,100.0,85.71428571428571
FS,2026-03-08,2026-05-06,2026-05-07,2026-05-13,100.0,85.71428571428571
FS,2026-03-09,2026-05-07,2026-05-08,2026-05-14,100.0,85.71428571428571
FS,2026-03-10,2026-05-08,2026-05-09,2026-05-15,98.33333333333333,100.0
FS,2026-03-11,2026-05-09,2026-05-10,2026-05-16,98.33333333333333,100.0
FS,2026-03-12,2026-05-10,2026-05-11,2026-05-17,98.33333333333333,100.0
FS,2026-03-13,2026-05-11,2026-05-12,2026-05-18,98.33333333333333,100.0
FS,2026-03-14,2026-05-12,2026-05-13,2026-05-19,98.33333333333333,100.0
FS,2026-03-15,2026-05-13,2026-05-14,2026-05-20,98.33333333333333,100.0
FS,2026-03-16,2026-05-14,2026-05-15,2026-05-21,98.33333333333333,100.0
FS,2026-03-17,2026-05-15,2026-05-16,2026-05-22,98.33333333333333,100.0
FS,2026-03-18,2026-05-16,2026-05-17,2026-05-23,98.33333333333333,100.0
FS,2026-03-19,2026-05-17,2026-05-18,2026-05-24,98.33333333333333,100.0
FS,2026-03-20,2026-05-18,2026-05-19,2026-05-25,98.33333333333333,100.0
FS,2026-03-21,2026-05-19,2026-05-20,2026-05-26,98.33333333333333,100.0
FS,2026-03-22,2026-05-20,2026-05-21,2026-05-27,98.33333333333333,100.0
FS,2026-03-23,2026-05-21,2026-05-22,2026-05-28,98.33333333333333,100.0
FS,2026-03-24,2026-05-22,2026-05-23,2026-05-29,98.33333333333333,100.0
FS,2026-03-25,2026-05-23,2026-05-24,2026-05-30,98.33333333333333,100.0
FS,2026-03-26,2026-05-24,2026-05-25,2026-05-31,98.33333333333333,100.0
FS,2026-03-27,2026-05-25,2026-05-26,2026-06-01,98.33333333333333,100.0
FS,2026-03-28,2026-05-26,2026-05-27,2026-06-02,98.33333333333333,100.0
FS,2026-03-29,2026-05-27,2026-05-28,2026-06-03,98.33333333333333,100.0
FS,2026-03-30,2026-05-28,2026-05-29,2026-06-04,98.33333333333333,100.0
FS,2026-03-31,2026-05-29,2026-05-30,2026-06-05,98.33333333333333,100.0
FS,2026-04-01,2026-05-30,2026-05-31,2026-06-06,98.33333333333333,100.0
FS,2026-04-02,2026-05-31,2026-06-01,2026-06-07,98.33333333333333,100.0
FS,2026-04-03,2026-06-01,2026-06-02,2026-06-08,98.33333333333333,100.0
FS,2026-04-04,2026-06-02,2026-06-03,2026-06-09,98.33333333333333,100.0
FS,2026-04-05,2026-06-03,2026-06-04,2026-06-10,98.33333333333333,100.0
FS,2026-04-06,2026-06-04,2026-06-05,2026-06-11,98.33333333333333,100.0
FS,2026-04-07,2026-06-05,2026-06-06,2026-06-12,98.33333333333333,100.0
FS,2026-04-08,2026-06-06,2026-06-07,2026-06-13,98.33333333333333,100.0
FS,2026-04-09,2026-06-07,2026-06-08,2026-06-14,98.33333333333333,100.0
FS,2026-04-10,2026-06-08,2026-06-09,2026-06-15,98.33333333333333,100.0
FS,2026-04-11,2026-06-09,2026-06-10,2026-06-16,98.33333333333333,100.0
FS,2026-04-12,2026-06-10,2026-06-11,2026-06-17,98.33333333333333,100.0
FS,2026-04-13,2026-06-11,2026-06-12,2026-06-18,98.33333333333333,100.0
FS,2026-04-14,2026-06-12,2026-06-13,2026-06-19,98.33333333333333,100.0
FS,2026-04-15,2026-06-13,2026-06-14,2026-06-20,98.33333333333333,100.0
FS,2026-04-16,2026-06-14,2026-06-15,2026-06-21,98.33333333333333,100.0
FS,2026-04-17,2026-06-15,2026-06-16,2026-06-22,98.33333333333333,100.0
FS,2026-04-18,2026-06-16,2026-06-17,2026-06-23,98.33333333333333,100.0
FS,2026-04-19,2026-06-17,2026-06-18,2026-06-24,98.33333333333333,85.71428571428571
FS,2026-04-26,2026-06-24,2026-06-25,2026-07-01,96.66666666666667,85.71428571428571
FS,2026-04-27,2026-06-25,2026-06-26,2026-07-02,95.0,100.0
FS,2026-04-28,2026-06-26,2026-06-27,2026-07-03,95.0,100.0
FS,2026-04-29,2026-06-27,2026-06-28,2026-07-04,95.0,100.0
FS,2026-04-30,2026-06-28,2026-06-29,2026-07-05,95.0,100.0
FS,2026-05-01,2026-06-29,2026-06-30,2026-07-06,95.0,100.0
FS,2026-05-02,2026-06-30,2026-07-01,2026-07-07,95.0,100.0
FS,2026-05-03,2026-07-01,2026-07-02,2026-07-08,95.0,100.0
FS,2026-05-04,2026-07-02,2026-07-03,2026-07-09,95.0,100.0
FS,2026-05-05,2026-07-03,2026-07-04,2026-07-10,95.0,100.0
FS,2026-05-06,2026-07-04,2026-07-05,2026-07-11,95.0,100.0
FS,2026-05-07,2026-07-05,2026-07-06,2026-07-12,95.0,100.0
FS,2026-05-08,2026-07-06,2026-07-07,2026-07-13,95.0,100.0
FS,2026-05-09,2026-07-07,2026-07-08,2026-07-14,96.66666666666667,100.0
FS,2026-05-10,2026-07-08,2026-07-09,2026-07-15,96.66666666666667,100.0
FS,2026-05-11,2026-07-09,2026-07-10,2026-07-16,96.66666666666667,100.0
FS,2026-05-12,2026-07-10,2026-07-11,2026-07-17,96.66666666666667,100.0
FS,2026-05-13,2026-07-11,2026-07-12,2026-07-18,96.66666666666667,100.0
FS,2026-05-14,2026-07-12,2026-07-13,2026-07-19,96.66666666666667,100.0
FS,2026-05-15,2026-07-13,2026-07-14,2026-07-20,96.66666666666667,100.0
FS,2026-05-16,2026-07-14,2026-07-15,2026-07-21,96.66666666666667,100.0
FS,2026-05-17,2026-07-15,2026-07-16,2026-07-22,96.66666666666667,100.0
FS,2026-05-18,2026-07-16,2026-07-17,2026-07-23,96.66666666666667,100.0
FS,2026-05-19,2026-07-17,2026-07-18,2026-07-24,96.66666666666667,100.0
FS,2026-05-20,2026-07-18,2026-07-19,2026-07-25,96.66666666666667,100.0
FS,2026-05-21,2026-07-19,2026-07-20,2026-07-26,96.66666666666667,100.0
FS,2026-05-22,2026-07-20,2026-07-21,2026-07-27,96.66666666666667,100.0
FS,2026-05-23,2026-07-21,2026-07-22,2026-07-28,96.66666666666667,100.0
FS,2026-05-24,2026-07-22,2026-07-23,2026-07-29,96.66666666666667,100.0
FS,2026-05-25,2026-07-23,2026-07-24,2026-07-30,96.66666666666667,100.0
FS,2026-05-26,2026-07-24,2026-07-25,2026-07-31,96.66666666666667,100.0
FS,2026-05-27,2026-07-25,2026-07-26,2026-08-01,96.66666666666667,100.0
FS,2026-05-28,2026-07-26,2026-07-27,2026-08-02,96.66666666666667,100.0
FS,2026-05-29,2026-07-27,2026-07-28,2026-08-03,96.66666666666667,100.0
FS,2026-05-30,2026-07-28,2026-07-29,2026-08-04,96.66666666666667,100.0
FS,2026-05-31,2026-07-29,2026-07-30,2026-08-05,96.66666666666667,100.0
FS,2026-06-01,2026-07-30,2026-07-31,2026-08-06,96.66666666666667,100.0
FS,2026-06-02,2026-07-31,2026-08-01,2026-08-07,96.66666666666667,100.0
FS,2026-06-03,2026-08-01,2026-08-02,2026-08-08,96.66666666666667,100.0
FS,2026-06-04,2026-08-02,2026-08-03,2026-08-09,96.66666666666667,100.0
FS,2026-06-05,2026-08-03,2026-08-04,2026-08-10,96.66666666666667,100.0
FS,2026-06-06,2026-08-04,2026-08-05,2026-08-11,96.66666666666667,100.0
FS,2026-06-07,2026-08-05,2026-08-06,2026-08-12,96.66666666666667,100.0
FS,2026-06-08,2026-08-06,2026-08-07,2026-08-13,96.66666666666667,100.0
FS,2026-06-09,2026-08-07,2026-08-08,2026-08-14,96.66666666666667,100.0
FS,2026-06-10,2026-08-08,2026-08-09,2026-08-15,96.66666666666667,100.0
FS,2026-06-11,2026-08-09,2026-08-10,2026-08-16,96.66666666666667,100.0
FS,2026-06-12,2026-08-10,2026-08-11,2026-08-17,96.66666666666667,100.0
FS,2026-06-13,2026-08-11,2026-08-12,2026-08-18,96.66666666666667,100.0
FS,2026-06-14,2026-08-12,2026-08-13,2026-08-19,96.66666666666667,100.0
FS,2026-06-15,2026-08-13,2026-08-14,2026-08-20,96.66666666666667,100.0
FS,2026-06-16,2026-08-14,2026-08-15,2026-08-21,96.66666666666667,100.0
FS,2026-06-17,2026-08-15,2026-08-16,2026-08-22,96.66666666666667,100.0
FS,2026-06-18,2026-08-16,2026-08-17,2026-08-23,96.66666666666667,100.0
FS,2026-06-19,2026-08-17,2026-08-18,2026-08-24,96.66666666666667,100.0
FS,2026-06-20,2026-08-18,2026-08-19,2026-08-25,96.66666666666667,100.0
FS,2026-06-21,2026-08-19,2026-08-20,2026-08-26,96.66666666666667,100.0
FS,2026-06-22,2026-08-20,2026-08-21,2026-08-27,96.66666666666667,100.0
FS,2026-06-23,2026-08-21,2026-08-22,2026-08-28,96.66666666666667,100.0
FS,2026-06-24,2026-08-22,2026-08-23,2026-08-29,96.66666666666667,100.0
FS,2026-06-25,2026-08-23,2026-08-24,2026-08-30,98.33333333333333,100.0
FS,2026-06-26,2026-08-24,2026-08-25,2026-08-31,100.0,100.0
FS,2026-06-27,2026-08-25,2026-08-26,2026-09-01,100.0,100.0
FS,2026-06-28,2026-08-26,2026-08-27,2026-09-02,100.0,100.0
FS,2026-06-29,2026-08-27,2026-08-28,2026-09-03,100.0,100.0
FS,2026-06-30,2026-08-28,2026-08-29,2026-09-04,100.0,100.0
FS,2026-07-01,2026-08-29,2026-08-30,2026-09-05,100.0,100.0
FS,2026-07-02,2026-08-30,2026-08-31,2026-09-06,100.0,100.0
FS,2026-07-03,2026-08-31,2026-09-01,2026-09-07,100.0,100.0
FS,2026-07-04,2026-09-01,2026-09-02,2026-09-08,100.0,100.0
FS,2026-07-05,2026-09-02,2026-09-03,2026-09-09,100.0,100.0
FS,2026-07-06,2026-09-03,2026-09-04,2026-09-10,100.0,100.0
FS,2026-07-07,2026-09-04,2026-09-05,2026-09-11,100.0,100.0
FS,2026-07-08,2026-09-05,2026-09-06,2026-09-12,100.0,100.0
FS,2026-07-09,2026-09-06,2026-09-07,2026-09-13,100.0,100.0
FS,2026-07-10,2026-09-07,2026-09-08,2026-09-14,100.0,100.0
FS,2026-07-11,2026-09-08,2026-09-09,2026-09-15,100.0,100.0
FS,2026-07-12,2026-09-09,2026-09-10,2026-09-16,100.0,100.0
FS,2026-07-13,2026-09-10,2026-09-11,2026-09-17,100.0,100.0
GS,2025-02-19,2025-04-19,2025-04-20,2025-04-26,98.33333333333333,100.0
GS,2025-02-20,2025-04-20,2025-04-21,2025-04-27,98.33333333333333,100.0
GS,2025-02-21,2025-04-21,2025-04-22,2025-04-28,98.33333333333333,100.0
GS,2025-02-22,2025-04-22,2025-04-23,2025-04-29,98.33333333333333,100.0
GS,2025-02-23,2025-04-23,2025-04-24,2025-04-30,98.33333333333333,100.0
GS,2025-02-24,2025-04-24,2025-04-25,2025-05-01,98.33333333333333,100.0
GS,2025-02-25,2025-04-25,2025-04-26,2025-05-02,98.33333333333333,100.0
GS,2025-02-26,2025-04-26,2025-04-27,2025-05-03,98.33333333333333,100.0
GS,2025-02-27,2025-04-27,2025-04-28,2025-05-04,98.33333333333333,100.0
GS,2025-02-28,2025-04-28,2025-04-29,2025-05-05,98.33333333333333,100.0
GS,2025-03-01,2025-04-29,2025-04-30,2025-05-06,98.33333333333333,100.0
GS,2025-03-02,2025-04-30,2025-05-01,2025-05-07,98.33333333333333,100.0
GS,2025-03-03,2025-05-01,2025-05-02,2025-05-08,98.33333333333333,100.0
GS,2025-03-04,2025-05-02,2025-05-03,2025-05-09,98.33333333333333,100.0
GS,2025-03-05,2025-05-03,2025-05-04,2025-05-10,98.33333333333333,100.0
GS,2025-03-06,2025-05-04,2025-05-05,2025-05-11,98.33333333333333,100.0
GS,2025-03-07,2025-05-05,2025-05-06,2025-05-12,98.33333333333333,100.0
GS,2025-03-08,2025-05-06,2025-05-07,2025-05-13,98.33333333333333,100.0
GS,2025-03-09,2025-05-07,2025-05-08,2025-05-14,98.33333333333333,100.0
GS,2025-03-10,2025-05-08,2025-05-09,2025-05-15,98.33333333333333,100.0
GS,2025-03-11,2025-05-09,2025-05-10,2025-05-16,98.33333333333333,100.0
GS,2025-03-12,2025-05-10,2025-05-11,2025-05-17,98.33333333333333,100.0
GS,2025-03-13,2025-05-11,2025-05-12,2025-05-18,98.33333333333333,100.0
GS,2025-03-14,2025-05-12,2025-05-13,2025-05-19,98.33333333333333,100.0
GS,2025-03-15,2025-05-13,2025-05-14,2025-05-20,98.33333333333333,100.0
GS,2025-03-16,2025-05-14,2025-05-15,2025-05-21,98.33333333333333,100.0
GS,2025-03-17,2025-05-15,2025-05-16,2025-05-22,98.33333333333333,100.0
GS,2025-03-18,2025-05-16,2025-05-17,2025-05-23,98.33333333333333,100.0
GS,2025-03-19,2025-05-17,2025-05-18,2025-05-24,98.33333333333333,100.0
GS,2025-03-20,2025-05-18,2025-05-19,2025-05-25,98.33333333333333,100.0
GS,2025-03-21,2025-05-19,2025-05-20,2025-05-26,98.33333333333333,100.0
GS,2025-03-22,2025-05-20,2025-05-21,2025-05-27,98.33333333333333,100.0
GS,2025-03-23,2025-05-21,2025-05-22,2025-05-28,98.33333333333333,100.0
GS,2025-03-24,2025-05-22,2025-05-23,2025-05-29,98.33333333333333,100.0
GS,2025-03-25,2025-05-23,2025-05-24,2025-05-30,98.33333333333333,100.0
GS,2025-03-26,2025-05-24,2025-05-25,2025-05-31,98.33333333333333,100.0
GS,2025-03-27,2025-05-25,2025-05-26,2025-06-01,98.33333333333333,100.0
GS,2025-03-28,2025-05-26,2025-05-27,2025-06-02,98.33333333333333,100.0
GS,2025-03-29,2025-05-27,2025-05-28,2025-06-03,98.33333333333333,100.0
GS,2025-03-30,2025-05-28,2025-05-29,2025-06-04,98.33333333333333,100.0
GS,2025-03-31,2025-05-29,2025-05-30,2025-06-05,98.33333333333333,100.0
GS,2025-04-01,2025-05-30,2025-05-31,2025-06-06,98.33333333333333,100.0
GS,2025-04-02,2025-05-31,2025-06-01,2025-06-07,98.33333333333333,100.0
GS,2025-04-03,2025-06-01,2025-06-02,2025-06-08,98.33333333333333,100.0
GS,2025-04-04,2025-06-02,2025-06-03,2025-06-09,98.33333333333333,100.0
GS,2025-04-05,2025-06-03,2025-06-04,2025-06-10,98.33333333333333,100.0
GS,2025-04-06,2025-06-04,2025-06-05,2025-06-11,98.33333333333333,100.0
GS,2025-04-07,2025-06-05,2025-06-06,2025-06-12,98.33333333333333,100.0
GS,2025-04-08,2025-06-06,2025-06-07,2025-06-13,98.33333333333333,100.0
GS,2025-04-09,2025-06-07,2025-06-08,2025-06-14,98.33333333333333,100.0
GS,2025-04-10,2025-06-08,2025-06-09,2025-06-15,98.33333333333333,100.0
GS,2025-04-11,2025-06-09,2025-06-10,2025-06-16,100.0,100.0
GS,2025-04-12,2025-06-10,2025-06-11,2025-06-17,100.0,100.0
GS,2025-04-13,2025-06-11,2025-06-12,2025-06-18,100.0,100.0
GS,2025-04-14,2025-06-12,2025-06-13,2025-06-19,100.0,100.0
GS,2025-04-15,2025-06-13,2025-06-14,2025-06-20,100.0,100.0
GS,2025-04-16,2025-06-14,2025-06-15,2025-06-21,100.0,100.0
GS,2025-04-17,2025-06-15,2025-06-16,2025-06-22,100.0,100.0
GS,2025-04-18,2025-06-16,2025-06-17,2025-06-23,100.0,100.0
GS,2025-04-19,2025-06-17,2025-06-18,2025-06-24,100.0,100.0
GS,2025-04-20,2025-06-18,2025-06-19,2025-06-25,100.0,100.0
GS,2025-04-21,2025-06-19,2025-06-20,2025-06-26,100.0,100.0
GS,2025-04-22,2025-06-20,2025-06-21,2025-06-27,100.0,100.0
GS,2025-04-23,2025-06-21,2025-06-22,2025-06-28,100.0,100.0
GS,2025-04-24,2025-06-22,2025-06-23,2025-06-29,100.0,100.0
GS,2025-04-25,2025-06-23,2025-06-24,2025-06-30,100.0,100.0
GS,2025-04-26,2025-06-24,2025-06-25,2025-07-01,100.0,100.0
GS,2025-04-27,2025-06-25,2025-06-26,2025-07-02,100.0,100.0
GS,2025-04-28,2025-06-26,2025-06-27,2025-07-03,100.0,100.0
GS,2025-04-29,2025-06-27,2025-06-28,2025-07-04,100.0,100.0
GS,2025-04-30,2025-06-28,2025-06-29,2025-07-05,100.0,100.0
GS,2025-05-01,2025-06-29,2025-06-30,2025-07-06,100.0,100.0
GS,2025-05-02,2025-06-30,2025-07-01,2025-07-07,100.0,100.0
GS,2025-05-03,2025-07-01,2025-07-02,2025-07-08,100.0,100.0
GS,2025-05-04,2025-07-02,2025-07-03,2025-07-09,100.0,100.0
GS,2025-05-05,2025-07-03,2025-07-04,2025-07-10,100.0,100.0
GS,2025-05-06,2025-07-04,2025-07-05,2025-07-11,100.0,100.0
GS,2025-05-07,2025-07-05,2025-07-06,2025-07-12,100.0,100.0
GS,2025-05-08,2025-07-06,2025-07-07,2025-07-13,100.0,100.0
GS,2025-05-09,2025-07-07,2025-07-08,2025-07-14,100.0,100.0
GS,2025-05-10,2025-07-08,2025-07-09,2025-07-15,100.0,100.0
GS,2025-05-11,2025-07-09,2025-07-10,2025-07-16,100.0,100.0
GS,2025-05-12,2025-07-10,2025-07-11,2025-07-17,100.0,100.0
GS,2025-05-13,2025-07-11,2025-07-12,2025-07-18,100.0,100.0
GS,2025-05-14,2025-07-12,2025-07-13,2025-07-19,100.0,100.0
GS,2025-05-15,2025-07-13,2025-07-14,2025-07-20,100.0,100.0
GS,2025-05-16,2025-07-14,2025-07-15,2025-07-21,100.0,100.0
GS,2025-05-17,2025-07-15,2025-07-16,2025-07-22,100.0,100.0
GS,2025-05-18,2025-07-16,2025-07-17,2025-07-23,100.0,100.0
GS,2025-05-19,2025-07-17,2025-07-18,2025-07-24,100.0,100.0
GS,2025-05-20,2025-07-18,2025-07-19,2025-07-25,100.0,100.0
GS,2025-05-21,2025-07-19,2025-07-20,2025-07-26,100.0,100.0
GS,2025-05-22,2025-07-20,2025-07-21,2025-07-27,100.0,100.0
GS,2025-05-23,2025-07-21,2025-07-22,2025-07-28,100.0,100.0
GS,2025-05-24,2025-07-22,2025-07-23,2025-07-29,100.0,100.0
GS,2025-05-25,2025-07-23,2025-07-24,2025-07-30,100.0,100.0
GS,2025-05-26,2025-07-24,2025-07-25,2025-07-31,100.0,100.0
GS,2025-05-27,2025-07-25,2025-07-26,2025-08-01,100.0,100.0
GS,2025-05-28,2025-07-26,2025-07-27,2025-08-02,100.0,100.0
GS,2025-05-29,2025-07-27,2025-07-28,2025-08-03,100.0,100.0
GS,2025-05-30,2025-07-28,2025-07-29,2025-08-04,100.0,100.0
GS,2025-05-31,2025-07-29,2025-07-30,2025-08-05,100.0,100.0
GS,2025-06-01,2025-07-30,2025-07-31,2025-08-06,100.0,100.0
GS,2025-06-02,2025-07-31,2025-08-01,2025-08-07,100.0,100.0
GS,2025-06-03,2025-08-01,2025-08-02,2025-08-08,100.0,100.0
GS,2025-06-04,2025-08-02,2025-08-03,2025-08-09,100.0,100.0
GS,2025-06-05,2025-08-03,2025-08-04,2025-08-10,100.0,100.0
GS,2025-06-06,2025-08-04,2025-08-05,2025-08-11,100.0,100.0
GS,2025-06-07,2025-08-05,2025-08-06,2025-08-12,100.0,100.0
GS,2025-06-08,2025-08-06,2025-08-07,2025-08-13,100.0,100.0
GS,2025-06-09,2025-08-07,2025-08-08,2025-08-14,100.0,100.0
GS,2025-06-10,2025-08-08,2025-08-09,2025-08-15,100.0,100.0
GS,2025-06-11,2025-08-09,2025-08-10,2025-08-16,100.0,100.0
GS,2025-06-12,2025-08-10,2025-08-11,2025-08-17,100.0,100.0
GS,2025-06-13,2025-08-11,2025-08-12,2025-08-18,100.0,100.0
GS,2025-06-14,2025-08-12,2025-08-13,2025-08-19,100.0,100.0
GS,2025-06-15,2025-08-13,2025-08-14,2025-08-20,100.0,100.0
GS,2025-06-16,2025-08-14,2025-08-15,2025-08-21,100.0,100.0
GS,2025-06-17,2025-08-15,2025-08-16,2025-08-22,100.0,100.0
GS,2025-06-18,2025-08-16,2025-08-17,2025-08-23,100.0,100.0
GS,2025-06-19,2025-08-17,2025-08-18,2025-08-24,100.0,100.0
GS,2025-06-20,2025-08-18,2025-08-19,2025-08-25,100.0,100.0
GS,2025-06-21,2025-08-19,2025-08-20,2025-08-26,100.0,100.0
GS,2025-06-22,2025-08-20,2025-08-21,2025-08-27,100.0,100.0
GS,2025-06-23,2025-08-21,2025-08-22,2025-08-28,100.0,100.0
GS,2025-06-24,2025-08-22,2025-08-23,2025-08-29,100.0,100.0
GS,2025-06-25,2025-08-23,2025-08-24,2025-08-30,100.0,100.0
GS,2025-06-26,2025-08-24,2025-08-25,2025-08-31,100.0,100.0
GS,2025-06-27,2025-08-25,2025-08-26,2025-09-01,100.0,100.0
GS,2025-06-28,2025-08-26,2025-08-27,2025-09-02,100.0,100.0
GS,2025-06-29,2025-08-27,2025-08-28,2025-09-03,100.0,100.0
GS,2025-06-30,2025-08-28,2025-08-29,2025-09-04,100.0,100.0
GS,2025-07-01,2025-08-29,2025-08-30,2025-09-05,100.0,100.0
GS,2025-07-02,2025-08-30,2025-08-31,2025-09-06,100.0,100.0
GS,2025-07-03,2025-08-31,2025-09-01,2025-09-07,100.0,100.0
GS,2025-07-04,2025-09-01,2025-09-02,2025-09-08,100.0,100.0
GS,2025-07-05,2025-09-02,2025-09-03,2025-09-09,100.0,100.0
GS,2025-07-06,2025-09-03,2025-09-04,2025-09-10,100.0,100.0
GS,2025-07-07,2025-09-04,2025-09-05,2025-09-11,100.0,100.0
GS,2025-07-08,2025-09-05,2025-09-06,2025-09-12,100.0,100.0
GS,2025-07-09,2025-09-06,2025-09-07,2025-09-13,100.0,100.0
GS,2025-07-10,2025-09-07,2025-09-08,2025-09-14,100.0,100.0
GS,2025-07-11,2025-09-08,2025-09-09,2025-09-15,100.0,100.0
GS,2025-07-12,2025-09-09,2025-09-10,2025-09-16,100.0,100.0
GS,2025-07-13,2025-09-10,2025-09-11,2025-09-17,100.0,100.0
GS,2025-07-14,2025-09-11,2025-09-12,2025-09-18,100.0,100.0
GS,2025-07-15,2025-09-12,2025-09-13,2025-09-19,100.0,100.0
GS,2025-07-16,2025-09-13,2025-09-14,2025-09-20,100.0,100.0
GS,2025-07-17,2025-09-14,2025-09-15,2025-09-21,100.0,100.0
GS,2025-07-18,2025-09-15,2025-09-16,2025-09-22,100.0,100.0
GS,2025-07-19,2025-09-16,2025-09-17,2025-09-23,100.0,100.0
GS,2025-07-20,2025-09-17,2025-09-18,2025-09-24,100.0,100.0
GS,2025-07-21,2025-09-18,2025-09-19,2025-09-25,100.0,100.0
GS,2025-07-22,2025-09-19,2025-09-20,2025-09-26,100.0,100.0
GS,2025-07-23,2025-09-20,2025-09-21,2025-09-27,100.0,100.0
GS,2025-07-24,2025-09-21,2025-09-22,2025-09-28,100.0,100.0
GS,2025-07-25,2025-09-22,2025-09-23,2025-09-29,100.0,100.0
GS,2025-07-26,2025-09-23,2025-09-24,2025-09-30,100.0,100.0
GS,2025-07-27,2025-09-24,2025-09-25,2025-10-01,100.0,100.0
GS,2025-07-28,2025-09-25,2025-09-26,2025-10-02,100.0,100.0
GS,2025-07-29,2025-09-26,2025-09-27,2025-10-03,100.0,100.0
GS,2025-07-30,2025-09-27,2025-09-28,2025-10-04,100.0,100.0
GS,2025-07-31,2025-09-28,2025-09-29,2025-10-05,100.0,100.0
GS,2025-08-01,2025-09-29,2025-09-30,2025-10-06,100.0,100.0
GS,2025-08-02,2025-09-30,2025-10-01,2025-10-07,100.0,100.0
GS,2025-08-03,2025-10-01,2025-10-02,2025-10-08,100.0,100.0
GS,2025-08-04,2025-10-02,2025-10-03,2025-10-09,100.0,100.0
GS,2025-08-05,2025-10-03,2025-10-04,2025-10-10,100.0,100.0
GS,2025-08-06,2025-10-04,2025-10-05,2025-10-11,100.0,100.0
GS,2025-08-07,2025-10-05,2025-10-06,2025-10-12,100.0,100.0
GS,2025-08-08,2025-10-06,2025-10-07,2025-10-13,100.0,100.0
GS,2025-08-09,2025-10-07,2025-10-08,2025-10-14,100.0,100.0
GS,2025-08-10,2025-10-08,2025-10-09,2025-10-15,100.0,100.0
GS,2025-08-11,2025-10-09,2025-10-10,2025-10-16,100.0,100.0
GS,2025-08-12,2025-10-10,2025-10-11,2025-10-17,100.0,100.0
GS,2025-08-13,2025-10-11,2025-10-12,2025-10-18,100.0,100.0
GS,2025-08-14,2025-10-12,2025-10-13,2025-10-19,100.0,100.0
GS,2025-08-15,2025-10-13,2025-10-14,2025-10-20,100.0,100.0
GS,2025-08-16,2025-10-14,2025-10-15,2025-10-21,100.0,100.0
GS,2025-08-17,2025-10-15,2025-10-16,2025-10-22,100.0,100.0
GS,2025-08-18,2025-10-16,2025-10-17,2025-10-23,100.0,100.0
GS,2025-08-19,2025-10-17,2025-10-18,2025-10-24,100.0,100.0
GS,2025-08-20,2025-10-18,2025-10-19,2025-10-25,100.0,100.0
GS,2025-08-21,2025-10-19,2025-10-20,2025-10-26,100.0,100.0
GS,2025-08-22,2025-10-20,2025-10-21,2025-10-27,100.0,100.0
GS,2025-08-23,2025-10-21,2025-10-22,2025-10-28,100.0,100.0
GS,2025-08-24,2025-10-22,2025-10-23,2025-10-29,100.0,100.0
GS,2025-08-25,2025-10-23,2025-10-24,2025-10-30,100.0,100.0
GS,2025-08-26,2025-10-24,2025-10-25,2025-10-31,100.0,100.0
GS,2025-08-27,2025-10-25,2025-10-26,2025-11-01,100.0,100.0
GS,2025-08-28,2025-10-26,2025-10-27,2025-11-02,100.0,100.0
GS,2025-08-29,2025-10-27,2025-10-28,2025-11-03,100.0,100.0
GS,2025-08-30,2025-10-28,2025-10-29,2025-11-04,100.0,100.0
GS,2025-08-31,2025-10-29,2025-10-30,2025-11-05,100.0,100.0
GS,2025-09-01,2025-10-30,2025-10-31,2025-11-06,100.0,100.0
GS,2025-09-02,2025-10-31,2025-11-01,2025-11-07,100.0,100.0
GS,2025-09-03,2025-11-01,2025-11-02,2025-11-08,100.0,100.0
GS,2025-09-04,2025-11-02,2025-11-03,2025-11-09,100.0,100.0
GS,2025-09-05,2025-11-03,2025-11-04,2025-11-10,100.0,100.0
GS,2025-09-06,2025-11-04,2025-11-05,2025-11-11,100.0,100.0
GS,2025-09-07,2025-11-05,2025-11-06,2025-11-12,100.0,100.0
GS,2025-09-08,2025-11-06,2025-11-07,2025-11-13,100.0,100.0
GS,2025-09-09,2025-11-07,2025-11-08,2025-11-14,100.0,100.0
GS,2025-09-10,2025-11-08,2025-11-09,2025-11-15,100.0,100.0
GS,2025-09-11,2025-11-09,2025-11-10,2025-11-16,100.0,100.0
GS,2025-09-12,2025-11-10,2025-11-11,2025-11-17,100.0,100.0
GS,2025-09-13,2025-11-11,2025-11-12,2025-11-18,100.0,100.0
GS,2025-09-14,2025-11-12,2025-11-13,2025-11-19,100.0,100.0
GS,2025-09-15,2025-11-13,2025-11-14,2025-11-20,100.0,100.0
GS,2025-09-16,2025-11-14,2025-11-15,2025-11-21,100.0,100.0
GS,2025-09-17,2025-11-15,2025-11-16,2025-11-22,100.0,100.0
GS,2025-09-18,2025-11-16,2025-11-17,2025-11-23,100.0,100.0
GS,2025-09-19,2025-11-17,2025-11-18,2025-11-24,100.0,100.0
GS,2025-09-20,2025-11-18,2025-11-19,2025-11-25,100.0,100.0
GS,2025-09-21,2025-11-19,2025-11-20,2025-11-26,100.0,100.0
GS,2025-09-22,2025-11-20,2025-11-21,2025-11-27,100.0,100.0
GS,2025-09-23,2025-11-21,2025-11-22,2025-11-28,100.0,100.0
GS,2025-09-24,2025-11-22,2025-11-23,2025-11-29,100.0,100.0
GS,2025-09-25,2025-11-23,2025-11-24,2025-11-30,100.0,100.0
GS,2025-09-26,2025-11-24,2025-11-25,2025-12-01,100.0,100.0
GS,2025-09-27,2025-11-25,2025-11-26,2025-12-02,100.0,100.0
GS,2025-09-28,2025-11-26,2025-11-27,2025-12-03,100.0,100.0
GS,2025-09-29,2025-11-27,2025-11-28,2025-12-04,100.0,100.0
GS,2025-09-30,2025-11-28,2025-11-29,2025-12-05,100.0,100.0
GS,2025-10-01,2025-11-29,2025-11-30,2025-12-06,100.0,100.0
GS,2025-10-02,2025-11-30,2025-12-01,2025-12-07,100.0,100.0
GS,2025-10-03,2025-12-01,2025-12-02,2025-12-08,100.0,100.0
GS,2025-10-04,2025-12-02,2025-12-03,2025-12-09,100.0,100.0
GS,2025-10-05,2025-12-03,2025-12-04,2025-12-10,100.0,100.0
GS,2025-10-06,2025-12-04,2025-12-05,2025-12-11,100.0,100.0
GS,2025-10-07,2025-12-05,2025-12-06,2025-12-12,100.0,100.0
GS,2025-10-08,2025-12-06,2025-12-07,2025-12-13,100.0,100.0
GS,2025-10-09,2025-12-07,2025-12-08,2025-12-14,100.0,100.0
GS,2025-10-10,2025-12-08,2025-12-09,2025-12-15,100.0,100.0
GS,2025-10-11,2025-12-09,2025-12-10,2025-12-16,100.0,100.0
GS,2025-10-12,2025-12-10,2025-12-11,2025-12-17,100.0,100.0
GS,2025-10-13,2025-12-11,2025-12-12,2025-12-18,100.0,100.0
GS,2025-10-14,2025-12-12,2025-12-13,2025-12-19,100.0,100.0
GS,2025-10-15,2025-12-13,2025-12-14,2025-12-20,100.0,100.0
GS,2025-10-16,2025-12-14,2025-12-15,2025-12-21,100.0,100.0
GS,2025-10-17,2025-12-15,2025-12-16,2025-12-22,100.0,100.0
GS,2025-10-18,2025-12-16,2025-12-17,2025-12-23,100.0,100.0
GS,2025-10-19,2025-12-17,2025-12-18,2025-12-24,100.0,100.0
GS,2025-10-20,2025-12-18,2025-12-19,2025-12-25,100.0,100.0
GS,2025-10-21,2025-12-19,2025-12-20,2025-12-26,100.0,100.0
GS,2025-10-22,2025-12-20,2025-12-21,2025-12-27,100.0,100.0
GS,2025-10-23,2025-12-21,2025-12-22,2025-12-28,100.0,100.0
GS,2025-10-24,2025-12-22,2025-12-23,2025-12-29,100.0,100.0
GS,2025-10-25,2025-12-23,2025-12-24,2025-12-30,100.0,100.0
GS,2025-10-26,2025-12-24,2025-12-25,2025-12-31,100.0,100.0
GS,2025-10-27,2025-12-25,2025-12-26,2026-01-01,100.0,100.0
GS,2025-10-28,2025-12-26,2025-12-27,2026-01-02,100.0,100.0
GS,2025-10-29,2025-12-27,2025-12-28,2026-01-03,100.0,100.0
GS,2025-10-30,2025-12-28,2025-12-29,2026-01-04,100.0,100.0
GS,2025-10-31,2025-12-29,2025-12-30,2026-01-05,100.0,100.0
GS,2025-11-01,2025-12-30,2025-12-31,2026-01-06,100.0,100.0
GS,2025-11-02,2025-12-31,2026-01-01,2026-01-07,100.0,100.0
GS,2025-11-03,2026-01-01,2026-01-02,2026-01-08,100.0,100.0
GS,2025-11-04,2026-01-02,2026-01-03,2026-01-09,100.0,100.0
GS,2025-11-05,2026-01-03,2026-01-04,2026-01-10,100.0,100.0
GS,2025-11-06,2026-01-04,2026-01-05,2026-01-11,100.0,85.71428571428571
GS,2025-11-20,2026-01-18,2026-01-19,2026-01-25,86.66666666666667,85.71428571428571
GS,2025-11-21,2026-01-19,2026-01-20,2026-01-26,85.0,100.0
GS,2025-11-22,2026-01-20,2026-01-21,2026-01-27,85.0,100.0
GS,2025-11-23,2026-01-21,2026-01-22,2026-01-28,85.0,100.0
GS,2025-11-24,2026-01-22,2026-01-23,2026-01-29,85.0,100.0
GS,2025-11-25,2026-01-23,2026-01-24,2026-01-30,85.0,100.0
GS,2025-11-26,2026-01-24,2026-01-25,2026-01-31,85.0,100.0
GS,2025-11-27,2026-01-25,2026-01-26,2026-02-01,85.0,100.0
GS,2025-11-28,2026-01-26,2026-01-27,2026-02-02,85.0,100.0
GS,2025-11-29,2026-01-27,2026-01-28,2026-02-03,85.0,100.0
GS,2025-11-30,2026-01-28,2026-01-29,2026-02-04,85.0,100.0
GS,2025-12-01,2026-01-29,2026-01-30,2026-02-05,85.0,100.0
GS,2025-12-02,2026-01-30,2026-01-31,2026-02-06,85.0,100.0
GS,2025-12-03,2026-01-31,2026-02-01,2026-02-07,85.0,100.0
GS,2025-12-04,2026-02-01,2026-02-02,2026-02-08,85.0,100.0
GS,2025-12-05,2026-02-02,2026-02-03,2026-02-09,85.0,100.0
GS,2025-12-06,2026-02-03,2026-02-04,2026-02-10,85.0,100.0
GS,2025-12-07,2026-02-04,2026-02-05,2026-02-11,85.0,100.0
GS,2025-12-08,2026-02-05,2026-02-06,2026-02-12,85.0,100.0
GS,2025-12-09,2026-02-06,2026-02-07,2026-02-13,85.0,100.0
GS,2025-12-10,2026-02-07,2026-02-08,2026-02-14,85.0,100.0
GS,2025-12-11,2026-02-08,2026-02-09,2026-02-15,85.0,100.0
GS,2025-12-12,2026-02-09,2026-02-10,2026-02-16,85.0,100.0
GS,2025-12-13,2026-02-10,2026-02-11,2026-02-17,85.0,100.0
GS,2025-12-14,2026-02-11,2026-02-12,2026-02-18,85.0,100.0
GS,2025-12-15,2026-02-12,2026-02-13,2026-02-19,85.0,100.0
GS,2025-12-16,2026-02-13,2026-02-14,2026-02-20,85.0,100.0
GS,2025-12-17,2026-02-14,2026-02-15,2026-02-21,85.0,100.0
GS,2025-12-18,2026-02-15,2026-02-16,2026-02-22,85.0,100.0
GS,2025-12-19,2026-02-16,2026-02-17,2026-02-23,85.0,100.0
GS,2025-12-20,2026-02-17,2026-02-18,2026-02-24,85.0,100.0
GS,2025-12-21,2026-02-18,2026-02-19,2026-02-25,85.0,100.0
GS,2025-12-22,2026-02-19,2026-02-20,2026-02-26,85.0,100.0
GS,2025-12-23,2026-02-20,2026-02-21,2026-02-27,85.0,100.0
GS,2025-12-24,2026-02-21,2026-02-22,2026-02-28,85.0,100.0
GS,2025-12-25,2026-02-22,2026-02-23,2026-03-01,85.0,100.0
GS,2025-12-26,2026-02-23,2026-02-24,2026-03-02,85.0,100.0
GS,2025-12-27,2026-02-24,2026-02-25,2026-03-03,85.0,100.0
GS,2025-12-28,2026-02-25,2026-02-26,2026-03-04,85.0,100.0
GS,2025-12-29,2026-02-26,2026-02-27,2026-03-05,85.0,100.0
GS,2025-12-30,2026-02-27,2026-02-28,2026-03-06,85.0,100.0
GS,2025-12-31,2026-02-28,2026-03-01,2026-03-07,85.0,100.0
GS,2026-01-01,2026-03-01,2026-03-02,2026-03-08,85.0,100.0
GS,2026-01-02,2026-03-02,2026-03-03,2026-03-09,85.0,100.0
GS,2026-01-03,2026-03-03,2026-03-04,2026-03-10,85.0,100.0
GS,2026-01-04,2026-03-04,2026-03-05,2026-03-11,85.0,100.0
GS,2026-01-05,2026-03-05,2026-03-06,2026-03-12,85.0,100.0
GS,2026-01-06,2026-03-06,2026-03-07,2026-03-13,85.0,100.0
GS,2026-01-07,2026-03-07,2026-03-08,2026-03-14,85.0,100.0
GS,2026-01-08,2026-03-08,2026-03-09,2026-03-15,85.0,100.0
GS,2026-01-09,2026-03-09,2026-03-10,2026-03-16,85.0,100.0
GS,2026-01-10,2026-03-10,2026-03-11,2026-03-17,85.0,100.0
GS,2026-01-11,2026-03-11,2026-03-12,2026-03-18,85.0,100.0
GS,2026-01-12,2026-03-12,2026-03-13,2026-03-19,86.66666666666667,100.0
GS,2026-01-13,2026-03-13,2026-03-14,2026-03-20,88.33333333333333,100.0
GS,2026-01-14,2026-03-14,2026-03-15,2026-03-21,90.0,100.0
GS,2026-01-15,2026-03-15,2026-03-16,2026-03-22,91.66666666666666,100.0
GS,2026-01-16,2026-03-16,2026-03-17,2026-03-23,93.33333333333333,100.0
GS,2026-01-17,2026-03-17,2026-03-18,2026-03-24,95.0,100.0
GS,2026-01-18,2026-03-18,2026-03-19,2026-03-25,96.66666666666667,100.0
GS,2026-01-19,2026-03-19,2026-03-20,2026-03-26,98.33333333333333,100.0
GS,2026-01-20,2026-03-20,2026-03-21,2026-03-27,100.0,100.0
GS,2026-01-21,2026-03-21,2026-03-22,2026-03-28,100.0,100.0
GS,2026-01-22,2026-03-22,2026-03-23,2026-03-29,100.0,100.0
GS,2026-01-23,2026-03-23,2026-03-24,2026-03-30,100.0,100.0
GS,2026-01-24,2026-03-24,2026-03-25,2026-03-31,100.0,100.0
GS,2026-01-25,2026-03-25,2026-03-26,2026-04-01,100.0,100.0
GS,2026-01-26,2026-03-26,2026-03-27,2026-04-02,100.0,100.0
GS,2026-01-27,2026-03-27,2026-03-28,2026-04-03,100.0,100.0
GS,2026-01-28,2026-03-28,2026-03-29,2026-04-04,100.0,100.0
GS,2026-01-29,2026-03-29,2026-03-30,2026-04-05,100.0,100.0
GS,2026-01-30,2026-03-30,2026-03-31,2026-04-06,100.0,100.0
GS,2026-01-31,2026-03-31,2026-04-01,2026-04-07,100.0,100.0
GS,2026-02-01,2026-04-01,2026-04-02,2026-04-08,100.0,100.0
GS,2026-02-02,2026-04-02,2026-04-03,2026-04-09,100.0,100.0
GS,2026-02-03,2026-04-03,2026-04-04,2026-04-10,100.0,100.0
GS,2026-02-04,2026-04-04,2026-04-05,2026-04-11,100.0,100.0
GS,2026-02-05,2026-04-05,2026-04-06,2026-04-12,100.0,100.0
GS,2026-02-06,2026-04-06,2026-04-07,2026-04-13,100.0,100.0
GS,2026-02-07,2026-04-07,2026-04-08,2026-04-14,100.0,100.0
GS,2026-02-08,2026-04-08,2026-04-09,2026-04-15,100.0,100.0
GS,2026-02-09,2026-04-09,2026-04-10,2026-04-16,100.0,100.0
GS,2026-02-10,2026-04-10,2026-04-11,2026-04-17,100.0,100.0
GS,2026-02-11,2026-04-11,2026-04-12,2026-04-18,100.0,100.0
GS,2026-02-12,2026-04-12,2026-04-13,2026-04-19,100.0,100.0
GS,2026-02-13,2026-04-13,2026-04-14,2026-04-20,100.0,100.0
GS,2026-02-14,2026-04-14,2026-04-15,2026-04-21,100.0,100.0
GS,2026-02-15,2026-04-15,2026-04-16,2026-04-22,100.0,100.0
GS,2026-02-16,2026-04-16,2026-04-17,2026-04-23,100.0,100.0
GS,2026-02-17,2026-04-17,2026-04-18,2026-04-24,100.0,100.0
GS,2026-02-18,2026-04-18,2026-04-19,2026-04-25,100.0,100.0
GS,2026-02-19,2026-04-19,2026-04-20,2026-04-26,100.0,100.0
GS,2026-02-20,2026-04-20,2026-04-21,2026-04-27,100.0,100.0
GS,2026-02-21,2026-04-21,2026-04-22,2026-04-28,100.0,100.0
GS,2026-02-22,2026-04-22,2026-04-23,2026-04-29,100.0,100.0
GS,2026-02-23,2026-04-23,2026-04-24,2026-04-30,100.0,100.0
GS,2026-02-24,2026-04-24,2026-04-25,2026-05-01,100.0,100.0
GS,2026-02-25,2026-04-25,2026-04-26,2026-05-02,100.0,100.0
GS,2026-02-26,2026-04-26,2026-04-27,2026-05-03,100.0,100.0
GS,2026-02-27,2026-04-27,2026-04-28,2026-05-04,100.0,100.0
GS,2026-02-28,2026-04-28,2026-04-29,2026-05-05,100.0,100.0
GS,2026-03-01,2026-04-29,2026-04-30,2026-05-06,100.0,100.0
GS,2026-03-02,2026-04-30,2026-05-01,2026-05-07,100.0,100.0
GS,2026-03-03,2026-05-01,2026-05-02,2026-05-08,100.0,100.0
GS,2026-03-04,2026-05-02,2026-05-03,2026-05-09,100.0,100.0
GS,2026-03-05,2026-05-03,2026-05-04,2026-05-10,100.0,100.0
GS,2026-03-06,2026-05-04,2026-05-05,2026-05-11,100.0,100.0
GS,2026-03-07,2026-05-05,2026-05-06,2026-05-12,100.0,100.0
GS,2026-03-08,2026-05-06,2026-05-07,2026-05-13,100.0,100.0
GS,2026-03-09,2026-05-07,2026-05-08,2026-05-14,100.0,100.0
GS,2026-03-10,2026-05-08,2026-05-09,2026-05-15,100.0,100.0
GS,2026-03-11,2026-05-09,2026-05-10,2026-05-16,100.0,100.0
GS,2026-03-12,2026-05-10,2026-05-11,2026-05-17,100.0,100.0
GS,2026-03-13,2026-05-11,2026-05-12,2026-05-18,100.0,100.0
GS,2026-03-14,2026-05-12,2026-05-13,2026-05-19,100.0,100.0
GS,2026-03-15,2026-05-13,2026-05-14,2026-05-20,100.0,100.0
GS,2026-03-16,2026-05-14,2026-05-15,2026-05-21,100.0,100.0
GS,2026-03-17,2026-05-15,2026-05-16,2026-05-22,100.0,100.0
GS,2026-03-18,2026-05-16,2026-05-17,2026-05-23,100.0,100.0
GS,2026-03-19,2026-05-17,2026-05-18,2026-05-24,100.0,100.0
GS,2026-03-20,2026-05-18,2026-05-19,2026-05-25,100.0,100.0
GS,2026-03-21,2026-05-19,2026-05-20,2026-05-26,100.0,100.0
GS,2026-03-22,2026-05-20,2026-05-21,2026-05-27,100.0,100.0
GS,2026-03-23,2026-05-21,2026-05-22,2026-05-28,100.0,100.0
GS,2026-03-24,2026-05-22,2026-05-23,2026-05-29,100.0,100.0
GS,2026-03-25,2026-05-23,2026-05-24,2026-05-30,100.0,100.0
GS,2026-03-26,2026-05-24,2026-05-25,2026-05-31,100.0,100.0
GS,2026-03-27,2026-05-25,2026-05-26,2026-06-01,100.0,100.0
GS,2026-03-28,2026-05-26,2026-05-27,2026-06-02,100.0,100.0
GS,2026-03-29,2026-05-27,2026-05-28,2026-06-03,100.0,100.0
GS,2026-03-30,2026-05-28,2026-05-29,2026-06-04,100.0,100.0
GS,2026-03-31,2026-05-29,2026-05-30,2026-06-05,100.0,100.0
GS,2026-04-01,2026-05-30,2026-05-31,2026-06-06,100.0,100.0
GS,2026-04-02,2026-05-31,2026-06-01,2026-06-07,100.0,100.0
GS,2026-04-03,2026-06-01,2026-06-02,2026-06-08,100.0,100.0
GS,2026-04-04,2026-06-02,2026-06-03,2026-06-09,100.0,100.0
GS,2026-04-05,2026-06-03,2026-06-04,2026-06-10,100.0,100.0
GS,2026-04-06,2026-06-04,2026-06-05,2026-06-11,100.0,100.0
GS,2026-04-07,2026-06-05,2026-06-06,2026-06-12,100.0,100.0
GS,2026-04-08,2026-06-06,2026-06-07,2026-06-13,100.0,100.0
GS,2026-04-09,2026-06-07,2026-06-08,2026-06-14,100.0,100.0
GS,2026-04-10,2026-06-08,2026-06-09,2026-06-15,100.0,100.0
GS,2026-04-11,2026-06-09,2026-06-10,2026-06-16,100.0,100.0
GS,2026-04-12,2026-06-10,2026-06-11,2026-06-17,100.0,100.0
GS,2026-04-13,2026-06-11,2026-06-12,2026-06-18,100.0,100.0
GS,2026-04-14,2026-06-12,2026-06-13,2026-06-19,100.0,100.0
GS,2026-04-15,2026-06-13,2026-06-14,2026-06-20,100.0,100.0
GS,2026-04-16,2026-06-14,2026-06-15,2026-06-21,100.0,100.0
GS,2026-04-17,2026-06-15,2026-06-16,2026-06-22,100.0,100.0
GS,2026-04-18,2026-06-16,2026-06-17,2026-06-23,100.0,100.0
GS,2026-04-19,2026-06-17,2026-06-18,2026-06-24,100.0,85.71428571428571
GS,2026-04-20,2026-06-18,2026-06-19,2026-06-25,100.0,85.71428571428571
GS,2026-04-21,2026-06-19,2026-06-20,2026-06-26,100.0,85.71428571428571
GS,2026-04-22,2026-06-20,2026-06-21,2026-06-27,100.0,85.71428571428571
GS,2026-04-23,2026-06-21,2026-06-22,2026-06-28,100.0,85.71428571428571
GS,2026-04-24,2026-06-22,2026-06-23,2026-06-29,100.0,85.71428571428571
GS,2026-04-25,2026-06-23,2026-06-24,2026-06-30,100.0,85.71428571428571
GS,2026-04-26,2026-06-24,2026-06-25,2026-07-01,98.33333333333333,100.0
GS,2026-04-27,2026-06-25,2026-06-26,2026-07-02,98.33333333333333,100.0
GS,2026-04-28,2026-06-26,2026-06-27,2026-07-03,98.33333333333333,100.0
GS,2026-04-29,2026-06-27,2026-06-28,2026-07-04,98.33333333333333,100.0
GS,2026-04-30,2026-06-28,2026-06-29,2026-07-05,98.33333333333333,100.0
GS,2026-05-01,2026-06-29,2026-06-30,2026-07-06,98.33333333333333,100.0
GS,2026-05-02,2026-06-30,2026-07-01,2026-07-07,98.33333333333333,100.0
GS,2026-05-03,2026-07-01,2026-07-02,2026-07-08,98.33333333333333,100.0
GS,2026-05-04,2026-07-02,2026-07-03,2026-07-09,98.33333333333333,100.0
GS,2026-05-05,2026-07-03,2026-07-04,2026-07-10,98.33333333333333,100.0
GS,2026-05-06,2026-07-04,2026-07-05,2026-07-11,98.33333333333333,100.0
GS,2026-05-07,2026-07-05,2026-07-06,2026-07-12,98.33333333333333,100.0
GS,2026-05-08,2026-07-06,2026-07-07,2026-07-13,98.33333333333333,100.0
GS,2026-05-09,2026-07-07,2026-07-08,2026-07-14,98.33333333333333,100.0
GS,2026-05-10,2026-07-08,2026-07-09,2026-07-15,98.33333333333333,100.0
GS,2026-05-11,2026-07-09,2026-07-10,2026-07-16,98.33333333333333,100.0
GS,2026-05-12,2026-07-10,2026-07-11,2026-07-17,98.33333333333333,100.0
GS,2026-05-13,2026-07-11,2026-07-12,2026-07-18,98.33333333333333,100.0
GS,2026-05-14,2026-07-12,2026-07-13,2026-07-19,98.33333333333333,100.0
GS,2026-05-15,2026-07-13,2026-07-14,2026-07-20,98.33333333333333,100.0
GS,2026-05-16,2026-07-14,2026-07-15,2026-07-21,98.33333333333333,100.0
GS,2026-05-17,2026-07-15,2026-07-16,2026-07-22,98.33333333333333,100.0
GS,2026-05-18,2026-07-16,2026-07-17,2026-07-23,98.33333333333333,100.0
GS,2026-05-19,2026-07-17,2026-07-18,2026-07-24,98.33333333333333,100.0
GS,2026-05-20,2026-07-18,2026-07-19,2026-07-25,98.33333333333333,100.0
GS,2026-05-21,2026-07-19,2026-07-20,2026-07-26,98.33333333333333,100.0
GS,2026-05-22,2026-07-20,2026-07-21,2026-07-27,98.33333333333333,100.0
GS,2026-05-23,2026-07-21,2026-07-22,2026-07-28,98.33333333333333,100.0
GS,2026-05-24,2026-07-22,2026-07-23,2026-07-29,98.33333333333333,100.0
GS,2026-05-25,2026-07-23,2026-07-24,2026-07-30,98.33333333333333,100.0
GS,2026-05-26,2026-07-24,2026-07-25,2026-07-31,98.33333333333333,100.0
GS,2026-05-27,2026-07-25,2026-07-26,2026-08-01,98.33333333333333,100.0
GS,2026-05-28,2026-07-26,2026-07-27,2026-08-02,98.33333333333333,100.0
GS,2026-05-29,2026-07-27,2026-07-28,2026-08-03,98.33333333333333,100.0
GS,2026-05-30,2026-07-28,2026-07-29,2026-08-04,98.33333333333333,100.0
GS,2026-05-31,2026-07-29,2026-07-30,2026-08-05,98.33333333333333,100.0
GS,2026-06-01,2026-07-30,2026-07-31,2026-08-06,98.33333333333333,100.0
GS,2026-06-02,2026-07-31,2026-08-01,2026-08-07,98.33333333333333,100.0
GS,2026-06-03,2026-08-01,2026-08-02,2026-08-08,98.33333333333333,100.0
GS,2026-06-04,2026-08-02,2026-08-03,2026-08-09,98.33333333333333,100.0
GS,2026-06-05,2026-08-03,2026-08-04,2026-08-10,98.33333333333333,100.0
GS,2026-06-06,2026-08-04,2026-08-05,2026-08-11,98.33333333333333,100.0
GS,2026-06-07,2026-08-05,2026-08-06,2026-08-12,98.33333333333333,100.0
GS,2026-06-08,2026-08-06,2026-08-07,2026-08-13,98.33333333333333,100.0
GS,2026-06-09,2026-08-07,2026-08-08,2026-08-14,98.33333333333333,100.0
GS,2026-06-10,2026-08-08,2026-08-09,2026-08-15,98.33333333333333,100.0
GS,2026-06-11,2026-08-09,2026-08-10,2026-08-16,98.33333333333333,100.0
GS,2026-06-12,2026-08-10,2026-08-11,2026-08-17,98.33333333333333,100.0
GS,2026-06-13,2026-08-11,2026-08-12,2026-08-18,98.33333333333333,100.0
GS,2026-06-14,2026-08-12,2026-08-13,2026-08-19,98.33333333333333,100.0
GS,2026-06-15,2026-08-13,2026-08-14,2026-08-20,98.33333333333333,100.0
GS,2026-06-16,2026-08-14,2026-08-15,2026-08-21,98.33333333333333,100.0
GS,2026-06-17,2026-08-15,2026-08-16,2026-08-22,98.33333333333333,100.0
GS,2026-06-18,2026-08-16,2026-08-17,2026-08-23,98.33333333333333,100.0
GS,2026-06-19,2026-08-17,2026-08-18,2026-08-24,98.33333333333333,100.0
GS,2026-06-20,2026-08-18,2026-08-19,2026-08-25,98.33333333333333,100.0
GS,2026-06-21,2026-08-19,2026-08-20,2026-08-26,98.33333333333333,100.0
GS,2026-06-22,2026-08-20,2026-08-21,2026-08-27,98.33333333333333,100.0
GS,2026-06-23,2026-08-21,2026-08-22,2026-08-28,98.33333333333333,85.71428571428571
GS,2026-06-30,2026-08-28,2026-08-29,2026-09-04,98.33333333333333,85.71428571428571
GS,2026-07-01,2026-08-29,2026-08-30,2026-09-05,96.66666666666667,100.0
GS,2026-07-02,2026-08-30,2026-08-31,2026-09-06,96.66666666666667,100.0
GS,2026-07-03,2026-08-31,2026-09-01,2026-09-07,96.66666666666667,100.0
GS,2026-07-04,2026-09-01,2026-09-02,2026-09-08,96.66666666666667,100.0
GS,2026-07-05,2026-09-02,2026-09-03,2026-09-09,96.66666666666667,100.0
GS,2026-07-06,2026-09-03,2026-09-04,2026-09-10,96.66666666666667,100.0
GS,2026-07-07,2026-09-04,2026-09-05,2026-09-11,96.66666666666667,100.0
GS,2026-07-08,2026-09-05,2026-09-06,2026-09-12,96.66666666666667,100.0
GS,2026-07-09,2026-09-06,2026-09-07,2026-09-13,96.66666666666667,100.0
GS,2026-07-10,2026-09-07,2026-09-08,2026-09-14,96.66666666666667,100.0
GS,2026-07-11,2026-09-08,2026-09-09,2026-09-15,96.66666666666667,100.0
GS,2026-07-12,2026-09-09,2026-09-10,2026-09-16,96.66666666666667,100.0
GS,2026-07-13,2026-09-10,2026-09-11,2026-09-17,96.66666666666667,100.0
HE,2025-02-19,2025-04-19,2025-04-20,2025-04-26,98.33333333333333,100.0
HE,2025-02-20,2025-04-20,2025-04-21,2025-04-27,98.33333333333333,100.0
HE,2025-02-21,2025-04-21,2025-04-22,2025-04-28,98.33333333333333,100.0
HE,2025-02-22,2025-04-22,2025-04-23,2025-04-29,98.33333333333333,100.0
HE,2025-02-23,2025-04-23,2025-04-24,2025-04-30,98.33333333333333,100.0
HE,2025-02-24,2025-04-24,2025-04-25,2025-05-01,98.33333333333333,100.0
HE,2025-02-25,2025-04-25,2025-04-26,2025-05-02,98.33333333333333,100.0
HE,2025-02-26,2025-04-26,2025-04-27,2025-05-03,98.33333333333333,100.0
HE,2025-02-27,2025-04-27,2025-04-28,2025-05-04,98.33333333333333,100.0
HE,2025-02-28,2025-04-28,2025-04-29,2025-05-05,98.33333333333333,100.0
HE,2025-03-01,2025-04-29,2025-04-30,2025-05-06,98.33333333333333,100.0
HE,2025-03-02,2025-04-30,2025-05-01,2025-05-07,98.33333333333333,100.0
HE,2025-03-03,2025-05-01,2025-05-02,2025-05-08,98.33333333333333,100.0
HE,2025-03-04,2025-05-02,2025-05-03,2025-05-09,98.33333333333333,100.0
HE,2025-03-05,2025-05-03,2025-05-04,2025-05-10,98.33333333333333,100.0
HE,2025-03-06,2025-05-04,2025-05-05,2025-05-11,98.33333333333333,100.0
HE,2025-03-07,2025-05-05,2025-05-06,2025-05-12,98.33333333333333,100.0
HE,2025-03-08,2025-05-06,2025-05-07,2025-05-13,98.33333333333333,100.0
HE,2025-03-09,2025-05-07,2025-05-08,2025-05-14,98.33333333333333,100.0
HE,2025-03-10,2025-05-08,2025-05-09,2025-05-15,98.33333333333333,100.0
HE,2025-03-11,2025-05-09,2025-05-10,2025-05-16,98.33333333333333,100.0
HE,2025-03-12,2025-05-10,2025-05-11,2025-05-17,98.33333333333333,100.0
HE,2025-03-13,2025-05-11,2025-05-12,2025-05-18,98.33333333333333,100.0
HE,2025-03-14,2025-05-12,2025-05-13,2025-05-19,98.33333333333333,100.0
HE,2025-03-15,2025-05-13,2025-05-14,2025-05-20,98.33333333333333,100.0
HE,2025-03-16,2025-05-14,2025-05-15,2025-05-21,98.33333333333333,100.0
HE,2025-03-17,2025-05-15,2025-05-16,2025-05-22,98.33333333333333,100.0
HE,2025-03-18,2025-05-16,2025-05-17,2025-05-23,98.33333333333333,100.0
HE,2025-03-19,2025-05-17,2025-05-18,2025-05-24,98.33333333333333,100.0
HE,2025-03-20,2025-05-18,2025-05-19,2025-05-25,98.33333333333333,100.0
HE,2025-03-21,2025-05-19,2025-05-20,2025-05-26,98.33333333333333,100.0
HE,2025-03-22,2025-05-20,2025-05-21,2025-05-27,98.33333333333333,100.0
HE,2025-03-23,2025-05-21,2025-05-22,2025-05-28,98.33333333333333,100.0
HE,2025-03-24,2025-05-22,2025-05-23,2025-05-29,98.33333333333333,100.0
HE,2025-03-25,2025-05-23,2025-05-24,2025-05-30,98.33333333333333,100.0
HE,2025-03-26,2025-05-24,2025-05-25,2025-05-31,98.33333333333333,100.0
HE,2025-03-27,2025-05-25,2025-05-26,2025-06-01,98.33333333333333,100.0
HE,2025-03-28,2025-05-26,2025-05-27,2025-06-02,98.33333333333333,100.0
HE,2025-03-29,2025-05-27,2025-05-28,2025-06-03,98.33333333333333,100.0
HE,2025-03-30,2025-05-28,2025-05-29,2025-06-04,98.33333333333333,100.0
HE,2025-03-31,2025-05-29,2025-05-30,2025-06-05,98.33333333333333,100.0
HE,2025-04-01,2025-05-30,2025-05-31,2025-06-06,98.33333333333333,100.0
HE,2025-04-02,2025-05-31,2025-06-01,2025-06-07,98.33333333333333,100.0
HE,2025-04-03,2025-06-01,2025-06-02,2025-06-08,98.33333333333333,100.0
HE,2025-04-04,2025-06-02,2025-06-03,2025-06-09,98.33333333333333,100.0
HE,2025-04-05,2025-06-03,2025-06-04,2025-06-10,98.33333333333333,100.0
HE,2025-04-06,2025-06-04,2025-06-05,2025-06-11,98.33333333333333,100.0
HE,2025-04-07,2025-06-05,2025-06-06,2025-06-12,98.33333333333333,100.0
HE,2025-04-08,2025-06-06,2025-06-07,2025-06-13,98.33333333333333,100.0
HE,2025-04-09,2025-06-07,2025-06-08,2025-06-14,98.33333333333333,100.0
HE,2025-04-10,2025-06-08,2025-06-09,2025-06-15,98.33333333333333,100.0
HE,2025-04-11,2025-06-09,2025-06-10,2025-06-16,100.0,100.0
HE,2025-04-12,2025-06-10,2025-06-11,2025-06-17,100.0,100.0
HE,2025-04-13,2025-06-11,2025-06-12,2025-06-18,100.0,100.0
HE,2025-04-14,2025-06-12,2025-06-13,2025-06-19,100.0,100.0
HE,2025-04-15,2025-06-13,2025-06-14,2025-06-20,100.0,100.0
HE,2025-04-16,2025-06-14,2025-06-15,2025-06-21,100.0,100.0
HE,2025-04-17,2025-06-15,2025-06-16,2025-06-22,100.0,100.0
HE,2025-04-18,2025-06-16,2025-06-17,2025-06-23,100.0,100.0
HE,2025-04-19,2025-06-17,2025-06-18,2025-06-24,100.0,100.0
HE,2025-04-20,2025-06-18,2025-06-19,2025-06-25,100.0,100.0
HE,2025-04-21,2025-06-19,2025-06-20,2025-06-26,100.0,100.0
HE,2025-04-22,2025-06-20,2025-06-21,2025-06-27,100.0,100.0
HE,2025-04-23,2025-06-21,2025-06-22,2025-06-28,100.0,100.0
HE,2025-04-24,2025-06-22,2025-06-23,2025-06-29,100.0,100.0
HE,2025-04-25,2025-06-23,2025-06-24,2025-06-30,100.0,100.0
HE,2025-04-26,2025-06-24,2025-06-25,2025-07-01,100.0,100.0
HE,2025-04-27,2025-06-25,2025-06-26,2025-07-02,100.0,100.0
HE,2025-04-28,2025-06-26,2025-06-27,2025-07-03,100.0,100.0
HE,2025-04-29,2025-06-27,2025-06-28,2025-07-04,100.0,100.0
HE,2025-04-30,2025-06-28,2025-06-29,2025-07-05,100.0,100.0
HE,2025-05-01,2025-06-29,2025-06-30,2025-07-06,100.0,100.0
HE,2025-05-02,2025-06-30,2025-07-01,2025-07-07,100.0,100.0
HE,2025-05-03,2025-07-01,2025-07-02,2025-07-08,100.0,100.0
HE,2025-05-04,2025-07-02,2025-07-03,2025-07-09,100.0,100.0
HE,2025-05-05,2025-07-03,2025-07-04,2025-07-10,100.0,100.0
HE,2025-05-06,2025-07-04,2025-07-05,2025-07-11,100.0,100.0
HE,2025-05-07,2025-07-05,2025-07-06,2025-07-12,100.0,100.0
HE,2025-05-08,2025-07-06,2025-07-07,2025-07-13,100.0,100.0
HE,2025-05-09,2025-07-07,2025-07-08,2025-07-14,100.0,100.0
HE,2025-05-10,2025-07-08,2025-07-09,2025-07-15,100.0,100.0
HE,2025-05-11,2025-07-09,2025-07-10,2025-07-16,100.0,100.0
HE,2025-05-12,2025-07-10,2025-07-11,2025-07-17,100.0,100.0
HE,2025-05-13,2025-07-11,2025-07-12,2025-07-18,100.0,100.0
HE,2025-05-14,2025-07-12,2025-07-13,2025-07-19,100.0,100.0
HE,2025-05-15,2025-07-13,2025-07-14,2025-07-20,100.0,100.0
HE,2025-05-16,2025-07-14,2025-07-15,2025-07-21,100.0,100.0
HE,2025-05-17,2025-07-15,2025-07-16,2025-07-22,100.0,100.0
HE,2025-05-18,2025-07-16,2025-07-17,2025-07-23,100.0,100.0
HE,2025-05-19,2025-07-17,2025-07-18,2025-07-24,100.0,100.0
HE,2025-05-20,2025-07-18,2025-07-19,2025-07-25,100.0,100.0
HE,2025-05-21,2025-07-19,2025-07-20,2025-07-26,100.0,100.0
HE,2025-05-22,2025-07-20,2025-07-21,2025-07-27,100.0,100.0
HE,2025-05-23,2025-07-21,2025-07-22,2025-07-28,100.0,100.0
HE,2025-05-24,2025-07-22,2025-07-23,2025-07-29,100.0,100.0
HE,2025-05-25,2025-07-23,2025-07-24,2025-07-30,100.0,100.0
HE,2025-05-26,2025-07-24,2025-07-25,2025-07-31,100.0,100.0
HE,2025-05-27,2025-07-25,2025-07-26,2025-08-01,100.0,100.0
HE,2025-05-28,2025-07-26,2025-07-27,2025-08-02,100.0,100.0
HE,2025-05-29,2025-07-27,2025-07-28,2025-08-03,100.0,100.0
HE,2025-05-30,2025-07-28,2025-07-29,2025-08-04,100.0,100.0
HE,2025-05-31,2025-07-29,2025-07-30,2025-08-05,100.0,100.0
HE,2025-06-01,2025-07-30,2025-07-31,2025-08-06,100.0,100.0
HE,2025-06-02,2025-07-31,2025-08-01,2025-08-07,100.0,100.0
HE,2025-06-03,2025-08-01,2025-08-02,2025-08-08,100.0,100.0
HE,2025-06-04,2025-08-02,2025-08-03,2025-08-09,100.0,100.0
HE,2025-06-05,2025-08-03,2025-08-04,2025-08-10,100.0,100.0
HE,2025-06-06,2025-08-04,2025-08-05,2025-08-11,100.0,100.0
HE,2025-06-07,2025-08-05,2025-08-06,2025-08-12,100.0,100.0
HE,2025-06-08,2025-08-06,2025-08-07,2025-08-13,100.0,100.0
HE,2025-06-09,2025-08-07,2025-08-08,2025-08-14,100.0,100.0
HE,2025-06-10,2025-08-08,2025-08-09,2025-08-15,100.0,100.0
HE,2025-06-11,2025-08-09,2025-08-10,2025-08-16,100.0,100.0
HE,2025-06-12,2025-08-10,2025-08-11,2025-08-17,100.0,100.0
HE,2025-06-13,2025-08-11,2025-08-12,2025-08-18,100.0,100.0
HE,2025-06-14,2025-08-12,2025-08-13,2025-08-19,100.0,100.0
HE,2025-06-15,2025-08-13,2025-08-14,2025-08-20,100.0,100.0
HE,2025-06-16,2025-08-14,2025-08-15,2025-08-21,100.0,100.0
HE,2025-06-17,2025-08-15,2025-08-16,2025-08-22,100.0,100.0
HE,2025-06-18,2025-08-16,2025-08-17,2025-08-23,100.0,100.0
HE,2025-06-19,2025-08-17,2025-08-18,2025-08-24,100.0,100.0
HE,2025-06-20,2025-08-18,2025-08-19,2025-08-25,100.0,100.0
HE,2025-06-21,2025-08-19,2025-08-20,2025-08-26,100.0,100.0
HE,2025-06-22,2025-08-20,2025-08-21,2025-08-27,100.0,100.0
HE,2025-06-23,2025-08-21,2025-08-22,2025-08-28,100.0,100.0
HE,2025-06-24,2025-08-22,2025-08-23,2025-08-29,100.0,100.0
HE,2025-06-25,2025-08-23,2025-08-24,2025-08-30,100.0,100.0
HE,2025-06-26,2025-08-24,2025-08-25,2025-08-31,100.0,100.0
HE,2025-06-27,2025-08-25,2025-08-26,2025-09-01,100.0,100.0
HE,2025-06-28,2025-08-26,2025-08-27,2025-09-02,100.0,100.0
HE,2025-06-29,2025-08-27,2025-08-28,2025-09-03,100.0,100.0
HE,2025-06-30,2025-08-28,2025-08-29,2025-09-04,100.0,100.0
HE,2025-07-01,2025-08-29,2025-08-30,2025-09-05,100.0,100.0
HE,2025-07-02,2025-08-30,2025-08-31,2025-09-06,100.0,100.0
HE,2025-07-03,2025-08-31,2025-09-01,2025-09-07,100.0,100.0
HE,2025-07-04,2025-09-01,2025-09-02,2025-09-08,100.0,100.0
HE,2025-07-05,2025-09-02,2025-09-03,2025-09-09,100.0,100.0
HE,2025-07-06,2025-09-03,2025-09-04,2025-09-10,100.0,100.0
HE,2025-07-07,2025-09-04,2025-09-05,2025-09-11,100.0,100.0
HE,2025-07-08,2025-09-05,2025-09-06,2025-09-12,100.0,100.0
HE,2025-07-09,2025-09-06,2025-09-07,2025-09-13,100.0,100.0
HE,2025-07-10,2025-09-07,2025-09-08,2025-09-14,100.0,100.0
HE,2025-07-11,2025-09-08,2025-09-09,2025-09-15,100.0,100.0
HE,2025-07-12,2025-09-09,2025-09-10,2025-09-16,100.0,100.0
HE,2025-07-13,2025-09-10,2025-09-11,2025-09-17,100.0,100.0
HE,2025-07-14,2025-09-11,2025-09-12,2025-09-18,100.0,100.0
HE,2025-07-15,2025-09-12,2025-09-13,2025-09-19,100.0,100.0
HE,2025-07-16,2025-09-13,2025-09-14,2025-09-20,100.0,100.0
HE,2025-07-17,2025-09-14,2025-09-15,2025-09-21,100.0,100.0
HE,2025-07-18,2025-09-15,2025-09-16,2025-09-22,100.0,100.0
HE,2025-07-19,2025-09-16,2025-09-17,2025-09-23,100.0,100.0
HE,2025-07-20,2025-09-17,2025-09-18,2025-09-24,100.0,100.0
HE,2025-07-21,2025-09-18,2025-09-19,2025-09-25,100.0,100.0
HE,2025-07-22,2025-09-19,2025-09-20,2025-09-26,100.0,100.0
HE,2025-07-23,2025-09-20,2025-09-21,2025-09-27,100.0,100.0
HE,2025-07-24,2025-09-21,2025-09-22,2025-09-28,100.0,100.0
HE,2025-07-25,2025-09-22,2025-09-23,2025-09-29,100.0,100.0
HE,2025-07-26,2025-09-23,2025-09-24,2025-09-30,100.0,100.0
HE,2025-07-27,2025-09-24,2025-09-25,2025-10-01,100.0,100.0
HE,2025-07-28,2025-09-25,2025-09-26,2025-10-02,100.0,100.0
HE,2025-07-29,2025-09-26,2025-09-27,2025-10-03,100.0,100.0
HE,2025-07-30,2025-09-27,2025-09-28,2025-10-04,100.0,100.0
HE,2025-07-31,2025-09-28,2025-09-29,2025-10-05,100.0,100.0
HE,2025-08-01,2025-09-29,2025-09-30,2025-10-06,100.0,100.0
HE,2025-08-02,2025-09-30,2025-10-01,2025-10-07,100.0,100.0
HE,2025-08-03,2025-10-01,2025-10-02,2025-10-08,100.0,100.0
HE,2025-08-04,2025-10-02,2025-10-03,2025-10-09,100.0,100.0
HE,2025-08-05,2025-10-03,2025-10-04,2025-10-10,100.0,100.0
HE,2025-08-06,2025-10-04,2025-10-05,2025-10-11,100.0,100.0
HE,2025-08-07,2025-10-05,2025-10-06,2025-10-12,100.0,100.0
HE,2025-08-08,2025-10-06,2025-10-07,2025-10-13,100.0,100.0
HE,2025-08-09,2025-10-07,2025-10-08,2025-10-14,100.0,100.0
HE,2025-08-10,2025-10-08,2025-10-09,2025-10-15,100.0,100.0
HE,2025-08-11,2025-10-09,2025-10-10,2025-10-16,100.0,100.0
HE,2025-08-12,2025-10-10,2025-10-11,2025-10-17,100.0,100.0
HE,2025-08-13,2025-10-11,2025-10-12,2025-10-18,100.0,100.0
HE,2025-08-14,2025-10-12,2025-10-13,2025-10-19,100.0,100.0
HE,2025-08-15,2025-10-13,2025-10-14,2025-10-20,100.0,100.0
HE,2025-08-16,2025-10-14,2025-10-15,2025-10-21,100.0,100.0
HE,2025-08-17,2025-10-15,2025-10-16,2025-10-22,100.0,100.0
HE,2025-08-18,2025-10-16,2025-10-17,2025-10-23,100.0,100.0
HE,2025-08-19,2025-10-17,2025-10-18,2025-10-24,100.0,100.0
HE,2025-08-20,2025-10-18,2025-10-19,2025-10-25,100.0,100.0
HE,2025-08-21,2025-10-19,2025-10-20,2025-10-26,100.0,100.0
HE,2025-08-22,2025-10-20,2025-10-21,2025-10-27,100.0,100.0
HE,2025-08-23,2025-10-21,2025-10-22,2025-10-28,100.0,100.0
HE,2025-08-24,2025-10-22,2025-10-23,2025-10-29,100.0,100.0
HE,2025-08-25,2025-10-23,2025-10-24,2025-10-30,100.0,100.0
HE,2025-08-26,2025-10-24,2025-10-25,2025-10-31,100.0,100.0
HE,2025-08-27,2025-10-25,2025-10-26,2025-11-01,100.0,100.0
HE,2025-08-28,2025-10-26,2025-10-27,2025-11-02,100.0,100.0
HE,2025-08-29,2025-10-27,2025-10-28,2025-11-03,100.0,100.0
HE,2025-08-30,2025-10-28,2025-10-29,2025-11-04,100.0,100.0
HE,2025-08-31,2025-10-29,2025-10-30,2025-11-05,100.0,100.0
HE,2025-09-01,2025-10-30,2025-10-31,2025-11-06,100.0,100.0
HE,2025-09-02,2025-10-31,2025-11-01,2025-11-07,100.0,100.0
HE,2025-09-03,2025-11-01,2025-11-02,2025-11-08,100.0,100.0
HE,2025-09-04,2025-11-02,2025-11-03,2025-11-09,100.0,100.0
HE,2025-09-05,2025-11-03,2025-11-04,2025-11-10,100.0,100.0
HE,2025-09-06,2025-11-04,2025-11-05,2025-11-11,100.0,100.0
HE,2025-09-07,2025-11-05,2025-11-06,2025-11-12,100.0,100.0
HE,2025-09-08,2025-11-06,2025-11-07,2025-11-13,100.0,100.0
HE,2025-09-09,2025-11-07,2025-11-08,2025-11-14,100.0,100.0
HE,2025-09-10,2025-11-08,2025-11-09,2025-11-15,100.0,100.0
HE,2025-09-11,2025-11-09,2025-11-10,2025-11-16,100.0,100.0
HE,2025-09-12,2025-11-10,2025-11-11,2025-11-17,100.0,100.0
HE,2025-09-13,2025-11-11,2025-11-12,2025-11-18,100.0,100.0
HE,2025-09-14,2025-11-12,2025-11-13,2025-11-19,100.0,100.0
HE,2025-09-15,2025-11-13,2025-11-14,2025-11-20,100.0,100.0
HE,2025-09-16,2025-11-14,2025-11-15,2025-11-21,100.0,100.0
HE,2025-09-17,2025-11-15,2025-11-16,2025-11-22,100.0,100.0
HE,2025-09-18,2025-11-16,2025-11-17,2025-11-23,100.0,100.0
HE,2025-09-19,2025-11-17,2025-11-18,2025-11-24,100.0,100.0
HE,2025-09-20,2025-11-18,2025-11-19,2025-11-25,100.0,100.0
HE,2025-09-21,2025-11-19,2025-11-20,2025-11-26,100.0,100.0
HE,2025-09-22,2025-11-20,2025-11-21,2025-11-27,100.0,100.0
HE,2025-09-23,2025-11-21,2025-11-22,2025-11-28,100.0,100.0
HE,2025-09-24,2025-11-22,2025-11-23,2025-11-29,100.0,100.0
HE,2025-09-25,2025-11-23,2025-11-24,2025-11-30,100.0,100.0
HE,2025-09-26,2025-11-24,2025-11-25,2025-12-01,100.0,100.0
HE,2025-09-27,2025-11-25,2025-11-26,2025-12-02,100.0,100.0
HE,2025-09-28,2025-11-26,2025-11-27,2025-12-03,100.0,100.0
HE,2025-09-29,2025-11-27,2025-11-28,2025-12-04,100.0,100.0
HE,2025-09-30,2025-11-28,2025-11-29,2025-12-05,100.0,100.0
HE,2025-10-01,2025-11-29,2025-11-30,2025-12-06,100.0,100.0
HE,2025-10-02,2025-11-30,2025-12-01,2025-12-07,100.0,100.0
HE,2025-10-03,2025-12-01,2025-12-02,2025-12-08,100.0,100.0
HE,2025-10-04,2025-12-02,2025-12-03,2025-12-09,100.0,100.0
HE,2025-10-05,2025-12-03,2025-12-04,2025-12-10,100.0,100.0
HE,2025-10-06,2025-12-04,2025-12-05,2025-12-11,100.0,100.0
HE,2025-10-07,2025-12-05,2025-12-06,2025-12-12,100.0,100.0
HE,2025-10-08,2025-12-06,2025-12-07,2025-12-13,100.0,100.0
HE,2025-10-09,2025-12-07,2025-12-08,2025-12-14,100.0,100.0
HE,2025-10-10,2025-12-08,2025-12-09,2025-12-15,100.0,100.0
HE,2025-10-11,2025-12-09,2025-12-10,2025-12-16,100.0,100.0
HE,2025-10-12,2025-12-10,2025-12-11,2025-12-17,100.0,100.0
HE,2025-10-13,2025-12-11,2025-12-12,2025-12-18,100.0,100.0
HE,2025-10-14,2025-12-12,2025-12-13,2025-12-19,100.0,100.0
HE,2025-10-15,2025-12-13,2025-12-14,2025-12-20,100.0,100.0
HE,2025-10-16,2025-12-14,2025-12-15,2025-12-21,100.0,100.0
HE,2025-10-17,2025-12-15,2025-12-16,2025-12-22,100.0,100.0
HE,2025-10-18,2025-12-16,2025-12-17,2025-12-23,100.0,100.0
HE,2025-10-19,2025-12-17,2025-12-18,2025-12-24,100.0,100.0
HE,2025-10-20,2025-12-18,2025-12-19,2025-12-25,100.0,100.0
HE,2025-10-21,2025-12-19,2025-12-20,2025-12-26,100.0,100.0
HE,2025-10-22,2025-12-20,2025-12-21,2025-12-27,100.0,100.0
HE,2025-10-23,2025-12-21,2025-12-22,2025-12-28,100.0,100.0
HE,2025-10-24,2025-12-22,2025-12-23,2025-12-29,100.0,100.0
HE,2025-10-25,2025-12-23,2025-12-24,2025-12-30,100.0,100.0
HE,2025-10-26,2025-12-24,2025-12-25,2025-12-31,100.0,100.0
HE,2025-10-27,2025-12-25,2025-12-26,2026-01-01,100.0,100.0
HE,2025-10-28,2025-12-26,2025-12-27,2026-01-02,100.0,100.0
HE,2025-10-29,2025-12-27,2025-12-28,2026-01-03,100.0,100.0
HE,2025-10-30,2025-12-28,2025-12-29,2026-01-04,100.0,100.0
HE,2025-10-31,2025-12-29,2025-12-30,2026-01-05,100.0,100.0
HE,2025-11-01,2025-12-30,2025-12-31,2026-01-06,100.0,100.0
HE,2025-11-02,2025-12-31,2026-01-01,2026-01-07,100.0,100.0
HE,2025-11-03,2026-01-01,2026-01-02,2026-01-08,100.0,100.0
HE,2025-11-04,2026-01-02,2026-01-03,2026-01-09,100.0,100.0
HE,2025-11-05,2026-01-03,2026-01-04,2026-01-10,100.0,100.0
HE,2025-11-06,2026-01-04,2026-01-05,2026-01-11,100.0,85.71428571428571
HE,2025-11-20,2026-01-18,2026-01-19,2026-01-25,86.66666666666667,85.71428571428571
HE,2025-11-21,2026-01-19,2026-01-20,2026-01-26,85.0,100.0
HE,2025-11-22,2026-01-20,2026-01-21,2026-01-27,85.0,100.0
HE,2025-11-23,2026-01-21,2026-01-22,2026-01-28,85.0,100.0
HE,2025-11-24,2026-01-22,2026-01-23,2026-01-29,85.0,100.0
HE,2025-11-25,2026-01-23,2026-01-24,2026-01-30,85.0,100.0
HE,2025-11-26,2026-01-24,2026-01-25,2026-01-31,85.0,100.0
HE,2025-11-27,2026-01-25,2026-01-26,2026-02-01,85.0,100.0
HE,2025-11-28,2026-01-26,2026-01-27,2026-02-02,85.0,100.0
HE,2025-11-29,2026-01-27,2026-01-28,2026-02-03,85.0,100.0
HE,2025-11-30,2026-01-28,2026-01-29,2026-02-04,85.0,100.0
HE,2025-12-01,2026-01-29,2026-01-30,2026-02-05,85.0,100.0
HE,2025-12-02,2026-01-30,2026-01-31,2026-02-06,85.0,100.0
HE,2025-12-03,2026-01-31,2026-02-01,2026-02-07,85.0,100.0
HE,2025-12-04,2026-02-01,2026-02-02,2026-02-08,85.0,100.0
HE,2025-12-05,2026-02-02,2026-02-03,2026-02-09,85.0,100.0
HE,2025-12-06,2026-02-03,2026-02-04,2026-02-10,85.0,100.0
HE,2025-12-07,2026-02-04,2026-02-05,2026-02-11,85.0,100.0
HE,2025-12-08,2026-02-05,2026-02-06,2026-02-12,85.0,100.0
HE,2025-12-09,2026-02-06,2026-02-07,2026-02-13,85.0,100.0
HE,2025-12-10,2026-02-07,2026-02-08,2026-02-14,85.0,100.0
HE,2025-12-11,2026-02-08,2026-02-09,2026-02-15,85.0,100.0
HE,2025-12-12,2026-02-09,2026-02-10,2026-02-16,85.0,100.0
HE,2025-12-13,2026-02-10,2026-02-11,2026-02-17,85.0,100.0
HE,2025-12-14,2026-02-11,2026-02-12,2026-02-18,85.0,100.0
HE,2025-12-15,2026-02-12,2026-02-13,2026-02-19,85.0,100.0
HE,2025-12-16,2026-02-13,2026-02-14,2026-02-20,85.0,100.0
HE,2025-12-17,2026-02-14,2026-02-15,2026-02-21,85.0,100.0
HE,2025-12-18,2026-02-15,2026-02-16,2026-02-22,85.0,100.0
HE,2025-12-19,2026-02-16,2026-02-17,2026-02-23,85.0,100.0
HE,2025-12-20,2026-02-17,2026-02-18,2026-02-24,85.0,100.0
HE,2025-12-21,2026-02-18,2026-02-19,2026-02-25,85.0,100.0
HE,2025-12-22,2026-02-19,2026-02-20,2026-02-26,85.0,100.0
HE,2025-12-23,2026-02-20,2026-02-21,2026-02-27,85.0,100.0
HE,2025-12-24,2026-02-21,2026-02-22,2026-02-28,85.0,100.0
HE,2025-12-25,2026-02-22,2026-02-23,2026-03-01,85.0,100.0
HE,2025-12-26,2026-02-23,2026-02-24,2026-03-02,85.0,100.0
HE,2025-12-27,2026-02-24,2026-02-25,2026-03-03,85.0,100.0
HE,2025-12-28,2026-02-25,2026-02-26,2026-03-04,85.0,100.0
HE,2025-12-29,2026-02-26,2026-02-27,2026-03-05,85.0,100.0
HE,2025-12-30,2026-02-27,2026-02-28,2026-03-06,85.0,100.0
HE,2025-12-31,2026-02-28,2026-03-01,2026-03-07,85.0,100.0
HE,2026-01-01,2026-03-01,2026-03-02,2026-03-08,85.0,100.0
HE,2026-01-02,2026-03-02,2026-03-03,2026-03-09,85.0,100.0
HE,2026-01-03,2026-03-03,2026-03-04,2026-03-10,85.0,100.0
HE,2026-01-04,2026-03-04,2026-03-05,2026-03-11,85.0,100.0
HE,2026-01-05,2026-03-05,2026-03-06,2026-03-12,85.0,100.0
HE,2026-01-06,2026-03-06,2026-03-07,2026-03-13,85.0,100.0
HE,2026-01-07,2026-03-07,2026-03-08,2026-03-14,85.0,100.0
HE,2026-01-08,2026-03-08,2026-03-09,2026-03-15,85.0,100.0
HE,2026-01-09,2026-03-09,2026-03-10,2026-03-16,85.0,100.0
HE,2026-01-10,2026-03-10,2026-03-11,2026-03-17,85.0,100.0
HE,2026-01-11,2026-03-11,2026-03-12,2026-03-18,85.0,100.0
HE,2026-01-12,2026-03-12,2026-03-13,2026-03-19,86.66666666666667,100.0
HE,2026-01-13,2026-03-13,2026-03-14,2026-03-20,88.33333333333333,100.0
HE,2026-01-14,2026-03-14,2026-03-15,2026-03-21,90.0,100.0
HE,2026-01-15,2026-03-15,2026-03-16,2026-03-22,91.66666666666666,100.0
HE,2026-01-16,2026-03-16,2026-03-17,2026-03-23,93.33333333333333,100.0
HE,2026-01-17,2026-03-17,2026-03-18,2026-03-24,95.0,100.0
HE,2026-01-18,2026-03-18,2026-03-19,2026-03-25,96.66666666666667,100.0
HE,2026-01-19,2026-03-19,2026-03-20,2026-03-26,98.33333333333333,100.0
HE,2026-01-20,2026-03-20,2026-03-21,2026-03-27,100.0,100.0
HE,2026-01-21,2026-03-21,2026-03-22,2026-03-28,100.0,100.0
HE,2026-01-22,2026-03-22,2026-03-23,2026-03-29,100.0,100.0
HE,2026-01-23,2026-03-23,2026-03-24,2026-03-30,100.0,100.0
HE,2026-01-24,2026-03-24,2026-03-25,2026-03-31,100.0,100.0
HE,2026-01-25,2026-03-25,2026-03-26,2026-04-01,100.0,100.0
HE,2026-01-26,2026-03-26,2026-03-27,2026-04-02,100.0,100.0
HE,2026-01-27,2026-03-27,2026-03-28,2026-04-03,100.0,100.0
HE,2026-01-28,2026-03-28,2026-03-29,2026-04-04,100.0,100.0
HE,2026-01-29,2026-03-29,2026-03-30,2026-04-05,100.0,100.0
HE,2026-01-30,2026-03-30,2026-03-31,2026-04-06,100.0,100.0
HE,2026-01-31,2026-03-31,2026-04-01,2026-04-07,100.0,100.0
HE,2026-02-01,2026-04-01,2026-04-02,2026-04-08,100.0,100.0
HE,2026-02-02,2026-04-02,2026-04-03,2026-04-09,100.0,100.0
HE,2026-02-03,2026-04-03,2026-04-04,2026-04-10,100.0,100.0
HE,2026-02-04,2026-04-04,2026-04-05,2026-04-11,100.0,100.0
HE,2026-02-05,2026-04-05,2026-04-06,2026-04-12,100.0,100.0
HE,2026-02-06,2026-04-06,2026-04-07,2026-04-13,100.0,100.0
HE,2026-02-07,2026-04-07,2026-04-08,2026-04-14,100.0,100.0
HE,2026-02-08,2026-04-08,2026-04-09,2026-04-15,100.0,100.0
HE,2026-02-09,2026-04-09,2026-04-10,2026-04-16,100.0,100.0
HE,2026-02-10,2026-04-10,2026-04-11,2026-04-17,100.0,100.0
HE,2026-02-11,2026-04-11,2026-04-12,2026-04-18,100.0,100.0
HE,2026-02-12,2026-04-12,2026-04-13,2026-04-19,100.0,100.0
HE,2026-02-13,2026-04-13,2026-04-14,2026-04-20,100.0,100.0
HE,2026-02-14,2026-04-14,2026-04-15,2026-04-21,100.0,100.0
HE,2026-02-15,2026-04-15,2026-04-16,2026-04-22,100.0,100.0
HE,2026-02-16,2026-04-16,2026-04-17,2026-04-23,100.0,100.0
HE,2026-02-17,2026-04-17,2026-04-18,2026-04-24,100.0,100.0
HE,2026-02-18,2026-04-18,2026-04-19,2026-04-25,100.0,100.0
HE,2026-02-19,2026-04-19,2026-04-20,2026-04-26,100.0,100.0
HE,2026-02-20,2026-04-20,2026-04-21,2026-04-27,100.0,100.0
HE,2026-02-21,2026-04-21,2026-04-22,2026-04-28,100.0,100.0
HE,2026-02-22,2026-04-22,2026-04-23,2026-04-29,100.0,100.0
HE,2026-02-23,2026-04-23,2026-04-24,2026-04-30,100.0,100.0
HE,2026-02-24,2026-04-24,2026-04-25,2026-05-01,100.0,100.0
HE,2026-02-25,2026-04-25,2026-04-26,2026-05-02,100.0,100.0
HE,2026-02-26,2026-04-26,2026-04-27,2026-05-03,100.0,100.0
HE,2026-02-27,2026-04-27,2026-04-28,2026-05-04,100.0,100.0
HE,2026-02-28,2026-04-28,2026-04-29,2026-05-05,100.0,100.0
HE,2026-03-01,2026-04-29,2026-04-30,2026-05-06,100.0,100.0
HE,2026-03-02,2026-04-30,2026-05-01,2026-05-07,100.0,100.0
HE,2026-03-03,2026-05-01,2026-05-02,2026-05-08,100.0,100.0
HE,2026-03-04,2026-05-02,2026-05-03,2026-05-09,100.0,100.0
HE,2026-03-05,2026-05-03,2026-05-04,2026-05-10,100.0,100.0
HE,2026-03-06,2026-05-04,2026-05-05,2026-05-11,100.0,100.0
HE,2026-03-07,2026-05-05,2026-05-06,2026-05-12,100.0,100.0
HE,2026-03-08,2026-05-06,2026-05-07,2026-05-13,100.0,100.0
HE,2026-03-09,2026-05-07,2026-05-08,2026-05-14,100.0,100.0
HE,2026-03-10,2026-05-08,2026-05-09,2026-05-15,100.0,100.0
HE,2026-03-11,2026-05-09,2026-05-10,2026-05-16,100.0,100.0
HE,2026-03-12,2026-05-10,2026-05-11,2026-05-17,100.0,100.0
HE,2026-03-13,2026-05-11,2026-05-12,2026-05-18,100.0,100.0
HE,2026-03-14,2026-05-12,2026-05-13,2026-05-19,100.0,100.0
HE,2026-03-15,2026-05-13,2026-05-14,2026-05-20,100.0,100.0
HE,2026-03-16,2026-05-14,2026-05-15,2026-05-21,100.0,100.0
HE,2026-03-17,2026-05-15,2026-05-16,2026-05-22,100.0,100.0
HE,2026-03-18,2026-05-16,2026-05-17,2026-05-23,100.0,100.0
HE,2026-03-19,2026-05-17,2026-05-18,2026-05-24,100.0,100.0
HE,2026-03-20,2026-05-18,2026-05-19,2026-05-25,100.0,100.0
HE,2026-03-21,2026-05-19,2026-05-20,2026-05-26,100.0,100.0
HE,2026-03-22,2026-05-20,2026-05-21,2026-05-27,100.0,100.0
HE,2026-03-23,2026-05-21,2026-05-22,2026-05-28,100.0,100.0
HE,2026-03-24,2026-05-22,2026-05-23,2026-05-29,100.0,100.0
HE,2026-03-25,2026-05-23,2026-05-24,2026-05-30,100.0,100.0
HE,2026-03-26,2026-05-24,2026-05-25,2026-05-31,100.0,100.0
HE,2026-03-27,2026-05-25,2026-05-26,2026-06-01,100.0,100.0
HE,2026-03-28,2026-05-26,2026-05-27,2026-06-02,100.0,100.0
HE,2026-03-29,2026-05-27,2026-05-28,2026-06-03,100.0,100.0
HE,2026-03-30,2026-05-28,2026-05-29,2026-06-04,100.0,100.0
HE,2026-03-31,2026-05-29,2026-05-30,2026-06-05,100.0,100.0
HE,2026-04-01,2026-05-30,2026-05-31,2026-06-06,100.0,100.0
HE,2026-04-02,2026-05-31,2026-06-01,2026-06-07,100.0,100.0
HE,2026-04-03,2026-06-01,2026-06-02,2026-06-08,100.0,100.0
HE,2026-04-04,2026-06-02,2026-06-03,2026-06-09,100.0,100.0
HE,2026-04-05,2026-06-03,2026-06-04,2026-06-10,100.0,100.0
HE,2026-04-06,2026-06-04,2026-06-05,2026-06-11,100.0,100.0
HE,2026-04-07,2026-06-05,2026-06-06,2026-06-12,100.0,100.0
HE,2026-04-08,2026-06-06,2026-06-07,2026-06-13,100.0,100.0
HE,2026-04-09,2026-06-07,2026-06-08,2026-06-14,100.0,100.0
HE,2026-04-10,2026-06-08,2026-06-09,2026-06-15,100.0,100.0
HE,2026-04-11,2026-06-09,2026-06-10,2026-06-16,100.0,100.0
HE,2026-04-12,2026-06-10,2026-06-11,2026-06-17,100.0,100.0
HE,2026-04-13,2026-06-11,2026-06-12,2026-06-18,100.0,100.0
HE,2026-04-14,2026-06-12,2026-06-13,2026-06-19,100.0,100.0
HE,2026-04-15,2026-06-13,2026-06-14,2026-06-20,100.0,100.0
HE,2026-04-16,2026-06-14,2026-06-15,2026-06-21,100.0,100.0
HE,2026-04-17,2026-06-15,2026-06-16,2026-06-22,100.0,100.0
HE,2026-04-18,2026-06-16,2026-06-17,2026-06-23,100.0,100.0
HE,2026-04-19,2026-06-17,2026-06-18,2026-06-24,100.0,85.71428571428571
HE,2026-04-20,2026-06-18,2026-06-19,2026-06-25,100.0,85.71428571428571
HE,2026-04-21,2026-06-19,2026-06-20,2026-06-26,100.0,85.71428571428571
HE,2026-04-22,2026-06-20,2026-06-21,2026-06-27,100.0,85.71428571428571
HE,2026-04-23,2026-06-21,2026-06-22,2026-06-28,100.0,85.71428571428571
HE,2026-04-24,2026-06-22,2026-06-23,2026-06-29,100.0,85.71428571428571
HE,2026-04-25,2026-06-23,2026-06-24,2026-06-30,100.0,85.71428571428571
HE,2026-04-26,2026-06-24,2026-06-25,2026-07-01,98.33333333333333,100.0
HE,2026-04-27,2026-06-25,2026-06-26,2026-07-02,98.33333333333333,100.0
HE,2026-04-28,2026-06-26,2026-06-27,2026-07-03,98.33333333333333,100.0
HE,2026-04-29,2026-06-27,2026-06-28,2026-07-04,98.33333333333333,100.0
HE,2026-04-30,2026-06-28,2026-06-29,2026-07-05,98.33333333333333,100.0
HE,2026-05-01,2026-06-29,2026-06-30,2026-07-06,98.33333333333333,100.0
HE,2026-05-02,2026-06-30,2026-07-01,2026-07-07,98.33333333333333,100.0
HE,2026-05-03,2026-07-01,2026-07-02,2026-07-08,98.33333333333333,100.0
HE,2026-05-04,2026-07-02,2026-07-03,2026-07-09,98.33333333333333,100.0
HE,2026-05-05,2026-07-03,2026-07-04,2026-07-10,98.33333333333333,100.0
HE,2026-05-06,2026-07-04,2026-07-05,2026-07-11,98.33333333333333,100.0
HE,2026-05-07,2026-07-05,2026-07-06,2026-07-12,98.33333333333333,100.0
HE,2026-05-08,2026-07-06,2026-07-07,2026-07-13,98.33333333333333,100.0
HE,2026-05-09,2026-07-07,2026-07-08,2026-07-14,98.33333333333333,100.0
HE,2026-05-10,2026-07-08,2026-07-09,2026-07-15,98.33333333333333,100.0
HE,2026-05-11,2026-07-09,2026-07-10,2026-07-16,98.33333333333333,100.0
HE,2026-05-12,2026-07-10,2026-07-11,2026-07-17,98.33333333333333,100.0
HE,2026-05-13,2026-07-11,2026-07-12,2026-07-18,98.33333333333333,100.0
HE,2026-05-14,2026-07-12,2026-07-13,2026-07-19,98.33333333333333,100.0
HE,2026-05-15,2026-07-13,2026-07-14,2026-07-20,98.33333333333333,100.0
HE,2026-05-16,2026-07-14,2026-07-15,2026-07-21,98.33333333333333,100.0
HE,2026-05-17,2026-07-15,2026-07-16,2026-07-22,98.33333333333333,100.0
HE,2026-05-18,2026-07-16,2026-07-17,2026-07-23,98.33333333333333,100.0
HE,2026-05-19,2026-07-17,2026-07-18,2026-07-24,98.33333333333333,100.0
HE,2026-05-20,2026-07-18,2026-07-19,2026-07-25,98.33333333333333,100.0
HE,2026-05-21,2026-07-19,2026-07-20,2026-07-26,98.33333333333333,100.0
HE,2026-05-22,2026-07-20,2026-07-21,2026-07-27,98.33333333333333,100.0
HE,2026-05-23,2026-07-21,2026-07-22,2026-07-28,98.33333333333333,100.0
HE,2026-05-24,2026-07-22,2026-07-23,2026-07-29,98.33333333333333,100.0
HE,2026-05-25,2026-07-23,2026-07-24,2026-07-30,98.33333333333333,100.0
HE,2026-05-26,2026-07-24,2026-07-25,2026-07-31,98.33333333333333,100.0
HE,2026-05-27,2026-07-25,2026-07-26,2026-08-01,98.33333333333333,100.0
HE,2026-05-28,2026-07-26,2026-07-27,2026-08-02,98.33333333333333,100.0
HE,2026-05-29,2026-07-27,2026-07-28,2026-08-03,98.33333333333333,100.0
HE,2026-05-30,2026-07-28,2026-07-29,2026-08-04,98.33333333333333,100.0
HE,2026-05-31,2026-07-29,2026-07-30,2026-08-05,98.33333333333333,100.0
HE,2026-06-01,2026-07-30,2026-07-31,2026-08-06,98.33333333333333,100.0
HE,2026-06-02,2026-07-31,2026-08-01,2026-08-07,98.33333333333333,100.0
HE,2026-06-03,2026-08-01,2026-08-02,2026-08-08,98.33333333333333,100.0
HE,2026-06-04,2026-08-02,2026-08-03,2026-08-09,98.33333333333333,100.0
HE,2026-06-05,2026-08-03,2026-08-04,2026-08-10,98.33333333333333,100.0
HE,2026-06-06,2026-08-04,2026-08-05,2026-08-11,98.33333333333333,100.0
HE,2026-06-07,2026-08-05,2026-08-06,2026-08-12,98.33333333333333,100.0
HE,2026-06-08,2026-08-06,2026-08-07,2026-08-13,98.33333333333333,100.0
HE,2026-06-09,2026-08-07,2026-08-08,2026-08-14,98.33333333333333,100.0
HE,2026-06-10,2026-08-08,2026-08-09,2026-08-15,98.33333333333333,100.0
HE,2026-06-11,2026-08-09,2026-08-10,2026-08-16,98.33333333333333,100.0
HE,2026-06-12,2026-08-10,2026-08-11,2026-08-17,98.33333333333333,100.0
HE,2026-06-13,2026-08-11,2026-08-12,2026-08-18,98.33333333333333,100.0
HE,2026-06-14,2026-08-12,2026-08-13,2026-08-19,98.33333333333333,100.0
HE,2026-06-15,2026-08-13,2026-08-14,2026-08-20,98.33333333333333,100.0
HE,2026-06-16,2026-08-14,2026-08-15,2026-08-21,98.33333333333333,100.0
HE,2026-06-17,2026-08-15,2026-08-16,2026-08-22,98.33333333333333,100.0
HE,2026-06-18,2026-08-16,2026-08-17,2026-08-23,98.33333333333333,100.0
HE,2026-06-19,2026-08-17,2026-08-18,2026-08-24,98.33333333333333,100.0
HE,2026-06-20,2026-08-18,2026-08-19,2026-08-25,98.33333333333333,100.0
HE,2026-06-21,2026-08-19,2026-08-20,2026-08-26,98.33333333333333,100.0
HE,2026-06-22,2026-08-20,2026-08-21,2026-08-27,98.33333333333333,100.0
HE,2026-06-23,2026-08-21,2026-08-22,2026-08-28,98.33333333333333,100.0
HE,2026-06-24,2026-08-22,2026-08-23,2026-08-29,98.33333333333333,100.0
HE,2026-06-25,2026-08-23,2026-08-24,2026-08-30,100.0,100.0
HE,2026-06-26,2026-08-24,2026-08-25,2026-08-31,100.0,100.0
HE,2026-06-27,2026-08-25,2026-08-26,2026-09-01,100.0,100.0
HE,2026-06-28,2026-08-26,2026-08-27,2026-09-02,100.0,100.0
HE,2026-06-29,2026-08-27,2026-08-28,2026-09-03,100.0,100.0
HE,2026-06-30,2026-08-28,2026-08-29,2026-09-04,100.0,100.0
HE,2026-07-01,2026-08-29,2026-08-30,2026-09-05,100.0,100.0
HE,2026-07-02,2026-08-30,2026-08-31,2026-09-06,100.0,100.0
HE,2026-07-03,2026-08-31,2026-09-01,2026-09-07,100.0,100.0
HE,2026-07-04,2026-09-01,2026-09-02,2026-09-08,100.0,100.0
HE,2026-07-05,2026-09-02,2026-09-03,2026-09-09,100.0,100.0
HE,2026-07-06,2026-09-03,2026-09-04,2026-09-10,100.0,100.0
HE,2026-07-07,2026-09-04,2026-09-05,2026-09-11,100.0,100.0
HE,2026-07-08,2026-09-05,2026-09-06,2026-09-12,100.0,100.0
HE,2026-07-09,2026-09-06,2026-09-07,2026-09-13,100.0,100.0
HE,2026-07-10,2026-09-07,2026-09-08,2026-09-14,100.0,100.0
HE,2026-07-11,2026-09-08,2026-09-09,2026-09-15,100.0,100.0
HE,2026-07-12,2026-09-09,2026-09-10,2026-09-16,100.0,100.0
HE,2026-07-13,2026-09-10,2026-09-11,2026-09-17,100.0,100.0
KE,2025-02-19,2025-04-19,2025-04-20,2025-04-26,98.33333333333333,100.0
KE,2025-02-20,2025-04-20,2025-04-21,2025-04-27,98.33333333333333,100.0
KE,2025-02-21,2025-04-21,2025-04-22,2025-04-28,98.33333333333333,100.0
KE,2025-02-22,2025-04-22,2025-04-23,2025-04-29,98.33333333333333,100.0
KE,2025-02-23,2025-04-23,2025-04-24,2025-04-30,98.33333333333333,100.0
KE,2025-02-24,2025-04-24,2025-04-25,2025-05-01,98.33333333333333,100.0
KE,2025-02-25,2025-04-25,2025-04-26,2025-05-02,98.33333333333333,100.0
KE,2025-02-26,2025-04-26,2025-04-27,2025-05-03,98.33333333333333,100.0
KE,2025-02-27,2025-04-27,2025-04-28,2025-05-04,98.33333333333333,100.0
KE,2025-02-28,2025-04-28,2025-04-29,2025-05-05,98.33333333333333,100.0
KE,2025-03-01,2025-04-29,2025-04-30,2025-05-06,98.33333333333333,100.0
KE,2025-03-02,2025-04-30,2025-05-01,2025-05-07,98.33333333333333,100.0
KE,2025-03-03,2025-05-01,2025-05-02,2025-05-08,98.33333333333333,100.0
KE,2025-03-04,2025-05-02,2025-05-03,2025-05-09,98.33333333333333,100.0
KE,2025-03-05,2025-05-03,2025-05-04,2025-05-10,98.33333333333333,100.0
KE,2025-03-06,2025-05-04,2025-05-05,2025-05-11,98.33333333333333,100.0
KE,2025-03-07,2025-05-05,2025-05-06,2025-05-12,98.33333333333333,100.0
KE,2025-03-08,2025-05-06,2025-05-07,2025-05-13,98.33333333333333,100.0
KE,2025-03-09,2025-05-07,2025-05-08,2025-05-14,98.33333333333333,100.0
KE,2025-03-10,2025-05-08,2025-05-09,2025-05-15,98.33333333333333,100.0
KE,2025-03-11,2025-05-09,2025-05-10,2025-05-16,98.33333333333333,100.0
KE,2025-03-12,2025-05-10,2025-05-11,2025-05-17,98.33333333333333,100.0
KE,2025-03-13,2025-05-11,2025-05-12,2025-05-18,98.33333333333333,100.0
KE,2025-03-14,2025-05-12,2025-05-13,2025-05-19,98.33333333333333,100.0
KE,2025-03-15,2025-05-13,2025-05-14,2025-05-20,98.33333333333333,100.0
KE,2025-03-16,2025-05-14,2025-05-15,2025-05-21,98.33333333333333,100.0
KE,2025-03-17,2025-05-15,2025-05-16,2025-05-22,98.33333333333333,100.0
KE,2025-03-18,2025-05-16,2025-05-17,2025-05-23,98.33333333333333,100.0
KE,2025-03-19,2025-05-17,2025-05-18,2025-05-24,98.33333333333333,100.0
KE,2025-03-20,2025-05-18,2025-05-19,2025-05-25,98.33333333333333,100.0
KE,2025-03-21,2025-05-19,2025-05-20,2025-05-26,98.33333333333333,100.0
KE,2025-03-22,2025-05-20,2025-05-21,2025-05-27,98.33333333333333,100.0
KE,2025-03-23,2025-05-21,2025-05-22,2025-05-28,98.33333333333333,100.0
KE,2025-03-24,2025-05-22,2025-05-23,2025-05-29,98.33333333333333,100.0
KE,2025-03-25,2025-05-23,2025-05-24,2025-05-30,98.33333333333333,100.0
KE,2025-03-26,2025-05-24,2025-05-25,2025-05-31,98.33333333333333,100.0
KE,2025-03-27,2025-05-25,2025-05-26,2025-06-01,98.33333333333333,100.0
KE,2025-03-28,2025-05-26,2025-05-27,2025-06-02,98.33333333333333,100.0
KE,2025-03-29,2025-05-27,2025-05-28,2025-06-03,98.33333333333333,100.0
KE,2025-03-30,2025-05-28,2025-05-29,2025-06-04,98.33333333333333,100.0
KE,2025-03-31,2025-05-29,2025-05-30,2025-06-05,98.33333333333333,100.0
KE,2025-04-01,2025-05-30,2025-05-31,2025-06-06,98.33333333333333,100.0
KE,2025-04-02,2025-05-31,2025-06-01,2025-06-07,98.33333333333333,100.0
KE,2025-04-03,2025-06-01,2025-06-02,2025-06-08,98.33333333333333,100.0
KE,2025-04-04,2025-06-02,2025-06-03,2025-06-09,98.33333333333333,100.0
KE,2025-04-05,2025-06-03,2025-06-04,2025-06-10,98.33333333333333,100.0
KE,2025-04-06,2025-06-04,2025-06-05,2025-06-11,98.33333333333333,100.0
KE,2025-04-07,2025-06-05,2025-06-06,2025-06-12,98.33333333333333,100.0
KE,2025-04-08,2025-06-06,2025-06-07,2025-06-13,98.33333333333333,100.0
KE,2025-04-09,2025-06-07,2025-06-08,2025-06-14,98.33333333333333,100.0
KE,2025-04-10,2025-06-08,2025-06-09,2025-06-15,98.33333333333333,100.0
KE,2025-04-11,2025-06-09,2025-06-10,2025-06-16,100.0,100.0
KE,2025-04-12,2025-06-10,2025-06-11,2025-06-17,100.0,100.0
KE,2025-04-13,2025-06-11,2025-06-12,2025-06-18,100.0,100.0
KE,2025-04-14,2025-06-12,2025-06-13,2025-06-19,100.0,100.0
KE,2025-04-15,2025-06-13,2025-06-14,2025-06-20,100.0,100.0
KE,2025-04-16,2025-06-14,2025-06-15,2025-06-21,100.0,100.0
KE,2025-04-17,2025-06-15,2025-06-16,2025-06-22,100.0,100.0
KE,2025-04-18,2025-06-16,2025-06-17,2025-06-23,100.0,100.0
KE,2025-04-19,2025-06-17,2025-06-18,2025-06-24,100.0,100.0
KE,2025-04-20,2025-06-18,2025-06-19,2025-06-25,100.0,100.0
KE,2025-04-21,2025-06-19,2025-06-20,2025-06-26,100.0,100.0
KE,2025-04-22,2025-06-20,2025-06-21,2025-06-27,100.0,100.0
KE,2025-04-23,2025-06-21,2025-06-22,2025-06-28,100.0,100.0
KE,2025-04-24,2025-06-22,2025-06-23,2025-06-29,100.0,100.0
KE,2025-04-25,2025-06-23,2025-06-24,2025-06-30,100.0,100.0
KE,2025-04-26,2025-06-24,2025-06-25,2025-07-01,100.0,100.0
KE,2025-04-27,2025-06-25,2025-06-26,2025-07-02,100.0,100.0
KE,2025-04-28,2025-06-26,2025-06-27,2025-07-03,100.0,100.0
KE,2025-04-29,2025-06-27,2025-06-28,2025-07-04,100.0,100.0
KE,2025-04-30,2025-06-28,2025-06-29,2025-07-05,100.0,100.0
KE,2025-05-01,2025-06-29,2025-06-30,2025-07-06,100.0,100.0
KE,2025-05-02,2025-06-30,2025-07-01,2025-07-07,100.0,100.0
KE,2025-05-03,2025-07-01,2025-07-02,2025-07-08,100.0,100.0
KE,2025-05-04,2025-07-02,2025-07-03,2025-07-09,100.0,100.0
KE,2025-05-05,2025-07-03,2025-07-04,2025-07-10,100.0,100.0
KE,2025-05-06,2025-07-04,2025-07-05,2025-07-11,100.0,100.0
KE,2025-05-07,2025-07-05,2025-07-06,2025-07-12,100.0,100.0
KE,2025-05-08,2025-07-06,2025-07-07,2025-07-13,100.0,100.0
KE,2025-05-09,2025-07-07,2025-07-08,2025-07-14,100.0,100.0
KE,2025-05-10,2025-07-08,2025-07-09,2025-07-15,100.0,100.0
KE,2025-05-11,2025-07-09,2025-07-10,2025-07-16,100.0,100.0
KE,2025-05-12,2025-07-10,2025-07-11,2025-07-17,100.0,100.0
KE,2025-05-13,2025-07-11,2025-07-12,2025-07-18,100.0,100.0
KE,2025-05-14,2025-07-12,2025-07-13,2025-07-19,100.0,100.0
KE,2025-05-15,2025-07-13,2025-07-14,2025-07-20,100.0,100.0
KE,2025-05-16,2025-07-14,2025-07-15,2025-07-21,100.0,100.0
KE,2025-05-17,2025-07-15,2025-07-16,2025-07-22,100.0,100.0
KE,2025-05-18,2025-07-16,2025-07-17,2025-07-23,100.0,100.0
KE,2025-05-19,2025-07-17,2025-07-18,2025-07-24,100.0,100.0
KE,2025-05-20,2025-07-18,2025-07-19,2025-07-25,100.0,100.0
KE,2025-05-21,2025-07-19,2025-07-20,2025-07-26,100.0,100.0
KE,2025-05-22,2025-07-20,2025-07-21,2025-07-27,100.0,100.0
KE,2025-05-23,2025-07-21,2025-07-22,2025-07-28,100.0,100.0
KE,2025-05-24,2025-07-22,2025-07-23,2025-07-29,100.0,100.0
KE,2025-05-25,2025-07-23,2025-07-24,2025-07-30,100.0,100.0
KE,2025-05-26,2025-07-24,2025-07-25,2025-07-31,100.0,100.0
KE,2025-05-27,2025-07-25,2025-07-26,2025-08-01,100.0,100.0
KE,2025-05-28,2025-07-26,2025-07-27,2025-08-02,100.0,100.0
KE,2025-05-29,2025-07-27,2025-07-28,2025-08-03,100.0,100.0
KE,2025-05-30,2025-07-28,2025-07-29,2025-08-04,100.0,100.0
KE,2025-05-31,2025-07-29,2025-07-30,2025-08-05,100.0,100.0
KE,2025-06-01,2025-07-30,2025-07-31,2025-08-06,100.0,100.0
KE,2025-06-02,2025-07-31,2025-08-01,2025-08-07,100.0,100.0
KE,2025-06-03,2025-08-01,2025-08-02,2025-08-08,100.0,100.0
KE,2025-06-04,2025-08-02,2025-08-03,2025-08-09,100.0,100.0
KE,2025-06-05,2025-08-03,2025-08-04,2025-08-10,100.0,100.0
KE,2025-06-06,2025-08-04,2025-08-05,2025-08-11,100.0,100.0
KE,2025-06-07,2025-08-05,2025-08-06,2025-08-12,100.0,100.0
KE,2025-06-08,2025-08-06,2025-08-07,2025-08-13,100.0,100.0
KE,2025-06-09,2025-08-07,2025-08-08,2025-08-14,100.0,100.0
KE,2025-06-10,2025-08-08,2025-08-09,2025-08-15,100.0,100.0
KE,2025-06-11,2025-08-09,2025-08-10,2025-08-16,100.0,100.0
KE,2025-06-12,2025-08-10,2025-08-11,2025-08-17,100.0,100.0
KE,2025-06-13,2025-08-11,2025-08-12,2025-08-18,100.0,100.0
KE,2025-06-14,2025-08-12,2025-08-13,2025-08-19,100.0,100.0
KE,2025-06-15,2025-08-13,2025-08-14,2025-08-20,100.0,100.0
KE,2025-06-16,2025-08-14,2025-08-15,2025-08-21,100.0,100.0
KE,2025-06-17,2025-08-15,2025-08-16,2025-08-22,100.0,100.0
KE,2025-06-18,2025-08-16,2025-08-17,2025-08-23,100.0,100.0
KE,2025-06-19,2025-08-17,2025-08-18,2025-08-24,100.0,100.0
KE,2025-06-20,2025-08-18,2025-08-19,2025-08-25,100.0,100.0
KE,2025-06-21,2025-08-19,2025-08-20,2025-08-26,100.0,100.0
KE,2025-06-22,2025-08-20,2025-08-21,2025-08-27,100.0,100.0
KE,2025-06-23,2025-08-21,2025-08-22,2025-08-28,100.0,100.0
KE,2025-06-24,2025-08-22,2025-08-23,2025-08-29,100.0,100.0
KE,2025-06-25,2025-08-23,2025-08-24,2025-08-30,100.0,100.0
KE,2025-06-26,2025-08-24,2025-08-25,2025-08-31,100.0,100.0
KE,2025-06-27,2025-08-25,2025-08-26,2025-09-01,100.0,100.0
KE,2025-06-28,2025-08-26,2025-08-27,2025-09-02,100.0,100.0
KE,2025-06-29,2025-08-27,2025-08-28,2025-09-03,100.0,100.0
KE,2025-06-30,2025-08-28,2025-08-29,2025-09-04,100.0,100.0
KE,2025-07-01,2025-08-29,2025-08-30,2025-09-05,100.0,100.0
KE,2025-07-02,2025-08-30,2025-08-31,2025-09-06,100.0,100.0
KE,2025-07-03,2025-08-31,2025-09-01,2025-09-07,100.0,100.0
KE,2025-07-04,2025-09-01,2025-09-02,2025-09-08,100.0,100.0
KE,2025-07-05,2025-09-02,2025-09-03,2025-09-09,100.0,100.0
KE,2025-07-06,2025-09-03,2025-09-04,2025-09-10,100.0,100.0
KE,2025-07-07,2025-09-04,2025-09-05,2025-09-11,100.0,100.0
KE,2025-07-08,2025-09-05,2025-09-06,2025-09-12,100.0,100.0
KE,2025-07-09,2025-09-06,2025-09-07,2025-09-13,100.0,100.0
KE,2025-07-10,2025-09-07,2025-09-08,2025-09-14,100.0,100.0
KE,2025-07-11,2025-09-08,2025-09-09,2025-09-15,100.0,100.0
KE,2025-07-12,2025-09-09,2025-09-10,2025-09-16,100.0,100.0
KE,2025-07-13,2025-09-10,2025-09-11,2025-09-17,100.0,100.0
KE,2025-07-14,2025-09-11,2025-09-12,2025-09-18,100.0,100.0
KE,2025-07-15,2025-09-12,2025-09-13,2025-09-19,100.0,100.0
KE,2025-07-16,2025-09-13,2025-09-14,2025-09-20,100.0,100.0
KE,2025-07-17,2025-09-14,2025-09-15,2025-09-21,100.0,100.0
KE,2025-07-18,2025-09-15,2025-09-16,2025-09-22,100.0,100.0
KE,2025-07-19,2025-09-16,2025-09-17,2025-09-23,100.0,100.0
KE,2025-07-20,2025-09-17,2025-09-18,2025-09-24,100.0,100.0
KE,2025-07-21,2025-09-18,2025-09-19,2025-09-25,100.0,100.0
KE,2025-07-22,2025-09-19,2025-09-20,2025-09-26,100.0,100.0
KE,2025-07-23,2025-09-20,2025-09-21,2025-09-27,100.0,100.0
KE,2025-07-24,2025-09-21,2025-09-22,2025-09-28,100.0,100.0
KE,2025-07-25,2025-09-22,2025-09-23,2025-09-29,100.0,100.0
KE,2025-07-26,2025-09-23,2025-09-24,2025-09-30,100.0,100.0
KE,2025-07-27,2025-09-24,2025-09-25,2025-10-01,100.0,100.0
KE,2025-07-28,2025-09-25,2025-09-26,2025-10-02,100.0,100.0
KE,2025-07-29,2025-09-26,2025-09-27,2025-10-03,100.0,100.0
KE,2025-07-30,2025-09-27,2025-09-28,2025-10-04,100.0,100.0
KE,2025-07-31,2025-09-28,2025-09-29,2025-10-05,100.0,100.0
KE,2025-08-01,2025-09-29,2025-09-30,2025-10-06,100.0,100.0
KE,2025-08-02,2025-09-30,2025-10-01,2025-10-07,100.0,100.0
KE,2025-08-03,2025-10-01,2025-10-02,2025-10-08,100.0,100.0
KE,2025-08-04,2025-10-02,2025-10-03,2025-10-09,100.0,100.0
KE,2025-08-05,2025-10-03,2025-10-04,2025-10-10,100.0,100.0
KE,2025-08-06,2025-10-04,2025-10-05,2025-10-11,100.0,100.0
KE,2025-08-07,2025-10-05,2025-10-06,2025-10-12,100.0,100.0
KE,2025-08-08,2025-10-06,2025-10-07,2025-10-13,100.0,100.0
KE,2025-08-09,2025-10-07,2025-10-08,2025-10-14,100.0,100.0
KE,2025-08-10,2025-10-08,2025-10-09,2025-10-15,100.0,100.0
KE,2025-08-11,2025-10-09,2025-10-10,2025-10-16,100.0,100.0
KE,2025-08-12,2025-10-10,2025-10-11,2025-10-17,100.0,100.0
KE,2025-08-13,2025-10-11,2025-10-12,2025-10-18,100.0,100.0
KE,2025-08-14,2025-10-12,2025-10-13,2025-10-19,100.0,100.0
KE,2025-08-15,2025-10-13,2025-10-14,2025-10-20,100.0,100.0
KE,2025-08-16,2025-10-14,2025-10-15,2025-10-21,100.0,100.0
KE,2025-08-17,2025-10-15,2025-10-16,2025-10-22,100.0,100.0
KE,2025-08-18,2025-10-16,2025-10-17,2025-10-23,100.0,100.0
KE,2025-08-19,2025-10-17,2025-10-18,2025-10-24,100.0,100.0
KE,2025-08-20,2025-10-18,2025-10-19,2025-10-25,100.0,100.0
KE,2025-08-21,2025-10-19,2025-10-20,2025-10-26,100.0,100.0
KE,2025-08-22,2025-10-20,2025-10-21,2025-10-27,100.0,100.0
KE,2025-08-23,2025-10-21,2025-10-22,2025-10-28,100.0,100.0
KE,2025-08-24,2025-10-22,2025-10-23,2025-10-29,100.0,100.0
KE,2025-08-25,2025-10-23,2025-10-24,2025-10-30,100.0,100.0
KE,2025-08-26,2025-10-24,2025-10-25,2025-10-31,100.0,100.0
KE,2025-08-27,2025-10-25,2025-10-26,2025-11-01,100.0,100.0
KE,2025-08-28,2025-10-26,2025-10-27,2025-11-02,100.0,100.0
KE,2025-08-29,2025-10-27,2025-10-28,2025-11-03,100.0,100.0
KE,2025-08-30,2025-10-28,2025-10-29,2025-11-04,100.0,100.0
KE,2025-08-31,2025-10-29,2025-10-30,2025-11-05,100.0,100.0
KE,2025-09-01,2025-10-30,2025-10-31,2025-11-06,100.0,100.0
KE,2025-09-02,2025-10-31,2025-11-01,2025-11-07,100.0,100.0
KE,2025-09-03,2025-11-01,2025-11-02,2025-11-08,100.0,100.0
KE,2025-09-04,2025-11-02,2025-11-03,2025-11-09,100.0,100.0
KE,2025-09-05,2025-11-03,2025-11-04,2025-11-10,100.0,100.0
KE,2025-09-06,2025-11-04,2025-11-05,2025-11-11,100.0,100.0
KE,2025-09-07,2025-11-05,2025-11-06,2025-11-12,100.0,100.0
KE,2025-09-08,2025-11-06,2025-11-07,2025-11-13,100.0,100.0
KE,2025-09-09,2025-11-07,2025-11-08,2025-11-14,100.0,100.0
KE,2025-09-10,2025-11-08,2025-11-09,2025-11-15,100.0,100.0
KE,2025-09-11,2025-11-09,2025-11-10,2025-11-16,100.0,100.0
KE,2025-09-12,2025-11-10,2025-11-11,2025-11-17,100.0,100.0
KE,2025-09-13,2025-11-11,2025-11-12,2025-11-18,100.0,100.0
KE,2025-09-14,2025-11-12,2025-11-13,2025-11-19,100.0,100.0
KE,2025-09-15,2025-11-13,2025-11-14,2025-11-20,100.0,100.0
KE,2025-09-16,2025-11-14,2025-11-15,2025-11-21,100.0,100.0
KE,2025-09-17,2025-11-15,2025-11-16,2025-11-22,100.0,100.0
KE,2025-09-18,2025-11-16,2025-11-17,2025-11-23,100.0,85.71428571428571
KE,2025-09-19,2025-11-17,2025-11-18,2025-11-24,100.0,85.71428571428571
KE,2025-09-20,2025-11-18,2025-11-19,2025-11-25,100.0,85.71428571428571
KE,2025-09-21,2025-11-19,2025-11-20,2025-11-26,100.0,85.71428571428571
KE,2025-09-22,2025-11-20,2025-11-21,2025-11-27,100.0,85.71428571428571
KE,2025-09-23,2025-11-21,2025-11-22,2025-11-28,100.0,85.71428571428571
KE,2025-09-24,2025-11-22,2025-11-23,2025-11-29,100.0,85.71428571428571
KE,2025-09-25,2025-11-23,2025-11-24,2025-11-30,98.33333333333333,100.0
KE,2025-09-26,2025-11-24,2025-11-25,2025-12-01,98.33333333333333,100.0
KE,2025-09-27,2025-11-25,2025-11-26,2025-12-02,98.33333333333333,100.0
KE,2025-09-28,2025-11-26,2025-11-27,2025-12-03,98.33333333333333,85.71428571428571
KE,2025-12-27,2026-02-24,2026-02-25,2026-03-03,80.0,100.0
KE,2025-12-28,2026-02-25,2026-02-26,2026-03-04,81.66666666666667,100.0
KE,2025-12-29,2026-02-26,2026-02-27,2026-03-05,83.33333333333334,100.0
KE,2025-12-30,2026-02-27,2026-02-28,2026-03-06,85.0,100.0
KE,2025-12-31,2026-02-28,2026-03-01,2026-03-07,85.0,100.0
KE,2026-01-01,2026-03-01,2026-03-02,2026-03-08,85.0,85.71428571428571
KE,2026-03-11,2026-05-09,2026-05-10,2026-05-16,80.0,100.0
KE,2026-03-12,2026-05-10,2026-05-11,2026-05-17,81.66666666666667,100.0
KE,2026-03-13,2026-05-11,2026-05-12,2026-05-18,83.33333333333334,100.0
KE,2026-03-14,2026-05-12,2026-05-13,2026-05-19,85.0,100.0
KE,2026-03-15,2026-05-13,2026-05-14,2026-05-20,86.66666666666667,100.0
KE,2026-03-16,2026-05-14,2026-05-15,2026-05-21,88.33333333333333,100.0
KE,2026-03-17,2026-05-15,2026-05-16,2026-05-22,90.0,100.0
KE,2026-03-18,2026-05-16,2026-05-17,2026-05-23,91.66666666666666,100.0
KE,2026-03-19,2026-05-17,2026-05-18,2026-05-24,93.33333333333333,100.0
KE,2026-03-20,2026-05-18,2026-05-19,2026-05-25,95.0,100.0
KE,2026-03-21,2026-05-19,2026-05-20,2026-05-26,96.66666666666667,100.0
KE,2026-03-22,2026-05-20,2026-05-21,2026-05-27,98.33333333333333,100.0
KE,2026-03-23,2026-05-21,2026-05-22,2026-05-28,100.0,100.0
KE,2026-03-24,2026-05-22,2026-05-23,2026-05-29,100.0,100.0
KE,2026-03-25,2026-05-23,2026-05-24,2026-05-30,100.0,100.0
KE,2026-03-26,2026-05-24,2026-05-25,2026-05-31,100.0,100.0
KE,2026-03-27,2026-05-25,2026-05-26,2026-06-01,100.0,100.0
KE,2026-03-28,2026-05-26,2026-05-27,2026-06-02,100.0,100.0
KE,2026-03-29,2026-05-27,2026-05-28,2026-06-03,100.0,100.0
KE,2026-03-30,2026-05-28,2026-05-29,2026-06-04,100.0,100.0
KE,2026-03-31,2026-05-29,2026-05-30,2026-06-05,100.0,100.0
KE,2026-04-01,2026-05-30,2026-05-31,2026-06-06,100.0,100.0
KE,2026-04-02,2026-05-31,2026-06-01,2026-06-07,100.0,100.0
KE,2026-04-03,2026-06-01,2026-06-02,2026-06-08,100.0,100.0
KE,2026-04-04,2026-06-02,2026-06-03,2026-06-09,100.0,100.0
KE,2026-04-05,2026-06-03,2026-06-04,2026-06-10,100.0,100.0
KE,2026-04-06,2026-06-04,2026-06-05,2026-06-11,100.0,100.0
KE,2026-04-07,2026-06-05,2026-06-06,2026-06-12,100.0,100.0
KE,2026-04-08,2026-06-06,2026-06-07,2026-06-13,100.0,100.0
KE,2026-04-09,2026-06-07,2026-06-08,2026-06-14,100.0,100.0
KE,2026-04-10,2026-06-08,2026-06-09,2026-06-15,100.0,100.0
KE,2026-04-11,2026-06-09,2026-06-10,2026-06-16,100.0,100.0
KE,2026-04-12,2026-06-10,2026-06-11,2026-06-17,100.0,100.0
KE,2026-04-13,2026-06-11,2026-06-12,2026-06-18,100.0,100.0
KE,2026-04-14,2026-06-12,2026-06-13,2026-06-19,100.0,100.0
KE,2026-04-15,2026-06-13,2026-06-14,2026-06-20,100.0,100.0
KE,2026-04-16,2026-06-14,2026-06-15,2026-06-21,100.0,85.71428571428571
KE,2026-04-17,2026-06-15,2026-06-16,2026-06-22,100.0,85.71428571428571
KE,2026-04-18,2026-06-16,2026-06-17,2026-06-23,100.0,85.71428571428571
KW,2025-02-19,2025-04-19,2025-04-20,2025-04-26,98.33333333333333,85.71428571428571
KW,2025-02-20,2025-04-20,2025-04-21,2025-04-27,96.66666666666667,100.0
KW,2025-02-21,2025-04-21,2025-04-22,2025-04-28,96.66666666666667,100.0
KW,2025-02-22,2025-04-22,2025-04-23,2025-04-29,96.66666666666667,100.0
KW,2025-02-23,2025-04-23,2025-04-24,2025-04-30,96.66666666666667,100.0
KW,2025-02-24,2025-04-24,2025-04-25,2025-05-01,96.66666666666667,100.0
KW,2025-02-25,2025-04-25,2025-04-26,2025-05-02,96.66666666666667,100.0
KW,2025-02-26,2025-04-26,2025-04-27,2025-05-03,96.66666666666667,100.0
KW,2025-02-27,2025-04-27,2025-04-28,2025-05-04,96.66666666666667,85.71428571428571
KW,2025-02-28,2025-04-28,2025-04-29,2025-05-05,96.66666666666667,85.71428571428571
KW,2025-03-01,2025-04-29,2025-04-30,2025-05-06,96.66666666666667,85.71428571428571
KW,2025-03-02,2025-04-30,2025-05-01,2025-05-07,96.66666666666667,85.71428571428571
KW,2025-03-03,2025-05-01,2025-05-02,2025-05-08,96.66666666666667,85.71428571428571
KW,2025-03-04,2025-05-02,2025-05-03,2025-05-09,96.66666666666667,85.71428571428571
KW,2025-03-05,2025-05-03,2025-05-04,2025-05-10,96.66666666666667,85.71428571428571
KW,2025-03-06,2025-05-04,2025-05-05,2025-05-11,95.0,100.0
KW,2025-03-07,2025-05-05,2025-05-06,2025-05-12,95.0,100.0
KW,2025-03-08,2025-05-06,2025-05-07,2025-05-13,95.0,100.0
KW,2025-03-09,2025-05-07,2025-05-08,2025-05-14,95.0,100.0
KW,2025-03-10,2025-05-08,2025-05-09,2025-05-15,95.0,100.0
KW,2025-03-11,2025-05-09,2025-05-10,2025-05-16,95.0,100.0
KW,2025-03-12,2025-05-10,2025-05-11,2025-05-17,95.0,100.0
KW,2025-03-13,2025-05-11,2025-05-12,2025-05-18,95.0,100.0
KW,2025-03-14,2025-05-12,2025-05-13,2025-05-19,95.0,100.0
KW,2025-03-15,2025-05-13,2025-05-14,2025-05-20,95.0,100.0
KW,2025-03-16,2025-05-14,2025-05-15,2025-05-21,95.0,100.0
KW,2025-03-17,2025-05-15,2025-05-16,2025-05-22,95.0,100.0
KW,2025-03-18,2025-05-16,2025-05-17,2025-05-23,95.0,100.0
KW,2025-03-19,2025-05-17,2025-05-18,2025-05-24,95.0,100.0
KW,2025-03-20,2025-05-18,2025-05-19,2025-05-25,95.0,100.0
KW,2025-03-21,2025-05-19,2025-05-20,2025-05-26,95.0,100.0
KW,2025-03-22,2025-05-20,2025-05-21,2025-05-27,95.0,100.0
KW,2025-03-23,2025-05-21,2025-05-22,2025-05-28,95.0,100.0
KW,2025-03-24,2025-05-22,2025-05-23,2025-05-29,95.0,100.0
KW,2025-03-25,2025-05-23,2025-05-24,2025-05-30,95.0,100.0
KW,2025-03-26,2025-05-24,2025-05-25,2025-05-31,95.0,100.0
KW,2025-03-27,2025-05-25,2025-05-26,2025-06-01,95.0,100.0
KW,2025-03-28,2025-05-26,2025-05-27,2025-06-02,95.0,100.0
KW,2025-03-29,2025-05-27,2025-05-28,2025-06-03,95.0,100.0
KW,2025-03-30,2025-05-28,2025-05-29,2025-06-04,95.0,100.0
KW,2025-03-31,2025-05-29,2025-05-30,2025-06-05,95.0,100.0
KW,2025-04-01,2025-05-30,2025-05-31,2025-06-06,95.0,100.0
KW,2025-04-02,2025-05-31,2025-06-01,2025-06-07,95.0,100.0
KW,2025-04-03,2025-06-01,2025-06-02,2025-06-08,95.0,100.0
KW,2025-04-04,2025-06-02,2025-06-03,2025-06-09,95.0,100.0
KW,2025-04-05,2025-06-03,2025-06-04,2025-06-10,95.0,100.0
KW,2025-04-06,2025-06-04,2025-06-05,2025-06-11,95.0,100.0
KW,2025-04-07,2025-06-05,2025-06-06,2025-06-12,95.0,100.0
KW,2025-04-08,2025-06-06,2025-06-07,2025-06-13,95.0,100.0
KW,2025-04-09,2025-06-07,2025-06-08,2025-06-14,95.0,100.0
KW,2025-04-10,2025-06-08,2025-06-09,2025-06-15,95.0,100.0
KW,2025-04-11,2025-06-09,2025-06-10,2025-06-16,96.66666666666667,100.0
KW,2025-04-12,2025-06-10,2025-06-11,2025-06-17,96.66666666666667,100.0
KW,2025-04-13,2025-06-11,2025-06-12,2025-06-18,96.66666666666667,100.0
KW,2025-04-14,2025-06-12,2025-06-13,2025-06-19,96.66666666666667,100.0
KW,2025-04-15,2025-06-13,2025-06-14,2025-06-20,96.66666666666667,100.0
KW,2025-04-16,2025-06-14,2025-06-15,2025-06-21,96.66666666666667,100.0
KW,2025-04-17,2025-06-15,2025-06-16,2025-06-22,96.66666666666667,100.0
KW,2025-04-18,2025-06-16,2025-06-17,2025-06-23,96.66666666666667,100.0
KW,2025-04-19,2025-06-17,2025-06-18,2025-06-24,96.66666666666667,100.0
KW,2025-04-20,2025-06-18,2025-06-19,2025-06-25,96.66666666666667,100.0
KW,2025-04-21,2025-06-19,2025-06-20,2025-06-26,98.33333333333333,100.0
KW,2025-04-22,2025-06-20,2025-06-21,2025-06-27,98.33333333333333,100.0
KW,2025-04-23,2025-06-21,2025-06-22,2025-06-28,98.33333333333333,100.0
KW,2025-04-24,2025-06-22,2025-06-23,2025-06-29,98.33333333333333,100.0
KW,2025-04-25,2025-06-23,2025-06-24,2025-06-30,98.33333333333333,100.0
KW,2025-04-26,2025-06-24,2025-06-25,2025-07-01,98.33333333333333,100.0
KW,2025-04-27,2025-06-25,2025-06-26,2025-07-02,98.33333333333333,100.0
KW,2025-04-28,2025-06-26,2025-06-27,2025-07-03,98.33333333333333,100.0
KW,2025-04-29,2025-06-27,2025-06-28,2025-07-04,98.33333333333333,100.0
KW,2025-04-30,2025-06-28,2025-06-29,2025-07-05,98.33333333333333,85.71428571428571
KW,2025-05-07,2025-07-05,2025-07-06,2025-07-12,98.33333333333333,85.71428571428571
KW,2025-05-08,2025-07-06,2025-07-07,2025-07-13,96.66666666666667,100.0
KW,2025-05-09,2025-07-07,2025-07-08,2025-07-14,96.66666666666667,100.0
KW,2025-05-10,2025-07-08,2025-07-09,2025-07-15,96.66666666666667,100.0
KW,2025-05-11,2025-07-09,2025-07-10,2025-07-16,96.66666666666667,100.0
KW,2025-05-12,2025-07-10,2025-07-11,2025-07-17,96.66666666666667,100.0
KW,2025-05-13,2025-07-11,2025-07-12,2025-07-18,96.66666666666667,100.0
KW,2025-05-14,2025-07-12,2025-07-13,2025-07-19,96.66666666666667,85.71428571428571
KW,2025-09-07,2025-11-05,2025-11-06,2025-11-12,80.0,85.71428571428571
KW,2025-09-08,2025-11-06,2025-11-07,2025-11-13,81.66666666666667,85.71428571428571
KW,2025-09-09,2025-11-07,2025-11-08,2025-11-14,83.33333333333334,85.71428571428571
KW,2025-09-10,2025-11-08,2025-11-09,2025-11-15,83.33333333333334,100.0
KW,2025-09-11,2025-11-09,2025-11-10,2025-11-16,83.33333333333334,100.0
KW,2025-09-12,2025-11-10,2025-11-11,2025-11-17,85.0,100.0
KW,2025-09-13,2025-11-11,2025-11-12,2025-11-18,86.66666666666667,100.0
KW,2025-09-14,2025-11-12,2025-11-13,2025-11-19,88.33333333333333,100.0
KW,2025-09-15,2025-11-13,2025-11-14,2025-11-20,90.0,100.0
KW,2025-09-16,2025-11-14,2025-11-15,2025-11-21,90.0,100.0
KW,2025-09-17,2025-11-15,2025-11-16,2025-11-22,90.0,100.0
KW,2025-09-18,2025-11-16,2025-11-17,2025-11-23,90.0,100.0
KW,2025-09-19,2025-11-17,2025-11-18,2025-11-24,90.0,100.0
KW,2025-09-20,2025-11-18,2025-11-19,2025-11-25,90.0,100.0
KW,2025-09-21,2025-11-19,2025-11-20,2025-11-26,90.0,100.0
KW,2025-09-22,2025-11-20,2025-11-21,2025-11-27,90.0,100.0
KW,2025-09-23,2025-11-21,2025-11-22,2025-11-28,90.0,100.0
KW,2025-09-24,2025-11-22,2025-11-23,2025-11-29,91.66666666666666,100.0
KW,2025-09-25,2025-11-23,2025-11-24,2025-11-30,93.33333333333333,100.0
KW,2025-09-26,2025-11-24,2025-11-25,2025-12-01,95.0,100.0
KW,2025-09-27,2025-11-25,2025-11-26,2025-12-02,95.0,100.0
KW,2025-09-28,2025-11-26,2025-11-27,2025-12-03,95.0,100.0
KW,2025-09-29,2025-11-27,2025-11-28,2025-12-04,95.0,100.0
KW,2025-09-30,2025-11-28,2025-11-29,2025-12-05,95.0,100.0
KW,2025-10-01,2025-11-29,2025-11-30,2025-12-06,95.0,100.0
KW,2025-10-02,2025-11-30,2025-12-01,2025-12-07,95.0,100.0
KW,2025-10-03,2025-12-01,2025-12-02,2025-12-08,95.0,100.0
KW,2025-10-04,2025-12-02,2025-12-03,2025-12-09,95.0,100.0
KW,2025-10-05,2025-12-03,2025-12-04,2025-12-10,95.0,100.0
KW,2025-10-06,2025-12-04,2025-12-05,2025-12-11,96.66666666666667,100.0
KW,2025-10-07,2025-12-05,2025-12-06,2025-12-12,96.66666666666667,100.0
KW,2025-10-08,2025-12-06,2025-12-07,2025-12-13,96.66666666666667,100.0
KW,2025-10-09,2025-12-07,2025-12-08,2025-12-14,96.66666666666667,100.0
KW,2025-10-10,2025-12-08,2025-12-09,2025-12-15,96.66666666666667,100.0
KW,2025-10-11,2025-12-09,2025-12-10,2025-12-16,96.66666666666667,100.0
KW,2025-10-12,2025-12-10,2025-12-11,2025-12-17,96.66666666666667,100.0
KW,2025-10-13,2025-12-11,2025-12-12,2025-12-18,96.66666666666667,100.0
KW,2025-10-14,2025-12-12,2025-12-13,2025-12-19,96.66666666666667,100.0
KW,2025-10-15,2025-12-13,2025-12-14,2025-12-20,96.66666666666667,85.71428571428571
KW,2025-10-22,2025-12-20,2025-12-21,2025-12-27,95.0,85.71428571428571
KW,2025-10-23,2025-12-21,2025-12-22,2025-12-28,93.33333333333333,100.0
KW,2025-10-24,2025-12-22,2025-12-23,2025-12-29,93.33333333333333,100.0
KW,2025-10-25,2025-12-23,2025-12-24,2025-12-30,93.33333333333333,100.0
KW,2025-10-26,2025-12-24,2025-12-25,2025-12-31,93.33333333333333,100.0
KW,2025-10-27,2025-12-25,2025-12-26,2026-01-01,93.33333333333333,100.0
KW,2025-10-28,2025-12-26,2025-12-27,2026-01-02,93.33333333333333,100.0
KW,2025-10-29,2025-12-27,2025-12-28,2026-01-03,93.33333333333333,100.0
KW,2025-10-30,2025-12-28,2025-12-29,2026-01-04,93.33333333333333,100.0
KW,2025-10-31,2025-12-29,2025-12-30,2026-01-05,93.33333333333333,100.0
KW,2025-11-01,2025-12-30,2025-12-31,2026-01-06,93.33333333333333,100.0
KW,2025-11-02,2025-12-31,2026-01-01,2026-01-07,93.33333333333333,100.0
KW,2025-11-03,2026-01-01,2026-01-02,2026-01-08,93.33333333333333,100.0
KW,2025-11-04,2026-01-02,2026-01-03,2026-01-09,93.33333333333333,100.0
KW,2025-11-05,2026-01-03,2026-01-04,2026-01-10,95.0,100.0
KW,2025-11-06,2026-01-04,2026-01-05,2026-01-11,95.0,85.71428571428571
KW,2025-11-21,2026-01-19,2026-01-20,2026-01-26,81.66666666666667,85.71428571428571
KW,2025-11-22,2026-01-20,2026-01-21,2026-01-27,81.66666666666667,85.71428571428571
KW,2026-02-02,2026-04-02,2026-04-03,2026-04-09,80.0,100.0
KW,2026-02-03,2026-04-03,2026-04-04,2026-04-10,80.0,100.0
KW,2026-02-04,2026-04-04,2026-04-05,2026-04-11,80.0,100.0
KW,2026-02-05,2026-04-05,2026-04-06,2026-04-12,80.0,100.0
KW,2026-02-06,2026-04-06,2026-04-07,2026-04-13,80.0,100.0
KW,2026-02-07,2026-04-07,2026-04-08,2026-04-14,80.0,100.0
KW,2026-02-08,2026-04-08,2026-04-09,2026-04-15,80.0,100.0
KW,2026-02-09,2026-04-09,2026-04-10,2026-04-16,80.0,100.0
KW,2026-02-10,2026-04-10,2026-04-11,2026-04-17,80.0,100.0
KW,2026-02-11,2026-04-11,2026-04-12,2026-04-18,80.0,100.0
KW,2026-02-12,2026-04-12,2026-04-13,2026-04-19,80.0,100.0
KW,2026-02-13,2026-04-13,2026-04-14,2026-04-20,80.0,100.0
KW,2026-02-14,2026-04-14,2026-04-15,2026-04-21,80.0,100.0
KW,2026-02-15,2026-04-15,2026-04-16,2026-04-22,80.0,100.0
KW,2026-02-16,2026-04-16,2026-04-17,2026-04-23,81.66666666666667,100.0
KW,2026-02-17,2026-04-17,2026-04-18,2026-04-24,83.33333333333334,100.0
KW,2026-02-18,2026-04-18,2026-04-19,2026-04-25,85.0,100.0
KW,2026-02-19,2026-04-19,2026-04-20,2026-04-26,86.66666666666667,100.0
KW,2026-02-20,2026-04-20,2026-04-21,2026-04-27,86.66666666666667,100.0
KW,2026-02-21,2026-04-21,2026-04-22,2026-04-28,86.66666666666667,100.0
KW,2026-02-22,2026-04-22,2026-04-23,2026-04-29,86.66666666666667,100.0
KW,2026-02-23,2026-04-23,2026-04-24,2026-04-30,86.66666666666667,85.71428571428571
KW,2026-03-02,2026-04-30,2026-05-01,2026-05-07,85.0,85.71428571428571
KW,2026-03-03,2026-05-01,2026-05-02,2026-05-08,83.33333333333334,100.0
KW,2026-03-04,2026-05-02,2026-05-03,2026-05-09,83.33333333333334,100.0
KW,2026-03-05,2026-05-03,2026-05-04,2026-05-10,83.33333333333334,100.0
KW,2026-03-06,2026-05-04,2026-05-05,2026-05-11,83.33333333333334,100.0
KW,2026-03-07,2026-05-05,2026-05-06,2026-05-12,85.0,100.0
KW,2026-03-08,2026-05-06,2026-05-07,2026-05-13,86.66666666666667,100.0
KW,2026-03-09,2026-05-07,2026-05-08,2026-05-14,88.33333333333333,100.0
KW,2026-03-10,2026-05-08,2026-05-09,2026-05-15,90.0,100.0
KW,2026-03-11,2026-05-09,2026-05-10,2026-05-16,90.0,100.0
KW,2026-03-12,2026-05-10,2026-05-11,2026-05-17,90.0,100.0
KW,2026-03-13,2026-05-11,2026-05-12,2026-05-18,90.0,100.0
KW,2026-03-14,2026-05-12,2026-05-13,2026-05-19,90.0,100.0
KW,2026-03-15,2026-05-13,2026-05-14,2026-05-20,90.0,100.0
L,2025-02-19,2025-04-19,2025-04-20,2025-04-26,95.0,100.0
L,2025-02-20,2025-04-20,2025-04-21,2025-04-27,95.0,100.0
L,2025-02-21,2025-04-21,2025-04-22,2025-04-28,95.0,100.0
L,2025-02-22,2025-04-22,2025-04-23,2025-04-29,95.0,100.0
L,2025-02-23,2025-04-23,2025-04-24,2025-04-30,95.0,100.0
L,2025-02-24,2025-04-24,2025-04-25,2025-05-01,95.0,100.0
L,2025-02-25,2025-04-25,2025-04-26,2025-05-02,95.0,85.71428571428571
L,2025-03-05,2025-05-03,2025-05-04,2025-05-10,91.66666666666666,85.71428571428571
L,2025-03-06,2025-05-04,2025-05-05,2025-05-11,90.0,100.0
L,2025-03-07,2025-05-05,2025-05-06,2025-05-12,90.0,100.0
L,2025-03-08,2025-05-06,2025-05-07,2025-05-13,90.0,100.0
L,2025-03-09,2025-05-07,2025-05-08,2025-05-14,90.0,100.0
L,2025-03-10,2025-05-08,2025-05-09,2025-05-15,90.0,100.0
L,2025-03-11,2025-05-09,2025-05-10,2025-05-16,90.0,100.0
L,2025-03-12,2025-05-10,2025-05-11,2025-05-17,90.0,100.0
L,2025-03-13,2025-05-11,2025-05-12,2025-05-18,90.0,100.0
L,2025-03-14,2025-05-12,2025-05-13,2025-05-19,90.0,100.0
L,2025-03-15,2025-05-13,2025-05-14,2025-05-20,90.0,100.0
L,2025-03-16,2025-05-14,2025-05-15,2025-05-21,90.0,100.0
L,2025-03-17,2025-05-15,2025-05-16,2025-05-22,90.0,100.0
L,2025-03-18,2025-05-16,2025-05-17,2025-05-23,90.0,100.0
L,2025-03-19,2025-05-17,2025-05-18,2025-05-24,90.0,100.0
L,2025-03-20,2025-05-18,2025-05-19,2025-05-25,90.0,100.0
L,2025-03-21,2025-05-19,2025-05-20,2025-05-26,90.0,100.0
L,2025-03-22,2025-05-20,2025-05-21,2025-05-27,90.0,100.0
L,2025-03-23,2025-05-21,2025-05-22,2025-05-28,90.0,100.0
L,2025-03-24,2025-05-22,2025-05-23,2025-05-29,90.0,100.0
L,2025-03-25,2025-05-23,2025-05-24,2025-05-30,90.0,100.0
L,2025-03-26,2025-05-24,2025-05-25,2025-05-31,90.0,100.0
L,2025-03-27,2025-05-25,2025-05-26,2025-06-01,90.0,100.0
L,2025-03-28,2025-05-26,2025-05-27,2025-06-02,90.0,100.0
L,2025-03-29,2025-05-27,2025-05-28,2025-06-03,90.0,100.0
L,2025-03-30,2025-05-28,2025-05-29,2025-06-04,90.0,100.0
L,2025-03-31,2025-05-29,2025-05-30,2025-06-05,90.0,100.0
L,2025-04-01,2025-05-30,2025-05-31,2025-06-06,90.0,100.0
L,2025-04-02,2025-05-31,2025-06-01,2025-06-07,90.0,100.0
L,2025-04-03,2025-06-01,2025-06-02,2025-06-08,90.0,85.71428571428571
L,2025-04-04,2025-06-02,2025-06-03,2025-06-09,90.0,85.71428571428571
L,2025-04-05,2025-06-03,2025-06-04,2025-06-10,90.0,85.71428571428571
L,2025-04-06,2025-06-04,2025-06-05,2025-06-11,90.0,85.71428571428571
L,2025-04-07,2025-06-05,2025-06-06,2025-06-12,90.0,85.71428571428571
L,2025-04-08,2025-06-06,2025-06-07,2025-06-13,90.0,85.71428571428571
L,2025-04-09,2025-06-07,2025-06-08,2025-06-14,90.0,85.71428571428571
L,2025-04-10,2025-06-08,2025-06-09,2025-06-15,90.0,100.0
L,2025-04-11,2025-06-09,2025-06-10,2025-06-16,91.66666666666666,100.0
L,2025-04-12,2025-06-10,2025-06-11,2025-06-17,91.66666666666666,100.0
L,2025-04-13,2025-06-11,2025-06-12,2025-06-18,91.66666666666666,100.0
L,2025-04-14,2025-06-12,2025-06-13,2025-06-19,91.66666666666666,100.0
L,2025-04-15,2025-06-13,2025-06-14,2025-06-20,93.33333333333333,100.0
L,2025-04-16,2025-06-14,2025-06-15,2025-06-21,93.33333333333333,100.0
L,2025-04-17,2025-06-15,2025-06-16,2025-06-22,93.33333333333333,100.0
L,2025-04-18,2025-06-16,2025-06-17,2025-06-23,93.33333333333333,100.0
L,2025-04-19,2025-06-17,2025-06-18,2025-06-24,93.33333333333333,100.0
L,2025-04-20,2025-06-18,2025-06-19,2025-06-25,93.33333333333333,100.0
L,2025-04-21,2025-06-19,2025-06-20,2025-06-26,93.33333333333333,100.0
L,2025-04-22,2025-06-20,2025-06-21,2025-06-27,93.33333333333333,100.0
L,2025-04-23,2025-06-21,2025-06-22,2025-06-28,93.33333333333333,100.0
L,2025-04-24,2025-06-22,2025-06-23,2025-06-29,93.33333333333333,100.0
L,2025-04-25,2025-06-23,2025-06-24,2025-06-30,93.33333333333333,100.0
L,2025-04-26,2025-06-24,2025-06-25,2025-07-01,93.33333333333333,100.0
L,2025-04-27,2025-06-25,2025-06-26,2025-07-02,93.33333333333333,100.0
L,2025-04-28,2025-06-26,2025-06-27,2025-07-03,93.33333333333333,100.0
L,2025-04-29,2025-06-27,2025-06-28,2025-07-04,93.33333333333333,100.0
L,2025-04-30,2025-06-28,2025-06-29,2025-07-05,93.33333333333333,100.0
L,2025-05-01,2025-06-29,2025-06-30,2025-07-06,93.33333333333333,100.0
L,2025-05-02,2025-06-30,2025-07-01,2025-07-07,93.33333333333333,100.0
L,2025-05-03,2025-07-01,2025-07-02,2025-07-08,95.0,100.0
L,2025-05-04,2025-07-02,2025-07-03,2025-07-09,96.66666666666667,100.0
L,2025-05-05,2025-07-03,2025-07-04,2025-07-10,98.33333333333333,100.0
L,2025-05-06,2025-07-04,2025-07-05,2025-07-11,98.33333333333333,100.0
L,2025-05-07,2025-07-05,2025-07-06,2025-07-12,98.33333333333333,100.0
L,2025-05-08,2025-07-06,2025-07-07,2025-07-13,98.33333333333333,100.0
L,2025-05-09,2025-07-07,2025-07-08,2025-07-14,98.33333333333333,100.0
L,2025-05-10,2025-07-08,2025-07-09,2025-07-15,98.33333333333333,100.0
L,2025-05-11,2025-07-09,2025-07-10,2025-07-16,98.33333333333333,100.0
L,2025-05-12,2025-07-10,2025-07-11,2025-07-17,98.33333333333333,100.0
L,2025-05-13,2025-07-11,2025-07-12,2025-07-18,98.33333333333333,100.0
L,2025-05-14,2025-07-12,2025-07-13,2025-07-19,98.33333333333333,100.0
L,2025-05-15,2025-07-13,2025-07-14,2025-07-20,98.33333333333333,100.0
L,2025-05-16,2025-07-14,2025-07-15,2025-07-21,98.33333333333333,100.0
L,2025-05-17,2025-07-15,2025-07-16,2025-07-22,98.33333333333333,100.0
L,2025-05-18,2025-07-16,2025-07-17,2025-07-23,98.33333333333333,100.0
L,2025-05-19,2025-07-17,2025-07-18,2025-07-24,98.33333333333333,100.0
L,2025-05-20,2025-07-18,2025-07-19,2025-07-25,98.33333333333333,100.0
L,2025-05-21,2025-07-19,2025-07-20,2025-07-26,98.33333333333333,100.0
L,2025-05-22,2025-07-20,2025-07-21,2025-07-27,98.33333333333333,100.0
L,2025-05-23,2025-07-21,2025-07-22,2025-07-28,98.33333333333333,100.0
L,2025-05-24,2025-07-22,2025-07-23,2025-07-29,98.33333333333333,100.0
L,2025-05-25,2025-07-23,2025-07-24,2025-07-30,98.33333333333333,100.0
L,2025-05-26,2025-07-24,2025-07-25,2025-07-31,98.33333333333333,100.0
L,2025-05-27,2025-07-25,2025-07-26,2025-08-01,98.33333333333333,100.0
L,2025-05-28,2025-07-26,2025-07-27,2025-08-02,98.33333333333333,100.0
L,2025-05-29,2025-07-27,2025-07-28,2025-08-03,98.33333333333333,100.0
L,2025-05-30,2025-07-28,2025-07-29,2025-08-04,98.33333333333333,100.0
L,2025-05-31,2025-07-29,2025-07-30,2025-08-05,98.33333333333333,100.0
L,2025-06-01,2025-07-30,2025-07-31,2025-08-06,98.33333333333333,100.0
L,2025-06-02,2025-07-31,2025-08-01,2025-08-07,98.33333333333333,100.0
L,2025-06-03,2025-08-01,2025-08-02,2025-08-08,98.33333333333333,100.0
L,2025-06-04,2025-08-02,2025-08-03,2025-08-09,98.33333333333333,100.0
L,2025-06-05,2025-08-03,2025-08-04,2025-08-10,98.33333333333333,100.0
L,2025-06-06,2025-08-04,2025-08-05,2025-08-11,98.33333333333333,100.0
L,2025-06-07,2025-08-05,2025-08-06,2025-08-12,98.33333333333333,100.0
L,2025-06-08,2025-08-06,2025-08-07,2025-08-13,98.33333333333333,100.0
L,2025-06-09,2025-08-07,2025-08-08,2025-08-14,100.0,100.0
L,2025-06-10,2025-08-08,2025-08-09,2025-08-15,100.0,100.0
L,2025-06-11,2025-08-09,2025-08-10,2025-08-16,100.0,100.0
L,2025-06-12,2025-08-10,2025-08-11,2025-08-17,100.0,100.0
L,2025-06-13,2025-08-11,2025-08-12,2025-08-18,100.0,100.0
L,2025-06-14,2025-08-12,2025-08-13,2025-08-19,100.0,100.0
L,2025-06-15,2025-08-13,2025-08-14,2025-08-20,100.0,100.0
L,2025-06-16,2025-08-14,2025-08-15,2025-08-21,100.0,100.0
L,2025-06-17,2025-08-15,2025-08-16,2025-08-22,100.0,100.0
L,2025-06-18,2025-08-16,2025-08-17,2025-08-23,100.0,100.0
L,2025-06-19,2025-08-17,2025-08-18,2025-08-24,100.0,100.0
L,2025-06-20,2025-08-18,2025-08-19,2025-08-25,100.0,100.0
L,2025-06-21,2025-08-19,2025-08-20,2025-08-26,100.0,100.0
L,2025-06-22,2025-08-20,2025-08-21,2025-08-27,100.0,100.0
L,2025-06-23,2025-08-21,2025-08-22,2025-08-28,100.0,100.0
L,2025-06-24,2025-08-22,2025-08-23,2025-08-29,100.0,100.0
L,2025-06-25,2025-08-23,2025-08-24,2025-08-30,100.0,100.0
L,2025-06-26,2025-08-24,2025-08-25,2025-08-31,100.0,100.0
L,2025-06-27,2025-08-25,2025-08-26,2025-09-01,100.0,100.0
L,2025-06-28,2025-08-26,2025-08-27,2025-09-02,100.0,100.0
L,2025-06-29,2025-08-27,2025-08-28,2025-09-03,100.0,100.0
L,2025-06-30,2025-08-28,2025-08-29,2025-09-04,100.0,100.0
L,2025-07-01,2025-08-29,2025-08-30,2025-09-05,100.0,100.0
L,2025-07-02,2025-08-30,2025-08-31,2025-09-06,100.0,100.0
L,2025-07-03,2025-08-31,2025-09-01,2025-09-07,100.0,100.0
L,2025-07-04,2025-09-01,2025-09-02,2025-09-08,100.0,100.0
L,2025-07-05,2025-09-02,2025-09-03,2025-09-09,100.0,100.0
L,2025-07-06,2025-09-03,2025-09-04,2025-09-10,100.0,100.0
L,2025-07-07,2025-09-04,2025-09-05,2025-09-11,100.0,100.0
L,2025-07-08,2025-09-05,2025-09-06,2025-09-12,100.0,100.0
L,2025-07-09,2025-09-06,2025-09-07,2025-09-13,100.0,100.0
L,2025-07-10,2025-09-07,2025-09-08,2025-09-14,100.0,100.0
L,2025-07-11,2025-09-08,2025-09-09,2025-09-15,100.0,100.0
L,2025-07-12,2025-09-09,2025-09-10,2025-09-16,100.0,100.0
L,2025-07-13,2025-09-10,2025-09-11,2025-09-17,100.0,100.0
L,2025-07-14,2025-09-11,2025-09-12,2025-09-18,100.0,100.0
L,2025-07-15,2025-09-12,2025-09-13,2025-09-19,100.0,100.0
L,2025-07-16,2025-09-13,2025-09-14,2025-09-20,100.0,85.71428571428571
L,2025-07-23,2025-09-20,2025-09-21,2025-09-27,98.33333333333333,85.71428571428571
L,2025-07-24,2025-09-21,2025-09-22,2025-09-28,96.66666666666667,100.0
L,2025-07-25,2025-09-22,2025-09-23,2025-09-29,96.66666666666667,100.0
L,2025-07-26,2025-09-23,2025-09-24,2025-09-30,96.66666666666667,100.0
L,2025-07-27,2025-09-24,2025-09-25,2025-10-01,96.66666666666667,100.0
L,2025-07-28,2025-09-25,2025-09-26,2025-10-02,96.66666666666667,100.0
L,2025-07-29,2025-09-26,2025-09-27,2025-10-03,96.66666666666667,100.0
L,2025-07-30,2025-09-27,2025-09-28,2025-10-04,96.66666666666667,100.0
L,2025-07-31,2025-09-28,2025-09-29,2025-10-05,96.66666666666667,100.0
L,2025-08-01,2025-09-29,2025-09-30,2025-10-06,96.66666666666667,100.0
L,2025-08-02,2025-09-30,2025-10-01,2025-10-07,96.66666666666667,100.0
L,2025-08-03,2025-10-01,2025-10-02,2025-10-08,96.66666666666667,100.0
L,2025-08-04,2025-10-02,2025-10-03,2025-10-09,96.66666666666667,100.0
L,2025-08-05,2025-10-03,2025-10-04,2025-10-10,96.66666666666667,100.0
L,2025-08-06,2025-10-04,2025-10-05,2025-10-11,96.66666666666667,100.0
L,2025-08-07,2025-10-05,2025-10-06,2025-10-12,96.66666666666667,85.71428571428571
L,2025-08-08,2025-10-06,2025-10-07,2025-10-13,96.66666666666667,85.71428571428571
L,2025-08-14,2025-10-12,2025-10-13,2025-10-19,95.0,85.71428571428571
L,2025-08-15,2025-10-13,2025-10-14,2025-10-20,95.0,85.71428571428571
L,2025-08-16,2025-10-14,2025-10-15,2025-10-21,93.33333333333333,100.0
L,2025-08-17,2025-10-15,2025-10-16,2025-10-22,93.33333333333333,100.0
L,2025-08-18,2025-10-16,2025-10-17,2025-10-23,93.33333333333333,100.0
L,2025-08-19,2025-10-17,2025-10-18,2025-10-24,93.33333333333333,100.0
L,2025-08-20,2025-10-18,2025-10-19,2025-10-25,93.33333333333333,100.0
L,2025-08-21,2025-10-19,2025-10-20,2025-10-26,93.33333333333333,100.0
L,2025-08-22,2025-10-20,2025-10-21,2025-10-27,93.33333333333333,100.0
L,2025-08-23,2025-10-21,2025-10-22,2025-10-28,93.33333333333333,100.0
L,2025-08-24,2025-10-22,2025-10-23,2025-10-29,93.33333333333333,100.0
L,2025-08-25,2025-10-23,2025-10-24,2025-10-30,93.33333333333333,100.0
L,2025-08-26,2025-10-24,2025-10-25,2025-10-31,93.33333333333333,100.0
L,2025-08-27,2025-10-25,2025-10-26,2025-11-01,93.33333333333333,100.0
L,2025-08-28,2025-10-26,2025-10-27,2025-11-02,93.33333333333333,100.0
L,2025-08-29,2025-10-27,2025-10-28,2025-11-03,93.33333333333333,100.0
L,2025-08-30,2025-10-28,2025-10-29,2025-11-04,93.33333333333333,100.0
L,2025-08-31,2025-10-29,2025-10-30,2025-11-05,93.33333333333333,100.0
L,2025-09-01,2025-10-30,2025-10-31,2025-11-06,93.33333333333333,100.0
L,2025-09-02,2025-10-31,2025-11-01,2025-11-07,93.33333333333333,100.0
L,2025-09-03,2025-11-01,2025-11-02,2025-11-08,93.33333333333333,100.0
L,2025-09-04,2025-11-02,2025-11-03,2025-11-09,93.33333333333333,100.0
L,2025-09-05,2025-11-03,2025-11-04,2025-11-10,93.33333333333333,100.0
L,2025-09-06,2025-11-04,2025-11-05,2025-11-11,93.33333333333333,100.0
L,2025-09-07,2025-11-05,2025-11-06,2025-11-12,93.33333333333333,100.0
L,2025-09-08,2025-11-06,2025-11-07,2025-11-13,93.33333333333333,100.0
L,2025-09-09,2025-11-07,2025-11-08,2025-11-14,93.33333333333333,100.0
L,2025-09-10,2025-11-08,2025-11-09,2025-11-15,93.33333333333333,100.0
L,2025-09-11,2025-11-09,2025-11-10,2025-11-16,93.33333333333333,100.0
L,2025-09-12,2025-11-10,2025-11-11,2025-11-17,93.33333333333333,100.0
L,2025-09-13,2025-11-11,2025-11-12,2025-11-18,93.33333333333333,100.0
L,2025-09-14,2025-11-12,2025-11-13,2025-11-19,93.33333333333333,100.0
L,2025-09-15,2025-11-13,2025-11-14,2025-11-20,93.33333333333333,100.0
L,2025-09-16,2025-11-14,2025-11-15,2025-11-21,93.33333333333333,100.0
L,2025-09-17,2025-11-15,2025-11-16,2025-11-22,93.33333333333333,100.0
L,2025-09-18,2025-11-16,2025-11-17,2025-11-23,93.33333333333333,100.0
L,2025-09-19,2025-11-17,2025-11-18,2025-11-24,93.33333333333333,100.0
L,2025-09-20,2025-11-18,2025-11-19,2025-11-25,93.33333333333333,100.0
L,2025-09-21,2025-11-19,2025-11-20,2025-11-26,95.0,100.0
L,2025-09-22,2025-11-20,2025-11-21,2025-11-27,96.66666666666667,100.0
L,2025-09-23,2025-11-21,2025-11-22,2025-11-28,96.66666666666667,100.0
L,2025-09-24,2025-11-22,2025-11-23,2025-11-29,96.66666666666667,100.0
L,2025-09-25,2025-11-23,2025-11-24,2025-11-30,96.66666666666667,100.0
L,2025-09-26,2025-11-24,2025-11-25,2025-12-01,96.66666666666667,100.0
L,2025-09-27,2025-11-25,2025-11-26,2025-12-02,96.66666666666667,100.0
L,2025-09-28,2025-11-26,2025-11-27,2025-12-03,96.66666666666667,100.0
L,2025-09-29,2025-11-27,2025-11-28,2025-12-04,96.66666666666667,100.0
L,2025-09-30,2025-11-28,2025-11-29,2025-12-05,96.66666666666667,100.0
L,2025-10-01,2025-11-29,2025-11-30,2025-12-06,96.66666666666667,100.0
L,2025-10-02,2025-11-30,2025-12-01,2025-12-07,96.66666666666667,100.0
L,2025-10-03,2025-12-01,2025-12-02,2025-12-08,96.66666666666667,100.0
L,2025-10-04,2025-12-02,2025-12-03,2025-12-09,96.66666666666667,100.0
L,2025-10-05,2025-12-03,2025-12-04,2025-12-10,96.66666666666667,100.0
L,2025-10-06,2025-12-04,2025-12-05,2025-12-11,96.66666666666667,100.0
L,2025-10-07,2025-12-05,2025-12-06,2025-12-12,96.66666666666667,100.0
L,2025-10-08,2025-12-06,2025-12-07,2025-12-13,96.66666666666667,100.0
L,2025-10-09,2025-12-07,2025-12-08,2025-12-14,96.66666666666667,100.0
L,2025-10-10,2025-12-08,2025-12-09,2025-12-15,96.66666666666667,100.0
L,2025-10-11,2025-12-09,2025-12-10,2025-12-16,96.66666666666667,100.0
L,2025-10-12,2025-12-10,2025-12-11,2025-12-17,96.66666666666667,100.0
L,2025-10-13,2025-12-11,2025-12-12,2025-12-18,98.33333333333333,100.0
L,2025-10-14,2025-12-12,2025-12-13,2025-12-19,98.33333333333333,100.0
L,2025-10-15,2025-12-13,2025-12-14,2025-12-20,100.0,85.71428571428571
L,2025-10-24,2025-12-22,2025-12-23,2025-12-29,95.0,85.71428571428571
L,2025-10-25,2025-12-23,2025-12-24,2025-12-30,93.33333333333333,100.0
L,2025-10-26,2025-12-24,2025-12-25,2025-12-31,93.33333333333333,100.0
L,2025-10-27,2025-12-25,2025-12-26,2026-01-01,93.33333333333333,100.0
L,2025-10-28,2025-12-26,2025-12-27,2026-01-02,93.33333333333333,100.0
L,2025-10-29,2025-12-27,2025-12-28,2026-01-03,93.33333333333333,100.0
L,2025-10-30,2025-12-28,2025-12-29,2026-01-04,93.33333333333333,100.0
L,2025-10-31,2025-12-29,2025-12-30,2026-01-05,93.33333333333333,100.0
L,2025-11-01,2025-12-30,2025-12-31,2026-01-06,93.33333333333333,100.0
L,2025-11-02,2025-12-31,2026-01-01,2026-01-07,93.33333333333333,100.0
L,2025-11-03,2026-01-01,2026-01-02,2026-01-08,93.33333333333333,100.0
L,2025-11-04,2026-01-02,2026-01-03,2026-01-09,93.33333333333333,100.0
L,2025-11-05,2026-01-03,2026-01-04,2026-01-10,93.33333333333333,100.0
L,2025-11-06,2026-01-04,2026-01-05,2026-01-11,93.33333333333333,85.71428571428571
L,2025-11-20,2026-01-18,2026-01-19,2026-01-25,80.0,85.71428571428571
L,2025-12-26,2026-02-23,2026-02-24,2026-03-02,80.0,85.71428571428571
L,2025-12-27,2026-02-24,2026-02-25,2026-03-03,80.0,85.71428571428571
L,2025-12-28,2026-02-25,2026-02-26,2026-03-04,80.0,85.71428571428571
L,2025-12-29,2026-02-26,2026-02-27,2026-03-05,80.0,85.71428571428571
L,2025-12-30,2026-02-27,2026-02-28,2026-03-06,80.0,85.71428571428571
L,2026-01-14,2026-03-14,2026-03-15,2026-03-21,80.0,100.0
L,2026-01-15,2026-03-15,2026-03-16,2026-03-22,81.66666666666667,100.0
L,2026-01-16,2026-03-16,2026-03-17,2026-03-23,83.33333333333334,100.0
L,2026-01-17,2026-03-17,2026-03-18,2026-03-24,85.0,100.0
L,2026-01-18,2026-03-18,2026-03-19,2026-03-25,86.66666666666667,100.0
L,2026-01-19,2026-03-19,2026-03-20,2026-03-26,88.33333333333333,100.0
L,2026-01-20,2026-03-20,2026-03-21,2026-03-27,90.0,100.0
L,2026-01-21,2026-03-21,2026-03-22,2026-03-28,90.0,100.0
L,2026-01-22,2026-03-22,2026-03-23,2026-03-29,90.0,100.0
L,2026-01-23,2026-03-23,2026-03-24,2026-03-30,90.0,100.0
L,2026-01-24,2026-03-24,2026-03-25,2026-03-31,90.0,100.0
L,2026-01-25,2026-03-25,2026-03-26,2026-04-01,90.0,100.0
L,2026-01-26,2026-03-26,2026-03-27,2026-04-02,90.0,100.0
L,2026-01-27,2026-03-27,2026-03-28,2026-04-03,90.0,100.0
L,2026-01-28,2026-03-28,2026-03-29,2026-04-04,90.0,100.0
L,2026-01-29,2026-03-29,2026-03-30,2026-04-05,90.0,100.0
L,2026-01-30,2026-03-30,2026-03-31,2026-04-06,90.0,100.0
L,2026-01-31,2026-03-31,2026-04-01,2026-04-07,90.0,100.0
L,2026-02-01,2026-04-01,2026-04-02,2026-04-08,90.0,100.0
L,2026-02-02,2026-04-02,2026-04-03,2026-04-09,91.66666666666666,100.0
L,2026-02-03,2026-04-03,2026-04-04,2026-04-10,91.66666666666666,100.0
L,2026-02-04,2026-04-04,2026-04-05,2026-04-11,91.66666666666666,100.0
L,2026-02-05,2026-04-05,2026-04-06,2026-04-12,91.66666666666666,100.0
L,2026-02-06,2026-04-06,2026-04-07,2026-04-13,91.66666666666666,100.0
L,2026-02-07,2026-04-07,2026-04-08,2026-04-14,91.66666666666666,100.0
L,2026-02-08,2026-04-08,2026-04-09,2026-04-15,91.66666666666666,85.71428571428571
L,2026-02-09,2026-04-09,2026-04-10,2026-04-16,91.66666666666666,85.71428571428571
L,2026-02-10,2026-04-10,2026-04-11,2026-04-17,91.66666666666666,85.71428571428571
L,2026-02-11,2026-04-11,2026-04-12,2026-04-18,91.66666666666666,85.71428571428571
L,2026-02-12,2026-04-12,2026-04-13,2026-04-19,91.66666666666666,85.71428571428571
L,2026-02-13,2026-04-13,2026-04-14,2026-04-20,91.66666666666666,85.71428571428571
L,2026-02-14,2026-04-14,2026-04-15,2026-04-21,91.66666666666666,85.71428571428571
L,2026-02-15,2026-04-15,2026-04-16,2026-04-22,90.0,100.0
L,2026-02-16,2026-04-16,2026-04-17,2026-04-23,90.0,100.0
L,2026-02-17,2026-04-17,2026-04-18,2026-04-24,90.0,100.0
L,2026-02-18,2026-04-18,2026-04-19,2026-04-25,90.0,100.0
L,2026-02-19,2026-04-19,2026-04-20,2026-04-26,90.0,100.0
L,2026-02-20,2026-04-20,2026-04-21,2026-04-27,90.0,100.0
L,2026-02-21,2026-04-21,2026-04-22,2026-04-28,90.0,100.0
L,2026-02-22,2026-04-22,2026-04-23,2026-04-29,90.0,100.0
L,2026-02-23,2026-04-23,2026-04-24,2026-04-30,91.66666666666666,100.0
L,2026-02-24,2026-04-24,2026-04-25,2026-05-01,93.33333333333333,100.0
L,2026-02-25,2026-04-25,2026-04-26,2026-05-02,93.33333333333333,100.0
L,2026-02-26,2026-04-26,2026-04-27,2026-05-03,93.33333333333333,100.0
L,2026-02-27,2026-04-27,2026-04-28,2026-05-04,93.33333333333333,100.0
L,2026-02-28,2026-04-28,2026-04-29,2026-05-05,93.33333333333333,100.0
L,2026-03-01,2026-04-29,2026-04-30,2026-05-06,93.33333333333333,100.0
L,2026-03-02,2026-04-30,2026-05-01,2026-05-07,95.0,100.0
L,2026-03-03,2026-05-01,2026-05-02,2026-05-08,95.0,100.0
L,2026-03-04,2026-05-02,2026-05-03,2026-05-09,95.0,85.71428571428571
L,2026-03-11,2026-05-09,2026-05-10,2026-05-16,96.66666666666667,85.71428571428571
L,2026-03-12,2026-05-10,2026-05-11,2026-05-17,95.0,100.0
L,2026-03-13,2026-05-11,2026-05-12,2026-05-18,95.0,100.0
L,2026-03-14,2026-05-12,2026-05-13,2026-05-19,95.0,100.0
L,2026-03-15,2026-05-13,2026-05-14,2026-05-20,95.0,100.0
L,2026-03-16,2026-05-14,2026-05-15,2026-05-21,95.0,100.0
L,2026-03-17,2026-05-15,2026-05-16,2026-05-22,95.0,100.0
L,2026-03-18,2026-05-16,2026-05-17,2026-05-23,95.0,100.0
L,2026-03-19,2026-05-17,2026-05-18,2026-05-24,95.0,100.0
L,2026-03-20,2026-05-18,2026-05-19,2026-05-25,95.0,100.0
L,2026-03-21,2026-05-19,2026-05-20,2026-05-26,95.0,100.0
L,2026-03-22,2026-05-20,2026-05-21,2026-05-27,95.0,100.0
L,2026-03-23,2026-05-21,2026-05-22,2026-05-28,95.0,100.0
L,2026-03-24,2026-05-22,2026-05-23,2026-05-29,95.0,100.0
L,2026-03-25,2026-05-23,2026-05-24,2026-05-30,95.0,100.0
L,2026-03-26,2026-05-24,2026-05-25,2026-05-31,95.0,100.0
L,2026-03-27,2026-05-25,2026-05-26,2026-06-01,95.0,100.0
L,2026-03-28,2026-05-26,2026-05-27,2026-06-02,95.0,100.0
L,2026-03-29,2026-05-27,2026-05-28,2026-06-03,95.0,100.0
L,2026-03-30,2026-05-28,2026-05-29,2026-06-04,95.0,100.0
L,2026-03-31,2026-05-29,2026-05-30,2026-06-05,95.0,85.71428571428571
L,2026-04-09,2026-06-07,2026-06-08,2026-06-14,90.0,85.71428571428571
L,2026-04-10,2026-06-08,2026-06-09,2026-06-15,88.33333333333333,100.0
L,2026-04-11,2026-06-09,2026-06-10,2026-06-16,88.33333333333333,100.0
L,2026-04-12,2026-06-10,2026-06-11,2026-06-17,88.33333333333333,100.0
L,2026-04-13,2026-06-11,2026-06-12,2026-06-18,88.33333333333333,100.0
L,2026-04-14,2026-06-12,2026-06-13,2026-06-19,88.33333333333333,100.0
L,2026-04-15,2026-06-13,2026-06-14,2026-06-20,88.33333333333333,100.0
L,2026-04-16,2026-06-14,2026-06-15,2026-06-21,90.0,100.0
L,2026-04-17,2026-06-15,2026-06-16,2026-06-22,90.0,100.0
L,2026-04-18,2026-06-16,2026-06-17,2026-06-23,90.0,100.0
L,2026-04-19,2026-06-17,2026-06-18,2026-06-24,90.0,85.71428571428571
L,2026-04-20,2026-06-18,2026-06-19,2026-06-25,90.0,85.71428571428571
L,2026-04-21,2026-06-19,2026-06-20,2026-06-26,90.0,85.71428571428571
L,2026-04-22,2026-06-20,2026-06-21,2026-06-27,90.0,85.71428571428571
L,2026-07-02,2026-08-30,2026-08-31,2026-09-06,80.0,100.0
L,2026-07-03,2026-08-31,2026-09-01,2026-09-07,81.66666666666667,100.0
L,2026-07-04,2026-09-01,2026-09-02,2026-09-08,83.33333333333334,100.0
L,2026-07-05,2026-09-02,2026-09-03,2026-09-09,85.0,100.0
L,2026-07-06,2026-09-03,2026-09-04,2026-09-10,86.66666666666667,100.0
L,2026-07-07,2026-09-04,2026-09-05,2026-09-11,88.33333333333333,100.0
L,2026-07-08,2026-09-05,2026-09-06,2026-09-12,90.0,100.0
L,2026-07-09,2026-09-06,2026-09-07,2026-09-13,91.66666666666666,100.0
L,2026-07-10,2026-09-07,2026-09-08,2026-09-14,91.66666666666666,100.0
L,2026-07-11,2026-09-08,2026-09-09,2026-09-15,91.66666666666666,100.0
L,2026-07-12,2026-09-09,2026-09-10,2026-09-16,91.66666666666666,100.0
L,2026-07-13,2026-09-10,2026-09-11,2026-09-17,91.66666666666666,100.0
ME,2025-02-19,2025-04-19,2025-04-20,2025-04-26,98.33333333333333,100.0
ME,2025-02-20,2025-04-20,2025-04-21,2025-04-27,98.33333333333333,100.0
ME,2025-02-21,2025-04-21,2025-04-22,2025-04-28,98.33333333333333,100.0
ME,2025-02-22,2025-04-22,2025-04-23,2025-04-29,98.33333333333333,100.0
ME,2025-02-23,2025-04-23,2025-04-24,2025-04-30,98.33333333333333,100.0
ME,2025-02-24,2025-04-24,2025-04-25,2025-05-01,98.33333333333333,100.0
ME,2025-02-25,2025-04-25,2025-04-26,2025-05-02,98.33333333333333,100.0
ME,2025-02-26,2025-04-26,2025-04-27,2025-05-03,98.33333333333333,100.0
ME,2025-02-27,2025-04-27,2025-04-28,2025-05-04,98.33333333333333,100.0
ME,2025-02-28,2025-04-28,2025-04-29,2025-05-05,98.33333333333333,100.0
ME,2025-03-01,2025-04-29,2025-04-30,2025-05-06,98.33333333333333,100.0
ME,2025-03-02,2025-04-30,2025-05-01,2025-05-07,98.33333333333333,100.0
ME,2025-03-03,2025-05-01,2025-05-02,2025-05-08,98.33333333333333,100.0
ME,2025-03-04,2025-05-02,2025-05-03,2025-05-09,98.33333333333333,100.0
ME,2025-03-05,2025-05-03,2025-05-04,2025-05-10,98.33333333333333,100.0
ME,2025-03-06,2025-05-04,2025-05-05,2025-05-11,98.33333333333333,100.0
ME,2025-03-07,2025-05-05,2025-05-06,2025-05-12,98.33333333333333,100.0
ME,2025-03-08,2025-05-06,2025-05-07,2025-05-13,98.33333333333333,100.0
ME,2025-03-09,2025-05-07,2025-05-08,2025-05-14,98.33333333333333,100.0
ME,2025-03-10,2025-05-08,2025-05-09,2025-05-15,98.33333333333333,100.0
ME,2025-03-11,2025-05-09,2025-05-10,2025-05-16,98.33333333333333,100.0
ME,2025-03-12,2025-05-10,2025-05-11,2025-05-17,98.33333333333333,100.0
ME,2025-03-13,2025-05-11,2025-05-12,2025-05-18,98.33333333333333,100.0
ME,2025-03-14,2025-05-12,2025-05-13,2025-05-19,98.33333333333333,100.0
ME,2025-03-15,2025-05-13,2025-05-14,2025-05-20,98.33333333333333,100.0
ME,2025-03-16,2025-05-14,2025-05-15,2025-05-21,98.33333333333333,100.0
ME,2025-03-17,2025-05-15,2025-05-16,2025-05-22,98.33333333333333,100.0
ME,2025-03-18,2025-05-16,2025-05-17,2025-05-23,98.33333333333333,100.0
ME,2025-03-19,2025-05-17,2025-05-18,2025-05-24,98.33333333333333,100.0
ME,2025-03-20,2025-05-18,2025-05-19,2025-05-25,98.33333333333333,100.0
ME,2025-03-21,2025-05-19,2025-05-20,2025-05-26,98.33333333333333,100.0
ME,2025-03-22,2025-05-20,2025-05-21,2025-05-27,98.33333333333333,100.0
ME,2025-03-23,2025-05-21,2025-05-22,2025-05-28,98.33333333333333,100.0
ME,2025-03-24,2025-05-22,2025-05-23,2025-05-29,98.33333333333333,100.0
ME,2025-03-25,2025-05-23,2025-05-24,2025-05-30,98.33333333333333,100.0
ME,2025-03-26,2025-05-24,2025-05-25,2025-05-31,98.33333333333333,100.0
ME,2025-03-27,2025-05-25,2025-05-26,2025-06-01,98.33333333333333,100.0
ME,2025-03-28,2025-05-26,2025-05-27,2025-06-02,98.33333333333333,100.0
ME,2025-03-29,2025-05-27,2025-05-28,2025-06-03,98.33333333333333,100.0
ME,2025-03-30,2025-05-28,2025-05-29,2025-06-04,98.33333333333333,100.0
ME,2025-03-31,2025-05-29,2025-05-30,2025-06-05,98.33333333333333,100.0
ME,2025-04-01,2025-05-30,2025-05-31,2025-06-06,98.33333333333333,100.0
ME,2025-04-02,2025-05-31,2025-06-01,2025-06-07,98.33333333333333,100.0
ME,2025-04-03,2025-06-01,2025-06-02,2025-06-08,98.33333333333333,100.0
ME,2025-04-04,2025-06-02,2025-06-03,2025-06-09,98.33333333333333,100.0
ME,2025-04-05,2025-06-03,2025-06-04,2025-06-10,98.33333333333333,100.0
ME,2025-04-06,2025-06-04,2025-06-05,2025-06-11,98.33333333333333,100.0
ME,2025-04-07,2025-06-05,2025-06-06,2025-06-12,98.33333333333333,100.0
ME,2025-04-08,2025-06-06,2025-06-07,2025-06-13,98.33333333333333,100.0
ME,2025-04-09,2025-06-07,2025-06-08,2025-06-14,98.33333333333333,100.0
ME,2025-04-10,2025-06-08,2025-06-09,2025-06-15,98.33333333333333,100.0
ME,2025-04-11,2025-06-09,2025-06-10,2025-06-16,100.0,100.0
ME,2025-04-12,2025-06-10,2025-06-11,2025-06-17,100.0,100.0
ME,2025-04-13,2025-06-11,2025-06-12,2025-06-18,100.0,100.0
ME,2025-04-14,2025-06-12,2025-06-13,2025-06-19,100.0,100.0
ME,2025-04-15,2025-06-13,2025-06-14,2025-06-20,100.0,100.0
ME,2025-04-16,2025-06-14,2025-06-15,2025-06-21,100.0,100.0
ME,2025-04-17,2025-06-15,2025-06-16,2025-06-22,100.0,100.0
ME,2025-04-18,2025-06-16,2025-06-17,2025-06-23,100.0,100.0
ME,2025-04-19,2025-06-17,2025-06-18,2025-06-24,100.0,100.0
ME,2025-04-20,2025-06-18,2025-06-19,2025-06-25,100.0,100.0
ME,2025-04-21,2025-06-19,2025-06-20,2025-06-26,100.0,100.0
ME,2025-04-22,2025-06-20,2025-06-21,2025-06-27,100.0,100.0
ME,2025-04-23,2025-06-21,2025-06-22,2025-06-28,100.0,100.0
ME,2025-04-24,2025-06-22,2025-06-23,2025-06-29,100.0,85.71428571428571
ME,2025-04-25,2025-06-23,2025-06-24,2025-06-30,100.0,85.71428571428571
ME,2025-04-26,2025-06-24,2025-06-25,2025-07-01,100.0,85.71428571428571
ME,2025-04-27,2025-06-25,2025-06-26,2025-07-02,100.0,85.71428571428571
ME,2025-04-28,2025-06-26,2025-06-27,2025-07-03,100.0,85.71428571428571
ME,2025-04-29,2025-06-27,2025-06-28,2025-07-04,100.0,85.71428571428571
ME,2025-04-30,2025-06-28,2025-06-29,2025-07-05,100.0,85.71428571428571
ME,2025-05-01,2025-06-29,2025-06-30,2025-07-06,98.33333333333333,100.0
ME,2025-05-02,2025-06-30,2025-07-01,2025-07-07,98.33333333333333,100.0
ME,2025-05-03,2025-07-01,2025-07-02,2025-07-08,98.33333333333333,100.0
ME,2025-05-04,2025-07-02,2025-07-03,2025-07-09,98.33333333333333,100.0
ME,2025-05-05,2025-07-03,2025-07-04,2025-07-10,98.33333333333333,100.0
ME,2025-05-06,2025-07-04,2025-07-05,2025-07-11,98.33333333333333,100.0
ME,2025-05-07,2025-07-05,2025-07-06,2025-07-12,98.33333333333333,100.0
ME,2025-05-08,2025-07-06,2025-07-07,2025-07-13,98.33333333333333,100.0
ME,2025-05-09,2025-07-07,2025-07-08,2025-07-14,98.33333333333333,100.0
ME,2025-05-10,2025-07-08,2025-07-09,2025-07-15,98.33333333333333,100.0
ME,2025-05-11,2025-07-09,2025-07-10,2025-07-16,98.33333333333333,100.0
ME,2025-05-12,2025-07-10,2025-07-11,2025-07-17,98.33333333333333,100.0
ME,2025-05-13,2025-07-11,2025-07-12,2025-07-18,98.33333333333333,100.0
ME,2025-05-14,2025-07-12,2025-07-13,2025-07-19,98.33333333333333,100.0
ME,2025-05-15,2025-07-13,2025-07-14,2025-07-20,98.33333333333333,100.0
ME,2025-05-16,2025-07-14,2025-07-15,2025-07-21,98.33333333333333,100.0
ME,2025-05-17,2025-07-15,2025-07-16,2025-07-22,98.33333333333333,100.0
ME,2025-05-18,2025-07-16,2025-07-17,2025-07-23,98.33333333333333,100.0
ME,2025-05-19,2025-07-17,2025-07-18,2025-07-24,98.33333333333333,100.0
ME,2025-05-20,2025-07-18,2025-07-19,2025-07-25,98.33333333333333,100.0
ME,2025-05-21,2025-07-19,2025-07-20,2025-07-26,98.33333333333333,100.0
ME,2025-05-22,2025-07-20,2025-07-21,2025-07-27,98.33333333333333,100.0
ME,2025-05-23,2025-07-21,2025-07-22,2025-07-28,98.33333333333333,100.0
ME,2025-05-24,2025-07-22,2025-07-23,2025-07-29,98.33333333333333,100.0
ME,2025-05-25,2025-07-23,2025-07-24,2025-07-30,98.33333333333333,100.0
ME,2025-05-26,2025-07-24,2025-07-25,2025-07-31,98.33333333333333,100.0
ME,2025-05-27,2025-07-25,2025-07-26,2025-08-01,98.33333333333333,100.0
ME,2025-05-28,2025-07-26,2025-07-27,2025-08-02,98.33333333333333,100.0
ME,2025-05-29,2025-07-27,2025-07-28,2025-08-03,98.33333333333333,100.0
ME,2025-05-30,2025-07-28,2025-07-29,2025-08-04,98.33333333333333,100.0
ME,2025-05-31,2025-07-29,2025-07-30,2025-08-05,98.33333333333333,100.0
ME,2025-06-01,2025-07-30,2025-07-31,2025-08-06,98.33333333333333,100.0
ME,2025-06-02,2025-07-31,2025-08-01,2025-08-07,98.33333333333333,100.0
ME,2025-06-03,2025-08-01,2025-08-02,2025-08-08,98.33333333333333,100.0
ME,2025-06-04,2025-08-02,2025-08-03,2025-08-09,98.33333333333333,100.0
ME,2025-06-05,2025-08-03,2025-08-04,2025-08-10,98.33333333333333,100.0
ME,2025-06-06,2025-08-04,2025-08-05,2025-08-11,98.33333333333333,100.0
ME,2025-06-07,2025-08-05,2025-08-06,2025-08-12,98.33333333333333,100.0
ME,2025-06-08,2025-08-06,2025-08-07,2025-08-13,98.33333333333333,100.0
ME,2025-06-09,2025-08-07,2025-08-08,2025-08-14,98.33333333333333,100.0
ME,2025-06-10,2025-08-08,2025-08-09,2025-08-15,98.33333333333333,100.0
ME,2025-06-11,2025-08-09,2025-08-10,2025-08-16,98.33333333333333,100.0
ME,2025-06-12,2025-08-10,2025-08-11,2025-08-17,98.33333333333333,100.0
ME,2025-06-13,2025-08-11,2025-08-12,2025-08-18,98.33333333333333,100.0
ME,2025-06-14,2025-08-12,2025-08-13,2025-08-19,98.33333333333333,100.0
ME,2025-06-15,2025-08-13,2025-08-14,2025-08-20,98.33333333333333,100.0
ME,2025-06-16,2025-08-14,2025-08-15,2025-08-21,98.33333333333333,100.0
ME,2025-06-17,2025-08-15,2025-08-16,2025-08-22,98.33333333333333,100.0
ME,2025-06-18,2025-08-16,2025-08-17,2025-08-23,98.33333333333333,100.0
ME,2025-06-19,2025-08-17,2025-08-18,2025-08-24,98.33333333333333,100.0
ME,2025-06-20,2025-08-18,2025-08-19,2025-08-25,98.33333333333333,100.0
ME,2025-06-21,2025-08-19,2025-08-20,2025-08-26,98.33333333333333,100.0
ME,2025-06-22,2025-08-20,2025-08-21,2025-08-27,98.33333333333333,100.0
ME,2025-06-23,2025-08-21,2025-08-22,2025-08-28,98.33333333333333,100.0
ME,2025-06-24,2025-08-22,2025-08-23,2025-08-29,98.33333333333333,100.0
ME,2025-06-25,2025-08-23,2025-08-24,2025-08-30,98.33333333333333,100.0
ME,2025-06-26,2025-08-24,2025-08-25,2025-08-31,98.33333333333333,100.0
ME,2025-06-27,2025-08-25,2025-08-26,2025-09-01,98.33333333333333,100.0
ME,2025-06-28,2025-08-26,2025-08-27,2025-09-02,98.33333333333333,100.0
ME,2025-06-29,2025-08-27,2025-08-28,2025-09-03,98.33333333333333,100.0
ME,2025-06-30,2025-08-28,2025-08-29,2025-09-04,100.0,100.0
ME,2025-07-01,2025-08-29,2025-08-30,2025-09-05,100.0,100.0
ME,2025-07-02,2025-08-30,2025-08-31,2025-09-06,100.0,100.0
ME,2025-07-03,2025-08-31,2025-09-01,2025-09-07,100.0,100.0
ME,2025-07-04,2025-09-01,2025-09-02,2025-09-08,100.0,100.0
ME,2025-07-05,2025-09-02,2025-09-03,2025-09-09,100.0,100.0
ME,2025-07-06,2025-09-03,2025-09-04,2025-09-10,100.0,100.0
ME,2025-07-07,2025-09-04,2025-09-05,2025-09-11,100.0,100.0
ME,2025-07-08,2025-09-05,2025-09-06,2025-09-12,100.0,100.0
ME,2025-07-09,2025-09-06,2025-09-07,2025-09-13,100.0,100.0
ME,2025-07-10,2025-09-07,2025-09-08,2025-09-14,100.0,100.0
ME,2025-07-11,2025-09-08,2025-09-09,2025-09-15,100.0,100.0
ME,2025-07-12,2025-09-09,2025-09-10,2025-09-16,100.0,100.0
ME,2025-07-13,2025-09-10,2025-09-11,2025-09-17,100.0,100.0
ME,2025-07-14,2025-09-11,2025-09-12,2025-09-18,100.0,100.0
ME,2025-07-15,2025-09-12,2025-09-13,2025-09-19,100.0,100.0
ME,2025-07-16,2025-09-13,2025-09-14,2025-09-20,100.0,100.0
ME,2025-07-17,2025-09-14,2025-09-15,2025-09-21,100.0,100.0
ME,2025-07-18,2025-09-15,2025-09-16,2025-09-22,100.0,100.0
ME,2025-07-19,2025-09-16,2025-09-17,2025-09-23,100.0,100.0
ME,2025-07-20,2025-09-17,2025-09-18,2025-09-24,100.0,100.0
ME,2025-07-21,2025-09-18,2025-09-19,2025-09-25,100.0,100.0
ME,2025-07-22,2025-09-19,2025-09-20,2025-09-26,100.0,100.0
ME,2025-07-23,2025-09-20,2025-09-21,2025-09-27,100.0,100.0
ME,2025-07-24,2025-09-21,2025-09-22,2025-09-28,100.0,100.0
ME,2025-07-25,2025-09-22,2025-09-23,2025-09-29,100.0,100.0
ME,2025-07-26,2025-09-23,2025-09-24,2025-09-30,100.0,100.0
ME,2025-07-27,2025-09-24,2025-09-25,2025-10-01,100.0,100.0
ME,2025-07-28,2025-09-25,2025-09-26,2025-10-02,100.0,100.0
ME,2025-07-29,2025-09-26,2025-09-27,2025-10-03,100.0,100.0
ME,2025-07-30,2025-09-27,2025-09-28,2025-10-04,100.0,100.0
ME,2025-07-31,2025-09-28,2025-09-29,2025-10-05,100.0,100.0
ME,2025-08-01,2025-09-29,2025-09-30,2025-10-06,100.0,100.0
ME,2025-08-02,2025-09-30,2025-10-01,2025-10-07,100.0,100.0
ME,2025-08-03,2025-10-01,2025-10-02,2025-10-08,100.0,100.0
ME,2025-08-04,2025-10-02,2025-10-03,2025-10-09,100.0,100.0
ME,2025-08-05,2025-10-03,2025-10-04,2025-10-10,100.0,100.0
ME,2025-08-06,2025-10-04,2025-10-05,2025-10-11,100.0,100.0
ME,2025-08-07,2025-10-05,2025-10-06,2025-10-12,100.0,100.0
ME,2025-08-08,2025-10-06,2025-10-07,2025-10-13,100.0,100.0
ME,2025-08-09,2025-10-07,2025-10-08,2025-10-14,100.0,100.0
ME,2025-08-10,2025-10-08,2025-10-09,2025-10-15,100.0,100.0
ME,2025-08-11,2025-10-09,2025-10-10,2025-10-16,100.0,100.0
ME,2025-08-12,2025-10-10,2025-10-11,2025-10-17,100.0,100.0
ME,2025-08-13,2025-10-11,2025-10-12,2025-10-18,100.0,100.0
ME,2025-08-14,2025-10-12,2025-10-13,2025-10-19,100.0,100.0
ME,2025-08-15,2025-10-13,2025-10-14,2025-10-20,100.0,100.0
ME,2025-08-16,2025-10-14,2025-10-15,2025-10-21,100.0,100.0
ME,2025-08-17,2025-10-15,2025-10-16,2025-10-22,100.0,100.0
ME,2025-08-18,2025-10-16,2025-10-17,2025-10-23,100.0,100.0
ME,2025-08-19,2025-10-17,2025-10-18,2025-10-24,100.0,100.0
ME,2025-08-20,2025-10-18,2025-10-19,2025-10-25,100.0,100.0
ME,2025-08-21,2025-10-19,2025-10-20,2025-10-26,100.0,100.0
ME,2025-08-22,2025-10-20,2025-10-21,2025-10-27,100.0,100.0
ME,2025-08-23,2025-10-21,2025-10-22,2025-10-28,100.0,100.0
ME,2025-08-24,2025-10-22,2025-10-23,2025-10-29,100.0,100.0
ME,2025-08-25,2025-10-23,2025-10-24,2025-10-30,100.0,100.0
ME,2025-08-26,2025-10-24,2025-10-25,2025-10-31,100.0,100.0
ME,2025-08-27,2025-10-25,2025-10-26,2025-11-01,100.0,100.0
ME,2025-08-28,2025-10-26,2025-10-27,2025-11-02,100.0,100.0
ME,2025-08-29,2025-10-27,2025-10-28,2025-11-03,100.0,100.0
ME,2025-08-30,2025-10-28,2025-10-29,2025-11-04,100.0,100.0
ME,2025-08-31,2025-10-29,2025-10-30,2025-11-05,100.0,100.0
ME,2025-09-01,2025-10-30,2025-10-31,2025-11-06,100.0,100.0
ME,2025-09-02,2025-10-31,2025-11-01,2025-11-07,100.0,100.0
ME,2025-09-03,2025-11-01,2025-11-02,2025-11-08,100.0,100.0
ME,2025-09-04,2025-11-02,2025-11-03,2025-11-09,100.0,100.0
ME,2025-09-05,2025-11-03,2025-11-04,2025-11-10,100.0,100.0
ME,2025-09-06,2025-11-04,2025-11-05,2025-11-11,100.0,100.0
ME,2025-09-07,2025-11-05,2025-11-06,2025-11-12,100.0,100.0
ME,2025-09-08,2025-11-06,2025-11-07,2025-11-13,100.0,100.0
ME,2025-09-09,2025-11-07,2025-11-08,2025-11-14,100.0,100.0
ME,2025-09-10,2025-11-08,2025-11-09,2025-11-15,100.0,100.0
ME,2025-09-11,2025-11-09,2025-11-10,2025-11-16,100.0,100.0
ME,2025-09-12,2025-11-10,2025-11-11,2025-11-17,100.0,100.0
ME,2025-09-13,2025-11-11,2025-11-12,2025-11-18,100.0,100.0
ME,2025-09-14,2025-11-12,2025-11-13,2025-11-19,100.0,100.0
ME,2025-09-15,2025-11-13,2025-11-14,2025-11-20,100.0,100.0
ME,2025-09-16,2025-11-14,2025-11-15,2025-11-21,100.0,100.0
ME,2025-09-17,2025-11-15,2025-11-16,2025-11-22,100.0,100.0
ME,2025-09-18,2025-11-16,2025-11-17,2025-11-23,100.0,100.0
ME,2025-09-19,2025-11-17,2025-11-18,2025-11-24,100.0,100.0
ME,2025-09-20,2025-11-18,2025-11-19,2025-11-25,100.0,100.0
ME,2025-09-21,2025-11-19,2025-11-20,2025-11-26,100.0,100.0
ME,2025-09-22,2025-11-20,2025-11-21,2025-11-27,100.0,100.0
ME,2025-09-23,2025-11-21,2025-11-22,2025-11-28,100.0,100.0
ME,2025-09-24,2025-11-22,2025-11-23,2025-11-29,100.0,100.0
ME,2025-09-25,2025-11-23,2025-11-24,2025-11-30,100.0,100.0
ME,2025-09-26,2025-11-24,2025-11-25,2025-12-01,100.0,100.0
ME,2025-09-27,2025-11-25,2025-11-26,2025-12-02,100.0,100.0
ME,2025-09-28,2025-11-26,2025-11-27,2025-12-03,100.0,100.0
ME,2025-09-29,2025-11-27,2025-11-28,2025-12-04,100.0,100.0
ME,2025-09-30,2025-11-28,2025-11-29,2025-12-05,100.0,100.0
ME,2025-10-01,2025-11-29,2025-11-30,2025-12-06,100.0,100.0
ME,2025-10-02,2025-11-30,2025-12-01,2025-12-07,100.0,100.0
ME,2025-10-03,2025-12-01,2025-12-02,2025-12-08,100.0,100.0
ME,2025-10-04,2025-12-02,2025-12-03,2025-12-09,100.0,100.0
ME,2025-10-05,2025-12-03,2025-12-04,2025-12-10,100.0,100.0
ME,2025-10-06,2025-12-04,2025-12-05,2025-12-11,100.0,100.0
ME,2025-10-07,2025-12-05,2025-12-06,2025-12-12,100.0,100.0
ME,2025-10-08,2025-12-06,2025-12-07,2025-12-13,100.0,100.0
ME,2025-10-09,2025-12-07,2025-12-08,2025-12-14,100.0,100.0
ME,2025-10-10,2025-12-08,2025-12-09,2025-12-15,100.0,100.0
ME,2025-10-11,2025-12-09,2025-12-10,2025-12-16,100.0,100.0
ME,2025-10-12,2025-12-10,2025-12-11,2025-12-17,100.0,100.0
ME,2025-10-13,2025-12-11,2025-12-12,2025-12-18,100.0,100.0
ME,2025-10-14,2025-12-12,2025-12-13,2025-12-19,100.0,100.0
ME,2025-10-15,2025-12-13,2025-12-14,2025-12-20,100.0,100.0
ME,2025-10-16,2025-12-14,2025-12-15,2025-12-21,100.0,100.0
ME,2025-10-17,2025-12-15,2025-12-16,2025-12-22,100.0,100.0
ME,2025-10-18,2025-12-16,2025-12-17,2025-12-23,100.0,100.0
ME,2025-10-19,2025-12-17,2025-12-18,2025-12-24,100.0,100.0
ME,2025-10-20,2025-12-18,2025-12-19,2025-12-25,100.0,100.0
ME,2025-10-21,2025-12-19,2025-12-20,2025-12-26,100.0,100.0
ME,2025-10-22,2025-12-20,2025-12-21,2025-12-27,100.0,100.0
ME,2025-10-23,2025-12-21,2025-12-22,2025-12-28,100.0,100.0
ME,2025-10-24,2025-12-22,2025-12-23,2025-12-29,100.0,100.0
ME,2025-10-25,2025-12-23,2025-12-24,2025-12-30,100.0,100.0
ME,2025-10-26,2025-12-24,2025-12-25,2025-12-31,100.0,100.0
ME,2025-10-27,2025-12-25,2025-12-26,2026-01-01,100.0,100.0
ME,2025-10-28,2025-12-26,2025-12-27,2026-01-02,100.0,100.0
ME,2025-10-29,2025-12-27,2025-12-28,2026-01-03,100.0,100.0
ME,2025-10-30,2025-12-28,2025-12-29,2026-01-04,100.0,100.0
ME,2025-10-31,2025-12-29,2025-12-30,2026-01-05,100.0,100.0
ME,2025-11-01,2025-12-30,2025-12-31,2026-01-06,100.0,100.0
ME,2025-11-02,2025-12-31,2026-01-01,2026-01-07,100.0,100.0
ME,2025-11-03,2026-01-01,2026-01-02,2026-01-08,100.0,100.0
ME,2025-11-04,2026-01-02,2026-01-03,2026-01-09,100.0,100.0
ME,2025-11-05,2026-01-03,2026-01-04,2026-01-10,100.0,100.0
ME,2025-11-06,2026-01-04,2026-01-05,2026-01-11,100.0,85.71428571428571
ME,2025-11-20,2026-01-18,2026-01-19,2026-01-25,86.66666666666667,85.71428571428571
ME,2025-11-21,2026-01-19,2026-01-20,2026-01-26,85.0,100.0
ME,2025-11-22,2026-01-20,2026-01-21,2026-01-27,85.0,100.0
ME,2025-11-23,2026-01-21,2026-01-22,2026-01-28,85.0,100.0
ME,2025-11-24,2026-01-22,2026-01-23,2026-01-29,85.0,100.0
ME,2025-11-25,2026-01-23,2026-01-24,2026-01-30,85.0,100.0
ME,2025-11-26,2026-01-24,2026-01-25,2026-01-31,85.0,100.0
ME,2025-11-27,2026-01-25,2026-01-26,2026-02-01,85.0,100.0
ME,2025-11-28,2026-01-26,2026-01-27,2026-02-02,85.0,100.0
ME,2025-11-29,2026-01-27,2026-01-28,2026-02-03,85.0,100.0
ME,2025-11-30,2026-01-28,2026-01-29,2026-02-04,85.0,100.0
ME,2025-12-01,2026-01-29,2026-01-30,2026-02-05,85.0,100.0
ME,2025-12-02,2026-01-30,2026-01-31,2026-02-06,85.0,100.0
ME,2025-12-03,2026-01-31,2026-02-01,2026-02-07,85.0,100.0
ME,2025-12-04,2026-02-01,2026-02-02,2026-02-08,85.0,100.0
ME,2025-12-05,2026-02-02,2026-02-03,2026-02-09,85.0,100.0
ME,2025-12-06,2026-02-03,2026-02-04,2026-02-10,85.0,100.0
ME,2025-12-07,2026-02-04,2026-02-05,2026-02-11,85.0,100.0
ME,2025-12-08,2026-02-05,2026-02-06,2026-02-12,85.0,100.0
ME,2025-12-09,2026-02-06,2026-02-07,2026-02-13,85.0,100.0
ME,2025-12-10,2026-02-07,2026-02-08,2026-02-14,85.0,100.0
ME,2025-12-11,2026-02-08,2026-02-09,2026-02-15,85.0,100.0
ME,2025-12-12,2026-02-09,2026-02-10,2026-02-16,85.0,100.0
ME,2025-12-13,2026-02-10,2026-02-11,2026-02-17,85.0,100.0
ME,2025-12-14,2026-02-11,2026-02-12,2026-02-18,85.0,100.0
ME,2025-12-15,2026-02-12,2026-02-13,2026-02-19,85.0,100.0
ME,2025-12-16,2026-02-13,2026-02-14,2026-02-20,85.0,100.0
ME,2025-12-17,2026-02-14,2026-02-15,2026-02-21,85.0,100.0
ME,2025-12-18,2026-02-15,2026-02-16,2026-02-22,85.0,100.0
ME,2025-12-19,2026-02-16,2026-02-17,2026-02-23,85.0,100.0
ME,2025-12-20,2026-02-17,2026-02-18,2026-02-24,85.0,100.0
ME,2025-12-21,2026-02-18,2026-02-19,2026-02-25,85.0,100.0
ME,2025-12-22,2026-02-19,2026-02-20,2026-02-26,85.0,100.0
ME,2025-12-23,2026-02-20,2026-02-21,2026-02-27,85.0,100.0
ME,2025-12-24,2026-02-21,2026-02-22,2026-02-28,85.0,100.0
ME,2025-12-25,2026-02-22,2026-02-23,2026-03-01,85.0,100.0
ME,2025-12-26,2026-02-23,2026-02-24,2026-03-02,85.0,100.0
ME,2025-12-27,2026-02-24,2026-02-25,2026-03-03,85.0,100.0
ME,2025-12-28,2026-02-25,2026-02-26,2026-03-04,85.0,100.0
ME,2025-12-29,2026-02-26,2026-02-27,2026-03-05,85.0,100.0
ME,2025-12-30,2026-02-27,2026-02-28,2026-03-06,85.0,100.0
ME,2025-12-31,2026-02-28,2026-03-01,2026-03-07,85.0,100.0
ME,2026-01-01,2026-03-01,2026-03-02,2026-03-08,85.0,100.0
ME,2026-01-02,2026-03-02,2026-03-03,2026-03-09,85.0,100.0
ME,2026-01-03,2026-03-03,2026-03-04,2026-03-10,85.0,100.0
ME,2026-01-04,2026-03-04,2026-03-05,2026-03-11,85.0,100.0
ME,2026-01-05,2026-03-05,2026-03-06,2026-03-12,85.0,100.0
ME,2026-01-06,2026-03-06,2026-03-07,2026-03-13,85.0,100.0
ME,2026-01-07,2026-03-07,2026-03-08,2026-03-14,85.0,100.0
ME,2026-01-08,2026-03-08,2026-03-09,2026-03-15,85.0,100.0
ME,2026-01-09,2026-03-09,2026-03-10,2026-03-16,85.0,100.0
ME,2026-01-10,2026-03-10,2026-03-11,2026-03-17,85.0,100.0
ME,2026-01-11,2026-03-11,2026-03-12,2026-03-18,85.0,100.0
ME,2026-01-12,2026-03-12,2026-03-13,2026-03-19,86.66666666666667,100.0
ME,2026-01-13,2026-03-13,2026-03-14,2026-03-20,88.33333333333333,100.0
ME,2026-01-14,2026-03-14,2026-03-15,2026-03-21,90.0,100.0
ME,2026-01-15,2026-03-15,2026-03-16,2026-03-22,91.66666666666666,100.0
ME,2026-01-16,2026-03-16,2026-03-17,2026-03-23,93.33333333333333,100.0
ME,2026-01-17,2026-03-17,2026-03-18,2026-03-24,95.0,100.0
ME,2026-01-18,2026-03-18,2026-03-19,2026-03-25,96.66666666666667,100.0
ME,2026-01-19,2026-03-19,2026-03-20,2026-03-26,98.33333333333333,100.0
ME,2026-01-20,2026-03-20,2026-03-21,2026-03-27,100.0,100.0
ME,2026-01-21,2026-03-21,2026-03-22,2026-03-28,100.0,100.0
ME,2026-01-22,2026-03-22,2026-03-23,2026-03-29,100.0,100.0
ME,2026-01-23,2026-03-23,2026-03-24,2026-03-30,100.0,100.0
ME,2026-01-24,2026-03-24,2026-03-25,2026-03-31,100.0,100.0
ME,2026-01-25,2026-03-25,2026-03-26,2026-04-01,100.0,100.0
ME,2026-01-26,2026-03-26,2026-03-27,2026-04-02,100.0,100.0
ME,2026-01-27,2026-03-27,2026-03-28,2026-04-03,100.0,100.0
ME,2026-01-28,2026-03-28,2026-03-29,2026-04-04,100.0,100.0
ME,2026-01-29,2026-03-29,2026-03-30,2026-04-05,100.0,100.0
ME,2026-01-30,2026-03-30,2026-03-31,2026-04-06,100.0,100.0
ME,2026-01-31,2026-03-31,2026-04-01,2026-04-07,100.0,100.0
ME,2026-02-01,2026-04-01,2026-04-02,2026-04-08,100.0,100.0
ME,2026-02-02,2026-04-02,2026-04-03,2026-04-09,100.0,100.0
ME,2026-02-03,2026-04-03,2026-04-04,2026-04-10,100.0,100.0
ME,2026-02-04,2026-04-04,2026-04-05,2026-04-11,100.0,100.0
ME,2026-02-05,2026-04-05,2026-04-06,2026-04-12,100.0,100.0
ME,2026-02-06,2026-04-06,2026-04-07,2026-04-13,100.0,100.0
ME,2026-02-07,2026-04-07,2026-04-08,2026-04-14,100.0,100.0
ME,2026-02-08,2026-04-08,2026-04-09,2026-04-15,100.0,100.0
ME,2026-02-09,2026-04-09,2026-04-10,2026-04-16,100.0,100.0
ME,2026-02-10,2026-04-10,2026-04-11,2026-04-17,100.0,100.0
ME,2026-02-11,2026-04-11,2026-04-12,2026-04-18,100.0,100.0
ME,2026-02-12,2026-04-12,2026-04-13,2026-04-19,100.0,100.0
ME,2026-02-13,2026-04-13,2026-04-14,2026-04-20,100.0,100.0
ME,2026-02-14,2026-04-14,2026-04-15,2026-04-21,100.0,100.0
ME,2026-02-15,2026-04-15,2026-04-16,2026-04-22,100.0,100.0
ME,2026-02-16,2026-04-16,2026-04-17,2026-04-23,100.0,100.0
ME,2026-02-17,2026-04-17,2026-04-18,2026-04-24,100.0,100.0
ME,2026-02-18,2026-04-18,2026-04-19,2026-04-25,100.0,100.0
ME,2026-02-19,2026-04-19,2026-04-20,2026-04-26,100.0,100.0
ME,2026-02-20,2026-04-20,2026-04-21,2026-04-27,100.0,100.0
ME,2026-02-21,2026-04-21,2026-04-22,2026-04-28,100.0,100.0
ME,2026-02-22,2026-04-22,2026-04-23,2026-04-29,100.0,100.0
ME,2026-02-23,2026-04-23,2026-04-24,2026-04-30,100.0,100.0
ME,2026-02-24,2026-04-24,2026-04-25,2026-05-01,100.0,100.0
ME,2026-02-25,2026-04-25,2026-04-26,2026-05-02,100.0,100.0
ME,2026-02-26,2026-04-26,2026-04-27,2026-05-03,100.0,100.0
ME,2026-02-27,2026-04-27,2026-04-28,2026-05-04,100.0,100.0
ME,2026-02-28,2026-04-28,2026-04-29,2026-05-05,100.0,100.0
ME,2026-03-01,2026-04-29,2026-04-30,2026-05-06,100.0,100.0
ME,2026-03-02,2026-04-30,2026-05-01,2026-05-07,100.0,100.0
ME,2026-03-03,2026-05-01,2026-05-02,2026-05-08,100.0,100.0
ME,2026-03-04,2026-05-02,2026-05-03,2026-05-09,100.0,100.0
ME,2026-03-05,2026-05-03,2026-05-04,2026-05-10,100.0,100.0
ME,2026-03-06,2026-05-04,2026-05-05,2026-05-11,100.0,100.0
ME,2026-03-07,2026-05-05,2026-05-06,2026-05-12,100.0,100.0
ME,2026-03-08,2026-05-06,2026-05-07,2026-05-13,100.0,100.0
ME,2026-03-09,2026-05-07,2026-05-08,2026-05-14,100.0,100.0
ME,2026-03-10,2026-05-08,2026-05-09,2026-05-15,100.0,100.0
ME,2026-03-11,2026-05-09,2026-05-10,2026-05-16,100.0,100.0
ME,2026-03-12,2026-05-10,2026-05-11,2026-05-17,100.0,100.0
ME,2026-03-13,2026-05-11,2026-05-12,2026-05-18,100.0,100.0
ME,2026-03-14,2026-05-12,2026-05-13,2026-05-19,100.0,100.0
ME,2026-03-15,2026-05-13,2026-05-14,2026-05-20,100.0,100.0
ME,2026-03-16,2026-05-14,2026-05-15,2026-05-21,100.0,100.0
ME,2026-03-17,2026-05-15,2026-05-16,2026-05-22,100.0,100.0
ME,2026-03-18,2026-05-16,2026-05-17,2026-05-23,100.0,100.0
ME,2026-03-19,2026-05-17,2026-05-18,2026-05-24,100.0,100.0
ME,2026-03-20,2026-05-18,2026-05-19,2026-05-25,100.0,100.0
ME,2026-03-21,2026-05-19,2026-05-20,2026-05-26,100.0,100.0
ME,2026-03-22,2026-05-20,2026-05-21,2026-05-27,100.0,100.0
ME,2026-03-23,2026-05-21,2026-05-22,2026-05-28,100.0,100.0
ME,2026-03-24,2026-05-22,2026-05-23,2026-05-29,100.0,100.0
ME,2026-03-25,2026-05-23,2026-05-24,2026-05-30,100.0,100.0
ME,2026-03-26,2026-05-24,2026-05-25,2026-05-31,100.0,100.0
ME,2026-03-27,2026-05-25,2026-05-26,2026-06-01,100.0,100.0
ME,2026-03-28,2026-05-26,2026-05-27,2026-06-02,100.0,100.0
ME,2026-03-29,2026-05-27,2026-05-28,2026-06-03,100.0,100.0
ME,2026-03-30,2026-05-28,2026-05-29,2026-06-04,100.0,100.0
ME,2026-03-31,2026-05-29,2026-05-30,2026-06-05,100.0,100.0
ME,2026-04-01,2026-05-30,2026-05-31,2026-06-06,100.0,100.0
ME,2026-04-02,2026-05-31,2026-06-01,2026-06-07,100.0,100.0
ME,2026-04-03,2026-06-01,2026-06-02,2026-06-08,100.0,100.0
ME,2026-04-04,2026-06-02,2026-06-03,2026-06-09,100.0,100.0
ME,2026-04-05,2026-06-03,2026-06-04,2026-06-10,100.0,100.0
ME,2026-04-06,2026-06-04,2026-06-05,2026-06-11,100.0,100.0
ME,2026-04-07,2026-06-05,2026-06-06,2026-06-12,100.0,100.0
ME,2026-04-08,2026-06-06,2026-06-07,2026-06-13,100.0,100.0
ME,2026-04-09,2026-06-07,2026-06-08,2026-06-14,100.0,100.0
ME,2026-04-10,2026-06-08,2026-06-09,2026-06-15,100.0,100.0
ME,2026-04-11,2026-06-09,2026-06-10,2026-06-16,100.0,100.0
ME,2026-04-12,2026-06-10,2026-06-11,2026-06-17,100.0,100.0
ME,2026-04-13,2026-06-11,2026-06-12,2026-06-18,100.0,100.0
ME,2026-04-14,2026-06-12,2026-06-13,2026-06-19,100.0,100.0
ME,2026-04-15,2026-06-13,2026-06-14,2026-06-20,100.0,100.0
ME,2026-04-16,2026-06-14,2026-06-15,2026-06-21,100.0,100.0
ME,2026-04-17,2026-06-15,2026-06-16,2026-06-22,100.0,100.0
ME,2026-04-18,2026-06-16,2026-06-17,2026-06-23,100.0,100.0
ME,2026-04-19,2026-06-17,2026-06-18,2026-06-24,100.0,85.71428571428571
ME,2026-04-20,2026-06-18,2026-06-19,2026-06-25,100.0,85.71428571428571
ME,2026-04-21,2026-06-19,2026-06-20,2026-06-26,100.0,85.71428571428571
ME,2026-04-22,2026-06-20,2026-06-21,2026-06-27,100.0,85.71428571428571
ME,2026-04-23,2026-06-21,2026-06-22,2026-06-28,100.0,85.71428571428571
ME,2026-04-24,2026-06-22,2026-06-23,2026-06-29,100.0,85.71428571428571
ME,2026-04-25,2026-06-23,2026-06-24,2026-06-30,100.0,85.71428571428571
ME,2026-04-26,2026-06-24,2026-06-25,2026-07-01,98.33333333333333,100.0
ME,2026-04-27,2026-06-25,2026-06-26,2026-07-02,98.33333333333333,100.0
ME,2026-04-28,2026-06-26,2026-06-27,2026-07-03,98.33333333333333,100.0
ME,2026-04-29,2026-06-27,2026-06-28,2026-07-04,98.33333333333333,100.0
ME,2026-04-30,2026-06-28,2026-06-29,2026-07-05,98.33333333333333,100.0
ME,2026-05-01,2026-06-29,2026-06-30,2026-07-06,98.33333333333333,100.0
ME,2026-05-02,2026-06-30,2026-07-01,2026-07-07,98.33333333333333,100.0
ME,2026-05-03,2026-07-01,2026-07-02,2026-07-08,98.33333333333333,100.0
ME,2026-05-04,2026-07-02,2026-07-03,2026-07-09,98.33333333333333,100.0
ME,2026-05-05,2026-07-03,2026-07-04,2026-07-10,98.33333333333333,100.0
ME,2026-05-06,2026-07-04,2026-07-05,2026-07-11,98.33333333333333,100.0
ME,2026-05-07,2026-07-05,2026-07-06,2026-07-12,98.33333333333333,100.0
ME,2026-05-08,2026-07-06,2026-07-07,2026-07-13,98.33333333333333,100.0
ME,2026-05-09,2026-07-07,2026-07-08,2026-07-14,98.33333333333333,100.0
ME,2026-05-10,2026-07-08,2026-07-09,2026-07-15,98.33333333333333,100.0
ME,2026-05-11,2026-07-09,2026-07-10,2026-07-16,98.33333333333333,100.0
ME,2026-05-12,2026-07-10,2026-07-11,2026-07-17,98.33333333333333,100.0
ME,2026-05-13,2026-07-11,2026-07-12,2026-07-18,98.33333333333333,100.0
ME,2026-05-14,2026-07-12,2026-07-13,2026-07-19,98.33333333333333,100.0
ME,2026-05-15,2026-07-13,2026-07-14,2026-07-20,98.33333333333333,100.0
ME,2026-05-16,2026-07-14,2026-07-15,2026-07-21,98.33333333333333,100.0
ME,2026-05-17,2026-07-15,2026-07-16,2026-07-22,98.33333333333333,100.0
ME,2026-05-18,2026-07-16,2026-07-17,2026-07-23,98.33333333333333,100.0
ME,2026-05-19,2026-07-17,2026-07-18,2026-07-24,98.33333333333333,100.0
ME,2026-05-20,2026-07-18,2026-07-19,2026-07-25,98.33333333333333,100.0
ME,2026-05-21,2026-07-19,2026-07-20,2026-07-26,98.33333333333333,100.0
ME,2026-05-22,2026-07-20,2026-07-21,2026-07-27,98.33333333333333,100.0
ME,2026-05-23,2026-07-21,2026-07-22,2026-07-28,98.33333333333333,100.0
ME,2026-05-24,2026-07-22,2026-07-23,2026-07-29,98.33333333333333,100.0
ME,2026-05-25,2026-07-23,2026-07-24,2026-07-30,98.33333333333333,100.0
ME,2026-05-26,2026-07-24,2026-07-25,2026-07-31,98.33333333333333,100.0
ME,2026-05-27,2026-07-25,2026-07-26,2026-08-01,98.33333333333333,100.0
ME,2026-05-28,2026-07-26,2026-07-27,2026-08-02,98.33333333333333,100.0
ME,2026-05-29,2026-07-27,2026-07-28,2026-08-03,98.33333333333333,100.0
ME,2026-05-30,2026-07-28,2026-07-29,2026-08-04,98.33333333333333,100.0
ME,2026-05-31,2026-07-29,2026-07-30,2026-08-05,98.33333333333333,100.0
ME,2026-06-01,2026-07-30,2026-07-31,2026-08-06,98.33333333333333,100.0
ME,2026-06-02,2026-07-31,2026-08-01,2026-08-07,98.33333333333333,100.0
ME,2026-06-03,2026-08-01,2026-08-02,2026-08-08,98.33333333333333,100.0
ME,2026-06-04,2026-08-02,2026-08-03,2026-08-09,98.33333333333333,100.0
ME,2026-06-05,2026-08-03,2026-08-04,2026-08-10,98.33333333333333,100.0
ME,2026-06-06,2026-08-04,2026-08-05,2026-08-11,98.33333333333333,100.0
ME,2026-06-07,2026-08-05,2026-08-06,2026-08-12,98.33333333333333,100.0
ME,2026-06-08,2026-08-06,2026-08-07,2026-08-13,98.33333333333333,100.0
ME,2026-06-09,2026-08-07,2026-08-08,2026-08-14,98.33333333333333,100.0
ME,2026-06-10,2026-08-08,2026-08-09,2026-08-15,98.33333333333333,100.0
ME,2026-06-11,2026-08-09,2026-08-10,2026-08-16,98.33333333333333,100.0
ME,2026-06-12,2026-08-10,2026-08-11,2026-08-17,98.33333333333333,100.0
ME,2026-06-13,2026-08-11,2026-08-12,2026-08-18,98.33333333333333,100.0
ME,2026-06-14,2026-08-12,2026-08-13,2026-08-19,98.33333333333333,100.0
ME,2026-06-15,2026-08-13,2026-08-14,2026-08-20,98.33333333333333,100.0
ME,2026-06-16,2026-08-14,2026-08-15,2026-08-21,98.33333333333333,100.0
ME,2026-06-17,2026-08-15,2026-08-16,2026-08-22,98.33333333333333,100.0
ME,2026-06-18,2026-08-16,2026-08-17,2026-08-23,98.33333333333333,100.0
ME,2026-06-19,2026-08-17,2026-08-18,2026-08-24,98.33333333333333,100.0
ME,2026-06-20,2026-08-18,2026-08-19,2026-08-25,98.33333333333333,100.0
ME,2026-06-21,2026-08-19,2026-08-20,2026-08-26,98.33333333333333,100.0
ME,2026-06-22,2026-08-20,2026-08-21,2026-08-27,98.33333333333333,100.0
ME,2026-06-23,2026-08-21,2026-08-22,2026-08-28,98.33333333333333,100.0
ME,2026-06-24,2026-08-22,2026-08-23,2026-08-29,98.33333333333333,100.0
ME,2026-06-25,2026-08-23,2026-08-24,2026-08-30,100.0,100.0
ME,2026-06-26,2026-08-24,2026-08-25,2026-08-31,100.0,100.0
ME,2026-06-27,2026-08-25,2026-08-26,2026-09-01,100.0,100.0
ME,2026-06-28,2026-08-26,2026-08-27,2026-09-02,100.0,100.0
ME,2026-06-29,2026-08-27,2026-08-28,2026-09-03,100.0,100.0
ME,2026-06-30,2026-08-28,2026-08-29,2026-09-04,100.0,100.0
ME,2026-07-01,2026-08-29,2026-08-30,2026-09-05,100.0,100.0
ME,2026-07-02,2026-08-30,2026-08-31,2026-09-06,100.0,100.0
ME,2026-07-03,2026-08-31,2026-09-01,2026-09-07,100.0,100.0
ME,2026-07-04,2026-09-01,2026-09-02,2026-09-08,100.0,100.0
ME,2026-07-05,2026-09-02,2026-09-03,2026-09-09,100.0,100.0
ME,2026-07-06,2026-09-03,2026-09-04,2026-09-10,100.0,100.0
ME,2026-07-07,2026-09-04,2026-09-05,2026-09-11,100.0,100.0
ME,2026-07-08,2026-09-05,2026-09-06,2026-09-12,100.0,100.0
ME,2026-07-09,2026-09-06,2026-09-07,2026-09-13,100.0,100.0
ME,2026-07-10,2026-09-07,2026-09-08,2026-09-14,100.0,100.0
ME,2026-07-11,2026-09-08,2026-09-09,2026-09-15,100.0,100.0
ME,2026-07-12,2026-09-09,2026-09-10,2026-09-16,100.0,100.0
ME,2026-07-13,2026-09-10,2026-09-11,2026-09-17,100.0,100.0
N,2025-02-19,2025-04-19,2025-04-20,2025-04-26,95.0,100.0
N,2025-02-20,2025-04-20,2025-04-21,2025-04-27,95.0,100.0
N,2025-02-21,2025-04-21,2025-04-22,2025-04-28,95.0,100.0
N,2025-02-22,2025-04-22,2025-04-23,2025-04-29,95.0,100.0
N,2025-02-23,2025-04-23,2025-04-24,2025-04-30,95.0,100.0
N,2025-02-24,2025-04-24,2025-04-25,2025-05-01,95.0,100.0
N,2025-02-25,2025-04-25,2025-04-26,2025-05-02,95.0,100.0
N,2025-02-26,2025-04-26,2025-04-27,2025-05-03,95.0,85.71428571428571
N,2025-03-05,2025-05-03,2025-05-04,2025-05-10,93.33333333333333,85.71428571428571
N,2025-03-06,2025-05-04,2025-05-05,2025-05-11,91.66666666666666,100.0
N,2025-03-07,2025-05-05,2025-05-06,2025-05-12,91.66666666666666,100.0
N,2025-03-08,2025-05-06,2025-05-07,2025-05-13,91.66666666666666,100.0
N,2025-03-09,2025-05-07,2025-05-08,2025-05-14,91.66666666666666,85.71428571428571
N,2025-03-10,2025-05-08,2025-05-09,2025-05-15,91.66666666666666,85.71428571428571
N,2025-03-11,2025-05-09,2025-05-10,2025-05-16,91.66666666666666,85.71428571428571
N,2025-03-12,2025-05-10,2025-05-11,2025-05-17,93.33333333333333,85.71428571428571
N,2025-03-13,2025-05-11,2025-05-12,2025-05-18,93.33333333333333,85.71428571428571
N,2025-03-14,2025-05-12,2025-05-13,2025-05-19,93.33333333333333,85.71428571428571
N,2025-03-15,2025-05-13,2025-05-14,2025-05-20,93.33333333333333,85.71428571428571
N,2025-03-16,2025-05-14,2025-05-15,2025-05-21,91.66666666666666,100.0
N,2025-03-17,2025-05-15,2025-05-16,2025-05-22,91.66666666666666,100.0
N,2025-03-18,2025-05-16,2025-05-17,2025-05-23,91.66666666666666,100.0
N,2025-03-19,2025-05-17,2025-05-18,2025-05-24,91.66666666666666,100.0
N,2025-03-20,2025-05-18,2025-05-19,2025-05-25,91.66666666666666,100.0
N,2025-03-21,2025-05-19,2025-05-20,2025-05-26,91.66666666666666,100.0
N,2025-03-22,2025-05-20,2025-05-21,2025-05-27,91.66666666666666,100.0
N,2025-03-23,2025-05-21,2025-05-22,2025-05-28,91.66666666666666,100.0
N,2025-03-24,2025-05-22,2025-05-23,2025-05-29,91.66666666666666,100.0
N,2025-03-25,2025-05-23,2025-05-24,2025-05-30,91.66666666666666,100.0
N,2025-03-26,2025-05-24,2025-05-25,2025-05-31,91.66666666666666,100.0
N,2025-03-27,2025-05-25,2025-05-26,2025-06-01,91.66666666666666,100.0
N,2025-03-28,2025-05-26,2025-05-27,2025-06-02,91.66666666666666,100.0
N,2025-03-29,2025-05-27,2025-05-28,2025-06-03,91.66666666666666,100.0
N,2025-03-30,2025-05-28,2025-05-29,2025-06-04,91.66666666666666,100.0
N,2025-03-31,2025-05-29,2025-05-30,2025-06-05,91.66666666666666,100.0
N,2025-04-01,2025-05-30,2025-05-31,2025-06-06,91.66666666666666,100.0
N,2025-04-02,2025-05-31,2025-06-01,2025-06-07,91.66666666666666,100.0
N,2025-04-03,2025-06-01,2025-06-02,2025-06-08,91.66666666666666,100.0
N,2025-04-04,2025-06-02,2025-06-03,2025-06-09,91.66666666666666,100.0
N,2025-04-05,2025-06-03,2025-06-04,2025-06-10,91.66666666666666,100.0
N,2025-04-06,2025-06-04,2025-06-05,2025-06-11,91.66666666666666,100.0
N,2025-04-07,2025-06-05,2025-06-06,2025-06-12,91.66666666666666,100.0
N,2025-04-08,2025-06-06,2025-06-07,2025-06-13,91.66666666666666,100.0
N,2025-04-09,2025-06-07,2025-06-08,2025-06-14,91.66666666666666,100.0
N,2025-04-10,2025-06-08,2025-06-09,2025-06-15,91.66666666666666,100.0
N,2025-04-11,2025-06-09,2025-06-10,2025-06-16,93.33333333333333,100.0
N,2025-04-12,2025-06-10,2025-06-11,2025-06-17,95.0,100.0
N,2025-04-13,2025-06-11,2025-06-12,2025-06-18,95.0,100.0
N,2025-04-14,2025-06-12,2025-06-13,2025-06-19,95.0,100.0
N,2025-04-15,2025-06-13,2025-06-14,2025-06-20,95.0,100.0
N,2025-04-16,2025-06-14,2025-06-15,2025-06-21,95.0,100.0
N,2025-04-17,2025-06-15,2025-06-16,2025-06-22,95.0,100.0
N,2025-04-18,2025-06-16,2025-06-17,2025-06-23,95.0,100.0
N,2025-04-19,2025-06-17,2025-06-18,2025-06-24,95.0,100.0
N,2025-04-20,2025-06-18,2025-06-19,2025-06-25,95.0,100.0
N,2025-04-21,2025-06-19,2025-06-20,2025-06-26,95.0,100.0
N,2025-04-22,2025-06-20,2025-06-21,2025-06-27,95.0,100.0
N,2025-04-23,2025-06-21,2025-06-22,2025-06-28,95.0,100.0
N,2025-04-24,2025-06-22,2025-06-23,2025-06-29,95.0,100.0
N,2025-04-25,2025-06-23,2025-06-24,2025-06-30,95.0,100.0
N,2025-04-26,2025-06-24,2025-06-25,2025-07-01,95.0,100.0
N,2025-04-27,2025-06-25,2025-06-26,2025-07-02,95.0,100.0
N,2025-04-28,2025-06-26,2025-06-27,2025-07-03,95.0,100.0
N,2025-04-29,2025-06-27,2025-06-28,2025-07-04,95.0,100.0
N,2025-04-30,2025-06-28,2025-06-29,2025-07-05,95.0,100.0
N,2025-05-01,2025-06-29,2025-06-30,2025-07-06,95.0,100.0
N,2025-05-02,2025-06-30,2025-07-01,2025-07-07,95.0,100.0
N,2025-05-03,2025-07-01,2025-07-02,2025-07-08,95.0,100.0
N,2025-05-04,2025-07-02,2025-07-03,2025-07-09,96.66666666666667,100.0
N,2025-05-05,2025-07-03,2025-07-04,2025-07-10,98.33333333333333,100.0
N,2025-05-06,2025-07-04,2025-07-05,2025-07-11,98.33333333333333,100.0
N,2025-05-07,2025-07-05,2025-07-06,2025-07-12,98.33333333333333,100.0
N,2025-05-08,2025-07-06,2025-07-07,2025-07-13,98.33333333333333,100.0
N,2025-05-09,2025-07-07,2025-07-08,2025-07-14,98.33333333333333,100.0
N,2025-05-10,2025-07-08,2025-07-09,2025-07-15,98.33333333333333,100.0
N,2025-05-11,2025-07-09,2025-07-10,2025-07-16,98.33333333333333,100.0
N,2025-05-12,2025-07-10,2025-07-11,2025-07-17,98.33333333333333,100.0
N,2025-05-13,2025-07-11,2025-07-12,2025-07-18,98.33333333333333,100.0
N,2025-05-14,2025-07-12,2025-07-13,2025-07-19,98.33333333333333,100.0
N,2025-05-15,2025-07-13,2025-07-14,2025-07-20,100.0,100.0
N,2025-05-16,2025-07-14,2025-07-15,2025-07-21,100.0,100.0
N,2025-05-17,2025-07-15,2025-07-16,2025-07-22,100.0,100.0
N,2025-05-18,2025-07-16,2025-07-17,2025-07-23,100.0,100.0
N,2025-05-19,2025-07-17,2025-07-18,2025-07-24,100.0,100.0
N,2025-05-20,2025-07-18,2025-07-19,2025-07-25,100.0,100.0
N,2025-05-21,2025-07-19,2025-07-20,2025-07-26,100.0,100.0
N,2025-05-22,2025-07-20,2025-07-21,2025-07-27,100.0,100.0
N,2025-05-23,2025-07-21,2025-07-22,2025-07-28,100.0,100.0
N,2025-05-24,2025-07-22,2025-07-23,2025-07-29,100.0,100.0
N,2025-05-25,2025-07-23,2025-07-24,2025-07-30,100.0,100.0
N,2025-05-26,2025-07-24,2025-07-25,2025-07-31,100.0,100.0
N,2025-05-27,2025-07-25,2025-07-26,2025-08-01,100.0,100.0
N,2025-05-28,2025-07-26,2025-07-27,2025-08-02,100.0,100.0
N,2025-05-29,2025-07-27,2025-07-28,2025-08-03,100.0,100.0
N,2025-05-30,2025-07-28,2025-07-29,2025-08-04,100.0,100.0
N,2025-05-31,2025-07-29,2025-07-30,2025-08-05,100.0,100.0
N,2025-06-01,2025-07-30,2025-07-31,2025-08-06,100.0,100.0
N,2025-06-02,2025-07-31,2025-08-01,2025-08-07,100.0,100.0
N,2025-06-03,2025-08-01,2025-08-02,2025-08-08,100.0,100.0
N,2025-06-04,2025-08-02,2025-08-03,2025-08-09,100.0,100.0
N,2025-06-05,2025-08-03,2025-08-04,2025-08-10,100.0,100.0
N,2025-06-06,2025-08-04,2025-08-05,2025-08-11,100.0,100.0
N,2025-06-07,2025-08-05,2025-08-06,2025-08-12,100.0,100.0
N,2025-06-08,2025-08-06,2025-08-07,2025-08-13,100.0,100.0
N,2025-06-09,2025-08-07,2025-08-08,2025-08-14,100.0,100.0
N,2025-06-10,2025-08-08,2025-08-09,2025-08-15,100.0,100.0
N,2025-06-11,2025-08-09,2025-08-10,2025-08-16,100.0,85.71428571428571
N,2025-06-25,2025-08-23,2025-08-24,2025-08-30,88.33333333333333,85.71428571428571
N,2025-06-26,2025-08-24,2025-08-25,2025-08-31,86.66666666666667,100.0
N,2025-06-27,2025-08-25,2025-08-26,2025-09-01,86.66666666666667,100.0
N,2025-06-28,2025-08-26,2025-08-27,2025-09-02,86.66666666666667,100.0
N,2025-06-29,2025-08-27,2025-08-28,2025-09-03,86.66666666666667,100.0
N,2025-06-30,2025-08-28,2025-08-29,2025-09-04,86.66666666666667,100.0
N,2025-07-01,2025-08-29,2025-08-30,2025-09-05,86.66666666666667,100.0
N,2025-07-02,2025-08-30,2025-08-31,2025-09-06,86.66666666666667,100.0
N,2025-07-03,2025-08-31,2025-09-01,2025-09-07,86.66666666666667,100.0
N,2025-07-04,2025-09-01,2025-09-02,2025-09-08,86.66666666666667,100.0
N,2025-07-05,2025-09-02,2025-09-03,2025-09-09,86.66666666666667,100.0
N,2025-07-06,2025-09-03,2025-09-04,2025-09-10,86.66666666666667,100.0
N,2025-07-07,2025-09-04,2025-09-05,2025-09-11,86.66666666666667,100.0
N,2025-07-08,2025-09-05,2025-09-06,2025-09-12,86.66666666666667,100.0
N,2025-07-09,2025-09-06,2025-09-07,2025-09-13,86.66666666666667,100.0
N,2025-07-10,2025-09-07,2025-09-08,2025-09-14,86.66666666666667,100.0
N,2025-07-11,2025-09-08,2025-09-09,2025-09-15,86.66666666666667,100.0
N,2025-07-12,2025-09-09,2025-09-10,2025-09-16,86.66666666666667,100.0
N,2025-07-13,2025-09-10,2025-09-11,2025-09-17,86.66666666666667,100.0
N,2025-07-14,2025-09-11,2025-09-12,2025-09-18,86.66666666666667,100.0
N,2025-07-15,2025-09-12,2025-09-13,2025-09-19,86.66666666666667,100.0
N,2025-07-16,2025-09-13,2025-09-14,2025-09-20,86.66666666666667,100.0
N,2025-07-17,2025-09-14,2025-09-15,2025-09-21,86.66666666666667,100.0
N,2025-07-18,2025-09-15,2025-09-16,2025-09-22,86.66666666666667,100.0
N,2025-07-19,2025-09-16,2025-09-17,2025-09-23,86.66666666666667,100.0
N,2025-07-20,2025-09-17,2025-09-18,2025-09-24,86.66666666666667,100.0
N,2025-07-21,2025-09-18,2025-09-19,2025-09-25,86.66666666666667,100.0
N,2025-07-22,2025-09-19,2025-09-20,2025-09-26,86.66666666666667,100.0
N,2025-07-23,2025-09-20,2025-09-21,2025-09-27,86.66666666666667,100.0
N,2025-07-24,2025-09-21,2025-09-22,2025-09-28,86.66666666666667,100.0
N,2025-07-25,2025-09-22,2025-09-23,2025-09-29,86.66666666666667,100.0
N,2025-07-26,2025-09-23,2025-09-24,2025-09-30,86.66666666666667,100.0
N,2025-07-27,2025-09-24,2025-09-25,2025-10-01,86.66666666666667,100.0
N,2025-07-28,2025-09-25,2025-09-26,2025-10-02,86.66666666666667,100.0
N,2025-07-29,2025-09-26,2025-09-27,2025-10-03,86.66666666666667,100.0
N,2025-07-30,2025-09-27,2025-09-28,2025-10-04,86.66666666666667,100.0
N,2025-07-31,2025-09-28,2025-09-29,2025-10-05,86.66666666666667,100.0
N,2025-08-01,2025-09-29,2025-09-30,2025-10-06,86.66666666666667,100.0
N,2025-08-02,2025-09-30,2025-10-01,2025-10-07,86.66666666666667,100.0
N,2025-08-03,2025-10-01,2025-10-02,2025-10-08,86.66666666666667,100.0
N,2025-08-04,2025-10-02,2025-10-03,2025-10-09,86.66666666666667,100.0
N,2025-08-05,2025-10-03,2025-10-04,2025-10-10,86.66666666666667,100.0
N,2025-08-06,2025-10-04,2025-10-05,2025-10-11,86.66666666666667,100.0
N,2025-08-07,2025-10-05,2025-10-06,2025-10-12,86.66666666666667,100.0
N,2025-08-08,2025-10-06,2025-10-07,2025-10-13,86.66666666666667,100.0
N,2025-08-09,2025-10-07,2025-10-08,2025-10-14,86.66666666666667,100.0
N,2025-08-10,2025-10-08,2025-10-09,2025-10-15,86.66666666666667,100.0
N,2025-08-11,2025-10-09,2025-10-10,2025-10-16,86.66666666666667,100.0
N,2025-08-12,2025-10-10,2025-10-11,2025-10-17,86.66666666666667,100.0
N,2025-08-13,2025-10-11,2025-10-12,2025-10-18,86.66666666666667,100.0
N,2025-08-14,2025-10-12,2025-10-13,2025-10-19,86.66666666666667,100.0
N,2025-08-15,2025-10-13,2025-10-14,2025-10-20,86.66666666666667,100.0
N,2025-08-16,2025-10-14,2025-10-15,2025-10-21,86.66666666666667,100.0
N,2025-08-17,2025-10-15,2025-10-16,2025-10-22,88.33333333333333,100.0
N,2025-08-18,2025-10-16,2025-10-17,2025-10-23,90.0,100.0
N,2025-08-19,2025-10-17,2025-10-18,2025-10-24,91.66666666666666,100.0
N,2025-08-20,2025-10-18,2025-10-19,2025-10-25,93.33333333333333,100.0
N,2025-08-21,2025-10-19,2025-10-20,2025-10-26,95.0,100.0
N,2025-08-22,2025-10-20,2025-10-21,2025-10-27,95.0,100.0
N,2025-08-23,2025-10-21,2025-10-22,2025-10-28,96.66666666666667,100.0
N,2025-08-24,2025-10-22,2025-10-23,2025-10-29,98.33333333333333,100.0
N,2025-08-25,2025-10-23,2025-10-24,2025-10-30,100.0,100.0
N,2025-08-26,2025-10-24,2025-10-25,2025-10-31,100.0,100.0
N,2025-08-27,2025-10-25,2025-10-26,2025-11-01,100.0,100.0
N,2025-08-28,2025-10-26,2025-10-27,2025-11-02,100.0,100.0
N,2025-08-29,2025-10-27,2025-10-28,2025-11-03,100.0,100.0
N,2025-08-30,2025-10-28,2025-10-29,2025-11-04,100.0,100.0
N,2025-08-31,2025-10-29,2025-10-30,2025-11-05,100.0,100.0
N,2025-09-01,2025-10-30,2025-10-31,2025-11-06,100.0,100.0
N,2025-09-02,2025-10-31,2025-11-01,2025-11-07,100.0,100.0
N,2025-09-03,2025-11-01,2025-11-02,2025-11-08,100.0,100.0
N,2025-09-04,2025-11-02,2025-11-03,2025-11-09,100.0,100.0
N,2025-09-05,2025-11-03,2025-11-04,2025-11-10,100.0,100.0
N,2025-09-06,2025-11-04,2025-11-05,2025-11-11,100.0,100.0
N,2025-09-07,2025-11-05,2025-11-06,2025-11-12,100.0,100.0
N,2025-09-08,2025-11-06,2025-11-07,2025-11-13,100.0,100.0
N,2025-09-09,2025-11-07,2025-11-08,2025-11-14,100.0,100.0
N,2025-09-10,2025-11-08,2025-11-09,2025-11-15,100.0,100.0
N,2025-09-11,2025-11-09,2025-11-10,2025-11-16,100.0,100.0
N,2025-09-12,2025-11-10,2025-11-11,2025-11-17,100.0,100.0
N,2025-09-13,2025-11-11,2025-11-12,2025-11-18,100.0,100.0
N,2025-09-14,2025-11-12,2025-11-13,2025-11-19,100.0,100.0
N,2025-09-15,2025-11-13,2025-11-14,2025-11-20,100.0,100.0
N,2025-09-16,2025-11-14,2025-11-15,2025-11-21,100.0,100.0
N,2025-09-17,2025-11-15,2025-11-16,2025-11-22,100.0,100.0
N,2025-09-18,2025-11-16,2025-11-17,2025-11-23,100.0,100.0
N,2025-09-19,2025-11-17,2025-11-18,2025-11-24,100.0,100.0
N,2025-09-20,2025-11-18,2025-11-19,2025-11-25,100.0,100.0
N,2025-09-21,2025-11-19,2025-11-20,2025-11-26,100.0,100.0
N,2025-09-22,2025-11-20,2025-11-21,2025-11-27,100.0,100.0
N,2025-09-23,2025-11-21,2025-11-22,2025-11-28,100.0,100.0
N,2025-09-24,2025-11-22,2025-11-23,2025-11-29,100.0,100.0
N,2025-09-25,2025-11-23,2025-11-24,2025-11-30,100.0,100.0
N,2025-09-26,2025-11-24,2025-11-25,2025-12-01,100.0,100.0
N,2025-09-27,2025-11-25,2025-11-26,2025-12-02,100.0,100.0
N,2025-09-28,2025-11-26,2025-11-27,2025-12-03,100.0,100.0
N,2025-09-29,2025-11-27,2025-11-28,2025-12-04,100.0,100.0
N,2025-09-30,2025-11-28,2025-11-29,2025-12-05,100.0,100.0
N,2025-10-01,2025-11-29,2025-11-30,2025-12-06,100.0,100.0
N,2025-10-02,2025-11-30,2025-12-01,2025-12-07,100.0,100.0
N,2025-10-03,2025-12-01,2025-12-02,2025-12-08,100.0,100.0
N,2025-10-04,2025-12-02,2025-12-03,2025-12-09,100.0,100.0
N,2025-10-05,2025-12-03,2025-12-04,2025-12-10,100.0,100.0
N,2025-10-06,2025-12-04,2025-12-05,2025-12-11,100.0,100.0
N,2025-10-07,2025-12-05,2025-12-06,2025-12-12,100.0,100.0
N,2025-10-08,2025-12-06,2025-12-07,2025-12-13,100.0,100.0
N,2025-10-09,2025-12-07,2025-12-08,2025-12-14,100.0,100.0
N,2025-10-10,2025-12-08,2025-12-09,2025-12-15,100.0,100.0
N,2025-10-11,2025-12-09,2025-12-10,2025-12-16,100.0,100.0
N,2025-10-12,2025-12-10,2025-12-11,2025-12-17,100.0,100.0
N,2025-10-13,2025-12-11,2025-12-12,2025-12-18,100.0,100.0
N,2025-10-14,2025-12-12,2025-12-13,2025-12-19,100.0,100.0
N,2025-10-15,2025-12-13,2025-12-14,2025-12-20,100.0,100.0
N,2025-10-16,2025-12-14,2025-12-15,2025-12-21,100.0,100.0
N,2025-10-17,2025-12-15,2025-12-16,2025-12-22,100.0,100.0
N,2025-10-18,2025-12-16,2025-12-17,2025-12-23,100.0,100.0
N,2025-10-19,2025-12-17,2025-12-18,2025-12-24,100.0,100.0
N,2025-10-20,2025-12-18,2025-12-19,2025-12-25,100.0,100.0
N,2025-10-21,2025-12-19,2025-12-20,2025-12-26,100.0,100.0
N,2025-10-22,2025-12-20,2025-12-21,2025-12-27,100.0,100.0
N,2025-10-23,2025-12-21,2025-12-22,2025-12-28,100.0,100.0
N,2025-10-24,2025-12-22,2025-12-23,2025-12-29,100.0,100.0
N,2025-10-25,2025-12-23,2025-12-24,2025-12-30,100.0,100.0
N,2025-10-26,2025-12-24,2025-12-25,2025-12-31,100.0,100.0
N,2025-10-27,2025-12-25,2025-12-26,2026-01-01,100.0,100.0
N,2025-10-28,2025-12-26,2025-12-27,2026-01-02,100.0,100.0
N,2025-10-29,2025-12-27,2025-12-28,2026-01-03,100.0,100.0
N,2025-10-30,2025-12-28,2025-12-29,2026-01-04,100.0,100.0
N,2025-10-31,2025-12-29,2025-12-30,2026-01-05,100.0,100.0
N,2025-11-01,2025-12-30,2025-12-31,2026-01-06,100.0,100.0
N,2025-11-02,2025-12-31,2026-01-01,2026-01-07,100.0,100.0
N,2025-11-03,2026-01-01,2026-01-02,2026-01-08,100.0,100.0
N,2025-11-04,2026-01-02,2026-01-03,2026-01-09,100.0,100.0
N,2025-11-05,2026-01-03,2026-01-04,2026-01-10,100.0,100.0
N,2025-11-06,2026-01-04,2026-01-05,2026-01-11,100.0,85.71428571428571
N,2025-11-20,2026-01-18,2026-01-19,2026-01-25,86.66666666666667,85.71428571428571
N,2025-11-21,2026-01-19,2026-01-20,2026-01-26,85.0,100.0
N,2025-11-22,2026-01-20,2026-01-21,2026-01-27,85.0,100.0
N,2025-11-23,2026-01-21,2026-01-22,2026-01-28,85.0,100.0
N,2025-11-24,2026-01-22,2026-01-23,2026-01-29,85.0,100.0
N,2025-11-25,2026-01-23,2026-01-24,2026-01-30,85.0,100.0
N,2025-11-26,2026-01-24,2026-01-25,2026-01-31,85.0,100.0
N,2025-11-27,2026-01-25,2026-01-26,2026-02-01,85.0,100.0
N,2025-11-28,2026-01-26,2026-01-27,2026-02-02,85.0,100.0
N,2025-11-29,2026-01-27,2026-01-28,2026-02-03,85.0,100.0
N,2025-11-30,2026-01-28,2026-01-29,2026-02-04,85.0,100.0
N,2025-12-01,2026-01-29,2026-01-30,2026-02-05,85.0,100.0
N,2025-12-02,2026-01-30,2026-01-31,2026-02-06,85.0,100.0
N,2025-12-03,2026-01-31,2026-02-01,2026-02-07,85.0,100.0
N,2025-12-04,2026-02-01,2026-02-02,2026-02-08,85.0,100.0
N,2025-12-05,2026-02-02,2026-02-03,2026-02-09,85.0,100.0
N,2025-12-06,2026-02-03,2026-02-04,2026-02-10,85.0,100.0
N,2025-12-07,2026-02-04,2026-02-05,2026-02-11,85.0,100.0
N,2025-12-08,2026-02-05,2026-02-06,2026-02-12,85.0,100.0
N,2025-12-09,2026-02-06,2026-02-07,2026-02-13,85.0,100.0
N,2025-12-10,2026-02-07,2026-02-08,2026-02-14,85.0,100.0
N,2025-12-11,2026-02-08,2026-02-09,2026-02-15,85.0,100.0
N,2025-12-12,2026-02-09,2026-02-10,2026-02-16,85.0,100.0
N,2025-12-13,2026-02-10,2026-02-11,2026-02-17,85.0,100.0
N,2025-12-14,2026-02-11,2026-02-12,2026-02-18,85.0,100.0
N,2025-12-15,2026-02-12,2026-02-13,2026-02-19,85.0,100.0
N,2025-12-16,2026-02-13,2026-02-14,2026-02-20,85.0,100.0
N,2025-12-17,2026-02-14,2026-02-15,2026-02-21,85.0,100.0
N,2025-12-18,2026-02-15,2026-02-16,2026-02-22,85.0,100.0
N,2025-12-19,2026-02-16,2026-02-17,2026-02-23,85.0,100.0
N,2025-12-20,2026-02-17,2026-02-18,2026-02-24,85.0,100.0
N,2025-12-21,2026-02-18,2026-02-19,2026-02-25,85.0,100.0
N,2025-12-22,2026-02-19,2026-02-20,2026-02-26,85.0,100.0
N,2025-12-23,2026-02-20,2026-02-21,2026-02-27,85.0,100.0
N,2025-12-24,2026-02-21,2026-02-22,2026-02-28,85.0,100.0
N,2025-12-25,2026-02-22,2026-02-23,2026-03-01,85.0,100.0
N,2025-12-26,2026-02-23,2026-02-24,2026-03-02,85.0,100.0
N,2025-12-27,2026-02-24,2026-02-25,2026-03-03,85.0,100.0
N,2025-12-28,2026-02-25,2026-02-26,2026-03-04,85.0,100.0
N,2025-12-29,2026-02-26,2026-02-27,2026-03-05,85.0,100.0
N,2025-12-30,2026-02-27,2026-02-28,2026-03-06,85.0,100.0
N,2025-12-31,2026-02-28,2026-03-01,2026-03-07,85.0,100.0
N,2026-01-01,2026-03-01,2026-03-02,2026-03-08,85.0,100.0
N,2026-01-02,2026-03-02,2026-03-03,2026-03-09,85.0,100.0
N,2026-01-03,2026-03-03,2026-03-04,2026-03-10,85.0,100.0
N,2026-01-04,2026-03-04,2026-03-05,2026-03-11,85.0,100.0
N,2026-01-05,2026-03-05,2026-03-06,2026-03-12,85.0,100.0
N,2026-01-06,2026-03-06,2026-03-07,2026-03-13,85.0,100.0
N,2026-01-07,2026-03-07,2026-03-08,2026-03-14,85.0,100.0
N,2026-01-08,2026-03-08,2026-03-09,2026-03-15,85.0,100.0
N,2026-01-09,2026-03-09,2026-03-10,2026-03-16,85.0,100.0
N,2026-01-10,2026-03-10,2026-03-11,2026-03-17,85.0,100.0
N,2026-01-11,2026-03-11,2026-03-12,2026-03-18,85.0,100.0
N,2026-01-12,2026-03-12,2026-03-13,2026-03-19,86.66666666666667,100.0
N,2026-01-13,2026-03-13,2026-03-14,2026-03-20,88.33333333333333,100.0
N,2026-01-14,2026-03-14,2026-03-15,2026-03-21,90.0,100.0
N,2026-01-15,2026-03-15,2026-03-16,2026-03-22,91.66666666666666,100.0
N,2026-01-16,2026-03-16,2026-03-17,2026-03-23,93.33333333333333,100.0
N,2026-01-17,2026-03-17,2026-03-18,2026-03-24,95.0,100.0
N,2026-01-18,2026-03-18,2026-03-19,2026-03-25,96.66666666666667,100.0
N,2026-01-19,2026-03-19,2026-03-20,2026-03-26,98.33333333333333,100.0
N,2026-01-20,2026-03-20,2026-03-21,2026-03-27,100.0,100.0
N,2026-01-21,2026-03-21,2026-03-22,2026-03-28,100.0,100.0
N,2026-01-22,2026-03-22,2026-03-23,2026-03-29,100.0,100.0
N,2026-01-23,2026-03-23,2026-03-24,2026-03-30,100.0,100.0
N,2026-01-24,2026-03-24,2026-03-25,2026-03-31,100.0,100.0
N,2026-01-25,2026-03-25,2026-03-26,2026-04-01,100.0,100.0
N,2026-01-26,2026-03-26,2026-03-27,2026-04-02,100.0,100.0
N,2026-01-27,2026-03-27,2026-03-28,2026-04-03,100.0,100.0
N,2026-01-28,2026-03-28,2026-03-29,2026-04-04,100.0,100.0
N,2026-01-29,2026-03-29,2026-03-30,2026-04-05,100.0,100.0
N,2026-01-30,2026-03-30,2026-03-31,2026-04-06,100.0,100.0
N,2026-01-31,2026-03-31,2026-04-01,2026-04-07,100.0,100.0
N,2026-02-01,2026-04-01,2026-04-02,2026-04-08,100.0,100.0
N,2026-02-02,2026-04-02,2026-04-03,2026-04-09,100.0,100.0
N,2026-02-03,2026-04-03,2026-04-04,2026-04-10,100.0,100.0
N,2026-02-04,2026-04-04,2026-04-05,2026-04-11,100.0,100.0
N,2026-02-05,2026-04-05,2026-04-06,2026-04-12,100.0,100.0
N,2026-02-06,2026-04-06,2026-04-07,2026-04-13,100.0,100.0
N,2026-02-07,2026-04-07,2026-04-08,2026-04-14,100.0,100.0
N,2026-02-08,2026-04-08,2026-04-09,2026-04-15,100.0,100.0
N,2026-02-09,2026-04-09,2026-04-10,2026-04-16,100.0,100.0
N,2026-02-10,2026-04-10,2026-04-11,2026-04-17,100.0,100.0
N,2026-02-11,2026-04-11,2026-04-12,2026-04-18,100.0,100.0
N,2026-02-12,2026-04-12,2026-04-13,2026-04-19,100.0,100.0
N,2026-02-13,2026-04-13,2026-04-14,2026-04-20,100.0,100.0
N,2026-02-14,2026-04-14,2026-04-15,2026-04-21,100.0,100.0
N,2026-02-15,2026-04-15,2026-04-16,2026-04-22,100.0,100.0
N,2026-02-16,2026-04-16,2026-04-17,2026-04-23,100.0,100.0
N,2026-02-17,2026-04-17,2026-04-18,2026-04-24,100.0,100.0
N,2026-02-18,2026-04-18,2026-04-19,2026-04-25,100.0,100.0
N,2026-02-19,2026-04-19,2026-04-20,2026-04-26,100.0,100.0
N,2026-02-20,2026-04-20,2026-04-21,2026-04-27,100.0,100.0
N,2026-02-21,2026-04-21,2026-04-22,2026-04-28,100.0,100.0
N,2026-02-22,2026-04-22,2026-04-23,2026-04-29,100.0,100.0
N,2026-02-23,2026-04-23,2026-04-24,2026-04-30,100.0,100.0
N,2026-02-24,2026-04-24,2026-04-25,2026-05-01,100.0,100.0
N,2026-02-25,2026-04-25,2026-04-26,2026-05-02,100.0,100.0
N,2026-02-26,2026-04-26,2026-04-27,2026-05-03,100.0,100.0
N,2026-02-27,2026-04-27,2026-04-28,2026-05-04,100.0,100.0
N,2026-02-28,2026-04-28,2026-04-29,2026-05-05,100.0,100.0
N,2026-03-01,2026-04-29,2026-04-30,2026-05-06,100.0,100.0
N,2026-03-02,2026-04-30,2026-05-01,2026-05-07,100.0,100.0
N,2026-03-03,2026-05-01,2026-05-02,2026-05-08,100.0,100.0
N,2026-03-04,2026-05-02,2026-05-03,2026-05-09,100.0,100.0
N,2026-03-05,2026-05-03,2026-05-04,2026-05-10,100.0,100.0
N,2026-03-06,2026-05-04,2026-05-05,2026-05-11,100.0,100.0
N,2026-03-07,2026-05-05,2026-05-06,2026-05-12,100.0,100.0
N,2026-03-08,2026-05-06,2026-05-07,2026-05-13,100.0,100.0
N,2026-03-09,2026-05-07,2026-05-08,2026-05-14,100.0,100.0
N,2026-03-10,2026-05-08,2026-05-09,2026-05-15,100.0,100.0
N,2026-03-11,2026-05-09,2026-05-10,2026-05-16,100.0,100.0
N,2026-03-12,2026-05-10,2026-05-11,2026-05-17,100.0,100.0
N,2026-03-13,2026-05-11,2026-05-12,2026-05-18,100.0,100.0
N,2026-03-14,2026-05-12,2026-05-13,2026-05-19,100.0,100.0
N,2026-03-15,2026-05-13,2026-05-14,2026-05-20,100.0,100.0
N,2026-03-16,2026-05-14,2026-05-15,2026-05-21,100.0,100.0
N,2026-03-17,2026-05-15,2026-05-16,2026-05-22,100.0,100.0
N,2026-03-18,2026-05-16,2026-05-17,2026-05-23,100.0,100.0
N,2026-03-19,2026-05-17,2026-05-18,2026-05-24,100.0,100.0
N,2026-03-20,2026-05-18,2026-05-19,2026-05-25,100.0,100.0
N,2026-03-21,2026-05-19,2026-05-20,2026-05-26,100.0,100.0
N,2026-03-22,2026-05-20,2026-05-21,2026-05-27,100.0,100.0
N,2026-03-23,2026-05-21,2026-05-22,2026-05-28,100.0,100.0
N,2026-03-24,2026-05-22,2026-05-23,2026-05-29,100.0,100.0
N,2026-03-25,2026-05-23,2026-05-24,2026-05-30,100.0,100.0
N,2026-03-26,2026-05-24,2026-05-25,2026-05-31,100.0,100.0
N,2026-03-27,2026-05-25,2026-05-26,2026-06-01,100.0,100.0
N,2026-03-28,2026-05-26,2026-05-27,2026-06-02,100.0,100.0
N,2026-03-29,2026-05-27,2026-05-28,2026-06-03,100.0,100.0
N,2026-03-30,2026-05-28,2026-05-29,2026-06-04,100.0,100.0
N,2026-03-31,2026-05-29,2026-05-30,2026-06-05,100.0,100.0
N,2026-04-01,2026-05-30,2026-05-31,2026-06-06,100.0,100.0
N,2026-04-02,2026-05-31,2026-06-01,2026-06-07,100.0,100.0
N,2026-04-03,2026-06-01,2026-06-02,2026-06-08,100.0,100.0
N,2026-04-04,2026-06-02,2026-06-03,2026-06-09,100.0,85.71428571428571
N,2026-04-05,2026-06-03,2026-06-04,2026-06-10,100.0,85.71428571428571
N,2026-04-06,2026-06-04,2026-06-05,2026-06-11,100.0,85.71428571428571
N,2026-04-07,2026-06-05,2026-06-06,2026-06-12,100.0,85.71428571428571
N,2026-04-08,2026-06-06,2026-06-07,2026-06-13,100.0,85.71428571428571
N,2026-04-09,2026-06-07,2026-06-08,2026-06-14,100.0,85.71428571428571
N,2026-04-10,2026-06-08,2026-06-09,2026-06-15,100.0,85.71428571428571
N,2026-04-11,2026-06-09,2026-06-10,2026-06-16,98.33333333333333,100.0
N,2026-04-12,2026-06-10,2026-06-11,2026-06-17,98.33333333333333,100.0
N,2026-04-13,2026-06-11,2026-06-12,2026-06-18,98.33333333333333,100.0
N,2026-04-14,2026-06-12,2026-06-13,2026-06-19,98.33333333333333,100.0
N,2026-04-15,2026-06-13,2026-06-14,2026-06-20,98.33333333333333,100.0
N,2026-04-16,2026-06-14,2026-06-15,2026-06-21,98.33333333333333,100.0
N,2026-04-17,2026-06-15,2026-06-16,2026-06-22,98.33333333333333,85.71428571428571
N,2026-04-25,2026-06-23,2026-06-24,2026-06-30,95.0,85.71428571428571
N,2026-04-26,2026-06-24,2026-06-25,2026-07-01,93.33333333333333,100.0
N,2026-04-27,2026-06-25,2026-06-26,2026-07-02,93.33333333333333,100.0
N,2026-04-28,2026-06-26,2026-06-27,2026-07-03,93.33333333333333,100.0
N,2026-04-29,2026-06-27,2026-06-28,2026-07-04,93.33333333333333,100.0
N,2026-04-30,2026-06-28,2026-06-29,2026-07-05,93.33333333333333,100.0
N,2026-05-01,2026-06-29,2026-06-30,2026-07-06,93.33333333333333,100.0
N,2026-05-02,2026-06-30,2026-07-01,2026-07-07,93.33333333333333,100.0
N,2026-05-03,2026-07-01,2026-07-02,2026-07-08,93.33333333333333,100.0
N,2026-05-04,2026-07-02,2026-07-03,2026-07-09,93.33333333333333,100.0
N,2026-05-05,2026-07-03,2026-07-04,2026-07-10,93.33333333333333,100.0
N,2026-05-06,2026-07-04,2026-07-05,2026-07-11,93.33333333333333,100.0
N,2026-05-07,2026-07-05,2026-07-06,2026-07-12,93.33333333333333,100.0
N,2026-05-08,2026-07-06,2026-07-07,2026-07-13,93.33333333333333,100.0
N,2026-05-09,2026-07-07,2026-07-08,2026-07-14,93.33333333333333,100.0
N,2026-05-10,2026-07-08,2026-07-09,2026-07-15,93.33333333333333,100.0
N,2026-05-11,2026-07-09,2026-07-10,2026-07-16,93.33333333333333,100.0
N,2026-05-12,2026-07-10,2026-07-11,2026-07-17,93.33333333333333,100.0
N,2026-05-13,2026-07-11,2026-07-12,2026-07-18,93.33333333333333,100.0
N,2026-05-14,2026-07-12,2026-07-13,2026-07-19,93.33333333333333,100.0
N,2026-05-15,2026-07-13,2026-07-14,2026-07-20,93.33333333333333,100.0
N,2026-05-16,2026-07-14,2026-07-15,2026-07-21,93.33333333333333,100.0
N,2026-05-17,2026-07-15,2026-07-16,2026-07-22,93.33333333333333,100.0
N,2026-05-18,2026-07-16,2026-07-17,2026-07-23,93.33333333333333,100.0
N,2026-05-19,2026-07-17,2026-07-18,2026-07-24,93.33333333333333,100.0
N,2026-05-20,2026-07-18,2026-07-19,2026-07-25,93.33333333333333,100.0
N,2026-05-21,2026-07-19,2026-07-20,2026-07-26,93.33333333333333,85.71428571428571
N,2026-05-22,2026-07-20,2026-07-21,2026-07-27,93.33333333333333,85.71428571428571
N,2026-05-23,2026-07-21,2026-07-22,2026-07-28,93.33333333333333,85.71428571428571
N,2026-05-24,2026-07-22,2026-07-23,2026-07-29,93.33333333333333,85.71428571428571
N,2026-05-25,2026-07-23,2026-07-24,2026-07-30,93.33333333333333,85.71428571428571
N,2026-05-26,2026-07-24,2026-07-25,2026-07-31,93.33333333333333,85.71428571428571
N,2026-05-27,2026-07-25,2026-07-26,2026-08-01,93.33333333333333,85.71428571428571
N,2026-05-28,2026-07-26,2026-07-27,2026-08-02,91.66666666666666,85.71428571428571
N,2026-05-29,2026-07-27,2026-07-28,2026-08-03,91.66666666666666,85.71428571428571
N,2026-05-30,2026-07-28,2026-07-29,2026-08-04,91.66666666666666,85.71428571428571
N,2026-05-31,2026-07-29,2026-07-30,2026-08-05,91.66666666666666,85.71428571428571
N,2026-06-01,2026-07-30,2026-07-31,2026-08-06,91.66666666666666,85.71428571428571
N,2026-06-02,2026-07-31,2026-08-01,2026-08-07,91.66666666666666,85.71428571428571
N,2026-06-03,2026-08-01,2026-08-02,2026-08-08,91.66666666666666,85.71428571428571
N,2026-06-04,2026-08-02,2026-08-03,2026-08-09,90.0,85.71428571428571
N,2026-06-05,2026-08-03,2026-08-04,2026-08-10,90.0,85.71428571428571
N,2026-06-06,2026-08-04,2026-08-05,2026-08-11,90.0,85.71428571428571
N,2026-06-07,2026-08-05,2026-08-06,2026-08-12,90.0,85.71428571428571
N,2026-06-08,2026-08-06,2026-08-07,2026-08-13,90.0,85.71428571428571
N,2026-06-09,2026-08-07,2026-08-08,2026-08-14,90.0,85.71428571428571
N,2026-06-10,2026-08-08,2026-08-09,2026-08-15,91.66666666666666,85.71428571428571
N,2026-06-11,2026-08-09,2026-08-10,2026-08-16,90.0,100.0
N,2026-06-12,2026-08-10,2026-08-11,2026-08-17,90.0,100.0
N,2026-06-13,2026-08-11,2026-08-12,2026-08-18,90.0,100.0
N,2026-06-14,2026-08-12,2026-08-13,2026-08-19,90.0,100.0
N,2026-06-15,2026-08-13,2026-08-14,2026-08-20,90.0,100.0
N,2026-06-16,2026-08-14,2026-08-15,2026-08-21,90.0,100.0
N,2026-06-17,2026-08-15,2026-08-16,2026-08-22,90.0,100.0
N,2026-06-18,2026-08-16,2026-08-17,2026-08-23,90.0,100.0
N,2026-06-19,2026-08-17,2026-08-18,2026-08-24,90.0,100.0
N,2026-06-20,2026-08-18,2026-08-19,2026-08-25,90.0,100.0
N,2026-06-21,2026-08-19,2026-08-20,2026-08-26,90.0,100.0
N,2026-06-22,2026-08-20,2026-08-21,2026-08-27,90.0,100.0
N,2026-06-23,2026-08-21,2026-08-22,2026-08-28,91.66666666666666,100.0
N,2026-06-24,2026-08-22,2026-08-23,2026-08-29,93.33333333333333,100.0
N,2026-06-25,2026-08-23,2026-08-24,2026-08-30,95.0,100.0
N,2026-06-26,2026-08-24,2026-08-25,2026-08-31,95.0,100.0
N,2026-06-27,2026-08-25,2026-08-26,2026-09-01,95.0,100.0
N,2026-06-28,2026-08-26,2026-08-27,2026-09-02,95.0,100.0
N,2026-06-29,2026-08-27,2026-08-28,2026-09-03,95.0,100.0
N,2026-06-30,2026-08-28,2026-08-29,2026-09-04,95.0,100.0
N,2026-07-01,2026-08-29,2026-08-30,2026-09-05,95.0,100.0
N,2026-07-02,2026-08-30,2026-08-31,2026-09-06,95.0,100.0
N,2026-07-03,2026-08-31,2026-09-01,2026-09-07,95.0,100.0
N,2026-07-04,2026-09-01,2026-09-02,2026-09-08,95.0,100.0
N,2026-07-05,2026-09-02,2026-09-03,2026-09-09,95.0,100.0
N,2026-07-06,2026-09-03,2026-09-04,2026-09-10,95.0,100.0
N,2026-07-07,2026-09-04,2026-09-05,2026-09-11,95.0,100.0
N,2026-07-08,2026-09-05,2026-09-06,2026-09-12,95.0,100.0
N,2026-07-09,2026-09-06,2026-09-07,2026-09-13,95.0,100.0
N,2026-07-10,2026-09-07,2026-09-08,2026-09-14,95.0,100.0
N,2026-07-11,2026-09-08,2026-09-09,2026-09-15,95.0,100.0
N,2026-07-12,2026-09-09,2026-09-10,2026-09-16,95.0,100.0
N,2026-07-13,2026-09-10,2026-09-11,2026-09-17,95.0,100.0
PN,2025-02-19,2025-04-19,2025-04-20,2025-04-26,98.33333333333333,100.0
PN,2025-02-20,2025-04-20,2025-04-21,2025-04-27,98.33333333333333,100.0
PN,2025-02-21,2025-04-21,2025-04-22,2025-04-28,98.33333333333333,100.0
PN,2025-02-22,2025-04-22,2025-04-23,2025-04-29,98.33333333333333,100.0
PN,2025-02-23,2025-04-23,2025-04-24,2025-04-30,98.33333333333333,100.0
PN,2025-02-24,2025-04-24,2025-04-25,2025-05-01,98.33333333333333,100.0
PN,2025-02-25,2025-04-25,2025-04-26,2025-05-02,98.33333333333333,100.0
PN,2025-02-26,2025-04-26,2025-04-27,2025-05-03,98.33333333333333,100.0
PN,2025-02-27,2025-04-27,2025-04-28,2025-05-04,98.33333333333333,100.0
PN,2025-02-28,2025-04-28,2025-04-29,2025-05-05,98.33333333333333,100.0
PN,2025-03-01,2025-04-29,2025-04-30,2025-05-06,98.33333333333333,100.0
PN,2025-03-02,2025-04-30,2025-05-01,2025-05-07,98.33333333333333,100.0
PN,2025-03-03,2025-05-01,2025-05-02,2025-05-08,98.33333333333333,100.0
PN,2025-03-04,2025-05-02,2025-05-03,2025-05-09,98.33333333333333,100.0
PN,2025-03-05,2025-05-03,2025-05-04,2025-05-10,98.33333333333333,100.0
PN,2025-03-06,2025-05-04,2025-05-05,2025-05-11,98.33333333333333,100.0
PN,2025-03-07,2025-05-05,2025-05-06,2025-05-12,98.33333333333333,100.0
PN,2025-03-08,2025-05-06,2025-05-07,2025-05-13,98.33333333333333,100.0
PN,2025-03-09,2025-05-07,2025-05-08,2025-05-14,98.33333333333333,100.0
PN,2025-03-10,2025-05-08,2025-05-09,2025-05-15,98.33333333333333,100.0
PN,2025-03-11,2025-05-09,2025-05-10,2025-05-16,98.33333333333333,100.0
PN,2025-03-12,2025-05-10,2025-05-11,2025-05-17,98.33333333333333,100.0
PN,2025-03-13,2025-05-11,2025-05-12,2025-05-18,98.33333333333333,100.0
PN,2025-03-14,2025-05-12,2025-05-13,2025-05-19,98.33333333333333,100.0
PN,2025-03-15,2025-05-13,2025-05-14,2025-05-20,98.33333333333333,100.0
PN,2025-03-16,2025-05-14,2025-05-15,2025-05-21,98.33333333333333,100.0
PN,2025-03-17,2025-05-15,2025-05-16,2025-05-22,98.33333333333333,100.0
PN,2025-03-18,2025-05-16,2025-05-17,2025-05-23,98.33333333333333,100.0
PN,2025-03-19,2025-05-17,2025-05-18,2025-05-24,98.33333333333333,100.0
PN,2025-03-20,2025-05-18,2025-05-19,2025-05-25,98.33333333333333,100.0
PN,2025-03-21,2025-05-19,2025-05-20,2025-05-26,98.33333333333333,100.0
PN,2025-03-22,2025-05-20,2025-05-21,2025-05-27,98.33333333333333,100.0
PN,2025-03-23,2025-05-21,2025-05-22,2025-05-28,98.33333333333333,100.0
PN,2025-03-24,2025-05-22,2025-05-23,2025-05-29,98.33333333333333,100.0
PN,2025-03-25,2025-05-23,2025-05-24,2025-05-30,98.33333333333333,100.0
PN,2025-03-26,2025-05-24,2025-05-25,2025-05-31,98.33333333333333,100.0
PN,2025-03-27,2025-05-25,2025-05-26,2025-06-01,98.33333333333333,100.0
PN,2025-03-28,2025-05-26,2025-05-27,2025-06-02,98.33333333333333,100.0
PN,2025-03-29,2025-05-27,2025-05-28,2025-06-03,98.33333333333333,100.0
PN,2025-03-30,2025-05-28,2025-05-29,2025-06-04,98.33333333333333,100.0
PN,2025-03-31,2025-05-29,2025-05-30,2025-06-05,98.33333333333333,100.0
PN,2025-04-01,2025-05-30,2025-05-31,2025-06-06,98.33333333333333,100.0
PN,2025-04-02,2025-05-31,2025-06-01,2025-06-07,98.33333333333333,100.0
PN,2025-04-03,2025-06-01,2025-06-02,2025-06-08,98.33333333333333,100.0
PN,2025-04-04,2025-06-02,2025-06-03,2025-06-09,98.33333333333333,100.0
PN,2025-04-05,2025-06-03,2025-06-04,2025-06-10,98.33333333333333,100.0
PN,2025-04-06,2025-06-04,2025-06-05,2025-06-11,98.33333333333333,100.0
PN,2025-04-07,2025-06-05,2025-06-06,2025-06-12,98.33333333333333,100.0
PN,2025-04-08,2025-06-06,2025-06-07,2025-06-13,98.33333333333333,100.0
PN,2025-04-09,2025-06-07,2025-06-08,2025-06-14,98.33333333333333,100.0
PN,2025-04-10,2025-06-08,2025-06-09,2025-06-15,98.33333333333333,100.0
PN,2025-04-11,2025-06-09,2025-06-10,2025-06-16,100.0,100.0
PN,2025-04-12,2025-06-10,2025-06-11,2025-06-17,100.0,100.0
PN,2025-04-13,2025-06-11,2025-06-12,2025-06-18,100.0,100.0
PN,2025-04-14,2025-06-12,2025-06-13,2025-06-19,100.0,100.0
PN,2025-04-15,2025-06-13,2025-06-14,2025-06-20,100.0,100.0
PN,2025-04-16,2025-06-14,2025-06-15,2025-06-21,100.0,100.0
PN,2025-04-17,2025-06-15,2025-06-16,2025-06-22,100.0,100.0
PN,2025-04-18,2025-06-16,2025-06-17,2025-06-23,100.0,100.0
PN,2025-04-19,2025-06-17,2025-06-18,2025-06-24,100.0,100.0
PN,2025-04-20,2025-06-18,2025-06-19,2025-06-25,100.0,100.0
PN,2025-04-21,2025-06-19,2025-06-20,2025-06-26,100.0,100.0
PN,2025-04-22,2025-06-20,2025-06-21,2025-06-27,100.0,100.0
PN,2025-04-23,2025-06-21,2025-06-22,2025-06-28,100.0,100.0
PN,2025-04-24,2025-06-22,2025-06-23,2025-06-29,100.0,100.0
PN,2025-04-25,2025-06-23,2025-06-24,2025-06-30,100.0,100.0
PN,2025-04-26,2025-06-24,2025-06-25,2025-07-01,100.0,100.0
PN,2025-04-27,2025-06-25,2025-06-26,2025-07-02,100.0,100.0
PN,2025-04-28,2025-06-26,2025-06-27,2025-07-03,100.0,100.0
PN,2025-04-29,2025-06-27,2025-06-28,2025-07-04,100.0,100.0
PN,2025-04-30,2025-06-28,2025-06-29,2025-07-05,100.0,100.0
PN,2025-05-01,2025-06-29,2025-06-30,2025-07-06,100.0,100.0
PN,2025-05-02,2025-06-30,2025-07-01,2025-07-07,100.0,100.0
PN,2025-05-03,2025-07-01,2025-07-02,2025-07-08,100.0,100.0
PN,2025-05-04,2025-07-02,2025-07-03,2025-07-09,100.0,100.0
PN,2025-05-05,2025-07-03,2025-07-04,2025-07-10,100.0,100.0
PN,2025-05-06,2025-07-04,2025-07-05,2025-07-11,100.0,100.0
PN,2025-05-07,2025-07-05,2025-07-06,2025-07-12,100.0,100.0
PN,2025-05-08,2025-07-06,2025-07-07,2025-07-13,100.0,100.0
PN,2025-05-09,2025-07-07,2025-07-08,2025-07-14,100.0,100.0
PN,2025-05-10,2025-07-08,2025-07-09,2025-07-15,100.0,100.0
PN,2025-05-11,2025-07-09,2025-07-10,2025-07-16,100.0,100.0
PN,2025-05-12,2025-07-10,2025-07-11,2025-07-17,100.0,100.0
PN,2025-05-13,2025-07-11,2025-07-12,2025-07-18,100.0,100.0
PN,2025-05-14,2025-07-12,2025-07-13,2025-07-19,100.0,100.0
PN,2025-05-15,2025-07-13,2025-07-14,2025-07-20,100.0,100.0
PN,2025-05-16,2025-07-14,2025-07-15,2025-07-21,100.0,100.0
PN,2025-05-17,2025-07-15,2025-07-16,2025-07-22,100.0,100.0
PN,2025-05-18,2025-07-16,2025-07-17,2025-07-23,100.0,100.0
PN,2025-05-19,2025-07-17,2025-07-18,2025-07-24,100.0,100.0
PN,2025-05-20,2025-07-18,2025-07-19,2025-07-25,100.0,100.0
PN,2025-05-21,2025-07-19,2025-07-20,2025-07-26,100.0,100.0
PN,2025-05-22,2025-07-20,2025-07-21,2025-07-27,100.0,100.0
PN,2025-05-23,2025-07-21,2025-07-22,2025-07-28,100.0,100.0
PN,2025-05-24,2025-07-22,2025-07-23,2025-07-29,100.0,100.0
PN,2025-05-25,2025-07-23,2025-07-24,2025-07-30,100.0,100.0
PN,2025-05-26,2025-07-24,2025-07-25,2025-07-31,100.0,100.0
PN,2025-05-27,2025-07-25,2025-07-26,2025-08-01,100.0,100.0
PN,2025-05-28,2025-07-26,2025-07-27,2025-08-02,100.0,100.0
PN,2025-05-29,2025-07-27,2025-07-28,2025-08-03,100.0,100.0
PN,2025-05-30,2025-07-28,2025-07-29,2025-08-04,100.0,100.0
PN,2025-05-31,2025-07-29,2025-07-30,2025-08-05,100.0,100.0
PN,2025-06-01,2025-07-30,2025-07-31,2025-08-06,100.0,100.0
PN,2025-06-02,2025-07-31,2025-08-01,2025-08-07,100.0,100.0
PN,2025-06-03,2025-08-01,2025-08-02,2025-08-08,100.0,100.0
PN,2025-06-04,2025-08-02,2025-08-03,2025-08-09,100.0,100.0
PN,2025-06-05,2025-08-03,2025-08-04,2025-08-10,100.0,100.0
PN,2025-06-06,2025-08-04,2025-08-05,2025-08-11,100.0,100.0
PN,2025-06-07,2025-08-05,2025-08-06,2025-08-12,100.0,100.0
PN,2025-06-08,2025-08-06,2025-08-07,2025-08-13,100.0,100.0
PN,2025-06-09,2025-08-07,2025-08-08,2025-08-14,100.0,100.0
PN,2025-06-10,2025-08-08,2025-08-09,2025-08-15,100.0,100.0
PN,2025-06-11,2025-08-09,2025-08-10,2025-08-16,100.0,100.0
PN,2025-06-12,2025-08-10,2025-08-11,2025-08-17,100.0,100.0
PN,2025-06-13,2025-08-11,2025-08-12,2025-08-18,100.0,100.0
PN,2025-06-14,2025-08-12,2025-08-13,2025-08-19,100.0,100.0
PN,2025-06-15,2025-08-13,2025-08-14,2025-08-20,100.0,100.0
PN,2025-06-16,2025-08-14,2025-08-15,2025-08-21,100.0,100.0
PN,2025-06-17,2025-08-15,2025-08-16,2025-08-22,100.0,100.0
PN,2025-06-18,2025-08-16,2025-08-17,2025-08-23,100.0,100.0
PN,2025-06-19,2025-08-17,2025-08-18,2025-08-24,100.0,100.0
PN,2025-06-20,2025-08-18,2025-08-19,2025-08-25,100.0,100.0
PN,2025-06-21,2025-08-19,2025-08-20,2025-08-26,100.0,100.0
PN,2025-06-22,2025-08-20,2025-08-21,2025-08-27,100.0,100.0
PN,2025-06-23,2025-08-21,2025-08-22,2025-08-28,100.0,100.0
PN,2025-06-24,2025-08-22,2025-08-23,2025-08-29,100.0,100.0
PN,2025-06-25,2025-08-23,2025-08-24,2025-08-30,100.0,100.0
PN,2025-06-26,2025-08-24,2025-08-25,2025-08-31,100.0,100.0
PN,2025-06-27,2025-08-25,2025-08-26,2025-09-01,100.0,100.0
PN,2025-06-28,2025-08-26,2025-08-27,2025-09-02,100.0,100.0
PN,2025-06-29,2025-08-27,2025-08-28,2025-09-03,100.0,100.0
PN,2025-06-30,2025-08-28,2025-08-29,2025-09-04,100.0,100.0
PN,2025-07-01,2025-08-29,2025-08-30,2025-09-05,100.0,100.0
PN,2025-07-02,2025-08-30,2025-08-31,2025-09-06,100.0,100.0
PN,2025-07-03,2025-08-31,2025-09-01,2025-09-07,100.0,100.0
PN,2025-07-04,2025-09-01,2025-09-02,2025-09-08,100.0,100.0
PN,2025-07-05,2025-09-02,2025-09-03,2025-09-09,100.0,100.0
PN,2025-07-06,2025-09-03,2025-09-04,2025-09-10,100.0,100.0
PN,2025-07-07,2025-09-04,2025-09-05,2025-09-11,100.0,100.0
PN,2025-07-08,2025-09-05,2025-09-06,2025-09-12,100.0,100.0
PN,2025-07-09,2025-09-06,2025-09-07,2025-09-13,100.0,100.0
PN,2025-07-10,2025-09-07,2025-09-08,2025-09-14,100.0,100.0
PN,2025-07-11,2025-09-08,2025-09-09,2025-09-15,100.0,100.0
PN,2025-07-12,2025-09-09,2025-09-10,2025-09-16,100.0,100.0
PN,2025-07-13,2025-09-10,2025-09-11,2025-09-17,100.0,100.0
PN,2025-07-14,2025-09-11,2025-09-12,2025-09-18,100.0,100.0
PN,2025-07-15,2025-09-12,2025-09-13,2025-09-19,100.0,100.0
PN,2025-07-16,2025-09-13,2025-09-14,2025-09-20,100.0,100.0
PN,2025-07-17,2025-09-14,2025-09-15,2025-09-21,100.0,100.0
PN,2025-07-18,2025-09-15,2025-09-16,2025-09-22,100.0,100.0
PN,2025-07-19,2025-09-16,2025-09-17,2025-09-23,100.0,100.0
PN,2025-07-20,2025-09-17,2025-09-18,2025-09-24,100.0,100.0
PN,2025-07-21,2025-09-18,2025-09-19,2025-09-25,100.0,100.0
PN,2025-07-22,2025-09-19,2025-09-20,2025-09-26,100.0,100.0
PN,2025-07-23,2025-09-20,2025-09-21,2025-09-27,100.0,100.0
PN,2025-07-24,2025-09-21,2025-09-22,2025-09-28,100.0,100.0
PN,2025-07-25,2025-09-22,2025-09-23,2025-09-29,100.0,100.0
PN,2025-07-26,2025-09-23,2025-09-24,2025-09-30,100.0,100.0
PN,2025-07-27,2025-09-24,2025-09-25,2025-10-01,100.0,100.0
PN,2025-07-28,2025-09-25,2025-09-26,2025-10-02,100.0,100.0
PN,2025-07-29,2025-09-26,2025-09-27,2025-10-03,100.0,100.0
PN,2025-07-30,2025-09-27,2025-09-28,2025-10-04,100.0,100.0
PN,2025-07-31,2025-09-28,2025-09-29,2025-10-05,100.0,100.0
PN,2025-08-01,2025-09-29,2025-09-30,2025-10-06,100.0,100.0
PN,2025-08-02,2025-09-30,2025-10-01,2025-10-07,100.0,100.0
PN,2025-08-03,2025-10-01,2025-10-02,2025-10-08,100.0,100.0
PN,2025-08-04,2025-10-02,2025-10-03,2025-10-09,100.0,100.0
PN,2025-08-05,2025-10-03,2025-10-04,2025-10-10,100.0,100.0
PN,2025-08-06,2025-10-04,2025-10-05,2025-10-11,100.0,100.0
PN,2025-08-07,2025-10-05,2025-10-06,2025-10-12,100.0,100.0
PN,2025-08-08,2025-10-06,2025-10-07,2025-10-13,100.0,100.0
PN,2025-08-09,2025-10-07,2025-10-08,2025-10-14,100.0,100.0
PN,2025-08-10,2025-10-08,2025-10-09,2025-10-15,100.0,100.0
PN,2025-08-11,2025-10-09,2025-10-10,2025-10-16,100.0,100.0
PN,2025-08-12,2025-10-10,2025-10-11,2025-10-17,100.0,100.0
PN,2025-08-13,2025-10-11,2025-10-12,2025-10-18,100.0,100.0
PN,2025-08-14,2025-10-12,2025-10-13,2025-10-19,100.0,100.0
PN,2025-08-15,2025-10-13,2025-10-14,2025-10-20,100.0,100.0
PN,2025-08-16,2025-10-14,2025-10-15,2025-10-21,100.0,100.0
PN,2025-08-17,2025-10-15,2025-10-16,2025-10-22,100.0,100.0
PN,2025-08-18,2025-10-16,2025-10-17,2025-10-23,100.0,100.0
PN,2025-08-19,2025-10-17,2025-10-18,2025-10-24,100.0,100.0
PN,2025-08-20,2025-10-18,2025-10-19,2025-10-25,100.0,100.0
PN,2025-08-21,2025-10-19,2025-10-20,2025-10-26,100.0,100.0
PN,2025-08-22,2025-10-20,2025-10-21,2025-10-27,100.0,100.0
PN,2025-08-23,2025-10-21,2025-10-22,2025-10-28,100.0,100.0
PN,2025-08-24,2025-10-22,2025-10-23,2025-10-29,100.0,100.0
PN,2025-08-25,2025-10-23,2025-10-24,2025-10-30,100.0,100.0
PN,2025-08-26,2025-10-24,2025-10-25,2025-10-31,100.0,100.0
PN,2025-08-27,2025-10-25,2025-10-26,2025-11-01,100.0,100.0
PN,2025-08-28,2025-10-26,2025-10-27,2025-11-02,100.0,100.0
PN,2025-08-29,2025-10-27,2025-10-28,2025-11-03,100.0,100.0
PN,2025-08-30,2025-10-28,2025-10-29,2025-11-04,100.0,100.0
PN,2025-08-31,2025-10-29,2025-10-30,2025-11-05,100.0,100.0
PN,2025-09-01,2025-10-30,2025-10-31,2025-11-06,100.0,100.0
PN,2025-09-02,2025-10-31,2025-11-01,2025-11-07,100.0,100.0
PN,2025-09-03,2025-11-01,2025-11-02,2025-11-08,100.0,100.0
PN,2025-09-04,2025-11-02,2025-11-03,2025-11-09,100.0,100.0
PN,2025-09-05,2025-11-03,2025-11-04,2025-11-10,100.0,100.0
PN,2025-09-06,2025-11-04,2025-11-05,2025-11-11,100.0,100.0
PN,2025-09-07,2025-11-05,2025-11-06,2025-11-12,100.0,100.0
PN,2025-09-08,2025-11-06,2025-11-07,2025-11-13,100.0,100.0
PN,2025-09-09,2025-11-07,2025-11-08,2025-11-14,100.0,100.0
PN,2025-09-10,2025-11-08,2025-11-09,2025-11-15,100.0,100.0
PN,2025-09-11,2025-11-09,2025-11-10,2025-11-16,100.0,100.0
PN,2025-09-12,2025-11-10,2025-11-11,2025-11-17,100.0,100.0
PN,2025-09-13,2025-11-11,2025-11-12,2025-11-18,100.0,100.0
PN,2025-09-14,2025-11-12,2025-11-13,2025-11-19,100.0,100.0
PN,2025-09-15,2025-11-13,2025-11-14,2025-11-20,100.0,100.0
PN,2025-09-16,2025-11-14,2025-11-15,2025-11-21,100.0,100.0
PN,2025-09-17,2025-11-15,2025-11-16,2025-11-22,100.0,100.0
PN,2025-09-18,2025-11-16,2025-11-17,2025-11-23,100.0,100.0
PN,2025-09-19,2025-11-17,2025-11-18,2025-11-24,100.0,100.0
PN,2025-09-20,2025-11-18,2025-11-19,2025-11-25,100.0,100.0
PN,2025-09-21,2025-11-19,2025-11-20,2025-11-26,100.0,100.0
PN,2025-09-22,2025-11-20,2025-11-21,2025-11-27,100.0,100.0
PN,2025-09-23,2025-11-21,2025-11-22,2025-11-28,100.0,100.0
PN,2025-09-24,2025-11-22,2025-11-23,2025-11-29,100.0,100.0
PN,2025-09-25,2025-11-23,2025-11-24,2025-11-30,100.0,100.0
PN,2025-09-26,2025-11-24,2025-11-25,2025-12-01,100.0,100.0
PN,2025-09-27,2025-11-25,2025-11-26,2025-12-02,100.0,100.0
PN,2025-09-28,2025-11-26,2025-11-27,2025-12-03,100.0,100.0
PN,2025-09-29,2025-11-27,2025-11-28,2025-12-04,100.0,100.0
PN,2025-09-30,2025-11-28,2025-11-29,2025-12-05,100.0,100.0
PN,2025-10-01,2025-11-29,2025-11-30,2025-12-06,100.0,100.0
PN,2025-10-02,2025-11-30,2025-12-01,2025-12-07,100.0,100.0
PN,2025-10-03,2025-12-01,2025-12-02,2025-12-08,100.0,100.0
PN,2025-10-04,2025-12-02,2025-12-03,2025-12-09,100.0,100.0
PN,2025-10-05,2025-12-03,2025-12-04,2025-12-10,100.0,100.0
PN,2025-10-06,2025-12-04,2025-12-05,2025-12-11,100.0,100.0
PN,2025-10-07,2025-12-05,2025-12-06,2025-12-12,100.0,100.0
PN,2025-10-08,2025-12-06,2025-12-07,2025-12-13,100.0,100.0
PN,2025-10-09,2025-12-07,2025-12-08,2025-12-14,100.0,100.0
PN,2025-10-10,2025-12-08,2025-12-09,2025-12-15,100.0,100.0
PN,2025-10-11,2025-12-09,2025-12-10,2025-12-16,100.0,100.0
PN,2025-10-12,2025-12-10,2025-12-11,2025-12-17,100.0,100.0
PN,2025-10-13,2025-12-11,2025-12-12,2025-12-18,100.0,100.0
PN,2025-10-14,2025-12-12,2025-12-13,2025-12-19,100.0,100.0
PN,2025-10-15,2025-12-13,2025-12-14,2025-12-20,100.0,100.0
PN,2025-10-16,2025-12-14,2025-12-15,2025-12-21,100.0,100.0
PN,2025-10-17,2025-12-15,2025-12-16,2025-12-22,100.0,100.0
PN,2025-10-18,2025-12-16,2025-12-17,2025-12-23,100.0,100.0
PN,2025-10-19,2025-12-17,2025-12-18,2025-12-24,100.0,100.0
PN,2025-10-20,2025-12-18,2025-12-19,2025-12-25,100.0,100.0
PN,2025-10-21,2025-12-19,2025-12-20,2025-12-26,100.0,100.0
PN,2025-10-22,2025-12-20,2025-12-21,2025-12-27,100.0,100.0
PN,2025-10-23,2025-12-21,2025-12-22,2025-12-28,100.0,100.0
PN,2025-10-24,2025-12-22,2025-12-23,2025-12-29,100.0,100.0
PN,2025-10-25,2025-12-23,2025-12-24,2025-12-30,100.0,100.0
PN,2025-10-26,2025-12-24,2025-12-25,2025-12-31,100.0,100.0
PN,2025-10-27,2025-12-25,2025-12-26,2026-01-01,100.0,100.0
PN,2025-10-28,2025-12-26,2025-12-27,2026-01-02,100.0,100.0
PN,2025-10-29,2025-12-27,2025-12-28,2026-01-03,100.0,100.0
PN,2025-10-30,2025-12-28,2025-12-29,2026-01-04,100.0,100.0
PN,2025-10-31,2025-12-29,2025-12-30,2026-01-05,100.0,100.0
PN,2025-11-01,2025-12-30,2025-12-31,2026-01-06,100.0,100.0
PN,2025-11-02,2025-12-31,2026-01-01,2026-01-07,100.0,100.0
PN,2025-11-03,2026-01-01,2026-01-02,2026-01-08,100.0,100.0
PN,2025-11-04,2026-01-02,2026-01-03,2026-01-09,100.0,100.0
PN,2025-11-05,2026-01-03,2026-01-04,2026-01-10,100.0,100.0
PN,2025-11-06,2026-01-04,2026-01-05,2026-01-11,100.0,85.71428571428571
PN,2025-11-20,2026-01-18,2026-01-19,2026-01-25,86.66666666666667,85.71428571428571
PN,2025-11-21,2026-01-19,2026-01-20,2026-01-26,85.0,100.0
PN,2025-11-22,2026-01-20,2026-01-21,2026-01-27,85.0,100.0
PN,2025-11-23,2026-01-21,2026-01-22,2026-01-28,85.0,100.0
PN,2025-11-24,2026-01-22,2026-01-23,2026-01-29,85.0,100.0
PN,2025-11-25,2026-01-23,2026-01-24,2026-01-30,85.0,100.0
PN,2025-11-26,2026-01-24,2026-01-25,2026-01-31,85.0,100.0
PN,2025-11-27,2026-01-25,2026-01-26,2026-02-01,85.0,100.0
PN,2025-11-28,2026-01-26,2026-01-27,2026-02-02,85.0,100.0
PN,2025-11-29,2026-01-27,2026-01-28,2026-02-03,85.0,100.0
PN,2025-11-30,2026-01-28,2026-01-29,2026-02-04,85.0,100.0
PN,2025-12-01,2026-01-29,2026-01-30,2026-02-05,85.0,100.0
PN,2025-12-02,2026-01-30,2026-01-31,2026-02-06,85.0,100.0
PN,2025-12-03,2026-01-31,2026-02-01,2026-02-07,85.0,100.0
PN,2025-12-04,2026-02-01,2026-02-02,2026-02-08,85.0,100.0
PN,2025-12-05,2026-02-02,2026-02-03,2026-02-09,85.0,100.0
PN,2025-12-06,2026-02-03,2026-02-04,2026-02-10,85.0,100.0
PN,2025-12-07,2026-02-04,2026-02-05,2026-02-11,85.0,100.0
PN,2025-12-08,2026-02-05,2026-02-06,2026-02-12,85.0,100.0
PN,2025-12-09,2026-02-06,2026-02-07,2026-02-13,85.0,100.0
PN,2025-12-10,2026-02-07,2026-02-08,2026-02-14,85.0,100.0
PN,2025-12-11,2026-02-08,2026-02-09,2026-02-15,85.0,100.0
PN,2025-12-12,2026-02-09,2026-02-10,2026-02-16,85.0,100.0
PN,2025-12-13,2026-02-10,2026-02-11,2026-02-17,85.0,100.0
PN,2025-12-14,2026-02-11,2026-02-12,2026-02-18,85.0,100.0
PN,2025-12-15,2026-02-12,2026-02-13,2026-02-19,85.0,100.0
PN,2025-12-16,2026-02-13,2026-02-14,2026-02-20,85.0,100.0
PN,2025-12-17,2026-02-14,2026-02-15,2026-02-21,85.0,100.0
PN,2025-12-18,2026-02-15,2026-02-16,2026-02-22,85.0,100.0
PN,2025-12-19,2026-02-16,2026-02-17,2026-02-23,85.0,100.0
PN,2025-12-20,2026-02-17,2026-02-18,2026-02-24,85.0,100.0
PN,2025-12-21,2026-02-18,2026-02-19,2026-02-25,85.0,100.0
PN,2025-12-22,2026-02-19,2026-02-20,2026-02-26,85.0,100.0
PN,2025-12-23,2026-02-20,2026-02-21,2026-02-27,85.0,100.0
PN,2025-12-24,2026-02-21,2026-02-22,2026-02-28,85.0,100.0
PN,2025-12-25,2026-02-22,2026-02-23,2026-03-01,85.0,100.0
PN,2025-12-26,2026-02-23,2026-02-24,2026-03-02,85.0,100.0
PN,2025-12-27,2026-02-24,2026-02-25,2026-03-03,85.0,100.0
PN,2025-12-28,2026-02-25,2026-02-26,2026-03-04,85.0,100.0
PN,2025-12-29,2026-02-26,2026-02-27,2026-03-05,85.0,100.0
PN,2025-12-30,2026-02-27,2026-02-28,2026-03-06,85.0,100.0
PN,2025-12-31,2026-02-28,2026-03-01,2026-03-07,85.0,100.0
PN,2026-01-01,2026-03-01,2026-03-02,2026-03-08,85.0,100.0
PN,2026-01-02,2026-03-02,2026-03-03,2026-03-09,85.0,100.0
PN,2026-01-03,2026-03-03,2026-03-04,2026-03-10,85.0,100.0
PN,2026-01-04,2026-03-04,2026-03-05,2026-03-11,85.0,100.0
PN,2026-01-05,2026-03-05,2026-03-06,2026-03-12,85.0,100.0
PN,2026-01-06,2026-03-06,2026-03-07,2026-03-13,85.0,100.0
PN,2026-01-07,2026-03-07,2026-03-08,2026-03-14,85.0,100.0
PN,2026-01-08,2026-03-08,2026-03-09,2026-03-15,85.0,100.0
PN,2026-01-09,2026-03-09,2026-03-10,2026-03-16,85.0,100.0
PN,2026-01-10,2026-03-10,2026-03-11,2026-03-17,85.0,100.0
PN,2026-01-11,2026-03-11,2026-03-12,2026-03-18,85.0,100.0
PN,2026-01-12,2026-03-12,2026-03-13,2026-03-19,86.66666666666667,100.0
PN,2026-01-13,2026-03-13,2026-03-14,2026-03-20,88.33333333333333,100.0
PN,2026-01-14,2026-03-14,2026-03-15,2026-03-21,90.0,100.0
PN,2026-01-15,2026-03-15,2026-03-16,2026-03-22,91.66666666666666,100.0
PN,2026-01-16,2026-03-16,2026-03-17,2026-03-23,93.33333333333333,100.0
PN,2026-01-17,2026-03-17,2026-03-18,2026-03-24,95.0,100.0
PN,2026-01-18,2026-03-18,2026-03-19,2026-03-25,96.66666666666667,100.0
PN,2026-01-19,2026-03-19,2026-03-20,2026-03-26,98.33333333333333,100.0
PN,2026-01-20,2026-03-20,2026-03-21,2026-03-27,100.0,100.0
PN,2026-01-21,2026-03-21,2026-03-22,2026-03-28,100.0,100.0
PN,2026-01-22,2026-03-22,2026-03-23,2026-03-29,100.0,100.0
PN,2026-01-23,2026-03-23,2026-03-24,2026-03-30,100.0,100.0
PN,2026-01-24,2026-03-24,2026-03-25,2026-03-31,100.0,100.0
PN,2026-01-25,2026-03-25,2026-03-26,2026-04-01,100.0,100.0
PN,2026-01-26,2026-03-26,2026-03-27,2026-04-02,100.0,100.0
PN,2026-01-27,2026-03-27,2026-03-28,2026-04-03,100.0,100.0
PN,2026-01-28,2026-03-28,2026-03-29,2026-04-04,100.0,100.0
PN,2026-01-29,2026-03-29,2026-03-30,2026-04-05,100.0,100.0
PN,2026-01-30,2026-03-30,2026-03-31,2026-04-06,100.0,100.0
PN,2026-01-31,2026-03-31,2026-04-01,2026-04-07,100.0,100.0
PN,2026-02-01,2026-04-01,2026-04-02,2026-04-08,100.0,100.0
PN,2026-02-02,2026-04-02,2026-04-03,2026-04-09,100.0,100.0
PN,2026-02-03,2026-04-03,2026-04-04,2026-04-10,100.0,100.0
PN,2026-02-04,2026-04-04,2026-04-05,2026-04-11,100.0,100.0
PN,2026-02-05,2026-04-05,2026-04-06,2026-04-12,100.0,100.0
PN,2026-02-06,2026-04-06,2026-04-07,2026-04-13,100.0,100.0
PN,2026-02-07,2026-04-07,2026-04-08,2026-04-14,100.0,100.0
PN,2026-02-08,2026-04-08,2026-04-09,2026-04-15,100.0,100.0
PN,2026-02-09,2026-04-09,2026-04-10,2026-04-16,100.0,100.0
PN,2026-02-10,2026-04-10,2026-04-11,2026-04-17,100.0,100.0
PN,2026-02-11,2026-04-11,2026-04-12,2026-04-18,100.0,100.0
PN,2026-02-12,2026-04-12,2026-04-13,2026-04-19,100.0,100.0
PN,2026-02-13,2026-04-13,2026-04-14,2026-04-20,100.0,100.0
PN,2026-02-14,2026-04-14,2026-04-15,2026-04-21,100.0,100.0
PN,2026-02-15,2026-04-15,2026-04-16,2026-04-22,100.0,100.0
PN,2026-02-16,2026-04-16,2026-04-17,2026-04-23,100.0,100.0
PN,2026-02-17,2026-04-17,2026-04-18,2026-04-24,100.0,100.0
PN,2026-02-18,2026-04-18,2026-04-19,2026-04-25,100.0,100.0
PN,2026-02-19,2026-04-19,2026-04-20,2026-04-26,100.0,100.0
PN,2026-02-20,2026-04-20,2026-04-21,2026-04-27,100.0,100.0
PN,2026-02-21,2026-04-21,2026-04-22,2026-04-28,100.0,100.0
PN,2026-02-22,2026-04-22,2026-04-23,2026-04-29,100.0,100.0
PN,2026-02-23,2026-04-23,2026-04-24,2026-04-30,100.0,100.0
PN,2026-02-24,2026-04-24,2026-04-25,2026-05-01,100.0,100.0
PN,2026-02-25,2026-04-25,2026-04-26,2026-05-02,100.0,100.0
PN,2026-02-26,2026-04-26,2026-04-27,2026-05-03,100.0,100.0
PN,2026-02-27,2026-04-27,2026-04-28,2026-05-04,100.0,100.0
PN,2026-02-28,2026-04-28,2026-04-29,2026-05-05,100.0,100.0
PN,2026-03-01,2026-04-29,2026-04-30,2026-05-06,100.0,100.0
PN,2026-03-02,2026-04-30,2026-05-01,2026-05-07,100.0,100.0
PN,2026-03-03,2026-05-01,2026-05-02,2026-05-08,100.0,100.0
PN,2026-03-04,2026-05-02,2026-05-03,2026-05-09,100.0,100.0
PN,2026-03-05,2026-05-03,2026-05-04,2026-05-10,100.0,100.0
PN,2026-03-06,2026-05-04,2026-05-05,2026-05-11,100.0,100.0
PN,2026-03-07,2026-05-05,2026-05-06,2026-05-12,100.0,100.0
PN,2026-03-08,2026-05-06,2026-05-07,2026-05-13,100.0,100.0
PN,2026-03-09,2026-05-07,2026-05-08,2026-05-14,100.0,100.0
PN,2026-03-10,2026-05-08,2026-05-09,2026-05-15,100.0,100.0
PN,2026-03-11,2026-05-09,2026-05-10,2026-05-16,100.0,100.0
PN,2026-03-12,2026-05-10,2026-05-11,2026-05-17,100.0,100.0
PN,2026-03-13,2026-05-11,2026-05-12,2026-05-18,100.0,100.0
PN,2026-03-14,2026-05-12,2026-05-13,2026-05-19,100.0,100.0
PN,2026-03-15,2026-05-13,2026-05-14,2026-05-20,100.0,100.0
PN,2026-03-16,2026-05-14,2026-05-15,2026-05-21,100.0,100.0
PN,2026-03-17,2026-05-15,2026-05-16,2026-05-22,100.0,100.0
PN,2026-03-18,2026-05-16,2026-05-17,2026-05-23,100.0,100.0
PN,2026-03-19,2026-05-17,2026-05-18,2026-05-24,100.0,100.0
PN,2026-03-20,2026-05-18,2026-05-19,2026-05-25,100.0,100.0
PN,2026-03-21,2026-05-19,2026-05-20,2026-05-26,100.0,100.0
PN,2026-03-22,2026-05-20,2026-05-21,2026-05-27,100.0,100.0
PN,2026-03-23,2026-05-21,2026-05-22,2026-05-28,100.0,100.0
PN,2026-03-24,2026-05-22,2026-05-23,2026-05-29,100.0,100.0
PN,2026-03-25,2026-05-23,2026-05-24,2026-05-30,100.0,100.0
PN,2026-03-26,2026-05-24,2026-05-25,2026-05-31,100.0,100.0
PN,2026-03-27,2026-05-25,2026-05-26,2026-06-01,100.0,100.0
PN,2026-03-28,2026-05-26,2026-05-27,2026-06-02,100.0,100.0
PN,2026-03-29,2026-05-27,2026-05-28,2026-06-03,100.0,100.0
PN,2026-03-30,2026-05-28,2026-05-29,2026-06-04,100.0,100.0
PN,2026-03-31,2026-05-29,2026-05-30,2026-06-05,100.0,100.0
PN,2026-04-01,2026-05-30,2026-05-31,2026-06-06,100.0,100.0
PN,2026-04-02,2026-05-31,2026-06-01,2026-06-07,100.0,100.0
PN,2026-04-03,2026-06-01,2026-06-02,2026-06-08,100.0,100.0
PN,2026-04-04,2026-06-02,2026-06-03,2026-06-09,100.0,100.0
PN,2026-04-05,2026-06-03,2026-06-04,2026-06-10,100.0,100.0
PN,2026-04-06,2026-06-04,2026-06-05,2026-06-11,100.0,100.0
PN,2026-04-07,2026-06-05,2026-06-06,2026-06-12,100.0,100.0
PN,2026-04-08,2026-06-06,2026-06-07,2026-06-13,100.0,100.0
PN,2026-04-09,2026-06-07,2026-06-08,2026-06-14,100.0,100.0
PN,2026-04-10,2026-06-08,2026-06-09,2026-06-15,100.0,100.0
PN,2026-04-11,2026-06-09,2026-06-10,2026-06-16,100.0,100.0
PN,2026-04-12,2026-06-10,2026-06-11,2026-06-17,100.0,100.0
PN,2026-04-13,2026-06-11,2026-06-12,2026-06-18,100.0,100.0
PN,2026-04-14,2026-06-12,2026-06-13,2026-06-19,100.0,100.0
PN,2026-04-15,2026-06-13,2026-06-14,2026-06-20,100.0,100.0
PN,2026-04-16,2026-06-14,2026-06-15,2026-06-21,100.0,100.0
PN,2026-04-17,2026-06-15,2026-06-16,2026-06-22,100.0,100.0
PN,2026-04-18,2026-06-16,2026-06-17,2026-06-23,100.0,100.0
PN,2026-04-19,2026-06-17,2026-06-18,2026-06-24,100.0,85.71428571428571
PN,2026-04-20,2026-06-18,2026-06-19,2026-06-25,100.0,85.71428571428571
PN,2026-04-21,2026-06-19,2026-06-20,2026-06-26,100.0,85.71428571428571
PN,2026-04-22,2026-06-20,2026-06-21,2026-06-27,100.0,85.71428571428571
PN,2026-04-23,2026-06-21,2026-06-22,2026-06-28,100.0,85.71428571428571
PN,2026-04-24,2026-06-22,2026-06-23,2026-06-29,100.0,85.71428571428571
PN,2026-04-25,2026-06-23,2026-06-24,2026-06-30,100.0,85.71428571428571
PN,2026-04-26,2026-06-24,2026-06-25,2026-07-01,98.33333333333333,100.0
PN,2026-04-27,2026-06-25,2026-06-26,2026-07-02,98.33333333333333,100.0
PN,2026-04-28,2026-06-26,2026-06-27,2026-07-03,98.33333333333333,100.0
PN,2026-04-29,2026-06-27,2026-06-28,2026-07-04,98.33333333333333,100.0
PN,2026-04-30,2026-06-28,2026-06-29,2026-07-05,98.33333333333333,100.0
PN,2026-05-01,2026-06-29,2026-06-30,2026-07-06,98.33333333333333,100.0
PN,2026-05-02,2026-06-30,2026-07-01,2026-07-07,98.33333333333333,100.0
PN,2026-05-03,2026-07-01,2026-07-02,2026-07-08,98.33333333333333,100.0
PN,2026-05-04,2026-07-02,2026-07-03,2026-07-09,98.33333333333333,100.0
PN,2026-05-05,2026-07-03,2026-07-04,2026-07-10,98.33333333333333,100.0
PN,2026-05-06,2026-07-04,2026-07-05,2026-07-11,98.33333333333333,100.0
PN,2026-05-07,2026-07-05,2026-07-06,2026-07-12,98.33333333333333,100.0
PN,2026-05-08,2026-07-06,2026-07-07,2026-07-13,98.33333333333333,100.0
PN,2026-05-09,2026-07-07,2026-07-08,2026-07-14,98.33333333333333,100.0
PN,2026-05-10,2026-07-08,2026-07-09,2026-07-15,98.33333333333333,100.0
PN,2026-05-11,2026-07-09,2026-07-10,2026-07-16,98.33333333333333,100.0
PN,2026-05-12,2026-07-10,2026-07-11,2026-07-17,98.33333333333333,100.0
PN,2026-05-13,2026-07-11,2026-07-12,2026-07-18,98.33333333333333,100.0
PN,2026-05-14,2026-07-12,2026-07-13,2026-07-19,98.33333333333333,100.0
PN,2026-05-15,2026-07-13,2026-07-14,2026-07-20,98.33333333333333,100.0
PN,2026-05-16,2026-07-14,2026-07-15,2026-07-21,98.33333333333333,100.0
PN,2026-05-17,2026-07-15,2026-07-16,2026-07-22,98.33333333333333,100.0
PN,2026-05-18,2026-07-16,2026-07-17,2026-07-23,98.33333333333333,100.0
PN,2026-05-19,2026-07-17,2026-07-18,2026-07-24,98.33333333333333,100.0
PN,2026-05-20,2026-07-18,2026-07-19,2026-07-25,98.33333333333333,100.0
PN,2026-05-21,2026-07-19,2026-07-20,2026-07-26,98.33333333333333,100.0
PN,2026-05-22,2026-07-20,2026-07-21,2026-07-27,98.33333333333333,100.0
PN,2026-05-23,2026-07-21,2026-07-22,2026-07-28,98.33333333333333,100.0
PN,2026-05-24,2026-07-22,2026-07-23,2026-07-29,98.33333333333333,100.0
PN,2026-05-25,2026-07-23,2026-07-24,2026-07-30,98.33333333333333,100.0
PN,2026-05-26,2026-07-24,2026-07-25,2026-07-31,98.33333333333333,100.0
PN,2026-05-27,2026-07-25,2026-07-26,2026-08-01,98.33333333333333,100.0
PN,2026-05-28,2026-07-26,2026-07-27,2026-08-02,98.33333333333333,100.0
PN,2026-05-29,2026-07-27,2026-07-28,2026-08-03,98.33333333333333,100.0
PN,2026-05-30,2026-07-28,2026-07-29,2026-08-04,98.33333333333333,100.0
PN,2026-05-31,2026-07-29,2026-07-30,2026-08-05,98.33333333333333,100.0
PN,2026-06-01,2026-07-30,2026-07-31,2026-08-06,98.33333333333333,100.0
PN,2026-06-02,2026-07-31,2026-08-01,2026-08-07,98.33333333333333,100.0
PN,2026-06-03,2026-08-01,2026-08-02,2026-08-08,98.33333333333333,100.0
PN,2026-06-04,2026-08-02,2026-08-03,2026-08-09,98.33333333333333,100.0
PN,2026-06-05,2026-08-03,2026-08-04,2026-08-10,98.33333333333333,100.0
PN,2026-06-06,2026-08-04,2026-08-05,2026-08-11,98.33333333333333,100.0
PN,2026-06-07,2026-08-05,2026-08-06,2026-08-12,98.33333333333333,100.0
PN,2026-06-08,2026-08-06,2026-08-07,2026-08-13,98.33333333333333,100.0
PN,2026-06-09,2026-08-07,2026-08-08,2026-08-14,98.33333333333333,100.0
PN,2026-06-10,2026-08-08,2026-08-09,2026-08-15,98.33333333333333,100.0
PN,2026-06-11,2026-08-09,2026-08-10,2026-08-16,98.33333333333333,100.0
PN,2026-06-12,2026-08-10,2026-08-11,2026-08-17,98.33333333333333,100.0
PN,2026-06-13,2026-08-11,2026-08-12,2026-08-18,98.33333333333333,100.0
PN,2026-06-14,2026-08-12,2026-08-13,2026-08-19,98.33333333333333,100.0
PN,2026-06-15,2026-08-13,2026-08-14,2026-08-20,98.33333333333333,100.0
PN,2026-06-16,2026-08-14,2026-08-15,2026-08-21,98.33333333333333,100.0
PN,2026-06-17,2026-08-15,2026-08-16,2026-08-22,98.33333333333333,100.0
PN,2026-06-18,2026-08-16,2026-08-17,2026-08-23,98.33333333333333,100.0
PN,2026-06-19,2026-08-17,2026-08-18,2026-08-24,98.33333333333333,100.0
PN,2026-06-20,2026-08-18,2026-08-19,2026-08-25,98.33333333333333,100.0
PN,2026-06-21,2026-08-19,2026-08-20,2026-08-26,98.33333333333333,100.0
PN,2026-06-22,2026-08-20,2026-08-21,2026-08-27,98.33333333333333,100.0
PN,2026-06-23,2026-08-21,2026-08-22,2026-08-28,98.33333333333333,100.0
PN,2026-06-24,2026-08-22,2026-08-23,2026-08-29,98.33333333333333,100.0
PN,2026-06-25,2026-08-23,2026-08-24,2026-08-30,100.0,100.0
PN,2026-06-26,2026-08-24,2026-08-25,2026-08-31,100.0,100.0
PN,2026-06-27,2026-08-25,2026-08-26,2026-09-01,100.0,100.0
PN,2026-06-28,2026-08-26,2026-08-27,2026-09-02,100.0,100.0
PN,2026-06-29,2026-08-27,2026-08-28,2026-09-03,100.0,100.0
PN,2026-06-30,2026-08-28,2026-08-29,2026-09-04,100.0,100.0
PN,2026-07-01,2026-08-29,2026-08-30,2026-09-05,100.0,100.0
PN,2026-07-02,2026-08-30,2026-08-31,2026-09-06,100.0,100.0
PN,2026-07-03,2026-08-31,2026-09-01,2026-09-07,100.0,100.0
PN,2026-07-04,2026-09-01,2026-09-02,2026-09-08,100.0,100.0
PN,2026-07-05,2026-09-02,2026-09-03,2026-09-09,100.0,100.0
PN,2026-07-06,2026-09-03,2026-09-04,2026-09-10,100.0,100.0
PN,2026-07-07,2026-09-04,2026-09-05,2026-09-11,100.0,100.0
PN,2026-07-08,2026-09-05,2026-09-06,2026-09-12,100.0,100.0
PN,2026-07-09,2026-09-06,2026-09-07,2026-09-13,100.0,100.0
PN,2026-07-10,2026-09-07,2026-09-08,2026-09-14,100.0,100.0
PN,2026-07-11,2026-09-08,2026-09-09,2026-09-15,100.0,100.0
PN,2026-07-12,2026-09-09,2026-09-10,2026-09-16,100.0,100.0
PN,2026-07-13,2026-09-10,2026-09-11,2026-09-17,100.0,100.0
RC,2025-02-19,2025-04-19,2025-04-20,2025-04-26,98.33333333333333,100.0
RC,2025-02-20,2025-04-20,2025-04-21,2025-04-27,98.33333333333333,100.0
RC,2025-02-21,2025-04-21,2025-04-22,2025-04-28,98.33333333333333,100.0
RC,2025-02-22,2025-04-22,2025-04-23,2025-04-29,98.33333333333333,100.0
RC,2025-02-23,2025-04-23,2025-04-24,2025-04-30,98.33333333333333,100.0
RC,2025-02-24,2025-04-24,2025-04-25,2025-05-01,98.33333333333333,100.0
RC,2025-02-25,2025-04-25,2025-04-26,2025-05-02,98.33333333333333,100.0
RC,2025-02-26,2025-04-26,2025-04-27,2025-05-03,98.33333333333333,100.0
RC,2025-02-27,2025-04-27,2025-04-28,2025-05-04,98.33333333333333,100.0
RC,2025-02-28,2025-04-28,2025-04-29,2025-05-05,98.33333333333333,100.0
RC,2025-03-01,2025-04-29,2025-04-30,2025-05-06,98.33333333333333,100.0
RC,2025-03-02,2025-04-30,2025-05-01,2025-05-07,98.33333333333333,100.0
RC,2025-03-03,2025-05-01,2025-05-02,2025-05-08,98.33333333333333,100.0
RC,2025-03-04,2025-05-02,2025-05-03,2025-05-09,98.33333333333333,100.0
RC,2025-03-05,2025-05-03,2025-05-04,2025-05-10,98.33333333333333,100.0
RC,2025-03-06,2025-05-04,2025-05-05,2025-05-11,98.33333333333333,100.0
RC,2025-03-07,2025-05-05,2025-05-06,2025-05-12,98.33333333333333,100.0
RC,2025-03-08,2025-05-06,2025-05-07,2025-05-13,98.33333333333333,100.0
RC,2025-03-09,2025-05-07,2025-05-08,2025-05-14,98.33333333333333,100.0
RC,2025-03-10,2025-05-08,2025-05-09,2025-05-15,98.33333333333333,100.0
RC,2025-03-11,2025-05-09,2025-05-10,2025-05-16,98.33333333333333,100.0
RC,2025-03-12,2025-05-10,2025-05-11,2025-05-17,98.33333333333333,100.0
RC,2025-03-13,2025-05-11,2025-05-12,2025-05-18,98.33333333333333,100.0
RC,2025-03-14,2025-05-12,2025-05-13,2025-05-19,98.33333333333333,100.0
RC,2025-03-15,2025-05-13,2025-05-14,2025-05-20,98.33333333333333,100.0
RC,2025-03-16,2025-05-14,2025-05-15,2025-05-21,98.33333333333333,100.0
RC,2025-03-17,2025-05-15,2025-05-16,2025-05-22,98.33333333333333,100.0
RC,2025-03-18,2025-05-16,2025-05-17,2025-05-23,98.33333333333333,100.0
RC,2025-03-19,2025-05-17,2025-05-18,2025-05-24,98.33333333333333,100.0
RC,2025-03-20,2025-05-18,2025-05-19,2025-05-25,98.33333333333333,100.0
RC,2025-03-21,2025-05-19,2025-05-20,2025-05-26,98.33333333333333,100.0
RC,2025-03-22,2025-05-20,2025-05-21,2025-05-27,98.33333333333333,100.0
RC,2025-03-23,2025-05-21,2025-05-22,2025-05-28,98.33333333333333,100.0
RC,2025-03-24,2025-05-22,2025-05-23,2025-05-29,98.33333333333333,100.0
RC,2025-03-25,2025-05-23,2025-05-24,2025-05-30,98.33333333333333,100.0
RC,2025-03-26,2025-05-24,2025-05-25,2025-05-31,98.33333333333333,100.0
RC,2025-03-27,2025-05-25,2025-05-26,2025-06-01,98.33333333333333,100.0
RC,2025-03-28,2025-05-26,2025-05-27,2025-06-02,98.33333333333333,100.0
RC,2025-03-29,2025-05-27,2025-05-28,2025-06-03,98.33333333333333,100.0
RC,2025-03-30,2025-05-28,2025-05-29,2025-06-04,98.33333333333333,100.0
RC,2025-03-31,2025-05-29,2025-05-30,2025-06-05,98.33333333333333,100.0
RC,2025-04-01,2025-05-30,2025-05-31,2025-06-06,98.33333333333333,100.0
RC,2025-04-02,2025-05-31,2025-06-01,2025-06-07,98.33333333333333,100.0
RC,2025-04-03,2025-06-01,2025-06-02,2025-06-08,98.33333333333333,100.0
RC,2025-04-04,2025-06-02,2025-06-03,2025-06-09,98.33333333333333,100.0
RC,2025-04-05,2025-06-03,2025-06-04,2025-06-10,98.33333333333333,100.0
RC,2025-04-06,2025-06-04,2025-06-05,2025-06-11,98.33333333333333,100.0
RC,2025-04-07,2025-06-05,2025-06-06,2025-06-12,98.33333333333333,100.0
RC,2025-04-08,2025-06-06,2025-06-07,2025-06-13,98.33333333333333,100.0
RC,2025-04-09,2025-06-07,2025-06-08,2025-06-14,98.33333333333333,100.0
RC,2025-04-10,2025-06-08,2025-06-09,2025-06-15,98.33333333333333,100.0
RC,2025-04-11,2025-06-09,2025-06-10,2025-06-16,100.0,100.0
RC,2025-04-12,2025-06-10,2025-06-11,2025-06-17,100.0,100.0
RC,2025-04-13,2025-06-11,2025-06-12,2025-06-18,100.0,100.0
RC,2025-04-14,2025-06-12,2025-06-13,2025-06-19,100.0,100.0
RC,2025-04-15,2025-06-13,2025-06-14,2025-06-20,100.0,100.0
RC,2025-04-16,2025-06-14,2025-06-15,2025-06-21,100.0,100.0
RC,2025-04-17,2025-06-15,2025-06-16,2025-06-22,100.0,100.0
RC,2025-04-18,2025-06-16,2025-06-17,2025-06-23,100.0,100.0
RC,2025-04-19,2025-06-17,2025-06-18,2025-06-24,100.0,100.0
RC,2025-04-20,2025-06-18,2025-06-19,2025-06-25,100.0,100.0
RC,2025-04-21,2025-06-19,2025-06-20,2025-06-26,100.0,100.0
RC,2025-04-22,2025-06-20,2025-06-21,2025-06-27,100.0,100.0
RC,2025-04-23,2025-06-21,2025-06-22,2025-06-28,100.0,100.0
RC,2025-04-24,2025-06-22,2025-06-23,2025-06-29,100.0,100.0
RC,2025-04-25,2025-06-23,2025-06-24,2025-06-30,100.0,100.0
RC,2025-04-26,2025-06-24,2025-06-25,2025-07-01,100.0,100.0
RC,2025-04-27,2025-06-25,2025-06-26,2025-07-02,100.0,100.0
RC,2025-04-28,2025-06-26,2025-06-27,2025-07-03,100.0,100.0
RC,2025-04-29,2025-06-27,2025-06-28,2025-07-04,100.0,100.0
RC,2025-04-30,2025-06-28,2025-06-29,2025-07-05,100.0,100.0
RC,2025-05-01,2025-06-29,2025-06-30,2025-07-06,100.0,100.0
RC,2025-05-02,2025-06-30,2025-07-01,2025-07-07,100.0,100.0
RC,2025-05-03,2025-07-01,2025-07-02,2025-07-08,100.0,100.0
RC,2025-05-04,2025-07-02,2025-07-03,2025-07-09,100.0,100.0
RC,2025-05-05,2025-07-03,2025-07-04,2025-07-10,100.0,100.0
RC,2025-05-06,2025-07-04,2025-07-05,2025-07-11,100.0,100.0
RC,2025-05-07,2025-07-05,2025-07-06,2025-07-12,100.0,100.0
RC,2025-05-08,2025-07-06,2025-07-07,2025-07-13,100.0,100.0
RC,2025-05-09,2025-07-07,2025-07-08,2025-07-14,100.0,100.0
RC,2025-05-10,2025-07-08,2025-07-09,2025-07-15,100.0,100.0
RC,2025-05-11,2025-07-09,2025-07-10,2025-07-16,100.0,100.0
RC,2025-05-12,2025-07-10,2025-07-11,2025-07-17,100.0,100.0
RC,2025-05-13,2025-07-11,2025-07-12,2025-07-18,100.0,100.0
RC,2025-05-14,2025-07-12,2025-07-13,2025-07-19,100.0,100.0
RC,2025-05-15,2025-07-13,2025-07-14,2025-07-20,100.0,100.0
RC,2025-05-16,2025-07-14,2025-07-15,2025-07-21,100.0,100.0
RC,2025-05-17,2025-07-15,2025-07-16,2025-07-22,100.0,100.0
RC,2025-05-18,2025-07-16,2025-07-17,2025-07-23,100.0,100.0
RC,2025-05-19,2025-07-17,2025-07-18,2025-07-24,100.0,100.0
RC,2025-05-20,2025-07-18,2025-07-19,2025-07-25,100.0,100.0
RC,2025-05-21,2025-07-19,2025-07-20,2025-07-26,100.0,100.0
RC,2025-05-22,2025-07-20,2025-07-21,2025-07-27,100.0,100.0
RC,2025-05-23,2025-07-21,2025-07-22,2025-07-28,100.0,100.0
RC,2025-05-24,2025-07-22,2025-07-23,2025-07-29,100.0,100.0
RC,2025-05-25,2025-07-23,2025-07-24,2025-07-30,100.0,100.0
RC,2025-05-26,2025-07-24,2025-07-25,2025-07-31,100.0,100.0
RC,2025-05-27,2025-07-25,2025-07-26,2025-08-01,100.0,100.0
RC,2025-05-28,2025-07-26,2025-07-27,2025-08-02,100.0,100.0
RC,2025-05-29,2025-07-27,2025-07-28,2025-08-03,100.0,100.0
RC,2025-05-30,2025-07-28,2025-07-29,2025-08-04,100.0,100.0
RC,2025-05-31,2025-07-29,2025-07-30,2025-08-05,100.0,100.0
RC,2025-06-01,2025-07-30,2025-07-31,2025-08-06,100.0,100.0
RC,2025-06-02,2025-07-31,2025-08-01,2025-08-07,100.0,100.0
RC,2025-06-03,2025-08-01,2025-08-02,2025-08-08,100.0,100.0
RC,2025-06-04,2025-08-02,2025-08-03,2025-08-09,100.0,100.0
RC,2025-06-05,2025-08-03,2025-08-04,2025-08-10,100.0,100.0
RC,2025-06-06,2025-08-04,2025-08-05,2025-08-11,100.0,100.0
RC,2025-06-07,2025-08-05,2025-08-06,2025-08-12,100.0,100.0
RC,2025-06-08,2025-08-06,2025-08-07,2025-08-13,100.0,100.0
RC,2025-06-09,2025-08-07,2025-08-08,2025-08-14,100.0,100.0
RC,2025-06-10,2025-08-08,2025-08-09,2025-08-15,100.0,100.0
RC,2025-06-11,2025-08-09,2025-08-10,2025-08-16,100.0,100.0
RC,2025-06-12,2025-08-10,2025-08-11,2025-08-17,100.0,100.0
RC,2025-06-13,2025-08-11,2025-08-12,2025-08-18,100.0,100.0
RC,2025-06-14,2025-08-12,2025-08-13,2025-08-19,100.0,100.0
RC,2025-06-15,2025-08-13,2025-08-14,2025-08-20,100.0,100.0
RC,2025-06-16,2025-08-14,2025-08-15,2025-08-21,100.0,100.0
RC,2025-06-17,2025-08-15,2025-08-16,2025-08-22,100.0,100.0
RC,2025-06-18,2025-08-16,2025-08-17,2025-08-23,100.0,100.0
RC,2025-06-19,2025-08-17,2025-08-18,2025-08-24,100.0,100.0
RC,2025-06-20,2025-08-18,2025-08-19,2025-08-25,100.0,100.0
RC,2025-06-21,2025-08-19,2025-08-20,2025-08-26,100.0,100.0
RC,2025-06-22,2025-08-20,2025-08-21,2025-08-27,100.0,100.0
RC,2025-06-23,2025-08-21,2025-08-22,2025-08-28,100.0,100.0
RC,2025-06-24,2025-08-22,2025-08-23,2025-08-29,100.0,100.0
RC,2025-06-25,2025-08-23,2025-08-24,2025-08-30,100.0,100.0
RC,2025-06-26,2025-08-24,2025-08-25,2025-08-31,100.0,100.0
RC,2025-06-27,2025-08-25,2025-08-26,2025-09-01,100.0,100.0
RC,2025-06-28,2025-08-26,2025-08-27,2025-09-02,100.0,100.0
RC,2025-06-29,2025-08-27,2025-08-28,2025-09-03,100.0,100.0
RC,2025-06-30,2025-08-28,2025-08-29,2025-09-04,100.0,100.0
RC,2025-07-01,2025-08-29,2025-08-30,2025-09-05,100.0,100.0
RC,2025-07-02,2025-08-30,2025-08-31,2025-09-06,100.0,100.0
RC,2025-07-03,2025-08-31,2025-09-01,2025-09-07,100.0,100.0
RC,2025-07-04,2025-09-01,2025-09-02,2025-09-08,100.0,100.0
RC,2025-07-05,2025-09-02,2025-09-03,2025-09-09,100.0,100.0
RC,2025-07-06,2025-09-03,2025-09-04,2025-09-10,100.0,100.0
RC,2025-07-07,2025-09-04,2025-09-05,2025-09-11,100.0,100.0
RC,2025-07-08,2025-09-05,2025-09-06,2025-09-12,100.0,100.0
RC,2025-07-09,2025-09-06,2025-09-07,2025-09-13,100.0,100.0
RC,2025-07-10,2025-09-07,2025-09-08,2025-09-14,100.0,100.0
RC,2025-07-11,2025-09-08,2025-09-09,2025-09-15,100.0,100.0
RC,2025-07-12,2025-09-09,2025-09-10,2025-09-16,100.0,100.0
RC,2025-07-13,2025-09-10,2025-09-11,2025-09-17,100.0,100.0
RC,2025-07-14,2025-09-11,2025-09-12,2025-09-18,100.0,100.0
RC,2025-07-15,2025-09-12,2025-09-13,2025-09-19,100.0,100.0
RC,2025-07-16,2025-09-13,2025-09-14,2025-09-20,100.0,100.0
RC,2025-07-17,2025-09-14,2025-09-15,2025-09-21,100.0,100.0
RC,2025-07-18,2025-09-15,2025-09-16,2025-09-22,100.0,100.0
RC,2025-07-19,2025-09-16,2025-09-17,2025-09-23,100.0,100.0
RC,2025-07-20,2025-09-17,2025-09-18,2025-09-24,100.0,100.0
RC,2025-07-21,2025-09-18,2025-09-19,2025-09-25,100.0,100.0
RC,2025-07-22,2025-09-19,2025-09-20,2025-09-26,100.0,100.0
RC,2025-07-23,2025-09-20,2025-09-21,2025-09-27,100.0,100.0
RC,2025-07-24,2025-09-21,2025-09-22,2025-09-28,100.0,100.0
RC,2025-07-25,2025-09-22,2025-09-23,2025-09-29,100.0,100.0
RC,2025-07-26,2025-09-23,2025-09-24,2025-09-30,100.0,100.0
RC,2025-07-27,2025-09-24,2025-09-25,2025-10-01,100.0,100.0
RC,2025-07-28,2025-09-25,2025-09-26,2025-10-02,100.0,100.0
RC,2025-07-29,2025-09-26,2025-09-27,2025-10-03,100.0,100.0
RC,2025-07-30,2025-09-27,2025-09-28,2025-10-04,100.0,100.0
RC,2025-07-31,2025-09-28,2025-09-29,2025-10-05,100.0,100.0
RC,2025-08-01,2025-09-29,2025-09-30,2025-10-06,100.0,100.0
RC,2025-08-02,2025-09-30,2025-10-01,2025-10-07,100.0,100.0
RC,2025-08-03,2025-10-01,2025-10-02,2025-10-08,100.0,100.0
RC,2025-08-04,2025-10-02,2025-10-03,2025-10-09,100.0,100.0
RC,2025-08-05,2025-10-03,2025-10-04,2025-10-10,100.0,100.0
RC,2025-08-06,2025-10-04,2025-10-05,2025-10-11,100.0,100.0
RC,2025-08-07,2025-10-05,2025-10-06,2025-10-12,100.0,100.0
RC,2025-08-08,2025-10-06,2025-10-07,2025-10-13,100.0,100.0
RC,2025-08-09,2025-10-07,2025-10-08,2025-10-14,100.0,100.0
RC,2025-08-10,2025-10-08,2025-10-09,2025-10-15,100.0,100.0
RC,2025-08-11,2025-10-09,2025-10-10,2025-10-16,100.0,100.0
RC,2025-08-12,2025-10-10,2025-10-11,2025-10-17,100.0,100.0
RC,2025-08-13,2025-10-11,2025-10-12,2025-10-18,100.0,100.0
RC,2025-08-14,2025-10-12,2025-10-13,2025-10-19,100.0,100.0
RC,2025-08-15,2025-10-13,2025-10-14,2025-10-20,100.0,100.0
RC,2025-08-16,2025-10-14,2025-10-15,2025-10-21,100.0,100.0
RC,2025-08-17,2025-10-15,2025-10-16,2025-10-22,100.0,100.0
RC,2025-08-18,2025-10-16,2025-10-17,2025-10-23,100.0,100.0
RC,2025-08-19,2025-10-17,2025-10-18,2025-10-24,100.0,100.0
RC,2025-08-20,2025-10-18,2025-10-19,2025-10-25,100.0,100.0
RC,2025-08-21,2025-10-19,2025-10-20,2025-10-26,100.0,100.0
RC,2025-08-22,2025-10-20,2025-10-21,2025-10-27,100.0,100.0
RC,2025-08-23,2025-10-21,2025-10-22,2025-10-28,100.0,100.0
RC,2025-08-24,2025-10-22,2025-10-23,2025-10-29,100.0,100.0
RC,2025-08-25,2025-10-23,2025-10-24,2025-10-30,100.0,100.0
RC,2025-08-26,2025-10-24,2025-10-25,2025-10-31,100.0,100.0
RC,2025-08-27,2025-10-25,2025-10-26,2025-11-01,100.0,100.0
RC,2025-08-28,2025-10-26,2025-10-27,2025-11-02,100.0,100.0
RC,2025-08-29,2025-10-27,2025-10-28,2025-11-03,100.0,100.0
RC,2025-08-30,2025-10-28,2025-10-29,2025-11-04,100.0,100.0
RC,2025-08-31,2025-10-29,2025-10-30,2025-11-05,100.0,100.0
RC,2025-09-01,2025-10-30,2025-10-31,2025-11-06,100.0,100.0
RC,2025-09-02,2025-10-31,2025-11-01,2025-11-07,100.0,100.0
RC,2025-09-03,2025-11-01,2025-11-02,2025-11-08,100.0,100.0
RC,2025-09-04,2025-11-02,2025-11-03,2025-11-09,100.0,100.0
RC,2025-09-05,2025-11-03,2025-11-04,2025-11-10,100.0,100.0
RC,2025-09-06,2025-11-04,2025-11-05,2025-11-11,100.0,100.0
RC,2025-09-07,2025-11-05,2025-11-06,2025-11-12,100.0,100.0
RC,2025-09-08,2025-11-06,2025-11-07,2025-11-13,100.0,100.0
RC,2025-09-09,2025-11-07,2025-11-08,2025-11-14,100.0,100.0
RC,2025-09-10,2025-11-08,2025-11-09,2025-11-15,100.0,100.0
RC,2025-09-11,2025-11-09,2025-11-10,2025-11-16,100.0,100.0
RC,2025-09-12,2025-11-10,2025-11-11,2025-11-17,100.0,100.0
RC,2025-09-13,2025-11-11,2025-11-12,2025-11-18,100.0,100.0
RC,2025-09-14,2025-11-12,2025-11-13,2025-11-19,100.0,100.0
RC,2025-09-15,2025-11-13,2025-11-14,2025-11-20,100.0,100.0
RC,2025-09-16,2025-11-14,2025-11-15,2025-11-21,100.0,100.0
RC,2025-09-17,2025-11-15,2025-11-16,2025-11-22,100.0,100.0
RC,2025-09-18,2025-11-16,2025-11-17,2025-11-23,100.0,100.0
RC,2025-09-19,2025-11-17,2025-11-18,2025-11-24,100.0,100.0
RC,2025-09-20,2025-11-18,2025-11-19,2025-11-25,100.0,100.0
RC,2025-09-21,2025-11-19,2025-11-20,2025-11-26,100.0,100.0
RC,2025-09-22,2025-11-20,2025-11-21,2025-11-27,100.0,100.0
RC,2025-09-23,2025-11-21,2025-11-22,2025-11-28,100.0,100.0
RC,2025-09-24,2025-11-22,2025-11-23,2025-11-29,100.0,100.0
RC,2025-09-25,2025-11-23,2025-11-24,2025-11-30,100.0,100.0
RC,2025-09-26,2025-11-24,2025-11-25,2025-12-01,100.0,100.0
RC,2025-09-27,2025-11-25,2025-11-26,2025-12-02,100.0,100.0
RC,2025-09-28,2025-11-26,2025-11-27,2025-12-03,100.0,100.0
RC,2025-09-29,2025-11-27,2025-11-28,2025-12-04,100.0,100.0
RC,2025-09-30,2025-11-28,2025-11-29,2025-12-05,100.0,100.0
RC,2025-10-01,2025-11-29,2025-11-30,2025-12-06,100.0,100.0
RC,2025-10-02,2025-11-30,2025-12-01,2025-12-07,100.0,100.0
RC,2025-10-03,2025-12-01,2025-12-02,2025-12-08,100.0,100.0
RC,2025-10-04,2025-12-02,2025-12-03,2025-12-09,100.0,100.0
RC,2025-10-05,2025-12-03,2025-12-04,2025-12-10,100.0,100.0
RC,2025-10-06,2025-12-04,2025-12-05,2025-12-11,100.0,100.0
RC,2025-10-07,2025-12-05,2025-12-06,2025-12-12,100.0,100.0
RC,2025-10-08,2025-12-06,2025-12-07,2025-12-13,100.0,100.0
RC,2025-10-09,2025-12-07,2025-12-08,2025-12-14,100.0,100.0
RC,2025-10-10,2025-12-08,2025-12-09,2025-12-15,100.0,100.0
RC,2025-10-11,2025-12-09,2025-12-10,2025-12-16,100.0,100.0
RC,2025-10-12,2025-12-10,2025-12-11,2025-12-17,100.0,100.0
RC,2025-10-13,2025-12-11,2025-12-12,2025-12-18,100.0,100.0
RC,2025-10-14,2025-12-12,2025-12-13,2025-12-19,100.0,100.0
RC,2025-10-15,2025-12-13,2025-12-14,2025-12-20,100.0,100.0
RC,2025-10-16,2025-12-14,2025-12-15,2025-12-21,100.0,100.0
RC,2025-10-17,2025-12-15,2025-12-16,2025-12-22,100.0,100.0
RC,2025-10-18,2025-12-16,2025-12-17,2025-12-23,100.0,100.0
RC,2025-10-19,2025-12-17,2025-12-18,2025-12-24,100.0,100.0
RC,2025-10-20,2025-12-18,2025-12-19,2025-12-25,100.0,100.0
RC,2025-10-21,2025-12-19,2025-12-20,2025-12-26,100.0,100.0
RC,2025-10-22,2025-12-20,2025-12-21,2025-12-27,100.0,100.0
RC,2025-10-23,2025-12-21,2025-12-22,2025-12-28,100.0,100.0
RC,2025-10-24,2025-12-22,2025-12-23,2025-12-29,100.0,100.0
RC,2025-10-25,2025-12-23,2025-12-24,2025-12-30,100.0,100.0
RC,2025-10-26,2025-12-24,2025-12-25,2025-12-31,100.0,100.0
RC,2025-10-27,2025-12-25,2025-12-26,2026-01-01,100.0,100.0
RC,2025-10-28,2025-12-26,2025-12-27,2026-01-02,100.0,100.0
RC,2025-10-29,2025-12-27,2025-12-28,2026-01-03,100.0,100.0
RC,2025-10-30,2025-12-28,2025-12-29,2026-01-04,100.0,100.0
RC,2025-10-31,2025-12-29,2025-12-30,2026-01-05,100.0,100.0
RC,2025-11-01,2025-12-30,2025-12-31,2026-01-06,100.0,100.0
RC,2025-11-02,2025-12-31,2026-01-01,2026-01-07,100.0,100.0
RC,2025-11-03,2026-01-01,2026-01-02,2026-01-08,100.0,100.0
RC,2025-11-04,2026-01-02,2026-01-03,2026-01-09,100.0,100.0
RC,2025-11-05,2026-01-03,2026-01-04,2026-01-10,100.0,100.0
RC,2025-11-06,2026-01-04,2026-01-05,2026-01-11,100.0,85.71428571428571
RC,2025-11-20,2026-01-18,2026-01-19,2026-01-25,86.66666666666667,85.71428571428571
RC,2025-11-21,2026-01-19,2026-01-20,2026-01-26,85.0,100.0
RC,2025-11-22,2026-01-20,2026-01-21,2026-01-27,85.0,100.0
RC,2025-11-23,2026-01-21,2026-01-22,2026-01-28,85.0,100.0
RC,2025-11-24,2026-01-22,2026-01-23,2026-01-29,85.0,100.0
RC,2025-11-25,2026-01-23,2026-01-24,2026-01-30,85.0,100.0
RC,2025-11-26,2026-01-24,2026-01-25,2026-01-31,85.0,100.0
RC,2025-11-27,2026-01-25,2026-01-26,2026-02-01,85.0,100.0
RC,2025-11-28,2026-01-26,2026-01-27,2026-02-02,85.0,100.0
RC,2025-11-29,2026-01-27,2026-01-28,2026-02-03,85.0,100.0
RC,2025-11-30,2026-01-28,2026-01-29,2026-02-04,85.0,100.0
RC,2025-12-01,2026-01-29,2026-01-30,2026-02-05,85.0,100.0
RC,2025-12-02,2026-01-30,2026-01-31,2026-02-06,85.0,100.0
RC,2025-12-03,2026-01-31,2026-02-01,2026-02-07,85.0,100.0
RC,2025-12-04,2026-02-01,2026-02-02,2026-02-08,85.0,100.0
RC,2025-12-05,2026-02-02,2026-02-03,2026-02-09,85.0,100.0
RC,2025-12-06,2026-02-03,2026-02-04,2026-02-10,85.0,100.0
RC,2025-12-07,2026-02-04,2026-02-05,2026-02-11,85.0,100.0
RC,2025-12-08,2026-02-05,2026-02-06,2026-02-12,85.0,100.0
RC,2025-12-09,2026-02-06,2026-02-07,2026-02-13,85.0,100.0
RC,2025-12-10,2026-02-07,2026-02-08,2026-02-14,85.0,100.0
RC,2025-12-11,2026-02-08,2026-02-09,2026-02-15,85.0,100.0
RC,2025-12-12,2026-02-09,2026-02-10,2026-02-16,85.0,100.0
RC,2025-12-13,2026-02-10,2026-02-11,2026-02-17,85.0,100.0
RC,2025-12-14,2026-02-11,2026-02-12,2026-02-18,85.0,100.0
RC,2025-12-15,2026-02-12,2026-02-13,2026-02-19,85.0,100.0
RC,2025-12-16,2026-02-13,2026-02-14,2026-02-20,85.0,100.0
RC,2025-12-17,2026-02-14,2026-02-15,2026-02-21,85.0,100.0
RC,2025-12-18,2026-02-15,2026-02-16,2026-02-22,85.0,100.0
RC,2025-12-19,2026-02-16,2026-02-17,2026-02-23,85.0,100.0
RC,2025-12-20,2026-02-17,2026-02-18,2026-02-24,85.0,100.0
RC,2025-12-21,2026-02-18,2026-02-19,2026-02-25,85.0,100.0
RC,2025-12-22,2026-02-19,2026-02-20,2026-02-26,85.0,100.0
RC,2025-12-23,2026-02-20,2026-02-21,2026-02-27,85.0,100.0
RC,2025-12-24,2026-02-21,2026-02-22,2026-02-28,85.0,100.0
RC,2025-12-25,2026-02-22,2026-02-23,2026-03-01,85.0,100.0
RC,2025-12-26,2026-02-23,2026-02-24,2026-03-02,85.0,100.0
RC,2025-12-27,2026-02-24,2026-02-25,2026-03-03,85.0,100.0
RC,2025-12-28,2026-02-25,2026-02-26,2026-03-04,85.0,100.0
RC,2025-12-29,2026-02-26,2026-02-27,2026-03-05,85.0,100.0
RC,2025-12-30,2026-02-27,2026-02-28,2026-03-06,85.0,100.0
RC,2025-12-31,2026-02-28,2026-03-01,2026-03-07,85.0,100.0
RC,2026-01-01,2026-03-01,2026-03-02,2026-03-08,85.0,100.0
RC,2026-01-02,2026-03-02,2026-03-03,2026-03-09,85.0,100.0
RC,2026-01-03,2026-03-03,2026-03-04,2026-03-10,85.0,100.0
RC,2026-01-04,2026-03-04,2026-03-05,2026-03-11,85.0,100.0
RC,2026-01-05,2026-03-05,2026-03-06,2026-03-12,85.0,100.0
RC,2026-01-06,2026-03-06,2026-03-07,2026-03-13,85.0,100.0
RC,2026-01-07,2026-03-07,2026-03-08,2026-03-14,85.0,100.0
RC,2026-01-08,2026-03-08,2026-03-09,2026-03-15,85.0,100.0
RC,2026-01-09,2026-03-09,2026-03-10,2026-03-16,85.0,100.0
RC,2026-01-10,2026-03-10,2026-03-11,2026-03-17,85.0,100.0
RC,2026-01-11,2026-03-11,2026-03-12,2026-03-18,85.0,100.0
RC,2026-01-12,2026-03-12,2026-03-13,2026-03-19,86.66666666666667,100.0
RC,2026-01-13,2026-03-13,2026-03-14,2026-03-20,88.33333333333333,100.0
RC,2026-01-14,2026-03-14,2026-03-15,2026-03-21,90.0,100.0
RC,2026-01-15,2026-03-15,2026-03-16,2026-03-22,91.66666666666666,100.0
RC,2026-01-16,2026-03-16,2026-03-17,2026-03-23,93.33333333333333,100.0
RC,2026-01-17,2026-03-17,2026-03-18,2026-03-24,95.0,100.0
RC,2026-01-18,2026-03-18,2026-03-19,2026-03-25,96.66666666666667,100.0
RC,2026-01-19,2026-03-19,2026-03-20,2026-03-26,98.33333333333333,100.0
RC,2026-01-20,2026-03-20,2026-03-21,2026-03-27,100.0,100.0
RC,2026-01-21,2026-03-21,2026-03-22,2026-03-28,100.0,100.0
RC,2026-01-22,2026-03-22,2026-03-23,2026-03-29,100.0,100.0
RC,2026-01-23,2026-03-23,2026-03-24,2026-03-30,100.0,100.0
RC,2026-01-24,2026-03-24,2026-03-25,2026-03-31,100.0,100.0
RC,2026-01-25,2026-03-25,2026-03-26,2026-04-01,100.0,100.0
RC,2026-01-26,2026-03-26,2026-03-27,2026-04-02,100.0,100.0
RC,2026-01-27,2026-03-27,2026-03-28,2026-04-03,100.0,100.0
RC,2026-01-28,2026-03-28,2026-03-29,2026-04-04,100.0,100.0
RC,2026-01-29,2026-03-29,2026-03-30,2026-04-05,100.0,100.0
RC,2026-01-30,2026-03-30,2026-03-31,2026-04-06,100.0,100.0
RC,2026-01-31,2026-03-31,2026-04-01,2026-04-07,100.0,100.0
RC,2026-02-01,2026-04-01,2026-04-02,2026-04-08,100.0,100.0
RC,2026-02-02,2026-04-02,2026-04-03,2026-04-09,100.0,100.0
RC,2026-02-03,2026-04-03,2026-04-04,2026-04-10,100.0,100.0
RC,2026-02-04,2026-04-04,2026-04-05,2026-04-11,100.0,100.0
RC,2026-02-05,2026-04-05,2026-04-06,2026-04-12,100.0,100.0
RC,2026-02-06,2026-04-06,2026-04-07,2026-04-13,100.0,100.0
RC,2026-02-07,2026-04-07,2026-04-08,2026-04-14,100.0,100.0
RC,2026-02-08,2026-04-08,2026-04-09,2026-04-15,100.0,100.0
RC,2026-02-09,2026-04-09,2026-04-10,2026-04-16,100.0,100.0
RC,2026-02-10,2026-04-10,2026-04-11,2026-04-17,100.0,100.0
RC,2026-02-11,2026-04-11,2026-04-12,2026-04-18,100.0,100.0
RC,2026-02-12,2026-04-12,2026-04-13,2026-04-19,100.0,100.0
RC,2026-02-13,2026-04-13,2026-04-14,2026-04-20,100.0,100.0
RC,2026-02-14,2026-04-14,2026-04-15,2026-04-21,100.0,100.0
RC,2026-02-15,2026-04-15,2026-04-16,2026-04-22,100.0,100.0
RC,2026-02-16,2026-04-16,2026-04-17,2026-04-23,100.0,100.0
RC,2026-02-17,2026-04-17,2026-04-18,2026-04-24,100.0,100.0
RC,2026-02-18,2026-04-18,2026-04-19,2026-04-25,100.0,100.0
RC,2026-02-19,2026-04-19,2026-04-20,2026-04-26,100.0,100.0
RC,2026-02-20,2026-04-20,2026-04-21,2026-04-27,100.0,100.0
RC,2026-02-21,2026-04-21,2026-04-22,2026-04-28,100.0,100.0
RC,2026-02-22,2026-04-22,2026-04-23,2026-04-29,100.0,100.0
RC,2026-02-23,2026-04-23,2026-04-24,2026-04-30,100.0,100.0
RC,2026-02-24,2026-04-24,2026-04-25,2026-05-01,100.0,100.0
RC,2026-02-25,2026-04-25,2026-04-26,2026-05-02,100.0,100.0
RC,2026-02-26,2026-04-26,2026-04-27,2026-05-03,100.0,100.0
RC,2026-02-27,2026-04-27,2026-04-28,2026-05-04,100.0,100.0
RC,2026-02-28,2026-04-28,2026-04-29,2026-05-05,100.0,100.0
RC,2026-03-01,2026-04-29,2026-04-30,2026-05-06,100.0,100.0
RC,2026-03-02,2026-04-30,2026-05-01,2026-05-07,100.0,100.0
RC,2026-03-03,2026-05-01,2026-05-02,2026-05-08,100.0,100.0
RC,2026-03-04,2026-05-02,2026-05-03,2026-05-09,100.0,100.0
RC,2026-03-05,2026-05-03,2026-05-04,2026-05-10,100.0,100.0
RC,2026-03-06,2026-05-04,2026-05-05,2026-05-11,100.0,100.0
RC,2026-03-07,2026-05-05,2026-05-06,2026-05-12,100.0,100.0
RC,2026-03-08,2026-05-06,2026-05-07,2026-05-13,100.0,100.0
RC,2026-03-09,2026-05-07,2026-05-08,2026-05-14,100.0,100.0
RC,2026-03-10,2026-05-08,2026-05-09,2026-05-15,100.0,100.0
RC,2026-03-11,2026-05-09,2026-05-10,2026-05-16,100.0,100.0
RC,2026-03-12,2026-05-10,2026-05-11,2026-05-17,100.0,100.0
RC,2026-03-13,2026-05-11,2026-05-12,2026-05-18,100.0,100.0
RC,2026-03-14,2026-05-12,2026-05-13,2026-05-19,100.0,100.0
RC,2026-03-15,2026-05-13,2026-05-14,2026-05-20,100.0,100.0
RC,2026-03-16,2026-05-14,2026-05-15,2026-05-21,100.0,100.0
RC,2026-03-17,2026-05-15,2026-05-16,2026-05-22,100.0,100.0
RC,2026-03-18,2026-05-16,2026-05-17,2026-05-23,100.0,100.0
RC,2026-03-19,2026-05-17,2026-05-18,2026-05-24,100.0,100.0
RC,2026-03-20,2026-05-18,2026-05-19,2026-05-25,100.0,100.0
RC,2026-03-21,2026-05-19,2026-05-20,2026-05-26,100.0,100.0
RC,2026-03-22,2026-05-20,2026-05-21,2026-05-27,100.0,100.0
RC,2026-03-23,2026-05-21,2026-05-22,2026-05-28,100.0,100.0
RC,2026-03-24,2026-05-22,2026-05-23,2026-05-29,100.0,100.0
RC,2026-03-25,2026-05-23,2026-05-24,2026-05-30,100.0,100.0
RC,2026-03-26,2026-05-24,2026-05-25,2026-05-31,100.0,100.0
RC,2026-03-27,2026-05-25,2026-05-26,2026-06-01,100.0,100.0
RC,2026-03-28,2026-05-26,2026-05-27,2026-06-02,100.0,100.0
RC,2026-03-29,2026-05-27,2026-05-28,2026-06-03,100.0,100.0
RC,2026-03-30,2026-05-28,2026-05-29,2026-06-04,100.0,100.0
RC,2026-03-31,2026-05-29,2026-05-30,2026-06-05,100.0,100.0
RC,2026-04-01,2026-05-30,2026-05-31,2026-06-06,100.0,100.0
RC,2026-04-02,2026-05-31,2026-06-01,2026-06-07,100.0,100.0
RC,2026-04-03,2026-06-01,2026-06-02,2026-06-08,100.0,100.0
RC,2026-04-04,2026-06-02,2026-06-03,2026-06-09,100.0,100.0
RC,2026-04-05,2026-06-03,2026-06-04,2026-06-10,100.0,100.0
RC,2026-04-06,2026-06-04,2026-06-05,2026-06-11,100.0,100.0
RC,2026-04-07,2026-06-05,2026-06-06,2026-06-12,100.0,100.0
RC,2026-04-08,2026-06-06,2026-06-07,2026-06-13,100.0,100.0
RC,2026-04-09,2026-06-07,2026-06-08,2026-06-14,100.0,100.0
RC,2026-04-10,2026-06-08,2026-06-09,2026-06-15,100.0,100.0
RC,2026-04-11,2026-06-09,2026-06-10,2026-06-16,100.0,100.0
RC,2026-04-12,2026-06-10,2026-06-11,2026-06-17,100.0,100.0
RC,2026-04-13,2026-06-11,2026-06-12,2026-06-18,100.0,100.0
RC,2026-04-14,2026-06-12,2026-06-13,2026-06-19,100.0,100.0
RC,2026-04-15,2026-06-13,2026-06-14,2026-06-20,100.0,100.0
RC,2026-04-16,2026-06-14,2026-06-15,2026-06-21,100.0,100.0
RC,2026-04-17,2026-06-15,2026-06-16,2026-06-22,100.0,100.0
RC,2026-04-18,2026-06-16,2026-06-17,2026-06-23,100.0,100.0
RC,2026-04-19,2026-06-17,2026-06-18,2026-06-24,100.0,85.71428571428571
RC,2026-04-20,2026-06-18,2026-06-19,2026-06-25,100.0,85.71428571428571
RC,2026-04-21,2026-06-19,2026-06-20,2026-06-26,100.0,85.71428571428571
RC,2026-04-22,2026-06-20,2026-06-21,2026-06-27,100.0,85.71428571428571
RC,2026-04-23,2026-06-21,2026-06-22,2026-06-28,100.0,85.71428571428571
RC,2026-04-24,2026-06-22,2026-06-23,2026-06-29,100.0,85.71428571428571
RC,2026-04-25,2026-06-23,2026-06-24,2026-06-30,100.0,85.71428571428571
RC,2026-04-26,2026-06-24,2026-06-25,2026-07-01,98.33333333333333,100.0
RC,2026-04-27,2026-06-25,2026-06-26,2026-07-02,98.33333333333333,100.0
RC,2026-04-28,2026-06-26,2026-06-27,2026-07-03,98.33333333333333,100.0
RC,2026-04-29,2026-06-27,2026-06-28,2026-07-04,98.33333333333333,100.0
RC,2026-04-30,2026-06-28,2026-06-29,2026-07-05,98.33333333333333,100.0
RC,2026-05-01,2026-06-29,2026-06-30,2026-07-06,98.33333333333333,100.0
RC,2026-05-02,2026-06-30,2026-07-01,2026-07-07,98.33333333333333,100.0
RC,2026-05-03,2026-07-01,2026-07-02,2026-07-08,98.33333333333333,100.0
RC,2026-05-04,2026-07-02,2026-07-03,2026-07-09,98.33333333333333,100.0
RC,2026-05-05,2026-07-03,2026-07-04,2026-07-10,98.33333333333333,100.0
RC,2026-05-06,2026-07-04,2026-07-05,2026-07-11,98.33333333333333,100.0
RC,2026-05-07,2026-07-05,2026-07-06,2026-07-12,98.33333333333333,100.0
RC,2026-05-08,2026-07-06,2026-07-07,2026-07-13,98.33333333333333,100.0
RC,2026-05-09,2026-07-07,2026-07-08,2026-07-14,98.33333333333333,100.0
RC,2026-05-10,2026-07-08,2026-07-09,2026-07-15,98.33333333333333,100.0
RC,2026-05-11,2026-07-09,2026-07-10,2026-07-16,98.33333333333333,100.0
RC,2026-05-12,2026-07-10,2026-07-11,2026-07-17,98.33333333333333,100.0
RC,2026-05-13,2026-07-11,2026-07-12,2026-07-18,98.33333333333333,100.0
RC,2026-05-14,2026-07-12,2026-07-13,2026-07-19,98.33333333333333,100.0
RC,2026-05-15,2026-07-13,2026-07-14,2026-07-20,98.33333333333333,100.0
RC,2026-05-16,2026-07-14,2026-07-15,2026-07-21,98.33333333333333,100.0
RC,2026-05-17,2026-07-15,2026-07-16,2026-07-22,98.33333333333333,100.0
RC,2026-05-18,2026-07-16,2026-07-17,2026-07-23,98.33333333333333,100.0
RC,2026-05-19,2026-07-17,2026-07-18,2026-07-24,98.33333333333333,100.0
RC,2026-05-20,2026-07-18,2026-07-19,2026-07-25,98.33333333333333,100.0
RC,2026-05-21,2026-07-19,2026-07-20,2026-07-26,98.33333333333333,100.0
RC,2026-05-22,2026-07-20,2026-07-21,2026-07-27,98.33333333333333,100.0
RC,2026-05-23,2026-07-21,2026-07-22,2026-07-28,98.33333333333333,100.0
RC,2026-05-24,2026-07-22,2026-07-23,2026-07-29,98.33333333333333,100.0
RC,2026-05-25,2026-07-23,2026-07-24,2026-07-30,98.33333333333333,100.0
RC,2026-05-26,2026-07-24,2026-07-25,2026-07-31,98.33333333333333,100.0
RC,2026-05-27,2026-07-25,2026-07-26,2026-08-01,98.33333333333333,100.0
RC,2026-05-28,2026-07-26,2026-07-27,2026-08-02,98.33333333333333,100.0
RC,2026-05-29,2026-07-27,2026-07-28,2026-08-03,98.33333333333333,100.0
RC,2026-05-30,2026-07-28,2026-07-29,2026-08-04,98.33333333333333,100.0
RC,2026-05-31,2026-07-29,2026-07-30,2026-08-05,98.33333333333333,100.0
RC,2026-06-01,2026-07-30,2026-07-31,2026-08-06,98.33333333333333,100.0
RC,2026-06-02,2026-07-31,2026-08-01,2026-08-07,98.33333333333333,100.0
RC,2026-06-03,2026-08-01,2026-08-02,2026-08-08,98.33333333333333,100.0
RC,2026-06-04,2026-08-02,2026-08-03,2026-08-09,98.33333333333333,100.0
RC,2026-06-05,2026-08-03,2026-08-04,2026-08-10,98.33333333333333,100.0
RC,2026-06-06,2026-08-04,2026-08-05,2026-08-11,98.33333333333333,100.0
RC,2026-06-07,2026-08-05,2026-08-06,2026-08-12,98.33333333333333,100.0
RC,2026-06-08,2026-08-06,2026-08-07,2026-08-13,98.33333333333333,100.0
RC,2026-06-09,2026-08-07,2026-08-08,2026-08-14,98.33333333333333,100.0
RC,2026-06-10,2026-08-08,2026-08-09,2026-08-15,98.33333333333333,100.0
RC,2026-06-11,2026-08-09,2026-08-10,2026-08-16,98.33333333333333,100.0
RC,2026-06-12,2026-08-10,2026-08-11,2026-08-17,98.33333333333333,100.0
RC,2026-06-13,2026-08-11,2026-08-12,2026-08-18,98.33333333333333,100.0
RC,2026-06-14,2026-08-12,2026-08-13,2026-08-19,98.33333333333333,100.0
RC,2026-06-15,2026-08-13,2026-08-14,2026-08-20,98.33333333333333,100.0
RC,2026-06-16,2026-08-14,2026-08-15,2026-08-21,98.33333333333333,100.0
RC,2026-06-17,2026-08-15,2026-08-16,2026-08-22,98.33333333333333,100.0
RC,2026-06-18,2026-08-16,2026-08-17,2026-08-23,98.33333333333333,100.0
RC,2026-06-19,2026-08-17,2026-08-18,2026-08-24,98.33333333333333,100.0
RC,2026-06-20,2026-08-18,2026-08-19,2026-08-25,98.33333333333333,100.0
RC,2026-06-21,2026-08-19,2026-08-20,2026-08-26,98.33333333333333,100.0
RC,2026-06-22,2026-08-20,2026-08-21,2026-08-27,98.33333333333333,100.0
RC,2026-06-23,2026-08-21,2026-08-22,2026-08-28,98.33333333333333,100.0
RC,2026-06-24,2026-08-22,2026-08-23,2026-08-29,98.33333333333333,100.0
RC,2026-06-25,2026-08-23,2026-08-24,2026-08-30,100.0,100.0
RC,2026-06-26,2026-08-24,2026-08-25,2026-08-31,100.0,100.0
RC,2026-06-27,2026-08-25,2026-08-26,2026-09-01,100.0,100.0
RC,2026-06-28,2026-08-26,2026-08-27,2026-09-02,100.0,100.0
RC,2026-06-29,2026-08-27,2026-08-28,2026-09-03,100.0,100.0
RC,2026-06-30,2026-08-28,2026-08-29,2026-09-04,100.0,100.0
RC,2026-07-01,2026-08-29,2026-08-30,2026-09-05,100.0,100.0
RC,2026-07-02,2026-08-30,2026-08-31,2026-09-06,100.0,100.0
RC,2026-07-03,2026-08-31,2026-09-01,2026-09-07,100.0,100.0
RC,2026-07-04,2026-09-01,2026-09-02,2026-09-08,100.0,100.0
RC,2026-07-05,2026-09-02,2026-09-03,2026-09-09,100.0,100.0
RC,2026-07-06,2026-09-03,2026-09-04,2026-09-10,100.0,100.0
RC,2026-07-07,2026-09-04,2026-09-05,2026-09-11,100.0,100.0
RC,2026-07-08,2026-09-05,2026-09-06,2026-09-12,100.0,100.0
RC,2026-07-09,2026-09-06,2026-09-07,2026-09-13,100.0,100.0
RC,2026-07-10,2026-09-07,2026-09-08,2026-09-14,100.0,100.0
RC,2026-07-11,2026-09-08,2026-09-09,2026-09-15,100.0,100.0
RC,2026-07-12,2026-09-09,2026-09-10,2026-09-16,100.0,100.0
RC,2026-07-13,2026-09-10,2026-09-11,2026-09-17,100.0,100.0
RS,2025-02-19,2025-04-19,2025-04-20,2025-04-26,98.33333333333333,85.71428571428571
RS,2025-02-20,2025-04-20,2025-04-21,2025-04-27,98.33333333333333,85.71428571428571
RS,2025-02-21,2025-04-21,2025-04-22,2025-04-28,98.33333333333333,85.71428571428571
RS,2025-02-22,2025-04-22,2025-04-23,2025-04-29,98.33333333333333,85.71428571428571
RS,2025-03-05,2025-05-03,2025-05-04,2025-05-10,90.0,85.71428571428571
RS,2025-03-06,2025-05-04,2025-05-05,2025-05-11,88.33333333333333,100.0
RS,2025-03-07,2025-05-05,2025-05-06,2025-05-12,88.33333333333333,100.0
RS,2025-03-08,2025-05-06,2025-05-07,2025-05-13,88.33333333333333,100.0
RS,2025-03-09,2025-05-07,2025-05-08,2025-05-14,88.33333333333333,100.0
RS,2025-03-10,2025-05-08,2025-05-09,2025-05-15,88.33333333333333,100.0
RS,2025-03-11,2025-05-09,2025-05-10,2025-05-16,88.33333333333333,100.0
RS,2025-03-12,2025-05-10,2025-05-11,2025-05-17,88.33333333333333,100.0
RS,2025-03-13,2025-05-11,2025-05-12,2025-05-18,88.33333333333333,100.0
RS,2025-03-14,2025-05-12,2025-05-13,2025-05-19,88.33333333333333,100.0
RS,2025-03-15,2025-05-13,2025-05-14,2025-05-20,88.33333333333333,100.0
RS,2025-03-16,2025-05-14,2025-05-15,2025-05-21,88.33333333333333,100.0
RS,2025-03-17,2025-05-15,2025-05-16,2025-05-22,88.33333333333333,100.0
RS,2025-03-18,2025-05-16,2025-05-17,2025-05-23,88.33333333333333,100.0
RS,2025-03-19,2025-05-17,2025-05-18,2025-05-24,88.33333333333333,100.0
RS,2025-03-20,2025-05-18,2025-05-19,2025-05-25,88.33333333333333,85.71428571428571
RS,2025-03-21,2025-05-19,2025-05-20,2025-05-26,88.33333333333333,85.71428571428571
RS,2025-03-22,2025-05-20,2025-05-21,2025-05-27,88.33333333333333,85.71428571428571
RS,2025-03-23,2025-05-21,2025-05-22,2025-05-28,88.33333333333333,85.71428571428571
RS,2025-03-24,2025-05-22,2025-05-23,2025-05-29,88.33333333333333,85.71428571428571
RS,2025-03-25,2025-05-23,2025-05-24,2025-05-30,88.33333333333333,85.71428571428571
RS,2025-03-26,2025-05-24,2025-05-25,2025-05-31,88.33333333333333,85.71428571428571
RS,2025-03-27,2025-05-25,2025-05-26,2025-06-01,86.66666666666667,100.0
RS,2025-03-28,2025-05-26,2025-05-27,2025-06-02,86.66666666666667,100.0
RS,2025-03-29,2025-05-27,2025-05-28,2025-06-03,86.66666666666667,100.0
RS,2025-03-30,2025-05-28,2025-05-29,2025-06-04,86.66666666666667,100.0
RS,2025-03-31,2025-05-29,2025-05-30,2025-06-05,86.66666666666667,100.0
RS,2025-04-01,2025-05-30,2025-05-31,2025-06-06,86.66666666666667,100.0
RS,2025-04-02,2025-05-31,2025-06-01,2025-06-07,86.66666666666667,100.0
RS,2025-04-03,2025-06-01,2025-06-02,2025-06-08,86.66666666666667,100.0
RS,2025-04-04,2025-06-02,2025-06-03,2025-06-09,86.66666666666667,100.0
RS,2025-04-05,2025-06-03,2025-06-04,2025-06-10,86.66666666666667,100.0
RS,2025-04-06,2025-06-04,2025-06-05,2025-06-11,86.66666666666667,100.0
RS,2025-04-07,2025-06-05,2025-06-06,2025-06-12,86.66666666666667,100.0
RS,2025-04-08,2025-06-06,2025-06-07,2025-06-13,86.66666666666667,100.0
RS,2025-04-09,2025-06-07,2025-06-08,2025-06-14,86.66666666666667,100.0
RS,2025-04-10,2025-06-08,2025-06-09,2025-06-15,86.66666666666667,100.0
RS,2025-04-11,2025-06-09,2025-06-10,2025-06-16,88.33333333333333,100.0
RS,2025-04-12,2025-06-10,2025-06-11,2025-06-17,88.33333333333333,100.0
RS,2025-04-13,2025-06-11,2025-06-12,2025-06-18,88.33333333333333,100.0
RS,2025-04-14,2025-06-12,2025-06-13,2025-06-19,88.33333333333333,100.0
RS,2025-04-15,2025-06-13,2025-06-14,2025-06-20,88.33333333333333,100.0
RS,2025-04-16,2025-06-14,2025-06-15,2025-06-21,88.33333333333333,100.0
RS,2025-04-17,2025-06-15,2025-06-16,2025-06-22,88.33333333333333,100.0
RS,2025-04-18,2025-06-16,2025-06-17,2025-06-23,88.33333333333333,100.0
RS,2025-04-19,2025-06-17,2025-06-18,2025-06-24,88.33333333333333,100.0
RS,2025-04-20,2025-06-18,2025-06-19,2025-06-25,88.33333333333333,100.0
RS,2025-04-21,2025-06-19,2025-06-20,2025-06-26,88.33333333333333,100.0
RS,2025-04-22,2025-06-20,2025-06-21,2025-06-27,88.33333333333333,100.0
RS,2025-04-23,2025-06-21,2025-06-22,2025-06-28,88.33333333333333,85.71428571428571
RS,2025-04-30,2025-06-28,2025-06-29,2025-07-05,88.33333333333333,85.71428571428571
RS,2025-05-01,2025-06-29,2025-06-30,2025-07-06,88.33333333333333,100.0
RS,2025-05-02,2025-06-30,2025-07-01,2025-07-07,90.0,100.0
RS,2025-05-03,2025-07-01,2025-07-02,2025-07-08,91.66666666666666,100.0
RS,2025-05-04,2025-07-02,2025-07-03,2025-07-09,93.33333333333333,100.0
RS,2025-05-05,2025-07-03,2025-07-04,2025-07-10,95.0,100.0
RS,2025-05-06,2025-07-04,2025-07-05,2025-07-11,95.0,100.0
RS,2025-05-07,2025-07-05,2025-07-06,2025-07-12,95.0,100.0
RS,2025-05-08,2025-07-06,2025-07-07,2025-07-13,95.0,100.0
RS,2025-05-09,2025-07-07,2025-07-08,2025-07-14,95.0,100.0
RS,2025-05-10,2025-07-08,2025-07-09,2025-07-15,95.0,100.0
RS,2025-05-11,2025-07-09,2025-07-10,2025-07-16,95.0,100.0
RS,2025-05-12,2025-07-10,2025-07-11,2025-07-17,95.0,100.0
RS,2025-05-13,2025-07-11,2025-07-12,2025-07-18,95.0,100.0
RS,2025-05-14,2025-07-12,2025-07-13,2025-07-19,95.0,100.0
RS,2025-05-15,2025-07-13,2025-07-14,2025-07-20,95.0,100.0
RS,2025-05-16,2025-07-14,2025-07-15,2025-07-21,95.0,100.0
RS,2025-05-17,2025-07-15,2025-07-16,2025-07-22,95.0,100.0
RS,2025-05-18,2025-07-16,2025-07-17,2025-07-23,95.0,100.0
RS,2025-05-19,2025-07-17,2025-07-18,2025-07-24,95.0,100.0
RS,2025-05-20,2025-07-18,2025-07-19,2025-07-25,95.0,100.0
RS,2025-05-21,2025-07-19,2025-07-20,2025-07-26,95.0,100.0
RS,2025-05-22,2025-07-20,2025-07-21,2025-07-27,95.0,100.0
RS,2025-05-23,2025-07-21,2025-07-22,2025-07-28,95.0,100.0
RS,2025-05-24,2025-07-22,2025-07-23,2025-07-29,95.0,100.0
RS,2025-05-25,2025-07-23,2025-07-24,2025-07-30,95.0,100.0
RS,2025-05-26,2025-07-24,2025-07-25,2025-07-31,96.66666666666667,100.0
RS,2025-05-27,2025-07-25,2025-07-26,2025-08-01,96.66666666666667,100.0
RS,2025-05-28,2025-07-26,2025-07-27,2025-08-02,96.66666666666667,100.0
RS,2025-05-29,2025-07-27,2025-07-28,2025-08-03,96.66666666666667,100.0
RS,2025-05-30,2025-07-28,2025-07-29,2025-08-04,96.66666666666667,100.0
RS,2025-05-31,2025-07-29,2025-07-30,2025-08-05,96.66666666666667,100.0
RS,2025-06-01,2025-07-30,2025-07-31,2025-08-06,96.66666666666667,100.0
RS,2025-06-02,2025-07-31,2025-08-01,2025-08-07,96.66666666666667,100.0
RS,2025-06-03,2025-08-01,2025-08-02,2025-08-08,96.66666666666667,100.0
RS,2025-06-04,2025-08-02,2025-08-03,2025-08-09,96.66666666666667,100.0
RS,2025-06-05,2025-08-03,2025-08-04,2025-08-10,96.66666666666667,100.0
RS,2025-06-06,2025-08-04,2025-08-05,2025-08-11,96.66666666666667,100.0
RS,2025-06-07,2025-08-05,2025-08-06,2025-08-12,96.66666666666667,100.0
RS,2025-06-08,2025-08-06,2025-08-07,2025-08-13,96.66666666666667,100.0
RS,2025-06-09,2025-08-07,2025-08-08,2025-08-14,96.66666666666667,100.0
RS,2025-06-10,2025-08-08,2025-08-09,2025-08-15,96.66666666666667,100.0
RS,2025-06-11,2025-08-09,2025-08-10,2025-08-16,96.66666666666667,100.0
RS,2025-06-12,2025-08-10,2025-08-11,2025-08-17,96.66666666666667,100.0
RS,2025-06-13,2025-08-11,2025-08-12,2025-08-18,96.66666666666667,100.0
RS,2025-06-14,2025-08-12,2025-08-13,2025-08-19,96.66666666666667,100.0
RS,2025-06-15,2025-08-13,2025-08-14,2025-08-20,96.66666666666667,100.0
RS,2025-06-16,2025-08-14,2025-08-15,2025-08-21,96.66666666666667,100.0
RS,2025-06-17,2025-08-15,2025-08-16,2025-08-22,96.66666666666667,100.0
RS,2025-06-18,2025-08-16,2025-08-17,2025-08-23,96.66666666666667,100.0
RS,2025-06-19,2025-08-17,2025-08-18,2025-08-24,96.66666666666667,100.0
RS,2025-06-20,2025-08-18,2025-08-19,2025-08-25,96.66666666666667,100.0
RS,2025-06-21,2025-08-19,2025-08-20,2025-08-26,96.66666666666667,100.0
RS,2025-06-22,2025-08-20,2025-08-21,2025-08-27,96.66666666666667,100.0
RS,2025-06-23,2025-08-21,2025-08-22,2025-08-28,96.66666666666667,100.0
RS,2025-06-24,2025-08-22,2025-08-23,2025-08-29,96.66666666666667,100.0
RS,2025-06-25,2025-08-23,2025-08-24,2025-08-30,96.66666666666667,100.0
RS,2025-06-26,2025-08-24,2025-08-25,2025-08-31,96.66666666666667,100.0
RS,2025-06-27,2025-08-25,2025-08-26,2025-09-01,96.66666666666667,100.0
RS,2025-06-28,2025-08-26,2025-08-27,2025-09-02,96.66666666666667,100.0
RS,2025-06-29,2025-08-27,2025-08-28,2025-09-03,98.33333333333333,100.0
RS,2025-06-30,2025-08-28,2025-08-29,2025-09-04,100.0,100.0
RS,2025-07-01,2025-08-29,2025-08-30,2025-09-05,100.0,100.0
RS,2025-07-02,2025-08-30,2025-08-31,2025-09-06,100.0,100.0
RS,2025-07-03,2025-08-31,2025-09-01,2025-09-07,100.0,100.0
RS,2025-07-04,2025-09-01,2025-09-02,2025-09-08,100.0,100.0
RS,2025-07-05,2025-09-02,2025-09-03,2025-09-09,100.0,100.0
RS,2025-07-06,2025-09-03,2025-09-04,2025-09-10,100.0,100.0
RS,2025-07-07,2025-09-04,2025-09-05,2025-09-11,100.0,100.0
RS,2025-07-08,2025-09-05,2025-09-06,2025-09-12,100.0,100.0
RS,2025-07-09,2025-09-06,2025-09-07,2025-09-13,100.0,100.0
RS,2025-07-10,2025-09-07,2025-09-08,2025-09-14,100.0,100.0
RS,2025-07-11,2025-09-08,2025-09-09,2025-09-15,100.0,100.0
RS,2025-07-12,2025-09-09,2025-09-10,2025-09-16,100.0,100.0
RS,2025-07-13,2025-09-10,2025-09-11,2025-09-17,100.0,100.0
RS,2025-07-14,2025-09-11,2025-09-12,2025-09-18,100.0,85.71428571428571
RS,2025-07-31,2025-09-28,2025-09-29,2025-10-05,90.0,85.71428571428571
RS,2025-08-01,2025-09-29,2025-09-30,2025-10-06,88.33333333333333,100.0
RS,2025-08-02,2025-09-30,2025-10-01,2025-10-07,88.33333333333333,100.0
RS,2025-08-03,2025-10-01,2025-10-02,2025-10-08,88.33333333333333,100.0
RS,2025-08-04,2025-10-02,2025-10-03,2025-10-09,88.33333333333333,100.0
RS,2025-08-05,2025-10-03,2025-10-04,2025-10-10,88.33333333333333,100.0
RS,2025-08-06,2025-10-04,2025-10-05,2025-10-11,88.33333333333333,100.0
RS,2025-08-07,2025-10-05,2025-10-06,2025-10-12,88.33333333333333,100.0
RS,2025-08-08,2025-10-06,2025-10-07,2025-10-13,88.33333333333333,100.0
RS,2025-08-09,2025-10-07,2025-10-08,2025-10-14,88.33333333333333,100.0
RS,2025-08-10,2025-10-08,2025-10-09,2025-10-15,88.33333333333333,100.0
RS,2025-08-11,2025-10-09,2025-10-10,2025-10-16,88.33333333333333,100.0
RS,2025-08-12,2025-10-10,2025-10-11,2025-10-17,88.33333333333333,100.0
RS,2025-08-13,2025-10-11,2025-10-12,2025-10-18,88.33333333333333,100.0
RS,2025-08-14,2025-10-12,2025-10-13,2025-10-19,88.33333333333333,100.0
RS,2025-08-15,2025-10-13,2025-10-14,2025-10-20,88.33333333333333,100.0
RS,2025-08-16,2025-10-14,2025-10-15,2025-10-21,88.33333333333333,100.0
RS,2025-08-17,2025-10-15,2025-10-16,2025-10-22,88.33333333333333,100.0
RS,2025-08-18,2025-10-16,2025-10-17,2025-10-23,88.33333333333333,100.0
RS,2025-08-19,2025-10-17,2025-10-18,2025-10-24,88.33333333333333,100.0
RS,2025-08-20,2025-10-18,2025-10-19,2025-10-25,88.33333333333333,100.0
RS,2025-08-21,2025-10-19,2025-10-20,2025-10-26,88.33333333333333,100.0
RS,2025-08-22,2025-10-20,2025-10-21,2025-10-27,88.33333333333333,100.0
RS,2025-08-23,2025-10-21,2025-10-22,2025-10-28,88.33333333333333,100.0
RS,2025-08-24,2025-10-22,2025-10-23,2025-10-29,88.33333333333333,100.0
RS,2025-08-25,2025-10-23,2025-10-24,2025-10-30,88.33333333333333,100.0
RS,2025-08-26,2025-10-24,2025-10-25,2025-10-31,88.33333333333333,100.0
RS,2025-08-27,2025-10-25,2025-10-26,2025-11-01,88.33333333333333,100.0
RS,2025-08-28,2025-10-26,2025-10-27,2025-11-02,88.33333333333333,100.0
RS,2025-08-29,2025-10-27,2025-10-28,2025-11-03,88.33333333333333,100.0
RS,2025-08-30,2025-10-28,2025-10-29,2025-11-04,88.33333333333333,100.0
RS,2025-08-31,2025-10-29,2025-10-30,2025-11-05,88.33333333333333,100.0
RS,2025-09-01,2025-10-30,2025-10-31,2025-11-06,88.33333333333333,100.0
RS,2025-09-02,2025-10-31,2025-11-01,2025-11-07,88.33333333333333,100.0
RS,2025-09-03,2025-11-01,2025-11-02,2025-11-08,88.33333333333333,85.71428571428571
RS,2025-09-10,2025-11-08,2025-11-09,2025-11-15,86.66666666666667,85.71428571428571
RS,2025-09-11,2025-11-09,2025-11-10,2025-11-16,85.0,100.0
RS,2025-09-12,2025-11-10,2025-11-11,2025-11-17,85.0,100.0
RS,2025-09-13,2025-11-11,2025-11-12,2025-11-18,85.0,100.0
RS,2025-09-14,2025-11-12,2025-11-13,2025-11-19,85.0,100.0
RS,2025-09-15,2025-11-13,2025-11-14,2025-11-20,85.0,100.0
RS,2025-09-16,2025-11-14,2025-11-15,2025-11-21,85.0,100.0
RS,2025-09-17,2025-11-15,2025-11-16,2025-11-22,85.0,100.0
RS,2025-09-18,2025-11-16,2025-11-17,2025-11-23,85.0,100.0
RS,2025-09-19,2025-11-17,2025-11-18,2025-11-24,86.66666666666667,100.0
RS,2025-09-20,2025-11-18,2025-11-19,2025-11-25,88.33333333333333,100.0
RS,2025-09-21,2025-11-19,2025-11-20,2025-11-26,90.0,100.0
RS,2025-09-22,2025-11-20,2025-11-21,2025-11-27,91.66666666666666,100.0
RS,2025-09-23,2025-11-21,2025-11-22,2025-11-28,91.66666666666666,100.0
RS,2025-09-24,2025-11-22,2025-11-23,2025-11-29,91.66666666666666,100.0
RS,2025-09-25,2025-11-23,2025-11-24,2025-11-30,91.66666666666666,100.0
RS,2025-09-26,2025-11-24,2025-11-25,2025-12-01,91.66666666666666,100.0
RS,2025-09-27,2025-11-25,2025-11-26,2025-12-02,91.66666666666666,85.71428571428571
RS,2025-12-25,2026-02-22,2026-02-23,2026-03-01,80.0,100.0
RS,2025-12-26,2026-02-23,2026-02-24,2026-03-02,81.66666666666667,100.0
RS,2025-12-27,2026-02-24,2026-02-25,2026-03-03,83.33333333333334,100.0
RS,2025-12-28,2026-02-25,2026-02-26,2026-03-04,83.33333333333334,100.0
RS,2025-12-29,2026-02-26,2026-02-27,2026-03-05,85.0,100.0
RS,2025-12-30,2026-02-27,2026-02-28,2026-03-06,85.0,100.0
RS,2025-12-31,2026-02-28,2026-03-01,2026-03-07,85.0,100.0
RS,2026-01-01,2026-03-01,2026-03-02,2026-03-08,85.0,100.0
RS,2026-01-02,2026-03-02,2026-03-03,2026-03-09,85.0,100.0
RS,2026-01-03,2026-03-03,2026-03-04,2026-03-10,85.0,100.0
RS,2026-01-04,2026-03-04,2026-03-05,2026-03-11,85.0,100.0
RS,2026-01-05,2026-03-05,2026-03-06,2026-03-12,85.0,100.0
RS,2026-01-06,2026-03-06,2026-03-07,2026-03-13,85.0,100.0
RS,2026-01-07,2026-03-07,2026-03-08,2026-03-14,85.0,100.0
RS,2026-01-08,2026-03-08,2026-03-09,2026-03-15,85.0,100.0
RS,2026-01-09,2026-03-09,2026-03-10,2026-03-16,85.0,100.0
RS,2026-01-10,2026-03-10,2026-03-11,2026-03-17,85.0,100.0
RS,2026-01-11,2026-03-11,2026-03-12,2026-03-18,85.0,100.0
RS,2026-01-12,2026-03-12,2026-03-13,2026-03-19,86.66666666666667,100.0
RS,2026-01-13,2026-03-13,2026-03-14,2026-03-20,88.33333333333333,100.0
RS,2026-01-14,2026-03-14,2026-03-15,2026-03-21,90.0,100.0
RS,2026-01-15,2026-03-15,2026-03-16,2026-03-22,91.66666666666666,100.0
RS,2026-01-16,2026-03-16,2026-03-17,2026-03-23,93.33333333333333,100.0
RS,2026-01-17,2026-03-17,2026-03-18,2026-03-24,95.0,100.0
RS,2026-01-18,2026-03-18,2026-03-19,2026-03-25,96.66666666666667,100.0
RS,2026-01-19,2026-03-19,2026-03-20,2026-03-26,98.33333333333333,100.0
RS,2026-01-20,2026-03-20,2026-03-21,2026-03-27,100.0,100.0
RS,2026-01-21,2026-03-21,2026-03-22,2026-03-28,100.0,100.0
RS,2026-01-22,2026-03-22,2026-03-23,2026-03-29,100.0,100.0
RS,2026-01-23,2026-03-23,2026-03-24,2026-03-30,100.0,100.0
RS,2026-01-24,2026-03-24,2026-03-25,2026-03-31,100.0,100.0
RS,2026-01-25,2026-03-25,2026-03-26,2026-04-01,100.0,100.0
RS,2026-01-26,2026-03-26,2026-03-27,2026-04-02,100.0,100.0
RS,2026-01-27,2026-03-27,2026-03-28,2026-04-03,100.0,100.0
RS,2026-01-28,2026-03-28,2026-03-29,2026-04-04,100.0,85.71428571428571
RS,2026-02-07,2026-04-07,2026-04-08,2026-04-14,93.33333333333333,85.71428571428571
RS,2026-02-08,2026-04-08,2026-04-09,2026-04-15,91.66666666666666,100.0
S,2025-02-23,2025-04-23,2025-04-24,2025-04-30,95.0,85.71428571428571
S,2025-02-24,2025-04-24,2025-04-25,2025-05-01,93.33333333333333,100.0
S,2025-02-25,2025-04-25,2025-04-26,2025-05-02,93.33333333333333,100.0
S,2025-02-26,2025-04-26,2025-04-27,2025-05-03,93.33333333333333,100.0
S,2025-02-27,2025-04-27,2025-04-28,2025-05-04,93.33333333333333,100.0
S,2025-02-28,2025-04-28,2025-04-29,2025-05-05,93.33333333333333,100.0
S,2025-03-01,2025-04-29,2025-04-30,2025-05-06,93.33333333333333,100.0
S,2025-03-02,2025-04-30,2025-05-01,2025-05-07,93.33333333333333,100.0
S,2025-03-03,2025-05-01,2025-05-02,2025-05-08,93.33333333333333,85.71428571428571
S,2025-03-16,2025-05-14,2025-05-15,2025-05-21,81.66666666666667,85.71428571428571
S,2025-03-17,2025-05-15,2025-05-16,2025-05-22,80.0,100.0
S,2025-03-18,2025-05-16,2025-05-17,2025-05-23,80.0,100.0
S,2025-03-19,2025-05-17,2025-05-18,2025-05-24,80.0,100.0
S,2025-03-20,2025-05-18,2025-05-19,2025-05-25,80.0,100.0
S,2025-03-21,2025-05-19,2025-05-20,2025-05-26,80.0,100.0
S,2025-03-22,2025-05-20,2025-05-21,2025-05-27,80.0,100.0
S,2025-03-23,2025-05-21,2025-05-22,2025-05-28,80.0,100.0
S,2025-03-24,2025-05-22,2025-05-23,2025-05-29,80.0,100.0
S,2025-03-25,2025-05-23,2025-05-24,2025-05-30,80.0,100.0
S,2025-03-26,2025-05-24,2025-05-25,2025-05-31,80.0,100.0
S,2025-03-27,2025-05-25,2025-05-26,2025-06-01,80.0,85.71428571428571
S,2025-03-28,2025-05-26,2025-05-27,2025-06-02,80.0,85.71428571428571
S,2025-03-29,2025-05-27,2025-05-28,2025-06-03,80.0,85.71428571428571
S,2025-03-30,2025-05-28,2025-05-29,2025-06-04,80.0,85.71428571428571
S,2025-03-31,2025-05-29,2025-05-30,2025-06-05,80.0,85.71428571428571
S,2025-04-01,2025-05-30,2025-05-31,2025-06-06,80.0,85.71428571428571
S,2025-04-02,2025-05-31,2025-06-01,2025-06-07,80.0,85.71428571428571
S,2025-04-11,2025-06-09,2025-06-10,2025-06-16,80.0,100.0
S,2025-04-12,2025-06-10,2025-06-11,2025-06-17,80.0,100.0
S,2025-04-13,2025-06-11,2025-06-12,2025-06-18,80.0,100.0
S,2025-04-14,2025-06-12,2025-06-13,2025-06-19,80.0,100.0
S,2025-04-15,2025-06-13,2025-06-14,2025-06-20,81.66666666666667,100.0
S,2025-04-16,2025-06-14,2025-06-15,2025-06-21,81.66666666666667,100.0
S,2025-04-17,2025-06-15,2025-06-16,2025-06-22,81.66666666666667,100.0
S,2025-04-18,2025-06-16,2025-06-17,2025-06-23,81.66666666666667,100.0
S,2025-04-19,2025-06-17,2025-06-18,2025-06-24,81.66666666666667,100.0
S,2025-04-20,2025-06-18,2025-06-19,2025-06-25,81.66666666666667,100.0
S,2025-04-21,2025-06-19,2025-06-20,2025-06-26,81.66666666666667,100.0
S,2025-04-22,2025-06-20,2025-06-21,2025-06-27,81.66666666666667,100.0
S,2025-04-23,2025-06-21,2025-06-22,2025-06-28,81.66666666666667,100.0
S,2025-04-24,2025-06-22,2025-06-23,2025-06-29,83.33333333333334,100.0
S,2025-04-25,2025-06-23,2025-06-24,2025-06-30,85.0,100.0
S,2025-04-26,2025-06-24,2025-06-25,2025-07-01,85.0,100.0
S,2025-04-27,2025-06-25,2025-06-26,2025-07-02,85.0,100.0
S,2025-04-28,2025-06-26,2025-06-27,2025-07-03,85.0,100.0
S,2025-04-29,2025-06-27,2025-06-28,2025-07-04,85.0,100.0
S,2025-04-30,2025-06-28,2025-06-29,2025-07-05,85.0,100.0
S,2025-05-01,2025-06-29,2025-06-30,2025-07-06,85.0,100.0
S,2025-05-02,2025-06-30,2025-07-01,2025-07-07,85.0,100.0
S,2025-05-03,2025-07-01,2025-07-02,2025-07-08,85.0,100.0
S,2025-05-04,2025-07-02,2025-07-03,2025-07-09,85.0,100.0
S,2025-05-05,2025-07-03,2025-07-04,2025-07-10,85.0,100.0
S,2025-05-06,2025-07-04,2025-07-05,2025-07-11,85.0,100.0
S,2025-05-07,2025-07-05,2025-07-06,2025-07-12,85.0,100.0
S,2025-05-08,2025-07-06,2025-07-07,2025-07-13,85.0,100.0
S,2025-05-09,2025-07-07,2025-07-08,2025-07-14,86.66666666666667,100.0
S,2025-05-10,2025-07-08,2025-07-09,2025-07-15,88.33333333333333,100.0
S,2025-05-11,2025-07-09,2025-07-10,2025-07-16,90.0,100.0
S,2025-05-12,2025-07-10,2025-07-11,2025-07-17,91.66666666666666,100.0
S,2025-05-13,2025-07-11,2025-07-12,2025-07-18,93.33333333333333,100.0
S,2025-05-14,2025-07-12,2025-07-13,2025-07-19,95.0,100.0
S,2025-05-15,2025-07-13,2025-07-14,2025-07-20,96.66666666666667,100.0
S,2025-05-16,2025-07-14,2025-07-15,2025-07-21,98.33333333333333,100.0
S,2025-05-17,2025-07-15,2025-07-16,2025-07-22,98.33333333333333,100.0
S,2025-05-18,2025-07-16,2025-07-17,2025-07-23,98.33333333333333,100.0
S,2025-05-19,2025-07-17,2025-07-18,2025-07-24,98.33333333333333,100.0
S,2025-05-20,2025-07-18,2025-07-19,2025-07-25,98.33333333333333,100.0
S,2025-05-21,2025-07-19,2025-07-20,2025-07-26,98.33333333333333,100.0
S,2025-05-22,2025-07-20,2025-07-21,2025-07-27,98.33333333333333,100.0
S,2025-05-23,2025-07-21,2025-07-22,2025-07-28,98.33333333333333,100.0
S,2025-05-24,2025-07-22,2025-07-23,2025-07-29,98.33333333333333,100.0
S,2025-05-25,2025-07-23,2025-07-24,2025-07-30,98.33333333333333,100.0
S,2025-05-26,2025-07-24,2025-07-25,2025-07-31,98.33333333333333,85.71428571428571
S,2025-06-03,2025-08-01,2025-08-02,2025-08-08,96.66666666666667,85.71428571428571
S,2025-06-04,2025-08-02,2025-08-03,2025-08-09,95.0,100.0
S,2025-06-05,2025-08-03,2025-08-04,2025-08-10,95.0,100.0
S,2025-06-06,2025-08-04,2025-08-05,2025-08-11,95.0,100.0
S,2025-06-07,2025-08-05,2025-08-06,2025-08-12,95.0,100.0
S,2025-06-08,2025-08-06,2025-08-07,2025-08-13,95.0,100.0
S,2025-06-09,2025-08-07,2025-08-08,2025-08-14,95.0,100.0
S,2025-06-10,2025-08-08,2025-08-09,2025-08-15,95.0,100.0
S,2025-06-11,2025-08-09,2025-08-10,2025-08-16,95.0,100.0
S,2025-06-12,2025-08-10,2025-08-11,2025-08-17,95.0,100.0
S,2025-06-13,2025-08-11,2025-08-12,2025-08-18,95.0,100.0
S,2025-06-14,2025-08-12,2025-08-13,2025-08-19,95.0,100.0
S,2025-06-15,2025-08-13,2025-08-14,2025-08-20,95.0,100.0
S,2025-06-16,2025-08-14,2025-08-15,2025-08-21,95.0,100.0
S,2025-06-17,2025-08-15,2025-08-16,2025-08-22,95.0,100.0
S,2025-06-18,2025-08-16,2025-08-17,2025-08-23,95.0,100.0
S,2025-06-19,2025-08-17,2025-08-18,2025-08-24,95.0,100.0
S,2025-06-20,2025-08-18,2025-08-19,2025-08-25,95.0,100.0
S,2025-06-21,2025-08-19,2025-08-20,2025-08-26,95.0,100.0
S,2025-06-22,2025-08-20,2025-08-21,2025-08-27,95.0,100.0
S,2025-06-23,2025-08-21,2025-08-22,2025-08-28,95.0,100.0
S,2025-06-24,2025-08-22,2025-08-23,2025-08-29,95.0,100.0
S,2025-06-25,2025-08-23,2025-08-24,2025-08-30,95.0,85.71428571428571
S,2025-09-13,2025-11-11,2025-11-12,2025-11-18,80.0,100.0
S,2025-09-14,2025-11-12,2025-11-13,2025-11-19,81.66666666666667,100.0
S,2025-09-15,2025-11-13,2025-11-14,2025-11-20,83.33333333333334,100.0
S,2025-09-16,2025-11-14,2025-11-15,2025-11-21,85.0,100.0
S,2025-09-17,2025-11-15,2025-11-16,2025-11-22,86.66666666666667,100.0
S,2025-09-18,2025-11-16,2025-11-17,2025-11-23,88.33333333333333,100.0
S,2025-09-19,2025-11-17,2025-11-18,2025-11-24,90.0,100.0
S,2025-09-20,2025-11-18,2025-11-19,2025-11-25,91.66666666666666,100.0
S,2025-09-21,2025-11-19,2025-11-20,2025-11-26,91.66666666666666,100.0
S,2025-09-22,2025-11-20,2025-11-21,2025-11-27,91.66666666666666,100.0
S,2025-09-23,2025-11-21,2025-11-22,2025-11-28,91.66666666666666,100.0
S,2025-09-24,2025-11-22,2025-11-23,2025-11-29,91.66666666666666,100.0
S,2025-09-25,2025-11-23,2025-11-24,2025-11-30,91.66666666666666,100.0
S,2025-09-26,2025-11-24,2025-11-25,2025-12-01,91.66666666666666,100.0
S,2025-09-27,2025-11-25,2025-11-26,2025-12-02,91.66666666666666,100.0
S,2025-09-28,2025-11-26,2025-11-27,2025-12-03,91.66666666666666,100.0
S,2025-09-29,2025-11-27,2025-11-28,2025-12-04,91.66666666666666,100.0
S,2025-09-30,2025-11-28,2025-11-29,2025-12-05,91.66666666666666,100.0
S,2025-10-01,2025-11-29,2025-11-30,2025-12-06,91.66666666666666,100.0
S,2025-10-02,2025-11-30,2025-12-01,2025-12-07,91.66666666666666,100.0
S,2025-10-03,2025-12-01,2025-12-02,2025-12-08,91.66666666666666,85.71428571428571
S,2025-10-04,2025-12-02,2025-12-03,2025-12-09,91.66666666666666,85.71428571428571
S,2025-10-05,2025-12-03,2025-12-04,2025-12-10,91.66666666666666,85.71428571428571
S,2025-10-06,2025-12-04,2025-12-05,2025-12-11,91.66666666666666,85.71428571428571
S,2025-10-07,2025-12-05,2025-12-06,2025-12-12,91.66666666666666,85.71428571428571
S,2025-10-08,2025-12-06,2025-12-07,2025-12-13,93.33333333333333,85.71428571428571
S,2025-10-09,2025-12-07,2025-12-08,2025-12-14,95.0,85.71428571428571
S,2025-10-10,2025-12-08,2025-12-09,2025-12-15,95.0,100.0
S,2025-10-11,2025-12-09,2025-12-10,2025-12-16,95.0,100.0
S,2025-10-12,2025-12-10,2025-12-11,2025-12-17,95.0,100.0
S,2025-10-13,2025-12-11,2025-12-12,2025-12-18,96.66666666666667,100.0
S,2025-10-14,2025-12-12,2025-12-13,2025-12-19,96.66666666666667,85.71428571428571
S,2025-10-23,2025-12-21,2025-12-22,2025-12-28,93.33333333333333,85.71428571428571
S,2025-10-24,2025-12-22,2025-12-23,2025-12-29,93.33333333333333,85.71428571428571
S,2025-10-25,2025-12-23,2025-12-24,2025-12-30,93.33333333333333,85.71428571428571
S,2025-10-26,2025-12-24,2025-12-25,2025-12-31,93.33333333333333,85.71428571428571
S,2025-10-27,2025-12-25,2025-12-26,2026-01-01,93.33333333333333,85.71428571428571
S,2025-10-28,2025-12-26,2025-12-27,2026-01-02,93.33333333333333,85.71428571428571
S,2025-10-29,2025-12-27,2025-12-28,2026-01-03,91.66666666666666,100.0
S,2025-10-30,2025-12-28,2025-12-29,2026-01-04,91.66666666666666,100.0
S,2025-10-31,2025-12-29,2025-12-30,2026-01-05,91.66666666666666,100.0
S,2025-11-01,2025-12-30,2025-12-31,2026-01-06,91.66666666666666,100.0
S,2025-11-02,2025-12-31,2026-01-01,2026-01-07,91.66666666666666,100.0
S,2025-11-03,2026-01-01,2026-01-02,2026-01-08,91.66666666666666,100.0
S,2025-11-04,2026-01-02,2026-01-03,2026-01-09,91.66666666666666,100.0
S,2025-11-05,2026-01-03,2026-01-04,2026-01-10,91.66666666666666,100.0
S,2025-11-06,2026-01-04,2026-01-05,2026-01-11,91.66666666666666,85.71428571428571
S,2025-12-21,2026-02-18,2026-02-19,2026-02-25,80.0,85.71428571428571
S,2025-12-22,2026-02-19,2026-02-20,2026-02-26,81.66666666666667,85.71428571428571
S,2025-12-23,2026-02-20,2026-02-21,2026-02-27,81.66666666666667,85.71428571428571
S,2025-12-24,2026-02-21,2026-02-22,2026-02-28,81.66666666666667,85.71428571428571
S,2025-12-25,2026-02-22,2026-02-23,2026-03-01,80.0,100.0
S,2025-12-26,2026-02-23,2026-02-24,2026-03-02,80.0,100.0
S,2025-12-27,2026-02-24,2026-02-25,2026-03-03,80.0,100.0
S,2025-12-28,2026-02-25,2026-02-26,2026-03-04,81.66666666666667,100.0
S,2025-12-29,2026-02-26,2026-02-27,2026-03-05,81.66666666666667,100.0
S,2025-12-30,2026-02-27,2026-02-28,2026-03-06,81.66666666666667,100.0
S,2025-12-31,2026-02-28,2026-03-01,2026-03-07,81.66666666666667,100.0
S,2026-01-01,2026-03-01,2026-03-02,2026-03-08,81.66666666666667,100.0
S,2026-01-02,2026-03-02,2026-03-03,2026-03-09,81.66666666666667,100.0
S,2026-01-03,2026-03-03,2026-03-04,2026-03-10,81.66666666666667,100.0
S,2026-01-04,2026-03-04,2026-03-05,2026-03-11,81.66666666666667,100.0
S,2026-01-05,2026-03-05,2026-03-06,2026-03-12,81.66666666666667,100.0
S,2026-01-06,2026-03-06,2026-03-07,2026-03-13,81.66666666666667,100.0
S,2026-01-07,2026-03-07,2026-03-08,2026-03-14,81.66666666666667,100.0
S,2026-01-08,2026-03-08,2026-03-09,2026-03-15,81.66666666666667,100.0
S,2026-01-09,2026-03-09,2026-03-10,2026-03-16,81.66666666666667,100.0
S,2026-01-10,2026-03-10,2026-03-11,2026-03-17,81.66666666666667,100.0
S,2026-01-11,2026-03-11,2026-03-12,2026-03-18,81.66666666666667,100.0
S,2026-01-12,2026-03-12,2026-03-13,2026-03-19,83.33333333333334,100.0
S,2026-01-13,2026-03-13,2026-03-14,2026-03-20,85.0,100.0
S,2026-01-14,2026-03-14,2026-03-15,2026-03-21,86.66666666666667,100.0
S,2026-01-15,2026-03-15,2026-03-16,2026-03-22,88.33333333333333,100.0
S,2026-01-16,2026-03-16,2026-03-17,2026-03-23,90.0,100.0
S,2026-01-17,2026-03-17,2026-03-18,2026-03-24,91.66666666666666,100.0
S,2026-01-18,2026-03-18,2026-03-19,2026-03-25,93.33333333333333,100.0
S,2026-01-19,2026-03-19,2026-03-20,2026-03-26,95.0,100.0
S,2026-01-20,2026-03-20,2026-03-21,2026-03-27,96.66666666666667,100.0
S,2026-01-21,2026-03-21,2026-03-22,2026-03-28,96.66666666666667,100.0
S,2026-01-22,2026-03-22,2026-03-23,2026-03-29,96.66666666666667,85.71428571428571
S,2026-01-23,2026-03-23,2026-03-24,2026-03-30,96.66666666666667,85.71428571428571
S,2026-01-24,2026-03-24,2026-03-25,2026-03-31,96.66666666666667,85.71428571428571
S,2026-01-25,2026-03-25,2026-03-26,2026-04-01,96.66666666666667,85.71428571428571
S,2026-01-26,2026-03-26,2026-03-27,2026-04-02,98.33333333333333,85.71428571428571
S,2026-01-27,2026-03-27,2026-03-28,2026-04-03,98.33333333333333,85.71428571428571
S,2026-01-28,2026-03-28,2026-03-29,2026-04-04,98.33333333333333,85.71428571428571
S,2026-01-29,2026-03-29,2026-03-30,2026-04-05,96.66666666666667,100.0
S,2026-01-30,2026-03-30,2026-03-31,2026-04-06,96.66666666666667,100.0
S,2026-01-31,2026-03-31,2026-04-01,2026-04-07,96.66666666666667,100.0
S,2026-02-01,2026-04-01,2026-04-02,2026-04-08,96.66666666666667,100.0
S,2026-02-02,2026-04-02,2026-04-03,2026-04-09,96.66666666666667,100.0
S,2026-02-03,2026-04-03,2026-04-04,2026-04-10,96.66666666666667,100.0
S,2026-02-04,2026-04-04,2026-04-05,2026-04-11,96.66666666666667,100.0
S,2026-02-05,2026-04-05,2026-04-06,2026-04-12,96.66666666666667,100.0
S,2026-02-06,2026-04-06,2026-04-07,2026-04-13,96.66666666666667,100.0
S,2026-02-07,2026-04-07,2026-04-08,2026-04-14,96.66666666666667,100.0
S,2026-02-08,2026-04-08,2026-04-09,2026-04-15,96.66666666666667,100.0
S,2026-02-09,2026-04-09,2026-04-10,2026-04-16,96.66666666666667,100.0
S,2026-02-10,2026-04-10,2026-04-11,2026-04-17,96.66666666666667,100.0
S,2026-02-11,2026-04-11,2026-04-12,2026-04-18,96.66666666666667,100.0
S,2026-02-12,2026-04-12,2026-04-13,2026-04-19,96.66666666666667,100.0
S,2026-02-13,2026-04-13,2026-04-14,2026-04-20,96.66666666666667,100.0
S,2026-02-14,2026-04-14,2026-04-15,2026-04-21,96.66666666666667,100.0
S,2026-02-15,2026-04-15,2026-04-16,2026-04-22,96.66666666666667,100.0
S,2026-02-16,2026-04-16,2026-04-17,2026-04-23,96.66666666666667,100.0
S,2026-02-17,2026-04-17,2026-04-18,2026-04-24,96.66666666666667,100.0
S,2026-02-18,2026-04-18,2026-04-19,2026-04-25,96.66666666666667,85.71428571428571
S,2026-03-08,2026-05-06,2026-05-07,2026-05-13,85.0,85.71428571428571
S,2026-03-09,2026-05-07,2026-05-08,2026-05-14,85.0,85.71428571428571
S,2026-03-10,2026-05-08,2026-05-09,2026-05-15,83.33333333333334,100.0
S,2026-03-11,2026-05-09,2026-05-10,2026-05-16,83.33333333333334,100.0
S,2026-03-12,2026-05-10,2026-05-11,2026-05-17,83.33333333333334,100.0
S,2026-03-13,2026-05-11,2026-05-12,2026-05-18,83.33333333333334,100.0
S,2026-03-14,2026-05-12,2026-05-13,2026-05-19,83.33333333333334,100.0
S,2026-03-15,2026-05-13,2026-05-14,2026-05-20,83.33333333333334,100.0
S,2026-03-16,2026-05-14,2026-05-15,2026-05-21,83.33333333333334,100.0
S,2026-03-17,2026-05-15,2026-05-16,2026-05-22,83.33333333333334,100.0
S,2026-03-18,2026-05-16,2026-05-17,2026-05-23,83.33333333333334,100.0
S,2026-03-19,2026-05-17,2026-05-18,2026-05-24,83.33333333333334,100.0
S,2026-03-20,2026-05-18,2026-05-19,2026-05-25,83.33333333333334,100.0
S,2026-03-21,2026-05-19,2026-05-20,2026-05-26,83.33333333333334,100.0
S,2026-03-22,2026-05-20,2026-05-21,2026-05-27,83.33333333333334,100.0
S,2026-03-23,2026-05-21,2026-05-22,2026-05-28,83.33333333333334,100.0
S,2026-03-24,2026-05-22,2026-05-23,2026-05-29,83.33333333333334,100.0
S,2026-03-25,2026-05-23,2026-05-24,2026-05-30,83.33333333333334,100.0
S,2026-03-26,2026-05-24,2026-05-25,2026-05-31,83.33333333333334,100.0
S,2026-03-27,2026-05-25,2026-05-26,2026-06-01,83.33333333333334,85.71428571428571
S,2026-03-28,2026-05-26,2026-05-27,2026-06-02,83.33333333333334,85.71428571428571
S,2026-03-29,2026-05-27,2026-05-28,2026-06-03,83.33333333333334,85.71428571428571
S,2026-03-30,2026-05-28,2026-05-29,2026-06-04,85.0,85.71428571428571
S,2026-03-31,2026-05-29,2026-05-30,2026-06-05,85.0,85.71428571428571
S,2026-04-01,2026-05-30,2026-05-31,2026-06-06,85.0,85.71428571428571
S,2026-04-02,2026-05-31,2026-06-01,2026-06-07,85.0,85.71428571428571
S,2026-04-03,2026-06-01,2026-06-02,2026-06-08,83.33333333333334,100.0
S,2026-04-04,2026-06-02,2026-06-03,2026-06-09,83.33333333333334,100.0
S,2026-04-05,2026-06-03,2026-06-04,2026-06-10,83.33333333333334,100.0
S,2026-04-06,2026-06-04,2026-06-05,2026-06-11,83.33333333333334,100.0
S,2026-04-07,2026-06-05,2026-06-06,2026-06-12,83.33333333333334,100.0
S,2026-04-08,2026-06-06,2026-06-07,2026-06-13,83.33333333333334,100.0
S,2026-04-09,2026-06-07,2026-06-08,2026-06-14,83.33333333333334,100.0
S,2026-04-10,2026-06-08,2026-06-09,2026-06-15,83.33333333333334,100.0
S,2026-04-11,2026-06-09,2026-06-10,2026-06-16,83.33333333333334,100.0
S,2026-04-12,2026-06-10,2026-06-11,2026-06-17,83.33333333333334,100.0
S,2026-04-13,2026-06-11,2026-06-12,2026-06-18,83.33333333333334,100.0
S,2026-04-14,2026-06-12,2026-06-13,2026-06-19,83.33333333333334,100.0
S,2026-04-15,2026-06-13,2026-06-14,2026-06-20,83.33333333333334,100.0
S,2026-04-16,2026-06-14,2026-06-15,2026-06-21,83.33333333333334,100.0
S,2026-04-17,2026-06-15,2026-06-16,2026-06-22,83.33333333333334,100.0
S,2026-04-18,2026-06-16,2026-06-17,2026-06-23,83.33333333333334,100.0
S,2026-04-19,2026-06-17,2026-06-18,2026-06-24,83.33333333333334,85.71428571428571
S,2026-04-20,2026-06-18,2026-06-19,2026-06-25,83.33333333333334,85.71428571428571
S,2026-04-21,2026-06-19,2026-06-20,2026-06-26,83.33333333333334,85.71428571428571
T,2025-02-19,2025-04-19,2025-04-20,2025-04-26,98.33333333333333,100.0
T,2025-02-20,2025-04-20,2025-04-21,2025-04-27,98.33333333333333,100.0
T,2025-02-21,2025-04-21,2025-04-22,2025-04-28,98.33333333333333,100.0
T,2025-02-22,2025-04-22,2025-04-23,2025-04-29,98.33333333333333,100.0
T,2025-02-23,2025-04-23,2025-04-24,2025-04-30,98.33333333333333,100.0
T,2025-02-24,2025-04-24,2025-04-25,2025-05-01,98.33333333333333,100.0
T,2025-02-25,2025-04-25,2025-04-26,2025-05-02,98.33333333333333,100.0
T,2025-02-26,2025-04-26,2025-04-27,2025-05-03,98.33333333333333,100.0
T,2025-02-27,2025-04-27,2025-04-28,2025-05-04,98.33333333333333,100.0
T,2025-02-28,2025-04-28,2025-04-29,2025-05-05,98.33333333333333,100.0
T,2025-03-01,2025-04-29,2025-04-30,2025-05-06,98.33333333333333,100.0
T,2025-03-02,2025-04-30,2025-05-01,2025-05-07,98.33333333333333,100.0
T,2025-03-03,2025-05-01,2025-05-02,2025-05-08,98.33333333333333,100.0
T,2025-03-04,2025-05-02,2025-05-03,2025-05-09,98.33333333333333,100.0
T,2025-03-05,2025-05-03,2025-05-04,2025-05-10,98.33333333333333,100.0
T,2025-03-06,2025-05-04,2025-05-05,2025-05-11,98.33333333333333,100.0
T,2025-03-07,2025-05-05,2025-05-06,2025-05-12,98.33333333333333,100.0
T,2025-03-08,2025-05-06,2025-05-07,2025-05-13,98.33333333333333,100.0
T,2025-03-09,2025-05-07,2025-05-08,2025-05-14,98.33333333333333,100.0
T,2025-03-10,2025-05-08,2025-05-09,2025-05-15,98.33333333333333,100.0
T,2025-03-11,2025-05-09,2025-05-10,2025-05-16,98.33333333333333,100.0
T,2025-03-12,2025-05-10,2025-05-11,2025-05-17,98.33333333333333,100.0
T,2025-03-13,2025-05-11,2025-05-12,2025-05-18,98.33333333333333,100.0
T,2025-03-14,2025-05-12,2025-05-13,2025-05-19,98.33333333333333,100.0
T,2025-03-15,2025-05-13,2025-05-14,2025-05-20,98.33333333333333,100.0
T,2025-03-16,2025-05-14,2025-05-15,2025-05-21,98.33333333333333,100.0
T,2025-03-17,2025-05-15,2025-05-16,2025-05-22,98.33333333333333,100.0
T,2025-03-18,2025-05-16,2025-05-17,2025-05-23,98.33333333333333,100.0
T,2025-03-19,2025-05-17,2025-05-18,2025-05-24,98.33333333333333,100.0
T,2025-03-20,2025-05-18,2025-05-19,2025-05-25,98.33333333333333,100.0
T,2025-03-21,2025-05-19,2025-05-20,2025-05-26,98.33333333333333,100.0
T,2025-03-22,2025-05-20,2025-05-21,2025-05-27,98.33333333333333,85.71428571428571
T,2025-03-23,2025-05-21,2025-05-22,2025-05-28,98.33333333333333,85.71428571428571
T,2025-03-24,2025-05-22,2025-05-23,2025-05-29,98.33333333333333,85.71428571428571
T,2025-03-25,2025-05-23,2025-05-24,2025-05-30,98.33333333333333,85.71428571428571
T,2025-03-26,2025-05-24,2025-05-25,2025-05-31,98.33333333333333,85.71428571428571
T,2025-03-27,2025-05-25,2025-05-26,2025-06-01,98.33333333333333,85.71428571428571
T,2025-03-28,2025-05-26,2025-05-27,2025-06-02,98.33333333333333,85.71428571428571
T,2025-03-29,2025-05-27,2025-05-28,2025-06-03,96.66666666666667,100.0
T,2025-03-30,2025-05-28,2025-05-29,2025-06-04,96.66666666666667,100.0
T,2025-03-31,2025-05-29,2025-05-30,2025-06-05,96.66666666666667,100.0
T,2025-04-01,2025-05-30,2025-05-31,2025-06-06,96.66666666666667,100.0
T,2025-04-02,2025-05-31,2025-06-01,2025-06-07,96.66666666666667,100.0
T,2025-04-03,2025-06-01,2025-06-02,2025-06-08,96.66666666666667,100.0
T,2025-04-04,2025-06-02,2025-06-03,2025-06-09,96.66666666666667,100.0
T,2025-04-05,2025-06-03,2025-06-04,2025-06-10,96.66666666666667,100.0
T,2025-04-06,2025-06-04,2025-06-05,2025-06-11,96.66666666666667,100.0
T,2025-04-07,2025-06-05,2025-06-06,2025-06-12,96.66666666666667,100.0
T,2025-04-08,2025-06-06,2025-06-07,2025-06-13,96.66666666666667,100.0
T,2025-04-09,2025-06-07,2025-06-08,2025-06-14,96.66666666666667,100.0
T,2025-04-10,2025-06-08,2025-06-09,2025-06-15,96.66666666666667,100.0
T,2025-04-11,2025-06-09,2025-06-10,2025-06-16,98.33333333333333,100.0
T,2025-04-12,2025-06-10,2025-06-11,2025-06-17,98.33333333333333,100.0
T,2025-04-13,2025-06-11,2025-06-12,2025-06-18,98.33333333333333,100.0
T,2025-04-14,2025-06-12,2025-06-13,2025-06-19,98.33333333333333,100.0
T,2025-04-15,2025-06-13,2025-06-14,2025-06-20,98.33333333333333,100.0
T,2025-04-16,2025-06-14,2025-06-15,2025-06-21,98.33333333333333,100.0
T,2025-04-17,2025-06-15,2025-06-16,2025-06-22,98.33333333333333,85.71428571428571
T,2025-04-18,2025-06-16,2025-06-17,2025-06-23,98.33333333333333,85.71428571428571
T,2025-04-19,2025-06-17,2025-06-18,2025-06-24,98.33333333333333,85.71428571428571
T,2025-04-20,2025-06-18,2025-06-19,2025-06-25,98.33333333333333,85.71428571428571
T,2025-04-21,2025-06-19,2025-06-20,2025-06-26,98.33333333333333,85.71428571428571
T,2025-04-22,2025-06-20,2025-06-21,2025-06-27,98.33333333333333,85.71428571428571
T,2025-04-23,2025-06-21,2025-06-22,2025-06-28,98.33333333333333,85.71428571428571
T,2025-04-24,2025-06-22,2025-06-23,2025-06-29,96.66666666666667,100.0
T,2025-04-25,2025-06-23,2025-06-24,2025-06-30,96.66666666666667,100.0
T,2025-04-26,2025-06-24,2025-06-25,2025-07-01,96.66666666666667,100.0
T,2025-04-27,2025-06-25,2025-06-26,2025-07-02,96.66666666666667,100.0
T,2025-04-28,2025-06-26,2025-06-27,2025-07-03,96.66666666666667,100.0
T,2025-04-29,2025-06-27,2025-06-28,2025-07-04,96.66666666666667,100.0
T,2025-04-30,2025-06-28,2025-06-29,2025-07-05,96.66666666666667,100.0
T,2025-05-01,2025-06-29,2025-06-30,2025-07-06,96.66666666666667,100.0
T,2025-05-02,2025-06-30,2025-07-01,2025-07-07,96.66666666666667,100.0
T,2025-05-03,2025-07-01,2025-07-02,2025-07-08,96.66666666666667,100.0
T,2025-05-04,2025-07-02,2025-07-03,2025-07-09,96.66666666666667,100.0
T,2025-05-05,2025-07-03,2025-07-04,2025-07-10,96.66666666666667,100.0
T,2025-05-06,2025-07-04,2025-07-05,2025-07-11,96.66666666666667,100.0
T,2025-05-07,2025-07-05,2025-07-06,2025-07-12,96.66666666666667,100.0
T,2025-05-08,2025-07-06,2025-07-07,2025-07-13,96.66666666666667,100.0
T,2025-05-09,2025-07-07,2025-07-08,2025-07-14,96.66666666666667,100.0
T,2025-05-10,2025-07-08,2025-07-09,2025-07-15,96.66666666666667,100.0
T,2025-05-11,2025-07-09,2025-07-10,2025-07-16,96.66666666666667,100.0
T,2025-05-12,2025-07-10,2025-07-11,2025-07-17,96.66666666666667,100.0
T,2025-05-13,2025-07-11,2025-07-12,2025-07-18,96.66666666666667,100.0
T,2025-05-14,2025-07-12,2025-07-13,2025-07-19,96.66666666666667,100.0
T,2025-05-15,2025-07-13,2025-07-14,2025-07-20,96.66666666666667,100.0
T,2025-05-16,2025-07-14,2025-07-15,2025-07-21,96.66666666666667,100.0
T,2025-05-17,2025-07-15,2025-07-16,2025-07-22,96.66666666666667,100.0
T,2025-05-18,2025-07-16,2025-07-17,2025-07-23,96.66666666666667,100.0
T,2025-05-19,2025-07-17,2025-07-18,2025-07-24,96.66666666666667,100.0
T,2025-05-20,2025-07-18,2025-07-19,2025-07-25,96.66666666666667,100.0
T,2025-05-21,2025-07-19,2025-07-20,2025-07-26,96.66666666666667,85.71428571428571
T,2025-05-29,2025-07-27,2025-07-28,2025-08-03,95.0,85.71428571428571
T,2025-05-30,2025-07-28,2025-07-29,2025-08-04,93.33333333333333,100.0
T,2025-05-31,2025-07-29,2025-07-30,2025-08-05,93.33333333333333,100.0
T,2025-06-01,2025-07-30,2025-07-31,2025-08-06,93.33333333333333,100.0
T,2025-06-02,2025-07-31,2025-08-01,2025-08-07,93.33333333333333,100.0
T,2025-06-03,2025-08-01,2025-08-02,2025-08-08,93.33333333333333,100.0
T,2025-06-04,2025-08-02,2025-08-03,2025-08-09,93.33333333333333,100.0
T,2025-06-05,2025-08-03,2025-08-04,2025-08-10,93.33333333333333,100.0
T,2025-06-06,2025-08-04,2025-08-05,2025-08-11,93.33333333333333,100.0
T,2025-06-07,2025-08-05,2025-08-06,2025-08-12,93.33333333333333,100.0
T,2025-06-08,2025-08-06,2025-08-07,2025-08-13,93.33333333333333,100.0
T,2025-06-09,2025-08-07,2025-08-08,2025-08-14,93.33333333333333,100.0
T,2025-06-10,2025-08-08,2025-08-09,2025-08-15,93.33333333333333,100.0
T,2025-06-11,2025-08-09,2025-08-10,2025-08-16,93.33333333333333,100.0
T,2025-06-12,2025-08-10,2025-08-11,2025-08-17,93.33333333333333,100.0
T,2025-06-13,2025-08-11,2025-08-12,2025-08-18,93.33333333333333,100.0
T,2025-06-14,2025-08-12,2025-08-13,2025-08-19,93.33333333333333,100.0
T,2025-06-15,2025-08-13,2025-08-14,2025-08-20,93.33333333333333,100.0
T,2025-06-16,2025-08-14,2025-08-15,2025-08-21,93.33333333333333,100.0
T,2025-06-17,2025-08-15,2025-08-16,2025-08-22,93.33333333333333,100.0
T,2025-06-18,2025-08-16,2025-08-17,2025-08-23,93.33333333333333,100.0
T,2025-06-19,2025-08-17,2025-08-18,2025-08-24,93.33333333333333,100.0
T,2025-06-20,2025-08-18,2025-08-19,2025-08-25,93.33333333333333,100.0
T,2025-06-21,2025-08-19,2025-08-20,2025-08-26,93.33333333333333,100.0
T,2025-06-22,2025-08-20,2025-08-21,2025-08-27,93.33333333333333,100.0
T,2025-06-23,2025-08-21,2025-08-22,2025-08-28,95.0,100.0
T,2025-06-24,2025-08-22,2025-08-23,2025-08-29,95.0,100.0
T,2025-06-25,2025-08-23,2025-08-24,2025-08-30,95.0,100.0
T,2025-06-26,2025-08-24,2025-08-25,2025-08-31,95.0,100.0
T,2025-06-27,2025-08-25,2025-08-26,2025-09-01,95.0,100.0
T,2025-06-28,2025-08-26,2025-08-27,2025-09-02,95.0,100.0
T,2025-06-29,2025-08-27,2025-08-28,2025-09-03,95.0,100.0
T,2025-06-30,2025-08-28,2025-08-29,2025-09-04,95.0,100.0
T,2025-07-01,2025-08-29,2025-08-30,2025-09-05,95.0,100.0
T,2025-07-02,2025-08-30,2025-08-31,2025-09-06,95.0,100.0
T,2025-07-03,2025-08-31,2025-09-01,2025-09-07,95.0,100.0
T,2025-07-04,2025-09-01,2025-09-02,2025-09-08,95.0,100.0
T,2025-07-05,2025-09-02,2025-09-03,2025-09-09,95.0,100.0
T,2025-07-06,2025-09-03,2025-09-04,2025-09-10,95.0,100.0
T,2025-07-07,2025-09-04,2025-09-05,2025-09-11,95.0,100.0
T,2025-07-08,2025-09-05,2025-09-06,2025-09-12,95.0,100.0
T,2025-07-09,2025-09-06,2025-09-07,2025-09-13,95.0,100.0
T,2025-07-10,2025-09-07,2025-09-08,2025-09-14,95.0,100.0
T,2025-07-11,2025-09-08,2025-09-09,2025-09-15,95.0,100.0
T,2025-07-12,2025-09-09,2025-09-10,2025-09-16,95.0,100.0
T,2025-07-13,2025-09-10,2025-09-11,2025-09-17,95.0,100.0
T,2025-07-14,2025-09-11,2025-09-12,2025-09-18,95.0,100.0
T,2025-07-15,2025-09-12,2025-09-13,2025-09-19,95.0,100.0
T,2025-07-16,2025-09-13,2025-09-14,2025-09-20,95.0,100.0
T,2025-07-17,2025-09-14,2025-09-15,2025-09-21,95.0,100.0
T,2025-07-18,2025-09-15,2025-09-16,2025-09-22,95.0,100.0
T,2025-07-19,2025-09-16,2025-09-17,2025-09-23,95.0,100.0
T,2025-07-20,2025-09-17,2025-09-18,2025-09-24,95.0,100.0
T,2025-07-21,2025-09-18,2025-09-19,2025-09-25,95.0,100.0
T,2025-07-22,2025-09-19,2025-09-20,2025-09-26,95.0,100.0
T,2025-07-23,2025-09-20,2025-09-21,2025-09-27,95.0,100.0
T,2025-07-24,2025-09-21,2025-09-22,2025-09-28,95.0,100.0
T,2025-07-25,2025-09-22,2025-09-23,2025-09-29,95.0,85.71428571428571
T,2025-08-08,2025-10-06,2025-10-07,2025-10-13,86.66666666666667,85.71428571428571
T,2025-08-09,2025-10-07,2025-10-08,2025-10-14,85.0,100.0
T,2025-08-10,2025-10-08,2025-10-09,2025-10-15,85.0,100.0
T,2025-08-11,2025-10-09,2025-10-10,2025-10-16,85.0,100.0
T,2025-08-12,2025-10-10,2025-10-11,2025-10-17,85.0,100.0
T,2025-08-13,2025-10-11,2025-10-12,2025-10-18,85.0,100.0
T,2025-08-14,2025-10-12,2025-10-13,2025-10-19,85.0,100.0
T,2025-08-15,2025-10-13,2025-10-14,2025-10-20,85.0,100.0
T,2025-08-16,2025-10-14,2025-10-15,2025-10-21,85.0,100.0
T,2025-08-17,2025-10-15,2025-10-16,2025-10-22,85.0,100.0
T,2025-08-18,2025-10-16,2025-10-17,2025-10-23,85.0,100.0
T,2025-08-19,2025-10-17,2025-10-18,2025-10-24,85.0,100.0
T,2025-08-20,2025-10-18,2025-10-19,2025-10-25,85.0,100.0
T,2025-08-21,2025-10-19,2025-10-20,2025-10-26,85.0,100.0
T,2025-08-22,2025-10-20,2025-10-21,2025-10-27,85.0,100.0
T,2025-08-23,2025-10-21,2025-10-22,2025-10-28,85.0,100.0
T,2025-08-24,2025-10-22,2025-10-23,2025-10-29,85.0,100.0
T,2025-08-25,2025-10-23,2025-10-24,2025-10-30,85.0,100.0
T,2025-08-26,2025-10-24,2025-10-25,2025-10-31,85.0,100.0
T,2025-08-27,2025-10-25,2025-10-26,2025-11-01,85.0,100.0
T,2025-08-28,2025-10-26,2025-10-27,2025-11-02,85.0,100.0
T,2025-08-29,2025-10-27,2025-10-28,2025-11-03,85.0,100.0
T,2025-08-30,2025-10-28,2025-10-29,2025-11-04,85.0,100.0
T,2025-08-31,2025-10-29,2025-10-30,2025-11-05,85.0,100.0
T,2025-09-01,2025-10-30,2025-10-31,2025-11-06,85.0,100.0
T,2025-09-02,2025-10-31,2025-11-01,2025-11-07,85.0,100.0
T,2025-09-03,2025-11-01,2025-11-02,2025-11-08,85.0,100.0
T,2025-09-04,2025-11-02,2025-11-03,2025-11-09,85.0,100.0
T,2025-09-05,2025-11-03,2025-11-04,2025-11-10,85.0,100.0
T,2025-09-06,2025-11-04,2025-11-05,2025-11-11,85.0,100.0
T,2025-09-07,2025-11-05,2025-11-06,2025-11-12,85.0,100.0
T,2025-09-08,2025-11-06,2025-11-07,2025-11-13,85.0,100.0
T,2025-09-09,2025-11-07,2025-11-08,2025-11-14,85.0,100.0
T,2025-09-10,2025-11-08,2025-11-09,2025-11-15,85.0,100.0
T,2025-09-11,2025-11-09,2025-11-10,2025-11-16,85.0,100.0
T,2025-09-12,2025-11-10,2025-11-11,2025-11-17,85.0,100.0
T,2025-09-13,2025-11-11,2025-11-12,2025-11-18,85.0,100.0
T,2025-09-14,2025-11-12,2025-11-13,2025-11-19,85.0,85.71428571428571
T,2025-10-02,2025-11-30,2025-12-01,2025-12-07,80.0,100.0
T,2025-10-03,2025-12-01,2025-12-02,2025-12-08,81.66666666666667,100.0
T,2025-10-04,2025-12-02,2025-12-03,2025-12-09,83.33333333333334,100.0
T,2025-10-05,2025-12-03,2025-12-04,2025-12-10,85.0,100.0
T,2025-10-06,2025-12-04,2025-12-05,2025-12-11,86.66666666666667,100.0
T,2025-10-07,2025-12-05,2025-12-06,2025-12-12,88.33333333333333,100.0
T,2025-10-08,2025-12-06,2025-12-07,2025-12-13,90.0,100.0
T,2025-10-09,2025-12-07,2025-12-08,2025-12-14,90.0,100.0
T,2025-10-10,2025-12-08,2025-12-09,2025-12-15,90.0,100.0
T,2025-10-11,2025-12-09,2025-12-10,2025-12-16,90.0,100.0
T,2025-10-12,2025-12-10,2025-12-11,2025-12-17,90.0,100.0
T,2025-10-13,2025-12-11,2025-12-12,2025-12-18,90.0,100.0
T,2025-10-14,2025-12-12,2025-12-13,2025-12-19,90.0,100.0
T,2025-10-15,2025-12-13,2025-12-14,2025-12-20,90.0,100.0
T,2025-10-16,2025-12-14,2025-12-15,2025-12-21,90.0,100.0
T,2025-10-17,2025-12-15,2025-12-16,2025-12-22,90.0,100.0
T,2025-10-18,2025-12-16,2025-12-17,2025-12-23,90.0,100.0
T,2025-10-19,2025-12-17,2025-12-18,2025-12-24,90.0,100.0
T,2025-10-20,2025-12-18,2025-12-19,2025-12-25,90.0,85.71428571428571
T,2025-10-21,2025-12-19,2025-12-20,2025-12-26,90.0,85.71428571428571
T,2025-10-22,2025-12-20,2025-12-21,2025-12-27,90.0,85.71428571428571
T,2025-10-23,2025-12-21,2025-12-22,2025-12-28,90.0,85.71428571428571
T,2025-10-24,2025-12-22,2025-12-23,2025-12-29,90.0,85.71428571428571
T,2025-10-25,2025-12-23,2025-12-24,2025-12-30,90.0,85.71428571428571
T,2025-10-26,2025-12-24,2025-12-25,2025-12-31,90.0,85.71428571428571
T,2025-10-27,2025-12-25,2025-12-26,2026-01-01,88.33333333333333,100.0
T,2025-10-28,2025-12-26,2025-12-27,2026-01-02,88.33333333333333,100.0
T,2025-10-29,2025-12-27,2025-12-28,2026-01-03,88.33333333333333,100.0
T,2025-10-30,2025-12-28,2025-12-29,2026-01-04,88.33333333333333,100.0
T,2025-10-31,2025-12-29,2025-12-30,2026-01-05,88.33333333333333,100.0
T,2025-11-01,2025-12-30,2025-12-31,2026-01-06,88.33333333333333,100.0
T,2025-11-02,2025-12-31,2026-01-01,2026-01-07,88.33333333333333,100.0
T,2025-11-03,2026-01-01,2026-01-02,2026-01-08,88.33333333333333,100.0
T,2025-11-04,2026-01-02,2026-01-03,2026-01-09,88.33333333333333,100.0
T,2025-11-05,2026-01-03,2026-01-04,2026-01-10,88.33333333333333,100.0
T,2025-11-06,2026-01-04,2026-01-05,2026-01-11,88.33333333333333,85.71428571428571
T,2025-11-23,2026-01-21,2026-01-22,2026-01-28,80.0,100.0
T,2025-11-24,2026-01-22,2026-01-23,2026-01-29,81.66666666666667,100.0
T,2025-11-25,2026-01-23,2026-01-24,2026-01-30,83.33333333333334,100.0
T,2025-11-26,2026-01-24,2026-01-25,2026-01-31,83.33333333333334,100.0
T,2025-11-27,2026-01-25,2026-01-26,2026-02-01,83.33333333333334,100.0
T,2025-11-28,2026-01-26,2026-01-27,2026-02-02,83.33333333333334,100.0
T,2025-11-29,2026-01-27,2026-01-28,2026-02-03,83.33333333333334,100.0
T,2025-11-30,2026-01-28,2026-01-29,2026-02-04,83.33333333333334,100.0
T,2025-12-01,2026-01-29,2026-01-30,2026-02-05,83.33333333333334,100.0
T,2025-12-02,2026-01-30,2026-01-31,2026-02-06,83.33333333333334,100.0
T,2025-12-03,2026-01-31,2026-02-01,2026-02-07,83.33333333333334,100.0
T,2025-12-04,2026-02-01,2026-02-02,2026-02-08,83.33333333333334,100.0
T,2025-12-05,2026-02-02,2026-02-03,2026-02-09,83.33333333333334,100.0
T,2025-12-06,2026-02-03,2026-02-04,2026-02-10,83.33333333333334,100.0
T,2025-12-07,2026-02-04,2026-02-05,2026-02-11,83.33333333333334,100.0
T,2025-12-08,2026-02-05,2026-02-06,2026-02-12,83.33333333333334,100.0
T,2025-12-09,2026-02-06,2026-02-07,2026-02-13,83.33333333333334,100.0
T,2025-12-10,2026-02-07,2026-02-08,2026-02-14,83.33333333333334,100.0
T,2025-12-11,2026-02-08,2026-02-09,2026-02-15,83.33333333333334,100.0
T,2025-12-12,2026-02-09,2026-02-10,2026-02-16,83.33333333333334,100.0
T,2025-12-13,2026-02-10,2026-02-11,2026-02-17,83.33333333333334,100.0
T,2025-12-14,2026-02-11,2026-02-12,2026-02-18,83.33333333333334,100.0
T,2025-12-15,2026-02-12,2026-02-13,2026-02-19,83.33333333333334,100.0
T,2025-12-16,2026-02-13,2026-02-14,2026-02-20,83.33333333333334,100.0
T,2025-12-17,2026-02-14,2026-02-15,2026-02-21,83.33333333333334,100.0
T,2025-12-18,2026-02-15,2026-02-16,2026-02-22,83.33333333333334,100.0
T,2025-12-19,2026-02-16,2026-02-17,2026-02-23,83.33333333333334,100.0
T,2025-12-20,2026-02-17,2026-02-18,2026-02-24,83.33333333333334,100.0
T,2025-12-21,2026-02-18,2026-02-19,2026-02-25,83.33333333333334,100.0
T,2025-12-22,2026-02-19,2026-02-20,2026-02-26,83.33333333333334,100.0
T,2025-12-23,2026-02-20,2026-02-21,2026-02-27,83.33333333333334,100.0
T,2025-12-24,2026-02-21,2026-02-22,2026-02-28,83.33333333333334,100.0
T,2025-12-25,2026-02-22,2026-02-23,2026-03-01,83.33333333333334,100.0
T,2025-12-26,2026-02-23,2026-02-24,2026-03-02,85.0,100.0
T,2025-12-27,2026-02-24,2026-02-25,2026-03-03,85.0,100.0
T,2025-12-28,2026-02-25,2026-02-26,2026-03-04,85.0,100.0
T,2025-12-29,2026-02-26,2026-02-27,2026-03-05,85.0,100.0
T,2025-12-30,2026-02-27,2026-02-28,2026-03-06,85.0,100.0
T,2025-12-31,2026-02-28,2026-03-01,2026-03-07,85.0,100.0
T,2026-01-01,2026-03-01,2026-03-02,2026-03-08,85.0,100.0
T,2026-01-02,2026-03-02,2026-03-03,2026-03-09,85.0,100.0
T,2026-01-03,2026-03-03,2026-03-04,2026-03-10,85.0,100.0
T,2026-01-04,2026-03-04,2026-03-05,2026-03-11,85.0,100.0
T,2026-01-05,2026-03-05,2026-03-06,2026-03-12,85.0,100.0
T,2026-01-06,2026-03-06,2026-03-07,2026-03-13,85.0,100.0
T,2026-01-07,2026-03-07,2026-03-08,2026-03-14,85.0,100.0
T,2026-01-08,2026-03-08,2026-03-09,2026-03-15,85.0,100.0
T,2026-01-09,2026-03-09,2026-03-10,2026-03-16,85.0,100.0
T,2026-01-10,2026-03-10,2026-03-11,2026-03-17,85.0,100.0
T,2026-01-11,2026-03-11,2026-03-12,2026-03-18,85.0,100.0
T,2026-01-12,2026-03-12,2026-03-13,2026-03-19,86.66666666666667,100.0
T,2026-01-13,2026-03-13,2026-03-14,2026-03-20,88.33333333333333,100.0
T,2026-01-14,2026-03-14,2026-03-15,2026-03-21,90.0,100.0
T,2026-01-15,2026-03-15,2026-03-16,2026-03-22,91.66666666666666,100.0
T,2026-01-16,2026-03-16,2026-03-17,2026-03-23,93.33333333333333,100.0
T,2026-01-17,2026-03-17,2026-03-18,2026-03-24,95.0,100.0
T,2026-01-18,2026-03-18,2026-03-19,2026-03-25,96.66666666666667,100.0
T,2026-01-19,2026-03-19,2026-03-20,2026-03-26,98.33333333333333,100.0
T,2026-01-20,2026-03-20,2026-03-21,2026-03-27,100.0,100.0
T,2026-01-21,2026-03-21,2026-03-22,2026-03-28,100.0,100.0
T,2026-01-22,2026-03-22,2026-03-23,2026-03-29,100.0,100.0
T,2026-01-23,2026-03-23,2026-03-24,2026-03-30,100.0,100.0
T,2026-01-24,2026-03-24,2026-03-25,2026-03-31,100.0,100.0
T,2026-01-25,2026-03-25,2026-03-26,2026-04-01,100.0,100.0
T,2026-01-26,2026-03-26,2026-03-27,2026-04-02,100.0,100.0
T,2026-01-27,2026-03-27,2026-03-28,2026-04-03,100.0,100.0
T,2026-01-28,2026-03-28,2026-03-29,2026-04-04,100.0,100.0
T,2026-01-29,2026-03-29,2026-03-30,2026-04-05,100.0,100.0
T,2026-01-30,2026-03-30,2026-03-31,2026-04-06,100.0,100.0
T,2026-01-31,2026-03-31,2026-04-01,2026-04-07,100.0,100.0
T,2026-02-01,2026-04-01,2026-04-02,2026-04-08,100.0,100.0
T,2026-02-02,2026-04-02,2026-04-03,2026-04-09,100.0,100.0
T,2026-02-03,2026-04-03,2026-04-04,2026-04-10,100.0,100.0
T,2026-02-04,2026-04-04,2026-04-05,2026-04-11,100.0,100.0
T,2026-02-05,2026-04-05,2026-04-06,2026-04-12,100.0,100.0
T,2026-02-06,2026-04-06,2026-04-07,2026-04-13,100.0,100.0
T,2026-02-07,2026-04-07,2026-04-08,2026-04-14,100.0,100.0
T,2026-02-08,2026-04-08,2026-04-09,2026-04-15,100.0,100.0
T,2026-02-09,2026-04-09,2026-04-10,2026-04-16,100.0,100.0
T,2026-02-10,2026-04-10,2026-04-11,2026-04-17,100.0,100.0
T,2026-02-11,2026-04-11,2026-04-12,2026-04-18,100.0,100.0
T,2026-02-12,2026-04-12,2026-04-13,2026-04-19,100.0,100.0
T,2026-02-13,2026-04-13,2026-04-14,2026-04-20,100.0,100.0
T,2026-02-14,2026-04-14,2026-04-15,2026-04-21,100.0,100.0
T,2026-02-15,2026-04-15,2026-04-16,2026-04-22,100.0,100.0
T,2026-02-16,2026-04-16,2026-04-17,2026-04-23,100.0,100.0
T,2026-02-17,2026-04-17,2026-04-18,2026-04-24,100.0,100.0
T,2026-02-18,2026-04-18,2026-04-19,2026-04-25,100.0,100.0
T,2026-02-19,2026-04-19,2026-04-20,2026-04-26,100.0,100.0
T,2026-02-20,2026-04-20,2026-04-21,2026-04-27,100.0,100.0
T,2026-02-21,2026-04-21,2026-04-22,2026-04-28,100.0,100.0
T,2026-02-22,2026-04-22,2026-04-23,2026-04-29,100.0,100.0
T,2026-02-23,2026-04-23,2026-04-24,2026-04-30,100.0,100.0
T,2026-02-24,2026-04-24,2026-04-25,2026-05-01,100.0,100.0
T,2026-02-25,2026-04-25,2026-04-26,2026-05-02,100.0,100.0
T,2026-02-26,2026-04-26,2026-04-27,2026-05-03,100.0,100.0
T,2026-02-27,2026-04-27,2026-04-28,2026-05-04,100.0,100.0
T,2026-02-28,2026-04-28,2026-04-29,2026-05-05,100.0,100.0
T,2026-03-01,2026-04-29,2026-04-30,2026-05-06,100.0,100.0
T,2026-03-02,2026-04-30,2026-05-01,2026-05-07,100.0,100.0
T,2026-03-03,2026-05-01,2026-05-02,2026-05-08,100.0,100.0
T,2026-03-04,2026-05-02,2026-05-03,2026-05-09,100.0,100.0
T,2026-03-05,2026-05-03,2026-05-04,2026-05-10,100.0,100.0
T,2026-03-06,2026-05-04,2026-05-05,2026-05-11,100.0,100.0
T,2026-03-07,2026-05-05,2026-05-06,2026-05-12,100.0,100.0
T,2026-03-08,2026-05-06,2026-05-07,2026-05-13,100.0,100.0
T,2026-03-09,2026-05-07,2026-05-08,2026-05-14,100.0,100.0
T,2026-03-10,2026-05-08,2026-05-09,2026-05-15,100.0,100.0
T,2026-03-11,2026-05-09,2026-05-10,2026-05-16,100.0,100.0
T,2026-03-12,2026-05-10,2026-05-11,2026-05-17,100.0,100.0
T,2026-03-13,2026-05-11,2026-05-12,2026-05-18,100.0,100.0
T,2026-03-14,2026-05-12,2026-05-13,2026-05-19,100.0,100.0
T,2026-03-15,2026-05-13,2026-05-14,2026-05-20,100.0,100.0
T,2026-03-16,2026-05-14,2026-05-15,2026-05-21,100.0,100.0
T,2026-03-17,2026-05-15,2026-05-16,2026-05-22,100.0,100.0
T,2026-03-18,2026-05-16,2026-05-17,2026-05-23,100.0,100.0
T,2026-03-19,2026-05-17,2026-05-18,2026-05-24,100.0,100.0
T,2026-03-20,2026-05-18,2026-05-19,2026-05-25,100.0,100.0
T,2026-03-21,2026-05-19,2026-05-20,2026-05-26,100.0,100.0
T,2026-03-22,2026-05-20,2026-05-21,2026-05-27,100.0,100.0
T,2026-03-23,2026-05-21,2026-05-22,2026-05-28,100.0,100.0
T,2026-03-24,2026-05-22,2026-05-23,2026-05-29,100.0,100.0
T,2026-03-25,2026-05-23,2026-05-24,2026-05-30,100.0,100.0
T,2026-03-26,2026-05-24,2026-05-25,2026-05-31,100.0,100.0
T,2026-03-27,2026-05-25,2026-05-26,2026-06-01,100.0,100.0
T,2026-03-28,2026-05-26,2026-05-27,2026-06-02,100.0,100.0
T,2026-03-29,2026-05-27,2026-05-28,2026-06-03,100.0,100.0
T,2026-03-30,2026-05-28,2026-05-29,2026-06-04,100.0,100.0
T,2026-03-31,2026-05-29,2026-05-30,2026-06-05,100.0,100.0
T,2026-04-01,2026-05-30,2026-05-31,2026-06-06,100.0,100.0
T,2026-04-02,2026-05-31,2026-06-01,2026-06-07,100.0,100.0
T,2026-04-03,2026-06-01,2026-06-02,2026-06-08,100.0,100.0
T,2026-04-04,2026-06-02,2026-06-03,2026-06-09,100.0,100.0
T,2026-04-05,2026-06-03,2026-06-04,2026-06-10,100.0,100.0
T,2026-04-06,2026-06-04,2026-06-05,2026-06-11,100.0,100.0
T,2026-04-07,2026-06-05,2026-06-06,2026-06-12,100.0,100.0
T,2026-04-08,2026-06-06,2026-06-07,2026-06-13,100.0,100.0
T,2026-04-09,2026-06-07,2026-06-08,2026-06-14,100.0,100.0
T,2026-04-10,2026-06-08,2026-06-09,2026-06-15,100.0,100.0
T,2026-04-11,2026-06-09,2026-06-10,2026-06-16,100.0,100.0
T,2026-04-12,2026-06-10,2026-06-11,2026-06-17,100.0,100.0
T,2026-04-13,2026-06-11,2026-06-12,2026-06-18,100.0,100.0
T,2026-04-14,2026-06-12,2026-06-13,2026-06-19,100.0,100.0
T,2026-04-15,2026-06-13,2026-06-14,2026-06-20,100.0,100.0
T,2026-04-16,2026-06-14,2026-06-15,2026-06-21,100.0,100.0
T,2026-04-17,2026-06-15,2026-06-16,2026-06-22,100.0,100.0
T,2026-04-18,2026-06-16,2026-06-17,2026-06-23,100.0,100.0
T,2026-04-19,2026-06-17,2026-06-18,2026-06-24,100.0,85.71428571428571
T,2026-04-20,2026-06-18,2026-06-19,2026-06-25,100.0,85.71428571428571
T,2026-04-21,2026-06-19,2026-06-20,2026-06-26,100.0,85.71428571428571
T,2026-04-22,2026-06-20,2026-06-21,2026-06-27,100.0,85.71428571428571
T,2026-04-23,2026-06-21,2026-06-22,2026-06-28,100.0,85.71428571428571
T,2026-04-24,2026-06-22,2026-06-23,2026-06-29,100.0,85.71428571428571
T,2026-04-25,2026-06-23,2026-06-24,2026-06-30,100.0,85.71428571428571
T,2026-04-26,2026-06-24,2026-06-25,2026-07-01,98.33333333333333,100.0
T,2026-04-27,2026-06-25,2026-06-26,2026-07-02,98.33333333333333,100.0
T,2026-04-28,2026-06-26,2026-06-27,2026-07-03,98.33333333333333,100.0
T,2026-04-29,2026-06-27,2026-06-28,2026-07-04,98.33333333333333,100.0
T,2026-04-30,2026-06-28,2026-06-29,2026-07-05,98.33333333333333,100.0
T,2026-05-01,2026-06-29,2026-06-30,2026-07-06,98.33333333333333,100.0
T,2026-05-02,2026-06-30,2026-07-01,2026-07-07,98.33333333333333,100.0
T,2026-05-03,2026-07-01,2026-07-02,2026-07-08,98.33333333333333,100.0
T,2026-05-04,2026-07-02,2026-07-03,2026-07-09,98.33333333333333,100.0
T,2026-05-05,2026-07-03,2026-07-04,2026-07-10,98.33333333333333,100.0
T,2026-05-06,2026-07-04,2026-07-05,2026-07-11,98.33333333333333,100.0
T,2026-05-07,2026-07-05,2026-07-06,2026-07-12,98.33333333333333,100.0
T,2026-05-08,2026-07-06,2026-07-07,2026-07-13,98.33333333333333,100.0
T,2026-05-09,2026-07-07,2026-07-08,2026-07-14,98.33333333333333,100.0
T,2026-05-10,2026-07-08,2026-07-09,2026-07-15,98.33333333333333,100.0
T,2026-05-11,2026-07-09,2026-07-10,2026-07-16,98.33333333333333,100.0
T,2026-05-12,2026-07-10,2026-07-11,2026-07-17,98.33333333333333,100.0
T,2026-05-13,2026-07-11,2026-07-12,2026-07-18,98.33333333333333,100.0
T,2026-05-14,2026-07-12,2026-07-13,2026-07-19,98.33333333333333,100.0
T,2026-05-15,2026-07-13,2026-07-14,2026-07-20,98.33333333333333,100.0
T,2026-05-16,2026-07-14,2026-07-15,2026-07-21,98.33333333333333,100.0
T,2026-05-17,2026-07-15,2026-07-16,2026-07-22,98.33333333333333,100.0
T,2026-05-18,2026-07-16,2026-07-17,2026-07-23,98.33333333333333,100.0
T,2026-05-19,2026-07-17,2026-07-18,2026-07-24,98.33333333333333,100.0
T,2026-05-20,2026-07-18,2026-07-19,2026-07-25,98.33333333333333,100.0
T,2026-05-21,2026-07-19,2026-07-20,2026-07-26,98.33333333333333,100.0
T,2026-05-22,2026-07-20,2026-07-21,2026-07-27,98.33333333333333,100.0
T,2026-05-23,2026-07-21,2026-07-22,2026-07-28,98.33333333333333,100.0
T,2026-05-24,2026-07-22,2026-07-23,2026-07-29,98.33333333333333,100.0
T,2026-05-25,2026-07-23,2026-07-24,2026-07-30,98.33333333333333,100.0
T,2026-05-26,2026-07-24,2026-07-25,2026-07-31,98.33333333333333,100.0
T,2026-05-27,2026-07-25,2026-07-26,2026-08-01,98.33333333333333,100.0
T,2026-05-28,2026-07-26,2026-07-27,2026-08-02,98.33333333333333,100.0
T,2026-05-29,2026-07-27,2026-07-28,2026-08-03,98.33333333333333,100.0
T,2026-05-30,2026-07-28,2026-07-29,2026-08-04,98.33333333333333,100.0
T,2026-05-31,2026-07-29,2026-07-30,2026-08-05,98.33333333333333,100.0
T,2026-06-01,2026-07-30,2026-07-31,2026-08-06,98.33333333333333,100.0
T,2026-06-02,2026-07-31,2026-08-01,2026-08-07,98.33333333333333,100.0
T,2026-06-03,2026-08-01,2026-08-02,2026-08-08,98.33333333333333,100.0
T,2026-06-04,2026-08-02,2026-08-03,2026-08-09,98.33333333333333,100.0
T,2026-06-05,2026-08-03,2026-08-04,2026-08-10,98.33333333333333,100.0
T,2026-06-06,2026-08-04,2026-08-05,2026-08-11,98.33333333333333,100.0
T,2026-06-07,2026-08-05,2026-08-06,2026-08-12,98.33333333333333,100.0
T,2026-06-08,2026-08-06,2026-08-07,2026-08-13,98.33333333333333,100.0
T,2026-06-09,2026-08-07,2026-08-08,2026-08-14,98.33333333333333,100.0
T,2026-06-10,2026-08-08,2026-08-09,2026-08-15,98.33333333333333,100.0
T,2026-06-11,2026-08-09,2026-08-10,2026-08-16,98.33333333333333,100.0
T,2026-06-12,2026-08-10,2026-08-11,2026-08-17,98.33333333333333,100.0
T,2026-06-13,2026-08-11,2026-08-12,2026-08-18,98.33333333333333,100.0
T,2026-06-14,2026-08-12,2026-08-13,2026-08-19,98.33333333333333,100.0
T,2026-06-15,2026-08-13,2026-08-14,2026-08-20,98.33333333333333,100.0
T,2026-06-16,2026-08-14,2026-08-15,2026-08-21,98.33333333333333,100.0
T,2026-06-17,2026-08-15,2026-08-16,2026-08-22,98.33333333333333,100.0
T,2026-06-18,2026-08-16,2026-08-17,2026-08-23,98.33333333333333,100.0
T,2026-06-19,2026-08-17,2026-08-18,2026-08-24,98.33333333333333,100.0
T,2026-06-20,2026-08-18,2026-08-19,2026-08-25,98.33333333333333,100.0
T,2026-06-21,2026-08-19,2026-08-20,2026-08-26,98.33333333333333,100.0
T,2026-06-22,2026-08-20,2026-08-21,2026-08-27,98.33333333333333,100.0
T,2026-06-23,2026-08-21,2026-08-22,2026-08-28,98.33333333333333,100.0
T,2026-06-24,2026-08-22,2026-08-23,2026-08-29,98.33333333333333,100.0
T,2026-06-25,2026-08-23,2026-08-24,2026-08-30,100.0,100.0
T,2026-06-26,2026-08-24,2026-08-25,2026-08-31,100.0,100.0
T,2026-06-27,2026-08-25,2026-08-26,2026-09-01,100.0,100.0
T,2026-06-28,2026-08-26,2026-08-27,2026-09-02,100.0,100.0
T,2026-06-29,2026-08-27,2026-08-28,2026-09-03,100.0,100.0
T,2026-06-30,2026-08-28,2026-08-29,2026-09-04,100.0,100.0
T,2026-07-01,2026-08-29,2026-08-30,2026-09-05,100.0,100.0
T,2026-07-02,2026-08-30,2026-08-31,2026-09-06,100.0,100.0
T,2026-07-03,2026-08-31,2026-09-01,2026-09-07,100.0,100.0
T,2026-07-04,2026-09-01,2026-09-02,2026-09-08,100.0,100.0
T,2026-07-05,2026-09-02,2026-09-03,2026-09-09,100.0,100.0
T,2026-07-06,2026-09-03,2026-09-04,2026-09-10,100.0,100.0
T,2026-07-07,2026-09-04,2026-09-05,2026-09-11,100.0,100.0
T,2026-07-08,2026-09-05,2026-09-06,2026-09-12,100.0,100.0
T,2026-07-09,2026-09-06,2026-09-07,2026-09-13,100.0,100.0
T,2026-07-10,2026-09-07,2026-09-08,2026-09-14,100.0,100.0
T,2026-07-11,2026-09-08,2026-09-09,2026-09-15,100.0,100.0
T,2026-07-12,2026-09-09,2026-09-10,2026-09-16,100.0,100.0
T,2026-07-13,2026-09-10,2026-09-11,2026-09-17,100.0,100.0
