openaq_location_id,station_name,urban_ward_code,date,pm25,temperature,relativehumidity,wind_speed,wind_direction,no2,o3,so2,co,complete_9_variables,available_variable_count
6945,"Kurla, Mumbai - MPCB",L,2025-10-11 00:00:00+05:30,65.7,44.5,81.5,41.6,181.99999999999997,4.57,28.3,29.2,0.247,True,9
6945,"Kurla, Mumbai - MPCB",L,2025-10-13 00:00:00+05:30,58.4,45.2,60.6,45.4,173.0,4.39,28.4,29.2,0.228,True,9
6945,"Kurla, Mumbai - MPCB",L,2025-10-15 00:00:00+05:30,55.0,44.5,82.4,43.3,183.99999999999997,6.01,28.3,29.2,0.396,True,9
6945,"Kurla, Mumbai - MPCB",L,2025-10-16 00:00:00+05:30,61.4,45.5,89.5,37.6,146.0,7.84,28.3,29.2,0.57,True,9
6945,"Kurla, Mumbai - MPCB",L,2025-10-17 00:00:00+05:30,44.5,46.1,86.9,39.6,160.0,6.54,28.4,29.2,0.436,True,9
6945,"Kurla, Mumbai - MPCB",L,2025-10-18 00:00:00+05:30,49.7,45.9,81.7,44.6,148.0,4.62,28.2,29.2,0.255,True,9
6945,"Kurla, Mumbai - MPCB",L,2025-10-19 00:00:00+05:30,52.8,45.9,85.1,42.1,156.0,4.11,28.2,29.2,0.201,True,9
6945,"Kurla, Mumbai - MPCB",L,2025-10-20 00:00:00+05:30,65.5,45.8,88.4,43.2,170.0,4.54,28.4,29.2,0.245,True,9
6945,"Kurla, Mumbai - MPCB",L,2025-10-21 00:00:00+05:30,54.0,46.1,84.1,36.3,184.99999999999997,3.74,28.4,29.2,0.165,True,9
6945,"Kurla, Mumbai - MPCB",L,2025-10-22 00:00:00+05:30,43.1,46.1,90.2,32.7,190.0,3.56,28.4,29.2,0.147,True,9
6945,"Kurla, Mumbai - MPCB",L,2025-10-23 00:00:00+05:30,38.7,46.1,88.3,44.3,188.99999999999997,3.4,28.3,29.2,0.13,True,9
6945,"Kurla, Mumbai - MPCB",L,2025-10-24 00:00:00+05:30,40.7,46.0,90.5,42.4,177.0,3.17,28.4,29.2,0.106,True,9
6945,"Kurla, Mumbai - MPCB",L,2025-10-25 00:00:00+05:30,29.4,46.0,95.2,37.7,174.0,3.13,28.4,29.2,0.103,True,9
6945,"Kurla, Mumbai - MPCB",L,2025-10-26 00:00:00+05:30,29.2,45.7,99.4,35.8,179.0,3.65,28.5,29.2,0.155,True,9
6945,"Kurla, Mumbai - MPCB",L,2025-10-27 00:00:00+05:30,27.6,45.7,96.2,31.3,206.99999999999997,3.21,28.5,29.2,0.112,True,9
6945,"Kurla, Mumbai - MPCB",L,2025-10-28 00:00:00+05:30,31.1,45.8,95.2,23.0,192.0,3.06,28.5,29.2,0.0964,True,9
6945,"Kurla, Mumbai - MPCB",L,2025-10-29 00:00:00+05:30,33.0,45.6,93.6,37.3,159.0,3.1,28.5,29.2,0.101,True,9
6945,"Kurla, Mumbai - MPCB",L,2025-10-30 00:00:00+05:30,30.7,45.5,98.1,33.5,134.0,3.3,28.4,29.2,0.121,True,9
6945,"Kurla, Mumbai - MPCB",L,2025-10-31 00:00:00+05:30,29.4,45.3,99.9,35.0,154.0,3.93,28.7,29.2,0.184,True,9
6945,"Kurla, Mumbai - MPCB",L,2025-11-01 00:00:00+05:30,30.4,45.2,99.4,39.5,141.0,3.77,28.3,29.2,0.166,True,9
6945,"Kurla, Mumbai - MPCB",L,2025-11-02 00:00:00+05:30,29.1,45.0,99.9,36.7,144.0,3.59,28.4,29.2,0.15,True,9
6945,"Kurla, Mumbai - MPCB",L,2025-11-03 00:00:00+05:30,33.0,45.0,97.5,37.9,137.0,3.89,28.4,29.2,0.18,True,9
6945,"Kurla, Mumbai - MPCB",L,2025-11-04 00:00:00+05:30,38.8,45.1,98.2,40.5,113.0,3.63,28.4,29.2,0.153,True,9
6945,"Kurla, Mumbai - MPCB",L,2025-11-05 00:00:00+05:30,41.6,45.1,92.5,36.2,106.0,3.34,28.5,29.2,0.123,True,9
6945,"Kurla, Mumbai - MPCB",L,2025-11-06 00:00:00+05:30,43.7,45.0,94.4,33.1,171.0,3.92,28.6,29.2,0.183,True,9
6945,"Kurla, Mumbai - MPCB",L,2025-11-07 00:00:00+05:30,50.5,44.8,87.4,40.6,124.0,4.2,28.5,29.1,0.211,True,9
6945,"Kurla, Mumbai - MPCB",L,2025-11-08 00:00:00+05:30,43.7,44.9,74.7,36.7,171.0,4.17,28.4,29.1,0.21,True,9
6945,"Kurla, Mumbai - MPCB",L,2025-11-09 00:00:00+05:30,47.2,45.0,75.7,29.5,127.00000000000001,4.4,28.4,28.9,0.231,True,9
6945,"Kurla, Mumbai - MPCB",L,2025-11-10 00:00:00+05:30,53.8,44.6,91.7,36.9,87.7,4.96,28.5,29.2,0.284,True,9
6945,"Kurla, Mumbai - MPCB",L,2025-11-11 00:00:00+05:30,52.8,44.6,84.6,29.9,144.0,5.09,28.4,29.2,0.298,True,9
6945,"Kurla, Mumbai - MPCB",L,2025-11-12 00:00:00+05:30,51.1,44.8,70.3,24.6,147.0,5.05,28.4,29.1,0.297,True,9
6945,"Kurla, Mumbai - MPCB",L,2025-11-13 00:00:00+05:30,50.0,44.9,65.6,28.4,162.0,5.25,28.4,29.1,0.318,True,9
6945,"Kurla, Mumbai - MPCB",L,2025-11-14 00:00:00+05:30,53.1,45.0,68.9,28.0,157.0,5.13,28.4,29.2,0.303,True,9
6945,"Kurla, Mumbai - MPCB",L,2025-11-15 00:00:00+05:30,54.2,45.0,66.3,20.4,148.0,5.45,28.4,29.2,0.339,True,9
6945,"Kurla, Mumbai - MPCB",L,2025-11-16 00:00:00+05:30,51.6,45.1,65.5,23.1,134.0,5.36,28.5,29.2,0.326,True,9
6945,"Kurla, Mumbai - MPCB",L,2025-11-17 00:00:00+05:30,48.9,45.2,64.0,19.8,106.0,4.94,28.4,29.2,0.283,True,9
6945,"Kurla, Mumbai - MPCB",L,2025-11-18 00:00:00+05:30,52.3,45.2,71.0,8.98,103.0,4.87,28.5,29.2,0.278,True,9
6945,"Kurla, Mumbai - MPCB",L,2025-11-19 00:00:00+05:30,52.4,45.2,66.3,19.4,125.00000000000001,5.22,28.4,29.2,0.313,True,9
6945,"Kurla, Mumbai - MPCB",L,2025-11-20 00:00:00+05:30,51.1,45.3,67.9,22.1,136.0,5.36,28.4,29.2,0.328,True,9
6945,"Kurla, Mumbai - MPCB",L,2025-11-21 00:00:00+05:30,55.0,45.3,73.7,23.5,114.00000000000001,5.56,28.4,29.2,0.35,True,9
6945,"Kurla, Mumbai - MPCB",L,2025-11-22 00:00:00+05:30,61.5,45.3,76.1,26.4,131.0,6.15,28.3,29.2,0.402,True,9
6945,"Kurla, Mumbai - MPCB",L,2025-11-23 00:00:00+05:30,61.0,45.2,84.9,31.9,147.0,6.49,28.5,29.2,0.44,True,9
6945,"Kurla, Mumbai - MPCB",L,2025-11-24 00:00:00+05:30,60.8,44.9,85.9,41.5,129.0,6.25,28.6,29.2,0.416,True,9
6945,"Kurla, Mumbai - MPCB",L,2025-11-25 00:00:00+05:30,71.0,45.1,92.4,42.8,136.0,7.13,28.3,29.2,0.495,True,9
6945,"Kurla, Mumbai - MPCB",L,2025-11-26 00:00:00+05:30,66.3,45.0,87.6,39.5,121.0,6.36,28.9,29.2,0.428,True,9
6945,"Kurla, Mumbai - MPCB",L,2025-11-27 00:00:00+05:30,62.5,44.9,83.0,39.7,157.0,6.58,28.6,29.2,0.452,True,9
6945,"Kurla, Mumbai - MPCB",L,2025-11-28 00:00:00+05:30,56.8,44.9,83.3,37.4,148.0,7.15,28.6,29.2,0.501,True,9
6945,"Kurla, Mumbai - MPCB",L,2025-11-29 00:00:00+05:30,47.1,44.8,69.0,35.0,165.0,6.35,28.7,29.2,0.422,True,9
6945,"Kurla, Mumbai - MPCB",L,2025-11-30 00:00:00+05:30,46.2,44.7,60.7,27.2,117.0,6.0,28.6,29.2,0.391,True,9
6945,"Kurla, Mumbai - MPCB",L,2025-12-01 00:00:00+05:30,50.7,44.6,67.2,24.8,119.0,6.19,28.5,29.2,0.412,True,9
6945,"Kurla, Mumbai - MPCB",L,2025-12-02 00:00:00+05:30,53.0,44.5,72.3,27.4,146.0,6.97,28.3,29.2,0.476,True,9
6945,"Kurla, Mumbai - MPCB",L,2025-12-03 00:00:00+05:30,51.9,43.0,69.3,29.8,147.0,7.35,28.4,29.2,0.525,True,9
6945,"Kurla, Mumbai - MPCB",L,2025-12-04 00:00:00+05:30,50.5,39.5,69.8,40.6,179.0,6.43,28.4,29.2,0.437,True,9
6945,"Kurla, Mumbai - MPCB",L,2025-12-05 00:00:00+05:30,49.0,39.5,69.6,40.1,164.0,6.25,28.4,29.2,0.416,True,9
6945,"Kurla, Mumbai - MPCB",L,2025-12-06 00:00:00+05:30,46.8,39.4,71.4,40.9,177.0,5.72,28.4,29.2,0.365,True,9
6945,"Kurla, Mumbai - MPCB",L,2025-12-07 00:00:00+05:30,50.1,39.4,71.1,41.6,169.0,5.8,28.4,29.2,0.37,True,9
6945,"Kurla, Mumbai - MPCB",L,2025-12-08 00:00:00+05:30,54.3,39.4,69.3,40.5,171.0,6.06,28.4,29.2,0.396,True,9
6945,"Kurla, Mumbai - MPCB",L,2025-12-09 00:00:00+05:30,44.9,39.5,49.7,40.5,185.99999999999997,6.05,28.4,29.2,0.394,True,9
6945,"Kurla, Mumbai - MPCB",L,2025-12-10 00:00:00+05:30,37.7,39.5,45.7,42.0,179.0,5.37,28.4,29.2,0.332,True,9
6945,"Kurla, Mumbai - MPCB",L,2025-12-11 00:00:00+05:30,46.5,39.6,51.7,42.0,162.0,5.3,28.4,29.2,0.323,True,9
6945,"Kurla, Mumbai - MPCB",L,2025-12-12 00:00:00+05:30,53.9,39.5,60.2,43.4,192.99999999999997,5.0,28.4,29.2,0.288,True,9
6945,"Kurla, Mumbai - MPCB",L,2025-12-13 00:00:00+05:30,59.7,39.5,64.0,43.5,193.99999999999997,5.72,28.4,29.2,0.361,True,9
6945,"Kurla, Mumbai - MPCB",L,2025-12-14 00:00:00+05:30,59.3,39.5,65.0,42.9,194.99999999999997,5.5,28.4,29.2,0.342,True,9
6945,"Kurla, Mumbai - MPCB",L,2025-12-15 00:00:00+05:30,54.2,39.5,62.2,43.3,192.99999999999997,5.42,28.4,29.2,0.333,True,9
6945,"Kurla, Mumbai - MPCB",L,2025-12-16 00:00:00+05:30,54.4,39.5,62.8,43.8,174.0,4.78,28.4,29.2,0.269,True,9
6945,"Kurla, Mumbai - MPCB",L,2025-12-17 00:00:00+05:30,52.1,39.6,61.6,41.2,190.99999999999997,4.93,28.4,29.2,0.285,True,9
6945,"Kurla, Mumbai - MPCB",L,2025-12-18 00:00:00+05:30,54.6,39.8,43.6,37.7,152.0,5.63,28.3,29.2,0.356,True,9
6945,"Kurla, Mumbai - MPCB",L,2025-12-19 00:00:00+05:30,51.9,39.7,42.3,44.1,136.0,5.76,28.5,29.2,0.369,True,9
6945,"Kurla, Mumbai - MPCB",L,2025-12-24 00:00:00+05:30,63.1,39.6,60.3,43.8,131.0,5.49,28.4,29.2,0.333,True,9
6945,"Kurla, Mumbai - MPCB",L,2025-12-25 00:00:00+05:30,53.7,39.5,67.1,43.2,203.99999999999997,5.55,28.4,29.2,0.345,True,9
6945,"Kurla, Mumbai - MPCB",L,2025-12-26 00:00:00+05:30,57.1,39.4,69.7,43.5,178.0,5.78,28.4,29.2,0.368,True,9
6945,"Kurla, Mumbai - MPCB",L,2025-12-27 00:00:00+05:30,54.2,39.4,68.3,43.5,210.99999999999997,5.9,28.4,29.2,0.38,True,9
6945,"Kurla, Mumbai - MPCB",L,2025-12-28 00:00:00+05:30,55.0,39.5,59.7,44.0,158.0,5.63,28.3,29.3,0.353,True,9
6945,"Kurla, Mumbai - MPCB",L,2025-12-29 00:00:00+05:30,57.3,39.4,68.0,43.5,197.0,6.35,28.4,29.2,0.425,True,9
6945,"Kurla, Mumbai - MPCB",L,2025-12-30 00:00:00+05:30,64.0,39.4,71.7,43.3,118.00000000000001,5.42,28.3,29.2,0.332,True,9
6945,"Kurla, Mumbai - MPCB",L,2025-12-31 00:00:00+05:30,57.7,39.3,85.1,43.3,170.0,5.58,28.4,29.2,0.351,True,9
6945,"Kurla, Mumbai - MPCB",L,2026-01-01 00:00:00+05:30,42.8,39.3,90.7,43.0,147.0,4.96,28.4,29.2,0.284,True,9
6945,"Kurla, Mumbai - MPCB",L,2026-01-02 00:00:00+05:30,54.6,38.6,91.7,41.2,125.00000000000001,5.45,28.4,29.2,0.335,True,9
6945,"Kurla, Mumbai - MPCB",L,2026-01-03 00:00:00+05:30,59.8,37.8,85.4,37.3,118.00000000000001,5.74,28.5,29.2,0.365,True,9
6945,"Kurla, Mumbai - MPCB",L,2026-01-04 00:00:00+05:30,62.7,38.2,83.6,37.8,118.00000000000001,6.59,28.4,29.2,0.449,True,9
6945,"Kurla, Mumbai - MPCB",L,2026-01-05 00:00:00+05:30,56.5,38.2,79.5,38.6,128.0,5.79,28.4,29.2,0.373,True,9
6945,"Kurla, Mumbai - MPCB",L,2026-01-06 00:00:00+05:30,61.3,39.2,80.2,43.8,185.99999999999997,6.11,28.4,29.2,0.402,True,9
6945,"Kurla, Mumbai - MPCB",L,2026-01-07 00:00:00+05:30,59.7,39.1,74.9,42.5,153.0,5.58,28.5,29.2,0.346,True,9
6945,"Kurla, Mumbai - MPCB",L,2026-01-08 00:00:00+05:30,57.2,38.9,66.6,42.8,151.0,5.58,28.5,29.2,0.347,True,9
6945,"Kurla, Mumbai - MPCB",L,2026-01-09 00:00:00+05:30,57.5,38.1,68.6,40.6,158.0,5.63,28.3,29.2,0.354,True,9
6945,"Kurla, Mumbai - MPCB",L,2026-01-10 00:00:00+05:30,53.5,37.9,64.5,39.2,204.99999999999997,5.23,28.4,29.2,0.314,True,9
6945,"Kurla, Mumbai - MPCB",L,2026-01-20 00:00:00+05:30,69.4,41.7,87.6,43.6,159.0,6.33,28.3,29.2,0.428,True,9
6945,"Kurla, Mumbai - MPCB",L,2026-01-21 00:00:00+05:30,70.3,41.3,78.3,43.9,167.0,6.32,28.4,29.2,0.423,True,9
6945,"Kurla, Mumbai - MPCB",L,2026-01-22 00:00:00+05:30,67.5,41.9,77.8,43.4,173.0,6.07,28.4,29.2,0.397,True,9
6945,"Kurla, Mumbai - MPCB",L,2026-01-23 00:00:00+05:30,52.4,41.1,90.6,43.5,123.00000000000001,4.66,28.4,29.2,0.256,True,9
6945,"Kurla, Mumbai - MPCB",L,2026-01-24 00:00:00+05:30,54.5,41.4,81.8,43.4,128.0,4.81,28.4,29.2,0.271,True,9
6945,"Kurla, Mumbai - MPCB",L,2026-01-25 00:00:00+05:30,69.4,41.6,84.6,43.7,141.0,5.26,28.5,29.2,0.316,True,9
6945,"Kurla, Mumbai - MPCB",L,2026-01-26 00:00:00+05:30,67.8,41.5,85.5,43.4,154.0,5.95,28.4,29.2,0.386,True,9
6945,"Kurla, Mumbai - MPCB",L,2026-01-27 00:00:00+05:30,45.1,41.4,92.4,43.2,102.0,4.41,28.4,29.2,0.231,True,9
6945,"Kurla, Mumbai - MPCB",L,2026-01-28 00:00:00+05:30,39.3,41.1,79.5,43.3,124.0,4.13,28.4,29.2,0.203,True,9
6945,"Kurla, Mumbai - MPCB",L,2026-01-29 00:00:00+05:30,59.8,41.9,73.4,43.5,179.0,5.38,28.4,29.2,0.329,True,9
6945,"Kurla, Mumbai - MPCB",L,2026-01-30 00:00:00+05:30,68.2,42.3,87.2,43.6,167.0,6.06,28.4,29.2,0.399,True,9
6945,"Kurla, Mumbai - MPCB",L,2026-01-31 00:00:00+05:30,51.6,42.4,99.7,44.2,170.0,5.01,28.5,29.2,0.29,True,9
6945,"Kurla, Mumbai - MPCB",L,2026-02-02 00:00:00+05:30,67.5,42.5,63.9,44.0,145.0,5.71,28.5,29.2,0.363,True,9
6945,"Kurla, Mumbai - MPCB",L,2026-02-03 00:00:00+05:30,70.8,41.8,75.6,44.0,223.0,6.82,28.4,29.2,0.472,True,9
6945,"Kurla, Mumbai - MPCB",L,2026-02-04 00:00:00+05:30,60.6,43.2,63.0,43.9,160.0,5.39,28.3,29.2,0.328,True,9
6945,"Kurla, Mumbai - MPCB",L,2026-02-05 00:00:00+05:30,52.8,42.5,65.5,43.9,169.0,5.8,28.3,29.2,0.371,True,9
6945,"Kurla, Mumbai - MPCB",L,2026-02-06 00:00:00+05:30,44.3,42.7,63.4,43.8,193.99999999999997,5.4,28.5,29.2,0.33,True,9
6945,"Kurla, Mumbai - MPCB",L,2026-02-07 00:00:00+05:30,48.7,43.0,62.4,44.1,177.0,5.61,28.4,29.2,0.351,True,9
6945,"Kurla, Mumbai - MPCB",L,2026-02-08 00:00:00+05:30,40.1,43.0,63.5,44.5,157.0,5.78,28.5,29.2,0.369,True,9
6945,"Kurla, Mumbai - MPCB",L,2026-02-09 00:00:00+05:30,51.2,43.0,72.5,43.1,154.0,5.94,28.4,29.2,0.384,True,9
6945,"Kurla, Mumbai - MPCB",L,2026-02-10 00:00:00+05:30,50.8,43.0,74.7,42.4,110.0,5.05,28.5,29.2,0.296,True,9
6945,"Kurla, Mumbai - MPCB",L,2026-02-11 00:00:00+05:30,61.2,43.0,74.0,43.9,134.0,5.91,28.4,29.2,0.382,True,9
6945,"Kurla, Mumbai - MPCB",L,2026-02-12 00:00:00+05:30,54.6,43.0,75.9,44.0,160.0,6.14,28.4,29.2,0.405,True,9
6945,"Kurla, Mumbai - MPCB",L,2026-02-13 00:00:00+05:30,48.6,42.9,72.8,44.1,156.0,5.65,28.4,29.2,0.356,True,9
6945,"Kurla, Mumbai - MPCB",L,2026-02-14 00:00:00+05:30,59.5,42.1,68.0,43.8,156.0,6.47,28.4,29.2,0.436,True,9
6945,"Kurla, Mumbai - MPCB",L,2026-02-15 00:00:00+05:30,61.7,41.3,68.9,43.3,155.0,7.45,28.4,29.2,0.536,True,9
6945,"Kurla, Mumbai - MPCB",L,2026-02-16 00:00:00+05:30,53.6,39.5,59.1,44.3,83.6,7.46,28.6,29.3,0.523,True,9
6945,"Kurla, Mumbai - MPCB",L,2026-02-17 00:00:00+05:30,42.4,40.0,74.3,43.1,89.8,4.97,28.5,29.2,0.29,True,9
6945,"Kurla, Mumbai - MPCB",L,2026-02-18 00:00:00+05:30,29.7,39.3,85.1,42.1,108.0,4.39,28.5,29.2,0.231,True,9
6945,"Kurla, Mumbai - MPCB",L,2026-02-19 00:00:00+05:30,70.2,39.3,84.5,41.9,92.9,5.08,28.4,29.2,0.298,True,9
6945,"Kurla, Mumbai - MPCB",L,2026-02-20 00:00:00+05:30,81.1,39.3,89.3,42.0,133.0,7.03,28.4,29.2,0.493,True,9
6945,"Kurla, Mumbai - MPCB",L,2026-02-21 00:00:00+05:30,57.8,41.7,61.6,44.6,192.0,7.06,28.4,29.2,0.499,True,9
6945,"Kurla, Mumbai - MPCB",L,2026-02-24 00:00:00+05:30,163.0,41.3,76.5,44.0,97.2,6.56,28.4,29.2,0.499,True,9
6945,"Kurla, Mumbai - MPCB",L,2026-02-25 00:00:00+05:30,266.0,41.3,82.7,43.8,99.8,6.25,28.4,29.2,0.395,True,9
6945,"Kurla, Mumbai - MPCB",L,2026-02-26 00:00:00+05:30,266.0,41.3,86.9,43.4,114.00000000000001,5.02,28.3,29.2,0.29,True,9
6945,"Kurla, Mumbai - MPCB",L,2026-02-27 00:00:00+05:30,176.0,41.2,82.7,43.2,136.0,4.27,28.4,29.2,0.214,True,9
6945,"Kurla, Mumbai - MPCB",L,2026-02-28 00:00:00+05:30,47.9,41.2,84.9,43.4,181.0,4.65,28.4,29.2,0.252,True,9
6945,"Kurla, Mumbai - MPCB",L,2026-03-02 00:00:00+05:30,27.9,41.3,90.4,43.8,108.0,5.01,28.4,29.2,0.293,True,9
6945,"Kurla, Mumbai - MPCB",L,2026-03-03 00:00:00+05:30,160.0,41.4,87.6,44.0,201.0,6.65,28.4,29.2,0.459,True,9
6945,"Kurla, Mumbai - MPCB",L,2026-03-04 00:00:00+05:30,56.4,41.3,95.7,44.2,119.0,7.56,28.4,29.2,0.546,True,9
6945,"Kurla, Mumbai - MPCB",L,2026-03-05 00:00:00+05:30,35.8,41.5,54.8,44.0,199.0,6.56,28.4,29.2,0.45,True,9
6945,"Kurla, Mumbai - MPCB",L,2026-03-06 00:00:00+05:30,36.6,41.5,62.5,44.3,149.0,5.76,28.4,29.2,0.368,True,9
6945,"Kurla, Mumbai - MPCB",L,2026-03-08 00:00:00+05:30,108.0,41.0,57.2,26.3,110.0,5.99,28.3,29.3,0.385,True,9
6945,"Kurla, Mumbai - MPCB",L,2026-03-10 00:00:00+05:30,61.5,42.7,56.5,42.8,65.4,5.57,28.4,29.2,0.351,True,9
6945,"Kurla, Mumbai - MPCB",L,2026-03-11 00:00:00+05:30,56.9,42.7,84.8,44.4,149.0,5.57,28.4,29.2,0.349,True,9
6945,"Kurla, Mumbai - MPCB",L,2026-03-12 00:00:00+05:30,172.0,42.6,92.3,43.9,98.0,5.28,28.4,29.2,0.319,True,9
6945,"Kurla, Mumbai - MPCB",L,2026-03-13 00:00:00+05:30,45.5,42.7,69.5,44.1,142.0,5.14,28.4,25.1,0.304,True,9
6945,"Kurla, Mumbai - MPCB",L,2026-03-14 00:00:00+05:30,45.9,42.7,74.3,43.9,96.4,4.86,28.4,23.4,0.277,True,9
6945,"Kurla, Mumbai - MPCB",L,2026-03-15 00:00:00+05:30,36.1,42.6,86.6,43.7,94.2,3.91,28.4,23.4,0.183,True,9
6945,"Kurla, Mumbai - MPCB",L,2026-03-16 00:00:00+05:30,31.7,42.6,88.9,43.4,108.0,3.86,28.5,23.4,0.168,True,9
6945,"Kurla, Mumbai - MPCB",L,2026-03-17 00:00:00+05:30,35.5,42.5,94.1,44.5,125.00000000000001,4.24,28.6,23.3,0.222,True,9
6945,"Kurla, Mumbai - MPCB",L,2026-03-18 00:00:00+05:30,29.1,42.6,75.7,43.4,71.2,4.09,28.4,23.4,0.199,True,9
6945,"Kurla, Mumbai - MPCB",L,2026-03-19 00:00:00+05:30,20.5,42.6,87.2,43.5,119.99999999999999,3.97,28.4,23.4,0.186,True,9
6945,"Kurla, Mumbai - MPCB",L,2026-03-20 00:00:00+05:30,24.8,42.6,82.5,43.7,121.0,4.08,28.5,23.4,0.199,True,9
6945,"Kurla, Mumbai - MPCB",L,2026-03-21 00:00:00+05:30,25.3,42.6,71.5,43.6,130.0,4.67,28.4,23.4,0.258,True,9
6945,"Kurla, Mumbai - MPCB",L,2026-03-22 00:00:00+05:30,47.9,42.8,62.0,43.7,124.0,5.12,28.3,23.4,0.304,True,9
6945,"Kurla, Mumbai - MPCB",L,2026-03-23 00:00:00+05:30,133.0,42.9,59.3,44.2,110.0,6.26,28.5,23.4,0.416,True,9
6945,"Kurla, Mumbai - MPCB",L,2026-03-24 00:00:00+05:30,43.0,42.9,66.9,43.8,110.0,4.98,28.4,23.4,0.29,True,9
6945,"Kurla, Mumbai - MPCB",L,2026-03-25 00:00:00+05:30,38.0,42.9,79.3,44.0,105.00000000000001,4.37,28.4,23.4,0.228,True,9
6945,"Kurla, Mumbai - MPCB",L,2026-03-26 00:00:00+05:30,47.0,43.0,74.3,43.9,102.0,4.65,28.4,23.4,0.255,True,9
6945,"Kurla, Mumbai - MPCB",L,2026-03-27 00:00:00+05:30,51.2,43.0,70.6,43.9,87.7,5.12,28.4,23.4,0.303,True,9
6945,"Kurla, Mumbai - MPCB",L,2026-03-28 00:00:00+05:30,36.6,42.9,90.3,43.6,94.0,3.92,28.5,23.4,0.182,True,9
6945,"Kurla, Mumbai - MPCB",L,2026-03-29 00:00:00+05:30,18.6,42.8,99.9,43.7,67.3,3.66,28.6,23.4,0.157,True,9
6945,"Kurla, Mumbai - MPCB",L,2026-03-30 00:00:00+05:30,39.8,42.9,89.5,43.3,102.0,4.12,28.4,23.4,0.204,True,9
6945,"Kurla, Mumbai - MPCB",L,2026-03-31 00:00:00+05:30,21.7,42.9,87.9,43.6,102.0,3.79,28.3,23.4,0.17,True,9
6945,"Kurla, Mumbai - MPCB",L,2026-04-01 00:00:00+05:30,31.7,42.9,90.3,43.3,89.1,3.93,28.4,23.4,0.184,True,9
6945,"Kurla, Mumbai - MPCB",L,2026-04-02 00:00:00+05:30,27.6,42.8,89.5,43.5,127.00000000000001,3.95,28.5,23.4,0.186,True,9
6945,"Kurla, Mumbai - MPCB",L,2026-04-03 00:00:00+05:30,37.9,42.9,84.8,43.6,107.0,4.37,28.4,23.4,0.228,True,9
6945,"Kurla, Mumbai - MPCB",L,2026-04-04 00:00:00+05:30,31.9,42.9,87.9,43.7,109.0,3.93,28.5,23.4,0.182,True,9
6945,"Kurla, Mumbai - MPCB",L,2026-04-05 00:00:00+05:30,34.0,42.9,84.8,43.3,81.8,3.97,28.4,23.4,0.188,True,9
6945,"Kurla, Mumbai - MPCB",L,2026-04-06 00:00:00+05:30,23.9,42.9,85.4,43.4,133.0,4.18,28.4,23.4,0.207,True,9
6945,"Kurla, Mumbai - MPCB",L,2026-04-07 00:00:00+05:30,36.7,42.9,86.7,43.8,116.00000000000001,4.06,28.4,23.4,0.196,True,9
6945,"Kurla, Mumbai - MPCB",L,2026-04-08 00:00:00+05:30,38.8,42.9,89.7,43.6,86.1,4.32,28.4,23.4,0.218,True,9
6945,"Kurla, Mumbai - MPCB",L,2026-04-09 00:00:00+05:30,45.2,42.9,79.9,44.0,104.0,4.51,28.4,23.4,0.243,True,9
6945,"Kurla, Mumbai - MPCB",L,2026-04-10 00:00:00+05:30,60.8,42.9,74.2,44.0,94.90000000000002,4.94,28.3,23.4,0.286,True,9
6945,"Kurla, Mumbai - MPCB",L,2026-04-11 00:00:00+05:30,65.9,42.9,85.1,43.8,108.0,5.28,28.4,23.4,0.316,True,9
6945,"Kurla, Mumbai - MPCB",L,2026-04-12 00:00:00+05:30,49.4,42.9,87.0,43.5,95.8,5.16,28.3,23.4,0.31,True,9
6945,"Kurla, Mumbai - MPCB",L,2026-04-13 00:00:00+05:30,49.1,42.9,89.9,43.9,88.3,4.89,28.4,23.4,0.277,True,9
6945,"Kurla, Mumbai - MPCB",L,2026-04-14 00:00:00+05:30,52.3,42.8,90.3,43.9,142.0,4.75,28.4,23.4,0.269,True,9
6945,"Kurla, Mumbai - MPCB",L,2026-04-16 00:00:00+05:30,43.6,42.8,76.3,43.2,79.6,4.15,28.5,23.4,0.201,True,9
6945,"Kurla, Mumbai - MPCB",L,2026-04-17 00:00:00+05:30,44.0,42.7,90.2,43.5,106.0,4.27,28.4,23.3,0.219,True,9
6945,"Kurla, Mumbai - MPCB",L,2026-04-18 00:00:00+05:30,32.0,42.6,91.8,44.0,119.99999999999999,4.27,28.3,23.4,0.219,True,9
6945,"Kurla, Mumbai - MPCB",L,2026-04-19 00:00:00+05:30,117.0,41.9,99.8,43.6,214.0,4.31,28.4,23.4,0.225,True,9
6945,"Kurla, Mumbai - MPCB",L,2026-04-20 00:00:00+05:30,27.5,41.9,98.4,44.4,132.0,4.52,28.5,23.4,0.246,True,9
6945,"Kurla, Mumbai - MPCB",L,2026-04-21 00:00:00+05:30,41.6,42.5,92.0,45.6,174.0,5.84,28.2,23.4,0.383,True,9
6945,"Kurla, Mumbai - MPCB",L,2026-04-22 00:00:00+05:30,38.1,42.1,98.7,45.4,152.0,6.05,28.3,23.4,0.385,True,9
6945,"Kurla, Mumbai - MPCB",L,2026-04-23 00:00:00+05:30,26.1,42.3,67.0,44.6,116.00000000000001,5.15,28.4,23.4,0.317,True,9
6945,"Kurla, Mumbai - MPCB",L,2026-04-24 00:00:00+05:30,91.4,42.2,82.9,42.5,113.0,5.09,28.5,23.4,0.3,True,9
6945,"Kurla, Mumbai - MPCB",L,2026-04-25 00:00:00+05:30,55.6,42.2,78.1,43.2,101.0,5.3,28.4,23.4,0.319,True,9
6945,"Kurla, Mumbai - MPCB",L,2026-04-26 00:00:00+05:30,47.4,42.2,88.7,44.1,98.6,4.93,28.5,23.4,0.283,True,9
6945,"Kurla, Mumbai - MPCB",L,2026-04-27 00:00:00+05:30,36.3,42.2,93.9,44.2,123.00000000000001,4.58,28.4,23.4,0.25,True,9
6945,"Kurla, Mumbai - MPCB",L,2026-04-28 00:00:00+05:30,46.0,42.2,91.6,44.1,94.6,4.59,28.4,23.4,0.251,True,9
6945,"Kurla, Mumbai - MPCB",L,2026-04-29 00:00:00+05:30,35.0,42.2,90.5,43.9,116.00000000000001,4.55,28.5,23.4,0.246,True,9
6945,"Kurla, Mumbai - MPCB",L,2026-04-30 00:00:00+05:30,27.7,42.2,92.2,44.2,115.0,4.64,28.4,23.4,0.256,True,9
6945,"Kurla, Mumbai - MPCB",L,2026-05-01 00:00:00+05:30,19.0,42.2,91.7,44.0,106.0,4.52,28.4,23.4,0.242,True,9
6945,"Kurla, Mumbai - MPCB",L,2026-05-02 00:00:00+05:30,272.0,42.2,91.1,44.1,150.0,4.54,28.5,23.4,0.245,True,9
6945,"Kurla, Mumbai - MPCB",L,2026-05-03 00:00:00+05:30,296.0,42.2,91.9,43.8,152.0,4.7,28.4,23.4,0.26,True,9
6945,"Kurla, Mumbai - MPCB",L,2026-05-04 00:00:00+05:30,182.0,42.2,90.2,43.7,157.0,4.67,28.5,23.4,0.26,True,9
6945,"Kurla, Mumbai - MPCB",L,2026-05-05 00:00:00+05:30,48.1,42.3,87.9,43.8,135.0,4.67,28.5,23.4,0.256,True,9
6945,"Kurla, Mumbai - MPCB",L,2026-05-06 00:00:00+05:30,53.4,42.3,82.9,42.8,88.8,4.64,28.5,23.4,0.254,True,9
6945,"Kurla, Mumbai - MPCB",L,2026-05-07 00:00:00+05:30,33.1,42.3,88.2,43.9,131.0,4.78,28.5,23.4,0.269,True,9
6945,"Kurla, Mumbai - MPCB",L,2026-05-08 00:00:00+05:30,38.0,42.3,88.9,42.4,110.0,4.75,28.4,23.4,0.261,True,9
6945,"Kurla, Mumbai - MPCB",L,2026-05-11 00:00:00+05:30,52.5,42.4,82.4,40.9,75.9,4.87,28.4,23.4,0.274,True,9
6945,"Kurla, Mumbai - MPCB",L,2026-05-12 00:00:00+05:30,41.4,42.3,90.5,43.6,86.3,5.02,28.4,23.4,0.293,True,9
6945,"Kurla, Mumbai - MPCB",L,2026-05-13 00:00:00+05:30,42.3,42.3,92.0,43.8,84.4,4.91,28.5,23.4,0.283,True,9
6945,"Kurla, Mumbai - MPCB",L,2026-05-14 00:00:00+05:30,35.3,42.3,91.8,43.4,96.2,4.82,28.4,23.4,0.274,True,9
6945,"Kurla, Mumbai - MPCB",L,2026-05-15 00:00:00+05:30,33.0,42.3,91.5,43.6,89.9,4.81,28.4,23.4,0.27,True,9
6945,"Kurla, Mumbai - MPCB",L,2026-05-16 00:00:00+05:30,38.1,42.3,92.3,43.6,117.0,4.7,28.5,23.4,0.259,True,9
6945,"Kurla, Mumbai - MPCB",L,2026-05-17 00:00:00+05:30,66.8,42.3,92.6,43.4,106.0,4.92,28.5,23.4,0.283,True,9
6945,"Kurla, Mumbai - MPCB",L,2026-05-18 00:00:00+05:30,275.0,42.3,92.8,43.6,94.5,5.03,28.5,23.3,0.294,True,9
6945,"Kurla, Mumbai - MPCB",L,2026-05-19 00:00:00+05:30,57.4,42.3,91.5,43.8,73.4,5.01,28.4,23.4,0.292,True,9
6945,"Kurla, Mumbai - MPCB",L,2026-05-20 00:00:00+05:30,50.2,42.3,89.8,44.1,98.30000000000001,4.88,28.4,23.4,0.279,True,9
6945,"Kurla, Mumbai - MPCB",L,2026-05-21 00:00:00+05:30,55.6,42.3,91.2,43.6,84.0,4.9,28.4,23.4,0.281,True,9
6945,"Kurla, Mumbai - MPCB",L,2026-05-22 00:00:00+05:30,38.8,42.3,91.9,44.3,122.0,4.9,28.4,23.4,0.279,True,9
6945,"Kurla, Mumbai - MPCB",L,2026-05-23 00:00:00+05:30,38.4,42.4,90.8,43.8,94.3,4.94,28.4,23.4,0.282,True,9
6945,"Kurla, Mumbai - MPCB",L,2026-05-24 00:00:00+05:30,31.6,42.4,90.9,43.5,81.7,4.87,28.5,23.4,0.277,True,9
6945,"Kurla, Mumbai - MPCB",L,2026-05-25 00:00:00+05:30,42.6,42.4,92.2,43.2,82.2,4.78,28.4,23.3,0.269,True,9
6945,"Kurla, Mumbai - MPCB",L,2026-05-26 00:00:00+05:30,42.5,42.4,90.6,42.6,71.5,4.9,28.4,23.4,0.283,True,9
6945,"Kurla, Mumbai - MPCB",L,2026-05-27 00:00:00+05:30,34.7,42.4,89.6,43.4,66.6,4.84,28.5,23.4,0.274,True,9
6945,"Kurla, Mumbai - MPCB",L,2026-05-28 00:00:00+05:30,32.3,42.5,87.1,43.3,85.6,4.76,28.4,23.4,0.269,True,9
6945,"Kurla, Mumbai - MPCB",L,2026-05-29 00:00:00+05:30,35.5,42.5,87.7,43.6,83.4,4.87,28.4,23.4,0.278,True,9
6945,"Kurla, Mumbai - MPCB",L,2026-05-30 00:00:00+05:30,46.4,42.4,88.7,43.3,83.8,4.85,28.4,23.4,0.275,True,9
6945,"Kurla, Mumbai - MPCB",L,2026-05-31 00:00:00+05:30,38.0,42.3,90.8,43.5,89.2,4.9,28.4,23.4,0.279,True,9
6945,"Kurla, Mumbai - MPCB",L,2026-06-01 00:00:00+05:30,29.6,42.4,87.9,43.3,71.3,4.94,28.4,23.4,0.287,True,9
6945,"Kurla, Mumbai - MPCB",L,2026-06-02 00:00:00+05:30,38.5,42.4,87.5,43.7,97.8,4.88,28.4,23.4,0.279,True,9
6945,"Kurla, Mumbai - MPCB",L,2026-06-03 00:00:00+05:30,30.6,42.3,90.7,44.3,153.0,5.12,28.4,23.4,0.304,True,9
6945,"Kurla, Mumbai - MPCB",L,2026-06-04 00:00:00+05:30,29.9,42.4,89.8,44.0,102.0,5.06,28.4,23.4,0.295,True,9
6945,"Kurla, Mumbai - MPCB",L,2026-06-09 00:00:00+05:30,78.1,42.5,87.7,42.2,67.3,4.7,28.4,23.4,0.259,True,9
6945,"Kurla, Mumbai - MPCB",L,2026-06-10 00:00:00+05:30,40.5,43.0,90.5,41.9,91.8,4.66,28.4,23.4,0.258,True,9
6945,"Kurla, Mumbai - MPCB",L,2026-06-11 00:00:00+05:30,43.9,43.4,89.2,43.8,85.3,4.8,28.4,23.4,0.271,True,9
6945,"Kurla, Mumbai - MPCB",L,2026-06-12 00:00:00+05:30,46.7,43.3,90.6,43.7,83.9,4.74,28.4,23.4,0.265,True,9
6945,"Kurla, Mumbai - MPCB",L,2026-06-13 00:00:00+05:30,43.6,43.3,90.7,43.3,83.7,4.65,28.4,23.4,0.254,True,9
6945,"Kurla, Mumbai - MPCB",L,2026-06-14 00:00:00+05:30,39.4,43.2,88.6,43.3,80.5,4.75,28.4,23.4,0.268,True,9
6945,"Kurla, Mumbai - MPCB",L,2026-06-15 00:00:00+05:30,31.7,43.1,87.5,43.1,92.0,4.7,28.5,23.4,0.259,True,9
6945,"Kurla, Mumbai - MPCB",L,2026-06-16 00:00:00+05:30,32.7,42.3,86.6,43.1,71.5,4.7,28.4,23.4,0.261,True,9
6945,"Kurla, Mumbai - MPCB",L,2026-06-17 00:00:00+05:30,37.0,42.4,85.4,43.1,81.5,4.8,28.4,23.4,0.271,True,9
6945,"Kurla, Mumbai - MPCB",L,2026-06-18 00:00:00+05:30,31.1,42.4,84.6,43.2,79.2,4.82,28.4,23.4,0.272,True,9
6945,"Kurla, Mumbai - MPCB",L,2026-06-19 00:00:00+05:30,25.7,42.4,83.0,43.7,83.4,4.87,28.4,23.4,0.277,True,9
6945,"Kurla, Mumbai - MPCB",L,2026-06-20 00:00:00+05:30,30.5,42.3,84.4,43.4,102.0,4.77,28.4,23.4,0.267,True,9
6945,"Kurla, Mumbai - MPCB",L,2026-06-21 00:00:00+05:30,24.8,42.3,88.7,43.8,105.00000000000001,4.89,28.4,23.4,0.279,True,9
6945,"Kurla, Mumbai - MPCB",L,2026-06-22 00:00:00+05:30,22.2,42.3,92.0,43.9,138.0,5.08,28.4,23.4,0.299,True,9
6945,"Kurla, Mumbai - MPCB",L,2026-06-23 00:00:00+05:30,8.48,42.1,99.9,43.7,239.0,5.2,28.5,23.4,0.312,True,9
6945,"Kurla, Mumbai - MPCB",L,2026-06-25 00:00:00+05:30,22.6,42.3,99.9,43.1,336.0,5.27,28.4,23.3,0.316,True,9
6945,"Kurla, Mumbai - MPCB",L,2026-06-26 00:00:00+05:30,27.7,42.3,95.8,43.9,170.0,5.21,28.5,23.4,0.311,True,9
6945,"Kurla, Mumbai - MPCB",L,2026-06-27 00:00:00+05:30,20.6,42.3,93.0,44.2,119.99999999999999,5.27,28.4,23.4,0.318,True,9
6945,"Kurla, Mumbai - MPCB",L,2026-06-28 00:00:00+05:30,,42.4,95.9,43.9,124.0,5.05,28.3,23.4,0.293,False,8
6945,"Kurla, Mumbai - MPCB",L,2026-06-29 00:00:00+05:30,,42.3,99.8,42.9,149.0,5.1,28.5,23.4,0.3,False,8
6945,"Kurla, Mumbai - MPCB",L,2026-06-30 00:00:00+05:30,,41.7,99.9,43.8,233.0,5.33,28.4,23.4,0.321,False,8
6945,"Kurla, Mumbai - MPCB",L,2026-07-01 00:00:00+05:30,,40.2,99.9,42.4,180.0,5.27,28.4,23.4,0.318,False,8
6945,"Kurla, Mumbai - MPCB",L,2026-07-02 00:00:00+05:30,,39.4,99.9,41.4,143.0,5.47,28.4,23.4,0.337,False,8
6945,"Kurla, Mumbai - MPCB",L,2026-07-03 00:00:00+05:30,,37.7,99.9,23.0,158.0,5.35,28.4,23.4,0.327,False,8
6945,"Kurla, Mumbai - MPCB",L,2026-07-04 00:00:00+05:30,,37.8,99.9,32.3,144.0,5.36,28.4,23.4,0.328,False,8
6945,"Kurla, Mumbai - MPCB",L,2026-07-05 00:00:00+05:30,,37.6,99.9,28.0,153.0,4.95,28.3,23.4,0.286,False,8
6945,"Kurla, Mumbai - MPCB",L,2026-07-06 00:00:00+05:30,,37.6,99.9,29.1,156.0,4.9,28.4,23.4,0.282,False,8
6945,"Kurla, Mumbai - MPCB",L,2026-07-07 00:00:00+05:30,,36.8,99.9,16.3,170.0,4.9,28.4,23.4,0.281,False,8
6945,"Kurla, Mumbai - MPCB",L,2026-07-08 00:00:00+05:30,,35.5,99.9,6.28,239.0,4.95,28.3,23.4,0.285,False,8
6945,"Kurla, Mumbai - MPCB",L,2026-07-09 00:00:00+05:30,65.2,36.8,98.4,5.12,175.0,5.45,28.4,23.4,0.34,True,9
6945,"Kurla, Mumbai - MPCB",L,2026-07-10 00:00:00+05:30,54.5,36.8,96.5,10.4,181.0,5.2,28.4,23.4,0.31,True,9
6945,"Kurla, Mumbai - MPCB",L,2026-07-11 00:00:00+05:30,49.9,36.5,96.6,6.9,169.0,5.22,28.4,23.4,0.311,True,9
6945,"Kurla, Mumbai - MPCB",L,2026-07-12 00:00:00+05:30,47.6,36.0,94.2,4.72,167.0,5.16,28.4,23.4,0.306,True,9
6945,"Kurla, Mumbai - MPCB",L,2026-07-13 00:00:00+05:30,38.4,35.8,92.7,2.32,181.0,5.2,28.4,23.4,0.311,True,9
6945,"Kurla, Mumbai - MPCB",L,2026-07-14 00:00:00+05:30,41.2,36.0,92.2,5.58,164.0,5.15,28.4,23.4,0.305,True,9
6945,"Kurla, Mumbai - MPCB",L,2026-07-15 00:00:00+05:30,37.0,36.0,96.2,3.29,155.0,5.48,28.4,23.4,0.338,True,9
6945,"Kurla, Mumbai - MPCB",L,2026-07-16 00:00:00+05:30,37.7,36.0,97.5,6.82,155.0,7.08,28.4,23.4,0.5,True,9
6945,"Kurla, Mumbai - MPCB",L,2026-07-17 00:00:00+05:30,35.7,36.0,98.8,9.84,173.0,7.08,28.4,23.4,0.5,True,9
6945,"Kurla, Mumbai - MPCB",L,2026-07-18 00:00:00+05:30,30.1,35.8,99.2,6.05,169.0,7.09,28.4,23.4,0.5,True,9
6945,"Kurla, Mumbai - MPCB",L,2026-07-19 00:00:00+05:30,27.6,35.7,99.7,11.7,157.0,7.08,28.4,23.4,0.5,True,9
6945,"Kurla, Mumbai - MPCB",L,2026-07-20 00:00:00+05:30,21.3,36.5,99.9,15.8,169.0,7.09,28.4,23.4,0.5,True,9
6945,"Kurla, Mumbai - MPCB",L,2026-07-21 00:00:00+05:30,32.3,38.3,99.6,26.3,147.0,7.1,28.4,23.4,0.5,True,9
6945,"Kurla, Mumbai - MPCB",L,2026-07-22 00:00:00+05:30,20.3,38.5,99.9,32.0,123.00000000000001,7.1,28.4,23.4,0.5,True,9
6945,"Kurla, Mumbai - MPCB",L,2026-07-23 00:00:00+05:30,18.5,38.5,99.9,31.1,131.0,7.1,28.4,23.4,0.5,True,9
6945,"Kurla, Mumbai - MPCB",L,2026-07-24 00:00:00+05:30,24.6,39.6,99.9,41.3,89.0,7.1,28.4,23.4,0.5,True,9
6945,"Kurla, Mumbai - MPCB",L,2026-07-25 00:00:00+05:30,28.7,39.9,99.4,41.1,91.3,7.1,28.4,23.4,0.5,True,9
6945,"Kurla, Mumbai - MPCB",L,2026-07-26 00:00:00+05:30,29.7,39.8,99.8,41.4,106.0,7.1,28.4,23.4,0.5,True,9
6945,"Kurla, Mumbai - MPCB",L,2026-07-27 00:00:00+05:30,28.9,39.7,99.9,41.6,86.4,7.1,28.4,23.4,0.5,True,9
6945,"Kurla, Mumbai - MPCB",L,2026-07-28 00:00:00+05:30,37.9,39.7,99.7,38.7,99.6,7.1,28.4,23.4,0.5,True,9
6945,"Kurla, Mumbai - MPCB",L,2026-07-29 00:00:00+05:30,42.5,39.7,99.8,38.3,92.2,7.1,28.4,23.4,0.5,True,9
6945,"Kurla, Mumbai - MPCB",L,2026-08-04 00:00:00+05:30,28.2,38.5,99.9,32.8,102.0,7.08,28.4,23.4,0.5,True,9
6945,"Kurla, Mumbai - MPCB",L,2026-08-05 00:00:00+05:30,25.7,38.8,99.9,37.1,102.0,7.1,28.4,23.4,0.5,True,9
6945,"Kurla, Mumbai - MPCB",L,2026-08-06 00:00:00+05:30,28.9,39.0,99.7,33.5,123.00000000000001,7.1,28.4,23.4,0.5,True,9
6945,"Kurla, Mumbai - MPCB",L,2026-08-07 00:00:00+05:30,28.6,40.9,97.7,41.6,82.4,7.1,28.4,23.4,0.5,True,9
6945,"Kurla, Mumbai - MPCB",L,2026-08-08 00:00:00+05:30,33.5,41.4,98.6,43.0,84.3,7.1,28.4,23.4,0.5,True,9
6945,"Kurla, Mumbai - MPCB",L,2026-08-09 00:00:00+05:30,31.4,41.5,98.6,43.1,101.0,7.09,28.3,23.4,0.5,True,9
6945,"Kurla, Mumbai - MPCB",L,2026-08-10 00:00:00+05:30,26.2,41.5,98.5,42.8,66.6,7.1,28.4,23.4,0.5,True,9
6945,"Kurla, Mumbai - MPCB",L,2026-08-11 00:00:00+05:30,19.1,41.4,99.9,43.2,161.0,7.1,28.4,23.4,0.5,True,9
6945,"Kurla, Mumbai - MPCB",L,2026-08-12 00:00:00+05:30,24.8,41.3,99.2,43.1,91.4,7.1,28.4,23.4,0.5,True,9
6945,"Kurla, Mumbai - MPCB",L,2026-08-13 00:00:00+05:30,24.4,41.2,99.9,43.4,87.6,7.08,28.4,23.4,0.5,True,9
6945,"Kurla, Mumbai - MPCB",L,2026-08-14 00:00:00+05:30,30.2,40.3,98.4,41.4,87.10000000000001,7.08,28.4,23.4,0.5,True,9
6945,"Kurla, Mumbai - MPCB",L,2026-08-15 00:00:00+05:30,12.1,39.6,99.9,43.6,82.7,7.07,28.4,23.4,0.5,True,9
6945,"Kurla, Mumbai - MPCB",L,2026-08-16 00:00:00+05:30,21.1,40.0,97.3,42.7,92.6,7.08,28.4,23.4,0.5,True,9
6945,"Kurla, Mumbai - MPCB",L,2026-08-17 00:00:00+05:30,26.5,40.0,99.7,43.6,95.9,7.07,28.4,23.4,0.5,True,9
6945,"Kurla, Mumbai - MPCB",L,2026-08-18 00:00:00+05:30,24.1,40.1,99.5,42.2,72.7,7.07,28.4,23.4,0.5,True,9
6945,"Kurla, Mumbai - MPCB",L,2026-08-19 00:00:00+05:30,25.1,40.1,97.9,41.2,98.9,7.07,28.4,23.4,0.5,True,9
6945,"Kurla, Mumbai - MPCB",L,2026-08-20 00:00:00+05:30,22.6,40.0,98.1,42.6,89.1,7.07,28.3,23.4,0.5,True,9
6945,"Kurla, Mumbai - MPCB",L,2026-08-21 00:00:00+05:30,28.7,40.0,98.6,41.3,87.9,7.07,28.4,23.4,0.5,True,9
6945,"Kurla, Mumbai - MPCB",L,2026-08-22 00:00:00+05:30,26.7,40.0,98.6,41.7,89.1,7.08,28.4,23.4,0.5,True,9
6945,"Kurla, Mumbai - MPCB",L,2026-08-23 00:00:00+05:30,22.5,39.8,98.0,37.6,96.4,7.09,28.4,23.4,0.5,True,9
6945,"Kurla, Mumbai - MPCB",L,2026-08-24 00:00:00+05:30,21.8,39.4,98.5,37.5,99.9,7.09,28.3,23.4,0.5,True,9
6945,"Kurla, Mumbai - MPCB",L,2026-08-25 00:00:00+05:30,25.9,39.3,97.9,32.1,115.0,7.07,28.4,23.4,0.5,True,9
6945,"Kurla, Mumbai - MPCB",L,2026-08-26 00:00:00+05:30,27.0,39.1,96.2,33.0,97.3,7.07,28.4,23.4,0.5,True,9
6945,"Kurla, Mumbai - MPCB",L,2026-08-27 00:00:00+05:30,23.4,39.2,97.9,33.8,107.0,7.07,28.4,23.4,0.5,True,9
6945,"Kurla, Mumbai - MPCB",L,2026-08-28 00:00:00+05:30,17.2,39.3,99.9,41.9,65.9,7.08,28.9,23.4,0.5,True,9
6945,"Kurla, Mumbai - MPCB",L,2026-08-29 00:00:00+05:30,16.7,39.2,99.9,38.9,80.5,7.07,28.4,23.4,0.5,True,9
6945,"Kurla, Mumbai - MPCB",L,2026-08-30 00:00:00+05:30,,38.9,95.4,24.7,133.0,7.07,28.3,23.4,0.5,False,8
6945,"Kurla, Mumbai - MPCB",L,2026-08-31 00:00:00+05:30,,38.9,95.9,29.4,125.00000000000001,7.07,28.4,23.4,0.5,False,8
6945,"Kurla, Mumbai - MPCB",L,2026-09-01 00:00:00+05:30,,38.8,97.7,26.6,122.0,7.07,28.4,23.4,0.5,False,8
6945,"Kurla, Mumbai - MPCB",L,2026-09-02 00:00:00+05:30,,38.8,98.4,33.5,96.5,7.06,28.4,23.4,0.5,False,8
6945,"Kurla, Mumbai - MPCB",L,2026-09-03 00:00:00+05:30,,39.0,98.0,36.7,112.0,7.07,28.4,23.4,0.5,False,8
6945,"Kurla, Mumbai - MPCB",L,2026-09-04 00:00:00+05:30,,39.2,95.0,36.7,87.8,7.07,28.4,23.4,0.5,False,8
6945,"Kurla, Mumbai - MPCB",L,2026-09-05 00:00:00+05:30,,38.1,97.3,26.7,119.0,7.07,28.4,23.4,0.5,False,8
6945,"Kurla, Mumbai - MPCB",L,2026-09-06 00:00:00+05:30,,38.5,98.9,29.9,119.0,7.07,28.4,23.4,0.5,False,8
6945,"Kurla, Mumbai - MPCB",L,2026-09-07 00:00:00+05:30,,39.0,95.8,33.1,96.3,7.07,28.4,23.4,0.5,False,8
6945,"Kurla, Mumbai - MPCB",L,2026-09-08 00:00:00+05:30,47.0,38.8,93.1,28.3,115.0,7.07,28.4,23.4,0.5,True,9
6945,"Kurla, Mumbai - MPCB",L,2026-09-09 00:00:00+05:30,29.2,38.8,93.5,28.3,111.0,7.07,28.4,23.4,0.5,True,9
6945,"Kurla, Mumbai - MPCB",L,2026-09-10 00:00:00+05:30,21.5,39.0,97.2,33.3,102.0,7.07,28.4,23.4,0.5,True,9
6945,"Kurla, Mumbai - MPCB",L,2026-09-11 00:00:00+05:30,21.9,39.0,96.4,34.1,122.0,7.07,28.4,23.4,0.5,True,9
6945,"Kurla, Mumbai - MPCB",L,2026-09-12 00:00:00+05:30,23.0,38.8,96.9,34.3,119.0,7.07,28.4,23.4,0.5,True,9
6945,"Kurla, Mumbai - MPCB",L,2026-09-13 00:00:00+05:30,9.51,38.2,99.9,40.7,149.0,7.07,28.4,23.4,0.5,True,9
6945,"Kurla, Mumbai - MPCB",L,2026-09-14 00:00:00+05:30,13.6,38.5,98.2,34.5,121.0,7.07,28.4,23.4,0.5,True,9
6945,"Kurla, Mumbai - MPCB",L,2026-09-15 00:00:00+05:30,12.2,38.4,99.4,35.8,151.0,7.07,28.4,23.4,0.5,True,9
6945,"Kurla, Mumbai - MPCB",L,2026-09-16 00:00:00+05:30,18.3,38.4,96.6,34.8,161.0,7.07,28.4,23.4,0.5,True,9
6945,"Kurla, Mumbai - MPCB",L,2026-09-17 00:00:00+05:30,22.8,38.9,94.9,33.1,152.0,7.07,28.4,23.4,0.5,True,9
6956,"Powai, Mumbai - MPCB",S,2025-10-11 00:00:00+05:30,62.1,22.3,68.9,1.76,146.0,6.06,8.76,23.8,0.27,True,9
6956,"Powai, Mumbai - MPCB",S,2025-10-13 00:00:00+05:30,126.0,22.0,53.4,1.31,181.0,6.08,8.76,22.5,0.279,True,9
6956,"Powai, Mumbai - MPCB",S,2025-10-14 00:00:00+05:30,55.8,22.0,50.4,1.37,172.0,6.0,8.76,21.8,0.281,True,9
6956,"Powai, Mumbai - MPCB",S,2025-10-15 00:00:00+05:30,64.4,22.0,53.7,1.35,185.99999999999997,6.05,8.76,21.9,0.285,True,9
6956,"Powai, Mumbai - MPCB",S,2025-10-16 00:00:00+05:30,52.0,21.9,62.9,1.19,190.99999999999997,6.04,8.76,22.0,0.29,True,9
6956,"Powai, Mumbai - MPCB",S,2025-10-17 00:00:00+05:30,41.7,21.8,62.8,1.16,192.99999999999997,6.08,8.76,21.9,0.293,True,9
6956,"Powai, Mumbai - MPCB",S,2025-10-18 00:00:00+05:30,61.1,21.7,50.0,1.16,192.0,6.06,8.76,21.9,0.294,True,9
6956,"Powai, Mumbai - MPCB",S,2025-10-20 00:00:00+05:30,143.0,22.0,45.8,1.16,192.99999999999997,6.09,8.76,22.1,0.306,True,9
6956,"Powai, Mumbai - MPCB",S,2025-10-21 00:00:00+05:30,108.0,21.9,59.2,1.16,192.0,6.07,8.77,22.0,0.305,True,9
6956,"Powai, Mumbai - MPCB",S,2025-10-22 00:00:00+05:30,63.2,21.8,64.0,1.14,185.99999999999997,6.03,8.77,22.0,0.308,True,9
6956,"Powai, Mumbai - MPCB",S,2025-10-23 00:00:00+05:30,53.0,21.9,46.3,1.15,192.99999999999997,5.98,8.76,22.1,0.311,True,9
6956,"Powai, Mumbai - MPCB",S,2025-10-24 00:00:00+05:30,25.8,20.9,61.6,1.15,192.99999999999997,6.0,8.76,22.3,0.319,True,9
6956,"Powai, Mumbai - MPCB",S,2025-10-25 00:00:00+05:30,19.1,20.7,68.4,1.16,192.99999999999997,6.02,8.76,22.5,0.317,True,9
6956,"Powai, Mumbai - MPCB",S,2025-10-26 00:00:00+05:30,21.8,20.6,68.9,1.16,192.99999999999997,6.1,8.77,22.3,0.317,True,9
6956,"Powai, Mumbai - MPCB",S,2025-10-27 00:00:00+05:30,16.2,20.7,68.8,1.16,192.99999999999997,6.01,8.76,22.4,0.32,True,9
6956,"Powai, Mumbai - MPCB",S,2025-10-28 00:00:00+05:30,27.9,20.6,65.5,1.16,192.99999999999997,6.05,8.76,22.4,0.318,True,9
6956,"Powai, Mumbai - MPCB",S,2025-10-29 00:00:00+05:30,33.5,20.7,58.1,1.16,192.0,6.07,8.76,22.5,0.319,True,9
6956,"Powai, Mumbai - MPCB",S,2025-10-30 00:00:00+05:30,23.5,20.6,68.9,1.16,192.99999999999997,6.12,8.77,22.3,0.32,True,9
6956,"Powai, Mumbai - MPCB",S,2025-10-31 00:00:00+05:30,21.5,20.6,68.9,1.16,192.99999999999997,6.04,8.76,22.4,0.324,True,9
6956,"Powai, Mumbai - MPCB",S,2025-11-01 00:00:00+05:30,20.6,20.6,68.9,1.16,192.99999999999997,6.01,8.76,22.5,0.327,True,9
6956,"Powai, Mumbai - MPCB",S,2025-11-02 00:00:00+05:30,19.5,20.6,68.9,1.16,192.99999999999997,6.0,8.76,22.5,0.327,True,9
6956,"Powai, Mumbai - MPCB",S,2025-11-03 00:00:00+05:30,20.2,20.6,68.9,1.16,192.99999999999997,6.03,8.76,22.9,0.329,True,9
6956,"Powai, Mumbai - MPCB",S,2025-11-04 00:00:00+05:30,25.5,20.6,68.9,1.16,192.0,6.04,8.77,22.1,0.331,True,9
6956,"Powai, Mumbai - MPCB",S,2025-11-05 00:00:00+05:30,24.7,20.6,58.4,1.16,192.0,6.07,8.76,22.3,0.331,True,9
6956,"Powai, Mumbai - MPCB",S,2025-11-06 00:00:00+05:30,53.1,21.1,64.3,1.16,192.99999999999997,5.97,8.76,22.3,0.326,True,9
6956,"Powai, Mumbai - MPCB",S,2025-11-07 00:00:00+05:30,60.1,21.1,54.1,1.16,192.0,6.01,8.76,22.2,0.329,True,9
6956,"Powai, Mumbai - MPCB",S,2025-11-08 00:00:00+05:30,41.1,21.0,54.9,1.2,188.99999999999997,6.04,8.76,22.2,0.329,True,9
6956,"Powai, Mumbai - MPCB",S,2025-11-09 00:00:00+05:30,39.5,21.1,47.2,1.4,184.99999999999997,6.07,8.76,22.3,0.33,True,9
6956,"Powai, Mumbai - MPCB",S,2025-11-10 00:00:00+05:30,60.3,21.0,61.6,1.47,180.0,6.06,8.76,22.5,0.33,True,9
6956,"Powai, Mumbai - MPCB",S,2025-11-11 00:00:00+05:30,60.3,21.1,49.5,1.37,188.99999999999997,6.02,8.76,22.4,0.331,True,9
6956,"Powai, Mumbai - MPCB",S,2025-11-12 00:00:00+05:30,61.6,21.2,35.5,1.41,178.0,6.13,8.76,22.3,0.331,True,9
6956,"Powai, Mumbai - MPCB",S,2025-11-13 00:00:00+05:30,59.8,21.2,36.7,1.34,184.99999999999997,6.13,8.76,22.2,0.34,True,9
6956,"Powai, Mumbai - MPCB",S,2025-11-14 00:00:00+05:30,66.5,21.2,42.7,1.46,181.0,6.04,8.76,22.5,0.34,True,9
6956,"Powai, Mumbai - MPCB",S,2025-11-15 00:00:00+05:30,66.8,21.2,41.5,1.51,183.99999999999997,6.07,8.76,22.6,0.34,True,9
6956,"Powai, Mumbai - MPCB",S,2025-11-16 00:00:00+05:30,66.9,21.2,39.3,1.47,186.99999999999997,6.05,8.76,22.5,0.34,True,9
6956,"Powai, Mumbai - MPCB",S,2025-11-17 00:00:00+05:30,76.8,21.1,36.1,1.45,188.99999999999997,6.09,8.76,22.5,0.341,True,9
6956,"Powai, Mumbai - MPCB",S,2025-11-18 00:00:00+05:30,82.8,21.1,45.8,1.64,175.0,6.04,8.76,22.4,0.343,True,9
6956,"Powai, Mumbai - MPCB",S,2025-11-19 00:00:00+05:30,81.0,21.2,43.7,1.54,177.0,6.04,8.76,22.5,0.346,True,9
6956,"Powai, Mumbai - MPCB",S,2025-11-20 00:00:00+05:30,75.0,21.2,43.0,1.5,166.0,6.09,8.76,22.5,0.347,True,9
6956,"Powai, Mumbai - MPCB",S,2025-11-21 00:00:00+05:30,86.0,21.3,43.9,1.49,182.99999999999997,6.05,8.76,22.5,0.348,True,9
6956,"Powai, Mumbai - MPCB",S,2025-11-22 00:00:00+05:30,87.3,21.2,44.2,1.26,188.99999999999997,6.08,8.76,22.6,0.349,True,9
6956,"Powai, Mumbai - MPCB",S,2025-11-23 00:00:00+05:30,93.4,21.2,51.5,1.24,185.99999999999997,6.06,8.76,22.6,0.351,True,9
6956,"Powai, Mumbai - MPCB",S,2025-11-24 00:00:00+05:30,92.9,21.1,51.9,1.16,192.99999999999997,6.1,8.76,22.6,0.35,True,9
6956,"Powai, Mumbai - MPCB",S,2025-11-25 00:00:00+05:30,106.0,21.2,58.7,1.16,192.99999999999997,6.02,8.76,22.7,0.352,True,9
6956,"Powai, Mumbai - MPCB",S,2025-11-26 00:00:00+05:30,85.6,21.1,52.0,1.16,192.99999999999997,6.11,8.76,22.7,0.355,True,9
6956,"Powai, Mumbai - MPCB",S,2025-11-27 00:00:00+05:30,47.1,21.1,49.4,1.16,192.99999999999997,6.08,8.76,22.7,0.346,True,9
6956,"Powai, Mumbai - MPCB",S,2025-11-28 00:00:00+05:30,39.0,21.1,48.9,1.18,190.99999999999997,6.1,8.76,22.7,0.3,True,9
6956,"Powai, Mumbai - MPCB",S,2025-11-29 00:00:00+05:30,29.3,21.2,44.7,1.26,188.99999999999997,6.05,8.76,22.7,0.3,True,9
6956,"Powai, Mumbai - MPCB",S,2025-11-30 00:00:00+05:30,28.6,21.0,37.3,1.48,172.0,6.12,8.76,22.7,0.3,True,9
6956,"Powai, Mumbai - MPCB",S,2025-12-01 00:00:00+05:30,35.6,21.1,41.6,1.49,179.0,6.11,8.76,22.8,0.3,True,9
6956,"Powai, Mumbai - MPCB",S,2025-12-02 00:00:00+05:30,34.2,21.2,39.6,1.32,180.0,6.05,8.76,22.8,0.3,True,9
6956,"Powai, Mumbai - MPCB",S,2025-12-03 00:00:00+05:30,36.9,21.2,43.8,1.48,168.0,6.04,8.76,22.8,0.3,True,9
6956,"Powai, Mumbai - MPCB",S,2025-12-04 00:00:00+05:30,38.8,21.2,42.2,1.25,185.99999999999997,6.05,8.76,22.7,0.3,True,9
6956,"Powai, Mumbai - MPCB",S,2025-12-05 00:00:00+05:30,34.9,21.2,40.5,1.16,192.99999999999997,6.09,8.76,22.7,0.3,True,9
6956,"Powai, Mumbai - MPCB",S,2025-12-06 00:00:00+05:30,32.8,21.2,44.3,1.18,190.99999999999997,6.04,8.76,22.7,0.3,True,9
6956,"Powai, Mumbai - MPCB",S,2025-12-07 00:00:00+05:30,36.2,21.1,33.8,1.23,186.99999999999997,6.04,8.76,22.7,0.3,True,9
6956,"Powai, Mumbai - MPCB",S,2025-12-09 00:00:00+05:30,16.5,21.2,18.5,1.35,186.99999999999997,6.01,8.76,22.8,,False,8
6956,"Powai, Mumbai - MPCB",S,2025-12-10 00:00:00+05:30,17.9,21.2,24.8,1.45,184.99999999999997,6.07,8.76,22.8,,False,8
6956,"Powai, Mumbai - MPCB",S,2025-12-11 00:00:00+05:30,18.0,21.2,27.8,1.49,174.0,6.04,8.76,22.9,,False,8
6956,"Powai, Mumbai - MPCB",S,2025-12-12 00:00:00+05:30,210.0,20.9,36.8,1.47,179.0,6.05,8.76,23.0,,False,8
6956,"Powai, Mumbai - MPCB",S,2025-12-13 00:00:00+05:30,394.0,21.2,40.7,1.52,173.0,6.07,8.76,23.0,,False,8
6956,"Powai, Mumbai - MPCB",S,2025-12-14 00:00:00+05:30,394.0,21.2,39.9,1.45,178.0,6.06,8.76,23.1,,False,8
6956,"Powai, Mumbai - MPCB",S,2025-12-15 00:00:00+05:30,394.0,21.2,39.4,1.47,183.99999999999997,6.04,8.76,23.0,,False,8
6956,"Powai, Mumbai - MPCB",S,2025-12-16 00:00:00+05:30,394.0,21.2,35.4,1.49,178.0,6.04,8.76,23.0,,False,8
6956,"Powai, Mumbai - MPCB",S,2025-12-17 00:00:00+05:30,394.0,21.2,36.5,1.38,183.99999999999997,6.07,8.76,23.0,,False,8
6956,"Powai, Mumbai - MPCB",S,2025-12-18 00:00:00+05:30,394.0,21.3,35.3,1.48,175.0,6.07,8.77,23.0,,False,8
6956,"Powai, Mumbai - MPCB",S,2025-12-19 00:00:00+05:30,,21.3,31.6,1.51,182.99999999999997,6.04,8.77,23.1,,False,7
6956,"Powai, Mumbai - MPCB",S,2025-12-20 00:00:00+05:30,,21.3,29.3,1.52,171.0,6.08,8.77,23.2,,False,7
6956,"Powai, Mumbai - MPCB",S,2025-12-21 00:00:00+05:30,,21.4,26.4,1.62,168.0,6.07,8.76,23.2,,False,7
6956,"Powai, Mumbai - MPCB",S,2025-12-22 00:00:00+05:30,94.3,21.2,33.5,1.51,173.0,6.05,8.76,23.1,,False,8
6956,"Powai, Mumbai - MPCB",S,2025-12-23 00:00:00+05:30,78.2,21.3,27.5,1.46,169.0,6.11,8.76,23.2,,False,8
6956,"Powai, Mumbai - MPCB",S,2025-12-24 00:00:00+05:30,61.9,21.3,27.5,1.48,168.0,6.06,8.77,23.2,,False,8
6956,"Powai, Mumbai - MPCB",S,2025-12-25 00:00:00+05:30,93.1,21.3,39.1,1.52,168.0,6.01,8.76,23.2,,False,8
6956,"Powai, Mumbai - MPCB",S,2025-12-26 00:00:00+05:30,110.0,21.3,41.1,1.47,169.0,6.06,8.76,23.3,,False,8
6956,"Powai, Mumbai - MPCB",S,2025-12-27 00:00:00+05:30,,21.4,43.9,1.5,166.0,6.08,8.76,23.3,,False,7
6956,"Powai, Mumbai - MPCB",S,2025-12-28 00:00:00+05:30,73.0,21.4,43.1,1.55,166.0,6.07,8.76,23.3,,False,8
6956,"Powai, Mumbai - MPCB",S,2025-12-29 00:00:00+05:30,81.3,21.4,41.2,1.51,166.0,6.07,8.76,23.3,,False,8
6956,"Powai, Mumbai - MPCB",S,2025-12-30 00:00:00+05:30,84.3,21.4,49.4,1.53,164.0,6.03,8.77,23.4,,False,8
6956,"Powai, Mumbai - MPCB",S,2025-12-31 00:00:00+05:30,51.7,21.4,52.5,1.49,167.0,6.05,8.77,23.5,,False,8
6956,"Powai, Mumbai - MPCB",S,2026-01-01 00:00:00+05:30,13.1,21.5,56.6,1.52,164.0,6.1,8.77,23.5,,False,8
6956,"Powai, Mumbai - MPCB",S,2026-01-02 00:00:00+05:30,19.8,21.4,58.3,1.48,167.0,6.04,8.8,23.4,,False,8
6956,"Powai, Mumbai - MPCB",S,2026-01-03 00:00:00+05:30,19.8,21.4,52.7,1.49,169.0,6.06,,23.4,,False,7
6956,"Powai, Mumbai - MPCB",S,2026-01-04 00:00:00+05:30,24.1,21.4,55.8,1.45,170.0,6.07,,23.4,,False,7
6956,"Powai, Mumbai - MPCB",S,2026-01-05 00:00:00+05:30,21.8,21.4,51.8,1.37,177.0,6.01,,23.3,,False,7
6956,"Powai, Mumbai - MPCB",S,2026-01-06 00:00:00+05:30,27.1,21.3,48.9,1.4,174.0,6.04,,23.5,,False,7
6956,"Powai, Mumbai - MPCB",S,2026-01-07 00:00:00+05:30,24.5,21.3,45.0,1.47,169.0,6.07,,23.4,,False,7
6956,"Powai, Mumbai - MPCB",S,2026-01-08 00:00:00+05:30,18.2,21.4,37.2,1.5,166.0,6.06,,23.4,,False,7
6956,"Powai, Mumbai - MPCB",S,2026-01-09 00:00:00+05:30,17.1,21.3,39.6,1.49,181.0,6.04,,23.4,,False,7
6956,"Powai, Mumbai - MPCB",S,2026-01-10 00:00:00+05:30,17.1,21.4,32.5,1.48,197.0,6.05,,23.5,,False,7
6956,"Powai, Mumbai - MPCB",S,2026-01-20 00:00:00+05:30,18.9,21.1,67.4,1.16,192.0,6.09,,55.5,,False,7
6956,"Powai, Mumbai - MPCB",S,2026-01-21 00:00:00+05:30,20.1,21.3,46.5,1.4,185.99999999999997,6.07,,61.2,,False,7
6956,"Powai, Mumbai - MPCB",S,2026-01-22 00:00:00+05:30,20.5,21.6,42.9,1.31,180.0,6.08,,67.3,,False,7
6956,"Powai, Mumbai - MPCB",S,2026-01-23 00:00:00+05:30,21.5,21.5,56.1,1.43,188.99999999999997,6.09,,60.5,,False,7
6956,"Powai, Mumbai - MPCB",S,2026-01-24 00:00:00+05:30,21.3,21.5,59.9,1.63,159.0,5.98,,59.1,,False,7
6956,"Powai, Mumbai - MPCB",S,2026-01-26 00:00:00+05:30,47.9,21.5,39.4,1.16,192.99999999999997,6.04,,80.0,,False,7
6956,"Powai, Mumbai - MPCB",S,2026-01-27 00:00:00+05:30,27.3,21.4,57.8,1.45,185.99999999999997,6.1,,73.5,,False,7
6956,"Powai, Mumbai - MPCB",S,2026-01-28 00:00:00+05:30,19.9,21.4,45.7,1.4,174.0,6.11,,72.8,,False,7
6956,"Powai, Mumbai - MPCB",S,2026-01-29 00:00:00+05:30,32.9,21.3,44.4,1.39,188.99999999999997,6.03,,84.4,,False,7
6956,"Powai, Mumbai - MPCB",S,2026-01-30 00:00:00+05:30,44.0,21.2,53.4,1.16,192.0,6.07,,157.0,,False,7
6956,"Powai, Mumbai - MPCB",S,2026-01-31 00:00:00+05:30,40.9,21.3,59.3,1.23,181.0,6.02,,154.0,,False,7
6956,"Powai, Mumbai - MPCB",S,2026-02-01 00:00:00+05:30,47.9,21.5,50.1,1.37,176.0,6.05,,163.0,,False,7
6956,"Powai, Mumbai - MPCB",S,2026-02-02 00:00:00+05:30,51.4,21.4,39.2,1.34,184.99999999999997,6.04,,196.0,,False,7
6956,"Powai, Mumbai - MPCB",S,2026-02-03 00:00:00+05:30,49.3,21.4,41.6,1.16,192.0,6.0,,210.0,,False,7
6956,"Powai, Mumbai - MPCB",S,2026-02-04 00:00:00+05:30,44.7,21.3,35.1,1.16,192.0,6.09,,,,False,6
6956,"Powai, Mumbai - MPCB",S,2026-02-05 00:00:00+05:30,44.6,21.4,32.4,1.16,192.0,6.03,,,,False,6
6956,"Powai, Mumbai - MPCB",S,2026-02-06 00:00:00+05:30,42.1,21.4,30.0,1.16,192.0,5.97,,,,False,6
6956,"Powai, Mumbai - MPCB",S,2026-02-07 00:00:00+05:30,37.5,21.6,31.0,1.26,184.99999999999997,6.05,,,,False,6
6956,"Powai, Mumbai - MPCB",S,2026-02-08 00:00:00+05:30,35.5,21.3,32.3,1.16,192.0,6.01,,,,False,6
6956,"Powai, Mumbai - MPCB",S,2026-02-09 00:00:00+05:30,39.4,21.5,38.4,1.29,181.99999999999997,6.04,,,,False,6
6956,"Powai, Mumbai - MPCB",S,2026-02-10 00:00:00+05:30,36.0,21.5,41.5,1.33,182.99999999999997,6.09,,,,False,6
6956,"Powai, Mumbai - MPCB",S,2026-02-11 00:00:00+05:30,41.2,21.6,41.9,1.33,182.99999999999997,6.05,,,,False,6
6956,"Powai, Mumbai - MPCB",S,2026-02-12 00:00:00+05:30,40.0,21.4,43.2,1.21,188.0,6.0,,,,False,6
6956,"Powai, Mumbai - MPCB",S,2026-02-13 00:00:00+05:30,42.1,21.5,42.8,1.16,192.0,5.98,,,,False,6
6956,"Powai, Mumbai - MPCB",S,2026-02-14 00:00:00+05:30,77.8,21.6,31.3,1.19,194.99999999999997,4.9,,,,False,6
6956,"Powai, Mumbai - MPCB",S,2026-02-15 00:00:00+05:30,37.8,21.4,26.5,1.16,192.0,5.57,,,,False,6
6956,"Powai, Mumbai - MPCB",S,2026-02-16 00:00:00+05:30,27.2,21.1,39.1,1.16,192.0,5.65,,,,False,6
6956,"Powai, Mumbai - MPCB",S,2026-02-17 00:00:00+05:30,123.0,21.2,33.9,1.16,192.0,5.75,,,,False,6
6956,"Powai, Mumbai - MPCB",S,2026-02-18 00:00:00+05:30,102.0,21.1,47.2,1.16,192.0,5.78,,,,False,6
6956,"Powai, Mumbai - MPCB",S,2026-02-19 00:00:00+05:30,105.0,21.0,48.2,1.16,192.0,5.81,,,,False,6
6956,"Powai, Mumbai - MPCB",S,2026-02-20 00:00:00+05:30,139.0,21.0,52.4,1.16,192.0,5.82,,,,False,6
6956,"Powai, Mumbai - MPCB",S,2026-02-21 00:00:00+05:30,131.0,21.1,32.6,1.16,192.0,5.77,,,,False,6
6956,"Powai, Mumbai - MPCB",S,2026-02-23 00:00:00+05:30,109.0,28.3,25.5,1.16,192.0,5.87,,12.0,,False,7
6956,"Powai, Mumbai - MPCB",S,2026-02-24 00:00:00+05:30,127.0,28.2,37.5,1.16,192.0,5.83,,12.0,,False,7
6956,"Powai, Mumbai - MPCB",S,2026-02-25 00:00:00+05:30,130.0,28.3,39.2,1.16,192.0,5.86,,7.16,,False,7
6956,"Powai, Mumbai - MPCB",S,2026-02-26 00:00:00+05:30,7.69,28.3,54.0,1.16,192.0,5.87,,10.7,,False,7
6956,"Powai, Mumbai - MPCB",S,2026-02-27 00:00:00+05:30,24.7,28.3,49.0,1.16,192.0,5.85,8.75,10.8,,False,8
6956,"Powai, Mumbai - MPCB",S,2026-02-28 00:00:00+05:30,24.3,28.4,45.6,1.16,192.0,5.87,8.76,10.4,,False,8
6956,"Powai, Mumbai - MPCB",S,2026-03-01 00:00:00+05:30,25.8,28.5,50.0,1.16,192.0,5.85,8.76,8.89,,False,8
6956,"Powai, Mumbai - MPCB",S,2026-03-02 00:00:00+05:30,29.7,28.3,50.1,1.16,192.0,5.85,8.76,0.0675,,False,8
6956,"Powai, Mumbai - MPCB",S,2026-03-03 00:00:00+05:30,74.5,28.4,45.3,1.16,192.0,5.86,8.76,0.0145,,False,8
6956,"Powai, Mumbai - MPCB",S,2026-03-04 00:00:00+05:30,46.2,28.8,25.4,1.16,192.0,5.84,8.76,0.0164,,False,8
6956,"Powai, Mumbai - MPCB",S,2026-03-05 00:00:00+05:30,31.2,28.8,13.9,1.16,192.0,5.9,8.76,0.00946,,False,8
6956,"Powai, Mumbai - MPCB",S,2026-03-06 00:00:00+05:30,36.4,28.6,18.3,1.16,192.0,5.87,8.76,0.00802,,False,8
6956,"Powai, Mumbai - MPCB",S,2026-03-07 00:00:00+05:30,34.7,28.4,48.9,1.16,192.0,5.84,8.77,0.008,,False,8
6956,"Powai, Mumbai - MPCB",S,2026-03-08 00:00:00+05:30,55.9,28.8,28.8,1.16,192.99999999999997,5.88,8.76,0.0147,,False,8
6956,"Powai, Mumbai - MPCB",S,2026-03-09 00:00:00+05:30,58.3,28.8,17.8,1.21,190.99999999999997,5.92,8.76,0.0119,,False,8
6956,"Powai, Mumbai - MPCB",S,2026-03-10 00:00:00+05:30,58.4,28.7,16.5,1.25,190.99999999999997,5.86,8.76,0.0158,,False,8
6956,"Powai, Mumbai - MPCB",S,2026-03-11 00:00:00+05:30,66.8,28.5,47.6,1.16,192.0,5.9,8.77,0.0109,,False,8
6956,"Powai, Mumbai - MPCB",S,2026-03-12 00:00:00+05:30,47.8,28.6,50.4,1.16,192.0,5.93,8.77,4.8,,False,8
6956,"Powai, Mumbai - MPCB",S,2026-03-13 00:00:00+05:30,33.2,28.7,30.9,1.16,192.0,5.96,8.76,9.71,,False,8
6956,"Powai, Mumbai - MPCB",S,2026-03-14 00:00:00+05:30,23.3,28.6,28.9,1.16,192.0,5.91,8.76,12.7,,False,8
6956,"Powai, Mumbai - MPCB",S,2026-03-15 00:00:00+05:30,25.2,28.5,48.2,1.16,192.0,5.92,8.76,10.6,,False,8
6956,"Powai, Mumbai - MPCB",S,2026-03-16 00:00:00+05:30,20.2,28.7,49.7,1.16,192.0,5.99,8.76,9.61,,False,8
6956,"Powai, Mumbai - MPCB",S,2026-03-17 00:00:00+05:30,21.5,28.5,49.6,1.16,192.0,5.94,8.76,9.49,,False,8
6956,"Powai, Mumbai - MPCB",S,2026-03-18 00:00:00+05:30,19.4,28.2,47.9,1.16,192.0,5.93,8.77,9.27,,False,8
6956,"Powai, Mumbai - MPCB",S,2026-03-19 00:00:00+05:30,11.9,28.2,50.1,1.16,192.0,5.93,8.76,9.25,,False,8
6956,"Powai, Mumbai - MPCB",S,2026-03-20 00:00:00+05:30,20.5,28.3,46.9,1.16,192.0,5.89,8.77,9.22,,False,8
6956,"Powai, Mumbai - MPCB",S,2026-03-21 00:00:00+05:30,25.4,28.5,36.2,1.16,192.0,5.95,8.76,9.12,,False,8
6956,"Powai, Mumbai - MPCB",S,2026-03-22 00:00:00+05:30,52.2,28.5,24.4,1.16,192.0,5.96,8.76,8.7,,False,8
6956,"Powai, Mumbai - MPCB",S,2026-03-23 00:00:00+05:30,45.8,28.4,21.6,1.16,192.0,5.88,8.76,16.5,,False,8
6956,"Powai, Mumbai - MPCB",S,2026-03-24 00:00:00+05:30,37.6,28.5,24.2,1.16,192.0,5.91,8.76,10.6,,False,8
6956,"Powai, Mumbai - MPCB",S,2026-03-25 00:00:00+05:30,30.4,28.6,38.5,1.16,192.0,6.01,8.76,8.52,,False,8
6956,"Powai, Mumbai - MPCB",S,2026-03-26 00:00:00+05:30,30.3,28.3,65.6,1.16,192.0,5.94,8.76,8.17,,False,8
6956,"Powai, Mumbai - MPCB",S,2026-03-27 00:00:00+05:30,42.1,28.8,20.7,1.16,192.99999999999997,5.86,8.76,5.9,,False,8
6956,"Powai, Mumbai - MPCB",S,2026-03-28 00:00:00+05:30,21.8,28.6,50.3,1.16,192.0,5.89,8.76,7.77,,False,8
6956,"Powai, Mumbai - MPCB",S,2026-03-30 00:00:00+05:30,15.4,28.7,51.0,1.16,192.99999999999997,5.92,8.77,7.32,,False,8
6956,"Powai, Mumbai - MPCB",S,2026-03-31 00:00:00+05:30,7.41,28.6,51.1,1.16,192.0,5.92,8.73,7.91,,False,8
6956,"Powai, Mumbai - MPCB",S,2026-04-01 00:00:00+05:30,16.2,28.6,53.5,1.16,192.0,5.98,8.77,5.78,,False,8
6956,"Powai, Mumbai - MPCB",S,2026-04-02 00:00:00+05:30,12.8,28.5,52.3,1.16,192.0,5.92,8.76,4.95,,False,8
6956,"Powai, Mumbai - MPCB",S,2026-04-03 00:00:00+05:30,30.6,28.5,47.3,1.16,192.0,5.95,8.72,4.69,,False,8
6956,"Powai, Mumbai - MPCB",S,2026-04-04 00:00:00+05:30,13.0,28.6,49.6,1.16,192.0,5.94,8.77,5.45,,False,8
6956,"Powai, Mumbai - MPCB",S,2026-04-05 00:00:00+05:30,13.8,28.7,49.4,1.16,192.0,5.98,8.77,6.06,,False,8
6956,"Powai, Mumbai - MPCB",S,2026-04-06 00:00:00+05:30,15.0,28.6,52.2,1.16,192.0,5.94,8.77,5.11,,False,8
6956,"Powai, Mumbai - MPCB",S,2026-04-07 00:00:00+05:30,15.0,28.8,52.3,1.16,192.99999999999997,5.93,8.73,4.57,,False,8
6956,"Powai, Mumbai - MPCB",S,2026-04-08 00:00:00+05:30,15.3,28.9,53.6,1.16,192.0,5.95,8.77,4.5,,False,8
6956,"Powai, Mumbai - MPCB",S,2026-04-09 00:00:00+05:30,23.1,28.9,40.6,1.16,192.0,5.96,8.77,4.64,,False,8
6956,"Powai, Mumbai - MPCB",S,2026-04-10 00:00:00+05:30,36.8,28.9,38.0,1.16,192.0,5.99,8.76,4.32,,False,8
6956,"Powai, Mumbai - MPCB",S,2026-04-11 00:00:00+05:30,43.4,28.9,46.5,1.16,192.0,5.93,8.77,5.35,,False,8
6956,"Powai, Mumbai - MPCB",S,2026-04-12 00:00:00+05:30,36.6,28.9,49.9,1.16,192.0,5.96,8.76,5.72,,False,8
6956,"Powai, Mumbai - MPCB",S,2026-04-13 00:00:00+05:30,33.8,28.9,57.2,1.16,192.99999999999997,5.97,8.76,4.64,,False,8
6956,"Powai, Mumbai - MPCB",S,2026-04-14 00:00:00+05:30,40.4,28.9,42.1,1.16,192.99999999999997,5.98,8.77,5.06,,False,8
6956,"Powai, Mumbai - MPCB",S,2026-04-15 00:00:00+05:30,19.6,28.8,45.0,1.16,192.0,5.98,8.76,4.78,,False,8
6956,"Powai, Mumbai - MPCB",S,2026-04-16 00:00:00+05:30,19.5,28.8,51.7,1.16,192.0,5.85,8.76,3.72,,False,8
6956,"Powai, Mumbai - MPCB",S,2026-04-17 00:00:00+05:30,20.3,28.8,54.6,1.16,192.0,5.96,8.77,3.56,,False,8
6956,"Powai, Mumbai - MPCB",S,2026-04-18 00:00:00+05:30,28.8,28.8,49.5,1.16,192.99999999999997,5.93,8.76,5.05,,False,8
6956,"Powai, Mumbai - MPCB",S,2026-04-19 00:00:00+05:30,25.6,28.9,38.8,1.16,192.99999999999997,5.95,8.77,14.3,,False,8
6956,"Powai, Mumbai - MPCB",S,2026-04-20 00:00:00+05:30,24.6,28.9,53.3,1.16,192.0,5.92,8.77,5.32,,False,8
6956,"Powai, Mumbai - MPCB",S,2026-04-21 00:00:00+05:30,32.6,28.9,45.7,1.16,192.0,5.93,8.76,3.35,,False,8
6956,"Powai, Mumbai - MPCB",S,2026-04-22 00:00:00+05:30,24.8,28.7,48.6,1.16,192.0,5.98,8.77,4.28,,False,8
6956,"Powai, Mumbai - MPCB",S,2026-04-23 00:00:00+05:30,26.0,28.8,40.5,1.16,192.0,5.91,8.77,15.9,,False,8
6956,"Powai, Mumbai - MPCB",S,2026-04-24 00:00:00+05:30,22.9,28.8,45.8,1.16,192.0,6.03,8.77,6.4,,False,8
6956,"Powai, Mumbai - MPCB",S,2026-04-28 00:00:00+05:30,218.0,28.3,63.4,1.16,192.0,3.87,,13.3,,False,7
6956,"Powai, Mumbai - MPCB",S,2026-04-29 00:00:00+05:30,21.0,28.8,54.3,1.16,192.0,4.81,,2.25,,False,7
6956,"Powai, Mumbai - MPCB",S,2026-04-30 00:00:00+05:30,17.4,29.0,56.7,1.16,192.99999999999997,5.01,,0.0107,,False,7
6956,"Powai, Mumbai - MPCB",S,2026-05-01 00:00:00+05:30,100.0,29.0,55.5,1.16,192.99999999999997,5.18,,0.0126,,False,7
6956,"Powai, Mumbai - MPCB",S,2026-05-02 00:00:00+05:30,,29.0,56.1,1.16,192.99999999999997,5.31,,0.0103,,False,6
6956,"Powai, Mumbai - MPCB",S,2026-05-03 00:00:00+05:30,,29.1,55.9,1.16,192.99999999999997,5.45,,0.0204,,False,6
6956,"Powai, Mumbai - MPCB",S,2026-05-04 00:00:00+05:30,,29.1,54.9,1.16,192.99999999999997,5.44,,0.0114,,False,6
6956,"Powai, Mumbai - MPCB",S,2026-05-05 00:00:00+05:30,,29.2,48.7,1.16,192.0,5.48,,0.00632,,False,6
6956,"Powai, Mumbai - MPCB",S,2026-05-07 00:00:00+05:30,145.0,29.5,31.3,1.16,192.0,5.41,8.77,0.02,,False,8
6956,"Powai, Mumbai - MPCB",S,2026-05-08 00:00:00+05:30,,29.3,50.2,1.16,192.0,5.49,8.77,0.0717,,False,7
6956,"Powai, Mumbai - MPCB",S,2026-05-09 00:00:00+05:30,26.5,29.5,44.4,1.16,192.0,5.56,8.76,0.229,,False,8
6956,"Powai, Mumbai - MPCB",S,2026-05-10 00:00:00+05:30,26.1,29.5,45.9,1.16,190.99999999999997,5.59,8.77,0.324,,False,8
6956,"Powai, Mumbai - MPCB",S,2026-05-11 00:00:00+05:30,21.6,29.7,47.8,1.2,192.0,5.6,8.77,0.141,,False,8
6956,"Powai, Mumbai - MPCB",S,2026-05-12 00:00:00+05:30,16.9,29.6,58.0,1.16,192.0,5.65,8.76,0.0222,,False,8
6956,"Powai, Mumbai - MPCB",S,2026-05-13 00:00:00+05:30,12.5,29.6,52.4,1.16,192.0,5.72,8.77,0.00865,,False,8
6956,"Powai, Mumbai - MPCB",S,2026-05-14 00:00:00+05:30,10.6,29.5,54.7,1.16,192.0,5.69,8.77,4.98,,False,8
6956,"Powai, Mumbai - MPCB",S,2026-05-15 00:00:00+05:30,9.89,29.6,48.4,1.16,192.0,5.65,8.77,2.68,,False,8
6956,"Powai, Mumbai - MPCB",S,2026-05-16 00:00:00+05:30,5.84,29.8,52.7,1.19,190.99999999999997,5.69,8.77,2.29,,False,8
6956,"Powai, Mumbai - MPCB",S,2026-05-17 00:00:00+05:30,8.28,29.9,56.4,1.17,192.0,5.72,8.76,0.0123,,False,8
6956,"Powai, Mumbai - MPCB",S,2026-05-18 00:00:00+05:30,10.4,29.9,57.6,1.17,192.0,5.65,8.77,3.91,,False,8
6956,"Powai, Mumbai - MPCB",S,2026-05-19 00:00:00+05:30,10.6,29.9,57.1,1.42,184.99999999999997,5.65,8.76,10.1,,False,8
6956,"Powai, Mumbai - MPCB",S,2026-05-20 00:00:00+05:30,7.69,29.9,55.1,1.44,180.0,5.6,8.77,15.3,,False,8
6956,"Powai, Mumbai - MPCB",S,2026-05-21 00:00:00+05:30,6.21,29.9,52.3,1.22,188.0,5.73,8.81,12.7,,False,8
6956,"Powai, Mumbai - MPCB",S,2026-05-22 00:00:00+05:30,6.85,29.9,58.6,1.27,185.99999999999997,5.68,8.84,10.3,,False,8
6956,"Powai, Mumbai - MPCB",S,2026-05-23 00:00:00+05:30,449.0,30.0,56.5,1.29,183.99999999999997,5.74,8.84,11.6,,False,8
6956,"Powai, Mumbai - MPCB",S,2026-05-24 00:00:00+05:30,2.17,30.0,56.3,1.29,183.99999999999997,5.68,8.81,8.78,,False,8
6956,"Powai, Mumbai - MPCB",S,2026-05-25 00:00:00+05:30,3.04,30.0,56.3,1.28,184.99999999999997,5.72,8.83,11.9,,False,8
6956,"Powai, Mumbai - MPCB",S,2026-05-26 00:00:00+05:30,3.6,29.9,51.6,1.26,183.99999999999997,5.71,8.77,14.2,,False,8
6956,"Powai, Mumbai - MPCB",S,2026-05-27 00:00:00+05:30,4.3,30.0,55.9,1.26,185.99999999999997,5.73,8.77,15.4,,False,8
6956,"Powai, Mumbai - MPCB",S,2026-05-28 00:00:00+05:30,5.64,30.0,51.4,1.35,179.0,5.72,8.77,13.8,,False,8
6956,"Powai, Mumbai - MPCB",S,2026-05-29 00:00:00+05:30,8.22,30.0,51.0,1.31,182.99999999999997,5.76,8.77,12.6,,False,8
6956,"Powai, Mumbai - MPCB",S,2026-05-30 00:00:00+05:30,9.29,30.0,52.2,1.31,181.0,5.78,,13.8,,False,7
6956,"Powai, Mumbai - MPCB",S,2026-05-31 00:00:00+05:30,5.76,29.9,65.3,1.16,192.0,5.78,,13.0,,False,7
6956,"Powai, Mumbai - MPCB",S,2026-06-02 00:00:00+05:30,12.1,28.5,45.4,1.16,192.0,4.63,,13.6,,False,7
6956,"Powai, Mumbai - MPCB",S,2026-06-03 00:00:00+05:30,11.6,28.7,52.4,1.16,192.0,5.06,,10.2,,False,7
6956,"Powai, Mumbai - MPCB",S,2026-06-04 00:00:00+05:30,11.6,28.7,53.2,1.16,192.99999999999997,5.22,,9.92,,False,7
6956,"Powai, Mumbai - MPCB",S,2026-06-05 00:00:00+05:30,10.9,29.0,53.9,1.16,192.0,5.28,,7.72,,False,7
6956,"Powai, Mumbai - MPCB",S,2026-06-06 00:00:00+05:30,10.7,29.4,52.4,1.16,192.0,5.31,,8.06,,False,7
6956,"Powai, Mumbai - MPCB",S,2026-06-07 00:00:00+05:30,13.0,29.3,52.6,1.16,192.0,5.38,,6.12,,False,7
6956,"Powai, Mumbai - MPCB",S,2026-06-08 00:00:00+05:30,12.9,28.9,53.6,1.16,192.0,5.41,,5.36,,False,7
6956,"Powai, Mumbai - MPCB",S,2026-06-09 00:00:00+05:30,15.4,28.7,52.6,1.16,192.0,5.51,,6.89,,False,7
6956,"Powai, Mumbai - MPCB",S,2026-06-10 00:00:00+05:30,14.6,27.8,52.4,1.16,176.0,5.42,,6.71,,False,7
6956,"Powai, Mumbai - MPCB",S,2026-06-11 00:00:00+05:30,12.2,26.9,50.4,1.13,24.1,5.54,,6.93,,False,7
6956,"Powai, Mumbai - MPCB",S,2026-06-12 00:00:00+05:30,11.3,26.6,52.2,1.13,13.3,5.56,,5.38,,False,7
6956,"Powai, Mumbai - MPCB",S,2026-06-13 00:00:00+05:30,10.8,27.0,51.6,1.13,13.3,5.58,,5.09,,False,7
6956,"Powai, Mumbai - MPCB",S,2026-06-14 00:00:00+05:30,7.33,26.8,50.7,1.13,20.8,5.6,,6.2,,False,7
6956,"Powai, Mumbai - MPCB",S,2026-06-15 00:00:00+05:30,6.9,27.2,50.5,1.14,63.10000000000001,5.6,,5.73,,False,7
6956,"Powai, Mumbai - MPCB",S,2026-06-16 00:00:00+05:30,8.03,27.2,50.3,1.15,107.0,5.67,,7.02,,False,7
6956,"Powai, Mumbai - MPCB",S,2026-06-17 00:00:00+05:30,7.22,27.3,49.2,1.14,57.79999999999999,5.59,,5.8,,False,7
6956,"Powai, Mumbai - MPCB",S,2026-06-18 00:00:00+05:30,6.23,27.3,50.3,1.14,78.10000000000001,5.64,,4.82,,False,7
6956,"Powai, Mumbai - MPCB",S,2026-06-19 00:00:00+05:30,6.74,27.5,46.8,1.14,86.0,5.57,,11.6,,False,7
6956,"Powai, Mumbai - MPCB",S,2026-06-20 00:00:00+05:30,7.04,27.4,48.0,1.14,74.4,5.57,,18.0,,False,7
6956,"Powai, Mumbai - MPCB",S,2026-06-21 00:00:00+05:30,5.1,27.2,54.0,1.13,35.3,5.6,,19.0,,False,7
6956,"Powai, Mumbai - MPCB",S,2026-06-22 00:00:00+05:30,112.0,26.9,57.9,1.13,28.899999999999995,4.9,8.77,16.8,,False,8
6956,"Powai, Mumbai - MPCB",S,2026-06-23 00:00:00+05:30,7.43,26.8,68.9,1.13,11.899999999999999,,8.77,11.6,,False,7
6956,"Powai, Mumbai - MPCB",S,2026-06-25 00:00:00+05:30,10.4,27.0,68.8,1.15,19.1,,8.77,19.9,,False,7
6956,"Powai, Mumbai - MPCB",S,2026-06-26 00:00:00+05:30,154.0,26.9,68.2,1.12,40.0,,8.78,19.8,,False,7
6956,"Powai, Mumbai - MPCB",S,2026-06-27 00:00:00+05:30,,27.1,62.1,1.13,53.1,,8.81,17.4,,False,6
6956,"Powai, Mumbai - MPCB",S,2026-06-28 00:00:00+05:30,,26.7,67.4,1.13,12.4,,,16.0,,False,5
6956,"Powai, Mumbai - MPCB",S,2026-06-29 00:00:00+05:30,,27.1,68.9,1.09,35.9,,8.76,17.7,,False,6
6956,"Powai, Mumbai - MPCB",S,2026-06-30 00:00:00+05:30,,26.8,68.9,1.09,17.7,,,15.7,,False,5
6956,"Powai, Mumbai - MPCB",S,2026-07-01 00:00:00+05:30,,26.7,68.9,1.15,28.6,,,18.3,,False,5
6956,"Powai, Mumbai - MPCB",S,2026-07-02 00:00:00+05:30,,26.8,68.9,1.17,16.100000000000005,2.24,,17.5,,False,6
6956,"Powai, Mumbai - MPCB",S,2026-07-03 00:00:00+05:30,,27.4,68.9,1.15,31.3,3.83,,15.5,,False,6
6956,"Powai, Mumbai - MPCB",S,2026-07-04 00:00:00+05:30,,27.6,68.9,1.15,79.9,4.43,8.76,15.1,,False,7
6965,"Borivali East, Mumbai - MPCB",RC,2025-12-10 00:00:00+05:30,37.6,33.5,,2.19,,4.1,14.8,14.0,0.01,False,7
6965,"Borivali East, Mumbai - MPCB",RC,2025-12-11 00:00:00+05:30,36.0,147.0,,13.2,,2.55,14.0,14.7,0.153,False,7
6965,"Borivali East, Mumbai - MPCB",RC,2025-12-12 00:00:00+05:30,39.6,,,,,1.66,13.5,15.5,0.387,False,5
6965,"Borivali East, Mumbai - MPCB",RC,2025-12-13 00:00:00+05:30,45.2,24.3,,12.6,,2.49,12.6,15.3,0.383,False,7
6965,"Borivali East, Mumbai - MPCB",RC,2025-12-14 00:00:00+05:30,58.1,24.7,,18.1,,1.33,12.7,14.3,0.356,False,7
6965,"Borivali East, Mumbai - MPCB",RC,2025-12-15 00:00:00+05:30,51.2,24.5,,24.1,,0.707,12.1,13.7,0.344,False,7
6965,"Borivali East, Mumbai - MPCB",RC,2025-12-18 00:00:00+05:30,161.0,25.2,62.5,13.6,237.0,2.3,51.2,13.5,0.338,True,9
6965,"Borivali East, Mumbai - MPCB",RC,2025-12-19 00:00:00+05:30,47.9,24.9,,20.7,,0.896,48.6,14.4,0.36,False,7
6965,"Borivali East, Mumbai - MPCB",RC,2025-12-20 00:00:00+05:30,30.5,25.4,,20.8,,0.518,39.8,15.6,0.39,False,7
6965,"Borivali East, Mumbai - MPCB",RC,2025-12-21 00:00:00+05:30,30.7,25.2,,21.2,,0.552,37.9,14.9,0.372,False,7
6965,"Borivali East, Mumbai - MPCB",RC,2025-12-22 00:00:00+05:30,44.7,24.8,,20.3,,0.764,37.1,14.4,0.361,False,7
6965,"Borivali East, Mumbai - MPCB",RC,2025-12-23 00:00:00+05:30,39.2,25.2,,19.5,,0.698,33.7,14.9,0.372,False,7
6965,"Borivali East, Mumbai - MPCB",RC,2025-12-24 00:00:00+05:30,32.4,25.8,,18.6,,0.666,32.5,14.4,0.361,False,7
6965,"Borivali East, Mumbai - MPCB",RC,2025-12-25 00:00:00+05:30,43.7,25.5,,18.5,,0.951,31.9,14.1,0.353,False,7
6965,"Borivali East, Mumbai - MPCB",RC,2025-12-26 00:00:00+05:30,63.4,25.0,,18.8,,1.05,28.7,14.1,0.352,False,7
6965,"Borivali East, Mumbai - MPCB",RC,2025-12-27 00:00:00+05:30,68.6,24.7,,18.1,,1.22,27.7,13.6,0.341,False,7
6965,"Borivali East, Mumbai - MPCB",RC,2025-12-28 00:00:00+05:30,77.1,25.1,,20.2,,0.966,,13.4,0.335,False,6
6965,"Borivali East, Mumbai - MPCB",RC,2025-12-29 00:00:00+05:30,51.4,24.7,,18.7,,1.18,,13.6,0.339,False,6
6965,"Borivali East, Mumbai - MPCB",RC,2025-12-30 00:00:00+05:30,31.7,25.0,,18.1,,4.23,,14.2,0.355,False,6
6965,"Borivali East, Mumbai - MPCB",RC,2025-12-31 00:00:00+05:30,29.1,25.1,,19.1,,3.55,,15.0,0.374,False,6
6965,"Borivali East, Mumbai - MPCB",RC,2026-01-01 00:00:00+05:30,16.7,25.2,,23.8,,0.712,,14.8,0.37,False,6
6965,"Borivali East, Mumbai - MPCB",RC,2026-01-02 00:00:00+05:30,30.1,25.0,,25.4,,1.77,,13.5,0.339,False,6
6965,"Borivali East, Mumbai - MPCB",RC,2026-01-03 00:00:00+05:30,32.2,25.5,,22.0,,2.62,,13.6,0.34,False,6
6965,"Borivali East, Mumbai - MPCB",RC,2026-01-04 00:00:00+05:30,42.9,26.3,,21.8,,2.89,,13.2,0.33,False,6
6965,"Borivali East, Mumbai - MPCB",RC,2026-01-05 00:00:00+05:30,35.7,26.4,,20.4,,3.75,,12.7,0.318,False,6
6965,"Borivali East, Mumbai - MPCB",RC,2026-01-06 00:00:00+05:30,31.5,26.4,,19.3,,3.39,,12.5,0.312,False,6
6965,"Borivali East, Mumbai - MPCB",RC,2026-01-07 00:00:00+05:30,29.4,26.2,,20.7,,3.23,,12.0,0.3,False,6
6965,"Borivali East, Mumbai - MPCB",RC,2026-01-08 00:00:00+05:30,22.8,26.0,,20.2,,3.25,20.2,11.4,0.284,False,7
6965,"Borivali East, Mumbai - MPCB",RC,2026-01-09 00:00:00+05:30,22.0,26.0,,17.4,,3.45,20.5,12.0,0.299,False,7
6965,"Borivali East, Mumbai - MPCB",RC,2026-01-10 00:00:00+05:30,34.6,26.2,,19.9,,4.09,20.5,12.3,0.308,False,7
6965,"Borivali East, Mumbai - MPCB",RC,2026-01-21 00:00:00+05:30,25.6,24.9,,9.82,,8.33,18.4,12.8,0.321,False,7
6965,"Borivali East, Mumbai - MPCB",RC,2026-01-22 00:00:00+05:30,26.6,24.1,,18.7,,4.52,18.0,12.5,0.313,False,7
6965,"Borivali East, Mumbai - MPCB",RC,2026-01-23 00:00:00+05:30,22.1,24.0,,21.4,,2.68,17.9,11.6,0.29,False,7
6965,"Borivali East, Mumbai - MPCB",RC,2026-01-24 00:00:00+05:30,17.7,23.5,,20.2,,3.48,18.1,10.5,0.262,False,7
6965,"Borivali East, Mumbai - MPCB",RC,2026-01-25 00:00:00+05:30,25.3,23.8,,19.1,,3.98,18.2,11.5,0.286,False,7
6965,"Borivali East, Mumbai - MPCB",RC,2026-01-26 00:00:00+05:30,31.4,23.5,,18.8,,4.73,17.9,11.3,0.283,False,7
6965,"Borivali East, Mumbai - MPCB",RC,2026-01-27 00:00:00+05:30,21.5,22.8,,17.7,,3.73,18.3,10.2,0.256,False,7
6965,"Borivali East, Mumbai - MPCB",RC,2026-01-28 00:00:00+05:30,29.4,22.7,,18.3,,3.62,18.2,10.4,0.261,False,7
6965,"Borivali East, Mumbai - MPCB",RC,2026-01-29 00:00:00+05:30,21.9,23.9,,17.4,,4.45,18.1,11.8,0.296,False,7
6965,"Borivali East, Mumbai - MPCB",RC,2026-01-30 00:00:00+05:30,66.8,24.7,,17.0,,4.56,18.0,11.8,0.295,False,7
6965,"Borivali East, Mumbai - MPCB",RC,2026-01-31 00:00:00+05:30,215.0,24.5,,17.6,,3.78,17.7,11.8,0.296,False,7
6965,"Borivali East, Mumbai - MPCB",RC,2026-02-01 00:00:00+05:30,33.4,24.6,,16.1,,4.49,17.6,12.5,0.313,False,7
6965,"Borivali East, Mumbai - MPCB",RC,2026-02-02 00:00:00+05:30,34.6,24.6,,14.7,,4.85,18.1,12.7,0.317,False,7
6965,"Borivali East, Mumbai - MPCB",RC,2026-02-03 00:00:00+05:30,32.7,24.4,,20.8,,2.44,18.0,12.2,0.305,False,7
6965,"Borivali East, Mumbai - MPCB",RC,2026-02-04 00:00:00+05:30,33.5,25.9,,12.3,,7.87,18.3,12.4,0.312,False,7
6965,"Borivali East, Mumbai - MPCB",RC,2026-02-05 00:00:00+05:30,29.8,25.1,,14.8,,5.06,18.4,11.9,0.299,False,7
6965,"Borivali East, Mumbai - MPCB",RC,2026-02-06 00:00:00+05:30,28.4,25.0,,15.0,,4.75,18.4,11.6,0.29,False,7
6965,"Borivali East, Mumbai - MPCB",RC,2026-02-07 00:00:00+05:30,26.4,24.8,,16.3,,4.37,18.4,12.2,0.305,False,7
6965,"Borivali East, Mumbai - MPCB",RC,2026-02-08 00:00:00+05:30,27.0,23.7,,13.4,,0.0,17.9,13.5,0.337,False,7
6965,"Borivali East, Mumbai - MPCB",RC,2026-02-09 00:00:00+05:30,26.0,24.9,,14.5,,5.02,18.8,13.4,0.336,False,7
6965,"Borivali East, Mumbai - MPCB",RC,2026-02-10 00:00:00+05:30,28.0,24.7,,16.3,,4.46,23.0,12.8,0.321,False,7
6965,"Borivali East, Mumbai - MPCB",RC,2026-02-11 00:00:00+05:30,27.7,24.9,,15.6,,4.94,21.6,12.4,0.31,False,7
6965,"Borivali East, Mumbai - MPCB",RC,2026-02-12 00:00:00+05:30,26.6,25.2,,15.4,,6.17,,12.6,0.316,False,6
6965,"Borivali East, Mumbai - MPCB",RC,2026-02-13 00:00:00+05:30,26.0,25.0,,14.0,,6.03,,13.5,0.337,False,6
6965,"Borivali East, Mumbai - MPCB",RC,2026-02-14 00:00:00+05:30,29.8,25.2,,14.2,,5.64,,13.6,0.34,False,6
6965,"Borivali East, Mumbai - MPCB",RC,2026-02-15 00:00:00+05:30,32.3,25.2,,15.2,,4.76,,13.3,0.332,False,6
6965,"Borivali East, Mumbai - MPCB",RC,2026-02-16 00:00:00+05:30,20.0,23.6,,23.0,,0.0,,13.7,0.342,False,6
6965,"Borivali East, Mumbai - MPCB",RC,2026-02-17 00:00:00+05:30,21.2,25.7,,5.79,,11.4,,14.8,0.369,False,6
6965,"Borivali East, Mumbai - MPCB",RC,2026-02-18 00:00:00+05:30,11.4,25.2,,14.1,,3.68,,13.0,0.326,False,6
6965,"Borivali East, Mumbai - MPCB",RC,2026-02-19 00:00:00+05:30,33.3,27.0,,14.9,,7.8,,12.9,0.32,False,6
6965,"Borivali East, Mumbai - MPCB",RC,2026-02-20 00:00:00+05:30,45.0,24.8,,6.38,,7.91,11.9,13.1,0.328,False,7
6965,"Borivali East, Mumbai - MPCB",RC,2026-02-21 00:00:00+05:30,31.0,25.8,,13.3,,5.71,13.0,14.4,0.359,False,7
6965,"Borivali East, Mumbai - MPCB",RC,2026-02-22 00:00:00+05:30,24.4,25.1,,15.5,,5.24,,15.8,0.395,False,6
6965,"Borivali East, Mumbai - MPCB",RC,2026-02-23 00:00:00+05:30,25.2,24.4,,14.9,,5.64,,16.1,0.403,False,6
6965,"Borivali East, Mumbai - MPCB",RC,2026-02-24 00:00:00+05:30,26.6,25.1,,17.1,,4.92,,15.1,0.379,False,6
6965,"Borivali East, Mumbai - MPCB",RC,2026-02-25 00:00:00+05:30,17.6,26.8,,11.9,,4.82,10.4,13.7,0.333,False,7
6965,"Borivali East, Mumbai - MPCB",RC,2026-02-26 00:00:00+05:30,9.18,26.1,,16.4,,2.04,9.84,13.7,0.343,False,7
6965,"Borivali East, Mumbai - MPCB",RC,2026-02-27 00:00:00+05:30,6.4,25.5,,17.6,,2.64,10.1,14.2,0.356,False,7
6965,"Borivali East, Mumbai - MPCB",RC,2026-02-28 00:00:00+05:30,7.13,25.2,,17.3,,3.49,10.1,14.7,0.368,False,7
6965,"Borivali East, Mumbai - MPCB",RC,2026-03-01 00:00:00+05:30,8.88,25.3,,16.5,,3.99,9.99,14.0,0.351,False,7
6965,"Borivali East, Mumbai - MPCB",RC,2026-03-02 00:00:00+05:30,12.2,25.3,,17.8,,4.06,9.82,13.0,0.326,False,7
6965,"Borivali East, Mumbai - MPCB",RC,2026-03-03 00:00:00+05:30,31.8,25.7,,14.8,,5.65,9.78,12.9,0.322,False,7
6965,"Borivali East, Mumbai - MPCB",RC,2026-03-04 00:00:00+05:30,19.8,28.4,,12.3,,6.37,10.0,13.1,0.326,False,7
6965,"Borivali East, Mumbai - MPCB",RC,2026-03-05 00:00:00+05:30,18.0,28.0,,11.9,,5.6,10.2,13.2,0.331,False,7
6965,"Borivali East, Mumbai - MPCB",RC,2026-03-06 00:00:00+05:30,17.9,27.9,,13.6,,5.86,11.6,13.4,0.335,False,7
6965,"Borivali East, Mumbai - MPCB",RC,2026-03-07 00:00:00+05:30,15.6,27.4,,18.6,,3.32,11.6,13.2,0.33,False,7
6965,"Borivali East, Mumbai - MPCB",RC,2026-03-08 00:00:00+05:30,30.9,28.5,,16.7,,6.5,11.0,13.6,0.341,False,7
6965,"Borivali East, Mumbai - MPCB",RC,2026-03-09 00:00:00+05:30,56.6,28.2,,15.0,,5.95,16.4,13.9,0.348,False,7
6965,"Borivali East, Mumbai - MPCB",RC,2026-03-10 00:00:00+05:30,60.3,27.7,,7.14,,9.92,9.81,13.4,0.333,False,7
6965,"Borivali East, Mumbai - MPCB",RC,2026-03-11 00:00:00+05:30,28.5,28.6,,15.0,,6.22,9.77,12.5,0.312,False,7
6965,"Borivali East, Mumbai - MPCB",RC,2026-03-12 00:00:00+05:30,24.1,28.7,,14.2,,7.19,9.81,13.6,0.338,False,7
6965,"Borivali East, Mumbai - MPCB",RC,2026-03-13 00:00:00+05:30,22.5,28.6,,14.2,,5.2,9.67,14.5,0.363,False,7
6965,"Borivali East, Mumbai - MPCB",RC,2026-03-14 00:00:00+05:30,13.5,28.4,,14.6,,5.17,9.56,13.3,0.334,False,7
6965,"Borivali East, Mumbai - MPCB",RC,2026-03-15 00:00:00+05:30,10.4,28.2,,15.9,,3.22,9.75,12.4,0.309,False,7
6965,"Borivali East, Mumbai - MPCB",RC,2026-03-16 00:00:00+05:30,10.7,28.1,,16.5,,3.05,9.59,12.8,0.318,False,7
6965,"Borivali East, Mumbai - MPCB",RC,2026-03-17 00:00:00+05:30,9.97,28.0,,16.7,,4.51,9.84,12.8,0.319,False,7
6965,"Borivali East, Mumbai - MPCB",RC,2026-03-18 00:00:00+05:30,9.65,27.7,,17.5,,4.31,10.2,12.4,0.309,False,7
6965,"Borivali East, Mumbai - MPCB",RC,2026-03-19 00:00:00+05:30,8.4,27.8,,17.6,,3.31,10.4,11.4,0.284,False,7
6965,"Borivali East, Mumbai - MPCB",RC,2026-03-20 00:00:00+05:30,14.1,27.6,,12.9,,5.38,13.2,12.2,0.306,False,7
6965,"Borivali East, Mumbai - MPCB",RC,2026-03-21 00:00:00+05:30,13.9,27.3,,15.1,,6.8,14.7,12.5,0.311,False,7
6965,"Borivali East, Mumbai - MPCB",RC,2026-03-22 00:00:00+05:30,30.6,26.5,,14.7,,7.3,,12.5,0.314,False,6
6965,"Borivali East, Mumbai - MPCB",RC,2026-03-23 00:00:00+05:30,23.2,26.6,,15.2,,6.09,22.4,12.9,0.323,False,7
6965,"Borivali East, Mumbai - MPCB",RC,2026-03-24 00:00:00+05:30,24.3,26.8,,15.3,,6.59,,13.2,0.33,False,6
6965,"Borivali East, Mumbai - MPCB",RC,2026-03-25 00:00:00+05:30,26.1,26.6,,15.5,,6.79,,12.9,0.323,False,6
6965,"Borivali East, Mumbai - MPCB",RC,2026-03-26 00:00:00+05:30,22.1,27.1,,12.1,,7.14,,12.2,0.305,False,6
6965,"Borivali East, Mumbai - MPCB",RC,2026-03-27 00:00:00+05:30,21.7,27.2,,12.3,,7.04,,12.5,0.312,False,6
6965,"Borivali East, Mumbai - MPCB",RC,2026-03-28 00:00:00+05:30,9.52,26.9,,10.9,,5.95,,12.8,0.318,False,6
6965,"Borivali East, Mumbai - MPCB",RC,2026-03-29 00:00:00+05:30,4.4,26.9,,13.2,,3.12,,12.4,0.308,False,6
6965,"Borivali East, Mumbai - MPCB",RC,2026-03-30 00:00:00+05:30,14.9,27.3,,11.4,,6.2,,12.7,0.318,False,6
6965,"Borivali East, Mumbai - MPCB",RC,2026-03-31 00:00:00+05:30,10.6,28.3,,10.2,,3.57,,12.1,0.303,False,6
6965,"Borivali East, Mumbai - MPCB",RC,2026-04-01 00:00:00+05:30,16.4,27.3,,20.0,,0.0,,11.7,0.293,False,6
6965,"Borivali East, Mumbai - MPCB",RC,2026-04-02 00:00:00+05:30,14.9,27.2,,15.7,,4.97,,11.9,0.298,False,6
6965,"Borivali East, Mumbai - MPCB",RC,2026-04-03 00:00:00+05:30,21.8,28.0,,15.4,,5.39,,12.1,0.303,False,6
6965,"Borivali East, Mumbai - MPCB",RC,2026-04-04 00:00:00+05:30,12.0,27.9,,14.3,,3.45,,11.9,0.294,False,6
6965,"Borivali East, Mumbai - MPCB",RC,2026-04-05 00:00:00+05:30,15.8,27.2,,16.4,,0.818,,11.6,0.288,False,6
6965,"Borivali East, Mumbai - MPCB",RC,2026-04-06 00:00:00+05:30,11.7,26.8,,27.4,,1.67,,11.8,0.296,False,6
6965,"Borivali East, Mumbai - MPCB",RC,2026-04-07 00:00:00+05:30,18.2,28.2,,10.9,,6.5,79.7,11.2,0.281,False,7
6965,"Borivali East, Mumbai - MPCB",RC,2026-04-08 00:00:00+05:30,19.0,27.5,,12.7,,2.56,,11.2,0.279,False,6
6965,"Borivali East, Mumbai - MPCB",RC,2026-04-09 00:00:00+05:30,29.9,27.3,,13.2,,3.81,,10.2,0.254,False,6
6965,"Borivali East, Mumbai - MPCB",RC,2026-04-10 00:00:00+05:30,47.0,27.3,,15.4,,6.6,,11.0,0.274,False,6
6965,"Borivali East, Mumbai - MPCB",RC,2026-04-11 00:00:00+05:30,47.8,27.7,,12.7,,5.4,,10.8,0.271,False,6
6965,"Borivali East, Mumbai - MPCB",RC,2026-04-12 00:00:00+05:30,41.1,27.7,,18.8,,4.27,,11.8,0.295,False,6
6965,"Borivali East, Mumbai - MPCB",RC,2026-04-13 00:00:00+05:30,36.9,27.6,,12.7,,5.07,,11.4,0.286,False,6
6965,"Borivali East, Mumbai - MPCB",RC,2026-04-14 00:00:00+05:30,42.1,27.7,,24.4,,1.07,,10.3,0.258,False,6
6965,"Borivali East, Mumbai - MPCB",RC,2026-04-15 00:00:00+05:30,22.3,27.6,,23.7,,2.06,,11.9,0.298,False,6
6965,"Borivali East, Mumbai - MPCB",RC,2026-04-16 00:00:00+05:30,19.3,27.2,,18.7,,1.7,,11.6,0.289,False,6
6965,"Borivali East, Mumbai - MPCB",RC,2026-04-17 00:00:00+05:30,23.7,26.3,,17.3,,3.52,,11.8,0.294,False,6
6965,"Borivali East, Mumbai - MPCB",RC,2026-04-18 00:00:00+05:30,31.7,26.2,,18.4,,2.26,,11.3,0.281,False,6
6965,"Borivali East, Mumbai - MPCB",RC,2026-04-19 00:00:00+05:30,32.9,25.8,,22.2,,2.55,,11.2,0.281,False,6
6965,"Borivali East, Mumbai - MPCB",RC,2026-04-20 00:00:00+05:30,25.9,25.4,,20.0,,1.96,,11.2,0.279,False,6
6965,"Borivali East, Mumbai - MPCB",RC,2026-04-21 00:00:00+05:30,39.9,26.5,,24.8,,2.78,,10.7,0.269,False,6
6965,"Borivali East, Mumbai - MPCB",RC,2026-04-22 00:00:00+05:30,31.0,27.9,,24.7,,2.43,,10.4,0.259,False,6
6965,"Borivali East, Mumbai - MPCB",RC,2026-04-23 00:00:00+05:30,37.4,28.1,,35.2,,1.95,,10.4,0.258,False,6
6965,"Borivali East, Mumbai - MPCB",RC,2026-04-24 00:00:00+05:30,36.1,30.6,,24.3,,2.3,,10.8,0.271,False,6
6965,"Borivali East, Mumbai - MPCB",RC,2026-04-25 00:00:00+05:30,39.8,31.9,,26.7,,2.6,,10.6,0.264,False,6
6965,"Borivali East, Mumbai - MPCB",RC,2026-04-26 00:00:00+05:30,35.1,31.9,,26.1,,1.39,,10.8,0.27,False,6
6965,"Borivali East, Mumbai - MPCB",RC,2026-04-27 00:00:00+05:30,31.1,31.9,,19.6,,0.00208,,12.1,0.295,False,6
6965,"Borivali East, Mumbai - MPCB",RC,2026-05-07 00:00:00+05:30,32.5,33.7,0.0,0.0,0.0,0.0,9.92,15.9,0.398,True,9
6965,"Borivali East, Mumbai - MPCB",RC,2026-05-08 00:00:00+05:30,29.3,32.5,0.0,0.0,0.0,0.0,9.85,16.1,0.401,True,9
6965,"Borivali East, Mumbai - MPCB",RC,2026-05-09 00:00:00+05:30,30.1,33.4,,5.28,,11.2,10.2,15.6,0.391,False,7
6965,"Borivali East, Mumbai - MPCB",RC,2026-05-10 00:00:00+05:30,28.3,32.9,,10.2,,22.1,10.1,16.8,0.418,False,7
6965,"Borivali East, Mumbai - MPCB",RC,2026-05-11 00:00:00+05:30,64.8,32.9,,9.63,,20.3,9.81,16.8,0.419,False,7
6965,"Borivali East, Mumbai - MPCB",RC,2026-05-12 00:00:00+05:30,31.1,32.5,,10.9,,22.8,9.53,16.9,0.424,False,7
6965,"Borivali East, Mumbai - MPCB",RC,2026-05-13 00:00:00+05:30,15.0,32.0,,11.8,,24.9,9.46,17.1,0.427,False,7
6965,"Borivali East, Mumbai - MPCB",RC,2026-05-14 00:00:00+05:30,14.0,27.9,,14.6,,33.2,10.7,16.3,0.408,False,7
6965,"Borivali East, Mumbai - MPCB",RC,2026-05-15 00:00:00+05:30,13.0,28.4,,10.6,,23.7,11.7,16.3,0.354,False,7
6965,"Borivali East, Mumbai - MPCB",RC,2026-05-16 00:00:00+05:30,9.49,29.7,,4.08,,12.3,11.5,17.0,0.255,False,7
6965,"Borivali East, Mumbai - MPCB",RC,2026-05-17 00:00:00+05:30,11.0,29.1,,6.32,,17.6,11.3,17.2,0.259,False,7
6965,"Borivali East, Mumbai - MPCB",RC,2026-05-18 00:00:00+05:30,13.7,29.1,,5.9,,16.5,11.0,17.6,0.264,False,7
6965,"Borivali East, Mumbai - MPCB",RC,2026-05-19 00:00:00+05:30,13.4,28.9,,5.8,,16.3,10.9,17.3,0.26,False,7
6965,"Borivali East, Mumbai - MPCB",RC,2026-05-20 00:00:00+05:30,8.46,29.0,,5.6,,15.7,10.8,17.2,0.212,False,7
6965,"Borivali East, Mumbai - MPCB",RC,2026-05-21 00:00:00+05:30,6.28,29.2,,5.45,,15.2,10.8,17.4,0.174,False,7
6965,"Borivali East, Mumbai - MPCB",RC,2026-05-22 00:00:00+05:30,7.65,29.3,,4.62,,13.6,10.8,16.1,0.16,False,7
6965,"Borivali East, Mumbai - MPCB",RC,2026-05-23 00:00:00+05:30,5.34,29.5,,4.88,,14.1,11.1,15.7,0.157,False,7
6965,"Borivali East, Mumbai - MPCB",RC,2026-05-24 00:00:00+05:30,3.35,29.6,,4.19,,11.9,12.4,14.8,0.148,False,7
6965,"Borivali East, Mumbai - MPCB",RC,2026-05-25 00:00:00+05:30,5.22,28.8,,8.0,,20.5,11.0,15.5,0.155,False,7
6965,"Borivali East, Mumbai - MPCB",RC,2026-05-26 00:00:00+05:30,4.16,29.9,,3.92,,11.8,12.1,15.9,0.159,False,7
6965,"Borivali East, Mumbai - MPCB",RC,2026-05-27 00:00:00+05:30,5.68,29.2,,4.53,,13.0,12.4,15.3,0.154,False,7
6965,"Borivali East, Mumbai - MPCB",RC,2026-05-28 00:00:00+05:30,5.6,28.9,,7.33,,19.5,12.0,15.0,0.151,False,7
6965,"Borivali East, Mumbai - MPCB",RC,2026-05-30 00:00:00+05:30,8.34,29.5,,19.5,,5.85,12.4,16.8,0.169,False,7
6965,"Borivali East, Mumbai - MPCB",RC,2026-05-31 00:00:00+05:30,14.8,29.1,,19.8,,7.46,12.4,15.6,0.156,False,7
6965,"Borivali East, Mumbai - MPCB",RC,2026-06-01 00:00:00+05:30,,31.5,,19.6,,7.19,12.6,15.8,0.158,False,6
6965,"Borivali East, Mumbai - MPCB",RC,2026-06-03 00:00:00+05:30,319.0,32.5,,41.6,,137.0,22.4,15.3,0.153,False,7
6965,"Borivali East, Mumbai - MPCB",RC,2026-06-04 00:00:00+05:30,,32.1,,,,,,,0.0,False,2
6965,"Borivali East, Mumbai - MPCB",RC,2026-06-05 00:00:00+05:30,,32.4,0.0,0.0,0.0,,,,0.0,False,5
6965,"Borivali East, Mumbai - MPCB",RC,2026-06-06 00:00:00+05:30,,32.7,0.0,0.0,0.0,,,,0.0,False,5
6965,"Borivali East, Mumbai - MPCB",RC,2026-06-07 00:00:00+05:30,,32.7,0.0,0.0,0.0,,,,0.0,False,5
6965,"Borivali East, Mumbai - MPCB",RC,2026-06-08 00:00:00+05:30,,32.7,0.0,26.2,0.0,19.5,4.63,19.2,0.112,False,8
6965,"Borivali East, Mumbai - MPCB",RC,2026-06-09 00:00:00+05:30,,32.7,,29.9,,19.5,5.41,20.8,0.208,False,6
6965,"Borivali East, Mumbai - MPCB",RC,2026-06-10 00:00:00+05:30,,32.7,,26.4,,18.8,4.82,22.1,0.221,False,6
6965,"Borivali East, Mumbai - MPCB",RC,2026-06-11 00:00:00+05:30,,32.8,,24.8,,16.0,4.7,22.4,0.224,False,6
6965,"Borivali East, Mumbai - MPCB",RC,2026-06-12 00:00:00+05:30,,32.8,,23.2,,15.6,5.06,21.7,0.217,False,6
6965,"Borivali East, Mumbai - MPCB",RC,2026-06-13 00:00:00+05:30,,32.8,,14.7,,12.9,5.2,21.6,0.216,False,6
6965,"Borivali East, Mumbai - MPCB",RC,2026-06-14 00:00:00+05:30,11.2,32.9,,4.5,,5.01,4.89,22.6,0.226,False,7
6965,"Borivali East, Mumbai - MPCB",RC,2026-06-15 00:00:00+05:30,10.0,33.0,,4.5,,5.0,4.85,22.3,0.223,False,7
6965,"Borivali East, Mumbai - MPCB",RC,2026-06-16 00:00:00+05:30,11.9,33.0,,4.5,,5.0,4.71,22.4,0.223,False,7
6965,"Borivali East, Mumbai - MPCB",RC,2026-06-17 00:00:00+05:30,8.14,32.8,,4.5,,5.0,4.9,21.8,0.218,False,7
6965,"Borivali East, Mumbai - MPCB",RC,2026-06-18 00:00:00+05:30,7.15,32.4,,4.5,,5.0,4.86,22.0,0.22,False,7
6967,"Sion, Mumbai - MPCB",FN,2025-10-11 00:00:00+05:30,37.6,29.6,72.2,0.722,132.0,15.8,11.5,7.71,0.288,True,9
6967,"Sion, Mumbai - MPCB",FN,2025-10-12 00:00:00+05:30,36.8,29.8,71.2,0.716,132.0,16.1,11.4,7.72,0.285,True,9
6967,"Sion, Mumbai - MPCB",FN,2025-10-13 00:00:00+05:30,71.0,29.7,69.5,0.729,130.0,15.8,11.2,7.76,0.281,True,9
6967,"Sion, Mumbai - MPCB",FN,2025-10-14 00:00:00+05:30,93.5,29.5,70.7,0.729,130.0,15.1,11.2,7.79,0.283,True,9
6967,"Sion, Mumbai - MPCB",FN,2025-10-15 00:00:00+05:30,124.0,29.5,73.4,0.73,129.0,13.1,11.7,7.83,0.293,True,9
6967,"Sion, Mumbai - MPCB",FN,2025-10-16 00:00:00+05:30,265.0,30.1,78.4,0.649,145.0,7.2,12.6,7.69,0.314,True,9
6967,"Sion, Mumbai - MPCB",FN,2025-10-17 00:00:00+05:30,43.9,31.3,73.1,0.648,145.0,7.42,11.7,7.7,0.292,True,9
6967,"Sion, Mumbai - MPCB",FN,2025-10-18 00:00:00+05:30,65.9,31.0,71.0,0.648,145.0,8.54,11.4,7.68,0.284,True,9
6967,"Sion, Mumbai - MPCB",FN,2025-10-19 00:00:00+05:30,63.4,30.8,73.4,0.648,145.0,8.57,11.7,7.72,0.294,True,9
6967,"Sion, Mumbai - MPCB",FN,2025-10-20 00:00:00+05:30,88.5,30.4,77.8,0.649,145.0,8.12,12.4,7.76,0.31,True,9
6967,"Sion, Mumbai - MPCB",FN,2025-10-21 00:00:00+05:30,64.3,29.6,77.0,0.71,134.0,8.36,12.3,7.78,0.308,True,9
6967,"Sion, Mumbai - MPCB",FN,2025-10-22 00:00:00+05:30,47.9,29.9,79.6,0.729,131.0,7.46,12.7,7.72,0.319,True,9
6967,"Sion, Mumbai - MPCB",FN,2025-10-23 00:00:00+05:30,63.2,31.2,75.4,0.648,146.0,7.48,12.0,7.69,0.302,True,9
6967,"Sion, Mumbai - MPCB",FN,2025-10-24 00:00:00+05:30,52.3,30.4,78.9,0.666,143.0,8.03,12.6,7.65,0.316,True,9
6967,"Sion, Mumbai - MPCB",FN,2025-10-25 00:00:00+05:30,54.6,28.8,85.3,0.699,137.0,8.56,13.7,7.68,0.341,True,9
6967,"Sion, Mumbai - MPCB",FN,2025-10-26 00:00:00+05:30,28.7,27.6,88.1,0.665,144.0,8.28,14.1,7.71,0.353,True,9
6967,"Sion, Mumbai - MPCB",FN,2025-10-27 00:00:00+05:30,14.5,27.9,88.3,0.778,123.00000000000001,8.72,14.1,7.71,0.353,True,9
6967,"Sion, Mumbai - MPCB",FN,2025-10-28 00:00:00+05:30,26.7,28.4,82.5,0.73,132.0,9.05,13.2,7.69,0.33,True,9
6967,"Sion, Mumbai - MPCB",FN,2025-10-29 00:00:00+05:30,35.1,31.2,75.3,0.65,148.0,9.17,12.4,7.58,0.311,True,9
6967,"Sion, Mumbai - MPCB",FN,2025-10-30 00:00:00+05:30,35.0,27.9,85.6,0.751,128.0,8.5,13.7,7.7,0.343,True,9
6967,"Sion, Mumbai - MPCB",FN,2025-10-31 00:00:00+05:30,19.9,27.0,90.9,0.752,128.0,8.67,14.5,7.71,0.363,True,9
6967,"Sion, Mumbai - MPCB",FN,2025-11-01 00:00:00+05:30,16.9,28.0,91.3,0.736,131.0,8.06,14.6,7.71,0.365,True,9
6967,"Sion, Mumbai - MPCB",FN,2025-11-02 00:00:00+05:30,17.5,26.4,94.4,0.65,148.0,9.77,15.1,7.58,0.377,True,9
6967,"Sion, Mumbai - MPCB",FN,2025-11-03 00:00:00+05:30,45.0,27.3,91.2,0.65,147.0,9.27,14.6,7.6,0.365,True,9
6967,"Sion, Mumbai - MPCB",FN,2025-11-04 00:00:00+05:30,26.2,28.4,84.1,0.65,147.0,7.84,13.4,7.67,0.336,True,9
6967,"Sion, Mumbai - MPCB",FN,2025-11-05 00:00:00+05:30,32.5,27.3,80.6,0.65,147.0,7.32,12.9,7.66,0.323,True,9
6967,"Sion, Mumbai - MPCB",FN,2025-11-06 00:00:00+05:30,41.6,27.5,80.8,0.65,147.0,7.35,12.9,7.65,0.323,True,9
6967,"Sion, Mumbai - MPCB",FN,2025-11-07 00:00:00+05:30,43.1,28.4,75.6,0.65,147.0,7.37,12.1,7.69,0.302,True,9
6967,"Sion, Mumbai - MPCB",FN,2025-11-08 00:00:00+05:30,101.0,27.9,69.2,0.65,147.0,6.43,11.1,7.67,0.277,True,9
6967,"Sion, Mumbai - MPCB",FN,2025-11-09 00:00:00+05:30,26.0,27.0,64.0,0.625,140.0,6.47,10.2,7.71,0.256,True,9
6967,"Sion, Mumbai - MPCB",FN,2025-11-10 00:00:00+05:30,83.5,25.5,75.0,0.565,147.0,7.15,12.0,7.73,0.301,True,9
6967,"Sion, Mumbai - MPCB",FN,2025-11-11 00:00:00+05:30,77.2,28.4,64.6,0.802,119.99999999999999,6.82,10.3,7.71,0.259,True,9
6967,"Sion, Mumbai - MPCB",FN,2025-11-12 00:00:00+05:30,43.8,27.2,59.9,0.652,148.0,5.68,9.59,7.8,0.24,True,9
6967,"Sion, Mumbai - MPCB",FN,2025-11-13 00:00:00+05:30,99.0,27.6,57.7,0.655,148.0,6.22,9.23,7.76,0.231,True,9
6967,"Sion, Mumbai - MPCB",FN,2025-11-14 00:00:00+05:30,79.6,27.0,64.7,0.652,148.0,6.03,10.4,7.81,0.259,True,9
6967,"Sion, Mumbai - MPCB",FN,2025-11-15 00:00:00+05:30,45.6,26.3,59.3,0.652,149.0,6.1,9.49,7.87,0.237,True,9
6967,"Sion, Mumbai - MPCB",FN,2025-11-16 00:00:00+05:30,37.0,26.5,57.3,0.651,150.0,6.13,9.16,7.82,0.229,True,9
6967,"Sion, Mumbai - MPCB",FN,2025-11-17 00:00:00+05:30,24.3,25.8,56.9,0.572,150.0,6.21,9.09,7.78,0.227,True,9
6967,"Sion, Mumbai - MPCB",FN,2025-11-18 00:00:00+05:30,24.5,23.7,64.3,0.57,150.0,70.1,10.3,7.83,0.257,True,9
6967,"Sion, Mumbai - MPCB",FN,2025-11-19 00:00:00+05:30,19.7,25.9,59.2,0.567,150.0,122.0,9.47,7.84,0.237,True,9
6967,"Sion, Mumbai - MPCB",FN,2025-11-20 00:00:00+05:30,17.2,26.6,59.1,0.567,150.0,82.3,9.46,10.2,0.237,True,9
6967,"Sion, Mumbai - MPCB",FN,2025-11-21 00:00:00+05:30,25.1,26.8,64.7,0.567,150.0,52.2,10.4,13.1,0.259,True,9
6967,"Sion, Mumbai - MPCB",FN,2025-11-22 00:00:00+05:30,23.0,27.8,66.8,0.567,150.0,49.3,10.7,13.1,0.268,True,9
6967,"Sion, Mumbai - MPCB",FN,2025-11-23 00:00:00+05:30,24.1,27.6,74.5,0.568,150.0,47.0,11.9,13.1,0.298,True,9
6967,"Sion, Mumbai - MPCB",FN,2025-11-24 00:00:00+05:30,27.5,27.8,75.8,0.568,149.0,46.5,12.1,13.2,0.303,True,9
6967,"Sion, Mumbai - MPCB",FN,2025-11-25 00:00:00+05:30,22.1,28.4,76.6,0.568,148.0,43.9,12.3,13.2,0.306,True,9
6967,"Sion, Mumbai - MPCB",FN,2025-11-26 00:00:00+05:30,39.2,28.3,77.2,0.568,147.0,46.1,12.3,13.2,0.309,True,9
6967,"Sion, Mumbai - MPCB",FN,2025-11-27 00:00:00+05:30,58.9,28.1,72.9,0.568,148.0,45.9,11.7,13.3,0.292,True,9
6967,"Sion, Mumbai - MPCB",FN,2025-11-28 00:00:00+05:30,49.2,27.7,72.2,0.568,148.0,46.1,11.5,13.3,0.289,True,9
6967,"Sion, Mumbai - MPCB",FN,2025-11-29 00:00:00+05:30,24.3,27.7,61.6,0.568,149.0,41.1,9.86,13.3,0.247,True,9
6967,"Sion, Mumbai - MPCB",FN,2025-11-30 00:00:00+05:30,19.9,26.0,57.4,0.568,149.0,40.4,9.18,13.4,0.23,True,9
6967,"Sion, Mumbai - MPCB",FN,2025-12-01 00:00:00+05:30,25.2,25.7,62.8,0.568,149.0,43.4,10.0,13.5,0.251,True,9
6967,"Sion, Mumbai - MPCB",FN,2025-12-02 00:00:00+05:30,18.8,29.1,54.8,0.566,148.0,44.1,8.77,13.5,0.219,True,9
6967,"Sion, Mumbai - MPCB",FN,2025-12-03 00:00:00+05:30,18.7,26.9,60.7,0.568,149.0,43.3,9.72,13.5,0.243,True,9
6967,"Sion, Mumbai - MPCB",FN,2025-12-04 00:00:00+05:30,17.1,27.0,62.1,0.568,149.0,42.8,10.1,13.6,0.252,True,9
6967,"Sion, Mumbai - MPCB",FN,2025-12-05 00:00:00+05:30,16.2,28.4,60.8,0.567,149.0,43.5,9.73,13.6,0.243,True,9
6967,"Sion, Mumbai - MPCB",FN,2025-12-06 00:00:00+05:30,27.4,27.7,62.5,0.568,149.0,42.1,10.0,13.6,0.25,True,9
6967,"Sion, Mumbai - MPCB",FN,2025-12-07 00:00:00+05:30,21.1,27.1,63.8,0.568,149.0,38.6,10.2,13.6,0.255,True,9
6967,"Sion, Mumbai - MPCB",FN,2025-12-08 00:00:00+05:30,22.5,26.9,64.4,0.568,149.0,51.1,10.3,13.3,0.258,True,9
6967,"Sion, Mumbai - MPCB",FN,2025-12-09 00:00:00+05:30,77.1,25.8,54.4,0.584,149.0,57.2,8.71,13.5,0.217,True,9
6967,"Sion, Mumbai - MPCB",FN,2025-12-10 00:00:00+05:30,51.3,26.7,48.9,0.509,108.0,92.8,7.83,12.8,0.196,True,9
6967,"Sion, Mumbai - MPCB",FN,2025-12-11 00:00:00+05:30,139.0,26.4,50.8,0.521,111.0,80.1,7.77,13.3,0.194,True,9
6967,"Sion, Mumbai - MPCB",FN,2025-12-12 00:00:00+05:30,86.3,25.8,54.7,0.616,140.0,3.38,3.5,13.3,0.0872,True,9
6967,"Sion, Mumbai - MPCB",FN,2025-12-13 00:00:00+05:30,30.3,25.7,60.6,0.469,95.1,2.5,9.7,13.6,0.243,True,9
6967,"Sion, Mumbai - MPCB",FN,2025-12-14 00:00:00+05:30,28.2,26.2,57.4,0.5,105.00000000000001,2.41,9.19,13.7,0.23,True,9
6967,"Sion, Mumbai - MPCB",FN,2025-12-15 00:00:00+05:30,27.1,26.3,55.8,0.517,111.0,5.21,8.92,14.0,0.223,True,9
6967,"Sion, Mumbai - MPCB",FN,2025-12-16 00:00:00+05:30,24.1,25.8,57.8,0.495,104.0,10.2,9.24,13.9,0.231,True,9
6967,"Sion, Mumbai - MPCB",FN,2025-12-17 00:00:00+05:30,194.0,24.6,67.7,0.456,92.3,16.3,5.43,41.9,0.126,True,9
6967,"Sion, Mumbai - MPCB",FN,2025-12-18 00:00:00+05:30,194.0,26.9,60.0,0.56,124.0,12.1,7.35,69.3,0.179,True,9
6967,"Sion, Mumbai - MPCB",FN,2025-12-19 00:00:00+05:30,25.6,25.8,59.0,0.503,107.0,8.54,9.45,137.0,0.236,True,9
6967,"Sion, Mumbai - MPCB",FN,2025-12-20 00:00:00+05:30,20.4,25.9,54.7,0.489,102.0,8.14,8.75,105.0,0.219,True,9
6967,"Sion, Mumbai - MPCB",FN,2025-12-21 00:00:00+05:30,14.9,25.8,51.6,0.449,89.8,7.8,8.26,163.0,0.207,True,9
6967,"Sion, Mumbai - MPCB",FN,2025-12-22 00:00:00+05:30,17.6,25.4,55.3,0.478,98.7,8.06,8.86,161.0,0.221,True,9
6967,"Sion, Mumbai - MPCB",FN,2025-12-23 00:00:00+05:30,14.1,26.2,56.1,0.505,107.0,7.41,8.97,157.0,0.224,True,9
6967,"Sion, Mumbai - MPCB",FN,2025-12-24 00:00:00+05:30,12.7,25.4,57.1,0.525,113.0,7.26,9.03,152.0,0.226,True,9
6967,"Sion, Mumbai - MPCB",FN,2025-12-25 00:00:00+05:30,34.8,25.5,62.2,0.486,101.0,7.91,9.97,81.2,0.25,True,9
6967,"Sion, Mumbai - MPCB",FN,2025-12-26 00:00:00+05:30,72.5,25.1,64.0,0.484,100.0,7.87,10.2,15.3,0.256,True,9
6967,"Sion, Mumbai - MPCB",FN,2025-12-27 00:00:00+05:30,403.0,25.0,67.6,0.48,99.3,12.8,7.23,27.7,0.175,True,9
6967,"Sion, Mumbai - MPCB",FN,2025-12-28 00:00:00+05:30,68.1,25.0,65.3,0.464,94.1,31.7,10.4,14.4,0.261,True,9
6967,"Sion, Mumbai - MPCB",FN,2025-12-29 00:00:00+05:30,68.1,25.2,64.8,0.476,97.4,70.4,10.4,13.9,0.259,True,9
6967,"Sion, Mumbai - MPCB",FN,2025-12-30 00:00:00+05:30,79.0,24.7,68.5,0.508,107.0,64.8,11.0,14.0,0.274,True,9
6967,"Sion, Mumbai - MPCB",FN,2025-12-31 00:00:00+05:30,179.0,24.4,76.4,0.481,99.1,60.2,12.2,7.46,0.305,True,9
6967,"Sion, Mumbai - MPCB",FN,2026-01-01 00:00:00+05:30,40.6,24.6,81.7,0.483,100.0,52.9,13.1,1.07,0.326,True,9
6967,"Sion, Mumbai - MPCB",FN,2026-01-02 00:00:00+05:30,29.8,24.8,83.2,0.489,102.0,16.8,13.3,1.22,0.333,True,9
6967,"Sion, Mumbai - MPCB",FN,2026-01-03 00:00:00+05:30,36.7,25.2,77.1,0.506,107.0,17.5,12.3,0.931,0.309,True,9
6967,"Sion, Mumbai - MPCB",FN,2026-01-04 00:00:00+05:30,40.1,26.0,80.0,0.544,121.0,17.0,12.8,1.03,0.321,True,9
6967,"Sion, Mumbai - MPCB",FN,2026-01-05 00:00:00+05:30,27.0,27.0,71.4,0.619,142.0,17.0,11.4,0.963,0.286,True,9
6967,"Sion, Mumbai - MPCB",FN,2026-01-06 00:00:00+05:30,25.6,26.4,71.1,0.593,133.0,17.9,11.4,1.17,0.285,True,9
6967,"Sion, Mumbai - MPCB",FN,2026-01-07 00:00:00+05:30,51.3,24.5,74.4,0.475,97.4,41.4,11.2,7.7,0.236,True,9
6967,"Sion, Mumbai - MPCB",FN,2026-01-08 00:00:00+05:30,53.1,25.2,62.2,0.469,94.4,95.6,23.6,27.1,0.249,True,9
6967,"Sion, Mumbai - MPCB",FN,2026-01-09 00:00:00+05:30,43.9,24.7,62.5,0.468,93.9,85.5,34.0,25.3,0.25,True,9
6967,"Sion, Mumbai - MPCB",FN,2026-01-10 00:00:00+05:30,41.0,24.5,61.9,0.428,81.8,82.1,37.0,25.5,0.247,True,9
6967,"Sion, Mumbai - MPCB",FN,2026-01-20 00:00:00+05:30,55.8,23.4,76.9,0.568,126.0,28.5,15.2,5.14,0.308,True,9
6967,"Sion, Mumbai - MPCB",FN,2026-01-21 00:00:00+05:30,60.4,25.5,70.0,0.493,102.0,29.3,16.3,6.61,0.28,True,9
6967,"Sion, Mumbai - MPCB",FN,2026-01-22 00:00:00+05:30,59.8,26.1,68.2,0.571,126.0,29.4,17.1,7.05,0.273,True,9
6967,"Sion, Mumbai - MPCB",FN,2026-01-23 00:00:00+05:30,63.2,24.9,79.0,0.606,136.0,30.8,17.4,11.2,0.316,True,9
6967,"Sion, Mumbai - MPCB",FN,2026-01-24 00:00:00+05:30,36.8,24.2,73.1,0.486,99.9,30.8,15.2,7.22,0.293,True,9
6967,"Sion, Mumbai - MPCB",FN,2026-01-25 00:00:00+05:30,46.4,24.8,74.6,0.481,100.0,29.4,16.3,2.23,0.298,True,9
6967,"Sion, Mumbai - MPCB",FN,2026-01-26 00:00:00+05:30,59.1,26.2,75.3,0.502,107.0,29.6,18.3,2.47,0.301,True,9
6967,"Sion, Mumbai - MPCB",FN,2026-01-27 00:00:00+05:30,54.5,24.7,81.3,0.629,146.0,31.7,17.5,9.36,0.325,True,9
6967,"Sion, Mumbai - MPCB",FN,2026-01-28 00:00:00+05:30,26.9,24.9,69.4,0.501,108.0,29.5,12.8,1.28,0.278,True,9
6967,"Sion, Mumbai - MPCB",FN,2026-01-29 00:00:00+05:30,42.0,25.9,65.3,0.496,106.0,29.6,13.3,1.66,0.261,True,9
6967,"Sion, Mumbai - MPCB",FN,2026-01-30 00:00:00+05:30,69.3,26.6,77.4,0.65,153.0,30.8,13.7,7.31,0.31,True,9
6967,"Sion, Mumbai - MPCB",FN,2026-01-31 00:00:00+05:30,87.2,25.9,84.5,0.65,153.0,28.6,14.3,2.77,0.337,True,9
6967,"Sion, Mumbai - MPCB",FN,2026-02-01 00:00:00+05:30,70.3,26.9,75.8,0.594,136.0,28.8,13.1,1.45,0.303,True,9
6967,"Sion, Mumbai - MPCB",FN,2026-02-02 00:00:00+05:30,67.1,27.3,68.9,0.642,150.0,28.7,12.9,1.47,0.275,True,9
6967,"Sion, Mumbai - MPCB",FN,2026-02-03 00:00:00+05:30,73.1,26.6,67.6,0.617,143.0,28.7,12.4,2.62,0.271,True,9
6967,"Sion, Mumbai - MPCB",FN,2026-02-04 00:00:00+05:30,40.2,29.6,55.8,0.624,144.0,30.0,11.5,3.4,0.223,True,9
6967,"Sion, Mumbai - MPCB",FN,2026-02-05 00:00:00+05:30,34.0,28.1,60.5,0.65,152.0,27.2,8.89,4.28,0.242,True,9
6967,"Sion, Mumbai - MPCB",FN,2026-02-06 00:00:00+05:30,84.4,28.1,57.1,0.649,152.0,30.2,9.56,12.7,0.228,True,9
6967,"Sion, Mumbai - MPCB",FN,2026-02-07 00:00:00+05:30,63.6,28.1,50.7,0.65,152.0,37.7,,22.4,0.203,False,8
6967,"Sion, Mumbai - MPCB",FN,2026-02-08 00:00:00+05:30,48.8,25.8,61.0,0.65,152.0,26.3,,0.07,0.244,False,8
6967,"Sion, Mumbai - MPCB",FN,2026-02-09 00:00:00+05:30,49.4,26.6,66.3,0.607,139.0,25.8,,0.0803,0.265,False,8
6967,"Sion, Mumbai - MPCB",FN,2026-02-10 00:00:00+05:30,43.9,26.4,68.8,0.594,136.0,26.2,,0.472,0.275,False,8
6967,"Sion, Mumbai - MPCB",FN,2026-02-11 00:00:00+05:30,47.2,27.1,67.6,0.566,127.00000000000001,25.9,,0.148,0.271,False,8
6967,"Sion, Mumbai - MPCB",FN,2026-02-12 00:00:00+05:30,41.0,27.6,68.7,0.647,151.0,25.1,5.39,0.173,0.275,True,9
6967,"Sion, Mumbai - MPCB",FN,2026-02-13 00:00:00+05:30,55.9,27.2,69.2,0.645,151.0,26.6,5.55,0.171,0.276,True,9
6967,"Sion, Mumbai - MPCB",FN,2026-02-14 00:00:00+05:30,59.5,28.2,63.6,0.649,152.0,27.9,4.92,1.04,0.254,True,9
6967,"Sion, Mumbai - MPCB",FN,2026-02-15 00:00:00+05:30,99.7,28.7,63.8,0.648,153.0,25.9,6.17,0.11,0.255,True,9
6967,"Sion, Mumbai - MPCB",FN,2026-02-16 00:00:00+05:30,109.0,25.0,62.7,0.649,153.0,24.5,8.5,0.0693,0.252,True,9
6967,"Sion, Mumbai - MPCB",FN,2026-02-17 00:00:00+05:30,18.3,27.6,69.9,1.1,152.0,69.3,1.4,45.8,0.279,True,9
6967,"Sion, Mumbai - MPCB",FN,2026-02-18 00:00:00+05:30,8.34,26.4,76.3,1.06,153.0,,5.6,0.123,0.305,False,8
6967,"Sion, Mumbai - MPCB",FN,2026-02-19 00:00:00+05:30,24.4,27.0,76.0,1.08,153.0,30.7,4.06,3.65,0.304,True,9
6967,"Sion, Mumbai - MPCB",FN,2026-02-20 00:00:00+05:30,38.2,27.7,77.9,1.11,153.0,27.2,4.42,0.336,0.311,True,9
6967,"Sion, Mumbai - MPCB",FN,2026-02-21 00:00:00+05:30,36.6,29.4,64.1,1.18,153.0,27.4,3.02,0.373,0.257,True,9
6967,"Sion, Mumbai - MPCB",FN,2026-02-22 00:00:00+05:30,34.8,28.2,69.7,1.13,153.0,26.6,3.21,0.598,0.278,True,9
6967,"Sion, Mumbai - MPCB",FN,2026-02-23 00:00:00+05:30,30.7,28.2,66.2,1.13,153.0,25.9,2.74,0.509,0.265,True,9
6967,"Sion, Mumbai - MPCB",FN,2026-02-24 00:00:00+05:30,28.0,27.9,72.9,1.12,153.0,25.8,5.96,0.416,0.293,True,9
6967,"Sion, Mumbai - MPCB",FN,2026-02-25 00:00:00+05:30,23.2,30.2,66.1,1.21,153.0,25.9,3.56,0.48,0.266,True,9
6967,"Sion, Mumbai - MPCB",FN,2026-02-27 00:00:00+05:30,6.48,25.6,73.2,1.02,18.0,26.1,2.73,0.827,0.293,True,9
6967,"Sion, Mumbai - MPCB",FN,2026-02-28 00:00:00+05:30,11.2,25.9,70.3,1.04,18.100000000000005,25.6,2.98,0.607,0.281,True,9
6967,"Sion, Mumbai - MPCB",FN,2026-03-01 00:00:00+05:30,15.9,25.7,72.0,1.03,18.100000000000005,25.4,3.26,0.601,0.288,True,9
6967,"Sion, Mumbai - MPCB",FN,2026-03-02 00:00:00+05:30,84.6,27.7,70.0,1.11,17.9,32.1,9.94,0.916,0.281,True,9
6967,"Sion, Mumbai - MPCB",FN,2026-03-03 00:00:00+05:30,44.0,28.4,71.7,1.14,17.8,26.5,12.5,1.51,0.286,True,9
6967,"Sion, Mumbai - MPCB",FN,2026-03-04 00:00:00+05:30,24.2,31.4,56.8,1.25,17.7,26.8,11.4,1.58,0.227,True,9
6967,"Sion, Mumbai - MPCB",FN,2026-03-05 00:00:00+05:30,23.0,31.2,47.2,1.25,17.7,27.2,12.2,2.74,0.189,True,9
6967,"Sion, Mumbai - MPCB",FN,2026-03-06 00:00:00+05:30,22.8,29.8,56.8,1.19,17.7,29.0,12.7,5.86,0.227,True,9
6967,"Sion, Mumbai - MPCB",FN,2026-03-07 00:00:00+05:30,16.9,27.9,78.2,1.12,17.8,25.9,10.4,1.2,0.313,True,9
6967,"Sion, Mumbai - MPCB",FN,2026-03-08 00:00:00+05:30,28.9,30.6,64.0,1.22,17.7,27.6,18.0,3.7,0.256,True,9
6967,"Sion, Mumbai - MPCB",FN,2026-03-09 00:00:00+05:30,119.0,31.7,48.4,1.27,17.7,165.0,15.8,426.0,0.193,True,9
6967,"Sion, Mumbai - MPCB",FN,2026-03-10 00:00:00+05:30,493.0,35.7,39.1,1.43,17.3,,,497.0,0.16,False,7
6967,"Sion, Mumbai - MPCB",FN,2026-03-14 00:00:00+05:30,148.0,28.9,71.7,1.16,153.0,52.2,10.9,4.07,0.287,True,9
6967,"Sion, Mumbai - MPCB",FN,2026-03-15 00:00:00+05:30,82.0,28.4,76.8,1.14,153.0,27.1,10.9,0.0738,0.308,True,9
6967,"Sion, Mumbai - MPCB",FN,2026-03-16 00:00:00+05:30,48.4,28.3,77.0,1.13,153.0,24.4,12.4,0.155,0.308,True,9
6967,"Sion, Mumbai - MPCB",FN,2026-03-17 00:00:00+05:30,52.1,27.8,76.3,1.11,153.0,24.6,15.1,0.876,0.306,True,9
6967,"Sion, Mumbai - MPCB",FN,2026-03-18 00:00:00+05:30,36.9,27.4,74.1,1.1,153.0,24.1,16.2,0.455,0.296,True,9
6967,"Sion, Mumbai - MPCB",FN,2026-03-19 00:00:00+05:30,21.4,27.2,75.6,1.09,153.0,23.9,18.1,120.0,0.302,True,9
6967,"Sion, Mumbai - MPCB",FN,2026-03-20 00:00:00+05:30,20.5,27.4,72.0,1.1,153.0,23.4,24.3,0.62,0.288,True,9
6967,"Sion, Mumbai - MPCB",FN,2026-03-21 00:00:00+05:30,24.2,28.4,64.5,1.14,151.0,23.5,33.3,0.564,0.258,True,9
6967,"Sion, Mumbai - MPCB",FN,2026-03-22 00:00:00+05:30,32.6,29.6,57.5,1.18,153.0,23.4,41.7,1.11,0.23,True,9
6967,"Sion, Mumbai - MPCB",FN,2026-03-23 00:00:00+05:30,48.1,30.0,56.8,1.2,154.0,23.4,51.9,13.9,0.227,True,9
6967,"Sion, Mumbai - MPCB",FN,2026-03-24 00:00:00+05:30,54.8,31.1,62.4,1.24,154.0,23.0,94.4,1.26,0.25,True,9
6967,"Sion, Mumbai - MPCB",FN,2026-03-25 00:00:00+05:30,30.7,30.0,72.8,1.2,153.0,23.3,162.0,1.61,0.291,True,9
6967,"Sion, Mumbai - MPCB",FN,2026-03-26 00:00:00+05:30,34.1,31.1,68.0,1.24,153.0,23.3,175.0,1.11,0.272,True,9
6967,"Sion, Mumbai - MPCB",FN,2026-03-27 00:00:00+05:30,34.4,31.8,63.5,1.27,153.0,23.4,197.0,1.44,0.254,True,9
6967,"Sion, Mumbai - MPCB",FN,2026-03-28 00:00:00+05:30,45.1,29.0,81.4,1.16,153.0,23.2,,1.31,0.326,False,8
6967,"Sion, Mumbai - MPCB",FN,2026-03-29 00:00:00+05:30,12.9,28.6,81.1,1.15,153.0,23.4,,1.52,0.324,False,8
6967,"Sion, Mumbai - MPCB",FN,2026-03-30 00:00:00+05:30,30.7,29.0,81.9,1.16,153.0,23.2,,0.898,0.327,False,8
6967,"Sion, Mumbai - MPCB",FN,2026-03-31 00:00:00+05:30,10.9,29.3,77.2,1.17,153.0,23.4,,1.06,0.309,False,8
6967,"Sion, Mumbai - MPCB",FN,2026-04-01 00:00:00+05:30,22.5,28.4,79.2,1.14,153.0,23.2,,0.523,0.316,False,8
6967,"Sion, Mumbai - MPCB",FN,2026-04-02 00:00:00+05:30,23.8,28.1,77.6,1.12,153.0,23.3,,0.201,0.31,False,8
6967,"Sion, Mumbai - MPCB",FN,2026-04-03 00:00:00+05:30,36.2,28.5,74.3,1.14,153.0,23.4,,3.06,0.298,False,8
6967,"Sion, Mumbai - MPCB",FN,2026-04-04 00:00:00+05:30,23.1,28.5,77.5,1.14,152.0,23.2,,1.08,0.31,False,8
6967,"Sion, Mumbai - MPCB",FN,2026-04-05 00:00:00+05:30,14.7,28.2,74.1,1.13,150.0,23.0,,0.791,0.295,False,8
6967,"Sion, Mumbai - MPCB",FN,2026-04-06 00:00:00+05:30,14.3,27.8,73.2,1.11,149.0,23.5,,2.99,0.293,False,8
6967,"Sion, Mumbai - MPCB",FN,2026-04-07 00:00:00+05:30,15.1,28.3,75.5,1.13,147.0,23.3,,1.05,0.303,False,8
6967,"Sion, Mumbai - MPCB",FN,2026-04-08 00:00:00+05:30,17.7,29.3,78.5,1.17,146.0,23.2,,0.987,0.314,False,8
6967,"Sion, Mumbai - MPCB",FN,2026-04-09 00:00:00+05:30,63.2,29.6,70.4,1.18,146.0,23.1,,0.284,0.282,False,8
6967,"Sion, Mumbai - MPCB",FN,2026-04-10 00:00:00+05:30,336.0,29.5,69.1,1.18,146.0,23.0,,0.881,0.276,False,8
6967,"Sion, Mumbai - MPCB",FN,2026-04-11 00:00:00+05:30,47.2,30.4,77.8,1.22,146.0,23.2,,0.856,0.311,False,8
6967,"Sion, Mumbai - MPCB",FN,2026-04-12 00:00:00+05:30,93.9,29.2,80.7,1.17,146.0,23.5,,3.8,0.32,False,8
6967,"Sion, Mumbai - MPCB",FN,2026-04-13 00:00:00+05:30,270.0,27.9,89.7,1.12,146.0,23.5,,0.189,0.359,False,8
6967,"Sion, Mumbai - MPCB",FN,2026-04-14 00:00:00+05:30,31.5,34.0,68.9,1.36,145.0,22.2,,0.0,0.275,False,8
6967,"Sion, Mumbai - MPCB",FN,2026-04-15 00:00:00+05:30,103.0,30.7,74.5,1.23,145.0,23.2,,0.403,0.298,False,8
6967,"Sion, Mumbai - MPCB",FN,2026-04-16 00:00:00+05:30,16.8,28.6,79.9,1.14,145.0,23.4,,0.0462,0.32,False,8
6967,"Sion, Mumbai - MPCB",FN,2026-04-17 00:00:00+05:30,19.6,29.1,81.8,1.16,145.0,23.2,,0.0428,0.327,False,8
6967,"Sion, Mumbai - MPCB",FN,2026-04-18 00:00:00+05:30,24.8,30.3,80.8,1.21,145.0,22.8,,0.0249,0.324,False,8
6967,"Sion, Mumbai - MPCB",FN,2026-04-19 00:00:00+05:30,29.0,30.4,74.1,1.22,145.0,22.9,,0.0541,0.296,False,8
6967,"Sion, Mumbai - MPCB",FN,2026-04-20 00:00:00+05:30,91.1,29.9,78.8,1.2,145.0,23.3,,0.339,0.315,False,8
6967,"Sion, Mumbai - MPCB",FN,2026-04-21 00:00:00+05:30,71.3,30.4,78.0,1.22,145.0,23.3,,0.355,0.313,False,8
6967,"Sion, Mumbai - MPCB",FN,2026-04-22 00:00:00+05:30,22.1,30.2,77.0,1.21,145.0,23.0,,0.365,0.306,False,8
6967,"Sion, Mumbai - MPCB",FN,2026-04-23 00:00:00+05:30,37.2,31.0,72.9,1.24,145.0,22.7,,0.135,0.291,False,8
6967,"Sion, Mumbai - MPCB",FN,2026-04-24 00:00:00+05:30,155.0,31.4,78.0,1.26,145.0,22.8,,0.472,0.312,False,8
6967,"Sion, Mumbai - MPCB",FN,2026-04-25 00:00:00+05:30,70.7,31.9,72.4,1.27,145.0,22.9,,0.496,0.288,False,8
6967,"Sion, Mumbai - MPCB",FN,2026-04-26 00:00:00+05:30,72.1,30.9,80.1,1.23,144.0,23.0,,0.302,0.32,False,8
6967,"Sion, Mumbai - MPCB",FN,2026-04-27 00:00:00+05:30,133.0,30.7,83.0,1.23,144.0,22.9,,0.411,0.332,False,8
6967,"Sion, Mumbai - MPCB",FN,2026-04-28 00:00:00+05:30,91.5,30.1,84.0,1.21,145.0,23.1,,0.285,0.335,False,8
6967,"Sion, Mumbai - MPCB",FN,2026-04-29 00:00:00+05:30,72.2,30.3,81.8,1.21,145.0,22.9,,0.808,0.326,False,8
6967,"Sion, Mumbai - MPCB",FN,2026-04-30 00:00:00+05:30,44.6,30.4,81.8,1.22,145.0,23.1,,0.259,0.327,False,8
6967,"Sion, Mumbai - MPCB",FN,2026-05-01 00:00:00+05:30,37.1,30.7,79.8,1.23,145.0,23.2,,0.435,0.319,False,8
6967,"Sion, Mumbai - MPCB",FN,2026-05-02 00:00:00+05:30,41.6,30.5,80.2,1.22,145.0,23.5,,0.929,0.32,False,8
6967,"Sion, Mumbai - MPCB",FN,2026-05-03 00:00:00+05:30,74.2,30.8,80.5,1.23,145.0,23.3,,7.43,0.323,False,8
6967,"Sion, Mumbai - MPCB",FN,2026-05-04 00:00:00+05:30,6.79,31.1,78.4,1.24,146.0,23.2,,7.16,0.313,False,8
6967,"Sion, Mumbai - MPCB",FN,2026-05-05 00:00:00+05:30,71.6,31.1,78.8,1.24,146.0,22.9,,2.23,0.313,False,8
6967,"Sion, Mumbai - MPCB",FN,2026-05-06 00:00:00+05:30,7.2,32.0,73.6,1.28,146.0,22.2,,5.23,0.294,False,8
6967,"Sion, Mumbai - MPCB",FN,2026-05-07 00:00:00+05:30,65.9,31.3,80.3,1.25,145.0,22.8,,33.5,0.322,False,8
6967,"Sion, Mumbai - MPCB",FN,2026-05-08 00:00:00+05:30,147.0,31.2,81.6,1.25,145.0,22.4,,88.7,0.326,False,8
6967,"Sion, Mumbai - MPCB",FN,2026-05-09 00:00:00+05:30,36.2,32.1,77.7,1.29,145.0,22.3,,38.0,0.312,False,8
6967,"Sion, Mumbai - MPCB",FN,2026-05-10 00:00:00+05:30,48.9,32.0,77.4,1.28,145.0,22.5,,37.5,0.31,False,8
6967,"Sion, Mumbai - MPCB",FN,2026-05-11 00:00:00+05:30,44.2,32.4,77.6,1.3,144.0,23.1,,26.9,0.313,False,8
6967,"Sion, Mumbai - MPCB",FN,2026-05-12 00:00:00+05:30,31.7,31.5,79.9,1.26,145.0,29.4,1.6,22.7,0.32,True,9
6967,"Sion, Mumbai - MPCB",FN,2026-05-13 00:00:00+05:30,7.31,31.3,81.8,1.25,146.0,38.8,0.0,32.5,0.327,True,9
6967,"Sion, Mumbai - MPCB",FN,2026-05-14 00:00:00+05:30,6.65,31.4,80.6,1.26,146.0,34.5,0.0,17.7,0.322,True,9
6967,"Sion, Mumbai - MPCB",FN,2026-05-15 00:00:00+05:30,7.16,31.2,80.4,1.25,145.0,34.5,0.762,23.8,0.321,True,9
6967,"Sion, Mumbai - MPCB",FN,2026-05-16 00:00:00+05:30,16.6,30.6,82.2,1.22,144.0,33.9,0.0107,27.1,0.331,True,9
6967,"Sion, Mumbai - MPCB",FN,2026-05-17 00:00:00+05:30,28.3,29.9,85.5,1.2,144.0,34.0,0.0,31.5,0.34,True,9
6967,"Sion, Mumbai - MPCB",FN,2026-05-18 00:00:00+05:30,31.8,32.6,77.5,1.3,143.0,33.3,0.046,42.2,0.31,True,9
6967,"Sion, Mumbai - MPCB",FN,2026-05-19 00:00:00+05:30,32.2,30.8,78.8,1.23,143.0,34.7,24.5,43.4,0.317,True,9
6967,"Sion, Mumbai - MPCB",FN,2026-05-20 00:00:00+05:30,28.3,30.9,79.3,1.23,72.5,35.0,29.0,43.6,0.317,True,9
6967,"Sion, Mumbai - MPCB",FN,2026-05-21 00:00:00+05:30,28.1,31.4,79.7,1.25,8.190000000000001,34.1,29.1,42.8,0.319,True,9
6967,"Sion, Mumbai - MPCB",FN,2026-05-22 00:00:00+05:30,28.1,31.9,80.3,1.28,8.179999999999998,34.9,29.2,43.2,0.321,True,9
6967,"Sion, Mumbai - MPCB",FN,2026-05-23 00:00:00+05:30,27.1,32.1,80.0,1.28,9.73,34.7,29.2,43.2,0.32,True,9
6967,"Sion, Mumbai - MPCB",FN,2026-05-24 00:00:00+05:30,22.7,32.2,80.7,1.29,10.4,34.6,29.2,42.8,0.323,True,9
6967,"Sion, Mumbai - MPCB",FN,2026-05-25 00:00:00+05:30,24.6,32.0,80.6,1.28,9.749999999999998,34.3,29.3,42.6,0.322,True,9
6967,"Sion, Mumbai - MPCB",FN,2026-05-26 00:00:00+05:30,28.7,31.9,79.9,1.28,9.290000000000001,35.5,29.2,43.6,0.32,True,9
6967,"Sion, Mumbai - MPCB",FN,2026-05-27 00:00:00+05:30,42.5,31.9,78.2,1.27,9.369999999999997,27.8,29.1,38.2,0.312,True,9
6967,"Sion, Mumbai - MPCB",FN,2026-05-28 00:00:00+05:30,,32.1,76.3,1.28,9.09,31.3,29.4,41.1,0.305,False,8
6967,"Sion, Mumbai - MPCB",FN,2026-05-29 00:00:00+05:30,27.8,32.2,76.7,1.29,8.76,31.0,29.5,43.7,0.307,True,9
6967,"Sion, Mumbai - MPCB",FN,2026-05-30 00:00:00+05:30,29.0,32.5,78.0,1.3,8.92,29.0,29.5,29.5,0.312,True,9
6967,"Sion, Mumbai - MPCB",FN,2026-05-31 00:00:00+05:30,26.1,31.8,81.4,1.27,8.42,26.9,29.5,3.5,0.325,True,9
6967,"Sion, Mumbai - MPCB",FN,2026-06-01 00:00:00+05:30,24.1,32.3,77.0,1.29,8.23,26.8,29.7,3.5,0.308,True,9
6967,"Sion, Mumbai - MPCB",FN,2026-06-02 00:00:00+05:30,31.3,32.1,77.2,1.28,9.54,30.5,29.8,3.5,0.309,True,9
6967,"Sion, Mumbai - MPCB",FN,2026-06-03 00:00:00+05:30,33.5,31.0,78.4,1.24,10.5,28.2,30.0,3.5,0.314,True,9
6967,"Sion, Mumbai - MPCB",FN,2026-06-04 00:00:00+05:30,30.0,31.7,78.7,1.27,10.7,25.6,30.2,3.5,0.314,True,9
6967,"Sion, Mumbai - MPCB",FN,2026-06-05 00:00:00+05:30,31.1,32.4,79.7,1.29,10.600000000000001,24.0,30.1,3.5,0.319,True,9
6967,"Sion, Mumbai - MPCB",FN,2026-06-06 00:00:00+05:30,31.0,32.8,77.5,1.31,10.600000000000001,23.8,30.4,3.5,0.309,True,9
6967,"Sion, Mumbai - MPCB",FN,2026-06-07 00:00:00+05:30,38.1,31.4,83.0,1.25,10.7,24.1,30.4,,0.33,False,8
6967,"Sion, Mumbai - MPCB",FN,2026-06-08 00:00:00+05:30,31.8,33.0,76.3,1.32,10.200000000000001,23.6,31.6,3.5,0.306,True,9
6967,"Sion, Mumbai - MPCB",FN,2026-06-09 00:00:00+05:30,29.3,32.5,78.3,1.3,10.200000000000001,23.6,32.0,3.5,0.314,True,9
6967,"Sion, Mumbai - MPCB",FN,2026-06-10 00:00:00+05:30,31.2,32.2,78.1,1.29,10.3,23.7,32.7,3.5,0.312,True,9
6967,"Sion, Mumbai - MPCB",FN,2026-06-11 00:00:00+05:30,28.4,32.3,77.4,1.29,9.68,22.7,32.5,3.5,0.309,True,9
6967,"Sion, Mumbai - MPCB",FN,2026-06-12 00:00:00+05:30,,32.4,78.5,1.3,8.49,30.5,31.8,3.5,0.315,False,8
6967,"Sion, Mumbai - MPCB",FN,2026-06-13 00:00:00+05:30,,32.3,78.1,1.29,8.21,39.3,,3.5,0.313,False,7
6967,"Sion, Mumbai - MPCB",FN,2026-06-14 00:00:00+05:30,,32.1,76.7,1.29,8.49,38.5,,3.5,0.307,False,7
6967,"Sion, Mumbai - MPCB",FN,2026-06-15 00:00:00+05:30,,32.2,76.2,1.29,8.58,39.7,,3.5,0.305,False,7
6967,"Sion, Mumbai - MPCB",FN,2026-06-16 00:00:00+05:30,,32.0,76.0,1.28,8.79,39.5,,3.5,0.304,False,7
6967,"Sion, Mumbai - MPCB",FN,2026-06-17 00:00:00+05:30,32.3,32.0,74.7,1.28,8.8,39.2,,3.5,0.298,False,8
6967,"Sion, Mumbai - MPCB",FN,2026-06-18 00:00:00+05:30,31.4,31.8,75.2,1.27,8.91,39.1,,3.5,0.302,False,8
6967,"Sion, Mumbai - MPCB",FN,2026-06-19 00:00:00+05:30,44.6,31.8,73.2,1.27,8.93,32.6,31.8,3.5,0.292,True,9
6967,"Sion, Mumbai - MPCB",FN,2026-06-20 00:00:00+05:30,,31.8,74.0,1.27,8.95,31.9,32.1,3.5,0.296,False,8
6967,"Sion, Mumbai - MPCB",FN,2026-06-21 00:00:00+05:30,,31.0,79.8,1.24,7.46,40.0,,3.5,0.32,False,7
6967,"Sion, Mumbai - MPCB",FN,2026-06-22 00:00:00+05:30,,30.2,82.8,1.21,7.699999999999999,40.6,,3.5,0.332,False,7
6967,"Sion, Mumbai - MPCB",FN,2026-06-23 00:00:00+05:30,,27.3,93.6,1.09,8.04,40.1,,3.5,0.375,False,7
6967,"Sion, Mumbai - MPCB",FN,2026-06-25 00:00:00+05:30,,28.6,89.6,1.14,260.0,30.1,,3.5,0.36,False,7
6967,"Sion, Mumbai - MPCB",FN,2026-06-26 00:00:00+05:30,,29.6,87.0,1.18,260.0,30.8,,3.5,0.348,False,7
6967,"Sion, Mumbai - MPCB",FN,2026-06-27 00:00:00+05:30,,30.3,83.3,1.21,260.0,30.3,,3.5,0.333,False,7
6967,"Sion, Mumbai - MPCB",FN,2026-06-28 00:00:00+05:30,,29.5,88.1,1.18,259.0,30.2,,3.5,0.352,False,7
6967,"Sion, Mumbai - MPCB",FN,2026-06-29 00:00:00+05:30,5.0,27.0,95.0,1.08,258.0,30.2,,3.5,0.381,False,8
6967,"Sion, Mumbai - MPCB",FN,2026-06-30 00:00:00+05:30,,26.3,99.5,1.05,259.0,30.1,,3.5,0.399,False,7
6967,"Sion, Mumbai - MPCB",FN,2026-07-01 00:00:00+05:30,16.6,25.9,99.8,1.04,210.99999999999997,30.8,,3.5,0.4,False,8
6967,"Sion, Mumbai - MPCB",FN,2026-07-02 00:00:00+05:30,23.0,26.2,98.3,1.05,226.0,30.8,,3.5,0.393,False,8
6967,"Sion, Mumbai - MPCB",FN,2026-07-03 00:00:00+05:30,21.9,25.6,99.9,1.02,237.0,31.1,,3.5,0.4,False,8
6967,"Sion, Mumbai - MPCB",FN,2026-07-04 00:00:00+05:30,22.6,33.2,99.9,1.33,217.99999999999997,31.0,,3.5,0.4,False,8
6967,"Sion, Mumbai - MPCB",FN,2026-07-05 00:00:00+05:30,25.9,43.9,99.9,1.75,230.99999999999997,31.5,,3.5,0.4,False,8
6967,"Sion, Mumbai - MPCB",FN,2026-07-06 00:00:00+05:30,33.9,44.6,99.9,1.79,164.0,32.2,,3.5,0.4,False,8
6967,"Sion, Mumbai - MPCB",FN,2026-07-07 00:00:00+05:30,31.8,48.4,98.5,1.93,102.0,31.2,121.0,3.5,0.395,True,9
12024,"Chakala-Andheri East, Mumbai - IITM",KE,2025-10-11 00:00:00+05:30,64.1,23.4,52.8,0.112,271.0,55.3,27.1,4.35,0.631,True,9
12024,"Chakala-Andheri East, Mumbai - IITM",KE,2025-10-12 00:00:00+05:30,65.5,23.3,51.1,0.111,155.0,56.0,28.3,5.77,0.684,True,9
12024,"Chakala-Andheri East, Mumbai - IITM",KE,2025-10-13 00:00:00+05:30,63.1,23.4,50.9,0.119,177.0,66.8,26.6,2.1,0.81,True,9
12024,"Chakala-Andheri East, Mumbai - IITM",KE,2025-10-14 00:00:00+05:30,60.2,23.3,50.9,0.119,152.0,64.6,31.4,1.45,0.672,True,9
12024,"Chakala-Andheri East, Mumbai - IITM",KE,2025-10-15 00:00:00+05:30,63.5,23.3,50.7,0.122,147.0,65.3,27.3,10.2,0.746,True,9
12024,"Chakala-Andheri East, Mumbai - IITM",KE,2025-10-16 00:00:00+05:30,57.6,23.4,49.5,0.152,155.0,58.7,29.8,6.82,0.767,True,9
12024,"Chakala-Andheri East, Mumbai - IITM",KE,2025-10-17 00:00:00+05:30,36.3,23.4,52.2,0.134,278.0,50.1,29.1,4.88,0.638,True,9
12024,"Chakala-Andheri East, Mumbai - IITM",KE,2025-10-18 00:00:00+05:30,65.8,23.3,52.2,0.144,274.0,52.1,39.7,5.7,0.568,True,9
12024,"Chakala-Andheri East, Mumbai - IITM",KE,2025-10-19 00:00:00+05:30,81.1,23.6,51.5,0.132,270.0,47.3,37.6,1.74,0.695,True,9
12024,"Chakala-Andheri East, Mumbai - IITM",KE,2025-10-20 00:00:00+05:30,155.0,24.4,45.4,0.124,197.0,57.4,22.1,3.25,0.74,True,9
12024,"Chakala-Andheri East, Mumbai - IITM",KE,2025-10-21 00:00:00+05:30,105.0,24.2,45.5,0.149,181.0,32.9,38.7,4.23,0.446,True,9
12024,"Chakala-Andheri East, Mumbai - IITM",KE,2025-10-22 00:00:00+05:30,62.1,23.3,50.1,0.105,188.99999999999997,38.2,27.2,5.96,0.45,True,9
12024,"Chakala-Andheri East, Mumbai - IITM",KE,2025-10-23 00:00:00+05:30,53.5,22.1,50.0,0.102,201.0,39.0,19.8,5.52,0.381,True,9
12024,"Chakala-Andheri East, Mumbai - IITM",KE,2025-10-24 00:00:00+05:30,34.8,23.3,50.1,0.103,203.99999999999997,41.7,15.6,8.04,0.374,True,9
12024,"Chakala-Andheri East, Mumbai - IITM",KE,2025-10-25 00:00:00+05:30,17.0,22.7,49.7,0.107,172.0,34.0,7.41,8.67,0.394,True,9
12024,"Chakala-Andheri East, Mumbai - IITM",KE,2025-10-26 00:00:00+05:30,20.4,23.4,49.8,0.104,178.0,31.9,4.71,12.8,0.416,True,9
12024,"Chakala-Andheri East, Mumbai - IITM",KE,2025-10-27 00:00:00+05:30,17.7,23.3,53.4,0.121,201.0,30.9,11.3,5.03,0.305,True,9
12024,"Chakala-Andheri East, Mumbai - IITM",KE,2025-10-28 00:00:00+05:30,24.6,19.1,52.8,0.116,263.0,31.1,16.0,5.15,0.301,True,9
12024,"Chakala-Andheri East, Mumbai - IITM",KE,2025-10-29 00:00:00+05:30,27.4,23.3,50.2,0.111,223.0,35.4,19.6,6.25,0.331,True,9
12024,"Chakala-Andheri East, Mumbai - IITM",KE,2025-10-30 00:00:00+05:30,38.5,23.3,51.9,0.105,228.0,38.4,17.2,6.03,0.42,True,9
12024,"Chakala-Andheri East, Mumbai - IITM",KE,2025-10-31 00:00:00+05:30,22.6,23.3,54.7,0.104,279.0,41.8,8.68,4.3,0.476,True,9
12024,"Chakala-Andheri East, Mumbai - IITM",KE,2025-11-01 00:00:00+05:30,,23.3,54.2,0.108,297.0,34.3,9.05,6.58,0.433,False,8
12024,"Chakala-Andheri East, Mumbai - IITM",KE,2025-11-02 00:00:00+05:30,19.5,23.3,55.3,0.101,306.0,35.5,5.39,3.76,0.446,True,9
12024,"Chakala-Andheri East, Mumbai - IITM",KE,2025-11-03 00:00:00+05:30,20.0,23.5,52.6,0.108,193.99999999999997,33.4,27.0,30.5,0.646,True,9
12024,"Chakala-Andheri East, Mumbai - IITM",KE,2025-11-04 00:00:00+05:30,32.7,23.2,53.2,0.12,210.99999999999997,41.8,23.2,,0.576,False,8
12024,"Chakala-Andheri East, Mumbai - IITM",KE,2025-11-05 00:00:00+05:30,27.5,23.2,51.9,0.11,173.0,36.4,19.5,1.37,0.25,True,9
12024,"Chakala-Andheri East, Mumbai - IITM",KE,2025-11-06 00:00:00+05:30,43.7,23.1,52.2,0.109,167.0,44.2,34.9,3.06,0.267,True,9
12024,"Chakala-Andheri East, Mumbai - IITM",KE,2025-11-07 00:00:00+05:30,94.6,23.2,52.8,0.105,214.0,59.4,35.2,2.64,0.409,True,9
12024,"Chakala-Andheri East, Mumbai - IITM",KE,2025-11-08 00:00:00+05:30,44.3,23.5,51.0,0.119,154.0,59.5,32.1,5.83,0.403,True,9
12024,"Chakala-Andheri East, Mumbai - IITM",KE,2025-11-09 00:00:00+05:30,44.6,23.2,52.4,0.124,137.0,56.0,28.2,10.1,0.418,True,9
12024,"Chakala-Andheri East, Mumbai - IITM",KE,2025-11-10 00:00:00+05:30,56.8,23.3,54.6,0.106,130.0,79.9,11.2,11.6,1.09,True,9
12024,"Chakala-Andheri East, Mumbai - IITM",KE,2025-11-11 00:00:00+05:30,62.9,23.3,55.2,0.139,201.99999999999997,72.7,36.5,9.93,0.825,True,9
12024,"Chakala-Andheri East, Mumbai - IITM",KE,2025-11-12 00:00:00+05:30,63.3,23.2,54.2,0.147,232.00000000000003,57.4,49.6,11.4,0.621,True,9
12024,"Chakala-Andheri East, Mumbai - IITM",KE,2025-11-13 00:00:00+05:30,64.1,23.3,52.0,0.154,176.0,68.4,47.9,8.73,0.955,True,9
12024,"Chakala-Andheri East, Mumbai - IITM",KE,2025-11-14 00:00:00+05:30,75.0,23.2,52.0,0.13,178.0,72.0,41.5,5.68,0.895,True,9
12024,"Chakala-Andheri East, Mumbai - IITM",KE,2025-11-15 00:00:00+05:30,79.0,22.9,53.7,0.113,172.0,92.4,20.4,9.18,1.05,True,9
12024,"Chakala-Andheri East, Mumbai - IITM",KE,2025-11-16 00:00:00+05:30,71.6,23.2,52.6,0.148,165.0,64.8,41.4,5.59,0.723,True,9
12024,"Chakala-Andheri East, Mumbai - IITM",KE,2025-11-17 00:00:00+05:30,77.1,23.3,53.3,0.148,228.0,56.5,59.0,12.2,0.611,True,9
12024,"Chakala-Andheri East, Mumbai - IITM",KE,2025-11-18 00:00:00+05:30,86.3,23.4,52.6,0.133,153.0,69.1,49.8,8.74,0.73,True,9
12024,"Chakala-Andheri East, Mumbai - IITM",KE,2025-11-19 00:00:00+05:30,85.1,23.2,54.5,0.14,236.0,76.9,42.1,11.6,0.89,True,9
12024,"Chakala-Andheri East, Mumbai - IITM",KE,2025-11-20 00:00:00+05:30,86.9,22.6,53.4,0.14,203.0,84.5,44.8,5.2,1.11,True,9
12024,"Chakala-Andheri East, Mumbai - IITM",KE,2025-11-21 00:00:00+05:30,100.0,23.2,52.8,0.132,162.0,82.9,46.8,5.37,1.01,True,9
12024,"Chakala-Andheri East, Mumbai - IITM",KE,2025-11-22 00:00:00+05:30,104.0,23.2,54.5,0.125,236.0,93.8,41.1,13.5,1.19,True,9
12024,"Chakala-Andheri East, Mumbai - IITM",KE,2025-11-23 00:00:00+05:30,116.0,23.0,55.6,0.133,315.0,88.0,48.5,11.7,1.27,True,9
12024,"Chakala-Andheri East, Mumbai - IITM",KE,2025-11-24 00:00:00+05:30,112.0,23.3,55.2,0.125,272.0,96.0,29.7,9.46,1.35,True,9
12024,"Chakala-Andheri East, Mumbai - IITM",KE,2025-11-25 00:00:00+05:30,105.0,23.2,50.7,0.118,122.0,90.8,43.1,6.77,1.31,True,9
12024,"Chakala-Andheri East, Mumbai - IITM",KE,2025-11-26 00:00:00+05:30,92.7,23.3,53.5,0.125,180.0,86.6,49.2,4.25,1.11,True,9
12024,"Chakala-Andheri East, Mumbai - IITM",KE,2025-11-27 00:00:00+05:30,82.9,23.2,52.6,0.132,179.0,77.7,31.6,11.8,0.958,True,9
12024,"Chakala-Andheri East, Mumbai - IITM",KE,2025-11-28 00:00:00+05:30,71.3,23.3,52.6,0.132,165.0,78.2,19.6,7.39,0.777,True,9
12024,"Chakala-Andheri East, Mumbai - IITM",KE,2025-11-29 00:00:00+05:30,59.5,23.1,51.7,0.147,157.0,65.2,28.2,13.3,0.644,True,9
12024,"Chakala-Andheri East, Mumbai - IITM",KE,2025-11-30 00:00:00+05:30,51.9,23.1,53.6,0.128,212.0,76.6,37.1,9.09,0.641,True,9
12024,"Chakala-Andheri East, Mumbai - IITM",KE,2025-12-01 00:00:00+05:30,63.8,23.1,53.3,0.13,243.99999999999994,85.6,42.4,13.7,0.843,True,9
12024,"Chakala-Andheri East, Mumbai - IITM",KE,2025-12-02 00:00:00+05:30,64.1,23.2,52.6,0.135,188.0,93.0,38.8,12.8,0.965,True,9
12024,"Chakala-Andheri East, Mumbai - IITM",KE,2025-12-03 00:00:00+05:30,69.2,23.2,52.2,0.133,159.0,85.4,45.7,11.8,0.887,True,9
12024,"Chakala-Andheri East, Mumbai - IITM",KE,2025-12-04 00:00:00+05:30,72.7,23.4,51.4,0.132,182.99999999999997,53.7,40.9,15.5,0.83,True,9
12024,"Chakala-Andheri East, Mumbai - IITM",KE,2025-12-05 00:00:00+05:30,67.0,23.3,53.1,0.16,188.99999999999997,65.5,46.4,16.3,0.709,True,9
12024,"Chakala-Andheri East, Mumbai - IITM",KE,2025-12-06 00:00:00+05:30,58.3,23.2,53.8,0.121,212.0,64.4,49.0,14.6,0.659,True,9
12024,"Chakala-Andheri East, Mumbai - IITM",KE,2025-12-07 00:00:00+05:30,62.1,22.6,54.2,0.104,215.0,60.9,53.7,11.8,0.707,True,9
12024,"Chakala-Andheri East, Mumbai - IITM",KE,2025-12-08 00:00:00+05:30,62.8,23.1,51.5,0.102,170.0,89.8,27.0,8.86,1.12,True,9
12024,"Chakala-Andheri East, Mumbai - IITM",KE,2025-12-09 00:00:00+05:30,39.6,22.9,49.9,0.103,146.0,68.3,41.2,12.7,0.821,True,9
12024,"Chakala-Andheri East, Mumbai - IITM",KE,2025-12-10 00:00:00+05:30,30.8,23.2,48.7,0.106,128.0,72.1,,11.6,0.63,False,8
12024,"Chakala-Andheri East, Mumbai - IITM",KE,2025-12-11 00:00:00+05:30,34.6,22.3,49.4,0.105,159.0,75.5,25.6,10.2,0.661,True,9
12024,"Chakala-Andheri East, Mumbai - IITM",KE,2025-12-12 00:00:00+05:30,46.9,23.3,49.0,0.105,148.0,78.2,29.5,10.5,0.879,True,9
12024,"Chakala-Andheri East, Mumbai - IITM",KE,2025-12-13 00:00:00+05:30,50.8,23.1,50.0,0.102,137.0,40.9,34.6,11.6,0.903,True,9
12024,"Chakala-Andheri East, Mumbai - IITM",KE,2025-12-14 00:00:00+05:30,59.4,23.3,54.2,0.108,219.99999999999997,40.6,32.5,13.1,0.935,True,9
12024,"Chakala-Andheri East, Mumbai - IITM",KE,2025-12-15 00:00:00+05:30,54.2,23.2,54.4,0.109,266.0,51.8,25.8,19.1,1.07,True,9
12024,"Chakala-Andheri East, Mumbai - IITM",KE,2025-12-16 00:00:00+05:30,48.9,23.2,53.9,0.118,267.0,69.1,45.0,14.0,0.649,True,9
12024,"Chakala-Andheri East, Mumbai - IITM",KE,2025-12-17 00:00:00+05:30,63.7,23.2,53.1,0.104,226.0,86.2,48.0,11.1,1.09,True,9
12024,"Chakala-Andheri East, Mumbai - IITM",KE,2025-12-18 00:00:00+05:30,65.1,23.2,52.8,0.104,195.99999999999997,89.7,33.9,10.6,0.919,True,9
12024,"Chakala-Andheri East, Mumbai - IITM",KE,2025-12-19 00:00:00+05:30,52.9,23.2,53.5,0.105,223.0,81.6,38.3,11.0,0.974,True,9
12024,"Chakala-Andheri East, Mumbai - IITM",KE,2025-12-20 00:00:00+05:30,41.5,23.2,50.0,0.102,131.0,82.1,20.3,17.7,1.15,True,9
12024,"Chakala-Andheri East, Mumbai - IITM",KE,2025-12-21 00:00:00+05:30,35.6,23.2,47.4,0.101,103.0,73.3,27.2,14.4,0.971,True,9
12024,"Chakala-Andheri East, Mumbai - IITM",KE,2025-12-22 00:00:00+05:30,51.2,21.9,48.3,0.0971,96.9,85.3,20.7,11.8,1.1,True,9
12024,"Chakala-Andheri East, Mumbai - IITM",KE,2025-12-23 00:00:00+05:30,39.8,23.0,47.8,0.0937,127.00000000000001,68.8,37.1,12.7,0.83,True,9
12024,"Chakala-Andheri East, Mumbai - IITM",KE,2025-12-24 00:00:00+05:30,37.0,23.3,50.6,0.109,146.0,69.2,33.1,19.0,0.767,True,9
12024,"Chakala-Andheri East, Mumbai - IITM",KE,2025-12-25 00:00:00+05:30,47.9,23.2,50.2,0.0972,102.0,88.5,33.1,12.0,1.15,True,9
12024,"Chakala-Andheri East, Mumbai - IITM",KE,2025-12-26 00:00:00+05:30,56.2,23.3,51.1,0.0982,128.0,92.3,45.2,16.4,1.35,True,9
12024,"Chakala-Andheri East, Mumbai - IITM",KE,2025-12-27 00:00:00+05:30,,23.2,51.2,0.0982,155.0,69.1,34.8,6.72,1.09,False,8
12024,"Chakala-Andheri East, Mumbai - IITM",KE,2025-12-28 00:00:00+05:30,71.6,23.3,51.3,0.0971,105.00000000000001,93.3,35.4,6.44,1.09,True,9
12024,"Chakala-Andheri East, Mumbai - IITM",KE,2025-12-29 00:00:00+05:30,73.5,23.3,51.9,0.1,129.0,97.2,44.4,6.24,1.22,True,9
12024,"Chakala-Andheri East, Mumbai - IITM",KE,2025-12-30 00:00:00+05:30,74.8,23.3,53.9,0.0994,203.99999999999997,92.7,50.1,6.86,1.05,True,9
12024,"Chakala-Andheri East, Mumbai - IITM",KE,2025-12-31 00:00:00+05:30,68.0,23.2,55.7,0.107,281.0,78.3,44.6,4.53,1.05,True,9
12024,"Chakala-Andheri East, Mumbai - IITM",KE,2026-01-01 00:00:00+05:30,42.6,22.6,54.1,0.101,195.99999999999997,57.7,22.7,1.92,0.797,True,9
12024,"Chakala-Andheri East, Mumbai - IITM",KE,2026-01-02 00:00:00+05:30,59.3,23.3,53.5,0.0999,151.0,74.3,26.5,4.18,1.17,True,9
12024,"Chakala-Andheri East, Mumbai - IITM",KE,2026-01-03 00:00:00+05:30,69.2,23.3,52.6,0.0998,190.99999999999997,89.7,19.0,4.9,1.34,True,9
12024,"Chakala-Andheri East, Mumbai - IITM",KE,2026-01-04 00:00:00+05:30,93.8,23.3,52.3,0.1,188.0,88.6,18.3,9.71,1.49,True,9
12024,"Chakala-Andheri East, Mumbai - IITM",KE,2026-01-05 00:00:00+05:30,81.5,23.3,53.1,0.0997,239.99999999999994,82.4,27.7,2.22,1.06,True,9
12024,"Chakala-Andheri East, Mumbai - IITM",KE,2026-01-06 00:00:00+05:30,84.6,22.0,53.9,0.101,263.0,85.8,26.3,6.97,1.08,True,9
12024,"Chakala-Andheri East, Mumbai - IITM",KE,2026-01-07 00:00:00+05:30,85.0,22.5,52.3,0.101,228.0,90.8,30.3,8.88,0.949,True,9
12024,"Chakala-Andheri East, Mumbai - IITM",KE,2026-01-08 00:00:00+05:30,64.7,23.4,51.3,0.1,227.0,75.3,44.6,63.5,0.96,True,9
12024,"Chakala-Andheri East, Mumbai - IITM",KE,2026-01-09 00:00:00+05:30,64.3,21.5,42.1,0.0998,167.0,152.0,,,0.828,False,7
12024,"Chakala-Andheri East, Mumbai - IITM",KE,2026-01-10 00:00:00+05:30,63.1,21.4,42.2,0.101,170.0,81.7,26.4,6.83,0.811,True,9
12024,"Chakala-Andheri East, Mumbai - IITM",KE,2026-01-20 00:00:00+05:30,65.2,23.4,55.2,0.1,238.0,102.0,20.0,2.08,0.686,True,9
12024,"Chakala-Andheri East, Mumbai - IITM",KE,2026-01-21 00:00:00+05:30,81.2,23.4,54.6,0.0992,212.0,77.2,60.8,2.28,0.99,True,9
12024,"Chakala-Andheri East, Mumbai - IITM",KE,2026-01-22 00:00:00+05:30,75.9,23.4,54.8,0.0998,190.99999999999997,74.7,66.1,2.79,0.444,True,9
12024,"Chakala-Andheri East, Mumbai - IITM",KE,2026-01-23 00:00:00+05:30,55.5,23.4,54.9,0.103,208.99999999999997,56.9,44.0,2.62,0.291,True,9
12024,"Chakala-Andheri East, Mumbai - IITM",KE,2026-01-24 00:00:00+05:30,44.3,23.4,54.5,0.101,212.0,60.3,44.8,12.0,0.241,True,9
12024,"Chakala-Andheri East, Mumbai - IITM",KE,2026-01-25 00:00:00+05:30,65.3,23.3,54.8,0.104,268.0,72.6,51.7,2.85,0.519,True,9
12024,"Chakala-Andheri East, Mumbai - IITM",KE,2026-01-26 00:00:00+05:30,89.3,23.5,54.6,0.102,267.0,64.5,76.6,3.01,0.649,True,9
12024,"Chakala-Andheri East, Mumbai - IITM",KE,2026-01-27 00:00:00+05:30,56.2,22.6,53.6,0.102,195.99999999999997,48.0,58.0,0.419,0.169,True,9
12024,"Chakala-Andheri East, Mumbai - IITM",KE,2026-01-28 00:00:00+05:30,34.7,23.4,53.5,0.0972,133.0,57.8,52.3,1.32,0.119,True,9
12024,"Chakala-Andheri East, Mumbai - IITM",KE,2026-01-29 00:00:00+05:30,51.8,23.4,53.2,0.0996,149.0,85.4,46.4,4.18,0.429,True,9
12024,"Chakala-Andheri East, Mumbai - IITM",KE,2026-01-30 00:00:00+05:30,77.0,23.3,54.3,0.102,212.0,52.8,56.2,1.9,0.457,True,9
12024,"Chakala-Andheri East, Mumbai - IITM",KE,2026-01-31 00:00:00+05:30,69.9,23.4,53.7,0.109,156.0,53.2,50.9,2.95,0.282,True,9
12024,"Chakala-Andheri East, Mumbai - IITM",KE,2026-02-01 00:00:00+05:30,81.0,23.4,54.2,0.101,199.0,61.0,58.8,1.37,0.615,True,9
12024,"Chakala-Andheri East, Mumbai - IITM",KE,2026-02-02 00:00:00+05:30,95.1,23.4,55.3,0.0995,298.0,74.1,60.9,6.68,0.651,True,9
12024,"Chakala-Andheri East, Mumbai - IITM",KE,2026-02-03 00:00:00+05:30,84.8,23.4,53.3,0.1,141.0,76.8,46.1,2.55,0.486,True,9
12024,"Chakala-Andheri East, Mumbai - IITM",KE,2026-02-04 00:00:00+05:30,127.0,23.4,49.9,0.0872,150.0,65.5,94.9,6.08,0.273,True,9
12024,"Chakala-Andheri East, Mumbai - IITM",KE,2026-02-05 00:00:00+05:30,,23.4,52.7,0.1,194.99999999999997,76.7,50.4,8.89,0.387,False,8
12024,"Chakala-Andheri East, Mumbai - IITM",KE,2026-02-06 00:00:00+05:30,77.7,23.5,51.3,0.102,212.99999999999997,79.9,44.8,9.81,0.346,True,9
12024,"Chakala-Andheri East, Mumbai - IITM",KE,2026-02-07 00:00:00+05:30,77.5,23.4,50.9,0.101,179.0,82.3,47.8,11.4,0.391,True,9
12024,"Chakala-Andheri East, Mumbai - IITM",KE,2026-02-08 00:00:00+05:30,70.4,23.4,53.5,0.1,259.0,86.5,24.1,11.2,0.766,True,9
12024,"Chakala-Andheri East, Mumbai - IITM",KE,2026-02-09 00:00:00+05:30,65.9,23.5,51.4,0.109,203.99999999999997,49.5,63.8,13.0,0.29,True,9
12024,"Chakala-Andheri East, Mumbai - IITM",KE,2026-02-10 00:00:00+05:30,64.2,23.6,49.4,0.0997,158.0,31.5,89.8,11.4,0.298,True,9
12024,"Chakala-Andheri East, Mumbai - IITM",KE,2026-02-11 00:00:00+05:30,77.4,23.7,45.0,0.103,114.00000000000001,91.2,61.3,8.88,1.33,True,9
12024,"Chakala-Andheri East, Mumbai - IITM",KE,2026-02-12 00:00:00+05:30,72.1,23.4,50.4,0.111,183.99999999999997,85.5,80.6,37.1,0.82,True,9
12024,"Chakala-Andheri East, Mumbai - IITM",KE,2026-02-13 00:00:00+05:30,70.9,23.1,49.7,0.107,192.99999999999997,84.4,86.7,,0.838,False,8
12024,"Chakala-Andheri East, Mumbai - IITM",KE,2026-02-14 00:00:00+05:30,79.2,23.1,50.2,0.108,173.0,95.3,80.6,14.8,0.39,True,9
12024,"Chakala-Andheri East, Mumbai - IITM",KE,2026-02-15 00:00:00+05:30,76.6,23.3,49.3,0.101,143.0,98.2,51.0,16.6,0.828,True,9
12024,"Chakala-Andheri East, Mumbai - IITM",KE,2026-02-16 00:00:00+05:30,68.3,23.3,52.6,0.0998,128.0,115.0,6.83,17.2,0.866,True,9
12024,"Chakala-Andheri East, Mumbai - IITM",KE,2026-02-17 00:00:00+05:30,54.8,23.1,46.8,0.111,147.0,65.6,93.4,1.02,0.176,True,9
12024,"Chakala-Andheri East, Mumbai - IITM",KE,2026-02-18 00:00:00+05:30,26.0,23.2,49.8,0.113,172.0,61.8,44.8,1.06,0.0559,True,9
12024,"Chakala-Andheri East, Mumbai - IITM",KE,2026-02-19 00:00:00+05:30,66.0,22.7,54.0,0.112,282.0,75.2,85.7,0.12,0.468,True,9
12024,"Chakala-Andheri East, Mumbai - IITM",KE,2026-02-20 00:00:00+05:30,97.4,22.8,52.4,0.107,233.99999999999997,81.1,85.0,6.21,0.592,True,9
12024,"Chakala-Andheri East, Mumbai - IITM",KE,2026-02-21 00:00:00+05:30,81.3,23.3,48.4,0.106,181.99999999999997,98.1,81.6,4.05,0.628,True,9
12024,"Chakala-Andheri East, Mumbai - IITM",KE,2026-02-22 00:00:00+05:30,92.0,23.2,50.7,0.106,210.99999999999997,86.4,66.2,5.3,0.825,True,9
12024,"Chakala-Andheri East, Mumbai - IITM",KE,2026-02-23 00:00:00+05:30,70.2,23.2,50.1,0.105,163.0,85.4,81.9,4.37,0.714,True,9
12024,"Chakala-Andheri East, Mumbai - IITM",KE,2026-02-24 00:00:00+05:30,63.9,23.3,50.3,0.102,154.0,90.5,60.8,4.94,0.563,True,9
12024,"Chakala-Andheri East, Mumbai - IITM",KE,2026-02-25 00:00:00+05:30,53.2,22.5,52.5,0.12,228.0,79.6,42.0,7.32,0.417,True,9
12024,"Chakala-Andheri East, Mumbai - IITM",KE,2026-02-26 00:00:00+05:30,24.7,23.1,51.8,0.105,215.0,52.7,32.9,4.02,0.178,True,9
12024,"Chakala-Andheri East, Mumbai - IITM",KE,2026-02-27 00:00:00+05:30,21.0,23.2,50.4,0.114,156.0,48.3,32.1,2.74,0.135,True,9
12024,"Chakala-Andheri East, Mumbai - IITM",KE,2026-02-28 00:00:00+05:30,23.7,23.3,49.3,0.1,146.0,56.1,31.9,5.37,0.216,True,9
12024,"Chakala-Andheri East, Mumbai - IITM",KE,2026-03-01 00:00:00+05:30,25.6,23.4,49.8,0.0991,161.0,54.4,51.4,3.66,0.0549,True,9
12024,"Chakala-Andheri East, Mumbai - IITM",KE,2026-03-02 00:00:00+05:30,35.5,23.4,51.6,0.11,212.99999999999997,65.0,41.9,0.672,0.36,True,9
12024,"Chakala-Andheri East, Mumbai - IITM",KE,2026-03-03 00:00:00+05:30,105.0,8.53,49.6,0.111,181.0,62.1,62.6,3.36,1.29,True,9
12024,"Chakala-Andheri East, Mumbai - IITM",KE,2026-03-04 00:00:00+05:30,57.7,,43.0,0.109,197.0,39.4,28.3,2.46,0.262,False,8
12024,"Chakala-Andheri East, Mumbai - IITM",KE,2026-03-05 00:00:00+05:30,39.9,,38.5,0.118,165.0,40.8,51.0,17.0,0.494,False,8
12024,"Chakala-Andheri East, Mumbai - IITM",KE,2026-03-06 00:00:00+05:30,43.9,,38.6,0.111,165.0,39.0,41.7,3.45,0.713,False,8
12024,"Chakala-Andheri East, Mumbai - IITM",KE,2026-03-07 00:00:00+05:30,39.0,,29.7,0.109,121.0,32.2,38.3,1.51,0.333,False,8
12024,"Chakala-Andheri East, Mumbai - IITM",KE,2026-03-08 00:00:00+05:30,69.5,,31.4,0.1,143.0,36.7,78.9,1.54,0.466,False,8
12024,"Chakala-Andheri East, Mumbai - IITM",KE,2026-03-09 00:00:00+05:30,66.4,,33.0,0.131,155.0,51.1,49.0,3.43,0.735,False,8
12024,"Chakala-Andheri East, Mumbai - IITM",KE,2026-03-10 00:00:00+05:30,60.7,16.7,46.3,0.142,188.99999999999997,71.1,200.0,4.04,0.417,True,9
12024,"Chakala-Andheri East, Mumbai - IITM",KE,2026-03-11 00:00:00+05:30,72.8,23.5,51.7,0.112,177.0,71.2,97.2,8.96,0.566,True,9
12024,"Chakala-Andheri East, Mumbai - IITM",KE,2026-03-12 00:00:00+05:30,62.6,,,,,54.3,109.0,10.9,0.432,False,5
12024,"Chakala-Andheri East, Mumbai - IITM",KE,2026-03-13 00:00:00+05:30,58.1,,,,,80.5,110.0,14.7,0.421,False,5
12024,"Chakala-Andheri East, Mumbai - IITM",KE,2026-03-14 00:00:00+05:30,43.2,,,,,115.0,68.8,17.1,0.39,False,5
12024,"Chakala-Andheri East, Mumbai - IITM",KE,2026-03-15 00:00:00+05:30,30.3,,,,,74.0,62.0,11.9,0.0424,False,5
12024,"Chakala-Andheri East, Mumbai - IITM",KE,2026-03-16 00:00:00+05:30,20.0,,,,,60.4,60.1,11.8,0.366,False,5
12024,"Chakala-Andheri East, Mumbai - IITM",KE,2026-03-17 00:00:00+05:30,26.7,,,,,79.4,64.7,9.94,0.262,False,5
12024,"Chakala-Andheri East, Mumbai - IITM",KE,2026-03-18 00:00:00+05:30,26.7,,,,,102.0,55.8,8.09,0.713,False,5
12024,"Chakala-Andheri East, Mumbai - IITM",KE,2026-03-19 00:00:00+05:30,21.1,,,,,73.0,55.5,5.4,0.312,False,5
12024,"Chakala-Andheri East, Mumbai - IITM",KE,2026-03-20 00:00:00+05:30,17.0,,,,,96.8,39.2,7.99,0.292,False,5
12024,"Chakala-Andheri East, Mumbai - IITM",KE,2026-03-21 00:00:00+05:30,31.4,,,,,107.0,88.3,8.36,0.403,False,5
12024,"Chakala-Andheri East, Mumbai - IITM",KE,2026-03-22 00:00:00+05:30,44.8,,,,,164.0,22.0,8.87,0.913,False,5
12024,"Chakala-Andheri East, Mumbai - IITM",KE,2026-03-23 00:00:00+05:30,47.1,,,,,93.6,107.0,7.76,0.771,False,5
12024,"Chakala-Andheri East, Mumbai - IITM",KE,2026-03-24 00:00:00+05:30,46.9,,,,,105.0,113.0,4.61,0.372,False,5
12024,"Chakala-Andheri East, Mumbai - IITM",KE,2026-03-25 00:00:00+05:30,36.0,,,,,95.3,94.3,4.62,0.396,False,5
12024,"Chakala-Andheri East, Mumbai - IITM",KE,2026-03-26 00:00:00+05:30,45.4,,,,,110.0,112.0,6.86,0.613,False,5
12024,"Chakala-Andheri East, Mumbai - IITM",KE,2026-03-27 00:00:00+05:30,62.2,,,,,105.0,103.0,14.0,0.429,False,5
12024,"Chakala-Andheri East, Mumbai - IITM",KE,2026-03-28 00:00:00+05:30,30.3,,,,,57.8,69.2,13.0,0.12,False,5
12024,"Chakala-Andheri East, Mumbai - IITM",KE,2026-03-29 00:00:00+05:30,14.0,,,,,48.3,37.5,16.0,0.0843,False,5
12024,"Chakala-Andheri East, Mumbai - IITM",KE,2026-03-30 00:00:00+05:30,29.0,,,,,67.9,45.6,7.57,0.232,False,5
12024,"Chakala-Andheri East, Mumbai - IITM",KE,2026-03-31 00:00:00+05:30,13.9,,,,,50.4,26.8,7.59,0.201,False,5
12024,"Chakala-Andheri East, Mumbai - IITM",KE,2026-04-01 00:00:00+05:30,13.9,,,,,55.2,54.4,5.92,0.152,False,5
12024,"Chakala-Andheri East, Mumbai - IITM",KE,2026-04-02 00:00:00+05:30,17.6,,,,,69.9,74.2,11.7,0.118,False,5
12024,"Chakala-Andheri East, Mumbai - IITM",KE,2026-04-03 00:00:00+05:30,31.5,,,,,75.8,65.4,12.2,0.182,False,5
12024,"Chakala-Andheri East, Mumbai - IITM",KE,2026-04-04 00:00:00+05:30,16.7,,,,,57.1,87.6,13.9,0.27,False,5
12024,"Chakala-Andheri East, Mumbai - IITM",KE,2026-04-05 00:00:00+05:30,21.8,,,,,53.8,76.8,3.96,0.15,False,5
12024,"Chakala-Andheri East, Mumbai - IITM",KE,2026-04-06 00:00:00+05:30,20.6,,,,,49.9,77.4,6.12,0.27,False,5
12024,"Chakala-Andheri East, Mumbai - IITM",KE,2026-04-07 00:00:00+05:30,22.7,,,,,48.7,73.6,7.33,0.463,False,5
12024,"Chakala-Andheri East, Mumbai - IITM",KE,2026-04-08 00:00:00+05:30,22.2,,,,,27.3,36.1,2.1,0.404,False,5
12024,"Chakala-Andheri East, Mumbai - IITM",KE,2026-04-09 00:00:00+05:30,29.7,,,,,56.2,34.6,3.37,0.731,False,5
12024,"Chakala-Andheri East, Mumbai - IITM",KE,2026-04-10 00:00:00+05:30,51.2,,,,,48.6,60.6,,1.11,False,4
12024,"Chakala-Andheri East, Mumbai - IITM",KE,2026-04-11 00:00:00+05:30,52.6,,,,,,123.0,3.73,0.844,False,4
12024,"Chakala-Andheri East, Mumbai - IITM",KE,2026-04-12 00:00:00+05:30,51.0,,,,,35.6,78.0,2.27,0.862,False,5
12024,"Chakala-Andheri East, Mumbai - IITM",KE,2026-04-13 00:00:00+05:30,41.1,,,,,17.7,77.2,1.29,0.549,False,5
12024,"Chakala-Andheri East, Mumbai - IITM",KE,2026-04-14 00:00:00+05:30,54.5,,,,,26.4,77.1,2.42,0.708,False,5
12024,"Chakala-Andheri East, Mumbai - IITM",KE,2026-04-15 00:00:00+05:30,26.8,,,,,17.1,65.9,3.12,0.596,False,5
12024,"Chakala-Andheri East, Mumbai - IITM",KE,2026-04-16 00:00:00+05:30,20.9,,,,,12.5,73.2,7.24,0.479,False,5
12024,"Chakala-Andheri East, Mumbai - IITM",KE,2026-04-17 00:00:00+05:30,26.8,,,,,14.0,58.1,5.01,0.607,False,5
12024,"Chakala-Andheri East, Mumbai - IITM",KE,2026-04-18 00:00:00+05:30,35.8,,,,,14.2,71.7,6.06,0.601,False,5
12024,"Chakala-Andheri East, Mumbai - IITM",KE,2026-04-19 00:00:00+05:30,38.7,,,,,16.5,60.1,0.987,0.604,False,5
12024,"Chakala-Andheri East, Mumbai - IITM",KE,2026-04-20 00:00:00+05:30,36.6,,,,,11.5,72.1,3.58,0.493,False,5
12024,"Chakala-Andheri East, Mumbai - IITM",KE,2026-04-21 00:00:00+05:30,59.1,,,,,16.8,81.7,9.87,0.673,False,5
12024,"Chakala-Andheri East, Mumbai - IITM",KE,2026-04-22 00:00:00+05:30,35.8,,,,,15.5,58.6,8.32,0.66,False,5
12024,"Chakala-Andheri East, Mumbai - IITM",KE,2026-04-23 00:00:00+05:30,37.0,,,,,19.4,77.6,4.38,0.719,False,5
12024,"Chakala-Andheri East, Mumbai - IITM",KE,2026-04-24 00:00:00+05:30,35.5,,,,,18.2,66.6,6.86,0.659,False,5
12024,"Chakala-Andheri East, Mumbai - IITM",KE,2026-04-25 00:00:00+05:30,34.9,,,,,19.4,79.3,16.5,0.702,False,5
12024,"Chakala-Andheri East, Mumbai - IITM",KE,2026-04-26 00:00:00+05:30,30.7,,,,,10.9,58.3,12.3,0.407,False,5
12024,"Chakala-Andheri East, Mumbai - IITM",KE,2026-04-27 00:00:00+05:30,23.8,,,,,8.57,52.0,8.54,0.345,False,5
12024,"Chakala-Andheri East, Mumbai - IITM",KE,2026-04-28 00:00:00+05:30,23.6,,,,,8.51,38.4,13.8,0.349,False,5
12024,"Chakala-Andheri East, Mumbai - IITM",KE,2026-04-29 00:00:00+05:30,21.8,,,,,11.0,35.8,17.0,0.379,False,5
12024,"Chakala-Andheri East, Mumbai - IITM",KE,2026-04-30 00:00:00+05:30,20.2,,,,,8.05,38.6,5.4,0.403,False,5
12024,"Chakala-Andheri East, Mumbai - IITM",KE,2026-05-01 00:00:00+05:30,20.0,,,,,7.72,41.3,11.7,0.313,False,5
12024,"Chakala-Andheri East, Mumbai - IITM",KE,2026-05-02 00:00:00+05:30,21.3,,,,,7.52,41.1,9.04,0.641,False,5
12024,"Chakala-Andheri East, Mumbai - IITM",KE,2026-05-03 00:00:00+05:30,20.3,,,,,15.2,40.0,14.9,0.654,False,5
12024,"Chakala-Andheri East, Mumbai - IITM",KE,2026-05-04 00:00:00+05:30,17.3,,,,,30.2,35.1,16.9,0.623,False,5
12024,"Chakala-Andheri East, Mumbai - IITM",KE,2026-05-05 00:00:00+05:30,21.2,,,,,34.4,40.4,15.0,0.611,False,5
12024,"Chakala-Andheri East, Mumbai - IITM",KE,2026-05-06 00:00:00+05:30,18.5,,,,,43.0,51.6,14.5,0.82,False,5
12024,"Chakala-Andheri East, Mumbai - IITM",KE,2026-05-07 00:00:00+05:30,23.1,,,,,48.0,54.9,12.1,0.867,False,5
12024,"Chakala-Andheri East, Mumbai - IITM",KE,2026-05-08 00:00:00+05:30,26.1,,,,,51.2,56.0,8.62,0.904,False,5
12024,"Chakala-Andheri East, Mumbai - IITM",KE,2026-05-09 00:00:00+05:30,23.8,,,,,48.2,62.3,10.6,0.808,False,5
12024,"Chakala-Andheri East, Mumbai - IITM",KE,2026-05-10 00:00:00+05:30,22.0,,,,,51.4,74.6,7.29,0.905,False,5
12024,"Chakala-Andheri East, Mumbai - IITM",KE,2026-05-11 00:00:00+05:30,21.6,,,,,48.2,65.2,5.71,0.84,False,5
12024,"Chakala-Andheri East, Mumbai - IITM",KE,2026-05-12 00:00:00+05:30,16.2,,,,,34.8,53.0,12.5,0.649,False,5
12024,"Chakala-Andheri East, Mumbai - IITM",KE,2026-05-13 00:00:00+05:30,15.0,,,,,26.8,50.0,8.55,0.612,False,5
12024,"Chakala-Andheri East, Mumbai - IITM",KE,2026-05-14 00:00:00+05:30,18.3,,,,,39.4,70.8,7.59,0.588,False,5
12024,"Chakala-Andheri East, Mumbai - IITM",KE,2026-05-15 00:00:00+05:30,16.6,22.9,51.6,0.137,216.0,20.7,37.8,2.53,0.585,True,9
12024,"Chakala-Andheri East, Mumbai - IITM",KE,2026-05-16 00:00:00+05:30,10.4,23.4,53.4,0.128,159.0,21.4,29.4,1.03,0.719,True,9
12024,"Chakala-Andheri East, Mumbai - IITM",KE,2026-05-17 00:00:00+05:30,11.0,23.3,52.7,0.13,212.99999999999997,17.4,36.7,1.45,0.659,True,9
12024,"Chakala-Andheri East, Mumbai - IITM",KE,2026-05-18 00:00:00+05:30,20.7,23.6,53.5,0.114,181.99999999999997,18.9,42.2,,0.853,False,8
12024,"Chakala-Andheri East, Mumbai - IITM",KE,2026-05-19 00:00:00+05:30,18.7,23.4,52.8,0.113,224.0,14.4,49.5,8.75,0.37,True,9
12024,"Chakala-Andheri East, Mumbai - IITM",KE,2026-05-20 00:00:00+05:30,15.8,23.3,52.2,0.122,243.99999999999994,13.1,35.9,9.75,0.382,True,9
12024,"Chakala-Andheri East, Mumbai - IITM",KE,2026-05-21 00:00:00+05:30,7.39,23.3,51.4,0.122,181.0,14.5,34.2,7.19,0.558,True,9
12024,"Chakala-Andheri East, Mumbai - IITM",KE,2026-05-22 00:00:00+05:30,11.7,23.2,51.7,0.126,208.0,14.2,33.0,15.2,0.794,True,9
12024,"Chakala-Andheri East, Mumbai - IITM",KE,2026-05-23 00:00:00+05:30,11.6,23.2,52.1,0.116,285.0,13.9,30.5,8.37,0.77,True,9
12024,"Chakala-Andheri East, Mumbai - IITM",KE,2026-05-24 00:00:00+05:30,9.6,23.3,51.7,0.121,248.0,10.5,26.9,9.2,0.719,True,9
12024,"Chakala-Andheri East, Mumbai - IITM",KE,2026-05-25 00:00:00+05:30,7.64,23.3,51.7,0.133,263.0,13.8,26.4,11.8,0.647,True,9
12024,"Chakala-Andheri East, Mumbai - IITM",KE,2026-05-26 00:00:00+05:30,9.43,23.4,52.3,0.138,285.0,12.1,25.7,5.62,0.651,True,9
12024,"Chakala-Andheri East, Mumbai - IITM",KE,2026-05-27 00:00:00+05:30,9.99,23.2,51.6,0.116,201.99999999999997,14.2,25.4,12.0,0.692,True,9
12024,"Chakala-Andheri East, Mumbai - IITM",KE,2026-05-28 00:00:00+05:30,11.5,23.4,50.5,0.106,146.0,12.8,32.2,14.3,0.632,True,9
12024,"Chakala-Andheri East, Mumbai - IITM",KE,2026-05-29 00:00:00+05:30,13.9,23.6,51.7,0.126,214.0,11.5,34.1,8.82,0.336,True,9
12024,"Chakala-Andheri East, Mumbai - IITM",KE,2026-05-30 00:00:00+05:30,13.9,23.2,50.4,0.127,195.99999999999997,11.4,29.0,12.2,0.0349,True,9
12024,"Chakala-Andheri East, Mumbai - IITM",KE,2026-05-31 00:00:00+05:30,14.2,23.2,50.2,0.103,184.99999999999997,14.1,23.8,7.36,0.0343,True,9
12024,"Chakala-Andheri East, Mumbai - IITM",KE,2026-06-01 00:00:00+05:30,9.3,23.2,51.4,0.127,215.0,15.4,26.1,8.31,0.163,True,9
12024,"Chakala-Andheri East, Mumbai - IITM",KE,2026-06-02 00:00:00+05:30,15.2,23.3,51.8,0.128,271.0,15.7,32.4,10.3,0.108,True,9
12024,"Chakala-Andheri East, Mumbai - IITM",KE,2026-06-03 00:00:00+05:30,15.7,23.3,51.7,0.115,219.99999999999997,20.6,46.4,8.71,0.492,True,9
12024,"Chakala-Andheri East, Mumbai - IITM",KE,2026-06-04 00:00:00+05:30,14.8,23.6,51.7,0.13,217.0,20.2,48.7,22.3,0.577,True,9
12024,"Chakala-Andheri East, Mumbai - IITM",KE,2026-06-05 00:00:00+05:30,12.4,23.7,51.5,0.141,268.0,19.9,29.6,,0.979,False,8
12024,"Chakala-Andheri East, Mumbai - IITM",KE,2026-06-06 00:00:00+05:30,13.5,23.3,51.8,0.143,277.0,17.0,31.3,15.1,0.471,True,9
12024,"Chakala-Andheri East, Mumbai - IITM",KE,2026-06-07 00:00:00+05:30,14.4,23.3,52.0,0.128,268.0,14.6,35.8,11.0,0.287,True,9
12024,"Chakala-Andheri East, Mumbai - IITM",KE,2026-06-08 00:00:00+05:30,13.8,23.3,52.1,0.131,278.0,15.3,37.1,11.8,0.27,True,9
12024,"Chakala-Andheri East, Mumbai - IITM",KE,2026-06-09 00:00:00+05:30,17.4,23.3,51.6,0.143,270.0,18.3,37.6,19.5,0.309,True,9
12024,"Chakala-Andheri East, Mumbai - IITM",KE,2026-06-10 00:00:00+05:30,17.8,23.2,51.9,0.133,273.0,15.4,37.7,17.1,0.276,True,9
12024,"Chakala-Andheri East, Mumbai - IITM",KE,2026-06-11 00:00:00+05:30,15.9,23.4,52.5,0.149,265.0,15.1,41.8,6.32,0.236,True,9
12024,"Chakala-Andheri East, Mumbai - IITM",KE,2026-06-12 00:00:00+05:30,13.8,23.3,52.1,0.134,287.0,14.2,41.2,7.58,0.293,True,9
12024,"Chakala-Andheri East, Mumbai - IITM",KE,2026-06-13 00:00:00+05:30,14.5,23.2,51.8,0.138,279.0,15.3,36.6,8.17,0.334,True,9
12024,"Chakala-Andheri East, Mumbai - IITM",KE,2026-06-14 00:00:00+05:30,12.1,23.3,50.4,0.122,250.0,14.2,37.8,11.7,0.326,True,9
12024,"Chakala-Andheri East, Mumbai - IITM",KE,2026-06-15 00:00:00+05:30,11.4,23.4,50.0,0.141,264.0,12.8,37.0,15.9,0.204,True,9
12024,"Chakala-Andheri East, Mumbai - IITM",KE,2026-06-16 00:00:00+05:30,15.4,23.5,51.0,0.34,304.0,15.3,30.5,7.59,0.212,True,9
12039,"Khindipada-Bhandup West, Mumbai - IITM",T,2025-10-15 00:00:00+05:30,,30.1,37.9,,,15.9,37.5,2.69,0.947,False,6
12039,"Khindipada-Bhandup West, Mumbai - IITM",T,2025-10-17 00:00:00+05:30,,29.7,37.5,,,13.3,44.3,0.645,0.945,False,6
12039,"Khindipada-Bhandup West, Mumbai - IITM",T,2025-10-18 00:00:00+05:30,,30.1,37.6,,,12.1,46.6,7.52,0.877,False,6
12039,"Khindipada-Bhandup West, Mumbai - IITM",T,2025-10-19 00:00:00+05:30,,30.0,37.6,,,12.5,37.5,8.54,0.91,False,6
12039,"Khindipada-Bhandup West, Mumbai - IITM",T,2025-10-20 00:00:00+05:30,,30.2,37.6,,,12.8,32.1,9.69,1.14,False,6
12039,"Khindipada-Bhandup West, Mumbai - IITM",T,2025-10-21 00:00:00+05:30,,30.0,37.6,,,10.0,48.6,7.47,0.849,False,6
12039,"Khindipada-Bhandup West, Mumbai - IITM",T,2025-10-22 00:00:00+05:30,,30.0,37.6,,,9.07,34.1,7.84,0.733,False,6
12039,"Khindipada-Bhandup West, Mumbai - IITM",T,2025-10-23 00:00:00+05:30,,29.9,37.5,,,9.84,24.5,9.68,0.736,False,6
12039,"Khindipada-Bhandup West, Mumbai - IITM",T,2025-10-24 00:00:00+05:30,,29.4,37.0,,,12.0,16.7,12.6,0.755,False,6
12039,"Khindipada-Bhandup West, Mumbai - IITM",T,2025-10-25 00:00:00+05:30,,29.6,37.1,,,11.2,11.5,7.34,0.847,False,6
12039,"Khindipada-Bhandup West, Mumbai - IITM",T,2025-10-26 00:00:00+05:30,,30.8,37.8,,,11.0,5.0,14.8,0.803,False,6
12039,"Khindipada-Bhandup West, Mumbai - IITM",T,2025-10-27 00:00:00+05:30,,30.2,37.6,,,11.5,19.8,7.48,0.793,False,6
12039,"Khindipada-Bhandup West, Mumbai - IITM",T,2025-10-28 00:00:00+05:30,,30.2,37.7,,,14.1,17.6,7.71,0.802,False,6
12039,"Khindipada-Bhandup West, Mumbai - IITM",T,2025-10-29 00:00:00+05:30,,30.1,37.7,,,13.4,23.9,10.1,0.824,False,6
12039,"Khindipada-Bhandup West, Mumbai - IITM",T,2025-10-30 00:00:00+05:30,,30.4,37.8,,,13.4,25.9,8.6,0.748,False,6
12039,"Khindipada-Bhandup West, Mumbai - IITM",T,2025-10-31 00:00:00+05:30,,27.9,34.3,,,8.47,16.3,9.86,0.618,False,6
12039,"Khindipada-Bhandup West, Mumbai - IITM",T,2025-11-01 00:00:00+05:30,,30.3,37.7,,,12.1,15.1,6.48,0.83,False,6
12039,"Khindipada-Bhandup West, Mumbai - IITM",T,2025-11-02 00:00:00+05:30,,30.6,37.8,,,13.5,9.78,8.36,0.907,False,6
12039,"Khindipada-Bhandup West, Mumbai - IITM",T,2025-11-03 00:00:00+05:30,,30.2,37.7,,,10.6,13.2,10.9,0.85,False,6
12039,"Khindipada-Bhandup West, Mumbai - IITM",T,2025-11-04 00:00:00+05:30,,30.0,37.7,,,6.75,21.6,11.3,0.7,False,6
12039,"Khindipada-Bhandup West, Mumbai - IITM",T,2025-11-05 00:00:00+05:30,,30.3,37.8,,,5.48,30.1,8.84,0.672,False,6
12039,"Khindipada-Bhandup West, Mumbai - IITM",T,2025-11-06 00:00:00+05:30,,29.6,37.5,,,5.56,35.5,127.0,0.615,False,6
12039,"Khindipada-Bhandup West, Mumbai - IITM",T,2025-11-07 00:00:00+05:30,,28.5,37.0,,,,40.2,11.0,0.847,False,5
12039,"Khindipada-Bhandup West, Mumbai - IITM",T,2025-11-08 00:00:00+05:30,,30.1,37.1,,,14.9,47.9,12.7,0.814,False,6
12039,"Khindipada-Bhandup West, Mumbai - IITM",T,2025-11-09 00:00:00+05:30,,30.8,37.5,,,13.6,37.8,9.55,0.718,False,6
12039,"Khindipada-Bhandup West, Mumbai - IITM",T,2025-11-10 00:00:00+05:30,,31.6,37.8,,,22.5,21.7,15.7,1.36,False,6
12039,"Khindipada-Bhandup West, Mumbai - IITM",T,2025-11-11 00:00:00+05:30,,31.0,37.6,,,26.3,50.0,10.2,0.85,False,6
12039,"Khindipada-Bhandup West, Mumbai - IITM",T,2025-11-12 00:00:00+05:30,,30.6,37.5,,,19.0,68.1,9.72,0.741,False,6
12039,"Khindipada-Bhandup West, Mumbai - IITM",T,2025-11-13 00:00:00+05:30,,30.7,37.7,,,22.9,48.8,10.9,0.696,False,6
12039,"Khindipada-Bhandup West, Mumbai - IITM",T,2025-11-14 00:00:00+05:30,,30.5,37.6,,,21.1,62.9,11.5,0.771,False,6
12039,"Khindipada-Bhandup West, Mumbai - IITM",T,2025-11-15 00:00:00+05:30,,30.3,37.6,,,18.4,63.0,9.85,0.699,False,6
12039,"Khindipada-Bhandup West, Mumbai - IITM",T,2025-11-16 00:00:00+05:30,,29.7,36.8,,,18.1,62.8,8.76,0.685,False,6
12039,"Khindipada-Bhandup West, Mumbai - IITM",T,2025-11-17 00:00:00+05:30,,30.3,37.6,0.0,0.0,21.2,75.0,11.1,0.725,False,8
12039,"Khindipada-Bhandup West, Mumbai - IITM",T,2025-11-18 00:00:00+05:30,,0.0,0.0,0.0,0.0,19.6,74.9,11.2,0.728,False,8
12039,"Khindipada-Bhandup West, Mumbai - IITM",T,2025-11-19 00:00:00+05:30,,29.1,38.8,,,20.1,67.1,4.51,0.679,False,6
12039,"Khindipada-Bhandup West, Mumbai - IITM",T,2025-11-20 00:00:00+05:30,,28.8,38.8,,,23.2,85.4,6.8,0.743,False,6
12039,"Khindipada-Bhandup West, Mumbai - IITM",T,2025-11-21 00:00:00+05:30,,29.0,38.8,,,25.2,82.7,7.3,0.78,False,6
12039,"Khindipada-Bhandup West, Mumbai - IITM",T,2025-11-22 00:00:00+05:30,,29.0,38.9,,,28.0,93.1,9.72,0.867,False,6
12039,"Khindipada-Bhandup West, Mumbai - IITM",T,2025-11-23 00:00:00+05:30,,29.3,38.9,,,21.7,78.2,8.02,0.886,False,6
12039,"Khindipada-Bhandup West, Mumbai - IITM",T,2025-11-24 00:00:00+05:30,,28.9,39.1,,,22.5,76.3,7.11,0.984,False,6
12039,"Khindipada-Bhandup West, Mumbai - IITM",T,2025-11-25 00:00:00+05:30,,30.5,38.6,,,23.6,33.1,4.52,0.983,False,6
12039,"Khindipada-Bhandup West, Mumbai - IITM",T,2025-11-26 00:00:00+05:30,,28.7,39.5,,,18.9,87.9,1.73,0.166,False,6
12039,"Khindipada-Bhandup West, Mumbai - IITM",T,2025-11-27 00:00:00+05:30,,29.1,39.3,,,19.9,49.4,6.73,0.526,False,6
12039,"Khindipada-Bhandup West, Mumbai - IITM",T,2025-11-28 00:00:00+05:30,,28.7,38.7,,,19.3,36.6,6.45,0.661,False,6
12039,"Khindipada-Bhandup West, Mumbai - IITM",T,2025-11-29 00:00:00+05:30,,28.8,37.8,,,15.1,52.0,9.86,0.593,False,6
12039,"Khindipada-Bhandup West, Mumbai - IITM",T,2025-11-30 00:00:00+05:30,,28.9,37.6,,,21.8,77.8,9.56,0.774,False,6
12039,"Khindipada-Bhandup West, Mumbai - IITM",T,2025-12-01 00:00:00+05:30,,28.8,37.6,,,20.6,82.9,11.2,0.873,False,6
12039,"Khindipada-Bhandup West, Mumbai - IITM",T,2025-12-02 00:00:00+05:30,,28.9,37.6,,,20.2,77.3,8.67,0.756,False,6
12039,"Khindipada-Bhandup West, Mumbai - IITM",T,2025-12-03 00:00:00+05:30,,28.9,37.7,,,17.3,80.7,11.0,0.709,False,6
12039,"Khindipada-Bhandup West, Mumbai - IITM",T,2025-12-04 00:00:00+05:30,,29.0,37.6,,,15.2,80.3,9.45,0.648,False,6
12039,"Khindipada-Bhandup West, Mumbai - IITM",T,2025-12-05 00:00:00+05:30,,28.6,37.8,,,14.7,84.1,9.14,0.555,False,6
12039,"Khindipada-Bhandup West, Mumbai - IITM",T,2025-12-06 00:00:00+05:30,,28.7,37.8,,,19.3,84.1,10.8,0.557,False,6
12039,"Khindipada-Bhandup West, Mumbai - IITM",T,2025-12-07 00:00:00+05:30,,28.7,37.8,,,16.7,96.4,10.1,0.637,False,6
12039,"Khindipada-Bhandup West, Mumbai - IITM",T,2025-12-08 00:00:00+05:30,,28.9,37.7,,,16.9,62.0,10.3,0.494,False,6
12039,"Khindipada-Bhandup West, Mumbai - IITM",T,2025-12-09 00:00:00+05:30,,28.8,37.8,,,0.0,2.0,0.0,0.0,False,6
12039,"Khindipada-Bhandup West, Mumbai - IITM",T,2025-12-10 00:00:00+05:30,,28.4,37.7,,,70.2,62.2,8.18,0.584,False,6
12039,"Khindipada-Bhandup West, Mumbai - IITM",T,2025-12-11 00:00:00+05:30,,27.5,37.7,0.0,0.0,16.9,89.6,81.0,0.647,False,8
12039,"Khindipada-Bhandup West, Mumbai - IITM",T,2025-12-12 00:00:00+05:30,,27.0,38.1,,,63.2,80.6,10.9,0.877,False,6
12039,"Khindipada-Bhandup West, Mumbai - IITM",T,2025-12-13 00:00:00+05:30,,28.3,37.5,,,80.4,79.1,10.6,0.632,False,6
12039,"Khindipada-Bhandup West, Mumbai - IITM",T,2025-12-14 00:00:00+05:30,,28.4,37.5,,,56.6,98.9,11.7,0.839,False,6
12039,"Khindipada-Bhandup West, Mumbai - IITM",T,2025-12-15 00:00:00+05:30,,28.5,37.5,,,46.7,67.5,9.84,0.745,False,6
12039,"Khindipada-Bhandup West, Mumbai - IITM",T,2025-12-16 00:00:00+05:30,,28.3,37.5,,,44.4,75.5,12.1,0.687,False,6
12039,"Khindipada-Bhandup West, Mumbai - IITM",T,2025-12-17 00:00:00+05:30,,28.4,37.6,,,39.0,93.5,10.5,0.917,False,6
12039,"Khindipada-Bhandup West, Mumbai - IITM",T,2025-12-18 00:00:00+05:30,,28.6,37.6,,,13.0,24.3,3.74,0.363,False,6
12039,"Khindipada-Bhandup West, Mumbai - IITM",T,2025-12-19 00:00:00+05:30,,27.4,38.6,,,28.3,65.1,4.77,0.467,False,6
12039,"Khindipada-Bhandup West, Mumbai - IITM",T,2025-12-20 00:00:00+05:30,,27.9,38.7,,,39.0,79.5,11.3,0.246,False,6
12039,"Khindipada-Bhandup West, Mumbai - IITM",T,2025-12-21 00:00:00+05:30,,27.7,38.7,,,40.5,84.2,11.9,0.121,False,6
12039,"Khindipada-Bhandup West, Mumbai - IITM",T,2025-12-22 00:00:00+05:30,,27.2,38.9,,,39.2,84.2,12.6,0.199,False,6
12039,"Khindipada-Bhandup West, Mumbai - IITM",T,2025-12-23 00:00:00+05:30,,27.7,38.9,,,36.8,36.2,11.3,0.224,False,6
12039,"Khindipada-Bhandup West, Mumbai - IITM",T,2025-12-24 00:00:00+05:30,,28.0,38.8,,,29.4,53.4,10.7,0.277,False,6
12039,"Khindipada-Bhandup West, Mumbai - IITM",T,2025-12-25 00:00:00+05:30,,28.1,38.9,,,35.0,52.6,10.5,0.361,False,6
12039,"Khindipada-Bhandup West, Mumbai - IITM",T,2025-12-26 00:00:00+05:30,,28.2,38.9,,,38.5,62.5,8.68,0.342,False,6
12039,"Khindipada-Bhandup West, Mumbai - IITM",T,2025-12-27 00:00:00+05:30,,28.3,38.9,,,41.6,59.3,9.81,0.433,False,6
12039,"Khindipada-Bhandup West, Mumbai - IITM",T,2025-12-28 00:00:00+05:30,,28.5,38.8,,,34.4,68.7,11.4,0.354,False,6
12039,"Khindipada-Bhandup West, Mumbai - IITM",T,2025-12-29 00:00:00+05:30,,27.5,38.3,,,35.7,71.6,6.97,0.328,False,6
12039,"Khindipada-Bhandup West, Mumbai - IITM",T,2025-12-30 00:00:00+05:30,,28.5,37.4,,,9.19,9.5,1.55,0.0689,False,6
12039,"Khindipada-Bhandup West, Mumbai - IITM",T,2025-12-31 00:00:00+05:30,,27.3,35.3,,,6.09,29.2,0.786,0.018,False,6
12039,"Khindipada-Bhandup West, Mumbai - IITM",T,2026-01-02 00:00:00+05:30,,27.5,38.2,,,29.9,78.4,1.05,0.528,False,6
12039,"Khindipada-Bhandup West, Mumbai - IITM",T,2026-01-03 00:00:00+05:30,,28.3,37.9,,,27.5,49.1,2.46,0.289,False,6
12039,"Khindipada-Bhandup West, Mumbai - IITM",T,2026-01-04 00:00:00+05:30,,28.0,38.0,,,24.7,46.7,1.35,0.403,False,6
12039,"Khindipada-Bhandup West, Mumbai - IITM",T,2026-01-05 00:00:00+05:30,,27.7,38.8,,,25.1,76.0,88.0,0.413,False,6
12039,"Khindipada-Bhandup West, Mumbai - IITM",T,2026-01-06 00:00:00+05:30,,27.7,39.4,,,22.9,55.5,2.82,0.438,False,6
12039,"Khindipada-Bhandup West, Mumbai - IITM",T,2026-01-07 00:00:00+05:30,,27.3,39.4,,,27.6,56.2,3.68,0.873,False,6
12039,"Khindipada-Bhandup West, Mumbai - IITM",T,2026-01-08 00:00:00+05:30,,28.0,39.0,,,22.8,63.7,2.71,0.307,False,6
12039,"Khindipada-Bhandup West, Mumbai - IITM",T,2026-01-09 00:00:00+05:30,,27.6,39.0,,,20.2,69.4,4.18,0.3,False,6
12039,"Khindipada-Bhandup West, Mumbai - IITM",T,2026-01-10 00:00:00+05:30,,27.4,39.0,,,20.8,67.9,5.24,0.342,False,6
12039,"Khindipada-Bhandup West, Mumbai - IITM",T,2026-01-20 00:00:00+05:30,,28.5,38.1,,,28.5,62.7,6.88,0.442,False,6
12039,"Khindipada-Bhandup West, Mumbai - IITM",T,2026-01-21 00:00:00+05:30,,27.8,38.4,,,24.1,67.9,9.0,0.301,False,6
12039,"Khindipada-Bhandup West, Mumbai - IITM",T,2026-01-22 00:00:00+05:30,,27.9,38.4,,,26.4,69.8,9.15,0.336,False,6
12039,"Khindipada-Bhandup West, Mumbai - IITM",T,2026-01-23 00:00:00+05:30,,28.0,38.5,,,14.7,45.0,3.71,0.215,False,6
12039,"Khindipada-Bhandup West, Mumbai - IITM",T,2026-01-24 00:00:00+05:30,,28.6,37.8,,,17.5,56.5,8.07,0.278,False,6
12039,"Khindipada-Bhandup West, Mumbai - IITM",T,2026-01-25 00:00:00+05:30,,30.5,37.5,,,22.7,69.2,7.9,0.618,False,6
12039,"Khindipada-Bhandup West, Mumbai - IITM",T,2026-01-26 00:00:00+05:30,,30.5,37.4,,,22.4,86.6,7.21,0.641,False,6
12039,"Khindipada-Bhandup West, Mumbai - IITM",T,2026-01-27 00:00:00+05:30,,30.7,37.4,,,12.8,72.4,3.33,0.309,False,6
12039,"Khindipada-Bhandup West, Mumbai - IITM",T,2026-01-28 00:00:00+05:30,,30.2,37.4,,,15.4,63.5,9.09,0.305,False,6
12039,"Khindipada-Bhandup West, Mumbai - IITM",T,2026-01-29 00:00:00+05:30,,29.9,37.3,,,24.5,70.7,10.5,0.555,False,6
12039,"Khindipada-Bhandup West, Mumbai - IITM",T,2026-01-30 00:00:00+05:30,,30.1,37.0,,,25.8,60.9,5.74,0.607,False,6
12039,"Khindipada-Bhandup West, Mumbai - IITM",T,2026-01-31 00:00:00+05:30,,30.7,37.5,,,18.1,57.4,5.57,0.379,False,6
12039,"Khindipada-Bhandup West, Mumbai - IITM",T,2026-02-01 00:00:00+05:30,,30.4,37.5,,,22.2,66.3,4.5,0.476,False,6
12039,"Khindipada-Bhandup West, Mumbai - IITM",T,2026-02-02 00:00:00+05:30,,30.3,37.5,,,26.0,63.4,7.78,0.61,False,6
12039,"Khindipada-Bhandup West, Mumbai - IITM",T,2026-02-03 00:00:00+05:30,,30.1,37.4,,,32.6,44.7,12.7,0.602,False,6
12039,"Khindipada-Bhandup West, Mumbai - IITM",T,2026-02-04 00:00:00+05:30,,29.3,37.1,,,27.4,115.0,112.0,0.212,False,6
12039,"Khindipada-Bhandup West, Mumbai - IITM",T,2026-02-05 00:00:00+05:30,,29.9,37.4,,,31.2,70.8,16.5,0.589,False,6
12039,"Khindipada-Bhandup West, Mumbai - IITM",T,2026-02-06 00:00:00+05:30,,29.6,37.3,,,21.4,73.9,11.2,0.18,False,6
12039,"Khindipada-Bhandup West, Mumbai - IITM",T,2026-02-07 00:00:00+05:30,,29.7,37.4,,,24.1,66.0,9.7,0.313,False,6
12039,"Khindipada-Bhandup West, Mumbai - IITM",T,2026-02-08 00:00:00+05:30,,30.0,37.4,,,26.8,68.5,6.27,0.539,False,6
12039,"Khindipada-Bhandup West, Mumbai - IITM",T,2026-02-09 00:00:00+05:30,,29.6,37.4,,,22.7,82.2,9.63,0.426,False,6
12039,"Khindipada-Bhandup West, Mumbai - IITM",T,2026-02-10 00:00:00+05:30,,29.7,37.4,,,22.8,90.7,12.2,0.361,False,6
12039,"Khindipada-Bhandup West, Mumbai - IITM",T,2026-02-11 00:00:00+05:30,,29.4,36.9,,,24.3,81.8,10.2,0.412,False,6
12039,"Khindipada-Bhandup West, Mumbai - IITM",T,2026-02-12 00:00:00+05:30,,30.2,37.4,,,29.4,86.2,7.48,0.389,False,6
12039,"Khindipada-Bhandup West, Mumbai - IITM",T,2026-02-13 00:00:00+05:30,,30.1,37.4,,,25.8,99.4,7.64,0.415,False,6
12039,"Khindipada-Bhandup West, Mumbai - IITM",T,2026-02-14 00:00:00+05:30,,29.8,37.4,,,26.0,92.5,10.2,0.516,False,6
12039,"Khindipada-Bhandup West, Mumbai - IITM",T,2026-02-15 00:00:00+05:30,,29.8,37.4,,,27.4,69.7,13.5,0.499,False,6
12039,"Khindipada-Bhandup West, Mumbai - IITM",T,2026-02-16 00:00:00+05:30,,29.5,37.5,,,24.1,52.7,6.55,0.415,False,6
12039,"Khindipada-Bhandup West, Mumbai - IITM",T,2026-02-17 00:00:00+05:30,,29.4,37.3,,,16.1,109.0,4.56,0.237,False,6
12039,"Khindipada-Bhandup West, Mumbai - IITM",T,2026-02-18 00:00:00+05:30,,29.9,37.4,,,15.2,70.6,2.77,0.128,False,6
12039,"Khindipada-Bhandup West, Mumbai - IITM",T,2026-02-19 00:00:00+05:30,,29.7,37.6,,,23.9,112.0,9.51,0.499,False,6
12039,"Khindipada-Bhandup West, Mumbai - IITM",T,2026-02-20 00:00:00+05:30,,29.9,37.4,,,41.1,81.9,10.7,0.62,False,6
12039,"Khindipada-Bhandup West, Mumbai - IITM",T,2026-02-21 00:00:00+05:30,,27.3,35.1,,,21.0,89.8,5.99,0.0944,False,6
12039,"Khindipada-Bhandup West, Mumbai - IITM",T,2026-02-22 00:00:00+05:30,,27.4,35.3,,,26.6,62.1,9.81,0.267,False,6
12039,"Khindipada-Bhandup West, Mumbai - IITM",T,2026-02-23 00:00:00+05:30,,27.5,35.6,,,30.4,85.3,15.1,0.369,False,6
12039,"Khindipada-Bhandup West, Mumbai - IITM",T,2026-02-24 00:00:00+05:30,34.8,27.2,34.2,,,20.0,68.1,5.96,0.129,False,7
12039,"Khindipada-Bhandup West, Mumbai - IITM",T,2026-02-25 00:00:00+05:30,21.1,28.1,37.5,,,13.7,54.1,7.06,0.291,False,7
12039,"Khindipada-Bhandup West, Mumbai - IITM",T,2026-02-26 00:00:00+05:30,16.2,29.0,36.6,,,13.0,33.2,3.32,0.413,False,7
12039,"Khindipada-Bhandup West, Mumbai - IITM",T,2026-02-27 00:00:00+05:30,14.7,29.3,37.1,,,15.7,29.0,7.17,0.363,False,7
12039,"Khindipada-Bhandup West, Mumbai - IITM",T,2026-02-28 00:00:00+05:30,24.8,29.2,37.1,,,17.4,33.0,8.93,0.36,False,7
12039,"Khindipada-Bhandup West, Mumbai - IITM",T,2026-03-01 00:00:00+05:30,25.8,29.1,37.1,,,15.6,53.8,4.98,0.391,False,7
12039,"Khindipada-Bhandup West, Mumbai - IITM",T,2026-03-02 00:00:00+05:30,19.1,28.8,38.1,,,14.3,62.4,55.4,0.5,False,7
12039,"Khindipada-Bhandup West, Mumbai - IITM",T,2026-03-03 00:00:00+05:30,63.6,28.1,37.7,,,26.7,75.7,7.45,0.909,False,7
12039,"Khindipada-Bhandup West, Mumbai - IITM",T,2026-03-04 00:00:00+05:30,28.6,27.4,37.8,,,13.1,78.6,3.78,0.419,False,7
12039,"Khindipada-Bhandup West, Mumbai - IITM",T,2026-03-05 00:00:00+05:30,22.0,27.0,37.8,,,12.4,68.9,4.7,0.745,False,7
12039,"Khindipada-Bhandup West, Mumbai - IITM",T,2026-03-06 00:00:00+05:30,24.4,27.4,37.8,,,14.5,69.2,4.14,0.907,False,7
12039,"Khindipada-Bhandup West, Mumbai - IITM",T,2026-03-07 00:00:00+05:30,26.4,28.4,37.6,,,20.5,42.9,1.54,0.501,False,7
12039,"Khindipada-Bhandup West, Mumbai - IITM",T,2026-03-08 00:00:00+05:30,46.4,27.4,37.9,,,21.7,59.9,6.28,0.686,False,7
12039,"Khindipada-Bhandup West, Mumbai - IITM",T,2026-03-09 00:00:00+05:30,45.9,26.8,37.9,,,24.1,40.4,7.64,1.0,False,7
12039,"Khindipada-Bhandup West, Mumbai - IITM",T,2026-03-10 00:00:00+05:30,54.9,26.1,38.2,,,24.3,103.0,8.45,1.3,False,7
12039,"Khindipada-Bhandup West, Mumbai - IITM",T,2026-03-11 00:00:00+05:30,52.8,27.7,37.8,,,38.3,34.1,6.12,1.14,False,7
12039,"Khindipada-Bhandup West, Mumbai - IITM",T,2026-03-12 00:00:00+05:30,42.7,27.5,38.0,,,32.2,60.6,4.31,1.04,False,7
12039,"Khindipada-Bhandup West, Mumbai - IITM",T,2026-03-13 00:00:00+05:30,45.1,27.4,37.9,,,23.1,53.3,3.68,0.706,False,7
12039,"Khindipada-Bhandup West, Mumbai - IITM",T,2026-03-14 00:00:00+05:30,30.3,27.2,37.9,,,14.3,51.0,0.853,0.39,False,7
12039,"Khindipada-Bhandup West, Mumbai - IITM",T,2026-03-15 00:00:00+05:30,24.4,27.9,37.8,,,14.8,32.7,1.7,0.175,False,7
12039,"Khindipada-Bhandup West, Mumbai - IITM",T,2026-03-16 00:00:00+05:30,15.7,27.8,37.8,,,13.3,21.4,0.234,0.0691,False,7
12039,"Khindipada-Bhandup West, Mumbai - IITM",T,2026-03-17 00:00:00+05:30,29.3,27.8,38.0,,,15.8,30.7,3.05,0.249,False,7
12039,"Khindipada-Bhandup West, Mumbai - IITM",T,2026-03-18 00:00:00+05:30,28.7,28.1,37.7,,,17.7,28.8,2.42,0.235,False,7
12039,"Khindipada-Bhandup West, Mumbai - IITM",T,2026-03-19 00:00:00+05:30,10.4,27.4,36.9,,,11.0,28.1,1.76,0.148,False,7
12039,"Khindipada-Bhandup West, Mumbai - IITM",T,2026-03-20 00:00:00+05:30,36.3,27.9,37.7,,,13.5,39.8,2.55,0.156,False,7
12039,"Khindipada-Bhandup West, Mumbai - IITM",T,2026-03-21 00:00:00+05:30,21.5,27.7,37.8,,,14.7,59.1,4.26,0.385,False,7
12039,"Khindipada-Bhandup West, Mumbai - IITM",T,2026-03-22 00:00:00+05:30,23.0,26.9,37.5,,,15.5,72.6,7.54,0.797,False,7
12039,"Khindipada-Bhandup West, Mumbai - IITM",T,2026-03-23 00:00:00+05:30,28.2,27.1,37.8,,,19.9,66.5,5.04,0.925,False,7
12039,"Khindipada-Bhandup West, Mumbai - IITM",T,2026-03-24 00:00:00+05:30,27.5,26.9,38.0,,,15.8,56.1,5.85,0.6,False,7
12039,"Khindipada-Bhandup West, Mumbai - IITM",T,2026-03-25 00:00:00+05:30,19.1,27.1,38.0,,,15.2,57.7,0.5,0.313,False,7
12039,"Khindipada-Bhandup West, Mumbai - IITM",T,2026-03-26 00:00:00+05:30,26.4,26.5,38.4,,,18.0,71.1,1.91,0.59,False,7
12039,"Khindipada-Bhandup West, Mumbai - IITM",T,2026-03-27 00:00:00+05:30,35.2,26.7,38.2,,,18.4,67.9,3.21,0.372,False,7
12039,"Khindipada-Bhandup West, Mumbai - IITM",T,2026-03-28 00:00:00+05:30,9.05,27.2,38.1,,,12.6,43.3,0.031,0.396,False,7
12039,"Khindipada-Bhandup West, Mumbai - IITM",T,2026-03-29 00:00:00+05:30,4.22,27.4,38.0,,,10.1,20.3,0.161,0.312,False,7
12039,"Khindipada-Bhandup West, Mumbai - IITM",T,2026-03-30 00:00:00+05:30,10.1,27.1,38.1,,,10.6,32.5,0.00196,0.393,False,7
12039,"Khindipada-Bhandup West, Mumbai - IITM",T,2026-03-31 00:00:00+05:30,6.61,26.6,37.6,,,9.26,22.1,0.0224,0.422,False,7
12039,"Khindipada-Bhandup West, Mumbai - IITM",T,2026-04-01 00:00:00+05:30,6.88,27.6,38.5,,,10.3,43.2,148.0,0.371,False,7
12039,"Khindipada-Bhandup West, Mumbai - IITM",T,2026-04-02 00:00:00+05:30,9.81,27.5,38.8,,,9.89,83.1,9.88,0.81,False,7
12039,"Khindipada-Bhandup West, Mumbai - IITM",T,2026-04-03 00:00:00+05:30,15.5,26.9,36.6,,,16.7,36.3,10.2,0.486,False,7
12039,"Khindipada-Bhandup West, Mumbai - IITM",T,2026-04-04 00:00:00+05:30,12.5,27.1,38.2,,,3.37,30.8,7.63,0.216,False,7
12039,"Khindipada-Bhandup West, Mumbai - IITM",T,2026-04-05 00:00:00+05:30,8.7,28.3,37.7,,,1.57,38.9,11.0,0.0992,False,7
12039,"Khindipada-Bhandup West, Mumbai - IITM",T,2026-04-06 00:00:00+05:30,8.59,28.2,38.0,,,3.84,41.4,12.0,0.227,False,7
12039,"Khindipada-Bhandup West, Mumbai - IITM",T,2026-04-07 00:00:00+05:30,8.12,28.4,37.6,,,0.56,37.6,9.05,0.269,False,7
12039,"Khindipada-Bhandup West, Mumbai - IITM",T,2026-04-08 00:00:00+05:30,11.9,28.6,36.4,,,5.83,17.0,10.4,0.429,False,7
12039,"Khindipada-Bhandup West, Mumbai - IITM",T,2026-04-09 00:00:00+05:30,18.6,28.7,36.0,,,11.6,23.5,9.96,0.304,False,7
12039,"Khindipada-Bhandup West, Mumbai - IITM",T,2026-04-10 00:00:00+05:30,45.0,28.3,36.1,,,17.8,54.9,11.2,0.523,False,7
12039,"Khindipada-Bhandup West, Mumbai - IITM",T,2026-04-11 00:00:00+05:30,39.6,28.3,36.0,,,14.8,72.9,7.29,0.529,False,7
12039,"Khindipada-Bhandup West, Mumbai - IITM",T,2026-04-12 00:00:00+05:30,29.4,27.8,39.7,,,18.3,65.1,13.9,0.335,False,7
12039,"Khindipada-Bhandup West, Mumbai - IITM",T,2026-04-13 00:00:00+05:30,30.6,27.0,42.3,,,15.9,31.3,3.0,0.277,False,7
12039,"Khindipada-Bhandup West, Mumbai - IITM",T,2026-04-14 00:00:00+05:30,35.9,29.5,37.5,,,21.1,41.5,8.71,0.452,False,7
12039,"Khindipada-Bhandup West, Mumbai - IITM",T,2026-04-15 00:00:00+05:30,16.6,29.4,37.5,,,12.7,37.1,9.28,0.0892,False,7
12039,"Khindipada-Bhandup West, Mumbai - IITM",T,2026-04-16 00:00:00+05:30,15.9,29.8,37.4,,,12.4,27.6,8.46,0.192,False,7
12039,"Khindipada-Bhandup West, Mumbai - IITM",T,2026-04-17 00:00:00+05:30,14.8,30.0,37.4,,,16.7,33.9,8.98,0.416,False,7
12039,"Khindipada-Bhandup West, Mumbai - IITM",T,2026-04-18 00:00:00+05:30,24.9,29.8,37.4,,,16.6,51.5,8.87,0.44,False,7
12039,"Khindipada-Bhandup West, Mumbai - IITM",T,2026-04-19 00:00:00+05:30,17.3,29.5,37.4,,,13.7,51.1,8.29,0.167,False,7
12039,"Khindipada-Bhandup West, Mumbai - IITM",T,2026-04-20 00:00:00+05:30,20.6,29.6,37.4,,,14.9,38.8,8.63,0.254,False,7
12039,"Khindipada-Bhandup West, Mumbai - IITM",T,2026-04-21 00:00:00+05:30,29.4,29.6,37.4,,,18.0,50.5,8.23,0.409,False,7
12039,"Khindipada-Bhandup West, Mumbai - IITM",T,2026-04-22 00:00:00+05:30,15.3,15.4,19.2,0.0,0.0,22.2,33.3,7.43,0.442,True,9
3409323,"Worli, Mumbai - MPCB",GS,2025-10-12 00:00:00+05:30,48.5,28.2,76.5,0.91,180.0,5.45,20.2,15.7,0.191,True,9
3409323,"Worli, Mumbai - MPCB",GS,2025-10-13 00:00:00+05:30,47.5,27.9,79.3,0.906,197.99999999999997,5.42,20.2,15.7,0.191,True,9
3409323,"Worli, Mumbai - MPCB",GS,2025-10-14 00:00:00+05:30,46.7,27.9,77.4,0.869,188.99999999999997,5.22,20.2,15.6,0.182,True,9
3409323,"Worli, Mumbai - MPCB",GS,2025-10-15 00:00:00+05:30,46.3,27.8,78.4,0.853,192.99999999999997,5.13,20.2,15.5,0.179,True,9
3409323,"Worli, Mumbai - MPCB",GS,2025-10-16 00:00:00+05:30,43.5,29.2,79.3,1.06,179.0,6.36,20.2,16.3,0.223,True,9
3409323,"Worli, Mumbai - MPCB",GS,2025-10-17 00:00:00+05:30,42.2,29.7,76.3,1.05,184.99999999999997,6.29,20.2,16.3,0.22,True,9
3409323,"Worli, Mumbai - MPCB",GS,2025-10-18 00:00:00+05:30,49.0,29.8,74.1,0.874,193.99999999999997,5.21,20.2,15.6,0.184,True,9
3409323,"Worli, Mumbai - MPCB",GS,2025-10-19 00:00:00+05:30,50.7,29.4,75.5,1.06,195.99999999999997,6.38,20.2,16.3,0.222,True,9
3409323,"Worli, Mumbai - MPCB",GS,2025-10-20 00:00:00+05:30,62.3,28.4,80.1,0.924,184.99999999999997,5.56,20.2,15.8,0.195,True,9
3409323,"Worli, Mumbai - MPCB",GS,2025-10-21 00:00:00+05:30,61.2,28.7,75.8,0.96,168.0,5.7,20.2,16.0,0.204,True,9
3409323,"Worli, Mumbai - MPCB",GS,2025-10-22 00:00:00+05:30,45.5,28.8,80.8,0.966,181.99999999999997,5.79,20.2,15.9,0.202,True,9
3409323,"Worli, Mumbai - MPCB",GS,2025-10-23 00:00:00+05:30,44.4,28.9,82.0,0.955,181.0,5.76,20.2,15.9,0.201,True,9
3409323,"Worli, Mumbai - MPCB",GS,2025-10-24 00:00:00+05:30,47.0,27.4,87.3,1.5,172.0,9.03,20.3,18.1,0.315,True,9
3409323,"Worli, Mumbai - MPCB",GS,2025-10-25 00:00:00+05:30,35.5,26.7,90.1,1.42,174.0,8.5,20.3,17.7,0.297,True,9
3409323,"Worli, Mumbai - MPCB",GS,2025-10-26 00:00:00+05:30,36.0,26.2,86.6,0.982,165.0,5.93,20.2,16.0,0.206,True,9
3409323,"Worli, Mumbai - MPCB",GS,2025-10-27 00:00:00+05:30,35.6,26.0,91.5,2.1,181.0,12.6,20.4,20.5,0.441,True,9
3409323,"Worli, Mumbai - MPCB",GS,2025-10-28 00:00:00+05:30,38.4,26.5,88.1,1.59,161.0,9.54,20.3,18.4,0.333,True,9
3409323,"Worli, Mumbai - MPCB",GS,2025-10-29 00:00:00+05:30,39.5,28.0,81.5,1.63,176.0,9.8,20.3,18.6,0.344,True,9
3409323,"Worli, Mumbai - MPCB",GS,2025-10-30 00:00:00+05:30,35.5,24.4,97.1,1.45,174.0,8.76,20.3,17.9,0.305,True,9
3409323,"Worli, Mumbai - MPCB",GS,2025-10-31 00:00:00+05:30,36.5,25.9,96.5,1.72,175.0,10.5,20.4,18.9,0.361,True,9
3409323,"Worli, Mumbai - MPCB",GS,2025-11-01 00:00:00+05:30,37.4,26.4,94.8,1.3,181.99999999999997,7.83,20.3,17.3,0.274,True,9
3409323,"Worli, Mumbai - MPCB",GS,2025-11-02 00:00:00+05:30,36.1,25.0,97.7,1.16,170.0,6.95,20.2,16.7,0.245,True,9
3409323,"Worli, Mumbai - MPCB",GS,2025-11-03 00:00:00+05:30,36.2,26.1,93.1,1.04,190.99999999999997,6.26,20.2,16.3,0.222,True,9
3409323,"Worli, Mumbai - MPCB",GS,2025-11-04 00:00:00+05:30,37.6,27.2,84.5,0.886,197.0,5.3,20.2,15.6,0.184,True,9
3409323,"Worli, Mumbai - MPCB",GS,2025-11-05 00:00:00+05:30,38.2,26.8,77.7,0.707,190.99999999999997,4.26,20.1,14.9,0.147,True,9
3409323,"Worli, Mumbai - MPCB",GS,2025-11-06 00:00:00+05:30,44.9,27.5,79.9,1.2,166.0,7.2,20.3,16.9,0.253,True,9
3409323,"Worli, Mumbai - MPCB",GS,2025-11-07 00:00:00+05:30,48.7,27.4,77.2,0.89,178.0,5.37,20.2,15.7,0.188,True,9
3409323,"Worli, Mumbai - MPCB",GS,2025-11-08 00:00:00+05:30,44.6,26.4,75.7,0.885,177.0,5.49,20.2,15.6,0.184,True,9
3409323,"Worli, Mumbai - MPCB",GS,2025-11-09 00:00:00+05:30,42.7,26.1,67.5,0.839,188.0,5.0,20.2,15.5,0.176,True,9
3409323,"Worli, Mumbai - MPCB",GS,2025-11-10 00:00:00+05:30,43.9,22.2,85.8,0.959,168.0,5.76,20.2,15.9,0.203,True,9
3409323,"Worli, Mumbai - MPCB",GS,2025-11-11 00:00:00+05:30,42.2,27.6,66.0,0.838,170.0,4.99,20.2,15.4,0.177,True,9
3409323,"Worli, Mumbai - MPCB",GS,2025-11-12 00:00:00+05:30,42.4,26.4,62.7,0.821,161.0,4.94,20.2,15.4,0.173,True,9
3409323,"Worli, Mumbai - MPCB",GS,2025-11-13 00:00:00+05:30,44.0,26.6,62.4,0.813,165.0,4.87,20.2,15.3,0.171,True,9
3409323,"Worli, Mumbai - MPCB",GS,2025-11-14 00:00:00+05:30,44.3,26.2,66.4,0.926,158.0,5.55,20.2,15.8,0.193,True,9
3409323,"Worli, Mumbai - MPCB",GS,2025-11-15 00:00:00+05:30,43.9,26.1,59.0,1.14,160.0,6.83,20.2,16.7,0.242,True,9
3409323,"Worli, Mumbai - MPCB",GS,2025-11-16 00:00:00+05:30,41.8,26.0,57.9,1.06,153.0,6.41,20.2,16.4,0.217,True,9
3409323,"Worli, Mumbai - MPCB",GS,2025-11-17 00:00:00+05:30,42.4,25.6,57.2,1.3,142.0,7.83,20.3,17.3,0.273,True,9
3409323,"Worli, Mumbai - MPCB",GS,2025-11-18 00:00:00+05:30,42.8,23.4,63.8,0.955,141.0,5.74,20.2,15.9,0.201,True,9
3409323,"Worli, Mumbai - MPCB",GS,2025-11-19 00:00:00+05:30,42.8,26.0,54.9,1.15,145.0,6.89,20.2,16.8,0.244,True,9
3409323,"Worli, Mumbai - MPCB",GS,2025-11-20 00:00:00+05:30,43.0,25.8,61.9,0.79,161.0,4.76,20.2,15.2,0.165,True,9
3409323,"Worli, Mumbai - MPCB",GS,2025-11-21 00:00:00+05:30,44.4,26.0,66.0,1.12,155.0,6.69,20.2,16.6,0.236,True,9
3409323,"Worli, Mumbai - MPCB",GS,2025-11-22 00:00:00+05:30,55.7,26.5,70.7,0.809,166.0,4.85,20.2,15.3,0.171,True,9
3409323,"Worli, Mumbai - MPCB",GS,2025-11-23 00:00:00+05:30,65.9,26.3,79.8,0.884,184.99999999999997,5.3,20.2,15.6,0.186,True,9
3409323,"Worli, Mumbai - MPCB",GS,2025-11-24 00:00:00+05:30,63.2,26.4,82.6,0.939,188.99999999999997,5.63,20.2,15.9,0.198,True,9
3409323,"Worli, Mumbai - MPCB",GS,2025-11-25 00:00:00+05:30,66.1,26.6,84.1,0.961,188.0,5.75,20.2,15.9,0.201,True,9
3409323,"Worli, Mumbai - MPCB",GS,2025-11-26 00:00:00+05:30,68.4,26.8,84.4,0.901,182.99999999999997,5.41,20.2,15.7,0.189,True,9
3409323,"Worli, Mumbai - MPCB",GS,2025-11-27 00:00:00+05:30,61.9,26.7,77.4,1.04,169.0,6.28,20.2,16.2,0.218,True,9
3409323,"Worli, Mumbai - MPCB",GS,2025-11-28 00:00:00+05:30,59.8,26.4,76.5,1.16,165.0,6.95,20.2,16.7,0.243,True,9
3409323,"Worli, Mumbai - MPCB",GS,2025-11-29 00:00:00+05:30,54.2,25.9,70.3,0.963,166.0,5.75,20.2,15.9,0.201,True,9
3409323,"Worli, Mumbai - MPCB",GS,2025-11-30 00:00:00+05:30,46.2,25.2,60.5,1.05,159.0,6.27,20.2,16.3,0.22,True,9
3409323,"Worli, Mumbai - MPCB",GS,2025-12-01 00:00:00+05:30,63.0,26.7,65.6,1.09,167.0,6.56,20.2,16.5,0.229,True,9
3409323,"Worli, Mumbai - MPCB",GS,2025-12-02 00:00:00+05:30,47.9,25.8,69.9,0.98,161.0,5.74,20.2,16.5,0.233,True,9
3409323,"Worli, Mumbai - MPCB",GS,2025-12-03 00:00:00+05:30,45.5,25.8,64.5,0.909,159.0,5.49,20.2,15.7,0.19,True,9
3409323,"Worli, Mumbai - MPCB",GS,2025-12-04 00:00:00+05:30,45.3,26.2,63.0,1.04,164.0,6.28,20.2,16.3,0.219,True,9
3409323,"Worli, Mumbai - MPCB",GS,2025-12-05 00:00:00+05:30,47.3,27.0,66.9,1.04,147.0,6.22,20.2,16.2,0.218,True,9
3409323,"Worli, Mumbai - MPCB",GS,2025-12-06 00:00:00+05:30,52.4,26.3,68.7,1.39,155.0,8.33,20.3,17.6,0.292,True,9
3409323,"Worli, Mumbai - MPCB",GS,2025-12-07 00:00:00+05:30,52.9,26.0,68.4,1.1,154.0,6.66,20.2,16.5,0.23,True,9
3409323,"Worli, Mumbai - MPCB",GS,2025-12-08 00:00:00+05:30,52.6,25.7,68.8,1.06,172.0,6.31,20.2,16.3,0.22,True,9
3409323,"Worli, Mumbai - MPCB",GS,2025-12-09 00:00:00+05:30,46.7,25.3,59.8,0.995,157.0,5.98,20.2,16.1,0.209,True,9
3409323,"Worli, Mumbai - MPCB",GS,2025-12-10 00:00:00+05:30,43.5,25.2,57.5,0.907,159.0,5.45,20.2,15.7,0.19,True,9
3409323,"Worli, Mumbai - MPCB",GS,2025-12-11 00:00:00+05:30,42.7,24.9,58.4,1.11,159.0,6.54,20.2,16.5,0.23,True,9
3409323,"Worli, Mumbai - MPCB",GS,2025-12-12 00:00:00+05:30,44.9,25.2,62.0,1.24,124.0,7.46,20.3,17.1,0.262,True,9
3409323,"Worli, Mumbai - MPCB",GS,2025-12-13 00:00:00+05:30,45.5,24.6,67.3,1.15,151.0,6.92,20.2,16.7,0.242,True,9
3409323,"Worli, Mumbai - MPCB",GS,2025-12-14 00:00:00+05:30,44.6,25.3,62.7,1.3,162.0,7.76,20.3,17.3,0.274,True,9
3409323,"Worli, Mumbai - MPCB",GS,2025-12-15 00:00:00+05:30,42.2,25.1,61.7,1.04,137.0,6.18,20.2,16.2,0.211,True,9
3409323,"Worli, Mumbai - MPCB",GS,2025-12-16 00:00:00+05:30,43.6,25.0,61.9,1.32,143.0,7.93,20.3,17.4,0.279,True,9
3409323,"Worli, Mumbai - MPCB",GS,2025-12-17 00:00:00+05:30,60.3,25.9,62.3,1.37,163.0,8.28,20.3,17.1,0.261,True,9
3409323,"Worli, Mumbai - MPCB",GS,2025-12-18 00:00:00+05:30,94.5,25.3,71.5,1.19,128.0,7.15,,,,False,6
3409323,"Worli, Mumbai - MPCB",GS,2025-12-19 00:00:00+05:30,64.5,24.5,65.6,1.07,154.0,6.41,,,,False,6
3409323,"Worli, Mumbai - MPCB",GS,2025-12-20 00:00:00+05:30,67.4,23.4,68.7,0.946,157.0,4.77,,,,False,6
3409323,"Worli, Mumbai - MPCB",GS,2026-02-17 00:00:00+05:30,53.4,30.5,64.8,1.1,107.0,26.8,121.0,,0.285,False,8
3409323,"Worli, Mumbai - MPCB",GS,2026-02-18 00:00:00+05:30,24.1,30.5,68.9,0.931,101.0,26.2,69.8,,0.301,False,8
3409323,"Worli, Mumbai - MPCB",GS,2026-02-19 00:00:00+05:30,75.9,30.5,72.8,0.66,107.0,29.6,129.0,4.99,0.413,True,9
3409323,"Worli, Mumbai - MPCB",GS,2026-02-20 00:00:00+05:30,111.0,30.5,77.4,0.599,143.0,38.1,98.6,38.0,0.823,True,9
3409323,"Worli, Mumbai - MPCB",GS,2026-02-21 00:00:00+05:30,71.8,30.5,67.1,0.554,147.0,51.8,48.6,78.5,0.993,True,9
3409323,"Worli, Mumbai - MPCB",GS,2026-02-22 00:00:00+05:30,54.9,30.5,73.0,0.743,150.0,38.8,50.3,96.3,0.301,True,9
3409323,"Worli, Mumbai - MPCB",GS,2026-02-23 00:00:00+05:30,49.0,30.5,65.2,0.66,146.0,38.5,55.2,70.7,0.472,True,9
3409323,"Worli, Mumbai - MPCB",GS,2026-02-24 00:00:00+05:30,41.7,30.5,71.3,0.678,118.00000000000001,26.6,55.6,49.8,0.533,True,9
3409323,"Worli, Mumbai - MPCB",GS,2026-02-25 00:00:00+05:30,31.1,30.5,69.5,0.594,133.0,26.8,45.6,52.9,0.447,True,9
3409323,"Worli, Mumbai - MPCB",GS,2026-02-26 00:00:00+05:30,15.3,30.5,70.2,0.674,112.0,25.9,28.6,45.9,0.331,True,9
3409323,"Worli, Mumbai - MPCB",GS,2026-02-27 00:00:00+05:30,9.35,30.5,64.2,0.586,129.0,20.7,31.1,41.2,0.251,True,9
3409323,"Worli, Mumbai - MPCB",GS,2026-02-28 00:00:00+05:30,13.6,30.5,61.4,0.629,142.0,29.7,29.2,43.0,0.341,True,9
3409323,"Worli, Mumbai - MPCB",GS,2026-03-01 00:00:00+05:30,16.2,30.5,67.2,0.607,122.0,31.5,33.1,32.1,0.456,True,9
3409323,"Worli, Mumbai - MPCB",GS,2026-03-02 00:00:00+05:30,22.9,30.5,67.2,0.789,113.0,22.6,40.8,20.6,0.326,True,9
3409323,"Worli, Mumbai - MPCB",GS,2026-03-03 00:00:00+05:30,47.9,30.5,69.9,0.921,115.0,16.6,52.6,22.1,0.535,True,9
3409323,"Worli, Mumbai - MPCB",GS,2026-03-04 00:00:00+05:30,37.5,30.5,63.0,0.846,142.0,5.41,56.7,23.8,0.468,True,9
3409323,"Worli, Mumbai - MPCB",GS,2026-03-05 00:00:00+05:30,26.2,30.5,48.8,0.833,129.0,7.32,48.7,23.8,0.449,True,9
3409323,"Worli, Mumbai - MPCB",GS,2026-03-06 00:00:00+05:30,25.6,30.5,62.0,1.05,104.0,7.45,53.0,21.3,0.373,True,9
3409323,"Worli, Mumbai - MPCB",GS,2026-03-07 00:00:00+05:30,21.5,30.5,80.6,0.929,108.0,7.26,47.9,20.5,0.308,True,9
3409323,"Worli, Mumbai - MPCB",GS,2026-03-08 00:00:00+05:30,42.8,30.5,68.4,0.975,128.0,4.22,79.9,21.9,0.415,True,9
3409323,"Worli, Mumbai - MPCB",GS,2026-03-09 00:00:00+05:30,40.4,30.5,57.6,0.79,153.0,9.09,54.5,27.5,0.585,True,9
3409323,"Worli, Mumbai - MPCB",GS,2026-03-10 00:00:00+05:30,37.1,30.5,54.1,0.592,129.0,9.12,91.7,23.2,0.396,True,9
3409323,"Worli, Mumbai - MPCB",GS,2026-03-11 00:00:00+05:30,41.5,30.5,75.2,0.632,181.0,8.51,37.6,21.0,0.532,True,9
3409323,"Worli, Mumbai - MPCB",GS,2026-03-12 00:00:00+05:30,37.3,30.5,84.7,0.646,155.0,8.89,41.1,20.7,0.527,True,9
3409323,"Worli, Mumbai - MPCB",GS,2026-03-13 00:00:00+05:30,37.3,30.5,68.3,0.648,144.0,9.35,55.7,21.5,0.38,True,9
3409323,"Worli, Mumbai - MPCB",GS,2026-03-14 00:00:00+05:30,20.3,30.5,66.5,0.656,133.0,9.55,38.5,20.9,0.215,True,9
3409323,"Worli, Mumbai - MPCB",GS,2026-03-15 00:00:00+05:30,13.6,30.5,71.0,0.592,125.00000000000001,9.71,29.2,20.5,0.294,True,9
3409323,"Worli, Mumbai - MPCB",GS,2026-03-16 00:00:00+05:30,11.6,30.5,71.0,0.609,119.0,9.7,27.5,20.7,0.302,True,9
3409323,"Worli, Mumbai - MPCB",GS,2026-03-17 00:00:00+05:30,13.5,30.5,70.1,0.589,143.0,9.71,26.9,21.0,0.306,True,9
3409323,"Worli, Mumbai - MPCB",GS,2026-03-18 00:00:00+05:30,14.3,30.5,68.4,0.574,149.0,9.75,26.6,22.5,0.34,True,9
3409323,"Worli, Mumbai - MPCB",GS,2026-03-19 00:00:00+05:30,12.5,30.5,68.1,0.616,131.0,9.72,22.8,26.1,0.326,True,9
3409323,"Worli, Mumbai - MPCB",GS,2026-03-20 00:00:00+05:30,15.1,30.5,65.8,0.76,144.0,9.73,30.6,26.4,0.341,True,9
3409323,"Worli, Mumbai - MPCB",GS,2026-03-21 00:00:00+05:30,16.7,30.5,57.2,0.839,128.0,9.75,43.1,26.6,0.394,True,9
3409323,"Worli, Mumbai - MPCB",GS,2026-03-22 00:00:00+05:30,29.0,30.5,54.4,0.729,119.99999999999999,9.75,46.3,26.5,0.539,True,9
3409323,"Worli, Mumbai - MPCB",GS,2026-03-23 00:00:00+05:30,32.3,30.5,58.5,0.735,123.00000000000001,9.71,38.9,29.2,0.679,True,9
3409323,"Worli, Mumbai - MPCB",GS,2026-03-24 00:00:00+05:30,25.1,30.5,68.9,0.995,111.0,9.74,52.2,28.3,0.409,True,9
3409323,"Worli, Mumbai - MPCB",GS,2026-03-25 00:00:00+05:30,18.6,30.5,74.4,0.899,98.8,9.73,40.0,24.1,0.356,True,9
3409323,"Worli, Mumbai - MPCB",GS,2026-03-26 00:00:00+05:30,19.7,30.5,71.1,1.14,109.0,9.73,43.7,25.5,0.403,True,9
3409323,"Worli, Mumbai - MPCB",GS,2026-03-27 00:00:00+05:30,19.3,30.5,67.3,0.932,109.0,9.76,41.9,24.3,0.387,True,9
3409323,"Worli, Mumbai - MPCB",GS,2026-03-28 00:00:00+05:30,8.43,30.5,77.5,0.722,119.99999999999999,9.73,24.1,24.6,0.338,True,9
3409323,"Worli, Mumbai - MPCB",GS,2026-03-29 00:00:00+05:30,3.73,30.5,76.4,0.691,136.0,9.74,16.6,24.7,0.296,True,9
3409323,"Worli, Mumbai - MPCB",GS,2026-03-30 00:00:00+05:30,14.2,30.5,77.5,0.936,98.5,9.74,23.1,25.1,0.318,True,9
3409323,"Worli, Mumbai - MPCB",GS,2026-03-31 00:00:00+05:30,5.1,30.5,72.7,0.86,97.0,9.69,16.1,24.6,0.292,True,9
3409323,"Worli, Mumbai - MPCB",GS,2026-04-01 00:00:00+05:30,11.5,30.5,73.2,0.836,94.7,9.69,26.9,24.6,0.292,True,9
3409323,"Worli, Mumbai - MPCB",GS,2026-04-02 00:00:00+05:30,11.5,30.5,71.7,0.805,109.0,9.73,31.5,25.0,0.355,True,9
3409323,"Worli, Mumbai - MPCB",GS,2026-04-03 00:00:00+05:30,27.5,30.5,67.9,0.618,132.0,9.71,24.8,26.7,0.409,True,9
3409323,"Worli, Mumbai - MPCB",GS,2026-04-04 00:00:00+05:30,11.5,30.5,72.5,0.631,119.99999999999999,9.72,20.8,25.4,0.34,True,9
3409323,"Worli, Mumbai - MPCB",GS,2026-04-05 00:00:00+05:30,12.9,30.5,66.4,0.703,112.0,9.74,32.7,24.4,0.286,True,9
3409323,"Worli, Mumbai - MPCB",GS,2026-04-06 00:00:00+05:30,8.0,30.5,64.9,0.65,116.00000000000001,9.73,37.0,24.8,0.31,True,9
3409323,"Worli, Mumbai - MPCB",GS,2026-04-07 00:00:00+05:30,14.5,30.5,70.0,0.59,146.0,9.74,29.3,24.2,0.29,True,9
3409323,"Worli, Mumbai - MPCB",GS,2026-04-08 00:00:00+05:30,8.83,30.5,74.3,0.73,170.0,9.72,17.2,24.1,0.293,True,9
3409323,"Worli, Mumbai - MPCB",GS,2026-04-09 00:00:00+05:30,21.1,30.5,66.1,0.602,122.0,9.7,20.9,25.2,0.33,True,9
3409323,"Worli, Mumbai - MPCB",GS,2026-04-10 00:00:00+05:30,27.9,30.5,65.8,0.778,112.0,9.69,32.1,24.8,0.335,True,9
3409323,"Worli, Mumbai - MPCB",GS,2026-04-11 00:00:00+05:30,40.6,30.5,75.6,0.695,112.0,9.72,46.9,24.3,0.353,True,9
3409323,"Worli, Mumbai - MPCB",GS,2026-04-12 00:00:00+05:30,42.5,30.5,79.5,0.717,128.0,9.72,36.0,25.1,0.36,True,9
3409323,"Worli, Mumbai - MPCB",GS,2026-04-13 00:00:00+05:30,33.4,30.5,76.4,0.962,217.0,9.71,30.6,24.6,0.296,True,9
3409323,"Worli, Mumbai - MPCB",GS,2026-04-14 00:00:00+05:30,36.9,30.5,70.8,0.871,116.00000000000001,9.75,33.5,25.7,0.293,True,9
3409323,"Worli, Mumbai - MPCB",GS,2026-04-15 00:00:00+05:30,14.2,30.5,77.3,0.75,109.0,9.7,26.6,20.3,0.276,True,9
3409323,"Worli, Mumbai - MPCB",GS,2026-04-16 00:00:00+05:30,13.5,30.5,69.7,0.78,129.0,9.71,29.8,20.4,0.275,True,9
3409323,"Worli, Mumbai - MPCB",GS,2026-04-17 00:00:00+05:30,31.8,30.5,79.9,0.586,145.0,9.75,24.2,21.2,0.305,True,9
3409323,"Worli, Mumbai - MPCB",GS,2026-04-18 00:00:00+05:30,38.3,30.5,81.1,0.727,109.0,9.7,30.9,20.3,0.286,True,9
3409323,"Worli, Mumbai - MPCB",GS,2026-04-19 00:00:00+05:30,37.6,30.5,72.7,0.75,112.0,9.76,30.2,21.0,0.295,True,9
3409323,"Worli, Mumbai - MPCB",GS,2026-04-20 00:00:00+05:30,33.9,30.5,79.4,0.635,137.0,9.73,30.5,20.6,0.286,True,9
3409323,"Worli, Mumbai - MPCB",GS,2026-04-21 00:00:00+05:30,33.1,30.5,76.2,0.701,130.0,9.74,32.5,21.7,0.324,True,9
3409323,"Worli, Mumbai - MPCB",GS,2026-04-22 00:00:00+05:30,20.9,30.5,74.8,0.623,140.0,9.71,26.7,23.0,0.328,True,9
3409323,"Worli, Mumbai - MPCB",GS,2026-04-23 00:00:00+05:30,20.8,30.5,77.3,0.635,113.0,9.76,35.2,23.9,0.333,True,9
3409323,"Worli, Mumbai - MPCB",GS,2026-04-24 00:00:00+05:30,22.1,30.5,79.3,0.806,115.0,9.73,25.2,25.8,0.281,True,9
3409323,"Worli, Mumbai - MPCB",GS,2026-04-25 00:00:00+05:30,33.4,30.5,73.4,0.74,122.0,9.7,25.2,24.4,0.338,True,9
3409323,"Worli, Mumbai - MPCB",GS,2026-04-26 00:00:00+05:30,30.3,30.5,79.9,0.647,188.99999999999997,9.71,22.5,23.9,0.299,True,9
3409323,"Worli, Mumbai - MPCB",GS,2026-04-27 00:00:00+05:30,25.0,30.5,83.9,0.779,199.0,9.73,17.9,24.5,0.262,True,9
3409323,"Worli, Mumbai - MPCB",GS,2026-04-28 00:00:00+05:30,24.2,30.5,84.3,0.836,206.0,9.75,16.0,25.0,0.202,True,9
3409323,"Worli, Mumbai - MPCB",GS,2026-04-29 00:00:00+05:30,20.5,30.5,78.0,1.17,204.99999999999997,9.69,17.0,25.0,0.243,True,9
3409323,"Worli, Mumbai - MPCB",GS,2026-04-30 00:00:00+05:30,19.8,30.5,80.8,0.831,210.0,9.76,14.1,24.6,0.251,True,9
3409323,"Worli, Mumbai - MPCB",GS,2026-05-01 00:00:00+05:30,18.4,30.5,78.2,1.01,227.0,9.73,16.2,24.7,0.235,True,9
3409323,"Worli, Mumbai - MPCB",GS,2026-05-02 00:00:00+05:30,17.9,30.5,77.6,0.859,212.0,9.71,79.5,25.2,0.25,True,9
3409323,"Worli, Mumbai - MPCB",GS,2026-05-03 00:00:00+05:30,13.2,30.5,78.6,1.0,233.99999999999997,9.73,25.0,25.4,0.28,True,9
3409323,"Worli, Mumbai - MPCB",GS,2026-05-04 00:00:00+05:30,14.3,30.5,74.9,1.04,228.0,9.7,18.4,24.9,0.26,True,9
3409323,"Worli, Mumbai - MPCB",GS,2026-05-05 00:00:00+05:30,19.2,30.5,73.0,0.842,212.0,75.9,26.9,24.6,0.243,True,9
3409323,"Worli, Mumbai - MPCB",GS,2026-05-06 00:00:00+05:30,21.5,31.3,70.5,1.14,103.0,20.9,27.8,23.3,0.224,True,9
3409323,"Worli, Mumbai - MPCB",GS,2026-05-07 00:00:00+05:30,18.1,32.9,78.5,0.793,131.0,18.2,29.5,25.3,0.193,True,9
3409323,"Worli, Mumbai - MPCB",GS,2026-05-08 00:00:00+05:30,26.3,33.1,79.8,0.796,123.00000000000001,22.6,33.2,25.0,0.18,True,9
3409323,"Worli, Mumbai - MPCB",GS,2026-05-09 00:00:00+05:30,24.3,33.2,79.0,0.698,134.0,24.0,34.7,25.0,0.178,True,9
3409323,"Worli, Mumbai - MPCB",GS,2026-05-10 00:00:00+05:30,22.6,33.2,76.2,0.747,130.0,17.4,40.0,25.1,0.178,True,9
3409323,"Worli, Mumbai - MPCB",GS,2026-05-11 00:00:00+05:30,24.1,33.3,77.7,0.722,143.0,20.2,37.1,25.1,0.174,True,9
3409323,"Worli, Mumbai - MPCB",GS,2026-05-12 00:00:00+05:30,21.8,32.8,77.2,0.654,143.0,17.4,30.9,25.1,0.173,True,9
3409323,"Worli, Mumbai - MPCB",GS,2026-05-13 00:00:00+05:30,21.2,32.9,79.8,0.895,192.99999999999997,15.2,28.1,25.2,0.192,True,9
3409323,"Worli, Mumbai - MPCB",GS,2026-05-14 00:00:00+05:30,19.3,32.9,78.4,0.732,127.00000000000001,15.4,31.1,25.1,0.204,True,9
3409323,"Worli, Mumbai - MPCB",GS,2026-05-15 00:00:00+05:30,22.1,32.9,77.6,0.762,115.0,13.8,25.1,25.0,0.172,True,9
3409323,"Worli, Mumbai - MPCB",GS,2026-05-16 00:00:00+05:30,10.6,32.6,77.6,0.986,109.0,11.1,23.5,25.5,0.186,True,9
3409323,"Worli, Mumbai - MPCB",GS,2026-05-17 00:00:00+05:30,13.1,32.7,80.4,0.833,113.0,10.3,25.7,25.1,0.185,True,9
3409323,"Worli, Mumbai - MPCB",GS,2026-05-18 00:00:00+05:30,15.8,32.6,82.4,0.775,161.0,14.4,26.2,25.1,0.165,True,9
3409323,"Worli, Mumbai - MPCB",GS,2026-05-19 00:00:00+05:30,15.8,32.1,78.7,0.634,176.0,15.1,27.6,25.3,0.182,True,9
3409323,"Worli, Mumbai - MPCB",GS,2026-05-20 00:00:00+05:30,,32.2,76.5,0.747,192.0,12.7,22.8,25.0,0.19,False,8
3409323,"Worli, Mumbai - MPCB",GS,2026-05-21 00:00:00+05:30,,32.9,77.2,0.697,145.0,13.4,24.2,25.3,0.182,False,8
3409323,"Worli, Mumbai - MPCB",GS,2026-05-22 00:00:00+05:30,,33.0,79.2,0.828,220.99999999999997,13.9,20.0,25.4,0.175,False,8
3409323,"Worli, Mumbai - MPCB",GS,2026-05-23 00:00:00+05:30,10.2,33.6,78.4,0.697,184.99999999999997,14.6,20.1,25.5,0.175,True,9
3409323,"Worli, Mumbai - MPCB",GS,2026-05-24 00:00:00+05:30,,33.4,80.3,1.02,206.99999999999997,10.2,15.6,25.2,0.169,False,8
3409323,"Worli, Mumbai - MPCB",GS,2026-05-25 00:00:00+05:30,,33.7,78.7,0.775,115.0,11.9,19.3,25.3,0.17,False,8
3409323,"Worli, Mumbai - MPCB",GS,2026-05-26 00:00:00+05:30,,33.4,77.5,0.691,164.0,9.85,19.4,25.2,0.169,False,8
3409323,"Worli, Mumbai - MPCB",GS,2026-05-27 00:00:00+05:30,,33.3,76.2,0.765,133.0,10.7,20.7,25.0,0.168,False,8
3409323,"Worli, Mumbai - MPCB",GS,2026-05-28 00:00:00+05:30,,33.9,72.7,0.748,138.0,9.06,20.8,24.9,0.174,False,8
3409323,"Worli, Mumbai - MPCB",GS,2026-05-29 00:00:00+05:30,,34.3,72.8,1.05,217.0,10.7,19.9,25.2,0.186,False,8
3409323,"Worli, Mumbai - MPCB",GS,2026-05-30 00:00:00+05:30,,33.8,76.2,1.21,227.0,7.75,19.2,25.5,0.176,False,8
3409323,"Worli, Mumbai - MPCB",GS,2026-05-31 00:00:00+05:30,,33.9,76.2,0.868,171.0,8.47,17.5,25.3,0.191,False,8
3409323,"Worli, Mumbai - MPCB",GS,2026-06-01 00:00:00+05:30,24.6,33.8,74.1,0.726,169.0,10.3,19.2,25.1,0.191,True,9
3409323,"Worli, Mumbai - MPCB",GS,2026-06-02 00:00:00+05:30,14.5,33.5,74.6,0.79,172.0,11.9,21.7,25.1,0.178,True,9
3409323,"Worli, Mumbai - MPCB",GS,2026-06-03 00:00:00+05:30,,32.2,74.4,1.02,216.0,16.0,29.2,25.3,0.202,False,8
3409323,"Worli, Mumbai - MPCB",GS,2026-06-04 00:00:00+05:30,,33.1,76.6,1.12,217.0,13.2,22.5,25.6,0.177,False,8
3409323,"Worli, Mumbai - MPCB",GS,2026-06-05 00:00:00+05:30,,33.6,78.1,0.922,219.00000000000003,10.3,21.0,25.1,0.177,False,8
3409323,"Worli, Mumbai - MPCB",GS,2026-06-06 00:00:00+05:30,,34.3,74.6,0.716,158.0,9.06,19.2,26.2,0.186,False,8
3409323,"Worli, Mumbai - MPCB",GS,2026-06-07 00:00:00+05:30,,34.3,75.3,0.734,159.0,9.44,21.3,24.3,0.162,False,8
3409323,"Worli, Mumbai - MPCB",GS,2026-06-08 00:00:00+05:30,,33.7,76.9,1.06,180.0,8.34,23.9,24.8,0.154,False,8
3409323,"Worli, Mumbai - MPCB",GS,2026-06-09 00:00:00+05:30,,34.0,76.1,0.911,174.0,7.56,21.4,24.9,0.042,False,8
3409323,"Worli, Mumbai - MPCB",GS,2026-06-10 00:00:00+05:30,,33.4,76.6,1.08,206.99999999999997,6.88,22.1,25.3,0.235,False,8
3409323,"Worli, Mumbai - MPCB",GS,2026-06-11 00:00:00+05:30,,33.5,75.7,1.37,233.99999999999997,6.27,22.9,25.9,0.256,False,8
3409323,"Worli, Mumbai - MPCB",GS,2026-06-12 00:00:00+05:30,,33.5,77.5,1.53,233.99999999999997,5.88,22.9,25.5,0.278,False,8
3409323,"Worli, Mumbai - MPCB",GS,2026-06-13 00:00:00+05:30,,33.5,76.6,1.07,206.0,5.75,21.4,25.7,0.296,False,8
3409323,"Worli, Mumbai - MPCB",GS,2026-06-14 00:00:00+05:30,,33.8,73.6,0.917,121.0,8.87,20.6,24.9,0.26,False,8
3409323,"Worli, Mumbai - MPCB",GS,2026-06-15 00:00:00+05:30,10.4,33.7,73.4,0.803,138.0,6.88,20.0,25.6,0.334,True,9
3409323,"Worli, Mumbai - MPCB",GS,2026-06-16 00:00:00+05:30,7.63,33.2,74.9,0.863,192.99999999999997,6.8,17.9,25.1,0.251,True,9
3409323,"Worli, Mumbai - MPCB",GS,2026-06-17 00:00:00+05:30,10.9,33.1,72.6,0.932,197.0,7.42,19.7,24.3,0.237,True,9
3409323,"Worli, Mumbai - MPCB",GS,2026-06-18 00:00:00+05:30,16.6,33.0,71.8,1.04,206.0,19.7,20.6,24.5,0.257,True,9
3409323,"Worli, Mumbai - MPCB",GS,2026-06-19 00:00:00+05:30,13.5,32.9,70.0,1.08,229.0,32.4,20.3,24.8,0.239,True,9
3409323,"Worli, Mumbai - MPCB",GS,2026-06-20 00:00:00+05:30,13.3,33.1,71.2,0.803,210.99999999999997,22.0,22.2,25.1,0.328,True,9
3409323,"Worli, Mumbai - MPCB",GS,2026-06-21 00:00:00+05:30,11.3,33.4,75.0,0.698,173.0,16.3,20.6,25.2,0.337,True,9
3409323,"Worli, Mumbai - MPCB",GS,2026-06-22 00:00:00+05:30,8.46,31.5,81.3,0.925,214.0,16.2,16.1,24.9,0.35,True,9
3409323,"Worli, Mumbai - MPCB",GS,2026-06-23 00:00:00+05:30,6.89,28.1,98.5,0.626,192.99999999999997,21.4,11.7,24.3,0.351,True,9
3409323,"Worli, Mumbai - MPCB",GS,2026-06-25 00:00:00+05:30,7.75,29.8,,0.481,190.99999999999997,3.08,6.0,0.322,0.437,False,8
3409323,"Worli, Mumbai - MPCB",GS,2026-06-26 00:00:00+05:30,14.7,31.0,87.7,0.804,206.0,5.3,6.76,0.695,0.521,True,9
3409323,"Worli, Mumbai - MPCB",GS,2026-06-27 00:00:00+05:30,15.7,31.5,85.0,0.823,215.0,12.6,7.64,3.4,0.616,True,9
3409323,"Worli, Mumbai - MPCB",GS,2026-06-28 00:00:00+05:30,16.4,31.3,88.5,0.823,201.0,9.34,9.04,4.05,0.757,True,9
3409323,"Worli, Mumbai - MPCB",GS,2026-06-29 00:00:00+05:30,15.7,28.8,92.3,0.627,174.0,14.2,7.1,5.61,0.883,True,9
3409323,"Worli, Mumbai - MPCB",GS,2026-06-30 00:00:00+05:30,13.4,29.1,,1.01,210.99999999999997,11.7,7.15,4.8,0.8,False,8
3409323,"Worli, Mumbai - MPCB",GS,2026-07-01 00:00:00+05:30,12.5,28.7,97.0,1.38,214.0,7.87,10.2,4.47,0.77,True,9
3409323,"Worli, Mumbai - MPCB",GS,2026-07-02 00:00:00+05:30,19.6,28.6,,0.958,178.0,15.6,8.06,4.21,0.809,False,8
3409323,"Worli, Mumbai - MPCB",GS,2026-07-03 00:00:00+05:30,15.3,27.8,,0.828,115.0,12.5,8.63,3.88,0.655,False,8
3409323,"Worli, Mumbai - MPCB",GS,2026-07-04 00:00:00+05:30,18.3,28.4,,1.28,144.0,5.28,11.4,3.04,0.774,False,8
3409323,"Worli, Mumbai - MPCB",GS,2026-07-05 00:00:00+05:30,19.4,28.9,,1.74,148.0,4.65,12.4,3.24,0.687,False,8
3409323,"Worli, Mumbai - MPCB",GS,2026-07-06 00:00:00+05:30,28.2,29.1,,1.98,154.0,3.26,11.0,2.6,0.643,False,8
3409323,"Worli, Mumbai - MPCB",GS,2026-07-07 00:00:00+05:30,36.9,30.0,,1.97,197.0,3.56,9.36,2.36,0.602,False,8
3409323,"Worli, Mumbai - MPCB",GS,2026-07-08 00:00:00+05:30,40.1,30.6,,1.32,192.0,6.45,7.6,2.59,0.657,False,8
3409323,"Worli, Mumbai - MPCB",GS,2026-07-09 00:00:00+05:30,36.9,31.8,,1.08,232.00000000000003,7.82,4.06,2.55,0.576,False,8
3409323,"Worli, Mumbai - MPCB",GS,2026-07-10 00:00:00+05:30,31.7,32.4,,1.25,233.99999999999997,5.88,5.25,3.9,0.643,False,8
3409323,"Worli, Mumbai - MPCB",GS,2026-07-11 00:00:00+05:30,25.6,32.5,99.0,1.6,236.0,4.35,6.03,2.6,0.488,True,9
3409323,"Worli, Mumbai - MPCB",GS,2026-07-12 00:00:00+05:30,24.5,32.2,95.6,1.59,226.0,3.99,6.19,2.65,0.607,True,9
3409323,"Worli, Mumbai - MPCB",GS,2026-07-13 00:00:00+05:30,23.6,32.2,91.8,1.51,227.0,5.06,6.6,2.63,0.748,True,9
3409323,"Worli, Mumbai - MPCB",GS,2026-07-14 00:00:00+05:30,22.4,32.2,92.1,1.61,241.0,5.2,7.07,3.1,0.713,True,9
3409323,"Worli, Mumbai - MPCB",GS,2026-07-15 00:00:00+05:30,25.0,33.2,98.0,1.57,234.99999999999994,4.85,6.84,2.9,0.74,True,9
3409323,"Worli, Mumbai - MPCB",GS,2026-07-16 00:00:00+05:30,26.5,32.6,,1.65,242.99999999999997,4.88,7.31,3.56,0.742,False,8
3409323,"Worli, Mumbai - MPCB",GS,2026-07-17 00:00:00+05:30,30.1,32.9,97.8,1.86,246.0,3.81,7.61,4.21,0.728,True,9
3409323,"Worli, Mumbai - MPCB",GS,2026-07-18 00:00:00+05:30,27.4,31.2,,1.53,215.0,7.3,7.27,2.9,0.821,False,8
3409323,"Worli, Mumbai - MPCB",GS,2026-07-19 00:00:00+05:30,19.4,31.9,,1.4,212.99999999999997,6.53,7.14,2.06,0.786,False,8
3409323,"Worli, Mumbai - MPCB",GS,2026-07-20 00:00:00+05:30,21.2,30.7,,1.58,190.0,4.27,7.64,4.83,0.727,False,8
3409323,"Worli, Mumbai - MPCB",GS,2026-07-21 00:00:00+05:30,24.2,30.6,,1.94,233.0,3.95,7.91,4.6,0.777,False,8
3409323,"Worli, Mumbai - MPCB",GS,2026-07-22 00:00:00+05:30,22.4,26.9,,2.62,239.99999999999994,3.14,7.85,4.47,0.736,False,8
3409323,"Worli, Mumbai - MPCB",GS,2026-07-23 00:00:00+05:30,22.7,20.6,,2.29,233.99999999999997,3.07,7.55,5.07,0.791,False,8
3409323,"Worli, Mumbai - MPCB",GS,2026-07-24 00:00:00+05:30,21.0,,,2.25,236.0,2.61,7.85,4.0,0.766,False,7
3409323,"Worli, Mumbai - MPCB",GS,2026-07-25 00:00:00+05:30,30.9,24.9,,1.58,229.0,5.04,7.32,4.02,0.806,False,8
3409323,"Worli, Mumbai - MPCB",GS,2026-07-26 00:00:00+05:30,28.1,22.0,,1.56,230.99999999999997,4.05,7.45,4.53,0.655,False,8
3409323,"Worli, Mumbai - MPCB",GS,2026-07-27 00:00:00+05:30,28.2,16.3,,1.03,192.0,6.48,6.85,5.08,0.676,False,8
3409323,"Worli, Mumbai - MPCB",GS,2026-07-28 00:00:00+05:30,29.8,28.5,51.0,1.36,193.99999999999997,4.66,7.61,4.24,0.671,True,9
3409323,"Worli, Mumbai - MPCB",GS,2026-07-29 00:00:00+05:30,34.8,30.7,51.0,2.02,242.0,4.99,8.1,3.3,0.746,True,9
3409323,"Worli, Mumbai - MPCB",GS,2026-07-30 00:00:00+05:30,32.4,30.3,51.0,1.22,201.0,5.24,7.64,4.96,0.757,True,9
3409323,"Worli, Mumbai - MPCB",GS,2026-07-31 00:00:00+05:30,29.2,29.9,51.0,1.27,148.0,4.84,6.93,4.42,0.768,True,9
3409323,"Worli, Mumbai - MPCB",GS,2026-08-01 00:00:00+05:30,30.7,30.7,51.0,2.17,233.99999999999997,2.99,7.61,3.37,0.775,True,9
3409323,"Worli, Mumbai - MPCB",GS,2026-08-02 00:00:00+05:30,26.4,30.4,51.0,2.14,226.0,3.0,7.62,3.49,0.766,True,9
3409323,"Worli, Mumbai - MPCB",GS,2026-08-03 00:00:00+05:30,28.6,30.6,51.0,1.35,181.99999999999997,4.5,8.19,5.79,0.792,True,9
3409323,"Worli, Mumbai - MPCB",GS,2026-08-04 00:00:00+05:30,25.3,30.4,51.0,1.09,173.0,6.4,8.21,3.08,0.82,True,9
3409323,"Worli, Mumbai - MPCB",GS,2026-08-05 00:00:00+05:30,25.3,30.0,34.4,1.13,210.99999999999997,7.46,7.51,3.12,0.792,True,9
3409323,"Worli, Mumbai - MPCB",GS,2026-08-06 00:00:00+05:30,26.8,30.9,40.7,1.22,201.0,5.2,7.65,4.1,0.757,True,9
3409323,"Worli, Mumbai - MPCB",GS,2026-08-07 00:00:00+05:30,21.0,30.6,85.0,1.15,161.0,5.45,7.03,4.05,0.741,True,9
3409323,"Worli, Mumbai - MPCB",GS,2026-08-08 00:00:00+05:30,22.3,30.9,84.6,0.93,171.0,4.89,6.88,3.59,0.728,True,9
3409323,"Worli, Mumbai - MPCB",GS,2026-08-09 00:00:00+05:30,23.7,31.5,82.4,1.16,197.0,4.25,8.16,2.93,0.723,True,9
3409323,"Worli, Mumbai - MPCB",GS,2026-08-10 00:00:00+05:30,24.3,30.9,83.1,1.09,155.0,6.25,7.57,5.16,0.724,True,9
3409323,"Worli, Mumbai - MPCB",GS,2026-08-11 00:00:00+05:30,20.0,28.3,94.5,0.978,158.0,8.96,6.68,4.04,0.831,True,9
3409323,"Worli, Mumbai - MPCB",GS,2026-08-12 00:00:00+05:30,21.6,30.5,88.5,0.864,162.0,5.35,7.15,1.18,0.782,True,9
3409323,"Worli, Mumbai - MPCB",GS,2026-08-13 00:00:00+05:30,20.7,29.7,91.5,1.28,203.0,7.58,6.7,5.11,0.754,True,9
3409323,"Worli, Mumbai - MPCB",GS,2026-08-14 00:00:00+05:30,20.0,30.2,87.4,1.21,220.99999999999997,6.04,7.43,5.55,0.764,True,9
3409323,"Worli, Mumbai - MPCB",GS,2026-08-15 00:00:00+05:30,18.6,29.1,90.0,1.09,193.99999999999997,7.53,7.24,7.52,0.781,True,9
3409323,"Worli, Mumbai - MPCB",GS,2026-08-16 00:00:00+05:30,19.1,30.5,84.8,1.37,226.0,4.58,8.8,6.88,0.747,True,9
3409323,"Worli, Mumbai - MPCB",GS,2026-08-17 00:00:00+05:30,18.4,30.3,86.8,1.54,223.0,4.22,8.1,7.79,0.741,True,9
3409323,"Worli, Mumbai - MPCB",GS,2026-08-18 00:00:00+05:30,10.5,30.4,89.0,1.24,201.0,4.65,6.98,6.52,0.719,True,9
3409323,"Worli, Mumbai - MPCB",GS,2026-08-19 00:00:00+05:30,16.7,30.6,86.9,0.969,171.0,5.33,6.9,7.69,0.753,True,9
3409323,"Worli, Mumbai - MPCB",GS,2026-08-20 00:00:00+05:30,16.0,30.6,84.7,0.904,163.0,5.66,6.56,5.96,0.772,True,9
3409323,"Worli, Mumbai - MPCB",GS,2026-08-21 00:00:00+05:30,15.4,30.8,82.2,1.22,226.0,5.1,7.25,6.65,0.768,True,9
3409323,"Worli, Mumbai - MPCB",GS,2026-08-22 00:00:00+05:30,12.7,30.8,84.6,1.28,212.0,3.96,7.53,7.36,0.751,True,9
3409323,"Worli, Mumbai - MPCB",GS,2026-08-23 00:00:00+05:30,15.0,30.4,86.5,1.36,236.0,4.29,7.4,7.09,0.756,True,9
3409323,"Worli, Mumbai - MPCB",GS,2026-08-24 00:00:00+05:30,16.2,30.8,83.4,0.908,190.0,5.53,6.55,8.12,0.785,True,9
3409323,"Worli, Mumbai - MPCB",GS,2026-08-25 00:00:00+05:30,14.6,30.9,82.5,0.78,162.0,5.82,7.31,6.69,0.717,True,9
3409323,"Worli, Mumbai - MPCB",GS,2026-08-26 00:00:00+05:30,17.5,31.3,81.2,0.765,159.0,6.24,7.85,6.5,0.732,True,9
3409323,"Worli, Mumbai - MPCB",GS,2026-08-27 00:00:00+05:30,13.9,30.7,85.0,1.3,215.0,4.15,8.74,5.78,0.669,True,9
3409323,"Worli, Mumbai - MPCB",GS,2026-08-28 00:00:00+05:30,,30.0,87.0,2.1,248.0,2.8,8.0,5.4,0.74,False,8
3409323,"Worli, Mumbai - MPCB",GS,2026-08-29 00:00:00+05:30,,30.0,85.7,1.88,241.0,1.49,8.34,4.93,0.703,False,8
3409323,"Worli, Mumbai - MPCB",GS,2026-08-30 00:00:00+05:30,11.5,31.0,84.2,1.27,217.99999999999997,4.38,8.02,4.24,0.748,True,9
3409323,"Worli, Mumbai - MPCB",GS,2026-08-31 00:00:00+05:30,15.3,31.1,84.0,0.888,185.99999999999997,5.25,6.99,6.45,0.733,True,9
3409323,"Worli, Mumbai - MPCB",GS,2026-09-01 00:00:00+05:30,6.25,31.0,84.6,1.22,221.99999999999997,4.72,6.15,8.89,0.783,True,9
3409323,"Worli, Mumbai - MPCB",GS,2026-09-02 00:00:00+05:30,47.7,31.2,82.6,0.717,147.0,9.85,5.54,10.0,0.663,True,9
3409323,"Worli, Mumbai - MPCB",GS,2026-09-03 00:00:00+05:30,19.6,30.7,85.2,0.854,197.99999999999997,6.81,5.79,12.8,0.735,True,9
3409323,"Worli, Mumbai - MPCB",GS,2026-09-04 00:00:00+05:30,14.4,30.8,82.6,0.82,183.99999999999997,7.34,6.35,9.9,0.767,True,9
3409323,"Worli, Mumbai - MPCB",GS,2026-09-05 00:00:00+05:30,10.9,30.2,89.2,0.966,174.0,6.01,5.95,9.48,0.743,True,9
3409323,"Worli, Mumbai - MPCB",GS,2026-09-06 00:00:00+05:30,13.9,30.1,87.8,0.595,131.0,8.78,4.37,9.74,0.751,True,9
3409323,"Worli, Mumbai - MPCB",GS,2026-09-07 00:00:00+05:30,14.5,31.4,81.1,0.697,109.0,7.23,6.3,10.9,0.731,True,9
3409323,"Worli, Mumbai - MPCB",GS,2026-09-08 00:00:00+05:30,25.1,31.6,78.9,0.839,97.8,7.33,5.64,10.8,0.704,True,9
3409323,"Worli, Mumbai - MPCB",GS,2026-09-09 00:00:00+05:30,7.9,31.8,79.3,0.693,112.0,7.07,5.54,7.42,0.696,True,9
3409323,"Worli, Mumbai - MPCB",GS,2026-09-10 00:00:00+05:30,8.12,32.3,76.3,0.812,105.00000000000001,6.81,4.61,6.62,0.821,True,9
3409323,"Worli, Mumbai - MPCB",GS,2026-09-11 00:00:00+05:30,5.09,30.8,84.7,0.6,124.0,8.08,4.92,8.14,0.817,True,9
3409323,"Worli, Mumbai - MPCB",GS,2026-09-12 00:00:00+05:30,5.91,31.0,83.3,0.628,116.00000000000001,7.37,5.06,6.19,0.7,True,9
3409323,"Worli, Mumbai - MPCB",GS,2026-09-13 00:00:00+05:30,12.2,27.3,94.3,0.414,166.0,12.7,4.23,5.2,0.829,True,9
3409323,"Worli, Mumbai - MPCB",GS,2026-09-14 00:00:00+05:30,8.43,29.3,89.1,0.733,192.99999999999997,9.71,6.8,6.69,0.85,True,9
3409323,"Worli, Mumbai - MPCB",GS,2026-09-15 00:00:00+05:30,7.14,29.5,89.4,0.881,197.99999999999997,9.47,4.68,7.1,0.827,True,9
3409323,"Worli, Mumbai - MPCB",GS,2026-09-16 00:00:00+05:30,9.89,29.8,87.5,0.654,201.0,12.3,4.59,6.01,0.878,True,9
3409323,"Worli, Mumbai - MPCB",GS,2026-09-17 00:00:00+05:30,7.29,30.8,85.1,0.918,212.0,8.31,5.33,6.41,0.768,True,9
3409329,"Deonar, Mumbai - IITM",ME,2025-10-11 00:00:00+05:30,66.4,0.0,0.0,0.0,0.0,26.3,18.8,4.75,0.955,True,9
3409329,"Deonar, Mumbai - IITM",ME,2025-10-12 00:00:00+05:30,80.0,0.0,0.0,0.0,0.0,23.7,18.1,4.63,0.88,True,9
3409329,"Deonar, Mumbai - IITM",ME,2025-10-13 00:00:00+05:30,68.8,0.0,0.0,0.0,0.0,30.0,17.8,3.97,1.16,True,9
3409329,"Deonar, Mumbai - IITM",ME,2025-10-14 00:00:00+05:30,65.3,0.0,0.0,0.0,0.0,30.2,19.9,5.28,1.28,True,9
3409329,"Deonar, Mumbai - IITM",ME,2025-10-15 00:00:00+05:30,64.3,,,,,26.3,16.5,3.36,1.07,False,5
3409329,"Deonar, Mumbai - IITM",ME,2025-10-16 00:00:00+05:30,48.2,,,,,21.7,14.7,3.69,0.704,False,5
3409329,"Deonar, Mumbai - IITM",ME,2025-10-17 00:00:00+05:30,41.2,,,,,22.5,13.0,3.35,0.673,False,5
3409329,"Deonar, Mumbai - IITM",ME,2025-10-18 00:00:00+05:30,69.5,,,,,24.8,19.3,4.4,0.932,False,5
3409329,"Deonar, Mumbai - IITM",ME,2025-10-19 00:00:00+05:30,94.5,,,,,22.0,15.4,4.33,1.05,False,5
3409329,"Deonar, Mumbai - IITM",ME,2025-10-20 00:00:00+05:30,119.0,,,,,17.5,10.5,3.27,1.05,False,5
3409329,"Deonar, Mumbai - IITM",ME,2025-10-21 00:00:00+05:30,94.8,,,,,11.3,14.3,5.6,0.772,False,5
3409329,"Deonar, Mumbai - IITM",ME,2025-10-22 00:00:00+05:30,53.8,,,,,13.7,11.2,3.86,0.694,False,5
3409329,"Deonar, Mumbai - IITM",ME,2025-10-23 00:00:00+05:30,39.4,,,,,11.8,9.02,2.79,0.532,False,5
3409329,"Deonar, Mumbai - IITM",ME,2025-10-24 00:00:00+05:30,16.0,,,,,14.5,6.85,2.64,0.524,False,5
3409329,"Deonar, Mumbai - IITM",ME,2025-10-25 00:00:00+05:30,12.6,,,,,13.0,2.95,5.02,0.675,False,5
3409329,"Deonar, Mumbai - IITM",ME,2025-10-26 00:00:00+05:30,20.5,,,,,8.53,0.175,4.72,0.558,False,5
3409329,"Deonar, Mumbai - IITM",ME,2025-10-27 00:00:00+05:30,12.3,,,,,11.1,2.77,4.91,0.742,False,5
3409329,"Deonar, Mumbai - IITM",ME,2025-10-28 00:00:00+05:30,19.6,,,,,12.3,4.26,5.17,0.73,False,5
3409329,"Deonar, Mumbai - IITM",ME,2025-10-29 00:00:00+05:30,25.1,,,,,13.7,6.39,6.99,0.727,False,5
3409329,"Deonar, Mumbai - IITM",ME,2025-10-30 00:00:00+05:30,18.9,,,,,12.0,6.24,4.48,0.507,False,5
3409329,"Deonar, Mumbai - IITM",ME,2025-10-31 00:00:00+05:30,12.1,,,,,14.2,1.76,3.38,0.835,False,5
3409329,"Deonar, Mumbai - IITM",ME,2025-11-01 00:00:00+05:30,11.3,,,,,13.7,4.94,2.51,0.822,False,5
3409329,"Deonar, Mumbai - IITM",ME,2025-11-02 00:00:00+05:30,8.41,,,,,13.6,1.04,1.31,0.65,False,5
3409329,"Deonar, Mumbai - IITM",ME,2025-11-03 00:00:00+05:30,9.04,,,,,12.9,43.4,2.37,0.801,False,5
3409329,"Deonar, Mumbai - IITM",ME,2025-11-04 00:00:00+05:30,22.0,0.0,0.0,0.0,0.0,19.6,5.92,101.0,0.989,True,9
3409329,"Deonar, Mumbai - IITM",ME,2025-11-05 00:00:00+05:30,26.5,,,,,17.9,10.0,4.44,0.819,False,5
3409329,"Deonar, Mumbai - IITM",ME,2025-11-06 00:00:00+05:30,43.9,,,,,23.8,15.0,5.95,0.653,False,5
3409329,"Deonar, Mumbai - IITM",ME,2025-11-07 00:00:00+05:30,67.5,,,,,32.8,20.8,6.12,0.745,False,5
3409329,"Deonar, Mumbai - IITM",ME,2025-11-08 00:00:00+05:30,44.2,,,,,30.7,16.8,6.06,0.614,False,5
3409329,"Deonar, Mumbai - IITM",ME,2025-11-09 00:00:00+05:30,43.4,,,,,28.6,15.2,5.5,0.514,False,5
3409329,"Deonar, Mumbai - IITM",ME,2025-11-10 00:00:00+05:30,59.0,,,,,31.0,3.88,4.77,0.988,False,5
3409329,"Deonar, Mumbai - IITM",ME,2025-11-11 00:00:00+05:30,59.2,,,,,34.5,19.8,5.57,1.04,False,5
3409329,"Deonar, Mumbai - IITM",ME,2025-11-12 00:00:00+05:30,71.8,,,,,,20.0,6.33,0.871,False,4
3409329,"Deonar, Mumbai - IITM",ME,2025-11-13 00:00:00+05:30,77.5,,,,,37.7,18.0,6.83,1.16,False,5
3409329,"Deonar, Mumbai - IITM",ME,2025-11-14 00:00:00+05:30,79.2,,,,,40.4,18.1,6.36,1.24,False,5
3409329,"Deonar, Mumbai - IITM",ME,2025-11-15 00:00:00+05:30,77.4,,,,,38.4,16.0,5.74,1.15,False,5
3409329,"Deonar, Mumbai - IITM",ME,2025-11-16 00:00:00+05:30,82.7,,,,,36.8,14.7,5.69,1.03,False,5
3409329,"Deonar, Mumbai - IITM",ME,2025-11-17 00:00:00+05:30,85.9,,,,,38.4,16.7,6.49,1.29,False,5
3409329,"Deonar, Mumbai - IITM",ME,2025-11-18 00:00:00+05:30,105.0,,,,,52.8,6.28,4.75,1.46,False,5
3409329,"Deonar, Mumbai - IITM",ME,2025-11-19 00:00:00+05:30,90.6,,,,,39.7,14.2,6.81,1.0,False,5
3409329,"Deonar, Mumbai - IITM",ME,2025-11-20 00:00:00+05:30,92.6,,,,,38.3,14.0,6.92,1.16,False,5
3409329,"Deonar, Mumbai - IITM",ME,2025-11-21 00:00:00+05:30,100.0,,,,,40.1,15.2,6.45,1.37,False,5
3409329,"Deonar, Mumbai - IITM",ME,2025-11-22 00:00:00+05:30,95.7,,,,,40.8,12.2,6.37,1.51,False,5
3409329,"Deonar, Mumbai - IITM",ME,2025-11-23 00:00:00+05:30,109.0,,,,,32.8,13.9,5.01,1.72,False,5
3409329,"Deonar, Mumbai - IITM",ME,2025-11-24 00:00:00+05:30,95.0,,,,,33.1,13.2,5.12,1.6,False,5
3409329,"Deonar, Mumbai - IITM",ME,2025-11-25 00:00:00+05:30,66.9,,,,,34.0,16.4,4.65,1.53,False,5
3409329,"Deonar, Mumbai - IITM",ME,2025-11-26 00:00:00+05:30,32.8,,,,,31.6,15.4,3.86,1.32,False,5
3409329,"Deonar, Mumbai - IITM",ME,2025-11-27 00:00:00+05:30,77.0,,,,,35.6,15.0,4.55,1.32,False,5
3409329,"Deonar, Mumbai - IITM",ME,2025-11-28 00:00:00+05:30,73.0,,,,,32.1,10.8,5.02,1.25,False,5
3409329,"Deonar, Mumbai - IITM",ME,2025-11-29 00:00:00+05:30,64.6,0.0,0.0,0.0,0.0,31.8,10.3,5.47,1.03,True,9
3409329,"Deonar, Mumbai - IITM",ME,2025-11-30 00:00:00+05:30,67.2,,,,,33.5,9.85,6.68,1.21,False,5
3409329,"Deonar, Mumbai - IITM",ME,2025-12-01 00:00:00+05:30,66.3,,,,,36.6,12.1,40.2,1.52,False,5
3409329,"Deonar, Mumbai - IITM",ME,2025-12-02 00:00:00+05:30,67.0,,,,,33.8,9.38,5.32,1.33,False,5
3409329,"Deonar, Mumbai - IITM",ME,2025-12-03 00:00:00+05:30,74.5,0.0,0.0,0.0,0.0,32.6,30.7,7.59,1.26,True,9
3409329,"Deonar, Mumbai - IITM",ME,2025-12-04 00:00:00+05:30,83.9,,,,,32.7,9.55,6.92,1.14,False,5
3409329,"Deonar, Mumbai - IITM",ME,2025-12-05 00:00:00+05:30,69.2,,,,,28.0,13.3,5.89,1.03,False,5
3409329,"Deonar, Mumbai - IITM",ME,2025-12-06 00:00:00+05:30,57.9,,,,,29.4,14.3,5.72,0.797,False,5
3409329,"Deonar, Mumbai - IITM",ME,2025-12-07 00:00:00+05:30,58.5,,,,,30.0,16.4,5.5,0.759,False,5
3409329,"Deonar, Mumbai - IITM",ME,2025-12-08 00:00:00+05:30,58.2,,,,,37.9,8.28,5.48,1.05,False,5
3409329,"Deonar, Mumbai - IITM",ME,2025-12-09 00:00:00+05:30,50.3,,,,,31.8,9.86,4.56,0.661,False,5
3409329,"Deonar, Mumbai - IITM",ME,2025-12-10 00:00:00+05:30,41.2,,,,,37.0,7.57,7.95,0.669,False,5
3409329,"Deonar, Mumbai - IITM",ME,2025-12-11 00:00:00+05:30,41.1,0.0,0.0,0.0,0.0,39.7,8.66,7.51,0.711,True,9
3409329,"Deonar, Mumbai - IITM",ME,2025-12-12 00:00:00+05:30,49.1,0.0,0.0,0.0,0.0,45.2,10.4,6.07,0.671,True,9
3409329,"Deonar, Mumbai - IITM",ME,2025-12-13 00:00:00+05:30,51.9,0.0,0.0,0.0,0.0,46.6,10.6,6.17,0.819,True,9
3409329,"Deonar, Mumbai - IITM",ME,2025-12-14 00:00:00+05:30,59.7,0.0,0.0,0.0,0.0,46.5,11.6,8.41,0.957,True,9
3409329,"Deonar, Mumbai - IITM",ME,2025-12-15 00:00:00+05:30,53.0,0.0,0.0,0.0,0.0,39.9,8.3,7.97,1.05,True,9
3409329,"Deonar, Mumbai - IITM",ME,2025-12-16 00:00:00+05:30,54.4,,,,,40.3,10.2,5.64,0.776,False,5
3409329,"Deonar, Mumbai - IITM",ME,2025-12-17 00:00:00+05:30,69.0,,,,,48.9,11.0,6.96,0.942,False,5
3409329,"Deonar, Mumbai - IITM",ME,2025-12-18 00:00:00+05:30,71.5,,,,,49.6,6.49,7.03,1.15,False,5
3409329,"Deonar, Mumbai - IITM",ME,2025-12-19 00:00:00+05:30,55.8,,,,,43.6,9.35,7.06,0.764,False,5
3409329,"Deonar, Mumbai - IITM",ME,2025-12-20 00:00:00+05:30,44.2,,,,,39.5,7.55,6.48,0.811,False,5
3409329,"Deonar, Mumbai - IITM",ME,2025-12-21 00:00:00+05:30,54.2,,,,,29.4,0.0,5.09,0.785,False,5
3409329,"Deonar, Mumbai - IITM",ME,2025-12-22 00:00:00+05:30,48.7,,,,,50.2,12.0,8.9,1.28,False,5
3409329,"Deonar, Mumbai - IITM",ME,2025-12-23 00:00:00+05:30,48.3,,,,,38.8,7.02,7.65,0.924,False,5
3409329,"Deonar, Mumbai - IITM",ME,2025-12-24 00:00:00+05:30,39.9,,,,,34.4,6.91,5.89,0.772,False,5
3409329,"Deonar, Mumbai - IITM",ME,2025-12-25 00:00:00+05:30,50.7,,,,,38.0,7.48,7.31,1.1,False,5
3409329,"Deonar, Mumbai - IITM",ME,2025-12-26 00:00:00+05:30,62.8,,,,,40.0,10.3,6.31,0.957,False,5
3409329,"Deonar, Mumbai - IITM",ME,2025-12-27 00:00:00+05:30,65.6,,,,,39.9,7.88,5.81,0.935,False,5
3409329,"Deonar, Mumbai - IITM",ME,2025-12-28 00:00:00+05:30,71.0,,,,,39.6,8.69,6.59,1.13,False,5
3409329,"Deonar, Mumbai - IITM",ME,2025-12-29 00:00:00+05:30,70.2,,,,,43.6,10.1,6.97,1.04,False,5
3409329,"Deonar, Mumbai - IITM",ME,2025-12-30 00:00:00+05:30,71.0,,,,,42.5,10.5,8.65,0.907,False,5
3409329,"Deonar, Mumbai - IITM",ME,2025-12-31 00:00:00+05:30,72.8,,,,,34.7,10.3,5.84,1.14,False,5
3409329,"Deonar, Mumbai - IITM",ME,2026-01-01 00:00:00+05:30,41.0,,,,,22.4,5.73,4.52,0.949,False,5
3409329,"Deonar, Mumbai - IITM",ME,2026-01-02 00:00:00+05:30,55.5,,,,,28.2,7.25,5.01,1.14,False,5
3409329,"Deonar, Mumbai - IITM",ME,2026-01-03 00:00:00+05:30,64.3,,,,,33.9,7.48,5.79,1.33,False,5
3409329,"Deonar, Mumbai - IITM",ME,2026-01-04 00:00:00+05:30,82.0,,,,,30.0,8.75,5.51,1.56,False,5
3409329,"Deonar, Mumbai - IITM",ME,2026-01-05 00:00:00+05:30,75.3,,,,,31.1,8.67,7.02,1.45,False,5
3409329,"Deonar, Mumbai - IITM",ME,2026-01-06 00:00:00+05:30,75.6,,,,,30.2,8.85,6.8,1.39,False,5
3409329,"Deonar, Mumbai - IITM",ME,2026-01-07 00:00:00+05:30,67.3,,,,,33.5,9.97,47.8,1.4,False,5
3409329,"Deonar, Mumbai - IITM",ME,2026-01-08 00:00:00+05:30,65.4,,,,,38.1,7.73,3.29,1.26,False,5
3409329,"Deonar, Mumbai - IITM",ME,2026-01-09 00:00:00+05:30,65.8,,,,,61.4,6.1,0.277,1.46,False,5
3409329,"Deonar, Mumbai - IITM",ME,2026-01-10 00:00:00+05:30,63.6,,,,,30.0,10.3,1.22,0.886,False,5
3409329,"Deonar, Mumbai - IITM",ME,2026-01-20 00:00:00+05:30,77.1,0.0,0.0,0.0,0.0,57.6,1.0,6.03,0.86,True,9
3409329,"Deonar, Mumbai - IITM",ME,2026-01-21 00:00:00+05:30,65.2,0.0,0.0,0.0,0.0,29.5,7.69,9.61,1.18,True,9
3409329,"Deonar, Mumbai - IITM",ME,2026-01-22 00:00:00+05:30,66.0,0.0,0.0,0.0,0.0,26.0,8.91,9.68,0.919,True,9
3409329,"Deonar, Mumbai - IITM",ME,2026-01-23 00:00:00+05:30,59.0,0.0,0.0,0.0,0.0,20.6,7.34,3.78,1.04,True,9
3409329,"Deonar, Mumbai - IITM",ME,2026-01-24 00:00:00+05:30,58.9,0.0,0.0,0.0,0.0,14.1,0.5,4.31,1.28,True,9
3409329,"Deonar, Mumbai - IITM",ME,2026-01-25 00:00:00+05:30,62.0,0.0,0.0,0.0,0.0,31.8,14.0,6.47,0.659,True,9
3409329,"Deonar, Mumbai - IITM",ME,2026-01-26 00:00:00+05:30,71.8,0.0,0.0,0.0,0.0,22.4,12.5,5.64,1.02,True,9
3409329,"Deonar, Mumbai - IITM",ME,2026-01-27 00:00:00+05:30,43.6,0.0,0.0,0.0,0.0,20.3,9.62,3.24,0.85,True,9
3409329,"Deonar, Mumbai - IITM",ME,2026-01-28 00:00:00+05:30,33.5,0.0,0.0,0.0,0.0,26.7,8.94,5.43,0.727,True,9
3409329,"Deonar, Mumbai - IITM",ME,2026-01-29 00:00:00+05:30,53.8,0.0,0.0,0.0,0.0,35.3,9.06,6.35,1.08,True,9
3409329,"Deonar, Mumbai - IITM",ME,2026-01-30 00:00:00+05:30,67.3,0.0,0.0,0.0,0.0,24.3,12.0,6.14,1.31,True,9
3409329,"Deonar, Mumbai - IITM",ME,2026-01-31 00:00:00+05:30,59.2,0.0,0.0,0.0,0.0,19.3,11.7,1.77,1.12,True,9
3409329,"Deonar, Mumbai - IITM",ME,2026-02-01 00:00:00+05:30,73.5,0.0,0.0,0.0,0.0,25.2,13.0,3.37,0.916,True,9
3409329,"Deonar, Mumbai - IITM",ME,2026-02-02 00:00:00+05:30,76.4,0.0,0.0,0.0,0.0,26.9,10.7,6.02,1.12,True,9
3409329,"Deonar, Mumbai - IITM",ME,2026-02-03 00:00:00+05:30,83.2,0.0,0.0,0.0,0.0,18.2,4.72,2.48,1.1,True,9
3409329,"Deonar, Mumbai - IITM",ME,2026-02-04 00:00:00+05:30,62.8,0.0,0.0,0.0,0.0,27.8,13.9,5.39,1.15,True,9
3409329,"Deonar, Mumbai - IITM",ME,2026-02-05 00:00:00+05:30,65.8,0.0,0.0,0.0,0.0,25.1,6.77,6.63,1.08,True,9
3409329,"Deonar, Mumbai - IITM",ME,2026-02-06 00:00:00+05:30,36.2,0.0,0.0,0.0,0.0,39.9,32.9,6.22,0.817,True,9
3409329,"Deonar, Mumbai - IITM",ME,2026-02-07 00:00:00+05:30,58.4,0.0,0.0,0.0,0.0,30.0,25.9,8.64,0.96,True,9
3409329,"Deonar, Mumbai - IITM",ME,2026-02-08 00:00:00+05:30,62.3,0.0,0.0,0.0,0.0,46.5,2.83,5.79,1.84,True,9
3409329,"Deonar, Mumbai - IITM",ME,2026-02-09 00:00:00+05:30,60.4,0.0,0.0,0.0,0.0,28.9,30.9,6.75,1.08,True,9
3409329,"Deonar, Mumbai - IITM",ME,2026-02-10 00:00:00+05:30,55.5,0.0,0.0,0.0,0.0,33.6,30.7,6.29,1.23,True,9
3409329,"Deonar, Mumbai - IITM",ME,2026-02-11 00:00:00+05:30,58.4,0.0,0.0,0.0,0.0,35.6,29.7,26.3,0.996,True,9
3409329,"Deonar, Mumbai - IITM",ME,2026-02-12 00:00:00+05:30,54.1,0.0,0.0,0.0,0.0,30.8,27.9,3.12,1.25,True,9
3409329,"Deonar, Mumbai - IITM",ME,2026-02-13 00:00:00+05:30,59.4,0.0,0.0,0.0,0.0,33.2,31.9,3.74,1.12,True,9
3409329,"Deonar, Mumbai - IITM",ME,2026-02-14 00:00:00+05:30,65.6,0.0,0.0,0.0,0.0,36.4,33.6,2.97,1.12,True,9
3409329,"Deonar, Mumbai - IITM",ME,2026-02-15 00:00:00+05:30,60.0,0.0,0.0,0.0,0.0,33.8,26.8,3.29,1.03,True,9
3409329,"Deonar, Mumbai - IITM",ME,2026-02-16 00:00:00+05:30,52.8,0.0,0.0,0.0,0.0,25.5,9.53,2.35,0.871,True,9
3409329,"Deonar, Mumbai - IITM",ME,2026-02-17 00:00:00+05:30,33.5,0.0,0.0,0.0,0.0,26.4,43.9,1.37,0.674,True,9
3409329,"Deonar, Mumbai - IITM",ME,2026-02-18 00:00:00+05:30,22.3,0.0,0.0,0.0,0.0,22.3,22.3,1.65,0.572,True,9
3409329,"Deonar, Mumbai - IITM",ME,2026-02-19 00:00:00+05:30,33.6,0.0,0.0,0.0,0.0,33.8,30.3,2.39,1.21,True,9
3409329,"Deonar, Mumbai - IITM",ME,2026-02-20 00:00:00+05:30,70.3,0.0,0.0,0.0,0.0,24.0,30.1,1.03,1.16,True,9
3409329,"Deonar, Mumbai - IITM",ME,2026-02-21 00:00:00+05:30,71.2,0.0,0.0,0.0,0.0,27.1,33.4,4.28,1.04,True,9
3409329,"Deonar, Mumbai - IITM",ME,2026-02-22 00:00:00+05:30,63.7,0.0,0.0,0.0,0.0,25.4,28.0,3.39,1.21,True,9
3409329,"Deonar, Mumbai - IITM",ME,2026-02-23 00:00:00+05:30,50.8,0.0,0.0,0.0,0.0,22.6,31.9,3.33,0.943,True,9
3409329,"Deonar, Mumbai - IITM",ME,2026-02-24 00:00:00+05:30,52.8,0.0,0.0,0.0,0.0,26.5,24.5,1.49,1.09,True,9
3409329,"Deonar, Mumbai - IITM",ME,2026-02-25 00:00:00+05:30,36.9,0.0,0.0,0.0,0.0,23.7,18.8,1.96,0.799,True,9
3409329,"Deonar, Mumbai - IITM",ME,2026-02-26 00:00:00+05:30,22.6,0.0,0.0,0.0,0.0,16.0,12.3,0.408,0.663,True,9
3409329,"Deonar, Mumbai - IITM",ME,2026-02-27 00:00:00+05:30,19.0,0.0,0.0,0.0,0.0,15.6,12.2,1.37,0.568,True,9
3409329,"Deonar, Mumbai - IITM",ME,2026-02-28 00:00:00+05:30,16.5,0.0,0.0,0.0,0.0,16.7,14.8,1.51,0.546,True,9
3409329,"Deonar, Mumbai - IITM",ME,2026-03-01 00:00:00+05:30,21.7,0.0,0.0,0.0,0.0,15.8,20.7,2.13,0.609,True,9
3409329,"Deonar, Mumbai - IITM",ME,2026-03-02 00:00:00+05:30,32.2,0.0,0.0,0.0,0.0,20.2,19.7,1.53,0.983,True,9
3409329,"Deonar, Mumbai - IITM",ME,2026-03-03 00:00:00+05:30,71.4,0.0,0.0,0.0,0.0,21.5,30.2,2.13,1.49,True,9
3409329,"Deonar, Mumbai - IITM",ME,2026-03-04 00:00:00+05:30,42.1,0.0,0.0,0.0,0.0,22.5,26.9,2.8,0.812,True,9
3409329,"Deonar, Mumbai - IITM",ME,2026-03-05 00:00:00+05:30,33.2,0.0,0.0,0.0,0.0,25.8,25.4,3.47,0.706,True,9
3409329,"Deonar, Mumbai - IITM",ME,2026-03-06 00:00:00+05:30,22.0,0.0,0.0,0.0,0.0,31.1,24.1,3.14,0.556,True,9
3409329,"Deonar, Mumbai - IITM",ME,2026-03-07 00:00:00+05:30,30.4,0.0,0.0,0.0,0.0,33.3,26.4,1.65,1.29,True,9
3409329,"Deonar, Mumbai - IITM",ME,2026-03-08 00:00:00+05:30,52.8,0.0,0.0,0.0,0.0,28.5,29.2,3.18,1.47,True,9
3409329,"Deonar, Mumbai - IITM",ME,2026-03-09 00:00:00+05:30,46.2,0.0,0.0,0.0,0.0,33.8,29.0,85.7,1.1,True,9
3409329,"Deonar, Mumbai - IITM",ME,2026-03-10 00:00:00+05:30,41.6,0.0,0.0,0.0,0.0,47.3,56.6,5.48,1.43,True,9
3409329,"Deonar, Mumbai - IITM",ME,2026-03-11 00:00:00+05:30,48.0,0.0,0.0,0.0,0.0,26.7,27.3,1.74,1.17,True,9
3409329,"Deonar, Mumbai - IITM",ME,2026-03-12 00:00:00+05:30,45.5,0.0,0.0,0.0,0.0,15.7,29.6,0.262,1.2,True,9
3409329,"Deonar, Mumbai - IITM",ME,2026-03-13 00:00:00+05:30,43.3,0.0,0.0,0.0,0.0,23.3,32.9,0.225,1.02,True,9
3409329,"Deonar, Mumbai - IITM",ME,2026-03-14 00:00:00+05:30,37.6,0.0,0.0,0.0,0.0,23.2,24.1,0.692,0.907,True,9
3409329,"Deonar, Mumbai - IITM",ME,2026-03-15 00:00:00+05:30,26.2,0.0,0.0,0.0,0.0,9.38,19.9,0.888,0.637,True,9
3409329,"Deonar, Mumbai - IITM",ME,2026-03-16 00:00:00+05:30,18.1,0.0,0.0,0.0,0.0,13.5,20.1,0.184,0.641,True,9
3409329,"Deonar, Mumbai - IITM",ME,2026-03-17 00:00:00+05:30,23.5,0.0,0.0,0.0,0.0,13.4,21.4,1.26,0.613,True,9
3409329,"Deonar, Mumbai - IITM",ME,2026-03-18 00:00:00+05:30,25.4,0.0,0.0,0.0,0.0,16.4,21.9,1.74,0.772,True,9
3409329,"Deonar, Mumbai - IITM",ME,2026-03-19 00:00:00+05:30,18.6,0.0,0.0,0.0,0.0,9.07,18.1,0.656,0.697,True,9
3409329,"Deonar, Mumbai - IITM",ME,2026-03-20 00:00:00+05:30,21.8,0.0,0.0,0.0,0.0,15.2,20.8,4.57,0.861,True,9
3409329,"Deonar, Mumbai - IITM",ME,2026-03-21 00:00:00+05:30,25.9,0.0,0.0,0.0,0.0,16.7,31.0,2.28,1.08,True,9
3409329,"Deonar, Mumbai - IITM",ME,2026-03-22 00:00:00+05:30,33.8,0.0,0.0,0.0,0.0,20.3,37.7,3.07,0.953,True,9
3409329,"Deonar, Mumbai - IITM",ME,2026-03-23 00:00:00+05:30,37.9,0.0,0.0,0.0,0.0,25.0,33.1,3.02,1.12,True,9
3409329,"Deonar, Mumbai - IITM",ME,2026-03-24 00:00:00+05:30,39.5,0.0,0.0,0.0,0.0,17.2,32.4,2.78,1.12,True,9
3409329,"Deonar, Mumbai - IITM",ME,2026-03-25 00:00:00+05:30,28.4,0.0,0.0,0.0,0.0,12.7,32.1,1.07,0.727,True,9
3409329,"Deonar, Mumbai - IITM",ME,2026-03-26 00:00:00+05:30,38.5,0.0,0.0,0.0,0.0,23.9,44.9,1.2,1.04,True,9
3409329,"Deonar, Mumbai - IITM",ME,2026-03-27 00:00:00+05:30,38.6,0.0,0.0,0.0,0.0,23.6,33.2,2.42,0.823,True,9
3409329,"Deonar, Mumbai - IITM",ME,2026-03-28 00:00:00+05:30,18.5,0.0,0.0,0.0,0.0,8.82,22.9,0.329,0.581,True,9
3409329,"Deonar, Mumbai - IITM",ME,2026-03-29 00:00:00+05:30,25.2,0.0,0.0,0.0,0.0,8.6,15.1,0.394,0.726,True,9
3409329,"Deonar, Mumbai - IITM",ME,2026-03-30 00:00:00+05:30,27.9,0.0,0.0,0.0,0.0,9.2,13.7,0.692,0.939,True,9
3409329,"Deonar, Mumbai - IITM",ME,2026-03-31 00:00:00+05:30,19.8,0.0,0.0,0.0,0.0,5.51,5.11,0.332,0.77,True,9
3409329,"Deonar, Mumbai - IITM",ME,2026-04-01 00:00:00+05:30,21.1,0.0,0.0,0.0,0.0,10.5,76.6,212.0,0.489,True,9
3409329,"Deonar, Mumbai - IITM",ME,2026-04-02 00:00:00+05:30,23.8,0.0,0.0,0.0,0.0,13.0,16.0,0.584,0.423,True,9
3409329,"Deonar, Mumbai - IITM",ME,2026-04-03 00:00:00+05:30,25.8,0.0,0.0,0.0,0.0,12.8,17.6,2.27,0.975,True,9
3409329,"Deonar, Mumbai - IITM",ME,2026-04-04 00:00:00+05:30,23.7,0.0,0.0,0.0,0.0,7.49,15.6,2.44,1.2,True,9
3409329,"Deonar, Mumbai - IITM",ME,2026-04-05 00:00:00+05:30,16.4,,,,,9.6,23.7,2.38,0.737,False,5
3409329,"Deonar, Mumbai - IITM",ME,2026-04-06 00:00:00+05:30,14.8,,,,,10.5,29.2,1.56,0.322,False,5
3409329,"Deonar, Mumbai - IITM",ME,2026-04-07 00:00:00+05:30,25.9,,,,,11.5,27.0,2.94,0.53,False,5
3409329,"Deonar, Mumbai - IITM",ME,2026-04-08 00:00:00+05:30,22.5,,,,,8.81,11.1,1.85,0.704,False,5
3409329,"Deonar, Mumbai - IITM",ME,2026-04-09 00:00:00+05:30,34.1,,,,,12.6,13.2,2.3,0.808,False,5
3409329,"Deonar, Mumbai - IITM",ME,2026-04-10 00:00:00+05:30,55.5,,,,,19.4,25.0,2.56,0.932,False,5
3409329,"Deonar, Mumbai - IITM",ME,2026-04-11 00:00:00+05:30,58.7,,,,,15.8,42.3,1.36,1.12,False,5
3409329,"Deonar, Mumbai - IITM",ME,2026-04-12 00:00:00+05:30,58.9,,,,,14.6,32.7,1.24,1.21,False,5
3409329,"Deonar, Mumbai - IITM",ME,2026-04-13 00:00:00+05:30,44.4,,,,,9.17,19.7,1.5,1.24,False,5
3409329,"Deonar, Mumbai - IITM",ME,2026-04-14 00:00:00+05:30,54.8,,,,,11.6,29.2,0.647,1.17,False,5
3409329,"Deonar, Mumbai - IITM",ME,2026-04-15 00:00:00+05:30,29.5,,,,,15.7,27.5,2.45,1.13,False,5
3409329,"Deonar, Mumbai - IITM",ME,2026-04-16 00:00:00+05:30,28.4,,,,,12.0,19.5,1.58,0.974,False,5
3409329,"Deonar, Mumbai - IITM",ME,2026-04-17 00:00:00+05:30,30.1,,,,,11.6,21.5,2.2,1.21,False,5
3409329,"Deonar, Mumbai - IITM",ME,2026-04-18 00:00:00+05:30,36.2,,,,,15.5,26.5,2.15,1.28,False,5
3409329,"Deonar, Mumbai - IITM",ME,2026-04-19 00:00:00+05:30,45.0,,,,,14.7,23.8,2.56,1.25,False,5
3409329,"Deonar, Mumbai - IITM",ME,2026-04-20 00:00:00+05:30,27.2,0.0,0.0,0.0,0.0,9.59,19.0,1.5,1.07,True,9
3409329,"Deonar, Mumbai - IITM",ME,2026-04-21 00:00:00+05:30,44.9,0.0,0.0,0.0,0.0,14.4,36.6,1.22,1.09,True,9
3409329,"Deonar, Mumbai - IITM",ME,2026-04-22 00:00:00+05:30,41.9,0.0,0.0,0.0,0.0,18.0,11.5,1.67,1.29,True,9
3409329,"Deonar, Mumbai - IITM",ME,2026-04-23 00:00:00+05:30,43.7,0.0,0.0,0.0,0.0,20.2,32.5,2.61,1.08,True,9
3409329,"Deonar, Mumbai - IITM",ME,2026-04-24 00:00:00+05:30,39.8,0.0,0.0,0.0,0.0,22.6,27.1,4.44,1.35,True,9
3409329,"Deonar, Mumbai - IITM",ME,2026-04-25 00:00:00+05:30,46.2,0.0,0.0,0.0,0.0,21.3,37.8,3.51,1.16,True,9
3409329,"Deonar, Mumbai - IITM",ME,2026-04-26 00:00:00+05:30,32.7,0.0,0.0,0.0,0.0,11.7,25.6,3.25,0.899,True,9
3409329,"Deonar, Mumbai - IITM",ME,2026-04-27 00:00:00+05:30,25.3,0.0,0.0,0.0,0.0,9.7,17.0,6.26,1.06,True,9
3409329,"Deonar, Mumbai - IITM",ME,2026-04-28 00:00:00+05:30,25.6,0.0,0.0,0.0,0.0,8.14,13.3,2.45,1.18,True,9
3409329,"Deonar, Mumbai - IITM",ME,2026-04-29 00:00:00+05:30,20.1,0.0,0.0,0.0,0.0,6.59,11.8,2.39,1.16,True,9
3409329,"Deonar, Mumbai - IITM",ME,2026-04-30 00:00:00+05:30,17.3,0.0,0.0,0.0,0.0,6.5,13.1,1.9,1.23,True,9
3409329,"Deonar, Mumbai - IITM",ME,2026-05-04 00:00:00+05:30,16.9,0.0,0.0,0.0,0.0,5.67,19.2,11.2,1.01,True,9
3409329,"Deonar, Mumbai - IITM",ME,2026-05-05 00:00:00+05:30,13.0,0.0,0.0,0.0,0.0,2.26,20.3,4.93,1.06,True,9
3409329,"Deonar, Mumbai - IITM",ME,2026-05-06 00:00:00+05:30,17.9,0.0,0.0,0.0,0.0,8.92,28.4,2.16,0.856,True,9
3409329,"Deonar, Mumbai - IITM",ME,2026-05-07 00:00:00+05:30,17.8,0.0,0.0,0.0,0.0,7.92,52.8,84.8,1.05,True,9
3409329,"Deonar, Mumbai - IITM",ME,2026-05-08 00:00:00+05:30,25.6,0.0,0.0,0.0,0.0,12.8,23.9,1.81,1.25,True,9
3409329,"Deonar, Mumbai - IITM",ME,2026-05-09 00:00:00+05:30,26.1,0.0,0.0,0.0,0.0,14.5,20.6,2.66,1.37,True,9
3409329,"Deonar, Mumbai - IITM",ME,2026-05-10 00:00:00+05:30,33.8,0.0,0.0,0.0,0.0,15.4,28.4,2.56,1.42,True,9
3409329,"Deonar, Mumbai - IITM",ME,2026-05-11 00:00:00+05:30,21.8,0.0,0.0,0.0,0.0,14.3,24.0,1.67,1.31,True,9
3409329,"Deonar, Mumbai - IITM",ME,2026-05-12 00:00:00+05:30,21.6,0.0,0.0,0.0,0.0,12.3,15.7,1.95,1.15,True,9
3409329,"Deonar, Mumbai - IITM",ME,2026-05-13 00:00:00+05:30,15.7,0.0,0.0,0.0,0.0,7.67,15.3,2.51,1.08,True,9
3409329,"Deonar, Mumbai - IITM",ME,2026-05-14 00:00:00+05:30,13.6,0.0,0.0,0.0,0.0,8.09,16.8,2.92,1.18,True,9
3409329,"Deonar, Mumbai - IITM",ME,2026-05-15 00:00:00+05:30,13.3,0.0,0.0,0.0,0.0,7.17,15.1,3.1,1.16,True,9
3409329,"Deonar, Mumbai - IITM",ME,2026-05-16 00:00:00+05:30,9.82,0.0,0.0,0.0,0.0,7.56,14.2,2.22,1.24,True,9
3409329,"Deonar, Mumbai - IITM",ME,2026-05-17 00:00:00+05:30,11.5,0.0,0.0,0.0,0.0,7.54,14.9,2.45,1.28,True,9
3409329,"Deonar, Mumbai - IITM",ME,2026-05-18 00:00:00+05:30,16.6,0.0,0.0,0.0,0.0,6.93,13.6,2.24,1.19,True,9
3409329,"Deonar, Mumbai - IITM",ME,2026-05-19 00:00:00+05:30,12.5,0.0,0.0,0.0,0.0,7.34,15.3,2.34,1.02,True,9
3409329,"Deonar, Mumbai - IITM",ME,2026-05-20 00:00:00+05:30,9.14,0.0,0.0,0.0,0.0,6.42,11.8,2.72,0.939,True,9
3409329,"Deonar, Mumbai - IITM",ME,2026-05-21 00:00:00+05:30,7.94,0.0,0.0,0.0,0.0,6.8,11.5,2.02,0.949,True,9
3409329,"Deonar, Mumbai - IITM",ME,2026-05-22 00:00:00+05:30,6.1,0.0,0.0,0.0,0.0,6.31,10.3,2.22,0.921,True,9
3409329,"Deonar, Mumbai - IITM",ME,2026-05-23 00:00:00+05:30,9.87,0.0,0.0,0.0,0.0,8.1,8.14,2.87,1.08,True,9
3409329,"Deonar, Mumbai - IITM",ME,2026-05-24 00:00:00+05:30,4.2,0.0,0.0,0.0,0.0,4.87,9.43,3.19,1.06,True,9
3409329,"Deonar, Mumbai - IITM",ME,2026-05-25 00:00:00+05:30,6.83,0.0,0.0,0.0,0.0,5.0,9.55,2.86,1.11,True,9
3409329,"Deonar, Mumbai - IITM",ME,2026-05-26 00:00:00+05:30,7.25,0.0,0.0,0.0,0.0,4.79,8.89,3.39,1.11,True,9
3409329,"Deonar, Mumbai - IITM",ME,2026-05-27 00:00:00+05:30,7.13,0.0,0.0,0.0,0.0,5.49,9.8,2.72,0.863,True,9
3409329,"Deonar, Mumbai - IITM",ME,2026-05-28 00:00:00+05:30,9.89,0.0,0.0,0.0,0.0,4.79,13.2,2.88,0.811,True,9
3409329,"Deonar, Mumbai - IITM",ME,2026-05-29 00:00:00+05:30,11.4,0.0,0.0,0.0,0.0,5.52,11.8,2.45,0.903,True,9
3409329,"Deonar, Mumbai - IITM",ME,2026-05-30 00:00:00+05:30,12.0,0.0,0.0,0.0,0.0,5.33,7.25,2.24,0.994,True,9
3409329,"Deonar, Mumbai - IITM",ME,2026-06-01 00:00:00+05:30,7.39,0.0,0.0,0.0,0.0,6.67,21.5,78.0,0.696,True,9
3409329,"Deonar, Mumbai - IITM",ME,2026-06-02 00:00:00+05:30,17.7,0.0,0.0,0.0,0.0,5.67,16.5,0.315,1.38,True,9
3409329,"Deonar, Mumbai - IITM",ME,2026-06-03 00:00:00+05:30,13.8,0.0,0.0,0.0,0.0,11.0,21.8,0.648,1.04,True,9
3409329,"Deonar, Mumbai - IITM",ME,2026-06-04 00:00:00+05:30,12.1,0.0,0.0,0.0,0.0,8.36,12.8,0.859,1.09,True,9
3409329,"Deonar, Mumbai - IITM",ME,2026-06-05 00:00:00+05:30,18.9,0.0,0.0,0.0,0.0,7.62,11.1,1.04,1.05,True,9
3409329,"Deonar, Mumbai - IITM",ME,2026-06-06 00:00:00+05:30,17.9,0.0,0.0,0.0,0.0,7.22,12.1,1.5,0.963,True,9
3409329,"Deonar, Mumbai - IITM",ME,2026-06-07 00:00:00+05:30,19.5,0.0,0.0,0.0,0.0,6.18,12.3,1.21,0.737,True,9
3409329,"Deonar, Mumbai - IITM",ME,2026-06-08 00:00:00+05:30,18.3,0.0,0.0,0.0,0.0,5.21,12.7,0.704,0.776,True,9
3409329,"Deonar, Mumbai - IITM",ME,2026-06-09 00:00:00+05:30,17.5,0.0,0.0,0.0,0.0,4.85,12.4,1.05,1.05,True,9
3409329,"Deonar, Mumbai - IITM",ME,2026-06-10 00:00:00+05:30,19.8,0.0,0.0,0.0,0.0,6.46,12.4,1.23,1.03,True,9
3409329,"Deonar, Mumbai - IITM",ME,2026-06-11 00:00:00+05:30,18.2,0.0,0.0,0.0,0.0,5.87,14.2,0.444,0.882,True,9
3409329,"Deonar, Mumbai - IITM",ME,2026-06-12 00:00:00+05:30,16.0,0.0,0.0,0.0,0.0,5.79,13.3,0.807,1.05,True,9
3409329,"Deonar, Mumbai - IITM",ME,2026-06-13 00:00:00+05:30,15.9,0.0,0.0,0.0,0.0,5.82,12.9,0.761,0.958,True,9
3409329,"Deonar, Mumbai - IITM",ME,2026-06-14 00:00:00+05:30,14.6,0.0,0.0,0.0,0.0,4.87,14.3,0.721,0.811,True,9
3409329,"Deonar, Mumbai - IITM",ME,2026-06-15 00:00:00+05:30,14.9,0.0,0.0,0.0,0.0,4.86,13.4,0.917,0.987,True,9
3409329,"Deonar, Mumbai - IITM",ME,2026-06-16 00:00:00+05:30,13.2,0.0,0.0,0.0,0.0,5.78,10.6,1.4,1.08,True,9
3409329,"Deonar, Mumbai - IITM",ME,2026-06-17 00:00:00+05:30,12.7,0.0,0.0,0.0,0.0,5.88,12.1,0.358,0.936,True,9
3409329,"Deonar, Mumbai - IITM",ME,2026-06-18 00:00:00+05:30,14.6,0.0,0.0,0.0,0.0,6.22,11.9,0.637,0.983,True,9
3409329,"Deonar, Mumbai - IITM",ME,2026-06-19 00:00:00+05:30,14.2,0.0,0.0,0.0,0.0,8.24,11.1,2.72,1.07,True,9
3409329,"Deonar, Mumbai - IITM",ME,2026-06-20 00:00:00+05:30,16.4,0.0,0.0,0.0,0.0,6.74,11.4,6.85,1.02,True,9
3409329,"Deonar, Mumbai - IITM",ME,2026-06-21 00:00:00+05:30,14.1,0.0,0.0,0.0,0.0,6.71,11.9,6.92,1.05,True,9
3409329,"Deonar, Mumbai - IITM",ME,2026-06-22 00:00:00+05:30,13.3,0.0,0.0,0.0,0.0,7.18,7.49,6.66,1.08,True,9
3409329,"Deonar, Mumbai - IITM",ME,2026-06-23 00:00:00+05:30,13.0,0.0,0.0,0.0,0.0,9.49,3.02,6.52,1.29,True,9
3409329,"Deonar, Mumbai - IITM",ME,2026-06-25 00:00:00+05:30,13.7,0.0,0.0,0.0,0.0,9.35,7.33,5.68,0.792,True,9
3409329,"Deonar, Mumbai - IITM",ME,2026-06-26 00:00:00+05:30,18.9,0.0,0.0,0.0,0.0,8.37,9.99,5.7,0.93,True,9
3409479,"Mindspace-Malad West, Mumbai - MPCB",PN,2025-10-11 00:00:00+05:30,53.4,29.0,62.3,0.589,144.0,14.4,25.1,12.0,0.802,True,9
3409479,"Mindspace-Malad West, Mumbai - MPCB",PN,2025-10-12 00:00:00+05:30,53.8,29.0,60.5,0.671,137.0,14.5,25.0,12.0,0.8,True,9
3409479,"Mindspace-Malad West, Mumbai - MPCB",PN,2025-10-13 00:00:00+05:30,56.1,29.1,63.2,0.804,156.0,13.5,23.3,11.2,0.748,True,9
3409479,"Mindspace-Malad West, Mumbai - MPCB",PN,2025-10-14 00:00:00+05:30,69.7,29.2,61.4,0.765,142.0,19.8,31.5,10.5,0.855,True,9
3409479,"Mindspace-Malad West, Mumbai - MPCB",PN,2025-10-15 00:00:00+05:30,71.1,29.2,,0.587,148.0,32.1,24.3,6.66,1.03,False,8
3409479,"Mindspace-Malad West, Mumbai - MPCB",PN,2025-10-16 00:00:00+05:30,45.5,29.3,66.7,0.555,161.0,33.6,26.9,6.47,1.01,True,9
3409479,"Mindspace-Malad West, Mumbai - MPCB",PN,2025-10-17 00:00:00+05:30,42.3,29.2,62.1,0.627,167.0,26.9,26.6,8.41,0.859,True,9
3409479,"Mindspace-Malad West, Mumbai - MPCB",PN,2025-10-18 00:00:00+05:30,68.6,29.1,60.9,0.701,164.0,28.2,25.6,12.0,0.965,True,9
3409479,"Mindspace-Malad West, Mumbai - MPCB",PN,2025-10-19 00:00:00+05:30,84.0,29.0,61.2,0.657,146.0,26.7,30.1,12.0,1.01,True,9
3409479,"Mindspace-Malad West, Mumbai - MPCB",PN,2025-10-20 00:00:00+05:30,,29.0,65.3,0.532,150.0,34.5,26.7,12.0,1.21,False,8
3409479,"Mindspace-Malad West, Mumbai - MPCB",PN,2025-10-21 00:00:00+05:30,104.0,29.0,56.7,0.697,152.0,21.2,26.2,12.1,0.778,True,9
3409479,"Mindspace-Malad West, Mumbai - MPCB",PN,2025-10-22 00:00:00+05:30,82.7,29.0,65.4,0.583,177.0,21.5,23.9,12.0,0.863,True,9
3409479,"Mindspace-Malad West, Mumbai - MPCB",PN,2025-10-23 00:00:00+05:30,,29.0,60.6,0.468,157.0,20.6,22.3,12.0,0.779,False,8
3409479,"Mindspace-Malad West, Mumbai - MPCB",PN,2025-10-24 00:00:00+05:30,,29.0,67.1,0.537,153.0,18.2,23.3,11.9,0.771,False,8
3409479,"Mindspace-Malad West, Mumbai - MPCB",PN,2025-10-25 00:00:00+05:30,,29.0,71.6,0.593,150.0,18.7,21.3,11.9,0.624,False,8
3409479,"Mindspace-Malad West, Mumbai - MPCB",PN,2025-10-26 00:00:00+05:30,5.42,29.0,71.4,0.489,82.2,29.3,15.4,12.0,0.649,True,9
3409479,"Mindspace-Malad West, Mumbai - MPCB",PN,2025-10-27 00:00:00+05:30,,29.0,76.2,0.533,161.0,19.5,21.7,9.54,0.645,False,8
3409479,"Mindspace-Malad West, Mumbai - MPCB",PN,2025-10-28 00:00:00+05:30,,29.0,67.9,0.583,90.1,17.5,20.5,,0.756,False,7
3409479,"Mindspace-Malad West, Mumbai - MPCB",PN,2025-10-29 00:00:00+05:30,13.4,29.0,65.3,0.524,159.0,16.9,22.9,12.0,0.869,True,9
3409479,"Mindspace-Malad West, Mumbai - MPCB",PN,2025-10-30 00:00:00+05:30,7.21,29.0,73.2,0.436,133.0,22.7,20.2,12.0,0.771,True,9
3409479,"Mindspace-Malad West, Mumbai - MPCB",PN,2025-10-31 00:00:00+05:30,20.8,29.0,77.2,0.518,93.3,23.0,18.1,12.0,0.902,True,9
3409479,"Mindspace-Malad West, Mumbai - MPCB",PN,2025-11-01 00:00:00+05:30,25.1,29.0,78.1,0.541,125.00000000000001,17.4,24.9,12.0,0.735,True,9
3409479,"Mindspace-Malad West, Mumbai - MPCB",PN,2025-11-02 00:00:00+05:30,21.8,29.0,83.8,0.423,119.99999999999999,22.3,23.5,12.0,0.865,True,9
3409479,"Mindspace-Malad West, Mumbai - MPCB",PN,2025-11-03 00:00:00+05:30,18.0,29.0,76.4,0.576,166.0,17.9,23.8,12.0,0.798,True,9
3409479,"Mindspace-Malad West, Mumbai - MPCB",PN,2025-11-04 00:00:00+05:30,17.6,29.0,71.1,0.713,185.99999999999997,16.1,19.9,11.9,0.783,True,9
3409479,"Mindspace-Malad West, Mumbai - MPCB",PN,2025-11-05 00:00:00+05:30,24.0,29.0,67.3,0.765,143.0,16.9,12.5,12.0,0.748,True,9
3409479,"Mindspace-Malad West, Mumbai - MPCB",PN,2025-11-06 00:00:00+05:30,47.8,29.0,68.6,0.725,147.0,17.8,23.1,12.0,0.775,True,9
3409479,"Mindspace-Malad West, Mumbai - MPCB",PN,2025-11-07 00:00:00+05:30,45.6,29.0,62.4,0.759,132.0,29.2,20.3,12.0,0.937,True,9
3409479,"Mindspace-Malad West, Mumbai - MPCB",PN,2025-11-08 00:00:00+05:30,28.6,29.0,52.6,0.597,136.0,27.7,16.3,12.0,0.93,True,9
3409479,"Mindspace-Malad West, Mumbai - MPCB",PN,2025-11-09 00:00:00+05:30,37.0,29.0,50.2,0.675,137.0,26.8,14.9,12.0,0.818,True,9
3409479,"Mindspace-Malad West, Mumbai - MPCB",PN,2025-11-10 00:00:00+05:30,56.8,29.0,59.6,0.511,133.0,54.5,4.66,12.0,1.44,True,9
3409479,"Mindspace-Malad West, Mumbai - MPCB",PN,2025-11-11 00:00:00+05:30,35.8,29.0,,0.611,97.7,25.6,15.8,12.0,0.735,False,8
3409479,"Mindspace-Malad West, Mumbai - MPCB",PN,2025-11-12 00:00:00+05:30,50.3,29.0,,0.696,112.0,37.3,33.5,12.0,0.973,False,8
3409479,"Mindspace-Malad West, Mumbai - MPCB",PN,2025-11-13 00:00:00+05:30,54.4,29.0,,0.543,123.00000000000001,39.7,31.8,12.0,1.02,False,8
3409479,"Mindspace-Malad West, Mumbai - MPCB",PN,2025-11-14 00:00:00+05:30,52.2,29.3,47.5,0.533,139.0,45.8,29.1,11.9,1.29,True,9
3409479,"Mindspace-Malad West, Mumbai - MPCB",PN,2025-11-15 00:00:00+05:30,58.2,29.0,40.6,0.523,110.0,55.2,36.8,12.1,1.33,True,9
3409479,"Mindspace-Malad West, Mumbai - MPCB",PN,2025-11-16 00:00:00+05:30,61.3,29.0,41.2,0.473,117.0,46.0,36.6,12.0,1.27,True,9
3409479,"Mindspace-Malad West, Mumbai - MPCB",PN,2025-11-17 00:00:00+05:30,61.0,28.9,37.1,0.491,123.00000000000001,32.2,49.0,12.0,1.02,True,9
3409479,"Mindspace-Malad West, Mumbai - MPCB",PN,2025-11-18 00:00:00+05:30,73.3,27.6,47.4,0.541,128.0,55.0,30.0,12.0,1.28,True,9
3409479,"Mindspace-Malad West, Mumbai - MPCB",PN,2025-11-19 00:00:00+05:30,63.0,28.9,37.9,0.553,128.0,55.2,33.7,12.0,1.19,True,9
3409479,"Mindspace-Malad West, Mumbai - MPCB",PN,2025-11-20 00:00:00+05:30,66.3,28.9,44.2,0.544,116.00000000000001,65.0,32.7,12.0,1.24,True,9
3409479,"Mindspace-Malad West, Mumbai - MPCB",PN,2025-11-21 00:00:00+05:30,80.1,29.2,47.3,0.576,128.0,51.3,32.0,12.0,1.25,True,9
3409479,"Mindspace-Malad West, Mumbai - MPCB",PN,2025-11-22 00:00:00+05:30,88.5,29.3,59.9,0.659,143.0,65.3,20.4,12.0,1.84,True,9
3409479,"Mindspace-Malad West, Mumbai - MPCB",PN,2025-11-23 00:00:00+05:30,64.6,29.3,60.0,0.732,171.0,63.6,17.3,12.0,1.65,True,9
3409479,"Mindspace-Malad West, Mumbai - MPCB",PN,2025-11-24 00:00:00+05:30,66.6,29.6,62.9,0.71,153.0,58.0,19.9,12.0,1.56,True,9
3409479,"Mindspace-Malad West, Mumbai - MPCB",PN,2025-11-25 00:00:00+05:30,77.5,29.6,64.8,0.69,169.0,54.1,24.7,12.0,1.47,True,9
3409479,"Mindspace-Malad West, Mumbai - MPCB",PN,2025-11-26 00:00:00+05:30,78.7,29.6,67.8,0.713,165.0,56.8,30.8,12.1,1.66,True,9
3409479,"Mindspace-Malad West, Mumbai - MPCB",PN,2025-11-27 00:00:00+05:30,52.0,29.6,57.5,0.553,138.0,44.2,37.2,12.0,1.24,True,9
3409479,"Mindspace-Malad West, Mumbai - MPCB",PN,2025-11-28 00:00:00+05:30,44.1,29.5,57.5,0.477,132.0,49.4,22.1,12.0,1.38,True,9
3409479,"Mindspace-Malad West, Mumbai - MPCB",PN,2025-11-29 00:00:00+05:30,32.3,29.3,44.1,0.424,141.0,40.3,19.2,12.0,1.03,True,9
3409479,"Mindspace-Malad West, Mumbai - MPCB",PN,2025-11-30 00:00:00+05:30,30.3,28.6,41.9,0.499,149.0,52.6,27.9,12.0,1.15,True,9
3409479,"Mindspace-Malad West, Mumbai - MPCB",PN,2025-12-01 00:00:00+05:30,37.1,28.6,45.0,0.551,153.0,50.9,33.3,12.0,1.27,True,9
3409479,"Mindspace-Malad West, Mumbai - MPCB",PN,2025-12-02 00:00:00+05:30,49.8,28.7,53.4,0.577,148.0,66.7,22.1,12.0,1.71,True,9
3409479,"Mindspace-Malad West, Mumbai - MPCB",PN,2025-12-03 00:00:00+05:30,50.0,29.1,46.6,0.586,137.0,56.7,19.9,12.0,1.43,True,9
3409479,"Mindspace-Malad West, Mumbai - MPCB",PN,2025-12-04 00:00:00+05:30,50.7,29.2,47.2,0.549,131.0,57.3,12.5,11.9,1.35,True,9
3409479,"Mindspace-Malad West, Mumbai - MPCB",PN,2025-12-05 00:00:00+05:30,45.4,29.8,44.9,,,43.1,15.3,12.0,1.16,False,7
3409479,"Mindspace-Malad West, Mumbai - MPCB",PN,2025-12-06 00:00:00+05:30,35.8,29.6,44.2,,,26.8,24.6,12.0,0.981,False,7
3409479,"Mindspace-Malad West, Mumbai - MPCB",PN,2025-12-07 00:00:00+05:30,26.8,23.4,29.2,,,23.2,23.0,12.1,0.749,False,7
3409479,"Mindspace-Malad West, Mumbai - MPCB",PN,2025-12-08 00:00:00+05:30,43.8,28.0,,,,49.4,17.8,11.9,1.25,False,6
3409479,"Mindspace-Malad West, Mumbai - MPCB",PN,2025-12-09 00:00:00+05:30,,29.3,30.8,0.669,126.0,48.5,21.2,12.6,1.04,False,8
3409479,"Mindspace-Malad West, Mumbai - MPCB",PN,2025-12-10 00:00:00+05:30,35.8,29.1,31.1,0.674,145.0,42.4,26.2,14.6,1.02,True,9
3409479,"Mindspace-Malad West, Mumbai - MPCB",PN,2025-12-11 00:00:00+05:30,56.5,28.6,56.5,0.617,147.0,36.8,52.8,12.9,0.976,True,9
3409479,"Mindspace-Malad West, Mumbai - MPCB",PN,2025-12-12 00:00:00+05:30,46.6,28.1,,0.613,170.0,46.5,54.6,12.5,1.07,False,8
3409479,"Mindspace-Malad West, Mumbai - MPCB",PN,2025-12-13 00:00:00+05:30,48.1,28.5,,0.733,142.0,51.7,59.2,12.3,1.27,False,8
3409479,"Mindspace-Malad West, Mumbai - MPCB",PN,2025-12-14 00:00:00+05:30,,28.6,,0.633,133.0,39.6,50.3,16.6,0.902,False,7
3409479,"Mindspace-Malad West, Mumbai - MPCB",PN,2025-12-15 00:00:00+05:30,,28.6,,0.534,143.0,42.8,26.9,14.4,0.875,False,7
3409479,"Mindspace-Malad West, Mumbai - MPCB",PN,2025-12-16 00:00:00+05:30,50.0,28.8,66.0,0.685,125.00000000000001,33.4,42.3,15.6,0.599,True,9
3409479,"Mindspace-Malad West, Mumbai - MPCB",PN,2025-12-17 00:00:00+05:30,83.4,28.8,,0.563,161.0,46.6,22.1,13.0,1.28,False,8
3409479,"Mindspace-Malad West, Mumbai - MPCB",PN,2025-12-18 00:00:00+05:30,82.7,28.8,,0.713,166.0,44.3,21.3,12.8,1.46,False,8
3409479,"Mindspace-Malad West, Mumbai - MPCB",PN,2025-12-19 00:00:00+05:30,74.7,28.3,,,157.0,42.0,23.8,11.3,1.41,False,7
3409479,"Mindspace-Malad West, Mumbai - MPCB",PN,2025-12-20 00:00:00+05:30,22.4,28.6,,,,36.2,12.7,10.6,1.03,False,6
3409479,"Mindspace-Malad West, Mumbai - MPCB",PN,2025-12-21 00:00:00+05:30,,28.5,,,,33.6,16.7,12.1,0.677,False,5
3409479,"Mindspace-Malad West, Mumbai - MPCB",PN,2025-12-22 00:00:00+05:30,,28.4,,,,41.3,17.7,12.3,0.0,False,5
3409479,"Mindspace-Malad West, Mumbai - MPCB",PN,2025-12-23 00:00:00+05:30,43.6,28.6,76.4,,,,21.3,13.6,0.268,False,6
3409479,"Mindspace-Malad West, Mumbai - MPCB",PN,2025-12-24 00:00:00+05:30,30.9,28.7,,0.445,173.0,29.8,19.4,13.7,0.97,False,8
3409479,"Mindspace-Malad West, Mumbai - MPCB",PN,2025-12-25 00:00:00+05:30,49.1,28.4,,0.578,160.0,33.7,22.0,15.5,1.24,False,8
3409479,"Mindspace-Malad West, Mumbai - MPCB",PN,2025-12-26 00:00:00+05:30,61.7,28.4,,0.578,171.0,40.5,35.0,15.7,1.38,False,8
3409479,"Mindspace-Malad West, Mumbai - MPCB",PN,2025-12-27 00:00:00+05:30,61.7,28.5,,0.669,160.0,40.8,30.1,12.6,1.43,False,8
3409479,"Mindspace-Malad West, Mumbai - MPCB",PN,2025-12-28 00:00:00+05:30,66.1,28.4,,,170.0,43.9,30.3,16.1,1.62,False,7
3409479,"Mindspace-Malad West, Mumbai - MPCB",PN,2025-12-29 00:00:00+05:30,55.7,28.7,,,,37.9,45.6,17.9,1.29,False,6
3409479,"Mindspace-Malad West, Mumbai - MPCB",PN,2025-12-30 00:00:00+05:30,65.3,28.0,,0.606,,41.3,38.2,17.0,1.38,False,7
3409479,"Mindspace-Malad West, Mumbai - MPCB",PN,2025-12-31 00:00:00+05:30,51.8,28.1,,0.674,,32.5,25.8,11.5,1.16,False,7
3409479,"Mindspace-Malad West, Mumbai - MPCB",PN,2026-01-01 00:00:00+05:30,23.1,28.4,,,,22.1,11.9,7.97,0.989,False,6
3409479,"Mindspace-Malad West, Mumbai - MPCB",PN,2026-01-02 00:00:00+05:30,45.5,28.1,,0.473,210.0,30.6,15.2,11.0,1.13,False,8
3409479,"Mindspace-Malad West, Mumbai - MPCB",PN,2026-01-03 00:00:00+05:30,50.8,28.2,,0.612,203.99999999999997,35.2,13.3,15.2,1.32,False,8
3409479,"Mindspace-Malad West, Mumbai - MPCB",PN,2026-01-04 00:00:00+05:30,100.0,28.6,65.9,0.592,193.99999999999997,34.3,10.8,15.0,1.34,True,9
3409479,"Mindspace-Malad West, Mumbai - MPCB",PN,2026-01-05 00:00:00+05:30,,28.9,62.3,0.508,192.99999999999997,33.5,17.0,19.9,1.36,False,8
3409479,"Mindspace-Malad West, Mumbai - MPCB",PN,2026-01-06 00:00:00+05:30,61.2,28.9,62.1,0.644,169.0,38.9,21.1,17.5,1.47,True,9
3409479,"Mindspace-Malad West, Mumbai - MPCB",PN,2026-01-07 00:00:00+05:30,,28.7,61.9,0.728,199.99999999999997,42.9,15.6,16.4,1.36,False,8
3409479,"Mindspace-Malad West, Mumbai - MPCB",PN,2026-01-08 00:00:00+05:30,,27.1,52.0,0.605,178.0,43.8,15.5,14.9,1.02,False,8
3409479,"Mindspace-Malad West, Mumbai - MPCB",PN,2026-01-09 00:00:00+05:30,52.6,27.9,55.8,0.622,217.0,40.3,23.8,14.8,0.975,True,9
3409479,"Mindspace-Malad West, Mumbai - MPCB",PN,2026-01-10 00:00:00+05:30,50.1,27.8,51.9,0.722,230.0,37.2,28.1,15.8,0.757,True,9
3409479,"Mindspace-Malad West, Mumbai - MPCB",PN,2026-01-20 00:00:00+05:30,44.7,27.2,68.1,0.346,167.0,50.7,27.6,14.9,1.26,True,9
3409479,"Mindspace-Malad West, Mumbai - MPCB",PN,2026-01-21 00:00:00+05:30,45.1,28.2,65.1,0.747,201.0,52.9,20.6,18.2,1.47,True,9
3409479,"Mindspace-Malad West, Mumbai - MPCB",PN,2026-01-22 00:00:00+05:30,52.8,28.4,61.4,0.77,212.99999999999997,43.5,20.6,20.0,1.16,True,9
3409479,"Mindspace-Malad West, Mumbai - MPCB",PN,2026-01-23 00:00:00+05:30,34.5,28.0,68.9,0.732,215.0,18.4,11.9,16.0,0.514,True,9
3409479,"Mindspace-Malad West, Mumbai - MPCB",PN,2026-01-24 00:00:00+05:30,25.7,27.7,65.0,0.754,236.0,30.4,19.7,15.5,0.584,True,9
3409479,"Mindspace-Malad West, Mumbai - MPCB",PN,2026-01-25 00:00:00+05:30,52.2,27.9,69.1,0.856,217.0,32.9,20.6,16.2,0.779,True,9
3409479,"Mindspace-Malad West, Mumbai - MPCB",PN,2026-01-26 00:00:00+05:30,154.0,28.3,71.3,0.769,220.99999999999997,32.2,29.8,15.0,1.24,True,9
3409479,"Mindspace-Malad West, Mumbai - MPCB",PN,2026-01-27 00:00:00+05:30,,27.9,69.5,0.671,237.0,13.1,31.5,9.47,0.349,False,8
3409479,"Mindspace-Malad West, Mumbai - MPCB",PN,2026-01-28 00:00:00+05:30,43.6,27.8,60.6,0.645,233.99999999999997,22.4,39.2,12.3,0.428,True,9
3409479,"Mindspace-Malad West, Mumbai - MPCB",PN,2026-01-29 00:00:00+05:30,49.9,28.2,58.2,0.598,217.0,44.1,25.2,14.0,0.924,True,9
3409479,"Mindspace-Malad West, Mumbai - MPCB",PN,2026-01-30 00:00:00+05:30,50.6,28.6,73.4,0.642,214.0,30.7,15.2,11.5,1.2,True,9
3409479,"Mindspace-Malad West, Mumbai - MPCB",PN,2026-01-31 00:00:00+05:30,52.3,28.4,77.3,0.64,238.0,20.6,13.0,13.1,0.76,True,9
3409479,"Mindspace-Malad West, Mumbai - MPCB",PN,2026-02-01 00:00:00+05:30,45.1,28.9,63.4,0.624,210.99999999999997,28.7,17.0,20.7,0.968,True,9
3409479,"Mindspace-Malad West, Mumbai - MPCB",PN,2026-02-02 00:00:00+05:30,50.0,29.0,56.4,0.704,208.0,37.5,17.0,25.6,1.4,True,9
3409479,"Mindspace-Malad West, Mumbai - MPCB",PN,2026-02-03 00:00:00+05:30,53.5,28.8,54.9,0.646,232.00000000000003,38.6,12.1,24.2,1.24,True,9
3409479,"Mindspace-Malad West, Mumbai - MPCB",PN,2026-02-04 00:00:00+05:30,53.0,30.3,41.3,0.598,182.99999999999997,28.3,25.9,30.2,0.704,True,9
3409479,"Mindspace-Malad West, Mumbai - MPCB",PN,2026-02-05 00:00:00+05:30,51.8,29.4,53.5,0.503,190.0,33.6,16.2,24.3,1.11,True,9
3409479,"Mindspace-Malad West, Mumbai - MPCB",PN,2026-02-06 00:00:00+05:30,49.6,29.3,51.1,,,36.9,13.2,21.1,0.847,False,7
3409479,"Mindspace-Malad West, Mumbai - MPCB",PN,2026-02-07 00:00:00+05:30,50.0,29.8,45.4,,212.99999999999997,40.0,23.0,26.6,0.789,False,8
3409479,"Mindspace-Malad West, Mumbai - MPCB",PN,2026-02-08 00:00:00+05:30,55.9,28.8,40.1,,180.0,42.5,23.1,17.2,0.978,False,8
3409479,"Mindspace-Malad West, Mumbai - MPCB",PN,2026-02-09 00:00:00+05:30,55.2,28.9,49.9,0.687,254.0,35.3,22.3,16.6,1.19,True,9
3409479,"Mindspace-Malad West, Mumbai - MPCB",PN,2026-02-10 00:00:00+05:30,54.7,28.8,54.0,0.727,228.0,27.7,28.0,21.2,0.591,True,9
3409479,"Mindspace-Malad West, Mumbai - MPCB",PN,2026-02-11 00:00:00+05:30,55.5,29.1,48.3,0.66,247.0,37.3,26.5,20.3,0.718,True,9
3409479,"Mindspace-Malad West, Mumbai - MPCB",PN,2026-02-12 00:00:00+05:30,55.0,29.2,48.0,0.64,230.99999999999997,40.5,28.4,17.6,0.961,True,9
3409479,"Mindspace-Malad West, Mumbai - MPCB",PN,2026-02-13 00:00:00+05:30,53.7,29.0,50.7,0.713,259.0,45.1,23.6,15.2,1.13,True,9
3409479,"Mindspace-Malad West, Mumbai - MPCB",PN,2026-02-14 00:00:00+05:30,53.0,29.5,57.4,0.654,228.0,52.1,26.1,15.7,1.25,True,9
3409479,"Mindspace-Malad West, Mumbai - MPCB",PN,2026-02-15 00:00:00+05:30,55.0,29.6,52.6,0.661,263.0,35.0,21.5,20.5,1.47,True,9
3409479,"Mindspace-Malad West, Mumbai - MPCB",PN,2026-02-16 00:00:00+05:30,54.5,28.1,54.8,0.428,206.99999999999997,44.7,7.82,21.4,0.951,True,9
3409479,"Mindspace-Malad West, Mumbai - MPCB",PN,2026-02-17 00:00:00+05:30,54.6,29.4,43.9,0.85,247.0,13.2,22.1,20.6,0.248,True,9
3409479,"Mindspace-Malad West, Mumbai - MPCB",PN,2026-02-18 00:00:00+05:30,27.2,28.8,57.8,0.922,288.0,11.0,13.8,12.1,0.308,True,9
3409479,"Mindspace-Malad West, Mumbai - MPCB",PN,2026-02-19 00:00:00+05:30,56.9,29.2,54.7,0.712,256.0,23.1,26.6,25.0,0.688,True,9
3409479,"Mindspace-Malad West, Mumbai - MPCB",PN,2026-02-20 00:00:00+05:30,72.6,29.3,57.1,0.702,,36.4,19.4,24.0,1.11,False,8
3409479,"Mindspace-Malad West, Mumbai - MPCB",PN,2026-02-21 00:00:00+05:30,73.5,30.0,43.1,0.6,219.00000000000003,38.6,16.3,26.5,1.24,True,9
3409479,"Mindspace-Malad West, Mumbai - MPCB",PN,2026-02-22 00:00:00+05:30,58.3,29.4,47.0,,238.0,34.6,12.9,23.1,1.09,False,8
3409479,"Mindspace-Malad West, Mumbai - MPCB",PN,2026-02-23 00:00:00+05:30,46.9,29.0,44.4,,190.0,33.1,16.5,20.7,0.772,False,8
3409479,"Mindspace-Malad West, Mumbai - MPCB",PN,2026-02-24 00:00:00+05:30,43.8,29.4,55.8,0.663,234.99999999999994,24.5,18.6,19.9,0.76,True,9
3409479,"Mindspace-Malad West, Mumbai - MPCB",PN,2026-02-25 00:00:00+05:30,35.6,29.2,49.6,,228.0,19.9,10.8,19.8,0.507,False,8
3409479,"Mindspace-Malad West, Mumbai - MPCB",PN,2026-02-26 00:00:00+05:30,16.9,28.8,46.6,0.797,229.0,16.4,6.5,10.1,0.318,True,9
3409479,"Mindspace-Malad West, Mumbai - MPCB",PN,2026-02-27 00:00:00+05:30,6.44,28.6,45.6,,246.0,14.1,6.82,8.61,0.249,False,8
3409479,"Mindspace-Malad West, Mumbai - MPCB",PN,2026-02-28 00:00:00+05:30,5.52,28.7,43.6,,257.0,16.9,7.0,10.1,0.292,False,8
3409479,"Mindspace-Malad West, Mumbai - MPCB",PN,2026-03-01 00:00:00+05:30,11.2,28.8,40.4,0.781,223.0,16.9,10.5,9.57,0.331,True,9
3409479,"Mindspace-Malad West, Mumbai - MPCB",PN,2026-03-02 00:00:00+05:30,17.7,28.9,48.8,0.668,199.0,21.1,10.9,13.1,0.495,True,9
3409479,"Mindspace-Malad West, Mumbai - MPCB",PN,2026-03-03 00:00:00+05:30,67.4,29.5,41.9,0.765,262.0,25.4,17.1,21.1,1.06,True,9
3409479,"Mindspace-Malad West, Mumbai - MPCB",PN,2026-03-04 00:00:00+05:30,37.1,31.0,26.1,0.714,250.0,21.6,19.4,23.5,0.509,True,9
3409479,"Mindspace-Malad West, Mumbai - MPCB",PN,2026-03-05 00:00:00+05:30,25.8,31.9,,0.82,242.0,22.0,38.7,19.0,0.537,False,8
3409479,"Mindspace-Malad West, Mumbai - MPCB",PN,2026-03-06 00:00:00+05:30,26.1,30.1,20.9,,,22.2,14.2,19.1,0.509,False,7
3409479,"Mindspace-Malad West, Mumbai - MPCB",PN,2026-03-07 00:00:00+05:30,20.5,29.3,51.9,0.716,248.99999999999997,15.3,6.87,11.2,0.43,True,9
3409479,"Mindspace-Malad West, Mumbai - MPCB",PN,2026-03-08 00:00:00+05:30,46.2,30.4,38.9,,,22.7,32.2,24.5,0.729,False,7
3409479,"Mindspace-Malad West, Mumbai - MPCB",PN,2026-03-09 00:00:00+05:30,43.8,30.8,23.4,,,33.7,29.1,27.5,0.846,False,7
3409479,"Mindspace-Malad West, Mumbai - MPCB",PN,2026-03-10 00:00:00+05:30,88.9,31.0,32.3,0.871,286.0,23.1,38.0,28.3,0.732,True,9
3409479,"Mindspace-Malad West, Mumbai - MPCB",PN,2026-03-11 00:00:00+05:30,41.6,29.8,50.4,0.762,264.0,24.7,5.76,13.6,0.719,True,9
3409479,"Mindspace-Malad West, Mumbai - MPCB",PN,2026-03-12 00:00:00+05:30,36.4,30.0,62.7,,257.0,18.0,4.88,6.35,0.656,False,8
3409479,"Mindspace-Malad West, Mumbai - MPCB",PN,2026-03-13 00:00:00+05:30,41.0,30.5,37.4,0.717,255.0,25.8,0.287,9.1,0.66,True,9
3409479,"Mindspace-Malad West, Mumbai - MPCB",PN,2026-03-14 00:00:00+05:30,16.6,30.7,43.9,0.944,280.0,11.4,0.573,10.4,0.265,True,9
3409479,"Mindspace-Malad West, Mumbai - MPCB",PN,2026-03-15 00:00:00+05:30,11.2,29.6,68.7,,277.0,9.59,0.56,8.3,0.206,False,8
3409479,"Mindspace-Malad West, Mumbai - MPCB",PN,2026-03-16 00:00:00+05:30,2.5,29.5,52.0,0.87,260.0,6.56,2.61,8.21,0.262,True,9
3409479,"Mindspace-Malad West, Mumbai - MPCB",PN,2026-03-17 00:00:00+05:30,31.8,29.3,61.4,,,11.1,3.5,8.6,0.255,False,7
3409479,"Mindspace-Malad West, Mumbai - MPCB",PN,2026-03-18 00:00:00+05:30,14.0,29.0,57.8,,,18.8,8.32,9.15,0.369,False,7
3409479,"Mindspace-Malad West, Mumbai - MPCB",PN,2026-03-19 00:00:00+05:30,13.8,29.2,59.1,,,15.5,7.55,9.04,0.316,False,7
3409479,"Mindspace-Malad West, Mumbai - MPCB",PN,2026-03-20 00:00:00+05:30,19.5,29.1,44.6,,264.0,14.9,11.2,18.8,0.36,False,8
3409479,"Mindspace-Malad West, Mumbai - MPCB",PN,2026-03-21 00:00:00+05:30,18.5,29.4,36.3,0.523,267.0,21.5,25.5,15.6,0.406,True,9
3409479,"Mindspace-Malad West, Mumbai - MPCB",PN,2026-03-22 00:00:00+05:30,55.7,30.2,28.6,0.929,248.0,20.3,33.9,20.8,0.45,True,9
3409479,"Mindspace-Malad West, Mumbai - MPCB",PN,2026-03-23 00:00:00+05:30,34.7,30.3,35.2,0.768,,30.8,22.5,22.7,0.683,False,8
3409479,"Mindspace-Malad West, Mumbai - MPCB",PN,2026-03-24 00:00:00+05:30,31.9,30.6,33.8,,,17.3,25.0,17.6,0.482,False,7
3409479,"Mindspace-Malad West, Mumbai - MPCB",PN,2026-03-25 00:00:00+05:30,24.5,30.1,65.2,,,11.4,19.2,10.3,0.284,False,7
3409479,"Mindspace-Malad West, Mumbai - MPCB",PN,2026-03-26 00:00:00+05:30,25.4,30.5,48.8,,245.0,14.4,45.9,7.79,0.445,False,8
3409479,"Mindspace-Malad West, Mumbai - MPCB",PN,2026-03-27 00:00:00+05:30,29.8,30.8,32.1,,,18.4,52.6,12.9,0.503,False,7
3409479,"Mindspace-Malad West, Mumbai - MPCB",PN,2026-03-28 00:00:00+05:30,12.4,29.8,60.4,,,7.6,19.5,4.17,0.345,False,7
3409479,"Mindspace-Malad West, Mumbai - MPCB",PN,2026-03-29 00:00:00+05:30,5.54,29.8,57.9,,,5.67,0.0,5.07,0.166,False,7
3409479,"Mindspace-Malad West, Mumbai - MPCB",PN,2026-03-30 00:00:00+05:30,6.77,30.0,57.1,,262.0,6.1,32.0,6.32,0.215,False,8
3409479,"Mindspace-Malad West, Mumbai - MPCB",PN,2026-03-31 00:00:00+05:30,4.85,30.1,48.4,0.913,230.99999999999997,6.53,40.2,5.94,0.241,True,9
3409479,"Mindspace-Malad West, Mumbai - MPCB",PN,2026-04-01 00:00:00+05:30,6.61,29.7,48.8,0.918,246.0,5.76,32.0,7.45,0.261,True,9
3409479,"Mindspace-Malad West, Mumbai - MPCB",PN,2026-04-02 00:00:00+05:30,7.86,29.9,39.9,0.809,259.0,7.97,46.3,9.32,0.258,True,9
3409479,"Mindspace-Malad West, Mumbai - MPCB",PN,2026-04-03 00:00:00+05:30,12.1,29.7,35.0,0.913,251.0,15.8,40.6,10.1,0.39,True,9
3409479,"Mindspace-Malad West, Mumbai - MPCB",PN,2026-04-04 00:00:00+05:30,8.98,29.7,50.3,0.905,233.99999999999997,8.58,36.3,6.38,0.274,True,9
3409479,"Mindspace-Malad West, Mumbai - MPCB",PN,2026-04-05 00:00:00+05:30,9.27,29.5,55.5,1.06,250.0,7.19,47.8,8.69,0.25,True,9
3409479,"Mindspace-Malad West, Mumbai - MPCB",PN,2026-04-06 00:00:00+05:30,10.4,29.4,44.3,1.01,258.0,8.17,35.0,10.4,0.208,True,9
3409479,"Mindspace-Malad West, Mumbai - MPCB",PN,2026-04-07 00:00:00+05:30,8.9,29.5,43.2,0.963,252.99999999999997,5.97,49.7,8.14,0.181,True,9
3409479,"Mindspace-Malad West, Mumbai - MPCB",PN,2026-04-08 00:00:00+05:30,11.0,30.0,48.7,1.01,260.0,6.86,49.8,5.2,0.219,True,9
3409479,"Mindspace-Malad West, Mumbai - MPCB",PN,2026-04-09 00:00:00+05:30,10.1,30.1,41.6,0.982,234.99999999999994,10.8,46.7,5.98,0.252,True,9
3409479,"Mindspace-Malad West, Mumbai - MPCB",PN,2026-04-10 00:00:00+05:30,43.1,30.2,27.5,0.92,242.0,14.6,29.9,6.4,0.48,True,9
3409479,"Mindspace-Malad West, Mumbai - MPCB",PN,2026-04-11 00:00:00+05:30,25.9,30.5,50.0,1.05,247.0,10.8,49.9,1.26,0.314,True,9
3409479,"Mindspace-Malad West, Mumbai - MPCB",PN,2026-04-12 00:00:00+05:30,22.2,30.3,62.1,1.04,260.0,13.3,46.0,1.27,0.403,True,9
3409479,"Mindspace-Malad West, Mumbai - MPCB",PN,2026-04-13 00:00:00+05:30,17.5,30.0,64.5,1.06,254.0,7.47,36.9,0.831,0.193,True,9
3409479,"Mindspace-Malad West, Mumbai - MPCB",PN,2026-04-14 00:00:00+05:30,43.5,30.4,57.4,1.07,290.0,16.8,28.3,1.24,0.337,True,9
3409479,"Mindspace-Malad West, Mumbai - MPCB",PN,2026-04-15 00:00:00+05:30,11.9,30.3,57.1,1.11,259.0,7.33,9.98,1.17,0.244,True,9
3409479,"Mindspace-Malad West, Mumbai - MPCB",PN,2026-04-16 00:00:00+05:30,9.86,29.5,61.4,0.965,248.0,11.2,13.0,3.41,0.233,True,9
3409479,"Mindspace-Malad West, Mumbai - MPCB",PN,2026-04-17 00:00:00+05:30,13.6,29.9,62.0,1.04,252.99999999999997,13.0,17.4,3.23,0.245,True,9
3409479,"Mindspace-Malad West, Mumbai - MPCB",PN,2026-04-18 00:00:00+05:30,14.5,30.5,70.7,0.967,242.0,10.1,36.7,1.58,0.262,True,9
3409479,"Mindspace-Malad West, Mumbai - MPCB",PN,2026-04-19 00:00:00+05:30,16.8,30.4,35.1,1.06,256.0,11.6,21.2,2.38,0.113,True,9
3409479,"Mindspace-Malad West, Mumbai - MPCB",PN,2026-04-20 00:00:00+05:30,19.8,29.8,62.0,1.02,239.99999999999994,9.48,25.6,2.68,0.25,True,9
3409479,"Mindspace-Malad West, Mumbai - MPCB",PN,2026-04-21 00:00:00+05:30,,30.3,47.6,0.902,243.99999999999994,10.6,42.0,2.62,0.26,False,8
3409479,"Mindspace-Malad West, Mumbai - MPCB",PN,2026-04-22 00:00:00+05:30,14.5,30.1,30.6,1.03,252.0,11.7,34.2,3.98,0.264,True,9
3409479,"Mindspace-Malad West, Mumbai - MPCB",PN,2026-04-23 00:00:00+05:30,16.8,30.3,42.9,0.977,255.0,13.5,48.6,3.76,0.23,True,9
3409479,"Mindspace-Malad West, Mumbai - MPCB",PN,2026-04-24 00:00:00+05:30,15.6,30.6,47.0,0.987,259.0,10.3,42.2,1.37,0.251,True,9
3409479,"Mindspace-Malad West, Mumbai - MPCB",PN,2026-04-25 00:00:00+05:30,17.9,30.8,37.6,1.09,248.99999999999997,15.3,49.2,1.92,0.304,True,9
3409479,"Mindspace-Malad West, Mumbai - MPCB",PN,2026-04-26 00:00:00+05:30,17.8,30.4,54.0,1.05,243.99999999999994,7.75,40.7,1.09,0.212,True,9
3409479,"Mindspace-Malad West, Mumbai - MPCB",PN,2026-04-27 00:00:00+05:30,11.9,30.1,63.2,0.977,238.0,7.72,40.6,1.33,0.0969,True,9
3409479,"Mindspace-Malad West, Mumbai - MPCB",PN,2026-04-28 00:00:00+05:30,11.6,30.0,62.0,1.13,239.99999999999994,8.89,45.9,1.5,0.239,True,9
3409479,"Mindspace-Malad West, Mumbai - MPCB",PN,2026-04-29 00:00:00+05:30,,29.9,59.3,1.12,241.0,10.4,33.3,2.32,0.257,False,8
3409479,"Mindspace-Malad West, Mumbai - MPCB",PN,2026-04-30 00:00:00+05:30,10.7,30.0,41.4,1.12,275.0,6.2,26.4,4.12,0.214,True,9
3409479,"Mindspace-Malad West, Mumbai - MPCB",PN,2026-05-01 00:00:00+05:30,9.87,29.8,54.2,1.04,241.0,4.01,27.5,2.99,0.207,True,9
3409479,"Mindspace-Malad West, Mumbai - MPCB",PN,2026-05-02 00:00:00+05:30,191.0,29.9,57.2,1.03,224.99999999999997,4.08,30.9,2.73,0.175,True,9
3409479,"Mindspace-Malad West, Mumbai - MPCB",PN,2026-05-03 00:00:00+05:30,21.3,30.2,55.9,0.979,230.0,6.14,31.3,2.19,0.191,True,9
3409479,"Mindspace-Malad West, Mumbai - MPCB",PN,2026-05-04 00:00:00+05:30,15.4,30.3,38.0,0.776,247.0,4.68,36.6,0.944,0.16,True,9
3409479,"Mindspace-Malad West, Mumbai - MPCB",PN,2026-05-05 00:00:00+05:30,18.7,30.3,47.2,0.856,224.99999999999997,6.73,40.7,1.57,0.217,True,9
3409479,"Mindspace-Malad West, Mumbai - MPCB",PN,2026-05-06 00:00:00+05:30,15.9,30.8,28.1,1.28,302.0,4.3,24.7,3.35,0.28,True,9
3409479,"Mindspace-Malad West, Mumbai - MPCB",PN,2026-05-07 00:00:00+05:30,15.8,30.4,50.8,1.03,259.0,8.04,33.3,2.17,0.199,True,9
3409479,"Mindspace-Malad West, Mumbai - MPCB",PN,2026-05-08 00:00:00+05:30,16.0,30.6,43.7,0.949,252.99999999999997,8.5,27.3,1.69,0.153,True,9
3409479,"Mindspace-Malad West, Mumbai - MPCB",PN,2026-05-09 00:00:00+05:30,15.5,30.7,50.1,0.984,266.0,9.42,45.6,1.89,0.197,True,9
3409479,"Mindspace-Malad West, Mumbai - MPCB",PN,2026-05-10 00:00:00+05:30,15.2,30.7,44.1,1.06,250.0,10.9,59.4,2.99,0.196,True,9
3409479,"Mindspace-Malad West, Mumbai - MPCB",PN,2026-05-11 00:00:00+05:30,56.4,30.9,41.4,1.05,258.0,8.87,40.5,5.61,0.289,True,9
3409479,"Mindspace-Malad West, Mumbai - MPCB",PN,2026-05-12 00:00:00+05:30,26.8,30.3,58.8,1.07,239.99999999999994,5.62,8.85,1.5,0.299,True,9
3409479,"Mindspace-Malad West, Mumbai - MPCB",PN,2026-05-13 00:00:00+05:30,25.9,30.3,62.0,1.2,226.0,2.87,34.3,6.33,0.00269,True,9
3409479,"Mindspace-Malad West, Mumbai - MPCB",PN,2026-05-14 00:00:00+05:30,17.7,30.6,53.3,1.38,261.0,6.03,61.9,2.2,0.049,True,9
3409479,"Mindspace-Malad West, Mumbai - MPCB",PN,2026-05-15 00:00:00+05:30,18.8,30.3,55.0,1.47,263.0,4.28,60.9,3.99,0.0222,True,9
3409479,"Mindspace-Malad West, Mumbai - MPCB",PN,2026-05-16 00:00:00+05:30,10.0,30.6,33.0,1.38,263.0,3.97,72.5,8.9,0.0826,True,9
3409479,"Mindspace-Malad West, Mumbai - MPCB",PN,2026-05-17 00:00:00+05:30,16.6,30.8,53.2,1.5,270.0,4.25,77.1,6.75,0.219,True,9
3409479,"Mindspace-Malad West, Mumbai - MPCB",PN,2026-05-18 00:00:00+05:30,25.3,30.7,55.2,1.51,269.0,4.12,54.5,7.83,0.258,True,9
3409479,"Mindspace-Malad West, Mumbai - MPCB",PN,2026-05-19 00:00:00+05:30,10.3,30.5,52.7,1.55,272.0,3.53,38.8,5.41,0.2,True,9
3409479,"Mindspace-Malad West, Mumbai - MPCB",PN,2026-05-20 00:00:00+05:30,10.4,30.6,48.7,1.52,255.0,3.71,39.0,6.86,0.326,True,9
3409479,"Mindspace-Malad West, Mumbai - MPCB",PN,2026-05-21 00:00:00+05:30,12.9,30.9,47.6,1.66,252.0,4.03,40.7,5.97,0.234,True,9
3409479,"Mindspace-Malad West, Mumbai - MPCB",PN,2026-05-22 00:00:00+05:30,15.3,30.9,70.6,1.49,246.0,3.54,45.0,4.97,0.205,True,9
3409479,"Mindspace-Malad West, Mumbai - MPCB",PN,2026-05-23 00:00:00+05:30,8.62,31.2,48.6,1.63,280.0,4.33,40.8,5.07,0.447,True,9
3409479,"Mindspace-Malad West, Mumbai - MPCB",PN,2026-05-24 00:00:00+05:30,6.84,31.2,51.9,1.74,289.0,3.7,35.1,5.44,0.523,True,9
3409479,"Mindspace-Malad West, Mumbai - MPCB",PN,2026-05-25 00:00:00+05:30,7.51,31.1,46.1,1.81,275.0,3.55,34.5,7.4,0.318,True,9
3409479,"Mindspace-Malad West, Mumbai - MPCB",PN,2026-05-26 00:00:00+05:30,6.81,31.0,36.5,1.75,280.0,3.76,28.8,10.2,0.367,True,9
3409479,"Mindspace-Malad West, Mumbai - MPCB",PN,2026-05-27 00:00:00+05:30,6.9,31.0,31.3,1.72,282.0,4.38,28.0,9.95,0.347,True,9
3409479,"Mindspace-Malad West, Mumbai - MPCB",PN,2026-05-28 00:00:00+05:30,9.2,31.4,24.3,1.83,288.0,4.03,29.2,9.84,0.306,True,9
3409479,"Mindspace-Malad West, Mumbai - MPCB",PN,2026-05-29 00:00:00+05:30,8.57,31.1,44.6,1.65,282.0,2.88,38.1,4.39,0.276,True,9
3409479,"Mindspace-Malad West, Mumbai - MPCB",PN,2026-05-30 00:00:00+05:30,11.9,31.3,68.0,1.67,286.0,2.98,46.8,3.73,0.227,True,9
3409479,"Mindspace-Malad West, Mumbai - MPCB",PN,2026-05-31 00:00:00+05:30,22.6,31.0,,1.64,266.0,3.32,31.9,4.53,0.232,False,8
3409479,"Mindspace-Malad West, Mumbai - MPCB",PN,2026-06-01 00:00:00+05:30,6.67,31.6,,1.86,287.0,7.19,43.6,7.24,0.597,False,8
3409479,"Mindspace-Malad West, Mumbai - MPCB",PN,2026-06-02 00:00:00+05:30,5.5,31.1,,1.59,251.0,10.5,50.0,5.31,0.8,False,8
3409479,"Mindspace-Malad West, Mumbai - MPCB",PN,2026-06-03 00:00:00+05:30,7.76,30.3,,1.34,252.0,10.4,50.0,5.29,0.8,False,8
3409479,"Mindspace-Malad West, Mumbai - MPCB",PN,2026-06-04 00:00:00+05:30,10.8,30.7,,1.32,212.99999999999997,10.5,49.8,5.31,0.799,False,8
3409479,"Mindspace-Malad West, Mumbai - MPCB",PN,2026-06-05 00:00:00+05:30,24.4,31.2,36.9,1.65,275.0,10.4,49.7,5.26,0.798,True,9
3409479,"Mindspace-Malad West, Mumbai - MPCB",PN,2026-06-06 00:00:00+05:30,22.5,31.3,38.0,1.75,252.99999999999997,10.5,49.4,5.32,0.799,True,9
3409479,"Mindspace-Malad West, Mumbai - MPCB",PN,2026-06-07 00:00:00+05:30,21.1,31.4,36.4,1.65,267.0,10.4,49.7,5.3,0.796,True,9
3409479,"Mindspace-Malad West, Mumbai - MPCB",PN,2026-06-08 00:00:00+05:30,24.8,31.4,27.5,1.93,291.0,12.2,41.6,4.81,0.68,True,9
3409479,"Mindspace-Malad West, Mumbai - MPCB",PN,2026-06-09 00:00:00+05:30,20.4,31.8,26.7,1.97,286.0,4.88,21.2,2.54,0.201,True,9
3409479,"Mindspace-Malad West, Mumbai - MPCB",PN,2026-06-10 00:00:00+05:30,,31.6,26.5,1.86,294.0,3.38,35.8,2.98,0.221,False,8
3409479,"Mindspace-Malad West, Mumbai - MPCB",PN,2026-06-11 00:00:00+05:30,21.2,31.7,25.9,1.86,282.0,2.25,33.8,2.3,0.219,True,9
3409479,"Mindspace-Malad West, Mumbai - MPCB",PN,2026-06-12 00:00:00+05:30,21.0,31.6,27.4,1.82,272.0,1.89,36.7,3.64,0.223,True,9
3409479,"Mindspace-Malad West, Mumbai - MPCB",PN,2026-06-13 00:00:00+05:30,20.9,31.6,26.5,2.09,292.0,3.79,32.9,3.76,0.235,True,9
3409479,"Mindspace-Malad West, Mumbai - MPCB",PN,2026-06-14 00:00:00+05:30,18.7,31.6,24.9,2.18,296.0,7.59,39.1,3.65,0.223,True,9
3409479,"Mindspace-Malad West, Mumbai - MPCB",PN,2026-06-15 00:00:00+05:30,17.6,31.6,25.2,1.95,277.0,7.37,39.5,3.46,0.214,True,9
3409479,"Mindspace-Malad West, Mumbai - MPCB",PN,2026-06-16 00:00:00+05:30,17.5,31.3,24.5,1.95,288.0,7.5,38.2,4.05,0.211,True,9
3409479,"Mindspace-Malad West, Mumbai - MPCB",PN,2026-06-17 00:00:00+05:30,17.5,29.4,22.7,1.86,273.0,6.74,39.8,2.79,0.251,True,9
3409479,"Mindspace-Malad West, Mumbai - MPCB",PN,2026-06-18 00:00:00+05:30,18.3,31.3,22.1,2.08,297.0,10.5,43.7,1.83,0.232,True,9
3409479,"Mindspace-Malad West, Mumbai - MPCB",PN,2026-06-19 00:00:00+05:30,20.2,31.2,22.8,1.74,247.0,10.4,41.6,1.59,0.242,True,9
3409479,"Mindspace-Malad West, Mumbai - MPCB",PN,2026-06-20 00:00:00+05:30,20.4,31.6,18.3,2.22,294.0,10.2,29.6,12.0,0.345,True,9
3409479,"Mindspace-Malad West, Mumbai - MPCB",PN,2026-06-21 00:00:00+05:30,10.5,31.3,29.6,2.11,286.0,10.6,28.9,3.92,0.31,True,9
3409479,"Mindspace-Malad West, Mumbai - MPCB",PN,2026-06-22 00:00:00+05:30,10.4,30.1,69.3,1.43,221.99999999999997,10.0,45.9,4.25,0.29,True,9
3409479,"Mindspace-Malad West, Mumbai - MPCB",PN,2026-06-23 00:00:00+05:30,10.5,29.9,78.5,1.23,1.17,10.5,47.5,3.24,0.2,True,9
3409479,"Mindspace-Malad West, Mumbai - MPCB",PN,2026-06-26 00:00:00+05:30,6.98,30.5,65.9,1.77,197.0,10.5,39.4,3.13,0.499,True,9
3409479,"Mindspace-Malad West, Mumbai - MPCB",PN,2026-06-27 00:00:00+05:30,12.5,30.6,58.2,1.84,201.99999999999997,10.4,39.8,3.39,0.297,True,9
3409479,"Mindspace-Malad West, Mumbai - MPCB",PN,2026-06-28 00:00:00+05:30,16.1,29.5,64.3,1.91,230.0,10.5,43.6,3.2,0.235,True,9
3409479,"Mindspace-Malad West, Mumbai - MPCB",PN,2026-06-29 00:00:00+05:30,13.2,26.8,91.9,1.39,221.99999999999997,10.5,42.2,3.65,0.265,True,9
3409479,"Mindspace-Malad West, Mumbai - MPCB",PN,2026-06-30 00:00:00+05:30,9.79,27.3,95.1,1.13,158.0,10.5,39.8,3.88,0.432,True,9
3409479,"Mindspace-Malad West, Mumbai - MPCB",PN,2026-07-01 00:00:00+05:30,9.72,28.8,99.0,1.62,217.99999999999997,10.6,45.6,3.06,0.238,True,9
3409479,"Mindspace-Malad West, Mumbai - MPCB",PN,2026-07-02 00:00:00+05:30,9.9,28.3,98.9,1.59,234.99999999999994,10.5,45.9,2.79,0.2,True,9
3409479,"Mindspace-Malad West, Mumbai - MPCB",PN,2026-07-03 00:00:00+05:30,9.74,28.4,98.9,1.64,224.0,10.5,46.8,3.61,0.389,True,9
3409479,"Mindspace-Malad West, Mumbai - MPCB",PN,2026-07-04 00:00:00+05:30,15.5,28.3,98.8,1.54,238.0,10.5,44.7,3.18,0.401,True,9
3409479,"Mindspace-Malad West, Mumbai - MPCB",PN,2026-07-05 00:00:00+05:30,21.2,28.7,95.4,2.29,274.0,10.6,52.5,3.54,0.389,True,9
3409479,"Mindspace-Malad West, Mumbai - MPCB",PN,2026-07-06 00:00:00+05:30,20.9,28.3,98.9,2.55,282.0,10.4,51.4,3.92,0.258,True,9
3409479,"Mindspace-Malad West, Mumbai - MPCB",PN,2026-07-07 00:00:00+05:30,14.0,29.4,88.3,2.45,288.0,10.5,51.0,3.27,0.213,True,9
3409479,"Mindspace-Malad West, Mumbai - MPCB",PN,2026-07-08 00:00:00+05:30,7.03,29.7,81.3,2.34,282.0,10.4,51.2,3.75,0.23,True,9
3409479,"Mindspace-Malad West, Mumbai - MPCB",PN,2026-07-09 00:00:00+05:30,6.96,30.5,47.8,1.35,241.0,10.6,45.4,,0.207,False,8
3409479,"Mindspace-Malad West, Mumbai - MPCB",PN,2026-07-10 00:00:00+05:30,7.03,30.5,44.5,1.92,274.0,10.5,46.5,,0.214,False,8
3409479,"Mindspace-Malad West, Mumbai - MPCB",PN,2026-07-11 00:00:00+05:30,6.95,30.3,42.4,2.17,280.0,10.6,45.5,,0.216,False,8
3409479,"Mindspace-Malad West, Mumbai - MPCB",PN,2026-07-12 00:00:00+05:30,7.01,30.8,36.3,1.94,269.0,10.5,36.1,,0.219,False,8
3409479,"Mindspace-Malad West, Mumbai - MPCB",PN,2026-07-13 00:00:00+05:30,6.96,30.7,33.3,1.92,269.0,10.5,38.8,2.85,0.209,True,9
3409479,"Mindspace-Malad West, Mumbai - MPCB",PN,2026-07-14 00:00:00+05:30,7.0,30.6,31.7,1.96,271.0,10.5,33.8,2.68,0.207,True,9
3409479,"Mindspace-Malad West, Mumbai - MPCB",PN,2026-07-15 00:00:00+05:30,7.04,29.6,48.4,1.48,243.99999999999994,10.5,9.38,4.79,0.314,True,9
3409479,"Mindspace-Malad West, Mumbai - MPCB",PN,2026-07-16 00:00:00+05:30,7.03,27.2,32.0,1.35,272.0,10.6,20.0,5.3,0.8,True,9
3409479,"Mindspace-Malad West, Mumbai - MPCB",PN,2026-07-17 00:00:00+05:30,7.01,27.6,31.6,1.6,264.0,10.5,20.0,5.32,0.8,True,9
3409479,"Mindspace-Malad West, Mumbai - MPCB",PN,2026-07-18 00:00:00+05:30,6.94,27.6,53.2,1.5,224.99999999999997,10.5,19.9,5.27,0.798,True,9
3409479,"Mindspace-Malad West, Mumbai - MPCB",PN,2026-07-19 00:00:00+05:30,7.05,28.2,58.9,1.18,212.0,10.6,20.0,5.34,0.801,True,9
3409479,"Mindspace-Malad West, Mumbai - MPCB",PN,2026-07-20 00:00:00+05:30,6.95,27.8,58.5,1.41,260.0,10.5,20.0,5.33,0.8,True,9
3409479,"Mindspace-Malad West, Mumbai - MPCB",PN,2026-07-21 00:00:00+05:30,7.02,29.2,24.2,1.56,282.0,10.5,20.0,5.31,0.801,True,9
3409479,"Mindspace-Malad West, Mumbai - MPCB",PN,2026-07-22 00:00:00+05:30,6.99,28.1,62.1,1.01,255.0,10.2,20.0,5.32,0.8,True,9
3409479,"Mindspace-Malad West, Mumbai - MPCB",PN,2026-07-23 00:00:00+05:30,7.03,28.8,44.6,1.32,271.0,10.4,20.1,5.27,0.799,True,9
3409479,"Mindspace-Malad West, Mumbai - MPCB",PN,2026-07-24 00:00:00+05:30,6.11,29.1,34.1,1.33,278.0,10.5,14.9,5.32,0.545,True,9
3409479,"Mindspace-Malad West, Mumbai - MPCB",PN,2026-07-25 00:00:00+05:30,5.58,28.9,38.8,1.53,290.0,10.5,12.0,5.28,0.399,True,9
3409479,"Mindspace-Malad West, Mumbai - MPCB",PN,2026-07-26 00:00:00+05:30,5.6,27.8,41.6,1.62,293.0,10.6,12.0,5.31,0.4,True,9
3409479,"Mindspace-Malad West, Mumbai - MPCB",PN,2026-07-27 00:00:00+05:30,5.6,27.9,51.1,1.17,285.0,10.6,12.0,5.3,0.4,True,9
3409479,"Mindspace-Malad West, Mumbai - MPCB",PN,2026-07-28 00:00:00+05:30,6.57,27.7,47.9,1.67,279.0,10.6,12.0,5.32,0.401,True,9
3409479,"Mindspace-Malad West, Mumbai - MPCB",PN,2026-07-29 00:00:00+05:30,10.9,27.2,43.8,1.86,297.0,10.5,12.0,5.28,0.399,True,9
3409479,"Mindspace-Malad West, Mumbai - MPCB",PN,2026-07-30 00:00:00+05:30,16.1,26.4,53.7,1.86,296.0,10.5,12.0,5.25,0.401,True,9
3409479,"Mindspace-Malad West, Mumbai - MPCB",PN,2026-07-31 00:00:00+05:30,15.9,26.1,60.5,1.85,292.0,10.5,11.9,5.28,0.397,True,9
3409479,"Mindspace-Malad West, Mumbai - MPCB",PN,2026-08-01 00:00:00+05:30,15.9,24.5,50.2,1.82,292.0,10.5,11.9,5.32,0.397,True,9
3409479,"Mindspace-Malad West, Mumbai - MPCB",PN,2026-08-02 00:00:00+05:30,16.1,25.1,65.0,1.75,289.0,10.6,12.0,5.31,0.4,True,9
3409479,"Mindspace-Malad West, Mumbai - MPCB",PN,2026-08-03 00:00:00+05:30,11.0,28.6,60.6,1.82,292.0,10.5,11.9,5.28,0.398,True,9
3409479,"Mindspace-Malad West, Mumbai - MPCB",PN,2026-08-04 00:00:00+05:30,8.4,27.5,48.5,1.61,262.0,10.4,12.0,5.28,0.399,True,9
3409479,"Mindspace-Malad West, Mumbai - MPCB",PN,2026-08-05 00:00:00+05:30,8.4,27.4,61.9,1.45,261.0,10.5,12.0,5.29,0.4,True,9
3409479,"Mindspace-Malad West, Mumbai - MPCB",PN,2026-08-06 00:00:00+05:30,8.34,26.6,38.7,1.79,285.0,10.4,12.0,5.3,0.397,True,9
3409479,"Mindspace-Malad West, Mumbai - MPCB",PN,2026-08-07 00:00:00+05:30,8.45,21.7,33.3,1.88,295.0,10.5,12.1,5.29,0.406,True,9
3409479,"Mindspace-Malad West, Mumbai - MPCB",PN,2026-08-08 00:00:00+05:30,8.48,24.1,51.9,1.84,290.0,10.5,11.9,5.32,0.4,True,9
3409479,"Mindspace-Malad West, Mumbai - MPCB",PN,2026-08-09 00:00:00+05:30,9.78,25.2,57.0,1.81,295.0,10.5,11.9,5.28,0.4,True,9
3409479,"Mindspace-Malad West, Mumbai - MPCB",PN,2026-08-10 00:00:00+05:30,11.8,24.3,58.2,1.78,291.0,10.5,12.0,5.29,0.4,True,9
3409479,"Mindspace-Malad West, Mumbai - MPCB",PN,2026-08-11 00:00:00+05:30,8.78,25.0,92.8,1.46,262.0,10.5,12.1,5.3,0.401,True,9
3409479,"Mindspace-Malad West, Mumbai - MPCB",PN,2026-08-12 00:00:00+05:30,7.02,26.9,38.6,1.58,264.0,10.5,12.0,5.35,0.4,True,9
3409479,"Mindspace-Malad West, Mumbai - MPCB",PN,2026-08-13 00:00:00+05:30,7.49,25.3,33.0,1.46,275.0,10.5,12.0,5.29,0.4,True,9
3409479,"Mindspace-Malad West, Mumbai - MPCB",PN,2026-08-14 00:00:00+05:30,6.51,26.1,21.6,1.61,285.0,12.2,13.2,5.43,0.43,True,9
3409479,"Mindspace-Malad West, Mumbai - MPCB",PN,2026-08-15 00:00:00+05:30,7.65,25.6,49.6,1.21,234.99999999999994,14.4,13.4,5.0,0.371,True,9
3409479,"Mindspace-Malad West, Mumbai - MPCB",PN,2026-08-16 00:00:00+05:30,10.9,26.3,16.3,1.61,280.0,18.0,13.0,4.2,0.441,True,9
3409479,"Mindspace-Malad West, Mumbai - MPCB",PN,2026-08-17 00:00:00+05:30,8.65,26.9,29.3,1.56,281.0,14.1,14.0,3.93,0.401,True,9
3409479,"Mindspace-Malad West, Mumbai - MPCB",PN,2026-08-18 00:00:00+05:30,7.72,25.2,19.7,1.87,285.0,12.3,15.0,3.6,0.301,True,9
3409479,"Mindspace-Malad West, Mumbai - MPCB",PN,2026-08-19 00:00:00+05:30,7.3,24.1,14.6,1.99,286.0,13.7,16.8,3.31,0.301,True,9
3409479,"Mindspace-Malad West, Mumbai - MPCB",PN,2026-08-20 00:00:00+05:30,7.01,18.0,14.7,2.11,293.0,14.5,18.0,3.11,0.3,True,9
3409479,"Mindspace-Malad West, Mumbai - MPCB",PN,2026-08-21 00:00:00+05:30,10.5,17.5,16.1,2.18,288.0,14.5,18.0,3.1,0.3,True,9
3409479,"Mindspace-Malad West, Mumbai - MPCB",PN,2026-08-22 00:00:00+05:30,9.99,20.8,32.4,1.96,290.0,14.5,18.1,3.1,0.301,True,9
3409479,"Mindspace-Malad West, Mumbai - MPCB",PN,2026-08-23 00:00:00+05:30,8.36,17.2,33.9,1.91,293.0,14.5,18.0,3.09,0.299,True,9
3409479,"Mindspace-Malad West, Mumbai - MPCB",PN,2026-08-24 00:00:00+05:30,9.35,18.2,41.8,1.85,277.0,14.5,18.0,3.08,0.3,True,9
3409479,"Mindspace-Malad West, Mumbai - MPCB",PN,2026-08-25 00:00:00+05:30,11.2,15.0,24.0,2.21,299.0,14.5,18.0,3.1,0.3,True,9
3409479,"Mindspace-Malad West, Mumbai - MPCB",PN,2026-08-26 00:00:00+05:30,12.1,15.2,28.1,2.18,301.0,14.6,18.1,3.13,0.303,True,9
3409479,"Mindspace-Malad West, Mumbai - MPCB",PN,2026-09-01 00:00:00+05:30,11.9,21.3,53.4,1.71,260.0,14.5,18.0,3.09,0.3,True,9
3409479,"Mindspace-Malad West, Mumbai - MPCB",PN,2026-09-02 00:00:00+05:30,11.9,20.0,65.4,1.53,229.0,14.4,18.0,3.1,0.301,True,9
3409479,"Mindspace-Malad West, Mumbai - MPCB",PN,2026-09-03 00:00:00+05:30,12.8,20.1,47.2,1.61,254.0,14.4,18.0,3.1,0.3,True,9
3409479,"Mindspace-Malad West, Mumbai - MPCB",PN,2026-09-04 00:00:00+05:30,13.2,21.3,45.0,1.93,248.99999999999997,14.4,17.9,3.06,0.299,True,9
3409479,"Mindspace-Malad West, Mumbai - MPCB",PN,2026-09-05 00:00:00+05:30,13.3,22.8,54.9,1.99,258.0,14.4,18.0,3.1,0.299,True,9
3409479,"Mindspace-Malad West, Mumbai - MPCB",PN,2026-09-06 00:00:00+05:30,13.3,21.8,68.3,1.85,233.0,14.5,18.0,3.12,0.301,True,9
3409479,"Mindspace-Malad West, Mumbai - MPCB",PN,2026-09-07 00:00:00+05:30,13.3,21.5,38.1,2.03,251.0,14.5,18.0,3.1,0.301,True,9
3409479,"Mindspace-Malad West, Mumbai - MPCB",PN,2026-09-08 00:00:00+05:30,9.02,22.1,27.8,2.28,282.0,14.5,18.0,3.09,0.3,True,9
3409479,"Mindspace-Malad West, Mumbai - MPCB",PN,2026-09-09 00:00:00+05:30,7.32,22.2,36.8,2.11,266.0,14.5,18.0,3.08,0.299,True,9
3409479,"Mindspace-Malad West, Mumbai - MPCB",PN,2026-09-10 00:00:00+05:30,11.1,21.6,44.5,1.97,237.0,14.5,17.9,3.09,0.299,True,9
3409479,"Mindspace-Malad West, Mumbai - MPCB",PN,2026-09-11 00:00:00+05:30,10.9,22.2,37.6,1.95,223.0,14.4,18.1,3.1,0.301,True,9
3409479,"Mindspace-Malad West, Mumbai - MPCB",PN,2026-09-12 00:00:00+05:30,105.0,22.6,49.3,2.11,208.99999999999997,14.5,18.0,3.09,0.301,True,9
3409479,"Mindspace-Malad West, Mumbai - MPCB",PN,2026-09-13 00:00:00+05:30,7.67,19.3,95.2,1.35,180.0,14.6,18.0,3.1,0.299,True,9
3409479,"Mindspace-Malad West, Mumbai - MPCB",PN,2026-09-14 00:00:00+05:30,5.99,24.9,62.9,1.67,224.0,14.5,18.0,3.1,0.3,True,9
3409479,"Mindspace-Malad West, Mumbai - MPCB",PN,2026-09-15 00:00:00+05:30,5.33,23.7,64.2,1.3,153.0,14.5,18.0,3.09,0.3,True,9
3409479,"Mindspace-Malad West, Mumbai - MPCB",PN,2026-09-16 00:00:00+05:30,7.32,24.7,51.5,1.57,208.99999999999997,14.5,18.1,3.09,0.302,True,9
3409479,"Mindspace-Malad West, Mumbai - MPCB",PN,2026-09-17 00:00:00+05:30,6.52,30.8,24.8,1.98,273.0,14.4,18.0,3.11,0.299,True,9
3409482,"Bandra Kurla Complex, Mumbai - MPCB",HE,2025-10-11 00:00:00+05:30,73.2,33.6,78.2,0.81,113.0,31.7,42.8,3.45,0.327,True,9
3409482,"Bandra Kurla Complex, Mumbai - MPCB",HE,2025-10-12 00:00:00+05:30,70.6,33.1,78.2,0.712,125.00000000000001,33.1,43.4,3.41,0.301,True,9
3409482,"Bandra Kurla Complex, Mumbai - MPCB",HE,2025-10-13 00:00:00+05:30,64.1,33.5,78.2,0.775,115.0,36.2,47.2,2.42,0.4,True,9
3409482,"Bandra Kurla Complex, Mumbai - MPCB",HE,2025-10-14 00:00:00+05:30,64.5,35.0,78.2,0.795,93.1,39.3,46.8,2.04,0.413,True,9
3409482,"Bandra Kurla Complex, Mumbai - MPCB",HE,2025-10-15 00:00:00+05:30,65.3,32.8,78.2,0.717,117.0,40.6,38.4,1.98,0.473,True,9
3409482,"Bandra Kurla Complex, Mumbai - MPCB",HE,2025-10-16 00:00:00+05:30,48.9,30.3,78.2,0.655,133.0,33.4,35.0,1.69,0.356,True,9
3409482,"Bandra Kurla Complex, Mumbai - MPCB",HE,2025-10-17 00:00:00+05:30,36.4,29.7,78.2,0.848,139.0,34.8,41.8,2.88,0.321,True,9
3409482,"Bandra Kurla Complex, Mumbai - MPCB",HE,2025-10-18 00:00:00+05:30,64.0,29.9,78.2,0.845,167.0,37.3,48.4,3.33,0.39,True,9
3409482,"Bandra Kurla Complex, Mumbai - MPCB",HE,2025-10-19 00:00:00+05:30,77.7,30.9,78.2,0.901,146.0,30.1,36.4,2.9,0.392,True,9
3409482,"Bandra Kurla Complex, Mumbai - MPCB",HE,2025-10-20 00:00:00+05:30,154.0,32.3,78.1,0.911,172.0,31.1,29.3,3.67,0.598,True,9
3409482,"Bandra Kurla Complex, Mumbai - MPCB",HE,2025-10-21 00:00:00+05:30,74.6,33.6,78.1,0.749,153.0,26.0,38.5,4.73,0.31,True,9
3409482,"Bandra Kurla Complex, Mumbai - MPCB",HE,2025-10-22 00:00:00+05:30,37.3,33.2,78.1,0.73,138.0,27.0,24.3,3.2,0.341,True,9
3409482,"Bandra Kurla Complex, Mumbai - MPCB",HE,2025-10-23 00:00:00+05:30,47.2,33.4,78.1,0.728,163.0,28.0,18.1,3.59,0.305,True,9
3409482,"Bandra Kurla Complex, Mumbai - MPCB",HE,2025-10-24 00:00:00+05:30,21.6,33.3,78.1,0.739,119.99999999999999,24.4,16.4,2.33,0.267,True,9
3409482,"Bandra Kurla Complex, Mumbai - MPCB",HE,2025-10-25 00:00:00+05:30,11.2,33.2,78.1,0.514,113.0,19.8,8.75,2.88,0.304,True,9
3409482,"Bandra Kurla Complex, Mumbai - MPCB",HE,2025-10-26 00:00:00+05:30,19.3,33.2,78.1,0.529,110.0,19.5,3.39,3.25,0.259,True,9
3409482,"Bandra Kurla Complex, Mumbai - MPCB",HE,2025-10-27 00:00:00+05:30,11.6,30.4,78.1,0.833,141.0,20.8,8.59,2.89,0.309,True,9
3409482,"Bandra Kurla Complex, Mumbai - MPCB",HE,2025-10-28 00:00:00+05:30,24.6,29.0,78.1,0.691,128.0,23.4,11.5,3.44,0.295,True,9
3409482,"Bandra Kurla Complex, Mumbai - MPCB",HE,2025-10-29 00:00:00+05:30,30.8,30.0,78.1,0.927,79.9,25.3,15.5,3.29,0.218,True,9
3409482,"Bandra Kurla Complex, Mumbai - MPCB",HE,2025-10-30 00:00:00+05:30,22.3,30.7,78.1,0.639,101.0,24.4,14.8,2.26,0.301,True,9
3409482,"Bandra Kurla Complex, Mumbai - MPCB",HE,2025-10-31 00:00:00+05:30,20.9,30.9,78.1,,,25.9,6.58,1.91,0.405,False,7
3409482,"Bandra Kurla Complex, Mumbai - MPCB",HE,2025-11-01 00:00:00+05:30,18.4,31.8,78.1,0.836,80.0,21.2,7.53,2.88,0.434,True,9
3409482,"Bandra Kurla Complex, Mumbai - MPCB",HE,2025-11-02 00:00:00+05:30,15.1,31.6,78.1,0.637,95.7,18.4,6.78,1.92,0.312,True,9
3409482,"Bandra Kurla Complex, Mumbai - MPCB",HE,2025-11-03 00:00:00+05:30,14.3,31.3,78.1,1.29,61.8,18.9,10.9,3.1,0.381,True,9
3409482,"Bandra Kurla Complex, Mumbai - MPCB",HE,2025-11-04 00:00:00+05:30,21.6,30.4,78.1,1.55,46.8,17.7,24.8,2.07,0.3,True,9
3409482,"Bandra Kurla Complex, Mumbai - MPCB",HE,2025-11-05 00:00:00+05:30,24.1,27.9,78.1,1.3,68.1,22.5,18.6,1.7,0.284,True,9
3409482,"Bandra Kurla Complex, Mumbai - MPCB",HE,2025-11-06 00:00:00+05:30,41.6,27.6,78.1,1.12,88.6,23.3,27.5,4.72,0.468,True,9
3409482,"Bandra Kurla Complex, Mumbai - MPCB",HE,2025-11-07 00:00:00+05:30,66.7,28.3,78.1,1.01,83.6,36.9,38.7,4.43,0.389,True,9
3409482,"Bandra Kurla Complex, Mumbai - MPCB",HE,2025-11-08 00:00:00+05:30,50.5,,78.1,0.936,,40.4,25.4,3.31,0.56,False,7
3409482,"Bandra Kurla Complex, Mumbai - MPCB",HE,2025-11-09 00:00:00+05:30,55.7,,78.1,0.973,79.8,36.5,30.6,4.22,0.342,False,8
3409482,"Bandra Kurla Complex, Mumbai - MPCB",HE,2025-11-10 00:00:00+05:30,47.3,28.1,78.1,1.23,73.5,53.6,12.7,2.66,0.66,True,9
3409482,"Bandra Kurla Complex, Mumbai - MPCB",HE,2025-11-11 00:00:00+05:30,63.0,28.2,78.1,1.2,91.3,40.6,44.0,5.48,0.763,True,9
3409482,"Bandra Kurla Complex, Mumbai - MPCB",HE,2025-11-12 00:00:00+05:30,67.7,28.4,78.1,0.88,146.0,55.2,31.6,4.06,0.594,True,9
3409482,"Bandra Kurla Complex, Mumbai - MPCB",HE,2025-11-13 00:00:00+05:30,66.5,27.8,78.1,0.941,131.0,59.8,26.9,5.05,0.36,True,9
3409482,"Bandra Kurla Complex, Mumbai - MPCB",HE,2025-11-14 00:00:00+05:30,70.3,27.4,78.7,1.18,103.0,48.5,45.8,4.71,0.488,True,9
3409482,"Bandra Kurla Complex, Mumbai - MPCB",HE,2025-11-15 00:00:00+05:30,60.5,25.6,72.1,0.88,127.00000000000001,53.1,33.4,4.65,0.45,True,9
3409482,"Bandra Kurla Complex, Mumbai - MPCB",HE,2025-11-16 00:00:00+05:30,54.7,25.9,72.1,0.889,116.00000000000001,45.9,38.5,5.35,0.763,True,9
3409482,"Bandra Kurla Complex, Mumbai - MPCB",HE,2025-11-17 00:00:00+05:30,60.9,28.5,64.4,0.836,114.00000000000001,46.2,54.7,6.14,0.402,True,9
3409482,"Bandra Kurla Complex, Mumbai - MPCB",HE,2025-11-18 00:00:00+05:30,,29.1,49.3,0.858,83.4,59.2,26.1,3.41,0.849,False,8
3409482,"Bandra Kurla Complex, Mumbai - MPCB",HE,2025-11-19 00:00:00+05:30,56.4,27.5,36.3,0.942,106.0,58.5,32.0,4.56,0.618,True,9
3409482,"Bandra Kurla Complex, Mumbai - MPCB",HE,2025-11-20 00:00:00+05:30,55.8,28.8,64.2,0.99,101.0,60.3,39.1,3.94,0.535,True,9
3409482,"Bandra Kurla Complex, Mumbai - MPCB",HE,2025-11-21 00:00:00+05:30,,30.5,60.4,0.988,84.0,58.0,48.5,3.84,0.807,False,8
3409482,"Bandra Kurla Complex, Mumbai - MPCB",HE,2025-11-22 00:00:00+05:30,,30.5,60.4,0.968,85.2,61.0,36.5,5.27,1.04,False,8
3409482,"Bandra Kurla Complex, Mumbai - MPCB",HE,2025-11-23 00:00:00+05:30,68.0,30.5,60.4,1.29,68.3,55.2,31.4,2.78,0.741,True,9
3409482,"Bandra Kurla Complex, Mumbai - MPCB",HE,2025-11-24 00:00:00+05:30,58.3,29.7,64.2,1.51,60.4,47.5,30.5,2.4,0.81,True,9
3409482,"Bandra Kurla Complex, Mumbai - MPCB",HE,2025-11-25 00:00:00+05:30,61.5,27.9,70.5,1.39,68.5,51.3,30.4,2.55,0.787,True,9
3409482,"Bandra Kurla Complex, Mumbai - MPCB",HE,2025-11-26 00:00:00+05:30,67.4,29.1,72.1,1.39,64.7,54.0,40.2,4.01,0.703,True,9
3409482,"Bandra Kurla Complex, Mumbai - MPCB",HE,2025-11-27 00:00:00+05:30,66.3,29.6,72.1,1.56,79.1,49.8,43.4,2.76,0.596,True,9
3409482,"Bandra Kurla Complex, Mumbai - MPCB",HE,2025-11-28 00:00:00+05:30,67.4,29.7,72.1,1.47,68.3,49.3,29.1,2.43,0.739,True,9
3409482,"Bandra Kurla Complex, Mumbai - MPCB",HE,2025-11-29 00:00:00+05:30,60.3,29.5,72.1,1.08,91.2,52.5,18.8,3.03,0.0793,True,9
3409482,"Bandra Kurla Complex, Mumbai - MPCB",HE,2025-11-30 00:00:00+05:30,62.4,29.5,72.1,0.818,113.0,52.8,28.0,4.86,0.613,True,9
3409482,"Bandra Kurla Complex, Mumbai - MPCB",HE,2025-12-01 00:00:00+05:30,90.9,20.4,67.1,0.872,76.6,36.4,30.7,4.56,0.636,True,9
3409482,"Bandra Kurla Complex, Mumbai - MPCB",HE,2025-12-02 00:00:00+05:30,177.0,16.6,65.6,0.73,72.7,21.7,7.66,1.83,0.625,True,9
3409482,"Bandra Kurla Complex, Mumbai - MPCB",HE,2025-12-03 00:00:00+05:30,,25.3,71.2,0.849,81.9,58.9,23.5,5.17,0.811,False,8
3409482,"Bandra Kurla Complex, Mumbai - MPCB",HE,2025-12-04 00:00:00+05:30,83.2,23.0,68.8,1.07,63.50000000000001,51.9,17.1,7.2,0.682,True,9
3409482,"Bandra Kurla Complex, Mumbai - MPCB",HE,2025-12-05 00:00:00+05:30,56.9,25.0,51.5,0.919,88.6,51.8,19.2,6.97,0.582,True,9
3409482,"Bandra Kurla Complex, Mumbai - MPCB",HE,2025-12-06 00:00:00+05:30,84.6,28.6,47.1,1.14,83.5,51.7,40.1,11.8,0.6,True,9
3409482,"Bandra Kurla Complex, Mumbai - MPCB",HE,2025-12-07 00:00:00+05:30,56.6,28.7,47.1,1.12,,52.3,50.5,6.73,0.601,False,8
3409482,"Bandra Kurla Complex, Mumbai - MPCB",HE,2025-12-08 00:00:00+05:30,72.4,28.6,47.1,1.17,78.7,50.5,23.1,7.42,0.693,True,9
3409482,"Bandra Kurla Complex, Mumbai - MPCB",HE,2025-12-09 00:00:00+05:30,67.5,27.5,47.1,0.847,96.8,52.0,17.9,7.23,0.38,True,9
3409482,"Bandra Kurla Complex, Mumbai - MPCB",HE,2025-12-10 00:00:00+05:30,70.4,28.7,47.1,0.745,102.0,45.8,15.2,6.92,0.523,True,9
3409482,"Bandra Kurla Complex, Mumbai - MPCB",HE,2025-12-11 00:00:00+05:30,57.5,26.7,45.9,0.785,117.0,53.0,18.3,6.4,0.358,True,9
3409482,"Bandra Kurla Complex, Mumbai - MPCB",HE,2025-12-12 00:00:00+05:30,52.5,28.4,47.1,1.04,100.0,53.2,28.4,6.92,0.511,True,9
3409482,"Bandra Kurla Complex, Mumbai - MPCB",HE,2025-12-13 00:00:00+05:30,64.2,28.5,47.1,1.01,102.0,54.2,28.5,6.36,0.798,True,9
3409482,"Bandra Kurla Complex, Mumbai - MPCB",HE,2025-12-14 00:00:00+05:30,78.6,29.0,47.0,,,51.0,32.5,12.9,0.962,False,7
3409482,"Bandra Kurla Complex, Mumbai - MPCB",HE,2025-12-15 00:00:00+05:30,74.6,29.1,47.1,1.05,122.0,57.2,14.8,8.97,2.54,True,9
3409482,"Bandra Kurla Complex, Mumbai - MPCB",HE,2025-12-16 00:00:00+05:30,67.6,29.4,47.1,0.979,115.0,38.1,29.3,9.04,0.382,True,9
3409482,"Bandra Kurla Complex, Mumbai - MPCB",HE,2025-12-17 00:00:00+05:30,76.8,30.4,47.1,0.915,123.00000000000001,58.8,26.5,8.47,2.8,True,9
3409482,"Bandra Kurla Complex, Mumbai - MPCB",HE,2025-12-18 00:00:00+05:30,59.3,30.6,46.7,0.908,105.00000000000001,56.2,24.0,7.56,0.803,True,9
3409482,"Bandra Kurla Complex, Mumbai - MPCB",HE,2025-12-19 00:00:00+05:30,53.0,28.0,38.1,1.04,104.0,51.3,27.7,6.0,2.33,True,9
3409482,"Bandra Kurla Complex, Mumbai - MPCB",HE,2025-12-20 00:00:00+05:30,34.4,27.6,53.0,0.973,114.00000000000001,46.2,14.6,4.07,2.46,True,9
3409482,"Bandra Kurla Complex, Mumbai - MPCB",HE,2025-12-21 00:00:00+05:30,53.6,27.0,51.1,0.932,138.0,45.2,21.6,6.11,1.67,True,9
3409482,"Bandra Kurla Complex, Mumbai - MPCB",HE,2025-12-22 00:00:00+05:30,69.7,26.8,48.5,,,51.6,17.1,7.38,0.473,False,7
3409482,"Bandra Kurla Complex, Mumbai - MPCB",HE,2025-12-23 00:00:00+05:30,48.1,26.9,45.1,0.991,118.00000000000001,48.0,21.8,8.74,0.604,True,9
3409482,"Bandra Kurla Complex, Mumbai - MPCB",HE,2025-12-24 00:00:00+05:30,31.0,26.3,44.7,0.886,115.0,33.1,18.7,7.8,0.324,True,9
3409482,"Bandra Kurla Complex, Mumbai - MPCB",HE,2025-12-25 00:00:00+05:30,54.3,26.8,47.7,1.03,101.0,45.6,23.3,9.51,0.309,True,9
3409482,"Bandra Kurla Complex, Mumbai - MPCB",HE,2025-12-26 00:00:00+05:30,77.2,27.1,48.1,1.07,109.0,37.3,31.3,4.67,0.316,True,9
3409482,"Bandra Kurla Complex, Mumbai - MPCB",HE,2025-12-27 00:00:00+05:30,75.8,,48.4,1.06,111.0,42.5,22.7,3.88,0.313,False,8
3409482,"Bandra Kurla Complex, Mumbai - MPCB",HE,2025-12-28 00:00:00+05:30,71.7,27.8,49.0,1.06,109.0,44.9,24.9,8.98,0.324,True,9
3409482,"Bandra Kurla Complex, Mumbai - MPCB",HE,2025-12-29 00:00:00+05:30,55.4,28.0,49.0,1.22,105.00000000000001,52.6,33.8,11.2,0.318,True,9
3409482,"Bandra Kurla Complex, Mumbai - MPCB",HE,2025-12-30 00:00:00+05:30,53.5,29.8,49.0,1.1,79.5,49.8,29.9,10.9,0.315,True,9
3409482,"Bandra Kurla Complex, Mumbai - MPCB",HE,2025-12-31 00:00:00+05:30,35.0,29.1,49.0,1.28,58.60000000000001,44.6,27.1,6.69,0.334,True,9
3409482,"Bandra Kurla Complex, Mumbai - MPCB",HE,2026-01-01 00:00:00+05:30,39.6,28.5,49.0,1.14,76.4,31.4,10.1,5.61,0.329,True,9
3409482,"Bandra Kurla Complex, Mumbai - MPCB",HE,2026-01-02 00:00:00+05:30,40.6,28.4,49.0,0.972,118.00000000000001,35.0,15.5,5.31,0.317,True,9
3409482,"Bandra Kurla Complex, Mumbai - MPCB",HE,2026-01-03 00:00:00+05:30,40.7,28.7,49.0,1.21,83.6,47.1,12.9,5.65,0.319,True,9
3409482,"Bandra Kurla Complex, Mumbai - MPCB",HE,2026-01-04 00:00:00+05:30,40.7,29.1,49.0,1.26,89.7,36.9,13.2,5.8,0.321,True,9
3409482,"Bandra Kurla Complex, Mumbai - MPCB",HE,2026-01-05 00:00:00+05:30,40.7,28.9,49.0,1.24,119.99999999999999,49.6,18.1,5.93,0.329,True,9
3409482,"Bandra Kurla Complex, Mumbai - MPCB",HE,2026-01-06 00:00:00+05:30,40.6,28.5,49.1,1.16,102.0,48.0,20.8,6.4,0.323,True,9
3409482,"Bandra Kurla Complex, Mumbai - MPCB",HE,2026-01-07 00:00:00+05:30,40.5,28.7,49.0,1.09,156.0,52.3,24.3,7.38,0.314,True,9
3409482,"Bandra Kurla Complex, Mumbai - MPCB",HE,2026-01-08 00:00:00+05:30,40.7,28.0,49.0,0.945,136.0,50.8,17.5,8.36,0.314,True,9
3409482,"Bandra Kurla Complex, Mumbai - MPCB",HE,2026-01-09 00:00:00+05:30,40.6,27.6,49.0,1.17,154.0,43.0,22.8,7.29,0.314,True,9
3409482,"Bandra Kurla Complex, Mumbai - MPCB",HE,2026-01-10 00:00:00+05:30,40.6,30.6,49.1,1.1,154.0,47.7,22.8,7.75,0.315,True,9
3409482,"Bandra Kurla Complex, Mumbai - MPCB",HE,2026-01-20 00:00:00+05:30,117.0,29.7,55.1,0.79,185.99999999999997,75.0,4.06,4.63,0.309,True,9
3409482,"Bandra Kurla Complex, Mumbai - MPCB",HE,2026-01-21 00:00:00+05:30,75.0,30.5,56.4,1.01,137.0,62.9,20.8,5.54,0.319,True,9
3409482,"Bandra Kurla Complex, Mumbai - MPCB",HE,2026-01-22 00:00:00+05:30,68.0,30.2,58.1,1.08,108.0,24.4,28.0,5.62,0.318,True,9
3409482,"Bandra Kurla Complex, Mumbai - MPCB",HE,2026-01-23 00:00:00+05:30,36.3,29.7,58.1,0.76,97.5,36.5,19.0,3.76,0.321,True,9
3409482,"Bandra Kurla Complex, Mumbai - MPCB",HE,2026-01-24 00:00:00+05:30,37.6,29.6,58.1,0.934,147.0,36.0,23.5,3.21,0.32,True,9
3409482,"Bandra Kurla Complex, Mumbai - MPCB",HE,2026-01-25 00:00:00+05:30,41.2,30.2,58.1,1.24,111.0,33.5,21.9,3.13,0.319,True,9
3409482,"Bandra Kurla Complex, Mumbai - MPCB",HE,2026-01-26 00:00:00+05:30,3.36,33.9,58.1,1.24,104.0,0.108,3.42,0.286,0.318,True,9
3409482,"Bandra Kurla Complex, Mumbai - MPCB",HE,2026-01-27 00:00:00+05:30,15.0,34.7,60.3,0.825,86.8,12.6,17.8,1.93,0.328,True,9
3409482,"Bandra Kurla Complex, Mumbai - MPCB",HE,2026-01-28 00:00:00+05:30,26.6,28.2,62.1,1.22,110.0,11.9,29.4,3.8,0.322,True,9
3409482,"Bandra Kurla Complex, Mumbai - MPCB",HE,2026-01-29 00:00:00+05:30,43.7,28.2,62.1,1.11,111.0,51.2,25.6,3.83,0.323,True,9
3409482,"Bandra Kurla Complex, Mumbai - MPCB",HE,2026-01-30 00:00:00+05:30,59.2,29.4,53.9,1.41,94.90000000000002,47.6,18.8,3.01,0.274,True,9
3409482,"Bandra Kurla Complex, Mumbai - MPCB",HE,2026-01-31 00:00:00+05:30,52.3,29.7,45.1,1.4,58.9,38.3,22.0,3.01,0.22,True,9
3409482,"Bandra Kurla Complex, Mumbai - MPCB",HE,2026-02-01 00:00:00+05:30,59.6,29.6,45.1,0.932,111.0,33.2,14.4,2.74,0.213,True,9
3409482,"Bandra Kurla Complex, Mumbai - MPCB",HE,2026-02-02 00:00:00+05:30,85.6,29.0,45.1,1.15,129.0,13.7,8.1,4.19,0.232,True,9
3409482,"Bandra Kurla Complex, Mumbai - MPCB",HE,2026-02-03 00:00:00+05:30,73.8,29.1,45.1,1.28,131.0,22.7,55.2,5.06,0.193,True,9
3409482,"Bandra Kurla Complex, Mumbai - MPCB",HE,2026-02-04 00:00:00+05:30,66.9,29.8,45.1,1.27,150.0,42.0,41.1,5.04,0.218,True,9
3409482,"Bandra Kurla Complex, Mumbai - MPCB",HE,2026-02-05 00:00:00+05:30,69.2,29.6,45.1,1.07,150.0,50.7,21.2,5.21,0.218,True,9
3409482,"Bandra Kurla Complex, Mumbai - MPCB",HE,2026-02-06 00:00:00+05:30,66.3,28.5,45.1,1.17,171.0,26.2,23.6,4.7,0.221,True,9
3409482,"Bandra Kurla Complex, Mumbai - MPCB",HE,2026-02-07 00:00:00+05:30,69.9,28.8,45.1,1.2,167.0,47.3,29.8,4.97,0.213,True,9
3409482,"Bandra Kurla Complex, Mumbai - MPCB",HE,2026-02-09 00:00:00+05:30,57.0,28.7,45.1,1.13,103.0,41.0,46.8,5.59,0.219,True,9
3409482,"Bandra Kurla Complex, Mumbai - MPCB",HE,2026-02-10 00:00:00+05:30,48.7,28.4,45.1,0.856,130.0,50.3,31.3,5.29,0.22,True,9
3409482,"Bandra Kurla Complex, Mumbai - MPCB",HE,2026-02-11 00:00:00+05:30,68.6,28.6,45.1,1.03,146.0,54.3,20.4,7.23,0.221,True,9
3409482,"Bandra Kurla Complex, Mumbai - MPCB",HE,2026-02-12 00:00:00+05:30,65.8,29.6,46.3,0.912,138.0,53.3,29.6,3.04,0.218,True,9
3409482,"Bandra Kurla Complex, Mumbai - MPCB",HE,2026-02-13 00:00:00+05:30,65.2,29.9,47.1,0.887,138.0,58.4,30.0,6.67,0.217,True,9
3409482,"Bandra Kurla Complex, Mumbai - MPCB",HE,2026-02-14 00:00:00+05:30,69.6,29.8,47.1,1.1,169.0,54.1,33.5,7.8,0.219,True,9
3409482,"Bandra Kurla Complex, Mumbai - MPCB",HE,2026-02-15 00:00:00+05:30,81.2,29.7,47.1,1.17,152.0,46.3,21.9,8.33,0.223,True,9
3409482,"Bandra Kurla Complex, Mumbai - MPCB",HE,2026-02-16 00:00:00+05:30,74.9,29.2,47.1,,,60.1,2.98,7.74,0.217,False,7
3409482,"Bandra Kurla Complex, Mumbai - MPCB",HE,2026-02-17 00:00:00+05:30,60.5,30.2,47.1,0.929,108.0,25.0,45.6,5.64,0.228,True,9
3409482,"Bandra Kurla Complex, Mumbai - MPCB",HE,2026-02-18 00:00:00+05:30,20.3,30.4,47.1,0.616,126.0,20.5,24.6,5.3,0.21,True,9
3409482,"Bandra Kurla Complex, Mumbai - MPCB",HE,2026-02-19 00:00:00+05:30,54.0,29.7,47.1,0.926,62.4,36.4,61.0,6.09,0.215,True,9
3409482,"Bandra Kurla Complex, Mumbai - MPCB",HE,2026-02-20 00:00:00+05:30,74.1,30.0,47.1,1.39,131.0,50.0,41.5,5.99,0.217,True,9
3409482,"Bandra Kurla Complex, Mumbai - MPCB",HE,2026-02-21 00:00:00+05:30,56.8,30.1,47.1,1.44,176.0,58.2,46.4,8.66,0.221,True,9
3409482,"Bandra Kurla Complex, Mumbai - MPCB",HE,2026-02-22 00:00:00+05:30,61.5,30.3,47.1,1.45,138.0,36.7,31.4,7.11,0.218,True,9
3409482,"Bandra Kurla Complex, Mumbai - MPCB",HE,2026-02-23 00:00:00+05:30,45.6,30.1,47.1,1.43,159.0,32.4,44.4,7.02,0.231,True,9
3409482,"Bandra Kurla Complex, Mumbai - MPCB",HE,2026-02-24 00:00:00+05:30,46.6,30.1,47.1,1.13,140.0,45.9,34.2,5.43,0.219,True,9
3409482,"Bandra Kurla Complex, Mumbai - MPCB",HE,2026-02-25 00:00:00+05:30,42.5,30.0,47.1,0.914,145.0,43.7,27.0,6.64,0.221,True,9
3409482,"Bandra Kurla Complex, Mumbai - MPCB",HE,2026-02-26 00:00:00+05:30,13.3,29.9,47.1,0.932,175.0,17.6,23.4,4.65,0.223,True,9
3409482,"Bandra Kurla Complex, Mumbai - MPCB",HE,2026-02-27 00:00:00+05:30,21.9,30.0,47.1,0.786,176.0,24.0,18.5,4.59,0.207,True,9
3409482,"Bandra Kurla Complex, Mumbai - MPCB",HE,2026-02-28 00:00:00+05:30,22.5,30.5,47.1,0.977,172.0,25.5,20.1,3.94,0.22,True,9
3409482,"Bandra Kurla Complex, Mumbai - MPCB",HE,2026-03-01 00:00:00+05:30,31.8,30.9,47.1,,,22.7,28.4,4.7,0.22,False,7
3409482,"Bandra Kurla Complex, Mumbai - MPCB",HE,2026-03-02 00:00:00+05:30,25.1,30.4,47.1,0.773,158.0,35.4,23.6,4.53,0.214,True,9
3409482,"Bandra Kurla Complex, Mumbai - MPCB",HE,2026-03-03 00:00:00+05:30,71.3,14.9,40.5,0.858,119.99999999999999,25.9,36.4,6.97,0.211,True,9
3409482,"Bandra Kurla Complex, Mumbai - MPCB",HE,2026-03-04 00:00:00+05:30,43.1,26.8,45.9,1.51,152.0,28.8,32.4,8.0,0.217,True,9
3409482,"Bandra Kurla Complex, Mumbai - MPCB",HE,2026-03-05 00:00:00+05:30,23.2,,33.2,0.705,88.2,10.1,27.7,2.91,0.221,False,8
3409482,"Bandra Kurla Complex, Mumbai - MPCB",HE,2026-03-06 00:00:00+05:30,27.1,3.8,36.3,0.563,77.1,,46.0,,0.301,False,7
3409482,"Bandra Kurla Complex, Mumbai - MPCB",HE,2026-03-07 00:00:00+05:30,40.2,28.0,47.1,1.15,107.0,,74.6,,0.46,False,7
3409482,"Bandra Kurla Complex, Mumbai - MPCB",HE,2026-03-08 00:00:00+05:30,73.2,29.4,47.1,1.01,173.0,30.6,,7.95,0.46,False,8
3409482,"Bandra Kurla Complex, Mumbai - MPCB",HE,2026-03-09 00:00:00+05:30,39.2,29.5,47.1,1.13,174.0,34.3,76.0,7.83,0.335,True,9
3409482,"Bandra Kurla Complex, Mumbai - MPCB",HE,2026-03-10 00:00:00+05:30,30.0,29.7,47.0,1.43,195.99999999999997,22.9,75.9,8.83,0.383,True,9
3409482,"Bandra Kurla Complex, Mumbai - MPCB",HE,2026-03-11 00:00:00+05:30,45.1,29.4,47.1,1.11,132.0,35.6,68.5,3.84,0.321,True,9
3409482,"Bandra Kurla Complex, Mumbai - MPCB",HE,2026-03-12 00:00:00+05:30,27.5,29.6,47.1,1.19,131.0,14.5,42.3,5.36,0.293,True,9
3409482,"Bandra Kurla Complex, Mumbai - MPCB",HE,2026-03-13 00:00:00+05:30,44.2,29.8,47.1,0.9,160.0,23.9,30.7,,0.3,False,8
3409482,"Bandra Kurla Complex, Mumbai - MPCB",HE,2026-03-14 00:00:00+05:30,44.8,30.1,47.1,1.06,139.0,6.61,16.6,1.79,0.3,True,9
3409482,"Bandra Kurla Complex, Mumbai - MPCB",HE,2026-03-15 00:00:00+05:30,43.8,29.7,47.1,1.09,111.0,13.6,14.4,,0.3,False,8
3409482,"Bandra Kurla Complex, Mumbai - MPCB",HE,2026-03-16 00:00:00+05:30,33.4,30.4,47.1,1.02,107.0,12.0,14.0,,0.3,False,8
3409482,"Bandra Kurla Complex, Mumbai - MPCB",HE,2026-03-17 00:00:00+05:30,26.9,30.9,47.1,1.06,123.00000000000001,15.0,15.1,,0.3,False,8
3409482,"Bandra Kurla Complex, Mumbai - MPCB",HE,2026-03-18 00:00:00+05:30,22.4,30.8,47.1,0.972,123.00000000000001,13.9,12.0,,0.3,False,8
3409482,"Bandra Kurla Complex, Mumbai - MPCB",HE,2026-03-19 00:00:00+05:30,30.6,30.7,47.1,1.09,113.0,12.6,10.0,,0.3,False,8
3409482,"Bandra Kurla Complex, Mumbai - MPCB",HE,2026-03-20 00:00:00+05:30,31.8,30.4,47.1,0.798,161.0,14.0,4.39,,0.3,False,8
3409482,"Bandra Kurla Complex, Mumbai - MPCB",HE,2026-03-21 00:00:00+05:30,21.7,30.8,47.1,1.07,158.0,14.4,16.8,,0.157,False,8
3409482,"Bandra Kurla Complex, Mumbai - MPCB",HE,2026-03-22 00:00:00+05:30,38.1,30.8,47.1,0.79,143.0,20.6,28.5,,0.0,False,8
3409482,"Bandra Kurla Complex, Mumbai - MPCB",HE,2026-03-23 00:00:00+05:30,47.1,31.3,47.1,0.916,164.0,12.5,30.3,,0.126,False,8
3409482,"Bandra Kurla Complex, Mumbai - MPCB",HE,2026-03-24 00:00:00+05:30,38.7,32.8,44.3,1.1,145.0,21.3,27.4,2.49,0.223,True,9
3409482,"Bandra Kurla Complex, Mumbai - MPCB",HE,2026-03-25 00:00:00+05:30,27.3,31.9,39.1,1.1,141.0,20.4,21.1,1.03,0.201,True,9
3409482,"Bandra Kurla Complex, Mumbai - MPCB",HE,2026-03-26 00:00:00+05:30,38.2,31.9,39.1,0.897,134.0,23.7,24.1,,0.194,False,8
3409482,"Bandra Kurla Complex, Mumbai - MPCB",HE,2026-03-27 00:00:00+05:30,60.4,31.2,39.1,1.69,144.0,15.7,8.08,,0.202,False,8
3409482,"Bandra Kurla Complex, Mumbai - MPCB",HE,2026-03-28 00:00:00+05:30,22.7,31.1,39.1,1.17,96.10000000000001,18.7,12.2,1.66,0.208,True,9
3409482,"Bandra Kurla Complex, Mumbai - MPCB",HE,2026-03-29 00:00:00+05:30,32.0,31.3,39.1,1.08,97.5,10.3,4.86,2.56,0.204,True,9
3409482,"Bandra Kurla Complex, Mumbai - MPCB",HE,2026-03-30 00:00:00+05:30,14.8,31.5,39.1,1.1,122.0,13.2,19.3,2.06,0.199,True,9
3409482,"Bandra Kurla Complex, Mumbai - MPCB",HE,2026-03-31 00:00:00+05:30,25.8,32.2,39.1,1.05,118.00000000000001,17.5,44.0,2.63,0.202,True,9
3409482,"Bandra Kurla Complex, Mumbai - MPCB",HE,2026-04-01 00:00:00+05:30,40.6,32.7,39.1,0.994,88.7,25.0,13.7,3.1,0.194,True,9
3409482,"Bandra Kurla Complex, Mumbai - MPCB",HE,2026-04-02 00:00:00+05:30,30.4,32.4,39.1,0.84,112.0,19.1,24.8,3.18,0.201,True,9
3409482,"Bandra Kurla Complex, Mumbai - MPCB",HE,2026-04-03 00:00:00+05:30,28.9,32.1,39.1,1.01,92.9,18.0,30.4,3.01,0.201,True,9
3409482,"Bandra Kurla Complex, Mumbai - MPCB",HE,2026-04-04 00:00:00+05:30,19.3,32.3,39.1,1.13,93.7,14.3,18.1,17.0,0.191,True,9
3409482,"Bandra Kurla Complex, Mumbai - MPCB",HE,2026-04-05 00:00:00+05:30,19.9,31.8,39.1,0.893,119.99999999999999,10.2,22.1,1.96,0.204,True,9
3409482,"Bandra Kurla Complex, Mumbai - MPCB",HE,2026-04-06 00:00:00+05:30,16.7,31.8,39.1,0.918,84.3,17.4,22.2,2.18,0.202,True,9
3409482,"Bandra Kurla Complex, Mumbai - MPCB",HE,2026-04-07 00:00:00+05:30,19.4,32.1,39.1,1.01,99.6,14.5,21.7,2.37,0.201,True,9
3409482,"Bandra Kurla Complex, Mumbai - MPCB",HE,2026-04-08 00:00:00+05:30,21.0,31.9,39.1,1.18,95.2,15.9,8.29,2.8,0.209,True,9
3409482,"Bandra Kurla Complex, Mumbai - MPCB",HE,2026-04-09 00:00:00+05:30,44.9,32.2,39.1,0.916,118.00000000000001,13.8,10.8,2.56,0.192,True,9
3409482,"Bandra Kurla Complex, Mumbai - MPCB",HE,2026-04-10 00:00:00+05:30,61.9,32.0,39.1,1.05,132.0,10.6,14.4,2.94,0.197,True,9
3409482,"Bandra Kurla Complex, Mumbai - MPCB",HE,2026-04-11 00:00:00+05:30,49.7,31.6,39.1,1.22,119.99999999999999,11.2,32.7,3.09,0.204,True,9
3409482,"Bandra Kurla Complex, Mumbai - MPCB",HE,2026-04-12 00:00:00+05:30,46.0,31.5,39.1,1.14,122.0,17.5,20.4,2.66,0.194,True,9
3409482,"Bandra Kurla Complex, Mumbai - MPCB",HE,2026-04-13 00:00:00+05:30,37.4,32.5,39.1,1.34,101.0,15.5,18.3,2.62,0.212,True,9
3409482,"Bandra Kurla Complex, Mumbai - MPCB",HE,2026-04-14 00:00:00+05:30,48.0,32.4,39.1,1.06,137.0,16.5,18.4,2.63,0.198,True,9
3409482,"Bandra Kurla Complex, Mumbai - MPCB",HE,2026-04-15 00:00:00+05:30,31.2,31.6,39.1,1.2,95.5,18.1,16.2,2.56,0.204,True,9
3409482,"Bandra Kurla Complex, Mumbai - MPCB",HE,2026-04-16 00:00:00+05:30,27.2,32.7,39.1,1.08,96.4,11.4,25.4,2.77,0.2,True,9
3409482,"Bandra Kurla Complex, Mumbai - MPCB",HE,2026-04-17 00:00:00+05:30,20.2,32.8,39.1,0.953,113.0,8.71,9.12,1.78,0.187,True,9
3409482,"Bandra Kurla Complex, Mumbai - MPCB",HE,2026-04-18 00:00:00+05:30,0.0,32.2,39.1,1.46,141.0,0.0,0.0,0.0,0.228,True,9
3409482,"Bandra Kurla Complex, Mumbai - MPCB",HE,2026-04-19 00:00:00+05:30,0.0,32.5,39.1,1.26,125.00000000000001,0.0,0.0,0.0,0.208,True,9
3409482,"Bandra Kurla Complex, Mumbai - MPCB",HE,2026-04-20 00:00:00+05:30,22.0,32.5,39.1,1.33,111.0,9.44,20.5,1.35,0.212,True,9
3409482,"Bandra Kurla Complex, Mumbai - MPCB",HE,2026-04-21 00:00:00+05:30,43.4,32.8,39.1,1.32,131.0,17.1,40.9,2.77,0.2,True,9
3409482,"Bandra Kurla Complex, Mumbai - MPCB",HE,2026-04-22 00:00:00+05:30,42.5,33.0,39.1,1.13,136.0,13.9,30.5,2.84,0.194,True,9
3409482,"Bandra Kurla Complex, Mumbai - MPCB",HE,2026-04-23 00:00:00+05:30,53.8,33.5,39.1,1.21,142.0,9.67,48.0,2.68,0.201,True,9
3409482,"Bandra Kurla Complex, Mumbai - MPCB",HE,2026-04-24 00:00:00+05:30,69.4,32.9,39.1,1.31,159.0,9.71,31.4,2.38,0.198,True,9
3409482,"Bandra Kurla Complex, Mumbai - MPCB",HE,2026-04-25 00:00:00+05:30,,33.1,39.1,1.02,144.0,0.0025,37.8,2.83,0.203,False,8
3409482,"Bandra Kurla Complex, Mumbai - MPCB",HE,2026-04-26 00:00:00+05:30,,33.3,39.1,1.33,141.0,0.0013,20.7,16.0,0.194,False,8
3409482,"Bandra Kurla Complex, Mumbai - MPCB",HE,2026-04-27 00:00:00+05:30,,33.1,39.1,1.16,135.0,5.13,34.4,6.02,0.209,False,8
3409482,"Bandra Kurla Complex, Mumbai - MPCB",HE,2026-04-28 00:00:00+05:30,,33.4,39.1,1.21,140.0,11.6,31.4,2.16,0.202,False,8
3409482,"Bandra Kurla Complex, Mumbai - MPCB",HE,2026-04-29 00:00:00+05:30,38.4,33.2,39.1,1.04,138.0,13.1,16.3,2.62,0.194,True,9
3409482,"Bandra Kurla Complex, Mumbai - MPCB",HE,2026-04-30 00:00:00+05:30,37.2,33.2,39.1,1.17,162.0,13.4,,2.32,0.207,False,8
3409482,"Bandra Kurla Complex, Mumbai - MPCB",HE,2026-05-01 00:00:00+05:30,,17.2,32.7,1.16,125.00000000000001,4.94,5.59,102.0,0.205,False,8
3409482,"Bandra Kurla Complex, Mumbai - MPCB",HE,2026-05-02 00:00:00+05:30,,32.9,39.1,1.25,143.0,10.6,6.17,2.58,0.21,False,8
3409482,"Bandra Kurla Complex, Mumbai - MPCB",HE,2026-05-03 00:00:00+05:30,33.3,33.6,39.1,1.42,160.0,25.0,6.32,2.38,0.202,True,9
3409482,"Bandra Kurla Complex, Mumbai - MPCB",HE,2026-05-04 00:00:00+05:30,55.6,34.2,39.1,1.49,164.0,25.0,4.03,2.39,0.205,True,9
3409482,"Bandra Kurla Complex, Mumbai - MPCB",HE,2026-05-05 00:00:00+05:30,53.7,34.5,39.1,1.65,171.0,25.1,23.5,3.13,0.208,True,9
3409482,"Bandra Kurla Complex, Mumbai - MPCB",HE,2026-05-06 00:00:00+05:30,4.18,34.7,39.1,1.06,166.0,24.8,38.3,3.67,0.217,True,9
3409482,"Bandra Kurla Complex, Mumbai - MPCB",HE,2026-05-07 00:00:00+05:30,24.3,34.5,39.1,1.18,146.0,25.1,121.0,3.38,0.206,True,9
3409482,"Bandra Kurla Complex, Mumbai - MPCB",HE,2026-05-08 00:00:00+05:30,31.1,34.2,39.1,1.3,166.0,25.0,21.9,3.04,0.202,True,9
3409482,"Bandra Kurla Complex, Mumbai - MPCB",HE,2026-05-09 00:00:00+05:30,30.3,15.5,31.5,1.0,124.0,25.1,25.5,3.0,0.191,True,9
3409482,"Bandra Kurla Complex, Mumbai - MPCB",HE,2026-05-10 00:00:00+05:30,18.1,33.8,39.1,1.34,162.0,26.2,29.2,3.62,0.204,True,9
3409482,"Bandra Kurla Complex, Mumbai - MPCB",HE,2026-05-11 00:00:00+05:30,23.0,33.8,39.1,1.35,163.0,20.3,25.5,3.47,0.146,True,9
3409482,"Bandra Kurla Complex, Mumbai - MPCB",HE,2026-05-12 00:00:00+05:30,20.8,27.8,36.9,1.27,145.0,8.23,22.7,2.68,,False,8
3409482,"Bandra Kurla Complex, Mumbai - MPCB",HE,2026-05-13 00:00:00+05:30,26.6,33.8,39.1,1.56,170.0,18.7,11.4,2.59,0.023,True,9
3409482,"Bandra Kurla Complex, Mumbai - MPCB",HE,2026-05-14 00:00:00+05:30,10.9,33.7,39.1,1.34,165.0,13.4,16.0,2.44,1.76,True,9
3409482,"Bandra Kurla Complex, Mumbai - MPCB",HE,2026-05-15 00:00:00+05:30,10.5,33.2,39.1,1.43,156.0,16.4,18.3,2.3,0.313,True,9
3409482,"Bandra Kurla Complex, Mumbai - MPCB",HE,2026-05-16 00:00:00+05:30,19.7,33.7,39.1,1.56,144.0,17.6,30.0,2.43,0.787,True,9
3409482,"Bandra Kurla Complex, Mumbai - MPCB",HE,2026-05-17 00:00:00+05:30,11.9,33.0,39.1,1.47,160.0,7.47,15.1,2.05,3.32,True,9
3409482,"Bandra Kurla Complex, Mumbai - MPCB",HE,2026-05-18 00:00:00+05:30,18.2,33.2,39.1,1.51,156.0,8.33,13.7,2.31,5.64,True,9
3409482,"Bandra Kurla Complex, Mumbai - MPCB",HE,2026-05-19 00:00:00+05:30,21.6,34.1,39.1,1.93,163.0,12.4,13.0,2.31,0.354,True,9
3409482,"Bandra Kurla Complex, Mumbai - MPCB",HE,2026-05-20 00:00:00+05:30,27.2,33.5,39.1,2.0,165.0,12.0,8.04,2.06,3.18,True,9
3409482,"Bandra Kurla Complex, Mumbai - MPCB",HE,2026-05-21 00:00:00+05:30,21.1,7.12,28.2,1.16,97.7,5.66,15.1,1.79,0.13,True,9
3409482,"Bandra Kurla Complex, Mumbai - MPCB",HE,2026-05-22 00:00:00+05:30,19.5,,13.0,0.0,0.0,0.0,8.16,4.04,0.195,False,8
3409482,"Bandra Kurla Complex, Mumbai - MPCB",HE,2026-05-23 00:00:00+05:30,18.0,,13.0,0.0,0.0,0.0,7.33,85.3,0.202,False,8
3409482,"Bandra Kurla Complex, Mumbai - MPCB",HE,2026-05-24 00:00:00+05:30,18.2,,13.0,0.0,0.0,0.0,6.47,67.3,0.192,False,8
3409482,"Bandra Kurla Complex, Mumbai - MPCB",HE,2026-05-25 00:00:00+05:30,17.8,,13.0,0.0,0.0,0.0,8.05,2.04,0.208,False,8
3409482,"Bandra Kurla Complex, Mumbai - MPCB",HE,2026-05-26 00:00:00+05:30,20.3,,25.1,0.701,84.6,2.97,7.13,2.27,0.204,False,8
3409482,"Bandra Kurla Complex, Mumbai - MPCB",HE,2026-05-27 00:00:00+05:30,29.7,34.2,39.1,1.94,184.99999999999997,10.2,,29.5,0.196,False,8
3409482,"Bandra Kurla Complex, Mumbai - MPCB",HE,2026-05-28 00:00:00+05:30,19.5,33.9,39.1,2.18,181.99999999999997,25.1,13.5,2.43,0.215,True,9
3409482,"Bandra Kurla Complex, Mumbai - MPCB",HE,2026-05-29 00:00:00+05:30,20.0,32.9,39.0,2.16,183.99999999999997,25.0,9.26,25.8,0.197,True,9
3409482,"Bandra Kurla Complex, Mumbai - MPCB",HE,2026-05-30 00:00:00+05:30,24.8,33.3,39.1,2.1,181.0,24.9,8.39,2.28,0.191,True,9
3409482,"Bandra Kurla Complex, Mumbai - MPCB",HE,2026-05-31 00:00:00+05:30,20.0,33.6,39.1,1.63,161.0,25.0,10.3,2.3,0.187,True,9
3409482,"Bandra Kurla Complex, Mumbai - MPCB",HE,2026-06-01 00:00:00+05:30,19.9,33.8,39.0,1.92,179.0,25.0,9.06,2.4,0.202,True,9
3409482,"Bandra Kurla Complex, Mumbai - MPCB",HE,2026-06-02 00:00:00+05:30,19.8,33.7,39.0,1.95,176.0,25.1,16.7,2.43,0.194,True,9
3409482,"Bandra Kurla Complex, Mumbai - MPCB",HE,2026-06-03 00:00:00+05:30,18.9,33.7,39.1,1.45,152.0,25.0,25.0,2.37,0.195,True,9
3409482,"Bandra Kurla Complex, Mumbai - MPCB",HE,2026-06-04 00:00:00+05:30,18.6,33.7,39.1,1.24,153.0,25.0,8.87,2.55,0.204,True,9
3409482,"Bandra Kurla Complex, Mumbai - MPCB",HE,2026-06-05 00:00:00+05:30,50.3,33.6,39.0,1.39,144.0,22.5,7.71,2.6,0.198,True,9
3409482,"Bandra Kurla Complex, Mumbai - MPCB",HE,2026-06-10 00:00:00+05:30,28.7,32.9,39.0,1.34,132.0,11.4,12.6,2.59,0.308,True,9
3409482,"Bandra Kurla Complex, Mumbai - MPCB",HE,2026-06-11 00:00:00+05:30,20.4,32.5,39.0,1.6,145.0,9.57,19.9,2.0,0.612,True,9
3409482,"Bandra Kurla Complex, Mumbai - MPCB",HE,2026-06-12 00:00:00+05:30,20.1,33.1,39.0,1.55,144.0,,18.8,2.66,0.252,False,8
3409482,"Bandra Kurla Complex, Mumbai - MPCB",HE,2026-06-13 00:00:00+05:30,14.3,33.0,39.0,1.51,132.0,0.49,22.6,2.75,0.407,True,9
3409482,"Bandra Kurla Complex, Mumbai - MPCB",HE,2026-06-14 00:00:00+05:30,19.1,32.2,39.0,1.34,171.0,25.0,17.5,2.53,0.427,True,9
3409482,"Bandra Kurla Complex, Mumbai - MPCB",HE,2026-06-15 00:00:00+05:30,17.6,31.7,39.0,1.28,150.0,25.1,17.1,2.35,0.365,True,9
3409482,"Bandra Kurla Complex, Mumbai - MPCB",HE,2026-06-16 00:00:00+05:30,18.5,32.0,39.0,1.28,143.0,25.0,13.4,2.56,0.362,True,9
3409482,"Bandra Kurla Complex, Mumbai - MPCB",HE,2026-06-17 00:00:00+05:30,20.1,31.8,39.0,1.16,159.0,16.8,13.8,1.9,0.388,True,9
3409482,"Bandra Kurla Complex, Mumbai - MPCB",HE,2026-06-18 00:00:00+05:30,18.1,32.2,39.0,1.29,165.0,11.1,17.0,2.27,0.399,True,9
3409482,"Bandra Kurla Complex, Mumbai - MPCB",HE,2026-06-19 00:00:00+05:30,18.3,32.8,39.0,1.29,164.0,14.9,17.1,2.39,0.644,True,9
3409482,"Bandra Kurla Complex, Mumbai - MPCB",HE,2026-06-20 00:00:00+05:30,18.0,33.1,39.0,1.53,184.99999999999997,8.66,16.9,2.55,0.9,True,9
3409482,"Bandra Kurla Complex, Mumbai - MPCB",HE,2026-06-21 00:00:00+05:30,16.2,33.3,39.0,,,14.7,13.6,2.32,0.9,False,7
3409482,"Bandra Kurla Complex, Mumbai - MPCB",HE,2026-06-22 00:00:00+05:30,12.8,32.8,39.0,0.794,170.0,14.7,6.86,2.33,0.898,True,9
3409482,"Bandra Kurla Complex, Mumbai - MPCB",HE,2026-06-23 00:00:00+05:30,12.9,32.6,39.0,0.487,124.0,13.4,1.34,2.6,0.868,True,9
3409482,"Bandra Kurla Complex, Mumbai - MPCB",HE,2026-06-25 00:00:00+05:30,14.2,33.4,39.1,1.06,30.599999999999998,9.58,23.3,2.42,0.294,True,9
3409482,"Bandra Kurla Complex, Mumbai - MPCB",HE,2026-06-26 00:00:00+05:30,19.8,33.4,39.1,1.13,107.0,,15.2,2.87,0.32,False,8
3409482,"Bandra Kurla Complex, Mumbai - MPCB",HE,2026-06-27 00:00:00+05:30,19.7,33.7,39.1,1.51,96.8,6.45,15.3,2.55,0.33,True,9
3409482,"Bandra Kurla Complex, Mumbai - MPCB",HE,2026-06-28 00:00:00+05:30,12.6,33.8,39.1,1.93,102.0,12.8,20.5,2.62,0.37,True,9
3409482,"Bandra Kurla Complex, Mumbai - MPCB",HE,2026-06-29 00:00:00+05:30,9.96,31.6,39.1,1.11,103.0,27.0,25.1,2.29,0.303,True,9
3409482,"Bandra Kurla Complex, Mumbai - MPCB",HE,2026-06-30 00:00:00+05:30,6.27,29.2,39.1,0.882,96.4,20.5,15.3,2.35,0.231,True,9
3409482,"Bandra Kurla Complex, Mumbai - MPCB",HE,2026-07-01 00:00:00+05:30,7.23,25.4,39.1,1.33,80.1,14.0,15.2,2.49,0.383,True,9
3409482,"Bandra Kurla Complex, Mumbai - MPCB",HE,2026-07-02 00:00:00+05:30,13.5,32.4,39.1,1.19,93.5,15.2,15.2,2.46,0.257,True,9
3409482,"Bandra Kurla Complex, Mumbai - MPCB",HE,2026-07-03 00:00:00+05:30,9.37,15.7,38.8,1.02,116.00000000000001,12.4,15.2,2.32,0.357,True,9
3409482,"Bandra Kurla Complex, Mumbai - MPCB",HE,2026-07-04 00:00:00+05:30,10.8,22.2,39.1,1.63,89.1,16.0,15.2,2.33,0.333,True,9
3409482,"Bandra Kurla Complex, Mumbai - MPCB",HE,2026-07-05 00:00:00+05:30,10.5,,39.1,1.87,63.3,10.5,15.1,2.38,0.415,False,8
3409482,"Bandra Kurla Complex, Mumbai - MPCB",HE,2026-07-06 00:00:00+05:30,17.7,,35.6,2.17,64.8,6.26,15.2,2.13,0.408,False,8
3409482,"Bandra Kurla Complex, Mumbai - MPCB",HE,2026-07-07 00:00:00+05:30,22.3,,39.1,1.16,68.7,6.44,31.0,2.17,0.424,False,8
3409482,"Bandra Kurla Complex, Mumbai - MPCB",HE,2026-07-08 00:00:00+05:30,20.4,,39.0,1.14,50.9,1.98,15.4,2.09,0.466,False,8
3409482,"Bandra Kurla Complex, Mumbai - MPCB",HE,2026-07-09 00:00:00+05:30,19.5,,39.0,1.19,75.4,1.37,15.2,2.07,0.557,False,8
3409482,"Bandra Kurla Complex, Mumbai - MPCB",HE,2026-07-10 00:00:00+05:30,20.0,,39.0,1.36,64.1,1.05,15.2,1.83,0.63,False,8
3409482,"Bandra Kurla Complex, Mumbai - MPCB",HE,2026-07-11 00:00:00+05:30,34.7,,39.0,0.719,49.2,1.22,15.3,2.15,0.574,False,8
3409482,"Bandra Kurla Complex, Mumbai - MPCB",HE,2026-07-12 00:00:00+05:30,28.8,,39.0,0.988,44.7,1.33,15.3,2.18,0.595,False,8
3409482,"Bandra Kurla Complex, Mumbai - MPCB",HE,2026-07-13 00:00:00+05:30,36.6,29.5,39.0,0.832,47.3,1.6,15.2,2.1,0.551,True,9
3409482,"Bandra Kurla Complex, Mumbai - MPCB",HE,2026-07-14 00:00:00+05:30,32.3,29.0,39.1,0.915,49.3,3.7,15.3,2.12,0.541,True,9
3409482,"Bandra Kurla Complex, Mumbai - MPCB",HE,2026-07-15 00:00:00+05:30,28.8,30.1,39.1,0.818,63.3,11.5,17.4,3.82,0.557,True,9
3409482,"Bandra Kurla Complex, Mumbai - MPCB",HE,2026-07-16 00:00:00+05:30,20.8,30.4,39.1,0.855,76.3,7.55,28.4,2.05,0.516,True,9
3409482,"Bandra Kurla Complex, Mumbai - MPCB",HE,2026-07-17 00:00:00+05:30,14.4,30.6,39.1,1.07,79.3,8.92,21.2,2.11,0.469,True,9
3409482,"Bandra Kurla Complex, Mumbai - MPCB",HE,2026-07-18 00:00:00+05:30,14.4,30.4,39.1,1.01,86.3,8.18,19.7,2.04,0.411,True,9
3409482,"Bandra Kurla Complex, Mumbai - MPCB",HE,2026-07-19 00:00:00+05:30,13.2,30.5,39.1,0.869,77.5,7.95,20.0,1.83,0.466,True,9
3409482,"Bandra Kurla Complex, Mumbai - MPCB",HE,2026-07-20 00:00:00+05:30,13.3,,39.1,1.05,61.1,8.89,18.3,2.35,0.479,False,8
3409482,"Bandra Kurla Complex, Mumbai - MPCB",HE,2026-07-21 00:00:00+05:30,13.2,,39.1,1.63,45.20000000000001,9.21,18.4,2.04,0.457,False,8
3409482,"Bandra Kurla Complex, Mumbai - MPCB",HE,2026-07-22 00:00:00+05:30,8.76,27.0,50.4,1.72,56.1,8.98,15.6,2.08,0.458,True,9
3409482,"Bandra Kurla Complex, Mumbai - MPCB",HE,2026-07-23 00:00:00+05:30,9.44,26.5,91.3,1.27,45.800000000000004,3.28,23.6,2.03,0.221,True,9
3409482,"Bandra Kurla Complex, Mumbai - MPCB",HE,2026-07-24 00:00:00+05:30,12.3,26.9,95.1,1.13,49.00000000000001,2.78,14.1,2.01,0.38,True,9
3409482,"Bandra Kurla Complex, Mumbai - MPCB",HE,2026-07-25 00:00:00+05:30,12.2,21.9,95.0,1.47,42.400000000000006,2.89,10.8,2.04,0.358,True,9
3409482,"Bandra Kurla Complex, Mumbai - MPCB",HE,2026-07-26 00:00:00+05:30,16.1,21.9,95.1,1.52,56.7,2.72,11.0,2.21,0.369,True,9
3409482,"Bandra Kurla Complex, Mumbai - MPCB",HE,2026-07-27 00:00:00+05:30,15.5,32.5,96.4,1.52,59.00000000000001,2.87,12.4,3.93,0.375,True,9
3409482,"Bandra Kurla Complex, Mumbai - MPCB",HE,2026-07-28 00:00:00+05:30,21.0,29.4,98.7,1.29,71.9,2.94,22.2,2.1,0.399,True,9
3409482,"Bandra Kurla Complex, Mumbai - MPCB",HE,2026-07-29 00:00:00+05:30,20.9,21.0,98.7,1.45,59.60000000000001,3.74,23.6,1.96,0.389,True,9
3409482,"Bandra Kurla Complex, Mumbai - MPCB",HE,2026-07-30 00:00:00+05:30,15.9,21.4,98.5,1.73,56.2,4.18,14.3,2.05,0.367,True,9
3409482,"Bandra Kurla Complex, Mumbai - MPCB",HE,2026-07-31 00:00:00+05:30,18.8,26.9,93.7,1.75,55.2,5.22,17.2,2.05,0.396,True,9
3409482,"Bandra Kurla Complex, Mumbai - MPCB",HE,2026-08-01 00:00:00+05:30,22.9,26.2,93.7,1.48,62.1,4.19,17.5,1.69,0.386,True,9
3409482,"Bandra Kurla Complex, Mumbai - MPCB",HE,2026-08-02 00:00:00+05:30,16.2,28.0,93.7,1.44,56.4,6.04,16.5,1.9,0.292,True,9
3409482,"Bandra Kurla Complex, Mumbai - MPCB",HE,2026-08-03 00:00:00+05:30,18.7,28.5,93.7,1.37,60.1,6.69,21.2,1.94,0.165,True,9
3409482,"Bandra Kurla Complex, Mumbai - MPCB",HE,2026-08-04 00:00:00+05:30,18.1,27.7,93.7,1.77,75.2,6.64,14.8,1.94,0.308,True,9
3409482,"Bandra Kurla Complex, Mumbai - MPCB",HE,2026-08-05 00:00:00+05:30,15.2,27.9,93.7,1.34,63.6,7.75,12.3,1.92,0.256,True,9
3409482,"Bandra Kurla Complex, Mumbai - MPCB",HE,2026-08-06 00:00:00+05:30,25.1,28.9,93.7,2.09,52.9,7.85,22.6,1.96,0.311,True,9
3409482,"Bandra Kurla Complex, Mumbai - MPCB",HE,2026-08-07 00:00:00+05:30,18.2,28.6,93.8,1.99,49.70000000000001,6.95,14.2,2.03,0.304,True,9
3409482,"Bandra Kurla Complex, Mumbai - MPCB",HE,2026-08-08 00:00:00+05:30,18.2,28.2,93.7,2.43,47.0,7.5,11.9,2.02,0.285,True,9
3409482,"Bandra Kurla Complex, Mumbai - MPCB",HE,2026-08-09 00:00:00+05:30,21.6,28.0,93.7,1.62,58.5,6.02,7.74,1.96,0.295,True,9
3409482,"Bandra Kurla Complex, Mumbai - MPCB",HE,2026-08-10 00:00:00+05:30,23.5,28.0,93.7,1.68,52.3,5.5,3.96,2.1,0.272,True,9
3409482,"Bandra Kurla Complex, Mumbai - MPCB",HE,2026-08-11 00:00:00+05:30,11.4,28.0,93.7,0.973,118.00000000000001,5.79,6.8,2.2,0.225,True,9
3409482,"Bandra Kurla Complex, Mumbai - MPCB",HE,2026-08-12 00:00:00+05:30,18.4,28.3,93.7,1.4,75.2,5.07,8.48,2.03,0.288,True,9
3409482,"Bandra Kurla Complex, Mumbai - MPCB",HE,2026-08-13 00:00:00+05:30,13.6,28.2,95.8,1.36,56.9,6.25,10.1,2.15,0.468,True,9
3409482,"Bandra Kurla Complex, Mumbai - MPCB",HE,2026-08-14 00:00:00+05:30,25.4,28.3,97.0,1.11,62.4,6.14,8.48,2.0,0.574,True,9
3409482,"Bandra Kurla Complex, Mumbai - MPCB",HE,2026-08-15 00:00:00+05:30,17.8,28.6,96.8,0.942,77.5,5.65,9.75,2.31,0.469,True,9
3409482,"Bandra Kurla Complex, Mumbai - MPCB",HE,2026-08-16 00:00:00+05:30,26.3,27.0,96.8,1.11,45.800000000000004,5.46,10.9,1.97,0.615,True,9
3409482,"Bandra Kurla Complex, Mumbai - MPCB",HE,2026-08-17 00:00:00+05:30,21.1,27.3,96.9,1.75,47.9,4.79,18.5,2.15,0.442,True,9
3409482,"Bandra Kurla Complex, Mumbai - MPCB",HE,2026-08-18 00:00:00+05:30,18.9,27.3,96.7,1.56,53.1,5.05,23.1,2.05,0.42,True,9
3409482,"Bandra Kurla Complex, Mumbai - MPCB",HE,2026-08-19 00:00:00+05:30,22.8,27.5,96.9,1.83,53.0,5.31,25.8,2.09,0.401,True,9
3409482,"Bandra Kurla Complex, Mumbai - MPCB",HE,2026-08-20 00:00:00+05:30,24.4,27.2,96.7,2.04,50.1,5.65,10.7,2.45,0.36,True,9
3409482,"Bandra Kurla Complex, Mumbai - MPCB",HE,2026-08-21 00:00:00+05:30,21.7,27.0,97.1,2.19,50.4,5.6,12.5,2.77,0.41,True,9
3409482,"Bandra Kurla Complex, Mumbai - MPCB",HE,2026-08-22 00:00:00+05:30,21.2,27.2,96.9,1.94,52.7,5.03,9.08,2.58,0.388,True,9
3409482,"Bandra Kurla Complex, Mumbai - MPCB",HE,2026-08-23 00:00:00+05:30,24.1,28.1,96.9,2.23,48.00000000000001,4.84,7.79,2.5,0.396,True,9
3409482,"Bandra Kurla Complex, Mumbai - MPCB",HE,2026-08-24 00:00:00+05:30,20.5,27.9,96.9,2.19,53.7,4.79,7.39,2.57,0.361,True,9
3409482,"Bandra Kurla Complex, Mumbai - MPCB",HE,2026-08-25 00:00:00+05:30,24.1,27.9,96.9,2.66,46.3,4.78,8.98,2.67,0.384,True,9
3409482,"Bandra Kurla Complex, Mumbai - MPCB",HE,2026-08-26 00:00:00+05:30,26.2,27.9,96.7,2.61,47.7,5.05,12.7,2.47,0.403,True,9
3409482,"Bandra Kurla Complex, Mumbai - MPCB",HE,2026-08-27 00:00:00+05:30,21.0,28.1,96.7,2.72,46.2,4.81,13.8,2.62,0.43,True,9
3409482,"Bandra Kurla Complex, Mumbai - MPCB",HE,2026-08-29 00:00:00+05:30,8.83,28.0,96.7,3.23,43.2,4.7,13.2,2.04,0.481,True,9
3409482,"Bandra Kurla Complex, Mumbai - MPCB",HE,2026-08-30 00:00:00+05:30,16.1,27.8,96.7,2.62,47.5,3.92,10.1,2.39,0.428,True,9
3409482,"Bandra Kurla Complex, Mumbai - MPCB",HE,2026-08-31 00:00:00+05:30,14.7,27.9,96.7,2.98,47.7,4.81,12.6,2.34,0.416,True,9
3409482,"Bandra Kurla Complex, Mumbai - MPCB",HE,2026-09-01 00:00:00+05:30,14.6,27.7,96.7,2.89,47.5,5.01,10.9,2.35,0.398,True,9
3409482,"Bandra Kurla Complex, Mumbai - MPCB",HE,2026-09-02 00:00:00+05:30,13.7,29.6,96.7,2.67,46.6,5.53,9.86,2.35,0.39,True,9
3409482,"Bandra Kurla Complex, Mumbai - MPCB",HE,2026-09-03 00:00:00+05:30,13.4,27.6,96.7,2.2,44.0,,8.49,3.25,0.423,False,8
3409482,"Bandra Kurla Complex, Mumbai - MPCB",HE,2026-09-04 00:00:00+05:30,16.9,28.0,96.7,2.32,57.00000000000001,0.077,12.1,2.35,0.378,True,9
3409482,"Bandra Kurla Complex, Mumbai - MPCB",HE,2026-09-05 00:00:00+05:30,10.9,27.8,96.7,2.51,52.50000000000001,0.0713,11.9,2.25,0.392,True,9
3409482,"Bandra Kurla Complex, Mumbai - MPCB",HE,2026-09-06 00:00:00+05:30,15.0,27.9,96.8,1.77,58.5,0.102,9.26,2.47,0.366,True,9
3409482,"Bandra Kurla Complex, Mumbai - MPCB",HE,2026-09-07 00:00:00+05:30,12.0,28.8,96.8,1.93,47.2,4.53,15.0,2.17,0.405,True,9
3409482,"Bandra Kurla Complex, Mumbai - MPCB",HE,2026-09-08 00:00:00+05:30,15.1,29.7,96.7,2.74,47.3,4.81,10.2,2.4,0.448,True,9
3409482,"Bandra Kurla Complex, Mumbai - MPCB",HE,2026-09-09 00:00:00+05:30,20.5,27.5,96.7,2.64,47.5,1.02,11.3,1.87,0.493,True,9
3409482,"Bandra Kurla Complex, Mumbai - MPCB",HE,2026-09-10 00:00:00+05:30,15.2,29.1,94.7,2.03,50.300000000000004,5.33,10.6,2.21,0.478,True,9
3409482,"Bandra Kurla Complex, Mumbai - MPCB",HE,2026-09-11 00:00:00+05:30,16.2,30.7,91.7,1.26,69.9,15.6,13.2,2.3,0.399,True,9
3409482,"Bandra Kurla Complex, Mumbai - MPCB",HE,2026-09-12 00:00:00+05:30,12.9,36.0,91.7,1.72,59.7,20.1,21.2,2.18,0.425,True,9
3409482,"Bandra Kurla Complex, Mumbai - MPCB",HE,2026-09-13 00:00:00+05:30,14.0,40.3,91.7,0.702,123.00000000000001,15.6,28.3,2.15,0.352,True,9
3409482,"Bandra Kurla Complex, Mumbai - MPCB",HE,2026-09-14 00:00:00+05:30,17.3,33.5,91.7,0.978,86.5,20.9,28.6,2.27,0.353,True,9
3409482,"Bandra Kurla Complex, Mumbai - MPCB",HE,2026-09-15 00:00:00+05:30,16.1,31.4,91.7,0.933,80.1,18.4,13.2,2.23,0.391,True,9
3409482,"Bandra Kurla Complex, Mumbai - MPCB",HE,2026-09-16 00:00:00+05:30,16.5,31.3,92.0,1.32,81.8,14.1,17.8,2.31,0.428,True,9
3409482,"Bandra Kurla Complex, Mumbai - MPCB",HE,2026-09-17 00:00:00+05:30,16.4,30.8,91.8,1.16,68.5,15.2,11.3,2.26,0.419,True,9
3409483,"Chembur, Mumbai - MPCB",ME,2025-10-11 00:00:00+05:30,70.6,28.1,77.7,0.777,91.1,18.0,51.8,5.53,0.577,True,9
3409483,"Chembur, Mumbai - MPCB",ME,2025-10-13 00:00:00+05:30,66.6,28.1,74.8,0.808,116.00000000000001,30.8,56.1,5.46,0.812,True,9
3409483,"Chembur, Mumbai - MPCB",ME,2025-10-14 00:00:00+05:30,62.0,28.2,75.6,0.772,104.0,26.4,67.6,6.13,0.806,True,9
3409483,"Chembur, Mumbai - MPCB",ME,2025-10-15 00:00:00+05:30,67.7,28.2,77.8,0.735,119.0,30.7,38.4,7.45,0.864,True,9
3409483,"Chembur, Mumbai - MPCB",ME,2025-10-16 00:00:00+05:30,49.8,28.5,80.2,0.668,125.00000000000001,22.2,34.9,3.91,0.814,True,9
3409483,"Chembur, Mumbai - MPCB",ME,2025-10-17 00:00:00+05:30,40.6,29.0,79.1,0.731,126.0,23.3,36.2,4.59,0.749,True,9
3409483,"Chembur, Mumbai - MPCB",ME,2025-10-18 00:00:00+05:30,68.2,28.9,78.4,0.741,136.0,29.0,50.6,6.34,0.846,True,9
3409483,"Chembur, Mumbai - MPCB",ME,2025-10-19 00:00:00+05:30,89.2,28.6,78.2,0.788,136.0,33.0,46.4,5.05,0.949,True,9
3409483,"Chembur, Mumbai - MPCB",ME,2025-10-20 00:00:00+05:30,90.1,28.5,80.3,0.753,96.00000000000001,31.7,24.5,5.24,1.15,True,9
3409483,"Chembur, Mumbai - MPCB",ME,2025-10-21 00:00:00+05:30,98.7,28.5,76.6,0.788,96.10000000000001,18.5,43.5,10.8,0.831,True,9
3409483,"Chembur, Mumbai - MPCB",ME,2025-10-22 00:00:00+05:30,43.5,28.6,80.1,0.746,96.9,19.5,31.1,3.68,0.775,True,9
3409483,"Chembur, Mumbai - MPCB",ME,2025-10-23 00:00:00+05:30,41.9,29.1,78.0,0.714,102.0,19.1,21.6,15.7,0.733,True,9
3409483,"Chembur, Mumbai - MPCB",ME,2025-10-24 00:00:00+05:30,19.6,29.0,80.2,0.73,129.0,16.4,20.8,17.8,0.405,True,9
3409483,"Chembur, Mumbai - MPCB",ME,2025-10-25 00:00:00+05:30,16.1,28.2,84.6,0.784,130.0,18.3,8.63,28.2,0.176,True,9
3409483,"Chembur, Mumbai - MPCB",ME,2025-10-26 00:00:00+05:30,21.9,27.7,85.5,0.689,90.6,17.2,4.72,7.32,0.138,True,9
3409483,"Chembur, Mumbai - MPCB",ME,2025-10-27 00:00:00+05:30,12.3,27.9,85.6,0.908,142.0,17.9,13.7,32.2,0.151,True,9
3409483,"Chembur, Mumbai - MPCB",ME,2025-10-28 00:00:00+05:30,22.8,28.1,85.1,0.841,134.0,12.1,26.5,20.7,0.137,True,9
3409483,"Chembur, Mumbai - MPCB",ME,2025-10-29 00:00:00+05:30,21.1,28.6,82.9,0.938,143.0,18.0,29.1,45.1,0.206,True,9
3409483,"Chembur, Mumbai - MPCB",ME,2025-10-30 00:00:00+05:30,18.4,27.6,86.3,0.883,144.0,21.2,23.3,56.5,0.261,True,9
3409483,"Chembur, Mumbai - MPCB",ME,2025-10-31 00:00:00+05:30,18.9,27.6,86.4,1.0,139.0,17.8,16.8,19.9,0.299,True,9
3409483,"Chembur, Mumbai - MPCB",ME,2025-11-01 00:00:00+05:30,18.7,28.1,86.4,0.97,170.0,19.8,13.5,,0.359,False,8
3409483,"Chembur, Mumbai - MPCB",ME,2025-11-02 00:00:00+05:30,16.1,27.5,86.5,0.872,163.0,22.3,8.2,59.8,0.4,True,9
3409483,"Chembur, Mumbai - MPCB",ME,2025-11-03 00:00:00+05:30,16.1,27.8,86.0,0.773,139.0,20.7,11.2,4.97,0.497,True,9
3409483,"Chembur, Mumbai - MPCB",ME,2025-11-04 00:00:00+05:30,,27.9,86.4,0.802,126.0,23.6,19.9,5.07,0.399,False,8
3409483,"Chembur, Mumbai - MPCB",ME,2025-11-05 00:00:00+05:30,23.1,27.3,83.8,0.823,117.0,20.3,20.0,1.48,0.42,True,9
3409483,"Chembur, Mumbai - MPCB",ME,2025-11-06 00:00:00+05:30,48.6,27.4,84.2,0.786,108.0,24.4,33.1,3.58,0.553,True,9
3409483,"Chembur, Mumbai - MPCB",ME,2025-11-07 00:00:00+05:30,63.1,27.8,76.4,0.803,107.0,29.7,39.1,13.9,0.718,True,9
3409483,"Chembur, Mumbai - MPCB",ME,2025-11-08 00:00:00+05:30,54.9,26.5,85.8,0.691,66.1,35.7,23.2,1.9,0.55,True,9
3409483,"Chembur, Mumbai - MPCB",ME,2025-11-09 00:00:00+05:30,38.7,27.0,69.3,0.832,113.0,33.4,37.5,6.71,0.566,True,9
3409483,"Chembur, Mumbai - MPCB",ME,2025-11-10 00:00:00+05:30,55.1,25.7,83.7,0.871,79.1,42.2,15.2,3.28,0.824,True,9
3409483,"Chembur, Mumbai - MPCB",ME,2025-11-11 00:00:00+05:30,58.9,26.9,75.1,0.793,103.0,38.5,49.4,3.85,0.818,True,9
3409483,"Chembur, Mumbai - MPCB",ME,2025-11-12 00:00:00+05:30,68.3,27.2,66.4,0.781,70.5,31.8,60.6,4.88,0.762,True,9
3409483,"Chembur, Mumbai - MPCB",ME,2025-11-13 00:00:00+05:30,69.7,27.3,57.5,0.782,91.5,34.5,59.6,4.6,0.89,True,9
3409483,"Chembur, Mumbai - MPCB",ME,2025-11-14 00:00:00+05:30,,27.1,64.3,0.716,109.0,38.5,61.1,5.2,1.03,False,8
3409483,"Chembur, Mumbai - MPCB",ME,2025-11-15 00:00:00+05:30,82.8,26.8,63.6,0.733,149.0,36.7,47.1,4.52,1.05,True,9
3409483,"Chembur, Mumbai - MPCB",ME,2025-11-16 00:00:00+05:30,93.3,27.1,54.8,0.712,114.00000000000001,26.6,61.3,8.55,0.943,True,9
3409483,"Chembur, Mumbai - MPCB",ME,2025-11-17 00:00:00+05:30,61.7,27.6,50.7,0.856,87.3,29.1,80.6,8.99,1.02,True,9
3409483,"Chembur, Mumbai - MPCB",ME,2025-11-18 00:00:00+05:30,75.3,25.3,67.8,0.757,121.0,47.7,36.5,6.84,1.31,True,9
3409483,"Chembur, Mumbai - MPCB",ME,2025-11-19 00:00:00+05:30,56.3,26.5,61.9,0.736,128.0,60.8,53.1,6.98,1.31,True,9
3409483,"Chembur, Mumbai - MPCB",ME,2025-11-20 00:00:00+05:30,49.5,26.8,58.8,0.856,118.00000000000001,59.4,54.7,6.16,1.39,True,9
3409483,"Chembur, Mumbai - MPCB",ME,2025-11-21 00:00:00+05:30,73.2,27.1,64.3,0.704,145.0,69.7,58.3,6.42,1.55,True,9
3409483,"Chembur, Mumbai - MPCB",ME,2025-11-22 00:00:00+05:30,59.6,27.6,68.3,0.796,148.0,68.9,47.4,5.33,1.33,True,9
3409483,"Chembur, Mumbai - MPCB",ME,2025-11-23 00:00:00+05:30,74.5,27.6,76.6,0.795,144.0,62.7,47.4,7.94,0.945,True,9
3409483,"Chembur, Mumbai - MPCB",ME,2025-11-24 00:00:00+05:30,68.3,27.7,76.8,0.846,117.0,57.0,38.9,3.24,0.988,True,9
3409483,"Chembur, Mumbai - MPCB",ME,2025-11-25 00:00:00+05:30,72.5,27.8,78.9,0.792,135.0,52.3,49.0,2.78,0.892,True,9
3409483,"Chembur, Mumbai - MPCB",ME,2025-11-26 00:00:00+05:30,81.5,27.8,77.6,0.878,115.0,50.7,50.4,3.52,0.934,True,9
3409483,"Chembur, Mumbai - MPCB",ME,2025-11-27 00:00:00+05:30,80.2,27.7,74.0,0.804,126.0,43.5,57.5,2.48,0.851,True,9
3409483,"Chembur, Mumbai - MPCB",ME,2025-11-28 00:00:00+05:30,75.5,27.6,74.1,0.695,126.0,50.3,44.9,3.34,0.776,True,9
3409483,"Chembur, Mumbai - MPCB",ME,2025-11-29 00:00:00+05:30,52.2,27.3,65.5,0.895,81.1,44.8,40.6,5.31,0.634,True,9
3409483,"Chembur, Mumbai - MPCB",ME,2025-11-30 00:00:00+05:30,48.7,26.6,55.2,0.829,81.0,54.2,49.4,10.1,0.732,True,9
3409483,"Chembur, Mumbai - MPCB",ME,2025-12-01 00:00:00+05:30,74.8,26.6,61.7,0.736,148.0,63.9,44.1,7.43,0.996,True,9
3409483,"Chembur, Mumbai - MPCB",ME,2025-12-02 00:00:00+05:30,64.5,26.8,66.0,0.858,79.6,60.0,44.3,5.89,1.01,True,9
3409483,"Chembur, Mumbai - MPCB",ME,2025-12-03 00:00:00+05:30,78.2,27.0,64.5,0.797,111.0,59.7,49.7,7.56,1.01,True,9
3409483,"Chembur, Mumbai - MPCB",ME,2025-12-04 00:00:00+05:30,82.3,26.8,61.6,0.744,170.0,59.0,40.8,10.3,1.02,True,9
3409483,"Chembur, Mumbai - MPCB",ME,2025-12-05 00:00:00+05:30,69.4,27.6,58.3,0.747,117.0,52.3,48.3,8.72,0.926,True,9
3409483,"Chembur, Mumbai - MPCB",ME,2025-12-06 00:00:00+05:30,54.7,27.4,60.8,0.672,132.0,50.1,52.4,7.56,0.911,True,9
3409483,"Chembur, Mumbai - MPCB",ME,2025-12-07 00:00:00+05:30,59.0,27.3,65.0,0.785,132.0,49.8,64.1,7.34,0.92,True,9
3409483,"Chembur, Mumbai - MPCB",ME,2025-12-08 00:00:00+05:30,65.1,27.0,66.5,,159.0,73.5,44.8,6.86,1.23,False,8
3409483,"Chembur, Mumbai - MPCB",ME,2025-12-09 00:00:00+05:30,38.0,27.2,47.2,0.874,90.8,57.9,48.2,9.97,0.946,True,9
3409483,"Chembur, Mumbai - MPCB",ME,2025-12-10 00:00:00+05:30,40.7,27.2,45.9,0.805,115.0,60.0,45.5,18.3,0.948,True,9
3409483,"Chembur, Mumbai - MPCB",ME,2025-12-11 00:00:00+05:30,,27.4,44.3,0.642,,49.4,61.1,5.15,0.549,False,7
3409483,"Chembur, Mumbai - MPCB",ME,2025-12-12 00:00:00+05:30,62.3,26.3,53.7,0.849,138.0,72.0,52.0,3.64,0.902,True,9
3409483,"Chembur, Mumbai - MPCB",ME,2025-12-13 00:00:00+05:30,80.3,26.6,56.1,0.866,119.0,69.7,62.9,,0.953,False,8
3409483,"Chembur, Mumbai - MPCB",ME,2025-12-14 00:00:00+05:30,84.3,26.8,53.9,0.877,110.0,57.4,67.2,10.5,0.982,True,9
3409483,"Chembur, Mumbai - MPCB",ME,2025-12-15 00:00:00+05:30,71.1,26.7,52.9,0.866,103.0,53.9,54.8,9.02,0.934,True,9
3409483,"Chembur, Mumbai - MPCB",ME,2025-12-16 00:00:00+05:30,58.6,26.9,53.8,0.881,109.0,46.4,54.1,7.83,0.931,True,9
3409483,"Chembur, Mumbai - MPCB",ME,2025-12-17 00:00:00+05:30,59.7,27.2,56.5,0.833,172.0,62.4,63.5,7.62,0.922,True,9
3409483,"Chembur, Mumbai - MPCB",ME,2025-12-18 00:00:00+05:30,57.5,27.1,55.9,0.781,178.0,65.7,51.3,7.35,0.974,True,9
3409483,"Chembur, Mumbai - MPCB",ME,2025-12-19 00:00:00+05:30,38.0,26.7,54.7,0.825,135.0,56.0,60.0,9.33,0.814,True,9
3409483,"Chembur, Mumbai - MPCB",ME,2025-12-20 00:00:00+05:30,26.3,26.6,53.7,0.814,109.0,55.5,40.1,7.12,0.817,True,9
3409483,"Chembur, Mumbai - MPCB",ME,2025-12-21 00:00:00+05:30,,26.8,48.9,,144.0,50.0,47.4,6.77,0.855,False,7
3409483,"Chembur, Mumbai - MPCB",ME,2025-12-22 00:00:00+05:30,,26.6,50.9,0.838,,57.2,48.5,11.1,1.02,False,7
3409483,"Chembur, Mumbai - MPCB",ME,2025-12-23 00:00:00+05:30,33.6,27.1,50.1,0.986,107.0,47.8,59.3,10.4,0.956,True,9
3409483,"Chembur, Mumbai - MPCB",ME,2025-12-24 00:00:00+05:30,31.6,26.8,50.9,0.95,118.00000000000001,48.8,42.4,8.46,0.946,True,9
3409483,"Chembur, Mumbai - MPCB",ME,2025-12-25 00:00:00+05:30,79.5,26.5,57.2,0.859,140.0,55.3,46.3,8.18,1.14,True,9
3409483,"Chembur, Mumbai - MPCB",ME,2025-12-26 00:00:00+05:30,107.0,26.5,58.6,0.953,122.0,50.6,68.1,9.14,1.26,True,9
3409483,"Chembur, Mumbai - MPCB",ME,2025-12-27 00:00:00+05:30,90.5,26.7,60.6,0.874,156.0,56.4,50.8,6.28,1.32,True,9
3409483,"Chembur, Mumbai - MPCB",ME,2025-12-28 00:00:00+05:30,67.6,26.5,61.1,0.904,156.0,51.3,62.4,8.08,1.31,True,9
3409483,"Chembur, Mumbai - MPCB",ME,2025-12-29 00:00:00+05:30,56.3,26.6,59.7,0.923,160.0,51.9,74.7,9.02,1.02,True,9
3409483,"Chembur, Mumbai - MPCB",ME,2025-12-30 00:00:00+05:30,43.9,26.5,64.6,0.953,147.0,51.9,50.2,10.3,0.829,True,9
3409483,"Chembur, Mumbai - MPCB",ME,2025-12-31 00:00:00+05:30,45.4,26.2,73.2,0.974,152.0,45.8,42.7,7.31,0.784,True,9
3409483,"Chembur, Mumbai - MPCB",ME,2026-01-01 00:00:00+05:30,25.6,26.5,77.9,0.92,188.99999999999997,35.7,19.2,4.49,0.564,True,9
3409483,"Chembur, Mumbai - MPCB",ME,2026-01-02 00:00:00+05:30,,26.3,80.0,0.795,144.0,41.4,22.6,3.08,0.801,False,8
3409483,"Chembur, Mumbai - MPCB",ME,2026-01-03 00:00:00+05:30,26.6,26.6,76.4,0.99,155.0,53.3,23.7,3.81,0.903,True,9
3409483,"Chembur, Mumbai - MPCB",ME,2026-01-04 00:00:00+05:30,42.8,26.9,77.3,0.943,147.0,47.9,25.0,2.88,1.2,True,9
3409483,"Chembur, Mumbai - MPCB",ME,2026-01-05 00:00:00+05:30,35.9,27.5,69.3,0.942,,44.8,36.9,4.54,0.924,False,8
3409483,"Chembur, Mumbai - MPCB",ME,2026-01-06 00:00:00+05:30,35.9,27.0,68.7,0.905,147.0,41.6,34.7,13.9,1.14,True,9
3409483,"Chembur, Mumbai - MPCB",ME,2026-01-07 00:00:00+05:30,39.6,26.7,68.0,0.927,169.0,46.8,42.9,5.34,1.02,True,9
3409483,"Chembur, Mumbai - MPCB",ME,2026-01-08 00:00:00+05:30,31.6,26.5,60.9,0.917,171.0,50.5,36.7,6.03,0.916,True,9
3409483,"Chembur, Mumbai - MPCB",ME,2026-01-09 00:00:00+05:30,31.8,26.5,55.3,0.919,133.0,46.2,46.5,6.32,0.894,True,9
3409483,"Chembur, Mumbai - MPCB",ME,2026-01-10 00:00:00+05:30,31.6,26.7,52.7,0.973,154.0,37.2,54.6,9.32,0.793,True,9
3409483,"Chembur, Mumbai - MPCB",ME,2026-01-20 00:00:00+05:30,43.4,25.4,78.7,0.981,71.4,77.9,4.23,2.67,1.53,True,9
3409483,"Chembur, Mumbai - MPCB",ME,2026-01-21 00:00:00+05:30,44.0,27.8,55.1,1.03,134.0,39.3,44.3,8.06,0.843,True,9
3409483,"Chembur, Mumbai - MPCB",ME,2026-01-22 00:00:00+05:30,51.5,27.1,64.5,0.884,169.0,44.3,33.4,12.0,0.949,True,9
3409483,"Chembur, Mumbai - MPCB",ME,2026-01-23 00:00:00+05:30,41.7,26.5,76.5,0.947,110.0,34.6,18.8,2.63,0.796,True,9
3409483,"Chembur, Mumbai - MPCB",ME,2026-01-24 00:00:00+05:30,32.0,27.1,62.3,,,34.3,37.9,5.83,0.668,False,7
3409483,"Chembur, Mumbai - MPCB",ME,2026-01-25 00:00:00+05:30,45.1,26.4,73.5,0.843,145.0,43.8,27.8,6.16,0.945,True,9
3409483,"Chembur, Mumbai - MPCB",ME,2026-01-26 00:00:00+05:30,54.9,27.3,72.4,0.88,141.0,36.1,36.3,11.4,0.994,True,9
3409483,"Chembur, Mumbai - MPCB",ME,2026-01-27 00:00:00+05:30,34.1,26.6,77.3,0.961,180.0,25.1,27.0,2.22,0.62,True,9
3409483,"Chembur, Mumbai - MPCB",ME,2026-01-28 00:00:00+05:30,26.2,26.3,67.3,0.82,178.0,33.8,28.7,5.28,0.628,True,9
3409483,"Chembur, Mumbai - MPCB",ME,2026-01-29 00:00:00+05:30,38.0,27.0,58.7,0.834,147.0,53.5,28.9,8.43,0.946,True,9
3409483,"Chembur, Mumbai - MPCB",ME,2026-01-30 00:00:00+05:30,49.2,27.5,69.4,0.917,156.0,44.4,24.5,8.38,1.03,True,9
3409483,"Chembur, Mumbai - MPCB",ME,2026-01-31 00:00:00+05:30,45.1,27.1,80.4,0.904,173.0,29.8,21.7,3.4,0.88,True,9
3409483,"Chembur, Mumbai - MPCB",ME,2026-02-01 00:00:00+05:30,51.2,27.3,73.0,0.876,115.0,36.1,31.2,4.63,1.07,True,9
3409483,"Chembur, Mumbai - MPCB",ME,2026-02-02 00:00:00+05:30,63.7,27.5,65.3,0.918,141.0,42.4,35.0,7.97,1.2,True,9
3409483,"Chembur, Mumbai - MPCB",ME,2026-02-03 00:00:00+05:30,61.0,27.3,59.5,0.99,117.0,47.8,30.4,11.8,1.12,True,9
3409483,"Chembur, Mumbai - MPCB",ME,2026-02-04 00:00:00+05:30,55.8,28.8,50.3,0.94,140.0,28.6,50.5,11.7,0.907,True,9
3409483,"Chembur, Mumbai - MPCB",ME,2026-02-05 00:00:00+05:30,52.6,27.8,54.1,0.868,115.0,34.4,28.3,7.32,0.997,True,9
3409483,"Chembur, Mumbai - MPCB",ME,2026-02-06 00:00:00+05:30,49.1,27.9,50.5,0.94,136.0,28.7,34.5,7.73,0.922,True,9
3409483,"Chembur, Mumbai - MPCB",ME,2026-02-07 00:00:00+05:30,46.8,27.7,49.3,0.941,141.0,36.8,34.7,9.54,1.01,True,9
3409483,"Chembur, Mumbai - MPCB",ME,2026-02-08 00:00:00+05:30,41.7,26.5,55.5,0.869,71.3,36.5,26.5,5.93,1.32,True,9
3409483,"Chembur, Mumbai - MPCB",ME,2026-02-09 00:00:00+05:30,48.4,27.2,57.4,0.967,171.0,31.3,36.4,11.2,1.18,True,9
3409483,"Chembur, Mumbai - MPCB",ME,2026-02-10 00:00:00+05:30,42.1,27.1,63.1,1.01,163.0,35.6,33.5,11.9,1.14,True,9
3409483,"Chembur, Mumbai - MPCB",ME,2026-02-11 00:00:00+05:30,40.6,27.5,58.5,0.883,156.0,36.9,32.0,11.3,1.24,True,9
3409483,"Chembur, Mumbai - MPCB",ME,2026-02-12 00:00:00+05:30,44.9,27.8,64.2,0.919,160.0,37.4,31.0,13.3,1.38,True,9
3409483,"Chembur, Mumbai - MPCB",ME,2026-02-13 00:00:00+05:30,49.4,27.6,61.1,0.944,142.0,35.2,36.5,12.6,1.14,True,9
3409483,"Chembur, Mumbai - MPCB",ME,2026-02-14 00:00:00+05:30,52.1,28.0,54.6,0.852,144.0,44.4,42.1,10.9,0.766,True,9
3409483,"Chembur, Mumbai - MPCB",ME,2026-02-15 00:00:00+05:30,47.3,27.1,59.0,,99.8,53.0,16.9,6.32,0.708,False,8
3409483,"Chembur, Mumbai - MPCB",ME,2026-02-16 00:00:00+05:30,40.7,26.4,52.3,,84.5,42.3,21.0,10.6,0.534,False,8
3409483,"Chembur, Mumbai - MPCB",ME,2026-02-17 00:00:00+05:30,31.2,28.2,58.8,1.03,251.0,39.8,42.9,11.7,0.229,True,9
3409483,"Chembur, Mumbai - MPCB",ME,2026-02-18 00:00:00+05:30,18.2,27.5,68.3,0.983,227.0,27.4,23.8,6.36,0.121,True,9
3409483,"Chembur, Mumbai - MPCB",ME,2026-02-19 00:00:00+05:30,39.6,27.5,71.6,0.96,173.0,44.0,31.2,7.36,,False,8
3409483,"Chembur, Mumbai - MPCB",ME,2026-02-20 00:00:00+05:30,55.3,27.8,71.9,0.881,141.0,38.6,28.8,10.8,0.667,True,9
3409483,"Chembur, Mumbai - MPCB",ME,2026-02-21 00:00:00+05:30,58.1,29.0,53.9,0.823,210.0,33.0,46.3,13.3,0.524,True,9
3409483,"Chembur, Mumbai - MPCB",ME,2026-02-23 00:00:00+05:30,41.9,27.7,74.3,0.935,163.0,33.5,35.2,6.94,0.394,True,9
3409483,"Chembur, Mumbai - MPCB",ME,2026-02-24 00:00:00+05:30,41.6,27.7,68.4,0.939,156.0,45.1,24.9,6.11,0.638,True,9
3409483,"Chembur, Mumbai - MPCB",ME,2026-02-25 00:00:00+05:30,33.9,27.5,69.9,0.999,158.0,34.4,20.1,4.68,0.341,True,9
3409483,"Chembur, Mumbai - MPCB",ME,2026-02-26 00:00:00+05:30,20.3,27.1,73.0,1.0,170.0,27.1,12.3,2.21,0.258,True,9
3409483,"Chembur, Mumbai - MPCB",ME,2026-02-27 00:00:00+05:30,14.9,27.1,69.8,0.839,171.0,24.1,13.0,4.78,,False,8
3409483,"Chembur, Mumbai - MPCB",ME,2026-02-28 00:00:00+05:30,14.3,27.0,66.8,0.93,158.0,22.3,15.7,3.8,,False,8
3409483,"Chembur, Mumbai - MPCB",ME,2026-03-01 00:00:00+05:30,19.7,27.1,69.2,0.958,155.0,25.2,20.1,4.24,0.472,True,9
3409483,"Chembur, Mumbai - MPCB",ME,2026-03-02 00:00:00+05:30,21.9,27.3,71.7,0.964,159.0,29.1,16.6,2.78,0.634,True,9
3409483,"Chembur, Mumbai - MPCB",ME,2026-03-03 00:00:00+05:30,68.5,27.9,69.2,0.98,159.0,35.4,30.7,3.87,1.57,True,9
3409483,"Chembur, Mumbai - MPCB",ME,2026-03-04 00:00:00+05:30,33.8,29.2,54.0,0.842,125.00000000000001,31.5,47.0,4.96,0.708,True,9
3409483,"Chembur, Mumbai - MPCB",ME,2026-03-05 00:00:00+05:30,25.9,29.2,42.7,0.865,125.00000000000001,34.2,52.0,6.37,0.62,True,9
3409483,"Chembur, Mumbai - MPCB",ME,2026-03-06 00:00:00+05:30,26.7,28.6,48.7,0.904,147.0,35.8,45.0,8.06,0.66,True,9
3409483,"Chembur, Mumbai - MPCB",ME,2026-03-07 00:00:00+05:30,24.1,27.8,71.8,0.833,118.00000000000001,34.2,25.8,3.99,0.667,True,9
3409483,"Chembur, Mumbai - MPCB",ME,2026-03-08 00:00:00+05:30,39.5,28.9,59.8,0.931,151.0,34.7,65.5,10.8,0.872,True,9
3409483,"Chembur, Mumbai - MPCB",ME,2026-03-09 00:00:00+05:30,38.9,29.6,41.8,0.848,129.0,40.2,58.7,17.4,0.959,True,9
3409483,"Chembur, Mumbai - MPCB",ME,2026-03-10 00:00:00+05:30,40.2,29.8,43.7,0.935,170.0,44.9,61.3,10.3,0.903,True,9
3409483,"Chembur, Mumbai - MPCB",ME,2026-03-11 00:00:00+05:30,40.8,28.5,71.7,1.01,145.0,33.1,18.7,10.7,0.783,True,9
3409483,"Chembur, Mumbai - MPCB",ME,2026-03-12 00:00:00+05:30,35.9,28.6,77.3,0.862,157.0,28.3,13.7,1.63,0.754,True,9
3409483,"Chembur, Mumbai - MPCB",ME,2026-03-13 00:00:00+05:30,34.4,28.9,60.0,0.843,151.0,31.1,28.3,4.29,0.743,True,9
3409483,"Chembur, Mumbai - MPCB",ME,2026-03-14 00:00:00+05:30,26.0,28.6,62.4,0.943,153.0,34.4,17.4,4.27,0.672,True,9
3409483,"Chembur, Mumbai - MPCB",ME,2026-03-15 00:00:00+05:30,20.5,28.1,72.1,0.914,173.0,20.6,11.8,1.52,0.442,True,9
3409483,"Chembur, Mumbai - MPCB",ME,2026-03-16 00:00:00+05:30,15.9,28.0,73.0,0.895,178.0,18.8,10.4,1.8,0.452,True,9
3409483,"Chembur, Mumbai - MPCB",ME,2026-03-17 00:00:00+05:30,17.5,27.8,73.2,0.842,149.0,21.0,13.9,2.38,0.563,True,9
3409483,"Chembur, Mumbai - MPCB",ME,2026-03-18 00:00:00+05:30,20.3,27.6,70.7,0.954,149.0,29.2,13.5,13.9,0.67,True,9
3409483,"Chembur, Mumbai - MPCB",ME,2026-03-19 00:00:00+05:30,14.2,27.6,71.1,0.863,173.0,22.9,10.8,1.73,0.711,True,9
3409483,"Chembur, Mumbai - MPCB",ME,2026-03-20 00:00:00+05:30,14.9,26.4,78.3,0.85,123.00000000000001,16.3,9.92,6.86,0.639,True,9
3409483,"Chembur, Mumbai - MPCB",ME,2026-03-21 00:00:00+05:30,12.0,25.9,86.2,1.01,82.60000000000001,37.0,1.02,3.72,1.22,True,9
3409483,"Chembur, Mumbai - MPCB",ME,2026-03-23 00:00:00+05:30,30.8,30.1,44.6,0.836,188.99999999999997,34.4,62.3,10.1,1.06,True,9
3409483,"Chembur, Mumbai - MPCB",ME,2026-03-24 00:00:00+05:30,31.2,29.1,58.1,0.876,154.0,34.3,33.8,6.19,1.09,True,9
3409483,"Chembur, Mumbai - MPCB",ME,2026-03-25 00:00:00+05:30,16.6,28.8,65.3,0.866,165.0,27.7,25.9,4.03,0.933,True,9
3409483,"Chembur, Mumbai - MPCB",ME,2026-03-26 00:00:00+05:30,4.83,29.3,62.4,0.82,166.0,28.9,34.2,7.4,1.03,True,9
3409483,"Chembur, Mumbai - MPCB",ME,2026-03-27 00:00:00+05:30,22.4,29.5,59.1,0.861,174.0,34.1,33.8,7.89,1.06,True,9
3409483,"Chembur, Mumbai - MPCB",ME,2026-03-28 00:00:00+05:30,17.6,28.6,75.0,0.886,181.0,27.2,14.7,4.55,0.771,True,9
3409483,"Chembur, Mumbai - MPCB",ME,2026-03-29 00:00:00+05:30,9.65,28.4,75.1,0.856,193.99999999999997,15.0,9.13,7.84,0.752,True,9
3409483,"Chembur, Mumbai - MPCB",ME,2026-03-30 00:00:00+05:30,10.7,28.6,75.3,0.859,193.99999999999997,14.5,13.9,5.51,0.787,True,9
3409483,"Chembur, Mumbai - MPCB",ME,2026-03-31 00:00:00+05:30,7.0,28.7,71.8,0.723,197.99999999999997,12.1,11.8,3.88,0.756,True,9
3409483,"Chembur, Mumbai - MPCB",ME,2026-04-01 00:00:00+05:30,17.0,28.3,72.7,0.799,183.99999999999997,15.9,16.0,4.31,0.794,True,9
3409483,"Chembur, Mumbai - MPCB",ME,2026-04-02 00:00:00+05:30,21.0,28.0,71.9,0.864,169.0,17.5,23.8,4.49,0.86,True,9
3409483,"Chembur, Mumbai - MPCB",ME,2026-04-03 00:00:00+05:30,30.0,28.2,69.6,0.849,176.0,20.1,22.2,6.34,0.986,True,9
3409483,"Chembur, Mumbai - MPCB",ME,2026-04-04 00:00:00+05:30,20.9,28.2,72.3,0.86,174.0,18.1,13.5,5.11,0.874,True,9
3409483,"Chembur, Mumbai - MPCB",ME,2026-04-05 00:00:00+05:30,20.9,28.0,68.9,0.902,177.0,20.5,23.1,5.15,0.838,True,9
3409483,"Chembur, Mumbai - MPCB",ME,2026-04-06 00:00:00+05:30,18.4,27.8,68.6,0.921,169.0,22.5,29.6,4.67,0.862,True,9
3409483,"Chembur, Mumbai - MPCB",ME,2026-04-07 00:00:00+05:30,17.9,28.2,71.9,0.749,158.0,19.4,21.2,3.82,0.909,True,9
3409483,"Chembur, Mumbai - MPCB",ME,2026-04-08 00:00:00+05:30,17.2,28.6,74.1,0.827,173.0,16.4,8.66,3.48,0.908,True,9
3409483,"Chembur, Mumbai - MPCB",ME,2026-04-09 00:00:00+05:30,21.1,28.6,66.6,0.826,161.0,20.3,11.6,3.47,1.01,True,9
3409483,"Chembur, Mumbai - MPCB",ME,2026-04-10 00:00:00+05:30,31.9,28.5,61.9,0.96,159.0,29.3,24.2,5.15,1.23,True,9
3409483,"Chembur, Mumbai - MPCB",ME,2026-04-11 00:00:00+05:30,36.0,29.1,70.4,0.883,166.0,20.6,44.0,5.55,1.17,True,9
3409483,"Chembur, Mumbai - MPCB",ME,2026-04-12 00:00:00+05:30,34.2,28.9,74.2,0.93,174.0,20.3,32.6,3.75,1.23,True,9
3409483,"Chembur, Mumbai - MPCB",ME,2026-04-13 00:00:00+05:30,28.8,28.7,78.5,0.975,161.0,15.8,19.0,3.4,1.09,True,9
3409483,"Chembur, Mumbai - MPCB",ME,2026-04-14 00:00:00+05:30,32.6,29.0,73.2,0.954,147.0,19.1,25.7,4.95,1.19,True,9
3409483,"Chembur, Mumbai - MPCB",ME,2026-04-15 00:00:00+05:30,20.6,28.9,71.5,0.895,156.0,15.9,23.5,3.85,1.11,True,9
3409483,"Chembur, Mumbai - MPCB",ME,2026-04-16 00:00:00+05:30,18.3,28.2,75.6,0.903,150.0,14.4,24.4,3.37,0.781,True,9
3409483,"Chembur, Mumbai - MPCB",ME,2026-04-17 00:00:00+05:30,19.8,28.5,77.0,,,18.7,23.4,4.62,0.413,False,7
3409483,"Chembur, Mumbai - MPCB",ME,2026-04-18 00:00:00+05:30,23.0,29.1,73.4,0.78,142.0,21.0,23.4,4.41,0.503,True,9
3409483,"Chembur, Mumbai - MPCB",ME,2026-04-19 00:00:00+05:30,26.0,29.1,68.7,0.86,186.99999999999997,19.1,26.8,11.9,0.47,True,9
3409483,"Chembur, Mumbai - MPCB",ME,2026-04-20 00:00:00+05:30,22.9,28.8,75.3,0.906,180.0,16.5,24.0,7.65,0.424,True,9
3409483,"Chembur, Mumbai - MPCB",ME,2026-04-21 00:00:00+05:30,28.6,29.1,70.4,0.802,160.0,22.9,30.5,5.79,0.578,True,9
3409483,"Chembur, Mumbai - MPCB",ME,2026-04-22 00:00:00+05:30,25.8,30.1,71.5,0.852,159.0,23.3,23.6,6.48,0.534,True,9
3409483,"Chembur, Mumbai - MPCB",ME,2026-04-23 00:00:00+05:30,27.5,31.8,64.2,0.803,176.0,29.2,38.2,6.45,0.685,True,9
3409483,"Chembur, Mumbai - MPCB",ME,2026-04-24 00:00:00+05:30,27.4,32.1,70.7,0.815,192.0,27.2,21.8,5.81,0.645,True,9
3409483,"Chembur, Mumbai - MPCB",ME,2026-04-25 00:00:00+05:30,31.0,32.2,67.4,0.91,178.0,28.9,33.2,4.73,0.749,True,9
3409483,"Chembur, Mumbai - MPCB",ME,2026-04-26 00:00:00+05:30,29.8,31.7,72.8,0.956,195.99999999999997,22.3,16.5,3.57,0.614,True,9
3409483,"Chembur, Mumbai - MPCB",ME,2026-04-27 00:00:00+05:30,20.7,31.1,79.3,1.03,165.0,12.8,12.2,5.04,0.512,True,9
3409483,"Chembur, Mumbai - MPCB",ME,2026-04-28 00:00:00+05:30,23.0,30.7,77.8,0.939,135.0,15.5,22.8,5.6,0.552,True,9
3409483,"Chembur, Mumbai - MPCB",ME,2026-04-30 00:00:00+05:30,20.1,32.1,71.9,1.23,179.0,10.0,33.2,10.9,0.576,True,9
3409483,"Chembur, Mumbai - MPCB",ME,2026-05-01 00:00:00+05:30,18.8,31.3,74.6,1.2,177.0,9.56,28.3,14.3,0.574,True,9
3409483,"Chembur, Mumbai - MPCB",ME,2026-05-02 00:00:00+05:30,17.9,31.3,76.3,1.01,172.0,11.8,26.8,22.1,0.583,True,9
3409483,"Chembur, Mumbai - MPCB",ME,2026-05-03 00:00:00+05:30,19.4,31.6,76.6,1.17,183.99999999999997,9.91,30.0,23.1,0.63,True,9
3409483,"Chembur, Mumbai - MPCB",ME,2026-05-04 00:00:00+05:30,18.1,31.8,72.1,1.12,179.0,12.0,21.1,39.2,0.62,True,9
3409483,"Chembur, Mumbai - MPCB",ME,2026-05-05 00:00:00+05:30,18.4,32.0,71.1,0.86,197.99999999999997,14.3,21.8,26.8,0.642,True,9
3409483,"Chembur, Mumbai - MPCB",ME,2026-05-06 00:00:00+05:30,21.8,33.0,64.1,1.1,284.0,15.6,43.8,4.16,0.669,True,9
3409483,"Chembur, Mumbai - MPCB",ME,2026-05-07 00:00:00+05:30,22.8,32.0,72.3,0.795,184.99999999999997,16.2,36.4,2.92,0.77,True,9
3409483,"Chembur, Mumbai - MPCB",ME,2026-05-08 00:00:00+05:30,25.3,32.3,72.7,0.839,162.0,21.2,50.5,2.54,0.537,True,9
3409483,"Chembur, Mumbai - MPCB",ME,2026-05-09 00:00:00+05:30,24.2,32.6,69.2,0.859,162.0,27.2,42.3,3.66,0.358,True,9
3409483,"Chembur, Mumbai - MPCB",ME,2026-05-10 00:00:00+05:30,27.5,32.3,71.1,0.883,197.0,23.0,52.3,2.56,0.468,True,9
3409483,"Chembur, Mumbai - MPCB",ME,2026-05-11 00:00:00+05:30,24.8,32.8,70.7,0.82,165.0,25.1,47.7,2.37,0.373,True,9
3409483,"Chembur, Mumbai - MPCB",ME,2026-05-12 00:00:00+05:30,21.4,32.0,75.1,0.822,192.99999999999997,16.2,24.9,2.06,0.344,True,9
3409483,"Chembur, Mumbai - MPCB",ME,2026-05-13 00:00:00+05:30,17.3,32.0,76.3,0.896,190.0,13.3,24.7,2.08,0.338,True,9
3409483,"Chembur, Mumbai - MPCB",ME,2026-05-14 00:00:00+05:30,17.7,32.0,75.8,0.843,194.99999999999997,21.6,24.7,2.02,0.36,True,9
3409483,"Chembur, Mumbai - MPCB",ME,2026-05-15 00:00:00+05:30,17.4,31.8,75.3,0.765,206.99999999999997,16.9,22.1,2.09,0.367,True,9
3409483,"Chembur, Mumbai - MPCB",ME,2026-05-16 00:00:00+05:30,14.5,31.8,75.7,0.765,221.99999999999997,13.8,20.3,2.96,0.379,True,9
3409483,"Chembur, Mumbai - MPCB",ME,2026-05-17 00:00:00+05:30,12.4,30.9,81.8,0.62,135.0,11.0,19.8,2.53,0.351,True,9
3409483,"Chembur, Mumbai - MPCB",ME,2026-05-18 00:00:00+05:30,15.6,32.4,73.7,0.743,246.0,15.4,34.4,2.53,0.45,True,9
3409483,"Chembur, Mumbai - MPCB",ME,2026-05-19 00:00:00+05:30,15.9,31.2,76.4,0.765,158.0,18.1,23.4,2.7,0.433,True,9
3409483,"Chembur, Mumbai - MPCB",ME,2026-05-20 00:00:00+05:30,14.9,31.5,73.5,0.878,161.0,16.8,17.6,2.66,0.448,True,9
3409483,"Chembur, Mumbai - MPCB",ME,2026-05-21 00:00:00+05:30,11.4,32.1,72.7,0.801,185.99999999999997,15.0,18.0,2.53,0.468,True,9
3409483,"Chembur, Mumbai - MPCB",ME,2026-05-22 00:00:00+05:30,12.3,32.4,74.0,0.834,163.0,14.7,18.9,1.73,0.507,True,9
3409483,"Chembur, Mumbai - MPCB",ME,2026-05-23 00:00:00+05:30,10.8,32.6,75.7,0.785,197.99999999999997,13.6,15.9,2.08,0.554,True,9
3409483,"Chembur, Mumbai - MPCB",ME,2026-05-24 00:00:00+05:30,10.1,32.9,75.4,0.855,214.0,14.6,15.4,2.03,0.548,True,9
3409483,"Chembur, Mumbai - MPCB",ME,2026-05-25 00:00:00+05:30,12.0,32.6,74.5,0.818,197.0,22.1,13.9,2.2,0.548,True,9
3409483,"Chembur, Mumbai - MPCB",ME,2026-05-26 00:00:00+05:30,13.8,32.5,72.8,0.763,230.99999999999997,24.5,15.1,1.87,0.573,True,9
3409483,"Chembur, Mumbai - MPCB",ME,2026-05-27 00:00:00+05:30,12.8,32.4,70.8,0.656,210.99999999999997,23.6,12.5,1.83,0.595,True,9
3409483,"Chembur, Mumbai - MPCB",ME,2026-05-28 00:00:00+05:30,15.4,32.7,70.1,0.795,193.99999999999997,17.7,15.6,1.97,0.588,True,9
3409483,"Chembur, Mumbai - MPCB",ME,2026-05-29 00:00:00+05:30,14.0,32.8,65.1,0.993,203.0,10.4,15.5,0.423,0.65,True,9
3409483,"Chembur, Mumbai - MPCB",ME,2026-05-30 00:00:00+05:30,16.2,33.2,67.1,0.956,216.0,11.2,15.0,,0.704,False,8
3409483,"Chembur, Mumbai - MPCB",ME,2026-05-31 00:00:00+05:30,16.1,32.4,73.5,0.802,194.99999999999997,15.0,13.0,0.273,0.75,True,9
3409483,"Chembur, Mumbai - MPCB",ME,2026-06-01 00:00:00+05:30,14.1,32.6,72.3,0.744,185.99999999999997,16.0,13.7,0.675,0.762,True,9
3409483,"Chembur, Mumbai - MPCB",ME,2026-06-02 00:00:00+05:30,16.7,32.5,72.9,0.84,156.0,16.3,13.2,2.89,0.789,True,9
3409483,"Chembur, Mumbai - MPCB",ME,2026-06-03 00:00:00+05:30,16.7,31.8,69.6,0.883,170.0,19.2,22.5,,0.816,False,8
3409483,"Chembur, Mumbai - MPCB",ME,2026-06-04 00:00:00+05:30,15.8,32.4,70.9,1.02,169.0,12.9,17.2,,0.843,False,8
3409483,"Chembur, Mumbai - MPCB",ME,2026-06-05 00:00:00+05:30,17.6,32.7,75.9,0.728,193.99999999999997,15.1,13.6,,0.905,False,8
3409483,"Chembur, Mumbai - MPCB",ME,2026-06-06 00:00:00+05:30,17.4,33.1,71.4,0.665,181.0,17.3,15.8,1.69,0.917,True,9
3409483,"Chembur, Mumbai - MPCB",ME,2026-06-07 00:00:00+05:30,16.4,33.0,72.7,,197.0,19.3,,2.13,0.953,False,7
3409483,"Chembur, Mumbai - MPCB",ME,2026-06-08 00:00:00+05:30,18.0,31.9,80.1,0.54,182.99999999999997,28.7,0.0,1.6,1.81,True,9
3409483,"Chembur, Mumbai - MPCB",ME,2026-06-09 00:00:00+05:30,15.4,33.5,70.9,0.702,233.0,15.2,34.2,22.2,0.552,True,9
3409483,"Chembur, Mumbai - MPCB",ME,2026-06-10 00:00:00+05:30,17.6,32.7,73.2,0.656,217.0,11.7,,1.58,0.235,False,8
3409483,"Chembur, Mumbai - MPCB",ME,2026-06-11 00:00:00+05:30,16.4,32.9,65.8,0.921,203.99999999999997,6.62,10.3,1.45,0.223,True,9
3409483,"Chembur, Mumbai - MPCB",ME,2026-06-12 00:00:00+05:30,15.8,32.9,66.4,1.1,208.99999999999997,7.09,9.82,1.85,0.211,True,9
3409483,"Chembur, Mumbai - MPCB",ME,2026-06-13 00:00:00+05:30,14.7,32.9,66.6,0.724,237.0,12.5,9.71,1.31,0.24,True,9
3409483,"Chembur, Mumbai - MPCB",ME,2026-06-14 00:00:00+05:30,14.8,32.7,65.6,0.695,243.99999999999994,16.0,10.1,1.8,0.234,True,9
3409483,"Chembur, Mumbai - MPCB",ME,2026-06-15 00:00:00+05:30,15.0,32.8,65.3,,,19.0,11.2,1.64,0.237,False,7
3409483,"Chembur, Mumbai - MPCB",ME,2026-06-16 00:00:00+05:30,15.2,32.5,68.2,0.696,203.99999999999997,15.9,11.6,1.71,0.268,True,9
3409483,"Chembur, Mumbai - MPCB",ME,2026-06-17 00:00:00+05:30,14.2,32.5,65.3,0.625,199.0,15.7,9.64,1.34,0.274,True,9
3409483,"Chembur, Mumbai - MPCB",ME,2026-06-18 00:00:00+05:30,13.9,32.2,66.7,,,11.9,,1.7,0.265,False,6
3409483,"Chembur, Mumbai - MPCB",ME,2026-06-19 00:00:00+05:30,12.8,32.1,63.7,0.827,162.0,9.55,8.06,5.11,0.26,True,9
3409483,"Chembur, Mumbai - MPCB",ME,2026-06-20 00:00:00+05:30,12.2,32.1,66.9,,,11.3,32.0,1.85,0.277,False,7
3409483,"Chembur, Mumbai - MPCB",ME,2026-06-21 00:00:00+05:30,12.9,31.4,73.2,,,11.5,20.2,1.98,0.3,False,7
3409483,"Chembur, Mumbai - MPCB",ME,2026-06-22 00:00:00+05:30,10.5,31.7,75.1,1.07,163.0,8.17,19.8,13.0,0.284,True,9
3409483,"Chembur, Mumbai - MPCB",ME,2026-06-23 00:00:00+05:30,9.69,28.6,86.4,0.79,,16.0,14.3,2.53,0.53,False,8
3409483,"Chembur, Mumbai - MPCB",ME,2026-06-25 00:00:00+05:30,9.61,29.5,86.2,0.731,181.99999999999997,12.2,18.3,8.67,0.618,True,9
3409483,"Chembur, Mumbai - MPCB",ME,2026-06-26 00:00:00+05:30,11.8,30.4,86.2,0.844,158.0,11.8,20.9,10.6,0.766,True,9
3409483,"Chembur, Mumbai - MPCB",ME,2026-06-27 00:00:00+05:30,13.8,31.0,83.5,,,13.9,22.3,9.54,,False,6
3409483,"Chembur, Mumbai - MPCB",ME,2026-06-28 00:00:00+05:30,12.1,30.1,85.9,0.702,175.0,13.4,15.8,3.13,,False,8
3409483,"Chembur, Mumbai - MPCB",ME,2026-06-29 00:00:00+05:30,10.1,28.3,82.5,0.681,135.0,12.9,11.3,11.9,0.497,True,9
3409483,"Chembur, Mumbai - MPCB",ME,2026-06-30 00:00:00+05:30,12.6,27.9,84.2,0.783,161.0,16.3,6.28,45.2,0.451,True,9
3409483,"Chembur, Mumbai - MPCB",ME,2026-07-01 00:00:00+05:30,8.38,26.6,75.1,0.8,163.0,13.3,10.6,7.66,0.443,True,9
3409483,"Chembur, Mumbai - MPCB",ME,2026-07-02 00:00:00+05:30,9.22,38.2,79.5,0.719,167.0,16.0,6.67,7.22,0.441,True,9
3409483,"Chembur, Mumbai - MPCB",ME,2026-07-03 00:00:00+05:30,8.14,30.6,67.3,0.623,146.0,17.9,6.41,1.1,0.297,True,9
3409483,"Chembur, Mumbai - MPCB",ME,2026-07-04 00:00:00+05:30,8.71,32.6,73.0,0.753,152.0,14.6,11.8,1.26,0.313,True,9
3409483,"Chembur, Mumbai - MPCB",ME,2026-07-05 00:00:00+05:30,11.7,27.0,39.5,0.806,192.0,14.4,20.8,1.21,0.254,True,9
3409483,"Chembur, Mumbai - MPCB",ME,2026-07-06 00:00:00+05:30,11.5,16.4,11.9,0.888,224.0,14.1,20.3,1.22,0.251,True,9
3409483,"Chembur, Mumbai - MPCB",ME,2026-07-07 00:00:00+05:30,16.2,5.9,33.6,0.986,215.0,12.5,5.77,1.14,0.307,True,9
3409483,"Chembur, Mumbai - MPCB",ME,2026-07-08 00:00:00+05:30,12.8,3.83,33.1,0.813,206.99999999999997,12.7,3.48,1.13,0.335,True,9
3409483,"Chembur, Mumbai - MPCB",ME,2026-07-09 00:00:00+05:30,15.8,2.04,14.7,1.13,182.99999999999997,8.08,5.99,9.54,0.273,True,9
3409483,"Chembur, Mumbai - MPCB",ME,2026-07-10 00:00:00+05:30,12.0,0.902,26.2,0.966,197.99999999999997,8.78,9.48,0.839,0.271,True,9
3409483,"Chembur, Mumbai - MPCB",ME,2026-07-11 00:00:00+05:30,10.0,0.343,10.9,1.23,192.0,5.81,3.24,0.488,0.245,True,9
3409483,"Chembur, Mumbai - MPCB",ME,2026-07-13 00:00:00+05:30,10.8,,11.4,1.32,181.0,7.14,13.0,0.471,0.321,False,8
3409483,"Chembur, Mumbai - MPCB",ME,2026-07-14 00:00:00+05:30,10.8,,6.19,1.19,182.99999999999997,6.65,10.9,0.758,0.335,False,8
3409483,"Chembur, Mumbai - MPCB",ME,2026-07-15 00:00:00+05:30,10.6,,7.45,1.14,185.99999999999997,6.98,4.13,0.564,0.377,False,8
3409483,"Chembur, Mumbai - MPCB",ME,2026-07-16 00:00:00+05:30,12.6,,7.27,0.997,183.99999999999997,8.21,4.88,0.643,0.418,False,8
3409483,"Chembur, Mumbai - MPCB",ME,2026-07-17 00:00:00+05:30,15.3,,29.0,0.722,183.99999999999997,11.3,4.22,0.595,0.471,False,8
3409483,"Chembur, Mumbai - MPCB",ME,2026-07-18 00:00:00+05:30,12.2,29.0,29.7,0.67,178.0,12.4,17.9,0.498,0.53,True,9
3409483,"Chembur, Mumbai - MPCB",ME,2026-07-19 00:00:00+05:30,11.3,29.5,22.2,0.912,162.0,9.26,,0.99,0.329,False,8
3409483,"Chembur, Mumbai - MPCB",ME,2026-07-20 00:00:00+05:30,13.4,32.8,39.1,0.842,179.0,10.9,,0.944,0.113,False,8
3409483,"Chembur, Mumbai - MPCB",ME,2026-07-21 00:00:00+05:30,8.81,34.4,40.7,1.23,186.99999999999997,6.26,,2.2,0.113,False,8
3409483,"Chembur, Mumbai - MPCB",ME,2026-07-22 00:00:00+05:30,8.13,28.8,40.1,1.43,190.99999999999997,6.29,20.1,0.639,0.164,True,9
3409483,"Chembur, Mumbai - MPCB",ME,2026-07-23 00:00:00+05:30,10.2,28.9,50.6,1.53,190.99999999999997,5.11,19.9,0.225,0.183,True,9
3409483,"Chembur, Mumbai - MPCB",ME,2026-07-24 00:00:00+05:30,8.62,31.7,51.5,1.5,193.99999999999997,4.67,20.0,0.923,0.194,True,9
3409483,"Chembur, Mumbai - MPCB",ME,2026-07-25 00:00:00+05:30,10.6,29.7,48.0,1.21,183.99999999999997,6.75,20.0,1.09,0.257,True,9
3409483,"Chembur, Mumbai - MPCB",ME,2026-07-26 00:00:00+05:30,12.2,,64.1,0.913,176.0,8.63,20.0,1.0,0.299,False,8
3409483,"Chembur, Mumbai - MPCB",ME,2026-07-27 00:00:00+05:30,12.4,,64.9,0.595,171.0,12.8,20.0,0.933,0.397,False,8
3409483,"Chembur, Mumbai - MPCB",ME,2026-07-28 00:00:00+05:30,12.2,,66.2,0.759,186.99999999999997,11.7,20.1,0.975,0.373,False,8
3409483,"Chembur, Mumbai - MPCB",ME,2026-07-29 00:00:00+05:30,12.5,,67.9,0.902,212.99999999999997,12.3,19.9,0.88,0.451,False,8
3409483,"Chembur, Mumbai - MPCB",ME,2026-07-30 00:00:00+05:30,11.8,0.22,67.1,0.628,224.0,15.6,20.1,1.09,0.504,True,9
3409483,"Chembur, Mumbai - MPCB",ME,2026-07-31 00:00:00+05:30,13.5,,66.9,0.777,266.0,12.2,20.0,0.909,0.404,False,8
3409483,"Chembur, Mumbai - MPCB",ME,2026-08-01 00:00:00+05:30,15.8,0.69,67.9,1.27,197.0,6.92,19.9,1.86,0.446,True,9
3409483,"Chembur, Mumbai - MPCB",ME,2026-08-02 00:00:00+05:30,8.58,,68.7,0.883,186.99999999999997,7.29,19.7,0.874,0.476,False,8
3409483,"Chembur, Mumbai - MPCB",ME,2026-08-03 00:00:00+05:30,11.8,29.1,70.1,0.682,259.0,11.2,20.0,1.55,0.496,True,9
3409483,"Chembur, Mumbai - MPCB",ME,2026-08-04 00:00:00+05:30,200.0,34.4,73.5,0.69,126.0,15.8,20.2,7.24,0.0,True,9
3409483,"Chembur, Mumbai - MPCB",ME,2026-08-05 00:00:00+05:30,10.0,28.4,76.8,0.839,151.0,10.0,20.0,3.16,0.117,True,9
3409483,"Chembur, Mumbai - MPCB",ME,2026-08-06 00:00:00+05:30,12.9,21.0,78.3,0.643,203.99999999999997,12.5,21.5,1.13,0.277,True,9
3409483,"Chembur, Mumbai - MPCB",ME,2026-08-07 00:00:00+05:30,14.2,23.8,76.8,0.696,212.99999999999997,11.6,20.0,1.3,0.269,True,9
3409483,"Chembur, Mumbai - MPCB",ME,2026-08-08 00:00:00+05:30,10.6,22.5,76.8,0.587,215.0,11.8,21.6,0.996,0.253,True,9
3409483,"Chembur, Mumbai - MPCB",ME,2026-08-09 00:00:00+05:30,11.4,9.19,75.5,0.547,190.0,9.81,20.0,1.3,0.292,True,9
3409483,"Chembur, Mumbai - MPCB",ME,2026-08-10 00:00:00+05:30,10.7,17.7,75.6,0.771,188.0,7.59,22.7,1.38,0.324,True,9
3409483,"Chembur, Mumbai - MPCB",ME,2026-08-11 00:00:00+05:30,9.22,36.8,83.0,0.587,170.0,9.12,,1.13,0.562,False,8
3409483,"Chembur, Mumbai - MPCB",ME,2026-08-12 00:00:00+05:30,11.1,38.9,82.5,0.625,167.0,9.73,,1.05,0.549,False,8
3409483,"Chembur, Mumbai - MPCB",ME,2026-08-13 00:00:00+05:30,9.28,40.8,79.5,0.861,162.0,7.82,,1.3,0.614,False,8
3409483,"Chembur, Mumbai - MPCB",ME,2026-08-14 00:00:00+05:30,9.85,42.3,78.1,0.664,172.0,9.4,,0.721,0.606,False,8
3409483,"Chembur, Mumbai - MPCB",ME,2026-08-15 00:00:00+05:30,11.3,44.1,78.6,0.721,134.0,8.54,,4.66,0.638,False,8
3409483,"Chembur, Mumbai - MPCB",ME,2026-08-16 00:00:00+05:30,8.53,42.2,79.6,0.88,163.0,6.63,,1.09,0.616,False,8
3409483,"Chembur, Mumbai - MPCB",ME,2026-08-17 00:00:00+05:30,9.68,42.5,79.8,0.906,186.99999999999997,6.05,,1.41,0.638,False,8
3409483,"Chembur, Mumbai - MPCB",ME,2026-08-18 00:00:00+05:30,11.1,35.5,82.0,0.736,224.99999999999997,8.53,,0.82,0.667,False,8
3409483,"Chembur, Mumbai - MPCB",ME,2026-08-19 00:00:00+05:30,9.15,15.3,79.5,0.557,195.99999999999997,9.83,,1.07,0.701,False,8
3409483,"Chembur, Mumbai - MPCB",ME,2026-08-20 00:00:00+05:30,9.37,36.8,78.1,0.555,247.0,10.5,,1.34,0.706,False,8
3409483,"Chembur, Mumbai - MPCB",ME,2026-08-21 00:00:00+05:30,9.01,35.5,77.7,0.56,215.0,10.1,13.3,1.56,0.714,True,9
3409483,"Chembur, Mumbai - MPCB",ME,2026-08-22 00:00:00+05:30,10.2,29.9,81.0,0.701,193.99999999999997,8.28,12.2,1.55,0.735,True,9
3409483,"Chembur, Mumbai - MPCB",ME,2026-08-23 00:00:00+05:30,9.42,29.8,82.7,0.705,181.99999999999997,8.38,,1.07,0.769,False,8
3409483,"Chembur, Mumbai - MPCB",ME,2026-08-24 00:00:00+05:30,9.12,29.4,83.2,0.647,160.0,8.01,,1.41,0.799,False,8
3409483,"Chembur, Mumbai - MPCB",ME,2026-08-25 00:00:00+05:30,11.5,27.2,84.2,0.583,184.99999999999997,10.4,,1.07,0.791,False,8
3409483,"Chembur, Mumbai - MPCB",ME,2026-08-26 00:00:00+05:30,11.3,31.1,79.7,0.598,192.0,10.2,,1.33,0.803,False,8
3409483,"Chembur, Mumbai - MPCB",ME,2026-08-27 00:00:00+05:30,10.4,,75.0,0.618,194.99999999999997,8.52,,1.74,0.815,False,7
3409483,"Chembur, Mumbai - MPCB",ME,2026-08-28 00:00:00+05:30,4.66,,75.4,0.79,182.99999999999997,7.21,36.8,2.13,0.1,False,8
3409483,"Chembur, Mumbai - MPCB",ME,2026-08-29 00:00:00+05:30,7.31,,75.4,0.615,182.99999999999997,10.4,7.42,1.67,0.0807,False,8
3409483,"Chembur, Mumbai - MPCB",ME,2026-08-31 00:00:00+05:30,7.46,32.8,76.6,0.595,230.0,10.9,15.7,1.56,0.17,True,9
3409483,"Chembur, Mumbai - MPCB",ME,2026-09-01 00:00:00+05:30,7.51,33.8,76.9,0.668,181.99999999999997,8.86,13.6,1.14,0.223,True,9
3409483,"Chembur, Mumbai - MPCB",ME,2026-09-02 00:00:00+05:30,8.02,26.6,78.5,0.845,161.0,6.34,13.9,14.6,0.292,True,9
3409483,"Chembur, Mumbai - MPCB",ME,2026-09-03 00:00:00+05:30,7.72,21.4,89.3,0.65,154.0,9.4,10.9,9.96,0.305,True,9
3409483,"Chembur, Mumbai - MPCB",ME,2026-09-04 00:00:00+05:30,8.72,25.4,,0.681,159.0,9.19,12.3,3.72,0.331,False,8
3409483,"Chembur, Mumbai - MPCB",ME,2026-09-05 00:00:00+05:30,8.08,23.0,59.0,0.732,137.0,7.69,8.73,2.04,0.358,True,9
3409483,"Chembur, Mumbai - MPCB",ME,2026-09-06 00:00:00+05:30,10.3,20.8,51.6,0.689,156.0,7.52,13.6,2.93,0.427,True,9
3409483,"Chembur, Mumbai - MPCB",ME,2026-09-07 00:00:00+05:30,11.7,25.1,54.4,0.922,138.0,8.03,15.7,1.64,0.427,True,9
3409483,"Chembur, Mumbai - MPCB",ME,2026-09-08 00:00:00+05:30,9.79,36.8,58.8,0.783,158.0,7.25,9.65,1.74,0.37,True,9
3409483,"Chembur, Mumbai - MPCB",ME,2026-09-09 00:00:00+05:30,8.89,50.4,68.3,0.765,137.0,7.12,5.3,1.5,0.271,True,9
3409483,"Chembur, Mumbai - MPCB",ME,2026-09-10 00:00:00+05:30,8.05,25.6,77.2,0.75,104.0,6.57,4.81,1.55,0.319,True,9
3409483,"Chembur, Mumbai - MPCB",ME,2026-09-11 00:00:00+05:30,12.1,25.3,88.4,0.728,130.0,7.61,4.46,1.67,0.417,True,9
3409483,"Chembur, Mumbai - MPCB",ME,2026-09-12 00:00:00+05:30,7.97,,,0.71,166.0,7.46,4.93,1.97,0.427,False,7
3409483,"Chembur, Mumbai - MPCB",ME,2026-09-13 00:00:00+05:30,8.73,,,0.614,116.00000000000001,8.6,2.36,4.45,0.383,False,7
3409483,"Chembur, Mumbai - MPCB",ME,2026-09-14 00:00:00+05:30,9.77,,,0.485,116.00000000000001,7.88,4.82,1.45,0.427,False,7
3409483,"Chembur, Mumbai - MPCB",ME,2026-09-16 00:00:00+05:30,11.7,33.4,75.9,0.808,150.0,9.67,4.96,18.1,0.57,True,9
3409483,"Chembur, Mumbai - MPCB",ME,2026-09-17 00:00:00+05:30,10.4,32.9,77.1,0.787,158.0,7.47,6.55,13.6,0.45,True,9
3409486,"Kherwadi_Bandra East, Mumbai - MPCB",HE,2025-10-11 00:00:00+05:30,70.6,29.1,70.8,,,16.5,27.2,1.89,0.506,False,7
3409486,"Kherwadi_Bandra East, Mumbai - MPCB",HE,2025-10-12 00:00:00+05:30,72.8,29.2,71.7,0.888,217.99999999999997,15.6,27.2,2.6,0.549,True,9
3409486,"Kherwadi_Bandra East, Mumbai - MPCB",HE,2025-10-13 00:00:00+05:30,70.5,29.1,71.7,0.905,245.0,22.3,27.4,2.67,0.653,True,9
3409486,"Kherwadi_Bandra East, Mumbai - MPCB",HE,2025-10-14 00:00:00+05:30,80.3,29.0,70.5,,229.0,14.8,27.7,2.59,0.631,False,8
3409486,"Kherwadi_Bandra East, Mumbai - MPCB",HE,2025-10-15 00:00:00+05:30,,29.2,74.0,,195.99999999999997,17.7,18.7,2.95,0.72,False,7
3409486,"Kherwadi_Bandra East, Mumbai - MPCB",HE,2025-10-16 00:00:00+05:30,62.4,30.4,75.7,0.867,166.0,14.3,21.4,3.03,0.614,True,9
3409486,"Kherwadi_Bandra East, Mumbai - MPCB",HE,2025-10-17 00:00:00+05:30,50.1,31.0,67.8,0.925,,11.5,23.0,2.77,0.501,False,8
3409486,"Kherwadi_Bandra East, Mumbai - MPCB",HE,2025-10-18 00:00:00+05:30,118.0,30.8,62.1,,,18.8,30.6,2.64,0.544,False,7
3409486,"Kherwadi_Bandra East, Mumbai - MPCB",HE,2025-10-19 00:00:00+05:30,109.0,30.3,71.1,0.837,215.0,10.3,30.2,2.61,0.587,True,9
3409486,"Kherwadi_Bandra East, Mumbai - MPCB",HE,2025-10-20 00:00:00+05:30,103.0,29.5,80.4,0.962,223.0,24.2,17.2,3.5,0.773,True,9
3409486,"Kherwadi_Bandra East, Mumbai - MPCB",HE,2025-10-21 00:00:00+05:30,89.8,29.7,71.9,,153.0,6.54,23.5,2.89,0.583,False,8
3409486,"Kherwadi_Bandra East, Mumbai - MPCB",HE,2025-10-22 00:00:00+05:30,42.9,29.8,78.4,,,8.21,16.3,4.19,0.53,False,7
3409486,"Kherwadi_Bandra East, Mumbai - MPCB",HE,2025-10-23 00:00:00+05:30,51.4,31.1,73.2,0.8,,11.4,11.3,2.65,0.466,False,8
3409486,"Kherwadi_Bandra East, Mumbai - MPCB",HE,2025-10-24 00:00:00+05:30,,30.4,77.3,,163.0,17.6,9.94,1.87,0.504,False,7
3409486,"Kherwadi_Bandra East, Mumbai - MPCB",HE,2025-10-25 00:00:00+05:30,,28.5,87.5,,,10.3,3.55,3.01,0.553,False,6
3409486,"Kherwadi_Bandra East, Mumbai - MPCB",HE,2025-10-26 00:00:00+05:30,20.6,27.8,94.4,,90.1,4.23,1.21,2.76,0.522,False,8
3409486,"Kherwadi_Bandra East, Mumbai - MPCB",HE,2025-10-27 00:00:00+05:30,13.2,27.8,91.0,0.645,136.0,3.98,3.62,2.85,0.411,True,9
3409486,"Kherwadi_Bandra East, Mumbai - MPCB",HE,2025-10-28 00:00:00+05:30,27.7,28.4,88.9,,,9.3,9.16,2.94,0.457,False,7
3409486,"Kherwadi_Bandra East, Mumbai - MPCB",HE,2025-10-29 00:00:00+05:30,34.5,29.6,78.1,,,16.2,18.1,2.8,0.411,False,7
3409486,"Kherwadi_Bandra East, Mumbai - MPCB",HE,2025-10-30 00:00:00+05:30,24.5,27.0,93.8,,,18.2,6.86,2.11,0.488,False,7
3409486,"Kherwadi_Bandra East, Mumbai - MPCB",HE,2025-10-31 00:00:00+05:30,22.9,26.9,99.1,0.605,115.0,13.6,4.61,2.59,0.553,True,9
3409486,"Kherwadi_Bandra East, Mumbai - MPCB",HE,2025-11-01 00:00:00+05:30,19.6,28.0,97.8,0.583,161.0,10.4,4.35,2.47,0.546,True,9
3409486,"Kherwadi_Bandra East, Mumbai - MPCB",HE,2025-11-02 00:00:00+05:30,16.1,26.5,99.8,,,11.2,1.48,2.66,0.52,False,7
3409486,"Kherwadi_Bandra East, Mumbai - MPCB",HE,2025-11-03 00:00:00+05:30,19.0,27.6,94.6,0.616,212.0,6.75,6.23,2.6,0.509,True,9
3409486,"Kherwadi_Bandra East, Mumbai - MPCB",HE,2025-11-04 00:00:00+05:30,25.6,28.1,93.1,,,6.07,18.0,2.15,0.33,False,7
3409486,"Kherwadi_Bandra East, Mumbai - MPCB",HE,2025-11-05 00:00:00+05:30,26.7,27.0,81.8,,,8.79,15.5,2.42,0.368,False,7
3409486,"Kherwadi_Bandra East, Mumbai - MPCB",HE,2025-11-06 00:00:00+05:30,46.7,27.1,85.0,,,10.7,22.9,2.26,0.482,False,7
3409486,"Kherwadi_Bandra East, Mumbai - MPCB",HE,2025-11-07 00:00:00+05:30,71.7,28.0,76.7,0.843,238.0,24.1,17.3,4.78,1.29,True,9
3409486,"Kherwadi_Bandra East, Mumbai - MPCB",HE,2025-11-08 00:00:00+05:30,52.6,28.1,59.6,,,17.6,16.2,1.78,1.27,False,7
3409486,"Kherwadi_Bandra East, Mumbai - MPCB",HE,2025-11-09 00:00:00+05:30,75.0,26.8,58.3,0.717,255.0,15.1,24.8,2.58,0.575,True,9
3409486,"Kherwadi_Bandra East, Mumbai - MPCB",HE,2025-11-10 00:00:00+05:30,66.0,24.8,76.3,,217.99999999999997,28.7,8.08,2.66,0.608,False,8
3409486,"Kherwadi_Bandra East, Mumbai - MPCB",HE,2025-11-11 00:00:00+05:30,69.0,26.6,70.8,,195.99999999999997,31.3,28.5,2.65,0.696,False,8
3409486,"Kherwadi_Bandra East, Mumbai - MPCB",HE,2025-11-12 00:00:00+05:30,89.2,26.8,50.4,,188.0,47.4,15.0,2.38,0.649,False,8
3409486,"Kherwadi_Bandra East, Mumbai - MPCB",HE,2025-11-13 00:00:00+05:30,86.1,27.5,47.3,,,29.7,16.7,2.29,0.649,False,7
3409486,"Kherwadi_Bandra East, Mumbai - MPCB",HE,2025-11-14 00:00:00+05:30,88.7,27.2,53.8,0.866,181.0,31.0,28.2,2.84,0.694,True,9
3409486,"Kherwadi_Bandra East, Mumbai - MPCB",HE,2025-11-15 00:00:00+05:30,105.0,26.7,46.5,,169.0,27.9,16.5,2.65,0.779,False,8
3409486,"Kherwadi_Bandra East, Mumbai - MPCB",HE,2025-11-16 00:00:00+05:30,67.5,26.6,45.4,0.977,149.0,14.3,19.9,2.83,0.774,True,9
3409486,"Kherwadi_Bandra East, Mumbai - MPCB",HE,2025-11-17 00:00:00+05:30,58.4,26.2,44.2,,,28.8,32.9,2.62,0.612,False,7
3409486,"Kherwadi_Bandra East, Mumbai - MPCB",HE,2025-11-18 00:00:00+05:30,61.1,24.0,50.9,1.0,,37.7,18.3,2.67,0.691,False,8
3409486,"Kherwadi_Bandra East, Mumbai - MPCB",HE,2025-11-19 00:00:00+05:30,64.9,26.0,46.2,,,31.9,18.0,2.72,0.692,False,7
3409486,"Kherwadi_Bandra East, Mumbai - MPCB",HE,2025-11-20 00:00:00+05:30,63.0,26.6,47.4,0.878,176.0,24.7,21.3,2.53,0.759,True,9
3409486,"Kherwadi_Bandra East, Mumbai - MPCB",HE,2025-11-21 00:00:00+05:30,67.9,26.9,53.1,,,23.2,25.7,2.39,0.737,False,7
3409486,"Kherwadi_Bandra East, Mumbai - MPCB",HE,2025-11-22 00:00:00+05:30,72.3,27.6,58.5,,,23.5,31.0,2.66,0.786,False,7
3409486,"Kherwadi_Bandra East, Mumbai - MPCB",HE,2025-11-23 00:00:00+05:30,75.2,27.5,69.4,0.735,,15.2,24.0,2.39,0.955,False,8
3409486,"Kherwadi_Bandra East, Mumbai - MPCB",HE,2025-11-24 00:00:00+05:30,,27.7,75.5,,254.0,17.7,23.9,2.36,0.835,False,7
3409486,"Kherwadi_Bandra East, Mumbai - MPCB",HE,2025-11-25 00:00:00+05:30,,27.9,78.5,,,21.5,25.2,2.54,0.923,False,6
3409486,"Kherwadi_Bandra East, Mumbai - MPCB",HE,2025-11-26 00:00:00+05:30,73.9,28.0,82.0,,224.0,23.9,34.1,2.61,0.783,False,8
3409486,"Kherwadi_Bandra East, Mumbai - MPCB",HE,2025-11-27 00:00:00+05:30,76.9,27.9,72.6,,,35.8,31.7,2.55,0.656,False,7
3409486,"Kherwadi_Bandra East, Mumbai - MPCB",HE,2025-11-28 00:00:00+05:30,69.7,27.4,68.9,,,25.0,25.4,2.5,0.716,False,7
3409486,"Kherwadi_Bandra East, Mumbai - MPCB",HE,2025-11-29 00:00:00+05:30,57.1,27.0,55.5,,,19.4,14.0,2.6,0.638,False,7
3409486,"Kherwadi_Bandra East, Mumbai - MPCB",HE,2025-11-30 00:00:00+05:30,49.4,26.0,45.8,,,24.9,23.6,2.81,0.613,False,7
3409486,"Kherwadi_Bandra East, Mumbai - MPCB",HE,2025-12-01 00:00:00+05:30,71.4,25.9,50.8,,,7.34,24.1,2.46,0.749,False,7
3409486,"Kherwadi_Bandra East, Mumbai - MPCB",HE,2025-12-02 00:00:00+05:30,69.2,26.0,54.9,,,12.5,12.5,2.69,0.845,False,7
3409486,"Kherwadi_Bandra East, Mumbai - MPCB",HE,2025-12-03 00:00:00+05:30,93.9,26.6,51.1,,,38.9,13.0,2.81,0.907,False,7
3409486,"Kherwadi_Bandra East, Mumbai - MPCB",HE,2025-12-04 00:00:00+05:30,82.0,26.8,51.1,,,37.8,8.55,2.61,0.769,False,7
3409486,"Kherwadi_Bandra East, Mumbai - MPCB",HE,2025-12-05 00:00:00+05:30,75.0,28.4,50.5,,,35.1,14.7,2.69,0.76,False,7
3409486,"Kherwadi_Bandra East, Mumbai - MPCB",HE,2025-12-06 00:00:00+05:30,92.1,28.5,52.9,0.959,,21.2,25.6,3.09,0.634,False,8
3409486,"Kherwadi_Bandra East, Mumbai - MPCB",HE,2025-12-07 00:00:00+05:30,67.1,28.0,55.3,,165.0,2.82,34.5,2.67,0.652,False,8
3409486,"Kherwadi_Bandra East, Mumbai - MPCB",HE,2025-12-08 00:00:00+05:30,73.0,27.6,57.7,,,33.3,26.3,4.49,0.582,False,7
3409486,"Kherwadi_Bandra East, Mumbai - MPCB",HE,2025-12-09 00:00:00+05:30,74.7,26.6,42.0,,,19.2,5.88,2.68,0.596,False,7
3409486,"Kherwadi_Bandra East, Mumbai - MPCB",HE,2025-12-10 00:00:00+05:30,49.3,29.3,39.2,0.682,,27.8,28.0,2.68,0.341,False,8
3409486,"Kherwadi_Bandra East, Mumbai - MPCB",HE,2025-12-11 00:00:00+05:30,57.5,27.0,40.6,,,27.6,20.3,2.68,0.418,False,7
3409486,"Kherwadi_Bandra East, Mumbai - MPCB",HE,2025-12-12 00:00:00+05:30,60.4,26.4,43.9,,,25.8,24.9,2.61,0.41,False,7
3409486,"Kherwadi_Bandra East, Mumbai - MPCB",HE,2025-12-13 00:00:00+05:30,73.3,26.8,48.6,,,22.4,30.5,2.93,0.543,False,7
3409486,"Kherwadi_Bandra East, Mumbai - MPCB",HE,2025-12-14 00:00:00+05:30,77.1,27.1,44.4,,,19.8,29.6,2.51,0.483,False,7
3409486,"Kherwadi_Bandra East, Mumbai - MPCB",HE,2025-12-15 00:00:00+05:30,76.7,27.1,44.7,0.92,169.0,42.9,10.7,2.43,0.542,True,9
3409486,"Kherwadi_Bandra East, Mumbai - MPCB",HE,2025-12-16 00:00:00+05:30,66.6,26.7,46.0,,,25.0,24.4,2.68,0.453,False,7
3409486,"Kherwadi_Bandra East, Mumbai - MPCB",HE,2025-12-17 00:00:00+05:30,79.1,27.6,48.6,,,21.6,26.1,2.46,0.526,False,7
3409486,"Kherwadi_Bandra East, Mumbai - MPCB",HE,2025-12-18 00:00:00+05:30,75.4,27.6,48.4,,,24.3,22.8,2.43,0.546,False,7
3409486,"Kherwadi_Bandra East, Mumbai - MPCB",HE,2025-12-19 00:00:00+05:30,59.5,27.0,47.6,1.05,,15.1,29.9,2.49,0.466,False,8
3409486,"Kherwadi_Bandra East, Mumbai - MPCB",HE,2025-12-20 00:00:00+05:30,48.0,26.9,41.6,,171.0,22.8,18.0,2.72,0.441,False,8
3409486,"Kherwadi_Bandra East, Mumbai - MPCB",HE,2025-12-21 00:00:00+05:30,48.0,26.8,40.2,0.993,178.0,5.89,23.5,2.93,0.484,True,9
3409486,"Kherwadi_Bandra East, Mumbai - MPCB",HE,2025-12-22 00:00:00+05:30,56.6,26.3,42.9,0.949,184.99999999999997,16.9,19.1,2.31,0.534,True,9
3409486,"Kherwadi_Bandra East, Mumbai - MPCB",HE,2025-12-23 00:00:00+05:30,41.8,27.1,46.9,1.01,,18.1,24.2,2.43,0.377,False,8
3409486,"Kherwadi_Bandra East, Mumbai - MPCB",HE,2025-12-24 00:00:00+05:30,34.2,26.5,45.0,1.09,,15.0,20.1,2.53,0.341,False,8
3409486,"Kherwadi_Bandra East, Mumbai - MPCB",HE,2025-12-25 00:00:00+05:30,44.2,26.4,51.3,,190.99999999999997,17.7,28.4,2.7,0.468,False,8
3409486,"Kherwadi_Bandra East, Mumbai - MPCB",HE,2025-12-26 00:00:00+05:30,63.1,26.2,52.5,0.98,194.99999999999997,15.8,34.3,2.52,0.592,True,9
3409486,"Kherwadi_Bandra East, Mumbai - MPCB",HE,2025-12-27 00:00:00+05:30,60.0,26.5,53.2,,,17.5,26.5,2.58,0.55,False,7
3409486,"Kherwadi_Bandra East, Mumbai - MPCB",HE,2025-12-28 00:00:00+05:30,66.6,26.1,54.0,,,0.0333,29.6,2.53,0.539,False,7
3409486,"Kherwadi_Bandra East, Mumbai - MPCB",HE,2025-12-29 00:00:00+05:30,66.9,26.1,55.6,1.0,197.99999999999997,19.3,37.6,2.79,0.539,True,9
3409486,"Kherwadi_Bandra East, Mumbai - MPCB",HE,2025-12-30 00:00:00+05:30,69.2,25.8,61.0,,226.0,29.3,36.8,2.81,0.452,False,8
3409486,"Kherwadi_Bandra East, Mumbai - MPCB",HE,2025-12-31 00:00:00+05:30,57.7,25.5,73.9,,,29.2,28.3,2.49,0.392,False,7
3409486,"Kherwadi_Bandra East, Mumbai - MPCB",HE,2026-01-01 00:00:00+05:30,47.6,25.4,82.7,0.955,150.0,5.35,9.04,2.54,0.465,True,9
3409486,"Kherwadi_Bandra East, Mumbai - MPCB",HE,2026-01-02 00:00:00+05:30,52.8,26.7,83.3,0.927,258.0,13.2,,2.71,0.321,False,8
3409486,"Kherwadi_Bandra East, Mumbai - MPCB",HE,2026-01-03 00:00:00+05:30,56.5,25.5,83.7,,237.0,,15.1,2.55,0.42,False,7
3409486,"Kherwadi_Bandra East, Mumbai - MPCB",HE,2026-01-04 00:00:00+05:30,76.1,26.3,78.9,,234.99999999999994,30.4,13.6,4.45,0.501,False,8
3409486,"Kherwadi_Bandra East, Mumbai - MPCB",HE,2026-01-05 00:00:00+05:30,64.4,26.9,72.7,0.92,223.0,35.2,20.7,2.17,0.472,True,9
3409486,"Kherwadi_Bandra East, Mumbai - MPCB",HE,2026-01-06 00:00:00+05:30,69.7,27.1,71.0,,,27.8,24.3,2.5,0.504,False,7
3409486,"Kherwadi_Bandra East, Mumbai - MPCB",HE,2026-01-07 00:00:00+05:30,72.0,26.5,65.8,,,31.6,25.3,2.69,0.525,False,7
3409486,"Kherwadi_Bandra East, Mumbai - MPCB",HE,2026-01-08 00:00:00+05:30,61.9,26.0,54.6,,236.0,22.7,19.6,2.44,0.509,False,8
3409486,"Kherwadi_Bandra East, Mumbai - MPCB",HE,2026-01-09 00:00:00+05:30,61.1,25.5,53.6,,,5.74,23.9,2.62,0.491,False,7
3409486,"Kherwadi_Bandra East, Mumbai - MPCB",HE,2026-01-10 00:00:00+05:30,64.7,25.5,51.7,,226.0,1.79,25.1,2.75,0.559,False,8
3409486,"Kherwadi_Bandra East, Mumbai - MPCB",HE,2026-01-20 00:00:00+05:30,59.5,23.5,76.3,0.807,267.0,44.6,10.0,2.62,0.46,True,9
3409486,"Kherwadi_Bandra East, Mumbai - MPCB",HE,2026-01-21 00:00:00+05:30,74.0,26.2,67.2,0.864,230.99999999999997,36.0,26.3,2.64,0.738,True,9
3409486,"Kherwadi_Bandra East, Mumbai - MPCB",HE,2026-01-22 00:00:00+05:30,66.0,26.5,65.8,,,8.66,28.3,2.62,0.625,False,7
3409486,"Kherwadi_Bandra East, Mumbai - MPCB",HE,2026-01-23 00:00:00+05:30,37.6,25.3,82.8,1.03,266.0,24.4,19.8,2.39,0.25,True,9
3409486,"Kherwadi_Bandra East, Mumbai - MPCB",HE,2026-01-24 00:00:00+05:30,31.5,24.7,66.9,,260.0,12.0,22.2,2.48,0.383,False,8
3409486,"Kherwadi_Bandra East, Mumbai - MPCB",HE,2026-01-25 00:00:00+05:30,47.1,25.2,78.3,,,20.3,24.8,2.55,0.432,False,7
3409486,"Kherwadi_Bandra East, Mumbai - MPCB",HE,2026-01-26 00:00:00+05:30,66.3,26.6,80.2,,,16.3,35.8,2.7,0.645,False,7
3409486,"Kherwadi_Bandra East, Mumbai - MPCB",HE,2026-01-27 00:00:00+05:30,35.3,25.2,85.2,1.12,278.0,12.7,33.4,2.13,0.223,True,9
3409486,"Kherwadi_Bandra East, Mumbai - MPCB",HE,2026-01-28 00:00:00+05:30,26.8,25.1,68.8,0.874,227.0,26.2,27.9,2.31,0.252,True,9
3409486,"Kherwadi_Bandra East, Mumbai - MPCB",HE,2026-01-29 00:00:00+05:30,42.7,26.2,59.0,,238.0,37.1,23.0,3.98,0.489,False,8
3409486,"Kherwadi_Bandra East, Mumbai - MPCB",HE,2026-01-30 00:00:00+05:30,58.7,27.3,75.2,0.92,212.99999999999997,13.9,21.4,2.81,0.683,True,9
3409486,"Kherwadi_Bandra East, Mumbai - MPCB",HE,2026-01-31 00:00:00+05:30,44.1,26.5,91.0,0.919,242.99999999999997,28.2,19.4,2.35,0.385,True,9
3409486,"Kherwadi_Bandra East, Mumbai - MPCB",HE,2026-02-01 00:00:00+05:30,50.1,27.3,76.4,,227.0,31.0,27.8,2.45,0.448,False,8
3409486,"Kherwadi_Bandra East, Mumbai - MPCB",HE,2026-02-02 00:00:00+05:30,60.0,28.0,65.8,0.861,212.0,41.5,30.9,2.5,0.613,True,9
3409486,"Kherwadi_Bandra East, Mumbai - MPCB",HE,2026-02-03 00:00:00+05:30,44.5,27.8,57.0,,,32.0,20.0,2.94,0.963,False,7
3409486,"Kherwadi_Bandra East, Mumbai - MPCB",HE,2026-02-04 00:00:00+05:30,27.2,2.92,44.6,0.616,,15.6,43.7,0.0,0.528,False,8
3409486,"Kherwadi_Bandra East, Mumbai - MPCB",HE,2026-02-05 00:00:00+05:30,38.9,28.9,,0.885,217.0,25.0,21.4,2.15,0.66,False,8
3409486,"Kherwadi_Bandra East, Mumbai - MPCB",HE,2026-02-06 00:00:00+05:30,71.3,28.7,46.7,1.01,226.0,22.9,25.4,3.72,0.535,True,9
3409486,"Kherwadi_Bandra East, Mumbai - MPCB",HE,2026-02-07 00:00:00+05:30,66.2,28.3,45.1,0.938,248.0,28.4,27.8,3.93,0.529,True,9
3409486,"Kherwadi_Bandra East, Mumbai - MPCB",HE,2026-02-08 00:00:00+05:30,49.7,27.0,44.3,0.768,215.0,0.0,11.9,3.42,0.466,True,9
3409486,"Kherwadi_Bandra East, Mumbai - MPCB",HE,2026-02-09 00:00:00+05:30,59.2,27.3,56.9,1.03,255.0,31.0,28.7,3.53,0.607,True,9
3409486,"Kherwadi_Bandra East, Mumbai - MPCB",HE,2026-02-10 00:00:00+05:30,58.1,26.8,63.8,,,26.8,35.9,4.91,0.405,False,7
3409486,"Kherwadi_Bandra East, Mumbai - MPCB",HE,2026-02-11 00:00:00+05:30,60.3,27.6,61.4,,252.99999999999997,29.0,27.8,2.52,0.549,False,8
3409486,"Kherwadi_Bandra East, Mumbai - MPCB",HE,2026-02-12 00:00:00+05:30,58.1,28.7,58.8,,236.0,37.4,34.8,2.49,0.511,False,8
3409486,"Kherwadi_Bandra East, Mumbai - MPCB",HE,2026-02-13 00:00:00+05:30,66.9,28.0,59.4,0.969,,25.9,30.1,2.83,0.567,False,8
3409486,"Kherwadi_Bandra East, Mumbai - MPCB",HE,2026-02-14 00:00:00+05:30,81.2,28.8,55.0,0.954,248.0,24.5,33.9,2.68,0.771,True,9
3409486,"Kherwadi_Bandra East, Mumbai - MPCB",HE,2026-02-15 00:00:00+05:30,78.5,29.2,58.6,,,27.8,29.1,2.48,0.743,False,7
3409486,"Kherwadi_Bandra East, Mumbai - MPCB",HE,2026-02-16 00:00:00+05:30,48.8,26.1,54.3,0.643,252.0,43.8,2.2,2.83,1.0,True,9
3409486,"Kherwadi_Bandra East, Mumbai - MPCB",HE,2026-02-17 00:00:00+05:30,28.6,28.1,62.4,1.32,241.0,11.9,50.4,2.12,0.109,True,9
3409486,"Kherwadi_Bandra East, Mumbai - MPCB",HE,2026-02-18 00:00:00+05:30,17.0,27.2,71.0,,272.0,12.3,28.6,2.2,0.0774,False,8
3409486,"Kherwadi_Bandra East, Mumbai - MPCB",HE,2026-02-19 00:00:00+05:30,69.5,27.5,78.5,,247.0,18.2,44.1,2.69,0.209,False,8
3409486,"Kherwadi_Bandra East, Mumbai - MPCB",HE,2026-02-20 00:00:00+05:30,65.8,28.4,78.3,,,29.1,30.0,2.64,0.506,False,7
3409486,"Kherwadi_Bandra East, Mumbai - MPCB",HE,2026-02-21 00:00:00+05:30,63.1,29.6,59.8,,,37.8,30.8,2.44,0.587,False,7
3409486,"Kherwadi_Bandra East, Mumbai - MPCB",HE,2026-02-22 00:00:00+05:30,52.1,28.8,67.2,,,29.4,26.3,2.47,0.578,False,7
3409486,"Kherwadi_Bandra East, Mumbai - MPCB",HE,2026-02-23 00:00:00+05:30,47.7,28.9,62.1,,,24.7,32.8,2.57,0.633,False,7
3409486,"Kherwadi_Bandra East, Mumbai - MPCB",HE,2026-02-24 00:00:00+05:30,38.8,29.0,70.7,,,25.8,33.3,2.37,0.302,False,7
3409486,"Kherwadi_Bandra East, Mumbai - MPCB",HE,2026-02-25 00:00:00+05:30,33.3,28.3,71.7,,,24.7,21.0,2.6,0.386,False,7
3409486,"Kherwadi_Bandra East, Mumbai - MPCB",HE,2026-02-26 00:00:00+05:30,19.1,27.0,73.8,,,18.7,13.2,2.28,0.0385,False,7
3409486,"Kherwadi_Bandra East, Mumbai - MPCB",HE,2026-02-27 00:00:00+05:30,13.1,27.1,66.3,,266.0,13.6,17.4,2.44,0.0152,False,8
3409486,"Kherwadi_Bandra East, Mumbai - MPCB",HE,2026-02-28 00:00:00+05:30,17.7,27.0,62.2,,250.0,17.4,17.9,2.48,0.0718,False,8
3409486,"Kherwadi_Bandra East, Mumbai - MPCB",HE,2026-03-01 00:00:00+05:30,18.1,27.2,68.4,1.07,258.0,16.9,22.7,1.98,0.0501,True,9
3409486,"Kherwadi_Bandra East, Mumbai - MPCB",HE,2026-03-02 00:00:00+05:30,29.1,27.2,74.6,,268.0,23.6,18.4,2.52,0.0343,False,8
3409486,"Kherwadi_Bandra East, Mumbai - MPCB",HE,2026-03-03 00:00:00+05:30,64.8,28.6,69.8,1.01,,22.3,28.6,2.19,1.2,False,8
3409486,"Kherwadi_Bandra East, Mumbai - MPCB",HE,2026-03-04 00:00:00+05:30,36.2,31.6,56.0,,,24.6,27.3,2.41,1.58,False,7
3409486,"Kherwadi_Bandra East, Mumbai - MPCB",HE,2026-03-05 00:00:00+05:30,37.2,31.6,38.5,,237.0,28.4,24.4,2.55,0.5,False,8
3409486,"Kherwadi_Bandra East, Mumbai - MPCB",HE,2026-03-06 00:00:00+05:30,30.2,29.9,52.9,,,18.2,29.7,2.56,0.386,False,7
3409486,"Kherwadi_Bandra East, Mumbai - MPCB",HE,2026-03-07 00:00:00+05:30,27.3,28.3,80.5,,,17.5,21.4,2.31,0.601,False,7
3409486,"Kherwadi_Bandra East, Mumbai - MPCB",HE,2026-03-08 00:00:00+05:30,41.5,30.5,63.4,,242.0,24.6,47.9,2.53,0.6,False,8
3409486,"Kherwadi_Bandra East, Mumbai - MPCB",HE,2026-03-09 00:00:00+05:30,42.1,31.9,43.1,,,32.3,36.7,3.44,0.599,False,7
3409486,"Kherwadi_Bandra East, Mumbai - MPCB",HE,2026-03-10 00:00:00+05:30,40.5,33.0,42.5,,282.0,34.1,72.2,2.15,0.598,False,8
3409486,"Kherwadi_Bandra East, Mumbai - MPCB",HE,2026-03-11 00:00:00+05:30,39.7,30.2,74.8,,247.0,25.5,18.8,2.38,0.6,False,8
3409486,"Kherwadi_Bandra East, Mumbai - MPCB",HE,2026-03-12 00:00:00+05:30,34.4,30.0,87.7,0.862,263.0,18.4,23.3,2.58,0.6,True,9
3409486,"Kherwadi_Bandra East, Mumbai - MPCB",HE,2026-03-13 00:00:00+05:30,35.9,30.7,66.4,,,26.5,28.5,6.78,0.567,False,7
3409486,"Kherwadi_Bandra East, Mumbai - MPCB",HE,2026-03-14 00:00:00+05:30,25.9,30.1,65.0,,270.0,14.5,20.0,1.66,0.188,False,8
3409486,"Kherwadi_Bandra East, Mumbai - MPCB",HE,2026-03-15 00:00:00+05:30,16.2,29.1,76.7,,251.0,8.39,15.2,3.08,0.0448,False,8
3409486,"Kherwadi_Bandra East, Mumbai - MPCB",HE,2026-03-16 00:00:00+05:30,13.5,28.8,76.8,,,4.57,15.8,3.08,0.056,False,7
3409486,"Kherwadi_Bandra East, Mumbai - MPCB",HE,2026-03-17 00:00:00+05:30,14.8,28.5,73.2,,252.99999999999997,7.72,17.1,2.94,0.208,False,8
3409486,"Kherwadi_Bandra East, Mumbai - MPCB",HE,2026-03-18 00:00:00+05:30,67.9,28.3,71.1,,,15.2,13.1,3.53,0.254,False,7
3409486,"Kherwadi_Bandra East, Mumbai - MPCB",HE,2026-03-19 00:00:00+05:30,,28.2,71.4,0.961,251.0,11.3,11.9,3.5,0.137,False,8
3409486,"Kherwadi_Bandra East, Mumbai - MPCB",HE,2026-03-20 00:00:00+05:30,7.34,28.2,65.9,,,11.8,17.1,3.4,0.124,False,7
3409486,"Kherwadi_Bandra East, Mumbai - MPCB",HE,2026-03-21 00:00:00+05:30,8.59,28.9,55.3,,,16.7,26.3,3.65,0.152,False,7
3409486,"Kherwadi_Bandra East, Mumbai - MPCB",HE,2026-03-22 00:00:00+05:30,13.5,29.9,49.4,,270.0,22.6,32.7,3.76,0.281,False,8
3409486,"Kherwadi_Bandra East, Mumbai - MPCB",HE,2026-03-23 00:00:00+05:30,15.0,30.7,48.7,,,22.6,26.6,3.8,0.656,False,7
3409486,"Kherwadi_Bandra East, Mumbai - MPCB",HE,2026-03-24 00:00:00+05:30,17.1,30.9,63.1,0.959,251.0,12.6,33.7,3.27,0.601,True,9
3409486,"Kherwadi_Bandra East, Mumbai - MPCB",HE,2026-03-25 00:00:00+05:30,28.1,29.9,78.1,,254.0,9.58,33.7,3.45,0.503,False,8
3409486,"Kherwadi_Bandra East, Mumbai - MPCB",HE,2026-03-26 00:00:00+05:30,52.6,31.0,68.6,,269.0,17.1,43.5,3.4,0.27,False,8
3409486,"Kherwadi_Bandra East, Mumbai - MPCB",HE,2026-03-27 00:00:00+05:30,57.8,31.6,62.6,1.05,267.0,12.7,47.7,3.26,0.162,True,9
3409486,"Kherwadi_Bandra East, Mumbai - MPCB",HE,2026-03-28 00:00:00+05:30,23.9,29.8,82.5,0.963,267.0,4.87,24.0,3.19,0.326,True,9
3409486,"Kherwadi_Bandra East, Mumbai - MPCB",HE,2026-03-29 00:00:00+05:30,12.5,29.7,81.7,,267.0,3.96,12.0,3.21,0.0229,False,8
3409486,"Kherwadi_Bandra East, Mumbai - MPCB",HE,2026-03-30 00:00:00+05:30,15.7,30.0,83.9,1.11,268.0,3.58,22.4,3.31,0.131,True,9
3409486,"Kherwadi_Bandra East, Mumbai - MPCB",HE,2026-03-31 00:00:00+05:30,7.19,30.0,77.7,1.05,273.0,6.58,10.0,3.38,0.103,True,9
3409486,"Kherwadi_Bandra East, Mumbai - MPCB",HE,2026-04-01 00:00:00+05:30,12.3,29.1,78.4,1.02,277.0,4.4,23.9,3.12,0.0755,True,9
3409486,"Kherwadi_Bandra East, Mumbai - MPCB",HE,2026-04-02 00:00:00+05:30,19.2,28.8,74.5,0.991,260.0,9.24,26.9,3.2,0.107,True,9
3409486,"Kherwadi_Bandra East, Mumbai - MPCB",HE,2026-04-03 00:00:00+05:30,30.8,29.3,66.4,0.995,246.0,13.1,23.5,3.65,0.401,True,9
3409486,"Kherwadi_Bandra East, Mumbai - MPCB",HE,2026-04-04 00:00:00+05:30,20.4,29.2,77.7,0.909,283.0,9.17,15.1,3.59,0.297,True,9
3409486,"Kherwadi_Bandra East, Mumbai - MPCB",HE,2026-04-05 00:00:00+05:30,17.3,29.1,69.4,0.944,286.0,3.93,34.4,3.27,0.254,True,9
3409486,"Kherwadi_Bandra East, Mumbai - MPCB",HE,2026-04-06 00:00:00+05:30,18.9,28.9,63.8,,243.99999999999994,5.18,36.4,4.62,0.317,False,8
3409486,"Kherwadi_Bandra East, Mumbai - MPCB",HE,2026-04-07 00:00:00+05:30,21.8,29.2,68.4,,,3.3,30.7,2.37,0.309,False,7
3409486,"Kherwadi_Bandra East, Mumbai - MPCB",HE,2026-04-08 00:00:00+05:30,19.6,30.1,78.0,0.857,268.0,1.84,11.8,2.35,0.37,True,9
3409486,"Kherwadi_Bandra East, Mumbai - MPCB",HE,2026-04-09 00:00:00+05:30,25.8,30.1,68.5,0.935,274.0,4.4,18.7,2.84,0.419,True,9
3409486,"Kherwadi_Bandra East, Mumbai - MPCB",HE,2026-04-10 00:00:00+05:30,47.0,30.1,62.8,1.02,265.0,10.6,27.1,3.53,0.414,True,9
3409486,"Kherwadi_Bandra East, Mumbai - MPCB",HE,2026-04-11 00:00:00+05:30,42.9,31.0,78.8,0.948,277.0,2.21,51.7,3.03,0.388,True,9
3409486,"Kherwadi_Bandra East, Mumbai - MPCB",HE,2026-04-12 00:00:00+05:30,40.3,30.6,84.1,,275.0,7.8,35.3,3.47,0.385,False,8
3409486,"Kherwadi_Bandra East, Mumbai - MPCB",HE,2026-04-13 00:00:00+05:30,36.5,30.4,85.9,,275.0,4.66,27.0,3.56,0.428,False,8
3409486,"Kherwadi_Bandra East, Mumbai - MPCB",HE,2026-04-14 00:00:00+05:30,41.8,31.2,80.2,0.886,232.00000000000003,7.51,28.9,3.49,0.469,True,9
3409486,"Kherwadi_Bandra East, Mumbai - MPCB",HE,2026-04-15 00:00:00+05:30,24.3,30.5,81.4,0.916,276.0,8.3,21.7,3.46,0.382,True,9
3409486,"Kherwadi_Bandra East, Mumbai - MPCB",HE,2026-04-16 00:00:00+05:30,22.2,29.6,81.1,0.794,278.0,4.61,26.0,3.34,0.319,True,9
3409486,"Kherwadi_Bandra East, Mumbai - MPCB",HE,2026-04-17 00:00:00+05:30,23.1,30.0,85.0,0.855,250.0,8.2,18.2,3.61,0.431,True,9
3409486,"Kherwadi_Bandra East, Mumbai - MPCB",HE,2026-04-18 00:00:00+05:30,22.8,31.0,84.6,,,4.62,30.3,3.22,0.44,False,7
3409486,"Kherwadi_Bandra East, Mumbai - MPCB",HE,2026-04-19 00:00:00+05:30,31.7,31.0,72.6,,,6.07,22.9,3.55,0.396,False,7
3409486,"Kherwadi_Bandra East, Mumbai - MPCB",HE,2026-04-20 00:00:00+05:30,26.6,30.2,86.7,0.852,262.0,3.29,27.8,3.0,0.469,True,9
3409486,"Kherwadi_Bandra East, Mumbai - MPCB",HE,2026-04-21 00:00:00+05:30,33.3,31.3,79.3,0.886,248.0,8.09,27.5,3.73,0.507,True,9
3409486,"Kherwadi_Bandra East, Mumbai - MPCB",HE,2026-04-23 00:00:00+05:30,26.3,34.7,60.1,1.26,276.0,8.28,36.1,3.65,0.548,True,9
3409486,"Kherwadi_Bandra East, Mumbai - MPCB",HE,2026-04-24 00:00:00+05:30,35.7,32.9,75.4,1.09,271.0,13.0,27.2,3.89,0.5,True,9
3409486,"Kherwadi_Bandra East, Mumbai - MPCB",HE,2026-04-25 00:00:00+05:30,38.7,32.2,69.0,0.941,262.0,13.0,26.4,3.25,0.372,True,9
3409486,"Kherwadi_Bandra East, Mumbai - MPCB",HE,2026-04-26 00:00:00+05:30,23.8,31.7,81.0,0.849,260.0,13.0,14.8,3.37,0.391,True,9
3409486,"Kherwadi_Bandra East, Mumbai - MPCB",HE,2026-04-27 00:00:00+05:30,20.1,31.1,87.8,0.725,245.0,13.0,11.5,3.5,0.402,True,9
3409486,"Kherwadi_Bandra East, Mumbai - MPCB",HE,2026-04-28 00:00:00+05:30,16.3,31.0,86.2,0.847,257.0,10.5,8.8,4.13,0.407,True,9
3409486,"Kherwadi_Bandra East, Mumbai - MPCB",HE,2026-04-29 00:00:00+05:30,13.5,31.2,84.2,0.849,237.0,8.28,8.44,3.83,0.433,True,9
3409486,"Kherwadi_Bandra East, Mumbai - MPCB",HE,2026-04-30 00:00:00+05:30,13.3,31.3,84.6,0.588,230.99999999999997,6.96,7.91,3.53,0.421,True,9
3409486,"Kherwadi_Bandra East, Mumbai - MPCB",HE,2026-05-01 00:00:00+05:30,11.7,31.6,80.2,0.544,247.0,4.41,7.26,3.38,0.436,True,9
3409486,"Kherwadi_Bandra East, Mumbai - MPCB",HE,2026-05-02 00:00:00+05:30,9.49,31.5,81.3,0.601,241.0,5.28,7.91,3.25,0.391,True,9
3409486,"Kherwadi_Bandra East, Mumbai - MPCB",HE,2026-05-03 00:00:00+05:30,7.96,31.8,81.7,0.549,239.0,4.77,13.9,2.94,0.44,True,9
3409486,"Kherwadi_Bandra East, Mumbai - MPCB",HE,2026-05-04 00:00:00+05:30,11.0,32.1,73.3,0.568,242.99999999999997,4.76,9.87,3.5,0.527,True,9
3409486,"Kherwadi_Bandra East, Mumbai - MPCB",HE,2026-05-05 00:00:00+05:30,10.3,32.5,71.5,0.749,256.0,2.55,12.9,3.6,0.382,True,9
3409486,"Kherwadi_Bandra East, Mumbai - MPCB",HE,2026-05-06 00:00:00+05:30,23.0,34.5,58.9,1.27,277.0,2.05,30.6,3.11,0.311,True,9
3409486,"Kherwadi_Bandra East, Mumbai - MPCB",HE,2026-05-07 00:00:00+05:30,24.9,33.0,75.0,0.922,229.0,9.38,22.7,3.37,0.443,True,9
3409486,"Kherwadi_Bandra East, Mumbai - MPCB",HE,2026-05-08 00:00:00+05:30,24.8,32.5,81.2,0.987,252.99999999999997,4.73,29.2,3.26,0.37,True,9
3409486,"Kherwadi_Bandra East, Mumbai - MPCB",HE,2026-05-09 00:00:00+05:30,21.3,32.8,76.7,0.853,248.0,4.95,32.9,3.35,0.404,True,9
3409486,"Kherwadi_Bandra East, Mumbai - MPCB",HE,2026-05-10 00:00:00+05:30,21.3,32.7,77.2,0.958,261.0,7.17,34.9,3.44,0.479,True,9
3409486,"Kherwadi_Bandra East, Mumbai - MPCB",HE,2026-05-11 00:00:00+05:30,24.8,33.0,77.5,0.839,265.0,3.81,32.2,3.81,0.411,True,9
3409486,"Kherwadi_Bandra East, Mumbai - MPCB",HE,2026-05-12 00:00:00+05:30,19.8,32.4,82.0,0.888,279.0,1.63,23.8,3.05,0.409,True,9
3409486,"Kherwadi_Bandra East, Mumbai - MPCB",HE,2026-05-13 00:00:00+05:30,14.9,32.3,82.3,0.813,259.0,2.15,21.5,3.35,0.461,True,9
3409486,"Kherwadi_Bandra East, Mumbai - MPCB",HE,2026-05-14 00:00:00+05:30,16.5,32.3,81.6,0.967,270.0,2.7,21.6,3.7,0.299,True,9
3409486,"Kherwadi_Bandra East, Mumbai - MPCB",HE,2026-05-15 00:00:00+05:30,25.0,32.1,79.8,0.936,265.0,1.32,12.6,2.3,0.0753,True,9
3409486,"Kherwadi_Bandra East, Mumbai - MPCB",HE,2026-05-16 00:00:00+05:30,13.6,32.2,76.4,1.06,278.0,1.64,11.1,2.16,0.0367,True,9
3409486,"Kherwadi_Bandra East, Mumbai - MPCB",HE,2026-05-17 00:00:00+05:30,13.1,32.2,84.5,2.26,263.0,0.934,12.7,2.38,0.0425,True,9
3409486,"Kherwadi_Bandra East, Mumbai - MPCB",HE,2026-05-18 00:00:00+05:30,14.5,32.1,84.8,0.941,262.0,2.28,14.1,2.43,0.0762,True,9
3409486,"Kherwadi_Bandra East, Mumbai - MPCB",HE,2026-05-19 00:00:00+05:30,14.0,31.5,81.9,0.812,260.0,2.1,15.1,2.32,0.125,True,9
3409486,"Kherwadi_Bandra East, Mumbai - MPCB",HE,2026-05-20 00:00:00+05:30,13.0,31.9,78.5,0.777,265.0,0.896,13.4,2.53,0.25,True,9
3409486,"Kherwadi_Bandra East, Mumbai - MPCB",HE,2026-05-21 00:00:00+05:30,9.54,32.6,77.5,,,0.929,11.9,2.21,0.0772,False,7
3409486,"Kherwadi_Bandra East, Mumbai - MPCB",HE,2026-05-22 00:00:00+05:30,9.66,32.8,79.7,,,2.85,10.7,2.37,0.115,False,7
3409486,"Kherwadi_Bandra East, Mumbai - MPCB",HE,2026-05-23 00:00:00+05:30,10.5,33.3,76.9,,,1.81,11.1,2.37,0.0571,False,7
3409486,"Kherwadi_Bandra East, Mumbai - MPCB",HE,2026-05-24 00:00:00+05:30,5.27,33.2,81.8,0.917,268.0,0.318,10.2,2.17,0.129,True,9
3409486,"Kherwadi_Bandra East, Mumbai - MPCB",HE,2026-05-25 00:00:00+05:30,7.05,33.2,79.1,1.03,275.0,0.321,8.92,2.26,0.256,True,9
3409486,"Kherwadi_Bandra East, Mumbai - MPCB",HE,2026-05-26 00:00:00+05:30,7.19,32.9,76.8,0.969,268.0,0.716,9.13,2.18,0.138,True,9
3409486,"Kherwadi_Bandra East, Mumbai - MPCB",HE,2026-05-27 00:00:00+05:30,7.07,32.7,72.2,0.96,273.0,1.69,11.3,2.39,0.129,True,9
3409486,"Kherwadi_Bandra East, Mumbai - MPCB",HE,2026-05-28 00:00:00+05:30,10.8,33.2,68.9,0.963,269.0,0.506,11.4,2.45,0.132,True,9
3409486,"Kherwadi_Bandra East, Mumbai - MPCB",HE,2026-05-29 00:00:00+05:30,12.1,33.2,69.0,0.875,263.0,0.719,9.27,2.43,0.155,True,9
3409486,"Kherwadi_Bandra East, Mumbai - MPCB",HE,2026-05-30 00:00:00+05:30,10.0,33.5,70.9,0.934,264.0,0.561,11.7,2.28,0.264,True,9
3409486,"Kherwadi_Bandra East, Mumbai - MPCB",HE,2026-05-31 00:00:00+05:30,14.1,32.9,76.8,0.905,251.0,0.905,14.0,2.31,0.264,True,9
3409486,"Kherwadi_Bandra East, Mumbai - MPCB",HE,2026-06-01 00:00:00+05:30,10.7,33.1,73.6,,,0.423,16.7,2.43,0.173,False,7
3409486,"Kherwadi_Bandra East, Mumbai - MPCB",HE,2026-06-02 00:00:00+05:30,9.15,33.2,70.7,0.848,252.99999999999997,6.43,16.8,2.33,0.221,True,9
3409486,"Kherwadi_Bandra East, Mumbai - MPCB",HE,2026-06-03 00:00:00+05:30,13.4,31.8,74.1,,233.0,7.17,17.5,2.43,0.279,False,8
3409486,"Kherwadi_Bandra East, Mumbai - MPCB",HE,2026-06-04 00:00:00+05:30,13.1,32.8,72.7,0.81,221.99999999999997,5.38,6.61,2.29,0.249,True,9
3409486,"Kherwadi_Bandra East, Mumbai - MPCB",HE,2026-06-05 00:00:00+05:30,18.4,33.4,74.7,,,1.51,6.97,2.36,0.202,False,7
3409486,"Kherwadi_Bandra East, Mumbai - MPCB",HE,2026-06-06 00:00:00+05:30,12.3,33.7,72.5,0.95,271.0,0.567,7.17,2.52,0.207,True,9
3409486,"Kherwadi_Bandra East, Mumbai - MPCB",HE,2026-06-07 00:00:00+05:30,16.9,33.7,71.8,1.02,269.0,0.739,7.85,2.41,0.25,True,9
3409486,"Kherwadi_Bandra East, Mumbai - MPCB",HE,2026-06-08 00:00:00+05:30,15.7,33.5,70.9,0.993,264.0,1.28,5.13,2.33,0.453,True,9
3409486,"Kherwadi_Bandra East, Mumbai - MPCB",HE,2026-06-09 00:00:00+05:30,27.1,33.6,71.3,1.19,273.0,4.72,9.8,3.24,0.239,True,9
3409486,"Kherwadi_Bandra East, Mumbai - MPCB",HE,2026-06-10 00:00:00+05:30,26.3,33.3,69.6,1.07,266.0,4.05,12.6,2.33,0.206,True,9
3409486,"Kherwadi_Bandra East, Mumbai - MPCB",HE,2026-06-11 00:00:00+05:30,26.3,33.6,68.4,1.02,267.0,4.15,27.2,2.01,0.294,True,9
3409486,"Kherwadi_Bandra East, Mumbai - MPCB",HE,2026-06-12 00:00:00+05:30,25.3,33.5,70.2,1.05,268.0,4.6,29.9,2.42,0.155,True,9
3409486,"Kherwadi_Bandra East, Mumbai - MPCB",HE,2026-06-13 00:00:00+05:30,29.0,33.5,69.1,1.13,268.0,4.59,26.2,2.28,0.3,True,9
3409486,"Kherwadi_Bandra East, Mumbai - MPCB",HE,2026-06-14 00:00:00+05:30,23.4,33.4,67.4,,,5.45,21.9,2.02,0.379,False,7
3409486,"Kherwadi_Bandra East, Mumbai - MPCB",HE,2026-06-15 00:00:00+05:30,22.2,33.7,65.8,,272.0,7.39,22.1,2.3,0.298,False,8
3409486,"Kherwadi_Bandra East, Mumbai - MPCB",HE,2026-06-16 00:00:00+05:30,19.6,33.2,66.6,1.05,269.0,7.72,20.2,2.37,0.338,True,9
3409486,"Kherwadi_Bandra East, Mumbai - MPCB",HE,2026-06-17 00:00:00+05:30,33.4,32.9,65.9,,261.0,7.43,23.2,2.04,0.307,False,8
3409486,"Kherwadi_Bandra East, Mumbai - MPCB",HE,2026-06-18 00:00:00+05:30,,33.0,64.4,1.02,265.0,7.58,11.3,2.29,0.285,False,8
3409486,"Kherwadi_Bandra East, Mumbai - MPCB",HE,2026-06-19 00:00:00+05:30,18.0,31.7,66.5,0.835,268.0,7.74,5.45,2.35,0.361,True,9
3409486,"Kherwadi_Bandra East, Mumbai - MPCB",HE,2026-06-20 00:00:00+05:30,17.4,32.8,64.0,,,7.69,9.86,2.3,0.315,False,7
3409486,"Kherwadi_Bandra East, Mumbai - MPCB",HE,2026-06-21 00:00:00+05:30,12.1,31.7,76.1,0.849,242.0,13.5,15.5,2.51,0.411,True,9
3409486,"Kherwadi_Bandra East, Mumbai - MPCB",HE,2026-06-22 00:00:00+05:30,11.1,31.1,82.3,0.612,,12.1,,2.29,0.377,False,7
3409486,"Kherwadi_Bandra East, Mumbai - MPCB",HE,2026-06-23 00:00:00+05:30,10.0,28.2,99.7,1.07,,11.3,,2.55,0.24,False,7
3409486,"Kherwadi_Bandra East, Mumbai - MPCB",HE,2026-06-25 00:00:00+05:30,23.8,29.2,99.6,0.46,212.0,8.96,55.7,2.58,0.324,True,9
3409486,"Kherwadi_Bandra East, Mumbai - MPCB",HE,2026-06-26 00:00:00+05:30,16.8,30.4,92.9,,,9.65,44.7,2.36,0.316,False,7
3409486,"Kherwadi_Bandra East, Mumbai - MPCB",HE,2026-06-27 00:00:00+05:30,18.1,31.2,87.6,0.778,206.0,8.99,10.3,2.59,0.314,True,9
3409486,"Kherwadi_Bandra East, Mumbai - MPCB",HE,2026-06-28 00:00:00+05:30,12.7,30.6,91.4,0.868,239.99999999999994,8.27,20.4,2.33,0.33,True,9
3409486,"Kherwadi_Bandra East, Mumbai - MPCB",HE,2026-06-29 00:00:00+05:30,9.85,27.7,99.6,0.643,203.0,9.05,30.3,2.48,0.323,True,9
3409486,"Kherwadi_Bandra East, Mumbai - MPCB",HE,2026-06-30 00:00:00+05:30,11.5,27.4,99.9,0.493,174.0,8.92,21.4,2.73,0.327,True,9
3409486,"Kherwadi_Bandra East, Mumbai - MPCB",HE,2026-07-01 00:00:00+05:30,9.31,26.9,99.9,0.777,242.99999999999997,8.53,15.3,2.36,0.305,True,9
3409486,"Kherwadi_Bandra East, Mumbai - MPCB",HE,2026-07-02 00:00:00+05:30,5.77,26.9,99.9,0.741,212.0,7.74,15.3,2.57,0.381,True,9
3409486,"Kherwadi_Bandra East, Mumbai - MPCB",HE,2026-07-03 00:00:00+05:30,7.27,26.5,99.8,0.843,227.0,8.1,14.5,2.38,0.357,True,9
3409486,"Kherwadi_Bandra East, Mumbai - MPCB",HE,2026-07-04 00:00:00+05:30,18.2,26.6,99.8,0.954,258.0,8.32,8.35,2.36,0.402,True,9
3409486,"Kherwadi_Bandra East, Mumbai - MPCB",HE,2026-07-05 00:00:00+05:30,10.5,27.1,99.9,1.31,270.0,8.89,12.8,2.47,0.397,True,9
3409486,"Kherwadi_Bandra East, Mumbai - MPCB",HE,2026-07-06 00:00:00+05:30,18.4,27.2,99.9,1.69,273.0,9.59,15.5,2.25,0.296,True,9
3409486,"Kherwadi_Bandra East, Mumbai - MPCB",HE,2026-07-07 00:00:00+05:30,20.4,28.5,99.8,1.41,272.0,10.7,15.1,2.46,0.289,True,9
3409486,"Kherwadi_Bandra East, Mumbai - MPCB",HE,2026-07-08 00:00:00+05:30,18.2,28.8,99.8,1.04,266.0,6.99,12.0,2.73,0.27,True,9
3409486,"Kherwadi_Bandra East, Mumbai - MPCB",HE,2026-07-09 00:00:00+05:30,23.4,30.1,99.7,0.625,273.0,5.95,15.4,2.19,0.291,True,9
3409486,"Kherwadi_Bandra East, Mumbai - MPCB",HE,2026-07-10 00:00:00+05:30,12.8,30.4,98.1,0.927,260.0,3.61,21.1,1.69,0.276,True,9
3409486,"Kherwadi_Bandra East, Mumbai - MPCB",HE,2026-07-11 00:00:00+05:30,11.4,31.2,95.9,0.873,259.0,5.47,18.6,2.35,0.333,True,9
3409486,"Kherwadi_Bandra East, Mumbai - MPCB",HE,2026-07-12 00:00:00+05:30,9.32,30.9,94.9,0.648,268.0,5.49,18.0,2.01,0.264,True,9
3409486,"Kherwadi_Bandra East, Mumbai - MPCB",HE,2026-07-13 00:00:00+05:30,17.9,31.3,89.7,0.615,262.0,5.46,24.1,1.94,0.24,True,9
3409486,"Kherwadi_Bandra East, Mumbai - MPCB",HE,2026-07-14 00:00:00+05:30,16.0,31.6,85.0,0.851,254.0,6.24,15.4,2.51,0.164,True,9
3409486,"Kherwadi_Bandra East, Mumbai - MPCB",HE,2026-07-15 00:00:00+05:30,15.5,30.7,96.3,0.909,267.0,6.85,15.4,3.96,0.325,True,9
3409486,"Kherwadi_Bandra East, Mumbai - MPCB",HE,2026-07-16 00:00:00+05:30,16.7,30.5,97.7,0.935,257.0,4.6,15.3,4.01,0.327,True,9
3409486,"Kherwadi_Bandra East, Mumbai - MPCB",HE,2026-07-17 00:00:00+05:30,18.0,30.0,99.7,1.17,266.0,4.82,15.4,3.71,0.369,True,9
3409486,"Kherwadi_Bandra East, Mumbai - MPCB",HE,2026-07-18 00:00:00+05:30,14.7,29.0,99.5,1.06,247.0,3.97,15.4,4.08,0.348,True,9
3409486,"Kherwadi_Bandra East, Mumbai - MPCB",HE,2026-07-19 00:00:00+05:30,16.4,28.2,99.8,0.807,246.0,3.87,15.3,4.06,0.315,True,9
3409486,"Kherwadi_Bandra East, Mumbai - MPCB",HE,2026-07-20 00:00:00+05:30,14.2,27.6,99.8,0.94,262.0,4.06,15.3,3.88,0.298,True,9
3409486,"Kherwadi_Bandra East, Mumbai - MPCB",HE,2026-07-21 00:00:00+05:30,18.3,29.1,99.8,0.882,270.0,3.31,14.7,4.1,0.398,True,9
3409486,"Kherwadi_Bandra East, Mumbai - MPCB",HE,2026-07-22 00:00:00+05:30,13.0,27.4,99.9,1.03,275.0,3.14,11.4,3.91,0.547,True,9
3409486,"Kherwadi_Bandra East, Mumbai - MPCB",HE,2026-07-23 00:00:00+05:30,11.1,28.0,99.8,0.865,263.0,2.83,13.5,3.18,0.293,True,9
3409486,"Kherwadi_Bandra East, Mumbai - MPCB",HE,2026-07-24 00:00:00+05:30,13.5,28.7,99.7,0.893,254.0,3.02,12.4,2.68,0.405,True,9
3409486,"Kherwadi_Bandra East, Mumbai - MPCB",HE,2026-07-25 00:00:00+05:30,15.6,29.4,99.8,0.951,265.0,3.1,10.2,2.11,0.548,True,9
3409486,"Kherwadi_Bandra East, Mumbai - MPCB",HE,2026-07-26 00:00:00+05:30,16.2,29.0,99.8,1.08,268.0,2.85,8.41,2.12,0.552,True,9
3409486,"Kherwadi_Bandra East, Mumbai - MPCB",HE,2026-07-27 00:00:00+05:30,15.2,28.6,99.8,1.09,269.0,3.03,11.9,2.93,0.456,True,9
3409486,"Kherwadi_Bandra East, Mumbai - MPCB",HE,2026-07-28 00:00:00+05:30,19.0,29.4,99.8,1.16,261.0,2.93,11.9,4.67,0.36,True,9
3409486,"Kherwadi_Bandra East, Mumbai - MPCB",HE,2026-07-29 00:00:00+05:30,20.1,29.9,99.7,1.24,257.0,3.04,11.1,1.84,0.483,True,9
3409486,"Kherwadi_Bandra East, Mumbai - MPCB",HE,2026-07-30 00:00:00+05:30,19.0,29.4,99.8,1.27,264.0,2.87,8.11,2.09,0.511,True,9
3409486,"Kherwadi_Bandra East, Mumbai - MPCB",HE,2026-07-31 00:00:00+05:30,18.7,28.9,99.9,1.35,262.0,3.28,9.71,6.54,0.422,True,9
3409486,"Kherwadi_Bandra East, Mumbai - MPCB",HE,2026-08-01 00:00:00+05:30,20.9,29.1,99.8,1.26,270.0,2.94,5.13,4.9,0.412,True,9
3409486,"Kherwadi_Bandra East, Mumbai - MPCB",HE,2026-08-02 00:00:00+05:30,19.6,28.5,99.9,1.07,269.0,2.74,5.65,6.84,0.37,True,9
3409486,"Kherwadi_Bandra East, Mumbai - MPCB",HE,2026-08-03 00:00:00+05:30,18.2,29.1,99.5,1.26,255.0,2.61,5.53,4.65,0.39,True,9
3409486,"Kherwadi_Bandra East, Mumbai - MPCB",HE,2026-08-04 00:00:00+05:30,20.2,28.9,99.8,1.17,245.0,4.58,8.01,12.5,0.385,True,9
3409486,"Kherwadi_Bandra East, Mumbai - MPCB",HE,2026-08-05 00:00:00+05:30,20.7,28.0,99.8,0.817,260.0,4.18,10.4,5.33,0.448,True,9
3409486,"Kherwadi_Bandra East, Mumbai - MPCB",HE,2026-08-06 00:00:00+05:30,20.0,29.2,99.7,1.18,266.0,3.88,15.5,11.7,0.416,True,9
3409486,"Kherwadi_Bandra East, Mumbai - MPCB",HE,2026-08-07 00:00:00+05:30,15.5,29.7,98.9,1.13,263.0,4.05,14.3,6.21,0.419,True,9
3409486,"Kherwadi_Bandra East, Mumbai - MPCB",HE,2026-08-08 00:00:00+05:30,15.4,29.3,99.7,1.13,266.0,3.89,8.14,7.36,0.616,True,9
3409486,"Kherwadi_Bandra East, Mumbai - MPCB",HE,2026-08-09 00:00:00+05:30,20.2,30.1,98.3,1.17,248.99999999999997,3.97,7.84,7.54,0.603,True,9
3409486,"Kherwadi_Bandra East, Mumbai - MPCB",HE,2026-08-10 00:00:00+05:30,17.3,29.5,97.5,1.05,258.0,4.11,6.36,3.09,0.591,True,9
3409486,"Kherwadi_Bandra East, Mumbai - MPCB",HE,2026-08-11 00:00:00+05:30,16.5,26.7,99.9,0.852,230.99999999999997,4.48,8.91,7.74,0.771,True,9
3409486,"Kherwadi_Bandra East, Mumbai - MPCB",HE,2026-08-12 00:00:00+05:30,13.6,28.7,99.8,1.04,255.0,4.0,10.3,2.48,0.586,True,9
3409486,"Kherwadi_Bandra East, Mumbai - MPCB",HE,2026-08-13 00:00:00+05:30,15.5,27.6,99.9,0.777,266.0,4.27,2.66,2.24,0.994,True,9
3409486,"Kherwadi_Bandra East, Mumbai - MPCB",HE,2026-08-14 00:00:00+05:30,12.9,27.1,99.9,0.685,237.0,3.46,6.22,2.46,1.48,True,9
3409486,"Kherwadi_Bandra East, Mumbai - MPCB",HE,2026-08-15 00:00:00+05:30,18.2,27.7,99.9,1.14,268.0,2.98,14.7,2.83,0.747,True,9
3409486,"Kherwadi_Bandra East, Mumbai - MPCB",HE,2026-08-16 00:00:00+05:30,12.2,28.6,98.4,1.22,267.0,4.31,10.0,2.19,0.628,True,9
3409486,"Kherwadi_Bandra East, Mumbai - MPCB",HE,2026-08-17 00:00:00+05:30,11.4,28.7,99.8,1.17,267.0,4.25,9.25,2.1,0.646,True,9
3409486,"Kherwadi_Bandra East, Mumbai - MPCB",HE,2026-08-18 00:00:00+05:30,13.8,29.0,99.8,1.25,263.0,4.02,10.0,2.22,0.649,True,9
3409486,"Kherwadi_Bandra East, Mumbai - MPCB",HE,2026-08-19 00:00:00+05:30,10.4,29.3,99.2,1.14,268.0,3.96,9.87,2.03,0.637,True,9
3409486,"Kherwadi_Bandra East, Mumbai - MPCB",HE,2026-08-20 00:00:00+05:30,9.85,29.2,99.2,1.13,265.0,4.15,11.7,2.17,0.644,True,9
3409486,"Kherwadi_Bandra East, Mumbai - MPCB",HE,2026-08-21 00:00:00+05:30,9.04,29.7,99.1,1.17,269.0,3.92,13.6,2.27,0.648,True,9
3409486,"Kherwadi_Bandra East, Mumbai - MPCB",HE,2026-08-22 00:00:00+05:30,10.0,29.4,98.3,1.17,271.0,3.88,13.5,2.24,0.637,True,9
3409486,"Kherwadi_Bandra East, Mumbai - MPCB",HE,2026-08-23 00:00:00+05:30,12.5,29.6,99.6,1.09,264.0,3.85,11.8,2.14,0.636,True,9
3409486,"Kherwadi_Bandra East, Mumbai - MPCB",HE,2026-08-24 00:00:00+05:30,14.2,28.9,98.7,0.985,258.0,4.09,10.9,2.48,0.661,True,9
3409486,"Kherwadi_Bandra East, Mumbai - MPCB",HE,2026-08-25 00:00:00+05:30,11.7,29.6,99.8,1.15,266.0,3.72,11.0,2.24,0.661,True,9
3409486,"Kherwadi_Bandra East, Mumbai - MPCB",HE,2026-08-26 00:00:00+05:30,10.9,29.7,96.9,1.12,272.0,3.98,10.9,2.33,0.603,True,9
3409486,"Kherwadi_Bandra East, Mumbai - MPCB",HE,2026-08-27 00:00:00+05:30,10.1,29.6,97.1,1.13,262.0,3.47,10.9,2.14,0.6,True,9
3409486,"Kherwadi_Bandra East, Mumbai - MPCB",HE,2026-08-28 00:00:00+05:30,10.7,29.1,99.8,1.13,269.0,3.04,21.7,1.98,0.69,True,9
3409486,"Kherwadi_Bandra East, Mumbai - MPCB",HE,2026-08-29 00:00:00+05:30,12.6,28.9,99.8,1.06,270.0,3.51,17.1,2.15,0.609,True,9
3409486,"Kherwadi_Bandra East, Mumbai - MPCB",HE,2026-08-30 00:00:00+05:30,9.93,30.3,95.7,1.12,262.0,3.69,22.5,2.16,0.619,True,9
3409486,"Kherwadi_Bandra East, Mumbai - MPCB",HE,2026-08-31 00:00:00+05:30,8.92,30.0,95.9,1.09,268.0,3.74,22.8,2.28,0.633,True,9
3409486,"Kherwadi_Bandra East, Mumbai - MPCB",HE,2026-09-01 00:00:00+05:30,9.57,30.0,98.0,1.01,263.0,3.65,22.6,2.24,0.628,True,9
3409486,"Kherwadi_Bandra East, Mumbai - MPCB",HE,2026-09-02 00:00:00+05:30,9.87,29.0,96.9,0.89,268.0,3.39,22.2,2.54,0.64,True,9
3409486,"Kherwadi_Bandra East, Mumbai - MPCB",HE,2026-09-03 00:00:00+05:30,14.2,29.2,97.2,0.873,269.0,3.41,22.6,2.62,0.651,True,9
3409486,"Kherwadi_Bandra East, Mumbai - MPCB",HE,2026-09-04 00:00:00+05:30,12.3,29.5,93.8,0.982,262.0,3.69,22.4,2.32,0.647,True,9
3409486,"Kherwadi_Bandra East, Mumbai - MPCB",HE,2026-09-05 00:00:00+05:30,13.1,29.2,96.6,0.966,263.0,3.55,22.8,2.46,0.661,True,9
3409486,"Kherwadi_Bandra East, Mumbai - MPCB",HE,2026-09-06 00:00:00+05:30,10.9,28.6,99.8,0.876,242.0,3.76,22.5,2.71,0.713,True,9
3409486,"Kherwadi_Bandra East, Mumbai - MPCB",HE,2026-09-07 00:00:00+05:30,11.8,29.4,96.9,0.979,265.0,3.78,17.2,2.39,0.644,True,9
3409486,"Kherwadi_Bandra East, Mumbai - MPCB",HE,2026-09-08 00:00:00+05:30,19.9,30.0,93.5,1.09,268.0,3.66,13.4,2.45,0.515,True,9
3409486,"Kherwadi_Bandra East, Mumbai - MPCB",HE,2026-09-09 00:00:00+05:30,16.1,30.1,92.7,1.08,263.0,3.78,17.0,3.02,0.583,True,9
3409486,"Kherwadi_Bandra East, Mumbai - MPCB",HE,2026-09-10 00:00:00+05:30,17.1,30.2,93.7,0.951,254.0,3.98,16.5,3.47,0.589,True,9
3409486,"Kherwadi_Bandra East, Mumbai - MPCB",HE,2026-09-11 00:00:00+05:30,20.8,29.5,94.2,0.8,230.99999999999997,3.87,18.5,3.45,0.61,True,9
3409486,"Kherwadi_Bandra East, Mumbai - MPCB",HE,2026-09-12 00:00:00+05:30,22.3,29.6,94.4,0.927,248.0,4.22,19.5,3.75,0.454,True,9
3409486,"Kherwadi_Bandra East, Mumbai - MPCB",HE,2026-09-13 00:00:00+05:30,20.9,25.9,99.8,0.592,186.99999999999997,4.11,24.5,4.4,0.589,True,9
3409486,"Kherwadi_Bandra East, Mumbai - MPCB",HE,2026-09-14 00:00:00+05:30,22.0,28.3,98.4,0.786,236.0,4.04,28.3,3.82,0.625,True,9
3409486,"Kherwadi_Bandra East, Mumbai - MPCB",HE,2026-09-15 00:00:00+05:30,12.3,28.4,99.1,0.738,148.0,4.4,26.1,3.65,0.523,True,9
3409486,"Kherwadi_Bandra East, Mumbai - MPCB",HE,2026-09-16 00:00:00+05:30,13.0,28.9,97.5,0.744,190.0,4.34,22.0,4.46,0.546,True,9
3409486,"Kherwadi_Bandra East, Mumbai - MPCB",HE,2026-09-17 00:00:00+05:30,11.7,30.1,96.1,0.678,208.0,4.57,23.4,3.55,0.569,True,9
3409510,"Byculla, Mumbai - BMC",E,2025-10-11 00:00:00+05:30,64.8,28.1,67.3,1.11,158.0,41.6,42.5,2.1,0.16,True,9
3409510,"Byculla, Mumbai - BMC",E,2025-10-12 00:00:00+05:30,63.0,28.2,66.3,1.05,140.0,38.7,42.5,2.8,0.324,True,9
3409510,"Byculla, Mumbai - BMC",E,2025-10-13 00:00:00+05:30,63.0,28.2,66.6,1.07,105.00000000000001,43.3,43.9,2.92,0.318,True,9
3409510,"Byculla, Mumbai - BMC",E,2025-10-14 00:00:00+05:30,62.2,28.0,66.1,1.12,127.00000000000001,44.6,45.4,2.84,0.315,True,9
3409510,"Byculla, Mumbai - BMC",E,2025-10-15 00:00:00+05:30,63.3,28.2,68.2,1.04,163.0,53.4,36.6,2.8,0.396,True,9
3409510,"Byculla, Mumbai - BMC",E,2025-10-16 00:00:00+05:30,46.6,29.3,69.9,1.0,201.0,44.1,35.5,3.06,0.191,True,9
3409510,"Byculla, Mumbai - BMC",E,2025-10-17 00:00:00+05:30,40.6,29.9,64.5,0.938,238.0,38.6,42.1,3.51,0.201,True,9
3409510,"Byculla, Mumbai - BMC",E,2025-10-18 00:00:00+05:30,61.0,29.5,64.0,1.05,156.0,40.8,45.1,4.06,0.202,True,9
3409510,"Byculla, Mumbai - BMC",E,2025-10-19 00:00:00+05:30,83.6,29.4,63.6,1.05,153.0,37.6,48.9,5.1,0.207,True,9
3409510,"Byculla, Mumbai - BMC",E,2025-10-20 00:00:00+05:30,110.0,28.4,71.3,1.04,147.0,37.9,39.9,6.13,0.334,True,9
3409510,"Byculla, Mumbai - BMC",E,2025-10-21 00:00:00+05:30,117.0,29.1,65.6,0.914,204.99999999999997,31.0,39.1,7.34,0.123,True,9
3409510,"Byculla, Mumbai - BMC",E,2025-10-22 00:00:00+05:30,48.8,29.4,67.2,1.04,194.99999999999997,28.8,32.0,7.36,0.228,True,9
3409510,"Byculla, Mumbai - BMC",E,2025-10-23 00:00:00+05:30,53.9,29.9,66.9,0.897,258.0,35.5,25.5,7.5,0.0993,True,9
3409510,"Byculla, Mumbai - BMC",E,2025-10-24 00:00:00+05:30,20.3,29.2,70.8,1.03,219.00000000000003,27.5,22.4,6.76,0.11,True,9
3409510,"Byculla, Mumbai - BMC",E,2025-10-25 00:00:00+05:30,12.1,27.9,76.8,0.936,285.0,28.6,12.1,6.49,0.239,True,9
3409510,"Byculla, Mumbai - BMC",E,2025-10-26 00:00:00+05:30,8.6,27.4,76.0,1.0,280.0,25.8,8.89,6.57,0.133,True,9
3409510,"Byculla, Mumbai - BMC",E,2025-10-27 00:00:00+05:30,11.5,27.7,77.7,,,26.4,15.1,6.72,0.232,False,7
3409510,"Byculla, Mumbai - BMC",E,2025-10-28 00:00:00+05:30,25.0,27.9,75.7,,,30.7,16.5,6.31,0.297,False,7
3409510,"Byculla, Mumbai - BMC",E,2025-10-29 00:00:00+05:30,29.1,28.8,70.0,,,31.0,20.9,6.39,0.222,False,7
3409510,"Byculla, Mumbai - BMC",E,2025-10-30 00:00:00+05:30,16.0,26.9,79.0,,,27.1,20.4,6.63,0.21,False,7
3409510,"Byculla, Mumbai - BMC",E,2025-10-31 00:00:00+05:30,18.0,26.8,81.8,,,33.3,12.1,6.49,0.31,False,7
3409510,"Byculla, Mumbai - BMC",E,2025-11-01 00:00:00+05:30,16.3,27.7,81.8,,,27.5,16.3,7.01,0.309,False,7
3409510,"Byculla, Mumbai - BMC",E,2025-11-02 00:00:00+05:30,11.8,26.3,85.2,,,25.4,12.8,7.04,0.108,False,7
3409510,"Byculla, Mumbai - BMC",E,2025-11-03 00:00:00+05:30,12.0,27.3,79.8,,,23.2,16.5,7.27,0.264,False,7
3409510,"Byculla, Mumbai - BMC",E,2025-11-04 00:00:00+05:30,15.4,27.7,76.4,,,17.2,28.8,7.65,0.118,False,7
3409510,"Byculla, Mumbai - BMC",E,2025-11-05 00:00:00+05:30,17.2,26.4,73.1,0.902,80.1,21.5,24.7,8.07,0.16,True,9
3409510,"Byculla, Mumbai - BMC",E,2025-11-06 00:00:00+05:30,34.3,26.6,73.9,,,31.3,38.3,9.0,0.223,False,7
3409510,"Byculla, Mumbai - BMC",E,2025-11-07 00:00:00+05:30,53.6,27.5,68.8,,147.0,42.7,42.0,10.2,0.381,False,8
3409510,"Byculla, Mumbai - BMC",E,2025-11-08 00:00:00+05:30,40.5,27.0,65.6,,131.0,48.1,34.7,10.2,0.188,False,8
3409510,"Byculla, Mumbai - BMC",E,2025-11-09 00:00:00+05:30,37.9,25.9,62.4,,96.2,44.2,32.0,9.66,0.119,False,8
3409510,"Byculla, Mumbai - BMC",E,2025-11-10 00:00:00+05:30,38.5,23.8,73.3,,115.0,60.5,9.72,9.77,0.503,False,8
3409510,"Byculla, Mumbai - BMC",E,2025-11-11 00:00:00+05:30,25.2,25.8,65.5,,147.0,46.3,30.3,16.2,0.938,False,8
3409510,"Byculla, Mumbai - BMC",E,2025-11-12 00:00:00+05:30,30.8,26.3,54.9,0.887,243.99999999999994,67.7,21.7,11.7,1.2,True,9
3409510,"Byculla, Mumbai - BMC",E,2025-11-13 00:00:00+05:30,34.0,26.6,54.0,0.953,192.99999999999997,60.0,25.9,12.1,0.9,True,9
3409510,"Byculla, Mumbai - BMC",E,2025-11-14 00:00:00+05:30,37.4,26.6,58.5,0.898,197.0,72.0,26.3,11.8,0.945,True,9
3409510,"Byculla, Mumbai - BMC",E,2025-11-15 00:00:00+05:30,38.1,22.7,72.7,,116.00000000000001,96.7,1.5,11.5,1.14,False,8
3409510,"Byculla, Mumbai - BMC",E,2025-11-16 00:00:00+05:30,27.2,23.9,61.8,1.02,149.0,75.1,19.6,13.9,1.13,True,9
3409510,"Byculla, Mumbai - BMC",E,2025-11-17 00:00:00+05:30,37.1,25.3,53.2,0.763,223.0,62.5,24.1,14.3,0.848,True,9
3409510,"Byculla, Mumbai - BMC",E,2025-11-18 00:00:00+05:30,43.4,22.9,59.4,0.85,243.99999999999994,78.1,16.2,15.6,1.19,True,9
3409510,"Byculla, Mumbai - BMC",E,2025-11-19 00:00:00+05:30,40.7,25.6,53.7,0.796,262.0,70.5,20.1,16.1,1.01,True,9
3409510,"Byculla, Mumbai - BMC",E,2025-11-20 00:00:00+05:30,43.7,25.1,54.0,0.837,217.99999999999997,102.0,19.9,12.8,0.0,True,9
3409510,"Byculla, Mumbai - BMC",E,2025-11-21 00:00:00+05:30,58.1,22.9,63.2,0.46,142.0,88.5,4.53,12.5,0.88,True,9
3409510,"Byculla, Mumbai - BMC",E,2025-11-22 00:00:00+05:30,54.8,28.1,58.5,0.994,208.0,93.6,33.2,15.4,1.43,True,9
3409510,"Byculla, Mumbai - BMC",E,2025-11-23 00:00:00+05:30,88.1,26.6,71.1,0.875,176.0,94.8,19.4,14.7,1.38,True,9
3409510,"Byculla, Mumbai - BMC",E,2025-11-24 00:00:00+05:30,68.6,27.1,70.9,1.06,161.0,77.5,15.2,14.7,1.17,True,9
3409510,"Byculla, Mumbai - BMC",E,2025-11-25 00:00:00+05:30,82.1,27.4,71.6,0.913,145.0,77.4,21.6,14.8,1.67,True,9
3409510,"Byculla, Mumbai - BMC",E,2025-11-26 00:00:00+05:30,84.7,27.4,72.0,0.996,151.0,67.5,26.5,15.4,1.25,True,9
3409510,"Byculla, Mumbai - BMC",E,2025-11-27 00:00:00+05:30,78.0,27.2,67.2,0.831,238.0,63.5,26.1,16.2,1.36,True,9
3409510,"Byculla, Mumbai - BMC",E,2025-11-28 00:00:00+05:30,76.2,26.8,67.3,0.819,233.99999999999997,83.2,22.1,16.5,1.5,True,9
3409510,"Byculla, Mumbai - BMC",E,2025-11-29 00:00:00+05:30,66.2,26.0,62.4,0.7,206.99999999999997,70.6,16.8,15.1,1.16,True,9
3409510,"Byculla, Mumbai - BMC",E,2025-11-30 00:00:00+05:30,51.6,24.9,55.7,0.783,181.0,63.0,21.7,15.4,1.1,True,9
3409510,"Byculla, Mumbai - BMC",E,2025-12-01 00:00:00+05:30,68.3,25.4,55.6,0.749,234.99999999999994,69.4,22.3,16.7,1.26,True,9
3409510,"Byculla, Mumbai - BMC",E,2025-12-02 00:00:00+05:30,93.4,23.0,72.6,0.934,151.0,,,15.3,,False,6
3409510,"Byculla, Mumbai - BMC",E,2025-12-04 00:00:00+05:30,65.4,27.1,55.0,0.887,228.0,97.5,15.9,16.8,1.37,True,9
3409510,"Byculla, Mumbai - BMC",E,2025-12-05 00:00:00+05:30,70.6,27.4,56.4,0.65,239.0,84.0,17.9,15.3,1.24,True,9
3409510,"Byculla, Mumbai - BMC",E,2025-12-06 00:00:00+05:30,59.9,26.7,58.6,0.745,201.99999999999997,66.9,21.6,16.9,0.903,True,9
3409510,"Byculla, Mumbai - BMC",E,2025-12-07 00:00:00+05:30,60.2,26.5,58.1,0.803,236.0,64.1,27.4,18.0,1.06,True,9
3409510,"Byculla, Mumbai - BMC",E,2025-12-08 00:00:00+05:30,60.9,25.8,60.6,0.827,188.99999999999997,82.2,20.0,18.3,1.51,True,9
3409510,"Byculla, Mumbai - BMC",E,2025-12-09 00:00:00+05:30,49.1,25.5,53.5,0.746,203.99999999999997,97.7,15.5,17.9,1.11,True,9
3409510,"Byculla, Mumbai - BMC",E,2025-12-10 00:00:00+05:30,43.6,25.3,49.4,0.829,153.0,96.2,15.4,18.1,0.21,True,9
3409510,"Byculla, Mumbai - BMC",E,2025-12-11 00:00:00+05:30,41.5,25.3,50.1,0.714,153.0,83.4,17.7,17.1,0.4,True,9
3409510,"Byculla, Mumbai - BMC",E,2025-12-12 00:00:00+05:30,49.1,24.3,55.0,0.778,146.0,92.4,18.2,16.4,0.606,True,9
3409510,"Byculla, Mumbai - BMC",E,2025-12-13 00:00:00+05:30,62.7,24.8,59.8,,,99.4,25.2,16.5,0.828,False,7
3409510,"Byculla, Mumbai - BMC",E,2025-12-14 00:00:00+05:30,66.7,25.2,59.8,0.741,181.0,108.0,17.8,17.2,0.525,True,9
3409510,"Byculla, Mumbai - BMC",E,2025-12-15 00:00:00+05:30,58.4,25.2,54.6,0.763,167.0,94.1,15.7,18.5,0.977,True,9
3409510,"Byculla, Mumbai - BMC",E,2025-12-16 00:00:00+05:30,55.9,25.4,53.9,0.649,216.0,76.9,23.7,18.2,0.0958,True,9
3409510,"Byculla, Mumbai - BMC",E,2025-12-17 00:00:00+05:30,67.0,25.7,55.6,0.75,194.99999999999997,95.6,22.6,19.3,0.879,True,9
3409510,"Byculla, Mumbai - BMC",E,2025-12-18 00:00:00+05:30,72.7,26.3,56.5,0.637,123.00000000000001,91.0,21.2,18.1,0.511,True,9
3409510,"Byculla, Mumbai - BMC",E,2025-12-19 00:00:00+05:30,68.0,26.3,55.6,0.81,183.99999999999997,59.1,29.2,19.8,0.0,True,9
3409510,"Byculla, Mumbai - BMC",E,2025-12-20 00:00:00+05:30,45.5,26.7,50.6,0.773,177.0,83.0,24.1,19.7,0.342,True,9
3409510,"Byculla, Mumbai - BMC",E,2025-12-21 00:00:00+05:30,38.6,25.2,51.7,0.663,175.0,80.7,15.2,18.3,0.454,True,9
3409510,"Byculla, Mumbai - BMC",E,2025-12-22 00:00:00+05:30,54.0,24.6,55.7,0.717,163.0,89.4,14.8,18.4,0.705,True,9
3409510,"Byculla, Mumbai - BMC",E,2025-12-23 00:00:00+05:30,53.4,25.1,54.5,0.71,149.0,86.6,17.7,19.9,0.272,True,9
3409510,"Byculla, Mumbai - BMC",E,2025-12-24 00:00:00+05:30,38.1,25.2,53.8,0.692,132.0,80.7,15.0,19.2,0.261,True,9
3409510,"Byculla, Mumbai - BMC",E,2025-12-25 00:00:00+05:30,55.1,27.7,42.0,0.607,210.0,,13.8,18.6,0.45,False,8
3409510,"Byculla, Mumbai - BMC",E,2025-12-27 00:00:00+05:30,56.1,26.6,55.1,0.817,118.00000000000001,75.3,30.3,20.7,0.655,True,9
3409510,"Byculla, Mumbai - BMC",E,2025-12-28 00:00:00+05:30,76.0,24.1,64.9,,150.0,97.4,10.2,19.5,1.1,False,8
3409510,"Byculla, Mumbai - BMC",E,2025-12-29 00:00:00+05:30,73.2,25.8,56.9,,132.0,68.1,30.4,20.5,0.386,False,8
3409510,"Byculla, Mumbai - BMC",E,2025-12-30 00:00:00+05:30,82.0,24.5,63.7,,64.8,92.3,22.8,20.5,1.07,False,8
3409510,"Byculla, Mumbai - BMC",E,2025-12-31 00:00:00+05:30,79.8,24.3,69.8,,,89.6,17.9,20.5,0.981,False,7
3409510,"Byculla, Mumbai - BMC",E,2026-01-01 00:00:00+05:30,38.3,24.7,73.3,,174.0,57.4,11.4,20.0,0.0674,False,8
3409510,"Byculla, Mumbai - BMC",E,2026-01-02 00:00:00+05:30,59.1,23.9,78.0,0.913,151.0,68.3,12.4,20.0,1.25,True,9
3409510,"Byculla, Mumbai - BMC",E,2026-01-03 00:00:00+05:30,65.6,24.7,71.3,0.798,158.0,78.4,12.3,19.6,0.867,True,9
3409510,"Byculla, Mumbai - BMC",E,2026-01-04 00:00:00+05:30,88.5,25.3,70.2,0.747,243.99999999999994,69.0,13.1,19.1,0.753,True,9
3409510,"Byculla, Mumbai - BMC",E,2026-01-05 00:00:00+05:30,72.5,25.8,64.7,0.789,114.00000000000001,69.7,17.0,19.3,0.684,True,9
3409510,"Byculla, Mumbai - BMC",E,2026-01-06 00:00:00+05:30,77.8,25.7,67.5,0.788,168.0,70.2,17.3,20.0,0.724,True,9
3409510,"Byculla, Mumbai - BMC",E,2026-01-07 00:00:00+05:30,88.6,25.2,64.4,0.763,145.0,82.4,20.4,20.7,1.12,True,9
3409510,"Byculla, Mumbai - BMC",E,2026-01-08 00:00:00+05:30,58.9,24.7,58.1,0.822,93.5,71.8,26.3,18.5,0.921,True,9
3409510,"Byculla, Mumbai - BMC",E,2026-01-09 00:00:00+05:30,58.5,24.4,55.2,,176.0,65.6,,3.77,0.83,False,7
3409510,"Byculla, Mumbai - BMC",E,2026-01-10 00:00:00+05:30,62.3,24.7,52.6,0.514,210.99999999999997,56.6,24.5,2.61,0.588,True,9
3409510,"Byculla, Mumbai - BMC",E,2026-01-20 00:00:00+05:30,46.6,22.5,71.6,0.816,146.0,66.7,15.9,3.34,1.21,True,9
3409510,"Byculla, Mumbai - BMC",E,2026-01-21 00:00:00+05:30,68.8,25.1,65.5,0.735,184.99999999999997,78.3,16.3,2.76,1.67,True,9
3409510,"Byculla, Mumbai - BMC",E,2026-01-22 00:00:00+05:30,70.1,25.4,67.1,0.708,154.0,66.8,19.2,3.4,1.54,True,9
3409510,"Byculla, Mumbai - BMC",E,2026-01-23 00:00:00+05:30,42.4,24.6,72.1,0.712,210.0,37.8,16.4,3.07,0.668,True,9
3409510,"Byculla, Mumbai - BMC",E,2026-01-24 00:00:00+05:30,33.8,24.0,63.4,0.755,224.99999999999997,52.6,15.1,0.761,0.579,True,9
3409510,"Byculla, Mumbai - BMC",E,2026-01-25 00:00:00+05:30,54.0,24.4,68.0,0.784,178.0,66.4,17.8,1.97,1.25,True,9
3409510,"Byculla, Mumbai - BMC",E,2026-01-26 00:00:00+05:30,66.4,25.6,69.5,0.683,174.0,59.7,24.8,3.09,1.68,True,9
3409510,"Byculla, Mumbai - BMC",E,2026-01-27 00:00:00+05:30,6.48,24.7,74.2,0.698,201.0,25.5,22.4,2.06,0.611,True,9
3409510,"Byculla, Mumbai - BMC",E,2026-01-28 00:00:00+05:30,17.6,24.3,63.3,0.632,239.0,37.4,20.4,2.15,0.621,True,9
3409510,"Byculla, Mumbai - BMC",E,2026-01-29 00:00:00+05:30,48.4,25.2,59.4,0.689,212.0,70.0,16.7,1.28,1.5,True,9
3409510,"Byculla, Mumbai - BMC",E,2026-01-30 00:00:00+05:30,66.6,26.0,71.3,0.743,175.0,63.3,15.5,2.33,1.7,True,9
3409510,"Byculla, Mumbai - BMC",E,2026-01-31 00:00:00+05:30,53.0,25.6,77.1,0.812,146.0,41.9,13.8,2.01,1.06,True,9
3409510,"Byculla, Mumbai - BMC",E,2026-02-01 00:00:00+05:30,65.3,26.1,69.3,1.0,130.0,51.4,20.2,2.45,1.4,True,9
3409510,"Byculla, Mumbai - BMC",E,2026-02-02 00:00:00+05:30,81.1,26.5,63.8,0.981,132.0,59.4,21.1,1.4,1.58,True,9
3409510,"Byculla, Mumbai - BMC",E,2026-02-03 00:00:00+05:30,81.4,26.1,63.8,0.93,168.0,74.0,13.2,2.09,1.18,True,9
3409510,"Byculla, Mumbai - BMC",E,2026-02-04 00:00:00+05:30,72.3,28.9,48.9,0.861,143.0,53.0,31.3,1.12,1.26,True,9
3409510,"Byculla, Mumbai - BMC",E,2026-02-05 00:00:00+05:30,60.9,27.5,54.2,0.876,155.0,54.8,21.5,4.77,1.46,True,9
3409510,"Byculla, Mumbai - BMC",E,2026-02-06 00:00:00+05:30,77.7,26.1,56.3,0.921,167.0,78.1,10.0,1.59,1.83,True,9
3409510,"Byculla, Mumbai - BMC",E,2026-02-07 00:00:00+05:30,62.8,28.2,47.6,0.893,159.0,63.6,30.6,0.643,1.33,True,9
3409510,"Byculla, Mumbai - BMC",E,2026-02-08 00:00:00+05:30,50.6,24.7,55.5,0.949,269.0,83.9,10.8,2.91,1.91,True,9
3409510,"Byculla, Mumbai - BMC",E,2026-02-09 00:00:00+05:30,62.0,26.4,61.9,0.966,177.0,64.7,20.4,1.3,1.45,True,9
3409510,"Byculla, Mumbai - BMC",E,2026-02-10 00:00:00+05:30,49.7,25.8,62.7,0.856,201.0,52.8,22.1,1.46,1.09,True,9
3409510,"Byculla, Mumbai - BMC",E,2026-02-11 00:00:00+05:30,45.2,28.1,57.6,1.01,320.0,35.1,28.4,1.7,0.88,True,9
3409510,"Byculla, Mumbai - BMC",E,2026-02-12 00:00:00+05:30,65.9,29.8,50.2,0.953,166.0,61.8,36.3,0.0,1.65,True,9
3409510,"Byculla, Mumbai - BMC",E,2026-02-13 00:00:00+05:30,55.4,28.4,58.7,0.791,153.0,48.1,34.0,2.64,1.37,True,9
3409510,"Byculla, Mumbai - BMC",E,2026-02-14 00:00:00+05:30,63.9,27.2,61.7,0.952,157.0,81.2,23.8,1.24,2.07,True,9
3409510,"Byculla, Mumbai - BMC",E,2026-02-15 00:00:00+05:30,44.1,27.6,62.1,0.947,155.0,68.8,19.2,2.42,1.76,True,9
3409510,"Byculla, Mumbai - BMC",E,2026-02-16 00:00:00+05:30,30.5,24.5,60.9,0.944,100.0,88.1,1.79,0.368,2.41,True,9
3409510,"Byculla, Mumbai - BMC",E,2026-02-17 00:00:00+05:30,12.1,27.7,59.8,0.853,217.99999999999997,31.1,27.8,0.767,0.84,True,9
3409510,"Byculla, Mumbai - BMC",E,2026-02-18 00:00:00+05:30,6.26,26.5,65.1,0.867,146.0,27.5,15.6,2.11,0.664,True,9
3409510,"Byculla, Mumbai - BMC",E,2026-02-19 00:00:00+05:30,20.7,26.4,69.4,1.12,93.1,37.4,25.9,3.2,1.12,True,9
3409510,"Byculla, Mumbai - BMC",E,2026-02-20 00:00:00+05:30,28.0,27.0,71.6,0.93,113.0,47.6,22.0,0.933,1.53,True,9
3409510,"Byculla, Mumbai - BMC",E,2026-02-21 00:00:00+05:30,35.0,28.6,59.9,,210.0,82.6,17.0,1.14,2.36,False,8
3409510,"Byculla, Mumbai - BMC",E,2026-02-22 00:00:00+05:30,24.0,26.0,70.8,,,66.3,3.98,0.546,2.15,False,7
3409510,"Byculla, Mumbai - BMC",E,2026-02-23 00:00:00+05:30,17.8,27.6,60.2,0.903,157.0,61.2,20.5,1.61,1.85,True,9
3409510,"Byculla, Mumbai - BMC",E,2026-02-24 00:00:00+05:30,13.3,26.9,68.3,,148.0,48.4,18.7,3.04,1.44,False,8
3409510,"Byculla, Mumbai - BMC",E,2026-02-25 00:00:00+05:30,13.6,25.0,74.4,1.12,51.300000000000004,60.9,10.5,0.455,1.66,True,9
3409510,"Byculla, Mumbai - BMC",E,2026-02-26 00:00:00+05:30,8.42,26.0,67.0,0.853,109.0,27.0,8.66,2.74,0.483,True,9
3409510,"Byculla, Mumbai - BMC",E,2026-02-27 00:00:00+05:30,9.45,26.2,63.0,0.938,74.6,28.4,10.6,0.767,0.768,True,9
3409510,"Byculla, Mumbai - BMC",E,2026-02-28 00:00:00+05:30,10.6,27.2,54.0,0.961,67.3,27.0,33.4,1.08,0.949,True,9
3409510,"Byculla, Mumbai - BMC",E,2026-03-01 00:00:00+05:30,24.1,25.9,64.3,1.02,59.7,37.0,27.3,1.38,2.73,True,9
3409510,"Byculla, Mumbai - BMC",E,2026-03-02 00:00:00+05:30,24.4,26.2,66.2,1.01,72.7,38.3,25.1,0.233,,False,8
3409510,"Byculla, Mumbai - BMC",E,2026-03-03 00:00:00+05:30,37.4,27.2,65.5,0.93,146.0,41.7,38.8,2.29,,False,8
3409510,"Byculla, Mumbai - BMC",E,2026-03-04 00:00:00+05:30,28.7,27.9,67.5,0.974,132.0,49.6,27.2,0.978,,False,8
3409510,"Byculla, Mumbai - BMC",E,2026-03-05 00:00:00+05:30,46.6,26.1,,0.908,106.0,,,,,False,4
3409510,"Byculla, Mumbai - BMC",E,2026-03-06 00:00:00+05:30,52.3,32.0,43.6,0.847,188.0,30.8,67.5,0.543,0.124,True,9
3409510,"Byculla, Mumbai - BMC",E,2026-03-07 00:00:00+05:30,36.9,25.4,77.1,,,,,0.485,,False,4
3409510,"Byculla, Mumbai - BMC",E,2026-03-08 00:00:00+05:30,67.7,,,1.11,0.88,,,,,False,3
3409510,"Byculla, Mumbai - BMC",E,2026-03-09 00:00:00+05:30,121.0,,,,,,,,,False,1
3409510,"Byculla, Mumbai - BMC",E,2026-03-10 00:00:00+05:30,61.1,30.9,42.7,0.912,88.9,67.9,60.5,0.0292,1.59,True,9
3409510,"Byculla, Mumbai - BMC",E,2026-03-11 00:00:00+05:30,71.7,27.1,65.4,0.893,233.0,,0.0,0.0,3.07,False,8
3409510,"Byculla, Mumbai - BMC",E,2026-03-12 00:00:00+05:30,56.5,30.1,68.8,0.94,142.0,42.7,33.1,1.0,1.26,True,9
3409510,"Byculla, Mumbai - BMC",E,2026-03-13 00:00:00+05:30,57.3,29.0,63.5,0.919,190.0,43.7,32.5,0.157,1.4,True,9
3409510,"Byculla, Mumbai - BMC",E,2026-03-14 00:00:00+05:30,32.2,28.7,60.5,,,32.1,21.2,1.34,0.888,False,7
3409510,"Byculla, Mumbai - BMC",E,2026-03-15 00:00:00+05:30,21.5,27.9,67.4,0.95,73.1,26.3,13.5,0.188,0.715,True,9
3409510,"Byculla, Mumbai - BMC",E,2026-03-16 00:00:00+05:30,13.5,27.6,66.8,0.833,89.8,20.9,14.4,0.291,0.644,True,9
3409510,"Byculla, Mumbai - BMC",E,2026-03-17 00:00:00+05:30,19.2,27.4,66.0,0.855,109.0,26.9,15.4,0.768,0.78,True,9
3409510,"Byculla, Mumbai - BMC",E,2026-03-18 00:00:00+05:30,22.1,27.1,64.7,0.933,117.0,33.8,18.2,0.121,0.922,True,9
3409510,"Byculla, Mumbai - BMC",E,2026-03-19 00:00:00+05:30,18.6,27.2,64.2,0.763,99.3,29.0,14.0,0.398,1.04,True,9
3409510,"Byculla, Mumbai - BMC",E,2026-03-20 00:00:00+05:30,20.6,27.6,60.6,0.743,193.99999999999997,28.7,15.8,0.593,0.975,True,9
3409510,"Byculla, Mumbai - BMC",E,2026-03-21 00:00:00+05:30,22.7,31.5,48.3,0.36,212.0,24.7,30.9,0.0,0.94,True,9
3409510,"Byculla, Mumbai - BMC",E,2026-03-22 00:00:00+05:30,41.6,29.6,49.1,0.754,150.0,41.5,45.5,0.316,1.44,True,9
3409510,"Byculla, Mumbai - BMC",E,2026-03-23 00:00:00+05:30,53.1,28.9,50.8,0.919,110.0,55.4,35.5,1.25,1.85,True,9
3409510,"Byculla, Mumbai - BMC",E,2026-03-24 00:00:00+05:30,43.4,29.7,57.8,0.833,144.0,35.8,42.0,1.79,1.39,True,9
3409510,"Byculla, Mumbai - BMC",E,2026-03-25 00:00:00+05:30,29.1,29.2,64.9,0.82,170.0,25.9,29.3,3.05,1.04,True,9
3409510,"Byculla, Mumbai - BMC",E,2026-03-26 00:00:00+05:30,31.2,29.8,59.8,0.797,169.0,32.9,35.1,2.21,1.22,True,9
3409510,"Byculla, Mumbai - BMC",E,2026-03-27 00:00:00+05:30,38.0,30.3,55.9,0.805,184.99999999999997,36.8,34.6,1.09,1.32,True,9
3409510,"Byculla, Mumbai - BMC",E,2026-03-28 00:00:00+05:30,14.5,28.8,69.0,0.785,83.2,20.8,15.6,2.22,0.918,True,9
3409510,"Byculla, Mumbai - BMC",E,2026-03-29 00:00:00+05:30,7.35,28.4,68.6,0.843,122.0,18.2,8.28,2.55,0.943,True,9
3409510,"Byculla, Mumbai - BMC",E,2026-03-30 00:00:00+05:30,9.95,28.8,69.1,0.761,140.0,19.1,13.4,3.12,0.934,True,9
3409510,"Byculla, Mumbai - BMC",E,2026-03-31 00:00:00+05:30,3.52,29.0,65.2,0.716,109.0,15.2,8.72,4.7,0.847,True,9
3409510,"Byculla, Mumbai - BMC",E,2026-04-01 00:00:00+05:30,7.35,28.3,66.6,0.693,107.0,15.6,17.8,4.05,0.882,True,9
3409510,"Byculla, Mumbai - BMC",E,2026-04-02 00:00:00+05:30,8.19,27.8,65.4,0.661,171.0,18.7,23.6,5.07,0.948,True,9
3409510,"Byculla, Mumbai - BMC",E,2026-04-03 00:00:00+05:30,23.7,28.2,62.6,0.784,139.0,24.8,23.7,20.1,1.01,True,9
3409510,"Byculla, Mumbai - BMC",E,2026-04-04 00:00:00+05:30,11.3,28.3,65.2,0.763,139.0,15.4,,,0.706,False,7
3409510,"Byculla, Mumbai - BMC",E,2026-04-05 00:00:00+05:30,8.65,28.0,62.0,0.723,136.0,9.93,25.7,4.85,0.642,True,9
3409510,"Byculla, Mumbai - BMC",E,2026-04-06 00:00:00+05:30,10.2,27.7,59.9,0.7,152.0,13.3,30.7,3.55,0.723,True,9
3409510,"Byculla, Mumbai - BMC",E,2026-04-07 00:00:00+05:30,9.87,28.1,63.1,0.625,105.00000000000001,12.4,25.8,2.48,0.734,True,9
3409510,"Byculla, Mumbai - BMC",E,2026-04-08 00:00:00+05:30,14.3,29.2,65.1,0.676,141.0,11.6,12.4,5.42,0.789,True,9
3409510,"Byculla, Mumbai - BMC",E,2026-04-09 00:00:00+05:30,15.2,29.0,60.6,0.767,176.0,13.1,16.2,3.37,0.787,True,9
3409510,"Byculla, Mumbai - BMC",E,2026-04-10 00:00:00+05:30,29.4,29.1,60.3,0.804,147.0,21.7,23.3,3.46,0.978,True,9
3409510,"Byculla, Mumbai - BMC",E,2026-04-11 00:00:00+05:30,36.3,29.8,66.2,0.848,112.0,15.7,40.3,5.61,0.931,True,9
3409510,"Byculla, Mumbai - BMC",E,2026-04-12 00:00:00+05:30,35.1,29.4,69.8,0.87,134.0,21.7,27.0,3.42,1.11,True,9
3409510,"Byculla, Mumbai - BMC",E,2026-04-13 00:00:00+05:30,27.5,29.3,70.2,0.753,144.0,16.4,20.5,3.62,1.01,True,9
3409510,"Byculla, Mumbai - BMC",E,2026-04-14 00:00:00+05:30,33.1,29.8,68.1,0.826,183.99999999999997,21.4,25.6,3.36,1.02,True,9
3409510,"Byculla, Mumbai - BMC",E,2026-04-15 00:00:00+05:30,14.9,29.4,67.9,0.826,166.0,12.8,24.4,5.01,0.902,True,9
3409510,"Byculla, Mumbai - BMC",E,2026-04-16 00:00:00+05:30,10.8,28.3,67.3,0.907,171.0,12.5,25.5,5.52,0.867,True,9
3409510,"Byculla, Mumbai - BMC",E,2026-04-17 00:00:00+05:30,13.6,28.6,70.0,0.825,188.0,19.2,20.8,2.23,0.995,True,9
3409510,"Byculla, Mumbai - BMC",E,2026-04-18 00:00:00+05:30,19.5,29.7,69.5,0.758,190.0,19.0,26.0,3.73,1.13,True,9
3409510,"Byculla, Mumbai - BMC",E,2026-04-19 00:00:00+05:30,24.0,29.7,63.9,0.784,160.0,17.5,23.2,2.58,1.11,True,9
3409510,"Byculla, Mumbai - BMC",E,2026-04-20 00:00:00+05:30,16.8,29.2,68.5,0.689,165.0,14.7,27.4,3.37,1.02,True,9
3409510,"Byculla, Mumbai - BMC",E,2026-04-21 00:00:00+05:30,27.1,29.8,66.8,0.752,208.99999999999997,21.1,27.2,3.81,1.17,True,9
3409510,"Byculla, Mumbai - BMC",E,2026-04-22 00:00:00+05:30,22.7,29.5,66.1,0.779,180.0,19.9,23.3,5.57,1.11,True,9
3409510,"Byculla, Mumbai - BMC",E,2026-04-23 00:00:00+05:30,24.0,30.1,64.3,0.697,227.0,22.7,32.2,2.08,1.28,True,9
3409510,"Byculla, Mumbai - BMC",E,2026-04-24 00:00:00+05:30,25.3,30.8,65.9,0.557,234.99999999999994,21.3,21.5,4.22,1.21,True,9
3409510,"Byculla, Mumbai - BMC",E,2026-04-25 00:00:00+05:30,27.0,30.7,62.8,0.757,251.0,27.3,23.4,3.64,1.42,True,9
3409510,"Byculla, Mumbai - BMC",E,2026-04-26 00:00:00+05:30,24.4,30.7,66.2,0.639,192.0,18.5,17.6,1.27,1.26,True,9
3409510,"Byculla, Mumbai - BMC",E,2026-04-27 00:00:00+05:30,16.4,30.0,69.9,0.628,217.99999999999997,14.6,14.0,4.87,1.29,True,9
3409510,"Byculla, Mumbai - BMC",E,2026-04-28 00:00:00+05:30,17.2,30.0,69.1,0.655,219.99999999999997,15.1,10.5,3.34,1.27,True,9
3409510,"Byculla, Mumbai - BMC",E,2026-04-29 00:00:00+05:30,16.4,30.0,69.3,0.689,220.99999999999997,18.0,8.31,3.15,1.3,True,9
3409510,"Byculla, Mumbai - BMC",E,2026-04-30 00:00:00+05:30,14.1,29.9,68.6,0.526,212.99999999999997,16.1,10.1,4.5,1.0,True,9
3409510,"Byculla, Mumbai - BMC",E,2026-05-01 00:00:00+05:30,17.8,30.3,65.9,0.361,165.0,13.1,11.5,3.02,0.811,True,9
3409510,"Byculla, Mumbai - BMC",E,2026-05-02 00:00:00+05:30,17.3,30.2,65.8,0.457,234.99999999999994,12.9,12.0,3.27,0.799,True,9
3409510,"Byculla, Mumbai - BMC",E,2026-05-03 00:00:00+05:30,20.2,30.5,65.9,0.418,183.99999999999997,12.6,11.6,3.71,0.866,True,9
3409510,"Byculla, Mumbai - BMC",E,2026-05-04 00:00:00+05:30,18.1,30.7,63.4,0.342,173.0,13.3,9.3,2.16,0.878,True,9
3409510,"Byculla, Mumbai - BMC",E,2026-05-05 00:00:00+05:30,17.0,31.2,62.2,0.46,178.0,11.0,11.2,5.28,0.794,True,9
3409510,"Byculla, Mumbai - BMC",E,2026-05-06 00:00:00+05:30,22.2,32.3,58.6,0.498,190.99999999999997,7.76,17.4,2.63,0.693,True,9
3409510,"Byculla, Mumbai - BMC",E,2026-05-07 00:00:00+05:30,18.3,31.1,65.8,0.669,233.0,11.3,16.0,25.1,0.677,True,9
3409510,"Byculla, Mumbai - BMC",E,2026-05-08 00:00:00+05:30,96.9,31.1,67.3,0.572,252.99999999999997,14.2,21.3,3.59,0.358,True,9
3409510,"Byculla, Mumbai - BMC",E,2026-05-09 00:00:00+05:30,319.0,31.3,66.3,0.699,226.0,15.7,22.4,2.25,0.379,True,9
3409510,"Byculla, Mumbai - BMC",E,2026-05-10 00:00:00+05:30,35.0,31.1,65.5,0.773,261.0,17.1,25.4,2.86,0.456,True,9
3409510,"Byculla, Mumbai - BMC",E,2026-05-11 00:00:00+05:30,37.0,31.5,65.5,0.648,234.99999999999994,14.8,25.1,3.63,0.399,True,9
3409510,"Byculla, Mumbai - BMC",E,2026-05-12 00:00:00+05:30,28.6,30.6,67.1,0.73,208.0,11.0,20.7,1.66,0.37,True,9
3409510,"Byculla, Mumbai - BMC",E,2026-05-13 00:00:00+05:30,34.3,31.0,67.2,0.567,162.0,11.4,18.3,2.96,0.62,True,9
3409510,"Byculla, Mumbai - BMC",E,2026-05-14 00:00:00+05:30,23.8,30.8,67.4,0.665,167.0,9.4,18.8,2.45,1.03,True,9
3409510,"Byculla, Mumbai - BMC",E,2026-05-15 00:00:00+05:30,19.6,30.7,67.0,0.527,197.0,8.41,15.3,2.83,0.811,True,9
3409510,"Byculla, Mumbai - BMC",E,2026-05-16 00:00:00+05:30,19.4,30.8,66.0,0.513,208.99999999999997,7.42,14.7,4.34,0.674,True,9
3409510,"Byculla, Mumbai - BMC",E,2026-05-17 00:00:00+05:30,17.7,30.7,67.9,0.557,203.99999999999997,6.57,16.4,2.71,0.643,True,9
3409510,"Byculla, Mumbai - BMC",E,2026-05-18 00:00:00+05:30,25.9,30.7,69.0,0.619,193.99999999999997,10.4,17.8,1.02,0.723,True,9
3409510,"Byculla, Mumbai - BMC",E,2026-05-19 00:00:00+05:30,19.3,30.2,67.3,0.578,174.0,9.53,20.5,3.97,0.607,True,9
3409510,"Byculla, Mumbai - BMC",E,2026-05-20 00:00:00+05:30,7.64,30.6,64.5,0.561,176.0,10.2,17.8,1.5,0.552,True,9
3409510,"Byculla, Mumbai - BMC",E,2026-05-21 00:00:00+05:30,8.7,31.1,65.2,0.613,168.0,9.11,17.4,2.41,0.517,True,9
3409510,"Byculla, Mumbai - BMC",E,2026-05-22 00:00:00+05:30,13.0,31.3,65.8,0.545,203.99999999999997,13.2,11.8,2.93,0.788,True,9
3409510,"Byculla, Mumbai - BMC",E,2026-05-23 00:00:00+05:30,20.5,31.4,67.2,0.534,190.99999999999997,12.2,8.69,0.809,0.762,True,9
3409510,"Byculla, Mumbai - BMC",E,2026-05-24 00:00:00+05:30,7.72,31.7,66.4,0.461,164.0,8.32,7.5,3.01,0.741,True,9
3409510,"Byculla, Mumbai - BMC",E,2026-05-25 00:00:00+05:30,8.41,31.5,67.1,0.506,183.99999999999997,8.02,5.63,3.53,0.633,True,9
3409510,"Byculla, Mumbai - BMC",E,2026-05-26 00:00:00+05:30,9.88,31.5,65.4,0.577,164.0,9.36,5.84,2.2,0.755,True,9
3409510,"Byculla, Mumbai - BMC",E,2026-05-27 00:00:00+05:30,9.79,31.1,64.6,0.477,172.0,9.03,8.6,1.91,0.544,True,9
3409510,"Byculla, Mumbai - BMC",E,2026-05-28 00:00:00+05:30,11.6,31.8,61.5,0.441,180.0,8.25,12.0,2.33,0.872,True,9
3409510,"Byculla, Mumbai - BMC",E,2026-05-29 00:00:00+05:30,14.4,31.7,61.8,0.419,133.0,9.34,12.1,3.0,0.968,True,9
3409510,"Byculla, Mumbai - BMC",E,2026-05-30 00:00:00+05:30,15.1,32.1,62.3,0.489,112.0,8.57,9.1,4.25,0.914,True,9
3409510,"Byculla, Mumbai - BMC",E,2026-05-31 00:00:00+05:30,16.1,31.9,63.5,0.51,150.0,9.36,7.17,1.9,0.908,True,9
3409510,"Byculla, Mumbai - BMC",E,2026-06-01 00:00:00+05:30,12.6,31.9,62.4,0.482,161.0,8.56,11.2,4.06,0.914,True,9
3409510,"Byculla, Mumbai - BMC",E,2026-06-02 00:00:00+05:30,13.3,31.7,63.2,0.561,199.99999999999997,11.0,12.1,5.29,0.975,True,9
3409510,"Byculla, Mumbai - BMC",E,2026-06-03 00:00:00+05:30,15.6,31.0,62.9,0.505,201.0,17.7,19.9,1.37,1.13,True,9
3409510,"Byculla, Mumbai - BMC",E,2026-06-04 00:00:00+05:30,15.2,31.4,66.1,0.499,184.99999999999997,15.4,12.6,4.35,1.15,True,9
3409510,"Byculla, Mumbai - BMC",E,2026-06-05 00:00:00+05:30,9.79,32.0,65.1,0.443,170.0,8.03,17.0,18.2,0.681,True,9
3409510,"Byculla, Mumbai - BMC",E,2026-06-06 00:00:00+05:30,5.79,32.3,63.8,0.571,170.0,6.06,9.32,5.08,0.0577,True,9
3409510,"Byculla, Mumbai - BMC",E,2026-06-07 00:00:00+05:30,15.6,32.3,63.9,0.485,135.0,8.31,10.1,7.08,0.113,True,9
3409510,"Byculla, Mumbai - BMC",E,2026-06-08 00:00:00+05:30,14.5,31.8,64.7,0.515,150.0,9.06,10.9,4.31,0.186,True,9
3409510,"Byculla, Mumbai - BMC",E,2026-06-09 00:00:00+05:30,16.5,32.1,63.2,0.617,111.0,7.18,10.0,6.78,0.167,True,9
3409510,"Byculla, Mumbai - BMC",E,2026-06-10 00:00:00+05:30,17.3,31.6,63.3,0.547,105.00000000000001,7.6,11.4,6.77,0.202,True,9
3409510,"Byculla, Mumbai - BMC",E,2026-06-11 00:00:00+05:30,18.9,32.0,62.2,0.567,123.00000000000001,8.8,11.9,3.36,0.261,True,9
3409510,"Byculla, Mumbai - BMC",E,2026-06-12 00:00:00+05:30,17.5,31.9,63.3,0.558,119.0,9.53,10.5,4.93,0.327,True,9
3409510,"Byculla, Mumbai - BMC",E,2026-06-13 00:00:00+05:30,15.5,32.0,62.7,0.614,104.0,7.37,12.2,3.98,0.265,True,9
3409510,"Byculla, Mumbai - BMC",E,2026-06-14 00:00:00+05:30,12.9,31.9,61.4,0.55,102.0,7.36,14.8,3.98,0.201,True,9
3409510,"Byculla, Mumbai - BMC",E,2026-06-15 00:00:00+05:30,13.7,32.0,61.3,0.525,134.0,8.23,14.0,6.11,0.333,True,9
3409510,"Byculla, Mumbai - BMC",E,2026-06-16 00:00:00+05:30,13.7,31.8,61.0,0.533,129.0,8.3,13.3,6.38,0.363,True,9
3409510,"Byculla, Mumbai - BMC",E,2026-06-17 00:00:00+05:30,12.6,31.4,60.5,0.58,132.0,8.22,15.1,5.29,0.39,True,9
3409510,"Byculla, Mumbai - BMC",E,2026-06-18 00:00:00+05:30,12.2,31.3,59.9,0.536,121.0,8.19,16.0,5.63,0.404,True,9
3409510,"Byculla, Mumbai - BMC",E,2026-06-19 00:00:00+05:30,12.1,31.3,58.7,0.417,147.0,10.4,15.8,5.46,0.535,True,9
3409510,"Byculla, Mumbai - BMC",E,2026-06-20 00:00:00+05:30,12.1,31.2,60.0,0.557,149.0,8.59,16.5,6.2,0.464,True,9
3409510,"Byculla, Mumbai - BMC",E,2026-06-21 00:00:00+05:30,11.7,31.2,62.0,0.521,141.0,9.42,12.5,7.1,0.492,True,9
3409510,"Byculla, Mumbai - BMC",E,2026-06-22 00:00:00+05:30,10.3,30.2,68.7,,236.0,12.1,4.66,5.01,0.623,False,8
3409510,"Byculla, Mumbai - BMC",E,2026-06-23 00:00:00+05:30,8.95,27.0,82.0,0.787,233.99999999999997,14.7,0.568,5.1,0.673,True,9
3409510,"Byculla, Mumbai - BMC",E,2026-06-25 00:00:00+05:30,16.1,27.9,86.0,0.707,190.99999999999997,21.0,5.29,3.85,0.103,True,9
3409510,"Byculla, Mumbai - BMC",E,2026-06-26 00:00:00+05:30,13.1,29.2,77.8,0.553,210.99999999999997,17.2,7.07,5.91,,False,8
3409510,"Byculla, Mumbai - BMC",E,2026-06-27 00:00:00+05:30,14.7,30.0,73.5,0.534,172.0,15.9,9.76,5.76,,False,8
3409510,"Byculla, Mumbai - BMC",E,2026-06-28 00:00:00+05:30,12.3,29.6,76.5,0.617,158.0,11.3,9.54,5.05,0.054,True,9
3409510,"Byculla, Mumbai - BMC",E,2026-06-29 00:00:00+05:30,13.9,27.0,85.4,0.603,234.99999999999994,16.7,6.75,6.74,0.156,True,9
3409510,"Byculla, Mumbai - BMC",E,2026-06-30 00:00:00+05:30,13.3,26.8,86.4,0.53,165.0,16.0,5.38,5.98,0.192,True,9
3409510,"Byculla, Mumbai - BMC",E,2026-07-01 00:00:00+05:30,11.7,26.3,86.6,0.563,106.0,14.2,11.3,7.33,0.131,True,9
3409510,"Byculla, Mumbai - BMC",E,2026-07-02 00:00:00+05:30,14.2,26.1,86.6,0.623,144.0,17.5,8.38,6.14,0.182,True,9
3409510,"Byculla, Mumbai - BMC",E,2026-07-03 00:00:00+05:30,12.7,25.7,86.7,1.05,227.0,12.4,10.7,6.15,0.0986,True,9
3409510,"Byculla, Mumbai - BMC",E,2026-07-04 00:00:00+05:30,12.3,25.8,86.7,1.39,284.0,11.1,16.0,7.98,0.126,True,9
3409510,"Byculla, Mumbai - BMC",E,2026-07-05 00:00:00+05:30,15.4,26.2,86.7,1.4,284.0,8.23,21.9,5.73,0.098,True,9
3409510,"Byculla, Mumbai - BMC",E,2026-07-06 00:00:00+05:30,22.1,26.5,86.7,1.39,284.0,6.23,20.7,5.63,0.0675,True,9
3409510,"Byculla, Mumbai - BMC",E,2026-07-07 00:00:00+05:30,14.5,28.0,86.7,1.39,223.0,7.36,13.9,6.57,0.138,True,9
3409510,"Byculla, Mumbai - BMC",E,2026-07-08 00:00:00+05:30,16.6,28.0,86.7,1.37,106.0,8.84,6.77,5.39,0.241,True,9
3409510,"Byculla, Mumbai - BMC",E,2026-07-09 00:00:00+05:30,9.41,29.0,83.6,1.39,105.00000000000001,10.5,4.7,5.49,0.324,True,9
3409510,"Byculla, Mumbai - BMC",E,2026-07-10 00:00:00+05:30,7.61,29.5,81.1,1.35,104.0,9.51,3.78,5.37,0.279,True,9
3409510,"Byculla, Mumbai - BMC",E,2026-07-11 00:00:00+05:30,9.83,29.4,80.5,1.5,199.99999999999997,7.16,4.62,4.42,0.269,True,9
3409510,"Byculla, Mumbai - BMC",E,2026-07-12 00:00:00+05:30,12.1,29.6,77.7,1.5,199.99999999999997,9.56,5.44,6.89,0.301,True,9
3409510,"Byculla, Mumbai - BMC",E,2026-07-13 00:00:00+05:30,11.8,29.6,74.5,1.5,199.99999999999997,16.1,7.37,5.26,0.352,True,9
3409510,"Byculla, Mumbai - BMC",E,2026-07-14 00:00:00+05:30,11.7,29.4,73.3,1.5,199.99999999999997,11.2,8.92,4.9,0.362,True,9
3409510,"Byculla, Mumbai - BMC",E,2026-07-15 00:00:00+05:30,13.2,29.4,78.1,1.51,199.99999999999997,9.91,6.49,6.58,0.392,True,9
3409510,"Byculla, Mumbai - BMC",E,2026-07-16 00:00:00+05:30,12.7,29.2,79.8,1.5,199.0,9.56,6.54,4.08,0.398,True,9
3409510,"Byculla, Mumbai - BMC",E,2026-07-17 00:00:00+05:30,13.2,29.3,79.9,1.51,199.99999999999997,8.16,6.88,5.48,0.368,True,9
3409510,"Byculla, Mumbai - BMC",E,2026-07-18 00:00:00+05:30,12.5,28.3,81.9,1.75,199.99999999999997,10.3,7.18,6.18,0.476,True,9
3409510,"Byculla, Mumbai - BMC",E,2026-07-19 00:00:00+05:30,11.0,27.6,84.7,1.51,199.99999999999997,11.6,5.56,5.15,0.541,True,9
3409510,"Byculla, Mumbai - BMC",E,2026-07-20 00:00:00+05:30,10.8,27.3,86.8,1.51,199.99999999999997,9.2,6.54,5.7,0.489,True,9
3409510,"Byculla, Mumbai - BMC",E,2026-07-21 00:00:00+05:30,10.7,27.8,86.6,1.5,199.99999999999997,10.5,6.56,6.46,0.54,True,9
3409510,"Byculla, Mumbai - BMC",E,2026-07-22 00:00:00+05:30,10.1,26.8,87.1,1.52,199.99999999999997,8.29,7.15,6.02,0.525,True,9
3409510,"Byculla, Mumbai - BMC",E,2026-07-23 00:00:00+05:30,10.0,27.3,86.8,1.52,199.99999999999997,9.14,5.94,5.4,0.537,True,9
3409510,"Byculla, Mumbai - BMC",E,2026-07-24 00:00:00+05:30,10.0,27.8,85.7,1.51,199.99999999999997,8.65,6.35,5.32,0.563,True,9
3409510,"Byculla, Mumbai - BMC",E,2026-07-25 00:00:00+05:30,11.8,28.5,83.9,1.51,199.99999999999997,9.19,5.53,5.4,0.679,True,9
3409510,"Byculla, Mumbai - BMC",E,2026-07-26 00:00:00+05:30,11.5,28.1,86.3,1.52,199.99999999999997,7.28,7.19,6.48,0.627,True,9
3409510,"Byculla, Mumbai - BMC",E,2026-07-27 00:00:00+05:30,12.7,27.9,85.9,1.53,199.99999999999997,8.83,4.43,5.21,0.668,True,9
3409510,"Byculla, Mumbai - BMC",E,2026-07-28 00:00:00+05:30,12.6,28.5,83.1,1.53,199.99999999999997,8.47,5.31,6.65,0.616,True,9
3409510,"Byculla, Mumbai - BMC",E,2026-07-29 00:00:00+05:30,14.3,28.9,82.9,1.52,199.99999999999997,6.38,8.04,6.26,0.639,True,9
3409510,"Byculla, Mumbai - BMC",E,2026-07-30 00:00:00+05:30,16.1,28.4,85.3,1.53,199.99999999999997,7.11,7.52,4.14,0.68,True,9
3409510,"Byculla, Mumbai - BMC",E,2026-07-31 00:00:00+05:30,14.5,27.7,86.9,1.54,199.99999999999997,8.52,6.46,6.26,0.738,True,9
3409510,"Byculla, Mumbai - BMC",E,2026-08-01 00:00:00+05:30,14.7,28.4,86.6,1.54,199.99999999999997,7.2,6.54,5.65,0.758,True,9
3409510,"Byculla, Mumbai - BMC",E,2026-08-02 00:00:00+05:30,12.3,28.5,85.8,1.53,199.99999999999997,7.54,6.18,4.62,0.749,True,9
3409510,"Byculla, Mumbai - BMC",E,2026-08-03 00:00:00+05:30,12.5,28.2,84.8,1.54,199.99999999999997,7.76,9.0,7.24,0.783,True,9
3409510,"Byculla, Mumbai - BMC",E,2026-08-04 00:00:00+05:30,12.6,28.1,84.9,1.54,199.99999999999997,10.1,8.37,5.09,0.867,True,9
3409510,"Byculla, Mumbai - BMC",E,2026-08-05 00:00:00+05:30,11.5,27.1,86.5,1.54,199.99999999999997,11.8,8.04,5.99,0.58,True,9
3409510,"Byculla, Mumbai - BMC",E,2026-08-06 00:00:00+05:30,11.9,28.0,84.9,1.54,199.99999999999997,9.64,7.26,5.9,0.00304,True,9
3409510,"Byculla, Mumbai - BMC",E,2026-08-07 00:00:00+05:30,9.83,28.4,83.0,1.53,199.99999999999997,10.0,5.02,4.72,0.0217,True,9
3409510,"Byculla, Mumbai - BMC",E,2026-08-08 00:00:00+05:30,11.1,28.8,82.6,1.53,199.99999999999997,8.93,5.82,7.0,0.0688,True,9
3409510,"Byculla, Mumbai - BMC",E,2026-08-09 00:00:00+05:30,12.4,29.3,79.8,1.53,199.99999999999997,7.57,8.7,4.89,0.12,True,9
3409510,"Byculla, Mumbai - BMC",E,2026-08-10 00:00:00+05:30,11.6,28.2,83.1,1.53,199.99999999999997,9.83,5.92,3.93,0.139,True,9
3409510,"Byculla, Mumbai - BMC",E,2026-08-11 00:00:00+05:30,11.1,26.0,87.4,1.55,199.99999999999997,12.8,5.8,4.95,0.283,True,9
3409510,"Byculla, Mumbai - BMC",E,2026-08-12 00:00:00+05:30,11.3,28.2,84.4,1.53,199.99999999999997,10.7,5.46,5.92,0.234,True,9
3409510,"Byculla, Mumbai - BMC",E,2026-08-13 00:00:00+05:30,9.74,27.0,88.1,1.53,199.99999999999997,11.4,5.16,5.14,0.267,True,9
3409510,"Byculla, Mumbai - BMC",E,2026-08-14 00:00:00+05:30,10.7,27.6,85.4,1.53,199.99999999999997,10.1,6.67,6.92,0.246,True,9
3409510,"Byculla, Mumbai - BMC",E,2026-08-15 00:00:00+05:30,12.3,26.9,87.9,1.54,199.99999999999997,14.5,6.03,4.58,0.392,True,9
3409510,"Byculla, Mumbai - BMC",E,2026-08-16 00:00:00+05:30,10.8,28.7,80.3,1.52,199.99999999999997,9.94,9.82,5.91,0.332,True,9
3409510,"Byculla, Mumbai - BMC",E,2026-08-17 00:00:00+05:30,9.48,28.1,84.0,1.53,199.99999999999997,11.2,7.41,6.6,0.38,True,9
3409510,"Byculla, Mumbai - BMC",E,2026-08-18 00:00:00+05:30,10.1,28.4,83.4,1.53,199.99999999999997,8.11,6.14,5.62,0.313,True,9
3409510,"Byculla, Mumbai - BMC",E,2026-08-19 00:00:00+05:30,9.33,28.6,81.7,1.53,199.99999999999997,8.67,6.09,6.55,0.339,True,9
3409510,"Byculla, Mumbai - BMC",E,2026-08-20 00:00:00+05:30,8.9,28.2,82.5,1.54,199.99999999999997,8.15,7.04,6.16,0.348,True,9
3409510,"Byculla, Mumbai - BMC",E,2026-08-21 00:00:00+05:30,9.52,28.9,78.4,1.54,199.99999999999997,7.84,7.76,3.48,0.415,True,9
3409510,"Byculla, Mumbai - BMC",E,2026-08-22 00:00:00+05:30,9.84,28.7,79.8,1.55,199.99999999999997,8.67,7.99,5.12,0.446,True,9
3409510,"Byculla, Mumbai - BMC",E,2026-08-23 00:00:00+05:30,10.8,28.6,81.6,1.55,199.99999999999997,7.85,7.63,4.96,0.476,True,9
3409510,"Byculla, Mumbai - BMC",E,2026-08-24 00:00:00+05:30,12.9,28.6,81.4,1.55,199.99999999999997,9.22,5.45,4.68,0.517,True,9
3409510,"Byculla, Mumbai - BMC",E,2026-08-25 00:00:00+05:30,13.2,28.8,79.9,1.55,199.99999999999997,9.29,6.02,6.56,0.54,True,9
3409510,"Byculla, Mumbai - BMC",E,2026-08-26 00:00:00+05:30,12.9,29.0,79.1,1.55,199.99999999999997,8.48,6.69,6.02,0.552,True,9
3409510,"Byculla, Mumbai - BMC",E,2026-08-27 00:00:00+05:30,9.66,28.6,81.8,1.55,199.99999999999997,7.56,7.68,5.27,0.551,True,9
3409510,"Byculla, Mumbai - BMC",E,2026-08-28 00:00:00+05:30,8.61,28.0,82.2,1.55,199.99999999999997,5.79,14.7,1.43,0.54,True,9
3409510,"Byculla, Mumbai - BMC",E,2026-08-29 00:00:00+05:30,7.56,28.0,80.5,1.55,199.99999999999997,4.6,9.87,1.7,0.515,True,9
3409510,"Byculla, Mumbai - BMC",E,2026-08-30 00:00:00+05:30,8.61,29.4,76.3,1.56,199.99999999999997,7.47,8.88,2.0,0.643,True,9
3409510,"Byculla, Mumbai - BMC",E,2026-08-31 00:00:00+05:30,8.15,28.9,77.9,1.56,199.99999999999997,7.94,7.52,2.63,0.661,True,9
3409510,"Byculla, Mumbai - BMC",E,2026-09-01 00:00:00+05:30,6.83,29.0,78.6,1.57,201.0,7.76,5.77,1.16,0.69,True,9
3409510,"Byculla, Mumbai - BMC",E,2026-09-02 00:00:00+05:30,7.3,28.5,80.6,1.57,201.0,10.3,4.58,1.97,0.724,True,9
3409510,"Byculla, Mumbai - BMC",E,2026-09-03 00:00:00+05:30,8.39,28.6,79.7,1.56,201.0,10.4,4.95,1.39,0.779,True,9
3409510,"Byculla, Mumbai - BMC",E,2026-09-04 00:00:00+05:30,9.72,28.5,78.6,1.57,201.0,10.2,5.52,1.07,0.797,True,9
3409510,"Byculla, Mumbai - BMC",E,2026-09-05 00:00:00+05:30,7.79,28.0,82.1,1.56,201.0,9.98,4.1,2.08,0.836,True,9
3409510,"Byculla, Mumbai - BMC",E,2026-09-06 00:00:00+05:30,9.72,28.1,82.6,1.57,201.0,14.5,1.99,1.31,0.925,True,9
3409510,"Byculla, Mumbai - BMC",E,2026-09-07 00:00:00+05:30,8.55,28.9,77.4,1.57,201.0,10.7,5.36,1.62,0.834,True,9
3409510,"Byculla, Mumbai - BMC",E,2026-09-08 00:00:00+05:30,7.42,29.0,76.7,1.56,199.99999999999997,9.57,6.06,2.86,0.822,True,9
3409510,"Byculla, Mumbai - BMC",E,2026-09-09 00:00:00+05:30,6.45,28.8,77.8,1.56,201.0,9.45,4.44,1.09,0.868,True,9
3409510,"Byculla, Mumbai - BMC",E,2026-09-10 00:00:00+05:30,6.65,29.1,76.9,1.56,230.0,9.38,4.19,2.14,0.861,True,9
3409510,"Byculla, Mumbai - BMC",E,2026-09-11 00:00:00+05:30,8.98,28.3,79.1,1.54,258.0,11.6,5.7,1.52,1.03,True,9
3409510,"Byculla, Mumbai - BMC",E,2026-09-12 00:00:00+05:30,9.69,28.5,79.3,1.51,264.0,11.3,8.1,2.58,0.491,True,9
3409510,"Byculla, Mumbai - BMC",E,2026-09-13 00:00:00+05:30,15.9,25.1,86.1,1.58,257.0,22.2,4.65,2.05,0.419,True,9
3409510,"Byculla, Mumbai - BMC",E,2026-09-14 00:00:00+05:30,16.0,27.1,83.7,1.55,264.0,17.5,7.47,0.767,0.374,True,9
3409510,"Byculla, Mumbai - BMC",E,2026-09-15 00:00:00+05:30,10.1,27.8,81.8,1.52,268.0,19.7,3.71,1.41,0.321,True,9
3409510,"Byculla, Mumbai - BMC",E,2026-09-16 00:00:00+05:30,10.4,28.1,80.3,1.54,259.0,17.4,6.76,0.663,0.423,True,9
3409510,"Byculla, Mumbai - BMC",E,2026-09-17 00:00:00+05:30,8.62,28.9,78.2,1.5,239.99999999999994,21.0,6.49,1.01,0.398,True,9
3409511,"Shivaji Nagar, Mumbai - BMC",ME,2025-10-11 00:00:00+05:30,62.8,29.8,60.0,2.03,112.0,35.0,34.5,11.4,0.17,True,9
3409511,"Shivaji Nagar, Mumbai - BMC",ME,2025-10-12 00:00:00+05:30,,29.9,59.2,1.93,94.8,30.2,37.5,12.4,0.141,False,8
3409511,"Shivaji Nagar, Mumbai - BMC",ME,2025-10-13 00:00:00+05:30,,30.2,56.1,2.16,86.9,35.1,37.7,9.84,0.116,False,8
3409511,"Shivaji Nagar, Mumbai - BMC",ME,2025-10-14 00:00:00+05:30,75.9,29.7,57.2,2.17,86.9,37.1,40.8,11.9,0.0824,True,9
3409511,"Shivaji Nagar, Mumbai - BMC",ME,2025-10-15 00:00:00+05:30,123.0,29.6,61.8,2.17,86.9,42.2,29.8,9.93,0.187,True,9
3409511,"Shivaji Nagar, Mumbai - BMC",ME,2025-10-16 00:00:00+05:30,50.2,29.9,69.5,2.16,86.9,31.4,31.6,11.2,0.0317,True,9
3409511,"Shivaji Nagar, Mumbai - BMC",ME,2025-10-17 00:00:00+05:30,57.7,30.9,64.1,2.16,86.8,29.5,27.3,9.17,0.208,True,9
3409511,"Shivaji Nagar, Mumbai - BMC",ME,2025-10-18 00:00:00+05:30,123.0,30.8,59.8,2.16,86.8,34.2,40.6,10.5,0.317,True,9
3409511,"Shivaji Nagar, Mumbai - BMC",ME,2025-10-19 00:00:00+05:30,,30.8,61.5,2.16,86.8,34.7,35.5,11.1,,False,7
3409511,"Shivaji Nagar, Mumbai - BMC",ME,2025-10-20 00:00:00+05:30,,30.2,66.4,2.15,86.7,28.7,25.9,8.27,,False,7
3409511,"Shivaji Nagar, Mumbai - BMC",ME,2025-10-21 00:00:00+05:30,122.0,29.5,67.1,2.14,86.6,14.2,34.7,10.8,,False,8
3409511,"Shivaji Nagar, Mumbai - BMC",ME,2025-10-22 00:00:00+05:30,65.8,29.8,69.8,2.18,87.0,20.3,25.3,12.3,1.11,True,9
3409511,"Shivaji Nagar, Mumbai - BMC",ME,2025-10-23 00:00:00+05:30,59.9,31.0,65.0,2.18,87.0,20.3,17.0,10.1,1.22,True,9
3409511,"Shivaji Nagar, Mumbai - BMC",ME,2025-10-24 00:00:00+05:30,28.8,30.5,66.5,2.18,87.10000000000001,21.7,14.6,10.3,1.17,True,9
3409511,"Shivaji Nagar, Mumbai - BMC",ME,2025-10-25 00:00:00+05:30,22.8,29.1,75.3,2.18,87.10000000000001,20.3,3.98,8.84,1.68,True,9
3409511,"Shivaji Nagar, Mumbai - BMC",ME,2025-10-26 00:00:00+05:30,17.8,26.9,84.7,2.18,87.10000000000001,15.4,2.46,9.38,1.07,True,9
3409511,"Shivaji Nagar, Mumbai - BMC",ME,2025-10-27 00:00:00+05:30,18.6,28.0,81.3,2.18,87.10000000000001,17.5,5.3,9.99,1.49,True,9
3409511,"Shivaji Nagar, Mumbai - BMC",ME,2025-10-28 00:00:00+05:30,31.3,28.4,74.3,2.18,87.10000000000001,19.4,9.17,10.3,0.897,True,9
3409511,"Shivaji Nagar, Mumbai - BMC",ME,2025-10-29 00:00:00+05:30,44.2,29.7,68.0,2.18,87.10000000000001,23.2,12.0,10.8,,False,8
3409511,"Shivaji Nagar, Mumbai - BMC",ME,2025-10-30 00:00:00+05:30,31.6,27.0,79.5,2.18,87.10000000000001,20.9,12.6,10.6,,False,8
3409511,"Shivaji Nagar, Mumbai - BMC",ME,2025-10-31 00:00:00+05:30,27.3,27.1,82.2,2.18,87.10000000000001,17.7,7.92,10.0,,False,8
3409511,"Shivaji Nagar, Mumbai - BMC",ME,2025-11-01 00:00:00+05:30,27.9,28.0,83.4,2.18,87.10000000000001,18.0,5.2,8.65,,False,8
3409511,"Shivaji Nagar, Mumbai - BMC",ME,2025-11-02 00:00:00+05:30,22.2,26.6,88.1,2.18,87.10000000000001,17.6,3.19,9.78,,False,8
3409511,"Shivaji Nagar, Mumbai - BMC",ME,2025-11-03 00:00:00+05:30,23.2,27.8,82.3,2.18,87.10000000000001,20.1,3.98,9.01,0.521,True,9
3409511,"Shivaji Nagar, Mumbai - BMC",ME,2025-11-04 00:00:00+05:30,28.6,28.4,74.8,2.18,87.10000000000001,26.8,11.8,11.1,0.65,True,9
3409511,"Shivaji Nagar, Mumbai - BMC",ME,2025-11-05 00:00:00+05:30,36.7,27.4,71.6,2.18,87.10000000000001,23.6,14.5,10.6,0.514,True,9
3409511,"Shivaji Nagar, Mumbai - BMC",ME,2025-11-06 00:00:00+05:30,50.3,27.5,71.3,2.18,87.10000000000001,23.5,26.9,11.6,0.89,True,9
3409511,"Shivaji Nagar, Mumbai - BMC",ME,2025-11-07 00:00:00+05:30,86.4,28.5,65.3,2.18,87.10000000000001,32.2,35.2,9.42,0.769,True,9
3409511,"Shivaji Nagar, Mumbai - BMC",ME,2025-11-08 00:00:00+05:30,,28.4,52.0,2.18,87.10000000000001,27.0,33.5,9.72,0.659,False,8
3409511,"Shivaji Nagar, Mumbai - BMC",ME,2025-11-09 00:00:00+05:30,87.8,27.4,51.0,2.18,87.10000000000001,31.6,31.5,10.3,0.485,True,9
3409511,"Shivaji Nagar, Mumbai - BMC",ME,2025-11-10 00:00:00+05:30,111.0,24.5,68.7,2.19,87.2,37.3,11.0,9.12,1.13,True,9
3409511,"Shivaji Nagar, Mumbai - BMC",ME,2025-11-11 00:00:00+05:30,132.0,26.6,60.3,2.19,87.2,37.4,39.7,13.4,,False,8
3409511,"Shivaji Nagar, Mumbai - BMC",ME,2025-11-12 00:00:00+05:30,108.0,26.4,50.5,2.19,87.2,30.9,55.7,12.8,,False,8
3409511,"Shivaji Nagar, Mumbai - BMC",ME,2025-11-13 00:00:00+05:30,105.0,27.0,47.1,2.19,87.2,35.4,51.3,12.2,,False,8
3409511,"Shivaji Nagar, Mumbai - BMC",ME,2025-11-14 00:00:00+05:30,110.0,27.0,49.1,2.19,87.2,39.3,49.7,13.8,,False,8
3409511,"Shivaji Nagar, Mumbai - BMC",ME,2025-11-15 00:00:00+05:30,133.0,26.4,46.3,2.19,87.2,37.5,45.9,10.4,,False,8
3409511,"Shivaji Nagar, Mumbai - BMC",ME,2025-11-16 00:00:00+05:30,93.1,26.0,47.1,2.19,87.2,38.8,44.1,13.3,,False,8
3409511,"Shivaji Nagar, Mumbai - BMC",ME,2025-11-17 00:00:00+05:30,143.0,25.9,44.6,2.19,87.3,37.6,59.5,15.2,,False,8
3409511,"Shivaji Nagar, Mumbai - BMC",ME,2025-11-18 00:00:00+05:30,135.0,23.5,53.1,2.2,87.3,46.5,37.8,11.7,,False,8
3409511,"Shivaji Nagar, Mumbai - BMC",ME,2025-11-19 00:00:00+05:30,168.0,25.5,48.2,2.19,87.3,43.7,45.0,11.8,,False,8
3409511,"Shivaji Nagar, Mumbai - BMC",ME,2025-11-20 00:00:00+05:30,154.0,26.0,48.4,2.2,87.3,42.9,41.0,14.4,,False,8
3409511,"Shivaji Nagar, Mumbai - BMC",ME,2025-11-21 00:00:00+05:30,,26.7,52.0,2.19,87.3,52.2,41.4,12.9,,False,7
3409511,"Shivaji Nagar, Mumbai - BMC",ME,2025-11-22 00:00:00+05:30,97.0,28.1,53.0,2.19,87.2,53.4,31.8,14.4,,False,8
3409511,"Shivaji Nagar, Mumbai - BMC",ME,2025-11-23 00:00:00+05:30,172.0,28.1,60.8,2.19,87.2,53.2,31.8,14.1,,False,8
3409511,"Shivaji Nagar, Mumbai - BMC",ME,2025-11-24 00:00:00+05:30,121.0,28.8,61.6,2.19,87.2,51.3,28.8,12.3,,False,8
3409511,"Shivaji Nagar, Mumbai - BMC",ME,2025-11-25 00:00:00+05:30,133.0,28.8,63.0,2.19,87.2,47.5,42.3,13.0,,False,8
3409511,"Shivaji Nagar, Mumbai - BMC",ME,2025-11-26 00:00:00+05:30,102.0,28.8,64.1,2.18,87.2,49.1,44.1,10.5,1.82,True,9
3409511,"Shivaji Nagar, Mumbai - BMC",ME,2025-11-27 00:00:00+05:30,181.0,28.3,60.3,2.18,87.2,45.0,43.0,9.03,2.18,True,9
3409511,"Shivaji Nagar, Mumbai - BMC",ME,2025-11-28 00:00:00+05:30,,27.8,59.3,2.19,87.2,41.6,31.9,9.66,2.51,False,8
3409511,"Shivaji Nagar, Mumbai - BMC",ME,2025-11-29 00:00:00+05:30,94.1,27.2,49.0,2.19,87.2,36.3,32.1,9.82,2.9,True,9
3409511,"Shivaji Nagar, Mumbai - BMC",ME,2025-11-30 00:00:00+05:30,,26.2,41.7,2.19,87.2,43.1,38.4,12.6,3.18,False,8
3409511,"Shivaji Nagar, Mumbai - BMC",ME,2025-12-01 00:00:00+05:30,124.0,26.1,47.2,2.19,87.3,46.6,35.9,12.5,3.39,True,9
3409511,"Shivaji Nagar, Mumbai - BMC",ME,2025-12-02 00:00:00+05:30,,26.2,49.1,2.19,87.3,45.6,32.8,12.8,3.38,False,8
3409511,"Shivaji Nagar, Mumbai - BMC",ME,2025-12-03 00:00:00+05:30,85.1,26.4,50.6,2.19,87.3,41.8,29.0,15.0,2.62,True,9
3409511,"Shivaji Nagar, Mumbai - BMC",ME,2025-12-04 00:00:00+05:30,,26.2,52.7,2.19,87.3,42.0,23.9,13.0,,False,7
3409511,"Shivaji Nagar, Mumbai - BMC",ME,2025-12-05 00:00:00+05:30,,27.6,51.0,2.19,87.2,37.4,27.8,16.7,,False,7
3409511,"Shivaji Nagar, Mumbai - BMC",ME,2025-12-06 00:00:00+05:30,63.1,27.1,51.9,2.19,87.3,34.2,33.7,14.8,0.507,True,9
3409511,"Shivaji Nagar, Mumbai - BMC",ME,2025-12-07 00:00:00+05:30,89.8,24.8,66.0,2.19,87.3,44.8,11.4,4.72,0.405,True,9
3409511,"Shivaji Nagar, Mumbai - BMC",ME,2025-12-08 00:00:00+05:30,63.4,28.2,42.4,0.924,178.0,58.3,12.5,0.0,0.763,True,9
3409511,"Shivaji Nagar, Mumbai - BMC",ME,2025-12-09 00:00:00+05:30,54.9,26.9,36.3,1.04,199.99999999999997,36.4,26.8,2.48,,False,8
3409511,"Shivaji Nagar, Mumbai - BMC",ME,2025-12-10 00:00:00+05:30,30.3,26.8,33.3,1.04,199.99999999999997,43.3,22.3,6.18,,False,8
3409511,"Shivaji Nagar, Mumbai - BMC",ME,2025-12-11 00:00:00+05:30,32.7,26.2,36.6,1.04,199.99999999999997,43.8,27.8,9.25,,False,8
3409511,"Shivaji Nagar, Mumbai - BMC",ME,2025-12-12 00:00:00+05:30,58.3,25.6,42.4,1.32,215.0,50.0,33.8,14.4,,False,8
3409511,"Shivaji Nagar, Mumbai - BMC",ME,2025-12-13 00:00:00+05:30,92.4,25.9,46.7,2.92,260.0,52.4,29.0,6.97,,False,8
3409511,"Shivaji Nagar, Mumbai - BMC",ME,2025-12-14 00:00:00+05:30,111.0,26.1,45.6,2.92,260.0,47.3,35.4,9.02,,False,8
3409511,"Shivaji Nagar, Mumbai - BMC",ME,2025-12-15 00:00:00+05:30,106.0,22.1,56.1,2.58,256.0,35.6,22.9,9.74,,False,8
3409511,"Shivaji Nagar, Mumbai - BMC",ME,2025-12-17 00:00:00+05:30,48.1,29.7,42.3,0.275,90.6,63.2,34.2,21.0,1.69,True,9
3409511,"Shivaji Nagar, Mumbai - BMC",ME,2025-12-18 00:00:00+05:30,57.5,26.9,45.9,0.753,182.99999999999997,58.3,22.4,6.38,,False,8
3409511,"Shivaji Nagar, Mumbai - BMC",ME,2025-12-19 00:00:00+05:30,46.4,25.9,44.1,0.922,261.0,47.0,26.0,12.5,,False,8
3409511,"Shivaji Nagar, Mumbai - BMC",ME,2025-12-20 00:00:00+05:30,43.6,25.8,38.9,0.878,260.0,46.2,19.1,2.75,,False,8
3409511,"Shivaji Nagar, Mumbai - BMC",ME,2025-12-21 00:00:00+05:30,47.2,25.9,37.5,0.958,261.0,49.5,17.3,6.59,,False,8
3409511,"Shivaji Nagar, Mumbai - BMC",ME,2025-12-22 00:00:00+05:30,63.8,25.4,42.2,0.905,260.0,49.7,21.1,12.5,,False,8
3409511,"Shivaji Nagar, Mumbai - BMC",ME,2025-12-23 00:00:00+05:30,57.2,26.0,43.2,0.878,260.0,46.9,22.0,18.7,,False,8
3409511,"Shivaji Nagar, Mumbai - BMC",ME,2025-12-24 00:00:00+05:30,46.3,25.2,44.2,0.749,258.0,47.0,17.1,7.26,,False,8
3409511,"Shivaji Nagar, Mumbai - BMC",ME,2025-12-25 00:00:00+05:30,63.6,25.6,47.3,0.894,260.0,52.6,20.7,11.6,,False,8
3409511,"Shivaji Nagar, Mumbai - BMC",ME,2025-12-26 00:00:00+05:30,76.2,24.4,52.3,1.16,264.0,42.7,19.9,8.06,,False,8
3409511,"Shivaji Nagar, Mumbai - BMC",ME,2025-12-27 00:00:00+05:30,19.6,26.7,48.6,0.488,255.0,76.7,15.8,6.47,,False,8
3409511,"Shivaji Nagar, Mumbai - BMC",ME,2025-12-28 00:00:00+05:30,34.6,25.4,50.0,0.961,261.0,35.2,23.6,1.39,0.6,True,9
3409511,"Shivaji Nagar, Mumbai - BMC",ME,2025-12-29 00:00:00+05:30,73.7,25.4,50.4,0.932,260.0,55.8,25.0,26.7,,False,8
3409511,"Shivaji Nagar, Mumbai - BMC",ME,2025-12-30 00:00:00+05:30,76.0,25.1,53.1,0.954,261.0,65.5,5.85,10.4,1.03,True,9
3409511,"Shivaji Nagar, Mumbai - BMC",ME,2025-12-31 00:00:00+05:30,54.2,24.7,62.3,0.934,261.0,54.9,4.43,2.76,1.03,True,9
3409511,"Shivaji Nagar, Mumbai - BMC",ME,2026-01-01 00:00:00+05:30,32.8,24.9,68.7,0.972,261.0,37.7,1.83,4.33,1.03,True,9
3409511,"Shivaji Nagar, Mumbai - BMC",ME,2026-01-02 00:00:00+05:30,,24.7,71.3,0.985,261.0,38.6,2.9,6.31,1.03,False,8
3409511,"Shivaji Nagar, Mumbai - BMC",ME,2026-01-03 00:00:00+05:30,36.5,25.7,61.2,1.07,262.0,48.8,17.0,7.58,1.03,True,9
3409511,"Shivaji Nagar, Mumbai - BMC",ME,2026-01-04 00:00:00+05:30,,26.5,62.1,0.992,261.0,42.5,21.2,11.3,1.23,False,8
3409511,"Shivaji Nagar, Mumbai - BMC",ME,2026-01-05 00:00:00+05:30,46.0,26.8,57.4,1.01,262.0,48.7,22.9,9.84,1.52,True,9
3409511,"Shivaji Nagar, Mumbai - BMC",ME,2026-01-06 00:00:00+05:30,52.4,26.5,59.3,1.0,262.0,48.0,22.2,4.85,1.87,True,9
3409511,"Shivaji Nagar, Mumbai - BMC",ME,2026-01-07 00:00:00+05:30,51.1,26.0,55.9,0.976,261.0,50.0,28.1,4.63,2.71,True,9
3409511,"Shivaji Nagar, Mumbai - BMC",ME,2026-01-08 00:00:00+05:30,41.4,25.6,47.3,0.943,261.0,54.6,22.0,3.65,2.26,True,9
3409511,"Shivaji Nagar, Mumbai - BMC",ME,2026-01-09 00:00:00+05:30,34.5,24.9,48.1,0.925,261.0,48.1,33.6,13.7,2.48,True,9
3409511,"Shivaji Nagar, Mumbai - BMC",ME,2026-01-10 00:00:00+05:30,34.7,25.0,47.1,1.13,263.0,39.7,39.4,9.73,2.27,True,9
3409511,"Shivaji Nagar, Mumbai - BMC",ME,2026-01-20 00:00:00+05:30,39.6,24.5,58.7,0.39,254.0,81.0,11.5,5.42,0.874,True,9
3409511,"Shivaji Nagar, Mumbai - BMC",ME,2026-01-21 00:00:00+05:30,46.1,26.0,55.5,1.01,259.0,61.4,23.6,10.8,1.06,True,9
3409511,"Shivaji Nagar, Mumbai - BMC",ME,2026-01-22 00:00:00+05:30,46.4,26.3,54.1,,262.0,60.0,24.4,8.56,0.798,False,8
3409511,"Shivaji Nagar, Mumbai - BMC",ME,2026-01-23 00:00:00+05:30,37.3,25.3,66.3,0.979,261.0,41.4,21.4,2.95,0.461,True,9
3409511,"Shivaji Nagar, Mumbai - BMC",ME,2026-01-24 00:00:00+05:30,28.0,24.7,58.8,1.01,262.0,36.2,23.1,4.71,,False,8
3409511,"Shivaji Nagar, Mumbai - BMC",ME,2026-01-25 00:00:00+05:30,39.9,25.5,59.4,1.03,262.0,0.0,26.0,7.88,,False,8
3409511,"Shivaji Nagar, Mumbai - BMC",ME,2026-01-26 00:00:00+05:30,47.9,26.7,60.5,1.02,262.0,0.0,33.7,13.3,,False,8
3409511,"Shivaji Nagar, Mumbai - BMC",ME,2026-01-27 00:00:00+05:30,26.4,25.5,66.2,1.0,262.0,5.72,30.7,3.99,,False,8
3409511,"Shivaji Nagar, Mumbai - BMC",ME,2026-01-28 00:00:00+05:30,20.4,24.9,56.6,1.05,262.0,28.7,30.8,2.97,,False,8
3409511,"Shivaji Nagar, Mumbai - BMC",ME,2026-01-29 00:00:00+05:30,29.7,24.1,51.6,1.22,264.0,25.2,21.6,2.59,,False,8
3409511,"Shivaji Nagar, Mumbai - BMC",ME,2026-01-30 00:00:00+05:30,42.4,28.7,62.3,1.23,264.0,13.2,32.5,14.6,0.787,True,9
3409511,"Shivaji Nagar, Mumbai - BMC",ME,2026-01-31 00:00:00+05:30,37.0,26.6,71.3,1.06,262.0,13.2,22.9,1.12,,False,8
3409511,"Shivaji Nagar, Mumbai - BMC",ME,2026-02-01 00:00:00+05:30,45.8,27.3,61.8,1.08,263.0,13.2,30.5,5.52,,False,8
3409511,"Shivaji Nagar, Mumbai - BMC",ME,2026-02-02 00:00:00+05:30,51.1,27.6,54.7,1.1,263.0,13.5,30.9,15.2,,False,8
3409511,"Shivaji Nagar, Mumbai - BMC",ME,2026-02-03 00:00:00+05:30,57.0,27.0,54.5,1.39,266.0,,24.5,3.57,,False,7
3409511,"Shivaji Nagar, Mumbai - BMC",ME,2026-02-04 00:00:00+05:30,46.7,30.3,40.7,1.6,269.0,13.2,51.9,15.9,0.633,True,9
3409511,"Shivaji Nagar, Mumbai - BMC",ME,2026-02-05 00:00:00+05:30,51.1,28.7,45.5,1.11,263.0,13.2,25.0,2.97,0.836,True,9
3409511,"Shivaji Nagar, Mumbai - BMC",ME,2026-02-06 00:00:00+05:30,46.0,28.4,42.8,1.14,263.0,13.2,31.5,7.12,0.789,True,9
3409511,"Shivaji Nagar, Mumbai - BMC",ME,2026-02-07 00:00:00+05:30,40.4,28.3,39.7,1.14,263.0,13.1,36.1,8.58,0.67,True,9
3409511,"Shivaji Nagar, Mumbai - BMC",ME,2026-02-08 00:00:00+05:30,51.7,26.6,46.6,0.379,254.0,13.1,18.1,12.0,1.72,True,9
3409511,"Shivaji Nagar, Mumbai - BMC",ME,2026-02-09 00:00:00+05:30,51.4,27.5,48.7,1.11,263.0,13.2,30.8,8.17,0.878,True,9
3409511,"Shivaji Nagar, Mumbai - BMC",ME,2026-02-10 00:00:00+05:30,39.6,27.4,49.1,1.21,264.0,13.1,42.0,2.13,0.583,True,9
3409511,"Shivaji Nagar, Mumbai - BMC",ME,2026-02-11 00:00:00+05:30,40.9,28.2,48.1,1.22,264.0,13.2,39.8,58.3,0.898,True,9
3409511,"Shivaji Nagar, Mumbai - BMC",ME,2026-02-12 00:00:00+05:30,45.8,28.5,52.6,1.3,265.0,0.0,19.5,9.89,0.96,True,9
3409511,"Shivaji Nagar, Mumbai - BMC",ME,2026-02-13 00:00:00+05:30,40.8,28.3,50.0,1.23,264.0,0.0,22.6,7.76,0.922,True,9
3409511,"Shivaji Nagar, Mumbai - BMC",ME,2026-02-14 00:00:00+05:30,46.7,29.0,46.6,1.22,264.0,0.0,22.6,12.5,0.993,True,9
3409511,"Shivaji Nagar, Mumbai - BMC",ME,2026-02-15 00:00:00+05:30,53.4,29.5,41.8,1.24,264.0,0.0,20.1,13.1,0.842,True,9
3409511,"Shivaji Nagar, Mumbai - BMC",ME,2026-02-16 00:00:00+05:30,44.2,26.1,41.1,0.957,261.0,0.0,10.1,7.67,0.628,True,9
3409511,"Shivaji Nagar, Mumbai - BMC",ME,2026-02-17 00:00:00+05:30,24.6,29.3,49.9,1.28,265.0,0.0,22.3,22.4,0.505,True,9
3409511,"Shivaji Nagar, Mumbai - BMC",ME,2026-02-18 00:00:00+05:30,18.9,27.4,59.7,1.7,270.0,13.5,10.7,9.23,0.459,True,9
3409511,"Shivaji Nagar, Mumbai - BMC",ME,2026-02-19 00:00:00+05:30,42.8,28.5,57.3,0.777,259.0,14.7,16.9,14.8,1.05,True,9
3409511,"Shivaji Nagar, Mumbai - BMC",ME,2026-02-20 00:00:00+05:30,51.4,28.5,62.6,1.13,263.0,12.5,13.4,6.76,0.808,True,9
3409511,"Shivaji Nagar, Mumbai - BMC",ME,2026-02-21 00:00:00+05:30,46.4,30.2,48.1,1.31,265.0,15.9,17.6,10.4,0.882,True,9
3409511,"Shivaji Nagar, Mumbai - BMC",ME,2026-02-22 00:00:00+05:30,41.6,29.3,50.8,1.35,266.0,17.7,11.9,7.59,0.953,True,9
3409511,"Shivaji Nagar, Mumbai - BMC",ME,2026-02-23 00:00:00+05:30,40.5,29.3,49.0,1.33,266.0,18.1,13.2,8.22,1.01,True,9
3409511,"Shivaji Nagar, Mumbai - BMC",ME,2026-02-24 00:00:00+05:30,38.3,29.1,54.9,1.32,265.0,18.1,11.6,4.01,0.799,True,9
3409511,"Shivaji Nagar, Mumbai - BMC",ME,2026-02-25 00:00:00+05:30,29.8,28.7,55.0,1.22,264.0,15.6,8.33,3.83,0.666,True,9
3409511,"Shivaji Nagar, Mumbai - BMC",ME,2026-02-26 00:00:00+05:30,15.8,27.3,61.6,1.23,264.0,9.57,5.78,3.88,0.434,True,9
3409511,"Shivaji Nagar, Mumbai - BMC",ME,2026-02-27 00:00:00+05:30,9.39,26.8,58.1,1.12,263.0,9.5,5.69,2.46,0.388,True,9
3409511,"Shivaji Nagar, Mumbai - BMC",ME,2026-02-28 00:00:00+05:30,16.0,26.7,54.9,1.24,265.0,9.16,11.7,4.91,0.388,True,9
3409511,"Shivaji Nagar, Mumbai - BMC",ME,2026-03-01 00:00:00+05:30,28.9,26.8,57.2,1.25,265.0,9.16,17.4,8.1,0.498,True,9
3409511,"Shivaji Nagar, Mumbai - BMC",ME,2026-03-02 00:00:00+05:30,31.6,27.5,60.7,1.34,266.0,10.6,17.2,2.59,0.62,True,9
3409511,"Shivaji Nagar, Mumbai - BMC",ME,2026-03-03 00:00:00+05:30,77.9,29.3,53.2,1.26,264.0,14.9,11.2,8.26,1.43,True,9
3409511,"Shivaji Nagar, Mumbai - BMC",ME,2026-03-04 00:00:00+05:30,42.8,31.7,39.8,1.24,264.0,13.3,20.1,18.8,1.1,True,9
3409511,"Shivaji Nagar, Mumbai - BMC",ME,2026-03-05 00:00:00+05:30,44.3,32.0,29.6,1.29,265.0,14.6,29.6,5.96,0.619,True,9
3409511,"Shivaji Nagar, Mumbai - BMC",ME,2026-03-06 00:00:00+05:30,35.9,31.1,34.8,1.29,265.0,14.6,30.8,10.4,0.597,True,9
3409511,"Shivaji Nagar, Mumbai - BMC",ME,2026-03-07 00:00:00+05:30,38.0,29.1,58.6,1.35,266.0,16.1,20.1,7.73,0.658,True,9
3409511,"Shivaji Nagar, Mumbai - BMC",ME,2026-03-08 00:00:00+05:30,53.5,31.5,45.4,1.27,265.0,19.5,39.6,11.0,1.08,True,9
3409511,"Shivaji Nagar, Mumbai - BMC",ME,2026-03-09 00:00:00+05:30,62.7,32.9,30.3,1.35,266.0,18.5,37.4,8.97,0.976,True,9
3409511,"Shivaji Nagar, Mumbai - BMC",ME,2026-03-11 00:00:00+05:30,0.0,,,0.0,0.0,0.0,0.0,0.0,0.0,False,7
3409511,"Shivaji Nagar, Mumbai - BMC",ME,2026-03-12 00:00:00+05:30,44.1,29.8,,0.506,255.0,18.4,8.51,0.0986,1.01,False,8
3409511,"Shivaji Nagar, Mumbai - BMC",ME,2026-03-13 00:00:00+05:30,44.8,31.5,50.5,1.23,264.0,10.1,30.7,0.255,0.875,True,9
3409511,"Shivaji Nagar, Mumbai - BMC",ME,2026-03-14 00:00:00+05:30,47.9,31.1,47.9,1.36,266.0,18.1,16.2,8.53,0.754,True,9
3409511,"Shivaji Nagar, Mumbai - BMC",ME,2026-03-15 00:00:00+05:30,30.3,29.2,60.9,1.4,266.0,11.4,11.3,3.72,0.378,True,9
3409511,"Shivaji Nagar, Mumbai - BMC",ME,2026-03-16 00:00:00+05:30,22.7,28.8,64.1,1.24,265.0,10.2,10.6,6.06,0.364,True,9
3409511,"Shivaji Nagar, Mumbai - BMC",ME,2026-03-17 00:00:00+05:30,26.2,28.3,62.0,1.36,266.0,10.5,16.3,4.8,0.385,True,9
3409511,"Shivaji Nagar, Mumbai - BMC",ME,2026-03-18 00:00:00+05:30,23.7,28.0,59.8,1.34,266.0,12.8,14.4,7.12,0.496,True,9
3409511,"Shivaji Nagar, Mumbai - BMC",ME,2026-03-19 00:00:00+05:30,20.3,28.4,60.0,1.4,266.0,9.97,13.0,4.58,0.426,True,9
3409511,"Shivaji Nagar, Mumbai - BMC",ME,2026-03-20 00:00:00+05:30,23.4,28.3,56.7,1.4,266.0,11.1,17.2,10.4,0.473,True,9
3409511,"Shivaji Nagar, Mumbai - BMC",ME,2026-03-21 00:00:00+05:30,28.3,29.3,46.4,1.42,267.0,12.8,30.3,6.32,0.595,True,9
3409511,"Shivaji Nagar, Mumbai - BMC",ME,2026-03-22 00:00:00+05:30,32.8,30.7,37.2,1.4,267.0,13.2,44.3,14.0,0.592,True,9
3409511,"Shivaji Nagar, Mumbai - BMC",ME,2026-03-23 00:00:00+05:30,46.5,31.6,36.0,1.42,267.0,18.6,34.2,9.79,0.759,True,9
3409511,"Shivaji Nagar, Mumbai - BMC",ME,2026-03-24 00:00:00+05:30,43.2,31.9,41.9,1.45,267.0,14.3,27.6,9.87,0.45,True,9
3409511,"Shivaji Nagar, Mumbai - BMC",ME,2026-03-25 00:00:00+05:30,32.2,31.3,51.7,1.39,266.0,12.3,25.6,10.7,0.451,True,9
3409511,"Shivaji Nagar, Mumbai - BMC",ME,2026-03-26 00:00:00+05:30,32.3,32.3,48.8,1.5,267.0,12.8,32.5,7.0,0.475,True,9
3409511,"Shivaji Nagar, Mumbai - BMC",ME,2026-03-27 00:00:00+05:30,33.1,32.7,45.1,1.46,267.0,15.0,29.4,9.13,0.459,True,9
3409511,"Shivaji Nagar, Mumbai - BMC",ME,2026-03-28 00:00:00+05:30,17.3,30.2,65.2,1.43,267.0,9.55,14.9,1.58,0.311,True,9
3409511,"Shivaji Nagar, Mumbai - BMC",ME,2026-03-29 00:00:00+05:30,9.03,29.6,66.8,1.35,266.0,7.25,8.09,0.746,0.264,True,9
3409511,"Shivaji Nagar, Mumbai - BMC",ME,2026-03-30 00:00:00+05:30,9.87,30.0,67.0,1.34,266.0,7.2,12.8,1.7,0.196,True,9
3409511,"Shivaji Nagar, Mumbai - BMC",ME,2026-03-31 00:00:00+05:30,5.98,30.1,62.9,1.5,268.0,5.85,11.1,3.3,0.2,True,9
3409511,"Shivaji Nagar, Mumbai - BMC",ME,2026-04-01 00:00:00+05:30,14.1,29.2,64.8,1.29,265.0,8.97,14.2,2.91,0.233,True,9
3409511,"Shivaji Nagar, Mumbai - BMC",ME,2026-04-02 00:00:00+05:30,12.7,28.8,62.7,1.66,270.0,10.5,23.1,8.34,0.23,True,9
3409511,"Shivaji Nagar, Mumbai - BMC",ME,2026-04-03 00:00:00+05:30,22.5,29.3,59.1,1.69,269.0,12.2,22.2,6.46,0.211,True,9
3409511,"Shivaji Nagar, Mumbai - BMC",ME,2026-04-04 00:00:00+05:30,16.0,29.4,62.7,1.61,270.0,9.01,23.8,,0.54,False,8
3409511,"Shivaji Nagar, Mumbai - BMC",ME,2026-04-05 00:00:00+05:30,13.9,29.0,59.9,1.59,270.0,11.6,15.3,,0.45,False,8
3409511,"Shivaji Nagar, Mumbai - BMC",ME,2026-04-06 00:00:00+05:30,16.7,28.5,59.8,1.64,270.0,12.3,19.0,8.04,0.411,True,9
3409511,"Shivaji Nagar, Mumbai - BMC",ME,2026-04-07 00:00:00+05:30,17.5,29.2,62.7,1.73,271.0,12.9,13.6,5.2,0.5,True,9
3409511,"Shivaji Nagar, Mumbai - BMC",ME,2026-04-08 00:00:00+05:30,22.4,30.1,64.1,1.81,273.0,11.3,4.47,0.289,0.648,True,9
3409511,"Shivaji Nagar, Mumbai - BMC",ME,2026-04-09 00:00:00+05:30,20.9,30.1,55.6,1.48,269.0,11.8,8.69,5.51,0.44,True,9
3409511,"Shivaji Nagar, Mumbai - BMC",ME,2026-04-10 00:00:00+05:30,43.4,30.8,47.9,2.02,274.0,17.6,18.2,9.79,0.561,True,9
3409511,"Shivaji Nagar, Mumbai - BMC",ME,2026-04-11 00:00:00+05:30,40.0,31.6,60.2,2.07,275.0,16.5,26.5,6.35,0.537,True,9
3409511,"Shivaji Nagar, Mumbai - BMC",ME,2026-04-12 00:00:00+05:30,39.6,29.2,70.3,1.25,265.0,18.2,13.9,1.06,0.468,True,9
3409511,"Shivaji Nagar, Mumbai - BMC",ME,2026-04-13 00:00:00+05:30,32.4,30.7,69.5,2.07,276.0,14.5,11.1,0.748,0.636,True,9
3409511,"Shivaji Nagar, Mumbai - BMC",ME,2026-04-14 00:00:00+05:30,39.3,31.6,63.7,2.45,280.0,14.3,18.8,5.82,0.387,True,9
3409511,"Shivaji Nagar, Mumbai - BMC",ME,2026-04-15 00:00:00+05:30,20.5,31.3,61.8,2.31,278.0,12.5,15.4,8.16,0.377,True,9
3409511,"Shivaji Nagar, Mumbai - BMC",ME,2026-04-16 00:00:00+05:30,21.4,29.9,65.7,3.24,290.0,12.7,15.2,5.24,0.324,True,9
3409511,"Shivaji Nagar, Mumbai - BMC",ME,2026-04-17 00:00:00+05:30,21.2,30.0,67.2,2.09,275.0,13.6,13.4,6.15,0.467,True,9
3409511,"Shivaji Nagar, Mumbai - BMC",ME,2026-04-18 00:00:00+05:30,23.2,31.3,63.6,2.03,275.0,13.0,21.0,7.39,0.458,True,9
3409511,"Shivaji Nagar, Mumbai - BMC",ME,2026-04-19 00:00:00+05:30,31.1,31.9,53.4,2.07,275.0,15.1,16.7,3.47,0.443,True,9
3409511,"Shivaji Nagar, Mumbai - BMC",ME,2026-04-20 00:00:00+05:30,23.5,30.4,64.6,1.6,269.0,12.9,15.7,6.09,0.47,True,9
3409511,"Shivaji Nagar, Mumbai - BMC",ME,2026-04-21 00:00:00+05:30,29.4,31.5,60.9,1.91,273.0,15.1,23.7,7.4,0.555,True,9
3409511,"Shivaji Nagar, Mumbai - BMC",ME,2026-04-22 00:00:00+05:30,27.0,31.3,59.5,2.18,276.0,15.1,16.0,9.16,0.468,True,9
3409511,"Shivaji Nagar, Mumbai - BMC",ME,2026-04-23 00:00:00+05:30,29.2,32.4,50.3,2.08,275.0,17.2,23.3,7.66,0.496,True,9
3409511,"Shivaji Nagar, Mumbai - BMC",ME,2026-04-24 00:00:00+05:30,28.6,32.9,58.4,2.02,274.0,17.9,16.3,5.21,0.533,True,9
3409511,"Shivaji Nagar, Mumbai - BMC",ME,2026-04-25 00:00:00+05:30,31.9,33.4,52.5,2.33,278.0,17.7,23.8,7.68,0.524,True,9
3409511,"Shivaji Nagar, Mumbai - BMC",ME,2026-04-26 00:00:00+05:30,41.9,32.5,60.8,2.32,278.0,14.8,11.4,5.37,0.588,True,9
3409511,"Shivaji Nagar, Mumbai - BMC",ME,2026-04-27 00:00:00+05:30,26.7,31.3,69.1,2.24,277.0,11.4,6.92,8.09,0.502,True,9
3409511,"Shivaji Nagar, Mumbai - BMC",ME,2026-04-28 00:00:00+05:30,24.4,31.2,69.6,2.17,276.0,11.7,6.55,6.71,0.418,True,9
3409511,"Shivaji Nagar, Mumbai - BMC",ME,2026-04-29 00:00:00+05:30,24.2,31.5,67.2,2.46,279.0,11.9,6.14,10.4,0.488,True,9
3409511,"Shivaji Nagar, Mumbai - BMC",ME,2026-04-30 00:00:00+05:30,21.8,31.2,68.5,2.16,277.0,11.6,6.23,13.5,0.627,True,9
3409511,"Shivaji Nagar, Mumbai - BMC",ME,2026-05-01 00:00:00+05:30,21.0,31.3,66.9,2.4,275.0,9.94,6.51,12.2,0.625,True,9
3409511,"Shivaji Nagar, Mumbai - BMC",ME,2026-05-02 00:00:00+05:30,19.6,31.1,67.5,2.33,281.0,10.8,5.66,10.0,0.531,True,9
3409511,"Shivaji Nagar, Mumbai - BMC",ME,2026-05-03 00:00:00+05:30,24.3,31.7,65.7,2.0,275.0,10.3,7.29,14.1,0.67,True,9
3409511,"Shivaji Nagar, Mumbai - BMC",ME,2026-05-04 00:00:00+05:30,28.6,31.7,65.1,2.24,278.0,10.2,4.89,15.1,0.73,True,9
3409511,"Shivaji Nagar, Mumbai - BMC",ME,2026-05-05 00:00:00+05:30,18.8,32.2,63.4,2.75,285.0,7.78,15.3,15.8,0.384,True,9
3409511,"Shivaji Nagar, Mumbai - BMC",ME,2026-05-06 00:00:00+05:30,25.4,33.6,56.9,3.62,294.0,8.11,15.0,13.5,0.262,True,9
3409511,"Shivaji Nagar, Mumbai - BMC",ME,2026-05-07 00:00:00+05:30,23.6,32.5,64.3,3.37,291.0,7.89,15.7,2.48,0.264,True,9
3409511,"Shivaji Nagar, Mumbai - BMC",ME,2026-05-08 00:00:00+05:30,24.8,32.8,61.8,2.41,279.0,10.8,15.7,1.97,0.386,True,9
3409511,"Shivaji Nagar, Mumbai - BMC",ME,2026-05-09 00:00:00+05:30,26.4,33.1,61.2,2.54,280.0,14.2,14.2,2.75,0.493,True,9
3409511,"Shivaji Nagar, Mumbai - BMC",ME,2026-05-10 00:00:00+05:30,35.8,33.2,59.2,2.63,281.0,15.6,19.4,6.64,0.501,True,9
3409511,"Shivaji Nagar, Mumbai - BMC",ME,2026-05-11 00:00:00+05:30,24.1,33.6,58.9,2.53,280.0,9.11,12.0,3.67,0.655,True,9
3409511,"Shivaji Nagar, Mumbai - BMC",ME,2026-05-12 00:00:00+05:30,23.0,32.8,63.6,2.71,282.0,13.2,11.0,7.0,1.03,True,9
3409511,"Shivaji Nagar, Mumbai - BMC",ME,2026-05-13 00:00:00+05:30,18.8,32.3,66.9,2.0,274.0,14.9,9.69,4.32,0.84,True,9
3409511,"Shivaji Nagar, Mumbai - BMC",ME,2026-05-14 00:00:00+05:30,17.6,32.3,66.0,2.23,277.0,11.0,9.18,4.27,0.726,True,9
3409511,"Shivaji Nagar, Mumbai - BMC",ME,2026-05-15 00:00:00+05:30,14.4,32.1,65.1,2.25,277.0,13.2,11.1,7.03,1.03,True,9
3409511,"Shivaji Nagar, Mumbai - BMC",ME,2026-05-16 00:00:00+05:30,10.3,31.9,66.3,2.36,279.0,13.2,10.9,21.5,0.981,True,9
3409511,"Shivaji Nagar, Mumbai - BMC",ME,2026-05-17 00:00:00+05:30,11.3,32.2,66.9,2.5,268.0,13.2,11.0,6.99,1.03,True,9
3409511,"Shivaji Nagar, Mumbai - BMC",ME,2026-05-18 00:00:00+05:30,15.0,32.2,67.9,2.34,276.0,13.9,12.0,4.05,0.726,True,9
3409511,"Shivaji Nagar, Mumbai - BMC",ME,2026-05-19 00:00:00+05:30,16.1,31.3,66.9,1.86,272.0,18.2,9.64,4.74,0.446,True,9
3409511,"Shivaji Nagar, Mumbai - BMC",ME,2026-05-20 00:00:00+05:30,16.8,31.9,64.4,2.42,280.0,24.4,6.42,11.6,0.627,True,9
3409511,"Shivaji Nagar, Mumbai - BMC",ME,2026-05-21 00:00:00+05:30,11.0,32.5,63.4,2.5,252.0,14.3,5.53,10.3,0.382,True,9
3409511,"Shivaji Nagar, Mumbai - BMC",ME,2026-05-22 00:00:00+05:30,15.3,32.5,66.4,1.67,271.0,12.7,3.97,4.7,0.568,True,9
3409511,"Shivaji Nagar, Mumbai - BMC",ME,2026-05-23 00:00:00+05:30,13.6,32.5,67.7,1.64,270.0,12.5,2.67,3.96,0.592,True,9
3409511,"Shivaji Nagar, Mumbai - BMC",ME,2026-05-24 00:00:00+05:30,10.4,33.4,64.6,2.73,258.0,8.83,3.26,11.8,0.45,True,9
3409511,"Shivaji Nagar, Mumbai - BMC",ME,2026-05-25 00:00:00+05:30,9.75,32.9,65.8,2.36,256.0,8.08,3.97,5.26,0.349,True,9
3409511,"Shivaji Nagar, Mumbai - BMC",ME,2026-05-26 00:00:00+05:30,10.5,32.9,64.4,2.41,242.0,7.64,3.96,3.88,0.369,True,9
3409511,"Shivaji Nagar, Mumbai - BMC",ME,2026-05-27 00:00:00+05:30,9.55,32.8,62.8,2.58,224.0,7.72,4.64,7.82,0.327,True,9
3409511,"Shivaji Nagar, Mumbai - BMC",ME,2026-05-28 00:00:00+05:30,11.7,33.3,60.3,2.71,274.0,7.26,7.69,5.45,0.346,True,9
3409511,"Shivaji Nagar, Mumbai - BMC",ME,2026-05-29 00:00:00+05:30,14.2,33.3,60.5,2.78,255.0,7.7,7.31,5.44,0.556,True,9
3409511,"Shivaji Nagar, Mumbai - BMC",ME,2026-05-30 00:00:00+05:30,15.2,33.5,61.7,2.39,284.0,7.56,6.03,3.24,0.545,True,9
3409511,"Shivaji Nagar, Mumbai - BMC",ME,2026-05-31 00:00:00+05:30,13.6,32.5,66.6,2.58,236.0,4.27,4.41,0.00615,0.33,True,9
3409511,"Shivaji Nagar, Mumbai - BMC",ME,2026-06-01 00:00:00+05:30,10.5,33.0,62.8,2.57,242.0,20.1,4.24,15.0,0.362,True,9
3409511,"Shivaji Nagar, Mumbai - BMC",ME,2026-06-02 00:00:00+05:30,15.1,33.1,62.3,2.87,248.0,13.2,39.6,9.72,0.479,True,9
3409511,"Shivaji Nagar, Mumbai - BMC",ME,2026-06-03 00:00:00+05:30,23.5,32.0,62.4,2.42,252.0,18.0,,2.34,0.481,False,8
3409511,"Shivaji Nagar, Mumbai - BMC",ME,2026-06-04 00:00:00+05:30,17.9,32.9,62.9,2.78,243.99999999999994,13.0,39.9,11.7,0.392,True,9
3409511,"Shivaji Nagar, Mumbai - BMC",ME,2026-06-05 00:00:00+05:30,17.7,33.2,65.1,2.53,258.0,10.2,40.0,7.0,0.322,True,9
3409511,"Shivaji Nagar, Mumbai - BMC",ME,2026-06-06 00:00:00+05:30,12.7,33.7,62.2,2.76,261.0,18.3,39.9,26.9,0.36,True,9
3409511,"Shivaji Nagar, Mumbai - BMC",ME,2026-06-07 00:00:00+05:30,15.3,33.7,62.3,3.7,252.0,9.31,39.9,6.38,0.221,True,9
3409511,"Shivaji Nagar, Mumbai - BMC",ME,2026-06-09 00:00:00+05:30,25.6,32.4,66.4,0.725,257.0,16.6,39.9,0.0,0.243,True,9
3409511,"Shivaji Nagar, Mumbai - BMC",ME,2026-06-10 00:00:00+05:30,19.9,32.9,63.3,1.97,274.0,7.72,40.0,6.19,0.21,True,9
3409511,"Shivaji Nagar, Mumbai - BMC",ME,2026-06-11 00:00:00+05:30,20.1,33.2,61.7,2.59,260.0,15.1,40.1,0.895,0.26,True,9
3409511,"Shivaji Nagar, Mumbai - BMC",ME,2026-06-12 00:00:00+05:30,20.6,33.1,63.9,2.16,270.0,12.3,40.0,0.0,0.287,True,9
3409511,"Shivaji Nagar, Mumbai - BMC",ME,2026-06-13 00:00:00+05:30,20.6,31.5,70.5,0.46,254.0,9.78,40.2,0.945,0.378,True,9
3409511,"Shivaji Nagar, Mumbai - BMC",ME,2026-06-15 00:00:00+05:30,17.0,33.8,57.4,2.12,278.0,9.39,40.0,9.11,0.218,True,9
3409511,"Shivaji Nagar, Mumbai - BMC",ME,2026-06-16 00:00:00+05:30,14.0,33.2,59.8,3.19,238.0,9.01,40.0,8.32,0.199,True,9
3409511,"Shivaji Nagar, Mumbai - BMC",ME,2026-06-17 00:00:00+05:30,15.1,33.1,59.0,2.76,255.0,13.7,40.1,2.95,0.252,True,9
3409511,"Shivaji Nagar, Mumbai - BMC",ME,2026-06-18 00:00:00+05:30,14.1,33.0,58.0,2.9,261.0,15.5,40.1,41.0,0.324,True,9
3409511,"Shivaji Nagar, Mumbai - BMC",ME,2026-06-19 00:00:00+05:30,17.1,32.8,57.9,2.63,262.0,15.3,40.0,9.52,0.339,True,9
3409511,"Shivaji Nagar, Mumbai - BMC",ME,2026-06-20 00:00:00+05:30,17.5,32.6,59.4,2.21,270.0,17.4,40.0,10.7,0.397,True,9
3409511,"Shivaji Nagar, Mumbai - BMC",ME,2026-06-21 00:00:00+05:30,11.4,31.5,66.7,1.96,252.0,7.65,40.1,0.769,0.383,True,9
3409511,"Shivaji Nagar, Mumbai - BMC",ME,2026-06-22 00:00:00+05:30,12.7,30.4,74.6,2.21,239.0,0.0,40.0,7.43,0.392,True,9
3409511,"Shivaji Nagar, Mumbai - BMC",ME,2026-06-23 00:00:00+05:30,9.63,27.4,87.2,0.835,259.0,4.34,39.9,7.11,0.635,True,9
3409511,"Shivaji Nagar, Mumbai - BMC",ME,2026-06-25 00:00:00+05:30,27.4,28.8,89.1,0.45,254.0,17.8,40.1,12.6,0.765,True,9
3409511,"Shivaji Nagar, Mumbai - BMC",ME,2026-06-26 00:00:00+05:30,21.9,30.5,80.7,2.46,266.0,16.2,40.0,4.02,0.585,True,9
3409511,"Shivaji Nagar, Mumbai - BMC",ME,2026-06-29 00:00:00+05:30,7.2,15.9,43.4,1.44,267.0,9.47,39.8,3.07,0.459,True,9
3409511,"Shivaji Nagar, Mumbai - BMC",ME,2026-06-30 00:00:00+05:30,10.1,15.9,51.8,1.01,262.0,16.8,39.1,3.31,0.591,True,9
3409511,"Shivaji Nagar, Mumbai - BMC",ME,2026-07-01 00:00:00+05:30,9.06,3.79,45.0,0.69,258.0,11.8,11.9,1.7,0.505,True,9
3409511,"Shivaji Nagar, Mumbai - BMC",ME,2026-07-02 00:00:00+05:30,10.9,4.13,44.7,1.1,263.0,12.0,8.02,1.98,0.494,True,9
3409511,"Shivaji Nagar, Mumbai - BMC",ME,2026-07-03 00:00:00+05:30,7.71,18.3,48.4,0.914,260.0,12.0,14.7,1.04,0.308,True,9
3409511,"Shivaji Nagar, Mumbai - BMC",ME,2026-07-04 00:00:00+05:30,7.91,24.7,58.0,0.586,256.0,12.0,0.64,0.827,0.38,True,9
3409511,"Shivaji Nagar, Mumbai - BMC",ME,2026-07-05 00:00:00+05:30,3.98,24.5,60.5,0.74,258.0,12.0,3.92,6.24,0.24,True,9
3409511,"Shivaji Nagar, Mumbai - BMC",ME,2026-07-06 00:00:00+05:30,6.72,24.2,60.4,0.584,256.0,12.0,3.81,4.82,0.164,True,9
3409511,"Shivaji Nagar, Mumbai - BMC",ME,2026-07-07 00:00:00+05:30,9.48,19.2,8.06,0.844,260.0,11.9,33.6,1.07,0.204,True,9
3409511,"Shivaji Nagar, Mumbai - BMC",ME,2026-07-08 00:00:00+05:30,13.8,27.3,6.66,0.79,259.0,12.3,13.8,0.828,0.298,True,9
3409511,"Shivaji Nagar, Mumbai - BMC",ME,2026-07-09 00:00:00+05:30,19.4,33.2,4.42,1.45,267.0,10.8,9.8,2.31,0.489,True,9
3409511,"Shivaji Nagar, Mumbai - BMC",ME,2026-07-10 00:00:00+05:30,16.7,39.9,18.5,1.81,274.0,8.59,5.68,3.02,0.446,True,9
3409511,"Shivaji Nagar, Mumbai - BMC",ME,2026-07-11 00:00:00+05:30,16.3,43.2,19.4,1.84,274.0,9.41,4.82,1.41,0.26,True,9
3409511,"Shivaji Nagar, Mumbai - BMC",ME,2026-07-12 00:00:00+05:30,20.5,49.8,9.92,1.89,270.0,8.7,0.708,8.26,0.383,True,9
3409511,"Shivaji Nagar, Mumbai - BMC",ME,2026-07-13 00:00:00+05:30,23.7,52.4,12.4,2.06,276.0,9.59,8.29,4.27,0.39,True,9
3409511,"Shivaji Nagar, Mumbai - BMC",ME,2026-07-14 00:00:00+05:30,19.7,49.1,11.5,1.93,267.0,10.6,8.96,3.77,0.429,True,9
3409511,"Shivaji Nagar, Mumbai - BMC",ME,2026-07-15 00:00:00+05:30,18.6,36.9,55.8,1.8,275.0,8.77,8.77,4.59,0.366,True,9
3409511,"Shivaji Nagar, Mumbai - BMC",ME,2026-07-16 00:00:00+05:30,17.8,30.6,88.4,1.53,269.0,9.22,8.37,2.61,0.346,True,9
3409511,"Shivaji Nagar, Mumbai - BMC",ME,2026-07-17 00:00:00+05:30,14.8,32.8,89.5,1.42,268.0,7.88,7.93,4.78,0.306,True,9
3409511,"Shivaji Nagar, Mumbai - BMC",ME,2026-07-18 00:00:00+05:30,12.3,32.8,91.5,1.16,260.0,8.07,7.61,2.55,0.467,True,9
3409511,"Shivaji Nagar, Mumbai - BMC",ME,2026-07-19 00:00:00+05:30,9.14,33.6,92.7,1.39,264.0,9.89,7.32,3.37,0.511,True,9
3409511,"Shivaji Nagar, Mumbai - BMC",ME,2026-07-20 00:00:00+05:30,10.4,32.4,95.4,0.935,261.0,9.5,8.09,2.23,0.48,True,9
3409511,"Shivaji Nagar, Mumbai - BMC",ME,2026-07-21 00:00:00+05:30,14.5,34.2,92.2,1.25,266.0,9.37,7.99,3.74,0.632,True,9
3409511,"Shivaji Nagar, Mumbai - BMC",ME,2026-07-22 00:00:00+05:30,10.5,34.0,91.7,0.672,258.0,7.83,8.19,5.39,0.532,True,9
3409511,"Shivaji Nagar, Mumbai - BMC",ME,2026-07-23 00:00:00+05:30,14.6,36.1,87.4,0.559,256.0,7.76,8.28,2.04,0.563,True,9
3409511,"Shivaji Nagar, Mumbai - BMC",ME,2026-07-24 00:00:00+05:30,13.1,23.3,86.2,1.29,267.0,9.03,4.07,0.0557,0.649,True,9
3409511,"Shivaji Nagar, Mumbai - BMC",ME,2026-07-25 00:00:00+05:30,15.8,28.2,85.2,1.72,270.0,28.4,4.67,3.29,0.502,True,9
3409511,"Shivaji Nagar, Mumbai - BMC",ME,2026-07-26 00:00:00+05:30,12.2,23.7,85.6,1.5,271.0,11.2,5.42,4.67,0.461,True,9
3409511,"Shivaji Nagar, Mumbai - BMC",ME,2026-07-27 00:00:00+05:30,11.8,32.0,87.3,1.19,264.0,10.6,7.74,1.77,0.45,True,9
3409511,"Shivaji Nagar, Mumbai - BMC",ME,2026-07-28 00:00:00+05:30,14.2,30.2,87.2,1.72,267.0,7.61,4.74,0.75,0.439,True,9
3409511,"Shivaji Nagar, Mumbai - BMC",ME,2026-07-29 00:00:00+05:30,15.8,25.4,84.3,1.68,272.0,7.1,4.04,2.71,0.388,True,9
3409511,"Shivaji Nagar, Mumbai - BMC",ME,2026-07-30 00:00:00+05:30,15.3,10.7,72.2,1.11,263.0,15.1,3.33,1.2,0.331,True,9
3409511,"Shivaji Nagar, Mumbai - BMC",ME,2026-07-31 00:00:00+05:30,14.0,9.33,72.6,0.792,258.0,10.1,3.53,6.76,0.381,True,9
3409511,"Shivaji Nagar, Mumbai - BMC",ME,2026-08-01 00:00:00+05:30,16.7,10.5,73.3,1.42,269.0,9.04,4.19,0.58,0.413,True,9
3409511,"Shivaji Nagar, Mumbai - BMC",ME,2026-08-02 00:00:00+05:30,13.1,9.63,77.1,0.986,261.0,9.09,4.33,14.3,0.531,True,9
3409511,"Shivaji Nagar, Mumbai - BMC",ME,2026-08-03 00:00:00+05:30,14.2,17.1,88.7,1.25,264.0,9.88,4.79,0.741,0.407,True,9
3409511,"Shivaji Nagar, Mumbai - BMC",ME,2026-08-04 00:00:00+05:30,12.6,19.1,90.7,1.77,265.0,10.2,5.05,13.5,0.462,True,9
3409511,"Shivaji Nagar, Mumbai - BMC",ME,2026-08-05 00:00:00+05:30,17.9,17.4,92.1,0.627,256.0,12.1,3.81,10.8,0.78,True,9
3409511,"Shivaji Nagar, Mumbai - BMC",ME,2026-08-06 00:00:00+05:30,14.4,18.8,86.1,1.66,264.0,8.54,4.19,3.64,0.373,True,9
3409511,"Shivaji Nagar, Mumbai - BMC",ME,2026-08-07 00:00:00+05:30,12.1,16.9,89.2,1.74,272.0,8.58,4.68,9.56,0.372,True,9
3409511,"Shivaji Nagar, Mumbai - BMC",ME,2026-08-08 00:00:00+05:30,18.0,29.6,89.3,1.18,263.0,9.08,6.37,0.35,0.268,True,9
3409511,"Shivaji Nagar, Mumbai - BMC",ME,2026-08-09 00:00:00+05:30,13.5,25.5,97.4,1.85,272.0,,,,,False,5
3409511,"Shivaji Nagar, Mumbai - BMC",ME,2026-08-10 00:00:00+05:30,14.6,28.9,,1.78,274.0,83.5,3.38,10.9,0.538,False,8
3409511,"Shivaji Nagar, Mumbai - BMC",ME,2026-08-11 00:00:00+05:30,14.7,40.0,,0.929,260.0,26.7,2.41,13.2,0.472,False,8
3409511,"Shivaji Nagar, Mumbai - BMC",ME,2026-08-12 00:00:00+05:30,14.2,26.4,82.4,1.44,267.0,22.5,2.52,9.3,0.417,True,9
3409511,"Shivaji Nagar, Mumbai - BMC",ME,2026-08-13 00:00:00+05:30,19.3,17.4,89.7,1.19,264.0,15.7,2.33,16.3,0.716,True,9
3409511,"Shivaji Nagar, Mumbai - BMC",ME,2026-08-14 00:00:00+05:30,19.9,17.2,85.7,1.69,274.0,11.2,2.04,3.91,0.545,True,9
3409511,"Shivaji Nagar, Mumbai - BMC",ME,2026-08-15 00:00:00+05:30,16.5,16.2,91.7,1.18,264.0,12.3,2.27,6.37,0.66,True,9
3409511,"Shivaji Nagar, Mumbai - BMC",ME,2026-08-16 00:00:00+05:30,15.9,16.4,84.9,2.14,270.0,10.1,3.22,4.05,0.505,True,9
3409511,"Shivaji Nagar, Mumbai - BMC",ME,2026-08-17 00:00:00+05:30,20.9,14.2,87.1,1.05,262.0,9.46,3.26,6.6,0.653,True,9
3409511,"Shivaji Nagar, Mumbai - BMC",ME,2026-08-18 00:00:00+05:30,17.4,18.2,83.9,1.76,269.0,7.07,1.94,6.86,0.372,True,9
3409511,"Shivaji Nagar, Mumbai - BMC",ME,2026-08-19 00:00:00+05:30,14.7,23.4,80.5,1.94,263.0,6.93,6.82,7.13,0.295,True,9
3409511,"Shivaji Nagar, Mumbai - BMC",ME,2026-08-20 00:00:00+05:30,14.0,28.6,78.7,1.26,265.0,8.64,11.6,1.17,0.473,True,9
3409511,"Shivaji Nagar, Mumbai - BMC",ME,2026-08-21 00:00:00+05:30,15.1,31.8,75.9,1.62,272.0,7.08,12.3,8.11,0.369,True,9
3409511,"Shivaji Nagar, Mumbai - BMC",ME,2026-08-22 00:00:00+05:30,16.2,33.6,77.3,1.42,269.0,7.66,12.0,5.03,0.44,True,9
3409511,"Shivaji Nagar, Mumbai - BMC",ME,2026-08-23 00:00:00+05:30,13.1,31.7,72.7,1.68,272.0,7.13,11.9,2.51,0.406,True,9
3409511,"Shivaji Nagar, Mumbai - BMC",ME,2026-08-24 00:00:00+05:30,16.9,34.4,74.7,1.5,269.0,7.9,11.5,2.67,0.388,True,9
3409511,"Shivaji Nagar, Mumbai - BMC",ME,2026-08-25 00:00:00+05:30,20.7,33.7,70.1,1.47,268.0,7.7,11.9,5.21,0.346,True,9
3409511,"Shivaji Nagar, Mumbai - BMC",ME,2026-08-26 00:00:00+05:30,19.8,35.7,70.4,1.77,274.0,6.24,11.9,3.97,0.306,True,9
3409511,"Shivaji Nagar, Mumbai - BMC",ME,2026-08-27 00:00:00+05:30,14.8,33.1,67.3,1.9,277.0,6.03,11.7,2.3,0.28,True,9
3409511,"Shivaji Nagar, Mumbai - BMC",ME,2026-08-28 00:00:00+05:30,20.7,33.9,65.9,0.4,254.0,7.71,12.4,0.68,0.73,True,9
3409511,"Shivaji Nagar, Mumbai - BMC",ME,2026-08-29 00:00:00+05:30,10.6,33.7,65.9,0.426,254.0,5.33,13.2,0.666,0.249,True,9
3409511,"Shivaji Nagar, Mumbai - BMC",ME,2026-08-30 00:00:00+05:30,12.7,38.2,68.5,2.2,264.0,6.55,13.5,6.35,0.371,True,9
3409511,"Shivaji Nagar, Mumbai - BMC",ME,2026-08-31 00:00:00+05:30,12.5,34.0,74.0,1.56,268.0,6.99,12.9,3.26,0.366,True,9
3409511,"Shivaji Nagar, Mumbai - BMC",ME,2026-09-01 00:00:00+05:30,15.1,30.9,80.0,1.73,270.0,7.47,12.1,2.05,0.509,True,9
3409511,"Shivaji Nagar, Mumbai - BMC",ME,2026-09-02 00:00:00+05:30,15.7,31.0,87.1,1.49,268.0,8.62,11.1,3.52,0.567,True,9
3409511,"Shivaji Nagar, Mumbai - BMC",ME,2026-09-03 00:00:00+05:30,20.5,30.8,86.4,1.46,262.0,8.83,10.7,4.46,0.566,True,9
3409511,"Shivaji Nagar, Mumbai - BMC",ME,2026-09-04 00:00:00+05:30,18.9,30.5,81.4,1.68,273.0,8.18,11.7,4.55,0.522,True,9
3409511,"Shivaji Nagar, Mumbai - BMC",ME,2026-09-05 00:00:00+05:30,15.8,30.2,84.4,1.58,273.0,8.62,11.2,2.79,0.509,True,9
3409511,"Shivaji Nagar, Mumbai - BMC",ME,2026-09-06 00:00:00+05:30,14.6,31.2,90.5,1.38,261.0,7.95,10.7,5.07,0.502,True,9
3409511,"Shivaji Nagar, Mumbai - BMC",ME,2026-09-07 00:00:00+05:30,16.4,30.2,84.7,1.75,262.0,8.21,10.9,5.18,0.456,True,9
3409511,"Shivaji Nagar, Mumbai - BMC",ME,2026-09-08 00:00:00+05:30,12.5,30.0,78.4,1.81,270.0,7.06,10.9,5.52,0.317,True,9
3409511,"Shivaji Nagar, Mumbai - BMC",ME,2026-09-09 00:00:00+05:30,13.7,30.1,80.4,1.48,270.0,7.15,11.6,4.78,0.36,True,9
3409511,"Shivaji Nagar, Mumbai - BMC",ME,2026-09-10 00:00:00+05:30,12.6,28.4,86.3,1.16,265.0,7.98,11.6,6.94,0.499,True,9
3409511,"Shivaji Nagar, Mumbai - BMC",ME,2026-09-11 00:00:00+05:30,18.5,28.6,85.1,1.38,268.0,8.68,11.2,0.671,0.483,True,9
3409511,"Shivaji Nagar, Mumbai - BMC",ME,2026-09-12 00:00:00+05:30,15.3,29.1,85.0,1.4,268.0,8.65,10.9,4.64,0.427,True,9
3409511,"Shivaji Nagar, Mumbai - BMC",ME,2026-09-13 00:00:00+05:30,18.6,27.0,91.8,0.661,257.0,12.4,11.2,2.48,0.619,True,9
3409511,"Shivaji Nagar, Mumbai - BMC",ME,2026-09-14 00:00:00+05:30,16.7,28.0,87.3,1.32,266.0,12.6,11.7,1.51,0.634,True,9
3409511,"Shivaji Nagar, Mumbai - BMC",ME,2026-09-15 00:00:00+05:30,24.4,29.3,88.4,1.82,259.0,10.2,11.0,3.74,0.696,True,9
3409511,"Shivaji Nagar, Mumbai - BMC",ME,2026-09-16 00:00:00+05:30,15.5,28.0,83.3,1.58,270.0,11.7,11.5,2.07,0.577,True,9
3409511,"Shivaji Nagar, Mumbai - BMC",ME,2026-09-17 00:00:00+05:30,24.9,29.1,83.4,1.44,269.0,11.7,11.9,3.9,0.617,True,9
3409512,"Kandivali West, Mumbai - BMC",RC,2025-10-12 00:00:00+05:30,52.2,28.5,59.2,2.15,143.0,12.4,92.2,2.35,0.46,True,9
3409512,"Kandivali West, Mumbai - BMC",RC,2025-10-13 00:00:00+05:30,44.3,28.4,61.8,2.19,144.0,12.7,79.1,1.48,0.516,True,9
3409512,"Kandivali West, Mumbai - BMC",RC,2025-10-14 00:00:00+05:30,42.7,28.4,56.1,2.07,142.0,15.1,29.9,1.01,0.482,True,9
3409512,"Kandivali West, Mumbai - BMC",RC,2025-10-15 00:00:00+05:30,44.9,28.8,55.8,2.1,,21.9,21.1,0.648,0.594,False,8
3409512,"Kandivali West, Mumbai - BMC",RC,2025-10-16 00:00:00+05:30,39.1,29.3,68.4,2.33,147.0,18.5,19.9,0.0223,0.379,True,9
3409512,"Kandivali West, Mumbai - BMC",RC,2025-10-17 00:00:00+05:30,24.2,29.9,62.1,2.18,144.0,13.0,19.7,1.24,0.419,True,9
3409512,"Kandivali West, Mumbai - BMC",RC,2025-10-18 00:00:00+05:30,44.7,29.8,53.4,1.97,141.0,15.9,23.9,0.736,0.516,True,9
3409512,"Kandivali West, Mumbai - BMC",RC,2025-10-19 00:00:00+05:30,65.3,29.7,52.7,1.96,141.0,13.7,27.2,1.36,0.43,True,9
3409512,"Kandivali West, Mumbai - BMC",RC,2025-10-20 00:00:00+05:30,102.0,29.2,62.6,2.17,144.0,17.0,17.2,1.31,0.566,True,9
3409512,"Kandivali West, Mumbai - BMC",RC,2025-10-21 00:00:00+05:30,109.0,29.2,51.9,1.94,140.0,13.8,26.4,0.926,0.423,True,9
3409512,"Kandivali West, Mumbai - BMC",RC,2025-10-22 00:00:00+05:30,61.2,29.4,62.3,2.17,144.0,11.1,20.8,2.61,0.311,True,9
3409512,"Kandivali West, Mumbai - BMC",RC,2025-10-23 00:00:00+05:30,50.9,30.5,55.6,2.0,142.0,13.1,13.4,0.902,0.363,True,9
3409512,"Kandivali West, Mumbai - BMC",RC,2025-10-24 00:00:00+05:30,35.8,29.9,64.2,2.19,145.0,11.4,11.7,0.865,0.233,True,9
3409512,"Kandivali West, Mumbai - BMC",RC,2025-10-25 00:00:00+05:30,10.9,28.7,72.8,2.41,148.0,15.2,3.15,0.000451,0.348,True,9
3409512,"Kandivali West, Mumbai - BMC",RC,2025-10-26 00:00:00+05:30,9.69,27.6,76.5,2.5,150.0,12.3,0.702,0.851,0.252,True,9
3409512,"Kandivali West, Mumbai - BMC",RC,2025-10-27 00:00:00+05:30,7.92,27.7,81.6,2.64,151.0,13.8,3.5,0.0794,0.32,True,9
3409512,"Kandivali West, Mumbai - BMC",RC,2025-10-28 00:00:00+05:30,18.6,28.2,76.1,2.47,150.0,12.6,11.6,0.958,0.315,True,9
3409512,"Kandivali West, Mumbai - BMC",RC,2025-10-29 00:00:00+05:30,23.1,29.0,69.6,2.31,147.0,13.8,13.6,2.12,0.279,True,9
3409512,"Kandivali West, Mumbai - BMC",RC,2025-10-30 00:00:00+05:30,15.5,27.3,81.3,2.59,152.0,17.9,9.31,0.878,0.38,True,9
3409512,"Kandivali West, Mumbai - BMC",RC,2025-10-31 00:00:00+05:30,15.6,27.2,84.9,2.67,153.0,16.6,5.81,1.82,0.421,True,9
3409512,"Kandivali West, Mumbai - BMC",RC,2025-11-01 00:00:00+05:30,10.5,27.9,86.8,2.71,154.0,13.7,3.73,0.0,0.349,True,9
3409512,"Kandivali West, Mumbai - BMC",RC,2025-11-02 00:00:00+05:30,14.5,26.6,88.1,2.79,153.0,16.2,0.729,0.0,0.424,True,9
3409512,"Kandivali West, Mumbai - BMC",RC,2025-11-03 00:00:00+05:30,18.8,27.5,84.9,2.66,153.0,20.0,2.79,0.392,0.424,True,9
3409512,"Kandivali West, Mumbai - BMC",RC,2025-11-04 00:00:00+05:30,16.5,27.9,82.4,2.57,152.0,8.84,16.1,1.93,0.223,True,9
3409512,"Kandivali West, Mumbai - BMC",RC,2025-11-05 00:00:00+05:30,18.5,26.8,71.7,2.34,148.0,9.33,15.6,1.97,0.298,True,9
3409512,"Kandivali West, Mumbai - BMC",RC,2025-11-06 00:00:00+05:30,38.1,26.8,76.3,2.42,149.0,10.6,30.1,1.87,0.264,True,9
3409512,"Kandivali West, Mumbai - BMC",RC,2025-11-07 00:00:00+05:30,45.5,27.5,67.0,2.23,146.0,15.9,32.5,1.12,0.466,True,9
3409512,"Kandivali West, Mumbai - BMC",RC,2025-11-08 00:00:00+05:30,33.6,27.5,44.0,1.71,137.0,14.7,30.1,1.29,0.355,True,9
3409512,"Kandivali West, Mumbai - BMC",RC,2025-11-09 00:00:00+05:30,31.3,26.3,43.2,1.73,137.0,18.5,27.6,2.69,0.374,True,9
3409512,"Kandivali West, Mumbai - BMC",RC,2025-11-10 00:00:00+05:30,40.7,24.7,51.3,1.93,141.0,32.6,12.6,1.32,0.719,True,9
3409512,"Kandivali West, Mumbai - BMC",RC,2025-11-11 00:00:00+05:30,44.0,26.2,54.5,1.98,142.0,25.6,34.6,5.14,0.492,True,9
3409512,"Kandivali West, Mumbai - BMC",RC,2025-11-12 00:00:00+05:30,50.4,26.4,33.7,1.51,134.0,12.6,39.5,5.0,0.391,True,9
3409512,"Kandivali West, Mumbai - BMC",RC,2025-11-13 00:00:00+05:30,57.2,26.7,34.2,1.51,134.0,19.6,39.7,5.78,0.548,True,9
3409512,"Kandivali West, Mumbai - BMC",RC,2025-11-14 00:00:00+05:30,58.8,26.6,37.9,1.62,136.0,22.5,40.4,5.78,0.558,True,9
3409512,"Kandivali West, Mumbai - BMC",RC,2025-11-15 00:00:00+05:30,58.5,26.2,31.1,1.44,132.0,23.7,35.0,6.36,0.628,True,9
3409512,"Kandivali West, Mumbai - BMC",RC,2025-11-16 00:00:00+05:30,59.6,25.9,32.6,1.45,133.0,22.1,36.9,6.58,0.475,True,9
3409512,"Kandivali West, Mumbai - BMC",RC,2025-11-17 00:00:00+05:30,61.2,25.8,28.6,1.38,131.0,16.6,54.5,9.2,0.493,True,9
3409512,"Kandivali West, Mumbai - BMC",RC,2025-11-18 00:00:00+05:30,69.8,24.2,36.2,1.54,134.0,22.0,43.1,7.11,0.665,True,9
3409512,"Kandivali West, Mumbai - BMC",RC,2025-11-19 00:00:00+05:30,68.1,25.7,30.1,1.39,131.0,27.3,40.4,7.17,0.625,True,9
3409512,"Kandivali West, Mumbai - BMC",RC,2025-11-20 00:00:00+05:30,77.5,25.8,37.7,1.57,134.0,29.1,39.0,7.51,0.747,True,9
3409512,"Kandivali West, Mumbai - BMC",RC,2025-11-21 00:00:00+05:30,82.0,26.1,42.5,1.67,136.0,30.5,38.6,7.94,0.7,True,9
3409512,"Kandivali West, Mumbai - BMC",RC,2025-11-22 00:00:00+05:30,87.9,26.7,52.4,1.9,140.0,37.0,40.7,7.25,0.99,True,9
3409512,"Kandivali West, Mumbai - BMC",RC,2025-11-23 00:00:00+05:30,81.3,26.8,56.9,1.97,142.0,38.4,30.2,6.42,0.991,True,9
3409512,"Kandivali West, Mumbai - BMC",RC,2025-11-24 00:00:00+05:30,87.0,27.1,62.6,2.13,145.0,23.5,40.7,5.41,0.584,True,9
3409512,"Kandivali West, Mumbai - BMC",RC,2025-12-02 00:00:00+05:30,52.2,27.1,37.6,1.54,135.0,20.9,49.0,7.96,0.633,True,9
3409512,"Kandivali West, Mumbai - BMC",RC,2025-12-03 00:00:00+05:30,52.6,25.9,43.4,1.73,138.0,23.7,26.4,8.41,0.73,True,9
3409512,"Kandivali West, Mumbai - BMC",RC,2025-12-04 00:00:00+05:30,57.6,24.3,45.2,1.71,138.0,22.3,26.2,7.24,0.515,True,9
3409512,"Kandivali West, Mumbai - BMC",RC,2025-12-05 00:00:00+05:30,74.8,24.7,,1.82,140.0,,,,,False,4
3409512,"Kandivali West, Mumbai - BMC",RC,2025-12-06 00:00:00+05:30,47.9,26.1,,1.61,137.0,,58.7,,0.32,False,6
3409512,"Kandivali West, Mumbai - BMC",RC,2025-12-07 00:00:00+05:30,38.8,24.1,59.9,2.02,144.0,,15.0,6.25,0.62,False,8
3409512,"Kandivali West, Mumbai - BMC",RC,2025-12-10 00:00:00+05:30,17.2,27.2,29.5,1.4,132.0,23.0,41.7,7.8,0.583,True,9
3409512,"Kandivali West, Mumbai - BMC",RC,2025-12-11 00:00:00+05:30,18.8,25.9,,1.22,,17.8,30.6,4.66,0.358,False,7
3409512,"Kandivali West, Mumbai - BMC",RC,2025-12-12 00:00:00+05:30,35.7,24.4,,1.61,136.0,19.5,45.9,6.09,0.702,False,8
3409512,"Kandivali West, Mumbai - BMC",RC,2025-12-13 00:00:00+05:30,44.3,25.5,35.9,1.55,133.0,28.1,38.3,18.0,0.948,True,9
3409512,"Kandivali West, Mumbai - BMC",RC,2025-12-14 00:00:00+05:30,52.6,25.4,34.3,1.53,,29.2,,5.98,1.06,False,7
3409512,"Kandivali West, Mumbai - BMC",RC,2025-12-15 00:00:00+05:30,47.5,25.3,34.0,1.54,135.0,26.5,,6.41,0.904,False,8
3409512,"Kandivali West, Mumbai - BMC",RC,2025-12-16 00:00:00+05:30,42.4,25.7,30.3,1.41,132.0,22.6,,8.27,0.667,False,8
3409512,"Kandivali West, Mumbai - BMC",RC,2025-12-17 00:00:00+05:30,57.3,25.7,39.0,1.54,135.0,25.6,49.2,5.46,1.08,True,9
3409512,"Kandivali West, Mumbai - BMC",RC,2025-12-18 00:00:00+05:30,59.5,25.9,40.9,1.62,136.0,20.2,48.5,3.61,0.925,True,9
3409512,"Kandivali West, Mumbai - BMC",RC,2025-12-19 00:00:00+05:30,67.1,21.3,59.7,2.03,142.0,29.4,2.13,2.47,1.21,True,9
3409512,"Kandivali West, Mumbai - BMC",RC,2025-12-20 00:00:00+05:30,32.1,26.0,35.6,1.48,134.0,23.9,46.2,2.73,0.957,True,9
3409512,"Kandivali West, Mumbai - BMC",RC,2025-12-21 00:00:00+05:30,32.9,25.0,,1.29,130.0,33.2,23.3,3.52,0.926,False,8
3409512,"Kandivali West, Mumbai - BMC",RC,2025-12-22 00:00:00+05:30,44.3,25.1,33.4,1.46,133.0,27.8,33.1,4.74,1.22,True,9
3409512,"Kandivali West, Mumbai - BMC",RC,2025-12-23 00:00:00+05:30,43.9,25.4,37.7,1.51,134.0,23.9,47.6,4.77,0.718,True,9
3409512,"Kandivali West, Mumbai - BMC",RC,2025-12-24 00:00:00+05:30,30.2,25.3,33.0,1.43,,22.5,47.0,4.77,0.714,False,8
3409512,"Kandivali West, Mumbai - BMC",RC,2025-12-25 00:00:00+05:30,40.7,25.0,38.7,1.53,135.0,24.2,50.5,6.0,0.785,True,9
3409512,"Kandivali West, Mumbai - BMC",RC,2025-12-26 00:00:00+05:30,57.9,24.5,40.5,1.58,136.0,28.2,52.6,5.89,0.987,True,9
3409512,"Kandivali West, Mumbai - BMC",RC,2025-12-27 00:00:00+05:30,63.7,25.1,43.6,1.69,,23.3,60.7,5.24,1.01,False,8
3409512,"Kandivali West, Mumbai - BMC",RC,2025-12-28 00:00:00+05:30,65.9,24.9,42.0,1.64,136.0,33.6,43.0,5.39,1.25,True,9
3409512,"Kandivali West, Mumbai - BMC",RC,2025-12-29 00:00:00+05:30,65.6,25.7,37.3,1.6,135.0,32.4,60.7,6.3,0.927,True,9
3409512,"Kandivali West, Mumbai - BMC",RC,2025-12-30 00:00:00+05:30,68.6,25.3,49.1,1.82,,24.3,18.1,6.65,1.03,False,8
3409512,"Kandivali West, Mumbai - BMC",RC,2025-12-31 00:00:00+05:30,58.3,24.1,55.7,2.02,143.0,19.0,9.27,3.61,0.836,True,9
3409512,"Kandivali West, Mumbai - BMC",RC,2026-01-01 00:00:00+05:30,23.7,25.4,60.2,2.1,144.0,13.5,6.06,1.3,0.358,True,9
3409512,"Kandivali West, Mumbai - BMC",RC,2026-01-02 00:00:00+05:30,51.2,24.3,69.5,2.32,148.0,18.3,23.2,3.08,0.783,True,9
3409512,"Kandivali West, Mumbai - BMC",RC,2026-01-03 00:00:00+05:30,45.5,22.9,71.9,2.35,148.0,11.9,13.7,4.11,0.432,True,9
3409512,"Kandivali West, Mumbai - BMC",RC,2026-01-04 00:00:00+05:30,70.6,25.7,59.6,2.08,144.0,21.5,30.3,2.54,1.09,True,9
3409512,"Kandivali West, Mumbai - BMC",RC,2026-01-05 00:00:00+05:30,65.4,25.1,60.9,2.04,143.0,22.4,24.2,4.87,0.862,True,9
3409512,"Kandivali West, Mumbai - BMC",RC,2026-01-06 00:00:00+05:30,63.2,26.2,51.4,1.91,141.0,26.0,35.6,3.45,0.983,True,9
3409512,"Kandivali West, Mumbai - BMC",RC,2026-01-07 00:00:00+05:30,68.8,25.1,59.5,2.06,,27.5,15.7,4.03,1.15,False,8
3409512,"Kandivali West, Mumbai - BMC",RC,2026-01-08 00:00:00+05:30,59.4,24.9,42.6,1.72,137.0,29.7,39.7,13.2,1.08,True,9
3409512,"Kandivali West, Mumbai - BMC",RC,2026-01-09 00:00:00+05:30,54.0,24.2,42.3,1.68,137.0,23.7,38.1,3.62,0.842,True,9
3409512,"Kandivali West, Mumbai - BMC",RC,2026-01-10 00:00:00+05:30,50.9,24.2,36.7,1.61,136.0,19.7,49.0,6.09,0.632,True,9
3409512,"Kandivali West, Mumbai - BMC",RC,2026-01-20 00:00:00+05:30,44.8,22.9,62.8,2.18,145.0,18.5,32.5,7.59,1.14,True,9
3409512,"Kandivali West, Mumbai - BMC",RC,2026-01-21 00:00:00+05:30,56.1,25.0,50.6,1.88,140.0,39.6,26.8,5.21,1.64,True,9
3409512,"Kandivali West, Mumbai - BMC",RC,2026-01-22 00:00:00+05:30,59.4,25.1,54.8,2.0,142.0,33.7,31.2,4.34,0.967,True,9
3409512,"Kandivali West, Mumbai - BMC",RC,2026-01-23 00:00:00+05:30,39.0,24.4,66.9,2.31,147.0,16.5,22.6,2.24,0.562,True,9
3409512,"Kandivali West, Mumbai - BMC",RC,2026-01-24 00:00:00+05:30,33.8,24.0,55.0,1.99,142.0,18.6,35.4,4.49,0.485,True,9
3409512,"Kandivali West, Mumbai - BMC",RC,2026-01-25 00:00:00+05:30,40.8,22.1,66.2,2.21,146.0,20.8,18.0,5.55,0.726,True,9
3409512,"Kandivali West, Mumbai - BMC",RC,2026-01-26 00:00:00+05:30,72.7,28.4,44.6,1.69,138.0,23.3,82.3,3.81,1.31,True,9
3409512,"Kandivali West, Mumbai - BMC",RC,2026-01-27 00:00:00+05:30,36.9,25.3,63.4,2.19,145.0,10.1,37.6,0.0653,0.257,True,9
3409512,"Kandivali West, Mumbai - BMC",RC,2026-01-28 00:00:00+05:30,28.9,21.8,53.8,2.07,143.0,,,,,False,5
3409512,"Kandivali West, Mumbai - BMC",RC,2026-01-29 00:00:00+05:30,38.0,25.8,49.5,1.79,140.0,13.3,55.5,5.51,0.61,True,9
3409512,"Kandivali West, Mumbai - BMC",RC,2026-01-30 00:00:00+05:30,57.5,24.7,71.0,2.38,148.0,29.9,11.1,2.58,1.08,True,9
3409512,"Kandivali West, Mumbai - BMC",RC,2026-01-31 00:00:00+05:30,38.9,25.3,76.3,2.51,150.0,11.5,30.8,0.221,0.551,True,9
3409512,"Kandivali West, Mumbai - BMC",RC,2026-02-01 00:00:00+05:30,55.9,26.1,63.4,2.19,145.0,16.9,32.0,3.02,0.895,True,9
3409512,"Kandivali West, Mumbai - BMC",RC,2026-02-02 00:00:00+05:30,69.4,26.0,51.3,1.96,142.0,29.8,29.3,3.89,1.08,True,9
3409512,"Kandivali West, Mumbai - BMC",RC,2026-02-03 00:00:00+05:30,54.2,26.6,42.5,1.76,138.0,25.8,38.0,31.0,1.41,True,9
3409512,"Kandivali West, Mumbai - BMC",RC,2026-02-04 00:00:00+05:30,52.8,27.9,30.0,1.33,126.0,14.8,80.3,13.9,0.695,True,9
3409512,"Kandivali West, Mumbai - BMC",RC,2026-02-05 00:00:00+05:30,65.5,26.9,40.2,1.62,136.0,32.0,24.3,5.95,1.24,True,9
3409512,"Kandivali West, Mumbai - BMC",RC,2026-02-06 00:00:00+05:30,62.7,26.1,35.9,1.53,135.0,27.2,20.1,6.82,1.23,True,9
3409512,"Kandivali West, Mumbai - BMC",RC,2026-02-07 00:00:00+05:30,56.9,28.2,29.2,1.36,132.0,21.5,49.9,9.17,1.1,True,9
3409512,"Kandivali West, Mumbai - BMC",RC,2026-02-09 00:00:00+05:30,50.6,25.0,60.9,2.14,144.0,13.2,44.2,6.3,0.664,True,9
3409512,"Kandivali West, Mumbai - BMC",RC,2026-02-10 00:00:00+05:30,51.9,25.5,48.4,1.84,139.0,19.7,37.0,7.58,1.01,True,9
3409512,"Kandivali West, Mumbai - BMC",RC,2026-02-11 00:00:00+05:30,49.7,26.3,42.4,1.69,137.0,26.4,37.9,8.95,0.995,True,9
3409512,"Kandivali West, Mumbai - BMC",RC,2026-02-12 00:00:00+05:30,54.1,27.1,45.2,1.73,138.0,29.4,33.1,7.06,1.36,True,9
3409512,"Kandivali West, Mumbai - BMC",RC,2026-02-13 00:00:00+05:30,59.5,27.0,43.9,1.7,,33.9,40.1,4.51,0.922,False,8
3409512,"Kandivali West, Mumbai - BMC",RC,2026-02-14 00:00:00+05:30,57.8,29.6,35.9,1.66,137.0,25.3,48.7,5.12,1.22,True,9
3409512,"Kandivali West, Mumbai - BMC",RC,2026-02-15 00:00:00+05:30,52.2,28.7,26.3,1.3,131.0,17.6,55.0,8.21,0.763,True,9
3409512,"Kandivali West, Mumbai - BMC",RC,2026-02-16 00:00:00+05:30,61.3,24.7,39.3,1.6,136.0,31.7,6.08,7.83,1.19,True,9
3409512,"Kandivali West, Mumbai - BMC",RC,2026-02-17 00:00:00+05:30,29.2,25.8,48.0,1.8,139.0,11.3,49.4,6.9,0.494,True,9
3409512,"Kandivali West, Mumbai - BMC",RC,2026-02-18 00:00:00+05:30,19.1,26.5,51.6,1.91,141.0,8.39,30.3,4.56,0.38,True,9
3409512,"Kandivali West, Mumbai - BMC",RC,2026-02-19 00:00:00+05:30,41.5,27.6,51.5,1.9,141.0,11.3,50.7,9.79,0.81,True,9
3409512,"Kandivali West, Mumbai - BMC",RC,2026-02-20 00:00:00+05:30,64.1,27.4,58.0,2.16,144.0,,,3.65,1.24,False,7
3409512,"Kandivali West, Mumbai - BMC",RC,2026-02-21 00:00:00+05:30,72.1,28.8,41.7,1.7,137.0,,24.3,5.59,1.75,False,8
3409512,"Kandivali West, Mumbai - BMC",RC,2026-02-22 00:00:00+05:30,56.4,28.3,45.2,1.74,138.0,,1.01,5.01,0.925,False,8
3409512,"Kandivali West, Mumbai - BMC",RC,2026-02-23 00:00:00+05:30,48.8,26.5,48.8,1.84,140.0,18.7,31.0,8.72,0.723,True,9
3409512,"Kandivali West, Mumbai - BMC",RC,2026-02-24 00:00:00+05:30,47.5,27.6,50.1,1.95,141.0,13.0,45.5,5.85,0.856,True,9
3409512,"Kandivali West, Mumbai - BMC",RC,2026-02-25 00:00:00+05:30,37.1,27.3,52.3,1.9,141.0,10.2,24.8,4.92,0.726,True,9
3409512,"Kandivali West, Mumbai - BMC",RC,2026-02-26 00:00:00+05:30,17.5,25.7,56.4,2.0,,13.3,14.8,1.96,0.606,False,8
3409512,"Kandivali West, Mumbai - BMC",RC,2026-02-27 00:00:00+05:30,11.2,26.1,48.5,1.83,140.0,13.7,19.7,0.795,0.537,True,9
3409512,"Kandivali West, Mumbai - BMC",RC,2026-02-28 00:00:00+05:30,14.9,26.1,43.5,1.73,138.0,7.55,34.1,3.34,0.575,True,9
3409512,"Kandivali West, Mumbai - BMC",RC,2026-03-01 00:00:00+05:30,23.2,26.0,51.6,1.91,141.0,2.33,33.6,2.78,0.535,True,9
3409512,"Kandivali West, Mumbai - BMC",RC,2026-03-02 00:00:00+05:30,34.1,26.2,54.4,1.98,142.0,2.01,33.5,3.47,0.865,True,9
3409512,"Kandivali West, Mumbai - BMC",RC,2026-03-03 00:00:00+05:30,83.1,27.3,51.9,1.9,141.0,1.28,47.9,8.84,1.15,True,9
3409512,"Kandivali West, Mumbai - BMC",RC,2026-03-04 00:00:00+05:30,45.7,29.8,37.8,1.61,136.0,0.73,61.9,16.4,0.689,True,9
3409512,"Kandivali West, Mumbai - BMC",RC,2026-03-05 00:00:00+05:30,40.1,29.3,,1.36,132.0,0.625,62.6,9.84,0.569,False,8
3409512,"Kandivali West, Mumbai - BMC",RC,2026-03-06 00:00:00+05:30,40.8,28.2,36.4,1.57,135.0,0.42,52.0,7.65,0.275,True,9
3409512,"Kandivali West, Mumbai - BMC",RC,2026-03-07 00:00:00+05:30,35.0,26.9,62.1,2.26,145.0,7.27,42.0,1.24,0.448,True,9
3409512,"Kandivali West, Mumbai - BMC",RC,2026-03-08 00:00:00+05:30,57.8,28.9,46.0,1.82,138.0,12.1,74.4,7.56,0.65,True,9
3409512,"Kandivali West, Mumbai - BMC",RC,2026-03-09 00:00:00+05:30,42.0,30.0,32.3,1.47,133.0,15.3,74.7,10.4,0.662,True,9
3409512,"Kandivali West, Mumbai - BMC",RC,2026-03-10 00:00:00+05:30,41.0,31.1,32.9,1.46,133.0,14.2,124.0,7.41,0.704,True,9
3409512,"Kandivali West, Mumbai - BMC",RC,2026-03-11 00:00:00+05:30,38.5,29.1,51.5,1.93,139.0,15.5,28.7,1.43,0.866,True,9
3409512,"Kandivali West, Mumbai - BMC",RC,2026-03-12 00:00:00+05:30,33.7,28.8,64.0,2.27,145.0,13.8,32.6,0.163,0.518,True,9
3409512,"Kandivali West, Mumbai - BMC",RC,2026-03-14 00:00:00+05:30,15.7,28.2,49.8,1.89,139.0,13.7,36.7,2.38,0.121,True,9
3409512,"Kandivali West, Mumbai - BMC",RC,2026-03-15 00:00:00+05:30,14.3,28.1,54.7,2.07,141.0,13.6,24.8,0.815,0.285,True,9
3409512,"Kandivali West, Mumbai - BMC",RC,2026-03-16 00:00:00+05:30,6.24,27.9,55.2,2.06,140.0,12.8,21.5,0.44,0.314,True,9
3409512,"Kandivali West, Mumbai - BMC",RC,2026-03-17 00:00:00+05:30,,27.6,53.9,2.01,,13.4,29.3,1.22,0.352,False,7
3409512,"Kandivali West, Mumbai - BMC",RC,2026-03-18 00:00:00+05:30,21.9,26.7,55.3,2.0,140.0,14.5,27.9,1.49,0.446,True,9
3409512,"Kandivali West, Mumbai - BMC",RC,2026-03-19 00:00:00+05:30,16.7,27.3,51.6,1.97,,14.0,26.6,1.03,0.367,False,8
3409512,"Kandivali West, Mumbai - BMC",RC,2026-03-20 00:00:00+05:30,23.8,26.6,50.2,1.92,139.0,14.2,32.6,5.31,0.415,True,9
3409512,"Kandivali West, Mumbai - BMC",RC,2026-03-21 00:00:00+05:30,18.4,24.9,53.8,2.05,140.0,13.9,23.1,1.71,0.495,True,9
3409512,"Kandivali West, Mumbai - BMC",RC,2026-03-23 00:00:00+05:30,40.7,28.5,46.6,1.81,138.0,16.3,40.8,7.4,0.703,True,9
3409512,"Kandivali West, Mumbai - BMC",RC,2026-03-24 00:00:00+05:30,39.7,28.5,50.3,1.89,139.0,14.2,56.5,5.26,0.208,True,9
3409512,"Kandivali West, Mumbai - BMC",RC,2026-03-25 00:00:00+05:30,26.4,28.8,57.4,1.97,142.0,14.3,41.3,0.497,0.393,True,9
3409512,"Kandivali West, Mumbai - BMC",RC,2026-03-26 00:00:00+05:30,27.0,29.4,53.9,1.86,140.0,13.5,49.3,0.611,0.376,True,9
3409512,"Kandivali West, Mumbai - BMC",RC,2026-03-27 00:00:00+05:30,27.1,28.2,55.9,2.06,141.0,15.8,25.7,4.06,0.523,True,9
3409512,"Kandivali West, Mumbai - BMC",RC,2026-03-28 00:00:00+05:30,14.7,29.1,59.4,2.01,141.0,13.4,29.9,0.224,0.308,True,9
3409512,"Kandivali West, Mumbai - BMC",RC,2026-03-29 00:00:00+05:30,3.83,28.2,63.2,2.04,,12.9,16.7,0.0748,0.198,False,8
3409512,"Kandivali West, Mumbai - BMC",RC,2026-03-30 00:00:00+05:30,11.4,29.5,58.9,1.99,141.0,13.1,33.0,0.411,0.331,True,9
3409512,"Kandivali West, Mumbai - BMC",RC,2026-03-31 00:00:00+05:30,5.32,28.5,57.8,1.98,140.0,13.3,20.2,1.04,0.142,True,9
3409512,"Kandivali West, Mumbai - BMC",RC,2026-04-01 00:00:00+05:30,10.4,28.4,58.6,2.01,140.0,13.1,29.0,1.99,0.193,True,9
3409512,"Kandivali West, Mumbai - BMC",RC,2026-04-02 00:00:00+05:30,10.7,27.8,55.9,2.04,139.0,9.89,38.0,2.71,0.24,True,9
3409512,"Kandivali West, Mumbai - BMC",RC,2026-04-03 00:00:00+05:30,17.9,28.1,52.0,1.95,138.0,14.7,28.8,2.17,0.41,True,9
3409512,"Kandivali West, Mumbai - BMC",RC,2026-04-04 00:00:00+05:30,6.93,28.1,54.2,1.92,138.0,13.4,25.3,2.01,0.302,True,9
3409512,"Kandivali West, Mumbai - BMC",RC,2026-04-05 00:00:00+05:30,8.77,28.6,40.9,1.7,135.0,12.3,57.0,3.86,0.342,True,9
3409512,"Kandivali West, Mumbai - BMC",RC,2026-04-06 00:00:00+05:30,5.44,25.9,52.6,2.0,139.0,14.7,45.7,2.47,0.235,True,9
3409512,"Kandivali West, Mumbai - BMC",RC,2026-04-07 00:00:00+05:30,16.1,28.4,56.1,1.96,141.0,14.4,24.9,2.72,0.388,True,9
3409512,"Kandivali West, Mumbai - BMC",RC,2026-04-08 00:00:00+05:30,16.5,28.9,57.3,1.91,142.0,8.16,16.1,17.2,0.193,True,9
3409512,"Kandivali West, Mumbai - BMC",RC,2026-04-09 00:00:00+05:30,18.0,29.2,46.9,1.65,138.0,13.5,20.4,1.03,0.0788,True,9
3409512,"Kandivali West, Mumbai - BMC",RC,2026-04-10 00:00:00+05:30,40.1,28.2,37.1,1.6,134.0,15.4,30.0,6.07,0.33,True,9
3409512,"Kandivali West, Mumbai - BMC",RC,2026-04-11 00:00:00+05:30,34.6,31.0,45.5,1.13,103.0,12.5,55.7,1.17,0.31,True,9
3409512,"Kandivali West, Mumbai - BMC",RC,2026-04-12 00:00:00+05:30,26.7,28.8,64.6,2.0,145.0,5.53,31.5,1.85,0.37,True,9
3409512,"Kandivali West, Mumbai - BMC",RC,2026-04-13 00:00:00+05:30,24.8,29.7,62.2,1.78,146.0,11.6,34.4,0.143,0.306,True,9
3409512,"Kandivali West, Mumbai - BMC",RC,2026-04-14 00:00:00+05:30,27.0,27.7,70.1,1.94,148.0,8.61,26.3,1.41,0.334,True,9
3409512,"Kandivali West, Mumbai - BMC",RC,2026-04-15 00:00:00+05:30,14.3,27.7,73.1,1.65,148.0,,27.3,1.83,0.19,False,8
3409512,"Kandivali West, Mumbai - BMC",RC,2026-04-16 00:00:00+05:30,11.5,27.5,61.6,1.96,144.0,,30.0,2.81,0.28,False,8
3409512,"Kandivali West, Mumbai - BMC",RC,2026-04-17 00:00:00+05:30,13.8,28.8,59.4,1.82,142.0,0.0,33.0,2.84,0.154,True,9
3409512,"Kandivali West, Mumbai - BMC",RC,2026-04-18 00:00:00+05:30,10.9,27.5,75.0,1.37,144.0,0.0,25.8,1.0,0.06,True,9
3409512,"Kandivali West, Mumbai - BMC",RC,2026-04-20 00:00:00+05:30,17.8,31.1,51.4,1.6,139.0,10.9,38.0,3.44,0.271,True,9
3409512,"Kandivali West, Mumbai - BMC",RC,2026-04-21 00:00:00+05:30,13.7,28.2,63.4,1.73,141.0,11.0,41.8,2.11,0.305,True,9
3409512,"Kandivali West, Mumbai - BMC",RC,2026-04-22 00:00:00+05:30,12.2,30.1,49.9,1.81,140.0,10.9,29.9,2.94,0.298,True,9
3409512,"Kandivali West, Mumbai - BMC",RC,2026-04-23 00:00:00+05:30,13.8,29.8,50.3,1.73,136.0,,31.2,3.71,0.371,False,8
3409512,"Kandivali West, Mumbai - BMC",RC,2026-04-24 00:00:00+05:30,12.0,31.1,54.8,1.54,139.0,11.9,48.3,1.71,0.297,True,9
3409512,"Kandivali West, Mumbai - BMC",RC,2026-04-25 00:00:00+05:30,18.4,32.6,50.3,1.65,138.0,12.8,58.3,1.83,0.27,True,9
3409512,"Kandivali West, Mumbai - BMC",RC,2026-04-26 00:00:00+05:30,11.0,31.2,54.3,1.57,136.0,13.2,25.9,0.592,0.373,True,9
3409512,"Kandivali West, Mumbai - BMC",RC,2026-04-27 00:00:00+05:30,12.7,29.3,68.4,0.911,137.0,8.63,18.5,0.304,0.307,True,9
3409512,"Kandivali West, Mumbai - BMC",RC,2026-04-28 00:00:00+05:30,11.9,30.8,59.6,1.16,135.0,12.2,19.0,0.704,0.285,True,9
3409512,"Kandivali West, Mumbai - BMC",RC,2026-04-29 00:00:00+05:30,8.13,30.4,60.3,1.35,135.0,12.1,13.9,1.48,0.305,True,9
3409512,"Kandivali West, Mumbai - BMC",RC,2026-04-30 00:00:00+05:30,9.81,30.4,59.6,1.67,136.0,12.0,12.7,0.893,0.525,True,9
3409512,"Kandivali West, Mumbai - BMC",RC,2026-05-01 00:00:00+05:30,14.4,30.2,58.1,1.79,137.0,11.9,14.8,1.94,0.252,True,9
3409512,"Kandivali West, Mumbai - BMC",RC,2026-05-02 00:00:00+05:30,15.7,30.5,56.0,1.77,136.0,12.1,17.4,1.44,0.222,True,9
3409512,"Kandivali West, Mumbai - BMC",RC,2026-05-03 00:00:00+05:30,17.3,30.6,59.2,1.77,137.0,12.0,17.6,0.66,0.231,True,9
3409512,"Kandivali West, Mumbai - BMC",RC,2026-05-04 00:00:00+05:30,15.8,30.7,56.3,1.91,138.0,12.0,27.7,1.28,0.248,True,9
3409512,"Kandivali West, Mumbai - BMC",RC,2026-05-05 00:00:00+05:30,14.7,30.9,54.9,1.78,136.0,12.1,13.2,0.172,0.223,True,9
3409512,"Kandivali West, Mumbai - BMC",RC,2026-05-06 00:00:00+05:30,22.5,31.4,55.9,1.82,138.0,,20.3,1.94,0.17,False,8
3409512,"Kandivali West, Mumbai - BMC",RC,2026-05-07 00:00:00+05:30,22.9,31.6,52.6,1.64,136.0,12.1,24.7,1.4,0.214,True,9
3409512,"Kandivali West, Mumbai - BMC",RC,2026-05-08 00:00:00+05:30,22.0,30.8,61.4,1.81,137.0,12.1,28.9,0.782,0.298,True,9
3409512,"Kandivali West, Mumbai - BMC",RC,2026-05-09 00:00:00+05:30,22.5,31.4,58.2,1.52,134.0,12.1,42.0,1.48,0.247,True,9
3409512,"Kandivali West, Mumbai - BMC",RC,2026-05-10 00:00:00+05:30,15.2,30.9,55.2,1.88,137.0,12.0,29.6,0.852,0.224,True,9
3409512,"Kandivali West, Mumbai - BMC",RC,2026-05-11 00:00:00+05:30,28.2,30.8,58.3,1.95,138.0,12.1,38.0,0.00702,0.336,True,9
3409512,"Kandivali West, Mumbai - BMC",RC,2026-05-12 00:00:00+05:30,17.5,31.1,57.1,1.81,137.0,12.1,26.9,0.403,0.239,True,9
3409512,"Kandivali West, Mumbai - BMC",RC,2026-05-13 00:00:00+05:30,15.5,30.9,61.4,1.7,136.0,12.2,37.1,0.519,0.221,True,9
3409512,"Kandivali West, Mumbai - BMC",RC,2026-05-14 00:00:00+05:30,15.3,31.2,58.6,1.78,136.0,12.1,29.7,0.094,0.197,True,9
3409512,"Kandivali West, Mumbai - BMC",RC,2026-05-15 00:00:00+05:30,16.1,31.2,56.8,1.81,136.0,12.3,21.5,0.123,0.203,True,9
3409512,"Kandivali West, Mumbai - BMC",RC,2026-05-16 00:00:00+05:30,8.47,30.3,61.6,1.88,137.0,12.2,20.4,2.31,0.21,True,9
3409512,"Kandivali West, Mumbai - BMC",RC,2026-05-17 00:00:00+05:30,7.13,30.1,65.7,1.83,136.0,11.9,22.0,0.548,0.113,True,9
3409512,"Kandivali West, Mumbai - BMC",RC,2026-05-18 00:00:00+05:30,17.5,30.6,62.5,1.82,132.0,12.2,51.3,0.696,0.235,True,9
3409512,"Kandivali West, Mumbai - BMC",RC,2026-05-19 00:00:00+05:30,14.6,30.4,59.3,1.75,,12.0,32.5,0.679,0.283,False,8
3409512,"Kandivali West, Mumbai - BMC",RC,2026-05-20 00:00:00+05:30,9.52,30.8,56.6,1.76,136.0,12.1,23.7,0.291,0.172,True,9
3409512,"Kandivali West, Mumbai - BMC",RC,2026-05-21 00:00:00+05:30,7.51,31.1,57.7,1.74,,12.2,23.0,0.773,0.227,False,8
3409512,"Kandivali West, Mumbai - BMC",RC,2026-05-22 00:00:00+05:30,8.82,31.4,59.4,1.84,137.0,11.1,42.5,0.405,0.0853,True,9
3409512,"Kandivali West, Mumbai - BMC",RC,2026-05-23 00:00:00+05:30,5.68,31.9,56.5,1.8,137.0,12.1,61.3,0.614,0.207,True,9
3409512,"Kandivali West, Mumbai - BMC",RC,2026-05-24 00:00:00+05:30,5.85,32.0,57.7,1.83,,12.1,70.1,1.14,0.175,False,8
3409512,"Kandivali West, Mumbai - BMC",RC,2026-05-25 00:00:00+05:30,5.64,31.7,58.2,1.74,134.0,7.55,63.5,0.597,0.205,True,9
3409512,"Kandivali West, Mumbai - BMC",RC,2026-05-26 00:00:00+05:30,3.24,31.5,58.2,1.84,136.0,,45.2,0.0855,0.128,False,8
3409512,"Kandivali West, Mumbai - BMC",RC,2026-05-27 00:00:00+05:30,6.59,31.1,56.9,1.88,136.0,6.04,39.6,0.999,0.19,True,9
3409512,"Kandivali West, Mumbai - BMC",RC,2026-05-28 00:00:00+05:30,9.72,31.6,51.8,1.73,134.0,8.06,38.3,0.872,0.206,True,9
3409512,"Kandivali West, Mumbai - BMC",RC,2026-05-29 00:00:00+05:30,14.4,31.6,52.6,1.73,134.0,8.86,36.4,1.55,0.173,True,9
3409512,"Kandivali West, Mumbai - BMC",RC,2026-05-30 00:00:00+05:30,16.1,31.7,55.7,1.71,134.0,8.75,38.9,1.05,0.191,True,9
3409512,"Kandivali West, Mumbai - BMC",RC,2026-05-31 00:00:00+05:30,11.0,31.7,57.5,1.56,131.0,9.08,41.8,0.859,0.195,True,9
3409512,"Kandivali West, Mumbai - BMC",RC,2026-06-01 00:00:00+05:30,11.5,31.8,53.3,1.88,136.0,9.74,39.5,0.497,0.181,True,9
3409512,"Kandivali West, Mumbai - BMC",RC,2026-06-02 00:00:00+05:30,13.8,31.7,52.5,1.73,134.0,6.31,47.5,15.1,0.167,True,9
3409512,"Kandivali West, Mumbai - BMC",RC,2026-06-03 00:00:00+05:30,23.5,30.6,54.5,1.67,133.0,13.7,,3.12,0.22,False,8
3409512,"Kandivali West, Mumbai - BMC",RC,2026-06-04 00:00:00+05:30,19.9,31.5,53.5,1.7,134.0,15.3,37.2,2.66,0.243,True,9
3409512,"Kandivali West, Mumbai - BMC",RC,2026-06-05 00:00:00+05:30,12.8,32.0,54.6,1.73,135.0,12.4,50.2,2.64,0.0946,True,9
3409512,"Kandivali West, Mumbai - BMC",RC,2026-06-06 00:00:00+05:30,13.8,32.3,52.6,1.68,135.0,6.73,37.5,2.07,0.122,True,9
3409512,"Kandivali West, Mumbai - BMC",RC,2026-06-07 00:00:00+05:30,17.0,31.9,55.6,1.69,136.0,7.76,4.25,1.15,0.19,True,9
3409512,"Kandivali West, Mumbai - BMC",RC,2026-06-08 00:00:00+05:30,15.3,31.8,54.7,1.6,134.0,4.11,3.56,0.462,0.103,True,9
3409512,"Kandivali West, Mumbai - BMC",RC,2026-06-09 00:00:00+05:30,18.2,31.9,54.2,1.37,132.0,6.45,10.8,1.77,0.139,True,9
3409512,"Kandivali West, Mumbai - BMC",RC,2026-06-10 00:00:00+05:30,16.1,31.6,53.7,1.63,133.0,9.79,12.2,1.08,0.0561,True,9
3409512,"Kandivali West, Mumbai - BMC",RC,2026-06-11 00:00:00+05:30,16.2,31.7,53.4,1.72,132.0,11.0,12.1,1.76,0.144,True,9
3409512,"Kandivali West, Mumbai - BMC",RC,2026-06-12 00:00:00+05:30,14.7,31.8,54.8,1.69,132.0,8.5,13.8,1.91,0.163,True,9
3409512,"Kandivali West, Mumbai - BMC",RC,2026-06-13 00:00:00+05:30,17.3,31.8,53.7,1.71,132.0,8.64,13.2,1.25,0.143,True,9
3409512,"Kandivali West, Mumbai - BMC",RC,2026-06-14 00:00:00+05:30,13.3,31.6,51.7,1.72,133.0,8.03,11.3,2.56,0.0877,True,9
3409512,"Kandivali West, Mumbai - BMC",RC,2026-06-15 00:00:00+05:30,9.81,31.7,52.0,1.75,134.0,7.48,10.7,3.58,0.0777,True,9
3409512,"Kandivali West, Mumbai - BMC",RC,2026-06-16 00:00:00+05:30,12.1,31.7,50.5,1.75,135.0,8.1,9.5,0.435,0.152,True,9
3409512,"Kandivali West, Mumbai - BMC",RC,2026-06-17 00:00:00+05:30,10.2,31.3,51.0,1.78,136.0,10.8,8.4,1.15,0.134,True,9
3409512,"Kandivali West, Mumbai - BMC",RC,2026-06-18 00:00:00+05:30,10.1,30.7,52.4,1.79,136.0,10.5,7.79,1.39,0.1,True,9
3409512,"Kandivali West, Mumbai - BMC",RC,2026-06-19 00:00:00+05:30,9.28,31.3,48.2,1.78,134.0,10.5,8.17,2.51,0.128,True,9
3409512,"Kandivali West, Mumbai - BMC",RC,2026-06-20 00:00:00+05:30,8.32,30.7,50.7,1.84,135.0,9.32,8.55,2.44,0.0347,True,9
3409512,"Kandivali West, Mumbai - BMC",RC,2026-06-22 00:00:00+05:30,8.48,31.3,54.6,1.38,135.0,17.7,9.02,5.23,0.299,True,9
3409512,"Kandivali West, Mumbai - BMC",RC,2026-06-23 00:00:00+05:30,8.97,28.2,73.1,2.11,146.0,19.7,10.3,1.89,0.22,True,9
3409512,"Kandivali West, Mumbai - BMC",RC,2026-06-25 00:00:00+05:30,14.6,28.5,86.5,1.68,137.0,19.8,14.9,2.29,0.252,True,9
3409512,"Kandivali West, Mumbai - BMC",RC,2026-06-26 00:00:00+05:30,15.0,30.0,75.0,1.61,132.0,22.7,15.5,2.23,0.23,True,9
3409512,"Kandivali West, Mumbai - BMC",RC,2026-06-27 00:00:00+05:30,11.9,30.4,71.2,1.65,131.0,19.6,17.4,1.09,0.257,True,9
3409512,"Kandivali West, Mumbai - BMC",RC,2026-06-28 00:00:00+05:30,11.2,29.7,76.3,1.6,131.0,14.2,21.3,2.3,0.187,True,9
3409512,"Kandivali West, Mumbai - BMC",RC,2026-06-29 00:00:00+05:30,8.06,26.7,87.5,1.34,127.00000000000001,17.6,19.4,1.53,0.217,True,9
3409512,"Kandivali West, Mumbai - BMC",RC,2026-06-30 00:00:00+05:30,8.56,27.2,88.1,1.4,131.0,18.1,19.2,1.76,0.271,True,9
3409512,"Kandivali West, Mumbai - BMC",RC,2026-07-01 00:00:00+05:30,4.75,26.3,88.2,0.952,122.0,15.0,20.4,2.17,0.199,True,9
3409512,"Kandivali West, Mumbai - BMC",RC,2026-07-02 00:00:00+05:30,3.34,26.1,88.2,1.03,123.00000000000001,15.7,21.1,1.35,0.218,True,9
3409512,"Kandivali West, Mumbai - BMC",RC,2026-07-03 00:00:00+05:30,3.12,25.9,88.2,0.34,93.1,14.6,19.9,1.59,0.17,True,9
3409512,"Kandivali West, Mumbai - BMC",RC,2026-07-04 00:00:00+05:30,3.14,24.8,85.2,0.1,38.8,13.9,22.8,1.54,0.191,True,9
3409512,"Kandivali West, Mumbai - BMC",RC,2026-07-05 00:00:00+05:30,4.95,26.5,88.3,0.00844,3.8799999999999994,6.87,25.7,1.87,0.101,True,9
3409512,"Kandivali West, Mumbai - BMC",RC,2026-07-06 00:00:00+05:30,7.97,26.2,88.2,0.0417,17.7,7.36,21.9,1.1,0.106,True,9
3409512,"Kandivali West, Mumbai - BMC",RC,2026-07-07 00:00:00+05:30,12.3,27.2,88.3,0.0,0.0,8.31,23.8,1.74,0.147,True,9
3409512,"Kandivali West, Mumbai - BMC",RC,2026-07-08 00:00:00+05:30,12.2,24.5,85.5,4.49,40.6,11.4,26.5,0.448,0.283,True,9
3409512,"Kandivali West, Mumbai - BMC",RC,2026-07-09 00:00:00+05:30,15.2,29.0,88.2,18.7,100.0,11.9,22.6,1.04,0.174,True,9
3409512,"Kandivali West, Mumbai - BMC",RC,2026-07-10 00:00:00+05:30,10.8,29.4,86.7,10.0,161.0,14.6,15.4,0.53,0.12,True,9
3409512,"Kandivali West, Mumbai - BMC",RC,2026-07-11 00:00:00+05:30,10.9,29.5,87.2,3.99,201.99999999999997,10.1,14.5,3.02,0.17,True,9
3409512,"Kandivali West, Mumbai - BMC",RC,2026-07-12 00:00:00+05:30,10.3,29.7,85.4,4.25,204.99999999999997,9.46,13.2,0.165,0.206,True,9
3409512,"Kandivali West, Mumbai - BMC",RC,2026-07-13 00:00:00+05:30,7.44,29.7,79.2,4.35,214.0,14.1,7.34,1.04,0.167,True,9
3409512,"Kandivali West, Mumbai - BMC",RC,2026-07-14 00:00:00+05:30,11.9,29.7,76.0,4.37,217.99999999999997,12.8,4.08,3.05,0.255,True,9
3409512,"Kandivali West, Mumbai - BMC",RC,2026-07-15 00:00:00+05:30,15.5,29.2,85.6,4.49,221.99999999999997,13.6,5.95,0.911,0.337,True,9
3409512,"Kandivali West, Mumbai - BMC",RC,2026-07-16 00:00:00+05:30,12.5,29.1,87.7,4.45,227.0,12.6,5.47,1.55,0.237,True,9
3409512,"Kandivali West, Mumbai - BMC",RC,2026-07-17 00:00:00+05:30,11.9,28.8,88.0,4.4,220.99999999999997,12.5,5.56,1.62,0.258,True,9
3409512,"Kandivali West, Mumbai - BMC",RC,2026-07-18 00:00:00+05:30,10.4,27.9,88.1,4.27,212.0,15.7,5.88,2.87,0.381,True,9
3409512,"Kandivali West, Mumbai - BMC",RC,2026-07-19 00:00:00+05:30,9.2,27.1,88.2,4.49,223.0,16.7,5.0,2.27,0.279,True,9
3409512,"Kandivali West, Mumbai - BMC",RC,2026-07-20 00:00:00+05:30,10.8,26.7,88.2,3.76,206.0,15.2,5.3,1.24,0.245,True,9
3409512,"Kandivali West, Mumbai - BMC",RC,2026-07-21 00:00:00+05:30,7.83,28.5,88.1,4.34,203.0,10.2,5.58,1.44,0.175,True,9
3409512,"Kandivali West, Mumbai - BMC",RC,2026-07-22 00:00:00+05:30,8.58,29.8,88.1,4.34,199.0,12.6,5.45,1.56,0.29,True,9
3409512,"Kandivali West, Mumbai - BMC",RC,2026-07-23 00:00:00+05:30,8.41,29.0,88.1,3.9,199.0,12.0,7.72,2.01,0.289,True,9
3409512,"Kandivali West, Mumbai - BMC",RC,2026-07-24 00:00:00+05:30,9.51,28.0,88.1,4.21,201.0,10.1,8.27,1.76,0.288,True,9
3409512,"Kandivali West, Mumbai - BMC",RC,2026-07-25 00:00:00+05:30,12.2,28.7,88.1,4.35,206.0,10.1,7.82,2.51,0.318,True,9
3409512,"Kandivali West, Mumbai - BMC",RC,2026-07-26 00:00:00+05:30,12.1,28.3,88.1,4.32,210.0,10.5,9.05,2.06,0.278,True,9
3409512,"Kandivali West, Mumbai - BMC",RC,2026-07-27 00:00:00+05:30,9.75,28.0,88.2,4.1,203.99999999999997,13.1,8.09,2.2,0.693,True,9
3409512,"Kandivali West, Mumbai - BMC",RC,2026-07-28 00:00:00+05:30,13.7,28.4,88.1,4.4,212.0,11.7,8.99,3.02,0.265,True,9
3409512,"Kandivali West, Mumbai - BMC",RC,2026-07-29 00:00:00+05:30,17.2,28.8,88.1,4.33,199.99999999999997,10.9,8.95,2.1,0.284,True,9
3409512,"Kandivali West, Mumbai - BMC",RC,2026-07-30 00:00:00+05:30,15.3,28.3,88.2,4.03,201.0,11.1,7.73,2.97,0.329,True,9
3409512,"Kandivali West, Mumbai - BMC",RC,2026-07-31 00:00:00+05:30,15.5,27.8,88.2,3.24,199.0,8.81,8.65,3.95,0.229,True,9
3409512,"Kandivali West, Mumbai - BMC",RC,2026-08-01 00:00:00+05:30,16.0,28.5,88.1,4.06,199.99999999999997,7.38,8.66,2.68,0.291,True,9
3409512,"Kandivali West, Mumbai - BMC",RC,2026-08-02 00:00:00+05:30,13.2,27.7,88.2,4.33,206.0,7.56,7.94,2.62,0.312,True,9
3409512,"Kandivali West, Mumbai - BMC",RC,2026-08-03 00:00:00+05:30,12.2,28.0,88.1,3.17,201.99999999999997,9.45,8.69,1.37,0.289,True,9
3409512,"Kandivali West, Mumbai - BMC",RC,2026-08-04 00:00:00+05:30,10.9,27.9,87.5,4.47,220.99999999999997,10.8,6.74,2.05,0.337,True,9
3409512,"Kandivali West, Mumbai - BMC",RC,2026-08-05 00:00:00+05:30,33.1,27.4,88.2,4.6,230.99999999999997,11.8,9.62,3.02,0.404,True,9
3409512,"Kandivali West, Mumbai - BMC",RC,2026-08-06 00:00:00+05:30,48.6,28.6,87.1,4.57,230.99999999999997,10.4,9.06,2.6,0.342,True,9
3409512,"Kandivali West, Mumbai - BMC",RC,2026-08-07 00:00:00+05:30,12.8,28.9,86.5,4.72,239.0,10.3,6.88,3.12,0.338,True,9
3409512,"Kandivali West, Mumbai - BMC",RC,2026-08-08 00:00:00+05:30,12.3,28.6,87.4,4.76,241.0,10.5,6.77,3.53,0.368,True,9
3409512,"Kandivali West, Mumbai - BMC",RC,2026-08-09 00:00:00+05:30,14.9,28.7,87.5,4.77,241.0,9.14,7.38,2.35,0.233,True,9
3409512,"Kandivali West, Mumbai - BMC",RC,2026-08-10 00:00:00+05:30,13.7,28.7,87.3,4.79,242.0,10.2,8.35,3.19,0.25,True,9
3409512,"Kandivali West, Mumbai - BMC",RC,2026-08-11 00:00:00+05:30,10.9,25.7,88.2,4.6,224.0,13.5,29.0,4.97,0.487,True,9
3409512,"Kandivali West, Mumbai - BMC",RC,2026-08-12 00:00:00+05:30,10.3,27.7,88.1,4.61,229.0,13.0,4.61,4.84,0.184,True,9
3409512,"Kandivali West, Mumbai - BMC",RC,2026-08-13 00:00:00+05:30,11.5,27.5,88.2,4.76,242.0,11.7,5.91,4.79,0.325,True,9
3409512,"Kandivali West, Mumbai - BMC",RC,2026-08-14 00:00:00+05:30,15.5,28.8,83.6,4.77,241.0,12.2,5.37,1.9,0.353,True,9
3409512,"Kandivali West, Mumbai - BMC",RC,2026-08-15 00:00:00+05:30,5.59,26.9,88.2,4.82,243.99999999999994,12.9,4.51,3.11,0.275,True,9
3409512,"Kandivali West, Mumbai - BMC",RC,2026-08-16 00:00:00+05:30,9.35,28.2,85.3,4.77,241.0,10.3,6.21,4.02,0.246,True,9
3409512,"Kandivali West, Mumbai - BMC",RC,2026-08-17 00:00:00+05:30,11.0,27.4,88.2,4.78,242.0,11.8,4.47,2.16,0.236,True,9
3409512,"Kandivali West, Mumbai - BMC",RC,2026-08-18 00:00:00+05:30,8.33,28.2,88.0,4.77,242.0,11.3,4.27,1.93,0.275,True,9
3409512,"Kandivali West, Mumbai - BMC",RC,2026-08-19 00:00:00+05:30,8.0,28.2,87.3,4.77,242.0,11.3,5.71,3.11,0.244,True,9
3409512,"Kandivali West, Mumbai - BMC",RC,2026-08-20 00:00:00+05:30,11.4,28.1,87.9,4.75,241.0,9.31,6.68,2.82,0.2,True,9
3409512,"Kandivali West, Mumbai - BMC",RC,2026-08-21 00:00:00+05:30,2.16,29.0,86.8,4.63,233.99999999999997,,22.1,,0.0933,False,7
3409512,"Kandivali West, Mumbai - BMC",RC,2026-08-22 00:00:00+05:30,7.24,28.3,87.6,4.67,238.0,33.7,8.32,4.17,0.252,True,9
3409512,"Kandivali West, Mumbai - BMC",RC,2026-08-23 00:00:00+05:30,8.76,28.6,84.6,4.64,236.0,19.4,8.69,3.32,0.202,True,9
3409512,"Kandivali West, Mumbai - BMC",RC,2026-08-24 00:00:00+05:30,9.11,28.0,87.8,4.7,239.99999999999994,18.9,9.0,1.74,0.233,True,9
3409512,"Kandivali West, Mumbai - BMC",RC,2026-08-25 00:00:00+05:30,12.8,28.6,87.8,4.75,241.0,17.1,11.1,3.31,0.196,True,9
3409512,"Kandivali West, Mumbai - BMC",RC,2026-08-26 00:00:00+05:30,9.94,28.8,87.0,4.8,242.0,14.0,12.4,2.59,0.225,True,9
3409512,"Kandivali West, Mumbai - BMC",RC,2026-08-27 00:00:00+05:30,8.64,28.8,86.1,4.77,239.99999999999994,12.4,13.0,4.77,0.14,True,9
3409512,"Kandivali West, Mumbai - BMC",RC,2026-08-28 00:00:00+05:30,7.3,28.4,87.5,4.77,239.99999999999994,14.2,6.91,4.88,0.21,True,9
3409512,"Kandivali West, Mumbai - BMC",RC,2026-08-29 00:00:00+05:30,3.8,28.1,87.9,4.74,238.0,8.53,10.1,2.61,0.211,True,9
3409512,"Kandivali West, Mumbai - BMC",RC,2026-08-30 00:00:00+05:30,7.56,29.3,85.1,4.8,239.99999999999994,11.6,11.2,2.69,0.246,True,9
3409512,"Kandivali West, Mumbai - BMC",RC,2026-08-31 00:00:00+05:30,5.43,28.6,86.5,4.8,241.0,11.1,10.4,4.26,0.159,True,9
3409512,"Kandivali West, Mumbai - BMC",RC,2026-09-01 00:00:00+05:30,5.48,28.4,87.5,4.8,241.0,10.5,9.71,3.68,0.185,True,9
3409512,"Kandivali West, Mumbai - BMC",RC,2026-09-02 00:00:00+05:30,9.3,27.8,88.1,4.79,241.0,11.4,19.7,2.57,0.409,True,9
3409512,"Kandivali West, Mumbai - BMC",RC,2026-09-03 00:00:00+05:30,16.6,28.1,86.9,4.78,239.99999999999994,11.8,15.1,1.96,0.286,True,9
3409512,"Kandivali West, Mumbai - BMC",RC,2026-09-04 00:00:00+05:30,18.7,28.5,85.6,4.81,241.0,9.73,17.1,2.31,0.21,True,9
3409512,"Kandivali West, Mumbai - BMC",RC,2026-09-05 00:00:00+05:30,17.8,28.3,87.4,4.85,242.99999999999997,12.4,15.8,1.47,0.189,True,9
3409512,"Kandivali West, Mumbai - BMC",RC,2026-09-06 00:00:00+05:30,16.4,28.0,86.1,4.9,245.0,11.0,15.3,0.436,0.249,True,9
3409512,"Kandivali West, Mumbai - BMC",RC,2026-09-07 00:00:00+05:30,16.3,28.2,84.7,4.9,243.99999999999994,4.96,16.0,2.06,0.168,True,9
3409512,"Kandivali West, Mumbai - BMC",RC,2026-09-08 00:00:00+05:30,16.3,28.7,79.7,4.87,242.0,4.18,16.0,1.33,0.148,True,9
3409512,"Kandivali West, Mumbai - BMC",RC,2026-09-09 00:00:00+05:30,14.8,28.8,83.4,4.85,242.0,4.45,16.3,0.946,0.181,True,9
3409512,"Kandivali West, Mumbai - BMC",RC,2026-09-10 00:00:00+05:30,13.5,28.5,85.4,3.23,242.99999999999997,4.22,14.5,0.526,0.185,True,9
3409512,"Kandivali West, Mumbai - BMC",RC,2026-09-11 00:00:00+05:30,15.9,28.7,78.0,1.74,239.99999999999994,5.03,16.1,0.844,0.213,True,9
3409512,"Kandivali West, Mumbai - BMC",RC,2026-09-12 00:00:00+05:30,13.7,28.1,85.0,1.77,242.99999999999997,51.4,15.9,1.71,0.28,True,9
3409512,"Kandivali West, Mumbai - BMC",RC,2026-09-13 00:00:00+05:30,15.1,25.0,88.2,1.82,247.0,26.1,13.3,0.361,0.291,True,9
3409512,"Kandivali West, Mumbai - BMC",RC,2026-09-14 00:00:00+05:30,17.4,27.0,88.2,1.87,250.0,21.8,16.7,1.02,0.254,True,9
3409512,"Kandivali West, Mumbai - BMC",RC,2026-09-15 00:00:00+05:30,18.5,27.3,88.0,1.88,251.0,18.8,14.3,0.632,0.244,True,9
3409512,"Kandivali West, Mumbai - BMC",RC,2026-09-16 00:00:00+05:30,16.0,27.7,86.4,1.87,250.0,17.1,15.8,2.74,0.31,True,9
3409512,"Kandivali West, Mumbai - BMC",RC,2026-09-17 00:00:00+05:30,14.9,28.3,88.0,1.88,251.0,14.6,17.3,2.6,0.229,True,9
3409513,"Sewri, Mumbai - BMC",FS,2025-10-12 00:00:00+05:30,7.4,,24.5,0.0,1.57,3.86,138.0,29.5,0.749,False,8
3409513,"Sewri, Mumbai - BMC",FS,2025-10-13 00:00:00+05:30,6.23,,24.1,0.0,1.92,3.58,132.0,30.7,0.628,False,8
3409513,"Sewri, Mumbai - BMC",FS,2025-10-14 00:00:00+05:30,4.04,,21.9,0.0,1.7,3.11,114.0,31.0,0.697,False,8
3409513,"Sewri, Mumbai - BMC",FS,2025-10-15 00:00:00+05:30,7.52,,24.0,0.0,1.8500000000000003,3.43,114.0,24.3,0.704,False,8
3409513,"Sewri, Mumbai - BMC",FS,2025-10-16 00:00:00+05:30,4.31,,21.8,0.0,3.0000000000000004,3.77,77.4,17.4,0.754,False,8
3409513,"Sewri, Mumbai - BMC",FS,2025-10-17 00:00:00+05:30,3.22,,19.4,0.0,1.7400000000000002,3.22,66.4,22.2,,False,7
3409513,"Sewri, Mumbai - BMC",FS,2025-10-18 00:00:00+05:30,8.57,,19.6,0.0,1.7999999999999998,3.69,100.0,23.2,,False,7
3409513,"Sewri, Mumbai - BMC",FS,2025-10-19 00:00:00+05:30,4.06,,18.2,0.0,1.43,3.39,106.0,26.7,0.648,False,8
3409513,"Sewri, Mumbai - BMC",FS,2025-10-20 00:00:00+05:30,5.19,,18.3,0.0,1.9100000000000001,5.21,144.0,15.0,0.591,False,8
3409513,"Sewri, Mumbai - BMC",FS,2025-10-21 00:00:00+05:30,1.39,,17.4,0.0,1.31,2.93,149.0,23.2,0.818,False,8
3409513,"Sewri, Mumbai - BMC",FS,2025-10-22 00:00:00+05:30,3.17,49.8,18.7,0.0,1.1500000000000001,3.51,83.5,15.9,0.612,True,9
3409513,"Sewri, Mumbai - BMC",FS,2025-10-23 00:00:00+05:30,2.89,,18.8,0.0,1.06,3.3,89.0,9.77,,False,7
3409513,"Sewri, Mumbai - BMC",FS,2025-10-24 00:00:00+05:30,2.44,44.1,16.4,0.0,0.867,2.89,49.8,7.33,,False,8
3409513,"Sewri, Mumbai - BMC",FS,2025-10-25 00:00:00+05:30,7.03,45.4,18.0,0.0,1.3,2.7,34.6,2.04,,False,8
3409513,"Sewri, Mumbai - BMC",FS,2025-10-26 00:00:00+05:30,3.17,49.6,19.7,0.0,0.909,2.88,27.9,2.0,0.634,True,9
3409513,"Sewri, Mumbai - BMC",FS,2025-10-27 00:00:00+05:30,2.56,37.6,17.0,0.0,0.448,2.32,27.8,9.54,2.9,True,9
3409513,"Sewri, Mumbai - BMC",FS,2025-10-28 00:00:00+05:30,2.18,51.4,21.1,0.0,0.948,3.04,54.5,11.7,0.899,True,9
3409513,"Sewri, Mumbai - BMC",FS,2025-10-29 00:00:00+05:30,1.4,47.7,19.3,0.0,0.8769999999999999,2.63,59.9,17.8,0.872,True,9
3409513,"Sewri, Mumbai - BMC",FS,2025-10-30 00:00:00+05:30,1.13,48.4,19.7,0.0,0.9219999999999999,2.58,43.1,17.0,1.39,True,9
3409513,"Sewri, Mumbai - BMC",FS,2025-10-31 00:00:00+05:30,1.14,50.0,20.1,0.0,1.78,2.75,36.6,11.8,,False,8
3409513,"Sewri, Mumbai - BMC",FS,2025-11-01 00:00:00+05:30,2.52,48.6,18.9,0.0,1.7400000000000002,3.09,43.6,8.85,1.06,True,9
3409513,"Sewri, Mumbai - BMC",FS,2025-11-02 00:00:00+05:30,1.91,50.9,20.7,0.0,1.77,2.64,34.5,7.22,0.859,True,9
3409513,"Sewri, Mumbai - BMC",FS,2025-11-03 00:00:00+05:30,7.41,51.7,20.5,0.0,4.19,3.16,32.6,5.86,1.52,True,9
3409513,"Sewri, Mumbai - BMC",FS,2025-11-04 00:00:00+05:30,1.87,,16.0,0.0,1.9899999999999998,13.2,85.7,11.8,0.673,False,8
3409513,"Sewri, Mumbai - BMC",FS,2025-11-05 00:00:00+05:30,11.2,52.9,21.2,0.0,1.05,1.6,125.0,25.7,2.81,True,9
3409513,"Sewri, Mumbai - BMC",FS,2025-11-06 00:00:00+05:30,2.23,,19.6,0.0,0.34,0.19,98.2,30.0,7.21,False,8
3409513,"Sewri, Mumbai - BMC",FS,2025-11-07 00:00:00+05:30,3.24,49.4,19.0,0.0,0.77,1.18,123.0,46.2,4.12,True,9
3409513,"Sewri, Mumbai - BMC",FS,2025-11-08 00:00:00+05:30,4.81,,19.9,0.0,1.69,2.18,169.0,38.7,0.737,False,8
3409513,"Sewri, Mumbai - BMC",FS,2025-11-09 00:00:00+05:30,21.5,,20.6,0.0,1.95,2.28,180.0,38.3,0.697,False,8
3409513,"Sewri, Mumbai - BMC",FS,2025-11-10 00:00:00+05:30,27.5,,23.5,0.0,2.39,4.12,191.0,19.2,0.625,False,8
3409513,"Sewri, Mumbai - BMC",FS,2025-11-11 00:00:00+05:30,11.8,,19.9,0.0,2.37,2.18,147.0,48.1,0.649,False,8
3409513,"Sewri, Mumbai - BMC",FS,2025-11-12 00:00:00+05:30,4.61,,19.5,0.0,2.1299999999999994,2.02,180.0,45.1,0.498,False,8
3409513,"Sewri, Mumbai - BMC",FS,2025-11-13 00:00:00+05:30,13.5,,18.8,0.0,2.04,1.6,207.0,46.0,0.604,False,8
3409513,"Sewri, Mumbai - BMC",FS,2025-11-14 00:00:00+05:30,12.4,,22.5,0.0,2.07,1.33,193.0,46.7,0.489,False,8
3409513,"Sewri, Mumbai - BMC",FS,2025-11-15 00:00:00+05:30,25.6,,21.2,0.0,2.69,4.4,141.0,35.6,0.686,False,8
3409513,"Sewri, Mumbai - BMC",FS,2025-11-16 00:00:00+05:30,13.4,,21.6,0.0,2.27,1.99,135.0,33.3,0.542,False,8
3409513,"Sewri, Mumbai - BMC",FS,2025-11-17 00:00:00+05:30,2.0,,19.6,0.0,1.55,2.81,119.0,47.5,0.587,False,8
3409513,"Sewri, Mumbai - BMC",FS,2025-11-18 00:00:00+05:30,7.6,,19.5,0.0,2.38,3.98,151.0,28.6,0.806,False,8
3409513,"Sewri, Mumbai - BMC",FS,2025-11-19 00:00:00+05:30,19.5,,21.5,0.0,2.7700000000000005,5.35,150.0,28.6,0.873,False,8
3409513,"Sewri, Mumbai - BMC",FS,2025-11-20 00:00:00+05:30,15.6,,20.1,0.0,2.6,5.02,135.0,28.9,0.736,False,8
3409513,"Sewri, Mumbai - BMC",FS,2025-11-21 00:00:00+05:30,19.2,,14.7,0.0,1.97,3.73,139.0,27.6,,False,7
3409513,"Sewri, Mumbai - BMC",FS,2025-11-22 00:00:00+05:30,11.4,,14.9,0.0,1.48,1.68,143.0,23.5,0.658,False,8
3409513,"Sewri, Mumbai - BMC",FS,2025-11-23 00:00:00+05:30,28.4,,26.7,0.0,3.6200000000000006,3.59,155.0,28.5,0.52,False,8
3409513,"Sewri, Mumbai - BMC",FS,2025-11-24 00:00:00+05:30,8.25,,23.8,0.0,2.28,2.64,124.0,40.8,0.623,False,8
3409513,"Sewri, Mumbai - BMC",FS,2025-11-25 00:00:00+05:30,40.1,,26.3,0.0,3.8300000000000005,4.89,153.0,25.6,0.651,False,8
3409513,"Sewri, Mumbai - BMC",FS,2025-11-26 00:00:00+05:30,0.65,,22.1,0.0,2.42,3.11,116.0,44.1,0.788,False,8
3409513,"Sewri, Mumbai - BMC",FS,2025-11-27 00:00:00+05:30,3.71,,24.0,0.0,2.3300000000000005,1.98,120.0,39.6,0.754,False,8
3409513,"Sewri, Mumbai - BMC",FS,2025-11-28 00:00:00+05:30,9.49,,21.6,0.0,2.31,2.23,121.0,33.2,0.621,False,8
3409513,"Sewri, Mumbai - BMC",FS,2025-11-29 00:00:00+05:30,4.88,,20.8,0.0,2.18,2.1,116.0,24.7,0.493,False,8
3409513,"Sewri, Mumbai - BMC",FS,2025-11-30 00:00:00+05:30,7.85,,21.9,0.0,2.05,2.44,113.0,30.9,,False,7
3409513,"Sewri, Mumbai - BMC",FS,2025-12-01 00:00:00+05:30,21.8,,20.6,0.0,2.76,7.44,128.0,27.1,,False,7
3409513,"Sewri, Mumbai - BMC",FS,2025-12-02 00:00:00+05:30,21.1,,20.5,0.0,3.08,4.01,139.0,22.1,0.532,False,8
3409513,"Sewri, Mumbai - BMC",FS,2025-12-03 00:00:00+05:30,17.2,,21.7,0.0,2.76,5.34,141.0,20.9,0.781,False,8
3409513,"Sewri, Mumbai - BMC",FS,2025-12-04 00:00:00+05:30,20.3,,20.6,0.0,3.06,10.9,133.0,14.9,0.465,False,8
3409513,"Sewri, Mumbai - BMC",FS,2025-12-05 00:00:00+05:30,9.89,,19.4,0.0,2.43,8.54,133.0,18.3,0.783,False,8
3409513,"Sewri, Mumbai - BMC",FS,2025-12-06 00:00:00+05:30,3.69,,19.7,0.0,2.03,7.46,101.0,28.4,0.695,False,8
3409513,"Sewri, Mumbai - BMC",FS,2025-12-07 00:00:00+05:30,2.94,,20.3,0.0,1.8900000000000001,5.17,106.0,30.8,0.73,False,8
3409513,"Sewri, Mumbai - BMC",FS,2025-12-08 00:00:00+05:30,12.7,,21.6,0.0,2.35,7.02,116.0,25.0,0.599,False,8
3409513,"Sewri, Mumbai - BMC",FS,2025-12-09 00:00:00+05:30,23.4,,20.9,0.0,2.61,4.97,115.0,16.1,,False,7
3409513,"Sewri, Mumbai - BMC",FS,2025-12-10 00:00:00+05:30,28.1,,18.6,0.0,2.61,16.2,112.0,16.4,0.409,False,8
3409513,"Sewri, Mumbai - BMC",FS,2025-12-11 00:00:00+05:30,15.8,,19.8,0.0,2.19,5.2,108.0,23.1,0.918,False,8
3409513,"Sewri, Mumbai - BMC",FS,2025-12-12 00:00:00+05:30,33.2,,19.6,0.0,2.29,4.46,131.0,23.4,0.874,False,8
3409513,"Sewri, Mumbai - BMC",FS,2025-12-13 00:00:00+05:30,23.9,,24.0,0.0,3.11,3.97,130.0,25.9,0.924,False,8
3409513,"Sewri, Mumbai - BMC",FS,2025-12-14 00:00:00+05:30,19.2,,25.3,0.0,2.8699999999999997,7.91,112.0,17.6,0.384,False,8
3409513,"Sewri, Mumbai - BMC",FS,2025-12-15 00:00:00+05:30,4.7,,22.2,0.0,2.36,5.86,108.0,8.87,0.366,False,8
3409513,"Sewri, Mumbai - BMC",FS,2025-12-17 00:00:00+05:30,18.1,50.5,20.3,0.0,1.9399999999999997,7.71,108.0,20.0,0.789,True,9
3409513,"Sewri, Mumbai - BMC",FS,2025-12-18 00:00:00+05:30,28.3,,22.4,0.0,2.52,5.01,120.0,13.0,0.87,False,8
3409513,"Sewri, Mumbai - BMC",FS,2025-12-19 00:00:00+05:30,27.1,,22.7,0.0,2.7200000000000006,4.28,104.0,12.5,0.393,False,8
3409513,"Sewri, Mumbai - BMC",FS,2025-12-20 00:00:00+05:30,18.3,,21.7,0.0,2.14,6.62,91.6,12.1,0.648,False,8
3409513,"Sewri, Mumbai - BMC",FS,2025-12-21 00:00:00+05:30,50.1,,23.2,0.0,3.11,8.79,105.0,0.33,0.53,False,8
3409513,"Sewri, Mumbai - BMC",FS,2025-12-22 00:00:00+05:30,31.2,,20.9,0.0,2.29,7.79,91.0,10.4,0.522,False,8
3409513,"Sewri, Mumbai - BMC",FS,2025-12-23 00:00:00+05:30,17.4,,21.0,0.0,1.98,7.02,93.0,12.9,0.597,False,8
3409513,"Sewri, Mumbai - BMC",FS,2025-12-24 00:00:00+05:30,7.94,,21.3,0.0,2.0,4.9,65.0,9.27,0.594,False,8
3409513,"Sewri, Mumbai - BMC",FS,2025-12-25 00:00:00+05:30,15.6,,23.5,0.0,1.8900000000000001,5.85,102.0,16.6,0.558,False,8
3409513,"Sewri, Mumbai - BMC",FS,2025-12-27 00:00:00+05:30,8.41,46.5,19.3,0.0,1.48,3.82,88.4,18.1,0.646,True,9
3409513,"Sewri, Mumbai - BMC",FS,2025-12-28 00:00:00+05:30,21.1,,23.7,0.0,2.2,5.67,116.0,13.7,0.547,False,8
3409513,"Sewri, Mumbai - BMC",FS,2025-12-29 00:00:00+05:30,53.3,,27.6,0.736,80.1,48.6,55.1,3.96,0.524,False,8
3409513,"Sewri, Mumbai - BMC",FS,2025-12-30 00:00:00+05:30,63.1,,,1.16,102.0,90.3,8.2,5.32,0.821,False,7
3409513,"Sewri, Mumbai - BMC",FS,2025-12-31 00:00:00+05:30,59.2,25.8,52.5,0.972,136.0,58.1,7.78,5.11,0.643,True,9
3409513,"Sewri, Mumbai - BMC",FS,2026-01-01 00:00:00+05:30,35.7,25.7,59.5,1.05,130.0,32.8,5.61,2.25,0.419,True,9
3409513,"Sewri, Mumbai - BMC",FS,2026-01-02 00:00:00+05:30,48.1,25.6,64.4,1.25,,44.1,7.12,3.59,0.765,False,8
3409513,"Sewri, Mumbai - BMC",FS,2026-01-03 00:00:00+05:30,54.4,26.0,51.7,1.36,,48.3,6.72,2.53,0.701,False,8
3409513,"Sewri, Mumbai - BMC",FS,2026-01-04 00:00:00+05:30,76.2,25.9,56.7,1.29,,58.8,3.42,4.08,0.977,False,8
3409513,"Sewri, Mumbai - BMC",FS,2026-01-05 00:00:00+05:30,64.8,27.1,40.6,1.07,103.0,49.0,9.39,4.06,0.716,True,9
3409513,"Sewri, Mumbai - BMC",FS,2026-01-06 00:00:00+05:30,61.9,26.6,44.0,0.974,135.0,45.7,8.32,3.38,0.607,True,9
3409513,"Sewri, Mumbai - BMC",FS,2026-01-07 00:00:00+05:30,73.1,26.2,42.0,1.04,84.9,55.7,7.49,3.88,0.88,True,9
3409513,"Sewri, Mumbai - BMC",FS,2026-01-08 00:00:00+05:30,59.6,26.1,33.4,1.0,79.6,55.1,5.71,3.48,0.646,True,9
3409513,"Sewri, Mumbai - BMC",FS,2026-01-09 00:00:00+05:30,58.0,25.7,,1.41,86.4,64.0,18.4,4.81,0.948,False,8
3409513,"Sewri, Mumbai - BMC",FS,2026-01-10 00:00:00+05:30,61.0,25.9,27.1,1.37,70.9,55.0,12.3,4.49,0.496,True,9
3409513,"Sewri, Mumbai - BMC",FS,2026-01-20 00:00:00+05:30,50.0,25.3,51.3,1.3,126.0,69.7,7.67,7.49,1.09,True,9
3409513,"Sewri, Mumbai - BMC",FS,2026-01-21 00:00:00+05:30,69.8,26.2,44.9,,,63.3,9.84,5.94,0.871,False,7
3409513,"Sewri, Mumbai - BMC",FS,2026-01-22 00:00:00+05:30,66.7,26.7,37.0,,,50.4,14.3,5.17,1.16,False,7
3409513,"Sewri, Mumbai - BMC",FS,2026-01-23 00:00:00+05:30,47.2,25.9,53.7,1.33,,41.0,10.0,2.28,0.29,False,8
3409513,"Sewri, Mumbai - BMC",FS,2026-01-24 00:00:00+05:30,39.0,25.5,44.1,1.36,70.2,50.3,8.14,3.67,0.61,True,9
3409513,"Sewri, Mumbai - BMC",FS,2026-01-27 00:00:00+05:30,22.6,25.6,52.5,1.68,85.3,25.2,11.9,1.69,0.235,True,9
3409513,"Sewri, Mumbai - BMC",FS,2026-01-28 00:00:00+05:30,30.1,25.6,43.1,1.6,83.9,33.1,11.8,2.65,0.416,True,9
3409513,"Sewri, Mumbai - BMC",FS,2026-01-29 00:00:00+05:30,49.1,26.3,35.5,0.984,101.0,63.6,9.71,4.49,0.775,True,9
3409513,"Sewri, Mumbai - BMC",FS,2026-01-30 00:00:00+05:30,59.8,26.6,56.8,0.965,144.0,58.5,10.2,3.48,0.696,True,9
3409513,"Sewri, Mumbai - BMC",FS,2026-01-31 00:00:00+05:30,48.8,26.3,67.6,1.09,98.2,43.6,9.29,2.0,0.604,True,9
3409513,"Sewri, Mumbai - BMC",FS,2026-02-01 00:00:00+05:30,49.8,26.1,59.5,1.22,65.0,61.6,6.98,3.01,0.755,True,9
3409513,"Sewri, Mumbai - BMC",FS,2026-02-02 00:00:00+05:30,66.7,27.9,25.4,1.05,110.0,49.4,20.3,5.7,0.584,True,9
3409513,"Sewri, Mumbai - BMC",FS,2026-02-03 00:00:00+05:30,68.7,25.7,60.4,0.977,166.0,90.4,0.314,3.74,0.798,True,9
3409513,"Sewri, Mumbai - BMC",FS,2026-02-04 00:00:00+05:30,84.3,27.0,27.0,0.838,32.0,46.4,9.13,0.05,0.61,True,9
3409513,"Sewri, Mumbai - BMC",FS,2026-02-05 00:00:00+05:30,71.9,26.8,36.2,0.839,69.8,97.9,5.38,4.47,0.777,True,9
3409513,"Sewri, Mumbai - BMC",FS,2026-02-06 00:00:00+05:30,52.8,27.4,23.3,1.44,74.1,49.0,12.1,2.07,0.49,True,9
3409513,"Sewri, Mumbai - BMC",FS,2026-02-07 00:00:00+05:30,55.7,27.4,20.0,0.972,103.0,58.5,11.3,5.76,0.684,True,9
3409513,"Sewri, Mumbai - BMC",FS,2026-02-08 00:00:00+05:30,41.8,26.7,27.3,0.981,105.00000000000001,71.0,8.66,3.9,0.723,True,9
3409513,"Sewri, Mumbai - BMC",FS,2026-02-09 00:00:00+05:30,56.8,26.7,41.5,1.15,119.0,47.0,14.2,8.65,0.658,True,9
3409513,"Sewri, Mumbai - BMC",FS,2026-02-10 00:00:00+05:30,46.9,26.5,42.9,1.59,94.7,32.7,18.6,9.05,0.445,True,9
3409513,"Sewri, Mumbai - BMC",FS,2026-02-11 00:00:00+05:30,52.9,26.8,41.7,1.37,101.0,20.1,16.5,7.65,0.56,True,9
3409513,"Sewri, Mumbai - BMC",FS,2026-02-12 00:00:00+05:30,49.5,26.9,46.6,1.12,61.0,36.2,17.7,2.79,0.737,True,9
3409513,"Sewri, Mumbai - BMC",FS,2026-02-13 00:00:00+05:30,61.9,28.6,20.2,0.805,148.0,37.5,19.7,8.93,0.687,True,9
3409513,"Sewri, Mumbai - BMC",FS,2026-02-14 00:00:00+05:30,77.8,26.2,43.4,1.04,127.00000000000001,89.5,1.09,11.6,1.25,True,9
3409513,"Sewri, Mumbai - BMC",FS,2026-02-15 00:00:00+05:30,68.6,26.4,37.5,1.47,56.9,91.4,1.76,5.09,1.31,True,9
3409513,"Sewri, Mumbai - BMC",FS,2026-02-18 00:00:00+05:30,15.0,26.5,47.9,1.42,110.0,3.94,11.7,2.46,0.242,True,9
3409513,"Sewri, Mumbai - BMC",FS,2026-02-20 00:00:00+05:30,66.3,27.5,47.1,1.25,92.3,27.8,19.9,4.42,0.856,True,9
3409513,"Sewri, Mumbai - BMC",FS,2026-02-21 00:00:00+05:30,67.6,27.7,37.1,0.966,84.1,40.8,14.4,3.93,0.755,True,9
3409513,"Sewri, Mumbai - BMC",FS,2026-02-22 00:00:00+05:30,60.7,26.9,,0.665,115.0,43.8,9.38,4.23,0.747,False,8
3409513,"Sewri, Mumbai - BMC",FS,2026-02-23 00:00:00+05:30,50.3,27.4,39.6,1.06,86.2,29.9,14.4,6.49,0.639,True,9
3409513,"Sewri, Mumbai - BMC",FS,2026-02-24 00:00:00+05:30,46.0,27.1,46.9,1.21,92.8,25.8,14.8,4.5,0.63,True,9
3409513,"Sewri, Mumbai - BMC",FS,2026-02-25 00:00:00+05:30,38.4,27.1,46.7,0.974,97.1,28.9,9.76,4.27,0.544,True,9
3409513,"Sewri, Mumbai - BMC",FS,2026-02-26 00:00:00+05:30,11.7,26.8,44.3,1.36,83.8,2.6,8.65,0.881,0.183,True,9
3409513,"Sewri, Mumbai - BMC",FS,2026-02-27 00:00:00+05:30,13.4,26.3,45.5,1.19,66.2,13.0,5.93,1.8,0.333,True,9
3409513,"Sewri, Mumbai - BMC",FS,2026-02-28 00:00:00+05:30,14.1,26.4,40.9,1.24,68.5,17.4,9.42,2.71,0.351,True,9
3409513,"Sewri, Mumbai - BMC",FS,2026-03-01 00:00:00+05:30,23.8,26.3,46.2,1.32,76.7,15.1,13.6,3.63,0.518,True,9
3409513,"Sewri, Mumbai - BMC",FS,2026-03-02 00:00:00+05:30,18.0,26.4,49.8,1.38,77.8,22.2,11.6,2.59,0.435,True,9
3409513,"Sewri, Mumbai - BMC",FS,2026-03-03 00:00:00+05:30,72.5,27.0,48.0,1.28,90.40000000000002,24.2,22.0,4.81,1.03,True,9
3409513,"Sewri, Mumbai - BMC",FS,2026-03-04 00:00:00+05:30,43.1,28.4,39.6,1.15,89.8,25.0,21.9,9.55,0.636,True,9
3409513,"Sewri, Mumbai - BMC",FS,2026-03-05 00:00:00+05:30,33.5,28.3,,1.15,66.2,39.7,11.5,5.44,0.783,False,8
3409513,"Sewri, Mumbai - BMC",FS,2026-03-06 00:00:00+05:30,29.5,28.0,,1.36,119.0,46.8,21.2,3.8,0.449,False,8
3409513,"Sewri, Mumbai - BMC",FS,2026-03-07 00:00:00+05:30,24.6,27.2,50.1,1.28,95.4,42.4,24.2,3.01,0.493,True,9
3409513,"Sewri, Mumbai - BMC",FS,2026-03-08 00:00:00+05:30,52.5,29.2,21.0,1.45,94.3,50.5,39.2,6.43,0.716,True,9
3409513,"Sewri, Mumbai - BMC",FS,2026-03-09 00:00:00+05:30,45.2,29.8,15.3,1.06,99.7,60.8,26.0,17.3,0.632,True,9
3409513,"Sewri, Mumbai - BMC",FS,2026-03-10 00:00:00+05:30,58.4,29.3,,0.918,109.0,,24.5,8.4,0.856,False,7
3409513,"Sewri, Mumbai - BMC",FS,2026-03-11 00:00:00+05:30,84.4,28.1,,0.696,161.0,,19.5,1.85,0.384,False,7
3409513,"Sewri, Mumbai - BMC",FS,2026-03-12 00:00:00+05:30,44.5,27.7,63.8,0.791,118.00000000000001,,19.6,1.96,0.546,False,8
3409513,"Sewri, Mumbai - BMC",FS,2026-03-13 00:00:00+05:30,52.2,28.1,43.8,1.03,98.6,,27.3,4.16,0.613,False,8
3409513,"Sewri, Mumbai - BMC",FS,2026-03-14 00:00:00+05:30,22.3,28.1,37.5,1.13,103.0,22.6,20.0,2.11,0.156,True,9
3409513,"Sewri, Mumbai - BMC",FS,2026-03-15 00:00:00+05:30,14.0,27.9,47.0,1.09,91.7,18.2,13.6,1.82,0.289,True,9
3409513,"Sewri, Mumbai - BMC",FS,2026-03-16 00:00:00+05:30,11.3,27.8,40.9,1.06,111.0,16.6,14.0,1.63,0.245,True,9
3409513,"Sewri, Mumbai - BMC",FS,2026-03-17 00:00:00+05:30,18.7,27.6,42.4,0.802,101.0,20.1,15.3,2.44,0.242,True,9
3409513,"Sewri, Mumbai - BMC",FS,2026-03-18 00:00:00+05:30,18.9,27.6,37.2,1.06,93.80000000000001,15.6,15.1,5.55,0.33,True,9
3409513,"Sewri, Mumbai - BMC",FS,2026-03-19 00:00:00+05:30,16.1,26.5,50.2,1.15,68.5,7.63,10.1,2.53,0.408,True,9
3409513,"Sewri, Mumbai - BMC",FS,2026-03-20 00:00:00+05:30,16.6,27.3,38.7,1.22,102.0,13.7,17.2,3.59,0.311,True,9
3409513,"Sewri, Mumbai - BMC",FS,2026-03-21 00:00:00+05:30,24.3,27.1,32.9,1.35,75.8,15.8,18.3,4.54,0.656,True,9
3409513,"Sewri, Mumbai - BMC",FS,2026-03-22 00:00:00+05:30,35.3,27.7,25.2,1.4,62.900000000000006,18.6,20.9,7.31,0.727,True,9
3409513,"Sewri, Mumbai - BMC",FS,2026-03-23 00:00:00+05:30,71.7,28.3,,1.13,93.2,,21.8,6.53,0.779,False,7
3409513,"Sewri, Mumbai - BMC",FS,2026-03-24 00:00:00+05:30,45.9,29.1,,1.49,105.00000000000001,11.8,36.5,5.54,0.327,False,8
3409513,"Sewri, Mumbai - BMC",FS,2026-03-25 00:00:00+05:30,23.8,28.4,41.9,1.48,119.99999999999999,6.95,23.5,3.28,0.37,True,9
3409513,"Sewri, Mumbai - BMC",FS,2026-03-26 00:00:00+05:30,26.5,27.9,46.2,1.43,93.1,,25.6,4.13,0.458,False,8
3409513,"Sewri, Mumbai - BMC",FS,2026-03-27 00:00:00+05:30,56.9,28.6,34.1,1.35,106.0,16.3,26.8,6.44,0.24,True,9
3409513,"Sewri, Mumbai - BMC",FS,2026-03-28 00:00:00+05:30,15.2,28.0,49.0,1.08,103.0,23.0,16.5,1.37,0.235,True,9
3409513,"Sewri, Mumbai - BMC",FS,2026-03-29 00:00:00+05:30,6.4,27.4,59.9,0.871,76.6,23.0,10.1,1.07,0.204,True,9
3409513,"Sewri, Mumbai - BMC",FS,2026-03-30 00:00:00+05:30,13.8,27.7,56.5,1.43,93.0,23.0,14.3,1.48,0.318,True,9
3409513,"Sewri, Mumbai - BMC",FS,2026-03-31 00:00:00+05:30,8.83,27.8,50.5,1.44,85.7,23.0,10.5,1.61,0.278,True,9
3409513,"Sewri, Mumbai - BMC",FS,2026-04-01 00:00:00+05:30,8.79,27.1,57.5,1.47,90.0,22.9,15.3,1.11,0.288,True,9
3409513,"Sewri, Mumbai - BMC",FS,2026-04-02 00:00:00+05:30,7.52,27.6,47.1,1.38,84.3,23.1,34.4,2.59,0.221,True,9
3409513,"Sewri, Mumbai - BMC",FS,2026-04-03 00:00:00+05:30,16.1,27.1,46.5,1.16,71.1,22.9,24.7,4.8,0.444,True,9
3409513,"Sewri, Mumbai - BMC",FS,2026-04-04 00:00:00+05:30,7.23,27.6,47.3,1.2,87.6,23.1,19.6,3.17,0.259,True,9
3409513,"Sewri, Mumbai - BMC",FS,2026-04-05 00:00:00+05:30,7.97,27.3,47.7,1.15,78.0,22.9,29.7,2.69,0.229,True,9
3409513,"Sewri, Mumbai - BMC",FS,2026-04-06 00:00:00+05:30,12.7,27.2,43.2,0.79,103.0,22.9,38.9,2.66,0.264,True,9
3409513,"Sewri, Mumbai - BMC",FS,2026-04-07 00:00:00+05:30,14.2,27.4,47.5,0.782,112.0,23.0,25.7,3.39,0.316,True,9
3409513,"Sewri, Mumbai - BMC",FS,2026-04-08 00:00:00+05:30,13.6,27.8,50.7,0.645,135.0,23.0,12.7,2.69,0.263,True,9
3409513,"Sewri, Mumbai - BMC",FS,2026-04-09 00:00:00+05:30,19.8,27.8,42.7,1.15,87.4,28.3,13.8,3.07,0.405,True,9
3409513,"Sewri, Mumbai - BMC",FS,2026-04-10 00:00:00+05:30,21.5,27.9,39.8,1.45,84.4,33.3,20.1,3.33,0.324,True,9
3409513,"Sewri, Mumbai - BMC",FS,2026-04-11 00:00:00+05:30,94.9,28.2,50.7,1.22,103.0,25.5,34.5,2.84,0.279,True,9
3409513,"Sewri, Mumbai - BMC",FS,2026-04-12 00:00:00+05:30,41.5,28.1,57.0,1.21,98.0,28.6,25.7,2.89,0.326,True,9
3409513,"Sewri, Mumbai - BMC",FS,2026-04-13 00:00:00+05:30,22.6,28.0,58.9,0.647,148.0,25.0,18.5,2.57,0.177,True,9
3409513,"Sewri, Mumbai - BMC",FS,2026-04-14 00:00:00+05:30,26.3,28.2,53.5,1.07,108.0,26.6,22.2,3.68,0.311,True,9
3409513,"Sewri, Mumbai - BMC",FS,2026-04-15 00:00:00+05:30,19.3,28.0,54.4,1.27,88.8,20.8,18.4,3.21,0.254,True,9
3409513,"Sewri, Mumbai - BMC",FS,2026-04-16 00:00:00+05:30,15.7,27.6,52.0,1.02,75.7,22.6,16.5,3.31,0.238,True,9
3409513,"Sewri, Mumbai - BMC",FS,2026-04-17 00:00:00+05:30,21.0,27.7,56.9,1.07,85.1,25.4,16.3,3.59,0.344,True,9
3409513,"Sewri, Mumbai - BMC",FS,2026-04-18 00:00:00+05:30,20.7,28.0,58.7,1.31,81.6,25.6,19.3,2.98,0.328,True,9
3409513,"Sewri, Mumbai - BMC",FS,2026-04-19 00:00:00+05:30,16.2,28.2,47.7,1.24,92.5,27.0,16.5,2.99,0.296,True,9
3409513,"Sewri, Mumbai - BMC",FS,2026-04-20 00:00:00+05:30,24.0,28.0,53.9,0.976,105.00000000000001,24.4,16.7,4.39,0.324,True,9
3409513,"Sewri, Mumbai - BMC",FS,2026-04-21 00:00:00+05:30,25.4,28.2,53.1,1.21,99.2,27.9,20.4,3.02,0.339,True,9
3409513,"Sewri, Mumbai - BMC",FS,2026-04-22 00:00:00+05:30,20.2,28.2,50.1,1.04,109.0,28.0,16.5,3.15,0.294,True,9
3409513,"Sewri, Mumbai - BMC",FS,2026-04-23 00:00:00+05:30,22.6,27.7,52.3,1.24,82.1,32.9,12.5,4.14,0.497,True,9
3409513,"Sewri, Mumbai - BMC",FS,2026-04-24 00:00:00+05:30,19.1,28.5,53.7,1.3,114.00000000000001,27.2,16.3,3.48,0.33,True,9
3409513,"Sewri, Mumbai - BMC",FS,2026-04-25 00:00:00+05:30,27.2,28.7,45.5,1.23,97.1,30.6,16.4,3.29,0.402,True,9
3409513,"Sewri, Mumbai - BMC",FS,2026-04-26 00:00:00+05:30,20.1,28.6,50.6,0.772,152.0,17.7,11.9,3.16,0.289,True,9
3409513,"Sewri, Mumbai - BMC",FS,2026-04-27 00:00:00+05:30,11.8,28.4,56.2,0.626,175.0,15.2,11.2,2.75,0.244,True,9
3409513,"Sewri, Mumbai - BMC",FS,2026-04-28 00:00:00+05:30,16.1,28.3,57.5,0.62,186.99999999999997,18.6,8.85,3.02,0.186,True,9
3409513,"Sewri, Mumbai - BMC",FS,2026-04-29 00:00:00+05:30,13.7,28.7,50.4,0.622,173.0,15.4,9.44,2.22,0.208,True,9
3409513,"Sewri, Mumbai - BMC",FS,2026-04-30 00:00:00+05:30,11.2,28.3,56.7,0.64,208.0,15.2,9.47,2.99,0.197,True,9
3409513,"Sewri, Mumbai - BMC",FS,2026-05-01 00:00:00+05:30,12.0,28.4,54.0,0.693,208.99999999999997,13.2,9.62,2.36,0.198,True,9
3409513,"Sewri, Mumbai - BMC",FS,2026-05-02 00:00:00+05:30,13.4,28.1,56.8,0.659,210.99999999999997,13.6,10.2,2.44,0.214,True,9
3409513,"Sewri, Mumbai - BMC",FS,2026-05-03 00:00:00+05:30,14.3,28.4,54.4,0.627,206.0,13.6,9.85,2.56,0.197,True,9
3409513,"Sewri, Mumbai - BMC",FS,2026-05-04 00:00:00+05:30,11.8,28.5,51.0,0.663,210.0,13.9,8.13,2.44,0.194,True,9
3409513,"Sewri, Mumbai - BMC",FS,2026-05-05 00:00:00+05:30,14.7,28.7,50.1,0.541,177.0,13.0,8.88,3.31,0.221,True,9
3409513,"Sewri, Mumbai - BMC",FS,2026-05-06 00:00:00+05:30,14.7,28.9,44.6,1.46,102.0,17.1,22.7,2.93,0.181,True,9
3409513,"Sewri, Mumbai - BMC",FS,2026-05-07 00:00:00+05:30,48.5,28.6,55.0,1.21,89.5,25.0,20.1,3.2,0.37,True,9
3409513,"Sewri, Mumbai - BMC",FS,2026-05-08 00:00:00+05:30,,28.7,55.5,1.27,94.7,20.6,22.8,3.19,0.304,False,8
3409513,"Sewri, Mumbai - BMC",FS,2026-05-09 00:00:00+05:30,23.0,28.8,53.5,1.08,110.0,22.1,24.1,4.04,0.329,True,9
3409513,"Sewri, Mumbai - BMC",FS,2026-05-10 00:00:00+05:30,11.9,28.2,55.8,1.11,77.8,27.9,23.1,4.06,0.328,True,9
3409513,"Sewri, Mumbai - BMC",FS,2026-05-11 00:00:00+05:30,11.8,29.2,48.3,0.818,117.0,20.9,23.5,2.9,0.316,True,9
3409513,"Sewri, Mumbai - BMC",FS,2026-05-12 00:00:00+05:30,5.34,28.9,50.0,0.94,119.0,22.1,20.4,3.0,0.276,True,9
3409513,"Sewri, Mumbai - BMC",FS,2026-05-13 00:00:00+05:30,14.0,28.9,51.7,0.687,175.0,15.6,19.9,3.28,0.221,True,9
3409513,"Sewri, Mumbai - BMC",FS,2026-05-14 00:00:00+05:30,14.7,28.7,54.5,0.894,108.0,17.0,20.3,3.65,0.279,True,9
3409513,"Sewri, Mumbai - BMC",FS,2026-05-15 00:00:00+05:30,18.4,28.7,52.2,1.1,98.4,16.5,19.0,3.12,0.178,True,9
3409513,"Sewri, Mumbai - BMC",FS,2026-05-16 00:00:00+05:30,14.3,28.5,53.6,1.38,101.0,14.7,18.4,3.53,0.151,True,9
3409513,"Sewri, Mumbai - BMC",FS,2026-05-17 00:00:00+05:30,14.2,28.6,55.9,1.15,104.0,12.5,19.5,3.13,0.19,True,9
3409513,"Sewri, Mumbai - BMC",FS,2026-05-18 00:00:00+05:30,15.7,28.6,58.5,0.897,140.0,15.5,20.3,2.96,0.229,True,9
3409513,"Sewri, Mumbai - BMC",FS,2026-05-19 00:00:00+05:30,19.1,28.4,54.3,0.7,128.0,19.1,18.7,2.91,0.182,True,9
3409513,"Sewri, Mumbai - BMC",FS,2026-05-20 00:00:00+05:30,14.4,28.6,49.8,0.589,163.0,17.7,16.8,3.04,0.193,True,9
3409513,"Sewri, Mumbai - BMC",FS,2026-05-21 00:00:00+05:30,15.5,28.9,49.9,0.891,110.0,17.3,17.0,3.13,0.25,True,9
3409513,"Sewri, Mumbai - BMC",FS,2026-05-22 00:00:00+05:30,16.7,28.9,53.4,0.532,180.0,18.6,17.3,3.0,0.185,True,9
3409513,"Sewri, Mumbai - BMC",FS,2026-05-23 00:00:00+05:30,18.7,28.9,55.3,0.625,158.0,18.3,17.5,3.09,0.235,True,9
3409513,"Sewri, Mumbai - BMC",FS,2026-05-24 00:00:00+05:30,20.1,29.1,53.3,0.693,156.0,15.3,17.8,3.28,0.207,True,9
3409513,"Sewri, Mumbai - BMC",FS,2026-05-25 00:00:00+05:30,17.5,28.9,54.8,0.923,111.0,13.1,16.9,3.49,0.248,True,9
3409513,"Sewri, Mumbai - BMC",FS,2026-05-26 00:00:00+05:30,18.9,29.0,51.5,0.638,140.0,11.8,16.1,3.04,0.203,True,9
3409513,"Sewri, Mumbai - BMC",FS,2026-05-27 00:00:00+05:30,18.4,28.8,51.7,0.778,102.0,15.3,15.7,3.51,0.311,True,9
3409513,"Sewri, Mumbai - BMC",FS,2026-05-28 00:00:00+05:30,18.6,29.1,46.4,0.657,135.0,18.9,15.7,2.87,0.232,True,9
3409513,"Sewri, Mumbai - BMC",FS,2026-05-29 00:00:00+05:30,20.0,29.1,47.2,0.549,181.99999999999997,15.5,15.9,2.71,0.204,True,9
3409513,"Sewri, Mumbai - BMC",FS,2026-05-30 00:00:00+05:30,20.3,29.2,48.9,0.605,175.0,14.4,15.9,2.66,0.239,True,9
3409513,"Sewri, Mumbai - BMC",FS,2026-05-31 00:00:00+05:30,23.7,29.1,51.3,0.709,130.0,15.6,15.9,3.29,0.198,True,9
3409513,"Sewri, Mumbai - BMC",FS,2026-06-01 00:00:00+05:30,21.3,29.2,46.1,0.625,142.0,15.7,15.7,3.18,0.177,True,9
3409513,"Sewri, Mumbai - BMC",FS,2026-06-02 00:00:00+05:30,22.2,29.1,47.1,0.739,122.0,16.8,15.9,3.16,0.178,True,9
3409513,"Sewri, Mumbai - BMC",FS,2026-06-03 00:00:00+05:30,22.6,28.5,48.8,0.653,184.99999999999997,24.7,17.9,3.56,0.203,True,9
3409513,"Sewri, Mumbai - BMC",FS,2026-06-04 00:00:00+05:30,22.9,28.5,50.1,0.526,201.99999999999997,18.7,13.1,2.76,0.3,True,9
3409513,"Sewri, Mumbai - BMC",FS,2026-06-05 00:00:00+05:30,20.3,27.3,54.7,0.507,165.0,17.6,9.75,3.38,0.431,True,9
3409513,"Sewri, Mumbai - BMC",FS,2026-06-06 00:00:00+05:30,22.9,28.2,43.7,0.702,126.0,15.5,10.1,3.03,0.401,True,9
3409513,"Sewri, Mumbai - BMC",FS,2026-06-07 00:00:00+05:30,21.8,27.8,48.8,0.606,137.0,16.3,9.78,3.23,0.412,True,9
3409513,"Sewri, Mumbai - BMC",FS,2026-06-08 00:00:00+05:30,19.0,27.6,49.9,0.635,148.0,15.9,9.9,3.02,0.413,True,9
3409513,"Sewri, Mumbai - BMC",FS,2026-06-09 00:00:00+05:30,26.9,27.6,51.9,0.604,130.0,13.0,9.07,2.73,0.424,True,9
3409513,"Sewri, Mumbai - BMC",FS,2026-06-10 00:00:00+05:30,18.1,27.5,50.1,0.513,153.0,14.8,9.05,2.79,0.395,True,9
3409513,"Sewri, Mumbai - BMC",FS,2026-06-11 00:00:00+05:30,39.6,27.6,47.5,0.593,181.0,13.5,9.41,3.13,0.397,True,9
3409513,"Sewri, Mumbai - BMC",FS,2026-06-12 00:00:00+05:30,14.5,27.5,49.6,0.661,193.99999999999997,11.4,9.41,3.42,0.372,True,9
3409513,"Sewri, Mumbai - BMC",FS,2026-06-13 00:00:00+05:30,20.0,27.5,48.8,0.576,154.0,12.4,8.44,3.19,0.402,True,9
3409513,"Sewri, Mumbai - BMC",FS,2026-06-14 00:00:00+05:30,18.1,27.5,45.5,0.669,122.0,13.7,9.07,2.74,0.479,True,9
3409513,"Sewri, Mumbai - BMC",FS,2026-06-15 00:00:00+05:30,20.5,27.5,45.2,0.67,131.0,12.1,8.66,3.39,0.355,True,9
3409513,"Sewri, Mumbai - BMC",FS,2026-06-16 00:00:00+05:30,20.0,27.4,45.5,0.557,151.0,13.1,7.46,2.46,0.356,True,9
3409513,"Sewri, Mumbai - BMC",FS,2026-06-17 00:00:00+05:30,20.4,27.3,43.2,0.624,163.0,14.3,7.74,2.87,0.4,True,9
3409513,"Sewri, Mumbai - BMC",FS,2026-06-18 00:00:00+05:30,20.1,27.2,41.9,0.633,161.0,15.1,7.78,2.55,0.415,True,9
3409513,"Sewri, Mumbai - BMC",FS,2026-06-19 00:00:00+05:30,21.4,27.1,40.4,0.629,190.99999999999997,15.5,7.44,3.06,0.356,True,9
3409513,"Sewri, Mumbai - BMC",FS,2026-06-20 00:00:00+05:30,20.5,27.0,42.6,0.616,167.0,15.0,8.2,2.53,0.379,True,9
3409513,"Sewri, Mumbai - BMC",FS,2026-06-21 00:00:00+05:30,21.9,26.7,50.6,0.732,139.0,15.2,8.06,2.85,0.424,True,9
3409513,"Sewri, Mumbai - BMC",FS,2026-06-22 00:00:00+05:30,17.3,26.1,62.1,0.567,197.0,13.7,6.24,2.34,0.313,True,9
3409513,"Sewri, Mumbai - BMC",FS,2026-06-23 00:00:00+05:30,16.5,24.8,80.5,0.573,203.99999999999997,14.6,5.9,2.96,0.357,True,9
3409513,"Sewri, Mumbai - BMC",FS,2026-06-26 00:00:00+05:30,19.8,25.6,62.9,0.596,210.99999999999997,15.9,8.4,2.97,0.42,True,9
3409513,"Sewri, Mumbai - BMC",FS,2026-06-27 00:00:00+05:30,19.9,25.4,63.7,0.542,203.99999999999997,16.0,8.5,3.07,0.408,True,9
3409513,"Sewri, Mumbai - BMC",FS,2026-06-28 00:00:00+05:30,20.3,24.5,70.0,0.593,164.0,14.7,7.81,2.82,0.427,True,9
3409513,"Sewri, Mumbai - BMC",FS,2026-06-29 00:00:00+05:30,19.8,21.3,80.9,0.839,145.0,16.1,8.46,2.87,0.431,True,9
3409513,"Sewri, Mumbai - BMC",FS,2026-06-30 00:00:00+05:30,18.8,21.3,85.6,0.61,199.99999999999997,18.1,5.91,2.73,0.454,True,9
3409513,"Sewri, Mumbai - BMC",FS,2026-07-01 00:00:00+05:30,17.0,22.1,86.1,0.604,188.99999999999997,17.4,6.56,3.39,0.417,True,9
3409513,"Sewri, Mumbai - BMC",FS,2026-07-02 00:00:00+05:30,18.1,21.1,86.1,0.558,144.0,22.2,6.25,3.08,0.474,True,9
3409513,"Sewri, Mumbai - BMC",FS,2026-07-03 00:00:00+05:30,19.6,19.0,86.8,0.722,126.0,16.8,6.45,2.96,0.486,True,9
3409513,"Sewri, Mumbai - BMC",FS,2026-07-04 00:00:00+05:30,18.6,17.8,86.8,0.565,126.0,16.2,7.69,3.34,0.455,True,9
3409513,"Sewri, Mumbai - BMC",FS,2026-07-05 00:00:00+05:30,17.0,17.9,86.8,0.599,130.0,10.5,10.6,2.95,0.371,True,9
3409513,"Sewri, Mumbai - BMC",FS,2026-07-06 00:00:00+05:30,18.3,20.7,86.8,0.564,130.0,9.52,10.6,3.32,0.431,True,9
3409513,"Sewri, Mumbai - BMC",FS,2026-07-07 00:00:00+05:30,19.0,20.1,85.0,0.729,133.0,11.9,9.98,3.08,0.46,True,9
3409513,"Sewri, Mumbai - BMC",FS,2026-07-08 00:00:00+05:30,18.3,19.7,85.5,0.614,126.0,8.86,8.53,3.37,0.485,True,9
3409513,"Sewri, Mumbai - BMC",FS,2026-07-09 00:00:00+05:30,18.7,23.0,75.8,0.69,203.99999999999997,10.7,12.9,2.85,0.418,True,9
3409513,"Sewri, Mumbai - BMC",FS,2026-07-10 00:00:00+05:30,17.3,22.9,73.2,0.715,197.0,10.2,13.8,2.83,0.324,True,9
3409513,"Sewri, Mumbai - BMC",FS,2026-07-11 00:00:00+05:30,17.6,23.2,71.6,0.657,199.99999999999997,11.0,14.2,3.2,0.395,True,9
3409513,"Sewri, Mumbai - BMC",FS,2026-07-12 00:00:00+05:30,16.1,23.3,69.3,0.751,208.0,11.4,14.0,2.74,0.327,True,9
3409513,"Sewri, Mumbai - BMC",FS,2026-07-13 00:00:00+05:30,19.1,24.3,62.2,0.75,210.0,16.6,13.5,3.76,0.393,True,9
3409513,"Sewri, Mumbai - BMC",FS,2026-07-14 00:00:00+05:30,20.5,24.0,64.2,0.59,203.99999999999997,12.7,11.9,2.41,0.395,True,9
3409513,"Sewri, Mumbai - BMC",FS,2026-07-15 00:00:00+05:30,17.4,23.2,69.3,0.688,204.99999999999997,11.0,13.2,2.72,0.343,True,9
3409513,"Sewri, Mumbai - BMC",FS,2026-07-16 00:00:00+05:30,17.3,23.0,73.4,0.618,201.0,11.4,12.9,3.47,0.388,True,9
3409513,"Sewri, Mumbai - BMC",FS,2026-07-17 00:00:00+05:30,17.6,23.4,68.6,0.59,180.0,10.6,14.1,3.16,0.397,True,9
3409513,"Sewri, Mumbai - BMC",FS,2026-07-18 00:00:00+05:30,19.9,22.7,76.3,0.608,158.0,12.8,13.0,3.6,0.442,True,9
3409513,"Sewri, Mumbai - BMC",FS,2026-07-19 00:00:00+05:30,19.2,22.2,78.4,0.628,186.99999999999997,11.6,14.5,2.63,0.438,True,9
3409513,"Sewri, Mumbai - BMC",FS,2026-07-20 00:00:00+05:30,18.7,22.3,82.3,0.631,164.0,11.1,14.2,2.86,0.381,True,9
3409513,"Sewri, Mumbai - BMC",FS,2026-07-21 00:00:00+05:30,16.6,22.1,79.6,0.632,195.99999999999997,10.1,14.5,2.53,0.522,True,9
3409513,"Sewri, Mumbai - BMC",FS,2026-07-22 00:00:00+05:30,16.6,22.2,86.4,0.634,199.0,8.92,13.9,2.9,0.382,True,9
3409513,"Sewri, Mumbai - BMC",FS,2026-07-23 00:00:00+05:30,15.0,22.5,83.9,0.668,203.99999999999997,8.22,12.6,3.46,0.419,True,9
3409513,"Sewri, Mumbai - BMC",FS,2026-07-24 00:00:00+05:30,16.1,22.9,77.1,0.689,199.0,8.39,14.1,3.03,0.345,True,9
3409513,"Sewri, Mumbai - BMC",FS,2026-07-25 00:00:00+05:30,16.1,22.7,76.7,0.626,190.99999999999997,7.63,13.1,2.68,0.379,True,9
3409513,"Sewri, Mumbai - BMC",FS,2026-07-26 00:00:00+05:30,18.5,22.1,81.1,0.506,174.0,12.0,10.1,4.53,0.468,True,9
3409513,"Sewri, Mumbai - BMC",FS,2026-07-27 00:00:00+05:30,20.3,21.7,79.2,0.515,103.0,12.7,10.7,3.77,0.498,True,9
3409513,"Sewri, Mumbai - BMC",FS,2026-07-28 00:00:00+05:30,20.3,21.6,78.3,0.513,131.0,10.3,11.7,2.97,0.422,True,9
3409513,"Sewri, Mumbai - BMC",FS,2026-07-29 00:00:00+05:30,20.4,23.9,72.5,0.505,175.0,9.46,15.8,2.57,0.424,True,9
3409513,"Sewri, Mumbai - BMC",FS,2026-07-30 00:00:00+05:30,19.1,23.7,78.7,0.491,142.0,,,2.17,0.48,False,7
3409513,"Sewri, Mumbai - BMC",FS,2026-07-31 00:00:00+05:30,31.1,23.6,79.1,0.571,119.0,10.7,8.35,3.14,0.508,True,9
3409513,"Sewri, Mumbai - BMC",FS,2026-08-01 00:00:00+05:30,6.03,23.6,78.9,0.544,171.0,6.85,15.9,3.11,0.368,True,9
3409513,"Sewri, Mumbai - BMC",FS,2026-08-02 00:00:00+05:30,5.95,23.4,78.6,0.563,173.0,7.52,13.4,3.24,0.34,True,9
3409513,"Sewri, Mumbai - BMC",FS,2026-08-03 00:00:00+05:30,3.09,23.4,75.8,0.503,126.0,,,,,False,5
3409513,"Sewri, Mumbai - BMC",FS,2026-08-04 00:00:00+05:30,6.34,22.8,84.6,0.581,90.40000000000002,14.2,7.97,2.76,0.555,True,9
3409513,"Sewri, Mumbai - BMC",FS,2026-08-05 00:00:00+05:30,7.03,22.9,82.5,0.555,164.0,17.2,9.61,1.92,0.408,True,9
3409513,"Sewri, Mumbai - BMC",FS,2026-08-06 00:00:00+05:30,6.24,22.9,76.3,0.516,146.0,15.4,7.62,3.17,0.445,True,9
3409513,"Sewri, Mumbai - BMC",FS,2026-08-07 00:00:00+05:30,9.13,20.6,68.8,0.589,101.0,15.5,7.57,3.19,0.456,True,9
3409513,"Sewri, Mumbai - BMC",FS,2026-08-08 00:00:00+05:30,6.87,21.4,68.0,0.582,119.99999999999999,11.7,8.55,3.08,0.384,True,9
3409513,"Sewri, Mumbai - BMC",FS,2026-08-09 00:00:00+05:30,6.82,22.3,66.9,0.598,150.0,9.93,9.75,3.01,0.384,True,9
3409513,"Sewri, Mumbai - BMC",FS,2026-08-10 00:00:00+05:30,8.06,22.1,70.0,0.624,128.0,13.9,8.22,3.01,0.408,True,9
3409513,"Sewri, Mumbai - BMC",FS,2026-08-11 00:00:00+05:30,5.82,21.1,85.4,0.697,127.00000000000001,15.8,7.44,2.54,0.433,True,9
3409513,"Sewri, Mumbai - BMC",FS,2026-08-12 00:00:00+05:30,8.7,22.1,74.3,0.546,104.0,13.5,6.43,3.13,0.484,True,9
3409513,"Sewri, Mumbai - BMC",FS,2026-08-13 00:00:00+05:30,6.73,22.0,80.3,0.55,156.0,15.1,6.46,2.85,0.412,True,9
3409513,"Sewri, Mumbai - BMC",FS,2026-08-14 00:00:00+05:30,7.17,22.6,75.8,0.498,143.0,13.3,6.7,2.78,0.429,True,9
3409513,"Sewri, Mumbai - BMC",FS,2026-08-15 00:00:00+05:30,7.62,22.3,80.9,0.426,185.99999999999997,14.3,8.24,3.67,0.405,True,9
3409513,"Sewri, Mumbai - BMC",FS,2026-08-16 00:00:00+05:30,3.11,23.0,68.5,0.546,175.0,9.07,12.0,2.2,0.321,True,9
3409513,"Sewri, Mumbai - BMC",FS,2026-08-17 00:00:00+05:30,8.15,23.1,71.7,0.612,188.0,13.2,8.86,2.01,0.396,True,9
3409513,"Sewri, Mumbai - BMC",FS,2026-08-18 00:00:00+05:30,12.2,23.6,73.0,0.569,139.0,7.89,8.8,2.01,0.355,True,9
3409513,"Sewri, Mumbai - BMC",FS,2026-08-19 00:00:00+05:30,10.5,23.8,67.3,0.634,115.0,9.83,8.36,3.97,0.405,True,9
3409513,"Sewri, Mumbai - BMC",FS,2026-08-20 00:00:00+05:30,11.5,23.9,62.1,0.604,112.0,10.6,8.53,3.35,0.399,True,9
3409513,"Sewri, Mumbai - BMC",FS,2026-08-21 00:00:00+05:30,14.5,24.2,59.5,0.596,140.0,11.1,9.45,3.1,0.434,True,9
3409513,"Sewri, Mumbai - BMC",FS,2026-08-22 00:00:00+05:30,14.0,23.8,66.1,0.606,142.0,8.96,9.97,1.85,0.338,True,9
3409513,"Sewri, Mumbai - BMC",FS,2026-08-23 00:00:00+05:30,14.1,24.0,74.6,0.564,166.0,8.47,9.51,2.57,0.369,True,9
3409513,"Sewri, Mumbai - BMC",FS,2026-08-24 00:00:00+05:30,16.5,24.0,65.6,0.632,115.0,13.1,7.67,2.85,0.45,True,9
3409513,"Sewri, Mumbai - BMC",FS,2026-08-25 00:00:00+05:30,16.8,24.4,60.9,0.601,119.99999999999999,11.6,10.1,3.09,0.449,True,9
3409513,"Sewri, Mumbai - BMC",FS,2026-08-26 00:00:00+05:30,18.0,24.1,66.0,0.614,93.2,9.36,9.7,2.95,0.406,True,9
3409513,"Sewri, Mumbai - BMC",FS,2026-08-27 00:00:00+05:30,14.3,24.0,72.2,0.518,138.0,10.0,10.9,2.81,0.374,True,9
3409513,"Sewri, Mumbai - BMC",FS,2026-08-28 00:00:00+05:30,13.0,23.4,73.0,0.49,174.0,9.39,7.07,2.95,0.34,True,9
3409513,"Sewri, Mumbai - BMC",FS,2026-08-29 00:00:00+05:30,10.9,23.3,70.7,0.572,159.0,7.65,8.48,2.09,0.323,True,9
3409513,"Sewri, Mumbai - BMC",FS,2026-08-30 00:00:00+05:30,9.93,23.6,66.2,0.563,132.0,11.5,8.31,2.58,0.444,True,9
3409513,"Sewri, Mumbai - BMC",FS,2026-08-31 00:00:00+05:30,11.9,23.1,63.3,0.579,132.0,12.6,7.99,2.82,0.435,True,9
3409513,"Sewri, Mumbai - BMC",FS,2026-09-01 00:00:00+05:30,10.9,22.4,65.0,0.593,157.0,11.8,7.26,2.88,0.417,True,9
3409513,"Sewri, Mumbai - BMC",FS,2026-09-02 00:00:00+05:30,13.5,22.5,70.2,0.652,146.0,15.1,4.47,2.63,0.435,True,9
3409513,"Sewri, Mumbai - BMC",FS,2026-09-03 00:00:00+05:30,14.3,23.7,76.7,0.626,108.0,21.0,14.3,2.39,0.449,True,9
3409513,"Sewri, Mumbai - BMC",FS,2026-09-04 00:00:00+05:30,14.8,23.3,66.5,0.651,123.00000000000001,20.2,10.9,3.18,0.504,True,9
3409513,"Sewri, Mumbai - BMC",FS,2026-09-05 00:00:00+05:30,14.6,23.7,73.4,0.641,115.0,20.0,8.33,2.71,0.492,True,9
3409513,"Sewri, Mumbai - BMC",FS,2026-09-06 00:00:00+05:30,12.2,23.8,77.2,0.616,110.0,21.2,6.65,3.05,0.442,True,9
3409513,"Sewri, Mumbai - BMC",FS,2026-09-07 00:00:00+05:30,15.0,24.0,65.0,0.757,94.7,22.1,10.0,2.96,0.442,True,9
3409513,"Sewri, Mumbai - BMC",FS,2026-09-08 00:00:00+05:30,14.4,23.2,61.9,0.773,94.5,18.7,9.91,2.71,0.439,True,9
3409513,"Sewri, Mumbai - BMC",FS,2026-09-09 00:00:00+05:30,14.2,23.3,64.2,0.794,92.6,19.7,9.42,2.81,0.446,True,9
3409513,"Sewri, Mumbai - BMC",FS,2026-09-10 00:00:00+05:30,15.6,23.6,64.6,0.831,94.1,18.5,7.66,2.53,0.411,True,9
3409513,"Sewri, Mumbai - BMC",FS,2026-09-11 00:00:00+05:30,20.4,22.6,65.7,0.744,100.0,24.4,8.35,2.94,0.602,True,9
3409513,"Sewri, Mumbai - BMC",FS,2026-09-12 00:00:00+05:30,19.3,22.7,68.3,0.793,96.2,24.2,8.97,3.09,0.506,True,9
3409513,"Sewri, Mumbai - BMC",FS,2026-09-13 00:00:00+05:30,17.9,21.3,86.2,0.579,173.0,27.5,8.94,3.45,0.424,True,9
3409513,"Sewri, Mumbai - BMC",FS,2026-09-14 00:00:00+05:30,20.8,22.1,78.3,0.507,161.0,28.4,11.0,2.92,0.466,True,9
3409513,"Sewri, Mumbai - BMC",FS,2026-09-15 00:00:00+05:30,14.1,22.4,79.0,0.444,217.0,21.3,10.6,2.35,0.381,True,9
3409513,"Sewri, Mumbai - BMC",FS,2026-09-16 00:00:00+05:30,17.3,22.5,73.5,0.469,186.99999999999997,26.8,10.3,3.87,0.535,True,9
3409513,"Sewri, Mumbai - BMC",FS,2026-09-17 00:00:00+05:30,17.6,22.6,70.7,0.443,203.0,24.5,13.0,2.64,0.371,True,9
3409514,"Ghatkopar, Mumbai - BMC",N,2025-10-11 00:00:00+05:30,63.9,33.4,79.1,1.28,232.00000000000003,34.3,2.96,5.19,0.287,True,9
3409514,"Ghatkopar, Mumbai - BMC",N,2025-10-12 00:00:00+05:30,61.6,33.3,78.4,1.36,219.00000000000003,29.5,3.01,5.5,0.243,True,9
3409514,"Ghatkopar, Mumbai - BMC",N,2025-10-13 00:00:00+05:30,58.4,33.5,77.0,1.29,223.0,30.5,3.0,5.6,,False,8
3409514,"Ghatkopar, Mumbai - BMC",N,2025-10-14 00:00:00+05:30,56.2,33.6,76.4,1.47,232.00000000000003,36.1,3.04,5.37,0.239,True,9
3409514,"Ghatkopar, Mumbai - BMC",N,2025-10-15 00:00:00+05:30,56.5,33.5,82.6,1.36,234.99999999999994,40.8,2.95,6.3,,False,8
3409514,"Ghatkopar, Mumbai - BMC",N,2025-10-16 00:00:00+05:30,37.4,34.7,83.9,1.35,234.99999999999994,31.0,3.08,4.52,,False,8
3409514,"Ghatkopar, Mumbai - BMC",N,2025-10-17 00:00:00+05:30,28.7,35.6,82.0,1.43,241.0,30.2,2.93,3.98,,False,8
3409514,"Ghatkopar, Mumbai - BMC",N,2025-10-18 00:00:00+05:30,50.7,35.0,80.4,1.31,232.00000000000003,35.1,3.1,5.74,0.254,True,9
3409514,"Ghatkopar, Mumbai - BMC",N,2025-10-19 00:00:00+05:30,69.0,35.1,79.4,1.33,233.0,32.0,3.06,9.78,0.364,True,9
3409514,"Ghatkopar, Mumbai - BMC",N,2025-10-20 00:00:00+05:30,84.2,34.0,84.9,1.39,248.99999999999997,29.1,12.6,7.97,0.342,True,9
3409514,"Ghatkopar, Mumbai - BMC",N,2025-10-21 00:00:00+05:30,76.8,34.0,81.4,1.56,228.0,18.1,,6.77,,False,7
3409514,"Ghatkopar, Mumbai - BMC",N,2025-10-22 00:00:00+05:30,37.1,34.6,84.1,1.3,216.0,19.4,42.2,4.11,0.408,True,9
3409514,"Ghatkopar, Mumbai - BMC",N,2025-10-23 00:00:00+05:30,32.7,36.1,82.1,1.37,217.99999999999997,19.6,29.4,4.33,0.341,True,9
3409514,"Ghatkopar, Mumbai - BMC",N,2025-10-24 00:00:00+05:30,13.1,35.3,87.0,1.38,237.0,18.6,22.6,4.14,0.292,True,9
3409514,"Ghatkopar, Mumbai - BMC",N,2025-10-25 00:00:00+05:30,8.27,34.2,90.4,1.34,184.99999999999997,21.9,15.3,5.29,0.348,True,9
3409514,"Ghatkopar, Mumbai - BMC",N,2025-10-26 00:00:00+05:30,8.47,32.3,95.9,1.52,254.0,23.3,9.58,4.26,0.344,True,9
3409514,"Ghatkopar, Mumbai - BMC",N,2025-10-27 00:00:00+05:30,5.6,33.3,92.8,1.36,140.0,17.8,22.2,3.22,0.368,True,9
3409514,"Ghatkopar, Mumbai - BMC",N,2025-10-28 00:00:00+05:30,13.5,33.1,91.4,1.29,175.0,16.4,23.1,4.31,0.304,True,9
3409514,"Ghatkopar, Mumbai - BMC",N,2025-10-29 00:00:00+05:30,20.9,34.4,87.3,1.27,151.0,17.4,29.3,5.0,0.351,True,9
3409514,"Ghatkopar, Mumbai - BMC",N,2025-10-30 00:00:00+05:30,14.2,32.0,94.8,1.35,114.00000000000001,16.9,32.5,2.98,0.244,True,9
3409514,"Ghatkopar, Mumbai - BMC",N,2025-10-31 00:00:00+05:30,12.4,31.9,97.6,1.51,136.0,13.3,24.0,2.62,0.259,True,9
3409514,"Ghatkopar, Mumbai - BMC",N,2025-11-01 00:00:00+05:30,10.7,33.6,96.9,1.25,90.1,13.9,24.2,2.34,0.312,True,9
3409514,"Ghatkopar, Mumbai - BMC",N,2025-11-02 00:00:00+05:30,9.72,32.4,98.0,1.33,104.0,18.8,17.8,2.69,0.397,True,9
3409514,"Ghatkopar, Mumbai - BMC",N,2025-11-03 00:00:00+05:30,10.2,33.7,92.3,1.13,181.0,21.4,19.1,2.8,0.386,True,9
3409514,"Ghatkopar, Mumbai - BMC",N,2025-11-04 00:00:00+05:30,14.9,33.7,94.6,1.28,195.99999999999997,25.5,27.2,2.24,0.349,True,9
3409514,"Ghatkopar, Mumbai - BMC",N,2025-11-05 00:00:00+05:30,25.1,32.3,86.2,1.25,241.0,26.2,26.7,4.04,0.355,True,9
3409514,"Ghatkopar, Mumbai - BMC",N,2025-11-06 00:00:00+05:30,38.2,32.1,88.9,1.32,230.99999999999997,29.9,39.5,4.38,0.387,True,9
3409514,"Ghatkopar, Mumbai - BMC",N,2025-11-07 00:00:00+05:30,55.5,33.0,80.8,1.37,238.0,40.0,47.1,7.71,0.553,True,9
3409514,"Ghatkopar, Mumbai - BMC",N,2025-11-08 00:00:00+05:30,36.8,32.4,72.0,,,25.2,43.1,6.46,0.379,False,7
3409514,"Ghatkopar, Mumbai - BMC",N,2025-11-09 00:00:00+05:30,35.3,30.8,71.1,1.18,230.99999999999997,34.0,34.0,6.13,0.492,True,9
3409514,"Ghatkopar, Mumbai - BMC",N,2025-11-10 00:00:00+05:30,47.6,27.8,88.8,1.14,226.0,41.1,17.0,6.09,0.632,True,9
3409514,"Ghatkopar, Mumbai - BMC",N,2025-11-11 00:00:00+05:30,50.0,30.3,78.2,1.3,234.99999999999994,40.7,53.5,5.89,0.474,True,9
3409514,"Ghatkopar, Mumbai - BMC",N,2025-11-12 00:00:00+05:30,62.2,29.8,75.0,1.36,248.0,37.6,49.3,5.58,0.457,True,9
3409514,"Ghatkopar, Mumbai - BMC",N,2025-11-13 00:00:00+05:30,66.0,30.0,71.9,1.29,215.0,44.2,47.7,5.54,0.606,True,9
3409514,"Ghatkopar, Mumbai - BMC",N,2025-11-14 00:00:00+05:30,62.9,29.9,72.6,1.3,233.99999999999997,32.7,37.0,11.0,0.785,True,9
3409514,"Ghatkopar, Mumbai - BMC",N,2025-11-15 00:00:00+05:30,65.2,29.2,69.0,1.24,230.0,35.6,,5.63,0.518,False,8
3409514,"Ghatkopar, Mumbai - BMC",N,2025-11-16 00:00:00+05:30,66.9,29.0,68.9,1.24,224.99999999999997,34.6,43.7,6.35,0.648,True,9
3409514,"Ghatkopar, Mumbai - BMC",N,2025-11-17 00:00:00+05:30,64.8,28.9,67.4,1.11,215.0,36.6,51.5,5.79,0.629,True,9
3409514,"Ghatkopar, Mumbai - BMC",N,2025-11-18 00:00:00+05:30,75.8,25.6,80.5,1.18,210.99999999999997,45.8,21.6,7.01,0.897,True,9
3409514,"Ghatkopar, Mumbai - BMC",N,2025-11-19 00:00:00+05:30,75.6,28.2,70.5,1.29,214.0,44.3,46.5,6.31,0.748,True,9
3409514,"Ghatkopar, Mumbai - BMC",N,2025-11-20 00:00:00+05:30,75.4,28.8,71.3,1.51,230.99999999999997,44.9,46.7,7.6,0.698,True,9
3409514,"Ghatkopar, Mumbai - BMC",N,2025-11-21 00:00:00+05:30,63.6,29.6,74.2,1.32,201.99999999999997,52.9,44.4,6.82,0.827,True,9
3409514,"Ghatkopar, Mumbai - BMC",N,2025-11-22 00:00:00+05:30,56.6,31.2,74.9,1.16,197.99999999999997,55.9,41.3,5.54,0.707,True,9
3409514,"Ghatkopar, Mumbai - BMC",N,2025-11-23 00:00:00+05:30,56.8,31.3,81.0,1.14,215.0,46.1,47.5,4.91,0.892,True,9
3409514,"Ghatkopar, Mumbai - BMC",N,2025-11-24 00:00:00+05:30,57.2,32.4,79.1,1.18,220.99999999999997,45.8,44.1,3.13,0.931,True,9
3409514,"Ghatkopar, Mumbai - BMC",N,2025-11-25 00:00:00+05:30,60.4,32.5,81.0,1.16,208.99999999999997,45.0,55.3,4.67,0.781,True,9
3409514,"Ghatkopar, Mumbai - BMC",N,2025-11-26 00:00:00+05:30,60.7,32.3,80.5,1.18,195.99999999999997,40.8,51.7,3.74,0.745,True,9
3409514,"Ghatkopar, Mumbai - BMC",N,2025-11-27 00:00:00+05:30,59.7,32.0,74.4,1.39,219.00000000000003,48.9,56.4,3.09,0.762,True,9
3409514,"Ghatkopar, Mumbai - BMC",N,2025-11-28 00:00:00+05:30,61.2,31.2,76.4,1.33,223.0,43.0,42.2,4.46,0.71,True,9
3409514,"Ghatkopar, Mumbai - BMC",N,2025-11-29 00:00:00+05:30,47.2,29.8,71.4,1.28,242.99999999999997,34.7,34.7,2.35,0.554,True,9
3409514,"Ghatkopar, Mumbai - BMC",N,2025-11-30 00:00:00+05:30,47.4,28.2,68.3,1.2,226.0,40.8,45.0,5.05,0.61,True,9
3409514,"Ghatkopar, Mumbai - BMC",N,2025-12-01 00:00:00+05:30,60.1,28.3,70.7,1.34,241.0,46.3,43.9,4.67,0.735,True,9
3409514,"Ghatkopar, Mumbai - BMC",N,2025-12-02 00:00:00+05:30,55.9,28.8,71.6,1.31,221.99999999999997,43.6,46.7,4.57,0.613,True,9
3409514,"Ghatkopar, Mumbai - BMC",N,2025-12-03 00:00:00+05:30,61.1,29.0,72.8,1.21,212.99999999999997,39.7,45.8,3.86,0.701,True,9
3409514,"Ghatkopar, Mumbai - BMC",N,2025-12-04 00:00:00+05:30,64.6,29.2,74.7,1.42,219.00000000000003,49.1,35.4,3.3,0.709,True,9
3409514,"Ghatkopar, Mumbai - BMC",N,2025-12-05 00:00:00+05:30,55.9,30.9,72.2,1.4,230.99999999999997,40.5,48.1,1.38,0.425,True,9
3409514,"Ghatkopar, Mumbai - BMC",N,2025-12-06 00:00:00+05:30,46.0,30.9,67.9,1.51,252.0,38.5,58.6,1.99,0.576,True,9
3409514,"Ghatkopar, Mumbai - BMC",N,2025-12-07 00:00:00+05:30,52.0,30.8,67.4,1.27,226.0,46.6,68.3,2.38,0.603,True,9
3409514,"Ghatkopar, Mumbai - BMC",N,2025-12-08 00:00:00+05:30,50.3,29.7,70.2,1.24,233.0,51.4,46.4,2.71,0.598,True,9
3409514,"Ghatkopar, Mumbai - BMC",N,2025-12-09 00:00:00+05:30,35.4,28.5,64.6,1.05,208.99999999999997,47.2,36.4,3.27,0.569,True,9
3409514,"Ghatkopar, Mumbai - BMC",N,2025-12-10 00:00:00+05:30,40.7,28.5,59.2,1.26,179.0,44.1,35.9,2.81,0.417,True,9
3409514,"Ghatkopar, Mumbai - BMC",N,2025-12-11 00:00:00+05:30,35.1,20.4,96.4,0.965,215.0,36.2,3.93,2.28,0.332,True,9
3409514,"Ghatkopar, Mumbai - BMC",N,2025-12-12 00:00:00+05:30,49.5,20.9,97.9,1.11,188.99999999999997,35.6,7.9,0.506,0.29,True,9
3409514,"Ghatkopar, Mumbai - BMC",N,2025-12-13 00:00:00+05:30,35.5,31.7,49.4,1.2,219.99999999999997,51.5,60.8,5.8,0.591,True,9
3409514,"Ghatkopar, Mumbai - BMC",N,2025-12-14 00:00:00+05:30,49.7,28.1,66.9,1.16,195.99999999999997,52.8,58.8,3.56,0.481,True,9
3409514,"Ghatkopar, Mumbai - BMC",N,2025-12-15 00:00:00+05:30,35.8,27.9,66.3,1.01,217.99999999999997,42.8,41.3,2.46,0.538,True,9
3409514,"Ghatkopar, Mumbai - BMC",N,2025-12-16 00:00:00+05:30,37.7,28.1,65.9,1.18,183.99999999999997,48.9,48.9,4.68,0.412,True,9
3409514,"Ghatkopar, Mumbai - BMC",N,2025-12-17 00:00:00+05:30,43.7,29.0,67.6,1.09,192.0,58.4,54.7,5.06,0.665,True,9
3409514,"Ghatkopar, Mumbai - BMC",N,2025-12-18 00:00:00+05:30,45.0,29.2,67.2,1.1,217.0,56.6,34.2,3.84,0.569,True,9
3409514,"Ghatkopar, Mumbai - BMC",N,2025-12-19 00:00:00+05:30,42.3,28.0,65.1,1.18,203.99999999999997,53.8,37.1,4.26,0.519,True,9
3409514,"Ghatkopar, Mumbai - BMC",N,2025-12-20 00:00:00+05:30,30.8,27.5,62.0,1.24,216.0,43.7,22.4,4.37,0.373,True,9
3409514,"Ghatkopar, Mumbai - BMC",N,2025-12-21 00:00:00+05:30,28.8,27.4,60.4,0.948,192.0,49.1,22.4,6.38,0.664,True,9
3409514,"Ghatkopar, Mumbai - BMC",N,2025-12-22 00:00:00+05:30,41.5,27.4,63.8,1.08,199.99999999999997,49.4,27.6,8.47,0.691,True,9
3409514,"Ghatkopar, Mumbai - BMC",N,2025-12-23 00:00:00+05:30,36.0,28.5,61.6,1.2,199.0,46.2,29.3,4.84,0.568,True,9
3409514,"Ghatkopar, Mumbai - BMC",N,2025-12-24 00:00:00+05:30,26.0,28.0,63.1,1.06,193.99999999999997,44.4,26.0,4.21,0.616,True,9
3409514,"Ghatkopar, Mumbai - BMC",N,2025-12-25 00:00:00+05:30,34.0,,87.2,0.566,100.0,50.2,29.2,4.89,0.532,False,8
3409514,"Ghatkopar, Mumbai - BMC",N,2025-12-26 00:00:00+05:30,45.1,,,0.0,0.0,51.5,42.1,5.91,0.684,False,7
3409514,"Ghatkopar, Mumbai - BMC",N,2025-12-27 00:00:00+05:30,45.8,,,0.553,98.9,54.6,30.1,4.12,0.727,False,7
3409514,"Ghatkopar, Mumbai - BMC",N,2025-12-28 00:00:00+05:30,48.5,27.5,,1.0,219.99999999999997,48.8,40.6,3.62,0.657,False,8
3409514,"Ghatkopar, Mumbai - BMC",N,2025-12-29 00:00:00+05:30,50.4,27.9,66.6,1.08,215.0,59.4,34.9,4.88,0.678,True,9
3409514,"Ghatkopar, Mumbai - BMC",N,2025-12-30 00:00:00+05:30,50.7,27.4,72.0,1.07,199.0,54.7,20.0,4.37,0.681,True,9
3409514,"Ghatkopar, Mumbai - BMC",N,2025-12-31 00:00:00+05:30,48.2,27.8,76.0,1.27,217.0,47.9,8.4,3.58,0.669,True,9
3409514,"Ghatkopar, Mumbai - BMC",N,2026-01-01 00:00:00+05:30,26.1,28.6,82.9,1.23,216.0,33.9,3.61,1.46,0.492,True,9
3409514,"Ghatkopar, Mumbai - BMC",N,2026-01-02 00:00:00+05:30,36.9,28.5,84.9,1.21,223.0,39.4,11.9,5.82,0.712,True,9
3409514,"Ghatkopar, Mumbai - BMC",N,2026-01-03 00:00:00+05:30,46.1,29.0,80.0,1.1,237.0,44.7,13.8,2.52,0.476,True,9
3409514,"Ghatkopar, Mumbai - BMC",N,2026-01-04 00:00:00+05:30,57.4,29.7,81.3,1.14,216.0,41.9,14.2,4.53,0.657,True,9
3409514,"Ghatkopar, Mumbai - BMC",N,2026-01-05 00:00:00+05:30,50.7,29.9,76.5,1.11,199.99999999999997,43.3,17.9,4.07,0.672,True,9
3409514,"Ghatkopar, Mumbai - BMC",N,2026-01-06 00:00:00+05:30,51.3,29.9,73.4,1.19,197.99999999999997,43.8,17.9,6.58,0.76,True,9
3409514,"Ghatkopar, Mumbai - BMC",N,2026-01-07 00:00:00+05:30,51.0,29.1,71.3,1.13,226.0,48.1,23.2,4.06,0.665,True,9
3409514,"Ghatkopar, Mumbai - BMC",N,2026-01-08 00:00:00+05:30,44.0,28.0,66.3,1.07,208.0,47.0,16.6,2.04,0.564,True,9
3409514,"Ghatkopar, Mumbai - BMC",N,2026-01-09 00:00:00+05:30,46.7,27.4,68.6,1.1,194.99999999999997,50.6,20.5,3.8,0.62,True,9
3409514,"Ghatkopar, Mumbai - BMC",N,2026-01-10 00:00:00+05:30,46.7,27.7,67.7,1.26,201.0,32.0,27.0,3.17,0.716,True,9
3409514,"Ghatkopar, Mumbai - BMC",N,2026-01-20 00:00:00+05:30,55.6,26.5,79.3,1.02,248.99999999999997,72.7,7.67,2.59,0.831,True,9
3409514,"Ghatkopar, Mumbai - BMC",N,2026-01-21 00:00:00+05:30,62.8,29.0,71.3,1.06,210.99999999999997,56.1,19.8,2.25,0.502,True,9
3409514,"Ghatkopar, Mumbai - BMC",N,2026-01-22 00:00:00+05:30,67.4,29.1,73.3,1.09,212.0,52.3,20.3,1.91,0.495,True,9
3409514,"Ghatkopar, Mumbai - BMC",N,2026-01-23 00:00:00+05:30,58.2,28.7,81.9,1.18,219.00000000000003,48.9,14.0,1.77,0.414,True,9
3409514,"Ghatkopar, Mumbai - BMC",N,2026-01-24 00:00:00+05:30,42.8,28.0,73.7,1.13,230.0,43.0,19.3,2.58,0.262,True,9
3409514,"Ghatkopar, Mumbai - BMC",N,2026-01-25 00:00:00+05:30,59.5,28.7,74.9,1.17,230.99999999999997,54.0,20.9,3.68,0.554,True,9
3409514,"Ghatkopar, Mumbai - BMC",N,2026-01-26 00:00:00+05:30,72.5,29.9,75.2,,,48.1,26.0,2.46,0.441,False,7
3409514,"Ghatkopar, Mumbai - BMC",N,2026-01-27 00:00:00+05:30,42.6,29.4,79.2,1.31,229.0,39.6,24.3,1.64,0.124,True,9
3409514,"Ghatkopar, Mumbai - BMC",N,2026-01-28 00:00:00+05:30,37.2,28.4,69.3,1.16,239.0,48.7,22.3,0.286,0.332,True,9
3409514,"Ghatkopar, Mumbai - BMC",N,2026-01-29 00:00:00+05:30,55.7,29.4,67.4,1.0,210.0,65.5,22.3,2.63,0.479,True,9
3409514,"Ghatkopar, Mumbai - BMC",N,2026-01-30 00:00:00+05:30,63.8,30.6,80.9,1.33,212.99999999999997,54.7,21.8,1.7,0.38,True,9
3409514,"Ghatkopar, Mumbai - BMC",N,2026-01-31 00:00:00+05:30,58.0,30.4,85.0,1.16,228.0,43.6,17.3,1.61,0.477,True,9
3409514,"Ghatkopar, Mumbai - BMC",N,2026-02-01 00:00:00+05:30,70.2,31.0,75.1,1.09,226.0,48.6,25.6,1.95,0.516,True,9
3409514,"Ghatkopar, Mumbai - BMC",N,2026-02-02 00:00:00+05:30,78.7,31.0,69.4,1.29,232.00000000000003,48.0,21.8,2.49,0.499,True,9
3409514,"Ghatkopar, Mumbai - BMC",N,2026-02-03 00:00:00+05:30,83.7,30.1,74.8,1.19,248.99999999999997,49.0,15.1,1.98,0.574,True,9
3409514,"Ghatkopar, Mumbai - BMC",N,2026-02-04 00:00:00+05:30,66.5,33.9,51.1,1.28,193.99999999999997,49.9,36.9,0.432,0.237,True,9
3409514,"Ghatkopar, Mumbai - BMC",N,2026-02-05 00:00:00+05:30,56.2,32.3,57.2,1.25,215.0,50.2,20.2,1.73,0.38,True,9
3409514,"Ghatkopar, Mumbai - BMC",N,2026-02-06 00:00:00+05:30,63.2,31.4,57.3,1.14,236.0,44.2,20.0,1.06,0.409,True,9
3409514,"Ghatkopar, Mumbai - BMC",N,2026-02-07 00:00:00+05:30,58.8,30.8,56.5,1.15,212.99999999999997,47.8,24.1,1.07,0.427,True,9
3409514,"Ghatkopar, Mumbai - BMC",N,2026-02-08 00:00:00+05:30,49.9,27.0,67.8,1.13,237.0,14.0,5.77,0.833,0.463,True,9
3409514,"Ghatkopar, Mumbai - BMC",N,2026-02-09 00:00:00+05:30,50.5,30.4,64.0,1.32,224.0,24.7,25.1,0.709,0.606,True,9
3409514,"Ghatkopar, Mumbai - BMC",N,2026-02-10 00:00:00+05:30,57.0,30.2,64.8,1.19,215.0,64.6,25.4,1.86,0.553,True,9
3409514,"Ghatkopar, Mumbai - BMC",N,2026-02-11 00:00:00+05:30,62.9,30.8,63.7,1.23,223.0,58.7,27.8,0.7,0.52,True,9
3409514,"Ghatkopar, Mumbai - BMC",N,2026-02-12 00:00:00+05:30,57.9,31.3,66.7,1.15,212.99999999999997,54.5,26.4,0.664,0.322,True,9
3409514,"Ghatkopar, Mumbai - BMC",N,2026-02-13 00:00:00+05:30,63.0,30.7,66.9,1.21,217.99999999999997,61.2,26.7,2.93,0.572,True,9
3409514,"Ghatkopar, Mumbai - BMC",N,2026-02-14 00:00:00+05:30,65.9,31.4,64.6,1.23,224.0,58.2,30.1,1.03,0.635,True,9
3409514,"Ghatkopar, Mumbai - BMC",N,2026-02-15 00:00:00+05:30,64.0,31.8,62.3,1.22,234.99999999999994,53.2,23.9,0.857,0.444,True,9
3409514,"Ghatkopar, Mumbai - BMC",N,2026-02-16 00:00:00+05:30,62.2,25.7,74.7,0.757,199.0,53.6,3.05,2.72,0.721,True,9
3409514,"Ghatkopar, Mumbai - BMC",N,2026-02-17 00:00:00+05:30,38.8,34.2,52.1,1.58,203.99999999999997,46.1,49.0,0.214,0.245,True,9
3409514,"Ghatkopar, Mumbai - BMC",N,2026-02-18 00:00:00+05:30,27.5,31.8,69.7,1.31,217.99999999999997,41.2,25.5,1.27,0.256,True,9
3409514,"Ghatkopar, Mumbai - BMC",N,2026-02-19 00:00:00+05:30,50.1,32.2,67.4,1.45,220.99999999999997,56.1,34.0,2.03,0.68,True,9
3409514,"Ghatkopar, Mumbai - BMC",N,2026-02-20 00:00:00+05:30,69.8,31.7,77.1,1.2,216.0,54.6,23.6,1.62,0.704,True,9
3409514,"Ghatkopar, Mumbai - BMC",N,2026-02-21 00:00:00+05:30,74.7,33.1,65.0,1.22,223.0,52.5,28.0,3.44,0.602,True,9
3409514,"Ghatkopar, Mumbai - BMC",N,2026-02-22 00:00:00+05:30,63.9,32.2,65.9,1.06,232.00000000000003,39.3,24.6,0.312,0.428,True,9
3409514,"Ghatkopar, Mumbai - BMC",N,2026-02-23 00:00:00+05:30,52.0,31.8,63.7,1.19,229.0,49.4,27.1,1.9,0.493,True,9
3409514,"Ghatkopar, Mumbai - BMC",N,2026-02-24 00:00:00+05:30,51.0,31.7,70.8,1.16,227.0,50.1,19.6,2.26,0.629,True,9
3409514,"Ghatkopar, Mumbai - BMC",N,2026-02-25 00:00:00+05:30,41.1,30.9,74.8,1.31,227.0,45.9,13.8,0.89,0.407,True,9
3409514,"Ghatkopar, Mumbai - BMC",N,2026-02-26 00:00:00+05:30,23.2,30.4,76.7,1.24,217.0,30.6,9.89,0.512,0.304,True,9
3409514,"Ghatkopar, Mumbai - BMC",N,2026-02-27 00:00:00+05:30,21.2,30.1,71.9,1.34,224.99999999999997,30.9,10.7,1.26,0.265,True,9
3409514,"Ghatkopar, Mumbai - BMC",N,2026-02-28 00:00:00+05:30,19.8,29.8,69.1,1.39,239.99999999999994,31.6,23.0,1.95,0.403,True,9
3409514,"Ghatkopar, Mumbai - BMC",N,2026-03-01 00:00:00+05:30,31.8,30.2,71.3,1.38,241.0,33.1,34.7,1.53,0.396,True,9
3409514,"Ghatkopar, Mumbai - BMC",N,2026-03-02 00:00:00+05:30,34.2,30.8,75.0,1.4,219.00000000000003,38.0,33.1,1.64,0.43,True,9
3409514,"Ghatkopar, Mumbai - BMC",N,2026-03-03 00:00:00+05:30,96.0,32.6,67.0,1.25,214.0,41.2,47.6,1.62,1.36,True,9
3409514,"Ghatkopar, Mumbai - BMC",N,2026-03-04 00:00:00+05:30,54.9,35.1,51.3,1.27,210.0,36.5,45.1,1.94,0.547,True,9
3409514,"Ghatkopar, Mumbai - BMC",N,2026-03-05 00:00:00+05:30,40.0,34.4,42.2,1.35,224.99999999999997,36.7,45.3,4.64,0.438,True,9
3409514,"Ghatkopar, Mumbai - BMC",N,2026-03-06 00:00:00+05:30,32.9,33.6,45.5,1.27,216.0,31.5,36.8,5.71,0.489,True,9
3409514,"Ghatkopar, Mumbai - BMC",N,2026-03-07 00:00:00+05:30,38.3,32.1,70.2,1.31,212.0,27.8,29.2,0.717,0.361,True,9
3409514,"Ghatkopar, Mumbai - BMC",N,2026-03-08 00:00:00+05:30,63.9,34.5,55.8,1.27,217.99999999999997,28.1,56.4,1.26,0.512,True,9
3409514,"Ghatkopar, Mumbai - BMC",N,2026-03-09 00:00:00+05:30,58.3,34.9,45.3,1.3,224.0,28.3,47.6,0.685,0.493,True,9
3409514,"Ghatkopar, Mumbai - BMC",N,2026-03-10 00:00:00+05:30,66.6,36.7,37.8,1.26,183.99999999999997,50.4,81.2,1.5,0.755,True,9
3409514,"Ghatkopar, Mumbai - BMC",N,2026-03-11 00:00:00+05:30,70.7,28.5,80.1,1.26,248.99999999999997,39.9,5.95,2.53,0.682,True,9
3409514,"Ghatkopar, Mumbai - BMC",N,2026-03-12 00:00:00+05:30,59.9,36.4,69.8,1.32,203.99999999999997,28.9,41.1,1.58,0.422,True,9
3409514,"Ghatkopar, Mumbai - BMC",N,2026-03-13 00:00:00+05:30,56.2,34.6,60.3,1.17,206.99999999999997,23.9,42.2,0.967,0.303,True,9
3409514,"Ghatkopar, Mumbai - BMC",N,2026-03-14 00:00:00+05:30,48.5,33.7,55.0,1.01,192.0,24.5,25.5,1.24,0.561,True,9
3409514,"Ghatkopar, Mumbai - BMC",N,2026-03-15 00:00:00+05:30,31.6,32.3,72.4,1.23,193.99999999999997,15.3,20.1,0.373,0.0909,True,9
3409514,"Ghatkopar, Mumbai - BMC",N,2026-03-16 00:00:00+05:30,25.1,32.4,74.3,1.28,201.0,14.5,18.3,1.44,0.0731,True,9
3409514,"Ghatkopar, Mumbai - BMC",N,2026-03-17 00:00:00+05:30,30.1,31.9,72.0,1.27,214.0,18.6,23.9,0.657,0.134,True,9
3409514,"Ghatkopar, Mumbai - BMC",N,2026-03-18 00:00:00+05:30,30.4,31.6,68.5,1.25,210.99999999999997,21.0,23.4,1.54,0.163,True,9
3409514,"Ghatkopar, Mumbai - BMC",N,2026-03-19 00:00:00+05:30,23.0,31.8,70.6,1.34,220.99999999999997,14.0,21.5,1.2,0.11,True,9
3409514,"Ghatkopar, Mumbai - BMC",N,2026-03-20 00:00:00+05:30,26.2,31.7,66.1,1.19,214.0,18.5,26.3,1.22,0.225,True,9
3409514,"Ghatkopar, Mumbai - BMC",N,2026-03-21 00:00:00+05:30,32.5,34.9,47.2,1.52,233.0,13.3,58.4,1.35,0.121,True,9
3409514,"Ghatkopar, Mumbai - BMC",N,2026-03-22 00:00:00+05:30,43.0,33.4,51.1,1.32,220.99999999999997,18.3,50.5,1.66,0.297,True,9
3409514,"Ghatkopar, Mumbai - BMC",N,2026-03-23 00:00:00+05:30,49.8,33.9,49.3,1.25,201.99999999999997,22.9,45.5,1.42,0.283,True,9
3409514,"Ghatkopar, Mumbai - BMC",N,2026-03-24 00:00:00+05:30,43.6,35.4,48.0,1.3,219.00000000000003,19.5,36.0,0.982,0.151,True,9
3409514,"Ghatkopar, Mumbai - BMC",N,2026-03-25 00:00:00+05:30,35.4,35.0,57.6,1.28,210.0,19.6,33.7,0.369,0.0798,True,9
3409514,"Ghatkopar, Mumbai - BMC",N,2026-03-26 00:00:00+05:30,37.9,36.1,56.0,1.28,215.0,19.6,43.3,1.65,0.189,True,9
3409514,"Ghatkopar, Mumbai - BMC",N,2026-03-27 00:00:00+05:30,38.1,38.5,43.6,1.47,201.0,30.5,53.0,2.8,3.06,True,9
3409514,"Ghatkopar, Mumbai - BMC",N,2026-03-28 00:00:00+05:30,21.5,34.2,73.3,1.27,186.99999999999997,10.2,21.6,0.999,,False,8
3409514,"Ghatkopar, Mumbai - BMC",N,2026-03-29 00:00:00+05:30,10.2,33.4,75.5,1.39,210.0,,12.2,0.511,,False,7
3409514,"Ghatkopar, Mumbai - BMC",N,2026-03-30 00:00:00+05:30,11.3,34.2,74.6,1.37,230.99999999999997,,19.1,0.312,0.247,False,8
3409514,"Ghatkopar, Mumbai - BMC",N,2026-03-31 00:00:00+05:30,6.27,34.4,69.7,1.45,224.99999999999997,8.04,15.4,0.376,0.216,True,9
3409514,"Ghatkopar, Mumbai - BMC",N,2026-04-01 00:00:00+05:30,12.3,33.3,72.4,1.38,230.0,11.8,20.8,1.44,0.187,True,9
3409514,"Ghatkopar, Mumbai - BMC",N,2026-04-02 00:00:00+05:30,11.9,32.8,70.1,1.44,228.0,13.5,29.8,0.121,0.222,True,9
3409514,"Ghatkopar, Mumbai - BMC",N,2026-04-03 00:00:00+05:30,23.9,33.0,67.5,1.33,226.0,13.9,27.6,1.56,0.361,True,9
3409514,"Ghatkopar, Mumbai - BMC",N,2026-04-04 00:00:00+05:30,16.6,33.4,69.4,1.4,220.99999999999997,7.02,24.2,7.15,0.525,True,9
3409514,"Ghatkopar, Mumbai - BMC",N,2026-04-05 00:00:00+05:30,30.6,32.9,66.8,1.27,210.0,7.28,24.8,1.74,0.371,True,9
3409514,"Ghatkopar, Mumbai - BMC",N,2026-04-06 00:00:00+05:30,29.2,32.0,68.1,1.32,208.0,8.88,24.1,1.94,0.368,True,9
3409514,"Ghatkopar, Mumbai - BMC",N,2026-04-07 00:00:00+05:30,33.9,32.8,70.6,1.15,203.99999999999997,8.03,17.8,1.49,0.359,True,9
3409514,"Ghatkopar, Mumbai - BMC",N,2026-04-08 00:00:00+05:30,33.7,34.2,70.6,1.26,203.99999999999997,5.08,10.6,2.84,0.355,True,9
3409514,"Ghatkopar, Mumbai - BMC",N,2026-04-09 00:00:00+05:30,35.9,34.1,62.4,1.35,229.0,12.1,12.9,1.67,0.411,True,9
3409514,"Ghatkopar, Mumbai - BMC",N,2026-04-10 00:00:00+05:30,57.6,33.8,57.3,1.21,206.99999999999997,17.0,27.0,2.59,0.521,True,9
3409514,"Ghatkopar, Mumbai - BMC",N,2026-04-11 00:00:00+05:30,59.9,35.6,65.4,1.28,204.99999999999997,19.5,36.8,3.7,0.425,True,9
3409514,"Ghatkopar, Mumbai - BMC",N,2026-04-12 00:00:00+05:30,59.3,34.9,72.1,1.32,215.0,17.6,27.4,1.79,0.516,True,9
3409514,"Ghatkopar, Mumbai - BMC",N,2026-04-13 00:00:00+05:30,49.6,34.6,77.8,1.21,190.99999999999997,8.57,18.2,1.53,0.376,True,9
3409514,"Ghatkopar, Mumbai - BMC",N,2026-04-14 00:00:00+05:30,57.1,35.1,72.5,1.52,219.00000000000003,12.3,24.4,1.16,0.476,True,9
3409514,"Ghatkopar, Mumbai - BMC",N,2026-04-15 00:00:00+05:30,38.3,35.1,68.0,1.36,217.99999999999997,10.6,19.2,0.671,0.358,True,9
3409514,"Ghatkopar, Mumbai - BMC",N,2026-04-16 00:00:00+05:30,37.3,32.9,77.1,1.18,217.0,7.99,15.5,1.88,0.312,True,9
3409514,"Ghatkopar, Mumbai - BMC",N,2026-04-17 00:00:00+05:30,40.8,33.8,75.5,1.25,215.0,10.9,18.2,1.6,0.41,True,9
3409514,"Ghatkopar, Mumbai - BMC",N,2026-04-18 00:00:00+05:30,42.8,35.4,71.2,1.29,206.0,14.3,26.0,1.97,0.449,True,9
3409514,"Ghatkopar, Mumbai - BMC",N,2026-04-19 00:00:00+05:30,46.2,35.6,61.1,1.27,214.0,14.2,21.4,3.06,,False,8
3409514,"Ghatkopar, Mumbai - BMC",N,2026-04-20 00:00:00+05:30,39.9,34.5,73.3,1.22,206.99999999999997,11.9,18.9,3.32,,False,8
3409514,"Ghatkopar, Mumbai - BMC",N,2026-04-21 00:00:00+05:30,48.1,35.5,68.3,1.3,194.99999999999997,14.2,28.5,3.12,,False,8
3409514,"Ghatkopar, Mumbai - BMC",N,2026-04-22 00:00:00+05:30,47.6,34.9,67.3,1.32,208.0,13.4,21.2,1.81,0.232,True,9
3409514,"Ghatkopar, Mumbai - BMC",N,2026-04-23 00:00:00+05:30,46.8,35.6,59.9,1.34,215.0,13.3,33.0,2.28,,False,8
3409514,"Ghatkopar, Mumbai - BMC",N,2026-04-24 00:00:00+05:30,45.2,36.9,63.8,1.39,214.0,17.6,28.7,2.51,,False,8
3409514,"Ghatkopar, Mumbai - BMC",N,2026-04-25 00:00:00+05:30,50.5,36.8,61.3,1.18,182.99999999999997,21.1,30.3,4.07,,False,8
3409514,"Ghatkopar, Mumbai - BMC",N,2026-04-26 00:00:00+05:30,47.9,36.2,70.8,1.21,188.99999999999997,9.08,16.9,6.46,0.177,True,9
3409514,"Ghatkopar, Mumbai - BMC",N,2026-04-27 00:00:00+05:30,36.7,35.5,76.5,1.04,168.0,5.81,15.0,1.44,,False,8
3409514,"Ghatkopar, Mumbai - BMC",N,2026-04-28 00:00:00+05:30,40.8,35.2,77.5,1.33,186.99999999999997,5.71,14.4,2.56,0.191,True,9
3409514,"Ghatkopar, Mumbai - BMC",N,2026-04-29 00:00:00+05:30,35.1,35.3,75.8,1.38,178.0,4.89,15.9,2.75,0.198,True,9
3409514,"Ghatkopar, Mumbai - BMC",N,2026-04-30 00:00:00+05:30,34.3,35.4,75.6,0.959,176.0,5.53,13.5,4.71,0.248,True,9
3409514,"Ghatkopar, Mumbai - BMC",N,2026-05-01 00:00:00+05:30,32.3,35.6,73.4,1.01,162.0,4.82,14.1,5.3,0.26,True,9
3409514,"Ghatkopar, Mumbai - BMC",N,2026-05-02 00:00:00+05:30,34.9,35.7,73.4,1.03,149.0,4.68,13.5,4.24,0.231,True,9
3409514,"Ghatkopar, Mumbai - BMC",N,2026-05-03 00:00:00+05:30,34.2,35.9,73.1,0.989,148.0,4.17,16.0,3.29,0.279,True,9
3409514,"Ghatkopar, Mumbai - BMC",N,2026-05-04 00:00:00+05:30,33.7,36.1,70.7,0.985,133.0,4.47,12.6,2.43,0.326,True,9
3409514,"Ghatkopar, Mumbai - BMC",N,2026-05-05 00:00:00+05:30,29.4,36.3,69.7,1.36,146.0,4.22,22.5,9.89,0.284,True,9
3409514,"Ghatkopar, Mumbai - BMC",N,2026-05-06 00:00:00+05:30,34.2,38.2,60.4,1.82,208.0,7.18,28.6,0.859,0.534,True,9
3409514,"Ghatkopar, Mumbai - BMC",N,2026-05-07 00:00:00+05:30,33.0,36.3,72.0,1.37,239.99999999999994,6.54,27.1,2.78,0.44,True,9
3409514,"Ghatkopar, Mumbai - BMC",N,2026-05-08 00:00:00+05:30,34.8,37.1,67.5,1.4,217.99999999999997,14.2,23.1,3.37,0.581,True,9
3409514,"Ghatkopar, Mumbai - BMC",N,2026-05-09 00:00:00+05:30,35.3,37.2,68.0,1.19,199.0,20.5,16.1,3.25,0.478,True,9
3409514,"Ghatkopar, Mumbai - BMC",N,2026-05-10 00:00:00+05:30,44.5,36.7,67.2,1.4,229.0,24.2,19.3,2.55,0.707,True,9
3409514,"Ghatkopar, Mumbai - BMC",N,2026-05-11 00:00:00+05:30,32.1,37.3,65.4,1.14,195.99999999999997,14.5,13.2,3.3,0.473,True,9
3409514,"Ghatkopar, Mumbai - BMC",N,2026-05-12 00:00:00+05:30,28.4,36.3,72.4,1.36,210.0,13.8,5.32,1.44,0.454,True,9
3409514,"Ghatkopar, Mumbai - BMC",N,2026-05-13 00:00:00+05:30,23.6,36.3,74.8,1.15,204.99999999999997,4.67,16.2,4.24,0.432,True,9
3409514,"Ghatkopar, Mumbai - BMC",N,2026-05-14 00:00:00+05:30,22.8,36.3,73.8,1.32,203.99999999999997,3.28,32.3,4.53,0.46,True,9
3409514,"Ghatkopar, Mumbai - BMC",N,2026-05-15 00:00:00+05:30,23.2,36.3,72.5,1.44,210.99999999999997,3.33,36.8,2.72,0.476,True,9
3409514,"Ghatkopar, Mumbai - BMC",N,2026-05-16 00:00:00+05:30,20.5,36.1,73.1,1.69,233.0,4.17,36.3,2.89,0.437,True,9
3409514,"Ghatkopar, Mumbai - BMC",N,2026-05-17 00:00:00+05:30,20.3,36.3,73.6,1.54,219.00000000000003,1.62,39.2,0.985,0.444,True,9
3409514,"Ghatkopar, Mumbai - BMC",N,2026-05-18 00:00:00+05:30,23.0,36.1,76.2,1.39,212.99999999999997,6.27,37.2,1.75,0.519,True,9
3409514,"Ghatkopar, Mumbai - BMC",N,2026-05-19 00:00:00+05:30,22.1,35.5,74.0,1.23,208.0,5.11,35.5,2.27,0.388,True,9
3409514,"Ghatkopar, Mumbai - BMC",N,2026-05-20 00:00:00+05:30,20.4,35.9,71.5,1.23,186.99999999999997,1.36,33.2,3.03,0.407,True,9
3409514,"Ghatkopar, Mumbai - BMC",N,2026-05-21 00:00:00+05:30,17.6,36.5,69.8,1.4,203.99999999999997,0.783,32.9,2.63,0.426,True,9
3409514,"Ghatkopar, Mumbai - BMC",N,2026-05-22 00:00:00+05:30,18.9,36.8,73.0,1.17,181.99999999999997,6.56,32.7,1.86,0.468,True,9
3409514,"Ghatkopar, Mumbai - BMC",N,2026-05-23 00:00:00+05:30,20.3,37.0,73.8,1.27,179.0,1.94,32.9,2.43,0.466,True,9
3409514,"Ghatkopar, Mumbai - BMC",N,2026-05-24 00:00:00+05:30,16.9,37.5,70.8,1.36,203.99999999999997,2.28,38.8,2.68,0.439,True,9
3409514,"Ghatkopar, Mumbai - BMC",N,2026-05-25 00:00:00+05:30,16.0,37.1,72.1,1.52,212.0,10.6,44.9,2.75,0.461,True,9
3409514,"Ghatkopar, Mumbai - BMC",N,2026-05-26 00:00:00+05:30,16.3,37.0,71.3,1.38,201.99999999999997,7.37,40.8,3.22,0.432,True,9
3409514,"Ghatkopar, Mumbai - BMC",N,2026-05-27 00:00:00+05:30,17.5,36.7,69.0,1.47,206.0,6.02,40.3,2.25,0.457,True,9
3409514,"Ghatkopar, Mumbai - BMC",N,2026-05-28 00:00:00+05:30,18.4,37.2,65.6,1.44,206.0,4.04,39.9,4.56,0.471,True,9
3409514,"Ghatkopar, Mumbai - BMC",N,2026-05-29 00:00:00+05:30,20.6,37.1,66.5,1.24,203.99999999999997,,36.7,2.46,0.408,False,8
3409514,"Ghatkopar, Mumbai - BMC",N,2026-05-30 00:00:00+05:30,21.2,37.7,67.1,1.39,203.99999999999997,,36.8,1.71,0.459,False,8
3409514,"Ghatkopar, Mumbai - BMC",N,2026-05-31 00:00:00+05:30,21.4,36.9,71.3,1.36,186.99999999999997,18.3,35.4,3.13,0.501,True,9
3409514,"Ghatkopar, Mumbai - BMC",N,2026-06-01 00:00:00+05:30,19.0,37.1,68.6,1.33,188.99999999999997,23.4,35.0,1.96,0.42,True,9
3409514,"Ghatkopar, Mumbai - BMC",N,2026-06-02 00:00:00+05:30,22.4,36.8,69.9,1.12,197.0,28.7,34.9,2.07,0.48,True,9
3409514,"Ghatkopar, Mumbai - BMC",N,2026-06-03 00:00:00+05:30,27.0,35.8,70.2,1.1,181.99999999999997,13.1,36.7,4.02,0.617,True,9
3409514,"Ghatkopar, Mumbai - BMC",N,2026-06-04 00:00:00+05:30,23.6,36.8,69.2,1.13,165.0,18.5,34.7,3.57,0.438,True,9
3409514,"Ghatkopar, Mumbai - BMC",N,2026-06-05 00:00:00+05:30,23.7,37.2,71.9,1.35,201.0,22.7,33.7,1.88,0.47,True,9
3409514,"Ghatkopar, Mumbai - BMC",N,2026-06-06 00:00:00+05:30,20.2,37.7,67.6,1.44,208.99999999999997,24.7,32.0,1.5,0.483,True,9
3409514,"Ghatkopar, Mumbai - BMC",N,2026-06-07 00:00:00+05:30,22.2,37.7,68.4,1.52,204.99999999999997,,33.1,2.23,0.436,False,8
3409514,"Ghatkopar, Mumbai - BMC",N,2026-06-08 00:00:00+05:30,22.9,37.6,68.1,1.52,201.99999999999997,,33.8,4.3,0.469,False,8
3409514,"Ghatkopar, Mumbai - BMC",N,2026-06-09 00:00:00+05:30,,37.4,69.9,1.65,203.0,,43.7,11.7,0.699,False,7
3409514,"Ghatkopar, Mumbai - BMC",N,2026-06-10 00:00:00+05:30,43.1,35.4,69.6,1.48,199.0,25.9,22.6,2.01,0.448,True,9
3409514,"Ghatkopar, Mumbai - BMC",N,2026-06-11 00:00:00+05:30,34.7,37.4,,1.37,201.99999999999997,12.5,24.5,0.679,0.479,False,8
3409514,"Ghatkopar, Mumbai - BMC",N,2026-06-12 00:00:00+05:30,28.9,37.5,68.5,1.31,201.99999999999997,17.2,23.1,0.96,0.509,True,9
3409514,"Ghatkopar, Mumbai - BMC",N,2026-06-13 00:00:00+05:30,37.7,37.3,68.0,1.65,201.99999999999997,15.2,23.9,0.503,0.431,True,9
3409514,"Ghatkopar, Mumbai - BMC",N,2026-06-14 00:00:00+05:30,32.6,37.2,65.9,1.8,203.99999999999997,21.0,25.5,0.809,0.445,True,9
3409514,"Ghatkopar, Mumbai - BMC",N,2026-06-15 00:00:00+05:30,26.7,37.2,65.7,1.67,203.0,18.9,22.8,0.387,0.408,True,9
3409514,"Ghatkopar, Mumbai - BMC",N,2026-06-16 00:00:00+05:30,27.2,36.9,66.5,1.42,204.99999999999997,21.2,23.3,1.85,0.458,True,9
3409514,"Ghatkopar, Mumbai - BMC",N,2026-06-17 00:00:00+05:30,31.9,36.6,66.0,1.43,201.99999999999997,29.6,21.3,1.61,0.438,True,9
3409514,"Ghatkopar, Mumbai - BMC",N,2026-06-18 00:00:00+05:30,41.2,36.7,64.8,1.31,203.0,25.1,22.0,1.38,0.455,True,9
3409514,"Ghatkopar, Mumbai - BMC",N,2026-06-19 00:00:00+05:30,30.2,36.4,64.8,1.08,192.99999999999997,55.3,20.8,1.3,0.452,True,9
3409514,"Ghatkopar, Mumbai - BMC",N,2026-06-20 00:00:00+05:30,26.5,36.1,67.3,1.27,217.0,,20.8,1.03,0.475,False,8
3409514,"Ghatkopar, Mumbai - BMC",N,2026-06-21 00:00:00+05:30,52.3,35.3,76.9,1.2,212.0,22.2,20.3,0.686,0.524,True,9
3409514,"Ghatkopar, Mumbai - BMC",N,2026-06-22 00:00:00+05:30,,34.3,88.0,1.03,160.0,16.4,20.6,2.03,0.44,False,8
3409514,"Ghatkopar, Mumbai - BMC",N,2026-06-23 00:00:00+05:30,,32.2,98.5,1.4,103.0,26.3,22.1,0.121,0.641,False,8
3409514,"Ghatkopar, Mumbai - BMC",N,2026-06-25 00:00:00+05:30,16.6,32.8,99.2,0.649,250.0,21.6,24.7,0.592,0.602,True,9
3409514,"Ghatkopar, Mumbai - BMC",N,2026-06-26 00:00:00+05:30,18.3,12.1,74.3,1.01,190.0,20.7,25.1,0.94,0.474,True,9
3409514,"Ghatkopar, Mumbai - BMC",N,2026-06-27 00:00:00+05:30,21.9,,66.5,1.2,186.99999999999997,21.2,27.0,1.11,0.495,False,8
3409514,"Ghatkopar, Mumbai - BMC",N,2026-06-28 00:00:00+05:30,51.5,,71.3,1.17,175.0,17.7,28.2,0.085,0.462,False,8
3409514,"Ghatkopar, Mumbai - BMC",N,2026-06-29 00:00:00+05:30,18.4,0.7,71.6,1.26,155.0,17.8,26.8,2.97,0.449,True,9
3409514,"Ghatkopar, Mumbai - BMC",N,2026-06-30 00:00:00+05:30,12.4,0.787,52.3,1.2,113.0,18.3,29.3,0.257,0.483,True,9
3409514,"Ghatkopar, Mumbai - BMC",N,2026-07-01 00:00:00+05:30,4.61,16.6,36.4,1.04,158.0,10.9,35.4,0.387,0.503,True,9
3409514,"Ghatkopar, Mumbai - BMC",N,2026-07-02 00:00:00+05:30,7.78,7.08,74.0,1.05,170.0,19.0,26.1,0.782,0.549,True,9
3409514,"Ghatkopar, Mumbai - BMC",N,2026-07-03 00:00:00+05:30,9.65,7.33,94.5,1.17,184.99999999999997,14.1,24.1,0.692,0.537,True,9
3409514,"Ghatkopar, Mumbai - BMC",N,2026-07-04 00:00:00+05:30,11.4,30.2,93.1,0.994,181.99999999999997,11.1,24.7,0.624,0.514,True,9
3409514,"Ghatkopar, Mumbai - BMC",N,2026-07-05 00:00:00+05:30,10.1,30.3,90.6,1.35,186.99999999999997,6.3,26.3,0.136,0.424,True,9
3409514,"Ghatkopar, Mumbai - BMC",N,2026-07-06 00:00:00+05:30,10.9,37.0,90.7,2.0,208.0,4.29,28.9,4.1,0.429,True,9
3409514,"Ghatkopar, Mumbai - BMC",N,2026-07-07 00:00:00+05:30,8.45,32.9,97.2,1.69,206.99999999999997,1.99,30.0,0.954,0.388,True,9
3409514,"Ghatkopar, Mumbai - BMC",N,2026-07-08 00:00:00+05:30,12.8,31.3,95.7,1.41,201.99999999999997,5.02,30.0,1.21,0.616,True,9
3409514,"Ghatkopar, Mumbai - BMC",N,2026-07-09 00:00:00+05:30,12.3,29.8,98.6,0.985,210.99999999999997,3.57,30.0,1.15,0.454,True,9
3409514,"Ghatkopar, Mumbai - BMC",N,2026-07-10 00:00:00+05:30,12.3,29.9,98.7,1.11,216.0,4.29,30.0,0.155,0.43,True,9
3409514,"Ghatkopar, Mumbai - BMC",N,2026-07-11 00:00:00+05:30,12.7,30.2,98.9,1.17,208.0,12.4,30.0,1.2,0.384,True,9
3409514,"Ghatkopar, Mumbai - BMC",N,2026-07-12 00:00:00+05:30,16.1,30.3,98.8,0.608,193.99999999999997,2.27,30.1,1.49,0.384,True,9
3409514,"Ghatkopar, Mumbai - BMC",N,2026-07-13 00:00:00+05:30,24.3,30.4,91.2,0.672,208.0,3.18,30.0,0.264,0.438,True,9
3409514,"Ghatkopar, Mumbai - BMC",N,2026-07-14 00:00:00+05:30,26.5,30.6,90.9,0.949,212.99999999999997,3.93,30.0,0.848,0.475,True,9
3409514,"Ghatkopar, Mumbai - BMC",N,2026-07-15 00:00:00+05:30,18.0,30.8,99.0,0.91,212.99999999999997,9.54,30.0,0.725,0.452,True,9
3409514,"Ghatkopar, Mumbai - BMC",N,2026-07-16 00:00:00+05:30,14.6,28.8,99.1,1.01,210.0,7.2,30.0,1.24,0.367,True,9
3409514,"Ghatkopar, Mumbai - BMC",N,2026-07-17 00:00:00+05:30,13.0,28.2,99.2,1.13,212.0,10.5,30.0,0.366,0.494,True,9
3409514,"Ghatkopar, Mumbai - BMC",N,2026-07-18 00:00:00+05:30,10.5,28.0,99.1,1.21,210.99999999999997,11.7,30.0,0.638,0.406,True,9
3409514,"Ghatkopar, Mumbai - BMC",N,2026-07-19 00:00:00+05:30,7.98,28.0,99.2,1.07,193.99999999999997,6.81,30.0,0.271,0.441,True,9
3409514,"Ghatkopar, Mumbai - BMC",N,2026-07-20 00:00:00+05:30,8.84,28.0,99.2,1.07,206.99999999999997,7.0,30.0,0.41,0.492,True,9
3409514,"Ghatkopar, Mumbai - BMC",N,2026-07-21 00:00:00+05:30,7.38,27.9,99.3,0.997,216.0,6.85,30.0,1.86,0.473,True,9
3409514,"Ghatkopar, Mumbai - BMC",N,2026-07-22 00:00:00+05:30,6.51,28.4,94.9,0.949,210.0,6.54,24.9,4.81,0.443,True,9
3409514,"Ghatkopar, Mumbai - BMC",N,2026-07-23 00:00:00+05:30,7.98,28.2,99.2,0.754,204.99999999999997,6.74,12.3,2.42,0.467,True,9
3409514,"Ghatkopar, Mumbai - BMC",N,2026-07-24 00:00:00+05:30,5.64,29.0,99.2,0.929,216.0,6.91,12.3,1.74,0.413,True,9
3409514,"Ghatkopar, Mumbai - BMC",N,2026-07-25 00:00:00+05:30,7.3,28.4,99.2,1.08,217.0,3.91,11.0,1.09,0.392,True,9
3409514,"Ghatkopar, Mumbai - BMC",N,2026-07-27 00:00:00+05:30,15.4,32.2,99.2,1.23,215.0,6.02,8.89,2.44,0.606,True,9
3409514,"Ghatkopar, Mumbai - BMC",N,2026-07-28 00:00:00+05:30,15.4,32.6,99.1,1.23,208.99999999999997,4.6,8.13,0.437,0.384,True,9
3409514,"Ghatkopar, Mumbai - BMC",N,2026-07-29 00:00:00+05:30,14.3,33.4,99.1,1.42,216.0,3.18,8.13,2.44,0.438,True,9
3409514,"Ghatkopar, Mumbai - BMC",N,2026-07-30 00:00:00+05:30,14.5,33.8,99.2,1.6,217.0,3.44,7.89,1.34,0.451,True,9
3409514,"Ghatkopar, Mumbai - BMC",N,2026-07-31 00:00:00+05:30,12.2,32.8,99.2,1.55,217.0,3.97,8.05,1.01,0.49,True,9
3409514,"Ghatkopar, Mumbai - BMC",N,2026-08-01 00:00:00+05:30,14.7,32.4,99.1,1.3,216.0,4.16,8.44,0.726,0.365,True,9
3409514,"Ghatkopar, Mumbai - BMC",N,2026-08-03 00:00:00+05:30,13.1,31.0,99.1,1.4,215.0,7.98,7.5,1.77,0.536,True,9
3409514,"Ghatkopar, Mumbai - BMC",N,2026-08-04 00:00:00+05:30,15.8,30.9,99.1,1.39,214.0,5.8,8.12,2.23,0.55,True,9
3409514,"Ghatkopar, Mumbai - BMC",N,2026-08-05 00:00:00+05:30,17.8,31.0,99.2,0.85,188.0,8.54,7.66,3.76,0.489,True,9
3409514,"Ghatkopar, Mumbai - BMC",N,2026-08-06 00:00:00+05:30,13.9,30.4,99.2,1.29,210.0,6.91,8.5,1.01,0.429,True,9
3409514,"Ghatkopar, Mumbai - BMC",N,2026-08-07 00:00:00+05:30,13.6,30.1,99.1,1.43,215.0,7.87,8.53,2.02,0.462,True,9
3409514,"Ghatkopar, Mumbai - BMC",N,2026-08-08 00:00:00+05:30,11.1,29.8,99.1,1.37,215.0,5.88,7.58,2.77,0.458,True,9
3409514,"Ghatkopar, Mumbai - BMC",N,2026-08-10 00:00:00+05:30,12.1,31.4,99.1,1.3,210.0,7.7,8.24,1.55,0.582,True,9
3409514,"Ghatkopar, Mumbai - BMC",N,2026-08-11 00:00:00+05:30,9.89,30.5,99.1,1.08,208.99999999999997,7.87,6.97,4.36,0.471,True,9
3409514,"Ghatkopar, Mumbai - BMC",N,2026-08-12 00:00:00+05:30,10.9,31.5,99.2,1.23,219.99999999999997,9.8,4.86,0.906,0.494,True,9
3409514,"Ghatkopar, Mumbai - BMC",N,2026-08-13 00:00:00+05:30,14.1,31.0,99.2,0.916,201.99999999999997,6.38,4.83,1.77,0.535,True,9
3409514,"Ghatkopar, Mumbai - BMC",N,2026-08-14 00:00:00+05:30,13.6,30.9,99.2,1.03,210.99999999999997,8.48,4.56,1.47,0.471,True,9
3409514,"Ghatkopar, Mumbai - BMC",N,2026-08-15 00:00:00+05:30,13.9,30.6,99.2,1.03,163.0,81.8,4.49,0.743,0.494,True,9
3409514,"Ghatkopar, Mumbai - BMC",N,2026-08-16 00:00:00+05:30,14.5,30.9,99.2,0.996,199.99999999999997,3.13,4.88,1.89,0.435,True,9
3409514,"Ghatkopar, Mumbai - BMC",N,2026-08-17 00:00:00+05:30,10.4,32.8,99.3,0.956,224.99999999999997,7.52,4.81,4.16,0.539,True,9
3409514,"Ghatkopar, Mumbai - BMC",N,2026-08-18 00:00:00+05:30,13.7,32.3,99.2,1.29,217.0,11.2,4.45,2.54,0.412,True,9
3409514,"Ghatkopar, Mumbai - BMC",N,2026-08-19 00:00:00+05:30,14.3,34.1,99.2,1.35,216.0,8.59,5.06,2.09,0.426,True,9
3409514,"Ghatkopar, Mumbai - BMC",N,2026-08-20 00:00:00+05:30,15.0,34.8,99.2,1.46,221.99999999999997,4.09,4.59,1.09,0.426,True,9
3409514,"Ghatkopar, Mumbai - BMC",N,2026-08-21 00:00:00+05:30,12.4,33.9,99.1,1.45,221.99999999999997,4.14,4.33,0.145,0.36,True,9
3409514,"Ghatkopar, Mumbai - BMC",N,2026-08-22 00:00:00+05:30,21.4,33.3,99.2,1.35,210.99999999999997,4.43,5.1,5.7,0.46,True,9
3409514,"Ghatkopar, Mumbai - BMC",N,2026-08-23 00:00:00+05:30,17.2,33.1,99.2,1.08,219.99999999999997,4.22,4.63,1.49,0.416,True,9
3409514,"Ghatkopar, Mumbai - BMC",N,2026-08-24 00:00:00+05:30,14.9,33.8,99.2,1.04,212.99999999999997,6.14,4.7,1.38,0.47,True,9
3409514,"Ghatkopar, Mumbai - BMC",N,2026-08-25 00:00:00+05:30,18.4,32.5,99.2,1.28,219.99999999999997,7.0,4.89,0.967,,False,8
3409514,"Ghatkopar, Mumbai - BMC",N,2026-08-26 00:00:00+05:30,15.0,32.0,99.2,1.36,219.00000000000003,5.24,4.75,1.68,,False,8
3409514,"Ghatkopar, Mumbai - BMC",N,2026-08-27 00:00:00+05:30,13.6,31.7,99.2,1.34,217.99999999999997,2.78,4.94,1.53,0.365,True,9
3409514,"Ghatkopar, Mumbai - BMC",N,2026-08-28 00:00:00+05:30,9.49,31.6,99.3,1.31,219.00000000000003,2.01,7.94,2.22,0.39,True,9
3409514,"Ghatkopar, Mumbai - BMC",N,2026-08-29 00:00:00+05:30,6.11,31.6,99.2,1.36,223.0,1.49,4.31,2.38,0.361,True,9
3409514,"Ghatkopar, Mumbai - BMC",N,2026-08-30 00:00:00+05:30,11.4,31.8,99.1,1.41,220.99999999999997,1.67,4.08,1.41,,False,8
3409514,"Ghatkopar, Mumbai - BMC",N,2026-08-31 00:00:00+05:30,12.1,31.7,98.1,1.44,220.99999999999997,9.86,4.57,0.716,0.395,True,9
3409514,"Ghatkopar, Mumbai - BMC",N,2026-09-01 00:00:00+05:30,12.4,31.3,99.1,1.23,219.99999999999997,4.06,4.89,2.05,0.416,True,9
3409514,"Ghatkopar, Mumbai - BMC",N,2026-09-02 00:00:00+05:30,11.4,31.3,99.2,1.04,217.99999999999997,13.5,4.53,2.29,0.434,True,9
3409514,"Ghatkopar, Mumbai - BMC",N,2026-09-03 00:00:00+05:30,13.6,31.3,99.2,1.25,210.99999999999997,13.5,4.51,3.37,0.489,True,9
3409514,"Ghatkopar, Mumbai - BMC",N,2026-09-04 00:00:00+05:30,19.7,31.2,99.0,1.14,221.99999999999997,10.3,4.29,9.97,0.351,True,9
3409514,"Ghatkopar, Mumbai - BMC",N,2026-09-05 00:00:00+05:30,20.6,31.0,99.2,1.2,223.0,2.23,3.68,1.43,0.419,True,9
3409514,"Ghatkopar, Mumbai - BMC",N,2026-09-06 00:00:00+05:30,20.6,31.0,99.2,1.24,203.0,,3.61,2.0,0.494,False,8
3409514,"Ghatkopar, Mumbai - BMC",N,2026-09-07 00:00:00+05:30,18.0,30.6,99.2,1.12,233.99999999999997,0.16,3.93,,0.43,False,8
3409514,"Ghatkopar, Mumbai - BMC",N,2026-09-08 00:00:00+05:30,15.5,30.8,90.9,1.39,219.99999999999997,0.33,4.31,1.65,0.42,True,9
3409514,"Ghatkopar, Mumbai - BMC",N,2026-09-09 00:00:00+05:30,17.8,32.3,91.3,1.31,220.99999999999997,7.84,3.47,0.276,0.432,True,9
3409514,"Ghatkopar, Mumbai - BMC",N,2026-09-10 00:00:00+05:30,22.5,30.8,99.2,0.918,226.0,6.09,3.48,1.67,0.56,True,9
3409514,"Ghatkopar, Mumbai - BMC",N,2026-09-11 00:00:00+05:30,29.4,30.3,98.9,1.21,208.0,16.9,3.46,1.96,0.599,True,9
3409514,"Ghatkopar, Mumbai - BMC",N,2026-09-12 00:00:00+05:30,20.3,29.7,99.2,1.24,230.99999999999997,13.9,3.41,0.3,0.51,True,9
3409514,"Ghatkopar, Mumbai - BMC",N,2026-09-13 00:00:00+05:30,21.1,29.5,99.2,0.953,162.0,10.5,3.53,2.08,0.489,True,9
3409514,"Ghatkopar, Mumbai - BMC",N,2026-09-14 00:00:00+05:30,20.9,30.0,99.2,0.999,206.0,10.8,3.54,0.322,0.559,True,9
3409514,"Ghatkopar, Mumbai - BMC",N,2026-09-15 00:00:00+05:30,29.4,30.7,99.3,1.13,90.7,19.0,3.45,1.89,0.535,True,9
3409514,"Ghatkopar, Mumbai - BMC",N,2026-09-16 00:00:00+05:30,23.9,30.0,99.2,1.14,193.99999999999997,10.8,3.48,0.119,0.605,True,9
3409514,"Ghatkopar, Mumbai - BMC",N,2026-09-17 00:00:00+05:30,26.4,30.0,98.7,1.1,188.99999999999997,7.09,3.42,0.304,0.469,True,9
