urban_ward_code,date,pm25_mean,pm25_median,pm25_min,pm25_max,pm25_std,sensor_count,observation_count
A,2025-02-19,16.1,16.1,16.1,16.1,0.0,1,1
A,2025-02-20,17.3,17.3,17.3,17.3,0.0,1,1
A,2025-02-21,14.2,14.2,14.2,14.2,0.0,1,1
A,2025-02-22,15.5,15.5,15.5,15.5,0.0,1,1
A,2025-02-23,18.9,18.9,18.9,18.9,0.0,1,1
A,2025-02-24,16.0,16.0,16.0,16.0,0.0,1,1
A,2025-02-25,20.2,20.2,20.2,20.2,0.0,1,1
A,2025-02-26,26.9,26.9,26.9,26.9,0.0,1,1
A,2025-02-27,27.0,27.0,27.0,27.0,0.0,1,1
A,2025-02-28,20.4,20.4,20.4,20.4,0.0,1,1
A,2025-03-01,12.1,12.1,12.1,12.1,0.0,1,1
A,2025-03-02,15.2,15.2,15.2,15.2,0.0,1,1
A,2025-03-03,16.3,16.3,16.3,16.3,0.0,1,1
A,2025-03-04,17.1,17.1,17.1,17.1,0.0,1,1
A,2025-03-05,14.7,14.7,14.7,14.7,0.0,1,1
A,2025-03-06,14.1,14.1,14.1,14.1,0.0,1,1
A,2025-03-07,19.4,19.4,19.4,19.4,0.0,1,1
A,2025-03-08,15.7,15.7,15.7,15.7,0.0,1,1
A,2025-03-09,11.5,11.5,11.5,11.5,0.0,1,1
A,2025-03-10,19.5,19.5,19.5,19.5,0.0,1,1
A,2025-03-11,22.1,22.1,22.1,22.1,0.0,1,1
A,2025-03-12,21.9,21.9,21.9,21.9,0.0,1,1
A,2025-03-13,18.0,18.0,18.0,18.0,0.0,1,1
A,2025-03-14,15.7,15.7,15.7,15.7,0.0,1,1
A,2025-03-15,8.56,8.56,8.56,8.56,0.0,1,1
A,2025-03-16,9.79,9.79,9.79,9.79,0.0,1,1
A,2025-03-17,11.3,11.3,11.3,11.3,0.0,1,1
A,2025-03-18,6.93,6.93,6.93,6.93,0.0,1,1
A,2025-03-19,10.2,10.2,10.2,10.2,0.0,1,1
A,2025-03-20,11.1,11.1,11.1,11.1,0.0,1,1
A,2025-03-21,7.48,7.48,7.48,7.48,0.0,1,1
A,2025-03-22,18.3,18.3,18.3,18.3,0.0,1,1
A,2025-03-23,12.3,12.3,12.3,12.3,0.0,1,1
A,2025-03-24,14.9,14.9,14.9,14.9,0.0,1,1
A,2025-03-25,15.7,15.7,15.7,15.7,0.0,1,1
A,2025-03-26,9.28,9.28,9.28,9.28,0.0,1,1
A,2025-03-27,5.33,5.33,5.33,5.33,0.0,1,1
A,2025-03-28,8.32,8.32,8.32,8.32,0.0,1,1
A,2025-03-29,13.5,13.5,13.5,13.5,0.0,1,1
A,2025-03-30,12.1,12.1,12.1,12.1,0.0,1,1
A,2025-03-31,11.5,11.5,11.5,11.5,0.0,1,1
A,2025-04-01,12.1,12.1,12.1,12.1,0.0,1,1
A,2025-04-02,17.3,17.3,17.3,17.3,0.0,1,1
A,2025-04-03,11.8,11.8,11.8,11.8,0.0,1,1
A,2025-04-04,10.8,10.8,10.8,10.8,0.0,1,1
A,2025-04-05,13.8,13.8,13.8,13.8,0.0,1,1
A,2025-04-06,8.75,8.75,8.75,8.75,0.0,1,1
A,2025-04-07,32.7,32.7,32.7,32.7,0.0,1,1
A,2025-04-08,10.2,10.2,10.2,10.2,0.0,1,1
A,2025-04-09,8.5,8.5,8.5,8.5,0.0,1,1
A,2025-04-11,10.7,10.7,10.7,10.7,0.0,1,1
A,2025-04-12,5.11,5.11,5.11,5.11,0.0,1,1
A,2025-04-13,5.37,5.37,5.37,5.37,0.0,1,1
A,2025-04-14,4.62,4.62,4.62,4.62,0.0,1,1
A,2025-04-15,6.25,6.25,6.25,6.25,0.0,1,1
A,2025-04-16,246.0,246.0,246.0,246.0,0.0,1,1
A,2025-04-17,246.0,246.0,246.0,246.0,0.0,1,1
A,2025-04-18,246.0,246.0,246.0,246.0,0.0,1,1
A,2025-04-19,246.0,246.0,246.0,246.0,0.0,1,1
A,2025-04-20,246.0,246.0,246.0,246.0,0.0,1,1
A,2025-04-21,246.0,246.0,246.0,246.0,0.0,1,1
A,2025-04-22,246.0,246.0,246.0,246.0,0.0,1,1
A,2025-04-23,246.0,246.0,246.0,246.0,0.0,1,1
A,2025-04-24,246.0,246.0,246.0,246.0,0.0,1,1
A,2025-04-25,246.0,246.0,246.0,246.0,0.0,1,1
A,2025-04-26,246.0,246.0,246.0,246.0,0.0,1,1
A,2025-04-27,246.0,246.0,246.0,246.0,0.0,1,1
A,2025-04-28,246.0,246.0,246.0,246.0,0.0,1,1
A,2025-04-29,246.0,246.0,246.0,246.0,0.0,1,1
A,2025-04-30,246.0,246.0,246.0,246.0,0.0,1,1
A,2025-05-01,246.0,246.0,246.0,246.0,0.0,1,1
A,2025-05-02,246.0,246.0,246.0,246.0,0.0,1,1
A,2025-05-03,246.0,246.0,246.0,246.0,0.0,1,1
A,2025-05-04,246.0,246.0,246.0,246.0,0.0,1,1
A,2025-05-05,246.0,246.0,246.0,246.0,0.0,1,1
A,2025-05-06,246.0,246.0,246.0,246.0,0.0,1,1
A,2025-05-07,246.0,246.0,246.0,246.0,0.0,1,1
A,2025-05-08,246.0,246.0,246.0,246.0,0.0,1,1
A,2025-05-09,246.0,246.0,246.0,246.0,0.0,1,1
A,2025-05-10,246.0,246.0,246.0,246.0,0.0,1,1
A,2025-05-11,246.0,246.0,246.0,246.0,0.0,1,1
A,2025-05-12,246.0,246.0,246.0,246.0,0.0,1,1
A,2025-05-13,246.0,246.0,246.0,246.0,0.0,1,1
A,2025-05-14,246.0,246.0,246.0,246.0,0.0,1,1
A,2025-05-15,143.0,143.0,143.0,143.0,0.0,1,1
A,2025-05-16,3.39,3.39,3.39,3.39,0.0,1,1
A,2025-05-17,3.94,3.94,3.94,3.94,0.0,1,1
A,2025-05-18,2.79,2.79,2.79,2.79,0.0,1,1
A,2025-05-19,3.99,3.99,3.99,3.99,0.0,1,1
A,2025-05-20,4.33,4.33,4.33,4.33,0.0,1,1
A,2025-05-21,3.84,3.84,3.84,3.84,0.0,1,1
A,2025-05-22,11.0,11.0,11.0,11.0,0.0,1,1
A,2025-05-23,10.8,10.8,10.8,10.8,0.0,1,1
A,2025-05-24,10.8,10.8,10.8,10.8,0.0,1,1
A,2025-05-25,14.1,14.1,14.1,14.1,0.0,1,1
A,2025-05-28,19.1,19.1,19.1,19.1,0.0,1,1
A,2025-05-29,27.7,27.7,27.7,27.7,0.0,1,1
A,2025-05-30,56.7,56.7,56.7,56.7,0.0,1,1
A,2025-05-31,17.2,17.2,17.2,17.2,0.0,1,1
A,2025-06-01,52.8,52.8,52.8,52.8,0.0,1,1
A,2025-06-02,129.0,129.0,129.0,129.0,0.0,1,1
A,2025-06-03,10.6,10.6,10.6,10.6,0.0,1,1
A,2025-06-04,18.3,18.3,18.3,18.3,0.0,1,1
A,2025-06-05,33.6,33.6,33.6,33.6,0.0,1,1
A,2025-06-06,19.4,19.4,19.4,19.4,0.0,1,1
A,2025-06-13,82.0,82.0,82.0,82.0,0.0,1,1
A,2025-06-14,70.0,70.0,70.0,70.0,0.0,1,1
A,2025-06-15,127.0,127.0,127.0,127.0,0.0,1,1
A,2025-06-16,10.7,10.7,10.7,10.7,0.0,1,1
A,2025-06-17,69.0,69.0,69.0,69.0,0.0,1,1
A,2025-06-18,109.0,109.0,109.0,109.0,0.0,1,1
A,2025-06-21,30.1,30.1,30.1,30.1,0.0,1,1
A,2025-06-22,30.0,30.0,30.0,30.0,0.0,1,1
A,2025-06-23,45.3,45.3,45.3,45.3,0.0,1,1
A,2025-06-24,142.0,142.0,142.0,142.0,0.0,1,1
A,2025-06-25,32.6,32.6,32.6,32.6,0.0,1,1
A,2025-06-26,33.0,33.0,33.0,33.0,0.0,1,1
A,2025-06-27,109.0,109.0,109.0,109.0,0.0,1,1
A,2025-06-28,20.1,20.1,20.1,20.1,0.0,1,1
A,2025-06-29,16.8,16.8,16.8,16.8,0.0,1,1
A,2025-06-30,17.1,17.1,17.1,17.1,0.0,1,1
A,2025-07-01,18.3,18.3,18.3,18.3,0.0,1,1
A,2025-07-02,15.1,15.1,15.1,15.1,0.0,1,1
A,2025-07-03,17.0,17.0,17.0,17.0,0.0,1,1
A,2025-07-04,18.4,18.4,18.4,18.4,0.0,1,1
A,2025-07-05,17.7,17.7,17.7,17.7,0.0,1,1
A,2025-07-06,17.8,17.8,17.8,17.8,0.0,1,1
A,2025-07-07,18.3,18.3,18.3,18.3,0.0,1,1
A,2025-07-08,18.4,18.4,18.4,18.4,0.0,1,1
A,2025-07-09,18.6,18.6,18.6,18.6,0.0,1,1
A,2025-07-10,18.6,18.6,18.6,18.6,0.0,1,1
A,2025-07-11,15.6,15.6,15.6,15.6,0.0,1,1
A,2025-07-12,13.7,13.7,13.7,13.7,0.0,1,1
A,2025-07-13,13.6,13.6,13.6,13.6,0.0,1,1
A,2025-07-14,9.18,9.18,9.18,9.18,0.0,1,1
A,2025-07-15,14.2,14.2,14.2,14.2,0.0,1,1
A,2025-07-16,19.5,19.5,19.5,19.5,0.0,1,1
A,2025-07-17,17.3,17.3,17.3,17.3,0.0,1,1
A,2025-07-18,16.6,16.6,16.6,16.6,0.0,1,1
A,2025-07-19,21.7,21.7,21.7,21.7,0.0,1,1
A,2025-07-20,12.0,12.0,12.0,12.0,0.0,1,1
A,2025-07-21,11.8,11.8,11.8,11.8,0.0,1,1
A,2025-07-22,60.7,60.7,60.7,60.7,0.0,1,1
A,2025-07-23,13.3,13.3,13.3,13.3,0.0,1,1
A,2025-07-24,14.2,14.2,14.2,14.2,0.0,1,1
A,2025-07-25,11.0,11.0,11.0,11.0,0.0,1,1
A,2025-07-26,17.4,17.4,17.4,17.4,0.0,1,1
A,2025-07-27,16.9,16.9,16.9,16.9,0.0,1,1
A,2025-07-28,17.2,17.2,17.2,17.2,0.0,1,1
A,2025-07-29,14.4,14.4,14.4,14.4,0.0,1,1
A,2025-07-30,18.0,18.0,18.0,18.0,0.0,1,1
A,2025-07-31,19.9,19.9,19.9,19.9,0.0,1,1
A,2025-08-01,17.3,17.3,17.3,17.3,0.0,1,1
A,2025-08-02,17.2,17.2,17.2,17.2,0.0,1,1
A,2025-08-03,13.3,13.3,13.3,13.3,0.0,1,1
A,2025-08-04,15.7,15.7,15.7,15.7,0.0,1,1
A,2025-08-05,15.6,15.6,15.6,15.6,0.0,1,1
A,2025-08-06,13.5,13.5,13.5,13.5,0.0,1,1
A,2025-08-07,16.4,16.4,16.4,16.4,0.0,1,1
A,2025-08-08,19.0,19.0,19.0,19.0,0.0,1,1
A,2025-08-09,25.5,25.5,25.5,25.5,0.0,1,1
A,2025-08-10,16.3,16.3,16.3,16.3,0.0,1,1
A,2025-08-11,18.8,18.8,18.8,18.8,0.0,1,1
A,2025-08-12,13.8,13.8,13.8,13.8,0.0,1,1
A,2025-08-13,193.0,193.0,193.0,193.0,0.0,1,1
A,2025-08-14,227.0,227.0,227.0,227.0,0.0,1,1
A,2025-08-15,7.33,7.33,7.33,7.33,0.0,1,1
A,2025-08-16,11.9,11.9,11.9,11.9,0.0,1,1
A,2025-08-17,10.7,10.7,10.7,10.7,0.0,1,1
A,2025-08-18,13.1,13.1,13.1,13.1,0.0,1,1
A,2025-08-19,12.8,12.8,12.8,12.8,0.0,1,1
A,2025-08-20,17.4,17.4,17.4,17.4,0.0,1,1
A,2025-08-21,17.0,17.0,17.0,17.0,0.0,1,1
A,2025-08-22,14.8,14.8,14.8,14.8,0.0,1,1
A,2025-08-23,15.6,15.6,15.6,15.6,0.0,1,1
A,2025-08-24,14.4,14.4,14.4,14.4,0.0,1,1
A,2025-08-25,12.0,12.0,12.0,12.0,0.0,1,1
A,2025-08-26,14.7,14.7,14.7,14.7,0.0,1,1
A,2025-08-27,13.4,13.4,13.4,13.4,0.0,1,1
A,2025-08-28,18.9,18.9,18.9,18.9,0.0,1,1
A,2025-08-29,13.2,13.2,13.2,13.2,0.0,1,1
A,2025-08-30,12.2,12.2,12.2,12.2,0.0,1,1
A,2025-08-31,18.3,18.3,18.3,18.3,0.0,1,1
A,2025-09-01,15.6,15.6,15.6,15.6,0.0,1,1
A,2025-09-02,16.9,16.9,16.9,16.9,0.0,1,1
A,2025-09-03,19.1,19.1,19.1,19.1,0.0,1,1
A,2025-09-04,18.1,18.1,18.1,18.1,0.0,1,1
A,2025-09-05,20.1,20.1,20.1,20.1,0.0,1,1
A,2025-09-06,14.3,14.3,14.3,14.3,0.0,1,1
A,2025-09-07,42.7,42.7,42.7,42.7,0.0,1,1
A,2025-09-08,13.7,13.7,13.7,13.7,0.0,1,1
A,2025-09-09,15.5,15.5,15.5,15.5,0.0,1,1
A,2025-09-10,20.3,20.3,20.3,20.3,0.0,1,1
A,2025-09-11,15.0,15.0,15.0,15.0,0.0,1,1
A,2025-09-12,14.1,14.1,14.1,14.1,0.0,1,1
A,2025-09-13,17.8,17.8,17.8,17.8,0.0,1,1
A,2025-09-14,27.7,27.7,27.7,27.7,0.0,1,1
A,2025-09-15,13.9,13.9,13.9,13.9,0.0,1,1
A,2025-09-16,13.6,13.6,13.6,13.6,0.0,1,1
A,2025-09-17,9.86,9.86,9.86,9.86,0.0,1,1
A,2025-09-18,11.1,11.1,11.1,11.1,0.0,1,1
A,2025-09-19,11.8,11.8,11.8,11.8,0.0,1,1
A,2025-09-20,10.9,10.9,10.9,10.9,0.0,1,1
A,2025-09-21,10.1,10.1,10.1,10.1,0.0,1,1
A,2025-10-12,72.7,72.7,72.7,72.7,0.0,1,1
A,2025-10-13,68.6,68.6,68.6,68.6,0.0,1,1
A,2025-10-14,67.7,67.7,67.7,67.7,0.0,1,1
A,2025-10-15,68.2,68.2,68.2,68.2,0.0,1,1
A,2025-10-16,48.9,48.9,48.9,48.9,0.0,1,1
A,2025-10-17,82.1,82.1,82.1,82.1,0.0,1,1
A,2025-10-18,79.8,79.8,79.8,79.8,0.0,1,1
A,2025-10-19,78.3,78.3,78.3,78.3,0.0,1,1
A,2025-10-20,69.3,69.3,69.3,69.3,0.0,1,1
A,2025-10-21,60.3,60.3,60.3,60.3,0.0,1,1
A,2025-10-22,29.2,29.2,29.2,29.2,0.0,1,1
A,2025-10-23,28.0,28.0,28.0,28.0,0.0,1,1
A,2025-10-24,17.9,17.9,17.9,17.9,0.0,1,1
A,2025-10-25,19.1,19.1,19.1,19.1,0.0,1,1
A,2025-10-26,34.0,34.0,34.0,34.0,0.0,1,1
A,2025-10-27,35.7,35.7,35.7,35.7,0.0,1,1
A,2025-10-29,22.6,22.6,22.6,22.6,0.0,1,1
A,2025-10-30,19.5,19.5,19.5,19.5,0.0,1,1
A,2025-10-31,14.7,14.7,14.7,14.7,0.0,1,1
A,2025-11-01,12.3,12.3,12.3,12.3,0.0,1,1
A,2025-11-02,9.75,9.75,9.75,9.75,0.0,1,1
A,2025-11-03,14.4,14.4,14.4,14.4,0.0,1,1
A,2025-11-04,9.95,9.95,9.95,9.95,0.0,1,1
A,2025-11-05,11.6,11.6,11.6,11.6,0.0,1,1
A,2025-11-06,18.3,18.3,18.3,18.3,0.0,1,1
A,2025-11-07,28.0,28.0,28.0,28.0,0.0,1,1
A,2025-11-08,19.5,19.5,19.5,19.5,0.0,1,1
A,2025-11-09,16.8,16.8,16.8,16.8,0.0,1,1
A,2025-11-10,20.8,20.8,20.8,20.8,0.0,1,1
A,2025-11-11,29.5,29.5,29.5,29.5,0.0,1,1
A,2025-11-12,23.4,23.4,23.4,23.4,0.0,1,1
A,2025-11-13,25.3,25.3,25.3,25.3,0.0,1,1
A,2025-11-14,29.5,29.5,29.5,29.5,0.0,1,1
A,2025-11-15,28.6,28.6,28.6,28.6,0.0,1,1
A,2025-11-16,29.7,29.7,29.7,29.7,0.0,1,1
A,2025-11-17,30.4,30.4,30.4,30.4,0.0,1,1
A,2025-11-18,29.3,29.3,29.3,29.3,0.0,1,1
A,2025-11-19,32.4,32.4,32.4,32.4,0.0,1,1
A,2025-11-20,28.7,28.7,28.7,28.7,0.0,1,1
A,2025-11-21,34.6,34.6,34.6,34.6,0.0,1,1
A,2025-11-22,39.7,39.7,39.7,39.7,0.0,1,1
A,2025-11-23,45.8,45.8,45.8,45.8,0.0,1,1
A,2025-11-26,365.0,365.0,365.0,365.0,0.0,1,1
A,2025-11-27,38.9,38.9,38.9,38.9,0.0,1,1
A,2025-11-28,40.8,40.8,40.8,40.8,0.0,1,1
A,2025-11-29,30.8,30.8,30.8,30.8,0.0,1,1
A,2025-11-30,27.8,27.8,27.8,27.8,0.0,1,1
A,2025-12-01,31.4,31.4,31.4,31.4,0.0,1,1
A,2025-12-02,35.9,35.9,35.9,35.9,0.0,1,1
A,2025-12-03,38.2,38.2,38.2,38.2,0.0,1,1
A,2025-12-10,25.6,25.6,25.6,25.6,0.0,1,1
A,2025-12-11,36.0,36.0,36.0,36.0,0.0,1,1
A,2025-12-12,38.4,38.4,38.4,38.4,0.0,1,1
A,2025-12-13,48.4,48.4,48.4,48.4,0.0,1,1
A,2025-12-14,39.9,39.9,39.9,39.9,0.0,1,1
A,2025-12-15,38.1,38.1,38.1,38.1,0.0,1,1
A,2025-12-26,220.0,220.0,220.0,220.0,0.0,1,1
A,2025-12-27,54.3,54.3,54.3,54.3,0.0,1,1
A,2025-12-28,55.0,55.0,55.0,55.0,0.0,1,1
A,2025-12-29,33.2,33.2,33.2,33.2,0.0,1,1
A,2025-12-30,24.5,24.5,24.5,24.5,0.0,1,1
A,2026-01-04,36.5,36.5,36.5,36.5,0.0,1,1
A,2026-01-05,37.4,37.4,37.4,37.4,0.0,1,1
A,2026-01-06,35.1,35.1,35.1,35.1,0.0,1,1
A,2026-01-07,44.1,44.1,44.1,44.1,0.0,1,1
A,2026-01-08,36.6,36.6,36.6,36.6,0.0,1,1
A,2026-01-09,31.9,31.9,31.9,31.9,0.0,1,1
A,2026-01-10,31.9,31.9,31.9,31.9,0.0,1,1
A,2026-01-20,29.4,29.4,29.4,29.4,0.0,1,1
A,2026-01-21,39.3,39.3,39.3,39.3,0.0,1,1
A,2026-01-22,39.5,39.5,39.5,39.5,0.0,1,1
A,2026-01-23,33.0,33.0,33.0,33.0,0.0,1,1
A,2026-01-24,28.7,28.7,28.7,28.7,0.0,1,1
A,2026-01-25,47.9,47.9,47.9,47.9,0.0,1,1
A,2026-01-26,68.4,68.4,68.4,68.4,0.0,1,1
A,2026-01-27,34.7,34.7,34.7,34.7,0.0,1,1
A,2026-01-28,24.5,24.5,24.5,24.5,0.0,1,1
A,2026-01-29,39.6,39.6,39.6,39.6,0.0,1,1
A,2026-01-30,52.1,52.1,52.1,52.1,0.0,1,1
A,2026-01-31,46.5,46.5,46.5,46.5,0.0,1,1
A,2026-02-01,60.9,60.9,60.9,60.9,0.0,1,1
A,2026-02-02,69.3,69.3,69.3,69.3,0.0,1,1
A,2026-02-03,72.6,72.6,72.6,72.6,0.0,1,1
A,2026-02-04,62.1,62.1,62.1,62.1,0.0,1,1
A,2026-02-05,57.9,57.9,57.9,57.9,0.0,1,1
A,2026-02-06,55.5,55.5,55.5,55.5,0.0,1,1
A,2026-02-07,362.0,362.0,362.0,362.0,0.0,1,1
A,2026-02-08,443.0,443.0,443.0,443.0,0.0,1,1
A,2026-02-09,443.0,443.0,443.0,443.0,0.0,1,1
A,2026-02-10,250.0,250.0,250.0,250.0,0.0,1,1
A,2026-02-11,41.9,41.9,41.9,41.9,0.0,1,1
A,2026-02-12,44.7,44.7,44.7,44.7,0.0,1,1
A,2026-02-13,52.7,52.7,52.7,52.7,0.0,1,1
A,2026-02-14,60.0,60.0,60.0,60.0,0.0,1,1
A,2026-02-15,49.8,49.8,49.8,49.8,0.0,1,1
A,2026-02-16,44.3,44.3,44.3,44.3,0.0,1,1
A,2026-02-17,23.4,23.4,23.4,23.4,0.0,1,1
A,2026-02-18,10.2,10.2,10.2,10.2,0.0,1,1
A,2026-02-19,32.3,32.3,32.3,32.3,0.0,1,1
A,2026-02-20,50.3,50.3,50.3,50.3,0.0,1,1
A,2026-02-21,67.1,67.1,67.1,67.1,0.0,1,1
A,2026-02-22,50.4,50.4,50.4,50.4,0.0,1,1
A,2026-02-23,39.7,39.7,39.7,39.7,0.0,1,1
A,2026-02-24,38.8,38.8,38.8,38.8,0.0,1,1
A,2026-02-25,25.7,25.7,25.7,25.7,0.0,1,1
A,2026-02-26,11.7,11.7,11.7,11.7,0.0,1,1
A,2026-02-27,7.74,7.74,7.74,7.74,0.0,1,1
A,2026-02-28,7.11,7.11,7.11,7.11,0.0,1,1
A,2026-03-01,13.4,13.4,13.4,13.4,0.0,1,1
A,2026-03-02,15.4,15.4,15.4,15.4,0.0,1,1
A,2026-03-03,37.4,37.4,37.4,37.4,0.0,1,1
A,2026-03-04,37.1,37.1,37.1,37.1,0.0,1,1
A,2026-03-06,25.3,25.3,25.3,25.3,0.0,1,1
A,2026-03-10,33.3,33.3,33.3,33.3,0.0,1,1
A,2026-03-11,36.3,36.3,36.3,36.3,0.0,1,1
A,2026-03-12,31.0,31.0,31.0,31.0,0.0,1,1
A,2026-03-13,35.0,35.0,35.0,35.0,0.0,1,1
A,2026-03-14,15.5,15.5,15.5,15.5,0.0,1,1
A,2026-03-15,10.6,10.6,10.6,10.6,0.0,1,1
A,2026-03-16,8.25,8.25,8.25,8.25,0.0,1,1
A,2026-03-17,18.6,18.6,18.6,18.6,0.0,1,1
A,2026-03-18,16.2,16.2,16.2,16.2,0.0,1,1
A,2026-03-19,15.7,15.7,15.7,15.7,0.0,1,1
A,2026-03-20,18.1,18.1,18.1,18.1,0.0,1,1
A,2026-03-21,24.1,24.1,24.1,24.1,0.0,1,1
A,2026-03-22,39.7,39.7,39.7,39.7,0.0,1,1
A,2026-03-23,46.3,46.3,46.3,46.3,0.0,1,1
A,2026-03-24,39.9,39.9,39.9,39.9,0.0,1,1
A,2026-03-25,25.3,25.3,25.3,25.3,0.0,1,1
A,2026-03-26,29.3,29.3,29.3,29.3,0.0,1,1
A,2026-03-27,33.1,33.1,33.1,33.1,0.0,1,1
A,2026-03-28,10.5,10.5,10.5,10.5,0.0,1,1
A,2026-03-29,4.16,4.16,4.16,4.16,0.0,1,1
A,2026-03-30,5.0,5.0,5.0,5.0,0.0,1,1
A,2026-03-31,2.41,2.41,2.41,2.41,0.0,1,1
A,2026-04-01,3.87,3.87,3.87,3.87,0.0,1,1
A,2026-04-02,4.47,4.47,4.47,4.47,0.0,1,1
A,2026-04-03,16.0,16.0,16.0,16.0,0.0,1,1
A,2026-04-04,6.18,6.18,6.18,6.18,0.0,1,1
A,2026-04-05,6.01,6.01,6.01,6.01,0.0,1,1
A,2026-04-06,8.86,8.86,8.86,8.86,0.0,1,1
A,2026-04-07,10.8,10.8,10.8,10.8,0.0,1,1
A,2026-04-08,7.66,7.66,7.66,7.66,0.0,1,1
A,2026-04-09,9.92,9.92,9.92,9.92,0.0,1,1
A,2026-04-10,16.6,16.6,16.6,16.6,0.0,1,1
A,2026-04-11,24.7,24.7,24.7,24.7,0.0,1,1
A,2026-04-12,22.2,22.2,22.2,22.2,0.0,1,1
A,2026-04-13,18.6,18.6,18.6,18.6,0.0,1,1
A,2026-04-14,20.4,20.4,20.4,20.4,0.0,1,1
A,2026-04-15,6.81,6.81,6.81,6.81,0.0,1,1
A,2026-04-16,7.68,7.68,7.68,7.68,0.0,1,1
A,2026-04-17,8.52,8.52,8.52,8.52,0.0,1,1
A,2026-04-18,13.9,13.9,13.9,13.9,0.0,1,1
A,2026-04-19,12.6,12.6,12.6,12.6,0.0,1,1
A,2026-04-20,11.9,11.9,11.9,11.9,0.0,1,1
A,2026-04-21,16.9,16.9,16.9,16.9,0.0,1,1
A,2026-04-22,12.6,12.6,12.6,12.6,0.0,1,1
A,2026-04-23,14.0,14.0,14.0,14.0,0.0,1,1
A,2026-04-24,13.2,13.2,13.2,13.2,0.0,1,1
A,2026-04-25,16.4,16.4,16.4,16.4,0.0,1,1
A,2026-04-26,15.8,15.8,15.8,15.8,0.0,1,1
A,2026-04-27,14.6,14.6,14.6,14.6,0.0,1,1
A,2026-05-03,46.9,46.9,46.9,46.9,0.0,1,1
A,2026-05-04,14.8,14.8,14.8,14.8,0.0,1,1
A,2026-05-05,15.6,15.6,15.6,15.6,0.0,1,1
A,2026-05-06,17.2,17.2,17.2,17.2,0.0,1,1
A,2026-05-07,15.6,15.6,15.6,15.6,0.0,1,1
A,2026-05-08,17.8,17.8,17.8,17.8,0.0,1,1
A,2026-05-09,16.2,16.2,16.2,16.2,0.0,1,1
A,2026-05-10,19.1,19.1,19.1,19.1,0.0,1,1
A,2026-05-11,12.8,12.8,12.8,12.8,0.0,1,1
A,2026-05-12,12.4,12.4,12.4,12.4,0.0,1,1
A,2026-05-13,11.2,11.2,11.2,11.2,0.0,1,1
A,2026-05-14,12.8,12.8,12.8,12.8,0.0,1,1
A,2026-05-15,13.4,13.4,13.4,13.4,0.0,1,1
A,2026-05-16,4.59,4.59,4.59,4.59,0.0,1,1
A,2026-05-17,7.64,7.64,7.64,7.64,0.0,1,1
A,2026-05-18,33.6,33.6,33.6,33.6,0.0,1,1
A,2026-05-19,8.55,8.55,8.55,8.55,0.0,1,1
A,2026-05-22,8.98,8.98,8.98,8.98,0.0,1,1
A,2026-05-23,7.95,7.95,7.95,7.95,0.0,1,1
A,2026-05-24,4.86,4.86,4.86,4.86,0.0,1,1
A,2026-05-25,5.42,5.42,5.42,5.42,0.0,1,1
A,2026-05-26,7.02,7.02,7.02,7.02,0.0,1,1
A,2026-05-27,7.91,7.91,7.91,7.91,0.0,1,1
A,2026-05-28,14.9,14.9,14.9,14.9,0.0,1,1
E,2025-02-19,48.1,48.1,48.1,48.1,0.0,1,1
E,2025-02-20,49.7,49.7,49.7,49.7,0.0,1,1
E,2025-02-21,39.2,39.2,39.2,39.2,0.0,1,1
E,2025-02-22,39.3,39.3,39.3,39.3,0.0,1,1
E,2025-02-23,47.9,47.9,47.9,47.9,0.0,1,1
E,2025-02-24,40.1,40.1,40.1,40.1,0.0,1,1
E,2025-02-25,48.9,48.9,48.9,48.9,0.0,1,1
E,2025-02-26,71.6,71.6,71.6,71.6,0.0,1,1
E,2025-02-27,74.1,74.1,74.1,74.1,0.0,1,1
E,2025-02-28,65.9,65.9,65.9,65.9,0.0,1,1
E,2025-03-01,34.7,34.7,34.7,34.7,0.0,1,1
E,2025-03-02,40.1,40.1,40.1,40.1,0.0,1,1
E,2025-03-03,38.5,38.5,38.5,38.5,0.0,1,1
E,2025-03-04,42.7,42.7,42.7,42.7,0.0,1,1
E,2025-03-05,42.9,42.9,42.9,42.9,0.0,1,1
E,2025-03-06,41.9,41.9,41.9,41.9,0.0,1,1
E,2025-03-07,61.3,61.3,61.3,61.3,0.0,1,1
E,2025-03-08,58.7,58.7,58.7,58.7,0.0,1,1
E,2025-03-09,40.8,40.8,40.8,40.8,0.0,1,1
E,2025-03-10,59.0,59.0,59.0,59.0,0.0,1,1
E,2025-03-11,70.8,70.8,70.8,70.8,0.0,1,1
E,2025-03-12,65.3,65.3,65.3,65.3,0.0,1,1
E,2025-03-13,55.5,55.5,55.5,55.5,0.0,1,1
E,2025-03-14,51.1,51.1,51.1,51.1,0.0,1,1
E,2025-03-15,23.9,23.9,23.9,23.9,0.0,1,1
E,2025-03-16,27.0,27.0,27.0,27.0,0.0,1,1
E,2025-03-17,32.0,32.0,32.0,32.0,0.0,1,1
E,2025-03-18,15.4,15.4,15.4,15.4,0.0,1,1
E,2025-03-19,26.2,26.2,26.2,26.2,0.0,1,1
E,2025-03-20,27.3,27.3,27.3,27.3,0.0,1,1
E,2025-03-21,20.2,20.2,20.2,20.2,0.0,1,1
E,2025-03-22,15.2,15.2,15.2,15.2,0.0,1,1
E,2025-03-23,24.4,24.4,24.4,24.4,0.0,1,1
E,2025-03-24,30.9,30.9,30.9,30.9,0.0,1,1
E,2025-03-25,37.6,37.6,37.6,37.6,0.0,1,1
E,2025-03-26,15.0,15.0,15.0,15.0,0.0,1,1
E,2025-03-27,16.4,16.4,16.4,16.4,0.0,1,1
E,2025-03-28,20.0,20.0,20.0,20.0,0.0,1,1
E,2025-03-29,36.7,36.7,36.7,36.7,0.0,1,1
E,2025-03-30,32.4,32.4,32.4,32.4,0.0,1,1
E,2025-03-31,26.8,26.8,26.8,26.8,0.0,1,1
E,2025-04-01,27.0,27.0,27.0,27.0,0.0,1,1
E,2025-04-02,40.9,40.9,40.9,40.9,0.0,1,1
E,2025-04-03,31.5,31.5,31.5,31.5,0.0,1,1
E,2025-04-04,24.4,24.4,24.4,24.4,0.0,1,1
E,2025-04-05,38.8,38.8,38.8,38.8,0.0,1,1
E,2025-04-06,23.6,23.6,23.6,23.6,0.0,1,1
E,2025-04-07,24.7,24.7,24.7,24.7,0.0,1,1
E,2025-04-08,27.6,27.6,27.6,27.6,0.0,1,1
E,2025-04-09,25.9,25.9,25.9,25.9,0.0,1,1
E,2025-04-11,16.9,16.9,16.9,16.9,0.0,1,1
E,2025-04-12,17.2,17.2,17.2,17.2,0.0,1,1
E,2025-04-13,19.8,19.8,19.8,19.8,0.0,1,1
E,2025-04-14,18.3,18.3,18.3,18.3,0.0,1,1
E,2025-04-15,21.9,21.9,21.9,21.9,0.0,1,1
E,2025-04-16,18.3,18.3,18.3,18.3,0.0,1,1
E,2025-04-17,15.8,15.8,15.8,15.8,0.0,1,1
E,2025-04-18,14.7,14.7,14.7,14.7,0.0,1,1
E,2025-04-19,11.8,11.8,11.8,11.8,0.0,1,1
E,2025-04-20,17.4,17.4,17.4,17.4,0.0,1,1
E,2025-04-21,16.1,16.1,16.1,16.1,0.0,1,1
E,2025-04-22,26.3,26.3,26.3,26.3,0.0,1,1
E,2025-04-23,25.6,25.6,25.6,25.6,0.0,1,1
E,2025-04-24,21.2,21.2,21.2,21.2,0.0,1,1
E,2025-04-25,16.2,16.2,16.2,16.2,0.0,1,1
E,2025-04-26,15.1,15.1,15.1,15.1,0.0,1,1
E,2025-04-27,18.8,18.8,18.8,18.8,0.0,1,1
E,2025-04-28,18.4,18.4,18.4,18.4,0.0,1,1
E,2025-04-29,22.7,22.7,22.7,22.7,0.0,1,1
E,2025-04-30,20.5,20.5,20.5,20.5,0.0,1,1
E,2025-05-01,19.8,19.8,19.8,19.8,0.0,1,1
E,2025-05-02,20.1,20.1,20.1,20.1,0.0,1,1
E,2025-05-03,19.3,19.3,19.3,19.3,0.0,1,1
E,2025-05-04,16.9,16.9,16.9,16.9,0.0,1,1
E,2025-05-05,20.5,20.5,20.5,20.5,0.0,1,1
E,2025-05-06,20.0,20.0,20.0,20.0,0.0,1,1
E,2025-05-07,19.4,19.4,19.4,19.4,0.0,1,1
E,2025-05-08,11.6,11.6,11.6,11.6,0.0,1,1
E,2025-05-09,11.8,11.8,11.8,11.8,0.0,1,1
E,2025-05-10,15.5,15.5,15.5,15.5,0.0,1,1
E,2025-05-11,13.7,13.7,13.7,13.7,0.0,1,1
E,2025-05-12,14.3,14.3,14.3,14.3,0.0,1,1
E,2025-05-13,17.6,17.6,17.6,17.6,0.0,1,1
E,2025-05-14,30.9,30.9,30.9,30.9,0.0,1,1
E,2025-05-15,27.8,27.8,27.8,27.8,0.0,1,1
E,2025-05-16,12.4,12.4,12.4,12.4,0.0,1,1
E,2025-05-17,9.8,9.8,9.8,9.8,0.0,1,1
E,2025-05-18,8.8,8.8,8.8,8.8,0.0,1,1
E,2025-05-19,12.2,12.2,12.2,12.2,0.0,1,1
E,2025-05-20,12.0,12.0,12.0,12.0,0.0,1,1
E,2025-05-21,15.8,15.8,15.8,15.8,0.0,1,1
E,2025-05-22,16.5,16.5,16.5,16.5,0.0,1,1
E,2025-05-23,27.6,27.6,27.6,27.6,0.0,1,1
E,2025-05-24,32.7,32.7,32.7,32.7,0.0,1,1
E,2025-05-25,12.4,12.4,12.4,12.4,0.0,1,1
E,2025-05-26,11.3,11.3,11.3,11.3,0.0,1,1
E,2025-05-27,8.88,8.88,8.88,8.88,0.0,1,1
E,2025-05-28,21.7,21.7,21.7,21.7,0.0,1,1
E,2025-05-29,22.6,22.6,22.6,22.6,0.0,1,1
E,2025-05-30,19.6,19.6,19.6,19.6,0.0,1,1
E,2025-05-31,18.0,18.0,18.0,18.0,0.0,1,1
E,2025-06-01,16.5,16.5,16.5,16.5,0.0,1,1
E,2025-06-02,17.5,17.5,17.5,17.5,0.0,1,1
E,2025-06-03,17.9,17.9,17.9,17.9,0.0,1,1
E,2025-06-04,16.3,16.3,16.3,16.3,0.0,1,1
E,2025-06-05,19.8,19.8,19.8,19.8,0.0,1,1
E,2025-06-06,14.6,14.6,14.6,14.6,0.0,1,1
E,2025-06-07,10.2,10.2,10.2,10.2,0.0,1,1
E,2025-06-08,14.4,14.4,14.4,14.4,0.0,1,1
E,2025-06-09,10.6,10.6,10.6,10.6,0.0,1,1
E,2025-06-10,5.77,5.77,5.77,5.77,0.0,1,1
E,2025-06-11,8.94,8.94,8.94,8.94,0.0,1,1
E,2025-06-12,7.83,7.83,7.83,7.83,0.0,1,1
E,2025-06-13,12.0,12.0,12.0,12.0,0.0,1,1
E,2025-06-14,9.27,9.27,9.27,9.27,0.0,1,1
E,2025-06-15,15.1,15.1,15.1,15.1,0.0,1,1
E,2025-06-16,4.95,4.95,4.95,4.95,0.0,1,1
E,2025-06-17,12.4,12.4,12.4,12.4,0.0,1,1
E,2025-06-18,9.2,9.2,9.2,9.2,0.0,1,1
E,2025-06-27,14.0,14.0,14.0,14.0,0.0,1,1
E,2025-06-28,14.0,14.0,14.0,14.0,0.0,1,1
E,2025-06-29,10.8,10.8,10.8,10.8,0.0,1,1
E,2025-06-30,11.1,11.1,11.1,11.1,0.0,1,1
E,2025-07-01,12.1,12.1,12.1,12.1,0.0,1,1
E,2025-07-02,12.1,12.1,12.1,12.1,0.0,1,1
E,2025-07-03,10.2,10.2,10.2,10.2,0.0,1,1
E,2025-07-04,10.7,10.7,10.7,10.7,0.0,1,1
E,2025-07-05,9.59,9.59,9.59,9.59,0.0,1,1
E,2025-07-06,12.4,12.4,12.4,12.4,0.0,1,1
E,2025-07-07,12.1,12.1,12.1,12.1,0.0,1,1
E,2025-07-08,12.0,12.0,12.0,12.0,0.0,1,1
E,2025-07-09,11.6,11.6,11.6,11.6,0.0,1,1
E,2025-07-10,12.2,12.2,12.2,12.2,0.0,1,1
E,2025-07-11,13.0,13.0,13.0,13.0,0.0,1,1
E,2025-07-12,10.4,10.4,10.4,10.4,0.0,1,1
E,2025-07-13,10.2,10.2,10.2,10.2,0.0,1,1
E,2025-07-14,7.5,7.5,7.5,7.5,0.0,1,1
E,2025-07-15,8.2,8.2,8.2,8.2,0.0,1,1
E,2025-07-16,10.8,10.8,10.8,10.8,0.0,1,1
E,2025-07-18,11.5,11.5,11.5,11.5,0.0,1,1
E,2025-07-19,13.1,13.1,13.1,13.1,0.0,1,1
E,2025-07-20,10.6,10.6,10.6,10.6,0.0,1,1
E,2025-07-21,19.0,19.0,19.0,19.0,0.0,1,1
E,2025-07-22,8.05,8.05,8.05,8.05,0.0,1,1
E,2025-07-23,11.1,11.1,11.1,11.1,0.0,1,1
E,2025-07-24,9.65,9.65,9.65,9.65,0.0,1,1
E,2025-07-25,7.44,7.44,7.44,7.44,0.0,1,1
E,2025-07-26,9.2,9.2,9.2,9.2,0.0,1,1
E,2025-07-27,13.3,13.3,13.3,13.3,0.0,1,1
E,2025-07-28,12.6,12.6,12.6,12.6,0.0,1,1
E,2025-07-29,10.0,10.0,10.0,10.0,0.0,1,1
E,2025-07-30,13.7,13.7,13.7,13.7,0.0,1,1
E,2025-07-31,14.2,14.2,14.2,14.2,0.0,1,1
E,2025-08-01,12.3,12.3,12.3,12.3,0.0,1,1
E,2025-08-02,11.0,11.0,11.0,11.0,0.0,1,1
E,2025-08-03,10.7,10.7,10.7,10.7,0.0,1,1
E,2025-08-04,10.5,10.5,10.5,10.5,0.0,1,1
E,2025-08-05,9.94,9.94,9.94,9.94,0.0,1,1
E,2025-08-06,7.31,7.31,7.31,7.31,0.0,1,1
E,2025-08-07,9.34,9.34,9.34,9.34,0.0,1,1
E,2025-08-08,13.1,13.1,13.1,13.1,0.0,1,1
E,2025-08-09,16.0,16.0,16.0,16.0,0.0,1,1
E,2025-08-10,12.3,12.3,12.3,12.3,0.0,1,1
E,2025-08-11,10.3,10.3,10.3,10.3,0.0,1,1
E,2025-08-12,9.47,9.47,9.47,9.47,0.0,1,1
E,2025-08-13,8.41,8.41,8.41,8.41,0.0,1,1
E,2025-08-14,8.49,8.49,8.49,8.49,0.0,1,1
E,2025-08-15,5.6,5.6,5.6,5.6,0.0,1,1
E,2025-08-16,9.03,9.03,9.03,9.03,0.0,1,1
E,2025-08-17,8.54,8.54,8.54,8.54,0.0,1,1
E,2025-08-18,7.76,7.76,7.76,7.76,0.0,1,1
E,2025-08-19,7.86,7.86,7.86,7.86,0.0,1,1
E,2025-08-20,16.3,16.3,16.3,16.3,0.0,1,1
E,2025-08-21,7.13,7.13,7.13,7.13,0.0,1,1
E,2025-08-22,22.7,22.7,22.7,22.7,0.0,1,1
E,2025-08-23,17.5,17.5,17.5,17.5,0.0,1,1
E,2025-08-24,16.0,16.0,16.0,16.0,0.0,1,1
E,2025-08-25,15.9,15.9,15.9,15.9,0.0,1,1
E,2025-08-26,15.4,15.4,15.4,15.4,0.0,1,1
E,2025-08-27,17.7,17.7,17.7,17.7,0.0,1,1
E,2025-08-28,21.1,21.1,21.1,21.1,0.0,1,1
E,2025-08-29,24.9,24.9,24.9,24.9,0.0,1,1
E,2025-08-30,21.8,21.8,21.8,21.8,0.0,1,1
E,2025-08-31,24.7,24.7,24.7,24.7,0.0,1,1
E,2025-09-01,23.5,23.5,23.5,23.5,0.0,1,1
E,2025-09-02,20.1,20.1,20.1,20.1,0.0,1,1
E,2025-09-03,19.5,19.5,19.5,19.5,0.0,1,1
E,2025-09-04,19.1,19.1,19.1,19.1,0.0,1,1
E,2025-09-05,19.2,19.2,19.2,19.2,0.0,1,1
E,2025-09-06,19.2,19.2,19.2,19.2,0.0,1,1
E,2025-09-07,22.7,22.7,22.7,22.7,0.0,1,1
E,2025-09-08,22.3,22.3,22.3,22.3,0.0,1,1
E,2025-09-09,24.4,24.4,24.4,24.4,0.0,1,1
E,2025-09-10,22.8,22.8,22.8,22.8,0.0,1,1
E,2025-09-11,20.5,20.5,20.5,20.5,0.0,1,1
E,2025-09-12,21.4,21.4,21.4,21.4,0.0,1,1
E,2025-09-13,32.2,32.2,32.2,32.2,0.0,1,1
E,2025-09-14,28.7,28.7,28.7,28.7,0.0,1,1
E,2025-09-15,21.0,21.0,21.0,21.0,0.0,1,1
E,2025-09-16,26.6,26.6,26.6,26.6,0.0,1,1
E,2025-09-17,13.4,13.4,13.4,13.4,0.0,1,1
E,2025-09-18,6.98,6.98,6.98,6.98,0.0,1,1
E,2025-09-19,9.36,9.36,9.36,9.36,0.0,1,1
E,2025-09-20,12.1,12.1,12.1,12.1,0.0,1,1
E,2025-09-21,8.47,8.47,8.47,8.47,0.0,1,1
E,2025-09-22,12.9,12.9,12.9,12.9,0.0,1,1
E,2025-09-23,16.3,16.3,16.3,16.3,0.0,1,1
E,2025-09-24,10.9,10.9,10.9,10.9,0.0,1,1
E,2025-09-25,9.33,9.33,9.33,9.33,0.0,1,1
E,2025-09-26,18.2,18.2,18.2,18.2,0.0,1,1
E,2025-09-27,16.4,16.4,16.4,16.4,0.0,1,1
E,2025-09-28,10.2,10.2,10.2,10.2,0.0,1,1
E,2025-09-29,14.9,14.9,14.9,14.9,0.0,1,1
E,2025-09-30,12.9,12.9,12.9,12.9,0.0,1,1
E,2025-10-02,13.9,13.9,13.9,13.9,0.0,1,1
E,2025-10-03,9.95,9.95,9.95,9.95,0.0,1,1
E,2025-10-04,10.0,10.0,10.0,10.0,0.0,1,1
E,2025-10-05,18.7,18.7,18.7,18.7,0.0,1,1
E,2025-10-06,16.3,16.3,16.3,16.3,0.0,1,1
E,2025-10-07,14.3,14.3,14.3,14.3,0.0,1,1
E,2025-10-08,21.8,21.8,21.8,21.8,0.0,1,1
E,2025-10-09,34.4,34.4,34.4,34.4,0.0,1,1
E,2025-10-10,55.1,55.1,55.1,55.1,0.0,1,1
E,2025-10-11,64.8,64.8,64.8,64.8,0.0,1,1
E,2025-10-12,63.0,63.0,63.0,63.0,0.0,1,1
E,2025-10-13,63.0,63.0,63.0,63.0,0.0,1,1
E,2025-10-14,62.2,62.2,62.2,62.2,0.0,1,1
E,2025-10-15,63.3,63.3,63.3,63.3,0.0,1,1
E,2025-10-16,46.6,46.6,46.6,46.6,0.0,1,1
E,2025-10-17,40.6,40.6,40.6,40.6,0.0,1,1
E,2025-10-18,61.0,61.0,61.0,61.0,0.0,1,1
E,2025-10-19,83.6,83.6,83.6,83.6,0.0,1,1
E,2025-10-20,110.0,110.0,110.0,110.0,0.0,1,1
E,2025-10-21,117.0,117.0,117.0,117.0,0.0,1,1
E,2025-10-22,48.8,48.8,48.8,48.8,0.0,1,1
E,2025-10-23,53.9,53.9,53.9,53.9,0.0,1,1
E,2025-10-24,20.3,20.3,20.3,20.3,0.0,1,1
E,2025-10-25,12.1,12.1,12.1,12.1,0.0,1,1
E,2025-10-26,8.6,8.6,8.6,8.6,0.0,1,1
E,2025-10-27,11.5,11.5,11.5,11.5,0.0,1,1
E,2025-10-28,25.0,25.0,25.0,25.0,0.0,1,1
E,2025-10-29,29.1,29.1,29.1,29.1,0.0,1,1
E,2025-10-30,16.0,16.0,16.0,16.0,0.0,1,1
E,2025-10-31,18.0,18.0,18.0,18.0,0.0,1,1
E,2025-11-01,16.3,16.3,16.3,16.3,0.0,1,1
E,2025-11-02,11.8,11.8,11.8,11.8,0.0,1,1
E,2025-11-03,12.0,12.0,12.0,12.0,0.0,1,1
E,2025-11-04,15.4,15.4,15.4,15.4,0.0,1,1
E,2025-11-05,17.2,17.2,17.2,17.2,0.0,1,1
E,2025-11-06,34.3,34.3,34.3,34.3,0.0,1,1
E,2025-11-07,53.6,53.6,53.6,53.6,0.0,1,1
E,2025-11-08,40.5,40.5,40.5,40.5,0.0,1,1
E,2025-11-09,37.9,37.9,37.9,37.9,0.0,1,1
E,2025-11-10,38.5,38.5,38.5,38.5,0.0,1,1
E,2025-11-11,25.2,25.2,25.2,25.2,0.0,1,1
E,2025-11-12,30.8,30.8,30.8,30.8,0.0,1,1
E,2025-11-13,34.0,34.0,34.0,34.0,0.0,1,1
E,2025-11-14,37.4,37.4,37.4,37.4,0.0,1,1
E,2025-11-15,38.1,38.1,38.1,38.1,0.0,1,1
E,2025-11-16,27.2,27.2,27.2,27.2,0.0,1,1
E,2025-11-17,37.1,37.1,37.1,37.1,0.0,1,1
E,2025-11-18,43.4,43.4,43.4,43.4,0.0,1,1
E,2025-11-19,40.7,40.7,40.7,40.7,0.0,1,1
E,2025-11-20,43.7,43.7,43.7,43.7,0.0,1,1
E,2025-11-21,58.1,58.1,58.1,58.1,0.0,1,1
E,2025-11-22,54.8,54.8,54.8,54.8,0.0,1,1
E,2025-11-23,88.1,88.1,88.1,88.1,0.0,1,1
E,2025-11-24,68.6,68.6,68.6,68.6,0.0,1,1
E,2025-11-25,82.1,82.1,82.1,82.1,0.0,1,1
E,2025-11-26,84.7,84.7,84.7,84.7,0.0,1,1
E,2025-11-27,78.0,78.0,78.0,78.0,0.0,1,1
E,2025-11-28,76.2,76.2,76.2,76.2,0.0,1,1
E,2025-11-29,66.2,66.2,66.2,66.2,0.0,1,1
E,2025-11-30,51.6,51.6,51.6,51.6,0.0,1,1
E,2025-12-01,68.3,68.3,68.3,68.3,0.0,1,1
E,2025-12-02,93.4,93.4,93.4,93.4,0.0,1,1
E,2025-12-04,65.4,65.4,65.4,65.4,0.0,1,1
E,2025-12-05,70.6,70.6,70.6,70.6,0.0,1,1
E,2025-12-06,59.9,59.9,59.9,59.9,0.0,1,1
E,2025-12-07,60.2,60.2,60.2,60.2,0.0,1,1
E,2025-12-08,60.9,60.9,60.9,60.9,0.0,1,1
E,2025-12-09,49.1,49.1,49.1,49.1,0.0,1,1
E,2025-12-10,43.6,43.6,43.6,43.6,0.0,1,1
E,2025-12-11,41.5,41.5,41.5,41.5,0.0,1,1
E,2025-12-12,49.1,49.1,49.1,49.1,0.0,1,1
E,2025-12-13,62.7,62.7,62.7,62.7,0.0,1,1
E,2025-12-14,66.7,66.7,66.7,66.7,0.0,1,1
E,2025-12-15,58.4,58.4,58.4,58.4,0.0,1,1
E,2025-12-16,55.9,55.9,55.9,55.9,0.0,1,1
E,2025-12-17,67.0,67.0,67.0,67.0,0.0,1,1
E,2025-12-18,72.7,72.7,72.7,72.7,0.0,1,1
E,2025-12-19,68.0,68.0,68.0,68.0,0.0,1,1
E,2025-12-20,45.5,45.5,45.5,45.5,0.0,1,1
E,2025-12-21,38.6,38.6,38.6,38.6,0.0,1,1
E,2025-12-22,54.0,54.0,54.0,54.0,0.0,1,1
E,2025-12-23,53.4,53.4,53.4,53.4,0.0,1,1
E,2025-12-24,38.1,38.1,38.1,38.1,0.0,1,1
E,2025-12-25,55.1,55.1,55.1,55.1,0.0,1,1
E,2025-12-27,56.1,56.1,56.1,56.1,0.0,1,1
E,2025-12-28,76.0,76.0,76.0,76.0,0.0,1,1
E,2025-12-29,73.2,73.2,73.2,73.2,0.0,1,1
E,2025-12-30,82.0,82.0,82.0,82.0,0.0,1,1
E,2025-12-31,79.8,79.8,79.8,79.8,0.0,1,1
E,2026-01-01,38.3,38.3,38.3,38.3,0.0,1,1
E,2026-01-02,59.1,59.1,59.1,59.1,0.0,1,1
E,2026-01-03,65.6,65.6,65.6,65.6,0.0,1,1
E,2026-01-04,88.5,88.5,88.5,88.5,0.0,1,1
E,2026-01-05,72.5,72.5,72.5,72.5,0.0,1,1
E,2026-01-06,77.8,77.8,77.8,77.8,0.0,1,1
E,2026-01-07,88.6,88.6,88.6,88.6,0.0,1,1
E,2026-01-08,58.9,58.9,58.9,58.9,0.0,1,1
E,2026-01-09,58.5,58.5,58.5,58.5,0.0,1,1
E,2026-01-10,62.3,62.3,62.3,62.3,0.0,1,1
E,2026-01-20,46.6,46.6,46.6,46.6,0.0,1,1
E,2026-01-21,68.8,68.8,68.8,68.8,0.0,1,1
E,2026-01-22,70.1,70.1,70.1,70.1,0.0,1,1
E,2026-01-23,42.4,42.4,42.4,42.4,0.0,1,1
E,2026-01-24,33.8,33.8,33.8,33.8,0.0,1,1
E,2026-01-25,54.0,54.0,54.0,54.0,0.0,1,1
E,2026-01-26,66.4,66.4,66.4,66.4,0.0,1,1
E,2026-01-27,6.48,6.48,6.48,6.48,0.0,1,1
E,2026-01-28,17.6,17.6,17.6,17.6,0.0,1,1
E,2026-01-29,48.4,48.4,48.4,48.4,0.0,1,1
E,2026-01-30,66.6,66.6,66.6,66.6,0.0,1,1
E,2026-01-31,53.0,53.0,53.0,53.0,0.0,1,1
E,2026-02-01,65.3,65.3,65.3,65.3,0.0,1,1
E,2026-02-02,81.1,81.1,81.1,81.1,0.0,1,1
E,2026-02-03,81.4,81.4,81.4,81.4,0.0,1,1
E,2026-02-04,72.3,72.3,72.3,72.3,0.0,1,1
E,2026-02-05,60.9,60.9,60.9,60.9,0.0,1,1
E,2026-02-06,77.7,77.7,77.7,77.7,0.0,1,1
E,2026-02-07,62.8,62.8,62.8,62.8,0.0,1,1
E,2026-02-08,50.6,50.6,50.6,50.6,0.0,1,1
E,2026-02-09,62.0,62.0,62.0,62.0,0.0,1,1
E,2026-02-10,49.7,49.7,49.7,49.7,0.0,1,1
E,2026-02-11,45.2,45.2,45.2,45.2,0.0,1,1
E,2026-02-12,65.9,65.9,65.9,65.9,0.0,1,1
E,2026-02-13,55.4,55.4,55.4,55.4,0.0,1,1
E,2026-02-14,63.9,63.9,63.9,63.9,0.0,1,1
E,2026-02-15,44.1,44.1,44.1,44.1,0.0,1,1
E,2026-02-16,30.5,30.5,30.5,30.5,0.0,1,1
E,2026-02-17,12.1,12.1,12.1,12.1,0.0,1,1
E,2026-02-18,6.26,6.26,6.26,6.26,0.0,1,1
E,2026-02-19,20.7,20.7,20.7,20.7,0.0,1,1
E,2026-02-20,28.0,28.0,28.0,28.0,0.0,1,1
E,2026-02-21,35.0,35.0,35.0,35.0,0.0,1,1
E,2026-02-22,24.0,24.0,24.0,24.0,0.0,1,1
E,2026-02-23,17.8,17.8,17.8,17.8,0.0,1,1
E,2026-02-24,13.3,13.3,13.3,13.3,0.0,1,1
E,2026-02-25,13.6,13.6,13.6,13.6,0.0,1,1
E,2026-02-26,8.42,8.42,8.42,8.42,0.0,1,1
E,2026-02-27,9.45,9.45,9.45,9.45,0.0,1,1
E,2026-02-28,10.6,10.6,10.6,10.6,0.0,1,1
E,2026-03-01,24.1,24.1,24.1,24.1,0.0,1,1
E,2026-03-02,24.4,24.4,24.4,24.4,0.0,1,1
E,2026-03-03,37.4,37.4,37.4,37.4,0.0,1,1
E,2026-03-04,28.7,28.7,28.7,28.7,0.0,1,1
E,2026-03-05,46.6,46.6,46.6,46.6,0.0,1,1
E,2026-03-06,52.3,52.3,52.3,52.3,0.0,1,1
E,2026-03-07,36.9,36.9,36.9,36.9,0.0,1,1
E,2026-03-08,67.7,67.7,67.7,67.7,0.0,1,1
E,2026-03-09,121.0,121.0,121.0,121.0,0.0,1,1
E,2026-03-10,61.1,61.1,61.1,61.1,0.0,1,1
E,2026-03-11,71.7,71.7,71.7,71.7,0.0,1,1
E,2026-03-12,56.5,56.5,56.5,56.5,0.0,1,1
E,2026-03-13,57.3,57.3,57.3,57.3,0.0,1,1
E,2026-03-14,32.2,32.2,32.2,32.2,0.0,1,1
E,2026-03-15,21.5,21.5,21.5,21.5,0.0,1,1
E,2026-03-16,13.5,13.5,13.5,13.5,0.0,1,1
E,2026-03-17,19.2,19.2,19.2,19.2,0.0,1,1
E,2026-03-18,22.1,22.1,22.1,22.1,0.0,1,1
E,2026-03-19,18.6,18.6,18.6,18.6,0.0,1,1
E,2026-03-20,20.6,20.6,20.6,20.6,0.0,1,1
E,2026-03-21,22.7,22.7,22.7,22.7,0.0,1,1
E,2026-03-22,41.6,41.6,41.6,41.6,0.0,1,1
E,2026-03-23,53.1,53.1,53.1,53.1,0.0,1,1
E,2026-03-24,43.4,43.4,43.4,43.4,0.0,1,1
E,2026-03-25,29.1,29.1,29.1,29.1,0.0,1,1
E,2026-03-26,31.2,31.2,31.2,31.2,0.0,1,1
E,2026-03-27,38.0,38.0,38.0,38.0,0.0,1,1
E,2026-03-28,14.5,14.5,14.5,14.5,0.0,1,1
E,2026-03-29,7.35,7.35,7.35,7.35,0.0,1,1
E,2026-03-30,9.95,9.95,9.95,9.95,0.0,1,1
E,2026-03-31,3.52,3.52,3.52,3.52,0.0,1,1
E,2026-04-01,7.35,7.35,7.35,7.35,0.0,1,1
E,2026-04-02,8.19,8.19,8.19,8.19,0.0,1,1
E,2026-04-03,23.7,23.7,23.7,23.7,0.0,1,1
E,2026-04-04,11.3,11.3,11.3,11.3,0.0,1,1
E,2026-04-05,8.65,8.65,8.65,8.65,0.0,1,1
E,2026-04-06,10.2,10.2,10.2,10.2,0.0,1,1
E,2026-04-07,9.87,9.87,9.87,9.87,0.0,1,1
E,2026-04-08,14.3,14.3,14.3,14.3,0.0,1,1
E,2026-04-09,15.2,15.2,15.2,15.2,0.0,1,1
E,2026-04-10,29.4,29.4,29.4,29.4,0.0,1,1
E,2026-04-11,36.3,36.3,36.3,36.3,0.0,1,1
E,2026-04-12,35.1,35.1,35.1,35.1,0.0,1,1
E,2026-04-13,27.5,27.5,27.5,27.5,0.0,1,1
E,2026-04-14,33.1,33.1,33.1,33.1,0.0,1,1
E,2026-04-15,14.9,14.9,14.9,14.9,0.0,1,1
E,2026-04-16,10.8,10.8,10.8,10.8,0.0,1,1
E,2026-04-17,13.6,13.6,13.6,13.6,0.0,1,1
E,2026-04-18,19.5,19.5,19.5,19.5,0.0,1,1
E,2026-04-19,24.0,24.0,24.0,24.0,0.0,1,1
E,2026-04-20,16.8,16.8,16.8,16.8,0.0,1,1
E,2026-04-21,27.1,27.1,27.1,27.1,0.0,1,1
E,2026-04-22,22.7,22.7,22.7,22.7,0.0,1,1
E,2026-04-23,24.0,24.0,24.0,24.0,0.0,1,1
E,2026-04-24,25.3,25.3,25.3,25.3,0.0,1,1
E,2026-04-25,27.0,27.0,27.0,27.0,0.0,1,1
E,2026-04-26,24.4,24.4,24.4,24.4,0.0,1,1
E,2026-04-27,16.4,16.4,16.4,16.4,0.0,1,1
E,2026-04-28,17.2,17.2,17.2,17.2,0.0,1,1
E,2026-04-29,16.4,16.4,16.4,16.4,0.0,1,1
E,2026-04-30,14.1,14.1,14.1,14.1,0.0,1,1
E,2026-05-01,17.8,17.8,17.8,17.8,0.0,1,1
E,2026-05-02,17.3,17.3,17.3,17.3,0.0,1,1
E,2026-05-03,20.2,20.2,20.2,20.2,0.0,1,1
E,2026-05-04,18.1,18.1,18.1,18.1,0.0,1,1
E,2026-05-05,17.0,17.0,17.0,17.0,0.0,1,1
E,2026-05-06,22.2,22.2,22.2,22.2,0.0,1,1
E,2026-05-07,18.3,18.3,18.3,18.3,0.0,1,1
E,2026-05-08,96.9,96.9,96.9,96.9,0.0,1,1
E,2026-05-09,319.0,319.0,319.0,319.0,0.0,1,1
E,2026-05-10,35.0,35.0,35.0,35.0,0.0,1,1
E,2026-05-11,37.0,37.0,37.0,37.0,0.0,1,1
E,2026-05-12,28.6,28.6,28.6,28.6,0.0,1,1
E,2026-05-13,34.3,34.3,34.3,34.3,0.0,1,1
E,2026-05-14,23.8,23.8,23.8,23.8,0.0,1,1
E,2026-05-15,19.6,19.6,19.6,19.6,0.0,1,1
E,2026-05-16,19.4,19.4,19.4,19.4,0.0,1,1
E,2026-05-17,17.7,17.7,17.7,17.7,0.0,1,1
E,2026-05-18,25.9,25.9,25.9,25.9,0.0,1,1
E,2026-05-19,19.3,19.3,19.3,19.3,0.0,1,1
E,2026-05-20,7.64,7.64,7.64,7.64,0.0,1,1
E,2026-05-21,8.7,8.7,8.7,8.7,0.0,1,1
E,2026-05-22,13.0,13.0,13.0,13.0,0.0,1,1
E,2026-05-23,20.5,20.5,20.5,20.5,0.0,1,1
E,2026-05-24,7.72,7.72,7.72,7.72,0.0,1,1
E,2026-05-25,8.41,8.41,8.41,8.41,0.0,1,1
E,2026-05-26,9.88,9.88,9.88,9.88,0.0,1,1
E,2026-05-27,9.79,9.79,9.79,9.79,0.0,1,1
E,2026-05-28,11.6,11.6,11.6,11.6,0.0,1,1
E,2026-05-29,14.4,14.4,14.4,14.4,0.0,1,1
E,2026-05-30,15.1,15.1,15.1,15.1,0.0,1,1
E,2026-05-31,16.1,16.1,16.1,16.1,0.0,1,1
E,2026-06-01,12.6,12.6,12.6,12.6,0.0,1,1
E,2026-06-02,13.3,13.3,13.3,13.3,0.0,1,1
E,2026-06-03,15.6,15.6,15.6,15.6,0.0,1,1
E,2026-06-04,15.2,15.2,15.2,15.2,0.0,1,1
E,2026-06-05,9.79,9.79,9.79,9.79,0.0,1,1
E,2026-06-06,5.79,5.79,5.79,5.79,0.0,1,1
E,2026-06-07,15.6,15.6,15.6,15.6,0.0,1,1
E,2026-06-08,14.5,14.5,14.5,14.5,0.0,1,1
E,2026-06-09,16.5,16.5,16.5,16.5,0.0,1,1
E,2026-06-10,17.3,17.3,17.3,17.3,0.0,1,1
E,2026-06-11,18.9,18.9,18.9,18.9,0.0,1,1
E,2026-06-12,17.5,17.5,17.5,17.5,0.0,1,1
E,2026-06-13,15.5,15.5,15.5,15.5,0.0,1,1
E,2026-06-14,12.9,12.9,12.9,12.9,0.0,1,1
E,2026-06-15,13.7,13.7,13.7,13.7,0.0,1,1
E,2026-06-16,13.7,13.7,13.7,13.7,0.0,1,1
E,2026-06-17,12.6,12.6,12.6,12.6,0.0,1,1
E,2026-06-18,12.2,12.2,12.2,12.2,0.0,1,1
E,2026-06-19,12.1,12.1,12.1,12.1,0.0,1,1
E,2026-06-20,12.1,12.1,12.1,12.1,0.0,1,1
E,2026-06-21,11.7,11.7,11.7,11.7,0.0,1,1
E,2026-06-22,10.3,10.3,10.3,10.3,0.0,1,1
E,2026-06-23,8.95,8.95,8.95,8.95,0.0,1,1
E,2026-06-25,16.1,16.1,16.1,16.1,0.0,1,1
E,2026-06-26,13.1,13.1,13.1,13.1,0.0,1,1
E,2026-06-27,14.7,14.7,14.7,14.7,0.0,1,1
E,2026-06-28,12.3,12.3,12.3,12.3,0.0,1,1
E,2026-06-29,13.9,13.9,13.9,13.9,0.0,1,1
E,2026-06-30,13.3,13.3,13.3,13.3,0.0,1,1
E,2026-07-01,11.7,11.7,11.7,11.7,0.0,1,1
E,2026-07-02,14.2,14.2,14.2,14.2,0.0,1,1
E,2026-07-03,12.7,12.7,12.7,12.7,0.0,1,1
E,2026-07-04,12.3,12.3,12.3,12.3,0.0,1,1
E,2026-07-05,15.4,15.4,15.4,15.4,0.0,1,1
E,2026-07-06,22.1,22.1,22.1,22.1,0.0,1,1
E,2026-07-07,14.5,14.5,14.5,14.5,0.0,1,1
E,2026-07-08,16.6,16.6,16.6,16.6,0.0,1,1
E,2026-07-09,9.41,9.41,9.41,9.41,0.0,1,1
E,2026-07-10,7.61,7.61,7.61,7.61,0.0,1,1
E,2026-07-11,9.83,9.83,9.83,9.83,0.0,1,1
E,2026-07-12,12.1,12.1,12.1,12.1,0.0,1,1
E,2026-07-13,11.8,11.8,11.8,11.8,0.0,1,1
E,2026-07-14,11.7,11.7,11.7,11.7,0.0,1,1
E,2026-07-15,13.2,13.2,13.2,13.2,0.0,1,1
E,2026-07-16,12.7,12.7,12.7,12.7,0.0,1,1
E,2026-07-17,13.2,13.2,13.2,13.2,0.0,1,1
E,2026-07-18,12.5,12.5,12.5,12.5,0.0,1,1
E,2026-07-19,11.0,11.0,11.0,11.0,0.0,1,1
E,2026-07-20,10.8,10.8,10.8,10.8,0.0,1,1
E,2026-07-21,10.7,10.7,10.7,10.7,0.0,1,1
E,2026-07-22,10.1,10.1,10.1,10.1,0.0,1,1
E,2026-07-23,10.0,10.0,10.0,10.0,0.0,1,1
E,2026-07-24,10.0,10.0,10.0,10.0,0.0,1,1
E,2026-07-25,11.8,11.8,11.8,11.8,0.0,1,1
E,2026-07-26,11.5,11.5,11.5,11.5,0.0,1,1
E,2026-07-27,12.7,12.7,12.7,12.7,0.0,1,1
E,2026-07-28,12.6,12.6,12.6,12.6,0.0,1,1
E,2026-07-29,14.3,14.3,14.3,14.3,0.0,1,1
E,2026-07-30,16.1,16.1,16.1,16.1,0.0,1,1
E,2026-07-31,14.5,14.5,14.5,14.5,0.0,1,1
E,2026-08-01,14.7,14.7,14.7,14.7,0.0,1,1
E,2026-08-02,12.3,12.3,12.3,12.3,0.0,1,1
E,2026-08-03,12.5,12.5,12.5,12.5,0.0,1,1
E,2026-08-04,12.6,12.6,12.6,12.6,0.0,1,1
E,2026-08-05,11.5,11.5,11.5,11.5,0.0,1,1
E,2026-08-06,11.9,11.9,11.9,11.9,0.0,1,1
E,2026-08-07,9.83,9.83,9.83,9.83,0.0,1,1
E,2026-08-08,11.1,11.1,11.1,11.1,0.0,1,1
E,2026-08-09,12.4,12.4,12.4,12.4,0.0,1,1
E,2026-08-10,11.6,11.6,11.6,11.6,0.0,1,1
E,2026-08-11,11.1,11.1,11.1,11.1,0.0,1,1
E,2026-08-12,11.3,11.3,11.3,11.3,0.0,1,1
E,2026-08-13,9.74,9.74,9.74,9.74,0.0,1,1
E,2026-08-14,10.7,10.7,10.7,10.7,0.0,1,1
E,2026-08-15,12.3,12.3,12.3,12.3,0.0,1,1
E,2026-08-16,10.8,10.8,10.8,10.8,0.0,1,1
E,2026-08-17,9.48,9.48,9.48,9.48,0.0,1,1
E,2026-08-18,10.1,10.1,10.1,10.1,0.0,1,1
E,2026-08-19,9.33,9.33,9.33,9.33,0.0,1,1
E,2026-08-20,8.9,8.9,8.9,8.9,0.0,1,1
E,2026-08-21,9.52,9.52,9.52,9.52,0.0,1,1
E,2026-08-22,9.84,9.84,9.84,9.84,0.0,1,1
E,2026-08-23,10.8,10.8,10.8,10.8,0.0,1,1
E,2026-08-24,12.9,12.9,12.9,12.9,0.0,1,1
E,2026-08-25,13.2,13.2,13.2,13.2,0.0,1,1
E,2026-08-26,12.9,12.9,12.9,12.9,0.0,1,1
E,2026-08-27,9.66,9.66,9.66,9.66,0.0,1,1
E,2026-08-28,8.61,8.61,8.61,8.61,0.0,1,1
E,2026-08-29,7.56,7.56,7.56,7.56,0.0,1,1
E,2026-08-30,8.61,8.61,8.61,8.61,0.0,1,1
E,2026-08-31,8.15,8.15,8.15,8.15,0.0,1,1
E,2026-09-01,6.83,6.83,6.83,6.83,0.0,1,1
E,2026-09-02,7.3,7.3,7.3,7.3,0.0,1,1
E,2026-09-03,8.39,8.39,8.39,8.39,0.0,1,1
E,2026-09-04,9.72,9.72,9.72,9.72,0.0,1,1
E,2026-09-05,7.79,7.79,7.79,7.79,0.0,1,1
E,2026-09-06,9.72,9.72,9.72,9.72,0.0,1,1
E,2026-09-07,8.55,8.55,8.55,8.55,0.0,1,1
E,2026-09-08,7.42,7.42,7.42,7.42,0.0,1,1
E,2026-09-09,6.45,6.45,6.45,6.45,0.0,1,1
E,2026-09-10,6.65,6.65,6.65,6.65,0.0,1,1
E,2026-09-11,8.98,8.98,8.98,8.98,0.0,1,1
E,2026-09-12,9.69,9.69,9.69,9.69,0.0,1,1
E,2026-09-13,15.9,15.9,15.9,15.9,0.0,1,1
E,2026-09-14,16.0,16.0,16.0,16.0,0.0,1,1
E,2026-09-15,10.1,10.1,10.1,10.1,0.0,1,1
E,2026-09-16,10.4,10.4,10.4,10.4,0.0,1,1
E,2026-09-17,8.62,8.62,8.62,8.62,0.0,1,1
FN,2025-02-19,101.0,101.0,101.0,101.0,0.0,1,1
FN,2025-02-20,58.5,58.5,58.5,58.5,0.0,1,1
FN,2025-02-21,52.9,52.9,52.9,52.9,0.0,1,1
FN,2025-02-22,50.2,50.2,50.2,50.2,0.0,1,1
FN,2025-02-23,44.3,44.3,44.3,44.3,0.0,1,1
FN,2025-02-24,69.2,69.2,69.2,69.2,0.0,1,1
FN,2025-02-25,58.3,58.3,58.3,58.3,0.0,1,1
FN,2025-02-26,64.8,64.8,64.8,64.8,0.0,1,1
FN,2025-02-28,56.9,56.9,56.9,56.9,0.0,1,1
FN,2025-03-01,51.1,51.1,51.1,51.1,0.0,1,1
FN,2025-03-02,51.7,51.7,51.7,51.7,0.0,1,1
FN,2025-03-03,53.2,53.2,53.2,53.2,0.0,1,1
FN,2025-03-04,53.8,53.8,53.8,53.8,0.0,1,1
FN,2025-03-05,50.5,50.5,50.5,50.5,0.0,1,1
FN,2025-03-06,53.0,53.0,53.0,53.0,0.0,1,1
FN,2025-03-07,64.4,64.4,64.4,64.4,0.0,1,1
FN,2025-03-08,58.4,58.4,58.4,58.4,0.0,1,1
FN,2025-03-09,52.6,52.6,52.6,52.6,0.0,1,1
FN,2025-03-10,65.7,65.7,65.7,65.7,0.0,1,1
FN,2025-03-11,73.0,73.0,73.0,73.0,0.0,1,1
FN,2025-03-12,88.7,88.7,88.7,88.7,0.0,1,1
FN,2025-03-13,58.0,58.0,58.0,58.0,0.0,1,1
FN,2025-03-14,56.6,56.6,56.6,56.6,0.0,1,1
FN,2025-03-15,42.6,42.6,42.6,42.6,0.0,1,1
FN,2025-03-16,46.4,46.4,46.4,46.4,0.0,1,1
FN,2025-03-17,47.1,47.1,47.1,47.1,0.0,1,1
FN,2025-03-18,42.1,42.1,42.1,42.1,0.0,1,1
FN,2025-03-19,45.1,45.1,45.1,45.1,0.0,1,1
FN,2025-03-20,47.8,47.8,47.8,47.8,0.0,1,1
FN,2025-03-21,40.9,40.9,40.9,40.9,0.0,1,1
FN,2025-03-22,39.7,39.7,39.7,39.7,0.0,1,1
FN,2025-03-23,45.7,45.7,45.7,45.7,0.0,1,1
FN,2025-03-24,48.3,48.3,48.3,48.3,0.0,1,1
FN,2025-03-25,52.5,52.5,52.5,52.5,0.0,1,1
FN,2025-03-26,41.0,41.0,41.0,41.0,0.0,1,1
FN,2025-03-27,38.1,38.1,38.1,38.1,0.0,1,1
FN,2025-03-28,46.3,46.3,46.3,46.3,0.0,1,1
FN,2025-03-29,55.5,55.5,55.5,55.5,0.0,1,1
FN,2025-03-30,51.5,51.5,51.5,51.5,0.0,1,1
FN,2025-03-31,47.2,47.2,47.2,47.2,0.0,1,1
FN,2025-04-01,46.4,46.4,46.4,46.4,0.0,1,1
FN,2025-04-02,54.9,54.9,54.9,54.9,0.0,1,1
FN,2025-04-03,47.8,47.8,47.8,47.8,0.0,1,1
FN,2025-04-04,46.1,46.1,46.1,46.1,0.0,1,1
FN,2025-04-05,51.5,51.5,51.5,51.5,0.0,1,1
FN,2025-04-06,45.6,45.6,45.6,45.6,0.0,1,1
FN,2025-04-07,49.7,49.7,49.7,49.7,0.0,1,1
FN,2025-04-08,53.8,53.8,53.8,53.8,0.0,1,1
FN,2025-05-15,119.0,119.0,119.0,119.0,0.0,1,1
FN,2025-05-16,38.8,38.8,38.8,38.8,0.0,1,1
FN,2025-05-17,39.0,39.0,39.0,39.0,0.0,1,1
FN,2025-05-18,39.5,39.5,39.5,39.5,0.0,1,1
FN,2025-05-19,41.0,41.0,41.0,41.0,0.0,1,1
FN,2025-05-20,41.7,41.7,41.7,41.7,0.0,1,1
FN,2025-05-21,39.4,39.4,39.4,39.4,0.0,1,1
FN,2025-05-22,39.2,39.2,39.2,39.2,0.0,1,1
FN,2025-05-23,47.5,47.5,47.5,47.5,0.0,1,1
FN,2025-05-24,46.9,46.9,46.9,46.9,0.0,1,1
FN,2025-05-25,39.0,39.0,39.0,39.0,0.0,1,1
FN,2025-05-26,39.9,39.9,39.9,39.9,0.0,1,1
FN,2025-05-27,36.0,36.0,36.0,36.0,0.0,1,1
FN,2025-05-28,38.0,38.0,38.0,38.0,0.0,1,1
FN,2025-05-29,266.0,266.0,266.0,266.0,0.0,1,1
FN,2025-05-30,325.0,325.0,325.0,325.0,0.0,1,1
FN,2025-05-31,325.0,325.0,325.0,325.0,0.0,1,1
FN,2025-06-01,325.0,325.0,325.0,325.0,0.0,1,1
FN,2025-06-02,251.0,251.0,251.0,251.0,0.0,1,1
FN,2025-06-03,36.6,36.6,36.6,36.6,0.0,1,1
FN,2025-06-04,37.0,37.0,37.0,37.0,0.0,1,1
FN,2025-06-05,55.2,55.2,55.2,55.2,0.0,1,1
FN,2025-06-06,43.5,43.5,43.5,43.5,0.0,1,1
FN,2025-06-07,38.6,38.6,38.6,38.6,0.0,1,1
FN,2025-06-08,39.8,39.8,39.8,39.8,0.0,1,1
FN,2025-06-09,38.5,38.5,38.5,38.5,0.0,1,1
FN,2025-06-10,36.2,36.2,36.2,36.2,0.0,1,1
FN,2025-06-11,24.4,24.4,24.4,24.4,0.0,1,1
FN,2025-06-12,15.3,15.3,15.3,15.3,0.0,1,1
FN,2025-06-13,23.6,23.6,23.6,23.6,0.0,1,1
FN,2025-06-14,22.7,22.7,22.7,22.7,0.0,1,1
FN,2025-06-15,23.2,23.2,23.2,23.2,0.0,1,1
FN,2025-06-16,11.7,11.7,11.7,11.7,0.0,1,1
FN,2025-06-17,22.9,22.9,22.9,22.9,0.0,1,1
FN,2025-06-18,14.6,14.6,14.6,14.6,0.0,1,1
FN,2025-06-19,17.3,17.3,17.3,17.3,0.0,1,1
FN,2025-06-20,17.0,17.0,17.0,17.0,0.0,1,1
FN,2025-06-21,17.6,17.6,17.6,17.6,0.0,1,1
FN,2025-06-22,16.8,16.8,16.8,16.8,0.0,1,1
FN,2025-06-23,19.9,19.9,19.9,19.9,0.0,1,1
FN,2025-06-24,22.2,22.2,22.2,22.2,0.0,1,1
FN,2025-06-25,23.7,23.7,23.7,23.7,0.0,1,1
FN,2025-06-26,22.9,22.9,22.9,22.9,0.0,1,1
FN,2025-06-27,21.0,21.0,21.0,21.0,0.0,1,1
FN,2025-06-28,24.1,24.1,24.1,24.1,0.0,1,1
FN,2025-06-29,19.6,19.6,19.6,19.6,0.0,1,1
FN,2025-06-30,19.5,19.5,19.5,19.5,0.0,1,1
FN,2025-07-01,17.7,17.7,17.7,17.7,0.0,1,1
FN,2025-07-02,18.0,18.0,18.0,18.0,0.0,1,1
FN,2025-07-03,17.2,17.2,17.2,17.2,0.0,1,1
FN,2025-07-04,17.6,17.6,17.6,17.6,0.0,1,1
FN,2025-07-05,20.6,20.6,20.6,20.6,0.0,1,1
FN,2025-07-06,21.0,21.0,21.0,21.0,0.0,1,1
FN,2025-07-07,19.2,19.2,19.2,19.2,0.0,1,1
FN,2025-07-08,21.1,21.1,21.1,21.1,0.0,1,1
FN,2025-07-09,23.9,23.9,23.9,23.9,0.0,1,1
FN,2025-07-10,24.0,24.0,24.0,24.0,0.0,1,1
FN,2025-07-11,22.6,22.6,22.6,22.6,0.0,1,1
FN,2025-07-12,21.1,21.1,21.1,21.1,0.0,1,1
FN,2025-07-13,17.5,17.5,17.5,17.5,0.0,1,1
FN,2025-07-14,12.3,12.3,12.3,12.3,0.0,1,1
FN,2025-07-15,19.9,19.9,19.9,19.9,0.0,1,1
FN,2025-07-16,24.6,24.6,24.6,24.6,0.0,1,1
FN,2025-07-17,25.2,25.2,25.2,25.2,0.0,1,1
FN,2025-07-18,21.4,21.4,21.4,21.4,0.0,1,1
FN,2025-07-19,20.2,20.2,20.2,20.2,0.0,1,1
FN,2025-07-20,18.6,18.6,18.6,18.6,0.0,1,1
FN,2025-07-21,20.5,20.5,20.5,20.5,0.0,1,1
FN,2025-07-22,59.2,59.2,59.2,59.2,0.0,1,1
FN,2025-07-23,20.8,20.8,20.8,20.8,0.0,1,1
FN,2025-07-24,20.1,20.1,20.1,20.1,0.0,1,1
FN,2025-07-25,15.9,15.9,15.9,15.9,0.0,1,1
FN,2025-07-26,21.3,21.3,21.3,21.3,0.0,1,1
FN,2025-07-27,24.4,24.4,24.4,24.4,0.0,1,1
FN,2025-07-28,19.7,19.7,19.7,19.7,0.0,1,1
FN,2025-07-29,100.0,100.0,100.0,100.0,0.0,1,1
FN,2025-07-30,22.5,22.5,22.5,22.5,0.0,1,1
FN,2025-07-31,23.5,23.5,23.5,23.5,0.0,1,1
FN,2025-08-01,21.0,21.0,21.0,21.0,0.0,1,1
FN,2025-08-02,80.9,80.9,80.9,80.9,0.0,1,1
FN,2025-08-03,18.5,18.5,18.5,18.5,0.0,1,1
FN,2025-08-04,19.5,19.5,19.5,19.5,0.0,1,1
FN,2025-08-05,16.2,16.2,16.2,16.2,0.0,1,1
FN,2025-08-06,19.7,19.7,19.7,19.7,0.0,1,1
FN,2025-08-07,21.0,21.0,21.0,21.0,0.0,1,1
FN,2025-08-08,31.1,31.1,31.1,31.1,0.0,1,1
FN,2025-08-09,235.0,235.0,235.0,235.0,0.0,1,1
FN,2025-08-10,19.8,19.8,19.8,19.8,0.0,1,1
FN,2025-08-11,16.9,16.9,16.9,16.9,0.0,1,1
FN,2025-08-12,16.1,16.1,16.1,16.1,0.0,1,1
FN,2025-08-13,13.2,13.2,13.2,13.2,0.0,1,1
FN,2025-08-14,14.4,14.4,14.4,14.4,0.0,1,1
FN,2025-08-15,12.9,12.9,12.9,12.9,0.0,1,1
FN,2025-08-16,12.4,12.4,12.4,12.4,0.0,1,1
FN,2025-08-17,14.8,14.8,14.8,14.8,0.0,1,1
FN,2025-08-18,11.8,11.8,11.8,11.8,0.0,1,1
FN,2025-08-19,9.85,9.85,9.85,9.85,0.0,1,1
FN,2025-08-20,12.0,12.0,12.0,12.0,0.0,1,1
FN,2025-08-21,74.7,74.7,74.7,74.7,0.0,1,1
FN,2025-08-22,13.4,13.4,13.4,13.4,0.0,1,1
FN,2025-08-23,13.9,13.9,13.9,13.9,0.0,1,1
FN,2025-08-24,13.2,13.2,13.2,13.2,0.0,1,1
FN,2025-08-25,12.1,12.1,12.1,12.1,0.0,1,1
FN,2025-08-26,17.1,17.1,17.1,17.1,0.0,1,1
FN,2025-08-27,19.6,19.6,19.6,19.6,0.0,1,1
FN,2025-08-28,22.6,22.6,22.6,22.6,0.0,1,1
FN,2025-08-29,27.0,27.0,27.0,27.0,0.0,1,1
FN,2025-09-25,330.0,330.0,330.0,330.0,0.0,1,1
FN,2025-10-04,420.0,420.0,420.0,420.0,0.0,1,1
FN,2025-10-05,31.0,31.0,31.0,31.0,0.0,1,1
FN,2025-10-06,135.0,135.0,135.0,135.0,0.0,1,1
FN,2025-10-07,368.0,368.0,368.0,368.0,0.0,1,1
FN,2025-10-10,150.0,150.0,150.0,150.0,0.0,1,1
FN,2025-10-11,37.6,37.6,37.6,37.6,0.0,1,1
FN,2025-10-12,36.8,36.8,36.8,36.8,0.0,1,1
FN,2025-10-13,71.0,71.0,71.0,71.0,0.0,1,1
FN,2025-10-14,93.5,93.5,93.5,93.5,0.0,1,1
FN,2025-10-15,124.0,124.0,124.0,124.0,0.0,1,1
FN,2025-10-16,265.0,265.0,265.0,265.0,0.0,1,1
FN,2025-10-17,43.9,43.9,43.9,43.9,0.0,1,1
FN,2025-10-18,65.9,65.9,65.9,65.9,0.0,1,1
FN,2025-10-19,63.4,63.4,63.4,63.4,0.0,1,1
FN,2025-10-20,88.5,88.5,88.5,88.5,0.0,1,1
FN,2025-10-21,64.3,64.3,64.3,64.3,0.0,1,1
FN,2025-10-22,47.9,47.9,47.9,47.9,0.0,1,1
FN,2025-10-23,63.2,63.2,63.2,63.2,0.0,1,1
FN,2025-10-24,52.3,52.3,52.3,52.3,0.0,1,1
FN,2025-10-25,54.6,54.6,54.6,54.6,0.0,1,1
FN,2025-10-26,28.7,28.7,28.7,28.7,0.0,1,1
FN,2025-10-27,14.5,14.5,14.5,14.5,0.0,1,1
FN,2025-10-28,26.7,26.7,26.7,26.7,0.0,1,1
FN,2025-10-29,35.1,35.1,35.1,35.1,0.0,1,1
FN,2025-10-30,35.0,35.0,35.0,35.0,0.0,1,1
FN,2025-10-31,19.9,19.9,19.9,19.9,0.0,1,1
FN,2025-11-01,16.9,16.9,16.9,16.9,0.0,1,1
FN,2025-11-02,17.5,17.5,17.5,17.5,0.0,1,1
FN,2025-11-03,45.0,45.0,45.0,45.0,0.0,1,1
FN,2025-11-04,26.2,26.2,26.2,26.2,0.0,1,1
FN,2025-11-05,32.5,32.5,32.5,32.5,0.0,1,1
FN,2025-11-06,41.6,41.6,41.6,41.6,0.0,1,1
FN,2025-11-07,43.1,43.1,43.1,43.1,0.0,1,1
FN,2025-11-08,101.0,101.0,101.0,101.0,0.0,1,1
FN,2025-11-09,26.0,26.0,26.0,26.0,0.0,1,1
FN,2025-11-10,83.5,83.5,83.5,83.5,0.0,1,1
FN,2025-11-11,77.2,77.2,77.2,77.2,0.0,1,1
FN,2025-11-12,43.8,43.8,43.8,43.8,0.0,1,1
FN,2025-11-13,99.0,99.0,99.0,99.0,0.0,1,1
FN,2025-11-14,79.6,79.6,79.6,79.6,0.0,1,1
FN,2025-11-15,45.6,45.6,45.6,45.6,0.0,1,1
FN,2025-11-16,37.0,37.0,37.0,37.0,0.0,1,1
FN,2025-11-17,24.3,24.3,24.3,24.3,0.0,1,1
FN,2025-11-18,24.5,24.5,24.5,24.5,0.0,1,1
FN,2025-11-19,19.7,19.7,19.7,19.7,0.0,1,1
FN,2025-11-20,17.2,17.2,17.2,17.2,0.0,1,1
FN,2025-11-21,25.1,25.1,25.1,25.1,0.0,1,1
FN,2025-11-22,23.0,23.0,23.0,23.0,0.0,1,1
FN,2025-11-23,24.1,24.1,24.1,24.1,0.0,1,1
FN,2025-11-24,27.5,27.5,27.5,27.5,0.0,1,1
FN,2025-11-25,22.1,22.1,22.1,22.1,0.0,1,1
FN,2025-11-26,39.2,39.2,39.2,39.2,0.0,1,1
FN,2025-11-27,58.9,58.9,58.9,58.9,0.0,1,1
FN,2025-11-28,49.2,49.2,49.2,49.2,0.0,1,1
FN,2025-11-29,24.3,24.3,24.3,24.3,0.0,1,1
FN,2025-11-30,19.9,19.9,19.9,19.9,0.0,1,1
FN,2025-12-01,25.2,25.2,25.2,25.2,0.0,1,1
FN,2025-12-02,18.8,18.8,18.8,18.8,0.0,1,1
FN,2025-12-03,18.7,18.7,18.7,18.7,0.0,1,1
FN,2025-12-04,17.1,17.1,17.1,17.1,0.0,1,1
FN,2025-12-05,16.2,16.2,16.2,16.2,0.0,1,1
FN,2025-12-06,27.4,27.4,27.4,27.4,0.0,1,1
FN,2025-12-07,21.1,21.1,21.1,21.1,0.0,1,1
FN,2025-12-08,22.5,22.5,22.5,22.5,0.0,1,1
FN,2025-12-09,77.1,77.1,77.1,77.1,0.0,1,1
FN,2025-12-10,51.3,51.3,51.3,51.3,0.0,1,1
FN,2025-12-11,139.0,139.0,139.0,139.0,0.0,1,1
FN,2025-12-12,86.3,86.3,86.3,86.3,0.0,1,1
FN,2025-12-13,30.3,30.3,30.3,30.3,0.0,1,1
FN,2025-12-14,28.2,28.2,28.2,28.2,0.0,1,1
FN,2025-12-15,27.1,27.1,27.1,27.1,0.0,1,1
FN,2025-12-16,24.1,24.1,24.1,24.1,0.0,1,1
FN,2025-12-17,194.0,194.0,194.0,194.0,0.0,1,1
FN,2025-12-18,194.0,194.0,194.0,194.0,0.0,1,1
FN,2025-12-19,25.6,25.6,25.6,25.6,0.0,1,1
FN,2025-12-20,20.4,20.4,20.4,20.4,0.0,1,1
FN,2025-12-21,14.9,14.9,14.9,14.9,0.0,1,1
FN,2025-12-22,17.6,17.6,17.6,17.6,0.0,1,1
FN,2025-12-23,14.1,14.1,14.1,14.1,0.0,1,1
FN,2025-12-24,12.7,12.7,12.7,12.7,0.0,1,1
FN,2025-12-25,34.8,34.8,34.8,34.8,0.0,1,1
FN,2025-12-26,72.5,72.5,72.5,72.5,0.0,1,1
FN,2025-12-27,403.0,403.0,403.0,403.0,0.0,1,1
FN,2025-12-28,68.1,68.1,68.1,68.1,0.0,1,1
FN,2025-12-29,68.1,68.1,68.1,68.1,0.0,1,1
FN,2025-12-30,79.0,79.0,79.0,79.0,0.0,1,1
FN,2025-12-31,179.0,179.0,179.0,179.0,0.0,1,1
FN,2026-01-01,40.6,40.6,40.6,40.6,0.0,1,1
FN,2026-01-02,29.8,29.8,29.8,29.8,0.0,1,1
FN,2026-01-03,36.7,36.7,36.7,36.7,0.0,1,1
FN,2026-01-04,40.1,40.1,40.1,40.1,0.0,1,1
FN,2026-01-05,27.0,27.0,27.0,27.0,0.0,1,1
FN,2026-01-06,25.6,25.6,25.6,25.6,0.0,1,1
FN,2026-01-07,51.3,51.3,51.3,51.3,0.0,1,1
FN,2026-01-08,53.1,53.1,53.1,53.1,0.0,1,1
FN,2026-01-09,43.9,43.9,43.9,43.9,0.0,1,1
FN,2026-01-10,41.0,41.0,41.0,41.0,0.0,1,1
FN,2026-01-20,55.8,55.8,55.8,55.8,0.0,1,1
FN,2026-01-21,60.4,60.4,60.4,60.4,0.0,1,1
FN,2026-01-22,59.8,59.8,59.8,59.8,0.0,1,1
FN,2026-01-23,63.2,63.2,63.2,63.2,0.0,1,1
FN,2026-01-24,36.8,36.8,36.8,36.8,0.0,1,1
FN,2026-01-25,46.4,46.4,46.4,46.4,0.0,1,1
FN,2026-01-26,59.1,59.1,59.1,59.1,0.0,1,1
FN,2026-01-27,54.5,54.5,54.5,54.5,0.0,1,1
FN,2026-01-28,26.9,26.9,26.9,26.9,0.0,1,1
FN,2026-01-29,42.0,42.0,42.0,42.0,0.0,1,1
FN,2026-01-30,69.3,69.3,69.3,69.3,0.0,1,1
FN,2026-01-31,87.2,87.2,87.2,87.2,0.0,1,1
FN,2026-02-01,70.3,70.3,70.3,70.3,0.0,1,1
FN,2026-02-02,67.1,67.1,67.1,67.1,0.0,1,1
FN,2026-02-03,73.1,73.1,73.1,73.1,0.0,1,1
FN,2026-02-04,40.2,40.2,40.2,40.2,0.0,1,1
FN,2026-02-05,34.0,34.0,34.0,34.0,0.0,1,1
FN,2026-02-06,84.4,84.4,84.4,84.4,0.0,1,1
FN,2026-02-07,63.6,63.6,63.6,63.6,0.0,1,1
FN,2026-02-08,48.8,48.8,48.8,48.8,0.0,1,1
FN,2026-02-09,49.4,49.4,49.4,49.4,0.0,1,1
FN,2026-02-10,43.9,43.9,43.9,43.9,0.0,1,1
FN,2026-02-11,47.2,47.2,47.2,47.2,0.0,1,1
FN,2026-02-12,41.0,41.0,41.0,41.0,0.0,1,1
FN,2026-02-13,55.9,55.9,55.9,55.9,0.0,1,1
FN,2026-02-14,59.5,59.5,59.5,59.5,0.0,1,1
FN,2026-02-15,99.7,99.7,99.7,99.7,0.0,1,1
FN,2026-02-16,109.0,109.0,109.0,109.0,0.0,1,1
FN,2026-02-17,18.3,18.3,18.3,18.3,0.0,1,1
FN,2026-02-18,8.34,8.34,8.34,8.34,0.0,1,1
FN,2026-02-19,24.4,24.4,24.4,24.4,0.0,1,1
FN,2026-02-20,38.2,38.2,38.2,38.2,0.0,1,1
FN,2026-02-21,36.6,36.6,36.6,36.6,0.0,1,1
FN,2026-02-22,34.8,34.8,34.8,34.8,0.0,1,1
FN,2026-02-23,30.7,30.7,30.7,30.7,0.0,1,1
FN,2026-02-24,28.0,28.0,28.0,28.0,0.0,1,1
FN,2026-02-25,23.2,23.2,23.2,23.2,0.0,1,1
FN,2026-02-27,6.48,6.48,6.48,6.48,0.0,1,1
FN,2026-02-28,11.2,11.2,11.2,11.2,0.0,1,1
FN,2026-03-01,15.9,15.9,15.9,15.9,0.0,1,1
FN,2026-03-02,84.6,84.6,84.6,84.6,0.0,1,1
FN,2026-03-03,44.0,44.0,44.0,44.0,0.0,1,1
FN,2026-03-04,24.2,24.2,24.2,24.2,0.0,1,1
FN,2026-03-05,23.0,23.0,23.0,23.0,0.0,1,1
FN,2026-03-06,22.8,22.8,22.8,22.8,0.0,1,1
FN,2026-03-07,16.9,16.9,16.9,16.9,0.0,1,1
FN,2026-03-08,28.9,28.9,28.9,28.9,0.0,1,1
FN,2026-03-09,119.0,119.0,119.0,119.0,0.0,1,1
FN,2026-03-10,493.0,493.0,493.0,493.0,0.0,1,1
FN,2026-03-14,148.0,148.0,148.0,148.0,0.0,1,1
FN,2026-03-15,82.0,82.0,82.0,82.0,0.0,1,1
FN,2026-03-16,48.4,48.4,48.4,48.4,0.0,1,1
FN,2026-03-17,52.1,52.1,52.1,52.1,0.0,1,1
FN,2026-03-18,36.9,36.9,36.9,36.9,0.0,1,1
FN,2026-03-19,21.4,21.4,21.4,21.4,0.0,1,1
FN,2026-03-20,20.5,20.5,20.5,20.5,0.0,1,1
FN,2026-03-21,24.2,24.2,24.2,24.2,0.0,1,1
FN,2026-03-22,32.6,32.6,32.6,32.6,0.0,1,1
FN,2026-03-23,48.1,48.1,48.1,48.1,0.0,1,1
FN,2026-03-24,54.8,54.8,54.8,54.8,0.0,1,1
FN,2026-03-25,30.7,30.7,30.7,30.7,0.0,1,1
FN,2026-03-26,34.1,34.1,34.1,34.1,0.0,1,1
FN,2026-03-27,34.4,34.4,34.4,34.4,0.0,1,1
FN,2026-03-28,45.1,45.1,45.1,45.1,0.0,1,1
FN,2026-03-29,12.9,12.9,12.9,12.9,0.0,1,1
FN,2026-03-30,30.7,30.7,30.7,30.7,0.0,1,1
FN,2026-03-31,10.9,10.9,10.9,10.9,0.0,1,1
FN,2026-04-01,22.5,22.5,22.5,22.5,0.0,1,1
FN,2026-04-02,23.8,23.8,23.8,23.8,0.0,1,1
FN,2026-04-03,36.2,36.2,36.2,36.2,0.0,1,1
FN,2026-04-04,23.1,23.1,23.1,23.1,0.0,1,1
FN,2026-04-05,14.7,14.7,14.7,14.7,0.0,1,1
FN,2026-04-06,14.3,14.3,14.3,14.3,0.0,1,1
FN,2026-04-07,15.1,15.1,15.1,15.1,0.0,1,1
FN,2026-04-08,17.7,17.7,17.7,17.7,0.0,1,1
FN,2026-04-09,63.2,63.2,63.2,63.2,0.0,1,1
FN,2026-04-10,336.0,336.0,336.0,336.0,0.0,1,1
FN,2026-04-11,47.2,47.2,47.2,47.2,0.0,1,1
FN,2026-04-12,93.9,93.9,93.9,93.9,0.0,1,1
FN,2026-04-13,270.0,270.0,270.0,270.0,0.0,1,1
FN,2026-04-14,31.5,31.5,31.5,31.5,0.0,1,1
FN,2026-04-15,103.0,103.0,103.0,103.0,0.0,1,1
FN,2026-04-16,16.8,16.8,16.8,16.8,0.0,1,1
FN,2026-04-17,19.6,19.6,19.6,19.6,0.0,1,1
FN,2026-04-18,24.8,24.8,24.8,24.8,0.0,1,1
FN,2026-04-19,29.0,29.0,29.0,29.0,0.0,1,1
FN,2026-04-20,91.1,91.1,91.1,91.1,0.0,1,1
FN,2026-04-21,71.3,71.3,71.3,71.3,0.0,1,1
FN,2026-04-22,22.1,22.1,22.1,22.1,0.0,1,1
FN,2026-04-23,37.2,37.2,37.2,37.2,0.0,1,1
FN,2026-04-24,155.0,155.0,155.0,155.0,0.0,1,1
FN,2026-04-25,70.7,70.7,70.7,70.7,0.0,1,1
FN,2026-04-26,72.1,72.1,72.1,72.1,0.0,1,1
FN,2026-04-27,133.0,133.0,133.0,133.0,0.0,1,1
FN,2026-04-28,91.5,91.5,91.5,91.5,0.0,1,1
FN,2026-04-29,72.2,72.2,72.2,72.2,0.0,1,1
FN,2026-04-30,44.6,44.6,44.6,44.6,0.0,1,1
FN,2026-05-01,37.1,37.1,37.1,37.1,0.0,1,1
FN,2026-05-02,41.6,41.6,41.6,41.6,0.0,1,1
FN,2026-05-03,74.2,74.2,74.2,74.2,0.0,1,1
FN,2026-05-04,6.79,6.79,6.79,6.79,0.0,1,1
FN,2026-05-05,71.6,71.6,71.6,71.6,0.0,1,1
FN,2026-05-06,7.2,7.2,7.2,7.2,0.0,1,1
FN,2026-05-07,65.9,65.9,65.9,65.9,0.0,1,1
FN,2026-05-08,147.0,147.0,147.0,147.0,0.0,1,1
FN,2026-05-09,36.2,36.2,36.2,36.2,0.0,1,1
FN,2026-05-10,48.9,48.9,48.9,48.9,0.0,1,1
FN,2026-05-11,44.2,44.2,44.2,44.2,0.0,1,1
FN,2026-05-12,31.7,31.7,31.7,31.7,0.0,1,1
FN,2026-05-13,7.31,7.31,7.31,7.31,0.0,1,1
FN,2026-05-14,6.65,6.65,6.65,6.65,0.0,1,1
FN,2026-05-15,7.16,7.16,7.16,7.16,0.0,1,1
FN,2026-05-16,16.6,16.6,16.6,16.6,0.0,1,1
FN,2026-05-17,28.3,28.3,28.3,28.3,0.0,1,1
FN,2026-05-18,31.8,31.8,31.8,31.8,0.0,1,1
FN,2026-05-19,32.2,32.2,32.2,32.2,0.0,1,1
FN,2026-05-20,28.3,28.3,28.3,28.3,0.0,1,1
FN,2026-05-21,28.1,28.1,28.1,28.1,0.0,1,1
FN,2026-05-22,28.1,28.1,28.1,28.1,0.0,1,1
FN,2026-05-23,27.1,27.1,27.1,27.1,0.0,1,1
FN,2026-05-24,22.7,22.7,22.7,22.7,0.0,1,1
FN,2026-05-25,24.6,24.6,24.6,24.6,0.0,1,1
FN,2026-05-26,28.7,28.7,28.7,28.7,0.0,1,1
FN,2026-05-27,42.5,42.5,42.5,42.5,0.0,1,1
FN,2026-05-29,27.8,27.8,27.8,27.8,0.0,1,1
FN,2026-05-30,29.0,29.0,29.0,29.0,0.0,1,1
FN,2026-05-31,26.1,26.1,26.1,26.1,0.0,1,1
FN,2026-06-01,24.1,24.1,24.1,24.1,0.0,1,1
FN,2026-06-02,31.3,31.3,31.3,31.3,0.0,1,1
FN,2026-06-03,33.5,33.5,33.5,33.5,0.0,1,1
FN,2026-06-04,30.0,30.0,30.0,30.0,0.0,1,1
FN,2026-06-05,31.1,31.1,31.1,31.1,0.0,1,1
FN,2026-06-06,31.0,31.0,31.0,31.0,0.0,1,1
FN,2026-06-07,38.1,38.1,38.1,38.1,0.0,1,1
FN,2026-06-08,31.8,31.8,31.8,31.8,0.0,1,1
FN,2026-06-09,29.3,29.3,29.3,29.3,0.0,1,1
FN,2026-06-10,31.2,31.2,31.2,31.2,0.0,1,1
FN,2026-06-11,28.4,28.4,28.4,28.4,0.0,1,1
FN,2026-06-17,32.3,32.3,32.3,32.3,0.0,1,1
FN,2026-06-18,31.4,31.4,31.4,31.4,0.0,1,1
FN,2026-06-19,44.6,44.6,44.6,44.6,0.0,1,1
FN,2026-06-29,5.0,5.0,5.0,5.0,0.0,1,1
FN,2026-07-01,16.6,16.6,16.6,16.6,0.0,1,1
FN,2026-07-02,23.0,23.0,23.0,23.0,0.0,1,1
FN,2026-07-03,21.9,21.9,21.9,21.9,0.0,1,1
FN,2026-07-04,22.6,22.6,22.6,22.6,0.0,1,1
FN,2026-07-05,25.9,25.9,25.9,25.9,0.0,1,1
FN,2026-07-06,33.9,33.9,33.9,33.9,0.0,1,1
FN,2026-07-07,31.8,31.8,31.8,31.8,0.0,1,1
FN,2026-07-08,30.8,30.8,30.8,30.8,0.0,1,1
FN,2026-07-09,29.0,29.0,29.0,29.0,0.0,1,1
FN,2026-07-13,71.1,71.1,71.1,71.1,0.0,1,1
FN,2026-07-14,7.61,7.61,7.61,7.61,0.0,1,1
FN,2026-07-15,8.75,8.75,8.75,8.75,0.0,1,1
FN,2026-07-16,7.99,7.99,7.99,7.99,0.0,1,1
FN,2026-07-17,9.31,9.31,9.31,9.31,0.0,1,1
FN,2026-07-20,6.64,6.64,6.64,6.64,0.0,1,1
FN,2026-07-21,6.45,6.45,6.45,6.45,0.0,1,1
FN,2026-07-22,9.91,9.91,9.91,9.91,0.0,1,1
FN,2026-07-23,7.33,7.33,7.33,7.33,0.0,1,1
FN,2026-07-24,4.75,4.75,4.75,4.75,0.0,1,1
FN,2026-07-25,9.07,9.07,9.07,9.07,0.0,1,1
FN,2026-07-26,10.4,10.4,10.4,10.4,0.0,1,1
FN,2026-07-27,9.24,9.24,9.24,9.24,0.0,1,1
FN,2026-07-28,11.0,11.0,11.0,11.0,0.0,1,1
FN,2026-07-29,11.0,11.0,11.0,11.0,0.0,1,1
FN,2026-07-30,13.6,13.6,13.6,13.6,0.0,1,1
FN,2026-07-31,18.4,18.4,18.4,18.4,0.0,1,1
FN,2026-08-01,23.0,23.0,23.0,23.0,0.0,1,1
FN,2026-08-02,39.0,39.0,39.0,39.0,0.0,1,1
FN,2026-08-03,26.0,26.0,26.0,26.0,0.0,1,1
FN,2026-08-04,24.4,24.4,24.4,24.4,0.0,1,1
FN,2026-08-05,49.8,49.8,49.8,49.8,0.0,1,1
FN,2026-08-06,10.0,10.0,10.0,10.0,0.0,1,1
FN,2026-08-07,7.84,7.84,7.84,7.84,0.0,1,1
FN,2026-08-08,7.27,7.27,7.27,7.27,0.0,1,1
FN,2026-08-09,6.21,6.21,6.21,6.21,0.0,1,1
FN,2026-08-10,6.94,6.94,6.94,6.94,0.0,1,1
FN,2026-08-11,8.75,8.75,8.75,8.75,0.0,1,1
FN,2026-08-12,7.04,7.04,7.04,7.04,0.0,1,1
FN,2026-08-13,5.82,5.82,5.82,5.82,0.0,1,1
FN,2026-08-14,5.91,5.91,5.91,5.91,0.0,1,1
FN,2026-08-17,9.36,9.36,9.36,9.36,0.0,1,1
FN,2026-08-18,4.82,4.82,4.82,4.82,0.0,1,1
FN,2026-08-19,5.42,5.42,5.42,5.42,0.0,1,1
FN,2026-08-20,5.08,5.08,5.08,5.08,0.0,1,1
FN,2026-08-21,5.46,5.46,5.46,5.46,0.0,1,1
FN,2026-08-22,5.54,5.54,5.54,5.54,0.0,1,1
FN,2026-08-23,5.28,5.28,5.28,5.28,0.0,1,1
FN,2026-08-24,6.12,6.12,6.12,6.12,0.0,1,1
FN,2026-08-25,6.11,6.11,6.11,6.11,0.0,1,1
FN,2026-08-26,6.77,6.77,6.77,6.77,0.0,1,1
FN,2026-08-27,5.95,5.95,5.95,5.95,0.0,1,1
FN,2026-08-28,5.4,5.4,5.4,5.4,0.0,1,1
FN,2026-08-29,3.75,3.75,3.75,3.75,0.0,1,1
FN,2026-08-30,4.86,4.86,4.86,4.86,0.0,1,1
FN,2026-08-31,4.18,4.18,4.18,4.18,0.0,1,1
FN,2026-09-01,4.04,4.04,4.04,4.04,0.0,1,1
FN,2026-09-02,4.48,4.48,4.48,4.48,0.0,1,1
FN,2026-09-03,5.83,5.83,5.83,5.83,0.0,1,1
FN,2026-09-04,5.3,5.3,5.3,5.3,0.0,1,1
FN,2026-09-05,5.58,5.58,5.58,5.58,0.0,1,1
FN,2026-09-06,7.17,7.17,7.17,7.17,0.0,1,1
FN,2026-09-07,7.05,7.05,7.05,7.05,0.0,1,1
FN,2026-09-08,5.45,5.45,5.45,5.45,0.0,1,1
FN,2026-09-09,4.47,4.47,4.47,4.47,0.0,1,1
FN,2026-09-10,5.4,5.4,5.4,5.4,0.0,1,1
FN,2026-09-11,6.8,6.8,6.8,6.8,0.0,1,1
FN,2026-09-12,5.44,5.44,5.44,5.44,0.0,1,1
FN,2026-09-13,7.7,7.7,7.7,7.7,0.0,1,1
FN,2026-09-14,6.23,6.23,6.23,6.23,0.0,1,1
FN,2026-09-15,6.38,6.38,6.38,6.38,0.0,1,1
FN,2026-09-16,7.23,7.23,7.23,7.23,0.0,1,1
FN,2026-09-17,8.47,8.47,8.47,8.47,0.0,1,1
FS,2025-02-19,69.5,69.5,69.5,69.5,0.0,1,1
FS,2025-02-20,6.73,6.73,6.73,6.73,0.0,1,1
FS,2025-02-21,32.4,32.4,32.4,32.4,0.0,1,1
FS,2025-02-22,46.2,46.2,46.2,46.2,0.0,1,1
FS,2025-02-23,51.2,51.2,51.2,51.2,0.0,1,1
FS,2025-02-24,46.4,46.4,46.4,46.4,0.0,1,1
FS,2025-02-25,53.2,53.2,53.2,53.2,0.0,1,1
FS,2025-02-26,75.6,75.6,75.6,75.6,0.0,1,1
FS,2025-02-27,57.2,57.2,57.2,57.2,0.0,1,1
FS,2025-02-28,60.2,60.2,60.2,60.2,0.0,1,1
FS,2025-03-01,35.9,35.9,35.9,35.9,0.0,1,1
FS,2025-03-02,31.3,31.3,31.3,31.3,0.0,1,1
FS,2025-03-03,41.7,41.7,41.7,41.7,0.0,1,1
FS,2025-03-04,45.0,45.0,45.0,45.0,0.0,1,1
FS,2025-03-05,36.9,36.9,36.9,36.9,0.0,1,1
FS,2025-03-06,41.7,41.7,41.7,41.7,0.0,1,1
FS,2025-03-07,70.5,70.5,70.5,70.5,0.0,1,1
FS,2025-03-08,69.0,69.0,69.0,69.0,0.0,1,1
FS,2025-03-09,39.5,39.5,39.5,39.5,0.0,1,1
FS,2025-03-10,58.3,58.3,58.3,58.3,0.0,1,1
FS,2025-03-11,71.2,71.2,71.2,71.2,0.0,1,1
FS,2025-03-12,77.9,77.9,77.9,77.9,0.0,1,1
FS,2025-03-13,59.5,59.5,59.5,59.5,0.0,1,1
FS,2025-03-14,64.2,64.2,64.2,64.2,0.0,1,1
FS,2025-03-15,26.2,26.2,26.2,26.2,0.0,1,1
FS,2025-03-16,27.5,27.5,27.5,27.5,0.0,1,1
FS,2025-03-17,32.7,32.7,32.7,32.7,0.0,1,1
FS,2025-03-18,29.1,29.1,29.1,29.1,0.0,1,1
FS,2025-03-19,36.3,36.3,36.3,36.3,0.0,1,1
FS,2025-03-20,30.9,30.9,30.9,30.9,0.0,1,1
FS,2025-03-21,12.7,12.7,12.7,12.7,0.0,1,1
FS,2025-03-22,9.59,9.59,9.59,9.59,0.0,1,1
FS,2025-03-23,34.5,34.5,34.5,34.5,0.0,1,1
FS,2025-03-24,32.5,32.5,32.5,32.5,0.0,1,1
FS,2025-03-25,46.4,46.4,46.4,46.4,0.0,1,1
FS,2025-03-26,18.4,18.4,18.4,18.4,0.0,1,1
FS,2025-03-27,25.4,25.4,25.4,25.4,0.0,1,1
FS,2025-03-28,30.9,30.9,30.9,30.9,0.0,1,1
FS,2025-03-29,34.4,34.4,34.4,34.4,0.0,1,1
FS,2025-03-30,68.0,68.0,68.0,68.0,0.0,1,1
FS,2025-03-31,41.3,41.3,41.3,41.3,0.0,1,1
FS,2025-04-01,28.8,28.8,28.8,28.8,0.0,1,1
FS,2025-04-02,33.7,33.7,33.7,33.7,0.0,1,1
FS,2025-04-03,50.0,50.0,50.0,50.0,0.0,1,1
FS,2025-04-04,43.1,43.1,43.1,43.1,0.0,1,1
FS,2025-04-05,61.1,61.1,61.1,61.1,0.0,1,1
FS,2025-04-08,36.0,36.0,36.0,36.0,0.0,1,1
FS,2025-04-09,17.5,17.5,17.5,17.5,0.0,1,1
FS,2025-04-12,15.8,15.8,15.8,15.8,0.0,1,1
FS,2025-04-13,19.4,19.4,19.4,19.4,0.0,1,1
FS,2025-04-15,22.3,22.3,22.3,22.3,0.0,1,1
FS,2025-04-16,18.7,18.7,18.7,18.7,0.0,1,1
FS,2025-04-17,17.8,17.8,17.8,17.8,0.0,1,1
FS,2025-04-18,12.0,12.0,12.0,12.0,0.0,1,1
FS,2025-04-19,11.7,11.7,11.7,11.7,0.0,1,1
FS,2025-04-20,19.1,19.1,19.1,19.1,0.0,1,1
FS,2025-04-21,15.4,15.4,15.4,15.4,0.0,1,1
FS,2025-04-22,25.8,25.8,25.8,25.8,0.0,1,1
FS,2025-04-23,25.7,25.7,25.7,25.7,0.0,1,1
FS,2025-04-24,20.3,20.3,20.3,20.3,0.0,1,1
FS,2025-04-25,15.2,15.2,15.2,15.2,0.0,1,1
FS,2025-04-26,17.3,17.3,17.3,17.3,0.0,1,1
FS,2025-04-30,13.7,13.7,13.7,13.7,0.0,1,1
FS,2025-05-01,14.7,14.7,14.7,14.7,0.0,1,1
FS,2025-05-02,16.1,16.1,16.1,16.1,0.0,1,1
FS,2025-05-03,14.7,14.7,14.7,14.7,0.0,1,1
FS,2025-05-04,11.9,11.9,11.9,11.9,0.0,1,1
FS,2025-05-05,18.3,18.3,18.3,18.3,0.0,1,1
FS,2025-05-06,15.7,15.7,15.7,15.7,0.0,1,1
FS,2025-05-07,13.7,13.7,13.7,13.7,0.0,1,1
FS,2025-05-08,9.94,9.94,9.94,9.94,0.0,1,1
FS,2025-05-09,14.7,14.7,14.7,14.7,0.0,1,1
FS,2025-05-10,19.7,19.7,19.7,19.7,0.0,1,1
FS,2025-05-11,23.0,23.0,23.0,23.0,0.0,1,1
FS,2025-05-12,20.0,20.0,20.0,20.0,0.0,1,1
FS,2025-05-13,26.0,26.0,26.0,26.0,0.0,1,1
FS,2025-05-14,42.3,42.3,42.3,42.3,0.0,1,1
FS,2025-05-15,39.6,39.6,39.6,39.6,0.0,1,1
FS,2025-05-16,25.2,25.2,25.2,25.2,0.0,1,1
FS,2025-05-17,21.1,21.1,21.1,21.1,0.0,1,1
FS,2025-05-18,19.2,19.2,19.2,19.2,0.0,1,1
FS,2025-05-19,25.4,25.4,25.4,25.4,0.0,1,1
FS,2025-05-23,41.2,41.2,41.2,41.2,0.0,1,1
FS,2025-05-24,52.8,52.8,52.8,52.8,0.0,1,1
FS,2025-05-27,18.9,18.9,18.9,18.9,0.0,1,1
FS,2025-05-28,14.0,14.0,14.0,14.0,0.0,1,1
FS,2025-05-29,18.4,18.4,18.4,18.4,0.0,1,1
FS,2025-05-30,11.7,11.7,11.7,11.7,0.0,1,1
FS,2025-05-31,10.2,10.2,10.2,10.2,0.0,1,1
FS,2025-06-01,9.7,9.7,9.7,9.7,0.0,1,1
FS,2025-06-02,10.0,10.0,10.0,10.0,0.0,1,1
FS,2025-06-03,13.4,13.4,13.4,13.4,0.0,1,1
FS,2025-06-04,14.7,14.7,14.7,14.7,0.0,1,1
FS,2025-06-05,21.6,21.6,21.6,21.6,0.0,1,1
FS,2025-06-12,20.4,20.4,20.4,20.4,0.0,1,1
FS,2025-06-13,25.0,25.0,25.0,25.0,0.0,1,1
FS,2025-06-14,16.9,16.9,16.9,16.9,0.0,1,1
FS,2025-06-15,11.6,11.6,11.6,11.6,0.0,1,1
FS,2025-06-16,9.07,9.07,9.07,9.07,0.0,1,1
FS,2025-06-17,12.4,12.4,12.4,12.4,0.0,1,1
FS,2025-06-18,9.97,9.97,9.97,9.97,0.0,1,1
FS,2025-06-19,9.65,9.65,9.65,9.65,0.0,1,1
FS,2025-06-23,10.6,10.6,10.6,10.6,0.0,1,1
FS,2025-06-24,12.8,12.8,12.8,12.8,0.0,1,1
FS,2025-06-25,14.0,14.0,14.0,14.0,0.0,1,1
FS,2025-06-26,11.4,11.4,11.4,11.4,0.0,1,1
FS,2025-06-30,9.46,9.46,9.46,9.46,0.0,1,1
FS,2025-07-01,10.4,10.4,10.4,10.4,0.0,1,1
FS,2025-07-02,10.1,10.1,10.1,10.1,0.0,1,1
FS,2025-07-03,9.6,9.6,9.6,9.6,0.0,1,1
FS,2025-07-04,9.3,9.3,9.3,9.3,0.0,1,1
FS,2025-07-05,11.1,11.1,11.1,11.1,0.0,1,1
FS,2025-07-06,9.97,9.97,9.97,9.97,0.0,1,1
FS,2025-07-07,14.1,14.1,14.1,14.1,0.0,1,1
FS,2025-07-08,8.31,8.31,8.31,8.31,0.0,1,1
FS,2025-07-09,7.48,7.48,7.48,7.48,0.0,1,1
FS,2025-07-10,11.5,11.5,11.5,11.5,0.0,1,1
FS,2025-07-11,11.5,11.5,11.5,11.5,0.0,1,1
FS,2025-07-12,8.17,8.17,8.17,8.17,0.0,1,1
FS,2025-07-13,5.72,5.72,5.72,5.72,0.0,1,1
FS,2025-07-14,5.54,5.54,5.54,5.54,0.0,1,1
FS,2025-07-16,8.14,8.14,8.14,8.14,0.0,1,1
FS,2025-07-17,13.7,13.7,13.7,13.7,0.0,1,1
FS,2025-07-18,7.33,7.33,7.33,7.33,0.0,1,1
FS,2025-07-19,9.79,9.79,9.79,9.79,0.0,1,1
FS,2025-07-20,8.4,8.4,8.4,8.4,0.0,1,1
FS,2025-07-21,14.4,14.4,14.4,14.4,0.0,1,1
FS,2025-07-22,13.1,13.1,13.1,13.1,0.0,1,1
FS,2025-07-23,13.5,13.5,13.5,13.5,0.0,1,1
FS,2025-07-24,10.8,10.8,10.8,10.8,0.0,1,1
FS,2025-07-25,8.1,8.1,8.1,8.1,0.0,1,1
FS,2025-07-26,7.08,7.08,7.08,7.08,0.0,1,1
FS,2025-07-27,8.45,8.45,8.45,8.45,0.0,1,1
FS,2025-07-28,7.57,7.57,7.57,7.57,0.0,1,1
FS,2025-07-29,5.77,5.77,5.77,5.77,0.0,1,1
FS,2025-07-30,8.34,8.34,8.34,8.34,0.0,1,1
FS,2025-07-31,11.8,11.8,11.8,11.8,0.0,1,1
FS,2025-08-01,10.8,10.8,10.8,10.8,0.0,1,1
FS,2025-08-02,10.2,10.2,10.2,10.2,0.0,1,1
FS,2025-08-03,11.2,11.2,11.2,11.2,0.0,1,1
FS,2025-08-04,9.76,9.76,9.76,9.76,0.0,1,1
FS,2025-08-05,14.8,14.8,14.8,14.8,0.0,1,1
FS,2025-08-08,19.4,19.4,19.4,19.4,0.0,1,1
FS,2025-08-09,19.7,19.7,19.7,19.7,0.0,1,1
FS,2025-08-10,18.8,18.8,18.8,18.8,0.0,1,1
FS,2025-08-11,13.1,13.1,13.1,13.1,0.0,1,1
FS,2025-08-12,15.2,15.2,15.2,15.2,0.0,1,1
FS,2025-08-13,12.2,12.2,12.2,12.2,0.0,1,1
FS,2025-08-14,14.5,14.5,14.5,14.5,0.0,1,1
FS,2025-08-15,12.4,12.4,12.4,12.4,0.0,1,1
FS,2025-08-16,11.0,11.0,11.0,11.0,0.0,1,1
FS,2025-08-17,12.1,12.1,12.1,12.1,0.0,1,1
FS,2025-08-18,12.1,12.1,12.1,12.1,0.0,1,1
FS,2025-08-19,2.04,2.04,2.04,2.04,0.0,1,1
FS,2025-08-20,4.09,4.09,4.09,4.09,0.0,1,1
FS,2025-08-21,1.75,1.75,1.75,1.75,0.0,1,1
FS,2025-08-22,6.35,6.35,6.35,6.35,0.0,1,1
FS,2025-08-23,7.84,7.84,7.84,7.84,0.0,1,1
FS,2025-08-24,11.5,11.5,11.5,11.5,0.0,1,1
FS,2025-08-25,12.7,12.7,12.7,12.7,0.0,1,1
FS,2025-08-26,11.3,11.3,11.3,11.3,0.0,1,1
FS,2025-08-27,16.4,16.4,16.4,16.4,0.0,1,1
FS,2025-08-29,18.3,18.3,18.3,18.3,0.0,1,1
FS,2025-08-30,18.3,18.3,18.3,18.3,0.0,1,1
FS,2025-08-31,18.3,18.3,18.3,18.3,0.0,1,1
FS,2025-09-01,16.2,16.2,16.2,16.2,0.0,1,1
FS,2025-09-02,15.1,15.1,15.1,15.1,0.0,1,1
FS,2025-09-03,15.3,15.3,15.3,15.3,0.0,1,1
FS,2025-09-04,18.0,18.0,18.0,18.0,0.0,1,1
FS,2025-09-05,3.45,3.45,3.45,3.45,0.0,1,1
FS,2025-09-06,2.48,2.48,2.48,2.48,0.0,1,1
FS,2025-09-07,2.36,2.36,2.36,2.36,0.0,1,1
FS,2025-09-08,5.35,5.35,5.35,5.35,0.0,1,1
FS,2025-09-09,5.48,5.48,5.48,5.48,0.0,1,1
FS,2025-09-10,9.58,9.58,9.58,9.58,0.0,1,1
FS,2025-09-11,4.69,4.69,4.69,4.69,0.0,1,1
FS,2025-09-12,12.8,12.8,12.8,12.8,0.0,1,1
FS,2025-09-13,24.4,24.4,24.4,24.4,0.0,1,1
FS,2025-09-14,1.18,1.18,1.18,1.18,0.0,1,1
FS,2025-09-15,17.1,17.1,17.1,17.1,0.0,1,1
FS,2025-09-16,22.7,22.7,22.7,22.7,0.0,1,1
FS,2025-09-17,7.26,7.26,7.26,7.26,0.0,1,1
FS,2025-09-18,13.5,13.5,13.5,13.5,0.0,1,1
FS,2025-09-19,8.06,8.06,8.06,8.06,0.0,1,1
FS,2025-09-20,10.9,10.9,10.9,10.9,0.0,1,1
FS,2025-09-29,2.78,2.78,2.78,2.78,0.0,1,1
FS,2025-09-30,4.08,4.08,4.08,4.08,0.0,1,1
FS,2025-10-01,3.63,3.63,3.63,3.63,0.0,1,1
FS,2025-10-02,3.75,3.75,3.75,3.75,0.0,1,1
FS,2025-10-03,8.43,8.43,8.43,8.43,0.0,1,1
FS,2025-10-04,9.8,9.8,9.8,9.8,0.0,1,1
FS,2025-10-05,8.16,8.16,8.16,8.16,0.0,1,1
FS,2025-10-06,9.99,9.99,9.99,9.99,0.0,1,1
FS,2025-10-07,9.7,9.7,9.7,9.7,0.0,1,1
FS,2025-10-08,20.4,20.4,20.4,20.4,0.0,1,1
FS,2025-10-09,23.6,23.6,23.6,23.6,0.0,1,1
FS,2025-10-10,8.23,8.23,8.23,8.23,0.0,1,1
FS,2025-10-11,4.24,4.24,4.24,4.24,0.0,1,1
FS,2025-10-12,7.4,7.4,7.4,7.4,0.0,1,1
FS,2025-10-13,6.23,6.23,6.23,6.23,0.0,1,1
FS,2025-10-14,4.04,4.04,4.04,4.04,0.0,1,1
FS,2025-10-15,7.52,7.52,7.52,7.52,0.0,1,1
FS,2025-10-16,4.31,4.31,4.31,4.31,0.0,1,1
FS,2025-10-17,3.22,3.22,3.22,3.22,0.0,1,1
FS,2025-10-18,8.57,8.57,8.57,8.57,0.0,1,1
FS,2025-10-19,4.06,4.06,4.06,4.06,0.0,1,1
FS,2025-10-20,5.19,5.19,5.19,5.19,0.0,1,1
FS,2025-10-21,1.39,1.39,1.39,1.39,0.0,1,1
FS,2025-10-22,3.17,3.17,3.17,3.17,0.0,1,1
FS,2025-10-23,2.89,2.89,2.89,2.89,0.0,1,1
FS,2025-10-24,2.44,2.44,2.44,2.44,0.0,1,1
FS,2025-10-25,7.03,7.03,7.03,7.03,0.0,1,1
FS,2025-10-26,3.17,3.17,3.17,3.17,0.0,1,1
FS,2025-10-27,2.56,2.56,2.56,2.56,0.0,1,1
FS,2025-10-28,2.18,2.18,2.18,2.18,0.0,1,1
FS,2025-10-29,1.4,1.4,1.4,1.4,0.0,1,1
FS,2025-10-30,1.13,1.13,1.13,1.13,0.0,1,1
FS,2025-10-31,1.14,1.14,1.14,1.14,0.0,1,1
FS,2025-11-01,2.52,2.52,2.52,2.52,0.0,1,1
FS,2025-11-02,1.91,1.91,1.91,1.91,0.0,1,1
FS,2025-11-03,7.41,7.41,7.41,7.41,0.0,1,1
FS,2025-11-04,1.87,1.87,1.87,1.87,0.0,1,1
FS,2025-11-05,11.2,11.2,11.2,11.2,0.0,1,1
FS,2025-11-06,2.23,2.23,2.23,2.23,0.0,1,1
FS,2025-11-07,3.24,3.24,3.24,3.24,0.0,1,1
FS,2025-11-08,4.81,4.81,4.81,4.81,0.0,1,1
FS,2025-11-09,21.5,21.5,21.5,21.5,0.0,1,1
FS,2025-11-10,27.5,27.5,27.5,27.5,0.0,1,1
FS,2025-11-11,11.8,11.8,11.8,11.8,0.0,1,1
FS,2025-11-12,4.61,4.61,4.61,4.61,0.0,1,1
FS,2025-11-13,13.5,13.5,13.5,13.5,0.0,1,1
FS,2025-11-14,12.4,12.4,12.4,12.4,0.0,1,1
FS,2025-11-15,25.6,25.6,25.6,25.6,0.0,1,1
FS,2025-11-16,13.4,13.4,13.4,13.4,0.0,1,1
FS,2025-11-17,2.0,2.0,2.0,2.0,0.0,1,1
FS,2025-11-18,7.6,7.6,7.6,7.6,0.0,1,1
FS,2025-11-19,19.5,19.5,19.5,19.5,0.0,1,1
FS,2025-11-20,15.6,15.6,15.6,15.6,0.0,1,1
FS,2025-11-21,19.2,19.2,19.2,19.2,0.0,1,1
FS,2025-11-22,11.4,11.4,11.4,11.4,0.0,1,1
FS,2025-11-23,28.4,28.4,28.4,28.4,0.0,1,1
FS,2025-11-24,8.25,8.25,8.25,8.25,0.0,1,1
FS,2025-11-25,40.1,40.1,40.1,40.1,0.0,1,1
FS,2025-11-26,0.65,0.65,0.65,0.65,0.0,1,1
FS,2025-11-27,3.71,3.71,3.71,3.71,0.0,1,1
FS,2025-11-28,9.49,9.49,9.49,9.49,0.0,1,1
FS,2025-11-29,4.88,4.88,4.88,4.88,0.0,1,1
FS,2025-11-30,7.85,7.85,7.85,7.85,0.0,1,1
FS,2025-12-01,21.8,21.8,21.8,21.8,0.0,1,1
FS,2025-12-02,21.1,21.1,21.1,21.1,0.0,1,1
FS,2025-12-03,17.2,17.2,17.2,17.2,0.0,1,1
FS,2025-12-04,20.3,20.3,20.3,20.3,0.0,1,1
FS,2025-12-05,9.89,9.89,9.89,9.89,0.0,1,1
FS,2025-12-06,3.69,3.69,3.69,3.69,0.0,1,1
FS,2025-12-07,2.94,2.94,2.94,2.94,0.0,1,1
FS,2025-12-08,12.7,12.7,12.7,12.7,0.0,1,1
FS,2025-12-09,23.4,23.4,23.4,23.4,0.0,1,1
FS,2025-12-10,28.1,28.1,28.1,28.1,0.0,1,1
FS,2025-12-11,15.8,15.8,15.8,15.8,0.0,1,1
FS,2025-12-12,33.2,33.2,33.2,33.2,0.0,1,1
FS,2025-12-13,23.9,23.9,23.9,23.9,0.0,1,1
FS,2025-12-14,19.2,19.2,19.2,19.2,0.0,1,1
FS,2025-12-15,4.7,4.7,4.7,4.7,0.0,1,1
FS,2025-12-17,18.1,18.1,18.1,18.1,0.0,1,1
FS,2025-12-18,28.3,28.3,28.3,28.3,0.0,1,1
FS,2025-12-19,27.1,27.1,27.1,27.1,0.0,1,1
FS,2025-12-20,18.3,18.3,18.3,18.3,0.0,1,1
FS,2025-12-21,50.1,50.1,50.1,50.1,0.0,1,1
FS,2025-12-22,31.2,31.2,31.2,31.2,0.0,1,1
FS,2025-12-23,17.4,17.4,17.4,17.4,0.0,1,1
FS,2025-12-24,7.94,7.94,7.94,7.94,0.0,1,1
FS,2025-12-25,15.6,15.6,15.6,15.6,0.0,1,1
FS,2025-12-27,8.41,8.41,8.41,8.41,0.0,1,1
FS,2025-12-28,21.1,21.1,21.1,21.1,0.0,1,1
FS,2025-12-29,53.3,53.3,53.3,53.3,0.0,1,1
FS,2025-12-30,63.1,63.1,63.1,63.1,0.0,1,1
FS,2025-12-31,59.2,59.2,59.2,59.2,0.0,1,1
FS,2026-01-01,35.7,35.7,35.7,35.7,0.0,1,1
FS,2026-01-02,48.1,48.1,48.1,48.1,0.0,1,1
FS,2026-01-03,54.4,54.4,54.4,54.4,0.0,1,1
FS,2026-01-04,76.2,76.2,76.2,76.2,0.0,1,1
FS,2026-01-05,64.8,64.8,64.8,64.8,0.0,1,1
FS,2026-01-06,61.9,61.9,61.9,61.9,0.0,1,1
FS,2026-01-07,73.1,73.1,73.1,73.1,0.0,1,1
FS,2026-01-08,59.6,59.6,59.6,59.6,0.0,1,1
FS,2026-01-09,58.0,58.0,58.0,58.0,0.0,1,1
FS,2026-01-10,61.0,61.0,61.0,61.0,0.0,1,1
FS,2026-01-20,50.0,50.0,50.0,50.0,0.0,1,1
FS,2026-01-21,69.8,69.8,69.8,69.8,0.0,1,1
FS,2026-01-22,66.7,66.7,66.7,66.7,0.0,1,1
FS,2026-01-23,47.2,47.2,47.2,47.2,0.0,1,1
FS,2026-01-24,39.0,39.0,39.0,39.0,0.0,1,1
FS,2026-01-27,22.6,22.6,22.6,22.6,0.0,1,1
FS,2026-01-28,30.1,30.1,30.1,30.1,0.0,1,1
FS,2026-01-29,49.1,49.1,49.1,49.1,0.0,1,1
FS,2026-01-30,59.8,59.8,59.8,59.8,0.0,1,1
FS,2026-01-31,48.8,48.8,48.8,48.8,0.0,1,1
FS,2026-02-01,49.8,49.8,49.8,49.8,0.0,1,1
FS,2026-02-02,66.7,66.7,66.7,66.7,0.0,1,1
FS,2026-02-03,68.7,68.7,68.7,68.7,0.0,1,1
FS,2026-02-04,84.3,84.3,84.3,84.3,0.0,1,1
FS,2026-02-05,71.9,71.9,71.9,71.9,0.0,1,1
FS,2026-02-06,52.8,52.8,52.8,52.8,0.0,1,1
FS,2026-02-07,55.7,55.7,55.7,55.7,0.0,1,1
FS,2026-02-08,41.8,41.8,41.8,41.8,0.0,1,1
FS,2026-02-09,56.8,56.8,56.8,56.8,0.0,1,1
FS,2026-02-10,46.9,46.9,46.9,46.9,0.0,1,1
FS,2026-02-11,52.9,52.9,52.9,52.9,0.0,1,1
FS,2026-02-12,49.5,49.5,49.5,49.5,0.0,1,1
FS,2026-02-13,61.9,61.9,61.9,61.9,0.0,1,1
FS,2026-02-14,77.8,77.8,77.8,77.8,0.0,1,1
FS,2026-02-15,68.6,68.6,68.6,68.6,0.0,1,1
FS,2026-02-18,15.0,15.0,15.0,15.0,0.0,1,1
FS,2026-02-20,66.3,66.3,66.3,66.3,0.0,1,1
FS,2026-02-21,67.6,67.6,67.6,67.6,0.0,1,1
FS,2026-02-22,60.7,60.7,60.7,60.7,0.0,1,1
FS,2026-02-23,50.3,50.3,50.3,50.3,0.0,1,1
FS,2026-02-24,46.0,46.0,46.0,46.0,0.0,1,1
FS,2026-02-25,38.4,38.4,38.4,38.4,0.0,1,1
FS,2026-02-26,11.7,11.7,11.7,11.7,0.0,1,1
FS,2026-02-27,13.4,13.4,13.4,13.4,0.0,1,1
FS,2026-02-28,14.1,14.1,14.1,14.1,0.0,1,1
FS,2026-03-01,23.8,23.8,23.8,23.8,0.0,1,1
FS,2026-03-02,18.0,18.0,18.0,18.0,0.0,1,1
FS,2026-03-03,72.5,72.5,72.5,72.5,0.0,1,1
FS,2026-03-04,43.1,43.1,43.1,43.1,0.0,1,1
FS,2026-03-05,33.5,33.5,33.5,33.5,0.0,1,1
FS,2026-03-06,29.5,29.5,29.5,29.5,0.0,1,1
FS,2026-03-07,24.6,24.6,24.6,24.6,0.0,1,1
FS,2026-03-08,52.5,52.5,52.5,52.5,0.0,1,1
FS,2026-03-09,45.2,45.2,45.2,45.2,0.0,1,1
FS,2026-03-10,58.4,58.4,58.4,58.4,0.0,1,1
FS,2026-03-11,84.4,84.4,84.4,84.4,0.0,1,1
FS,2026-03-12,44.5,44.5,44.5,44.5,0.0,1,1
FS,2026-03-13,52.2,52.2,52.2,52.2,0.0,1,1
FS,2026-03-14,22.3,22.3,22.3,22.3,0.0,1,1
FS,2026-03-15,14.0,14.0,14.0,14.0,0.0,1,1
FS,2026-03-16,11.3,11.3,11.3,11.3,0.0,1,1
FS,2026-03-17,18.7,18.7,18.7,18.7,0.0,1,1
FS,2026-03-18,18.9,18.9,18.9,18.9,0.0,1,1
FS,2026-03-19,16.1,16.1,16.1,16.1,0.0,1,1
FS,2026-03-20,16.6,16.6,16.6,16.6,0.0,1,1
FS,2026-03-21,24.3,24.3,24.3,24.3,0.0,1,1
FS,2026-03-22,35.3,35.3,35.3,35.3,0.0,1,1
FS,2026-03-23,71.7,71.7,71.7,71.7,0.0,1,1
FS,2026-03-24,45.9,45.9,45.9,45.9,0.0,1,1
FS,2026-03-25,23.8,23.8,23.8,23.8,0.0,1,1
FS,2026-03-26,26.5,26.5,26.5,26.5,0.0,1,1
FS,2026-03-27,56.9,56.9,56.9,56.9,0.0,1,1
FS,2026-03-28,15.2,15.2,15.2,15.2,0.0,1,1
FS,2026-03-29,6.4,6.4,6.4,6.4,0.0,1,1
FS,2026-03-30,13.8,13.8,13.8,13.8,0.0,1,1
FS,2026-03-31,8.83,8.83,8.83,8.83,0.0,1,1
FS,2026-04-01,8.79,8.79,8.79,8.79,0.0,1,1
FS,2026-04-02,7.52,7.52,7.52,7.52,0.0,1,1
FS,2026-04-03,16.1,16.1,16.1,16.1,0.0,1,1
FS,2026-04-04,7.23,7.23,7.23,7.23,0.0,1,1
FS,2026-04-05,7.97,7.97,7.97,7.97,0.0,1,1
FS,2026-04-06,12.7,12.7,12.7,12.7,0.0,1,1
FS,2026-04-07,14.2,14.2,14.2,14.2,0.0,1,1
FS,2026-04-08,13.6,13.6,13.6,13.6,0.0,1,1
FS,2026-04-09,19.8,19.8,19.8,19.8,0.0,1,1
FS,2026-04-10,21.5,21.5,21.5,21.5,0.0,1,1
FS,2026-04-11,94.9,94.9,94.9,94.9,0.0,1,1
FS,2026-04-12,41.5,41.5,41.5,41.5,0.0,1,1
FS,2026-04-13,22.6,22.6,22.6,22.6,0.0,1,1
FS,2026-04-14,26.3,26.3,26.3,26.3,0.0,1,1
FS,2026-04-15,19.3,19.3,19.3,19.3,0.0,1,1
FS,2026-04-16,15.7,15.7,15.7,15.7,0.0,1,1
FS,2026-04-17,21.0,21.0,21.0,21.0,0.0,1,1
FS,2026-04-18,20.7,20.7,20.7,20.7,0.0,1,1
FS,2026-04-19,16.2,16.2,16.2,16.2,0.0,1,1
FS,2026-04-20,24.0,24.0,24.0,24.0,0.0,1,1
FS,2026-04-21,25.4,25.4,25.4,25.4,0.0,1,1
FS,2026-04-22,20.2,20.2,20.2,20.2,0.0,1,1
FS,2026-04-23,22.6,22.6,22.6,22.6,0.0,1,1
FS,2026-04-24,19.1,19.1,19.1,19.1,0.0,1,1
FS,2026-04-25,27.2,27.2,27.2,27.2,0.0,1,1
FS,2026-04-26,20.1,20.1,20.1,20.1,0.0,1,1
FS,2026-04-27,11.8,11.8,11.8,11.8,0.0,1,1
FS,2026-04-28,16.1,16.1,16.1,16.1,0.0,1,1
FS,2026-04-29,13.7,13.7,13.7,13.7,0.0,1,1
FS,2026-04-30,11.2,11.2,11.2,11.2,0.0,1,1
FS,2026-05-01,12.0,12.0,12.0,12.0,0.0,1,1
FS,2026-05-02,13.4,13.4,13.4,13.4,0.0,1,1
FS,2026-05-03,14.3,14.3,14.3,14.3,0.0,1,1
FS,2026-05-04,11.8,11.8,11.8,11.8,0.0,1,1
FS,2026-05-05,14.7,14.7,14.7,14.7,0.0,1,1
FS,2026-05-06,14.7,14.7,14.7,14.7,0.0,1,1
FS,2026-05-07,48.5,48.5,48.5,48.5,0.0,1,1
FS,2026-05-09,23.0,23.0,23.0,23.0,0.0,1,1
FS,2026-05-10,11.9,11.9,11.9,11.9,0.0,1,1
FS,2026-05-11,11.8,11.8,11.8,11.8,0.0,1,1
FS,2026-05-12,5.34,5.34,5.34,5.34,0.0,1,1
FS,2026-05-13,14.0,14.0,14.0,14.0,0.0,1,1
FS,2026-05-14,14.7,14.7,14.7,14.7,0.0,1,1
FS,2026-05-15,18.4,18.4,18.4,18.4,0.0,1,1
FS,2026-05-16,14.3,14.3,14.3,14.3,0.0,1,1
FS,2026-05-17,14.2,14.2,14.2,14.2,0.0,1,1
FS,2026-05-18,15.7,15.7,15.7,15.7,0.0,1,1
FS,2026-05-19,19.1,19.1,19.1,19.1,0.0,1,1
FS,2026-05-20,14.4,14.4,14.4,14.4,0.0,1,1
FS,2026-05-21,15.5,15.5,15.5,15.5,0.0,1,1
FS,2026-05-22,16.7,16.7,16.7,16.7,0.0,1,1
FS,2026-05-23,18.7,18.7,18.7,18.7,0.0,1,1
FS,2026-05-24,20.1,20.1,20.1,20.1,0.0,1,1
FS,2026-05-25,17.5,17.5,17.5,17.5,0.0,1,1
FS,2026-05-26,18.9,18.9,18.9,18.9,0.0,1,1
FS,2026-05-27,18.4,18.4,18.4,18.4,0.0,1,1
FS,2026-05-28,18.6,18.6,18.6,18.6,0.0,1,1
FS,2026-05-29,20.0,20.0,20.0,20.0,0.0,1,1
FS,2026-05-30,20.3,20.3,20.3,20.3,0.0,1,1
FS,2026-05-31,23.7,23.7,23.7,23.7,0.0,1,1
FS,2026-06-01,21.3,21.3,21.3,21.3,0.0,1,1
FS,2026-06-02,22.2,22.2,22.2,22.2,0.0,1,1
FS,2026-06-03,22.6,22.6,22.6,22.6,0.0,1,1
FS,2026-06-04,22.9,22.9,22.9,22.9,0.0,1,1
FS,2026-06-05,20.3,20.3,20.3,20.3,0.0,1,1
FS,2026-06-06,22.9,22.9,22.9,22.9,0.0,1,1
FS,2026-06-07,21.8,21.8,21.8,21.8,0.0,1,1
FS,2026-06-08,19.0,19.0,19.0,19.0,0.0,1,1
FS,2026-06-09,26.9,26.9,26.9,26.9,0.0,1,1
FS,2026-06-10,18.1,18.1,18.1,18.1,0.0,1,1
FS,2026-06-11,39.6,39.6,39.6,39.6,0.0,1,1
FS,2026-06-12,14.5,14.5,14.5,14.5,0.0,1,1
FS,2026-06-13,20.0,20.0,20.0,20.0,0.0,1,1
FS,2026-06-14,18.1,18.1,18.1,18.1,0.0,1,1
FS,2026-06-15,20.5,20.5,20.5,20.5,0.0,1,1
FS,2026-06-16,20.0,20.0,20.0,20.0,0.0,1,1
FS,2026-06-17,20.4,20.4,20.4,20.4,0.0,1,1
FS,2026-06-18,20.1,20.1,20.1,20.1,0.0,1,1
FS,2026-06-19,21.4,21.4,21.4,21.4,0.0,1,1
FS,2026-06-20,20.5,20.5,20.5,20.5,0.0,1,1
FS,2026-06-21,21.9,21.9,21.9,21.9,0.0,1,1
FS,2026-06-22,17.3,17.3,17.3,17.3,0.0,1,1
FS,2026-06-23,16.5,16.5,16.5,16.5,0.0,1,1
FS,2026-06-26,19.8,19.8,19.8,19.8,0.0,1,1
FS,2026-06-27,19.9,19.9,19.9,19.9,0.0,1,1
FS,2026-06-28,20.3,20.3,20.3,20.3,0.0,1,1
FS,2026-06-29,19.8,19.8,19.8,19.8,0.0,1,1
FS,2026-06-30,18.8,18.8,18.8,18.8,0.0,1,1
FS,2026-07-01,17.0,17.0,17.0,17.0,0.0,1,1
FS,2026-07-02,18.1,18.1,18.1,18.1,0.0,1,1
FS,2026-07-03,19.6,19.6,19.6,19.6,0.0,1,1
FS,2026-07-04,18.6,18.6,18.6,18.6,0.0,1,1
FS,2026-07-05,17.0,17.0,17.0,17.0,0.0,1,1
FS,2026-07-06,18.3,18.3,18.3,18.3,0.0,1,1
FS,2026-07-07,19.0,19.0,19.0,19.0,0.0,1,1
FS,2026-07-08,18.3,18.3,18.3,18.3,0.0,1,1
FS,2026-07-09,18.7,18.7,18.7,18.7,0.0,1,1
FS,2026-07-10,17.3,17.3,17.3,17.3,0.0,1,1
FS,2026-07-11,17.6,17.6,17.6,17.6,0.0,1,1
FS,2026-07-12,16.1,16.1,16.1,16.1,0.0,1,1
FS,2026-07-13,19.1,19.1,19.1,19.1,0.0,1,1
FS,2026-07-14,20.5,20.5,20.5,20.5,0.0,1,1
FS,2026-07-15,17.4,17.4,17.4,17.4,0.0,1,1
FS,2026-07-16,17.3,17.3,17.3,17.3,0.0,1,1
FS,2026-07-17,17.6,17.6,17.6,17.6,0.0,1,1
FS,2026-07-18,19.9,19.9,19.9,19.9,0.0,1,1
FS,2026-07-19,19.2,19.2,19.2,19.2,0.0,1,1
FS,2026-07-20,18.7,18.7,18.7,18.7,0.0,1,1
FS,2026-07-21,16.6,16.6,16.6,16.6,0.0,1,1
FS,2026-07-22,16.6,16.6,16.6,16.6,0.0,1,1
FS,2026-07-23,15.0,15.0,15.0,15.0,0.0,1,1
FS,2026-07-24,16.1,16.1,16.1,16.1,0.0,1,1
FS,2026-07-25,16.1,16.1,16.1,16.1,0.0,1,1
FS,2026-07-26,18.5,18.5,18.5,18.5,0.0,1,1
FS,2026-07-27,20.3,20.3,20.3,20.3,0.0,1,1
FS,2026-07-28,20.3,20.3,20.3,20.3,0.0,1,1
FS,2026-07-29,20.4,20.4,20.4,20.4,0.0,1,1
FS,2026-07-30,19.1,19.1,19.1,19.1,0.0,1,1
FS,2026-07-31,31.1,31.1,31.1,31.1,0.0,1,1
FS,2026-08-01,6.03,6.03,6.03,6.03,0.0,1,1
FS,2026-08-02,5.95,5.95,5.95,5.95,0.0,1,1
FS,2026-08-03,3.09,3.09,3.09,3.09,0.0,1,1
FS,2026-08-04,6.34,6.34,6.34,6.34,0.0,1,1
FS,2026-08-05,7.03,7.03,7.03,7.03,0.0,1,1
FS,2026-08-06,6.24,6.24,6.24,6.24,0.0,1,1
FS,2026-08-07,9.13,9.13,9.13,9.13,0.0,1,1
FS,2026-08-08,6.87,6.87,6.87,6.87,0.0,1,1
FS,2026-08-09,6.82,6.82,6.82,6.82,0.0,1,1
FS,2026-08-10,8.06,8.06,8.06,8.06,0.0,1,1
FS,2026-08-11,5.82,5.82,5.82,5.82,0.0,1,1
FS,2026-08-12,8.7,8.7,8.7,8.7,0.0,1,1
FS,2026-08-13,6.73,6.73,6.73,6.73,0.0,1,1
FS,2026-08-14,7.17,7.17,7.17,7.17,0.0,1,1
FS,2026-08-15,7.62,7.62,7.62,7.62,0.0,1,1
FS,2026-08-16,3.11,3.11,3.11,3.11,0.0,1,1
FS,2026-08-17,8.15,8.15,8.15,8.15,0.0,1,1
FS,2026-08-18,12.2,12.2,12.2,12.2,0.0,1,1
FS,2026-08-19,10.5,10.5,10.5,10.5,0.0,1,1
FS,2026-08-20,11.5,11.5,11.5,11.5,0.0,1,1
FS,2026-08-21,14.5,14.5,14.5,14.5,0.0,1,1
FS,2026-08-22,14.0,14.0,14.0,14.0,0.0,1,1
FS,2026-08-23,14.1,14.1,14.1,14.1,0.0,1,1
FS,2026-08-24,16.5,16.5,16.5,16.5,0.0,1,1
FS,2026-08-25,16.8,16.8,16.8,16.8,0.0,1,1
FS,2026-08-26,18.0,18.0,18.0,18.0,0.0,1,1
FS,2026-08-27,14.3,14.3,14.3,14.3,0.0,1,1
FS,2026-08-28,13.0,13.0,13.0,13.0,0.0,1,1
FS,2026-08-29,10.9,10.9,10.9,10.9,0.0,1,1
FS,2026-08-30,9.93,9.93,9.93,9.93,0.0,1,1
FS,2026-08-31,11.9,11.9,11.9,11.9,0.0,1,1
FS,2026-09-01,10.9,10.9,10.9,10.9,0.0,1,1
FS,2026-09-02,13.5,13.5,13.5,13.5,0.0,1,1
FS,2026-09-03,14.3,14.3,14.3,14.3,0.0,1,1
FS,2026-09-04,14.8,14.8,14.8,14.8,0.0,1,1
FS,2026-09-05,14.6,14.6,14.6,14.6,0.0,1,1
FS,2026-09-06,12.2,12.2,12.2,12.2,0.0,1,1
FS,2026-09-07,15.0,15.0,15.0,15.0,0.0,1,1
FS,2026-09-08,14.4,14.4,14.4,14.4,0.0,1,1
FS,2026-09-09,14.2,14.2,14.2,14.2,0.0,1,1
FS,2026-09-10,15.6,15.6,15.6,15.6,0.0,1,1
FS,2026-09-11,20.4,20.4,20.4,20.4,0.0,1,1
FS,2026-09-12,19.3,19.3,19.3,19.3,0.0,1,1
FS,2026-09-13,17.9,17.9,17.9,17.9,0.0,1,1
FS,2026-09-14,20.8,20.8,20.8,20.8,0.0,1,1
FS,2026-09-15,14.1,14.1,14.1,14.1,0.0,1,1
FS,2026-09-16,17.3,17.3,17.3,17.3,0.0,1,1
FS,2026-09-17,17.6,17.6,17.6,17.6,0.0,1,1
GS,2025-02-19,48.900000000000006,48.900000000000006,41.6,56.2,10.323759005323593,2,2
GS,2025-02-20,48.1,48.1,41.0,55.2,10.040916292848976,2,2
GS,2025-02-21,45.25,45.25,41.7,48.8,5.020458146424484,2,2
GS,2025-02-22,44.75,44.75,41.6,47.9,4.454772721475248,2,2
GS,2025-02-23,23.1,23.1,3.2,43.0,28.142849891224593,2,2
GS,2025-02-24,23.294999999999998,23.294999999999998,5.79,40.8,24.755808409341025,2,2
GS,2025-02-25,31.200000000000003,31.200000000000003,19.3,43.1,16.829141392239833,2,2
GS,2025-02-26,58.55,58.55,46.3,70.8,17.324116139070416,2,2
GS,2025-02-27,77.8,77.8,46.6,109.0,44.123463146040564,2,2
GS,2025-02-28,59.349999999999994,59.349999999999994,44.6,74.1,20.85965004500315,2,2
GS,2025-03-01,36.650000000000006,36.650000000000006,32.6,40.7,5.727564927611039,2,2
GS,2025-03-02,40.099999999999994,40.099999999999994,37.8,42.4,3.252691193458117,2,2
GS,2025-03-03,39.8,39.8,36.9,42.7,4.101219330881976,2,2
GS,2025-03-04,42.9,42.9,41.4,44.4,2.1213203435596424,2,2
GS,2025-03-05,48.0,48.0,32.0,64.0,22.627416997969522,2,2
GS,2025-03-06,45.95,45.95,42.2,49.7,5.303300858899107,2,2
GS,2025-03-07,55.5,55.5,44.7,66.3,15.273506473629423,2,2
GS,2025-03-08,47.400000000000006,47.400000000000006,41.6,53.2,8.20243866176395,2,2
GS,2025-03-09,29.5,29.5,20.3,38.7,13.010764773832474,2,2
GS,2025-03-10,44.5,44.5,42.2,46.8,3.2526911934581144,2,2
GS,2025-03-11,57.55,57.55,56.3,58.8,1.7677669529663689,2,2
GS,2025-03-12,58.150000000000006,58.150000000000006,44.9,71.4,18.73832970144352,2,2
GS,2025-03-13,23.75,23.75,0.0,47.5,33.58757210636101,2,2
GS,2025-03-14,43.8,43.8,43.8,43.8,0.0,1,1
GS,2025-03-15,20.43,20.43,2.56,38.3,25.271996359607208,2,2
GS,2025-03-16,22.745,22.745,5.79,39.7,23.97799095003583,2,2
GS,2025-03-17,26.700000000000003,26.700000000000003,11.7,41.7,21.21320343559643,2,2
GS,2025-03-18,22.21,22.21,5.22,39.2,24.027488424718886,2,2
GS,2025-03-19,23.71,23.71,8.72,38.7,21.199061299972694,2,2
GS,2025-03-20,23.4,23.4,23.4,23.4,0.0,1,1
GS,2025-03-21,25.25,25.25,12.3,38.2,18.31406563273158,2,2
GS,2025-03-22,21.384999999999998,21.384999999999998,5.77,37.0,22.08294477645588,2,2
GS,2025-03-23,28.049999999999997,28.049999999999997,17.2,38.9,15.34421715174808,2,2
GS,2025-03-24,32.5,32.5,24.4,40.6,11.455129855222072,2,2
GS,2025-03-25,37.05,37.05,32.2,41.9,6.8589357775095054,2,2
GS,2025-03-26,23.775,23.775,9.45,38.1,20.258609280994587,2,2
GS,2025-03-27,19.845,19.845,3.39,36.3,23.270884168849275,2,2
GS,2025-03-28,28.549999999999997,28.549999999999997,18.2,38.9,14.637110370561532,2,2
GS,2025-03-29,38.15,38.15,34.0,42.3,5.868986283848343,2,2
GS,2025-03-30,29.2,29.2,29.2,29.2,0.0,1,1
GS,2025-03-31,18.6,18.6,18.6,18.6,0.0,1,1
GS,2025-04-01,32.95,32.95,23.6,42.3,13.22289680818844,2,2
GS,2025-04-02,40.1,40.1,38.0,42.2,2.9698484809835017,2,2
GS,2025-04-03,35.65,35.65,30.5,40.8,7.283199846221438,2,2
GS,2025-04-04,29.85,29.85,20.1,39.6,13.788582233137676,2,2
GS,2025-04-05,31.65,31.65,24.7,38.6,9.82878425849301,2,2
GS,2025-04-06,27.700000000000003,27.700000000000003,17.2,38.2,14.849242404917502,2,2
GS,2025-04-07,30.049999999999997,30.049999999999997,19.3,40.8,15.202795795510768,2,2
GS,2025-04-08,32.7,32.7,25.7,39.7,9.899494936611669,2,2
GS,2025-04-09,28.75,28.75,19.7,37.8,12.79863273947651,2,2
GS,2025-04-11,20.495,20.495,4.29,36.7,22.91733077825601,2,2
GS,2025-04-12,20.69,20.69,4.88,36.5,22.358716421118633,2,2
GS,2025-04-13,22.885,22.885,8.57,37.2,20.24446714537086,2,2
GS,2025-04-14,23.205,23.205,8.91,37.5,20.216182874123394,2,2
GS,2025-04-15,9.34,9.34,9.34,9.34,0.0,1,1
GS,2025-04-16,3.52,3.52,3.52,3.52,0.0,1,1
GS,2025-04-17,4.37,4.37,4.37,4.37,0.0,1,1
GS,2025-04-18,14.9,14.9,14.9,14.9,0.0,1,1
GS,2025-04-19,13.4,13.4,13.4,13.4,0.0,1,1
GS,2025-04-20,16.6,16.6,16.6,16.6,0.0,1,1
GS,2025-04-21,13.7,13.7,13.7,13.7,0.0,1,1
GS,2025-04-22,26.3,26.3,26.3,26.3,0.0,1,1
GS,2025-04-23,25.3,25.3,25.3,25.3,0.0,1,1
GS,2025-04-24,7.39,7.39,7.39,7.39,0.0,1,1
GS,2025-04-25,61.2,61.2,61.2,61.2,0.0,1,1
GS,2025-04-26,38.9,38.9,38.9,38.9,0.0,1,1
GS,2025-04-27,38.8,38.8,38.8,38.8,0.0,1,1
GS,2025-04-28,28.9,28.9,19.9,37.9,12.727922061357855,2,2
GS,2025-04-29,28.950000000000003,28.950000000000003,18.8,39.1,14.354267658086917,2,2
GS,2025-04-30,25.099999999999998,25.099999999999998,12.4,37.8,17.960512242138304,2,2
GS,2025-05-01,26.5,26.5,15.6,37.4,15.414927829866736,2,2
GS,2025-05-02,26.5,26.5,15.2,37.8,15.980613254815974,2,2
GS,2025-05-03,33.65,33.65,13.9,53.4,27.93071785686863,2,2
GS,2025-05-04,50.4,50.4,14.0,86.8,51.47737367038066,2,2
GS,2025-05-05,55.3,55.3,14.6,96.0,57.55849198858497,2,2
GS,2025-05-06,32.7,32.7,16.1,49.3,23.475945135393378,2,2
GS,2025-05-07,25.9,25.9,14.2,37.6,16.54629867976521,2,2
GS,2025-05-08,18.305,18.305,1.01,35.6,24.458823561242678,2,2
GS,2025-05-09,18.695,18.695,1.89,35.5,23.765858915679864,2,2
GS,2025-05-10,19.040000000000003,19.040000000000003,1.88,36.2,24.267904730322314,2,2
GS,2025-05-11,18.895000000000003,18.895000000000003,2.09,35.7,23.765858915679864,2,2
GS,2025-05-12,23.6,23.6,11.5,35.7,17.111984104714452,2,2
GS,2025-05-13,28.6,28.6,10.3,46.9,25.880108191427638,2,2
GS,2025-05-14,28.3,28.3,17.4,39.2,15.41492782986674,2,2
GS,2025-05-15,36.0,36.0,30.8,41.2,7.353910524340095,2,2
GS,2025-05-16,26.85,26.85,15.7,38.0,15.768481220460012,2,2
GS,2025-05-17,24.55,24.55,11.6,37.5,18.31406563273158,2,2
GS,2025-05-18,26.15,26.15,12.9,39.4,18.738329701443508,2,2
GS,2025-05-19,29.4,29.4,16.7,42.1,17.960512242138307,2,2
GS,2025-05-20,28.5,28.5,14.2,42.8,20.22325394193526,2,2
GS,2025-05-21,17.7,17.7,17.7,17.7,0.0,1,1
GS,2025-05-22,28.8,28.8,16.6,41.0,17.253405460951758,2,2
GS,2025-05-23,38.5,38.5,35.4,41.6,4.384062043356597,2,2
GS,2025-05-24,38.5,38.5,34.9,42.1,5.091168824543144,2,2
GS,2025-05-25,28.549999999999997,28.549999999999997,20.2,36.9,11.808683245815342,2,2
GS,2025-05-26,27.25,27.25,17.3,37.2,14.071424945612296,2,2
GS,2025-05-27,25.299999999999997,25.299999999999997,14.2,36.4,15.697770542341352,2,2
GS,2025-05-28,30.05,30.05,21.6,38.5,11.950104602052653,2,2
GS,2025-05-29,31.3,31.3,24.4,38.2,9.758073580374358,2,2
GS,2025-05-30,30.8,30.8,24.0,37.6,9.616652224137047,2,2
GS,2025-05-31,22.955000000000002,22.955000000000002,8.81,37.1,20.00405083976743,2,2
GS,2025-06-01,36.4,36.4,36.4,36.4,0.0,1,1
GS,2025-06-02,27.75,27.75,18.5,37.0,13.08147545195113,2,2
GS,2025-06-03,27.05,27.05,17.1,37.0,14.071424945612295,2,2
GS,2025-06-04,26.25,26.25,15.0,37.5,15.90990257669732,2,2
GS,2025-06-05,34.2,34.2,28.6,39.8,7.919595949289332,2,2
GS,2025-06-06,33.75,33.75,28.8,38.7,7.000357133746821,2,2
GS,2025-06-07,25.45,25.45,14.0,36.9,16.19274528917194,2,2
GS,2025-06-08,32.45,32.45,23.9,41.0,12.091525958289967,2,2
GS,2025-06-09,49.4,49.4,21.8,77.0,39.032294321497425,2,2
GS,2025-06-10,26.2,26.2,16.0,36.4,14.42497833620557,2,2
GS,2025-06-11,22.56,22.56,9.62,35.5,18.29992349710785,2,2
GS,2025-06-12,22.419999999999998,22.419999999999998,9.04,35.8,18.92217746455201,2,2
GS,2025-06-13,25.450000000000003,25.450000000000003,14.3,36.6,15.768481220460012,2,2
GS,2025-06-14,52.35,52.35,14.9,89.8,52.96229791087241,2,2
GS,2025-06-15,123.8,123.8,17.6,230.0,150.1894803240227,2,2
GS,2025-06-16,120.2,120.2,10.4,230.0,155.28064914856583,2,2
GS,2025-06-17,124.65,124.65,19.3,230.0,148.98739879600555,2,2
GS,2025-06-18,121.0,121.0,12.0,230.0,154.14927829866735,2,2
GS,2025-06-19,121.7,121.7,13.4,230.0,153.1593288050062,2,2
GS,2025-06-20,122.35,122.35,14.7,230.0,152.24008998946368,2,2
GS,2025-06-21,122.25,122.25,14.5,230.0,152.381511345701,2,2
GS,2025-06-22,14.8,14.8,14.8,14.8,0.0,1,1
GS,2025-06-23,10.9,10.9,10.9,10.9,0.0,1,1
GS,2025-06-24,76.15,76.15,44.3,108.0,45.042701961583084,2,2
GS,2025-06-25,29.0,29.0,19.7,38.3,13.152186130069783,2,2
GS,2025-06-26,27.35,27.35,17.5,37.2,13.930003589374987,2,2
GS,2025-06-27,26.6,26.6,16.2,37.0,14.70782104868019,2,2
GS,2025-06-28,28.85,28.85,20.3,37.4,12.091525958289962,2,2
GS,2025-06-29,25.4,25.4,14.4,36.4,15.556349186104045,2,2
GS,2025-06-30,27.7,27.7,18.9,36.5,12.445079348883237,2,2
GS,2025-07-01,25.35,25.35,14.1,36.6,15.90990257669732,2,2
GS,2025-07-02,25.05,25.05,14.1,36.0,15.48563850798539,2,2
GS,2025-07-03,12.1,12.1,12.1,12.1,0.0,1,1
GS,2025-07-04,25.25,25.25,13.5,37.0,16.617009357883866,2,2
GS,2025-07-05,28.1,28.1,17.5,38.7,14.99066376115481,2,2
GS,2025-07-06,17.6,17.6,17.6,17.6,0.0,1,1
GS,2025-07-07,27.049999999999997,27.049999999999997,17.2,36.9,13.930003589374985,2,2
GS,2025-07-08,27.25,27.25,15.0,39.5,17.324116139070416,2,2
GS,2025-07-09,28.950000000000003,28.950000000000003,18.8,39.1,14.354267658086917,2,2
GS,2025-07-10,29.099999999999998,29.099999999999998,19.4,38.8,13.717871555019022,2,2
GS,2025-07-11,28.549999999999997,28.549999999999997,18.8,38.3,13.788582233137673,2,2
GS,2025-07-12,27.05,27.05,15.0,39.1,17.041273426595797,2,2
GS,2025-07-13,26.15,26.15,14.7,37.6,16.19274528917194,2,2
GS,2025-07-14,23.69,23.69,9.78,37.6,19.671710652609754,2,2
GS,2025-07-15,27.5,27.5,17.5,37.5,14.142135623730951,2,2
GS,2025-07-16,27.9,27.9,18.0,37.8,14.00071426749364,2,2
GS,2025-07-17,30.65,30.65,13.3,48.0,24.536605307173197,2,2
GS,2025-07-18,29.65,29.65,19.3,40.0,14.637110370561532,2,2
GS,2025-07-19,27.0,27.0,15.9,38.1,15.697770542341356,2,2
GS,2025-07-20,26.1,26.1,15.2,37.0,15.414927829866738,2,2
GS,2025-07-21,25.95,25.95,15.1,36.8,15.34421715174808,2,2
GS,2025-07-22,22.0,22.0,7.9,36.1,19.94041122946064,2,2
GS,2025-07-23,18.65,18.65,0.0,37.3,26.37508293825822,2,2
GS,2025-07-24,23.424999999999997,23.424999999999997,8.05,38.8,21.74353352148633,2,2
GS,2025-07-25,26.700000000000003,26.700000000000003,15.7,37.7,15.556349186104049,2,2
GS,2025-07-26,39.8,39.8,39.8,39.8,0.0,1,1
GS,2025-07-27,38.9,38.9,38.9,38.9,0.0,1,1
GS,2025-07-28,38.2,38.2,38.2,38.2,0.0,1,1
GS,2025-07-29,22.6,22.6,7.7,37.5,21.071782079359117,2,2
GS,2025-07-30,28.25,28.25,18.3,38.2,14.071424945612296,2,2
GS,2025-07-31,28.95,28.95,18.9,39.0,14.212846301849606,2,2
GS,2025-08-01,27.7,27.7,16.5,38.9,15.839191898578663,2,2
GS,2025-08-02,24.75,24.75,12.9,36.6,16.75843071412118,2,2
GS,2025-08-03,23.55,23.55,10.9,36.2,17.889801564019656,2,2
GS,2025-08-04,25.65,25.65,12.7,38.6,18.31406563273158,2,2
GS,2025-08-05,24.8,24.8,12.5,37.1,17.39482681718907,2,2
GS,2025-08-06,25.7,25.7,13.5,37.9,17.253405460951758,2,2
GS,2025-08-07,25.95,25.95,14.4,37.5,16.334166645409248,2,2
GS,2025-08-08,26.15,26.15,13.8,38.5,17.46553749530772,2,2
GS,2025-08-09,27.55,27.55,16.5,38.6,15.627059864222701,2,2
GS,2025-08-10,26.75,26.75,16.5,37.0,14.495689014324224,2,2
GS,2025-08-11,25.150000000000002,25.150000000000002,12.6,37.7,17.748380207782343,2,2
GS,2025-08-12,22.904999999999998,22.904999999999998,8.01,37.8,21.06471101154725,2,2
GS,2025-08-13,23.7,23.7,10.4,37.0,18.809040379562163,2,2
GS,2025-08-14,23.15,23.15,10.2,36.1,18.31406563273158,2,2
GS,2025-08-15,22.57,22.57,8.44,36.7,19.982837636331833,2,2
GS,2025-08-16,23.75,23.75,12.2,35.3,16.334166645409248,2,2
GS,2025-08-17,24.400000000000002,24.400000000000002,11.6,37.2,18.10193359837562,2,2
GS,2025-08-18,24.05,24.05,11.1,37.0,18.31406563273158,2,2
GS,2025-08-19,24.950000000000003,24.950000000000003,13.3,36.6,16.47558800164656,2,2
GS,2025-08-20,25.549999999999997,25.549999999999997,13.8,37.3,16.617009357883862,2,2
GS,2025-08-21,25.85,25.85,15.0,36.7,15.344217151748083,2,2
GS,2025-08-22,23.700000000000003,23.700000000000003,11.2,36.2,17.677669529663692,2,2
GS,2025-08-23,23.0,23.0,10.2,35.8,18.101933598375616,2,2
GS,2025-08-24,22.245,22.245,8.99,35.5,18.745400769255376,2,2
GS,2025-08-25,20.79,20.79,6.48,35.1,20.23739607755899,2,2
GS,2025-08-26,22.900000000000002,22.900000000000002,10.1,35.7,18.10193359837562,2,2
GS,2025-08-27,24.35,24.35,13.0,35.7,16.05132393293463,2,2
GS,2025-08-28,27.0,27.0,17.6,36.4,13.293607486307092,2,2
GS,2025-08-29,26.05,26.05,15.6,36.5,14.778531726798843,2,2
GS,2025-08-30,23.75,23.75,12.0,35.5,16.617009357883866,2,2
GS,2025-08-31,25.1,25.1,14.3,35.9,15.273506473629427,2,2
GS,2025-09-01,23.1,23.1,10.5,35.7,17.819090885901,2,2
GS,2025-09-02,25.0,25.0,13.8,36.2,15.839191898578665,2,2
GS,2025-09-03,24.2,24.2,12.4,36.0,16.68772003600252,2,2
GS,2025-09-04,24.75,24.75,13.4,36.1,16.05132393293463,2,2
GS,2025-09-05,21.810000000000002,21.810000000000002,7.52,36.1,20.20911180631153,2,2
GS,2025-09-06,19.965,19.965,2.83,37.1,24.232549391262985,2,2
GS,2025-09-07,18.65,18.65,0.0,37.3,26.37508293825822,2,2
GS,2025-09-08,19.95,19.95,0.0,39.9,28.213560569343247,2,2
GS,2025-09-09,21.425,21.425,4.35,38.5,24.1476965775206,2,2
GS,2025-09-10,26.799999999999997,26.799999999999997,13.8,39.8,18.38477631085023,2,2
GS,2025-09-11,21.915,21.915,3.83,40.0,25.576052275517423,2,2
GS,2025-09-12,25.150000000000002,25.150000000000002,12.1,38.2,18.455486988968893,2,2
GS,2025-09-13,28.95,28.95,20.0,37.9,12.6572113832392,2,2
GS,2025-09-14,21.3,21.3,21.3,21.3,0.0,1,1
GS,2025-09-15,24.5,24.5,11.3,37.7,18.667619023324857,2,2
GS,2025-09-16,27.75,27.75,17.4,38.1,14.637110370561535,2,2
GS,2025-09-17,21.259999999999998,21.259999999999998,8.22,34.3,18.441344853345157,2,2
GS,2025-09-18,88.785,88.785,8.57,169.0,113.44114090575782,2,2
GS,2025-09-19,77.315,77.315,9.63,145.0,95.72104496922294,2,2
GS,2025-09-20,24.45,24.45,12.5,36.4,16.899852070358484,2,2
GS,2025-09-21,22.395,22.395,8.89,35.9,19.09895415984865,2,2
GS,2025-09-22,23.65,23.65,10.7,36.6,18.31406563273158,2,2
GS,2025-09-23,27.049999999999997,27.049999999999997,18.2,35.9,12.51579002700189,2,2
GS,2025-09-24,22.04,22.04,8.78,35.3,18.752471837067237,2,2
GS,2025-09-25,23.75,23.75,11.9,35.6,16.75843071412118,2,2
GS,2025-09-26,26.700000000000003,26.700000000000003,16.8,36.6,14.000714267493642,2,2
GS,2025-09-27,23.75,23.75,11.9,35.6,16.75843071412118,2,2
GS,2025-09-28,23.6,23.6,11.7,35.5,16.829141392239833,2,2
GS,2025-09-29,26.799999999999997,26.799999999999997,17.2,36.4,13.57645019878171,2,2
GS,2025-09-30,25.0,25.0,14.3,35.7,15.132085117392117,2,2
GS,2025-10-01,23.200000000000003,23.200000000000003,10.7,35.7,17.677669529663692,2,2
GS,2025-10-02,23.4,23.4,11.4,35.4,16.97056274847714,2,2
GS,2025-10-03,23.0,23.0,10.8,35.2,17.25340546095176,2,2
GS,2025-10-04,25.085,25.085,9.17,41.0,22.507208845167806,2,2
GS,2025-10-05,16.6,16.6,16.6,16.6,0.0,1,1
GS,2025-10-06,23.1,23.1,10.1,36.1,18.38477631085024,2,2
GS,2025-10-07,25.6,25.6,14.7,36.5,15.414927829866738,2,2
GS,2025-10-08,29.15,29.15,20.8,37.5,11.808683245815342,2,2
GS,2025-10-09,41.5,41.5,39.8,43.2,2.4041630560342657,2,2
GS,2025-10-10,51.75,51.75,46.4,57.1,7.5660425586960605,2,2
GS,2025-10-11,63.9,63.9,63.0,64.8,1.2727922061357835,2,2
GS,2025-10-12,59.4,59.4,48.5,70.3,15.414927829866734,2,2
GS,2025-10-13,53.75,53.75,47.5,60.0,8.838834764831844,2,2
GS,2025-10-14,40.900000000000006,40.900000000000006,35.1,46.7,8.202438661763955,2,2
GS,2025-10-15,27.56,27.56,8.82,46.3,26.502362158871797,2,2
GS,2025-10-16,43.55,43.55,43.5,43.6,0.07071067811865826,2,2
GS,2025-10-17,40.45,40.45,38.7,42.2,2.4748737341529163,2,2
GS,2025-10-18,55.15,55.15,49.0,61.3,8.697413408594533,2,2
GS,2025-10-19,63.45,63.45,50.7,76.2,18.031222920256962,2,2
GS,2025-10-20,88.15,88.15,62.3,114.0,36.5574205873445,2,2
GS,2025-10-21,102.1,102.1,61.2,143.0,57.84133470105959,2,2
GS,2025-10-22,55.55,55.55,45.5,65.6,14.2128463018496,2,2
GS,2025-10-23,46.4,46.4,44.4,48.4,2.8284271247461903,2,2
GS,2025-10-24,31.8,31.8,16.6,47.0,21.496046148071045,2,2
GS,2025-10-25,23.85,23.85,12.2,35.5,16.47558800164656,2,2
GS,2025-10-26,22.86,22.86,9.72,36.0,18.582766209582466,2,2
GS,2025-10-27,22.715,22.715,9.83,35.6,18.222141751177332,2,2
GS,2025-10-28,31.049999999999997,31.049999999999997,23.7,38.4,10.394469683442246,2,2
GS,2025-10-29,34.5,34.5,29.5,39.5,7.0710678118654755,2,2
GS,2025-10-30,28.55,28.55,21.6,35.5,9.828784258493009,2,2
GS,2025-10-31,26.2,26.2,15.9,36.5,14.566399692442879,2,2
GS,2025-11-01,28.049999999999997,28.049999999999997,18.7,37.4,13.222896808188436,2,2
GS,2025-11-02,25.25,25.25,14.4,36.1,15.344217151748081,2,2
GS,2025-11-03,24.3,24.3,12.4,36.2,16.829141392239833,2,2
GS,2025-11-04,26.85,26.85,16.1,37.6,15.202795795510772,2,2
GS,2025-11-05,29.200000000000003,29.200000000000003,20.2,38.2,12.727922061357859,2,2
GS,2025-11-06,41.0,41.0,37.1,44.9,5.515432893255069,2,2
GS,2025-11-07,60.0,60.0,48.7,71.3,15.980613254815971,2,2
GS,2025-11-08,44.7,44.7,44.6,44.8,0.14142135623730398,2,2
GS,2025-11-09,43.85,43.85,42.7,45.0,1.6263455967290572,2,2
GS,2025-11-10,42.25,42.25,40.6,43.9,2.333452377915605,2,2
GS,2025-11-11,48.0,48.0,42.2,53.8,8.202438661763948,2,2
GS,2025-11-12,52.25,52.25,42.4,62.1,13.930003589374987,2,2
GS,2025-11-13,55.65,55.65,44.0,67.3,16.475588001646557,2,2
GS,2025-11-14,59.6,59.6,44.3,74.9,21.63746750430836,2,2
GS,2025-11-15,26.634999999999998,26.634999999999998,9.37,43.9,24.416397154371488,2,2
GS,2025-11-16,41.8,41.8,41.8,41.8,0.0,1,1
GS,2025-11-17,55.900000000000006,55.900000000000006,42.4,69.4,19.091883092036785,2,2
GS,2025-11-18,62.8,62.8,42.8,82.8,28.284271247461902,2,2
GS,2025-11-19,63.55,63.55,42.8,84.3,29.34493141924172,2,2
GS,2025-11-20,63.7,63.7,43.0,84.4,29.27422074112307,2,2
GS,2025-11-21,68.9,68.9,44.4,93.4,34.64823227814083,2,2
GS,2025-11-22,73.15,73.15,55.7,90.6,24.678026663410495,2,2
GS,2025-11-23,78.35,78.35,65.9,90.8,17.60695885154503,2,2
GS,2025-11-24,78.5,78.5,63.2,93.8,21.63746750430835,2,2
GS,2025-11-25,96.05,96.05,66.1,126.0,42.3556961930742,2,2
GS,2025-11-26,90.7,90.7,68.4,113.0,31.536962440920014,2,2
GS,2025-11-27,62.75,62.75,61.9,63.6,1.2020815280171329,2,2
GS,2025-11-28,61.849999999999994,61.849999999999994,59.8,63.9,2.8991378028648485,2,2
GS,2025-11-29,54.2,54.2,54.2,54.2,0.0,1,1
GS,2025-11-30,52.55,52.55,46.2,58.9,8.980256121069154,2,2
GS,2025-12-01,72.3,72.3,63.0,81.6,13.152186130069781,2,2
GS,2025-12-02,66.9,66.9,47.9,85.9,26.87005768508881,2,2
GS,2025-12-03,68.0,68.0,45.5,90.5,31.81980515339464,2,2
GS,2025-12-04,67.15,67.15,45.3,89.0,30.900566337852123,2,2
GS,2025-12-05,68.55,68.55,47.3,89.8,30.05203820042827,2,2
GS,2025-12-06,60.45,60.45,52.4,68.5,11.384419177103414,2,2
GS,2025-12-07,58.0,58.0,52.9,63.1,7.2124891681027865,2,2
GS,2025-12-08,55.8,55.8,52.6,59.0,4.525483399593906,2,2
GS,2025-12-09,46.45,46.45,46.2,46.7,0.3535533905932738,2,2
GS,2025-12-10,38.6,38.6,33.7,43.5,6.929646455628164,2,2
GS,2025-12-11,42.7,42.7,42.7,42.7,0.0,1,1
GS,2025-12-12,52.3,52.3,44.9,59.7,10.46518036156091,2,2
GS,2025-12-13,60.1,60.1,45.5,74.7,20.64751801064719,2,2
GS,2025-12-14,60.95,60.95,44.6,77.3,23.122391744800098,2,2
GS,2025-12-15,53.35,53.35,42.2,64.5,15.768481220460007,2,2
GS,2025-12-16,55.45,55.45,43.6,67.3,16.75843071412117,2,2
GS,2025-12-17,73.0,73.0,60.3,85.7,17.96051224213831,2,2
GS,2025-12-18,92.65,92.65,90.8,94.5,2.616295090390233,2,2
GS,2025-12-19,65.3,65.3,64.5,66.1,1.131370849898472,2,2
GS,2025-12-20,50.650000000000006,50.650000000000006,33.9,67.4,23.68807716974935,2,2
GS,2025-12-21,50.3,50.3,50.3,50.3,0.0,1,1
GS,2025-12-22,61.5,61.5,61.5,61.5,0.0,1,1
GS,2025-12-23,53.6,53.6,53.6,53.6,0.0,1,1
GS,2025-12-24,41.3,41.3,41.3,41.3,0.0,1,1
GS,2025-12-25,59.2,59.2,59.2,59.2,0.0,1,1
GS,2025-12-26,92.5,92.5,92.5,92.5,0.0,1,1
GS,2025-12-27,86.4,86.4,86.4,86.4,0.0,1,1
GS,2025-12-28,94.8,94.8,94.8,94.8,0.0,1,1
GS,2025-12-29,94.1,94.1,94.1,94.1,0.0,1,1
GS,2025-12-30,99.4,99.4,99.4,99.4,0.0,1,1
GS,2025-12-31,85.3,85.3,85.3,85.3,0.0,1,1
GS,2026-01-01,50.3,50.3,50.3,50.3,0.0,1,1
GS,2026-01-02,73.3,73.3,73.3,73.3,0.0,1,1
GS,2026-01-03,82.6,82.6,82.6,82.6,0.0,1,1
GS,2026-01-04,118.0,118.0,118.0,118.0,0.0,1,1
GS,2026-01-05,102.0,102.0,102.0,102.0,0.0,1,1
GS,2026-01-06,109.0,109.0,109.0,109.0,0.0,1,1
GS,2026-01-07,114.0,114.0,114.0,114.0,0.0,1,1
GS,2026-01-08,90.8,90.8,90.8,90.8,0.0,1,1
GS,2026-01-09,79.8,79.8,79.8,79.8,0.0,1,1
GS,2026-01-10,88.2,88.2,88.2,88.2,0.0,1,1
GS,2026-01-20,71.7,71.7,71.7,71.7,0.0,1,1
GS,2026-01-21,105.0,105.0,105.0,105.0,0.0,1,1
GS,2026-01-22,85.3,85.3,85.3,85.3,0.0,1,1
GS,2026-01-23,37.4,37.4,37.4,37.4,0.0,1,1
GS,2026-01-24,30.0,30.0,30.0,30.0,0.0,1,1
GS,2026-01-25,45.5,45.5,45.5,45.5,0.0,1,1
GS,2026-01-26,69.8,69.8,69.8,69.8,0.0,1,1
GS,2026-01-27,39.4,39.4,39.4,39.4,0.0,1,1
GS,2026-01-28,25.8,25.8,25.8,25.8,0.0,1,1
GS,2026-01-29,35.9,35.9,35.9,35.9,0.0,1,1
GS,2026-01-30,57.6,57.6,57.6,57.6,0.0,1,1
GS,2026-01-31,53.5,53.5,53.5,53.5,0.0,1,1
GS,2026-02-01,69.5,69.5,69.5,69.5,0.0,1,1
GS,2026-02-02,80.9,80.9,80.9,80.9,0.0,1,1
GS,2026-02-03,72.1,72.1,72.1,72.1,0.0,1,1
GS,2026-02-04,70.2,70.2,70.2,70.2,0.0,1,1
GS,2026-02-05,59.7,59.7,59.7,59.7,0.0,1,1
GS,2026-02-06,58.5,58.5,58.5,58.5,0.0,1,1
GS,2026-02-07,55.0,55.0,55.0,55.0,0.0,1,1
GS,2026-02-08,0.0,0.0,0.0,0.0,0.0,1,1
GS,2026-02-09,58.9,58.9,58.9,58.9,0.0,1,1
GS,2026-02-10,44.6,44.6,44.6,44.6,0.0,1,1
GS,2026-02-11,55.2,55.2,55.2,55.2,0.0,1,1
GS,2026-02-12,52.1,52.1,52.1,52.1,0.0,1,1
GS,2026-02-13,59.0,59.0,59.0,59.0,0.0,1,1
GS,2026-02-14,64.4,64.4,64.4,64.4,0.0,1,1
GS,2026-02-15,61.2,61.2,61.2,61.2,0.0,1,1
GS,2026-02-16,44.3,44.3,44.3,44.3,0.0,1,1
GS,2026-02-17,41.15,41.15,28.9,53.4,17.324116139070416,2,2
GS,2026-02-18,19.35,19.35,14.6,24.1,6.717514421272203,2,2
GS,2026-02-19,75.9,75.9,75.9,75.9,0.0,1,1
GS,2026-02-20,88.9,88.9,66.8,111.0,31.254119728445406,2,2
GS,2026-02-21,71.0,71.0,70.2,71.8,1.131370849898472,2,2
GS,2026-02-22,55.3,55.3,54.9,55.7,0.5656854249492436,2,2
GS,2026-02-23,46.8,46.8,44.6,49.0,3.1112698372208056,2,2
GS,2026-02-24,41.0,41.0,40.3,41.7,0.9899494936611706,2,2
GS,2026-02-25,32.1,32.1,31.1,33.1,1.4142135623730951,2,2
GS,2026-02-26,15.75,15.75,15.3,16.2,0.6363961030678917,2,2
GS,2026-02-27,8.780000000000001,8.780000000000001,8.21,9.35,0.8061017305526639,2,2
GS,2026-02-28,16.05,16.05,13.6,18.5,3.4648232278140823,2,2
GS,2026-03-01,20.0,20.0,16.2,23.8,5.374011537017762,2,2
GS,2026-03-02,24.85,24.85,22.9,26.8,2.7577164466275357,2,2
GS,2026-03-03,59.349999999999994,59.349999999999994,47.9,70.8,16.19274528917194,2,2
GS,2026-03-04,48.9,48.9,37.5,60.3,16.122034611053284,2,2
GS,2026-03-05,33.85,33.85,26.2,41.5,10.818733752154177,2,2
GS,2026-03-06,32.05,32.05,25.6,38.5,9.121677477306465,2,2
GS,2026-03-07,27.3,27.3,21.5,33.1,8.202438661763953,2,2
GS,2026-03-08,54.949999999999996,54.949999999999996,42.8,67.1,17.182694782833103,2,2
GS,2026-03-09,53.25,53.25,40.4,66.1,18.172644276494264,2,2
GS,2026-03-10,51.8,51.8,37.1,66.5,20.7889393668845,2,2
GS,2026-03-11,47.8,47.8,41.5,54.1,8.909545442950503,2,2
GS,2026-03-12,45.7,45.7,37.3,54.1,11.879393923933998,2,2
GS,2026-03-13,48.95,48.95,37.3,60.6,16.475588001646557,2,2
GS,2026-03-14,29.549999999999997,29.549999999999997,20.3,38.8,13.081475451951128,2,2
GS,2026-03-15,23.55,23.55,13.6,33.5,14.071424945612298,2,2
GS,2026-03-16,18.05,18.05,11.6,24.5,9.121677477306463,2,2
GS,2026-03-17,18.25,18.25,13.5,23.0,6.7175144212722016,2,2
GS,2026-03-18,19.85,19.85,14.3,25.4,7.8488852711706745,2,2
GS,2026-03-19,16.0,16.0,12.5,19.5,4.949747468305833,2,2
GS,2026-03-20,19.9,19.9,15.1,24.7,6.788225099390857,2,2
GS,2026-03-21,22.299999999999997,22.299999999999997,16.7,27.9,7.9195959492893335,2,2
GS,2026-03-22,35.15,35.15,29.0,41.3,8.697413408594533,2,2
GS,2026-03-23,41.65,41.65,32.3,51.0,13.222896808188441,2,2
GS,2026-03-24,35.35,35.35,25.1,45.6,14.495689014324224,2,2
GS,2026-03-25,24.55,24.55,18.6,30.5,8.414570696119915,2,2
GS,2026-03-26,26.35,26.35,19.7,33.0,9.404520189781081,2,2
GS,2026-03-27,29.700000000000003,29.700000000000003,19.3,40.1,14.707821048680188,2,2
GS,2026-03-28,12.365,12.365,8.43,16.3,5.56493036793813,2,2
GS,2026-03-29,5.87,5.87,3.73,8.01,3.0264170234784236,2,2
GS,2026-03-30,12.399999999999999,12.399999999999999,10.6,14.2,2.54558441227157,2,2
GS,2026-03-31,5.92,5.92,5.1,6.74,1.1596551211459383,2,2
GS,2026-04-01,12.95,12.95,11.5,14.4,2.0506096654409887,2,2
GS,2026-04-02,12.25,12.25,11.5,13.0,1.0606601717798212,2,2
GS,2026-04-03,20.25,20.25,13.0,27.5,10.253048327204938,2,2
GS,2026-04-04,11.55,11.55,11.5,11.6,0.07071067811865388,2,2
GS,2026-04-05,14.8,14.8,12.9,16.7,2.6870057685088793,2,2
GS,2026-04-06,8.76,8.76,8.0,9.52,1.074802307403552,2,2
GS,2026-04-07,10.47,10.47,6.44,14.5,5.699280656363573,2,2
GS,2026-04-08,11.565000000000001,11.565000000000001,8.83,14.3,3.8678740930904145,2,2
GS,2026-04-09,21.8,21.8,21.1,22.5,0.9899494936611655,2,2
GS,2026-04-10,30.599999999999998,30.599999999999998,27.9,33.3,3.8183766184073558,2,2
GS,2026-04-11,40.0,40.0,39.4,40.6,0.848528137423859,2,2
GS,2026-04-12,39.15,39.15,35.8,42.5,4.737615433949871,2,2
GS,2026-04-13,32.05,32.05,30.7,33.4,1.9091883092036765,2,2
GS,2026-04-14,37.45,37.45,36.9,38.0,0.7778174593052007,2,2
GS,2026-04-15,16.25,16.25,14.2,18.3,2.899137802864846,2,2
GS,2026-04-16,15.0,15.0,13.5,16.5,2.1213203435596424,2,2
GS,2026-04-17,24.35,24.35,16.9,31.8,10.53589103967956,2,2
GS,2026-04-18,30.65,30.65,23.0,38.3,10.818733752154175,2,2
GS,2026-04-19,32.6,32.6,27.6,37.6,7.0710678118654755,2,2
GS,2026-04-20,33.9,33.9,33.9,33.9,0.0,1,1
GS,2026-04-21,31.05,31.05,29.0,33.1,2.899137802864846,2,2
GS,2026-04-22,23.0,23.0,20.9,25.1,2.9698484809835017,2,2
GS,2026-04-23,22.05,22.05,20.8,23.3,1.7677669529663689,2,2
GS,2026-04-24,21.450000000000003,21.450000000000003,20.8,22.1,0.9192388155425135,2,2
GS,2026-04-25,31.45,31.45,29.5,33.4,2.7577164466275343,2,2
GS,2026-04-26,29.05,29.05,27.8,30.3,1.7677669529663689,2,2
GS,2026-04-27,23.8,23.8,22.6,25.0,1.6970562748477132,2,2
GS,2026-04-28,23.4,23.4,22.6,24.2,1.1313708498984734,2,2
GS,2026-04-29,20.25,20.25,20.0,20.5,0.3535533905932738,2,2
GS,2026-04-30,19.0,19.0,18.2,19.8,1.1313708498984771,2,2
GS,2026-05-01,17.7,17.7,17.0,18.4,0.9899494936611655,2,2
GS,2026-05-02,18.549999999999997,18.549999999999997,17.9,19.2,0.9192388155425135,2,2
GS,2026-05-03,16.2,16.2,13.2,19.2,4.242640687119285,2,2
GS,2026-05-04,14.850000000000001,14.850000000000001,14.3,15.4,0.7778174593052014,2,2
GS,2026-05-05,18.7,18.7,18.2,19.2,0.7071067811865476,2,2
GS,2026-05-06,18.35,18.35,15.2,21.5,4.454772721475251,2,2
GS,2026-05-07,19.3,19.3,18.1,20.5,1.6970562748477132,2,2
GS,2026-05-08,25.9,25.9,25.5,26.3,0.5656854249492372,2,2
GS,2026-05-09,21.15,21.15,18.0,24.3,4.454772721475249,2,2
GS,2026-05-10,20.1,20.1,17.6,22.6,3.5355339059327378,2,2
GS,2026-05-11,21.25,21.25,18.4,24.1,4.030508652763323,2,2
GS,2026-05-12,19.05,19.05,16.3,21.8,3.8890872965260113,2,2
GS,2026-05-13,18.45,18.45,15.7,21.2,3.8890872965260113,2,2
GS,2026-05-14,16.9,16.9,14.5,19.3,3.394112549695427,2,2
GS,2026-05-15,18.9,18.9,15.7,22.1,4.525483399593905,2,2
GS,2026-05-16,9.665,9.665,8.73,10.6,1.3222896808188427,2,2
GS,2026-05-17,11.85,11.85,10.6,13.1,1.7677669529663689,2,2
GS,2026-05-18,13.65,13.65,11.5,15.8,3.040559159102155,2,2
GS,2026-05-19,13.05,13.05,10.3,15.8,3.8890872965260113,2,2
GS,2026-05-20,11.7,11.7,11.7,11.7,0.0,1,1
GS,2026-05-21,9.4,9.4,9.4,9.4,0.0,1,1
GS,2026-05-22,9.11,9.11,9.11,9.11,0.0,1,1
GS,2026-05-23,8.615,8.615,7.03,10.2,2.2415284963613553,2,2
GS,2026-05-24,8.7,8.7,8.7,8.7,0.0,1,1
GS,2026-05-25,6.33,6.33,6.33,6.33,0.0,1,1
GS,2026-05-26,5.26,5.26,5.26,5.26,0.0,1,1
GS,2026-05-27,10.3,10.3,10.3,10.3,0.0,1,1
GS,2026-05-28,17.6,17.6,17.6,17.6,0.0,1,1
GS,2026-05-29,20.1,20.1,20.1,20.1,0.0,1,1
GS,2026-05-30,21.5,21.5,21.5,21.5,0.0,1,1
GS,2026-05-31,20.5,20.5,20.5,20.5,0.0,1,1
GS,2026-06-01,20.75,20.75,16.9,24.6,5.444722215136418,2,2
GS,2026-06-02,17.4,17.4,14.5,20.3,4.101219330881977,2,2
GS,2026-06-03,13.9,13.9,13.9,13.9,0.0,1,1
GS,2026-06-04,26.9,26.9,26.9,26.9,0.0,1,1
GS,2026-06-05,14.7,14.7,14.7,14.7,0.0,1,1
GS,2026-06-06,16.5,16.5,16.5,16.5,0.0,1,1
GS,2026-06-07,17.0,17.0,17.0,17.0,0.0,1,1
GS,2026-06-08,14.3,14.3,14.3,14.3,0.0,1,1
GS,2026-06-09,15.0,15.0,15.0,15.0,0.0,1,1
GS,2026-06-10,16.0,16.0,16.0,16.0,0.0,1,1
GS,2026-06-11,17.7,17.7,17.7,17.7,0.0,1,1
GS,2026-06-12,14.2,14.2,14.2,14.2,0.0,1,1
GS,2026-06-13,15.6,15.6,15.6,15.6,0.0,1,1
GS,2026-06-14,14.4,14.4,14.4,14.4,0.0,1,1
GS,2026-06-15,13.95,13.95,10.4,17.5,5.020458146424488,2,2
GS,2026-06-16,12.165,12.165,7.63,16.7,6.413458505361986,2,2
GS,2026-06-17,14.25,14.25,10.9,17.6,4.73761543394987,2,2
GS,2026-06-18,14.75,14.75,12.9,16.6,2.616295090390226,2,2
GS,2026-06-19,15.15,15.15,13.5,16.8,2.333452377915607,2,2
GS,2026-06-20,14.8,14.8,13.3,16.3,2.1213203435596424,2,2
GS,2026-06-21,14.4,14.4,11.3,17.5,4.384062043356594,2,2
GS,2026-06-22,11.63,11.63,8.46,14.8,4.4830569927227115,2,2
GS,2026-06-23,11.645,11.645,6.89,16.4,6.724585489084065,2,2
GS,2026-06-25,12.475,12.475,7.75,17.2,6.682159082212873,2,2
GS,2026-06-26,15.2,15.2,14.7,15.7,0.7071067811865476,2,2
GS,2026-06-27,16.799999999999997,16.799999999999997,15.7,17.9,1.5556349186104053,2,2
GS,2026-06-28,15.6,15.6,14.8,16.4,1.1313708498984745,2,2
GS,2026-06-29,16.85,16.85,15.7,18.0,1.6263455967290585,2,2
GS,2026-06-30,15.55,15.55,13.4,17.7,3.0405591591021532,2,2
GS,2026-07-01,13.4,13.4,12.5,14.3,1.272792206135786,2,2
GS,2026-07-02,18.65,18.65,17.7,19.6,1.3435028842544405,2,2
GS,2026-07-03,16.1,16.1,15.3,16.9,1.1313708498984734,2,2
GS,2026-07-04,16.7,16.7,15.1,18.3,2.2627416997969525,2,2
GS,2026-07-05,16.45,16.45,13.5,19.4,4.171930009000629,2,2
GS,2026-07-06,21.75,21.75,15.3,28.2,9.121677477306463,2,2
GS,2026-07-07,27.25,27.25,17.6,36.9,13.647160876900365,2,2
GS,2026-07-08,29.3,29.3,18.5,40.1,15.273506473629428,2,2
GS,2026-07-09,27.15,27.15,17.4,36.9,13.788582233137676,2,2
GS,2026-07-10,23.85,23.85,16.0,31.7,11.101576464628797,2,2
GS,2026-07-11,22.25,22.25,18.9,25.6,4.737615433949871,2,2
GS,2026-07-12,20.1,20.1,15.7,24.5,6.22253967444162,2,2
GS,2026-07-13,20.450000000000003,20.450000000000003,17.3,23.6,4.454772721475251,2,2
GS,2026-07-14,19.799999999999997,19.799999999999997,17.2,22.4,3.676955262170045,2,2
GS,2026-07-15,21.2,21.2,17.4,25.0,5.374011537017762,2,2
GS,2026-07-16,22.1,22.1,17.7,26.5,6.22253967444162,2,2
GS,2026-07-17,22.3,22.3,14.5,30.1,11.030865786510143,2,2
GS,2026-07-18,22.25,22.25,17.1,27.4,7.283199846221438,2,2
GS,2026-07-19,17.75,17.75,16.1,19.4,2.333452377915605,2,2
GS,2026-07-20,18.15,18.15,15.1,21.2,4.313351365237939,2,2
GS,2026-07-21,19.65,19.65,15.1,24.2,6.434671708797581,2,2
GS,2026-07-22,15.959999999999999,15.959999999999999,9.52,22.4,9.10753534168273,2,2
GS,2026-07-23,17.15,17.15,11.6,22.7,7.848885271170676,2,2
GS,2026-07-24,15.8,15.8,10.6,21.0,7.353910524340095,2,2
GS,2026-07-25,21.0,21.0,11.1,30.9,14.00071426749364,2,2
GS,2026-07-26,19.35,19.35,10.6,28.1,12.374368670764582,2,2
GS,2026-07-27,19.8,19.8,11.4,28.2,11.879393923933998,2,2
GS,2026-07-28,21.15,21.15,12.5,29.8,12.232947314527271,2,2
GS,2026-07-29,22.244999999999997,22.244999999999997,9.69,34.8,17.755451275594208,2,2
GS,2026-07-30,24.7,24.7,17.0,32.4,10.889444430272832,2,2
GS,2026-07-31,23.6,23.6,18.0,29.2,7.9195959492893335,2,2
GS,2026-08-01,25.799999999999997,25.799999999999997,20.9,30.7,6.9296464556281645,2,2
GS,2026-08-02,20.1,20.1,13.8,26.4,8.909545442950499,2,2
GS,2026-08-03,20.35,20.35,12.1,28.6,11.667261889578036,2,2
GS,2026-08-04,19.15,19.15,13.0,25.3,8.697413408594533,2,2
GS,2026-08-05,19.65,19.65,14.0,25.3,7.990306627407986,2,2
GS,2026-08-06,20.4,20.4,14.0,26.8,9.050966799187808,2,2
GS,2026-08-07,16.65,16.65,12.3,21.0,6.151828996322962,2,2
GS,2026-08-08,22.3,22.3,22.3,22.3,0.0,1,1
GS,2026-08-09,23.7,23.7,23.7,23.7,0.0,1,1
GS,2026-08-10,18.2,18.2,12.1,24.3,8.62670273047588,2,2
GS,2026-08-11,16.65,16.65,13.3,20.0,4.737615433949866,2,2
GS,2026-08-12,17.15,17.15,12.7,21.6,6.293250352560273,2,2
GS,2026-08-13,16.3,16.3,11.9,20.7,6.222539674441618,2,2
GS,2026-08-14,15.05,15.05,10.1,20.0,7.000357133746821,2,2
GS,2026-08-15,12.88,12.88,7.16,18.6,8.089301576774105,2,2
GS,2026-08-16,13.43,13.43,7.76,19.1,8.01859089865545,2,2
GS,2026-08-17,13.04,13.04,7.68,18.4,7.580184694319788,2,2
GS,2026-08-18,8.99,8.99,7.48,10.5,2.1354624791833734,2,2
GS,2026-08-19,12.01,12.01,7.32,16.7,6.632661607529815,2,2
GS,2026-08-20,11.725,11.725,7.45,16.0,6.045762979144981,2,2
GS,2026-08-21,11.5,11.5,7.6,15.4,5.515432893255071,2,2
GS,2026-08-22,10.09,10.09,7.48,12.7,3.6910973977937775,2,2
GS,2026-08-23,10.99,10.99,6.98,15.0,5.670996385116111,2,2
GS,2026-08-24,12.235,12.235,8.27,16.2,5.607356774809322,2,2
GS,2026-08-25,14.6,14.6,14.6,14.6,0.0,1,1
GS,2026-08-26,17.5,17.5,17.5,17.5,0.0,1,1
GS,2026-08-27,11.165,11.165,8.43,13.9,3.8678740930904145,2,2
GS,2026-08-30,11.5,11.5,11.5,11.5,0.0,1,1
GS,2026-08-31,15.3,15.3,15.3,15.3,0.0,1,1
GS,2026-09-01,6.25,6.25,6.25,6.25,0.0,1,1
GS,2026-09-02,47.7,47.7,47.7,47.7,0.0,1,1
GS,2026-09-03,20.25,20.25,19.6,20.9,0.9192388155425097,2,2
GS,2026-09-04,11.21,11.21,8.02,14.4,4.511341263970174,2,2
GS,2026-09-05,9.2,9.2,7.5,10.9,2.4041630560342613,2,2
GS,2026-09-06,11.350000000000001,11.350000000000001,8.8,13.9,3.606244584051393,2,2
GS,2026-09-07,10.925,10.925,7.35,14.5,5.0558134854838155,2,2
GS,2026-09-08,16.3,16.3,7.5,25.1,12.445079348883237,2,2
GS,2026-09-09,7.465,7.465,7.03,7.9,0.6151828996322961,2,2
GS,2026-09-10,8.465,8.465,8.12,8.81,0.4879036790187187,2,2
GS,2026-09-11,6.595,6.595,5.09,8.1,2.1283914113715077,2,2
GS,2026-09-12,6.345000000000001,6.345000000000001,5.91,6.78,0.6151828996322961,2,2
GS,2026-09-13,9.785,9.785,7.37,12.2,3.4153257531310244,2,2
GS,2026-09-14,7.8,7.8,7.17,8.43,0.8909545442950497,2,2
GS,2026-09-15,7.4399999999999995,7.4399999999999995,7.14,7.74,0.4242640687119292,2,2
GS,2026-09-16,8.97,8.97,8.05,9.89,1.3010764773832473,2,2
GS,2026-09-17,7.35,7.35,7.29,7.41,0.0848528137423861,2,2
HE,2025-02-19,50.650000000000006,50.650000000000006,47.2,54.1,4.8790367901871745,2,2
HE,2025-02-20,47.6,47.6,43.1,52.1,6.363961030678928,2,2
HE,2025-02-21,47.400000000000006,47.400000000000006,40.6,54.2,9.616652224137049,2,2
HE,2025-02-22,30.02,30.02,6.24,53.8,33.6299985132322,2,2
HE,2025-02-23,29.884999999999998,29.884999999999998,4.97,54.8,35.23513090652566,2,2
HE,2025-02-24,36.0,36.0,25.7,46.3,14.566399692442879,2,2
HE,2025-02-25,83.45,83.45,68.2,98.7,21.5667568261897,2,2
HE,2025-02-26,79.0,79.0,74.2,83.8,6.788225099390853,2,2
HE,2025-02-27,99.8,99.8,71.6,128.0,39.88082245892129,2,2
HE,2025-02-28,60.15,60.15,59.0,61.3,1.6263455967290572,2,2
HE,2025-03-01,42.150000000000006,42.150000000000006,34.1,50.2,11.384419177103418,2,2
HE,2025-03-02,49.95,49.95,36.5,63.4,19.02117241391813,2,2
HE,2025-03-03,54.25,54.25,44.2,64.3,14.2128463018496,2,2
HE,2025-03-04,62.85,62.85,48.0,77.7,21.001071401240463,2,2
HE,2025-03-05,61.75,61.75,48.5,75.0,18.738329701443508,2,2
HE,2025-03-06,70.0,70.0,57.3,82.7,17.96051224213831,2,2
HE,2025-03-07,78.19999999999999,78.19999999999999,72.3,84.1,8.343860018001253,2,2
HE,2025-03-08,65.85,65.85,56.1,75.6,13.788582233137669,2,2
HE,2025-03-09,36.3,36.3,34.0,38.6,3.252691193458117,2,2
HE,2025-03-10,62.4,62.4,56.7,68.1,8.061017305526637,2,2
HE,2025-03-11,75.95,75.95,75.7,76.2,0.3535533905932738,2,2
HE,2025-03-12,77.45,77.45,77.2,77.7,0.3535533905932738,2,2
HE,2025-03-13,52.05,52.05,49.7,54.4,3.323401871576773,2,2
HE,2025-03-14,43.75,43.75,36.8,50.7,9.828784258493014,2,2
HE,2025-03-15,24.1,24.1,23.2,25.0,1.2727922061357873,2,2
HE,2025-03-16,35.1,35.1,30.6,39.6,6.363961030678928,2,2
HE,2025-03-17,34.2,34.2,29.5,38.9,6.646803743153543,2,2
HE,2025-03-18,31.3,31.3,28.6,34.0,3.8183766184073558,2,2
HE,2025-03-19,39.8,39.8,38.2,41.4,2.2627416997969467,2,2
HE,2025-03-20,42.1,42.1,41.5,42.7,0.848528137423859,2,2
HE,2025-03-21,39.2,39.2,35.3,43.1,5.515432893255077,2,2
HE,2025-03-22,35.599999999999994,35.599999999999994,23.4,47.8,17.253405460951758,2,2
HE,2025-03-23,40.3,40.3,36.3,44.3,5.656854249492381,2,2
HE,2025-03-24,49.4,49.4,44.5,54.3,6.929646455628164,2,2
HE,2025-03-25,58.15,58.15,56.5,59.8,2.333452377915605,2,2
HE,2025-03-26,34.25,34.25,26.4,42.1,11.101576464628799,2,2
HE,2025-03-27,29.75,29.75,17.8,41.7,16.899852070358488,2,2
HE,2025-03-28,40.150000000000006,40.150000000000006,28.1,52.2,17.0412734265958,2,2
HE,2025-03-29,83.0,83.0,62.0,104.0,29.698484809834994,2,2
HE,2025-03-30,64.25,64.25,55.4,73.1,12.51579002700189,2,2
HE,2025-03-31,46.95,46.95,40.3,53.6,9.404520189781088,2,2
HE,2025-04-01,49.55,49.55,41.6,57.5,11.242997820866101,2,2
HE,2025-04-02,50.599999999999994,50.599999999999994,49.8,51.4,1.1313708498984796,2,2
HE,2025-04-03,26.65,26.65,22.8,30.5,5.444722215136417,2,2
HE,2025-04-04,18.3,18.3,18.3,18.3,0.0,1,1
HE,2025-04-05,28.799999999999997,28.799999999999997,28.7,28.9,0.14142135623731025,2,2
HE,2025-04-06,21.7,21.7,21.7,21.7,0.0,1,1
HE,2025-04-07,44.4,44.4,28.4,60.4,22.627416997969522,2,2
HE,2025-04-08,37.6,29.2,28.2,55.4,15.423358907838459,3,3
HE,2025-04-09,25.0,18.4,12.0,44.6,17.273100474437125,3,3
HE,2025-04-11,21.53333333333333,21.8,20.2,22.6,1.2220201853215598,3,3
HE,2025-04-12,23.766666666666666,23.7,21.2,26.4,2.6006409466386033,3,3
HE,2025-04-13,24.866666666666664,24.0,23.2,27.4,2.230097157823696,3,3
HE,2025-04-14,34.3,34.3,30.5,38.1,5.374011537017765,2,2
HE,2025-04-15,38.0,35.1,29.2,49.7,10.553198567259125,3,3
HE,2025-04-16,31.366666666666664,27.4,21.4,45.3,12.433958876131658,3,3
HE,2025-04-17,23.2,20.9,17.6,31.1,7.037755323965163,3,3
HE,2025-04-18,21.266666666666666,17.7,17.1,29.0,6.703978918025721,3,3
HE,2025-04-19,20.266666666666666,16.5,13.6,30.7,9.151138362702934,3,3
HE,2025-04-20,25.900000000000002,23.1,21.0,33.6,6.75055553269507,3,3
HE,2025-04-21,25.733333333333334,28.2,18.0,31.0,6.842026990105589,3,3
HE,2025-04-22,40.166666666666664,46.5,20.8,53.2,17.103313519120597,3,3
HE,2025-04-23,45.0,50.3,33.6,51.1,9.880789442144792,3,3
HE,2025-04-24,38.699999999999996,42.9,26.4,46.8,10.829127388668025,3,3
HE,2025-04-25,31.46666666666667,35.3,20.9,38.2,9.26516774447896,3,3
HE,2025-04-26,30.566666666666666,33.1,21.1,37.5,8.4884234892784,3,3
HE,2025-04-27,37.8,37.8,29.0,46.6,12.445079348883235,2,2
HE,2025-04-28,27.46666666666667,21.2,20.6,40.6,11.377756076368193,3,3
HE,2025-04-29,24.900000000000002,32.6,0.0,42.1,22.080987296767326,3,3
HE,2025-04-30,25.743333333333336,36.0,2.23,39.0,20.418316123846584,3,3
HE,2025-05-01,32.3,32.3,28.5,36.1,5.374011537017765,2,2
HE,2025-05-02,26.866666666666664,22.5,20.0,38.1,9.808329793259063,3,3
HE,2025-05-03,27.599999999999998,24.7,17.8,40.3,11.52692500192484,3,3
HE,2025-05-04,29.65,29.65,22.9,36.4,9.545941546018392,2,2
HE,2025-05-05,26.700000000000003,26.700000000000003,23.1,30.3,5.09116882454314,2,2
HE,2025-05-06,22.8,22.8,14.1,31.5,12.303657992645928,2,2
HE,2025-05-07,27.15,27.15,22.2,32.1,7.000357133746821,2,2
HE,2025-05-08,18.9,18.9,15.8,22.0,4.384062043356593,2,2
HE,2025-05-09,18.44,22.1,3.32,29.9,13.662752284953424,3,3
HE,2025-05-10,27.950000000000003,27.950000000000003,23.7,32.2,6.010407640085657,2,2
HE,2025-05-11,29.599999999999998,29.599999999999998,26.9,32.3,3.8183766184073558,2,2
HE,2025-05-12,22.46666666666667,23.6,13.5,30.3,8.457146879020925,3,3
HE,2025-05-13,60.13333333333333,35.7,25.7,119.0,51.22463600000817,3,3
HE,2025-05-14,42.6,42.2,38.3,47.3,4.513313638558704,3,3
HE,2025-05-15,40.9,35.8,34.9,52.0,9.623408959407266,3,3
HE,2025-05-16,29.0,22.5,22.5,42.0,11.258330249197702,3,3
HE,2025-05-17,22.53333333333333,19.8,16.6,31.2,7.674199198179138,3,3
HE,2025-05-18,19.563333333333336,19.1,4.39,35.2,15.410224960503768,3,3
HE,2025-05-19,28.3,28.1,21.6,35.2,6.802205524680948,3,3
HE,2025-05-20,30.366666666666664,31.2,21.7,38.2,8.281505499203233,3,3
HE,2025-05-21,32.9,36.4,22.0,40.3,9.63898334888073,3,3
HE,2025-05-22,23.366666666666664,23.5,20.6,26.0,2.7024680078279055,3,3
HE,2025-05-23,37.733333333333334,40.7,25.9,46.6,10.66411427795733,3,3
HE,2025-05-24,40.666666666666664,46.2,28.8,47.0,10.284616343516822,3,3
HE,2025-05-25,26.133333333333336,21.7,21.2,35.5,8.115622793928592,3,3
HE,2025-05-26,21.7,22.0,15.1,28.0,6.455230437405004,3,3
HE,2025-05-27,16.666666666666668,17.3,14.9,17.8,1.5502687938977984,3,3
HE,2025-05-28,33.56666666666667,28.5,24.0,48.2,12.87102689505905,3,3
HE,2025-05-29,38.86666666666667,41.2,21.4,54.0,16.424778029956247,3,3
HE,2025-05-30,37.800000000000004,39.3,22.5,51.6,14.60787458872782,3,3
HE,2025-05-31,25.46666666666667,25.9,20.4,30.1,4.8644972333565315,3,3
HE,2025-06-01,22.166666666666668,22.7,19.3,24.5,2.640706976045114,3,3
HE,2025-06-02,21.133333333333336,19.6,19.0,24.8,3.1895663237081844,3,3
HE,2025-06-03,35.333333333333336,22.9,21.9,61.2,22.40676981033485,3,3
HE,2025-06-04,21.2,20.8,19.2,23.6,2.22710574513201,3,3
HE,2025-06-05,35.6,37.6,29.4,39.8,5.480875842417888,3,3
HE,2025-06-06,34.46666666666667,37.0,25.9,40.5,7.622554252567399,3,3
HE,2025-06-07,17.566666666666666,16.6,13.1,23.0,5.020292156173118,3,3
HE,2025-06-08,22.900000000000002,25.4,17.0,26.3,5.1293274412928636,3,3
HE,2025-06-09,23.900000000000002,24.1,15.7,31.9,8.101851640211637,3,3
HE,2025-06-10,21.7,24.0,14.5,26.6,6.369458375717672,3,3
HE,2025-06-11,17.733333333333334,16.1,13.5,23.6,5.244362052083488,3,3
HE,2025-06-12,18.133333333333333,18.7,15.9,19.8,2.01080415091409,3,3
HE,2025-06-13,17.599999999999998,17.5,14.9,20.4,2.7513632984395207,3,3
HE,2025-06-14,18.0,16.7,15.5,21.8,3.345145736735546,3,3
HE,2025-06-15,16.65,16.65,12.6,20.7,5.727564927611034,2,2
HE,2025-06-16,9.75,9.83,9.52,9.9,0.20223748416156723,3,3
HE,2025-06-17,27.133333333333336,29.8,15.8,35.8,10.263202878893766,3,3
HE,2025-06-18,12.030000000000001,14.2,7.29,14.6,4.10982968016924,3,3
HE,2025-06-19,13.719999999999999,14.9,9.06,17.2,4.196331731405418,3,3
HE,2025-06-20,18.2,21.4,10.7,22.5,6.518435395092906,3,3
HE,2025-06-21,21.166666666666668,20.6,13.5,29.4,7.965132348764414,3,3
HE,2025-06-22,19.450000000000003,19.450000000000003,13.8,25.1,7.990306627407986,2,2
HE,2025-06-23,20.333333333333332,23.8,13.1,24.1,6.266046068561366,3,3
HE,2025-06-24,22.53333333333333,21.5,13.9,32.2,9.193657233839717,3,3
HE,2025-06-25,26.7,25.3,18.5,36.3,8.982204629154246,3,3
HE,2025-06-26,24.433333333333337,28.8,12.3,32.2,10.644403850537302,3,3
HE,2025-06-27,26.433333333333337,21.3,14.3,43.7,15.357517160444045,3,3
HE,2025-06-28,19.733333333333334,17.2,14.3,27.7,7.050059101407117,3,3
HE,2025-06-29,24.0,26.2,16.3,29.5,6.869497798238237,3,3
HE,2025-06-30,26.599999999999998,28.4,18.7,32.7,7.171471257698801,3,3
HE,2025-07-01,18.1,20.6,12.9,20.8,4.504442251822084,3,3
HE,2025-07-02,18.333333333333332,19.8,12.0,23.2,5.742241142039695,3,3
HE,2025-07-03,16.186666666666667,19.3,8.36,20.9,6.825139803207941,3,3
HE,2025-07-04,14.833333333333334,10.7,7.7,26.1,9.871845487715726,3,3
HE,2025-07-05,17.2,16.0,13.1,22.5,4.813522618623496,3,3
HE,2025-07-06,18.533333333333335,20.1,13.9,21.6,4.0820746359337114,3,3
HE,2025-07-07,20.46666666666667,21.2,17.6,22.6,2.57940561628708,3,3
HE,2025-07-08,20.3,20.1,18.1,22.7,2.306512518934157,3,3
HE,2025-07-09,24.400000000000002,21.8,19.1,32.3,6.973521348644453,3,3
HE,2025-07-10,24.2,25.6,19.1,27.9,4.563989482897609,3,3
HE,2025-07-11,26.46666666666667,24.9,23.4,31.1,4.082074635933712,3,3
HE,2025-07-12,22.1,22.1,21.6,22.6,0.7071067811865476,2,2
HE,2025-07-13,21.15,21.15,17.1,25.2,5.7275649276110325,2,2
HE,2025-07-14,12.033333333333333,11.3,10.9,13.9,1.6289055630494154,3,3
HE,2025-07-15,20.099999999999998,22.4,11.1,26.8,8.098765338000602,3,3
HE,2025-07-16,22.733333333333334,21.3,14.8,32.1,8.738611636486276,3,3
HE,2025-07-17,24.46666666666667,25.8,19.1,28.5,4.839765834555772,3,3
HE,2025-07-18,23.633333333333336,26.3,18.1,26.5,4.7930505248049835,3,3
HE,2025-07-19,23.166666666666668,24.2,17.5,27.8,5.227172594561359,3,3
HE,2025-07-20,17.333333333333332,18.4,13.0,20.6,3.910669166949991,3,3
HE,2025-07-21,14.673333333333332,13.8,9.32,20.9,5.839189441466456,3,3
HE,2025-07-22,7.533333333333334,10.8,0.0,11.8,6.543189843901317,3,3
HE,2025-07-23,16.8,16.8,15.0,18.6,2.545584412271572,2,2
HE,2025-07-24,13.799999999999999,12.0,0.0,29.4,14.782421993705903,3,3
HE,2025-07-25,11.700000000000001,10.9,0.0,24.2,12.119818480488888,3,3
HE,2025-07-26,9.066666666666666,11.2,0.0,16.0,8.210562303115013,3,3
HE,2025-07-27,11.566666666666668,14.6,0.0,20.1,10.387652927073244,3,3
HE,2025-07-28,17.433333333333334,17.1,15.1,20.1,2.516611478423584,3,3
HE,2025-07-29,29.166666666666668,19.9,11.0,56.6,24.171126025349615,3,3
HE,2025-07-30,18.2,18.2,13.9,22.5,6.081118318204308,2,2
HE,2025-07-31,23.3,23.3,20.8,25.8,3.5355339059327378,2,2
HE,2025-08-01,18.986666666666668,13.9,9.36,33.7,12.942740565016877,3,3
HE,2025-08-02,14.903333333333334,12.4,4.71,27.6,11.648520649993857,3,3
HE,2025-08-03,13.72,11.9,7.66,21.6,7.145991883566619,3,3
HE,2025-08-04,14.126666666666667,13.0,6.78,22.6,7.9699519028243415,3,3
HE,2025-08-05,14.526666666666666,11.1,9.98,22.5,6.927779827140391,3,3
HE,2025-08-06,18.866666666666667,16.6,11.1,28.9,9.113908784562929,3,3
HE,2025-08-07,16.066666666666666,13.1,12.9,22.2,5.312563725107994,3,3
HE,2025-08-08,18.166666666666668,14.3,10.6,29.6,10.07290093931899,3,3
HE,2025-08-09,22.333333333333332,23.1,15.3,28.6,6.683063169934379,3,3
HE,2025-08-10,18.566666666666666,18.9,16.0,20.8,2.4172987679087856,3,3
HE,2025-08-11,17.166666666666668,11.8,10.3,29.4,10.62089136246734,3,3
HE,2025-08-12,15.433333333333332,16.0,11.0,19.3,4.178915329763613,3,3
HE,2025-08-13,15.600000000000001,16.6,10.9,19.3,4.288356328478315,3,3
HE,2025-08-14,16.7,17.6,11.5,21.0,4.813522618623496,3,3
HE,2025-08-15,12.516666666666666,12.1,9.85,15.6,2.8975564417856186,3,3
HE,2025-08-16,12.266666666666666,12.4,11.6,12.8,0.6110100926607795,3,3
HE,2025-08-17,12.700000000000001,12.5,12.4,13.2,0.4358898943540673,3,3
HE,2025-08-18,10.07,11.0,6.71,12.5,3.004945922974322,3,3
HE,2025-08-19,6.859999999999999,6.89,4.37,9.32,2.475136359879997,3,3
HE,2025-08-20,8.193333333333333,5.48,0.0,19.1,9.834842821994329,3,3
HE,2025-08-21,26.700000000000003,26.700000000000003,20.2,33.2,9.19238815542512,2,2
HE,2025-08-22,11.016666666666666,11.0,5.55,16.5,5.4750190258421325,3,3
HE,2025-08-23,10.883333333333333,10.4,5.55,16.7,5.5906916685982,3,3
HE,2025-08-24,8.66,5.52,3.66,16.8,7.110527406599316,3,3
HE,2025-08-25,9.85,9.77,4.88,14.9,5.0104790190160475,3,3
HE,2025-08-26,11.226666666666667,12.2,7.88,13.6,2.9816326623736416,3,3
HE,2025-08-27,11.15,11.15,10.4,11.9,1.0606601717798212,2,2
HE,2025-08-28,18.2,18.8,16.2,19.6,1.77763888346312,3,3
HE,2025-08-29,20.433333333333334,18.6,16.0,26.7,5.580621231846265,3,3
HE,2025-08-30,12.813333333333333,12.7,9.14,16.6,3.7312911080929263,3,3
HE,2025-08-31,17.8,20.5,11.7,21.2,5.29433659677962,3,3
HE,2025-09-01,12.196666666666667,13.0,6.09,17.5,5.747263116765522,3,3
HE,2025-09-02,12.9,12.9,10.0,15.8,2.900000000000001,3,3
HE,2025-09-03,17.243333333333332,15.1,8.73,27.9,9.763074993737032,3,3
HE,2025-09-04,14.700000000000001,14.2,12.4,17.5,2.586503431275512,3,3
HE,2025-09-05,17.94,15.9,9.22,28.7,9.89892923502335,3,3
HE,2025-09-06,16.166666666666668,15.3,15.0,18.2,1.7672954855748748,3,3
HE,2025-09-07,17.2,16.4,13.6,21.6,4.059556626036889,3,3
HE,2025-09-08,16.466666666666665,15.7,15.5,18.2,1.5044378795195679,3,3
HE,2025-09-09,18.633333333333333,19.2,16.3,20.4,2.1079215671683156,3,3
HE,2025-09-10,23.6,23.6,19.9,27.3,5.232590180780455,2,2
HE,2025-09-11,12.766666666666666,13.1,5.4,19.8,7.205784713224044,3,3
HE,2025-09-12,19.766666666666666,18.8,13.3,27.2,7.000238091188993,3,3
HE,2025-09-13,33.56666666666667,35.5,29.6,35.6,3.435597958628647,3,3
HE,2025-09-14,32.300000000000004,32.3,24.1,40.5,8.200000000000001,3,3
HE,2025-09-15,21.2,20.2,14.9,28.5,6.854925236645546,3,3
HE,2025-09-16,27.633333333333336,24.4,19.4,39.1,10.240279944090073,3,3
HE,2025-09-17,15.433333333333332,15.3,13.9,17.1,1.6041612554021296,3,3
HE,2025-09-18,11.366666666666667,11.5,10.8,11.8,0.5131601439446882,3,3
HE,2025-09-19,13.5,12.6,12.4,15.5,1.7349351572897471,3,3
HE,2025-09-20,13.933333333333332,12.7,12.6,16.5,2.2233608194203067,3,3
HE,2025-09-21,16.333333333333332,16.4,15.2,17.4,1.10151410945722,3,3
HE,2025-09-22,16.233333333333334,16.2,11.3,21.2,4.9500841743684845,3,3
HE,2025-09-23,22.5,20.6,16.2,30.7,7.434379597518546,3,3
HE,2025-09-24,15.5,14.3,13.3,18.9,2.986636904613615,3,3
HE,2025-09-25,12.866666666666667,12.1,10.5,16.0,2.829016319029166,3,3
HE,2025-09-26,23.766666666666666,21.9,21.3,28.1,3.764748774265466,3,3
HE,2025-09-27,14.126666666666665,13.7,8.48,20.2,5.871638045156847,3,3
HE,2025-09-28,23.5,23.5,11.4,35.6,17.111984104714452,2,2
HE,2025-09-29,25.05,25.05,14.4,35.7,15.061374439273465,2,2
HE,2025-09-30,21.0,18.0,12.3,32.7,10.5256828757093,3,3
HE,2025-10-01,19.3,17.1,12.8,28.0,7.8351770879795675,3,3
HE,2025-10-02,15.933333333333332,14.8,14.3,18.7,2.4090108620206196,3,3
HE,2025-10-03,13.9,13.8,11.2,16.7,2.7513632984395207,3,3
HE,2025-10-04,14.75,14.75,14.3,15.2,0.6363961030678917,2,2
HE,2025-10-05,23.25,23.25,20.5,26.0,3.8890872965260113,2,2
HE,2025-10-06,23.049999999999997,23.049999999999997,21.9,24.2,1.626345596729061,2,2
HE,2025-10-07,18.099999999999998,17.3,10.2,26.8,8.328865468957943,3,3
HE,2025-10-08,25.46666666666667,25.7,19.0,31.7,6.353214409520059,3,3
HE,2025-10-09,47.63333333333333,43.9,37.5,61.5,12.427925544246445,3,3
HE,2025-10-10,65.73333333333333,63.1,60.2,73.9,7.219649114280649,3,3
HE,2025-10-11,74.89999999999999,73.2,70.6,80.9,5.356304696336833,3,3
HE,2025-10-12,76.96666666666665,72.8,70.6,87.5,9.188217092196586,3,3
HE,2025-10-13,74.23333333333333,70.5,64.1,88.1,12.427925544246444,3,3
HE,2025-10-14,76.16666666666667,80.3,64.5,83.7,10.245649483235956,3,3
HE,2025-10-15,88.65,88.65,65.3,112.0,33.021886681411765,2,2
HE,2025-10-16,55.65,55.65,48.9,62.4,9.545941546018392,2,2
HE,2025-10-17,57.76666666666667,50.1,36.4,86.8,26.05999488360144,3,3
HE,2025-10-18,97.0,109.0,64.0,118.0,28.930952282978865,3,3
HE,2025-10-19,109.23333333333333,109.0,77.7,141.0,31.650645069782282,3,3
HE,2025-10-20,153.0,154.0,103.0,202.0,49.50757517794625,3,3
HE,2025-10-21,120.13333333333333,89.8,74.6,196.0,66.14055740113879,3,3
HE,2025-10-22,59.46666666666667,42.9,37.3,98.2,33.66070904382933,3,3
HE,2025-10-23,63.63333333333333,51.4,47.2,92.3,24.91472121725092,3,3
HE,2025-10-24,27.85,27.85,21.6,34.1,8.838834764831844,2,2
HE,2025-10-25,17.4,17.4,11.2,23.6,8.768124086713192,2,2
HE,2025-10-26,21.933333333333334,20.6,19.3,25.9,3.4961884007206074,3,3
HE,2025-10-27,15.533333333333333,13.2,11.6,21.8,5.485739087245523,3,3
HE,2025-10-28,29.8,27.7,24.6,37.1,6.509224224129939,3,3
HE,2025-10-29,35.833333333333336,34.5,30.8,42.2,5.81578312296232,3,3
HE,2025-10-30,26.566666666666666,24.5,22.3,32.9,5.594044452212847,3,3
HE,2025-10-31,25.566666666666663,22.9,20.9,32.9,6.429100507328636,3,3
HE,2025-11-01,22.233333333333334,19.6,18.4,28.7,5.632347053700911,3,3
HE,2025-11-02,18.3,16.1,15.1,23.7,4.703190406521937,3,3
HE,2025-11-03,19.46666666666667,19.0,14.3,25.1,5.4151023382142425,3,3
HE,2025-11-04,28.03333333333333,25.6,21.6,36.9,7.9349438141258,3,3
HE,2025-11-05,28.900000000000002,26.7,24.1,35.9,6.2,3,3
HE,2025-11-06,50.53333333333333,46.7,41.6,63.3,11.34651194567446,3,3
HE,2025-11-07,82.46666666666667,71.7,66.7,109.0,23.114137088226617,3,3
HE,2025-11-08,60.666666666666664,52.6,50.5,78.9,15.825401522025706,3,3
HE,2025-11-09,55.800000000000004,55.7,36.7,75.0,19.150195821453103,3,3
HE,2025-11-10,66.56666666666666,66.0,47.3,86.4,19.55615845030239,3,3
HE,2025-11-11,75.06666666666666,69.0,63.0,93.2,15.987912100500598,3,3
HE,2025-11-12,91.63333333333333,89.2,67.7,118.0,25.23813252468045,3,3
HE,2025-11-13,90.2,86.1,66.5,118.0,25.99365307147112,3,3
HE,2025-11-14,99.33333333333333,88.7,70.3,139.0,35.56294888410315,3,3
HE,2025-11-15,103.5,105.0,60.5,145.0,42.269965696697696,3,3
HE,2025-11-16,91.39999999999999,67.5,54.7,152.0,52.86993474556215,3,3
HE,2025-11-17,59.65,59.65,58.4,60.9,1.7677669529663689,2,2
HE,2025-11-18,61.1,61.1,61.1,61.1,0.0,1,1
HE,2025-11-19,60.650000000000006,60.650000000000006,56.4,64.9,6.010407640085656,2,2
HE,2025-11-20,59.4,59.4,55.8,63.0,5.091168824543144,2,2
HE,2025-11-21,67.9,67.9,67.9,67.9,0.0,1,1
HE,2025-11-22,72.3,72.3,72.3,72.3,0.0,1,1
HE,2025-11-23,71.6,71.6,68.0,75.2,5.091168824543149,2,2
HE,2025-11-24,58.3,58.3,58.3,58.3,0.0,1,1
HE,2025-11-25,61.5,61.5,61.5,61.5,0.0,1,1
HE,2025-11-26,70.65,70.65,67.4,73.9,4.596194077712559,2,2
HE,2025-11-27,71.6,71.6,66.3,76.9,7.495331880577415,2,2
HE,2025-11-28,68.55000000000001,68.55000000000001,67.4,69.7,1.6263455967290523,2,2
HE,2025-11-29,58.7,58.7,57.1,60.3,2.2627416997969516,2,2
HE,2025-11-30,55.9,55.9,49.4,62.4,9.192388155425117,2,2
HE,2025-12-01,81.15,81.15,71.4,90.9,13.788582233137676,2,2
HE,2025-12-02,123.1,123.1,69.2,177.0,76.22611101190982,2,2
HE,2025-12-03,93.9,93.9,93.9,93.9,0.0,1,1
HE,2025-12-04,82.6,82.6,82.0,83.2,0.848528137423854,2,2
HE,2025-12-05,65.95,65.95,56.9,75.0,12.798632739476508,2,2
HE,2025-12-06,83.23333333333333,84.6,73.0,92.1,9.623062575569865,3,3
HE,2025-12-07,61.849999999999994,61.849999999999994,56.6,67.1,7.424621202458747,2,2
HE,2025-12-08,72.7,72.7,72.4,73.0,0.42426406871192446,2,2
HE,2025-12-09,71.1,71.1,67.5,74.7,5.091168824543149,2,2
HE,2025-12-10,59.85,59.85,49.3,70.4,14.919953083036159,2,2
HE,2025-12-11,57.5,57.5,57.5,57.5,0.0,2,2
HE,2025-12-12,56.45,56.45,52.5,60.4,5.5861435713737215,2,2
HE,2025-12-13,68.75,68.75,64.2,73.3,6.434671708797579,2,2
HE,2025-12-14,77.85,77.85,77.1,78.6,1.0606601717798212,2,2
HE,2025-12-15,75.65,75.65,74.6,76.7,1.4849242404917509,2,2
HE,2025-12-16,67.1,67.1,66.6,67.6,0.7071067811865476,2,2
HE,2025-12-17,77.94999999999999,77.94999999999999,76.8,79.1,1.6263455967290623,2,2
HE,2025-12-18,73.96666666666667,75.4,59.3,87.2,14.005118112080794,3,3
HE,2025-12-19,61.43333333333334,59.5,53.0,71.8,9.547949168975153,3,3
HE,2025-12-20,41.2,41.2,34.4,48.0,9.616652224137045,2,2
HE,2025-12-21,50.8,50.8,48.0,53.6,3.9597979746446645,2,2
HE,2025-12-22,63.150000000000006,63.150000000000006,56.6,69.7,9.263098833543776,2,2
HE,2025-12-23,53.333333333333336,48.1,41.8,70.1,14.858106653720492,3,3
HE,2025-12-24,38.76666666666667,34.2,31.0,51.1,10.800154319885127,3,3
HE,2025-12-25,55.666666666666664,54.3,44.2,68.5,12.207511348892261,3,3
HE,2025-12-26,72.63333333333334,77.2,63.1,77.6,8.258530942808974,3,3
HE,2025-12-27,69.96666666666665,74.1,60.0,75.8,8.673138609138753,3,3
HE,2025-12-28,73.46666666666665,71.7,66.6,82.1,7.89957804780314,3,3
HE,2025-12-29,68.5,66.9,55.4,83.2,13.968894014917575,3,3
HE,2025-12-30,70.2,69.2,53.5,87.9,17.22178852500518,3,3
HE,2025-12-31,56.866666666666674,57.7,35.0,77.9,21.462137203301385,3,3
HE,2026-01-01,45.86666666666667,47.6,39.6,50.4,5.60475988186232,3,3
HE,2026-01-02,53.86666666666667,52.8,40.6,68.2,13.830883317175854,3,3
HE,2026-01-03,57.4,56.5,40.7,75.0,17.167702234137217,3,3
HE,2026-01-04,73.60000000000001,76.1,40.7,104.0,31.723965704180177,3,3
HE,2026-01-05,56.23333333333334,63.6,40.7,64.4,13.458206913750931,3,3
HE,2026-01-06,65.86666666666666,69.7,40.6,87.3,23.584811496667363,3,3
HE,2026-01-07,71.5,72.0,40.5,102.0,30.753048629363562,3,3
HE,2026-01-08,52.63333333333333,55.3,40.7,61.9,10.848655830716233,3,3
HE,2026-01-09,57.03333333333334,61.1,40.6,69.4,14.824416795723648,3,3
HE,2026-01-10,61.26666666666667,64.7,40.6,78.5,19.18184905928866,3,3
HE,2026-01-20,82.63333333333334,71.4,59.5,117.0,30.35133165667255,3,3
HE,2026-01-21,78.43333333333334,75.0,74.0,86.3,6.831056531264639,3,3
HE,2026-01-22,74.86666666666666,68.0,66.0,90.6,13.662113062529285,3,3
HE,2026-01-23,42.6,37.6,36.3,53.9,9.807650075323851,3,3
HE,2026-01-24,39.13333333333333,37.6,31.5,48.3,8.504312631443726,3,3
HE,2026-01-25,51.5,47.1,41.2,66.2,13.06789960169575,3,3
HE,2026-01-26,54.620000000000005,66.3,3.36,94.2,46.5327110751136,3,3
HE,2026-01-27,28.0,33.7,15.0,35.3,11.286717857729943,3,3
HE,2026-01-28,29.96666666666667,26.8,26.6,36.5,5.658916268450463,3,3
HE,2026-01-29,42.96666666666667,42.7,42.5,43.7,0.6429100507328647,3,3
HE,2026-01-30,58.95,58.95,58.7,59.2,0.3535533905932738,2,2
HE,2026-01-31,48.2,48.2,44.1,52.3,5.79827560572969,2,2
HE,2026-02-01,54.85,54.85,50.1,59.6,6.7175144212722016,2,2
HE,2026-02-02,75.36666666666666,80.5,60.0,85.6,13.55003075027261,3,3
HE,2026-02-03,70.3,73.8,44.5,92.6,24.240255774228125,3,3
HE,2026-02-04,58.800000000000004,66.9,27.2,82.3,28.42903445423358,3,3
HE,2026-02-05,62.63333333333333,69.2,38.9,79.8,21.226006061747302,3,3
HE,2026-02-06,71.43333333333334,71.3,66.3,76.7,5.2012818932772085,3,3
HE,2026-02-07,68.23333333333333,68.6,66.2,69.9,1.8770544300401486,3,3
HE,2026-02-08,49.7,49.7,49.7,49.7,0.0,1,1
HE,2026-02-09,42.36666666666667,57.0,10.9,59.2,27.27312474457838,3,3
HE,2026-02-10,58.699999999999996,58.1,48.7,69.3,10.313098467482984,3,3
HE,2026-02-11,63.166666666666664,60.6,60.3,68.6,4.707794954470007,3,3
HE,2026-02-12,64.0,65.8,58.1,68.1,5.2373657500693955,3,3
HE,2026-02-13,67.96666666666667,66.9,65.2,71.8,3.426854728950921,3,3
HE,2026-02-14,77.26666666666667,81.0,69.6,81.2,6.640281118547116,3,3
HE,2026-02-15,74.46666666666667,78.5,63.7,81.2,9.421429473988184,3,3
HE,2026-02-16,67.63333333333334,74.9,48.8,79.2,16.451241087934168,3,3
HE,2026-02-17,44.5,44.4,28.6,60.5,15.950235107985083,3,3
HE,2026-02-18,20.566666666666666,20.3,17.0,24.4,3.707200201409863,3,3
HE,2026-02-19,64.8,69.5,54.0,70.9,9.379232377972095,3,3
HE,2026-02-20,75.60000000000001,74.1,65.8,86.9,10.6296754418938,3,3
HE,2026-02-21,67.5,63.1,56.8,82.6,13.451022265984095,3,3
HE,2026-02-22,63.699999999999996,61.5,52.1,77.5,12.842118205342919,3,3
HE,2026-02-23,56.0,47.7,45.6,74.7,16.228678319567493,3,3
HE,2026-02-24,49.4,46.6,38.8,62.8,12.242548754242312,3,3
HE,2026-02-25,42.93333333333334,42.5,33.3,53.0,9.85714630779788,3,3
HE,2026-02-26,19.833333333333332,19.1,13.3,27.1,6.929165413910489,3,3
HE,2026-02-27,18.5,20.5,13.1,21.9,4.728636167014756,3,3
HE,2026-02-28,20.766666666666666,22.1,17.7,22.5,2.663331247391758,3,3
HE,2026-03-01,26.166666666666668,28.6,18.1,31.8,7.166821703749392,3,3
HE,2026-03-02,28.46666666666667,29.1,25.1,31.2,3.0989245446337224,3,3
HE,2026-03-03,68.53333333333333,69.5,64.8,71.3,3.3560889936551646,3,3
HE,2026-03-04,46.56666666666666,43.1,36.2,60.4,12.466889481074789,3,3
HE,2026-03-05,36.300000000000004,37.2,23.2,48.5,12.673989111562308,3,3
HE,2026-03-06,34.300000000000004,30.2,27.1,45.6,9.908077512817512,3,3
HE,2026-03-07,33.4,32.7,27.3,40.2,6.478425734698207,3,3
HE,2026-03-08,61.43333333333334,69.6,41.5,73.2,17.356362906246613,3,3
HE,2026-03-09,48.800000000000004,42.1,39.2,65.1,14.190489773083936,3,3
HE,2026-03-10,42.93333333333334,40.5,30.0,58.3,14.306059322305822,3,3
HE,2026-03-11,48.26666666666667,45.1,39.7,60.0,10.513958975254432,3,3
HE,2026-03-12,39.06666666666666,34.4,27.5,55.3,14.475611673892518,3,3
HE,2026-03-13,47.26666666666667,44.2,35.9,61.7,13.170547951142103,3,3
HE,2026-03-14,30.966666666666665,25.9,22.2,44.8,12.122018533781132,3,3
HE,2026-03-15,24.833333333333332,16.2,14.5,43.8,16.447593542318987,3,3
HE,2026-03-16,20.266666666666666,13.9,13.5,33.4,11.375558594343106,3,3
HE,2026-03-17,19.866666666666664,17.9,14.8,26.9,6.285167725155259,3,3
HE,2026-03-18,37.43333333333334,22.4,22.0,67.9,26.38566530018399,3,3
HE,2026-03-19,24.4,24.4,18.2,30.6,8.76812408671319,2,2
HE,2026-03-20,20.98,23.8,7.34,31.8,12.471455408251277,3,3
HE,2026-03-21,19.66333333333333,21.7,8.59,28.7,10.20852748114699,3,3
HE,2026-03-22,31.96666666666667,38.1,13.5,44.3,16.29028340248669,3,3
HE,2026-03-23,37.93333333333334,47.1,15.0,51.7,19.993582303662677,3,3
HE,2026-03-24,34.13333333333333,38.7,17.1,46.6,15.270996474799324,3,3
HE,2026-03-25,29.433333333333334,28.1,27.3,32.9,3.028751117760144,3,3
HE,2026-03-26,42.76666666666667,38.2,37.5,52.6,8.5231058501777,3,3
HE,2026-03-27,54.06666666666666,57.8,44.0,60.4,8.81438218670675,3,3
HE,2026-03-28,26.03333333333333,23.9,22.7,31.5,4.772141378179543,3,3
HE,2026-03-29,19.2,13.1,12.5,32.0,11.089183919477573,3,3
HE,2026-03-30,20.233333333333334,15.7,14.8,30.2,8.64310900853005,3,3
HE,2026-03-31,16.73,17.2,7.19,25.8,9.3138982171806,3,3
HE,2026-04-01,24.599999999999998,20.9,12.3,40.6,14.508273501695507,3,3
HE,2026-04-02,24.400000000000002,23.6,19.2,30.4,5.642694391866352,3,3
HE,2026-04-03,36.4,30.8,28.9,49.5,11.384638773364749,3,3
HE,2026-04-04,28.133333333333336,20.4,19.3,44.7,14.357692479410938,3,3
HE,2026-04-05,25.766666666666666,19.9,17.3,40.1,12.480918769599189,3,3
HE,2026-04-06,17.799999999999997,17.799999999999997,16.7,18.9,1.5556349186104053,2,2
HE,2026-04-07,20.7,20.9,19.4,21.8,1.2124355652982142,3,3
HE,2026-04-08,21.166666666666668,21.0,19.6,22.9,1.656301099840644,3,3
HE,2026-04-09,31.833333333333332,25.8,24.8,44.9,11.327106132341717,3,3
HE,2026-04-10,51.43333333333334,47.0,45.4,61.9,9.0996336922611,3,3
HE,2026-04-11,50.833333333333336,49.7,42.9,59.9,8.556479026640185,3,3
HE,2026-04-12,47.73333333333333,46.0,40.3,56.9,8.434650753489045,3,3
HE,2026-04-13,37.53333333333333,37.4,36.5,38.7,1.1060440015358033,3,3
HE,2026-04-14,48.0,48.0,41.8,54.2,6.200000000000003,3,3
HE,2026-04-15,27.53333333333333,27.1,24.3,31.2,3.470350606687072,3,3
HE,2026-04-16,24.0,22.6,22.2,27.2,2.77848879788996,3,3
HE,2026-04-17,22.3,23.1,20.2,23.6,1.8357559750685841,3,3
HE,2026-04-18,16.5,22.8,0.0,26.7,14.421858410066298,3,3
HE,2026-04-19,24.7,31.7,0.0,42.4,22.04971655146614,3,3
HE,2026-04-20,27.933333333333337,26.6,22.0,35.2,6.700248751601194,3,3
HE,2026-04-21,43.13333333333333,43.4,33.3,52.7,9.702748751427784,3,3
HE,2026-04-22,42.85,42.85,42.5,43.2,0.4949747468305853,2,2
HE,2026-04-23,41.43333333333333,44.2,26.3,53.8,13.957196471116012,3,3
HE,2026-04-24,49.300000000000004,42.8,35.7,69.4,17.76541584089717,3,3
HE,2026-04-25,45.150000000000006,45.150000000000006,38.7,51.6,9.12167747730646,2,2
HE,2026-04-26,34.9,34.9,23.8,46.0,15.697770542341356,2,2
HE,2026-04-27,27.45,27.45,20.1,34.8,10.394469683442246,2,2
HE,2026-04-28,25.700000000000003,25.700000000000003,16.3,35.1,13.293607486307092,2,2
HE,2026-04-29,29.399999999999995,36.3,13.5,38.4,13.809779143780684,3,3
HE,2026-04-30,27.8,32.9,13.3,37.2,12.740094191174569,3,3
HE,2026-05-01,22.9,22.9,11.7,34.1,15.839191898578667,2,2
HE,2026-05-02,21.195,21.195,9.49,32.9,16.553369747577076,2,2
HE,2026-05-03,25.186666666666667,33.3,7.96,34.3,14.927107333081425,3,3
HE,2026-05-04,33.3,33.3,11.0,55.6,31.536962440920018,2,2
HE,2026-05-05,33.53333333333334,36.6,10.3,53.7,21.86191513416273,3,3
HE,2026-05-06,21.36,23.0,4.18,36.9,16.42153464204853,3,3
HE,2026-05-07,30.7,24.9,24.3,42.9,10.569768209379049,3,3
HE,2026-05-08,33.13333333333333,31.1,24.8,43.5,9.514375088955308,3,3
HE,2026-05-09,30.733333333333334,30.3,21.3,40.6,9.657294307068277,3,3
HE,2026-05-10,23.86666666666667,21.3,18.1,32.2,7.392112914000524,3,3
HE,2026-05-11,25.566666666666666,24.8,23.0,28.9,3.023794525647094,3,3
HE,2026-05-12,20.400000000000002,20.6,19.8,20.8,0.529150262212918,3,3
HE,2026-05-13,19.6,17.3,14.9,26.6,6.179805822192151,3,3
HE,2026-05-14,15.466666666666667,16.5,10.9,19.0,4.1476901202155085,3,3
HE,2026-05-15,19.7,23.6,10.5,25.0,7.998124780221925,3,3
HE,2026-05-16,15.833333333333334,14.2,13.6,19.7,3.362043029667129,3,3
HE,2026-05-17,12.5,12.5,11.9,13.1,0.8485281374238566,2,2
HE,2026-05-18,16.599999999999998,17.1,14.5,18.2,1.9000000000000006,3,3
HE,2026-05-19,17.7,17.5,14.0,21.6,3.8039453203220472,3,3
HE,2026-05-20,18.733333333333334,16.0,13.0,27.2,7.484205591332547,3,3
HE,2026-05-21,15.08,14.6,9.54,21.1,5.794928817509325,3,3
HE,2026-05-22,15.386666666666665,17.0,9.66,19.5,5.114541360995464,3,3
HE,2026-05-23,14.066666666666668,13.7,10.5,18.0,3.7634204300520735,3,3
HE,2026-05-24,10.633333333333333,8.43,5.27,18.2,6.740714601088918,3,3
HE,2026-05-25,12.15,11.6,7.05,17.8,5.396063379909469,3,3
HE,2026-05-26,13.196666666666667,12.1,7.19,20.3,6.6234457296284495,3,3
HE,2026-05-27,16.39,12.4,7.07,29.7,11.83086218328994,3,3
HE,2026-05-28,15.0,14.7,10.8,19.5,4.357751713900185,3,3
HE,2026-05-29,14.833333333333334,12.4,12.1,20.0,4.476978147515726,3,3
HE,2026-05-30,18.033333333333335,19.3,10.0,24.8,7.480864477674578,3,3
HE,2026-05-31,19.133333333333333,20.0,14.1,23.3,4.660829682935576,3,3
HE,2026-06-01,18.433333333333334,19.9,10.7,24.7,7.11430483837552,3,3
HE,2026-06-02,14.475000000000001,14.475000000000001,9.15,19.8,7.530687219636732,2,2
HE,2026-06-03,13.979999999999999,13.4,9.64,18.9,4.657166520535848,3,3
HE,2026-06-04,17.866666666666667,18.6,13.1,21.9,4.445597072760118,3,3
HE,2026-06-05,26.73333333333333,18.4,11.5,50.3,20.698872755136527,3,3
HE,2026-06-06,13.3,13.3,12.3,14.3,1.4142135623730951,2,2
HE,2026-06-07,17.9,17.9,16.9,18.9,1.4142135623730951,2,2
HE,2026-06-08,17.0,17.0,15.7,18.3,1.8384776310850246,2,2
HE,2026-06-09,26.3,26.3,25.5,27.1,1.1313708498984771,2,2
HE,2026-06-10,23.866666666666664,26.3,16.6,28.7,6.406507108661733,3,3
HE,2026-06-11,20.099999999999998,20.4,13.6,26.3,6.35531273817426,3,3
HE,2026-06-12,18.666666666666668,20.1,10.6,25.3,7.4540816559341065,3,3
HE,2026-06-13,19.033333333333335,14.3,13.8,29.0,8.635006272918007,3,3
HE,2026-06-14,22.099999999999998,23.4,19.1,23.8,2.6057628441590754,3,3
HE,2026-06-15,21.099999999999998,22.2,17.6,23.5,3.100000000000001,3,3
HE,2026-06-16,18.099999999999998,18.5,16.2,19.6,1.7349351572897487,3,3
HE,2026-06-17,23.633333333333336,20.1,17.4,33.4,8.565239829294526,3,3
HE,2026-06-18,18.200000000000003,18.200000000000003,18.1,18.3,0.14142135623730775,2,2
HE,2026-06-19,15.07,18.0,8.91,18.3,5.336824898757686,3,3
HE,2026-06-20,15.266666666666666,17.4,10.4,18.0,4.2253205006642185,3,3
HE,2026-06-21,13.200000000000001,12.1,11.3,16.2,2.628687885618982,3,3
HE,2026-06-22,10.356666666666667,11.1,7.17,12.8,2.887669186962615,3,3
HE,2026-06-23,10.450000000000001,10.0,8.45,12.9,2.258871399615303,3,3
HE,2026-06-25,16.233333333333334,14.2,10.7,23.8,6.782575715267272,3,3
HE,2026-06-26,17.633333333333336,16.8,16.3,19.8,1.892969448600091,3,3
HE,2026-06-27,18.633333333333336,18.1,18.1,19.7,0.9237604307033987,3,3
HE,2026-06-28,12.533333333333333,12.6,12.3,12.7,0.20816659994661238,3,3
HE,2026-06-29,10.67,9.96,9.85,12.2,1.3261598696989734,3,3
HE,2026-06-30,9.69,11.3,6.27,11.5,2.963494558793723,3,3
HE,2026-07-01,9.213333333333333,9.31,7.23,11.1,1.9368100922220883,3,3
HE,2026-07-02,9.716666666666667,9.88,5.77,13.5,3.867587534023417,3,3
HE,2026-07-03,9.08,9.37,7.27,10.6,1.6838349087722344,3,3
HE,2026-07-04,11.96,10.8,6.88,18.2,5.7484606635167985,3,3
HE,2026-07-05,9.613333333333333,10.5,7.84,10.5,1.5357517160444045,3,3
HE,2026-07-06,16.0,17.7,11.9,18.4,3.567912554982253,3,3
HE,2026-07-07,16.976666666666667,20.4,8.23,22.3,7.634175353850168,3,3
HE,2026-07-08,16.833333333333332,18.2,11.9,20.4,4.411726797222752,3,3
HE,2026-07-09,17.28333333333333,19.5,8.95,23.4,7.475682800476043,3,3
HE,2026-07-10,13.530000000000001,12.8,7.79,20.0,6.137646128606632,3,3
HE,2026-07-11,18.023333333333333,11.4,7.97,34.7,14.543886459036091,3,3
HE,2026-07-12,16.24,10.6,9.32,28.8,10.896091042204082,3,3
HE,2026-07-13,22.166666666666668,17.9,12.0,36.6,12.843026642241828,3,3
HE,2026-07-14,19.766666666666666,16.0,11.0,32.3,11.13837211325485,3,3
HE,2026-07-15,18.633333333333333,15.5,11.6,28.8,9.01794507265005,3,3
HE,2026-07-16,16.2,16.7,11.1,20.8,4.869291529575941,3,3
HE,2026-07-17,14.833333333333334,14.4,12.1,18.0,2.9737742572921255,3,3
HE,2026-07-18,13.4,14.4,11.1,14.7,1.9974984355438183,3,3
HE,2026-07-19,14.066666666666665,13.2,12.6,16.4,2.0428737928059415,3,3
HE,2026-07-20,13.0,13.3,11.5,14.2,1.3747727084867518,3,3
HE,2026-07-21,13.213333333333333,13.2,8.14,18.3,5.0800131233426296,3,3
HE,2026-07-22,10.026666666666666,8.76,8.32,13.0,2.584363235563711,3,3
HE,2026-07-23,9.296666666666667,9.44,7.35,11.1,1.8791043966031622,3,3
HE,2026-07-24,10.97,12.3,7.11,13.5,3.396277373831531,3,3
HE,2026-07-25,12.373333333333333,12.2,9.32,15.6,3.1435860626573167,3,3
HE,2026-07-26,14.366666666666667,16.1,10.8,16.2,3.0892285984260415,3,3
HE,2026-07-27,20.900000000000002,15.5,15.2,32.0,9.614052215377239,3,3
HE,2026-07-28,21.666666666666668,21.0,19.0,25.0,3.055050463303893,3,3
HE,2026-07-29,21.333333333333332,20.9,20.1,23.0,1.4977761292440648,3,3
HE,2026-07-30,19.8,19.0,15.9,24.5,4.355456348076514,3,3
HE,2026-07-31,21.366666666666664,18.8,18.7,26.6,4.532475409015844,3,3
HE,2026-08-01,25.166666666666668,22.9,20.9,31.7,5.7457230470440654,3,3
HE,2026-08-02,20.533333333333335,19.6,16.2,25.8,4.867579823005818,3,3
HE,2026-08-03,21.96666666666667,18.7,18.2,29.0,6.09617366331811,3,3
HE,2026-08-04,19.900000000000002,20.2,18.1,21.4,1.6703293088490065,3,3
HE,2026-08-05,17.95,17.95,15.2,20.7,3.8890872965260113,2,2
HE,2026-08-06,22.55,22.55,20.0,25.1,3.6062445840513933,2,2
HE,2026-08-07,17.566666666666666,18.2,15.5,19.0,1.8339392937971895,3,3
HE,2026-08-08,17.266666666666666,18.2,15.4,18.2,1.6165807537309518,3,3
HE,2026-08-09,19.266666666666666,20.2,16.0,21.6,2.914332399252585,3,3
HE,2026-08-10,19.533333333333335,17.8,17.3,23.5,3.444318994131252,3,3
HE,2026-08-11,17.566666666666666,16.5,11.4,24.8,6.76338179709924,3,3
HE,2026-08-12,17.099999999999998,18.4,13.6,19.3,3.064310689208912,3,3
HE,2026-08-13,17.166666666666668,15.5,13.6,22.4,4.630694692304095,3,3
HE,2026-08-14,18.9,18.4,12.9,25.4,6.264982043070833,3,3
HE,2026-08-15,18.533333333333335,18.2,17.8,19.6,0.9451631252505218,3,3
HE,2026-08-16,18.266666666666666,16.3,12.2,26.3,7.2528155452440215,3,3
HE,2026-08-17,16.566666666666666,17.2,11.4,21.1,4.880915214724933,3,3
HE,2026-08-18,17.5,18.9,13.8,19.8,3.235737937472687,3,3
HE,2026-08-19,19.033333333333335,22.8,10.4,23.9,7.496888243353593,3,3
HE,2026-08-20,16.616666666666664,15.6,9.85,24.4,7.328085243317884,3,3
HE,2026-08-21,14.546666666666667,12.9,9.04,21.7,6.488646494711616,3,3
HE,2026-08-22,14.333333333333334,11.8,10.0,21.2,6.014427099344818,3,3
HE,2026-08-23,16.633333333333336,13.3,12.5,24.1,6.478682993736716,3,3
HE,2026-08-24,15.633333333333333,14.2,12.2,20.5,4.331666346030515,3,3
HE,2026-08-25,17.533333333333335,16.8,11.7,24.1,6.232442004008808,3,3
HE,2026-08-26,17.7,16.0,10.9,26.2,7.790378681424928,3,3
HE,2026-08-27,13.733333333333334,10.1,10.1,21.0,6.293117934166922,3,3
HE,2026-08-28,10.8,10.8,10.7,10.9,0.14142135623730964,2,2
HE,2026-08-29,10.34,9.59,8.83,12.6,1.993765282073093,3,3
HE,2026-08-30,12.876666666666667,12.6,9.93,16.1,3.0942904410112084,3,3
HE,2026-08-31,10.533333333333333,8.92,7.98,14.7,3.6389192534780603,3,3
HE,2026-09-01,11.89,11.5,9.57,14.6,2.5375775850208013,3,3
HE,2026-09-02,10.373333333333333,9.87,7.55,13.7,3.1057419940061566,3,3
HE,2026-09-03,12.666666666666666,13.4,10.4,14.2,2.003330560175563,3,3
HE,2026-09-04,13.166666666666666,12.3,10.3,16.9,3.3842773723992132,3,3
HE,2026-09-05,11.113333333333335,10.9,9.34,13.1,1.8890562017402586,3,3
HE,2026-09-06,14.4,15.0,10.9,17.3,3.2419130154894655,3,3
HE,2026-09-07,12.533333333333333,12.0,11.8,13.8,1.1015141094572207,3,3
HE,2026-09-08,16.133333333333333,15.1,13.4,19.9,3.3709543653590632,3,3
HE,2026-09-09,15.36,16.1,9.48,20.5,5.547143408998906,3,3
HE,2026-09-10,14.366666666666667,15.2,10.8,17.1,3.2316146634976963,3,3
HE,2026-09-11,17.3,16.2,14.9,20.8,3.1000000000000005,3,3
HE,2026-09-12,15.299999999999999,12.9,10.7,22.3,6.161168720299746,3,3
HE,2026-09-13,17.766666666666666,18.4,14.0,20.9,3.4933269720043856,3,3
HE,2026-09-14,18.666666666666668,17.3,16.7,22.0,2.9022979401386984,3,3
HE,2026-09-15,14.833333333333334,16.1,12.3,16.1,2.1939310229205784,3,3
HE,2026-09-16,15.333333333333334,16.5,13.0,16.5,2.0207259421636903,3,3
HE,2026-09-17,14.566666666666665,15.6,11.7,16.4,2.514623895005639,3,3
KE,2025-02-19,38.3,38.3,38.3,38.3,0.0,1,1
KE,2025-02-20,33.6,33.6,33.6,33.6,0.0,1,1
KE,2025-02-21,34.9,34.9,34.9,34.9,0.0,1,1
KE,2025-02-22,34.6,34.6,34.6,34.6,0.0,1,1
KE,2025-02-23,42.7,42.7,42.7,42.7,0.0,1,1
KE,2025-02-24,32.5,32.5,32.5,32.5,0.0,1,1
KE,2025-02-25,34.7,34.7,34.7,34.7,0.0,1,1
KE,2025-02-26,36.4,36.4,36.4,36.4,0.0,1,1
KE,2025-02-27,35.2,35.2,35.2,35.2,0.0,1,1
KE,2025-02-28,39.1,39.1,39.1,39.1,0.0,1,1
KE,2025-03-01,33.2,33.2,33.2,33.2,0.0,1,1
KE,2025-03-02,34.2,34.2,34.2,34.2,0.0,1,1
KE,2025-03-03,34.9,34.9,34.9,34.9,0.0,1,1
KE,2025-03-04,36.6,36.6,36.6,36.6,0.0,1,1
KE,2025-03-05,33.1,33.1,33.1,33.1,0.0,1,1
KE,2025-03-06,58.9,58.9,58.9,58.9,0.0,1,1
KE,2025-03-07,37.9,37.9,37.9,37.9,0.0,1,1
KE,2025-03-08,37.0,37.0,37.0,37.0,0.0,1,1
KE,2025-03-09,164.0,164.0,164.0,164.0,0.0,1,1
KE,2025-03-10,313.0,313.0,313.0,313.0,0.0,1,1
KE,2025-03-11,97.5,97.5,0.0,195.0,137.88582233137677,2,2
KE,2025-03-12,32.25,32.25,26.5,38.0,8.131727983645296,2,2
KE,2025-03-13,58.25,58.25,35.3,81.2,32.456201256462535,2,2
KE,2025-03-14,58.25,58.25,33.5,83.0,35.0017856687341,2,2
KE,2025-03-15,29.65,29.65,26.3,33.0,4.737615433949869,2,2
KE,2025-03-16,33.55,33.55,27.9,39.2,7.990306627407993,2,2
KE,2025-03-17,48.599999999999994,48.599999999999994,44.3,52.9,6.081118318204307,2,2
KE,2025-03-18,30.4,30.4,26.9,33.9,4.949747468305833,2,2
KE,2025-03-19,32.5,32.5,27.7,37.3,6.7882250993908535,2,2
KE,2025-03-20,35.65,35.65,28.8,42.5,9.687362902255702,2,2
KE,2025-03-21,31.200000000000003,31.200000000000003,26.2,36.2,7.071067811865476,2,2
KE,2025-03-22,25.85,25.85,25.6,26.1,0.3535533905932738,2,2
KE,2025-03-23,104.0,104.0,43.0,165.0,86.2670273047588,2,2
KE,2025-03-24,38.55,38.55,29.4,47.7,12.940054095713824,2,2
KE,2025-03-25,39.55,39.55,32.2,46.9,10.394469683442248,2,2
KE,2025-03-26,28.35,28.35,26.3,30.4,2.899137802864842,2,2
KE,2025-03-27,22.1,22.1,18.9,25.3,4.525483399593907,2,2
KE,2025-03-28,32.05,32.05,29.7,34.4,3.3234018715767744,2,2
KE,2025-03-29,47.6,47.6,35.2,60.0,17.536248173426376,2,2
KE,2025-03-30,45.650000000000006,45.650000000000006,33.7,57.6,16.899852070358484,2,2
KE,2025-03-31,37.75,37.75,29.2,46.3,12.09152595828996,2,2
KE,2025-04-01,39.2,39.2,30.0,48.4,13.010764773832472,2,2
KE,2025-04-02,48.650000000000006,48.650000000000006,31.9,65.4,23.688077169749345,2,2
KE,2025-04-03,41.1,41.1,29.0,53.2,17.111984104714452,2,2
KE,2025-04-04,33.150000000000006,33.150000000000006,29.6,36.7,5.0204581464244855,2,2
KE,2025-04-05,39.15,39.15,30.4,47.9,12.374368670764582,2,2
KE,2025-04-06,35.3,35.3,28.7,41.9,9.333809511662428,2,2
KE,2025-04-07,36.45,36.45,30.4,42.5,8.555992052357224,2,2
KE,2025-04-08,44.55,44.55,44.2,44.9,0.49497474683057774,2,2
KE,2025-04-09,176.35,176.35,39.7,313.0,193.25228329828343,2,2
KE,2025-04-11,172.0,172.0,31.0,313.0,199.4041122946064,2,2
KE,2025-04-12,25.1,25.1,24.0,26.2,1.5556349186104028,2,2
KE,2025-04-13,26.2,26.2,25.5,26.9,0.9899494936611655,2,2
KE,2025-04-14,28.6,28.6,25.6,31.6,4.242640687119285,2,2
KE,2025-04-15,44.75,44.75,33.4,56.1,16.05132393293463,2,2
KE,2025-04-16,26.299999999999997,26.299999999999997,25.7,26.9,0.8485281374238578,2,2
KE,2025-04-17,23.15,23.15,22.4,23.9,1.0606601717798212,2,2
KE,2025-04-18,21.4,21.4,18.8,24.0,3.676955262170045,2,2
KE,2025-04-19,21.15,21.15,18.8,23.5,3.3234018715767717,2,2
KE,2025-04-20,25.6,25.6,25.6,25.6,0.0,1,1
KE,2025-04-21,25.1,25.1,25.1,25.1,0.0,1,1
KE,2025-04-22,30.2,30.2,30.2,30.2,0.0,1,1
KE,2025-04-23,29.9,29.9,29.9,29.9,0.0,1,1
KE,2025-04-24,27.0,27.0,27.0,27.0,0.0,1,1
KE,2025-04-25,25.9,25.9,25.9,25.9,0.0,1,1
KE,2025-04-26,24.9,24.9,24.9,24.9,0.0,1,1
KE,2025-04-27,26.2,26.2,26.2,26.2,0.0,1,1
KE,2025-04-28,25.7,25.7,25.7,25.7,0.0,1,1
KE,2025-04-29,26.3,26.3,26.3,26.3,0.0,1,1
KE,2025-04-30,25.35,25.35,24.9,25.8,0.636396103067893,2,2
KE,2025-05-01,22.7,22.7,21.0,24.4,2.4041630560342604,2,2
KE,2025-05-02,23.55,23.55,22.3,24.8,1.7677669529663689,2,2
KE,2025-05-03,21.1,21.1,19.0,23.2,2.9698484809835004,2,2
KE,2025-05-04,21.0,21.0,19.2,22.8,2.545584412271572,2,2
KE,2025-05-05,24.85,24.85,24.1,25.6,1.0606601717798212,2,2
KE,2025-05-06,22.8,22.8,22.1,23.5,0.9899494936611655,2,2
KE,2025-05-07,21.6,21.6,21.6,21.6,0.0,1,1
KE,2025-05-08,19.1,19.1,16.7,21.5,3.39411254969543,2,2
KE,2025-05-09,17.35,17.35,13.2,21.5,5.868986283848346,2,2
KE,2025-05-10,17.5,17.5,12.8,22.2,6.646803743153546,2,2
KE,2025-05-11,19.200000000000003,19.200000000000003,15.8,22.6,4.808326112068524,2,2
KE,2025-05-12,18.4,18.4,14.6,22.2,5.37401153701776,2,2
KE,2025-05-13,29.0,29.0,19.2,38.8,13.85929291125633,2,2
KE,2025-05-14,34.900000000000006,34.900000000000006,29.6,40.2,7.495331880577402,2,2
KE,2025-05-15,34.1,34.1,34.1,34.1,0.0,1,1
KE,2025-05-16,21.35,21.35,18.6,24.1,3.8890872965260113,2,2
KE,2025-05-17,20.9,20.9,18.3,23.5,3.676955262170045,2,2
KE,2025-05-18,19.7,19.7,15.6,23.8,5.79827560572969,2,2
KE,2025-05-19,20.5,20.5,16.5,24.5,5.656854249492381,2,2
KE,2025-05-20,20.5,20.5,15.9,25.1,6.505382386916237,2,2
KE,2025-05-21,22.1,22.1,20.7,23.5,1.979898987322335,2,2
KE,2025-05-22,20.25,20.25,17.8,22.7,3.464823227814082,2,2
KE,2025-05-23,32.0,32.0,27.6,36.4,6.222539674441617,2,2
KE,2025-05-24,34.1,34.1,27.8,40.4,8.909545442950495,2,2
KE,2025-05-25,26.25,26.25,23.8,28.7,3.464823227814082,2,2
KE,2025-05-26,28.450000000000003,28.450000000000003,26.1,30.8,3.3234018715767717,2,2
KE,2025-05-27,20.75,20.75,19.0,22.5,2.4748737341529163,2,2
KE,2025-05-28,22.9,22.9,22.7,23.1,0.2828427124746193,2,2
KE,2025-05-29,27.15,27.15,26.0,28.3,1.626345596729061,2,2
KE,2025-05-30,23.75,23.75,21.3,26.2,3.464823227814082,2,2
KE,2025-05-31,22.0,22.0,19.3,24.7,3.8183766184073558,2,2
KE,2025-06-01,20.6,20.6,18.2,23.0,3.39411254969543,2,2
KE,2025-06-02,21.200000000000003,21.200000000000003,18.6,23.8,3.676955262170048,2,2
KE,2025-06-03,24.0,24.0,23.4,24.6,0.848528137423859,2,2
KE,2025-06-04,20.85,20.85,18.9,22.8,2.7577164466275383,2,2
KE,2025-06-05,31.5,31.5,28.8,34.2,3.8183766184073593,2,2
KE,2025-06-06,33.05,33.05,27.8,38.3,7.424621202458748,2,2
KE,2025-06-07,23.0,23.0,22.3,23.7,0.9899494936611655,2,2
KE,2025-06-08,29.25,29.25,25.4,33.1,5.444722215136418,2,2
KE,2025-06-09,25.6,25.6,25.4,25.8,0.2828427124746193,2,2
KE,2025-06-10,21.6,21.6,19.0,24.2,3.676955262170048,2,2
KE,2025-06-11,17.25,17.25,12.1,22.4,7.283199846221439,2,2
KE,2025-06-12,18.2,18.2,14.2,22.2,5.656854249492381,2,2
KE,2025-06-13,22.35,22.35,21.2,23.5,1.626345596729061,2,2
KE,2025-06-14,21.35,21.35,19.2,23.5,3.040559159102156,2,2
KE,2025-06-15,21.6,21.6,21.6,21.6,0.0,2,2
KE,2025-06-16,14.485,14.485,9.87,19.1,6.5265955903518345,2,2
KE,2025-06-17,21.5,21.5,21.5,21.5,0.0,1,1
KE,2025-06-18,10.6,10.6,10.6,10.6,0.0,1,1
KE,2025-06-19,18.65,18.65,14.5,22.8,5.8689862838483435,2,2
KE,2025-06-20,18.2,18.2,14.4,22.0,5.37401153701776,2,2
KE,2025-06-21,17.75,17.75,13.0,22.5,6.7175144212722016,2,2
KE,2025-06-22,18.2,18.2,13.6,22.8,6.505382386916237,2,2
KE,2025-06-23,19.549999999999997,19.549999999999997,16.4,22.7,4.454772721475249,2,2
KE,2025-06-24,19.799999999999997,19.799999999999997,16.4,23.2,4.808326112068523,2,2
KE,2025-06-25,24.75,24.75,23.8,25.7,1.3435028842544392,2,2
KE,2025-06-26,22.299999999999997,22.299999999999997,21.2,23.4,1.5556349186104028,2,2
KE,2025-06-27,19.2,19.2,19.2,19.2,0.0,1,1
KE,2025-06-28,24.2,24.2,24.2,24.2,0.0,2,2
KE,2025-06-29,20.15,20.15,17.6,22.7,3.6062445840513897,2,2
KE,2025-06-30,22.4,22.4,22.4,22.4,0.0,1,1
KE,2025-07-01,22.6,22.6,22.6,22.6,0.0,1,1
KE,2025-07-02,22.6,22.6,22.6,22.6,0.0,1,1
KE,2025-07-03,22.2,22.2,22.2,22.2,0.0,1,1
KE,2025-07-04,22.5,22.5,22.5,22.5,0.0,1,1
KE,2025-07-05,22.9,22.9,22.9,22.9,0.0,1,1
KE,2025-07-06,23.3,23.3,23.3,23.3,0.0,1,1
KE,2025-07-07,23.1,23.1,23.1,23.1,0.0,1,1
KE,2025-07-08,24.0,24.0,24.0,24.0,0.0,1,1
KE,2025-07-09,23.7,23.7,23.7,23.7,0.0,1,1
KE,2025-07-10,24.3,24.3,24.3,24.3,0.0,1,1
KE,2025-07-11,36.3,36.3,36.3,36.3,0.0,1,1
KE,2025-07-12,23.1,23.1,23.1,23.1,0.0,1,1
KE,2025-07-13,21.7,21.7,21.7,21.7,0.0,1,1
KE,2025-07-14,20.4,20.4,20.4,20.4,0.0,1,1
KE,2025-07-15,34.5,34.5,34.5,34.5,0.0,1,1
KE,2025-07-16,23.2,23.2,23.2,23.2,0.0,1,1
KE,2025-07-17,23.4,23.4,23.4,23.4,0.0,1,1
KE,2025-07-18,23.2,23.2,23.2,23.2,0.0,1,1
KE,2025-07-19,22.5,22.5,22.5,22.5,0.0,1,1
KE,2025-07-20,21.3,21.3,21.3,21.3,0.0,1,1
KE,2025-07-21,20.9,20.9,20.9,20.9,0.0,1,1
KE,2025-07-22,20.9,20.9,20.9,20.9,0.0,1,1
KE,2025-07-23,21.7,21.7,21.7,21.7,0.0,1,1
KE,2025-07-24,21.4,21.4,21.4,21.4,0.0,1,1
KE,2025-07-25,20.4,20.4,20.4,20.4,0.0,1,1
KE,2025-07-26,21.6,21.6,21.6,21.6,0.0,1,1
KE,2025-07-27,22.6,22.6,22.6,22.6,0.0,1,1
KE,2025-07-28,22.1,22.1,22.1,22.1,0.0,1,1
KE,2025-07-29,22.3,22.3,22.3,22.3,0.0,1,1
KE,2025-07-30,23.0,23.0,23.0,23.0,0.0,1,1
KE,2025-07-31,23.1,23.1,23.1,23.1,0.0,1,1
KE,2025-08-01,23.7,23.7,23.7,23.7,0.0,1,1
KE,2025-08-02,22.0,22.0,22.0,22.0,0.0,1,1
KE,2025-08-03,22.1,22.1,22.1,22.1,0.0,1,1
KE,2025-08-04,23.3,23.3,23.3,23.3,0.0,1,1
KE,2025-08-05,21.3,21.3,21.3,21.3,0.0,1,1
KE,2025-08-06,25.1,25.1,25.1,25.1,0.0,1,1
KE,2025-08-07,23.0,23.0,23.0,23.0,0.0,1,1
KE,2025-08-08,23.4,23.4,23.4,23.4,0.0,1,1
KE,2025-08-09,23.8,23.8,23.8,23.8,0.0,1,1
KE,2025-08-10,22.6,22.6,22.6,22.6,0.0,1,1
KE,2025-08-11,23.0,23.0,23.0,23.0,0.0,1,1
KE,2025-08-12,22.1,22.1,22.1,22.1,0.0,1,1
KE,2025-08-13,20.6,20.6,20.6,20.6,0.0,1,1
KE,2025-08-14,20.0,20.0,20.0,20.0,0.0,1,1
KE,2025-08-15,19.4,19.4,19.4,19.4,0.0,1,1
KE,2025-08-16,19.4,19.4,19.4,19.4,0.0,1,1
KE,2025-08-17,19.7,19.7,19.7,19.7,0.0,1,1
KE,2025-08-18,19.4,19.4,19.4,19.4,0.0,1,1
KE,2025-08-19,19.0,19.0,19.0,19.0,0.0,1,1
KE,2025-08-20,20.0,20.0,20.0,20.0,0.0,1,1
KE,2025-08-21,20.5,20.5,20.5,20.5,0.0,1,1
KE,2025-08-22,20.7,20.7,20.7,20.7,0.0,1,1
KE,2025-08-23,20.7,20.7,20.7,20.7,0.0,1,1
KE,2025-08-24,20.8,20.8,20.8,20.8,0.0,1,1
KE,2025-08-25,20.0,20.0,20.0,20.0,0.0,1,1
KE,2025-08-26,20.5,20.5,20.5,20.5,0.0,1,1
KE,2025-08-27,21.2,21.2,21.2,21.2,0.0,1,1
KE,2025-08-28,22.3,22.3,22.3,22.3,0.0,1,1
KE,2025-08-29,20.9,20.9,20.9,20.9,0.0,1,1
KE,2025-08-30,20.6,20.6,20.6,20.6,0.0,1,1
KE,2025-08-31,21.0,21.0,21.0,21.0,0.0,1,1
KE,2025-09-01,21.0,21.0,21.0,21.0,0.0,1,1
KE,2025-09-02,21.1,21.1,21.1,21.1,0.0,1,1
KE,2025-09-03,22.4,22.4,22.4,22.4,0.0,1,1
KE,2025-09-04,21.4,21.4,21.4,21.4,0.0,1,1
KE,2025-09-05,22.2,22.2,22.2,22.2,0.0,1,1
KE,2025-09-06,20.6,20.6,20.6,20.6,0.0,1,1
KE,2025-09-07,21.7,21.7,21.7,21.7,0.0,1,1
KE,2025-09-08,22.6,22.6,22.6,22.6,0.0,1,1
KE,2025-09-09,24.2,24.2,24.2,24.2,0.0,1,1
KE,2025-09-10,26.6,26.6,26.6,26.6,0.0,1,1
KE,2025-09-11,25.0,25.0,25.0,25.0,0.0,1,1
KE,2025-09-12,23.9,23.9,23.9,23.9,0.0,1,1
KE,2025-09-13,23.9,23.9,23.9,23.9,0.0,1,1
KE,2025-09-14,22.2,22.2,22.2,22.2,0.0,1,1
KE,2025-09-15,21.7,21.7,21.7,21.7,0.0,1,1
KE,2025-09-16,23.0,23.0,23.0,23.0,0.0,1,1
KE,2025-09-17,20.5,20.5,20.5,20.5,0.0,1,1
KE,2025-09-18,259.0,259.0,259.0,259.0,0.0,1,1
KE,2025-09-19,313.0,313.0,313.0,313.0,0.0,1,1
KE,2025-09-20,313.0,313.0,313.0,313.0,0.0,1,1
KE,2025-09-21,313.0,313.0,313.0,313.0,0.0,1,1
KE,2025-09-22,302.0,302.0,302.0,302.0,0.0,1,1
KE,2025-09-23,300.0,300.0,300.0,300.0,0.0,1,1
KE,2025-09-24,300.0,300.0,300.0,300.0,0.0,1,1
KE,2025-09-25,191.0,191.0,191.0,191.0,0.0,1,1
KE,2025-09-26,26.2,26.2,26.2,26.2,0.0,1,1
KE,2025-09-27,22.4,22.4,22.4,22.4,0.0,1,1
KE,2025-09-28,20.4,20.4,20.4,20.4,0.0,1,1
KE,2025-09-29,22.0,22.0,22.0,22.0,0.0,1,1
KE,2025-09-30,21.2,21.2,21.2,21.2,0.0,1,1
KE,2025-10-01,21.5,21.5,21.5,21.5,0.0,1,1
KE,2025-10-02,21.0,21.0,21.0,21.0,0.0,1,1
KE,2025-10-03,21.4,21.4,21.4,21.4,0.0,1,1
KE,2025-10-04,109.0,109.0,109.0,109.0,0.0,1,1
KE,2025-10-05,179.0,179.0,179.0,179.0,0.0,1,1
KE,2025-10-06,23.9,23.9,23.9,23.9,0.0,1,1
KE,2025-10-07,23.4,23.4,23.4,23.4,0.0,1,1
KE,2025-10-08,25.9,25.9,25.9,25.9,0.0,1,1
KE,2025-10-09,32.9,32.9,32.9,32.9,0.0,1,1
KE,2025-10-10,36.1,36.1,36.1,36.1,0.0,1,1
KE,2025-10-11,38.7,38.7,38.7,38.7,0.0,1,1
KE,2025-10-12,36.8,36.8,36.8,36.8,0.0,1,1
KE,2025-10-13,56.3,56.3,56.3,56.3,0.0,1,1
KE,2025-10-14,213.0,213.0,213.0,213.0,0.0,1,1
KE,2025-10-15,174.0,174.0,174.0,174.0,0.0,1,1
KE,2025-10-16,313.0,313.0,313.0,313.0,0.0,1,1
KE,2025-10-17,313.0,313.0,313.0,313.0,0.0,1,1
KE,2025-10-18,313.0,313.0,313.0,313.0,0.0,1,1
KE,2025-10-19,313.0,313.0,313.0,313.0,0.0,1,1
KE,2025-10-20,313.0,313.0,313.0,313.0,0.0,1,1
KE,2025-10-21,313.0,313.0,313.0,313.0,0.0,1,1
KE,2025-10-22,225.0,225.0,225.0,225.0,0.0,1,1
KE,2025-10-23,43.0,43.0,43.0,43.0,0.0,1,1
KE,2025-10-24,34.1,34.1,34.1,34.1,0.0,1,1
KE,2025-10-25,20.4,20.4,20.4,20.4,0.0,1,1
KE,2025-10-26,25.9,25.9,25.9,25.9,0.0,1,1
KE,2025-10-27,16.3,16.3,16.3,16.3,0.0,1,1
KE,2025-10-28,22.6,22.6,22.6,22.6,0.0,1,1
KE,2025-10-29,25.2,25.2,25.2,25.2,0.0,1,1
KE,2025-10-30,18.5,18.5,18.5,18.5,0.0,1,1
KE,2025-10-31,17.2,17.2,17.2,17.2,0.0,1,1
KE,2025-11-01,15.4,15.4,15.4,15.4,0.0,1,1
KE,2025-11-02,19.0,19.0,19.0,19.0,0.0,1,1
KE,2025-11-03,15.1,15.1,15.1,15.1,0.0,1,1
KE,2025-11-04,26.3,26.3,26.3,26.3,0.0,1,1
KE,2025-11-05,28.3,28.3,28.3,28.3,0.0,1,1
KE,2025-11-06,41.9,41.9,41.9,41.9,0.0,1,1
KE,2025-11-07,54.1,54.1,54.1,54.1,0.0,1,1
KE,2025-11-08,42.8,42.8,42.8,42.8,0.0,1,1
KE,2025-11-09,39.1,39.1,39.1,39.1,0.0,1,1
KE,2025-11-10,52.9,52.9,52.9,52.9,0.0,1,1
KE,2025-11-11,56.5,56.5,56.5,56.5,0.0,1,1
KE,2025-11-12,49.4,49.4,49.4,49.4,0.0,1,1
KE,2025-11-13,46.8,46.8,46.8,46.8,0.0,1,1
KE,2025-11-14,49.4,49.4,49.4,49.4,0.0,1,1
KE,2025-11-15,49.7,49.7,49.7,49.7,0.0,1,1
KE,2025-11-16,46.6,46.6,46.6,46.6,0.0,1,1
KE,2025-11-17,46.6,46.6,46.6,46.6,0.0,1,1
KE,2025-11-18,52.6,52.6,52.6,52.6,0.0,1,1
KE,2025-11-19,52.3,52.3,52.3,52.3,0.0,1,1
KE,2025-11-20,54.1,54.1,54.1,54.1,0.0,1,1
KE,2025-11-21,57.3,57.3,57.3,57.3,0.0,1,1
KE,2025-11-22,60.2,60.2,60.2,60.2,0.0,1,1
KE,2025-11-24,61.8,61.8,61.8,61.8,0.0,1,1
KE,2025-11-25,66.9,66.9,66.9,66.9,0.0,1,1
KE,2025-11-26,71.8,71.8,71.8,71.8,0.0,1,1
KE,2025-11-27,47.6,47.6,47.6,47.6,0.0,1,1
KE,2025-11-28,59.3,59.3,59.3,59.3,0.0,1,1
KE,2025-11-29,49.0,49.0,49.0,49.0,0.0,1,1
KE,2025-11-30,48.0,48.0,48.0,48.0,0.0,1,1
KE,2025-12-01,54.4,54.4,54.4,54.4,0.0,1,1
KE,2025-12-02,71.4,71.4,71.4,71.4,0.0,1,1
KE,2025-12-05,65.8,65.8,65.8,65.8,0.0,1,1
KE,2025-12-06,44.1,44.1,44.1,44.1,0.0,1,1
KE,2025-12-30,72.3,72.3,72.3,72.3,0.0,1,1
KE,2025-12-31,58.6,58.6,58.6,58.6,0.0,1,1
KE,2026-01-01,38.4,38.4,38.4,38.4,0.0,1,1
KE,2026-01-02,54.5,54.5,54.5,54.5,0.0,1,1
KE,2026-01-03,75.6,75.6,75.6,75.6,0.0,1,1
KE,2026-01-04,77.3,77.3,77.3,77.3,0.0,1,1
KE,2026-01-05,61.8,61.8,61.8,61.8,0.0,1,1
KE,2026-01-06,62.3,62.3,62.3,62.3,0.0,1,1
KE,2026-01-07,74.4,74.4,74.4,74.4,0.0,1,1
KE,2026-01-08,62.5,62.5,62.5,62.5,0.0,1,1
KE,2026-01-09,65.0,65.0,65.0,65.0,0.0,1,1
KE,2026-01-10,56.5,56.5,56.5,56.5,0.0,1,1
KE,2026-01-20,75.1,75.1,75.1,75.1,0.0,1,1
KE,2026-01-21,83.7,83.7,83.7,83.7,0.0,1,1
KE,2026-01-22,63.3,63.3,63.3,63.3,0.0,1,1
KE,2026-01-23,50.9,50.9,50.9,50.9,0.0,1,1
KE,2026-01-24,54.4,54.4,54.4,54.4,0.0,1,1
KE,2026-01-25,69.8,69.8,69.8,69.8,0.0,1,1
KE,2026-01-26,76.5,76.5,76.5,76.5,0.0,1,1
KE,2026-01-27,54.2,54.2,54.2,54.2,0.0,1,1
KE,2026-01-28,48.6,48.6,48.6,48.6,0.0,1,1
KE,2026-01-29,70.6,70.6,70.6,70.6,0.0,1,1
KE,2026-01-30,79.1,79.1,79.1,79.1,0.0,1,1
KE,2026-01-31,63.2,63.2,63.2,63.2,0.0,1,1
KE,2026-02-01,77.4,77.4,77.4,77.4,0.0,1,1
KE,2026-02-02,94.4,94.4,94.4,94.4,0.0,1,1
KE,2026-02-03,92.0,92.0,92.0,92.0,0.0,1,1
KE,2026-02-04,84.4,84.4,84.4,84.4,0.0,1,1
KE,2026-02-05,131.0,131.0,131.0,131.0,0.0,1,1
KE,2026-02-06,182.0,182.0,182.0,182.0,0.0,1,1
KE,2026-02-07,75.5,75.5,75.5,75.5,0.0,1,1
KE,2026-02-08,57.7,57.7,57.7,57.7,0.0,1,1
KE,2026-02-09,66.9,66.9,66.9,66.9,0.0,1,1
KE,2026-02-10,60.4,60.4,60.4,60.4,0.0,1,1
KE,2026-02-11,69.4,69.4,69.4,69.4,0.0,1,1
KE,2026-02-12,64.9,64.9,64.9,64.9,0.0,1,1
KE,2026-02-13,64.2,64.2,64.2,64.2,0.0,1,1
KE,2026-02-14,77.7,77.7,77.7,77.7,0.0,1,1
KE,2026-02-15,70.6,70.6,70.6,70.6,0.0,1,1
KE,2026-02-16,62.5,62.5,62.5,62.5,0.0,1,1
KE,2026-02-17,42.5,42.5,42.5,42.5,0.0,1,1
KE,2026-02-18,25.5,25.5,25.5,25.5,0.0,1,1
KE,2026-02-19,52.5,52.5,52.5,52.5,0.0,1,1
KE,2026-02-20,65.5,65.5,65.5,65.5,0.0,1,1
KE,2026-02-21,56.7,56.7,56.7,56.7,0.0,1,1
KE,2026-02-22,54.2,54.2,54.2,54.2,0.0,1,1
KE,2026-02-23,49.6,49.6,49.6,49.6,0.0,1,1
KE,2026-02-24,47.7,47.7,47.7,47.7,0.0,1,1
KE,2026-02-25,40.7,40.7,40.7,40.7,0.0,1,1
KE,2026-02-26,25.3,25.3,25.3,25.3,0.0,1,1
KE,2026-02-27,23.2,23.2,23.2,23.2,0.0,1,1
KE,2026-02-28,30.2,30.2,30.2,30.2,0.0,1,1
KE,2026-03-01,29.2,29.2,29.2,29.2,0.0,1,1
KE,2026-03-02,33.0,33.0,33.0,33.0,0.0,1,1
KE,2026-03-03,57.3,57.3,57.3,57.3,0.0,1,1
KE,2026-03-04,195.0,195.0,195.0,195.0,0.0,1,1
KE,2026-03-05,104.0,104.0,104.0,104.0,0.0,1,1
KE,2026-03-06,247.0,247.0,247.0,247.0,0.0,1,1
KE,2026-03-07,298.0,298.0,298.0,298.0,0.0,1,1
KE,2026-03-23,145.0,145.0,145.0,145.0,0.0,1,1
KE,2026-03-24,57.9,57.9,57.9,57.9,0.0,1,1
KE,2026-03-25,43.3,43.3,43.3,43.3,0.0,1,1
KE,2026-03-26,50.4,50.4,50.4,50.4,0.0,1,1
KE,2026-03-27,54.7,54.7,54.7,54.7,0.0,1,1
KE,2026-03-28,31.1,31.1,31.1,31.1,0.0,1,1
KE,2026-03-29,21.1,21.1,21.1,21.1,0.0,1,1
KE,2026-03-30,24.9,24.9,24.9,24.9,0.0,1,1
KE,2026-03-31,21.1,21.1,21.1,21.1,0.0,1,1
KE,2026-04-01,30.2,30.2,30.2,30.2,0.0,1,1
KE,2026-04-02,28.9,28.9,28.9,28.9,0.0,1,1
KE,2026-04-03,37.4,37.4,37.4,37.4,0.0,1,1
KE,2026-04-04,28.1,28.1,28.1,28.1,0.0,1,1
KE,2026-04-05,25.8,25.8,25.8,25.8,0.0,1,1
KE,2026-04-06,23.5,23.5,23.5,23.5,0.0,1,1
KE,2026-04-07,25.8,25.8,25.8,25.8,0.0,1,1
KE,2026-04-08,26.4,26.4,26.4,26.4,0.0,1,1
KE,2026-04-09,40.5,40.5,40.5,40.5,0.0,1,1
KE,2026-04-10,58.9,58.9,58.9,58.9,0.0,1,1
KE,2026-04-11,52.3,52.3,52.3,52.3,0.0,1,1
KE,2026-04-12,44.7,44.7,44.7,44.7,0.0,1,1
KE,2026-04-13,36.1,36.1,36.1,36.1,0.0,1,1
KE,2026-04-14,49.3,49.3,49.3,49.3,0.0,1,1
KE,2026-04-15,32.7,32.7,32.7,32.7,0.0,1,1
KE,2026-04-16,27.7,27.7,27.7,27.7,0.0,1,1
KE,2026-04-17,30.4,30.4,30.4,30.4,0.0,1,1
KE,2026-04-18,34.9,34.9,34.9,34.9,0.0,1,1
KE,2026-04-19,35.4,35.4,35.4,35.4,0.0,1,1
KE,2026-04-20,29.2,29.2,29.2,29.2,0.0,1,1
KE,2026-04-21,64.0,64.0,64.0,64.0,0.0,1,1
KE,2026-04-22,30.6,30.6,30.6,30.6,0.0,1,1
KE,2026-04-23,38.6,38.6,38.6,38.6,0.0,1,1
KE,2026-04-24,35.3,35.3,35.3,35.3,0.0,1,1
KE,2026-04-25,39.5,39.5,39.5,39.5,0.0,1,1
KE,2026-04-26,32.3,32.3,32.3,32.3,0.0,1,1
KE,2026-04-27,26.8,26.8,26.8,26.8,0.0,1,1
KE,2026-04-28,27.1,27.1,27.1,27.1,0.0,1,1
KE,2026-04-29,24.0,24.0,24.0,24.0,0.0,1,1
KE,2026-04-30,18.0,18.0,18.0,18.0,0.0,1,1
KE,2026-05-01,16.1,16.1,16.1,16.1,0.0,1,1
KE,2026-05-02,16.6,16.6,16.6,16.6,0.0,1,1
KE,2026-05-03,18.1,18.1,18.1,18.1,0.0,1,1
KE,2026-05-04,17.5,17.5,17.5,17.5,0.0,1,1
KE,2026-05-05,19.4,19.4,19.4,19.4,0.0,1,1
KE,2026-05-06,31.7,31.7,31.7,31.7,0.0,1,1
KE,2026-05-07,31.5,31.5,31.5,31.5,0.0,1,1
KE,2026-05-08,32.5,32.5,32.5,32.5,0.0,1,1
KE,2026-05-09,30.7,30.7,30.7,30.7,0.0,1,1
KE,2026-05-10,28.7,28.7,28.7,28.7,0.0,1,1
KE,2026-05-11,28.2,28.2,28.2,28.2,0.0,1,1
KE,2026-05-12,22.7,22.7,22.7,22.7,0.0,1,1
KE,2026-05-13,18.9,18.9,18.9,18.9,0.0,1,1
KE,2026-05-14,19.6,19.6,19.6,19.6,0.0,1,1
KE,2026-05-15,18.9,18.9,18.9,18.9,0.0,1,1
KE,2026-05-16,18.2,18.2,18.2,18.2,0.0,1,1
KE,2026-05-17,18.3,18.3,18.3,18.3,0.0,1,1
KE,2026-05-18,20.1,20.1,20.1,20.1,0.0,1,1
KE,2026-05-19,19.8,19.8,19.8,19.8,0.0,1,1
KE,2026-05-20,14.5,14.5,14.5,14.5,0.0,1,1
KE,2026-05-21,15.7,15.7,15.7,15.7,0.0,1,1
KE,2026-05-22,15.0,15.0,15.0,15.0,0.0,1,1
KE,2026-05-23,8.69,8.69,8.69,8.69,0.0,1,1
KE,2026-05-24,11.4,11.4,11.4,11.4,0.0,1,1
KE,2026-05-25,14.1,14.1,14.1,14.1,0.0,1,1
KE,2026-05-26,13.3,13.3,13.3,13.3,0.0,1,1
KE,2026-05-27,13.9,13.9,13.9,13.9,0.0,1,1
KE,2026-05-28,13.9,13.9,13.9,13.9,0.0,1,1
KE,2026-05-29,14.2,14.2,14.2,14.2,0.0,1,1
KE,2026-05-30,15.4,15.4,15.4,15.4,0.0,1,1
KE,2026-05-31,14.4,14.4,14.4,14.4,0.0,1,1
KE,2026-06-01,13.2,13.2,13.2,13.2,0.0,1,1
KE,2026-06-02,36.0,36.0,36.0,36.0,0.0,1,1
KE,2026-06-03,16.2,16.2,16.2,16.2,0.0,1,1
KE,2026-06-04,15.7,15.7,15.7,15.7,0.0,1,1
KE,2026-06-05,18.0,18.0,18.0,18.0,0.0,1,1
KE,2026-06-06,19.5,19.5,19.5,19.5,0.0,1,1
KE,2026-06-07,20.4,20.4,20.4,20.4,0.0,1,1
KE,2026-06-08,19.0,19.0,19.0,19.0,0.0,1,1
KE,2026-06-09,21.9,21.9,21.9,21.9,0.0,1,1
KE,2026-06-10,21.4,21.4,21.4,21.4,0.0,1,1
KE,2026-06-11,20.4,20.4,20.4,20.4,0.0,1,1
KE,2026-06-12,19.3,19.3,19.3,19.3,0.0,1,1
KE,2026-06-13,19.6,19.6,19.6,19.6,0.0,1,1
KE,2026-06-14,17.7,17.7,17.7,17.7,0.0,1,1
KE,2026-06-15,17.2,17.2,17.2,17.2,0.0,1,1
KE,2026-06-16,16.7,16.7,16.7,16.7,0.0,1,1
KE,2026-06-17,15.7,15.7,15.7,15.7,0.0,1,1
KE,2026-06-18,15.2,15.2,15.2,15.2,0.0,1,1
KE,2026-06-19,12.1,12.1,12.1,12.1,0.0,1,1
KE,2026-06-20,12.3,12.3,12.3,12.3,0.0,1,1
KE,2026-06-22,298.0,298.0,298.0,298.0,0.0,1,1
KE,2026-06-23,298.0,298.0,298.0,298.0,0.0,1,1
KE,2026-06-25,298.0,298.0,298.0,298.0,0.0,1,1
KE,2026-06-26,298.0,298.0,298.0,298.0,0.0,1,1
KE,2026-08-13,18.2,18.2,18.2,18.2,0.0,1,1
KE,2026-08-14,21.2,21.2,21.2,21.2,0.0,1,1
KE,2026-08-15,16.5,16.5,16.5,16.5,0.0,1,1
KE,2026-08-16,17.1,17.1,17.1,17.1,0.0,1,1
KE,2026-08-17,18.8,18.8,18.8,18.8,0.0,1,1
KE,2026-08-18,18.3,18.3,18.3,18.3,0.0,1,1
KE,2026-08-19,19.1,19.1,19.1,19.1,0.0,1,1
KE,2026-08-20,18.5,18.5,18.5,18.5,0.0,1,1
KE,2026-08-21,19.1,19.1,19.1,19.1,0.0,1,1
KE,2026-08-22,15.3,15.3,15.3,15.3,0.0,1,1
KE,2026-08-23,15.9,15.9,15.9,15.9,0.0,1,1
KE,2026-08-24,16.1,16.1,16.1,16.1,0.0,1,1
KE,2026-08-25,20.9,20.9,20.9,20.9,0.0,1,1
KE,2026-08-26,20.4,20.4,20.4,20.4,0.0,1,1
KE,2026-08-27,18.1,18.1,18.1,18.1,0.0,1,1
KE,2026-08-28,11.0,11.0,11.0,11.0,0.0,1,1
KE,2026-08-29,12.7,12.7,12.7,12.7,0.0,1,1
KE,2026-08-30,14.0,14.0,14.0,14.0,0.0,1,1
KE,2026-08-31,13.8,13.8,13.8,13.8,0.0,1,1
KE,2026-09-01,14.4,14.4,14.4,14.4,0.0,1,1
KE,2026-09-02,12.3,12.3,12.3,12.3,0.0,1,1
KE,2026-09-03,14.7,14.7,14.7,14.7,0.0,1,1
KE,2026-09-04,15.6,15.6,15.6,15.6,0.0,1,1
KE,2026-09-05,13.1,13.1,13.1,13.1,0.0,1,1
KE,2026-09-06,14.6,14.6,14.6,14.6,0.0,1,1
KE,2026-09-07,17.5,17.5,17.5,17.5,0.0,1,1
KE,2026-09-08,17.5,17.5,17.5,17.5,0.0,1,1
KE,2026-09-09,17.5,17.5,17.5,17.5,0.0,1,1
KE,2026-09-10,17.6,17.6,17.6,17.6,0.0,1,1
KE,2026-09-11,16.7,16.7,16.7,16.7,0.0,1,1
KE,2026-09-12,15.1,15.1,15.1,15.1,0.0,1,1
KE,2026-09-13,9.75,9.75,9.75,9.75,0.0,1,1
KE,2026-09-14,9.92,9.92,9.92,9.92,0.0,1,1
KE,2026-09-15,12.6,12.6,12.6,12.6,0.0,1,1
KE,2026-09-16,12.3,12.3,12.3,12.3,0.0,1,1
KE,2026-09-17,14.1,14.1,14.1,14.1,0.0,1,1
KW,2025-02-19,47.6,47.6,47.6,47.6,0.0,1,1
KW,2025-02-20,45.1,45.1,45.1,45.1,0.0,1,1
KW,2025-02-21,37.7,37.7,37.7,37.7,0.0,1,1
KW,2025-02-22,42.6,42.6,42.6,42.6,0.0,1,1
KW,2025-02-23,48.8,48.8,48.8,48.8,0.0,1,1
KW,2025-02-24,36.5,36.5,36.5,36.5,0.0,1,1
KW,2025-02-25,372.0,372.0,372.0,372.0,0.0,1,1
KW,2025-02-26,60.0,60.0,60.0,60.0,0.0,1,1
KW,2025-02-27,63.2,63.2,63.2,63.2,0.0,1,1
KW,2025-02-28,60.9,60.9,60.9,60.9,0.0,1,1
KW,2025-03-01,32.7,32.7,32.7,32.7,0.0,1,1
KW,2025-03-02,34.3,34.3,34.3,34.3,0.0,1,1
KW,2025-03-03,37.2,37.2,37.2,37.2,0.0,1,1
KW,2025-03-04,36.2,36.2,36.2,36.2,0.0,1,1
KW,2025-03-05,29.6,29.6,29.6,29.6,0.0,1,1
KW,2025-03-06,36.1,36.1,36.1,36.1,0.0,1,1
KW,2025-03-07,50.8,50.8,50.8,50.8,0.0,1,1
KW,2025-03-08,47.4,47.4,47.4,47.4,0.0,1,1
KW,2025-03-09,29.6,29.6,29.6,29.6,0.0,1,1
KW,2025-03-10,56.6,56.6,56.6,56.6,0.0,1,1
KW,2025-03-11,75.6,75.6,75.6,75.6,0.0,1,1
KW,2025-03-12,56.7,56.7,56.7,56.7,0.0,1,1
KW,2025-03-13,50.7,50.7,50.7,50.7,0.0,1,1
KW,2025-03-14,50.7,50.7,50.7,50.7,0.0,1,1
KW,2025-03-15,17.8,17.8,17.8,17.8,0.0,1,1
KW,2025-03-16,22.8,22.8,22.8,22.8,0.0,1,1
KW,2025-03-17,27.9,27.9,27.9,27.9,0.0,1,1
KW,2025-03-18,19.9,19.9,19.9,19.9,0.0,1,1
KW,2025-03-19,23.0,23.0,23.0,23.0,0.0,1,1
KW,2025-03-20,28.3,28.3,28.3,28.3,0.0,1,1
KW,2025-03-21,17.1,17.1,17.1,17.1,0.0,1,1
KW,2025-03-22,13.9,13.9,13.9,13.9,0.0,1,1
KW,2025-03-23,24.7,24.7,24.7,24.7,0.0,1,1
KW,2025-03-24,36.1,36.1,36.1,36.1,0.0,1,1
KW,2025-03-25,36.8,36.8,36.8,36.8,0.0,1,1
KW,2025-03-26,18.1,18.1,18.1,18.1,0.0,1,1
KW,2025-03-27,14.8,14.8,14.8,14.8,0.0,1,1
KW,2025-03-28,52.6,52.6,52.6,52.6,0.0,1,1
KW,2025-03-29,40.4,40.4,40.4,40.4,0.0,1,1
KW,2025-03-30,37.4,37.4,37.4,37.4,0.0,1,1
KW,2025-03-31,25.7,25.7,25.7,25.7,0.0,1,1
KW,2025-04-01,29.9,29.9,29.9,29.9,0.0,1,1
KW,2025-04-02,45.6,45.6,45.6,45.6,0.0,1,1
KW,2025-04-03,24.4,24.4,24.4,24.4,0.0,1,1
KW,2025-04-04,25.9,25.9,25.9,25.9,0.0,1,1
KW,2025-04-05,27.7,27.7,27.7,27.7,0.0,1,1
KW,2025-04-06,24.8,24.8,24.8,24.8,0.0,1,1
KW,2025-04-07,310.0,310.0,310.0,310.0,0.0,1,1
KW,2025-04-08,407.0,407.0,407.0,407.0,0.0,1,1
KW,2025-04-09,22.4,22.4,22.4,22.4,0.0,1,1
KW,2025-04-11,13.6,13.6,13.6,13.6,0.0,1,1
KW,2025-04-12,14.5,14.5,14.5,14.5,0.0,1,1
KW,2025-04-13,15.0,15.0,15.0,15.0,0.0,1,1
KW,2025-04-14,17.0,17.0,17.0,17.0,0.0,1,1
KW,2025-04-15,17.8,17.8,17.8,17.8,0.0,1,1
KW,2025-04-16,13.7,13.7,13.7,13.7,0.0,1,1
KW,2025-04-17,11.3,11.3,11.3,11.3,0.0,1,1
KW,2025-04-18,10.0,10.0,10.0,10.0,0.0,1,1
KW,2025-04-19,9.42,9.42,9.42,9.42,0.0,1,1
KW,2025-04-21,13.9,13.9,13.9,13.9,0.0,1,1
KW,2025-04-22,22.1,22.1,22.1,22.1,0.0,1,1
KW,2025-04-23,22.4,22.4,22.4,22.4,0.0,1,1
KW,2025-04-24,14.0,14.0,14.0,14.0,0.0,1,1
KW,2025-04-25,14.3,14.3,14.3,14.3,0.0,1,1
KW,2025-04-26,13.3,13.3,13.3,13.3,0.0,1,1
KW,2025-04-27,16.2,16.2,16.2,16.2,0.0,1,1
KW,2025-04-28,14.4,14.4,14.4,14.4,0.0,1,1
KW,2025-04-29,14.7,14.7,14.7,14.7,0.0,1,1
KW,2025-04-30,12.5,12.5,12.5,12.5,0.0,1,1
KW,2025-05-01,10.7,10.7,10.7,10.7,0.0,1,1
KW,2025-05-02,10.9,10.9,10.9,10.9,0.0,1,1
KW,2025-05-03,9.62,9.62,9.62,9.62,0.0,1,1
KW,2025-05-05,12.2,12.2,12.2,12.2,0.0,1,1
KW,2025-05-06,12.8,12.8,12.8,12.8,0.0,1,1
KW,2025-05-07,13.1,13.1,13.1,13.1,0.0,1,1
KW,2025-05-08,8.37,8.37,8.37,8.37,0.0,1,1
KW,2025-05-09,35.7,35.7,35.7,35.7,0.0,1,1
KW,2025-05-10,13.7,13.7,13.7,13.7,0.0,1,1
KW,2025-05-11,9.23,9.23,9.23,9.23,0.0,1,1
KW,2025-05-12,8.05,8.05,8.05,8.05,0.0,1,1
KW,2025-05-13,10.4,10.4,10.4,10.4,0.0,1,1
KW,2025-05-14,17.8,17.8,17.8,17.8,0.0,1,1
KW,2025-05-15,22.7,22.7,22.7,22.7,0.0,1,1
KW,2025-05-16,10.5,10.5,10.5,10.5,0.0,1,1
KW,2025-05-17,15.1,15.1,15.1,15.1,0.0,1,1
KW,2025-05-18,10.9,10.9,10.9,10.9,0.0,1,1
KW,2025-05-19,40.9,40.9,40.9,40.9,0.0,1,1
KW,2025-05-20,14.0,14.0,14.0,14.0,0.0,1,1
KW,2025-05-21,67.2,67.2,67.2,67.2,0.0,1,1
KW,2025-05-22,11.2,11.2,11.2,11.2,0.0,1,1
KW,2025-05-23,24.2,24.2,24.2,24.2,0.0,1,1
KW,2025-05-24,25.8,25.8,25.8,25.8,0.0,1,1
KW,2025-05-25,17.2,17.2,17.2,17.2,0.0,1,1
KW,2025-05-26,17.9,17.9,17.9,17.9,0.0,1,1
KW,2025-05-27,178.0,178.0,178.0,178.0,0.0,1,1
KW,2025-05-28,13.2,13.2,13.2,13.2,0.0,1,1
KW,2025-05-29,12.8,12.8,12.8,12.8,0.0,1,1
KW,2025-05-30,9.68,9.68,9.68,9.68,0.0,1,1
KW,2025-05-31,9.2,9.2,9.2,9.2,0.0,1,1
KW,2025-06-01,8.06,8.06,8.06,8.06,0.0,1,1
KW,2025-06-02,8.76,8.76,8.76,8.76,0.0,1,1
KW,2025-06-03,7.23,7.23,7.23,7.23,0.0,1,1
KW,2025-06-04,8.7,8.7,8.7,8.7,0.0,1,1
KW,2025-06-05,18.8,18.8,18.8,18.8,0.0,1,1
KW,2025-06-06,17.2,17.2,17.2,17.2,0.0,1,1
KW,2025-06-07,8.93,8.93,8.93,8.93,0.0,1,1
KW,2025-06-08,16.3,16.3,16.3,16.3,0.0,1,1
KW,2025-06-09,10.3,10.3,10.3,10.3,0.0,1,1
KW,2025-06-10,7.22,7.22,7.22,7.22,0.0,1,1
KW,2025-06-11,4.62,4.62,4.62,4.62,0.0,1,1
KW,2025-06-12,4.62,4.62,4.62,4.62,0.0,1,1
KW,2025-06-13,8.83,8.83,8.83,8.83,0.0,1,1
KW,2025-06-14,9.35,9.35,9.35,9.35,0.0,1,1
KW,2025-06-15,12.2,12.2,12.2,12.2,0.0,1,1
KW,2025-06-16,3.67,3.67,3.67,3.67,0.0,1,1
KW,2025-06-17,38.8,38.8,38.8,38.8,0.0,1,1
KW,2025-06-18,5.94,5.94,5.94,5.94,0.0,1,1
KW,2025-06-19,6.92,6.92,6.92,6.92,0.0,1,1
KW,2025-06-20,6.51,6.51,6.51,6.51,0.0,1,1
KW,2025-06-21,8.89,8.89,8.89,8.89,0.0,1,1
KW,2025-06-22,8.02,8.02,8.02,8.02,0.0,1,1
KW,2025-06-23,10.4,10.4,10.4,10.4,0.0,1,1
KW,2025-06-24,9.81,9.81,9.81,9.81,0.0,1,1
KW,2025-06-25,12.0,12.0,12.0,12.0,0.0,1,1
KW,2025-06-26,9.93,9.93,9.93,9.93,0.0,1,1
KW,2025-06-27,11.1,11.1,11.1,11.1,0.0,1,1
KW,2025-06-28,13.2,13.2,13.2,13.2,0.0,1,1
KW,2025-06-29,8.88,8.88,8.88,8.88,0.0,1,1
KW,2025-06-30,8.22,8.22,8.22,8.22,0.0,1,1
KW,2025-07-01,8.85,8.85,8.85,8.85,0.0,1,1
KW,2025-07-02,8.78,8.78,8.78,8.78,0.0,1,1
KW,2025-07-03,8.96,8.96,8.96,8.96,0.0,1,1
KW,2025-07-04,8.47,8.47,8.47,8.47,0.0,1,1
KW,2025-07-07,10.5,10.5,10.5,10.5,0.0,1,1
KW,2025-07-08,9.88,9.88,9.88,9.88,0.0,1,1
KW,2025-07-09,10.1,10.1,10.1,10.1,0.0,1,1
KW,2025-07-10,11.7,11.7,11.7,11.7,0.0,1,1
KW,2025-07-11,10.3,10.3,10.3,10.3,0.0,1,1
KW,2025-07-12,10.1,10.1,10.1,10.1,0.0,1,1
KW,2025-07-13,7.3,7.3,7.3,7.3,0.0,1,1
KW,2025-07-14,5.77,5.77,5.77,5.77,0.0,1,1
KW,2025-07-15,7.25,7.25,7.25,7.25,0.0,1,1
KW,2025-07-16,9.46,9.46,9.46,9.46,0.0,1,1
KW,2025-07-17,9.85,9.85,9.85,9.85,0.0,1,1
KW,2025-07-18,9.11,9.11,9.11,9.11,0.0,1,1
KW,2025-08-12,141.0,141.0,141.0,141.0,0.0,1,1
KW,2025-08-13,11.5,11.5,11.5,11.5,0.0,1,1
KW,2025-08-14,10.1,10.1,10.1,10.1,0.0,1,1
KW,2025-08-15,6.37,6.37,6.37,6.37,0.0,1,1
KW,2025-08-16,6.38,6.38,6.38,6.38,0.0,1,1
KW,2025-08-17,8.66,8.66,8.66,8.66,0.0,1,1
KW,2025-08-18,4.68,4.68,4.68,4.68,0.0,1,1
KW,2025-08-19,2.12,2.12,2.12,2.12,0.0,1,1
KW,2025-08-21,496.0,496.0,496.0,496.0,0.0,1,1
KW,2025-08-22,5.33,5.33,5.33,5.33,0.0,1,1
KW,2025-08-23,3.4,3.4,3.4,3.4,0.0,1,1
KW,2025-08-24,3.03,3.03,3.03,3.03,0.0,1,1
KW,2025-08-25,150.0,150.0,150.0,150.0,0.0,1,1
KW,2025-08-26,8.8,8.8,8.8,8.8,0.0,1,1
KW,2025-08-27,9.96,9.96,9.96,9.96,0.0,1,1
KW,2025-08-28,13.1,13.1,13.1,13.1,0.0,1,1
KW,2025-08-29,12.9,12.9,12.9,12.9,0.0,1,1
KW,2025-08-30,13.1,13.1,13.1,13.1,0.0,1,1
KW,2025-09-10,15.0,15.0,15.0,15.0,0.0,1,1
KW,2025-09-15,18.2,18.2,18.2,18.2,0.0,1,1
KW,2025-09-16,21.9,21.9,21.9,21.9,0.0,1,1
KW,2025-09-17,7.6,7.6,7.6,7.6,0.0,1,1
KW,2025-09-18,8.0,8.0,8.0,8.0,0.0,1,1
KW,2025-09-19,11.0,11.0,11.0,11.0,0.0,1,1
KW,2025-09-20,13.2,13.2,13.2,13.2,0.0,1,1
KW,2025-09-21,8.26,8.26,8.26,8.26,0.0,1,1
KW,2025-09-22,19.0,19.0,19.0,19.0,0.0,1,1
KW,2025-09-26,12.2,12.2,12.2,12.2,0.0,1,1
KW,2025-09-27,50.7,50.7,50.7,50.7,0.0,1,1
KW,2025-09-28,9.43,9.43,9.43,9.43,0.0,1,1
KW,2025-09-29,12.8,12.8,12.8,12.8,0.0,1,1
KW,2025-09-30,12.2,12.2,12.2,12.2,0.0,1,1
KW,2025-10-01,11.1,11.1,11.1,11.1,0.0,1,1
KW,2025-10-02,9.59,9.59,9.59,9.59,0.0,1,1
KW,2025-10-03,7.49,7.49,7.49,7.49,0.0,1,1
KW,2025-10-04,8.33,8.33,8.33,8.33,0.0,1,1
KW,2025-10-06,8.2,8.2,8.2,8.2,0.0,1,1
KW,2025-10-07,8.84,8.84,8.84,8.84,0.0,1,1
KW,2025-10-08,17.2,17.2,17.2,17.2,0.0,1,1
KW,2025-10-09,38.6,38.6,38.6,38.6,0.0,1,1
KW,2025-10-10,53.3,53.3,53.3,53.3,0.0,1,1
KW,2025-10-11,60.7,60.7,60.7,60.7,0.0,1,1
KW,2025-10-12,60.9,60.9,60.9,60.9,0.0,1,1
KW,2025-10-13,56.9,56.9,56.9,56.9,0.0,1,1
KW,2025-10-14,55.3,55.3,55.3,55.3,0.0,1,1
KW,2025-10-15,63.4,63.4,63.4,63.4,0.0,1,1
KW,2025-10-16,49.5,49.5,49.5,49.5,0.0,1,1
KW,2025-10-17,36.6,36.6,36.6,36.6,0.0,1,1
KW,2025-10-18,63.0,63.0,63.0,63.0,0.0,1,1
KW,2025-10-19,105.0,105.0,105.0,105.0,0.0,1,1
KW,2025-10-20,110.0,110.0,110.0,110.0,0.0,1,1
KW,2025-10-21,49.5,49.5,49.5,49.5,0.0,1,1
KW,2025-10-22,29.3,29.3,29.3,29.3,0.0,1,1
KW,2025-10-23,22.2,22.2,22.2,22.2,0.0,1,1
KW,2025-10-24,10.6,10.6,10.6,10.6,0.0,1,1
KW,2025-10-25,14.4,14.4,14.4,14.4,0.0,1,1
KW,2025-10-26,25.2,25.2,25.2,25.2,0.0,1,1
KW,2025-10-27,19.0,19.0,19.0,19.0,0.0,1,1
KW,2025-10-28,38.8,38.8,38.8,38.8,0.0,1,1
KW,2025-10-29,42.9,42.9,42.9,42.9,0.0,1,1
KW,2025-10-30,33.9,33.9,33.9,33.9,0.0,1,1
KW,2025-10-31,29.5,29.5,29.5,29.5,0.0,1,1
KW,2025-11-01,28.8,28.8,28.8,28.8,0.0,1,1
KW,2025-11-02,24.5,24.5,24.5,24.5,0.0,1,1
KW,2025-11-03,26.8,26.8,26.8,26.8,0.0,1,1
KW,2025-11-05,35.9,35.9,35.9,35.9,0.0,1,1
KW,2025-11-06,74.3,74.3,74.3,74.3,0.0,1,1
KW,2025-11-07,73.9,73.9,73.9,73.9,0.0,1,1
KW,2025-11-09,26.5,26.5,26.5,26.5,0.0,1,1
KW,2025-11-10,37.1,37.1,37.1,37.1,0.0,1,1
KW,2025-11-11,408.0,408.0,408.0,408.0,0.0,1,1
KW,2025-11-12,311.0,311.0,311.0,311.0,0.0,1,1
KW,2025-11-13,37.5,37.5,37.5,37.5,0.0,1,1
KW,2025-11-14,42.4,42.4,42.4,42.4,0.0,1,1
KW,2025-11-15,42.1,42.1,42.1,42.1,0.0,1,1
KW,2025-11-16,40.3,40.3,40.3,40.3,0.0,1,1
KW,2025-11-17,48.2,48.2,48.2,48.2,0.0,1,1
KW,2025-11-18,49.4,49.4,49.4,49.4,0.0,1,1
KW,2025-11-19,50.0,50.0,50.0,50.0,0.0,1,1
KW,2025-11-20,50.2,50.2,50.2,50.2,0.0,1,1
KW,2025-11-21,51.1,51.1,51.1,51.1,0.0,1,1
KW,2025-11-22,58.1,58.1,58.1,58.1,0.0,1,1
KW,2025-11-23,59.8,59.8,59.8,59.8,0.0,1,1
KW,2025-11-24,64.2,64.2,64.2,64.2,0.0,1,1
KW,2025-11-25,72.6,72.6,72.6,72.6,0.0,1,1
KW,2025-11-26,82.2,82.2,82.2,82.2,0.0,1,1
KW,2025-11-27,62.2,62.2,62.2,62.2,0.0,1,1
KW,2025-11-28,56.8,56.8,56.8,56.8,0.0,1,1
KW,2025-11-29,43.7,43.7,43.7,43.7,0.0,1,1
KW,2025-11-30,37.2,37.2,37.2,37.2,0.0,1,1
KW,2025-12-01,49.4,49.4,49.4,49.4,0.0,1,1
KW,2025-12-02,49.0,49.0,49.0,49.0,0.0,1,1
KW,2025-12-03,50.9,50.9,50.9,50.9,0.0,1,1
KW,2025-12-04,61.3,61.3,61.3,61.3,0.0,1,1
KW,2025-12-05,56.2,56.2,56.2,56.2,0.0,1,1
KW,2025-12-06,54.1,54.1,54.1,54.1,0.0,1,1
KW,2025-12-07,45.7,45.7,45.7,45.7,0.0,1,1
KW,2025-12-08,68.9,68.9,68.9,68.9,0.0,1,1
KW,2025-12-09,53.2,53.2,53.2,53.2,0.0,1,1
KW,2025-12-10,42.2,42.2,42.2,42.2,0.0,1,1
KW,2025-12-11,46.4,46.4,46.4,46.4,0.0,1,1
KW,2025-12-12,76.7,76.7,76.7,76.7,0.0,1,1
KW,2025-12-13,73.2,73.2,73.2,73.2,0.0,1,1
KW,2025-12-14,82.9,82.9,82.9,82.9,0.0,1,1
KW,2025-12-15,72.9,72.9,72.9,72.9,0.0,1,1
KW,2025-12-16,59.8,59.8,59.8,59.8,0.0,1,1
KW,2025-12-17,51.7,51.7,51.7,51.7,0.0,1,1
KW,2025-12-18,51.5,51.5,51.5,51.5,0.0,1,1
KW,2025-12-19,36.7,36.7,36.7,36.7,0.0,1,1
KW,2025-12-22,123.0,123.0,123.0,123.0,0.0,1,1
KW,2025-12-23,28.5,28.5,28.5,28.5,0.0,1,1
KW,2025-12-24,22.6,22.6,22.6,22.6,0.0,1,1
KW,2025-12-25,38.6,38.6,38.6,38.6,0.0,1,1
KW,2025-12-26,54.2,54.2,54.2,54.2,0.0,1,1
KW,2025-12-27,49.1,49.1,49.1,49.1,0.0,1,1
KW,2025-12-28,55.5,55.5,55.5,55.5,0.0,1,1
KW,2025-12-29,54.2,54.2,54.2,54.2,0.0,1,1
KW,2025-12-30,57.4,57.4,57.4,57.4,0.0,1,1
KW,2025-12-31,52.2,52.2,52.2,52.2,0.0,1,1
KW,2026-01-01,32.6,32.6,32.6,32.6,0.0,1,1
KW,2026-01-02,48.6,48.6,48.6,48.6,0.0,1,1
KW,2026-01-03,53.4,53.4,53.4,53.4,0.0,1,1
KW,2026-01-04,73.6,73.6,73.6,73.6,0.0,1,1
KW,2026-01-05,60.7,60.7,60.7,60.7,0.0,1,1
KW,2026-01-06,64.8,64.8,64.8,64.8,0.0,1,1
KW,2026-01-07,62.1,62.1,62.1,62.1,0.0,1,1
KW,2026-01-08,48.8,48.8,48.8,48.8,0.0,1,1
KW,2026-01-09,46.3,46.3,46.3,46.3,0.0,1,1
KW,2026-01-10,47.0,47.0,47.0,47.0,0.0,1,1
KW,2026-01-20,44.5,44.5,44.5,44.5,0.0,1,1
KW,2026-01-21,56.9,56.9,56.9,56.9,0.0,1,1
KW,2026-01-22,52.0,52.0,52.0,52.0,0.0,1,1
KW,2026-01-23,33.3,33.3,33.3,33.3,0.0,1,1
KW,2026-01-24,29.6,29.6,29.6,29.6,0.0,1,1
KW,2026-01-26,71.5,71.5,71.5,71.5,0.0,1,1
KW,2026-01-27,26.4,26.4,26.4,26.4,0.0,1,1
KW,2026-01-29,31.1,31.1,31.1,31.1,0.0,1,1
KW,2026-01-30,58.9,58.9,58.9,58.9,0.0,1,1
KW,2026-01-31,59.4,59.4,59.4,59.4,0.0,1,1
KW,2026-02-02,57.9,57.9,57.9,57.9,0.0,1,1
KW,2026-02-03,61.4,61.4,61.4,61.4,0.0,1,1
KW,2026-02-04,50.3,50.3,50.3,50.3,0.0,1,1
KW,2026-02-05,53.6,53.6,53.6,53.6,0.0,1,1
KW,2026-02-06,47.7,47.7,47.7,47.7,0.0,1,1
KW,2026-02-07,45.0,45.0,45.0,45.0,0.0,1,1
KW,2026-02-08,42.0,42.0,42.0,42.0,0.0,1,1
KW,2026-02-09,47.8,47.8,47.8,47.8,0.0,1,1
KW,2026-02-10,40.0,40.0,40.0,40.0,0.0,1,1
KW,2026-02-11,45.1,45.1,45.1,45.1,0.0,1,1
KW,2026-02-12,49.3,49.3,49.3,49.3,0.0,1,1
KW,2026-02-13,45.1,45.1,45.1,45.1,0.0,1,1
KW,2026-02-14,49.5,49.5,49.5,49.5,0.0,1,1
KW,2026-02-19,39.7,39.7,39.7,39.7,0.0,1,1
KW,2026-02-20,99.6,99.6,99.6,99.6,0.0,1,1
KW,2026-02-21,55.2,55.2,55.2,55.2,0.0,1,1
KW,2026-02-22,49.6,49.6,49.6,49.6,0.0,1,1
KW,2026-02-23,42.3,42.3,42.3,42.3,0.0,1,1
KW,2026-02-24,41.5,41.5,41.5,41.5,0.0,1,1
KW,2026-02-25,18.5,18.5,18.5,18.5,0.0,1,1
KW,2026-02-26,13.1,13.1,13.1,13.1,0.0,1,1
KW,2026-02-27,8.22,8.22,8.22,8.22,0.0,1,1
KW,2026-02-28,10.7,10.7,10.7,10.7,0.0,1,1
KW,2026-03-01,13.8,13.8,13.8,13.8,0.0,1,1
KW,2026-03-02,19.8,19.8,19.8,19.8,0.0,1,1
KW,2026-03-03,53.5,53.5,53.5,53.5,0.0,1,1
KW,2026-03-04,33.3,33.3,33.3,33.3,0.0,1,1
KW,2026-03-05,22.4,22.4,22.4,22.4,0.0,1,1
KW,2026-03-10,36.4,36.4,36.4,36.4,0.0,1,1
KW,2026-03-11,34.7,34.7,34.7,34.7,0.0,1,1
KW,2026-03-12,32.1,32.1,32.1,32.1,0.0,1,1
KW,2026-03-13,33.5,33.5,33.5,33.5,0.0,1,1
KW,2026-03-14,19.0,19.0,19.0,19.0,0.0,1,1
KW,2026-03-15,13.6,13.6,13.6,13.6,0.0,1,1
KW,2026-03-16,10.4,10.4,10.4,10.4,0.0,1,1
KW,2026-03-17,10.6,10.6,10.6,10.6,0.0,1,1
KW,2026-03-18,233.0,233.0,233.0,233.0,0.0,1,1
KW,2026-03-23,366.0,366.0,366.0,366.0,0.0,1,1
KW,2026-03-24,24.6,24.6,24.6,24.6,0.0,1,1
KW,2026-03-25,16.6,16.6,16.6,16.6,0.0,1,1
KW,2026-03-26,21.4,21.4,21.4,21.4,0.0,1,1
KW,2026-03-27,21.6,21.6,21.6,21.6,0.0,1,1
KW,2026-03-28,7.32,7.32,7.32,7.32,0.0,1,1
KW,2026-03-29,2.24,2.24,2.24,2.24,0.0,1,1
KW,2026-03-30,4.32,4.32,4.32,4.32,0.0,1,1
KW,2026-03-31,1.32,1.32,1.32,1.32,0.0,1,1
KW,2026-04-01,4.01,4.01,4.01,4.01,0.0,1,1
KW,2026-04-02,7.58,7.58,7.58,7.58,0.0,1,1
KW,2026-04-03,21.9,21.9,21.9,21.9,0.0,1,1
KW,2026-04-04,9.45,9.45,9.45,9.45,0.0,1,1
KW,2026-04-05,10.1,10.1,10.1,10.1,0.0,1,1
KW,2026-04-06,11.0,11.0,11.0,11.0,0.0,1,1
KW,2026-04-07,10.8,10.8,10.8,10.8,0.0,1,1
KW,2026-04-08,12.7,12.7,12.7,12.7,0.0,1,1
KW,2026-04-09,20.3,20.3,20.3,20.3,0.0,1,1
KW,2026-04-10,36.8,36.8,36.8,36.8,0.0,1,1
KW,2026-04-11,39.2,39.2,39.2,39.2,0.0,1,1
KW,2026-04-12,36.9,36.9,36.9,36.9,0.0,1,1
KW,2026-04-13,29.9,29.9,29.9,29.9,0.0,1,1
KW,2026-04-14,38.9,38.9,38.9,38.9,0.0,1,1
KW,2026-04-15,17.1,17.1,17.1,17.1,0.0,1,1
KW,2026-04-16,16.7,16.7,16.7,16.7,0.0,1,1
KW,2026-04-17,19.5,19.5,19.5,19.5,0.0,1,1
KW,2026-04-18,25.5,25.5,25.5,25.5,0.0,1,1
KW,2026-04-19,24.8,24.8,24.8,24.8,0.0,1,1
KW,2026-04-20,40.0,40.0,40.0,40.0,0.0,1,1
KW,2026-04-21,30.4,30.4,30.4,30.4,0.0,1,1
KW,2026-04-22,67.1,67.1,67.1,67.1,0.0,1,1
KW,2026-04-23,112.0,112.0,112.0,112.0,0.0,1,1
KW,2026-04-24,205.0,205.0,205.0,205.0,0.0,1,1
KW,2026-04-25,153.0,153.0,153.0,153.0,0.0,1,1
KW,2026-04-26,157.0,157.0,157.0,157.0,0.0,1,1
KW,2026-04-27,229.0,229.0,229.0,229.0,0.0,1,1
KW,2026-04-28,266.0,266.0,266.0,266.0,0.0,1,1
KW,2026-04-29,224.0,224.0,224.0,224.0,0.0,1,1
KW,2026-05-02,19.1,19.1,19.1,19.1,0.0,1,1
KW,2026-05-03,17.1,17.1,17.1,17.1,0.0,1,1
KW,2026-05-04,15.4,15.4,15.4,15.4,0.0,1,1
KW,2026-05-05,15.5,15.5,15.5,15.5,0.0,1,1
KW,2026-05-06,20.3,20.3,20.3,20.3,0.0,1,1
KW,2026-05-07,19.2,19.2,19.2,19.2,0.0,1,1
KW,2026-05-08,19.1,19.1,19.1,19.1,0.0,1,1
KW,2026-05-09,16.1,16.1,16.1,16.1,0.0,1,1
KW,2026-05-10,17.0,17.0,17.0,17.0,0.0,1,1
KW,2026-05-11,16.3,16.3,16.3,16.3,0.0,1,1
KW,2026-05-12,20.8,20.8,20.8,20.8,0.0,1,1
KW,2026-05-13,11.9,11.9,11.9,11.9,0.0,1,1
KW,2026-05-14,10.9,10.9,10.9,10.9,0.0,1,1
KW,2026-05-15,12.9,12.9,12.9,12.9,0.0,1,1
KW,2026-05-16,8.02,8.02,8.02,8.02,0.0,1,1
KW,2026-05-17,8.59,8.59,8.59,8.59,0.0,1,1
KW,2026-05-18,11.0,11.0,11.0,11.0,0.0,1,1
KW,2026-05-19,12.3,12.3,12.3,12.3,0.0,1,1
KW,2026-05-20,7.87,7.87,7.87,7.87,0.0,1,1
L,2025-02-19,57.6,57.6,57.6,57.6,0.0,1,1
L,2025-02-20,52.0,52.0,52.0,52.0,0.0,1,1
L,2025-02-21,47.4,47.4,47.4,47.4,0.0,1,1
L,2025-02-22,44.4,44.4,44.4,44.4,0.0,1,1
L,2025-02-23,70.9,70.9,70.9,70.9,0.0,1,1
L,2025-02-24,57.8,57.8,57.8,57.8,0.0,1,1
L,2025-02-25,61.2,61.2,61.2,61.2,0.0,1,1
L,2025-02-26,62.6,62.6,62.6,62.6,0.0,1,1
L,2025-02-27,66.3,66.3,66.3,66.3,0.0,1,1
L,2025-02-28,86.65,86.65,66.3,107.0,28.77924599429249,2,2
L,2025-03-01,57.3,57.3,57.3,57.3,0.0,1,1
L,2025-03-02,56.2,56.2,56.2,56.2,0.0,2,2
L,2025-03-03,59.2,59.2,59.2,59.2,0.0,1,1
L,2025-03-04,67.0,67.0,61.3,72.7,8.061017305526645,2,2
L,2025-03-05,55.3,55.3,55.3,55.3,0.0,1,1
L,2025-03-06,70.1,70.1,70.1,70.1,0.0,1,1
L,2025-03-07,73.7,73.7,73.7,73.7,0.0,1,1
L,2025-03-08,75.5,75.5,75.5,75.5,0.0,1,1
L,2025-03-09,170.0,170.0,170.0,170.0,0.0,1,1
L,2025-03-10,218.0,218.0,218.0,218.0,0.0,1,1
L,2025-03-11,218.0,218.0,218.0,218.0,0.0,1,1
L,2025-03-12,184.0,184.0,184.0,184.0,0.0,1,1
L,2025-03-13,40.9,40.9,40.9,40.9,0.0,1,1
L,2025-03-14,40.9,40.9,40.9,40.9,0.0,1,1
L,2025-03-15,28.1,28.1,28.1,28.1,0.0,1,1
L,2025-03-16,29.7,29.7,29.7,29.7,0.0,1,1
L,2025-03-17,32.2,32.2,32.2,32.2,0.0,1,1
L,2025-03-18,30.6,30.6,30.6,30.6,0.0,1,1
L,2025-03-19,30.5,30.5,30.5,30.5,0.0,1,1
L,2025-03-20,36.2,36.2,36.2,36.2,0.0,1,1
L,2025-03-21,29.5,29.5,29.5,29.5,0.0,1,1
L,2025-03-22,29.6,29.6,29.6,29.6,0.0,1,1
L,2025-03-23,33.4,33.4,33.4,33.4,0.0,1,1
L,2025-03-24,32.8,32.8,32.8,32.8,0.0,1,1
L,2025-03-25,35.8,35.8,35.8,35.8,0.0,1,1
L,2025-03-26,28.3,28.3,28.3,28.3,0.0,1,1
L,2025-03-27,27.7,27.7,27.7,27.7,0.0,1,1
L,2025-03-28,31.1,31.1,31.1,31.1,0.0,1,1
L,2025-03-29,38.7,38.7,38.7,38.7,0.0,1,1
L,2025-03-30,36.0,36.0,36.0,36.0,0.0,1,1
L,2025-03-31,32.3,32.3,32.3,32.3,0.0,1,1
L,2025-04-01,30.7,30.7,30.7,30.7,0.0,1,1
L,2025-04-02,34.1,34.1,34.1,34.1,0.0,1,1
L,2025-04-03,43.6,43.6,43.6,43.6,0.0,1,1
L,2025-04-04,38.2,38.2,38.2,38.2,0.0,1,1
L,2025-04-05,33.5,33.5,33.5,33.5,0.0,1,1
L,2025-04-06,31.1,31.1,31.1,31.1,0.0,1,1
L,2025-04-07,43.5,43.5,43.5,43.5,0.0,1,1
L,2025-04-08,33.1,33.1,33.1,33.1,0.0,1,1
L,2025-04-11,29.4,29.4,29.4,29.4,0.0,1,1
L,2025-04-12,28.0,28.0,28.0,28.0,0.0,1,1
L,2025-04-13,32.5,32.5,32.5,32.5,0.0,1,1
L,2025-04-15,80.0,80.0,80.0,80.0,0.0,1,1
L,2025-04-16,218.0,218.0,218.0,218.0,0.0,1,1
L,2025-04-17,218.0,218.0,218.0,218.0,0.0,1,1
L,2025-04-18,218.0,218.0,218.0,218.0,0.0,1,1
L,2025-04-19,218.0,218.0,218.0,218.0,0.0,1,1
L,2025-04-20,218.0,218.0,218.0,218.0,0.0,1,1
L,2025-04-21,218.0,218.0,218.0,218.0,0.0,1,1
L,2025-04-22,141.0,141.0,141.0,141.0,0.0,1,1
L,2025-04-23,56.0,56.0,56.0,56.0,0.0,1,1
L,2025-04-24,50.4,50.4,50.4,50.4,0.0,1,1
L,2025-04-25,51.7,51.7,51.7,51.7,0.0,1,1
L,2025-04-26,50.5,50.5,50.5,50.5,0.0,1,1
L,2025-04-27,50.1,50.1,50.1,50.1,0.0,1,1
L,2025-04-28,47.1,47.1,47.1,47.1,0.0,1,1
L,2025-04-29,44.5,44.5,44.5,44.5,0.0,1,1
L,2025-04-30,44.1,44.1,44.1,44.1,0.0,1,1
L,2025-05-01,37.6,37.6,37.6,37.6,0.0,1,1
L,2025-05-05,73.5,73.5,73.5,73.5,0.0,1,1
L,2025-05-06,52.7,52.7,52.7,52.7,0.0,1,1
L,2025-05-07,31.3,31.3,31.3,31.3,0.0,1,1
L,2025-05-08,30.8,30.8,30.8,30.8,0.0,1,1
L,2025-05-09,32.5,32.5,32.5,32.5,0.0,1,1
L,2025-05-10,35.0,35.0,35.0,35.0,0.0,1,1
L,2025-05-11,34.8,34.8,34.8,34.8,0.0,1,1
L,2025-05-12,33.4,33.4,33.4,33.4,0.0,1,1
L,2025-05-13,36.3,36.3,36.3,36.3,0.0,1,1
L,2025-05-14,42.7,42.7,42.7,42.7,0.0,1,1
L,2025-05-15,36.5,36.5,36.5,36.5,0.0,1,1
L,2025-05-16,44.4,44.4,44.4,44.4,0.0,1,1
L,2025-05-17,215.0,215.0,215.0,215.0,0.0,1,1
L,2025-05-18,218.0,218.0,218.0,218.0,0.0,1,1
L,2025-05-19,218.0,218.0,218.0,218.0,0.0,1,1
L,2025-05-20,146.0,146.0,146.0,146.0,0.0,1,1
L,2025-05-21,32.4,32.4,32.4,32.4,0.0,1,1
L,2025-05-22,28.3,28.3,28.3,28.3,0.0,1,1
L,2025-05-23,40.3,40.3,40.3,40.3,0.0,1,1
L,2025-05-24,37.7,37.7,37.7,37.7,0.0,1,1
L,2025-05-25,31.8,31.8,31.8,31.8,0.0,1,1
L,2025-05-26,30.1,30.1,30.1,30.1,0.0,1,1
L,2025-05-27,37.1,37.1,37.1,37.1,0.0,1,1
L,2025-05-28,30.4,30.4,30.4,30.4,0.0,1,1
L,2025-05-29,53.1,53.1,53.1,53.1,0.0,1,1
L,2025-05-30,50.2,50.2,50.2,50.2,0.0,1,1
L,2025-05-31,48.5,48.5,48.5,48.5,0.0,1,1
L,2025-06-01,41.6,41.6,41.6,41.6,0.0,1,1
L,2025-06-02,40.0,40.0,40.0,40.0,0.0,1,1
L,2025-06-03,41.4,41.4,41.4,41.4,0.0,1,1
L,2025-06-04,29.4,29.4,29.4,29.4,0.0,1,1
L,2025-06-05,41.9,41.9,41.9,41.9,0.0,1,1
L,2025-06-06,45.8,45.8,45.8,45.8,0.0,1,1
L,2025-06-07,32.5,32.5,32.5,32.5,0.0,1,1
L,2025-06-09,41.4,41.4,41.4,41.4,0.0,1,1
L,2025-06-10,37.1,37.1,37.1,37.1,0.0,1,1
L,2025-06-11,34.1,34.1,34.1,34.1,0.0,1,1
L,2025-06-12,33.5,33.5,33.5,33.5,0.0,1,1
L,2025-06-13,31.3,31.3,31.3,31.3,0.0,1,1
L,2025-06-14,33.2,33.2,33.2,33.2,0.0,1,1
L,2025-06-15,28.7,28.7,28.7,28.7,0.0,1,1
L,2025-06-16,32.2,32.2,32.2,32.2,0.0,1,1
L,2025-06-17,40.8,40.8,40.8,40.8,0.0,1,1
L,2025-06-18,34.1,34.1,34.1,34.1,0.0,1,1
L,2025-06-19,36.7,36.7,36.7,36.7,0.0,1,1
L,2025-06-20,39.3,39.3,39.3,39.3,0.0,1,1
L,2025-06-21,44.1,44.1,44.1,44.1,0.0,1,1
L,2025-06-22,43.9,43.9,43.9,43.9,0.0,1,1
L,2025-06-23,44.1,44.1,44.1,44.1,0.0,1,1
L,2025-06-24,45.2,45.2,45.2,45.2,0.0,1,1
L,2025-06-25,48.3,48.3,48.3,48.3,0.0,1,1
L,2025-06-26,47.2,47.2,47.2,47.2,0.0,1,1
L,2025-06-27,42.6,42.6,42.6,42.6,0.0,1,1
L,2025-06-28,45.2,45.2,45.2,45.2,0.0,1,1
L,2025-06-29,44.4,44.4,44.4,44.4,0.0,1,1
L,2025-06-30,42.6,42.6,42.6,42.6,0.0,1,1
L,2025-07-01,39.6,39.6,39.6,39.6,0.0,1,1
L,2025-07-02,35.4,35.4,35.4,35.4,0.0,1,1
L,2025-07-03,35.1,35.1,35.1,35.1,0.0,1,1
L,2025-07-04,37.1,37.1,37.1,37.1,0.0,1,1
L,2025-07-05,38.0,38.0,38.0,38.0,0.0,1,1
L,2025-07-06,37.7,37.7,37.7,37.7,0.0,1,1
L,2025-07-07,40.5,40.5,40.5,40.5,0.0,1,1
L,2025-07-08,41.4,41.4,41.4,41.4,0.0,1,1
L,2025-07-09,39.1,39.1,39.1,39.1,0.0,1,1
L,2025-07-10,41.9,41.9,41.9,41.9,0.0,1,1
L,2025-07-11,39.2,39.2,39.2,39.2,0.0,1,1
L,2025-07-12,37.6,37.6,37.6,37.6,0.0,1,1
L,2025-07-13,35.5,35.5,35.5,35.5,0.0,1,1
L,2025-07-14,31.7,31.7,31.7,31.7,0.0,1,1
L,2025-07-15,34.2,34.2,34.2,34.2,0.0,1,1
L,2025-07-16,38.9,38.9,38.9,38.9,0.0,1,1
L,2025-07-17,36.1,36.1,36.1,36.1,0.0,1,1
L,2025-07-18,38.0,38.0,38.0,38.0,0.0,1,1
L,2025-07-19,39.7,39.7,39.7,39.7,0.0,1,1
L,2025-07-20,30.7,30.7,30.7,30.7,0.0,1,1
L,2025-07-21,27.0,27.0,27.0,27.0,0.0,1,1
L,2025-07-22,26.3,26.3,26.3,26.3,0.0,1,1
L,2025-07-23,85.1,85.1,85.1,85.1,0.0,1,1
L,2025-07-24,159.0,159.0,159.0,159.0,0.0,1,1
L,2025-07-25,27.3,27.3,27.3,27.3,0.0,1,1
L,2025-07-26,28.0,28.0,28.0,28.0,0.0,1,1
L,2025-07-27,29.1,29.1,29.1,29.1,0.0,1,1
L,2025-07-28,33.5,33.5,33.5,33.5,0.0,1,1
L,2025-07-29,32.9,32.9,32.9,32.9,0.0,1,1
L,2025-07-30,35.5,35.5,35.5,35.5,0.0,1,1
L,2025-07-31,35.3,35.3,35.3,35.3,0.0,1,1
L,2025-08-01,39.5,39.5,39.5,39.5,0.0,1,1
L,2025-08-02,33.8,33.8,33.8,33.8,0.0,1,1
L,2025-08-03,33.3,33.3,33.3,33.3,0.0,1,1
L,2025-08-04,33.4,33.4,33.4,33.4,0.0,1,1
L,2025-08-05,33.4,33.4,33.4,33.4,0.0,1,1
L,2025-08-06,41.2,41.2,41.2,41.2,0.0,1,1
L,2025-08-07,31.9,31.9,31.9,31.9,0.0,1,1
L,2025-08-08,33.6,33.6,33.6,33.6,0.0,1,1
L,2025-08-09,38.0,38.0,38.0,38.0,0.0,1,1
L,2025-08-10,31.9,31.9,31.9,31.9,0.0,1,1
L,2025-08-11,37.3,37.3,37.3,37.3,0.0,1,1
L,2025-08-12,39.0,39.0,39.0,39.0,0.0,1,1
L,2025-08-13,33.6,33.6,33.6,33.6,0.0,1,1
L,2025-08-14,27.5,27.5,27.5,27.5,0.0,1,1
L,2025-08-15,26.1,26.1,26.1,26.1,0.0,1,1
L,2025-08-16,25.9,25.9,25.9,25.9,0.0,1,1
L,2025-08-17,27.5,27.5,27.5,27.5,0.0,1,1
L,2025-08-18,26.7,26.7,26.7,26.7,0.0,1,1
L,2025-08-19,26.2,26.2,26.2,26.2,0.0,1,1
L,2025-08-20,30.2,30.2,30.2,30.2,0.0,1,1
L,2025-08-21,158.0,158.0,158.0,158.0,0.0,1,1
L,2025-08-22,177.0,177.0,177.0,177.0,0.0,1,1
L,2025-08-23,37.7,37.7,37.7,37.7,0.0,1,1
L,2025-08-24,37.9,37.9,37.9,37.9,0.0,1,1
L,2025-08-25,33.3,33.3,33.3,33.3,0.0,1,1
L,2025-08-26,35.1,35.1,35.1,35.1,0.0,1,1
L,2025-08-27,32.9,32.9,32.9,32.9,0.0,1,1
L,2025-08-28,34.1,34.1,34.1,34.1,0.0,1,1
L,2025-08-29,29.3,29.3,29.3,29.3,0.0,1,1
L,2025-08-30,29.3,29.3,29.3,29.3,0.0,1,1
L,2025-08-31,32.9,32.9,32.9,32.9,0.0,1,1
L,2025-09-01,34.3,34.3,34.3,34.3,0.0,1,1
L,2025-09-02,37.7,37.7,37.7,37.7,0.0,1,1
L,2025-09-03,38.1,38.1,38.1,38.1,0.0,1,1
L,2025-09-04,37.7,37.7,37.7,37.7,0.0,1,1
L,2025-09-05,39.0,39.0,39.0,39.0,0.0,1,1
L,2025-09-06,32.7,32.7,32.7,32.7,0.0,1,1
L,2025-09-07,36.2,36.2,36.2,36.2,0.0,1,1
L,2025-09-08,32.8,32.8,32.8,32.8,0.0,1,1
L,2025-09-09,39.2,39.2,39.2,39.2,0.0,1,1
L,2025-09-10,43.7,43.7,43.7,43.7,0.0,1,1
L,2025-09-11,44.5,44.5,44.5,44.5,0.0,1,1
L,2025-09-12,37.5,37.5,37.5,37.5,0.0,1,1
L,2025-09-13,38.9,38.9,38.9,38.9,0.0,1,1
L,2025-09-14,30.6,30.6,30.6,30.6,0.0,1,1
L,2025-09-15,30.9,30.9,30.9,30.9,0.0,1,1
L,2025-09-16,31.9,31.9,31.9,31.9,0.0,1,1
L,2025-09-17,29.9,29.9,29.9,29.9,0.0,1,1
L,2025-09-18,31.1,31.1,31.1,31.1,0.0,1,1
L,2025-09-19,31.0,31.0,31.0,31.0,0.0,1,1
L,2025-09-22,33.5,33.5,33.5,33.5,0.0,1,1
L,2025-09-23,33.9,33.9,33.9,33.9,0.0,1,1
L,2025-09-24,36.5,36.5,36.5,36.5,0.0,1,1
L,2025-09-25,34.1,34.1,34.1,34.1,0.0,1,1
L,2025-09-26,36.0,36.0,36.0,36.0,0.0,1,1
L,2025-09-27,35.0,35.0,35.0,35.0,0.0,1,1
L,2025-09-28,30.2,30.2,30.2,30.2,0.0,1,1
L,2025-09-29,35.0,35.0,35.0,35.0,0.0,1,1
L,2025-09-30,28.1,28.1,28.1,28.1,0.0,1,1
L,2025-10-01,27.9,27.9,27.9,27.9,0.0,1,1
L,2025-10-02,29.6,29.6,29.6,29.6,0.0,1,1
L,2025-10-03,30.7,30.7,30.7,30.7,0.0,1,1
L,2025-10-04,31.6,31.6,31.6,31.6,0.0,1,1
L,2025-10-05,37.9,37.9,37.9,37.9,0.0,1,1
L,2025-10-06,36.7,36.7,36.7,36.7,0.0,1,1
L,2025-10-07,34.7,34.7,34.7,34.7,0.0,1,1
L,2025-10-08,38.4,38.4,38.4,38.4,0.0,1,1
L,2025-10-09,53.0,53.0,53.0,53.0,0.0,1,1
L,2025-10-10,63.7,63.7,63.7,63.7,0.0,1,1
L,2025-10-11,65.7,65.7,65.7,65.7,0.0,1,1
L,2025-10-13,58.4,58.4,58.4,58.4,0.0,1,1
L,2025-10-15,55.0,55.0,55.0,55.0,0.0,1,1
L,2025-10-16,61.4,61.4,61.4,61.4,0.0,1,1
L,2025-10-17,44.5,44.5,44.5,44.5,0.0,1,1
L,2025-10-18,49.7,49.7,49.7,49.7,0.0,1,1
L,2025-10-19,52.8,52.8,52.8,52.8,0.0,1,1
L,2025-10-20,65.5,65.5,65.5,65.5,0.0,1,1
L,2025-10-21,54.0,54.0,54.0,54.0,0.0,1,1
L,2025-10-22,43.1,43.1,43.1,43.1,0.0,1,1
L,2025-10-23,38.7,38.7,38.7,38.7,0.0,1,1
L,2025-10-24,40.7,40.7,40.7,40.7,0.0,1,1
L,2025-10-25,29.4,29.4,29.4,29.4,0.0,1,1
L,2025-10-26,29.2,29.2,29.2,29.2,0.0,1,1
L,2025-10-27,27.6,27.6,27.6,27.6,0.0,1,1
L,2025-10-28,31.1,31.1,31.1,31.1,0.0,1,1
L,2025-10-29,33.0,33.0,33.0,33.0,0.0,1,1
L,2025-10-30,30.7,30.7,30.7,30.7,0.0,1,1
L,2025-10-31,29.4,29.4,29.4,29.4,0.0,1,1
L,2025-11-01,30.4,30.4,30.4,30.4,0.0,1,1
L,2025-11-02,29.1,29.1,29.1,29.1,0.0,1,1
L,2025-11-03,33.0,33.0,33.0,33.0,0.0,1,1
L,2025-11-04,38.8,38.8,38.8,38.8,0.0,1,1
L,2025-11-05,41.6,41.6,41.6,41.6,0.0,1,1
L,2025-11-06,43.7,43.7,43.7,43.7,0.0,1,1
L,2025-11-07,50.5,50.5,50.5,50.5,0.0,1,1
L,2025-11-08,43.7,43.7,43.7,43.7,0.0,1,1
L,2025-11-09,47.2,47.2,47.2,47.2,0.0,1,1
L,2025-11-10,53.8,53.8,53.8,53.8,0.0,1,1
L,2025-11-11,52.8,52.8,52.8,52.8,0.0,1,1
L,2025-11-12,51.1,51.1,51.1,51.1,0.0,1,1
L,2025-11-13,50.0,50.0,50.0,50.0,0.0,1,1
L,2025-11-14,53.1,53.1,53.1,53.1,0.0,1,1
L,2025-11-15,54.2,54.2,54.2,54.2,0.0,1,1
L,2025-11-16,51.6,51.6,51.6,51.6,0.0,1,1
L,2025-11-17,48.9,48.9,48.9,48.9,0.0,1,1
L,2025-11-18,52.3,52.3,52.3,52.3,0.0,1,1
L,2025-11-19,52.4,52.4,52.4,52.4,0.0,1,1
L,2025-11-20,51.1,51.1,51.1,51.1,0.0,1,1
L,2025-11-21,55.0,55.0,55.0,55.0,0.0,1,1
L,2025-11-22,61.5,61.5,61.5,61.5,0.0,1,1
L,2025-11-23,61.0,61.0,61.0,61.0,0.0,1,1
L,2025-11-24,60.8,60.8,60.8,60.8,0.0,1,1
L,2025-11-25,71.0,71.0,71.0,71.0,0.0,1,1
L,2025-11-26,66.3,66.3,66.3,66.3,0.0,1,1
L,2025-11-27,62.5,62.5,62.5,62.5,0.0,1,1
L,2025-11-28,56.8,56.8,56.8,56.8,0.0,1,1
L,2025-11-29,47.1,47.1,47.1,47.1,0.0,1,1
L,2025-11-30,46.2,46.2,46.2,46.2,0.0,1,1
L,2025-12-01,50.7,50.7,50.7,50.7,0.0,1,1
L,2025-12-02,53.0,53.0,53.0,53.0,0.0,1,1
L,2025-12-03,51.9,51.9,51.9,51.9,0.0,1,1
L,2025-12-04,50.5,50.5,50.5,50.5,0.0,1,1
L,2025-12-05,49.0,49.0,49.0,49.0,0.0,1,1
L,2025-12-06,46.8,46.8,46.8,46.8,0.0,1,1
L,2025-12-07,50.1,50.1,50.1,50.1,0.0,1,1
L,2025-12-08,54.3,54.3,54.3,54.3,0.0,1,1
L,2025-12-09,44.9,44.9,44.9,44.9,0.0,1,1
L,2025-12-10,37.7,37.7,37.7,37.7,0.0,1,1
L,2025-12-11,46.5,46.5,46.5,46.5,0.0,1,1
L,2025-12-12,53.9,53.9,53.9,53.9,0.0,1,1
L,2025-12-13,59.7,59.7,59.7,59.7,0.0,1,1
L,2025-12-14,59.3,59.3,59.3,59.3,0.0,1,1
L,2025-12-15,54.2,54.2,54.2,54.2,0.0,1,1
L,2025-12-16,54.4,54.4,54.4,54.4,0.0,1,1
L,2025-12-17,52.1,52.1,52.1,52.1,0.0,1,1
L,2025-12-18,54.6,54.6,54.6,54.6,0.0,1,1
L,2025-12-19,51.9,51.9,51.9,51.9,0.0,1,1
L,2025-12-24,63.1,63.1,63.1,63.1,0.0,1,1
L,2025-12-25,53.7,53.7,53.7,53.7,0.0,1,1
L,2025-12-26,57.1,57.1,57.1,57.1,0.0,1,1
L,2025-12-27,54.2,54.2,54.2,54.2,0.0,1,1
L,2025-12-28,55.0,55.0,55.0,55.0,0.0,1,1
L,2025-12-29,57.3,57.3,57.3,57.3,0.0,1,1
L,2025-12-30,64.0,64.0,64.0,64.0,0.0,1,1
L,2025-12-31,57.7,57.7,57.7,57.7,0.0,1,1
L,2026-01-01,42.8,42.8,42.8,42.8,0.0,1,1
L,2026-01-02,54.6,54.6,54.6,54.6,0.0,1,1
L,2026-01-03,59.8,59.8,59.8,59.8,0.0,1,1
L,2026-01-04,62.7,62.7,62.7,62.7,0.0,1,1
L,2026-01-05,56.5,56.5,56.5,56.5,0.0,1,1
L,2026-01-06,61.3,61.3,61.3,61.3,0.0,1,1
L,2026-01-07,59.7,59.7,59.7,59.7,0.0,1,1
L,2026-01-08,57.2,57.2,57.2,57.2,0.0,1,1
L,2026-01-09,57.5,57.5,57.5,57.5,0.0,1,1
L,2026-01-10,53.5,53.5,53.5,53.5,0.0,1,1
L,2026-01-20,69.4,69.4,69.4,69.4,0.0,1,1
L,2026-01-21,70.3,70.3,70.3,70.3,0.0,1,1
L,2026-01-22,67.5,67.5,67.5,67.5,0.0,1,1
L,2026-01-23,52.4,52.4,52.4,52.4,0.0,1,1
L,2026-01-24,54.5,54.5,54.5,54.5,0.0,1,1
L,2026-01-25,69.4,69.4,69.4,69.4,0.0,1,1
L,2026-01-26,67.8,67.8,67.8,67.8,0.0,1,1
L,2026-01-27,45.1,45.1,45.1,45.1,0.0,1,1
L,2026-01-28,39.3,39.3,39.3,39.3,0.0,1,1
L,2026-01-29,59.8,59.8,59.8,59.8,0.0,1,1
L,2026-01-30,68.2,68.2,68.2,68.2,0.0,1,1
L,2026-01-31,51.6,51.6,51.6,51.6,0.0,1,1
L,2026-02-02,67.5,67.5,67.5,67.5,0.0,1,1
L,2026-02-03,70.8,70.8,70.8,70.8,0.0,1,1
L,2026-02-04,60.6,60.6,60.6,60.6,0.0,1,1
L,2026-02-05,52.8,52.8,52.8,52.8,0.0,1,1
L,2026-02-06,44.3,44.3,44.3,44.3,0.0,1,1
L,2026-02-07,48.7,48.7,48.7,48.7,0.0,1,1
L,2026-02-08,40.1,40.1,40.1,40.1,0.0,1,1
L,2026-02-09,51.2,51.2,51.2,51.2,0.0,1,1
L,2026-02-10,50.8,50.8,50.8,50.8,0.0,1,1
L,2026-02-11,61.2,61.2,61.2,61.2,0.0,1,1
L,2026-02-12,54.6,54.6,54.6,54.6,0.0,1,1
L,2026-02-13,48.6,48.6,48.6,48.6,0.0,1,1
L,2026-02-14,59.5,59.5,59.5,59.5,0.0,1,1
L,2026-02-15,61.7,61.7,61.7,61.7,0.0,1,1
L,2026-02-16,53.6,53.6,53.6,53.6,0.0,1,1
L,2026-02-17,42.4,42.4,42.4,42.4,0.0,1,1
L,2026-02-18,29.7,29.7,29.7,29.7,0.0,1,1
L,2026-02-19,70.2,70.2,70.2,70.2,0.0,1,1
L,2026-02-20,81.1,81.1,81.1,81.1,0.0,1,1
L,2026-02-21,57.8,57.8,57.8,57.8,0.0,1,1
L,2026-02-24,163.0,163.0,163.0,163.0,0.0,1,1
L,2026-02-25,266.0,266.0,266.0,266.0,0.0,1,1
L,2026-02-26,266.0,266.0,266.0,266.0,0.0,1,1
L,2026-02-27,176.0,176.0,176.0,176.0,0.0,1,1
L,2026-02-28,47.9,47.9,47.9,47.9,0.0,1,1
L,2026-03-02,27.9,27.9,27.9,27.9,0.0,1,1
L,2026-03-03,160.0,160.0,160.0,160.0,0.0,1,1
L,2026-03-04,56.4,56.4,56.4,56.4,0.0,1,1
L,2026-03-05,35.8,35.8,35.8,35.8,0.0,1,1
L,2026-03-06,36.6,36.6,36.6,36.6,0.0,1,1
L,2026-03-08,108.0,108.0,108.0,108.0,0.0,1,1
L,2026-03-10,61.5,61.5,61.5,61.5,0.0,1,1
L,2026-03-11,56.9,56.9,56.9,56.9,0.0,1,1
L,2026-03-12,172.0,172.0,172.0,172.0,0.0,1,1
L,2026-03-13,45.5,45.5,45.5,45.5,0.0,1,1
L,2026-03-14,45.9,45.9,45.9,45.9,0.0,1,1
L,2026-03-15,36.1,36.1,36.1,36.1,0.0,1,1
L,2026-03-16,31.7,31.7,31.7,31.7,0.0,1,1
L,2026-03-17,35.5,35.5,35.5,35.5,0.0,1,1
L,2026-03-18,29.1,29.1,29.1,29.1,0.0,1,1
L,2026-03-19,20.5,20.5,20.5,20.5,0.0,1,1
L,2026-03-20,24.8,24.8,24.8,24.8,0.0,1,1
L,2026-03-21,25.3,25.3,25.3,25.3,0.0,1,1
L,2026-03-22,47.9,47.9,47.9,47.9,0.0,1,1
L,2026-03-23,133.0,133.0,133.0,133.0,0.0,1,1
L,2026-03-24,43.0,43.0,43.0,43.0,0.0,1,1
L,2026-03-25,38.0,38.0,38.0,38.0,0.0,1,1
L,2026-03-26,47.0,47.0,47.0,47.0,0.0,1,1
L,2026-03-27,51.2,51.2,51.2,51.2,0.0,1,1
L,2026-03-28,36.6,36.6,36.6,36.6,0.0,1,1
L,2026-03-29,18.6,18.6,18.6,18.6,0.0,1,1
L,2026-03-30,39.8,39.8,39.8,39.8,0.0,1,1
L,2026-03-31,21.7,21.7,21.7,21.7,0.0,1,1
L,2026-04-01,31.7,31.7,31.7,31.7,0.0,1,1
L,2026-04-02,27.6,27.6,27.6,27.6,0.0,1,1
L,2026-04-03,37.9,37.9,37.9,37.9,0.0,1,1
L,2026-04-04,31.9,31.9,31.9,31.9,0.0,1,1
L,2026-04-05,34.0,34.0,34.0,34.0,0.0,1,1
L,2026-04-06,23.9,23.9,23.9,23.9,0.0,1,1
L,2026-04-07,36.7,36.7,36.7,36.7,0.0,1,1
L,2026-04-08,38.8,38.8,38.8,38.8,0.0,1,1
L,2026-04-09,45.2,45.2,45.2,45.2,0.0,1,1
L,2026-04-10,60.8,60.8,60.8,60.8,0.0,1,1
L,2026-04-11,65.9,65.9,65.9,65.9,0.0,1,1
L,2026-04-12,49.4,49.4,49.4,49.4,0.0,1,1
L,2026-04-13,49.1,49.1,49.1,49.1,0.0,1,1
L,2026-04-14,52.3,52.3,52.3,52.3,0.0,1,1
L,2026-04-16,43.6,43.6,43.6,43.6,0.0,1,1
L,2026-04-17,44.0,44.0,44.0,44.0,0.0,1,1
L,2026-04-18,32.0,32.0,32.0,32.0,0.0,1,1
L,2026-04-19,117.0,117.0,117.0,117.0,0.0,1,1
L,2026-04-20,27.5,27.5,27.5,27.5,0.0,1,1
L,2026-04-21,41.6,41.6,41.6,41.6,0.0,1,1
L,2026-04-22,38.1,38.1,38.1,38.1,0.0,1,1
L,2026-04-23,26.1,26.1,26.1,26.1,0.0,1,1
L,2026-04-24,91.4,91.4,91.4,91.4,0.0,1,1
L,2026-04-25,55.6,55.6,55.6,55.6,0.0,1,1
L,2026-04-26,47.4,47.4,47.4,47.4,0.0,1,1
L,2026-04-27,36.3,36.3,36.3,36.3,0.0,1,1
L,2026-04-28,46.0,46.0,46.0,46.0,0.0,1,1
L,2026-04-29,35.0,35.0,35.0,35.0,0.0,1,1
L,2026-04-30,27.7,27.7,27.7,27.7,0.0,1,1
L,2026-05-01,19.0,19.0,19.0,19.0,0.0,1,1
L,2026-05-02,272.0,272.0,272.0,272.0,0.0,1,1
L,2026-05-03,296.0,296.0,296.0,296.0,0.0,1,1
L,2026-05-04,182.0,182.0,182.0,182.0,0.0,1,1
L,2026-05-05,48.1,48.1,48.1,48.1,0.0,1,1
L,2026-05-06,53.4,53.4,53.4,53.4,0.0,1,1
L,2026-05-07,33.1,33.1,33.1,33.1,0.0,1,1
L,2026-05-08,38.0,38.0,38.0,38.0,0.0,1,1
L,2026-05-11,52.5,52.5,52.5,52.5,0.0,1,1
L,2026-05-12,41.4,41.4,41.4,41.4,0.0,1,1
L,2026-05-13,42.3,42.3,42.3,42.3,0.0,1,1
L,2026-05-14,35.3,35.3,35.3,35.3,0.0,1,1
L,2026-05-15,33.0,33.0,33.0,33.0,0.0,1,1
L,2026-05-16,38.1,38.1,38.1,38.1,0.0,1,1
L,2026-05-17,66.8,66.8,66.8,66.8,0.0,1,1
L,2026-05-18,275.0,275.0,275.0,275.0,0.0,1,1
L,2026-05-19,57.4,57.4,57.4,57.4,0.0,1,1
L,2026-05-20,50.2,50.2,50.2,50.2,0.0,1,1
L,2026-05-21,55.6,55.6,55.6,55.6,0.0,1,1
L,2026-05-22,38.8,38.8,38.8,38.8,0.0,1,1
L,2026-05-23,38.4,38.4,38.4,38.4,0.0,1,1
L,2026-05-24,31.6,31.6,31.6,31.6,0.0,1,1
L,2026-05-25,42.6,42.6,42.6,42.6,0.0,1,1
L,2026-05-26,42.5,42.5,42.5,42.5,0.0,1,1
L,2026-05-27,34.7,34.7,34.7,34.7,0.0,1,1
L,2026-05-28,32.3,32.3,32.3,32.3,0.0,1,1
L,2026-05-29,35.5,35.5,35.5,35.5,0.0,1,1
L,2026-05-30,46.4,46.4,46.4,46.4,0.0,1,1
L,2026-05-31,38.0,38.0,38.0,38.0,0.0,1,1
L,2026-06-01,29.6,29.6,29.6,29.6,0.0,1,1
L,2026-06-02,38.5,38.5,38.5,38.5,0.0,1,1
L,2026-06-03,30.6,30.6,30.6,30.6,0.0,1,1
L,2026-06-04,29.9,29.9,29.9,29.9,0.0,1,1
L,2026-06-09,78.1,78.1,78.1,78.1,0.0,1,1
L,2026-06-10,40.5,40.5,40.5,40.5,0.0,1,1
L,2026-06-11,43.9,43.9,43.9,43.9,0.0,1,1
L,2026-06-12,46.7,46.7,46.7,46.7,0.0,1,1
L,2026-06-13,43.6,43.6,43.6,43.6,0.0,1,1
L,2026-06-14,39.4,39.4,39.4,39.4,0.0,1,1
L,2026-06-15,31.7,31.7,31.7,31.7,0.0,1,1
L,2026-06-16,32.7,32.7,32.7,32.7,0.0,1,1
L,2026-06-17,37.0,37.0,37.0,37.0,0.0,1,1
L,2026-06-18,31.1,31.1,31.1,31.1,0.0,1,1
L,2026-06-19,25.7,25.7,25.7,25.7,0.0,1,1
L,2026-06-20,30.5,30.5,30.5,30.5,0.0,1,1
L,2026-06-21,24.8,24.8,24.8,24.8,0.0,1,1
L,2026-06-22,22.2,22.2,22.2,22.2,0.0,1,1
L,2026-06-23,8.48,8.48,8.48,8.48,0.0,1,1
L,2026-06-25,22.6,22.6,22.6,22.6,0.0,1,1
L,2026-06-26,27.7,27.7,27.7,27.7,0.0,1,1
L,2026-06-27,20.6,20.6,20.6,20.6,0.0,1,1
L,2026-07-09,65.2,65.2,65.2,65.2,0.0,1,1
L,2026-07-10,54.5,54.5,54.5,54.5,0.0,1,1
L,2026-07-11,49.9,49.9,49.9,49.9,0.0,1,1
L,2026-07-12,47.6,47.6,47.6,47.6,0.0,1,1
L,2026-07-13,38.4,38.4,38.4,38.4,0.0,1,1
L,2026-07-14,41.2,41.2,41.2,41.2,0.0,1,1
L,2026-07-15,37.0,37.0,37.0,37.0,0.0,1,1
L,2026-07-16,37.7,37.7,37.7,37.7,0.0,1,1
L,2026-07-17,35.7,35.7,35.7,35.7,0.0,1,1
L,2026-07-18,30.1,30.1,30.1,30.1,0.0,1,1
L,2026-07-19,27.6,27.6,27.6,27.6,0.0,1,1
L,2026-07-20,21.3,21.3,21.3,21.3,0.0,1,1
L,2026-07-21,32.3,32.3,32.3,32.3,0.0,1,1
L,2026-07-22,20.3,20.3,20.3,20.3,0.0,1,1
L,2026-07-23,18.5,18.5,18.5,18.5,0.0,1,1
L,2026-07-24,24.6,24.6,24.6,24.6,0.0,1,1
L,2026-07-25,28.7,28.7,28.7,28.7,0.0,1,1
L,2026-07-26,29.7,29.7,29.7,29.7,0.0,1,1
L,2026-07-27,28.9,28.9,28.9,28.9,0.0,1,1
L,2026-07-28,37.9,37.9,37.9,37.9,0.0,1,1
L,2026-07-29,42.5,42.5,42.5,42.5,0.0,1,1
L,2026-08-04,28.2,28.2,28.2,28.2,0.0,1,1
L,2026-08-05,25.7,25.7,25.7,25.7,0.0,1,1
L,2026-08-06,28.9,28.9,28.9,28.9,0.0,1,1
L,2026-08-07,28.6,28.6,28.6,28.6,0.0,1,1
L,2026-08-08,33.5,33.5,33.5,33.5,0.0,1,1
L,2026-08-09,31.4,31.4,31.4,31.4,0.0,1,1
L,2026-08-10,26.2,26.2,26.2,26.2,0.0,1,1
L,2026-08-11,19.1,19.1,19.1,19.1,0.0,1,1
L,2026-08-12,24.8,24.8,24.8,24.8,0.0,1,1
L,2026-08-13,24.4,24.4,24.4,24.4,0.0,1,1
L,2026-08-14,30.2,30.2,30.2,30.2,0.0,1,1
L,2026-08-15,12.1,12.1,12.1,12.1,0.0,1,1
L,2026-08-16,21.1,21.1,21.1,21.1,0.0,1,1
L,2026-08-17,26.5,26.5,26.5,26.5,0.0,1,1
L,2026-08-18,19.55,19.55,15.0,24.1,6.434671708797584,2,2
L,2026-08-19,20.25,20.25,15.4,25.1,6.8589357775095126,2,2
L,2026-08-20,17.85,17.85,13.1,22.6,6.717514421272202,2,2
L,2026-08-21,20.75,20.75,12.8,28.7,11.242997820866105,2,2
L,2026-08-22,20.35,20.35,14.0,26.7,8.980256121069152,2,2
L,2026-08-23,19.05,19.05,15.6,22.5,4.879036790187177,2,2
L,2026-08-24,19.6,19.6,17.4,21.8,3.111269837220809,2,2
L,2026-08-25,22.85,22.85,19.8,25.9,4.313351365237937,2,2
L,2026-08-26,22.55,22.55,18.1,27.0,6.293250352560272,2,2
L,2026-08-27,19.45,19.45,15.5,23.4,5.586143571373724,2,2
L,2026-08-28,14.8,14.8,12.4,17.2,3.3941125496954268,2,2
L,2026-08-29,14.2,14.2,11.7,16.7,3.5355339059327378,2,2
L,2026-08-30,10.5,10.5,10.5,10.5,0.0,1,1
L,2026-08-31,9.88,9.88,9.88,9.88,0.0,1,1
L,2026-09-01,9.58,9.58,9.58,9.58,0.0,1,1
L,2026-09-02,10.2,10.2,10.2,10.2,0.0,1,1
L,2026-09-03,12.3,12.3,12.3,12.3,0.0,1,1
L,2026-09-04,14.3,14.3,14.3,14.3,0.0,1,1
L,2026-09-05,13.4,13.4,13.4,13.4,0.0,1,1
L,2026-09-06,18.1,18.1,18.1,18.1,0.0,1,1
L,2026-09-07,12.6,12.6,12.6,12.6,0.0,1,1
L,2026-09-08,29.55,29.55,12.1,47.0,24.67802666341051,2,2
L,2026-09-09,19.494999999999997,19.494999999999997,9.79,29.2,13.72494262283089,2,2
L,2026-09-10,16.45,16.45,11.4,21.5,7.14177848998413,2,2
L,2026-09-11,18.1,18.1,14.3,21.9,5.374011537017759,2,2
L,2026-09-12,18.05,18.05,13.1,23.0,7.00035713374682,2,2
L,2026-09-13,15.405000000000001,15.405000000000001,9.51,21.3,8.336788950189398,2,2
L,2026-09-14,15.7,15.7,13.6,17.8,2.9698484809834995,2,2
L,2026-09-15,14.1,14.1,12.2,16.0,2.687005768508881,2,2
L,2026-09-16,17.450000000000003,17.450000000000003,16.6,18.3,1.202081528017129,2,2
L,2026-09-17,19.15,19.15,15.5,22.8,5.161879502661798,2,2
ME,2025-02-19,69.13333333333334,71.2,42.3,93.9,25.86200559379209,3,3
ME,2025-02-20,68.56666666666666,54.4,40.3,111.0,37.41848919095123,3,3
ME,2025-02-21,43.36666666666667,36.1,31.9,62.1,16.358891567992416,3,3
ME,2025-02-22,34.4,34.4,34.4,34.4,0.0,1,1
ME,2025-02-23,42.6,42.6,42.6,42.6,0.0,1,1
ME,2025-02-24,41.53333333333333,40.0,32.7,51.9,9.691405126880898,3,3
ME,2025-02-25,55.633333333333326,50.4,44.9,71.6,14.098345056542394,3,3
ME,2025-02-26,72.63333333333334,71.9,58.2,87.8,14.813619859215143,3,3
ME,2025-02-27,104.83333333333333,102.0,62.5,150.0,43.818755497313404,3,3
ME,2025-02-28,75.43333333333334,70.4,58.5,97.4,19.932469323526714,3,3
ME,2025-03-01,53.06666666666666,43.8,42.3,73.1,17.365578980654035,3,3
ME,2025-03-02,42.199999999999996,38.9,22.2,65.5,21.837811245635407,3,3
ME,2025-03-03,50.1,39.9,30.9,79.5,25.855753711698295,3,3
ME,2025-03-04,57.133333333333326,55.0,42.8,73.6,15.510426600623637,3,3
ME,2025-03-05,33.06666666666667,40.2,18.2,40.8,12.878405698429185,3,3
ME,2025-03-06,56.9,50.4,48.0,72.3,13.390668392578467,3,3
ME,2025-03-07,80.0,81.7,74.2,84.1,5.164300533470139,3,3
ME,2025-03-08,79.93333333333334,86.3,62.6,90.9,15.18628767452182,3,3
ME,2025-03-09,78.53333333333333,65.6,56.0,114.0,31.087832560880365,3,3
ME,2025-03-10,85.03333333333335,79.9,75.8,99.4,12.609652387490044,3,3
ME,2025-03-11,89.75,89.75,83.5,96.0,8.838834764831844,2,2
ME,2025-03-12,89.0,89.0,87.2,90.8,2.545584412271567,2,2
ME,2025-03-13,62.46666666666667,58.9,49.7,78.8,14.874250681406885,3,3
ME,2025-03-14,60.03333333333333,48.4,45.7,86.0,22.528278525740344,3,3
ME,2025-03-15,38.25,38.25,36.2,40.3,2.899137802864841,2,2
ME,2025-03-16,36.0,36.0,26.2,45.8,13.85929291125633,2,2
ME,2025-03-17,53.7,53.7,29.5,77.9,34.223968209428904,2,2
ME,2025-03-18,45.400000000000006,45.400000000000006,35.7,55.1,13.717871555019023,2,2
ME,2025-03-19,65.9,65.9,65.9,65.9,0.0,1,1
ME,2025-03-20,31.2,31.2,31.2,31.2,0.0,1,1
ME,2025-03-21,54.45,54.45,31.0,77.9,33.16330803764908,2,2
ME,2025-03-22,37.6,37.6,37.6,37.6,0.0,1,1
ME,2025-03-23,51.4,51.4,51.4,51.4,0.0,1,1
ME,2025-03-24,46.650000000000006,46.650000000000006,31.6,61.7,21.283914113715085,2,2
ME,2025-03-25,53.2,53.2,45.1,61.3,11.45512985522207,2,2
ME,2025-03-26,33.1,33.1,21.6,44.6,16.263455967290593,2,2
ME,2025-03-27,20.466666666666665,16.2,14.6,30.6,8.812112875657764,3,3
ME,2025-03-28,37.46666666666667,41.9,24.0,46.5,11.887107862442125,3,3
ME,2025-03-29,61.43333333333334,53.6,51.3,79.4,15.602029782478091,3,3
ME,2025-03-30,52.0,47.8,39.0,69.2,15.53190265228314,3,3
ME,2025-03-31,36.7,38.2,26.3,45.6,9.737042672187487,3,3
ME,2025-04-01,32.0,30.9,29.8,35.3,2.9103264421710473,3,3
ME,2025-04-02,54.666666666666664,51.8,43.3,68.9,13.038532637276843,3,3
ME,2025-04-03,40.233333333333334,36.3,36.2,48.2,6.899516891299952,3,3
ME,2025-04-04,45.36666666666667,34.4,33.0,68.7,20.219380142163935,3,3
ME,2025-04-05,54.166666666666664,45.5,44.3,72.7,16.061548285683212,3,3
ME,2025-04-06,40.56666666666666,36.0,34.4,51.3,9.329701674401667,3,3
ME,2025-04-07,46.26666666666667,50.8,36.6,51.4,8.376952508718984,3,3
ME,2025-04-08,52.73333333333333,51.4,44.4,62.4,9.073771725877467,3,3
ME,2025-04-09,38.85,38.85,30.6,47.1,11.667261889578034,2,2
ME,2025-04-11,25.333333333333332,25.8,24.1,26.1,1.0785793124908967,3,3
ME,2025-04-12,23.433333333333334,24.2,18.6,27.5,4.499259198282905,3,3
ME,2025-04-13,24.7,25.7,19.5,28.9,4.779121258139407,3,3
ME,2025-04-14,29.46666666666667,25.7,23.2,39.5,8.778572397225721,3,3
ME,2025-04-15,23.166666666666668,22.3,14.7,32.5,8.931591870060641,3,3
ME,2025-04-16,28.866666666666664,25.5,20.7,40.4,10.272455078185223,3,3
ME,2025-04-17,22.9,22.9,22.0,23.8,1.2727922061357848,2,2
ME,2025-04-18,17.950000000000003,17.950000000000003,17.3,18.6,0.9192388155425135,2,2
ME,2025-04-19,13.045,13.045,8.09,18.0,7.007428201558686,2,2
ME,2025-04-20,11.2,11.2,0.0,22.4,15.839191898578663,2,2
ME,2025-04-21,10.95,10.95,0.0,21.9,15.48563850798539,2,2
ME,2025-04-22,14.6,14.6,0.0,29.2,20.647518010647186,2,2
ME,2025-04-23,18.0,18.0,0.0,36.0,25.45584412271571,2,2
ME,2025-04-24,13.55,13.55,0.0,27.1,19.16259377015544,2,2
ME,2025-04-25,7.05,7.05,0.0,14.1,9.97020561473032,2,2
ME,2025-04-26,7.4,7.4,0.0,14.8,10.465180361560904,2,2
ME,2025-04-27,8.95,8.95,0.0,17.9,12.6572113832392,2,2
ME,2025-04-28,8.15,8.15,0.0,16.3,11.525840533340725,2,2
ME,2025-04-29,8.7,8.7,0.0,17.4,12.303657992645926,2,2
ME,2025-04-30,6.7,6.7,0.0,13.4,9.475230867899738,2,2
ME,2025-05-01,6.45,6.45,0.0,12.9,9.121677477306463,2,2
ME,2025-05-02,6.75,6.75,0.0,13.5,9.545941546018392,2,2
ME,2025-05-03,11.65,11.65,10.8,12.5,1.2020815280171302,2,2
ME,2025-05-04,24.450000000000003,24.450000000000003,13.2,35.7,15.90990257669732,2,2
ME,2025-05-05,24.35,24.35,16.9,31.8,10.535891039679559,2,2
ME,2025-05-06,25.200000000000003,25.200000000000003,20.6,29.8,6.505382386916236,2,2
ME,2025-05-07,21.033333333333335,19.3,18.8,25.0,3.444318994131253,3,3
ME,2025-05-08,17.333333333333332,14.1,14.0,23.9,5.687119950672161,3,3
ME,2025-05-09,17.05666666666667,17.5,9.57,24.1,7.275138028472954,3,3
ME,2025-05-10,15.25,12.5,7.75,25.5,9.188987974744553,3,3
ME,2025-05-11,23.96666666666667,20.2,18.5,33.2,8.041351461870905,3,3
ME,2025-05-12,15.283333333333333,10.7,5.55,29.6,12.66316837656885,3,3
ME,2025-05-13,22.55,21.6,8.25,37.8,14.797888362871236,3,3
ME,2025-05-14,39.50333333333333,44.9,9.61,64.0,27.593677415910577,3,3
ME,2025-05-15,22.85666666666667,19.6,7.77,41.2,16.95127232196254,3,3
ME,2025-05-16,17.346666666666668,17.8,9.34,24.9,7.789899443082261,3,3
ME,2025-05-17,16.006666666666664,16.5,7.82,23.7,7.951486234241579,3,3
ME,2025-05-18,16.56,20.9,7.18,21.6,8.130854813609698,3,3
ME,2025-05-19,18.993333333333336,23.8,8.38,24.8,9.20500588448119,3,3
ME,2025-05-20,24.100000000000005,26.8,12.3,33.2,10.708407911543155,3,3
ME,2025-05-21,26.233333333333334,24.9,22.0,31.8,5.034216258101487,3,3
ME,2025-05-22,24.099999999999998,22.5,20.0,29.8,5.0921508225896055,3,3
ME,2025-05-23,34.56666666666666,34.8,26.5,42.4,7.952567719506281,3,3
ME,2025-05-24,50.300000000000004,50.2,30.5,70.2,19.8501889159776,3,3
ME,2025-05-25,25.266666666666666,27.3,17.9,30.6,6.589638330996122,3,3
ME,2025-05-26,7.0600000000000005,7.0600000000000005,3.32,10.8,5.289158723275376,2,2
ME,2025-05-27,24.166666666666668,21.1,19.5,31.9,6.7448745973022595,3,3
ME,2025-05-28,23.066666666666666,20.4,19.8,29.0,5.147167505855364,3,3
ME,2025-05-29,27.05,27.05,24.0,30.1,4.313351365237941,2,2
ME,2025-05-30,25.1,25.1,23.4,26.8,2.4041630560342617,2,2
ME,2025-05-31,26.8,26.8,25.6,28.0,1.6970562748477132,2,2
ME,2025-06-01,26.0,26.0,24.6,27.4,1.979898987322331,2,2
ME,2025-06-02,27.450000000000003,27.450000000000003,27.1,27.8,0.4949747468305815,2,2
ME,2025-06-03,23.05,23.05,22.5,23.6,0.7778174593052033,2,2
ME,2025-06-04,20.85,20.85,20.8,20.9,0.0707106781186545,2,2
ME,2025-06-05,29.1,29.1,24.0,34.2,7.2124891681027865,2,2
ME,2025-06-06,42.9,42.9,26.0,59.8,23.900209204105305,2,2
ME,2025-06-07,25.35,25.35,18.8,31.9,9.26309883354377,2,2
ME,2025-06-08,30.450000000000003,30.450000000000003,29.1,31.8,1.909188309203679,2,2
ME,2025-06-09,25.2,25.2,20.4,30.0,6.788225099390857,2,2
ME,2025-06-10,24.549999999999997,24.549999999999997,22.4,26.7,3.0405591591021537,2,2
ME,2025-06-11,19.9,19.9,16.1,23.7,5.374011537017759,2,2
ME,2025-06-12,18.85,18.85,16.4,21.3,3.4648232278140854,2,2
ME,2025-06-13,25.75,25.75,24.6,26.9,1.6263455967290572,2,2
ME,2025-06-14,24.7,24.7,23.4,26.0,1.8384776310850246,2,2
ME,2025-06-15,28.15,28.15,27.5,28.8,0.9192388155425135,2,2
ME,2025-06-16,18.299999999999997,18.299999999999997,16.2,20.4,2.9698484809834977,2,2
ME,2025-06-17,23.3,23.3,23.1,23.5,0.282842712474618,2,2
ME,2025-06-18,14.680000000000001,18.3,6.74,19.0,6.88514342624756,3,3
ME,2025-06-19,14.496666666666668,17.3,7.19,19.0,6.384593435241851,3,3
ME,2025-06-20,15.283333333333331,18.9,6.05,20.9,8.05858755200521,3,3
ME,2025-06-21,18.133333333333333,21.0,10.4,23.0,6.771508940652248,3,3
ME,2025-06-22,19.8,22.7,12.1,24.6,6.7357256476195655,3,3
ME,2025-06-23,17.73,21.9,9.29,22.0,7.309425422015057,3,3
ME,2025-06-24,20.933333333333334,22.9,15.6,24.3,4.671545069175009,3,3
ME,2025-06-25,23.066666666666666,24.3,18.5,26.4,4.091861841916628,3,3
ME,2025-06-26,19.1,19.1,13.1,25.1,8.485281374238571,2,2
ME,2025-06-27,15.645,15.645,6.39,24.9,13.088546519762993,2,2
ME,2025-06-28,19.6,19.6,19.6,19.6,0.0,1,1
ME,2025-06-30,15.4,15.3,11.7,19.2,3.75099986670221,3,3
ME,2025-07-01,14.9,18.0,6.7,20.0,7.171471257698799,3,3
ME,2025-07-02,16.966666666666665,19.0,10.2,21.7,6.013595707505896,3,3
ME,2025-07-03,17.166666666666668,19.7,10.5,21.3,5.828664798505171,3,3
ME,2025-07-04,19.0,19.6,13.7,23.7,5.026927491022722,3,3
ME,2025-07-05,16.26,19.3,9.38,20.1,5.971666434086888,3,3
ME,2025-07-06,15.833333333333334,14.3,13.5,19.7,3.3724372986511297,3,3
ME,2025-07-07,14.966666666666667,12.1,10.7,22.1,6.21718049708494,3,3
ME,2025-07-08,17.733333333333334,17.7,11.6,23.9,6.150067750304328,3,3
ME,2025-07-09,20.666666666666668,19.1,16.2,26.7,5.422484055608955,3,3
ME,2025-07-10,20.400000000000002,19.4,14.3,27.5,6.656575696257049,3,3
ME,2025-07-11,19.7,18.2,16.1,24.8,4.539823785126466,3,3
ME,2025-07-12,46.93333333333334,29.5,15.9,95.4,42.52062244762338,3,3
ME,2025-07-13,78.75,78.75,16.5,141.0,88.03479425772517,2,2
ME,2025-07-14,32.0,16.4,12.8,66.8,30.191389500981895,3,3
ME,2025-07-15,15.066666666666668,14.5,13.6,17.1,1.8175074506954114,3,3
ME,2025-07-16,12.173333333333334,13.8,4.62,18.1,6.88564690739609,3,3
ME,2025-07-17,14.026666666666666,16.2,8.28,17.6,5.0257470423145385,3,3
ME,2025-07-18,14.366666666666667,14.6,11.7,16.8,2.5579940057266244,3,3
ME,2025-07-19,15.5,16.2,14.1,16.2,1.212435565298214,3,3
ME,2025-07-20,13.433333333333332,12.5,11.7,16.1,2.343786110832927,3,3
ME,2025-07-21,16.233333333333334,18.4,10.1,20.2,5.387330817142505,3,3
ME,2025-07-22,15.1,16.4,10.3,18.6,4.3,3,3
ME,2025-07-23,14.6,13.8,11.5,18.5,3.567912554982255,3,3
ME,2025-07-24,14.666666666666666,12.3,11.5,20.2,4.8086727205470465,3,3
ME,2025-07-25,14.58,15.9,8.84,19.0,5.207033704519302,3,3
ME,2025-07-26,15.633333333333333,15.9,14.1,16.9,1.4189197769195168,3,3
ME,2025-07-27,16.7,17.6,13.4,19.1,2.954657340538832,3,3
ME,2025-07-28,21.666666666666668,19.7,19.0,26.3,4.02781992315115,3,3
ME,2025-07-29,18.333333333333332,17.7,16.1,21.2,2.608320021265284,3,3
ME,2025-07-30,20.400000000000002,21.2,14.9,25.1,5.146843692983108,3,3
ME,2025-07-31,22.366666666666664,23.7,19.2,24.2,2.7537852736430506,3,3
ME,2025-08-01,19.333333333333332,19.6,14.5,23.9,4.705670338361298,3,3
ME,2025-08-02,16.5,16.7,13.1,19.7,3.3045423283716615,3,3
ME,2025-08-03,18.266666666666666,19.1,16.2,19.5,1.8009256878986821,3,3
ME,2025-08-04,17.333333333333332,17.9,11.8,22.3,5.272886622461489,3,3
ME,2025-08-05,18.3,19.0,12.5,23.4,5.4836119483420775,3,3
ME,2025-08-06,17.166666666666668,17.0,12.1,22.4,5.152022256680703,3,3
ME,2025-08-07,14.933333333333332,14.7,10.9,19.2,4.1549167661137725,3,3
ME,2025-08-08,16.3,16.2,11.9,20.8,4.450842616853577,3,3
ME,2025-08-09,20.833333333333332,18.8,17.6,26.1,4.600362304572688,3,3
ME,2025-08-10,17.400000000000002,19.4,13.2,19.6,3.638681079732051,3,3
ME,2025-08-11,15.666666666666666,13.8,10.9,22.3,5.924806607251694,3,3
ME,2025-08-12,14.86,10.8,5.08,28.7,12.322288748442798,3,3
ME,2025-08-13,9.286666666666667,7.87,3.29,16.7,6.816321099635296,3,3
ME,2025-08-14,11.173333333333332,9.12,4.5,19.9,7.902666216748202,3,3
ME,2025-08-15,11.423333333333332,10.1,8.27,15.9,3.983419803803428,3,3
ME,2025-08-16,9.733333333333334,8.68,7.12,13.4,3.2698216057352933,3,3
ME,2025-08-17,15.033333333333333,14.9,10.1,20.1,5.001333155602948,3,3
ME,2025-08-18,9.733333333333333,8.14,5.36,15.7,5.350974989040159,3,3
ME,2025-08-19,8.89,6.39,4.78,15.5,5.780752546165593,3,3
ME,2025-08-20,11.553333333333333,10.1,5.46,19.1,6.93516642434292,3,3
ME,2025-08-21,12.713333333333333,9.04,7.3,21.8,7.917230155384731,3,3
ME,2025-08-22,11.176666666666668,7.66,4.87,21.0,8.620871958991929,3,3
ME,2025-08-23,15.156666666666666,7.25,6.92,31.3,13.981510409584986,3,3
ME,2025-08-24,33.52333333333333,33.7,5.27,61.6,28.16541555406796,3,3
ME,2025-08-25,11.026666666666666,6.74,3.44,22.9,10.41415062947206,3,3
ME,2025-08-26,10.42,7.35,6.31,17.6,6.239767623878313,3,3
ME,2025-08-27,15.25,16.1,9.75,19.9,5.128108813198097,3,3
ME,2025-08-28,21.933333333333334,16.0,15.5,34.3,10.712764971441,3,3
ME,2025-08-29,16.433333333333334,14.3,11.8,23.2,5.9919390295073365,3,3
ME,2025-08-30,16.666666666666668,15.4,10.3,24.3,7.085431061927943,3,3
ME,2025-08-31,14.14,15.3,9.52,17.6,4.163027744322635,3,3
ME,2025-09-01,13.075,13.075,9.35,16.8,5.26794551983978,2,2
ME,2025-09-02,13.9,13.9,11.7,16.1,3.1112698372208105,2,2
ME,2025-09-03,17.5,20.5,11.0,21.0,5.634713834792322,3,3
ME,2025-09-04,17.53333333333333,17.7,14.0,20.9,3.453018003621373,3,3
ME,2025-09-05,18.533333333333335,18.6,13.5,23.5,5.0003333222229625,3,3
ME,2025-09-06,19.966666666666665,16.7,10.3,32.9,11.64874814447172,3,3
ME,2025-09-07,18.566666666666666,18.3,10.0,27.4,8.70306459434453,3,3
ME,2025-09-08,21.400000000000002,24.6,11.9,27.7,8.371977066380438,3,3
ME,2025-09-09,26.53333333333333,27.2,13.6,38.8,12.613220577367754,3,3
ME,2025-09-10,33.300000000000004,29.9,26.5,43.5,8.995554457619608,3,3
ME,2025-09-11,27.266666666666666,28.6,22.4,30.8,4.3558389930452375,3,3
ME,2025-09-12,18.166666666666668,18.5,15.0,21.0,3.0138568866708537,3,3
ME,2025-09-13,28.0,29.0,20.0,35.0,7.54983443527075,3,3
ME,2025-09-14,27.366666666666664,26.3,20.4,35.4,7.556674753708361,3,3
ME,2025-09-15,16.633333333333336,19.1,11.0,19.8,4.8911484677254835,3,3
ME,2025-09-16,17.133333333333333,18.2,11.2,22.0,5.478442601080469,3,3
ME,2025-09-17,12.469999999999999,9.86,9.75,17.8,4.6162430611916445,3,3
ME,2025-09-18,11.29,12.0,8.37,13.5,2.637669425837894,3,3
ME,2025-09-19,12.63,13.7,9.49,14.7,2.76490506166125,3,3
ME,2025-09-20,13.466666666666667,12.9,10.6,16.9,3.187998327059368,3,3
ME,2025-09-21,13.133333333333333,12.6,12.1,14.7,1.3796134724383249,3,3
ME,2025-09-22,13.933333333333335,13.3,11.9,16.6,2.4131583730317683,3,3
ME,2025-09-23,19.266666666666666,19.8,16.9,21.1,2.15019378971602,3,3
ME,2025-09-24,18.266666666666666,17.9,16.3,20.6,2.173323108360404,3,3
ME,2025-09-25,21.333333333333332,20.6,20.4,23.0,1.4468356276140468,3,3
ME,2025-09-26,24.03333333333333,23.8,23.6,24.7,0.5859465277082309,3,3
ME,2025-09-27,20.666666666666668,18.8,15.1,28.1,6.698009654616314,3,3
ME,2025-09-28,13.873333333333333,15.7,9.72,16.2,3.6055697654231187,3,3
ME,2025-09-29,17.666666666666668,17.1,12.9,23.0,5.0737888538382565,3,3
ME,2025-09-30,14.963333333333333,17.0,7.29,20.6,6.884768212026702,3,3
ME,2025-10-01,16.666666666666668,16.6,11.1,22.3,5.60029761113937,3,3
ME,2025-10-02,12.969999999999999,13.3,8.21,17.4,4.603878799447265,3,3
ME,2025-10-03,13.913333333333334,13.2,8.24,20.3,6.0615619549199815,3,3
ME,2025-10-04,12.396666666666667,13.1,8.79,15.3,3.311500163571389,3,3
ME,2025-10-05,20.599999999999998,20.8,17.5,23.5,3.0049958402633457,3,3
ME,2025-10-06,17.166666666666668,18.4,11.5,21.6,5.161718060232787,3,3
ME,2025-10-07,15.166666666666666,13.8,12.6,19.1,3.4588051886935385,3,3
ME,2025-10-08,28.2,28.1,27.1,29.4,1.153256259467078,3,3
ME,2025-10-09,45.93333333333334,43.5,42.2,52.1,5.3799008664968255,3,3
ME,2025-10-10,57.833333333333336,58.3,51.2,64.0,6.4127477210111214,3,3
ME,2025-10-11,66.60000000000001,66.4,62.8,70.6,3.9038442591886238,3,3
ME,2025-10-12,80.0,80.0,80.0,80.0,0.0,1,1
ME,2025-10-13,67.69999999999999,67.69999999999999,66.6,68.8,1.5556349186104015,2,2
ME,2025-10-14,67.73333333333333,65.3,62.0,75.9,7.262460556404654,3,3
ME,2025-10-15,85.0,67.7,64.3,123.0,32.95284509719912,3,3
ME,2025-10-16,49.4,49.8,48.2,50.2,1.0583005244258359,3,3
ME,2025-10-17,46.5,41.2,40.6,57.7,9.704122835166501,3,3
ME,2025-10-18,86.89999999999999,69.5,68.2,123.0,31.270273423812597,3,3
ME,2025-10-19,91.85,91.85,89.2,94.5,3.747665940288695,2,2
ME,2025-10-20,104.55,104.55,90.1,119.0,20.43538597629123,2,2
ME,2025-10-21,105.16666666666667,98.7,94.8,122.0,14.707934366638073,3,3
ME,2025-10-22,54.36666666666667,53.8,43.5,65.8,11.160794475902389,3,3
ME,2025-10-23,47.06666666666666,41.9,39.4,59.9,11.184066046538412,3,3
ME,2025-10-24,21.46666666666667,19.6,16.0,28.8,6.601010023726167,3,3
ME,2025-10-25,17.166666666666668,16.1,12.6,22.8,5.182984982935348,3,3
ME,2025-10-26,20.066666666666666,20.5,17.8,21.9,2.0840665376454104,3,3
ME,2025-10-27,14.4,12.3,12.3,18.6,3.637306695894643,3,3
ME,2025-10-28,24.566666666666666,22.8,19.6,31.3,6.046762219017158,3,3
ME,2025-10-29,30.133333333333336,25.1,21.1,44.2,12.345174495864097,3,3
ME,2025-10-30,22.96666666666667,18.9,18.4,31.6,7.48086447767458,3,3
ME,2025-10-31,19.433333333333334,18.9,12.1,27.3,7.614022152143592,3,3
ME,2025-11-01,19.3,18.7,11.3,27.9,8.316249154516715,3,3
ME,2025-11-02,15.57,16.1,8.41,22.2,6.910260487130713,3,3
ME,2025-11-03,16.113333333333333,16.1,9.04,23.2,7.080009416189595,3,3
ME,2025-11-04,25.3,25.3,22.0,28.6,4.666904755831214,2,2
ME,2025-11-05,28.76666666666667,26.5,23.1,36.7,7.077664398184852,3,3
ME,2025-11-06,47.6,48.6,43.9,50.3,3.3151168908501543,3,3
ME,2025-11-07,72.33333333333333,67.5,63.1,86.4,12.37914913608094,3,3
ME,2025-11-08,49.55,49.55,44.2,54.9,7.566042558696058,2,2
ME,2025-11-09,56.63333333333333,43.4,38.7,87.8,27.093234087744737,3,3
ME,2025-11-10,75.03333333333333,59.0,55.1,111.0,31.209026472053456,3,3
ME,2025-11-11,83.36666666666666,59.2,58.9,132.0,42.11796924512545,3,3
ME,2025-11-12,82.7,71.8,68.3,108.0,21.98021837926093,3,3
ME,2025-11-13,84.06666666666666,77.5,69.7,105.0,18.54355233857131,3,3
ME,2025-11-14,94.6,94.6,79.2,110.0,21.778888860545667,2,2
ME,2025-11-15,97.73333333333333,82.8,77.4,133.0,30.66094149456819,3,3
ME,2025-11-16,89.7,93.1,82.7,93.3,6.063002556489643,3,3
ME,2025-11-17,96.86666666666667,85.9,61.7,143.0,41.744740187637206,3,3
ME,2025-11-18,105.10000000000001,105.0,75.3,135.0,29.85012562787634,3,3
ME,2025-11-19,104.96666666666665,90.6,56.3,168.0,57.21908189872793,3,3
ME,2025-11-20,98.7,92.6,49.5,154.0,52.516378397600874,3,3
ME,2025-11-21,86.6,86.6,73.2,100.0,18.950461735799465,2,2
ME,2025-11-22,84.10000000000001,95.7,59.6,97.0,21.227576404290716,3,3
ME,2025-11-23,118.5,109.0,74.5,172.0,49.439356791932475,3,3
ME,2025-11-24,94.76666666666667,95.0,68.3,121.0,26.35077481466785,3,3
ME,2025-11-25,90.8,72.5,66.9,133.0,36.65337637926416,3,3
ME,2025-11-26,72.10000000000001,81.5,32.8,102.0,35.54476051403358,3,3
ME,2025-11-27,112.73333333333333,80.2,77.0,181.0,59.14231423721373,3,3
ME,2025-11-28,74.25,74.25,73.0,75.5,1.7677669529663689,2,2
ME,2025-11-29,70.3,64.6,52.2,94.1,21.52370785900979,3,3
ME,2025-11-30,57.95,57.95,48.7,67.2,13.08147545195113,2,2
ME,2025-12-01,88.36666666666667,74.8,66.3,124.0,31.150655423816264,3,3
ME,2025-12-02,65.75,65.75,64.5,67.0,1.7677669529663689,2,2
ME,2025-12-03,79.26666666666667,78.2,74.5,85.1,5.379900866496829,3,3
ME,2025-12-04,83.1,83.1,82.3,83.9,1.1313708498984771,2,2
ME,2025-12-05,69.30000000000001,69.30000000000001,69.2,69.4,0.14142135623730648,2,2
ME,2025-12-06,58.56666666666666,57.9,54.7,63.1,4.2394968254892405,3,3
ME,2025-12-07,69.10000000000001,59.0,58.5,89.8,17.92846898092528,3,3
ME,2025-12-08,62.23333333333333,63.4,58.2,65.1,3.5949038002891402,3,3
ME,2025-12-09,47.73333333333333,50.3,38.0,54.9,8.737467215007637,3,3
ME,2025-12-10,37.4,40.7,30.3,41.2,6.153860576906178,3,3
ME,2025-12-11,36.900000000000006,36.900000000000006,32.7,41.1,5.939696961967001,2,2
ME,2025-12-12,56.56666666666666,58.3,49.1,62.3,6.768554744798425,3,3
ME,2025-12-13,74.86666666666667,80.3,51.9,92.4,20.789500555168072,3,3
ME,2025-12-14,85.0,84.3,59.7,111.0,25.657162742594902,3,3
ME,2025-12-15,76.7,71.1,53.0,106.0,26.940118782217716,3,3
ME,2025-12-16,56.5,56.5,54.4,58.6,2.9698484809835017,2,2
ME,2025-12-17,58.93333333333334,59.7,48.1,69.0,10.471071260063757,3,3
ME,2025-12-18,62.166666666666664,57.5,57.5,71.5,8.082903768654761,3,3
ME,2025-12-19,46.73333333333333,46.4,38.0,55.8,8.904680417248747,3,3
ME,2025-12-20,38.03333333333334,43.6,26.3,44.2,10.16579231212862,3,3
ME,2025-12-21,50.7,50.7,47.2,54.2,4.949747468305833,2,2
ME,2025-12-22,56.25,56.25,48.7,63.8,10.677312395916863,2,2
ME,2025-12-23,46.36666666666667,48.3,33.6,57.2,11.91819337539601,3,3
ME,2025-12-24,39.266666666666666,39.9,31.6,46.3,7.370436441170448,3,3
ME,2025-12-25,64.60000000000001,63.6,50.7,79.5,14.426018161641142,3,3
ME,2025-12-26,82.0,76.2,62.8,107.0,22.66362724719942,3,3
ME,2025-12-27,58.56666666666666,65.6,19.6,90.5,35.96947780178819,3,3
ME,2025-12-28,57.73333333333333,67.6,34.6,71.0,20.106052156834103,3,3
ME,2025-12-29,66.73333333333333,70.2,56.3,73.7,9.203441385336976,3,3
ME,2025-12-30,63.63333333333333,71.0,43.9,76.0,17.27146008110876,3,3
ME,2025-12-31,57.46666666666667,54.2,45.4,72.8,13.989043331598243,3,3
ME,2026-01-01,33.13333333333333,32.8,25.6,41.0,7.7054093553381895,3,3
ME,2026-01-02,55.5,55.5,55.5,55.5,0.0,1,1
ME,2026-01-03,42.46666666666667,36.5,26.6,64.3,19.545417195172206,3,3
ME,2026-01-04,62.4,62.4,42.8,82.0,27.718585822512665,2,2
ME,2026-01-05,52.4,46.0,35.9,75.3,20.464847910502534,3,3
ME,2026-01-06,54.633333333333326,52.4,35.9,75.6,19.94400494718484,3,3
ME,2026-01-07,52.666666666666664,51.1,39.6,67.3,13.916297400290542,3,3
ME,2026-01-08,46.13333333333333,41.4,31.6,65.4,17.390035460956753,3,3
ME,2026-01-09,44.03333333333333,34.5,31.8,65.8,18.898765391774493,3,3
ME,2026-01-10,43.300000000000004,34.7,31.6,63.6,17.648512685209482,3,3
ME,2026-01-20,53.36666666666667,43.4,39.6,77.1,20.64130163854337,3,3
ME,2026-01-21,51.76666666666667,46.1,44.0,65.2,11.680896084347868,3,3
ME,2026-01-22,54.63333333333333,51.5,46.4,66.0,10.168742957383342,3,3
ME,2026-01-23,46.0,41.7,37.3,59.0,11.471268456452407,3,3
ME,2026-01-24,39.63333333333333,32.0,28.0,58.9,16.804860408028784,3,3
ME,2026-01-25,49.0,45.1,39.9,62.0,11.554652742510264,3,3
ME,2026-01-26,58.199999999999996,54.9,47.9,71.8,12.286984984120389,3,3
ME,2026-01-27,34.699999999999996,34.1,26.4,43.6,8.615683373940806,3,3
ME,2026-01-28,26.7,26.2,20.4,33.5,6.5642973729105245,3,3
ME,2026-01-29,40.5,38.0,29.7,53.8,12.242957159118053,3,3
ME,2026-01-30,52.96666666666667,49.2,42.4,67.3,12.870249932823112,3,3
ME,2026-01-31,47.1,45.1,37.0,59.2,11.23432240947357,3,3
ME,2026-02-01,56.833333333333336,51.2,45.8,73.5,14.684118405043368,3,3
ME,2026-02-02,63.73333333333334,63.7,51.1,76.4,12.650032938033542,3,3
ME,2026-02-03,67.06666666666666,61.0,57.0,83.2,14.114295353765742,3,3
ME,2026-02-04,55.1,55.8,46.7,62.8,8.072793816269554,3,3
ME,2026-02-05,56.5,52.6,51.1,65.8,8.088881257627657,3,3
ME,2026-02-06,43.76666666666667,46.0,36.2,49.1,6.733745861950338,3,3
ME,2026-02-07,48.53333333333333,46.8,40.4,58.4,9.124326459160331,3,3
ME,2026-02-08,51.9,51.7,41.7,62.3,10.301456207740726,3,3
ME,2026-02-09,53.4,51.4,48.4,60.4,6.244997998398398,3,3
ME,2026-02-10,45.73333333333333,42.1,39.6,55.5,8.550048732804585,3,3
ME,2026-02-11,46.63333333333333,40.9,40.6,58.4,10.191336189790489,3,3
ME,2026-02-12,48.26666666666667,45.8,44.9,54.1,5.071817557181385,3,3
ME,2026-02-13,49.86666666666667,49.4,40.8,59.4,9.30877722009359,3,3
ME,2026-02-14,54.800000000000004,52.1,46.7,65.6,9.734988443752764,3,3
ME,2026-02-15,53.56666666666666,53.4,47.3,60.0,6.351640208114228,3,3
ME,2026-02-16,45.9,44.2,40.7,52.8,6.226556030423235,3,3
ME,2026-02-17,29.766666666666666,31.2,24.6,33.5,4.619884558442271,3,3
ME,2026-02-18,19.8,18.9,18.2,22.3,2.193171219946132,3,3
ME,2026-02-19,38.666666666666664,39.6,33.6,42.8,4.670474636836531,3,3
ME,2026-02-20,59.0,55.3,51.4,70.3,9.978476837674174,3,3
ME,2026-02-21,58.56666666666666,58.1,46.4,71.2,12.406584273414397,3,3
ME,2026-02-22,52.650000000000006,52.650000000000006,41.6,63.7,15.627059864222703,2,2
ME,2026-02-23,44.4,41.9,40.5,50.8,5.586591089385365,3,3
ME,2026-02-24,44.23333333333333,41.6,38.3,52.8,7.600219295081779,3,3
ME,2026-02-25,33.53333333333333,33.9,29.8,36.9,3.5641735835019768,3,3
ME,2026-02-26,19.566666666666666,20.3,15.8,22.6,3.458805188693539,3,3
ME,2026-02-27,14.43,14.9,9.39,19.0,4.822209037360366,3,3
ME,2026-02-28,15.6,16.0,14.3,16.5,1.1532562594670794,3,3
ME,2026-03-01,23.433333333333334,21.7,19.7,28.9,4.83873261643308,3,3
ME,2026-03-02,28.566666666666666,31.6,21.9,32.2,5.78129166651652,3,3
ME,2026-03-03,72.60000000000001,71.4,68.5,77.9,4.813522618623496,3,3
ME,2026-03-04,39.56666666666666,42.1,33.8,42.8,5.006329327294933,3,3
ME,2026-03-05,34.46666666666667,33.2,25.9,44.3,9.265167744478958,3,3
ME,2026-03-06,28.2,26.7,22.0,35.9,7.070360669725412,3,3
ME,2026-03-07,30.833333333333332,30.4,24.1,38.0,6.960124519958916,3,3
ME,2026-03-08,48.6,52.8,39.5,53.5,7.88859936870925,3,3
ME,2026-03-09,49.26666666666667,46.2,38.9,62.7,12.192757413043754,3,3
ME,2026-03-10,40.900000000000006,40.900000000000006,40.2,41.6,0.989949493661168,2,2
ME,2026-03-11,29.599999999999998,40.8,0.0,48.0,25.8859034997815,3,3
ME,2026-03-12,41.833333333333336,44.1,35.9,45.5,5.18587826055851,3,3
ME,2026-03-13,40.833333333333336,43.3,34.4,44.8,5.6216842078983165,3,3
ME,2026-03-14,37.166666666666664,37.6,26.0,47.9,10.956428858589524,3,3
ME,2026-03-15,25.666666666666668,26.2,20.5,30.3,4.9217205663602375,3,3
ME,2026-03-16,18.900000000000002,18.1,15.9,22.7,3.4698703145794947,3,3
ME,2026-03-17,22.400000000000002,23.5,17.5,26.2,4.453088815642463,3,3
ME,2026-03-18,23.133333333333336,23.7,20.3,25.4,2.5967928938083094,3,3
ME,2026-03-19,17.7,18.6,14.2,20.3,3.14801524773944,3,3
ME,2026-03-20,20.033333333333335,21.8,14.9,23.4,4.5170049073842415,3,3
ME,2026-03-21,22.066666666666666,25.9,12.0,28.3,8.800189391901366,3,3
ME,2026-03-22,33.3,33.3,32.8,33.8,0.7071067811865476,2,2
ME,2026-03-23,38.4,37.9,30.8,46.5,7.861933604400384,3,3
ME,2026-03-24,37.96666666666667,39.5,31.2,43.2,6.1451878192072655,3,3
ME,2026-03-25,25.733333333333334,28.4,16.6,32.2,8.134699338840578,3,3
ME,2026-03-26,25.209999999999997,32.3,4.83,38.5,17.91977399411053,3,3
ME,2026-03-27,31.366666666666664,33.1,22.4,38.6,8.23792044956331,3,3
ME,2026-03-28,17.8,17.6,17.3,18.5,0.6244997998398393,3,3
ME,2026-03-29,14.626666666666665,9.65,9.03,25.2,9.162021247155746,3,3
ME,2026-03-30,16.156666666666666,10.7,9.87,27.9,10.178488754885635,3,3
ME,2026-03-31,10.926666666666668,7.0,5.98,19.8,7.701437095330542,3,3
ME,2026-04-01,17.400000000000002,17.0,14.1,21.1,3.517101079013795,3,3
ME,2026-04-02,19.166666666666668,21.0,12.7,23.8,5.772636601530823,3,3
ME,2026-04-03,26.099999999999998,25.8,22.5,30.0,3.7589892258424995,3,3
ME,2026-04-04,20.2,20.9,16.0,23.7,3.897435053981014,3,3
ME,2026-04-05,17.066666666666666,16.4,13.9,20.9,3.547299442298793,3,3
ME,2026-04-06,16.633333333333333,16.7,14.8,18.4,1.800925687898678,3,3
ME,2026-04-07,20.433333333333334,17.9,17.5,25.9,4.73849483837783,3,3
ME,2026-04-08,20.7,22.4,17.2,22.5,3.031501278244824,3,3
ME,2026-04-09,25.366666666666664,21.1,20.9,34.1,7.563949585589088,3,3
ME,2026-04-10,43.6,43.4,31.9,55.5,11.801271117977082,3,3
ME,2026-04-11,44.9,40.0,36.0,58.7,12.117342943071307,3,3
ME,2026-04-12,44.23333333333333,39.6,34.2,58.9,12.985504739259587,3,3
ME,2026-04-13,35.199999999999996,32.4,28.8,44.4,8.168231142664856,3,3
ME,2026-04-14,42.23333333333333,39.3,32.6,54.8,11.386980869981883,3,3
ME,2026-04-15,23.53333333333333,20.6,20.5,29.5,5.167526810122356,3,3
ME,2026-04-16,22.7,21.4,18.3,28.4,5.173973328110612,3,3
ME,2026-04-17,23.7,21.2,19.8,30.1,5.5865910893853705,3,3
ME,2026-04-18,27.46666666666667,23.2,23.0,36.2,7.56394958558909,3,3
ME,2026-04-19,34.03333333333333,31.1,26.0,45.0,9.833785300347639,3,3
ME,2026-04-20,24.53333333333333,23.5,22.9,27.2,2.3288051299611414,3,3
ME,2026-04-21,34.300000000000004,29.4,28.6,44.9,9.188579868510692,3,3
ME,2026-04-22,31.566666666666666,27.0,25.8,41.9,8.969020756656398,3,3
ME,2026-04-23,33.46666666666667,29.2,27.5,43.7,8.902995750495077,3,3
ME,2026-04-24,31.933333333333334,28.6,27.4,39.8,6.839103255057148,3,3
ME,2026-04-25,36.36666666666667,31.9,31.0,46.2,8.527797683653931,3,3
ME,2026-04-26,34.800000000000004,32.7,29.8,41.9,6.317436188834835,3,3
ME,2026-04-27,24.233333333333334,25.3,20.7,26.7,3.139001964531614,3,3
ME,2026-04-28,24.333333333333332,24.4,23.0,25.6,1.301281419729543,3,3
ME,2026-04-29,22.15,22.15,20.1,24.2,2.899137802864845,2,2
ME,2026-04-30,19.733333333333334,20.1,17.3,21.8,2.272296928953901,3,3
ME,2026-05-01,19.9,19.9,18.8,21.0,1.5556349186104053,2,2
ME,2026-05-02,18.75,18.75,17.9,19.6,1.2020815280171329,2,2
ME,2026-05-03,21.85,21.85,19.4,24.3,3.464823227814083,2,2
ME,2026-05-04,21.2,18.1,16.9,28.6,6.43661401670164,3,3
ME,2026-05-05,16.733333333333334,18.4,13.0,18.8,3.2393414968683576,3,3
ME,2026-05-06,21.7,21.8,17.9,25.4,3.7509998667022093,3,3
ME,2026-05-07,21.400000000000002,22.8,17.8,23.6,3.143246729100342,3,3
ME,2026-05-08,25.233333333333334,25.3,24.8,25.6,0.40414518843273917,3,3
ME,2026-05-09,25.566666666666666,26.1,24.2,26.4,1.1930353445448851,3,3
ME,2026-05-10,32.36666666666667,33.8,27.5,35.8,4.33166634603051,3,3
ME,2026-05-11,23.566666666666666,24.1,21.8,24.8,1.5695009822658075,3,3
ME,2026-05-12,22.0,21.6,21.4,23.0,0.8717797887081349,3,3
ME,2026-05-13,17.266666666666666,17.3,15.7,18.8,1.5502687938977993,3,3
ME,2026-05-14,16.3,17.6,13.6,17.7,2.338803112705301,3,3
ME,2026-05-15,15.033333333333333,14.4,13.3,17.4,2.1221058723195996,3,3
ME,2026-05-16,11.540000000000001,10.3,9.82,14.5,2.5746456066806553,3,3
ME,2026-05-17,11.733333333333334,11.5,11.3,12.4,0.5859465277082313,3,3
ME,2026-05-18,15.733333333333334,15.6,15.0,16.6,0.8082903768654776,3,3
ME,2026-05-19,14.833333333333334,15.9,12.5,16.1,2.023198787399137,3,3
ME,2026-05-20,13.613333333333335,14.9,9.14,16.8,3.9888009894369683,3,3
ME,2026-05-21,10.113333333333335,11.0,7.94,11.4,1.8927581285873094,3,3
ME,2026-05-22,11.233333333333334,12.3,6.1,15.3,4.691836882643444,3,3
ME,2026-05-23,11.423333333333332,10.8,9.87,13.6,1.9415543601283305,3,3
ME,2026-05-24,8.233333333333333,10.1,4.2,10.4,3.4961884007206088,3,3
ME,2026-05-25,9.526666666666666,9.75,6.83,12.0,2.5922255560296708,3,3
ME,2026-05-26,10.516666666666667,10.5,7.25,13.8,3.275031806461326,3,3
ME,2026-05-27,9.826666666666666,9.55,7.13,12.8,2.845106910703592,3,3
ME,2026-05-28,12.33,11.7,9.89,15.4,2.8085049403552778,3,3
ME,2026-05-29,13.200000000000001,14.0,11.4,14.2,1.562049935181331,3,3
ME,2026-05-30,14.466666666666667,15.2,12.0,16.2,2.1939310229205775,3,3
ME,2026-05-31,14.850000000000001,14.850000000000001,13.6,16.1,1.7677669529663707,2,2
ME,2026-06-01,10.663333333333334,10.5,7.39,14.1,3.357980543918224,3,3
ME,2026-06-02,16.5,16.7,15.1,17.7,1.3114877048604001,3,3
ME,2026-06-03,18.0,16.7,13.8,23.5,4.978955713801841,3,3
ME,2026-06-04,15.266666666666666,15.8,12.1,17.9,2.936551265231604,3,3
ME,2026-06-05,18.066666666666666,17.7,17.6,18.9,0.7234178138070224,3,3
ME,2026-06-06,16.0,17.4,12.7,17.9,2.8687976575562097,3,3
ME,2026-06-07,17.066666666666666,16.4,15.3,19.5,2.177919496522618,3,3
ME,2026-06-08,18.15,18.15,18.0,18.3,0.2121320343559635,2,2
ME,2026-06-09,19.5,17.5,15.4,25.6,5.386093203798094,3,3
ME,2026-06-10,19.099999999999998,19.8,17.6,19.9,1.2999999999999992,3,3
ME,2026-06-11,18.233333333333334,18.2,16.4,20.1,1.850225211517058,3,3
ME,2026-06-12,17.46666666666667,16.0,15.8,20.6,2.715388247255507,3,3
ME,2026-06-13,17.066666666666666,15.9,14.7,20.6,3.1182259913824946,3,3
ME,2026-06-14,14.7,14.7,14.6,14.8,0.1414213562373109,2,2
ME,2026-06-15,15.633333333333333,15.0,14.9,17.0,1.1846237095944578,3,3
ME,2026-06-16,14.133333333333333,14.0,13.2,15.2,1.0066445913694333,3,3
ME,2026-06-17,14.0,14.2,12.7,15.1,1.212435565298214,3,3
ME,2026-06-18,14.200000000000001,14.1,13.9,14.6,0.36055512754639857,3,3
ME,2026-06-19,14.700000000000001,14.2,12.8,17.1,2.193171219946131,3,3
ME,2026-06-20,15.366666666666665,16.4,12.2,17.5,2.797022226106424,3,3
ME,2026-06-21,12.799999999999999,12.9,11.4,14.1,1.3527749258468682,3,3
ME,2026-06-22,12.166666666666666,12.7,10.5,13.3,1.4742229591663991,3,3
ME,2026-06-23,10.773333333333333,9.69,9.63,13.0,1.9285832451137106,3,3
ME,2026-06-25,16.903333333333332,13.7,9.61,27.4,9.317565848081426,3,3
ME,2026-06-26,17.53333333333333,18.9,11.8,21.9,5.186842327788009,3,3
ME,2026-06-27,16.1,16.1,13.8,18.4,3.2526911934581184,2,2
ME,2026-06-28,16.7,16.7,12.1,21.3,6.505382386916237,2,2
ME,2026-06-29,10.533333333333333,10.1,7.2,14.3,3.569780572154727,3,3
ME,2026-06-30,10.933333333333332,10.1,10.1,12.6,1.4433756729740645,3,3
ME,2026-07-01,9.133333333333335,9.06,8.38,9.96,0.792548631525747,3,3
ME,2026-07-02,11.540000000000001,10.9,9.22,14.5,2.6975544480139777,3,3
ME,2026-07-03,13.216666666666667,8.14,7.71,23.8,9.16795687889801,3,3
ME,2026-07-04,13.273333333333333,8.71,7.91,23.2,8.606046324145213,3,3
ME,2026-07-05,13.36,11.7,3.98,24.4,10.310712875451435,3,3
ME,2026-07-06,14.106666666666667,11.5,6.72,24.1,8.978425994200396,3,3
ME,2026-07-07,19.926666666666666,16.2,9.48,34.1,12.726041542181658,3,3
ME,2026-07-08,18.400000000000002,13.8,12.8,28.6,8.847598544237867,3,3
ME,2026-07-09,16.533333333333335,15.8,14.4,19.4,2.579405616287078,3,3
ME,2026-07-10,14.866666666666667,15.9,12.0,16.7,2.514623895005639,3,3
ME,2026-07-11,12.166666666666666,10.2,10.0,16.3,3.5809682117177943,3,3
ME,2026-07-12,15.4,15.4,10.3,20.5,7.212489168102785,2,2
ME,2026-07-13,15.799999999999999,12.9,10.8,23.7,6.921704992268883,3,3
ME,2026-07-14,14.266666666666666,12.3,10.8,19.7,4.764801499887831,3,3
ME,2026-07-15,13.466666666666667,11.2,10.6,18.6,4.455707949735188,3,3
ME,2026-07-16,15.1,14.9,12.6,17.8,2.605762844159077,3,3
ME,2026-07-17,15.5,15.3,14.8,16.4,0.8185352771872438,3,3
ME,2026-07-18,12.566666666666668,12.3,12.2,13.2,0.5507570547286098,3,3
ME,2026-07-19,10.513333333333334,11.1,9.14,11.3,1.1935381574685127,3,3
ME,2026-07-20,11.023333333333333,10.4,9.27,13.4,2.134392966005401,3,3
ME,2026-07-21,10.916666666666666,9.44,8.81,14.5,3.1192039582773896,3,3
ME,2026-07-22,8.729999999999999,8.13,7.56,10.5,1.5591343752223537,3,3
ME,2026-07-23,12.299999999999999,12.1,10.2,14.6,2.2068076490713917,3,3
ME,2026-07-24,10.046666666666667,8.62,8.42,13.1,2.6461544424567007,3,3
ME,2026-07-25,14.5,15.8,10.6,17.1,3.439476704383969,3,3
ME,2026-07-26,14.166666666666666,12.2,12.2,18.1,3.406366588218793,3,3
ME,2026-07-27,13.966666666666667,12.4,11.8,17.7,3.2470499431535287,3,3
ME,2026-07-28,14.299999999999999,14.2,12.2,16.5,2.1517434791350016,3,3
ME,2026-07-29,16.3,15.8,12.5,20.6,4.073082370883261,3,3
ME,2026-07-30,17.833333333333332,15.3,11.8,26.4,7.622554252567399,3,3
ME,2026-07-31,14.733333333333334,14.0,13.5,16.7,1.7214335111567136,3,3
ME,2026-08-01,20.966666666666665,16.7,15.8,30.4,8.18189057207033,3,3
ME,2026-08-02,15.493333333333334,13.1,8.58,24.8,8.370671020493718,3,3
ME,2026-08-03,16.0,14.2,11.8,22.0,5.332916650389352,3,3
ME,2026-08-04,79.66666666666667,26.4,12.6,200.0,104.4399029745496,3,3
ME,2026-08-05,17.53333333333333,17.9,10.0,24.7,7.356856212631408,3,3
ME,2026-08-06,17.933333333333334,14.4,12.9,26.5,7.456764266981579,3,3
ME,2026-08-07,16.166666666666668,14.2,12.1,22.2,5.329477773040557,3,3
ME,2026-08-08,17.033333333333335,18.0,10.6,22.5,6.008604940694083,3,3
ME,2026-08-09,16.166666666666668,13.5,11.4,23.6,6.5225250734154585,3,3
ME,2026-08-10,14.866666666666667,14.6,10.7,19.3,4.306197084822447,3,3
ME,2026-08-11,11.13,9.47,9.22,14.7,3.094236577897688,3,3
ME,2026-08-12,13.166666666666666,14.2,11.1,14.2,1.7897858344878395,3,3
ME,2026-08-13,13.893333333333333,13.1,9.28,19.3,5.056889689654437,3,3
ME,2026-08-14,14.483333333333333,13.7,9.85,19.9,5.070585107591956,3,3
ME,2026-08-15,13.133333333333333,11.6,11.3,16.5,2.9194748386196676,3,3
ME,2026-08-16,12.943333333333333,14.4,8.53,15.9,3.8949497215411317,3,3
ME,2026-08-17,15.393333333333333,15.6,9.68,20.9,5.612854294682281,3,3
ME,2026-08-18,13.1,11.1,10.8,17.4,3.7269290307168443,3,3
ME,2026-08-19,11.983333333333334,12.1,9.15,14.7,2.7768387301630124,3,3
ME,2026-08-20,11.523333333333333,11.2,9.37,14.0,2.331873352764539,3,3
ME,2026-08-21,11.770000000000001,11.2,9.01,15.1,3.0847528264027897,3,3
ME,2026-08-22,12.566666666666668,11.3,10.2,16.2,3.194265695482035,3,3
ME,2026-08-23,11.04,10.6,9.42,13.1,1.8790423092628863,3,3
ME,2026-08-24,12.773333333333333,12.3,9.12,16.9,3.9115384867508753,3,3
ME,2026-08-25,16.966666666666665,18.7,11.5,20.7,4.838732616433082,3,3
ME,2026-08-26,16.366666666666667,18.0,11.3,19.8,4.479211240088296,3,3
ME,2026-08-27,12.5,12.3,10.4,14.8,2.206807649071391,3,3
ME,2026-08-28,12.686666666666667,12.7,4.66,20.7,8.020008312547645,3,3
ME,2026-08-29,9.603333333333333,10.6,7.31,10.9,1.9917412817264533,3,3
ME,2026-08-30,11.17,11.17,9.64,12.7,2.1637467504308345,2,2
ME,2026-08-31,9.86,9.62,7.46,12.5,2.5285569006846575,3,3
ME,2026-09-01,11.103333333333333,10.7,7.51,15.1,3.8110409776507694,3,3
ME,2026-09-02,10.883333333333333,8.93,8.02,15.7,4.196097393213524,3,3
ME,2026-09-03,14.173333333333332,14.3,7.72,20.5,6.390941506017195,3,3
ME,2026-09-04,13.04,11.5,8.72,18.9,5.261824778534534,3,3
ME,2026-09-05,11.143333333333333,9.55,8.08,15.8,4.099223503705711,3,3
ME,2026-09-06,12.333333333333334,12.1,10.3,14.6,2.1594752448994026,3,3
ME,2026-09-07,14.566666666666665,15.6,11.7,16.4,2.514623895005639,3,3
ME,2026-09-08,11.396666666666667,11.9,9.79,12.5,1.4233879770931517,3,3
ME,2026-09-09,10.719999999999999,9.57,8.89,13.7,2.6030558964417176,3,3
ME,2026-09-10,11.416666666666666,12.6,8.05,13.6,2.958180747238635,3,3
ME,2026-09-11,16.333333333333332,18.4,12.1,18.5,3.666515148384544,3,3
ME,2026-09-12,13.723333333333334,15.3,7.97,17.9,5.1493332901778,3,3
ME,2026-09-13,14.51,16.2,8.73,18.6,5.147455682179304,3,3
ME,2026-09-14,14.49,16.7,9.77,17.0,4.090391179337253,3,3
ME,2026-09-15,19.6,19.6,14.8,24.4,6.7882250993908535,2,2
ME,2026-09-16,13.866666666666667,14.4,11.7,15.5,1.9553345834749958,3,3
ME,2026-09-17,17.066666666666666,15.9,10.4,24.9,7.320063751999249,3,3
N,2025-02-19,52.6,52.6,52.6,52.6,0.0,1,1
N,2025-02-20,46.9,46.9,46.9,46.9,0.0,1,1
N,2025-02-21,38.8,38.8,38.8,38.8,0.0,1,1
N,2025-02-22,37.0,37.0,37.0,37.0,0.0,1,1
N,2025-02-23,43.4,43.4,43.4,43.4,0.0,1,1
N,2025-02-24,38.8,38.8,38.8,38.8,0.0,1,1
N,2025-02-25,40.7,40.7,40.7,40.7,0.0,1,1
N,2025-02-26,49.9,49.9,49.9,49.9,0.0,1,1
N,2025-02-27,54.8,54.8,54.8,54.8,0.0,1,1
N,2025-02-28,55.4,55.4,55.4,55.4,0.0,1,1
N,2025-03-01,40.0,40.0,40.0,40.0,0.0,1,1
N,2025-03-02,32.2,32.2,32.2,32.2,0.0,1,1
N,2025-03-03,13.1,13.1,13.1,13.1,0.0,1,1
N,2025-03-04,37.3,37.3,37.3,37.3,0.0,1,1
N,2025-03-05,29.3,29.3,29.3,29.3,0.0,1,1
N,2025-03-06,33.3,33.3,33.3,33.3,0.0,1,1
N,2025-03-07,54.1,54.1,54.1,54.1,0.0,1,1
N,2025-03-08,56.7,56.7,56.7,56.7,0.0,1,1
N,2025-03-09,49.4,49.4,49.4,49.4,0.0,1,1
N,2025-03-10,57.6,57.6,57.6,57.6,0.0,1,1
N,2025-03-12,58.0,58.0,58.0,58.0,0.0,1,1
N,2025-03-13,59.1,59.1,59.1,59.1,0.0,1,1
N,2025-03-14,54.5,54.5,54.5,54.5,0.0,1,1
N,2025-03-15,21.1,21.1,21.1,21.1,0.0,1,1
N,2025-03-16,23.7,23.7,23.7,23.7,0.0,1,1
N,2025-03-17,18.2,18.2,18.2,18.2,0.0,1,1
N,2025-03-18,23.3,23.3,23.3,23.3,0.0,1,1
N,2025-03-19,31.9,31.9,31.9,31.9,0.0,1,1
N,2025-03-20,29.7,29.7,29.7,29.7,0.0,1,1
N,2025-03-21,25.7,25.7,25.7,25.7,0.0,1,1
N,2025-03-22,25.0,25.0,25.0,25.0,0.0,1,1
N,2025-03-23,37.1,37.1,37.1,37.1,0.0,1,1
N,2025-03-24,41.8,41.8,41.8,41.8,0.0,1,1
N,2025-03-25,48.5,48.5,48.5,48.5,0.0,1,1
N,2025-03-26,26.7,26.7,26.7,26.7,0.0,1,1
N,2025-03-27,16.2,16.2,16.2,16.2,0.0,1,1
N,2025-03-28,30.2,30.2,30.2,30.2,0.0,1,1
N,2025-03-29,54.5,54.5,54.5,54.5,0.0,1,1
N,2025-03-30,49.0,49.0,49.0,49.0,0.0,1,1
N,2025-03-31,35.7,35.7,35.7,35.7,0.0,1,1
N,2025-04-01,36.8,36.8,36.8,36.8,0.0,1,1
N,2025-04-02,46.8,46.8,46.8,46.8,0.0,1,1
N,2025-04-03,38.1,38.1,38.1,38.1,0.0,1,1
N,2025-04-04,29.8,29.8,29.8,29.8,0.0,1,1
N,2025-04-05,49.0,49.0,49.0,49.0,0.0,1,1
N,2025-04-06,34.7,34.7,34.7,34.7,0.0,1,1
N,2025-04-07,34.7,34.7,34.7,34.7,0.0,1,1
N,2025-04-08,45.9,45.9,45.9,45.9,0.0,1,1
N,2025-04-09,37.8,37.8,37.8,37.8,0.0,1,1
N,2025-04-12,15.0,15.0,15.0,15.0,0.0,1,1
N,2025-04-13,16.8,16.8,16.8,16.8,0.0,1,1
N,2025-04-14,22.6,22.6,22.6,22.6,0.0,1,1
N,2025-04-15,24.4,24.4,24.4,24.4,0.0,1,1
N,2025-04-16,17.0,17.0,17.0,17.0,0.0,1,1
N,2025-04-17,15.6,15.6,15.6,15.6,0.0,1,1
N,2025-04-18,10.5,10.5,10.5,10.5,0.0,1,1
N,2025-04-19,11.7,11.7,11.7,11.7,0.0,1,1
N,2025-04-20,15.4,15.4,15.4,15.4,0.0,1,1
N,2025-04-21,16.0,16.0,16.0,16.0,0.0,1,1
N,2025-04-22,33.0,33.0,33.0,33.0,0.0,1,1
N,2025-04-23,32.0,32.0,32.0,32.0,0.0,1,1
N,2025-04-24,23.5,23.5,23.5,23.5,0.0,1,1
N,2025-04-25,14.7,14.7,14.7,14.7,0.0,1,1
N,2025-04-26,16.5,16.5,16.5,16.5,0.0,1,1
N,2025-04-27,21.2,21.2,21.2,21.2,0.0,1,1
N,2025-04-28,18.0,18.0,18.0,18.0,0.0,1,1
N,2025-04-29,19.4,19.4,19.4,19.4,0.0,1,1
N,2025-04-30,14.8,14.8,14.8,14.8,0.0,1,1
N,2025-05-01,15.4,15.4,15.4,15.4,0.0,1,1
N,2025-05-02,12.6,12.6,12.6,12.6,0.0,1,1
N,2025-05-05,11.2,11.2,11.2,11.2,0.0,1,1
N,2025-05-06,12.4,12.4,12.4,12.4,0.0,1,1
N,2025-05-07,10.3,10.3,10.3,10.3,0.0,1,1
N,2025-05-08,7.2,7.2,7.2,7.2,0.0,1,1
N,2025-05-09,8.22,8.22,8.22,8.22,0.0,1,1
N,2025-05-10,8.07,8.07,8.07,8.07,0.0,1,1
N,2025-05-11,8.38,8.38,8.38,8.38,0.0,1,1
N,2025-05-12,6.62,6.62,6.62,6.62,0.0,1,1
N,2025-05-13,9.39,9.39,9.39,9.39,0.0,1,1
N,2025-05-15,19.2,19.2,19.2,19.2,0.0,1,1
N,2025-05-16,13.9,13.9,13.9,13.9,0.0,1,1
N,2025-05-17,10.3,10.3,10.3,10.3,0.0,1,1
N,2025-05-18,9.24,9.24,9.24,9.24,0.0,1,1
N,2025-05-19,14.4,14.4,14.4,14.4,0.0,1,1
N,2025-05-20,16.4,16.4,16.4,16.4,0.0,1,1
N,2025-05-21,12.8,12.8,12.8,12.8,0.0,1,1
N,2025-05-22,11.6,11.6,11.6,11.6,0.0,1,1
N,2025-05-23,21.2,21.2,21.2,21.2,0.0,1,1
N,2025-05-24,26.4,26.4,26.4,26.4,0.0,1,1
N,2025-05-25,17.4,17.4,17.4,17.4,0.0,1,1
N,2025-05-26,2.4,2.4,2.4,2.4,0.0,1,1
N,2025-05-27,9.21,9.21,9.21,9.21,0.0,1,1
N,2025-05-28,11.2,11.2,11.2,11.2,0.0,1,1
N,2025-05-29,13.3,13.3,13.3,13.3,0.0,1,1
N,2025-05-30,10.5,10.5,10.5,10.5,0.0,1,1
N,2025-05-31,21.9,21.9,21.9,21.9,0.0,1,1
N,2025-06-01,19.1,19.1,19.1,19.1,0.0,1,1
N,2025-06-02,19.2,19.2,19.2,19.2,0.0,1,1
N,2025-06-03,12.6,12.6,12.6,12.6,0.0,1,1
N,2025-06-04,7.61,7.61,7.61,7.61,0.0,1,1
N,2025-06-05,16.5,16.5,16.5,16.5,0.0,1,1
N,2025-06-06,27.0,27.0,27.0,27.0,0.0,1,1
N,2025-06-07,22.8,22.8,22.8,22.8,0.0,1,1
N,2025-06-08,27.3,27.3,27.3,27.3,0.0,1,1
N,2025-06-09,22.3,22.3,22.3,22.3,0.0,1,1
N,2025-06-10,21.8,21.8,21.8,21.8,0.0,1,1
N,2025-06-11,16.1,16.1,16.1,16.1,0.0,1,1
N,2025-06-12,15.3,15.3,15.3,15.3,0.0,1,1
N,2025-06-13,21.3,21.3,21.3,21.3,0.0,1,1
N,2025-06-14,19.3,19.3,19.3,19.3,0.0,1,1
N,2025-06-15,19.4,19.4,19.4,19.4,0.0,1,1
N,2025-06-16,12.2,12.2,12.2,12.2,0.0,1,1
N,2025-06-17,11.3,11.3,11.3,11.3,0.0,1,1
N,2025-06-18,6.08,6.08,6.08,6.08,0.0,1,1
N,2025-06-19,9.46,9.46,9.46,9.46,0.0,1,1
N,2025-06-20,10.8,10.8,10.8,10.8,0.0,1,1
N,2025-06-21,11.5,11.5,11.5,11.5,0.0,1,1
N,2025-06-22,11.3,11.3,11.3,11.3,0.0,1,1
N,2025-06-23,11.6,11.6,11.6,11.6,0.0,1,1
N,2025-06-24,13.0,13.0,13.0,13.0,0.0,1,1
N,2025-06-25,16.2,16.2,16.2,16.2,0.0,1,1
N,2025-06-26,11.3,11.3,11.3,11.3,0.0,1,1
N,2025-06-27,13.5,13.5,13.5,13.5,0.0,1,1
N,2025-06-28,7.28,7.28,7.28,7.28,0.0,1,1
N,2025-06-29,0.0,0.0,0.0,0.0,0.0,1,1
N,2025-06-30,12.5,12.5,12.5,12.5,0.0,1,1
N,2025-07-01,6.52,6.52,6.52,6.52,0.0,1,1
N,2025-07-02,5.83,5.83,5.83,5.83,0.0,1,1
N,2025-07-03,5.8,5.8,5.8,5.8,0.0,1,1
N,2025-07-04,6.49,6.49,6.49,6.49,0.0,1,1
N,2025-07-05,6.49,6.49,6.49,6.49,0.0,1,1
N,2025-07-06,6.49,6.49,6.49,6.49,0.0,1,1
N,2025-07-07,6.49,6.49,6.49,6.49,0.0,1,1
N,2025-07-08,6.49,6.49,6.49,6.49,0.0,1,1
N,2025-07-09,6.49,6.49,6.49,6.49,0.0,1,1
N,2025-07-10,8.4,8.4,8.4,8.4,0.0,1,1
N,2025-07-11,7.75,7.75,7.75,7.75,0.0,1,1
N,2025-07-12,6.59,6.59,6.59,6.59,0.0,1,1
N,2025-07-13,7.02,7.02,7.02,7.02,0.0,1,1
N,2025-07-14,4.62,4.62,4.62,4.62,0.0,1,1
N,2025-07-15,5.43,5.43,5.43,5.43,0.0,1,1
N,2025-07-16,7.64,7.64,7.64,7.64,0.0,1,1
N,2025-07-17,8.94,8.94,8.94,8.94,0.0,1,1
N,2025-07-18,9.18,9.18,9.18,9.18,0.0,1,1
N,2025-07-19,8.19,8.19,8.19,8.19,0.0,1,1
N,2025-07-20,10.9,10.9,10.9,10.9,0.0,1,1
N,2025-07-21,5.46,5.46,5.46,5.46,0.0,1,1
N,2025-07-22,5.73,5.73,5.73,5.73,0.0,1,1
N,2025-07-23,5.45,5.45,5.45,5.45,0.0,1,1
N,2025-07-24,6.93,6.93,6.93,6.93,0.0,1,1
N,2025-07-25,6.74,6.74,6.74,6.74,0.0,1,1
N,2025-07-26,6.6,6.6,6.6,6.6,0.0,1,1
N,2025-07-27,8.3,8.3,8.3,8.3,0.0,1,1
N,2025-07-28,6.66,6.66,6.66,6.66,0.0,1,1
N,2025-07-29,7.67,7.67,7.67,7.67,0.0,1,1
N,2025-07-30,7.75,7.75,7.75,7.75,0.0,1,1
N,2025-07-31,9.98,9.98,9.98,9.98,0.0,1,1
N,2025-08-01,8.98,8.98,8.98,8.98,0.0,1,1
N,2025-08-02,7.45,7.45,7.45,7.45,0.0,1,1
N,2025-08-03,6.53,6.53,6.53,6.53,0.0,1,1
N,2025-08-04,6.71,6.71,6.71,6.71,0.0,1,1
N,2025-08-05,6.99,6.99,6.99,6.99,0.0,1,1
N,2025-08-06,7.04,7.04,7.04,7.04,0.0,1,1
N,2025-08-07,7.95,7.95,7.95,7.95,0.0,1,1
N,2025-08-08,9.42,9.42,9.42,9.42,0.0,1,1
N,2025-08-09,10.9,10.9,10.9,10.9,0.0,1,1
N,2025-08-10,6.89,6.89,6.89,6.89,0.0,1,1
N,2025-08-11,7.55,7.55,7.55,7.55,0.0,1,1
N,2025-08-12,6.98,6.98,6.98,6.98,0.0,1,1
N,2025-08-13,5.1,5.1,5.1,5.1,0.0,1,1
N,2025-08-14,8.29,8.29,8.29,8.29,0.0,1,1
N,2025-08-15,6.89,6.89,6.89,6.89,0.0,1,1
N,2025-08-21,12.2,12.2,12.2,12.2,0.0,1,1
N,2025-08-25,9.99,9.99,9.99,9.99,0.0,1,1
N,2025-08-26,10.4,10.4,10.4,10.4,0.0,1,1
N,2025-08-27,10.4,10.4,10.4,10.4,0.0,1,1
N,2025-08-28,12.9,12.9,12.9,12.9,0.0,1,1
N,2025-08-29,13.1,13.1,13.1,13.1,0.0,1,1
N,2025-08-30,15.3,15.3,15.3,15.3,0.0,1,1
N,2025-08-31,14.3,14.3,14.3,14.3,0.0,1,1
N,2025-09-01,13.4,13.4,13.4,13.4,0.0,1,1
N,2025-09-02,5.19,5.19,5.19,5.19,0.0,1,1
N,2025-09-03,10.0,10.0,10.0,10.0,0.0,1,1
N,2025-09-04,9.24,9.24,9.24,9.24,0.0,1,1
N,2025-09-05,8.6,8.6,8.6,8.6,0.0,1,1
N,2025-09-06,6.77,6.77,6.77,6.77,0.0,1,1
N,2025-09-07,11.2,11.2,11.2,11.2,0.0,1,1
N,2025-09-08,12.9,12.9,12.9,12.9,0.0,1,1
N,2025-09-09,11.6,11.6,11.6,11.6,0.0,1,1
N,2025-09-10,15.7,15.7,15.7,15.7,0.0,1,1
N,2025-09-11,13.0,13.0,13.0,13.0,0.0,1,1
N,2025-09-12,9.22,9.22,9.22,9.22,0.0,1,1
N,2025-09-13,13.5,13.5,13.5,13.5,0.0,1,1
N,2025-09-14,13.1,13.1,13.1,13.1,0.0,1,1
N,2025-09-15,7.96,7.96,7.96,7.96,0.0,1,1
N,2025-09-16,9.82,9.82,9.82,9.82,0.0,1,1
N,2025-09-17,10.0,10.0,10.0,10.0,0.0,1,1
N,2025-09-18,3.75,3.75,3.75,3.75,0.0,1,1
N,2025-09-19,6.07,6.07,6.07,6.07,0.0,1,1
N,2025-09-20,9.51,9.51,9.51,9.51,0.0,1,1
N,2025-09-21,7.11,7.11,7.11,7.11,0.0,1,1
N,2025-09-22,6.25,6.25,6.25,6.25,0.0,1,1
N,2025-09-23,10.6,10.6,10.6,10.6,0.0,1,1
N,2025-09-24,12.9,12.9,12.9,12.9,0.0,1,1
N,2025-09-25,17.6,17.6,17.6,17.6,0.0,1,1
N,2025-09-26,20.7,20.7,20.7,20.7,0.0,1,1
N,2025-09-27,20.2,20.2,20.2,20.2,0.0,1,1
N,2025-09-28,16.8,16.8,16.8,16.8,0.0,1,1
N,2025-09-29,21.3,21.3,21.3,21.3,0.0,1,1
N,2025-09-30,16.0,16.0,16.0,16.0,0.0,1,1
N,2025-10-01,17.0,17.0,17.0,17.0,0.0,1,1
N,2025-10-02,13.3,13.3,13.3,13.3,0.0,1,1
N,2025-10-03,13.9,13.9,13.9,13.9,0.0,1,1
N,2025-10-04,12.8,12.8,12.8,12.8,0.0,1,1
N,2025-10-05,22.1,22.1,22.1,22.1,0.0,1,1
N,2025-10-06,17.0,17.0,17.0,17.0,0.0,1,1
N,2025-10-07,9.3,9.3,9.3,9.3,0.0,1,1
N,2025-10-08,20.9,20.9,20.9,20.9,0.0,1,1
N,2025-10-09,37.6,37.6,37.6,37.6,0.0,1,1
N,2025-10-10,50.8,50.8,50.8,50.8,0.0,1,1
N,2025-10-11,63.9,63.9,63.9,63.9,0.0,1,1
N,2025-10-12,61.6,61.6,61.6,61.6,0.0,1,1
N,2025-10-13,58.4,58.4,58.4,58.4,0.0,1,1
N,2025-10-14,56.2,56.2,56.2,56.2,0.0,1,1
N,2025-10-15,56.5,56.5,56.5,56.5,0.0,1,1
N,2025-10-16,37.4,37.4,37.4,37.4,0.0,1,1
N,2025-10-17,28.7,28.7,28.7,28.7,0.0,1,1
N,2025-10-18,50.7,50.7,50.7,50.7,0.0,1,1
N,2025-10-19,69.0,69.0,69.0,69.0,0.0,1,1
N,2025-10-20,84.2,84.2,84.2,84.2,0.0,1,1
N,2025-10-21,76.8,76.8,76.8,76.8,0.0,1,1
N,2025-10-22,37.1,37.1,37.1,37.1,0.0,1,1
N,2025-10-23,32.7,32.7,32.7,32.7,0.0,1,1
N,2025-10-24,13.1,13.1,13.1,13.1,0.0,1,1
N,2025-10-25,8.27,8.27,8.27,8.27,0.0,1,1
N,2025-10-26,8.47,8.47,8.47,8.47,0.0,1,1
N,2025-10-27,5.6,5.6,5.6,5.6,0.0,1,1
N,2025-10-28,13.5,13.5,13.5,13.5,0.0,1,1
N,2025-10-29,20.9,20.9,20.9,20.9,0.0,1,1
N,2025-10-30,14.2,14.2,14.2,14.2,0.0,1,1
N,2025-10-31,12.4,12.4,12.4,12.4,0.0,1,1
N,2025-11-01,10.7,10.7,10.7,10.7,0.0,1,1
N,2025-11-02,9.72,9.72,9.72,9.72,0.0,1,1
N,2025-11-03,10.2,10.2,10.2,10.2,0.0,1,1
N,2025-11-04,14.9,14.9,14.9,14.9,0.0,1,1
N,2025-11-05,25.1,25.1,25.1,25.1,0.0,1,1
N,2025-11-06,38.2,38.2,38.2,38.2,0.0,1,1
N,2025-11-07,55.5,55.5,55.5,55.5,0.0,1,1
N,2025-11-08,36.8,36.8,36.8,36.8,0.0,1,1
N,2025-11-09,35.3,35.3,35.3,35.3,0.0,1,1
N,2025-11-10,47.6,47.6,47.6,47.6,0.0,1,1
N,2025-11-11,50.0,50.0,50.0,50.0,0.0,1,1
N,2025-11-12,62.2,62.2,62.2,62.2,0.0,1,1
N,2025-11-13,66.0,66.0,66.0,66.0,0.0,1,1
N,2025-11-14,62.9,62.9,62.9,62.9,0.0,1,1
N,2025-11-15,65.2,65.2,65.2,65.2,0.0,1,1
N,2025-11-16,66.9,66.9,66.9,66.9,0.0,1,1
N,2025-11-17,64.8,64.8,64.8,64.8,0.0,1,1
N,2025-11-18,75.8,75.8,75.8,75.8,0.0,1,1
N,2025-11-19,75.6,75.6,75.6,75.6,0.0,1,1
N,2025-11-20,75.4,75.4,75.4,75.4,0.0,1,1
N,2025-11-21,63.6,63.6,63.6,63.6,0.0,1,1
N,2025-11-22,56.6,56.6,56.6,56.6,0.0,1,1
N,2025-11-23,56.8,56.8,56.8,56.8,0.0,1,1
N,2025-11-24,57.2,57.2,57.2,57.2,0.0,1,1
N,2025-11-25,60.4,60.4,60.4,60.4,0.0,1,1
N,2025-11-26,60.7,60.7,60.7,60.7,0.0,1,1
N,2025-11-27,59.7,59.7,59.7,59.7,0.0,1,1
N,2025-11-28,61.2,61.2,61.2,61.2,0.0,1,1
N,2025-11-29,47.2,47.2,47.2,47.2,0.0,1,1
N,2025-11-30,47.4,47.4,47.4,47.4,0.0,1,1
N,2025-12-01,60.1,60.1,60.1,60.1,0.0,1,1
N,2025-12-02,55.9,55.9,55.9,55.9,0.0,1,1
N,2025-12-03,61.1,61.1,61.1,61.1,0.0,1,1
N,2025-12-04,64.6,64.6,64.6,64.6,0.0,1,1
N,2025-12-05,55.9,55.9,55.9,55.9,0.0,1,1
N,2025-12-06,46.0,46.0,46.0,46.0,0.0,1,1
N,2025-12-07,52.0,52.0,52.0,52.0,0.0,1,1
N,2025-12-08,50.3,50.3,50.3,50.3,0.0,1,1
N,2025-12-09,35.4,35.4,35.4,35.4,0.0,1,1
N,2025-12-10,40.7,40.7,40.7,40.7,0.0,1,1
N,2025-12-11,35.1,35.1,35.1,35.1,0.0,1,1
N,2025-12-12,49.5,49.5,49.5,49.5,0.0,1,1
N,2025-12-13,35.5,35.5,35.5,35.5,0.0,1,1
N,2025-12-14,49.7,49.7,49.7,49.7,0.0,1,1
N,2025-12-15,35.8,35.8,35.8,35.8,0.0,1,1
N,2025-12-16,37.7,37.7,37.7,37.7,0.0,1,1
N,2025-12-17,43.7,43.7,43.7,43.7,0.0,1,1
N,2025-12-18,45.0,45.0,45.0,45.0,0.0,1,1
N,2025-12-19,42.3,42.3,42.3,42.3,0.0,1,1
N,2025-12-20,30.8,30.8,30.8,30.8,0.0,1,1
N,2025-12-21,28.8,28.8,28.8,28.8,0.0,1,1
N,2025-12-22,41.5,41.5,41.5,41.5,0.0,1,1
N,2025-12-23,36.0,36.0,36.0,36.0,0.0,1,1
N,2025-12-24,26.0,26.0,26.0,26.0,0.0,1,1
N,2025-12-25,34.0,34.0,34.0,34.0,0.0,1,1
N,2025-12-26,45.1,45.1,45.1,45.1,0.0,1,1
N,2025-12-27,45.8,45.8,45.8,45.8,0.0,1,1
N,2025-12-28,48.5,48.5,48.5,48.5,0.0,1,1
N,2025-12-29,50.4,50.4,50.4,50.4,0.0,1,1
N,2025-12-30,50.7,50.7,50.7,50.7,0.0,1,1
N,2025-12-31,48.2,48.2,48.2,48.2,0.0,1,1
N,2026-01-01,26.1,26.1,26.1,26.1,0.0,1,1
N,2026-01-02,36.9,36.9,36.9,36.9,0.0,1,1
N,2026-01-03,46.1,46.1,46.1,46.1,0.0,1,1
N,2026-01-04,57.4,57.4,57.4,57.4,0.0,1,1
N,2026-01-05,50.7,50.7,50.7,50.7,0.0,1,1
N,2026-01-06,51.3,51.3,51.3,51.3,0.0,1,1
N,2026-01-07,51.0,51.0,51.0,51.0,0.0,1,1
N,2026-01-08,44.0,44.0,44.0,44.0,0.0,1,1
N,2026-01-09,46.7,46.7,46.7,46.7,0.0,1,1
N,2026-01-10,46.7,46.7,46.7,46.7,0.0,1,1
N,2026-01-20,55.6,55.6,55.6,55.6,0.0,1,1
N,2026-01-21,62.8,62.8,62.8,62.8,0.0,1,1
N,2026-01-22,67.4,67.4,67.4,67.4,0.0,1,1
N,2026-01-23,58.2,58.2,58.2,58.2,0.0,1,1
N,2026-01-24,42.8,42.8,42.8,42.8,0.0,1,1
N,2026-01-25,59.5,59.5,59.5,59.5,0.0,1,1
N,2026-01-26,72.5,72.5,72.5,72.5,0.0,1,1
N,2026-01-27,42.6,42.6,42.6,42.6,0.0,1,1
N,2026-01-28,37.2,37.2,37.2,37.2,0.0,1,1
N,2026-01-29,55.7,55.7,55.7,55.7,0.0,1,1
N,2026-01-30,63.8,63.8,63.8,63.8,0.0,1,1
N,2026-01-31,58.0,58.0,58.0,58.0,0.0,1,1
N,2026-02-01,70.2,70.2,70.2,70.2,0.0,1,1
N,2026-02-02,78.7,78.7,78.7,78.7,0.0,1,1
N,2026-02-03,83.7,83.7,83.7,83.7,0.0,1,1
N,2026-02-04,66.5,66.5,66.5,66.5,0.0,1,1
N,2026-02-05,56.2,56.2,56.2,56.2,0.0,1,1
N,2026-02-06,63.2,63.2,63.2,63.2,0.0,1,1
N,2026-02-07,58.8,58.8,58.8,58.8,0.0,1,1
N,2026-02-08,49.9,49.9,49.9,49.9,0.0,1,1
N,2026-02-09,50.5,50.5,50.5,50.5,0.0,1,1
N,2026-02-10,57.0,57.0,57.0,57.0,0.0,1,1
N,2026-02-11,62.9,62.9,62.9,62.9,0.0,1,1
N,2026-02-12,57.9,57.9,57.9,57.9,0.0,1,1
N,2026-02-13,63.0,63.0,63.0,63.0,0.0,1,1
N,2026-02-14,65.9,65.9,65.9,65.9,0.0,1,1
N,2026-02-15,64.0,64.0,64.0,64.0,0.0,1,1
N,2026-02-16,62.2,62.2,62.2,62.2,0.0,1,1
N,2026-02-17,38.8,38.8,38.8,38.8,0.0,1,1
N,2026-02-18,27.5,27.5,27.5,27.5,0.0,1,1
N,2026-02-19,50.1,50.1,50.1,50.1,0.0,1,1
N,2026-02-20,69.8,69.8,69.8,69.8,0.0,1,1
N,2026-02-21,74.7,74.7,74.7,74.7,0.0,1,1
N,2026-02-22,63.9,63.9,63.9,63.9,0.0,1,1
N,2026-02-23,52.0,52.0,52.0,52.0,0.0,1,1
N,2026-02-24,51.0,51.0,51.0,51.0,0.0,1,1
N,2026-02-25,41.1,41.1,41.1,41.1,0.0,1,1
N,2026-02-26,23.2,23.2,23.2,23.2,0.0,1,1
N,2026-02-27,21.2,21.2,21.2,21.2,0.0,1,1
N,2026-02-28,19.8,19.8,19.8,19.8,0.0,1,1
N,2026-03-01,31.8,31.8,31.8,31.8,0.0,1,1
N,2026-03-02,34.2,34.2,34.2,34.2,0.0,1,1
N,2026-03-03,96.0,96.0,96.0,96.0,0.0,1,1
N,2026-03-04,54.9,54.9,54.9,54.9,0.0,1,1
N,2026-03-05,40.0,40.0,40.0,40.0,0.0,1,1
N,2026-03-06,32.9,32.9,32.9,32.9,0.0,1,1
N,2026-03-07,38.3,38.3,38.3,38.3,0.0,1,1
N,2026-03-08,63.9,63.9,63.9,63.9,0.0,1,1
N,2026-03-09,58.3,58.3,58.3,58.3,0.0,1,1
N,2026-03-10,66.6,66.6,66.6,66.6,0.0,1,1
N,2026-03-11,70.7,70.7,70.7,70.7,0.0,1,1
N,2026-03-12,59.9,59.9,59.9,59.9,0.0,1,1
N,2026-03-13,56.2,56.2,56.2,56.2,0.0,1,1
N,2026-03-14,48.5,48.5,48.5,48.5,0.0,1,1
N,2026-03-15,31.6,31.6,31.6,31.6,0.0,1,1
N,2026-03-16,25.1,25.1,25.1,25.1,0.0,1,1
N,2026-03-17,30.1,30.1,30.1,30.1,0.0,1,1
N,2026-03-18,30.4,30.4,30.4,30.4,0.0,1,1
N,2026-03-19,23.0,23.0,23.0,23.0,0.0,1,1
N,2026-03-20,26.2,26.2,26.2,26.2,0.0,1,1
N,2026-03-21,32.5,32.5,32.5,32.5,0.0,1,1
N,2026-03-22,43.0,43.0,43.0,43.0,0.0,1,1
N,2026-03-23,49.8,49.8,49.8,49.8,0.0,1,1
N,2026-03-24,43.6,43.6,43.6,43.6,0.0,1,1
N,2026-03-25,35.4,35.4,35.4,35.4,0.0,1,1
N,2026-03-26,37.9,37.9,37.9,37.9,0.0,1,1
N,2026-03-27,38.1,38.1,38.1,38.1,0.0,1,1
N,2026-03-28,21.5,21.5,21.5,21.5,0.0,1,1
N,2026-03-29,10.2,10.2,10.2,10.2,0.0,1,1
N,2026-03-30,11.3,11.3,11.3,11.3,0.0,1,1
N,2026-03-31,6.27,6.27,6.27,6.27,0.0,1,1
N,2026-04-01,12.3,12.3,12.3,12.3,0.0,1,1
N,2026-04-02,11.9,11.9,11.9,11.9,0.0,1,1
N,2026-04-03,23.9,23.9,23.9,23.9,0.0,1,1
N,2026-04-04,16.6,16.6,16.6,16.6,0.0,1,1
N,2026-04-05,30.6,30.6,30.6,30.6,0.0,1,1
N,2026-04-06,29.2,29.2,29.2,29.2,0.0,1,1
N,2026-04-07,33.9,33.9,33.9,33.9,0.0,1,1
N,2026-04-08,33.7,33.7,33.7,33.7,0.0,1,1
N,2026-04-09,35.9,35.9,35.9,35.9,0.0,1,1
N,2026-04-10,57.6,57.6,57.6,57.6,0.0,1,1
N,2026-04-11,59.9,59.9,59.9,59.9,0.0,1,1
N,2026-04-12,59.3,59.3,59.3,59.3,0.0,1,1
N,2026-04-13,49.6,49.6,49.6,49.6,0.0,1,1
N,2026-04-14,57.1,57.1,57.1,57.1,0.0,1,1
N,2026-04-15,38.3,38.3,38.3,38.3,0.0,1,1
N,2026-04-16,37.3,37.3,37.3,37.3,0.0,1,1
N,2026-04-17,40.8,40.8,40.8,40.8,0.0,1,1
N,2026-04-18,42.8,42.8,42.8,42.8,0.0,1,1
N,2026-04-19,46.2,46.2,46.2,46.2,0.0,1,1
N,2026-04-20,39.9,39.9,39.9,39.9,0.0,1,1
N,2026-04-21,48.1,48.1,48.1,48.1,0.0,1,1
N,2026-04-22,47.6,47.6,47.6,47.6,0.0,1,1
N,2026-04-23,46.8,46.8,46.8,46.8,0.0,1,1
N,2026-04-24,45.2,45.2,45.2,45.2,0.0,1,1
N,2026-04-25,50.5,50.5,50.5,50.5,0.0,1,1
N,2026-04-26,47.9,47.9,47.9,47.9,0.0,1,1
N,2026-04-27,36.7,36.7,36.7,36.7,0.0,1,1
N,2026-04-28,40.8,40.8,40.8,40.8,0.0,1,1
N,2026-04-29,35.1,35.1,35.1,35.1,0.0,1,1
N,2026-04-30,34.3,34.3,34.3,34.3,0.0,1,1
N,2026-05-01,32.3,32.3,32.3,32.3,0.0,1,1
N,2026-05-02,34.9,34.9,34.9,34.9,0.0,1,1
N,2026-05-03,34.2,34.2,34.2,34.2,0.0,1,1
N,2026-05-04,33.7,33.7,33.7,33.7,0.0,1,1
N,2026-05-05,29.4,29.4,29.4,29.4,0.0,1,1
N,2026-05-06,34.2,34.2,34.2,34.2,0.0,1,1
N,2026-05-07,33.0,33.0,33.0,33.0,0.0,1,1
N,2026-05-08,34.8,34.8,34.8,34.8,0.0,1,1
N,2026-05-09,35.3,35.3,35.3,35.3,0.0,1,1
N,2026-05-10,44.5,44.5,44.5,44.5,0.0,1,1
N,2026-05-11,32.1,32.1,32.1,32.1,0.0,1,1
N,2026-05-12,28.4,28.4,28.4,28.4,0.0,1,1
N,2026-05-13,23.6,23.6,23.6,23.6,0.0,1,1
N,2026-05-14,22.8,22.8,22.8,22.8,0.0,1,1
N,2026-05-15,23.2,23.2,23.2,23.2,0.0,1,1
N,2026-05-16,20.5,20.5,20.5,20.5,0.0,1,1
N,2026-05-17,20.3,20.3,20.3,20.3,0.0,1,1
N,2026-05-18,23.0,23.0,23.0,23.0,0.0,1,1
N,2026-05-19,22.1,22.1,22.1,22.1,0.0,1,1
N,2026-05-20,20.4,20.4,20.4,20.4,0.0,1,1
N,2026-05-21,17.6,17.6,17.6,17.6,0.0,1,1
N,2026-05-22,18.9,18.9,18.9,18.9,0.0,1,1
N,2026-05-23,20.3,20.3,20.3,20.3,0.0,1,1
N,2026-05-24,16.9,16.9,16.9,16.9,0.0,1,1
N,2026-05-25,16.0,16.0,16.0,16.0,0.0,1,1
N,2026-05-26,16.3,16.3,16.3,16.3,0.0,1,1
N,2026-05-27,17.5,17.5,17.5,17.5,0.0,1,1
N,2026-05-28,18.4,18.4,18.4,18.4,0.0,1,1
N,2026-05-29,20.6,20.6,20.6,20.6,0.0,1,1
N,2026-05-30,21.2,21.2,21.2,21.2,0.0,1,1
N,2026-05-31,21.4,21.4,21.4,21.4,0.0,1,1
N,2026-06-01,19.0,19.0,19.0,19.0,0.0,1,1
N,2026-06-02,22.4,22.4,22.4,22.4,0.0,1,1
N,2026-06-03,27.0,27.0,27.0,27.0,0.0,1,1
N,2026-06-04,23.6,23.6,23.6,23.6,0.0,1,1
N,2026-06-05,23.7,23.7,23.7,23.7,0.0,1,1
N,2026-06-06,20.2,20.2,20.2,20.2,0.0,1,1
N,2026-06-07,22.2,22.2,22.2,22.2,0.0,1,1
N,2026-06-08,22.9,22.9,22.9,22.9,0.0,1,1
N,2026-06-10,43.1,43.1,43.1,43.1,0.0,1,1
N,2026-06-11,34.7,34.7,34.7,34.7,0.0,1,1
N,2026-06-12,28.9,28.9,28.9,28.9,0.0,1,1
N,2026-06-13,37.7,37.7,37.7,37.7,0.0,1,1
N,2026-06-14,32.6,32.6,32.6,32.6,0.0,1,1
N,2026-06-15,26.7,26.7,26.7,26.7,0.0,1,1
N,2026-06-16,27.2,27.2,27.2,27.2,0.0,1,1
N,2026-06-17,31.9,31.9,31.9,31.9,0.0,1,1
N,2026-06-18,41.2,41.2,41.2,41.2,0.0,1,1
N,2026-06-19,30.2,30.2,30.2,30.2,0.0,1,1
N,2026-06-20,26.5,26.5,26.5,26.5,0.0,1,1
N,2026-06-21,52.3,52.3,52.3,52.3,0.0,1,1
N,2026-06-25,16.6,16.6,16.6,16.6,0.0,1,1
N,2026-06-26,18.3,18.3,18.3,18.3,0.0,1,1
N,2026-06-27,21.9,21.9,21.9,21.9,0.0,1,1
N,2026-06-28,51.5,51.5,51.5,51.5,0.0,1,1
N,2026-06-29,18.4,18.4,18.4,18.4,0.0,1,1
N,2026-06-30,12.4,12.4,12.4,12.4,0.0,1,1
N,2026-07-01,4.61,4.61,4.61,4.61,0.0,1,1
N,2026-07-02,7.78,7.78,7.78,7.78,0.0,1,1
N,2026-07-03,9.65,9.65,9.65,9.65,0.0,1,1
N,2026-07-04,11.4,11.4,11.4,11.4,0.0,1,1
N,2026-07-05,10.1,10.1,10.1,10.1,0.0,1,1
N,2026-07-06,10.9,10.9,10.9,10.9,0.0,1,1
N,2026-07-07,8.45,8.45,8.45,8.45,0.0,1,1
N,2026-07-08,12.8,12.8,12.8,12.8,0.0,1,1
N,2026-07-09,12.3,12.3,12.3,12.3,0.0,1,1
N,2026-07-10,12.3,12.3,12.3,12.3,0.0,1,1
N,2026-07-11,12.7,12.7,12.7,12.7,0.0,1,1
N,2026-07-12,16.1,16.1,16.1,16.1,0.0,1,1
N,2026-07-13,24.3,24.3,24.3,24.3,0.0,1,1
N,2026-07-14,26.5,26.5,26.5,26.5,0.0,1,1
N,2026-07-15,18.0,18.0,18.0,18.0,0.0,1,1
N,2026-07-16,14.6,14.6,14.6,14.6,0.0,1,1
N,2026-07-17,13.0,13.0,13.0,13.0,0.0,1,1
N,2026-07-18,10.5,10.5,10.5,10.5,0.0,1,1
N,2026-07-19,7.98,7.98,7.98,7.98,0.0,1,1
N,2026-07-20,8.84,8.84,8.84,8.84,0.0,1,1
N,2026-07-21,7.38,7.38,7.38,7.38,0.0,1,1
N,2026-07-22,6.51,6.51,6.51,6.51,0.0,1,1
N,2026-07-23,7.98,7.98,7.98,7.98,0.0,1,1
N,2026-07-24,5.64,5.64,5.64,5.64,0.0,1,1
N,2026-07-25,7.3,7.3,7.3,7.3,0.0,1,1
N,2026-07-27,15.4,15.4,15.4,15.4,0.0,1,1
N,2026-07-28,15.4,15.4,15.4,15.4,0.0,1,1
N,2026-07-29,14.3,14.3,14.3,14.3,0.0,1,1
N,2026-07-30,14.5,14.5,14.5,14.5,0.0,1,1
N,2026-07-31,12.2,12.2,12.2,12.2,0.0,1,1
N,2026-08-01,14.7,14.7,14.7,14.7,0.0,1,1
N,2026-08-03,13.1,13.1,13.1,13.1,0.0,1,1
N,2026-08-04,15.8,15.8,15.8,15.8,0.0,1,1
N,2026-08-05,17.8,17.8,17.8,17.8,0.0,1,1
N,2026-08-06,13.9,13.9,13.9,13.9,0.0,1,1
N,2026-08-07,13.6,13.6,13.6,13.6,0.0,1,1
N,2026-08-08,11.1,11.1,11.1,11.1,0.0,1,1
N,2026-08-10,12.1,12.1,12.1,12.1,0.0,1,1
N,2026-08-11,9.89,9.89,9.89,9.89,0.0,1,1
N,2026-08-12,10.9,10.9,10.9,10.9,0.0,1,1
N,2026-08-13,14.1,14.1,14.1,14.1,0.0,1,1
N,2026-08-14,13.6,13.6,13.6,13.6,0.0,1,1
N,2026-08-15,13.9,13.9,13.9,13.9,0.0,1,1
N,2026-08-16,14.5,14.5,14.5,14.5,0.0,1,1
N,2026-08-17,10.4,10.4,10.4,10.4,0.0,1,1
N,2026-08-18,13.7,13.7,13.7,13.7,0.0,1,1
N,2026-08-19,14.3,14.3,14.3,14.3,0.0,1,1
N,2026-08-20,15.0,15.0,15.0,15.0,0.0,1,1
N,2026-08-21,12.4,12.4,12.4,12.4,0.0,1,1
N,2026-08-22,21.4,21.4,21.4,21.4,0.0,1,1
N,2026-08-23,17.2,17.2,17.2,17.2,0.0,1,1
N,2026-08-24,14.9,14.9,14.9,14.9,0.0,1,1
N,2026-08-25,18.4,18.4,18.4,18.4,0.0,1,1
N,2026-08-26,15.0,15.0,15.0,15.0,0.0,1,1
N,2026-08-27,13.6,13.6,13.6,13.6,0.0,1,1
N,2026-08-28,9.49,9.49,9.49,9.49,0.0,1,1
N,2026-08-29,6.11,6.11,6.11,6.11,0.0,1,1
N,2026-08-30,11.4,11.4,11.4,11.4,0.0,1,1
N,2026-08-31,12.1,12.1,12.1,12.1,0.0,1,1
N,2026-09-01,12.4,12.4,12.4,12.4,0.0,1,1
N,2026-09-02,11.4,11.4,11.4,11.4,0.0,1,1
N,2026-09-03,13.6,13.6,13.6,13.6,0.0,1,1
N,2026-09-04,19.7,19.7,19.7,19.7,0.0,1,1
N,2026-09-05,20.6,20.6,20.6,20.6,0.0,1,1
N,2026-09-06,20.6,20.6,20.6,20.6,0.0,1,1
N,2026-09-07,18.0,18.0,18.0,18.0,0.0,1,1
N,2026-09-08,15.5,15.5,15.5,15.5,0.0,1,1
N,2026-09-09,17.8,17.8,17.8,17.8,0.0,1,1
N,2026-09-10,22.5,22.5,22.5,22.5,0.0,1,1
N,2026-09-11,29.4,29.4,29.4,29.4,0.0,1,1
N,2026-09-12,20.3,20.3,20.3,20.3,0.0,1,1
N,2026-09-13,21.1,21.1,21.1,21.1,0.0,1,1
N,2026-09-14,20.9,20.9,20.9,20.9,0.0,1,1
N,2026-09-15,29.4,29.4,29.4,29.4,0.0,1,1
N,2026-09-16,23.9,23.9,23.9,23.9,0.0,1,1
N,2026-09-17,26.4,26.4,26.4,26.4,0.0,1,1
PN,2025-02-19,62.5,62.5,55.0,70.0,10.606601717798213,2,2
PN,2025-02-20,48.849999999999994,48.849999999999994,44.3,53.4,6.434671708797586,2,2
PN,2025-02-21,34.25,34.25,29.5,39.0,6.7175144212722016,2,2
PN,2025-02-22,42.3,42.3,39.2,45.4,4.384062043356594,2,2
PN,2025-02-23,55.75,55.75,43.8,67.7,16.899852070358488,2,2
PN,2025-02-24,45.7,45.7,34.7,56.7,15.556349186104045,2,2
PN,2025-02-25,53.8,53.8,44.6,63.0,13.010764773832475,2,2
PN,2025-02-26,61.8,61.8,61.8,61.8,0.0,1,1
PN,2025-02-27,63.4,63.4,46.8,80.0,23.47594513539338,2,2
PN,2025-02-28,66.45,66.45,64.9,68.0,2.192031021678293,2,2
PN,2025-03-01,41.7,41.7,36.3,47.1,7.636753236814714,2,2
PN,2025-03-02,41.599999999999994,41.599999999999994,35.4,47.8,8.768124086713192,2,2
PN,2025-03-03,41.0,41.0,35.6,46.4,7.6367532368147115,2,2
PN,2025-03-04,39.15,39.15,34.0,44.3,7.283199846221438,2,2
PN,2025-03-05,33.75,33.75,23.1,44.4,15.061374439273461,2,2
PN,2025-03-06,54.15,54.15,44.8,63.5,13.222896808188441,2,2
PN,2025-03-07,59.35,59.35,56.1,62.6,4.596194077712559,2,2
PN,2025-03-08,58.55,58.55,55.4,61.7,4.45477272147525,2,2
PN,2025-03-09,42.95,42.95,42.5,43.4,0.6363961030678893,2,2
PN,2025-03-10,64.6,64.6,53.1,76.1,16.263455967290586,2,2
PN,2025-03-11,83.3,83.3,65.6,101.0,25.031580054003786,2,2
PN,2025-03-12,65.9,65.9,50.8,81.0,21.354624791833743,2,2
PN,2025-03-13,53.75,53.75,37.7,69.8,22.69812767608817,2,2
PN,2025-03-14,48.949999999999996,48.949999999999996,32.8,65.1,22.839549032325483,2,2
PN,2025-03-15,20.950000000000003,20.950000000000003,17.8,24.1,4.454772721475251,2,2
PN,2025-03-16,30.4,30.4,30.4,30.4,0.0,1,1
PN,2025-03-17,36.75,36.75,31.0,42.5,8.131727983645296,2,2
PN,2025-03-18,34.75,34.75,22.1,47.4,17.88980156401965,2,2
PN,2025-03-19,31.9,31.9,28.9,34.9,4.242640687119285,2,2
PN,2025-03-20,34.0,34.0,32.6,35.4,1.979898987322331,2,2
PN,2025-03-21,24.05,24.05,21.3,26.8,3.8890872965260113,2,2
PN,2025-03-22,19.45,19.45,13.6,25.3,8.273149339882607,2,2
PN,2025-03-23,31.549999999999997,31.549999999999997,29.8,33.3,2.474873734152913,2,2
PN,2025-03-24,36.35,36.35,35.6,37.1,1.0606601717798212,2,2
PN,2025-03-25,31.15,31.15,30.7,31.6,0.636396103067893,2,2
PN,2025-03-26,21.4,21.4,19.9,22.9,2.1213203435596424,2,2
PN,2025-03-27,15.95,15.95,11.2,20.7,6.7175144212722016,2,2
PN,2025-03-28,25.15,25.15,20.4,29.9,6.7175144212722016,2,2
PN,2025-03-29,40.4,40.4,39.5,41.3,1.2727922061357835,2,2
PN,2025-03-30,38.65,38.65,31.0,46.3,10.818733752154175,2,2
PN,2025-03-31,29.3,29.3,26.4,32.2,4.101219330881979,2,2
PN,2025-04-01,32.0,32.0,29.6,34.4,3.3941125496954263,2,2
PN,2025-04-02,46.55,46.55,43.0,50.1,5.0204581464244855,2,2
PN,2025-04-03,40.849999999999994,40.849999999999994,38.8,42.9,2.899137802864843,2,2
PN,2025-04-04,28.4,28.4,25.9,30.9,3.5355339059327378,2,2
PN,2025-04-05,28.7,28.7,26.4,31.0,3.2526911934581197,2,2
PN,2025-04-06,26.0,26.0,25.2,26.8,1.1313708498984771,2,2
PN,2025-04-07,29.15,29.15,26.3,32.0,4.030508652763319,2,2
PN,2025-04-08,36.3,36.3,35.9,36.7,0.5656854249492436,2,2
PN,2025-04-09,27.55,27.55,26.0,29.1,2.1920310216782983,2,2
PN,2025-04-11,18.1,18.1,18.1,18.1,0.0,1,1
PN,2025-04-12,18.25,18.25,14.5,22.0,5.303300858899107,2,2
PN,2025-04-13,15.82,15.82,8.64,23.0,10.154053377838823,2,2
PN,2025-04-14,17.7,17.7,14.0,21.4,5.23259018078045,2,2
PN,2025-04-15,16.95,16.95,11.4,22.5,7.848885271170678,2,2
PN,2025-04-16,16.95,16.95,10.5,23.4,9.121677477306463,2,2
PN,2025-04-17,12.025,12.025,6.75,17.3,7.459976541518077,2,2
PN,2025-04-18,14.06,14.06,8.82,19.3,7.410479066835018,2,2
PN,2025-04-19,13.85,13.85,8.7,19.0,7.28319984622144,2,2
PN,2025-04-20,16.54,16.54,9.88,23.2,9.418662325404812,2,2
PN,2025-04-21,13.09,13.09,5.28,20.9,11.04500792213387,2,2
PN,2025-04-22,26.7,26.7,23.0,30.4,5.23259018078045,2,2
PN,2025-04-23,24.1,24.1,21.9,26.3,3.111269837220809,2,2
PN,2025-04-24,20.299999999999997,20.299999999999997,19.9,20.7,0.5656854249492372,2,2
PN,2025-04-25,16.25,16.25,16.0,16.5,0.3535533905932738,2,2
PN,2025-04-26,14.1,14.1,12.5,15.7,2.2627416997969516,2,2
PN,2025-04-27,14.45,14.45,11.6,17.3,4.030508652763323,2,2
PN,2025-04-28,13.15,13.15,10.4,15.9,3.8890872965260113,2,2
PN,2025-04-29,19.1,19.1,16.5,21.7,3.676955262170048,2,2
PN,2025-04-30,15.8,15.8,12.6,19.0,4.525483399593905,2,2
PN,2025-05-01,15.25,15.25,12.6,17.9,3.747665940288702,2,2
PN,2025-05-02,16.05,16.05,13.0,19.1,4.313351365237941,2,2
PN,2025-05-03,13.05,13.05,10.2,15.9,4.030508652763323,2,2
PN,2025-05-04,15.55,15.55,11.8,19.3,5.303300858899107,2,2
PN,2025-05-05,11.67,11.67,8.94,14.4,3.86080302527855,2,2
PN,2025-05-06,14.7,14.7,13.0,16.4,2.4041630560342604,2,2
PN,2025-05-07,14.7,14.7,10.6,18.8,5.79827560572969,2,2
PN,2025-05-08,12.45,12.45,9.6,15.3,4.030508652763321,2,2
PN,2025-05-09,9.745000000000001,9.745000000000001,5.99,13.5,5.310371926710972,2,2
PN,2025-05-10,10.88,10.88,5.96,15.8,6.957930726875628,2,2
PN,2025-05-11,14.25,14.25,10.4,18.1,5.444722215136416,2,2
PN,2025-05-12,11.795,11.795,9.29,14.3,3.5426049737446044,2,2
PN,2025-05-13,15.6,15.6,11.7,19.5,5.515432893255071,2,2
PN,2025-05-14,20.55,20.55,16.8,24.3,5.303300858899107,2,2
PN,2025-05-15,21.85,21.85,15.9,27.8,8.414570696119917,2,2
PN,2025-05-16,17.85,17.85,12.1,23.6,8.131727983645298,2,2
PN,2025-05-17,16.95,16.95,10.6,23.3,8.980256121069154,2,2
PN,2025-05-18,14.13,14.13,9.16,19.1,7.028641404994284,2,2
PN,2025-05-19,14.35,14.35,11.5,17.2,4.030508652763321,2,2
PN,2025-05-20,14.55,14.55,11.6,17.5,4.171930009000631,2,2
PN,2025-05-21,15.65,15.65,8.8,22.5,9.6873629022557,2,2
PN,2025-05-22,13.745000000000001,13.745000000000001,8.89,18.6,6.866006845321377,2,2
PN,2025-05-23,23.5,23.5,15.8,31.2,10.889444430272832,2,2
PN,2025-05-24,28.15,28.15,19.5,36.8,12.232947314527271,2,2
PN,2025-05-25,16.605,16.605,9.31,23.9,10.316687937511727,2,2
PN,2025-05-26,17.05,17.05,14.4,19.7,3.747665940288702,2,2
PN,2025-05-27,10.525,10.525,6.25,14.8,6.045762979144982,2,2
PN,2025-05-28,11.315000000000001,11.315000000000001,9.73,12.9,2.241528496361356,2,2
PN,2025-05-29,16.700000000000003,16.700000000000003,15.3,18.1,1.9798989873223323,2,2
PN,2025-05-30,13.95,13.95,11.7,16.2,3.181980515339464,2,2
PN,2025-05-31,11.385000000000002,11.385000000000002,8.47,14.3,4.122432534317571,2,2
PN,2025-06-01,10.67,10.67,7.74,13.6,4.143645737753168,2,2
PN,2025-06-02,11.09,11.09,8.48,13.7,3.6910973977937775,2,2
PN,2025-06-03,15.600000000000001,15.600000000000001,12.9,18.3,3.8183766184073575,2,2
PN,2025-06-04,14.799999999999999,14.799999999999999,10.7,18.9,5.79827560572969,2,2
PN,2025-06-05,23.05,23.05,21.6,24.5,2.050609665440987,2,2
PN,2025-06-06,20.950000000000003,20.950000000000003,19.1,22.8,2.6162950903902242,2,2
PN,2025-06-07,10.8,10.8,10.6,11.0,0.2828427124746186,2,2
PN,2025-06-08,16.7,16.7,11.5,21.9,7.353910524340093,2,2
PN,2025-06-09,10.345,10.345,5.69,15.0,6.583164132846758,2,2
PN,2025-06-10,10.235,10.235,7.97,12.5,3.2031937187750605,2,2
PN,2025-06-11,5.93,5.93,2.95,8.91,4.214356415871824,2,2
PN,2025-06-12,8.8,8.8,6.8,10.8,2.828427124746191,2,2
PN,2025-06-13,13.115,13.115,8.23,18.0,6.908433252192569,2,2
PN,2025-06-14,12.75,12.75,12.6,12.9,0.21213203435596475,2,2
PN,2025-06-15,14.55,14.55,6.8,22.3,10.960155108391488,2,2
PN,2025-06-16,4.085,4.085,1.65,6.52,3.443610024378486,2,2
PN,2025-06-17,11.35,11.35,10.2,12.5,1.6263455967290599,2,2
PN,2025-06-18,6.25,6.25,5.34,7.16,1.2869343417595167,2,2
PN,2025-06-19,8.219999999999999,8.219999999999999,7.91,8.53,0.4384062043356583,2,2
PN,2025-06-20,9.565000000000001,9.565000000000001,9.16,9.97,0.5727564927611045,2,2
PN,2025-06-21,8.28,8.28,5.06,11.5,4.553767670841367,2,2
PN,2025-06-22,10.55,10.55,9.0,12.1,2.1920310216782966,2,2
PN,2025-06-23,12.85,12.85,11.2,14.5,2.333452377915607,2,2
PN,2025-06-24,11.7,11.7,11.3,12.1,0.5656854249492379,2,2
PN,2025-06-25,12.55,12.55,10.8,14.3,2.4748737341529163,2,2
PN,2025-06-26,12.100000000000001,12.100000000000001,11.3,12.9,1.1313708498984751,2,2
PN,2025-06-27,9.14,9.14,8.08,10.2,1.4990663761154794,2,2
PN,2025-06-28,12.3,12.3,11.6,13.0,0.9899494936611661,2,2
PN,2025-06-29,10.120000000000001,10.120000000000001,9.14,11.1,1.3859292911256318,2,2
PN,2025-06-30,10.51,10.51,8.62,12.4,2.6728636328851505,2,2
PN,2025-07-01,10.86,10.86,9.72,12.0,1.6122034611053286,2,2
PN,2025-07-02,9.09,9.09,8.34,9.84,1.0606601717798212,2,2
PN,2025-07-03,7.0,7.0,6.22,7.78,1.1030865786510144,2,2
PN,2025-07-04,9.075,9.075,7.25,10.9,2.580939751330899,2,2
PN,2025-07-05,9.280000000000001,9.280000000000001,8.64,9.92,0.9050966799187811,2,2
PN,2025-07-06,10.48,10.48,9.16,11.8,1.866761902332486,2,2
PN,2025-07-07,11.85,11.85,11.2,12.5,0.9192388155425123,2,2
PN,2025-07-08,11.465,11.465,9.13,13.8,3.3021886681411776,2,2
PN,2025-07-09,12.8,12.8,11.5,14.1,1.8384776310850226,2,2
PN,2025-07-10,16.8,16.8,13.0,20.6,5.374011537017762,2,2
PN,2025-07-11,11.55,11.55,10.5,12.6,1.4849242404917489,2,2
PN,2025-07-12,11.4,11.4,10.4,12.4,1.4142135623730951,2,2
PN,2025-07-13,8.684999999999999,8.684999999999999,8.18,9.19,0.7141778489984135,2,2
PN,2025-07-14,6.555,6.555,6.1,7.01,0.6434671708797584,2,2
PN,2025-07-15,9.370000000000001,9.370000000000001,6.84,11.9,3.5779603128039317,2,2
PN,2025-07-16,11.4,11.4,10.5,12.3,1.272792206135786,2,2
PN,2025-07-17,12.35,12.35,11.0,13.7,1.9091883092036779,2,2
PN,2025-07-18,16.799999999999997,16.799999999999997,13.7,19.9,4.384062043356596,2,2
PN,2025-07-19,20.95,20.95,11.9,30.0,12.798632739476508,2,2
PN,2025-07-20,21.55,21.55,13.0,30.1,12.091525958289964,2,2
PN,2025-07-21,24.55,24.55,19.3,29.8,7.424621202458749,2,2
PN,2025-07-22,22.35,22.35,14.8,29.9,10.677312395916864,2,2
PN,2025-07-23,17.55,17.55,10.6,24.5,9.82878425849301,2,2
PN,2025-07-24,17.299999999999997,17.299999999999997,15.7,18.9,2.262741699796953,2,2
PN,2025-07-25,13.695,13.695,7.39,20.0,8.916616510762363,2,2
PN,2025-07-26,14.26,14.26,8.52,20.0,8.117585848021566,2,2
PN,2025-07-27,14.895,14.895,9.79,20.0,7.219560235914651,2,2
PN,2025-07-28,13.565,13.565,7.13,20.0,9.100464273870866,2,2
PN,2025-07-29,12.83,12.83,5.86,19.8,9.857068529740472,2,2
PN,2025-07-30,12.115,12.115,4.23,20.0,11.151073939311853,2,2
PN,2025-07-31,17.2,17.2,14.4,20.0,3.9597979746446668,2,2
PN,2025-08-01,21.9,21.9,20.0,23.8,2.6870057685088797,2,2
PN,2025-08-02,18.35,18.35,16.9,19.8,2.050609665440988,2,2
PN,2025-08-03,12.195,12.195,4.39,20.0,11.037936854322007,2,2
PN,2025-08-04,13.175,13.175,6.35,20.0,9.652007563196374,2,2
PN,2025-08-05,12.600000000000001,12.600000000000001,5.1,20.1,10.606601717798213,2,2
PN,2025-08-06,11.675,11.675,3.25,20.1,11.914749262993327,2,2
PN,2025-08-07,12.995000000000001,12.995000000000001,6.19,19.8,9.623723291948911,2,2
PN,2025-08-08,18.549999999999997,18.549999999999997,17.2,19.9,1.909188309203679,2,2
PN,2025-08-09,21.0,21.0,19.9,22.1,1.5556349186104066,2,2
PN,2025-08-10,18.9,18.9,17.9,19.9,1.4142135623730951,2,2
PN,2025-08-11,10.735,10.735,1.47,20.0,13.102688655386725,2,2
PN,2025-08-12,11.235,11.235,2.57,19.9,12.254160517962866,2,2
PN,2025-08-13,17.7,17.7,15.5,19.9,3.1112698372208083,2,2
PN,2025-08-14,12.610000000000001,12.610000000000001,5.12,20.1,10.592459582174484,2,2
PN,2025-08-15,10.174999999999999,10.174999999999999,0.45,19.9,13.753226894078349,2,2
PN,2025-08-16,12.405,12.405,4.91,19.9,10.599530649986347,2,2
PN,2025-08-17,12.765,12.765,5.53,20.0,10.231835123769342,2,2
PN,2025-08-18,18.6,18.6,17.1,20.1,2.1213203435596424,2,2
PN,2025-08-19,15.25,15.25,10.3,20.2,7.00035713374682,2,2
PN,2025-08-20,16.25,16.25,12.7,19.8,5.020458146424488,2,2
PN,2025-08-21,14.445,14.445,8.79,20.1,7.997377695219854,2,2
PN,2025-08-22,12.78,12.78,5.56,20.0,10.210621920333747,2,2
PN,2025-08-23,12.870000000000001,12.870000000000001,5.64,20.1,10.224764055957477,2,2
PN,2025-08-24,12.47,12.47,4.94,20.0,10.649028124669407,2,2
PN,2025-08-25,13.115,13.115,6.03,20.2,10.019703089413378,2,2
PN,2025-08-26,13.365,13.365,6.63,20.1,9.524728342582796,2,2
PN,2025-08-27,13.195,13.195,6.39,20.0,9.623723291948911,2,2
PN,2025-08-28,16.5,16.5,13.0,20.0,4.949747468305833,2,2
PN,2025-08-29,18.0,18.0,16.1,19.9,2.6870057685088784,2,2
PN,2025-08-30,13.875,13.875,7.85,19.9,8.520636713297897,2,2
PN,2025-08-31,13.395,13.395,6.79,20.0,9.340880579474293,2,2
PN,2025-09-01,13.99,13.99,7.88,20.1,8.640844866099611,2,2
PN,2025-09-02,12.925,12.925,5.65,20.2,10.288403666264264,2,2
PN,2025-09-03,14.35,14.35,8.8,19.9,7.848885271170676,2,2
PN,2025-09-04,12.729999999999999,12.729999999999999,5.56,19.9,10.13991124221509,2,2
PN,2025-09-05,13.295,13.295,6.59,20.0,9.482301935711602,2,2
PN,2025-09-06,14.045,14.045,8.09,20.0,8.421641763931781,2,2
PN,2025-09-07,19.4,19.4,18.9,19.9,0.7071067811865476,2,2
PN,2025-09-08,16.1,16.1,12.4,19.8,5.232590180780451,2,2
PN,2025-09-09,16.9,16.9,13.8,20.0,4.384062043356596,2,2
PN,2025-09-10,16.1,16.1,12.2,20.0,5.51543289325507,2,2
PN,2025-09-11,12.16,12.16,4.42,19.9,10.946012972767754,2,2
PN,2025-09-12,12.7,12.7,5.5,19.9,10.182337649086284,2,2
PN,2025-09-13,16.549999999999997,16.549999999999997,13.2,19.9,4.737615433949869,2,2
PN,2025-09-14,20.6,20.6,20.0,21.2,0.8485281374238578,2,2
PN,2025-09-15,16.4,16.4,12.8,20.0,5.091168824543143,2,2
PN,2025-09-16,20.65,20.65,20.2,21.1,0.636396103067893,2,2
PN,2025-09-17,15.200000000000001,15.200000000000001,10.3,20.1,6.929646455628166,2,2
PN,2025-09-18,12.16,12.16,4.32,20.0,11.087434329005065,2,2
PN,2025-09-19,13.5,13.5,6.9,20.1,9.333809511662428,2,2
PN,2025-09-20,14.54,14.54,9.08,20.0,7.721606050557099,2,2
PN,2025-09-21,13.035,13.035,5.97,20.1,9.991418818165918,2,2
PN,2025-09-22,13.7,13.7,7.5,19.9,8.768124086713188,2,2
PN,2025-09-23,15.55,15.55,14.0,17.1,2.1920310216782983,2,2
PN,2025-09-24,14.85,14.85,14.7,15.0,0.21213203435596475,2,2
PN,2025-09-25,11.49,11.49,7.98,15.0,4.963889603929563,2,2
PN,2025-09-26,16.5,16.5,15.0,18.0,2.1213203435596424,2,2
PN,2025-09-27,54.099999999999994,54.099999999999994,15.1,93.1,55.154328932550705,2,2
PN,2025-09-28,11.844999999999999,11.844999999999999,8.59,15.1,4.603265145524425,2,2
PN,2025-09-29,12.385,12.385,9.77,15.0,3.6981684656056437,2,2
PN,2025-09-30,11.335,11.335,7.77,14.9,5.041671349860084,2,2
PN,2025-10-01,11.09,11.09,7.28,14.9,5.388153672641493,2,2
PN,2025-10-02,9.695,9.695,4.39,15.0,7.502402948389269,2,2
PN,2025-10-03,12.045000000000002,12.045000000000002,6.49,17.6,7.855956338982543,2,2
PN,2025-10-04,14.07,14.07,6.54,21.6,10.649028124669407,2,2
PN,2025-10-05,17.05,17.05,16.6,17.5,0.6363961030678917,2,2
PN,2025-10-06,14.7,14.7,12.2,17.2,3.5355339059327378,2,2
PN,2025-10-07,13.765,13.765,7.53,20.0,8.817621561396248,2,2
PN,2025-10-08,15.490000000000002,15.490000000000002,8.88,22.1,9.347951647286157,2,2
PN,2025-10-09,26.799999999999997,26.799999999999997,26.4,27.2,0.5656854249492372,2,2
PN,2025-10-10,44.0,44.0,34.7,53.3,13.152186130069781,2,2
PN,2025-10-11,56.55,56.55,53.4,59.7,4.45477272147525,2,2
PN,2025-10-12,56.65,56.65,53.8,59.5,4.030508652763323,2,2
PN,2025-10-13,49.650000000000006,49.650000000000006,43.2,56.1,9.12167747730646,2,2
PN,2025-10-14,63.85,63.85,58.0,69.7,8.273149339882607,2,2
PN,2025-10-15,65.15,65.15,59.2,71.1,8.414570696119904,2,2
PN,2025-10-16,46.45,46.45,45.5,47.4,1.3435028842544419,2,2
PN,2025-10-17,35.8,35.8,29.3,42.3,9.192388155425116,2,2
PN,2025-10-18,64.65,64.65,60.7,68.6,5.586143571373714,2,2
PN,2025-10-19,82.15,82.15,80.3,84.0,2.616295090390223,2,2
PN,2025-10-20,128.0,128.0,128.0,128.0,0.0,1,1
PN,2025-10-21,144.5,144.5,104.0,185.0,57.27564927611035,2,2
PN,2025-10-22,72.8,72.8,62.9,82.7,14.000714267493647,2,2
PN,2025-10-23,45.2,45.2,45.2,45.2,0.0,1,1
PN,2025-10-24,24.6,24.6,24.6,24.6,0.0,1,1
PN,2025-10-25,5.75,5.75,5.75,5.75,0.0,1,1
PN,2025-10-26,6.225,6.225,5.42,7.03,1.1384419177103413,2,2
PN,2025-10-27,4.06,4.06,4.06,4.06,0.0,1,1
PN,2025-10-28,15.7,15.7,15.7,15.7,0.0,1,1
PN,2025-10-29,17.85,17.85,13.4,22.3,6.293250352560274,2,2
PN,2025-10-30,12.655000000000001,12.655000000000001,7.21,18.1,7.7003928471215035,2,2
PN,2025-10-31,17.35,17.35,13.9,20.8,4.879036790187177,2,2
PN,2025-11-01,20.15,20.15,15.2,25.1,7.000357133746824,2,2
PN,2025-11-02,17.3,17.3,12.8,21.8,6.363961030678928,2,2
PN,2025-11-03,14.6,14.6,11.2,18.0,4.8083261120685235,2,2
PN,2025-11-04,15.950000000000001,15.950000000000001,14.3,17.6,2.333452377915607,2,2
PN,2025-11-05,19.85,19.85,15.7,24.0,5.8689862838483435,2,2
PN,2025-11-06,40.8,40.8,33.8,47.8,9.899494936611665,2,2
PN,2025-11-07,46.0,46.0,45.6,46.4,0.565685424949236,2,2
PN,2025-11-08,34.150000000000006,34.150000000000006,28.6,39.7,7.848885271170681,2,2
PN,2025-11-09,33.6,33.6,30.2,37.0,4.808326112068523,2,2
PN,2025-11-10,56.9,56.9,56.8,57.0,0.14142135623731153,2,2
PN,2025-11-11,41.65,41.65,35.8,47.5,8.273149339882607,2,2
PN,2025-11-12,53.4,53.4,50.3,56.5,4.384062043356597,2,2
PN,2025-11-13,56.75,56.75,54.4,59.1,3.3234018715767757,2,2
PN,2025-11-14,59.35,59.35,52.2,66.5,10.111626970967627,2,2
PN,2025-11-15,89.1,89.1,58.2,120.0,43.69919907732863,2,2
PN,2025-11-16,85.65,85.65,61.3,110.0,34.43610024378487,2,2
PN,2025-11-17,72.45,72.45,61.0,83.9,16.192745289171942,2,2
PN,2025-11-18,85.05,85.05,73.3,96.8,16.617009357883866,2,2
PN,2025-11-19,76.55,76.55,63.0,90.1,19.162593770155436,2,2
PN,2025-11-20,70.65,70.65,66.3,75.0,6.15182899632297,2,2
PN,2025-11-21,83.05,83.05,80.1,86.0,4.171930009000635,2,2
PN,2025-11-22,91.95,91.95,88.5,95.4,4.879036790187182,2,2
PN,2025-11-23,75.1,75.1,64.6,85.6,14.849242404917497,2,2
PN,2025-11-24,75.6,75.6,66.6,84.6,12.727922061357855,2,2
PN,2025-11-25,81.25,81.25,77.5,85.0,5.303300858899107,2,2
PN,2025-11-26,89.85,89.85,78.7,101.0,15.768481220460004,2,2
PN,2025-11-27,56.5,56.5,52.0,61.0,6.363961030678928,2,2
PN,2025-11-28,54.2,54.2,44.1,64.3,14.28355697996826,2,2
PN,2025-11-29,42.95,42.95,32.3,53.6,15.061374439273468,2,2
PN,2025-11-30,40.75,40.75,30.3,51.2,14.778531726798843,2,2
PN,2025-12-01,47.6,47.6,37.1,58.1,14.849242404917497,2,2
PN,2025-12-02,54.25,54.25,49.8,58.7,6.293250352560277,2,2
PN,2025-12-03,59.05,59.05,50.0,68.1,12.798632739476506,2,2
PN,2025-12-04,60.300000000000004,60.300000000000004,50.7,69.9,13.576450198781714,2,2
PN,2025-12-05,54.4,54.4,45.4,63.4,12.727922061357855,2,2
PN,2025-12-06,43.3,43.3,35.8,50.8,10.606601717798213,2,2
PN,2025-12-07,37.25,37.25,26.8,47.7,14.778531726798843,2,2
PN,2025-12-08,46.3,46.3,43.8,48.8,3.5355339059327378,2,2
PN,2025-12-09,34.4,34.4,34.4,34.4,0.0,1,1
PN,2025-12-10,32.8,32.8,29.8,35.8,4.242640687119284,2,2
PN,2025-12-11,47.75,47.75,39.0,56.5,12.374368670764582,2,2
PN,2025-12-12,47.900000000000006,47.900000000000006,46.6,49.2,1.838477631085027,2,2
PN,2025-12-13,48.55,48.55,48.1,49.0,0.6363961030678893,2,2
PN,2025-12-14,55.0,55.0,55.0,55.0,0.0,1,1
PN,2025-12-15,43.1,43.1,43.1,43.1,0.0,1,1
PN,2025-12-16,46.65,46.65,43.3,50.0,4.737615433949871,2,2
PN,2025-12-17,67.45,67.45,51.5,83.4,22.55670631985087,2,2
PN,2025-12-18,69.85,69.85,57.0,82.7,18.172644276494278,2,2
PN,2025-12-19,65.05,65.05,55.4,74.7,13.647160876900372,2,2
PN,2025-12-20,28.7,28.7,22.4,35.0,8.9095454429505,2,2
PN,2025-12-21,29.0,29.0,29.0,29.0,0.0,1,1
PN,2025-12-22,44.7,44.7,44.7,44.7,0.0,1,1
PN,2025-12-23,43.45,43.45,43.3,43.6,0.21213203435596475,2,2
PN,2025-12-24,27.65,27.65,24.4,30.9,4.596194077712559,2,2
PN,2025-12-25,45.55,45.55,42.0,49.1,5.020458146424491,2,2
PN,2025-12-26,57.150000000000006,57.150000000000006,52.6,61.7,6.434671708797581,2,2
PN,2025-12-27,56.8,56.8,51.9,61.7,6.929646455628171,2,2
PN,2025-12-28,61.949999999999996,61.949999999999996,57.8,66.1,5.868986283848343,2,2
PN,2025-12-29,55.05,55.05,54.4,55.7,0.9192388155425173,2,2
PN,2025-12-30,63.75,63.75,62.2,65.3,2.192031021678293,2,2
PN,2025-12-31,49.2,49.2,46.6,51.8,3.6769552621700416,2,2
PN,2026-01-01,24.450000000000003,24.450000000000003,23.1,25.8,1.909188309203679,2,2
PN,2026-01-02,43.6,43.6,41.7,45.5,2.6870057685088784,2,2
PN,2026-01-03,48.7,48.7,46.6,50.8,2.969848480983494,2,2
PN,2026-01-04,83.1,83.1,66.2,100.0,23.90020920410531,2,2
PN,2026-01-05,61.4,61.4,61.4,61.4,0.0,1,1
PN,2026-01-06,63.7,63.7,61.2,66.2,3.5355339059327378,2,2
PN,2026-01-07,57.9,57.9,57.9,57.9,0.0,1,1
PN,2026-01-08,54.9,54.9,54.9,54.9,0.0,1,1
PN,2026-01-09,51.25,51.25,49.9,52.6,1.9091883092036803,2,2
PN,2026-01-10,48.25,48.25,46.4,50.1,2.616295090390228,2,2
PN,2026-01-20,43.8,43.8,42.9,44.7,1.272792206135791,2,2
PN,2026-01-21,53.400000000000006,53.400000000000006,45.1,61.7,11.737972567696692,2,2
PN,2026-01-22,58.349999999999994,58.349999999999994,52.8,63.9,7.848885271170676,2,2
PN,2026-01-23,33.6,33.6,32.7,34.5,1.2727922061357835,2,2
PN,2026-01-24,25.7,25.7,25.7,25.7,0.0,2,2
PN,2026-01-25,46.55,46.55,40.9,52.2,7.990306627407993,2,2
PN,2026-01-26,110.95,110.95,67.9,154.0,60.88189386016174,2,2
PN,2026-01-27,33.2,33.2,33.2,33.2,0.0,1,1
PN,2026-01-28,32.75,32.75,21.9,43.6,15.344217151748083,2,2
PN,2026-01-29,43.15,43.15,36.4,49.9,9.545941546018392,2,2
PN,2026-01-30,56.75,56.75,50.6,62.9,8.697413408594533,2,2
PN,2026-01-31,47.7,47.7,43.1,52.3,6.5053823869162315,2,2
PN,2026-02-01,51.900000000000006,51.900000000000006,45.1,58.7,9.616652224137049,2,2
PN,2026-02-02,56.4,56.4,50.0,62.8,9.050966799187806,2,2
PN,2026-02-03,58.85,58.85,53.5,64.2,7.5660425586960605,2,2
PN,2026-02-04,55.85,55.85,53.0,58.7,4.030508652763323,2,2
PN,2026-02-05,58.05,58.05,51.8,64.3,8.838834764831844,2,2
PN,2026-02-06,53.900000000000006,53.900000000000006,49.6,58.2,6.081118318204312,2,2
PN,2026-02-07,50.55,50.55,50.0,51.1,0.7778174593052007,2,2
PN,2026-02-08,50.099999999999994,50.099999999999994,44.3,55.9,8.202438661763955,2,2
PN,2026-02-09,53.95,53.95,52.7,55.2,1.7677669529663689,2,2
PN,2026-02-10,48.95,48.95,43.2,54.7,8.131727983645296,2,2
PN,2026-02-11,47.85,47.85,40.2,55.5,10.818733752154175,2,2
PN,2026-02-12,52.45,52.45,49.9,55.0,3.6062445840513906,2,2
PN,2026-02-13,53.5,53.5,53.3,53.7,0.28284271247462306,2,2
PN,2026-02-14,57.8,57.8,53.0,62.6,6.788225099390854,2,2
PN,2026-02-15,58.3,58.3,55.0,61.6,4.6669047558312124,2,2
PN,2026-02-16,51.4,51.4,48.3,54.5,4.384062043356597,2,2
PN,2026-02-17,35.5,35.5,16.4,54.6,27.01147904132612,2,2
PN,2026-02-18,20.55,20.55,13.9,27.2,9.404520189781081,2,2
PN,2026-02-19,36.15,36.15,15.4,56.9,29.34493141924172,2,2
PN,2026-02-20,103.8,103.8,72.6,135.0,44.12346314604057,2,2
PN,2026-02-21,71.4,71.4,69.3,73.5,2.969848480983497,2,2
PN,2026-02-22,55.7,55.7,53.1,58.3,3.6769552621700416,2,2
PN,2026-02-23,45.7,45.7,44.5,46.9,1.6970562748477105,2,2
PN,2026-02-24,42.599999999999994,42.599999999999994,41.4,43.8,1.6970562748477156,2,2
PN,2026-02-25,32.85,32.85,30.1,35.6,3.8890872965260113,2,2
PN,2026-02-26,14.25,14.25,11.6,16.9,3.7476659402887003,2,2
PN,2026-02-27,5.885,5.885,5.33,6.44,0.7848885271170684,2,2
PN,2026-02-28,6.335,6.335,5.52,7.15,1.152584053334073,2,2
PN,2026-03-01,10.48,10.48,9.76,11.2,1.0182337649086275,2,2
PN,2026-03-02,15.5,15.5,13.3,17.7,3.1112698372208083,2,2
PN,2026-03-03,62.400000000000006,62.400000000000006,57.4,67.4,7.071067811865478,2,2
PN,2026-03-04,36.150000000000006,36.150000000000006,35.2,37.1,1.3435028842544368,2,2
PN,2026-03-05,25.0,25.0,24.2,25.8,1.1313708498984771,2,2
PN,2026-03-06,25.1,25.1,24.1,26.1,1.4142135623730951,2,2
PN,2026-03-07,22.3,22.3,20.5,24.1,2.545584412271572,2,2
PN,2026-03-08,46.2,46.2,46.2,46.2,0.0,2,2
PN,2026-03-09,41.849999999999994,41.849999999999994,39.9,43.8,2.757716446627537,2,2
PN,2026-03-10,68.30000000000001,68.30000000000001,47.7,88.9,29.132799384885754,2,2
PN,2026-03-11,42.45,42.45,41.6,43.3,1.2020815280171302,2,2
PN,2026-03-12,37.2,37.2,36.4,38.0,1.1313708498984796,2,2
PN,2026-03-13,39.0,39.0,37.0,41.0,2.8284271247461903,2,2
PN,2026-03-14,19.0,19.0,16.6,21.4,3.3941125496954263,2,2
PN,2026-03-15,12.45,12.45,11.2,13.7,1.7677669529663689,2,2
PN,2026-03-16,6.6,6.6,2.5,10.7,5.79827560572969,2,2
PN,2026-03-17,21.5,21.5,11.2,31.8,14.56639969244288,2,2
PN,2026-03-18,15.45,15.45,14.0,16.9,2.050609665440987,2,2
PN,2026-03-19,12.95,12.95,12.1,13.8,1.2020815280171322,2,2
PN,2026-03-20,18.35,18.35,17.2,19.5,1.6263455967290585,2,2
PN,2026-03-21,18.85,18.85,18.5,19.2,0.494974746830584,2,2
PN,2026-03-22,41.900000000000006,41.900000000000006,28.1,55.7,19.51614716074871,2,2
PN,2026-03-23,31.75,31.75,28.8,34.7,4.171930009000633,2,2
PN,2026-03-24,31.2,31.2,30.5,31.9,0.9899494936611655,2,2
PN,2026-03-25,24.7,24.7,24.5,24.9,0.282842712474618,2,2
PN,2026-03-26,28.849999999999998,28.849999999999998,25.4,32.3,4.879036790187177,2,2
PN,2026-03-27,30.8,30.8,29.8,31.8,1.4142135623730951,2,2
PN,2026-03-28,12.100000000000001,12.100000000000001,11.8,12.4,0.4242640687119276,2,2
PN,2026-03-29,4.865,4.865,4.19,5.54,0.9545941546018389,2,2
PN,2026-03-30,6.83,6.83,6.77,6.89,0.0848528137423861,2,2
PN,2026-03-31,5.695,5.695,4.85,6.54,1.1950104602052658,2,2
PN,2026-04-01,8.905,8.905,6.61,11.2,3.2456201256462522,2,2
PN,2026-04-02,8.285,8.285,7.86,8.71,0.6010407640085654,2,2
PN,2026-04-03,17.8,17.8,12.1,23.5,8.061017305526644,2,2
PN,2026-04-04,9.335,9.335,8.98,9.69,0.5020458146424487,2,2
PN,2026-04-05,10.684999999999999,10.684999999999999,9.27,12.1,2.001112190757929,2,2
PN,2026-04-06,10.55,10.55,10.4,10.7,0.21213203435596414,2,2
PN,2026-04-07,11.75,11.75,8.9,14.6,4.030508652763321,2,2
PN,2026-04-08,13.8,13.8,11.0,16.6,3.959797974644667,2,2
PN,2026-04-09,14.25,14.25,10.1,18.4,5.868986283848344,2,2
PN,2026-04-10,39.75,39.75,36.4,43.1,4.737615433949871,2,2
PN,2026-04-11,32.599999999999994,32.599999999999994,25.9,39.3,9.475230867899732,2,2
PN,2026-04-12,29.4,29.4,22.2,36.6,10.182337649086284,2,2
PN,2026-04-13,25.75,25.75,17.5,34.0,11.667261889578034,2,2
PN,2026-04-14,40.15,40.15,36.8,43.5,4.737615433949871,2,2
PN,2026-04-15,13.95,13.95,11.9,16.0,2.899137802864844,2,2
PN,2026-04-16,15.78,15.78,9.86,21.7,8.372144289248723,2,2
PN,2026-04-17,19.25,19.25,13.6,24.9,7.990306627407987,2,2
PN,2026-04-18,17.8,17.8,14.5,21.1,4.666904755831214,2,2
PN,2026-04-19,20.950000000000003,20.950000000000003,16.8,25.1,5.868986283848346,2,2
PN,2026-04-20,20.15,20.15,19.8,20.5,0.4949747468305815,2,2
PN,2026-04-21,30.0,30.0,30.0,30.0,0.0,1,1
PN,2026-04-22,18.2,18.2,14.5,21.9,5.23259018078045,2,2
PN,2026-04-23,21.85,21.85,16.8,26.9,7.14177848998413,2,2
PN,2026-04-24,20.0,20.0,15.6,24.4,6.222539674441618,2,2
PN,2026-04-25,24.049999999999997,24.049999999999997,17.9,30.2,8.697413408594533,2,2
PN,2026-04-26,25.15,25.15,17.8,32.5,10.394469683442246,2,2
PN,2026-04-27,16.5,16.5,11.9,21.1,6.505382386916237,2,2
PN,2026-04-28,14.95,14.95,11.6,18.3,4.737615433949869,2,2
PN,2026-04-29,18.2,18.2,18.2,18.2,0.0,1,1
PN,2026-04-30,14.9,14.9,10.7,19.1,5.939696961967001,2,2
PN,2026-05-01,13.735,13.735,9.87,17.6,5.4659354185720135,2,2
PN,2026-05-02,105.9,105.9,20.8,191.0,120.34957415795039,2,2
PN,2026-05-03,21.55,21.55,21.3,21.8,0.3535533905932738,2,2
PN,2026-05-04,17.4,17.4,15.4,19.4,2.828427124746188,2,2
PN,2026-05-05,16.65,16.65,14.6,18.7,2.8991378028648453,2,2
PN,2026-05-06,84.95,84.95,15.9,154.0,97.65144648186221,2,2
PN,2026-05-07,18.4,18.4,15.8,21.0,3.676955262170045,2,2
PN,2026-05-08,17.4,17.4,16.0,18.8,1.9798989873223323,2,2
PN,2026-05-09,17.4,17.4,15.5,19.3,2.6870057685088797,2,2
PN,2026-05-10,18.049999999999997,18.049999999999997,15.2,20.9,4.030508652763319,2,2
PN,2026-05-11,36.1,36.1,15.8,56.4,28.70853531617383,2,2
PN,2026-05-12,22.55,22.55,18.3,26.8,6.010407640085654,2,2
PN,2026-05-13,20.95,20.95,16.0,25.9,7.00035713374682,2,2
PN,2026-05-14,15.45,15.45,13.2,17.7,3.181980515339464,2,2
PN,2026-05-15,16.4,16.4,14.0,18.8,3.39411254969543,2,2
PN,2026-05-16,10.45,10.45,10.0,10.9,0.6363961030678924,2,2
PN,2026-05-17,13.265,13.265,9.93,16.6,4.716402230514273,2,2
PN,2026-05-18,21.8,21.8,18.3,25.3,4.949747468305833,2,2
PN,2026-05-19,12.55,12.55,10.3,14.8,3.181980515339464,2,2
PN,2026-05-20,8.995000000000001,8.995000000000001,7.59,10.4,1.9869700551341982,2,2
PN,2026-05-21,11.14,11.14,9.38,12.9,2.489015869776647,2,2
PN,2026-05-22,11.975000000000001,11.975000000000001,8.65,15.3,4.702260094890541,2,2
PN,2026-05-23,8.3,8.3,7.98,8.62,0.4525483399593889,2,2
PN,2026-05-24,5.88,5.88,4.92,6.84,1.3576450198781713,2,2
PN,2026-05-25,8.09,8.09,7.51,8.67,0.8202438661763952,2,2
PN,2026-05-26,6.085,6.085,5.36,6.81,1.0253048327204934,2,2
PN,2026-05-27,3.7560000000000002,3.7560000000000002,0.612,6.9,4.446287440101011,2,2
PN,2026-05-28,4.6,4.6,0.0,9.2,6.505382386916237,2,2
PN,2026-05-29,4.285,4.285,0.0,8.57,6.059905114768712,2,2
PN,2026-05-30,8.725,8.725,5.55,11.9,4.490128060534578,2,2
PN,2026-05-31,21.450000000000003,21.450000000000003,20.3,22.6,1.6263455967290585,2,2
PN,2026-06-01,5.5600000000000005,5.5600000000000005,4.45,6.67,1.5697770542341352,2,2
PN,2026-06-02,8.65,8.65,5.5,11.8,4.45477272147525,2,2
PN,2026-06-03,5.92,5.92,4.08,7.76,2.6021529547664946,2,2
PN,2026-06-04,5.92,5.92,1.04,10.8,6.901362184380704,2,2
PN,2026-06-05,24.4,24.4,24.4,24.4,0.0,1,1
PN,2026-06-06,13.8,13.8,5.1,22.5,12.303657992645928,2,2
PN,2026-06-07,11.850000000000001,11.850000000000001,2.6,21.1,13.08147545195113,2,2
PN,2026-06-08,14.17,14.17,3.54,24.8,15.033090168026,2,2
PN,2026-06-09,18.85,18.85,17.3,20.4,2.1920310216782948,2,2
PN,2026-06-10,16.8,16.8,16.8,16.8,0.0,1,1
PN,2026-06-11,20.7,20.7,20.2,21.2,0.7071067811865476,2,2
PN,2026-06-12,17.85,17.85,14.7,21.0,4.454772721475249,2,2
PN,2026-06-13,17.75,17.75,14.6,20.9,4.454772721475248,2,2
PN,2026-06-14,14.165,14.165,9.63,18.7,6.4134585053619855,2,2
PN,2026-06-15,13.530000000000001,13.530000000000001,9.46,17.6,5.755849198858497,2,2
PN,2026-06-16,15.3,15.3,13.1,17.5,3.1112698372208087,2,2
PN,2026-06-17,13.75,13.75,10.0,17.5,5.303300858899107,2,2
PN,2026-06-18,13.29,13.29,8.28,18.3,7.085209947489208,2,2
PN,2026-06-19,16.5,16.5,12.8,20.2,5.23259018078045,2,2
PN,2026-06-20,15.129999999999999,15.129999999999999,9.86,20.4,7.452905473706211,2,2
PN,2026-06-21,8.725,8.725,6.95,10.5,2.510229073212244,2,2
PN,2026-06-22,9.629999999999999,9.629999999999999,8.86,10.4,1.0889444430272845,2,2
PN,2026-06-23,8.925,8.925,7.35,10.5,2.2273863607376243,2,2
PN,2026-06-25,20.1,20.1,20.1,20.1,0.0,1,1
PN,2026-06-26,10.84,10.84,6.98,14.7,5.458864350760146,2,2
PN,2026-06-27,11.9,11.9,11.3,12.5,0.8485281374238566,2,2
PN,2026-06-28,13.9,13.9,11.7,16.1,3.1112698372208105,2,2
PN,2026-06-29,10.415,10.415,7.63,13.2,3.9385847712090696,2,2
PN,2026-06-30,8.049999999999999,8.049999999999999,6.31,9.79,2.4607315985291853,2,2
PN,2026-07-01,6.735,6.735,3.75,9.72,4.221427483683689,2,2
PN,2026-07-02,8.525,8.525,7.15,9.9,1.9445436482630056,2,2
PN,2026-07-03,6.75,6.75,3.76,9.74,4.228498551495554,2,2
PN,2026-07-04,9.455,9.455,3.41,15.5,8.54892098454536,2,2
PN,2026-07-05,12.209999999999999,12.209999999999999,3.22,21.2,12.713779925734123,2,2
PN,2026-07-06,13.85,13.85,6.8,20.9,9.97020561473032,2,2
PN,2026-07-07,11.43,11.43,8.86,14.0,3.634528855298855,2,2
PN,2026-07-08,9.215,9.215,7.03,11.4,3.0900566337852124,2,2
PN,2026-07-09,10.73,10.73,6.96,14.5,5.331585130146569,2,2
PN,2026-07-10,9.415000000000001,9.415000000000001,7.03,11.8,3.3728993462598322,2,2
PN,2026-07-11,9.675,9.675,6.95,12.4,3.8537319574666844,2,2
PN,2026-07-12,8.295,8.295,7.01,9.58,1.8172644276494274,2,2
PN,2026-07-13,8.255,8.255,6.96,9.55,1.8314065632731589,2,2
PN,2026-07-14,8.75,8.75,7.0,10.5,2.4748737341529163,2,2
PN,2026-07-15,8.82,8.82,7.04,10.6,2.5173001410241094,2,2
PN,2026-07-16,8.615,8.615,7.03,10.2,2.2415284963613553,2,2
PN,2026-07-17,8.705,8.705,7.01,10.4,2.3970919882223964,2,2
PN,2026-07-18,7.529999999999999,7.529999999999999,6.94,8.12,0.8343860018001249,2,2
PN,2026-07-19,7.305,7.305,7.05,7.56,0.36062445840513907,2,2
PN,2026-07-20,6.92,6.92,6.89,6.95,0.0424264068711932,2,2
PN,2026-07-21,7.66,7.66,7.02,8.3,0.9050966799187816,2,2
PN,2026-07-22,7.6450000000000005,7.6450000000000005,6.99,8.3,0.9263098833543776,2,2
PN,2026-07-23,7.04,7.04,7.03,7.05,0.014142135623730649,2,2
PN,2026-07-24,6.66,6.66,6.11,7.21,0.7778174593052021,2,2
PN,2026-07-25,9.34,9.34,5.58,13.1,5.317442994522837,2,2
PN,2026-07-26,7.35,7.35,5.6,9.1,2.4748737341529163,2,2
PN,2026-07-27,6.49,6.49,5.6,7.38,1.2586500705120551,2,2
PN,2026-07-28,9.485,9.485,6.57,12.4,4.122432534317571,2,2
PN,2026-07-29,12.45,12.45,10.9,14.0,2.1920310216782966,2,2
PN,2026-07-30,14.600000000000001,14.600000000000001,13.1,16.1,2.1213203435596433,2,2
PN,2026-07-31,13.100000000000001,13.100000000000001,10.3,15.9,3.959797974644665,2,2
PN,2026-08-01,14.5,14.5,13.1,15.9,1.9798989873223336,2,2
PN,2026-08-02,12.540000000000001,12.540000000000001,8.98,16.1,5.034600282048219,2,2
PN,2026-08-03,9.535,9.535,8.07,11.0,2.071822868876584,2,2
PN,2026-08-04,9.45,9.45,8.4,10.5,1.4849242404917489,2,2
PN,2026-08-05,9.2,9.2,8.4,10.0,1.1313708498984751,2,2
PN,2026-08-06,10.620000000000001,10.620000000000001,8.34,12.9,3.2244069222106577,2,2
PN,2026-08-07,9.135,9.135,8.45,9.82,0.9687362902255708,2,2
PN,2026-08-08,8.285,8.285,8.09,8.48,0.27577164466275395,2,2
PN,2026-08-09,9.135,9.135,8.49,9.78,0.9121677477306457,2,2
PN,2026-08-10,10.81,10.81,9.82,11.8,1.4000714267493644,2,2
PN,2026-08-11,6.709999999999999,6.709999999999999,4.64,8.78,2.927422074112307,2,2
PN,2026-08-12,7.825,7.825,7.02,8.63,1.1384419177103424,2,2
PN,2026-08-13,9.594999999999999,9.594999999999999,7.49,11.7,2.976919548795364,2,2
PN,2026-08-14,8.14,8.14,6.51,9.77,2.3051681066681455,2,2
PN,2026-08-15,7.535,7.535,7.42,7.65,0.16263455967290624,2,2
PN,2026-08-16,10.06,10.06,9.22,10.9,1.1879393923933996,2,2
PN,2026-08-17,9.23,9.23,8.65,9.81,0.8202438661763952,2,2
PN,2026-08-18,8.745,8.745,7.72,9.77,1.449568901432422,2,2
PN,2026-08-19,6.640000000000001,6.640000000000001,5.98,7.3,0.933380951166242,2,2
PN,2026-08-20,6.725,6.725,6.44,7.01,0.40305086527633194,2,2
PN,2026-08-21,9.215,9.215,7.93,10.5,1.8172644276494274,2,2
PN,2026-08-22,8.985,8.985,7.98,9.99,1.4212846301849609,2,2
PN,2026-08-23,7.3,7.3,6.24,8.36,1.4990663761154803,2,2
PN,2026-08-24,8.765,8.765,8.18,9.35,0.82731493398826,2,2
PN,2026-08-25,10.385,10.385,9.57,11.2,1.1525840533340717,2,2
PN,2026-08-26,11.04,11.04,9.98,12.1,1.4990663761154808,2,2
PN,2026-08-27,6.99,6.99,6.99,6.99,0.0,1,1
PN,2026-08-28,2.83,2.83,2.83,2.83,0.0,1,1
PN,2026-08-29,4.45,4.45,4.45,4.45,0.0,1,1
PN,2026-08-30,3.87,3.87,3.87,3.87,0.0,1,1
PN,2026-08-31,6.24,6.24,6.24,6.24,0.0,1,1
PN,2026-09-01,8.175,8.175,4.45,11.9,5.267945519839779,2,2
PN,2026-09-02,10.66,10.66,9.42,11.9,1.753624817342638,2,2
PN,2026-09-03,9.63,9.63,6.46,12.8,4.4830569927227115,2,2
PN,2026-09-04,11.385,11.385,9.57,13.2,2.566797615707167,2,2
PN,2026-09-05,11.18,11.18,9.06,13.3,2.9981327522309624,2,2
PN,2026-09-06,9.68,9.68,6.06,13.3,5.119453095790605,2,2
PN,2026-09-07,9.165000000000001,9.165000000000001,5.03,13.3,5.8477730804127495,2,2
PN,2026-09-08,7.515,7.515,6.01,9.02,2.1283914113715077,2,2
PN,2026-09-09,5.93,5.93,4.54,7.32,1.9657568516986026,2,2
PN,2026-09-10,7.42,7.42,3.74,11.1,5.204305909532989,2,2
PN,2026-09-11,7.845000000000001,7.845000000000001,4.79,10.9,4.3204224330498056,2,2
PN,2026-09-12,55.245,55.245,5.49,105.0,70.36419579587334,2,2
PN,2026-09-13,8.235,8.235,7.67,8.8,0.7990306627407986,2,2
PN,2026-09-14,8.594999999999999,8.594999999999999,5.99,11.2,3.6840263299819114,2,2
PN,2026-09-15,7.53,7.53,5.33,9.73,3.111269837220809,2,2
PN,2026-09-16,9.01,9.01,7.32,10.7,2.39002092041053,2,2
PN,2026-09-17,7.665,7.665,6.52,8.81,1.6192745289171944,2,2
RC,2025-02-19,39.5,39.5,0.0,79.0,55.86143571373726,2,2
RC,2025-02-20,34.833333333333336,32.2,0.0,72.3,36.22186264306867,3,3
RC,2025-02-21,28.633333333333336,26.3,0.0,59.6,29.868433727487844,3,3
RC,2025-02-22,31.0,27.6,0.0,65.4,32.83230116820934,3,3
RC,2025-02-23,29.5,26.4,0.0,62.1,31.16584669153078,3,3
RC,2025-02-24,29.233333333333334,25.1,0.0,62.6,31.504020907391066,3,3
RC,2025-02-25,31.53333333333333,27.6,0.0,67.0,33.67273872635449,3,3
RC,2025-02-26,31.266666666666666,28.2,0.0,65.6,32.907344671567365,3,3
RC,2025-02-27,84.03333333333333,83.1,0.0,169.0,84.50386578928406,3,3
RC,2025-02-28,107.33333333333333,105.0,0.0,217.0,108.51881557284585,3,3
RC,2025-03-01,36.666666666666664,30.4,0.0,79.6,40.16831255272411,3,3
RC,2025-03-02,33.1,27.5,0.0,71.8,36.226095566593976,3,3
RC,2025-03-03,34.5,26.5,0.0,77.0,39.1184099881373,3,3
RC,2025-03-04,34.5,28.2,0.0,75.3,38.04326484412188,3,3
RC,2025-03-05,27.900000000000002,24.7,0.0,59.0,29.629883563726672,3,3
RC,2025-03-06,33.233333333333334,24.7,0.0,75.0,38.221241912493284,3,3
RC,2025-03-07,38.13333333333333,31.9,0.0,82.5,41.601722720739986,3,3
RC,2025-03-08,56.96666666666667,50.9,0.0,120.0,60.229588520372054,3,3
RC,2025-03-09,44.73333333333333,39.4,0.0,94.8,47.62450349697447,3,3
RC,2025-03-10,51.300000000000004,46.9,0.0,107.0,53.63552926931923,3,3
RC,2025-03-11,49.23333333333333,42.7,0.0,105.0,52.804008686209926,3,3
RC,2025-03-12,43.666666666666664,40.1,0.0,90.9,45.55483874774812,3,3
RC,2025-03-13,39.333333333333336,33.0,0.0,85.0,42.85246006162696,3,3
RC,2025-03-14,41.333333333333336,30.8,0.0,93.2,47.48445359623856,3,3
RC,2025-03-15,20.8,21.1,0.0,41.3,20.65163431789358,3,3
RC,2025-03-16,25.03333333333333,24.0,0.0,51.1,25.565667081719837,3,3
RC,2025-03-17,27.3,26.8,0.0,55.1,27.553402693678326,3,3
RC,2025-03-18,23.099999999999998,22.8,0.0,46.5,23.251451567590355,3,3
RC,2025-03-19,22.900000000000002,23.6,0.0,45.1,22.558147087028228,3,3
RC,2025-03-20,26.03333333333333,25.0,0.0,53.1,26.565077325943047,3,3
RC,2025-03-21,25.38333333333333,21.4,8.45,46.3,19.236835325316203,3,3
RC,2025-03-22,27.3,25.1,18.8,38.0,9.787236586493655,3,3
RC,2025-03-23,31.0,27.4,24.4,41.2,8.959910713840847,3,3
RC,2025-03-24,40.0,34.8,26.9,58.3,16.333095236359824,3,3
RC,2025-03-25,41.0,44.0,27.1,51.9,12.669254121691617,3,3
RC,2025-03-26,26.03333333333333,20.1,17.9,40.1,12.231652927275748,3,3
RC,2025-03-27,19.03333333333333,17.4,14.5,25.2,5.533835318595354,3,3
RC,2025-03-28,31.400000000000002,27.3,21.6,45.3,12.370529495538982,3,3
RC,2025-03-29,45.4,39.4,27.2,69.6,21.827505583552142,3,3
RC,2025-03-30,52.63333333333333,41.1,33.8,83.0,26.550392338595174,3,3
RC,2025-03-31,43.8,43.8,30.2,57.4,19.23330444827409,2,2
RC,2025-04-01,35.166666666666664,29.8,27.4,48.3,11.4369284920967,3,3
RC,2025-04-02,46.9,42.8,29.8,68.1,19.476395970507475,3,3
RC,2025-04-03,39.06666666666667,38.3,25.2,53.7,14.265459450481549,3,3
RC,2025-04-04,29.233333333333334,26.2,22.3,39.2,8.848917071220262,3,3
RC,2025-04-05,90.46666666666665,49.8,33.6,188.0,84.85383511270031,3,3
RC,2025-04-06,125.46666666666665,44.7,25.7,306.0,156.63480881762308,3,3
RC,2025-04-07,128.53333333333333,51.1,28.5,306.0,154.1054941698489,3,3
RC,2025-04-08,86.13333333333333,51.4,34.0,173.0,75.73013490898674,3,3
RC,2025-04-09,30.566666666666663,26.7,26.2,38.8,7.134657198025238,3,3
RC,2025-04-11,19.566666666666666,18.9,16.4,23.4,3.547299442298794,3,3
RC,2025-04-12,19.099999999999998,18.5,14.9,23.9,4.529900661162449,3,3
RC,2025-04-13,20.75,20.75,15.7,25.8,7.141778489984131,2,2
RC,2025-04-14,24.2,24.2,19.5,28.9,6.646803743153546,2,2
RC,2025-04-15,27.349999999999998,27.349999999999998,17.9,36.8,13.364318164425747,2,2
RC,2025-04-16,23.9,23.9,15.5,32.3,11.879393923933996,2,2
RC,2025-04-17,17.9,17.9,12.7,23.1,7.353910524340095,2,2
RC,2025-04-18,15.379999999999999,15.379999999999999,9.26,21.5,8.654987001723342,2,2
RC,2025-04-19,15.115,15.115,9.23,21.0,8.322646814565664,2,2
RC,2025-04-20,15.85,15.85,11.5,20.2,6.151828996322963,2,2
RC,2025-04-21,17.6,17.6,13.9,21.3,5.232590180780453,2,2
RC,2025-04-22,31.4,31.4,25.0,37.8,9.050966799187806,2,2
RC,2025-04-23,30.133333333333336,28.5,21.4,40.5,9.654187347122146,3,3
RC,2025-04-24,24.333333333333332,20.8,19.9,32.3,6.913995468130804,3,3
RC,2025-04-25,18.7,17.9,14.4,23.8,4.750789408087882,3,3
RC,2025-04-26,18.966666666666665,17.4,16.2,23.3,3.8004385711827178,3,3
RC,2025-04-27,21.366666666666664,18.7,17.5,27.9,5.689756878227165,3,3
RC,2025-04-28,20.0,19.1,18.5,22.4,2.0999999999999988,3,3
RC,2025-04-29,19.65,19.65,18.6,20.7,1.4849242404917495,2,2
RC,2025-04-30,21.266666666666666,21.3,11.8,30.7,9.450044091607896,3,3
RC,2025-05-01,20.2,18.0,15.4,27.2,6.2,3,3
RC,2025-05-02,19.3,17.7,12.2,28.0,8.020598481410227,3,3
RC,2025-05-03,16.53333333333333,17.0,10.7,21.9,5.6145643939074485,3,3
RC,2025-05-04,17.733333333333334,16.6,12.6,24.0,5.78388566046506,3,3
RC,2025-05-05,19.466666666666665,18.0,14.4,26.0,5.937451754189951,3,3
RC,2025-05-06,17.2,16.8,12.5,22.3,4.912229636326053,3,3
RC,2025-05-07,21.4,21.4,13.3,29.5,11.455129855222069,2,2
RC,2025-05-08,14.533333333333333,13.6,11.8,18.2,3.3005050118630828,3,3
RC,2025-05-09,14.383333333333333,13.9,8.05,21.2,6.588310354964565,3,3
RC,2025-05-10,14.299999999999999,14.2,13.9,14.8,0.4582575694955848,3,3
RC,2025-05-11,16.333333333333332,15.2,14.0,19.8,3.0615900008546753,3,3
RC,2025-05-12,15.333333333333334,15.0,12.4,18.6,3.1134118476894983,3,3
RC,2025-05-13,16.133333333333333,17.0,11.1,20.3,4.660829682935575,3,3
RC,2025-05-14,22.599999999999998,18.8,18.6,30.4,6.755738301621813,3,3
RC,2025-05-15,20.666666666666668,19.1,18.4,24.5,3.3381631675718513,3,3
RC,2025-05-16,16.066666666666666,16.4,12.1,19.7,3.810949138119444,3,3
RC,2025-05-17,14.836666666666666,15.7,9.31,19.5,5.14956632478244,3,3
RC,2025-05-18,16.366666666666667,15.8,9.2,24.1,7.466145815166842,3,3
RC,2025-05-19,15.333333333333334,16.0,11.1,18.9,3.9425034347903023,3,3
RC,2025-05-20,19.966666666666665,16.5,13.5,29.9,8.732315462312005,3,3
RC,2025-05-21,15.833333333333334,16.5,11.6,19.4,3.9425034347903023,3,3
RC,2025-05-22,15.9,16.4,10.3,21.0,5.367494760127856,3,3
RC,2025-05-23,21.333333333333332,19.3,19.1,25.6,3.6963946398258596,3,3
RC,2025-05-24,29.23333333333333,28.0,20.9,38.8,9.0135083809432,3,3
RC,2025-05-25,19.566666666666666,18.6,17.4,22.7,2.7790885796126266,3,3
RC,2025-05-26,17.166666666666668,16.2,11.7,23.6,6.008604940694082,3,3
RC,2025-05-27,15.366666666666665,16.4,12.5,17.2,2.5146238950056388,3,3
RC,2025-05-28,16.0,15.8,15.6,16.6,0.5291502622129194,3,3
RC,2025-05-29,19.433333333333334,17.7,15.4,25.2,5.124776417887256,3,3
RC,2025-05-30,17.7,17.7,12.9,22.5,6.788225099390855,2,2
RC,2025-05-31,16.45,16.45,12.0,20.9,6.293250352560272,2,2
RC,2025-06-01,15.855,15.855,9.51,22.2,8.973185053257287,2,2
RC,2025-06-02,16.549999999999997,16.549999999999997,11.7,21.4,6.858935777509509,2,2
RC,2025-06-03,14.533333333333333,14.9,13.2,15.5,1.193035344544886,3,3
RC,2025-06-04,15.966666666666667,15.2,12.2,20.5,4.202776859807495,3,3
RC,2025-06-05,21.166666666666668,20.9,18.4,24.2,2.909180869821147,3,3
RC,2025-06-06,19.933333333333334,20.7,17.1,22.0,2.5383721817994562,3,3
RC,2025-06-07,14.566666666666668,15.6,10.3,17.8,3.8552993831002715,3,3
RC,2025-06-08,21.733333333333334,19.4,18.0,27.8,5.300314456080257,3,3
RC,2025-06-09,16.966666666666665,16.8,11.6,22.5,5.451910979953116,3,3
RC,2025-06-10,14.550000000000002,15.3,8.25,20.1,5.960494945891659,3,3
RC,2025-06-11,12.096666666666666,14.1,6.69,15.5,4.734346135775597,3,3
RC,2025-06-12,10.51,11.2,4.33,16.0,5.86551787994888,3,3
RC,2025-06-13,12.399999999999999,12.399999999999999,8.1,16.7,6.081118318204308,2,2
RC,2025-06-14,109.14666666666666,12.8,8.64,306.0,170.4926758935214,3,3
RC,2025-06-15,19.1,19.1,15.0,23.2,5.798275605729691,2,2
RC,2025-06-16,10.146666666666667,10.9,5.64,13.9,4.181211945516914,3,3
RC,2025-06-17,16.933333333333334,16.0,15.5,19.3,2.0647840887931435,3,3
RC,2025-06-18,13.063333333333333,14.3,9.79,15.1,2.862871518830934,3,3
RC,2025-06-19,12.299999999999999,11.9,10.5,14.5,2.0297783130184444,3,3
RC,2025-06-20,13.466666666666667,13.9,11.8,14.7,1.4977761292440641,3,3
RC,2025-06-21,15.299999999999999,14.9,13.6,17.4,1.9313207915827966,3,3
RC,2025-06-22,15.4,14.9,13.3,18.0,2.389560629069704,3,3
RC,2025-06-23,16.666666666666668,15.9,15.9,18.2,1.3279056191361394,3,3
RC,2025-06-24,16.066666666666666,15.9,15.2,17.1,0.960902353693305,3,3
RC,2025-06-25,21.266666666666666,17.7,16.5,29.6,7.241776945842321,3,3
RC,2025-06-26,18.400000000000002,17.1,16.4,21.7,2.879236009777592,3,3
RC,2025-06-27,16.2,16.3,13.3,19.0,2.8513154858766496,3,3
RC,2025-06-28,18.766666666666666,18.2,17.0,21.1,2.107921567168318,3,3
RC,2025-06-29,14.299999999999999,14.8,12.7,15.4,1.4177446878757831,3,3
RC,2025-06-30,15.733333333333334,15.9,15.0,16.3,0.6658328118479396,3,3
RC,2025-07-01,16.366666666666667,15.1,13.7,20.3,3.477547028198661,3,3
RC,2025-07-02,14.466666666666667,14.7,12.2,16.5,2.1594752448994026,3,3
RC,2025-07-03,14.33,15.6,9.39,18.0,4.443275818582501,3,3
RC,2025-07-04,105.89,16.7,9.97,291.0,160.34527526559677,3,3
RC,2025-07-05,110.53666666666668,17.8,7.81,306.0,169.34989233339752,3,3
RC,2025-07-06,113.83333333333333,24.5,11.0,306.0,166.5580479392495,3,3
RC,2025-07-07,85.66666666666667,25.0,11.0,221.0,117.41095917048516,3,3
RC,2025-07-08,18.4,18.4,11.8,25.0,9.333809511662425,2,2
RC,2025-07-09,18.233333333333334,17.1,14.2,23.4,4.7035447625523155,3,3
RC,2025-07-10,15.799999999999999,13.7,12.4,21.3,4.807286136688767,3,3
RC,2025-07-11,17.3,14.5,10.3,27.1,8.74299719775776,3,3
RC,2025-07-12,13.839999999999998,13.1,9.22,19.2,5.030983999179485,3,3
RC,2025-07-13,10.373333333333333,9.11,6.91,15.1,4.23863578682261,3,3
RC,2025-07-14,8.436666666666667,7.59,5.82,11.9,3.1271765753365015,3,3
RC,2025-07-15,11.426666666666668,10.6,8.98,14.7,2.9482424142755512,3,3
RC,2025-07-16,15.966666666666667,14.7,11.1,22.1,5.608327142146163,3,3
RC,2025-07-17,12.933333333333332,12.5,11.3,15.0,1.8876793513023689,3,3
RC,2025-07-18,12.799999999999999,10.0,8.6,19.8,6.102458520956943,3,3
RC,2025-07-19,19.0,19.0,19.0,19.0,0.0,1,1
RC,2025-07-20,14.7,14.7,14.7,14.7,0.0,1,1
RC,2025-07-21,13.95,13.95,11.5,16.4,3.464823227814082,2,2
RC,2025-07-22,10.01,9.57,8.26,12.2,2.006514390678522,3,3
RC,2025-07-23,10.573333333333332,10.5,9.72,11.5,0.8922630404389356,3,3
RC,2025-07-24,13.38,11.8,9.34,19.0,5.02007968064253,3,3
RC,2025-07-25,10.003333333333332,10.9,7.91,11.2,1.8190748564403094,3,3
RC,2025-07-26,13.643333333333333,13.0,9.43,18.5,4.569095461175366,3,3
RC,2025-07-27,14.233333333333334,12.2,10.8,19.7,4.785742714912005,3,3
RC,2025-07-28,13.633333333333333,10.4,10.2,20.3,5.774368652357879,3,3
RC,2025-07-29,16.836666666666666,12.5,9.81,28.2,9.932423336393457,3,3
RC,2025-07-30,14.633333333333333,12.4,10.5,21.0,5.5949381885176654,3,3
RC,2025-07-31,18.333333333333332,15.2,14.8,25.0,5.7769657549039835,3,3
RC,2025-08-01,12.633333333333333,12.0,10.3,15.6,2.706165799305973,3,3
RC,2025-08-02,13.81,14.3,8.43,18.7,5.152504245510138,3,3
RC,2025-08-03,9.993333333333334,10.3,8.88,10.8,0.9960589005341667,3,3
RC,2025-08-04,11.696666666666667,11.3,9.39,14.4,2.5284448448272174,3,3
RC,2025-08-05,10.995000000000001,10.995000000000001,7.69,14.3,4.6739758236430795,2,2
RC,2025-08-06,8.77,8.77,7.94,9.6,1.173797256769668,2,2
RC,2025-08-07,11.416666666666666,11.2,9.35,13.7,2.183078865578001,3,3
RC,2025-08-08,11.05,11.05,10.2,11.9,1.2020815280171322,2,2
RC,2025-08-09,26.466666666666665,13.7,13.4,52.3,22.37282577890717,3,3
RC,2025-08-10,9.46,9.46,8.92,10.0,0.7636753236814707,2,2
RC,2025-08-11,10.79,12.0,8.27,12.1,2.182956710519015,3,3
RC,2025-08-12,12.63,11.2,8.59,18.1,4.913623917232576,3,3
RC,2025-08-13,7.79,6.04,5.23,12.1,3.754477327138891,3,3
RC,2025-08-14,7.845,7.845,7.0,8.69,1.195010460205265,2,2
RC,2025-08-15,7.825,7.825,5.85,9.8,2.7930717856868634,2,2
RC,2025-08-16,6.625,6.625,4.11,9.14,3.556747109368334,2,2
RC,2025-08-17,8.935,8.935,5.97,11.9,4.193143212436228,2,2
RC,2025-08-18,9.97,9.97,5.94,14.0,5.699280656363573,2,2
RC,2025-08-19,5.9399999999999995,5.9399999999999995,3.51,8.37,3.4365389565666207,2,2
RC,2025-08-20,10.219999999999999,10.219999999999999,5.24,15.2,7.042783540618013,2,2
RC,2025-08-21,10.013333333333334,7.82,6.22,16.0,5.245963527640402,3,3
RC,2025-08-22,11.6,11.4,5.6,17.8,6.102458520956943,3,3
RC,2025-08-23,8.979999999999999,9.42,6.82,10.7,1.977068537001183,3,3
RC,2025-08-24,7.695,7.695,5.99,9.4,2.411234123846127,2,2
RC,2025-08-25,6.603333333333333,6.19,5.58,8.04,1.2810282328400622,3,3
RC,2025-08-26,102.85333333333334,15.6,4.96,288.0,160.42994899124457,3,3
RC,2025-08-27,6.83,6.83,6.83,6.83,0.0,1,1
RC,2025-08-28,14.85,14.85,10.3,19.4,6.434671708797581,2,2
RC,2025-08-29,13.666666666666666,13.5,11.1,16.4,2.6539279065817385,3,3
RC,2025-08-30,15.333333333333334,15.3,11.0,19.7,4.350095784386055,3,3
RC,2025-08-31,12.903333333333334,11.0,8.21,19.5,5.88073408116141,3,3
RC,2025-09-01,26.600000000000005,20.8,6.8,52.2,23.24908600354001,3,3
RC,2025-09-02,13.813333333333333,14.3,9.64,17.5,3.9525350514996487,3,3
RC,2025-09-03,15.316666666666668,13.9,9.35,22.7,6.786813194226973,3,3
RC,2025-09-04,14.42,13.0,9.06,21.2,6.193318980966505,3,3
RC,2025-09-05,14.99,13.9,9.27,21.8,6.335716218392362,3,3
RC,2025-09-06,14.35,14.7,7.85,20.5,6.332258680755234,3,3
RC,2025-09-07,12.6,12.6,10.0,15.2,3.6769552621700465,2,2
RC,2025-09-08,17.85,17.85,14.8,20.9,4.313351365237937,2,2
RC,2025-09-09,18.633333333333333,16.7,11.7,27.5,8.07547728207648,3,3
RC,2025-09-10,17.53333333333333,18.4,11.8,22.4,5.352880844305553,3,3
RC,2025-09-11,13.916666666666666,13.5,8.45,19.8,5.686460527721382,3,3
RC,2025-09-12,11.526666666666666,11.5,7.98,15.1,3.560074905579,3,3
RC,2025-09-13,16.933333333333334,16.0,13.8,21.0,3.689625093872455,3,3
RC,2025-09-14,22.366666666666664,25.2,16.2,25.7,5.346338310781813,3,3
RC,2025-09-15,16.5,15.7,10.8,23.0,6.13921819126833,3,3
RC,2025-09-16,15.433333333333332,14.3,13.0,19.0,3.156474826976026,3,3
RC,2025-09-17,18.8,20.6,10.6,25.2,7.464583042608609,3,3
RC,2025-09-18,11.283333333333333,11.2,6.65,16.0,4.675557007815574,3,3
RC,2025-09-19,11.593333333333334,12.2,5.58,17.0,5.7341201010559,3,3
RC,2025-09-20,14.363333333333335,12.9,8.59,21.6,6.627294571190672,3,3
RC,2025-09-21,11.066666666666668,10.4,4.1,18.7,7.322795458930512,3,3
RC,2025-09-22,12.133333333333335,13.3,7.7,15.4,3.980368492154129,3,3
RC,2025-09-23,15.6,14.0,12.3,20.5,4.327817001676479,3,3
RC,2025-09-24,12.066666666666668,11.1,7.2,17.9,5.41510233821424,3,3
RC,2025-09-25,11.163333333333334,11.0,8.19,14.3,3.0582729331002065,3,3
RC,2025-09-26,15.766666666666666,13.9,12.5,20.9,4.500370355130045,3,3
RC,2025-09-27,16.666666666666668,16.1,12.6,21.3,4.3775944688074215,3,3
RC,2025-09-28,11.483333333333334,12.6,6.35,15.5,4.676091672896645,3,3
RC,2025-09-29,19.599999999999998,20.5,11.2,27.1,7.988116173416609,3,3
RC,2025-09-30,16.333333333333332,16.6,11.0,21.4,5.205125678918169,3,3
RC,2025-10-01,15.866666666666667,15.7,11.8,20.1,4.152509281546922,3,3
RC,2025-10-02,12.836666666666668,12.4,8.31,17.8,4.7600455179896475,3,3
RC,2025-10-03,14.433333333333332,12.2,10.1,21.0,5.783021125098312,3,3
RC,2025-10-04,11.916666666666666,11.4,7.25,17.1,4.945283948706417,3,3
RC,2025-10-05,19.466666666666665,16.5,15.4,26.5,6.115826463637872,3,3
RC,2025-10-06,17.8,17.6,13.5,22.3,4.403407771260799,3,3
RC,2025-10-07,14.043333333333335,12.2,9.13,20.8,6.049432480268982,3,3
RC,2025-10-08,18.766666666666666,18.9,10.4,27.0,8.300803173990655,3,3
RC,2025-10-09,43.4,43.4,40.5,46.3,4.101219330881974,2,2
RC,2025-10-10,45.699999999999996,43.3,42.1,51.7,5.230678732248813,3,3
RC,2025-10-11,55.666666666666664,52.4,51.4,63.2,6.543189843901317,3,3
RC,2025-10-12,56.26666666666667,52.2,51.1,65.5,8.015193904911678,3,3
RC,2025-10-13,47.9,45.4,44.3,54.0,5.311308689955802,3,3
RC,2025-10-14,43.833333333333336,42.7,36.8,52.0,7.66311511941021,3,3
RC,2025-10-15,49.9,49.9,44.9,54.9,7.0710678118654755,2,2
RC,2025-10-16,47.1,47.1,39.1,55.1,11.313708498984761,2,2
RC,2025-10-17,25.4,25.4,24.2,26.6,1.6970562748477143,2,2
RC,2025-10-18,115.85,115.85,44.7,187.0,100.62129496284571,2,2
RC,2025-10-19,75.06666666666666,65.3,64.3,95.6,17.789416329192285,3,3
RC,2025-10-20,100.76666666666667,102.0,85.3,115.0,14.888362345581646,3,3
RC,2025-10-21,90.46666666666665,93.7,68.7,109.0,20.343631272054978,3,3
RC,2025-10-22,50.46666666666667,54.2,36.0,61.2,13.008202540448599,3,3
RC,2025-10-23,44.833333333333336,50.3,33.3,50.9,9.992663975804115,3,3
RC,2025-10-24,32.1,35.8,24.7,35.8,6.408587988004843,3,3
RC,2025-10-25,14.333333333333334,11.6,10.9,20.5,5.351946686331369,3,3
RC,2025-10-26,14.33,16.2,9.69,17.1,4.0434762272084654,3,3
RC,2025-10-27,11.406666666666666,11.9,7.92,14.4,3.2680473272786816,3,3
RC,2025-10-28,24.566666666666666,22.8,18.6,32.3,7.018784320189167,3,3
RC,2025-10-29,28.233333333333334,28.3,23.1,33.3,5.100326786916042,3,3
RC,2025-10-30,19.533333333333335,17.1,15.5,26.0,5.657148869645674,3,3
RC,2025-10-31,19.5,19.5,15.6,23.4,5.5154328932550705,2,2
RC,2025-11-01,17.2,17.2,10.5,23.9,9.475230867899736,2,2
RC,2025-11-02,17.95,17.95,14.5,21.4,4.879036790187177,2,2
RC,2025-11-03,22.9,22.9,18.8,27.0,5.798275605729688,2,2
RC,2025-11-04,55.166666666666664,28.0,16.5,121.0,57.30255957052297,3,3
RC,2025-11-05,25.233333333333334,20.5,18.5,36.7,9.980647941558372,3,3
RC,2025-11-06,42.13333333333333,38.1,36.4,51.9,8.50078427754365,3,3
RC,2025-11-07,49.76666666666667,46.5,45.5,57.3,6.543189843901315,3,3
RC,2025-11-08,37.36666666666667,35.3,33.6,43.2,5.122824741617984,3,3
RC,2025-11-09,32.333333333333336,31.3,29.4,36.3,3.5641735835019754,3,3
RC,2025-11-10,39.800000000000004,40.7,31.8,46.9,7.590125163658366,3,3
RC,2025-11-11,47.75,47.75,44.0,51.5,5.303300858899107,2,2
RC,2025-11-12,58.8,58.8,50.4,67.2,11.879393923933998,2,2
RC,2025-11-13,55.73333333333333,57.0,53.0,57.2,2.3692474191889157,3,3
RC,2025-11-14,62.53333333333333,62.8,58.8,66.0,3.6073998022583167,3,3
RC,2025-11-15,60.199999999999996,58.5,54.5,67.6,6.713419396998816,3,3
RC,2025-11-16,62.699999999999996,59.6,57.0,71.5,7.731106001084187,3,3
RC,2025-11-17,67.66666666666667,65.7,61.2,76.1,7.642207360006226,3,3
RC,2025-11-18,74.26666666666667,75.8,69.8,77.2,3.9310727967481536,3,3
RC,2025-11-19,71.93333333333334,69.0,68.1,78.7,5.877357682950173,3,3
RC,2025-11-20,76.25,76.25,75.0,77.5,1.7677669529663689,2,2
RC,2025-11-21,81.3,81.3,80.6,82.0,0.9899494936611706,2,2
RC,2025-11-22,88.9,88.9,87.9,89.9,1.4142135623730951,2,2
RC,2025-11-23,82.19999999999999,82.19999999999999,81.3,83.1,1.2727922061357786,2,2
RC,2025-11-24,89.65,89.65,87.0,92.3,3.747665940288705,2,2
RC,2025-11-25,92.3,92.3,85.6,99.0,9.475230867899741,2,2
RC,2025-11-26,104.95,104.95,97.9,112.0,9.970205614730316,2,2
RC,2025-11-27,66.75,66.75,59.9,73.6,9.687362902255696,2,2
RC,2025-11-28,52.15,52.15,49.4,54.9,3.8890872965260113,2,2
RC,2025-11-29,43.7,43.7,38.8,48.6,6.929646455628171,2,2
RC,2025-11-30,39.5,39.5,35.8,43.2,5.232590180780456,2,2
RC,2025-12-01,47.55,47.55,44.8,50.3,3.8890872965260113,2,2
RC,2025-12-02,45.1,49.2,33.9,52.2,9.814784765851977,3,3
RC,2025-12-03,50.26666666666667,52.6,44.4,53.8,5.115988011453247,3,3
RC,2025-12-04,56.833333333333336,57.6,52.5,60.4,4.005413004090007,3,3
RC,2025-12-05,57.93333333333333,52.6,46.4,74.8,14.932291630333681,3,3
RC,2025-12-06,46.86666666666667,47.8,44.9,47.9,1.703917055884271,3,3
RC,2025-12-07,43.93333333333334,43.3,38.8,49.7,5.47752985690935,3,3
RC,2025-12-08,46.1,46.1,45.6,46.6,0.7071067811865476,2,2
RC,2025-12-09,31.6,31.6,30.1,33.1,2.1213203435596424,2,2
RC,2025-12-10,26.833333333333332,25.7,17.2,37.6,10.247113414680905,3,3
RC,2025-12-11,28.400000000000002,30.4,18.8,36.0,8.772684879784522,3,3
RC,2025-12-12,36.06666666666667,35.7,32.9,39.6,3.365016097039265,3,3
RC,2025-12-13,42.43333333333333,44.3,37.8,45.2,4.037738641038243,3,3
RC,2025-12-14,50.63333333333333,52.6,41.2,58.1,8.61993812816155,3,3
RC,2025-12-15,44.300000000000004,47.5,34.2,51.2,8.940357934669057,3,3
RC,2025-12-16,40.0,40.0,37.6,42.4,3.3941125496954263,2,2
RC,2025-12-17,52.7,52.7,48.1,57.3,6.5053823869162315,2,2
RC,2025-12-18,90.33333333333333,59.5,50.5,161.0,61.36434904187718,3,3
RC,2025-12-19,51.36666666666667,47.9,39.1,67.1,14.318286675902717,3,3
RC,2025-12-20,30.166666666666668,30.5,27.9,32.1,2.1197484127446207,3,3
RC,2025-12-21,29.5,30.7,24.9,32.9,4.132795663954365,3,3
RC,2025-12-22,41.766666666666666,44.3,36.3,44.7,4.738494838377831,3,3
RC,2025-12-23,39.56666666666667,39.2,35.6,43.9,4.162130864513191,3,3
RC,2025-12-24,30.7,30.2,29.5,32.4,1.5132745950421542,3,3
RC,2025-12-25,38.06666666666667,40.7,29.8,43.7,7.3145972775904315,3,3
RC,2025-12-26,56.4,57.9,47.9,63.4,7.858116822750856,3,3
RC,2025-12-27,60.666666666666664,63.7,49.7,68.6,9.808329793259057,3,3
RC,2025-12-28,64.76666666666667,65.9,51.3,77.1,12.9372846197853,3,3
RC,2025-12-29,56.56666666666666,52.7,51.4,65.6,7.850053078376812,3,3
RC,2025-12-30,52.133333333333326,56.1,31.7,68.6,18.76708110850841,3,3
RC,2025-12-31,46.93333333333334,53.4,29.1,58.3,15.637241871037654,3,3
RC,2026-01-01,25.03333333333333,23.7,16.7,34.7,9.07377172587747,3,3
RC,2026-01-02,43.06666666666666,47.9,30.1,51.2,11.350036710660158,3,3
RC,2026-01-03,44.699999999999996,45.5,32.2,56.4,12.11981848048889,3,3
RC,2026-01-04,61.699999999999996,70.6,42.9,71.6,16.288953311984166,3,3
RC,2026-01-05,55.20000000000001,64.5,35.7,65.4,16.893489870361304,3,3
RC,2026-01-06,52.46666666666667,62.7,31.5,63.2,18.159386920635107,3,3
RC,2026-01-07,53.23333333333333,61.5,29.4,68.8,20.960518441425382,3,3
RC,2026-01-08,45.26666666666667,53.6,22.8,59.4,19.67163778980625,3,3
RC,2026-01-09,42.03333333333333,50.1,22.0,54.0,17.458617738335796,3,3
RC,2026-01-10,46.6,50.9,34.6,54.3,10.5304320899002,3,3
RC,2026-01-20,52.4,52.4,44.8,60.0,10.748023074035524,2,2
RC,2026-01-21,46.199999999999996,56.1,25.6,56.9,17.844607028455403,3,3
RC,2026-01-22,47.0,55.0,26.6,59.4,17.803370467414307,3,3
RC,2026-01-23,35.300000000000004,39.0,22.1,44.8,11.79364235509963,3,3
RC,2026-01-24,29.03333333333333,33.8,17.7,35.6,9.856131763188506,3,3
RC,2026-01-25,40.199999999999996,40.8,25.3,54.5,14.609243649142142,3,3
RC,2026-01-26,56.23333333333333,64.6,31.4,72.7,21.88431706344371,3,3
RC,2026-01-27,33.833333333333336,36.9,21.5,43.1,11.121750461745371,3,3
RC,2026-01-28,29.866666666666664,29.4,28.9,31.3,1.266227994214841,3,3
RC,2026-01-29,34.4,38.0,21.9,43.3,11.144954015158609,3,3
RC,2026-01-30,60.26666666666667,57.5,56.5,66.8,5.680082159030212,3,3
RC,2026-01-31,102.13333333333333,52.5,38.9,215.0,97.98164794150654,3,3
RC,2026-02-01,50.0,55.9,33.4,60.7,14.574978559160902,3,3
RC,2026-02-02,56.76666666666667,66.3,34.6,69.4,19.259370013926553,3,3
RC,2026-02-03,49.0,54.2,32.7,60.1,14.421165001483066,3,3
RC,2026-02-04,49.6,52.8,33.5,62.5,14.762452370795307,3,3
RC,2026-02-05,52.06666666666667,60.9,29.8,65.5,19.420178509306588,3,3
RC,2026-02-06,50.199999999999996,59.5,28.4,62.7,18.947031429751735,3,3
RC,2026-02-07,46.833333333333336,56.9,26.4,57.2,17.696421483829244,3,3
RC,2026-02-08,40.05,40.05,27.0,53.1,18.45548698896889,2,2
RC,2026-02-09,41.9,49.1,26.0,50.6,13.790213921473445,3,3
RC,2026-02-10,44.56666666666666,51.9,28.0,53.8,14.378572019965448,3,3
RC,2026-02-11,44.06666666666666,49.7,27.7,54.8,14.401504551029843,3,3
RC,2026-02-12,44.86666666666667,53.9,26.6,54.1,15.819713440303945,3,3
RC,2026-02-13,47.46666666666667,56.9,26.0,59.5,18.636076124907127,3,3
RC,2026-02-14,49.0,57.8,29.8,59.4,16.646921637347845,3,3
RC,2026-02-15,46.43333333333334,52.2,32.3,54.8,12.308669031756981,3,3
RC,2026-02-16,41.63333333333333,43.6,20.0,61.3,20.720119047277052,3,3
RC,2026-02-17,29.266666666666666,29.2,21.2,37.4,8.100205758703499,3,3
RC,2026-02-18,19.400000000000002,19.1,11.4,27.7,8.154140052758473,3,3
RC,2026-02-19,40.96666666666667,41.5,33.3,48.1,7.414400402819726,3,3
RC,2026-02-20,60.96666666666666,64.1,45.0,73.8,14.65344100658044,3,3
RC,2026-02-21,54.833333333333336,61.4,31.0,72.1,21.322366973048123,3,3
RC,2026-02-22,42.93333333333334,48.0,24.4,56.4,16.590760480862034,3,3
RC,2026-02-23,41.06666666666667,48.8,25.2,49.2,13.74239183451459,3,3
RC,2026-02-24,41.733333333333334,47.5,26.6,51.1,13.228882542880683,3,3
RC,2026-02-25,30.900000000000002,37.1,17.6,38.0,11.526925001924837,3,3
RC,2026-02-26,17.426666666666666,17.5,9.18,25.6,8.2102456317295,3,3
RC,2026-02-27,12.0,11.2,6.4,18.4,6.039867548216599,3,3
RC,2026-02-28,13.61,14.9,7.13,18.8,5.9409847668547355,3,3
RC,2026-03-01,17.393333333333334,20.1,8.88,23.2,7.5339321295943,3,3
RC,2026-03-02,24.900000000000002,28.4,12.2,34.1,11.361778029868388,3,3
RC,2026-03-03,59.199999999999996,62.7,31.8,83.1,25.828472660999527,3,3
RC,2026-03-04,36.53333333333334,44.1,19.8,45.7,14.513556880838461,3,3
RC,2026-03-05,31.7,37.0,18.0,40.1,11.96536668890678,3,3
RC,2026-03-06,31.866666666666664,36.9,17.9,40.8,12.251666553303403,3,3
RC,2026-03-07,28.233333333333334,34.1,15.6,35.0,10.950038051684263,3,3
RC,2026-03-08,47.73333333333333,54.5,30.9,57.8,14.671173549969797,3,3
RC,2026-03-09,46.9,42.1,42.0,56.6,8.40059521700695,3,3
RC,2026-03-10,50.53333333333333,50.3,41.0,60.3,9.652115484873423,3,3
RC,2026-03-11,42.56666666666667,38.5,28.5,60.7,16.48069577819254,3,3
RC,2026-03-12,34.46666666666667,33.7,24.1,45.6,10.77048435927249,3,3
RC,2026-03-13,33.8,33.8,22.5,45.1,15.980613254815973,2,2
RC,2026-03-14,21.266666666666666,15.7,13.5,34.6,11.599281586948965,3,3
RC,2026-03-15,17.333333333333332,14.3,10.4,27.3,8.84891707122026,3,3
RC,2026-03-16,12.546666666666667,10.7,6.24,20.7,7.404764232123351,3,3
RC,2026-03-17,17.435,17.435,9.97,24.9,10.557104243115152,2,2
RC,2026-03-18,17.616666666666667,21.3,9.65,21.9,6.905855003787246,3,3
RC,2026-03-19,15.0,16.7,8.4,19.9,5.935486500700677,3,3
RC,2026-03-20,21.900000000000002,23.8,14.1,27.8,7.044856279584417,3,3
RC,2026-03-21,20.333333333333332,18.4,13.9,28.7,7.587050371081855,3,3
RC,2026-03-22,38.85,38.85,30.6,47.1,11.667261889578034,2,2
RC,2026-03-23,35.766666666666666,40.7,23.2,43.4,10.966464030549378,3,3
RC,2026-03-24,35.53333333333334,39.7,24.3,42.6,9.835818894903129,3,3
RC,2026-03-25,34.9,26.4,26.1,52.2,14.982990355733396,3,3
RC,2026-03-26,29.233333333333334,27.0,22.1,38.6,8.473684755366657,3,3
RC,2026-03-27,32.666666666666664,27.1,21.7,49.2,14.570632564625788,3,3
RC,2026-03-28,18.54,14.7,9.52,31.4,11.434281787676914,3,3
RC,2026-03-29,8.41,4.4,3.83,17.0,7.444615503838999,3,3
RC,2026-03-30,16.3,14.9,11.4,22.6,5.729746940310715,3,3
RC,2026-03-31,9.706666666666665,10.6,5.32,13.2,4.015237643444449,3,3
RC,2026-04-01,19.5,16.4,10.4,31.7,10.983168941612433,3,3
RC,2026-04-02,17.833333333333332,14.9,10.7,27.9,8.96734817732273,3,3
RC,2026-04-03,24.366666666666664,21.8,17.9,33.4,8.062464470205951,3,3
RC,2026-04-04,14.943333333333333,12.0,6.93,25.9,9.821539254787577,3,3
RC,2026-04-05,16.756666666666664,15.8,8.77,25.7,8.505447274149274,3,3
RC,2026-04-06,12.513333333333334,11.7,5.44,20.4,7.513090797623393,3,3
RC,2026-04-07,20.066666666666666,18.2,16.1,25.9,5.159780357082394,3,3
RC,2026-04-08,20.7,19.0,16.5,26.6,5.260228131934965,3,3
RC,2026-04-09,26.7,29.9,18.0,32.2,7.621679604916491,3,3
RC,2026-04-10,45.5,47.0,40.1,49.4,4.828043081829323,3,3
RC,2026-04-11,46.26666666666667,47.8,34.6,56.4,10.980588933811033,3,3
RC,2026-04-12,41.333333333333336,41.1,26.7,56.2,14.75138411584938,3,3
RC,2026-04-13,37.53333333333333,36.9,24.8,50.9,13.06152109569683,3,3
RC,2026-04-14,40.13333333333333,42.1,27.0,51.3,12.268795105198118,3,3
RC,2026-04-15,23.166666666666668,22.3,14.3,32.9,9.330237581826806,3,3
RC,2026-04-16,18.733333333333334,19.3,11.5,25.4,6.967304595992149,3,3
RC,2026-04-17,23.633333333333336,23.7,13.8,33.4,9.800170066551566,3,3
RC,2026-04-18,28.0,31.7,10.9,41.4,15.583003561573102,3,3
RC,2026-04-19,37.25,37.25,32.9,41.6,6.1518289963229655,2,2
RC,2026-04-20,26.366666666666664,25.9,17.8,35.4,8.809275414773529,3,3
RC,2026-04-21,32.333333333333336,39.9,13.7,43.4,16.231553632765205,3,3
RC,2026-04-22,29.03333333333333,31.0,12.2,43.9,15.941246291721777,3,3
RC,2026-04-23,31.766666666666666,37.4,13.8,44.1,15.91613437155308,3,3
RC,2026-04-24,28.96666666666667,36.1,12.0,38.8,14.755450970178218,3,3
RC,2026-04-25,32.86666666666667,39.8,18.4,40.4,12.532092137122728,3,3
RC,2026-04-26,28.233333333333334,35.1,11.0,38.6,15.026753918705575,3,3
RC,2026-04-27,25.166666666666668,31.1,12.7,31.7,10.800617266310908,3,3
RC,2026-04-28,22.25,22.25,11.9,32.6,14.637110370561535,2,2
RC,2026-04-29,17.715,17.715,8.13,27.3,13.555236995346116,2,2
RC,2026-04-30,17.205000000000002,17.205000000000002,9.81,24.6,10.45810929374904,2,2
RC,2026-05-01,18.8,18.8,14.4,23.2,6.222539674441618,2,2
RC,2026-05-02,18.5,18.5,15.7,21.3,3.959797974644667,2,2
RC,2026-05-03,23.450000000000003,23.450000000000003,17.3,29.6,8.697413408594535,2,2
RC,2026-05-04,20.9,20.9,15.8,26.0,7.212489168102783,2,2
RC,2026-05-05,20.85,20.85,14.7,27.0,8.697413408594535,2,2
RC,2026-05-06,24.05,24.05,22.5,25.6,2.1920310216782983,2,2
RC,2026-05-07,28.733333333333334,30.8,22.9,32.5,5.122824741617982,3,3
RC,2026-05-08,27.2,29.3,22.0,30.3,4.531004303683677,3,3
RC,2026-05-09,28.2,30.1,22.5,32.0,5.026927491022723,3,3
RC,2026-05-10,24.133333333333336,28.3,15.2,28.9,7.742308010750627,3,3
RC,2026-05-11,40.4,28.2,28.2,64.8,21.1310198523403,3,3
RC,2026-05-12,27.866666666666664,31.1,17.5,35.0,9.187128677303553,3,3
RC,2026-05-13,19.166666666666668,15.5,15.0,27.0,6.788470618138767,3,3
RC,2026-05-14,17.633333333333336,15.3,14.0,23.6,5.20800665642176,3,3
RC,2026-05-15,15.4,16.1,13.0,17.1,2.1377558326431956,3,3
RC,2026-05-16,11.586666666666668,9.49,8.47,16.8,4.543592558024249,3,3
RC,2026-05-17,11.843333333333334,11.0,7.13,17.4,5.1866784490011835,3,3
RC,2026-05-18,16.8,17.5,13.7,19.2,2.816025568065746,3,3
RC,2026-05-19,15.9,14.6,13.4,19.7,3.3451457367355446,3,3
RC,2026-05-20,11.026666666666666,9.52,8.46,15.1,3.567202451968955,3,3
RC,2026-05-21,8.863333333333333,7.51,6.28,12.8,3.4642796268969596,3,3
RC,2026-05-22,9.69,8.82,7.65,12.6,2.5871412794820468,3,3
RC,2026-05-23,8.94,5.68,5.34,15.8,5.9433660496388745,3,3
RC,2026-05-24,7.266666666666667,5.85,3.35,12.6,4.7849590733185305,3,3
RC,2026-05-25,7.753333333333333,5.64,5.22,12.4,4.029607094163565,3,3
RC,2026-05-26,7.033333333333334,4.16,3.24,13.7,5.791798799451973,3,3
RC,2026-05-27,8.39,6.59,5.68,12.9,3.932187686263209,3,3
RC,2026-05-28,13.339999999999998,9.72,5.6,24.7,10.051407861588345,3,3
RC,2026-05-29,17.95,17.95,14.4,21.5,5.020458146424486,2,2
RC,2026-05-30,16.080000000000002,16.1,8.34,23.8,7.730019404891557,3,3
RC,2026-05-31,13.833333333333334,14.8,11.0,15.7,2.494660965609021,3,3
RC,2026-06-01,14.75,14.75,11.5,18.0,4.596194077712559,2,2
RC,2026-06-02,17.65,17.65,13.8,21.5,5.444722215136414,2,2
RC,2026-06-03,119.7,23.5,16.6,319.0,172.63333976958216,3,3
RC,2026-06-04,21.35,21.35,19.9,22.8,2.0506096654409904,2,2
RC,2026-06-05,17.35,17.35,12.8,21.9,6.434671708797582,2,2
RC,2026-06-06,17.950000000000003,17.950000000000003,13.8,22.1,5.868986283848346,2,2
RC,2026-06-07,19.0,19.0,17.0,21.0,2.8284271247461903,2,2
RC,2026-06-08,19.4,19.4,15.3,23.5,5.798275605729688,2,2
RC,2026-06-09,21.65,21.65,18.2,25.1,4.879036790187178,2,2
RC,2026-06-10,20.5,20.5,16.1,24.9,6.222539674441617,2,2
RC,2026-06-11,23.049999999999997,23.049999999999997,16.2,29.9,9.6873629022557,2,2
RC,2026-06-12,19.35,19.35,14.7,24.0,6.576093065034894,2,2
RC,2026-06-13,19.35,19.35,17.3,21.4,2.899137802864845,2,2
RC,2026-06-14,13.633333333333333,13.3,11.2,16.4,2.615976554431123,3,3
RC,2026-06-15,12.736666666666666,10.0,9.81,18.4,4.905510506902756,3,3
RC,2026-06-16,13.333333333333334,12.1,11.9,16.0,2.311565126344775,3,3
RC,2026-06-17,11.013333333333334,10.2,8.14,14.7,3.3547776876170694,3,3
RC,2026-06-18,11.716666666666667,10.1,7.15,17.9,5.554352647548887,3,3
RC,2026-06-19,12.989999999999998,12.989999999999998,9.28,16.7,5.246732316404182,2,2
RC,2026-06-20,12.66,12.66,8.32,17.0,6.137686860699232,2,2
RC,2026-06-21,16.5,16.5,16.5,16.5,0.0,1,1
RC,2026-06-22,10.54,10.54,8.48,12.6,2.9132799384885746,2,2
RC,2026-06-23,15.535,15.535,8.97,22.1,9.284312036979369,2,2
RC,2026-06-25,20.2,20.2,14.6,25.8,7.919595949289333,2,2
RC,2026-06-26,18.75,18.75,15.0,22.5,5.303300858899107,2,2
RC,2026-06-27,13.8,13.8,11.9,15.7,2.6870057685088806,2,2
RC,2026-06-28,9.465,9.465,7.73,11.2,2.453660530717319,2,2
RC,2026-06-29,10.58,10.58,8.06,13.1,3.563818177180199,2,2
RC,2026-06-30,12.98,12.98,8.56,17.4,6.2508239456890795,2,2
RC,2026-07-01,8.525,8.525,4.75,12.3,5.338656197958434,2,2
RC,2026-07-02,12.52,12.52,3.34,21.7,12.982480502585013,2,2
RC,2026-07-03,8.56,8.56,3.12,14.0,7.6933217793096365,2,2
RC,2026-07-04,8.42,8.42,3.14,13.7,7.467047609329941,2,2
RC,2026-07-05,9.975,9.975,4.95,15.0,7.106423150924803,2,2
RC,2026-07-06,14.485,14.485,7.97,21.0,9.213601358860714,2,2
RC,2026-07-07,17.200000000000003,17.200000000000003,12.3,22.1,6.929646455628167,2,2
RC,2026-07-08,16.799999999999997,16.799999999999997,12.2,21.4,6.505382386916236,2,2
RC,2026-07-09,19.5,19.5,15.2,23.8,6.08111831820431,2,2
RC,2026-07-10,17.35,17.35,10.8,23.9,9.263098833543772,2,2
RC,2026-07-11,14.600000000000001,14.600000000000001,10.9,18.3,5.232590180780453,2,2
RC,2026-07-12,15.8,15.8,10.3,21.3,7.7781745930520225,2,2
RC,2026-07-13,13.780000000000001,12.1,7.44,21.8,7.325926562558487,3,3
RC,2026-07-14,13.89,11.9,6.67,23.1,8.393825111354179,3,3
RC,2026-07-15,17.55,17.55,15.5,19.6,2.899137802864846,2,2
RC,2026-07-16,14.316666666666668,12.5,8.35,22.1,7.052718152126409,3,3
RC,2026-07-17,16.5,12.0,11.9,25.6,7.880989785553589,3,3
RC,2026-07-18,14.1,10.4,10.0,21.9,6.75795827154918,3,3
RC,2026-07-19,12.446666666666667,9.54,9.2,18.6,5.331653902245845,3,3
RC,2026-07-20,12.766666666666667,10.9,10.8,16.6,3.3201405592735584,3,3
RC,2026-07-21,11.933333333333332,9.17,7.83,18.8,5.984332321431802,3,3
RC,2026-07-22,11.326666666666668,10.0,8.58,15.4,3.598351474402318,3,3
RC,2026-07-23,13.103333333333333,10.9,8.41,20.0,6.101068212479953,3,3
RC,2026-07-24,11.829999999999998,9.51,9.28,16.7,4.219111280826805,3,3
RC,2026-07-25,18.049999999999997,18.049999999999997,12.2,23.9,8.273149339882604,2,2
RC,2026-07-26,16.3,16.3,12.1,20.5,5.939696961967,2,2
RC,2026-07-27,15.475,15.475,9.75,21.2,8.09637264458597,2,2
RC,2026-07-28,18.5,18.5,13.7,23.3,6.788225099390857,2,2
RC,2026-07-29,21.15,21.15,17.2,25.1,5.586143571373726,2,2
RC,2026-07-30,21.9,21.9,15.3,28.5,9.333809511662425,2,2
RC,2026-07-31,20.233333333333334,20.6,15.5,24.6,4.5610671265980445,3,3
RC,2026-08-01,20.566666666666666,18.8,16.0,26.9,5.660683115431681,3,3
RC,2026-08-02,16.0,13.5,13.2,21.3,4.592385001282015,3,3
RC,2026-08-03,16.233333333333334,13.9,12.2,22.6,5.5788290288673785,3,3
RC,2026-08-04,14.299999999999999,13.7,10.9,18.3,3.7363083384538816,3,3
RC,2026-08-05,22.766666666666666,22.4,12.8,33.1,10.154965944469403,3,3
RC,2026-08-06,28.233333333333334,22.2,13.9,48.6,18.11969462583002,3,3
RC,2026-08-07,16.8,14.0,12.8,23.6,5.919459434779498,3,3
RC,2026-08-08,15.366666666666667,12.3,11.7,22.1,5.838949677239337,3,3
RC,2026-08-09,16.623333333333335,14.9,9.87,25.1,7.759873280752292,3,3
RC,2026-08-10,15.866666666666667,13.7,12.1,21.8,5.200320502943385,3,3
RC,2026-08-11,14.066666666666668,10.9,10.9,20.4,5.484827557301443,3,3
RC,2026-08-12,14.799999999999999,11.7,10.3,22.4,6.618912297349165,3,3
RC,2026-08-13,14.6,11.5,10.8,21.5,5.985816569190874,3,3
RC,2026-08-14,16.433333333333334,15.5,11.1,22.7,5.8560510015994005,3,3
RC,2026-08-15,11.63,11.4,5.59,17.9,6.158222146041826,3,3
RC,2026-08-16,13.916666666666666,10.8,9.35,21.6,6.69334246347319,3,3
RC,2026-08-17,14.866666666666667,13.9,11.0,19.7,4.429823171790645,3,3
RC,2026-08-18,11.393333333333333,8.33,6.95,18.9,6.537479126799053,3,3
RC,2026-08-19,10.826666666666666,8.0,5.28,19.2,7.3779491278629274,3,3
RC,2026-08-20,12.086666666666666,11.4,7.16,17.7,5.3034454209818485,3,3
RC,2026-08-21,10.263333333333334,9.73,2.16,18.9,8.382734239693713,3,3
RC,2026-08-22,12.410000000000002,9.49,7.24,20.5,7.0958931784518855,3,3
RC,2026-08-23,14.129999999999999,14.129999999999999,8.76,19.5,7.59432682994352,2,2
RC,2026-08-24,13.605,13.605,9.11,18.1,6.356889962867064,2,2
RC,2026-08-25,15.55,15.55,12.8,18.3,3.8890872965260113,2,2
RC,2026-08-26,13.870000000000001,13.870000000000001,9.94,17.8,5.557859300126265,2,2
RC,2026-08-27,12.620000000000001,12.620000000000001,8.64,16.6,5.6285699782449194,2,2
RC,2026-08-28,10.4,10.4,7.3,13.5,4.384062043356595,2,2
RC,2026-08-29,7.4,7.4,3.8,11.0,5.091168824543143,2,2
RC,2026-08-30,8.84,9.15,7.56,9.81,1.156589814930082,3,3
RC,2026-08-31,9.003333333333332,9.68,5.43,11.9,3.28764860247158,3,3
RC,2026-09-01,9.266666666666667,7.62,5.48,14.7,4.825529331931713,3,3
RC,2026-09-02,10.65,9.3,9.05,13.6,2.5578311124857316,3,3
RC,2026-09-03,13.0,11.9,10.5,16.6,3.195309061734092,3,3
RC,2026-09-04,15.399999999999999,14.1,13.4,18.7,2.879236009777593,3,3
RC,2026-09-05,12.35,9.86,9.39,17.8,4.725685135512099,3,3
RC,2026-09-06,11.94,11.7,7.72,16.4,4.344974108093165,3,3
RC,2026-09-07,14.173333333333334,16.3,7.72,18.5,5.6959751872118725,3,3
RC,2026-09-08,13.893333333333333,16.3,6.58,18.8,6.4557054868800625,3,3
RC,2026-09-09,11.236666666666666,14.3,4.61,14.8,5.7443044255447795,3,3
RC,2026-09-10,11.276666666666666,13.5,5.03,15.3,5.484125575999636,3,3
RC,2026-09-11,12.5,14.8,6.8,15.9,4.966890375275058,3,3
RC,2026-09-12,10.666666666666666,13.5,4.8,13.7,5.081666393353005,3,3
RC,2026-09-13,16.65,16.65,15.1,18.2,2.1920310216782966,2,2
RC,2026-09-14,18.049999999999997,18.049999999999997,17.4,18.7,0.9192388155425111,2,2
RC,2026-09-15,14.266666666666666,18.5,5.1,19.2,7.946277954698876,3,3
RC,2026-09-16,12.840000000000002,15.8,6.72,16.0,5.301018770010157,3,3
RC,2026-09-17,16.133333333333333,14.9,11.1,22.4,5.750072463311512,3,3
RS,2025-02-19,51.2,51.2,51.2,51.2,0.0,1,1
RS,2025-02-20,51.1,51.1,51.1,51.1,0.0,1,1
RS,2025-02-21,49.4,49.4,49.4,49.4,0.0,1,1
RS,2025-02-22,50.8,50.8,50.8,50.8,0.0,1,1
RS,2025-02-23,51.1,51.1,51.1,51.1,0.0,1,1
RS,2025-02-24,50.2,50.2,50.2,50.2,0.0,1,1
RS,2025-02-25,322.0,322.0,322.0,322.0,0.0,1,1
RS,2025-02-26,341.0,341.0,341.0,341.0,0.0,1,1
RS,2025-02-27,230.0,230.0,230.0,230.0,0.0,1,1
RS,2025-02-28,53.8,53.8,53.8,53.8,0.0,1,1
RS,2025-03-01,51.9,51.9,51.9,51.9,0.0,1,1
RS,2025-03-02,49.6,49.6,49.6,49.6,0.0,1,1
RS,2025-03-03,50.1,50.1,50.1,50.1,0.0,1,1
RS,2025-03-04,49.8,49.8,49.8,49.8,0.0,1,1
RS,2025-03-05,48.6,48.6,48.6,48.6,0.0,1,1
RS,2025-03-06,50.4,50.4,50.4,50.4,0.0,1,1
RS,2025-03-07,50.6,50.6,50.6,50.6,0.0,1,1
RS,2025-03-08,53.5,53.5,53.5,53.5,0.0,1,1
RS,2025-03-09,49.1,49.1,49.1,49.1,0.0,1,1
RS,2025-03-10,52.1,52.1,52.1,52.1,0.0,1,1
RS,2025-03-11,51.9,51.9,51.9,51.9,0.0,1,1
RS,2025-03-12,51.1,51.1,51.1,51.1,0.0,1,1
RS,2025-03-13,50.3,50.3,50.3,50.3,0.0,1,1
RS,2025-03-14,52.2,52.2,52.2,52.2,0.0,1,1
RS,2025-03-15,49.4,49.4,49.4,49.4,0.0,1,1
RS,2025-03-16,48.3,48.3,48.3,48.3,0.0,1,1
RS,2025-03-17,49.1,49.1,49.1,49.1,0.0,1,1
RS,2025-03-18,48.1,48.1,48.1,48.1,0.0,1,1
RS,2025-03-19,48.0,48.0,48.0,48.0,0.0,1,1
RS,2025-03-20,48.9,48.9,48.9,48.9,0.0,1,1
RS,2025-03-21,47.9,47.9,47.9,47.9,0.0,1,1
RS,2025-03-22,47.7,47.7,47.7,47.7,0.0,1,1
RS,2025-03-23,134.0,134.0,134.0,134.0,0.0,1,1
RS,2025-03-24,115.0,115.0,115.0,115.0,0.0,1,1
RS,2025-03-25,50.3,50.3,50.3,50.3,0.0,1,1
RS,2025-03-26,47.4,47.4,47.4,47.4,0.0,1,1
RS,2025-03-27,46.7,46.7,46.7,46.7,0.0,1,1
RS,2025-03-28,48.4,48.4,48.4,48.4,0.0,1,1
RS,2025-03-29,63.6,63.6,63.6,63.6,0.0,1,1
RS,2025-03-30,54.0,54.0,54.0,54.0,0.0,1,1
RS,2025-03-31,50.4,50.4,50.4,50.4,0.0,1,1
RS,2025-04-01,50.8,50.8,50.8,50.8,0.0,1,1
RS,2025-04-02,51.4,51.4,51.4,51.4,0.0,1,1
RS,2025-04-03,50.0,50.0,50.0,50.0,0.0,1,1
RS,2025-04-04,72.0,72.0,72.0,72.0,0.0,1,1
RS,2025-04-05,48.8,48.8,48.8,48.8,0.0,1,1
RS,2025-04-06,49.0,49.0,49.0,49.0,0.0,1,1
RS,2025-04-07,48.9,48.9,48.9,48.9,0.0,1,1
RS,2025-04-08,50.6,50.6,50.6,50.6,0.0,1,1
RS,2025-04-09,47.6,47.6,47.6,47.6,0.0,1,1
RS,2025-04-11,46.8,46.8,46.8,46.8,0.0,1,1
RS,2025-04-12,46.4,46.4,46.4,46.4,0.0,1,1
RS,2025-04-13,47.0,47.0,47.0,47.0,0.0,1,1
RS,2025-04-14,47.0,47.0,47.0,47.0,0.0,1,1
RS,2025-04-15,47.4,47.4,47.4,47.4,0.0,1,1
RS,2025-04-16,46.7,46.7,46.7,46.7,0.0,1,1
RS,2025-04-17,56.8,56.8,56.8,56.8,0.0,1,1
RS,2025-04-18,46.1,46.1,46.1,46.1,0.0,1,1
RS,2025-04-19,46.1,46.1,46.1,46.1,0.0,1,1
RS,2025-04-20,46.9,46.9,46.9,46.9,0.0,1,1
RS,2025-04-21,46.3,46.3,46.3,46.3,0.0,1,1
RS,2025-04-22,48.9,48.9,48.9,48.9,0.0,1,1
RS,2025-04-23,48.5,48.5,48.5,48.5,0.0,1,1
RS,2025-04-25,67.5,67.5,67.5,67.5,0.0,1,1
RS,2025-04-26,59.5,59.5,59.5,59.5,0.0,1,1
RS,2025-04-27,47.7,47.7,47.7,47.7,0.0,1,1
RS,2025-04-28,47.4,47.4,47.4,47.4,0.0,1,1
RS,2025-04-29,47.3,47.3,47.3,47.3,0.0,1,1
RS,2025-05-05,47.1,47.1,47.1,47.1,0.0,1,1
RS,2025-05-06,46.8,46.8,46.8,46.8,0.0,1,1
RS,2025-05-07,45.4,45.4,45.4,45.4,0.0,1,1
RS,2025-05-08,45.5,45.5,45.5,45.5,0.0,1,1
RS,2025-05-09,45.3,45.3,45.3,45.3,0.0,1,1
RS,2025-05-10,45.7,45.7,45.7,45.7,0.0,1,1
RS,2025-05-11,46.5,46.5,46.5,46.5,0.0,1,1
RS,2025-05-12,46.0,46.0,46.0,46.0,0.0,1,1
RS,2025-05-13,46.6,46.6,46.6,46.6,0.0,1,1
RS,2025-05-14,47.8,47.8,47.8,47.8,0.0,1,1
RS,2025-05-15,62.9,62.9,62.9,62.9,0.0,1,1
RS,2025-05-16,46.4,46.4,46.4,46.4,0.0,1,1
RS,2025-05-17,46.1,46.1,46.1,46.1,0.0,1,1
RS,2025-05-18,46.4,46.4,46.4,46.4,0.0,1,1
RS,2025-05-19,47.0,47.0,47.0,47.0,0.0,1,1
RS,2025-05-20,47.4,47.4,47.4,47.4,0.0,1,1
RS,2025-05-21,44.5,44.5,44.5,44.5,0.0,1,1
RS,2025-05-22,57.0,57.0,57.0,57.0,0.0,1,1
RS,2025-05-23,58.8,58.8,58.8,58.8,0.0,1,1
RS,2025-05-24,64.4,64.4,64.4,64.4,0.0,1,1
RS,2025-05-26,197.0,197.0,197.0,197.0,0.0,1,1
RS,2025-05-27,75.1,75.1,75.1,75.1,0.0,1,1
RS,2025-05-28,52.1,52.1,52.1,52.1,0.0,1,1
RS,2025-05-29,57.9,57.9,57.9,57.9,0.0,1,1
RS,2025-05-30,70.5,70.5,70.5,70.5,0.0,1,1
RS,2025-05-31,51.2,51.2,51.2,51.2,0.0,1,1
RS,2025-06-01,50.4,50.4,50.4,50.4,0.0,1,1
RS,2025-06-02,65.3,65.3,65.3,65.3,0.0,1,1
RS,2025-06-03,50.7,50.7,50.7,50.7,0.0,1,1
RS,2025-06-04,51.3,51.3,51.3,51.3,0.0,1,1
RS,2025-06-05,54.3,54.3,54.3,54.3,0.0,1,1
RS,2025-06-06,54.9,54.9,54.9,54.9,0.0,1,1
RS,2025-06-07,51.6,51.6,51.6,51.6,0.0,1,1
RS,2025-06-08,53.0,53.0,53.0,53.0,0.0,1,1
RS,2025-06-09,51.3,51.3,51.3,51.3,0.0,1,1
RS,2025-06-10,49.5,49.5,49.5,49.5,0.0,1,1
RS,2025-06-11,48.4,48.4,48.4,48.4,0.0,1,1
RS,2025-06-12,129.0,129.0,129.0,129.0,0.0,1,1
RS,2025-06-13,20.6,20.6,20.6,20.6,0.0,1,1
RS,2025-06-14,28.4,28.4,28.4,28.4,0.0,1,1
RS,2025-06-15,17.7,17.7,17.7,17.7,0.0,1,1
RS,2025-06-16,16.1,16.1,16.1,16.1,0.0,1,1
RS,2025-06-17,26.0,26.0,26.0,26.0,0.0,1,1
RS,2025-06-18,16.0,16.0,16.0,16.0,0.0,1,1
RS,2025-06-19,80.4,80.4,80.4,80.4,0.0,1,1
RS,2025-06-20,13.5,13.5,13.5,13.5,0.0,1,1
RS,2025-06-21,13.9,13.9,13.9,13.9,0.0,1,1
RS,2025-06-22,13.8,13.8,13.8,13.8,0.0,1,1
RS,2025-06-23,24.1,24.1,24.1,24.1,0.0,1,1
RS,2025-06-24,30.9,30.9,30.9,30.9,0.0,1,1
RS,2025-06-25,17.3,17.3,17.3,17.3,0.0,1,1
RS,2025-06-26,56.5,56.5,56.5,56.5,0.0,1,1
RS,2025-06-27,17.9,17.9,17.9,17.9,0.0,1,1
RS,2025-06-30,238.0,238.0,238.0,238.0,0.0,1,1
RS,2025-07-01,163.0,163.0,163.0,163.0,0.0,1,1
RS,2025-07-02,8.47,8.47,8.47,8.47,0.0,1,1
RS,2025-07-03,7.77,7.77,7.77,7.77,0.0,1,1
RS,2025-07-04,17.2,17.2,17.2,17.2,0.0,1,1
RS,2025-07-05,27.2,27.2,27.2,27.2,0.0,1,1
RS,2025-07-06,48.0,48.0,48.0,48.0,0.0,1,1
RS,2025-07-07,28.8,28.8,28.8,28.8,0.0,1,1
RS,2025-07-08,41.5,41.5,41.5,41.5,0.0,1,1
RS,2025-07-09,64.5,64.5,64.5,64.5,0.0,1,1
RS,2025-07-10,25.2,25.2,25.2,25.2,0.0,1,1
RS,2025-07-11,23.5,23.5,23.5,23.5,0.0,1,1
RS,2025-07-12,23.7,23.7,23.7,23.7,0.0,1,1
RS,2025-07-13,21.7,21.7,21.7,21.7,0.0,1,1
RS,2025-07-14,19.2,19.2,19.2,19.2,0.0,1,1
RS,2025-07-15,78.9,78.9,78.9,78.9,0.0,1,1
RS,2025-07-16,65.7,65.7,65.7,65.7,0.0,1,1
RS,2025-07-17,88.4,88.4,88.4,88.4,0.0,1,1
RS,2025-07-18,26.4,26.4,26.4,26.4,0.0,1,1
RS,2025-07-19,65.7,65.7,65.7,65.7,0.0,1,1
RS,2025-07-20,22.5,22.5,22.5,22.5,0.0,1,1
RS,2025-07-21,21.8,21.8,21.8,21.8,0.0,1,1
RS,2025-07-22,39.9,39.9,39.9,39.9,0.0,1,1
RS,2025-07-23,93.4,93.4,93.4,93.4,0.0,1,1
RS,2025-07-24,46.0,46.0,46.0,46.0,0.0,1,1
RS,2025-07-25,19.6,19.6,19.6,19.6,0.0,1,1
RS,2025-07-26,40.8,40.8,40.8,40.8,0.0,1,1
RS,2025-07-27,21.2,21.2,21.2,21.2,0.0,1,1
RS,2025-07-28,20.5,20.5,20.5,20.5,0.0,1,1
RS,2025-07-29,20.2,20.2,20.2,20.2,0.0,1,1
RS,2025-07-30,19.5,19.5,19.5,19.5,0.0,1,1
RS,2025-07-31,18.4,18.4,18.4,18.4,0.0,1,1
RS,2025-08-01,18.8,18.8,18.8,18.8,0.0,1,1
RS,2025-08-02,18.0,18.0,18.0,18.0,0.0,1,1
RS,2025-08-03,18.3,18.3,18.3,18.3,0.0,1,1
RS,2025-08-04,19.1,19.1,19.1,19.1,0.0,1,1
RS,2025-08-05,27.8,27.8,27.8,27.8,0.0,1,1
RS,2025-08-06,19.8,19.8,19.8,19.8,0.0,1,1
RS,2025-08-07,39.0,39.0,39.0,39.0,0.0,1,1
RS,2025-08-08,40.6,40.6,40.6,40.6,0.0,1,1
RS,2025-08-09,20.2,20.2,20.2,20.2,0.0,1,1
RS,2025-08-10,43.3,43.3,43.3,43.3,0.0,1,1
RS,2025-08-11,57.8,57.8,57.8,57.8,0.0,1,1
RS,2025-08-12,19.2,19.2,19.2,19.2,0.0,1,1
RS,2025-08-13,19.2,19.2,19.2,19.2,0.0,1,1
RS,2025-08-14,56.1,56.1,56.1,56.1,0.0,1,1
RS,2025-08-15,17.4,17.4,17.4,17.4,0.0,1,1
RS,2025-08-16,16.4,16.4,16.4,16.4,0.0,1,1
RS,2025-08-17,17.5,17.5,17.5,17.5,0.0,1,1
RS,2025-08-18,17.0,17.0,17.0,17.0,0.0,1,1
RS,2025-08-19,17.1,17.1,17.1,17.1,0.0,1,1
RS,2025-08-20,38.5,38.5,38.5,38.5,0.0,1,1
RS,2025-08-21,18.4,18.4,18.4,18.4,0.0,1,1
RS,2025-08-22,19.2,19.2,19.2,19.2,0.0,1,1
RS,2025-08-23,19.3,19.3,19.3,19.3,0.0,1,1
RS,2025-08-24,18.8,18.8,18.8,18.8,0.0,1,1
RS,2025-08-25,18.8,18.8,18.8,18.8,0.0,1,1
RS,2025-08-26,18.8,18.8,18.8,18.8,0.0,1,1
RS,2025-08-27,19.9,19.9,19.9,19.9,0.0,1,1
RS,2025-08-28,21.8,21.8,21.8,21.8,0.0,1,1
RS,2025-08-29,19.7,19.7,19.7,19.7,0.0,1,1
RS,2025-08-30,40.6,40.6,40.6,40.6,0.0,1,1
RS,2025-08-31,19.7,19.7,19.7,19.7,0.0,1,1
RS,2025-09-01,18.1,18.1,18.1,18.1,0.0,1,1
RS,2025-09-02,18.0,18.0,18.0,18.0,0.0,1,1
RS,2025-09-03,18.0,18.0,18.0,18.0,0.0,1,1
RS,2025-09-04,18.0,18.0,18.0,18.0,0.0,1,1
RS,2025-09-05,18.0,18.0,18.0,18.0,0.0,1,1
RS,2025-09-06,18.0,18.0,18.0,18.0,0.0,1,1
RS,2025-09-07,18.0,18.0,18.0,18.0,0.0,1,1
RS,2025-09-08,18.0,18.0,18.0,18.0,0.0,1,1
RS,2025-09-09,18.0,18.0,18.0,18.0,0.0,1,1
RS,2025-09-10,18.0,18.0,18.0,18.0,0.0,1,1
RS,2025-09-11,18.0,18.0,18.0,18.0,0.0,1,1
RS,2025-09-12,18.0,18.0,18.0,18.0,0.0,1,1
RS,2025-09-13,18.0,18.0,18.0,18.0,0.0,1,1
RS,2025-09-14,18.0,18.0,18.0,18.0,0.0,1,1
RS,2025-09-15,18.0,18.0,18.0,18.0,0.0,1,1
RS,2025-09-16,18.0,18.0,18.0,18.0,0.0,1,1
RS,2025-09-17,18.0,18.0,18.0,18.0,0.0,1,1
RS,2025-09-22,11.7,11.7,11.7,11.7,0.0,1,1
RS,2025-09-23,21.1,21.1,21.1,21.1,0.0,1,1
RS,2025-09-24,20.8,20.8,20.8,20.8,0.0,1,1
RS,2025-09-25,19.9,19.9,19.9,19.9,0.0,1,1
RS,2025-09-26,19.3,19.3,19.3,19.3,0.0,1,1
RS,2025-09-30,17.5,17.5,17.5,17.5,0.0,1,1
RS,2025-10-01,16.7,16.7,16.7,16.7,0.0,1,1
RS,2025-10-02,13.4,13.4,13.4,13.4,0.0,1,1
RS,2025-10-03,21.3,21.3,21.3,21.3,0.0,1,1
RS,2025-10-04,19.8,19.8,19.8,19.8,0.0,1,1
RS,2025-10-05,44.2,44.2,44.2,44.2,0.0,1,1
RS,2025-10-06,29.1,29.1,29.1,29.1,0.0,1,1
RS,2025-10-07,24.6,24.6,24.6,24.6,0.0,1,1
RS,2025-10-08,29.3,29.3,29.3,29.3,0.0,1,1
RS,2025-10-09,59.5,59.5,59.5,59.5,0.0,1,1
RS,2025-10-10,74.7,74.7,74.7,74.7,0.0,1,1
RS,2025-10-11,85.8,85.8,85.8,85.8,0.0,1,1
RS,2025-10-12,76.5,76.5,76.5,76.5,0.0,1,1
RS,2025-10-13,72.3,72.3,72.3,72.3,0.0,1,1
RS,2025-10-14,62.0,62.0,62.0,62.0,0.0,1,1
RS,2025-10-15,66.5,66.5,66.5,66.5,0.0,1,1
RS,2025-10-16,48.7,48.7,48.7,48.7,0.0,1,1
RS,2025-10-17,64.8,64.8,64.8,64.8,0.0,1,1
RS,2025-10-18,53.9,53.9,53.9,53.9,0.0,1,1
RS,2025-10-19,67.2,67.2,67.2,67.2,0.0,1,1
RS,2025-10-20,86.7,86.7,86.7,86.7,0.0,1,1
RS,2025-10-21,80.0,80.0,80.0,80.0,0.0,1,1
RS,2025-10-22,43.8,43.8,43.8,43.8,0.0,1,1
RS,2025-10-23,35.9,35.9,35.9,35.9,0.0,1,1
RS,2025-10-24,25.3,25.3,25.3,25.3,0.0,1,1
RS,2025-10-25,18.9,18.9,18.9,18.9,0.0,1,1
RS,2025-10-26,15.5,15.5,15.5,15.5,0.0,1,1
RS,2025-10-27,16.2,16.2,16.2,16.2,0.0,1,1
RS,2025-10-28,23.3,23.3,23.3,23.3,0.0,1,1
RS,2025-10-29,29.7,29.7,29.7,29.7,0.0,1,1
RS,2025-10-30,22.0,22.0,22.0,22.0,0.0,1,1
RS,2025-10-31,17.3,17.3,17.3,17.3,0.0,1,1
RS,2025-11-01,21.2,21.2,21.2,21.2,0.0,1,1
RS,2025-11-02,19.1,19.1,19.1,19.1,0.0,1,1
RS,2025-11-03,20.1,20.1,20.1,20.1,0.0,1,1
RS,2025-11-04,27.1,27.1,27.1,27.1,0.0,1,1
RS,2025-11-05,30.4,30.4,30.4,30.4,0.0,1,1
RS,2025-11-06,44.6,44.6,44.6,44.6,0.0,1,1
RS,2025-11-07,50.9,50.9,50.9,50.9,0.0,1,1
RS,2025-11-10,65.9,65.9,65.9,65.9,0.0,1,1
RS,2025-11-11,55.5,55.5,55.5,55.5,0.0,1,1
RS,2025-11-12,59.4,59.4,59.4,59.4,0.0,1,1
RS,2025-11-13,70.2,70.2,70.2,70.2,0.0,1,1
RS,2025-11-14,72.4,72.4,72.4,72.4,0.0,1,1
RS,2025-11-15,68.7,68.7,68.7,68.7,0.0,1,1
RS,2025-11-16,77.4,77.4,77.4,77.4,0.0,1,1
RS,2025-11-17,65.4,65.4,65.4,65.4,0.0,1,1
RS,2025-11-18,96.1,96.1,96.1,96.1,0.0,1,1
RS,2025-11-19,71.8,71.8,71.8,71.8,0.0,1,1
RS,2025-11-20,57.7,57.7,57.7,57.7,0.0,1,1
RS,2025-11-21,77.9,77.9,77.9,77.9,0.0,1,1
RS,2025-11-22,84.7,84.7,84.7,84.7,0.0,1,1
RS,2025-11-23,75.0,75.0,75.0,75.0,0.0,1,1
RS,2025-11-24,73.1,73.1,73.1,73.1,0.0,1,1
RS,2025-11-25,79.8,79.8,79.8,79.8,0.0,1,1
RS,2025-11-26,93.3,93.3,93.3,93.3,0.0,1,1
RS,2025-11-27,57.2,57.2,57.2,57.2,0.0,1,1
RS,2025-11-28,37.8,37.8,37.8,37.8,0.0,1,1
RS,2025-11-29,37.1,37.1,37.1,37.1,0.0,1,1
RS,2025-11-30,33.9,33.9,33.9,33.9,0.0,1,1
RS,2025-12-01,37.0,37.0,37.0,37.0,0.0,1,1
RS,2025-12-27,17.4,17.4,17.4,17.4,0.0,1,1
RS,2025-12-29,253.0,253.0,253.0,253.0,0.0,1,1
RS,2025-12-30,54.0,54.0,54.0,54.0,0.0,1,1
RS,2025-12-31,88.7,88.7,88.7,88.7,0.0,1,1
RS,2026-01-01,38.9,38.9,38.9,38.9,0.0,1,1
RS,2026-01-02,35.1,35.1,35.1,35.1,0.0,1,1
RS,2026-01-03,10.9,10.9,10.9,10.9,0.0,1,1
RS,2026-01-04,14.0,14.0,14.0,14.0,0.0,1,1
RS,2026-01-05,12.3,12.3,12.3,12.3,0.0,1,1
RS,2026-01-06,10.8,10.8,10.8,10.8,0.0,1,1
RS,2026-01-07,10.6,10.6,10.6,10.6,0.0,1,1
RS,2026-01-08,7.99,7.99,7.99,7.99,0.0,1,1
RS,2026-01-09,7.76,7.76,7.76,7.76,0.0,1,1
RS,2026-01-10,40.1,40.1,40.1,40.1,0.0,1,1
RS,2026-01-20,11.5,11.5,11.5,11.5,0.0,1,1
RS,2026-01-21,9.58,9.58,9.58,9.58,0.0,1,1
RS,2026-01-22,6.53,6.53,6.53,6.53,0.0,1,1
RS,2026-01-23,9.88,9.88,9.88,9.88,0.0,1,1
RS,2026-01-24,10.1,10.1,10.1,10.1,0.0,1,1
RS,2026-01-25,16.0,16.0,16.0,16.0,0.0,1,1
RS,2026-01-26,20.1,20.1,20.1,20.1,0.0,1,1
RS,2026-01-27,52.6,52.6,52.6,52.6,0.0,1,1
RS,2026-01-28,48.2,48.2,48.2,48.2,0.0,1,1
RS,2026-01-29,15.9,15.9,15.9,15.9,0.0,1,1
RS,2026-01-30,17.8,17.8,17.8,17.8,0.0,1,1
RS,2026-01-31,64.7,64.7,64.7,64.7,0.0,1,1
RS,2026-02-01,21.4,21.4,21.4,21.4,0.0,1,1
RS,2026-02-02,24.6,24.6,24.6,24.6,0.0,1,1
RS,2026-02-03,22.9,22.9,22.9,22.9,0.0,1,1
RS,2026-02-04,28.4,28.4,28.4,28.4,0.0,1,1
RS,2026-02-05,22.0,22.0,22.0,22.0,0.0,1,1
RS,2026-02-06,18.0,18.0,18.0,18.0,0.0,1,1
RS,2026-02-07,18.4,18.4,18.4,18.4,0.0,1,1
RS,2026-02-08,18.5,18.5,18.5,18.5,0.0,1,1
RS,2026-02-09,14.7,14.7,14.7,14.7,0.0,1,1
RS,2026-02-10,15.8,15.8,15.8,15.8,0.0,1,1
RS,2026-02-11,22.2,22.2,22.2,22.2,0.0,1,1
RS,2026-02-12,18.8,18.8,18.8,18.8,0.0,1,1
RS,2026-02-13,20.0,20.0,20.0,20.0,0.0,1,1
RS,2026-02-14,23.6,23.6,23.6,23.6,0.0,1,1
RS,2026-02-15,19.2,19.2,19.2,19.2,0.0,1,1
RS,2026-02-16,19.0,19.0,19.0,19.0,0.0,1,1
RS,2026-02-17,10.9,10.9,10.9,10.9,0.0,1,1
RS,2026-02-18,2.78,2.78,2.78,2.78,0.0,1,1
RS,2026-02-19,20.9,20.9,20.9,20.9,0.0,1,1
RS,2026-02-20,490.0,490.0,490.0,490.0,0.0,1,1
RS,2026-02-21,79.1,79.1,79.1,79.1,0.0,1,1
RS,2026-02-22,24.8,24.8,24.8,24.8,0.0,1,1
RS,2026-02-23,5.86,5.86,5.86,5.86,0.0,1,1
RS,2026-02-24,6.44,6.44,6.44,6.44,0.0,1,1
RS,2026-02-25,4.32,4.32,4.32,4.32,0.0,1,1
RS,2026-02-26,1.45,1.45,1.45,1.45,0.0,1,1
RS,2026-02-27,0.769,0.769,0.769,0.769,0.0,1,1
RS,2026-02-28,1.01,1.01,1.01,1.01,0.0,1,1
RS,2026-03-01,1.23,1.23,1.23,1.23,0.0,1,1
RS,2026-03-02,3.18,3.18,3.18,3.18,0.0,1,1
RS,2026-03-03,12.2,12.2,12.2,12.2,0.0,1,1
RS,2026-03-04,5.6,5.6,5.6,5.6,0.0,1,1
RS,2026-03-05,6.19,6.19,6.19,6.19,0.0,1,1
RS,2026-03-06,4.86,4.86,4.86,4.86,0.0,1,1
RS,2026-03-07,3.93,3.93,3.93,3.93,0.0,1,1
RS,2026-03-08,10.3,10.3,10.3,10.3,0.0,1,1
RS,2026-03-09,25.7,25.7,25.7,25.7,0.0,1,1
RS,2026-03-10,9.48,9.48,9.48,9.48,0.0,1,1
RS,2026-03-11,9.65,9.65,9.65,9.65,0.0,1,1
RS,2026-03-12,8.58,8.58,8.58,8.58,0.0,1,1
RS,2026-03-13,114.0,114.0,114.0,114.0,0.0,1,1
RS,2026-03-14,89.0,89.0,89.0,89.0,0.0,1,1
RS,2026-03-15,42.7,42.7,42.7,42.7,0.0,1,1
RS,2026-03-16,5.96,5.96,5.96,5.96,0.0,1,1
RS,2026-03-17,84.2,84.2,84.2,84.2,0.0,1,1
RS,2026-03-18,26.2,26.2,26.2,26.2,0.0,1,1
RS,2026-03-19,1.84,1.84,1.84,1.84,0.0,1,1
RS,2026-03-20,3.67,3.67,3.67,3.67,0.0,1,1
RS,2026-03-21,4.8,4.8,4.8,4.8,0.0,1,1
RS,2026-03-22,6.32,6.32,6.32,6.32,0.0,1,1
RS,2026-03-23,59.3,59.3,59.3,59.3,0.0,1,1
RS,2026-03-24,18.5,18.5,18.5,18.5,0.0,1,1
RS,2026-03-25,58.4,58.4,58.4,58.4,0.0,1,1
RS,2026-03-26,14.8,14.8,14.8,14.8,0.0,1,1
RS,2026-03-27,15.1,15.1,15.1,15.1,0.0,1,1
RS,2026-03-28,5.92,5.92,5.92,5.92,0.0,1,1
RS,2026-03-29,32.3,32.3,32.3,32.3,0.0,1,1
RS,2026-03-30,4.25,4.25,4.25,4.25,0.0,1,1
RS,2026-03-31,1.37,1.37,1.37,1.37,0.0,1,1
RS,2026-04-01,2.15,2.15,2.15,2.15,0.0,1,1
RS,2026-04-02,2.85,2.85,2.85,2.85,0.0,1,1
RS,2026-04-03,4.33,4.33,4.33,4.33,0.0,1,1
RS,2026-04-09,12.1,12.1,12.1,12.1,0.0,1,1
RS,2026-04-10,13.5,13.5,13.5,13.5,0.0,1,1
RS,2026-04-11,15.2,15.2,15.2,15.2,0.0,1,1
RS,2026-04-12,9.52,9.52,9.52,9.52,0.0,1,1
RS,2026-04-13,9.01,9.01,9.01,9.01,0.0,1,1
RS,2026-04-14,11.7,11.7,11.7,11.7,0.0,1,1
RS,2026-04-15,2.95,2.95,2.95,2.95,0.0,1,1
S,2025-02-19,32.5,32.5,32.5,32.5,0.0,1,1
S,2025-02-20,38.7,38.7,38.7,38.7,0.0,1,1
S,2025-02-21,35.2,35.2,35.2,35.2,0.0,1,1
S,2025-02-22,35.6,35.6,35.6,35.6,0.0,1,1
S,2025-02-23,37.8,37.8,37.8,37.8,0.0,1,1
S,2025-02-24,34.4,34.4,34.4,34.4,0.0,1,1
S,2025-02-25,36.0,36.0,36.0,36.0,0.0,1,1
S,2025-02-26,37.8,37.8,37.8,37.8,0.0,1,1
S,2025-02-27,37.2,37.2,37.2,37.2,0.0,1,1
S,2025-02-28,40.1,40.1,40.1,40.1,0.0,1,1
S,2025-03-01,36.5,36.5,36.5,36.5,0.0,1,1
S,2025-03-02,33.4,33.4,33.4,33.4,0.0,1,1
S,2025-03-03,39.0,39.0,39.0,39.0,0.0,1,1
S,2025-03-04,78.5,78.5,78.5,78.5,0.0,1,1
S,2025-03-05,18.7,18.7,18.7,18.7,0.0,1,1
S,2025-03-06,21.9,21.9,21.9,21.9,0.0,1,1
S,2025-03-07,26.7,26.7,26.7,26.7,0.0,1,1
S,2025-03-08,30.5,30.5,30.5,30.5,0.0,1,1
S,2025-03-09,22.8,22.8,22.8,22.8,0.0,1,1
S,2025-03-10,141.0,141.0,141.0,141.0,0.0,1,1
S,2025-03-11,67.8,67.8,67.8,67.8,0.0,1,1
S,2025-03-12,80.7,80.7,80.7,80.7,0.0,1,1
S,2025-03-13,61.9,61.9,61.9,61.9,0.0,1,1
S,2025-03-14,27.4,27.4,27.4,27.4,0.0,1,1
S,2025-03-15,15.7,15.7,15.7,15.7,0.0,1,1
S,2025-03-16,18.0,18.0,18.0,18.0,0.0,1,1
S,2025-03-17,18.1,18.1,18.1,18.1,0.0,1,1
S,2025-03-18,17.5,17.5,17.5,17.5,0.0,1,1
S,2025-03-19,18.9,18.9,18.9,18.9,0.0,1,1
S,2025-03-20,17.0,17.0,17.0,17.0,0.0,1,1
S,2025-03-21,15.3,15.3,15.3,15.3,0.0,1,1
S,2025-03-22,15.2,15.2,15.2,15.2,0.0,1,1
S,2025-03-23,18.5,18.5,18.5,18.5,0.0,1,1
S,2025-03-24,20.5,20.5,20.5,20.5,0.0,1,1
S,2025-03-25,20.5,20.5,20.5,20.5,0.0,1,1
S,2025-03-26,15.4,15.4,15.4,15.4,0.0,1,1
S,2025-03-27,12.9,12.9,12.9,12.9,0.0,1,1
S,2025-03-28,18.7,18.7,18.7,18.7,0.0,1,1
S,2025-03-29,20.4,20.4,20.4,20.4,0.0,1,1
S,2025-03-30,22.7,22.7,22.7,22.7,0.0,1,1
S,2025-03-31,19.5,19.5,19.5,19.5,0.0,1,1
S,2025-04-01,20.6,20.6,20.6,20.6,0.0,1,1
S,2025-04-02,22.8,22.8,22.8,22.8,0.0,1,1
S,2025-04-03,19.8,19.8,19.8,19.8,0.0,1,1
S,2025-04-04,17.6,17.6,17.6,17.6,0.0,1,1
S,2025-04-05,21.4,21.4,21.4,21.4,0.0,1,1
S,2025-04-06,18.5,18.5,18.5,18.5,0.0,1,1
S,2025-04-07,19.1,19.1,19.1,19.1,0.0,1,1
S,2025-04-08,20.4,20.4,20.4,20.4,0.0,1,1
S,2025-04-09,16.3,16.3,16.3,16.3,0.0,1,1
S,2025-04-11,13.8,13.8,13.8,13.8,0.0,1,1
S,2025-04-12,14.0,14.0,14.0,14.0,0.0,1,1
S,2025-04-13,14.6,14.6,14.6,14.6,0.0,1,1
S,2025-04-15,14.7,14.7,14.7,14.7,0.0,1,1
S,2025-04-16,14.3,14.3,14.3,14.3,0.0,1,1
S,2025-04-17,13.4,13.4,13.4,13.4,0.0,1,1
S,2025-04-18,12.8,12.8,12.8,12.8,0.0,1,1
S,2025-04-19,12.9,12.9,12.9,12.9,0.0,1,1
S,2025-04-20,13.8,13.8,13.8,13.8,0.0,1,1
S,2025-04-21,13.5,13.5,13.5,13.5,0.0,1,1
S,2025-04-22,13.9,13.9,13.9,13.9,0.0,1,1
S,2025-04-25,15.0,15.0,15.0,15.0,0.0,1,1
S,2025-04-26,13.6,13.6,13.6,13.6,0.0,1,1
S,2025-04-27,14.8,14.8,14.8,14.8,0.0,1,1
S,2025-04-28,14.5,14.5,14.5,14.5,0.0,1,1
S,2025-04-29,14.6,14.6,14.6,14.6,0.0,1,1
S,2025-04-30,13.8,13.8,13.8,13.8,0.0,1,1
S,2025-05-01,13.2,13.2,13.2,13.2,0.0,1,1
S,2025-05-02,13.2,13.2,13.2,13.2,0.0,1,1
S,2025-05-03,12.3,12.3,12.3,12.3,0.0,1,1
S,2025-05-04,12.7,12.7,12.7,12.7,0.0,1,1
S,2025-05-05,13.5,13.5,13.5,13.5,0.0,1,1
S,2025-05-06,12.7,12.7,12.7,12.7,0.0,1,1
S,2025-05-07,12.4,12.4,12.4,12.4,0.0,1,1
S,2025-05-16,43.3,43.3,43.3,43.3,0.0,1,1
S,2025-05-17,37.4,37.4,37.4,37.4,0.0,1,1
S,2025-05-18,36.2,36.2,36.2,36.2,0.0,1,1
S,2025-05-19,34.5,34.5,34.5,34.5,0.0,1,1
S,2025-05-20,30.0,30.0,30.0,30.0,0.0,1,1
S,2025-05-21,39.4,39.4,39.4,39.4,0.0,1,1
S,2025-05-22,34.8,34.8,34.8,34.8,0.0,1,1
S,2025-05-23,32.8,32.8,32.8,32.8,0.0,1,1
S,2025-05-24,43.6,43.6,43.6,43.6,0.0,1,1
S,2025-05-25,35.5,35.5,35.5,35.5,0.0,1,1
S,2025-05-26,37.8,37.8,37.8,37.8,0.0,1,1
S,2025-05-27,29.4,29.4,29.4,29.4,0.0,1,1
S,2025-05-28,36.2,36.2,36.2,36.2,0.0,1,1
S,2025-05-29,39.3,39.3,39.3,39.3,0.0,1,1
S,2025-05-30,38.1,38.1,38.1,38.1,0.0,1,1
S,2025-05-31,52.6,52.6,52.6,52.6,0.0,1,1
S,2025-06-02,166.0,166.0,166.0,166.0,0.0,1,1
S,2025-06-03,191.0,191.0,191.0,191.0,0.0,1,1
S,2025-06-04,138.0,138.0,138.0,138.0,0.0,1,1
S,2025-06-05,143.0,143.0,143.0,143.0,0.0,1,1
S,2025-06-06,142.0,142.0,142.0,142.0,0.0,1,1
S,2025-06-07,169.0,169.0,169.0,169.0,0.0,1,1
S,2025-06-08,141.0,141.0,141.0,141.0,0.0,1,1
S,2025-06-09,131.0,131.0,131.0,131.0,0.0,1,1
S,2025-06-10,96.7,96.7,96.7,96.7,0.0,1,1
S,2025-06-11,96.8,96.8,96.8,96.8,0.0,1,1
S,2025-06-12,132.0,132.0,132.0,132.0,0.0,1,1
S,2025-06-13,136.0,136.0,136.0,136.0,0.0,1,1
S,2025-06-14,143.0,143.0,143.0,143.0,0.0,1,1
S,2025-06-15,139.0,139.0,139.0,139.0,0.0,1,1
S,2025-06-16,121.0,121.0,121.0,121.0,0.0,1,1
S,2025-06-17,96.9,96.9,96.9,96.9,0.0,1,1
S,2025-06-18,126.0,126.0,126.0,126.0,0.0,1,1
S,2025-06-19,90.5,90.5,90.5,90.5,0.0,1,1
S,2025-06-20,133.0,133.0,133.0,133.0,0.0,1,1
S,2025-06-21,117.0,117.0,117.0,117.0,0.0,1,1
S,2025-06-22,132.0,132.0,132.0,132.0,0.0,1,1
S,2025-06-23,129.0,129.0,129.0,129.0,0.0,1,1
S,2025-06-24,60.2,60.2,60.2,60.2,0.0,1,1
S,2025-06-25,125.0,125.0,125.0,125.0,0.0,1,1
S,2025-06-26,136.0,136.0,136.0,136.0,0.0,1,1
S,2025-06-27,142.0,142.0,142.0,142.0,0.0,1,1
S,2025-06-28,118.0,118.0,118.0,118.0,0.0,1,1
S,2025-06-29,101.0,101.0,101.0,101.0,0.0,1,1
S,2025-06-30,137.0,137.0,137.0,137.0,0.0,1,1
S,2025-07-01,91.6,91.6,91.6,91.6,0.0,1,1
S,2025-07-02,98.5,98.5,98.5,98.5,0.0,1,1
S,2025-07-03,132.0,132.0,132.0,132.0,0.0,1,1
S,2025-07-04,122.0,122.0,122.0,122.0,0.0,1,1
S,2025-07-05,143.0,143.0,143.0,143.0,0.0,1,1
S,2025-07-06,91.6,91.6,91.6,91.6,0.0,1,1
S,2025-07-07,128.0,128.0,128.0,128.0,0.0,1,1
S,2025-07-08,136.0,136.0,136.0,136.0,0.0,1,1
S,2025-07-09,134.0,134.0,134.0,134.0,0.0,1,1
S,2025-07-10,135.0,135.0,135.0,135.0,0.0,1,1
S,2025-07-11,129.0,129.0,129.0,129.0,0.0,1,1
S,2025-07-12,90.8,90.8,90.8,90.8,0.0,1,1
S,2025-07-13,137.0,137.0,137.0,137.0,0.0,1,1
S,2025-07-14,131.0,131.0,131.0,131.0,0.0,1,1
S,2025-07-15,131.0,131.0,131.0,131.0,0.0,1,1
S,2025-07-16,134.0,134.0,134.0,134.0,0.0,1,1
S,2025-07-17,136.0,136.0,136.0,136.0,0.0,1,1
S,2025-07-18,128.0,128.0,128.0,128.0,0.0,1,1
S,2025-07-19,93.5,93.5,93.5,93.5,0.0,1,1
S,2025-07-20,136.0,136.0,136.0,136.0,0.0,1,1
S,2025-07-21,133.0,133.0,133.0,133.0,0.0,1,1
S,2025-07-22,127.0,127.0,127.0,127.0,0.0,1,1
S,2025-07-23,129.0,129.0,129.0,129.0,0.0,1,1
S,2025-07-24,146.0,146.0,146.0,146.0,0.0,1,1
S,2025-07-25,89.7,89.7,89.7,89.7,0.0,1,1
S,2025-07-26,141.0,141.0,141.0,141.0,0.0,1,1
S,2025-07-27,136.0,136.0,136.0,136.0,0.0,1,1
S,2025-07-28,143.0,143.0,143.0,143.0,0.0,1,1
S,2025-07-29,135.0,135.0,135.0,135.0,0.0,1,1
S,2025-07-30,135.0,135.0,135.0,135.0,0.0,1,1
S,2025-08-03,14.5,14.5,14.5,14.5,0.0,1,1
S,2025-08-04,14.7,14.7,14.7,14.7,0.0,1,1
S,2025-08-05,14.5,14.5,14.5,14.5,0.0,1,1
S,2025-08-06,14.4,14.4,14.4,14.4,0.0,1,1
S,2025-08-07,15.4,15.4,15.4,15.4,0.0,1,1
S,2025-08-08,20.2,20.2,20.2,20.2,0.0,1,1
S,2025-08-09,20.4,20.4,20.4,20.4,0.0,1,1
S,2025-08-10,16.6,16.6,16.6,16.6,0.0,1,1
S,2025-08-11,40.6,40.6,40.6,40.6,0.0,1,1
S,2025-08-12,71.8,71.8,71.8,71.8,0.0,1,1
S,2025-08-13,6.51,6.51,6.51,6.51,0.0,1,1
S,2025-08-14,43.4,43.4,43.4,43.4,0.0,1,1
S,2025-08-15,18.2,18.2,18.2,18.2,0.0,1,1
S,2025-08-16,44.7,44.7,44.7,44.7,0.0,1,1
S,2025-08-17,97.1,97.1,97.1,97.1,0.0,1,1
S,2025-08-18,105.0,105.0,105.0,105.0,0.0,1,1
S,2025-08-19,93.6,93.6,93.6,93.6,0.0,1,1
S,2025-08-20,64.8,64.8,64.8,64.8,0.0,1,1
S,2025-08-21,112.0,112.0,112.0,112.0,0.0,1,1
S,2025-08-22,98.9,98.9,98.9,98.9,0.0,1,1
S,2025-08-23,159.0,159.0,159.0,159.0,0.0,1,1
S,2025-08-24,99.2,99.2,99.2,99.2,0.0,1,1
S,2025-08-25,51.2,51.2,51.2,51.2,0.0,1,1
S,2025-08-26,89.9,89.9,89.9,89.9,0.0,1,1
S,2025-08-27,92.7,92.7,92.7,92.7,0.0,1,1
S,2025-08-28,84.3,84.3,84.3,84.3,0.0,1,1
S,2025-08-29,15.7,15.7,15.7,15.7,0.0,1,1
S,2025-09-20,484.0,484.0,484.0,484.0,0.0,1,1
S,2025-09-21,13.4,13.4,13.4,13.4,0.0,1,1
S,2025-09-22,16.1,16.1,16.1,16.1,0.0,1,1
S,2025-09-23,19.3,19.3,19.3,19.3,0.0,1,1
S,2025-09-24,12.7,12.7,12.7,12.7,0.0,1,1
S,2025-09-25,16.4,16.4,16.4,16.4,0.0,1,1
S,2025-09-26,18.5,18.5,18.5,18.5,0.0,1,1
S,2025-09-27,18.5,18.5,18.5,18.5,0.0,1,1
S,2025-09-28,13.1,13.1,13.1,13.1,0.0,1,1
S,2025-09-29,16.5,16.5,16.5,16.5,0.0,1,1
S,2025-09-30,15.4,15.4,15.4,15.4,0.0,1,1
S,2025-10-01,14.2,14.2,14.2,14.2,0.0,1,1
S,2025-10-02,13.4,13.4,13.4,13.4,0.0,1,1
S,2025-10-03,14.3,14.3,14.3,14.3,0.0,1,1
S,2025-10-04,12.2,12.2,12.2,12.2,0.0,1,1
S,2025-10-05,20.0,20.0,20.0,20.0,0.0,1,1
S,2025-10-06,18.3,18.3,18.3,18.3,0.0,1,1
S,2025-10-10,57.5,57.5,57.5,57.5,0.0,1,1
S,2025-10-11,62.1,62.1,62.1,62.1,0.0,1,1
S,2025-10-13,126.0,126.0,126.0,126.0,0.0,1,1
S,2025-10-14,55.8,55.8,55.8,55.8,0.0,1,1
S,2025-10-15,64.4,64.4,64.4,64.4,0.0,1,1
S,2025-10-16,52.0,52.0,52.0,52.0,0.0,1,1
S,2025-10-17,41.7,41.7,41.7,41.7,0.0,1,1
S,2025-10-18,61.1,61.1,61.1,61.1,0.0,1,1
S,2025-10-20,143.0,143.0,143.0,143.0,0.0,1,1
S,2025-10-21,108.0,108.0,108.0,108.0,0.0,1,1
S,2025-10-22,63.2,63.2,63.2,63.2,0.0,1,1
S,2025-10-23,53.0,53.0,53.0,53.0,0.0,1,1
S,2025-10-24,25.8,25.8,25.8,25.8,0.0,1,1
S,2025-10-25,19.1,19.1,19.1,19.1,0.0,1,1
S,2025-10-26,21.8,21.8,21.8,21.8,0.0,1,1
S,2025-10-27,16.2,16.2,16.2,16.2,0.0,1,1
S,2025-10-28,27.9,27.9,27.9,27.9,0.0,1,1
S,2025-10-29,33.5,33.5,33.5,33.5,0.0,1,1
S,2025-10-30,23.5,23.5,23.5,23.5,0.0,1,1
S,2025-10-31,21.5,21.5,21.5,21.5,0.0,1,1
S,2025-11-01,20.6,20.6,20.6,20.6,0.0,1,1
S,2025-11-02,19.5,19.5,19.5,19.5,0.0,1,1
S,2025-11-03,20.2,20.2,20.2,20.2,0.0,1,1
S,2025-11-04,25.5,25.5,25.5,25.5,0.0,1,1
S,2025-11-05,24.7,24.7,24.7,24.7,0.0,1,1
S,2025-11-06,53.1,53.1,53.1,53.1,0.0,1,1
S,2025-11-07,60.1,60.1,60.1,60.1,0.0,1,1
S,2025-11-08,41.1,41.1,41.1,41.1,0.0,1,1
S,2025-11-09,39.5,39.5,39.5,39.5,0.0,1,1
S,2025-11-10,60.3,60.3,60.3,60.3,0.0,1,1
S,2025-11-11,60.3,60.3,60.3,60.3,0.0,1,1
S,2025-11-12,61.6,61.6,61.6,61.6,0.0,1,1
S,2025-11-13,59.8,59.8,59.8,59.8,0.0,1,1
S,2025-11-14,66.5,66.5,66.5,66.5,0.0,1,1
S,2025-11-15,66.8,66.8,66.8,66.8,0.0,1,1
S,2025-11-16,66.9,66.9,66.9,66.9,0.0,1,1
S,2025-11-17,76.8,76.8,76.8,76.8,0.0,1,1
S,2025-11-18,82.8,82.8,82.8,82.8,0.0,1,1
S,2025-11-19,81.0,81.0,81.0,81.0,0.0,1,1
S,2025-11-20,75.0,75.0,75.0,75.0,0.0,1,1
S,2025-11-21,86.0,86.0,86.0,86.0,0.0,1,1
S,2025-11-22,87.3,87.3,87.3,87.3,0.0,1,1
S,2025-11-23,93.4,93.4,93.4,93.4,0.0,1,1
S,2025-11-24,92.9,92.9,92.9,92.9,0.0,1,1
S,2025-11-25,106.0,106.0,106.0,106.0,0.0,1,1
S,2025-11-26,85.6,85.6,85.6,85.6,0.0,1,1
S,2025-11-27,47.1,47.1,47.1,47.1,0.0,1,1
S,2025-11-28,39.0,39.0,39.0,39.0,0.0,1,1
S,2025-11-29,29.3,29.3,29.3,29.3,0.0,1,1
S,2025-11-30,28.6,28.6,28.6,28.6,0.0,1,1
S,2025-12-01,35.6,35.6,35.6,35.6,0.0,1,1
S,2025-12-02,34.2,34.2,34.2,34.2,0.0,1,1
S,2025-12-03,36.9,36.9,36.9,36.9,0.0,1,1
S,2025-12-04,38.8,38.8,38.8,38.8,0.0,1,1
S,2025-12-05,34.9,34.9,34.9,34.9,0.0,1,1
S,2025-12-06,32.8,32.8,32.8,32.8,0.0,1,1
S,2025-12-07,36.2,36.2,36.2,36.2,0.0,1,1
S,2025-12-09,16.5,16.5,16.5,16.5,0.0,1,1
S,2025-12-10,17.9,17.9,17.9,17.9,0.0,1,1
S,2025-12-11,18.0,18.0,18.0,18.0,0.0,1,1
S,2025-12-12,210.0,210.0,210.0,210.0,0.0,1,1
S,2025-12-13,394.0,394.0,394.0,394.0,0.0,1,1
S,2025-12-14,394.0,394.0,394.0,394.0,0.0,1,1
S,2025-12-15,394.0,394.0,394.0,394.0,0.0,1,1
S,2025-12-16,394.0,394.0,394.0,394.0,0.0,1,1
S,2025-12-17,394.0,394.0,394.0,394.0,0.0,1,1
S,2025-12-18,394.0,394.0,394.0,394.0,0.0,1,1
S,2025-12-22,94.3,94.3,94.3,94.3,0.0,1,1
S,2025-12-23,78.2,78.2,78.2,78.2,0.0,1,1
S,2025-12-24,61.9,61.9,61.9,61.9,0.0,1,1
S,2025-12-25,93.1,93.1,93.1,93.1,0.0,1,1
S,2025-12-26,110.0,110.0,110.0,110.0,0.0,1,1
S,2025-12-28,73.0,73.0,73.0,73.0,0.0,1,1
S,2025-12-29,81.3,81.3,81.3,81.3,0.0,1,1
S,2025-12-30,84.3,84.3,84.3,84.3,0.0,1,1
S,2025-12-31,51.7,51.7,51.7,51.7,0.0,1,1
S,2026-01-01,13.1,13.1,13.1,13.1,0.0,1,1
S,2026-01-02,19.8,19.8,19.8,19.8,0.0,1,1
S,2026-01-03,19.8,19.8,19.8,19.8,0.0,1,1
S,2026-01-04,24.1,24.1,24.1,24.1,0.0,1,1
S,2026-01-05,21.8,21.8,21.8,21.8,0.0,1,1
S,2026-01-06,27.1,27.1,27.1,27.1,0.0,1,1
S,2026-01-07,24.5,24.5,24.5,24.5,0.0,1,1
S,2026-01-08,18.2,18.2,18.2,18.2,0.0,1,1
S,2026-01-09,17.1,17.1,17.1,17.1,0.0,1,1
S,2026-01-10,17.1,17.1,17.1,17.1,0.0,1,1
S,2026-01-20,18.9,18.9,18.9,18.9,0.0,1,1
S,2026-01-21,20.1,20.1,20.1,20.1,0.0,1,1
S,2026-01-22,20.5,20.5,20.5,20.5,0.0,1,1
S,2026-01-23,21.5,21.5,21.5,21.5,0.0,1,1
S,2026-01-24,21.3,21.3,21.3,21.3,0.0,1,1
S,2026-01-26,47.9,47.9,47.9,47.9,0.0,1,1
S,2026-01-27,27.3,27.3,27.3,27.3,0.0,1,1
S,2026-01-28,19.9,19.9,19.9,19.9,0.0,1,1
S,2026-01-29,32.9,32.9,32.9,32.9,0.0,1,1
S,2026-01-30,44.0,44.0,44.0,44.0,0.0,1,1
S,2026-01-31,40.9,40.9,40.9,40.9,0.0,1,1
S,2026-02-01,47.9,47.9,47.9,47.9,0.0,1,1
S,2026-02-02,51.4,51.4,51.4,51.4,0.0,1,1
S,2026-02-03,49.3,49.3,49.3,49.3,0.0,1,1
S,2026-02-04,44.7,44.7,44.7,44.7,0.0,1,1
S,2026-02-05,44.6,44.6,44.6,44.6,0.0,1,1
S,2026-02-06,42.1,42.1,42.1,42.1,0.0,1,1
S,2026-02-07,37.5,37.5,37.5,37.5,0.0,1,1
S,2026-02-08,35.5,35.5,35.5,35.5,0.0,1,1
S,2026-02-09,39.4,39.4,39.4,39.4,0.0,1,1
S,2026-02-10,36.0,36.0,36.0,36.0,0.0,1,1
S,2026-02-11,41.2,41.2,41.2,41.2,0.0,1,1
S,2026-02-12,40.0,40.0,40.0,40.0,0.0,1,1
S,2026-02-13,42.1,42.1,42.1,42.1,0.0,1,1
S,2026-02-14,77.8,77.8,77.8,77.8,0.0,1,1
S,2026-02-15,37.8,37.8,37.8,37.8,0.0,1,1
S,2026-02-16,27.2,27.2,27.2,27.2,0.0,1,1
S,2026-02-17,123.0,123.0,123.0,123.0,0.0,1,1
S,2026-02-18,102.0,102.0,102.0,102.0,0.0,1,1
S,2026-02-19,105.0,105.0,105.0,105.0,0.0,1,1
S,2026-02-20,139.0,139.0,139.0,139.0,0.0,1,1
S,2026-02-21,131.0,131.0,131.0,131.0,0.0,1,1
S,2026-02-23,109.0,109.0,109.0,109.0,0.0,1,1
S,2026-02-24,127.0,127.0,127.0,127.0,0.0,1,1
S,2026-02-25,130.0,130.0,130.0,130.0,0.0,1,1
S,2026-02-26,7.69,7.69,7.69,7.69,0.0,1,1
S,2026-02-27,24.7,24.7,24.7,24.7,0.0,1,1
S,2026-02-28,24.3,24.3,24.3,24.3,0.0,1,1
S,2026-03-01,25.8,25.8,25.8,25.8,0.0,1,1
S,2026-03-02,29.7,29.7,29.7,29.7,0.0,1,1
S,2026-03-03,74.5,74.5,74.5,74.5,0.0,1,1
S,2026-03-04,46.2,46.2,46.2,46.2,0.0,1,1
S,2026-03-05,31.2,31.2,31.2,31.2,0.0,1,1
S,2026-03-06,36.4,36.4,36.4,36.4,0.0,1,1
S,2026-03-07,34.7,34.7,34.7,34.7,0.0,1,1
S,2026-03-08,55.9,55.9,55.9,55.9,0.0,1,1
S,2026-03-09,58.3,58.3,58.3,58.3,0.0,1,1
S,2026-03-10,58.4,58.4,58.4,58.4,0.0,1,1
S,2026-03-11,66.8,66.8,66.8,66.8,0.0,1,1
S,2026-03-12,47.8,47.8,47.8,47.8,0.0,1,1
S,2026-03-13,33.2,33.2,33.2,33.2,0.0,1,1
S,2026-03-14,23.3,23.3,23.3,23.3,0.0,1,1
S,2026-03-15,25.2,25.2,25.2,25.2,0.0,1,1
S,2026-03-16,20.2,20.2,20.2,20.2,0.0,1,1
S,2026-03-17,21.5,21.5,21.5,21.5,0.0,1,1
S,2026-03-18,19.4,19.4,19.4,19.4,0.0,1,1
S,2026-03-19,11.9,11.9,11.9,11.9,0.0,1,1
S,2026-03-20,20.5,20.5,20.5,20.5,0.0,1,1
S,2026-03-21,25.4,25.4,25.4,25.4,0.0,1,1
S,2026-03-22,52.2,52.2,52.2,52.2,0.0,1,1
S,2026-03-23,45.8,45.8,45.8,45.8,0.0,1,1
S,2026-03-24,37.6,37.6,37.6,37.6,0.0,1,1
S,2026-03-25,30.4,30.4,30.4,30.4,0.0,1,1
S,2026-03-26,30.3,30.3,30.3,30.3,0.0,1,1
S,2026-03-27,42.1,42.1,42.1,42.1,0.0,1,1
S,2026-03-28,21.8,21.8,21.8,21.8,0.0,1,1
S,2026-03-30,15.4,15.4,15.4,15.4,0.0,1,1
S,2026-03-31,7.41,7.41,7.41,7.41,0.0,1,1
S,2026-04-01,16.2,16.2,16.2,16.2,0.0,1,1
S,2026-04-02,12.8,12.8,12.8,12.8,0.0,1,1
S,2026-04-03,30.6,30.6,30.6,30.6,0.0,1,1
S,2026-04-04,13.0,13.0,13.0,13.0,0.0,1,1
S,2026-04-05,13.8,13.8,13.8,13.8,0.0,1,1
S,2026-04-06,15.0,15.0,15.0,15.0,0.0,1,1
S,2026-04-07,15.0,15.0,15.0,15.0,0.0,1,1
S,2026-04-08,15.3,15.3,15.3,15.3,0.0,1,1
S,2026-04-09,23.1,23.1,23.1,23.1,0.0,1,1
S,2026-04-10,36.8,36.8,36.8,36.8,0.0,1,1
S,2026-04-11,43.4,43.4,43.4,43.4,0.0,1,1
S,2026-04-12,36.6,36.6,36.6,36.6,0.0,1,1
S,2026-04-13,33.8,33.8,33.8,33.8,0.0,1,1
S,2026-04-14,40.4,40.4,40.4,40.4,0.0,1,1
S,2026-04-15,19.6,19.6,19.6,19.6,0.0,1,1
S,2026-04-16,19.5,19.5,19.5,19.5,0.0,1,1
S,2026-04-17,20.3,20.3,20.3,20.3,0.0,1,1
S,2026-04-18,28.8,28.8,28.8,28.8,0.0,1,1
S,2026-04-19,25.6,25.6,25.6,25.6,0.0,1,1
S,2026-04-20,24.6,24.6,24.6,24.6,0.0,1,1
S,2026-04-21,32.6,32.6,32.6,32.6,0.0,1,1
S,2026-04-22,24.8,24.8,24.8,24.8,0.0,1,1
S,2026-04-23,26.0,26.0,26.0,26.0,0.0,1,1
S,2026-04-24,22.9,22.9,22.9,22.9,0.0,1,1
S,2026-04-28,218.0,218.0,218.0,218.0,0.0,1,1
S,2026-04-29,21.0,21.0,21.0,21.0,0.0,1,1
S,2026-04-30,17.4,17.4,17.4,17.4,0.0,1,1
S,2026-05-01,100.0,100.0,100.0,100.0,0.0,1,1
S,2026-05-07,145.0,145.0,145.0,145.0,0.0,1,1
S,2026-05-09,26.5,26.5,26.5,26.5,0.0,1,1
S,2026-05-10,26.1,26.1,26.1,26.1,0.0,1,1
S,2026-05-11,21.6,21.6,21.6,21.6,0.0,1,1
S,2026-05-12,16.9,16.9,16.9,16.9,0.0,1,1
S,2026-05-13,12.5,12.5,12.5,12.5,0.0,1,1
S,2026-05-14,10.6,10.6,10.6,10.6,0.0,1,1
S,2026-05-15,9.89,9.89,9.89,9.89,0.0,1,1
S,2026-05-16,5.84,5.84,5.84,5.84,0.0,1,1
S,2026-05-17,8.28,8.28,8.28,8.28,0.0,1,1
S,2026-05-18,10.4,10.4,10.4,10.4,0.0,1,1
S,2026-05-19,10.6,10.6,10.6,10.6,0.0,1,1
S,2026-05-20,7.69,7.69,7.69,7.69,0.0,1,1
S,2026-05-21,6.21,6.21,6.21,6.21,0.0,1,1
S,2026-05-22,6.85,6.85,6.85,6.85,0.0,1,1
S,2026-05-23,449.0,449.0,449.0,449.0,0.0,1,1
S,2026-05-24,2.17,2.17,2.17,2.17,0.0,1,1
S,2026-05-25,3.04,3.04,3.04,3.04,0.0,1,1
S,2026-05-26,3.6,3.6,3.6,3.6,0.0,1,1
S,2026-05-27,4.3,4.3,4.3,4.3,0.0,1,1
S,2026-05-28,5.64,5.64,5.64,5.64,0.0,1,1
S,2026-05-29,8.22,8.22,8.22,8.22,0.0,1,1
S,2026-05-30,9.29,9.29,9.29,9.29,0.0,1,1
S,2026-05-31,5.76,5.76,5.76,5.76,0.0,1,1
S,2026-06-02,12.1,12.1,12.1,12.1,0.0,1,1
S,2026-06-03,11.6,11.6,11.6,11.6,0.0,1,1
S,2026-06-04,11.6,11.6,11.6,11.6,0.0,1,1
S,2026-06-05,10.9,10.9,10.9,10.9,0.0,1,1
S,2026-06-06,10.7,10.7,10.7,10.7,0.0,1,1
S,2026-06-07,13.0,13.0,13.0,13.0,0.0,1,1
S,2026-06-08,12.9,12.9,12.9,12.9,0.0,1,1
S,2026-06-09,15.4,15.4,15.4,15.4,0.0,1,1
S,2026-06-10,14.6,14.6,14.6,14.6,0.0,1,1
S,2026-06-11,12.2,12.2,12.2,12.2,0.0,1,1
S,2026-06-12,11.3,11.3,11.3,11.3,0.0,1,1
S,2026-06-13,10.8,10.8,10.8,10.8,0.0,1,1
S,2026-06-14,7.33,7.33,7.33,7.33,0.0,1,1
S,2026-06-15,6.9,6.9,6.9,6.9,0.0,1,1
S,2026-06-16,8.03,8.03,8.03,8.03,0.0,1,1
S,2026-06-17,7.22,7.22,7.22,7.22,0.0,1,1
S,2026-06-18,6.23,6.23,6.23,6.23,0.0,1,1
S,2026-06-19,6.74,6.74,6.74,6.74,0.0,1,1
S,2026-06-20,7.04,7.04,7.04,7.04,0.0,1,1
S,2026-06-21,5.1,5.1,5.1,5.1,0.0,1,1
S,2026-06-22,112.0,112.0,112.0,112.0,0.0,1,1
S,2026-06-23,7.43,7.43,7.43,7.43,0.0,1,1
S,2026-06-25,10.4,10.4,10.4,10.4,0.0,1,1
S,2026-06-26,154.0,154.0,154.0,154.0,0.0,1,1
S,2026-07-20,5.58,5.58,5.58,5.58,0.0,1,1
S,2026-07-21,5.88,5.88,5.88,5.88,0.0,1,1
S,2026-07-22,3.61,3.61,3.61,3.61,0.0,1,1
S,2026-07-23,3.02,3.02,3.02,3.02,0.0,1,1
S,2026-07-24,5.22,5.22,5.22,5.22,0.0,1,1
S,2026-07-25,4.4,4.4,4.4,4.4,0.0,1,1
S,2026-07-26,3.81,3.81,3.81,3.81,0.0,1,1
S,2026-07-27,3.81,3.81,3.81,3.81,0.0,1,1
S,2026-07-28,4.82,4.82,4.82,4.82,0.0,1,1
S,2026-07-29,4.74,4.74,4.74,4.74,0.0,1,1
S,2026-07-30,5.61,5.61,5.61,5.61,0.0,1,1
S,2026-07-31,4.47,4.47,4.47,4.47,0.0,1,1
S,2026-08-01,8.39,8.39,8.39,8.39,0.0,1,1
S,2026-08-02,8.19,8.19,8.19,8.19,0.0,1,1
S,2026-08-18,4.97,4.97,4.97,4.97,0.0,1,1
S,2026-08-19,9.89,9.89,9.89,9.89,0.0,1,1
S,2026-08-20,9.19,9.19,9.19,9.19,0.0,1,1
S,2026-08-25,6.64,6.64,6.64,6.64,0.0,1,1
S,2026-08-26,10.2,10.2,10.2,10.2,0.0,1,1
S,2026-08-27,11.0,11.0,11.0,11.0,0.0,1,1
S,2026-08-28,11.2,11.2,11.2,11.2,0.0,1,1
S,2026-08-29,10.8,10.8,10.8,10.8,0.0,1,1
S,2026-08-30,23.0,23.0,23.0,23.0,0.0,1,1
S,2026-08-31,10.6,10.6,10.6,10.6,0.0,1,1
S,2026-09-01,9.02,9.02,9.02,9.02,0.0,1,1
S,2026-09-02,9.67,9.67,9.67,9.67,0.0,1,1
S,2026-09-03,10.1,10.1,10.1,10.1,0.0,1,1
S,2026-09-04,9.8,9.8,9.8,9.8,0.0,1,1
S,2026-09-05,15.2,15.2,15.2,15.2,0.0,1,1
S,2026-09-06,15.3,15.3,15.3,15.3,0.0,1,1
S,2026-09-07,15.4,15.4,15.4,15.4,0.0,1,1
S,2026-09-08,16.0,16.0,16.0,16.0,0.0,1,1
S,2026-09-09,15.6,15.6,15.6,15.6,0.0,1,1
S,2026-09-10,56.7,56.7,56.7,56.7,0.0,1,1
S,2026-09-11,79.6,79.6,79.6,79.6,0.0,1,1
S,2026-09-12,47.8,47.8,47.8,47.8,0.0,1,1
S,2026-09-13,11.8,11.8,11.8,11.8,0.0,1,1
S,2026-09-14,8.08,8.08,8.08,8.08,0.0,1,1
S,2026-09-15,6.94,6.94,6.94,6.94,0.0,1,1
T,2025-02-19,31.7,31.7,31.4,32.0,0.4242640687119295,2,2
T,2025-02-20,36.2,36.2,35.2,37.2,1.4142135623730951,2,2
T,2025-02-21,29.95,29.95,28.9,31.0,1.4849242404917509,2,2
T,2025-02-22,35.2,35.2,25.7,44.7,13.435028842544407,2,2
T,2025-02-23,34.6,34.6,31.3,37.9,4.666904755831213,2,2
T,2025-02-24,31.2,31.2,27.6,34.8,5.091168824543139,2,2
T,2025-02-25,34.65,34.65,31.0,38.3,5.161879502661795,2,2
T,2025-02-26,38.9,38.9,37.9,39.9,1.4142135623730951,2,2
T,2025-02-27,40.3,40.3,39.1,41.5,1.6970562748477156,2,2
T,2025-02-28,41.15,41.15,40.5,41.8,0.9192388155425097,2,2
T,2025-03-01,35.6,35.6,34.7,36.5,1.2727922061357835,2,2
T,2025-03-02,29.25,29.25,24.2,34.3,7.14177848998413,2,2
T,2025-03-03,36.400000000000006,36.400000000000006,35.2,37.6,1.6970562748477156,2,2
T,2025-03-04,33.15,33.15,26.9,39.4,8.838834764831844,2,2
T,2025-03-05,31.05,31.05,21.9,40.2,12.940054095713823,2,2
T,2025-03-06,31.15,31.15,25.8,36.5,7.566042558696057,2,2
T,2025-03-07,41.849999999999994,41.849999999999994,41.3,42.4,0.7778174593052007,2,2
T,2025-03-08,42.8,42.8,42.8,42.8,0.0,1,1
T,2025-03-09,44.7,44.7,44.7,44.7,0.0,1,1
T,2025-03-10,50.2,50.2,50.2,50.2,0.0,1,1
T,2025-03-11,48.6,48.6,44.0,53.2,6.5053823869162395,2,2
T,2025-03-12,45.5,45.5,41.3,49.7,5.9396969619670035,2,2
T,2025-03-13,249.4,249.4,36.8,462.0,300.66180336052,2,2
T,2025-03-14,270.5,270.5,41.0,500.0,324.5620125646253,2,2
T,2025-03-15,260.05,260.05,20.1,500.0,339.3405442914241,2,2
T,2025-03-16,262.25,262.25,24.5,500.0,336.22927445420333,2,2
T,2025-03-17,165.2,165.2,30.4,300.0,190.6359882078932,2,2
T,2025-03-18,25.700000000000003,25.700000000000003,25.1,26.3,0.8485281374238578,2,2
T,2025-03-19,28.35,28.35,28.3,28.4,0.0707106781186545,2,2
T,2025-03-20,24.3,24.3,22.1,26.5,3.1112698372208083,2,2
T,2025-03-21,22.95,22.95,16.9,29.0,8.555992052357226,2,2
T,2025-03-22,16.5,16.5,16.5,16.5,0.0,2,2
T,2025-03-23,28.0,28.0,28.0,28.0,0.0,1,1
T,2025-03-24,34.5,34.5,34.5,34.5,0.0,1,1
T,2025-03-25,30.549999999999997,30.549999999999997,28.2,32.9,3.3234018715767744,2,2
T,2025-03-26,20.549999999999997,20.549999999999997,18.7,22.4,2.6162950903902242,2,2
T,2025-03-27,11.2,11.2,10.5,11.9,0.9899494936611675,2,2
T,2025-03-28,30.849999999999998,30.849999999999998,22.4,39.3,11.950104602052653,2,2
T,2025-03-29,37.349999999999994,37.349999999999994,32.3,42.4,7.141778489984128,2,2
T,2025-03-30,41.9,41.9,39.4,44.4,3.5355339059327378,2,2
T,2025-03-31,32.55,32.55,28.9,36.2,5.161879502661797,2,2
T,2025-04-01,36.8,36.8,31.0,42.6,8.20243866176395,2,2
T,2025-04-02,39.0,39.0,37.8,40.2,1.697056274847718,2,2
T,2025-04-03,27.8,27.8,27.8,27.8,0.0,1,1
T,2025-04-04,32.6,32.6,32.6,32.6,0.0,1,1
T,2025-04-05,37.5,37.5,37.5,37.5,0.0,1,1
T,2025-04-06,29.9,29.9,29.9,29.9,0.0,1,1
T,2025-04-07,34.6,34.6,34.6,34.6,0.0,1,1
T,2025-04-08,35.4,35.4,35.4,35.4,0.0,1,1
T,2025-04-09,19.0,19.0,19.0,19.0,0.0,1,1
T,2025-04-11,16.45,16.45,13.5,19.4,4.171930009000629,2,2
T,2025-04-12,15.45,15.45,13.7,17.2,2.4748737341529163,2,2
T,2025-04-13,18.3,18.3,15.5,21.1,3.959797974644667,2,2
T,2025-04-14,16.8,16.8,14.9,18.7,2.6870057685088793,2,2
T,2025-04-15,17.0,17.0,16.9,17.1,0.14142135623731153,2,2
T,2025-04-16,15.9,15.9,14.5,17.3,1.9798989873223336,2,2
T,2025-04-17,15.25,15.25,12.9,17.6,3.3234018715767735,2,2
T,2025-04-18,14.399999999999999,14.399999999999999,11.9,16.9,3.535533905932736,2,2
T,2025-04-19,13.649999999999999,13.649999999999999,10.6,16.7,4.313351365237939,2,2
T,2025-04-20,22.5,22.5,22.5,22.5,0.0,1,1
T,2025-04-21,21.6,21.6,21.6,21.6,0.0,1,1
T,2025-04-22,36.5,36.5,36.5,36.5,0.0,1,1
T,2025-04-23,36.3,36.3,36.3,36.3,0.0,1,1
T,2025-04-24,24.8,24.8,24.8,24.8,0.0,1,1
T,2025-04-25,16.65,16.65,14.1,19.2,3.6062445840513915,2,2
T,2025-04-26,16.85,16.85,13.8,19.9,4.313351365237939,2,2
T,2025-04-27,22.8,22.8,22.8,22.8,0.0,1,1
T,2025-04-28,20.45,20.45,16.2,24.7,6.010407640085654,2,2
T,2025-04-29,18.95,18.95,15.0,22.9,5.586143571373724,2,2
T,2025-04-30,34.4,34.4,20.3,48.5,19.94041122946064,2,2
T,2025-05-01,15.450000000000001,15.450000000000001,13.3,17.6,3.040559159102155,2,2
T,2025-05-02,15.25,15.25,12.9,17.6,3.3234018715767735,2,2
T,2025-05-03,22.4,22.4,13.5,31.3,12.586500705120548,2,2
T,2025-05-04,13.65,13.65,11.9,15.4,2.4748737341529163,2,2
T,2025-05-05,16.6,16.6,13.9,19.3,3.8183766184073575,2,2
T,2025-05-06,14.3,14.3,12.6,16.0,2.404163056034262,2,2
T,2025-05-07,11.15,11.15,10.3,12.0,1.2020815280171302,2,2
T,2025-05-08,23.4,23.4,10.5,36.3,18.243354954612926,2,2
T,2025-05-09,10.34,10.34,8.38,12.3,2.7718585822512654,2,2
T,2025-05-10,10.14,10.14,8.48,11.8,2.3475945135393377,2,2
T,2025-05-11,12.25,12.25,11.4,13.1,1.2020815280171302,2,2
T,2025-05-12,14.05,14.05,13.7,14.4,0.4949747468305834,2,2
T,2025-05-13,23.65,23.65,15.8,31.5,11.101576464628797,2,2
T,2025-05-14,55.15,55.15,26.3,84.0,40.800061274463786,2,2
T,2025-05-15,37.2,37.2,24.1,50.3,18.52619766708754,2,2
T,2025-05-16,19.700000000000003,19.700000000000003,17.8,21.6,2.6870057685088797,2,2
T,2025-05-17,51.0,51.0,17.4,84.6,47.51757569573599,2,2
T,2025-05-18,18.549999999999997,18.549999999999997,16.7,20.4,2.6162950903902265,2,2
T,2025-05-19,19.1,19.1,19.1,19.1,0.0,1,1
T,2025-05-20,18.1,18.1,18.1,18.1,0.0,1,1
T,2025-05-21,13.0,13.0,13.0,13.0,0.0,1,1
T,2025-05-22,15.935,15.935,6.77,25.1,12.961267299149418,2,2
T,2025-05-23,51.15,51.15,14.8,87.5,51.406662992262,2,2
T,2025-05-24,35.4,35.4,21.2,49.6,20.081832585697953,2,2
T,2025-05-25,32.2,32.2,32.2,32.2,0.0,1,1
T,2025-05-26,20.9,20.9,20.9,20.9,0.0,1,1
T,2025-05-28,20.2,20.2,20.2,20.2,0.0,1,1
T,2025-05-29,23.6,23.6,14.2,33.0,13.293607486307092,2,2
T,2025-05-30,32.25,32.25,0.0,64.5,45.608387386532314,2,2
T,2025-05-31,65.3,65.3,65.3,65.3,0.0,1,1
T,2025-06-01,20.7,20.7,20.7,20.7,0.0,1,1
T,2025-06-02,24.9,24.9,24.9,24.9,0.0,1,1
T,2025-06-03,25.6,25.6,25.6,25.6,0.0,1,1
T,2025-06-04,21.1,21.1,21.1,21.1,0.0,1,1
T,2025-06-05,38.3,38.3,38.3,38.3,0.0,1,1
T,2025-06-06,47.6,47.6,47.6,47.6,0.0,1,1
T,2025-06-07,35.3,35.3,35.3,35.3,0.0,1,1
T,2025-06-08,32.5,32.5,32.5,32.5,0.0,1,1
T,2025-06-09,26.3,26.3,26.3,26.3,0.0,1,1
T,2025-06-10,21.4,21.4,21.4,21.4,0.0,1,1
T,2025-06-11,16.6,16.6,16.6,16.6,0.0,1,1
T,2025-06-12,15.0,15.0,15.0,15.0,0.0,1,1
T,2025-06-13,62.3,62.3,62.3,62.3,0.0,1,1
T,2025-06-14,23.5,23.5,23.5,23.5,0.0,1,1
T,2025-06-15,20.3,20.3,20.3,20.3,0.0,1,1
T,2025-06-16,14.7,14.7,14.7,14.7,0.0,1,1
T,2025-06-17,23.9,23.9,23.9,23.9,0.0,1,1
T,2025-06-18,16.5,16.5,16.5,16.5,0.0,1,1
T,2025-06-19,18.0,18.0,18.0,18.0,0.0,1,1
T,2025-06-20,18.0,18.0,18.0,18.0,0.0,1,1
T,2025-06-21,16.1,16.1,16.1,16.1,0.0,1,1
T,2025-06-23,23.2,23.2,23.2,23.2,0.0,1,1
T,2025-06-24,20.8,20.8,20.8,20.8,0.0,1,1
T,2025-06-25,26.6,26.6,26.6,26.6,0.0,1,1
T,2025-06-26,23.6,23.6,23.6,23.6,0.0,1,1
T,2025-06-27,24.8,24.8,24.8,24.8,0.0,1,1
T,2025-06-28,27.0,27.0,27.0,27.0,0.0,1,1
T,2025-06-29,22.7,22.7,22.7,22.7,0.0,1,1
T,2025-06-30,23.8,23.8,23.8,23.8,0.0,1,1
T,2025-07-01,20.3,20.3,20.3,20.3,0.0,1,1
T,2025-07-02,18.3,18.3,18.3,18.3,0.0,1,1
T,2025-07-03,18.2,18.2,18.2,18.2,0.0,1,1
T,2025-07-04,21.2,21.2,21.2,21.2,0.0,1,1
T,2025-07-05,22.4,22.4,22.4,22.4,0.0,1,1
T,2025-07-06,20.4,20.4,20.4,20.4,0.0,1,1
T,2025-07-07,22.0,22.0,22.0,22.0,0.0,1,1
T,2025-07-08,18.1,18.1,18.1,18.1,0.0,1,1
T,2025-07-09,25.6,25.6,25.6,25.6,0.0,1,1
T,2025-07-10,22.6,22.6,22.6,22.6,0.0,1,1
T,2025-07-11,22.0,22.0,22.0,22.0,0.0,1,1
T,2025-07-12,19.9,19.9,19.9,19.9,0.0,1,1
T,2025-07-13,17.6,17.6,17.6,17.6,0.0,1,1
T,2025-07-14,14.5,14.5,14.5,14.5,0.0,1,1
T,2025-07-15,19.8,19.8,19.8,19.8,0.0,1,1
T,2025-07-16,18.9,18.9,18.9,18.9,0.0,1,1
T,2025-07-17,23.9,23.9,23.9,23.9,0.0,1,1
T,2025-07-18,22.6,22.6,22.6,22.6,0.0,1,1
T,2025-07-19,72.1,72.1,72.1,72.1,0.0,1,1
T,2025-07-20,18.3,18.3,18.3,18.3,0.0,1,1
T,2025-07-21,16.8,16.8,16.8,16.8,0.0,1,1
T,2025-07-22,17.2,17.2,17.2,17.2,0.0,1,1
T,2025-07-23,20.4,20.4,20.4,20.4,0.0,1,1
T,2025-07-24,22.1,22.1,22.1,22.1,0.0,1,1
T,2025-07-25,310.0,310.0,310.0,310.0,0.0,1,1
T,2025-07-29,20.6,20.6,20.6,20.6,0.0,1,1
T,2025-07-30,22.4,22.4,22.4,22.4,0.0,1,1
T,2025-07-31,31.1,31.1,31.1,31.1,0.0,1,1
T,2025-08-01,82.0,82.0,82.0,82.0,0.0,1,1
T,2025-08-02,19.3,19.3,19.3,19.3,0.0,1,1
T,2025-08-03,19.0,19.0,19.0,19.0,0.0,1,1
T,2025-08-04,18.9,18.9,18.9,18.9,0.0,1,1
T,2025-08-05,18.5,18.5,18.5,18.5,0.0,1,1
T,2025-08-06,23.4,23.4,23.4,23.4,0.0,1,1
T,2025-08-07,20.5,20.5,20.5,20.5,0.0,1,1
T,2025-08-08,25.7,25.7,25.7,25.7,0.0,1,1
T,2025-08-09,27.9,27.9,27.9,27.9,0.0,1,1
T,2025-08-10,20.5,20.5,20.5,20.5,0.0,1,1
T,2025-08-11,21.7,21.7,21.7,21.7,0.0,1,1
T,2025-08-12,17.0,17.0,17.0,17.0,0.0,1,1
T,2025-08-13,16.2,16.2,16.2,16.2,0.0,1,1
T,2025-08-14,67.9,67.9,67.9,67.9,0.0,1,1
T,2025-08-15,15.5,15.5,15.5,15.5,0.0,1,1
T,2025-08-16,11.8,11.8,11.8,11.8,0.0,1,1
T,2025-08-17,16.5,16.5,16.5,16.5,0.0,1,1
T,2025-08-18,15.7,15.7,15.7,15.7,0.0,1,1
T,2025-08-19,12.3,12.3,12.3,12.3,0.0,1,1
T,2025-08-20,17.8,17.8,17.8,17.8,0.0,1,1
T,2025-08-21,19.3,19.3,19.3,19.3,0.0,1,1
T,2025-08-22,53.2,53.2,53.2,53.2,0.0,1,1
T,2025-08-23,18.3,18.3,18.3,18.3,0.0,1,1
T,2025-08-24,16.0,16.0,16.0,16.0,0.0,1,1
T,2025-08-25,17.4,17.4,17.4,17.4,0.0,1,1
T,2025-08-26,17.8,17.8,17.8,17.8,0.0,1,1
T,2025-08-27,17.0,17.0,17.0,17.0,0.0,1,1
T,2025-08-28,20.2,20.2,20.2,20.2,0.0,1,1
T,2025-08-29,23.5,23.5,23.5,23.5,0.0,1,1
T,2025-08-30,20.0,20.0,20.0,20.0,0.0,1,1
T,2025-08-31,20.3,20.3,20.3,20.3,0.0,1,1
T,2025-09-01,19.2,19.2,19.2,19.2,0.0,1,1
T,2025-09-02,19.9,19.9,19.9,19.9,0.0,1,1
T,2025-09-03,19.2,19.2,19.2,19.2,0.0,1,1
T,2025-09-04,20.2,20.2,20.2,20.2,0.0,1,1
T,2025-09-05,21.0,21.0,21.0,21.0,0.0,1,1
T,2025-09-06,20.4,20.4,20.4,20.4,0.0,1,1
T,2025-09-07,25.3,25.3,25.3,25.3,0.0,1,1
T,2025-09-08,32.4,32.4,32.4,32.4,0.0,1,1
T,2025-09-09,25.4,25.4,25.4,25.4,0.0,1,1
T,2025-09-10,31.5,31.5,31.5,31.5,0.0,1,1
T,2025-09-11,20.0,20.0,20.0,20.0,0.0,1,1
T,2025-09-12,18.4,18.4,18.4,18.4,0.0,1,1
T,2025-09-13,31.9,31.9,31.9,31.9,0.0,1,1
T,2025-09-14,28.6,28.6,28.6,28.6,0.0,1,1
T,2025-09-15,18.8,18.8,18.8,18.8,0.0,1,1
T,2025-09-16,26.8,26.8,26.8,26.8,0.0,1,1
T,2025-09-17,21.2,21.2,21.2,21.2,0.0,1,1
T,2025-09-18,15.2,15.2,15.2,15.2,0.0,1,1
T,2025-09-19,19.7,19.7,19.7,19.7,0.0,1,1
T,2025-09-20,20.5,20.5,20.5,20.5,0.0,1,1
T,2025-09-21,18.5,18.5,18.5,18.5,0.0,1,1
T,2025-09-22,18.0,18.0,18.0,18.0,0.0,1,1
T,2025-09-23,24.5,24.5,24.5,24.5,0.0,1,1
T,2025-09-24,19.9,19.9,19.9,19.9,0.0,1,1
T,2025-09-25,20.1,20.1,20.1,20.1,0.0,1,1
T,2025-09-26,29.1,29.1,29.1,29.1,0.0,1,1
T,2025-09-27,24.2,24.2,24.2,24.2,0.0,1,1
T,2025-09-28,237.0,237.0,237.0,237.0,0.0,1,1
T,2025-10-08,29.1,29.1,29.1,29.1,0.0,1,1
T,2025-10-09,50.1,50.1,50.1,50.1,0.0,1,1
T,2025-10-10,57.2,57.2,57.2,57.2,0.0,1,1
T,2025-10-11,151.0,151.0,151.0,151.0,0.0,1,1
T,2025-10-12,61.8,61.8,61.8,61.8,0.0,1,1
T,2025-10-13,57.5,57.5,57.5,57.5,0.0,1,1
T,2025-10-14,56.7,56.7,56.7,56.7,0.0,1,1
T,2025-10-15,68.6,68.6,68.6,68.6,0.0,1,1
T,2025-10-16,50.1,50.1,50.1,50.1,0.0,1,1
T,2025-10-17,38.9,38.9,38.9,38.9,0.0,1,1
T,2025-10-18,69.5,69.5,69.5,69.5,0.0,1,1
T,2025-10-19,73.3,73.3,73.3,73.3,0.0,1,1
T,2025-10-20,285.0,285.0,285.0,285.0,0.0,1,1
T,2025-10-21,124.0,124.0,124.0,124.0,0.0,1,1
T,2025-10-22,77.3,77.3,77.3,77.3,0.0,1,1
T,2025-10-23,60.8,60.8,60.8,60.8,0.0,1,1
T,2025-10-24,49.0,49.0,49.0,49.0,0.0,1,1
T,2025-10-25,20.6,20.6,20.6,20.6,0.0,1,1
T,2025-10-26,22.6,22.6,22.6,22.6,0.0,1,1
T,2025-10-27,16.2,16.2,16.2,16.2,0.0,1,1
T,2025-10-28,26.5,26.5,26.5,26.5,0.0,1,1
T,2025-10-29,33.3,33.3,33.3,33.3,0.0,1,1
T,2025-10-30,25.7,25.7,25.7,25.7,0.0,1,1
T,2025-10-31,21.7,21.7,21.7,21.7,0.0,1,1
T,2025-11-01,22.4,22.4,22.4,22.4,0.0,1,1
T,2025-11-02,19.3,19.3,19.3,19.3,0.0,1,1
T,2025-11-03,20.9,20.9,20.9,20.9,0.0,1,1
T,2025-11-04,28.2,28.2,28.2,28.2,0.0,1,1
T,2025-11-05,29.9,29.9,29.9,29.9,0.0,1,1
T,2025-11-06,48.6,48.6,48.6,48.6,0.0,1,1
T,2025-11-07,64.5,64.5,64.5,64.5,0.0,1,1
T,2025-11-08,39.9,39.9,39.9,39.9,0.0,1,1
T,2025-11-09,43.4,43.4,43.4,43.4,0.0,1,1
T,2025-11-10,69.2,69.2,69.2,69.2,0.0,1,1
T,2025-11-11,64.6,64.6,64.6,64.6,0.0,1,1
T,2025-11-12,65.2,65.2,65.2,65.2,0.0,1,1
T,2025-11-13,61.8,61.8,61.8,61.8,0.0,1,1
T,2025-11-14,63.9,63.9,63.9,63.9,0.0,1,1
T,2025-11-15,64.8,64.8,64.8,64.8,0.0,1,1
T,2025-11-16,67.6,67.6,67.6,67.6,0.0,1,1
T,2025-11-17,73.7,73.7,73.7,73.7,0.0,1,1
T,2025-11-18,80.6,80.6,80.6,80.6,0.0,1,1
T,2025-11-25,94.0,94.0,94.0,94.0,0.0,1,1
T,2025-11-26,123.0,123.0,123.0,123.0,0.0,1,1
T,2025-11-27,86.9,86.9,86.9,86.9,0.0,1,1
T,2025-11-28,43.3,43.3,43.3,43.3,0.0,1,1
T,2025-11-29,33.9,33.9,33.9,33.9,0.0,1,1
T,2025-11-30,33.8,33.8,33.8,33.8,0.0,1,1
T,2025-12-01,39.7,39.7,39.7,39.7,0.0,1,1
T,2025-12-02,40.5,40.5,40.5,40.5,0.0,1,1
T,2025-12-03,43.3,43.3,43.3,43.3,0.0,1,1
T,2025-12-04,45.2,45.2,45.2,45.2,0.0,1,1
T,2025-12-05,38.5,38.5,38.5,38.5,0.0,1,1
T,2025-12-06,36.5,36.5,36.5,36.5,0.0,1,1
T,2025-12-07,38.7,38.7,38.7,38.7,0.0,1,1
T,2025-12-08,41.6,41.6,41.6,41.6,0.0,1,1
T,2025-12-09,120.0,120.0,120.0,120.0,0.0,1,1
T,2025-12-10,450.0,450.0,450.0,450.0,0.0,1,1
T,2025-12-11,295.0,295.0,295.0,295.0,0.0,1,1
T,2025-12-12,33.0,33.0,33.0,33.0,0.0,1,1
T,2025-12-13,30.6,30.6,30.6,30.6,0.0,1,1
T,2025-12-14,40.2,40.2,40.2,40.2,0.0,1,1
T,2025-12-15,36.3,36.3,36.3,36.3,0.0,1,1
T,2025-12-16,30.4,30.4,30.4,30.4,0.0,1,1
T,2025-12-17,37.5,37.5,37.5,37.5,0.0,1,1
T,2025-12-18,38.4,38.4,38.4,38.4,0.0,1,1
T,2025-12-19,34.7,34.7,34.7,34.7,0.0,1,1
T,2025-12-20,26.0,26.0,26.0,26.0,0.0,1,1
T,2025-12-21,22.8,22.8,22.8,22.8,0.0,1,1
T,2025-12-22,39.3,39.3,39.3,39.3,0.0,1,1
T,2025-12-23,20.1,20.1,20.1,20.1,0.0,1,1
T,2025-12-24,19.4,19.4,19.4,19.4,0.0,1,1
T,2025-12-26,52.2,52.2,52.2,52.2,0.0,1,1
T,2025-12-27,57.9,57.9,57.9,57.9,0.0,1,1
T,2025-12-28,60.2,60.2,60.2,60.2,0.0,1,1
T,2025-12-29,62.6,62.6,62.6,62.6,0.0,1,1
T,2025-12-30,70.0,70.0,70.0,70.0,0.0,1,1
T,2025-12-31,85.4,85.4,85.4,85.4,0.0,1,1
T,2026-01-01,67.0,67.0,67.0,67.0,0.0,1,1
T,2026-01-02,32.1,32.1,32.1,32.1,0.0,1,1
T,2026-01-03,29.5,29.5,29.5,29.5,0.0,1,1
T,2026-01-04,34.6,34.6,34.6,34.6,0.0,1,1
T,2026-01-05,32.7,32.7,32.7,32.7,0.0,1,1
T,2026-01-06,38.1,38.1,38.1,38.1,0.0,1,1
T,2026-01-07,34.7,34.7,34.7,34.7,0.0,1,1
T,2026-01-08,61.0,61.0,61.0,61.0,0.0,1,1
T,2026-01-09,67.3,67.3,67.3,67.3,0.0,1,1
T,2026-01-10,55.1,55.1,55.1,55.1,0.0,1,1
T,2026-01-20,56.5,56.5,56.5,56.5,0.0,1,1
T,2026-01-21,70.4,70.4,70.4,70.4,0.0,1,1
T,2026-01-22,63.5,63.5,63.5,63.5,0.0,1,1
T,2026-01-23,46.7,46.7,46.7,46.7,0.0,1,1
T,2026-01-24,27.4,27.4,27.4,27.4,0.0,1,1
T,2026-01-25,41.5,41.5,41.5,41.5,0.0,1,1
T,2026-01-26,52.9,52.9,52.9,52.9,0.0,1,1
T,2026-01-27,27.0,27.0,27.0,27.0,0.0,1,1
T,2026-01-28,23.9,23.9,23.9,23.9,0.0,1,1
T,2026-01-29,37.4,37.4,37.4,37.4,0.0,1,1
T,2026-01-30,61.7,61.7,61.7,61.7,0.0,1,1
T,2026-01-31,65.7,65.7,65.7,65.7,0.0,1,1
T,2026-02-01,72.4,72.4,72.4,72.4,0.0,1,1
T,2026-02-02,93.3,93.3,93.3,93.3,0.0,1,1
T,2026-02-03,80.0,80.0,80.0,80.0,0.0,1,1
T,2026-02-04,55.1,55.1,55.1,55.1,0.0,1,1
T,2026-02-05,72.6,72.6,72.6,72.6,0.0,1,1
T,2026-02-06,49.3,49.3,49.3,49.3,0.0,1,1
T,2026-02-07,46.9,46.9,46.9,46.9,0.0,1,1
T,2026-02-08,36.8,36.8,36.8,36.8,0.0,1,1
T,2026-02-09,49.5,49.5,49.5,49.5,0.0,1,1
T,2026-02-10,46.0,46.0,46.0,46.0,0.0,1,1
T,2026-02-11,87.9,87.9,87.9,87.9,0.0,1,1
T,2026-02-12,47.1,47.1,47.1,47.1,0.0,1,1
T,2026-02-13,49.0,49.0,49.0,49.0,0.0,1,1
T,2026-02-14,47.7,47.7,47.7,47.7,0.0,1,1
T,2026-02-15,46.3,46.3,46.3,46.3,0.0,1,1
T,2026-02-16,43.2,43.2,43.2,43.2,0.0,1,1
T,2026-02-17,32.7,32.7,32.7,32.7,0.0,1,1
T,2026-02-18,59.7,59.7,59.7,59.7,0.0,1,1
T,2026-02-19,47.7,47.7,47.7,47.7,0.0,1,1
T,2026-02-20,68.1,68.1,68.1,68.1,0.0,1,1
T,2026-02-21,72.1,72.1,72.1,72.1,0.0,1,1
T,2026-02-22,41.5,41.5,41.5,41.5,0.0,1,1
T,2026-02-23,39.4,39.4,39.4,39.4,0.0,1,1
T,2026-02-24,37.75,37.75,34.8,40.7,4.171930009000635,2,2
T,2026-02-25,26.450000000000003,26.450000000000003,21.1,31.8,7.566042558696057,2,2
T,2026-02-26,16.9,16.9,16.2,17.6,0.9899494936611692,2,2
T,2026-02-27,15.799999999999999,15.799999999999999,14.7,16.9,1.5556349186104041,2,2
T,2026-02-28,19.1,19.1,13.4,24.8,8.061017305526644,2,2
T,2026-03-01,24.450000000000003,24.450000000000003,23.1,25.8,1.909188309203679,2,2
T,2026-03-02,49.349999999999994,49.349999999999994,19.1,79.6,42.77996026178612,2,2
T,2026-03-03,69.05,69.05,63.6,74.5,7.70746391493337,2,2
T,2026-03-04,28.1,28.1,27.6,28.6,0.7071067811865476,2,2
T,2026-03-05,23.9,23.9,22.0,25.8,2.6870057685088824,2,2
T,2026-03-06,25.15,25.15,24.4,25.9,1.0606601717798212,2,2
T,2026-03-07,29.55,29.55,26.4,32.7,4.454772721475252,2,2
T,2026-03-08,42.95,42.95,39.5,46.4,4.879036790187179,2,2
T,2026-03-09,37.9,37.9,29.9,45.9,11.313708498984761,2,2
T,2026-03-10,46.95,46.95,39.0,54.9,11.242997820866107,2,2
T,2026-03-11,48.95,48.95,45.1,52.8,5.444722215136416,2,2
T,2026-03-12,44.25,44.25,42.7,45.8,2.192031021678293,2,2
T,2026-03-13,42.3,42.3,39.5,45.1,3.9597979746446645,2,2
T,2026-03-14,27.8,27.8,25.3,30.3,3.5355339059327378,2,2
T,2026-03-15,24.2,24.2,24.0,24.4,0.282842712474618,2,2
T,2026-03-16,18.049999999999997,18.049999999999997,15.7,20.4,3.3234018715767744,2,2
T,2026-03-17,25.85,25.85,22.4,29.3,4.879036790187181,2,2
T,2026-03-18,24.7,24.7,20.7,28.7,5.656854249492381,2,2
T,2026-03-19,12.4,12.4,10.4,14.4,2.8284271247461903,2,2
T,2026-03-20,28.2,28.2,20.1,36.3,11.455129855222067,2,2
T,2026-03-21,21.3,21.3,21.1,21.5,0.282842712474618,2,2
T,2026-03-22,24.35,24.35,23.0,25.7,1.9091883092036765,2,2
T,2026-03-23,32.3,32.3,28.2,36.4,5.798275605729691,2,2
T,2026-03-24,35.05,35.05,27.5,42.6,10.677312395916871,2,2
T,2026-03-25,27.150000000000002,27.150000000000002,19.1,35.2,11.384419177103416,2,2
T,2026-03-26,32.8,32.8,26.4,39.2,9.050966799187814,2,2
T,2026-03-27,37.0,37.0,35.2,38.8,2.545584412271567,2,2
T,2026-03-28,16.625,16.625,9.05,24.2,10.712667734976193,2,2
T,2026-03-29,7.91,7.91,4.22,11.6,5.218448045156721,2,2
T,2026-03-30,13.899999999999999,13.899999999999999,10.1,17.7,5.374011537017761,2,2
T,2026-03-31,8.255,8.255,6.61,9.9,2.326381310103741,2,2
T,2026-04-01,10.29,10.29,6.88,13.7,4.822468247692254,2,2
T,2026-04-02,11.355,11.355,9.81,12.9,2.1849599538664317,2,2
T,2026-04-03,19.0,19.0,15.5,22.5,4.949747468305833,2,2
T,2026-04-04,12.25,12.25,12.0,12.5,0.3535533905932738,2,2
T,2026-04-05,10.649999999999999,10.649999999999999,8.7,12.6,2.757716446627536,2,2
T,2026-04-06,13.195,13.195,8.59,17.8,6.512453454728103,2,2
T,2026-04-07,10.91,10.91,8.12,13.7,3.9456558390209344,2,2
T,2026-04-08,13.5,13.5,11.9,15.1,2.2627416997969516,2,2
T,2026-04-09,17.4,17.4,16.2,18.6,1.6970562748477143,2,2
T,2026-04-10,31.25,31.25,17.5,45.0,19.445436482630058,2,2
T,2026-04-11,36.0,36.0,32.4,39.6,5.091168824543144,2,2
T,2026-04-12,164.7,164.7,29.4,300.0,191.34309498907976,2,2
T,2026-04-13,95.3,95.3,30.6,160.0,91.49961748553925,2,2
T,2026-04-14,100.95,100.95,35.9,166.0,91.99459223236984,2,2
T,2026-04-15,158.3,158.3,16.6,300.0,200.39406178826758,2,2
T,2026-04-16,157.95,157.95,15.9,300.0,200.88903653509814,2,2
T,2026-04-17,157.4,157.4,14.8,300.0,201.66685399440334,2,2
T,2026-04-18,162.45,162.45,24.9,300.0,194.52507550441922,2,2
T,2026-04-19,158.65,158.65,17.3,300.0,199.89908704143699,2,2
T,2026-04-20,89.8,89.8,20.6,159.0,97.86357851621817,2,2
T,2026-04-21,22.4,22.4,15.4,29.4,9.899494936611664,2,2
T,2026-04-22,15.3,15.3,15.3,15.3,0.0,2,2
T,2026-04-23,20.3,20.3,13.8,26.8,9.192388155425117,2,2
T,2026-04-24,18.5,18.5,13.3,23.7,7.353910524340093,2,2
T,2026-04-25,10.940000000000001,10.940000000000001,6.08,15.8,6.873077913133241,2,2
T,2026-04-26,6.3,6.3,0.0,12.6,8.909545442950499,2,2
T,2026-04-27,11.055,11.055,8.21,13.9,4.023437584951455,2,2
T,2026-04-28,13.959999999999999,13.959999999999999,9.02,18.9,6.9862149981230885,2,2
T,2026-04-29,13.745,13.745,7.29,20.2,9.128748545118327,2,2
T,2026-04-30,11.26,11.26,6.52,16.0,6.703372285648471,2,2
T,2026-05-01,13.745000000000001,13.745000000000001,6.39,21.1,10.401540751254116,2,2
T,2026-05-02,8.025,8.025,6.37,9.68,2.3405234457274724,2,2
T,2026-05-03,10.745,10.745,6.79,14.7,5.59321463918559,2,2
T,2026-05-04,9.84,9.84,6.48,13.2,4.7517575695735985,2,2
T,2026-05-05,16.13,16.13,7.06,25.2,12.826917010723973,2,2
T,2026-05-06,9.47,9.47,7.44,11.5,2.870853531617383,2,2
T,2026-05-07,14.0,14.0,9.7,18.3,6.08111831820431,2,2
T,2026-05-08,15.024999999999999,15.024999999999999,9.65,20.4,7.601397897755384,2,2
T,2026-05-09,12.95,12.95,9.5,16.4,4.879036790187177,2,2
T,2026-05-10,19.1,19.1,11.0,27.2,11.45512985522207,2,2
T,2026-05-11,11.54,11.54,8.48,14.6,4.32749350086167,2,2
T,2026-05-12,14.975,14.975,6.95,23.0,11.349063838044087,2,2
T,2026-05-13,7.9399999999999995,7.9399999999999995,5.96,9.92,2.800142853498728,2,2
T,2026-05-14,8.045,8.045,5.29,10.8,3.896158364337877,2,2
T,2026-05-15,7.15,7.15,5.3,9.0,2.6162950903902265,2,2
T,2026-05-16,3.45,3.45,2.94,3.96,0.7212489168102784,2,2
T,2026-05-17,12.004999999999999,12.004999999999999,4.11,19.9,11.165216074935584,2,2
T,2026-05-18,5.45,5.45,4.83,6.07,0.876812408671319,2,2
T,2026-05-19,14.5,14.5,14.5,14.5,0.0,1,1
T,2026-05-20,5.85,5.85,5.85,5.85,0.0,1,1
T,2026-05-21,5.62,5.62,5.62,5.62,0.0,1,1
T,2026-05-22,5.34,5.34,5.34,5.34,0.0,1,1
T,2026-05-23,4.41,4.41,4.41,4.41,0.0,1,1
T,2026-05-24,8.1,8.1,8.1,8.1,0.0,1,1
T,2026-05-25,12.8,12.8,12.8,12.8,0.0,1,1
T,2026-05-26,24.895,24.895,2.19,47.6,32.10971893368112,2,2
T,2026-05-27,4.735,4.735,3.22,6.25,2.142533546995239,2,2
T,2026-05-28,3.405,3.405,3.05,3.76,0.5020458146424487,2,2
T,2026-05-29,3.6,3.6,2.79,4.41,1.145512985522207,2,2
T,2026-05-30,9.045,9.045,4.89,13.2,5.87605735166021,2,2
T,2026-05-31,4.455,4.455,4.25,4.66,0.28991378028648457,2,2
T,2026-06-01,2.635,2.635,1.29,3.98,1.902117241391813,2,2
T,2026-06-02,5.015000000000001,5.015000000000001,4.36,5.67,0.9263098833543773,2,2
T,2026-06-03,8.13,8.13,6.94,9.32,1.6829141392239826,2,2
T,2026-06-04,8.370000000000001,8.370000000000001,4.24,12.5,5.8407020126008815,2,2
T,2026-06-05,29.795,29.795,3.59,56.0,37.05946640198696,2,2
T,2026-06-06,8.13,8.13,3.86,12.4,6.038691911333116,2,2
T,2026-06-07,8.765,8.765,4.23,13.3,6.413458505361986,2,2
T,2026-06-08,8.86,8.86,3.92,13.8,6.98621499812309,2,2
T,2026-06-09,13.004999999999999,13.004999999999999,9.51,16.5,4.942676400493968,2,2
T,2026-06-10,9.77,9.77,3.64,15.9,8.669129137347072,2,2
T,2026-06-11,12.415000000000001,12.415000000000001,8.23,16.6,5.918483758531403,2,2
T,2026-06-12,9.145,9.145,1.99,16.3,10.118698038779495,2,2
T,2026-06-13,9.305,9.305,3.21,15.4,8.619631662664016,2,2
T,2026-06-14,1.95,1.95,1.95,1.95,0.0,1,1
T,2026-06-15,10.9,10.9,10.9,10.9,0.0,1,1
T,2026-06-16,8.47,8.47,8.47,8.47,0.0,1,1
T,2026-06-17,8.71,8.71,6.32,11.1,3.379970414071696,2,2
T,2026-06-18,7.115,7.115,2.63,11.6,6.342747827243331,2,2
T,2026-06-19,9.225,9.225,7.85,10.6,1.9445436482630056,2,2
T,2026-06-20,54.25,54.25,11.7,96.8,60.17478707897519,2,2
T,2026-06-21,20.725,20.725,8.75,32.7,16.935207409417817,2,2
T,2026-06-22,24.869999999999997,24.869999999999997,8.94,40.8,22.528422048603403,2,2
T,2026-06-23,9.59,9.59,9.39,9.79,0.282842712474618,2,2
T,2026-06-25,15.7,15.7,15.7,15.7,0.0,1,1
T,2026-06-26,10.6,10.6,10.6,10.6,0.0,1,1
T,2026-06-27,9.37,9.37,9.37,9.37,0.0,1,1
T,2026-06-28,6.31,6.31,6.31,6.31,0.0,1,1
T,2026-06-29,5.45,5.45,5.45,5.45,0.0,1,1
T,2026-06-30,5.87,5.87,5.87,5.87,0.0,1,1
T,2026-07-01,2.97,2.97,2.97,2.97,0.0,1,1
T,2026-07-02,8.2,8.2,4.7,11.7,4.949747468305833,2,2
T,2026-07-03,4.765,4.765,3.03,6.5,2.45366053071732,2,2
T,2026-07-04,6.095,6.095,3.24,8.95,4.037579720575185,2,2
T,2026-07-05,4.655,4.655,3.11,6.2,2.1849599538664317,2,2
T,2026-07-06,6.185,6.185,4.18,8.19,2.8354981925580556,2,2
T,2026-07-07,12.350000000000001,12.350000000000001,11.9,12.8,0.6363961030678924,2,2
T,2026-07-08,12.350000000000001,12.350000000000001,11.9,12.8,0.6363961030678924,2,2
T,2026-07-09,12.29,12.29,8.18,16.4,5.8124177413534195,2,2
T,2026-07-10,13.6,13.6,13.1,14.1,0.7071067811865476,2,2
T,2026-07-11,13.75,13.75,12.3,15.2,2.050609665440987,2,2
T,2026-07-12,13.5,13.5,11.7,15.3,2.545584412271572,2,2
T,2026-07-13,14.05,14.05,11.6,16.5,3.4648232278140836,2,2
T,2026-07-14,11.7,11.7,11.7,11.7,0.0,1,1
T,2026-07-15,14.0,14.0,13.7,14.3,0.4242640687119295,2,2
T,2026-07-16,12.75,12.75,11.7,13.8,1.4849242404917509,2,2
T,2026-07-17,12.85,12.85,10.6,15.1,3.181980515339464,2,2
T,2026-07-18,9.09,9.09,9.09,9.09,0.0,1,1
T,2026-07-19,9.875,9.875,9.55,10.2,0.4596194077712549,2,2
T,2026-07-20,8.525,8.525,8.39,8.66,0.19091883092036754,2,2
T,2026-07-21,10.379999999999999,10.379999999999999,8.56,12.2,2.5738686835190316,2,2
T,2026-07-22,6.675,6.675,6.27,7.08,0.5727564927611039,2,2
T,2026-07-23,5.98,5.98,5.12,6.84,1.2162236636408619,2,2
T,2026-07-24,6.915,6.915,6.08,7.75,1.1808683245815343,2,2
T,2026-07-25,9.7,9.7,9.7,9.7,0.0,1,1
T,2026-07-26,8.31,8.31,8.31,8.31,0.0,1,1
T,2026-07-27,10.3,10.3,10.3,10.3,0.0,1,1
T,2026-07-28,10.3,10.3,6.9,13.7,4.808326112068523,2,2
T,2026-07-29,15.0,15.0,15.0,15.0,0.0,1,1
T,2026-07-30,15.2,15.2,15.2,15.2,0.0,1,1
T,2026-07-31,13.399999999999999,13.399999999999999,12.6,14.2,1.1313708498984765,2,2
T,2026-08-01,16.450000000000003,16.450000000000003,13.8,19.1,3.7476659402887034,2,2
T,2026-08-02,12.05,12.05,11.5,12.6,0.7778174593052026,2,2
T,2026-08-03,11.8,11.8,10.0,13.6,2.5455844122715714,2,2
T,2026-08-04,12.45,12.45,12.4,12.5,0.07071067811865388,2,2
T,2026-08-05,11.899999999999999,11.899999999999999,11.6,12.2,0.4242640687119276,2,2
T,2026-08-06,11.85,11.85,10.6,13.1,1.7677669529663689,2,2
T,2026-08-07,9.18,9.18,8.36,10.0,1.1596551211459383,2,2
T,2026-08-08,8.93,8.93,8.38,9.48,0.7778174593052026,2,2
T,2026-08-09,9.094999999999999,9.094999999999999,9.09,9.1,0.007071067811865952,2,2
T,2026-08-10,12.35,12.35,12.0,12.7,0.49497474683058273,2,2
T,2026-08-11,8.26,8.26,7.99,8.53,0.3818376618407351,2,2
T,2026-08-12,10.195,10.195,9.19,11.2,1.4212846301849598,2,2
T,2026-08-13,9.45,9.45,9.24,9.66,0.2969848480983505,2,2
T,2026-08-14,10.195,10.195,8.99,11.4,1.7041273426595795,2,2
T,2026-08-15,7.995,7.995,6.75,9.24,1.7606958851545034,2,2
T,2026-08-16,8.625,8.625,8.51,8.74,0.16263455967290624,2,2
T,2026-08-17,9.07,9.07,8.75,9.39,0.4525483399593908,2,2
T,2026-08-18,8.475,8.475,8.35,8.6,0.1767766952966369,2,2
T,2026-08-19,11.4,11.4,10.5,12.3,1.272792206135786,2,2
T,2026-08-20,8.504999999999999,8.504999999999999,7.59,9.42,1.2940054095713813,2,2
T,2026-08-21,7.994999999999999,7.994999999999999,6.14,9.85,2.6233661582020917,2,2
T,2026-08-22,7.89,7.89,7.75,8.03,0.19798989873223286,2,2
T,2026-08-23,9.004999999999999,9.004999999999999,7.81,10.2,1.689985207035848,2,2
T,2026-08-24,12.5,12.5,11.2,13.8,1.8384776310850246,2,2
T,2026-08-25,15.85,15.85,12.5,19.2,4.737615433949868,2,2
T,2026-08-26,15.95,15.95,12.2,19.7,5.303300858899107,2,2
T,2026-08-27,12.35,12.35,9.6,15.1,3.8890872965260113,2,2
T,2026-08-28,10.605,10.605,3.91,17.3,9.468159800087872,2,2
T,2026-08-29,8.335,8.335,5.07,11.6,4.617407281148155,2,2
T,2026-08-30,11.190000000000001,11.190000000000001,6.28,16.1,6.943788591251897,2,2
T,2026-08-31,9.559999999999999,9.559999999999999,6.52,12.6,4.29920922961421,2,2
T,2026-09-01,8.785,8.785,5.47,12.1,4.688117959266809,2,2
T,2026-09-02,8.695,8.695,4.09,13.3,6.512453454728103,2,2
T,2026-09-03,14.75,14.75,10.1,19.4,6.5760930650348906,2,2
T,2026-09-04,10.73,10.73,5.16,16.3,7.87716954241814,2,2
T,2026-09-05,9.530000000000001,9.530000000000001,5.66,13.4,5.473006486383877,2,2
T,2026-09-06,10.055,10.055,6.51,13.6,5.013387078612622,2,2
T,2026-09-07,10.22,10.22,7.44,13.0,3.931513703397204,2,2
T,2026-09-08,7.745,7.745,3.69,11.8,5.7346359954229005,2,2
T,2026-09-09,8.885,8.885,5.47,12.3,4.82953931550412,2,2
T,2026-09-10,10.785,10.785,6.17,15.4,6.526595590351834,2,2
T,2026-09-11,13.620000000000001,13.620000000000001,8.74,18.5,6.901362184380703,2,2
T,2026-09-12,10.67,10.67,8.94,12.4,2.446589462905455,2,2
T,2026-09-13,11.865,11.865,8.33,15.4,4.999244942988891,2,2
T,2026-09-14,11.955,11.955,7.21,16.7,6.710443353460336,2,2
T,2026-09-15,12.415,12.415,9.13,15.7,4.645691552395617,2,2
T,2026-09-16,11.49,11.49,8.88,14.1,3.6910973977937775,2,2
T,2026-09-17,14.25,14.25,10.9,17.6,4.73761543394987,2,2
