openaq_location_id,station_name,urban_ward_code,input_start,input_end,forecast_start,forecast_end,input_coverage_pct,target_coverage_pct
6945,"Kurla, Mumbai - MPCB",L,2025-10-11 00:00:00+05:30,2025-12-09 00:00:00+05:30,2025-12-10 00:00:00+05:30,2025-12-16 00:00:00+05:30,96.66666666666666,100.0
6945,"Kurla, Mumbai - MPCB",L,2025-10-12 00:00:00+05:30,2025-12-10 00:00:00+05:30,2025-12-11 00:00:00+05:30,2025-12-17 00:00:00+05:30,96.66666666666666,100.0
6945,"Kurla, Mumbai - MPCB",L,2025-10-13 00:00:00+05:30,2025-12-11 00:00:00+05:30,2025-12-12 00:00:00+05:30,2025-12-18 00:00:00+05:30,98.33333333333333,100.0
6945,"Kurla, Mumbai - MPCB",L,2025-10-14 00:00:00+05:30,2025-12-12 00:00:00+05:30,2025-12-13 00:00:00+05:30,2025-12-19 00:00:00+05:30,98.33333333333333,100.0
6945,"Kurla, Mumbai - MPCB",L,2025-10-25 00:00:00+05:30,2025-12-23 00:00:00+05:30,2025-12-24 00:00:00+05:30,2025-12-30 00:00:00+05:30,93.33333333333333,100.0
6945,"Kurla, Mumbai - MPCB",L,2025-10-26 00:00:00+05:30,2025-12-24 00:00:00+05:30,2025-12-25 00:00:00+05:30,2025-12-31 00:00:00+05:30,93.33333333333333,100.0
6945,"Kurla, Mumbai - MPCB",L,2025-10-27 00:00:00+05:30,2025-12-25 00:00:00+05:30,2025-12-26 00:00:00+05:30,2026-01-01 00:00:00+05:30,93.33333333333333,100.0
6945,"Kurla, Mumbai - MPCB",L,2025-10-28 00:00:00+05:30,2025-12-26 00:00:00+05:30,2025-12-27 00:00:00+05:30,2026-01-02 00:00:00+05:30,93.33333333333333,100.0
6945,"Kurla, Mumbai - MPCB",L,2025-10-29 00:00:00+05:30,2025-12-27 00:00:00+05:30,2025-12-28 00:00:00+05:30,2026-01-03 00:00:00+05:30,93.33333333333333,100.0
6945,"Kurla, Mumbai - MPCB",L,2025-10-30 00:00:00+05:30,2025-12-28 00:00:00+05:30,2025-12-29 00:00:00+05:30,2026-01-04 00:00:00+05:30,93.33333333333333,100.0
6945,"Kurla, Mumbai - MPCB",L,2025-10-31 00:00:00+05:30,2025-12-29 00:00:00+05:30,2025-12-30 00:00:00+05:30,2026-01-05 00:00:00+05:30,93.33333333333333,100.0
6945,"Kurla, Mumbai - MPCB",L,2025-11-01 00:00:00+05:30,2025-12-30 00:00:00+05:30,2025-12-31 00:00:00+05:30,2026-01-06 00:00:00+05:30,93.33333333333333,100.0
6945,"Kurla, Mumbai - MPCB",L,2025-11-02 00:00:00+05:30,2025-12-31 00:00:00+05:30,2026-01-01 00:00:00+05:30,2026-01-07 00:00:00+05:30,93.33333333333333,100.0
6945,"Kurla, Mumbai - MPCB",L,2025-11-03 00:00:00+05:30,2026-01-01 00:00:00+05:30,2026-01-02 00:00:00+05:30,2026-01-08 00:00:00+05:30,93.33333333333333,100.0
6945,"Kurla, Mumbai - MPCB",L,2025-11-04 00:00:00+05:30,2026-01-02 00:00:00+05:30,2026-01-03 00:00:00+05:30,2026-01-09 00:00:00+05:30,93.33333333333333,100.0
6945,"Kurla, Mumbai - MPCB",L,2025-11-05 00:00:00+05:30,2026-01-03 00:00:00+05:30,2026-01-04 00:00:00+05:30,2026-01-10 00:00:00+05:30,93.33333333333333,100.0
6945,"Kurla, Mumbai - MPCB",L,2026-01-14 00:00:00+05:30,2026-03-14 00:00:00+05:30,2026-03-15 00:00:00+05:30,2026-03-21 00:00:00+05:30,80.0,100.0
6945,"Kurla, Mumbai - MPCB",L,2026-01-15 00:00:00+05:30,2026-03-15 00:00:00+05:30,2026-03-16 00:00:00+05:30,2026-03-22 00:00:00+05:30,81.66666666666667,100.0
6945,"Kurla, Mumbai - MPCB",L,2026-01-16 00:00:00+05:30,2026-03-16 00:00:00+05:30,2026-03-17 00:00:00+05:30,2026-03-23 00:00:00+05:30,83.33333333333334,100.0
6945,"Kurla, Mumbai - MPCB",L,2026-01-17 00:00:00+05:30,2026-03-17 00:00:00+05:30,2026-03-18 00:00:00+05:30,2026-03-24 00:00:00+05:30,85.0,100.0
6945,"Kurla, Mumbai - MPCB",L,2026-01-18 00:00:00+05:30,2026-03-18 00:00:00+05:30,2026-03-19 00:00:00+05:30,2026-03-25 00:00:00+05:30,86.66666666666667,100.0
6945,"Kurla, Mumbai - MPCB",L,2026-01-19 00:00:00+05:30,2026-03-19 00:00:00+05:30,2026-03-20 00:00:00+05:30,2026-03-26 00:00:00+05:30,88.33333333333333,100.0
6945,"Kurla, Mumbai - MPCB",L,2026-01-20 00:00:00+05:30,2026-03-20 00:00:00+05:30,2026-03-21 00:00:00+05:30,2026-03-27 00:00:00+05:30,89.99999999999999,100.0
6945,"Kurla, Mumbai - MPCB",L,2026-01-21 00:00:00+05:30,2026-03-21 00:00:00+05:30,2026-03-22 00:00:00+05:30,2026-03-28 00:00:00+05:30,89.99999999999999,100.0
6945,"Kurla, Mumbai - MPCB",L,2026-01-22 00:00:00+05:30,2026-03-22 00:00:00+05:30,2026-03-23 00:00:00+05:30,2026-03-29 00:00:00+05:30,89.99999999999999,100.0
6945,"Kurla, Mumbai - MPCB",L,2026-01-23 00:00:00+05:30,2026-03-23 00:00:00+05:30,2026-03-24 00:00:00+05:30,2026-03-30 00:00:00+05:30,89.99999999999999,100.0
6945,"Kurla, Mumbai - MPCB",L,2026-01-24 00:00:00+05:30,2026-03-24 00:00:00+05:30,2026-03-25 00:00:00+05:30,2026-03-31 00:00:00+05:30,89.99999999999999,100.0
6945,"Kurla, Mumbai - MPCB",L,2026-01-25 00:00:00+05:30,2026-03-25 00:00:00+05:30,2026-03-26 00:00:00+05:30,2026-04-01 00:00:00+05:30,89.99999999999999,100.0
6945,"Kurla, Mumbai - MPCB",L,2026-01-26 00:00:00+05:30,2026-03-26 00:00:00+05:30,2026-03-27 00:00:00+05:30,2026-04-02 00:00:00+05:30,89.99999999999999,100.0
6945,"Kurla, Mumbai - MPCB",L,2026-01-27 00:00:00+05:30,2026-03-27 00:00:00+05:30,2026-03-28 00:00:00+05:30,2026-04-03 00:00:00+05:30,89.99999999999999,100.0
6945,"Kurla, Mumbai - MPCB",L,2026-01-28 00:00:00+05:30,2026-03-28 00:00:00+05:30,2026-03-29 00:00:00+05:30,2026-04-04 00:00:00+05:30,89.99999999999999,100.0
6945,"Kurla, Mumbai - MPCB",L,2026-01-29 00:00:00+05:30,2026-03-29 00:00:00+05:30,2026-03-30 00:00:00+05:30,2026-04-05 00:00:00+05:30,89.99999999999999,100.0
6945,"Kurla, Mumbai - MPCB",L,2026-01-30 00:00:00+05:30,2026-03-30 00:00:00+05:30,2026-03-31 00:00:00+05:30,2026-04-06 00:00:00+05:30,89.99999999999999,100.0
6945,"Kurla, Mumbai - MPCB",L,2026-01-31 00:00:00+05:30,2026-03-31 00:00:00+05:30,2026-04-01 00:00:00+05:30,2026-04-07 00:00:00+05:30,89.99999999999999,100.0
6945,"Kurla, Mumbai - MPCB",L,2026-02-01 00:00:00+05:30,2026-04-01 00:00:00+05:30,2026-04-02 00:00:00+05:30,2026-04-08 00:00:00+05:30,89.99999999999999,100.0
6945,"Kurla, Mumbai - MPCB",L,2026-02-02 00:00:00+05:30,2026-04-02 00:00:00+05:30,2026-04-03 00:00:00+05:30,2026-04-09 00:00:00+05:30,91.66666666666666,100.0
6945,"Kurla, Mumbai - MPCB",L,2026-02-03 00:00:00+05:30,2026-04-03 00:00:00+05:30,2026-04-04 00:00:00+05:30,2026-04-10 00:00:00+05:30,91.66666666666666,100.0
6945,"Kurla, Mumbai - MPCB",L,2026-02-04 00:00:00+05:30,2026-04-04 00:00:00+05:30,2026-04-05 00:00:00+05:30,2026-04-11 00:00:00+05:30,91.66666666666666,100.0
6945,"Kurla, Mumbai - MPCB",L,2026-02-05 00:00:00+05:30,2026-04-05 00:00:00+05:30,2026-04-06 00:00:00+05:30,2026-04-12 00:00:00+05:30,91.66666666666666,100.0
6945,"Kurla, Mumbai - MPCB",L,2026-02-06 00:00:00+05:30,2026-04-06 00:00:00+05:30,2026-04-07 00:00:00+05:30,2026-04-13 00:00:00+05:30,91.66666666666666,100.0
6945,"Kurla, Mumbai - MPCB",L,2026-02-07 00:00:00+05:30,2026-04-07 00:00:00+05:30,2026-04-08 00:00:00+05:30,2026-04-14 00:00:00+05:30,91.66666666666666,100.0
6945,"Kurla, Mumbai - MPCB",L,2026-02-15 00:00:00+05:30,2026-04-15 00:00:00+05:30,2026-04-16 00:00:00+05:30,2026-04-22 00:00:00+05:30,89.99999999999999,100.0
6945,"Kurla, Mumbai - MPCB",L,2026-02-16 00:00:00+05:30,2026-04-16 00:00:00+05:30,2026-04-17 00:00:00+05:30,2026-04-23 00:00:00+05:30,89.99999999999999,100.0
6945,"Kurla, Mumbai - MPCB",L,2026-02-17 00:00:00+05:30,2026-04-17 00:00:00+05:30,2026-04-18 00:00:00+05:30,2026-04-24 00:00:00+05:30,89.99999999999999,100.0
6945,"Kurla, Mumbai - MPCB",L,2026-02-18 00:00:00+05:30,2026-04-18 00:00:00+05:30,2026-04-19 00:00:00+05:30,2026-04-25 00:00:00+05:30,89.99999999999999,100.0
6945,"Kurla, Mumbai - MPCB",L,2026-02-19 00:00:00+05:30,2026-04-19 00:00:00+05:30,2026-04-20 00:00:00+05:30,2026-04-26 00:00:00+05:30,89.99999999999999,100.0
6945,"Kurla, Mumbai - MPCB",L,2026-02-20 00:00:00+05:30,2026-04-20 00:00:00+05:30,2026-04-21 00:00:00+05:30,2026-04-27 00:00:00+05:30,89.99999999999999,100.0
6945,"Kurla, Mumbai - MPCB",L,2026-02-21 00:00:00+05:30,2026-04-21 00:00:00+05:30,2026-04-22 00:00:00+05:30,2026-04-28 00:00:00+05:30,89.99999999999999,100.0
6945,"Kurla, Mumbai - MPCB",L,2026-02-22 00:00:00+05:30,2026-04-22 00:00:00+05:30,2026-04-23 00:00:00+05:30,2026-04-29 00:00:00+05:30,89.99999999999999,100.0
6945,"Kurla, Mumbai - MPCB",L,2026-02-23 00:00:00+05:30,2026-04-23 00:00:00+05:30,2026-04-24 00:00:00+05:30,2026-04-30 00:00:00+05:30,91.66666666666666,100.0
6945,"Kurla, Mumbai - MPCB",L,2026-02-24 00:00:00+05:30,2026-04-24 00:00:00+05:30,2026-04-25 00:00:00+05:30,2026-05-01 00:00:00+05:30,93.33333333333333,100.0
6945,"Kurla, Mumbai - MPCB",L,2026-02-25 00:00:00+05:30,2026-04-25 00:00:00+05:30,2026-04-26 00:00:00+05:30,2026-05-02 00:00:00+05:30,93.33333333333333,100.0
6945,"Kurla, Mumbai - MPCB",L,2026-02-26 00:00:00+05:30,2026-04-26 00:00:00+05:30,2026-04-27 00:00:00+05:30,2026-05-03 00:00:00+05:30,93.33333333333333,100.0
6945,"Kurla, Mumbai - MPCB",L,2026-02-27 00:00:00+05:30,2026-04-27 00:00:00+05:30,2026-04-28 00:00:00+05:30,2026-05-04 00:00:00+05:30,93.33333333333333,100.0
6945,"Kurla, Mumbai - MPCB",L,2026-02-28 00:00:00+05:30,2026-04-28 00:00:00+05:30,2026-04-29 00:00:00+05:30,2026-05-05 00:00:00+05:30,93.33333333333333,100.0
6945,"Kurla, Mumbai - MPCB",L,2026-03-01 00:00:00+05:30,2026-04-29 00:00:00+05:30,2026-04-30 00:00:00+05:30,2026-05-06 00:00:00+05:30,93.33333333333333,100.0
6945,"Kurla, Mumbai - MPCB",L,2026-03-02 00:00:00+05:30,2026-04-30 00:00:00+05:30,2026-05-01 00:00:00+05:30,2026-05-07 00:00:00+05:30,94.99999999999999,100.0
6945,"Kurla, Mumbai - MPCB",L,2026-03-03 00:00:00+05:30,2026-05-01 00:00:00+05:30,2026-05-02 00:00:00+05:30,2026-05-08 00:00:00+05:30,94.99999999999999,100.0
6945,"Kurla, Mumbai - MPCB",L,2026-03-12 00:00:00+05:30,2026-05-10 00:00:00+05:30,2026-05-11 00:00:00+05:30,2026-05-17 00:00:00+05:30,94.99999999999999,100.0
6945,"Kurla, Mumbai - MPCB",L,2026-03-13 00:00:00+05:30,2026-05-11 00:00:00+05:30,2026-05-12 00:00:00+05:30,2026-05-18 00:00:00+05:30,94.99999999999999,100.0
6945,"Kurla, Mumbai - MPCB",L,2026-03-14 00:00:00+05:30,2026-05-12 00:00:00+05:30,2026-05-13 00:00:00+05:30,2026-05-19 00:00:00+05:30,94.99999999999999,100.0
6945,"Kurla, Mumbai - MPCB",L,2026-03-15 00:00:00+05:30,2026-05-13 00:00:00+05:30,2026-05-14 00:00:00+05:30,2026-05-20 00:00:00+05:30,94.99999999999999,100.0
6945,"Kurla, Mumbai - MPCB",L,2026-03-16 00:00:00+05:30,2026-05-14 00:00:00+05:30,2026-05-15 00:00:00+05:30,2026-05-21 00:00:00+05:30,94.99999999999999,100.0
6945,"Kurla, Mumbai - MPCB",L,2026-03-17 00:00:00+05:30,2026-05-15 00:00:00+05:30,2026-05-16 00:00:00+05:30,2026-05-22 00:00:00+05:30,94.99999999999999,100.0
6945,"Kurla, Mumbai - MPCB",L,2026-03-18 00:00:00+05:30,2026-05-16 00:00:00+05:30,2026-05-17 00:00:00+05:30,2026-05-23 00:00:00+05:30,94.99999999999999,100.0
6945,"Kurla, Mumbai - MPCB",L,2026-03-19 00:00:00+05:30,2026-05-17 00:00:00+05:30,2026-05-18 00:00:00+05:30,2026-05-24 00:00:00+05:30,94.99999999999999,100.0
6945,"Kurla, Mumbai - MPCB",L,2026-03-20 00:00:00+05:30,2026-05-18 00:00:00+05:30,2026-05-19 00:00:00+05:30,2026-05-25 00:00:00+05:30,94.99999999999999,100.0
6945,"Kurla, Mumbai - MPCB",L,2026-03-21 00:00:00+05:30,2026-05-19 00:00:00+05:30,2026-05-20 00:00:00+05:30,2026-05-26 00:00:00+05:30,94.99999999999999,100.0
6945,"Kurla, Mumbai - MPCB",L,2026-03-22 00:00:00+05:30,2026-05-20 00:00:00+05:30,2026-05-21 00:00:00+05:30,2026-05-27 00:00:00+05:30,94.99999999999999,100.0
6945,"Kurla, Mumbai - MPCB",L,2026-03-23 00:00:00+05:30,2026-05-21 00:00:00+05:30,2026-05-22 00:00:00+05:30,2026-05-28 00:00:00+05:30,94.99999999999999,100.0
6945,"Kurla, Mumbai - MPCB",L,2026-03-24 00:00:00+05:30,2026-05-22 00:00:00+05:30,2026-05-23 00:00:00+05:30,2026-05-29 00:00:00+05:30,94.99999999999999,100.0
6945,"Kurla, Mumbai - MPCB",L,2026-03-25 00:00:00+05:30,2026-05-23 00:00:00+05:30,2026-05-24 00:00:00+05:30,2026-05-30 00:00:00+05:30,94.99999999999999,100.0
6945,"Kurla, Mumbai - MPCB",L,2026-03-26 00:00:00+05:30,2026-05-24 00:00:00+05:30,2026-05-25 00:00:00+05:30,2026-05-31 00:00:00+05:30,94.99999999999999,100.0
6945,"Kurla, Mumbai - MPCB",L,2026-03-27 00:00:00+05:30,2026-05-25 00:00:00+05:30,2026-05-26 00:00:00+05:30,2026-06-01 00:00:00+05:30,94.99999999999999,100.0
6945,"Kurla, Mumbai - MPCB",L,2026-03-28 00:00:00+05:30,2026-05-26 00:00:00+05:30,2026-05-27 00:00:00+05:30,2026-06-02 00:00:00+05:30,94.99999999999999,100.0
6945,"Kurla, Mumbai - MPCB",L,2026-03-29 00:00:00+05:30,2026-05-27 00:00:00+05:30,2026-05-28 00:00:00+05:30,2026-06-03 00:00:00+05:30,94.99999999999999,100.0
6945,"Kurla, Mumbai - MPCB",L,2026-03-30 00:00:00+05:30,2026-05-28 00:00:00+05:30,2026-05-29 00:00:00+05:30,2026-06-04 00:00:00+05:30,94.99999999999999,100.0
6945,"Kurla, Mumbai - MPCB",L,2026-04-10 00:00:00+05:30,2026-06-08 00:00:00+05:30,2026-06-09 00:00:00+05:30,2026-06-15 00:00:00+05:30,88.33333333333333,100.0
6945,"Kurla, Mumbai - MPCB",L,2026-04-11 00:00:00+05:30,2026-06-09 00:00:00+05:30,2026-06-10 00:00:00+05:30,2026-06-16 00:00:00+05:30,88.33333333333333,100.0
6945,"Kurla, Mumbai - MPCB",L,2026-04-12 00:00:00+05:30,2026-06-10 00:00:00+05:30,2026-06-11 00:00:00+05:30,2026-06-17 00:00:00+05:30,88.33333333333333,100.0
6945,"Kurla, Mumbai - MPCB",L,2026-04-13 00:00:00+05:30,2026-06-11 00:00:00+05:30,2026-06-12 00:00:00+05:30,2026-06-18 00:00:00+05:30,88.33333333333333,100.0
6945,"Kurla, Mumbai - MPCB",L,2026-04-14 00:00:00+05:30,2026-06-12 00:00:00+05:30,2026-06-13 00:00:00+05:30,2026-06-19 00:00:00+05:30,88.33333333333333,100.0
6945,"Kurla, Mumbai - MPCB",L,2026-04-15 00:00:00+05:30,2026-06-13 00:00:00+05:30,2026-06-14 00:00:00+05:30,2026-06-20 00:00:00+05:30,88.33333333333333,100.0
6945,"Kurla, Mumbai - MPCB",L,2026-04-16 00:00:00+05:30,2026-06-14 00:00:00+05:30,2026-06-15 00:00:00+05:30,2026-06-21 00:00:00+05:30,89.99999999999999,100.0
6945,"Kurla, Mumbai - MPCB",L,2026-04-17 00:00:00+05:30,2026-06-15 00:00:00+05:30,2026-06-16 00:00:00+05:30,2026-06-22 00:00:00+05:30,89.99999999999999,100.0
6945,"Kurla, Mumbai - MPCB",L,2026-04-18 00:00:00+05:30,2026-06-16 00:00:00+05:30,2026-06-17 00:00:00+05:30,2026-06-23 00:00:00+05:30,89.99999999999999,100.0
6945,"Kurla, Mumbai - MPCB",L,2026-05-11 00:00:00+05:30,2026-07-09 00:00:00+05:30,2026-07-10 00:00:00+05:30,2026-07-16 00:00:00+05:30,89.62962962962962,100.0
6945,"Kurla, Mumbai - MPCB",L,2026-05-12 00:00:00+05:30,2026-07-10 00:00:00+05:30,2026-07-11 00:00:00+05:30,2026-07-17 00:00:00+05:30,89.62962962962962,100.0
6945,"Kurla, Mumbai - MPCB",L,2026-05-13 00:00:00+05:30,2026-07-11 00:00:00+05:30,2026-07-12 00:00:00+05:30,2026-07-18 00:00:00+05:30,89.62962962962962,100.0
6945,"Kurla, Mumbai - MPCB",L,2026-05-14 00:00:00+05:30,2026-07-12 00:00:00+05:30,2026-07-13 00:00:00+05:30,2026-07-19 00:00:00+05:30,89.62962962962962,100.0
6945,"Kurla, Mumbai - MPCB",L,2026-05-15 00:00:00+05:30,2026-07-13 00:00:00+05:30,2026-07-14 00:00:00+05:30,2026-07-20 00:00:00+05:30,89.62962962962962,100.0
6945,"Kurla, Mumbai - MPCB",L,2026-05-16 00:00:00+05:30,2026-07-14 00:00:00+05:30,2026-07-15 00:00:00+05:30,2026-07-21 00:00:00+05:30,89.62962962962962,100.0
6945,"Kurla, Mumbai - MPCB",L,2026-05-17 00:00:00+05:30,2026-07-15 00:00:00+05:30,2026-07-16 00:00:00+05:30,2026-07-22 00:00:00+05:30,89.62962962962962,100.0
6945,"Kurla, Mumbai - MPCB",L,2026-05-18 00:00:00+05:30,2026-07-16 00:00:00+05:30,2026-07-17 00:00:00+05:30,2026-07-23 00:00:00+05:30,89.62962962962962,100.0
6945,"Kurla, Mumbai - MPCB",L,2026-05-19 00:00:00+05:30,2026-07-17 00:00:00+05:30,2026-07-18 00:00:00+05:30,2026-07-24 00:00:00+05:30,89.62962962962962,100.0
6945,"Kurla, Mumbai - MPCB",L,2026-05-20 00:00:00+05:30,2026-07-18 00:00:00+05:30,2026-07-19 00:00:00+05:30,2026-07-25 00:00:00+05:30,89.62962962962962,100.0
6945,"Kurla, Mumbai - MPCB",L,2026-05-21 00:00:00+05:30,2026-07-19 00:00:00+05:30,2026-07-20 00:00:00+05:30,2026-07-26 00:00:00+05:30,89.62962962962962,100.0
6945,"Kurla, Mumbai - MPCB",L,2026-05-22 00:00:00+05:30,2026-07-20 00:00:00+05:30,2026-07-21 00:00:00+05:30,2026-07-27 00:00:00+05:30,89.62962962962962,100.0
6945,"Kurla, Mumbai - MPCB",L,2026-05-23 00:00:00+05:30,2026-07-21 00:00:00+05:30,2026-07-22 00:00:00+05:30,2026-07-28 00:00:00+05:30,89.62962962962962,100.0
6945,"Kurla, Mumbai - MPCB",L,2026-05-24 00:00:00+05:30,2026-07-22 00:00:00+05:30,2026-07-23 00:00:00+05:30,2026-07-29 00:00:00+05:30,89.62962962962962,100.0
6945,"Kurla, Mumbai - MPCB",L,2026-06-05 00:00:00+05:30,2026-08-03 00:00:00+05:30,2026-08-04 00:00:00+05:30,2026-08-10 00:00:00+05:30,81.2962962962963,100.0
6945,"Kurla, Mumbai - MPCB",L,2026-06-06 00:00:00+05:30,2026-08-04 00:00:00+05:30,2026-08-05 00:00:00+05:30,2026-08-11 00:00:00+05:30,82.96296296296296,100.0
6945,"Kurla, Mumbai - MPCB",L,2026-06-07 00:00:00+05:30,2026-08-05 00:00:00+05:30,2026-08-06 00:00:00+05:30,2026-08-12 00:00:00+05:30,84.62962962962963,100.0
6945,"Kurla, Mumbai - MPCB",L,2026-06-08 00:00:00+05:30,2026-08-06 00:00:00+05:30,2026-08-07 00:00:00+05:30,2026-08-13 00:00:00+05:30,86.29629629629628,100.0
6945,"Kurla, Mumbai - MPCB",L,2026-06-09 00:00:00+05:30,2026-08-07 00:00:00+05:30,2026-08-08 00:00:00+05:30,2026-08-14 00:00:00+05:30,87.96296296296298,100.0
6945,"Kurla, Mumbai - MPCB",L,2026-06-10 00:00:00+05:30,2026-08-08 00:00:00+05:30,2026-08-09 00:00:00+05:30,2026-08-15 00:00:00+05:30,87.96296296296298,100.0
6945,"Kurla, Mumbai - MPCB",L,2026-06-11 00:00:00+05:30,2026-08-09 00:00:00+05:30,2026-08-10 00:00:00+05:30,2026-08-16 00:00:00+05:30,87.96296296296298,100.0
6945,"Kurla, Mumbai - MPCB",L,2026-06-12 00:00:00+05:30,2026-08-10 00:00:00+05:30,2026-08-11 00:00:00+05:30,2026-08-17 00:00:00+05:30,87.96296296296298,100.0
6945,"Kurla, Mumbai - MPCB",L,2026-06-13 00:00:00+05:30,2026-08-11 00:00:00+05:30,2026-08-12 00:00:00+05:30,2026-08-18 00:00:00+05:30,87.96296296296298,100.0
6945,"Kurla, Mumbai - MPCB",L,2026-06-14 00:00:00+05:30,2026-08-12 00:00:00+05:30,2026-08-13 00:00:00+05:30,2026-08-19 00:00:00+05:30,87.96296296296298,100.0
6945,"Kurla, Mumbai - MPCB",L,2026-06-15 00:00:00+05:30,2026-08-13 00:00:00+05:30,2026-08-14 00:00:00+05:30,2026-08-20 00:00:00+05:30,87.96296296296298,100.0
6945,"Kurla, Mumbai - MPCB",L,2026-06-16 00:00:00+05:30,2026-08-14 00:00:00+05:30,2026-08-15 00:00:00+05:30,2026-08-21 00:00:00+05:30,87.96296296296298,100.0
6945,"Kurla, Mumbai - MPCB",L,2026-06-17 00:00:00+05:30,2026-08-15 00:00:00+05:30,2026-08-16 00:00:00+05:30,2026-08-22 00:00:00+05:30,87.96296296296298,100.0
6945,"Kurla, Mumbai - MPCB",L,2026-06-18 00:00:00+05:30,2026-08-16 00:00:00+05:30,2026-08-17 00:00:00+05:30,2026-08-23 00:00:00+05:30,87.96296296296298,100.0
6945,"Kurla, Mumbai - MPCB",L,2026-06-19 00:00:00+05:30,2026-08-17 00:00:00+05:30,2026-08-18 00:00:00+05:30,2026-08-24 00:00:00+05:30,87.96296296296298,100.0
6945,"Kurla, Mumbai - MPCB",L,2026-06-20 00:00:00+05:30,2026-08-18 00:00:00+05:30,2026-08-19 00:00:00+05:30,2026-08-25 00:00:00+05:30,87.96296296296298,100.0
6945,"Kurla, Mumbai - MPCB",L,2026-06-21 00:00:00+05:30,2026-08-19 00:00:00+05:30,2026-08-20 00:00:00+05:30,2026-08-26 00:00:00+05:30,87.96296296296298,100.0
6945,"Kurla, Mumbai - MPCB",L,2026-06-22 00:00:00+05:30,2026-08-20 00:00:00+05:30,2026-08-21 00:00:00+05:30,2026-08-27 00:00:00+05:30,87.96296296296298,100.0
6945,"Kurla, Mumbai - MPCB",L,2026-06-23 00:00:00+05:30,2026-08-21 00:00:00+05:30,2026-08-22 00:00:00+05:30,2026-08-28 00:00:00+05:30,87.96296296296298,100.0
6945,"Kurla, Mumbai - MPCB",L,2026-06-24 00:00:00+05:30,2026-08-22 00:00:00+05:30,2026-08-23 00:00:00+05:30,2026-08-29 00:00:00+05:30,87.96296296296298,100.0
6945,"Kurla, Mumbai - MPCB",L,2026-07-11 00:00:00+05:30,2026-09-08 00:00:00+05:30,2026-09-09 00:00:00+05:30,2026-09-15 00:00:00+05:30,89.99999999999999,100.0
6945,"Kurla, Mumbai - MPCB",L,2026-07-12 00:00:00+05:30,2026-09-09 00:00:00+05:30,2026-09-10 00:00:00+05:30,2026-09-16 00:00:00+05:30,89.99999999999999,100.0
6945,"Kurla, Mumbai - MPCB",L,2026-07-13 00:00:00+05:30,2026-09-10 00:00:00+05:30,2026-09-11 00:00:00+05:30,2026-09-17 00:00:00+05:30,89.99999999999999,100.0
6967,"Sion, Mumbai - MPCB",FN,2025-10-11 00:00:00+05:30,2025-12-09 00:00:00+05:30,2025-12-10 00:00:00+05:30,2025-12-16 00:00:00+05:30,100.0,100.0
6967,"Sion, Mumbai - MPCB",FN,2025-10-12 00:00:00+05:30,2025-12-10 00:00:00+05:30,2025-12-11 00:00:00+05:30,2025-12-17 00:00:00+05:30,100.0,100.0
6967,"Sion, Mumbai - MPCB",FN,2025-10-13 00:00:00+05:30,2025-12-11 00:00:00+05:30,2025-12-12 00:00:00+05:30,2025-12-18 00:00:00+05:30,100.0,100.0
6967,"Sion, Mumbai - MPCB",FN,2025-10-14 00:00:00+05:30,2025-12-12 00:00:00+05:30,2025-12-13 00:00:00+05:30,2025-12-19 00:00:00+05:30,100.0,100.0
6967,"Sion, Mumbai - MPCB",FN,2025-10-15 00:00:00+05:30,2025-12-13 00:00:00+05:30,2025-12-14 00:00:00+05:30,2025-12-20 00:00:00+05:30,100.0,100.0
6967,"Sion, Mumbai - MPCB",FN,2025-10-16 00:00:00+05:30,2025-12-14 00:00:00+05:30,2025-12-15 00:00:00+05:30,2025-12-21 00:00:00+05:30,100.0,100.0
6967,"Sion, Mumbai - MPCB",FN,2025-10-17 00:00:00+05:30,2025-12-15 00:00:00+05:30,2025-12-16 00:00:00+05:30,2025-12-22 00:00:00+05:30,100.0,100.0
6967,"Sion, Mumbai - MPCB",FN,2025-10-18 00:00:00+05:30,2025-12-16 00:00:00+05:30,2025-12-17 00:00:00+05:30,2025-12-23 00:00:00+05:30,100.0,100.0
6967,"Sion, Mumbai - MPCB",FN,2025-10-19 00:00:00+05:30,2025-12-17 00:00:00+05:30,2025-12-18 00:00:00+05:30,2025-12-24 00:00:00+05:30,100.0,100.0
6967,"Sion, Mumbai - MPCB",FN,2025-10-20 00:00:00+05:30,2025-12-18 00:00:00+05:30,2025-12-19 00:00:00+05:30,2025-12-25 00:00:00+05:30,100.0,100.0
6967,"Sion, Mumbai - MPCB",FN,2025-10-21 00:00:00+05:30,2025-12-19 00:00:00+05:30,2025-12-20 00:00:00+05:30,2025-12-26 00:00:00+05:30,100.0,100.0
6967,"Sion, Mumbai - MPCB",FN,2025-10-22 00:00:00+05:30,2025-12-20 00:00:00+05:30,2025-12-21 00:00:00+05:30,2025-12-27 00:00:00+05:30,100.0,100.0
6967,"Sion, Mumbai - MPCB",FN,2025-10-23 00:00:00+05:30,2025-12-21 00:00:00+05:30,2025-12-22 00:00:00+05:30,2025-12-28 00:00:00+05:30,100.0,100.0
6967,"Sion, Mumbai - MPCB",FN,2025-10-24 00:00:00+05:30,2025-12-22 00:00:00+05:30,2025-12-23 00:00:00+05:30,2025-12-29 00:00:00+05:30,100.0,100.0
6967,"Sion, Mumbai - MPCB",FN,2025-10-25 00:00:00+05:30,2025-12-23 00:00:00+05:30,2025-12-24 00:00:00+05:30,2025-12-30 00:00:00+05:30,100.0,100.0
6967,"Sion, Mumbai - MPCB",FN,2025-10-26 00:00:00+05:30,2025-12-24 00:00:00+05:30,2025-12-25 00:00:00+05:30,2025-12-31 00:00:00+05:30,100.0,100.0
6967,"Sion, Mumbai - MPCB",FN,2025-10-27 00:00:00+05:30,2025-12-25 00:00:00+05:30,2025-12-26 00:00:00+05:30,2026-01-01 00:00:00+05:30,100.0,100.0
6967,"Sion, Mumbai - MPCB",FN,2025-10-28 00:00:00+05:30,2025-12-26 00:00:00+05:30,2025-12-27 00:00:00+05:30,2026-01-02 00:00:00+05:30,100.0,100.0
6967,"Sion, Mumbai - MPCB",FN,2025-10-29 00:00:00+05:30,2025-12-27 00:00:00+05:30,2025-12-28 00:00:00+05:30,2026-01-03 00:00:00+05:30,100.0,100.0
6967,"Sion, Mumbai - MPCB",FN,2025-10-30 00:00:00+05:30,2025-12-28 00:00:00+05:30,2025-12-29 00:00:00+05:30,2026-01-04 00:00:00+05:30,100.0,100.0
6967,"Sion, Mumbai - MPCB",FN,2025-10-31 00:00:00+05:30,2025-12-29 00:00:00+05:30,2025-12-30 00:00:00+05:30,2026-01-05 00:00:00+05:30,100.0,100.0
6967,"Sion, Mumbai - MPCB",FN,2025-11-01 00:00:00+05:30,2025-12-30 00:00:00+05:30,2025-12-31 00:00:00+05:30,2026-01-06 00:00:00+05:30,100.0,100.0
6967,"Sion, Mumbai - MPCB",FN,2025-11-02 00:00:00+05:30,2025-12-31 00:00:00+05:30,2026-01-01 00:00:00+05:30,2026-01-07 00:00:00+05:30,100.0,100.0
6967,"Sion, Mumbai - MPCB",FN,2025-11-03 00:00:00+05:30,2026-01-01 00:00:00+05:30,2026-01-02 00:00:00+05:30,2026-01-08 00:00:00+05:30,100.0,100.0
6967,"Sion, Mumbai - MPCB",FN,2025-11-04 00:00:00+05:30,2026-01-02 00:00:00+05:30,2026-01-03 00:00:00+05:30,2026-01-09 00:00:00+05:30,100.0,100.0
6967,"Sion, Mumbai - MPCB",FN,2025-11-05 00:00:00+05:30,2026-01-03 00:00:00+05:30,2026-01-04 00:00:00+05:30,2026-01-10 00:00:00+05:30,100.0,100.0
6967,"Sion, Mumbai - MPCB",FN,2025-11-22 00:00:00+05:30,2026-01-20 00:00:00+05:30,2026-01-21 00:00:00+05:30,2026-01-27 00:00:00+05:30,85.0,100.0
6967,"Sion, Mumbai - MPCB",FN,2025-11-23 00:00:00+05:30,2026-01-21 00:00:00+05:30,2026-01-22 00:00:00+05:30,2026-01-28 00:00:00+05:30,85.0,100.0
6967,"Sion, Mumbai - MPCB",FN,2025-11-24 00:00:00+05:30,2026-01-22 00:00:00+05:30,2026-01-23 00:00:00+05:30,2026-01-29 00:00:00+05:30,85.0,100.0
6967,"Sion, Mumbai - MPCB",FN,2025-11-25 00:00:00+05:30,2026-01-23 00:00:00+05:30,2026-01-24 00:00:00+05:30,2026-01-30 00:00:00+05:30,85.0,100.0
6967,"Sion, Mumbai - MPCB",FN,2025-11-26 00:00:00+05:30,2026-01-24 00:00:00+05:30,2026-01-25 00:00:00+05:30,2026-01-31 00:00:00+05:30,85.0,100.0
6967,"Sion, Mumbai - MPCB",FN,2025-11-27 00:00:00+05:30,2026-01-25 00:00:00+05:30,2026-01-26 00:00:00+05:30,2026-02-01 00:00:00+05:30,85.0,100.0
6967,"Sion, Mumbai - MPCB",FN,2025-11-28 00:00:00+05:30,2026-01-26 00:00:00+05:30,2026-01-27 00:00:00+05:30,2026-02-02 00:00:00+05:30,85.0,100.0
6967,"Sion, Mumbai - MPCB",FN,2025-11-29 00:00:00+05:30,2026-01-27 00:00:00+05:30,2026-01-28 00:00:00+05:30,2026-02-03 00:00:00+05:30,85.0,100.0
6967,"Sion, Mumbai - MPCB",FN,2025-11-30 00:00:00+05:30,2026-01-28 00:00:00+05:30,2026-01-29 00:00:00+05:30,2026-02-04 00:00:00+05:30,85.0,100.0
6967,"Sion, Mumbai - MPCB",FN,2025-12-01 00:00:00+05:30,2026-01-29 00:00:00+05:30,2026-01-30 00:00:00+05:30,2026-02-05 00:00:00+05:30,85.0,100.0
6967,"Sion, Mumbai - MPCB",FN,2025-12-02 00:00:00+05:30,2026-01-30 00:00:00+05:30,2026-01-31 00:00:00+05:30,2026-02-06 00:00:00+05:30,85.0,100.0
6967,"Sion, Mumbai - MPCB",FN,2025-12-03 00:00:00+05:30,2026-01-31 00:00:00+05:30,2026-02-01 00:00:00+05:30,2026-02-07 00:00:00+05:30,85.0,100.0
6967,"Sion, Mumbai - MPCB",FN,2025-12-04 00:00:00+05:30,2026-02-01 00:00:00+05:30,2026-02-02 00:00:00+05:30,2026-02-08 00:00:00+05:30,85.0,100.0
6967,"Sion, Mumbai - MPCB",FN,2025-12-05 00:00:00+05:30,2026-02-02 00:00:00+05:30,2026-02-03 00:00:00+05:30,2026-02-09 00:00:00+05:30,85.0,100.0
6967,"Sion, Mumbai - MPCB",FN,2025-12-06 00:00:00+05:30,2026-02-03 00:00:00+05:30,2026-02-04 00:00:00+05:30,2026-02-10 00:00:00+05:30,85.0,100.0
6967,"Sion, Mumbai - MPCB",FN,2025-12-07 00:00:00+05:30,2026-02-04 00:00:00+05:30,2026-02-05 00:00:00+05:30,2026-02-11 00:00:00+05:30,85.0,100.0
6967,"Sion, Mumbai - MPCB",FN,2025-12-08 00:00:00+05:30,2026-02-05 00:00:00+05:30,2026-02-06 00:00:00+05:30,2026-02-12 00:00:00+05:30,85.0,100.0
6967,"Sion, Mumbai - MPCB",FN,2025-12-09 00:00:00+05:30,2026-02-06 00:00:00+05:30,2026-02-07 00:00:00+05:30,2026-02-13 00:00:00+05:30,85.0,100.0
6967,"Sion, Mumbai - MPCB",FN,2025-12-10 00:00:00+05:30,2026-02-07 00:00:00+05:30,2026-02-08 00:00:00+05:30,2026-02-14 00:00:00+05:30,84.81481481481481,100.0
6967,"Sion, Mumbai - MPCB",FN,2025-12-11 00:00:00+05:30,2026-02-08 00:00:00+05:30,2026-02-09 00:00:00+05:30,2026-02-15 00:00:00+05:30,84.6296296296296,100.0
6967,"Sion, Mumbai - MPCB",FN,2025-12-12 00:00:00+05:30,2026-02-09 00:00:00+05:30,2026-02-10 00:00:00+05:30,2026-02-16 00:00:00+05:30,84.44444444444444,100.0
6967,"Sion, Mumbai - MPCB",FN,2025-12-13 00:00:00+05:30,2026-02-10 00:00:00+05:30,2026-02-11 00:00:00+05:30,2026-02-17 00:00:00+05:30,84.25925925925924,100.0
6967,"Sion, Mumbai - MPCB",FN,2025-12-14 00:00:00+05:30,2026-02-11 00:00:00+05:30,2026-02-12 00:00:00+05:30,2026-02-18 00:00:00+05:30,84.07407407407406,100.0
6967,"Sion, Mumbai - MPCB",FN,2025-12-15 00:00:00+05:30,2026-02-12 00:00:00+05:30,2026-02-13 00:00:00+05:30,2026-02-19 00:00:00+05:30,84.07407407407406,100.0
6967,"Sion, Mumbai - MPCB",FN,2025-12-16 00:00:00+05:30,2026-02-13 00:00:00+05:30,2026-02-14 00:00:00+05:30,2026-02-20 00:00:00+05:30,84.07407407407406,100.0
6967,"Sion, Mumbai - MPCB",FN,2025-12-17 00:00:00+05:30,2026-02-14 00:00:00+05:30,2026-02-15 00:00:00+05:30,2026-02-21 00:00:00+05:30,84.07407407407406,100.0
6967,"Sion, Mumbai - MPCB",FN,2025-12-18 00:00:00+05:30,2026-02-15 00:00:00+05:30,2026-02-16 00:00:00+05:30,2026-02-22 00:00:00+05:30,84.07407407407406,100.0
6967,"Sion, Mumbai - MPCB",FN,2025-12-19 00:00:00+05:30,2026-02-16 00:00:00+05:30,2026-02-17 00:00:00+05:30,2026-02-23 00:00:00+05:30,84.07407407407406,100.0
6967,"Sion, Mumbai - MPCB",FN,2025-12-20 00:00:00+05:30,2026-02-17 00:00:00+05:30,2026-02-18 00:00:00+05:30,2026-02-24 00:00:00+05:30,84.07407407407406,100.0
6967,"Sion, Mumbai - MPCB",FN,2025-12-21 00:00:00+05:30,2026-02-18 00:00:00+05:30,2026-02-19 00:00:00+05:30,2026-02-25 00:00:00+05:30,83.88888888888889,100.0
6967,"Sion, Mumbai - MPCB",FN,2025-12-29 00:00:00+05:30,2026-02-26 00:00:00+05:30,2026-02-27 00:00:00+05:30,2026-03-05 00:00:00+05:30,82.22222222222221,100.0
6967,"Sion, Mumbai - MPCB",FN,2025-12-30 00:00:00+05:30,2026-02-27 00:00:00+05:30,2026-02-28 00:00:00+05:30,2026-03-06 00:00:00+05:30,82.22222222222221,100.0
6967,"Sion, Mumbai - MPCB",FN,2025-12-31 00:00:00+05:30,2026-02-28 00:00:00+05:30,2026-03-01 00:00:00+05:30,2026-03-07 00:00:00+05:30,82.22222222222221,100.0
6967,"Sion, Mumbai - MPCB",FN,2026-01-01 00:00:00+05:30,2026-03-01 00:00:00+05:30,2026-03-02 00:00:00+05:30,2026-03-08 00:00:00+05:30,82.22222222222221,100.0
6967,"Sion, Mumbai - MPCB",FN,2026-01-02 00:00:00+05:30,2026-03-02 00:00:00+05:30,2026-03-03 00:00:00+05:30,2026-03-09 00:00:00+05:30,82.22222222222221,100.0
6967,"Sion, Mumbai - MPCB",FN,2026-01-03 00:00:00+05:30,2026-03-03 00:00:00+05:30,2026-03-04 00:00:00+05:30,2026-03-10 00:00:00+05:30,82.22222222222221,100.0
6967,"Sion, Mumbai - MPCB",FN,2026-01-13 00:00:00+05:30,2026-03-13 00:00:00+05:30,2026-03-14 00:00:00+05:30,2026-03-20 00:00:00+05:30,80.18518518518518,100.0
6967,"Sion, Mumbai - MPCB",FN,2026-01-14 00:00:00+05:30,2026-03-14 00:00:00+05:30,2026-03-15 00:00:00+05:30,2026-03-21 00:00:00+05:30,81.85185185185185,100.0
6967,"Sion, Mumbai - MPCB",FN,2026-01-15 00:00:00+05:30,2026-03-15 00:00:00+05:30,2026-03-16 00:00:00+05:30,2026-03-22 00:00:00+05:30,83.5185185185185,100.0
6967,"Sion, Mumbai - MPCB",FN,2026-01-16 00:00:00+05:30,2026-03-16 00:00:00+05:30,2026-03-17 00:00:00+05:30,2026-03-23 00:00:00+05:30,85.18518518518519,100.0
6967,"Sion, Mumbai - MPCB",FN,2026-01-17 00:00:00+05:30,2026-03-17 00:00:00+05:30,2026-03-18 00:00:00+05:30,2026-03-24 00:00:00+05:30,86.85185185185185,100.0
6967,"Sion, Mumbai - MPCB",FN,2026-01-18 00:00:00+05:30,2026-03-18 00:00:00+05:30,2026-03-19 00:00:00+05:30,2026-03-25 00:00:00+05:30,88.51851851851852,100.0
6967,"Sion, Mumbai - MPCB",FN,2026-01-19 00:00:00+05:30,2026-03-19 00:00:00+05:30,2026-03-20 00:00:00+05:30,2026-03-26 00:00:00+05:30,90.18518518518516,100.0
6967,"Sion, Mumbai - MPCB",FN,2026-01-20 00:00:00+05:30,2026-03-20 00:00:00+05:30,2026-03-21 00:00:00+05:30,2026-03-27 00:00:00+05:30,91.85185185185186,100.0
6967,"Sion, Mumbai - MPCB",FN,2026-01-21 00:00:00+05:30,2026-03-21 00:00:00+05:30,2026-03-22 00:00:00+05:30,2026-03-28 00:00:00+05:30,91.85185185185186,100.0
6967,"Sion, Mumbai - MPCB",FN,2026-01-22 00:00:00+05:30,2026-03-22 00:00:00+05:30,2026-03-23 00:00:00+05:30,2026-03-29 00:00:00+05:30,91.85185185185186,100.0
6967,"Sion, Mumbai - MPCB",FN,2026-01-23 00:00:00+05:30,2026-03-23 00:00:00+05:30,2026-03-24 00:00:00+05:30,2026-03-30 00:00:00+05:30,91.85185185185186,100.0
6967,"Sion, Mumbai - MPCB",FN,2026-01-24 00:00:00+05:30,2026-03-24 00:00:00+05:30,2026-03-25 00:00:00+05:30,2026-03-31 00:00:00+05:30,91.85185185185186,100.0
6967,"Sion, Mumbai - MPCB",FN,2026-01-25 00:00:00+05:30,2026-03-25 00:00:00+05:30,2026-03-26 00:00:00+05:30,2026-04-01 00:00:00+05:30,91.85185185185186,100.0
6967,"Sion, Mumbai - MPCB",FN,2026-01-26 00:00:00+05:30,2026-03-26 00:00:00+05:30,2026-03-27 00:00:00+05:30,2026-04-02 00:00:00+05:30,91.85185185185186,100.0
6967,"Sion, Mumbai - MPCB",FN,2026-01-27 00:00:00+05:30,2026-03-27 00:00:00+05:30,2026-03-28 00:00:00+05:30,2026-04-03 00:00:00+05:30,91.85185185185186,100.0
6967,"Sion, Mumbai - MPCB",FN,2026-01-28 00:00:00+05:30,2026-03-28 00:00:00+05:30,2026-03-29 00:00:00+05:30,2026-04-04 00:00:00+05:30,91.66666666666666,100.0
6967,"Sion, Mumbai - MPCB",FN,2026-01-29 00:00:00+05:30,2026-03-29 00:00:00+05:30,2026-03-30 00:00:00+05:30,2026-04-05 00:00:00+05:30,91.4814814814815,100.0
6967,"Sion, Mumbai - MPCB",FN,2026-01-30 00:00:00+05:30,2026-03-30 00:00:00+05:30,2026-03-31 00:00:00+05:30,2026-04-06 00:00:00+05:30,91.2962962962963,100.0
6967,"Sion, Mumbai - MPCB",FN,2026-01-31 00:00:00+05:30,2026-03-31 00:00:00+05:30,2026-04-01 00:00:00+05:30,2026-04-07 00:00:00+05:30,91.11111111111111,100.0
6967,"Sion, Mumbai - MPCB",FN,2026-02-01 00:00:00+05:30,2026-04-01 00:00:00+05:30,2026-04-02 00:00:00+05:30,2026-04-08 00:00:00+05:30,90.92592592592594,100.0
6967,"Sion, Mumbai - MPCB",FN,2026-02-02 00:00:00+05:30,2026-04-02 00:00:00+05:30,2026-04-03 00:00:00+05:30,2026-04-09 00:00:00+05:30,90.74074074074073,100.0
6967,"Sion, Mumbai - MPCB",FN,2026-02-03 00:00:00+05:30,2026-04-03 00:00:00+05:30,2026-04-04 00:00:00+05:30,2026-04-10 00:00:00+05:30,90.55555555555556,100.0
12024,"Chakala-Andheri East, Mumbai - IITM",KE,2025-10-11 00:00:00+05:30,2025-12-09 00:00:00+05:30,2025-12-10 00:00:00+05:30,2025-12-16 00:00:00+05:30,99.62962962962963,100.0
12024,"Chakala-Andheri East, Mumbai - IITM",KE,2025-10-12 00:00:00+05:30,2025-12-10 00:00:00+05:30,2025-12-11 00:00:00+05:30,2025-12-17 00:00:00+05:30,99.44444444444443,100.0
12024,"Chakala-Andheri East, Mumbai - IITM",KE,2025-10-13 00:00:00+05:30,2025-12-11 00:00:00+05:30,2025-12-12 00:00:00+05:30,2025-12-18 00:00:00+05:30,99.44444444444443,100.0
12024,"Chakala-Andheri East, Mumbai - IITM",KE,2025-10-14 00:00:00+05:30,2025-12-12 00:00:00+05:30,2025-12-13 00:00:00+05:30,2025-12-19 00:00:00+05:30,99.44444444444443,100.0
12024,"Chakala-Andheri East, Mumbai - IITM",KE,2025-10-15 00:00:00+05:30,2025-12-13 00:00:00+05:30,2025-12-14 00:00:00+05:30,2025-12-20 00:00:00+05:30,99.44444444444443,100.0
12024,"Chakala-Andheri East, Mumbai - IITM",KE,2025-10-16 00:00:00+05:30,2025-12-14 00:00:00+05:30,2025-12-15 00:00:00+05:30,2025-12-21 00:00:00+05:30,99.44444444444443,100.0
12024,"Chakala-Andheri East, Mumbai - IITM",KE,2025-10-17 00:00:00+05:30,2025-12-15 00:00:00+05:30,2025-12-16 00:00:00+05:30,2025-12-22 00:00:00+05:30,99.44444444444443,100.0
12024,"Chakala-Andheri East, Mumbai - IITM",KE,2025-10-18 00:00:00+05:30,2025-12-16 00:00:00+05:30,2025-12-17 00:00:00+05:30,2025-12-23 00:00:00+05:30,99.44444444444443,100.0
12024,"Chakala-Andheri East, Mumbai - IITM",KE,2025-10-19 00:00:00+05:30,2025-12-17 00:00:00+05:30,2025-12-18 00:00:00+05:30,2025-12-24 00:00:00+05:30,99.44444444444443,100.0
12024,"Chakala-Andheri East, Mumbai - IITM",KE,2025-10-20 00:00:00+05:30,2025-12-18 00:00:00+05:30,2025-12-19 00:00:00+05:30,2025-12-25 00:00:00+05:30,99.44444444444443,100.0
12024,"Chakala-Andheri East, Mumbai - IITM",KE,2025-10-21 00:00:00+05:30,2025-12-19 00:00:00+05:30,2025-12-20 00:00:00+05:30,2025-12-26 00:00:00+05:30,99.44444444444443,100.0
12024,"Chakala-Andheri East, Mumbai - IITM",KE,2025-10-29 00:00:00+05:30,2025-12-27 00:00:00+05:30,2025-12-28 00:00:00+05:30,2026-01-03 00:00:00+05:30,99.25925925925925,100.0
12024,"Chakala-Andheri East, Mumbai - IITM",KE,2025-10-30 00:00:00+05:30,2025-12-28 00:00:00+05:30,2025-12-29 00:00:00+05:30,2026-01-04 00:00:00+05:30,99.25925925925925,100.0
12024,"Chakala-Andheri East, Mumbai - IITM",KE,2025-10-31 00:00:00+05:30,2025-12-29 00:00:00+05:30,2025-12-30 00:00:00+05:30,2026-01-05 00:00:00+05:30,99.25925925925925,100.0
12024,"Chakala-Andheri East, Mumbai - IITM",KE,2025-11-01 00:00:00+05:30,2025-12-30 00:00:00+05:30,2025-12-31 00:00:00+05:30,2026-01-06 00:00:00+05:30,99.25925925925925,100.0
12024,"Chakala-Andheri East, Mumbai - IITM",KE,2025-11-02 00:00:00+05:30,2025-12-31 00:00:00+05:30,2026-01-01 00:00:00+05:30,2026-01-07 00:00:00+05:30,99.44444444444443,100.0
12024,"Chakala-Andheri East, Mumbai - IITM",KE,2025-11-03 00:00:00+05:30,2026-01-01 00:00:00+05:30,2026-01-02 00:00:00+05:30,2026-01-08 00:00:00+05:30,99.44444444444443,100.0
12024,"Chakala-Andheri East, Mumbai - IITM",KE,2025-11-04 00:00:00+05:30,2026-01-02 00:00:00+05:30,2026-01-03 00:00:00+05:30,2026-01-09 00:00:00+05:30,99.44444444444443,100.0
12024,"Chakala-Andheri East, Mumbai - IITM",KE,2025-11-05 00:00:00+05:30,2026-01-03 00:00:00+05:30,2026-01-04 00:00:00+05:30,2026-01-10 00:00:00+05:30,99.62962962962963,100.0
12024,"Chakala-Andheri East, Mumbai - IITM",KE,2025-11-22 00:00:00+05:30,2026-01-20 00:00:00+05:30,2026-01-21 00:00:00+05:30,2026-01-27 00:00:00+05:30,84.25925925925924,100.0
12024,"Chakala-Andheri East, Mumbai - IITM",KE,2025-11-23 00:00:00+05:30,2026-01-21 00:00:00+05:30,2026-01-22 00:00:00+05:30,2026-01-28 00:00:00+05:30,84.25925925925924,100.0
12024,"Chakala-Andheri East, Mumbai - IITM",KE,2025-11-24 00:00:00+05:30,2026-01-22 00:00:00+05:30,2026-01-23 00:00:00+05:30,2026-01-29 00:00:00+05:30,84.25925925925924,100.0
12024,"Chakala-Andheri East, Mumbai - IITM",KE,2025-11-25 00:00:00+05:30,2026-01-23 00:00:00+05:30,2026-01-24 00:00:00+05:30,2026-01-30 00:00:00+05:30,84.25925925925924,100.0
12024,"Chakala-Andheri East, Mumbai - IITM",KE,2025-11-26 00:00:00+05:30,2026-01-24 00:00:00+05:30,2026-01-25 00:00:00+05:30,2026-01-31 00:00:00+05:30,84.25925925925924,100.0
12024,"Chakala-Andheri East, Mumbai - IITM",KE,2025-11-27 00:00:00+05:30,2026-01-25 00:00:00+05:30,2026-01-26 00:00:00+05:30,2026-02-01 00:00:00+05:30,84.25925925925924,100.0
12024,"Chakala-Andheri East, Mumbai - IITM",KE,2025-11-28 00:00:00+05:30,2026-01-26 00:00:00+05:30,2026-01-27 00:00:00+05:30,2026-02-02 00:00:00+05:30,84.25925925925924,100.0
12024,"Chakala-Andheri East, Mumbai - IITM",KE,2025-11-29 00:00:00+05:30,2026-01-27 00:00:00+05:30,2026-01-28 00:00:00+05:30,2026-02-03 00:00:00+05:30,84.25925925925924,100.0
12024,"Chakala-Andheri East, Mumbai - IITM",KE,2025-11-30 00:00:00+05:30,2026-01-28 00:00:00+05:30,2026-01-29 00:00:00+05:30,2026-02-04 00:00:00+05:30,84.25925925925924,100.0
12024,"Chakala-Andheri East, Mumbai - IITM",KE,2025-12-08 00:00:00+05:30,2026-02-05 00:00:00+05:30,2026-02-06 00:00:00+05:30,2026-02-12 00:00:00+05:30,84.07407407407406,100.0
12024,"Chakala-Andheri East, Mumbai - IITM",KE,2025-12-09 00:00:00+05:30,2026-02-06 00:00:00+05:30,2026-02-07 00:00:00+05:30,2026-02-13 00:00:00+05:30,84.07407407407406,100.0
12024,"Chakala-Andheri East, Mumbai - IITM",KE,2025-12-10 00:00:00+05:30,2026-02-07 00:00:00+05:30,2026-02-08 00:00:00+05:30,2026-02-14 00:00:00+05:30,84.07407407407406,100.0
12024,"Chakala-Andheri East, Mumbai - IITM",KE,2025-12-11 00:00:00+05:30,2026-02-08 00:00:00+05:30,2026-02-09 00:00:00+05:30,2026-02-15 00:00:00+05:30,84.25925925925924,100.0
12024,"Chakala-Andheri East, Mumbai - IITM",KE,2025-12-12 00:00:00+05:30,2026-02-09 00:00:00+05:30,2026-02-10 00:00:00+05:30,2026-02-16 00:00:00+05:30,84.25925925925924,100.0
12024,"Chakala-Andheri East, Mumbai - IITM",KE,2025-12-13 00:00:00+05:30,2026-02-10 00:00:00+05:30,2026-02-11 00:00:00+05:30,2026-02-17 00:00:00+05:30,84.25925925925924,100.0
12024,"Chakala-Andheri East, Mumbai - IITM",KE,2025-12-14 00:00:00+05:30,2026-02-11 00:00:00+05:30,2026-02-12 00:00:00+05:30,2026-02-18 00:00:00+05:30,84.25925925925924,100.0
12024,"Chakala-Andheri East, Mumbai - IITM",KE,2025-12-15 00:00:00+05:30,2026-02-12 00:00:00+05:30,2026-02-13 00:00:00+05:30,2026-02-19 00:00:00+05:30,84.25925925925924,100.0
12024,"Chakala-Andheri East, Mumbai - IITM",KE,2025-12-16 00:00:00+05:30,2026-02-13 00:00:00+05:30,2026-02-14 00:00:00+05:30,2026-02-20 00:00:00+05:30,84.07407407407406,100.0
12024,"Chakala-Andheri East, Mumbai - IITM",KE,2025-12-17 00:00:00+05:30,2026-02-14 00:00:00+05:30,2026-02-15 00:00:00+05:30,2026-02-21 00:00:00+05:30,84.07407407407406,100.0
12024,"Chakala-Andheri East, Mumbai - IITM",KE,2025-12-18 00:00:00+05:30,2026-02-15 00:00:00+05:30,2026-02-16 00:00:00+05:30,2026-02-22 00:00:00+05:30,84.07407407407406,100.0
12024,"Chakala-Andheri East, Mumbai - IITM",KE,2025-12-19 00:00:00+05:30,2026-02-16 00:00:00+05:30,2026-02-17 00:00:00+05:30,2026-02-23 00:00:00+05:30,84.07407407407406,100.0
12024,"Chakala-Andheri East, Mumbai - IITM",KE,2025-12-20 00:00:00+05:30,2026-02-17 00:00:00+05:30,2026-02-18 00:00:00+05:30,2026-02-24 00:00:00+05:30,84.07407407407406,100.0
12024,"Chakala-Andheri East, Mumbai - IITM",KE,2025-12-21 00:00:00+05:30,2026-02-18 00:00:00+05:30,2026-02-19 00:00:00+05:30,2026-02-25 00:00:00+05:30,84.07407407407406,100.0
12024,"Chakala-Andheri East, Mumbai - IITM",KE,2025-12-22 00:00:00+05:30,2026-02-19 00:00:00+05:30,2026-02-20 00:00:00+05:30,2026-02-26 00:00:00+05:30,84.07407407407406,100.0
12024,"Chakala-Andheri East, Mumbai - IITM",KE,2025-12-23 00:00:00+05:30,2026-02-20 00:00:00+05:30,2026-02-21 00:00:00+05:30,2026-02-27 00:00:00+05:30,84.07407407407406,100.0
12024,"Chakala-Andheri East, Mumbai - IITM",KE,2025-12-24 00:00:00+05:30,2026-02-21 00:00:00+05:30,2026-02-22 00:00:00+05:30,2026-02-28 00:00:00+05:30,84.07407407407406,100.0
12024,"Chakala-Andheri East, Mumbai - IITM",KE,2025-12-25 00:00:00+05:30,2026-02-22 00:00:00+05:30,2026-02-23 00:00:00+05:30,2026-03-01 00:00:00+05:30,84.07407407407406,100.0
12024,"Chakala-Andheri East, Mumbai - IITM",KE,2025-12-26 00:00:00+05:30,2026-02-23 00:00:00+05:30,2026-02-24 00:00:00+05:30,2026-03-02 00:00:00+05:30,84.07407407407406,100.0
12024,"Chakala-Andheri East, Mumbai - IITM",KE,2025-12-27 00:00:00+05:30,2026-02-24 00:00:00+05:30,2026-02-25 00:00:00+05:30,2026-03-03 00:00:00+05:30,84.07407407407406,100.0
12024,"Chakala-Andheri East, Mumbai - IITM",KE,2025-12-28 00:00:00+05:30,2026-02-25 00:00:00+05:30,2026-02-26 00:00:00+05:30,2026-03-04 00:00:00+05:30,84.25925925925924,100.0
12024,"Chakala-Andheri East, Mumbai - IITM",KE,2025-12-29 00:00:00+05:30,2026-02-26 00:00:00+05:30,2026-02-27 00:00:00+05:30,2026-03-05 00:00:00+05:30,84.25925925925924,100.0
12024,"Chakala-Andheri East, Mumbai - IITM",KE,2025-12-30 00:00:00+05:30,2026-02-27 00:00:00+05:30,2026-02-28 00:00:00+05:30,2026-03-06 00:00:00+05:30,84.25925925925924,100.0
12024,"Chakala-Andheri East, Mumbai - IITM",KE,2025-12-31 00:00:00+05:30,2026-02-28 00:00:00+05:30,2026-03-01 00:00:00+05:30,2026-03-07 00:00:00+05:30,84.25925925925924,100.0
12024,"Chakala-Andheri East, Mumbai - IITM",KE,2026-01-01 00:00:00+05:30,2026-03-01 00:00:00+05:30,2026-03-02 00:00:00+05:30,2026-03-08 00:00:00+05:30,84.25925925925924,100.0
12024,"Chakala-Andheri East, Mumbai - IITM",KE,2026-01-02 00:00:00+05:30,2026-03-02 00:00:00+05:30,2026-03-03 00:00:00+05:30,2026-03-09 00:00:00+05:30,84.25925925925924,100.0
12024,"Chakala-Andheri East, Mumbai - IITM",KE,2026-01-03 00:00:00+05:30,2026-03-03 00:00:00+05:30,2026-03-04 00:00:00+05:30,2026-03-10 00:00:00+05:30,84.25925925925924,100.0
12024,"Chakala-Andheri East, Mumbai - IITM",KE,2026-01-04 00:00:00+05:30,2026-03-04 00:00:00+05:30,2026-03-05 00:00:00+05:30,2026-03-11 00:00:00+05:30,84.07407407407406,100.0
12024,"Chakala-Andheri East, Mumbai - IITM",KE,2026-01-05 00:00:00+05:30,2026-03-05 00:00:00+05:30,2026-03-06 00:00:00+05:30,2026-03-12 00:00:00+05:30,83.88888888888889,100.0
12024,"Chakala-Andheri East, Mumbai - IITM",KE,2026-01-06 00:00:00+05:30,2026-03-06 00:00:00+05:30,2026-03-07 00:00:00+05:30,2026-03-13 00:00:00+05:30,83.7037037037037,100.0
12024,"Chakala-Andheri East, Mumbai - IITM",KE,2026-01-07 00:00:00+05:30,2026-03-07 00:00:00+05:30,2026-03-08 00:00:00+05:30,2026-03-14 00:00:00+05:30,83.5185185185185,100.0
12024,"Chakala-Andheri East, Mumbai - IITM",KE,2026-01-08 00:00:00+05:30,2026-03-08 00:00:00+05:30,2026-03-09 00:00:00+05:30,2026-03-15 00:00:00+05:30,83.33333333333333,100.0
12024,"Chakala-Andheri East, Mumbai - IITM",KE,2026-01-09 00:00:00+05:30,2026-03-09 00:00:00+05:30,2026-03-10 00:00:00+05:30,2026-03-16 00:00:00+05:30,83.14814814814814,100.0
12024,"Chakala-Andheri East, Mumbai - IITM",KE,2026-01-10 00:00:00+05:30,2026-03-10 00:00:00+05:30,2026-03-11 00:00:00+05:30,2026-03-17 00:00:00+05:30,83.5185185185185,100.0
12024,"Chakala-Andheri East, Mumbai - IITM",KE,2026-01-13 00:00:00+05:30,2026-03-13 00:00:00+05:30,2026-03-14 00:00:00+05:30,2026-03-20 00:00:00+05:30,85.37037037037038,100.0
12024,"Chakala-Andheri East, Mumbai - IITM",KE,2026-01-14 00:00:00+05:30,2026-03-14 00:00:00+05:30,2026-03-15 00:00:00+05:30,2026-03-21 00:00:00+05:30,86.29629629629629,100.0
12024,"Chakala-Andheri East, Mumbai - IITM",KE,2026-01-15 00:00:00+05:30,2026-03-15 00:00:00+05:30,2026-03-16 00:00:00+05:30,2026-03-22 00:00:00+05:30,87.22222222222223,100.0
12024,"Chakala-Andheri East, Mumbai - IITM",KE,2026-01-16 00:00:00+05:30,2026-03-16 00:00:00+05:30,2026-03-17 00:00:00+05:30,2026-03-23 00:00:00+05:30,88.14814814814815,100.0
12024,"Chakala-Andheri East, Mumbai - IITM",KE,2026-01-17 00:00:00+05:30,2026-03-17 00:00:00+05:30,2026-03-18 00:00:00+05:30,2026-03-24 00:00:00+05:30,89.07407407407406,100.0
12024,"Chakala-Andheri East, Mumbai - IITM",KE,2026-01-18 00:00:00+05:30,2026-03-18 00:00:00+05:30,2026-03-19 00:00:00+05:30,2026-03-25 00:00:00+05:30,89.99999999999999,100.0
3409323,"Worli, Mumbai - MPCB",GS,2025-10-12 00:00:00+05:30,2025-12-10 00:00:00+05:30,2025-12-11 00:00:00+05:30,2025-12-17 00:00:00+05:30,100.0,100.0
3409323,"Worli, Mumbai - MPCB",GS,2025-10-13 00:00:00+05:30,2025-12-11 00:00:00+05:30,2025-12-12 00:00:00+05:30,2025-12-18 00:00:00+05:30,100.0,100.0
3409323,"Worli, Mumbai - MPCB",GS,2025-10-14 00:00:00+05:30,2025-12-12 00:00:00+05:30,2025-12-13 00:00:00+05:30,2025-12-19 00:00:00+05:30,100.0,100.0
3409323,"Worli, Mumbai - MPCB",GS,2025-10-15 00:00:00+05:30,2025-12-13 00:00:00+05:30,2025-12-14 00:00:00+05:30,2025-12-20 00:00:00+05:30,100.0,100.0
3409323,"Worli, Mumbai - MPCB",GS,2026-02-12 00:00:00+05:30,2026-04-12 00:00:00+05:30,2026-04-13 00:00:00+05:30,2026-04-19 00:00:00+05:30,91.29629629629628,100.0
3409323,"Worli, Mumbai - MPCB",GS,2026-02-13 00:00:00+05:30,2026-04-13 00:00:00+05:30,2026-04-14 00:00:00+05:30,2026-04-20 00:00:00+05:30,92.96296296296298,100.0
3409323,"Worli, Mumbai - MPCB",GS,2026-02-14 00:00:00+05:30,2026-04-14 00:00:00+05:30,2026-04-15 00:00:00+05:30,2026-04-21 00:00:00+05:30,94.62962962962962,100.0
3409323,"Worli, Mumbai - MPCB",GS,2026-02-15 00:00:00+05:30,2026-04-15 00:00:00+05:30,2026-04-16 00:00:00+05:30,2026-04-22 00:00:00+05:30,96.29629629629629,100.0
3409323,"Worli, Mumbai - MPCB",GS,2026-02-16 00:00:00+05:30,2026-04-16 00:00:00+05:30,2026-04-17 00:00:00+05:30,2026-04-23 00:00:00+05:30,97.96296296296293,100.0
3409323,"Worli, Mumbai - MPCB",GS,2026-02-17 00:00:00+05:30,2026-04-17 00:00:00+05:30,2026-04-18 00:00:00+05:30,2026-04-24 00:00:00+05:30,99.62962962962963,100.0
3409323,"Worli, Mumbai - MPCB",GS,2026-02-18 00:00:00+05:30,2026-04-18 00:00:00+05:30,2026-04-19 00:00:00+05:30,2026-04-25 00:00:00+05:30,99.81481481481482,100.0
3409323,"Worli, Mumbai - MPCB",GS,2026-02-19 00:00:00+05:30,2026-04-19 00:00:00+05:30,2026-04-20 00:00:00+05:30,2026-04-26 00:00:00+05:30,100.0,100.0
3409323,"Worli, Mumbai - MPCB",GS,2026-02-20 00:00:00+05:30,2026-04-20 00:00:00+05:30,2026-04-21 00:00:00+05:30,2026-04-27 00:00:00+05:30,100.0,100.0
3409323,"Worli, Mumbai - MPCB",GS,2026-02-21 00:00:00+05:30,2026-04-21 00:00:00+05:30,2026-04-22 00:00:00+05:30,2026-04-28 00:00:00+05:30,100.0,100.0
3409323,"Worli, Mumbai - MPCB",GS,2026-02-22 00:00:00+05:30,2026-04-22 00:00:00+05:30,2026-04-23 00:00:00+05:30,2026-04-29 00:00:00+05:30,100.0,100.0
3409323,"Worli, Mumbai - MPCB",GS,2026-02-23 00:00:00+05:30,2026-04-23 00:00:00+05:30,2026-04-24 00:00:00+05:30,2026-04-30 00:00:00+05:30,100.0,100.0
3409323,"Worli, Mumbai - MPCB",GS,2026-02-24 00:00:00+05:30,2026-04-24 00:00:00+05:30,2026-04-25 00:00:00+05:30,2026-05-01 00:00:00+05:30,100.0,100.0
3409323,"Worli, Mumbai - MPCB",GS,2026-02-25 00:00:00+05:30,2026-04-25 00:00:00+05:30,2026-04-26 00:00:00+05:30,2026-05-02 00:00:00+05:30,100.0,100.0
3409323,"Worli, Mumbai - MPCB",GS,2026-02-26 00:00:00+05:30,2026-04-26 00:00:00+05:30,2026-04-27 00:00:00+05:30,2026-05-03 00:00:00+05:30,100.0,100.0
3409323,"Worli, Mumbai - MPCB",GS,2026-02-27 00:00:00+05:30,2026-04-27 00:00:00+05:30,2026-04-28 00:00:00+05:30,2026-05-04 00:00:00+05:30,100.0,100.0
3409323,"Worli, Mumbai - MPCB",GS,2026-02-28 00:00:00+05:30,2026-04-28 00:00:00+05:30,2026-04-29 00:00:00+05:30,2026-05-05 00:00:00+05:30,100.0,100.0
3409323,"Worli, Mumbai - MPCB",GS,2026-03-01 00:00:00+05:30,2026-04-29 00:00:00+05:30,2026-04-30 00:00:00+05:30,2026-05-06 00:00:00+05:30,100.0,100.0
3409323,"Worli, Mumbai - MPCB",GS,2026-03-02 00:00:00+05:30,2026-04-30 00:00:00+05:30,2026-05-01 00:00:00+05:30,2026-05-07 00:00:00+05:30,100.0,100.0
3409323,"Worli, Mumbai - MPCB",GS,2026-03-03 00:00:00+05:30,2026-05-01 00:00:00+05:30,2026-05-02 00:00:00+05:30,2026-05-08 00:00:00+05:30,100.0,100.0
3409323,"Worli, Mumbai - MPCB",GS,2026-03-04 00:00:00+05:30,2026-05-02 00:00:00+05:30,2026-05-03 00:00:00+05:30,2026-05-09 00:00:00+05:30,100.0,100.0
3409323,"Worli, Mumbai - MPCB",GS,2026-03-05 00:00:00+05:30,2026-05-03 00:00:00+05:30,2026-05-04 00:00:00+05:30,2026-05-10 00:00:00+05:30,100.0,100.0
3409323,"Worli, Mumbai - MPCB",GS,2026-03-06 00:00:00+05:30,2026-05-04 00:00:00+05:30,2026-05-05 00:00:00+05:30,2026-05-11 00:00:00+05:30,100.0,100.0
3409323,"Worli, Mumbai - MPCB",GS,2026-03-07 00:00:00+05:30,2026-05-05 00:00:00+05:30,2026-05-06 00:00:00+05:30,2026-05-12 00:00:00+05:30,100.0,100.0
3409323,"Worli, Mumbai - MPCB",GS,2026-03-08 00:00:00+05:30,2026-05-06 00:00:00+05:30,2026-05-07 00:00:00+05:30,2026-05-13 00:00:00+05:30,100.0,100.0
3409323,"Worli, Mumbai - MPCB",GS,2026-03-09 00:00:00+05:30,2026-05-07 00:00:00+05:30,2026-05-08 00:00:00+05:30,2026-05-14 00:00:00+05:30,100.0,100.0
3409323,"Worli, Mumbai - MPCB",GS,2026-03-10 00:00:00+05:30,2026-05-08 00:00:00+05:30,2026-05-09 00:00:00+05:30,2026-05-15 00:00:00+05:30,100.0,100.0
3409323,"Worli, Mumbai - MPCB",GS,2026-03-11 00:00:00+05:30,2026-05-09 00:00:00+05:30,2026-05-10 00:00:00+05:30,2026-05-16 00:00:00+05:30,100.0,100.0
3409323,"Worli, Mumbai - MPCB",GS,2026-03-12 00:00:00+05:30,2026-05-10 00:00:00+05:30,2026-05-11 00:00:00+05:30,2026-05-17 00:00:00+05:30,100.0,100.0
3409323,"Worli, Mumbai - MPCB",GS,2026-03-13 00:00:00+05:30,2026-05-11 00:00:00+05:30,2026-05-12 00:00:00+05:30,2026-05-18 00:00:00+05:30,100.0,100.0
3409323,"Worli, Mumbai - MPCB",GS,2026-03-14 00:00:00+05:30,2026-05-12 00:00:00+05:30,2026-05-13 00:00:00+05:30,2026-05-19 00:00:00+05:30,100.0,100.0
3409323,"Worli, Mumbai - MPCB",GS,2026-04-17 00:00:00+05:30,2026-06-15 00:00:00+05:30,2026-06-16 00:00:00+05:30,2026-06-22 00:00:00+05:30,95.74074074074075,100.0
3409323,"Worli, Mumbai - MPCB",GS,2026-04-18 00:00:00+05:30,2026-06-16 00:00:00+05:30,2026-06-17 00:00:00+05:30,2026-06-23 00:00:00+05:30,95.74074074074075,100.0
3409323,"Worli, Mumbai - MPCB",GS,2026-04-26 00:00:00+05:30,2026-06-24 00:00:00+05:30,2026-06-25 00:00:00+05:30,2026-07-01 00:00:00+05:30,94.07407407407405,100.0
3409323,"Worli, Mumbai - MPCB",GS,2026-04-27 00:00:00+05:30,2026-06-25 00:00:00+05:30,2026-06-26 00:00:00+05:30,2026-07-02 00:00:00+05:30,93.88888888888887,100.0
3409323,"Worli, Mumbai - MPCB",GS,2026-04-28 00:00:00+05:30,2026-06-26 00:00:00+05:30,2026-06-27 00:00:00+05:30,2026-07-03 00:00:00+05:30,93.88888888888887,100.0
3409323,"Worli, Mumbai - MPCB",GS,2026-04-29 00:00:00+05:30,2026-06-27 00:00:00+05:30,2026-06-28 00:00:00+05:30,2026-07-04 00:00:00+05:30,93.88888888888887,100.0
3409323,"Worli, Mumbai - MPCB",GS,2026-04-30 00:00:00+05:30,2026-06-28 00:00:00+05:30,2026-06-29 00:00:00+05:30,2026-07-05 00:00:00+05:30,93.88888888888887,100.0
3409323,"Worli, Mumbai - MPCB",GS,2026-05-01 00:00:00+05:30,2026-06-29 00:00:00+05:30,2026-06-30 00:00:00+05:30,2026-07-06 00:00:00+05:30,93.88888888888887,100.0
3409323,"Worli, Mumbai - MPCB",GS,2026-05-02 00:00:00+05:30,2026-06-30 00:00:00+05:30,2026-07-01 00:00:00+05:30,2026-07-07 00:00:00+05:30,93.7037037037037,100.0
3409323,"Worli, Mumbai - MPCB",GS,2026-05-03 00:00:00+05:30,2026-07-01 00:00:00+05:30,2026-07-02 00:00:00+05:30,2026-07-08 00:00:00+05:30,93.7037037037037,100.0
3409323,"Worli, Mumbai - MPCB",GS,2026-05-04 00:00:00+05:30,2026-07-02 00:00:00+05:30,2026-07-03 00:00:00+05:30,2026-07-09 00:00:00+05:30,93.5185185185185,100.0
3409323,"Worli, Mumbai - MPCB",GS,2026-05-05 00:00:00+05:30,2026-07-03 00:00:00+05:30,2026-07-04 00:00:00+05:30,2026-07-10 00:00:00+05:30,93.33333333333331,100.0
3409323,"Worli, Mumbai - MPCB",GS,2026-05-06 00:00:00+05:30,2026-07-04 00:00:00+05:30,2026-07-05 00:00:00+05:30,2026-07-11 00:00:00+05:30,93.14814814814815,100.0
3409323,"Worli, Mumbai - MPCB",GS,2026-05-07 00:00:00+05:30,2026-07-05 00:00:00+05:30,2026-07-06 00:00:00+05:30,2026-07-12 00:00:00+05:30,92.96296296296295,100.0
3409323,"Worli, Mumbai - MPCB",GS,2026-05-08 00:00:00+05:30,2026-07-06 00:00:00+05:30,2026-07-07 00:00:00+05:30,2026-07-13 00:00:00+05:30,92.77777777777777,100.0
3409323,"Worli, Mumbai - MPCB",GS,2026-05-09 00:00:00+05:30,2026-07-07 00:00:00+05:30,2026-07-08 00:00:00+05:30,2026-07-14 00:00:00+05:30,92.59259259259258,100.0
3409323,"Worli, Mumbai - MPCB",GS,2026-05-10 00:00:00+05:30,2026-07-08 00:00:00+05:30,2026-07-09 00:00:00+05:30,2026-07-15 00:00:00+05:30,92.4074074074074,100.0
3409323,"Worli, Mumbai - MPCB",GS,2026-05-13 00:00:00+05:30,2026-07-11 00:00:00+05:30,2026-07-12 00:00:00+05:30,2026-07-18 00:00:00+05:30,92.03703703703702,100.0
3409323,"Worli, Mumbai - MPCB",GS,2026-05-14 00:00:00+05:30,2026-07-12 00:00:00+05:30,2026-07-13 00:00:00+05:30,2026-07-19 00:00:00+05:30,92.03703703703702,100.0
3409323,"Worli, Mumbai - MPCB",GS,2026-05-15 00:00:00+05:30,2026-07-13 00:00:00+05:30,2026-07-14 00:00:00+05:30,2026-07-20 00:00:00+05:30,92.03703703703702,100.0
3409323,"Worli, Mumbai - MPCB",GS,2026-05-16 00:00:00+05:30,2026-07-14 00:00:00+05:30,2026-07-15 00:00:00+05:30,2026-07-21 00:00:00+05:30,92.03703703703702,100.0
3409323,"Worli, Mumbai - MPCB",GS,2026-05-17 00:00:00+05:30,2026-07-15 00:00:00+05:30,2026-07-16 00:00:00+05:30,2026-07-22 00:00:00+05:30,92.03703703703702,100.0
3409323,"Worli, Mumbai - MPCB",GS,2026-05-18 00:00:00+05:30,2026-07-16 00:00:00+05:30,2026-07-17 00:00:00+05:30,2026-07-23 00:00:00+05:30,91.85185185185183,100.0
3409323,"Worli, Mumbai - MPCB",GS,2026-05-19 00:00:00+05:30,2026-07-17 00:00:00+05:30,2026-07-18 00:00:00+05:30,2026-07-24 00:00:00+05:30,91.85185185185183,100.0
3409323,"Worli, Mumbai - MPCB",GS,2026-05-20 00:00:00+05:30,2026-07-18 00:00:00+05:30,2026-07-19 00:00:00+05:30,2026-07-25 00:00:00+05:30,91.66666666666666,100.0
3409323,"Worli, Mumbai - MPCB",GS,2026-05-21 00:00:00+05:30,2026-07-19 00:00:00+05:30,2026-07-20 00:00:00+05:30,2026-07-26 00:00:00+05:30,91.66666666666666,100.0
3409323,"Worli, Mumbai - MPCB",GS,2026-05-22 00:00:00+05:30,2026-07-20 00:00:00+05:30,2026-07-21 00:00:00+05:30,2026-07-27 00:00:00+05:30,91.66666666666666,100.0
3409323,"Worli, Mumbai - MPCB",GS,2026-05-23 00:00:00+05:30,2026-07-21 00:00:00+05:30,2026-07-22 00:00:00+05:30,2026-07-28 00:00:00+05:30,91.66666666666666,100.0
3409323,"Worli, Mumbai - MPCB",GS,2026-05-25 00:00:00+05:30,2026-07-23 00:00:00+05:30,2026-07-24 00:00:00+05:30,2026-07-30 00:00:00+05:30,91.48148148148148,100.0
3409323,"Worli, Mumbai - MPCB",GS,2026-05-26 00:00:00+05:30,2026-07-24 00:00:00+05:30,2026-07-25 00:00:00+05:30,2026-07-31 00:00:00+05:30,91.29629629629628,100.0
3409323,"Worli, Mumbai - MPCB",GS,2026-05-30 00:00:00+05:30,2026-07-28 00:00:00+05:30,2026-07-29 00:00:00+05:30,2026-08-04 00:00:00+05:30,91.48148148148148,100.0
3409323,"Worli, Mumbai - MPCB",GS,2026-05-31 00:00:00+05:30,2026-07-29 00:00:00+05:30,2026-07-30 00:00:00+05:30,2026-08-05 00:00:00+05:30,91.66666666666666,100.0
3409323,"Worli, Mumbai - MPCB",GS,2026-06-01 00:00:00+05:30,2026-07-30 00:00:00+05:30,2026-07-31 00:00:00+05:30,2026-08-06 00:00:00+05:30,91.85185185185183,100.0
3409323,"Worli, Mumbai - MPCB",GS,2026-06-02 00:00:00+05:30,2026-07-31 00:00:00+05:30,2026-08-01 00:00:00+05:30,2026-08-07 00:00:00+05:30,91.85185185185183,100.0
3409323,"Worli, Mumbai - MPCB",GS,2026-06-08 00:00:00+05:30,2026-08-06 00:00:00+05:30,2026-08-07 00:00:00+05:30,2026-08-13 00:00:00+05:30,92.77777777777777,100.0
3409323,"Worli, Mumbai - MPCB",GS,2026-06-09 00:00:00+05:30,2026-08-07 00:00:00+05:30,2026-08-08 00:00:00+05:30,2026-08-14 00:00:00+05:30,92.96296296296295,100.0
3409323,"Worli, Mumbai - MPCB",GS,2026-06-10 00:00:00+05:30,2026-08-08 00:00:00+05:30,2026-08-09 00:00:00+05:30,2026-08-15 00:00:00+05:30,93.14814814814815,100.0
3409323,"Worli, Mumbai - MPCB",GS,2026-06-11 00:00:00+05:30,2026-08-09 00:00:00+05:30,2026-08-10 00:00:00+05:30,2026-08-16 00:00:00+05:30,93.33333333333331,100.0
3409323,"Worli, Mumbai - MPCB",GS,2026-06-12 00:00:00+05:30,2026-08-10 00:00:00+05:30,2026-08-11 00:00:00+05:30,2026-08-17 00:00:00+05:30,93.5185185185185,100.0
3409323,"Worli, Mumbai - MPCB",GS,2026-06-13 00:00:00+05:30,2026-08-11 00:00:00+05:30,2026-08-12 00:00:00+05:30,2026-08-18 00:00:00+05:30,93.7037037037037,100.0
3409323,"Worli, Mumbai - MPCB",GS,2026-06-14 00:00:00+05:30,2026-08-12 00:00:00+05:30,2026-08-13 00:00:00+05:30,2026-08-19 00:00:00+05:30,93.88888888888887,100.0
3409323,"Worli, Mumbai - MPCB",GS,2026-06-15 00:00:00+05:30,2026-08-13 00:00:00+05:30,2026-08-14 00:00:00+05:30,2026-08-20 00:00:00+05:30,94.07407407407405,100.0
3409323,"Worli, Mumbai - MPCB",GS,2026-06-16 00:00:00+05:30,2026-08-14 00:00:00+05:30,2026-08-15 00:00:00+05:30,2026-08-21 00:00:00+05:30,94.07407407407405,100.0
3409323,"Worli, Mumbai - MPCB",GS,2026-06-17 00:00:00+05:30,2026-08-15 00:00:00+05:30,2026-08-16 00:00:00+05:30,2026-08-22 00:00:00+05:30,94.07407407407405,100.0
3409323,"Worli, Mumbai - MPCB",GS,2026-06-18 00:00:00+05:30,2026-08-16 00:00:00+05:30,2026-08-17 00:00:00+05:30,2026-08-23 00:00:00+05:30,94.07407407407405,100.0
3409323,"Worli, Mumbai - MPCB",GS,2026-06-19 00:00:00+05:30,2026-08-17 00:00:00+05:30,2026-08-18 00:00:00+05:30,2026-08-24 00:00:00+05:30,94.07407407407405,100.0
3409323,"Worli, Mumbai - MPCB",GS,2026-06-20 00:00:00+05:30,2026-08-18 00:00:00+05:30,2026-08-19 00:00:00+05:30,2026-08-25 00:00:00+05:30,94.07407407407405,100.0
3409323,"Worli, Mumbai - MPCB",GS,2026-06-21 00:00:00+05:30,2026-08-19 00:00:00+05:30,2026-08-20 00:00:00+05:30,2026-08-26 00:00:00+05:30,94.07407407407405,100.0
3409323,"Worli, Mumbai - MPCB",GS,2026-06-22 00:00:00+05:30,2026-08-20 00:00:00+05:30,2026-08-21 00:00:00+05:30,2026-08-27 00:00:00+05:30,94.07407407407405,100.0
3409323,"Worli, Mumbai - MPCB",GS,2026-07-01 00:00:00+05:30,2026-08-29 00:00:00+05:30,2026-08-30 00:00:00+05:30,2026-09-05 00:00:00+05:30,95.74074074074075,100.0
3409323,"Worli, Mumbai - MPCB",GS,2026-07-04 00:00:00+05:30,2026-09-01 00:00:00+05:30,2026-09-02 00:00:00+05:30,2026-09-08 00:00:00+05:30,96.11111111111111,100.0
3409323,"Worli, Mumbai - MPCB",GS,2026-07-05 00:00:00+05:30,2026-09-02 00:00:00+05:30,2026-09-03 00:00:00+05:30,2026-09-09 00:00:00+05:30,96.29629629629632,100.0
3409323,"Worli, Mumbai - MPCB",GS,2026-07-06 00:00:00+05:30,2026-09-03 00:00:00+05:30,2026-09-04 00:00:00+05:30,2026-09-10 00:00:00+05:30,96.48148148148148,100.0
3409323,"Worli, Mumbai - MPCB",GS,2026-07-07 00:00:00+05:30,2026-09-04 00:00:00+05:30,2026-09-05 00:00:00+05:30,2026-09-11 00:00:00+05:30,96.66666666666666,100.0
3409323,"Worli, Mumbai - MPCB",GS,2026-07-08 00:00:00+05:30,2026-09-05 00:00:00+05:30,2026-09-06 00:00:00+05:30,2026-09-12 00:00:00+05:30,96.85185185185186,100.0
3409323,"Worli, Mumbai - MPCB",GS,2026-07-09 00:00:00+05:30,2026-09-06 00:00:00+05:30,2026-09-07 00:00:00+05:30,2026-09-13 00:00:00+05:30,97.03703703703704,100.0
3409323,"Worli, Mumbai - MPCB",GS,2026-07-10 00:00:00+05:30,2026-09-07 00:00:00+05:30,2026-09-08 00:00:00+05:30,2026-09-14 00:00:00+05:30,97.22222222222221,100.0
3409323,"Worli, Mumbai - MPCB",GS,2026-07-11 00:00:00+05:30,2026-09-08 00:00:00+05:30,2026-09-09 00:00:00+05:30,2026-09-15 00:00:00+05:30,97.4074074074074,100.0
3409323,"Worli, Mumbai - MPCB",GS,2026-07-12 00:00:00+05:30,2026-09-09 00:00:00+05:30,2026-09-10 00:00:00+05:30,2026-09-16 00:00:00+05:30,97.4074074074074,100.0
3409323,"Worli, Mumbai - MPCB",GS,2026-07-13 00:00:00+05:30,2026-09-10 00:00:00+05:30,2026-09-11 00:00:00+05:30,2026-09-17 00:00:00+05:30,97.4074074074074,100.0
3409329,"Deonar, Mumbai - IITM",ME,2026-01-13 00:00:00+05:30,2026-03-13 00:00:00+05:30,2026-03-14 00:00:00+05:30,2026-03-20 00:00:00+05:30,88.33333333333333,100.0
3409329,"Deonar, Mumbai - IITM",ME,2026-01-14 00:00:00+05:30,2026-03-14 00:00:00+05:30,2026-03-15 00:00:00+05:30,2026-03-21 00:00:00+05:30,89.99999999999999,100.0
3409329,"Deonar, Mumbai - IITM",ME,2026-01-15 00:00:00+05:30,2026-03-15 00:00:00+05:30,2026-03-16 00:00:00+05:30,2026-03-22 00:00:00+05:30,91.66666666666666,100.0
3409329,"Deonar, Mumbai - IITM",ME,2026-01-16 00:00:00+05:30,2026-03-16 00:00:00+05:30,2026-03-17 00:00:00+05:30,2026-03-23 00:00:00+05:30,93.33333333333333,100.0
3409329,"Deonar, Mumbai - IITM",ME,2026-01-17 00:00:00+05:30,2026-03-17 00:00:00+05:30,2026-03-18 00:00:00+05:30,2026-03-24 00:00:00+05:30,94.99999999999999,100.0
3409329,"Deonar, Mumbai - IITM",ME,2026-01-18 00:00:00+05:30,2026-03-18 00:00:00+05:30,2026-03-19 00:00:00+05:30,2026-03-25 00:00:00+05:30,96.66666666666666,100.0
3409329,"Deonar, Mumbai - IITM",ME,2026-01-19 00:00:00+05:30,2026-03-19 00:00:00+05:30,2026-03-20 00:00:00+05:30,2026-03-26 00:00:00+05:30,98.33333333333333,100.0
3409329,"Deonar, Mumbai - IITM",ME,2026-01-20 00:00:00+05:30,2026-03-20 00:00:00+05:30,2026-03-21 00:00:00+05:30,2026-03-27 00:00:00+05:30,100.0,100.0
3409329,"Deonar, Mumbai - IITM",ME,2026-01-21 00:00:00+05:30,2026-03-21 00:00:00+05:30,2026-03-22 00:00:00+05:30,2026-03-28 00:00:00+05:30,100.0,100.0
3409329,"Deonar, Mumbai - IITM",ME,2026-01-22 00:00:00+05:30,2026-03-22 00:00:00+05:30,2026-03-23 00:00:00+05:30,2026-03-29 00:00:00+05:30,100.0,100.0
3409329,"Deonar, Mumbai - IITM",ME,2026-01-23 00:00:00+05:30,2026-03-23 00:00:00+05:30,2026-03-24 00:00:00+05:30,2026-03-30 00:00:00+05:30,100.0,100.0
3409329,"Deonar, Mumbai - IITM",ME,2026-01-24 00:00:00+05:30,2026-03-24 00:00:00+05:30,2026-03-25 00:00:00+05:30,2026-03-31 00:00:00+05:30,100.0,100.0
3409329,"Deonar, Mumbai - IITM",ME,2026-01-25 00:00:00+05:30,2026-03-25 00:00:00+05:30,2026-03-26 00:00:00+05:30,2026-04-01 00:00:00+05:30,100.0,100.0
3409329,"Deonar, Mumbai - IITM",ME,2026-01-26 00:00:00+05:30,2026-03-26 00:00:00+05:30,2026-03-27 00:00:00+05:30,2026-04-02 00:00:00+05:30,100.0,100.0
3409329,"Deonar, Mumbai - IITM",ME,2026-01-27 00:00:00+05:30,2026-03-27 00:00:00+05:30,2026-03-28 00:00:00+05:30,2026-04-03 00:00:00+05:30,100.0,100.0
3409329,"Deonar, Mumbai - IITM",ME,2026-01-28 00:00:00+05:30,2026-03-28 00:00:00+05:30,2026-03-29 00:00:00+05:30,2026-04-04 00:00:00+05:30,100.0,100.0
3409329,"Deonar, Mumbai - IITM",ME,2026-01-29 00:00:00+05:30,2026-03-29 00:00:00+05:30,2026-03-30 00:00:00+05:30,2026-04-05 00:00:00+05:30,100.0,100.0
3409329,"Deonar, Mumbai - IITM",ME,2026-01-30 00:00:00+05:30,2026-03-30 00:00:00+05:30,2026-03-31 00:00:00+05:30,2026-04-06 00:00:00+05:30,100.0,100.0
3409329,"Deonar, Mumbai - IITM",ME,2026-01-31 00:00:00+05:30,2026-03-31 00:00:00+05:30,2026-04-01 00:00:00+05:30,2026-04-07 00:00:00+05:30,100.0,100.0
3409329,"Deonar, Mumbai - IITM",ME,2026-02-01 00:00:00+05:30,2026-04-01 00:00:00+05:30,2026-04-02 00:00:00+05:30,2026-04-08 00:00:00+05:30,100.0,100.0
3409329,"Deonar, Mumbai - IITM",ME,2026-02-02 00:00:00+05:30,2026-04-02 00:00:00+05:30,2026-04-03 00:00:00+05:30,2026-04-09 00:00:00+05:30,100.0,100.0
3409329,"Deonar, Mumbai - IITM",ME,2026-02-03 00:00:00+05:30,2026-04-03 00:00:00+05:30,2026-04-04 00:00:00+05:30,2026-04-10 00:00:00+05:30,100.0,100.0
3409329,"Deonar, Mumbai - IITM",ME,2026-02-04 00:00:00+05:30,2026-04-04 00:00:00+05:30,2026-04-05 00:00:00+05:30,2026-04-11 00:00:00+05:30,100.0,100.0
3409329,"Deonar, Mumbai - IITM",ME,2026-02-05 00:00:00+05:30,2026-04-05 00:00:00+05:30,2026-04-06 00:00:00+05:30,2026-04-12 00:00:00+05:30,99.25925925925925,100.0
3409329,"Deonar, Mumbai - IITM",ME,2026-02-06 00:00:00+05:30,2026-04-06 00:00:00+05:30,2026-04-07 00:00:00+05:30,2026-04-13 00:00:00+05:30,98.51851851851853,100.0
3409329,"Deonar, Mumbai - IITM",ME,2026-02-07 00:00:00+05:30,2026-04-07 00:00:00+05:30,2026-04-08 00:00:00+05:30,2026-04-14 00:00:00+05:30,97.77777777777779,100.0
3409329,"Deonar, Mumbai - IITM",ME,2026-02-08 00:00:00+05:30,2026-04-08 00:00:00+05:30,2026-04-09 00:00:00+05:30,2026-04-15 00:00:00+05:30,97.03703703703704,100.0
3409329,"Deonar, Mumbai - IITM",ME,2026-02-09 00:00:00+05:30,2026-04-09 00:00:00+05:30,2026-04-10 00:00:00+05:30,2026-04-16 00:00:00+05:30,96.29629629629629,100.0
3409329,"Deonar, Mumbai - IITM",ME,2026-02-10 00:00:00+05:30,2026-04-10 00:00:00+05:30,2026-04-11 00:00:00+05:30,2026-04-17 00:00:00+05:30,95.55555555555554,100.0
3409329,"Deonar, Mumbai - IITM",ME,2026-02-11 00:00:00+05:30,2026-04-11 00:00:00+05:30,2026-04-12 00:00:00+05:30,2026-04-18 00:00:00+05:30,94.81481481481482,100.0
3409329,"Deonar, Mumbai - IITM",ME,2026-04-13 00:00:00+05:30,2026-06-11 00:00:00+05:30,2026-06-12 00:00:00+05:30,2026-06-18 00:00:00+05:30,88.14814814814815,100.0
3409329,"Deonar, Mumbai - IITM",ME,2026-04-14 00:00:00+05:30,2026-06-12 00:00:00+05:30,2026-06-13 00:00:00+05:30,2026-06-19 00:00:00+05:30,88.88888888888889,100.0
3409329,"Deonar, Mumbai - IITM",ME,2026-04-15 00:00:00+05:30,2026-06-13 00:00:00+05:30,2026-06-14 00:00:00+05:30,2026-06-20 00:00:00+05:30,89.62962962962962,100.0
3409329,"Deonar, Mumbai - IITM",ME,2026-04-16 00:00:00+05:30,2026-06-14 00:00:00+05:30,2026-06-15 00:00:00+05:30,2026-06-21 00:00:00+05:30,90.37037037037037,100.0
3409329,"Deonar, Mumbai - IITM",ME,2026-04-17 00:00:00+05:30,2026-06-15 00:00:00+05:30,2026-06-16 00:00:00+05:30,2026-06-22 00:00:00+05:30,91.1111111111111,100.0
3409329,"Deonar, Mumbai - IITM",ME,2026-04-18 00:00:00+05:30,2026-06-16 00:00:00+05:30,2026-06-17 00:00:00+05:30,2026-06-23 00:00:00+05:30,91.85185185185186,100.0
3409479,"Mindspace-Malad West, Mumbai - MPCB",PN,2025-10-24 00:00:00+05:30,2025-12-22 00:00:00+05:30,2025-12-23 00:00:00+05:30,2025-12-29 00:00:00+05:30,92.77777777777777,100.0
3409479,"Mindspace-Malad West, Mumbai - MPCB",PN,2025-10-25 00:00:00+05:30,2025-12-23 00:00:00+05:30,2025-12-24 00:00:00+05:30,2025-12-30 00:00:00+05:30,92.4074074074074,100.0
3409479,"Mindspace-Malad West, Mumbai - MPCB",PN,2025-10-26 00:00:00+05:30,2025-12-24 00:00:00+05:30,2025-12-25 00:00:00+05:30,2025-12-31 00:00:00+05:30,92.4074074074074,100.0
3409479,"Mindspace-Malad West, Mumbai - MPCB",PN,2025-10-27 00:00:00+05:30,2025-12-25 00:00:00+05:30,2025-12-26 00:00:00+05:30,2026-01-01 00:00:00+05:30,92.22222222222223,100.0
3409479,"Mindspace-Malad West, Mumbai - MPCB",PN,2025-10-28 00:00:00+05:30,2025-12-26 00:00:00+05:30,2025-12-27 00:00:00+05:30,2026-01-02 00:00:00+05:30,92.22222222222223,100.0
3409479,"Mindspace-Malad West, Mumbai - MPCB",PN,2025-10-29 00:00:00+05:30,2025-12-27 00:00:00+05:30,2025-12-28 00:00:00+05:30,2026-01-03 00:00:00+05:30,92.4074074074074,100.0
3409479,"Mindspace-Malad West, Mumbai - MPCB",PN,2025-10-30 00:00:00+05:30,2025-12-28 00:00:00+05:30,2025-12-29 00:00:00+05:30,2026-01-04 00:00:00+05:30,92.03703703703704,100.0
3409479,"Mindspace-Malad West, Mumbai - MPCB",PN,2025-12-28 00:00:00+05:30,2026-02-25 00:00:00+05:30,2026-02-26 00:00:00+05:30,2026-03-04 00:00:00+05:30,80.18518518518518,100.0
3409479,"Mindspace-Malad West, Mumbai - MPCB",PN,2025-12-29 00:00:00+05:30,2026-02-26 00:00:00+05:30,2026-02-27 00:00:00+05:30,2026-03-05 00:00:00+05:30,80.55555555555556,100.0
3409479,"Mindspace-Malad West, Mumbai - MPCB",PN,2025-12-30 00:00:00+05:30,2026-02-27 00:00:00+05:30,2026-02-28 00:00:00+05:30,2026-03-06 00:00:00+05:30,80.92592592592592,100.0
3409479,"Mindspace-Malad West, Mumbai - MPCB",PN,2025-12-31 00:00:00+05:30,2026-02-28 00:00:00+05:30,2026-03-01 00:00:00+05:30,2026-03-07 00:00:00+05:30,81.1111111111111,100.0
3409479,"Mindspace-Malad West, Mumbai - MPCB",PN,2026-01-01 00:00:00+05:30,2026-03-01 00:00:00+05:30,2026-03-02 00:00:00+05:30,2026-03-08 00:00:00+05:30,81.48148148148147,100.0
3409479,"Mindspace-Malad West, Mumbai - MPCB",PN,2026-01-02 00:00:00+05:30,2026-03-02 00:00:00+05:30,2026-03-03 00:00:00+05:30,2026-03-09 00:00:00+05:30,82.03703703703702,100.0
3409479,"Mindspace-Malad West, Mumbai - MPCB",PN,2026-01-03 00:00:00+05:30,2026-03-03 00:00:00+05:30,2026-03-04 00:00:00+05:30,2026-03-10 00:00:00+05:30,82.22222222222221,100.0
3409479,"Mindspace-Malad West, Mumbai - MPCB",PN,2026-01-04 00:00:00+05:30,2026-03-04 00:00:00+05:30,2026-03-05 00:00:00+05:30,2026-03-11 00:00:00+05:30,82.40740740740739,100.0
3409479,"Mindspace-Malad West, Mumbai - MPCB",PN,2026-01-05 00:00:00+05:30,2026-03-05 00:00:00+05:30,2026-03-06 00:00:00+05:30,2026-03-12 00:00:00+05:30,82.22222222222221,100.0
3409479,"Mindspace-Malad West, Mumbai - MPCB",PN,2026-01-06 00:00:00+05:30,2026-03-06 00:00:00+05:30,2026-03-07 00:00:00+05:30,2026-03-13 00:00:00+05:30,82.03703703703702,100.0
3409479,"Mindspace-Malad West, Mumbai - MPCB",PN,2026-01-07 00:00:00+05:30,2026-03-07 00:00:00+05:30,2026-03-08 00:00:00+05:30,2026-03-14 00:00:00+05:30,82.03703703703702,100.0
3409479,"Mindspace-Malad West, Mumbai - MPCB",PN,2026-01-08 00:00:00+05:30,2026-03-08 00:00:00+05:30,2026-03-09 00:00:00+05:30,2026-03-15 00:00:00+05:30,81.85185185185185,100.0
3409479,"Mindspace-Malad West, Mumbai - MPCB",PN,2026-01-09 00:00:00+05:30,2026-03-09 00:00:00+05:30,2026-03-10 00:00:00+05:30,2026-03-16 00:00:00+05:30,81.66666666666667,100.0
3409479,"Mindspace-Malad West, Mumbai - MPCB",PN,2026-01-10 00:00:00+05:30,2026-03-10 00:00:00+05:30,2026-03-11 00:00:00+05:30,2026-03-17 00:00:00+05:30,81.66666666666667,100.0
3409479,"Mindspace-Malad West, Mumbai - MPCB",PN,2026-01-13 00:00:00+05:30,2026-03-13 00:00:00+05:30,2026-03-14 00:00:00+05:30,2026-03-20 00:00:00+05:30,84.81481481481481,100.0
3409479,"Mindspace-Malad West, Mumbai - MPCB",PN,2026-01-14 00:00:00+05:30,2026-03-14 00:00:00+05:30,2026-03-15 00:00:00+05:30,2026-03-21 00:00:00+05:30,86.48148148148148,100.0
3409479,"Mindspace-Malad West, Mumbai - MPCB",PN,2026-01-15 00:00:00+05:30,2026-03-15 00:00:00+05:30,2026-03-16 00:00:00+05:30,2026-03-22 00:00:00+05:30,87.96296296296296,100.0
3409479,"Mindspace-Malad West, Mumbai - MPCB",PN,2026-01-16 00:00:00+05:30,2026-03-16 00:00:00+05:30,2026-03-17 00:00:00+05:30,2026-03-23 00:00:00+05:30,89.62962962962962,100.0
3409479,"Mindspace-Malad West, Mumbai - MPCB",PN,2026-01-17 00:00:00+05:30,2026-03-17 00:00:00+05:30,2026-03-18 00:00:00+05:30,2026-03-24 00:00:00+05:30,90.92592592592591,100.0
3409479,"Mindspace-Malad West, Mumbai - MPCB",PN,2026-01-18 00:00:00+05:30,2026-03-18 00:00:00+05:30,2026-03-19 00:00:00+05:30,2026-03-25 00:00:00+05:30,92.2222222222222,100.0
3409479,"Mindspace-Malad West, Mumbai - MPCB",PN,2026-01-19 00:00:00+05:30,2026-03-19 00:00:00+05:30,2026-03-20 00:00:00+05:30,2026-03-26 00:00:00+05:30,93.5185185185185,100.0
3409479,"Mindspace-Malad West, Mumbai - MPCB",PN,2026-01-20 00:00:00+05:30,2026-03-20 00:00:00+05:30,2026-03-21 00:00:00+05:30,2026-03-27 00:00:00+05:30,95.0,100.0
3409479,"Mindspace-Malad West, Mumbai - MPCB",PN,2026-01-21 00:00:00+05:30,2026-03-21 00:00:00+05:30,2026-03-22 00:00:00+05:30,2026-03-28 00:00:00+05:30,95.0,100.0
3409479,"Mindspace-Malad West, Mumbai - MPCB",PN,2026-01-22 00:00:00+05:30,2026-03-22 00:00:00+05:30,2026-03-23 00:00:00+05:30,2026-03-29 00:00:00+05:30,95.0,100.0
3409479,"Mindspace-Malad West, Mumbai - MPCB",PN,2026-01-23 00:00:00+05:30,2026-03-23 00:00:00+05:30,2026-03-24 00:00:00+05:30,2026-03-30 00:00:00+05:30,94.81481481481482,100.0
3409479,"Mindspace-Malad West, Mumbai - MPCB",PN,2026-01-24 00:00:00+05:30,2026-03-24 00:00:00+05:30,2026-03-25 00:00:00+05:30,2026-03-31 00:00:00+05:30,94.44444444444444,100.0
3409479,"Mindspace-Malad West, Mumbai - MPCB",PN,2026-01-25 00:00:00+05:30,2026-03-25 00:00:00+05:30,2026-03-26 00:00:00+05:30,2026-04-01 00:00:00+05:30,94.07407407407408,100.0
3409479,"Mindspace-Malad West, Mumbai - MPCB",PN,2026-01-26 00:00:00+05:30,2026-03-26 00:00:00+05:30,2026-03-27 00:00:00+05:30,2026-04-02 00:00:00+05:30,93.88888888888887,100.0
3409479,"Mindspace-Malad West, Mumbai - MPCB",PN,2026-01-27 00:00:00+05:30,2026-03-27 00:00:00+05:30,2026-03-28 00:00:00+05:30,2026-04-03 00:00:00+05:30,93.5185185185185,100.0
3409479,"Mindspace-Malad West, Mumbai - MPCB",PN,2026-01-28 00:00:00+05:30,2026-03-28 00:00:00+05:30,2026-03-29 00:00:00+05:30,2026-04-04 00:00:00+05:30,93.33333333333333,100.0
3409479,"Mindspace-Malad West, Mumbai - MPCB",PN,2026-01-29 00:00:00+05:30,2026-03-29 00:00:00+05:30,2026-03-30 00:00:00+05:30,2026-04-05 00:00:00+05:30,92.96296296296298,100.0
3409479,"Mindspace-Malad West, Mumbai - MPCB",PN,2026-01-30 00:00:00+05:30,2026-03-30 00:00:00+05:30,2026-03-31 00:00:00+05:30,2026-04-06 00:00:00+05:30,92.77777777777777,100.0
3409479,"Mindspace-Malad West, Mumbai - MPCB",PN,2026-01-31 00:00:00+05:30,2026-03-31 00:00:00+05:30,2026-04-01 00:00:00+05:30,2026-04-07 00:00:00+05:30,92.77777777777777,100.0
3409479,"Mindspace-Malad West, Mumbai - MPCB",PN,2026-02-01 00:00:00+05:30,2026-04-01 00:00:00+05:30,2026-04-02 00:00:00+05:30,2026-04-08 00:00:00+05:30,92.77777777777777,100.0
3409479,"Mindspace-Malad West, Mumbai - MPCB",PN,2026-02-02 00:00:00+05:30,2026-04-02 00:00:00+05:30,2026-04-03 00:00:00+05:30,2026-04-09 00:00:00+05:30,92.77777777777777,100.0
3409479,"Mindspace-Malad West, Mumbai - MPCB",PN,2026-02-03 00:00:00+05:30,2026-04-03 00:00:00+05:30,2026-04-04 00:00:00+05:30,2026-04-10 00:00:00+05:30,92.77777777777777,100.0
3409479,"Mindspace-Malad West, Mumbai - MPCB",PN,2026-02-04 00:00:00+05:30,2026-04-04 00:00:00+05:30,2026-04-05 00:00:00+05:30,2026-04-11 00:00:00+05:30,92.77777777777777,100.0
3409479,"Mindspace-Malad West, Mumbai - MPCB",PN,2026-02-05 00:00:00+05:30,2026-04-05 00:00:00+05:30,2026-04-06 00:00:00+05:30,2026-04-12 00:00:00+05:30,92.77777777777777,100.0
3409479,"Mindspace-Malad West, Mumbai - MPCB",PN,2026-02-06 00:00:00+05:30,2026-04-06 00:00:00+05:30,2026-04-07 00:00:00+05:30,2026-04-13 00:00:00+05:30,92.77777777777777,100.0
3409479,"Mindspace-Malad West, Mumbai - MPCB",PN,2026-02-07 00:00:00+05:30,2026-04-07 00:00:00+05:30,2026-04-08 00:00:00+05:30,2026-04-14 00:00:00+05:30,93.14814814814815,100.0
3409479,"Mindspace-Malad West, Mumbai - MPCB",PN,2026-02-08 00:00:00+05:30,2026-04-08 00:00:00+05:30,2026-04-09 00:00:00+05:30,2026-04-15 00:00:00+05:30,93.33333333333333,100.0
3409479,"Mindspace-Malad West, Mumbai - MPCB",PN,2026-02-09 00:00:00+05:30,2026-04-09 00:00:00+05:30,2026-04-10 00:00:00+05:30,2026-04-16 00:00:00+05:30,93.5185185185185,100.0
3409479,"Mindspace-Malad West, Mumbai - MPCB",PN,2026-02-10 00:00:00+05:30,2026-04-10 00:00:00+05:30,2026-04-11 00:00:00+05:30,2026-04-17 00:00:00+05:30,93.5185185185185,100.0
3409479,"Mindspace-Malad West, Mumbai - MPCB",PN,2026-02-11 00:00:00+05:30,2026-04-11 00:00:00+05:30,2026-04-12 00:00:00+05:30,2026-04-18 00:00:00+05:30,93.5185185185185,100.0
3409479,"Mindspace-Malad West, Mumbai - MPCB",PN,2026-02-12 00:00:00+05:30,2026-04-12 00:00:00+05:30,2026-04-13 00:00:00+05:30,2026-04-19 00:00:00+05:30,93.5185185185185,100.0
3409479,"Mindspace-Malad West, Mumbai - MPCB",PN,2026-02-13 00:00:00+05:30,2026-04-13 00:00:00+05:30,2026-04-14 00:00:00+05:30,2026-04-20 00:00:00+05:30,93.5185185185185,100.0
3409479,"Mindspace-Malad West, Mumbai - MPCB",PN,2026-02-21 00:00:00+05:30,2026-04-21 00:00:00+05:30,2026-04-22 00:00:00+05:30,2026-04-28 00:00:00+05:30,93.5185185185185,100.0
3409479,"Mindspace-Malad West, Mumbai - MPCB",PN,2026-03-01 00:00:00+05:30,2026-04-29 00:00:00+05:30,2026-04-30 00:00:00+05:30,2026-05-06 00:00:00+05:30,94.25925925925927,100.0
3409479,"Mindspace-Malad West, Mumbai - MPCB",PN,2026-03-02 00:00:00+05:30,2026-04-30 00:00:00+05:30,2026-05-01 00:00:00+05:30,2026-05-07 00:00:00+05:30,94.25925925925927,100.0
3409479,"Mindspace-Malad West, Mumbai - MPCB",PN,2026-03-03 00:00:00+05:30,2026-05-01 00:00:00+05:30,2026-05-02 00:00:00+05:30,2026-05-08 00:00:00+05:30,94.25925925925927,100.0
3409479,"Mindspace-Malad West, Mumbai - MPCB",PN,2026-03-04 00:00:00+05:30,2026-05-02 00:00:00+05:30,2026-05-03 00:00:00+05:30,2026-05-09 00:00:00+05:30,94.25925925925927,100.0
3409479,"Mindspace-Malad West, Mumbai - MPCB",PN,2026-03-05 00:00:00+05:30,2026-05-03 00:00:00+05:30,2026-05-04 00:00:00+05:30,2026-05-10 00:00:00+05:30,94.25925925925927,100.0
3409479,"Mindspace-Malad West, Mumbai - MPCB",PN,2026-03-06 00:00:00+05:30,2026-05-04 00:00:00+05:30,2026-05-05 00:00:00+05:30,2026-05-11 00:00:00+05:30,94.44444444444444,100.0
3409479,"Mindspace-Malad West, Mumbai - MPCB",PN,2026-03-07 00:00:00+05:30,2026-05-05 00:00:00+05:30,2026-05-06 00:00:00+05:30,2026-05-12 00:00:00+05:30,94.81481481481482,100.0
3409479,"Mindspace-Malad West, Mumbai - MPCB",PN,2026-03-08 00:00:00+05:30,2026-05-06 00:00:00+05:30,2026-05-07 00:00:00+05:30,2026-05-13 00:00:00+05:30,94.81481481481482,100.0
3409479,"Mindspace-Malad West, Mumbai - MPCB",PN,2026-03-09 00:00:00+05:30,2026-05-07 00:00:00+05:30,2026-05-08 00:00:00+05:30,2026-05-14 00:00:00+05:30,95.18518518518519,100.0
3409479,"Mindspace-Malad West, Mumbai - MPCB",PN,2026-03-10 00:00:00+05:30,2026-05-08 00:00:00+05:30,2026-05-09 00:00:00+05:30,2026-05-15 00:00:00+05:30,95.55555555555554,100.0
3409479,"Mindspace-Malad West, Mumbai - MPCB",PN,2026-03-11 00:00:00+05:30,2026-05-09 00:00:00+05:30,2026-05-10 00:00:00+05:30,2026-05-16 00:00:00+05:30,95.55555555555554,100.0
3409479,"Mindspace-Malad West, Mumbai - MPCB",PN,2026-03-12 00:00:00+05:30,2026-05-10 00:00:00+05:30,2026-05-11 00:00:00+05:30,2026-05-17 00:00:00+05:30,95.55555555555554,100.0
3409479,"Mindspace-Malad West, Mumbai - MPCB",PN,2026-03-13 00:00:00+05:30,2026-05-11 00:00:00+05:30,2026-05-12 00:00:00+05:30,2026-05-18 00:00:00+05:30,95.74074074074075,100.0
3409479,"Mindspace-Malad West, Mumbai - MPCB",PN,2026-03-14 00:00:00+05:30,2026-05-12 00:00:00+05:30,2026-05-13 00:00:00+05:30,2026-05-19 00:00:00+05:30,95.74074074074075,100.0
3409479,"Mindspace-Malad West, Mumbai - MPCB",PN,2026-03-15 00:00:00+05:30,2026-05-13 00:00:00+05:30,2026-05-14 00:00:00+05:30,2026-05-20 00:00:00+05:30,95.74074074074075,100.0
3409479,"Mindspace-Malad West, Mumbai - MPCB",PN,2026-03-16 00:00:00+05:30,2026-05-14 00:00:00+05:30,2026-05-15 00:00:00+05:30,2026-05-21 00:00:00+05:30,95.92592592592592,100.0
3409479,"Mindspace-Malad West, Mumbai - MPCB",PN,2026-03-17 00:00:00+05:30,2026-05-15 00:00:00+05:30,2026-05-16 00:00:00+05:30,2026-05-22 00:00:00+05:30,95.92592592592592,100.0
3409479,"Mindspace-Malad West, Mumbai - MPCB",PN,2026-03-18 00:00:00+05:30,2026-05-16 00:00:00+05:30,2026-05-17 00:00:00+05:30,2026-05-23 00:00:00+05:30,96.29629629629632,100.0
3409479,"Mindspace-Malad West, Mumbai - MPCB",PN,2026-03-19 00:00:00+05:30,2026-05-17 00:00:00+05:30,2026-05-18 00:00:00+05:30,2026-05-24 00:00:00+05:30,96.66666666666666,100.0
3409479,"Mindspace-Malad West, Mumbai - MPCB",PN,2026-03-20 00:00:00+05:30,2026-05-18 00:00:00+05:30,2026-05-19 00:00:00+05:30,2026-05-25 00:00:00+05:30,97.03703703703704,100.0
3409479,"Mindspace-Malad West, Mumbai - MPCB",PN,2026-03-21 00:00:00+05:30,2026-05-19 00:00:00+05:30,2026-05-20 00:00:00+05:30,2026-05-26 00:00:00+05:30,97.22222222222221,100.0
3409479,"Mindspace-Malad West, Mumbai - MPCB",PN,2026-03-22 00:00:00+05:30,2026-05-20 00:00:00+05:30,2026-05-21 00:00:00+05:30,2026-05-27 00:00:00+05:30,97.22222222222221,100.0
3409479,"Mindspace-Malad West, Mumbai - MPCB",PN,2026-03-23 00:00:00+05:30,2026-05-21 00:00:00+05:30,2026-05-22 00:00:00+05:30,2026-05-28 00:00:00+05:30,97.22222222222221,100.0
3409479,"Mindspace-Malad West, Mumbai - MPCB",PN,2026-03-24 00:00:00+05:30,2026-05-22 00:00:00+05:30,2026-05-23 00:00:00+05:30,2026-05-29 00:00:00+05:30,97.4074074074074,100.0
3409479,"Mindspace-Malad West, Mumbai - MPCB",PN,2026-03-25 00:00:00+05:30,2026-05-23 00:00:00+05:30,2026-05-24 00:00:00+05:30,2026-05-30 00:00:00+05:30,97.77777777777779,100.0
3409479,"Mindspace-Malad West, Mumbai - MPCB",PN,2026-03-26 00:00:00+05:30,2026-05-24 00:00:00+05:30,2026-05-25 00:00:00+05:30,2026-05-31 00:00:00+05:30,98.14814814814815,100.0
3409479,"Mindspace-Malad West, Mumbai - MPCB",PN,2026-03-27 00:00:00+05:30,2026-05-25 00:00:00+05:30,2026-05-26 00:00:00+05:30,2026-06-01 00:00:00+05:30,98.33333333333336,100.0
3409479,"Mindspace-Malad West, Mumbai - MPCB",PN,2026-03-28 00:00:00+05:30,2026-05-26 00:00:00+05:30,2026-05-27 00:00:00+05:30,2026-06-02 00:00:00+05:30,98.7037037037037,100.0
3409479,"Mindspace-Malad West, Mumbai - MPCB",PN,2026-03-29 00:00:00+05:30,2026-05-27 00:00:00+05:30,2026-05-28 00:00:00+05:30,2026-06-03 00:00:00+05:30,99.07407407407409,100.0
3409479,"Mindspace-Malad West, Mumbai - MPCB",PN,2026-03-30 00:00:00+05:30,2026-05-28 00:00:00+05:30,2026-05-29 00:00:00+05:30,2026-06-04 00:00:00+05:30,99.44444444444443,100.0
3409479,"Mindspace-Malad West, Mumbai - MPCB",PN,2026-03-31 00:00:00+05:30,2026-05-29 00:00:00+05:30,2026-05-30 00:00:00+05:30,2026-06-05 00:00:00+05:30,99.62962962962963,100.0
3409479,"Mindspace-Malad West, Mumbai - MPCB",PN,2026-04-01 00:00:00+05:30,2026-05-30 00:00:00+05:30,2026-05-31 00:00:00+05:30,2026-06-06 00:00:00+05:30,99.62962962962963,100.0
3409479,"Mindspace-Malad West, Mumbai - MPCB",PN,2026-04-02 00:00:00+05:30,2026-05-31 00:00:00+05:30,2026-06-01 00:00:00+05:30,2026-06-07 00:00:00+05:30,99.44444444444443,100.0
3409479,"Mindspace-Malad West, Mumbai - MPCB",PN,2026-04-03 00:00:00+05:30,2026-06-01 00:00:00+05:30,2026-06-02 00:00:00+05:30,2026-06-08 00:00:00+05:30,99.25925925925925,100.0
3409479,"Mindspace-Malad West, Mumbai - MPCB",PN,2026-04-04 00:00:00+05:30,2026-06-02 00:00:00+05:30,2026-06-03 00:00:00+05:30,2026-06-09 00:00:00+05:30,99.07407407407409,100.0
3409479,"Mindspace-Malad West, Mumbai - MPCB",PN,2026-04-12 00:00:00+05:30,2026-06-10 00:00:00+05:30,2026-06-11 00:00:00+05:30,2026-06-17 00:00:00+05:30,98.51851851851853,100.0
3409479,"Mindspace-Malad West, Mumbai - MPCB",PN,2026-04-13 00:00:00+05:30,2026-06-11 00:00:00+05:30,2026-06-12 00:00:00+05:30,2026-06-18 00:00:00+05:30,98.51851851851853,100.0
3409479,"Mindspace-Malad West, Mumbai - MPCB",PN,2026-04-14 00:00:00+05:30,2026-06-12 00:00:00+05:30,2026-06-13 00:00:00+05:30,2026-06-19 00:00:00+05:30,98.51851851851853,100.0
3409479,"Mindspace-Malad West, Mumbai - MPCB",PN,2026-04-15 00:00:00+05:30,2026-06-13 00:00:00+05:30,2026-06-14 00:00:00+05:30,2026-06-20 00:00:00+05:30,98.51851851851853,100.0
3409479,"Mindspace-Malad West, Mumbai - MPCB",PN,2026-04-16 00:00:00+05:30,2026-06-14 00:00:00+05:30,2026-06-15 00:00:00+05:30,2026-06-21 00:00:00+05:30,98.51851851851853,100.0
3409479,"Mindspace-Malad West, Mumbai - MPCB",PN,2026-04-17 00:00:00+05:30,2026-06-15 00:00:00+05:30,2026-06-16 00:00:00+05:30,2026-06-22 00:00:00+05:30,98.51851851851853,100.0
3409479,"Mindspace-Malad West, Mumbai - MPCB",PN,2026-04-18 00:00:00+05:30,2026-06-16 00:00:00+05:30,2026-06-17 00:00:00+05:30,2026-06-23 00:00:00+05:30,98.51851851851853,100.0
3409479,"Mindspace-Malad West, Mumbai - MPCB",PN,2026-04-27 00:00:00+05:30,2026-06-25 00:00:00+05:30,2026-06-26 00:00:00+05:30,2026-07-02 00:00:00+05:30,95.37037037037037,100.0
3409479,"Mindspace-Malad West, Mumbai - MPCB",PN,2026-04-28 00:00:00+05:30,2026-06-26 00:00:00+05:30,2026-06-27 00:00:00+05:30,2026-07-03 00:00:00+05:30,95.37037037037037,100.0
3409479,"Mindspace-Malad West, Mumbai - MPCB",PN,2026-04-29 00:00:00+05:30,2026-06-27 00:00:00+05:30,2026-06-28 00:00:00+05:30,2026-07-04 00:00:00+05:30,95.37037037037037,100.0
3409479,"Mindspace-Malad West, Mumbai - MPCB",PN,2026-04-30 00:00:00+05:30,2026-06-28 00:00:00+05:30,2026-06-29 00:00:00+05:30,2026-07-05 00:00:00+05:30,95.55555555555554,100.0
3409479,"Mindspace-Malad West, Mumbai - MPCB",PN,2026-05-01 00:00:00+05:30,2026-06-29 00:00:00+05:30,2026-06-30 00:00:00+05:30,2026-07-06 00:00:00+05:30,95.55555555555554,100.0
3409479,"Mindspace-Malad West, Mumbai - MPCB",PN,2026-05-02 00:00:00+05:30,2026-06-30 00:00:00+05:30,2026-07-01 00:00:00+05:30,2026-07-07 00:00:00+05:30,95.55555555555554,100.0
3409479,"Mindspace-Malad West, Mumbai - MPCB",PN,2026-05-03 00:00:00+05:30,2026-07-01 00:00:00+05:30,2026-07-02 00:00:00+05:30,2026-07-08 00:00:00+05:30,95.55555555555554,100.0
3409479,"Mindspace-Malad West, Mumbai - MPCB",PN,2026-05-04 00:00:00+05:30,2026-07-02 00:00:00+05:30,2026-07-03 00:00:00+05:30,2026-07-09 00:00:00+05:30,95.55555555555554,100.0
3409479,"Mindspace-Malad West, Mumbai - MPCB",PN,2026-05-05 00:00:00+05:30,2026-07-03 00:00:00+05:30,2026-07-04 00:00:00+05:30,2026-07-10 00:00:00+05:30,95.55555555555554,100.0
3409479,"Mindspace-Malad West, Mumbai - MPCB",PN,2026-05-06 00:00:00+05:30,2026-07-04 00:00:00+05:30,2026-07-05 00:00:00+05:30,2026-07-11 00:00:00+05:30,95.55555555555554,100.0
3409479,"Mindspace-Malad West, Mumbai - MPCB",PN,2026-05-07 00:00:00+05:30,2026-07-05 00:00:00+05:30,2026-07-06 00:00:00+05:30,2026-07-12 00:00:00+05:30,95.55555555555554,100.0
3409479,"Mindspace-Malad West, Mumbai - MPCB",PN,2026-05-08 00:00:00+05:30,2026-07-06 00:00:00+05:30,2026-07-07 00:00:00+05:30,2026-07-13 00:00:00+05:30,95.55555555555554,100.0
3409479,"Mindspace-Malad West, Mumbai - MPCB",PN,2026-05-09 00:00:00+05:30,2026-07-07 00:00:00+05:30,2026-07-08 00:00:00+05:30,2026-07-14 00:00:00+05:30,95.55555555555554,100.0
3409479,"Mindspace-Malad West, Mumbai - MPCB",PN,2026-05-10 00:00:00+05:30,2026-07-08 00:00:00+05:30,2026-07-09 00:00:00+05:30,2026-07-15 00:00:00+05:30,95.55555555555554,100.0
3409479,"Mindspace-Malad West, Mumbai - MPCB",PN,2026-05-11 00:00:00+05:30,2026-07-09 00:00:00+05:30,2026-07-10 00:00:00+05:30,2026-07-16 00:00:00+05:30,95.37037037037037,100.0
3409479,"Mindspace-Malad West, Mumbai - MPCB",PN,2026-05-12 00:00:00+05:30,2026-07-10 00:00:00+05:30,2026-07-11 00:00:00+05:30,2026-07-17 00:00:00+05:30,95.18518518518519,100.0
3409479,"Mindspace-Malad West, Mumbai - MPCB",PN,2026-05-13 00:00:00+05:30,2026-07-11 00:00:00+05:30,2026-07-12 00:00:00+05:30,2026-07-18 00:00:00+05:30,94.99999999999999,100.0
3409479,"Mindspace-Malad West, Mumbai - MPCB",PN,2026-05-14 00:00:00+05:30,2026-07-12 00:00:00+05:30,2026-07-13 00:00:00+05:30,2026-07-19 00:00:00+05:30,94.81481481481482,100.0
3409479,"Mindspace-Malad West, Mumbai - MPCB",PN,2026-05-15 00:00:00+05:30,2026-07-13 00:00:00+05:30,2026-07-14 00:00:00+05:30,2026-07-20 00:00:00+05:30,94.81481481481482,100.0
3409479,"Mindspace-Malad West, Mumbai - MPCB",PN,2026-05-16 00:00:00+05:30,2026-07-14 00:00:00+05:30,2026-07-15 00:00:00+05:30,2026-07-21 00:00:00+05:30,94.81481481481482,100.0
3409479,"Mindspace-Malad West, Mumbai - MPCB",PN,2026-05-17 00:00:00+05:30,2026-07-15 00:00:00+05:30,2026-07-16 00:00:00+05:30,2026-07-22 00:00:00+05:30,94.81481481481482,100.0
3409479,"Mindspace-Malad West, Mumbai - MPCB",PN,2026-05-18 00:00:00+05:30,2026-07-16 00:00:00+05:30,2026-07-17 00:00:00+05:30,2026-07-23 00:00:00+05:30,94.81481481481482,100.0
3409479,"Mindspace-Malad West, Mumbai - MPCB",PN,2026-05-19 00:00:00+05:30,2026-07-17 00:00:00+05:30,2026-07-18 00:00:00+05:30,2026-07-24 00:00:00+05:30,94.81481481481482,100.0
3409479,"Mindspace-Malad West, Mumbai - MPCB",PN,2026-05-20 00:00:00+05:30,2026-07-18 00:00:00+05:30,2026-07-19 00:00:00+05:30,2026-07-25 00:00:00+05:30,94.81481481481482,100.0
3409479,"Mindspace-Malad West, Mumbai - MPCB",PN,2026-05-21 00:00:00+05:30,2026-07-19 00:00:00+05:30,2026-07-20 00:00:00+05:30,2026-07-26 00:00:00+05:30,94.81481481481482,100.0
3409479,"Mindspace-Malad West, Mumbai - MPCB",PN,2026-05-22 00:00:00+05:30,2026-07-20 00:00:00+05:30,2026-07-21 00:00:00+05:30,2026-07-27 00:00:00+05:30,94.81481481481482,100.0
3409479,"Mindspace-Malad West, Mumbai - MPCB",PN,2026-05-23 00:00:00+05:30,2026-07-21 00:00:00+05:30,2026-07-22 00:00:00+05:30,2026-07-28 00:00:00+05:30,94.81481481481482,100.0
3409479,"Mindspace-Malad West, Mumbai - MPCB",PN,2026-05-24 00:00:00+05:30,2026-07-22 00:00:00+05:30,2026-07-23 00:00:00+05:30,2026-07-29 00:00:00+05:30,94.81481481481482,100.0
3409479,"Mindspace-Malad West, Mumbai - MPCB",PN,2026-05-25 00:00:00+05:30,2026-07-23 00:00:00+05:30,2026-07-24 00:00:00+05:30,2026-07-30 00:00:00+05:30,94.81481481481482,100.0
3409479,"Mindspace-Malad West, Mumbai - MPCB",PN,2026-05-26 00:00:00+05:30,2026-07-24 00:00:00+05:30,2026-07-25 00:00:00+05:30,2026-07-31 00:00:00+05:30,94.81481481481482,100.0
3409479,"Mindspace-Malad West, Mumbai - MPCB",PN,2026-05-27 00:00:00+05:30,2026-07-25 00:00:00+05:30,2026-07-26 00:00:00+05:30,2026-08-01 00:00:00+05:30,94.81481481481482,100.0
3409479,"Mindspace-Malad West, Mumbai - MPCB",PN,2026-05-28 00:00:00+05:30,2026-07-26 00:00:00+05:30,2026-07-27 00:00:00+05:30,2026-08-02 00:00:00+05:30,94.81481481481482,100.0
3409479,"Mindspace-Malad West, Mumbai - MPCB",PN,2026-05-29 00:00:00+05:30,2026-07-27 00:00:00+05:30,2026-07-28 00:00:00+05:30,2026-08-03 00:00:00+05:30,94.81481481481482,100.0
3409479,"Mindspace-Malad West, Mumbai - MPCB",PN,2026-05-30 00:00:00+05:30,2026-07-28 00:00:00+05:30,2026-07-29 00:00:00+05:30,2026-08-04 00:00:00+05:30,94.81481481481482,100.0
3409479,"Mindspace-Malad West, Mumbai - MPCB",PN,2026-05-31 00:00:00+05:30,2026-07-29 00:00:00+05:30,2026-07-30 00:00:00+05:30,2026-08-05 00:00:00+05:30,94.81481481481482,100.0
3409479,"Mindspace-Malad West, Mumbai - MPCB",PN,2026-06-01 00:00:00+05:30,2026-07-30 00:00:00+05:30,2026-07-31 00:00:00+05:30,2026-08-06 00:00:00+05:30,94.99999999999999,100.0
3409479,"Mindspace-Malad West, Mumbai - MPCB",PN,2026-06-02 00:00:00+05:30,2026-07-31 00:00:00+05:30,2026-08-01 00:00:00+05:30,2026-08-07 00:00:00+05:30,95.18518518518519,100.0
3409479,"Mindspace-Malad West, Mumbai - MPCB",PN,2026-06-03 00:00:00+05:30,2026-08-01 00:00:00+05:30,2026-08-02 00:00:00+05:30,2026-08-08 00:00:00+05:30,95.37037037037037,100.0
3409479,"Mindspace-Malad West, Mumbai - MPCB",PN,2026-06-04 00:00:00+05:30,2026-08-02 00:00:00+05:30,2026-08-03 00:00:00+05:30,2026-08-09 00:00:00+05:30,95.55555555555554,100.0
3409479,"Mindspace-Malad West, Mumbai - MPCB",PN,2026-06-05 00:00:00+05:30,2026-08-03 00:00:00+05:30,2026-08-04 00:00:00+05:30,2026-08-10 00:00:00+05:30,95.74074074074073,100.0
3409479,"Mindspace-Malad West, Mumbai - MPCB",PN,2026-06-06 00:00:00+05:30,2026-08-04 00:00:00+05:30,2026-08-05 00:00:00+05:30,2026-08-11 00:00:00+05:30,95.74074074074073,100.0
3409479,"Mindspace-Malad West, Mumbai - MPCB",PN,2026-06-07 00:00:00+05:30,2026-08-05 00:00:00+05:30,2026-08-06 00:00:00+05:30,2026-08-12 00:00:00+05:30,95.74074074074073,100.0
3409479,"Mindspace-Malad West, Mumbai - MPCB",PN,2026-06-08 00:00:00+05:30,2026-08-06 00:00:00+05:30,2026-08-07 00:00:00+05:30,2026-08-13 00:00:00+05:30,95.74074074074073,100.0
3409479,"Mindspace-Malad West, Mumbai - MPCB",PN,2026-06-09 00:00:00+05:30,2026-08-07 00:00:00+05:30,2026-08-08 00:00:00+05:30,2026-08-14 00:00:00+05:30,95.74074074074073,100.0
3409479,"Mindspace-Malad West, Mumbai - MPCB",PN,2026-06-10 00:00:00+05:30,2026-08-08 00:00:00+05:30,2026-08-09 00:00:00+05:30,2026-08-15 00:00:00+05:30,95.74074074074073,100.0
3409479,"Mindspace-Malad West, Mumbai - MPCB",PN,2026-06-11 00:00:00+05:30,2026-08-09 00:00:00+05:30,2026-08-10 00:00:00+05:30,2026-08-16 00:00:00+05:30,95.92592592592592,100.0
3409479,"Mindspace-Malad West, Mumbai - MPCB",PN,2026-06-12 00:00:00+05:30,2026-08-10 00:00:00+05:30,2026-08-11 00:00:00+05:30,2026-08-17 00:00:00+05:30,95.92592592592592,100.0
3409479,"Mindspace-Malad West, Mumbai - MPCB",PN,2026-06-13 00:00:00+05:30,2026-08-11 00:00:00+05:30,2026-08-12 00:00:00+05:30,2026-08-18 00:00:00+05:30,95.92592592592592,100.0
3409479,"Mindspace-Malad West, Mumbai - MPCB",PN,2026-06-14 00:00:00+05:30,2026-08-12 00:00:00+05:30,2026-08-13 00:00:00+05:30,2026-08-19 00:00:00+05:30,95.92592592592592,100.0
3409479,"Mindspace-Malad West, Mumbai - MPCB",PN,2026-06-15 00:00:00+05:30,2026-08-13 00:00:00+05:30,2026-08-14 00:00:00+05:30,2026-08-20 00:00:00+05:30,95.92592592592592,100.0
3409479,"Mindspace-Malad West, Mumbai - MPCB",PN,2026-06-16 00:00:00+05:30,2026-08-14 00:00:00+05:30,2026-08-15 00:00:00+05:30,2026-08-21 00:00:00+05:30,95.92592592592592,100.0
3409479,"Mindspace-Malad West, Mumbai - MPCB",PN,2026-06-17 00:00:00+05:30,2026-08-15 00:00:00+05:30,2026-08-16 00:00:00+05:30,2026-08-22 00:00:00+05:30,95.92592592592592,100.0
3409479,"Mindspace-Malad West, Mumbai - MPCB",PN,2026-06-18 00:00:00+05:30,2026-08-16 00:00:00+05:30,2026-08-17 00:00:00+05:30,2026-08-23 00:00:00+05:30,95.92592592592592,100.0
3409479,"Mindspace-Malad West, Mumbai - MPCB",PN,2026-06-19 00:00:00+05:30,2026-08-17 00:00:00+05:30,2026-08-18 00:00:00+05:30,2026-08-24 00:00:00+05:30,95.92592592592592,100.0
3409479,"Mindspace-Malad West, Mumbai - MPCB",PN,2026-06-20 00:00:00+05:30,2026-08-18 00:00:00+05:30,2026-08-19 00:00:00+05:30,2026-08-25 00:00:00+05:30,95.92592592592592,100.0
3409479,"Mindspace-Malad West, Mumbai - MPCB",PN,2026-06-21 00:00:00+05:30,2026-08-19 00:00:00+05:30,2026-08-20 00:00:00+05:30,2026-08-26 00:00:00+05:30,95.92592592592592,100.0
3409479,"Mindspace-Malad West, Mumbai - MPCB",PN,2026-07-03 00:00:00+05:30,2026-08-31 00:00:00+05:30,2026-09-01 00:00:00+05:30,2026-09-07 00:00:00+05:30,90.92592592592591,100.0
3409479,"Mindspace-Malad West, Mumbai - MPCB",PN,2026-07-04 00:00:00+05:30,2026-09-01 00:00:00+05:30,2026-09-02 00:00:00+05:30,2026-09-08 00:00:00+05:30,90.92592592592591,100.0
3409479,"Mindspace-Malad West, Mumbai - MPCB",PN,2026-07-05 00:00:00+05:30,2026-09-02 00:00:00+05:30,2026-09-03 00:00:00+05:30,2026-09-09 00:00:00+05:30,90.92592592592591,100.0
3409479,"Mindspace-Malad West, Mumbai - MPCB",PN,2026-07-06 00:00:00+05:30,2026-09-03 00:00:00+05:30,2026-09-04 00:00:00+05:30,2026-09-10 00:00:00+05:30,90.92592592592591,100.0
3409479,"Mindspace-Malad West, Mumbai - MPCB",PN,2026-07-07 00:00:00+05:30,2026-09-04 00:00:00+05:30,2026-09-05 00:00:00+05:30,2026-09-11 00:00:00+05:30,90.92592592592591,100.0
3409479,"Mindspace-Malad West, Mumbai - MPCB",PN,2026-07-08 00:00:00+05:30,2026-09-05 00:00:00+05:30,2026-09-06 00:00:00+05:30,2026-09-12 00:00:00+05:30,90.92592592592591,100.0
3409479,"Mindspace-Malad West, Mumbai - MPCB",PN,2026-07-09 00:00:00+05:30,2026-09-06 00:00:00+05:30,2026-09-07 00:00:00+05:30,2026-09-13 00:00:00+05:30,90.92592592592591,100.0
3409479,"Mindspace-Malad West, Mumbai - MPCB",PN,2026-07-10 00:00:00+05:30,2026-09-07 00:00:00+05:30,2026-09-08 00:00:00+05:30,2026-09-14 00:00:00+05:30,91.1111111111111,100.0
3409479,"Mindspace-Malad West, Mumbai - MPCB",PN,2026-07-11 00:00:00+05:30,2026-09-08 00:00:00+05:30,2026-09-09 00:00:00+05:30,2026-09-15 00:00:00+05:30,91.29629629629628,100.0
3409479,"Mindspace-Malad West, Mumbai - MPCB",PN,2026-07-12 00:00:00+05:30,2026-09-09 00:00:00+05:30,2026-09-10 00:00:00+05:30,2026-09-16 00:00:00+05:30,91.48148148148148,100.0
3409479,"Mindspace-Malad West, Mumbai - MPCB",PN,2026-07-13 00:00:00+05:30,2026-09-10 00:00:00+05:30,2026-09-11 00:00:00+05:30,2026-09-17 00:00:00+05:30,91.66666666666666,100.0
3409482,"Bandra Kurla Complex, Mumbai - MPCB",HE,2025-10-11 00:00:00+05:30,2025-12-09 00:00:00+05:30,2025-12-10 00:00:00+05:30,2025-12-16 00:00:00+05:30,98.14814814814815,100.0
3409482,"Bandra Kurla Complex, Mumbai - MPCB",HE,2025-10-12 00:00:00+05:30,2025-12-10 00:00:00+05:30,2025-12-11 00:00:00+05:30,2025-12-17 00:00:00+05:30,98.14814814814815,100.0
3409482,"Bandra Kurla Complex, Mumbai - MPCB",HE,2025-10-13 00:00:00+05:30,2025-12-11 00:00:00+05:30,2025-12-12 00:00:00+05:30,2025-12-18 00:00:00+05:30,98.14814814814815,100.0
3409482,"Bandra Kurla Complex, Mumbai - MPCB",HE,2025-10-14 00:00:00+05:30,2025-12-12 00:00:00+05:30,2025-12-13 00:00:00+05:30,2025-12-19 00:00:00+05:30,98.14814814814815,100.0
3409482,"Bandra Kurla Complex, Mumbai - MPCB",HE,2025-10-15 00:00:00+05:30,2025-12-13 00:00:00+05:30,2025-12-14 00:00:00+05:30,2025-12-20 00:00:00+05:30,98.14814814814815,100.0
3409482,"Bandra Kurla Complex, Mumbai - MPCB",HE,2025-10-16 00:00:00+05:30,2025-12-14 00:00:00+05:30,2025-12-15 00:00:00+05:30,2025-12-21 00:00:00+05:30,97.77777777777779,100.0
3409482,"Bandra Kurla Complex, Mumbai - MPCB",HE,2025-10-17 00:00:00+05:30,2025-12-15 00:00:00+05:30,2025-12-16 00:00:00+05:30,2025-12-22 00:00:00+05:30,97.77777777777779,100.0
3409482,"Bandra Kurla Complex, Mumbai - MPCB",HE,2025-10-18 00:00:00+05:30,2025-12-16 00:00:00+05:30,2025-12-17 00:00:00+05:30,2025-12-23 00:00:00+05:30,97.77777777777779,100.0
3409482,"Bandra Kurla Complex, Mumbai - MPCB",HE,2025-10-19 00:00:00+05:30,2025-12-17 00:00:00+05:30,2025-12-18 00:00:00+05:30,2025-12-24 00:00:00+05:30,97.77777777777779,100.0
3409482,"Bandra Kurla Complex, Mumbai - MPCB",HE,2025-10-20 00:00:00+05:30,2025-12-18 00:00:00+05:30,2025-12-19 00:00:00+05:30,2025-12-25 00:00:00+05:30,97.77777777777779,100.0
3409482,"Bandra Kurla Complex, Mumbai - MPCB",HE,2025-10-21 00:00:00+05:30,2025-12-19 00:00:00+05:30,2025-12-20 00:00:00+05:30,2025-12-26 00:00:00+05:30,97.77777777777779,100.0
3409482,"Bandra Kurla Complex, Mumbai - MPCB",HE,2025-10-22 00:00:00+05:30,2025-12-20 00:00:00+05:30,2025-12-21 00:00:00+05:30,2025-12-27 00:00:00+05:30,97.77777777777779,100.0
3409482,"Bandra Kurla Complex, Mumbai - MPCB",HE,2025-10-23 00:00:00+05:30,2025-12-21 00:00:00+05:30,2025-12-22 00:00:00+05:30,2025-12-28 00:00:00+05:30,97.77777777777779,100.0
3409482,"Bandra Kurla Complex, Mumbai - MPCB",HE,2025-10-24 00:00:00+05:30,2025-12-22 00:00:00+05:30,2025-12-23 00:00:00+05:30,2025-12-29 00:00:00+05:30,97.4074074074074,100.0
3409482,"Bandra Kurla Complex, Mumbai - MPCB",HE,2025-10-25 00:00:00+05:30,2025-12-23 00:00:00+05:30,2025-12-24 00:00:00+05:30,2025-12-30 00:00:00+05:30,97.4074074074074,100.0
3409482,"Bandra Kurla Complex, Mumbai - MPCB",HE,2025-10-26 00:00:00+05:30,2025-12-24 00:00:00+05:30,2025-12-25 00:00:00+05:30,2025-12-31 00:00:00+05:30,97.4074074074074,100.0
3409482,"Bandra Kurla Complex, Mumbai - MPCB",HE,2025-10-27 00:00:00+05:30,2025-12-25 00:00:00+05:30,2025-12-26 00:00:00+05:30,2026-01-01 00:00:00+05:30,97.4074074074074,100.0
3409482,"Bandra Kurla Complex, Mumbai - MPCB",HE,2025-10-28 00:00:00+05:30,2025-12-26 00:00:00+05:30,2025-12-27 00:00:00+05:30,2026-01-02 00:00:00+05:30,97.4074074074074,100.0
3409482,"Bandra Kurla Complex, Mumbai - MPCB",HE,2025-10-29 00:00:00+05:30,2025-12-27 00:00:00+05:30,2025-12-28 00:00:00+05:30,2026-01-03 00:00:00+05:30,97.22222222222221,100.0
3409482,"Bandra Kurla Complex, Mumbai - MPCB",HE,2025-10-30 00:00:00+05:30,2025-12-28 00:00:00+05:30,2025-12-29 00:00:00+05:30,2026-01-04 00:00:00+05:30,97.22222222222221,100.0
3409482,"Bandra Kurla Complex, Mumbai - MPCB",HE,2025-10-31 00:00:00+05:30,2025-12-29 00:00:00+05:30,2025-12-30 00:00:00+05:30,2026-01-05 00:00:00+05:30,97.22222222222221,100.0
3409482,"Bandra Kurla Complex, Mumbai - MPCB",HE,2025-11-01 00:00:00+05:30,2025-12-30 00:00:00+05:30,2025-12-31 00:00:00+05:30,2026-01-06 00:00:00+05:30,97.59259259259258,100.0
3409482,"Bandra Kurla Complex, Mumbai - MPCB",HE,2025-11-02 00:00:00+05:30,2025-12-31 00:00:00+05:30,2026-01-01 00:00:00+05:30,2026-01-07 00:00:00+05:30,97.59259259259258,100.0
3409482,"Bandra Kurla Complex, Mumbai - MPCB",HE,2025-11-03 00:00:00+05:30,2026-01-01 00:00:00+05:30,2026-01-02 00:00:00+05:30,2026-01-08 00:00:00+05:30,97.59259259259258,100.0
3409482,"Bandra Kurla Complex, Mumbai - MPCB",HE,2025-11-04 00:00:00+05:30,2026-01-02 00:00:00+05:30,2026-01-03 00:00:00+05:30,2026-01-09 00:00:00+05:30,97.59259259259258,100.0
3409482,"Bandra Kurla Complex, Mumbai - MPCB",HE,2025-11-05 00:00:00+05:30,2026-01-03 00:00:00+05:30,2026-01-04 00:00:00+05:30,2026-01-10 00:00:00+05:30,97.59259259259258,100.0
3409482,"Bandra Kurla Complex, Mumbai - MPCB",HE,2025-11-22 00:00:00+05:30,2026-01-20 00:00:00+05:30,2026-01-21 00:00:00+05:30,2026-01-27 00:00:00+05:30,83.5185185185185,100.0
3409482,"Bandra Kurla Complex, Mumbai - MPCB",HE,2025-11-23 00:00:00+05:30,2026-01-21 00:00:00+05:30,2026-01-22 00:00:00+05:30,2026-01-28 00:00:00+05:30,83.7037037037037,100.0
3409482,"Bandra Kurla Complex, Mumbai - MPCB",HE,2025-11-24 00:00:00+05:30,2026-01-22 00:00:00+05:30,2026-01-23 00:00:00+05:30,2026-01-29 00:00:00+05:30,83.7037037037037,100.0
3409482,"Bandra Kurla Complex, Mumbai - MPCB",HE,2025-11-25 00:00:00+05:30,2026-01-23 00:00:00+05:30,2026-01-24 00:00:00+05:30,2026-01-30 00:00:00+05:30,83.7037037037037,100.0
3409482,"Bandra Kurla Complex, Mumbai - MPCB",HE,2025-11-26 00:00:00+05:30,2026-01-24 00:00:00+05:30,2026-01-25 00:00:00+05:30,2026-01-31 00:00:00+05:30,83.7037037037037,100.0
3409482,"Bandra Kurla Complex, Mumbai - MPCB",HE,2025-11-27 00:00:00+05:30,2026-01-25 00:00:00+05:30,2026-01-26 00:00:00+05:30,2026-02-01 00:00:00+05:30,83.7037037037037,100.0
3409482,"Bandra Kurla Complex, Mumbai - MPCB",HE,2025-11-28 00:00:00+05:30,2026-01-26 00:00:00+05:30,2026-01-27 00:00:00+05:30,2026-02-02 00:00:00+05:30,83.7037037037037,100.0
3409482,"Bandra Kurla Complex, Mumbai - MPCB",HE,2025-11-29 00:00:00+05:30,2026-01-27 00:00:00+05:30,2026-01-28 00:00:00+05:30,2026-02-03 00:00:00+05:30,83.7037037037037,100.0
3409482,"Bandra Kurla Complex, Mumbai - MPCB",HE,2025-11-30 00:00:00+05:30,2026-01-28 00:00:00+05:30,2026-01-29 00:00:00+05:30,2026-02-04 00:00:00+05:30,83.7037037037037,100.0
3409482,"Bandra Kurla Complex, Mumbai - MPCB",HE,2025-12-01 00:00:00+05:30,2026-01-29 00:00:00+05:30,2026-01-30 00:00:00+05:30,2026-02-05 00:00:00+05:30,83.7037037037037,100.0
3409482,"Bandra Kurla Complex, Mumbai - MPCB",HE,2025-12-02 00:00:00+05:30,2026-01-30 00:00:00+05:30,2026-01-31 00:00:00+05:30,2026-02-06 00:00:00+05:30,83.7037037037037,100.0
3409482,"Bandra Kurla Complex, Mumbai - MPCB",HE,2025-12-03 00:00:00+05:30,2026-01-31 00:00:00+05:30,2026-02-01 00:00:00+05:30,2026-02-07 00:00:00+05:30,83.7037037037037,100.0
3409482,"Bandra Kurla Complex, Mumbai - MPCB",HE,2025-12-11 00:00:00+05:30,2026-02-08 00:00:00+05:30,2026-02-09 00:00:00+05:30,2026-02-15 00:00:00+05:30,82.40740740740739,100.0
3409482,"Bandra Kurla Complex, Mumbai - MPCB",HE,2025-12-12 00:00:00+05:30,2026-02-09 00:00:00+05:30,2026-02-10 00:00:00+05:30,2026-02-16 00:00:00+05:30,82.40740740740739,100.0
3409482,"Bandra Kurla Complex, Mumbai - MPCB",HE,2025-12-13 00:00:00+05:30,2026-02-10 00:00:00+05:30,2026-02-11 00:00:00+05:30,2026-02-17 00:00:00+05:30,82.40740740740739,100.0
3409482,"Bandra Kurla Complex, Mumbai - MPCB",HE,2025-12-14 00:00:00+05:30,2026-02-11 00:00:00+05:30,2026-02-12 00:00:00+05:30,2026-02-18 00:00:00+05:30,82.40740740740739,100.0
3409482,"Bandra Kurla Complex, Mumbai - MPCB",HE,2025-12-15 00:00:00+05:30,2026-02-12 00:00:00+05:30,2026-02-13 00:00:00+05:30,2026-02-19 00:00:00+05:30,82.77777777777777,100.0
3409482,"Bandra Kurla Complex, Mumbai - MPCB",HE,2025-12-16 00:00:00+05:30,2026-02-13 00:00:00+05:30,2026-02-14 00:00:00+05:30,2026-02-20 00:00:00+05:30,82.77777777777777,100.0
3409482,"Bandra Kurla Complex, Mumbai - MPCB",HE,2025-12-17 00:00:00+05:30,2026-02-14 00:00:00+05:30,2026-02-15 00:00:00+05:30,2026-02-21 00:00:00+05:30,82.77777777777777,100.0
3409482,"Bandra Kurla Complex, Mumbai - MPCB",HE,2025-12-18 00:00:00+05:30,2026-02-15 00:00:00+05:30,2026-02-16 00:00:00+05:30,2026-02-22 00:00:00+05:30,82.77777777777777,100.0
3409482,"Bandra Kurla Complex, Mumbai - MPCB",HE,2025-12-19 00:00:00+05:30,2026-02-16 00:00:00+05:30,2026-02-17 00:00:00+05:30,2026-02-23 00:00:00+05:30,82.40740740740739,100.0
3409482,"Bandra Kurla Complex, Mumbai - MPCB",HE,2025-12-20 00:00:00+05:30,2026-02-17 00:00:00+05:30,2026-02-18 00:00:00+05:30,2026-02-24 00:00:00+05:30,82.40740740740739,100.0
3409482,"Bandra Kurla Complex, Mumbai - MPCB",HE,2025-12-21 00:00:00+05:30,2026-02-18 00:00:00+05:30,2026-02-19 00:00:00+05:30,2026-02-25 00:00:00+05:30,82.40740740740739,100.0
3409482,"Bandra Kurla Complex, Mumbai - MPCB",HE,2025-12-22 00:00:00+05:30,2026-02-19 00:00:00+05:30,2026-02-20 00:00:00+05:30,2026-02-26 00:00:00+05:30,82.40740740740739,100.0
3409482,"Bandra Kurla Complex, Mumbai - MPCB",HE,2025-12-23 00:00:00+05:30,2026-02-20 00:00:00+05:30,2026-02-21 00:00:00+05:30,2026-02-27 00:00:00+05:30,82.77777777777777,100.0
3409482,"Bandra Kurla Complex, Mumbai - MPCB",HE,2025-12-24 00:00:00+05:30,2026-02-21 00:00:00+05:30,2026-02-22 00:00:00+05:30,2026-02-28 00:00:00+05:30,82.77777777777777,100.0
3409482,"Bandra Kurla Complex, Mumbai - MPCB",HE,2025-12-25 00:00:00+05:30,2026-02-22 00:00:00+05:30,2026-02-23 00:00:00+05:30,2026-03-01 00:00:00+05:30,82.77777777777777,100.0
3409482,"Bandra Kurla Complex, Mumbai - MPCB",HE,2025-12-26 00:00:00+05:30,2026-02-23 00:00:00+05:30,2026-02-24 00:00:00+05:30,2026-03-02 00:00:00+05:30,82.77777777777777,100.0
3409482,"Bandra Kurla Complex, Mumbai - MPCB",HE,2025-12-27 00:00:00+05:30,2026-02-24 00:00:00+05:30,2026-02-25 00:00:00+05:30,2026-03-03 00:00:00+05:30,82.77777777777777,100.0
3409482,"Bandra Kurla Complex, Mumbai - MPCB",HE,2025-12-28 00:00:00+05:30,2026-02-25 00:00:00+05:30,2026-02-26 00:00:00+05:30,2026-03-04 00:00:00+05:30,82.96296296296295,100.0
3409482,"Bandra Kurla Complex, Mumbai - MPCB",HE,2025-12-29 00:00:00+05:30,2026-02-26 00:00:00+05:30,2026-02-27 00:00:00+05:30,2026-03-05 00:00:00+05:30,82.96296296296295,100.0
3409482,"Bandra Kurla Complex, Mumbai - MPCB",HE,2025-12-30 00:00:00+05:30,2026-02-27 00:00:00+05:30,2026-02-28 00:00:00+05:30,2026-03-06 00:00:00+05:30,82.96296296296295,100.0
3409482,"Bandra Kurla Complex, Mumbai - MPCB",HE,2025-12-31 00:00:00+05:30,2026-02-28 00:00:00+05:30,2026-03-01 00:00:00+05:30,2026-03-07 00:00:00+05:30,82.96296296296295,100.0
3409482,"Bandra Kurla Complex, Mumbai - MPCB",HE,2026-01-01 00:00:00+05:30,2026-03-01 00:00:00+05:30,2026-03-02 00:00:00+05:30,2026-03-08 00:00:00+05:30,82.59259259259258,100.0
3409482,"Bandra Kurla Complex, Mumbai - MPCB",HE,2026-01-02 00:00:00+05:30,2026-03-02 00:00:00+05:30,2026-03-03 00:00:00+05:30,2026-03-09 00:00:00+05:30,82.59259259259258,100.0
3409482,"Bandra Kurla Complex, Mumbai - MPCB",HE,2026-01-03 00:00:00+05:30,2026-03-03 00:00:00+05:30,2026-03-04 00:00:00+05:30,2026-03-10 00:00:00+05:30,82.59259259259258,100.0
3409482,"Bandra Kurla Complex, Mumbai - MPCB",HE,2026-01-04 00:00:00+05:30,2026-03-04 00:00:00+05:30,2026-03-05 00:00:00+05:30,2026-03-11 00:00:00+05:30,82.59259259259258,100.0
3409482,"Bandra Kurla Complex, Mumbai - MPCB",HE,2026-01-05 00:00:00+05:30,2026-03-05 00:00:00+05:30,2026-03-06 00:00:00+05:30,2026-03-12 00:00:00+05:30,82.40740740740739,100.0
3409482,"Bandra Kurla Complex, Mumbai - MPCB",HE,2026-01-06 00:00:00+05:30,2026-03-06 00:00:00+05:30,2026-03-07 00:00:00+05:30,2026-03-13 00:00:00+05:30,82.03703703703702,100.0
3409482,"Bandra Kurla Complex, Mumbai - MPCB",HE,2026-01-07 00:00:00+05:30,2026-03-07 00:00:00+05:30,2026-03-08 00:00:00+05:30,2026-03-14 00:00:00+05:30,81.66666666666667,100.0
3409482,"Bandra Kurla Complex, Mumbai - MPCB",HE,2026-01-08 00:00:00+05:30,2026-03-08 00:00:00+05:30,2026-03-09 00:00:00+05:30,2026-03-15 00:00:00+05:30,81.48148148148148,100.0
3409482,"Bandra Kurla Complex, Mumbai - MPCB",HE,2026-01-09 00:00:00+05:30,2026-03-09 00:00:00+05:30,2026-03-10 00:00:00+05:30,2026-03-16 00:00:00+05:30,81.48148148148148,100.0
3409482,"Bandra Kurla Complex, Mumbai - MPCB",HE,2026-01-10 00:00:00+05:30,2026-03-10 00:00:00+05:30,2026-03-11 00:00:00+05:30,2026-03-17 00:00:00+05:30,81.48148148148148,100.0
3409482,"Bandra Kurla Complex, Mumbai - MPCB",HE,2026-01-13 00:00:00+05:30,2026-03-13 00:00:00+05:30,2026-03-14 00:00:00+05:30,2026-03-20 00:00:00+05:30,84.62962962962963,100.0
3409482,"Bandra Kurla Complex, Mumbai - MPCB",HE,2026-01-14 00:00:00+05:30,2026-03-14 00:00:00+05:30,2026-03-15 00:00:00+05:30,2026-03-21 00:00:00+05:30,86.2962962962963,100.0
3409482,"Bandra Kurla Complex, Mumbai - MPCB",HE,2026-01-15 00:00:00+05:30,2026-03-15 00:00:00+05:30,2026-03-16 00:00:00+05:30,2026-03-22 00:00:00+05:30,87.77777777777777,100.0
3409482,"Bandra Kurla Complex, Mumbai - MPCB",HE,2026-01-16 00:00:00+05:30,2026-03-16 00:00:00+05:30,2026-03-17 00:00:00+05:30,2026-03-23 00:00:00+05:30,89.25925925925927,100.0
3409482,"Bandra Kurla Complex, Mumbai - MPCB",HE,2026-01-17 00:00:00+05:30,2026-03-17 00:00:00+05:30,2026-03-18 00:00:00+05:30,2026-03-24 00:00:00+05:30,90.74074074074073,100.0
3409482,"Bandra Kurla Complex, Mumbai - MPCB",HE,2026-01-18 00:00:00+05:30,2026-03-18 00:00:00+05:30,2026-03-19 00:00:00+05:30,2026-03-25 00:00:00+05:30,92.2222222222222,100.0
3409482,"Bandra Kurla Complex, Mumbai - MPCB",HE,2026-01-19 00:00:00+05:30,2026-03-19 00:00:00+05:30,2026-03-20 00:00:00+05:30,2026-03-26 00:00:00+05:30,93.70370370370371,100.0
3409482,"Bandra Kurla Complex, Mumbai - MPCB",HE,2026-01-20 00:00:00+05:30,2026-03-20 00:00:00+05:30,2026-03-21 00:00:00+05:30,2026-03-27 00:00:00+05:30,95.18518518518519,100.0
3409482,"Bandra Kurla Complex, Mumbai - MPCB",HE,2026-01-21 00:00:00+05:30,2026-03-21 00:00:00+05:30,2026-03-22 00:00:00+05:30,2026-03-28 00:00:00+05:30,94.99999999999999,100.0
3409482,"Bandra Kurla Complex, Mumbai - MPCB",HE,2026-01-24 00:00:00+05:30,2026-03-24 00:00:00+05:30,2026-03-25 00:00:00+05:30,2026-03-31 00:00:00+05:30,94.62962962962962,100.0
3409482,"Bandra Kurla Complex, Mumbai - MPCB",HE,2026-01-25 00:00:00+05:30,2026-03-25 00:00:00+05:30,2026-03-26 00:00:00+05:30,2026-04-01 00:00:00+05:30,94.62962962962962,100.0
3409482,"Bandra Kurla Complex, Mumbai - MPCB",HE,2026-01-26 00:00:00+05:30,2026-03-26 00:00:00+05:30,2026-03-27 00:00:00+05:30,2026-04-02 00:00:00+05:30,94.44444444444441,100.0
3409482,"Bandra Kurla Complex, Mumbai - MPCB",HE,2026-01-27 00:00:00+05:30,2026-03-27 00:00:00+05:30,2026-03-28 00:00:00+05:30,2026-04-03 00:00:00+05:30,94.25925925925925,100.0
3409482,"Bandra Kurla Complex, Mumbai - MPCB",HE,2026-01-28 00:00:00+05:30,2026-03-28 00:00:00+05:30,2026-03-29 00:00:00+05:30,2026-04-04 00:00:00+05:30,94.25925925925925,100.0
3409482,"Bandra Kurla Complex, Mumbai - MPCB",HE,2026-01-29 00:00:00+05:30,2026-03-29 00:00:00+05:30,2026-03-30 00:00:00+05:30,2026-04-05 00:00:00+05:30,94.25925925925925,100.0
3409482,"Bandra Kurla Complex, Mumbai - MPCB",HE,2026-01-30 00:00:00+05:30,2026-03-30 00:00:00+05:30,2026-03-31 00:00:00+05:30,2026-04-06 00:00:00+05:30,94.25925925925925,100.0
3409482,"Bandra Kurla Complex, Mumbai - MPCB",HE,2026-01-31 00:00:00+05:30,2026-03-31 00:00:00+05:30,2026-04-01 00:00:00+05:30,2026-04-07 00:00:00+05:30,94.25925925925925,100.0
3409482,"Bandra Kurla Complex, Mumbai - MPCB",HE,2026-02-01 00:00:00+05:30,2026-04-01 00:00:00+05:30,2026-04-02 00:00:00+05:30,2026-04-08 00:00:00+05:30,94.25925925925925,100.0
3409482,"Bandra Kurla Complex, Mumbai - MPCB",HE,2026-02-02 00:00:00+05:30,2026-04-02 00:00:00+05:30,2026-04-03 00:00:00+05:30,2026-04-09 00:00:00+05:30,94.25925925925925,100.0
3409482,"Bandra Kurla Complex, Mumbai - MPCB",HE,2026-02-03 00:00:00+05:30,2026-04-03 00:00:00+05:30,2026-04-04 00:00:00+05:30,2026-04-10 00:00:00+05:30,94.25925925925925,100.0
3409482,"Bandra Kurla Complex, Mumbai - MPCB",HE,2026-02-04 00:00:00+05:30,2026-04-04 00:00:00+05:30,2026-04-05 00:00:00+05:30,2026-04-11 00:00:00+05:30,94.25925925925925,100.0
3409482,"Bandra Kurla Complex, Mumbai - MPCB",HE,2026-02-05 00:00:00+05:30,2026-04-05 00:00:00+05:30,2026-04-06 00:00:00+05:30,2026-04-12 00:00:00+05:30,94.25925925925925,100.0
3409482,"Bandra Kurla Complex, Mumbai - MPCB",HE,2026-02-06 00:00:00+05:30,2026-04-06 00:00:00+05:30,2026-04-07 00:00:00+05:30,2026-04-13 00:00:00+05:30,94.25925925925925,100.0
3409482,"Bandra Kurla Complex, Mumbai - MPCB",HE,2026-02-07 00:00:00+05:30,2026-04-07 00:00:00+05:30,2026-04-08 00:00:00+05:30,2026-04-14 00:00:00+05:30,94.25925925925925,100.0
3409482,"Bandra Kurla Complex, Mumbai - MPCB",HE,2026-02-08 00:00:00+05:30,2026-04-08 00:00:00+05:30,2026-04-09 00:00:00+05:30,2026-04-15 00:00:00+05:30,94.25925925925925,100.0
3409482,"Bandra Kurla Complex, Mumbai - MPCB",HE,2026-02-09 00:00:00+05:30,2026-04-09 00:00:00+05:30,2026-04-10 00:00:00+05:30,2026-04-16 00:00:00+05:30,95.92592592592592,100.0
3409482,"Bandra Kurla Complex, Mumbai - MPCB",HE,2026-02-10 00:00:00+05:30,2026-04-10 00:00:00+05:30,2026-04-11 00:00:00+05:30,2026-04-17 00:00:00+05:30,95.92592592592592,100.0
3409482,"Bandra Kurla Complex, Mumbai - MPCB",HE,2026-02-11 00:00:00+05:30,2026-04-11 00:00:00+05:30,2026-04-12 00:00:00+05:30,2026-04-18 00:00:00+05:30,95.92592592592592,100.0
3409482,"Bandra Kurla Complex, Mumbai - MPCB",HE,2026-02-12 00:00:00+05:30,2026-04-12 00:00:00+05:30,2026-04-13 00:00:00+05:30,2026-04-19 00:00:00+05:30,95.92592592592592,100.0
3409482,"Bandra Kurla Complex, Mumbai - MPCB",HE,2026-02-13 00:00:00+05:30,2026-04-13 00:00:00+05:30,2026-04-14 00:00:00+05:30,2026-04-20 00:00:00+05:30,95.92592592592592,100.0
3409482,"Bandra Kurla Complex, Mumbai - MPCB",HE,2026-02-14 00:00:00+05:30,2026-04-14 00:00:00+05:30,2026-04-15 00:00:00+05:30,2026-04-21 00:00:00+05:30,95.92592592592592,100.0
3409482,"Bandra Kurla Complex, Mumbai - MPCB",HE,2026-02-15 00:00:00+05:30,2026-04-15 00:00:00+05:30,2026-04-16 00:00:00+05:30,2026-04-22 00:00:00+05:30,95.92592592592592,100.0
3409482,"Bandra Kurla Complex, Mumbai - MPCB",HE,2026-02-16 00:00:00+05:30,2026-04-16 00:00:00+05:30,2026-04-17 00:00:00+05:30,2026-04-23 00:00:00+05:30,95.92592592592592,100.0
3409482,"Bandra Kurla Complex, Mumbai - MPCB",HE,2026-02-17 00:00:00+05:30,2026-04-17 00:00:00+05:30,2026-04-18 00:00:00+05:30,2026-04-24 00:00:00+05:30,96.29629629629632,100.0
3409482,"Bandra Kurla Complex, Mumbai - MPCB",HE,2026-03-04 00:00:00+05:30,2026-05-02 00:00:00+05:30,2026-05-03 00:00:00+05:30,2026-05-09 00:00:00+05:30,95.37037037037037,100.0
3409482,"Bandra Kurla Complex, Mumbai - MPCB",HE,2026-03-05 00:00:00+05:30,2026-05-03 00:00:00+05:30,2026-05-04 00:00:00+05:30,2026-05-10 00:00:00+05:30,95.37037037037037,100.0
3409482,"Bandra Kurla Complex, Mumbai - MPCB",HE,2026-03-06 00:00:00+05:30,2026-05-04 00:00:00+05:30,2026-05-05 00:00:00+05:30,2026-05-11 00:00:00+05:30,95.55555555555554,100.0
3409482,"Bandra Kurla Complex, Mumbai - MPCB",HE,2026-03-07 00:00:00+05:30,2026-05-05 00:00:00+05:30,2026-05-06 00:00:00+05:30,2026-05-12 00:00:00+05:30,95.92592592592592,100.0
3409482,"Bandra Kurla Complex, Mumbai - MPCB",HE,2026-03-08 00:00:00+05:30,2026-05-06 00:00:00+05:30,2026-05-07 00:00:00+05:30,2026-05-13 00:00:00+05:30,96.29629629629629,100.0
3409482,"Bandra Kurla Complex, Mumbai - MPCB",HE,2026-03-09 00:00:00+05:30,2026-05-07 00:00:00+05:30,2026-05-08 00:00:00+05:30,2026-05-14 00:00:00+05:30,96.48148148148148,100.0
3409482,"Bandra Kurla Complex, Mumbai - MPCB",HE,2026-03-10 00:00:00+05:30,2026-05-08 00:00:00+05:30,2026-05-09 00:00:00+05:30,2026-05-15 00:00:00+05:30,96.48148148148148,100.0
3409482,"Bandra Kurla Complex, Mumbai - MPCB",HE,2026-03-11 00:00:00+05:30,2026-05-09 00:00:00+05:30,2026-05-10 00:00:00+05:30,2026-05-16 00:00:00+05:30,96.48148148148148,100.0
3409482,"Bandra Kurla Complex, Mumbai - MPCB",HE,2026-03-12 00:00:00+05:30,2026-05-10 00:00:00+05:30,2026-05-11 00:00:00+05:30,2026-05-17 00:00:00+05:30,96.48148148148148,100.0
3409482,"Bandra Kurla Complex, Mumbai - MPCB",HE,2026-03-13 00:00:00+05:30,2026-05-11 00:00:00+05:30,2026-05-12 00:00:00+05:30,2026-05-18 00:00:00+05:30,96.48148148148148,100.0
3409482,"Bandra Kurla Complex, Mumbai - MPCB",HE,2026-03-14 00:00:00+05:30,2026-05-12 00:00:00+05:30,2026-05-13 00:00:00+05:30,2026-05-19 00:00:00+05:30,96.48148148148147,100.0
3409482,"Bandra Kurla Complex, Mumbai - MPCB",HE,2026-03-17 00:00:00+05:30,2026-05-15 00:00:00+05:30,2026-05-16 00:00:00+05:30,2026-05-22 00:00:00+05:30,96.85185185185183,100.0
3409482,"Bandra Kurla Complex, Mumbai - MPCB",HE,2026-03-18 00:00:00+05:30,2026-05-16 00:00:00+05:30,2026-05-17 00:00:00+05:30,2026-05-23 00:00:00+05:30,97.03703703703704,100.0
3409482,"Bandra Kurla Complex, Mumbai - MPCB",HE,2026-03-19 00:00:00+05:30,2026-05-17 00:00:00+05:30,2026-05-18 00:00:00+05:30,2026-05-24 00:00:00+05:30,97.22222222222221,100.0
3409482,"Bandra Kurla Complex, Mumbai - MPCB",HE,2026-03-20 00:00:00+05:30,2026-05-18 00:00:00+05:30,2026-05-19 00:00:00+05:30,2026-05-25 00:00:00+05:30,97.4074074074074,100.0
3409482,"Bandra Kurla Complex, Mumbai - MPCB",HE,2026-03-21 00:00:00+05:30,2026-05-19 00:00:00+05:30,2026-05-20 00:00:00+05:30,2026-05-26 00:00:00+05:30,97.59259259259258,100.0
3409482,"Bandra Kurla Complex, Mumbai - MPCB",HE,2026-03-22 00:00:00+05:30,2026-05-20 00:00:00+05:30,2026-05-21 00:00:00+05:30,2026-05-27 00:00:00+05:30,97.77777777777776,100.0
3409482,"Bandra Kurla Complex, Mumbai - MPCB",HE,2026-03-23 00:00:00+05:30,2026-05-21 00:00:00+05:30,2026-05-22 00:00:00+05:30,2026-05-28 00:00:00+05:30,97.96296296296296,100.0
3409482,"Bandra Kurla Complex, Mumbai - MPCB",HE,2026-03-24 00:00:00+05:30,2026-05-22 00:00:00+05:30,2026-05-23 00:00:00+05:30,2026-05-29 00:00:00+05:30,97.96296296296296,100.0
3409482,"Bandra Kurla Complex, Mumbai - MPCB",HE,2026-03-25 00:00:00+05:30,2026-05-23 00:00:00+05:30,2026-05-24 00:00:00+05:30,2026-05-30 00:00:00+05:30,97.77777777777776,100.0
3409482,"Bandra Kurla Complex, Mumbai - MPCB",HE,2026-03-26 00:00:00+05:30,2026-05-24 00:00:00+05:30,2026-05-25 00:00:00+05:30,2026-05-31 00:00:00+05:30,97.59259259259258,100.0
3409482,"Bandra Kurla Complex, Mumbai - MPCB",HE,2026-03-27 00:00:00+05:30,2026-05-25 00:00:00+05:30,2026-05-26 00:00:00+05:30,2026-06-01 00:00:00+05:30,97.59259259259258,100.0
3409482,"Bandra Kurla Complex, Mumbai - MPCB",HE,2026-03-28 00:00:00+05:30,2026-05-26 00:00:00+05:30,2026-05-27 00:00:00+05:30,2026-06-02 00:00:00+05:30,97.59259259259258,100.0
3409482,"Bandra Kurla Complex, Mumbai - MPCB",HE,2026-03-29 00:00:00+05:30,2026-05-27 00:00:00+05:30,2026-05-28 00:00:00+05:30,2026-06-03 00:00:00+05:30,97.4074074074074,100.0
3409482,"Bandra Kurla Complex, Mumbai - MPCB",HE,2026-03-30 00:00:00+05:30,2026-05-28 00:00:00+05:30,2026-05-29 00:00:00+05:30,2026-06-04 00:00:00+05:30,97.4074074074074,100.0
3409482,"Bandra Kurla Complex, Mumbai - MPCB",HE,2026-03-31 00:00:00+05:30,2026-05-29 00:00:00+05:30,2026-05-30 00:00:00+05:30,2026-06-05 00:00:00+05:30,97.4074074074074,100.0
3409482,"Bandra Kurla Complex, Mumbai - MPCB",HE,2026-04-11 00:00:00+05:30,2026-06-09 00:00:00+05:30,2026-06-10 00:00:00+05:30,2026-06-16 00:00:00+05:30,90.74074074074073,100.0
3409482,"Bandra Kurla Complex, Mumbai - MPCB",HE,2026-04-12 00:00:00+05:30,2026-06-10 00:00:00+05:30,2026-06-11 00:00:00+05:30,2026-06-17 00:00:00+05:30,90.74074074074073,100.0
3409482,"Bandra Kurla Complex, Mumbai - MPCB",HE,2026-04-13 00:00:00+05:30,2026-06-11 00:00:00+05:30,2026-06-12 00:00:00+05:30,2026-06-18 00:00:00+05:30,90.74074074074073,100.0
3409482,"Bandra Kurla Complex, Mumbai - MPCB",HE,2026-04-14 00:00:00+05:30,2026-06-12 00:00:00+05:30,2026-06-13 00:00:00+05:30,2026-06-19 00:00:00+05:30,90.55555555555556,100.0
3409482,"Bandra Kurla Complex, Mumbai - MPCB",HE,2026-04-15 00:00:00+05:30,2026-06-13 00:00:00+05:30,2026-06-14 00:00:00+05:30,2026-06-20 00:00:00+05:30,90.55555555555556,100.0
3409482,"Bandra Kurla Complex, Mumbai - MPCB",HE,2026-04-16 00:00:00+05:30,2026-06-14 00:00:00+05:30,2026-06-15 00:00:00+05:30,2026-06-21 00:00:00+05:30,90.55555555555556,100.0
3409482,"Bandra Kurla Complex, Mumbai - MPCB",HE,2026-04-17 00:00:00+05:30,2026-06-15 00:00:00+05:30,2026-06-16 00:00:00+05:30,2026-06-22 00:00:00+05:30,90.55555555555556,100.0
3409482,"Bandra Kurla Complex, Mumbai - MPCB",HE,2026-04-18 00:00:00+05:30,2026-06-16 00:00:00+05:30,2026-06-17 00:00:00+05:30,2026-06-23 00:00:00+05:30,90.55555555555556,100.0
3409482,"Bandra Kurla Complex, Mumbai - MPCB",HE,2026-04-26 00:00:00+05:30,2026-06-24 00:00:00+05:30,2026-06-25 00:00:00+05:30,2026-07-01 00:00:00+05:30,88.70370370370371,100.0
3409482,"Bandra Kurla Complex, Mumbai - MPCB",HE,2026-04-27 00:00:00+05:30,2026-06-25 00:00:00+05:30,2026-06-26 00:00:00+05:30,2026-07-02 00:00:00+05:30,88.88888888888889,100.0
3409482,"Bandra Kurla Complex, Mumbai - MPCB",HE,2026-04-28 00:00:00+05:30,2026-06-26 00:00:00+05:30,2026-06-27 00:00:00+05:30,2026-07-03 00:00:00+05:30,88.88888888888889,100.0
3409482,"Bandra Kurla Complex, Mumbai - MPCB",HE,2026-04-29 00:00:00+05:30,2026-06-27 00:00:00+05:30,2026-06-28 00:00:00+05:30,2026-07-04 00:00:00+05:30,89.07407407407406,100.0
3409482,"Bandra Kurla Complex, Mumbai - MPCB",HE,2026-04-30 00:00:00+05:30,2026-06-28 00:00:00+05:30,2026-06-29 00:00:00+05:30,2026-07-05 00:00:00+05:30,89.07407407407406,100.0
3409482,"Bandra Kurla Complex, Mumbai - MPCB",HE,2026-05-01 00:00:00+05:30,2026-06-29 00:00:00+05:30,2026-06-30 00:00:00+05:30,2026-07-06 00:00:00+05:30,89.25925925925927,100.0
3409482,"Bandra Kurla Complex, Mumbai - MPCB",HE,2026-05-02 00:00:00+05:30,2026-06-30 00:00:00+05:30,2026-07-01 00:00:00+05:30,2026-07-07 00:00:00+05:30,89.44444444444444,100.0
3409482,"Bandra Kurla Complex, Mumbai - MPCB",HE,2026-05-03 00:00:00+05:30,2026-07-01 00:00:00+05:30,2026-07-02 00:00:00+05:30,2026-07-08 00:00:00+05:30,89.62962962962962,100.0
3409482,"Bandra Kurla Complex, Mumbai - MPCB",HE,2026-05-04 00:00:00+05:30,2026-07-02 00:00:00+05:30,2026-07-03 00:00:00+05:30,2026-07-09 00:00:00+05:30,89.62962962962962,100.0
3409482,"Bandra Kurla Complex, Mumbai - MPCB",HE,2026-05-05 00:00:00+05:30,2026-07-03 00:00:00+05:30,2026-07-04 00:00:00+05:30,2026-07-10 00:00:00+05:30,89.62962962962962,100.0
3409482,"Bandra Kurla Complex, Mumbai - MPCB",HE,2026-05-06 00:00:00+05:30,2026-07-04 00:00:00+05:30,2026-07-05 00:00:00+05:30,2026-07-11 00:00:00+05:30,89.62962962962962,100.0
3409482,"Bandra Kurla Complex, Mumbai - MPCB",HE,2026-05-07 00:00:00+05:30,2026-07-05 00:00:00+05:30,2026-07-06 00:00:00+05:30,2026-07-12 00:00:00+05:30,89.44444444444444,100.0
3409482,"Bandra Kurla Complex, Mumbai - MPCB",HE,2026-05-08 00:00:00+05:30,2026-07-06 00:00:00+05:30,2026-07-07 00:00:00+05:30,2026-07-13 00:00:00+05:30,89.25925925925927,100.0
3409482,"Bandra Kurla Complex, Mumbai - MPCB",HE,2026-05-09 00:00:00+05:30,2026-07-07 00:00:00+05:30,2026-07-08 00:00:00+05:30,2026-07-14 00:00:00+05:30,89.07407407407406,100.0
3409482,"Bandra Kurla Complex, Mumbai - MPCB",HE,2026-05-10 00:00:00+05:30,2026-07-08 00:00:00+05:30,2026-07-09 00:00:00+05:30,2026-07-15 00:00:00+05:30,88.88888888888889,100.0
3409482,"Bandra Kurla Complex, Mumbai - MPCB",HE,2026-05-11 00:00:00+05:30,2026-07-09 00:00:00+05:30,2026-07-10 00:00:00+05:30,2026-07-16 00:00:00+05:30,88.70370370370371,100.0
3409482,"Bandra Kurla Complex, Mumbai - MPCB",HE,2026-05-12 00:00:00+05:30,2026-07-10 00:00:00+05:30,2026-07-11 00:00:00+05:30,2026-07-17 00:00:00+05:30,88.51851851851852,100.0
3409482,"Bandra Kurla Complex, Mumbai - MPCB",HE,2026-05-13 00:00:00+05:30,2026-07-11 00:00:00+05:30,2026-07-12 00:00:00+05:30,2026-07-18 00:00:00+05:30,88.51851851851852,100.0
3409482,"Bandra Kurla Complex, Mumbai - MPCB",HE,2026-05-15 00:00:00+05:30,2026-07-13 00:00:00+05:30,2026-07-14 00:00:00+05:30,2026-07-20 00:00:00+05:30,88.33333333333333,100.0
3409482,"Bandra Kurla Complex, Mumbai - MPCB",HE,2026-05-16 00:00:00+05:30,2026-07-14 00:00:00+05:30,2026-07-15 00:00:00+05:30,2026-07-21 00:00:00+05:30,88.33333333333333,100.0
3409482,"Bandra Kurla Complex, Mumbai - MPCB",HE,2026-05-17 00:00:00+05:30,2026-07-15 00:00:00+05:30,2026-07-16 00:00:00+05:30,2026-07-22 00:00:00+05:30,88.33333333333333,100.0
3409482,"Bandra Kurla Complex, Mumbai - MPCB",HE,2026-05-18 00:00:00+05:30,2026-07-16 00:00:00+05:30,2026-07-17 00:00:00+05:30,2026-07-23 00:00:00+05:30,88.33333333333333,100.0
3409482,"Bandra Kurla Complex, Mumbai - MPCB",HE,2026-05-19 00:00:00+05:30,2026-07-17 00:00:00+05:30,2026-07-18 00:00:00+05:30,2026-07-24 00:00:00+05:30,88.33333333333333,100.0
3409482,"Bandra Kurla Complex, Mumbai - MPCB",HE,2026-05-20 00:00:00+05:30,2026-07-18 00:00:00+05:30,2026-07-19 00:00:00+05:30,2026-07-25 00:00:00+05:30,88.33333333333333,100.0
3409482,"Bandra Kurla Complex, Mumbai - MPCB",HE,2026-05-21 00:00:00+05:30,2026-07-19 00:00:00+05:30,2026-07-20 00:00:00+05:30,2026-07-26 00:00:00+05:30,88.33333333333333,100.0
3409482,"Bandra Kurla Complex, Mumbai - MPCB",HE,2026-05-22 00:00:00+05:30,2026-07-20 00:00:00+05:30,2026-07-21 00:00:00+05:30,2026-07-27 00:00:00+05:30,88.14814814814815,100.0
3409482,"Bandra Kurla Complex, Mumbai - MPCB",HE,2026-05-23 00:00:00+05:30,2026-07-21 00:00:00+05:30,2026-07-22 00:00:00+05:30,2026-07-28 00:00:00+05:30,88.14814814814815,100.0
3409482,"Bandra Kurla Complex, Mumbai - MPCB",HE,2026-05-24 00:00:00+05:30,2026-07-22 00:00:00+05:30,2026-07-23 00:00:00+05:30,2026-07-29 00:00:00+05:30,88.33333333333333,100.0
3409482,"Bandra Kurla Complex, Mumbai - MPCB",HE,2026-05-25 00:00:00+05:30,2026-07-23 00:00:00+05:30,2026-07-24 00:00:00+05:30,2026-07-30 00:00:00+05:30,88.51851851851852,100.0
3409482,"Bandra Kurla Complex, Mumbai - MPCB",HE,2026-05-26 00:00:00+05:30,2026-07-24 00:00:00+05:30,2026-07-25 00:00:00+05:30,2026-07-31 00:00:00+05:30,88.70370370370371,100.0
3409482,"Bandra Kurla Complex, Mumbai - MPCB",HE,2026-05-27 00:00:00+05:30,2026-07-25 00:00:00+05:30,2026-07-26 00:00:00+05:30,2026-08-01 00:00:00+05:30,88.88888888888889,100.0
3409482,"Bandra Kurla Complex, Mumbai - MPCB",HE,2026-05-28 00:00:00+05:30,2026-07-26 00:00:00+05:30,2026-07-27 00:00:00+05:30,2026-08-02 00:00:00+05:30,89.07407407407406,100.0
3409482,"Bandra Kurla Complex, Mumbai - MPCB",HE,2026-05-29 00:00:00+05:30,2026-07-27 00:00:00+05:30,2026-07-28 00:00:00+05:30,2026-08-03 00:00:00+05:30,89.07407407407406,100.0
3409482,"Bandra Kurla Complex, Mumbai - MPCB",HE,2026-05-30 00:00:00+05:30,2026-07-28 00:00:00+05:30,2026-07-29 00:00:00+05:30,2026-08-04 00:00:00+05:30,89.07407407407406,100.0
3409482,"Bandra Kurla Complex, Mumbai - MPCB",HE,2026-05-31 00:00:00+05:30,2026-07-29 00:00:00+05:30,2026-07-30 00:00:00+05:30,2026-08-05 00:00:00+05:30,89.07407407407406,100.0
3409482,"Bandra Kurla Complex, Mumbai - MPCB",HE,2026-06-01 00:00:00+05:30,2026-07-30 00:00:00+05:30,2026-07-31 00:00:00+05:30,2026-08-06 00:00:00+05:30,89.07407407407406,100.0
3409482,"Bandra Kurla Complex, Mumbai - MPCB",HE,2026-06-02 00:00:00+05:30,2026-07-31 00:00:00+05:30,2026-08-01 00:00:00+05:30,2026-08-07 00:00:00+05:30,89.07407407407406,100.0
3409482,"Bandra Kurla Complex, Mumbai - MPCB",HE,2026-06-03 00:00:00+05:30,2026-08-01 00:00:00+05:30,2026-08-02 00:00:00+05:30,2026-08-08 00:00:00+05:30,89.07407407407406,100.0
3409482,"Bandra Kurla Complex, Mumbai - MPCB",HE,2026-06-04 00:00:00+05:30,2026-08-02 00:00:00+05:30,2026-08-03 00:00:00+05:30,2026-08-09 00:00:00+05:30,89.07407407407406,100.0
3409482,"Bandra Kurla Complex, Mumbai - MPCB",HE,2026-06-05 00:00:00+05:30,2026-08-03 00:00:00+05:30,2026-08-04 00:00:00+05:30,2026-08-10 00:00:00+05:30,89.07407407407406,100.0
3409482,"Bandra Kurla Complex, Mumbai - MPCB",HE,2026-06-06 00:00:00+05:30,2026-08-04 00:00:00+05:30,2026-08-05 00:00:00+05:30,2026-08-11 00:00:00+05:30,89.07407407407406,100.0
3409482,"Bandra Kurla Complex, Mumbai - MPCB",HE,2026-06-07 00:00:00+05:30,2026-08-05 00:00:00+05:30,2026-08-06 00:00:00+05:30,2026-08-12 00:00:00+05:30,90.74074074074076,100.0
3409482,"Bandra Kurla Complex, Mumbai - MPCB",HE,2026-06-08 00:00:00+05:30,2026-08-06 00:00:00+05:30,2026-08-07 00:00:00+05:30,2026-08-13 00:00:00+05:30,92.4074074074074,100.0
3409482,"Bandra Kurla Complex, Mumbai - MPCB",HE,2026-06-09 00:00:00+05:30,2026-08-07 00:00:00+05:30,2026-08-08 00:00:00+05:30,2026-08-14 00:00:00+05:30,94.07407407407408,100.0
3409482,"Bandra Kurla Complex, Mumbai - MPCB",HE,2026-06-10 00:00:00+05:30,2026-08-08 00:00:00+05:30,2026-08-09 00:00:00+05:30,2026-08-15 00:00:00+05:30,95.74074074074073,100.0
3409482,"Bandra Kurla Complex, Mumbai - MPCB",HE,2026-06-11 00:00:00+05:30,2026-08-09 00:00:00+05:30,2026-08-10 00:00:00+05:30,2026-08-16 00:00:00+05:30,95.74074074074073,100.0
3409482,"Bandra Kurla Complex, Mumbai - MPCB",HE,2026-06-12 00:00:00+05:30,2026-08-10 00:00:00+05:30,2026-08-11 00:00:00+05:30,2026-08-17 00:00:00+05:30,95.74074074074073,100.0
3409482,"Bandra Kurla Complex, Mumbai - MPCB",HE,2026-06-13 00:00:00+05:30,2026-08-11 00:00:00+05:30,2026-08-12 00:00:00+05:30,2026-08-18 00:00:00+05:30,95.92592592592592,100.0
3409482,"Bandra Kurla Complex, Mumbai - MPCB",HE,2026-06-14 00:00:00+05:30,2026-08-12 00:00:00+05:30,2026-08-13 00:00:00+05:30,2026-08-19 00:00:00+05:30,95.92592592592592,100.0
3409482,"Bandra Kurla Complex, Mumbai - MPCB",HE,2026-06-15 00:00:00+05:30,2026-08-13 00:00:00+05:30,2026-08-14 00:00:00+05:30,2026-08-20 00:00:00+05:30,95.92592592592592,100.0
3409482,"Bandra Kurla Complex, Mumbai - MPCB",HE,2026-06-16 00:00:00+05:30,2026-08-14 00:00:00+05:30,2026-08-15 00:00:00+05:30,2026-08-21 00:00:00+05:30,95.92592592592592,100.0
3409482,"Bandra Kurla Complex, Mumbai - MPCB",HE,2026-06-17 00:00:00+05:30,2026-08-15 00:00:00+05:30,2026-08-16 00:00:00+05:30,2026-08-22 00:00:00+05:30,95.92592592592592,100.0
3409482,"Bandra Kurla Complex, Mumbai - MPCB",HE,2026-06-18 00:00:00+05:30,2026-08-16 00:00:00+05:30,2026-08-17 00:00:00+05:30,2026-08-23 00:00:00+05:30,95.92592592592592,100.0
3409482,"Bandra Kurla Complex, Mumbai - MPCB",HE,2026-06-19 00:00:00+05:30,2026-08-17 00:00:00+05:30,2026-08-18 00:00:00+05:30,2026-08-24 00:00:00+05:30,95.92592592592592,100.0
3409482,"Bandra Kurla Complex, Mumbai - MPCB",HE,2026-06-20 00:00:00+05:30,2026-08-18 00:00:00+05:30,2026-08-19 00:00:00+05:30,2026-08-25 00:00:00+05:30,95.92592592592592,100.0
3409482,"Bandra Kurla Complex, Mumbai - MPCB",HE,2026-06-21 00:00:00+05:30,2026-08-19 00:00:00+05:30,2026-08-20 00:00:00+05:30,2026-08-26 00:00:00+05:30,95.92592592592592,100.0
3409482,"Bandra Kurla Complex, Mumbai - MPCB",HE,2026-06-22 00:00:00+05:30,2026-08-20 00:00:00+05:30,2026-08-21 00:00:00+05:30,2026-08-27 00:00:00+05:30,96.29629629629629,100.0
3409482,"Bandra Kurla Complex, Mumbai - MPCB",HE,2026-06-30 00:00:00+05:30,2026-08-28 00:00:00+05:30,2026-08-29 00:00:00+05:30,2026-09-04 00:00:00+05:30,96.48148148148147,100.0
3409482,"Bandra Kurla Complex, Mumbai - MPCB",HE,2026-07-01 00:00:00+05:30,2026-08-29 00:00:00+05:30,2026-08-30 00:00:00+05:30,2026-09-05 00:00:00+05:30,96.48148148148147,100.0
3409482,"Bandra Kurla Complex, Mumbai - MPCB",HE,2026-07-02 00:00:00+05:30,2026-08-30 00:00:00+05:30,2026-08-31 00:00:00+05:30,2026-09-06 00:00:00+05:30,96.48148148148147,100.0
3409482,"Bandra Kurla Complex, Mumbai - MPCB",HE,2026-07-03 00:00:00+05:30,2026-08-31 00:00:00+05:30,2026-09-01 00:00:00+05:30,2026-09-07 00:00:00+05:30,96.48148148148147,100.0
3409482,"Bandra Kurla Complex, Mumbai - MPCB",HE,2026-07-04 00:00:00+05:30,2026-09-01 00:00:00+05:30,2026-09-02 00:00:00+05:30,2026-09-08 00:00:00+05:30,96.48148148148147,100.0
3409482,"Bandra Kurla Complex, Mumbai - MPCB",HE,2026-07-06 00:00:00+05:30,2026-09-03 00:00:00+05:30,2026-09-04 00:00:00+05:30,2026-09-10 00:00:00+05:30,96.48148148148147,100.0
3409482,"Bandra Kurla Complex, Mumbai - MPCB",HE,2026-07-07 00:00:00+05:30,2026-09-04 00:00:00+05:30,2026-09-05 00:00:00+05:30,2026-09-11 00:00:00+05:30,96.66666666666666,100.0
3409482,"Bandra Kurla Complex, Mumbai - MPCB",HE,2026-07-08 00:00:00+05:30,2026-09-05 00:00:00+05:30,2026-09-06 00:00:00+05:30,2026-09-12 00:00:00+05:30,96.85185185185183,100.0
3409482,"Bandra Kurla Complex, Mumbai - MPCB",HE,2026-07-09 00:00:00+05:30,2026-09-06 00:00:00+05:30,2026-09-07 00:00:00+05:30,2026-09-13 00:00:00+05:30,97.03703703703704,100.0
3409482,"Bandra Kurla Complex, Mumbai - MPCB",HE,2026-07-10 00:00:00+05:30,2026-09-07 00:00:00+05:30,2026-09-08 00:00:00+05:30,2026-09-14 00:00:00+05:30,97.2222222222222,100.0
3409482,"Bandra Kurla Complex, Mumbai - MPCB",HE,2026-07-11 00:00:00+05:30,2026-09-08 00:00:00+05:30,2026-09-09 00:00:00+05:30,2026-09-15 00:00:00+05:30,97.4074074074074,100.0
3409482,"Bandra Kurla Complex, Mumbai - MPCB",HE,2026-07-12 00:00:00+05:30,2026-09-09 00:00:00+05:30,2026-09-10 00:00:00+05:30,2026-09-16 00:00:00+05:30,97.59259259259258,100.0
3409482,"Bandra Kurla Complex, Mumbai - MPCB",HE,2026-07-13 00:00:00+05:30,2026-09-10 00:00:00+05:30,2026-09-11 00:00:00+05:30,2026-09-17 00:00:00+05:30,97.77777777777776,100.0
3409483,"Chembur, Mumbai - MPCB",ME,2025-10-13 00:00:00+05:30,2025-12-11 00:00:00+05:30,2025-12-12 00:00:00+05:30,2025-12-18 00:00:00+05:30,98.88888888888889,100.0
3409483,"Chembur, Mumbai - MPCB",ME,2025-10-14 00:00:00+05:30,2025-12-12 00:00:00+05:30,2025-12-13 00:00:00+05:30,2025-12-19 00:00:00+05:30,98.88888888888889,100.0
3409483,"Chembur, Mumbai - MPCB",ME,2025-10-15 00:00:00+05:30,2025-12-13 00:00:00+05:30,2025-12-14 00:00:00+05:30,2025-12-20 00:00:00+05:30,98.7037037037037,100.0
3409483,"Chembur, Mumbai - MPCB",ME,2025-10-24 00:00:00+05:30,2025-12-22 00:00:00+05:30,2025-12-23 00:00:00+05:30,2025-12-29 00:00:00+05:30,97.96296296296296,100.0
3409483,"Chembur, Mumbai - MPCB",ME,2025-10-25 00:00:00+05:30,2025-12-23 00:00:00+05:30,2025-12-24 00:00:00+05:30,2025-12-30 00:00:00+05:30,97.96296296296296,100.0
3409483,"Chembur, Mumbai - MPCB",ME,2025-10-26 00:00:00+05:30,2025-12-24 00:00:00+05:30,2025-12-25 00:00:00+05:30,2025-12-31 00:00:00+05:30,97.96296296296296,100.0
3409483,"Chembur, Mumbai - MPCB",ME,2025-10-27 00:00:00+05:30,2025-12-25 00:00:00+05:30,2025-12-26 00:00:00+05:30,2026-01-01 00:00:00+05:30,97.96296296296296,100.0
3409483,"Chembur, Mumbai - MPCB",ME,2025-11-04 00:00:00+05:30,2026-01-02 00:00:00+05:30,2026-01-03 00:00:00+05:30,2026-01-09 00:00:00+05:30,97.96296296296296,100.0
3409483,"Chembur, Mumbai - MPCB",ME,2025-11-05 00:00:00+05:30,2026-01-03 00:00:00+05:30,2026-01-04 00:00:00+05:30,2026-01-10 00:00:00+05:30,98.14814814814815,100.0
3409483,"Chembur, Mumbai - MPCB",ME,2025-11-22 00:00:00+05:30,2026-01-20 00:00:00+05:30,2026-01-21 00:00:00+05:30,2026-01-27 00:00:00+05:30,83.14814814814814,100.0
3409483,"Chembur, Mumbai - MPCB",ME,2025-11-23 00:00:00+05:30,2026-01-21 00:00:00+05:30,2026-01-22 00:00:00+05:30,2026-01-28 00:00:00+05:30,83.14814814814814,100.0
3409483,"Chembur, Mumbai - MPCB",ME,2025-11-24 00:00:00+05:30,2026-01-22 00:00:00+05:30,2026-01-23 00:00:00+05:30,2026-01-29 00:00:00+05:30,83.14814814814814,100.0
3409483,"Chembur, Mumbai - MPCB",ME,2025-11-25 00:00:00+05:30,2026-01-23 00:00:00+05:30,2026-01-24 00:00:00+05:30,2026-01-30 00:00:00+05:30,83.14814814814814,100.0
3409483,"Chembur, Mumbai - MPCB",ME,2025-11-26 00:00:00+05:30,2026-01-24 00:00:00+05:30,2026-01-25 00:00:00+05:30,2026-01-31 00:00:00+05:30,82.77777777777777,100.0
3409483,"Chembur, Mumbai - MPCB",ME,2025-11-27 00:00:00+05:30,2026-01-25 00:00:00+05:30,2026-01-26 00:00:00+05:30,2026-02-01 00:00:00+05:30,82.77777777777777,100.0
3409483,"Chembur, Mumbai - MPCB",ME,2025-11-28 00:00:00+05:30,2026-01-26 00:00:00+05:30,2026-01-27 00:00:00+05:30,2026-02-02 00:00:00+05:30,82.77777777777777,100.0
3409483,"Chembur, Mumbai - MPCB",ME,2025-11-29 00:00:00+05:30,2026-01-27 00:00:00+05:30,2026-01-28 00:00:00+05:30,2026-02-03 00:00:00+05:30,82.77777777777777,100.0
3409483,"Chembur, Mumbai - MPCB",ME,2025-11-30 00:00:00+05:30,2026-01-28 00:00:00+05:30,2026-01-29 00:00:00+05:30,2026-02-04 00:00:00+05:30,82.77777777777777,100.0
3409483,"Chembur, Mumbai - MPCB",ME,2025-12-01 00:00:00+05:30,2026-01-29 00:00:00+05:30,2026-01-30 00:00:00+05:30,2026-02-05 00:00:00+05:30,82.77777777777777,100.0
3409483,"Chembur, Mumbai - MPCB",ME,2025-12-02 00:00:00+05:30,2026-01-30 00:00:00+05:30,2026-01-31 00:00:00+05:30,2026-02-06 00:00:00+05:30,82.77777777777777,100.0
3409483,"Chembur, Mumbai - MPCB",ME,2025-12-03 00:00:00+05:30,2026-01-31 00:00:00+05:30,2026-02-01 00:00:00+05:30,2026-02-07 00:00:00+05:30,82.77777777777777,100.0
3409483,"Chembur, Mumbai - MPCB",ME,2025-12-04 00:00:00+05:30,2026-02-01 00:00:00+05:30,2026-02-02 00:00:00+05:30,2026-02-08 00:00:00+05:30,82.77777777777777,100.0
3409483,"Chembur, Mumbai - MPCB",ME,2025-12-05 00:00:00+05:30,2026-02-02 00:00:00+05:30,2026-02-03 00:00:00+05:30,2026-02-09 00:00:00+05:30,82.77777777777777,100.0
3409483,"Chembur, Mumbai - MPCB",ME,2025-12-06 00:00:00+05:30,2026-02-03 00:00:00+05:30,2026-02-04 00:00:00+05:30,2026-02-10 00:00:00+05:30,82.77777777777777,100.0
3409483,"Chembur, Mumbai - MPCB",ME,2025-12-07 00:00:00+05:30,2026-02-04 00:00:00+05:30,2026-02-05 00:00:00+05:30,2026-02-11 00:00:00+05:30,82.77777777777777,100.0
3409483,"Chembur, Mumbai - MPCB",ME,2025-12-08 00:00:00+05:30,2026-02-05 00:00:00+05:30,2026-02-06 00:00:00+05:30,2026-02-12 00:00:00+05:30,82.77777777777777,100.0
3409483,"Chembur, Mumbai - MPCB",ME,2025-12-09 00:00:00+05:30,2026-02-06 00:00:00+05:30,2026-02-07 00:00:00+05:30,2026-02-13 00:00:00+05:30,82.96296296296295,100.0
3409483,"Chembur, Mumbai - MPCB",ME,2025-12-10 00:00:00+05:30,2026-02-07 00:00:00+05:30,2026-02-08 00:00:00+05:30,2026-02-14 00:00:00+05:30,82.96296296296295,100.0
3409483,"Chembur, Mumbai - MPCB",ME,2025-12-11 00:00:00+05:30,2026-02-08 00:00:00+05:30,2026-02-09 00:00:00+05:30,2026-02-15 00:00:00+05:30,82.96296296296295,100.0
3409483,"Chembur, Mumbai - MPCB",ME,2025-12-12 00:00:00+05:30,2026-02-09 00:00:00+05:30,2026-02-10 00:00:00+05:30,2026-02-16 00:00:00+05:30,83.33333333333333,100.0
3409483,"Chembur, Mumbai - MPCB",ME,2025-12-13 00:00:00+05:30,2026-02-10 00:00:00+05:30,2026-02-11 00:00:00+05:30,2026-02-17 00:00:00+05:30,83.33333333333333,100.0
3409483,"Chembur, Mumbai - MPCB",ME,2025-12-14 00:00:00+05:30,2026-02-11 00:00:00+05:30,2026-02-12 00:00:00+05:30,2026-02-18 00:00:00+05:30,83.5185185185185,100.0
3409483,"Chembur, Mumbai - MPCB",ME,2025-12-15 00:00:00+05:30,2026-02-12 00:00:00+05:30,2026-02-13 00:00:00+05:30,2026-02-19 00:00:00+05:30,83.5185185185185,100.0
3409483,"Chembur, Mumbai - MPCB",ME,2025-12-16 00:00:00+05:30,2026-02-13 00:00:00+05:30,2026-02-14 00:00:00+05:30,2026-02-20 00:00:00+05:30,83.5185185185185,100.0
3409483,"Chembur, Mumbai - MPCB",ME,2025-12-17 00:00:00+05:30,2026-02-14 00:00:00+05:30,2026-02-15 00:00:00+05:30,2026-02-21 00:00:00+05:30,83.5185185185185,100.0
3409483,"Chembur, Mumbai - MPCB",ME,2025-12-25 00:00:00+05:30,2026-02-22 00:00:00+05:30,2026-02-23 00:00:00+05:30,2026-03-01 00:00:00+05:30,82.03703703703702,100.0
3409483,"Chembur, Mumbai - MPCB",ME,2025-12-26 00:00:00+05:30,2026-02-23 00:00:00+05:30,2026-02-24 00:00:00+05:30,2026-03-02 00:00:00+05:30,82.03703703703702,100.0
3409483,"Chembur, Mumbai - MPCB",ME,2025-12-27 00:00:00+05:30,2026-02-24 00:00:00+05:30,2026-02-25 00:00:00+05:30,2026-03-03 00:00:00+05:30,82.03703703703702,100.0
3409483,"Chembur, Mumbai - MPCB",ME,2025-12-28 00:00:00+05:30,2026-02-25 00:00:00+05:30,2026-02-26 00:00:00+05:30,2026-03-04 00:00:00+05:30,82.03703703703702,100.0
3409483,"Chembur, Mumbai - MPCB",ME,2025-12-29 00:00:00+05:30,2026-02-26 00:00:00+05:30,2026-02-27 00:00:00+05:30,2026-03-05 00:00:00+05:30,82.03703703703702,100.0
3409483,"Chembur, Mumbai - MPCB",ME,2025-12-30 00:00:00+05:30,2026-02-27 00:00:00+05:30,2026-02-28 00:00:00+05:30,2026-03-06 00:00:00+05:30,81.85185185185185,100.0
3409483,"Chembur, Mumbai - MPCB",ME,2025-12-31 00:00:00+05:30,2026-02-28 00:00:00+05:30,2026-03-01 00:00:00+05:30,2026-03-07 00:00:00+05:30,81.66666666666667,100.0
3409483,"Chembur, Mumbai - MPCB",ME,2026-01-01 00:00:00+05:30,2026-03-01 00:00:00+05:30,2026-03-02 00:00:00+05:30,2026-03-08 00:00:00+05:30,81.66666666666667,100.0
3409483,"Chembur, Mumbai - MPCB",ME,2026-01-02 00:00:00+05:30,2026-03-02 00:00:00+05:30,2026-03-03 00:00:00+05:30,2026-03-09 00:00:00+05:30,81.66666666666667,100.0
3409483,"Chembur, Mumbai - MPCB",ME,2026-01-03 00:00:00+05:30,2026-03-03 00:00:00+05:30,2026-03-04 00:00:00+05:30,2026-03-10 00:00:00+05:30,81.85185185185185,100.0
3409483,"Chembur, Mumbai - MPCB",ME,2026-01-04 00:00:00+05:30,2026-03-04 00:00:00+05:30,2026-03-05 00:00:00+05:30,2026-03-11 00:00:00+05:30,81.85185185185185,100.0
3409483,"Chembur, Mumbai - MPCB",ME,2026-01-05 00:00:00+05:30,2026-03-05 00:00:00+05:30,2026-03-06 00:00:00+05:30,2026-03-12 00:00:00+05:30,81.85185185185185,100.0
3409483,"Chembur, Mumbai - MPCB",ME,2026-01-06 00:00:00+05:30,2026-03-06 00:00:00+05:30,2026-03-07 00:00:00+05:30,2026-03-13 00:00:00+05:30,82.03703703703702,100.0
3409483,"Chembur, Mumbai - MPCB",ME,2026-01-07 00:00:00+05:30,2026-03-07 00:00:00+05:30,2026-03-08 00:00:00+05:30,2026-03-14 00:00:00+05:30,82.03703703703702,100.0
3409483,"Chembur, Mumbai - MPCB",ME,2026-01-08 00:00:00+05:30,2026-03-08 00:00:00+05:30,2026-03-09 00:00:00+05:30,2026-03-15 00:00:00+05:30,82.03703703703702,100.0
3409483,"Chembur, Mumbai - MPCB",ME,2026-01-09 00:00:00+05:30,2026-03-09 00:00:00+05:30,2026-03-10 00:00:00+05:30,2026-03-16 00:00:00+05:30,82.03703703703702,100.0
3409483,"Chembur, Mumbai - MPCB",ME,2026-01-10 00:00:00+05:30,2026-03-10 00:00:00+05:30,2026-03-11 00:00:00+05:30,2026-03-17 00:00:00+05:30,82.03703703703702,100.0
3409483,"Chembur, Mumbai - MPCB",ME,2026-01-13 00:00:00+05:30,2026-03-13 00:00:00+05:30,2026-03-14 00:00:00+05:30,2026-03-20 00:00:00+05:30,85.37037037037038,100.0
3409483,"Chembur, Mumbai - MPCB",ME,2026-01-14 00:00:00+05:30,2026-03-14 00:00:00+05:30,2026-03-15 00:00:00+05:30,2026-03-21 00:00:00+05:30,87.03703703703704,100.0
3409483,"Chembur, Mumbai - MPCB",ME,2026-01-22 00:00:00+05:30,2026-03-22 00:00:00+05:30,2026-03-23 00:00:00+05:30,2026-03-29 00:00:00+05:30,95.37037037037037,100.0
3409483,"Chembur, Mumbai - MPCB",ME,2026-01-23 00:00:00+05:30,2026-03-23 00:00:00+05:30,2026-03-24 00:00:00+05:30,2026-03-30 00:00:00+05:30,95.37037037037037,100.0
3409483,"Chembur, Mumbai - MPCB",ME,2026-01-24 00:00:00+05:30,2026-03-24 00:00:00+05:30,2026-03-25 00:00:00+05:30,2026-03-31 00:00:00+05:30,95.37037037037037,100.0
3409483,"Chembur, Mumbai - MPCB",ME,2026-01-25 00:00:00+05:30,2026-03-25 00:00:00+05:30,2026-03-26 00:00:00+05:30,2026-04-01 00:00:00+05:30,95.74074074074073,100.0
3409483,"Chembur, Mumbai - MPCB",ME,2026-01-26 00:00:00+05:30,2026-03-26 00:00:00+05:30,2026-03-27 00:00:00+05:30,2026-04-02 00:00:00+05:30,95.74074074074073,100.0
3409483,"Chembur, Mumbai - MPCB",ME,2026-01-27 00:00:00+05:30,2026-03-27 00:00:00+05:30,2026-03-28 00:00:00+05:30,2026-04-03 00:00:00+05:30,95.74074074074073,100.0
3409483,"Chembur, Mumbai - MPCB",ME,2026-01-28 00:00:00+05:30,2026-03-28 00:00:00+05:30,2026-03-29 00:00:00+05:30,2026-04-04 00:00:00+05:30,95.74074074074073,100.0
3409483,"Chembur, Mumbai - MPCB",ME,2026-01-29 00:00:00+05:30,2026-03-29 00:00:00+05:30,2026-03-30 00:00:00+05:30,2026-04-05 00:00:00+05:30,95.74074074074073,100.0
3409483,"Chembur, Mumbai - MPCB",ME,2026-01-30 00:00:00+05:30,2026-03-30 00:00:00+05:30,2026-03-31 00:00:00+05:30,2026-04-06 00:00:00+05:30,95.74074074074073,100.0
3409483,"Chembur, Mumbai - MPCB",ME,2026-01-31 00:00:00+05:30,2026-03-31 00:00:00+05:30,2026-04-01 00:00:00+05:30,2026-04-07 00:00:00+05:30,95.74074074074073,100.0
3409483,"Chembur, Mumbai - MPCB",ME,2026-02-01 00:00:00+05:30,2026-04-01 00:00:00+05:30,2026-04-02 00:00:00+05:30,2026-04-08 00:00:00+05:30,95.74074074074073,100.0
3409483,"Chembur, Mumbai - MPCB",ME,2026-02-02 00:00:00+05:30,2026-04-02 00:00:00+05:30,2026-04-03 00:00:00+05:30,2026-04-09 00:00:00+05:30,95.74074074074073,100.0
3409483,"Chembur, Mumbai - MPCB",ME,2026-02-03 00:00:00+05:30,2026-04-03 00:00:00+05:30,2026-04-04 00:00:00+05:30,2026-04-10 00:00:00+05:30,95.74074074074073,100.0
3409483,"Chembur, Mumbai - MPCB",ME,2026-02-04 00:00:00+05:30,2026-04-04 00:00:00+05:30,2026-04-05 00:00:00+05:30,2026-04-11 00:00:00+05:30,95.74074074074073,100.0
3409483,"Chembur, Mumbai - MPCB",ME,2026-02-05 00:00:00+05:30,2026-04-05 00:00:00+05:30,2026-04-06 00:00:00+05:30,2026-04-12 00:00:00+05:30,95.74074074074073,100.0
3409483,"Chembur, Mumbai - MPCB",ME,2026-02-06 00:00:00+05:30,2026-04-06 00:00:00+05:30,2026-04-07 00:00:00+05:30,2026-04-13 00:00:00+05:30,95.74074074074073,100.0
3409483,"Chembur, Mumbai - MPCB",ME,2026-02-07 00:00:00+05:30,2026-04-07 00:00:00+05:30,2026-04-08 00:00:00+05:30,2026-04-14 00:00:00+05:30,95.74074074074073,100.0
3409483,"Chembur, Mumbai - MPCB",ME,2026-02-08 00:00:00+05:30,2026-04-08 00:00:00+05:30,2026-04-09 00:00:00+05:30,2026-04-15 00:00:00+05:30,95.74074074074073,100.0
3409483,"Chembur, Mumbai - MPCB",ME,2026-02-09 00:00:00+05:30,2026-04-09 00:00:00+05:30,2026-04-10 00:00:00+05:30,2026-04-16 00:00:00+05:30,95.74074074074073,100.0
3409483,"Chembur, Mumbai - MPCB",ME,2026-02-10 00:00:00+05:30,2026-04-10 00:00:00+05:30,2026-04-11 00:00:00+05:30,2026-04-17 00:00:00+05:30,95.74074074074073,100.0
3409483,"Chembur, Mumbai - MPCB",ME,2026-02-11 00:00:00+05:30,2026-04-11 00:00:00+05:30,2026-04-12 00:00:00+05:30,2026-04-18 00:00:00+05:30,95.74074074074073,100.0
3409483,"Chembur, Mumbai - MPCB",ME,2026-02-12 00:00:00+05:30,2026-04-12 00:00:00+05:30,2026-04-13 00:00:00+05:30,2026-04-19 00:00:00+05:30,95.74074074074073,100.0
3409483,"Chembur, Mumbai - MPCB",ME,2026-02-13 00:00:00+05:30,2026-04-13 00:00:00+05:30,2026-04-14 00:00:00+05:30,2026-04-20 00:00:00+05:30,95.74074074074073,100.0
3409483,"Chembur, Mumbai - MPCB",ME,2026-02-14 00:00:00+05:30,2026-04-14 00:00:00+05:30,2026-04-15 00:00:00+05:30,2026-04-21 00:00:00+05:30,95.74074074074073,100.0
3409483,"Chembur, Mumbai - MPCB",ME,2026-02-15 00:00:00+05:30,2026-04-15 00:00:00+05:30,2026-04-16 00:00:00+05:30,2026-04-22 00:00:00+05:30,95.74074074074073,100.0
3409483,"Chembur, Mumbai - MPCB",ME,2026-02-16 00:00:00+05:30,2026-04-16 00:00:00+05:30,2026-04-17 00:00:00+05:30,2026-04-23 00:00:00+05:30,95.92592592592592,100.0
3409483,"Chembur, Mumbai - MPCB",ME,2026-02-17 00:00:00+05:30,2026-04-17 00:00:00+05:30,2026-04-18 00:00:00+05:30,2026-04-24 00:00:00+05:30,95.74074074074073,100.0
3409483,"Chembur, Mumbai - MPCB",ME,2026-02-18 00:00:00+05:30,2026-04-18 00:00:00+05:30,2026-04-19 00:00:00+05:30,2026-04-25 00:00:00+05:30,95.74074074074073,100.0
3409483,"Chembur, Mumbai - MPCB",ME,2026-02-19 00:00:00+05:30,2026-04-19 00:00:00+05:30,2026-04-20 00:00:00+05:30,2026-04-26 00:00:00+05:30,95.74074074074073,100.0
3409483,"Chembur, Mumbai - MPCB",ME,2026-02-20 00:00:00+05:30,2026-04-20 00:00:00+05:30,2026-04-21 00:00:00+05:30,2026-04-27 00:00:00+05:30,95.92592592592592,100.0
3409483,"Chembur, Mumbai - MPCB",ME,2026-02-21 00:00:00+05:30,2026-04-21 00:00:00+05:30,2026-04-22 00:00:00+05:30,2026-04-28 00:00:00+05:30,95.92592592592592,100.0
3409483,"Chembur, Mumbai - MPCB",ME,2026-03-01 00:00:00+05:30,2026-04-29 00:00:00+05:30,2026-04-30 00:00:00+05:30,2026-05-06 00:00:00+05:30,96.29629629629629,100.0
3409483,"Chembur, Mumbai - MPCB",ME,2026-03-02 00:00:00+05:30,2026-04-30 00:00:00+05:30,2026-05-01 00:00:00+05:30,2026-05-07 00:00:00+05:30,96.29629629629629,100.0
3409483,"Chembur, Mumbai - MPCB",ME,2026-03-03 00:00:00+05:30,2026-05-01 00:00:00+05:30,2026-05-02 00:00:00+05:30,2026-05-08 00:00:00+05:30,96.29629629629629,100.0
3409483,"Chembur, Mumbai - MPCB",ME,2026-03-04 00:00:00+05:30,2026-05-02 00:00:00+05:30,2026-05-03 00:00:00+05:30,2026-05-09 00:00:00+05:30,96.29629629629629,100.0
3409483,"Chembur, Mumbai - MPCB",ME,2026-03-05 00:00:00+05:30,2026-05-03 00:00:00+05:30,2026-05-04 00:00:00+05:30,2026-05-10 00:00:00+05:30,96.29629629629629,100.0
3409483,"Chembur, Mumbai - MPCB",ME,2026-03-06 00:00:00+05:30,2026-05-04 00:00:00+05:30,2026-05-05 00:00:00+05:30,2026-05-11 00:00:00+05:30,96.29629629629629,100.0
3409483,"Chembur, Mumbai - MPCB",ME,2026-03-07 00:00:00+05:30,2026-05-05 00:00:00+05:30,2026-05-06 00:00:00+05:30,2026-05-12 00:00:00+05:30,96.29629629629629,100.0
3409483,"Chembur, Mumbai - MPCB",ME,2026-03-08 00:00:00+05:30,2026-05-06 00:00:00+05:30,2026-05-07 00:00:00+05:30,2026-05-13 00:00:00+05:30,96.29629629629629,100.0
3409483,"Chembur, Mumbai - MPCB",ME,2026-03-09 00:00:00+05:30,2026-05-07 00:00:00+05:30,2026-05-08 00:00:00+05:30,2026-05-14 00:00:00+05:30,96.29629629629629,100.0
3409483,"Chembur, Mumbai - MPCB",ME,2026-03-10 00:00:00+05:30,2026-05-08 00:00:00+05:30,2026-05-09 00:00:00+05:30,2026-05-15 00:00:00+05:30,96.29629629629629,100.0
3409483,"Chembur, Mumbai - MPCB",ME,2026-03-11 00:00:00+05:30,2026-05-09 00:00:00+05:30,2026-05-10 00:00:00+05:30,2026-05-16 00:00:00+05:30,96.29629629629629,100.0
3409483,"Chembur, Mumbai - MPCB",ME,2026-03-12 00:00:00+05:30,2026-05-10 00:00:00+05:30,2026-05-11 00:00:00+05:30,2026-05-17 00:00:00+05:30,96.29629629629629,100.0
3409483,"Chembur, Mumbai - MPCB",ME,2026-03-13 00:00:00+05:30,2026-05-11 00:00:00+05:30,2026-05-12 00:00:00+05:30,2026-05-18 00:00:00+05:30,96.29629629629629,100.0
3409483,"Chembur, Mumbai - MPCB",ME,2026-03-14 00:00:00+05:30,2026-05-12 00:00:00+05:30,2026-05-13 00:00:00+05:30,2026-05-19 00:00:00+05:30,96.29629629629629,100.0
3409483,"Chembur, Mumbai - MPCB",ME,2026-03-15 00:00:00+05:30,2026-05-13 00:00:00+05:30,2026-05-14 00:00:00+05:30,2026-05-20 00:00:00+05:30,96.29629629629629,100.0
3409483,"Chembur, Mumbai - MPCB",ME,2026-03-16 00:00:00+05:30,2026-05-14 00:00:00+05:30,2026-05-15 00:00:00+05:30,2026-05-21 00:00:00+05:30,96.29629629629629,100.0
3409483,"Chembur, Mumbai - MPCB",ME,2026-03-17 00:00:00+05:30,2026-05-15 00:00:00+05:30,2026-05-16 00:00:00+05:30,2026-05-22 00:00:00+05:30,96.29629629629629,100.0
3409483,"Chembur, Mumbai - MPCB",ME,2026-03-18 00:00:00+05:30,2026-05-16 00:00:00+05:30,2026-05-17 00:00:00+05:30,2026-05-23 00:00:00+05:30,96.29629629629629,100.0
3409483,"Chembur, Mumbai - MPCB",ME,2026-03-19 00:00:00+05:30,2026-05-17 00:00:00+05:30,2026-05-18 00:00:00+05:30,2026-05-24 00:00:00+05:30,96.29629629629629,100.0
3409483,"Chembur, Mumbai - MPCB",ME,2026-03-20 00:00:00+05:30,2026-05-18 00:00:00+05:30,2026-05-19 00:00:00+05:30,2026-05-25 00:00:00+05:30,96.29629629629629,100.0
3409483,"Chembur, Mumbai - MPCB",ME,2026-03-21 00:00:00+05:30,2026-05-19 00:00:00+05:30,2026-05-20 00:00:00+05:30,2026-05-26 00:00:00+05:30,96.29629629629629,100.0
3409483,"Chembur, Mumbai - MPCB",ME,2026-03-22 00:00:00+05:30,2026-05-20 00:00:00+05:30,2026-05-21 00:00:00+05:30,2026-05-27 00:00:00+05:30,96.29629629629629,100.0
3409483,"Chembur, Mumbai - MPCB",ME,2026-03-23 00:00:00+05:30,2026-05-21 00:00:00+05:30,2026-05-22 00:00:00+05:30,2026-05-28 00:00:00+05:30,97.96296296296296,100.0
3409483,"Chembur, Mumbai - MPCB",ME,2026-03-24 00:00:00+05:30,2026-05-22 00:00:00+05:30,2026-05-23 00:00:00+05:30,2026-05-29 00:00:00+05:30,97.96296296296296,100.0
3409483,"Chembur, Mumbai - MPCB",ME,2026-03-25 00:00:00+05:30,2026-05-23 00:00:00+05:30,2026-05-24 00:00:00+05:30,2026-05-30 00:00:00+05:30,97.96296296296296,100.0
3409483,"Chembur, Mumbai - MPCB",ME,2026-03-26 00:00:00+05:30,2026-05-24 00:00:00+05:30,2026-05-25 00:00:00+05:30,2026-05-31 00:00:00+05:30,97.96296296296296,100.0
3409483,"Chembur, Mumbai - MPCB",ME,2026-03-27 00:00:00+05:30,2026-05-25 00:00:00+05:30,2026-05-26 00:00:00+05:30,2026-06-01 00:00:00+05:30,97.96296296296296,100.0
3409483,"Chembur, Mumbai - MPCB",ME,2026-03-28 00:00:00+05:30,2026-05-26 00:00:00+05:30,2026-05-27 00:00:00+05:30,2026-06-02 00:00:00+05:30,97.96296296296296,100.0
3409483,"Chembur, Mumbai - MPCB",ME,2026-03-29 00:00:00+05:30,2026-05-27 00:00:00+05:30,2026-05-28 00:00:00+05:30,2026-06-03 00:00:00+05:30,97.96296296296296,100.0
3409483,"Chembur, Mumbai - MPCB",ME,2026-03-30 00:00:00+05:30,2026-05-28 00:00:00+05:30,2026-05-29 00:00:00+05:30,2026-06-04 00:00:00+05:30,97.96296296296296,100.0
3409483,"Chembur, Mumbai - MPCB",ME,2026-03-31 00:00:00+05:30,2026-05-29 00:00:00+05:30,2026-05-30 00:00:00+05:30,2026-06-05 00:00:00+05:30,97.96296296296296,100.0
3409483,"Chembur, Mumbai - MPCB",ME,2026-04-01 00:00:00+05:30,2026-05-30 00:00:00+05:30,2026-05-31 00:00:00+05:30,2026-06-06 00:00:00+05:30,97.77777777777776,100.0
3409483,"Chembur, Mumbai - MPCB",ME,2026-04-02 00:00:00+05:30,2026-05-31 00:00:00+05:30,2026-06-01 00:00:00+05:30,2026-06-07 00:00:00+05:30,97.77777777777776,100.0
3409483,"Chembur, Mumbai - MPCB",ME,2026-04-03 00:00:00+05:30,2026-06-01 00:00:00+05:30,2026-06-02 00:00:00+05:30,2026-06-08 00:00:00+05:30,97.77777777777776,100.0
3409483,"Chembur, Mumbai - MPCB",ME,2026-04-04 00:00:00+05:30,2026-06-02 00:00:00+05:30,2026-06-03 00:00:00+05:30,2026-06-09 00:00:00+05:30,97.77777777777776,100.0
3409483,"Chembur, Mumbai - MPCB",ME,2026-04-05 00:00:00+05:30,2026-06-03 00:00:00+05:30,2026-06-04 00:00:00+05:30,2026-06-10 00:00:00+05:30,97.59259259259258,100.0
3409483,"Chembur, Mumbai - MPCB",ME,2026-04-06 00:00:00+05:30,2026-06-04 00:00:00+05:30,2026-06-05 00:00:00+05:30,2026-06-11 00:00:00+05:30,97.4074074074074,100.0
3409483,"Chembur, Mumbai - MPCB",ME,2026-04-07 00:00:00+05:30,2026-06-05 00:00:00+05:30,2026-06-06 00:00:00+05:30,2026-06-12 00:00:00+05:30,97.2222222222222,100.0
3409483,"Chembur, Mumbai - MPCB",ME,2026-04-08 00:00:00+05:30,2026-06-06 00:00:00+05:30,2026-06-07 00:00:00+05:30,2026-06-13 00:00:00+05:30,97.2222222222222,100.0
3409483,"Chembur, Mumbai - MPCB",ME,2026-04-09 00:00:00+05:30,2026-06-07 00:00:00+05:30,2026-06-08 00:00:00+05:30,2026-06-14 00:00:00+05:30,96.85185185185183,100.0
3409483,"Chembur, Mumbai - MPCB",ME,2026-04-10 00:00:00+05:30,2026-06-08 00:00:00+05:30,2026-06-09 00:00:00+05:30,2026-06-15 00:00:00+05:30,96.85185185185183,100.0
3409483,"Chembur, Mumbai - MPCB",ME,2026-04-11 00:00:00+05:30,2026-06-09 00:00:00+05:30,2026-06-10 00:00:00+05:30,2026-06-16 00:00:00+05:30,96.85185185185183,100.0
3409483,"Chembur, Mumbai - MPCB",ME,2026-04-12 00:00:00+05:30,2026-06-10 00:00:00+05:30,2026-06-11 00:00:00+05:30,2026-06-17 00:00:00+05:30,96.66666666666666,100.0
3409483,"Chembur, Mumbai - MPCB",ME,2026-04-13 00:00:00+05:30,2026-06-11 00:00:00+05:30,2026-06-12 00:00:00+05:30,2026-06-18 00:00:00+05:30,96.66666666666666,100.0
3409483,"Chembur, Mumbai - MPCB",ME,2026-04-14 00:00:00+05:30,2026-06-12 00:00:00+05:30,2026-06-13 00:00:00+05:30,2026-06-19 00:00:00+05:30,96.66666666666666,100.0
3409483,"Chembur, Mumbai - MPCB",ME,2026-04-15 00:00:00+05:30,2026-06-13 00:00:00+05:30,2026-06-14 00:00:00+05:30,2026-06-20 00:00:00+05:30,96.66666666666666,100.0
3409483,"Chembur, Mumbai - MPCB",ME,2026-04-16 00:00:00+05:30,2026-06-14 00:00:00+05:30,2026-06-15 00:00:00+05:30,2026-06-21 00:00:00+05:30,96.66666666666666,100.0
3409483,"Chembur, Mumbai - MPCB",ME,2026-04-17 00:00:00+05:30,2026-06-15 00:00:00+05:30,2026-06-16 00:00:00+05:30,2026-06-22 00:00:00+05:30,96.29629629629629,100.0
3409483,"Chembur, Mumbai - MPCB",ME,2026-04-18 00:00:00+05:30,2026-06-16 00:00:00+05:30,2026-06-17 00:00:00+05:30,2026-06-23 00:00:00+05:30,96.66666666666666,100.0
3409483,"Chembur, Mumbai - MPCB",ME,2026-04-26 00:00:00+05:30,2026-06-24 00:00:00+05:30,2026-06-25 00:00:00+05:30,2026-07-01 00:00:00+05:30,93.5185185185185,100.0
3409483,"Chembur, Mumbai - MPCB",ME,2026-04-27 00:00:00+05:30,2026-06-25 00:00:00+05:30,2026-06-26 00:00:00+05:30,2026-07-02 00:00:00+05:30,93.5185185185185,100.0
3409483,"Chembur, Mumbai - MPCB",ME,2026-04-28 00:00:00+05:30,2026-06-26 00:00:00+05:30,2026-06-27 00:00:00+05:30,2026-07-03 00:00:00+05:30,93.5185185185185,100.0
3409483,"Chembur, Mumbai - MPCB",ME,2026-04-29 00:00:00+05:30,2026-06-27 00:00:00+05:30,2026-06-28 00:00:00+05:30,2026-07-04 00:00:00+05:30,92.96296296296298,100.0
3409483,"Chembur, Mumbai - MPCB",ME,2026-04-30 00:00:00+05:30,2026-06-28 00:00:00+05:30,2026-06-29 00:00:00+05:30,2026-07-05 00:00:00+05:30,94.44444444444444,100.0
3409483,"Chembur, Mumbai - MPCB",ME,2026-05-01 00:00:00+05:30,2026-06-29 00:00:00+05:30,2026-06-30 00:00:00+05:30,2026-07-06 00:00:00+05:30,94.44444444444444,100.0
3409483,"Chembur, Mumbai - MPCB",ME,2026-05-02 00:00:00+05:30,2026-06-30 00:00:00+05:30,2026-07-01 00:00:00+05:30,2026-07-07 00:00:00+05:30,94.44444444444444,100.0
3409483,"Chembur, Mumbai - MPCB",ME,2026-05-03 00:00:00+05:30,2026-07-01 00:00:00+05:30,2026-07-02 00:00:00+05:30,2026-07-08 00:00:00+05:30,94.44444444444444,100.0
3409483,"Chembur, Mumbai - MPCB",ME,2026-05-04 00:00:00+05:30,2026-07-02 00:00:00+05:30,2026-07-03 00:00:00+05:30,2026-07-09 00:00:00+05:30,94.44444444444444,100.0
3409483,"Chembur, Mumbai - MPCB",ME,2026-05-05 00:00:00+05:30,2026-07-03 00:00:00+05:30,2026-07-04 00:00:00+05:30,2026-07-10 00:00:00+05:30,94.44444444444444,100.0
3409483,"Chembur, Mumbai - MPCB",ME,2026-05-06 00:00:00+05:30,2026-07-04 00:00:00+05:30,2026-07-05 00:00:00+05:30,2026-07-11 00:00:00+05:30,94.44444444444444,100.0
3409483,"Chembur, Mumbai - MPCB",ME,2026-05-14 00:00:00+05:30,2026-07-12 00:00:00+05:30,2026-07-13 00:00:00+05:30,2026-07-19 00:00:00+05:30,92.77777777777777,100.0
3409483,"Chembur, Mumbai - MPCB",ME,2026-05-15 00:00:00+05:30,2026-07-13 00:00:00+05:30,2026-07-14 00:00:00+05:30,2026-07-20 00:00:00+05:30,92.59259259259261,100.0
3409483,"Chembur, Mumbai - MPCB",ME,2026-05-16 00:00:00+05:30,2026-07-14 00:00:00+05:30,2026-07-15 00:00:00+05:30,2026-07-21 00:00:00+05:30,92.4074074074074,100.0
3409483,"Chembur, Mumbai - MPCB",ME,2026-05-17 00:00:00+05:30,2026-07-15 00:00:00+05:30,2026-07-16 00:00:00+05:30,2026-07-22 00:00:00+05:30,92.22222222222223,100.0
3409483,"Chembur, Mumbai - MPCB",ME,2026-05-18 00:00:00+05:30,2026-07-16 00:00:00+05:30,2026-07-17 00:00:00+05:30,2026-07-23 00:00:00+05:30,92.03703703703704,100.0
3409483,"Chembur, Mumbai - MPCB",ME,2026-05-19 00:00:00+05:30,2026-07-17 00:00:00+05:30,2026-07-18 00:00:00+05:30,2026-07-24 00:00:00+05:30,91.85185185185186,100.0
3409483,"Chembur, Mumbai - MPCB",ME,2026-05-20 00:00:00+05:30,2026-07-18 00:00:00+05:30,2026-07-19 00:00:00+05:30,2026-07-25 00:00:00+05:30,91.85185185185186,100.0
3409483,"Chembur, Mumbai - MPCB",ME,2026-05-21 00:00:00+05:30,2026-07-19 00:00:00+05:30,2026-07-20 00:00:00+05:30,2026-07-26 00:00:00+05:30,91.66666666666666,100.0
3409483,"Chembur, Mumbai - MPCB",ME,2026-05-22 00:00:00+05:30,2026-07-20 00:00:00+05:30,2026-07-21 00:00:00+05:30,2026-07-27 00:00:00+05:30,91.4814814814815,100.0
3409483,"Chembur, Mumbai - MPCB",ME,2026-05-23 00:00:00+05:30,2026-07-21 00:00:00+05:30,2026-07-22 00:00:00+05:30,2026-07-28 00:00:00+05:30,91.2962962962963,100.0
3409483,"Chembur, Mumbai - MPCB",ME,2026-05-24 00:00:00+05:30,2026-07-22 00:00:00+05:30,2026-07-23 00:00:00+05:30,2026-07-29 00:00:00+05:30,91.2962962962963,100.0
3409483,"Chembur, Mumbai - MPCB",ME,2026-05-25 00:00:00+05:30,2026-07-23 00:00:00+05:30,2026-07-24 00:00:00+05:30,2026-07-30 00:00:00+05:30,91.2962962962963,100.0
3409483,"Chembur, Mumbai - MPCB",ME,2026-05-26 00:00:00+05:30,2026-07-24 00:00:00+05:30,2026-07-25 00:00:00+05:30,2026-07-31 00:00:00+05:30,91.2962962962963,100.0
3409483,"Chembur, Mumbai - MPCB",ME,2026-05-27 00:00:00+05:30,2026-07-25 00:00:00+05:30,2026-07-26 00:00:00+05:30,2026-08-01 00:00:00+05:30,91.2962962962963,100.0
3409483,"Chembur, Mumbai - MPCB",ME,2026-05-28 00:00:00+05:30,2026-07-26 00:00:00+05:30,2026-07-27 00:00:00+05:30,2026-08-02 00:00:00+05:30,91.11111111111111,100.0
3409483,"Chembur, Mumbai - MPCB",ME,2026-05-29 00:00:00+05:30,2026-07-27 00:00:00+05:30,2026-07-28 00:00:00+05:30,2026-08-03 00:00:00+05:30,90.92592592592594,100.0
3409483,"Chembur, Mumbai - MPCB",ME,2026-05-30 00:00:00+05:30,2026-07-28 00:00:00+05:30,2026-07-29 00:00:00+05:30,2026-08-04 00:00:00+05:30,90.74074074074076,100.0
3409483,"Chembur, Mumbai - MPCB",ME,2026-05-31 00:00:00+05:30,2026-07-29 00:00:00+05:30,2026-07-30 00:00:00+05:30,2026-08-05 00:00:00+05:30,90.74074074074073,100.0
3409483,"Chembur, Mumbai - MPCB",ME,2026-06-01 00:00:00+05:30,2026-07-30 00:00:00+05:30,2026-07-31 00:00:00+05:30,2026-08-06 00:00:00+05:30,90.74074074074073,100.0
3409483,"Chembur, Mumbai - MPCB",ME,2026-06-02 00:00:00+05:30,2026-07-31 00:00:00+05:30,2026-08-01 00:00:00+05:30,2026-08-07 00:00:00+05:30,90.55555555555556,100.0
3409483,"Chembur, Mumbai - MPCB",ME,2026-06-03 00:00:00+05:30,2026-08-01 00:00:00+05:30,2026-08-02 00:00:00+05:30,2026-08-08 00:00:00+05:30,90.55555555555556,100.0
3409483,"Chembur, Mumbai - MPCB",ME,2026-06-04 00:00:00+05:30,2026-08-02 00:00:00+05:30,2026-08-03 00:00:00+05:30,2026-08-09 00:00:00+05:30,90.55555555555556,100.0
3409483,"Chembur, Mumbai - MPCB",ME,2026-06-05 00:00:00+05:30,2026-08-03 00:00:00+05:30,2026-08-04 00:00:00+05:30,2026-08-10 00:00:00+05:30,90.74074074074076,100.0
3409483,"Chembur, Mumbai - MPCB",ME,2026-06-06 00:00:00+05:30,2026-08-04 00:00:00+05:30,2026-08-05 00:00:00+05:30,2026-08-11 00:00:00+05:30,90.92592592592594,100.0
3409483,"Chembur, Mumbai - MPCB",ME,2026-06-07 00:00:00+05:30,2026-08-05 00:00:00+05:30,2026-08-06 00:00:00+05:30,2026-08-12 00:00:00+05:30,90.92592592592594,100.0
3409483,"Chembur, Mumbai - MPCB",ME,2026-06-08 00:00:00+05:30,2026-08-06 00:00:00+05:30,2026-08-07 00:00:00+05:30,2026-08-13 00:00:00+05:30,91.2962962962963,100.0
3409483,"Chembur, Mumbai - MPCB",ME,2026-06-09 00:00:00+05:30,2026-08-07 00:00:00+05:30,2026-08-08 00:00:00+05:30,2026-08-14 00:00:00+05:30,91.2962962962963,100.0
3409483,"Chembur, Mumbai - MPCB",ME,2026-06-10 00:00:00+05:30,2026-08-08 00:00:00+05:30,2026-08-09 00:00:00+05:30,2026-08-15 00:00:00+05:30,91.2962962962963,100.0
3409483,"Chembur, Mumbai - MPCB",ME,2026-06-11 00:00:00+05:30,2026-08-09 00:00:00+05:30,2026-08-10 00:00:00+05:30,2026-08-16 00:00:00+05:30,91.4814814814815,100.0
3409483,"Chembur, Mumbai - MPCB",ME,2026-06-12 00:00:00+05:30,2026-08-10 00:00:00+05:30,2026-08-11 00:00:00+05:30,2026-08-17 00:00:00+05:30,91.4814814814815,100.0
3409483,"Chembur, Mumbai - MPCB",ME,2026-06-13 00:00:00+05:30,2026-08-11 00:00:00+05:30,2026-08-12 00:00:00+05:30,2026-08-18 00:00:00+05:30,91.2962962962963,100.0
3409483,"Chembur, Mumbai - MPCB",ME,2026-06-14 00:00:00+05:30,2026-08-12 00:00:00+05:30,2026-08-13 00:00:00+05:30,2026-08-19 00:00:00+05:30,91.11111111111111,100.0
3409483,"Chembur, Mumbai - MPCB",ME,2026-06-15 00:00:00+05:30,2026-08-13 00:00:00+05:30,2026-08-14 00:00:00+05:30,2026-08-20 00:00:00+05:30,90.92592592592594,100.0
3409483,"Chembur, Mumbai - MPCB",ME,2026-06-16 00:00:00+05:30,2026-08-14 00:00:00+05:30,2026-08-15 00:00:00+05:30,2026-08-21 00:00:00+05:30,91.11111111111111,100.0
3409483,"Chembur, Mumbai - MPCB",ME,2026-06-17 00:00:00+05:30,2026-08-15 00:00:00+05:30,2026-08-16 00:00:00+05:30,2026-08-22 00:00:00+05:30,90.92592592592594,100.0
3409483,"Chembur, Mumbai - MPCB",ME,2026-06-18 00:00:00+05:30,2026-08-16 00:00:00+05:30,2026-08-17 00:00:00+05:30,2026-08-23 00:00:00+05:30,90.74074074074073,100.0
3409483,"Chembur, Mumbai - MPCB",ME,2026-06-19 00:00:00+05:30,2026-08-17 00:00:00+05:30,2026-08-18 00:00:00+05:30,2026-08-24 00:00:00+05:30,91.1111111111111,100.0
3409483,"Chembur, Mumbai - MPCB",ME,2026-06-23 00:00:00+05:30,2026-08-21 00:00:00+05:30,2026-08-22 00:00:00+05:30,2026-08-28 00:00:00+05:30,91.2962962962963,100.0
3409483,"Chembur, Mumbai - MPCB",ME,2026-06-24 00:00:00+05:30,2026-08-22 00:00:00+05:30,2026-08-23 00:00:00+05:30,2026-08-29 00:00:00+05:30,91.48148148148148,100.0
3409483,"Chembur, Mumbai - MPCB",ME,2026-07-02 00:00:00+05:30,2026-08-30 00:00:00+05:30,2026-08-31 00:00:00+05:30,2026-09-06 00:00:00+05:30,90.74074074074073,100.0
3409483,"Chembur, Mumbai - MPCB",ME,2026-07-03 00:00:00+05:30,2026-08-31 00:00:00+05:30,2026-09-01 00:00:00+05:30,2026-09-07 00:00:00+05:30,90.74074074074073,100.0
3409483,"Chembur, Mumbai - MPCB",ME,2026-07-04 00:00:00+05:30,2026-09-01 00:00:00+05:30,2026-09-02 00:00:00+05:30,2026-09-08 00:00:00+05:30,90.74074074074073,100.0
3409483,"Chembur, Mumbai - MPCB",ME,2026-07-05 00:00:00+05:30,2026-09-02 00:00:00+05:30,2026-09-03 00:00:00+05:30,2026-09-09 00:00:00+05:30,90.74074074074073,100.0
3409483,"Chembur, Mumbai - MPCB",ME,2026-07-06 00:00:00+05:30,2026-09-03 00:00:00+05:30,2026-09-04 00:00:00+05:30,2026-09-10 00:00:00+05:30,90.74074074074073,100.0
3409483,"Chembur, Mumbai - MPCB",ME,2026-07-07 00:00:00+05:30,2026-09-04 00:00:00+05:30,2026-09-05 00:00:00+05:30,2026-09-11 00:00:00+05:30,90.55555555555554,100.0
3409483,"Chembur, Mumbai - MPCB",ME,2026-07-08 00:00:00+05:30,2026-09-05 00:00:00+05:30,2026-09-06 00:00:00+05:30,2026-09-12 00:00:00+05:30,90.55555555555554,100.0
3409483,"Chembur, Mumbai - MPCB",ME,2026-07-09 00:00:00+05:30,2026-09-06 00:00:00+05:30,2026-09-07 00:00:00+05:30,2026-09-13 00:00:00+05:30,90.55555555555554,100.0
3409483,"Chembur, Mumbai - MPCB",ME,2026-07-10 00:00:00+05:30,2026-09-07 00:00:00+05:30,2026-09-08 00:00:00+05:30,2026-09-14 00:00:00+05:30,90.55555555555554,100.0
3409486,"Kherwadi_Bandra East, Mumbai - MPCB",HE,2026-03-08 00:00:00+05:30,2026-05-06 00:00:00+05:30,2026-05-07 00:00:00+05:30,2026-05-13 00:00:00+05:30,92.03703703703704,100.0
3409486,"Kherwadi_Bandra East, Mumbai - MPCB",HE,2026-03-09 00:00:00+05:30,2026-05-07 00:00:00+05:30,2026-05-08 00:00:00+05:30,2026-05-14 00:00:00+05:30,92.2222222222222,100.0
3409486,"Kherwadi_Bandra East, Mumbai - MPCB",HE,2026-03-10 00:00:00+05:30,2026-05-08 00:00:00+05:30,2026-05-09 00:00:00+05:30,2026-05-15 00:00:00+05:30,92.59259259259258,100.0
3409486,"Kherwadi_Bandra East, Mumbai - MPCB",HE,2026-03-11 00:00:00+05:30,2026-05-09 00:00:00+05:30,2026-05-10 00:00:00+05:30,2026-05-16 00:00:00+05:30,92.77777777777777,100.0
3409486,"Kherwadi_Bandra East, Mumbai - MPCB",HE,2026-03-12 00:00:00+05:30,2026-05-10 00:00:00+05:30,2026-05-11 00:00:00+05:30,2026-05-17 00:00:00+05:30,92.96296296296295,100.0
3409486,"Kherwadi_Bandra East, Mumbai - MPCB",HE,2026-03-13 00:00:00+05:30,2026-05-11 00:00:00+05:30,2026-05-12 00:00:00+05:30,2026-05-18 00:00:00+05:30,92.96296296296295,100.0
3409486,"Kherwadi_Bandra East, Mumbai - MPCB",HE,2026-03-14 00:00:00+05:30,2026-05-12 00:00:00+05:30,2026-05-13 00:00:00+05:30,2026-05-19 00:00:00+05:30,93.33333333333331,100.0
3409486,"Kherwadi_Bandra East, Mumbai - MPCB",HE,2026-03-15 00:00:00+05:30,2026-05-13 00:00:00+05:30,2026-05-14 00:00:00+05:30,2026-05-20 00:00:00+05:30,93.5185185185185,100.0
3409486,"Kherwadi_Bandra East, Mumbai - MPCB",HE,2026-03-16 00:00:00+05:30,2026-05-14 00:00:00+05:30,2026-05-15 00:00:00+05:30,2026-05-21 00:00:00+05:30,93.7037037037037,100.0
3409486,"Kherwadi_Bandra East, Mumbai - MPCB",HE,2026-03-17 00:00:00+05:30,2026-05-15 00:00:00+05:30,2026-05-16 00:00:00+05:30,2026-05-22 00:00:00+05:30,94.07407407407405,100.0
3409486,"Kherwadi_Bandra East, Mumbai - MPCB",HE,2026-03-18 00:00:00+05:30,2026-05-16 00:00:00+05:30,2026-05-17 00:00:00+05:30,2026-05-23 00:00:00+05:30,94.25925925925925,100.0
3409486,"Kherwadi_Bandra East, Mumbai - MPCB",HE,2026-03-19 00:00:00+05:30,2026-05-17 00:00:00+05:30,2026-05-18 00:00:00+05:30,2026-05-24 00:00:00+05:30,94.62962962962962,100.0
3409486,"Kherwadi_Bandra East, Mumbai - MPCB",HE,2026-03-20 00:00:00+05:30,2026-05-18 00:00:00+05:30,2026-05-19 00:00:00+05:30,2026-05-25 00:00:00+05:30,94.81481481481482,100.0
3409486,"Kherwadi_Bandra East, Mumbai - MPCB",HE,2026-03-21 00:00:00+05:30,2026-05-19 00:00:00+05:30,2026-05-20 00:00:00+05:30,2026-05-26 00:00:00+05:30,95.18518518518519,100.0
3409486,"Kherwadi_Bandra East, Mumbai - MPCB",HE,2026-03-22 00:00:00+05:30,2026-05-20 00:00:00+05:30,2026-05-21 00:00:00+05:30,2026-05-27 00:00:00+05:30,95.55555555555554,100.0
3409486,"Kherwadi_Bandra East, Mumbai - MPCB",HE,2026-03-23 00:00:00+05:30,2026-05-21 00:00:00+05:30,2026-05-22 00:00:00+05:30,2026-05-28 00:00:00+05:30,95.37037037037037,100.0
3409486,"Kherwadi_Bandra East, Mumbai - MPCB",HE,2026-03-24 00:00:00+05:30,2026-05-22 00:00:00+05:30,2026-05-23 00:00:00+05:30,2026-05-29 00:00:00+05:30,95.37037037037037,100.0
3409486,"Kherwadi_Bandra East, Mumbai - MPCB",HE,2026-03-25 00:00:00+05:30,2026-05-23 00:00:00+05:30,2026-05-24 00:00:00+05:30,2026-05-30 00:00:00+05:30,94.99999999999999,100.0
3409486,"Kherwadi_Bandra East, Mumbai - MPCB",HE,2026-03-26 00:00:00+05:30,2026-05-24 00:00:00+05:30,2026-05-25 00:00:00+05:30,2026-05-31 00:00:00+05:30,95.18518518518519,100.0
3409486,"Kherwadi_Bandra East, Mumbai - MPCB",HE,2026-03-27 00:00:00+05:30,2026-05-25 00:00:00+05:30,2026-05-26 00:00:00+05:30,2026-06-01 00:00:00+05:30,95.37037037037037,100.0
3409486,"Kherwadi_Bandra East, Mumbai - MPCB",HE,2026-03-28 00:00:00+05:30,2026-05-26 00:00:00+05:30,2026-05-27 00:00:00+05:30,2026-06-02 00:00:00+05:30,95.37037037037037,100.0
3409486,"Kherwadi_Bandra East, Mumbai - MPCB",HE,2026-03-29 00:00:00+05:30,2026-05-27 00:00:00+05:30,2026-05-28 00:00:00+05:30,2026-06-03 00:00:00+05:30,95.37037037037037,100.0
3409486,"Kherwadi_Bandra East, Mumbai - MPCB",HE,2026-03-30 00:00:00+05:30,2026-05-28 00:00:00+05:30,2026-05-29 00:00:00+05:30,2026-06-04 00:00:00+05:30,95.55555555555554,100.0
3409486,"Kherwadi_Bandra East, Mumbai - MPCB",HE,2026-03-31 00:00:00+05:30,2026-05-29 00:00:00+05:30,2026-05-30 00:00:00+05:30,2026-06-05 00:00:00+05:30,95.55555555555554,100.0
3409486,"Kherwadi_Bandra East, Mumbai - MPCB",HE,2026-04-01 00:00:00+05:30,2026-05-30 00:00:00+05:30,2026-05-31 00:00:00+05:30,2026-06-06 00:00:00+05:30,95.55555555555554,100.0
3409486,"Kherwadi_Bandra East, Mumbai - MPCB",HE,2026-04-02 00:00:00+05:30,2026-05-31 00:00:00+05:30,2026-06-01 00:00:00+05:30,2026-06-07 00:00:00+05:30,95.55555555555554,100.0
3409486,"Kherwadi_Bandra East, Mumbai - MPCB",HE,2026-04-03 00:00:00+05:30,2026-06-01 00:00:00+05:30,2026-06-02 00:00:00+05:30,2026-06-08 00:00:00+05:30,95.18518518518519,100.0
3409486,"Kherwadi_Bandra East, Mumbai - MPCB",HE,2026-04-04 00:00:00+05:30,2026-06-02 00:00:00+05:30,2026-06-03 00:00:00+05:30,2026-06-09 00:00:00+05:30,95.18518518518519,100.0
3409486,"Kherwadi_Bandra East, Mumbai - MPCB",HE,2026-04-05 00:00:00+05:30,2026-06-03 00:00:00+05:30,2026-06-04 00:00:00+05:30,2026-06-10 00:00:00+05:30,94.99999999999999,100.0
3409486,"Kherwadi_Bandra East, Mumbai - MPCB",HE,2026-04-06 00:00:00+05:30,2026-06-04 00:00:00+05:30,2026-06-05 00:00:00+05:30,2026-06-11 00:00:00+05:30,94.99999999999999,100.0
3409486,"Kherwadi_Bandra East, Mumbai - MPCB",HE,2026-04-07 00:00:00+05:30,2026-06-05 00:00:00+05:30,2026-06-06 00:00:00+05:30,2026-06-12 00:00:00+05:30,94.81481481481482,100.0
3409486,"Kherwadi_Bandra East, Mumbai - MPCB",HE,2026-04-08 00:00:00+05:30,2026-06-06 00:00:00+05:30,2026-06-07 00:00:00+05:30,2026-06-13 00:00:00+05:30,95.18518518518519,100.0
3409486,"Kherwadi_Bandra East, Mumbai - MPCB",HE,2026-04-09 00:00:00+05:30,2026-06-07 00:00:00+05:30,2026-06-08 00:00:00+05:30,2026-06-14 00:00:00+05:30,95.18518518518519,100.0
3409486,"Kherwadi_Bandra East, Mumbai - MPCB",HE,2026-04-10 00:00:00+05:30,2026-06-08 00:00:00+05:30,2026-06-09 00:00:00+05:30,2026-06-15 00:00:00+05:30,95.18518518518519,100.0
3409486,"Kherwadi_Bandra East, Mumbai - MPCB",HE,2026-04-11 00:00:00+05:30,2026-06-09 00:00:00+05:30,2026-06-10 00:00:00+05:30,2026-06-16 00:00:00+05:30,95.18518518518519,100.0
3409486,"Kherwadi_Bandra East, Mumbai - MPCB",HE,2026-04-12 00:00:00+05:30,2026-06-10 00:00:00+05:30,2026-06-11 00:00:00+05:30,2026-06-17 00:00:00+05:30,95.18518518518519,100.0
3409486,"Kherwadi_Bandra East, Mumbai - MPCB",HE,2026-04-26 00:00:00+05:30,2026-06-24 00:00:00+05:30,2026-06-25 00:00:00+05:30,2026-07-01 00:00:00+05:30,94.25925925925925,100.0
3409486,"Kherwadi_Bandra East, Mumbai - MPCB",HE,2026-04-27 00:00:00+05:30,2026-06-25 00:00:00+05:30,2026-06-26 00:00:00+05:30,2026-07-02 00:00:00+05:30,94.25925925925925,100.0
3409486,"Kherwadi_Bandra East, Mumbai - MPCB",HE,2026-04-28 00:00:00+05:30,2026-06-26 00:00:00+05:30,2026-06-27 00:00:00+05:30,2026-07-03 00:00:00+05:30,93.88888888888887,100.0
3409486,"Kherwadi_Bandra East, Mumbai - MPCB",HE,2026-04-29 00:00:00+05:30,2026-06-27 00:00:00+05:30,2026-06-28 00:00:00+05:30,2026-07-04 00:00:00+05:30,93.88888888888887,100.0
3409486,"Kherwadi_Bandra East, Mumbai - MPCB",HE,2026-04-30 00:00:00+05:30,2026-06-28 00:00:00+05:30,2026-06-29 00:00:00+05:30,2026-07-05 00:00:00+05:30,93.88888888888887,100.0
3409486,"Kherwadi_Bandra East, Mumbai - MPCB",HE,2026-05-01 00:00:00+05:30,2026-06-29 00:00:00+05:30,2026-06-30 00:00:00+05:30,2026-07-06 00:00:00+05:30,93.88888888888887,100.0
3409486,"Kherwadi_Bandra East, Mumbai - MPCB",HE,2026-05-02 00:00:00+05:30,2026-06-30 00:00:00+05:30,2026-07-01 00:00:00+05:30,2026-07-07 00:00:00+05:30,93.88888888888887,100.0
3409486,"Kherwadi_Bandra East, Mumbai - MPCB",HE,2026-05-03 00:00:00+05:30,2026-07-01 00:00:00+05:30,2026-07-02 00:00:00+05:30,2026-07-08 00:00:00+05:30,93.88888888888887,100.0
3409486,"Kherwadi_Bandra East, Mumbai - MPCB",HE,2026-05-04 00:00:00+05:30,2026-07-02 00:00:00+05:30,2026-07-03 00:00:00+05:30,2026-07-09 00:00:00+05:30,93.88888888888887,100.0
3409486,"Kherwadi_Bandra East, Mumbai - MPCB",HE,2026-05-05 00:00:00+05:30,2026-07-03 00:00:00+05:30,2026-07-04 00:00:00+05:30,2026-07-10 00:00:00+05:30,93.88888888888887,100.0
3409486,"Kherwadi_Bandra East, Mumbai - MPCB",HE,2026-05-06 00:00:00+05:30,2026-07-04 00:00:00+05:30,2026-07-05 00:00:00+05:30,2026-07-11 00:00:00+05:30,93.88888888888887,100.0
3409486,"Kherwadi_Bandra East, Mumbai - MPCB",HE,2026-05-07 00:00:00+05:30,2026-07-05 00:00:00+05:30,2026-07-06 00:00:00+05:30,2026-07-12 00:00:00+05:30,93.88888888888887,100.0
3409486,"Kherwadi_Bandra East, Mumbai - MPCB",HE,2026-05-08 00:00:00+05:30,2026-07-06 00:00:00+05:30,2026-07-07 00:00:00+05:30,2026-07-13 00:00:00+05:30,93.88888888888887,100.0
3409486,"Kherwadi_Bandra East, Mumbai - MPCB",HE,2026-05-09 00:00:00+05:30,2026-07-07 00:00:00+05:30,2026-07-08 00:00:00+05:30,2026-07-14 00:00:00+05:30,93.88888888888887,100.0
3409486,"Kherwadi_Bandra East, Mumbai - MPCB",HE,2026-05-10 00:00:00+05:30,2026-07-08 00:00:00+05:30,2026-07-09 00:00:00+05:30,2026-07-15 00:00:00+05:30,93.88888888888887,100.0
3409486,"Kherwadi_Bandra East, Mumbai - MPCB",HE,2026-05-11 00:00:00+05:30,2026-07-09 00:00:00+05:30,2026-07-10 00:00:00+05:30,2026-07-16 00:00:00+05:30,93.88888888888887,100.0
3409486,"Kherwadi_Bandra East, Mumbai - MPCB",HE,2026-05-12 00:00:00+05:30,2026-07-10 00:00:00+05:30,2026-07-11 00:00:00+05:30,2026-07-17 00:00:00+05:30,93.88888888888887,100.0
3409486,"Kherwadi_Bandra East, Mumbai - MPCB",HE,2026-05-13 00:00:00+05:30,2026-07-11 00:00:00+05:30,2026-07-12 00:00:00+05:30,2026-07-18 00:00:00+05:30,93.88888888888887,100.0
3409486,"Kherwadi_Bandra East, Mumbai - MPCB",HE,2026-05-14 00:00:00+05:30,2026-07-12 00:00:00+05:30,2026-07-13 00:00:00+05:30,2026-07-19 00:00:00+05:30,93.88888888888887,100.0
3409486,"Kherwadi_Bandra East, Mumbai - MPCB",HE,2026-05-15 00:00:00+05:30,2026-07-13 00:00:00+05:30,2026-07-14 00:00:00+05:30,2026-07-20 00:00:00+05:30,93.88888888888887,100.0
3409486,"Kherwadi_Bandra East, Mumbai - MPCB",HE,2026-05-16 00:00:00+05:30,2026-07-14 00:00:00+05:30,2026-07-15 00:00:00+05:30,2026-07-21 00:00:00+05:30,93.88888888888887,100.0
3409486,"Kherwadi_Bandra East, Mumbai - MPCB",HE,2026-05-17 00:00:00+05:30,2026-07-15 00:00:00+05:30,2026-07-16 00:00:00+05:30,2026-07-22 00:00:00+05:30,93.88888888888887,100.0
3409486,"Kherwadi_Bandra East, Mumbai - MPCB",HE,2026-05-18 00:00:00+05:30,2026-07-16 00:00:00+05:30,2026-07-17 00:00:00+05:30,2026-07-23 00:00:00+05:30,93.88888888888887,100.0
3409486,"Kherwadi_Bandra East, Mumbai - MPCB",HE,2026-05-19 00:00:00+05:30,2026-07-17 00:00:00+05:30,2026-07-18 00:00:00+05:30,2026-07-24 00:00:00+05:30,93.88888888888887,100.0
3409486,"Kherwadi_Bandra East, Mumbai - MPCB",HE,2026-05-20 00:00:00+05:30,2026-07-18 00:00:00+05:30,2026-07-19 00:00:00+05:30,2026-07-25 00:00:00+05:30,93.88888888888887,100.0
3409486,"Kherwadi_Bandra East, Mumbai - MPCB",HE,2026-05-21 00:00:00+05:30,2026-07-19 00:00:00+05:30,2026-07-20 00:00:00+05:30,2026-07-26 00:00:00+05:30,93.88888888888887,100.0
3409486,"Kherwadi_Bandra East, Mumbai - MPCB",HE,2026-05-22 00:00:00+05:30,2026-07-20 00:00:00+05:30,2026-07-21 00:00:00+05:30,2026-07-27 00:00:00+05:30,94.25925925925925,100.0
3409486,"Kherwadi_Bandra East, Mumbai - MPCB",HE,2026-05-23 00:00:00+05:30,2026-07-21 00:00:00+05:30,2026-07-22 00:00:00+05:30,2026-07-28 00:00:00+05:30,94.62962962962962,100.0
3409486,"Kherwadi_Bandra East, Mumbai - MPCB",HE,2026-05-24 00:00:00+05:30,2026-07-22 00:00:00+05:30,2026-07-23 00:00:00+05:30,2026-07-29 00:00:00+05:30,94.99999999999999,100.0
3409486,"Kherwadi_Bandra East, Mumbai - MPCB",HE,2026-05-25 00:00:00+05:30,2026-07-23 00:00:00+05:30,2026-07-24 00:00:00+05:30,2026-07-30 00:00:00+05:30,94.99999999999999,100.0
3409486,"Kherwadi_Bandra East, Mumbai - MPCB",HE,2026-05-26 00:00:00+05:30,2026-07-24 00:00:00+05:30,2026-07-25 00:00:00+05:30,2026-07-31 00:00:00+05:30,94.99999999999999,100.0
3409486,"Kherwadi_Bandra East, Mumbai - MPCB",HE,2026-05-27 00:00:00+05:30,2026-07-25 00:00:00+05:30,2026-07-26 00:00:00+05:30,2026-08-01 00:00:00+05:30,94.99999999999999,100.0
3409486,"Kherwadi_Bandra East, Mumbai - MPCB",HE,2026-05-28 00:00:00+05:30,2026-07-26 00:00:00+05:30,2026-07-27 00:00:00+05:30,2026-08-02 00:00:00+05:30,94.99999999999999,100.0
3409486,"Kherwadi_Bandra East, Mumbai - MPCB",HE,2026-05-29 00:00:00+05:30,2026-07-27 00:00:00+05:30,2026-07-28 00:00:00+05:30,2026-08-03 00:00:00+05:30,94.99999999999999,100.0
3409486,"Kherwadi_Bandra East, Mumbai - MPCB",HE,2026-05-30 00:00:00+05:30,2026-07-28 00:00:00+05:30,2026-07-29 00:00:00+05:30,2026-08-04 00:00:00+05:30,94.99999999999999,100.0
3409486,"Kherwadi_Bandra East, Mumbai - MPCB",HE,2026-05-31 00:00:00+05:30,2026-07-29 00:00:00+05:30,2026-07-30 00:00:00+05:30,2026-08-05 00:00:00+05:30,94.99999999999999,100.0
3409486,"Kherwadi_Bandra East, Mumbai - MPCB",HE,2026-06-01 00:00:00+05:30,2026-07-30 00:00:00+05:30,2026-07-31 00:00:00+05:30,2026-08-06 00:00:00+05:30,94.99999999999999,100.0
3409486,"Kherwadi_Bandra East, Mumbai - MPCB",HE,2026-06-02 00:00:00+05:30,2026-07-31 00:00:00+05:30,2026-08-01 00:00:00+05:30,2026-08-07 00:00:00+05:30,95.37037037037037,100.0
3409486,"Kherwadi_Bandra East, Mumbai - MPCB",HE,2026-06-03 00:00:00+05:30,2026-08-01 00:00:00+05:30,2026-08-02 00:00:00+05:30,2026-08-08 00:00:00+05:30,95.37037037037037,100.0
3409486,"Kherwadi_Bandra East, Mumbai - MPCB",HE,2026-06-04 00:00:00+05:30,2026-08-02 00:00:00+05:30,2026-08-03 00:00:00+05:30,2026-08-09 00:00:00+05:30,95.55555555555554,100.0
3409486,"Kherwadi_Bandra East, Mumbai - MPCB",HE,2026-06-05 00:00:00+05:30,2026-08-03 00:00:00+05:30,2026-08-04 00:00:00+05:30,2026-08-10 00:00:00+05:30,95.55555555555554,100.0
3409486,"Kherwadi_Bandra East, Mumbai - MPCB",HE,2026-06-06 00:00:00+05:30,2026-08-04 00:00:00+05:30,2026-08-05 00:00:00+05:30,2026-08-11 00:00:00+05:30,95.92592592592592,100.0
3409486,"Kherwadi_Bandra East, Mumbai - MPCB",HE,2026-06-07 00:00:00+05:30,2026-08-05 00:00:00+05:30,2026-08-06 00:00:00+05:30,2026-08-12 00:00:00+05:30,95.92592592592592,100.0
3409486,"Kherwadi_Bandra East, Mumbai - MPCB",HE,2026-06-08 00:00:00+05:30,2026-08-06 00:00:00+05:30,2026-08-07 00:00:00+05:30,2026-08-13 00:00:00+05:30,95.92592592592592,100.0
3409486,"Kherwadi_Bandra East, Mumbai - MPCB",HE,2026-06-09 00:00:00+05:30,2026-08-07 00:00:00+05:30,2026-08-08 00:00:00+05:30,2026-08-14 00:00:00+05:30,95.92592592592592,100.0
3409486,"Kherwadi_Bandra East, Mumbai - MPCB",HE,2026-06-10 00:00:00+05:30,2026-08-08 00:00:00+05:30,2026-08-09 00:00:00+05:30,2026-08-15 00:00:00+05:30,95.92592592592592,100.0
3409486,"Kherwadi_Bandra East, Mumbai - MPCB",HE,2026-06-11 00:00:00+05:30,2026-08-09 00:00:00+05:30,2026-08-10 00:00:00+05:30,2026-08-16 00:00:00+05:30,95.92592592592592,100.0
3409486,"Kherwadi_Bandra East, Mumbai - MPCB",HE,2026-06-12 00:00:00+05:30,2026-08-10 00:00:00+05:30,2026-08-11 00:00:00+05:30,2026-08-17 00:00:00+05:30,95.92592592592592,100.0
3409486,"Kherwadi_Bandra East, Mumbai - MPCB",HE,2026-06-13 00:00:00+05:30,2026-08-11 00:00:00+05:30,2026-08-12 00:00:00+05:30,2026-08-18 00:00:00+05:30,95.92592592592592,100.0
3409486,"Kherwadi_Bandra East, Mumbai - MPCB",HE,2026-06-14 00:00:00+05:30,2026-08-12 00:00:00+05:30,2026-08-13 00:00:00+05:30,2026-08-19 00:00:00+05:30,95.92592592592592,100.0
3409486,"Kherwadi_Bandra East, Mumbai - MPCB",HE,2026-06-15 00:00:00+05:30,2026-08-13 00:00:00+05:30,2026-08-14 00:00:00+05:30,2026-08-20 00:00:00+05:30,96.29629629629629,100.0
3409486,"Kherwadi_Bandra East, Mumbai - MPCB",HE,2026-06-16 00:00:00+05:30,2026-08-14 00:00:00+05:30,2026-08-15 00:00:00+05:30,2026-08-21 00:00:00+05:30,96.48148148148147,100.0
3409486,"Kherwadi_Bandra East, Mumbai - MPCB",HE,2026-06-17 00:00:00+05:30,2026-08-15 00:00:00+05:30,2026-08-16 00:00:00+05:30,2026-08-22 00:00:00+05:30,96.48148148148147,100.0
3409486,"Kherwadi_Bandra East, Mumbai - MPCB",HE,2026-06-18 00:00:00+05:30,2026-08-16 00:00:00+05:30,2026-08-17 00:00:00+05:30,2026-08-23 00:00:00+05:30,96.66666666666666,100.0
3409486,"Kherwadi_Bandra East, Mumbai - MPCB",HE,2026-06-19 00:00:00+05:30,2026-08-17 00:00:00+05:30,2026-08-18 00:00:00+05:30,2026-08-24 00:00:00+05:30,96.85185185185183,100.0
3409486,"Kherwadi_Bandra East, Mumbai - MPCB",HE,2026-06-20 00:00:00+05:30,2026-08-18 00:00:00+05:30,2026-08-19 00:00:00+05:30,2026-08-25 00:00:00+05:30,96.85185185185183,100.0
3409486,"Kherwadi_Bandra East, Mumbai - MPCB",HE,2026-06-21 00:00:00+05:30,2026-08-19 00:00:00+05:30,2026-08-20 00:00:00+05:30,2026-08-26 00:00:00+05:30,97.2222222222222,100.0
3409486,"Kherwadi_Bandra East, Mumbai - MPCB",HE,2026-06-22 00:00:00+05:30,2026-08-20 00:00:00+05:30,2026-08-21 00:00:00+05:30,2026-08-27 00:00:00+05:30,97.2222222222222,100.0
3409486,"Kherwadi_Bandra East, Mumbai - MPCB",HE,2026-06-23 00:00:00+05:30,2026-08-21 00:00:00+05:30,2026-08-22 00:00:00+05:30,2026-08-28 00:00:00+05:30,97.59259259259258,100.0
3409486,"Kherwadi_Bandra East, Mumbai - MPCB",HE,2026-06-24 00:00:00+05:30,2026-08-22 00:00:00+05:30,2026-08-23 00:00:00+05:30,2026-08-29 00:00:00+05:30,97.96296296296296,100.0
3409486,"Kherwadi_Bandra East, Mumbai - MPCB",HE,2026-06-25 00:00:00+05:30,2026-08-23 00:00:00+05:30,2026-08-24 00:00:00+05:30,2026-08-30 00:00:00+05:30,99.62962962962963,100.0
3409486,"Kherwadi_Bandra East, Mumbai - MPCB",HE,2026-06-26 00:00:00+05:30,2026-08-24 00:00:00+05:30,2026-08-25 00:00:00+05:30,2026-08-31 00:00:00+05:30,99.62962962962963,100.0
3409486,"Kherwadi_Bandra East, Mumbai - MPCB",HE,2026-06-27 00:00:00+05:30,2026-08-25 00:00:00+05:30,2026-08-26 00:00:00+05:30,2026-09-01 00:00:00+05:30,100.0,100.0
3409486,"Kherwadi_Bandra East, Mumbai - MPCB",HE,2026-06-28 00:00:00+05:30,2026-08-26 00:00:00+05:30,2026-08-27 00:00:00+05:30,2026-09-02 00:00:00+05:30,100.0,100.0
3409486,"Kherwadi_Bandra East, Mumbai - MPCB",HE,2026-06-29 00:00:00+05:30,2026-08-27 00:00:00+05:30,2026-08-28 00:00:00+05:30,2026-09-03 00:00:00+05:30,100.0,100.0
3409486,"Kherwadi_Bandra East, Mumbai - MPCB",HE,2026-06-30 00:00:00+05:30,2026-08-28 00:00:00+05:30,2026-08-29 00:00:00+05:30,2026-09-04 00:00:00+05:30,100.0,100.0
3409486,"Kherwadi_Bandra East, Mumbai - MPCB",HE,2026-07-01 00:00:00+05:30,2026-08-29 00:00:00+05:30,2026-08-30 00:00:00+05:30,2026-09-05 00:00:00+05:30,100.0,100.0
3409486,"Kherwadi_Bandra East, Mumbai - MPCB",HE,2026-07-02 00:00:00+05:30,2026-08-30 00:00:00+05:30,2026-08-31 00:00:00+05:30,2026-09-06 00:00:00+05:30,100.0,100.0
3409486,"Kherwadi_Bandra East, Mumbai - MPCB",HE,2026-07-03 00:00:00+05:30,2026-08-31 00:00:00+05:30,2026-09-01 00:00:00+05:30,2026-09-07 00:00:00+05:30,100.0,100.0
3409486,"Kherwadi_Bandra East, Mumbai - MPCB",HE,2026-07-04 00:00:00+05:30,2026-09-01 00:00:00+05:30,2026-09-02 00:00:00+05:30,2026-09-08 00:00:00+05:30,100.0,100.0
3409486,"Kherwadi_Bandra East, Mumbai - MPCB",HE,2026-07-05 00:00:00+05:30,2026-09-02 00:00:00+05:30,2026-09-03 00:00:00+05:30,2026-09-09 00:00:00+05:30,100.0,100.0
3409486,"Kherwadi_Bandra East, Mumbai - MPCB",HE,2026-07-06 00:00:00+05:30,2026-09-03 00:00:00+05:30,2026-09-04 00:00:00+05:30,2026-09-10 00:00:00+05:30,100.0,100.0
3409486,"Kherwadi_Bandra East, Mumbai - MPCB",HE,2026-07-07 00:00:00+05:30,2026-09-04 00:00:00+05:30,2026-09-05 00:00:00+05:30,2026-09-11 00:00:00+05:30,100.0,100.0
3409486,"Kherwadi_Bandra East, Mumbai - MPCB",HE,2026-07-08 00:00:00+05:30,2026-09-05 00:00:00+05:30,2026-09-06 00:00:00+05:30,2026-09-12 00:00:00+05:30,100.0,100.0
3409486,"Kherwadi_Bandra East, Mumbai - MPCB",HE,2026-07-09 00:00:00+05:30,2026-09-06 00:00:00+05:30,2026-09-07 00:00:00+05:30,2026-09-13 00:00:00+05:30,100.0,100.0
3409486,"Kherwadi_Bandra East, Mumbai - MPCB",HE,2026-07-10 00:00:00+05:30,2026-09-07 00:00:00+05:30,2026-09-08 00:00:00+05:30,2026-09-14 00:00:00+05:30,100.0,100.0
3409486,"Kherwadi_Bandra East, Mumbai - MPCB",HE,2026-07-11 00:00:00+05:30,2026-09-08 00:00:00+05:30,2026-09-09 00:00:00+05:30,2026-09-15 00:00:00+05:30,100.0,100.0
3409486,"Kherwadi_Bandra East, Mumbai - MPCB",HE,2026-07-12 00:00:00+05:30,2026-09-09 00:00:00+05:30,2026-09-10 00:00:00+05:30,2026-09-16 00:00:00+05:30,100.0,100.0
3409486,"Kherwadi_Bandra East, Mumbai - MPCB",HE,2026-07-13 00:00:00+05:30,2026-09-10 00:00:00+05:30,2026-09-11 00:00:00+05:30,2026-09-17 00:00:00+05:30,100.0,100.0
3409510,"Byculla, Mumbai - BMC",E,2025-10-11 00:00:00+05:30,2025-12-09 00:00:00+05:30,2025-12-10 00:00:00+05:30,2025-12-16 00:00:00+05:30,92.96296296296298,100.0
3409510,"Byculla, Mumbai - BMC",E,2025-10-12 00:00:00+05:30,2025-12-10 00:00:00+05:30,2025-12-11 00:00:00+05:30,2025-12-17 00:00:00+05:30,92.96296296296298,100.0
3409510,"Byculla, Mumbai - BMC",E,2025-10-13 00:00:00+05:30,2025-12-11 00:00:00+05:30,2025-12-12 00:00:00+05:30,2025-12-18 00:00:00+05:30,92.96296296296298,100.0
3409510,"Byculla, Mumbai - BMC",E,2025-10-14 00:00:00+05:30,2025-12-12 00:00:00+05:30,2025-12-13 00:00:00+05:30,2025-12-19 00:00:00+05:30,92.96296296296298,100.0
3409510,"Byculla, Mumbai - BMC",E,2025-10-15 00:00:00+05:30,2025-12-13 00:00:00+05:30,2025-12-14 00:00:00+05:30,2025-12-20 00:00:00+05:30,92.59259259259258,100.0
3409510,"Byculla, Mumbai - BMC",E,2025-10-16 00:00:00+05:30,2025-12-14 00:00:00+05:30,2025-12-15 00:00:00+05:30,2025-12-21 00:00:00+05:30,92.59259259259258,100.0
3409510,"Byculla, Mumbai - BMC",E,2025-10-17 00:00:00+05:30,2025-12-15 00:00:00+05:30,2025-12-16 00:00:00+05:30,2025-12-22 00:00:00+05:30,92.59259259259258,100.0
3409510,"Byculla, Mumbai - BMC",E,2025-10-18 00:00:00+05:30,2025-12-16 00:00:00+05:30,2025-12-17 00:00:00+05:30,2025-12-23 00:00:00+05:30,92.59259259259258,100.0
3409510,"Byculla, Mumbai - BMC",E,2025-10-19 00:00:00+05:30,2025-12-17 00:00:00+05:30,2025-12-18 00:00:00+05:30,2025-12-24 00:00:00+05:30,92.59259259259258,100.0
3409510,"Byculla, Mumbai - BMC",E,2025-10-20 00:00:00+05:30,2025-12-18 00:00:00+05:30,2025-12-19 00:00:00+05:30,2025-12-25 00:00:00+05:30,92.59259259259258,100.0
3409510,"Byculla, Mumbai - BMC",E,2025-10-29 00:00:00+05:30,2025-12-27 00:00:00+05:30,2025-12-28 00:00:00+05:30,2026-01-03 00:00:00+05:30,91.48148148148148,100.0
3409510,"Byculla, Mumbai - BMC",E,2025-10-30 00:00:00+05:30,2025-12-28 00:00:00+05:30,2025-12-29 00:00:00+05:30,2026-01-04 00:00:00+05:30,91.66666666666666,100.0
3409510,"Byculla, Mumbai - BMC",E,2025-10-31 00:00:00+05:30,2025-12-29 00:00:00+05:30,2025-12-30 00:00:00+05:30,2026-01-05 00:00:00+05:30,91.85185185185183,100.0
3409510,"Byculla, Mumbai - BMC",E,2025-11-01 00:00:00+05:30,2025-12-30 00:00:00+05:30,2025-12-31 00:00:00+05:30,2026-01-06 00:00:00+05:30,92.03703703703704,100.0
3409510,"Byculla, Mumbai - BMC",E,2025-11-02 00:00:00+05:30,2025-12-31 00:00:00+05:30,2026-01-01 00:00:00+05:30,2026-01-07 00:00:00+05:30,92.03703703703704,100.0
3409510,"Byculla, Mumbai - BMC",E,2025-11-03 00:00:00+05:30,2026-01-01 00:00:00+05:30,2026-01-02 00:00:00+05:30,2026-01-08 00:00:00+05:30,92.2222222222222,100.0
3409510,"Byculla, Mumbai - BMC",E,2025-11-04 00:00:00+05:30,2026-01-02 00:00:00+05:30,2026-01-03 00:00:00+05:30,2026-01-09 00:00:00+05:30,92.59259259259258,100.0
3409510,"Byculla, Mumbai - BMC",E,2025-11-05 00:00:00+05:30,2026-01-03 00:00:00+05:30,2026-01-04 00:00:00+05:30,2026-01-10 00:00:00+05:30,92.96296296296298,100.0
3409510,"Byculla, Mumbai - BMC",E,2025-12-04 00:00:00+05:30,2026-02-01 00:00:00+05:30,2026-02-02 00:00:00+05:30,2026-02-08 00:00:00+05:30,81.29629629629629,100.0
3409510,"Byculla, Mumbai - BMC",E,2025-12-05 00:00:00+05:30,2026-02-02 00:00:00+05:30,2026-02-03 00:00:00+05:30,2026-02-09 00:00:00+05:30,81.29629629629629,100.0
3409510,"Byculla, Mumbai - BMC",E,2025-12-06 00:00:00+05:30,2026-02-03 00:00:00+05:30,2026-02-04 00:00:00+05:30,2026-02-10 00:00:00+05:30,81.29629629629629,100.0
3409510,"Byculla, Mumbai - BMC",E,2025-12-07 00:00:00+05:30,2026-02-04 00:00:00+05:30,2026-02-05 00:00:00+05:30,2026-02-11 00:00:00+05:30,81.29629629629629,100.0
3409510,"Byculla, Mumbai - BMC",E,2025-12-08 00:00:00+05:30,2026-02-05 00:00:00+05:30,2026-02-06 00:00:00+05:30,2026-02-12 00:00:00+05:30,81.29629629629629,100.0
3409510,"Byculla, Mumbai - BMC",E,2025-12-09 00:00:00+05:30,2026-02-06 00:00:00+05:30,2026-02-07 00:00:00+05:30,2026-02-13 00:00:00+05:30,81.29629629629629,100.0
3409510,"Byculla, Mumbai - BMC",E,2025-12-10 00:00:00+05:30,2026-02-07 00:00:00+05:30,2026-02-08 00:00:00+05:30,2026-02-14 00:00:00+05:30,81.29629629629629,100.0
3409510,"Byculla, Mumbai - BMC",E,2025-12-11 00:00:00+05:30,2026-02-08 00:00:00+05:30,2026-02-09 00:00:00+05:30,2026-02-15 00:00:00+05:30,81.29629629629629,100.0
3409510,"Byculla, Mumbai - BMC",E,2025-12-12 00:00:00+05:30,2026-02-09 00:00:00+05:30,2026-02-10 00:00:00+05:30,2026-02-16 00:00:00+05:30,81.29629629629629,100.0
3409510,"Byculla, Mumbai - BMC",E,2025-12-13 00:00:00+05:30,2026-02-10 00:00:00+05:30,2026-02-11 00:00:00+05:30,2026-02-17 00:00:00+05:30,81.29629629629629,100.0
3409510,"Byculla, Mumbai - BMC",E,2025-12-14 00:00:00+05:30,2026-02-11 00:00:00+05:30,2026-02-12 00:00:00+05:30,2026-02-18 00:00:00+05:30,81.66666666666667,100.0
3409510,"Byculla, Mumbai - BMC",E,2025-12-15 00:00:00+05:30,2026-02-12 00:00:00+05:30,2026-02-13 00:00:00+05:30,2026-02-19 00:00:00+05:30,81.66666666666667,100.0
3409510,"Byculla, Mumbai - BMC",E,2025-12-16 00:00:00+05:30,2026-02-13 00:00:00+05:30,2026-02-14 00:00:00+05:30,2026-02-20 00:00:00+05:30,81.66666666666667,100.0
3409510,"Byculla, Mumbai - BMC",E,2025-12-17 00:00:00+05:30,2026-02-14 00:00:00+05:30,2026-02-15 00:00:00+05:30,2026-02-21 00:00:00+05:30,81.66666666666667,100.0
3409510,"Byculla, Mumbai - BMC",E,2025-12-18 00:00:00+05:30,2026-02-15 00:00:00+05:30,2026-02-16 00:00:00+05:30,2026-02-22 00:00:00+05:30,81.66666666666667,100.0
3409510,"Byculla, Mumbai - BMC",E,2025-12-19 00:00:00+05:30,2026-02-16 00:00:00+05:30,2026-02-17 00:00:00+05:30,2026-02-23 00:00:00+05:30,81.66666666666667,100.0
3409510,"Byculla, Mumbai - BMC",E,2025-12-20 00:00:00+05:30,2026-02-17 00:00:00+05:30,2026-02-18 00:00:00+05:30,2026-02-24 00:00:00+05:30,81.66666666666667,100.0
3409510,"Byculla, Mumbai - BMC",E,2025-12-21 00:00:00+05:30,2026-02-18 00:00:00+05:30,2026-02-19 00:00:00+05:30,2026-02-25 00:00:00+05:30,81.66666666666667,100.0
3409510,"Byculla, Mumbai - BMC",E,2025-12-22 00:00:00+05:30,2026-02-19 00:00:00+05:30,2026-02-20 00:00:00+05:30,2026-02-26 00:00:00+05:30,81.66666666666667,100.0
3409510,"Byculla, Mumbai - BMC",E,2025-12-23 00:00:00+05:30,2026-02-20 00:00:00+05:30,2026-02-21 00:00:00+05:30,2026-02-27 00:00:00+05:30,81.66666666666667,100.0
3409510,"Byculla, Mumbai - BMC",E,2025-12-24 00:00:00+05:30,2026-02-21 00:00:00+05:30,2026-02-22 00:00:00+05:30,2026-02-28 00:00:00+05:30,81.48148148148148,100.0
3409510,"Byculla, Mumbai - BMC",E,2025-12-25 00:00:00+05:30,2026-02-22 00:00:00+05:30,2026-02-23 00:00:00+05:30,2026-03-01 00:00:00+05:30,81.11111111111111,100.0
3409510,"Byculla, Mumbai - BMC",E,2025-12-26 00:00:00+05:30,2026-02-23 00:00:00+05:30,2026-02-24 00:00:00+05:30,2026-03-02 00:00:00+05:30,81.29629629629629,100.0
3409510,"Byculla, Mumbai - BMC",E,2025-12-27 00:00:00+05:30,2026-02-24 00:00:00+05:30,2026-02-25 00:00:00+05:30,2026-03-03 00:00:00+05:30,82.77777777777777,100.0
3409510,"Byculla, Mumbai - BMC",E,2025-12-28 00:00:00+05:30,2026-02-25 00:00:00+05:30,2026-02-26 00:00:00+05:30,2026-03-04 00:00:00+05:30,82.77777777777777,100.0
3409510,"Byculla, Mumbai - BMC",E,2025-12-29 00:00:00+05:30,2026-02-26 00:00:00+05:30,2026-02-27 00:00:00+05:30,2026-03-05 00:00:00+05:30,82.96296296296295,100.0
3409510,"Byculla, Mumbai - BMC",E,2025-12-30 00:00:00+05:30,2026-02-27 00:00:00+05:30,2026-02-28 00:00:00+05:30,2026-03-06 00:00:00+05:30,83.14814814814814,100.0
3409510,"Byculla, Mumbai - BMC",E,2025-12-31 00:00:00+05:30,2026-02-28 00:00:00+05:30,2026-03-01 00:00:00+05:30,2026-03-07 00:00:00+05:30,83.33333333333333,100.0
3409510,"Byculla, Mumbai - BMC",E,2026-01-01 00:00:00+05:30,2026-03-01 00:00:00+05:30,2026-03-02 00:00:00+05:30,2026-03-08 00:00:00+05:30,83.7037037037037,100.0
3409510,"Byculla, Mumbai - BMC",E,2026-01-02 00:00:00+05:30,2026-03-02 00:00:00+05:30,2026-03-03 00:00:00+05:30,2026-03-09 00:00:00+05:30,83.7037037037037,100.0
3409510,"Byculla, Mumbai - BMC",E,2026-01-03 00:00:00+05:30,2026-03-03 00:00:00+05:30,2026-03-04 00:00:00+05:30,2026-03-10 00:00:00+05:30,83.5185185185185,100.0
3409510,"Byculla, Mumbai - BMC",E,2026-01-04 00:00:00+05:30,2026-03-04 00:00:00+05:30,2026-03-05 00:00:00+05:30,2026-03-11 00:00:00+05:30,83.33333333333333,100.0
3409510,"Byculla, Mumbai - BMC",E,2026-01-05 00:00:00+05:30,2026-03-05 00:00:00+05:30,2026-03-06 00:00:00+05:30,2026-03-12 00:00:00+05:30,82.40740740740739,100.0
3409510,"Byculla, Mumbai - BMC",E,2026-01-06 00:00:00+05:30,2026-03-06 00:00:00+05:30,2026-03-07 00:00:00+05:30,2026-03-13 00:00:00+05:30,82.40740740740739,100.0
3409510,"Byculla, Mumbai - BMC",E,2026-01-07 00:00:00+05:30,2026-03-07 00:00:00+05:30,2026-03-08 00:00:00+05:30,2026-03-14 00:00:00+05:30,81.48148148148148,100.0
3409510,"Byculla, Mumbai - BMC",E,2026-01-08 00:00:00+05:30,2026-03-08 00:00:00+05:30,2026-03-09 00:00:00+05:30,2026-03-15 00:00:00+05:30,80.37037037037037,100.0
3409510,"Byculla, Mumbai - BMC",E,2026-01-13 00:00:00+05:30,2026-03-13 00:00:00+05:30,2026-03-14 00:00:00+05:30,2026-03-20 00:00:00+05:30,82.4074074074074,100.0
3409510,"Byculla, Mumbai - BMC",E,2026-01-14 00:00:00+05:30,2026-03-14 00:00:00+05:30,2026-03-15 00:00:00+05:30,2026-03-21 00:00:00+05:30,83.7037037037037,100.0
3409510,"Byculla, Mumbai - BMC",E,2026-01-15 00:00:00+05:30,2026-03-15 00:00:00+05:30,2026-03-16 00:00:00+05:30,2026-03-22 00:00:00+05:30,85.37037037037038,100.0
3409510,"Byculla, Mumbai - BMC",E,2026-01-16 00:00:00+05:30,2026-03-16 00:00:00+05:30,2026-03-17 00:00:00+05:30,2026-03-23 00:00:00+05:30,87.03703703703705,100.0
3409510,"Byculla, Mumbai - BMC",E,2026-01-17 00:00:00+05:30,2026-03-17 00:00:00+05:30,2026-03-18 00:00:00+05:30,2026-03-24 00:00:00+05:30,88.70370370370371,100.0
3409510,"Byculla, Mumbai - BMC",E,2026-01-18 00:00:00+05:30,2026-03-18 00:00:00+05:30,2026-03-19 00:00:00+05:30,2026-03-25 00:00:00+05:30,90.37037037037037,100.0
3409510,"Byculla, Mumbai - BMC",E,2026-01-19 00:00:00+05:30,2026-03-19 00:00:00+05:30,2026-03-20 00:00:00+05:30,2026-03-26 00:00:00+05:30,92.03703703703704,100.0
3409510,"Byculla, Mumbai - BMC",E,2026-01-20 00:00:00+05:30,2026-03-20 00:00:00+05:30,2026-03-21 00:00:00+05:30,2026-03-27 00:00:00+05:30,93.70370370370371,100.0
3409510,"Byculla, Mumbai - BMC",E,2026-01-21 00:00:00+05:30,2026-03-21 00:00:00+05:30,2026-03-22 00:00:00+05:30,2026-03-28 00:00:00+05:30,93.70370370370371,100.0
3409510,"Byculla, Mumbai - BMC",E,2026-01-22 00:00:00+05:30,2026-03-22 00:00:00+05:30,2026-03-23 00:00:00+05:30,2026-03-29 00:00:00+05:30,93.70370370370371,100.0
3409510,"Byculla, Mumbai - BMC",E,2026-01-23 00:00:00+05:30,2026-03-23 00:00:00+05:30,2026-03-24 00:00:00+05:30,2026-03-30 00:00:00+05:30,93.70370370370371,100.0
3409510,"Byculla, Mumbai - BMC",E,2026-01-24 00:00:00+05:30,2026-03-24 00:00:00+05:30,2026-03-25 00:00:00+05:30,2026-03-31 00:00:00+05:30,93.70370370370371,100.0
3409510,"Byculla, Mumbai - BMC",E,2026-01-25 00:00:00+05:30,2026-03-25 00:00:00+05:30,2026-03-26 00:00:00+05:30,2026-04-01 00:00:00+05:30,93.70370370370371,100.0
3409510,"Byculla, Mumbai - BMC",E,2026-01-26 00:00:00+05:30,2026-03-26 00:00:00+05:30,2026-03-27 00:00:00+05:30,2026-04-02 00:00:00+05:30,93.70370370370371,100.0
3409510,"Byculla, Mumbai - BMC",E,2026-01-27 00:00:00+05:30,2026-03-27 00:00:00+05:30,2026-03-28 00:00:00+05:30,2026-04-03 00:00:00+05:30,93.70370370370371,100.0
3409510,"Byculla, Mumbai - BMC",E,2026-01-28 00:00:00+05:30,2026-03-28 00:00:00+05:30,2026-03-29 00:00:00+05:30,2026-04-04 00:00:00+05:30,93.70370370370371,100.0
3409510,"Byculla, Mumbai - BMC",E,2026-01-29 00:00:00+05:30,2026-03-29 00:00:00+05:30,2026-03-30 00:00:00+05:30,2026-04-05 00:00:00+05:30,93.70370370370371,100.0
3409510,"Byculla, Mumbai - BMC",E,2026-01-30 00:00:00+05:30,2026-03-30 00:00:00+05:30,2026-03-31 00:00:00+05:30,2026-04-06 00:00:00+05:30,93.70370370370371,100.0
3409510,"Byculla, Mumbai - BMC",E,2026-01-31 00:00:00+05:30,2026-03-31 00:00:00+05:30,2026-04-01 00:00:00+05:30,2026-04-07 00:00:00+05:30,93.70370370370371,100.0
3409510,"Byculla, Mumbai - BMC",E,2026-02-01 00:00:00+05:30,2026-04-01 00:00:00+05:30,2026-04-02 00:00:00+05:30,2026-04-08 00:00:00+05:30,93.70370370370371,100.0
3409510,"Byculla, Mumbai - BMC",E,2026-02-02 00:00:00+05:30,2026-04-02 00:00:00+05:30,2026-04-03 00:00:00+05:30,2026-04-09 00:00:00+05:30,93.70370370370371,100.0
3409510,"Byculla, Mumbai - BMC",E,2026-02-03 00:00:00+05:30,2026-04-03 00:00:00+05:30,2026-04-04 00:00:00+05:30,2026-04-10 00:00:00+05:30,93.70370370370371,100.0
3409510,"Byculla, Mumbai - BMC",E,2026-02-04 00:00:00+05:30,2026-04-04 00:00:00+05:30,2026-04-05 00:00:00+05:30,2026-04-11 00:00:00+05:30,93.33333333333333,100.0
3409510,"Byculla, Mumbai - BMC",E,2026-02-05 00:00:00+05:30,2026-04-05 00:00:00+05:30,2026-04-06 00:00:00+05:30,2026-04-12 00:00:00+05:30,93.33333333333333,100.0
3409510,"Byculla, Mumbai - BMC",E,2026-02-06 00:00:00+05:30,2026-04-06 00:00:00+05:30,2026-04-07 00:00:00+05:30,2026-04-13 00:00:00+05:30,93.33333333333333,100.0
3409510,"Byculla, Mumbai - BMC",E,2026-02-07 00:00:00+05:30,2026-04-07 00:00:00+05:30,2026-04-08 00:00:00+05:30,2026-04-14 00:00:00+05:30,93.33333333333333,100.0
3409510,"Byculla, Mumbai - BMC",E,2026-02-08 00:00:00+05:30,2026-04-08 00:00:00+05:30,2026-04-09 00:00:00+05:30,2026-04-15 00:00:00+05:30,93.33333333333333,100.0
3409510,"Byculla, Mumbai - BMC",E,2026-02-09 00:00:00+05:30,2026-04-09 00:00:00+05:30,2026-04-10 00:00:00+05:30,2026-04-16 00:00:00+05:30,93.33333333333333,100.0
3409510,"Byculla, Mumbai - BMC",E,2026-02-10 00:00:00+05:30,2026-04-10 00:00:00+05:30,2026-04-11 00:00:00+05:30,2026-04-17 00:00:00+05:30,93.33333333333333,100.0
3409510,"Byculla, Mumbai - BMC",E,2026-02-11 00:00:00+05:30,2026-04-11 00:00:00+05:30,2026-04-12 00:00:00+05:30,2026-04-18 00:00:00+05:30,93.33333333333333,100.0
3409510,"Byculla, Mumbai - BMC",E,2026-02-12 00:00:00+05:30,2026-04-12 00:00:00+05:30,2026-04-13 00:00:00+05:30,2026-04-19 00:00:00+05:30,93.33333333333333,100.0
3409510,"Byculla, Mumbai - BMC",E,2026-02-13 00:00:00+05:30,2026-04-13 00:00:00+05:30,2026-04-14 00:00:00+05:30,2026-04-20 00:00:00+05:30,93.33333333333333,100.0
3409510,"Byculla, Mumbai - BMC",E,2026-02-14 00:00:00+05:30,2026-04-14 00:00:00+05:30,2026-04-15 00:00:00+05:30,2026-04-21 00:00:00+05:30,93.33333333333333,100.0
3409510,"Byculla, Mumbai - BMC",E,2026-02-15 00:00:00+05:30,2026-04-15 00:00:00+05:30,2026-04-16 00:00:00+05:30,2026-04-22 00:00:00+05:30,93.33333333333333,100.0
3409510,"Byculla, Mumbai - BMC",E,2026-02-16 00:00:00+05:30,2026-04-16 00:00:00+05:30,2026-04-17 00:00:00+05:30,2026-04-23 00:00:00+05:30,93.33333333333333,100.0
3409510,"Byculla, Mumbai - BMC",E,2026-02-17 00:00:00+05:30,2026-04-17 00:00:00+05:30,2026-04-18 00:00:00+05:30,2026-04-24 00:00:00+05:30,93.33333333333333,100.0
3409510,"Byculla, Mumbai - BMC",E,2026-02-18 00:00:00+05:30,2026-04-18 00:00:00+05:30,2026-04-19 00:00:00+05:30,2026-04-25 00:00:00+05:30,93.33333333333333,100.0
3409510,"Byculla, Mumbai - BMC",E,2026-02-19 00:00:00+05:30,2026-04-19 00:00:00+05:30,2026-04-20 00:00:00+05:30,2026-04-26 00:00:00+05:30,93.33333333333333,100.0
3409510,"Byculla, Mumbai - BMC",E,2026-02-20 00:00:00+05:30,2026-04-20 00:00:00+05:30,2026-04-21 00:00:00+05:30,2026-04-27 00:00:00+05:30,93.33333333333333,100.0
3409510,"Byculla, Mumbai - BMC",E,2026-02-21 00:00:00+05:30,2026-04-21 00:00:00+05:30,2026-04-22 00:00:00+05:30,2026-04-28 00:00:00+05:30,93.33333333333333,100.0
3409510,"Byculla, Mumbai - BMC",E,2026-02-22 00:00:00+05:30,2026-04-22 00:00:00+05:30,2026-04-23 00:00:00+05:30,2026-04-29 00:00:00+05:30,93.5185185185185,100.0
3409510,"Byculla, Mumbai - BMC",E,2026-02-23 00:00:00+05:30,2026-04-23 00:00:00+05:30,2026-04-24 00:00:00+05:30,2026-04-30 00:00:00+05:30,93.88888888888887,100.0
3409510,"Byculla, Mumbai - BMC",E,2026-02-24 00:00:00+05:30,2026-04-24 00:00:00+05:30,2026-04-25 00:00:00+05:30,2026-05-01 00:00:00+05:30,93.88888888888887,100.0
3409510,"Byculla, Mumbai - BMC",E,2026-02-25 00:00:00+05:30,2026-04-25 00:00:00+05:30,2026-04-26 00:00:00+05:30,2026-05-02 00:00:00+05:30,94.07407407407408,100.0
3409510,"Byculla, Mumbai - BMC",E,2026-02-26 00:00:00+05:30,2026-04-26 00:00:00+05:30,2026-04-27 00:00:00+05:30,2026-05-03 00:00:00+05:30,94.07407407407408,100.0
3409510,"Byculla, Mumbai - BMC",E,2026-02-27 00:00:00+05:30,2026-04-27 00:00:00+05:30,2026-04-28 00:00:00+05:30,2026-05-04 00:00:00+05:30,94.07407407407408,100.0
3409510,"Byculla, Mumbai - BMC",E,2026-02-28 00:00:00+05:30,2026-04-28 00:00:00+05:30,2026-04-29 00:00:00+05:30,2026-05-05 00:00:00+05:30,94.07407407407408,100.0
3409510,"Byculla, Mumbai - BMC",E,2026-03-01 00:00:00+05:30,2026-04-29 00:00:00+05:30,2026-04-30 00:00:00+05:30,2026-05-06 00:00:00+05:30,94.07407407407408,100.0
3409510,"Byculla, Mumbai - BMC",E,2026-03-02 00:00:00+05:30,2026-04-30 00:00:00+05:30,2026-05-01 00:00:00+05:30,2026-05-07 00:00:00+05:30,94.07407407407408,100.0
3409510,"Byculla, Mumbai - BMC",E,2026-03-03 00:00:00+05:30,2026-05-01 00:00:00+05:30,2026-05-02 00:00:00+05:30,2026-05-08 00:00:00+05:30,94.25925925925927,100.0
3409510,"Byculla, Mumbai - BMC",E,2026-03-04 00:00:00+05:30,2026-05-02 00:00:00+05:30,2026-05-03 00:00:00+05:30,2026-05-09 00:00:00+05:30,94.44444444444444,100.0
3409510,"Byculla, Mumbai - BMC",E,2026-03-05 00:00:00+05:30,2026-05-03 00:00:00+05:30,2026-05-04 00:00:00+05:30,2026-05-10 00:00:00+05:30,94.62962962962965,100.0
3409510,"Byculla, Mumbai - BMC",E,2026-03-06 00:00:00+05:30,2026-05-04 00:00:00+05:30,2026-05-05 00:00:00+05:30,2026-05-11 00:00:00+05:30,95.55555555555554,100.0
3409510,"Byculla, Mumbai - BMC",E,2026-03-07 00:00:00+05:30,2026-05-05 00:00:00+05:30,2026-05-06 00:00:00+05:30,2026-05-12 00:00:00+05:30,95.55555555555554,100.0
3409510,"Byculla, Mumbai - BMC",E,2026-03-08 00:00:00+05:30,2026-05-06 00:00:00+05:30,2026-05-07 00:00:00+05:30,2026-05-13 00:00:00+05:30,96.48148148148148,100.0
3409510,"Byculla, Mumbai - BMC",E,2026-03-09 00:00:00+05:30,2026-05-07 00:00:00+05:30,2026-05-08 00:00:00+05:30,2026-05-14 00:00:00+05:30,97.59259259259258,100.0
3409510,"Byculla, Mumbai - BMC",E,2026-03-10 00:00:00+05:30,2026-05-08 00:00:00+05:30,2026-05-09 00:00:00+05:30,2026-05-15 00:00:00+05:30,99.07407407407408,100.0
3409510,"Byculla, Mumbai - BMC",E,2026-03-11 00:00:00+05:30,2026-05-09 00:00:00+05:30,2026-05-10 00:00:00+05:30,2026-05-16 00:00:00+05:30,99.07407407407408,100.0
3409510,"Byculla, Mumbai - BMC",E,2026-03-12 00:00:00+05:30,2026-05-10 00:00:00+05:30,2026-05-11 00:00:00+05:30,2026-05-17 00:00:00+05:30,99.25925925925925,100.0
3409510,"Byculla, Mumbai - BMC",E,2026-03-13 00:00:00+05:30,2026-05-11 00:00:00+05:30,2026-05-12 00:00:00+05:30,2026-05-18 00:00:00+05:30,99.25925925925925,100.0
3409510,"Byculla, Mumbai - BMC",E,2026-03-14 00:00:00+05:30,2026-05-12 00:00:00+05:30,2026-05-13 00:00:00+05:30,2026-05-19 00:00:00+05:30,99.25925925925925,100.0
3409510,"Byculla, Mumbai - BMC",E,2026-03-15 00:00:00+05:30,2026-05-13 00:00:00+05:30,2026-05-14 00:00:00+05:30,2026-05-20 00:00:00+05:30,99.62962962962963,100.0
3409510,"Byculla, Mumbai - BMC",E,2026-03-16 00:00:00+05:30,2026-05-14 00:00:00+05:30,2026-05-15 00:00:00+05:30,2026-05-21 00:00:00+05:30,99.62962962962963,100.0
3409510,"Byculla, Mumbai - BMC",E,2026-03-17 00:00:00+05:30,2026-05-15 00:00:00+05:30,2026-05-16 00:00:00+05:30,2026-05-22 00:00:00+05:30,99.62962962962963,100.0
3409510,"Byculla, Mumbai - BMC",E,2026-03-18 00:00:00+05:30,2026-05-16 00:00:00+05:30,2026-05-17 00:00:00+05:30,2026-05-23 00:00:00+05:30,99.62962962962963,100.0
3409510,"Byculla, Mumbai - BMC",E,2026-03-19 00:00:00+05:30,2026-05-17 00:00:00+05:30,2026-05-18 00:00:00+05:30,2026-05-24 00:00:00+05:30,99.62962962962963,100.0
3409510,"Byculla, Mumbai - BMC",E,2026-03-20 00:00:00+05:30,2026-05-18 00:00:00+05:30,2026-05-19 00:00:00+05:30,2026-05-25 00:00:00+05:30,99.62962962962963,100.0
3409510,"Byculla, Mumbai - BMC",E,2026-03-21 00:00:00+05:30,2026-05-19 00:00:00+05:30,2026-05-20 00:00:00+05:30,2026-05-26 00:00:00+05:30,99.62962962962963,100.0
3409510,"Byculla, Mumbai - BMC",E,2026-03-22 00:00:00+05:30,2026-05-20 00:00:00+05:30,2026-05-21 00:00:00+05:30,2026-05-27 00:00:00+05:30,99.62962962962963,100.0
3409510,"Byculla, Mumbai - BMC",E,2026-03-23 00:00:00+05:30,2026-05-21 00:00:00+05:30,2026-05-22 00:00:00+05:30,2026-05-28 00:00:00+05:30,99.62962962962963,100.0
3409510,"Byculla, Mumbai - BMC",E,2026-03-24 00:00:00+05:30,2026-05-22 00:00:00+05:30,2026-05-23 00:00:00+05:30,2026-05-29 00:00:00+05:30,99.62962962962963,100.0
3409510,"Byculla, Mumbai - BMC",E,2026-03-25 00:00:00+05:30,2026-05-23 00:00:00+05:30,2026-05-24 00:00:00+05:30,2026-05-30 00:00:00+05:30,99.62962962962963,100.0
3409510,"Byculla, Mumbai - BMC",E,2026-03-26 00:00:00+05:30,2026-05-24 00:00:00+05:30,2026-05-25 00:00:00+05:30,2026-05-31 00:00:00+05:30,99.62962962962963,100.0
3409510,"Byculla, Mumbai - BMC",E,2026-03-27 00:00:00+05:30,2026-05-25 00:00:00+05:30,2026-05-26 00:00:00+05:30,2026-06-01 00:00:00+05:30,99.62962962962963,100.0
3409510,"Byculla, Mumbai - BMC",E,2026-03-28 00:00:00+05:30,2026-05-26 00:00:00+05:30,2026-05-27 00:00:00+05:30,2026-06-02 00:00:00+05:30,99.62962962962963,100.0
3409510,"Byculla, Mumbai - BMC",E,2026-03-29 00:00:00+05:30,2026-05-27 00:00:00+05:30,2026-05-28 00:00:00+05:30,2026-06-03 00:00:00+05:30,99.62962962962963,100.0
3409510,"Byculla, Mumbai - BMC",E,2026-03-30 00:00:00+05:30,2026-05-28 00:00:00+05:30,2026-05-29 00:00:00+05:30,2026-06-04 00:00:00+05:30,99.62962962962963,100.0
3409510,"Byculla, Mumbai - BMC",E,2026-03-31 00:00:00+05:30,2026-05-29 00:00:00+05:30,2026-05-30 00:00:00+05:30,2026-06-05 00:00:00+05:30,99.62962962962963,100.0
3409510,"Byculla, Mumbai - BMC",E,2026-04-01 00:00:00+05:30,2026-05-30 00:00:00+05:30,2026-05-31 00:00:00+05:30,2026-06-06 00:00:00+05:30,99.62962962962963,100.0
3409510,"Byculla, Mumbai - BMC",E,2026-04-02 00:00:00+05:30,2026-05-31 00:00:00+05:30,2026-06-01 00:00:00+05:30,2026-06-07 00:00:00+05:30,99.62962962962963,100.0
3409510,"Byculla, Mumbai - BMC",E,2026-04-03 00:00:00+05:30,2026-06-01 00:00:00+05:30,2026-06-02 00:00:00+05:30,2026-06-08 00:00:00+05:30,99.62962962962963,100.0
3409510,"Byculla, Mumbai - BMC",E,2026-04-04 00:00:00+05:30,2026-06-02 00:00:00+05:30,2026-06-03 00:00:00+05:30,2026-06-09 00:00:00+05:30,99.62962962962963,100.0
3409510,"Byculla, Mumbai - BMC",E,2026-04-05 00:00:00+05:30,2026-06-03 00:00:00+05:30,2026-06-04 00:00:00+05:30,2026-06-10 00:00:00+05:30,100.0,100.0
3409510,"Byculla, Mumbai - BMC",E,2026-04-06 00:00:00+05:30,2026-06-04 00:00:00+05:30,2026-06-05 00:00:00+05:30,2026-06-11 00:00:00+05:30,100.0,100.0
3409510,"Byculla, Mumbai - BMC",E,2026-04-07 00:00:00+05:30,2026-06-05 00:00:00+05:30,2026-06-06 00:00:00+05:30,2026-06-12 00:00:00+05:30,100.0,100.0
3409510,"Byculla, Mumbai - BMC",E,2026-04-08 00:00:00+05:30,2026-06-06 00:00:00+05:30,2026-06-07 00:00:00+05:30,2026-06-13 00:00:00+05:30,100.0,100.0
3409510,"Byculla, Mumbai - BMC",E,2026-04-09 00:00:00+05:30,2026-06-07 00:00:00+05:30,2026-06-08 00:00:00+05:30,2026-06-14 00:00:00+05:30,100.0,100.0
3409510,"Byculla, Mumbai - BMC",E,2026-04-10 00:00:00+05:30,2026-06-08 00:00:00+05:30,2026-06-09 00:00:00+05:30,2026-06-15 00:00:00+05:30,100.0,100.0
3409510,"Byculla, Mumbai - BMC",E,2026-04-11 00:00:00+05:30,2026-06-09 00:00:00+05:30,2026-06-10 00:00:00+05:30,2026-06-16 00:00:00+05:30,100.0,100.0
3409510,"Byculla, Mumbai - BMC",E,2026-04-12 00:00:00+05:30,2026-06-10 00:00:00+05:30,2026-06-11 00:00:00+05:30,2026-06-17 00:00:00+05:30,100.0,100.0
3409510,"Byculla, Mumbai - BMC",E,2026-04-13 00:00:00+05:30,2026-06-11 00:00:00+05:30,2026-06-12 00:00:00+05:30,2026-06-18 00:00:00+05:30,100.0,100.0
3409510,"Byculla, Mumbai - BMC",E,2026-04-14 00:00:00+05:30,2026-06-12 00:00:00+05:30,2026-06-13 00:00:00+05:30,2026-06-19 00:00:00+05:30,100.0,100.0
3409510,"Byculla, Mumbai - BMC",E,2026-04-15 00:00:00+05:30,2026-06-13 00:00:00+05:30,2026-06-14 00:00:00+05:30,2026-06-20 00:00:00+05:30,100.0,100.0
3409510,"Byculla, Mumbai - BMC",E,2026-04-16 00:00:00+05:30,2026-06-14 00:00:00+05:30,2026-06-15 00:00:00+05:30,2026-06-21 00:00:00+05:30,100.0,100.0
3409510,"Byculla, Mumbai - BMC",E,2026-04-17 00:00:00+05:30,2026-06-15 00:00:00+05:30,2026-06-16 00:00:00+05:30,2026-06-22 00:00:00+05:30,100.0,100.0
3409510,"Byculla, Mumbai - BMC",E,2026-04-18 00:00:00+05:30,2026-06-16 00:00:00+05:30,2026-06-17 00:00:00+05:30,2026-06-23 00:00:00+05:30,100.0,100.0
3409510,"Byculla, Mumbai - BMC",E,2026-04-26 00:00:00+05:30,2026-06-24 00:00:00+05:30,2026-06-25 00:00:00+05:30,2026-07-01 00:00:00+05:30,98.14814814814814,100.0
3409510,"Byculla, Mumbai - BMC",E,2026-04-27 00:00:00+05:30,2026-06-25 00:00:00+05:30,2026-06-26 00:00:00+05:30,2026-07-02 00:00:00+05:30,98.14814814814814,100.0
3409510,"Byculla, Mumbai - BMC",E,2026-04-28 00:00:00+05:30,2026-06-26 00:00:00+05:30,2026-06-27 00:00:00+05:30,2026-07-03 00:00:00+05:30,97.96296296296296,100.0
3409510,"Byculla, Mumbai - BMC",E,2026-04-29 00:00:00+05:30,2026-06-27 00:00:00+05:30,2026-06-28 00:00:00+05:30,2026-07-04 00:00:00+05:30,97.77777777777776,100.0
3409510,"Byculla, Mumbai - BMC",E,2026-04-30 00:00:00+05:30,2026-06-28 00:00:00+05:30,2026-06-29 00:00:00+05:30,2026-07-05 00:00:00+05:30,97.77777777777776,100.0
3409510,"Byculla, Mumbai - BMC",E,2026-05-01 00:00:00+05:30,2026-06-29 00:00:00+05:30,2026-06-30 00:00:00+05:30,2026-07-06 00:00:00+05:30,97.77777777777776,100.0
3409510,"Byculla, Mumbai - BMC",E,2026-05-02 00:00:00+05:30,2026-06-30 00:00:00+05:30,2026-07-01 00:00:00+05:30,2026-07-07 00:00:00+05:30,97.77777777777776,100.0
3409510,"Byculla, Mumbai - BMC",E,2026-05-03 00:00:00+05:30,2026-07-01 00:00:00+05:30,2026-07-02 00:00:00+05:30,2026-07-08 00:00:00+05:30,97.77777777777776,100.0
3409510,"Byculla, Mumbai - BMC",E,2026-05-04 00:00:00+05:30,2026-07-02 00:00:00+05:30,2026-07-03 00:00:00+05:30,2026-07-09 00:00:00+05:30,97.77777777777776,100.0
3409510,"Byculla, Mumbai - BMC",E,2026-05-05 00:00:00+05:30,2026-07-03 00:00:00+05:30,2026-07-04 00:00:00+05:30,2026-07-10 00:00:00+05:30,97.77777777777776,100.0
3409510,"Byculla, Mumbai - BMC",E,2026-05-06 00:00:00+05:30,2026-07-04 00:00:00+05:30,2026-07-05 00:00:00+05:30,2026-07-11 00:00:00+05:30,97.77777777777776,100.0
3409510,"Byculla, Mumbai - BMC",E,2026-05-07 00:00:00+05:30,2026-07-05 00:00:00+05:30,2026-07-06 00:00:00+05:30,2026-07-12 00:00:00+05:30,97.77777777777776,100.0
3409510,"Byculla, Mumbai - BMC",E,2026-05-08 00:00:00+05:30,2026-07-06 00:00:00+05:30,2026-07-07 00:00:00+05:30,2026-07-13 00:00:00+05:30,97.77777777777776,100.0
3409510,"Byculla, Mumbai - BMC",E,2026-05-09 00:00:00+05:30,2026-07-07 00:00:00+05:30,2026-07-08 00:00:00+05:30,2026-07-14 00:00:00+05:30,97.77777777777776,100.0
3409510,"Byculla, Mumbai - BMC",E,2026-05-10 00:00:00+05:30,2026-07-08 00:00:00+05:30,2026-07-09 00:00:00+05:30,2026-07-15 00:00:00+05:30,97.77777777777776,100.0
3409510,"Byculla, Mumbai - BMC",E,2026-05-11 00:00:00+05:30,2026-07-09 00:00:00+05:30,2026-07-10 00:00:00+05:30,2026-07-16 00:00:00+05:30,97.77777777777776,100.0
3409510,"Byculla, Mumbai - BMC",E,2026-05-12 00:00:00+05:30,2026-07-10 00:00:00+05:30,2026-07-11 00:00:00+05:30,2026-07-17 00:00:00+05:30,97.77777777777776,100.0
3409510,"Byculla, Mumbai - BMC",E,2026-05-13 00:00:00+05:30,2026-07-11 00:00:00+05:30,2026-07-12 00:00:00+05:30,2026-07-18 00:00:00+05:30,97.77777777777776,100.0
3409510,"Byculla, Mumbai - BMC",E,2026-05-14 00:00:00+05:30,2026-07-12 00:00:00+05:30,2026-07-13 00:00:00+05:30,2026-07-19 00:00:00+05:30,97.77777777777776,100.0
3409510,"Byculla, Mumbai - BMC",E,2026-05-15 00:00:00+05:30,2026-07-13 00:00:00+05:30,2026-07-14 00:00:00+05:30,2026-07-20 00:00:00+05:30,97.77777777777776,100.0
3409510,"Byculla, Mumbai - BMC",E,2026-05-16 00:00:00+05:30,2026-07-14 00:00:00+05:30,2026-07-15 00:00:00+05:30,2026-07-21 00:00:00+05:30,97.77777777777776,100.0
3409510,"Byculla, Mumbai - BMC",E,2026-05-17 00:00:00+05:30,2026-07-15 00:00:00+05:30,2026-07-16 00:00:00+05:30,2026-07-22 00:00:00+05:30,97.77777777777776,100.0
3409510,"Byculla, Mumbai - BMC",E,2026-05-18 00:00:00+05:30,2026-07-16 00:00:00+05:30,2026-07-17 00:00:00+05:30,2026-07-23 00:00:00+05:30,97.77777777777776,100.0
3409510,"Byculla, Mumbai - BMC",E,2026-05-19 00:00:00+05:30,2026-07-17 00:00:00+05:30,2026-07-18 00:00:00+05:30,2026-07-24 00:00:00+05:30,97.77777777777776,100.0
3409510,"Byculla, Mumbai - BMC",E,2026-05-20 00:00:00+05:30,2026-07-18 00:00:00+05:30,2026-07-19 00:00:00+05:30,2026-07-25 00:00:00+05:30,97.77777777777776,100.0
3409510,"Byculla, Mumbai - BMC",E,2026-05-21 00:00:00+05:30,2026-07-19 00:00:00+05:30,2026-07-20 00:00:00+05:30,2026-07-26 00:00:00+05:30,97.77777777777776,100.0
3409510,"Byculla, Mumbai - BMC",E,2026-05-22 00:00:00+05:30,2026-07-20 00:00:00+05:30,2026-07-21 00:00:00+05:30,2026-07-27 00:00:00+05:30,97.77777777777776,100.0
3409510,"Byculla, Mumbai - BMC",E,2026-05-23 00:00:00+05:30,2026-07-21 00:00:00+05:30,2026-07-22 00:00:00+05:30,2026-07-28 00:00:00+05:30,97.77777777777776,100.0
3409510,"Byculla, Mumbai - BMC",E,2026-05-24 00:00:00+05:30,2026-07-22 00:00:00+05:30,2026-07-23 00:00:00+05:30,2026-07-29 00:00:00+05:30,97.77777777777776,100.0
3409510,"Byculla, Mumbai - BMC",E,2026-05-25 00:00:00+05:30,2026-07-23 00:00:00+05:30,2026-07-24 00:00:00+05:30,2026-07-30 00:00:00+05:30,97.77777777777776,100.0
3409510,"Byculla, Mumbai - BMC",E,2026-05-26 00:00:00+05:30,2026-07-24 00:00:00+05:30,2026-07-25 00:00:00+05:30,2026-07-31 00:00:00+05:30,97.77777777777776,100.0
3409510,"Byculla, Mumbai - BMC",E,2026-05-27 00:00:00+05:30,2026-07-25 00:00:00+05:30,2026-07-26 00:00:00+05:30,2026-08-01 00:00:00+05:30,97.77777777777776,100.0
3409510,"Byculla, Mumbai - BMC",E,2026-05-28 00:00:00+05:30,2026-07-26 00:00:00+05:30,2026-07-27 00:00:00+05:30,2026-08-02 00:00:00+05:30,97.77777777777776,100.0
3409510,"Byculla, Mumbai - BMC",E,2026-05-29 00:00:00+05:30,2026-07-27 00:00:00+05:30,2026-07-28 00:00:00+05:30,2026-08-03 00:00:00+05:30,97.77777777777776,100.0
3409510,"Byculla, Mumbai - BMC",E,2026-05-30 00:00:00+05:30,2026-07-28 00:00:00+05:30,2026-07-29 00:00:00+05:30,2026-08-04 00:00:00+05:30,97.77777777777776,100.0
3409510,"Byculla, Mumbai - BMC",E,2026-05-31 00:00:00+05:30,2026-07-29 00:00:00+05:30,2026-07-30 00:00:00+05:30,2026-08-05 00:00:00+05:30,97.77777777777776,100.0
3409510,"Byculla, Mumbai - BMC",E,2026-06-01 00:00:00+05:30,2026-07-30 00:00:00+05:30,2026-07-31 00:00:00+05:30,2026-08-06 00:00:00+05:30,97.77777777777776,100.0
3409510,"Byculla, Mumbai - BMC",E,2026-06-02 00:00:00+05:30,2026-07-31 00:00:00+05:30,2026-08-01 00:00:00+05:30,2026-08-07 00:00:00+05:30,97.77777777777776,100.0
3409510,"Byculla, Mumbai - BMC",E,2026-06-03 00:00:00+05:30,2026-08-01 00:00:00+05:30,2026-08-02 00:00:00+05:30,2026-08-08 00:00:00+05:30,97.77777777777776,100.0
3409510,"Byculla, Mumbai - BMC",E,2026-06-04 00:00:00+05:30,2026-08-02 00:00:00+05:30,2026-08-03 00:00:00+05:30,2026-08-09 00:00:00+05:30,97.77777777777776,100.0
3409510,"Byculla, Mumbai - BMC",E,2026-06-05 00:00:00+05:30,2026-08-03 00:00:00+05:30,2026-08-04 00:00:00+05:30,2026-08-10 00:00:00+05:30,97.77777777777776,100.0
3409510,"Byculla, Mumbai - BMC",E,2026-06-06 00:00:00+05:30,2026-08-04 00:00:00+05:30,2026-08-05 00:00:00+05:30,2026-08-11 00:00:00+05:30,97.77777777777776,100.0
3409510,"Byculla, Mumbai - BMC",E,2026-06-07 00:00:00+05:30,2026-08-05 00:00:00+05:30,2026-08-06 00:00:00+05:30,2026-08-12 00:00:00+05:30,97.77777777777776,100.0
3409510,"Byculla, Mumbai - BMC",E,2026-06-08 00:00:00+05:30,2026-08-06 00:00:00+05:30,2026-08-07 00:00:00+05:30,2026-08-13 00:00:00+05:30,97.77777777777776,100.0
3409510,"Byculla, Mumbai - BMC",E,2026-06-09 00:00:00+05:30,2026-08-07 00:00:00+05:30,2026-08-08 00:00:00+05:30,2026-08-14 00:00:00+05:30,97.77777777777776,100.0
3409510,"Byculla, Mumbai - BMC",E,2026-06-10 00:00:00+05:30,2026-08-08 00:00:00+05:30,2026-08-09 00:00:00+05:30,2026-08-15 00:00:00+05:30,97.77777777777776,100.0
3409510,"Byculla, Mumbai - BMC",E,2026-06-11 00:00:00+05:30,2026-08-09 00:00:00+05:30,2026-08-10 00:00:00+05:30,2026-08-16 00:00:00+05:30,97.77777777777776,100.0
3409510,"Byculla, Mumbai - BMC",E,2026-06-12 00:00:00+05:30,2026-08-10 00:00:00+05:30,2026-08-11 00:00:00+05:30,2026-08-17 00:00:00+05:30,97.77777777777776,100.0
3409510,"Byculla, Mumbai - BMC",E,2026-06-13 00:00:00+05:30,2026-08-11 00:00:00+05:30,2026-08-12 00:00:00+05:30,2026-08-18 00:00:00+05:30,97.77777777777776,100.0
3409510,"Byculla, Mumbai - BMC",E,2026-06-14 00:00:00+05:30,2026-08-12 00:00:00+05:30,2026-08-13 00:00:00+05:30,2026-08-19 00:00:00+05:30,97.77777777777776,100.0
3409510,"Byculla, Mumbai - BMC",E,2026-06-15 00:00:00+05:30,2026-08-13 00:00:00+05:30,2026-08-14 00:00:00+05:30,2026-08-20 00:00:00+05:30,97.77777777777776,100.0
3409510,"Byculla, Mumbai - BMC",E,2026-06-16 00:00:00+05:30,2026-08-14 00:00:00+05:30,2026-08-15 00:00:00+05:30,2026-08-21 00:00:00+05:30,97.77777777777776,100.0
3409510,"Byculla, Mumbai - BMC",E,2026-06-17 00:00:00+05:30,2026-08-15 00:00:00+05:30,2026-08-16 00:00:00+05:30,2026-08-22 00:00:00+05:30,97.77777777777776,100.0
3409510,"Byculla, Mumbai - BMC",E,2026-06-18 00:00:00+05:30,2026-08-16 00:00:00+05:30,2026-08-17 00:00:00+05:30,2026-08-23 00:00:00+05:30,97.77777777777776,100.0
3409510,"Byculla, Mumbai - BMC",E,2026-06-19 00:00:00+05:30,2026-08-17 00:00:00+05:30,2026-08-18 00:00:00+05:30,2026-08-24 00:00:00+05:30,97.77777777777776,100.0
3409510,"Byculla, Mumbai - BMC",E,2026-06-20 00:00:00+05:30,2026-08-18 00:00:00+05:30,2026-08-19 00:00:00+05:30,2026-08-25 00:00:00+05:30,97.77777777777776,100.0
3409510,"Byculla, Mumbai - BMC",E,2026-06-21 00:00:00+05:30,2026-08-19 00:00:00+05:30,2026-08-20 00:00:00+05:30,2026-08-26 00:00:00+05:30,97.77777777777776,100.0
3409510,"Byculla, Mumbai - BMC",E,2026-06-22 00:00:00+05:30,2026-08-20 00:00:00+05:30,2026-08-21 00:00:00+05:30,2026-08-27 00:00:00+05:30,97.77777777777776,100.0
3409510,"Byculla, Mumbai - BMC",E,2026-06-23 00:00:00+05:30,2026-08-21 00:00:00+05:30,2026-08-22 00:00:00+05:30,2026-08-28 00:00:00+05:30,97.96296296296296,100.0
3409510,"Byculla, Mumbai - BMC",E,2026-06-24 00:00:00+05:30,2026-08-22 00:00:00+05:30,2026-08-23 00:00:00+05:30,2026-08-29 00:00:00+05:30,97.96296296296296,100.0
3409510,"Byculla, Mumbai - BMC",E,2026-06-25 00:00:00+05:30,2026-08-23 00:00:00+05:30,2026-08-24 00:00:00+05:30,2026-08-30 00:00:00+05:30,99.62962962962963,100.0
3409510,"Byculla, Mumbai - BMC",E,2026-06-26 00:00:00+05:30,2026-08-24 00:00:00+05:30,2026-08-25 00:00:00+05:30,2026-08-31 00:00:00+05:30,99.62962962962963,100.0
3409510,"Byculla, Mumbai - BMC",E,2026-06-27 00:00:00+05:30,2026-08-25 00:00:00+05:30,2026-08-26 00:00:00+05:30,2026-09-01 00:00:00+05:30,99.8148148148148,100.0
3409510,"Byculla, Mumbai - BMC",E,2026-06-28 00:00:00+05:30,2026-08-26 00:00:00+05:30,2026-08-27 00:00:00+05:30,2026-09-02 00:00:00+05:30,100.0,100.0
3409510,"Byculla, Mumbai - BMC",E,2026-06-29 00:00:00+05:30,2026-08-27 00:00:00+05:30,2026-08-28 00:00:00+05:30,2026-09-03 00:00:00+05:30,100.0,100.0
3409510,"Byculla, Mumbai - BMC",E,2026-06-30 00:00:00+05:30,2026-08-28 00:00:00+05:30,2026-08-29 00:00:00+05:30,2026-09-04 00:00:00+05:30,100.0,100.0
3409510,"Byculla, Mumbai - BMC",E,2026-07-01 00:00:00+05:30,2026-08-29 00:00:00+05:30,2026-08-30 00:00:00+05:30,2026-09-05 00:00:00+05:30,100.0,100.0
3409510,"Byculla, Mumbai - BMC",E,2026-07-02 00:00:00+05:30,2026-08-30 00:00:00+05:30,2026-08-31 00:00:00+05:30,2026-09-06 00:00:00+05:30,100.0,100.0
3409510,"Byculla, Mumbai - BMC",E,2026-07-03 00:00:00+05:30,2026-08-31 00:00:00+05:30,2026-09-01 00:00:00+05:30,2026-09-07 00:00:00+05:30,100.0,100.0
3409510,"Byculla, Mumbai - BMC",E,2026-07-04 00:00:00+05:30,2026-09-01 00:00:00+05:30,2026-09-02 00:00:00+05:30,2026-09-08 00:00:00+05:30,100.0,100.0
3409510,"Byculla, Mumbai - BMC",E,2026-07-05 00:00:00+05:30,2026-09-02 00:00:00+05:30,2026-09-03 00:00:00+05:30,2026-09-09 00:00:00+05:30,100.0,100.0
3409510,"Byculla, Mumbai - BMC",E,2026-07-06 00:00:00+05:30,2026-09-03 00:00:00+05:30,2026-09-04 00:00:00+05:30,2026-09-10 00:00:00+05:30,100.0,100.0
3409510,"Byculla, Mumbai - BMC",E,2026-07-07 00:00:00+05:30,2026-09-04 00:00:00+05:30,2026-09-05 00:00:00+05:30,2026-09-11 00:00:00+05:30,100.0,100.0
3409510,"Byculla, Mumbai - BMC",E,2026-07-08 00:00:00+05:30,2026-09-05 00:00:00+05:30,2026-09-06 00:00:00+05:30,2026-09-12 00:00:00+05:30,100.0,100.0
3409510,"Byculla, Mumbai - BMC",E,2026-07-09 00:00:00+05:30,2026-09-06 00:00:00+05:30,2026-09-07 00:00:00+05:30,2026-09-13 00:00:00+05:30,100.0,100.0
3409510,"Byculla, Mumbai - BMC",E,2026-07-10 00:00:00+05:30,2026-09-07 00:00:00+05:30,2026-09-08 00:00:00+05:30,2026-09-14 00:00:00+05:30,100.0,100.0
3409510,"Byculla, Mumbai - BMC",E,2026-07-11 00:00:00+05:30,2026-09-08 00:00:00+05:30,2026-09-09 00:00:00+05:30,2026-09-15 00:00:00+05:30,100.0,100.0
3409510,"Byculla, Mumbai - BMC",E,2026-07-12 00:00:00+05:30,2026-09-09 00:00:00+05:30,2026-09-10 00:00:00+05:30,2026-09-16 00:00:00+05:30,100.0,100.0
3409510,"Byculla, Mumbai - BMC",E,2026-07-13 00:00:00+05:30,2026-09-10 00:00:00+05:30,2026-09-11 00:00:00+05:30,2026-09-17 00:00:00+05:30,100.0,100.0
3409511,"Shivaji Nagar, Mumbai - BMC",ME,2025-12-24 00:00:00+05:30,2026-02-21 00:00:00+05:30,2026-02-22 00:00:00+05:30,2026-02-28 00:00:00+05:30,81.48148148148147,100.0
3409511,"Shivaji Nagar, Mumbai - BMC",ME,2025-12-25 00:00:00+05:30,2026-02-22 00:00:00+05:30,2026-02-23 00:00:00+05:30,2026-03-01 00:00:00+05:30,81.66666666666667,100.0
3409511,"Shivaji Nagar, Mumbai - BMC",ME,2025-12-26 00:00:00+05:30,2026-02-23 00:00:00+05:30,2026-02-24 00:00:00+05:30,2026-03-02 00:00:00+05:30,81.85185185185185,100.0
3409511,"Shivaji Nagar, Mumbai - BMC",ME,2025-12-27 00:00:00+05:30,2026-02-24 00:00:00+05:30,2026-02-25 00:00:00+05:30,2026-03-03 00:00:00+05:30,82.03703703703702,100.0
3409511,"Shivaji Nagar, Mumbai - BMC",ME,2025-12-28 00:00:00+05:30,2026-02-25 00:00:00+05:30,2026-02-26 00:00:00+05:30,2026-03-04 00:00:00+05:30,82.22222222222221,100.0
3409511,"Shivaji Nagar, Mumbai - BMC",ME,2025-12-29 00:00:00+05:30,2026-02-26 00:00:00+05:30,2026-02-27 00:00:00+05:30,2026-03-05 00:00:00+05:30,82.22222222222221,100.0
3409511,"Shivaji Nagar, Mumbai - BMC",ME,2025-12-30 00:00:00+05:30,2026-02-27 00:00:00+05:30,2026-02-28 00:00:00+05:30,2026-03-06 00:00:00+05:30,82.40740740740739,100.0
3409511,"Shivaji Nagar, Mumbai - BMC",ME,2025-12-31 00:00:00+05:30,2026-02-28 00:00:00+05:30,2026-03-01 00:00:00+05:30,2026-03-07 00:00:00+05:30,82.40740740740739,100.0
3409511,"Shivaji Nagar, Mumbai - BMC",ME,2026-01-01 00:00:00+05:30,2026-03-01 00:00:00+05:30,2026-03-02 00:00:00+05:30,2026-03-08 00:00:00+05:30,82.40740740740739,100.0
3409511,"Shivaji Nagar, Mumbai - BMC",ME,2026-01-02 00:00:00+05:30,2026-03-02 00:00:00+05:30,2026-03-03 00:00:00+05:30,2026-03-09 00:00:00+05:30,82.40740740740739,100.0
3409511,"Shivaji Nagar, Mumbai - BMC",ME,2026-01-10 00:00:00+05:30,2026-03-10 00:00:00+05:30,2026-03-11 00:00:00+05:30,2026-03-17 00:00:00+05:30,81.11111111111111,100.0
3409511,"Shivaji Nagar, Mumbai - BMC",ME,2026-01-13 00:00:00+05:30,2026-03-13 00:00:00+05:30,2026-03-14 00:00:00+05:30,2026-03-20 00:00:00+05:30,83.8888888888889,100.0
3409511,"Shivaji Nagar, Mumbai - BMC",ME,2026-01-14 00:00:00+05:30,2026-03-14 00:00:00+05:30,2026-03-15 00:00:00+05:30,2026-03-21 00:00:00+05:30,85.55555555555556,100.0
3409511,"Shivaji Nagar, Mumbai - BMC",ME,2026-01-15 00:00:00+05:30,2026-03-15 00:00:00+05:30,2026-03-16 00:00:00+05:30,2026-03-22 00:00:00+05:30,87.22222222222223,100.0
3409511,"Shivaji Nagar, Mumbai - BMC",ME,2026-01-16 00:00:00+05:30,2026-03-16 00:00:00+05:30,2026-03-17 00:00:00+05:30,2026-03-23 00:00:00+05:30,88.88888888888889,100.0
3409511,"Shivaji Nagar, Mumbai - BMC",ME,2026-01-17 00:00:00+05:30,2026-03-17 00:00:00+05:30,2026-03-18 00:00:00+05:30,2026-03-24 00:00:00+05:30,90.55555555555556,100.0
3409511,"Shivaji Nagar, Mumbai - BMC",ME,2026-01-18 00:00:00+05:30,2026-03-18 00:00:00+05:30,2026-03-19 00:00:00+05:30,2026-03-25 00:00:00+05:30,92.22222222222223,100.0
3409511,"Shivaji Nagar, Mumbai - BMC",ME,2026-01-19 00:00:00+05:30,2026-03-19 00:00:00+05:30,2026-03-20 00:00:00+05:30,2026-03-26 00:00:00+05:30,93.88888888888887,100.0
3409511,"Shivaji Nagar, Mumbai - BMC",ME,2026-01-20 00:00:00+05:30,2026-03-20 00:00:00+05:30,2026-03-21 00:00:00+05:30,2026-03-27 00:00:00+05:30,95.55555555555554,100.0
3409511,"Shivaji Nagar, Mumbai - BMC",ME,2026-01-21 00:00:00+05:30,2026-03-21 00:00:00+05:30,2026-03-22 00:00:00+05:30,2026-03-28 00:00:00+05:30,95.55555555555554,100.0
3409511,"Shivaji Nagar, Mumbai - BMC",ME,2026-01-22 00:00:00+05:30,2026-03-22 00:00:00+05:30,2026-03-23 00:00:00+05:30,2026-03-29 00:00:00+05:30,95.55555555555554,100.0
3409511,"Shivaji Nagar, Mumbai - BMC",ME,2026-01-23 00:00:00+05:30,2026-03-23 00:00:00+05:30,2026-03-24 00:00:00+05:30,2026-03-30 00:00:00+05:30,95.74074074074073,100.0
3409511,"Shivaji Nagar, Mumbai - BMC",ME,2026-01-24 00:00:00+05:30,2026-03-24 00:00:00+05:30,2026-03-25 00:00:00+05:30,2026-03-31 00:00:00+05:30,95.74074074074073,100.0
3409511,"Shivaji Nagar, Mumbai - BMC",ME,2026-01-25 00:00:00+05:30,2026-03-25 00:00:00+05:30,2026-03-26 00:00:00+05:30,2026-04-01 00:00:00+05:30,95.92592592592592,100.0
3409511,"Shivaji Nagar, Mumbai - BMC",ME,2026-01-26 00:00:00+05:30,2026-03-26 00:00:00+05:30,2026-03-27 00:00:00+05:30,2026-04-02 00:00:00+05:30,96.11111111111109,100.0
3409511,"Shivaji Nagar, Mumbai - BMC",ME,2026-01-27 00:00:00+05:30,2026-03-27 00:00:00+05:30,2026-03-28 00:00:00+05:30,2026-04-03 00:00:00+05:30,96.29629629629629,100.0
3409511,"Shivaji Nagar, Mumbai - BMC",ME,2026-01-28 00:00:00+05:30,2026-03-28 00:00:00+05:30,2026-03-29 00:00:00+05:30,2026-04-04 00:00:00+05:30,96.48148148148147,100.0
3409511,"Shivaji Nagar, Mumbai - BMC",ME,2026-01-29 00:00:00+05:30,2026-03-29 00:00:00+05:30,2026-03-30 00:00:00+05:30,2026-04-05 00:00:00+05:30,96.66666666666666,100.0
3409511,"Shivaji Nagar, Mumbai - BMC",ME,2026-01-30 00:00:00+05:30,2026-03-30 00:00:00+05:30,2026-03-31 00:00:00+05:30,2026-04-06 00:00:00+05:30,96.85185185185183,100.0
3409511,"Shivaji Nagar, Mumbai - BMC",ME,2026-01-31 00:00:00+05:30,2026-03-31 00:00:00+05:30,2026-04-01 00:00:00+05:30,2026-04-07 00:00:00+05:30,96.85185185185183,100.0
3409511,"Shivaji Nagar, Mumbai - BMC",ME,2026-02-01 00:00:00+05:30,2026-04-01 00:00:00+05:30,2026-04-02 00:00:00+05:30,2026-04-08 00:00:00+05:30,97.03703703703704,100.0
3409511,"Shivaji Nagar, Mumbai - BMC",ME,2026-02-02 00:00:00+05:30,2026-04-02 00:00:00+05:30,2026-04-03 00:00:00+05:30,2026-04-09 00:00:00+05:30,97.2222222222222,100.0
3409511,"Shivaji Nagar, Mumbai - BMC",ME,2026-02-03 00:00:00+05:30,2026-04-03 00:00:00+05:30,2026-04-04 00:00:00+05:30,2026-04-10 00:00:00+05:30,97.4074074074074,100.0
3409511,"Shivaji Nagar, Mumbai - BMC",ME,2026-02-04 00:00:00+05:30,2026-04-04 00:00:00+05:30,2026-04-05 00:00:00+05:30,2026-04-11 00:00:00+05:30,97.59259259259258,100.0
3409511,"Shivaji Nagar, Mumbai - BMC",ME,2026-02-05 00:00:00+05:30,2026-04-05 00:00:00+05:30,2026-04-06 00:00:00+05:30,2026-04-12 00:00:00+05:30,97.4074074074074,100.0
3409511,"Shivaji Nagar, Mumbai - BMC",ME,2026-02-06 00:00:00+05:30,2026-04-06 00:00:00+05:30,2026-04-07 00:00:00+05:30,2026-04-13 00:00:00+05:30,97.4074074074074,100.0
3409511,"Shivaji Nagar, Mumbai - BMC",ME,2026-02-07 00:00:00+05:30,2026-04-07 00:00:00+05:30,2026-04-08 00:00:00+05:30,2026-04-14 00:00:00+05:30,97.4074074074074,100.0
3409511,"Shivaji Nagar, Mumbai - BMC",ME,2026-02-08 00:00:00+05:30,2026-04-08 00:00:00+05:30,2026-04-09 00:00:00+05:30,2026-04-15 00:00:00+05:30,97.4074074074074,100.0
3409511,"Shivaji Nagar, Mumbai - BMC",ME,2026-02-09 00:00:00+05:30,2026-04-09 00:00:00+05:30,2026-04-10 00:00:00+05:30,2026-04-16 00:00:00+05:30,97.4074074074074,100.0
3409511,"Shivaji Nagar, Mumbai - BMC",ME,2026-02-10 00:00:00+05:30,2026-04-10 00:00:00+05:30,2026-04-11 00:00:00+05:30,2026-04-17 00:00:00+05:30,97.4074074074074,100.0
3409511,"Shivaji Nagar, Mumbai - BMC",ME,2026-02-11 00:00:00+05:30,2026-04-11 00:00:00+05:30,2026-04-12 00:00:00+05:30,2026-04-18 00:00:00+05:30,97.4074074074074,100.0
3409511,"Shivaji Nagar, Mumbai - BMC",ME,2026-02-12 00:00:00+05:30,2026-04-12 00:00:00+05:30,2026-04-13 00:00:00+05:30,2026-04-19 00:00:00+05:30,97.4074074074074,100.0
3409511,"Shivaji Nagar, Mumbai - BMC",ME,2026-02-13 00:00:00+05:30,2026-04-13 00:00:00+05:30,2026-04-14 00:00:00+05:30,2026-04-20 00:00:00+05:30,97.4074074074074,100.0
3409511,"Shivaji Nagar, Mumbai - BMC",ME,2026-02-14 00:00:00+05:30,2026-04-14 00:00:00+05:30,2026-04-15 00:00:00+05:30,2026-04-21 00:00:00+05:30,97.4074074074074,100.0
3409511,"Shivaji Nagar, Mumbai - BMC",ME,2026-02-15 00:00:00+05:30,2026-04-15 00:00:00+05:30,2026-04-16 00:00:00+05:30,2026-04-22 00:00:00+05:30,97.4074074074074,100.0
3409511,"Shivaji Nagar, Mumbai - BMC",ME,2026-02-16 00:00:00+05:30,2026-04-16 00:00:00+05:30,2026-04-17 00:00:00+05:30,2026-04-23 00:00:00+05:30,97.4074074074074,100.0
3409511,"Shivaji Nagar, Mumbai - BMC",ME,2026-02-17 00:00:00+05:30,2026-04-17 00:00:00+05:30,2026-04-18 00:00:00+05:30,2026-04-24 00:00:00+05:30,97.4074074074074,100.0
3409511,"Shivaji Nagar, Mumbai - BMC",ME,2026-02-18 00:00:00+05:30,2026-04-18 00:00:00+05:30,2026-04-19 00:00:00+05:30,2026-04-25 00:00:00+05:30,97.4074074074074,100.0
3409511,"Shivaji Nagar, Mumbai - BMC",ME,2026-02-19 00:00:00+05:30,2026-04-19 00:00:00+05:30,2026-04-20 00:00:00+05:30,2026-04-26 00:00:00+05:30,97.4074074074074,100.0
3409511,"Shivaji Nagar, Mumbai - BMC",ME,2026-02-20 00:00:00+05:30,2026-04-20 00:00:00+05:30,2026-04-21 00:00:00+05:30,2026-04-27 00:00:00+05:30,97.4074074074074,100.0
3409511,"Shivaji Nagar, Mumbai - BMC",ME,2026-02-21 00:00:00+05:30,2026-04-21 00:00:00+05:30,2026-04-22 00:00:00+05:30,2026-04-28 00:00:00+05:30,97.4074074074074,100.0
3409511,"Shivaji Nagar, Mumbai - BMC",ME,2026-02-22 00:00:00+05:30,2026-04-22 00:00:00+05:30,2026-04-23 00:00:00+05:30,2026-04-29 00:00:00+05:30,97.4074074074074,100.0
3409511,"Shivaji Nagar, Mumbai - BMC",ME,2026-02-23 00:00:00+05:30,2026-04-23 00:00:00+05:30,2026-04-24 00:00:00+05:30,2026-04-30 00:00:00+05:30,97.4074074074074,100.0
3409511,"Shivaji Nagar, Mumbai - BMC",ME,2026-02-24 00:00:00+05:30,2026-04-24 00:00:00+05:30,2026-04-25 00:00:00+05:30,2026-05-01 00:00:00+05:30,97.4074074074074,100.0
3409511,"Shivaji Nagar, Mumbai - BMC",ME,2026-02-25 00:00:00+05:30,2026-04-25 00:00:00+05:30,2026-04-26 00:00:00+05:30,2026-05-02 00:00:00+05:30,97.4074074074074,100.0
3409511,"Shivaji Nagar, Mumbai - BMC",ME,2026-02-26 00:00:00+05:30,2026-04-26 00:00:00+05:30,2026-04-27 00:00:00+05:30,2026-05-03 00:00:00+05:30,97.4074074074074,100.0
3409511,"Shivaji Nagar, Mumbai - BMC",ME,2026-02-27 00:00:00+05:30,2026-04-27 00:00:00+05:30,2026-04-28 00:00:00+05:30,2026-05-04 00:00:00+05:30,97.4074074074074,100.0
3409511,"Shivaji Nagar, Mumbai - BMC",ME,2026-02-28 00:00:00+05:30,2026-04-28 00:00:00+05:30,2026-04-29 00:00:00+05:30,2026-05-05 00:00:00+05:30,97.4074074074074,100.0
3409511,"Shivaji Nagar, Mumbai - BMC",ME,2026-03-01 00:00:00+05:30,2026-04-29 00:00:00+05:30,2026-04-30 00:00:00+05:30,2026-05-06 00:00:00+05:30,97.4074074074074,100.0
3409511,"Shivaji Nagar, Mumbai - BMC",ME,2026-03-02 00:00:00+05:30,2026-04-30 00:00:00+05:30,2026-05-01 00:00:00+05:30,2026-05-07 00:00:00+05:30,97.4074074074074,100.0
3409511,"Shivaji Nagar, Mumbai - BMC",ME,2026-03-03 00:00:00+05:30,2026-05-01 00:00:00+05:30,2026-05-02 00:00:00+05:30,2026-05-08 00:00:00+05:30,97.4074074074074,100.0
3409511,"Shivaji Nagar, Mumbai - BMC",ME,2026-03-04 00:00:00+05:30,2026-05-02 00:00:00+05:30,2026-05-03 00:00:00+05:30,2026-05-09 00:00:00+05:30,97.4074074074074,100.0
3409511,"Shivaji Nagar, Mumbai - BMC",ME,2026-03-05 00:00:00+05:30,2026-05-03 00:00:00+05:30,2026-05-04 00:00:00+05:30,2026-05-10 00:00:00+05:30,97.4074074074074,100.0
3409511,"Shivaji Nagar, Mumbai - BMC",ME,2026-03-06 00:00:00+05:30,2026-05-04 00:00:00+05:30,2026-05-05 00:00:00+05:30,2026-05-11 00:00:00+05:30,97.4074074074074,100.0
3409511,"Shivaji Nagar, Mumbai - BMC",ME,2026-03-07 00:00:00+05:30,2026-05-05 00:00:00+05:30,2026-05-06 00:00:00+05:30,2026-05-12 00:00:00+05:30,97.4074074074074,100.0
3409511,"Shivaji Nagar, Mumbai - BMC",ME,2026-03-08 00:00:00+05:30,2026-05-06 00:00:00+05:30,2026-05-07 00:00:00+05:30,2026-05-13 00:00:00+05:30,97.4074074074074,100.0
3409511,"Shivaji Nagar, Mumbai - BMC",ME,2026-03-09 00:00:00+05:30,2026-05-07 00:00:00+05:30,2026-05-08 00:00:00+05:30,2026-05-14 00:00:00+05:30,97.4074074074074,100.0
3409511,"Shivaji Nagar, Mumbai - BMC",ME,2026-03-10 00:00:00+05:30,2026-05-08 00:00:00+05:30,2026-05-09 00:00:00+05:30,2026-05-15 00:00:00+05:30,97.4074074074074,100.0
3409511,"Shivaji Nagar, Mumbai - BMC",ME,2026-03-11 00:00:00+05:30,2026-05-09 00:00:00+05:30,2026-05-10 00:00:00+05:30,2026-05-16 00:00:00+05:30,99.07407407407409,100.0
3409511,"Shivaji Nagar, Mumbai - BMC",ME,2026-03-12 00:00:00+05:30,2026-05-10 00:00:00+05:30,2026-05-11 00:00:00+05:30,2026-05-17 00:00:00+05:30,99.44444444444443,100.0
3409511,"Shivaji Nagar, Mumbai - BMC",ME,2026-03-13 00:00:00+05:30,2026-05-11 00:00:00+05:30,2026-05-12 00:00:00+05:30,2026-05-18 00:00:00+05:30,99.62962962962963,100.0
3409511,"Shivaji Nagar, Mumbai - BMC",ME,2026-03-14 00:00:00+05:30,2026-05-12 00:00:00+05:30,2026-05-13 00:00:00+05:30,2026-05-19 00:00:00+05:30,99.62962962962963,100.0
3409511,"Shivaji Nagar, Mumbai - BMC",ME,2026-03-15 00:00:00+05:30,2026-05-13 00:00:00+05:30,2026-05-14 00:00:00+05:30,2026-05-20 00:00:00+05:30,99.62962962962963,100.0
3409511,"Shivaji Nagar, Mumbai - BMC",ME,2026-03-16 00:00:00+05:30,2026-05-14 00:00:00+05:30,2026-05-15 00:00:00+05:30,2026-05-21 00:00:00+05:30,99.62962962962963,100.0
3409511,"Shivaji Nagar, Mumbai - BMC",ME,2026-03-17 00:00:00+05:30,2026-05-15 00:00:00+05:30,2026-05-16 00:00:00+05:30,2026-05-22 00:00:00+05:30,99.62962962962963,100.0
3409511,"Shivaji Nagar, Mumbai - BMC",ME,2026-03-18 00:00:00+05:30,2026-05-16 00:00:00+05:30,2026-05-17 00:00:00+05:30,2026-05-23 00:00:00+05:30,99.62962962962963,100.0
3409511,"Shivaji Nagar, Mumbai - BMC",ME,2026-03-19 00:00:00+05:30,2026-05-17 00:00:00+05:30,2026-05-18 00:00:00+05:30,2026-05-24 00:00:00+05:30,99.62962962962963,100.0
3409511,"Shivaji Nagar, Mumbai - BMC",ME,2026-03-20 00:00:00+05:30,2026-05-18 00:00:00+05:30,2026-05-19 00:00:00+05:30,2026-05-25 00:00:00+05:30,99.62962962962963,100.0
3409511,"Shivaji Nagar, Mumbai - BMC",ME,2026-03-21 00:00:00+05:30,2026-05-19 00:00:00+05:30,2026-05-20 00:00:00+05:30,2026-05-26 00:00:00+05:30,99.62962962962963,100.0
3409511,"Shivaji Nagar, Mumbai - BMC",ME,2026-03-22 00:00:00+05:30,2026-05-20 00:00:00+05:30,2026-05-21 00:00:00+05:30,2026-05-27 00:00:00+05:30,99.62962962962963,100.0
3409511,"Shivaji Nagar, Mumbai - BMC",ME,2026-03-23 00:00:00+05:30,2026-05-21 00:00:00+05:30,2026-05-22 00:00:00+05:30,2026-05-28 00:00:00+05:30,99.62962962962963,100.0
3409511,"Shivaji Nagar, Mumbai - BMC",ME,2026-03-24 00:00:00+05:30,2026-05-22 00:00:00+05:30,2026-05-23 00:00:00+05:30,2026-05-29 00:00:00+05:30,99.62962962962963,100.0
3409511,"Shivaji Nagar, Mumbai - BMC",ME,2026-03-25 00:00:00+05:30,2026-05-23 00:00:00+05:30,2026-05-24 00:00:00+05:30,2026-05-30 00:00:00+05:30,99.62962962962963,100.0
3409511,"Shivaji Nagar, Mumbai - BMC",ME,2026-03-26 00:00:00+05:30,2026-05-24 00:00:00+05:30,2026-05-25 00:00:00+05:30,2026-05-31 00:00:00+05:30,99.62962962962963,100.0
3409511,"Shivaji Nagar, Mumbai - BMC",ME,2026-03-27 00:00:00+05:30,2026-05-25 00:00:00+05:30,2026-05-26 00:00:00+05:30,2026-06-01 00:00:00+05:30,99.62962962962963,100.0
3409511,"Shivaji Nagar, Mumbai - BMC",ME,2026-03-28 00:00:00+05:30,2026-05-26 00:00:00+05:30,2026-05-27 00:00:00+05:30,2026-06-02 00:00:00+05:30,99.62962962962963,100.0
3409511,"Shivaji Nagar, Mumbai - BMC",ME,2026-03-29 00:00:00+05:30,2026-05-27 00:00:00+05:30,2026-05-28 00:00:00+05:30,2026-06-03 00:00:00+05:30,99.62962962962963,100.0
3409511,"Shivaji Nagar, Mumbai - BMC",ME,2026-03-30 00:00:00+05:30,2026-05-28 00:00:00+05:30,2026-05-29 00:00:00+05:30,2026-06-04 00:00:00+05:30,99.62962962962963,100.0
3409511,"Shivaji Nagar, Mumbai - BMC",ME,2026-03-31 00:00:00+05:30,2026-05-29 00:00:00+05:30,2026-05-30 00:00:00+05:30,2026-06-05 00:00:00+05:30,99.62962962962963,100.0
3409511,"Shivaji Nagar, Mumbai - BMC",ME,2026-04-01 00:00:00+05:30,2026-05-30 00:00:00+05:30,2026-05-31 00:00:00+05:30,2026-06-06 00:00:00+05:30,99.62962962962963,100.0
3409511,"Shivaji Nagar, Mumbai - BMC",ME,2026-04-02 00:00:00+05:30,2026-05-31 00:00:00+05:30,2026-06-01 00:00:00+05:30,2026-06-07 00:00:00+05:30,99.62962962962963,100.0
3409511,"Shivaji Nagar, Mumbai - BMC",ME,2026-04-16 00:00:00+05:30,2026-06-14 00:00:00+05:30,2026-06-15 00:00:00+05:30,2026-06-21 00:00:00+05:30,96.48148148148148,100.0
3409511,"Shivaji Nagar, Mumbai - BMC",ME,2026-04-17 00:00:00+05:30,2026-06-15 00:00:00+05:30,2026-06-16 00:00:00+05:30,2026-06-22 00:00:00+05:30,96.48148148148148,100.0
3409511,"Shivaji Nagar, Mumbai - BMC",ME,2026-04-18 00:00:00+05:30,2026-06-16 00:00:00+05:30,2026-06-17 00:00:00+05:30,2026-06-23 00:00:00+05:30,96.48148148148148,100.0
3409511,"Shivaji Nagar, Mumbai - BMC",ME,2026-04-30 00:00:00+05:30,2026-06-28 00:00:00+05:30,2026-06-29 00:00:00+05:30,2026-07-05 00:00:00+05:30,91.48148148148148,100.0
3409511,"Shivaji Nagar, Mumbai - BMC",ME,2026-05-01 00:00:00+05:30,2026-06-29 00:00:00+05:30,2026-06-30 00:00:00+05:30,2026-07-06 00:00:00+05:30,91.48148148148148,100.0
3409511,"Shivaji Nagar, Mumbai - BMC",ME,2026-05-02 00:00:00+05:30,2026-06-30 00:00:00+05:30,2026-07-01 00:00:00+05:30,2026-07-07 00:00:00+05:30,91.48148148148148,100.0
3409511,"Shivaji Nagar, Mumbai - BMC",ME,2026-05-03 00:00:00+05:30,2026-07-01 00:00:00+05:30,2026-07-02 00:00:00+05:30,2026-07-08 00:00:00+05:30,91.48148148148148,100.0
3409511,"Shivaji Nagar, Mumbai - BMC",ME,2026-05-04 00:00:00+05:30,2026-07-02 00:00:00+05:30,2026-07-03 00:00:00+05:30,2026-07-09 00:00:00+05:30,91.48148148148148,100.0
3409511,"Shivaji Nagar, Mumbai - BMC",ME,2026-05-05 00:00:00+05:30,2026-07-03 00:00:00+05:30,2026-07-04 00:00:00+05:30,2026-07-10 00:00:00+05:30,91.48148148148148,100.0
3409511,"Shivaji Nagar, Mumbai - BMC",ME,2026-05-06 00:00:00+05:30,2026-07-04 00:00:00+05:30,2026-07-05 00:00:00+05:30,2026-07-11 00:00:00+05:30,91.48148148148148,100.0
3409511,"Shivaji Nagar, Mumbai - BMC",ME,2026-05-07 00:00:00+05:30,2026-07-05 00:00:00+05:30,2026-07-06 00:00:00+05:30,2026-07-12 00:00:00+05:30,91.48148148148148,100.0
3409511,"Shivaji Nagar, Mumbai - BMC",ME,2026-05-08 00:00:00+05:30,2026-07-06 00:00:00+05:30,2026-07-07 00:00:00+05:30,2026-07-13 00:00:00+05:30,91.48148148148148,100.0
3409511,"Shivaji Nagar, Mumbai - BMC",ME,2026-05-09 00:00:00+05:30,2026-07-07 00:00:00+05:30,2026-07-08 00:00:00+05:30,2026-07-14 00:00:00+05:30,91.48148148148148,100.0
3409511,"Shivaji Nagar, Mumbai - BMC",ME,2026-05-10 00:00:00+05:30,2026-07-08 00:00:00+05:30,2026-07-09 00:00:00+05:30,2026-07-15 00:00:00+05:30,91.48148148148148,100.0
3409511,"Shivaji Nagar, Mumbai - BMC",ME,2026-05-11 00:00:00+05:30,2026-07-09 00:00:00+05:30,2026-07-10 00:00:00+05:30,2026-07-16 00:00:00+05:30,91.48148148148148,100.0
3409511,"Shivaji Nagar, Mumbai - BMC",ME,2026-05-12 00:00:00+05:30,2026-07-10 00:00:00+05:30,2026-07-11 00:00:00+05:30,2026-07-17 00:00:00+05:30,91.48148148148148,100.0
3409511,"Shivaji Nagar, Mumbai - BMC",ME,2026-05-13 00:00:00+05:30,2026-07-11 00:00:00+05:30,2026-07-12 00:00:00+05:30,2026-07-18 00:00:00+05:30,91.48148148148148,100.0
3409511,"Shivaji Nagar, Mumbai - BMC",ME,2026-05-14 00:00:00+05:30,2026-07-12 00:00:00+05:30,2026-07-13 00:00:00+05:30,2026-07-19 00:00:00+05:30,91.48148148148148,100.0
3409511,"Shivaji Nagar, Mumbai - BMC",ME,2026-05-15 00:00:00+05:30,2026-07-13 00:00:00+05:30,2026-07-14 00:00:00+05:30,2026-07-20 00:00:00+05:30,91.48148148148148,100.0
3409511,"Shivaji Nagar, Mumbai - BMC",ME,2026-05-16 00:00:00+05:30,2026-07-14 00:00:00+05:30,2026-07-15 00:00:00+05:30,2026-07-21 00:00:00+05:30,91.48148148148148,100.0
3409511,"Shivaji Nagar, Mumbai - BMC",ME,2026-05-17 00:00:00+05:30,2026-07-15 00:00:00+05:30,2026-07-16 00:00:00+05:30,2026-07-22 00:00:00+05:30,91.48148148148148,100.0
3409511,"Shivaji Nagar, Mumbai - BMC",ME,2026-05-18 00:00:00+05:30,2026-07-16 00:00:00+05:30,2026-07-17 00:00:00+05:30,2026-07-23 00:00:00+05:30,91.48148148148148,100.0
3409511,"Shivaji Nagar, Mumbai - BMC",ME,2026-05-19 00:00:00+05:30,2026-07-17 00:00:00+05:30,2026-07-18 00:00:00+05:30,2026-07-24 00:00:00+05:30,91.48148148148148,100.0
3409511,"Shivaji Nagar, Mumbai - BMC",ME,2026-05-20 00:00:00+05:30,2026-07-18 00:00:00+05:30,2026-07-19 00:00:00+05:30,2026-07-25 00:00:00+05:30,91.48148148148148,100.0
3409511,"Shivaji Nagar, Mumbai - BMC",ME,2026-05-21 00:00:00+05:30,2026-07-19 00:00:00+05:30,2026-07-20 00:00:00+05:30,2026-07-26 00:00:00+05:30,91.48148148148148,100.0
3409511,"Shivaji Nagar, Mumbai - BMC",ME,2026-05-22 00:00:00+05:30,2026-07-20 00:00:00+05:30,2026-07-21 00:00:00+05:30,2026-07-27 00:00:00+05:30,91.48148148148148,100.0
3409511,"Shivaji Nagar, Mumbai - BMC",ME,2026-05-23 00:00:00+05:30,2026-07-21 00:00:00+05:30,2026-07-22 00:00:00+05:30,2026-07-28 00:00:00+05:30,91.48148148148148,100.0
3409511,"Shivaji Nagar, Mumbai - BMC",ME,2026-05-24 00:00:00+05:30,2026-07-22 00:00:00+05:30,2026-07-23 00:00:00+05:30,2026-07-29 00:00:00+05:30,91.48148148148148,100.0
3409511,"Shivaji Nagar, Mumbai - BMC",ME,2026-05-25 00:00:00+05:30,2026-07-23 00:00:00+05:30,2026-07-24 00:00:00+05:30,2026-07-30 00:00:00+05:30,91.48148148148148,100.0
3409511,"Shivaji Nagar, Mumbai - BMC",ME,2026-05-26 00:00:00+05:30,2026-07-24 00:00:00+05:30,2026-07-25 00:00:00+05:30,2026-07-31 00:00:00+05:30,91.48148148148148,100.0
3409511,"Shivaji Nagar, Mumbai - BMC",ME,2026-05-27 00:00:00+05:30,2026-07-25 00:00:00+05:30,2026-07-26 00:00:00+05:30,2026-08-01 00:00:00+05:30,91.48148148148148,100.0
3409511,"Shivaji Nagar, Mumbai - BMC",ME,2026-05-28 00:00:00+05:30,2026-07-26 00:00:00+05:30,2026-07-27 00:00:00+05:30,2026-08-02 00:00:00+05:30,91.48148148148148,100.0
3409511,"Shivaji Nagar, Mumbai - BMC",ME,2026-05-29 00:00:00+05:30,2026-07-27 00:00:00+05:30,2026-07-28 00:00:00+05:30,2026-08-03 00:00:00+05:30,91.48148148148148,100.0
3409511,"Shivaji Nagar, Mumbai - BMC",ME,2026-05-30 00:00:00+05:30,2026-07-28 00:00:00+05:30,2026-07-29 00:00:00+05:30,2026-08-04 00:00:00+05:30,91.48148148148148,100.0
3409511,"Shivaji Nagar, Mumbai - BMC",ME,2026-05-31 00:00:00+05:30,2026-07-29 00:00:00+05:30,2026-07-30 00:00:00+05:30,2026-08-05 00:00:00+05:30,91.48148148148148,100.0
3409511,"Shivaji Nagar, Mumbai - BMC",ME,2026-06-01 00:00:00+05:30,2026-07-30 00:00:00+05:30,2026-07-31 00:00:00+05:30,2026-08-06 00:00:00+05:30,91.48148148148148,100.0
3409511,"Shivaji Nagar, Mumbai - BMC",ME,2026-06-02 00:00:00+05:30,2026-07-31 00:00:00+05:30,2026-08-01 00:00:00+05:30,2026-08-07 00:00:00+05:30,91.48148148148148,100.0
3409511,"Shivaji Nagar, Mumbai - BMC",ME,2026-06-03 00:00:00+05:30,2026-08-01 00:00:00+05:30,2026-08-02 00:00:00+05:30,2026-08-08 00:00:00+05:30,91.48148148148148,100.0
3409511,"Shivaji Nagar, Mumbai - BMC",ME,2026-06-04 00:00:00+05:30,2026-08-02 00:00:00+05:30,2026-08-03 00:00:00+05:30,2026-08-09 00:00:00+05:30,91.66666666666666,100.0
3409511,"Shivaji Nagar, Mumbai - BMC",ME,2026-06-05 00:00:00+05:30,2026-08-03 00:00:00+05:30,2026-08-04 00:00:00+05:30,2026-08-10 00:00:00+05:30,91.66666666666666,100.0
3409511,"Shivaji Nagar, Mumbai - BMC",ME,2026-06-06 00:00:00+05:30,2026-08-04 00:00:00+05:30,2026-08-05 00:00:00+05:30,2026-08-11 00:00:00+05:30,91.66666666666666,100.0
3409511,"Shivaji Nagar, Mumbai - BMC",ME,2026-06-07 00:00:00+05:30,2026-08-05 00:00:00+05:30,2026-08-06 00:00:00+05:30,2026-08-12 00:00:00+05:30,91.66666666666666,100.0
3409511,"Shivaji Nagar, Mumbai - BMC",ME,2026-06-08 00:00:00+05:30,2026-08-06 00:00:00+05:30,2026-08-07 00:00:00+05:30,2026-08-13 00:00:00+05:30,91.66666666666666,100.0
3409511,"Shivaji Nagar, Mumbai - BMC",ME,2026-06-09 00:00:00+05:30,2026-08-07 00:00:00+05:30,2026-08-08 00:00:00+05:30,2026-08-14 00:00:00+05:30,93.33333333333333,100.0
3409511,"Shivaji Nagar, Mumbai - BMC",ME,2026-06-10 00:00:00+05:30,2026-08-08 00:00:00+05:30,2026-08-09 00:00:00+05:30,2026-08-15 00:00:00+05:30,93.33333333333333,100.0
3409511,"Shivaji Nagar, Mumbai - BMC",ME,2026-06-11 00:00:00+05:30,2026-08-09 00:00:00+05:30,2026-08-10 00:00:00+05:30,2026-08-16 00:00:00+05:30,92.59259259259261,100.0
3409511,"Shivaji Nagar, Mumbai - BMC",ME,2026-06-12 00:00:00+05:30,2026-08-10 00:00:00+05:30,2026-08-11 00:00:00+05:30,2026-08-17 00:00:00+05:30,92.4074074074074,100.0
3409511,"Shivaji Nagar, Mumbai - BMC",ME,2026-06-13 00:00:00+05:30,2026-08-11 00:00:00+05:30,2026-08-12 00:00:00+05:30,2026-08-18 00:00:00+05:30,92.22222222222223,100.0
3409511,"Shivaji Nagar, Mumbai - BMC",ME,2026-06-14 00:00:00+05:30,2026-08-12 00:00:00+05:30,2026-08-13 00:00:00+05:30,2026-08-19 00:00:00+05:30,92.22222222222223,100.0
3409511,"Shivaji Nagar, Mumbai - BMC",ME,2026-06-15 00:00:00+05:30,2026-08-13 00:00:00+05:30,2026-08-14 00:00:00+05:30,2026-08-20 00:00:00+05:30,93.88888888888887,100.0
3409511,"Shivaji Nagar, Mumbai - BMC",ME,2026-06-16 00:00:00+05:30,2026-08-14 00:00:00+05:30,2026-08-15 00:00:00+05:30,2026-08-21 00:00:00+05:30,93.88888888888887,100.0
3409511,"Shivaji Nagar, Mumbai - BMC",ME,2026-06-17 00:00:00+05:30,2026-08-15 00:00:00+05:30,2026-08-16 00:00:00+05:30,2026-08-22 00:00:00+05:30,93.88888888888887,100.0
3409511,"Shivaji Nagar, Mumbai - BMC",ME,2026-06-18 00:00:00+05:30,2026-08-16 00:00:00+05:30,2026-08-17 00:00:00+05:30,2026-08-23 00:00:00+05:30,93.88888888888887,100.0
3409511,"Shivaji Nagar, Mumbai - BMC",ME,2026-06-19 00:00:00+05:30,2026-08-17 00:00:00+05:30,2026-08-18 00:00:00+05:30,2026-08-24 00:00:00+05:30,93.88888888888887,100.0
3409511,"Shivaji Nagar, Mumbai - BMC",ME,2026-06-20 00:00:00+05:30,2026-08-18 00:00:00+05:30,2026-08-19 00:00:00+05:30,2026-08-25 00:00:00+05:30,93.88888888888887,100.0
3409511,"Shivaji Nagar, Mumbai - BMC",ME,2026-06-21 00:00:00+05:30,2026-08-19 00:00:00+05:30,2026-08-20 00:00:00+05:30,2026-08-26 00:00:00+05:30,93.88888888888887,100.0
3409511,"Shivaji Nagar, Mumbai - BMC",ME,2026-06-22 00:00:00+05:30,2026-08-20 00:00:00+05:30,2026-08-21 00:00:00+05:30,2026-08-27 00:00:00+05:30,93.88888888888887,100.0
3409511,"Shivaji Nagar, Mumbai - BMC",ME,2026-06-23 00:00:00+05:30,2026-08-21 00:00:00+05:30,2026-08-22 00:00:00+05:30,2026-08-28 00:00:00+05:30,93.88888888888887,100.0
3409511,"Shivaji Nagar, Mumbai - BMC",ME,2026-06-24 00:00:00+05:30,2026-08-22 00:00:00+05:30,2026-08-23 00:00:00+05:30,2026-08-29 00:00:00+05:30,93.88888888888887,100.0
3409511,"Shivaji Nagar, Mumbai - BMC",ME,2026-06-25 00:00:00+05:30,2026-08-23 00:00:00+05:30,2026-08-24 00:00:00+05:30,2026-08-30 00:00:00+05:30,95.55555555555554,100.0
3409511,"Shivaji Nagar, Mumbai - BMC",ME,2026-06-26 00:00:00+05:30,2026-08-24 00:00:00+05:30,2026-08-25 00:00:00+05:30,2026-08-31 00:00:00+05:30,95.55555555555554,100.0
3409511,"Shivaji Nagar, Mumbai - BMC",ME,2026-06-27 00:00:00+05:30,2026-08-25 00:00:00+05:30,2026-08-26 00:00:00+05:30,2026-09-01 00:00:00+05:30,95.55555555555554,100.0
3409511,"Shivaji Nagar, Mumbai - BMC",ME,2026-06-28 00:00:00+05:30,2026-08-26 00:00:00+05:30,2026-08-27 00:00:00+05:30,2026-09-02 00:00:00+05:30,97.22222222222221,100.0
3409511,"Shivaji Nagar, Mumbai - BMC",ME,2026-06-29 00:00:00+05:30,2026-08-27 00:00:00+05:30,2026-08-28 00:00:00+05:30,2026-09-03 00:00:00+05:30,98.88888888888889,100.0
3409511,"Shivaji Nagar, Mumbai - BMC",ME,2026-06-30 00:00:00+05:30,2026-08-28 00:00:00+05:30,2026-08-29 00:00:00+05:30,2026-09-04 00:00:00+05:30,98.88888888888889,100.0
3409511,"Shivaji Nagar, Mumbai - BMC",ME,2026-07-01 00:00:00+05:30,2026-08-29 00:00:00+05:30,2026-08-30 00:00:00+05:30,2026-09-05 00:00:00+05:30,98.88888888888889,100.0
3409511,"Shivaji Nagar, Mumbai - BMC",ME,2026-07-02 00:00:00+05:30,2026-08-30 00:00:00+05:30,2026-08-31 00:00:00+05:30,2026-09-06 00:00:00+05:30,98.88888888888889,100.0
3409511,"Shivaji Nagar, Mumbai - BMC",ME,2026-07-03 00:00:00+05:30,2026-08-31 00:00:00+05:30,2026-09-01 00:00:00+05:30,2026-09-07 00:00:00+05:30,98.88888888888889,100.0
3409511,"Shivaji Nagar, Mumbai - BMC",ME,2026-07-04 00:00:00+05:30,2026-09-01 00:00:00+05:30,2026-09-02 00:00:00+05:30,2026-09-08 00:00:00+05:30,98.88888888888889,100.0
3409511,"Shivaji Nagar, Mumbai - BMC",ME,2026-07-05 00:00:00+05:30,2026-09-02 00:00:00+05:30,2026-09-03 00:00:00+05:30,2026-09-09 00:00:00+05:30,98.88888888888889,100.0
3409511,"Shivaji Nagar, Mumbai - BMC",ME,2026-07-06 00:00:00+05:30,2026-09-03 00:00:00+05:30,2026-09-04 00:00:00+05:30,2026-09-10 00:00:00+05:30,98.88888888888889,100.0
3409511,"Shivaji Nagar, Mumbai - BMC",ME,2026-07-07 00:00:00+05:30,2026-09-04 00:00:00+05:30,2026-09-05 00:00:00+05:30,2026-09-11 00:00:00+05:30,98.88888888888889,100.0
3409511,"Shivaji Nagar, Mumbai - BMC",ME,2026-07-08 00:00:00+05:30,2026-09-05 00:00:00+05:30,2026-09-06 00:00:00+05:30,2026-09-12 00:00:00+05:30,98.88888888888889,100.0
3409511,"Shivaji Nagar, Mumbai - BMC",ME,2026-07-09 00:00:00+05:30,2026-09-06 00:00:00+05:30,2026-09-07 00:00:00+05:30,2026-09-13 00:00:00+05:30,98.88888888888889,100.0
3409511,"Shivaji Nagar, Mumbai - BMC",ME,2026-07-10 00:00:00+05:30,2026-09-07 00:00:00+05:30,2026-09-08 00:00:00+05:30,2026-09-14 00:00:00+05:30,98.88888888888889,100.0
3409511,"Shivaji Nagar, Mumbai - BMC",ME,2026-07-11 00:00:00+05:30,2026-09-08 00:00:00+05:30,2026-09-09 00:00:00+05:30,2026-09-15 00:00:00+05:30,98.88888888888889,100.0
3409511,"Shivaji Nagar, Mumbai - BMC",ME,2026-07-12 00:00:00+05:30,2026-09-09 00:00:00+05:30,2026-09-10 00:00:00+05:30,2026-09-16 00:00:00+05:30,98.88888888888889,100.0
3409511,"Shivaji Nagar, Mumbai - BMC",ME,2026-07-13 00:00:00+05:30,2026-09-10 00:00:00+05:30,2026-09-11 00:00:00+05:30,2026-09-17 00:00:00+05:30,98.88888888888889,100.0
3409512,"Kandivali West, Mumbai - BMC",RC,2025-10-12 00:00:00+05:30,2025-12-10 00:00:00+05:30,2025-12-11 00:00:00+05:30,2025-12-17 00:00:00+05:30,83.14814814814814,100.0
3409512,"Kandivali West, Mumbai - BMC",RC,2025-10-13 00:00:00+05:30,2025-12-11 00:00:00+05:30,2025-12-12 00:00:00+05:30,2025-12-18 00:00:00+05:30,82.77777777777777,100.0
3409512,"Kandivali West, Mumbai - BMC",RC,2025-10-14 00:00:00+05:30,2025-12-12 00:00:00+05:30,2025-12-13 00:00:00+05:30,2025-12-19 00:00:00+05:30,82.59259259259258,100.0
3409512,"Kandivali West, Mumbai - BMC",RC,2025-10-15 00:00:00+05:30,2025-12-13 00:00:00+05:30,2025-12-14 00:00:00+05:30,2025-12-20 00:00:00+05:30,82.59259259259258,100.0
3409512,"Kandivali West, Mumbai - BMC",RC,2025-10-16 00:00:00+05:30,2025-12-14 00:00:00+05:30,2025-12-15 00:00:00+05:30,2025-12-21 00:00:00+05:30,82.40740740740739,100.0
3409512,"Kandivali West, Mumbai - BMC",RC,2025-10-17 00:00:00+05:30,2025-12-15 00:00:00+05:30,2025-12-16 00:00:00+05:30,2025-12-22 00:00:00+05:30,82.22222222222221,100.0
3409512,"Kandivali West, Mumbai - BMC",RC,2025-10-18 00:00:00+05:30,2025-12-16 00:00:00+05:30,2025-12-17 00:00:00+05:30,2025-12-23 00:00:00+05:30,82.03703703703702,100.0
3409512,"Kandivali West, Mumbai - BMC",RC,2025-10-19 00:00:00+05:30,2025-12-17 00:00:00+05:30,2025-12-18 00:00:00+05:30,2025-12-24 00:00:00+05:30,82.03703703703702,100.0
3409512,"Kandivali West, Mumbai - BMC",RC,2025-10-20 00:00:00+05:30,2025-12-18 00:00:00+05:30,2025-12-19 00:00:00+05:30,2025-12-25 00:00:00+05:30,82.03703703703702,100.0
3409512,"Kandivali West, Mumbai - BMC",RC,2025-10-21 00:00:00+05:30,2025-12-19 00:00:00+05:30,2025-12-20 00:00:00+05:30,2025-12-26 00:00:00+05:30,82.03703703703702,100.0
3409512,"Kandivali West, Mumbai - BMC",RC,2025-10-22 00:00:00+05:30,2025-12-20 00:00:00+05:30,2025-12-21 00:00:00+05:30,2025-12-27 00:00:00+05:30,82.03703703703702,100.0
3409512,"Kandivali West, Mumbai - BMC",RC,2025-10-23 00:00:00+05:30,2025-12-21 00:00:00+05:30,2025-12-22 00:00:00+05:30,2025-12-28 00:00:00+05:30,81.85185185185185,100.0
3409512,"Kandivali West, Mumbai - BMC",RC,2025-10-24 00:00:00+05:30,2025-12-22 00:00:00+05:30,2025-12-23 00:00:00+05:30,2025-12-29 00:00:00+05:30,81.85185185185185,100.0
3409512,"Kandivali West, Mumbai - BMC",RC,2025-10-25 00:00:00+05:30,2025-12-23 00:00:00+05:30,2025-12-24 00:00:00+05:30,2025-12-30 00:00:00+05:30,81.85185185185185,100.0
3409512,"Kandivali West, Mumbai - BMC",RC,2025-10-26 00:00:00+05:30,2025-12-24 00:00:00+05:30,2025-12-25 00:00:00+05:30,2025-12-31 00:00:00+05:30,81.66666666666667,100.0
3409512,"Kandivali West, Mumbai - BMC",RC,2025-10-27 00:00:00+05:30,2025-12-25 00:00:00+05:30,2025-12-26 00:00:00+05:30,2026-01-01 00:00:00+05:30,81.66666666666667,100.0
3409512,"Kandivali West, Mumbai - BMC",RC,2025-10-28 00:00:00+05:30,2025-12-26 00:00:00+05:30,2025-12-27 00:00:00+05:30,2026-01-02 00:00:00+05:30,81.66666666666667,100.0
3409512,"Kandivali West, Mumbai - BMC",RC,2025-10-29 00:00:00+05:30,2025-12-27 00:00:00+05:30,2025-12-28 00:00:00+05:30,2026-01-03 00:00:00+05:30,81.48148148148148,100.0
3409512,"Kandivali West, Mumbai - BMC",RC,2025-10-30 00:00:00+05:30,2025-12-28 00:00:00+05:30,2025-12-29 00:00:00+05:30,2026-01-04 00:00:00+05:30,81.48148148148148,100.0
3409512,"Kandivali West, Mumbai - BMC",RC,2025-10-31 00:00:00+05:30,2025-12-29 00:00:00+05:30,2025-12-30 00:00:00+05:30,2026-01-05 00:00:00+05:30,81.48148148148148,100.0
3409512,"Kandivali West, Mumbai - BMC",RC,2025-11-01 00:00:00+05:30,2025-12-30 00:00:00+05:30,2025-12-31 00:00:00+05:30,2026-01-06 00:00:00+05:30,81.29629629629629,100.0
3409512,"Kandivali West, Mumbai - BMC",RC,2025-11-02 00:00:00+05:30,2025-12-31 00:00:00+05:30,2026-01-01 00:00:00+05:30,2026-01-07 00:00:00+05:30,81.29629629629629,100.0
3409512,"Kandivali West, Mumbai - BMC",RC,2025-11-03 00:00:00+05:30,2026-01-01 00:00:00+05:30,2026-01-02 00:00:00+05:30,2026-01-08 00:00:00+05:30,81.29629629629629,100.0
3409512,"Kandivali West, Mumbai - BMC",RC,2025-11-04 00:00:00+05:30,2026-01-02 00:00:00+05:30,2026-01-03 00:00:00+05:30,2026-01-09 00:00:00+05:30,81.29629629629629,100.0
3409512,"Kandivali West, Mumbai - BMC",RC,2025-11-05 00:00:00+05:30,2026-01-03 00:00:00+05:30,2026-01-04 00:00:00+05:30,2026-01-10 00:00:00+05:30,81.29629629629629,100.0
3409512,"Kandivali West, Mumbai - BMC",RC,2025-12-11 00:00:00+05:30,2026-02-08 00:00:00+05:30,2026-02-09 00:00:00+05:30,2026-02-15 00:00:00+05:30,80.37037037037035,100.0
3409512,"Kandivali West, Mumbai - BMC",RC,2025-12-12 00:00:00+05:30,2026-02-09 00:00:00+05:30,2026-02-10 00:00:00+05:30,2026-02-16 00:00:00+05:30,80.74074074074073,100.0
3409512,"Kandivali West, Mumbai - BMC",RC,2025-12-13 00:00:00+05:30,2026-02-10 00:00:00+05:30,2026-02-11 00:00:00+05:30,2026-02-17 00:00:00+05:30,80.92592592592592,100.0
3409512,"Kandivali West, Mumbai - BMC",RC,2025-12-14 00:00:00+05:30,2026-02-11 00:00:00+05:30,2026-02-12 00:00:00+05:30,2026-02-18 00:00:00+05:30,80.92592592592592,100.0
3409512,"Kandivali West, Mumbai - BMC",RC,2025-12-15 00:00:00+05:30,2026-02-12 00:00:00+05:30,2026-02-13 00:00:00+05:30,2026-02-19 00:00:00+05:30,81.29629629629629,100.0
3409512,"Kandivali West, Mumbai - BMC",RC,2025-12-16 00:00:00+05:30,2026-02-13 00:00:00+05:30,2026-02-14 00:00:00+05:30,2026-02-20 00:00:00+05:30,81.29629629629629,100.0
3409512,"Kandivali West, Mumbai - BMC",RC,2025-12-17 00:00:00+05:30,2026-02-14 00:00:00+05:30,2026-02-15 00:00:00+05:30,2026-02-21 00:00:00+05:30,81.48148148148148,100.0
3409512,"Kandivali West, Mumbai - BMC",RC,2025-12-18 00:00:00+05:30,2026-02-15 00:00:00+05:30,2026-02-16 00:00:00+05:30,2026-02-22 00:00:00+05:30,81.48148148148148,100.0
3409512,"Kandivali West, Mumbai - BMC",RC,2025-12-19 00:00:00+05:30,2026-02-16 00:00:00+05:30,2026-02-17 00:00:00+05:30,2026-02-23 00:00:00+05:30,81.48148148148148,100.0
3409512,"Kandivali West, Mumbai - BMC",RC,2025-12-20 00:00:00+05:30,2026-02-17 00:00:00+05:30,2026-02-18 00:00:00+05:30,2026-02-24 00:00:00+05:30,81.48148148148148,100.0
3409512,"Kandivali West, Mumbai - BMC",RC,2025-12-21 00:00:00+05:30,2026-02-18 00:00:00+05:30,2026-02-19 00:00:00+05:30,2026-02-25 00:00:00+05:30,81.48148148148148,100.0
3409512,"Kandivali West, Mumbai - BMC",RC,2025-12-22 00:00:00+05:30,2026-02-19 00:00:00+05:30,2026-02-20 00:00:00+05:30,2026-02-26 00:00:00+05:30,81.66666666666667,100.0
3409512,"Kandivali West, Mumbai - BMC",RC,2025-12-23 00:00:00+05:30,2026-02-20 00:00:00+05:30,2026-02-21 00:00:00+05:30,2026-02-27 00:00:00+05:30,81.29629629629629,100.0
3409512,"Kandivali West, Mumbai - BMC",RC,2025-12-24 00:00:00+05:30,2026-02-21 00:00:00+05:30,2026-02-22 00:00:00+05:30,2026-02-28 00:00:00+05:30,81.11111111111111,100.0
3409512,"Kandivali West, Mumbai - BMC",RC,2025-12-25 00:00:00+05:30,2026-02-22 00:00:00+05:30,2026-02-23 00:00:00+05:30,2026-03-01 00:00:00+05:30,81.11111111111113,100.0
3409512,"Kandivali West, Mumbai - BMC",RC,2025-12-26 00:00:00+05:30,2026-02-23 00:00:00+05:30,2026-02-24 00:00:00+05:30,2026-03-02 00:00:00+05:30,81.11111111111113,100.0
3409512,"Kandivali West, Mumbai - BMC",RC,2025-12-27 00:00:00+05:30,2026-02-24 00:00:00+05:30,2026-02-25 00:00:00+05:30,2026-03-03 00:00:00+05:30,81.11111111111113,100.0
3409512,"Kandivali West, Mumbai - BMC",RC,2025-12-28 00:00:00+05:30,2026-02-25 00:00:00+05:30,2026-02-26 00:00:00+05:30,2026-03-04 00:00:00+05:30,81.29629629629629,100.0
3409512,"Kandivali West, Mumbai - BMC",RC,2025-12-29 00:00:00+05:30,2026-02-26 00:00:00+05:30,2026-02-27 00:00:00+05:30,2026-03-05 00:00:00+05:30,81.11111111111113,100.0
3409512,"Kandivali West, Mumbai - BMC",RC,2025-12-30 00:00:00+05:30,2026-02-27 00:00:00+05:30,2026-02-28 00:00:00+05:30,2026-03-06 00:00:00+05:30,81.11111111111113,100.0
3409512,"Kandivali West, Mumbai - BMC",RC,2025-12-31 00:00:00+05:30,2026-02-28 00:00:00+05:30,2026-03-01 00:00:00+05:30,2026-03-07 00:00:00+05:30,81.29629629629629,100.0
3409512,"Kandivali West, Mumbai - BMC",RC,2026-01-01 00:00:00+05:30,2026-03-01 00:00:00+05:30,2026-03-02 00:00:00+05:30,2026-03-08 00:00:00+05:30,81.29629629629629,100.0
3409512,"Kandivali West, Mumbai - BMC",RC,2026-01-02 00:00:00+05:30,2026-03-02 00:00:00+05:30,2026-03-03 00:00:00+05:30,2026-03-09 00:00:00+05:30,81.29629629629629,100.0
3409512,"Kandivali West, Mumbai - BMC",RC,2026-01-03 00:00:00+05:30,2026-03-03 00:00:00+05:30,2026-03-04 00:00:00+05:30,2026-03-10 00:00:00+05:30,81.29629629629629,100.0
3409512,"Kandivali West, Mumbai - BMC",RC,2026-01-04 00:00:00+05:30,2026-03-04 00:00:00+05:30,2026-03-05 00:00:00+05:30,2026-03-11 00:00:00+05:30,81.29629629629629,100.0
3409512,"Kandivali West, Mumbai - BMC",RC,2026-01-05 00:00:00+05:30,2026-03-05 00:00:00+05:30,2026-03-06 00:00:00+05:30,2026-03-12 00:00:00+05:30,81.11111111111111,100.0
3409512,"Kandivali West, Mumbai - BMC",RC,2026-01-22 00:00:00+05:30,2026-03-22 00:00:00+05:30,2026-03-23 00:00:00+05:30,2026-03-29 00:00:00+05:30,92.4074074074074,100.0
3409512,"Kandivali West, Mumbai - BMC",RC,2026-01-23 00:00:00+05:30,2026-03-23 00:00:00+05:30,2026-03-24 00:00:00+05:30,2026-03-30 00:00:00+05:30,92.4074074074074,100.0
3409512,"Kandivali West, Mumbai - BMC",RC,2026-01-24 00:00:00+05:30,2026-03-24 00:00:00+05:30,2026-03-25 00:00:00+05:30,2026-03-31 00:00:00+05:30,92.4074074074074,100.0
3409512,"Kandivali West, Mumbai - BMC",RC,2026-01-25 00:00:00+05:30,2026-03-25 00:00:00+05:30,2026-03-26 00:00:00+05:30,2026-04-01 00:00:00+05:30,92.4074074074074,100.0
3409512,"Kandivali West, Mumbai - BMC",RC,2026-01-26 00:00:00+05:30,2026-03-26 00:00:00+05:30,2026-03-27 00:00:00+05:30,2026-04-02 00:00:00+05:30,92.4074074074074,100.0
3409512,"Kandivali West, Mumbai - BMC",RC,2026-01-27 00:00:00+05:30,2026-03-27 00:00:00+05:30,2026-03-28 00:00:00+05:30,2026-04-03 00:00:00+05:30,92.4074074074074,100.0
3409512,"Kandivali West, Mumbai - BMC",RC,2026-01-28 00:00:00+05:30,2026-03-28 00:00:00+05:30,2026-03-29 00:00:00+05:30,2026-04-04 00:00:00+05:30,92.4074074074074,100.0
3409512,"Kandivali West, Mumbai - BMC",RC,2026-01-29 00:00:00+05:30,2026-03-29 00:00:00+05:30,2026-03-30 00:00:00+05:30,2026-04-05 00:00:00+05:30,92.96296296296295,100.0
3409512,"Kandivali West, Mumbai - BMC",RC,2026-01-30 00:00:00+05:30,2026-03-30 00:00:00+05:30,2026-03-31 00:00:00+05:30,2026-04-06 00:00:00+05:30,92.96296296296295,100.0
3409512,"Kandivali West, Mumbai - BMC",RC,2026-01-31 00:00:00+05:30,2026-03-31 00:00:00+05:30,2026-04-01 00:00:00+05:30,2026-04-07 00:00:00+05:30,92.96296296296295,100.0
3409512,"Kandivali West, Mumbai - BMC",RC,2026-02-01 00:00:00+05:30,2026-04-01 00:00:00+05:30,2026-04-02 00:00:00+05:30,2026-04-08 00:00:00+05:30,92.96296296296295,100.0
3409512,"Kandivali West, Mumbai - BMC",RC,2026-02-02 00:00:00+05:30,2026-04-02 00:00:00+05:30,2026-04-03 00:00:00+05:30,2026-04-09 00:00:00+05:30,92.96296296296295,100.0
3409512,"Kandivali West, Mumbai - BMC",RC,2026-02-03 00:00:00+05:30,2026-04-03 00:00:00+05:30,2026-04-04 00:00:00+05:30,2026-04-10 00:00:00+05:30,92.96296296296295,100.0
3409512,"Kandivali West, Mumbai - BMC",RC,2026-02-04 00:00:00+05:30,2026-04-04 00:00:00+05:30,2026-04-05 00:00:00+05:30,2026-04-11 00:00:00+05:30,92.96296296296295,100.0
3409512,"Kandivali West, Mumbai - BMC",RC,2026-02-05 00:00:00+05:30,2026-04-05 00:00:00+05:30,2026-04-06 00:00:00+05:30,2026-04-12 00:00:00+05:30,92.96296296296295,100.0
3409512,"Kandivali West, Mumbai - BMC",RC,2026-02-06 00:00:00+05:30,2026-04-06 00:00:00+05:30,2026-04-07 00:00:00+05:30,2026-04-13 00:00:00+05:30,92.96296296296295,100.0
3409512,"Kandivali West, Mumbai - BMC",RC,2026-02-07 00:00:00+05:30,2026-04-07 00:00:00+05:30,2026-04-08 00:00:00+05:30,2026-04-14 00:00:00+05:30,92.96296296296295,100.0
3409512,"Kandivali West, Mumbai - BMC",RC,2026-02-08 00:00:00+05:30,2026-04-08 00:00:00+05:30,2026-04-09 00:00:00+05:30,2026-04-15 00:00:00+05:30,92.96296296296295,100.0
3409512,"Kandivali West, Mumbai - BMC",RC,2026-02-09 00:00:00+05:30,2026-04-09 00:00:00+05:30,2026-04-10 00:00:00+05:30,2026-04-16 00:00:00+05:30,94.62962962962962,100.0
3409512,"Kandivali West, Mumbai - BMC",RC,2026-02-10 00:00:00+05:30,2026-04-10 00:00:00+05:30,2026-04-11 00:00:00+05:30,2026-04-17 00:00:00+05:30,94.62962962962962,100.0
3409512,"Kandivali West, Mumbai - BMC",RC,2026-02-11 00:00:00+05:30,2026-04-11 00:00:00+05:30,2026-04-12 00:00:00+05:30,2026-04-18 00:00:00+05:30,94.62962962962962,100.0
3409512,"Kandivali West, Mumbai - BMC",RC,2026-02-19 00:00:00+05:30,2026-04-19 00:00:00+05:30,2026-04-20 00:00:00+05:30,2026-04-26 00:00:00+05:30,92.77777777777777,100.0
3409512,"Kandivali West, Mumbai - BMC",RC,2026-02-20 00:00:00+05:30,2026-04-20 00:00:00+05:30,2026-04-21 00:00:00+05:30,2026-04-27 00:00:00+05:30,92.77777777777777,100.0
3409512,"Kandivali West, Mumbai - BMC",RC,2026-02-21 00:00:00+05:30,2026-04-21 00:00:00+05:30,2026-04-22 00:00:00+05:30,2026-04-28 00:00:00+05:30,93.14814814814815,100.0
3409512,"Kandivali West, Mumbai - BMC",RC,2026-02-22 00:00:00+05:30,2026-04-22 00:00:00+05:30,2026-04-23 00:00:00+05:30,2026-04-29 00:00:00+05:30,93.33333333333331,100.0
3409512,"Kandivali West, Mumbai - BMC",RC,2026-02-23 00:00:00+05:30,2026-04-23 00:00:00+05:30,2026-04-24 00:00:00+05:30,2026-04-30 00:00:00+05:30,93.33333333333331,100.0
3409512,"Kandivali West, Mumbai - BMC",RC,2026-02-24 00:00:00+05:30,2026-04-24 00:00:00+05:30,2026-04-25 00:00:00+05:30,2026-05-01 00:00:00+05:30,93.33333333333331,100.0
3409512,"Kandivali West, Mumbai - BMC",RC,2026-02-25 00:00:00+05:30,2026-04-25 00:00:00+05:30,2026-04-26 00:00:00+05:30,2026-05-02 00:00:00+05:30,93.33333333333331,100.0
3409512,"Kandivali West, Mumbai - BMC",RC,2026-02-26 00:00:00+05:30,2026-04-26 00:00:00+05:30,2026-04-27 00:00:00+05:30,2026-05-03 00:00:00+05:30,93.33333333333331,100.0
3409512,"Kandivali West, Mumbai - BMC",RC,2026-02-27 00:00:00+05:30,2026-04-27 00:00:00+05:30,2026-04-28 00:00:00+05:30,2026-05-04 00:00:00+05:30,93.5185185185185,100.0
3409512,"Kandivali West, Mumbai - BMC",RC,2026-02-28 00:00:00+05:30,2026-04-28 00:00:00+05:30,2026-04-29 00:00:00+05:30,2026-05-05 00:00:00+05:30,93.5185185185185,100.0
3409512,"Kandivali West, Mumbai - BMC",RC,2026-03-01 00:00:00+05:30,2026-04-29 00:00:00+05:30,2026-04-30 00:00:00+05:30,2026-05-06 00:00:00+05:30,93.5185185185185,100.0
3409512,"Kandivali West, Mumbai - BMC",RC,2026-03-02 00:00:00+05:30,2026-04-30 00:00:00+05:30,2026-05-01 00:00:00+05:30,2026-05-07 00:00:00+05:30,93.5185185185185,100.0
3409512,"Kandivali West, Mumbai - BMC",RC,2026-03-03 00:00:00+05:30,2026-05-01 00:00:00+05:30,2026-05-02 00:00:00+05:30,2026-05-08 00:00:00+05:30,93.5185185185185,100.0
3409512,"Kandivali West, Mumbai - BMC",RC,2026-03-04 00:00:00+05:30,2026-05-02 00:00:00+05:30,2026-05-03 00:00:00+05:30,2026-05-09 00:00:00+05:30,93.5185185185185,100.0
3409512,"Kandivali West, Mumbai - BMC",RC,2026-03-05 00:00:00+05:30,2026-05-03 00:00:00+05:30,2026-05-04 00:00:00+05:30,2026-05-10 00:00:00+05:30,93.5185185185185,100.0
3409512,"Kandivali West, Mumbai - BMC",RC,2026-03-06 00:00:00+05:30,2026-05-04 00:00:00+05:30,2026-05-05 00:00:00+05:30,2026-05-11 00:00:00+05:30,93.70370370370371,100.0
3409512,"Kandivali West, Mumbai - BMC",RC,2026-03-07 00:00:00+05:30,2026-05-05 00:00:00+05:30,2026-05-06 00:00:00+05:30,2026-05-12 00:00:00+05:30,93.70370370370371,100.0
3409512,"Kandivali West, Mumbai - BMC",RC,2026-03-08 00:00:00+05:30,2026-05-06 00:00:00+05:30,2026-05-07 00:00:00+05:30,2026-05-13 00:00:00+05:30,93.5185185185185,100.0
3409512,"Kandivali West, Mumbai - BMC",RC,2026-03-09 00:00:00+05:30,2026-05-07 00:00:00+05:30,2026-05-08 00:00:00+05:30,2026-05-14 00:00:00+05:30,93.5185185185185,100.0
3409512,"Kandivali West, Mumbai - BMC",RC,2026-03-10 00:00:00+05:30,2026-05-08 00:00:00+05:30,2026-05-09 00:00:00+05:30,2026-05-15 00:00:00+05:30,93.5185185185185,100.0
3409512,"Kandivali West, Mumbai - BMC",RC,2026-03-11 00:00:00+05:30,2026-05-09 00:00:00+05:30,2026-05-10 00:00:00+05:30,2026-05-16 00:00:00+05:30,93.5185185185185,100.0
3409512,"Kandivali West, Mumbai - BMC",RC,2026-03-12 00:00:00+05:30,2026-05-10 00:00:00+05:30,2026-05-11 00:00:00+05:30,2026-05-17 00:00:00+05:30,93.5185185185185,100.0
3409512,"Kandivali West, Mumbai - BMC",RC,2026-03-13 00:00:00+05:30,2026-05-11 00:00:00+05:30,2026-05-12 00:00:00+05:30,2026-05-18 00:00:00+05:30,93.5185185185185,100.0
3409512,"Kandivali West, Mumbai - BMC",RC,2026-03-14 00:00:00+05:30,2026-05-12 00:00:00+05:30,2026-05-13 00:00:00+05:30,2026-05-19 00:00:00+05:30,95.18518518518519,100.0
3409512,"Kandivali West, Mumbai - BMC",RC,2026-03-15 00:00:00+05:30,2026-05-13 00:00:00+05:30,2026-05-14 00:00:00+05:30,2026-05-20 00:00:00+05:30,95.18518518518519,100.0
3409512,"Kandivali West, Mumbai - BMC",RC,2026-03-16 00:00:00+05:30,2026-05-14 00:00:00+05:30,2026-05-15 00:00:00+05:30,2026-05-21 00:00:00+05:30,95.18518518518519,100.0
3409512,"Kandivali West, Mumbai - BMC",RC,2026-03-17 00:00:00+05:30,2026-05-15 00:00:00+05:30,2026-05-16 00:00:00+05:30,2026-05-22 00:00:00+05:30,95.18518518518519,100.0
3409512,"Kandivali West, Mumbai - BMC",RC,2026-03-18 00:00:00+05:30,2026-05-16 00:00:00+05:30,2026-05-17 00:00:00+05:30,2026-05-23 00:00:00+05:30,95.55555555555554,100.0
3409512,"Kandivali West, Mumbai - BMC",RC,2026-03-19 00:00:00+05:30,2026-05-17 00:00:00+05:30,2026-05-18 00:00:00+05:30,2026-05-24 00:00:00+05:30,95.55555555555554,100.0
3409512,"Kandivali West, Mumbai - BMC",RC,2026-03-20 00:00:00+05:30,2026-05-18 00:00:00+05:30,2026-05-19 00:00:00+05:30,2026-05-25 00:00:00+05:30,95.74074074074075,100.0
3409512,"Kandivali West, Mumbai - BMC",RC,2026-03-21 00:00:00+05:30,2026-05-19 00:00:00+05:30,2026-05-20 00:00:00+05:30,2026-05-26 00:00:00+05:30,95.55555555555554,100.0
3409512,"Kandivali West, Mumbai - BMC",RC,2026-03-22 00:00:00+05:30,2026-05-20 00:00:00+05:30,2026-05-21 00:00:00+05:30,2026-05-27 00:00:00+05:30,95.55555555555554,100.0
3409512,"Kandivali West, Mumbai - BMC",RC,2026-03-23 00:00:00+05:30,2026-05-21 00:00:00+05:30,2026-05-22 00:00:00+05:30,2026-05-28 00:00:00+05:30,97.03703703703704,100.0
3409512,"Kandivali West, Mumbai - BMC",RC,2026-03-24 00:00:00+05:30,2026-05-22 00:00:00+05:30,2026-05-23 00:00:00+05:30,2026-05-29 00:00:00+05:30,97.03703703703704,100.0
3409512,"Kandivali West, Mumbai - BMC",RC,2026-03-25 00:00:00+05:30,2026-05-23 00:00:00+05:30,2026-05-24 00:00:00+05:30,2026-05-30 00:00:00+05:30,97.03703703703704,100.0
3409512,"Kandivali West, Mumbai - BMC",RC,2026-03-26 00:00:00+05:30,2026-05-24 00:00:00+05:30,2026-05-25 00:00:00+05:30,2026-05-31 00:00:00+05:30,96.85185185185183,100.0
3409512,"Kandivali West, Mumbai - BMC",RC,2026-03-27 00:00:00+05:30,2026-05-25 00:00:00+05:30,2026-05-26 00:00:00+05:30,2026-06-01 00:00:00+05:30,96.85185185185183,100.0
3409512,"Kandivali West, Mumbai - BMC",RC,2026-03-28 00:00:00+05:30,2026-05-26 00:00:00+05:30,2026-05-27 00:00:00+05:30,2026-06-02 00:00:00+05:30,96.66666666666666,100.0
3409512,"Kandivali West, Mumbai - BMC",RC,2026-03-29 00:00:00+05:30,2026-05-27 00:00:00+05:30,2026-05-28 00:00:00+05:30,2026-06-03 00:00:00+05:30,96.66666666666666,100.0
3409512,"Kandivali West, Mumbai - BMC",RC,2026-03-30 00:00:00+05:30,2026-05-28 00:00:00+05:30,2026-05-29 00:00:00+05:30,2026-06-04 00:00:00+05:30,96.85185185185183,100.0
3409512,"Kandivali West, Mumbai - BMC",RC,2026-03-31 00:00:00+05:30,2026-05-29 00:00:00+05:30,2026-05-30 00:00:00+05:30,2026-06-05 00:00:00+05:30,96.85185185185183,100.0
3409512,"Kandivali West, Mumbai - BMC",RC,2026-04-01 00:00:00+05:30,2026-05-30 00:00:00+05:30,2026-05-31 00:00:00+05:30,2026-06-06 00:00:00+05:30,96.85185185185183,100.0
3409512,"Kandivali West, Mumbai - BMC",RC,2026-04-02 00:00:00+05:30,2026-05-31 00:00:00+05:30,2026-06-01 00:00:00+05:30,2026-06-07 00:00:00+05:30,96.85185185185183,100.0
3409512,"Kandivali West, Mumbai - BMC",RC,2026-04-03 00:00:00+05:30,2026-06-01 00:00:00+05:30,2026-06-02 00:00:00+05:30,2026-06-08 00:00:00+05:30,96.85185185185183,100.0
3409512,"Kandivali West, Mumbai - BMC",RC,2026-04-04 00:00:00+05:30,2026-06-02 00:00:00+05:30,2026-06-03 00:00:00+05:30,2026-06-09 00:00:00+05:30,96.85185185185183,100.0
3409512,"Kandivali West, Mumbai - BMC",RC,2026-04-05 00:00:00+05:30,2026-06-03 00:00:00+05:30,2026-06-04 00:00:00+05:30,2026-06-10 00:00:00+05:30,96.66666666666666,100.0
3409512,"Kandivali West, Mumbai - BMC",RC,2026-04-06 00:00:00+05:30,2026-06-04 00:00:00+05:30,2026-06-05 00:00:00+05:30,2026-06-11 00:00:00+05:30,96.66666666666666,100.0
3409512,"Kandivali West, Mumbai - BMC",RC,2026-04-07 00:00:00+05:30,2026-06-05 00:00:00+05:30,2026-06-06 00:00:00+05:30,2026-06-12 00:00:00+05:30,96.66666666666666,100.0
3409512,"Kandivali West, Mumbai - BMC",RC,2026-04-08 00:00:00+05:30,2026-06-06 00:00:00+05:30,2026-06-07 00:00:00+05:30,2026-06-13 00:00:00+05:30,96.66666666666666,100.0
3409512,"Kandivali West, Mumbai - BMC",RC,2026-04-09 00:00:00+05:30,2026-06-07 00:00:00+05:30,2026-06-08 00:00:00+05:30,2026-06-14 00:00:00+05:30,96.66666666666666,100.0
3409512,"Kandivali West, Mumbai - BMC",RC,2026-04-10 00:00:00+05:30,2026-06-08 00:00:00+05:30,2026-06-09 00:00:00+05:30,2026-06-15 00:00:00+05:30,96.66666666666666,100.0
3409512,"Kandivali West, Mumbai - BMC",RC,2026-04-11 00:00:00+05:30,2026-06-09 00:00:00+05:30,2026-06-10 00:00:00+05:30,2026-06-16 00:00:00+05:30,96.66666666666666,100.0
3409512,"Kandivali West, Mumbai - BMC",RC,2026-04-12 00:00:00+05:30,2026-06-10 00:00:00+05:30,2026-06-11 00:00:00+05:30,2026-06-17 00:00:00+05:30,96.66666666666666,100.0
3409512,"Kandivali West, Mumbai - BMC",RC,2026-04-13 00:00:00+05:30,2026-06-11 00:00:00+05:30,2026-06-12 00:00:00+05:30,2026-06-18 00:00:00+05:30,96.66666666666666,100.0
3409512,"Kandivali West, Mumbai - BMC",RC,2026-04-14 00:00:00+05:30,2026-06-12 00:00:00+05:30,2026-06-13 00:00:00+05:30,2026-06-19 00:00:00+05:30,96.66666666666666,100.0
3409512,"Kandivali West, Mumbai - BMC",RC,2026-04-15 00:00:00+05:30,2026-06-13 00:00:00+05:30,2026-06-14 00:00:00+05:30,2026-06-20 00:00:00+05:30,96.66666666666666,100.0
3409512,"Kandivali West, Mumbai - BMC",RC,2026-04-26 00:00:00+05:30,2026-06-24 00:00:00+05:30,2026-06-25 00:00:00+05:30,2026-07-01 00:00:00+05:30,95.55555555555554,100.0
3409512,"Kandivali West, Mumbai - BMC",RC,2026-04-27 00:00:00+05:30,2026-06-25 00:00:00+05:30,2026-06-26 00:00:00+05:30,2026-07-02 00:00:00+05:30,95.55555555555554,100.0
3409512,"Kandivali West, Mumbai - BMC",RC,2026-04-28 00:00:00+05:30,2026-06-26 00:00:00+05:30,2026-06-27 00:00:00+05:30,2026-07-03 00:00:00+05:30,95.55555555555554,100.0
3409512,"Kandivali West, Mumbai - BMC",RC,2026-04-29 00:00:00+05:30,2026-06-27 00:00:00+05:30,2026-06-28 00:00:00+05:30,2026-07-04 00:00:00+05:30,95.55555555555554,100.0
3409512,"Kandivali West, Mumbai - BMC",RC,2026-04-30 00:00:00+05:30,2026-06-28 00:00:00+05:30,2026-06-29 00:00:00+05:30,2026-07-05 00:00:00+05:30,95.55555555555554,100.0
3409512,"Kandivali West, Mumbai - BMC",RC,2026-05-01 00:00:00+05:30,2026-06-29 00:00:00+05:30,2026-06-30 00:00:00+05:30,2026-07-06 00:00:00+05:30,95.55555555555554,100.0
3409512,"Kandivali West, Mumbai - BMC",RC,2026-05-02 00:00:00+05:30,2026-06-30 00:00:00+05:30,2026-07-01 00:00:00+05:30,2026-07-07 00:00:00+05:30,95.55555555555554,100.0
3409512,"Kandivali West, Mumbai - BMC",RC,2026-05-03 00:00:00+05:30,2026-07-01 00:00:00+05:30,2026-07-02 00:00:00+05:30,2026-07-08 00:00:00+05:30,95.55555555555554,100.0
3409512,"Kandivali West, Mumbai - BMC",RC,2026-05-04 00:00:00+05:30,2026-07-02 00:00:00+05:30,2026-07-03 00:00:00+05:30,2026-07-09 00:00:00+05:30,95.55555555555554,100.0
3409512,"Kandivali West, Mumbai - BMC",RC,2026-05-05 00:00:00+05:30,2026-07-03 00:00:00+05:30,2026-07-04 00:00:00+05:30,2026-07-10 00:00:00+05:30,95.55555555555554,100.0
3409512,"Kandivali West, Mumbai - BMC",RC,2026-05-06 00:00:00+05:30,2026-07-04 00:00:00+05:30,2026-07-05 00:00:00+05:30,2026-07-11 00:00:00+05:30,95.55555555555554,100.0
3409512,"Kandivali West, Mumbai - BMC",RC,2026-05-07 00:00:00+05:30,2026-07-05 00:00:00+05:30,2026-07-06 00:00:00+05:30,2026-07-12 00:00:00+05:30,95.74074074074075,100.0
3409512,"Kandivali West, Mumbai - BMC",RC,2026-05-08 00:00:00+05:30,2026-07-06 00:00:00+05:30,2026-07-07 00:00:00+05:30,2026-07-13 00:00:00+05:30,95.74074074074075,100.0
3409512,"Kandivali West, Mumbai - BMC",RC,2026-05-09 00:00:00+05:30,2026-07-07 00:00:00+05:30,2026-07-08 00:00:00+05:30,2026-07-14 00:00:00+05:30,95.74074074074075,100.0
3409512,"Kandivali West, Mumbai - BMC",RC,2026-05-10 00:00:00+05:30,2026-07-08 00:00:00+05:30,2026-07-09 00:00:00+05:30,2026-07-15 00:00:00+05:30,95.74074074074075,100.0
3409512,"Kandivali West, Mumbai - BMC",RC,2026-05-11 00:00:00+05:30,2026-07-09 00:00:00+05:30,2026-07-10 00:00:00+05:30,2026-07-16 00:00:00+05:30,95.74074074074075,100.0
3409512,"Kandivali West, Mumbai - BMC",RC,2026-05-12 00:00:00+05:30,2026-07-10 00:00:00+05:30,2026-07-11 00:00:00+05:30,2026-07-17 00:00:00+05:30,95.74074074074075,100.0
3409512,"Kandivali West, Mumbai - BMC",RC,2026-05-13 00:00:00+05:30,2026-07-11 00:00:00+05:30,2026-07-12 00:00:00+05:30,2026-07-18 00:00:00+05:30,95.74074074074075,100.0
3409512,"Kandivali West, Mumbai - BMC",RC,2026-05-14 00:00:00+05:30,2026-07-12 00:00:00+05:30,2026-07-13 00:00:00+05:30,2026-07-19 00:00:00+05:30,95.74074074074075,100.0
3409512,"Kandivali West, Mumbai - BMC",RC,2026-05-15 00:00:00+05:30,2026-07-13 00:00:00+05:30,2026-07-14 00:00:00+05:30,2026-07-20 00:00:00+05:30,95.74074074074075,100.0
3409512,"Kandivali West, Mumbai - BMC",RC,2026-05-16 00:00:00+05:30,2026-07-14 00:00:00+05:30,2026-07-15 00:00:00+05:30,2026-07-21 00:00:00+05:30,95.74074074074075,100.0
3409512,"Kandivali West, Mumbai - BMC",RC,2026-05-17 00:00:00+05:30,2026-07-15 00:00:00+05:30,2026-07-16 00:00:00+05:30,2026-07-22 00:00:00+05:30,95.74074074074075,100.0
3409512,"Kandivali West, Mumbai - BMC",RC,2026-05-18 00:00:00+05:30,2026-07-16 00:00:00+05:30,2026-07-17 00:00:00+05:30,2026-07-23 00:00:00+05:30,95.74074074074075,100.0
3409512,"Kandivali West, Mumbai - BMC",RC,2026-05-19 00:00:00+05:30,2026-07-17 00:00:00+05:30,2026-07-18 00:00:00+05:30,2026-07-24 00:00:00+05:30,95.74074074074075,100.0
3409512,"Kandivali West, Mumbai - BMC",RC,2026-05-20 00:00:00+05:30,2026-07-18 00:00:00+05:30,2026-07-19 00:00:00+05:30,2026-07-25 00:00:00+05:30,95.92592592592592,100.0
3409512,"Kandivali West, Mumbai - BMC",RC,2026-05-21 00:00:00+05:30,2026-07-19 00:00:00+05:30,2026-07-20 00:00:00+05:30,2026-07-26 00:00:00+05:30,95.92592592592592,100.0
3409512,"Kandivali West, Mumbai - BMC",RC,2026-05-22 00:00:00+05:30,2026-07-20 00:00:00+05:30,2026-07-21 00:00:00+05:30,2026-07-27 00:00:00+05:30,96.11111111111111,100.0
3409512,"Kandivali West, Mumbai - BMC",RC,2026-05-23 00:00:00+05:30,2026-07-21 00:00:00+05:30,2026-07-22 00:00:00+05:30,2026-07-28 00:00:00+05:30,96.11111111111111,100.0
3409512,"Kandivali West, Mumbai - BMC",RC,2026-05-24 00:00:00+05:30,2026-07-22 00:00:00+05:30,2026-07-23 00:00:00+05:30,2026-07-29 00:00:00+05:30,96.11111111111111,100.0
3409512,"Kandivali West, Mumbai - BMC",RC,2026-05-25 00:00:00+05:30,2026-07-23 00:00:00+05:30,2026-07-24 00:00:00+05:30,2026-07-30 00:00:00+05:30,96.29629629629629,100.0
3409512,"Kandivali West, Mumbai - BMC",RC,2026-05-26 00:00:00+05:30,2026-07-24 00:00:00+05:30,2026-07-25 00:00:00+05:30,2026-07-31 00:00:00+05:30,96.29629629629629,100.0
3409512,"Kandivali West, Mumbai - BMC",RC,2026-05-27 00:00:00+05:30,2026-07-25 00:00:00+05:30,2026-07-26 00:00:00+05:30,2026-08-01 00:00:00+05:30,96.48148148148148,100.0
3409512,"Kandivali West, Mumbai - BMC",RC,2026-05-28 00:00:00+05:30,2026-07-26 00:00:00+05:30,2026-07-27 00:00:00+05:30,2026-08-02 00:00:00+05:30,96.48148148148148,100.0
3409512,"Kandivali West, Mumbai - BMC",RC,2026-05-29 00:00:00+05:30,2026-07-27 00:00:00+05:30,2026-07-28 00:00:00+05:30,2026-08-03 00:00:00+05:30,96.48148148148148,100.0
3409512,"Kandivali West, Mumbai - BMC",RC,2026-05-30 00:00:00+05:30,2026-07-28 00:00:00+05:30,2026-07-29 00:00:00+05:30,2026-08-04 00:00:00+05:30,96.48148148148148,100.0
3409512,"Kandivali West, Mumbai - BMC",RC,2026-05-31 00:00:00+05:30,2026-07-29 00:00:00+05:30,2026-07-30 00:00:00+05:30,2026-08-05 00:00:00+05:30,96.48148148148148,100.0
3409512,"Kandivali West, Mumbai - BMC",RC,2026-06-01 00:00:00+05:30,2026-07-30 00:00:00+05:30,2026-07-31 00:00:00+05:30,2026-08-06 00:00:00+05:30,96.48148148148148,100.0
3409512,"Kandivali West, Mumbai - BMC",RC,2026-06-02 00:00:00+05:30,2026-07-31 00:00:00+05:30,2026-08-01 00:00:00+05:30,2026-08-07 00:00:00+05:30,96.48148148148148,100.0
3409512,"Kandivali West, Mumbai - BMC",RC,2026-06-03 00:00:00+05:30,2026-08-01 00:00:00+05:30,2026-08-02 00:00:00+05:30,2026-08-08 00:00:00+05:30,96.48148148148148,100.0
3409512,"Kandivali West, Mumbai - BMC",RC,2026-06-04 00:00:00+05:30,2026-08-02 00:00:00+05:30,2026-08-03 00:00:00+05:30,2026-08-09 00:00:00+05:30,96.66666666666666,100.0
3409512,"Kandivali West, Mumbai - BMC",RC,2026-06-05 00:00:00+05:30,2026-08-03 00:00:00+05:30,2026-08-04 00:00:00+05:30,2026-08-10 00:00:00+05:30,96.66666666666666,100.0
3409512,"Kandivali West, Mumbai - BMC",RC,2026-06-06 00:00:00+05:30,2026-08-04 00:00:00+05:30,2026-08-05 00:00:00+05:30,2026-08-11 00:00:00+05:30,96.66666666666666,100.0
3409512,"Kandivali West, Mumbai - BMC",RC,2026-06-07 00:00:00+05:30,2026-08-05 00:00:00+05:30,2026-08-06 00:00:00+05:30,2026-08-12 00:00:00+05:30,96.66666666666666,100.0
3409512,"Kandivali West, Mumbai - BMC",RC,2026-06-08 00:00:00+05:30,2026-08-06 00:00:00+05:30,2026-08-07 00:00:00+05:30,2026-08-13 00:00:00+05:30,96.66666666666666,100.0
3409512,"Kandivali West, Mumbai - BMC",RC,2026-06-09 00:00:00+05:30,2026-08-07 00:00:00+05:30,2026-08-08 00:00:00+05:30,2026-08-14 00:00:00+05:30,96.66666666666666,100.0
3409512,"Kandivali West, Mumbai - BMC",RC,2026-06-10 00:00:00+05:30,2026-08-08 00:00:00+05:30,2026-08-09 00:00:00+05:30,2026-08-15 00:00:00+05:30,96.66666666666666,100.0
3409512,"Kandivali West, Mumbai - BMC",RC,2026-06-11 00:00:00+05:30,2026-08-09 00:00:00+05:30,2026-08-10 00:00:00+05:30,2026-08-16 00:00:00+05:30,96.66666666666666,100.0
3409512,"Kandivali West, Mumbai - BMC",RC,2026-06-12 00:00:00+05:30,2026-08-10 00:00:00+05:30,2026-08-11 00:00:00+05:30,2026-08-17 00:00:00+05:30,96.66666666666666,100.0
3409512,"Kandivali West, Mumbai - BMC",RC,2026-06-13 00:00:00+05:30,2026-08-11 00:00:00+05:30,2026-08-12 00:00:00+05:30,2026-08-18 00:00:00+05:30,96.66666666666666,100.0
3409512,"Kandivali West, Mumbai - BMC",RC,2026-06-14 00:00:00+05:30,2026-08-12 00:00:00+05:30,2026-08-13 00:00:00+05:30,2026-08-19 00:00:00+05:30,96.66666666666666,100.0
3409512,"Kandivali West, Mumbai - BMC",RC,2026-06-15 00:00:00+05:30,2026-08-13 00:00:00+05:30,2026-08-14 00:00:00+05:30,2026-08-20 00:00:00+05:30,96.66666666666666,100.0
3409512,"Kandivali West, Mumbai - BMC",RC,2026-06-16 00:00:00+05:30,2026-08-14 00:00:00+05:30,2026-08-15 00:00:00+05:30,2026-08-21 00:00:00+05:30,96.66666666666666,100.0
3409512,"Kandivali West, Mumbai - BMC",RC,2026-06-17 00:00:00+05:30,2026-08-15 00:00:00+05:30,2026-08-16 00:00:00+05:30,2026-08-22 00:00:00+05:30,96.66666666666666,100.0
3409512,"Kandivali West, Mumbai - BMC",RC,2026-06-18 00:00:00+05:30,2026-08-16 00:00:00+05:30,2026-08-17 00:00:00+05:30,2026-08-23 00:00:00+05:30,96.66666666666666,100.0
3409512,"Kandivali West, Mumbai - BMC",RC,2026-06-19 00:00:00+05:30,2026-08-17 00:00:00+05:30,2026-08-18 00:00:00+05:30,2026-08-24 00:00:00+05:30,96.66666666666666,100.0
3409512,"Kandivali West, Mumbai - BMC",RC,2026-06-20 00:00:00+05:30,2026-08-18 00:00:00+05:30,2026-08-19 00:00:00+05:30,2026-08-25 00:00:00+05:30,96.66666666666666,100.0
3409512,"Kandivali West, Mumbai - BMC",RC,2026-06-21 00:00:00+05:30,2026-08-19 00:00:00+05:30,2026-08-20 00:00:00+05:30,2026-08-26 00:00:00+05:30,96.66666666666666,100.0
3409512,"Kandivali West, Mumbai - BMC",RC,2026-06-22 00:00:00+05:30,2026-08-20 00:00:00+05:30,2026-08-21 00:00:00+05:30,2026-08-27 00:00:00+05:30,98.33333333333333,100.0
3409512,"Kandivali West, Mumbai - BMC",RC,2026-06-23 00:00:00+05:30,2026-08-21 00:00:00+05:30,2026-08-22 00:00:00+05:30,2026-08-28 00:00:00+05:30,97.96296296296296,100.0
3409512,"Kandivali West, Mumbai - BMC",RC,2026-06-24 00:00:00+05:30,2026-08-22 00:00:00+05:30,2026-08-23 00:00:00+05:30,2026-08-29 00:00:00+05:30,97.96296296296296,100.0
3409512,"Kandivali West, Mumbai - BMC",RC,2026-06-25 00:00:00+05:30,2026-08-23 00:00:00+05:30,2026-08-24 00:00:00+05:30,2026-08-30 00:00:00+05:30,99.62962962962963,100.0
3409512,"Kandivali West, Mumbai - BMC",RC,2026-06-26 00:00:00+05:30,2026-08-24 00:00:00+05:30,2026-08-25 00:00:00+05:30,2026-08-31 00:00:00+05:30,99.62962962962963,100.0
3409512,"Kandivali West, Mumbai - BMC",RC,2026-06-27 00:00:00+05:30,2026-08-25 00:00:00+05:30,2026-08-26 00:00:00+05:30,2026-09-01 00:00:00+05:30,99.62962962962963,100.0
3409512,"Kandivali West, Mumbai - BMC",RC,2026-06-28 00:00:00+05:30,2026-08-26 00:00:00+05:30,2026-08-27 00:00:00+05:30,2026-09-02 00:00:00+05:30,99.62962962962963,100.0
3409512,"Kandivali West, Mumbai - BMC",RC,2026-06-29 00:00:00+05:30,2026-08-27 00:00:00+05:30,2026-08-28 00:00:00+05:30,2026-09-03 00:00:00+05:30,99.62962962962963,100.0
3409512,"Kandivali West, Mumbai - BMC",RC,2026-06-30 00:00:00+05:30,2026-08-28 00:00:00+05:30,2026-08-29 00:00:00+05:30,2026-09-04 00:00:00+05:30,99.62962962962963,100.0
3409512,"Kandivali West, Mumbai - BMC",RC,2026-07-01 00:00:00+05:30,2026-08-29 00:00:00+05:30,2026-08-30 00:00:00+05:30,2026-09-05 00:00:00+05:30,99.62962962962963,100.0
3409512,"Kandivali West, Mumbai - BMC",RC,2026-07-02 00:00:00+05:30,2026-08-30 00:00:00+05:30,2026-08-31 00:00:00+05:30,2026-09-06 00:00:00+05:30,99.62962962962963,100.0
3409512,"Kandivali West, Mumbai - BMC",RC,2026-07-03 00:00:00+05:30,2026-08-31 00:00:00+05:30,2026-09-01 00:00:00+05:30,2026-09-07 00:00:00+05:30,99.62962962962963,100.0
3409512,"Kandivali West, Mumbai - BMC",RC,2026-07-04 00:00:00+05:30,2026-09-01 00:00:00+05:30,2026-09-02 00:00:00+05:30,2026-09-08 00:00:00+05:30,99.62962962962963,100.0
3409512,"Kandivali West, Mumbai - BMC",RC,2026-07-05 00:00:00+05:30,2026-09-02 00:00:00+05:30,2026-09-03 00:00:00+05:30,2026-09-09 00:00:00+05:30,99.62962962962963,100.0
3409512,"Kandivali West, Mumbai - BMC",RC,2026-07-06 00:00:00+05:30,2026-09-03 00:00:00+05:30,2026-09-04 00:00:00+05:30,2026-09-10 00:00:00+05:30,99.62962962962963,100.0
3409512,"Kandivali West, Mumbai - BMC",RC,2026-07-07 00:00:00+05:30,2026-09-04 00:00:00+05:30,2026-09-05 00:00:00+05:30,2026-09-11 00:00:00+05:30,99.62962962962963,100.0
3409512,"Kandivali West, Mumbai - BMC",RC,2026-07-08 00:00:00+05:30,2026-09-05 00:00:00+05:30,2026-09-06 00:00:00+05:30,2026-09-12 00:00:00+05:30,99.62962962962963,100.0
3409512,"Kandivali West, Mumbai - BMC",RC,2026-07-09 00:00:00+05:30,2026-09-06 00:00:00+05:30,2026-09-07 00:00:00+05:30,2026-09-13 00:00:00+05:30,99.62962962962963,100.0
3409512,"Kandivali West, Mumbai - BMC",RC,2026-07-10 00:00:00+05:30,2026-09-07 00:00:00+05:30,2026-09-08 00:00:00+05:30,2026-09-14 00:00:00+05:30,99.62962962962963,100.0
3409512,"Kandivali West, Mumbai - BMC",RC,2026-07-11 00:00:00+05:30,2026-09-08 00:00:00+05:30,2026-09-09 00:00:00+05:30,2026-09-15 00:00:00+05:30,99.62962962962963,100.0
3409512,"Kandivali West, Mumbai - BMC",RC,2026-07-12 00:00:00+05:30,2026-09-09 00:00:00+05:30,2026-09-10 00:00:00+05:30,2026-09-16 00:00:00+05:30,99.62962962962963,100.0
3409512,"Kandivali West, Mumbai - BMC",RC,2026-07-13 00:00:00+05:30,2026-09-10 00:00:00+05:30,2026-09-11 00:00:00+05:30,2026-09-17 00:00:00+05:30,99.62962962962963,100.0
3409513,"Sewri, Mumbai - BMC",FS,2026-01-15 00:00:00+05:30,2026-03-15 00:00:00+05:30,2026-03-16 00:00:00+05:30,2026-03-22 00:00:00+05:30,80.74074074074073,100.0
3409513,"Sewri, Mumbai - BMC",FS,2026-01-16 00:00:00+05:30,2026-03-16 00:00:00+05:30,2026-03-17 00:00:00+05:30,2026-03-23 00:00:00+05:30,82.40740740740739,100.0
3409513,"Sewri, Mumbai - BMC",FS,2026-01-17 00:00:00+05:30,2026-03-17 00:00:00+05:30,2026-03-18 00:00:00+05:30,2026-03-24 00:00:00+05:30,84.07407407407406,100.0
3409513,"Sewri, Mumbai - BMC",FS,2026-01-18 00:00:00+05:30,2026-03-18 00:00:00+05:30,2026-03-19 00:00:00+05:30,2026-03-25 00:00:00+05:30,85.74074074074073,100.0
3409513,"Sewri, Mumbai - BMC",FS,2026-01-19 00:00:00+05:30,2026-03-19 00:00:00+05:30,2026-03-20 00:00:00+05:30,2026-03-26 00:00:00+05:30,87.4074074074074,100.0
3409513,"Sewri, Mumbai - BMC",FS,2026-01-20 00:00:00+05:30,2026-03-20 00:00:00+05:30,2026-03-21 00:00:00+05:30,2026-03-27 00:00:00+05:30,89.07407407407406,100.0
3409513,"Sewri, Mumbai - BMC",FS,2026-01-21 00:00:00+05:30,2026-03-21 00:00:00+05:30,2026-03-22 00:00:00+05:30,2026-03-28 00:00:00+05:30,89.07407407407406,100.0
3409513,"Sewri, Mumbai - BMC",FS,2026-01-22 00:00:00+05:30,2026-03-22 00:00:00+05:30,2026-03-23 00:00:00+05:30,2026-03-29 00:00:00+05:30,89.44444444444444,100.0
3409513,"Sewri, Mumbai - BMC",FS,2026-01-23 00:00:00+05:30,2026-03-23 00:00:00+05:30,2026-03-24 00:00:00+05:30,2026-03-30 00:00:00+05:30,89.44444444444444,100.0
3409513,"Sewri, Mumbai - BMC",FS,2026-01-24 00:00:00+05:30,2026-03-24 00:00:00+05:30,2026-03-25 00:00:00+05:30,2026-03-31 00:00:00+05:30,89.44444444444444,100.0
3409513,"Sewri, Mumbai - BMC",FS,2026-01-25 00:00:00+05:30,2026-03-25 00:00:00+05:30,2026-03-26 00:00:00+05:30,2026-04-01 00:00:00+05:30,89.44444444444444,100.0
3409513,"Sewri, Mumbai - BMC",FS,2026-01-26 00:00:00+05:30,2026-03-26 00:00:00+05:30,2026-03-27 00:00:00+05:30,2026-04-02 00:00:00+05:30,90.92592592592594,100.0
3409513,"Sewri, Mumbai - BMC",FS,2026-01-27 00:00:00+05:30,2026-03-27 00:00:00+05:30,2026-03-28 00:00:00+05:30,2026-04-03 00:00:00+05:30,92.59259259259258,100.0
3409513,"Sewri, Mumbai - BMC",FS,2026-01-28 00:00:00+05:30,2026-03-28 00:00:00+05:30,2026-03-29 00:00:00+05:30,2026-04-04 00:00:00+05:30,92.59259259259258,100.0
3409513,"Sewri, Mumbai - BMC",FS,2026-01-29 00:00:00+05:30,2026-03-29 00:00:00+05:30,2026-03-30 00:00:00+05:30,2026-04-05 00:00:00+05:30,92.59259259259258,100.0
3409513,"Sewri, Mumbai - BMC",FS,2026-01-30 00:00:00+05:30,2026-03-30 00:00:00+05:30,2026-03-31 00:00:00+05:30,2026-04-06 00:00:00+05:30,92.59259259259258,100.0
3409513,"Sewri, Mumbai - BMC",FS,2026-01-31 00:00:00+05:30,2026-03-31 00:00:00+05:30,2026-04-01 00:00:00+05:30,2026-04-07 00:00:00+05:30,92.59259259259258,100.0
3409513,"Sewri, Mumbai - BMC",FS,2026-02-01 00:00:00+05:30,2026-04-01 00:00:00+05:30,2026-04-02 00:00:00+05:30,2026-04-08 00:00:00+05:30,92.59259259259258,100.0
3409513,"Sewri, Mumbai - BMC",FS,2026-02-02 00:00:00+05:30,2026-04-02 00:00:00+05:30,2026-04-03 00:00:00+05:30,2026-04-09 00:00:00+05:30,92.59259259259258,100.0
3409513,"Sewri, Mumbai - BMC",FS,2026-02-03 00:00:00+05:30,2026-04-03 00:00:00+05:30,2026-04-04 00:00:00+05:30,2026-04-10 00:00:00+05:30,92.59259259259258,100.0
3409513,"Sewri, Mumbai - BMC",FS,2026-02-04 00:00:00+05:30,2026-04-04 00:00:00+05:30,2026-04-05 00:00:00+05:30,2026-04-11 00:00:00+05:30,92.59259259259258,100.0
3409513,"Sewri, Mumbai - BMC",FS,2026-02-05 00:00:00+05:30,2026-04-05 00:00:00+05:30,2026-04-06 00:00:00+05:30,2026-04-12 00:00:00+05:30,92.59259259259258,100.0
3409513,"Sewri, Mumbai - BMC",FS,2026-02-06 00:00:00+05:30,2026-04-06 00:00:00+05:30,2026-04-07 00:00:00+05:30,2026-04-13 00:00:00+05:30,92.59259259259258,100.0
3409513,"Sewri, Mumbai - BMC",FS,2026-02-07 00:00:00+05:30,2026-04-07 00:00:00+05:30,2026-04-08 00:00:00+05:30,2026-04-14 00:00:00+05:30,92.59259259259258,100.0
3409513,"Sewri, Mumbai - BMC",FS,2026-02-08 00:00:00+05:30,2026-04-08 00:00:00+05:30,2026-04-09 00:00:00+05:30,2026-04-15 00:00:00+05:30,92.59259259259258,100.0
3409513,"Sewri, Mumbai - BMC",FS,2026-02-09 00:00:00+05:30,2026-04-09 00:00:00+05:30,2026-04-10 00:00:00+05:30,2026-04-16 00:00:00+05:30,92.59259259259258,100.0
3409513,"Sewri, Mumbai - BMC",FS,2026-02-10 00:00:00+05:30,2026-04-10 00:00:00+05:30,2026-04-11 00:00:00+05:30,2026-04-17 00:00:00+05:30,92.59259259259258,100.0
3409513,"Sewri, Mumbai - BMC",FS,2026-02-11 00:00:00+05:30,2026-04-11 00:00:00+05:30,2026-04-12 00:00:00+05:30,2026-04-18 00:00:00+05:30,92.59259259259258,100.0
3409513,"Sewri, Mumbai - BMC",FS,2026-02-12 00:00:00+05:30,2026-04-12 00:00:00+05:30,2026-04-13 00:00:00+05:30,2026-04-19 00:00:00+05:30,92.59259259259258,100.0
3409513,"Sewri, Mumbai - BMC",FS,2026-02-13 00:00:00+05:30,2026-04-13 00:00:00+05:30,2026-04-14 00:00:00+05:30,2026-04-20 00:00:00+05:30,92.59259259259258,100.0
3409513,"Sewri, Mumbai - BMC",FS,2026-02-14 00:00:00+05:30,2026-04-14 00:00:00+05:30,2026-04-15 00:00:00+05:30,2026-04-21 00:00:00+05:30,92.59259259259258,100.0
3409513,"Sewri, Mumbai - BMC",FS,2026-02-15 00:00:00+05:30,2026-04-15 00:00:00+05:30,2026-04-16 00:00:00+05:30,2026-04-22 00:00:00+05:30,92.59259259259258,100.0
3409513,"Sewri, Mumbai - BMC",FS,2026-02-16 00:00:00+05:30,2026-04-16 00:00:00+05:30,2026-04-17 00:00:00+05:30,2026-04-23 00:00:00+05:30,92.59259259259258,100.0
3409513,"Sewri, Mumbai - BMC",FS,2026-02-17 00:00:00+05:30,2026-04-17 00:00:00+05:30,2026-04-18 00:00:00+05:30,2026-04-24 00:00:00+05:30,94.25925925925925,100.0
3409513,"Sewri, Mumbai - BMC",FS,2026-02-18 00:00:00+05:30,2026-04-18 00:00:00+05:30,2026-04-19 00:00:00+05:30,2026-04-25 00:00:00+05:30,95.92592592592592,100.0
3409513,"Sewri, Mumbai - BMC",FS,2026-02-19 00:00:00+05:30,2026-04-19 00:00:00+05:30,2026-04-20 00:00:00+05:30,2026-04-26 00:00:00+05:30,95.92592592592592,100.0
3409513,"Sewri, Mumbai - BMC",FS,2026-02-20 00:00:00+05:30,2026-04-20 00:00:00+05:30,2026-04-21 00:00:00+05:30,2026-04-27 00:00:00+05:30,97.59259259259258,100.0
3409513,"Sewri, Mumbai - BMC",FS,2026-02-21 00:00:00+05:30,2026-04-21 00:00:00+05:30,2026-04-22 00:00:00+05:30,2026-04-28 00:00:00+05:30,97.59259259259258,100.0
3409513,"Sewri, Mumbai - BMC",FS,2026-02-22 00:00:00+05:30,2026-04-22 00:00:00+05:30,2026-04-23 00:00:00+05:30,2026-04-29 00:00:00+05:30,97.59259259259258,100.0
3409513,"Sewri, Mumbai - BMC",FS,2026-02-23 00:00:00+05:30,2026-04-23 00:00:00+05:30,2026-04-24 00:00:00+05:30,2026-04-30 00:00:00+05:30,97.77777777777779,100.0
3409513,"Sewri, Mumbai - BMC",FS,2026-02-24 00:00:00+05:30,2026-04-24 00:00:00+05:30,2026-04-25 00:00:00+05:30,2026-05-01 00:00:00+05:30,97.77777777777779,100.0
3409513,"Sewri, Mumbai - BMC",FS,2026-02-25 00:00:00+05:30,2026-04-25 00:00:00+05:30,2026-04-26 00:00:00+05:30,2026-05-02 00:00:00+05:30,97.77777777777779,100.0
3409513,"Sewri, Mumbai - BMC",FS,2026-02-26 00:00:00+05:30,2026-04-26 00:00:00+05:30,2026-04-27 00:00:00+05:30,2026-05-03 00:00:00+05:30,97.77777777777779,100.0
3409513,"Sewri, Mumbai - BMC",FS,2026-02-27 00:00:00+05:30,2026-04-27 00:00:00+05:30,2026-04-28 00:00:00+05:30,2026-05-04 00:00:00+05:30,97.77777777777779,100.0
3409513,"Sewri, Mumbai - BMC",FS,2026-02-28 00:00:00+05:30,2026-04-28 00:00:00+05:30,2026-04-29 00:00:00+05:30,2026-05-05 00:00:00+05:30,97.77777777777779,100.0
3409513,"Sewri, Mumbai - BMC",FS,2026-03-01 00:00:00+05:30,2026-04-29 00:00:00+05:30,2026-04-30 00:00:00+05:30,2026-05-06 00:00:00+05:30,97.77777777777779,100.0
3409513,"Sewri, Mumbai - BMC",FS,2026-03-02 00:00:00+05:30,2026-04-30 00:00:00+05:30,2026-05-01 00:00:00+05:30,2026-05-07 00:00:00+05:30,97.77777777777779,100.0
3409513,"Sewri, Mumbai - BMC",FS,2026-03-10 00:00:00+05:30,2026-05-08 00:00:00+05:30,2026-05-09 00:00:00+05:30,2026-05-15 00:00:00+05:30,97.96296296296296,100.0
3409513,"Sewri, Mumbai - BMC",FS,2026-03-11 00:00:00+05:30,2026-05-09 00:00:00+05:30,2026-05-10 00:00:00+05:30,2026-05-16 00:00:00+05:30,98.33333333333333,100.0
3409513,"Sewri, Mumbai - BMC",FS,2026-03-12 00:00:00+05:30,2026-05-10 00:00:00+05:30,2026-05-11 00:00:00+05:30,2026-05-17 00:00:00+05:30,98.7037037037037,100.0
3409513,"Sewri, Mumbai - BMC",FS,2026-03-13 00:00:00+05:30,2026-05-11 00:00:00+05:30,2026-05-12 00:00:00+05:30,2026-05-18 00:00:00+05:30,98.88888888888889,100.0
3409513,"Sewri, Mumbai - BMC",FS,2026-03-14 00:00:00+05:30,2026-05-12 00:00:00+05:30,2026-05-13 00:00:00+05:30,2026-05-19 00:00:00+05:30,99.07407407407409,100.0
3409513,"Sewri, Mumbai - BMC",FS,2026-03-15 00:00:00+05:30,2026-05-13 00:00:00+05:30,2026-05-14 00:00:00+05:30,2026-05-20 00:00:00+05:30,99.07407407407409,100.0
3409513,"Sewri, Mumbai - BMC",FS,2026-03-16 00:00:00+05:30,2026-05-14 00:00:00+05:30,2026-05-15 00:00:00+05:30,2026-05-21 00:00:00+05:30,99.07407407407409,100.0
3409513,"Sewri, Mumbai - BMC",FS,2026-03-17 00:00:00+05:30,2026-05-15 00:00:00+05:30,2026-05-16 00:00:00+05:30,2026-05-22 00:00:00+05:30,99.07407407407409,100.0
3409513,"Sewri, Mumbai - BMC",FS,2026-03-18 00:00:00+05:30,2026-05-16 00:00:00+05:30,2026-05-17 00:00:00+05:30,2026-05-23 00:00:00+05:30,99.07407407407409,100.0
3409513,"Sewri, Mumbai - BMC",FS,2026-03-19 00:00:00+05:30,2026-05-17 00:00:00+05:30,2026-05-18 00:00:00+05:30,2026-05-24 00:00:00+05:30,99.07407407407409,100.0
3409513,"Sewri, Mumbai - BMC",FS,2026-03-20 00:00:00+05:30,2026-05-18 00:00:00+05:30,2026-05-19 00:00:00+05:30,2026-05-25 00:00:00+05:30,99.07407407407409,100.0
3409513,"Sewri, Mumbai - BMC",FS,2026-03-21 00:00:00+05:30,2026-05-19 00:00:00+05:30,2026-05-20 00:00:00+05:30,2026-05-26 00:00:00+05:30,99.07407407407409,100.0
3409513,"Sewri, Mumbai - BMC",FS,2026-03-22 00:00:00+05:30,2026-05-20 00:00:00+05:30,2026-05-21 00:00:00+05:30,2026-05-27 00:00:00+05:30,99.07407407407409,100.0
3409513,"Sewri, Mumbai - BMC",FS,2026-03-23 00:00:00+05:30,2026-05-21 00:00:00+05:30,2026-05-22 00:00:00+05:30,2026-05-28 00:00:00+05:30,99.07407407407409,100.0
3409513,"Sewri, Mumbai - BMC",FS,2026-03-24 00:00:00+05:30,2026-05-22 00:00:00+05:30,2026-05-23 00:00:00+05:30,2026-05-29 00:00:00+05:30,99.44444444444443,100.0
3409513,"Sewri, Mumbai - BMC",FS,2026-03-25 00:00:00+05:30,2026-05-23 00:00:00+05:30,2026-05-24 00:00:00+05:30,2026-05-30 00:00:00+05:30,99.62962962962963,100.0
3409513,"Sewri, Mumbai - BMC",FS,2026-03-26 00:00:00+05:30,2026-05-24 00:00:00+05:30,2026-05-25 00:00:00+05:30,2026-05-31 00:00:00+05:30,99.62962962962963,100.0
3409513,"Sewri, Mumbai - BMC",FS,2026-03-27 00:00:00+05:30,2026-05-25 00:00:00+05:30,2026-05-26 00:00:00+05:30,2026-06-01 00:00:00+05:30,99.81481481481482,100.0
3409513,"Sewri, Mumbai - BMC",FS,2026-03-28 00:00:00+05:30,2026-05-26 00:00:00+05:30,2026-05-27 00:00:00+05:30,2026-06-02 00:00:00+05:30,99.81481481481482,100.0
3409513,"Sewri, Mumbai - BMC",FS,2026-03-29 00:00:00+05:30,2026-05-27 00:00:00+05:30,2026-05-28 00:00:00+05:30,2026-06-03 00:00:00+05:30,99.81481481481482,100.0
3409513,"Sewri, Mumbai - BMC",FS,2026-03-30 00:00:00+05:30,2026-05-28 00:00:00+05:30,2026-05-29 00:00:00+05:30,2026-06-04 00:00:00+05:30,99.81481481481482,100.0
3409513,"Sewri, Mumbai - BMC",FS,2026-03-31 00:00:00+05:30,2026-05-29 00:00:00+05:30,2026-05-30 00:00:00+05:30,2026-06-05 00:00:00+05:30,99.81481481481482,100.0
3409513,"Sewri, Mumbai - BMC",FS,2026-04-01 00:00:00+05:30,2026-05-30 00:00:00+05:30,2026-05-31 00:00:00+05:30,2026-06-06 00:00:00+05:30,99.81481481481482,100.0
3409513,"Sewri, Mumbai - BMC",FS,2026-04-02 00:00:00+05:30,2026-05-31 00:00:00+05:30,2026-06-01 00:00:00+05:30,2026-06-07 00:00:00+05:30,99.81481481481482,100.0
3409513,"Sewri, Mumbai - BMC",FS,2026-04-03 00:00:00+05:30,2026-06-01 00:00:00+05:30,2026-06-02 00:00:00+05:30,2026-06-08 00:00:00+05:30,99.81481481481482,100.0
3409513,"Sewri, Mumbai - BMC",FS,2026-04-04 00:00:00+05:30,2026-06-02 00:00:00+05:30,2026-06-03 00:00:00+05:30,2026-06-09 00:00:00+05:30,99.81481481481482,100.0
3409513,"Sewri, Mumbai - BMC",FS,2026-04-05 00:00:00+05:30,2026-06-03 00:00:00+05:30,2026-06-04 00:00:00+05:30,2026-06-10 00:00:00+05:30,99.81481481481482,100.0
3409513,"Sewri, Mumbai - BMC",FS,2026-04-06 00:00:00+05:30,2026-06-04 00:00:00+05:30,2026-06-05 00:00:00+05:30,2026-06-11 00:00:00+05:30,99.81481481481482,100.0
3409513,"Sewri, Mumbai - BMC",FS,2026-04-07 00:00:00+05:30,2026-06-05 00:00:00+05:30,2026-06-06 00:00:00+05:30,2026-06-12 00:00:00+05:30,99.81481481481482,100.0
3409513,"Sewri, Mumbai - BMC",FS,2026-04-08 00:00:00+05:30,2026-06-06 00:00:00+05:30,2026-06-07 00:00:00+05:30,2026-06-13 00:00:00+05:30,99.81481481481482,100.0
3409513,"Sewri, Mumbai - BMC",FS,2026-04-09 00:00:00+05:30,2026-06-07 00:00:00+05:30,2026-06-08 00:00:00+05:30,2026-06-14 00:00:00+05:30,99.81481481481482,100.0
3409513,"Sewri, Mumbai - BMC",FS,2026-04-10 00:00:00+05:30,2026-06-08 00:00:00+05:30,2026-06-09 00:00:00+05:30,2026-06-15 00:00:00+05:30,99.81481481481482,100.0
3409513,"Sewri, Mumbai - BMC",FS,2026-04-11 00:00:00+05:30,2026-06-09 00:00:00+05:30,2026-06-10 00:00:00+05:30,2026-06-16 00:00:00+05:30,99.81481481481482,100.0
3409513,"Sewri, Mumbai - BMC",FS,2026-04-12 00:00:00+05:30,2026-06-10 00:00:00+05:30,2026-06-11 00:00:00+05:30,2026-06-17 00:00:00+05:30,99.81481481481482,100.0
3409513,"Sewri, Mumbai - BMC",FS,2026-04-13 00:00:00+05:30,2026-06-11 00:00:00+05:30,2026-06-12 00:00:00+05:30,2026-06-18 00:00:00+05:30,99.81481481481482,100.0
3409513,"Sewri, Mumbai - BMC",FS,2026-04-14 00:00:00+05:30,2026-06-12 00:00:00+05:30,2026-06-13 00:00:00+05:30,2026-06-19 00:00:00+05:30,99.81481481481482,100.0
3409513,"Sewri, Mumbai - BMC",FS,2026-04-15 00:00:00+05:30,2026-06-13 00:00:00+05:30,2026-06-14 00:00:00+05:30,2026-06-20 00:00:00+05:30,99.81481481481482,100.0
3409513,"Sewri, Mumbai - BMC",FS,2026-04-16 00:00:00+05:30,2026-06-14 00:00:00+05:30,2026-06-15 00:00:00+05:30,2026-06-21 00:00:00+05:30,99.81481481481482,100.0
3409513,"Sewri, Mumbai - BMC",FS,2026-04-17 00:00:00+05:30,2026-06-15 00:00:00+05:30,2026-06-16 00:00:00+05:30,2026-06-22 00:00:00+05:30,99.81481481481482,100.0
3409513,"Sewri, Mumbai - BMC",FS,2026-04-18 00:00:00+05:30,2026-06-16 00:00:00+05:30,2026-06-17 00:00:00+05:30,2026-06-23 00:00:00+05:30,99.81481481481482,100.0
3409513,"Sewri, Mumbai - BMC",FS,2026-04-27 00:00:00+05:30,2026-06-25 00:00:00+05:30,2026-06-26 00:00:00+05:30,2026-07-02 00:00:00+05:30,96.48148148148148,100.0
3409513,"Sewri, Mumbai - BMC",FS,2026-04-28 00:00:00+05:30,2026-06-26 00:00:00+05:30,2026-06-27 00:00:00+05:30,2026-07-03 00:00:00+05:30,96.48148148148148,100.0
3409513,"Sewri, Mumbai - BMC",FS,2026-04-29 00:00:00+05:30,2026-06-27 00:00:00+05:30,2026-06-28 00:00:00+05:30,2026-07-04 00:00:00+05:30,96.48148148148148,100.0
3409513,"Sewri, Mumbai - BMC",FS,2026-04-30 00:00:00+05:30,2026-06-28 00:00:00+05:30,2026-06-29 00:00:00+05:30,2026-07-05 00:00:00+05:30,96.48148148148148,100.0
3409513,"Sewri, Mumbai - BMC",FS,2026-05-01 00:00:00+05:30,2026-06-29 00:00:00+05:30,2026-06-30 00:00:00+05:30,2026-07-06 00:00:00+05:30,96.48148148148148,100.0
3409513,"Sewri, Mumbai - BMC",FS,2026-05-02 00:00:00+05:30,2026-06-30 00:00:00+05:30,2026-07-01 00:00:00+05:30,2026-07-07 00:00:00+05:30,96.48148148148148,100.0
3409513,"Sewri, Mumbai - BMC",FS,2026-05-03 00:00:00+05:30,2026-07-01 00:00:00+05:30,2026-07-02 00:00:00+05:30,2026-07-08 00:00:00+05:30,96.48148148148148,100.0
3409513,"Sewri, Mumbai - BMC",FS,2026-05-04 00:00:00+05:30,2026-07-02 00:00:00+05:30,2026-07-03 00:00:00+05:30,2026-07-09 00:00:00+05:30,96.48148148148148,100.0
3409513,"Sewri, Mumbai - BMC",FS,2026-05-05 00:00:00+05:30,2026-07-03 00:00:00+05:30,2026-07-04 00:00:00+05:30,2026-07-10 00:00:00+05:30,96.48148148148148,100.0
3409513,"Sewri, Mumbai - BMC",FS,2026-05-06 00:00:00+05:30,2026-07-04 00:00:00+05:30,2026-07-05 00:00:00+05:30,2026-07-11 00:00:00+05:30,96.48148148148148,100.0
3409513,"Sewri, Mumbai - BMC",FS,2026-05-07 00:00:00+05:30,2026-07-05 00:00:00+05:30,2026-07-06 00:00:00+05:30,2026-07-12 00:00:00+05:30,96.48148148148148,100.0
3409513,"Sewri, Mumbai - BMC",FS,2026-05-08 00:00:00+05:30,2026-07-06 00:00:00+05:30,2026-07-07 00:00:00+05:30,2026-07-13 00:00:00+05:30,96.48148148148148,100.0
3409513,"Sewri, Mumbai - BMC",FS,2026-05-09 00:00:00+05:30,2026-07-07 00:00:00+05:30,2026-07-08 00:00:00+05:30,2026-07-14 00:00:00+05:30,96.66666666666666,100.0
3409513,"Sewri, Mumbai - BMC",FS,2026-05-10 00:00:00+05:30,2026-07-08 00:00:00+05:30,2026-07-09 00:00:00+05:30,2026-07-15 00:00:00+05:30,96.66666666666666,100.0
3409513,"Sewri, Mumbai - BMC",FS,2026-05-11 00:00:00+05:30,2026-07-09 00:00:00+05:30,2026-07-10 00:00:00+05:30,2026-07-16 00:00:00+05:30,96.66666666666666,100.0
3409513,"Sewri, Mumbai - BMC",FS,2026-05-12 00:00:00+05:30,2026-07-10 00:00:00+05:30,2026-07-11 00:00:00+05:30,2026-07-17 00:00:00+05:30,96.66666666666666,100.0
3409513,"Sewri, Mumbai - BMC",FS,2026-05-13 00:00:00+05:30,2026-07-11 00:00:00+05:30,2026-07-12 00:00:00+05:30,2026-07-18 00:00:00+05:30,96.66666666666666,100.0
3409513,"Sewri, Mumbai - BMC",FS,2026-05-14 00:00:00+05:30,2026-07-12 00:00:00+05:30,2026-07-13 00:00:00+05:30,2026-07-19 00:00:00+05:30,96.66666666666666,100.0
3409513,"Sewri, Mumbai - BMC",FS,2026-05-15 00:00:00+05:30,2026-07-13 00:00:00+05:30,2026-07-14 00:00:00+05:30,2026-07-20 00:00:00+05:30,96.66666666666666,100.0
3409513,"Sewri, Mumbai - BMC",FS,2026-05-16 00:00:00+05:30,2026-07-14 00:00:00+05:30,2026-07-15 00:00:00+05:30,2026-07-21 00:00:00+05:30,96.66666666666666,100.0
3409513,"Sewri, Mumbai - BMC",FS,2026-05-17 00:00:00+05:30,2026-07-15 00:00:00+05:30,2026-07-16 00:00:00+05:30,2026-07-22 00:00:00+05:30,96.66666666666666,100.0
3409513,"Sewri, Mumbai - BMC",FS,2026-05-18 00:00:00+05:30,2026-07-16 00:00:00+05:30,2026-07-17 00:00:00+05:30,2026-07-23 00:00:00+05:30,96.66666666666666,100.0
3409513,"Sewri, Mumbai - BMC",FS,2026-05-19 00:00:00+05:30,2026-07-17 00:00:00+05:30,2026-07-18 00:00:00+05:30,2026-07-24 00:00:00+05:30,96.66666666666666,100.0
3409513,"Sewri, Mumbai - BMC",FS,2026-05-20 00:00:00+05:30,2026-07-18 00:00:00+05:30,2026-07-19 00:00:00+05:30,2026-07-25 00:00:00+05:30,96.66666666666666,100.0
3409513,"Sewri, Mumbai - BMC",FS,2026-05-21 00:00:00+05:30,2026-07-19 00:00:00+05:30,2026-07-20 00:00:00+05:30,2026-07-26 00:00:00+05:30,96.66666666666666,100.0
3409513,"Sewri, Mumbai - BMC",FS,2026-05-22 00:00:00+05:30,2026-07-20 00:00:00+05:30,2026-07-21 00:00:00+05:30,2026-07-27 00:00:00+05:30,96.66666666666666,100.0
3409513,"Sewri, Mumbai - BMC",FS,2026-05-23 00:00:00+05:30,2026-07-21 00:00:00+05:30,2026-07-22 00:00:00+05:30,2026-07-28 00:00:00+05:30,96.66666666666666,100.0
3409513,"Sewri, Mumbai - BMC",FS,2026-05-24 00:00:00+05:30,2026-07-22 00:00:00+05:30,2026-07-23 00:00:00+05:30,2026-07-29 00:00:00+05:30,96.66666666666666,100.0
3409513,"Sewri, Mumbai - BMC",FS,2026-05-25 00:00:00+05:30,2026-07-23 00:00:00+05:30,2026-07-24 00:00:00+05:30,2026-07-30 00:00:00+05:30,96.66666666666666,100.0
3409513,"Sewri, Mumbai - BMC",FS,2026-05-26 00:00:00+05:30,2026-07-24 00:00:00+05:30,2026-07-25 00:00:00+05:30,2026-07-31 00:00:00+05:30,96.66666666666666,100.0
3409513,"Sewri, Mumbai - BMC",FS,2026-05-27 00:00:00+05:30,2026-07-25 00:00:00+05:30,2026-07-26 00:00:00+05:30,2026-08-01 00:00:00+05:30,96.66666666666666,100.0
3409513,"Sewri, Mumbai - BMC",FS,2026-05-28 00:00:00+05:30,2026-07-26 00:00:00+05:30,2026-07-27 00:00:00+05:30,2026-08-02 00:00:00+05:30,96.66666666666666,100.0
3409513,"Sewri, Mumbai - BMC",FS,2026-05-29 00:00:00+05:30,2026-07-27 00:00:00+05:30,2026-07-28 00:00:00+05:30,2026-08-03 00:00:00+05:30,96.66666666666666,100.0
3409513,"Sewri, Mumbai - BMC",FS,2026-05-30 00:00:00+05:30,2026-07-28 00:00:00+05:30,2026-07-29 00:00:00+05:30,2026-08-04 00:00:00+05:30,96.66666666666666,100.0
3409513,"Sewri, Mumbai - BMC",FS,2026-05-31 00:00:00+05:30,2026-07-29 00:00:00+05:30,2026-07-30 00:00:00+05:30,2026-08-05 00:00:00+05:30,96.66666666666666,100.0
3409513,"Sewri, Mumbai - BMC",FS,2026-06-01 00:00:00+05:30,2026-07-30 00:00:00+05:30,2026-07-31 00:00:00+05:30,2026-08-06 00:00:00+05:30,96.29629629629629,100.0
3409513,"Sewri, Mumbai - BMC",FS,2026-06-02 00:00:00+05:30,2026-07-31 00:00:00+05:30,2026-08-01 00:00:00+05:30,2026-08-07 00:00:00+05:30,96.29629629629629,100.0
3409513,"Sewri, Mumbai - BMC",FS,2026-06-03 00:00:00+05:30,2026-08-01 00:00:00+05:30,2026-08-02 00:00:00+05:30,2026-08-08 00:00:00+05:30,96.29629629629629,100.0
3409513,"Sewri, Mumbai - BMC",FS,2026-06-04 00:00:00+05:30,2026-08-02 00:00:00+05:30,2026-08-03 00:00:00+05:30,2026-08-09 00:00:00+05:30,96.29629629629629,100.0
3409513,"Sewri, Mumbai - BMC",FS,2026-06-05 00:00:00+05:30,2026-08-03 00:00:00+05:30,2026-08-04 00:00:00+05:30,2026-08-10 00:00:00+05:30,95.55555555555554,100.0
3409513,"Sewri, Mumbai - BMC",FS,2026-06-06 00:00:00+05:30,2026-08-04 00:00:00+05:30,2026-08-05 00:00:00+05:30,2026-08-11 00:00:00+05:30,95.55555555555554,100.0
3409513,"Sewri, Mumbai - BMC",FS,2026-06-07 00:00:00+05:30,2026-08-05 00:00:00+05:30,2026-08-06 00:00:00+05:30,2026-08-12 00:00:00+05:30,95.55555555555554,100.0
3409513,"Sewri, Mumbai - BMC",FS,2026-06-08 00:00:00+05:30,2026-08-06 00:00:00+05:30,2026-08-07 00:00:00+05:30,2026-08-13 00:00:00+05:30,95.55555555555554,100.0
3409513,"Sewri, Mumbai - BMC",FS,2026-06-09 00:00:00+05:30,2026-08-07 00:00:00+05:30,2026-08-08 00:00:00+05:30,2026-08-14 00:00:00+05:30,95.55555555555554,100.0
3409513,"Sewri, Mumbai - BMC",FS,2026-06-10 00:00:00+05:30,2026-08-08 00:00:00+05:30,2026-08-09 00:00:00+05:30,2026-08-15 00:00:00+05:30,95.55555555555554,100.0
3409513,"Sewri, Mumbai - BMC",FS,2026-06-11 00:00:00+05:30,2026-08-09 00:00:00+05:30,2026-08-10 00:00:00+05:30,2026-08-16 00:00:00+05:30,95.55555555555554,100.0
3409513,"Sewri, Mumbai - BMC",FS,2026-06-12 00:00:00+05:30,2026-08-10 00:00:00+05:30,2026-08-11 00:00:00+05:30,2026-08-17 00:00:00+05:30,95.55555555555554,100.0
3409513,"Sewri, Mumbai - BMC",FS,2026-06-13 00:00:00+05:30,2026-08-11 00:00:00+05:30,2026-08-12 00:00:00+05:30,2026-08-18 00:00:00+05:30,95.55555555555554,100.0
3409513,"Sewri, Mumbai - BMC",FS,2026-06-14 00:00:00+05:30,2026-08-12 00:00:00+05:30,2026-08-13 00:00:00+05:30,2026-08-19 00:00:00+05:30,95.55555555555554,100.0
3409513,"Sewri, Mumbai - BMC",FS,2026-06-15 00:00:00+05:30,2026-08-13 00:00:00+05:30,2026-08-14 00:00:00+05:30,2026-08-20 00:00:00+05:30,95.55555555555554,100.0
3409513,"Sewri, Mumbai - BMC",FS,2026-06-16 00:00:00+05:30,2026-08-14 00:00:00+05:30,2026-08-15 00:00:00+05:30,2026-08-21 00:00:00+05:30,95.55555555555554,100.0
3409513,"Sewri, Mumbai - BMC",FS,2026-06-17 00:00:00+05:30,2026-08-15 00:00:00+05:30,2026-08-16 00:00:00+05:30,2026-08-22 00:00:00+05:30,95.55555555555554,100.0
3409513,"Sewri, Mumbai - BMC",FS,2026-06-18 00:00:00+05:30,2026-08-16 00:00:00+05:30,2026-08-17 00:00:00+05:30,2026-08-23 00:00:00+05:30,95.55555555555554,100.0
3409513,"Sewri, Mumbai - BMC",FS,2026-06-19 00:00:00+05:30,2026-08-17 00:00:00+05:30,2026-08-18 00:00:00+05:30,2026-08-24 00:00:00+05:30,95.55555555555554,100.0
3409513,"Sewri, Mumbai - BMC",FS,2026-06-20 00:00:00+05:30,2026-08-18 00:00:00+05:30,2026-08-19 00:00:00+05:30,2026-08-25 00:00:00+05:30,95.55555555555554,100.0
3409513,"Sewri, Mumbai - BMC",FS,2026-06-21 00:00:00+05:30,2026-08-19 00:00:00+05:30,2026-08-20 00:00:00+05:30,2026-08-26 00:00:00+05:30,95.55555555555554,100.0
3409513,"Sewri, Mumbai - BMC",FS,2026-06-22 00:00:00+05:30,2026-08-20 00:00:00+05:30,2026-08-21 00:00:00+05:30,2026-08-27 00:00:00+05:30,95.55555555555554,100.0
3409513,"Sewri, Mumbai - BMC",FS,2026-06-23 00:00:00+05:30,2026-08-21 00:00:00+05:30,2026-08-22 00:00:00+05:30,2026-08-28 00:00:00+05:30,95.55555555555554,100.0
3409513,"Sewri, Mumbai - BMC",FS,2026-06-24 00:00:00+05:30,2026-08-22 00:00:00+05:30,2026-08-23 00:00:00+05:30,2026-08-29 00:00:00+05:30,95.55555555555554,100.0
3409513,"Sewri, Mumbai - BMC",FS,2026-06-25 00:00:00+05:30,2026-08-23 00:00:00+05:30,2026-08-24 00:00:00+05:30,2026-08-30 00:00:00+05:30,97.22222222222221,100.0
3409513,"Sewri, Mumbai - BMC",FS,2026-06-26 00:00:00+05:30,2026-08-24 00:00:00+05:30,2026-08-25 00:00:00+05:30,2026-08-31 00:00:00+05:30,98.88888888888889,100.0
3409513,"Sewri, Mumbai - BMC",FS,2026-06-27 00:00:00+05:30,2026-08-25 00:00:00+05:30,2026-08-26 00:00:00+05:30,2026-09-01 00:00:00+05:30,98.88888888888889,100.0
3409513,"Sewri, Mumbai - BMC",FS,2026-06-28 00:00:00+05:30,2026-08-26 00:00:00+05:30,2026-08-27 00:00:00+05:30,2026-09-02 00:00:00+05:30,98.88888888888889,100.0
3409513,"Sewri, Mumbai - BMC",FS,2026-06-29 00:00:00+05:30,2026-08-27 00:00:00+05:30,2026-08-28 00:00:00+05:30,2026-09-03 00:00:00+05:30,98.88888888888889,100.0
3409513,"Sewri, Mumbai - BMC",FS,2026-06-30 00:00:00+05:30,2026-08-28 00:00:00+05:30,2026-08-29 00:00:00+05:30,2026-09-04 00:00:00+05:30,98.88888888888889,100.0
3409513,"Sewri, Mumbai - BMC",FS,2026-07-01 00:00:00+05:30,2026-08-29 00:00:00+05:30,2026-08-30 00:00:00+05:30,2026-09-05 00:00:00+05:30,98.88888888888889,100.0
3409513,"Sewri, Mumbai - BMC",FS,2026-07-02 00:00:00+05:30,2026-08-30 00:00:00+05:30,2026-08-31 00:00:00+05:30,2026-09-06 00:00:00+05:30,98.88888888888889,100.0
3409513,"Sewri, Mumbai - BMC",FS,2026-07-03 00:00:00+05:30,2026-08-31 00:00:00+05:30,2026-09-01 00:00:00+05:30,2026-09-07 00:00:00+05:30,98.88888888888889,100.0
3409513,"Sewri, Mumbai - BMC",FS,2026-07-04 00:00:00+05:30,2026-09-01 00:00:00+05:30,2026-09-02 00:00:00+05:30,2026-09-08 00:00:00+05:30,98.88888888888889,100.0
3409513,"Sewri, Mumbai - BMC",FS,2026-07-05 00:00:00+05:30,2026-09-02 00:00:00+05:30,2026-09-03 00:00:00+05:30,2026-09-09 00:00:00+05:30,98.88888888888889,100.0
3409513,"Sewri, Mumbai - BMC",FS,2026-07-06 00:00:00+05:30,2026-09-03 00:00:00+05:30,2026-09-04 00:00:00+05:30,2026-09-10 00:00:00+05:30,98.88888888888889,100.0
3409513,"Sewri, Mumbai - BMC",FS,2026-07-07 00:00:00+05:30,2026-09-04 00:00:00+05:30,2026-09-05 00:00:00+05:30,2026-09-11 00:00:00+05:30,98.88888888888889,100.0
3409513,"Sewri, Mumbai - BMC",FS,2026-07-08 00:00:00+05:30,2026-09-05 00:00:00+05:30,2026-09-06 00:00:00+05:30,2026-09-12 00:00:00+05:30,98.88888888888889,100.0
3409513,"Sewri, Mumbai - BMC",FS,2026-07-09 00:00:00+05:30,2026-09-06 00:00:00+05:30,2026-09-07 00:00:00+05:30,2026-09-13 00:00:00+05:30,98.88888888888889,100.0
3409513,"Sewri, Mumbai - BMC",FS,2026-07-10 00:00:00+05:30,2026-09-07 00:00:00+05:30,2026-09-08 00:00:00+05:30,2026-09-14 00:00:00+05:30,98.88888888888889,100.0
3409513,"Sewri, Mumbai - BMC",FS,2026-07-11 00:00:00+05:30,2026-09-08 00:00:00+05:30,2026-09-09 00:00:00+05:30,2026-09-15 00:00:00+05:30,98.88888888888889,100.0
3409513,"Sewri, Mumbai - BMC",FS,2026-07-12 00:00:00+05:30,2026-09-09 00:00:00+05:30,2026-09-10 00:00:00+05:30,2026-09-16 00:00:00+05:30,98.88888888888889,100.0
3409513,"Sewri, Mumbai - BMC",FS,2026-07-13 00:00:00+05:30,2026-09-10 00:00:00+05:30,2026-09-11 00:00:00+05:30,2026-09-17 00:00:00+05:30,98.88888888888889,100.0
3409514,"Ghatkopar, Mumbai - BMC",N,2025-10-11 00:00:00+05:30,2025-12-09 00:00:00+05:30,2025-12-10 00:00:00+05:30,2025-12-16 00:00:00+05:30,98.33333333333333,100.0
3409514,"Ghatkopar, Mumbai - BMC",N,2025-10-12 00:00:00+05:30,2025-12-10 00:00:00+05:30,2025-12-11 00:00:00+05:30,2025-12-17 00:00:00+05:30,98.33333333333333,100.0
3409514,"Ghatkopar, Mumbai - BMC",N,2025-10-13 00:00:00+05:30,2025-12-11 00:00:00+05:30,2025-12-12 00:00:00+05:30,2025-12-18 00:00:00+05:30,98.33333333333333,100.0
3409514,"Ghatkopar, Mumbai - BMC",N,2025-10-14 00:00:00+05:30,2025-12-12 00:00:00+05:30,2025-12-13 00:00:00+05:30,2025-12-19 00:00:00+05:30,98.51851851851853,100.0
3409514,"Ghatkopar, Mumbai - BMC",N,2025-10-15 00:00:00+05:30,2025-12-13 00:00:00+05:30,2025-12-14 00:00:00+05:30,2025-12-20 00:00:00+05:30,98.51851851851853,100.0
3409514,"Ghatkopar, Mumbai - BMC",N,2025-10-16 00:00:00+05:30,2025-12-14 00:00:00+05:30,2025-12-15 00:00:00+05:30,2025-12-21 00:00:00+05:30,98.7037037037037,100.0
3409514,"Ghatkopar, Mumbai - BMC",N,2025-10-17 00:00:00+05:30,2025-12-15 00:00:00+05:30,2025-12-16 00:00:00+05:30,2025-12-22 00:00:00+05:30,98.88888888888889,100.0
3409514,"Ghatkopar, Mumbai - BMC",N,2025-10-18 00:00:00+05:30,2025-12-16 00:00:00+05:30,2025-12-17 00:00:00+05:30,2025-12-23 00:00:00+05:30,99.07407407407408,100.0
3409514,"Ghatkopar, Mumbai - BMC",N,2025-10-19 00:00:00+05:30,2025-12-17 00:00:00+05:30,2025-12-18 00:00:00+05:30,2025-12-24 00:00:00+05:30,99.07407407407408,100.0
3409514,"Ghatkopar, Mumbai - BMC",N,2025-10-20 00:00:00+05:30,2025-12-18 00:00:00+05:30,2025-12-19 00:00:00+05:30,2025-12-25 00:00:00+05:30,99.07407407407408,100.0
3409514,"Ghatkopar, Mumbai - BMC",N,2025-10-21 00:00:00+05:30,2025-12-19 00:00:00+05:30,2025-12-20 00:00:00+05:30,2025-12-26 00:00:00+05:30,99.07407407407408,100.0
3409514,"Ghatkopar, Mumbai - BMC",N,2025-10-22 00:00:00+05:30,2025-12-20 00:00:00+05:30,2025-12-21 00:00:00+05:30,2025-12-27 00:00:00+05:30,99.44444444444443,100.0
3409514,"Ghatkopar, Mumbai - BMC",N,2025-10-23 00:00:00+05:30,2025-12-21 00:00:00+05:30,2025-12-22 00:00:00+05:30,2025-12-28 00:00:00+05:30,99.44444444444443,100.0
3409514,"Ghatkopar, Mumbai - BMC",N,2025-10-24 00:00:00+05:30,2025-12-22 00:00:00+05:30,2025-12-23 00:00:00+05:30,2025-12-29 00:00:00+05:30,99.44444444444443,100.0
3409514,"Ghatkopar, Mumbai - BMC",N,2025-10-25 00:00:00+05:30,2025-12-23 00:00:00+05:30,2025-12-24 00:00:00+05:30,2025-12-30 00:00:00+05:30,99.44444444444443,100.0
3409514,"Ghatkopar, Mumbai - BMC",N,2025-10-26 00:00:00+05:30,2025-12-24 00:00:00+05:30,2025-12-25 00:00:00+05:30,2025-12-31 00:00:00+05:30,99.44444444444443,100.0
3409514,"Ghatkopar, Mumbai - BMC",N,2025-10-27 00:00:00+05:30,2025-12-25 00:00:00+05:30,2025-12-26 00:00:00+05:30,2026-01-01 00:00:00+05:30,99.25925925925925,100.0
3409514,"Ghatkopar, Mumbai - BMC",N,2025-10-28 00:00:00+05:30,2025-12-26 00:00:00+05:30,2025-12-27 00:00:00+05:30,2026-01-02 00:00:00+05:30,98.88888888888889,100.0
3409514,"Ghatkopar, Mumbai - BMC",N,2025-10-29 00:00:00+05:30,2025-12-27 00:00:00+05:30,2025-12-28 00:00:00+05:30,2026-01-03 00:00:00+05:30,98.51851851851853,100.0
3409514,"Ghatkopar, Mumbai - BMC",N,2025-10-30 00:00:00+05:30,2025-12-28 00:00:00+05:30,2025-12-29 00:00:00+05:30,2026-01-04 00:00:00+05:30,98.33333333333333,100.0
3409514,"Ghatkopar, Mumbai - BMC",N,2025-10-31 00:00:00+05:30,2025-12-29 00:00:00+05:30,2025-12-30 00:00:00+05:30,2026-01-05 00:00:00+05:30,98.33333333333333,100.0
3409514,"Ghatkopar, Mumbai - BMC",N,2025-11-01 00:00:00+05:30,2025-12-30 00:00:00+05:30,2025-12-31 00:00:00+05:30,2026-01-06 00:00:00+05:30,98.33333333333333,100.0
3409514,"Ghatkopar, Mumbai - BMC",N,2025-11-02 00:00:00+05:30,2025-12-31 00:00:00+05:30,2026-01-01 00:00:00+05:30,2026-01-07 00:00:00+05:30,98.33333333333333,100.0
3409514,"Ghatkopar, Mumbai - BMC",N,2025-11-03 00:00:00+05:30,2026-01-01 00:00:00+05:30,2026-01-02 00:00:00+05:30,2026-01-08 00:00:00+05:30,98.33333333333333,100.0
3409514,"Ghatkopar, Mumbai - BMC",N,2025-11-04 00:00:00+05:30,2026-01-02 00:00:00+05:30,2026-01-03 00:00:00+05:30,2026-01-09 00:00:00+05:30,98.33333333333333,100.0
3409514,"Ghatkopar, Mumbai - BMC",N,2025-11-05 00:00:00+05:30,2026-01-03 00:00:00+05:30,2026-01-04 00:00:00+05:30,2026-01-10 00:00:00+05:30,98.33333333333333,100.0
3409514,"Ghatkopar, Mumbai - BMC",N,2025-11-22 00:00:00+05:30,2026-01-20 00:00:00+05:30,2026-01-21 00:00:00+05:30,2026-01-27 00:00:00+05:30,83.88888888888889,100.0
3409514,"Ghatkopar, Mumbai - BMC",N,2025-11-23 00:00:00+05:30,2026-01-21 00:00:00+05:30,2026-01-22 00:00:00+05:30,2026-01-28 00:00:00+05:30,83.88888888888889,100.0
3409514,"Ghatkopar, Mumbai - BMC",N,2025-11-24 00:00:00+05:30,2026-01-22 00:00:00+05:30,2026-01-23 00:00:00+05:30,2026-01-29 00:00:00+05:30,83.88888888888889,100.0
3409514,"Ghatkopar, Mumbai - BMC",N,2025-11-25 00:00:00+05:30,2026-01-23 00:00:00+05:30,2026-01-24 00:00:00+05:30,2026-01-30 00:00:00+05:30,83.88888888888889,100.0
3409514,"Ghatkopar, Mumbai - BMC",N,2025-11-26 00:00:00+05:30,2026-01-24 00:00:00+05:30,2026-01-25 00:00:00+05:30,2026-01-31 00:00:00+05:30,83.88888888888889,100.0
3409514,"Ghatkopar, Mumbai - BMC",N,2025-11-27 00:00:00+05:30,2026-01-25 00:00:00+05:30,2026-01-26 00:00:00+05:30,2026-02-01 00:00:00+05:30,83.88888888888889,100.0
3409514,"Ghatkopar, Mumbai - BMC",N,2025-11-28 00:00:00+05:30,2026-01-26 00:00:00+05:30,2026-01-27 00:00:00+05:30,2026-02-02 00:00:00+05:30,83.5185185185185,100.0
3409514,"Ghatkopar, Mumbai - BMC",N,2025-11-29 00:00:00+05:30,2026-01-27 00:00:00+05:30,2026-01-28 00:00:00+05:30,2026-02-03 00:00:00+05:30,83.5185185185185,100.0
3409514,"Ghatkopar, Mumbai - BMC",N,2025-11-30 00:00:00+05:30,2026-01-28 00:00:00+05:30,2026-01-29 00:00:00+05:30,2026-02-04 00:00:00+05:30,83.5185185185185,100.0
3409514,"Ghatkopar, Mumbai - BMC",N,2025-12-01 00:00:00+05:30,2026-01-29 00:00:00+05:30,2026-01-30 00:00:00+05:30,2026-02-05 00:00:00+05:30,83.5185185185185,100.0
3409514,"Ghatkopar, Mumbai - BMC",N,2025-12-02 00:00:00+05:30,2026-01-30 00:00:00+05:30,2026-01-31 00:00:00+05:30,2026-02-06 00:00:00+05:30,83.5185185185185,100.0
3409514,"Ghatkopar, Mumbai - BMC",N,2025-12-03 00:00:00+05:30,2026-01-31 00:00:00+05:30,2026-02-01 00:00:00+05:30,2026-02-07 00:00:00+05:30,83.5185185185185,100.0
3409514,"Ghatkopar, Mumbai - BMC",N,2025-12-04 00:00:00+05:30,2026-02-01 00:00:00+05:30,2026-02-02 00:00:00+05:30,2026-02-08 00:00:00+05:30,83.5185185185185,100.0
3409514,"Ghatkopar, Mumbai - BMC",N,2025-12-05 00:00:00+05:30,2026-02-02 00:00:00+05:30,2026-02-03 00:00:00+05:30,2026-02-09 00:00:00+05:30,83.5185185185185,100.0
3409514,"Ghatkopar, Mumbai - BMC",N,2025-12-06 00:00:00+05:30,2026-02-03 00:00:00+05:30,2026-02-04 00:00:00+05:30,2026-02-10 00:00:00+05:30,83.5185185185185,100.0
3409514,"Ghatkopar, Mumbai - BMC",N,2025-12-07 00:00:00+05:30,2026-02-04 00:00:00+05:30,2026-02-05 00:00:00+05:30,2026-02-11 00:00:00+05:30,83.5185185185185,100.0
3409514,"Ghatkopar, Mumbai - BMC",N,2025-12-08 00:00:00+05:30,2026-02-05 00:00:00+05:30,2026-02-06 00:00:00+05:30,2026-02-12 00:00:00+05:30,83.5185185185185,100.0
3409514,"Ghatkopar, Mumbai - BMC",N,2025-12-09 00:00:00+05:30,2026-02-06 00:00:00+05:30,2026-02-07 00:00:00+05:30,2026-02-13 00:00:00+05:30,83.5185185185185,100.0
3409514,"Ghatkopar, Mumbai - BMC",N,2025-12-10 00:00:00+05:30,2026-02-07 00:00:00+05:30,2026-02-08 00:00:00+05:30,2026-02-14 00:00:00+05:30,83.5185185185185,100.0
3409514,"Ghatkopar, Mumbai - BMC",N,2025-12-11 00:00:00+05:30,2026-02-08 00:00:00+05:30,2026-02-09 00:00:00+05:30,2026-02-15 00:00:00+05:30,83.5185185185185,100.0
3409514,"Ghatkopar, Mumbai - BMC",N,2025-12-12 00:00:00+05:30,2026-02-09 00:00:00+05:30,2026-02-10 00:00:00+05:30,2026-02-16 00:00:00+05:30,83.5185185185185,100.0
3409514,"Ghatkopar, Mumbai - BMC",N,2025-12-13 00:00:00+05:30,2026-02-10 00:00:00+05:30,2026-02-11 00:00:00+05:30,2026-02-17 00:00:00+05:30,83.5185185185185,100.0
3409514,"Ghatkopar, Mumbai - BMC",N,2025-12-14 00:00:00+05:30,2026-02-11 00:00:00+05:30,2026-02-12 00:00:00+05:30,2026-02-18 00:00:00+05:30,83.5185185185185,100.0
3409514,"Ghatkopar, Mumbai - BMC",N,2025-12-15 00:00:00+05:30,2026-02-12 00:00:00+05:30,2026-02-13 00:00:00+05:30,2026-02-19 00:00:00+05:30,83.5185185185185,100.0
3409514,"Ghatkopar, Mumbai - BMC",N,2025-12-16 00:00:00+05:30,2026-02-13 00:00:00+05:30,2026-02-14 00:00:00+05:30,2026-02-20 00:00:00+05:30,83.5185185185185,100.0
3409514,"Ghatkopar, Mumbai - BMC",N,2025-12-17 00:00:00+05:30,2026-02-14 00:00:00+05:30,2026-02-15 00:00:00+05:30,2026-02-21 00:00:00+05:30,83.5185185185185,100.0
3409514,"Ghatkopar, Mumbai - BMC",N,2025-12-18 00:00:00+05:30,2026-02-15 00:00:00+05:30,2026-02-16 00:00:00+05:30,2026-02-22 00:00:00+05:30,83.5185185185185,100.0
3409514,"Ghatkopar, Mumbai - BMC",N,2025-12-19 00:00:00+05:30,2026-02-16 00:00:00+05:30,2026-02-17 00:00:00+05:30,2026-02-23 00:00:00+05:30,83.5185185185185,100.0
3409514,"Ghatkopar, Mumbai - BMC",N,2025-12-20 00:00:00+05:30,2026-02-17 00:00:00+05:30,2026-02-18 00:00:00+05:30,2026-02-24 00:00:00+05:30,83.5185185185185,100.0
3409514,"Ghatkopar, Mumbai - BMC",N,2025-12-21 00:00:00+05:30,2026-02-18 00:00:00+05:30,2026-02-19 00:00:00+05:30,2026-02-25 00:00:00+05:30,83.5185185185185,100.0
3409514,"Ghatkopar, Mumbai - BMC",N,2025-12-22 00:00:00+05:30,2026-02-19 00:00:00+05:30,2026-02-20 00:00:00+05:30,2026-02-26 00:00:00+05:30,83.5185185185185,100.0
3409514,"Ghatkopar, Mumbai - BMC",N,2025-12-23 00:00:00+05:30,2026-02-20 00:00:00+05:30,2026-02-21 00:00:00+05:30,2026-02-27 00:00:00+05:30,83.5185185185185,100.0
3409514,"Ghatkopar, Mumbai - BMC",N,2025-12-24 00:00:00+05:30,2026-02-21 00:00:00+05:30,2026-02-22 00:00:00+05:30,2026-02-28 00:00:00+05:30,83.5185185185185,100.0
3409514,"Ghatkopar, Mumbai - BMC",N,2025-12-25 00:00:00+05:30,2026-02-22 00:00:00+05:30,2026-02-23 00:00:00+05:30,2026-03-01 00:00:00+05:30,83.5185185185185,100.0
3409514,"Ghatkopar, Mumbai - BMC",N,2025-12-26 00:00:00+05:30,2026-02-23 00:00:00+05:30,2026-02-24 00:00:00+05:30,2026-03-02 00:00:00+05:30,83.7037037037037,100.0
3409514,"Ghatkopar, Mumbai - BMC",N,2025-12-27 00:00:00+05:30,2026-02-24 00:00:00+05:30,2026-02-25 00:00:00+05:30,2026-03-03 00:00:00+05:30,84.07407407407406,100.0
3409514,"Ghatkopar, Mumbai - BMC",N,2025-12-28 00:00:00+05:30,2026-02-25 00:00:00+05:30,2026-02-26 00:00:00+05:30,2026-03-04 00:00:00+05:30,84.44444444444444,100.0
3409514,"Ghatkopar, Mumbai - BMC",N,2025-12-29 00:00:00+05:30,2026-02-26 00:00:00+05:30,2026-02-27 00:00:00+05:30,2026-03-05 00:00:00+05:30,84.62962962962962,100.0
3409514,"Ghatkopar, Mumbai - BMC",N,2025-12-30 00:00:00+05:30,2026-02-27 00:00:00+05:30,2026-02-28 00:00:00+05:30,2026-03-06 00:00:00+05:30,84.62962962962962,100.0
3409514,"Ghatkopar, Mumbai - BMC",N,2025-12-31 00:00:00+05:30,2026-02-28 00:00:00+05:30,2026-03-01 00:00:00+05:30,2026-03-07 00:00:00+05:30,84.62962962962962,100.0
3409514,"Ghatkopar, Mumbai - BMC",N,2026-01-01 00:00:00+05:30,2026-03-01 00:00:00+05:30,2026-03-02 00:00:00+05:30,2026-03-08 00:00:00+05:30,84.62962962962962,100.0
3409514,"Ghatkopar, Mumbai - BMC",N,2026-01-02 00:00:00+05:30,2026-03-02 00:00:00+05:30,2026-03-03 00:00:00+05:30,2026-03-09 00:00:00+05:30,84.62962962962962,100.0
3409514,"Ghatkopar, Mumbai - BMC",N,2026-01-03 00:00:00+05:30,2026-03-03 00:00:00+05:30,2026-03-04 00:00:00+05:30,2026-03-10 00:00:00+05:30,84.62962962962962,100.0
3409514,"Ghatkopar, Mumbai - BMC",N,2026-01-04 00:00:00+05:30,2026-03-04 00:00:00+05:30,2026-03-05 00:00:00+05:30,2026-03-11 00:00:00+05:30,84.62962962962962,100.0
3409514,"Ghatkopar, Mumbai - BMC",N,2026-01-05 00:00:00+05:30,2026-03-05 00:00:00+05:30,2026-03-06 00:00:00+05:30,2026-03-12 00:00:00+05:30,84.62962962962962,100.0
3409514,"Ghatkopar, Mumbai - BMC",N,2026-01-06 00:00:00+05:30,2026-03-06 00:00:00+05:30,2026-03-07 00:00:00+05:30,2026-03-13 00:00:00+05:30,84.62962962962962,100.0
3409514,"Ghatkopar, Mumbai - BMC",N,2026-01-07 00:00:00+05:30,2026-03-07 00:00:00+05:30,2026-03-08 00:00:00+05:30,2026-03-14 00:00:00+05:30,84.62962962962962,100.0
3409514,"Ghatkopar, Mumbai - BMC",N,2026-01-08 00:00:00+05:30,2026-03-08 00:00:00+05:30,2026-03-09 00:00:00+05:30,2026-03-15 00:00:00+05:30,84.62962962962962,100.0
3409514,"Ghatkopar, Mumbai - BMC",N,2026-01-09 00:00:00+05:30,2026-03-09 00:00:00+05:30,2026-03-10 00:00:00+05:30,2026-03-16 00:00:00+05:30,84.62962962962962,100.0
3409514,"Ghatkopar, Mumbai - BMC",N,2026-01-10 00:00:00+05:30,2026-03-10 00:00:00+05:30,2026-03-11 00:00:00+05:30,2026-03-17 00:00:00+05:30,84.62962962962962,100.0
3409514,"Ghatkopar, Mumbai - BMC",N,2026-01-13 00:00:00+05:30,2026-03-13 00:00:00+05:30,2026-03-14 00:00:00+05:30,2026-03-20 00:00:00+05:30,87.96296296296295,100.0
3409514,"Ghatkopar, Mumbai - BMC",N,2026-01-14 00:00:00+05:30,2026-03-14 00:00:00+05:30,2026-03-15 00:00:00+05:30,2026-03-21 00:00:00+05:30,89.62962962962962,100.0
3409514,"Ghatkopar, Mumbai - BMC",N,2026-01-15 00:00:00+05:30,2026-03-15 00:00:00+05:30,2026-03-16 00:00:00+05:30,2026-03-22 00:00:00+05:30,91.2962962962963,100.0
3409514,"Ghatkopar, Mumbai - BMC",N,2026-01-16 00:00:00+05:30,2026-03-16 00:00:00+05:30,2026-03-17 00:00:00+05:30,2026-03-23 00:00:00+05:30,92.96296296296298,100.0
3409514,"Ghatkopar, Mumbai - BMC",N,2026-01-17 00:00:00+05:30,2026-03-17 00:00:00+05:30,2026-03-18 00:00:00+05:30,2026-03-24 00:00:00+05:30,94.62962962962962,100.0
3409514,"Ghatkopar, Mumbai - BMC",N,2026-01-18 00:00:00+05:30,2026-03-18 00:00:00+05:30,2026-03-19 00:00:00+05:30,2026-03-25 00:00:00+05:30,96.29629629629629,100.0
3409514,"Ghatkopar, Mumbai - BMC",N,2026-01-19 00:00:00+05:30,2026-03-19 00:00:00+05:30,2026-03-20 00:00:00+05:30,2026-03-26 00:00:00+05:30,97.96296296296296,100.0
3409514,"Ghatkopar, Mumbai - BMC",N,2026-01-20 00:00:00+05:30,2026-03-20 00:00:00+05:30,2026-03-21 00:00:00+05:30,2026-03-27 00:00:00+05:30,99.62962962962963,100.0
3409514,"Ghatkopar, Mumbai - BMC",N,2026-01-21 00:00:00+05:30,2026-03-21 00:00:00+05:30,2026-03-22 00:00:00+05:30,2026-03-28 00:00:00+05:30,99.62962962962963,100.0
3409514,"Ghatkopar, Mumbai - BMC",N,2026-01-22 00:00:00+05:30,2026-03-22 00:00:00+05:30,2026-03-23 00:00:00+05:30,2026-03-29 00:00:00+05:30,99.62962962962963,100.0
3409514,"Ghatkopar, Mumbai - BMC",N,2026-01-23 00:00:00+05:30,2026-03-23 00:00:00+05:30,2026-03-24 00:00:00+05:30,2026-03-30 00:00:00+05:30,99.62962962962963,100.0
3409514,"Ghatkopar, Mumbai - BMC",N,2026-01-24 00:00:00+05:30,2026-03-24 00:00:00+05:30,2026-03-25 00:00:00+05:30,2026-03-31 00:00:00+05:30,99.62962962962963,100.0
3409514,"Ghatkopar, Mumbai - BMC",N,2026-01-25 00:00:00+05:30,2026-03-25 00:00:00+05:30,2026-03-26 00:00:00+05:30,2026-04-01 00:00:00+05:30,99.62962962962963,100.0
3409514,"Ghatkopar, Mumbai - BMC",N,2026-01-26 00:00:00+05:30,2026-03-26 00:00:00+05:30,2026-03-27 00:00:00+05:30,2026-04-02 00:00:00+05:30,99.62962962962963,100.0
3409514,"Ghatkopar, Mumbai - BMC",N,2026-01-27 00:00:00+05:30,2026-03-27 00:00:00+05:30,2026-03-28 00:00:00+05:30,2026-04-03 00:00:00+05:30,100.0,100.0
3409514,"Ghatkopar, Mumbai - BMC",N,2026-01-28 00:00:00+05:30,2026-03-28 00:00:00+05:30,2026-03-29 00:00:00+05:30,2026-04-04 00:00:00+05:30,99.8148148148148,100.0
3409514,"Ghatkopar, Mumbai - BMC",N,2026-01-29 00:00:00+05:30,2026-03-29 00:00:00+05:30,2026-03-30 00:00:00+05:30,2026-04-05 00:00:00+05:30,99.44444444444443,100.0
3409514,"Ghatkopar, Mumbai - BMC",N,2026-01-30 00:00:00+05:30,2026-03-30 00:00:00+05:30,2026-03-31 00:00:00+05:30,2026-04-06 00:00:00+05:30,99.25925925925925,100.0
3409514,"Ghatkopar, Mumbai - BMC",N,2026-01-31 00:00:00+05:30,2026-03-31 00:00:00+05:30,2026-04-01 00:00:00+05:30,2026-04-07 00:00:00+05:30,99.25925925925925,100.0
3409514,"Ghatkopar, Mumbai - BMC",N,2026-02-01 00:00:00+05:30,2026-04-01 00:00:00+05:30,2026-04-02 00:00:00+05:30,2026-04-08 00:00:00+05:30,99.25925925925925,100.0
3409514,"Ghatkopar, Mumbai - BMC",N,2026-02-02 00:00:00+05:30,2026-04-02 00:00:00+05:30,2026-04-03 00:00:00+05:30,2026-04-09 00:00:00+05:30,99.25925925925925,100.0
3409514,"Ghatkopar, Mumbai - BMC",N,2026-02-03 00:00:00+05:30,2026-04-03 00:00:00+05:30,2026-04-04 00:00:00+05:30,2026-04-10 00:00:00+05:30,99.25925925925925,100.0
3409514,"Ghatkopar, Mumbai - BMC",N,2026-02-04 00:00:00+05:30,2026-04-04 00:00:00+05:30,2026-04-05 00:00:00+05:30,2026-04-11 00:00:00+05:30,99.25925925925925,100.0
3409514,"Ghatkopar, Mumbai - BMC",N,2026-02-05 00:00:00+05:30,2026-04-05 00:00:00+05:30,2026-04-06 00:00:00+05:30,2026-04-12 00:00:00+05:30,99.25925925925925,100.0
3409514,"Ghatkopar, Mumbai - BMC",N,2026-02-06 00:00:00+05:30,2026-04-06 00:00:00+05:30,2026-04-07 00:00:00+05:30,2026-04-13 00:00:00+05:30,99.25925925925925,100.0
3409514,"Ghatkopar, Mumbai - BMC",N,2026-02-07 00:00:00+05:30,2026-04-07 00:00:00+05:30,2026-04-08 00:00:00+05:30,2026-04-14 00:00:00+05:30,99.25925925925925,100.0
3409514,"Ghatkopar, Mumbai - BMC",N,2026-02-08 00:00:00+05:30,2026-04-08 00:00:00+05:30,2026-04-09 00:00:00+05:30,2026-04-15 00:00:00+05:30,99.25925925925925,100.0
3409514,"Ghatkopar, Mumbai - BMC",N,2026-02-09 00:00:00+05:30,2026-04-09 00:00:00+05:30,2026-04-10 00:00:00+05:30,2026-04-16 00:00:00+05:30,99.25925925925925,100.0
3409514,"Ghatkopar, Mumbai - BMC",N,2026-02-10 00:00:00+05:30,2026-04-10 00:00:00+05:30,2026-04-11 00:00:00+05:30,2026-04-17 00:00:00+05:30,99.25925925925925,100.0
3409514,"Ghatkopar, Mumbai - BMC",N,2026-02-11 00:00:00+05:30,2026-04-11 00:00:00+05:30,2026-04-12 00:00:00+05:30,2026-04-18 00:00:00+05:30,99.25925925925925,100.0
3409514,"Ghatkopar, Mumbai - BMC",N,2026-02-12 00:00:00+05:30,2026-04-12 00:00:00+05:30,2026-04-13 00:00:00+05:30,2026-04-19 00:00:00+05:30,99.25925925925925,100.0
3409514,"Ghatkopar, Mumbai - BMC",N,2026-02-13 00:00:00+05:30,2026-04-13 00:00:00+05:30,2026-04-14 00:00:00+05:30,2026-04-20 00:00:00+05:30,99.25925925925925,100.0
3409514,"Ghatkopar, Mumbai - BMC",N,2026-02-14 00:00:00+05:30,2026-04-14 00:00:00+05:30,2026-04-15 00:00:00+05:30,2026-04-21 00:00:00+05:30,99.25925925925925,100.0
3409514,"Ghatkopar, Mumbai - BMC",N,2026-02-15 00:00:00+05:30,2026-04-15 00:00:00+05:30,2026-04-16 00:00:00+05:30,2026-04-22 00:00:00+05:30,99.25925925925925,100.0
3409514,"Ghatkopar, Mumbai - BMC",N,2026-02-16 00:00:00+05:30,2026-04-16 00:00:00+05:30,2026-04-17 00:00:00+05:30,2026-04-23 00:00:00+05:30,99.25925925925925,100.0
3409514,"Ghatkopar, Mumbai - BMC",N,2026-02-17 00:00:00+05:30,2026-04-17 00:00:00+05:30,2026-04-18 00:00:00+05:30,2026-04-24 00:00:00+05:30,99.25925925925925,100.0
3409514,"Ghatkopar, Mumbai - BMC",N,2026-02-18 00:00:00+05:30,2026-04-18 00:00:00+05:30,2026-04-19 00:00:00+05:30,2026-04-25 00:00:00+05:30,99.25925925925925,100.0
3409514,"Ghatkopar, Mumbai - BMC",N,2026-02-19 00:00:00+05:30,2026-04-19 00:00:00+05:30,2026-04-20 00:00:00+05:30,2026-04-26 00:00:00+05:30,99.07407407407408,100.0
3409514,"Ghatkopar, Mumbai - BMC",N,2026-02-20 00:00:00+05:30,2026-04-20 00:00:00+05:30,2026-04-21 00:00:00+05:30,2026-04-27 00:00:00+05:30,98.88888888888889,100.0
3409514,"Ghatkopar, Mumbai - BMC",N,2026-02-21 00:00:00+05:30,2026-04-21 00:00:00+05:30,2026-04-22 00:00:00+05:30,2026-04-28 00:00:00+05:30,98.7037037037037,100.0
3409514,"Ghatkopar, Mumbai - BMC",N,2026-02-22 00:00:00+05:30,2026-04-22 00:00:00+05:30,2026-04-23 00:00:00+05:30,2026-04-29 00:00:00+05:30,98.7037037037037,100.0
3409514,"Ghatkopar, Mumbai - BMC",N,2026-02-23 00:00:00+05:30,2026-04-23 00:00:00+05:30,2026-04-24 00:00:00+05:30,2026-04-30 00:00:00+05:30,98.51851851851853,100.0
3409514,"Ghatkopar, Mumbai - BMC",N,2026-02-24 00:00:00+05:30,2026-04-24 00:00:00+05:30,2026-04-25 00:00:00+05:30,2026-05-01 00:00:00+05:30,98.33333333333333,100.0
3409514,"Ghatkopar, Mumbai - BMC",N,2026-02-25 00:00:00+05:30,2026-04-25 00:00:00+05:30,2026-04-26 00:00:00+05:30,2026-05-02 00:00:00+05:30,98.14814814814815,100.0
3409514,"Ghatkopar, Mumbai - BMC",N,2026-02-26 00:00:00+05:30,2026-04-26 00:00:00+05:30,2026-04-27 00:00:00+05:30,2026-05-03 00:00:00+05:30,98.14814814814815,100.0
3409514,"Ghatkopar, Mumbai - BMC",N,2026-02-27 00:00:00+05:30,2026-04-27 00:00:00+05:30,2026-04-28 00:00:00+05:30,2026-05-04 00:00:00+05:30,97.96296296296296,100.0
3409514,"Ghatkopar, Mumbai - BMC",N,2026-02-28 00:00:00+05:30,2026-04-28 00:00:00+05:30,2026-04-29 00:00:00+05:30,2026-05-05 00:00:00+05:30,97.96296296296296,100.0
3409514,"Ghatkopar, Mumbai - BMC",N,2026-03-01 00:00:00+05:30,2026-04-29 00:00:00+05:30,2026-04-30 00:00:00+05:30,2026-05-06 00:00:00+05:30,97.96296296296296,100.0
3409514,"Ghatkopar, Mumbai - BMC",N,2026-03-02 00:00:00+05:30,2026-04-30 00:00:00+05:30,2026-05-01 00:00:00+05:30,2026-05-07 00:00:00+05:30,97.96296296296296,100.0
3409514,"Ghatkopar, Mumbai - BMC",N,2026-03-03 00:00:00+05:30,2026-05-01 00:00:00+05:30,2026-05-02 00:00:00+05:30,2026-05-08 00:00:00+05:30,97.96296296296296,100.0
3409514,"Ghatkopar, Mumbai - BMC",N,2026-03-04 00:00:00+05:30,2026-05-02 00:00:00+05:30,2026-05-03 00:00:00+05:30,2026-05-09 00:00:00+05:30,97.96296296296296,100.0
3409514,"Ghatkopar, Mumbai - BMC",N,2026-03-05 00:00:00+05:30,2026-05-03 00:00:00+05:30,2026-05-04 00:00:00+05:30,2026-05-10 00:00:00+05:30,97.96296296296296,100.0
3409514,"Ghatkopar, Mumbai - BMC",N,2026-03-06 00:00:00+05:30,2026-05-04 00:00:00+05:30,2026-05-05 00:00:00+05:30,2026-05-11 00:00:00+05:30,97.96296296296296,100.0
3409514,"Ghatkopar, Mumbai - BMC",N,2026-03-07 00:00:00+05:30,2026-05-05 00:00:00+05:30,2026-05-06 00:00:00+05:30,2026-05-12 00:00:00+05:30,97.96296296296296,100.0
3409514,"Ghatkopar, Mumbai - BMC",N,2026-03-08 00:00:00+05:30,2026-05-06 00:00:00+05:30,2026-05-07 00:00:00+05:30,2026-05-13 00:00:00+05:30,97.96296296296296,100.0
3409514,"Ghatkopar, Mumbai - BMC",N,2026-03-09 00:00:00+05:30,2026-05-07 00:00:00+05:30,2026-05-08 00:00:00+05:30,2026-05-14 00:00:00+05:30,97.96296296296296,100.0
3409514,"Ghatkopar, Mumbai - BMC",N,2026-03-10 00:00:00+05:30,2026-05-08 00:00:00+05:30,2026-05-09 00:00:00+05:30,2026-05-15 00:00:00+05:30,97.96296296296296,100.0
3409514,"Ghatkopar, Mumbai - BMC",N,2026-03-11 00:00:00+05:30,2026-05-09 00:00:00+05:30,2026-05-10 00:00:00+05:30,2026-05-16 00:00:00+05:30,97.96296296296296,100.0
3409514,"Ghatkopar, Mumbai - BMC",N,2026-03-12 00:00:00+05:30,2026-05-10 00:00:00+05:30,2026-05-11 00:00:00+05:30,2026-05-17 00:00:00+05:30,97.96296296296296,100.0
3409514,"Ghatkopar, Mumbai - BMC",N,2026-03-13 00:00:00+05:30,2026-05-11 00:00:00+05:30,2026-05-12 00:00:00+05:30,2026-05-18 00:00:00+05:30,97.96296296296296,100.0
3409514,"Ghatkopar, Mumbai - BMC",N,2026-03-14 00:00:00+05:30,2026-05-12 00:00:00+05:30,2026-05-13 00:00:00+05:30,2026-05-19 00:00:00+05:30,97.96296296296296,100.0
3409514,"Ghatkopar, Mumbai - BMC",N,2026-03-15 00:00:00+05:30,2026-05-13 00:00:00+05:30,2026-05-14 00:00:00+05:30,2026-05-20 00:00:00+05:30,97.96296296296296,100.0
3409514,"Ghatkopar, Mumbai - BMC",N,2026-03-16 00:00:00+05:30,2026-05-14 00:00:00+05:30,2026-05-15 00:00:00+05:30,2026-05-21 00:00:00+05:30,97.96296296296296,100.0
3409514,"Ghatkopar, Mumbai - BMC",N,2026-03-17 00:00:00+05:30,2026-05-15 00:00:00+05:30,2026-05-16 00:00:00+05:30,2026-05-22 00:00:00+05:30,97.96296296296296,100.0
3409514,"Ghatkopar, Mumbai - BMC",N,2026-03-18 00:00:00+05:30,2026-05-16 00:00:00+05:30,2026-05-17 00:00:00+05:30,2026-05-23 00:00:00+05:30,97.96296296296296,100.0
3409514,"Ghatkopar, Mumbai - BMC",N,2026-03-19 00:00:00+05:30,2026-05-17 00:00:00+05:30,2026-05-18 00:00:00+05:30,2026-05-24 00:00:00+05:30,97.96296296296296,100.0
3409514,"Ghatkopar, Mumbai - BMC",N,2026-03-20 00:00:00+05:30,2026-05-18 00:00:00+05:30,2026-05-19 00:00:00+05:30,2026-05-25 00:00:00+05:30,97.96296296296296,100.0
3409514,"Ghatkopar, Mumbai - BMC",N,2026-03-21 00:00:00+05:30,2026-05-19 00:00:00+05:30,2026-05-20 00:00:00+05:30,2026-05-26 00:00:00+05:30,97.96296296296296,100.0
3409514,"Ghatkopar, Mumbai - BMC",N,2026-03-22 00:00:00+05:30,2026-05-20 00:00:00+05:30,2026-05-21 00:00:00+05:30,2026-05-27 00:00:00+05:30,97.96296296296296,100.0
3409514,"Ghatkopar, Mumbai - BMC",N,2026-03-23 00:00:00+05:30,2026-05-21 00:00:00+05:30,2026-05-22 00:00:00+05:30,2026-05-28 00:00:00+05:30,97.96296296296296,100.0
3409514,"Ghatkopar, Mumbai - BMC",N,2026-03-24 00:00:00+05:30,2026-05-22 00:00:00+05:30,2026-05-23 00:00:00+05:30,2026-05-29 00:00:00+05:30,97.96296296296296,100.0
3409514,"Ghatkopar, Mumbai - BMC",N,2026-03-25 00:00:00+05:30,2026-05-23 00:00:00+05:30,2026-05-24 00:00:00+05:30,2026-05-30 00:00:00+05:30,97.96296296296296,100.0
3409514,"Ghatkopar, Mumbai - BMC",N,2026-03-26 00:00:00+05:30,2026-05-24 00:00:00+05:30,2026-05-25 00:00:00+05:30,2026-05-31 00:00:00+05:30,97.96296296296296,100.0
3409514,"Ghatkopar, Mumbai - BMC",N,2026-03-27 00:00:00+05:30,2026-05-25 00:00:00+05:30,2026-05-26 00:00:00+05:30,2026-06-01 00:00:00+05:30,97.96296296296296,100.0
3409514,"Ghatkopar, Mumbai - BMC",N,2026-03-28 00:00:00+05:30,2026-05-26 00:00:00+05:30,2026-05-27 00:00:00+05:30,2026-06-02 00:00:00+05:30,97.96296296296296,100.0
3409514,"Ghatkopar, Mumbai - BMC",N,2026-03-29 00:00:00+05:30,2026-05-27 00:00:00+05:30,2026-05-28 00:00:00+05:30,2026-06-03 00:00:00+05:30,98.14814814814815,100.0
3409514,"Ghatkopar, Mumbai - BMC",N,2026-03-30 00:00:00+05:30,2026-05-28 00:00:00+05:30,2026-05-29 00:00:00+05:30,2026-06-04 00:00:00+05:30,98.51851851851853,100.0
3409514,"Ghatkopar, Mumbai - BMC",N,2026-03-31 00:00:00+05:30,2026-05-29 00:00:00+05:30,2026-05-30 00:00:00+05:30,2026-06-05 00:00:00+05:30,98.51851851851853,100.0
3409514,"Ghatkopar, Mumbai - BMC",N,2026-04-01 00:00:00+05:30,2026-05-30 00:00:00+05:30,2026-05-31 00:00:00+05:30,2026-06-06 00:00:00+05:30,98.33333333333333,100.0
3409514,"Ghatkopar, Mumbai - BMC",N,2026-04-02 00:00:00+05:30,2026-05-31 00:00:00+05:30,2026-06-01 00:00:00+05:30,2026-06-07 00:00:00+05:30,98.33333333333333,100.0
3409514,"Ghatkopar, Mumbai - BMC",N,2026-04-03 00:00:00+05:30,2026-06-01 00:00:00+05:30,2026-06-02 00:00:00+05:30,2026-06-08 00:00:00+05:30,98.33333333333333,100.0
3409514,"Ghatkopar, Mumbai - BMC",N,2026-04-11 00:00:00+05:30,2026-06-09 00:00:00+05:30,2026-06-10 00:00:00+05:30,2026-06-16 00:00:00+05:30,97.59259259259258,100.0
3409514,"Ghatkopar, Mumbai - BMC",N,2026-04-12 00:00:00+05:30,2026-06-10 00:00:00+05:30,2026-06-11 00:00:00+05:30,2026-06-17 00:00:00+05:30,97.59259259259258,100.0
3409514,"Ghatkopar, Mumbai - BMC",N,2026-04-13 00:00:00+05:30,2026-06-11 00:00:00+05:30,2026-06-12 00:00:00+05:30,2026-06-18 00:00:00+05:30,97.4074074074074,100.0
3409514,"Ghatkopar, Mumbai - BMC",N,2026-04-14 00:00:00+05:30,2026-06-12 00:00:00+05:30,2026-06-13 00:00:00+05:30,2026-06-19 00:00:00+05:30,97.4074074074074,100.0
3409514,"Ghatkopar, Mumbai - BMC",N,2026-04-15 00:00:00+05:30,2026-06-13 00:00:00+05:30,2026-06-14 00:00:00+05:30,2026-06-20 00:00:00+05:30,97.4074074074074,100.0
3409514,"Ghatkopar, Mumbai - BMC",N,2026-04-16 00:00:00+05:30,2026-06-14 00:00:00+05:30,2026-06-15 00:00:00+05:30,2026-06-21 00:00:00+05:30,97.4074074074074,100.0
3409514,"Ghatkopar, Mumbai - BMC",N,2026-04-26 00:00:00+05:30,2026-06-24 00:00:00+05:30,2026-06-25 00:00:00+05:30,2026-07-01 00:00:00+05:30,96.29629629629629,100.0
3409514,"Ghatkopar, Mumbai - BMC",N,2026-04-27 00:00:00+05:30,2026-06-25 00:00:00+05:30,2026-06-26 00:00:00+05:30,2026-07-02 00:00:00+05:30,96.29629629629629,100.0
3409514,"Ghatkopar, Mumbai - BMC",N,2026-04-28 00:00:00+05:30,2026-06-26 00:00:00+05:30,2026-06-27 00:00:00+05:30,2026-07-03 00:00:00+05:30,96.48148148148147,100.0
3409514,"Ghatkopar, Mumbai - BMC",N,2026-04-29 00:00:00+05:30,2026-06-27 00:00:00+05:30,2026-06-28 00:00:00+05:30,2026-07-04 00:00:00+05:30,96.29629629629629,100.0
3409514,"Ghatkopar, Mumbai - BMC",N,2026-04-30 00:00:00+05:30,2026-06-28 00:00:00+05:30,2026-06-29 00:00:00+05:30,2026-07-05 00:00:00+05:30,96.11111111111109,100.0
3409514,"Ghatkopar, Mumbai - BMC",N,2026-05-01 00:00:00+05:30,2026-06-29 00:00:00+05:30,2026-06-30 00:00:00+05:30,2026-07-06 00:00:00+05:30,96.11111111111109,100.0
3409514,"Ghatkopar, Mumbai - BMC",N,2026-05-02 00:00:00+05:30,2026-06-30 00:00:00+05:30,2026-07-01 00:00:00+05:30,2026-07-07 00:00:00+05:30,96.11111111111109,100.0
3409514,"Ghatkopar, Mumbai - BMC",N,2026-05-03 00:00:00+05:30,2026-07-01 00:00:00+05:30,2026-07-02 00:00:00+05:30,2026-07-08 00:00:00+05:30,96.11111111111109,100.0
3409514,"Ghatkopar, Mumbai - BMC",N,2026-05-04 00:00:00+05:30,2026-07-02 00:00:00+05:30,2026-07-03 00:00:00+05:30,2026-07-09 00:00:00+05:30,96.11111111111109,100.0
3409514,"Ghatkopar, Mumbai - BMC",N,2026-05-05 00:00:00+05:30,2026-07-03 00:00:00+05:30,2026-07-04 00:00:00+05:30,2026-07-10 00:00:00+05:30,96.11111111111109,100.0
3409514,"Ghatkopar, Mumbai - BMC",N,2026-05-06 00:00:00+05:30,2026-07-04 00:00:00+05:30,2026-07-05 00:00:00+05:30,2026-07-11 00:00:00+05:30,96.11111111111109,100.0
3409514,"Ghatkopar, Mumbai - BMC",N,2026-05-07 00:00:00+05:30,2026-07-05 00:00:00+05:30,2026-07-06 00:00:00+05:30,2026-07-12 00:00:00+05:30,96.11111111111109,100.0
3409514,"Ghatkopar, Mumbai - BMC",N,2026-05-08 00:00:00+05:30,2026-07-06 00:00:00+05:30,2026-07-07 00:00:00+05:30,2026-07-13 00:00:00+05:30,96.11111111111109,100.0
3409514,"Ghatkopar, Mumbai - BMC",N,2026-05-09 00:00:00+05:30,2026-07-07 00:00:00+05:30,2026-07-08 00:00:00+05:30,2026-07-14 00:00:00+05:30,96.11111111111109,100.0
3409514,"Ghatkopar, Mumbai - BMC",N,2026-05-10 00:00:00+05:30,2026-07-08 00:00:00+05:30,2026-07-09 00:00:00+05:30,2026-07-15 00:00:00+05:30,96.11111111111109,100.0
3409514,"Ghatkopar, Mumbai - BMC",N,2026-05-11 00:00:00+05:30,2026-07-09 00:00:00+05:30,2026-07-10 00:00:00+05:30,2026-07-16 00:00:00+05:30,96.11111111111109,100.0
3409514,"Ghatkopar, Mumbai - BMC",N,2026-05-12 00:00:00+05:30,2026-07-10 00:00:00+05:30,2026-07-11 00:00:00+05:30,2026-07-17 00:00:00+05:30,96.11111111111109,100.0
3409514,"Ghatkopar, Mumbai - BMC",N,2026-05-13 00:00:00+05:30,2026-07-11 00:00:00+05:30,2026-07-12 00:00:00+05:30,2026-07-18 00:00:00+05:30,96.11111111111109,100.0
3409514,"Ghatkopar, Mumbai - BMC",N,2026-05-14 00:00:00+05:30,2026-07-12 00:00:00+05:30,2026-07-13 00:00:00+05:30,2026-07-19 00:00:00+05:30,96.11111111111109,100.0
3409514,"Ghatkopar, Mumbai - BMC",N,2026-05-15 00:00:00+05:30,2026-07-13 00:00:00+05:30,2026-07-14 00:00:00+05:30,2026-07-20 00:00:00+05:30,96.11111111111109,100.0
3409514,"Ghatkopar, Mumbai - BMC",N,2026-05-16 00:00:00+05:30,2026-07-14 00:00:00+05:30,2026-07-15 00:00:00+05:30,2026-07-21 00:00:00+05:30,96.11111111111109,100.0
3409514,"Ghatkopar, Mumbai - BMC",N,2026-05-17 00:00:00+05:30,2026-07-15 00:00:00+05:30,2026-07-16 00:00:00+05:30,2026-07-22 00:00:00+05:30,96.11111111111109,100.0
3409514,"Ghatkopar, Mumbai - BMC",N,2026-05-18 00:00:00+05:30,2026-07-16 00:00:00+05:30,2026-07-17 00:00:00+05:30,2026-07-23 00:00:00+05:30,96.11111111111109,100.0
3409514,"Ghatkopar, Mumbai - BMC",N,2026-05-19 00:00:00+05:30,2026-07-17 00:00:00+05:30,2026-07-18 00:00:00+05:30,2026-07-24 00:00:00+05:30,96.11111111111109,100.0
3409514,"Ghatkopar, Mumbai - BMC",N,2026-05-20 00:00:00+05:30,2026-07-18 00:00:00+05:30,2026-07-19 00:00:00+05:30,2026-07-25 00:00:00+05:30,96.11111111111109,100.0
3409514,"Ghatkopar, Mumbai - BMC",N,2026-06-11 00:00:00+05:30,2026-08-09 00:00:00+05:30,2026-08-10 00:00:00+05:30,2026-08-16 00:00:00+05:30,92.22222222222223,100.0
3409514,"Ghatkopar, Mumbai - BMC",N,2026-06-12 00:00:00+05:30,2026-08-10 00:00:00+05:30,2026-08-11 00:00:00+05:30,2026-08-17 00:00:00+05:30,92.4074074074074,100.0
3409514,"Ghatkopar, Mumbai - BMC",N,2026-06-13 00:00:00+05:30,2026-08-11 00:00:00+05:30,2026-08-12 00:00:00+05:30,2026-08-18 00:00:00+05:30,92.4074074074074,100.0
3409514,"Ghatkopar, Mumbai - BMC",N,2026-06-14 00:00:00+05:30,2026-08-12 00:00:00+05:30,2026-08-13 00:00:00+05:30,2026-08-19 00:00:00+05:30,92.4074074074074,100.0
3409514,"Ghatkopar, Mumbai - BMC",N,2026-06-15 00:00:00+05:30,2026-08-13 00:00:00+05:30,2026-08-14 00:00:00+05:30,2026-08-20 00:00:00+05:30,92.4074074074074,100.0
3409514,"Ghatkopar, Mumbai - BMC",N,2026-06-16 00:00:00+05:30,2026-08-14 00:00:00+05:30,2026-08-15 00:00:00+05:30,2026-08-21 00:00:00+05:30,92.4074074074074,100.0
3409514,"Ghatkopar, Mumbai - BMC",N,2026-06-17 00:00:00+05:30,2026-08-15 00:00:00+05:30,2026-08-16 00:00:00+05:30,2026-08-22 00:00:00+05:30,92.4074074074074,100.0
3409514,"Ghatkopar, Mumbai - BMC",N,2026-06-18 00:00:00+05:30,2026-08-16 00:00:00+05:30,2026-08-17 00:00:00+05:30,2026-08-23 00:00:00+05:30,92.4074074074074,100.0
3409514,"Ghatkopar, Mumbai - BMC",N,2026-06-19 00:00:00+05:30,2026-08-17 00:00:00+05:30,2026-08-18 00:00:00+05:30,2026-08-24 00:00:00+05:30,92.4074074074074,100.0
3409514,"Ghatkopar, Mumbai - BMC",N,2026-06-20 00:00:00+05:30,2026-08-18 00:00:00+05:30,2026-08-19 00:00:00+05:30,2026-08-25 00:00:00+05:30,92.4074074074074,100.0
3409514,"Ghatkopar, Mumbai - BMC",N,2026-06-21 00:00:00+05:30,2026-08-19 00:00:00+05:30,2026-08-20 00:00:00+05:30,2026-08-26 00:00:00+05:30,92.59259259259261,100.0
3409514,"Ghatkopar, Mumbai - BMC",N,2026-06-22 00:00:00+05:30,2026-08-20 00:00:00+05:30,2026-08-21 00:00:00+05:30,2026-08-27 00:00:00+05:30,92.59259259259261,100.0
3409514,"Ghatkopar, Mumbai - BMC",N,2026-06-23 00:00:00+05:30,2026-08-21 00:00:00+05:30,2026-08-22 00:00:00+05:30,2026-08-28 00:00:00+05:30,92.77777777777777,100.0
3409514,"Ghatkopar, Mumbai - BMC",N,2026-06-24 00:00:00+05:30,2026-08-22 00:00:00+05:30,2026-08-23 00:00:00+05:30,2026-08-29 00:00:00+05:30,92.96296296296298,100.0
3409514,"Ghatkopar, Mumbai - BMC",N,2026-06-25 00:00:00+05:30,2026-08-23 00:00:00+05:30,2026-08-24 00:00:00+05:30,2026-08-30 00:00:00+05:30,94.62962962962962,100.0
3409514,"Ghatkopar, Mumbai - BMC",N,2026-06-26 00:00:00+05:30,2026-08-24 00:00:00+05:30,2026-08-25 00:00:00+05:30,2026-08-31 00:00:00+05:30,94.62962962962962,100.0
3409514,"Ghatkopar, Mumbai - BMC",N,2026-06-27 00:00:00+05:30,2026-08-25 00:00:00+05:30,2026-08-26 00:00:00+05:30,2026-09-01 00:00:00+05:30,94.44444444444444,100.0
3409514,"Ghatkopar, Mumbai - BMC",N,2026-06-28 00:00:00+05:30,2026-08-26 00:00:00+05:30,2026-08-27 00:00:00+05:30,2026-09-02 00:00:00+05:30,94.44444444444444,100.0
3409514,"Ghatkopar, Mumbai - BMC",N,2026-06-29 00:00:00+05:30,2026-08-27 00:00:00+05:30,2026-08-28 00:00:00+05:30,2026-09-03 00:00:00+05:30,94.62962962962962,100.0
3409514,"Ghatkopar, Mumbai - BMC",N,2026-06-30 00:00:00+05:30,2026-08-28 00:00:00+05:30,2026-08-29 00:00:00+05:30,2026-09-04 00:00:00+05:30,94.62962962962962,100.0
3409514,"Ghatkopar, Mumbai - BMC",N,2026-07-01 00:00:00+05:30,2026-08-29 00:00:00+05:30,2026-08-30 00:00:00+05:30,2026-09-05 00:00:00+05:30,94.62962962962962,100.0
3409514,"Ghatkopar, Mumbai - BMC",N,2026-07-02 00:00:00+05:30,2026-08-30 00:00:00+05:30,2026-08-31 00:00:00+05:30,2026-09-06 00:00:00+05:30,94.44444444444444,100.0
3409514,"Ghatkopar, Mumbai - BMC",N,2026-07-03 00:00:00+05:30,2026-08-31 00:00:00+05:30,2026-09-01 00:00:00+05:30,2026-09-07 00:00:00+05:30,94.44444444444444,100.0
3409514,"Ghatkopar, Mumbai - BMC",N,2026-07-04 00:00:00+05:30,2026-09-01 00:00:00+05:30,2026-09-02 00:00:00+05:30,2026-09-08 00:00:00+05:30,94.44444444444444,100.0
3409514,"Ghatkopar, Mumbai - BMC",N,2026-07-05 00:00:00+05:30,2026-09-02 00:00:00+05:30,2026-09-03 00:00:00+05:30,2026-09-09 00:00:00+05:30,94.44444444444444,100.0
3409514,"Ghatkopar, Mumbai - BMC",N,2026-07-06 00:00:00+05:30,2026-09-03 00:00:00+05:30,2026-09-04 00:00:00+05:30,2026-09-10 00:00:00+05:30,94.44444444444444,100.0
3409514,"Ghatkopar, Mumbai - BMC",N,2026-07-07 00:00:00+05:30,2026-09-04 00:00:00+05:30,2026-09-05 00:00:00+05:30,2026-09-11 00:00:00+05:30,94.44444444444444,100.0
3409514,"Ghatkopar, Mumbai - BMC",N,2026-07-08 00:00:00+05:30,2026-09-05 00:00:00+05:30,2026-09-06 00:00:00+05:30,2026-09-12 00:00:00+05:30,94.44444444444444,100.0
3409514,"Ghatkopar, Mumbai - BMC",N,2026-07-09 00:00:00+05:30,2026-09-06 00:00:00+05:30,2026-09-07 00:00:00+05:30,2026-09-13 00:00:00+05:30,94.25925925925925,100.0
3409514,"Ghatkopar, Mumbai - BMC",N,2026-07-10 00:00:00+05:30,2026-09-07 00:00:00+05:30,2026-09-08 00:00:00+05:30,2026-09-14 00:00:00+05:30,94.07407407407408,100.0
3409514,"Ghatkopar, Mumbai - BMC",N,2026-07-11 00:00:00+05:30,2026-09-08 00:00:00+05:30,2026-09-09 00:00:00+05:30,2026-09-15 00:00:00+05:30,94.07407407407408,100.0
3409514,"Ghatkopar, Mumbai - BMC",N,2026-07-12 00:00:00+05:30,2026-09-09 00:00:00+05:30,2026-09-10 00:00:00+05:30,2026-09-16 00:00:00+05:30,94.07407407407408,100.0
3409514,"Ghatkopar, Mumbai - BMC",N,2026-07-13 00:00:00+05:30,2026-09-10 00:00:00+05:30,2026-09-11 00:00:00+05:30,2026-09-17 00:00:00+05:30,94.07407407407408,100.0
