openaq_location_id,station_name,urban_ward_code,date,pm25,temperature,relativehumidity,wind_speed,no2,o3,so2,co,wind_direction_sin,wind_direction_cos,day_of_year_sin,day_of_year_cos
6945,"Kurla, Mumbai - MPCB",L,2025-10-11 00:00:00+05:30,65.7,44.5,81.5,41.6,4.57,28.3,29.2,0.247,-0.0348994967025009,-0.9993908270190958,-0.9873494423939864,0.15855938510313475
6945,"Kurla, Mumbai - MPCB",L,2025-10-13 00:00:00+05:30,58.4,45.2,60.6,45.4,4.39,28.4,29.2,0.228,0.12186934340514755,-0.992546151641322,-0.9813064702716093,0.19245158197082995
6945,"Kurla, Mumbai - MPCB",L,2025-10-15 00:00:00+05:30,55.0,44.5,82.4,43.3,6.01,28.3,29.2,0.396,-0.06975647374412527,-0.9975640502598242,-0.9741004551724206,0.22611568550828803
6945,"Kurla, Mumbai - MPCB",L,2025-10-16 00:00:00+05:30,61.4,45.5,89.5,37.6,7.84,28.3,29.2,0.57,0.5591929034707469,-0.8290375725550416,-0.970063921851507,0.2428497220959358
6945,"Kurla, Mumbai - MPCB",L,2025-10-17 00:00:00+05:30,44.5,46.1,86.9,39.6,6.54,28.4,29.2,0.436,0.3420201433256689,-0.9396926207859083,-0.965739937654855,0.25951179706979943
6945,"Kurla, Mumbai - MPCB",L,2025-10-18 00:00:00+05:30,49.7,45.9,81.7,44.6,4.62,28.2,29.2,0.255,0.5299192642332049,-0.848048096156426,-0.9611297838723007,0.27609697309746883
6945,"Kurla, Mumbai - MPCB",L,2025-10-19 00:00:00+05:30,52.8,45.9,85.1,42.1,4.11,28.2,29.2,0.201,0.40673664307580043,-0.9135454576426008,-0.9562348265919058,0.2926003356333479
6945,"Kurla, Mumbai - MPCB",L,2025-10-20 00:00:00+05:30,65.5,45.8,88.4,43.2,4.54,28.4,29.2,0.245,0.17364817766693028,-0.984807753012208,-0.9510565162951536,0.30901699437494723
6945,"Kurla, Mumbai - MPCB",L,2025-10-21 00:00:00+05:30,54.0,46.1,84.1,36.3,3.74,28.4,29.2,0.165,-0.08715574274765794,-0.9961946980917455,-0.9455963874271428,0.3253420847119795
6945,"Kurla, Mumbai - MPCB",L,2025-10-22 00:00:00+05:30,43.1,46.1,90.2,32.7,3.56,28.4,29.2,0.147,-0.17364817766693047,-0.984807753012208,-0.9398560579418953,0.341570769167856
6945,"Kurla, Mumbai - MPCB",L,2025-10-23 00:00:00+05:30,38.7,46.1,88.3,44.3,3.4,28.3,29.2,0.13,-0.15643446504023073,-0.9876883405951378,-0.9338372288229252,0.35769823883312546
6945,"Kurla, Mumbai - MPCB",L,2025-10-24 00:00:00+05:30,40.7,46.0,90.5,42.4,3.17,28.4,29.2,0.106,0.05233595624294381,-0.9986295347545738,-0.9275416835791965,0.3737197147904692
6945,"Kurla, Mumbai - MPCB",L,2025-10-25 00:00:00+05:30,29.4,46.0,95.2,37.7,3.13,28.4,29.2,0.103,0.10452846326765373,-0.9945218953682733,-0.9209712877166347,0.38963044953078774
6945,"Kurla, Mumbai - MPCB",L,2025-10-26 00:00:00+05:30,29.2,45.7,99.4,35.8,3.65,28.5,29.2,0.155,0.01745240643728344,-0.9998476951563913,-0.9141279881853337,0.4054257283599973
6945,"Kurla, Mumbai - MPCB",L,2025-10-27 00:00:00+05:30,27.6,45.7,96.2,31.3,3.21,28.5,29.2,0.112,-0.45399049973954664,-0.8910065241883679,-0.9070138128026362,0.42110087079608916
6945,"Kurla, Mumbai - MPCB",L,2025-10-28 00:00:00+05:30,31.1,45.8,95.2,23.0,3.06,28.5,29.2,0.0964,-0.2079116908177595,-0.9781476007338056,-0.8996308696522434,0.4366512319560638
6945,"Kurla, Mumbai - MPCB",L,2025-10-29 00:00:00+05:30,33.0,45.6,93.6,37.3,3.1,28.5,29.2,0.101,0.3583679495453002,-0.9335804264972017,-0.8919813464595487,0.45207220393230374
6945,"Kurla, Mumbai - MPCB",L,2025-10-30 00:00:00+05:30,30.7,45.5,98.1,33.5,3.3,28.4,29.2,0.121,0.7193398003386511,-0.6946583704589974,-0.8840675099433637,0.46735921715800205
6945,"Kurla, Mumbai - MPCB",L,2025-10-31 00:00:00+05:30,29.4,45.3,99.9,35.0,3.93,28.7,29.2,0.184,0.4383711467890773,-0.898794046299167,-0.8758917051442433,0.48250774176121763
6945,"Kurla, Mumbai - MPCB",L,2025-11-01 00:00:00+05:30,30.4,45.2,99.4,39.5,3.77,28.3,29.2,0.166,0.6293203910498374,-0.7771459614569709,-0.8674563547295971,0.4975132889071803
6945,"Kurla, Mumbai - MPCB",L,2025-11-02 00:00:00+05:30,29.1,45.0,99.9,36.7,3.59,28.4,29.2,0.15,0.5877852522924732,-0.8090169943749473,-0.858763958275803,0.5123714121284235
6945,"Kurla, Mumbai - MPCB",L,2025-11-03 00:00:00+05:30,33.0,45.0,97.5,37.9,3.89,28.4,29.2,0.18,0.6819983600624985,-0.7313537016191705,-0.8498170915275277,0.5270777086423724
6945,"Kurla, Mumbai - MPCB",L,2025-11-04 00:00:00+05:30,38.8,45.1,98.2,40.5,3.63,28.4,29.2,0.153,0.9205048534524403,-0.3907311284892738,-0.8406184056344783,0.5416278206559811
6945,"Kurla, Mumbai - MPCB",L,2025-11-05 00:00:00+05:30,41.6,45.1,92.5,36.2,3.34,28.5,29.2,0.123,0.9612616959383189,-0.27563735581699905,-0.8311706263658079,0.5560174366570446
6945,"Kurla, Mumbai - MPCB",L,2025-11-06 00:00:00+05:30,43.7,45.0,94.4,33.1,3.92,28.6,29.2,0.183,0.15643446504023098,-0.9876883405951377,-0.8214765533024145,0.5702422926917867
6945,"Kurla, Mumbai - MPCB",L,2025-11-07 00:00:00+05:30,50.5,44.8,87.4,40.6,4.2,28.5,29.1,0.211,0.8290375725550417,-0.5591929034707467,-0.8115390590073611,0.5842981736283683
6945,"Kurla, Mumbai - MPCB",L,2025-11-08 00:00:00+05:30,43.7,44.9,74.7,36.7,4.17,28.4,29.1,0.21,0.15643446504023098,-0.9876883405951377,-0.801361088174677,0.5981809144059158
6945,"Kurla, Mumbai - MPCB",L,2025-11-09 00:00:00+05:30,47.2,45.0,75.7,29.5,4.4,28.4,28.9,0.231,0.7986355100472927,-0.6018150231520484,-0.7909456567567774,0.6118864012687242
6945,"Kurla, Mumbai - MPCB",L,2025-11-10 00:00:00+05:30,53.8,44.6,91.7,36.9,4.96,28.5,29.2,0.284,0.999194395114446,0.04013179253255974,-0.780295851070776,0.6254105729852457
6945,"Kurla, Mumbai - MPCB",L,2025-11-11 00:00:00+05:30,52.8,44.6,84.6,29.9,5.09,28.4,29.2,0.298,0.5877852522924732,-0.8090169943749473,-0.7694148268839381,0.6387494220515268
6945,"Kurla, Mumbai - MPCB",L,2025-11-12 00:00:00+05:30,51.1,44.8,70.3,24.6,5.05,28.4,29.1,0.297,0.5446390350150273,-0.8386705679454239,-0.7583058084785625,0.6518989958787125
6945,"Kurla, Mumbai - MPCB",L,2025-11-13 00:00:00+05:30,50.0,44.9,65.6,28.4,5.25,28.4,29.1,0.318,0.3090169943749475,-0.9510565162951535,-0.7469720876965551,0.6648553979642866
6945,"Kurla, Mumbai - MPCB",L,2025-11-14 00:00:00+05:30,53.1,45.0,68.9,28.0,5.13,28.4,29.2,0.303,0.39073112848927377,-0.9205048534524404,-0.7354170229639858,0.6776147890466887
6945,"Kurla, Mumbai - MPCB",L,2025-11-15 00:00:00+05:30,54.2,45.0,66.3,20.4,5.45,28.4,29.2,0.339,0.5299192642332049,-0.848048096156426,-0.7236440382959124,0.690173388242972
6945,"Kurla, Mumbai - MPCB",L,2025-11-16 00:00:00+05:30,51.6,45.1,65.5,23.1,5.36,28.5,29.2,0.326,0.7193398003386511,-0.6946583704589974,-0.711656622281775,0.7025274741691566
6945,"Kurla, Mumbai - MPCB",L,2025-11-17 00:00:00+05:30,48.9,45.2,64.0,19.8,4.94,28.4,29.2,0.283,0.9612616959383189,-0.27563735581699905,-0.6994583270516471,0.7146733860429608
6945,"Kurla, Mumbai - MPCB",L,2025-11-18 00:00:00+05:30,52.3,45.2,71.0,8.98,4.87,28.5,29.2,0.278,0.9743700647852352,-0.22495105434386503,-0.6870527672236675,0.7266075247685652
6945,"Kurla, Mumbai - MPCB",L,2025-11-19 00:00:00+05:30,52.4,45.2,66.3,19.4,5.22,28.4,29.2,0.313,0.8191520442889917,-0.5735764363510462,-0.6744436188329457,0.7383263540031063
6945,"Kurla, Mumbai - MPCB",L,2025-11-20 00:00:00+05:30,51.1,45.3,67.9,22.1,5.36,28.4,29.2,0.328,0.6946583704589971,-0.7193398003386513,-0.661634618242279,0.749826401204568
6945,"Kurla, Mumbai - MPCB",L,2025-11-21 00:00:00+05:30,55.0,45.3,73.7,23.5,5.56,28.4,29.2,0.35,0.9135454576426009,-0.40673664307580026,-0.6486295610349818,0.7611042586607742
6945,"Kurla, Mumbai - MPCB",L,2025-11-22 00:00:00+05:30,61.5,45.3,76.1,26.4,6.15,28.3,29.2,0.402,0.7547095802227721,-0.6560590289905072,-0.6354323008901775,0.7721565844991641
6945,"Kurla, Mumbai - MPCB",L,2025-11-23 00:00:00+05:30,61.0,45.2,84.9,31.9,6.49,28.5,29.2,0.44,0.5446390350150273,-0.8386705679454239,-0.622046748440868,0.7829801036770624
6945,"Kurla, Mumbai - MPCB",L,2025-11-24 00:00:00+05:30,60.8,44.9,85.9,41.5,6.25,28.6,29.2,0.416,0.777145961456971,-0.6293203910498373,-0.6084768701151264,0.7935716089521472
6945,"Kurla, Mumbai - MPCB",L,2025-11-25 00:00:00+05:30,71.0,45.1,92.4,42.8,7.13,28.3,29.2,0.495,0.6946583704589971,-0.7193398003386513,-0.594726686960764,0.8039279618328208
6945,"Kurla, Mumbai - MPCB",L,2025-11-26 00:00:00+05:30,66.3,45.0,87.6,39.5,6.36,28.9,29.2,0.428,0.8571673007021123,-0.5150380749100543,-0.5808002734538013,0.8140460935082175
6945,"Kurla, Mumbai - MPCB",L,2025-11-27 00:00:00+05:30,62.5,44.9,83.0,39.7,6.58,28.6,29.2,0.452,0.39073112848927377,-0.9205048534524404,-0.5667017562911184,0.8239230057575536
6945,"Kurla, Mumbai - MPCB",L,2025-11-28 00:00:00+05:30,56.8,44.9,83.3,37.4,7.15,28.6,29.2,0.501,0.5299192642332049,-0.848048096156426,-0.5524353131676203,0.8335557718385695
6945,"Kurla, Mumbai - MPCB",L,2025-11-29 00:00:00+05:30,47.1,44.8,69.0,35.0,6.35,28.7,29.2,0.422,0.258819045102521,-0.9659258262890682,-0.5380051715382992,0.8429415373547832
6945,"Kurla, Mumbai - MPCB",L,2025-11-30 00:00:00+05:30,46.2,44.7,60.7,27.2,6.0,28.6,29.2,0.391,0.8910065241883679,-0.45399049973954675,-0.5234156073655503,0.8520775211013093
6945,"Kurla, Mumbai - MPCB",L,2025-12-01 00:00:00+05:30,50.7,44.6,67.2,24.8,6.19,28.5,29.2,0.412,0.8746197071393959,-0.484809620246337,-0.5086709438521042,0.8609610158889945
6945,"Kurla, Mumbai - MPCB",L,2025-12-02 00:00:00+05:30,53.0,44.5,72.3,27.4,6.97,28.3,29.2,0.476,0.5591929034707469,-0.8290375725550416,-0.49377555015997737,0.8695893893466109
6945,"Kurla, Mumbai - MPCB",L,2025-12-03 00:00:00+05:30,51.9,43.0,69.3,29.8,7.35,28.4,29.2,0.525,0.5446390350150273,-0.8386705679454239,-0.4787338401157883,0.8779600847008883
6945,"Kurla, Mumbai - MPCB",L,2025-12-04 00:00:00+05:30,50.5,39.5,69.8,40.6,6.43,28.4,29.2,0.437,0.01745240643728344,-0.9998476951563913,-0.4635502709028512,0.8860706215341378
6945,"Kurla, Mumbai - MPCB",L,2025-12-05 00:00:00+05:30,49.0,39.5,69.6,40.1,6.25,28.4,29.2,0.416,0.2756373558169992,-0.9612616959383189,-0.4482293417404106,0.893918596519257
6945,"Kurla, Mumbai - MPCB",L,2025-12-06 00:00:00+05:30,46.8,39.4,71.4,40.9,5.72,28.4,29.2,0.365,0.05233595624294381,-0.9986295347545738,-0.4327755925504317,0.9015016841318838
6945,"Kurla, Mumbai - MPCB",L,2025-12-07 00:00:00+05:30,50.1,39.4,71.1,41.6,5.8,28.4,29.2,0.37,0.19080899537654497,-0.981627183447664,-0.41719360261231697,0.9088176373395028
6945,"Kurla, Mumbai - MPCB",L,2025-12-08 00:00:00+05:30,54.3,39.4,69.3,40.5,6.06,28.4,29.2,0.396,0.15643446504023098,-0.9876883405951377,-0.4014879892059737,0.9158642882672868
6945,"Kurla, Mumbai - MPCB",L,2025-12-09 00:00:00+05:30,44.9,39.5,49.7,40.5,6.05,28.4,29.2,0.394,-0.1045284632676535,-0.9945218953682733,-0.38566340624360745,0.9226395488404875
6945,"Kurla, Mumbai - MPCB",L,2025-12-10 00:00:00+05:30,37.7,39.5,45.7,42.0,5.37,28.4,29.2,0.332,0.01745240643728344,-0.9998476951563913,-0.3697245428906732,0.9291414114031743
6945,"Kurla, Mumbai - MPCB",L,2025-12-11 00:00:00+05:30,46.5,39.6,51.7,42.0,5.3,28.4,29.2,0.323,0.3090169943749475,-0.9510565162951535,-0.3536761221763721,0.935367949313148
6945,"Kurla, Mumbai - MPCB",L,2025-12-12 00:00:00+05:30,53.9,39.5,60.2,43.4,5.0,28.4,29.2,0.288,-0.22495105434386498,-0.9743700647852352,-0.33752289959411347,0.941317317512847
6945,"Kurla, Mumbai - MPCB",L,2025-12-13 00:00:00+05:30,59.7,39.5,64.0,43.5,5.72,28.4,29.2,0.361,-0.2419218955996675,-0.9702957262759965,-0.32126966169236515,0.9469877530760751
6945,"Kurla, Mumbai - MPCB",L,2025-12-14 00:00:00+05:30,59.3,39.5,65.0,42.9,5.5,28.4,29.2,0.342,-0.2588190451025208,-0.9659258262890683,-0.3049212246562894,0.9523775757303973
6945,"Kurla, Mumbai - MPCB",L,2025-12-15 00:00:00+05:30,54.2,39.5,62.2,43.3,5.42,28.4,29.2,0.333,-0.22495105434386498,-0.9743700647852352,-0.2884824328806098,0.9574851883550389
6945,"Kurla, Mumbai - MPCB",L,2025-12-16 00:00:00+05:30,54.4,39.5,62.8,43.8,4.78,28.4,29.2,0.269,0.10452846326765373,-0.9945218953682733,-0.27195815753410524,0.9623090774541487
6945,"Kurla, Mumbai - MPCB",L,2025-12-17 00:00:00+05:30,52.1,39.6,61.6,41.2,4.93,28.4,29.2,0.285,-0.19080899537654472,-0.981627183447664,-0.2553532951161881,0.9668478136052773
6945,"Kurla, Mumbai - MPCB",L,2025-12-18 00:00:00+05:30,54.6,39.8,43.6,37.7,5.63,28.3,29.2,0.356,0.4694715627858907,-0.882947592858927,-0.23867276600594997,0.9711000518829505
6945,"Kurla, Mumbai - MPCB",L,2025-12-19 00:00:00+05:30,51.9,39.7,42.3,44.1,5.76,28.5,29.2,0.369,0.6946583704589971,-0.7193398003386513,-0.22192151300416674,0.9750645322571945
6945,"Kurla, Mumbai - MPCB",L,2025-12-24 00:00:00+05:30,63.1,39.6,60.3,43.8,5.49,28.4,29.2,0.333,0.7547095802227721,-0.6560590289905072,-0.13727877211326517,0.9905324521322227
6945,"Kurla, Mumbai - MPCB",L,2025-12-25 00:00:00+05:30,53.7,39.5,67.1,43.2,5.55,28.4,29.2,0.345,-0.4067366430758002,-0.9135454576426009,-0.12020804489935275,0.9927487224577402
6945,"Kurla, Mumbai - MPCB",L,2025-12-26 00:00:00+05:30,57.1,39.4,69.7,43.5,5.78,28.4,29.2,0.368,0.03489949670250114,-0.9993908270190958,-0.10310169744743544,0.9946708199115211
6945,"Kurla, Mumbai - MPCB",L,2025-12-27 00:00:00+05:30,54.2,39.4,68.3,43.5,5.9,28.4,29.2,0.38,-0.5150380749100542,-0.8571673007021123,-0.0859647987374467,0.9962981749346077
6945,"Kurla, Mumbai - MPCB",L,2025-12-28 00:00:00+05:30,55.0,39.5,59.7,44.0,5.63,28.3,29.3,0.353,0.37460659341591224,-0.9271838545667873,-0.06880242680232064,0.9976303053065857
6945,"Kurla, Mumbai - MPCB",L,2025-12-29 00:00:00+05:30,57.3,39.4,68.0,43.5,6.35,28.4,29.2,0.425,-0.29237170472273677,-0.9563047559630354,-0.05161966722325418,0.9986668162884759
6945,"Kurla, Mumbai - MPCB",L,2025-12-30 00:00:00+05:30,64.0,39.4,71.7,43.3,5.42,28.3,29.2,0.332,0.8829475928589269,-0.4694715627858909,-0.034421611622745804,0.9994074007397048
6945,"Kurla, Mumbai - MPCB",L,2025-12-31 00:00:00+05:30,57.7,39.3,85.1,43.3,5.58,28.4,29.2,0.351,0.17364817766693028,-0.984807753012208,-0.01721335615583528,0.9998518392091162
6945,"Kurla, Mumbai - MPCB",L,2026-01-01 00:00:00+05:30,42.8,39.3,90.7,43.0,4.96,28.4,29.2,0.284,0.5446390350150273,-0.8386705679454239,0.0,1.0
6945,"Kurla, Mumbai - MPCB",L,2026-01-02 00:00:00+05:30,54.6,38.6,91.7,41.2,5.45,28.4,29.2,0.335,0.8191520442889917,-0.5735764363510462,0.017213356155834685,0.9998518392091162
6945,"Kurla, Mumbai - MPCB",L,2026-01-03 00:00:00+05:30,59.8,37.8,85.4,37.3,5.74,28.5,29.2,0.365,0.8829475928589269,-0.4694715627858909,0.03442161162274574,0.9994074007397048
6945,"Kurla, Mumbai - MPCB",L,2026-01-04 00:00:00+05:30,62.7,38.2,83.6,37.8,6.59,28.4,29.2,0.449,0.8829475928589269,-0.4694715627858909,0.051619667223253764,0.998666816288476
6945,"Kurla, Mumbai - MPCB",L,2026-01-05 00:00:00+05:30,56.5,38.2,79.5,38.6,5.79,28.4,29.2,0.373,0.788010753606722,-0.6156614753256583,0.06880242680231986,0.9976303053065857
6945,"Kurla, Mumbai - MPCB",L,2026-01-06 00:00:00+05:30,61.3,39.2,80.2,43.8,6.11,28.4,29.2,0.402,-0.1045284632676535,-0.9945218953682733,0.08596479873744647,0.9962981749346078
6945,"Kurla, Mumbai - MPCB",L,2026-01-07 00:00:00+05:30,59.7,39.1,74.9,42.5,5.58,28.5,29.2,0.346,0.45399049973954686,-0.8910065241883678,0.10310169744743485,0.9946708199115211
6945,"Kurla, Mumbai - MPCB",L,2026-01-08 00:00:00+05:30,57.2,38.9,66.6,42.8,5.58,28.5,29.2,0.347,0.48480962024633717,-0.8746197071393957,0.1202080448993527,0.9927487224577402
6945,"Kurla, Mumbai - MPCB",L,2026-01-09 00:00:00+05:30,57.5,38.1,68.6,40.6,5.63,28.3,29.2,0.354,0.37460659341591224,-0.9271838545667873,0.13727877211326478,0.9905324521322229
6945,"Kurla, Mumbai - MPCB",L,2026-01-10 00:00:00+05:30,53.5,37.9,64.5,39.2,5.23,28.4,29.2,0.314,-0.4226182617406993,-0.90630778703665,0.15430882066428117,0.9880226656636976
6945,"Kurla, Mumbai - MPCB",L,2026-01-20 00:00:00+05:30,69.4,41.7,87.6,43.6,6.33,28.3,29.2,0.428,0.3583679495453002,-0.9335804264972017,0.3212696616923644,0.9469877530760753
6945,"Kurla, Mumbai - MPCB",L,2026-01-21 00:00:00+05:30,70.3,41.3,78.3,43.9,6.32,28.4,29.2,0.423,0.2249510543438652,-0.9743700647852351,0.3375228995941133,0.9413173175128471
6945,"Kurla, Mumbai - MPCB",L,2026-01-22 00:00:00+05:30,67.5,41.9,77.8,43.4,6.07,28.4,29.2,0.397,0.12186934340514755,-0.992546151641322,0.3536761221763716,0.9353679493131483
6945,"Kurla, Mumbai - MPCB",L,2026-01-23 00:00:00+05:30,52.4,41.1,90.6,43.5,4.66,28.4,29.2,0.256,0.838670567945424,-0.5446390350150271,0.3697245428906731,0.9291414114031743
6945,"Kurla, Mumbai - MPCB",L,2026-01-24 00:00:00+05:30,54.5,41.4,81.8,43.4,4.81,28.4,29.2,0.271,0.788010753606722,-0.6156614753256583,0.38566340624360707,0.9226395488404876
6945,"Kurla, Mumbai - MPCB",L,2026-01-25 00:00:00+05:30,69.4,41.6,84.6,43.7,5.26,28.5,29.2,0.316,0.6293203910498374,-0.7771459614569709,0.401487989205973,0.9158642882672872
6945,"Kurla, Mumbai - MPCB",L,2026-01-26 00:00:00+05:30,67.8,41.5,85.5,43.4,5.95,28.4,29.2,0.386,0.4383711467890773,-0.898794046299167,0.4171936026123168,0.9088176373395029
6945,"Kurla, Mumbai - MPCB",L,2026-01-27 00:00:00+05:30,45.1,41.4,92.4,43.2,4.41,28.4,29.2,0.231,0.9781476007338057,-0.20791169081775934,0.4327755925504312,0.901501684131884
6945,"Kurla, Mumbai - MPCB",L,2026-01-28 00:00:00+05:30,39.3,41.1,79.5,43.3,4.13,28.4,29.2,0.203,0.8290375725550417,-0.5591929034707467,0.4482293417404106,0.893918596519257
6945,"Kurla, Mumbai - MPCB",L,2026-01-29 00:00:00+05:30,59.8,41.9,73.4,43.5,5.38,28.4,29.2,0.329,0.01745240643728344,-0.9998476951563913,0.4635502709028509,0.886070621534138
6945,"Kurla, Mumbai - MPCB",L,2026-01-30 00:00:00+05:30,68.2,42.3,87.2,43.6,6.06,28.4,29.2,0.399,0.2249510543438652,-0.9743700647852351,0.47873384011578846,0.8779600847008882
6945,"Kurla, Mumbai - MPCB",L,2026-01-31 00:00:00+05:30,51.6,42.4,99.7,44.2,5.01,28.5,29.2,0.29,0.17364817766693028,-0.984807753012208,0.49377555015997715,0.869589389346611
6945,"Kurla, Mumbai - MPCB",L,2026-02-02 00:00:00+05:30,67.5,42.5,63.9,44.0,5.71,28.5,29.2,0.363,0.5735764363510459,-0.8191520442889919,0.5234156073655503,0.8520775211013093
6945,"Kurla, Mumbai - MPCB",L,2026-02-03 00:00:00+05:30,70.8,41.8,75.6,44.0,6.82,28.4,29.2,0.472,-0.6819983600624984,-0.7313537016191706,0.5380051715382996,0.8429415373547828
6945,"Kurla, Mumbai - MPCB",L,2026-02-04 00:00:00+05:30,60.6,43.2,63.0,43.9,5.39,28.3,29.2,0.328,0.3420201433256689,-0.9396926207859083,0.5524353131676196,0.8335557718385699
6945,"Kurla, Mumbai - MPCB",L,2026-02-05 00:00:00+05:30,52.8,42.5,65.5,43.9,5.8,28.3,29.2,0.371,0.19080899537654497,-0.981627183447664,0.5667017562911176,0.8239230057575542
6945,"Kurla, Mumbai - MPCB",L,2026-02-06 00:00:00+05:30,44.3,42.7,63.4,43.8,5.4,28.5,29.2,0.33,-0.2419218955996675,-0.9702957262759965,0.5808002734538009,0.8140460935082178
6945,"Kurla, Mumbai - MPCB",L,2026-02-07 00:00:00+05:30,48.7,43.0,62.4,44.1,5.61,28.4,29.2,0.351,0.05233595624294381,-0.9986295347545738,0.5947266869607634,0.8039279618328213
6945,"Kurla, Mumbai - MPCB",L,2026-02-08 00:00:00+05:30,40.1,43.0,63.5,44.5,5.78,28.5,29.2,0.369,0.39073112848927377,-0.9205048534524404,0.6084768701151261,0.7935716089521474
6945,"Kurla, Mumbai - MPCB",L,2026-02-09 00:00:00+05:30,51.2,43.0,72.5,43.1,5.94,28.4,29.2,0.384,0.4383711467890773,-0.898794046299167,0.6220467484408675,0.7829801036770629
6945,"Kurla, Mumbai - MPCB",L,2026-02-10 00:00:00+05:30,50.8,43.0,74.7,42.4,5.05,28.5,29.2,0.296,0.9396926207859084,-0.3420201433256687,0.6354323008901774,0.7721565844991642
6945,"Kurla, Mumbai - MPCB",L,2026-02-11 00:00:00+05:30,61.2,43.0,74.0,43.9,5.91,28.4,29.2,0.382,0.7193398003386511,-0.6946583704589974,0.6486295610349814,0.7611042586607747
6945,"Kurla, Mumbai - MPCB",L,2026-02-12 00:00:00+05:30,54.6,43.0,75.9,44.0,6.14,28.4,29.2,0.405,0.3420201433256689,-0.9396926207859083,0.6616346182422783,0.7498264012045686
6945,"Kurla, Mumbai - MPCB",L,2026-02-13 00:00:00+05:30,48.6,42.9,72.8,44.1,5.65,28.4,29.2,0.356,0.40673664307580043,-0.9135454576426008,0.6744436188329455,0.7383263540031065
6945,"Kurla, Mumbai - MPCB",L,2026-02-14 00:00:00+05:30,59.5,42.1,68.0,43.8,6.47,28.4,29.2,0.436,0.40673664307580043,-0.9135454576426008,0.6870527672236669,0.7266075247685656
6945,"Kurla, Mumbai - MPCB",L,2026-02-15 00:00:00+05:30,61.7,41.3,68.9,43.3,7.45,28.4,29.2,0.536,0.4226182617406995,-0.9063077870366499,0.699458327051647,0.7146733860429609
6945,"Kurla, Mumbai - MPCB",L,2026-02-16 00:00:00+05:30,53.6,39.5,59.1,44.3,7.46,28.6,29.3,0.523,0.9937679191605964,0.11146893220632569,0.7116566222817746,0.7025274741691571
6945,"Kurla, Mumbai - MPCB",L,2026-02-17 00:00:00+05:30,42.4,40.0,74.3,43.1,4.97,28.5,29.2,0.29,0.9999939076577904,0.0034906514152237985,0.7236440382959124,0.6901733882429719
6945,"Kurla, Mumbai - MPCB",L,2026-02-18 00:00:00+05:30,29.7,39.3,85.1,42.1,4.39,28.5,29.2,0.231,0.9510565162951536,-0.30901699437494734,0.7354170229639855,0.6776147890466889
6945,"Kurla, Mumbai - MPCB",L,2026-02-19 00:00:00+05:30,70.2,39.3,84.5,41.9,5.08,28.4,29.2,0.298,0.9987193571841861,-0.05059294007671344,0.7469720876965552,0.6648553979642865
6945,"Kurla, Mumbai - MPCB",L,2026-02-20 00:00:00+05:30,81.1,39.3,89.3,42.0,7.03,28.4,29.2,0.493,0.7313537016191706,-0.6819983600624984,0.7583058084785624,0.6518989958787126
6945,"Kurla, Mumbai - MPCB",L,2026-02-21 00:00:00+05:30,57.8,41.7,61.6,44.6,7.06,28.4,29.2,0.499,-0.2079116908177595,-0.9781476007338056,0.7694148268839378,0.6387494220515272
6945,"Kurla, Mumbai - MPCB",L,2026-02-24 00:00:00+05:30,163.0,41.3,76.5,44.0,6.56,28.4,29.2,0.499,0.9921147013144778,-0.12533323356430437,0.8013610881746766,0.5981809144059165
6945,"Kurla, Mumbai - MPCB",L,2026-02-25 00:00:00+05:30,266.0,41.3,82.7,43.8,6.25,28.4,29.2,0.395,0.9854078984834901,-0.1702094991660325,0.8115390590073611,0.5842981736283684
6945,"Kurla, Mumbai - MPCB",L,2026-02-26 00:00:00+05:30,266.0,41.3,86.9,43.4,5.02,28.3,29.2,0.29,0.9135454576426009,-0.40673664307580026,0.8214765533024142,0.5702422926917871
6945,"Kurla, Mumbai - MPCB",L,2026-02-27 00:00:00+05:30,176.0,41.2,82.7,43.2,4.27,28.4,29.2,0.214,0.6946583704589971,-0.7193398003386513,0.8311706263658079,0.5560174366570446
6945,"Kurla, Mumbai - MPCB",L,2026-02-28 00:00:00+05:30,47.9,41.2,84.9,43.4,4.65,28.4,29.2,0.252,-0.017452406437283637,-0.9998476951563913,0.8406184056344782,0.5416278206559814
6945,"Kurla, Mumbai - MPCB",L,2026-03-02 00:00:00+05:30,27.9,41.3,90.4,43.8,5.01,28.4,29.2,0.293,0.9510565162951536,-0.30901699437494734,0.8587639582758029,0.5123714121284237
6945,"Kurla, Mumbai - MPCB",L,2026-03-03 00:00:00+05:30,160.0,41.4,87.6,44.0,6.65,28.4,29.2,0.459,-0.35836794954530043,-0.9335804264972017,0.8674563547295969,0.49751328890718066
6945,"Kurla, Mumbai - MPCB",L,2026-03-04 00:00:00+05:30,56.4,41.3,95.7,44.2,7.56,28.4,29.2,0.546,0.8746197071393959,-0.484809620246337,0.8758917051442429,0.48250774176121847
6945,"Kurla, Mumbai - MPCB",L,2026-03-05 00:00:00+05:30,35.8,41.5,54.8,44.0,6.56,28.4,29.2,0.45,-0.32556815445715676,-0.9455185755993167,0.8840675099433636,0.4673592171580022
6945,"Kurla, Mumbai - MPCB",L,2026-03-06 00:00:00+05:30,36.6,41.5,62.5,44.3,5.76,28.4,29.2,0.368,0.5150380749100544,-0.8571673007021122,0.8919813464595485,0.45207220393230435
6945,"Kurla, Mumbai - MPCB",L,2026-03-08 00:00:00+05:30,108.0,41.0,57.2,26.3,5.99,28.3,29.3,0.385,0.9396926207859084,-0.3420201433256687,0.9070138128026359,0.4211008707960896
6945,"Kurla, Mumbai - MPCB",L,2026-03-10 00:00:00+05:30,61.5,42.7,56.5,42.8,5.57,28.4,29.2,0.351,0.9092361090470685,0.41628079226040116,0.9209712877166346,0.38963044953078796
6945,"Kurla, Mumbai - MPCB",L,2026-03-11 00:00:00+05:30,56.9,42.7,84.8,44.4,5.57,28.4,29.2,0.349,0.5150380749100544,-0.8571673007021122,0.9275416835791966,0.37371971479046906
6945,"Kurla, Mumbai - MPCB",L,2026-03-12 00:00:00+05:30,172.0,42.6,92.3,43.9,5.28,28.4,29.2,0.319,0.9902680687415704,-0.13917310096006535,0.9338372288229252,0.35769823883312546
6945,"Kurla, Mumbai - MPCB",L,2026-03-13 00:00:00+05:30,45.5,42.7,69.5,44.1,5.14,28.4,25.1,0.304,0.6156614753256584,-0.7880107536067219,0.9398560579418954,0.3415707691678556
6945,"Kurla, Mumbai - MPCB",L,2026-03-14 00:00:00+05:30,45.9,42.7,74.3,43.9,4.86,28.4,23.4,0.277,0.9937679191605964,-0.11146893220632556,0.9455963874271426,0.3253420847119801
6945,"Kurla, Mumbai - MPCB",L,2026-03-15 00:00:00+05:30,36.1,42.6,86.6,43.7,3.91,28.4,23.4,0.183,0.9973144772244581,-0.07323819712763173,0.9510565162951535,0.30901699437494745
6945,"Kurla, Mumbai - MPCB",L,2026-03-16 00:00:00+05:30,31.7,42.6,88.9,43.4,3.86,28.5,23.4,0.168,0.9510565162951536,-0.30901699437494734,0.9562348265919056,0.29260033563334836
6945,"Kurla, Mumbai - MPCB",L,2026-03-17 00:00:00+05:30,35.5,42.5,94.1,44.5,4.24,28.6,23.3,0.222,0.8191520442889917,-0.5735764363510462,0.9611297838723007,0.27609697309746883
6945,"Kurla, Mumbai - MPCB",L,2026-03-18 00:00:00+05:30,29.1,42.6,75.7,43.4,4.09,28.4,23.4,0.199,0.9466492601156964,0.32226569523051113,0.9657399376548549,0.2595117970697999
6945,"Kurla, Mumbai - MPCB",L,2026-03-19 00:00:00+05:30,20.5,42.6,87.2,43.5,3.97,28.4,23.4,0.186,0.8660254037844387,-0.4999999999999998,0.9700639218515071,0.2428497220959356
6945,"Kurla, Mumbai - MPCB",L,2026-03-20 00:00:00+05:30,24.8,42.6,82.5,43.7,4.08,28.5,23.4,0.199,0.8571673007021123,-0.5150380749100543,0.9741004551724205,0.22611568550828828
6945,"Kurla, Mumbai - MPCB",L,2026-03-21 00:00:00+05:30,25.3,42.6,71.5,43.6,4.67,28.4,23.4,0.258,0.766044443118978,-0.6427876096865394,0.9778483415056568,0.20931464596304847
6945,"Kurla, Mumbai - MPCB",L,2026-03-22 00:00:00+05:30,47.9,42.8,62.0,43.7,5.12,28.3,23.4,0.304,0.8290375725550417,-0.5591929034707467,0.9813064702716093,0.19245158197082998
6945,"Kurla, Mumbai - MPCB",L,2026-03-23 00:00:00+05:30,133.0,42.9,59.3,44.2,6.26,28.5,23.4,0.416,0.9396926207859084,-0.3420201433256687,0.9844738167520922,0.1755314904214282
6945,"Kurla, Mumbai - MPCB",L,2026-03-24 00:00:00+05:30,43.0,42.9,66.9,43.8,4.98,28.4,23.4,0.29,0.9396926207859084,-0.3420201433256687,0.9873494423939864,0.15855938510313475
6945,"Kurla, Mumbai - MPCB",L,2026-03-25 00:00:00+05:30,38.0,42.9,79.3,44.0,4.37,28.4,23.4,0.228,0.9659258262890683,-0.25881904510252085,0.989932495087353,0.141540295217043
6945,"Kurla, Mumbai - MPCB",L,2026-03-26 00:00:00+05:30,47.0,43.0,74.3,43.9,4.65,28.4,23.4,0.255,0.9781476007338057,-0.20791169081775934,0.9922222094179323,0.12447926388678915
6945,"Kurla, Mumbai - MPCB",L,2026-03-27 00:00:00+05:30,51.2,43.0,70.6,43.9,5.12,28.4,23.4,0.303,0.999194395114446,0.04013179253255974,0.994217906893952,0.10738134666416309
6945,"Kurla, Mumbai - MPCB",L,2026-03-28 00:00:00+05:30,36.6,42.9,90.3,43.6,3.92,28.5,23.4,0.182,0.9975640502598242,-0.06975647374412533,0.995918996147179,0.09025161003104117
6945,"Kurla, Mumbai - MPCB",L,2026-03-29 00:00:00+05:30,18.6,42.8,99.9,43.7,3.66,28.6,23.4,0.157,0.9225380894562464,0.3859060423243187,0.9973249731081555,0.07309512989807777
6945,"Kurla, Mumbai - MPCB",L,2026-03-30 00:00:00+05:30,39.8,42.9,89.5,43.3,4.12,28.4,23.4,0.204,0.9781476007338057,-0.20791169081775934,0.9984354211555643,0.055916990100603484
6945,"Kurla, Mumbai - MPCB",L,2026-03-31 00:00:00+05:30,21.7,42.9,87.9,43.6,3.79,28.3,23.4,0.17,0.9781476007338057,-0.20791169081775934,0.9992500112396835,0.03872228089217446
6945,"Kurla, Mumbai - MPCB",L,2026-04-01 00:00:00+05:30,31.7,42.9,90.3,43.3,3.93,28.4,23.4,0.184,0.9998766324816606,0.01570731731182087,0.9997685019798909,0.021516097436222254
6945,"Kurla, Mumbai - MPCB",L,2026-04-02 00:00:00+05:30,27.6,42.8,89.5,43.5,3.95,28.5,23.4,0.186,0.7986355100472927,-0.6018150231520484,0.9999907397361901,0.004303538296244289
6945,"Kurla, Mumbai - MPCB",L,2026-04-03 00:00:00+05:30,37.9,42.9,84.8,43.6,4.37,28.4,23.4,0.228,0.9563047559630355,-0.29237170472273666,0.9999166586547379,-0.01291029607500882
6945,"Kurla, Mumbai - MPCB",L,2026-04-04 00:00:00+05:30,31.9,42.9,87.9,43.7,3.93,28.5,23.4,0.182,0.9455185755993168,-0.32556815445715664,0.9995462806873573,-0.030120304846908114
6945,"Kurla, Mumbai - MPCB",L,2026-04-05 00:00:00+05:30,34.0,42.9,84.8,43.3,3.97,28.4,23.4,0.188,0.989776230907789,0.1426289337055117,0.9988797155850336,-0.04732138832243185
6945,"Kurla, Mumbai - MPCB",L,2026-04-06 00:00:00+05:30,23.9,42.9,85.4,43.4,4.18,28.4,23.4,0.207,0.7313537016191706,-0.6819983600624984,0.9979171608653922,-0.06450844944931623
6945,"Kurla, Mumbai - MPCB",L,2026-04-07 00:00:00+05:30,36.7,42.9,86.7,43.8,4.06,28.4,23.4,0.196,0.8987940462991669,-0.4383711467890775,0.9966589017541702,-0.08167639533042241
6945,"Kurla, Mumbai - MPCB",L,2026-04-08 00:00:00+05:30,38.8,42.9,89.7,43.6,4.32,28.4,23.4,0.218,0.9976842788356053,0.06801529066524821,0.9951053111006976,-0.09882013873287143
6945,"Kurla, Mumbai - MPCB",L,2026-04-09 00:00:00+05:30,45.2,42.9,79.9,44.0,4.51,28.4,23.4,0.243,0.9702957262759965,-0.24192189559966779,0.9932568492674143,-0.11593459959550041
6945,"Kurla, Mumbai - MPCB",L,2026-04-10 00:00:00+05:30,60.8,42.9,74.2,44.0,4.94,28.3,23.4,0.286,0.9963452961909064,-0.08541692313736786,0.9911140639934547,-0.1330147065341959
6945,"Kurla, Mumbai - MPCB",L,2026-04-11 00:00:00+05:30,65.9,42.9,85.1,43.8,5.28,28.4,23.4,0.316,0.9510565162951536,-0.30901699437494734,0.9886775902323405,-0.1500553983446526
6945,"Kurla, Mumbai - MPCB",L,2026-04-12 00:00:00+05:30,49.4,42.9,87.0,43.5,5.16,28.3,23.4,0.31,0.9948807088287882,-0.1010562971829462,0.9859481499638304,-0.16705162550211924
6945,"Kurla, Mumbai - MPCB",L,2026-04-13 00:00:00+05:30,49.1,42.9,89.9,43.9,4.89,28.4,23.4,0.277,0.999559860119384,0.02966624408511075,0.9829265519799822,-0.18399835165768005
6945,"Kurla, Mumbai - MPCB",L,2026-04-14 00:00:00+05:30,52.3,42.8,90.3,43.9,4.75,28.4,23.4,0.269,0.6156614753256584,-0.7880107536067219,0.9796136916454901,-0.20089055513063506
6945,"Kurla, Mumbai - MPCB",L,2026-04-16 00:00:00+05:30,43.6,42.8,76.3,43.2,4.15,28.5,23.4,0.201,0.9835714708133859,0.18051914525056006,0.9721181966290613,-0.23449138957040985
6945,"Kurla, Mumbai - MPCB",L,2026-04-17 00:00:00+05:30,44.0,42.7,90.2,43.5,4.27,28.4,23.3,0.219,0.9612616959383189,-0.27563735581699905,0.9679377830240642,-0.25119006388481935
6945,"Kurla, Mumbai - MPCB",L,2026-04-18 00:00:00+05:30,32.0,42.6,91.8,44.0,4.27,28.3,23.4,0.219,0.8660254037844387,-0.4999999999999998,0.9634705485641488,-0.2678143051621742
6945,"Kurla, Mumbai - MPCB",L,2026-04-19 00:00:00+05:30,117.0,41.9,99.8,43.6,4.31,28.4,23.4,0.225,-0.5591929034707467,-0.8290375725550417,0.9587178169872964,-0.2843591872810034
6945,"Kurla, Mumbai - MPCB",L,2026-04-20 00:00:00+05:30,27.5,41.9,98.4,44.4,4.52,28.5,23.4,0.246,0.7431448254773942,-0.6691306063588582,0.9536809966304457,-0.30081980763566735
6945,"Kurla, Mumbai - MPCB",L,2026-04-21 00:00:00+05:30,41.6,42.5,92.0,45.6,5.84,28.2,23.4,0.383,0.10452846326765373,-0.9945218953682733,0.9483615800121715,-0.3171912885891061
6945,"Kurla, Mumbai - MPCB",L,2026-04-22 00:00:00+05:30,38.1,42.1,98.7,45.4,6.05,28.3,23.4,0.385,0.4694715627858907,-0.882947592858927,0.9427611433904207,-0.3334687789181868
6945,"Kurla, Mumbai - MPCB",L,2026-04-23 00:00:00+05:30,26.1,42.3,67.0,44.6,5.15,28.4,23.4,0.317,0.8987940462991669,-0.4383711467890775,0.9368813462954315,-0.3496474552512284
6945,"Kurla, Mumbai - MPCB",L,2026-04-24 00:00:00+05:30,91.4,42.2,82.9,42.5,5.09,28.5,23.4,0.3,0.9205048534524403,-0.3907311284892738,0.9307239310379795,-0.36572252349726897
6945,"Kurla, Mumbai - MPCB",L,2026-04-25 00:00:00+05:30,55.6,42.2,78.1,43.2,5.3,28.4,23.4,0.319,0.981627183447664,-0.1908089953765448,0.9242907221930933,-0.3816892202666588
6945,"Kurla, Mumbai - MPCB",L,2026-04-26 00:00:00+05:30,47.4,42.2,88.7,44.1,4.93,28.5,23.4,0.283,0.9887563810470059,-0.14953534344370945,0.9175836260593937,-0.39754281428255595
6945,"Kurla, Mumbai - MPCB",L,2026-04-27 00:00:00+05:30,36.3,42.2,93.9,44.2,4.58,28.4,23.4,0.25,0.838670567945424,-0.5446390350150271,0.9106046300942162,-0.4132786077829042
6945,"Kurla, Mumbai - MPCB",L,2026-04-28 00:00:00+05:30,46.0,42.2,91.6,44.1,4.59,28.4,23.4,0.251,0.9967788784562471,-0.08019892432885875,0.9033558023246845,-0.4288919379124835
6945,"Kurla, Mumbai - MPCB",L,2026-04-29 00:00:00+05:30,35.0,42.2,90.5,43.9,4.55,28.5,23.4,0.246,0.8987940462991669,-0.4383711467890775,0.895839290734909,-0.4443781781046132
6945,"Kurla, Mumbai - MPCB",L,2026-04-30 00:00:00+05:30,27.7,42.2,92.2,44.2,4.64,28.4,23.4,0.256,0.90630778703665,-0.42261826174069933,0.8880573226294932,-0.45973273945210397
6945,"Kurla, Mumbai - MPCB",L,2026-05-01 00:00:00+05:30,19.0,42.2,91.7,44.0,4.52,28.4,23.4,0.242,0.9612616959383189,-0.27563735581699905,0.8800122039735357,-0.47495107206704995
6945,"Kurla, Mumbai - MPCB",L,2026-05-02 00:00:00+05:30,272.0,42.2,91.1,44.1,4.54,28.5,23.4,0.245,0.49999999999999994,-0.8660254037844387,0.8717063187093218,-0.4900286664290592
6945,"Kurla, Mumbai - MPCB",L,2026-05-03 00:00:00+05:30,296.0,42.2,91.9,43.8,4.7,28.4,23.4,0.26,0.4694715627858907,-0.882947592858927,0.8631421280499114,-0.5049610547215204
6945,"Kurla, Mumbai - MPCB",L,2026-05-04 00:00:00+05:30,182.0,42.2,90.2,43.7,4.67,28.5,23.4,0.26,0.39073112848927377,-0.9205048534524404,0.854322169749827,-0.5197438121555155
6945,"Kurla, Mumbai - MPCB",L,2026-05-05 00:00:00+05:30,48.1,42.3,87.9,43.8,4.67,28.5,23.4,0.256,0.7071067811865476,-0.7071067811865475,0.8452490573530633,-0.5343725582809786
6945,"Kurla, Mumbai - MPCB",L,2026-05-06 00:00:00+05:30,53.4,42.3,82.9,42.8,4.64,28.5,23.4,0.254,0.9997806834748455,0.02094241988335705,0.8359254794186372,-0.548842958284719
6945,"Kurla, Mumbai - MPCB",L,2026-05-07 00:00:00+05:30,33.1,42.3,88.2,43.9,4.78,28.5,23.4,0.269,0.7547095802227721,-0.6560590289905072,0.8263541987239096,-0.5631507242749186
6945,"Kurla, Mumbai - MPCB",L,2026-05-08 00:00:00+05:30,38.0,42.3,88.9,42.4,4.75,28.4,23.4,0.261,0.9396926207859084,-0.3420201433256687,0.8165380514459161,-0.5772916165517272
6945,"Kurla, Mumbai - MPCB",L,2026-05-11 00:00:00+05:30,52.5,42.4,82.4,40.9,4.87,28.4,23.4,0.274,0.9698720152847469,0.24361501178602238,0.7856498550787147,-0.6186714032625031
6945,"Kurla, Mumbai - MPCB",L,2026-05-12 00:00:00+05:30,41.4,42.3,90.5,43.6,5.02,28.4,23.4,0.293,0.997915618272179,0.06453230825295801,0.7748840413670407,-0.6321034111873487
6945,"Kurla, Mumbai - MPCB",L,2026-05-13 00:00:00+05:30,42.3,42.3,92.0,43.8,4.91,28.5,23.4,0.283,0.9952273999818312,0.09758289975914945,0.7638886127905428,-0.6453481132295501
6945,"Kurla, Mumbai - MPCB",L,2026-05-14 00:00:00+05:30,35.3,42.3,91.8,43.4,4.82,28.4,23.4,0.274,0.9941509639723154,-0.10799935570602294,0.7526668275320085,-0.6584015846980488
6945,"Kurla, Mumbai - MPCB",L,2026-05-15 00:00:00+05:30,33.0,42.3,91.5,43.6,4.81,28.4,23.4,0.27,0.9999984769132877,0.0017453283658982615,0.7412220108485958,-0.6712599575675313
6945,"Kurla, Mumbai - MPCB",L,2026-05-16 00:00:00+05:30,38.1,42.3,92.3,43.6,4.7,28.5,23.4,0.259,0.8910065241883679,-0.45399049973954675,0.7295575540864875,-0.6839194216246106
6945,"Kurla, Mumbai - MPCB",L,2026-05-17 00:00:00+05:30,66.8,42.3,92.6,43.4,4.92,28.5,23.4,0.283,0.9612616959383189,-0.27563735581699905,0.717676913675962,-0.6963762255968722
6945,"Kurla, Mumbai - MPCB",L,2026-05-18 00:00:00+05:30,275.0,42.3,92.8,43.6,5.03,28.5,23.3,0.294,0.996917333733128,-0.07845909572784487,0.705583610107178,-0.7086266782644596
6945,"Kurla, Mumbai - MPCB",L,2026-05-19 00:00:00+05:30,57.4,42.3,91.5,43.8,5.01,28.4,23.4,0.292,0.9583225744651332,0.28568836740497355,0.6932812268869777,-0.7206671495538609
6945,"Kurla, Mumbai - MPCB",L,2026-05-20 00:00:00+05:30,50.2,42.3,89.8,44.1,4.88,28.4,23.4,0.279,0.9895257890689695,-0.14435620100097324,0.6807734094770161,-0.7324940716135789
6945,"Kurla, Mumbai - MPCB",L,2026-05-21 00:00:00+05:30,55.6,42.3,91.2,43.6,4.9,28.4,23.4,0.281,0.9945218953682733,0.10452846326765346,0.6680638642135335,-0.7441039398713607
6945,"Kurla, Mumbai - MPCB",L,2026-05-22 00:00:00+05:30,38.8,42.3,91.9,44.3,4.9,28.4,23.4,0.279,0.8480480961564261,-0.5299192642332048,0.6551563572090853,-0.7554933140726803
6945,"Kurla, Mumbai - MPCB",L,2026-05-23 00:00:00+05:30,38.4,42.4,90.8,43.8,4.94,28.4,23.4,0.282,0.9971851335251157,-0.07497872682632763,0.6420547132365637,-0.766658819300159
6945,"Kurla, Mumbai - MPCB",L,2026-05-24 00:00:00+05:30,31.6,42.4,90.9,43.5,4.87,28.5,23.4,0.277,0.9895257890689695,0.14435620100097316,0.6287628145958344,-0.7775971469736269
6945,"Kurla, Mumbai - MPCB",L,2026-05-25 00:00:00+05:30,42.6,42.4,92.2,43.2,4.78,28.4,23.3,0.269,0.9907478404714436,0.1357155724343044,0.6152845999633276,-0.7883050558305255
6945,"Kurla, Mumbai - MPCB",L,2026-05-26 00:00:00+05:30,42.5,42.4,90.6,42.6,4.9,28.4,23.4,0.283,0.9483236552061993,0.3173046564050921,0.6016240632249226,-0.7987793728863649
6945,"Kurla, Mumbai - MPCB",L,2026-05-27 00:00:00+05:30,34.7,42.4,89.6,43.4,4.84,28.5,23.4,0.274,0.917754625683981,0.3971478906347808,0.5877852522924732,-0.8090169943749473
6945,"Kurla, Mumbai - MPCB",L,2026-05-28 00:00:00+05:30,32.3,42.5,87.1,43.3,4.76,28.4,23.4,0.269,0.9970527522269202,0.07671902812681881,0.5737722679043246,-0.8190148866680801
6945,"Kurla, Mumbai - MPCB",L,2026-05-29 00:00:00+05:30,35.5,42.5,87.7,43.6,4.87,28.4,23.4,0.278,0.9933727656003964,0.11493715049286661,0.5595892624101765,-0.8287700871745038
6945,"Kurla, Mumbai - MPCB",L,2026-05-30 00:00:00+05:30,46.4,42.4,88.7,43.3,4.85,28.4,23.4,0.275,0.9941509639723154,0.10799935570602284,0.545240438540651,-0.8382797052177744
6945,"Kurla, Mumbai - MPCB",L,2026-05-31 00:00:00+05:30,38.0,42.3,90.8,43.5,4.9,28.4,23.4,0.279,0.9999025240093042,0.013962180339145352,0.5307300481619334,-0.8475409228928311
6945,"Kurla, Mumbai - MPCB",L,2026-06-01 00:00:00+05:30,29.6,42.4,87.9,43.3,4.94,28.4,23.4,0.287,0.9472102777460287,0.32061299058567644,0.5160623910158528,-0.8565509959010036
6945,"Kurla, Mumbai - MPCB",L,2026-06-02 00:00:00+05:30,38.5,42.4,87.5,43.7,4.88,28.4,23.4,0.279,0.9907478404714436,-0.1357155724343043,0.5012418134457758,-0.865307254363206
6945,"Kurla, Mumbai - MPCB",L,2026-06-03 00:00:00+05:30,30.6,42.3,90.7,44.3,5.12,28.4,23.4,0.304,0.45399049973954686,-0.8910065241883678,0.48627270710868997,-0.8738071036110808
6945,"Kurla, Mumbai - MPCB",L,2026-06-04 00:00:00+05:30,29.9,42.4,89.8,44.0,5.06,28.4,23.4,0.295,0.9781476007338057,-0.20791169081775934,0.4711595076738638,-0.8820480249558537
6945,"Kurla, Mumbai - MPCB",L,2026-06-09 00:00:00+05:30,78.1,42.5,87.7,42.2,4.7,28.4,23.4,0.259,0.9225380894562464,0.3859060423243187,0.39359027665646673,-0.9192859697186104
6945,"Kurla, Mumbai - MPCB",L,2026-06-10 00:00:00+05:30,40.5,43.0,90.5,41.9,4.66,28.4,23.4,0.258,0.9995065603657316,-0.03141075907812828,0.3777079652039649,-0.9259247771938498
6945,"Kurla, Mumbai - MPCB",L,2026-06-11 00:00:00+05:30,43.9,43.4,89.2,43.8,4.8,28.4,23.4,0.271,0.9966373868180366,0.08193850863004098,0.36171373072976765,-0.9322892131745133
6945,"Kurla, Mumbai - MPCB",L,2026-06-12 00:00:00+05:30,46.7,43.3,90.6,43.7,4.74,28.4,23.4,0.265,0.9943379441332046,0.10626407133623308,0.3456123126707335,-0.9383773917408641
6945,"Kurla, Mumbai - MPCB",L,2026-06-13 00:00:00+05:30,43.6,43.3,90.7,43.3,4.65,28.4,23.4,0.254,0.9939609554551797,0.10973431109104514,0.3294084822245304,-0.9441875088341993
6945,"Kurla, Mumbai - MPCB",L,2026-06-14 00:00:00+05:30,39.4,43.2,88.6,43.3,4.75,28.4,23.4,0.268,0.9862856015372314,0.1650476058606776,0.3131070409358269,-0.9497178427914316
6945,"Kurla, Mumbai - MPCB",L,2026-06-15 00:00:00+05:30,31.7,43.1,87.5,43.1,4.7,28.5,23.4,0.259,0.9993908270190958,-0.034899496702500955,0.29671281927349075,-0.9549667548552551
6945,"Kurla, Mumbai - MPCB",L,2026-06-16 00:00:00+05:30,32.7,42.3,86.6,43.1,4.7,28.4,23.4,0.261,0.9483236552061993,0.3173046564050921,0.28023067519921585,-0.9599326896597447
6945,"Kurla, Mumbai - MPCB",L,2026-06-17 00:00:00+05:30,37.0,42.4,85.4,43.1,4.8,28.4,23.4,0.271,0.9890158633619168,0.14780941112961055,0.26366549272800704,-0.9646141756912435
6945,"Kurla, Mumbai - MPCB",L,2026-06-18 00:00:00+05:30,31.1,42.4,84.6,43.2,4.82,28.4,23.4,0.272,0.9822872507286887,0.18738131458572452,0.24702218048093552,-0.9690098257244062
6945,"Kurla, Mumbai - MPCB",L,2026-06-19 00:00:00+05:30,25.7,42.4,83.0,43.7,4.87,28.4,23.4,0.277,0.9933727656003964,0.11493715049286661,0.23030567023061221,-0.9731183372332619
6945,"Kurla, Mumbai - MPCB",L,2026-06-20 00:00:00+05:30,30.5,42.3,84.4,43.4,4.77,28.4,23.4,0.267,0.9781476007338057,-0.20791169081775934,0.21352091543979612,-0.9769384927771817
6945,"Kurla, Mumbai - MPCB",L,2026-06-21 00:00:00+05:30,24.8,42.3,88.7,43.8,4.89,28.4,23.4,0.279,0.9659258262890683,-0.25881904510252085,0.19667288979357647,-0.980469160361632
6945,"Kurla, Mumbai - MPCB",L,2026-06-22 00:00:00+05:30,22.2,42.3,92.0,43.9,5.08,28.4,23.4,0.299,0.6691306063588583,-0.7431448254773941,0.1797665857255624,-0.9837092937736097
6945,"Kurla, Mumbai - MPCB",L,2026-06-23 00:00:00+05:30,8.48,42.1,99.9,43.7,5.2,28.5,23.4,0.312,-0.8571673007021121,-0.5150380749100544,0.16280701293851715,-0.986657932891657
6945,"Kurla, Mumbai - MPCB",L,2026-06-25 00:00:00+05:30,22.6,42.3,99.9,43.1,5.27,28.4,23.3,0.316,-0.40673664307580015,0.913545457642601,0.12874817745258132,-0.99167731989929
6945,"Kurla, Mumbai - MPCB",L,2026-06-26 00:00:00+05:30,27.7,42.3,95.8,43.9,5.21,28.5,23.4,0.311,0.17364817766693028,-0.984807753012208,0.11165900712169512,-0.993746580436178
6945,"Kurla, Mumbai - MPCB",L,2026-06-27 00:00:00+05:30,20.6,42.3,93.0,44.2,5.27,28.4,23.4,0.318,0.8660254037844387,-0.4999999999999998,0.09453674981719912,-0.9955213724144752
6945,"Kurla, Mumbai - MPCB",L,2026-06-28 00:00:00+05:30,,42.4,95.9,43.9,5.05,28.3,23.4,0.293,0.8290375725550417,-0.5591929034707467,0.07738647923346301,-0.9970011699250151
6945,"Kurla, Mumbai - MPCB",L,2026-06-29 00:00:00+05:30,,42.3,99.8,42.9,5.1,28.5,23.4,0.3,0.5150380749100544,-0.8571673007021122,0.06021327736579302,-0.9981855344718586
6945,"Kurla, Mumbai - MPCB",L,2026-06-30 00:00:00+05:30,,41.7,99.9,43.8,5.33,28.4,23.4,0.321,-0.7986355100472928,-0.6018150231520483,0.04302223300453059,-0.99907411510223
6945,"Kurla, Mumbai - MPCB",L,2026-07-01 00:00:00+05:30,,40.2,99.9,42.4,5.27,28.4,23.4,0.318,1.2246467991473532e-16,-1.0,0.02581844022713308,-0.9996666485105112
6945,"Kurla, Mumbai - MPCB",L,2026-07-02 00:00:00+05:30,,39.4,99.9,41.4,5.47,28.4,23.4,0.337,0.6018150231520482,-0.7986355100472929,0.008606996888688698,-0.9999629591162655
6945,"Kurla, Mumbai - MPCB",L,2026-07-03 00:00:00+05:30,,37.7,99.9,23.0,5.35,28.4,23.4,0.327,0.37460659341591224,-0.9271838545667873,-0.008606996888688009,-0.9999629591162655
6945,"Kurla, Mumbai - MPCB",L,2026-07-04 00:00:00+05:30,,37.8,99.9,32.3,5.36,28.4,23.4,0.328,0.5877852522924732,-0.8090169943749473,-0.02581844022713239,-0.9996666485105112
6945,"Kurla, Mumbai - MPCB",L,2026-07-05 00:00:00+05:30,,37.6,99.9,28.0,4.95,28.3,23.4,0.286,0.45399049973954686,-0.8910065241883678,-0.04302223300453034,-0.99907411510223
6945,"Kurla, Mumbai - MPCB",L,2026-07-06 00:00:00+05:30,,37.6,99.9,29.1,4.9,28.4,23.4,0.282,0.40673664307580043,-0.9135454576426008,-0.060213277365792774,-0.9981855344718586
6945,"Kurla, Mumbai - MPCB",L,2026-07-07 00:00:00+05:30,,36.8,99.9,16.3,4.9,28.4,23.4,0.281,0.17364817766693028,-0.984807753012208,-0.07738647923346322,-0.9970011699250151
6945,"Kurla, Mumbai - MPCB",L,2026-07-08 00:00:00+05:30,,35.5,99.9,6.28,4.95,28.3,23.4,0.285,-0.8571673007021121,-0.5150380749100544,-0.09453674981719933,-0.9955213724144752
6945,"Kurla, Mumbai - MPCB",L,2026-07-09 00:00:00+05:30,65.2,36.8,98.4,5.12,5.45,28.4,23.4,0.34,0.0871557427476582,-0.9961946980917455,-0.11165900712169444,-0.9937465804361781
6945,"Kurla, Mumbai - MPCB",L,2026-07-10 00:00:00+05:30,54.5,36.8,96.5,10.4,5.2,28.4,23.4,0.31,-0.017452406437283637,-0.9998476951563913,-0.12874817745258066,-0.99167731989929
6945,"Kurla, Mumbai - MPCB",L,2026-07-11 00:00:00+05:30,49.9,36.5,96.6,6.9,5.22,28.4,23.4,0.311,0.19080899537654497,-0.981627183447664,-0.14579919691987442,-0.9893142039703664
6945,"Kurla, Mumbai - MPCB",L,2026-07-12 00:00:00+05:30,47.6,36.0,94.2,4.72,5.16,28.4,23.4,0.306,0.2249510543438652,-0.9743700647852351,-0.16280701293851646,-0.9866579328916572
6945,"Kurla, Mumbai - MPCB",L,2026-07-13 00:00:00+05:30,38.4,35.8,92.7,2.32,5.2,28.4,23.4,0.311,-0.017452406437283637,-0.9998476951563913,-0.17976658572556214,-0.9837092937736098
6945,"Kurla, Mumbai - MPCB",L,2026-07-14 00:00:00+05:30,41.2,36.0,92.2,5.58,5.15,28.4,23.4,0.305,0.2756373558169992,-0.9612616959383189,-0.19667288979357622,-0.9804691603616321
6945,"Kurla, Mumbai - MPCB",L,2026-07-15 00:00:00+05:30,37.0,36.0,96.2,3.29,5.48,28.4,23.4,0.338,0.4226182617406995,-0.9063077870366499,-0.2135209154397959,-0.9769384927771817
6945,"Kurla, Mumbai - MPCB",L,2026-07-16 00:00:00+05:30,37.7,36.0,97.5,6.82,7.08,28.4,23.4,0.5,0.4226182617406995,-0.9063077870366499,-0.23030567023061196,-0.973118337233262
6945,"Kurla, Mumbai - MPCB",L,2026-07-17 00:00:00+05:30,35.7,36.0,98.8,9.84,7.08,28.4,23.4,0.5,0.12186934340514755,-0.992546151641322,-0.24702218048093527,-0.9690098257244063
6945,"Kurla, Mumbai - MPCB",L,2026-07-18 00:00:00+05:30,30.1,35.8,99.2,6.05,7.09,28.4,23.4,0.5,0.19080899537654497,-0.981627183447664,-0.2636654927280072,-0.9646141756912435
6945,"Kurla, Mumbai - MPCB",L,2026-07-19 00:00:00+05:30,27.6,35.7,99.7,11.7,7.08,28.4,23.4,0.5,0.39073112848927377,-0.9205048534524404,-0.2802306751992161,-0.9599326896597445
6945,"Kurla, Mumbai - MPCB",L,2026-07-20 00:00:00+05:30,21.3,36.5,99.9,15.8,7.09,28.4,23.4,0.5,0.19080899537654497,-0.981627183447664,-0.2967128192734901,-0.9549667548552553
6945,"Kurla, Mumbai - MPCB",L,2026-07-21 00:00:00+05:30,32.3,38.3,99.6,26.3,7.1,28.4,23.4,0.5,0.5446390350150273,-0.8386705679454239,-0.3131070409358267,-0.9497178427914317
6945,"Kurla, Mumbai - MPCB",L,2026-07-22 00:00:00+05:30,20.3,38.5,99.9,32.0,7.1,28.4,23.4,0.5,0.838670567945424,-0.5446390350150271,-0.3294084822245302,-0.9441875088341994
6945,"Kurla, Mumbai - MPCB",L,2026-07-23 00:00:00+05:30,18.5,38.5,99.9,31.1,7.1,28.4,23.4,0.5,0.7547095802227721,-0.6560590289905072,-0.3456123126707333,-0.9383773917408642
6945,"Kurla, Mumbai - MPCB",L,2026-07-24 00:00:00+05:30,24.6,39.6,99.9,41.3,7.1,28.4,23.4,0.5,0.9998476951563913,0.0174524064372836,-0.3617137307297674,-0.9322892131745134
6945,"Kurla, Mumbai - MPCB",L,2026-07-25 00:00:00+05:30,28.7,39.9,99.4,41.1,7.1,28.4,23.4,0.5,0.9997426093226983,-0.02268733357278122,-0.37770796520396466,-0.9259247771938499
6945,"Kurla, Mumbai - MPCB",L,2026-07-26 00:00:00+05:30,29.7,39.8,99.8,41.4,7.1,28.4,23.4,0.5,0.9612616959383189,-0.27563735581699905,-0.39359027665646645,-0.9192859697186105
6945,"Kurla, Mumbai - MPCB",L,2026-07-27 00:00:00+05:30,28.9,39.7,99.9,41.6,7.1,28.4,23.4,0.5,0.9980267284282716,0.0627905195293133,-0.4093559588156211,-0.9123747579707274
6945,"Kurla, Mumbai - MPCB",L,2026-07-28 00:00:00+05:30,37.9,39.7,99.7,38.7,7.1,28.4,23.4,0.5,0.985996037070505,-0.16676874671610223,-0.42500033996955394,-0.9051931898913975
6945,"Kurla, Mumbai - MPCB",L,2026-07-29 00:00:00+05:30,42.5,39.7,99.8,38.3,7.1,28.4,23.4,0.5,0.9992629164106211,-0.03838780908751993,-0.4405187843504952,-0.8977433935342336
6945,"Kurla, Mumbai - MPCB",L,2026-08-04 00:00:00+05:30,28.2,38.5,99.9,32.8,7.08,28.4,23.4,0.5,0.9781476007338057,-0.20791169081775934,-0.5307300481619331,-0.8475409228928312
6945,"Kurla, Mumbai - MPCB",L,2026-08-05 00:00:00+05:30,25.7,38.8,99.9,37.1,7.1,28.4,23.4,0.5,0.9781476007338057,-0.20791169081775934,-0.5452404385406507,-0.8382797052177745
6945,"Kurla, Mumbai - MPCB",L,2026-08-06 00:00:00+05:30,28.9,39.0,99.7,33.5,7.1,28.4,23.4,0.5,0.838670567945424,-0.5446390350150271,-0.5595892624101763,-0.828770087174504
6945,"Kurla, Mumbai - MPCB",L,2026-08-07 00:00:00+05:30,28.6,40.9,97.7,41.6,7.1,28.4,23.4,0.5,0.9912155402515417,0.13225639025712246,-0.5737722679043243,-0.8190148866680802
6945,"Kurla, Mumbai - MPCB",L,2026-08-08 00:00:00+05:30,33.5,41.4,98.6,43.0,7.1,28.4,23.4,0.5,0.9950555699612262,0.0993197497436391,-0.5877852522924734,-0.8090169943749472
6945,"Kurla, Mumbai - MPCB",L,2026-08-09 00:00:00+05:30,31.4,41.5,98.6,43.1,7.09,28.3,23.4,0.5,0.981627183447664,-0.1908089953765448,-0.6016240632249227,-0.7987793728863648
6945,"Kurla, Mumbai - MPCB",L,2026-08-10 00:00:00+05:30,26.2,41.5,98.5,42.8,7.1,28.4,23.4,0.5,0.917754625683981,0.3971478906347808,-0.6152845999633277,-0.7883050558305253
6945,"Kurla, Mumbai - MPCB",L,2026-08-11 00:00:00+05:30,19.1,41.4,99.9,43.2,7.1,28.4,23.4,0.5,0.3255681544571566,-0.9455185755993168,-0.6287628145958345,-0.7775971469736268
6945,"Kurla, Mumbai - MPCB",L,2026-08-12 00:00:00+05:30,24.8,41.3,99.2,43.1,7.1,28.4,23.4,0.5,0.9997014897811831,-0.024432178152653125,-0.6420547132365636,-0.7666588193001592
6945,"Kurla, Mumbai - MPCB",L,2026-08-13 00:00:00+05:30,24.4,41.2,99.9,43.4,7.08,28.4,23.4,0.5,0.9991228300988584,0.04187565372919975,-0.655156357209085,-0.7554933140726804
6945,"Kurla, Mumbai - MPCB",L,2026-08-14 00:00:00+05:30,30.2,40.3,98.4,41.4,7.08,28.4,23.4,0.5,0.9987193571841863,0.05059294007671311,-0.6680638642135333,-0.7441039398713608
6945,"Kurla, Mumbai - MPCB",L,2026-08-15 00:00:00+05:30,12.1,39.6,99.9,43.6,7.07,28.4,23.4,0.5,0.9918944425900297,0.12706460860135038,-0.6807734094770159,-0.7324940716135792
6945,"Kurla, Mumbai - MPCB",L,2026-08-16 00:00:00+05:30,21.1,40.0,97.3,42.7,7.08,28.4,23.4,0.5,0.9989705697907147,-0.04536298812925356,-0.6932812268869771,-0.7206671495538615
6945,"Kurla, Mumbai - MPCB",L,2026-08-17 00:00:00+05:30,26.5,40.0,99.7,43.6,7.07,28.4,23.4,0.5,0.9947028171171742,-0.10279253678724679,-0.7055836101071774,-0.70862667826446
6945,"Kurla, Mumbai - MPCB",L,2026-08-18 00:00:00+05:30,24.1,40.1,99.5,42.2,7.07,28.4,23.4,0.5,0.9547607995027975,0.2973748740777859,-0.7176769136759615,-0.6963762255968726
6945,"Kurla, Mumbai - MPCB",L,2026-08-19 00:00:00+05:30,25.1,40.1,97.9,41.2,7.07,28.4,23.4,0.5,0.9879598657693891,-0.15471038629946815,-0.7295575540864876,-0.6839194216246105
6945,"Kurla, Mumbai - MPCB",L,2026-08-20 00:00:00+05:30,22.6,40.0,98.1,42.6,7.07,28.3,23.4,0.5,0.9998766324816606,0.01570731731182087,-0.7412220108485957,-0.6712599575675315
6945,"Kurla, Mumbai - MPCB",L,2026-08-21 00:00:00+05:30,28.7,40.0,98.6,41.3,7.07,28.4,23.4,0.5,0.9993283937786562,0.036643708706556276,-0.7526668275320083,-0.6584015846980489
6945,"Kurla, Mumbai - MPCB",L,2026-08-22 00:00:00+05:30,26.7,40.0,98.6,41.7,7.08,28.4,23.4,0.5,0.9998766324816606,0.01570731731182087,-0.7638886127905429,-0.64534811322955
6945,"Kurla, Mumbai - MPCB",L,2026-08-23 00:00:00+05:30,22.5,39.8,98.0,37.6,7.09,28.4,23.4,0.5,0.9937679191605964,-0.11146893220632556,-0.7748840413670406,-0.6321034111873488
6945,"Kurla, Mumbai - MPCB",L,2026-08-24 00:00:00+05:30,21.8,39.4,98.5,37.5,7.09,28.3,23.4,0.5,0.9851093261547739,-0.1719291002794096,-0.7856498550787144,-0.6186714032625032
6945,"Kurla, Mumbai - MPCB",L,2026-08-25 00:00:00+05:30,25.9,39.3,97.9,32.1,7.07,28.4,23.4,0.5,0.90630778703665,-0.42261826174069933,-0.7961828637826154,-0.6050560696488494
6945,"Kurla, Mumbai - MPCB",L,2026-08-26 00:00:00+05:30,27.0,39.1,96.2,33.0,7.07,28.4,23.4,0.5,0.9918944425900297,-0.1270646086013505,-0.8064799463209447,-0.5912614448635782
6945,"Kurla, Mumbai - MPCB",L,2026-08-27 00:00:00+05:30,23.4,39.2,97.9,33.8,7.07,28.4,23.4,0.5,0.9563047559630355,-0.29237170472273666,-0.8165380514459157,-0.5772916165517278
6945,"Kurla, Mumbai - MPCB",L,2026-08-28 00:00:00+05:30,17.2,39.3,99.9,41.9,7.08,28.9,23.4,0.5,0.9128341772330428,0.40833046038138476,-0.8263541987239094,-0.5631507242749187
6945,"Kurla, Mumbai - MPCB",L,2026-08-29 00:00:00+05:30,16.7,39.2,99.9,38.9,7.07,28.4,23.4,0.5,0.9862856015372314,0.1650476058606776,-0.8359254794186365,-0.5488429582847199
6945,"Kurla, Mumbai - MPCB",L,2026-08-30 00:00:00+05:30,,38.9,95.4,24.7,7.07,28.3,23.4,0.5,0.7313537016191706,-0.6819983600624984,-0.8452490573530634,-0.5343725582809785
6945,"Kurla, Mumbai - MPCB",L,2026-08-31 00:00:00+05:30,,38.9,95.9,29.4,7.07,28.4,23.4,0.5,0.8191520442889917,-0.5735764363510462,-0.8543221697498269,-0.5197438121555157
6945,"Kurla, Mumbai - MPCB",L,2026-09-01 00:00:00+05:30,,38.8,97.7,26.6,7.07,28.4,23.4,0.5,0.8480480961564261,-0.5299192642332048,-0.8631421280499115,-0.5049610547215202
6945,"Kurla, Mumbai - MPCB",L,2026-09-02 00:00:00+05:30,,38.8,98.4,33.5,7.06,28.4,23.4,0.5,0.9935718556765875,-0.11320321376790671,-0.8717063187093217,-0.4900286664290594
6945,"Kurla, Mumbai - MPCB",L,2026-09-03 00:00:00+05:30,,39.0,98.0,36.7,7.07,28.4,23.4,0.5,0.9271838545667874,-0.37460659341591207,-0.8800122039735356,-0.4749510720670502
6945,"Kurla, Mumbai - MPCB",L,2026-09-04 00:00:00+05:30,,39.2,95.0,36.7,7.07,28.4,23.4,0.5,0.9992629164106211,0.038387809087520056,-0.888057322629493,-0.4597327394521046
6945,"Kurla, Mumbai - MPCB",L,2026-09-05 00:00:00+05:30,,38.1,97.3,26.7,7.07,28.4,23.4,0.5,0.8746197071393959,-0.484809620246337,-0.8958392907349089,-0.4443781781046134
6945,"Kurla, Mumbai - MPCB",L,2026-09-06 00:00:00+05:30,,38.5,98.9,29.9,7.07,28.4,23.4,0.5,0.8746197071393959,-0.484809620246337,-0.9033558023246842,-0.4288919379124841
6945,"Kurla, Mumbai - MPCB",L,2026-09-07 00:00:00+05:30,,39.0,95.8,33.1,7.07,28.4,23.4,0.5,0.9939609554551797,-0.10973431109104524,-0.9106046300942162,-0.41327860778290443
6945,"Kurla, Mumbai - MPCB",L,2026-09-08 00:00:00+05:30,47.0,38.8,93.1,28.3,7.07,28.4,23.4,0.5,0.90630778703665,-0.42261826174069933,-0.9175836260593934,-0.3975428142825566
6945,"Kurla, Mumbai - MPCB",L,2026-09-09 00:00:00+05:30,29.2,38.8,93.5,28.3,7.07,28.4,23.4,0.5,0.9335804264972017,-0.35836794954530027,-0.9242907221930934,-0.3816892202666586
6945,"Kurla, Mumbai - MPCB",L,2026-09-10 00:00:00+05:30,21.5,39.0,97.2,33.3,7.07,28.4,23.4,0.5,0.9781476007338057,-0.20791169081775934,-0.9307239310379793,-0.3657225234972692
6945,"Kurla, Mumbai - MPCB",L,2026-09-11 00:00:00+05:30,21.9,39.0,96.4,34.1,7.07,28.4,23.4,0.5,0.8480480961564261,-0.5299192642332048,-0.9368813462954315,-0.34964745525122826
6945,"Kurla, Mumbai - MPCB",L,2026-09-12 00:00:00+05:30,23.0,38.8,96.9,34.3,7.07,28.4,23.4,0.5,0.8746197071393959,-0.484809620246337,-0.9427611433904206,-0.33346877891818705
6945,"Kurla, Mumbai - MPCB",L,2026-09-13 00:00:00+05:30,9.51,38.2,99.9,40.7,7.07,28.4,23.4,0.5,0.5150380749100544,-0.8571673007021122,-0.9483615800121716,-0.31719128858910595
6945,"Kurla, Mumbai - MPCB",L,2026-09-14 00:00:00+05:30,13.6,38.5,98.2,34.5,7.07,28.4,23.4,0.5,0.8571673007021123,-0.5150380749100543,-0.9536809966304455,-0.300819807635668
6945,"Kurla, Mumbai - MPCB",L,2026-09-15 00:00:00+05:30,12.2,38.4,99.4,35.8,7.07,28.4,23.4,0.5,0.48480962024633717,-0.8746197071393957,-0.9587178169872964,-0.2843591872810036
6945,"Kurla, Mumbai - MPCB",L,2026-09-16 00:00:00+05:30,18.3,38.4,96.6,34.8,7.07,28.4,23.4,0.5,0.3255681544571566,-0.9455185755993168,-0.9634705485641486,-0.26781430516217486
6945,"Kurla, Mumbai - MPCB",L,2026-09-17 00:00:00+05:30,22.8,38.9,94.9,33.1,7.07,28.4,23.4,0.5,0.4694715627858907,-0.882947592858927,-0.9679377830240642,-0.25119006388481957
6967,"Sion, Mumbai - MPCB",FN,2025-10-11 00:00:00+05:30,37.6,29.6,72.2,0.722,15.8,11.5,7.71,0.288,0.7431448254773942,-0.6691306063588582,-0.9873494423939864,0.15855938510313475
6967,"Sion, Mumbai - MPCB",FN,2025-10-12 00:00:00+05:30,36.8,29.8,71.2,0.716,16.1,11.4,7.72,0.285,0.7431448254773942,-0.6691306063588582,-0.9844738167520923,0.17553149042142777
6967,"Sion, Mumbai - MPCB",FN,2025-10-13 00:00:00+05:30,71.0,29.7,69.5,0.729,15.8,11.2,7.76,0.281,0.766044443118978,-0.6427876096865394,-0.9813064702716093,0.19245158197082995
6967,"Sion, Mumbai - MPCB",FN,2025-10-14 00:00:00+05:30,93.5,29.5,70.7,0.729,15.1,11.2,7.79,0.283,0.766044443118978,-0.6427876096865394,-0.9778483415056567,0.20931464596304888
6967,"Sion, Mumbai - MPCB",FN,2025-10-15 00:00:00+05:30,124.0,29.5,73.4,0.73,13.1,11.7,7.83,0.293,0.777145961456971,-0.6293203910498373,-0.9741004551724206,0.22611568550828803
6967,"Sion, Mumbai - MPCB",FN,2025-10-16 00:00:00+05:30,265.0,30.1,78.4,0.649,7.2,12.6,7.69,0.314,0.5735764363510459,-0.8191520442889919,-0.970063921851507,0.2428497220959358
6967,"Sion, Mumbai - MPCB",FN,2025-10-17 00:00:00+05:30,43.9,31.3,73.1,0.648,7.42,11.7,7.7,0.292,0.5735764363510459,-0.8191520442889919,-0.965739937654855,0.25951179706979943
6967,"Sion, Mumbai - MPCB",FN,2025-10-18 00:00:00+05:30,65.9,31.0,71.0,0.648,8.54,11.4,7.68,0.284,0.5735764363510459,-0.8191520442889919,-0.9611297838723007,0.27609697309746883
6967,"Sion, Mumbai - MPCB",FN,2025-10-19 00:00:00+05:30,63.4,30.8,73.4,0.648,8.57,11.7,7.72,0.294,0.5735764363510459,-0.8191520442889919,-0.9562348265919058,0.2926003356333479
6967,"Sion, Mumbai - MPCB",FN,2025-10-20 00:00:00+05:30,88.5,30.4,77.8,0.649,8.12,12.4,7.76,0.31,0.5735764363510459,-0.8191520442889919,-0.9510565162951536,0.30901699437494723
6967,"Sion, Mumbai - MPCB",FN,2025-10-21 00:00:00+05:30,64.3,29.6,77.0,0.71,8.36,12.3,7.78,0.308,0.7193398003386511,-0.6946583704589974,-0.9455963874271428,0.3253420847119795
6967,"Sion, Mumbai - MPCB",FN,2025-10-22 00:00:00+05:30,47.9,29.9,79.6,0.729,7.46,12.7,7.72,0.319,0.7547095802227721,-0.6560590289905072,-0.9398560579418953,0.341570769167856
6967,"Sion, Mumbai - MPCB",FN,2025-10-23 00:00:00+05:30,63.2,31.2,75.4,0.648,7.48,12.0,7.69,0.302,0.5591929034707469,-0.8290375725550416,-0.9338372288229252,0.35769823883312546
6967,"Sion, Mumbai - MPCB",FN,2025-10-24 00:00:00+05:30,52.3,30.4,78.9,0.666,8.03,12.6,7.65,0.316,0.6018150231520482,-0.7986355100472929,-0.9275416835791965,0.3737197147904692
6967,"Sion, Mumbai - MPCB",FN,2025-10-25 00:00:00+05:30,54.6,28.8,85.3,0.699,8.56,13.7,7.68,0.341,0.6819983600624985,-0.7313537016191705,-0.9209712877166347,0.38963044953078774
6967,"Sion, Mumbai - MPCB",FN,2025-10-26 00:00:00+05:30,28.7,27.6,88.1,0.665,8.28,14.1,7.71,0.353,0.5877852522924732,-0.8090169943749473,-0.9141279881853337,0.4054257283599973
6967,"Sion, Mumbai - MPCB",FN,2025-10-27 00:00:00+05:30,14.5,27.9,88.3,0.778,8.72,14.1,7.71,0.353,0.838670567945424,-0.5446390350150271,-0.9070138128026362,0.42110087079608916
6967,"Sion, Mumbai - MPCB",FN,2025-10-28 00:00:00+05:30,26.7,28.4,82.5,0.73,9.05,13.2,7.69,0.33,0.7431448254773942,-0.6691306063588582,-0.8996308696522434,0.4366512319560638
6967,"Sion, Mumbai - MPCB",FN,2025-10-29 00:00:00+05:30,35.1,31.2,75.3,0.65,9.17,12.4,7.58,0.311,0.5299192642332049,-0.848048096156426,-0.8919813464595487,0.45207220393230374
6967,"Sion, Mumbai - MPCB",FN,2025-10-30 00:00:00+05:30,35.0,27.9,85.6,0.751,8.5,13.7,7.7,0.343,0.788010753606722,-0.6156614753256583,-0.8840675099433637,0.46735921715800205
6967,"Sion, Mumbai - MPCB",FN,2025-10-31 00:00:00+05:30,19.9,27.0,90.9,0.752,8.67,14.5,7.71,0.363,0.788010753606722,-0.6156614753256583,-0.8758917051442433,0.48250774176121763
6967,"Sion, Mumbai - MPCB",FN,2025-11-01 00:00:00+05:30,16.9,28.0,91.3,0.736,8.06,14.6,7.71,0.365,0.7547095802227721,-0.6560590289905072,-0.8674563547295971,0.4975132889071803
6967,"Sion, Mumbai - MPCB",FN,2025-11-02 00:00:00+05:30,17.5,26.4,94.4,0.65,9.77,15.1,7.58,0.377,0.5299192642332049,-0.848048096156426,-0.858763958275803,0.5123714121284235
6967,"Sion, Mumbai - MPCB",FN,2025-11-03 00:00:00+05:30,45.0,27.3,91.2,0.65,9.27,14.6,7.6,0.365,0.5446390350150273,-0.8386705679454239,-0.8498170915275277,0.5270777086423724
6967,"Sion, Mumbai - MPCB",FN,2025-11-04 00:00:00+05:30,26.2,28.4,84.1,0.65,7.84,13.4,7.67,0.336,0.5446390350150273,-0.8386705679454239,-0.8406184056344783,0.5416278206559811
6967,"Sion, Mumbai - MPCB",FN,2025-11-05 00:00:00+05:30,32.5,27.3,80.6,0.65,7.32,12.9,7.66,0.323,0.5446390350150273,-0.8386705679454239,-0.8311706263658079,0.5560174366570446
6967,"Sion, Mumbai - MPCB",FN,2025-11-06 00:00:00+05:30,41.6,27.5,80.8,0.65,7.35,12.9,7.65,0.323,0.5446390350150273,-0.8386705679454239,-0.8214765533024145,0.5702422926917867
6967,"Sion, Mumbai - MPCB",FN,2025-11-07 00:00:00+05:30,43.1,28.4,75.6,0.65,7.37,12.1,7.69,0.302,0.5446390350150273,-0.8386705679454239,-0.8115390590073611,0.5842981736283683
6967,"Sion, Mumbai - MPCB",FN,2025-11-08 00:00:00+05:30,101.0,27.9,69.2,0.65,6.43,11.1,7.67,0.277,0.5446390350150273,-0.8386705679454239,-0.801361088174677,0.5981809144059158
6967,"Sion, Mumbai - MPCB",FN,2025-11-09 00:00:00+05:30,26.0,27.0,64.0,0.625,6.47,10.2,7.71,0.256,0.6427876096865395,-0.7660444431189779,-0.7909456567567774,0.6118864012687242
6967,"Sion, Mumbai - MPCB",FN,2025-11-10 00:00:00+05:30,83.5,25.5,75.0,0.565,7.15,12.0,7.73,0.301,0.5446390350150273,-0.8386705679454239,-0.780295851070776,0.6254105729852457
6967,"Sion, Mumbai - MPCB",FN,2025-11-11 00:00:00+05:30,77.2,28.4,64.6,0.802,6.82,10.3,7.71,0.259,0.8660254037844387,-0.4999999999999998,-0.7694148268839381,0.6387494220515268
6967,"Sion, Mumbai - MPCB",FN,2025-11-12 00:00:00+05:30,43.8,27.2,59.9,0.652,5.68,9.59,7.8,0.24,0.5299192642332049,-0.848048096156426,-0.7583058084785625,0.6518989958787125
6967,"Sion, Mumbai - MPCB",FN,2025-11-13 00:00:00+05:30,99.0,27.6,57.7,0.655,6.22,9.23,7.76,0.231,0.5299192642332049,-0.848048096156426,-0.7469720876965551,0.6648553979642866
6967,"Sion, Mumbai - MPCB",FN,2025-11-14 00:00:00+05:30,79.6,27.0,64.7,0.652,6.03,10.4,7.81,0.259,0.5299192642332049,-0.848048096156426,-0.7354170229639858,0.6776147890466887
6967,"Sion, Mumbai - MPCB",FN,2025-11-15 00:00:00+05:30,45.6,26.3,59.3,0.652,6.1,9.49,7.87,0.237,0.5150380749100544,-0.8571673007021122,-0.7236440382959124,0.690173388242972
6967,"Sion, Mumbai - MPCB",FN,2025-11-16 00:00:00+05:30,37.0,26.5,57.3,0.651,6.13,9.16,7.82,0.229,0.49999999999999994,-0.8660254037844387,-0.711656622281775,0.7025274741691566
6967,"Sion, Mumbai - MPCB",FN,2025-11-17 00:00:00+05:30,24.3,25.8,56.9,0.572,6.21,9.09,7.78,0.227,0.49999999999999994,-0.8660254037844387,-0.6994583270516471,0.7146733860429608
6967,"Sion, Mumbai - MPCB",FN,2025-11-18 00:00:00+05:30,24.5,23.7,64.3,0.57,70.1,10.3,7.83,0.257,0.49999999999999994,-0.8660254037844387,-0.6870527672236675,0.7266075247685652
6967,"Sion, Mumbai - MPCB",FN,2025-11-19 00:00:00+05:30,19.7,25.9,59.2,0.567,122.0,9.47,7.84,0.237,0.49999999999999994,-0.8660254037844387,-0.6744436188329457,0.7383263540031063
6967,"Sion, Mumbai - MPCB",FN,2025-11-20 00:00:00+05:30,17.2,26.6,59.1,0.567,82.3,9.46,10.2,0.237,0.49999999999999994,-0.8660254037844387,-0.661634618242279,0.749826401204568
6967,"Sion, Mumbai - MPCB",FN,2025-11-21 00:00:00+05:30,25.1,26.8,64.7,0.567,52.2,10.4,13.1,0.259,0.49999999999999994,-0.8660254037844387,-0.6486295610349818,0.7611042586607742
6967,"Sion, Mumbai - MPCB",FN,2025-11-22 00:00:00+05:30,23.0,27.8,66.8,0.567,49.3,10.7,13.1,0.268,0.49999999999999994,-0.8660254037844387,-0.6354323008901775,0.7721565844991641
6967,"Sion, Mumbai - MPCB",FN,2025-11-23 00:00:00+05:30,24.1,27.6,74.5,0.568,47.0,11.9,13.1,0.298,0.49999999999999994,-0.8660254037844387,-0.622046748440868,0.7829801036770624
6967,"Sion, Mumbai - MPCB",FN,2025-11-24 00:00:00+05:30,27.5,27.8,75.8,0.568,46.5,12.1,13.2,0.303,0.5150380749100544,-0.8571673007021122,-0.6084768701151264,0.7935716089521472
6967,"Sion, Mumbai - MPCB",FN,2025-11-25 00:00:00+05:30,22.1,28.4,76.6,0.568,43.9,12.3,13.2,0.306,0.5299192642332049,-0.848048096156426,-0.594726686960764,0.8039279618328208
6967,"Sion, Mumbai - MPCB",FN,2025-11-26 00:00:00+05:30,39.2,28.3,77.2,0.568,46.1,12.3,13.2,0.309,0.5446390350150273,-0.8386705679454239,-0.5808002734538013,0.8140460935082175
6967,"Sion, Mumbai - MPCB",FN,2025-11-27 00:00:00+05:30,58.9,28.1,72.9,0.568,45.9,11.7,13.3,0.292,0.5299192642332049,-0.848048096156426,-0.5667017562911184,0.8239230057575536
6967,"Sion, Mumbai - MPCB",FN,2025-11-28 00:00:00+05:30,49.2,27.7,72.2,0.568,46.1,11.5,13.3,0.289,0.5299192642332049,-0.848048096156426,-0.5524353131676203,0.8335557718385695
6967,"Sion, Mumbai - MPCB",FN,2025-11-29 00:00:00+05:30,24.3,27.7,61.6,0.568,41.1,9.86,13.3,0.247,0.5150380749100544,-0.8571673007021122,-0.5380051715382992,0.8429415373547832
6967,"Sion, Mumbai - MPCB",FN,2025-11-30 00:00:00+05:30,19.9,26.0,57.4,0.568,40.4,9.18,13.4,0.23,0.5150380749100544,-0.8571673007021122,-0.5234156073655503,0.8520775211013093
6967,"Sion, Mumbai - MPCB",FN,2025-12-01 00:00:00+05:30,25.2,25.7,62.8,0.568,43.4,10.0,13.5,0.251,0.5150380749100544,-0.8571673007021122,-0.5086709438521042,0.8609610158889945
6967,"Sion, Mumbai - MPCB",FN,2025-12-02 00:00:00+05:30,18.8,29.1,54.8,0.566,44.1,8.77,13.5,0.219,0.5299192642332049,-0.848048096156426,-0.49377555015997737,0.8695893893466109
6967,"Sion, Mumbai - MPCB",FN,2025-12-03 00:00:00+05:30,18.7,26.9,60.7,0.568,43.3,9.72,13.5,0.243,0.5150380749100544,-0.8571673007021122,-0.4787338401157883,0.8779600847008883
6967,"Sion, Mumbai - MPCB",FN,2025-12-04 00:00:00+05:30,17.1,27.0,62.1,0.568,42.8,10.1,13.6,0.252,0.5150380749100544,-0.8571673007021122,-0.4635502709028512,0.8860706215341378
6967,"Sion, Mumbai - MPCB",FN,2025-12-05 00:00:00+05:30,16.2,28.4,60.8,0.567,43.5,9.73,13.6,0.243,0.5150380749100544,-0.8571673007021122,-0.4482293417404106,0.893918596519257
6967,"Sion, Mumbai - MPCB",FN,2025-12-06 00:00:00+05:30,27.4,27.7,62.5,0.568,42.1,10.0,13.6,0.25,0.5150380749100544,-0.8571673007021122,-0.4327755925504317,0.9015016841318838
6967,"Sion, Mumbai - MPCB",FN,2025-12-07 00:00:00+05:30,21.1,27.1,63.8,0.568,38.6,10.2,13.6,0.255,0.5150380749100544,-0.8571673007021122,-0.41719360261231697,0.9088176373395028
6967,"Sion, Mumbai - MPCB",FN,2025-12-08 00:00:00+05:30,22.5,26.9,64.4,0.568,51.1,10.3,13.3,0.258,0.5150380749100544,-0.8571673007021122,-0.4014879892059737,0.9158642882672868
6967,"Sion, Mumbai - MPCB",FN,2025-12-09 00:00:00+05:30,77.1,25.8,54.4,0.584,57.2,8.71,13.5,0.217,0.5150380749100544,-0.8571673007021122,-0.38566340624360745,0.9226395488404875
6967,"Sion, Mumbai - MPCB",FN,2025-12-10 00:00:00+05:30,51.3,26.7,48.9,0.509,92.8,7.83,12.8,0.196,0.9510565162951536,-0.30901699437494734,-0.3697245428906732,0.9291414114031743
6967,"Sion, Mumbai - MPCB",FN,2025-12-11 00:00:00+05:30,139.0,26.4,50.8,0.521,80.1,7.77,13.3,0.194,0.9335804264972017,-0.35836794954530027,-0.3536761221763721,0.935367949313148
6967,"Sion, Mumbai - MPCB",FN,2025-12-12 00:00:00+05:30,86.3,25.8,54.7,0.616,3.38,3.5,13.3,0.0872,0.6427876096865395,-0.7660444431189779,-0.33752289959411347,0.941317317512847
6967,"Sion, Mumbai - MPCB",FN,2025-12-13 00:00:00+05:30,30.3,25.7,60.6,0.469,2.5,9.7,13.6,0.243,0.9960410654107695,-0.08889429686644147,-0.32126966169236515,0.9469877530760751
6967,"Sion, Mumbai - MPCB",FN,2025-12-14 00:00:00+05:30,28.2,26.2,57.4,0.5,2.41,9.19,13.7,0.23,0.9659258262890683,-0.25881904510252085,-0.3049212246562894,0.9523775757303973
6967,"Sion, Mumbai - MPCB",FN,2025-12-15 00:00:00+05:30,27.1,26.3,55.8,0.517,5.21,8.92,14.0,0.223,0.9335804264972017,-0.35836794954530027,-0.2884824328806098,0.9574851883550389
6967,"Sion, Mumbai - MPCB",FN,2025-12-16 00:00:00+05:30,24.1,25.8,57.8,0.495,10.2,9.24,13.9,0.231,0.9702957262759965,-0.24192189559966779,-0.27195815753410524,0.9623090774541487
6967,"Sion, Mumbai - MPCB",FN,2025-12-17 00:00:00+05:30,194.0,24.6,67.7,0.456,16.3,5.43,41.9,0.126,0.999194395114446,-0.040131792532559614,-0.2553532951161881,0.9668478136052773
6967,"Sion, Mumbai - MPCB",FN,2025-12-18 00:00:00+05:30,194.0,26.9,60.0,0.56,12.1,7.35,69.3,0.179,0.8290375725550417,-0.5591929034707467,-0.23867276600594997,0.9711000518829505
6967,"Sion, Mumbai - MPCB",FN,2025-12-19 00:00:00+05:30,25.6,25.8,59.0,0.503,8.54,9.45,137.0,0.236,0.9563047559630355,-0.29237170472273666,-0.22192151300416674,0.9750645322571945
6967,"Sion, Mumbai - MPCB",FN,2025-12-20 00:00:00+05:30,20.4,25.9,54.7,0.489,8.14,8.75,105.0,0.219,0.9781476007338057,-0.20791169081775934,-0.20510449986861926,0.9787400799669153
6967,"Sion, Mumbai - MPCB",FN,2025-12-21 00:00:00+05:30,14.9,25.8,51.6,0.449,7.8,8.26,163.0,0.207,0.9999939076577904,0.0034906514152237985,-0.1882267098432439,0.9821256058680006
6967,"Sion, Mumbai - MPCB",FN,2025-12-22 00:00:00+05:30,17.6,25.4,55.3,0.478,8.06,8.86,161.0,0.221,0.9884938868086836,-0.15126082024721924,-0.1712931441814778,0.9852201067560606
6967,"Sion, Mumbai - MPCB",FN,2025-12-23 00:00:00+05:30,14.1,26.2,56.1,0.505,7.41,8.97,157.0,0.224,0.9563047559630355,-0.29237170472273666,-0.154308820664281,0.9880226656636976
6967,"Sion, Mumbai - MPCB",FN,2025-12-24 00:00:00+05:30,12.7,25.4,57.1,0.525,7.26,9.03,152.0,0.226,0.9205048534524403,-0.3907311284892738,-0.13727877211326517,0.9905324521322227
6967,"Sion, Mumbai - MPCB",FN,2025-12-25 00:00:00+05:30,34.8,25.5,62.2,0.486,7.91,9.97,81.2,0.25,0.981627183447664,-0.1908089953765448,-0.12020804489935275,0.9927487224577402
6967,"Sion, Mumbai - MPCB",FN,2025-12-26 00:00:00+05:30,72.5,25.1,64.0,0.484,7.87,10.2,15.3,0.256,0.984807753012208,-0.1736481776669303,-0.10310169744743544,0.9946708199115211
6967,"Sion, Mumbai - MPCB",FN,2025-12-27 00:00:00+05:30,403.0,25.0,67.6,0.48,12.8,7.23,27.7,0.175,0.9868557164068074,-0.16160382110336097,-0.0859647987374467,0.9962981749346077
6967,"Sion, Mumbai - MPCB",FN,2025-12-28 00:00:00+05:30,68.1,25.0,65.3,0.464,31.7,10.4,14.4,0.261,0.997440782930944,-0.07149744433268584,-0.06880242680232064,0.9976303053065857
6967,"Sion, Mumbai - MPCB",FN,2025-12-29 00:00:00+05:30,68.1,25.2,64.8,0.476,70.4,10.4,13.9,0.259,0.9916711623830904,-0.1287955965775629,-0.05161966722325418,0.9986668162884759
6967,"Sion, Mumbai - MPCB",FN,2025-12-30 00:00:00+05:30,79.0,24.7,68.5,0.508,64.8,11.0,14.0,0.274,0.9563047559630355,-0.29237170472273666,-0.034421611622745804,0.9994074007397048
6967,"Sion, Mumbai - MPCB",FN,2025-12-31 00:00:00+05:30,179.0,24.4,76.4,0.481,60.2,12.2,7.46,0.305,0.9874138067509115,-0.15815806725448336,-0.01721335615583528,0.9998518392091162
6967,"Sion, Mumbai - MPCB",FN,2026-01-01 00:00:00+05:30,40.6,24.6,81.7,0.483,52.9,13.1,1.07,0.326,0.984807753012208,-0.1736481776669303,0.0,1.0
6967,"Sion, Mumbai - MPCB",FN,2026-01-02 00:00:00+05:30,29.8,24.8,83.2,0.489,16.8,13.3,1.22,0.333,0.9781476007338057,-0.20791169081775934,0.017213356155834685,0.9998518392091162
6967,"Sion, Mumbai - MPCB",FN,2026-01-03 00:00:00+05:30,36.7,25.2,77.1,0.506,17.5,12.3,0.931,0.309,0.9563047559630355,-0.29237170472273666,0.03442161162274574,0.9994074007397048
6967,"Sion, Mumbai - MPCB",FN,2026-01-04 00:00:00+05:30,40.1,26.0,80.0,0.544,17.0,12.8,1.03,0.321,0.8571673007021123,-0.5150380749100543,0.051619667223253764,0.998666816288476
6967,"Sion, Mumbai - MPCB",FN,2026-01-05 00:00:00+05:30,27.0,27.0,71.4,0.619,17.0,11.4,0.963,0.286,0.6156614753256584,-0.7880107536067219,0.06880242680231986,0.9976303053065857
6967,"Sion, Mumbai - MPCB",FN,2026-01-06 00:00:00+05:30,25.6,26.4,71.1,0.593,17.9,11.4,1.17,0.285,0.7313537016191706,-0.6819983600624984,0.08596479873744647,0.9962981749346078
6967,"Sion, Mumbai - MPCB",FN,2026-01-07 00:00:00+05:30,51.3,24.5,74.4,0.475,41.4,11.2,7.7,0.236,0.9916711623830904,-0.1287955965775629,0.10310169744743485,0.9946708199115211
6967,"Sion, Mumbai - MPCB",FN,2026-01-08 00:00:00+05:30,53.1,25.2,62.2,0.469,95.6,23.6,27.1,0.249,0.9970527522269202,-0.07671902812681869,0.1202080448993527,0.9927487224577402
6967,"Sion, Mumbai - MPCB",FN,2026-01-09 00:00:00+05:30,43.9,24.7,62.5,0.468,85.5,34.0,25.3,0.25,0.9976842788356053,-0.0680152906652483,0.13727877211326478,0.9905324521322229
6967,"Sion, Mumbai - MPCB",FN,2026-01-10 00:00:00+05:30,41.0,24.5,61.9,0.428,82.1,37.0,25.5,0.247,0.989776230907789,0.1426289337055117,0.15430882066428117,0.9880226656636976
6967,"Sion, Mumbai - MPCB",FN,2026-01-20 00:00:00+05:30,55.8,23.4,76.9,0.568,28.5,15.2,5.14,0.308,0.8090169943749475,-0.587785252292473,0.3212696616923644,0.9469877530760753
6967,"Sion, Mumbai - MPCB",FN,2026-01-21 00:00:00+05:30,60.4,25.5,70.0,0.493,29.3,16.3,6.61,0.28,0.9781476007338057,-0.20791169081775934,0.3375228995941133,0.9413173175128471
6967,"Sion, Mumbai - MPCB",FN,2026-01-22 00:00:00+05:30,59.8,26.1,68.2,0.571,29.4,17.1,7.05,0.273,0.8090169943749475,-0.587785252292473,0.3536761221763716,0.9353679493131483
6967,"Sion, Mumbai - MPCB",FN,2026-01-23 00:00:00+05:30,63.2,24.9,79.0,0.606,30.8,17.4,11.2,0.316,0.6946583704589971,-0.7193398003386513,0.3697245428906731,0.9291414114031743
6967,"Sion, Mumbai - MPCB",FN,2026-01-24 00:00:00+05:30,36.8,24.2,73.1,0.486,30.8,15.2,7.22,0.293,0.9851093261547739,-0.1719291002794096,0.38566340624360707,0.9226395488404876
6967,"Sion, Mumbai - MPCB",FN,2026-01-25 00:00:00+05:30,46.4,24.8,74.6,0.481,29.4,16.3,2.23,0.298,0.984807753012208,-0.1736481776669303,0.401487989205973,0.9158642882672872
6967,"Sion, Mumbai - MPCB",FN,2026-01-26 00:00:00+05:30,59.1,26.2,75.3,0.502,29.6,18.3,2.47,0.301,0.9563047559630355,-0.29237170472273666,0.4171936026123168,0.9088176373395029
6967,"Sion, Mumbai - MPCB",FN,2026-01-27 00:00:00+05:30,54.5,24.7,81.3,0.629,31.7,17.5,9.36,0.325,0.5591929034707469,-0.8290375725550416,0.4327755925504312,0.901501684131884
6967,"Sion, Mumbai - MPCB",FN,2026-01-28 00:00:00+05:30,26.9,24.9,69.4,0.501,29.5,12.8,1.28,0.278,0.9510565162951536,-0.30901699437494734,0.4482293417404106,0.893918596519257
6967,"Sion, Mumbai - MPCB",FN,2026-01-29 00:00:00+05:30,42.0,25.9,65.3,0.496,29.6,13.3,1.66,0.261,0.9612616959383189,-0.27563735581699905,0.4635502709028509,0.886070621534138
6967,"Sion, Mumbai - MPCB",FN,2026-01-30 00:00:00+05:30,69.3,26.6,77.4,0.65,30.8,13.7,7.31,0.31,0.45399049973954686,-0.8910065241883678,0.47873384011578846,0.8779600847008882
6967,"Sion, Mumbai - MPCB",FN,2026-01-31 00:00:00+05:30,87.2,25.9,84.5,0.65,28.6,14.3,2.77,0.337,0.45399049973954686,-0.8910065241883678,0.49377555015997715,0.869589389346611
6967,"Sion, Mumbai - MPCB",FN,2026-02-01 00:00:00+05:30,70.3,26.9,75.8,0.594,28.8,13.1,1.45,0.303,0.6946583704589971,-0.7193398003386513,0.5086709438521044,0.8609610158889943
6967,"Sion, Mumbai - MPCB",FN,2026-02-02 00:00:00+05:30,67.1,27.3,68.9,0.642,28.7,12.9,1.47,0.275,0.49999999999999994,-0.8660254037844387,0.5234156073655503,0.8520775211013093
6967,"Sion, Mumbai - MPCB",FN,2026-02-03 00:00:00+05:30,73.1,26.6,67.6,0.617,28.7,12.4,2.62,0.271,0.6018150231520482,-0.7986355100472929,0.5380051715382996,0.8429415373547828
6967,"Sion, Mumbai - MPCB",FN,2026-02-04 00:00:00+05:30,40.2,29.6,55.8,0.624,30.0,11.5,3.4,0.223,0.5877852522924732,-0.8090169943749473,0.5524353131676196,0.8335557718385699
6967,"Sion, Mumbai - MPCB",FN,2026-02-05 00:00:00+05:30,34.0,28.1,60.5,0.65,27.2,8.89,4.28,0.242,0.4694715627858907,-0.882947592858927,0.5667017562911176,0.8239230057575542
6967,"Sion, Mumbai - MPCB",FN,2026-02-06 00:00:00+05:30,84.4,28.1,57.1,0.649,30.2,9.56,12.7,0.228,0.4694715627858907,-0.882947592858927,0.5808002734538009,0.8140460935082178
6967,"Sion, Mumbai - MPCB",FN,2026-02-07 00:00:00+05:30,63.6,28.1,50.7,0.65,37.7,,22.4,0.203,0.4694715627858907,-0.882947592858927,0.5947266869607634,0.8039279618328213
6967,"Sion, Mumbai - MPCB",FN,2026-02-08 00:00:00+05:30,48.8,25.8,61.0,0.65,26.3,,0.07,0.244,0.4694715627858907,-0.882947592858927,0.6084768701151261,0.7935716089521474
6967,"Sion, Mumbai - MPCB",FN,2026-02-09 00:00:00+05:30,49.4,26.6,66.3,0.607,25.8,,0.0803,0.265,0.6560590289905073,-0.754709580222772,0.6220467484408675,0.7829801036770629
6967,"Sion, Mumbai - MPCB",FN,2026-02-10 00:00:00+05:30,43.9,26.4,68.8,0.594,26.2,,0.472,0.275,0.6946583704589971,-0.7193398003386513,0.6354323008901774,0.7721565844991642
6967,"Sion, Mumbai - MPCB",FN,2026-02-11 00:00:00+05:30,47.2,27.1,67.6,0.566,25.9,,0.148,0.271,0.7986355100472927,-0.6018150231520484,0.6486295610349814,0.7611042586607747
6967,"Sion, Mumbai - MPCB",FN,2026-02-12 00:00:00+05:30,41.0,27.6,68.7,0.647,25.1,5.39,0.173,0.275,0.48480962024633717,-0.8746197071393957,0.6616346182422783,0.7498264012045686
6967,"Sion, Mumbai - MPCB",FN,2026-02-13 00:00:00+05:30,55.9,27.2,69.2,0.645,26.6,5.55,0.171,0.276,0.48480962024633717,-0.8746197071393957,0.6744436188329455,0.7383263540031065
6967,"Sion, Mumbai - MPCB",FN,2026-02-14 00:00:00+05:30,59.5,28.2,63.6,0.649,27.9,4.92,1.04,0.254,0.4694715627858907,-0.882947592858927,0.6870527672236669,0.7266075247685656
6967,"Sion, Mumbai - MPCB",FN,2026-02-15 00:00:00+05:30,99.7,28.7,63.8,0.648,25.9,6.17,0.11,0.255,0.45399049973954686,-0.8910065241883678,0.699458327051647,0.7146733860429609
6967,"Sion, Mumbai - MPCB",FN,2026-02-16 00:00:00+05:30,109.0,25.0,62.7,0.649,24.5,8.5,0.0693,0.252,0.45399049973954686,-0.8910065241883678,0.7116566222817746,0.7025274741691571
6967,"Sion, Mumbai - MPCB",FN,2026-02-17 00:00:00+05:30,18.3,27.6,69.9,1.1,69.3,1.4,45.8,0.279,0.4694715627858907,-0.882947592858927,0.7236440382959124,0.6901733882429719
6967,"Sion, Mumbai - MPCB",FN,2026-02-18 00:00:00+05:30,8.34,26.4,76.3,1.06,,5.6,0.123,0.305,0.45399049973954686,-0.8910065241883678,0.7354170229639855,0.6776147890466889
6967,"Sion, Mumbai - MPCB",FN,2026-02-19 00:00:00+05:30,24.4,27.0,76.0,1.08,30.7,4.06,3.65,0.304,0.45399049973954686,-0.8910065241883678,0.7469720876965552,0.6648553979642865
6967,"Sion, Mumbai - MPCB",FN,2026-02-20 00:00:00+05:30,38.2,27.7,77.9,1.11,27.2,4.42,0.336,0.311,0.45399049973954686,-0.8910065241883678,0.7583058084785624,0.6518989958787126
6967,"Sion, Mumbai - MPCB",FN,2026-02-21 00:00:00+05:30,36.6,29.4,64.1,1.18,27.4,3.02,0.373,0.257,0.45399049973954686,-0.8910065241883678,0.7694148268839378,0.6387494220515272
6967,"Sion, Mumbai - MPCB",FN,2026-02-22 00:00:00+05:30,34.8,28.2,69.7,1.13,26.6,3.21,0.598,0.278,0.45399049973954686,-0.8910065241883678,0.7802958510707755,0.6254105729852463
6967,"Sion, Mumbai - MPCB",FN,2026-02-23 00:00:00+05:30,30.7,28.2,66.2,1.13,25.9,2.74,0.509,0.265,0.45399049973954686,-0.8910065241883678,0.7909456567567772,0.6118864012687243
6967,"Sion, Mumbai - MPCB",FN,2026-02-24 00:00:00+05:30,28.0,27.9,72.9,1.12,25.8,5.96,0.416,0.293,0.45399049973954686,-0.8910065241883678,0.8013610881746766,0.5981809144059165
6967,"Sion, Mumbai - MPCB",FN,2026-02-25 00:00:00+05:30,23.2,30.2,66.1,1.21,25.9,3.56,0.48,0.266,0.45399049973954686,-0.8910065241883678,0.8115390590073611,0.5842981736283684
6967,"Sion, Mumbai - MPCB",FN,2026-02-27 00:00:00+05:30,6.48,25.6,73.2,1.02,26.1,2.73,0.827,0.293,0.3090169943749474,0.9510565162951535,0.8311706263658079,0.5560174366570446
6967,"Sion, Mumbai - MPCB",FN,2026-02-28 00:00:00+05:30,11.2,25.9,70.3,1.04,25.6,2.98,0.607,0.281,0.3106764296307319,0.9505157316277837,0.8406184056344782,0.5416278206559814
6967,"Sion, Mumbai - MPCB",FN,2026-03-01 00:00:00+05:30,15.9,25.7,72.0,1.03,25.4,3.26,0.601,0.288,0.3106764296307319,0.9505157316277837,0.8498170915275278,0.5270777086423722
6967,"Sion, Mumbai - MPCB",FN,2026-03-02 00:00:00+05:30,84.6,27.7,70.0,1.11,32.1,9.94,0.916,0.281,0.30735661779980705,0.9515944038794382,0.8587639582758029,0.5123714121284237
6967,"Sion, Mumbai - MPCB",FN,2026-03-03 00:00:00+05:30,44.0,28.4,71.7,1.14,26.5,12.5,1.51,0.286,0.30569530496310565,0.9521293927421387,0.8674563547295969,0.49751328890718066
6967,"Sion, Mumbai - MPCB",FN,2026-03-04 00:00:00+05:30,24.2,31.4,56.8,1.25,26.8,11.4,1.58,0.227,0.30403306092549026,0.9526614812535863,0.8758917051442429,0.48250774176121847
6967,"Sion, Mumbai - MPCB",FN,2026-03-05 00:00:00+05:30,23.0,31.2,47.2,1.25,27.2,12.2,2.74,0.189,0.30403306092549026,0.9526614812535863,0.8840675099433636,0.4673592171580022
6967,"Sion, Mumbai - MPCB",FN,2026-03-06 00:00:00+05:30,22.8,29.8,56.8,1.19,29.0,12.7,5.86,0.227,0.30403306092549026,0.9526614812535863,0.8919813464595485,0.45207220393230435
6967,"Sion, Mumbai - MPCB",FN,2026-03-07 00:00:00+05:30,16.9,27.9,78.2,1.12,25.9,10.4,1.2,0.313,0.30569530496310565,0.9521293927421387,0.8996308696522433,0.43665123195606403
6967,"Sion, Mumbai - MPCB",FN,2026-03-08 00:00:00+05:30,28.9,30.6,64.0,1.22,27.6,18.0,3.7,0.256,0.30403306092549026,0.9526614812535863,0.9070138128026359,0.4211008707960896
6967,"Sion, Mumbai - MPCB",FN,2026-03-09 00:00:00+05:30,119.0,31.7,48.4,1.27,165.0,15.8,426.0,0.193,0.30403306092549026,0.9526614812535863,0.9141279881853337,0.40542572835999735
6967,"Sion, Mumbai - MPCB",FN,2026-03-10 00:00:00+05:30,493.0,35.7,39.1,1.43,,,497.0,0.16,0.297374874077786,0.9547607995027975,0.9209712877166346,0.38963044953078796
6967,"Sion, Mumbai - MPCB",FN,2026-03-14 00:00:00+05:30,148.0,28.9,71.7,1.16,52.2,10.9,4.07,0.287,0.45399049973954686,-0.8910065241883678,0.9455963874271426,0.3253420847119801
6967,"Sion, Mumbai - MPCB",FN,2026-03-15 00:00:00+05:30,82.0,28.4,76.8,1.14,27.1,10.9,0.0738,0.308,0.45399049973954686,-0.8910065241883678,0.9510565162951535,0.30901699437494745
6967,"Sion, Mumbai - MPCB",FN,2026-03-16 00:00:00+05:30,48.4,28.3,77.0,1.13,24.4,12.4,0.155,0.308,0.45399049973954686,-0.8910065241883678,0.9562348265919056,0.29260033563334836
6967,"Sion, Mumbai - MPCB",FN,2026-03-17 00:00:00+05:30,52.1,27.8,76.3,1.11,24.6,15.1,0.876,0.306,0.45399049973954686,-0.8910065241883678,0.9611297838723007,0.27609697309746883
6967,"Sion, Mumbai - MPCB",FN,2026-03-18 00:00:00+05:30,36.9,27.4,74.1,1.1,24.1,16.2,0.455,0.296,0.45399049973954686,-0.8910065241883678,0.9657399376548549,0.2595117970697999
6967,"Sion, Mumbai - MPCB",FN,2026-03-19 00:00:00+05:30,21.4,27.2,75.6,1.09,23.9,18.1,120.0,0.302,0.45399049973954686,-0.8910065241883678,0.9700639218515071,0.2428497220959356
6967,"Sion, Mumbai - MPCB",FN,2026-03-20 00:00:00+05:30,20.5,27.4,72.0,1.1,23.4,24.3,0.62,0.288,0.45399049973954686,-0.8910065241883678,0.9741004551724205,0.22611568550828828
6967,"Sion, Mumbai - MPCB",FN,2026-03-21 00:00:00+05:30,24.2,28.4,64.5,1.14,23.5,33.3,0.564,0.258,0.48480962024633717,-0.8746197071393957,0.9778483415056568,0.20931464596304847
6967,"Sion, Mumbai - MPCB",FN,2026-03-22 00:00:00+05:30,32.6,29.6,57.5,1.18,23.4,41.7,1.11,0.23,0.45399049973954686,-0.8910065241883678,0.9813064702716093,0.19245158197082998
6967,"Sion, Mumbai - MPCB",FN,2026-03-23 00:00:00+05:30,48.1,30.0,56.8,1.2,23.4,51.9,13.9,0.227,0.4383711467890773,-0.898794046299167,0.9844738167520922,0.1755314904214282
6967,"Sion, Mumbai - MPCB",FN,2026-03-24 00:00:00+05:30,54.8,31.1,62.4,1.24,23.0,94.4,1.26,0.25,0.4383711467890773,-0.898794046299167,0.9873494423939864,0.15855938510313475
6967,"Sion, Mumbai - MPCB",FN,2026-03-25 00:00:00+05:30,30.7,30.0,72.8,1.2,23.3,162.0,1.61,0.291,0.45399049973954686,-0.8910065241883678,0.989932495087353,0.141540295217043
6967,"Sion, Mumbai - MPCB",FN,2026-03-26 00:00:00+05:30,34.1,31.1,68.0,1.24,23.3,175.0,1.11,0.272,0.45399049973954686,-0.8910065241883678,0.9922222094179323,0.12447926388678915
6967,"Sion, Mumbai - MPCB",FN,2026-03-27 00:00:00+05:30,34.4,31.8,63.5,1.27,23.4,197.0,1.44,0.254,0.45399049973954686,-0.8910065241883678,0.994217906893952,0.10738134666416309
6967,"Sion, Mumbai - MPCB",FN,2026-03-28 00:00:00+05:30,45.1,29.0,81.4,1.16,23.2,,1.31,0.326,0.45399049973954686,-0.8910065241883678,0.995918996147179,0.09025161003104117
6967,"Sion, Mumbai - MPCB",FN,2026-03-29 00:00:00+05:30,12.9,28.6,81.1,1.15,23.4,,1.52,0.324,0.45399049973954686,-0.8910065241883678,0.9973249731081555,0.07309512989807777
6967,"Sion, Mumbai - MPCB",FN,2026-03-30 00:00:00+05:30,30.7,29.0,81.9,1.16,23.2,,0.898,0.327,0.45399049973954686,-0.8910065241883678,0.9984354211555643,0.055916990100603484
6967,"Sion, Mumbai - MPCB",FN,2026-03-31 00:00:00+05:30,10.9,29.3,77.2,1.17,23.4,,1.06,0.309,0.45399049973954686,-0.8910065241883678,0.9992500112396835,0.03872228089217446
6967,"Sion, Mumbai - MPCB",FN,2026-04-01 00:00:00+05:30,22.5,28.4,79.2,1.14,23.2,,0.523,0.316,0.45399049973954686,-0.8910065241883678,0.9997685019798909,0.021516097436222254
6967,"Sion, Mumbai - MPCB",FN,2026-04-02 00:00:00+05:30,23.8,28.1,77.6,1.12,23.3,,0.201,0.31,0.45399049973954686,-0.8910065241883678,0.9999907397361901,0.004303538296244289
6967,"Sion, Mumbai - MPCB",FN,2026-04-03 00:00:00+05:30,36.2,28.5,74.3,1.14,23.4,,3.06,0.298,0.45399049973954686,-0.8910065241883678,0.9999166586547379,-0.01291029607500882
6967,"Sion, Mumbai - MPCB",FN,2026-04-04 00:00:00+05:30,23.1,28.5,77.5,1.14,23.2,,1.08,0.31,0.4694715627858907,-0.882947592858927,0.9995462806873573,-0.030120304846908114
6967,"Sion, Mumbai - MPCB",FN,2026-04-05 00:00:00+05:30,14.7,28.2,74.1,1.13,23.0,,0.791,0.295,0.49999999999999994,-0.8660254037844387,0.9988797155850336,-0.04732138832243185
6967,"Sion, Mumbai - MPCB",FN,2026-04-06 00:00:00+05:30,14.3,27.8,73.2,1.11,23.5,,2.99,0.293,0.5150380749100544,-0.8571673007021122,0.9979171608653922,-0.06450844944931623
6967,"Sion, Mumbai - MPCB",FN,2026-04-07 00:00:00+05:30,15.1,28.3,75.5,1.13,23.3,,1.05,0.303,0.5446390350150273,-0.8386705679454239,0.9966589017541702,-0.08167639533042241
6967,"Sion, Mumbai - MPCB",FN,2026-04-08 00:00:00+05:30,17.7,29.3,78.5,1.17,23.2,,0.987,0.314,0.5591929034707469,-0.8290375725550416,0.9951053111006976,-0.09882013873287143
6967,"Sion, Mumbai - MPCB",FN,2026-04-09 00:00:00+05:30,63.2,29.6,70.4,1.18,23.1,,0.284,0.282,0.5591929034707469,-0.8290375725550416,0.9932568492674143,-0.11593459959550041
6967,"Sion, Mumbai - MPCB",FN,2026-04-10 00:00:00+05:30,336.0,29.5,69.1,1.18,23.0,,0.881,0.276,0.5591929034707469,-0.8290375725550416,0.9911140639934547,-0.1330147065341959
6967,"Sion, Mumbai - MPCB",FN,2026-04-11 00:00:00+05:30,47.2,30.4,77.8,1.22,23.2,,0.856,0.311,0.5591929034707469,-0.8290375725550416,0.9886775902323405,-0.1500553983446526
6967,"Sion, Mumbai - MPCB",FN,2026-04-12 00:00:00+05:30,93.9,29.2,80.7,1.17,23.5,,3.8,0.32,0.5591929034707469,-0.8290375725550416,0.9859481499638304,-0.16705162550211924
6967,"Sion, Mumbai - MPCB",FN,2026-04-13 00:00:00+05:30,270.0,27.9,89.7,1.12,23.5,,0.189,0.359,0.5591929034707469,-0.8290375725550416,0.9829265519799822,-0.18399835165768005
6967,"Sion, Mumbai - MPCB",FN,2026-04-14 00:00:00+05:30,31.5,34.0,68.9,1.36,22.2,,0.0,0.275,0.5735764363510459,-0.8191520442889919,0.9796136916454901,-0.20089055513063506
6967,"Sion, Mumbai - MPCB",FN,2026-04-15 00:00:00+05:30,103.0,30.7,74.5,1.23,23.2,,0.403,0.298,0.5735764363510459,-0.8191520442889919,0.9760105506323683,-0.21772323039653177
6967,"Sion, Mumbai - MPCB",FN,2026-04-16 00:00:00+05:30,16.8,28.6,79.9,1.14,23.4,,0.0462,0.32,0.5735764363510459,-0.8191520442889919,0.9721181966290613,-0.23449138957040985
6967,"Sion, Mumbai - MPCB",FN,2026-04-17 00:00:00+05:30,19.6,29.1,81.8,1.16,23.2,,0.0428,0.327,0.5735764363510459,-0.8191520442889919,0.9679377830240642,-0.25119006388481935
6967,"Sion, Mumbai - MPCB",FN,2026-04-18 00:00:00+05:30,24.8,30.3,80.8,1.21,22.8,,0.0249,0.324,0.5735764363510459,-0.8191520442889919,0.9634705485641488,-0.2678143051621742
6967,"Sion, Mumbai - MPCB",FN,2026-04-19 00:00:00+05:30,29.0,30.4,74.1,1.22,22.9,,0.0541,0.296,0.5735764363510459,-0.8191520442889919,0.9587178169872964,-0.2843591872810034
6967,"Sion, Mumbai - MPCB",FN,2026-04-20 00:00:00+05:30,91.1,29.9,78.8,1.2,23.3,,0.339,0.315,0.5735764363510459,-0.8191520442889919,0.9536809966304457,-0.30081980763566735
6967,"Sion, Mumbai - MPCB",FN,2026-04-21 00:00:00+05:30,71.3,30.4,78.0,1.22,23.3,,0.355,0.313,0.5735764363510459,-0.8191520442889919,0.9483615800121715,-0.3171912885891061
6967,"Sion, Mumbai - MPCB",FN,2026-04-22 00:00:00+05:30,22.1,30.2,77.0,1.21,23.0,,0.365,0.306,0.5735764363510459,-0.8191520442889919,0.9427611433904207,-0.3334687789181868
6967,"Sion, Mumbai - MPCB",FN,2026-04-23 00:00:00+05:30,37.2,31.0,72.9,1.24,22.7,,0.135,0.291,0.5735764363510459,-0.8191520442889919,0.9368813462954315,-0.3496474552512284
6967,"Sion, Mumbai - MPCB",FN,2026-04-24 00:00:00+05:30,155.0,31.4,78.0,1.26,22.8,,0.472,0.312,0.5735764363510459,-0.8191520442889919,0.9307239310379795,-0.36572252349726897
6967,"Sion, Mumbai - MPCB",FN,2026-04-25 00:00:00+05:30,70.7,31.9,72.4,1.27,22.9,,0.496,0.288,0.5735764363510459,-0.8191520442889919,0.9242907221930933,-0.3816892202666588
6967,"Sion, Mumbai - MPCB",FN,2026-04-26 00:00:00+05:30,72.1,30.9,80.1,1.23,23.0,,0.302,0.32,0.5877852522924732,-0.8090169943749473,0.9175836260593937,-0.39754281428255595
6967,"Sion, Mumbai - MPCB",FN,2026-04-27 00:00:00+05:30,133.0,30.7,83.0,1.23,22.9,,0.411,0.332,0.5877852522924732,-0.8090169943749473,0.9106046300942162,-0.4132786077829042
6967,"Sion, Mumbai - MPCB",FN,2026-04-28 00:00:00+05:30,91.5,30.1,84.0,1.21,23.1,,0.285,0.335,0.5735764363510459,-0.8191520442889919,0.9033558023246845,-0.4288919379124835
6967,"Sion, Mumbai - MPCB",FN,2026-04-29 00:00:00+05:30,72.2,30.3,81.8,1.21,22.9,,0.808,0.326,0.5735764363510459,-0.8191520442889919,0.895839290734909,-0.4443781781046132
6967,"Sion, Mumbai - MPCB",FN,2026-04-30 00:00:00+05:30,44.6,30.4,81.8,1.22,23.1,,0.259,0.327,0.5735764363510459,-0.8191520442889919,0.8880573226294932,-0.45973273945210397
6967,"Sion, Mumbai - MPCB",FN,2026-05-01 00:00:00+05:30,37.1,30.7,79.8,1.23,23.2,,0.435,0.319,0.5735764363510459,-0.8191520442889919,0.8800122039735357,-0.47495107206704995
6967,"Sion, Mumbai - MPCB",FN,2026-05-02 00:00:00+05:30,41.6,30.5,80.2,1.22,23.5,,0.929,0.32,0.5735764363510459,-0.8191520442889919,0.8717063187093218,-0.4900286664290592
6967,"Sion, Mumbai - MPCB",FN,2026-05-03 00:00:00+05:30,74.2,30.8,80.5,1.23,23.3,,7.43,0.323,0.5735764363510459,-0.8191520442889919,0.8631421280499114,-0.5049610547215204
6967,"Sion, Mumbai - MPCB",FN,2026-05-04 00:00:00+05:30,6.79,31.1,78.4,1.24,23.2,,7.16,0.313,0.5591929034707469,-0.8290375725550416,0.854322169749827,-0.5197438121555155
6967,"Sion, Mumbai - MPCB",FN,2026-05-05 00:00:00+05:30,71.6,31.1,78.8,1.24,22.9,,2.23,0.313,0.5591929034707469,-0.8290375725550416,0.8452490573530633,-0.5343725582809786
6967,"Sion, Mumbai - MPCB",FN,2026-05-06 00:00:00+05:30,7.2,32.0,73.6,1.28,22.2,,5.23,0.294,0.5591929034707469,-0.8290375725550416,0.8359254794186372,-0.548842958284719
6967,"Sion, Mumbai - MPCB",FN,2026-05-07 00:00:00+05:30,65.9,31.3,80.3,1.25,22.8,,33.5,0.322,0.5735764363510459,-0.8191520442889919,0.8263541987239096,-0.5631507242749186
6967,"Sion, Mumbai - MPCB",FN,2026-05-08 00:00:00+05:30,147.0,31.2,81.6,1.25,22.4,,88.7,0.326,0.5735764363510459,-0.8191520442889919,0.8165380514459161,-0.5772916165517272
6967,"Sion, Mumbai - MPCB",FN,2026-05-09 00:00:00+05:30,36.2,32.1,77.7,1.29,22.3,,38.0,0.312,0.5735764363510459,-0.8191520442889919,0.8064799463209448,-0.5912614448635781
6967,"Sion, Mumbai - MPCB",FN,2026-05-10 00:00:00+05:30,48.9,32.0,77.4,1.28,22.5,,37.5,0.31,0.5735764363510459,-0.8191520442889919,0.7961828637826158,-0.6050560696488488
6967,"Sion, Mumbai - MPCB",FN,2026-05-11 00:00:00+05:30,44.2,32.4,77.6,1.3,23.1,,26.9,0.313,0.5877852522924732,-0.8090169943749473,0.7856498550787147,-0.6186714032625031
6967,"Sion, Mumbai - MPCB",FN,2026-05-12 00:00:00+05:30,31.7,31.5,79.9,1.26,29.4,1.6,22.7,0.32,0.5735764363510459,-0.8191520442889919,0.7748840413670407,-0.6321034111873487
6967,"Sion, Mumbai - MPCB",FN,2026-05-13 00:00:00+05:30,7.31,31.3,81.8,1.25,38.8,0.0,32.5,0.327,0.5591929034707469,-0.8290375725550416,0.7638886127905428,-0.6453481132295501
6967,"Sion, Mumbai - MPCB",FN,2026-05-14 00:00:00+05:30,6.65,31.4,80.6,1.26,34.5,0.0,17.7,0.322,0.5591929034707469,-0.8290375725550416,0.7526668275320085,-0.6584015846980488
6967,"Sion, Mumbai - MPCB",FN,2026-05-15 00:00:00+05:30,7.16,31.2,80.4,1.25,34.5,0.762,23.8,0.321,0.5735764363510459,-0.8191520442889919,0.7412220108485958,-0.6712599575675313
6967,"Sion, Mumbai - MPCB",FN,2026-05-16 00:00:00+05:30,16.6,30.6,82.2,1.22,33.9,0.0107,27.1,0.331,0.5877852522924732,-0.8090169943749473,0.7295575540864875,-0.6839194216246106
6967,"Sion, Mumbai - MPCB",FN,2026-05-17 00:00:00+05:30,28.3,29.9,85.5,1.2,34.0,0.0,31.5,0.34,0.5877852522924732,-0.8090169943749473,0.717676913675962,-0.6963762255968722
6967,"Sion, Mumbai - MPCB",FN,2026-05-18 00:00:00+05:30,31.8,32.6,77.5,1.3,33.3,0.046,42.2,0.31,0.6018150231520482,-0.7986355100472929,0.705583610107178,-0.7086266782644596
6967,"Sion, Mumbai - MPCB",FN,2026-05-19 00:00:00+05:30,32.2,30.8,78.8,1.23,34.7,24.5,43.4,0.317,0.6018150231520482,-0.7986355100472929,0.6932812268869777,-0.7206671495538609
6967,"Sion, Mumbai - MPCB",FN,2026-05-20 00:00:00+05:30,28.3,30.9,79.3,1.23,35.0,29.0,43.6,0.317,0.9537169507482269,0.30070579950427306,0.6807734094770161,-0.7324940716135789
6967,"Sion, Mumbai - MPCB",FN,2026-05-21 00:00:00+05:30,28.1,31.4,79.7,1.25,34.1,29.1,42.8,0.319,0.14245618299315263,0.9898011092775262,0.6680638642135335,-0.7441039398713607
6967,"Sion, Mumbai - MPCB",FN,2026-05-22 00:00:00+05:30,28.1,31.9,80.3,1.28,34.9,29.2,43.2,0.321,0.14228342794133003,0.9898259574961976,0.6551563572090853,-0.7554933140726803
6967,"Sion, Mumbai - MPCB",FN,2026-05-23 00:00:00+05:30,27.1,32.1,80.0,1.28,34.7,29.2,43.2,0.32,0.16900546957477847,0.9856151131419448,0.6420547132365637,-0.766658819300159
6967,"Sion, Mumbai - MPCB",FN,2026-05-24 00:00:00+05:30,22.7,32.2,80.7,1.29,34.6,29.2,42.8,0.323,0.18051914525055998,0.9835714708133859,0.6287628145958344,-0.7775971469736269
6967,"Sion, Mumbai - MPCB",FN,2026-05-25 00:00:00+05:30,24.6,32.0,80.6,1.28,34.3,29.3,42.6,0.322,0.16934950384902456,0.9855560590580777,0.6152845999633276,-0.7883050558305255
6967,"Sion, Mumbai - MPCB",FN,2026-05-26 00:00:00+05:30,28.7,31.9,79.9,1.28,35.5,29.2,43.6,0.32,0.16143157982793438,0.9868839065636126,0.6016240632249226,-0.7987793728863649
6967,"Sion, Mumbai - MPCB",FN,2026-05-27 00:00:00+05:30,42.5,31.9,78.2,1.27,27.8,29.1,38.2,0.312,0.1628093719009993,0.9866575436397383,0.5877852522924732,-0.8090169943749473
6967,"Sion, Mumbai - MPCB",FN,2026-05-28 00:00:00+05:30,,32.1,76.3,1.28,31.3,29.4,41.1,0.305,0.15798572862639884,0.9874413955017208,0.5737722679043246,-0.8190148866680801
6967,"Sion, Mumbai - MPCB",FN,2026-05-29 00:00:00+05:30,27.8,32.2,76.7,1.29,31.0,29.5,43.7,0.307,0.15229588549764572,0.988334944874706,0.5595892624101765,-0.8287700871745038
6967,"Sion, Mumbai - MPCB",FN,2026-05-30 00:00:00+05:30,29.0,32.5,78.0,1.3,29.0,29.5,29.5,0.312,0.15505523991767378,0.9879058014679702,0.545240438540651,-0.8382797052177744
6967,"Sion, Mumbai - MPCB",FN,2026-05-31 00:00:00+05:30,26.1,31.8,81.4,1.27,26.9,29.5,3.5,0.325,0.14642834084369372,0.9892212800975134,0.5307300481619334,-0.8475409228928311
6967,"Sion, Mumbai - MPCB",FN,2026-06-01 00:00:00+05:30,24.1,32.3,77.0,1.29,26.8,29.7,3.5,0.308,0.14314715975318573,0.9897014148997646,0.5160623910158528,-0.8565509959010036
6967,"Sion, Mumbai - MPCB",FN,2026-06-02 00:00:00+05:30,31.3,32.1,77.2,1.28,30.5,29.8,3.5,0.309,0.1657361228281197,0.9861701362289889,0.5012418134457758,-0.865307254363206
6967,"Sion, Mumbai - MPCB",FN,2026-06-03 00:00:00+05:30,33.5,31.0,78.4,1.24,28.2,30.0,3.5,0.314,0.18223552549214747,0.9832549075639546,0.48627270710868997,-0.8738071036110808
6967,"Sion, Mumbai - MPCB",FN,2026-06-04 00:00:00+05:30,30.0,31.7,78.7,1.27,25.6,30.2,3.5,0.314,0.1856666153855772,0.9826127965436152,0.4711595076738638,-0.8820480249558537
6967,"Sion, Mumbai - MPCB",FN,2026-06-05 00:00:00+05:30,31.1,32.4,79.7,1.29,24.0,30.1,3.5,0.319,0.18395135061272017,0.9829353491495543,0.4559066935084588,-0.8900275764346767
6967,"Sion, Mumbai - MPCB",FN,2026-06-06 00:00:00+05:30,31.0,32.8,77.5,1.31,23.8,30.4,3.5,0.309,0.18395135061272017,0.9829353491495543,0.440518784350495,-0.8977433935342337
6967,"Sion, Mumbai - MPCB",FN,2026-06-07 00:00:00+05:30,38.1,31.4,83.0,1.25,24.1,30.4,,0.33,0.1856666153855772,0.9826127965436152,0.42500033996955416,-0.9051931898913974
6967,"Sion, Mumbai - MPCB",FN,2026-06-08 00:00:00+05:30,31.8,33.0,76.3,1.32,23.6,31.6,3.5,0.306,0.1770847403195833,0.9841956079692419,0.4093559588156213,-0.9123747579707273
6967,"Sion, Mumbai - MPCB",FN,2026-06-09 00:00:00+05:30,29.3,32.5,78.3,1.3,23.6,32.0,3.5,0.314,0.1770847403195833,0.9841956079692419,0.39359027665646673,-0.9192859697186104
6967,"Sion, Mumbai - MPCB",FN,2026-06-10 00:00:00+05:30,31.2,32.2,78.1,1.29,23.7,32.7,3.5,0.312,0.1788022151163496,0.9838850379335417,0.3777079652039649,-0.9259247771938498
6967,"Sion, Mumbai - MPCB",FN,2026-06-11 00:00:00+05:30,28.4,32.3,77.4,1.29,22.7,32.5,3.5,0.309,0.1681452938873515,0.9857622229237314,0.36171373072976765,-0.9322892131745133
6967,"Sion, Mumbai - MPCB",FN,2026-06-12 00:00:00+05:30,,32.4,78.5,1.3,30.5,31.8,3.5,0.315,0.1476367930475197,0.9890416459071093,0.3456123126707335,-0.9383773917408641
6967,"Sion, Mumbai - MPCB",FN,2026-06-13 00:00:00+05:30,,32.3,78.1,1.29,39.3,,3.5,0.313,0.14280168007314495,0.9897513223877435,0.3294084822245304,-0.9441875088341993
6967,"Sion, Mumbai - MPCB",FN,2026-06-14 00:00:00+05:30,,32.1,76.7,1.29,38.5,,3.5,0.307,0.1476367930475197,0.9890416459071093,0.3131070409358269,-0.9497178427914316
6967,"Sion, Mumbai - MPCB",FN,2026-06-15 00:00:00+05:30,,32.2,76.2,1.29,39.7,,3.5,0.305,0.14919019325351712,0.9888085184892867,0.29671281927349075,-0.9549667548552551
6967,"Sion, Mumbai - MPCB",FN,2026-06-16 00:00:00+05:30,,32.0,76.0,1.28,39.5,,3.5,0.304,0.15281335556462722,0.9882550674603591,0.28023067519921585,-0.9599326896597447
6967,"Sion, Mumbai - MPCB",FN,2026-06-17 00:00:00+05:30,32.3,32.0,74.7,1.28,39.2,,3.5,0.298,0.15298583628403808,0.9882283814465528,0.26366549272800704,-0.9646141756912435
6967,"Sion, Mumbai - MPCB",FN,2026-06-18 00:00:00+05:30,31.4,31.8,75.2,1.27,39.1,,3.5,0.302,0.15488281546757113,0.9879328486657574,0.24702218048093552,-0.9690098257244062
6967,"Sion, Mumbai - MPCB",FN,2026-06-19 00:00:00+05:30,44.6,31.8,73.2,1.27,32.6,31.8,3.5,0.292,0.15522765964452373,0.9878787241768515,0.23030567023061221,-0.9731183372332619
6967,"Sion, Mumbai - MPCB",FN,2026-06-20 00:00:00+05:30,,31.8,74.0,1.27,31.9,32.1,3.5,0.296,0.1555724849074569,0.9878244793179196,0.21352091543979612,-0.9769384927771817
6967,"Sion, Mumbai - MPCB",FN,2026-06-21 00:00:00+05:30,,31.0,79.8,1.24,40.0,,3.5,0.32,0.1298340013805183,0.9915357442298909,0.19667288979357647,-0.980469160361632
6967,"Sion, Mumbai - MPCB",FN,2026-06-22 00:00:00+05:30,,30.2,82.8,1.21,40.6,,3.5,0.332,0.13398618541829205,0.9909831997148363,0.1797665857255624,-0.9837092937736097
6967,"Sion, Mumbai - MPCB",FN,2026-06-23 00:00:00+05:30,,27.3,93.6,1.09,40.1,,3.5,0.375,0.13986440451934407,0.990170666273471,0.16280701293851715,-0.986657932891657
6967,"Sion, Mumbai - MPCB",FN,2026-06-25 00:00:00+05:30,,28.6,89.6,1.14,30.1,,3.5,0.36,-0.984807753012208,-0.17364817766693033,0.12874817745258132,-0.99167731989929
6967,"Sion, Mumbai - MPCB",FN,2026-06-26 00:00:00+05:30,,29.6,87.0,1.18,30.8,,3.5,0.348,-0.984807753012208,-0.17364817766693033,0.11165900712169512,-0.993746580436178
6967,"Sion, Mumbai - MPCB",FN,2026-06-27 00:00:00+05:30,,30.3,83.3,1.21,30.3,,3.5,0.333,-0.984807753012208,-0.17364817766693033,0.09453674981719912,-0.9955213724144752
6967,"Sion, Mumbai - MPCB",FN,2026-06-28 00:00:00+05:30,,29.5,88.1,1.18,30.2,,3.5,0.352,-0.981627183447664,-0.1908089953765446,0.07738647923346301,-0.9970011699250151
6967,"Sion, Mumbai - MPCB",FN,2026-06-29 00:00:00+05:30,5.0,27.0,95.0,1.08,30.2,,3.5,0.381,-0.9781476007338056,-0.2079116908177598,0.06021327736579302,-0.9981855344718586
6967,"Sion, Mumbai - MPCB",FN,2026-06-30 00:00:00+05:30,,26.3,99.5,1.05,30.1,,3.5,0.399,-0.981627183447664,-0.1908089953765446,0.04302223300453059,-0.99907411510223
6967,"Sion, Mumbai - MPCB",FN,2026-07-01 00:00:00+05:30,16.6,25.9,99.8,1.04,30.8,,3.5,0.4,-0.5150380749100542,-0.8571673007021123,0.02581844022713308,-0.9996666485105112
6967,"Sion, Mumbai - MPCB",FN,2026-07-02 00:00:00+05:30,23.0,26.2,98.3,1.05,30.8,,3.5,0.393,-0.7193398003386512,-0.6946583704589973,0.008606996888688698,-0.9999629591162655
6967,"Sion, Mumbai - MPCB",FN,2026-07-03 00:00:00+05:30,21.9,25.6,99.9,1.02,31.1,,3.5,0.4,-0.8386705679454242,-0.544639035015027,-0.008606996888688009,-0.9999629591162655
6967,"Sion, Mumbai - MPCB",FN,2026-07-04 00:00:00+05:30,22.6,33.2,99.9,1.33,31.0,,3.5,0.4,-0.6156614753256582,-0.788010753606722,-0.02581844022713239,-0.9996666485105112
6967,"Sion, Mumbai - MPCB",FN,2026-07-05 00:00:00+05:30,25.9,43.9,99.9,1.75,31.5,,3.5,0.4,-0.7771459614569706,-0.6293203910498378,-0.04302223300453034,-0.99907411510223
6967,"Sion, Mumbai - MPCB",FN,2026-07-06 00:00:00+05:30,33.9,44.6,99.9,1.79,32.2,,3.5,0.4,0.2756373558169992,-0.9612616959383189,-0.060213277365792774,-0.9981855344718586
6967,"Sion, Mumbai - MPCB",FN,2026-07-07 00:00:00+05:30,31.8,48.4,98.5,1.93,31.2,121.0,3.5,0.395,0.9781476007338057,-0.20791169081775934,-0.07738647923346322,-0.9970011699250151
12024,"Chakala-Andheri East, Mumbai - IITM",KE,2025-10-11 00:00:00+05:30,64.1,23.4,52.8,0.112,55.3,27.1,4.35,0.631,-0.9998476951563913,0.01745240643728313,-0.9873494423939864,0.15855938510313475
12024,"Chakala-Andheri East, Mumbai - IITM",KE,2025-10-12 00:00:00+05:30,65.5,23.3,51.1,0.111,56.0,28.3,5.77,0.684,0.4226182617406995,-0.9063077870366499,-0.9844738167520923,0.17553149042142777
12024,"Chakala-Andheri East, Mumbai - IITM",KE,2025-10-13 00:00:00+05:30,63.1,23.4,50.9,0.119,66.8,26.6,2.1,0.81,0.05233595624294381,-0.9986295347545738,-0.9813064702716093,0.19245158197082995
12024,"Chakala-Andheri East, Mumbai - IITM",KE,2025-10-14 00:00:00+05:30,60.2,23.3,50.9,0.119,64.6,31.4,1.45,0.672,0.4694715627858907,-0.882947592858927,-0.9778483415056567,0.20931464596304888
12024,"Chakala-Andheri East, Mumbai - IITM",KE,2025-10-15 00:00:00+05:30,63.5,23.3,50.7,0.122,65.3,27.3,10.2,0.746,0.5446390350150273,-0.8386705679454239,-0.9741004551724206,0.22611568550828803
12024,"Chakala-Andheri East, Mumbai - IITM",KE,2025-10-16 00:00:00+05:30,57.6,23.4,49.5,0.152,58.7,29.8,6.82,0.767,0.4226182617406995,-0.9063077870366499,-0.970063921851507,0.2428497220959358
12024,"Chakala-Andheri East, Mumbai - IITM",KE,2025-10-17 00:00:00+05:30,36.3,23.4,52.2,0.134,50.1,29.1,4.88,0.638,-0.9902680687415704,0.13917310096006547,-0.965739937654855,0.25951179706979943
12024,"Chakala-Andheri East, Mumbai - IITM",KE,2025-10-18 00:00:00+05:30,65.8,23.3,52.2,0.144,52.1,39.7,5.7,0.568,-0.9975640502598243,0.06975647374412522,-0.9611297838723007,0.27609697309746883
12024,"Chakala-Andheri East, Mumbai - IITM",KE,2025-10-19 00:00:00+05:30,81.1,23.6,51.5,0.132,47.3,37.6,1.74,0.695,-1.0,-1.8369701987210297e-16,-0.9562348265919058,0.2926003356333479
12024,"Chakala-Andheri East, Mumbai - IITM",KE,2025-10-20 00:00:00+05:30,155.0,24.4,45.4,0.124,57.4,22.1,3.25,0.74,-0.29237170472273677,-0.9563047559630354,-0.9510565162951536,0.30901699437494723
12024,"Chakala-Andheri East, Mumbai - IITM",KE,2025-10-21 00:00:00+05:30,105.0,24.2,45.5,0.149,32.9,38.7,4.23,0.446,-0.017452406437283637,-0.9998476951563913,-0.9455963874271428,0.3253420847119795
12024,"Chakala-Andheri East, Mumbai - IITM",KE,2025-10-22 00:00:00+05:30,62.1,23.3,50.1,0.105,38.2,27.2,5.96,0.45,-0.15643446504023073,-0.9876883405951378,-0.9398560579418953,0.341570769167856
12024,"Chakala-Andheri East, Mumbai - IITM",KE,2025-10-23 00:00:00+05:30,53.5,22.1,50.0,0.102,39.0,19.8,5.52,0.381,-0.35836794954530043,-0.9335804264972017,-0.9338372288229252,0.35769823883312546
12024,"Chakala-Andheri East, Mumbai - IITM",KE,2025-10-24 00:00:00+05:30,34.8,23.3,50.1,0.103,41.7,15.6,8.04,0.374,-0.4067366430758002,-0.9135454576426009,-0.9275416835791965,0.3737197147904692
12024,"Chakala-Andheri East, Mumbai - IITM",KE,2025-10-25 00:00:00+05:30,17.0,22.7,49.7,0.107,34.0,7.41,8.67,0.394,0.13917310096006533,-0.9902680687415704,-0.9209712877166347,0.38963044953078774
12024,"Chakala-Andheri East, Mumbai - IITM",KE,2025-10-26 00:00:00+05:30,20.4,23.4,49.8,0.104,31.9,4.71,12.8,0.416,0.03489949670250114,-0.9993908270190958,-0.9141279881853337,0.4054257283599973
12024,"Chakala-Andheri East, Mumbai - IITM",KE,2025-10-27 00:00:00+05:30,17.7,23.3,53.4,0.121,30.9,11.3,5.03,0.305,-0.35836794954530043,-0.9335804264972017,-0.9070138128026362,0.42110087079608916
12024,"Chakala-Andheri East, Mumbai - IITM",KE,2025-10-28 00:00:00+05:30,24.6,19.1,52.8,0.116,31.1,16.0,5.15,0.301,-0.9925461516413221,-0.12186934340514717,-0.8996308696522434,0.4366512319560638
12024,"Chakala-Andheri East, Mumbai - IITM",KE,2025-10-29 00:00:00+05:30,27.4,23.3,50.2,0.111,35.4,19.6,6.25,0.331,-0.6819983600624984,-0.7313537016191706,-0.8919813464595487,0.45207220393230374
12024,"Chakala-Andheri East, Mumbai - IITM",KE,2025-10-30 00:00:00+05:30,38.5,23.3,51.9,0.105,38.4,17.2,6.03,0.42,-0.7431448254773944,-0.6691306063588581,-0.8840675099433637,0.46735921715800205
12024,"Chakala-Andheri East, Mumbai - IITM",KE,2025-10-31 00:00:00+05:30,22.6,23.3,54.7,0.104,41.8,8.68,4.3,0.476,-0.9876883405951378,0.15643446504023067,-0.8758917051442433,0.48250774176121763
12024,"Chakala-Andheri East, Mumbai - IITM",KE,2025-11-01 00:00:00+05:30,,23.3,54.2,0.108,34.3,9.05,6.58,0.433,-0.891006524188368,0.45399049973954664,-0.8674563547295971,0.4975132889071803
12024,"Chakala-Andheri East, Mumbai - IITM",KE,2025-11-02 00:00:00+05:30,19.5,23.3,55.3,0.101,35.5,5.39,3.76,0.446,-0.8090169943749476,0.5877852522924729,-0.858763958275803,0.5123714121284235
12024,"Chakala-Andheri East, Mumbai - IITM",KE,2025-11-03 00:00:00+05:30,20.0,23.5,52.6,0.108,33.4,27.0,30.5,0.646,-0.2419218955996675,-0.9702957262759965,-0.8498170915275277,0.5270777086423724
12024,"Chakala-Andheri East, Mumbai - IITM",KE,2025-11-04 00:00:00+05:30,32.7,23.2,53.2,0.12,41.8,23.2,,0.576,-0.5150380749100542,-0.8571673007021123,-0.8406184056344783,0.5416278206559811
12024,"Chakala-Andheri East, Mumbai - IITM",KE,2025-11-05 00:00:00+05:30,27.5,23.2,51.9,0.11,36.4,19.5,1.37,0.25,0.12186934340514755,-0.992546151641322,-0.8311706263658079,0.5560174366570446
12024,"Chakala-Andheri East, Mumbai - IITM",KE,2025-11-06 00:00:00+05:30,43.7,23.1,52.2,0.109,44.2,34.9,3.06,0.267,0.2249510543438652,-0.9743700647852351,-0.8214765533024145,0.5702422926917867
12024,"Chakala-Andheri East, Mumbai - IITM",KE,2025-11-07 00:00:00+05:30,94.6,23.2,52.8,0.105,59.4,35.2,2.64,0.409,-0.5591929034707467,-0.8290375725550417,-0.8115390590073611,0.5842981736283683
12024,"Chakala-Andheri East, Mumbai - IITM",KE,2025-11-08 00:00:00+05:30,44.3,23.5,51.0,0.119,59.5,32.1,5.83,0.403,0.4383711467890773,-0.898794046299167,-0.801361088174677,0.5981809144059158
12024,"Chakala-Andheri East, Mumbai - IITM",KE,2025-11-09 00:00:00+05:30,44.6,23.2,52.4,0.124,56.0,28.2,10.1,0.418,0.6819983600624985,-0.7313537016191705,-0.7909456567567774,0.6118864012687242
12024,"Chakala-Andheri East, Mumbai - IITM",KE,2025-11-10 00:00:00+05:30,56.8,23.3,54.6,0.106,79.9,11.2,11.6,1.09,0.766044443118978,-0.6427876096865394,-0.780295851070776,0.6254105729852457
12024,"Chakala-Andheri East, Mumbai - IITM",KE,2025-11-11 00:00:00+05:30,62.9,23.3,55.2,0.139,72.7,36.5,9.93,0.825,-0.374606593415912,-0.9271838545667874,-0.7694148268839381,0.6387494220515268
12024,"Chakala-Andheri East, Mumbai - IITM",KE,2025-11-12 00:00:00+05:30,63.3,23.2,54.2,0.147,57.4,49.6,11.4,0.621,-0.7880107536067221,-0.6156614753256581,-0.7583058084785625,0.6518989958787125
12024,"Chakala-Andheri East, Mumbai - IITM",KE,2025-11-13 00:00:00+05:30,64.1,23.3,52.0,0.154,68.4,47.9,8.73,0.955,0.06975647374412552,-0.9975640502598242,-0.7469720876965551,0.6648553979642866
12024,"Chakala-Andheri East, Mumbai - IITM",KE,2025-11-14 00:00:00+05:30,75.0,23.2,52.0,0.13,72.0,41.5,5.68,0.895,0.03489949670250114,-0.9993908270190958,-0.7354170229639858,0.6776147890466887
12024,"Chakala-Andheri East, Mumbai - IITM",KE,2025-11-15 00:00:00+05:30,79.0,22.9,53.7,0.113,92.4,20.4,9.18,1.05,0.13917310096006533,-0.9902680687415704,-0.7236440382959124,0.690173388242972
12024,"Chakala-Andheri East, Mumbai - IITM",KE,2025-11-16 00:00:00+05:30,71.6,23.2,52.6,0.148,64.8,41.4,5.59,0.723,0.258819045102521,-0.9659258262890682,-0.711656622281775,0.7025274741691566
12024,"Chakala-Andheri East, Mumbai - IITM",KE,2025-11-17 00:00:00+05:30,77.1,23.3,53.3,0.148,56.5,59.0,12.2,0.611,-0.7431448254773944,-0.6691306063588581,-0.6994583270516471,0.7146733860429608
12024,"Chakala-Andheri East, Mumbai - IITM",KE,2025-11-18 00:00:00+05:30,86.3,23.4,52.6,0.133,69.1,49.8,8.74,0.73,0.45399049973954686,-0.8910065241883678,-0.6870527672236675,0.7266075247685652
12024,"Chakala-Andheri East, Mumbai - IITM",KE,2025-11-19 00:00:00+05:30,85.1,23.2,54.5,0.14,76.9,42.1,11.6,0.89,-0.8290375725550418,-0.5591929034707466,-0.6744436188329457,0.7383263540031063
12024,"Chakala-Andheri East, Mumbai - IITM",KE,2025-11-20 00:00:00+05:30,86.9,22.6,53.4,0.14,84.5,44.8,5.2,1.11,-0.39073112848927355,-0.9205048534524404,-0.661634618242279,0.749826401204568
12024,"Chakala-Andheri East, Mumbai - IITM",KE,2025-11-21 00:00:00+05:30,100.0,23.2,52.8,0.132,82.9,46.8,5.37,1.01,0.3090169943749475,-0.9510565162951535,-0.6486295610349818,0.7611042586607742
12024,"Chakala-Andheri East, Mumbai - IITM",KE,2025-11-22 00:00:00+05:30,104.0,23.2,54.5,0.125,93.8,41.1,13.5,1.19,-0.8290375725550418,-0.5591929034707466,-0.6354323008901775,0.7721565844991641
12024,"Chakala-Andheri East, Mumbai - IITM",KE,2025-11-23 00:00:00+05:30,116.0,23.0,55.6,0.133,88.0,48.5,11.7,1.27,-0.7071067811865477,0.7071067811865474,-0.622046748440868,0.7829801036770624
12024,"Chakala-Andheri East, Mumbai - IITM",KE,2025-11-24 00:00:00+05:30,112.0,23.3,55.2,0.125,96.0,29.7,9.46,1.35,-0.9993908270190958,0.03489949670250128,-0.6084768701151264,0.7935716089521472
12024,"Chakala-Andheri East, Mumbai - IITM",KE,2025-11-25 00:00:00+05:30,105.0,23.2,50.7,0.118,90.8,43.1,6.77,1.31,0.8480480961564261,-0.5299192642332048,-0.594726686960764,0.8039279618328208
12024,"Chakala-Andheri East, Mumbai - IITM",KE,2025-11-26 00:00:00+05:30,92.7,23.3,53.5,0.125,86.6,49.2,4.25,1.11,1.2246467991473532e-16,-1.0,-0.5808002734538013,0.8140460935082175
12024,"Chakala-Andheri East, Mumbai - IITM",KE,2025-11-27 00:00:00+05:30,82.9,23.2,52.6,0.132,77.7,31.6,11.8,0.958,0.01745240643728344,-0.9998476951563913,-0.5667017562911184,0.8239230057575536
12024,"Chakala-Andheri East, Mumbai - IITM",KE,2025-11-28 00:00:00+05:30,71.3,23.3,52.6,0.132,78.2,19.6,7.39,0.777,0.258819045102521,-0.9659258262890682,-0.5524353131676203,0.8335557718385695
12024,"Chakala-Andheri East, Mumbai - IITM",KE,2025-11-29 00:00:00+05:30,59.5,23.1,51.7,0.147,65.2,28.2,13.3,0.644,0.39073112848927377,-0.9205048534524404,-0.5380051715382992,0.8429415373547832
12024,"Chakala-Andheri East, Mumbai - IITM",KE,2025-11-30 00:00:00+05:30,51.9,23.1,53.6,0.128,76.6,37.1,9.09,0.641,-0.5299192642332048,-0.8480480961564261,-0.5234156073655503,0.8520775211013093
12024,"Chakala-Andheri East, Mumbai - IITM",KE,2025-12-01 00:00:00+05:30,63.8,23.1,53.3,0.13,85.6,42.4,13.7,0.843,-0.8987940462991668,-0.43837114678907774,-0.5086709438521042,0.8609610158889945
12024,"Chakala-Andheri East, Mumbai - IITM",KE,2025-12-02 00:00:00+05:30,64.1,23.2,52.6,0.135,93.0,38.8,12.8,0.965,-0.13917310096006552,-0.9902680687415703,-0.49377555015997737,0.8695893893466109
12024,"Chakala-Andheri East, Mumbai - IITM",KE,2025-12-03 00:00:00+05:30,69.2,23.2,52.2,0.133,85.4,45.7,11.8,0.887,0.3583679495453002,-0.9335804264972017,-0.4787338401157883,0.8779600847008883
12024,"Chakala-Andheri East, Mumbai - IITM",KE,2025-12-04 00:00:00+05:30,72.7,23.4,51.4,0.132,53.7,40.9,15.5,0.83,-0.052335956242943564,-0.9986295347545738,-0.4635502709028512,0.8860706215341378
12024,"Chakala-Andheri East, Mumbai - IITM",KE,2025-12-05 00:00:00+05:30,67.0,23.3,53.1,0.16,65.5,46.4,16.3,0.709,-0.15643446504023073,-0.9876883405951378,-0.4482293417404106,0.893918596519257
12024,"Chakala-Andheri East, Mumbai - IITM",KE,2025-12-06 00:00:00+05:30,58.3,23.2,53.8,0.121,64.4,49.0,14.6,0.659,-0.5299192642332048,-0.8480480961564261,-0.4327755925504317,0.9015016841318838
12024,"Chakala-Andheri East, Mumbai - IITM",KE,2025-12-07 00:00:00+05:30,62.1,22.6,54.2,0.104,60.9,53.7,11.8,0.707,-0.5735764363510462,-0.8191520442889918,-0.41719360261231697,0.9088176373395028
12024,"Chakala-Andheri East, Mumbai - IITM",KE,2025-12-08 00:00:00+05:30,62.8,23.1,51.5,0.102,89.8,27.0,8.86,1.12,0.17364817766693028,-0.984807753012208,-0.4014879892059737,0.9158642882672868
12024,"Chakala-Andheri East, Mumbai - IITM",KE,2025-12-09 00:00:00+05:30,39.6,22.9,49.9,0.103,68.3,41.2,12.7,0.821,0.5591929034707469,-0.8290375725550416,-0.38566340624360745,0.9226395488404875
12024,"Chakala-Andheri East, Mumbai - IITM",KE,2025-12-10 00:00:00+05:30,30.8,23.2,48.7,0.106,72.1,,11.6,0.63,0.788010753606722,-0.6156614753256583,-0.3697245428906732,0.9291414114031743
12024,"Chakala-Andheri East, Mumbai - IITM",KE,2025-12-11 00:00:00+05:30,34.6,22.3,49.4,0.105,75.5,25.6,10.2,0.661,0.3583679495453002,-0.9335804264972017,-0.3536761221763721,0.935367949313148
12024,"Chakala-Andheri East, Mumbai - IITM",KE,2025-12-12 00:00:00+05:30,46.9,23.3,49.0,0.105,78.2,29.5,10.5,0.879,0.5299192642332049,-0.848048096156426,-0.33752289959411347,0.941317317512847
12024,"Chakala-Andheri East, Mumbai - IITM",KE,2025-12-13 00:00:00+05:30,50.8,23.1,50.0,0.102,40.9,34.6,11.6,0.903,0.6819983600624985,-0.7313537016191705,-0.32126966169236515,0.9469877530760751
12024,"Chakala-Andheri East, Mumbai - IITM",KE,2025-12-14 00:00:00+05:30,59.4,23.3,54.2,0.108,40.6,32.5,13.1,0.935,-0.6427876096865393,-0.766044443118978,-0.3049212246562894,0.9523775757303973
12024,"Chakala-Andheri East, Mumbai - IITM",KE,2025-12-15 00:00:00+05:30,54.2,23.2,54.4,0.109,51.8,25.8,19.1,1.07,-0.9975640502598242,-0.06975647374412558,-0.2884824328806098,0.9574851883550389
12024,"Chakala-Andheri East, Mumbai - IITM",KE,2025-12-16 00:00:00+05:30,48.9,23.2,53.9,0.118,69.1,45.0,14.0,0.649,-0.9986295347545738,-0.052335956242944306,-0.27195815753410524,0.9623090774541487
12024,"Chakala-Andheri East, Mumbai - IITM",KE,2025-12-17 00:00:00+05:30,63.7,23.2,53.1,0.104,86.2,48.0,11.1,1.09,-0.7193398003386512,-0.6946583704589973,-0.2553532951161881,0.9668478136052773
12024,"Chakala-Andheri East, Mumbai - IITM",KE,2025-12-18 00:00:00+05:30,65.1,23.2,52.8,0.104,89.7,33.9,10.6,0.919,-0.275637355816999,-0.9612616959383189,-0.23867276600594997,0.9711000518829505
12024,"Chakala-Andheri East, Mumbai - IITM",KE,2025-12-19 00:00:00+05:30,52.9,23.2,53.5,0.105,81.6,38.3,11.0,0.974,-0.6819983600624984,-0.7313537016191706,-0.22192151300416674,0.9750645322571945
12024,"Chakala-Andheri East, Mumbai - IITM",KE,2025-12-20 00:00:00+05:30,41.5,23.2,50.0,0.102,82.1,20.3,17.7,1.15,0.7547095802227721,-0.6560590289905072,-0.20510449986861926,0.9787400799669153
12024,"Chakala-Andheri East, Mumbai - IITM",KE,2025-12-21 00:00:00+05:30,35.6,23.2,47.4,0.101,73.3,27.2,14.4,0.971,0.9743700647852352,-0.22495105434386503,-0.1882267098432439,0.9821256058680006
12024,"Chakala-Andheri East, Mumbai - IITM",KE,2025-12-22 00:00:00+05:30,51.2,21.9,48.3,0.0971,85.3,20.7,11.8,1.1,0.9927573419294455,-0.1201368388346471,-0.1712931441814778,0.9852201067560606
12024,"Chakala-Andheri East, Mumbai - IITM",KE,2025-12-23 00:00:00+05:30,39.8,23.0,47.8,0.0937,68.8,37.1,12.7,0.83,0.7986355100472927,-0.6018150231520484,-0.154308820664281,0.9880226656636976
12024,"Chakala-Andheri East, Mumbai - IITM",KE,2025-12-24 00:00:00+05:30,37.0,23.3,50.6,0.109,69.2,33.1,19.0,0.767,0.5591929034707469,-0.8290375725550416,-0.13727877211326517,0.9905324521322227
12024,"Chakala-Andheri East, Mumbai - IITM",KE,2025-12-25 00:00:00+05:30,47.9,23.2,50.2,0.0972,88.5,33.1,12.0,1.15,0.9781476007338057,-0.20791169081775934,-0.12020804489935275,0.9927487224577402
12024,"Chakala-Andheri East, Mumbai - IITM",KE,2025-12-26 00:00:00+05:30,56.2,23.3,51.1,0.0982,92.3,45.2,16.4,1.35,0.788010753606722,-0.6156614753256583,-0.10310169744743544,0.9946708199115211
12024,"Chakala-Andheri East, Mumbai - IITM",KE,2025-12-27 00:00:00+05:30,,23.2,51.2,0.0982,69.1,34.8,6.72,1.09,0.4226182617406995,-0.9063077870366499,-0.0859647987374467,0.9962981749346077
12024,"Chakala-Andheri East, Mumbai - IITM",KE,2025-12-28 00:00:00+05:30,71.6,23.3,51.3,0.0971,93.3,35.4,6.44,1.09,0.9659258262890683,-0.25881904510252085,-0.06880242680232064,0.9976303053065857
12024,"Chakala-Andheri East, Mumbai - IITM",KE,2025-12-29 00:00:00+05:30,73.5,23.3,51.9,0.1,97.2,44.4,6.24,1.22,0.777145961456971,-0.6293203910498373,-0.05161966722325418,0.9986668162884759
12024,"Chakala-Andheri East, Mumbai - IITM",KE,2025-12-30 00:00:00+05:30,74.8,23.3,53.9,0.0994,92.7,50.1,6.86,1.05,-0.4067366430758002,-0.9135454576426009,-0.034421611622745804,0.9994074007397048
12024,"Chakala-Andheri East, Mumbai - IITM",KE,2025-12-31 00:00:00+05:30,68.0,23.2,55.7,0.107,78.3,44.6,4.53,1.05,-0.9816271834476639,0.1908089953765451,-0.01721335615583528,0.9998518392091162
12024,"Chakala-Andheri East, Mumbai - IITM",KE,2026-01-01 00:00:00+05:30,42.6,22.6,54.1,0.101,57.7,22.7,1.92,0.797,-0.275637355816999,-0.9612616959383189,0.0,1.0
12024,"Chakala-Andheri East, Mumbai - IITM",KE,2026-01-02 00:00:00+05:30,59.3,23.3,53.5,0.0999,74.3,26.5,4.18,1.17,0.48480962024633717,-0.8746197071393957,0.017213356155834685,0.9998518392091162
12024,"Chakala-Andheri East, Mumbai - IITM",KE,2026-01-03 00:00:00+05:30,69.2,23.3,52.6,0.0998,89.7,19.0,4.9,1.34,-0.19080899537654472,-0.981627183447664,0.03442161162274574,0.9994074007397048
12024,"Chakala-Andheri East, Mumbai - IITM",KE,2026-01-04 00:00:00+05:30,93.8,23.3,52.3,0.1,88.6,18.3,9.71,1.49,-0.13917310096006552,-0.9902680687415703,0.051619667223253764,0.998666816288476
12024,"Chakala-Andheri East, Mumbai - IITM",KE,2026-01-05 00:00:00+05:30,81.5,23.3,53.1,0.0997,82.4,27.7,2.22,1.06,-0.8660254037844385,-0.5000000000000004,0.06880242680231986,0.9976303053065857
12024,"Chakala-Andheri East, Mumbai - IITM",KE,2026-01-06 00:00:00+05:30,84.6,22.0,53.9,0.101,85.8,26.3,6.97,1.08,-0.9925461516413221,-0.12186934340514717,0.08596479873744647,0.9962981749346078
12024,"Chakala-Andheri East, Mumbai - IITM",KE,2026-01-07 00:00:00+05:30,85.0,22.5,52.3,0.101,90.8,30.3,8.88,0.949,-0.7431448254773944,-0.6691306063588581,0.10310169744743485,0.9946708199115211
12024,"Chakala-Andheri East, Mumbai - IITM",KE,2026-01-08 00:00:00+05:30,64.7,23.4,51.3,0.1,75.3,44.6,63.5,0.96,-0.7313537016191705,-0.6819983600624986,0.1202080448993527,0.9927487224577402
12024,"Chakala-Andheri East, Mumbai - IITM",KE,2026-01-09 00:00:00+05:30,64.3,21.5,42.1,0.0998,152.0,,,0.828,0.2249510543438652,-0.9743700647852351,0.13727877211326478,0.9905324521322229
12024,"Chakala-Andheri East, Mumbai - IITM",KE,2026-01-10 00:00:00+05:30,63.1,21.4,42.2,0.101,81.7,26.4,6.83,0.811,0.17364817766693028,-0.984807753012208,0.15430882066428117,0.9880226656636976
12024,"Chakala-Andheri East, Mumbai - IITM",KE,2026-01-20 00:00:00+05:30,65.2,23.4,55.2,0.1,102.0,20.0,2.08,0.686,-0.848048096156426,-0.529919264233205,0.3212696616923644,0.9469877530760753
12024,"Chakala-Andheri East, Mumbai - IITM",KE,2026-01-21 00:00:00+05:30,81.2,23.4,54.6,0.0992,77.2,60.8,2.28,0.99,-0.5299192642332048,-0.8480480961564261,0.3375228995941133,0.9413173175128471
12024,"Chakala-Andheri East, Mumbai - IITM",KE,2026-01-22 00:00:00+05:30,75.9,23.4,54.8,0.0998,74.7,66.1,2.79,0.444,-0.19080899537654472,-0.981627183447664,0.3536761221763716,0.9353679493131483
12024,"Chakala-Andheri East, Mumbai - IITM",KE,2026-01-23 00:00:00+05:30,55.5,23.4,54.9,0.103,56.9,44.0,2.62,0.291,-0.48480962024633695,-0.8746197071393959,0.3697245428906731,0.9291414114031743
12024,"Chakala-Andheri East, Mumbai - IITM",KE,2026-01-24 00:00:00+05:30,44.3,23.4,54.5,0.101,60.3,44.8,12.0,0.241,-0.5299192642332048,-0.8480480961564261,0.38566340624360707,0.9226395488404876
12024,"Chakala-Andheri East, Mumbai - IITM",KE,2026-01-25 00:00:00+05:30,65.3,23.3,54.8,0.104,72.6,51.7,2.85,0.519,-0.9993908270190958,-0.03489949670250076,0.401487989205973,0.9158642882672872
12024,"Chakala-Andheri East, Mumbai - IITM",KE,2026-01-26 00:00:00+05:30,89.3,23.5,54.6,0.102,64.5,76.6,3.01,0.649,-0.9986295347545738,-0.052335956242944306,0.4171936026123168,0.9088176373395029
12024,"Chakala-Andheri East, Mumbai - IITM",KE,2026-01-27 00:00:00+05:30,56.2,22.6,53.6,0.102,48.0,58.0,0.419,0.169,-0.275637355816999,-0.9612616959383189,0.4327755925504312,0.901501684131884
12024,"Chakala-Andheri East, Mumbai - IITM",KE,2026-01-28 00:00:00+05:30,34.7,23.4,53.5,0.0972,57.8,52.3,1.32,0.119,0.7313537016191706,-0.6819983600624984,0.4482293417404106,0.893918596519257
12024,"Chakala-Andheri East, Mumbai - IITM",KE,2026-01-29 00:00:00+05:30,51.8,23.4,53.2,0.0996,85.4,46.4,4.18,0.429,0.5150380749100544,-0.8571673007021122,0.4635502709028509,0.886070621534138
12024,"Chakala-Andheri East, Mumbai - IITM",KE,2026-01-30 00:00:00+05:30,77.0,23.3,54.3,0.102,52.8,56.2,1.9,0.457,-0.5299192642332048,-0.8480480961564261,0.47873384011578846,0.8779600847008882
12024,"Chakala-Andheri East, Mumbai - IITM",KE,2026-01-31 00:00:00+05:30,69.9,23.4,53.7,0.109,53.2,50.9,2.95,0.282,0.40673664307580043,-0.9135454576426008,0.49377555015997715,0.869589389346611
12024,"Chakala-Andheri East, Mumbai - IITM",KE,2026-02-01 00:00:00+05:30,81.0,23.4,54.2,0.101,61.0,58.8,1.37,0.615,-0.32556815445715676,-0.9455185755993167,0.5086709438521044,0.8609610158889943
12024,"Chakala-Andheri East, Mumbai - IITM",KE,2026-02-02 00:00:00+05:30,95.1,23.4,55.3,0.0995,74.1,60.9,6.68,0.651,-0.8829475928589271,0.4694715627858904,0.5234156073655503,0.8520775211013093
12024,"Chakala-Andheri East, Mumbai - IITM",KE,2026-02-03 00:00:00+05:30,84.8,23.4,53.3,0.1,76.8,46.1,2.55,0.486,0.6293203910498374,-0.7771459614569709,0.5380051715382996,0.8429415373547828
12024,"Chakala-Andheri East, Mumbai - IITM",KE,2026-02-04 00:00:00+05:30,127.0,23.4,49.9,0.0872,65.5,94.9,6.08,0.273,0.49999999999999994,-0.8660254037844387,0.5524353131676196,0.8335557718385699
12024,"Chakala-Andheri East, Mumbai - IITM",KE,2026-02-05 00:00:00+05:30,,23.4,52.7,0.1,76.7,50.4,8.89,0.387,-0.2588190451025208,-0.9659258262890683,0.5667017562911176,0.8239230057575542
12024,"Chakala-Andheri East, Mumbai - IITM",KE,2026-02-06 00:00:00+05:30,77.7,23.5,51.3,0.102,79.9,44.8,9.81,0.346,-0.5446390350150271,-0.838670567945424,0.5808002734538009,0.8140460935082178
12024,"Chakala-Andheri East, Mumbai - IITM",KE,2026-02-07 00:00:00+05:30,77.5,23.4,50.9,0.101,82.3,47.8,11.4,0.391,0.01745240643728344,-0.9998476951563913,0.5947266869607634,0.8039279618328213
12024,"Chakala-Andheri East, Mumbai - IITM",KE,2026-02-08 00:00:00+05:30,70.4,23.4,53.5,0.1,86.5,24.1,11.2,0.766,-0.981627183447664,-0.1908089953765446,0.6084768701151261,0.7935716089521474
12024,"Chakala-Andheri East, Mumbai - IITM",KE,2026-02-09 00:00:00+05:30,65.9,23.5,51.4,0.109,49.5,63.8,13.0,0.29,-0.4067366430758002,-0.9135454576426009,0.6220467484408675,0.7829801036770629
12024,"Chakala-Andheri East, Mumbai - IITM",KE,2026-02-10 00:00:00+05:30,64.2,23.6,49.4,0.0997,31.5,89.8,11.4,0.298,0.37460659341591224,-0.9271838545667873,0.6354323008901774,0.7721565844991642
12024,"Chakala-Andheri East, Mumbai - IITM",KE,2026-02-11 00:00:00+05:30,77.4,23.7,45.0,0.103,91.2,61.3,8.88,1.33,0.9135454576426009,-0.40673664307580026,0.6486295610349814,0.7611042586607747
12024,"Chakala-Andheri East, Mumbai - IITM",KE,2026-02-12 00:00:00+05:30,72.1,23.4,50.4,0.111,85.5,80.6,37.1,0.82,-0.06975647374412527,-0.9975640502598242,0.6616346182422783,0.7498264012045686
12024,"Chakala-Andheri East, Mumbai - IITM",KE,2026-02-13 00:00:00+05:30,70.9,23.1,49.7,0.107,84.4,86.7,,0.838,-0.22495105434386498,-0.9743700647852352,0.6744436188329455,0.7383263540031065
12024,"Chakala-Andheri East, Mumbai - IITM",KE,2026-02-14 00:00:00+05:30,79.2,23.1,50.2,0.108,95.3,80.6,14.8,0.39,0.12186934340514755,-0.992546151641322,0.6870527672236669,0.7266075247685656
12024,"Chakala-Andheri East, Mumbai - IITM",KE,2026-02-15 00:00:00+05:30,76.6,23.3,49.3,0.101,98.2,51.0,16.6,0.828,0.6018150231520482,-0.7986355100472929,0.699458327051647,0.7146733860429609
12024,"Chakala-Andheri East, Mumbai - IITM",KE,2026-02-16 00:00:00+05:30,68.3,23.3,52.6,0.0998,115.0,6.83,17.2,0.866,0.788010753606722,-0.6156614753256583,0.7116566222817746,0.7025274741691571
12024,"Chakala-Andheri East, Mumbai - IITM",KE,2026-02-17 00:00:00+05:30,54.8,23.1,46.8,0.111,65.6,93.4,1.02,0.176,0.5446390350150273,-0.8386705679454239,0.7236440382959124,0.6901733882429719
12024,"Chakala-Andheri East, Mumbai - IITM",KE,2026-02-18 00:00:00+05:30,26.0,23.2,49.8,0.113,61.8,44.8,1.06,0.0559,0.13917310096006533,-0.9902680687415704,0.7354170229639855,0.6776147890466889
12024,"Chakala-Andheri East, Mumbai - IITM",KE,2026-02-19 00:00:00+05:30,66.0,22.7,54.0,0.112,75.2,85.7,0.12,0.468,-0.9781476007338056,0.20791169081775943,0.7469720876965552,0.6648553979642865
12024,"Chakala-Andheri East, Mumbai - IITM",KE,2026-02-20 00:00:00+05:30,97.4,22.8,52.4,0.107,81.1,85.0,6.21,0.592,-0.8090169943749473,-0.5877852522924732,0.7583058084785624,0.6518989958787126
12024,"Chakala-Andheri East, Mumbai - IITM",KE,2026-02-21 00:00:00+05:30,81.3,23.3,48.4,0.106,98.1,81.6,4.05,0.628,-0.0348994967025009,-0.9993908270190958,0.7694148268839378,0.6387494220515272
12024,"Chakala-Andheri East, Mumbai - IITM",KE,2026-02-22 00:00:00+05:30,92.0,23.2,50.7,0.106,86.4,66.2,5.3,0.825,-0.5150380749100542,-0.8571673007021123,0.7802958510707755,0.6254105729852463
12024,"Chakala-Andheri East, Mumbai - IITM",KE,2026-02-23 00:00:00+05:30,70.2,23.2,50.1,0.105,85.4,81.9,4.37,0.714,0.2923717047227366,-0.9563047559630355,0.7909456567567772,0.6118864012687243
12024,"Chakala-Andheri East, Mumbai - IITM",KE,2026-02-24 00:00:00+05:30,63.9,23.3,50.3,0.102,90.5,60.8,4.94,0.563,0.4383711467890773,-0.898794046299167,0.8013610881746766,0.5981809144059165
12024,"Chakala-Andheri East, Mumbai - IITM",KE,2026-02-25 00:00:00+05:30,53.2,22.5,52.5,0.12,79.6,42.0,7.32,0.417,-0.7431448254773944,-0.6691306063588581,0.8115390590073611,0.5842981736283684
12024,"Chakala-Andheri East, Mumbai - IITM",KE,2026-02-26 00:00:00+05:30,24.7,23.1,51.8,0.105,52.7,32.9,4.02,0.178,-0.5735764363510462,-0.8191520442889918,0.8214765533024142,0.5702422926917871
12024,"Chakala-Andheri East, Mumbai - IITM",KE,2026-02-27 00:00:00+05:30,21.0,23.2,50.4,0.114,48.3,32.1,2.74,0.135,0.40673664307580043,-0.9135454576426008,0.8311706263658079,0.5560174366570446
12024,"Chakala-Andheri East, Mumbai - IITM",KE,2026-02-28 00:00:00+05:30,23.7,23.3,49.3,0.1,56.1,31.9,5.37,0.216,0.5591929034707469,-0.8290375725550416,0.8406184056344782,0.5416278206559814
12024,"Chakala-Andheri East, Mumbai - IITM",KE,2026-03-01 00:00:00+05:30,25.6,23.4,49.8,0.0991,54.4,51.4,3.66,0.0549,0.3255681544571566,-0.9455185755993168,0.8498170915275278,0.5270777086423722
12024,"Chakala-Andheri East, Mumbai - IITM",KE,2026-03-02 00:00:00+05:30,35.5,23.4,51.6,0.11,65.0,41.9,0.672,0.36,-0.5446390350150271,-0.838670567945424,0.8587639582758029,0.5123714121284237
12024,"Chakala-Andheri East, Mumbai - IITM",KE,2026-03-03 00:00:00+05:30,105.0,8.53,49.6,0.111,62.1,62.6,3.36,1.29,-0.017452406437283637,-0.9998476951563913,0.8674563547295969,0.49751328890718066
12024,"Chakala-Andheri East, Mumbai - IITM",KE,2026-03-04 00:00:00+05:30,57.7,,43.0,0.109,39.4,28.3,2.46,0.262,-0.29237170472273677,-0.9563047559630354,0.8758917051442429,0.48250774176121847
12024,"Chakala-Andheri East, Mumbai - IITM",KE,2026-03-05 00:00:00+05:30,39.9,,38.5,0.118,40.8,51.0,17.0,0.494,0.258819045102521,-0.9659258262890682,0.8840675099433636,0.4673592171580022
12024,"Chakala-Andheri East, Mumbai - IITM",KE,2026-03-06 00:00:00+05:30,43.9,,38.6,0.111,39.0,41.7,3.45,0.713,0.258819045102521,-0.9659258262890682,0.8919813464595485,0.45207220393230435
12024,"Chakala-Andheri East, Mumbai - IITM",KE,2026-03-07 00:00:00+05:30,39.0,,29.7,0.109,32.2,38.3,1.51,0.333,0.8571673007021123,-0.5150380749100543,0.8996308696522433,0.43665123195606403
12024,"Chakala-Andheri East, Mumbai - IITM",KE,2026-03-08 00:00:00+05:30,69.5,,31.4,0.1,36.7,78.9,1.54,0.466,0.6018150231520482,-0.7986355100472929,0.9070138128026359,0.4211008707960896
12024,"Chakala-Andheri East, Mumbai - IITM",KE,2026-03-09 00:00:00+05:30,66.4,,33.0,0.131,51.1,49.0,3.43,0.735,0.4226182617406995,-0.9063077870366499,0.9141279881853337,0.40542572835999735
12024,"Chakala-Andheri East, Mumbai - IITM",KE,2026-03-10 00:00:00+05:30,60.7,16.7,46.3,0.142,71.1,200.0,4.04,0.417,-0.15643446504023073,-0.9876883405951378,0.9209712877166346,0.38963044953078796
12024,"Chakala-Andheri East, Mumbai - IITM",KE,2026-03-11 00:00:00+05:30,72.8,23.5,51.7,0.112,71.2,97.2,8.96,0.566,0.05233595624294381,-0.9986295347545738,0.9275416835791966,0.37371971479046906
12024,"Chakala-Andheri East, Mumbai - IITM",KE,2026-03-12 00:00:00+05:30,62.6,,,,54.3,109.0,10.9,0.432,,,0.9338372288229252,0.35769823883312546
12024,"Chakala-Andheri East, Mumbai - IITM",KE,2026-03-13 00:00:00+05:30,58.1,,,,80.5,110.0,14.7,0.421,,,0.9398560579418954,0.3415707691678556
12024,"Chakala-Andheri East, Mumbai - IITM",KE,2026-03-14 00:00:00+05:30,43.2,,,,115.0,68.8,17.1,0.39,,,0.9455963874271426,0.3253420847119801
12024,"Chakala-Andheri East, Mumbai - IITM",KE,2026-03-15 00:00:00+05:30,30.3,,,,74.0,62.0,11.9,0.0424,,,0.9510565162951535,0.30901699437494745
12024,"Chakala-Andheri East, Mumbai - IITM",KE,2026-03-16 00:00:00+05:30,20.0,,,,60.4,60.1,11.8,0.366,,,0.9562348265919056,0.29260033563334836
12024,"Chakala-Andheri East, Mumbai - IITM",KE,2026-03-17 00:00:00+05:30,26.7,,,,79.4,64.7,9.94,0.262,,,0.9611297838723007,0.27609697309746883
12024,"Chakala-Andheri East, Mumbai - IITM",KE,2026-03-18 00:00:00+05:30,26.7,,,,102.0,55.8,8.09,0.713,,,0.9657399376548549,0.2595117970697999
12024,"Chakala-Andheri East, Mumbai - IITM",KE,2026-03-19 00:00:00+05:30,21.1,,,,73.0,55.5,5.4,0.312,,,0.9700639218515071,0.2428497220959356
12024,"Chakala-Andheri East, Mumbai - IITM",KE,2026-03-20 00:00:00+05:30,17.0,,,,96.8,39.2,7.99,0.292,,,0.9741004551724205,0.22611568550828828
12024,"Chakala-Andheri East, Mumbai - IITM",KE,2026-03-21 00:00:00+05:30,31.4,,,,107.0,88.3,8.36,0.403,,,0.9778483415056568,0.20931464596304847
12024,"Chakala-Andheri East, Mumbai - IITM",KE,2026-03-22 00:00:00+05:30,44.8,,,,164.0,22.0,8.87,0.913,,,0.9813064702716093,0.19245158197082998
12024,"Chakala-Andheri East, Mumbai - IITM",KE,2026-03-23 00:00:00+05:30,47.1,,,,93.6,107.0,7.76,0.771,,,0.9844738167520922,0.1755314904214282
12024,"Chakala-Andheri East, Mumbai - IITM",KE,2026-03-24 00:00:00+05:30,46.9,,,,105.0,113.0,4.61,0.372,,,0.9873494423939864,0.15855938510313475
12024,"Chakala-Andheri East, Mumbai - IITM",KE,2026-03-25 00:00:00+05:30,36.0,,,,95.3,94.3,4.62,0.396,,,0.989932495087353,0.141540295217043
12024,"Chakala-Andheri East, Mumbai - IITM",KE,2026-03-26 00:00:00+05:30,45.4,,,,110.0,112.0,6.86,0.613,,,0.9922222094179323,0.12447926388678915
12024,"Chakala-Andheri East, Mumbai - IITM",KE,2026-03-27 00:00:00+05:30,62.2,,,,105.0,103.0,14.0,0.429,,,0.994217906893952,0.10738134666416309
12024,"Chakala-Andheri East, Mumbai - IITM",KE,2026-03-28 00:00:00+05:30,30.3,,,,57.8,69.2,13.0,0.12,,,0.995918996147179,0.09025161003104117
12024,"Chakala-Andheri East, Mumbai - IITM",KE,2026-03-29 00:00:00+05:30,14.0,,,,48.3,37.5,16.0,0.0843,,,0.9973249731081555,0.07309512989807777
12024,"Chakala-Andheri East, Mumbai - IITM",KE,2026-03-30 00:00:00+05:30,29.0,,,,67.9,45.6,7.57,0.232,,,0.9984354211555643,0.055916990100603484
12024,"Chakala-Andheri East, Mumbai - IITM",KE,2026-03-31 00:00:00+05:30,13.9,,,,50.4,26.8,7.59,0.201,,,0.9992500112396835,0.03872228089217446
12024,"Chakala-Andheri East, Mumbai - IITM",KE,2026-04-01 00:00:00+05:30,13.9,,,,55.2,54.4,5.92,0.152,,,0.9997685019798909,0.021516097436222254
12024,"Chakala-Andheri East, Mumbai - IITM",KE,2026-04-02 00:00:00+05:30,17.6,,,,69.9,74.2,11.7,0.118,,,0.9999907397361901,0.004303538296244289
12024,"Chakala-Andheri East, Mumbai - IITM",KE,2026-04-03 00:00:00+05:30,31.5,,,,75.8,65.4,12.2,0.182,,,0.9999166586547379,-0.01291029607500882
12024,"Chakala-Andheri East, Mumbai - IITM",KE,2026-04-04 00:00:00+05:30,16.7,,,,57.1,87.6,13.9,0.27,,,0.9995462806873573,-0.030120304846908114
12024,"Chakala-Andheri East, Mumbai - IITM",KE,2026-04-05 00:00:00+05:30,21.8,,,,53.8,76.8,3.96,0.15,,,0.9988797155850336,-0.04732138832243185
12024,"Chakala-Andheri East, Mumbai - IITM",KE,2026-04-06 00:00:00+05:30,20.6,,,,49.9,77.4,6.12,0.27,,,0.9979171608653922,-0.06450844944931623
12024,"Chakala-Andheri East, Mumbai - IITM",KE,2026-04-07 00:00:00+05:30,22.7,,,,48.7,73.6,7.33,0.463,,,0.9966589017541702,-0.08167639533042241
12024,"Chakala-Andheri East, Mumbai - IITM",KE,2026-04-08 00:00:00+05:30,22.2,,,,27.3,36.1,2.1,0.404,,,0.9951053111006976,-0.09882013873287143
12024,"Chakala-Andheri East, Mumbai - IITM",KE,2026-04-09 00:00:00+05:30,29.7,,,,56.2,34.6,3.37,0.731,,,0.9932568492674143,-0.11593459959550041
12024,"Chakala-Andheri East, Mumbai - IITM",KE,2026-04-10 00:00:00+05:30,51.2,,,,48.6,60.6,,1.11,,,0.9911140639934547,-0.1330147065341959
12024,"Chakala-Andheri East, Mumbai - IITM",KE,2026-04-11 00:00:00+05:30,52.6,,,,,123.0,3.73,0.844,,,0.9886775902323405,-0.1500553983446526
12024,"Chakala-Andheri East, Mumbai - IITM",KE,2026-04-12 00:00:00+05:30,51.0,,,,35.6,78.0,2.27,0.862,,,0.9859481499638304,-0.16705162550211924
12024,"Chakala-Andheri East, Mumbai - IITM",KE,2026-04-13 00:00:00+05:30,41.1,,,,17.7,77.2,1.29,0.549,,,0.9829265519799822,-0.18399835165768005
12024,"Chakala-Andheri East, Mumbai - IITM",KE,2026-04-14 00:00:00+05:30,54.5,,,,26.4,77.1,2.42,0.708,,,0.9796136916454901,-0.20089055513063506
12024,"Chakala-Andheri East, Mumbai - IITM",KE,2026-04-15 00:00:00+05:30,26.8,,,,17.1,65.9,3.12,0.596,,,0.9760105506323683,-0.21772323039653177
12024,"Chakala-Andheri East, Mumbai - IITM",KE,2026-04-16 00:00:00+05:30,20.9,,,,12.5,73.2,7.24,0.479,,,0.9721181966290613,-0.23449138957040985
12024,"Chakala-Andheri East, Mumbai - IITM",KE,2026-04-17 00:00:00+05:30,26.8,,,,14.0,58.1,5.01,0.607,,,0.9679377830240642,-0.25119006388481935
12024,"Chakala-Andheri East, Mumbai - IITM",KE,2026-04-18 00:00:00+05:30,35.8,,,,14.2,71.7,6.06,0.601,,,0.9634705485641488,-0.2678143051621742
12024,"Chakala-Andheri East, Mumbai - IITM",KE,2026-04-19 00:00:00+05:30,38.7,,,,16.5,60.1,0.987,0.604,,,0.9587178169872964,-0.2843591872810034
12024,"Chakala-Andheri East, Mumbai - IITM",KE,2026-04-20 00:00:00+05:30,36.6,,,,11.5,72.1,3.58,0.493,,,0.9536809966304457,-0.30081980763566735
12024,"Chakala-Andheri East, Mumbai - IITM",KE,2026-04-21 00:00:00+05:30,59.1,,,,16.8,81.7,9.87,0.673,,,0.9483615800121715,-0.3171912885891061
12024,"Chakala-Andheri East, Mumbai - IITM",KE,2026-04-22 00:00:00+05:30,35.8,,,,15.5,58.6,8.32,0.66,,,0.9427611433904207,-0.3334687789181868
12024,"Chakala-Andheri East, Mumbai - IITM",KE,2026-04-23 00:00:00+05:30,37.0,,,,19.4,77.6,4.38,0.719,,,0.9368813462954315,-0.3496474552512284
12024,"Chakala-Andheri East, Mumbai - IITM",KE,2026-04-24 00:00:00+05:30,35.5,,,,18.2,66.6,6.86,0.659,,,0.9307239310379795,-0.36572252349726897
12024,"Chakala-Andheri East, Mumbai - IITM",KE,2026-04-25 00:00:00+05:30,34.9,,,,19.4,79.3,16.5,0.702,,,0.9242907221930933,-0.3816892202666588
12024,"Chakala-Andheri East, Mumbai - IITM",KE,2026-04-26 00:00:00+05:30,30.7,,,,10.9,58.3,12.3,0.407,,,0.9175836260593937,-0.39754281428255595
12024,"Chakala-Andheri East, Mumbai - IITM",KE,2026-04-27 00:00:00+05:30,23.8,,,,8.57,52.0,8.54,0.345,,,0.9106046300942162,-0.4132786077829042
12024,"Chakala-Andheri East, Mumbai - IITM",KE,2026-04-28 00:00:00+05:30,23.6,,,,8.51,38.4,13.8,0.349,,,0.9033558023246845,-0.4288919379124835
12024,"Chakala-Andheri East, Mumbai - IITM",KE,2026-04-29 00:00:00+05:30,21.8,,,,11.0,35.8,17.0,0.379,,,0.895839290734909,-0.4443781781046132
12024,"Chakala-Andheri East, Mumbai - IITM",KE,2026-04-30 00:00:00+05:30,20.2,,,,8.05,38.6,5.4,0.403,,,0.8880573226294932,-0.45973273945210397
12024,"Chakala-Andheri East, Mumbai - IITM",KE,2026-05-01 00:00:00+05:30,20.0,,,,7.72,41.3,11.7,0.313,,,0.8800122039735357,-0.47495107206704995
12024,"Chakala-Andheri East, Mumbai - IITM",KE,2026-05-02 00:00:00+05:30,21.3,,,,7.52,41.1,9.04,0.641,,,0.8717063187093218,-0.4900286664290592
12024,"Chakala-Andheri East, Mumbai - IITM",KE,2026-05-03 00:00:00+05:30,20.3,,,,15.2,40.0,14.9,0.654,,,0.8631421280499114,-0.5049610547215204
12024,"Chakala-Andheri East, Mumbai - IITM",KE,2026-05-04 00:00:00+05:30,17.3,,,,30.2,35.1,16.9,0.623,,,0.854322169749827,-0.5197438121555155
12024,"Chakala-Andheri East, Mumbai - IITM",KE,2026-05-05 00:00:00+05:30,21.2,,,,34.4,40.4,15.0,0.611,,,0.8452490573530633,-0.5343725582809786
12024,"Chakala-Andheri East, Mumbai - IITM",KE,2026-05-06 00:00:00+05:30,18.5,,,,43.0,51.6,14.5,0.82,,,0.8359254794186372,-0.548842958284719
12024,"Chakala-Andheri East, Mumbai - IITM",KE,2026-05-07 00:00:00+05:30,23.1,,,,48.0,54.9,12.1,0.867,,,0.8263541987239096,-0.5631507242749186
12024,"Chakala-Andheri East, Mumbai - IITM",KE,2026-05-08 00:00:00+05:30,26.1,,,,51.2,56.0,8.62,0.904,,,0.8165380514459161,-0.5772916165517272
12024,"Chakala-Andheri East, Mumbai - IITM",KE,2026-05-09 00:00:00+05:30,23.8,,,,48.2,62.3,10.6,0.808,,,0.8064799463209448,-0.5912614448635781
12024,"Chakala-Andheri East, Mumbai - IITM",KE,2026-05-10 00:00:00+05:30,22.0,,,,51.4,74.6,7.29,0.905,,,0.7961828637826158,-0.6050560696488488
12024,"Chakala-Andheri East, Mumbai - IITM",KE,2026-05-11 00:00:00+05:30,21.6,,,,48.2,65.2,5.71,0.84,,,0.7856498550787147,-0.6186714032625031
12024,"Chakala-Andheri East, Mumbai - IITM",KE,2026-05-12 00:00:00+05:30,16.2,,,,34.8,53.0,12.5,0.649,,,0.7748840413670407,-0.6321034111873487
12024,"Chakala-Andheri East, Mumbai - IITM",KE,2026-05-13 00:00:00+05:30,15.0,,,,26.8,50.0,8.55,0.612,,,0.7638886127905428,-0.6453481132295501
12024,"Chakala-Andheri East, Mumbai - IITM",KE,2026-05-14 00:00:00+05:30,18.3,,,,39.4,70.8,7.59,0.588,,,0.7526668275320085,-0.6584015846980488
12024,"Chakala-Andheri East, Mumbai - IITM",KE,2026-05-15 00:00:00+05:30,16.6,22.9,51.6,0.137,20.7,37.8,2.53,0.585,-0.587785252292473,-0.8090169943749475,0.7412220108485958,-0.6712599575675313
12024,"Chakala-Andheri East, Mumbai - IITM",KE,2026-05-16 00:00:00+05:30,10.4,23.4,53.4,0.128,21.4,29.4,1.03,0.719,0.3583679495453002,-0.9335804264972017,0.7295575540864875,-0.6839194216246106
12024,"Chakala-Andheri East, Mumbai - IITM",KE,2026-05-17 00:00:00+05:30,11.0,23.3,52.7,0.13,17.4,36.7,1.45,0.659,-0.5446390350150271,-0.838670567945424,0.717676913675962,-0.6963762255968722
12024,"Chakala-Andheri East, Mumbai - IITM",KE,2026-05-18 00:00:00+05:30,20.7,23.6,53.5,0.114,18.9,42.2,,0.853,-0.0348994967025009,-0.9993908270190958,0.705583610107178,-0.7086266782644596
12024,"Chakala-Andheri East, Mumbai - IITM",KE,2026-05-19 00:00:00+05:30,18.7,23.4,52.8,0.113,14.4,49.5,8.75,0.37,-0.6946583704589973,-0.7193398003386511,0.6932812268869777,-0.7206671495538609
12024,"Chakala-Andheri East, Mumbai - IITM",KE,2026-05-20 00:00:00+05:30,15.8,23.3,52.2,0.122,13.1,35.9,9.75,0.382,-0.8987940462991668,-0.43837114678907774,0.6807734094770161,-0.7324940716135789
12024,"Chakala-Andheri East, Mumbai - IITM",KE,2026-05-21 00:00:00+05:30,7.39,23.3,51.4,0.122,14.5,34.2,7.19,0.558,-0.017452406437283637,-0.9998476951563913,0.6680638642135335,-0.7441039398713607
12024,"Chakala-Andheri East, Mumbai - IITM",KE,2026-05-22 00:00:00+05:30,11.7,23.2,51.7,0.126,14.2,33.0,15.2,0.794,-0.46947156278589086,-0.8829475928589269,0.6551563572090853,-0.7554933140726803
12024,"Chakala-Andheri East, Mumbai - IITM",KE,2026-05-23 00:00:00+05:30,11.6,23.2,52.1,0.116,13.9,30.5,8.37,0.77,-0.9659258262890684,0.2588190451025203,0.6420547132365637,-0.766658819300159
12024,"Chakala-Andheri East, Mumbai - IITM",KE,2026-05-24 00:00:00+05:30,9.6,23.3,51.7,0.121,10.5,26.9,9.2,0.719,-0.9271838545667873,-0.3746065934159123,0.6287628145958344,-0.7775971469736269
12024,"Chakala-Andheri East, Mumbai - IITM",KE,2026-05-25 00:00:00+05:30,7.64,23.3,51.7,0.133,13.8,26.4,11.8,0.647,-0.9925461516413221,-0.12186934340514717,0.6152845999633276,-0.7883050558305255
12024,"Chakala-Andheri East, Mumbai - IITM",KE,2026-05-26 00:00:00+05:30,9.43,23.4,52.3,0.138,12.1,25.7,5.62,0.651,-0.9659258262890684,0.2588190451025203,0.6016240632249226,-0.7987793728863649
12024,"Chakala-Andheri East, Mumbai - IITM",KE,2026-05-27 00:00:00+05:30,9.99,23.2,51.6,0.116,14.2,25.4,12.0,0.692,-0.374606593415912,-0.9271838545667874,0.5877852522924732,-0.8090169943749473
12024,"Chakala-Andheri East, Mumbai - IITM",KE,2026-05-28 00:00:00+05:30,11.5,23.4,50.5,0.106,12.8,32.2,14.3,0.632,0.5591929034707469,-0.8290375725550416,0.5737722679043246,-0.8190148866680801
12024,"Chakala-Andheri East, Mumbai - IITM",KE,2026-05-29 00:00:00+05:30,13.9,23.6,51.7,0.126,11.5,34.1,8.82,0.336,-0.5591929034707467,-0.8290375725550417,0.5595892624101765,-0.8287700871745038
12024,"Chakala-Andheri East, Mumbai - IITM",KE,2026-05-30 00:00:00+05:30,13.9,23.2,50.4,0.127,11.4,29.0,12.2,0.0349,-0.275637355816999,-0.9612616959383189,0.545240438540651,-0.8382797052177744
12024,"Chakala-Andheri East, Mumbai - IITM",KE,2026-05-31 00:00:00+05:30,14.2,23.2,50.2,0.103,14.1,23.8,7.36,0.0343,-0.08715574274765794,-0.9961946980917455,0.5307300481619334,-0.8475409228928311
12024,"Chakala-Andheri East, Mumbai - IITM",KE,2026-06-01 00:00:00+05:30,9.3,23.2,51.4,0.127,15.4,26.1,8.31,0.163,-0.5735764363510462,-0.8191520442889918,0.5160623910158528,-0.8565509959010036
12024,"Chakala-Andheri East, Mumbai - IITM",KE,2026-06-02 00:00:00+05:30,15.2,23.3,51.8,0.128,15.7,32.4,10.3,0.108,-0.9998476951563913,0.01745240643728313,0.5012418134457758,-0.865307254363206
12024,"Chakala-Andheri East, Mumbai - IITM",KE,2026-06-03 00:00:00+05:30,15.7,23.3,51.7,0.115,20.6,46.4,8.71,0.492,-0.6427876096865393,-0.766044443118978,0.48627270710868997,-0.8738071036110808
12024,"Chakala-Andheri East, Mumbai - IITM",KE,2026-06-04 00:00:00+05:30,14.8,23.6,51.7,0.13,20.2,48.7,22.3,0.577,-0.6018150231520484,-0.7986355100472928,0.4711595076738638,-0.8820480249558537
12024,"Chakala-Andheri East, Mumbai - IITM",KE,2026-06-05 00:00:00+05:30,12.4,23.7,51.5,0.141,19.9,29.6,,0.979,-0.9993908270190958,-0.03489949670250076,0.4559066935084588,-0.8900275764346767
12024,"Chakala-Andheri East, Mumbai - IITM",KE,2026-06-06 00:00:00+05:30,13.5,23.3,51.8,0.143,17.0,31.3,15.1,0.471,-0.992546151641322,0.12186934340514768,0.440518784350495,-0.8977433935342337
12024,"Chakala-Andheri East, Mumbai - IITM",KE,2026-06-07 00:00:00+05:30,14.4,23.3,52.0,0.128,14.6,35.8,11.0,0.287,-0.9993908270190958,-0.03489949670250076,0.42500033996955416,-0.9051931898913974
12024,"Chakala-Andheri East, Mumbai - IITM",KE,2026-06-08 00:00:00+05:30,13.8,23.3,52.1,0.131,15.3,37.1,11.8,0.27,-0.9902680687415704,0.13917310096006547,0.4093559588156213,-0.9123747579707273
12024,"Chakala-Andheri East, Mumbai - IITM",KE,2026-06-09 00:00:00+05:30,17.4,23.3,51.6,0.143,18.3,37.6,19.5,0.309,-1.0,-1.8369701987210297e-16,0.39359027665646673,-0.9192859697186104
12024,"Chakala-Andheri East, Mumbai - IITM",KE,2026-06-10 00:00:00+05:30,17.8,23.2,51.9,0.133,15.4,37.7,17.1,0.276,-0.9986295347545738,0.052335956242943946,0.3777079652039649,-0.9259247771938498
12024,"Chakala-Andheri East, Mumbai - IITM",KE,2026-06-11 00:00:00+05:30,15.9,23.4,52.5,0.149,15.1,41.8,6.32,0.236,-0.9961946980917455,-0.08715574274765825,0.36171373072976765,-0.9322892131745133
12024,"Chakala-Andheri East, Mumbai - IITM",KE,2026-06-12 00:00:00+05:30,13.8,23.3,52.1,0.134,14.2,41.2,7.58,0.293,-0.9563047559630354,0.2923717047227367,0.3456123126707335,-0.9383773917408641
12024,"Chakala-Andheri East, Mumbai - IITM",KE,2026-06-13 00:00:00+05:30,14.5,23.2,51.8,0.138,15.3,36.6,8.17,0.334,-0.9876883405951378,0.15643446504023067,0.3294084822245304,-0.9441875088341993
12024,"Chakala-Andheri East, Mumbai - IITM",KE,2026-06-14 00:00:00+05:30,12.1,23.3,50.4,0.122,14.2,37.8,11.7,0.326,-0.9396926207859084,-0.34202014332566855,0.3131070409358269,-0.9497178427914316
12024,"Chakala-Andheri East, Mumbai - IITM",KE,2026-06-15 00:00:00+05:30,11.4,23.4,50.0,0.141,12.8,37.0,15.9,0.204,-0.9945218953682734,-0.10452846326765336,0.29671281927349075,-0.9549667548552551
12024,"Chakala-Andheri East, Mumbai - IITM",KE,2026-06-16 00:00:00+05:30,15.4,23.5,51.0,0.34,15.3,30.5,7.59,0.212,-0.8290375725550416,0.559192903470747,0.28023067519921585,-0.9599326896597447
3409323,"Worli, Mumbai - MPCB",GS,2025-10-12 00:00:00+05:30,48.5,28.2,76.5,0.91,5.45,20.2,15.7,0.191,1.2246467991473532e-16,-1.0,-0.9844738167520923,0.17553149042142777
3409323,"Worli, Mumbai - MPCB",GS,2025-10-13 00:00:00+05:30,47.5,27.9,79.3,0.906,5.42,20.2,15.7,0.191,-0.3090169943749473,-0.9510565162951536,-0.9813064702716093,0.19245158197082995
3409323,"Worli, Mumbai - MPCB",GS,2025-10-14 00:00:00+05:30,46.7,27.9,77.4,0.869,5.22,20.2,15.6,0.182,-0.15643446504023073,-0.9876883405951378,-0.9778483415056567,0.20931464596304888
3409323,"Worli, Mumbai - MPCB",GS,2025-10-15 00:00:00+05:30,46.3,27.8,78.4,0.853,5.13,20.2,15.5,0.179,-0.22495105434386498,-0.9743700647852352,-0.9741004551724206,0.22611568550828803
3409323,"Worli, Mumbai - MPCB",GS,2025-10-16 00:00:00+05:30,43.5,29.2,79.3,1.06,6.36,20.2,16.3,0.223,0.01745240643728344,-0.9998476951563913,-0.970063921851507,0.2428497220959358
3409323,"Worli, Mumbai - MPCB",GS,2025-10-17 00:00:00+05:30,42.2,29.7,76.3,1.05,6.29,20.2,16.3,0.22,-0.08715574274765794,-0.9961946980917455,-0.965739937654855,0.25951179706979943
3409323,"Worli, Mumbai - MPCB",GS,2025-10-18 00:00:00+05:30,49.0,29.8,74.1,0.874,5.21,20.2,15.6,0.184,-0.2419218955996675,-0.9702957262759965,-0.9611297838723007,0.27609697309746883
3409323,"Worli, Mumbai - MPCB",GS,2025-10-19 00:00:00+05:30,50.7,29.4,75.5,1.06,6.38,20.2,16.3,0.222,-0.275637355816999,-0.9612616959383189,-0.9562348265919058,0.2926003356333479
3409323,"Worli, Mumbai - MPCB",GS,2025-10-20 00:00:00+05:30,62.3,28.4,80.1,0.924,5.56,20.2,15.8,0.195,-0.08715574274765794,-0.9961946980917455,-0.9510565162951536,0.30901699437494723
3409323,"Worli, Mumbai - MPCB",GS,2025-10-21 00:00:00+05:30,61.2,28.7,75.8,0.96,5.7,20.2,16.0,0.204,0.20791169081775931,-0.9781476007338057,-0.9455963874271428,0.3253420847119795
3409323,"Worli, Mumbai - MPCB",GS,2025-10-22 00:00:00+05:30,45.5,28.8,80.8,0.966,5.79,20.2,15.9,0.202,-0.0348994967025009,-0.9993908270190958,-0.9398560579418953,0.341570769167856
3409323,"Worli, Mumbai - MPCB",GS,2025-10-23 00:00:00+05:30,44.4,28.9,82.0,0.955,5.76,20.2,15.9,0.201,-0.017452406437283637,-0.9998476951563913,-0.9338372288229252,0.35769823883312546
3409323,"Worli, Mumbai - MPCB",GS,2025-10-24 00:00:00+05:30,47.0,27.4,87.3,1.5,9.03,20.3,18.1,0.315,0.13917310096006533,-0.9902680687415704,-0.9275416835791965,0.3737197147904692
3409323,"Worli, Mumbai - MPCB",GS,2025-10-25 00:00:00+05:30,35.5,26.7,90.1,1.42,8.5,20.3,17.7,0.297,0.10452846326765373,-0.9945218953682733,-0.9209712877166347,0.38963044953078774
3409323,"Worli, Mumbai - MPCB",GS,2025-10-26 00:00:00+05:30,36.0,26.2,86.6,0.982,5.93,20.2,16.0,0.206,0.258819045102521,-0.9659258262890682,-0.9141279881853337,0.4054257283599973
3409323,"Worli, Mumbai - MPCB",GS,2025-10-27 00:00:00+05:30,35.6,26.0,91.5,2.1,12.6,20.4,20.5,0.441,-0.017452406437283637,-0.9998476951563913,-0.9070138128026362,0.42110087079608916
3409323,"Worli, Mumbai - MPCB",GS,2025-10-28 00:00:00+05:30,38.4,26.5,88.1,1.59,9.54,20.3,18.4,0.333,0.3255681544571566,-0.9455185755993168,-0.8996308696522434,0.4366512319560638
3409323,"Worli, Mumbai - MPCB",GS,2025-10-29 00:00:00+05:30,39.5,28.0,81.5,1.63,9.8,20.3,18.6,0.344,0.06975647374412552,-0.9975640502598242,-0.8919813464595487,0.45207220393230374
3409323,"Worli, Mumbai - MPCB",GS,2025-10-30 00:00:00+05:30,35.5,24.4,97.1,1.45,8.76,20.3,17.9,0.305,0.10452846326765373,-0.9945218953682733,-0.8840675099433637,0.46735921715800205
3409323,"Worli, Mumbai - MPCB",GS,2025-10-31 00:00:00+05:30,36.5,25.9,96.5,1.72,10.5,20.4,18.9,0.361,0.0871557427476582,-0.9961946980917455,-0.8758917051442433,0.48250774176121763
3409323,"Worli, Mumbai - MPCB",GS,2025-11-01 00:00:00+05:30,37.4,26.4,94.8,1.3,7.83,20.3,17.3,0.274,-0.0348994967025009,-0.9993908270190958,-0.8674563547295971,0.4975132889071803
3409323,"Worli, Mumbai - MPCB",GS,2025-11-02 00:00:00+05:30,36.1,25.0,97.7,1.16,6.95,20.2,16.7,0.245,0.17364817766693028,-0.984807753012208,-0.858763958275803,0.5123714121284235
3409323,"Worli, Mumbai - MPCB",GS,2025-11-03 00:00:00+05:30,36.2,26.1,93.1,1.04,6.26,20.2,16.3,0.222,-0.19080899537654472,-0.981627183447664,-0.8498170915275277,0.5270777086423724
3409323,"Worli, Mumbai - MPCB",GS,2025-11-04 00:00:00+05:30,37.6,27.2,84.5,0.886,5.3,20.2,15.6,0.184,-0.29237170472273677,-0.9563047559630354,-0.8406184056344783,0.5416278206559811
3409323,"Worli, Mumbai - MPCB",GS,2025-11-05 00:00:00+05:30,38.2,26.8,77.7,0.707,4.26,20.1,14.9,0.147,-0.19080899537654472,-0.981627183447664,-0.8311706263658079,0.5560174366570446
3409323,"Worli, Mumbai - MPCB",GS,2025-11-06 00:00:00+05:30,44.9,27.5,79.9,1.2,7.2,20.3,16.9,0.253,0.24192189559966773,-0.9702957262759965,-0.8214765533024145,0.5702422926917867
3409323,"Worli, Mumbai - MPCB",GS,2025-11-07 00:00:00+05:30,48.7,27.4,77.2,0.89,5.37,20.2,15.7,0.188,0.03489949670250114,-0.9993908270190958,-0.8115390590073611,0.5842981736283683
3409323,"Worli, Mumbai - MPCB",GS,2025-11-08 00:00:00+05:30,44.6,26.4,75.7,0.885,5.49,20.2,15.6,0.184,0.05233595624294381,-0.9986295347545738,-0.801361088174677,0.5981809144059158
3409323,"Worli, Mumbai - MPCB",GS,2025-11-09 00:00:00+05:30,42.7,26.1,67.5,0.839,5.0,20.2,15.5,0.176,-0.13917310096006552,-0.9902680687415703,-0.7909456567567774,0.6118864012687242
3409323,"Worli, Mumbai - MPCB",GS,2025-11-10 00:00:00+05:30,43.9,22.2,85.8,0.959,5.76,20.2,15.9,0.203,0.20791169081775931,-0.9781476007338057,-0.780295851070776,0.6254105729852457
3409323,"Worli, Mumbai - MPCB",GS,2025-11-11 00:00:00+05:30,42.2,27.6,66.0,0.838,4.99,20.2,15.4,0.177,0.17364817766693028,-0.984807753012208,-0.7694148268839381,0.6387494220515268
3409323,"Worli, Mumbai - MPCB",GS,2025-11-12 00:00:00+05:30,42.4,26.4,62.7,0.821,4.94,20.2,15.4,0.173,0.3255681544571566,-0.9455185755993168,-0.7583058084785625,0.6518989958787125
3409323,"Worli, Mumbai - MPCB",GS,2025-11-13 00:00:00+05:30,44.0,26.6,62.4,0.813,4.87,20.2,15.3,0.171,0.258819045102521,-0.9659258262890682,-0.7469720876965551,0.6648553979642866
3409323,"Worli, Mumbai - MPCB",GS,2025-11-14 00:00:00+05:30,44.3,26.2,66.4,0.926,5.55,20.2,15.8,0.193,0.37460659341591224,-0.9271838545667873,-0.7354170229639858,0.6776147890466887
3409323,"Worli, Mumbai - MPCB",GS,2025-11-15 00:00:00+05:30,43.9,26.1,59.0,1.14,6.83,20.2,16.7,0.242,0.3420201433256689,-0.9396926207859083,-0.7236440382959124,0.690173388242972
3409323,"Worli, Mumbai - MPCB",GS,2025-11-16 00:00:00+05:30,41.8,26.0,57.9,1.06,6.41,20.2,16.4,0.217,0.45399049973954686,-0.8910065241883678,-0.711656622281775,0.7025274741691566
3409323,"Worli, Mumbai - MPCB",GS,2025-11-17 00:00:00+05:30,42.4,25.6,57.2,1.3,7.83,20.3,17.3,0.273,0.6156614753256584,-0.7880107536067219,-0.6994583270516471,0.7146733860429608
3409323,"Worli, Mumbai - MPCB",GS,2025-11-18 00:00:00+05:30,42.8,23.4,63.8,0.955,5.74,20.2,15.9,0.201,0.6293203910498374,-0.7771459614569709,-0.6870527672236675,0.7266075247685652
3409323,"Worli, Mumbai - MPCB",GS,2025-11-19 00:00:00+05:30,42.8,26.0,54.9,1.15,6.89,20.2,16.8,0.244,0.5735764363510459,-0.8191520442889919,-0.6744436188329457,0.7383263540031063
3409323,"Worli, Mumbai - MPCB",GS,2025-11-20 00:00:00+05:30,43.0,25.8,61.9,0.79,4.76,20.2,15.2,0.165,0.3255681544571566,-0.9455185755993168,-0.661634618242279,0.749826401204568
3409323,"Worli, Mumbai - MPCB",GS,2025-11-21 00:00:00+05:30,44.4,26.0,66.0,1.12,6.69,20.2,16.6,0.236,0.4226182617406995,-0.9063077870366499,-0.6486295610349818,0.7611042586607742
3409323,"Worli, Mumbai - MPCB",GS,2025-11-22 00:00:00+05:30,55.7,26.5,70.7,0.809,4.85,20.2,15.3,0.171,0.24192189559966773,-0.9702957262759965,-0.6354323008901775,0.7721565844991641
3409323,"Worli, Mumbai - MPCB",GS,2025-11-23 00:00:00+05:30,65.9,26.3,79.8,0.884,5.3,20.2,15.6,0.186,-0.08715574274765794,-0.9961946980917455,-0.622046748440868,0.7829801036770624
3409323,"Worli, Mumbai - MPCB",GS,2025-11-24 00:00:00+05:30,63.2,26.4,82.6,0.939,5.63,20.2,15.9,0.198,-0.15643446504023073,-0.9876883405951378,-0.6084768701151264,0.7935716089521472
3409323,"Worli, Mumbai - MPCB",GS,2025-11-25 00:00:00+05:30,66.1,26.6,84.1,0.961,5.75,20.2,15.9,0.201,-0.13917310096006552,-0.9902680687415703,-0.594726686960764,0.8039279618328208
3409323,"Worli, Mumbai - MPCB",GS,2025-11-26 00:00:00+05:30,68.4,26.8,84.4,0.901,5.41,20.2,15.7,0.189,-0.052335956242943564,-0.9986295347545738,-0.5808002734538013,0.8140460935082175
3409323,"Worli, Mumbai - MPCB",GS,2025-11-27 00:00:00+05:30,61.9,26.7,77.4,1.04,6.28,20.2,16.2,0.218,0.19080899537654497,-0.981627183447664,-0.5667017562911184,0.8239230057575536
3409323,"Worli, Mumbai - MPCB",GS,2025-11-28 00:00:00+05:30,59.8,26.4,76.5,1.16,6.95,20.2,16.7,0.243,0.258819045102521,-0.9659258262890682,-0.5524353131676203,0.8335557718385695
3409323,"Worli, Mumbai - MPCB",GS,2025-11-29 00:00:00+05:30,54.2,25.9,70.3,0.963,5.75,20.2,15.9,0.201,0.24192189559966773,-0.9702957262759965,-0.5380051715382992,0.8429415373547832
3409323,"Worli, Mumbai - MPCB",GS,2025-11-30 00:00:00+05:30,46.2,25.2,60.5,1.05,6.27,20.2,16.3,0.22,0.3583679495453002,-0.9335804264972017,-0.5234156073655503,0.8520775211013093
3409323,"Worli, Mumbai - MPCB",GS,2025-12-01 00:00:00+05:30,63.0,26.7,65.6,1.09,6.56,20.2,16.5,0.229,0.2249510543438652,-0.9743700647852351,-0.5086709438521042,0.8609610158889945
3409323,"Worli, Mumbai - MPCB",GS,2025-12-02 00:00:00+05:30,47.9,25.8,69.9,0.98,5.74,20.2,16.5,0.233,0.3255681544571566,-0.9455185755993168,-0.49377555015997737,0.8695893893466109
3409323,"Worli, Mumbai - MPCB",GS,2025-12-03 00:00:00+05:30,45.5,25.8,64.5,0.909,5.49,20.2,15.7,0.19,0.3583679495453002,-0.9335804264972017,-0.4787338401157883,0.8779600847008883
3409323,"Worli, Mumbai - MPCB",GS,2025-12-04 00:00:00+05:30,45.3,26.2,63.0,1.04,6.28,20.2,16.3,0.219,0.2756373558169992,-0.9612616959383189,-0.4635502709028512,0.8860706215341378
3409323,"Worli, Mumbai - MPCB",GS,2025-12-05 00:00:00+05:30,47.3,27.0,66.9,1.04,6.22,20.2,16.2,0.218,0.5446390350150273,-0.8386705679454239,-0.4482293417404106,0.893918596519257
3409323,"Worli, Mumbai - MPCB",GS,2025-12-06 00:00:00+05:30,52.4,26.3,68.7,1.39,8.33,20.3,17.6,0.292,0.4226182617406995,-0.9063077870366499,-0.4327755925504317,0.9015016841318838
3409323,"Worli, Mumbai - MPCB",GS,2025-12-07 00:00:00+05:30,52.9,26.0,68.4,1.1,6.66,20.2,16.5,0.23,0.4383711467890773,-0.898794046299167,-0.41719360261231697,0.9088176373395028
3409323,"Worli, Mumbai - MPCB",GS,2025-12-08 00:00:00+05:30,52.6,25.7,68.8,1.06,6.31,20.2,16.3,0.22,0.13917310096006533,-0.9902680687415704,-0.4014879892059737,0.9158642882672868
3409323,"Worli, Mumbai - MPCB",GS,2025-12-09 00:00:00+05:30,46.7,25.3,59.8,0.995,5.98,20.2,16.1,0.209,0.39073112848927377,-0.9205048534524404,-0.38566340624360745,0.9226395488404875
3409323,"Worli, Mumbai - MPCB",GS,2025-12-10 00:00:00+05:30,43.5,25.2,57.5,0.907,5.45,20.2,15.7,0.19,0.3583679495453002,-0.9335804264972017,-0.3697245428906732,0.9291414114031743
3409323,"Worli, Mumbai - MPCB",GS,2025-12-11 00:00:00+05:30,42.7,24.9,58.4,1.11,6.54,20.2,16.5,0.23,0.3583679495453002,-0.9335804264972017,-0.3536761221763721,0.935367949313148
3409323,"Worli, Mumbai - MPCB",GS,2025-12-12 00:00:00+05:30,44.9,25.2,62.0,1.24,7.46,20.3,17.1,0.262,0.8290375725550417,-0.5591929034707467,-0.33752289959411347,0.941317317512847
3409323,"Worli, Mumbai - MPCB",GS,2025-12-13 00:00:00+05:30,45.5,24.6,67.3,1.15,6.92,20.2,16.7,0.242,0.48480962024633717,-0.8746197071393957,-0.32126966169236515,0.9469877530760751
3409323,"Worli, Mumbai - MPCB",GS,2025-12-14 00:00:00+05:30,44.6,25.3,62.7,1.3,7.76,20.3,17.3,0.274,0.3090169943749475,-0.9510565162951535,-0.3049212246562894,0.9523775757303973
3409323,"Worli, Mumbai - MPCB",GS,2025-12-15 00:00:00+05:30,42.2,25.1,61.7,1.04,6.18,20.2,16.2,0.211,0.6819983600624985,-0.7313537016191705,-0.2884824328806098,0.9574851883550389
3409323,"Worli, Mumbai - MPCB",GS,2025-12-16 00:00:00+05:30,43.6,25.0,61.9,1.32,7.93,20.3,17.4,0.279,0.6018150231520482,-0.7986355100472929,-0.27195815753410524,0.9623090774541487
3409323,"Worli, Mumbai - MPCB",GS,2025-12-17 00:00:00+05:30,60.3,25.9,62.3,1.37,8.28,20.3,17.1,0.261,0.2923717047227366,-0.9563047559630355,-0.2553532951161881,0.9668478136052773
3409323,"Worli, Mumbai - MPCB",GS,2025-12-18 00:00:00+05:30,94.5,25.3,71.5,1.19,7.15,,,,0.788010753606722,-0.6156614753256583,-0.23867276600594997,0.9711000518829505
3409323,"Worli, Mumbai - MPCB",GS,2025-12-19 00:00:00+05:30,64.5,24.5,65.6,1.07,6.41,,,,0.4383711467890773,-0.898794046299167,-0.22192151300416674,0.9750645322571945
3409323,"Worli, Mumbai - MPCB",GS,2025-12-20 00:00:00+05:30,67.4,23.4,68.7,0.946,4.77,,,,0.39073112848927377,-0.9205048534524404,-0.20510449986861926,0.9787400799669153
3409323,"Worli, Mumbai - MPCB",GS,2026-02-17 00:00:00+05:30,53.4,30.5,64.8,1.1,26.8,121.0,,0.285,0.9563047559630355,-0.29237170472273666,0.7236440382959124,0.6901733882429719
3409323,"Worli, Mumbai - MPCB",GS,2026-02-18 00:00:00+05:30,24.1,30.5,68.9,0.931,26.2,69.8,,0.301,0.981627183447664,-0.1908089953765448,0.7354170229639855,0.6776147890466889
3409323,"Worli, Mumbai - MPCB",GS,2026-02-19 00:00:00+05:30,75.9,30.5,72.8,0.66,29.6,129.0,4.99,0.413,0.9563047559630355,-0.29237170472273666,0.7469720876965552,0.6648553979642865
3409323,"Worli, Mumbai - MPCB",GS,2026-02-20 00:00:00+05:30,111.0,30.5,77.4,0.599,38.1,98.6,38.0,0.823,0.6018150231520482,-0.7986355100472929,0.7583058084785624,0.6518989958787126
3409323,"Worli, Mumbai - MPCB",GS,2026-02-21 00:00:00+05:30,71.8,30.5,67.1,0.554,51.8,48.6,78.5,0.993,0.5446390350150273,-0.8386705679454239,0.7694148268839378,0.6387494220515272
3409323,"Worli, Mumbai - MPCB",GS,2026-02-22 00:00:00+05:30,54.9,30.5,73.0,0.743,38.8,50.3,96.3,0.301,0.49999999999999994,-0.8660254037844387,0.7802958510707755,0.6254105729852463
3409323,"Worli, Mumbai - MPCB",GS,2026-02-23 00:00:00+05:30,49.0,30.5,65.2,0.66,38.5,55.2,70.7,0.472,0.5591929034707469,-0.8290375725550416,0.7909456567567772,0.6118864012687243
3409323,"Worli, Mumbai - MPCB",GS,2026-02-24 00:00:00+05:30,41.7,30.5,71.3,0.678,26.6,55.6,49.8,0.533,0.8829475928589269,-0.4694715627858909,0.8013610881746766,0.5981809144059165
3409323,"Worli, Mumbai - MPCB",GS,2026-02-25 00:00:00+05:30,31.1,30.5,69.5,0.594,26.8,45.6,52.9,0.447,0.7313537016191706,-0.6819983600624984,0.8115390590073611,0.5842981736283684
3409323,"Worli, Mumbai - MPCB",GS,2026-02-26 00:00:00+05:30,15.3,30.5,70.2,0.674,25.9,28.6,45.9,0.331,0.9271838545667874,-0.37460659341591207,0.8214765533024142,0.5702422926917871
3409323,"Worli, Mumbai - MPCB",GS,2026-02-27 00:00:00+05:30,9.35,30.5,64.2,0.586,20.7,31.1,41.2,0.251,0.777145961456971,-0.6293203910498373,0.8311706263658079,0.5560174366570446
3409323,"Worli, Mumbai - MPCB",GS,2026-02-28 00:00:00+05:30,13.6,30.5,61.4,0.629,29.7,29.2,43.0,0.341,0.6156614753256584,-0.7880107536067219,0.8406184056344782,0.5416278206559814
3409323,"Worli, Mumbai - MPCB",GS,2026-03-01 00:00:00+05:30,16.2,30.5,67.2,0.607,31.5,33.1,32.1,0.456,0.8480480961564261,-0.5299192642332048,0.8498170915275278,0.5270777086423722
3409323,"Worli, Mumbai - MPCB",GS,2026-03-02 00:00:00+05:30,22.9,30.5,67.2,0.789,22.6,40.8,20.6,0.326,0.9205048534524403,-0.3907311284892738,0.8587639582758029,0.5123714121284237
3409323,"Worli, Mumbai - MPCB",GS,2026-03-03 00:00:00+05:30,47.9,30.5,69.9,0.921,16.6,52.6,22.1,0.535,0.90630778703665,-0.42261826174069933,0.8674563547295969,0.49751328890718066
3409323,"Worli, Mumbai - MPCB",GS,2026-03-04 00:00:00+05:30,37.5,30.5,63.0,0.846,5.41,56.7,23.8,0.468,0.6156614753256584,-0.7880107536067219,0.8758917051442429,0.48250774176121847
3409323,"Worli, Mumbai - MPCB",GS,2026-03-05 00:00:00+05:30,26.2,30.5,48.8,0.833,7.32,48.7,23.8,0.449,0.777145961456971,-0.6293203910498373,0.8840675099433636,0.4673592171580022
3409323,"Worli, Mumbai - MPCB",GS,2026-03-06 00:00:00+05:30,25.6,30.5,62.0,1.05,7.45,53.0,21.3,0.373,0.9702957262759965,-0.24192189559966779,0.8919813464595485,0.45207220393230435
3409323,"Worli, Mumbai - MPCB",GS,2026-03-07 00:00:00+05:30,21.5,30.5,80.6,0.929,7.26,47.9,20.5,0.308,0.9510565162951536,-0.30901699437494734,0.8996308696522433,0.43665123195606403
3409323,"Worli, Mumbai - MPCB",GS,2026-03-08 00:00:00+05:30,42.8,30.5,68.4,0.975,4.22,79.9,21.9,0.415,0.788010753606722,-0.6156614753256583,0.9070138128026359,0.4211008707960896
3409323,"Worli, Mumbai - MPCB",GS,2026-03-09 00:00:00+05:30,40.4,30.5,57.6,0.79,9.09,54.5,27.5,0.585,0.45399049973954686,-0.8910065241883678,0.9141279881853337,0.40542572835999735
3409323,"Worli, Mumbai - MPCB",GS,2026-03-10 00:00:00+05:30,37.1,30.5,54.1,0.592,9.12,91.7,23.2,0.396,0.777145961456971,-0.6293203910498373,0.9209712877166346,0.38963044953078796
3409323,"Worli, Mumbai - MPCB",GS,2026-03-11 00:00:00+05:30,41.5,30.5,75.2,0.632,8.51,37.6,21.0,0.532,-0.017452406437283637,-0.9998476951563913,0.9275416835791966,0.37371971479046906
3409323,"Worli, Mumbai - MPCB",GS,2026-03-12 00:00:00+05:30,37.3,30.5,84.7,0.646,8.89,41.1,20.7,0.527,0.4226182617406995,-0.9063077870366499,0.9338372288229252,0.35769823883312546
3409323,"Worli, Mumbai - MPCB",GS,2026-03-13 00:00:00+05:30,37.3,30.5,68.3,0.648,9.35,55.7,21.5,0.38,0.5877852522924732,-0.8090169943749473,0.9398560579418954,0.3415707691678556
3409323,"Worli, Mumbai - MPCB",GS,2026-03-14 00:00:00+05:30,20.3,30.5,66.5,0.656,9.55,38.5,20.9,0.215,0.7313537016191706,-0.6819983600624984,0.9455963874271426,0.3253420847119801
3409323,"Worli, Mumbai - MPCB",GS,2026-03-15 00:00:00+05:30,13.6,30.5,71.0,0.592,9.71,29.2,20.5,0.294,0.8191520442889917,-0.5735764363510462,0.9510565162951535,0.30901699437494745
3409323,"Worli, Mumbai - MPCB",GS,2026-03-16 00:00:00+05:30,11.6,30.5,71.0,0.609,9.7,27.5,20.7,0.302,0.8746197071393959,-0.484809620246337,0.9562348265919056,0.29260033563334836
3409323,"Worli, Mumbai - MPCB",GS,2026-03-17 00:00:00+05:30,13.5,30.5,70.1,0.589,9.71,26.9,21.0,0.306,0.6018150231520482,-0.7986355100472929,0.9611297838723007,0.27609697309746883
3409323,"Worli, Mumbai - MPCB",GS,2026-03-18 00:00:00+05:30,14.3,30.5,68.4,0.574,9.75,26.6,22.5,0.34,0.5150380749100544,-0.8571673007021122,0.9657399376548549,0.2595117970697999
3409323,"Worli, Mumbai - MPCB",GS,2026-03-19 00:00:00+05:30,12.5,30.5,68.1,0.616,9.72,22.8,26.1,0.326,0.7547095802227721,-0.6560590289905072,0.9700639218515071,0.2428497220959356
3409323,"Worli, Mumbai - MPCB",GS,2026-03-20 00:00:00+05:30,15.1,30.5,65.8,0.76,9.73,30.6,26.4,0.341,0.5877852522924732,-0.8090169943749473,0.9741004551724205,0.22611568550828828
3409323,"Worli, Mumbai - MPCB",GS,2026-03-21 00:00:00+05:30,16.7,30.5,57.2,0.839,9.75,43.1,26.6,0.394,0.788010753606722,-0.6156614753256583,0.9778483415056568,0.20931464596304847
3409323,"Worli, Mumbai - MPCB",GS,2026-03-22 00:00:00+05:30,29.0,30.5,54.4,0.729,9.75,46.3,26.5,0.539,0.8660254037844387,-0.4999999999999998,0.9813064702716093,0.19245158197082998
3409323,"Worli, Mumbai - MPCB",GS,2026-03-23 00:00:00+05:30,32.3,30.5,58.5,0.735,9.71,38.9,29.2,0.679,0.838670567945424,-0.5446390350150271,0.9844738167520922,0.1755314904214282
3409323,"Worli, Mumbai - MPCB",GS,2026-03-24 00:00:00+05:30,25.1,30.5,68.9,0.995,9.74,52.2,28.3,0.409,0.9335804264972017,-0.35836794954530027,0.9873494423939864,0.15855938510313475
3409323,"Worli, Mumbai - MPCB",GS,2026-03-25 00:00:00+05:30,18.6,30.5,74.4,0.899,9.73,40.0,24.1,0.356,0.9882283814465528,-0.152985836284038,0.989932495087353,0.141540295217043
3409323,"Worli, Mumbai - MPCB",GS,2026-03-26 00:00:00+05:30,19.7,30.5,71.1,1.14,9.73,43.7,25.5,0.403,0.9455185755993168,-0.32556815445715664,0.9922222094179323,0.12447926388678915
3409323,"Worli, Mumbai - MPCB",GS,2026-03-27 00:00:00+05:30,19.3,30.5,67.3,0.932,9.76,41.9,24.3,0.387,0.9455185755993168,-0.32556815445715664,0.994217906893952,0.10738134666416309
3409323,"Worli, Mumbai - MPCB",GS,2026-03-28 00:00:00+05:30,8.43,30.5,77.5,0.722,9.73,24.1,24.6,0.338,0.8660254037844387,-0.4999999999999998,0.995918996147179,0.09025161003104117
3409323,"Worli, Mumbai - MPCB",GS,2026-03-29 00:00:00+05:30,3.73,30.5,76.4,0.691,9.74,16.6,24.7,0.296,0.6946583704589971,-0.7193398003386513,0.9973249731081555,0.07309512989807777
3409323,"Worli, Mumbai - MPCB",GS,2026-03-30 00:00:00+05:30,14.2,30.5,77.5,0.936,9.74,23.1,25.1,0.318,0.9890158633619168,-0.14780941112961066,0.9984354211555643,0.055916990100603484
3409323,"Worli, Mumbai - MPCB",GS,2026-03-31 00:00:00+05:30,5.1,30.5,72.7,0.86,9.69,16.1,24.6,0.292,0.9925461516413221,-0.12186934340514737,0.9992500112396835,0.03872228089217446
3409323,"Worli, Mumbai - MPCB",GS,2026-04-01 00:00:00+05:30,11.5,30.5,73.2,0.836,9.69,26.9,24.6,0.292,0.9966373868180366,-0.08193850863004087,0.9997685019798909,0.021516097436222254
3409323,"Worli, Mumbai - MPCB",GS,2026-04-02 00:00:00+05:30,11.5,30.5,71.7,0.805,9.73,31.5,25.0,0.355,0.9455185755993168,-0.32556815445715664,0.9999907397361901,0.004303538296244289
3409323,"Worli, Mumbai - MPCB",GS,2026-04-03 00:00:00+05:30,27.5,30.5,67.9,0.618,9.71,24.8,26.7,0.409,0.7431448254773942,-0.6691306063588582,0.9999166586547379,-0.01291029607500882
3409323,"Worli, Mumbai - MPCB",GS,2026-04-04 00:00:00+05:30,11.5,30.5,72.5,0.631,9.72,20.8,25.4,0.34,0.8660254037844387,-0.4999999999999998,0.9995462806873573,-0.030120304846908114
3409323,"Worli, Mumbai - MPCB",GS,2026-04-05 00:00:00+05:30,12.9,30.5,66.4,0.703,9.74,32.7,24.4,0.286,0.9271838545667874,-0.37460659341591207,0.9988797155850336,-0.04732138832243185
3409323,"Worli, Mumbai - MPCB",GS,2026-04-06 00:00:00+05:30,8.0,30.5,64.9,0.65,9.73,37.0,24.8,0.31,0.8987940462991669,-0.4383711467890775,0.9979171608653922,-0.06450844944931623
3409323,"Worli, Mumbai - MPCB",GS,2026-04-07 00:00:00+05:30,14.5,30.5,70.0,0.59,9.74,29.3,24.2,0.29,0.5591929034707469,-0.8290375725550416,0.9966589017541702,-0.08167639533042241
3409323,"Worli, Mumbai - MPCB",GS,2026-04-08 00:00:00+05:30,8.83,30.5,74.3,0.73,9.72,17.2,24.1,0.293,0.17364817766693028,-0.984807753012208,0.9951053111006976,-0.09882013873287143
3409323,"Worli, Mumbai - MPCB",GS,2026-04-09 00:00:00+05:30,21.1,30.5,66.1,0.602,9.7,20.9,25.2,0.33,0.8480480961564261,-0.5299192642332048,0.9932568492674143,-0.11593459959550041
3409323,"Worli, Mumbai - MPCB",GS,2026-04-10 00:00:00+05:30,27.9,30.5,65.8,0.778,9.69,32.1,24.8,0.335,0.9271838545667874,-0.37460659341591207,0.9911140639934547,-0.1330147065341959
3409323,"Worli, Mumbai - MPCB",GS,2026-04-11 00:00:00+05:30,40.6,30.5,75.6,0.695,9.72,46.9,24.3,0.353,0.9271838545667874,-0.37460659341591207,0.9886775902323405,-0.1500553983446526
3409323,"Worli, Mumbai - MPCB",GS,2026-04-12 00:00:00+05:30,42.5,30.5,79.5,0.717,9.72,36.0,25.1,0.36,0.788010753606722,-0.6156614753256583,0.9859481499638304,-0.16705162550211924
3409323,"Worli, Mumbai - MPCB",GS,2026-04-13 00:00:00+05:30,33.4,30.5,76.4,0.962,9.71,30.6,24.6,0.296,-0.6018150231520484,-0.7986355100472928,0.9829265519799822,-0.18399835165768005
3409323,"Worli, Mumbai - MPCB",GS,2026-04-14 00:00:00+05:30,36.9,30.5,70.8,0.871,9.75,33.5,25.7,0.293,0.8987940462991669,-0.4383711467890775,0.9796136916454901,-0.20089055513063506
3409323,"Worli, Mumbai - MPCB",GS,2026-04-15 00:00:00+05:30,14.2,30.5,77.3,0.75,9.7,26.6,20.3,0.276,0.9455185755993168,-0.32556815445715664,0.9760105506323683,-0.21772323039653177
3409323,"Worli, Mumbai - MPCB",GS,2026-04-16 00:00:00+05:30,13.5,30.5,69.7,0.78,9.71,29.8,20.4,0.275,0.777145961456971,-0.6293203910498373,0.9721181966290613,-0.23449138957040985
3409323,"Worli, Mumbai - MPCB",GS,2026-04-17 00:00:00+05:30,31.8,30.5,79.9,0.586,9.75,24.2,21.2,0.305,0.5735764363510459,-0.8191520442889919,0.9679377830240642,-0.25119006388481935
3409323,"Worli, Mumbai - MPCB",GS,2026-04-18 00:00:00+05:30,38.3,30.5,81.1,0.727,9.7,30.9,20.3,0.286,0.9455185755993168,-0.32556815445715664,0.9634705485641488,-0.2678143051621742
3409323,"Worli, Mumbai - MPCB",GS,2026-04-19 00:00:00+05:30,37.6,30.5,72.7,0.75,9.76,30.2,21.0,0.295,0.9271838545667874,-0.37460659341591207,0.9587178169872964,-0.2843591872810034
3409323,"Worli, Mumbai - MPCB",GS,2026-04-20 00:00:00+05:30,33.9,30.5,79.4,0.635,9.73,30.5,20.6,0.286,0.6819983600624985,-0.7313537016191705,0.9536809966304457,-0.30081980763566735
3409323,"Worli, Mumbai - MPCB",GS,2026-04-21 00:00:00+05:30,33.1,30.5,76.2,0.701,9.74,32.5,21.7,0.324,0.766044443118978,-0.6427876096865394,0.9483615800121715,-0.3171912885891061
3409323,"Worli, Mumbai - MPCB",GS,2026-04-22 00:00:00+05:30,20.9,30.5,74.8,0.623,9.71,26.7,23.0,0.328,0.6427876096865395,-0.7660444431189779,0.9427611433904207,-0.3334687789181868
3409323,"Worli, Mumbai - MPCB",GS,2026-04-23 00:00:00+05:30,20.8,30.5,77.3,0.635,9.76,35.2,23.9,0.333,0.9205048534524403,-0.3907311284892738,0.9368813462954315,-0.3496474552512284
3409323,"Worli, Mumbai - MPCB",GS,2026-04-24 00:00:00+05:30,22.1,30.5,79.3,0.806,9.73,25.2,25.8,0.281,0.90630778703665,-0.42261826174069933,0.9307239310379795,-0.36572252349726897
3409323,"Worli, Mumbai - MPCB",GS,2026-04-25 00:00:00+05:30,33.4,30.5,73.4,0.74,9.7,25.2,24.4,0.338,0.8480480961564261,-0.5299192642332048,0.9242907221930933,-0.3816892202666588
3409323,"Worli, Mumbai - MPCB",GS,2026-04-26 00:00:00+05:30,30.3,30.5,79.9,0.647,9.71,22.5,23.9,0.299,-0.15643446504023073,-0.9876883405951378,0.9175836260593937,-0.39754281428255595
3409323,"Worli, Mumbai - MPCB",GS,2026-04-27 00:00:00+05:30,25.0,30.5,83.9,0.779,9.73,17.9,24.5,0.262,-0.32556815445715676,-0.9455185755993167,0.9106046300942162,-0.4132786077829042
3409323,"Worli, Mumbai - MPCB",GS,2026-04-28 00:00:00+05:30,24.2,30.5,84.3,0.836,9.75,16.0,25.0,0.202,-0.43837114678907746,-0.8987940462991669,0.9033558023246845,-0.4288919379124835
3409323,"Worli, Mumbai - MPCB",GS,2026-04-29 00:00:00+05:30,20.5,30.5,78.0,1.17,9.69,17.0,25.0,0.243,-0.4226182617406993,-0.90630778703665,0.895839290734909,-0.4443781781046132
3409323,"Worli, Mumbai - MPCB",GS,2026-04-30 00:00:00+05:30,19.8,30.5,80.8,0.831,9.76,14.1,24.6,0.251,-0.5000000000000001,-0.8660254037844386,0.8880573226294932,-0.45973273945210397
3409323,"Worli, Mumbai - MPCB",GS,2026-05-01 00:00:00+05:30,18.4,30.5,78.2,1.01,9.73,16.2,24.7,0.235,-0.7313537016191705,-0.6819983600624986,0.8800122039735357,-0.47495107206704995
3409323,"Worli, Mumbai - MPCB",GS,2026-05-02 00:00:00+05:30,17.9,30.5,77.6,0.859,9.71,79.5,25.2,0.25,-0.5299192642332048,-0.8480480961564261,0.8717063187093218,-0.4900286664290592
3409323,"Worli, Mumbai - MPCB",GS,2026-05-03 00:00:00+05:30,13.2,30.5,78.6,1.0,9.73,25.0,25.4,0.28,-0.8090169943749473,-0.5877852522924732,0.8631421280499114,-0.5049610547215204
3409323,"Worli, Mumbai - MPCB",GS,2026-05-04 00:00:00+05:30,14.3,30.5,74.9,1.04,9.7,18.4,24.9,0.26,-0.7431448254773944,-0.6691306063588581,0.854322169749827,-0.5197438121555155
3409323,"Worli, Mumbai - MPCB",GS,2026-05-05 00:00:00+05:30,19.2,30.5,73.0,0.842,75.9,26.9,24.6,0.243,-0.5299192642332048,-0.8480480961564261,0.8452490573530633,-0.5343725582809786
3409323,"Worli, Mumbai - MPCB",GS,2026-05-06 00:00:00+05:30,21.5,31.3,70.5,1.14,20.9,27.8,23.3,0.224,0.9743700647852352,-0.22495105434386503,0.8359254794186372,-0.548842958284719
3409323,"Worli, Mumbai - MPCB",GS,2026-05-07 00:00:00+05:30,18.1,32.9,78.5,0.793,18.2,29.5,25.3,0.193,0.7547095802227721,-0.6560590289905072,0.8263541987239096,-0.5631507242749186
3409323,"Worli, Mumbai - MPCB",GS,2026-05-08 00:00:00+05:30,26.3,33.1,79.8,0.796,22.6,33.2,25.0,0.18,0.838670567945424,-0.5446390350150271,0.8165380514459161,-0.5772916165517272
3409323,"Worli, Mumbai - MPCB",GS,2026-05-09 00:00:00+05:30,24.3,33.2,79.0,0.698,24.0,34.7,25.0,0.178,0.7193398003386511,-0.6946583704589974,0.8064799463209448,-0.5912614448635781
3409323,"Worli, Mumbai - MPCB",GS,2026-05-10 00:00:00+05:30,22.6,33.2,76.2,0.747,17.4,40.0,25.1,0.178,0.766044443118978,-0.6427876096865394,0.7961828637826158,-0.6050560696488488
3409323,"Worli, Mumbai - MPCB",GS,2026-05-11 00:00:00+05:30,24.1,33.3,77.7,0.722,20.2,37.1,25.1,0.174,0.6018150231520482,-0.7986355100472929,0.7856498550787147,-0.6186714032625031
3409323,"Worli, Mumbai - MPCB",GS,2026-05-12 00:00:00+05:30,21.8,32.8,77.2,0.654,17.4,30.9,25.1,0.173,0.6018150231520482,-0.7986355100472929,0.7748840413670407,-0.6321034111873487
3409323,"Worli, Mumbai - MPCB",GS,2026-05-13 00:00:00+05:30,21.2,32.9,79.8,0.895,15.2,28.1,25.2,0.192,-0.22495105434386498,-0.9743700647852352,0.7638886127905428,-0.6453481132295501
3409323,"Worli, Mumbai - MPCB",GS,2026-05-14 00:00:00+05:30,19.3,32.9,78.4,0.732,15.4,31.1,25.1,0.204,0.7986355100472927,-0.6018150231520484,0.7526668275320085,-0.6584015846980488
3409323,"Worli, Mumbai - MPCB",GS,2026-05-15 00:00:00+05:30,22.1,32.9,77.6,0.762,13.8,25.1,25.0,0.172,0.90630778703665,-0.42261826174069933,0.7412220108485958,-0.6712599575675313
3409323,"Worli, Mumbai - MPCB",GS,2026-05-16 00:00:00+05:30,10.6,32.6,77.6,0.986,11.1,23.5,25.5,0.186,0.9455185755993168,-0.32556815445715664,0.7295575540864875,-0.6839194216246106
3409323,"Worli, Mumbai - MPCB",GS,2026-05-17 00:00:00+05:30,13.1,32.7,80.4,0.833,10.3,25.7,25.1,0.185,0.9205048534524403,-0.3907311284892738,0.717676913675962,-0.6963762255968722
3409323,"Worli, Mumbai - MPCB",GS,2026-05-18 00:00:00+05:30,15.8,32.6,82.4,0.775,14.4,26.2,25.1,0.165,0.3255681544571566,-0.9455185755993168,0.705583610107178,-0.7086266782644596
3409323,"Worli, Mumbai - MPCB",GS,2026-05-19 00:00:00+05:30,15.8,32.1,78.7,0.634,15.1,27.6,25.3,0.182,0.06975647374412552,-0.9975640502598242,0.6932812268869777,-0.7206671495538609
3409323,"Worli, Mumbai - MPCB",GS,2026-05-20 00:00:00+05:30,,32.2,76.5,0.747,12.7,22.8,25.0,0.19,-0.2079116908177595,-0.9781476007338056,0.6807734094770161,-0.7324940716135789
3409323,"Worli, Mumbai - MPCB",GS,2026-05-21 00:00:00+05:30,,32.9,77.2,0.697,13.4,24.2,25.3,0.182,0.5735764363510459,-0.8191520442889919,0.6680638642135335,-0.7441039398713607
3409323,"Worli, Mumbai - MPCB",GS,2026-05-22 00:00:00+05:30,,33.0,79.2,0.828,13.9,20.0,25.4,0.175,-0.656059028990507,-0.7547095802227721,0.6551563572090853,-0.7554933140726803
3409323,"Worli, Mumbai - MPCB",GS,2026-05-23 00:00:00+05:30,10.2,33.6,78.4,0.697,14.6,20.1,25.5,0.175,-0.08715574274765794,-0.9961946980917455,0.6420547132365637,-0.766658819300159
3409323,"Worli, Mumbai - MPCB",GS,2026-05-24 00:00:00+05:30,,33.4,80.3,1.02,10.2,15.6,25.2,0.169,-0.45399049973954664,-0.8910065241883679,0.6287628145958344,-0.7775971469736269
3409323,"Worli, Mumbai - MPCB",GS,2026-05-25 00:00:00+05:30,,33.7,78.7,0.775,11.9,19.3,25.3,0.17,0.90630778703665,-0.42261826174069933,0.6152845999633276,-0.7883050558305255
3409323,"Worli, Mumbai - MPCB",GS,2026-05-26 00:00:00+05:30,,33.4,77.5,0.691,9.85,19.4,25.2,0.169,0.2756373558169992,-0.9612616959383189,0.6016240632249226,-0.7987793728863649
3409323,"Worli, Mumbai - MPCB",GS,2026-05-27 00:00:00+05:30,,33.3,76.2,0.765,10.7,20.7,25.0,0.168,0.7313537016191706,-0.6819983600624984,0.5877852522924732,-0.8090169943749473
3409323,"Worli, Mumbai - MPCB",GS,2026-05-28 00:00:00+05:30,,33.9,72.7,0.748,9.06,20.8,24.9,0.174,0.6691306063588583,-0.7431448254773941,0.5737722679043246,-0.8190148866680801
3409323,"Worli, Mumbai - MPCB",GS,2026-05-29 00:00:00+05:30,,34.3,72.8,1.05,10.7,19.9,25.2,0.186,-0.6018150231520484,-0.7986355100472928,0.5595892624101765,-0.8287700871745038
3409323,"Worli, Mumbai - MPCB",GS,2026-05-30 00:00:00+05:30,,33.8,76.2,1.21,7.75,19.2,25.5,0.176,-0.7313537016191705,-0.6819983600624986,0.545240438540651,-0.8382797052177744
3409323,"Worli, Mumbai - MPCB",GS,2026-05-31 00:00:00+05:30,,33.9,76.2,0.868,8.47,17.5,25.3,0.191,0.15643446504023098,-0.9876883405951377,0.5307300481619334,-0.8475409228928311
3409323,"Worli, Mumbai - MPCB",GS,2026-06-01 00:00:00+05:30,24.6,33.8,74.1,0.726,10.3,19.2,25.1,0.191,0.19080899537654497,-0.981627183447664,0.5160623910158528,-0.8565509959010036
3409323,"Worli, Mumbai - MPCB",GS,2026-06-02 00:00:00+05:30,14.5,33.5,74.6,0.79,11.9,21.7,25.1,0.178,0.13917310096006533,-0.9902680687415704,0.5012418134457758,-0.865307254363206
3409323,"Worli, Mumbai - MPCB",GS,2026-06-03 00:00:00+05:30,,32.2,74.4,1.02,16.0,29.2,25.3,0.202,-0.587785252292473,-0.8090169943749475,0.48627270710868997,-0.8738071036110808
3409323,"Worli, Mumbai - MPCB",GS,2026-06-04 00:00:00+05:30,,33.1,76.6,1.12,13.2,22.5,25.6,0.177,-0.6018150231520484,-0.7986355100472928,0.4711595076738638,-0.8820480249558537
3409323,"Worli, Mumbai - MPCB",GS,2026-06-05 00:00:00+05:30,,33.6,78.1,0.922,10.3,21.0,25.1,0.177,-0.629320391049838,-0.7771459614569705,0.4559066935084588,-0.8900275764346767
3409323,"Worli, Mumbai - MPCB",GS,2026-06-06 00:00:00+05:30,,34.3,74.6,0.716,9.06,19.2,26.2,0.186,0.37460659341591224,-0.9271838545667873,0.440518784350495,-0.8977433935342337
3409323,"Worli, Mumbai - MPCB",GS,2026-06-07 00:00:00+05:30,,34.3,75.3,0.734,9.44,21.3,24.3,0.162,0.3583679495453002,-0.9335804264972017,0.42500033996955416,-0.9051931898913974
3409323,"Worli, Mumbai - MPCB",GS,2026-06-08 00:00:00+05:30,,33.7,76.9,1.06,8.34,23.9,24.8,0.154,1.2246467991473532e-16,-1.0,0.4093559588156213,-0.9123747579707273
3409323,"Worli, Mumbai - MPCB",GS,2026-06-09 00:00:00+05:30,,34.0,76.1,0.911,7.56,21.4,24.9,0.042,0.10452846326765373,-0.9945218953682733,0.39359027665646673,-0.9192859697186104
3409323,"Worli, Mumbai - MPCB",GS,2026-06-10 00:00:00+05:30,,33.4,76.6,1.08,6.88,22.1,25.3,0.235,-0.45399049973954664,-0.8910065241883679,0.3777079652039649,-0.9259247771938498
3409323,"Worli, Mumbai - MPCB",GS,2026-06-11 00:00:00+05:30,,33.5,75.7,1.37,6.27,22.9,25.9,0.256,-0.8090169943749473,-0.5877852522924732,0.36171373072976765,-0.9322892131745133
3409323,"Worli, Mumbai - MPCB",GS,2026-06-12 00:00:00+05:30,,33.5,77.5,1.53,5.88,22.9,25.5,0.278,-0.8090169943749473,-0.5877852522924732,0.3456123126707335,-0.9383773917408641
3409323,"Worli, Mumbai - MPCB",GS,2026-06-13 00:00:00+05:30,,33.5,76.6,1.07,5.75,21.4,25.7,0.296,-0.43837114678907746,-0.8987940462991669,0.3294084822245304,-0.9441875088341993
3409323,"Worli, Mumbai - MPCB",GS,2026-06-14 00:00:00+05:30,,33.8,73.6,0.917,8.87,20.6,24.9,0.26,0.8571673007021123,-0.5150380749100543,0.3131070409358269,-0.9497178427914316
3409323,"Worli, Mumbai - MPCB",GS,2026-06-15 00:00:00+05:30,10.4,33.7,73.4,0.803,6.88,20.0,25.6,0.334,0.6691306063588583,-0.7431448254773941,0.29671281927349075,-0.9549667548552551
3409323,"Worli, Mumbai - MPCB",GS,2026-06-16 00:00:00+05:30,7.63,33.2,74.9,0.863,6.8,17.9,25.1,0.251,-0.22495105434386498,-0.9743700647852352,0.28023067519921585,-0.9599326896597447
3409323,"Worli, Mumbai - MPCB",GS,2026-06-17 00:00:00+05:30,10.9,33.1,72.6,0.932,7.42,19.7,24.3,0.237,-0.29237170472273677,-0.9563047559630354,0.26366549272800704,-0.9646141756912435
3409323,"Worli, Mumbai - MPCB",GS,2026-06-18 00:00:00+05:30,16.6,33.0,71.8,1.04,19.7,20.6,24.5,0.257,-0.43837114678907746,-0.8987940462991669,0.24702218048093552,-0.9690098257244062
3409323,"Worli, Mumbai - MPCB",GS,2026-06-19 00:00:00+05:30,13.5,32.9,70.0,1.08,32.4,20.3,24.8,0.239,-0.754709580222772,-0.6560590289905073,0.23030567023061221,-0.9731183372332619
3409323,"Worli, Mumbai - MPCB",GS,2026-06-20 00:00:00+05:30,13.3,33.1,71.2,0.803,22.0,22.2,25.1,0.328,-0.5150380749100542,-0.8571673007021123,0.21352091543979612,-0.9769384927771817
3409323,"Worli, Mumbai - MPCB",GS,2026-06-21 00:00:00+05:30,11.3,33.4,75.0,0.698,16.3,20.6,25.2,0.337,0.12186934340514755,-0.992546151641322,0.19667288979357647,-0.980469160361632
3409323,"Worli, Mumbai - MPCB",GS,2026-06-22 00:00:00+05:30,8.46,31.5,81.3,0.925,16.2,16.1,24.9,0.35,-0.5591929034707467,-0.8290375725550417,0.1797665857255624,-0.9837092937736097
3409323,"Worli, Mumbai - MPCB",GS,2026-06-23 00:00:00+05:30,6.89,28.1,98.5,0.626,21.4,11.7,24.3,0.351,-0.22495105434386498,-0.9743700647852352,0.16280701293851715,-0.986657932891657
3409323,"Worli, Mumbai - MPCB",GS,2026-06-25 00:00:00+05:30,7.75,29.8,,0.481,3.08,6.0,0.322,0.437,-0.19080899537654472,-0.981627183447664,0.12874817745258132,-0.99167731989929
3409323,"Worli, Mumbai - MPCB",GS,2026-06-26 00:00:00+05:30,14.7,31.0,87.7,0.804,5.3,6.76,0.695,0.521,-0.43837114678907746,-0.8987940462991669,0.11165900712169512,-0.993746580436178
3409323,"Worli, Mumbai - MPCB",GS,2026-06-27 00:00:00+05:30,15.7,31.5,85.0,0.823,12.6,7.64,3.4,0.616,-0.5735764363510462,-0.8191520442889918,0.09453674981719912,-0.9955213724144752
3409323,"Worli, Mumbai - MPCB",GS,2026-06-28 00:00:00+05:30,16.4,31.3,88.5,0.823,9.34,9.04,4.05,0.757,-0.35836794954530043,-0.9335804264972017,0.07738647923346301,-0.9970011699250151
3409323,"Worli, Mumbai - MPCB",GS,2026-06-29 00:00:00+05:30,15.7,28.8,92.3,0.627,14.2,7.1,5.61,0.883,0.10452846326765373,-0.9945218953682733,0.06021327736579302,-0.9981855344718586
3409323,"Worli, Mumbai - MPCB",GS,2026-06-30 00:00:00+05:30,13.4,29.1,,1.01,11.7,7.15,4.8,0.8,-0.5150380749100542,-0.8571673007021123,0.04302223300453059,-0.99907411510223
3409323,"Worli, Mumbai - MPCB",GS,2026-07-01 00:00:00+05:30,12.5,28.7,97.0,1.38,7.87,10.2,4.47,0.77,-0.5591929034707467,-0.8290375725550417,0.02581844022713308,-0.9996666485105112
3409323,"Worli, Mumbai - MPCB",GS,2026-07-02 00:00:00+05:30,19.6,28.6,,0.958,15.6,8.06,4.21,0.809,0.03489949670250114,-0.9993908270190958,0.008606996888688698,-0.9999629591162655
3409323,"Worli, Mumbai - MPCB",GS,2026-07-03 00:00:00+05:30,15.3,27.8,,0.828,12.5,8.63,3.88,0.655,0.90630778703665,-0.42261826174069933,-0.008606996888688009,-0.9999629591162655
3409323,"Worli, Mumbai - MPCB",GS,2026-07-04 00:00:00+05:30,18.3,28.4,,1.28,5.28,11.4,3.04,0.774,0.5877852522924732,-0.8090169943749473,-0.02581844022713239,-0.9996666485105112
3409323,"Worli, Mumbai - MPCB",GS,2026-07-05 00:00:00+05:30,19.4,28.9,,1.74,4.65,12.4,3.24,0.687,0.5299192642332049,-0.848048096156426,-0.04302223300453034,-0.99907411510223
3409323,"Worli, Mumbai - MPCB",GS,2026-07-06 00:00:00+05:30,28.2,29.1,,1.98,3.26,11.0,2.6,0.643,0.4383711467890773,-0.898794046299167,-0.060213277365792774,-0.9981855344718586
3409323,"Worli, Mumbai - MPCB",GS,2026-07-07 00:00:00+05:30,36.9,30.0,,1.97,3.56,9.36,2.36,0.602,-0.29237170472273677,-0.9563047559630354,-0.07738647923346322,-0.9970011699250151
3409323,"Worli, Mumbai - MPCB",GS,2026-07-08 00:00:00+05:30,40.1,30.6,,1.32,6.45,7.6,2.59,0.657,-0.2079116908177595,-0.9781476007338056,-0.09453674981719933,-0.9955213724144752
3409323,"Worli, Mumbai - MPCB",GS,2026-07-09 00:00:00+05:30,36.9,31.8,,1.08,7.82,4.06,2.55,0.576,-0.7880107536067221,-0.6156614753256581,-0.11165900712169444,-0.9937465804361781
3409323,"Worli, Mumbai - MPCB",GS,2026-07-10 00:00:00+05:30,31.7,32.4,,1.25,5.88,5.25,3.9,0.643,-0.8090169943749473,-0.5877852522924732,-0.12874817745258066,-0.99167731989929
3409323,"Worli, Mumbai - MPCB",GS,2026-07-11 00:00:00+05:30,25.6,32.5,99.0,1.6,4.35,6.03,2.6,0.488,-0.8290375725550418,-0.5591929034707466,-0.14579919691987442,-0.9893142039703664
3409323,"Worli, Mumbai - MPCB",GS,2026-07-12 00:00:00+05:30,24.5,32.2,95.6,1.59,3.99,6.19,2.65,0.607,-0.7193398003386512,-0.6946583704589973,-0.16280701293851646,-0.9866579328916572
3409323,"Worli, Mumbai - MPCB",GS,2026-07-13 00:00:00+05:30,23.6,32.2,91.8,1.51,5.06,6.6,2.63,0.748,-0.7313537016191705,-0.6819983600624986,-0.17976658572556214,-0.9837092937736098
3409323,"Worli, Mumbai - MPCB",GS,2026-07-14 00:00:00+05:30,22.4,32.2,92.1,1.61,5.2,7.07,3.1,0.713,-0.8746197071393959,-0.48480962024633684,-0.19667288979357622,-0.9804691603616321
3409323,"Worli, Mumbai - MPCB",GS,2026-07-15 00:00:00+05:30,25.0,33.2,98.0,1.57,4.85,6.84,2.9,0.74,-0.8191520442889916,-0.5735764363510464,-0.2135209154397959,-0.9769384927771817
3409323,"Worli, Mumbai - MPCB",GS,2026-07-16 00:00:00+05:30,26.5,32.6,,1.65,4.88,7.31,3.56,0.742,-0.8910065241883678,-0.4539904997395469,-0.23030567023061196,-0.973118337233262
3409323,"Worli, Mumbai - MPCB",GS,2026-07-17 00:00:00+05:30,30.1,32.9,97.8,1.86,3.81,7.61,4.21,0.728,-0.913545457642601,-0.4067366430758001,-0.24702218048093527,-0.9690098257244063
3409323,"Worli, Mumbai - MPCB",GS,2026-07-18 00:00:00+05:30,27.4,31.2,,1.53,7.3,7.27,2.9,0.821,-0.5735764363510462,-0.8191520442889918,-0.2636654927280072,-0.9646141756912435
3409323,"Worli, Mumbai - MPCB",GS,2026-07-19 00:00:00+05:30,19.4,31.9,,1.4,6.53,7.14,2.06,0.786,-0.5446390350150271,-0.838670567945424,-0.2802306751992161,-0.9599326896597445
3409323,"Worli, Mumbai - MPCB",GS,2026-07-20 00:00:00+05:30,21.2,30.7,,1.58,4.27,7.64,4.83,0.727,-0.17364817766693047,-0.984807753012208,-0.2967128192734901,-0.9549667548552553
3409323,"Worli, Mumbai - MPCB",GS,2026-07-21 00:00:00+05:30,24.2,30.6,,1.94,3.95,7.91,4.6,0.777,-0.7986355100472928,-0.6018150231520483,-0.3131070409358267,-0.9497178427914317
3409323,"Worli, Mumbai - MPCB",GS,2026-07-22 00:00:00+05:30,22.4,26.9,,2.62,3.14,7.85,4.47,0.736,-0.8660254037844385,-0.5000000000000004,-0.3294084822245302,-0.9441875088341994
3409323,"Worli, Mumbai - MPCB",GS,2026-07-23 00:00:00+05:30,22.7,20.6,,2.29,3.07,7.55,5.07,0.791,-0.8090169943749473,-0.5877852522924732,-0.3456123126707333,-0.9383773917408642
3409323,"Worli, Mumbai - MPCB",GS,2026-07-24 00:00:00+05:30,21.0,,,2.25,2.61,7.85,4.0,0.766,-0.8290375725550418,-0.5591929034707466,-0.3617137307297674,-0.9322892131745134
3409323,"Worli, Mumbai - MPCB",GS,2026-07-25 00:00:00+05:30,30.9,24.9,,1.58,5.04,7.32,4.02,0.806,-0.754709580222772,-0.6560590289905073,-0.37770796520396466,-0.9259247771938499
3409323,"Worli, Mumbai - MPCB",GS,2026-07-26 00:00:00+05:30,28.1,22.0,,1.56,4.05,7.45,4.53,0.655,-0.7771459614569706,-0.6293203910498378,-0.39359027665646645,-0.9192859697186105
3409323,"Worli, Mumbai - MPCB",GS,2026-07-27 00:00:00+05:30,28.2,16.3,,1.03,6.48,6.85,5.08,0.676,-0.2079116908177595,-0.9781476007338056,-0.4093559588156211,-0.9123747579707274
3409323,"Worli, Mumbai - MPCB",GS,2026-07-28 00:00:00+05:30,29.8,28.5,51.0,1.36,4.66,7.61,4.24,0.671,-0.2419218955996675,-0.9702957262759965,-0.42500033996955394,-0.9051931898913975
3409323,"Worli, Mumbai - MPCB",GS,2026-07-29 00:00:00+05:30,34.8,30.7,51.0,2.02,4.99,8.1,3.3,0.746,-0.882947592858927,-0.46947156278589075,-0.4405187843504952,-0.8977433935342336
3409323,"Worli, Mumbai - MPCB",GS,2026-07-30 00:00:00+05:30,32.4,30.3,51.0,1.22,5.24,7.64,4.96,0.757,-0.35836794954530043,-0.9335804264972017,-0.455906693508459,-0.8900275764346766
3409323,"Worli, Mumbai - MPCB",GS,2026-07-31 00:00:00+05:30,29.2,29.9,51.0,1.27,4.84,6.93,4.42,0.768,0.5299192642332049,-0.848048096156426,-0.47115950767386394,-0.8820480249558535
3409323,"Worli, Mumbai - MPCB",GS,2026-08-01 00:00:00+05:30,30.7,30.7,51.0,2.17,2.99,7.61,3.37,0.775,-0.8090169943749473,-0.5877852522924732,-0.4862727071086902,-0.8738071036110807
3409323,"Worli, Mumbai - MPCB",GS,2026-08-02 00:00:00+05:30,26.4,30.4,51.0,2.14,3.0,7.62,3.49,0.766,-0.7193398003386512,-0.6946583704589973,-0.5012418134457756,-0.8653072543632061
3409323,"Worli, Mumbai - MPCB",GS,2026-08-03 00:00:00+05:30,28.6,30.6,51.0,1.35,4.5,8.19,5.79,0.792,-0.0348994967025009,-0.9993908270190958,-0.5160623910158526,-0.8565509959010037
3409323,"Worli, Mumbai - MPCB",GS,2026-08-04 00:00:00+05:30,25.3,30.4,51.0,1.09,6.4,8.21,3.08,0.82,0.12186934340514755,-0.992546151641322,-0.5307300481619331,-0.8475409228928312
3409323,"Worli, Mumbai - MPCB",GS,2026-08-05 00:00:00+05:30,25.3,30.0,34.4,1.13,7.46,7.51,3.12,0.792,-0.5150380749100542,-0.8571673007021123,-0.5452404385406507,-0.8382797052177745
3409323,"Worli, Mumbai - MPCB",GS,2026-08-06 00:00:00+05:30,26.8,30.9,40.7,1.22,5.2,7.65,4.1,0.757,-0.35836794954530043,-0.9335804264972017,-0.5595892624101763,-0.828770087174504
3409323,"Worli, Mumbai - MPCB",GS,2026-08-07 00:00:00+05:30,21.0,30.6,85.0,1.15,5.45,7.03,4.05,0.741,0.3255681544571566,-0.9455185755993168,-0.5737722679043243,-0.8190148866680802
3409323,"Worli, Mumbai - MPCB",GS,2026-08-08 00:00:00+05:30,22.3,30.9,84.6,0.93,4.89,6.88,3.59,0.728,0.15643446504023098,-0.9876883405951377,-0.5877852522924734,-0.8090169943749472
3409323,"Worli, Mumbai - MPCB",GS,2026-08-09 00:00:00+05:30,23.7,31.5,82.4,1.16,4.25,8.16,2.93,0.723,-0.29237170472273677,-0.9563047559630354,-0.6016240632249227,-0.7987793728863648
3409323,"Worli, Mumbai - MPCB",GS,2026-08-10 00:00:00+05:30,24.3,30.9,83.1,1.09,6.25,7.57,5.16,0.724,0.4226182617406995,-0.9063077870366499,-0.6152845999633277,-0.7883050558305253
3409323,"Worli, Mumbai - MPCB",GS,2026-08-11 00:00:00+05:30,20.0,28.3,94.5,0.978,8.96,6.68,4.04,0.831,0.37460659341591224,-0.9271838545667873,-0.6287628145958345,-0.7775971469736268
3409323,"Worli, Mumbai - MPCB",GS,2026-08-12 00:00:00+05:30,21.6,30.5,88.5,0.864,5.35,7.15,1.18,0.782,0.3090169943749475,-0.9510565162951535,-0.6420547132365636,-0.7666588193001592
3409323,"Worli, Mumbai - MPCB",GS,2026-08-13 00:00:00+05:30,20.7,29.7,91.5,1.28,7.58,6.7,5.11,0.754,-0.39073112848927355,-0.9205048534524404,-0.655156357209085,-0.7554933140726804
3409323,"Worli, Mumbai - MPCB",GS,2026-08-14 00:00:00+05:30,20.0,30.2,87.4,1.21,6.04,7.43,5.55,0.764,-0.656059028990507,-0.7547095802227721,-0.6680638642135333,-0.7441039398713608
3409323,"Worli, Mumbai - MPCB",GS,2026-08-15 00:00:00+05:30,18.6,29.1,90.0,1.09,7.53,7.24,7.52,0.781,-0.2419218955996675,-0.9702957262759965,-0.6807734094770159,-0.7324940716135792
3409323,"Worli, Mumbai - MPCB",GS,2026-08-16 00:00:00+05:30,19.1,30.5,84.8,1.37,4.58,8.8,6.88,0.747,-0.7193398003386512,-0.6946583704589973,-0.6932812268869771,-0.7206671495538615
3409323,"Worli, Mumbai - MPCB",GS,2026-08-17 00:00:00+05:30,18.4,30.3,86.8,1.54,4.22,8.1,7.79,0.741,-0.6819983600624984,-0.7313537016191706,-0.7055836101071774,-0.70862667826446
3409323,"Worli, Mumbai - MPCB",GS,2026-08-18 00:00:00+05:30,10.5,30.4,89.0,1.24,4.65,6.98,6.52,0.719,-0.35836794954530043,-0.9335804264972017,-0.7176769136759615,-0.6963762255968726
3409323,"Worli, Mumbai - MPCB",GS,2026-08-19 00:00:00+05:30,16.7,30.6,86.9,0.969,5.33,6.9,7.69,0.753,0.15643446504023098,-0.9876883405951377,-0.7295575540864876,-0.6839194216246105
3409323,"Worli, Mumbai - MPCB",GS,2026-08-20 00:00:00+05:30,16.0,30.6,84.7,0.904,5.66,6.56,5.96,0.772,0.2923717047227366,-0.9563047559630355,-0.7412220108485957,-0.6712599575675315
3409323,"Worli, Mumbai - MPCB",GS,2026-08-21 00:00:00+05:30,15.4,30.8,82.2,1.22,5.1,7.25,6.65,0.768,-0.7193398003386512,-0.6946583704589973,-0.7526668275320083,-0.6584015846980489
3409323,"Worli, Mumbai - MPCB",GS,2026-08-22 00:00:00+05:30,12.7,30.8,84.6,1.28,3.96,7.53,7.36,0.751,-0.5299192642332048,-0.8480480961564261,-0.7638886127905429,-0.64534811322955
3409323,"Worli, Mumbai - MPCB",GS,2026-08-23 00:00:00+05:30,15.0,30.4,86.5,1.36,4.29,7.4,7.09,0.756,-0.8290375725550418,-0.5591929034707466,-0.7748840413670406,-0.6321034111873488
3409323,"Worli, Mumbai - MPCB",GS,2026-08-24 00:00:00+05:30,16.2,30.8,83.4,0.908,5.53,6.55,8.12,0.785,-0.17364817766693047,-0.984807753012208,-0.7856498550787144,-0.6186714032625032
3409323,"Worli, Mumbai - MPCB",GS,2026-08-25 00:00:00+05:30,14.6,30.9,82.5,0.78,5.82,7.31,6.69,0.717,0.3090169943749475,-0.9510565162951535,-0.7961828637826154,-0.6050560696488494
3409323,"Worli, Mumbai - MPCB",GS,2026-08-26 00:00:00+05:30,17.5,31.3,81.2,0.765,6.24,7.85,6.5,0.732,0.3583679495453002,-0.9335804264972017,-0.8064799463209447,-0.5912614448635782
3409323,"Worli, Mumbai - MPCB",GS,2026-08-27 00:00:00+05:30,13.9,30.7,85.0,1.3,4.15,8.74,5.78,0.669,-0.5735764363510462,-0.8191520442889918,-0.8165380514459157,-0.5772916165517278
3409323,"Worli, Mumbai - MPCB",GS,2026-08-28 00:00:00+05:30,,30.0,87.0,2.1,2.8,8.0,5.4,0.74,-0.9271838545667873,-0.3746065934159123,-0.8263541987239094,-0.5631507242749187
3409323,"Worli, Mumbai - MPCB",GS,2026-08-29 00:00:00+05:30,,30.0,85.7,1.88,1.49,8.34,4.93,0.703,-0.8746197071393959,-0.48480962024633684,-0.8359254794186365,-0.5488429582847199
3409323,"Worli, Mumbai - MPCB",GS,2026-08-30 00:00:00+05:30,11.5,31.0,84.2,1.27,4.38,8.02,4.24,0.748,-0.6156614753256582,-0.788010753606722,-0.8452490573530634,-0.5343725582809785
3409323,"Worli, Mumbai - MPCB",GS,2026-08-31 00:00:00+05:30,15.3,31.1,84.0,0.888,5.25,6.99,6.45,0.733,-0.1045284632676535,-0.9945218953682733,-0.8543221697498269,-0.5197438121555157
3409323,"Worli, Mumbai - MPCB",GS,2026-09-01 00:00:00+05:30,6.25,31.0,84.6,1.22,4.72,6.15,8.89,0.783,-0.6691306063588582,-0.7431448254773942,-0.8631421280499115,-0.5049610547215202
3409323,"Worli, Mumbai - MPCB",GS,2026-09-02 00:00:00+05:30,47.7,31.2,82.6,0.717,9.85,5.54,10.0,0.663,0.5446390350150273,-0.8386705679454239,-0.8717063187093217,-0.4900286664290594
3409323,"Worli, Mumbai - MPCB",GS,2026-09-03 00:00:00+05:30,19.6,30.7,85.2,0.854,6.81,5.79,12.8,0.735,-0.3090169943749473,-0.9510565162951536,-0.8800122039735356,-0.4749510720670502
3409323,"Worli, Mumbai - MPCB",GS,2026-09-04 00:00:00+05:30,14.4,30.8,82.6,0.82,7.34,6.35,9.9,0.767,-0.06975647374412527,-0.9975640502598242,-0.888057322629493,-0.4597327394521046
3409323,"Worli, Mumbai - MPCB",GS,2026-09-05 00:00:00+05:30,10.9,30.2,89.2,0.966,6.01,5.95,9.48,0.743,0.10452846326765373,-0.9945218953682733,-0.8958392907349089,-0.4443781781046134
3409323,"Worli, Mumbai - MPCB",GS,2026-09-06 00:00:00+05:30,13.9,30.1,87.8,0.595,8.78,4.37,9.74,0.751,0.7547095802227721,-0.6560590289905072,-0.9033558023246842,-0.4288919379124841
3409323,"Worli, Mumbai - MPCB",GS,2026-09-07 00:00:00+05:30,14.5,31.4,81.1,0.697,7.23,6.3,10.9,0.731,0.9455185755993168,-0.32556815445715664,-0.9106046300942162,-0.41327860778290443
3409323,"Worli, Mumbai - MPCB",GS,2026-09-08 00:00:00+05:30,25.1,31.6,78.9,0.839,7.33,5.64,10.8,0.704,0.9907478404714436,-0.1357155724343043,-0.9175836260593934,-0.3975428142825566
3409323,"Worli, Mumbai - MPCB",GS,2026-09-09 00:00:00+05:30,7.9,31.8,79.3,0.693,7.07,5.54,7.42,0.696,0.9271838545667874,-0.37460659341591207,-0.9242907221930934,-0.3816892202666586
3409323,"Worli, Mumbai - MPCB",GS,2026-09-10 00:00:00+05:30,8.12,32.3,76.3,0.812,6.81,4.61,6.62,0.821,0.9659258262890683,-0.25881904510252085,-0.9307239310379793,-0.3657225234972692
3409323,"Worli, Mumbai - MPCB",GS,2026-09-11 00:00:00+05:30,5.09,30.8,84.7,0.6,8.08,4.92,8.14,0.817,0.8290375725550417,-0.5591929034707467,-0.9368813462954315,-0.34964745525122826
3409323,"Worli, Mumbai - MPCB",GS,2026-09-12 00:00:00+05:30,5.91,31.0,83.3,0.628,7.37,5.06,6.19,0.7,0.8987940462991669,-0.4383711467890775,-0.9427611433904206,-0.33346877891818705
3409323,"Worli, Mumbai - MPCB",GS,2026-09-13 00:00:00+05:30,12.2,27.3,94.3,0.414,12.7,4.23,5.2,0.829,0.24192189559966773,-0.9702957262759965,-0.9483615800121716,-0.31719128858910595
3409323,"Worli, Mumbai - MPCB",GS,2026-09-14 00:00:00+05:30,8.43,29.3,89.1,0.733,9.71,6.8,6.69,0.85,-0.22495105434386498,-0.9743700647852352,-0.9536809966304455,-0.300819807635668
3409323,"Worli, Mumbai - MPCB",GS,2026-09-15 00:00:00+05:30,7.14,29.5,89.4,0.881,9.47,4.68,7.1,0.827,-0.3090169943749473,-0.9510565162951536,-0.9587178169872964,-0.2843591872810036
3409323,"Worli, Mumbai - MPCB",GS,2026-09-16 00:00:00+05:30,9.89,29.8,87.5,0.654,12.3,4.59,6.01,0.878,-0.35836794954530043,-0.9335804264972017,-0.9634705485641486,-0.26781430516217486
3409323,"Worli, Mumbai - MPCB",GS,2026-09-17 00:00:00+05:30,7.29,30.8,85.1,0.918,8.31,5.33,6.41,0.768,-0.5299192642332048,-0.8480480961564261,-0.9679377830240642,-0.25119006388481957
3409329,"Deonar, Mumbai - IITM",ME,2025-10-11 00:00:00+05:30,66.4,0.0,0.0,0.0,26.3,18.8,4.75,0.955,0.0,1.0,-0.9873494423939864,0.15855938510313475
3409329,"Deonar, Mumbai - IITM",ME,2025-10-12 00:00:00+05:30,80.0,0.0,0.0,0.0,23.7,18.1,4.63,0.88,0.0,1.0,-0.9844738167520923,0.17553149042142777
3409329,"Deonar, Mumbai - IITM",ME,2025-10-13 00:00:00+05:30,68.8,0.0,0.0,0.0,30.0,17.8,3.97,1.16,0.0,1.0,-0.9813064702716093,0.19245158197082995
3409329,"Deonar, Mumbai - IITM",ME,2025-10-14 00:00:00+05:30,65.3,0.0,0.0,0.0,30.2,19.9,5.28,1.28,0.0,1.0,-0.9778483415056567,0.20931464596304888
3409329,"Deonar, Mumbai - IITM",ME,2025-10-15 00:00:00+05:30,64.3,,,,26.3,16.5,3.36,1.07,,,-0.9741004551724206,0.22611568550828803
3409329,"Deonar, Mumbai - IITM",ME,2025-10-16 00:00:00+05:30,48.2,,,,21.7,14.7,3.69,0.704,,,-0.970063921851507,0.2428497220959358
3409329,"Deonar, Mumbai - IITM",ME,2025-10-17 00:00:00+05:30,41.2,,,,22.5,13.0,3.35,0.673,,,-0.965739937654855,0.25951179706979943
3409329,"Deonar, Mumbai - IITM",ME,2025-10-18 00:00:00+05:30,69.5,,,,24.8,19.3,4.4,0.932,,,-0.9611297838723007,0.27609697309746883
3409329,"Deonar, Mumbai - IITM",ME,2025-10-19 00:00:00+05:30,94.5,,,,22.0,15.4,4.33,1.05,,,-0.9562348265919058,0.2926003356333479
3409329,"Deonar, Mumbai - IITM",ME,2025-10-20 00:00:00+05:30,119.0,,,,17.5,10.5,3.27,1.05,,,-0.9510565162951536,0.30901699437494723
3409329,"Deonar, Mumbai - IITM",ME,2025-10-21 00:00:00+05:30,94.8,,,,11.3,14.3,5.6,0.772,,,-0.9455963874271428,0.3253420847119795
3409329,"Deonar, Mumbai - IITM",ME,2025-10-22 00:00:00+05:30,53.8,,,,13.7,11.2,3.86,0.694,,,-0.9398560579418953,0.341570769167856
3409329,"Deonar, Mumbai - IITM",ME,2025-10-23 00:00:00+05:30,39.4,,,,11.8,9.02,2.79,0.532,,,-0.9338372288229252,0.35769823883312546
3409329,"Deonar, Mumbai - IITM",ME,2025-10-24 00:00:00+05:30,16.0,,,,14.5,6.85,2.64,0.524,,,-0.9275416835791965,0.3737197147904692
3409329,"Deonar, Mumbai - IITM",ME,2025-10-25 00:00:00+05:30,12.6,,,,13.0,2.95,5.02,0.675,,,-0.9209712877166347,0.38963044953078774
3409329,"Deonar, Mumbai - IITM",ME,2025-10-26 00:00:00+05:30,20.5,,,,8.53,0.175,4.72,0.558,,,-0.9141279881853337,0.4054257283599973
3409329,"Deonar, Mumbai - IITM",ME,2025-10-27 00:00:00+05:30,12.3,,,,11.1,2.77,4.91,0.742,,,-0.9070138128026362,0.42110087079608916
3409329,"Deonar, Mumbai - IITM",ME,2025-10-28 00:00:00+05:30,19.6,,,,12.3,4.26,5.17,0.73,,,-0.8996308696522434,0.4366512319560638
3409329,"Deonar, Mumbai - IITM",ME,2025-10-29 00:00:00+05:30,25.1,,,,13.7,6.39,6.99,0.727,,,-0.8919813464595487,0.45207220393230374
3409329,"Deonar, Mumbai - IITM",ME,2025-10-30 00:00:00+05:30,18.9,,,,12.0,6.24,4.48,0.507,,,-0.8840675099433637,0.46735921715800205
3409329,"Deonar, Mumbai - IITM",ME,2025-10-31 00:00:00+05:30,12.1,,,,14.2,1.76,3.38,0.835,,,-0.8758917051442433,0.48250774176121763
3409329,"Deonar, Mumbai - IITM",ME,2025-11-01 00:00:00+05:30,11.3,,,,13.7,4.94,2.51,0.822,,,-0.8674563547295971,0.4975132889071803
3409329,"Deonar, Mumbai - IITM",ME,2025-11-02 00:00:00+05:30,8.41,,,,13.6,1.04,1.31,0.65,,,-0.858763958275803,0.5123714121284235
3409329,"Deonar, Mumbai - IITM",ME,2025-11-03 00:00:00+05:30,9.04,,,,12.9,43.4,2.37,0.801,,,-0.8498170915275277,0.5270777086423724
3409329,"Deonar, Mumbai - IITM",ME,2025-11-04 00:00:00+05:30,22.0,0.0,0.0,0.0,19.6,5.92,101.0,0.989,0.0,1.0,-0.8406184056344783,0.5416278206559811
3409329,"Deonar, Mumbai - IITM",ME,2025-11-05 00:00:00+05:30,26.5,,,,17.9,10.0,4.44,0.819,,,-0.8311706263658079,0.5560174366570446
3409329,"Deonar, Mumbai - IITM",ME,2025-11-06 00:00:00+05:30,43.9,,,,23.8,15.0,5.95,0.653,,,-0.8214765533024145,0.5702422926917867
3409329,"Deonar, Mumbai - IITM",ME,2025-11-07 00:00:00+05:30,67.5,,,,32.8,20.8,6.12,0.745,,,-0.8115390590073611,0.5842981736283683
3409329,"Deonar, Mumbai - IITM",ME,2025-11-08 00:00:00+05:30,44.2,,,,30.7,16.8,6.06,0.614,,,-0.801361088174677,0.5981809144059158
3409329,"Deonar, Mumbai - IITM",ME,2025-11-09 00:00:00+05:30,43.4,,,,28.6,15.2,5.5,0.514,,,-0.7909456567567774,0.6118864012687242
3409329,"Deonar, Mumbai - IITM",ME,2025-11-10 00:00:00+05:30,59.0,,,,31.0,3.88,4.77,0.988,,,-0.780295851070776,0.6254105729852457
3409329,"Deonar, Mumbai - IITM",ME,2025-11-11 00:00:00+05:30,59.2,,,,34.5,19.8,5.57,1.04,,,-0.7694148268839381,0.6387494220515268
3409329,"Deonar, Mumbai - IITM",ME,2025-11-12 00:00:00+05:30,71.8,,,,,20.0,6.33,0.871,,,-0.7583058084785625,0.6518989958787125
3409329,"Deonar, Mumbai - IITM",ME,2025-11-13 00:00:00+05:30,77.5,,,,37.7,18.0,6.83,1.16,,,-0.7469720876965551,0.6648553979642866
3409329,"Deonar, Mumbai - IITM",ME,2025-11-14 00:00:00+05:30,79.2,,,,40.4,18.1,6.36,1.24,,,-0.7354170229639858,0.6776147890466887
3409329,"Deonar, Mumbai - IITM",ME,2025-11-15 00:00:00+05:30,77.4,,,,38.4,16.0,5.74,1.15,,,-0.7236440382959124,0.690173388242972
3409329,"Deonar, Mumbai - IITM",ME,2025-11-16 00:00:00+05:30,82.7,,,,36.8,14.7,5.69,1.03,,,-0.711656622281775,0.7025274741691566
3409329,"Deonar, Mumbai - IITM",ME,2025-11-17 00:00:00+05:30,85.9,,,,38.4,16.7,6.49,1.29,,,-0.6994583270516471,0.7146733860429608
3409329,"Deonar, Mumbai - IITM",ME,2025-11-18 00:00:00+05:30,105.0,,,,52.8,6.28,4.75,1.46,,,-0.6870527672236675,0.7266075247685652
3409329,"Deonar, Mumbai - IITM",ME,2025-11-19 00:00:00+05:30,90.6,,,,39.7,14.2,6.81,1.0,,,-0.6744436188329457,0.7383263540031063
3409329,"Deonar, Mumbai - IITM",ME,2025-11-20 00:00:00+05:30,92.6,,,,38.3,14.0,6.92,1.16,,,-0.661634618242279,0.749826401204568
3409329,"Deonar, Mumbai - IITM",ME,2025-11-21 00:00:00+05:30,100.0,,,,40.1,15.2,6.45,1.37,,,-0.6486295610349818,0.7611042586607742
3409329,"Deonar, Mumbai - IITM",ME,2025-11-22 00:00:00+05:30,95.7,,,,40.8,12.2,6.37,1.51,,,-0.6354323008901775,0.7721565844991641
3409329,"Deonar, Mumbai - IITM",ME,2025-11-23 00:00:00+05:30,109.0,,,,32.8,13.9,5.01,1.72,,,-0.622046748440868,0.7829801036770624
3409329,"Deonar, Mumbai - IITM",ME,2025-11-24 00:00:00+05:30,95.0,,,,33.1,13.2,5.12,1.6,,,-0.6084768701151264,0.7935716089521472
3409329,"Deonar, Mumbai - IITM",ME,2025-11-25 00:00:00+05:30,66.9,,,,34.0,16.4,4.65,1.53,,,-0.594726686960764,0.8039279618328208
3409329,"Deonar, Mumbai - IITM",ME,2025-11-26 00:00:00+05:30,32.8,,,,31.6,15.4,3.86,1.32,,,-0.5808002734538013,0.8140460935082175
3409329,"Deonar, Mumbai - IITM",ME,2025-11-27 00:00:00+05:30,77.0,,,,35.6,15.0,4.55,1.32,,,-0.5667017562911184,0.8239230057575536
3409329,"Deonar, Mumbai - IITM",ME,2025-11-28 00:00:00+05:30,73.0,,,,32.1,10.8,5.02,1.25,,,-0.5524353131676203,0.8335557718385695
3409329,"Deonar, Mumbai - IITM",ME,2025-11-29 00:00:00+05:30,64.6,0.0,0.0,0.0,31.8,10.3,5.47,1.03,0.0,1.0,-0.5380051715382992,0.8429415373547832
3409329,"Deonar, Mumbai - IITM",ME,2025-11-30 00:00:00+05:30,67.2,,,,33.5,9.85,6.68,1.21,,,-0.5234156073655503,0.8520775211013093
3409329,"Deonar, Mumbai - IITM",ME,2025-12-01 00:00:00+05:30,66.3,,,,36.6,12.1,40.2,1.52,,,-0.5086709438521042,0.8609610158889945
3409329,"Deonar, Mumbai - IITM",ME,2025-12-02 00:00:00+05:30,67.0,,,,33.8,9.38,5.32,1.33,,,-0.49377555015997737,0.8695893893466109
3409329,"Deonar, Mumbai - IITM",ME,2025-12-03 00:00:00+05:30,74.5,0.0,0.0,0.0,32.6,30.7,7.59,1.26,0.0,1.0,-0.4787338401157883,0.8779600847008883
3409329,"Deonar, Mumbai - IITM",ME,2025-12-04 00:00:00+05:30,83.9,,,,32.7,9.55,6.92,1.14,,,-0.4635502709028512,0.8860706215341378
3409329,"Deonar, Mumbai - IITM",ME,2025-12-05 00:00:00+05:30,69.2,,,,28.0,13.3,5.89,1.03,,,-0.4482293417404106,0.893918596519257
3409329,"Deonar, Mumbai - IITM",ME,2025-12-06 00:00:00+05:30,57.9,,,,29.4,14.3,5.72,0.797,,,-0.4327755925504317,0.9015016841318838
3409329,"Deonar, Mumbai - IITM",ME,2025-12-07 00:00:00+05:30,58.5,,,,30.0,16.4,5.5,0.759,,,-0.41719360261231697,0.9088176373395028
3409329,"Deonar, Mumbai - IITM",ME,2025-12-08 00:00:00+05:30,58.2,,,,37.9,8.28,5.48,1.05,,,-0.4014879892059737,0.9158642882672868
3409329,"Deonar, Mumbai - IITM",ME,2025-12-09 00:00:00+05:30,50.3,,,,31.8,9.86,4.56,0.661,,,-0.38566340624360745,0.9226395488404875
3409329,"Deonar, Mumbai - IITM",ME,2025-12-10 00:00:00+05:30,41.2,,,,37.0,7.57,7.95,0.669,,,-0.3697245428906732,0.9291414114031743
3409329,"Deonar, Mumbai - IITM",ME,2025-12-11 00:00:00+05:30,41.1,0.0,0.0,0.0,39.7,8.66,7.51,0.711,0.0,1.0,-0.3536761221763721,0.935367949313148
3409329,"Deonar, Mumbai - IITM",ME,2025-12-12 00:00:00+05:30,49.1,0.0,0.0,0.0,45.2,10.4,6.07,0.671,0.0,1.0,-0.33752289959411347,0.941317317512847
3409329,"Deonar, Mumbai - IITM",ME,2025-12-13 00:00:00+05:30,51.9,0.0,0.0,0.0,46.6,10.6,6.17,0.819,0.0,1.0,-0.32126966169236515,0.9469877530760751
3409329,"Deonar, Mumbai - IITM",ME,2025-12-14 00:00:00+05:30,59.7,0.0,0.0,0.0,46.5,11.6,8.41,0.957,0.0,1.0,-0.3049212246562894,0.9523775757303973
3409329,"Deonar, Mumbai - IITM",ME,2025-12-15 00:00:00+05:30,53.0,0.0,0.0,0.0,39.9,8.3,7.97,1.05,0.0,1.0,-0.2884824328806098,0.9574851883550389
3409329,"Deonar, Mumbai - IITM",ME,2025-12-16 00:00:00+05:30,54.4,,,,40.3,10.2,5.64,0.776,,,-0.27195815753410524,0.9623090774541487
3409329,"Deonar, Mumbai - IITM",ME,2025-12-17 00:00:00+05:30,69.0,,,,48.9,11.0,6.96,0.942,,,-0.2553532951161881,0.9668478136052773
3409329,"Deonar, Mumbai - IITM",ME,2025-12-18 00:00:00+05:30,71.5,,,,49.6,6.49,7.03,1.15,,,-0.23867276600594997,0.9711000518829505
3409329,"Deonar, Mumbai - IITM",ME,2025-12-19 00:00:00+05:30,55.8,,,,43.6,9.35,7.06,0.764,,,-0.22192151300416674,0.9750645322571945
3409329,"Deonar, Mumbai - IITM",ME,2025-12-20 00:00:00+05:30,44.2,,,,39.5,7.55,6.48,0.811,,,-0.20510449986861926,0.9787400799669153
3409329,"Deonar, Mumbai - IITM",ME,2025-12-21 00:00:00+05:30,54.2,,,,29.4,0.0,5.09,0.785,,,-0.1882267098432439,0.9821256058680006
3409329,"Deonar, Mumbai - IITM",ME,2025-12-22 00:00:00+05:30,48.7,,,,50.2,12.0,8.9,1.28,,,-0.1712931441814778,0.9852201067560606
3409329,"Deonar, Mumbai - IITM",ME,2025-12-23 00:00:00+05:30,48.3,,,,38.8,7.02,7.65,0.924,,,-0.154308820664281,0.9880226656636976
3409329,"Deonar, Mumbai - IITM",ME,2025-12-24 00:00:00+05:30,39.9,,,,34.4,6.91,5.89,0.772,,,-0.13727877211326517,0.9905324521322227
3409329,"Deonar, Mumbai - IITM",ME,2025-12-25 00:00:00+05:30,50.7,,,,38.0,7.48,7.31,1.1,,,-0.12020804489935275,0.9927487224577402
3409329,"Deonar, Mumbai - IITM",ME,2025-12-26 00:00:00+05:30,62.8,,,,40.0,10.3,6.31,0.957,,,-0.10310169744743544,0.9946708199115211
3409329,"Deonar, Mumbai - IITM",ME,2025-12-27 00:00:00+05:30,65.6,,,,39.9,7.88,5.81,0.935,,,-0.0859647987374467,0.9962981749346077
3409329,"Deonar, Mumbai - IITM",ME,2025-12-28 00:00:00+05:30,71.0,,,,39.6,8.69,6.59,1.13,,,-0.06880242680232064,0.9976303053065857
3409329,"Deonar, Mumbai - IITM",ME,2025-12-29 00:00:00+05:30,70.2,,,,43.6,10.1,6.97,1.04,,,-0.05161966722325418,0.9986668162884759
3409329,"Deonar, Mumbai - IITM",ME,2025-12-30 00:00:00+05:30,71.0,,,,42.5,10.5,8.65,0.907,,,-0.034421611622745804,0.9994074007397048
3409329,"Deonar, Mumbai - IITM",ME,2025-12-31 00:00:00+05:30,72.8,,,,34.7,10.3,5.84,1.14,,,-0.01721335615583528,0.9998518392091162
3409329,"Deonar, Mumbai - IITM",ME,2026-01-01 00:00:00+05:30,41.0,,,,22.4,5.73,4.52,0.949,,,0.0,1.0
3409329,"Deonar, Mumbai - IITM",ME,2026-01-02 00:00:00+05:30,55.5,,,,28.2,7.25,5.01,1.14,,,0.017213356155834685,0.9998518392091162
3409329,"Deonar, Mumbai - IITM",ME,2026-01-03 00:00:00+05:30,64.3,,,,33.9,7.48,5.79,1.33,,,0.03442161162274574,0.9994074007397048
3409329,"Deonar, Mumbai - IITM",ME,2026-01-04 00:00:00+05:30,82.0,,,,30.0,8.75,5.51,1.56,,,0.051619667223253764,0.998666816288476
3409329,"Deonar, Mumbai - IITM",ME,2026-01-05 00:00:00+05:30,75.3,,,,31.1,8.67,7.02,1.45,,,0.06880242680231986,0.9976303053065857
3409329,"Deonar, Mumbai - IITM",ME,2026-01-06 00:00:00+05:30,75.6,,,,30.2,8.85,6.8,1.39,,,0.08596479873744647,0.9962981749346078
3409329,"Deonar, Mumbai - IITM",ME,2026-01-07 00:00:00+05:30,67.3,,,,33.5,9.97,47.8,1.4,,,0.10310169744743485,0.9946708199115211
3409329,"Deonar, Mumbai - IITM",ME,2026-01-08 00:00:00+05:30,65.4,,,,38.1,7.73,3.29,1.26,,,0.1202080448993527,0.9927487224577402
3409329,"Deonar, Mumbai - IITM",ME,2026-01-09 00:00:00+05:30,65.8,,,,61.4,6.1,0.277,1.46,,,0.13727877211326478,0.9905324521322229
3409329,"Deonar, Mumbai - IITM",ME,2026-01-10 00:00:00+05:30,63.6,,,,30.0,10.3,1.22,0.886,,,0.15430882066428117,0.9880226656636976
3409329,"Deonar, Mumbai - IITM",ME,2026-01-20 00:00:00+05:30,77.1,0.0,0.0,0.0,57.6,1.0,6.03,0.86,0.0,1.0,0.3212696616923644,0.9469877530760753
3409329,"Deonar, Mumbai - IITM",ME,2026-01-21 00:00:00+05:30,65.2,0.0,0.0,0.0,29.5,7.69,9.61,1.18,0.0,1.0,0.3375228995941133,0.9413173175128471
3409329,"Deonar, Mumbai - IITM",ME,2026-01-22 00:00:00+05:30,66.0,0.0,0.0,0.0,26.0,8.91,9.68,0.919,0.0,1.0,0.3536761221763716,0.9353679493131483
3409329,"Deonar, Mumbai - IITM",ME,2026-01-23 00:00:00+05:30,59.0,0.0,0.0,0.0,20.6,7.34,3.78,1.04,0.0,1.0,0.3697245428906731,0.9291414114031743
3409329,"Deonar, Mumbai - IITM",ME,2026-01-24 00:00:00+05:30,58.9,0.0,0.0,0.0,14.1,0.5,4.31,1.28,0.0,1.0,0.38566340624360707,0.9226395488404876
3409329,"Deonar, Mumbai - IITM",ME,2026-01-25 00:00:00+05:30,62.0,0.0,0.0,0.0,31.8,14.0,6.47,0.659,0.0,1.0,0.401487989205973,0.9158642882672872
3409329,"Deonar, Mumbai - IITM",ME,2026-01-26 00:00:00+05:30,71.8,0.0,0.0,0.0,22.4,12.5,5.64,1.02,0.0,1.0,0.4171936026123168,0.9088176373395029
3409329,"Deonar, Mumbai - IITM",ME,2026-01-27 00:00:00+05:30,43.6,0.0,0.0,0.0,20.3,9.62,3.24,0.85,0.0,1.0,0.4327755925504312,0.901501684131884
3409329,"Deonar, Mumbai - IITM",ME,2026-01-28 00:00:00+05:30,33.5,0.0,0.0,0.0,26.7,8.94,5.43,0.727,0.0,1.0,0.4482293417404106,0.893918596519257
3409329,"Deonar, Mumbai - IITM",ME,2026-01-29 00:00:00+05:30,53.8,0.0,0.0,0.0,35.3,9.06,6.35,1.08,0.0,1.0,0.4635502709028509,0.886070621534138
3409329,"Deonar, Mumbai - IITM",ME,2026-01-30 00:00:00+05:30,67.3,0.0,0.0,0.0,24.3,12.0,6.14,1.31,0.0,1.0,0.47873384011578846,0.8779600847008882
3409329,"Deonar, Mumbai - IITM",ME,2026-01-31 00:00:00+05:30,59.2,0.0,0.0,0.0,19.3,11.7,1.77,1.12,0.0,1.0,0.49377555015997715,0.869589389346611
3409329,"Deonar, Mumbai - IITM",ME,2026-02-01 00:00:00+05:30,73.5,0.0,0.0,0.0,25.2,13.0,3.37,0.916,0.0,1.0,0.5086709438521044,0.8609610158889943
3409329,"Deonar, Mumbai - IITM",ME,2026-02-02 00:00:00+05:30,76.4,0.0,0.0,0.0,26.9,10.7,6.02,1.12,0.0,1.0,0.5234156073655503,0.8520775211013093
3409329,"Deonar, Mumbai - IITM",ME,2026-02-03 00:00:00+05:30,83.2,0.0,0.0,0.0,18.2,4.72,2.48,1.1,0.0,1.0,0.5380051715382996,0.8429415373547828
3409329,"Deonar, Mumbai - IITM",ME,2026-02-04 00:00:00+05:30,62.8,0.0,0.0,0.0,27.8,13.9,5.39,1.15,0.0,1.0,0.5524353131676196,0.8335557718385699
3409329,"Deonar, Mumbai - IITM",ME,2026-02-05 00:00:00+05:30,65.8,0.0,0.0,0.0,25.1,6.77,6.63,1.08,0.0,1.0,0.5667017562911176,0.8239230057575542
3409329,"Deonar, Mumbai - IITM",ME,2026-02-06 00:00:00+05:30,36.2,0.0,0.0,0.0,39.9,32.9,6.22,0.817,0.0,1.0,0.5808002734538009,0.8140460935082178
3409329,"Deonar, Mumbai - IITM",ME,2026-02-07 00:00:00+05:30,58.4,0.0,0.0,0.0,30.0,25.9,8.64,0.96,0.0,1.0,0.5947266869607634,0.8039279618328213
3409329,"Deonar, Mumbai - IITM",ME,2026-02-08 00:00:00+05:30,62.3,0.0,0.0,0.0,46.5,2.83,5.79,1.84,0.0,1.0,0.6084768701151261,0.7935716089521474
3409329,"Deonar, Mumbai - IITM",ME,2026-02-09 00:00:00+05:30,60.4,0.0,0.0,0.0,28.9,30.9,6.75,1.08,0.0,1.0,0.6220467484408675,0.7829801036770629
3409329,"Deonar, Mumbai - IITM",ME,2026-02-10 00:00:00+05:30,55.5,0.0,0.0,0.0,33.6,30.7,6.29,1.23,0.0,1.0,0.6354323008901774,0.7721565844991642
3409329,"Deonar, Mumbai - IITM",ME,2026-02-11 00:00:00+05:30,58.4,0.0,0.0,0.0,35.6,29.7,26.3,0.996,0.0,1.0,0.6486295610349814,0.7611042586607747
3409329,"Deonar, Mumbai - IITM",ME,2026-02-12 00:00:00+05:30,54.1,0.0,0.0,0.0,30.8,27.9,3.12,1.25,0.0,1.0,0.6616346182422783,0.7498264012045686
3409329,"Deonar, Mumbai - IITM",ME,2026-02-13 00:00:00+05:30,59.4,0.0,0.0,0.0,33.2,31.9,3.74,1.12,0.0,1.0,0.6744436188329455,0.7383263540031065
3409329,"Deonar, Mumbai - IITM",ME,2026-02-14 00:00:00+05:30,65.6,0.0,0.0,0.0,36.4,33.6,2.97,1.12,0.0,1.0,0.6870527672236669,0.7266075247685656
3409329,"Deonar, Mumbai - IITM",ME,2026-02-15 00:00:00+05:30,60.0,0.0,0.0,0.0,33.8,26.8,3.29,1.03,0.0,1.0,0.699458327051647,0.7146733860429609
3409329,"Deonar, Mumbai - IITM",ME,2026-02-16 00:00:00+05:30,52.8,0.0,0.0,0.0,25.5,9.53,2.35,0.871,0.0,1.0,0.7116566222817746,0.7025274741691571
3409329,"Deonar, Mumbai - IITM",ME,2026-02-17 00:00:00+05:30,33.5,0.0,0.0,0.0,26.4,43.9,1.37,0.674,0.0,1.0,0.7236440382959124,0.6901733882429719
3409329,"Deonar, Mumbai - IITM",ME,2026-02-18 00:00:00+05:30,22.3,0.0,0.0,0.0,22.3,22.3,1.65,0.572,0.0,1.0,0.7354170229639855,0.6776147890466889
3409329,"Deonar, Mumbai - IITM",ME,2026-02-19 00:00:00+05:30,33.6,0.0,0.0,0.0,33.8,30.3,2.39,1.21,0.0,1.0,0.7469720876965552,0.6648553979642865
3409329,"Deonar, Mumbai - IITM",ME,2026-02-20 00:00:00+05:30,70.3,0.0,0.0,0.0,24.0,30.1,1.03,1.16,0.0,1.0,0.7583058084785624,0.6518989958787126
3409329,"Deonar, Mumbai - IITM",ME,2026-02-21 00:00:00+05:30,71.2,0.0,0.0,0.0,27.1,33.4,4.28,1.04,0.0,1.0,0.7694148268839378,0.6387494220515272
3409329,"Deonar, Mumbai - IITM",ME,2026-02-22 00:00:00+05:30,63.7,0.0,0.0,0.0,25.4,28.0,3.39,1.21,0.0,1.0,0.7802958510707755,0.6254105729852463
3409329,"Deonar, Mumbai - IITM",ME,2026-02-23 00:00:00+05:30,50.8,0.0,0.0,0.0,22.6,31.9,3.33,0.943,0.0,1.0,0.7909456567567772,0.6118864012687243
3409329,"Deonar, Mumbai - IITM",ME,2026-02-24 00:00:00+05:30,52.8,0.0,0.0,0.0,26.5,24.5,1.49,1.09,0.0,1.0,0.8013610881746766,0.5981809144059165
3409329,"Deonar, Mumbai - IITM",ME,2026-02-25 00:00:00+05:30,36.9,0.0,0.0,0.0,23.7,18.8,1.96,0.799,0.0,1.0,0.8115390590073611,0.5842981736283684
3409329,"Deonar, Mumbai - IITM",ME,2026-02-26 00:00:00+05:30,22.6,0.0,0.0,0.0,16.0,12.3,0.408,0.663,0.0,1.0,0.8214765533024142,0.5702422926917871
3409329,"Deonar, Mumbai - IITM",ME,2026-02-27 00:00:00+05:30,19.0,0.0,0.0,0.0,15.6,12.2,1.37,0.568,0.0,1.0,0.8311706263658079,0.5560174366570446
3409329,"Deonar, Mumbai - IITM",ME,2026-02-28 00:00:00+05:30,16.5,0.0,0.0,0.0,16.7,14.8,1.51,0.546,0.0,1.0,0.8406184056344782,0.5416278206559814
3409329,"Deonar, Mumbai - IITM",ME,2026-03-01 00:00:00+05:30,21.7,0.0,0.0,0.0,15.8,20.7,2.13,0.609,0.0,1.0,0.8498170915275278,0.5270777086423722
3409329,"Deonar, Mumbai - IITM",ME,2026-03-02 00:00:00+05:30,32.2,0.0,0.0,0.0,20.2,19.7,1.53,0.983,0.0,1.0,0.8587639582758029,0.5123714121284237
3409329,"Deonar, Mumbai - IITM",ME,2026-03-03 00:00:00+05:30,71.4,0.0,0.0,0.0,21.5,30.2,2.13,1.49,0.0,1.0,0.8674563547295969,0.49751328890718066
3409329,"Deonar, Mumbai - IITM",ME,2026-03-04 00:00:00+05:30,42.1,0.0,0.0,0.0,22.5,26.9,2.8,0.812,0.0,1.0,0.8758917051442429,0.48250774176121847
3409329,"Deonar, Mumbai - IITM",ME,2026-03-05 00:00:00+05:30,33.2,0.0,0.0,0.0,25.8,25.4,3.47,0.706,0.0,1.0,0.8840675099433636,0.4673592171580022
3409329,"Deonar, Mumbai - IITM",ME,2026-03-06 00:00:00+05:30,22.0,0.0,0.0,0.0,31.1,24.1,3.14,0.556,0.0,1.0,0.8919813464595485,0.45207220393230435
3409329,"Deonar, Mumbai - IITM",ME,2026-03-07 00:00:00+05:30,30.4,0.0,0.0,0.0,33.3,26.4,1.65,1.29,0.0,1.0,0.8996308696522433,0.43665123195606403
3409329,"Deonar, Mumbai - IITM",ME,2026-03-08 00:00:00+05:30,52.8,0.0,0.0,0.0,28.5,29.2,3.18,1.47,0.0,1.0,0.9070138128026359,0.4211008707960896
3409329,"Deonar, Mumbai - IITM",ME,2026-03-09 00:00:00+05:30,46.2,0.0,0.0,0.0,33.8,29.0,85.7,1.1,0.0,1.0,0.9141279881853337,0.40542572835999735
3409329,"Deonar, Mumbai - IITM",ME,2026-03-10 00:00:00+05:30,41.6,0.0,0.0,0.0,47.3,56.6,5.48,1.43,0.0,1.0,0.9209712877166346,0.38963044953078796
3409329,"Deonar, Mumbai - IITM",ME,2026-03-11 00:00:00+05:30,48.0,0.0,0.0,0.0,26.7,27.3,1.74,1.17,0.0,1.0,0.9275416835791966,0.37371971479046906
3409329,"Deonar, Mumbai - IITM",ME,2026-03-12 00:00:00+05:30,45.5,0.0,0.0,0.0,15.7,29.6,0.262,1.2,0.0,1.0,0.9338372288229252,0.35769823883312546
3409329,"Deonar, Mumbai - IITM",ME,2026-03-13 00:00:00+05:30,43.3,0.0,0.0,0.0,23.3,32.9,0.225,1.02,0.0,1.0,0.9398560579418954,0.3415707691678556
3409329,"Deonar, Mumbai - IITM",ME,2026-03-14 00:00:00+05:30,37.6,0.0,0.0,0.0,23.2,24.1,0.692,0.907,0.0,1.0,0.9455963874271426,0.3253420847119801
3409329,"Deonar, Mumbai - IITM",ME,2026-03-15 00:00:00+05:30,26.2,0.0,0.0,0.0,9.38,19.9,0.888,0.637,0.0,1.0,0.9510565162951535,0.30901699437494745
3409329,"Deonar, Mumbai - IITM",ME,2026-03-16 00:00:00+05:30,18.1,0.0,0.0,0.0,13.5,20.1,0.184,0.641,0.0,1.0,0.9562348265919056,0.29260033563334836
3409329,"Deonar, Mumbai - IITM",ME,2026-03-17 00:00:00+05:30,23.5,0.0,0.0,0.0,13.4,21.4,1.26,0.613,0.0,1.0,0.9611297838723007,0.27609697309746883
3409329,"Deonar, Mumbai - IITM",ME,2026-03-18 00:00:00+05:30,25.4,0.0,0.0,0.0,16.4,21.9,1.74,0.772,0.0,1.0,0.9657399376548549,0.2595117970697999
3409329,"Deonar, Mumbai - IITM",ME,2026-03-19 00:00:00+05:30,18.6,0.0,0.0,0.0,9.07,18.1,0.656,0.697,0.0,1.0,0.9700639218515071,0.2428497220959356
3409329,"Deonar, Mumbai - IITM",ME,2026-03-20 00:00:00+05:30,21.8,0.0,0.0,0.0,15.2,20.8,4.57,0.861,0.0,1.0,0.9741004551724205,0.22611568550828828
3409329,"Deonar, Mumbai - IITM",ME,2026-03-21 00:00:00+05:30,25.9,0.0,0.0,0.0,16.7,31.0,2.28,1.08,0.0,1.0,0.9778483415056568,0.20931464596304847
3409329,"Deonar, Mumbai - IITM",ME,2026-03-22 00:00:00+05:30,33.8,0.0,0.0,0.0,20.3,37.7,3.07,0.953,0.0,1.0,0.9813064702716093,0.19245158197082998
3409329,"Deonar, Mumbai - IITM",ME,2026-03-23 00:00:00+05:30,37.9,0.0,0.0,0.0,25.0,33.1,3.02,1.12,0.0,1.0,0.9844738167520922,0.1755314904214282
3409329,"Deonar, Mumbai - IITM",ME,2026-03-24 00:00:00+05:30,39.5,0.0,0.0,0.0,17.2,32.4,2.78,1.12,0.0,1.0,0.9873494423939864,0.15855938510313475
3409329,"Deonar, Mumbai - IITM",ME,2026-03-25 00:00:00+05:30,28.4,0.0,0.0,0.0,12.7,32.1,1.07,0.727,0.0,1.0,0.989932495087353,0.141540295217043
3409329,"Deonar, Mumbai - IITM",ME,2026-03-26 00:00:00+05:30,38.5,0.0,0.0,0.0,23.9,44.9,1.2,1.04,0.0,1.0,0.9922222094179323,0.12447926388678915
3409329,"Deonar, Mumbai - IITM",ME,2026-03-27 00:00:00+05:30,38.6,0.0,0.0,0.0,23.6,33.2,2.42,0.823,0.0,1.0,0.994217906893952,0.10738134666416309
3409329,"Deonar, Mumbai - IITM",ME,2026-03-28 00:00:00+05:30,18.5,0.0,0.0,0.0,8.82,22.9,0.329,0.581,0.0,1.0,0.995918996147179,0.09025161003104117
3409329,"Deonar, Mumbai - IITM",ME,2026-03-29 00:00:00+05:30,25.2,0.0,0.0,0.0,8.6,15.1,0.394,0.726,0.0,1.0,0.9973249731081555,0.07309512989807777
3409329,"Deonar, Mumbai - IITM",ME,2026-03-30 00:00:00+05:30,27.9,0.0,0.0,0.0,9.2,13.7,0.692,0.939,0.0,1.0,0.9984354211555643,0.055916990100603484
3409329,"Deonar, Mumbai - IITM",ME,2026-03-31 00:00:00+05:30,19.8,0.0,0.0,0.0,5.51,5.11,0.332,0.77,0.0,1.0,0.9992500112396835,0.03872228089217446
3409329,"Deonar, Mumbai - IITM",ME,2026-04-01 00:00:00+05:30,21.1,0.0,0.0,0.0,10.5,76.6,212.0,0.489,0.0,1.0,0.9997685019798909,0.021516097436222254
3409329,"Deonar, Mumbai - IITM",ME,2026-04-02 00:00:00+05:30,23.8,0.0,0.0,0.0,13.0,16.0,0.584,0.423,0.0,1.0,0.9999907397361901,0.004303538296244289
3409329,"Deonar, Mumbai - IITM",ME,2026-04-03 00:00:00+05:30,25.8,0.0,0.0,0.0,12.8,17.6,2.27,0.975,0.0,1.0,0.9999166586547379,-0.01291029607500882
3409329,"Deonar, Mumbai - IITM",ME,2026-04-04 00:00:00+05:30,23.7,0.0,0.0,0.0,7.49,15.6,2.44,1.2,0.0,1.0,0.9995462806873573,-0.030120304846908114
3409329,"Deonar, Mumbai - IITM",ME,2026-04-05 00:00:00+05:30,16.4,,,,9.6,23.7,2.38,0.737,,,0.9988797155850336,-0.04732138832243185
3409329,"Deonar, Mumbai - IITM",ME,2026-04-06 00:00:00+05:30,14.8,,,,10.5,29.2,1.56,0.322,,,0.9979171608653922,-0.06450844944931623
3409329,"Deonar, Mumbai - IITM",ME,2026-04-07 00:00:00+05:30,25.9,,,,11.5,27.0,2.94,0.53,,,0.9966589017541702,-0.08167639533042241
3409329,"Deonar, Mumbai - IITM",ME,2026-04-08 00:00:00+05:30,22.5,,,,8.81,11.1,1.85,0.704,,,0.9951053111006976,-0.09882013873287143
3409329,"Deonar, Mumbai - IITM",ME,2026-04-09 00:00:00+05:30,34.1,,,,12.6,13.2,2.3,0.808,,,0.9932568492674143,-0.11593459959550041
3409329,"Deonar, Mumbai - IITM",ME,2026-04-10 00:00:00+05:30,55.5,,,,19.4,25.0,2.56,0.932,,,0.9911140639934547,-0.1330147065341959
3409329,"Deonar, Mumbai - IITM",ME,2026-04-11 00:00:00+05:30,58.7,,,,15.8,42.3,1.36,1.12,,,0.9886775902323405,-0.1500553983446526
3409329,"Deonar, Mumbai - IITM",ME,2026-04-12 00:00:00+05:30,58.9,,,,14.6,32.7,1.24,1.21,,,0.9859481499638304,-0.16705162550211924
3409329,"Deonar, Mumbai - IITM",ME,2026-04-13 00:00:00+05:30,44.4,,,,9.17,19.7,1.5,1.24,,,0.9829265519799822,-0.18399835165768005
3409329,"Deonar, Mumbai - IITM",ME,2026-04-14 00:00:00+05:30,54.8,,,,11.6,29.2,0.647,1.17,,,0.9796136916454901,-0.20089055513063506
3409329,"Deonar, Mumbai - IITM",ME,2026-04-15 00:00:00+05:30,29.5,,,,15.7,27.5,2.45,1.13,,,0.9760105506323683,-0.21772323039653177
3409329,"Deonar, Mumbai - IITM",ME,2026-04-16 00:00:00+05:30,28.4,,,,12.0,19.5,1.58,0.974,,,0.9721181966290613,-0.23449138957040985
3409329,"Deonar, Mumbai - IITM",ME,2026-04-17 00:00:00+05:30,30.1,,,,11.6,21.5,2.2,1.21,,,0.9679377830240642,-0.25119006388481935
3409329,"Deonar, Mumbai - IITM",ME,2026-04-18 00:00:00+05:30,36.2,,,,15.5,26.5,2.15,1.28,,,0.9634705485641488,-0.2678143051621742
3409329,"Deonar, Mumbai - IITM",ME,2026-04-19 00:00:00+05:30,45.0,,,,14.7,23.8,2.56,1.25,,,0.9587178169872964,-0.2843591872810034
3409329,"Deonar, Mumbai - IITM",ME,2026-04-20 00:00:00+05:30,27.2,0.0,0.0,0.0,9.59,19.0,1.5,1.07,0.0,1.0,0.9536809966304457,-0.30081980763566735
3409329,"Deonar, Mumbai - IITM",ME,2026-04-21 00:00:00+05:30,44.9,0.0,0.0,0.0,14.4,36.6,1.22,1.09,0.0,1.0,0.9483615800121715,-0.3171912885891061
3409329,"Deonar, Mumbai - IITM",ME,2026-04-22 00:00:00+05:30,41.9,0.0,0.0,0.0,18.0,11.5,1.67,1.29,0.0,1.0,0.9427611433904207,-0.3334687789181868
3409329,"Deonar, Mumbai - IITM",ME,2026-04-23 00:00:00+05:30,43.7,0.0,0.0,0.0,20.2,32.5,2.61,1.08,0.0,1.0,0.9368813462954315,-0.3496474552512284
3409329,"Deonar, Mumbai - IITM",ME,2026-04-24 00:00:00+05:30,39.8,0.0,0.0,0.0,22.6,27.1,4.44,1.35,0.0,1.0,0.9307239310379795,-0.36572252349726897
3409329,"Deonar, Mumbai - IITM",ME,2026-04-25 00:00:00+05:30,46.2,0.0,0.0,0.0,21.3,37.8,3.51,1.16,0.0,1.0,0.9242907221930933,-0.3816892202666588
3409329,"Deonar, Mumbai - IITM",ME,2026-04-26 00:00:00+05:30,32.7,0.0,0.0,0.0,11.7,25.6,3.25,0.899,0.0,1.0,0.9175836260593937,-0.39754281428255595
3409329,"Deonar, Mumbai - IITM",ME,2026-04-27 00:00:00+05:30,25.3,0.0,0.0,0.0,9.7,17.0,6.26,1.06,0.0,1.0,0.9106046300942162,-0.4132786077829042
3409329,"Deonar, Mumbai - IITM",ME,2026-04-28 00:00:00+05:30,25.6,0.0,0.0,0.0,8.14,13.3,2.45,1.18,0.0,1.0,0.9033558023246845,-0.4288919379124835
3409329,"Deonar, Mumbai - IITM",ME,2026-04-29 00:00:00+05:30,20.1,0.0,0.0,0.0,6.59,11.8,2.39,1.16,0.0,1.0,0.895839290734909,-0.4443781781046132
3409329,"Deonar, Mumbai - IITM",ME,2026-04-30 00:00:00+05:30,17.3,0.0,0.0,0.0,6.5,13.1,1.9,1.23,0.0,1.0,0.8880573226294932,-0.45973273945210397
3409329,"Deonar, Mumbai - IITM",ME,2026-05-04 00:00:00+05:30,16.9,0.0,0.0,0.0,5.67,19.2,11.2,1.01,0.0,1.0,0.854322169749827,-0.5197438121555155
3409329,"Deonar, Mumbai - IITM",ME,2026-05-05 00:00:00+05:30,13.0,0.0,0.0,0.0,2.26,20.3,4.93,1.06,0.0,1.0,0.8452490573530633,-0.5343725582809786
3409329,"Deonar, Mumbai - IITM",ME,2026-05-06 00:00:00+05:30,17.9,0.0,0.0,0.0,8.92,28.4,2.16,0.856,0.0,1.0,0.8359254794186372,-0.548842958284719
3409329,"Deonar, Mumbai - IITM",ME,2026-05-07 00:00:00+05:30,17.8,0.0,0.0,0.0,7.92,52.8,84.8,1.05,0.0,1.0,0.8263541987239096,-0.5631507242749186
3409329,"Deonar, Mumbai - IITM",ME,2026-05-08 00:00:00+05:30,25.6,0.0,0.0,0.0,12.8,23.9,1.81,1.25,0.0,1.0,0.8165380514459161,-0.5772916165517272
3409329,"Deonar, Mumbai - IITM",ME,2026-05-09 00:00:00+05:30,26.1,0.0,0.0,0.0,14.5,20.6,2.66,1.37,0.0,1.0,0.8064799463209448,-0.5912614448635781
3409329,"Deonar, Mumbai - IITM",ME,2026-05-10 00:00:00+05:30,33.8,0.0,0.0,0.0,15.4,28.4,2.56,1.42,0.0,1.0,0.7961828637826158,-0.6050560696488488
3409329,"Deonar, Mumbai - IITM",ME,2026-05-11 00:00:00+05:30,21.8,0.0,0.0,0.0,14.3,24.0,1.67,1.31,0.0,1.0,0.7856498550787147,-0.6186714032625031
3409329,"Deonar, Mumbai - IITM",ME,2026-05-12 00:00:00+05:30,21.6,0.0,0.0,0.0,12.3,15.7,1.95,1.15,0.0,1.0,0.7748840413670407,-0.6321034111873487
3409329,"Deonar, Mumbai - IITM",ME,2026-05-13 00:00:00+05:30,15.7,0.0,0.0,0.0,7.67,15.3,2.51,1.08,0.0,1.0,0.7638886127905428,-0.6453481132295501
3409329,"Deonar, Mumbai - IITM",ME,2026-05-14 00:00:00+05:30,13.6,0.0,0.0,0.0,8.09,16.8,2.92,1.18,0.0,1.0,0.7526668275320085,-0.6584015846980488
3409329,"Deonar, Mumbai - IITM",ME,2026-05-15 00:00:00+05:30,13.3,0.0,0.0,0.0,7.17,15.1,3.1,1.16,0.0,1.0,0.7412220108485958,-0.6712599575675313
3409329,"Deonar, Mumbai - IITM",ME,2026-05-16 00:00:00+05:30,9.82,0.0,0.0,0.0,7.56,14.2,2.22,1.24,0.0,1.0,0.7295575540864875,-0.6839194216246106
3409329,"Deonar, Mumbai - IITM",ME,2026-05-17 00:00:00+05:30,11.5,0.0,0.0,0.0,7.54,14.9,2.45,1.28,0.0,1.0,0.717676913675962,-0.6963762255968722
3409329,"Deonar, Mumbai - IITM",ME,2026-05-18 00:00:00+05:30,16.6,0.0,0.0,0.0,6.93,13.6,2.24,1.19,0.0,1.0,0.705583610107178,-0.7086266782644596
3409329,"Deonar, Mumbai - IITM",ME,2026-05-19 00:00:00+05:30,12.5,0.0,0.0,0.0,7.34,15.3,2.34,1.02,0.0,1.0,0.6932812268869777,-0.7206671495538609
3409329,"Deonar, Mumbai - IITM",ME,2026-05-20 00:00:00+05:30,9.14,0.0,0.0,0.0,6.42,11.8,2.72,0.939,0.0,1.0,0.6807734094770161,-0.7324940716135789
3409329,"Deonar, Mumbai - IITM",ME,2026-05-21 00:00:00+05:30,7.94,0.0,0.0,0.0,6.8,11.5,2.02,0.949,0.0,1.0,0.6680638642135335,-0.7441039398713607
3409329,"Deonar, Mumbai - IITM",ME,2026-05-22 00:00:00+05:30,6.1,0.0,0.0,0.0,6.31,10.3,2.22,0.921,0.0,1.0,0.6551563572090853,-0.7554933140726803
3409329,"Deonar, Mumbai - IITM",ME,2026-05-23 00:00:00+05:30,9.87,0.0,0.0,0.0,8.1,8.14,2.87,1.08,0.0,1.0,0.6420547132365637,-0.766658819300159
3409329,"Deonar, Mumbai - IITM",ME,2026-05-24 00:00:00+05:30,4.2,0.0,0.0,0.0,4.87,9.43,3.19,1.06,0.0,1.0,0.6287628145958344,-0.7775971469736269
3409329,"Deonar, Mumbai - IITM",ME,2026-05-25 00:00:00+05:30,6.83,0.0,0.0,0.0,5.0,9.55,2.86,1.11,0.0,1.0,0.6152845999633276,-0.7883050558305255
3409329,"Deonar, Mumbai - IITM",ME,2026-05-26 00:00:00+05:30,7.25,0.0,0.0,0.0,4.79,8.89,3.39,1.11,0.0,1.0,0.6016240632249226,-0.7987793728863649
3409329,"Deonar, Mumbai - IITM",ME,2026-05-27 00:00:00+05:30,7.13,0.0,0.0,0.0,5.49,9.8,2.72,0.863,0.0,1.0,0.5877852522924732,-0.8090169943749473
3409329,"Deonar, Mumbai - IITM",ME,2026-05-28 00:00:00+05:30,9.89,0.0,0.0,0.0,4.79,13.2,2.88,0.811,0.0,1.0,0.5737722679043246,-0.8190148866680801
3409329,"Deonar, Mumbai - IITM",ME,2026-05-29 00:00:00+05:30,11.4,0.0,0.0,0.0,5.52,11.8,2.45,0.903,0.0,1.0,0.5595892624101765,-0.8287700871745038
3409329,"Deonar, Mumbai - IITM",ME,2026-05-30 00:00:00+05:30,12.0,0.0,0.0,0.0,5.33,7.25,2.24,0.994,0.0,1.0,0.545240438540651,-0.8382797052177744
3409329,"Deonar, Mumbai - IITM",ME,2026-06-01 00:00:00+05:30,7.39,0.0,0.0,0.0,6.67,21.5,78.0,0.696,0.0,1.0,0.5160623910158528,-0.8565509959010036
3409329,"Deonar, Mumbai - IITM",ME,2026-06-02 00:00:00+05:30,17.7,0.0,0.0,0.0,5.67,16.5,0.315,1.38,0.0,1.0,0.5012418134457758,-0.865307254363206
3409329,"Deonar, Mumbai - IITM",ME,2026-06-03 00:00:00+05:30,13.8,0.0,0.0,0.0,11.0,21.8,0.648,1.04,0.0,1.0,0.48627270710868997,-0.8738071036110808
3409329,"Deonar, Mumbai - IITM",ME,2026-06-04 00:00:00+05:30,12.1,0.0,0.0,0.0,8.36,12.8,0.859,1.09,0.0,1.0,0.4711595076738638,-0.8820480249558537
3409329,"Deonar, Mumbai - IITM",ME,2026-06-05 00:00:00+05:30,18.9,0.0,0.0,0.0,7.62,11.1,1.04,1.05,0.0,1.0,0.4559066935084588,-0.8900275764346767
3409329,"Deonar, Mumbai - IITM",ME,2026-06-06 00:00:00+05:30,17.9,0.0,0.0,0.0,7.22,12.1,1.5,0.963,0.0,1.0,0.440518784350495,-0.8977433935342337
3409329,"Deonar, Mumbai - IITM",ME,2026-06-07 00:00:00+05:30,19.5,0.0,0.0,0.0,6.18,12.3,1.21,0.737,0.0,1.0,0.42500033996955416,-0.9051931898913974
3409329,"Deonar, Mumbai - IITM",ME,2026-06-08 00:00:00+05:30,18.3,0.0,0.0,0.0,5.21,12.7,0.704,0.776,0.0,1.0,0.4093559588156213,-0.9123747579707273
3409329,"Deonar, Mumbai - IITM",ME,2026-06-09 00:00:00+05:30,17.5,0.0,0.0,0.0,4.85,12.4,1.05,1.05,0.0,1.0,0.39359027665646673,-0.9192859697186104
3409329,"Deonar, Mumbai - IITM",ME,2026-06-10 00:00:00+05:30,19.8,0.0,0.0,0.0,6.46,12.4,1.23,1.03,0.0,1.0,0.3777079652039649,-0.9259247771938498
3409329,"Deonar, Mumbai - IITM",ME,2026-06-11 00:00:00+05:30,18.2,0.0,0.0,0.0,5.87,14.2,0.444,0.882,0.0,1.0,0.36171373072976765,-0.9322892131745133
3409329,"Deonar, Mumbai - IITM",ME,2026-06-12 00:00:00+05:30,16.0,0.0,0.0,0.0,5.79,13.3,0.807,1.05,0.0,1.0,0.3456123126707335,-0.9383773917408641
3409329,"Deonar, Mumbai - IITM",ME,2026-06-13 00:00:00+05:30,15.9,0.0,0.0,0.0,5.82,12.9,0.761,0.958,0.0,1.0,0.3294084822245304,-0.9441875088341993
3409329,"Deonar, Mumbai - IITM",ME,2026-06-14 00:00:00+05:30,14.6,0.0,0.0,0.0,4.87,14.3,0.721,0.811,0.0,1.0,0.3131070409358269,-0.9497178427914316
3409329,"Deonar, Mumbai - IITM",ME,2026-06-15 00:00:00+05:30,14.9,0.0,0.0,0.0,4.86,13.4,0.917,0.987,0.0,1.0,0.29671281927349075,-0.9549667548552551
3409329,"Deonar, Mumbai - IITM",ME,2026-06-16 00:00:00+05:30,13.2,0.0,0.0,0.0,5.78,10.6,1.4,1.08,0.0,1.0,0.28023067519921585,-0.9599326896597447
3409329,"Deonar, Mumbai - IITM",ME,2026-06-17 00:00:00+05:30,12.7,0.0,0.0,0.0,5.88,12.1,0.358,0.936,0.0,1.0,0.26366549272800704,-0.9646141756912435
3409329,"Deonar, Mumbai - IITM",ME,2026-06-18 00:00:00+05:30,14.6,0.0,0.0,0.0,6.22,11.9,0.637,0.983,0.0,1.0,0.24702218048093552,-0.9690098257244062
3409329,"Deonar, Mumbai - IITM",ME,2026-06-19 00:00:00+05:30,14.2,0.0,0.0,0.0,8.24,11.1,2.72,1.07,0.0,1.0,0.23030567023061221,-0.9731183372332619
3409329,"Deonar, Mumbai - IITM",ME,2026-06-20 00:00:00+05:30,16.4,0.0,0.0,0.0,6.74,11.4,6.85,1.02,0.0,1.0,0.21352091543979612,-0.9769384927771817
3409329,"Deonar, Mumbai - IITM",ME,2026-06-21 00:00:00+05:30,14.1,0.0,0.0,0.0,6.71,11.9,6.92,1.05,0.0,1.0,0.19667288979357647,-0.980469160361632
3409329,"Deonar, Mumbai - IITM",ME,2026-06-22 00:00:00+05:30,13.3,0.0,0.0,0.0,7.18,7.49,6.66,1.08,0.0,1.0,0.1797665857255624,-0.9837092937736097
3409329,"Deonar, Mumbai - IITM",ME,2026-06-23 00:00:00+05:30,13.0,0.0,0.0,0.0,9.49,3.02,6.52,1.29,0.0,1.0,0.16280701293851715,-0.986657932891657
3409329,"Deonar, Mumbai - IITM",ME,2026-06-25 00:00:00+05:30,13.7,0.0,0.0,0.0,9.35,7.33,5.68,0.792,0.0,1.0,0.12874817745258132,-0.99167731989929
3409329,"Deonar, Mumbai - IITM",ME,2026-06-26 00:00:00+05:30,18.9,0.0,0.0,0.0,8.37,9.99,5.7,0.93,0.0,1.0,0.11165900712169512,-0.993746580436178
3409479,"Mindspace-Malad West, Mumbai - MPCB",PN,2025-10-11 00:00:00+05:30,53.4,29.0,62.3,0.589,14.4,25.1,12.0,0.802,0.5877852522924732,-0.8090169943749473,-0.9873494423939864,0.15855938510313475
3409479,"Mindspace-Malad West, Mumbai - MPCB",PN,2025-10-12 00:00:00+05:30,53.8,29.0,60.5,0.671,14.5,25.0,12.0,0.8,0.6819983600624985,-0.7313537016191705,-0.9844738167520923,0.17553149042142777
3409479,"Mindspace-Malad West, Mumbai - MPCB",PN,2025-10-13 00:00:00+05:30,56.1,29.1,63.2,0.804,13.5,23.3,11.2,0.748,0.40673664307580043,-0.9135454576426008,-0.9813064702716093,0.19245158197082995
3409479,"Mindspace-Malad West, Mumbai - MPCB",PN,2025-10-14 00:00:00+05:30,69.7,29.2,61.4,0.765,19.8,31.5,10.5,0.855,0.6156614753256584,-0.7880107536067219,-0.9778483415056567,0.20931464596304888
3409479,"Mindspace-Malad West, Mumbai - MPCB",PN,2025-10-15 00:00:00+05:30,71.1,29.2,,0.587,32.1,24.3,6.66,1.03,0.5299192642332049,-0.848048096156426,-0.9741004551724206,0.22611568550828803
3409479,"Mindspace-Malad West, Mumbai - MPCB",PN,2025-10-16 00:00:00+05:30,45.5,29.3,66.7,0.555,33.6,26.9,6.47,1.01,0.3255681544571566,-0.9455185755993168,-0.970063921851507,0.2428497220959358
3409479,"Mindspace-Malad West, Mumbai - MPCB",PN,2025-10-17 00:00:00+05:30,42.3,29.2,62.1,0.627,26.9,26.6,8.41,0.859,0.2249510543438652,-0.9743700647852351,-0.965739937654855,0.25951179706979943
3409479,"Mindspace-Malad West, Mumbai - MPCB",PN,2025-10-18 00:00:00+05:30,68.6,29.1,60.9,0.701,28.2,25.6,12.0,0.965,0.2756373558169992,-0.9612616959383189,-0.9611297838723007,0.27609697309746883
3409479,"Mindspace-Malad West, Mumbai - MPCB",PN,2025-10-19 00:00:00+05:30,84.0,29.0,61.2,0.657,26.7,30.1,12.0,1.01,0.5591929034707469,-0.8290375725550416,-0.9562348265919058,0.2926003356333479
3409479,"Mindspace-Malad West, Mumbai - MPCB",PN,2025-10-20 00:00:00+05:30,,29.0,65.3,0.532,34.5,26.7,12.0,1.21,0.49999999999999994,-0.8660254037844387,-0.9510565162951536,0.30901699437494723
3409479,"Mindspace-Malad West, Mumbai - MPCB",PN,2025-10-21 00:00:00+05:30,104.0,29.0,56.7,0.697,21.2,26.2,12.1,0.778,0.4694715627858907,-0.882947592858927,-0.9455963874271428,0.3253420847119795
3409479,"Mindspace-Malad West, Mumbai - MPCB",PN,2025-10-22 00:00:00+05:30,82.7,29.0,65.4,0.583,21.5,23.9,12.0,0.863,0.05233595624294381,-0.9986295347545738,-0.9398560579418953,0.341570769167856
3409479,"Mindspace-Malad West, Mumbai - MPCB",PN,2025-10-23 00:00:00+05:30,,29.0,60.6,0.468,20.6,22.3,12.0,0.779,0.39073112848927377,-0.9205048534524404,-0.9338372288229252,0.35769823883312546
3409479,"Mindspace-Malad West, Mumbai - MPCB",PN,2025-10-24 00:00:00+05:30,,29.0,67.1,0.537,18.2,23.3,11.9,0.771,0.45399049973954686,-0.8910065241883678,-0.9275416835791965,0.3737197147904692
3409479,"Mindspace-Malad West, Mumbai - MPCB",PN,2025-10-25 00:00:00+05:30,,29.0,71.6,0.593,18.7,21.3,11.9,0.624,0.49999999999999994,-0.8660254037844387,-0.9209712877166347,0.38963044953078774
3409479,"Mindspace-Malad West, Mumbai - MPCB",PN,2025-10-26 00:00:00+05:30,5.42,29.0,71.4,0.489,29.3,15.4,12.0,0.649,0.9907478404714436,0.1357155724343044,-0.9141279881853337,0.4054257283599973
3409479,"Mindspace-Malad West, Mumbai - MPCB",PN,2025-10-27 00:00:00+05:30,,29.0,76.2,0.533,19.5,21.7,9.54,0.645,0.3255681544571566,-0.9455185755993168,-0.9070138128026362,0.42110087079608916
3409479,"Mindspace-Malad West, Mumbai - MPCB",PN,2025-10-28 00:00:00+05:30,,29.0,67.9,0.583,17.5,20.5,,0.756,0.9999984769132877,-0.001745328365898139,-0.8996308696522434,0.4366512319560638
3409479,"Mindspace-Malad West, Mumbai - MPCB",PN,2025-10-29 00:00:00+05:30,13.4,29.0,65.3,0.524,16.9,22.9,12.0,0.869,0.3583679495453002,-0.9335804264972017,-0.8919813464595487,0.45207220393230374
3409479,"Mindspace-Malad West, Mumbai - MPCB",PN,2025-10-30 00:00:00+05:30,7.21,29.0,73.2,0.436,22.7,20.2,12.0,0.771,0.7313537016191706,-0.6819983600624984,-0.8840675099433637,0.46735921715800205
3409479,"Mindspace-Malad West, Mumbai - MPCB",PN,2025-10-31 00:00:00+05:30,20.8,29.0,77.2,0.518,23.0,18.1,12.0,0.902,0.9983418166140283,-0.057564026959567194,-0.8758917051442433,0.48250774176121763
3409479,"Mindspace-Malad West, Mumbai - MPCB",PN,2025-11-01 00:00:00+05:30,25.1,29.0,78.1,0.541,17.4,24.9,12.0,0.735,0.8191520442889917,-0.5735764363510462,-0.8674563547295971,0.4975132889071803
3409479,"Mindspace-Malad West, Mumbai - MPCB",PN,2025-11-02 00:00:00+05:30,21.8,29.0,83.8,0.423,22.3,23.5,12.0,0.865,0.8660254037844387,-0.4999999999999998,-0.858763958275803,0.5123714121284235
3409479,"Mindspace-Malad West, Mumbai - MPCB",PN,2025-11-03 00:00:00+05:30,18.0,29.0,76.4,0.576,17.9,23.8,12.0,0.798,0.24192189559966773,-0.9702957262759965,-0.8498170915275277,0.5270777086423724
3409479,"Mindspace-Malad West, Mumbai - MPCB",PN,2025-11-04 00:00:00+05:30,17.6,29.0,71.1,0.713,16.1,19.9,11.9,0.783,-0.1045284632676535,-0.9945218953682733,-0.8406184056344783,0.5416278206559811
3409479,"Mindspace-Malad West, Mumbai - MPCB",PN,2025-11-05 00:00:00+05:30,24.0,29.0,67.3,0.765,16.9,12.5,12.0,0.748,0.6018150231520482,-0.7986355100472929,-0.8311706263658079,0.5560174366570446
3409479,"Mindspace-Malad West, Mumbai - MPCB",PN,2025-11-06 00:00:00+05:30,47.8,29.0,68.6,0.725,17.8,23.1,12.0,0.775,0.5446390350150273,-0.8386705679454239,-0.8214765533024145,0.5702422926917867
3409479,"Mindspace-Malad West, Mumbai - MPCB",PN,2025-11-07 00:00:00+05:30,45.6,29.0,62.4,0.759,29.2,20.3,12.0,0.937,0.7431448254773942,-0.6691306063588582,-0.8115390590073611,0.5842981736283683
3409479,"Mindspace-Malad West, Mumbai - MPCB",PN,2025-11-08 00:00:00+05:30,28.6,29.0,52.6,0.597,27.7,16.3,12.0,0.93,0.6946583704589971,-0.7193398003386513,-0.801361088174677,0.5981809144059158
3409479,"Mindspace-Malad West, Mumbai - MPCB",PN,2025-11-09 00:00:00+05:30,37.0,29.0,50.2,0.675,26.8,14.9,12.0,0.818,0.6819983600624985,-0.7313537016191705,-0.7909456567567774,0.6118864012687242
3409479,"Mindspace-Malad West, Mumbai - MPCB",PN,2025-11-10 00:00:00+05:30,56.8,29.0,59.6,0.511,54.5,4.66,12.0,1.44,0.7313537016191706,-0.6819983600624984,-0.780295851070776,0.6254105729852457
3409479,"Mindspace-Malad West, Mumbai - MPCB",PN,2025-11-11 00:00:00+05:30,35.8,29.0,,0.611,25.6,15.8,12.0,0.735,0.9909831997148363,-0.13398618541829208,-0.7694148268839381,0.6387494220515268
3409479,"Mindspace-Malad West, Mumbai - MPCB",PN,2025-11-12 00:00:00+05:30,50.3,29.0,,0.696,37.3,33.5,12.0,0.973,0.9271838545667874,-0.37460659341591207,-0.7583058084785625,0.6518989958787125
3409479,"Mindspace-Malad West, Mumbai - MPCB",PN,2025-11-13 00:00:00+05:30,54.4,29.0,,0.543,39.7,31.8,12.0,1.02,0.838670567945424,-0.5446390350150271,-0.7469720876965551,0.6648553979642866
3409479,"Mindspace-Malad West, Mumbai - MPCB",PN,2025-11-14 00:00:00+05:30,52.2,29.3,47.5,0.533,45.8,29.1,11.9,1.29,0.6560590289905073,-0.754709580222772,-0.7354170229639858,0.6776147890466887
3409479,"Mindspace-Malad West, Mumbai - MPCB",PN,2025-11-15 00:00:00+05:30,58.2,29.0,40.6,0.523,55.2,36.8,12.1,1.33,0.9396926207859084,-0.3420201433256687,-0.7236440382959124,0.690173388242972
3409479,"Mindspace-Malad West, Mumbai - MPCB",PN,2025-11-16 00:00:00+05:30,61.3,29.0,41.2,0.473,46.0,36.6,12.0,1.27,0.8910065241883679,-0.45399049973954675,-0.711656622281775,0.7025274741691566
3409479,"Mindspace-Malad West, Mumbai - MPCB",PN,2025-11-17 00:00:00+05:30,61.0,28.9,37.1,0.491,32.2,49.0,12.0,1.02,0.838670567945424,-0.5446390350150271,-0.6994583270516471,0.7146733860429608
3409479,"Mindspace-Malad West, Mumbai - MPCB",PN,2025-11-18 00:00:00+05:30,73.3,27.6,47.4,0.541,55.0,30.0,12.0,1.28,0.788010753606722,-0.6156614753256583,-0.6870527672236675,0.7266075247685652
3409479,"Mindspace-Malad West, Mumbai - MPCB",PN,2025-11-19 00:00:00+05:30,63.0,28.9,37.9,0.553,55.2,33.7,12.0,1.19,0.788010753606722,-0.6156614753256583,-0.6744436188329457,0.7383263540031063
3409479,"Mindspace-Malad West, Mumbai - MPCB",PN,2025-11-20 00:00:00+05:30,66.3,28.9,44.2,0.544,65.0,32.7,12.0,1.24,0.8987940462991669,-0.4383711467890775,-0.661634618242279,0.749826401204568
3409479,"Mindspace-Malad West, Mumbai - MPCB",PN,2025-11-21 00:00:00+05:30,80.1,29.2,47.3,0.576,51.3,32.0,12.0,1.25,0.788010753606722,-0.6156614753256583,-0.6486295610349818,0.7611042586607742
3409479,"Mindspace-Malad West, Mumbai - MPCB",PN,2025-11-22 00:00:00+05:30,88.5,29.3,59.9,0.659,65.3,20.4,12.0,1.84,0.6018150231520482,-0.7986355100472929,-0.6354323008901775,0.7721565844991641
3409479,"Mindspace-Malad West, Mumbai - MPCB",PN,2025-11-23 00:00:00+05:30,64.6,29.3,60.0,0.732,63.6,17.3,12.0,1.65,0.15643446504023098,-0.9876883405951377,-0.622046748440868,0.7829801036770624
3409479,"Mindspace-Malad West, Mumbai - MPCB",PN,2025-11-24 00:00:00+05:30,66.6,29.6,62.9,0.71,58.0,19.9,12.0,1.56,0.45399049973954686,-0.8910065241883678,-0.6084768701151264,0.7935716089521472
3409479,"Mindspace-Malad West, Mumbai - MPCB",PN,2025-11-25 00:00:00+05:30,77.5,29.6,64.8,0.69,54.1,24.7,12.0,1.47,0.19080899537654497,-0.981627183447664,-0.594726686960764,0.8039279618328208
3409479,"Mindspace-Malad West, Mumbai - MPCB",PN,2025-11-26 00:00:00+05:30,78.7,29.6,67.8,0.713,56.8,30.8,12.1,1.66,0.258819045102521,-0.9659258262890682,-0.5808002734538013,0.8140460935082175
3409479,"Mindspace-Malad West, Mumbai - MPCB",PN,2025-11-27 00:00:00+05:30,52.0,29.6,57.5,0.553,44.2,37.2,12.0,1.24,0.6691306063588583,-0.7431448254773941,-0.5667017562911184,0.8239230057575536
3409479,"Mindspace-Malad West, Mumbai - MPCB",PN,2025-11-28 00:00:00+05:30,44.1,29.5,57.5,0.477,49.4,22.1,12.0,1.38,0.7431448254773942,-0.6691306063588582,-0.5524353131676203,0.8335557718385695
3409479,"Mindspace-Malad West, Mumbai - MPCB",PN,2025-11-29 00:00:00+05:30,32.3,29.3,44.1,0.424,40.3,19.2,12.0,1.03,0.6293203910498374,-0.7771459614569709,-0.5380051715382992,0.8429415373547832
3409479,"Mindspace-Malad West, Mumbai - MPCB",PN,2025-11-30 00:00:00+05:30,30.3,28.6,41.9,0.499,52.6,27.9,12.0,1.15,0.5150380749100544,-0.8571673007021122,-0.5234156073655503,0.8520775211013093
3409479,"Mindspace-Malad West, Mumbai - MPCB",PN,2025-12-01 00:00:00+05:30,37.1,28.6,45.0,0.551,50.9,33.3,12.0,1.27,0.45399049973954686,-0.8910065241883678,-0.5086709438521042,0.8609610158889945
3409479,"Mindspace-Malad West, Mumbai - MPCB",PN,2025-12-02 00:00:00+05:30,49.8,28.7,53.4,0.577,66.7,22.1,12.0,1.71,0.5299192642332049,-0.848048096156426,-0.49377555015997737,0.8695893893466109
3409479,"Mindspace-Malad West, Mumbai - MPCB",PN,2025-12-03 00:00:00+05:30,50.0,29.1,46.6,0.586,56.7,19.9,12.0,1.43,0.6819983600624985,-0.7313537016191705,-0.4787338401157883,0.8779600847008883
3409479,"Mindspace-Malad West, Mumbai - MPCB",PN,2025-12-04 00:00:00+05:30,50.7,29.2,47.2,0.549,57.3,12.5,11.9,1.35,0.7547095802227721,-0.6560590289905072,-0.4635502709028512,0.8860706215341378
3409479,"Mindspace-Malad West, Mumbai - MPCB",PN,2025-12-05 00:00:00+05:30,45.4,29.8,44.9,,43.1,15.3,12.0,1.16,,,-0.4482293417404106,0.893918596519257
3409479,"Mindspace-Malad West, Mumbai - MPCB",PN,2025-12-06 00:00:00+05:30,35.8,29.6,44.2,,26.8,24.6,12.0,0.981,,,-0.4327755925504317,0.9015016841318838
3409479,"Mindspace-Malad West, Mumbai - MPCB",PN,2025-12-07 00:00:00+05:30,26.8,23.4,29.2,,23.2,23.0,12.1,0.749,,,-0.41719360261231697,0.9088176373395028
3409479,"Mindspace-Malad West, Mumbai - MPCB",PN,2025-12-08 00:00:00+05:30,43.8,28.0,,,49.4,17.8,11.9,1.25,,,-0.4014879892059737,0.9158642882672868
3409479,"Mindspace-Malad West, Mumbai - MPCB",PN,2025-12-09 00:00:00+05:30,,29.3,30.8,0.669,48.5,21.2,12.6,1.04,0.8090169943749475,-0.587785252292473,-0.38566340624360745,0.9226395488404875
3409479,"Mindspace-Malad West, Mumbai - MPCB",PN,2025-12-10 00:00:00+05:30,35.8,29.1,31.1,0.674,42.4,26.2,14.6,1.02,0.5735764363510459,-0.8191520442889919,-0.3697245428906732,0.9291414114031743
3409479,"Mindspace-Malad West, Mumbai - MPCB",PN,2025-12-11 00:00:00+05:30,56.5,28.6,56.5,0.617,36.8,52.8,12.9,0.976,0.5446390350150273,-0.8386705679454239,-0.3536761221763721,0.935367949313148
3409479,"Mindspace-Malad West, Mumbai - MPCB",PN,2025-12-12 00:00:00+05:30,46.6,28.1,,0.613,46.5,54.6,12.5,1.07,0.17364817766693028,-0.984807753012208,-0.33752289959411347,0.941317317512847
3409479,"Mindspace-Malad West, Mumbai - MPCB",PN,2025-12-13 00:00:00+05:30,48.1,28.5,,0.733,51.7,59.2,12.3,1.27,0.6156614753256584,-0.7880107536067219,-0.32126966169236515,0.9469877530760751
3409479,"Mindspace-Malad West, Mumbai - MPCB",PN,2025-12-14 00:00:00+05:30,,28.6,,0.633,39.6,50.3,16.6,0.902,0.7313537016191706,-0.6819983600624984,-0.3049212246562894,0.9523775757303973
3409479,"Mindspace-Malad West, Mumbai - MPCB",PN,2025-12-15 00:00:00+05:30,,28.6,,0.534,42.8,26.9,14.4,0.875,0.6018150231520482,-0.7986355100472929,-0.2884824328806098,0.9574851883550389
3409479,"Mindspace-Malad West, Mumbai - MPCB",PN,2025-12-16 00:00:00+05:30,50.0,28.8,66.0,0.685,33.4,42.3,15.6,0.599,0.8191520442889917,-0.5735764363510462,-0.27195815753410524,0.9623090774541487
3409479,"Mindspace-Malad West, Mumbai - MPCB",PN,2025-12-17 00:00:00+05:30,83.4,28.8,,0.563,46.6,22.1,13.0,1.28,0.3255681544571566,-0.9455185755993168,-0.2553532951161881,0.9668478136052773
3409479,"Mindspace-Malad West, Mumbai - MPCB",PN,2025-12-18 00:00:00+05:30,82.7,28.8,,0.713,44.3,21.3,12.8,1.46,0.24192189559966773,-0.9702957262759965,-0.23867276600594997,0.9711000518829505
3409479,"Mindspace-Malad West, Mumbai - MPCB",PN,2025-12-19 00:00:00+05:30,74.7,28.3,,,42.0,23.8,11.3,1.41,0.39073112848927377,-0.9205048534524404,-0.22192151300416674,0.9750645322571945
3409479,"Mindspace-Malad West, Mumbai - MPCB",PN,2025-12-20 00:00:00+05:30,22.4,28.6,,,36.2,12.7,10.6,1.03,,,-0.20510449986861926,0.9787400799669153
3409479,"Mindspace-Malad West, Mumbai - MPCB",PN,2025-12-21 00:00:00+05:30,,28.5,,,33.6,16.7,12.1,0.677,,,-0.1882267098432439,0.9821256058680006
3409479,"Mindspace-Malad West, Mumbai - MPCB",PN,2025-12-22 00:00:00+05:30,,28.4,,,41.3,17.7,12.3,0.0,,,-0.1712931441814778,0.9852201067560606
3409479,"Mindspace-Malad West, Mumbai - MPCB",PN,2025-12-23 00:00:00+05:30,43.6,28.6,76.4,,,21.3,13.6,0.268,,,-0.154308820664281,0.9880226656636976
3409479,"Mindspace-Malad West, Mumbai - MPCB",PN,2025-12-24 00:00:00+05:30,30.9,28.7,,0.445,29.8,19.4,13.7,0.97,0.12186934340514755,-0.992546151641322,-0.13727877211326517,0.9905324521322227
3409479,"Mindspace-Malad West, Mumbai - MPCB",PN,2025-12-25 00:00:00+05:30,49.1,28.4,,0.578,33.7,22.0,15.5,1.24,0.3420201433256689,-0.9396926207859083,-0.12020804489935275,0.9927487224577402
3409479,"Mindspace-Malad West, Mumbai - MPCB",PN,2025-12-26 00:00:00+05:30,61.7,28.4,,0.578,40.5,35.0,15.7,1.38,0.15643446504023098,-0.9876883405951377,-0.10310169744743544,0.9946708199115211
3409479,"Mindspace-Malad West, Mumbai - MPCB",PN,2025-12-27 00:00:00+05:30,61.7,28.5,,0.669,40.8,30.1,12.6,1.43,0.3420201433256689,-0.9396926207859083,-0.0859647987374467,0.9962981749346077
3409479,"Mindspace-Malad West, Mumbai - MPCB",PN,2025-12-28 00:00:00+05:30,66.1,28.4,,,43.9,30.3,16.1,1.62,0.17364817766693028,-0.984807753012208,-0.06880242680232064,0.9976303053065857
3409479,"Mindspace-Malad West, Mumbai - MPCB",PN,2025-12-29 00:00:00+05:30,55.7,28.7,,,37.9,45.6,17.9,1.29,,,-0.05161966722325418,0.9986668162884759
3409479,"Mindspace-Malad West, Mumbai - MPCB",PN,2025-12-30 00:00:00+05:30,65.3,28.0,,0.606,41.3,38.2,17.0,1.38,,,-0.034421611622745804,0.9994074007397048
3409479,"Mindspace-Malad West, Mumbai - MPCB",PN,2025-12-31 00:00:00+05:30,51.8,28.1,,0.674,32.5,25.8,11.5,1.16,,,-0.01721335615583528,0.9998518392091162
3409479,"Mindspace-Malad West, Mumbai - MPCB",PN,2026-01-01 00:00:00+05:30,23.1,28.4,,,22.1,11.9,7.97,0.989,,,0.0,1.0
3409479,"Mindspace-Malad West, Mumbai - MPCB",PN,2026-01-02 00:00:00+05:30,45.5,28.1,,0.473,30.6,15.2,11.0,1.13,-0.5000000000000001,-0.8660254037844386,0.017213356155834685,0.9998518392091162
3409479,"Mindspace-Malad West, Mumbai - MPCB",PN,2026-01-03 00:00:00+05:30,50.8,28.2,,0.612,35.2,13.3,15.2,1.32,-0.4067366430758002,-0.9135454576426009,0.03442161162274574,0.9994074007397048
3409479,"Mindspace-Malad West, Mumbai - MPCB",PN,2026-01-04 00:00:00+05:30,100.0,28.6,65.9,0.592,34.3,10.8,15.0,1.34,-0.2419218955996675,-0.9702957262759965,0.051619667223253764,0.998666816288476
3409479,"Mindspace-Malad West, Mumbai - MPCB",PN,2026-01-05 00:00:00+05:30,,28.9,62.3,0.508,33.5,17.0,19.9,1.36,-0.22495105434386498,-0.9743700647852352,0.06880242680231986,0.9976303053065857
3409479,"Mindspace-Malad West, Mumbai - MPCB",PN,2026-01-06 00:00:00+05:30,61.2,28.9,62.1,0.644,38.9,21.1,17.5,1.47,0.19080899537654497,-0.981627183447664,0.08596479873744647,0.9962981749346078
3409479,"Mindspace-Malad West, Mumbai - MPCB",PN,2026-01-07 00:00:00+05:30,,28.7,61.9,0.728,42.9,15.6,16.4,1.36,-0.34202014332566866,-0.9396926207859084,0.10310169744743485,0.9946708199115211
3409479,"Mindspace-Malad West, Mumbai - MPCB",PN,2026-01-08 00:00:00+05:30,,27.1,52.0,0.605,43.8,15.5,14.9,1.02,0.03489949670250114,-0.9993908270190958,0.1202080448993527,0.9927487224577402
3409479,"Mindspace-Malad West, Mumbai - MPCB",PN,2026-01-09 00:00:00+05:30,52.6,27.9,55.8,0.622,40.3,23.8,14.8,0.975,-0.6018150231520484,-0.7986355100472928,0.13727877211326478,0.9905324521322229
3409479,"Mindspace-Malad West, Mumbai - MPCB",PN,2026-01-10 00:00:00+05:30,50.1,27.8,51.9,0.722,37.2,28.1,15.8,0.757,-0.7660444431189779,-0.6427876096865395,0.15430882066428117,0.9880226656636976
3409479,"Mindspace-Malad West, Mumbai - MPCB",PN,2026-01-20 00:00:00+05:30,44.7,27.2,68.1,0.346,50.7,27.6,14.9,1.26,0.2249510543438652,-0.9743700647852351,0.3212696616923644,0.9469877530760753
3409479,"Mindspace-Malad West, Mumbai - MPCB",PN,2026-01-21 00:00:00+05:30,45.1,28.2,65.1,0.747,52.9,20.6,18.2,1.47,-0.35836794954530043,-0.9335804264972017,0.3375228995941133,0.9413173175128471
3409479,"Mindspace-Malad West, Mumbai - MPCB",PN,2026-01-22 00:00:00+05:30,52.8,28.4,61.4,0.77,43.5,20.6,20.0,1.16,-0.5446390350150271,-0.838670567945424,0.3536761221763716,0.9353679493131483
3409479,"Mindspace-Malad West, Mumbai - MPCB",PN,2026-01-23 00:00:00+05:30,34.5,28.0,68.9,0.732,18.4,11.9,16.0,0.514,-0.5735764363510462,-0.8191520442889918,0.3697245428906731,0.9291414114031743
3409479,"Mindspace-Malad West, Mumbai - MPCB",PN,2026-01-24 00:00:00+05:30,25.7,27.7,65.0,0.754,30.4,19.7,15.5,0.584,-0.8290375725550418,-0.5591929034707466,0.38566340624360707,0.9226395488404876
3409479,"Mindspace-Malad West, Mumbai - MPCB",PN,2026-01-25 00:00:00+05:30,52.2,27.9,69.1,0.856,32.9,20.6,16.2,0.779,-0.6018150231520484,-0.7986355100472928,0.401487989205973,0.9158642882672872
3409479,"Mindspace-Malad West, Mumbai - MPCB",PN,2026-01-26 00:00:00+05:30,154.0,28.3,71.3,0.769,32.2,29.8,15.0,1.24,-0.656059028990507,-0.7547095802227721,0.4171936026123168,0.9088176373395029
3409479,"Mindspace-Malad West, Mumbai - MPCB",PN,2026-01-27 00:00:00+05:30,,27.9,69.5,0.671,13.1,31.5,9.47,0.349,-0.8386705679454242,-0.544639035015027,0.4327755925504312,0.901501684131884
3409479,"Mindspace-Malad West, Mumbai - MPCB",PN,2026-01-28 00:00:00+05:30,43.6,27.8,60.6,0.645,22.4,39.2,12.3,0.428,-0.8090169943749473,-0.5877852522924732,0.4482293417404106,0.893918596519257
3409479,"Mindspace-Malad West, Mumbai - MPCB",PN,2026-01-29 00:00:00+05:30,49.9,28.2,58.2,0.598,44.1,25.2,14.0,0.924,-0.6018150231520484,-0.7986355100472928,0.4635502709028509,0.886070621534138
3409479,"Mindspace-Malad West, Mumbai - MPCB",PN,2026-01-30 00:00:00+05:30,50.6,28.6,73.4,0.642,30.7,15.2,11.5,1.2,-0.5591929034707467,-0.8290375725550417,0.47873384011578846,0.8779600847008882
3409479,"Mindspace-Malad West, Mumbai - MPCB",PN,2026-01-31 00:00:00+05:30,52.3,28.4,77.3,0.64,20.6,13.0,13.1,0.76,-0.848048096156426,-0.529919264233205,0.49377555015997715,0.869589389346611
3409479,"Mindspace-Malad West, Mumbai - MPCB",PN,2026-02-01 00:00:00+05:30,45.1,28.9,63.4,0.624,28.7,17.0,20.7,0.968,-0.5150380749100542,-0.8571673007021123,0.5086709438521044,0.8609610158889943
3409479,"Mindspace-Malad West, Mumbai - MPCB",PN,2026-02-02 00:00:00+05:30,50.0,29.0,56.4,0.704,37.5,17.0,25.6,1.4,-0.46947156278589086,-0.8829475928589269,0.5234156073655503,0.8520775211013093
3409479,"Mindspace-Malad West, Mumbai - MPCB",PN,2026-02-03 00:00:00+05:30,53.5,28.8,54.9,0.646,38.6,12.1,24.2,1.24,-0.7880107536067221,-0.6156614753256581,0.5380051715382996,0.8429415373547828
3409479,"Mindspace-Malad West, Mumbai - MPCB",PN,2026-02-04 00:00:00+05:30,53.0,30.3,41.3,0.598,28.3,25.9,30.2,0.704,-0.052335956242943564,-0.9986295347545738,0.5524353131676196,0.8335557718385699
3409479,"Mindspace-Malad West, Mumbai - MPCB",PN,2026-02-05 00:00:00+05:30,51.8,29.4,53.5,0.503,33.6,16.2,24.3,1.11,-0.17364817766693047,-0.984807753012208,0.5667017562911176,0.8239230057575542
3409479,"Mindspace-Malad West, Mumbai - MPCB",PN,2026-02-06 00:00:00+05:30,49.6,29.3,51.1,,36.9,13.2,21.1,0.847,,,0.5808002734538009,0.8140460935082178
3409479,"Mindspace-Malad West, Mumbai - MPCB",PN,2026-02-07 00:00:00+05:30,50.0,29.8,45.4,,40.0,23.0,26.6,0.789,-0.5446390350150271,-0.838670567945424,0.5947266869607634,0.8039279618328213
3409479,"Mindspace-Malad West, Mumbai - MPCB",PN,2026-02-08 00:00:00+05:30,55.9,28.8,40.1,,42.5,23.1,17.2,0.978,1.2246467991473532e-16,-1.0,0.6084768701151261,0.7935716089521474
3409479,"Mindspace-Malad West, Mumbai - MPCB",PN,2026-02-09 00:00:00+05:30,55.2,28.9,49.9,0.687,35.3,22.3,16.6,1.19,-0.961261695938319,-0.2756373558169989,0.6220467484408675,0.7829801036770629
3409479,"Mindspace-Malad West, Mumbai - MPCB",PN,2026-02-10 00:00:00+05:30,54.7,28.8,54.0,0.727,27.7,28.0,21.2,0.591,-0.7431448254773944,-0.6691306063588581,0.6354323008901774,0.7721565844991642
3409479,"Mindspace-Malad West, Mumbai - MPCB",PN,2026-02-11 00:00:00+05:30,55.5,29.1,48.3,0.66,37.3,26.5,20.3,0.718,-0.9205048534524403,-0.3907311284892738,0.6486295610349814,0.7611042586607747
3409479,"Mindspace-Malad West, Mumbai - MPCB",PN,2026-02-12 00:00:00+05:30,55.0,29.2,48.0,0.64,40.5,28.4,17.6,0.961,-0.7771459614569706,-0.6293203910498378,0.6616346182422783,0.7498264012045686
3409479,"Mindspace-Malad West, Mumbai - MPCB",PN,2026-02-13 00:00:00+05:30,53.7,29.0,50.7,0.713,45.1,23.6,15.2,1.13,-0.981627183447664,-0.1908089953765446,0.6744436188329455,0.7383263540031065
3409479,"Mindspace-Malad West, Mumbai - MPCB",PN,2026-02-14 00:00:00+05:30,53.0,29.5,57.4,0.654,52.1,26.1,15.7,1.25,-0.7431448254773944,-0.6691306063588581,0.6870527672236669,0.7266075247685656
3409479,"Mindspace-Malad West, Mumbai - MPCB",PN,2026-02-15 00:00:00+05:30,55.0,29.6,52.6,0.661,35.0,21.5,20.5,1.47,-0.9925461516413221,-0.12186934340514717,0.699458327051647,0.7146733860429609
3409479,"Mindspace-Malad West, Mumbai - MPCB",PN,2026-02-16 00:00:00+05:30,54.5,28.1,54.8,0.428,44.7,7.82,21.4,0.951,-0.45399049973954664,-0.8910065241883679,0.7116566222817746,0.7025274741691571
3409479,"Mindspace-Malad West, Mumbai - MPCB",PN,2026-02-17 00:00:00+05:30,54.6,29.4,43.9,0.85,13.2,22.1,20.6,0.248,-0.9205048534524403,-0.3907311284892738,0.7236440382959124,0.6901733882429719
3409479,"Mindspace-Malad West, Mumbai - MPCB",PN,2026-02-18 00:00:00+05:30,27.2,28.8,57.8,0.922,11.0,13.8,12.1,0.308,-0.9510565162951536,0.30901699437494723,0.7354170229639855,0.6776147890466889
3409479,"Mindspace-Malad West, Mumbai - MPCB",PN,2026-02-19 00:00:00+05:30,56.9,29.2,54.7,0.712,23.1,26.6,25.0,0.688,-0.9702957262759965,-0.24192189559966779,0.7469720876965552,0.6648553979642865
3409479,"Mindspace-Malad West, Mumbai - MPCB",PN,2026-02-20 00:00:00+05:30,72.6,29.3,57.1,0.702,36.4,19.4,24.0,1.11,,,0.7583058084785624,0.6518989958787126
3409479,"Mindspace-Malad West, Mumbai - MPCB",PN,2026-02-21 00:00:00+05:30,73.5,30.0,43.1,0.6,38.6,16.3,26.5,1.24,-0.629320391049838,-0.7771459614569705,0.7694148268839378,0.6387494220515272
3409479,"Mindspace-Malad West, Mumbai - MPCB",PN,2026-02-22 00:00:00+05:30,58.3,29.4,47.0,,34.6,12.9,23.1,1.09,-0.848048096156426,-0.529919264233205,0.7802958510707755,0.6254105729852463
3409479,"Mindspace-Malad West, Mumbai - MPCB",PN,2026-02-23 00:00:00+05:30,46.9,29.0,44.4,,33.1,16.5,20.7,0.772,-0.17364817766693047,-0.984807753012208,0.7909456567567772,0.6118864012687243
3409479,"Mindspace-Malad West, Mumbai - MPCB",PN,2026-02-24 00:00:00+05:30,43.8,29.4,55.8,0.663,24.5,18.6,19.9,0.76,-0.8191520442889916,-0.5735764363510464,0.8013610881746766,0.5981809144059165
3409479,"Mindspace-Malad West, Mumbai - MPCB",PN,2026-02-25 00:00:00+05:30,35.6,29.2,49.6,,19.9,10.8,19.8,0.507,-0.7431448254773944,-0.6691306063588581,0.8115390590073611,0.5842981736283684
3409479,"Mindspace-Malad West, Mumbai - MPCB",PN,2026-02-26 00:00:00+05:30,16.9,28.8,46.6,0.797,16.4,6.5,10.1,0.318,-0.754709580222772,-0.6560590289905073,0.8214765533024142,0.5702422926917871
3409479,"Mindspace-Malad West, Mumbai - MPCB",PN,2026-02-27 00:00:00+05:30,6.44,28.6,45.6,,14.1,6.82,8.61,0.249,-0.913545457642601,-0.4067366430758001,0.8311706263658079,0.5560174366570446
3409479,"Mindspace-Malad West, Mumbai - MPCB",PN,2026-02-28 00:00:00+05:30,5.52,28.7,43.6,,16.9,7.0,10.1,0.292,-0.9743700647852351,-0.22495105434386525,0.8406184056344782,0.5416278206559814
3409479,"Mindspace-Malad West, Mumbai - MPCB",PN,2026-03-01 00:00:00+05:30,11.2,28.8,40.4,0.781,16.9,10.5,9.57,0.331,-0.6819983600624984,-0.7313537016191706,0.8498170915275278,0.5270777086423722
3409479,"Mindspace-Malad West, Mumbai - MPCB",PN,2026-03-02 00:00:00+05:30,17.7,28.9,48.8,0.668,21.1,10.9,13.1,0.495,-0.32556815445715676,-0.9455185755993167,0.8587639582758029,0.5123714121284237
3409479,"Mindspace-Malad West, Mumbai - MPCB",PN,2026-03-03 00:00:00+05:30,67.4,29.5,41.9,0.765,25.4,17.1,21.1,1.06,-0.9902680687415703,-0.13917310096006583,0.8674563547295969,0.49751328890718066
3409479,"Mindspace-Malad West, Mumbai - MPCB",PN,2026-03-04 00:00:00+05:30,37.1,31.0,26.1,0.714,21.6,19.4,23.5,0.509,-0.9396926207859084,-0.34202014332566855,0.8758917051442429,0.48250774176121847
3409479,"Mindspace-Malad West, Mumbai - MPCB",PN,2026-03-05 00:00:00+05:30,25.8,31.9,,0.82,22.0,38.7,19.0,0.537,-0.882947592858927,-0.46947156278589075,0.8840675099433636,0.4673592171580022
3409479,"Mindspace-Malad West, Mumbai - MPCB",PN,2026-03-06 00:00:00+05:30,26.1,30.1,20.9,,22.2,14.2,19.1,0.509,,,0.8919813464595485,0.45207220393230435
3409479,"Mindspace-Malad West, Mumbai - MPCB",PN,2026-03-07 00:00:00+05:30,20.5,29.3,51.9,0.716,15.3,6.87,11.2,0.43,-0.9335804264972016,-0.3583679495453007,0.8996308696522433,0.43665123195606403
3409479,"Mindspace-Malad West, Mumbai - MPCB",PN,2026-03-08 00:00:00+05:30,46.2,30.4,38.9,,22.7,32.2,24.5,0.729,,,0.9070138128026359,0.4211008707960896
3409479,"Mindspace-Malad West, Mumbai - MPCB",PN,2026-03-09 00:00:00+05:30,43.8,30.8,23.4,,33.7,29.1,27.5,0.846,,,0.9141279881853337,0.40542572835999735
3409479,"Mindspace-Malad West, Mumbai - MPCB",PN,2026-03-10 00:00:00+05:30,88.9,31.0,32.3,0.871,23.1,38.0,28.3,0.732,-0.9612616959383188,0.2756373558169994,0.9209712877166346,0.38963044953078796
3409479,"Mindspace-Malad West, Mumbai - MPCB",PN,2026-03-11 00:00:00+05:30,41.6,29.8,50.4,0.762,24.7,5.76,13.6,0.719,-0.9945218953682734,-0.10452846326765336,0.9275416835791966,0.37371971479046906
3409479,"Mindspace-Malad West, Mumbai - MPCB",PN,2026-03-12 00:00:00+05:30,36.4,30.0,62.7,,18.0,4.88,6.35,0.656,-0.9743700647852351,-0.22495105434386525,0.9338372288229252,0.35769823883312546
3409479,"Mindspace-Malad West, Mumbai - MPCB",PN,2026-03-13 00:00:00+05:30,41.0,30.5,37.4,0.717,25.8,0.287,9.1,0.66,-0.9659258262890683,-0.25881904510252063,0.9398560579418954,0.3415707691678556
3409479,"Mindspace-Malad West, Mumbai - MPCB",PN,2026-03-14 00:00:00+05:30,16.6,30.7,43.9,0.944,11.4,0.573,10.4,0.265,-0.9848077530122081,0.17364817766692997,0.9455963874271426,0.3253420847119801
3409479,"Mindspace-Malad West, Mumbai - MPCB",PN,2026-03-15 00:00:00+05:30,11.2,29.6,68.7,,9.59,0.56,8.3,0.206,-0.992546151641322,0.12186934340514768,0.9510565162951535,0.30901699437494745
3409479,"Mindspace-Malad West, Mumbai - MPCB",PN,2026-03-16 00:00:00+05:30,2.5,29.5,52.0,0.87,6.56,2.61,8.21,0.262,-0.984807753012208,-0.17364817766693033,0.9562348265919056,0.29260033563334836
3409479,"Mindspace-Malad West, Mumbai - MPCB",PN,2026-03-17 00:00:00+05:30,31.8,29.3,61.4,,11.1,3.5,8.6,0.255,,,0.9611297838723007,0.27609697309746883
3409479,"Mindspace-Malad West, Mumbai - MPCB",PN,2026-03-18 00:00:00+05:30,14.0,29.0,57.8,,18.8,8.32,9.15,0.369,,,0.9657399376548549,0.2595117970697999
3409479,"Mindspace-Malad West, Mumbai - MPCB",PN,2026-03-19 00:00:00+05:30,13.8,29.2,59.1,,15.5,7.55,9.04,0.316,,,0.9700639218515071,0.2428497220959356
3409479,"Mindspace-Malad West, Mumbai - MPCB",PN,2026-03-20 00:00:00+05:30,19.5,29.1,44.6,,14.9,11.2,18.8,0.36,-0.9945218953682734,-0.10452846326765336,0.9741004551724205,0.22611568550828828
3409479,"Mindspace-Malad West, Mumbai - MPCB",PN,2026-03-21 00:00:00+05:30,18.5,29.4,36.3,0.523,21.5,25.5,15.6,0.406,-0.9986295347545738,-0.052335956242944306,0.9778483415056568,0.20931464596304847
3409479,"Mindspace-Malad West, Mumbai - MPCB",PN,2026-03-22 00:00:00+05:30,55.7,30.2,28.6,0.929,20.3,33.9,20.8,0.45,-0.9271838545667873,-0.3746065934159123,0.9813064702716093,0.19245158197082998
3409479,"Mindspace-Malad West, Mumbai - MPCB",PN,2026-03-23 00:00:00+05:30,34.7,30.3,35.2,0.768,30.8,22.5,22.7,0.683,,,0.9844738167520922,0.1755314904214282
3409479,"Mindspace-Malad West, Mumbai - MPCB",PN,2026-03-24 00:00:00+05:30,31.9,30.6,33.8,,17.3,25.0,17.6,0.482,,,0.9873494423939864,0.15855938510313475
3409479,"Mindspace-Malad West, Mumbai - MPCB",PN,2026-03-25 00:00:00+05:30,24.5,30.1,65.2,,11.4,19.2,10.3,0.284,,,0.989932495087353,0.141540295217043
3409479,"Mindspace-Malad West, Mumbai - MPCB",PN,2026-03-26 00:00:00+05:30,25.4,30.5,48.8,,14.4,45.9,7.79,0.445,-0.9063077870366502,-0.42261826174069916,0.9922222094179323,0.12447926388678915
3409479,"Mindspace-Malad West, Mumbai - MPCB",PN,2026-03-27 00:00:00+05:30,29.8,30.8,32.1,,18.4,52.6,12.9,0.503,,,0.994217906893952,0.10738134666416309
3409479,"Mindspace-Malad West, Mumbai - MPCB",PN,2026-03-28 00:00:00+05:30,12.4,29.8,60.4,,7.6,19.5,4.17,0.345,,,0.995918996147179,0.09025161003104117
3409479,"Mindspace-Malad West, Mumbai - MPCB",PN,2026-03-29 00:00:00+05:30,5.54,29.8,57.9,,5.67,0.0,5.07,0.166,,,0.9973249731081555,0.07309512989807777
3409479,"Mindspace-Malad West, Mumbai - MPCB",PN,2026-03-30 00:00:00+05:30,6.77,30.0,57.1,,6.1,32.0,6.32,0.215,-0.9902680687415703,-0.13917310096006583,0.9984354211555643,0.055916990100603484
3409479,"Mindspace-Malad West, Mumbai - MPCB",PN,2026-03-31 00:00:00+05:30,4.85,30.1,48.4,0.913,6.53,40.2,5.94,0.241,-0.7771459614569706,-0.6293203910498378,0.9992500112396835,0.03872228089217446
3409479,"Mindspace-Malad West, Mumbai - MPCB",PN,2026-04-01 00:00:00+05:30,6.61,29.7,48.8,0.918,5.76,32.0,7.45,0.261,-0.913545457642601,-0.4067366430758001,0.9997685019798909,0.021516097436222254
3409479,"Mindspace-Malad West, Mumbai - MPCB",PN,2026-04-02 00:00:00+05:30,7.86,29.9,39.9,0.809,7.97,46.3,9.32,0.258,-0.981627183447664,-0.1908089953765446,0.9999907397361901,0.004303538296244289
3409479,"Mindspace-Malad West, Mumbai - MPCB",PN,2026-04-03 00:00:00+05:30,12.1,29.7,35.0,0.913,15.8,40.6,10.1,0.39,-0.9455185755993168,-0.32556815445715664,0.9999166586547379,-0.01291029607500882
3409479,"Mindspace-Malad West, Mumbai - MPCB",PN,2026-04-04 00:00:00+05:30,8.98,29.7,50.3,0.905,8.58,36.3,6.38,0.274,-0.8090169943749473,-0.5877852522924732,0.9995462806873573,-0.030120304846908114
3409479,"Mindspace-Malad West, Mumbai - MPCB",PN,2026-04-05 00:00:00+05:30,9.27,29.5,55.5,1.06,7.19,47.8,8.69,0.25,-0.9396926207859084,-0.34202014332566855,0.9988797155850336,-0.04732138832243185
3409479,"Mindspace-Malad West, Mumbai - MPCB",PN,2026-04-06 00:00:00+05:30,10.4,29.4,44.3,1.01,8.17,35.0,10.4,0.208,-0.9781476007338056,-0.2079116908177598,0.9979171608653922,-0.06450844944931623
3409479,"Mindspace-Malad West, Mumbai - MPCB",PN,2026-04-07 00:00:00+05:30,8.9,29.5,43.2,0.963,5.97,49.7,8.14,0.181,-0.9563047559630353,-0.2923717047227371,0.9966589017541702,-0.08167639533042241
3409479,"Mindspace-Malad West, Mumbai - MPCB",PN,2026-04-08 00:00:00+05:30,11.0,30.0,48.7,1.01,6.86,49.8,5.2,0.219,-0.984807753012208,-0.17364817766693033,0.9951053111006976,-0.09882013873287143
3409479,"Mindspace-Malad West, Mumbai - MPCB",PN,2026-04-09 00:00:00+05:30,10.1,30.1,41.6,0.982,10.8,46.7,5.98,0.252,-0.8191520442889916,-0.5735764363510464,0.9932568492674143,-0.11593459959550041
3409479,"Mindspace-Malad West, Mumbai - MPCB",PN,2026-04-10 00:00:00+05:30,43.1,30.2,27.5,0.92,14.6,29.9,6.4,0.48,-0.882947592858927,-0.46947156278589075,0.9911140639934547,-0.1330147065341959
3409479,"Mindspace-Malad West, Mumbai - MPCB",PN,2026-04-11 00:00:00+05:30,25.9,30.5,50.0,1.05,10.8,49.9,1.26,0.314,-0.9205048534524403,-0.3907311284892738,0.9886775902323405,-0.1500553983446526
3409479,"Mindspace-Malad West, Mumbai - MPCB",PN,2026-04-12 00:00:00+05:30,22.2,30.3,62.1,1.04,13.3,46.0,1.27,0.403,-0.984807753012208,-0.17364817766693033,0.9859481499638304,-0.16705162550211924
3409479,"Mindspace-Malad West, Mumbai - MPCB",PN,2026-04-13 00:00:00+05:30,17.5,30.0,64.5,1.06,7.47,36.9,0.831,0.193,-0.961261695938319,-0.2756373558169989,0.9829265519799822,-0.18399835165768005
3409479,"Mindspace-Malad West, Mumbai - MPCB",PN,2026-04-14 00:00:00+05:30,43.5,30.4,57.4,1.07,16.8,28.3,1.24,0.337,-0.9396926207859083,0.342020143325669,0.9796136916454901,-0.20089055513063506
3409479,"Mindspace-Malad West, Mumbai - MPCB",PN,2026-04-15 00:00:00+05:30,11.9,30.3,57.1,1.11,7.33,9.98,1.17,0.244,-0.981627183447664,-0.1908089953765446,0.9760105506323683,-0.21772323039653177
3409479,"Mindspace-Malad West, Mumbai - MPCB",PN,2026-04-16 00:00:00+05:30,9.86,29.5,61.4,0.965,11.2,13.0,3.41,0.233,-0.9271838545667873,-0.3746065934159123,0.9721181966290613,-0.23449138957040985
3409479,"Mindspace-Malad West, Mumbai - MPCB",PN,2026-04-17 00:00:00+05:30,13.6,29.9,62.0,1.04,13.0,17.4,3.23,0.245,-0.9563047559630353,-0.2923717047227371,0.9679377830240642,-0.25119006388481935
3409479,"Mindspace-Malad West, Mumbai - MPCB",PN,2026-04-18 00:00:00+05:30,14.5,30.5,70.7,0.967,10.1,36.7,1.58,0.262,-0.882947592858927,-0.46947156278589075,0.9634705485641488,-0.2678143051621742
3409479,"Mindspace-Malad West, Mumbai - MPCB",PN,2026-04-19 00:00:00+05:30,16.8,30.4,35.1,1.06,11.6,21.2,2.38,0.113,-0.9702957262759965,-0.24192189559966779,0.9587178169872964,-0.2843591872810034
3409479,"Mindspace-Malad West, Mumbai - MPCB",PN,2026-04-20 00:00:00+05:30,19.8,29.8,62.0,1.02,9.48,25.6,2.68,0.25,-0.8660254037844385,-0.5000000000000004,0.9536809966304457,-0.30081980763566735
3409479,"Mindspace-Malad West, Mumbai - MPCB",PN,2026-04-21 00:00:00+05:30,,30.3,47.6,0.902,10.6,42.0,2.62,0.26,-0.8987940462991668,-0.43837114678907774,0.9483615800121715,-0.3171912885891061
3409479,"Mindspace-Malad West, Mumbai - MPCB",PN,2026-04-22 00:00:00+05:30,14.5,30.1,30.6,1.03,11.7,34.2,3.98,0.264,-0.9510565162951535,-0.30901699437494756,0.9427611433904207,-0.3334687789181868
3409479,"Mindspace-Malad West, Mumbai - MPCB",PN,2026-04-23 00:00:00+05:30,16.8,30.3,42.9,0.977,13.5,48.6,3.76,0.23,-0.9659258262890683,-0.25881904510252063,0.9368813462954315,-0.3496474552512284
3409479,"Mindspace-Malad West, Mumbai - MPCB",PN,2026-04-24 00:00:00+05:30,15.6,30.6,47.0,0.987,10.3,42.2,1.37,0.251,-0.981627183447664,-0.1908089953765446,0.9307239310379795,-0.36572252349726897
3409479,"Mindspace-Malad West, Mumbai - MPCB",PN,2026-04-25 00:00:00+05:30,17.9,30.8,37.6,1.09,15.3,49.2,1.92,0.304,-0.9335804264972016,-0.3583679495453007,0.9242907221930933,-0.3816892202666588
3409479,"Mindspace-Malad West, Mumbai - MPCB",PN,2026-04-26 00:00:00+05:30,17.8,30.4,54.0,1.05,7.75,40.7,1.09,0.212,-0.8987940462991668,-0.43837114678907774,0.9175836260593937,-0.39754281428255595
3409479,"Mindspace-Malad West, Mumbai - MPCB",PN,2026-04-27 00:00:00+05:30,11.9,30.1,63.2,0.977,7.72,40.6,1.33,0.0969,-0.848048096156426,-0.529919264233205,0.9106046300942162,-0.4132786077829042
3409479,"Mindspace-Malad West, Mumbai - MPCB",PN,2026-04-28 00:00:00+05:30,11.6,30.0,62.0,1.13,8.89,45.9,1.5,0.239,-0.8660254037844385,-0.5000000000000004,0.9033558023246845,-0.4288919379124835
3409479,"Mindspace-Malad West, Mumbai - MPCB",PN,2026-04-29 00:00:00+05:30,,29.9,59.3,1.12,10.4,33.3,2.32,0.257,-0.8746197071393959,-0.48480962024633684,0.895839290734909,-0.4443781781046132
3409479,"Mindspace-Malad West, Mumbai - MPCB",PN,2026-04-30 00:00:00+05:30,10.7,30.0,41.4,1.12,6.2,26.4,4.12,0.214,-0.9961946980917455,0.08715574274765789,0.8880573226294932,-0.45973273945210397
3409479,"Mindspace-Malad West, Mumbai - MPCB",PN,2026-05-01 00:00:00+05:30,9.87,29.8,54.2,1.04,4.01,27.5,2.99,0.207,-0.8746197071393959,-0.48480962024633684,0.8800122039735357,-0.47495107206704995
3409479,"Mindspace-Malad West, Mumbai - MPCB",PN,2026-05-02 00:00:00+05:30,191.0,29.9,57.2,1.03,4.08,30.9,2.73,0.175,-0.7071067811865475,-0.7071067811865477,0.8717063187093218,-0.4900286664290592
3409479,"Mindspace-Malad West, Mumbai - MPCB",PN,2026-05-03 00:00:00+05:30,21.3,30.2,55.9,0.979,6.14,31.3,2.19,0.191,-0.7660444431189779,-0.6427876096865395,0.8631421280499114,-0.5049610547215204
3409479,"Mindspace-Malad West, Mumbai - MPCB",PN,2026-05-04 00:00:00+05:30,15.4,30.3,38.0,0.776,4.68,36.6,0.944,0.16,-0.9205048534524403,-0.3907311284892738,0.854322169749827,-0.5197438121555155
3409479,"Mindspace-Malad West, Mumbai - MPCB",PN,2026-05-05 00:00:00+05:30,18.7,30.3,47.2,0.856,6.73,40.7,1.57,0.217,-0.7071067811865475,-0.7071067811865477,0.8452490573530633,-0.5343725582809786
3409479,"Mindspace-Malad West, Mumbai - MPCB",PN,2026-05-06 00:00:00+05:30,15.9,30.8,28.1,1.28,4.3,24.7,3.35,0.28,-0.8480480961564261,0.5299192642332047,0.8359254794186372,-0.548842958284719
3409479,"Mindspace-Malad West, Mumbai - MPCB",PN,2026-05-07 00:00:00+05:30,15.8,30.4,50.8,1.03,8.04,33.3,2.17,0.199,-0.981627183447664,-0.1908089953765446,0.8263541987239096,-0.5631507242749186
3409479,"Mindspace-Malad West, Mumbai - MPCB",PN,2026-05-08 00:00:00+05:30,16.0,30.6,43.7,0.949,8.5,27.3,1.69,0.153,-0.9563047559630353,-0.2923717047227371,0.8165380514459161,-0.5772916165517272
3409479,"Mindspace-Malad West, Mumbai - MPCB",PN,2026-05-09 00:00:00+05:30,15.5,30.7,50.1,0.984,9.42,45.6,1.89,0.197,-0.9975640502598242,-0.06975647374412558,0.8064799463209448,-0.5912614448635781
3409479,"Mindspace-Malad West, Mumbai - MPCB",PN,2026-05-10 00:00:00+05:30,15.2,30.7,44.1,1.06,10.9,59.4,2.99,0.196,-0.9396926207859084,-0.34202014332566855,0.7961828637826158,-0.6050560696488488
3409479,"Mindspace-Malad West, Mumbai - MPCB",PN,2026-05-11 00:00:00+05:30,56.4,30.9,41.4,1.05,8.87,40.5,5.61,0.289,-0.9781476007338056,-0.2079116908177598,0.7856498550787147,-0.6186714032625031
3409479,"Mindspace-Malad West, Mumbai - MPCB",PN,2026-05-12 00:00:00+05:30,26.8,30.3,58.8,1.07,5.62,8.85,1.5,0.299,-0.8660254037844385,-0.5000000000000004,0.7748840413670407,-0.6321034111873487
3409479,"Mindspace-Malad West, Mumbai - MPCB",PN,2026-05-13 00:00:00+05:30,25.9,30.3,62.0,1.2,2.87,34.3,6.33,0.00269,-0.7193398003386512,-0.6946583704589973,0.7638886127905428,-0.6453481132295501
3409479,"Mindspace-Malad West, Mumbai - MPCB",PN,2026-05-14 00:00:00+05:30,17.7,30.6,53.3,1.38,6.03,61.9,2.2,0.049,-0.9876883405951377,-0.15643446504023104,0.7526668275320085,-0.6584015846980488
3409479,"Mindspace-Malad West, Mumbai - MPCB",PN,2026-05-15 00:00:00+05:30,18.8,30.3,55.0,1.47,4.28,60.9,3.99,0.0222,-0.9925461516413221,-0.12186934340514717,0.7412220108485958,-0.6712599575675313
3409479,"Mindspace-Malad West, Mumbai - MPCB",PN,2026-05-16 00:00:00+05:30,10.0,30.6,33.0,1.38,3.97,72.5,8.9,0.0826,-0.9925461516413221,-0.12186934340514717,0.7295575540864875,-0.6839194216246106
3409479,"Mindspace-Malad West, Mumbai - MPCB",PN,2026-05-17 00:00:00+05:30,16.6,30.8,53.2,1.5,4.25,77.1,6.75,0.219,-1.0,-1.8369701987210297e-16,0.717676913675962,-0.6963762255968722
3409479,"Mindspace-Malad West, Mumbai - MPCB",PN,2026-05-18 00:00:00+05:30,25.3,30.7,55.2,1.51,4.12,54.5,7.83,0.258,-0.9998476951563913,-0.017452406437283498,0.705583610107178,-0.7086266782644596
3409479,"Mindspace-Malad West, Mumbai - MPCB",PN,2026-05-19 00:00:00+05:30,10.3,30.5,52.7,1.55,3.53,38.8,5.41,0.2,-0.9993908270190958,0.03489949670250128,0.6932812268869777,-0.7206671495538609
3409479,"Mindspace-Malad West, Mumbai - MPCB",PN,2026-05-20 00:00:00+05:30,10.4,30.6,48.7,1.52,3.71,39.0,6.86,0.326,-0.9659258262890683,-0.25881904510252063,0.6807734094770161,-0.7324940716135789
3409479,"Mindspace-Malad West, Mumbai - MPCB",PN,2026-05-21 00:00:00+05:30,12.9,30.9,47.6,1.66,4.03,40.7,5.97,0.234,-0.9510565162951535,-0.30901699437494756,0.6680638642135335,-0.7441039398713607
3409479,"Mindspace-Malad West, Mumbai - MPCB",PN,2026-05-22 00:00:00+05:30,15.3,30.9,70.6,1.49,3.54,45.0,4.97,0.205,-0.913545457642601,-0.4067366430758001,0.6551563572090853,-0.7554933140726803
3409479,"Mindspace-Malad West, Mumbai - MPCB",PN,2026-05-23 00:00:00+05:30,8.62,31.2,48.6,1.63,4.33,40.8,5.07,0.447,-0.9848077530122081,0.17364817766692997,0.6420547132365637,-0.766658819300159
3409479,"Mindspace-Malad West, Mumbai - MPCB",PN,2026-05-24 00:00:00+05:30,6.84,31.2,51.9,1.74,3.7,35.1,5.44,0.523,-0.945518575599317,0.3255681544571563,0.6287628145958344,-0.7775971469736269
3409479,"Mindspace-Malad West, Mumbai - MPCB",PN,2026-05-25 00:00:00+05:30,7.51,31.1,46.1,1.81,3.55,34.5,7.4,0.318,-0.9961946980917455,0.08715574274765789,0.6152845999633276,-0.7883050558305255
3409479,"Mindspace-Malad West, Mumbai - MPCB",PN,2026-05-26 00:00:00+05:30,6.81,31.0,36.5,1.75,3.76,28.8,10.2,0.367,-0.9848077530122081,0.17364817766692997,0.6016240632249226,-0.7987793728863649
3409479,"Mindspace-Malad West, Mumbai - MPCB",PN,2026-05-27 00:00:00+05:30,6.9,31.0,31.3,1.72,4.38,28.0,9.95,0.347,-0.9781476007338056,0.20791169081775943,0.5877852522924732,-0.8090169943749473
3409479,"Mindspace-Malad West, Mumbai - MPCB",PN,2026-05-28 00:00:00+05:30,9.2,31.4,24.3,1.83,4.03,29.2,9.84,0.306,-0.9510565162951536,0.30901699437494723,0.5737722679043246,-0.8190148866680801
3409479,"Mindspace-Malad West, Mumbai - MPCB",PN,2026-05-29 00:00:00+05:30,8.57,31.1,44.6,1.65,2.88,38.1,4.39,0.276,-0.9781476007338056,0.20791169081775943,0.5595892624101765,-0.8287700871745038
3409479,"Mindspace-Malad West, Mumbai - MPCB",PN,2026-05-30 00:00:00+05:30,11.9,31.3,68.0,1.67,2.98,46.8,3.73,0.227,-0.9612616959383188,0.2756373558169994,0.545240438540651,-0.8382797052177744
3409479,"Mindspace-Malad West, Mumbai - MPCB",PN,2026-05-31 00:00:00+05:30,22.6,31.0,,1.64,3.32,31.9,4.53,0.232,-0.9975640502598242,-0.06975647374412558,0.5307300481619334,-0.8475409228928311
3409479,"Mindspace-Malad West, Mumbai - MPCB",PN,2026-06-01 00:00:00+05:30,6.67,31.6,,1.86,7.19,43.6,7.24,0.597,-0.9563047559630354,0.2923717047227367,0.5160623910158528,-0.8565509959010036
3409479,"Mindspace-Malad West, Mumbai - MPCB",PN,2026-06-02 00:00:00+05:30,5.5,31.1,,1.59,10.5,50.0,5.31,0.8,-0.9455185755993168,-0.32556815445715664,0.5012418134457758,-0.865307254363206
3409479,"Mindspace-Malad West, Mumbai - MPCB",PN,2026-06-03 00:00:00+05:30,7.76,30.3,,1.34,10.4,50.0,5.29,0.8,-0.9510565162951535,-0.30901699437494756,0.48627270710868997,-0.8738071036110808
3409479,"Mindspace-Malad West, Mumbai - MPCB",PN,2026-06-04 00:00:00+05:30,10.8,30.7,,1.32,10.5,49.8,5.31,0.799,-0.5446390350150271,-0.838670567945424,0.4711595076738638,-0.8820480249558537
3409479,"Mindspace-Malad West, Mumbai - MPCB",PN,2026-06-05 00:00:00+05:30,24.4,31.2,36.9,1.65,10.4,49.7,5.26,0.798,-0.9961946980917455,0.08715574274765789,0.4559066935084588,-0.8900275764346767
3409479,"Mindspace-Malad West, Mumbai - MPCB",PN,2026-06-06 00:00:00+05:30,22.5,31.3,38.0,1.75,10.5,49.4,5.32,0.799,-0.9563047559630353,-0.2923717047227371,0.440518784350495,-0.8977433935342337
3409479,"Mindspace-Malad West, Mumbai - MPCB",PN,2026-06-07 00:00:00+05:30,21.1,31.4,36.4,1.65,10.4,49.7,5.3,0.796,-0.9986295347545738,-0.052335956242944306,0.42500033996955416,-0.9051931898913974
3409479,"Mindspace-Malad West, Mumbai - MPCB",PN,2026-06-08 00:00:00+05:30,24.8,31.4,27.5,1.93,12.2,41.6,4.81,0.68,-0.9335804264972017,0.3583679495453004,0.4093559588156213,-0.9123747579707273
3409479,"Mindspace-Malad West, Mumbai - MPCB",PN,2026-06-09 00:00:00+05:30,20.4,31.8,26.7,1.97,4.88,21.2,2.54,0.201,-0.9612616959383188,0.2756373558169994,0.39359027665646673,-0.9192859697186104
3409479,"Mindspace-Malad West, Mumbai - MPCB",PN,2026-06-10 00:00:00+05:30,,31.6,26.5,1.86,3.38,35.8,2.98,0.221,-0.9135454576426011,0.40673664307579976,0.3777079652039649,-0.9259247771938498
3409479,"Mindspace-Malad West, Mumbai - MPCB",PN,2026-06-11 00:00:00+05:30,21.2,31.7,25.9,1.86,2.25,33.8,2.3,0.219,-0.9781476007338056,0.20791169081775943,0.36171373072976765,-0.9322892131745133
3409479,"Mindspace-Malad West, Mumbai - MPCB",PN,2026-06-12 00:00:00+05:30,21.0,31.6,27.4,1.82,1.89,36.7,3.64,0.223,-0.9993908270190958,0.03489949670250128,0.3456123126707335,-0.9383773917408641
3409479,"Mindspace-Malad West, Mumbai - MPCB",PN,2026-06-13 00:00:00+05:30,20.9,31.6,26.5,2.09,3.79,32.9,3.76,0.235,-0.9271838545667874,0.37460659341591196,0.3294084822245304,-0.9441875088341993
3409479,"Mindspace-Malad West, Mumbai - MPCB",PN,2026-06-14 00:00:00+05:30,18.7,31.6,24.9,2.18,7.59,39.1,3.65,0.223,-0.898794046299167,0.4383711467890774,0.3131070409358269,-0.9497178427914316
3409479,"Mindspace-Malad West, Mumbai - MPCB",PN,2026-06-15 00:00:00+05:30,17.6,31.6,25.2,1.95,7.37,39.5,3.46,0.214,-0.992546151641322,0.12186934340514768,0.29671281927349075,-0.9549667548552551
3409479,"Mindspace-Malad West, Mumbai - MPCB",PN,2026-06-16 00:00:00+05:30,17.5,31.3,24.5,1.95,7.5,38.2,4.05,0.211,-0.9510565162951536,0.30901699437494723,0.28023067519921585,-0.9599326896597447
3409479,"Mindspace-Malad West, Mumbai - MPCB",PN,2026-06-17 00:00:00+05:30,17.5,29.4,22.7,1.86,6.74,39.8,2.79,0.251,-0.9986295347545738,0.052335956242943946,0.26366549272800704,-0.9646141756912435
3409479,"Mindspace-Malad West, Mumbai - MPCB",PN,2026-06-18 00:00:00+05:30,18.3,31.3,22.1,2.08,10.5,43.7,1.83,0.232,-0.891006524188368,0.45399049973954664,0.24702218048093552,-0.9690098257244062
3409479,"Mindspace-Malad West, Mumbai - MPCB",PN,2026-06-19 00:00:00+05:30,20.2,31.2,22.8,1.74,10.4,41.6,1.59,0.242,-0.9205048534524403,-0.3907311284892738,0.23030567023061221,-0.9731183372332619
3409479,"Mindspace-Malad West, Mumbai - MPCB",PN,2026-06-20 00:00:00+05:30,20.4,31.6,18.3,2.22,10.2,29.6,12.0,0.345,-0.9135454576426011,0.40673664307579976,0.21352091543979612,-0.9769384927771817
3409479,"Mindspace-Malad West, Mumbai - MPCB",PN,2026-06-21 00:00:00+05:30,10.5,31.3,29.6,2.11,10.6,28.9,3.92,0.31,-0.9612616959383188,0.2756373558169994,0.19667288979357647,-0.980469160361632
3409479,"Mindspace-Malad West, Mumbai - MPCB",PN,2026-06-22 00:00:00+05:30,10.4,30.1,69.3,1.43,10.0,45.9,4.25,0.29,-0.6691306063588582,-0.7431448254773942,0.1797665857255624,-0.9837092937736097
3409479,"Mindspace-Malad West, Mumbai - MPCB",PN,2026-06-23 00:00:00+05:30,10.5,29.9,78.5,1.23,10.5,47.5,3.24,0.2,0.020418933094800456,0.9997915118519811,0.16280701293851715,-0.986657932891657
3409479,"Mindspace-Malad West, Mumbai - MPCB",PN,2026-06-26 00:00:00+05:30,6.98,30.5,65.9,1.77,10.5,39.4,3.13,0.499,-0.29237170472273677,-0.9563047559630354,0.11165900712169512,-0.993746580436178
3409479,"Mindspace-Malad West, Mumbai - MPCB",PN,2026-06-27 00:00:00+05:30,12.5,30.6,58.2,1.84,10.4,39.8,3.39,0.297,-0.374606593415912,-0.9271838545667874,0.09453674981719912,-0.9955213724144752
3409479,"Mindspace-Malad West, Mumbai - MPCB",PN,2026-06-28 00:00:00+05:30,16.1,29.5,64.3,1.91,10.5,43.6,3.2,0.235,-0.7660444431189779,-0.6427876096865395,0.07738647923346301,-0.9970011699250151
3409479,"Mindspace-Malad West, Mumbai - MPCB",PN,2026-06-29 00:00:00+05:30,13.2,26.8,91.9,1.39,10.5,42.2,3.65,0.265,-0.6691306063588582,-0.7431448254773942,0.06021327736579302,-0.9981855344718586
3409479,"Mindspace-Malad West, Mumbai - MPCB",PN,2026-06-30 00:00:00+05:30,9.79,27.3,95.1,1.13,10.5,39.8,3.88,0.432,0.37460659341591224,-0.9271838545667873,0.04302223300453059,-0.99907411510223
3409479,"Mindspace-Malad West, Mumbai - MPCB",PN,2026-07-01 00:00:00+05:30,9.72,28.8,99.0,1.62,10.6,45.6,3.06,0.238,-0.6156614753256582,-0.788010753606722,0.02581844022713308,-0.9996666485105112
3409479,"Mindspace-Malad West, Mumbai - MPCB",PN,2026-07-02 00:00:00+05:30,9.9,28.3,98.9,1.59,10.5,45.9,2.79,0.2,-0.8191520442889916,-0.5735764363510464,0.008606996888688698,-0.9999629591162655
3409479,"Mindspace-Malad West, Mumbai - MPCB",PN,2026-07-03 00:00:00+05:30,9.74,28.4,98.9,1.64,10.5,46.8,3.61,0.389,-0.6946583704589973,-0.7193398003386511,-0.008606996888688009,-0.9999629591162655
3409479,"Mindspace-Malad West, Mumbai - MPCB",PN,2026-07-04 00:00:00+05:30,15.5,28.3,98.8,1.54,10.5,44.7,3.18,0.401,-0.848048096156426,-0.529919264233205,-0.02581844022713239,-0.9996666485105112
3409479,"Mindspace-Malad West, Mumbai - MPCB",PN,2026-07-05 00:00:00+05:30,21.2,28.7,95.4,2.29,10.6,52.5,3.54,0.389,-0.9975640502598243,0.06975647374412522,-0.04302223300453034,-0.99907411510223
3409479,"Mindspace-Malad West, Mumbai - MPCB",PN,2026-07-06 00:00:00+05:30,20.9,28.3,98.9,2.55,10.4,51.4,3.92,0.258,-0.9781476007338056,0.20791169081775943,-0.060213277365792774,-0.9981855344718586
3409479,"Mindspace-Malad West, Mumbai - MPCB",PN,2026-07-07 00:00:00+05:30,14.0,29.4,88.3,2.45,10.5,51.0,3.27,0.213,-0.9510565162951536,0.30901699437494723,-0.07738647923346322,-0.9970011699250151
3409479,"Mindspace-Malad West, Mumbai - MPCB",PN,2026-07-08 00:00:00+05:30,7.03,29.7,81.3,2.34,10.4,51.2,3.75,0.23,-0.9781476007338056,0.20791169081775943,-0.09453674981719933,-0.9955213724144752
3409479,"Mindspace-Malad West, Mumbai - MPCB",PN,2026-07-09 00:00:00+05:30,6.96,30.5,47.8,1.35,10.6,45.4,,0.207,-0.8746197071393959,-0.48480962024633684,-0.11165900712169444,-0.9937465804361781
3409479,"Mindspace-Malad West, Mumbai - MPCB",PN,2026-07-10 00:00:00+05:30,7.03,30.5,44.5,1.92,10.5,46.5,,0.214,-0.9975640502598243,0.06975647374412522,-0.12874817745258066,-0.99167731989929
3409479,"Mindspace-Malad West, Mumbai - MPCB",PN,2026-07-11 00:00:00+05:30,6.95,30.3,42.4,2.17,10.6,45.5,,0.216,-0.9848077530122081,0.17364817766692997,-0.14579919691987442,-0.9893142039703664
3409479,"Mindspace-Malad West, Mumbai - MPCB",PN,2026-07-12 00:00:00+05:30,7.01,30.8,36.3,1.94,10.5,36.1,,0.219,-0.9998476951563913,-0.017452406437283498,-0.16280701293851646,-0.9866579328916572
3409479,"Mindspace-Malad West, Mumbai - MPCB",PN,2026-07-13 00:00:00+05:30,6.96,30.7,33.3,1.92,10.5,38.8,2.85,0.209,-0.9998476951563913,-0.017452406437283498,-0.17976658572556214,-0.9837092937736098
3409479,"Mindspace-Malad West, Mumbai - MPCB",PN,2026-07-14 00:00:00+05:30,7.0,30.6,31.7,1.96,10.5,33.8,2.68,0.207,-0.9998476951563913,0.01745240643728313,-0.19667288979357622,-0.9804691603616321
3409479,"Mindspace-Malad West, Mumbai - MPCB",PN,2026-07-15 00:00:00+05:30,7.04,29.6,48.4,1.48,10.5,9.38,4.79,0.314,-0.8987940462991668,-0.43837114678907774,-0.2135209154397959,-0.9769384927771817
3409479,"Mindspace-Malad West, Mumbai - MPCB",PN,2026-07-16 00:00:00+05:30,7.03,27.2,32.0,1.35,10.6,20.0,5.3,0.8,-0.9993908270190958,0.03489949670250128,-0.23030567023061196,-0.973118337233262
3409479,"Mindspace-Malad West, Mumbai - MPCB",PN,2026-07-17 00:00:00+05:30,7.01,27.6,31.6,1.6,10.5,20.0,5.32,0.8,-0.9945218953682734,-0.10452846326765336,-0.24702218048093527,-0.9690098257244063
3409479,"Mindspace-Malad West, Mumbai - MPCB",PN,2026-07-18 00:00:00+05:30,6.94,27.6,53.2,1.5,10.5,19.9,5.27,0.798,-0.7071067811865475,-0.7071067811865477,-0.2636654927280072,-0.9646141756912435
3409479,"Mindspace-Malad West, Mumbai - MPCB",PN,2026-07-19 00:00:00+05:30,7.05,28.2,58.9,1.18,10.6,20.0,5.34,0.801,-0.5299192642332048,-0.8480480961564261,-0.2802306751992161,-0.9599326896597445
3409479,"Mindspace-Malad West, Mumbai - MPCB",PN,2026-07-20 00:00:00+05:30,6.95,27.8,58.5,1.41,10.5,20.0,5.33,0.8,-0.984807753012208,-0.17364817766693033,-0.2967128192734901,-0.9549667548552553
3409479,"Mindspace-Malad West, Mumbai - MPCB",PN,2026-07-21 00:00:00+05:30,7.02,29.2,24.2,1.56,10.5,20.0,5.31,0.801,-0.9781476007338056,0.20791169081775943,-0.3131070409358267,-0.9497178427914317
3409479,"Mindspace-Malad West, Mumbai - MPCB",PN,2026-07-22 00:00:00+05:30,6.99,28.1,62.1,1.01,10.2,20.0,5.32,0.8,-0.9659258262890683,-0.25881904510252063,-0.3294084822245302,-0.9441875088341994
3409479,"Mindspace-Malad West, Mumbai - MPCB",PN,2026-07-23 00:00:00+05:30,7.03,28.8,44.6,1.32,10.4,20.1,5.27,0.799,-0.9998476951563913,0.01745240643728313,-0.3456123126707333,-0.9383773917408642
3409479,"Mindspace-Malad West, Mumbai - MPCB",PN,2026-07-24 00:00:00+05:30,6.11,29.1,34.1,1.33,10.5,14.9,5.32,0.545,-0.9902680687415704,0.13917310096006547,-0.3617137307297674,-0.9322892131745134
3409479,"Mindspace-Malad West, Mumbai - MPCB",PN,2026-07-25 00:00:00+05:30,5.58,28.9,38.8,1.53,10.5,12.0,5.28,0.399,-0.9396926207859083,0.342020143325669,-0.37770796520396466,-0.9259247771938499
3409479,"Mindspace-Malad West, Mumbai - MPCB",PN,2026-07-26 00:00:00+05:30,5.6,27.8,41.6,1.62,10.6,12.0,5.31,0.4,-0.9205048534524405,0.3907311284892735,-0.39359027665646645,-0.9192859697186105
3409479,"Mindspace-Malad West, Mumbai - MPCB",PN,2026-07-27 00:00:00+05:30,5.6,27.9,51.1,1.17,10.6,12.0,5.3,0.4,-0.9659258262890684,0.2588190451025203,-0.4093559588156211,-0.9123747579707274
3409479,"Mindspace-Malad West, Mumbai - MPCB",PN,2026-07-28 00:00:00+05:30,6.57,27.7,47.9,1.67,10.6,12.0,5.32,0.401,-0.9876883405951378,0.15643446504023067,-0.42500033996955394,-0.9051931898913975
3409479,"Mindspace-Malad West, Mumbai - MPCB",PN,2026-07-29 00:00:00+05:30,10.9,27.2,43.8,1.86,10.5,12.0,5.28,0.399,-0.891006524188368,0.45399049973954664,-0.4405187843504952,-0.8977433935342336
3409479,"Mindspace-Malad West, Mumbai - MPCB",PN,2026-07-30 00:00:00+05:30,16.1,26.4,53.7,1.86,10.5,12.0,5.25,0.401,-0.898794046299167,0.4383711467890774,-0.455906693508459,-0.8900275764346766
3409479,"Mindspace-Malad West, Mumbai - MPCB",PN,2026-07-31 00:00:00+05:30,15.9,26.1,60.5,1.85,10.5,11.9,5.28,0.397,-0.9271838545667874,0.37460659341591196,-0.47115950767386394,-0.8820480249558535
3409479,"Mindspace-Malad West, Mumbai - MPCB",PN,2026-08-01 00:00:00+05:30,15.9,24.5,50.2,1.82,10.5,11.9,5.32,0.397,-0.9271838545667874,0.37460659341591196,-0.4862727071086902,-0.8738071036110807
3409479,"Mindspace-Malad West, Mumbai - MPCB",PN,2026-08-02 00:00:00+05:30,16.1,25.1,65.0,1.75,10.6,12.0,5.31,0.4,-0.945518575599317,0.3255681544571563,-0.5012418134457756,-0.8653072543632061
3409479,"Mindspace-Malad West, Mumbai - MPCB",PN,2026-08-03 00:00:00+05:30,11.0,28.6,60.6,1.82,10.5,11.9,5.28,0.398,-0.9271838545667874,0.37460659341591196,-0.5160623910158526,-0.8565509959010037
3409479,"Mindspace-Malad West, Mumbai - MPCB",PN,2026-08-04 00:00:00+05:30,8.4,27.5,48.5,1.61,10.4,12.0,5.28,0.399,-0.9902680687415703,-0.13917310096006583,-0.5307300481619331,-0.8475409228928312
3409479,"Mindspace-Malad West, Mumbai - MPCB",PN,2026-08-05 00:00:00+05:30,8.4,27.4,61.9,1.45,10.5,12.0,5.29,0.4,-0.9876883405951377,-0.15643446504023104,-0.5452404385406507,-0.8382797052177745
3409479,"Mindspace-Malad West, Mumbai - MPCB",PN,2026-08-06 00:00:00+05:30,8.34,26.6,38.7,1.79,10.4,12.0,5.3,0.397,-0.9659258262890684,0.2588190451025203,-0.5595892624101763,-0.828770087174504
3409479,"Mindspace-Malad West, Mumbai - MPCB",PN,2026-08-07 00:00:00+05:30,8.45,21.7,33.3,1.88,10.5,12.1,5.29,0.406,-0.9063077870366498,0.4226182617406996,-0.5737722679043243,-0.8190148866680802
3409479,"Mindspace-Malad West, Mumbai - MPCB",PN,2026-08-08 00:00:00+05:30,8.48,24.1,51.9,1.84,10.5,11.9,5.32,0.4,-0.9396926207859083,0.342020143325669,-0.5877852522924734,-0.8090169943749472
3409479,"Mindspace-Malad West, Mumbai - MPCB",PN,2026-08-09 00:00:00+05:30,9.78,25.2,57.0,1.81,10.5,11.9,5.28,0.4,-0.9063077870366498,0.4226182617406996,-0.6016240632249227,-0.7987793728863648
3409479,"Mindspace-Malad West, Mumbai - MPCB",PN,2026-08-10 00:00:00+05:30,11.8,24.3,58.2,1.78,10.5,12.0,5.29,0.4,-0.9335804264972017,0.3583679495453004,-0.6152845999633277,-0.7883050558305253
3409479,"Mindspace-Malad West, Mumbai - MPCB",PN,2026-08-11 00:00:00+05:30,8.78,25.0,92.8,1.46,10.5,12.1,5.3,0.401,-0.9902680687415703,-0.13917310096006583,-0.6287628145958345,-0.7775971469736268
3409479,"Mindspace-Malad West, Mumbai - MPCB",PN,2026-08-12 00:00:00+05:30,7.02,26.9,38.6,1.58,10.5,12.0,5.35,0.4,-0.9945218953682734,-0.10452846326765336,-0.6420547132365636,-0.7666588193001592
3409479,"Mindspace-Malad West, Mumbai - MPCB",PN,2026-08-13 00:00:00+05:30,7.49,25.3,33.0,1.46,10.5,12.0,5.29,0.4,-0.9961946980917455,0.08715574274765789,-0.655156357209085,-0.7554933140726804
3409479,"Mindspace-Malad West, Mumbai - MPCB",PN,2026-08-14 00:00:00+05:30,6.51,26.1,21.6,1.61,12.2,13.2,5.43,0.43,-0.9659258262890684,0.2588190451025203,-0.6680638642135333,-0.7441039398713608
3409479,"Mindspace-Malad West, Mumbai - MPCB",PN,2026-08-15 00:00:00+05:30,7.65,25.6,49.6,1.21,14.4,13.4,5.0,0.371,-0.8191520442889916,-0.5735764363510464,-0.6807734094770159,-0.7324940716135792
3409479,"Mindspace-Malad West, Mumbai - MPCB",PN,2026-08-16 00:00:00+05:30,10.9,26.3,16.3,1.61,18.0,13.0,4.2,0.441,-0.9848077530122081,0.17364817766692997,-0.6932812268869771,-0.7206671495538615
3409479,"Mindspace-Malad West, Mumbai - MPCB",PN,2026-08-17 00:00:00+05:30,8.65,26.9,29.3,1.56,14.1,14.0,3.93,0.401,-0.9816271834476639,0.1908089953765451,-0.7055836101071774,-0.70862667826446
3409479,"Mindspace-Malad West, Mumbai - MPCB",PN,2026-08-18 00:00:00+05:30,7.72,25.2,19.7,1.87,12.3,15.0,3.6,0.301,-0.9659258262890684,0.2588190451025203,-0.7176769136759615,-0.6963762255968726
3409479,"Mindspace-Malad West, Mumbai - MPCB",PN,2026-08-19 00:00:00+05:30,7.3,24.1,14.6,1.99,13.7,16.8,3.31,0.301,-0.9612616959383188,0.2756373558169994,-0.7295575540864876,-0.6839194216246105
3409479,"Mindspace-Malad West, Mumbai - MPCB",PN,2026-08-20 00:00:00+05:30,7.01,18.0,14.7,2.11,14.5,18.0,3.11,0.3,-0.9205048534524405,0.3907311284892735,-0.7412220108485957,-0.6712599575675315
3409479,"Mindspace-Malad West, Mumbai - MPCB",PN,2026-08-21 00:00:00+05:30,10.5,17.5,16.1,2.18,14.5,18.0,3.1,0.3,-0.9510565162951536,0.30901699437494723,-0.7526668275320083,-0.6584015846980489
3409479,"Mindspace-Malad West, Mumbai - MPCB",PN,2026-08-22 00:00:00+05:30,9.99,20.8,32.4,1.96,14.5,18.1,3.1,0.301,-0.9396926207859083,0.342020143325669,-0.7638886127905429,-0.64534811322955
3409479,"Mindspace-Malad West, Mumbai - MPCB",PN,2026-08-23 00:00:00+05:30,8.36,17.2,33.9,1.91,14.5,18.0,3.09,0.299,-0.9205048534524405,0.3907311284892735,-0.7748840413670406,-0.6321034111873488
3409479,"Mindspace-Malad West, Mumbai - MPCB",PN,2026-08-24 00:00:00+05:30,9.35,18.2,41.8,1.85,14.5,18.0,3.08,0.3,-0.992546151641322,0.12186934340514768,-0.7856498550787144,-0.6186714032625032
3409479,"Mindspace-Malad West, Mumbai - MPCB",PN,2026-08-25 00:00:00+05:30,11.2,15.0,24.0,2.21,14.5,18.0,3.1,0.3,-0.8746197071393956,0.4848096202463373,-0.7961828637826154,-0.6050560696488494
3409479,"Mindspace-Malad West, Mumbai - MPCB",PN,2026-08-26 00:00:00+05:30,12.1,15.2,28.1,2.18,14.6,18.1,3.13,0.303,-0.8571673007021123,0.5150380749100542,-0.8064799463209447,-0.5912614448635782
3409479,"Mindspace-Malad West, Mumbai - MPCB",PN,2026-09-01 00:00:00+05:30,11.9,21.3,53.4,1.71,14.5,18.0,3.09,0.3,-0.984807753012208,-0.17364817766693033,-0.8631421280499115,-0.5049610547215202
3409479,"Mindspace-Malad West, Mumbai - MPCB",PN,2026-09-02 00:00:00+05:30,11.9,20.0,65.4,1.53,14.4,18.0,3.1,0.301,-0.754709580222772,-0.6560590289905073,-0.8717063187093217,-0.4900286664290594
3409479,"Mindspace-Malad West, Mumbai - MPCB",PN,2026-09-03 00:00:00+05:30,12.8,20.1,47.2,1.61,14.4,18.0,3.1,0.3,-0.961261695938319,-0.2756373558169989,-0.8800122039735356,-0.4749510720670502
3409479,"Mindspace-Malad West, Mumbai - MPCB",PN,2026-09-04 00:00:00+05:30,13.2,21.3,45.0,1.93,14.4,17.9,3.06,0.299,-0.9335804264972016,-0.3583679495453007,-0.888057322629493,-0.4597327394521046
3409479,"Mindspace-Malad West, Mumbai - MPCB",PN,2026-09-05 00:00:00+05:30,13.3,22.8,54.9,1.99,14.4,18.0,3.1,0.299,-0.9781476007338056,-0.2079116908177598,-0.8958392907349089,-0.4443781781046134
3409479,"Mindspace-Malad West, Mumbai - MPCB",PN,2026-09-06 00:00:00+05:30,13.3,21.8,68.3,1.85,14.5,18.0,3.12,0.301,-0.7986355100472928,-0.6018150231520483,-0.9033558023246842,-0.4288919379124841
3409479,"Mindspace-Malad West, Mumbai - MPCB",PN,2026-09-07 00:00:00+05:30,13.3,21.5,38.1,2.03,14.5,18.0,3.1,0.301,-0.9455185755993168,-0.32556815445715664,-0.9106046300942162,-0.41327860778290443
3409479,"Mindspace-Malad West, Mumbai - MPCB",PN,2026-09-08 00:00:00+05:30,9.02,22.1,27.8,2.28,14.5,18.0,3.09,0.3,-0.9781476007338056,0.20791169081775943,-0.9175836260593934,-0.3975428142825566
3409479,"Mindspace-Malad West, Mumbai - MPCB",PN,2026-09-09 00:00:00+05:30,7.32,22.2,36.8,2.11,14.5,18.0,3.08,0.299,-0.9975640502598242,-0.06975647374412558,-0.9242907221930934,-0.3816892202666586
3409479,"Mindspace-Malad West, Mumbai - MPCB",PN,2026-09-10 00:00:00+05:30,11.1,21.6,44.5,1.97,14.5,17.9,3.09,0.299,-0.8386705679454242,-0.544639035015027,-0.9307239310379793,-0.3657225234972692
3409479,"Mindspace-Malad West, Mumbai - MPCB",PN,2026-09-11 00:00:00+05:30,10.9,22.2,37.6,1.95,14.4,18.1,3.1,0.301,-0.6819983600624984,-0.7313537016191706,-0.9368813462954315,-0.34964745525122826
3409479,"Mindspace-Malad West, Mumbai - MPCB",PN,2026-09-12 00:00:00+05:30,105.0,22.6,49.3,2.11,14.5,18.0,3.09,0.301,-0.48480962024633695,-0.8746197071393959,-0.9427611433904206,-0.33346877891818705
3409479,"Mindspace-Malad West, Mumbai - MPCB",PN,2026-09-13 00:00:00+05:30,7.67,19.3,95.2,1.35,14.6,18.0,3.1,0.299,1.2246467991473532e-16,-1.0,-0.9483615800121716,-0.31719128858910595
3409479,"Mindspace-Malad West, Mumbai - MPCB",PN,2026-09-14 00:00:00+05:30,5.99,24.9,62.9,1.67,14.5,18.0,3.1,0.3,-0.6946583704589973,-0.7193398003386511,-0.9536809966304455,-0.300819807635668
3409479,"Mindspace-Malad West, Mumbai - MPCB",PN,2026-09-15 00:00:00+05:30,5.33,23.7,64.2,1.3,14.5,18.0,3.09,0.3,0.45399049973954686,-0.8910065241883678,-0.9587178169872964,-0.2843591872810036
3409479,"Mindspace-Malad West, Mumbai - MPCB",PN,2026-09-16 00:00:00+05:30,7.32,24.7,51.5,1.57,14.5,18.1,3.09,0.302,-0.48480962024633695,-0.8746197071393959,-0.9634705485641486,-0.26781430516217486
3409479,"Mindspace-Malad West, Mumbai - MPCB",PN,2026-09-17 00:00:00+05:30,6.52,30.8,24.8,1.98,14.4,18.0,3.11,0.299,-0.9986295347545738,0.052335956242943946,-0.9679377830240642,-0.25119006388481957
3409482,"Bandra Kurla Complex, Mumbai - MPCB",HE,2025-10-11 00:00:00+05:30,73.2,33.6,78.2,0.81,31.7,42.8,3.45,0.327,0.9205048534524403,-0.3907311284892738,-0.9873494423939864,0.15855938510313475
3409482,"Bandra Kurla Complex, Mumbai - MPCB",HE,2025-10-12 00:00:00+05:30,70.6,33.1,78.2,0.712,33.1,43.4,3.41,0.301,0.8191520442889917,-0.5735764363510462,-0.9844738167520923,0.17553149042142777
3409482,"Bandra Kurla Complex, Mumbai - MPCB",HE,2025-10-13 00:00:00+05:30,64.1,33.5,78.2,0.775,36.2,47.2,2.42,0.4,0.90630778703665,-0.42261826174069933,-0.9813064702716093,0.19245158197082995
3409482,"Bandra Kurla Complex, Mumbai - MPCB",HE,2025-10-14 00:00:00+05:30,64.5,35.0,78.2,0.795,39.3,46.8,2.04,0.413,0.9985366703262117,-0.054078812984775196,-0.9778483415056567,0.20931464596304888
3409482,"Bandra Kurla Complex, Mumbai - MPCB",HE,2025-10-15 00:00:00+05:30,65.3,32.8,78.2,0.717,40.6,38.4,1.98,0.473,0.8910065241883679,-0.45399049973954675,-0.9741004551724206,0.22611568550828803
3409482,"Bandra Kurla Complex, Mumbai - MPCB",HE,2025-10-16 00:00:00+05:30,48.9,30.3,78.2,0.655,33.4,35.0,1.69,0.356,0.7313537016191706,-0.6819983600624984,-0.970063921851507,0.2428497220959358
3409482,"Bandra Kurla Complex, Mumbai - MPCB",HE,2025-10-17 00:00:00+05:30,36.4,29.7,78.2,0.848,34.8,41.8,2.88,0.321,0.6560590289905073,-0.754709580222772,-0.965739937654855,0.25951179706979943
3409482,"Bandra Kurla Complex, Mumbai - MPCB",HE,2025-10-18 00:00:00+05:30,64.0,29.9,78.2,0.845,37.3,48.4,3.33,0.39,0.2249510543438652,-0.9743700647852351,-0.9611297838723007,0.27609697309746883
3409482,"Bandra Kurla Complex, Mumbai - MPCB",HE,2025-10-19 00:00:00+05:30,77.7,30.9,78.2,0.901,30.1,36.4,2.9,0.392,0.5591929034707469,-0.8290375725550416,-0.9562348265919058,0.2926003356333479
3409482,"Bandra Kurla Complex, Mumbai - MPCB",HE,2025-10-20 00:00:00+05:30,154.0,32.3,78.1,0.911,31.1,29.3,3.67,0.598,0.13917310096006533,-0.9902680687415704,-0.9510565162951536,0.30901699437494723
3409482,"Bandra Kurla Complex, Mumbai - MPCB",HE,2025-10-21 00:00:00+05:30,74.6,33.6,78.1,0.749,26.0,38.5,4.73,0.31,0.45399049973954686,-0.8910065241883678,-0.9455963874271428,0.3253420847119795
3409482,"Bandra Kurla Complex, Mumbai - MPCB",HE,2025-10-22 00:00:00+05:30,37.3,33.2,78.1,0.73,27.0,24.3,3.2,0.341,0.6691306063588583,-0.7431448254773941,-0.9398560579418953,0.341570769167856
3409482,"Bandra Kurla Complex, Mumbai - MPCB",HE,2025-10-23 00:00:00+05:30,47.2,33.4,78.1,0.728,28.0,18.1,3.59,0.305,0.2923717047227366,-0.9563047559630355,-0.9338372288229252,0.35769823883312546
3409482,"Bandra Kurla Complex, Mumbai - MPCB",HE,2025-10-24 00:00:00+05:30,21.6,33.3,78.1,0.739,24.4,16.4,2.33,0.267,0.8660254037844387,-0.4999999999999998,-0.9275416835791965,0.3737197147904692
3409482,"Bandra Kurla Complex, Mumbai - MPCB",HE,2025-10-25 00:00:00+05:30,11.2,33.2,78.1,0.514,19.8,8.75,2.88,0.304,0.9205048534524403,-0.3907311284892738,-0.9209712877166347,0.38963044953078774
3409482,"Bandra Kurla Complex, Mumbai - MPCB",HE,2025-10-26 00:00:00+05:30,19.3,33.2,78.1,0.529,19.5,3.39,3.25,0.259,0.9396926207859084,-0.3420201433256687,-0.9141279881853337,0.4054257283599973
3409482,"Bandra Kurla Complex, Mumbai - MPCB",HE,2025-10-27 00:00:00+05:30,11.6,30.4,78.1,0.833,20.8,8.59,2.89,0.309,0.6293203910498374,-0.7771459614569709,-0.9070138128026362,0.42110087079608916
3409482,"Bandra Kurla Complex, Mumbai - MPCB",HE,2025-10-28 00:00:00+05:30,24.6,29.0,78.1,0.691,23.4,11.5,3.44,0.295,0.788010753606722,-0.6156614753256583,-0.8996308696522434,0.4366512319560638
3409482,"Bandra Kurla Complex, Mumbai - MPCB",HE,2025-10-29 00:00:00+05:30,30.8,30.0,78.1,0.927,25.3,15.5,3.29,0.218,0.9845031799744366,0.17536672609198709,-0.8919813464595487,0.45207220393230374
3409482,"Bandra Kurla Complex, Mumbai - MPCB",HE,2025-10-30 00:00:00+05:30,22.3,30.7,78.1,0.639,24.4,14.8,2.26,0.301,0.981627183447664,-0.1908089953765448,-0.8840675099433637,0.46735921715800205
3409482,"Bandra Kurla Complex, Mumbai - MPCB",HE,2025-10-31 00:00:00+05:30,20.9,30.9,78.1,,25.9,6.58,1.91,0.405,,,-0.8758917051442433,0.48250774176121763
3409482,"Bandra Kurla Complex, Mumbai - MPCB",HE,2025-11-01 00:00:00+05:30,18.4,31.8,78.1,0.836,21.2,7.53,2.88,0.434,0.984807753012208,0.17364817766693041,-0.8674563547295971,0.4975132889071803
3409482,"Bandra Kurla Complex, Mumbai - MPCB",HE,2025-11-02 00:00:00+05:30,15.1,31.6,78.1,0.637,18.4,6.78,1.92,0.312,0.9950555699612263,-0.09931974974363898,-0.858763958275803,0.5123714121284235
3409482,"Bandra Kurla Complex, Mumbai - MPCB",HE,2025-11-03 00:00:00+05:30,14.3,31.3,78.1,1.29,18.9,10.9,3.1,0.381,0.8813034520649922,0.47255076486905406,-0.8498170915275277,0.5270777086423724
3409482,"Bandra Kurla Complex, Mumbai - MPCB",HE,2025-11-04 00:00:00+05:30,21.6,30.4,78.1,1.55,17.7,24.8,2.07,0.3,0.7289686274214114,0.6845471059286887,-0.8406184056344783,0.5416278206559811
3409482,"Bandra Kurla Complex, Mumbai - MPCB",HE,2025-11-05 00:00:00+05:30,24.1,27.9,78.1,1.3,22.5,18.6,1.7,0.284,0.92783625389892,0.37298778257580895,-0.8311706263658079,0.5560174366570446
3409482,"Bandra Kurla Complex, Mumbai - MPCB",HE,2025-11-06 00:00:00+05:30,41.6,27.6,78.1,1.12,23.3,27.5,4.72,0.468,0.9997014897811831,0.024432178152653247,-0.8214765533024145,0.5702422926917867
3409482,"Bandra Kurla Complex, Mumbai - MPCB",HE,2025-11-07 00:00:00+05:30,66.7,28.3,78.1,1.01,36.9,38.7,4.43,0.389,0.9937679191605964,0.11146893220632569,-0.8115390590073611,0.5842981736283683
3409482,"Bandra Kurla Complex, Mumbai - MPCB",HE,2025-11-08 00:00:00+05:30,50.5,,78.1,0.936,40.4,25.4,3.31,0.56,,,-0.801361088174677,0.5981809144059158
3409482,"Bandra Kurla Complex, Mumbai - MPCB",HE,2025-11-09 00:00:00+05:30,55.7,,78.1,0.973,36.5,30.6,4.22,0.342,0.9841956079692419,0.17708474031958338,-0.7909456567567774,0.6118864012687242
3409482,"Bandra Kurla Complex, Mumbai - MPCB",HE,2025-11-10 00:00:00+05:30,47.3,28.1,78.1,1.23,53.6,12.7,2.66,0.66,0.958819734868193,0.28401534470392276,-0.780295851070776,0.6254105729852457
3409482,"Bandra Kurla Complex, Mumbai - MPCB",HE,2025-11-11 00:00:00+05:30,63.0,28.2,78.1,1.2,40.6,44.0,5.48,0.763,0.9997426093226983,-0.02268733357278122,-0.7694148268839381,0.6387494220515268
3409482,"Bandra Kurla Complex, Mumbai - MPCB",HE,2025-11-12 00:00:00+05:30,67.7,28.4,78.1,0.88,55.2,31.6,4.06,0.594,0.5591929034707469,-0.8290375725550416,-0.7583058084785625,0.6518989958787125
3409482,"Bandra Kurla Complex, Mumbai - MPCB",HE,2025-11-13 00:00:00+05:30,66.5,27.8,78.1,0.941,59.8,26.9,5.05,0.36,0.7547095802227721,-0.6560590289905072,-0.7469720876965551,0.6648553979642866
3409482,"Bandra Kurla Complex, Mumbai - MPCB",HE,2025-11-14 00:00:00+05:30,70.3,27.4,78.7,1.18,48.5,45.8,4.71,0.488,0.9743700647852352,-0.22495105434386503,-0.7354170229639858,0.6776147890466887
3409482,"Bandra Kurla Complex, Mumbai - MPCB",HE,2025-11-15 00:00:00+05:30,60.5,25.6,72.1,0.88,53.1,33.4,4.65,0.45,0.7986355100472927,-0.6018150231520484,-0.7236440382959124,0.690173388242972
3409482,"Bandra Kurla Complex, Mumbai - MPCB",HE,2025-11-16 00:00:00+05:30,54.7,25.9,72.1,0.889,45.9,38.5,5.35,0.763,0.8987940462991669,-0.4383711467890775,-0.711656622281775,0.7025274741691566
3409482,"Bandra Kurla Complex, Mumbai - MPCB",HE,2025-11-17 00:00:00+05:30,60.9,28.5,64.4,0.836,46.2,54.7,6.14,0.402,0.9135454576426009,-0.40673664307580026,-0.6994583270516471,0.7146733860429608
3409482,"Bandra Kurla Complex, Mumbai - MPCB",HE,2025-11-18 00:00:00+05:30,,29.1,49.3,0.858,59.2,26.1,3.41,0.849,0.9933727656003964,0.11493715049286661,-0.6870527672236675,0.7266075247685652
3409482,"Bandra Kurla Complex, Mumbai - MPCB",HE,2025-11-19 00:00:00+05:30,56.4,27.5,36.3,0.942,58.5,32.0,4.56,0.618,0.9612616959383189,-0.27563735581699905,-0.6744436188329457,0.7383263540031063
3409482,"Bandra Kurla Complex, Mumbai - MPCB",HE,2025-11-20 00:00:00+05:30,55.8,28.8,64.2,0.99,60.3,39.1,3.94,0.535,0.981627183447664,-0.1908089953765448,-0.661634618242279,0.749826401204568
3409482,"Bandra Kurla Complex, Mumbai - MPCB",HE,2025-11-21 00:00:00+05:30,,30.5,60.4,0.988,58.0,48.5,3.84,0.807,0.9945218953682733,0.10452846326765346,-0.6486295610349818,0.7611042586607742
3409482,"Bandra Kurla Complex, Mumbai - MPCB",HE,2025-11-22 00:00:00+05:30,,30.5,60.4,0.968,61.0,36.5,5.27,1.04,0.9964928592495044,0.08367784333231544,-0.6354323008901775,0.7721565844991641
3409482,"Bandra Kurla Complex, Mumbai - MPCB",HE,2025-11-23 00:00:00+05:30,68.0,30.5,60.4,1.29,55.2,31.4,2.78,0.741,0.9291325715340562,0.36974675727382933,-0.622046748440868,0.7829801036770624
3409482,"Bandra Kurla Complex, Mumbai - MPCB",HE,2025-11-24 00:00:00+05:30,58.3,29.7,64.2,1.51,47.5,30.5,2.4,0.81,0.869494929505219,0.49394186658423106,-0.6084768701151264,0.7935716089521472
3409482,"Bandra Kurla Complex, Mumbai - MPCB",HE,2025-11-25 00:00:00+05:30,61.5,27.9,70.5,1.39,51.3,30.4,2.55,0.787,0.9304175679820246,0.3665012267242973,-0.594726686960764,0.8039279618328208
3409482,"Bandra Kurla Complex, Mumbai - MPCB",HE,2025-11-26 00:00:00+05:30,67.4,29.1,72.1,1.39,54.0,40.2,4.01,0.703,0.9040825496607784,0.4273578633871923,-0.5808002734538013,0.8140460935082175
3409482,"Bandra Kurla Complex, Mumbai - MPCB",HE,2025-11-27 00:00:00+05:30,66.3,29.6,72.1,1.56,49.8,43.4,2.76,0.596,0.9819587126964436,0.1890954429898915,-0.5667017562911184,0.8239230057575536
3409482,"Bandra Kurla Complex, Mumbai - MPCB",HE,2025-11-28 00:00:00+05:30,67.4,29.7,72.1,1.47,49.3,29.1,2.43,0.739,0.9291325715340562,0.36974675727382933,-0.5524353131676203,0.8335557718385695
3409482,"Bandra Kurla Complex, Mumbai - MPCB",HE,2025-11-29 00:00:00+05:30,60.3,29.5,72.1,1.08,52.5,18.8,3.03,0.0793,0.9997806834748455,-0.020942419883356926,-0.5380051715382992,0.8429415373547832
3409482,"Bandra Kurla Complex, Mumbai - MPCB",HE,2025-11-30 00:00:00+05:30,62.4,29.5,72.1,0.818,52.8,28.0,4.86,0.613,0.9205048534524403,-0.3907311284892738,-0.5234156073655503,0.8520775211013093
3409482,"Bandra Kurla Complex, Mumbai - MPCB",HE,2025-12-01 00:00:00+05:30,90.9,20.4,67.1,0.872,36.4,30.7,4.56,0.636,0.9727758782093965,0.2317479034941575,-0.5086709438521042,0.8609610158889945
3409482,"Bandra Kurla Complex, Mumbai - MPCB",HE,2025-12-02 00:00:00+05:30,177.0,16.6,65.6,0.73,21.7,7.66,1.83,0.625,0.9547607995027975,0.2973748740777859,-0.49377555015997737,0.8695893893466109
3409482,"Bandra Kurla Complex, Mumbai - MPCB",HE,2025-12-03 00:00:00+05:30,,25.3,71.2,0.849,58.9,23.5,5.17,0.811,0.9900236577165575,0.14090123193758258,-0.4787338401157883,0.8779600847008883
3409482,"Bandra Kurla Complex, Mumbai - MPCB",HE,2025-12-04 00:00:00+05:30,83.2,23.0,68.8,1.07,51.9,17.1,7.2,0.682,0.8949343616020251,0.4461978131098087,-0.4635502709028512,0.8860706215341378
3409482,"Bandra Kurla Complex, Mumbai - MPCB",HE,2025-12-05 00:00:00+05:30,56.9,25.0,51.5,0.919,51.8,19.2,6.97,0.582,0.9997014897811831,0.024432178152653247,-0.4482293417404106,0.893918596519257
3409482,"Bandra Kurla Complex, Mumbai - MPCB",HE,2025-12-06 00:00:00+05:30,84.6,28.6,47.1,1.14,51.7,40.1,11.8,0.6,0.9935718556765875,0.11320321376790683,-0.4327755925504317,0.9015016841318838
3409482,"Bandra Kurla Complex, Mumbai - MPCB",HE,2025-12-07 00:00:00+05:30,56.6,28.7,47.1,1.12,52.3,50.5,6.73,0.601,,,-0.41719360261231697,0.9088176373395028
3409482,"Bandra Kurla Complex, Mumbai - MPCB",HE,2025-12-08 00:00:00+05:30,72.4,28.6,47.1,1.17,50.5,23.1,7.42,0.693,0.980614658546613,0.1959461442425177,-0.4014879892059737,0.9158642882672868
3409482,"Bandra Kurla Complex, Mumbai - MPCB",HE,2025-12-09 00:00:00+05:30,67.5,27.5,47.1,0.847,52.0,17.9,7.23,0.38,0.9929655081065369,-0.11840396830650082,-0.38566340624360745,0.9226395488404875
3409482,"Bandra Kurla Complex, Mumbai - MPCB",HE,2025-12-10 00:00:00+05:30,70.4,28.7,47.1,0.745,45.8,15.2,6.92,0.523,0.9781476007338057,-0.20791169081775934,-0.3697245428906732,0.9291414114031743
3409482,"Bandra Kurla Complex, Mumbai - MPCB",HE,2025-12-11 00:00:00+05:30,57.5,26.7,45.9,0.785,53.0,18.3,6.4,0.358,0.8910065241883679,-0.45399049973954675,-0.3536761221763721,0.935367949313148
3409482,"Bandra Kurla Complex, Mumbai - MPCB",HE,2025-12-12 00:00:00+05:30,52.5,28.4,47.1,1.04,53.2,28.4,6.92,0.511,0.984807753012208,-0.1736481776669303,-0.33752289959411347,0.941317317512847
3409482,"Bandra Kurla Complex, Mumbai - MPCB",HE,2025-12-13 00:00:00+05:30,64.2,28.5,47.1,1.01,54.2,28.5,6.36,0.798,0.9781476007338057,-0.20791169081775934,-0.32126966169236515,0.9469877530760751
3409482,"Bandra Kurla Complex, Mumbai - MPCB",HE,2025-12-14 00:00:00+05:30,78.6,29.0,47.0,,51.0,32.5,12.9,0.962,,,-0.3049212246562894,0.9523775757303973
3409482,"Bandra Kurla Complex, Mumbai - MPCB",HE,2025-12-15 00:00:00+05:30,74.6,29.1,47.1,1.05,57.2,14.8,8.97,2.54,0.8480480961564261,-0.5299192642332048,-0.2884824328806098,0.9574851883550389
3409482,"Bandra Kurla Complex, Mumbai - MPCB",HE,2025-12-16 00:00:00+05:30,67.6,29.4,47.1,0.979,38.1,29.3,9.04,0.382,0.90630778703665,-0.42261826174069933,-0.27195815753410524,0.9623090774541487
3409482,"Bandra Kurla Complex, Mumbai - MPCB",HE,2025-12-17 00:00:00+05:30,76.8,30.4,47.1,0.915,58.8,26.5,8.47,2.8,0.838670567945424,-0.5446390350150271,-0.2553532951161881,0.9668478136052773
3409482,"Bandra Kurla Complex, Mumbai - MPCB",HE,2025-12-18 00:00:00+05:30,59.3,30.6,46.7,0.908,56.2,24.0,7.56,0.803,0.9659258262890683,-0.25881904510252085,-0.23867276600594997,0.9711000518829505
3409482,"Bandra Kurla Complex, Mumbai - MPCB",HE,2025-12-19 00:00:00+05:30,53.0,28.0,38.1,1.04,51.3,27.7,6.0,2.33,0.9702957262759965,-0.24192189559966779,-0.22192151300416674,0.9750645322571945
3409482,"Bandra Kurla Complex, Mumbai - MPCB",HE,2025-12-20 00:00:00+05:30,34.4,27.6,53.0,0.973,46.2,14.6,4.07,2.46,0.9135454576426009,-0.40673664307580026,-0.20510449986861926,0.9787400799669153
3409482,"Bandra Kurla Complex, Mumbai - MPCB",HE,2025-12-21 00:00:00+05:30,53.6,27.0,51.1,0.932,45.2,21.6,6.11,1.67,0.6691306063588583,-0.7431448254773941,-0.1882267098432439,0.9821256058680006
3409482,"Bandra Kurla Complex, Mumbai - MPCB",HE,2025-12-22 00:00:00+05:30,69.7,26.8,48.5,,51.6,17.1,7.38,0.473,,,-0.1712931441814778,0.9852201067560606
3409482,"Bandra Kurla Complex, Mumbai - MPCB",HE,2025-12-23 00:00:00+05:30,48.1,26.9,45.1,0.991,48.0,21.8,8.74,0.604,0.8829475928589269,-0.4694715627858909,-0.154308820664281,0.9880226656636976
3409482,"Bandra Kurla Complex, Mumbai - MPCB",HE,2025-12-24 00:00:00+05:30,31.0,26.3,44.7,0.886,33.1,18.7,7.8,0.324,0.90630778703665,-0.42261826174069933,-0.13727877211326517,0.9905324521322227
3409482,"Bandra Kurla Complex, Mumbai - MPCB",HE,2025-12-25 00:00:00+05:30,54.3,26.8,47.7,1.03,45.6,23.3,9.51,0.309,0.981627183447664,-0.1908089953765448,-0.12020804489935275,0.9927487224577402
3409482,"Bandra Kurla Complex, Mumbai - MPCB",HE,2025-12-26 00:00:00+05:30,77.2,27.1,48.1,1.07,37.3,31.3,4.67,0.316,0.9455185755993168,-0.32556815445715664,-0.10310169744743544,0.9946708199115211
3409482,"Bandra Kurla Complex, Mumbai - MPCB",HE,2025-12-27 00:00:00+05:30,75.8,,48.4,1.06,42.5,22.7,3.88,0.313,0.9335804264972017,-0.35836794954530027,-0.0859647987374467,0.9962981749346077
3409482,"Bandra Kurla Complex, Mumbai - MPCB",HE,2025-12-28 00:00:00+05:30,71.7,27.8,49.0,1.06,44.9,24.9,8.98,0.324,0.9455185755993168,-0.32556815445715664,-0.06880242680232064,0.9976303053065857
3409482,"Bandra Kurla Complex, Mumbai - MPCB",HE,2025-12-29 00:00:00+05:30,55.4,28.0,49.0,1.22,52.6,33.8,11.2,0.318,0.9659258262890683,-0.25881904510252085,-0.05161966722325418,0.9986668162884759
3409482,"Bandra Kurla Complex, Mumbai - MPCB",HE,2025-12-30 00:00:00+05:30,53.5,29.8,49.0,1.1,49.8,29.9,10.9,0.315,0.9832549075639546,0.18223552549214744,-0.034421611622745804,0.9994074007397048
3409482,"Bandra Kurla Complex, Mumbai - MPCB",HE,2025-12-31 00:00:00+05:30,35.0,29.1,49.0,1.28,44.6,27.1,6.69,0.334,0.8535507972753275,0.5210096318405762,-0.01721335615583528,0.9998518392091162
3409482,"Bandra Kurla Complex, Mumbai - MPCB",HE,2026-01-01 00:00:00+05:30,39.6,28.5,49.0,1.14,31.4,10.1,5.61,0.329,0.9719610005785463,0.23514211310258998,0.0,1.0
3409482,"Bandra Kurla Complex, Mumbai - MPCB",HE,2026-01-02 00:00:00+05:30,40.6,28.4,49.0,0.972,35.0,15.5,5.31,0.317,0.8829475928589269,-0.4694715627858909,0.017213356155834685,0.9998518392091162
3409482,"Bandra Kurla Complex, Mumbai - MPCB",HE,2026-01-03 00:00:00+05:30,40.7,28.7,49.0,1.21,47.1,12.9,5.65,0.319,0.9937679191605964,0.11146893220632569,0.03442161162274574,0.9994074007397048
3409482,"Bandra Kurla Complex, Mumbai - MPCB",HE,2026-01-04 00:00:00+05:30,40.7,29.1,49.0,1.26,36.9,13.2,5.8,0.321,0.9999862922474267,0.005235963831419537,0.051619667223253764,0.998666816288476
3409482,"Bandra Kurla Complex, Mumbai - MPCB",HE,2026-01-05 00:00:00+05:30,40.7,28.9,49.0,1.24,49.6,18.1,5.93,0.329,0.8660254037844387,-0.4999999999999998,0.06880242680231986,0.9976303053065857
3409482,"Bandra Kurla Complex, Mumbai - MPCB",HE,2026-01-06 00:00:00+05:30,40.6,28.5,49.1,1.16,48.0,20.8,6.4,0.323,0.9781476007338057,-0.20791169081775934,0.08596479873744647,0.9962981749346078
3409482,"Bandra Kurla Complex, Mumbai - MPCB",HE,2026-01-07 00:00:00+05:30,40.5,28.7,49.0,1.09,52.3,24.3,7.38,0.314,0.40673664307580043,-0.9135454576426008,0.10310169744743485,0.9946708199115211
3409482,"Bandra Kurla Complex, Mumbai - MPCB",HE,2026-01-08 00:00:00+05:30,40.7,28.0,49.0,0.945,50.8,17.5,8.36,0.314,0.6946583704589971,-0.7193398003386513,0.1202080448993527,0.9927487224577402
3409482,"Bandra Kurla Complex, Mumbai - MPCB",HE,2026-01-09 00:00:00+05:30,40.6,27.6,49.0,1.17,43.0,22.8,7.29,0.314,0.4383711467890773,-0.898794046299167,0.13727877211326478,0.9905324521322229
3409482,"Bandra Kurla Complex, Mumbai - MPCB",HE,2026-01-10 00:00:00+05:30,40.6,30.6,49.1,1.1,47.7,22.8,7.75,0.315,0.4383711467890773,-0.898794046299167,0.15430882066428117,0.9880226656636976
3409482,"Bandra Kurla Complex, Mumbai - MPCB",HE,2026-01-20 00:00:00+05:30,117.0,29.7,55.1,0.79,75.0,4.06,4.63,0.309,-0.1045284632676535,-0.9945218953682733,0.3212696616923644,0.9469877530760753
3409482,"Bandra Kurla Complex, Mumbai - MPCB",HE,2026-01-21 00:00:00+05:30,75.0,30.5,56.4,1.01,62.9,20.8,5.54,0.319,0.6819983600624985,-0.7313537016191705,0.3375228995941133,0.9413173175128471
3409482,"Bandra Kurla Complex, Mumbai - MPCB",HE,2026-01-22 00:00:00+05:30,68.0,30.2,58.1,1.08,24.4,28.0,5.62,0.318,0.9510565162951536,-0.30901699437494734,0.3536761221763716,0.9353679493131483
3409482,"Bandra Kurla Complex, Mumbai - MPCB",HE,2026-01-23 00:00:00+05:30,36.3,29.7,58.1,0.76,36.5,19.0,3.76,0.321,0.9914448613738104,-0.1305261922200516,0.3697245428906731,0.9291414114031743
3409482,"Bandra Kurla Complex, Mumbai - MPCB",HE,2026-01-24 00:00:00+05:30,37.6,29.6,58.1,0.934,36.0,23.5,3.21,0.32,0.5446390350150273,-0.8386705679454239,0.38566340624360707,0.9226395488404876
3409482,"Bandra Kurla Complex, Mumbai - MPCB",HE,2026-01-25 00:00:00+05:30,41.2,30.2,58.1,1.24,33.5,21.9,3.13,0.319,0.9335804264972017,-0.35836794954530027,0.401487989205973,0.9158642882672872
3409482,"Bandra Kurla Complex, Mumbai - MPCB",HE,2026-01-26 00:00:00+05:30,3.36,33.9,58.1,1.24,0.108,3.42,0.286,0.318,0.9702957262759965,-0.24192189559966779,0.4171936026123168,0.9088176373395029
3409482,"Bandra Kurla Complex, Mumbai - MPCB",HE,2026-01-27 00:00:00+05:30,15.0,34.7,60.3,0.825,12.6,17.8,1.93,0.328,0.998440764181981,0.05582150499316394,0.4327755925504312,0.901501684131884
3409482,"Bandra Kurla Complex, Mumbai - MPCB",HE,2026-01-28 00:00:00+05:30,26.6,28.2,62.1,1.22,11.9,29.4,3.8,0.322,0.9396926207859084,-0.3420201433256687,0.4482293417404106,0.893918596519257
3409482,"Bandra Kurla Complex, Mumbai - MPCB",HE,2026-01-29 00:00:00+05:30,43.7,28.2,62.1,1.11,51.2,25.6,3.83,0.323,0.9335804264972017,-0.35836794954530027,0.4635502709028509,0.886070621534138
3409482,"Bandra Kurla Complex, Mumbai - MPCB",HE,2026-01-30 00:00:00+05:30,59.2,29.4,53.9,1.41,47.6,18.8,3.01,0.274,0.9963452961909064,-0.08541692313736786,0.47873384011578846,0.8779600847008882
3409482,"Bandra Kurla Complex, Mumbai - MPCB",HE,2026-01-31 00:00:00+05:30,52.3,29.7,45.1,1.4,38.3,22.0,3.01,0.22,0.8562670846003282,0.5165333288666419,0.49377555015997715,0.869589389346611
3409482,"Bandra Kurla Complex, Mumbai - MPCB",HE,2026-02-01 00:00:00+05:30,59.6,29.6,45.1,0.932,33.2,14.4,2.74,0.213,0.9335804264972017,-0.35836794954530027,0.5086709438521044,0.8609610158889943
3409482,"Bandra Kurla Complex, Mumbai - MPCB",HE,2026-02-02 00:00:00+05:30,85.6,29.0,45.1,1.15,13.7,8.1,4.19,0.232,0.777145961456971,-0.6293203910498373,0.5234156073655503,0.8520775211013093
3409482,"Bandra Kurla Complex, Mumbai - MPCB",HE,2026-02-03 00:00:00+05:30,73.8,29.1,45.1,1.28,22.7,55.2,5.06,0.193,0.7547095802227721,-0.6560590289905072,0.5380051715382996,0.8429415373547828
3409482,"Bandra Kurla Complex, Mumbai - MPCB",HE,2026-02-04 00:00:00+05:30,66.9,29.8,45.1,1.27,42.0,41.1,5.04,0.218,0.49999999999999994,-0.8660254037844387,0.5524353131676196,0.8335557718385699
3409482,"Bandra Kurla Complex, Mumbai - MPCB",HE,2026-02-05 00:00:00+05:30,69.2,29.6,45.1,1.07,50.7,21.2,5.21,0.218,0.49999999999999994,-0.8660254037844387,0.5667017562911176,0.8239230057575542
3409482,"Bandra Kurla Complex, Mumbai - MPCB",HE,2026-02-06 00:00:00+05:30,66.3,28.5,45.1,1.17,26.2,23.6,4.7,0.221,0.15643446504023098,-0.9876883405951377,0.5808002734538009,0.8140460935082178
3409482,"Bandra Kurla Complex, Mumbai - MPCB",HE,2026-02-07 00:00:00+05:30,69.9,28.8,45.1,1.2,47.3,29.8,4.97,0.213,0.2249510543438652,-0.9743700647852351,0.5947266869607634,0.8039279618328213
3409482,"Bandra Kurla Complex, Mumbai - MPCB",HE,2026-02-09 00:00:00+05:30,57.0,28.7,45.1,1.13,41.0,46.8,5.59,0.219,0.9743700647852352,-0.22495105434386503,0.6220467484408675,0.7829801036770629
3409482,"Bandra Kurla Complex, Mumbai - MPCB",HE,2026-02-10 00:00:00+05:30,48.7,28.4,45.1,0.856,50.3,31.3,5.29,0.22,0.766044443118978,-0.6427876096865394,0.6354323008901774,0.7721565844991642
3409482,"Bandra Kurla Complex, Mumbai - MPCB",HE,2026-02-11 00:00:00+05:30,68.6,28.6,45.1,1.03,54.3,20.4,7.23,0.221,0.5591929034707469,-0.8290375725550416,0.6486295610349814,0.7611042586607747
3409482,"Bandra Kurla Complex, Mumbai - MPCB",HE,2026-02-12 00:00:00+05:30,65.8,29.6,46.3,0.912,53.3,29.6,3.04,0.218,0.6691306063588583,-0.7431448254773941,0.6616346182422783,0.7498264012045686
3409482,"Bandra Kurla Complex, Mumbai - MPCB",HE,2026-02-13 00:00:00+05:30,65.2,29.9,47.1,0.887,58.4,30.0,6.67,0.217,0.6691306063588583,-0.7431448254773941,0.6744436188329455,0.7383263540031065
3409482,"Bandra Kurla Complex, Mumbai - MPCB",HE,2026-02-14 00:00:00+05:30,69.6,29.8,47.1,1.1,54.1,33.5,7.8,0.219,0.19080899537654497,-0.981627183447664,0.6870527672236669,0.7266075247685656
3409482,"Bandra Kurla Complex, Mumbai - MPCB",HE,2026-02-15 00:00:00+05:30,81.2,29.7,47.1,1.17,46.3,21.9,8.33,0.223,0.4694715627858907,-0.882947592858927,0.699458327051647,0.7146733860429609
3409482,"Bandra Kurla Complex, Mumbai - MPCB",HE,2026-02-16 00:00:00+05:30,74.9,29.2,47.1,,60.1,2.98,7.74,0.217,,,0.7116566222817746,0.7025274741691571
3409482,"Bandra Kurla Complex, Mumbai - MPCB",HE,2026-02-17 00:00:00+05:30,60.5,30.2,47.1,0.929,25.0,45.6,5.64,0.228,0.9510565162951536,-0.30901699437494734,0.7236440382959124,0.6901733882429719
3409482,"Bandra Kurla Complex, Mumbai - MPCB",HE,2026-02-18 00:00:00+05:30,20.3,30.4,47.1,0.616,20.5,24.6,5.3,0.21,0.8090169943749475,-0.587785252292473,0.7354170229639855,0.6776147890466889
3409482,"Bandra Kurla Complex, Mumbai - MPCB",HE,2026-02-19 00:00:00+05:30,54.0,29.7,47.1,0.926,36.4,61.0,6.09,0.215,0.8862035792312147,0.4632960351198618,0.7469720876965552,0.6648553979642865
3409482,"Bandra Kurla Complex, Mumbai - MPCB",HE,2026-02-20 00:00:00+05:30,74.1,30.0,47.1,1.39,50.0,41.5,5.99,0.217,0.7547095802227721,-0.6560590289905072,0.7583058084785624,0.6518989958787126
3409482,"Bandra Kurla Complex, Mumbai - MPCB",HE,2026-02-21 00:00:00+05:30,56.8,30.1,47.1,1.44,58.2,46.4,8.66,0.221,0.06975647374412552,-0.9975640502598242,0.7694148268839378,0.6387494220515272
3409482,"Bandra Kurla Complex, Mumbai - MPCB",HE,2026-02-22 00:00:00+05:30,61.5,30.3,47.1,1.45,36.7,31.4,7.11,0.218,0.6691306063588583,-0.7431448254773941,0.7802958510707755,0.6254105729852463
3409482,"Bandra Kurla Complex, Mumbai - MPCB",HE,2026-02-23 00:00:00+05:30,45.6,30.1,47.1,1.43,32.4,44.4,7.02,0.231,0.3583679495453002,-0.9335804264972017,0.7909456567567772,0.6118864012687243
3409482,"Bandra Kurla Complex, Mumbai - MPCB",HE,2026-02-24 00:00:00+05:30,46.6,30.1,47.1,1.13,45.9,34.2,5.43,0.219,0.6427876096865395,-0.7660444431189779,0.8013610881746766,0.5981809144059165
3409482,"Bandra Kurla Complex, Mumbai - MPCB",HE,2026-02-25 00:00:00+05:30,42.5,30.0,47.1,0.914,43.7,27.0,6.64,0.221,0.5735764363510459,-0.8191520442889919,0.8115390590073611,0.5842981736283684
3409482,"Bandra Kurla Complex, Mumbai - MPCB",HE,2026-02-26 00:00:00+05:30,13.3,29.9,47.1,0.932,17.6,23.4,4.65,0.223,0.0871557427476582,-0.9961946980917455,0.8214765533024142,0.5702422926917871
3409482,"Bandra Kurla Complex, Mumbai - MPCB",HE,2026-02-27 00:00:00+05:30,21.9,30.0,47.1,0.786,24.0,18.5,4.59,0.207,0.06975647374412552,-0.9975640502598242,0.8311706263658079,0.5560174366570446
3409482,"Bandra Kurla Complex, Mumbai - MPCB",HE,2026-02-28 00:00:00+05:30,22.5,30.5,47.1,0.977,25.5,20.1,3.94,0.22,0.13917310096006533,-0.9902680687415704,0.8406184056344782,0.5416278206559814
3409482,"Bandra Kurla Complex, Mumbai - MPCB",HE,2026-03-01 00:00:00+05:30,31.8,30.9,47.1,,22.7,28.4,4.7,0.22,,,0.8498170915275278,0.5270777086423722
3409482,"Bandra Kurla Complex, Mumbai - MPCB",HE,2026-03-02 00:00:00+05:30,25.1,30.4,47.1,0.773,35.4,23.6,4.53,0.214,0.37460659341591224,-0.9271838545667873,0.8587639582758029,0.5123714121284237
3409482,"Bandra Kurla Complex, Mumbai - MPCB",HE,2026-03-03 00:00:00+05:30,71.3,14.9,40.5,0.858,25.9,36.4,6.97,0.211,0.8660254037844387,-0.4999999999999998,0.8674563547295969,0.49751328890718066
3409482,"Bandra Kurla Complex, Mumbai - MPCB",HE,2026-03-04 00:00:00+05:30,43.1,26.8,45.9,1.51,28.8,32.4,8.0,0.217,0.4694715627858907,-0.882947592858927,0.8758917051442429,0.48250774176121847
3409482,"Bandra Kurla Complex, Mumbai - MPCB",HE,2026-03-05 00:00:00+05:30,23.2,,33.2,0.705,10.1,27.7,2.91,0.221,0.9995065603657316,0.031410759078128174,0.8840675099433636,0.4673592171580022
3409482,"Bandra Kurla Complex, Mumbai - MPCB",HE,2026-03-06 00:00:00+05:30,27.1,3.8,36.3,0.563,,46.0,,0.301,0.9747611941912218,0.2232501160109514,0.8919813464595485,0.45207220393230435
3409482,"Bandra Kurla Complex, Mumbai - MPCB",HE,2026-03-07 00:00:00+05:30,40.2,28.0,47.1,1.15,,74.6,,0.46,0.9563047559630355,-0.29237170472273666,0.8996308696522433,0.43665123195606403
3409482,"Bandra Kurla Complex, Mumbai - MPCB",HE,2026-03-08 00:00:00+05:30,73.2,29.4,47.1,1.01,30.6,,7.95,0.46,0.12186934340514755,-0.992546151641322,0.9070138128026359,0.4211008707960896
3409482,"Bandra Kurla Complex, Mumbai - MPCB",HE,2026-03-09 00:00:00+05:30,39.2,29.5,47.1,1.13,34.3,76.0,7.83,0.335,0.10452846326765373,-0.9945218953682733,0.9141279881853337,0.40542572835999735
3409482,"Bandra Kurla Complex, Mumbai - MPCB",HE,2026-03-10 00:00:00+05:30,30.0,29.7,47.0,1.43,22.9,75.9,8.83,0.383,-0.275637355816999,-0.9612616959383189,0.9209712877166346,0.38963044953078796
3409482,"Bandra Kurla Complex, Mumbai - MPCB",HE,2026-03-11 00:00:00+05:30,45.1,29.4,47.1,1.11,35.6,68.5,3.84,0.321,0.7431448254773942,-0.6691306063588582,0.9275416835791966,0.37371971479046906
3409482,"Bandra Kurla Complex, Mumbai - MPCB",HE,2026-03-12 00:00:00+05:30,27.5,29.6,47.1,1.19,14.5,42.3,5.36,0.293,0.7547095802227721,-0.6560590289905072,0.9338372288229252,0.35769823883312546
3409482,"Bandra Kurla Complex, Mumbai - MPCB",HE,2026-03-13 00:00:00+05:30,44.2,29.8,47.1,0.9,23.9,30.7,,0.3,0.3420201433256689,-0.9396926207859083,0.9398560579418954,0.3415707691678556
3409482,"Bandra Kurla Complex, Mumbai - MPCB",HE,2026-03-14 00:00:00+05:30,44.8,30.1,47.1,1.06,6.61,16.6,1.79,0.3,0.6560590289905073,-0.754709580222772,0.9455963874271426,0.3253420847119801
3409482,"Bandra Kurla Complex, Mumbai - MPCB",HE,2026-03-15 00:00:00+05:30,43.8,29.7,47.1,1.09,13.6,14.4,,0.3,0.9335804264972017,-0.35836794954530027,0.9510565162951535,0.30901699437494745
3409482,"Bandra Kurla Complex, Mumbai - MPCB",HE,2026-03-16 00:00:00+05:30,33.4,30.4,47.1,1.02,12.0,14.0,,0.3,0.9563047559630355,-0.29237170472273666,0.9562348265919056,0.29260033563334836
3409482,"Bandra Kurla Complex, Mumbai - MPCB",HE,2026-03-17 00:00:00+05:30,26.9,30.9,47.1,1.06,15.0,15.1,,0.3,0.838670567945424,-0.5446390350150271,0.9611297838723007,0.27609697309746883
3409482,"Bandra Kurla Complex, Mumbai - MPCB",HE,2026-03-18 00:00:00+05:30,22.4,30.8,47.1,0.972,13.9,12.0,,0.3,0.838670567945424,-0.5446390350150271,0.9657399376548549,0.2595117970697999
3409482,"Bandra Kurla Complex, Mumbai - MPCB",HE,2026-03-19 00:00:00+05:30,30.6,30.7,47.1,1.09,12.6,10.0,,0.3,0.9205048534524403,-0.3907311284892738,0.9700639218515071,0.2428497220959356
3409482,"Bandra Kurla Complex, Mumbai - MPCB",HE,2026-03-20 00:00:00+05:30,31.8,30.4,47.1,0.798,14.0,4.39,,0.3,0.3255681544571566,-0.9455185755993168,0.9741004551724205,0.22611568550828828
3409482,"Bandra Kurla Complex, Mumbai - MPCB",HE,2026-03-21 00:00:00+05:30,21.7,30.8,47.1,1.07,14.4,16.8,,0.157,0.37460659341591224,-0.9271838545667873,0.9778483415056568,0.20931464596304847
3409482,"Bandra Kurla Complex, Mumbai - MPCB",HE,2026-03-22 00:00:00+05:30,38.1,30.8,47.1,0.79,20.6,28.5,,0.0,0.6018150231520482,-0.7986355100472929,0.9813064702716093,0.19245158197082998
3409482,"Bandra Kurla Complex, Mumbai - MPCB",HE,2026-03-23 00:00:00+05:30,47.1,31.3,47.1,0.916,12.5,30.3,,0.126,0.2756373558169992,-0.9612616959383189,0.9844738167520922,0.1755314904214282
3409482,"Bandra Kurla Complex, Mumbai - MPCB",HE,2026-03-24 00:00:00+05:30,38.7,32.8,44.3,1.1,21.3,27.4,2.49,0.223,0.5735764363510459,-0.8191520442889919,0.9873494423939864,0.15855938510313475
3409482,"Bandra Kurla Complex, Mumbai - MPCB",HE,2026-03-25 00:00:00+05:30,27.3,31.9,39.1,1.1,20.4,21.1,1.03,0.201,0.6293203910498374,-0.7771459614569709,0.989932495087353,0.141540295217043
3409482,"Bandra Kurla Complex, Mumbai - MPCB",HE,2026-03-26 00:00:00+05:30,38.2,31.9,39.1,0.897,23.7,24.1,,0.194,0.7193398003386511,-0.6946583704589974,0.9922222094179323,0.12447926388678915
3409482,"Bandra Kurla Complex, Mumbai - MPCB",HE,2026-03-27 00:00:00+05:30,60.4,31.2,39.1,1.69,15.7,8.08,,0.202,0.5877852522924732,-0.8090169943749473,0.994217906893952,0.10738134666416309
3409482,"Bandra Kurla Complex, Mumbai - MPCB",HE,2026-03-28 00:00:00+05:30,22.7,31.1,39.1,1.17,18.7,12.2,1.66,0.208,0.9943379441332046,-0.10626407133623318,0.995918996147179,0.09025161003104117
3409482,"Bandra Kurla Complex, Mumbai - MPCB",HE,2026-03-29 00:00:00+05:30,32.0,31.3,39.1,1.08,10.3,4.86,2.56,0.204,0.9914448613738104,-0.1305261922200516,0.9973249731081555,0.07309512989807777
3409482,"Bandra Kurla Complex, Mumbai - MPCB",HE,2026-03-30 00:00:00+05:30,14.8,31.5,39.1,1.1,13.2,19.3,2.06,0.199,0.8480480961564261,-0.5299192642332048,0.9984354211555643,0.055916990100603484
3409482,"Bandra Kurla Complex, Mumbai - MPCB",HE,2026-03-31 00:00:00+05:30,25.8,32.2,39.1,1.05,17.5,44.0,2.63,0.202,0.8829475928589269,-0.4694715627858909,0.9992500112396835,0.03872228089217446
3409482,"Bandra Kurla Complex, Mumbai - MPCB",HE,2026-04-01 00:00:00+05:30,40.6,32.7,39.1,0.994,25.0,13.7,3.1,0.194,0.9997426093226983,0.02268733357278134,0.9997685019798909,0.021516097436222254
3409482,"Bandra Kurla Complex, Mumbai - MPCB",HE,2026-04-02 00:00:00+05:30,30.4,32.4,39.1,0.84,19.1,24.8,3.18,0.201,0.9271838545667874,-0.37460659341591207,0.9999907397361901,0.004303538296244289
3409482,"Bandra Kurla Complex, Mumbai - MPCB",HE,2026-04-03 00:00:00+05:30,28.9,32.1,39.1,1.01,18.0,30.4,3.01,0.201,0.9987193571841861,-0.05059294007671344,0.9999166586547379,-0.01291029607500882
3409482,"Bandra Kurla Complex, Mumbai - MPCB",HE,2026-04-04 00:00:00+05:30,19.3,32.3,39.1,1.13,14.3,18.1,17.0,0.191,0.997915618272179,-0.06453230825295789,0.9995462806873573,-0.030120304846908114
3409482,"Bandra Kurla Complex, Mumbai - MPCB",HE,2026-04-05 00:00:00+05:30,19.9,31.8,39.1,0.893,10.2,22.1,1.96,0.204,0.8660254037844387,-0.4999999999999998,0.9988797155850336,-0.04732138832243185
3409482,"Bandra Kurla Complex, Mumbai - MPCB",HE,2026-04-06 00:00:00+05:30,16.7,31.8,39.1,0.918,17.4,22.2,2.18,0.202,0.9950555699612262,0.0993197497436391,0.9979171608653922,-0.06450844944931623
3409482,"Bandra Kurla Complex, Mumbai - MPCB",HE,2026-04-07 00:00:00+05:30,19.4,32.1,39.1,1.01,14.5,21.7,2.37,0.201,0.985996037070505,-0.16676874671610223,0.9966589017541702,-0.08167639533042241
3409482,"Bandra Kurla Complex, Mumbai - MPCB",HE,2026-04-08 00:00:00+05:30,21.0,31.9,39.1,1.18,15.9,8.29,2.8,0.209,0.9958843986159703,-0.09063258019778021,0.9951053111006976,-0.09882013873287143
3409482,"Bandra Kurla Complex, Mumbai - MPCB",HE,2026-04-09 00:00:00+05:30,44.9,32.2,39.1,0.916,13.8,10.8,2.56,0.192,0.8829475928589269,-0.4694715627858909,0.9932568492674143,-0.11593459959550041
3409482,"Bandra Kurla Complex, Mumbai - MPCB",HE,2026-04-10 00:00:00+05:30,61.9,32.0,39.1,1.05,10.6,14.4,2.94,0.197,0.7431448254773942,-0.6691306063588582,0.9911140639934547,-0.1330147065341959
3409482,"Bandra Kurla Complex, Mumbai - MPCB",HE,2026-04-11 00:00:00+05:30,49.7,31.6,39.1,1.22,11.2,32.7,3.09,0.204,0.8660254037844387,-0.4999999999999998,0.9886775902323405,-0.1500553983446526
3409482,"Bandra Kurla Complex, Mumbai - MPCB",HE,2026-04-12 00:00:00+05:30,46.0,31.5,39.1,1.14,17.5,20.4,2.66,0.194,0.8480480961564261,-0.5299192642332048,0.9859481499638304,-0.16705162550211924
3409482,"Bandra Kurla Complex, Mumbai - MPCB",HE,2026-04-13 00:00:00+05:30,37.4,32.5,39.1,1.34,15.5,18.3,2.62,0.212,0.981627183447664,-0.1908089953765448,0.9829265519799822,-0.18399835165768005
3409482,"Bandra Kurla Complex, Mumbai - MPCB",HE,2026-04-14 00:00:00+05:30,48.0,32.4,39.1,1.06,16.5,18.4,2.63,0.198,0.6819983600624985,-0.7313537016191705,0.9796136916454901,-0.20089055513063506
3409482,"Bandra Kurla Complex, Mumbai - MPCB",HE,2026-04-15 00:00:00+05:30,31.2,31.6,39.1,1.2,18.1,16.2,2.56,0.204,0.9953961983671789,-0.09584575252022395,0.9760105506323683,-0.21772323039653177
3409482,"Bandra Kurla Complex, Mumbai - MPCB",HE,2026-04-16 00:00:00+05:30,27.2,32.7,39.1,1.08,11.4,25.4,2.77,0.2,0.9937679191605964,-0.11146893220632556,0.9721181966290613,-0.23449138957040985
3409482,"Bandra Kurla Complex, Mumbai - MPCB",HE,2026-04-17 00:00:00+05:30,20.2,32.8,39.1,0.953,8.71,9.12,1.78,0.187,0.9205048534524403,-0.3907311284892738,0.9679377830240642,-0.25119006388481935
3409482,"Bandra Kurla Complex, Mumbai - MPCB",HE,2026-04-18 00:00:00+05:30,0.0,32.2,39.1,1.46,0.0,0.0,0.0,0.228,0.6293203910498374,-0.7771459614569709,0.9634705485641488,-0.2678143051621742
3409482,"Bandra Kurla Complex, Mumbai - MPCB",HE,2026-04-19 00:00:00+05:30,0.0,32.5,39.1,1.26,0.0,0.0,0.0,0.208,0.8191520442889917,-0.5735764363510462,0.9587178169872964,-0.2843591872810034
3409482,"Bandra Kurla Complex, Mumbai - MPCB",HE,2026-04-20 00:00:00+05:30,22.0,32.5,39.1,1.33,9.44,20.5,1.35,0.212,0.9335804264972017,-0.35836794954530027,0.9536809966304457,-0.30081980763566735
3409482,"Bandra Kurla Complex, Mumbai - MPCB",HE,2026-04-21 00:00:00+05:30,43.4,32.8,39.1,1.32,17.1,40.9,2.77,0.2,0.7547095802227721,-0.6560590289905072,0.9483615800121715,-0.3171912885891061
3409482,"Bandra Kurla Complex, Mumbai - MPCB",HE,2026-04-22 00:00:00+05:30,42.5,33.0,39.1,1.13,13.9,30.5,2.84,0.194,0.6946583704589971,-0.7193398003386513,0.9427611433904207,-0.3334687789181868
3409482,"Bandra Kurla Complex, Mumbai - MPCB",HE,2026-04-23 00:00:00+05:30,53.8,33.5,39.1,1.21,9.67,48.0,2.68,0.201,0.6156614753256584,-0.7880107536067219,0.9368813462954315,-0.3496474552512284
3409482,"Bandra Kurla Complex, Mumbai - MPCB",HE,2026-04-24 00:00:00+05:30,69.4,32.9,39.1,1.31,9.71,31.4,2.38,0.198,0.3583679495453002,-0.9335804264972017,0.9307239310379795,-0.36572252349726897
3409482,"Bandra Kurla Complex, Mumbai - MPCB",HE,2026-04-25 00:00:00+05:30,,33.1,39.1,1.02,0.0025,37.8,2.83,0.203,0.5877852522924732,-0.8090169943749473,0.9242907221930933,-0.3816892202666588
3409482,"Bandra Kurla Complex, Mumbai - MPCB",HE,2026-04-26 00:00:00+05:30,,33.3,39.1,1.33,0.0013,20.7,16.0,0.194,0.6293203910498374,-0.7771459614569709,0.9175836260593937,-0.39754281428255595
3409482,"Bandra Kurla Complex, Mumbai - MPCB",HE,2026-04-27 00:00:00+05:30,,33.1,39.1,1.16,5.13,34.4,6.02,0.209,0.7071067811865476,-0.7071067811865475,0.9106046300942162,-0.4132786077829042
3409482,"Bandra Kurla Complex, Mumbai - MPCB",HE,2026-04-28 00:00:00+05:30,,33.4,39.1,1.21,11.6,31.4,2.16,0.202,0.6427876096865395,-0.7660444431189779,0.9033558023246845,-0.4288919379124835
3409482,"Bandra Kurla Complex, Mumbai - MPCB",HE,2026-04-29 00:00:00+05:30,38.4,33.2,39.1,1.04,13.1,16.3,2.62,0.194,0.6691306063588583,-0.7431448254773941,0.895839290734909,-0.4443781781046132
3409482,"Bandra Kurla Complex, Mumbai - MPCB",HE,2026-04-30 00:00:00+05:30,37.2,33.2,39.1,1.17,13.4,,2.32,0.207,0.3090169943749475,-0.9510565162951535,0.8880573226294932,-0.45973273945210397
3409482,"Bandra Kurla Complex, Mumbai - MPCB",HE,2026-05-01 00:00:00+05:30,,17.2,32.7,1.16,4.94,5.59,102.0,0.205,0.8191520442889917,-0.5735764363510462,0.8800122039735357,-0.47495107206704995
3409482,"Bandra Kurla Complex, Mumbai - MPCB",HE,2026-05-02 00:00:00+05:30,,32.9,39.1,1.25,10.6,6.17,2.58,0.21,0.6018150231520482,-0.7986355100472929,0.8717063187093218,-0.4900286664290592
3409482,"Bandra Kurla Complex, Mumbai - MPCB",HE,2026-05-03 00:00:00+05:30,33.3,33.6,39.1,1.42,25.0,6.32,2.38,0.202,0.3420201433256689,-0.9396926207859083,0.8631421280499114,-0.5049610547215204
3409482,"Bandra Kurla Complex, Mumbai - MPCB",HE,2026-05-04 00:00:00+05:30,55.6,34.2,39.1,1.49,25.0,4.03,2.39,0.205,0.2756373558169992,-0.9612616959383189,0.854322169749827,-0.5197438121555155
3409482,"Bandra Kurla Complex, Mumbai - MPCB",HE,2026-05-05 00:00:00+05:30,53.7,34.5,39.1,1.65,25.1,23.5,3.13,0.208,0.15643446504023098,-0.9876883405951377,0.8452490573530633,-0.5343725582809786
3409482,"Bandra Kurla Complex, Mumbai - MPCB",HE,2026-05-06 00:00:00+05:30,4.18,34.7,39.1,1.06,24.8,38.3,3.67,0.217,0.24192189559966773,-0.9702957262759965,0.8359254794186372,-0.548842958284719
3409482,"Bandra Kurla Complex, Mumbai - MPCB",HE,2026-05-07 00:00:00+05:30,24.3,34.5,39.1,1.18,25.1,121.0,3.38,0.206,0.5591929034707469,-0.8290375725550416,0.8263541987239096,-0.5631507242749186
3409482,"Bandra Kurla Complex, Mumbai - MPCB",HE,2026-05-08 00:00:00+05:30,31.1,34.2,39.1,1.3,25.0,21.9,3.04,0.202,0.24192189559966773,-0.9702957262759965,0.8165380514459161,-0.5772916165517272
3409482,"Bandra Kurla Complex, Mumbai - MPCB",HE,2026-05-09 00:00:00+05:30,30.3,15.5,31.5,1.0,25.1,25.5,3.0,0.191,0.8290375725550417,-0.5591929034707467,0.8064799463209448,-0.5912614448635781
3409482,"Bandra Kurla Complex, Mumbai - MPCB",HE,2026-05-10 00:00:00+05:30,18.1,33.8,39.1,1.34,26.2,29.2,3.62,0.204,0.3090169943749475,-0.9510565162951535,0.7961828637826158,-0.6050560696488488
3409482,"Bandra Kurla Complex, Mumbai - MPCB",HE,2026-05-11 00:00:00+05:30,23.0,33.8,39.1,1.35,20.3,25.5,3.47,0.146,0.2923717047227366,-0.9563047559630355,0.7856498550787147,-0.6186714032625031
3409482,"Bandra Kurla Complex, Mumbai - MPCB",HE,2026-05-12 00:00:00+05:30,20.8,27.8,36.9,1.27,8.23,22.7,2.68,,0.5735764363510459,-0.8191520442889919,0.7748840413670407,-0.6321034111873487
3409482,"Bandra Kurla Complex, Mumbai - MPCB",HE,2026-05-13 00:00:00+05:30,26.6,33.8,39.1,1.56,18.7,11.4,2.59,0.023,0.17364817766693028,-0.984807753012208,0.7638886127905428,-0.6453481132295501
3409482,"Bandra Kurla Complex, Mumbai - MPCB",HE,2026-05-14 00:00:00+05:30,10.9,33.7,39.1,1.34,13.4,16.0,2.44,1.76,0.258819045102521,-0.9659258262890682,0.7526668275320085,-0.6584015846980488
3409482,"Bandra Kurla Complex, Mumbai - MPCB",HE,2026-05-15 00:00:00+05:30,10.5,33.2,39.1,1.43,16.4,18.3,2.3,0.313,0.40673664307580043,-0.9135454576426008,0.7412220108485958,-0.6712599575675313
3409482,"Bandra Kurla Complex, Mumbai - MPCB",HE,2026-05-16 00:00:00+05:30,19.7,33.7,39.1,1.56,17.6,30.0,2.43,0.787,0.5877852522924732,-0.8090169943749473,0.7295575540864875,-0.6839194216246106
3409482,"Bandra Kurla Complex, Mumbai - MPCB",HE,2026-05-17 00:00:00+05:30,11.9,33.0,39.1,1.47,7.47,15.1,2.05,3.32,0.3420201433256689,-0.9396926207859083,0.717676913675962,-0.6963762255968722
3409482,"Bandra Kurla Complex, Mumbai - MPCB",HE,2026-05-18 00:00:00+05:30,18.2,33.2,39.1,1.51,8.33,13.7,2.31,5.64,0.40673664307580043,-0.9135454576426008,0.705583610107178,-0.7086266782644596
3409482,"Bandra Kurla Complex, Mumbai - MPCB",HE,2026-05-19 00:00:00+05:30,21.6,34.1,39.1,1.93,12.4,13.0,2.31,0.354,0.2923717047227366,-0.9563047559630355,0.6932812268869777,-0.7206671495538609
3409482,"Bandra Kurla Complex, Mumbai - MPCB",HE,2026-05-20 00:00:00+05:30,27.2,33.5,39.1,2.0,12.0,8.04,2.06,3.18,0.258819045102521,-0.9659258262890682,0.6807734094770161,-0.7324940716135789
3409482,"Bandra Kurla Complex, Mumbai - MPCB",HE,2026-05-21 00:00:00+05:30,21.1,7.12,28.2,1.16,5.66,15.1,1.79,0.13,0.9909831997148363,-0.13398618541829208,0.6680638642135335,-0.7441039398713607
3409482,"Bandra Kurla Complex, Mumbai - MPCB",HE,2026-05-22 00:00:00+05:30,19.5,,13.0,0.0,0.0,8.16,4.04,0.195,0.0,1.0,0.6551563572090853,-0.7554933140726803
3409482,"Bandra Kurla Complex, Mumbai - MPCB",HE,2026-05-23 00:00:00+05:30,18.0,,13.0,0.0,0.0,7.33,85.3,0.202,0.0,1.0,0.6420547132365637,-0.766658819300159
3409482,"Bandra Kurla Complex, Mumbai - MPCB",HE,2026-05-24 00:00:00+05:30,18.2,,13.0,0.0,0.0,6.47,67.3,0.192,0.0,1.0,0.6287628145958344,-0.7775971469736269
3409482,"Bandra Kurla Complex, Mumbai - MPCB",HE,2026-05-25 00:00:00+05:30,17.8,,13.0,0.0,0.0,8.05,2.04,0.208,0.0,1.0,0.6152845999633276,-0.7883050558305255
3409482,"Bandra Kurla Complex, Mumbai - MPCB",HE,2026-05-26 00:00:00+05:30,20.3,,25.1,0.701,2.97,7.13,2.27,0.204,0.99556196460308,0.0941083133185145,0.6016240632249226,-0.7987793728863649
3409482,"Bandra Kurla Complex, Mumbai - MPCB",HE,2026-05-27 00:00:00+05:30,29.7,34.2,39.1,1.94,10.2,,29.5,0.196,-0.08715574274765794,-0.9961946980917455,0.5877852522924732,-0.8090169943749473
3409482,"Bandra Kurla Complex, Mumbai - MPCB",HE,2026-05-28 00:00:00+05:30,19.5,33.9,39.1,2.18,25.1,13.5,2.43,0.215,-0.0348994967025009,-0.9993908270190958,0.5737722679043246,-0.8190148866680801
3409482,"Bandra Kurla Complex, Mumbai - MPCB",HE,2026-05-29 00:00:00+05:30,20.0,32.9,39.0,2.16,25.0,9.26,25.8,0.197,-0.06975647374412527,-0.9975640502598242,0.5595892624101765,-0.8287700871745038
3409482,"Bandra Kurla Complex, Mumbai - MPCB",HE,2026-05-30 00:00:00+05:30,24.8,33.3,39.1,2.1,24.9,8.39,2.28,0.191,-0.017452406437283637,-0.9998476951563913,0.545240438540651,-0.8382797052177744
3409482,"Bandra Kurla Complex, Mumbai - MPCB",HE,2026-05-31 00:00:00+05:30,20.0,33.6,39.1,1.63,25.0,10.3,2.3,0.187,0.3255681544571566,-0.9455185755993168,0.5307300481619334,-0.8475409228928311
3409482,"Bandra Kurla Complex, Mumbai - MPCB",HE,2026-06-01 00:00:00+05:30,19.9,33.8,39.0,1.92,25.0,9.06,2.4,0.202,0.01745240643728344,-0.9998476951563913,0.5160623910158528,-0.8565509959010036
3409482,"Bandra Kurla Complex, Mumbai - MPCB",HE,2026-06-02 00:00:00+05:30,19.8,33.7,39.0,1.95,25.1,16.7,2.43,0.194,0.06975647374412552,-0.9975640502598242,0.5012418134457758,-0.865307254363206
3409482,"Bandra Kurla Complex, Mumbai - MPCB",HE,2026-06-03 00:00:00+05:30,18.9,33.7,39.1,1.45,25.0,25.0,2.37,0.195,0.4694715627858907,-0.882947592858927,0.48627270710868997,-0.8738071036110808
3409482,"Bandra Kurla Complex, Mumbai - MPCB",HE,2026-06-04 00:00:00+05:30,18.6,33.7,39.1,1.24,25.0,8.87,2.55,0.204,0.45399049973954686,-0.8910065241883678,0.4711595076738638,-0.8820480249558537
3409482,"Bandra Kurla Complex, Mumbai - MPCB",HE,2026-06-05 00:00:00+05:30,50.3,33.6,39.0,1.39,22.5,7.71,2.6,0.198,0.5877852522924732,-0.8090169943749473,0.4559066935084588,-0.8900275764346767
3409482,"Bandra Kurla Complex, Mumbai - MPCB",HE,2026-06-10 00:00:00+05:30,28.7,32.9,39.0,1.34,11.4,12.6,2.59,0.308,0.7431448254773942,-0.6691306063588582,0.3777079652039649,-0.9259247771938498
3409482,"Bandra Kurla Complex, Mumbai - MPCB",HE,2026-06-11 00:00:00+05:30,20.4,32.5,39.0,1.6,9.57,19.9,2.0,0.612,0.5735764363510459,-0.8191520442889919,0.36171373072976765,-0.9322892131745133
3409482,"Bandra Kurla Complex, Mumbai - MPCB",HE,2026-06-12 00:00:00+05:30,20.1,33.1,39.0,1.55,,18.8,2.66,0.252,0.5877852522924732,-0.8090169943749473,0.3456123126707335,-0.9383773917408641
3409482,"Bandra Kurla Complex, Mumbai - MPCB",HE,2026-06-13 00:00:00+05:30,14.3,33.0,39.0,1.51,0.49,22.6,2.75,0.407,0.7431448254773942,-0.6691306063588582,0.3294084822245304,-0.9441875088341993
3409482,"Bandra Kurla Complex, Mumbai - MPCB",HE,2026-06-14 00:00:00+05:30,19.1,32.2,39.0,1.34,25.0,17.5,2.53,0.427,0.15643446504023098,-0.9876883405951377,0.3131070409358269,-0.9497178427914316
3409482,"Bandra Kurla Complex, Mumbai - MPCB",HE,2026-06-15 00:00:00+05:30,17.6,31.7,39.0,1.28,25.1,17.1,2.35,0.365,0.49999999999999994,-0.8660254037844387,0.29671281927349075,-0.9549667548552551
3409482,"Bandra Kurla Complex, Mumbai - MPCB",HE,2026-06-16 00:00:00+05:30,18.5,32.0,39.0,1.28,25.0,13.4,2.56,0.362,0.6018150231520482,-0.7986355100472929,0.28023067519921585,-0.9599326896597447
3409482,"Bandra Kurla Complex, Mumbai - MPCB",HE,2026-06-17 00:00:00+05:30,20.1,31.8,39.0,1.16,16.8,13.8,1.9,0.388,0.3583679495453002,-0.9335804264972017,0.26366549272800704,-0.9646141756912435
3409482,"Bandra Kurla Complex, Mumbai - MPCB",HE,2026-06-18 00:00:00+05:30,18.1,32.2,39.0,1.29,11.1,17.0,2.27,0.399,0.258819045102521,-0.9659258262890682,0.24702218048093552,-0.9690098257244062
3409482,"Bandra Kurla Complex, Mumbai - MPCB",HE,2026-06-19 00:00:00+05:30,18.3,32.8,39.0,1.29,14.9,17.1,2.39,0.644,0.2756373558169992,-0.9612616959383189,0.23030567023061221,-0.9731183372332619
3409482,"Bandra Kurla Complex, Mumbai - MPCB",HE,2026-06-20 00:00:00+05:30,18.0,33.1,39.0,1.53,8.66,16.9,2.55,0.9,-0.08715574274765794,-0.9961946980917455,0.21352091543979612,-0.9769384927771817
3409482,"Bandra Kurla Complex, Mumbai - MPCB",HE,2026-06-21 00:00:00+05:30,16.2,33.3,39.0,,14.7,13.6,2.32,0.9,,,0.19667288979357647,-0.980469160361632
3409482,"Bandra Kurla Complex, Mumbai - MPCB",HE,2026-06-22 00:00:00+05:30,12.8,32.8,39.0,0.794,14.7,6.86,2.33,0.898,0.17364817766693028,-0.984807753012208,0.1797665857255624,-0.9837092937736097
3409482,"Bandra Kurla Complex, Mumbai - MPCB",HE,2026-06-23 00:00:00+05:30,12.9,32.6,39.0,0.487,13.4,1.34,2.6,0.868,0.8290375725550417,-0.5591929034707467,0.16280701293851715,-0.986657932891657
3409482,"Bandra Kurla Complex, Mumbai - MPCB",HE,2026-06-25 00:00:00+05:30,14.2,33.4,39.1,1.06,9.58,23.3,2.42,0.294,0.5090414157503713,0.8607420270039436,0.12874817745258132,-0.99167731989929
3409482,"Bandra Kurla Complex, Mumbai - MPCB",HE,2026-06-26 00:00:00+05:30,19.8,33.4,39.1,1.13,,15.2,2.87,0.32,0.9563047559630355,-0.29237170472273666,0.11165900712169512,-0.993746580436178
3409482,"Bandra Kurla Complex, Mumbai - MPCB",HE,2026-06-27 00:00:00+05:30,19.7,33.7,39.1,1.51,6.45,15.3,2.55,0.33,0.9929655081065369,-0.11840396830650082,0.09453674981719912,-0.9955213724144752
3409482,"Bandra Kurla Complex, Mumbai - MPCB",HE,2026-06-28 00:00:00+05:30,12.6,33.8,39.1,1.93,12.8,20.5,2.62,0.37,0.9781476007338057,-0.20791169081775934,0.07738647923346301,-0.9970011699250151
3409482,"Bandra Kurla Complex, Mumbai - MPCB",HE,2026-06-29 00:00:00+05:30,9.96,31.6,39.1,1.11,27.0,25.1,2.29,0.303,0.9743700647852352,-0.22495105434386503,0.06021327736579302,-0.9981855344718586
3409482,"Bandra Kurla Complex, Mumbai - MPCB",HE,2026-06-30 00:00:00+05:30,6.27,29.2,39.1,0.882,20.5,15.3,2.35,0.231,0.9937679191605964,-0.11146893220632556,0.04302223300453059,-0.99907411510223
3409482,"Bandra Kurla Complex, Mumbai - MPCB",HE,2026-07-01 00:00:00+05:30,7.23,25.4,39.1,1.33,14.0,15.2,2.49,0.383,0.9851093261547739,0.17192910027940972,0.02581844022713308,-0.9996666485105112
3409482,"Bandra Kurla Complex, Mumbai - MPCB",HE,2026-07-02 00:00:00+05:30,13.5,32.4,39.1,1.19,15.2,15.2,2.46,0.257,0.998134798421867,-0.06104853953485678,0.008606996888688698,-0.9999629591162655
3409482,"Bandra Kurla Complex, Mumbai - MPCB",HE,2026-07-03 00:00:00+05:30,9.37,15.7,38.8,1.02,12.4,15.2,2.32,0.357,0.8987940462991669,-0.4383711467890775,-0.008606996888688009,-0.9999629591162655
3409482,"Bandra Kurla Complex, Mumbai - MPCB",HE,2026-07-04 00:00:00+05:30,10.8,22.2,39.1,1.63,16.0,15.2,2.33,0.333,0.9998766324816606,0.01570731731182087,-0.02581844022713239,-0.9996666485105112
3409482,"Bandra Kurla Complex, Mumbai - MPCB",HE,2026-07-05 00:00:00+05:30,10.5,,39.1,1.87,10.5,15.1,2.38,0.415,0.8933713883278375,0.44931899861589675,-0.04302223300453034,-0.99907411510223
3409482,"Bandra Kurla Complex, Mumbai - MPCB",HE,2026-07-06 00:00:00+05:30,17.7,,35.6,2.17,6.26,15.2,2.13,0.408,0.9048270524660196,0.42577929156507266,-0.060213277365792774,-0.9981855344718586
3409482,"Bandra Kurla Complex, Mumbai - MPCB",HE,2026-07-07 00:00:00+05:30,22.3,,39.1,1.16,6.44,31.0,2.17,0.424,0.9316912275855489,0.36325123047297836,-0.07738647923346322,-0.9970011699250151
3409482,"Bandra Kurla Complex, Mumbai - MPCB",HE,2026-07-08 00:00:00+05:30,20.4,,39.0,1.14,1.98,15.4,2.09,0.466,0.7760464070665459,0.6306758074312863,-0.09453674981719933,-0.9955213724144752
3409482,"Bandra Kurla Complex, Mumbai - MPCB",HE,2026-07-09 00:00:00+05:30,19.5,,39.0,1.19,1.37,15.2,2.07,0.557,0.9677091704819712,0.2520693582431136,-0.11165900712169444,-0.9937465804361781
3409482,"Bandra Kurla Complex, Mumbai - MPCB",HE,2026-07-10 00:00:00+05:30,20.0,,39.0,1.36,1.05,15.2,1.83,0.63,0.8995577789551803,0.43680178836770234,-0.12874817745258066,-0.99167731989929
3409482,"Bandra Kurla Complex, Mumbai - MPCB",HE,2026-07-11 00:00:00+05:30,34.7,,39.0,0.719,1.22,15.3,2.15,0.574,0.7569950556517565,0.6534206039901054,-0.14579919691987442,-0.9893142039703664
3409482,"Bandra Kurla Complex, Mumbai - MPCB",HE,2026-07-12 00:00:00+05:30,28.8,,39.0,0.988,1.33,15.3,2.18,0.595,0.703394702810504,0.7107994738729925,-0.16280701293851646,-0.9866579328916572
3409482,"Bandra Kurla Complex, Mumbai - MPCB",HE,2026-07-13 00:00:00+05:30,36.6,29.5,39.0,0.832,1.6,15.2,2.1,0.551,0.7349145951499598,0.6781596698680707,-0.17976658572556214,-0.9837092937736098
3409482,"Bandra Kurla Complex, Mumbai - MPCB",HE,2026-07-14 00:00:00+05:30,32.3,29.0,39.1,0.915,3.7,15.3,2.12,0.541,0.7581343361976522,0.6520984038303922,-0.19667288979357622,-0.9804691603616321
3409482,"Bandra Kurla Complex, Mumbai - MPCB",HE,2026-07-15 00:00:00+05:30,28.8,30.1,39.1,0.818,11.5,17.4,3.82,0.557,0.8933713883278375,0.44931899861589675,-0.2135209154397959,-0.9769384927771817
3409482,"Bandra Kurla Complex, Mumbai - MPCB",HE,2026-07-16 00:00:00+05:30,20.8,30.4,39.1,0.855,7.55,28.4,2.05,0.516,0.9715491199976461,0.23683814606561873,-0.23030567023061196,-0.973118337233262
3409482,"Bandra Kurla Complex, Mumbai - MPCB",HE,2026-07-17 00:00:00+05:30,14.4,30.6,39.1,1.07,8.92,21.2,2.11,0.469,0.9826127965436152,0.1856666153855772,-0.24702218048093527,-0.9690098257244063
3409482,"Bandra Kurla Complex, Mumbai - MPCB",HE,2026-07-18 00:00:00+05:30,14.4,30.4,39.1,1.01,8.18,19.7,2.04,0.411,0.997915618272179,0.06453230825295801,-0.2636654927280072,-0.9646141756912435
3409482,"Bandra Kurla Complex, Mumbai - MPCB",HE,2026-07-19 00:00:00+05:30,13.2,30.5,39.1,0.869,7.95,20.0,1.83,0.466,0.9762960071199334,0.2164396139381029,-0.2802306751992161,-0.9599326896597445
3409482,"Bandra Kurla Complex, Mumbai - MPCB",HE,2026-07-20 00:00:00+05:30,13.3,,39.1,1.05,8.89,18.3,2.35,0.479,0.8754645270000179,0.48328238325500233,-0.2967128192734901,-0.9549667548552553
3409482,"Bandra Kurla Complex, Mumbai - MPCB",HE,2026-07-21 00:00:00+05:30,13.2,,39.1,1.63,9.21,18.4,2.04,0.457,0.709570736536521,0.7046342099635945,-0.3131070409358267,-0.9497178427914317
3409482,"Bandra Kurla Complex, Mumbai - MPCB",HE,2026-07-22 00:00:00+05:30,8.76,27.0,50.4,1.72,8.98,15.6,2.08,0.458,0.8300122850953675,0.5577451089796901,-0.3294084822245302,-0.9441875088341994
3409482,"Bandra Kurla Complex, Mumbai - MPCB",HE,2026-07-23 00:00:00+05:30,9.44,26.5,91.3,1.27,3.28,23.6,2.03,0.221,0.7169106076504828,0.6971651028545646,-0.3456123126707333,-0.9383773917408642
3409482,"Bandra Kurla Complex, Mumbai - MPCB",HE,2026-07-24 00:00:00+05:30,12.3,26.9,95.1,1.13,2.78,14.1,2.01,0.38,0.754709580222772,0.6560590289905073,-0.3617137307297674,-0.9322892131745134
3409482,"Bandra Kurla Complex, Mumbai - MPCB",HE,2026-07-25 00:00:00+05:30,12.2,21.9,95.0,1.47,2.89,10.8,2.04,0.358,0.6743023875837235,0.7384553406258837,-0.37770796520396466,-0.9259247771938499
3409482,"Bandra Kurla Complex, Mumbai - MPCB",HE,2026-07-26 00:00:00+05:30,16.1,21.9,95.1,1.52,2.72,11.0,2.21,0.369,0.8358073613682703,0.5490228179981317,-0.39359027665646645,-0.9192859697186105
3409482,"Bandra Kurla Complex, Mumbai - MPCB",HE,2026-07-27 00:00:00+05:30,15.5,32.5,96.4,1.52,2.87,12.4,3.93,0.375,0.8571673007021123,0.5150380749100542,-0.4093559588156211,-0.9123747579707274
3409482,"Bandra Kurla Complex, Mumbai - MPCB",HE,2026-07-28 00:00:00+05:30,21.0,29.4,98.7,1.29,2.94,22.2,2.1,0.399,0.9505157316277837,0.3106764296307317,-0.42500033996955394,-0.9051931898913975
3409482,"Bandra Kurla Complex, Mumbai - MPCB",HE,2026-07-29 00:00:00+05:30,20.9,21.0,98.7,1.45,3.74,23.6,1.96,0.389,0.8625136692072575,0.5060337641211637,-0.4405187843504952,-0.8977433935342336
3409482,"Bandra Kurla Complex, Mumbai - MPCB",HE,2026-07-30 00:00:00+05:30,15.9,21.4,98.5,1.73,4.18,14.3,2.05,0.367,0.8309844692743283,0.5562956155003048,-0.455906693508459,-0.8900275764346766
3409482,"Bandra Kurla Complex, Mumbai - MPCB",HE,2026-07-31 00:00:00+05:30,18.8,26.9,93.7,1.75,5.22,17.2,2.05,0.396,0.821149209133704,0.5707135676844317,-0.47115950767386394,-0.8820480249558535
3409482,"Bandra Kurla Complex, Mumbai - MPCB",HE,2026-08-01 00:00:00+05:30,22.9,26.2,93.7,1.48,4.19,17.5,1.69,0.386,0.8837656300886935,0.46792981426057334,-0.4862727071086902,-0.8738071036110807
3409482,"Bandra Kurla Complex, Mumbai - MPCB",HE,2026-08-02 00:00:00+05:30,16.2,28.0,93.7,1.44,6.04,16.5,1.9,0.292,0.8329212407100994,0.5533915492433441,-0.5012418134457756,-0.8653072543632061
3409482,"Bandra Kurla Complex, Mumbai - MPCB",HE,2026-08-03 00:00:00+05:30,18.7,28.5,93.7,1.37,6.69,21.2,1.94,0.165,0.8668967489356028,0.4984877397538303,-0.5160623910158526,-0.8565509959010037
3409482,"Bandra Kurla Complex, Mumbai - MPCB",HE,2026-08-04 00:00:00+05:30,18.1,27.7,93.7,1.77,6.64,14.8,1.94,0.308,0.9668233886044594,0.2554457579357905,-0.5307300481619331,-0.8475409228928312
3409482,"Bandra Kurla Complex, Mumbai - MPCB",HE,2026-08-05 00:00:00+05:30,15.2,27.9,93.7,1.34,7.75,12.3,1.92,0.256,0.8957117602394129,0.4446351791849275,-0.5452404385406507,-0.8382797052177745
3409482,"Bandra Kurla Complex, Mumbai - MPCB",HE,2026-08-06 00:00:00+05:30,25.1,28.9,93.7,2.09,7.85,22.6,1.96,0.311,0.7975839288252284,0.6032079877452825,-0.5595892624101763,-0.828770087174504
3409482,"Bandra Kurla Complex, Mumbai - MPCB",HE,2026-08-07 00:00:00+05:30,18.2,28.6,93.8,1.99,6.95,14.2,2.03,0.304,0.7626683296956884,0.6467897795104594,-0.5737722679043243,-0.8190148866680802
3409482,"Bandra Kurla Complex, Mumbai - MPCB",HE,2026-08-08 00:00:00+05:30,18.2,28.2,93.7,2.43,7.5,11.9,2.02,0.285,0.7313537016191705,0.6819983600624985,-0.5877852522924734,-0.8090169943749472
3409482,"Bandra Kurla Complex, Mumbai - MPCB",HE,2026-08-09 00:00:00+05:30,21.6,28.0,93.7,1.62,6.02,7.74,1.96,0.295,0.8526401643540922,0.5224985647159489,-0.6016240632249227,-0.7987793728863648
3409482,"Bandra Kurla Complex, Mumbai - MPCB",HE,2026-08-10 00:00:00+05:30,23.5,28.0,93.7,1.68,5.5,3.96,2.1,0.272,0.79122353296749,0.6115270401858313,-0.6152845999633277,-0.7883050558305253
3409482,"Bandra Kurla Complex, Mumbai - MPCB",HE,2026-08-11 00:00:00+05:30,11.4,28.0,93.7,0.973,5.79,6.8,2.2,0.225,0.8829475928589269,-0.4694715627858909,-0.6287628145958345,-0.7775971469736268
3409482,"Bandra Kurla Complex, Mumbai - MPCB",HE,2026-08-12 00:00:00+05:30,18.4,28.3,93.7,1.4,5.07,8.48,2.03,0.288,0.9668233886044594,0.2554457579357905,-0.6420547132365636,-0.7666588193001592
3409482,"Bandra Kurla Complex, Mumbai - MPCB",HE,2026-08-13 00:00:00+05:30,13.6,28.2,95.8,1.36,6.25,10.1,2.15,0.468,0.8377187166204387,0.5461019610144291,-0.655156357209085,-0.7554933140726804
3409482,"Bandra Kurla Complex, Mumbai - MPCB",HE,2026-08-14 00:00:00+05:30,25.4,28.3,97.0,1.11,6.14,8.48,2.0,0.574,0.8862035792312147,0.4632960351198618,-0.6680638642135333,-0.7441039398713608
3409482,"Bandra Kurla Complex, Mumbai - MPCB",HE,2026-08-15 00:00:00+05:30,17.8,28.6,96.8,0.942,5.65,9.75,2.31,0.469,0.9762960071199334,0.2164396139381029,-0.6807734094770159,-0.7324940716135792
3409482,"Bandra Kurla Complex, Mumbai - MPCB",HE,2026-08-16 00:00:00+05:30,26.3,27.0,96.8,1.11,5.46,10.9,1.97,0.615,0.7169106076504828,0.6971651028545646,-0.6932812268869771,-0.7206671495538615
3409482,"Bandra Kurla Complex, Mumbai - MPCB",HE,2026-08-17 00:00:00+05:30,21.1,27.3,96.9,1.75,4.79,18.5,2.15,0.442,0.7419758409756163,0.6704266189587992,-0.7055836101071774,-0.70862667826446
3409482,"Bandra Kurla Complex, Mumbai - MPCB",HE,2026-08-18 00:00:00+05:30,18.9,27.3,96.7,1.56,5.05,23.1,2.05,0.42,0.7996846584870906,0.600420225325884,-0.7176769136759615,-0.6963762255968726
3409482,"Bandra Kurla Complex, Mumbai - MPCB",HE,2026-08-19 00:00:00+05:30,22.8,27.5,96.9,1.83,5.31,25.8,2.09,0.401,0.7986355100472928,0.6018150231520484,-0.7295575540864876,-0.6839194216246105
3409482,"Bandra Kurla Complex, Mumbai - MPCB",HE,2026-08-20 00:00:00+05:30,24.4,27.2,96.7,2.04,5.65,10.7,2.45,0.36,0.7671651518152995,0.6414496315691579,-0.7412220108485957,-0.6712599575675315
3409482,"Bandra Kurla Complex, Mumbai - MPCB",HE,2026-08-21 00:00:00+05:30,21.7,27.0,97.1,2.19,5.6,12.5,2.77,0.41,0.7705132427757893,0.6374239897486897,-0.7526668275320083,-0.6584015846980489
3409482,"Bandra Kurla Complex, Mumbai - MPCB",HE,2026-08-22 00:00:00+05:30,21.2,27.2,96.9,1.94,5.03,9.08,2.58,0.388,0.7954734808548959,0.605988400265711,-0.7638886127905429,-0.64534811322955
3409482,"Bandra Kurla Complex, Mumbai - MPCB",HE,2026-08-23 00:00:00+05:30,24.1,28.1,96.9,2.23,4.84,7.79,2.5,0.396,0.7431448254773944,0.6691306063588581,-0.7748840413670406,-0.6321034111873488
3409482,"Bandra Kurla Complex, Mumbai - MPCB",HE,2026-08-24 00:00:00+05:30,20.5,27.9,96.9,2.19,4.79,7.39,2.57,0.361,0.8059282822485159,0.5920131787992194,-0.7856498550787144,-0.6186714032625032
3409482,"Bandra Kurla Complex, Mumbai - MPCB",HE,2026-08-25 00:00:00+05:30,24.1,27.9,96.9,2.66,4.78,8.98,2.67,0.384,0.7229671459095681,0.6908824110768584,-0.7961828637826154,-0.6050560696488494
3409482,"Bandra Kurla Complex, Mumbai - MPCB",HE,2026-08-26 00:00:00+05:30,26.2,27.9,96.7,2.61,5.05,12.7,2.47,0.403,0.7396310949786097,0.6730125135097733,-0.8064799463209447,-0.5912614448635782
3409482,"Bandra Kurla Complex, Mumbai - MPCB",HE,2026-08-27 00:00:00+05:30,21.0,28.1,96.7,2.72,4.81,13.8,2.62,0.43,0.7217602280983622,0.6921431738704068,-0.8165380514459157,-0.5772916165517278
3409482,"Bandra Kurla Complex, Mumbai - MPCB",HE,2026-08-29 00:00:00+05:30,8.83,28.0,96.7,3.23,4.7,13.2,2.04,0.481,0.6845471059286887,0.7289686274214116,-0.8359254794186365,-0.5488429582847199
3409482,"Bandra Kurla Complex, Mumbai - MPCB",HE,2026-08-30 00:00:00+05:30,16.1,27.8,96.7,2.62,3.92,10.1,2.39,0.428,0.7372773368101241,0.6755902076156602,-0.8452490573530634,-0.5343725582809785
3409482,"Bandra Kurla Complex, Mumbai - MPCB",HE,2026-08-31 00:00:00+05:30,14.7,27.9,96.7,2.98,4.81,12.6,2.34,0.416,0.7396310949786097,0.6730125135097733,-0.8543221697498269,-0.5197438121555157
3409482,"Bandra Kurla Complex, Mumbai - MPCB",HE,2026-09-01 00:00:00+05:30,14.6,27.7,96.7,2.89,5.01,10.9,2.35,0.398,0.7372773368101241,0.6755902076156602,-0.8631421280499115,-0.5049610547215202
3409482,"Bandra Kurla Complex, Mumbai - MPCB",HE,2026-09-02 00:00:00+05:30,13.7,29.6,96.7,2.67,5.53,9.86,2.35,0.39,0.7265746709709759,0.687087510804423,-0.8717063187093217,-0.4900286664290594
3409482,"Bandra Kurla Complex, Mumbai - MPCB",HE,2026-09-03 00:00:00+05:30,13.4,27.6,96.7,2.2,,8.49,3.25,0.423,0.6946583704589973,0.7193398003386512,-0.8800122039735356,-0.4749510720670502
3409482,"Bandra Kurla Complex, Mumbai - MPCB",HE,2026-09-04 00:00:00+05:30,16.9,28.0,96.7,2.32,0.077,12.1,2.35,0.378,0.8386705679454242,0.544639035015027,-0.888057322629493,-0.4597327394521046
3409482,"Bandra Kurla Complex, Mumbai - MPCB",HE,2026-09-05 00:00:00+05:30,10.9,27.8,96.7,2.51,0.0713,11.9,2.25,0.392,0.7933533402912353,0.6087614290087205,-0.8958392907349089,-0.4443781781046134
3409482,"Bandra Kurla Complex, Mumbai - MPCB",HE,2026-09-06 00:00:00+05:30,15.0,27.9,96.8,1.77,0.102,9.26,2.47,0.366,0.8526401643540922,0.5224985647159489,-0.9033558023246842,-0.4288919379124841
3409482,"Bandra Kurla Complex, Mumbai - MPCB",HE,2026-09-07 00:00:00+05:30,12.0,28.8,96.8,1.93,4.53,15.0,2.17,0.405,0.7337298645028764,0.6794413042615165,-0.9106046300942162,-0.41327860778290443
3409482,"Bandra Kurla Complex, Mumbai - MPCB",HE,2026-09-08 00:00:00+05:30,15.1,29.7,96.7,2.74,4.81,10.2,2.4,0.448,0.7349145951499598,0.6781596698680707,-0.9175836260593934,-0.3975428142825566
3409482,"Bandra Kurla Complex, Mumbai - MPCB",HE,2026-09-09 00:00:00+05:30,20.5,27.5,96.7,2.64,1.02,11.3,1.87,0.493,0.7372773368101241,0.6755902076156602,-0.9242907221930934,-0.3816892202666586
3409482,"Bandra Kurla Complex, Mumbai - MPCB",HE,2026-09-10 00:00:00+05:30,15.2,29.1,94.7,2.03,5.33,10.6,2.21,0.478,0.7693995550468951,0.6387678175155977,-0.9307239310379793,-0.3657225234972692
3409482,"Bandra Kurla Complex, Mumbai - MPCB",HE,2026-09-11 00:00:00+05:30,16.2,30.7,91.7,1.26,15.6,13.2,2.3,0.399,0.9390942520947091,0.34365969458561607,-0.9368813462954315,-0.34964745525122826
3409482,"Bandra Kurla Complex, Mumbai - MPCB",HE,2026-09-12 00:00:00+05:30,12.9,36.0,91.7,1.72,20.1,21.2,2.18,0.425,0.8633955506067716,0.5045276238150193,-0.9427611433904206,-0.33346877891818705
3409482,"Bandra Kurla Complex, Mumbai - MPCB",HE,2026-09-13 00:00:00+05:30,14.0,40.3,91.7,0.702,15.6,28.3,2.15,0.352,0.838670567945424,-0.5446390350150271,-0.9483615800121716,-0.31719128858910595
3409482,"Bandra Kurla Complex, Mumbai - MPCB",HE,2026-09-14 00:00:00+05:30,17.3,33.5,91.7,0.978,20.9,28.6,2.27,0.353,0.9981347984218669,0.06104853953485691,-0.9536809966304455,-0.300819807635668
3409482,"Bandra Kurla Complex, Mumbai - MPCB",HE,2026-09-15 00:00:00+05:30,16.1,31.4,91.7,0.933,18.4,13.2,2.23,0.391,0.9851093261547739,0.17192910027940972,-0.9587178169872964,-0.2843591872810036
3409482,"Bandra Kurla Complex, Mumbai - MPCB",HE,2026-09-16 00:00:00+05:30,16.5,31.3,92.0,1.32,14.1,17.8,2.31,0.428,0.989776230907789,0.1426289337055117,-0.9634705485641486,-0.26781430516217486
3409482,"Bandra Kurla Complex, Mumbai - MPCB",HE,2026-09-17 00:00:00+05:30,16.4,30.8,91.8,1.16,15.2,11.3,2.26,0.419,0.9304175679820246,0.3665012267242973,-0.9679377830240642,-0.25119006388481957
3409483,"Chembur, Mumbai - MPCB",ME,2025-10-11 00:00:00+05:30,70.6,28.1,77.7,0.777,18.0,51.8,5.53,0.577,0.9998157121216442,-0.01919744239968952,-0.9873494423939864,0.15855938510313475
3409483,"Chembur, Mumbai - MPCB",ME,2025-10-13 00:00:00+05:30,66.6,28.1,74.8,0.808,30.8,56.1,5.46,0.812,0.8987940462991669,-0.4383711467890775,-0.9813064702716093,0.19245158197082995
3409483,"Chembur, Mumbai - MPCB",ME,2025-10-14 00:00:00+05:30,62.0,28.2,75.6,0.772,26.4,67.6,6.13,0.806,0.9702957262759965,-0.24192189559966779,-0.9778483415056567,0.20931464596304888
3409483,"Chembur, Mumbai - MPCB",ME,2025-10-15 00:00:00+05:30,67.7,28.2,77.8,0.735,30.7,38.4,7.45,0.864,0.8746197071393959,-0.484809620246337,-0.9741004551724206,0.22611568550828803
3409483,"Chembur, Mumbai - MPCB",ME,2025-10-16 00:00:00+05:30,49.8,28.5,80.2,0.668,22.2,34.9,3.91,0.814,0.8191520442889917,-0.5735764363510462,-0.970063921851507,0.2428497220959358
3409483,"Chembur, Mumbai - MPCB",ME,2025-10-17 00:00:00+05:30,40.6,29.0,79.1,0.731,23.3,36.2,4.59,0.749,0.8090169943749475,-0.587785252292473,-0.965739937654855,0.25951179706979943
3409483,"Chembur, Mumbai - MPCB",ME,2025-10-18 00:00:00+05:30,68.2,28.9,78.4,0.741,29.0,50.6,6.34,0.846,0.6946583704589971,-0.7193398003386513,-0.9611297838723007,0.27609697309746883
3409483,"Chembur, Mumbai - MPCB",ME,2025-10-19 00:00:00+05:30,89.2,28.6,78.2,0.788,33.0,46.4,5.05,0.949,0.6946583704589971,-0.7193398003386513,-0.9562348265919058,0.2926003356333479
3409483,"Chembur, Mumbai - MPCB",ME,2025-10-20 00:00:00+05:30,90.1,28.5,80.3,0.753,31.7,24.5,5.24,1.15,0.9945218953682733,-0.10452846326765355,-0.9510565162951536,0.30901699437494723
3409483,"Chembur, Mumbai - MPCB",ME,2025-10-21 00:00:00+05:30,98.7,28.5,76.6,0.788,18.5,43.5,10.8,0.831,0.9943379441332046,-0.10626407133623318,-0.9455963874271428,0.3253420847119795
3409483,"Chembur, Mumbai - MPCB",ME,2025-10-22 00:00:00+05:30,43.5,28.6,80.1,0.746,19.5,31.1,3.68,0.775,0.9927573419294455,-0.1201368388346471,-0.9398560579418953,0.341570769167856
3409483,"Chembur, Mumbai - MPCB",ME,2025-10-23 00:00:00+05:30,41.9,29.1,78.0,0.714,19.1,21.6,15.7,0.733,0.9781476007338057,-0.20791169081775934,-0.9338372288229252,0.35769823883312546
3409483,"Chembur, Mumbai - MPCB",ME,2025-10-24 00:00:00+05:30,19.6,29.0,80.2,0.73,16.4,20.8,17.8,0.405,0.777145961456971,-0.6293203910498373,-0.9275416835791965,0.3737197147904692
3409483,"Chembur, Mumbai - MPCB",ME,2025-10-25 00:00:00+05:30,16.1,28.2,84.6,0.784,18.3,8.63,28.2,0.176,0.766044443118978,-0.6427876096865394,-0.9209712877166347,0.38963044953078774
3409483,"Chembur, Mumbai - MPCB",ME,2025-10-26 00:00:00+05:30,21.9,27.7,85.5,0.689,17.2,4.72,7.32,0.138,0.9999451693655121,-0.010471784116245747,-0.9141279881853337,0.4054257283599973
3409483,"Chembur, Mumbai - MPCB",ME,2025-10-27 00:00:00+05:30,12.3,27.9,85.6,0.908,17.9,13.7,32.2,0.151,0.6156614753256584,-0.7880107536067219,-0.9070138128026362,0.42110087079608916
3409483,"Chembur, Mumbai - MPCB",ME,2025-10-28 00:00:00+05:30,22.8,28.1,85.1,0.841,12.1,26.5,20.7,0.137,0.7193398003386511,-0.6946583704589974,-0.8996308696522434,0.4366512319560638
3409483,"Chembur, Mumbai - MPCB",ME,2025-10-29 00:00:00+05:30,21.1,28.6,82.9,0.938,18.0,29.1,45.1,0.206,0.6018150231520482,-0.7986355100472929,-0.8919813464595487,0.45207220393230374
3409483,"Chembur, Mumbai - MPCB",ME,2025-10-30 00:00:00+05:30,18.4,27.6,86.3,0.883,21.2,23.3,56.5,0.261,0.5877852522924732,-0.8090169943749473,-0.8840675099433637,0.46735921715800205
3409483,"Chembur, Mumbai - MPCB",ME,2025-10-31 00:00:00+05:30,18.9,27.6,86.4,1.0,17.8,16.8,19.9,0.299,0.6560590289905073,-0.754709580222772,-0.8758917051442433,0.48250774176121763
3409483,"Chembur, Mumbai - MPCB",ME,2025-11-01 00:00:00+05:30,18.7,28.1,86.4,0.97,19.8,13.5,,0.359,0.17364817766693028,-0.984807753012208,-0.8674563547295971,0.4975132889071803
3409483,"Chembur, Mumbai - MPCB",ME,2025-11-02 00:00:00+05:30,16.1,27.5,86.5,0.872,22.3,8.2,59.8,0.4,0.2923717047227366,-0.9563047559630355,-0.858763958275803,0.5123714121284235
3409483,"Chembur, Mumbai - MPCB",ME,2025-11-03 00:00:00+05:30,16.1,27.8,86.0,0.773,20.7,11.2,4.97,0.497,0.6560590289905073,-0.754709580222772,-0.8498170915275277,0.5270777086423724
3409483,"Chembur, Mumbai - MPCB",ME,2025-11-04 00:00:00+05:30,,27.9,86.4,0.802,23.6,19.9,5.07,0.399,0.8090169943749475,-0.587785252292473,-0.8406184056344783,0.5416278206559811
3409483,"Chembur, Mumbai - MPCB",ME,2025-11-05 00:00:00+05:30,23.1,27.3,83.8,0.823,20.3,20.0,1.48,0.42,0.8910065241883679,-0.45399049973954675,-0.8311706263658079,0.5560174366570446
3409483,"Chembur, Mumbai - MPCB",ME,2025-11-06 00:00:00+05:30,48.6,27.4,84.2,0.786,24.4,33.1,3.58,0.553,0.9510565162951536,-0.30901699437494734,-0.8214765533024145,0.5702422926917867
3409483,"Chembur, Mumbai - MPCB",ME,2025-11-07 00:00:00+05:30,63.1,27.8,76.4,0.803,29.7,39.1,13.9,0.718,0.9563047559630355,-0.29237170472273666,-0.8115390590073611,0.5842981736283683
3409483,"Chembur, Mumbai - MPCB",ME,2025-11-08 00:00:00+05:30,54.9,26.5,85.8,0.691,35.7,23.2,1.9,0.55,0.9142539552342637,0.4051415867798626,-0.801361088174677,0.5981809144059158
3409483,"Chembur, Mumbai - MPCB",ME,2025-11-09 00:00:00+05:30,38.7,27.0,69.3,0.832,33.4,37.5,6.71,0.566,0.9205048534524403,-0.3907311284892738,-0.7909456567567774,0.6118864012687242
3409483,"Chembur, Mumbai - MPCB",ME,2025-11-10 00:00:00+05:30,55.1,25.7,83.7,0.871,42.2,15.2,3.28,0.824,0.9819587126964436,0.1890954429898915,-0.780295851070776,0.6254105729852457
3409483,"Chembur, Mumbai - MPCB",ME,2025-11-11 00:00:00+05:30,58.9,26.9,75.1,0.793,38.5,49.4,3.85,0.818,0.9743700647852352,-0.22495105434386503,-0.7694148268839381,0.6387494220515268
3409483,"Chembur, Mumbai - MPCB",ME,2025-11-12 00:00:00+05:30,68.3,27.2,66.4,0.781,31.8,60.6,4.88,0.762,0.9426414910921784,0.3338068592337709,-0.7583058084785625,0.6518989958787125
3409483,"Chembur, Mumbai - MPCB",ME,2025-11-13 00:00:00+05:30,69.7,27.3,57.5,0.782,34.5,59.6,4.6,0.89,0.9996573249755573,-0.026176948307873017,-0.7469720876965551,0.6648553979642866
3409483,"Chembur, Mumbai - MPCB",ME,2025-11-14 00:00:00+05:30,,27.1,64.3,0.716,38.5,61.1,5.2,1.03,0.9455185755993168,-0.32556815445715664,-0.7354170229639858,0.6776147890466887
3409483,"Chembur, Mumbai - MPCB",ME,2025-11-15 00:00:00+05:30,82.8,26.8,63.6,0.733,36.7,47.1,4.52,1.05,0.5150380749100544,-0.8571673007021122,-0.7236440382959124,0.690173388242972
3409483,"Chembur, Mumbai - MPCB",ME,2025-11-16 00:00:00+05:30,93.3,27.1,54.8,0.712,26.6,61.3,8.55,0.943,0.9135454576426009,-0.40673664307580026,-0.711656622281775,0.7025274741691566
3409483,"Chembur, Mumbai - MPCB",ME,2025-11-17 00:00:00+05:30,61.7,27.6,50.7,0.856,29.1,80.6,8.99,1.02,0.99888987496197,0.04710645070964268,-0.6994583270516471,0.7146733860429608
3409483,"Chembur, Mumbai - MPCB",ME,2025-11-18 00:00:00+05:30,75.3,25.3,67.8,0.757,47.7,36.5,6.84,1.31,0.8571673007021123,-0.5150380749100543,-0.6870527672236675,0.7266075247685652
3409483,"Chembur, Mumbai - MPCB",ME,2025-11-19 00:00:00+05:30,56.3,26.5,61.9,0.736,60.8,53.1,6.98,1.31,0.788010753606722,-0.6156614753256583,-0.6744436188329457,0.7383263540031063
3409483,"Chembur, Mumbai - MPCB",ME,2025-11-20 00:00:00+05:30,49.5,26.8,58.8,0.856,59.4,54.7,6.16,1.39,0.8829475928589269,-0.4694715627858909,-0.661634618242279,0.749826401204568
3409483,"Chembur, Mumbai - MPCB",ME,2025-11-21 00:00:00+05:30,73.2,27.1,64.3,0.704,69.7,58.3,6.42,1.55,0.5735764363510459,-0.8191520442889919,-0.6486295610349818,0.7611042586607742
3409483,"Chembur, Mumbai - MPCB",ME,2025-11-22 00:00:00+05:30,59.6,27.6,68.3,0.796,68.9,47.4,5.33,1.33,0.5299192642332049,-0.848048096156426,-0.6354323008901775,0.7721565844991641
3409483,"Chembur, Mumbai - MPCB",ME,2025-11-23 00:00:00+05:30,74.5,27.6,76.6,0.795,62.7,47.4,7.94,0.945,0.5877852522924732,-0.8090169943749473,-0.622046748440868,0.7829801036770624
3409483,"Chembur, Mumbai - MPCB",ME,2025-11-24 00:00:00+05:30,68.3,27.7,76.8,0.846,57.0,38.9,3.24,0.988,0.8910065241883679,-0.45399049973954675,-0.6084768701151264,0.7935716089521472
3409483,"Chembur, Mumbai - MPCB",ME,2025-11-25 00:00:00+05:30,72.5,27.8,78.9,0.792,52.3,49.0,2.78,0.892,0.7071067811865476,-0.7071067811865475,-0.594726686960764,0.8039279618328208
3409483,"Chembur, Mumbai - MPCB",ME,2025-11-26 00:00:00+05:30,81.5,27.8,77.6,0.878,50.7,50.4,3.52,0.934,0.90630778703665,-0.42261826174069933,-0.5808002734538013,0.8140460935082175
3409483,"Chembur, Mumbai - MPCB",ME,2025-11-27 00:00:00+05:30,80.2,27.7,74.0,0.804,43.5,57.5,2.48,0.851,0.8090169943749475,-0.587785252292473,-0.5667017562911184,0.8239230057575536
3409483,"Chembur, Mumbai - MPCB",ME,2025-11-28 00:00:00+05:30,75.5,27.6,74.1,0.695,50.3,44.9,3.34,0.776,0.8090169943749475,-0.587785252292473,-0.5524353131676203,0.8335557718385695
3409483,"Chembur, Mumbai - MPCB",ME,2025-11-29 00:00:00+05:30,52.2,27.3,65.5,0.895,44.8,40.6,5.31,0.634,0.9879598657693891,0.15471038629946826,-0.5380051715382992,0.8429415373547832
3409483,"Chembur, Mumbai - MPCB",ME,2025-11-30 00:00:00+05:30,48.7,26.6,55.2,0.829,54.2,49.4,10.1,0.732,0.9876883405951378,0.15643446504023092,-0.5234156073655503,0.8520775211013093
3409483,"Chembur, Mumbai - MPCB",ME,2025-12-01 00:00:00+05:30,74.8,26.6,61.7,0.736,63.9,44.1,7.43,0.996,0.5299192642332049,-0.848048096156426,-0.5086709438521042,0.8609610158889945
3409483,"Chembur, Mumbai - MPCB",ME,2025-12-02 00:00:00+05:30,64.5,26.8,66.0,0.858,60.0,44.3,5.89,1.01,0.9835714708133859,0.18051914525056006,-0.49377555015997737,0.8695893893466109
3409483,"Chembur, Mumbai - MPCB",ME,2025-12-03 00:00:00+05:30,78.2,27.0,64.5,0.797,59.7,49.7,7.56,1.01,0.9335804264972017,-0.35836794954530027,-0.4787338401157883,0.8779600847008883
3409483,"Chembur, Mumbai - MPCB",ME,2025-12-04 00:00:00+05:30,82.3,26.8,61.6,0.744,59.0,40.8,10.3,1.02,0.17364817766693028,-0.984807753012208,-0.4635502709028512,0.8860706215341378
3409483,"Chembur, Mumbai - MPCB",ME,2025-12-05 00:00:00+05:30,69.4,27.6,58.3,0.747,52.3,48.3,8.72,0.926,0.8910065241883679,-0.45399049973954675,-0.4482293417404106,0.893918596519257
3409483,"Chembur, Mumbai - MPCB",ME,2025-12-06 00:00:00+05:30,54.7,27.4,60.8,0.672,50.1,52.4,7.56,0.911,0.7431448254773942,-0.6691306063588582,-0.4327755925504317,0.9015016841318838
3409483,"Chembur, Mumbai - MPCB",ME,2025-12-07 00:00:00+05:30,59.0,27.3,65.0,0.785,49.8,64.1,7.34,0.92,0.7431448254773942,-0.6691306063588582,-0.41719360261231697,0.9088176373395028
3409483,"Chembur, Mumbai - MPCB",ME,2025-12-08 00:00:00+05:30,65.1,27.0,66.5,,73.5,44.8,6.86,1.23,0.3583679495453002,-0.9335804264972017,-0.4014879892059737,0.9158642882672868
3409483,"Chembur, Mumbai - MPCB",ME,2025-12-09 00:00:00+05:30,38.0,27.2,47.2,0.874,57.9,48.2,9.97,0.946,0.9999025240093042,-0.01396218033914523,-0.38566340624360745,0.9226395488404875
3409483,"Chembur, Mumbai - MPCB",ME,2025-12-10 00:00:00+05:30,40.7,27.2,45.9,0.805,60.0,45.5,18.3,0.948,0.90630778703665,-0.42261826174069933,-0.3697245428906732,0.9291414114031743
3409483,"Chembur, Mumbai - MPCB",ME,2025-12-11 00:00:00+05:30,,27.4,44.3,0.642,49.4,61.1,5.15,0.549,,,-0.3536761221763721,0.935367949313148
3409483,"Chembur, Mumbai - MPCB",ME,2025-12-12 00:00:00+05:30,62.3,26.3,53.7,0.849,72.0,52.0,3.64,0.902,0.6691306063588583,-0.7431448254773941,-0.33752289959411347,0.941317317512847
3409483,"Chembur, Mumbai - MPCB",ME,2025-12-13 00:00:00+05:30,80.3,26.6,56.1,0.866,69.7,62.9,,0.953,0.8746197071393959,-0.484809620246337,-0.32126966169236515,0.9469877530760751
3409483,"Chembur, Mumbai - MPCB",ME,2025-12-14 00:00:00+05:30,84.3,26.8,53.9,0.877,57.4,67.2,10.5,0.982,0.9396926207859084,-0.3420201433256687,-0.3049212246562894,0.9523775757303973
3409483,"Chembur, Mumbai - MPCB",ME,2025-12-15 00:00:00+05:30,71.1,26.7,52.9,0.866,53.9,54.8,9.02,0.934,0.9743700647852352,-0.22495105434386503,-0.2884824328806098,0.9574851883550389
3409483,"Chembur, Mumbai - MPCB",ME,2025-12-16 00:00:00+05:30,58.6,26.9,53.8,0.881,46.4,54.1,7.83,0.931,0.9455185755993168,-0.32556815445715664,-0.27195815753410524,0.9623090774541487
3409483,"Chembur, Mumbai - MPCB",ME,2025-12-17 00:00:00+05:30,59.7,27.2,56.5,0.833,62.4,63.5,7.62,0.922,0.13917310096006533,-0.9902680687415704,-0.2553532951161881,0.9668478136052773
3409483,"Chembur, Mumbai - MPCB",ME,2025-12-18 00:00:00+05:30,57.5,27.1,55.9,0.781,65.7,51.3,7.35,0.974,0.03489949670250114,-0.9993908270190958,-0.23867276600594997,0.9711000518829505
3409483,"Chembur, Mumbai - MPCB",ME,2025-12-19 00:00:00+05:30,38.0,26.7,54.7,0.825,56.0,60.0,9.33,0.814,0.7071067811865476,-0.7071067811865475,-0.22192151300416674,0.9750645322571945
3409483,"Chembur, Mumbai - MPCB",ME,2025-12-20 00:00:00+05:30,26.3,26.6,53.7,0.814,55.5,40.1,7.12,0.817,0.9455185755993168,-0.32556815445715664,-0.20510449986861926,0.9787400799669153
3409483,"Chembur, Mumbai - MPCB",ME,2025-12-21 00:00:00+05:30,,26.8,48.9,,50.0,47.4,6.77,0.855,0.5877852522924732,-0.8090169943749473,-0.1882267098432439,0.9821256058680006
3409483,"Chembur, Mumbai - MPCB",ME,2025-12-22 00:00:00+05:30,,26.6,50.9,0.838,57.2,48.5,11.1,1.02,,,-0.1712931441814778,0.9852201067560606
3409483,"Chembur, Mumbai - MPCB",ME,2025-12-23 00:00:00+05:30,33.6,27.1,50.1,0.986,47.8,59.3,10.4,0.956,0.9563047559630355,-0.29237170472273666,-0.154308820664281,0.9880226656636976
3409483,"Chembur, Mumbai - MPCB",ME,2025-12-24 00:00:00+05:30,31.6,26.8,50.9,0.95,48.8,42.4,8.46,0.946,0.8829475928589269,-0.4694715627858909,-0.13727877211326517,0.9905324521322227
3409483,"Chembur, Mumbai - MPCB",ME,2025-12-25 00:00:00+05:30,79.5,26.5,57.2,0.859,55.3,46.3,8.18,1.14,0.6427876096865395,-0.7660444431189779,-0.12020804489935275,0.9927487224577402
3409483,"Chembur, Mumbai - MPCB",ME,2025-12-26 00:00:00+05:30,107.0,26.5,58.6,0.953,50.6,68.1,9.14,1.26,0.8480480961564261,-0.5299192642332048,-0.10310169744743544,0.9946708199115211
3409483,"Chembur, Mumbai - MPCB",ME,2025-12-27 00:00:00+05:30,90.5,26.7,60.6,0.874,56.4,50.8,6.28,1.32,0.40673664307580043,-0.9135454576426008,-0.0859647987374467,0.9962981749346077
3409483,"Chembur, Mumbai - MPCB",ME,2025-12-28 00:00:00+05:30,67.6,26.5,61.1,0.904,51.3,62.4,8.08,1.31,0.40673664307580043,-0.9135454576426008,-0.06880242680232064,0.9976303053065857
3409483,"Chembur, Mumbai - MPCB",ME,2025-12-29 00:00:00+05:30,56.3,26.6,59.7,0.923,51.9,74.7,9.02,1.02,0.3420201433256689,-0.9396926207859083,-0.05161966722325418,0.9986668162884759
3409483,"Chembur, Mumbai - MPCB",ME,2025-12-30 00:00:00+05:30,43.9,26.5,64.6,0.953,51.9,50.2,10.3,0.829,0.5446390350150273,-0.8386705679454239,-0.034421611622745804,0.9994074007397048
3409483,"Chembur, Mumbai - MPCB",ME,2025-12-31 00:00:00+05:30,45.4,26.2,73.2,0.974,45.8,42.7,7.31,0.784,0.4694715627858907,-0.882947592858927,-0.01721335615583528,0.9998518392091162
3409483,"Chembur, Mumbai - MPCB",ME,2026-01-01 00:00:00+05:30,25.6,26.5,77.9,0.92,35.7,19.2,4.49,0.564,-0.15643446504023073,-0.9876883405951378,0.0,1.0
3409483,"Chembur, Mumbai - MPCB",ME,2026-01-02 00:00:00+05:30,,26.3,80.0,0.795,41.4,22.6,3.08,0.801,0.5877852522924732,-0.8090169943749473,0.017213356155834685,0.9998518392091162
3409483,"Chembur, Mumbai - MPCB",ME,2026-01-03 00:00:00+05:30,26.6,26.6,76.4,0.99,53.3,23.7,3.81,0.903,0.4226182617406995,-0.9063077870366499,0.03442161162274574,0.9994074007397048
3409483,"Chembur, Mumbai - MPCB",ME,2026-01-04 00:00:00+05:30,42.8,26.9,77.3,0.943,47.9,25.0,2.88,1.2,0.5446390350150273,-0.8386705679454239,0.051619667223253764,0.998666816288476
3409483,"Chembur, Mumbai - MPCB",ME,2026-01-05 00:00:00+05:30,35.9,27.5,69.3,0.942,44.8,36.9,4.54,0.924,,,0.06880242680231986,0.9976303053065857
3409483,"Chembur, Mumbai - MPCB",ME,2026-01-06 00:00:00+05:30,35.9,27.0,68.7,0.905,41.6,34.7,13.9,1.14,0.5446390350150273,-0.8386705679454239,0.08596479873744647,0.9962981749346078
3409483,"Chembur, Mumbai - MPCB",ME,2026-01-07 00:00:00+05:30,39.6,26.7,68.0,0.927,46.8,42.9,5.34,1.02,0.19080899537654497,-0.981627183447664,0.10310169744743485,0.9946708199115211
3409483,"Chembur, Mumbai - MPCB",ME,2026-01-08 00:00:00+05:30,31.6,26.5,60.9,0.917,50.5,36.7,6.03,0.916,0.15643446504023098,-0.9876883405951377,0.1202080448993527,0.9927487224577402
3409483,"Chembur, Mumbai - MPCB",ME,2026-01-09 00:00:00+05:30,31.8,26.5,55.3,0.919,46.2,46.5,6.32,0.894,0.7313537016191706,-0.6819983600624984,0.13727877211326478,0.9905324521322229
3409483,"Chembur, Mumbai - MPCB",ME,2026-01-10 00:00:00+05:30,31.6,26.7,52.7,0.973,37.2,54.6,9.32,0.793,0.4383711467890773,-0.898794046299167,0.15430882066428117,0.9880226656636976
3409483,"Chembur, Mumbai - MPCB",ME,2026-01-20 00:00:00+05:30,43.4,25.4,78.7,0.981,77.9,4.23,2.67,1.53,0.9477684100095858,0.3189593092980698,0.3212696616923644,0.9469877530760753
3409483,"Chembur, Mumbai - MPCB",ME,2026-01-21 00:00:00+05:30,44.0,27.8,55.1,1.03,39.3,44.3,8.06,0.843,0.7193398003386511,-0.6946583704589974,0.3375228995941133,0.9413173175128471
3409483,"Chembur, Mumbai - MPCB",ME,2026-01-22 00:00:00+05:30,51.5,27.1,64.5,0.884,44.3,33.4,12.0,0.949,0.19080899537654497,-0.981627183447664,0.3536761221763716,0.9353679493131483
3409483,"Chembur, Mumbai - MPCB",ME,2026-01-23 00:00:00+05:30,41.7,26.5,76.5,0.947,34.6,18.8,2.63,0.796,0.9396926207859084,-0.3420201433256687,0.3697245428906731,0.9291414114031743
3409483,"Chembur, Mumbai - MPCB",ME,2026-01-24 00:00:00+05:30,32.0,27.1,62.3,,34.3,37.9,5.83,0.668,,,0.38566340624360707,0.9226395488404876
3409483,"Chembur, Mumbai - MPCB",ME,2026-01-25 00:00:00+05:30,45.1,26.4,73.5,0.843,43.8,27.8,6.16,0.945,0.5735764363510459,-0.8191520442889919,0.401487989205973,0.9158642882672872
3409483,"Chembur, Mumbai - MPCB",ME,2026-01-26 00:00:00+05:30,54.9,27.3,72.4,0.88,36.1,36.3,11.4,0.994,0.6293203910498374,-0.7771459614569709,0.4171936026123168,0.9088176373395029
3409483,"Chembur, Mumbai - MPCB",ME,2026-01-27 00:00:00+05:30,34.1,26.6,77.3,0.961,25.1,27.0,2.22,0.62,1.2246467991473532e-16,-1.0,0.4327755925504312,0.901501684131884
3409483,"Chembur, Mumbai - MPCB",ME,2026-01-28 00:00:00+05:30,26.2,26.3,67.3,0.82,33.8,28.7,5.28,0.628,0.03489949670250114,-0.9993908270190958,0.4482293417404106,0.893918596519257
3409483,"Chembur, Mumbai - MPCB",ME,2026-01-29 00:00:00+05:30,38.0,27.0,58.7,0.834,53.5,28.9,8.43,0.946,0.5446390350150273,-0.8386705679454239,0.4635502709028509,0.886070621534138
3409483,"Chembur, Mumbai - MPCB",ME,2026-01-30 00:00:00+05:30,49.2,27.5,69.4,0.917,44.4,24.5,8.38,1.03,0.40673664307580043,-0.9135454576426008,0.47873384011578846,0.8779600847008882
3409483,"Chembur, Mumbai - MPCB",ME,2026-01-31 00:00:00+05:30,45.1,27.1,80.4,0.904,29.8,21.7,3.4,0.88,0.12186934340514755,-0.992546151641322,0.49377555015997715,0.869589389346611
3409483,"Chembur, Mumbai - MPCB",ME,2026-02-01 00:00:00+05:30,51.2,27.3,73.0,0.876,36.1,31.2,4.63,1.07,0.90630778703665,-0.42261826174069933,0.5086709438521044,0.8609610158889943
3409483,"Chembur, Mumbai - MPCB",ME,2026-02-02 00:00:00+05:30,63.7,27.5,65.3,0.918,42.4,35.0,7.97,1.2,0.6293203910498374,-0.7771459614569709,0.5234156073655503,0.8520775211013093
3409483,"Chembur, Mumbai - MPCB",ME,2026-02-03 00:00:00+05:30,61.0,27.3,59.5,0.99,47.8,30.4,11.8,1.12,0.8910065241883679,-0.45399049973954675,0.5380051715382996,0.8429415373547828
3409483,"Chembur, Mumbai - MPCB",ME,2026-02-04 00:00:00+05:30,55.8,28.8,50.3,0.94,28.6,50.5,11.7,0.907,0.6427876096865395,-0.7660444431189779,0.5524353131676196,0.8335557718385699
3409483,"Chembur, Mumbai - MPCB",ME,2026-02-05 00:00:00+05:30,52.6,27.8,54.1,0.868,34.4,28.3,7.32,0.997,0.90630778703665,-0.42261826174069933,0.5667017562911176,0.8239230057575542
3409483,"Chembur, Mumbai - MPCB",ME,2026-02-06 00:00:00+05:30,49.1,27.9,50.5,0.94,28.7,34.5,7.73,0.922,0.6946583704589971,-0.7193398003386513,0.5808002734538009,0.8140460935082178
3409483,"Chembur, Mumbai - MPCB",ME,2026-02-07 00:00:00+05:30,46.8,27.7,49.3,0.941,36.8,34.7,9.54,1.01,0.6293203910498374,-0.7771459614569709,0.5947266869607634,0.8039279618328213
3409483,"Chembur, Mumbai - MPCB",ME,2026-02-08 00:00:00+05:30,41.7,26.5,55.5,0.869,36.5,26.5,5.93,1.32,0.9472102777460287,0.32061299058567644,0.6084768701151261,0.7935716089521474
3409483,"Chembur, Mumbai - MPCB",ME,2026-02-09 00:00:00+05:30,48.4,27.2,57.4,0.967,31.3,36.4,11.2,1.18,0.15643446504023098,-0.9876883405951377,0.6220467484408675,0.7829801036770629
3409483,"Chembur, Mumbai - MPCB",ME,2026-02-10 00:00:00+05:30,42.1,27.1,63.1,1.01,35.6,33.5,11.9,1.14,0.2923717047227366,-0.9563047559630355,0.6354323008901774,0.7721565844991642
3409483,"Chembur, Mumbai - MPCB",ME,2026-02-11 00:00:00+05:30,40.6,27.5,58.5,0.883,36.9,32.0,11.3,1.24,0.40673664307580043,-0.9135454576426008,0.6486295610349814,0.7611042586607747
3409483,"Chembur, Mumbai - MPCB",ME,2026-02-12 00:00:00+05:30,44.9,27.8,64.2,0.919,37.4,31.0,13.3,1.38,0.3420201433256689,-0.9396926207859083,0.6616346182422783,0.7498264012045686
3409483,"Chembur, Mumbai - MPCB",ME,2026-02-13 00:00:00+05:30,49.4,27.6,61.1,0.944,35.2,36.5,12.6,1.14,0.6156614753256584,-0.7880107536067219,0.6744436188329455,0.7383263540031065
3409483,"Chembur, Mumbai - MPCB",ME,2026-02-14 00:00:00+05:30,52.1,28.0,54.6,0.852,44.4,42.1,10.9,0.766,0.5877852522924732,-0.8090169943749473,0.6870527672236669,0.7266075247685656
3409483,"Chembur, Mumbai - MPCB",ME,2026-02-15 00:00:00+05:30,47.3,27.1,59.0,,53.0,16.9,6.32,0.708,0.9854078984834901,-0.1702094991660325,0.699458327051647,0.7146733860429609
3409483,"Chembur, Mumbai - MPCB",ME,2026-02-16 00:00:00+05:30,40.7,26.4,52.3,,42.3,21.0,10.6,0.534,0.9953961983671787,0.09584575252022406,0.7116566222817746,0.7025274741691571
3409483,"Chembur, Mumbai - MPCB",ME,2026-02-17 00:00:00+05:30,31.2,28.2,58.8,1.03,39.8,42.9,11.7,0.229,-0.9455185755993168,-0.32556815445715664,0.7236440382959124,0.6901733882429719
3409483,"Chembur, Mumbai - MPCB",ME,2026-02-18 00:00:00+05:30,18.2,27.5,68.3,0.983,27.4,23.8,6.36,0.121,-0.7313537016191705,-0.6819983600624986,0.7354170229639855,0.6776147890466889
3409483,"Chembur, Mumbai - MPCB",ME,2026-02-19 00:00:00+05:30,39.6,27.5,71.6,0.96,44.0,31.2,7.36,,0.12186934340514755,-0.992546151641322,0.7469720876965552,0.6648553979642865
3409483,"Chembur, Mumbai - MPCB",ME,2026-02-20 00:00:00+05:30,55.3,27.8,71.9,0.881,38.6,28.8,10.8,0.667,0.6293203910498374,-0.7771459614569709,0.7583058084785624,0.6518989958787126
3409483,"Chembur, Mumbai - MPCB",ME,2026-02-21 00:00:00+05:30,58.1,29.0,53.9,0.823,33.0,46.3,13.3,0.524,-0.5000000000000001,-0.8660254037844386,0.7694148268839378,0.6387494220515272
3409483,"Chembur, Mumbai - MPCB",ME,2026-02-23 00:00:00+05:30,41.9,27.7,74.3,0.935,33.5,35.2,6.94,0.394,0.2923717047227366,-0.9563047559630355,0.7909456567567772,0.6118864012687243
3409483,"Chembur, Mumbai - MPCB",ME,2026-02-24 00:00:00+05:30,41.6,27.7,68.4,0.939,45.1,24.9,6.11,0.638,0.40673664307580043,-0.9135454576426008,0.8013610881746766,0.5981809144059165
3409483,"Chembur, Mumbai - MPCB",ME,2026-02-25 00:00:00+05:30,33.9,27.5,69.9,0.999,34.4,20.1,4.68,0.341,0.37460659341591224,-0.9271838545667873,0.8115390590073611,0.5842981736283684
3409483,"Chembur, Mumbai - MPCB",ME,2026-02-26 00:00:00+05:30,20.3,27.1,73.0,1.0,27.1,12.3,2.21,0.258,0.17364817766693028,-0.984807753012208,0.8214765533024142,0.5702422926917871
3409483,"Chembur, Mumbai - MPCB",ME,2026-02-27 00:00:00+05:30,14.9,27.1,69.8,0.839,24.1,13.0,4.78,,0.15643446504023098,-0.9876883405951377,0.8311706263658079,0.5560174366570446
3409483,"Chembur, Mumbai - MPCB",ME,2026-02-28 00:00:00+05:30,14.3,27.0,66.8,0.93,22.3,15.7,3.8,,0.37460659341591224,-0.9271838545667873,0.8406184056344782,0.5416278206559814
3409483,"Chembur, Mumbai - MPCB",ME,2026-03-01 00:00:00+05:30,19.7,27.1,69.2,0.958,25.2,20.1,4.24,0.472,0.4226182617406995,-0.9063077870366499,0.8498170915275278,0.5270777086423722
3409483,"Chembur, Mumbai - MPCB",ME,2026-03-02 00:00:00+05:30,21.9,27.3,71.7,0.964,29.1,16.6,2.78,0.634,0.3583679495453002,-0.9335804264972017,0.8587639582758029,0.5123714121284237
3409483,"Chembur, Mumbai - MPCB",ME,2026-03-03 00:00:00+05:30,68.5,27.9,69.2,0.98,35.4,30.7,3.87,1.57,0.3583679495453002,-0.9335804264972017,0.8674563547295969,0.49751328890718066
3409483,"Chembur, Mumbai - MPCB",ME,2026-03-04 00:00:00+05:30,33.8,29.2,54.0,0.842,31.5,47.0,4.96,0.708,0.8191520442889917,-0.5735764363510462,0.8758917051442429,0.48250774176121847
3409483,"Chembur, Mumbai - MPCB",ME,2026-03-05 00:00:00+05:30,25.9,29.2,42.7,0.865,34.2,52.0,6.37,0.62,0.8191520442889917,-0.5735764363510462,0.8840675099433636,0.4673592171580022
3409483,"Chembur, Mumbai - MPCB",ME,2026-03-06 00:00:00+05:30,26.7,28.6,48.7,0.904,35.8,45.0,8.06,0.66,0.5446390350150273,-0.8386705679454239,0.8919813464595485,0.45207220393230435
3409483,"Chembur, Mumbai - MPCB",ME,2026-03-07 00:00:00+05:30,24.1,27.8,71.8,0.833,34.2,25.8,3.99,0.667,0.8829475928589269,-0.4694715627858909,0.8996308696522433,0.43665123195606403
3409483,"Chembur, Mumbai - MPCB",ME,2026-03-08 00:00:00+05:30,39.5,28.9,59.8,0.931,34.7,65.5,10.8,0.872,0.48480962024633717,-0.8746197071393957,0.9070138128026359,0.4211008707960896
3409483,"Chembur, Mumbai - MPCB",ME,2026-03-09 00:00:00+05:30,38.9,29.6,41.8,0.848,40.2,58.7,17.4,0.959,0.777145961456971,-0.6293203910498373,0.9141279881853337,0.40542572835999735
3409483,"Chembur, Mumbai - MPCB",ME,2026-03-10 00:00:00+05:30,40.2,29.8,43.7,0.935,44.9,61.3,10.3,0.903,0.17364817766693028,-0.984807753012208,0.9209712877166346,0.38963044953078796
3409483,"Chembur, Mumbai - MPCB",ME,2026-03-11 00:00:00+05:30,40.8,28.5,71.7,1.01,33.1,18.7,10.7,0.783,0.5735764363510459,-0.8191520442889919,0.9275416835791966,0.37371971479046906
3409483,"Chembur, Mumbai - MPCB",ME,2026-03-12 00:00:00+05:30,35.9,28.6,77.3,0.862,28.3,13.7,1.63,0.754,0.39073112848927377,-0.9205048534524404,0.9338372288229252,0.35769823883312546
3409483,"Chembur, Mumbai - MPCB",ME,2026-03-13 00:00:00+05:30,34.4,28.9,60.0,0.843,31.1,28.3,4.29,0.743,0.48480962024633717,-0.8746197071393957,0.9398560579418954,0.3415707691678556
3409483,"Chembur, Mumbai - MPCB",ME,2026-03-14 00:00:00+05:30,26.0,28.6,62.4,0.943,34.4,17.4,4.27,0.672,0.45399049973954686,-0.8910065241883678,0.9455963874271426,0.3253420847119801
3409483,"Chembur, Mumbai - MPCB",ME,2026-03-15 00:00:00+05:30,20.5,28.1,72.1,0.914,20.6,11.8,1.52,0.442,0.12186934340514755,-0.992546151641322,0.9510565162951535,0.30901699437494745
3409483,"Chembur, Mumbai - MPCB",ME,2026-03-16 00:00:00+05:30,15.9,28.0,73.0,0.895,18.8,10.4,1.8,0.452,0.03489949670250114,-0.9993908270190958,0.9562348265919056,0.29260033563334836
3409483,"Chembur, Mumbai - MPCB",ME,2026-03-17 00:00:00+05:30,17.5,27.8,73.2,0.842,21.0,13.9,2.38,0.563,0.5150380749100544,-0.8571673007021122,0.9611297838723007,0.27609697309746883
3409483,"Chembur, Mumbai - MPCB",ME,2026-03-18 00:00:00+05:30,20.3,27.6,70.7,0.954,29.2,13.5,13.9,0.67,0.5150380749100544,-0.8571673007021122,0.9657399376548549,0.2595117970697999
3409483,"Chembur, Mumbai - MPCB",ME,2026-03-19 00:00:00+05:30,14.2,27.6,71.1,0.863,22.9,10.8,1.73,0.711,0.12186934340514755,-0.992546151641322,0.9700639218515071,0.2428497220959356
3409483,"Chembur, Mumbai - MPCB",ME,2026-03-20 00:00:00+05:30,14.9,26.4,78.3,0.85,16.3,9.92,6.86,0.639,0.838670567945424,-0.5446390350150271,0.9741004551724205,0.22611568550828828
3409483,"Chembur, Mumbai - MPCB",ME,2026-03-21 00:00:00+05:30,12.0,25.9,86.2,1.01,37.0,1.02,3.72,1.22,0.9916711623830905,0.1287955965775626,0.9778483415056568,0.20931464596304847
3409483,"Chembur, Mumbai - MPCB",ME,2026-03-23 00:00:00+05:30,30.8,30.1,44.6,0.836,34.4,62.3,10.1,1.06,-0.15643446504023073,-0.9876883405951378,0.9844738167520922,0.1755314904214282
3409483,"Chembur, Mumbai - MPCB",ME,2026-03-24 00:00:00+05:30,31.2,29.1,58.1,0.876,34.3,33.8,6.19,1.09,0.4383711467890773,-0.898794046299167,0.9873494423939864,0.15855938510313475
3409483,"Chembur, Mumbai - MPCB",ME,2026-03-25 00:00:00+05:30,16.6,28.8,65.3,0.866,27.7,25.9,4.03,0.933,0.258819045102521,-0.9659258262890682,0.989932495087353,0.141540295217043
3409483,"Chembur, Mumbai - MPCB",ME,2026-03-26 00:00:00+05:30,4.83,29.3,62.4,0.82,28.9,34.2,7.4,1.03,0.24192189559966773,-0.9702957262759965,0.9922222094179323,0.12447926388678915
3409483,"Chembur, Mumbai - MPCB",ME,2026-03-27 00:00:00+05:30,22.4,29.5,59.1,0.861,34.1,33.8,7.89,1.06,0.10452846326765373,-0.9945218953682733,0.994217906893952,0.10738134666416309
3409483,"Chembur, Mumbai - MPCB",ME,2026-03-28 00:00:00+05:30,17.6,28.6,75.0,0.886,27.2,14.7,4.55,0.771,-0.017452406437283637,-0.9998476951563913,0.995918996147179,0.09025161003104117
3409483,"Chembur, Mumbai - MPCB",ME,2026-03-29 00:00:00+05:30,9.65,28.4,75.1,0.856,15.0,9.13,7.84,0.752,-0.2419218955996675,-0.9702957262759965,0.9973249731081555,0.07309512989807777
3409483,"Chembur, Mumbai - MPCB",ME,2026-03-30 00:00:00+05:30,10.7,28.6,75.3,0.859,14.5,13.9,5.51,0.787,-0.2419218955996675,-0.9702957262759965,0.9984354211555643,0.055916990100603484
3409483,"Chembur, Mumbai - MPCB",ME,2026-03-31 00:00:00+05:30,7.0,28.7,71.8,0.723,12.1,11.8,3.88,0.756,-0.3090169943749473,-0.9510565162951536,0.9992500112396835,0.03872228089217446
3409483,"Chembur, Mumbai - MPCB",ME,2026-04-01 00:00:00+05:30,17.0,28.3,72.7,0.799,15.9,16.0,4.31,0.794,-0.06975647374412527,-0.9975640502598242,0.9997685019798909,0.021516097436222254
3409483,"Chembur, Mumbai - MPCB",ME,2026-04-02 00:00:00+05:30,21.0,28.0,71.9,0.864,17.5,23.8,4.49,0.86,0.19080899537654497,-0.981627183447664,0.9999907397361901,0.004303538296244289
3409483,"Chembur, Mumbai - MPCB",ME,2026-04-03 00:00:00+05:30,30.0,28.2,69.6,0.849,20.1,22.2,6.34,0.986,0.06975647374412552,-0.9975640502598242,0.9999166586547379,-0.01291029607500882
3409483,"Chembur, Mumbai - MPCB",ME,2026-04-04 00:00:00+05:30,20.9,28.2,72.3,0.86,18.1,13.5,5.11,0.874,0.10452846326765373,-0.9945218953682733,0.9995462806873573,-0.030120304846908114
3409483,"Chembur, Mumbai - MPCB",ME,2026-04-05 00:00:00+05:30,20.9,28.0,68.9,0.902,20.5,23.1,5.15,0.838,0.05233595624294381,-0.9986295347545738,0.9988797155850336,-0.04732138832243185
3409483,"Chembur, Mumbai - MPCB",ME,2026-04-06 00:00:00+05:30,18.4,27.8,68.6,0.921,22.5,29.6,4.67,0.862,0.19080899537654497,-0.981627183447664,0.9979171608653922,-0.06450844944931623
3409483,"Chembur, Mumbai - MPCB",ME,2026-04-07 00:00:00+05:30,17.9,28.2,71.9,0.749,19.4,21.2,3.82,0.909,0.37460659341591224,-0.9271838545667873,0.9966589017541702,-0.08167639533042241
3409483,"Chembur, Mumbai - MPCB",ME,2026-04-08 00:00:00+05:30,17.2,28.6,74.1,0.827,16.4,8.66,3.48,0.908,0.12186934340514755,-0.992546151641322,0.9951053111006976,-0.09882013873287143
3409483,"Chembur, Mumbai - MPCB",ME,2026-04-09 00:00:00+05:30,21.1,28.6,66.6,0.826,20.3,11.6,3.47,1.01,0.3255681544571566,-0.9455185755993168,0.9932568492674143,-0.11593459959550041
3409483,"Chembur, Mumbai - MPCB",ME,2026-04-10 00:00:00+05:30,31.9,28.5,61.9,0.96,29.3,24.2,5.15,1.23,0.3583679495453002,-0.9335804264972017,0.9911140639934547,-0.1330147065341959
3409483,"Chembur, Mumbai - MPCB",ME,2026-04-11 00:00:00+05:30,36.0,29.1,70.4,0.883,20.6,44.0,5.55,1.17,0.24192189559966773,-0.9702957262759965,0.9886775902323405,-0.1500553983446526
3409483,"Chembur, Mumbai - MPCB",ME,2026-04-12 00:00:00+05:30,34.2,28.9,74.2,0.93,20.3,32.6,3.75,1.23,0.10452846326765373,-0.9945218953682733,0.9859481499638304,-0.16705162550211924
3409483,"Chembur, Mumbai - MPCB",ME,2026-04-13 00:00:00+05:30,28.8,28.7,78.5,0.975,15.8,19.0,3.4,1.09,0.3255681544571566,-0.9455185755993168,0.9829265519799822,-0.18399835165768005
3409483,"Chembur, Mumbai - MPCB",ME,2026-04-14 00:00:00+05:30,32.6,29.0,73.2,0.954,19.1,25.7,4.95,1.19,0.5446390350150273,-0.8386705679454239,0.9796136916454901,-0.20089055513063506
3409483,"Chembur, Mumbai - MPCB",ME,2026-04-15 00:00:00+05:30,20.6,28.9,71.5,0.895,15.9,23.5,3.85,1.11,0.40673664307580043,-0.9135454576426008,0.9760105506323683,-0.21772323039653177
3409483,"Chembur, Mumbai - MPCB",ME,2026-04-16 00:00:00+05:30,18.3,28.2,75.6,0.903,14.4,24.4,3.37,0.781,0.49999999999999994,-0.8660254037844387,0.9721181966290613,-0.23449138957040985
3409483,"Chembur, Mumbai - MPCB",ME,2026-04-17 00:00:00+05:30,19.8,28.5,77.0,,18.7,23.4,4.62,0.413,,,0.9679377830240642,-0.25119006388481935
3409483,"Chembur, Mumbai - MPCB",ME,2026-04-18 00:00:00+05:30,23.0,29.1,73.4,0.78,21.0,23.4,4.41,0.503,0.6156614753256584,-0.7880107536067219,0.9634705485641488,-0.2678143051621742
3409483,"Chembur, Mumbai - MPCB",ME,2026-04-19 00:00:00+05:30,26.0,29.1,68.7,0.86,19.1,26.8,11.9,0.47,-0.12186934340514731,-0.9925461516413221,0.9587178169872964,-0.2843591872810034
3409483,"Chembur, Mumbai - MPCB",ME,2026-04-20 00:00:00+05:30,22.9,28.8,75.3,0.906,16.5,24.0,7.65,0.424,1.2246467991473532e-16,-1.0,0.9536809966304457,-0.30081980763566735
3409483,"Chembur, Mumbai - MPCB",ME,2026-04-21 00:00:00+05:30,28.6,29.1,70.4,0.802,22.9,30.5,5.79,0.578,0.3420201433256689,-0.9396926207859083,0.9483615800121715,-0.3171912885891061
3409483,"Chembur, Mumbai - MPCB",ME,2026-04-22 00:00:00+05:30,25.8,30.1,71.5,0.852,23.3,23.6,6.48,0.534,0.3583679495453002,-0.9335804264972017,0.9427611433904207,-0.3334687789181868
3409483,"Chembur, Mumbai - MPCB",ME,2026-04-23 00:00:00+05:30,27.5,31.8,64.2,0.803,29.2,38.2,6.45,0.685,0.06975647374412552,-0.9975640502598242,0.9368813462954315,-0.3496474552512284
3409483,"Chembur, Mumbai - MPCB",ME,2026-04-24 00:00:00+05:30,27.4,32.1,70.7,0.815,27.2,21.8,5.81,0.645,-0.2079116908177595,-0.9781476007338056,0.9307239310379795,-0.36572252349726897
3409483,"Chembur, Mumbai - MPCB",ME,2026-04-25 00:00:00+05:30,31.0,32.2,67.4,0.91,28.9,33.2,4.73,0.749,0.03489949670250114,-0.9993908270190958,0.9242907221930933,-0.3816892202666588
3409483,"Chembur, Mumbai - MPCB",ME,2026-04-26 00:00:00+05:30,29.8,31.7,72.8,0.956,22.3,16.5,3.57,0.614,-0.275637355816999,-0.9612616959383189,0.9175836260593937,-0.39754281428255595
3409483,"Chembur, Mumbai - MPCB",ME,2026-04-27 00:00:00+05:30,20.7,31.1,79.3,1.03,12.8,12.2,5.04,0.512,0.258819045102521,-0.9659258262890682,0.9106046300942162,-0.4132786077829042
3409483,"Chembur, Mumbai - MPCB",ME,2026-04-28 00:00:00+05:30,23.0,30.7,77.8,0.939,15.5,22.8,5.6,0.552,0.7071067811865476,-0.7071067811865475,0.9033558023246845,-0.4288919379124835
3409483,"Chembur, Mumbai - MPCB",ME,2026-04-30 00:00:00+05:30,20.1,32.1,71.9,1.23,10.0,33.2,10.9,0.576,0.01745240643728344,-0.9998476951563913,0.8880573226294932,-0.45973273945210397
3409483,"Chembur, Mumbai - MPCB",ME,2026-05-01 00:00:00+05:30,18.8,31.3,74.6,1.2,9.56,28.3,14.3,0.574,0.05233595624294381,-0.9986295347545738,0.8800122039735357,-0.47495107206704995
3409483,"Chembur, Mumbai - MPCB",ME,2026-05-02 00:00:00+05:30,17.9,31.3,76.3,1.01,11.8,26.8,22.1,0.583,0.13917310096006533,-0.9902680687415704,0.8717063187093218,-0.4900286664290592
3409483,"Chembur, Mumbai - MPCB",ME,2026-05-03 00:00:00+05:30,19.4,31.6,76.6,1.17,9.91,30.0,23.1,0.63,-0.06975647374412527,-0.9975640502598242,0.8631421280499114,-0.5049610547215204
3409483,"Chembur, Mumbai - MPCB",ME,2026-05-04 00:00:00+05:30,18.1,31.8,72.1,1.12,12.0,21.1,39.2,0.62,0.01745240643728344,-0.9998476951563913,0.854322169749827,-0.5197438121555155
3409483,"Chembur, Mumbai - MPCB",ME,2026-05-05 00:00:00+05:30,18.4,32.0,71.1,0.86,14.3,21.8,26.8,0.642,-0.3090169943749473,-0.9510565162951536,0.8452490573530633,-0.5343725582809786
3409483,"Chembur, Mumbai - MPCB",ME,2026-05-06 00:00:00+05:30,21.8,33.0,64.1,1.1,15.6,43.8,4.16,0.669,-0.9702957262759966,0.24192189559966742,0.8359254794186372,-0.548842958284719
3409483,"Chembur, Mumbai - MPCB",ME,2026-05-07 00:00:00+05:30,22.8,32.0,72.3,0.795,16.2,36.4,2.92,0.77,-0.08715574274765794,-0.9961946980917455,0.8263541987239096,-0.5631507242749186
3409483,"Chembur, Mumbai - MPCB",ME,2026-05-08 00:00:00+05:30,25.3,32.3,72.7,0.839,21.2,50.5,2.54,0.537,0.3090169943749475,-0.9510565162951535,0.8165380514459161,-0.5772916165517272
3409483,"Chembur, Mumbai - MPCB",ME,2026-05-09 00:00:00+05:30,24.2,32.6,69.2,0.859,27.2,42.3,3.66,0.358,0.3090169943749475,-0.9510565162951535,0.8064799463209448,-0.5912614448635781
3409483,"Chembur, Mumbai - MPCB",ME,2026-05-10 00:00:00+05:30,27.5,32.3,71.1,0.883,23.0,52.3,2.56,0.468,-0.29237170472273677,-0.9563047559630354,0.7961828637826158,-0.6050560696488488
3409483,"Chembur, Mumbai - MPCB",ME,2026-05-11 00:00:00+05:30,24.8,32.8,70.7,0.82,25.1,47.7,2.37,0.373,0.258819045102521,-0.9659258262890682,0.7856498550787147,-0.6186714032625031
3409483,"Chembur, Mumbai - MPCB",ME,2026-05-12 00:00:00+05:30,21.4,32.0,75.1,0.822,16.2,24.9,2.06,0.344,-0.22495105434386498,-0.9743700647852352,0.7748840413670407,-0.6321034111873487
3409483,"Chembur, Mumbai - MPCB",ME,2026-05-13 00:00:00+05:30,17.3,32.0,76.3,0.896,13.3,24.7,2.08,0.338,-0.17364817766693047,-0.984807753012208,0.7638886127905428,-0.6453481132295501
3409483,"Chembur, Mumbai - MPCB",ME,2026-05-14 00:00:00+05:30,17.7,32.0,75.8,0.843,21.6,24.7,2.02,0.36,-0.2588190451025208,-0.9659258262890683,0.7526668275320085,-0.6584015846980488
3409483,"Chembur, Mumbai - MPCB",ME,2026-05-15 00:00:00+05:30,17.4,31.8,75.3,0.765,16.9,22.1,2.09,0.367,-0.45399049973954664,-0.8910065241883679,0.7412220108485958,-0.6712599575675313
3409483,"Chembur, Mumbai - MPCB",ME,2026-05-16 00:00:00+05:30,14.5,31.8,75.7,0.765,13.8,20.3,2.96,0.379,-0.6691306063588582,-0.7431448254773942,0.7295575540864875,-0.6839194216246106
3409483,"Chembur, Mumbai - MPCB",ME,2026-05-17 00:00:00+05:30,12.4,30.9,81.8,0.62,11.0,19.8,2.53,0.351,0.7071067811865476,-0.7071067811865475,0.717676913675962,-0.6963762255968722
3409483,"Chembur, Mumbai - MPCB",ME,2026-05-18 00:00:00+05:30,15.6,32.4,73.7,0.743,15.4,34.4,2.53,0.45,-0.913545457642601,-0.4067366430758001,0.705583610107178,-0.7086266782644596
3409483,"Chembur, Mumbai - MPCB",ME,2026-05-19 00:00:00+05:30,15.9,31.2,76.4,0.765,18.1,23.4,2.7,0.433,0.37460659341591224,-0.9271838545667873,0.6932812268869777,-0.7206671495538609
3409483,"Chembur, Mumbai - MPCB",ME,2026-05-20 00:00:00+05:30,14.9,31.5,73.5,0.878,16.8,17.6,2.66,0.448,0.3255681544571566,-0.9455185755993168,0.6807734094770161,-0.7324940716135789
3409483,"Chembur, Mumbai - MPCB",ME,2026-05-21 00:00:00+05:30,11.4,32.1,72.7,0.801,15.0,18.0,2.53,0.468,-0.1045284632676535,-0.9945218953682733,0.6680638642135335,-0.7441039398713607
3409483,"Chembur, Mumbai - MPCB",ME,2026-05-22 00:00:00+05:30,12.3,32.4,74.0,0.834,14.7,18.9,1.73,0.507,0.2923717047227366,-0.9563047559630355,0.6551563572090853,-0.7554933140726803
3409483,"Chembur, Mumbai - MPCB",ME,2026-05-23 00:00:00+05:30,10.8,32.6,75.7,0.785,13.6,15.9,2.08,0.554,-0.3090169943749473,-0.9510565162951536,0.6420547132365637,-0.766658819300159
3409483,"Chembur, Mumbai - MPCB",ME,2026-05-24 00:00:00+05:30,10.1,32.9,75.4,0.855,14.6,15.4,2.03,0.548,-0.5591929034707467,-0.8290375725550417,0.6287628145958344,-0.7775971469736269
3409483,"Chembur, Mumbai - MPCB",ME,2026-05-25 00:00:00+05:30,12.0,32.6,74.5,0.818,22.1,13.9,2.2,0.548,-0.29237170472273677,-0.9563047559630354,0.6152845999633276,-0.7883050558305255
3409483,"Chembur, Mumbai - MPCB",ME,2026-05-26 00:00:00+05:30,13.8,32.5,72.8,0.763,24.5,15.1,1.87,0.573,-0.7771459614569706,-0.6293203910498378,0.6016240632249226,-0.7987793728863649
3409483,"Chembur, Mumbai - MPCB",ME,2026-05-27 00:00:00+05:30,12.8,32.4,70.8,0.656,23.6,12.5,1.83,0.595,-0.5150380749100542,-0.8571673007021123,0.5877852522924732,-0.8090169943749473
3409483,"Chembur, Mumbai - MPCB",ME,2026-05-28 00:00:00+05:30,15.4,32.7,70.1,0.795,17.7,15.6,1.97,0.588,-0.2419218955996675,-0.9702957262759965,0.5737722679043246,-0.8190148866680801
3409483,"Chembur, Mumbai - MPCB",ME,2026-05-29 00:00:00+05:30,14.0,32.8,65.1,0.993,10.4,15.5,0.423,0.65,-0.39073112848927355,-0.9205048534524404,0.5595892624101765,-0.8287700871745038
3409483,"Chembur, Mumbai - MPCB",ME,2026-05-30 00:00:00+05:30,16.2,33.2,67.1,0.956,11.2,15.0,,0.704,-0.587785252292473,-0.8090169943749475,0.545240438540651,-0.8382797052177744
3409483,"Chembur, Mumbai - MPCB",ME,2026-05-31 00:00:00+05:30,16.1,32.4,73.5,0.802,15.0,13.0,0.273,0.75,-0.2588190451025208,-0.9659258262890683,0.5307300481619334,-0.8475409228928311
3409483,"Chembur, Mumbai - MPCB",ME,2026-06-01 00:00:00+05:30,14.1,32.6,72.3,0.744,16.0,13.7,0.675,0.762,-0.1045284632676535,-0.9945218953682733,0.5160623910158528,-0.8565509959010036
3409483,"Chembur, Mumbai - MPCB",ME,2026-06-02 00:00:00+05:30,16.7,32.5,72.9,0.84,16.3,13.2,2.89,0.789,0.40673664307580043,-0.9135454576426008,0.5012418134457758,-0.865307254363206
3409483,"Chembur, Mumbai - MPCB",ME,2026-06-03 00:00:00+05:30,16.7,31.8,69.6,0.883,19.2,22.5,,0.816,0.17364817766693028,-0.984807753012208,0.48627270710868997,-0.8738071036110808
3409483,"Chembur, Mumbai - MPCB",ME,2026-06-04 00:00:00+05:30,15.8,32.4,70.9,1.02,12.9,17.2,,0.843,0.19080899537654497,-0.981627183447664,0.4711595076738638,-0.8820480249558537
3409483,"Chembur, Mumbai - MPCB",ME,2026-06-05 00:00:00+05:30,17.6,32.7,75.9,0.728,15.1,13.6,,0.905,-0.2419218955996675,-0.9702957262759965,0.4559066935084588,-0.8900275764346767
3409483,"Chembur, Mumbai - MPCB",ME,2026-06-06 00:00:00+05:30,17.4,33.1,71.4,0.665,17.3,15.8,1.69,0.917,-0.017452406437283637,-0.9998476951563913,0.440518784350495,-0.8977433935342337
3409483,"Chembur, Mumbai - MPCB",ME,2026-06-07 00:00:00+05:30,16.4,33.0,72.7,,19.3,,2.13,0.953,-0.29237170472273677,-0.9563047559630354,0.42500033996955416,-0.9051931898913974
3409483,"Chembur, Mumbai - MPCB",ME,2026-06-08 00:00:00+05:30,18.0,31.9,80.1,0.54,28.7,0.0,1.6,1.81,-0.052335956242943564,-0.9986295347545738,0.4093559588156213,-0.9123747579707273
3409483,"Chembur, Mumbai - MPCB",ME,2026-06-09 00:00:00+05:30,15.4,33.5,70.9,0.702,15.2,34.2,22.2,0.552,-0.7986355100472928,-0.6018150231520483,0.39359027665646673,-0.9192859697186104
3409483,"Chembur, Mumbai - MPCB",ME,2026-06-10 00:00:00+05:30,17.6,32.7,73.2,0.656,11.7,,1.58,0.235,-0.6018150231520484,-0.7986355100472928,0.3777079652039649,-0.9259247771938498
3409483,"Chembur, Mumbai - MPCB",ME,2026-06-11 00:00:00+05:30,16.4,32.9,65.8,0.921,6.62,10.3,1.45,0.223,-0.4067366430758002,-0.9135454576426009,0.36171373072976765,-0.9322892131745133
3409483,"Chembur, Mumbai - MPCB",ME,2026-06-12 00:00:00+05:30,15.8,32.9,66.4,1.1,7.09,9.82,1.85,0.211,-0.48480962024633695,-0.8746197071393959,0.3456123126707335,-0.9383773917408641
3409483,"Chembur, Mumbai - MPCB",ME,2026-06-13 00:00:00+05:30,14.7,32.9,66.6,0.724,12.5,9.71,1.31,0.24,-0.8386705679454242,-0.544639035015027,0.3294084822245304,-0.9441875088341993
3409483,"Chembur, Mumbai - MPCB",ME,2026-06-14 00:00:00+05:30,14.8,32.7,65.6,0.695,16.0,10.1,1.8,0.234,-0.8987940462991668,-0.43837114678907774,0.3131070409358269,-0.9497178427914316
3409483,"Chembur, Mumbai - MPCB",ME,2026-06-15 00:00:00+05:30,15.0,32.8,65.3,,19.0,11.2,1.64,0.237,,,0.29671281927349075,-0.9549667548552551
3409483,"Chembur, Mumbai - MPCB",ME,2026-06-16 00:00:00+05:30,15.2,32.5,68.2,0.696,15.9,11.6,1.71,0.268,-0.4067366430758002,-0.9135454576426009,0.28023067519921585,-0.9599326896597447
3409483,"Chembur, Mumbai - MPCB",ME,2026-06-17 00:00:00+05:30,14.2,32.5,65.3,0.625,15.7,9.64,1.34,0.274,-0.32556815445715676,-0.9455185755993167,0.26366549272800704,-0.9646141756912435
3409483,"Chembur, Mumbai - MPCB",ME,2026-06-18 00:00:00+05:30,13.9,32.2,66.7,,11.9,,1.7,0.265,,,0.24702218048093552,-0.9690098257244062
3409483,"Chembur, Mumbai - MPCB",ME,2026-06-19 00:00:00+05:30,12.8,32.1,63.7,0.827,9.55,8.06,5.11,0.26,0.3090169943749475,-0.9510565162951535,0.23030567023061221,-0.9731183372332619
3409483,"Chembur, Mumbai - MPCB",ME,2026-06-20 00:00:00+05:30,12.2,32.1,66.9,,11.3,32.0,1.85,0.277,,,0.21352091543979612,-0.9769384927771817
3409483,"Chembur, Mumbai - MPCB",ME,2026-06-21 00:00:00+05:30,12.9,31.4,73.2,,11.5,20.2,1.98,0.3,,,0.19667288979357647,-0.980469160361632
3409483,"Chembur, Mumbai - MPCB",ME,2026-06-22 00:00:00+05:30,10.5,31.7,75.1,1.07,8.17,19.8,13.0,0.284,0.2923717047227366,-0.9563047559630355,0.1797665857255624,-0.9837092937736097
3409483,"Chembur, Mumbai - MPCB",ME,2026-06-23 00:00:00+05:30,9.69,28.6,86.4,0.79,16.0,14.3,2.53,0.53,,,0.16280701293851715,-0.986657932891657
3409483,"Chembur, Mumbai - MPCB",ME,2026-06-25 00:00:00+05:30,9.61,29.5,86.2,0.731,12.2,18.3,8.67,0.618,-0.0348994967025009,-0.9993908270190958,0.12874817745258132,-0.99167731989929
3409483,"Chembur, Mumbai - MPCB",ME,2026-06-26 00:00:00+05:30,11.8,30.4,86.2,0.844,11.8,20.9,10.6,0.766,0.37460659341591224,-0.9271838545667873,0.11165900712169512,-0.993746580436178
3409483,"Chembur, Mumbai - MPCB",ME,2026-06-27 00:00:00+05:30,13.8,31.0,83.5,,13.9,22.3,9.54,,,,0.09453674981719912,-0.9955213724144752
3409483,"Chembur, Mumbai - MPCB",ME,2026-06-28 00:00:00+05:30,12.1,30.1,85.9,0.702,13.4,15.8,3.13,,0.0871557427476582,-0.9961946980917455,0.07738647923346301,-0.9970011699250151
3409483,"Chembur, Mumbai - MPCB",ME,2026-06-29 00:00:00+05:30,10.1,28.3,82.5,0.681,12.9,11.3,11.9,0.497,0.7071067811865476,-0.7071067811865475,0.06021327736579302,-0.9981855344718586
3409483,"Chembur, Mumbai - MPCB",ME,2026-06-30 00:00:00+05:30,12.6,27.9,84.2,0.783,16.3,6.28,45.2,0.451,0.3255681544571566,-0.9455185755993168,0.04302223300453059,-0.99907411510223
3409483,"Chembur, Mumbai - MPCB",ME,2026-07-01 00:00:00+05:30,8.38,26.6,75.1,0.8,13.3,10.6,7.66,0.443,0.2923717047227366,-0.9563047559630355,0.02581844022713308,-0.9996666485105112
3409483,"Chembur, Mumbai - MPCB",ME,2026-07-02 00:00:00+05:30,9.22,38.2,79.5,0.719,16.0,6.67,7.22,0.441,0.2249510543438652,-0.9743700647852351,0.008606996888688698,-0.9999629591162655
3409483,"Chembur, Mumbai - MPCB",ME,2026-07-03 00:00:00+05:30,8.14,30.6,67.3,0.623,17.9,6.41,1.1,0.297,0.5591929034707469,-0.8290375725550416,-0.008606996888688009,-0.9999629591162655
3409483,"Chembur, Mumbai - MPCB",ME,2026-07-04 00:00:00+05:30,8.71,32.6,73.0,0.753,14.6,11.8,1.26,0.313,0.4694715627858907,-0.882947592858927,-0.02581844022713239,-0.9996666485105112
3409483,"Chembur, Mumbai - MPCB",ME,2026-07-05 00:00:00+05:30,11.7,27.0,39.5,0.806,14.4,20.8,1.21,0.254,-0.2079116908177595,-0.9781476007338056,-0.04302223300453034,-0.99907411510223
3409483,"Chembur, Mumbai - MPCB",ME,2026-07-06 00:00:00+05:30,11.5,16.4,11.9,0.888,14.1,20.3,1.22,0.251,-0.6946583704589973,-0.7193398003386511,-0.060213277365792774,-0.9981855344718586
3409483,"Chembur, Mumbai - MPCB",ME,2026-07-07 00:00:00+05:30,16.2,5.9,33.6,0.986,12.5,5.77,1.14,0.307,-0.5735764363510462,-0.8191520442889918,-0.07738647923346322,-0.9970011699250151
3409483,"Chembur, Mumbai - MPCB",ME,2026-07-08 00:00:00+05:30,12.8,3.83,33.1,0.813,12.7,3.48,1.13,0.335,-0.45399049973954664,-0.8910065241883679,-0.09453674981719933,-0.9955213724144752
3409483,"Chembur, Mumbai - MPCB",ME,2026-07-09 00:00:00+05:30,15.8,2.04,14.7,1.13,8.08,5.99,9.54,0.273,-0.052335956242943564,-0.9986295347545738,-0.11165900712169444,-0.9937465804361781
3409483,"Chembur, Mumbai - MPCB",ME,2026-07-10 00:00:00+05:30,12.0,0.902,26.2,0.966,8.78,9.48,0.839,0.271,-0.3090169943749473,-0.9510565162951536,-0.12874817745258066,-0.99167731989929
3409483,"Chembur, Mumbai - MPCB",ME,2026-07-11 00:00:00+05:30,10.0,0.343,10.9,1.23,5.81,3.24,0.488,0.245,-0.2079116908177595,-0.9781476007338056,-0.14579919691987442,-0.9893142039703664
3409483,"Chembur, Mumbai - MPCB",ME,2026-07-13 00:00:00+05:30,10.8,,11.4,1.32,7.14,13.0,0.471,0.321,-0.017452406437283637,-0.9998476951563913,-0.17976658572556214,-0.9837092937736098
3409483,"Chembur, Mumbai - MPCB",ME,2026-07-14 00:00:00+05:30,10.8,,6.19,1.19,6.65,10.9,0.758,0.335,-0.052335956242943564,-0.9986295347545738,-0.19667288979357622,-0.9804691603616321
3409483,"Chembur, Mumbai - MPCB",ME,2026-07-15 00:00:00+05:30,10.6,,7.45,1.14,6.98,4.13,0.564,0.377,-0.1045284632676535,-0.9945218953682733,-0.2135209154397959,-0.9769384927771817
3409483,"Chembur, Mumbai - MPCB",ME,2026-07-16 00:00:00+05:30,12.6,,7.27,0.997,8.21,4.88,0.643,0.418,-0.06975647374412527,-0.9975640502598242,-0.23030567023061196,-0.973118337233262
3409483,"Chembur, Mumbai - MPCB",ME,2026-07-17 00:00:00+05:30,15.3,,29.0,0.722,11.3,4.22,0.595,0.471,-0.06975647374412527,-0.9975640502598242,-0.24702218048093527,-0.9690098257244063
3409483,"Chembur, Mumbai - MPCB",ME,2026-07-18 00:00:00+05:30,12.2,29.0,29.7,0.67,12.4,17.9,0.498,0.53,0.03489949670250114,-0.9993908270190958,-0.2636654927280072,-0.9646141756912435
3409483,"Chembur, Mumbai - MPCB",ME,2026-07-19 00:00:00+05:30,11.3,29.5,22.2,0.912,9.26,,0.99,0.329,0.3090169943749475,-0.9510565162951535,-0.2802306751992161,-0.9599326896597445
3409483,"Chembur, Mumbai - MPCB",ME,2026-07-20 00:00:00+05:30,13.4,32.8,39.1,0.842,10.9,,0.944,0.113,0.01745240643728344,-0.9998476951563913,-0.2967128192734901,-0.9549667548552553
3409483,"Chembur, Mumbai - MPCB",ME,2026-07-21 00:00:00+05:30,8.81,34.4,40.7,1.23,6.26,,2.2,0.113,-0.12186934340514731,-0.9925461516413221,-0.3131070409358267,-0.9497178427914317
3409483,"Chembur, Mumbai - MPCB",ME,2026-07-22 00:00:00+05:30,8.13,28.8,40.1,1.43,6.29,20.1,0.639,0.164,-0.19080899537654472,-0.981627183447664,-0.3294084822245302,-0.9441875088341994
3409483,"Chembur, Mumbai - MPCB",ME,2026-07-23 00:00:00+05:30,10.2,28.9,50.6,1.53,5.11,19.9,0.225,0.183,-0.19080899537654472,-0.981627183447664,-0.3456123126707333,-0.9383773917408642
3409483,"Chembur, Mumbai - MPCB",ME,2026-07-24 00:00:00+05:30,8.62,31.7,51.5,1.5,4.67,20.0,0.923,0.194,-0.2419218955996675,-0.9702957262759965,-0.3617137307297674,-0.9322892131745134
3409483,"Chembur, Mumbai - MPCB",ME,2026-07-25 00:00:00+05:30,10.6,29.7,48.0,1.21,6.75,20.0,1.09,0.257,-0.06975647374412527,-0.9975640502598242,-0.37770796520396466,-0.9259247771938499
3409483,"Chembur, Mumbai - MPCB",ME,2026-07-26 00:00:00+05:30,12.2,,64.1,0.913,8.63,20.0,1.0,0.299,0.06975647374412552,-0.9975640502598242,-0.39359027665646645,-0.9192859697186105
3409483,"Chembur, Mumbai - MPCB",ME,2026-07-27 00:00:00+05:30,12.4,,64.9,0.595,12.8,20.0,0.933,0.397,0.15643446504023098,-0.9876883405951377,-0.4093559588156211,-0.9123747579707274
3409483,"Chembur, Mumbai - MPCB",ME,2026-07-28 00:00:00+05:30,12.2,,66.2,0.759,11.7,20.1,0.975,0.373,-0.12186934340514731,-0.9925461516413221,-0.42500033996955394,-0.9051931898913975
3409483,"Chembur, Mumbai - MPCB",ME,2026-07-29 00:00:00+05:30,12.5,,67.9,0.902,12.3,19.9,0.88,0.451,-0.5446390350150271,-0.838670567945424,-0.4405187843504952,-0.8977433935342336
3409483,"Chembur, Mumbai - MPCB",ME,2026-07-30 00:00:00+05:30,11.8,0.22,67.1,0.628,15.6,20.1,1.09,0.504,-0.6946583704589973,-0.7193398003386511,-0.455906693508459,-0.8900275764346766
3409483,"Chembur, Mumbai - MPCB",ME,2026-07-31 00:00:00+05:30,13.5,,66.9,0.777,12.2,20.0,0.909,0.404,-0.9975640502598242,-0.06975647374412558,-0.47115950767386394,-0.8820480249558535
3409483,"Chembur, Mumbai - MPCB",ME,2026-08-01 00:00:00+05:30,15.8,0.69,67.9,1.27,6.92,19.9,1.86,0.446,-0.29237170472273677,-0.9563047559630354,-0.4862727071086902,-0.8738071036110807
3409483,"Chembur, Mumbai - MPCB",ME,2026-08-02 00:00:00+05:30,8.58,,68.7,0.883,7.29,19.7,0.874,0.476,-0.12186934340514731,-0.9925461516413221,-0.5012418134457756,-0.8653072543632061
3409483,"Chembur, Mumbai - MPCB",ME,2026-08-03 00:00:00+05:30,11.8,29.1,70.1,0.682,11.2,20.0,1.55,0.496,-0.981627183447664,-0.1908089953765446,-0.5160623910158526,-0.8565509959010037
3409483,"Chembur, Mumbai - MPCB",ME,2026-08-04 00:00:00+05:30,200.0,34.4,73.5,0.69,15.8,20.2,7.24,0.0,0.8090169943749475,-0.587785252292473,-0.5307300481619331,-0.8475409228928312
3409483,"Chembur, Mumbai - MPCB",ME,2026-08-05 00:00:00+05:30,10.0,28.4,76.8,0.839,10.0,20.0,3.16,0.117,0.48480962024633717,-0.8746197071393957,-0.5452404385406507,-0.8382797052177745
3409483,"Chembur, Mumbai - MPCB",ME,2026-08-06 00:00:00+05:30,12.9,21.0,78.3,0.643,12.5,21.5,1.13,0.277,-0.4067366430758002,-0.9135454576426009,-0.5595892624101763,-0.828770087174504
3409483,"Chembur, Mumbai - MPCB",ME,2026-08-07 00:00:00+05:30,14.2,23.8,76.8,0.696,11.6,20.0,1.3,0.269,-0.5446390350150271,-0.838670567945424,-0.5737722679043243,-0.8190148866680802
3409483,"Chembur, Mumbai - MPCB",ME,2026-08-08 00:00:00+05:30,10.6,22.5,76.8,0.587,11.8,21.6,0.996,0.253,-0.5735764363510462,-0.8191520442889918,-0.5877852522924734,-0.8090169943749472
3409483,"Chembur, Mumbai - MPCB",ME,2026-08-09 00:00:00+05:30,11.4,9.19,75.5,0.547,9.81,20.0,1.3,0.292,-0.17364817766693047,-0.984807753012208,-0.6016240632249227,-0.7987793728863648
3409483,"Chembur, Mumbai - MPCB",ME,2026-08-10 00:00:00+05:30,10.7,17.7,75.6,0.771,7.59,22.7,1.38,0.324,-0.13917310096006552,-0.9902680687415703,-0.6152845999633277,-0.7883050558305253
3409483,"Chembur, Mumbai - MPCB",ME,2026-08-11 00:00:00+05:30,9.22,36.8,83.0,0.587,9.12,,1.13,0.562,0.17364817766693028,-0.984807753012208,-0.6287628145958345,-0.7775971469736268
3409483,"Chembur, Mumbai - MPCB",ME,2026-08-12 00:00:00+05:30,11.1,38.9,82.5,0.625,9.73,,1.05,0.549,0.2249510543438652,-0.9743700647852351,-0.6420547132365636,-0.7666588193001592
3409483,"Chembur, Mumbai - MPCB",ME,2026-08-13 00:00:00+05:30,9.28,40.8,79.5,0.861,7.82,,1.3,0.614,0.3090169943749475,-0.9510565162951535,-0.655156357209085,-0.7554933140726804
3409483,"Chembur, Mumbai - MPCB",ME,2026-08-14 00:00:00+05:30,9.85,42.3,78.1,0.664,9.4,,0.721,0.606,0.13917310096006533,-0.9902680687415704,-0.6680638642135333,-0.7441039398713608
3409483,"Chembur, Mumbai - MPCB",ME,2026-08-15 00:00:00+05:30,11.3,44.1,78.6,0.721,8.54,,4.66,0.638,0.7193398003386511,-0.6946583704589974,-0.6807734094770159,-0.7324940716135792
3409483,"Chembur, Mumbai - MPCB",ME,2026-08-16 00:00:00+05:30,8.53,42.2,79.6,0.88,6.63,,1.09,0.616,0.2923717047227366,-0.9563047559630355,-0.6932812268869771,-0.7206671495538615
3409483,"Chembur, Mumbai - MPCB",ME,2026-08-17 00:00:00+05:30,9.68,42.5,79.8,0.906,6.05,,1.41,0.638,-0.12186934340514731,-0.9925461516413221,-0.7055836101071774,-0.70862667826446
3409483,"Chembur, Mumbai - MPCB",ME,2026-08-18 00:00:00+05:30,11.1,35.5,82.0,0.736,8.53,,0.82,0.667,-0.7071067811865475,-0.7071067811865477,-0.7176769136759615,-0.6963762255968726
3409483,"Chembur, Mumbai - MPCB",ME,2026-08-19 00:00:00+05:30,9.15,15.3,79.5,0.557,9.83,,1.07,0.701,-0.275637355816999,-0.9612616959383189,-0.7295575540864876,-0.6839194216246105
3409483,"Chembur, Mumbai - MPCB",ME,2026-08-20 00:00:00+05:30,9.37,36.8,78.1,0.555,10.5,,1.34,0.706,-0.9205048534524403,-0.3907311284892738,-0.7412220108485957,-0.6712599575675315
3409483,"Chembur, Mumbai - MPCB",ME,2026-08-21 00:00:00+05:30,9.01,35.5,77.7,0.56,10.1,13.3,1.56,0.714,-0.5735764363510462,-0.8191520442889918,-0.7526668275320083,-0.6584015846980489
3409483,"Chembur, Mumbai - MPCB",ME,2026-08-22 00:00:00+05:30,10.2,29.9,81.0,0.701,8.28,12.2,1.55,0.735,-0.2419218955996675,-0.9702957262759965,-0.7638886127905429,-0.64534811322955
3409483,"Chembur, Mumbai - MPCB",ME,2026-08-23 00:00:00+05:30,9.42,29.8,82.7,0.705,8.38,,1.07,0.769,-0.0348994967025009,-0.9993908270190958,-0.7748840413670406,-0.6321034111873488
3409483,"Chembur, Mumbai - MPCB",ME,2026-08-24 00:00:00+05:30,9.12,29.4,83.2,0.647,8.01,,1.41,0.799,0.3420201433256689,-0.9396926207859083,-0.7856498550787144,-0.6186714032625032
3409483,"Chembur, Mumbai - MPCB",ME,2026-08-25 00:00:00+05:30,11.5,27.2,84.2,0.583,10.4,,1.07,0.791,-0.08715574274765794,-0.9961946980917455,-0.7961828637826154,-0.6050560696488494
3409483,"Chembur, Mumbai - MPCB",ME,2026-08-26 00:00:00+05:30,11.3,31.1,79.7,0.598,10.2,,1.33,0.803,-0.2079116908177595,-0.9781476007338056,-0.8064799463209447,-0.5912614448635782
3409483,"Chembur, Mumbai - MPCB",ME,2026-08-27 00:00:00+05:30,10.4,,75.0,0.618,8.52,,1.74,0.815,-0.2588190451025208,-0.9659258262890683,-0.8165380514459157,-0.5772916165517278
3409483,"Chembur, Mumbai - MPCB",ME,2026-08-28 00:00:00+05:30,4.66,,75.4,0.79,7.21,36.8,2.13,0.1,-0.052335956242943564,-0.9986295347545738,-0.8263541987239094,-0.5631507242749187
3409483,"Chembur, Mumbai - MPCB",ME,2026-08-29 00:00:00+05:30,7.31,,75.4,0.615,10.4,7.42,1.67,0.0807,-0.052335956242943564,-0.9986295347545738,-0.8359254794186365,-0.5488429582847199
3409483,"Chembur, Mumbai - MPCB",ME,2026-08-31 00:00:00+05:30,7.46,32.8,76.6,0.595,10.9,15.7,1.56,0.17,-0.7660444431189779,-0.6427876096865395,-0.8543221697498269,-0.5197438121555157
3409483,"Chembur, Mumbai - MPCB",ME,2026-09-01 00:00:00+05:30,7.51,33.8,76.9,0.668,8.86,13.6,1.14,0.223,-0.0348994967025009,-0.9993908270190958,-0.8631421280499115,-0.5049610547215202
3409483,"Chembur, Mumbai - MPCB",ME,2026-09-02 00:00:00+05:30,8.02,26.6,78.5,0.845,6.34,13.9,14.6,0.292,0.3255681544571566,-0.9455185755993168,-0.8717063187093217,-0.4900286664290594
3409483,"Chembur, Mumbai - MPCB",ME,2026-09-03 00:00:00+05:30,7.72,21.4,89.3,0.65,9.4,10.9,9.96,0.305,0.4383711467890773,-0.898794046299167,-0.8800122039735356,-0.4749510720670502
3409483,"Chembur, Mumbai - MPCB",ME,2026-09-04 00:00:00+05:30,8.72,25.4,,0.681,9.19,12.3,3.72,0.331,0.3583679495453002,-0.9335804264972017,-0.888057322629493,-0.4597327394521046
3409483,"Chembur, Mumbai - MPCB",ME,2026-09-05 00:00:00+05:30,8.08,23.0,59.0,0.732,7.69,8.73,2.04,0.358,0.6819983600624985,-0.7313537016191705,-0.8958392907349089,-0.4443781781046134
3409483,"Chembur, Mumbai - MPCB",ME,2026-09-06 00:00:00+05:30,10.3,20.8,51.6,0.689,7.52,13.6,2.93,0.427,0.40673664307580043,-0.9135454576426008,-0.9033558023246842,-0.4288919379124841
3409483,"Chembur, Mumbai - MPCB",ME,2026-09-07 00:00:00+05:30,11.7,25.1,54.4,0.922,8.03,15.7,1.64,0.427,0.6691306063588583,-0.7431448254773941,-0.9106046300942162,-0.41327860778290443
3409483,"Chembur, Mumbai - MPCB",ME,2026-09-08 00:00:00+05:30,9.79,36.8,58.8,0.783,7.25,9.65,1.74,0.37,0.37460659341591224,-0.9271838545667873,-0.9175836260593934,-0.3975428142825566
3409483,"Chembur, Mumbai - MPCB",ME,2026-09-09 00:00:00+05:30,8.89,50.4,68.3,0.765,7.12,5.3,1.5,0.271,0.6819983600624985,-0.7313537016191705,-0.9242907221930934,-0.3816892202666586
3409483,"Chembur, Mumbai - MPCB",ME,2026-09-10 00:00:00+05:30,8.05,25.6,77.2,0.75,6.57,4.81,1.55,0.319,0.9702957262759965,-0.24192189559966779,-0.9307239310379793,-0.3657225234972692
3409483,"Chembur, Mumbai - MPCB",ME,2026-09-11 00:00:00+05:30,12.1,25.3,88.4,0.728,7.61,4.46,1.67,0.417,0.766044443118978,-0.6427876096865394,-0.9368813462954315,-0.34964745525122826
3409483,"Chembur, Mumbai - MPCB",ME,2026-09-12 00:00:00+05:30,7.97,,,0.71,7.46,4.93,1.97,0.427,0.24192189559966773,-0.9702957262759965,-0.9427611433904206,-0.33346877891818705
3409483,"Chembur, Mumbai - MPCB",ME,2026-09-13 00:00:00+05:30,8.73,,,0.614,8.6,2.36,4.45,0.383,0.8987940462991669,-0.4383711467890775,-0.9483615800121716,-0.31719128858910595
3409483,"Chembur, Mumbai - MPCB",ME,2026-09-14 00:00:00+05:30,9.77,,,0.485,7.88,4.82,1.45,0.427,0.8987940462991669,-0.4383711467890775,-0.9536809966304455,-0.300819807635668
3409483,"Chembur, Mumbai - MPCB",ME,2026-09-16 00:00:00+05:30,11.7,33.4,75.9,0.808,9.67,4.96,18.1,0.57,0.49999999999999994,-0.8660254037844387,-0.9634705485641486,-0.26781430516217486
3409483,"Chembur, Mumbai - MPCB",ME,2026-09-17 00:00:00+05:30,10.4,32.9,77.1,0.787,7.47,6.55,13.6,0.45,0.37460659341591224,-0.9271838545667873,-0.9679377830240642,-0.25119006388481957
3409486,"Kherwadi_Bandra East, Mumbai - MPCB",HE,2025-10-11 00:00:00+05:30,70.6,29.1,70.8,,16.5,27.2,1.89,0.506,,,-0.9873494423939864,0.15855938510313475
3409486,"Kherwadi_Bandra East, Mumbai - MPCB",HE,2025-10-12 00:00:00+05:30,72.8,29.2,71.7,0.888,15.6,27.2,2.6,0.549,-0.6156614753256582,-0.788010753606722,-0.9844738167520923,0.17553149042142777
3409486,"Kherwadi_Bandra East, Mumbai - MPCB",HE,2025-10-13 00:00:00+05:30,70.5,29.1,71.7,0.905,22.3,27.4,2.67,0.653,-0.9063077870366502,-0.42261826174069916,-0.9813064702716093,0.19245158197082995
3409486,"Kherwadi_Bandra East, Mumbai - MPCB",HE,2025-10-14 00:00:00+05:30,80.3,29.0,70.5,,14.8,27.7,2.59,0.631,-0.754709580222772,-0.6560590289905073,-0.9778483415056567,0.20931464596304888
3409486,"Kherwadi_Bandra East, Mumbai - MPCB",HE,2025-10-15 00:00:00+05:30,,29.2,74.0,,17.7,18.7,2.95,0.72,-0.275637355816999,-0.9612616959383189,-0.9741004551724206,0.22611568550828803
3409486,"Kherwadi_Bandra East, Mumbai - MPCB",HE,2025-10-16 00:00:00+05:30,62.4,30.4,75.7,0.867,14.3,21.4,3.03,0.614,0.24192189559966773,-0.9702957262759965,-0.970063921851507,0.2428497220959358
3409486,"Kherwadi_Bandra East, Mumbai - MPCB",HE,2025-10-17 00:00:00+05:30,50.1,31.0,67.8,0.925,11.5,23.0,2.77,0.501,,,-0.965739937654855,0.25951179706979943
3409486,"Kherwadi_Bandra East, Mumbai - MPCB",HE,2025-10-18 00:00:00+05:30,118.0,30.8,62.1,,18.8,30.6,2.64,0.544,,,-0.9611297838723007,0.27609697309746883
3409486,"Kherwadi_Bandra East, Mumbai - MPCB",HE,2025-10-19 00:00:00+05:30,109.0,30.3,71.1,0.837,10.3,30.2,2.61,0.587,-0.5735764363510462,-0.8191520442889918,-0.9562348265919058,0.2926003356333479
3409486,"Kherwadi_Bandra East, Mumbai - MPCB",HE,2025-10-20 00:00:00+05:30,103.0,29.5,80.4,0.962,24.2,17.2,3.5,0.773,-0.6819983600624984,-0.7313537016191706,-0.9510565162951536,0.30901699437494723
3409486,"Kherwadi_Bandra East, Mumbai - MPCB",HE,2025-10-21 00:00:00+05:30,89.8,29.7,71.9,,6.54,23.5,2.89,0.583,0.45399049973954686,-0.8910065241883678,-0.9455963874271428,0.3253420847119795
3409486,"Kherwadi_Bandra East, Mumbai - MPCB",HE,2025-10-22 00:00:00+05:30,42.9,29.8,78.4,,8.21,16.3,4.19,0.53,,,-0.9398560579418953,0.341570769167856
3409486,"Kherwadi_Bandra East, Mumbai - MPCB",HE,2025-10-23 00:00:00+05:30,51.4,31.1,73.2,0.8,11.4,11.3,2.65,0.466,,,-0.9338372288229252,0.35769823883312546
3409486,"Kherwadi_Bandra East, Mumbai - MPCB",HE,2025-10-24 00:00:00+05:30,,30.4,77.3,,17.6,9.94,1.87,0.504,0.2923717047227366,-0.9563047559630355,-0.9275416835791965,0.3737197147904692
3409486,"Kherwadi_Bandra East, Mumbai - MPCB",HE,2025-10-25 00:00:00+05:30,,28.5,87.5,,10.3,3.55,3.01,0.553,,,-0.9209712877166347,0.38963044953078774
3409486,"Kherwadi_Bandra East, Mumbai - MPCB",HE,2025-10-26 00:00:00+05:30,20.6,27.8,94.4,,4.23,1.21,2.76,0.522,0.9999984769132877,-0.001745328365898139,-0.9141279881853337,0.4054257283599973
3409486,"Kherwadi_Bandra East, Mumbai - MPCB",HE,2025-10-27 00:00:00+05:30,13.2,27.8,91.0,0.645,3.98,3.62,2.85,0.411,0.6946583704589971,-0.7193398003386513,-0.9070138128026362,0.42110087079608916
3409486,"Kherwadi_Bandra East, Mumbai - MPCB",HE,2025-10-28 00:00:00+05:30,27.7,28.4,88.9,,9.3,9.16,2.94,0.457,,,-0.8996308696522434,0.4366512319560638
3409486,"Kherwadi_Bandra East, Mumbai - MPCB",HE,2025-10-29 00:00:00+05:30,34.5,29.6,78.1,,16.2,18.1,2.8,0.411,,,-0.8919813464595487,0.45207220393230374
3409486,"Kherwadi_Bandra East, Mumbai - MPCB",HE,2025-10-30 00:00:00+05:30,24.5,27.0,93.8,,18.2,6.86,2.11,0.488,,,-0.8840675099433637,0.46735921715800205
3409486,"Kherwadi_Bandra East, Mumbai - MPCB",HE,2025-10-31 00:00:00+05:30,22.9,26.9,99.1,0.605,13.6,4.61,2.59,0.553,0.90630778703665,-0.42261826174069933,-0.8758917051442433,0.48250774176121763
3409486,"Kherwadi_Bandra East, Mumbai - MPCB",HE,2025-11-01 00:00:00+05:30,19.6,28.0,97.8,0.583,10.4,4.35,2.47,0.546,0.3255681544571566,-0.9455185755993168,-0.8674563547295971,0.4975132889071803
3409486,"Kherwadi_Bandra East, Mumbai - MPCB",HE,2025-11-02 00:00:00+05:30,16.1,26.5,99.8,,11.2,1.48,2.66,0.52,,,-0.858763958275803,0.5123714121284235
3409486,"Kherwadi_Bandra East, Mumbai - MPCB",HE,2025-11-03 00:00:00+05:30,19.0,27.6,94.6,0.616,6.75,6.23,2.6,0.509,-0.5299192642332048,-0.8480480961564261,-0.8498170915275277,0.5270777086423724
3409486,"Kherwadi_Bandra East, Mumbai - MPCB",HE,2025-11-04 00:00:00+05:30,25.6,28.1,93.1,,6.07,18.0,2.15,0.33,,,-0.8406184056344783,0.5416278206559811
3409486,"Kherwadi_Bandra East, Mumbai - MPCB",HE,2025-11-05 00:00:00+05:30,26.7,27.0,81.8,,8.79,15.5,2.42,0.368,,,-0.8311706263658079,0.5560174366570446
3409486,"Kherwadi_Bandra East, Mumbai - MPCB",HE,2025-11-06 00:00:00+05:30,46.7,27.1,85.0,,10.7,22.9,2.26,0.482,,,-0.8214765533024145,0.5702422926917867
3409486,"Kherwadi_Bandra East, Mumbai - MPCB",HE,2025-11-07 00:00:00+05:30,71.7,28.0,76.7,0.843,24.1,17.3,4.78,1.29,-0.848048096156426,-0.529919264233205,-0.8115390590073611,0.5842981736283683
3409486,"Kherwadi_Bandra East, Mumbai - MPCB",HE,2025-11-08 00:00:00+05:30,52.6,28.1,59.6,,17.6,16.2,1.78,1.27,,,-0.801361088174677,0.5981809144059158
3409486,"Kherwadi_Bandra East, Mumbai - MPCB",HE,2025-11-09 00:00:00+05:30,75.0,26.8,58.3,0.717,15.1,24.8,2.58,0.575,-0.9659258262890683,-0.25881904510252063,-0.7909456567567774,0.6118864012687242
3409486,"Kherwadi_Bandra East, Mumbai - MPCB",HE,2025-11-10 00:00:00+05:30,66.0,24.8,76.3,,28.7,8.08,2.66,0.608,-0.6156614753256582,-0.788010753606722,-0.780295851070776,0.6254105729852457
3409486,"Kherwadi_Bandra East, Mumbai - MPCB",HE,2025-11-11 00:00:00+05:30,69.0,26.6,70.8,,31.3,28.5,2.65,0.696,-0.275637355816999,-0.9612616959383189,-0.7694148268839381,0.6387494220515268
3409486,"Kherwadi_Bandra East, Mumbai - MPCB",HE,2025-11-12 00:00:00+05:30,89.2,26.8,50.4,,47.4,15.0,2.38,0.649,-0.13917310096006552,-0.9902680687415703,-0.7583058084785625,0.6518989958787125
3409486,"Kherwadi_Bandra East, Mumbai - MPCB",HE,2025-11-13 00:00:00+05:30,86.1,27.5,47.3,,29.7,16.7,2.29,0.649,,,-0.7469720876965551,0.6648553979642866
3409486,"Kherwadi_Bandra East, Mumbai - MPCB",HE,2025-11-14 00:00:00+05:30,88.7,27.2,53.8,0.866,31.0,28.2,2.84,0.694,-0.017452406437283637,-0.9998476951563913,-0.7354170229639858,0.6776147890466887
3409486,"Kherwadi_Bandra East, Mumbai - MPCB",HE,2025-11-15 00:00:00+05:30,105.0,26.7,46.5,,27.9,16.5,2.65,0.779,0.19080899537654497,-0.981627183447664,-0.7236440382959124,0.690173388242972
3409486,"Kherwadi_Bandra East, Mumbai - MPCB",HE,2025-11-16 00:00:00+05:30,67.5,26.6,45.4,0.977,14.3,19.9,2.83,0.774,0.5150380749100544,-0.8571673007021122,-0.711656622281775,0.7025274741691566
3409486,"Kherwadi_Bandra East, Mumbai - MPCB",HE,2025-11-17 00:00:00+05:30,58.4,26.2,44.2,,28.8,32.9,2.62,0.612,,,-0.6994583270516471,0.7146733860429608
3409486,"Kherwadi_Bandra East, Mumbai - MPCB",HE,2025-11-18 00:00:00+05:30,61.1,24.0,50.9,1.0,37.7,18.3,2.67,0.691,,,-0.6870527672236675,0.7266075247685652
3409486,"Kherwadi_Bandra East, Mumbai - MPCB",HE,2025-11-19 00:00:00+05:30,64.9,26.0,46.2,,31.9,18.0,2.72,0.692,,,-0.6744436188329457,0.7383263540031063
3409486,"Kherwadi_Bandra East, Mumbai - MPCB",HE,2025-11-20 00:00:00+05:30,63.0,26.6,47.4,0.878,24.7,21.3,2.53,0.759,0.06975647374412552,-0.9975640502598242,-0.661634618242279,0.749826401204568
3409486,"Kherwadi_Bandra East, Mumbai - MPCB",HE,2025-11-21 00:00:00+05:30,67.9,26.9,53.1,,23.2,25.7,2.39,0.737,,,-0.6486295610349818,0.7611042586607742
3409486,"Kherwadi_Bandra East, Mumbai - MPCB",HE,2025-11-22 00:00:00+05:30,72.3,27.6,58.5,,23.5,31.0,2.66,0.786,,,-0.6354323008901775,0.7721565844991641
3409486,"Kherwadi_Bandra East, Mumbai - MPCB",HE,2025-11-23 00:00:00+05:30,75.2,27.5,69.4,0.735,15.2,24.0,2.39,0.955,,,-0.622046748440868,0.7829801036770624
3409486,"Kherwadi_Bandra East, Mumbai - MPCB",HE,2025-11-24 00:00:00+05:30,,27.7,75.5,,17.7,23.9,2.36,0.835,-0.961261695938319,-0.2756373558169989,-0.6084768701151264,0.7935716089521472
3409486,"Kherwadi_Bandra East, Mumbai - MPCB",HE,2025-11-25 00:00:00+05:30,,27.9,78.5,,21.5,25.2,2.54,0.923,,,-0.594726686960764,0.8039279618328208
3409486,"Kherwadi_Bandra East, Mumbai - MPCB",HE,2025-11-26 00:00:00+05:30,73.9,28.0,82.0,,23.9,34.1,2.61,0.783,-0.6946583704589973,-0.7193398003386511,-0.5808002734538013,0.8140460935082175
3409486,"Kherwadi_Bandra East, Mumbai - MPCB",HE,2025-11-27 00:00:00+05:30,76.9,27.9,72.6,,35.8,31.7,2.55,0.656,,,-0.5667017562911184,0.8239230057575536
3409486,"Kherwadi_Bandra East, Mumbai - MPCB",HE,2025-11-28 00:00:00+05:30,69.7,27.4,68.9,,25.0,25.4,2.5,0.716,,,-0.5524353131676203,0.8335557718385695
3409486,"Kherwadi_Bandra East, Mumbai - MPCB",HE,2025-11-29 00:00:00+05:30,57.1,27.0,55.5,,19.4,14.0,2.6,0.638,,,-0.5380051715382992,0.8429415373547832
3409486,"Kherwadi_Bandra East, Mumbai - MPCB",HE,2025-11-30 00:00:00+05:30,49.4,26.0,45.8,,24.9,23.6,2.81,0.613,,,-0.5234156073655503,0.8520775211013093
3409486,"Kherwadi_Bandra East, Mumbai - MPCB",HE,2025-12-01 00:00:00+05:30,71.4,25.9,50.8,,7.34,24.1,2.46,0.749,,,-0.5086709438521042,0.8609610158889945
3409486,"Kherwadi_Bandra East, Mumbai - MPCB",HE,2025-12-02 00:00:00+05:30,69.2,26.0,54.9,,12.5,12.5,2.69,0.845,,,-0.49377555015997737,0.8695893893466109
3409486,"Kherwadi_Bandra East, Mumbai - MPCB",HE,2025-12-03 00:00:00+05:30,93.9,26.6,51.1,,38.9,13.0,2.81,0.907,,,-0.4787338401157883,0.8779600847008883
3409486,"Kherwadi_Bandra East, Mumbai - MPCB",HE,2025-12-04 00:00:00+05:30,82.0,26.8,51.1,,37.8,8.55,2.61,0.769,,,-0.4635502709028512,0.8860706215341378
3409486,"Kherwadi_Bandra East, Mumbai - MPCB",HE,2025-12-05 00:00:00+05:30,75.0,28.4,50.5,,35.1,14.7,2.69,0.76,,,-0.4482293417404106,0.893918596519257
3409486,"Kherwadi_Bandra East, Mumbai - MPCB",HE,2025-12-06 00:00:00+05:30,92.1,28.5,52.9,0.959,21.2,25.6,3.09,0.634,,,-0.4327755925504317,0.9015016841318838
3409486,"Kherwadi_Bandra East, Mumbai - MPCB",HE,2025-12-07 00:00:00+05:30,67.1,28.0,55.3,,2.82,34.5,2.67,0.652,0.258819045102521,-0.9659258262890682,-0.41719360261231697,0.9088176373395028
3409486,"Kherwadi_Bandra East, Mumbai - MPCB",HE,2025-12-08 00:00:00+05:30,73.0,27.6,57.7,,33.3,26.3,4.49,0.582,,,-0.4014879892059737,0.9158642882672868
3409486,"Kherwadi_Bandra East, Mumbai - MPCB",HE,2025-12-09 00:00:00+05:30,74.7,26.6,42.0,,19.2,5.88,2.68,0.596,,,-0.38566340624360745,0.9226395488404875
3409486,"Kherwadi_Bandra East, Mumbai - MPCB",HE,2025-12-10 00:00:00+05:30,49.3,29.3,39.2,0.682,27.8,28.0,2.68,0.341,,,-0.3697245428906732,0.9291414114031743
3409486,"Kherwadi_Bandra East, Mumbai - MPCB",HE,2025-12-11 00:00:00+05:30,57.5,27.0,40.6,,27.6,20.3,2.68,0.418,,,-0.3536761221763721,0.935367949313148
3409486,"Kherwadi_Bandra East, Mumbai - MPCB",HE,2025-12-12 00:00:00+05:30,60.4,26.4,43.9,,25.8,24.9,2.61,0.41,,,-0.33752289959411347,0.941317317512847
3409486,"Kherwadi_Bandra East, Mumbai - MPCB",HE,2025-12-13 00:00:00+05:30,73.3,26.8,48.6,,22.4,30.5,2.93,0.543,,,-0.32126966169236515,0.9469877530760751
3409486,"Kherwadi_Bandra East, Mumbai - MPCB",HE,2025-12-14 00:00:00+05:30,77.1,27.1,44.4,,19.8,29.6,2.51,0.483,,,-0.3049212246562894,0.9523775757303973
3409486,"Kherwadi_Bandra East, Mumbai - MPCB",HE,2025-12-15 00:00:00+05:30,76.7,27.1,44.7,0.92,42.9,10.7,2.43,0.542,0.19080899537654497,-0.981627183447664,-0.2884824328806098,0.9574851883550389
3409486,"Kherwadi_Bandra East, Mumbai - MPCB",HE,2025-12-16 00:00:00+05:30,66.6,26.7,46.0,,25.0,24.4,2.68,0.453,,,-0.27195815753410524,0.9623090774541487
3409486,"Kherwadi_Bandra East, Mumbai - MPCB",HE,2025-12-17 00:00:00+05:30,79.1,27.6,48.6,,21.6,26.1,2.46,0.526,,,-0.2553532951161881,0.9668478136052773
3409486,"Kherwadi_Bandra East, Mumbai - MPCB",HE,2025-12-18 00:00:00+05:30,75.4,27.6,48.4,,24.3,22.8,2.43,0.546,,,-0.23867276600594997,0.9711000518829505
3409486,"Kherwadi_Bandra East, Mumbai - MPCB",HE,2025-12-19 00:00:00+05:30,59.5,27.0,47.6,1.05,15.1,29.9,2.49,0.466,,,-0.22192151300416674,0.9750645322571945
3409486,"Kherwadi_Bandra East, Mumbai - MPCB",HE,2025-12-20 00:00:00+05:30,48.0,26.9,41.6,,22.8,18.0,2.72,0.441,0.15643446504023098,-0.9876883405951377,-0.20510449986861926,0.9787400799669153
3409486,"Kherwadi_Bandra East, Mumbai - MPCB",HE,2025-12-21 00:00:00+05:30,48.0,26.8,40.2,0.993,5.89,23.5,2.93,0.484,0.03489949670250114,-0.9993908270190958,-0.1882267098432439,0.9821256058680006
3409486,"Kherwadi_Bandra East, Mumbai - MPCB",HE,2025-12-22 00:00:00+05:30,56.6,26.3,42.9,0.949,16.9,19.1,2.31,0.534,-0.08715574274765794,-0.9961946980917455,-0.1712931441814778,0.9852201067560606
3409486,"Kherwadi_Bandra East, Mumbai - MPCB",HE,2025-12-23 00:00:00+05:30,41.8,27.1,46.9,1.01,18.1,24.2,2.43,0.377,,,-0.154308820664281,0.9880226656636976
3409486,"Kherwadi_Bandra East, Mumbai - MPCB",HE,2025-12-24 00:00:00+05:30,34.2,26.5,45.0,1.09,15.0,20.1,2.53,0.341,,,-0.13727877211326517,0.9905324521322227
3409486,"Kherwadi_Bandra East, Mumbai - MPCB",HE,2025-12-25 00:00:00+05:30,44.2,26.4,51.3,,17.7,28.4,2.7,0.468,-0.19080899537654472,-0.981627183447664,-0.12020804489935275,0.9927487224577402
3409486,"Kherwadi_Bandra East, Mumbai - MPCB",HE,2025-12-26 00:00:00+05:30,63.1,26.2,52.5,0.98,15.8,34.3,2.52,0.592,-0.2588190451025208,-0.9659258262890683,-0.10310169744743544,0.9946708199115211
3409486,"Kherwadi_Bandra East, Mumbai - MPCB",HE,2025-12-27 00:00:00+05:30,60.0,26.5,53.2,,17.5,26.5,2.58,0.55,,,-0.0859647987374467,0.9962981749346077
3409486,"Kherwadi_Bandra East, Mumbai - MPCB",HE,2025-12-28 00:00:00+05:30,66.6,26.1,54.0,,0.0333,29.6,2.53,0.539,,,-0.06880242680232064,0.9976303053065857
3409486,"Kherwadi_Bandra East, Mumbai - MPCB",HE,2025-12-29 00:00:00+05:30,66.9,26.1,55.6,1.0,19.3,37.6,2.79,0.539,-0.3090169943749473,-0.9510565162951536,-0.05161966722325418,0.9986668162884759
3409486,"Kherwadi_Bandra East, Mumbai - MPCB",HE,2025-12-30 00:00:00+05:30,69.2,25.8,61.0,,29.3,36.8,2.81,0.452,-0.7193398003386512,-0.6946583704589973,-0.034421611622745804,0.9994074007397048
3409486,"Kherwadi_Bandra East, Mumbai - MPCB",HE,2025-12-31 00:00:00+05:30,57.7,25.5,73.9,,29.2,28.3,2.49,0.392,,,-0.01721335615583528,0.9998518392091162
3409486,"Kherwadi_Bandra East, Mumbai - MPCB",HE,2026-01-01 00:00:00+05:30,47.6,25.4,82.7,0.955,5.35,9.04,2.54,0.465,0.49999999999999994,-0.8660254037844387,0.0,1.0
3409486,"Kherwadi_Bandra East, Mumbai - MPCB",HE,2026-01-02 00:00:00+05:30,52.8,26.7,83.3,0.927,13.2,,2.71,0.321,-0.9781476007338056,-0.2079116908177598,0.017213356155834685,0.9998518392091162
3409486,"Kherwadi_Bandra East, Mumbai - MPCB",HE,2026-01-03 00:00:00+05:30,56.5,25.5,83.7,,,15.1,2.55,0.42,-0.8386705679454242,-0.544639035015027,0.03442161162274574,0.9994074007397048
3409486,"Kherwadi_Bandra East, Mumbai - MPCB",HE,2026-01-04 00:00:00+05:30,76.1,26.3,78.9,,30.4,13.6,4.45,0.501,-0.8191520442889916,-0.5735764363510464,0.051619667223253764,0.998666816288476
3409486,"Kherwadi_Bandra East, Mumbai - MPCB",HE,2026-01-05 00:00:00+05:30,64.4,26.9,72.7,0.92,35.2,20.7,2.17,0.472,-0.6819983600624984,-0.7313537016191706,0.06880242680231986,0.9976303053065857
3409486,"Kherwadi_Bandra East, Mumbai - MPCB",HE,2026-01-06 00:00:00+05:30,69.7,27.1,71.0,,27.8,24.3,2.5,0.504,,,0.08596479873744647,0.9962981749346078
3409486,"Kherwadi_Bandra East, Mumbai - MPCB",HE,2026-01-07 00:00:00+05:30,72.0,26.5,65.8,,31.6,25.3,2.69,0.525,,,0.10310169744743485,0.9946708199115211
3409486,"Kherwadi_Bandra East, Mumbai - MPCB",HE,2026-01-08 00:00:00+05:30,61.9,26.0,54.6,,22.7,19.6,2.44,0.509,-0.8290375725550418,-0.5591929034707466,0.1202080448993527,0.9927487224577402
3409486,"Kherwadi_Bandra East, Mumbai - MPCB",HE,2026-01-09 00:00:00+05:30,61.1,25.5,53.6,,5.74,23.9,2.62,0.491,,,0.13727877211326478,0.9905324521322229
3409486,"Kherwadi_Bandra East, Mumbai - MPCB",HE,2026-01-10 00:00:00+05:30,64.7,25.5,51.7,,1.79,25.1,2.75,0.559,-0.7193398003386512,-0.6946583704589973,0.15430882066428117,0.9880226656636976
3409486,"Kherwadi_Bandra East, Mumbai - MPCB",HE,2026-01-20 00:00:00+05:30,59.5,23.5,76.3,0.807,44.6,10.0,2.62,0.46,-0.9986295347545738,-0.052335956242944306,0.3212696616923644,0.9469877530760753
3409486,"Kherwadi_Bandra East, Mumbai - MPCB",HE,2026-01-21 00:00:00+05:30,74.0,26.2,67.2,0.864,36.0,26.3,2.64,0.738,-0.7771459614569706,-0.6293203910498378,0.3375228995941133,0.9413173175128471
3409486,"Kherwadi_Bandra East, Mumbai - MPCB",HE,2026-01-22 00:00:00+05:30,66.0,26.5,65.8,,8.66,28.3,2.62,0.625,,,0.3536761221763716,0.9353679493131483
3409486,"Kherwadi_Bandra East, Mumbai - MPCB",HE,2026-01-23 00:00:00+05:30,37.6,25.3,82.8,1.03,24.4,19.8,2.39,0.25,-0.9975640502598242,-0.06975647374412558,0.3697245428906731,0.9291414114031743
3409486,"Kherwadi_Bandra East, Mumbai - MPCB",HE,2026-01-24 00:00:00+05:30,31.5,24.7,66.9,,12.0,22.2,2.48,0.383,-0.984807753012208,-0.17364817766693033,0.38566340624360707,0.9226395488404876
3409486,"Kherwadi_Bandra East, Mumbai - MPCB",HE,2026-01-25 00:00:00+05:30,47.1,25.2,78.3,,20.3,24.8,2.55,0.432,,,0.401487989205973,0.9158642882672872
3409486,"Kherwadi_Bandra East, Mumbai - MPCB",HE,2026-01-26 00:00:00+05:30,66.3,26.6,80.2,,16.3,35.8,2.7,0.645,,,0.4171936026123168,0.9088176373395029
3409486,"Kherwadi_Bandra East, Mumbai - MPCB",HE,2026-01-27 00:00:00+05:30,35.3,25.2,85.2,1.12,12.7,33.4,2.13,0.223,-0.9902680687415704,0.13917310096006547,0.4327755925504312,0.901501684131884
3409486,"Kherwadi_Bandra East, Mumbai - MPCB",HE,2026-01-28 00:00:00+05:30,26.8,25.1,68.8,0.874,26.2,27.9,2.31,0.252,-0.7313537016191705,-0.6819983600624986,0.4482293417404106,0.893918596519257
3409486,"Kherwadi_Bandra East, Mumbai - MPCB",HE,2026-01-29 00:00:00+05:30,42.7,26.2,59.0,,37.1,23.0,3.98,0.489,-0.848048096156426,-0.529919264233205,0.4635502709028509,0.886070621534138
3409486,"Kherwadi_Bandra East, Mumbai - MPCB",HE,2026-01-30 00:00:00+05:30,58.7,27.3,75.2,0.92,13.9,21.4,2.81,0.683,-0.5446390350150271,-0.838670567945424,0.47873384011578846,0.8779600847008882
3409486,"Kherwadi_Bandra East, Mumbai - MPCB",HE,2026-01-31 00:00:00+05:30,44.1,26.5,91.0,0.919,28.2,19.4,2.35,0.385,-0.8910065241883678,-0.4539904997395469,0.49377555015997715,0.869589389346611
3409486,"Kherwadi_Bandra East, Mumbai - MPCB",HE,2026-02-01 00:00:00+05:30,50.1,27.3,76.4,,31.0,27.8,2.45,0.448,-0.7313537016191705,-0.6819983600624986,0.5086709438521044,0.8609610158889943
3409486,"Kherwadi_Bandra East, Mumbai - MPCB",HE,2026-02-02 00:00:00+05:30,60.0,28.0,65.8,0.861,41.5,30.9,2.5,0.613,-0.5299192642332048,-0.8480480961564261,0.5234156073655503,0.8520775211013093
3409486,"Kherwadi_Bandra East, Mumbai - MPCB",HE,2026-02-03 00:00:00+05:30,44.5,27.8,57.0,,32.0,20.0,2.94,0.963,,,0.5380051715382996,0.8429415373547828
3409486,"Kherwadi_Bandra East, Mumbai - MPCB",HE,2026-02-04 00:00:00+05:30,27.2,2.92,44.6,0.616,15.6,43.7,0.0,0.528,,,0.5524353131676196,0.8335557718385699
3409486,"Kherwadi_Bandra East, Mumbai - MPCB",HE,2026-02-05 00:00:00+05:30,38.9,28.9,,0.885,25.0,21.4,2.15,0.66,-0.6018150231520484,-0.7986355100472928,0.5667017562911176,0.8239230057575542
3409486,"Kherwadi_Bandra East, Mumbai - MPCB",HE,2026-02-06 00:00:00+05:30,71.3,28.7,46.7,1.01,22.9,25.4,3.72,0.535,-0.7193398003386512,-0.6946583704589973,0.5808002734538009,0.8140460935082178
3409486,"Kherwadi_Bandra East, Mumbai - MPCB",HE,2026-02-07 00:00:00+05:30,66.2,28.3,45.1,0.938,28.4,27.8,3.93,0.529,-0.9271838545667873,-0.3746065934159123,0.5947266869607634,0.8039279618328213
3409486,"Kherwadi_Bandra East, Mumbai - MPCB",HE,2026-02-08 00:00:00+05:30,49.7,27.0,44.3,0.768,0.0,11.9,3.42,0.466,-0.5735764363510462,-0.8191520442889918,0.6084768701151261,0.7935716089521474
3409486,"Kherwadi_Bandra East, Mumbai - MPCB",HE,2026-02-09 00:00:00+05:30,59.2,27.3,56.9,1.03,31.0,28.7,3.53,0.607,-0.9659258262890683,-0.25881904510252063,0.6220467484408675,0.7829801036770629
3409486,"Kherwadi_Bandra East, Mumbai - MPCB",HE,2026-02-10 00:00:00+05:30,58.1,26.8,63.8,,26.8,35.9,4.91,0.405,,,0.6354323008901774,0.7721565844991642
3409486,"Kherwadi_Bandra East, Mumbai - MPCB",HE,2026-02-11 00:00:00+05:30,60.3,27.6,61.4,,29.0,27.8,2.52,0.549,-0.9563047559630353,-0.2923717047227371,0.6486295610349814,0.7611042586607747
3409486,"Kherwadi_Bandra East, Mumbai - MPCB",HE,2026-02-12 00:00:00+05:30,58.1,28.7,58.8,,37.4,34.8,2.49,0.511,-0.8290375725550418,-0.5591929034707466,0.6616346182422783,0.7498264012045686
3409486,"Kherwadi_Bandra East, Mumbai - MPCB",HE,2026-02-13 00:00:00+05:30,66.9,28.0,59.4,0.969,25.9,30.1,2.83,0.567,,,0.6744436188329455,0.7383263540031065
3409486,"Kherwadi_Bandra East, Mumbai - MPCB",HE,2026-02-14 00:00:00+05:30,81.2,28.8,55.0,0.954,24.5,33.9,2.68,0.771,-0.9271838545667873,-0.3746065934159123,0.6870527672236669,0.7266075247685656
3409486,"Kherwadi_Bandra East, Mumbai - MPCB",HE,2026-02-15 00:00:00+05:30,78.5,29.2,58.6,,27.8,29.1,2.48,0.743,,,0.699458327051647,0.7146733860429609
3409486,"Kherwadi_Bandra East, Mumbai - MPCB",HE,2026-02-16 00:00:00+05:30,48.8,26.1,54.3,0.643,43.8,2.2,2.83,1.0,-0.9510565162951535,-0.30901699437494756,0.7116566222817746,0.7025274741691571
3409486,"Kherwadi_Bandra East, Mumbai - MPCB",HE,2026-02-17 00:00:00+05:30,28.6,28.1,62.4,1.32,11.9,50.4,2.12,0.109,-0.8746197071393959,-0.48480962024633684,0.7236440382959124,0.6901733882429719
3409486,"Kherwadi_Bandra East, Mumbai - MPCB",HE,2026-02-18 00:00:00+05:30,17.0,27.2,71.0,,12.3,28.6,2.2,0.0774,-0.9993908270190958,0.03489949670250128,0.7354170229639855,0.6776147890466889
3409486,"Kherwadi_Bandra East, Mumbai - MPCB",HE,2026-02-19 00:00:00+05:30,69.5,27.5,78.5,,18.2,44.1,2.69,0.209,-0.9205048534524403,-0.3907311284892738,0.7469720876965552,0.6648553979642865
3409486,"Kherwadi_Bandra East, Mumbai - MPCB",HE,2026-02-20 00:00:00+05:30,65.8,28.4,78.3,,29.1,30.0,2.64,0.506,,,0.7583058084785624,0.6518989958787126
3409486,"Kherwadi_Bandra East, Mumbai - MPCB",HE,2026-02-21 00:00:00+05:30,63.1,29.6,59.8,,37.8,30.8,2.44,0.587,,,0.7694148268839378,0.6387494220515272
3409486,"Kherwadi_Bandra East, Mumbai - MPCB",HE,2026-02-22 00:00:00+05:30,52.1,28.8,67.2,,29.4,26.3,2.47,0.578,,,0.7802958510707755,0.6254105729852463
3409486,"Kherwadi_Bandra East, Mumbai - MPCB",HE,2026-02-23 00:00:00+05:30,47.7,28.9,62.1,,24.7,32.8,2.57,0.633,,,0.7909456567567772,0.6118864012687243
3409486,"Kherwadi_Bandra East, Mumbai - MPCB",HE,2026-02-24 00:00:00+05:30,38.8,29.0,70.7,,25.8,33.3,2.37,0.302,,,0.8013610881746766,0.5981809144059165
3409486,"Kherwadi_Bandra East, Mumbai - MPCB",HE,2026-02-25 00:00:00+05:30,33.3,28.3,71.7,,24.7,21.0,2.6,0.386,,,0.8115390590073611,0.5842981736283684
3409486,"Kherwadi_Bandra East, Mumbai - MPCB",HE,2026-02-26 00:00:00+05:30,19.1,27.0,73.8,,18.7,13.2,2.28,0.0385,,,0.8214765533024142,0.5702422926917871
3409486,"Kherwadi_Bandra East, Mumbai - MPCB",HE,2026-02-27 00:00:00+05:30,13.1,27.1,66.3,,13.6,17.4,2.44,0.0152,-0.9975640502598242,-0.06975647374412558,0.8311706263658079,0.5560174366570446
3409486,"Kherwadi_Bandra East, Mumbai - MPCB",HE,2026-02-28 00:00:00+05:30,17.7,27.0,62.2,,17.4,17.9,2.48,0.0718,-0.9396926207859084,-0.34202014332566855,0.8406184056344782,0.5416278206559814
3409486,"Kherwadi_Bandra East, Mumbai - MPCB",HE,2026-03-01 00:00:00+05:30,18.1,27.2,68.4,1.07,16.9,22.7,1.98,0.0501,-0.9781476007338056,-0.2079116908177598,0.8498170915275278,0.5270777086423722
3409486,"Kherwadi_Bandra East, Mumbai - MPCB",HE,2026-03-02 00:00:00+05:30,29.1,27.2,74.6,,23.6,18.4,2.52,0.0343,-0.9993908270190958,-0.03489949670250076,0.8587639582758029,0.5123714121284237
3409486,"Kherwadi_Bandra East, Mumbai - MPCB",HE,2026-03-03 00:00:00+05:30,64.8,28.6,69.8,1.01,22.3,28.6,2.19,1.2,,,0.8674563547295969,0.49751328890718066
3409486,"Kherwadi_Bandra East, Mumbai - MPCB",HE,2026-03-04 00:00:00+05:30,36.2,31.6,56.0,,24.6,27.3,2.41,1.58,,,0.8758917051442429,0.48250774176121847
3409486,"Kherwadi_Bandra East, Mumbai - MPCB",HE,2026-03-05 00:00:00+05:30,37.2,31.6,38.5,,28.4,24.4,2.55,0.5,-0.8386705679454242,-0.544639035015027,0.8840675099433636,0.4673592171580022
3409486,"Kherwadi_Bandra East, Mumbai - MPCB",HE,2026-03-06 00:00:00+05:30,30.2,29.9,52.9,,18.2,29.7,2.56,0.386,,,0.8919813464595485,0.45207220393230435
3409486,"Kherwadi_Bandra East, Mumbai - MPCB",HE,2026-03-07 00:00:00+05:30,27.3,28.3,80.5,,17.5,21.4,2.31,0.601,,,0.8996308696522433,0.43665123195606403
3409486,"Kherwadi_Bandra East, Mumbai - MPCB",HE,2026-03-08 00:00:00+05:30,41.5,30.5,63.4,,24.6,47.9,2.53,0.6,-0.882947592858927,-0.46947156278589075,0.9070138128026359,0.4211008707960896
3409486,"Kherwadi_Bandra East, Mumbai - MPCB",HE,2026-03-09 00:00:00+05:30,42.1,31.9,43.1,,32.3,36.7,3.44,0.599,,,0.9141279881853337,0.40542572835999735
3409486,"Kherwadi_Bandra East, Mumbai - MPCB",HE,2026-03-10 00:00:00+05:30,40.5,33.0,42.5,,34.1,72.2,2.15,0.598,-0.9781476007338056,0.20791169081775943,0.9209712877166346,0.38963044953078796
3409486,"Kherwadi_Bandra East, Mumbai - MPCB",HE,2026-03-11 00:00:00+05:30,39.7,30.2,74.8,,25.5,18.8,2.38,0.6,-0.9205048534524403,-0.3907311284892738,0.9275416835791966,0.37371971479046906
3409486,"Kherwadi_Bandra East, Mumbai - MPCB",HE,2026-03-12 00:00:00+05:30,34.4,30.0,87.7,0.862,18.4,23.3,2.58,0.6,-0.9925461516413221,-0.12186934340514717,0.9338372288229252,0.35769823883312546
3409486,"Kherwadi_Bandra East, Mumbai - MPCB",HE,2026-03-13 00:00:00+05:30,35.9,30.7,66.4,,26.5,28.5,6.78,0.567,,,0.9398560579418954,0.3415707691678556
3409486,"Kherwadi_Bandra East, Mumbai - MPCB",HE,2026-03-14 00:00:00+05:30,25.9,30.1,65.0,,14.5,20.0,1.66,0.188,-1.0,-1.8369701987210297e-16,0.9455963874271426,0.3253420847119801
3409486,"Kherwadi_Bandra East, Mumbai - MPCB",HE,2026-03-15 00:00:00+05:30,16.2,29.1,76.7,,8.39,15.2,3.08,0.0448,-0.9455185755993168,-0.32556815445715664,0.9510565162951535,0.30901699437494745
3409486,"Kherwadi_Bandra East, Mumbai - MPCB",HE,2026-03-16 00:00:00+05:30,13.5,28.8,76.8,,4.57,15.8,3.08,0.056,,,0.9562348265919056,0.29260033563334836
3409486,"Kherwadi_Bandra East, Mumbai - MPCB",HE,2026-03-17 00:00:00+05:30,14.8,28.5,73.2,,7.72,17.1,2.94,0.208,-0.9563047559630353,-0.2923717047227371,0.9611297838723007,0.27609697309746883
3409486,"Kherwadi_Bandra East, Mumbai - MPCB",HE,2026-03-18 00:00:00+05:30,67.9,28.3,71.1,,15.2,13.1,3.53,0.254,,,0.9657399376548549,0.2595117970697999
3409486,"Kherwadi_Bandra East, Mumbai - MPCB",HE,2026-03-19 00:00:00+05:30,,28.2,71.4,0.961,11.3,11.9,3.5,0.137,-0.9455185755993168,-0.32556815445715664,0.9700639218515071,0.2428497220959356
3409486,"Kherwadi_Bandra East, Mumbai - MPCB",HE,2026-03-20 00:00:00+05:30,7.34,28.2,65.9,,11.8,17.1,3.4,0.124,,,0.9741004551724205,0.22611568550828828
3409486,"Kherwadi_Bandra East, Mumbai - MPCB",HE,2026-03-21 00:00:00+05:30,8.59,28.9,55.3,,16.7,26.3,3.65,0.152,,,0.9778483415056568,0.20931464596304847
3409486,"Kherwadi_Bandra East, Mumbai - MPCB",HE,2026-03-22 00:00:00+05:30,13.5,29.9,49.4,,22.6,32.7,3.76,0.281,-1.0,-1.8369701987210297e-16,0.9813064702716093,0.19245158197082998
3409486,"Kherwadi_Bandra East, Mumbai - MPCB",HE,2026-03-23 00:00:00+05:30,15.0,30.7,48.7,,22.6,26.6,3.8,0.656,,,0.9844738167520922,0.1755314904214282
3409486,"Kherwadi_Bandra East, Mumbai - MPCB",HE,2026-03-24 00:00:00+05:30,17.1,30.9,63.1,0.959,12.6,33.7,3.27,0.601,-0.9455185755993168,-0.32556815445715664,0.9873494423939864,0.15855938510313475
3409486,"Kherwadi_Bandra East, Mumbai - MPCB",HE,2026-03-25 00:00:00+05:30,28.1,29.9,78.1,,9.58,33.7,3.45,0.503,-0.961261695938319,-0.2756373558169989,0.989932495087353,0.141540295217043
3409486,"Kherwadi_Bandra East, Mumbai - MPCB",HE,2026-03-26 00:00:00+05:30,52.6,31.0,68.6,,17.1,43.5,3.4,0.27,-0.9998476951563913,-0.017452406437283498,0.9922222094179323,0.12447926388678915
3409486,"Kherwadi_Bandra East, Mumbai - MPCB",HE,2026-03-27 00:00:00+05:30,57.8,31.6,62.6,1.05,12.7,47.7,3.26,0.162,-0.9986295347545738,-0.052335956242944306,0.994217906893952,0.10738134666416309
3409486,"Kherwadi_Bandra East, Mumbai - MPCB",HE,2026-03-28 00:00:00+05:30,23.9,29.8,82.5,0.963,4.87,24.0,3.19,0.326,-0.9986295347545738,-0.052335956242944306,0.995918996147179,0.09025161003104117
3409486,"Kherwadi_Bandra East, Mumbai - MPCB",HE,2026-03-29 00:00:00+05:30,12.5,29.7,81.7,,3.96,12.0,3.21,0.0229,-0.9986295347545738,-0.052335956242944306,0.9973249731081555,0.07309512989807777
3409486,"Kherwadi_Bandra East, Mumbai - MPCB",HE,2026-03-30 00:00:00+05:30,15.7,30.0,83.9,1.11,3.58,22.4,3.31,0.131,-0.9993908270190958,-0.03489949670250076,0.9984354211555643,0.055916990100603484
3409486,"Kherwadi_Bandra East, Mumbai - MPCB",HE,2026-03-31 00:00:00+05:30,7.19,30.0,77.7,1.05,6.58,10.0,3.38,0.103,-0.9986295347545738,0.052335956242943946,0.9992500112396835,0.03872228089217446
3409486,"Kherwadi_Bandra East, Mumbai - MPCB",HE,2026-04-01 00:00:00+05:30,12.3,29.1,78.4,1.02,4.4,23.9,3.12,0.0755,-0.992546151641322,0.12186934340514768,0.9997685019798909,0.021516097436222254
3409486,"Kherwadi_Bandra East, Mumbai - MPCB",HE,2026-04-02 00:00:00+05:30,19.2,28.8,74.5,0.991,9.24,26.9,3.2,0.107,-0.984807753012208,-0.17364817766693033,0.9999907397361901,0.004303538296244289
3409486,"Kherwadi_Bandra East, Mumbai - MPCB",HE,2026-04-03 00:00:00+05:30,30.8,29.3,66.4,0.995,13.1,23.5,3.65,0.401,-0.913545457642601,-0.4067366430758001,0.9999166586547379,-0.01291029607500882
3409486,"Kherwadi_Bandra East, Mumbai - MPCB",HE,2026-04-04 00:00:00+05:30,20.4,29.2,77.7,0.909,9.17,15.1,3.59,0.297,-0.9743700647852352,0.22495105434386492,0.9995462806873573,-0.030120304846908114
3409486,"Kherwadi_Bandra East, Mumbai - MPCB",HE,2026-04-05 00:00:00+05:30,17.3,29.1,69.4,0.944,3.93,34.4,3.27,0.254,-0.9612616959383188,0.2756373558169994,0.9988797155850336,-0.04732138832243185
3409486,"Kherwadi_Bandra East, Mumbai - MPCB",HE,2026-04-06 00:00:00+05:30,18.9,28.9,63.8,,5.18,36.4,4.62,0.317,-0.8987940462991668,-0.43837114678907774,0.9979171608653922,-0.06450844944931623
3409486,"Kherwadi_Bandra East, Mumbai - MPCB",HE,2026-04-07 00:00:00+05:30,21.8,29.2,68.4,,3.3,30.7,2.37,0.309,,,0.9966589017541702,-0.08167639533042241
3409486,"Kherwadi_Bandra East, Mumbai - MPCB",HE,2026-04-08 00:00:00+05:30,19.6,30.1,78.0,0.857,1.84,11.8,2.35,0.37,-0.9993908270190958,-0.03489949670250076,0.9951053111006976,-0.09882013873287143
3409486,"Kherwadi_Bandra East, Mumbai - MPCB",HE,2026-04-09 00:00:00+05:30,25.8,30.1,68.5,0.935,4.4,18.7,2.84,0.419,-0.9975640502598243,0.06975647374412522,0.9932568492674143,-0.11593459959550041
3409486,"Kherwadi_Bandra East, Mumbai - MPCB",HE,2026-04-10 00:00:00+05:30,47.0,30.1,62.8,1.02,10.6,27.1,3.53,0.414,-0.9961946980917455,-0.08715574274765825,0.9911140639934547,-0.1330147065341959
3409486,"Kherwadi_Bandra East, Mumbai - MPCB",HE,2026-04-11 00:00:00+05:30,42.9,31.0,78.8,0.948,2.21,51.7,3.03,0.388,-0.992546151641322,0.12186934340514768,0.9886775902323405,-0.1500553983446526
3409486,"Kherwadi_Bandra East, Mumbai - MPCB",HE,2026-04-12 00:00:00+05:30,40.3,30.6,84.1,,7.8,35.3,3.47,0.385,-0.9961946980917455,0.08715574274765789,0.9859481499638304,-0.16705162550211924
3409486,"Kherwadi_Bandra East, Mumbai - MPCB",HE,2026-04-13 00:00:00+05:30,36.5,30.4,85.9,,4.66,27.0,3.56,0.428,-0.9961946980917455,0.08715574274765789,0.9829265519799822,-0.18399835165768005
3409486,"Kherwadi_Bandra East, Mumbai - MPCB",HE,2026-04-14 00:00:00+05:30,41.8,31.2,80.2,0.886,7.51,28.9,3.49,0.469,-0.7880107536067221,-0.6156614753256581,0.9796136916454901,-0.20089055513063506
3409486,"Kherwadi_Bandra East, Mumbai - MPCB",HE,2026-04-15 00:00:00+05:30,24.3,30.5,81.4,0.916,8.3,21.7,3.46,0.382,-0.9945218953682734,0.10452846326765299,0.9760105506323683,-0.21772323039653177
3409486,"Kherwadi_Bandra East, Mumbai - MPCB",HE,2026-04-16 00:00:00+05:30,22.2,29.6,81.1,0.794,4.61,26.0,3.34,0.319,-0.9902680687415704,0.13917310096006547,0.9721181966290613,-0.23449138957040985
3409486,"Kherwadi_Bandra East, Mumbai - MPCB",HE,2026-04-17 00:00:00+05:30,23.1,30.0,85.0,0.855,8.2,18.2,3.61,0.431,-0.9396926207859084,-0.34202014332566855,0.9679377830240642,-0.25119006388481935
3409486,"Kherwadi_Bandra East, Mumbai - MPCB",HE,2026-04-18 00:00:00+05:30,22.8,31.0,84.6,,4.62,30.3,3.22,0.44,,,0.9634705485641488,-0.2678143051621742
3409486,"Kherwadi_Bandra East, Mumbai - MPCB",HE,2026-04-19 00:00:00+05:30,31.7,31.0,72.6,,6.07,22.9,3.55,0.396,,,0.9587178169872964,-0.2843591872810034
3409486,"Kherwadi_Bandra East, Mumbai - MPCB",HE,2026-04-20 00:00:00+05:30,26.6,30.2,86.7,0.852,3.29,27.8,3.0,0.469,-0.9902680687415703,-0.13917310096006583,0.9536809966304457,-0.30081980763566735
3409486,"Kherwadi_Bandra East, Mumbai - MPCB",HE,2026-04-21 00:00:00+05:30,33.3,31.3,79.3,0.886,8.09,27.5,3.73,0.507,-0.9271838545667873,-0.3746065934159123,0.9483615800121715,-0.3171912885891061
3409486,"Kherwadi_Bandra East, Mumbai - MPCB",HE,2026-04-23 00:00:00+05:30,26.3,34.7,60.1,1.26,8.28,36.1,3.65,0.548,-0.9945218953682734,0.10452846326765299,0.9368813462954315,-0.3496474552512284
3409486,"Kherwadi_Bandra East, Mumbai - MPCB",HE,2026-04-24 00:00:00+05:30,35.7,32.9,75.4,1.09,13.0,27.2,3.89,0.5,-0.9998476951563913,0.01745240643728313,0.9307239310379795,-0.36572252349726897
3409486,"Kherwadi_Bandra East, Mumbai - MPCB",HE,2026-04-25 00:00:00+05:30,38.7,32.2,69.0,0.941,13.0,26.4,3.25,0.372,-0.9902680687415703,-0.13917310096006583,0.9242907221930933,-0.3816892202666588
3409486,"Kherwadi_Bandra East, Mumbai - MPCB",HE,2026-04-26 00:00:00+05:30,23.8,31.7,81.0,0.849,13.0,14.8,3.37,0.391,-0.984807753012208,-0.17364817766693033,0.9175836260593937,-0.39754281428255595
3409486,"Kherwadi_Bandra East, Mumbai - MPCB",HE,2026-04-27 00:00:00+05:30,20.1,31.1,87.8,0.725,13.0,11.5,3.5,0.402,-0.9063077870366502,-0.42261826174069916,0.9106046300942162,-0.4132786077829042
3409486,"Kherwadi_Bandra East, Mumbai - MPCB",HE,2026-04-28 00:00:00+05:30,16.3,31.0,86.2,0.847,10.5,8.8,4.13,0.407,-0.9743700647852351,-0.22495105434386525,0.9033558023246845,-0.4288919379124835
3409486,"Kherwadi_Bandra East, Mumbai - MPCB",HE,2026-04-29 00:00:00+05:30,13.5,31.2,84.2,0.849,8.28,8.44,3.83,0.433,-0.8386705679454242,-0.544639035015027,0.895839290734909,-0.4443781781046132
3409486,"Kherwadi_Bandra East, Mumbai - MPCB",HE,2026-04-30 00:00:00+05:30,13.3,31.3,84.6,0.588,6.96,7.91,3.53,0.421,-0.7771459614569706,-0.6293203910498378,0.8880573226294932,-0.45973273945210397
3409486,"Kherwadi_Bandra East, Mumbai - MPCB",HE,2026-05-01 00:00:00+05:30,11.7,31.6,80.2,0.544,4.41,7.26,3.38,0.436,-0.9205048534524403,-0.3907311284892738,0.8800122039735357,-0.47495107206704995
3409486,"Kherwadi_Bandra East, Mumbai - MPCB",HE,2026-05-02 00:00:00+05:30,9.49,31.5,81.3,0.601,5.28,7.91,3.25,0.391,-0.8746197071393959,-0.48480962024633684,0.8717063187093218,-0.4900286664290592
3409486,"Kherwadi_Bandra East, Mumbai - MPCB",HE,2026-05-03 00:00:00+05:30,7.96,31.8,81.7,0.549,4.77,13.9,2.94,0.44,-0.8571673007021121,-0.5150380749100544,0.8631421280499114,-0.5049610547215204
3409486,"Kherwadi_Bandra East, Mumbai - MPCB",HE,2026-05-04 00:00:00+05:30,11.0,32.1,73.3,0.568,4.76,9.87,3.5,0.527,-0.8910065241883678,-0.4539904997395469,0.854322169749827,-0.5197438121555155
3409486,"Kherwadi_Bandra East, Mumbai - MPCB",HE,2026-05-05 00:00:00+05:30,10.3,32.5,71.5,0.749,2.55,12.9,3.6,0.382,-0.9702957262759965,-0.24192189559966779,0.8452490573530633,-0.5343725582809786
3409486,"Kherwadi_Bandra East, Mumbai - MPCB",HE,2026-05-06 00:00:00+05:30,23.0,34.5,58.9,1.27,2.05,30.6,3.11,0.311,-0.992546151641322,0.12186934340514768,0.8359254794186372,-0.548842958284719
3409486,"Kherwadi_Bandra East, Mumbai - MPCB",HE,2026-05-07 00:00:00+05:30,24.9,33.0,75.0,0.922,9.38,22.7,3.37,0.443,-0.754709580222772,-0.6560590289905073,0.8263541987239096,-0.5631507242749186
3409486,"Kherwadi_Bandra East, Mumbai - MPCB",HE,2026-05-08 00:00:00+05:30,24.8,32.5,81.2,0.987,4.73,29.2,3.26,0.37,-0.9563047559630353,-0.2923717047227371,0.8165380514459161,-0.5772916165517272
3409486,"Kherwadi_Bandra East, Mumbai - MPCB",HE,2026-05-09 00:00:00+05:30,21.3,32.8,76.7,0.853,4.95,32.9,3.35,0.404,-0.9271838545667873,-0.3746065934159123,0.8064799463209448,-0.5912614448635781
3409486,"Kherwadi_Bandra East, Mumbai - MPCB",HE,2026-05-10 00:00:00+05:30,21.3,32.7,77.2,0.958,7.17,34.9,3.44,0.479,-0.9876883405951377,-0.15643446504023104,0.7961828637826158,-0.6050560696488488
3409486,"Kherwadi_Bandra East, Mumbai - MPCB",HE,2026-05-11 00:00:00+05:30,24.8,33.0,77.5,0.839,3.81,32.2,3.81,0.411,-0.9961946980917455,-0.08715574274765825,0.7856498550787147,-0.6186714032625031
3409486,"Kherwadi_Bandra East, Mumbai - MPCB",HE,2026-05-12 00:00:00+05:30,19.8,32.4,82.0,0.888,1.63,23.8,3.05,0.409,-0.9876883405951378,0.15643446504023067,0.7748840413670407,-0.6321034111873487
3409486,"Kherwadi_Bandra East, Mumbai - MPCB",HE,2026-05-13 00:00:00+05:30,14.9,32.3,82.3,0.813,2.15,21.5,3.35,0.461,-0.981627183447664,-0.1908089953765446,0.7638886127905428,-0.6453481132295501
3409486,"Kherwadi_Bandra East, Mumbai - MPCB",HE,2026-05-14 00:00:00+05:30,16.5,32.3,81.6,0.967,2.7,21.6,3.7,0.299,-1.0,-1.8369701987210297e-16,0.7526668275320085,-0.6584015846980488
3409486,"Kherwadi_Bandra East, Mumbai - MPCB",HE,2026-05-15 00:00:00+05:30,25.0,32.1,79.8,0.936,1.32,12.6,2.3,0.0753,-0.9961946980917455,-0.08715574274765825,0.7412220108485958,-0.6712599575675313
3409486,"Kherwadi_Bandra East, Mumbai - MPCB",HE,2026-05-16 00:00:00+05:30,13.6,32.2,76.4,1.06,1.64,11.1,2.16,0.0367,-0.9902680687415704,0.13917310096006547,0.7295575540864875,-0.6839194216246106
3409486,"Kherwadi_Bandra East, Mumbai - MPCB",HE,2026-05-17 00:00:00+05:30,13.1,32.2,84.5,2.26,0.934,12.7,2.38,0.0425,-0.9925461516413221,-0.12186934340514717,0.717676913675962,-0.6963762255968722
3409486,"Kherwadi_Bandra East, Mumbai - MPCB",HE,2026-05-18 00:00:00+05:30,14.5,32.1,84.8,0.941,2.28,14.1,2.43,0.0762,-0.9902680687415703,-0.13917310096006583,0.705583610107178,-0.7086266782644596
3409486,"Kherwadi_Bandra East, Mumbai - MPCB",HE,2026-05-19 00:00:00+05:30,14.0,31.5,81.9,0.812,2.1,15.1,2.32,0.125,-0.984807753012208,-0.17364817766693033,0.6932812268869777,-0.7206671495538609
3409486,"Kherwadi_Bandra East, Mumbai - MPCB",HE,2026-05-20 00:00:00+05:30,13.0,31.9,78.5,0.777,0.896,13.4,2.53,0.25,-0.9961946980917455,-0.08715574274765825,0.6807734094770161,-0.7324940716135789
3409486,"Kherwadi_Bandra East, Mumbai - MPCB",HE,2026-05-21 00:00:00+05:30,9.54,32.6,77.5,,0.929,11.9,2.21,0.0772,,,0.6680638642135335,-0.7441039398713607
3409486,"Kherwadi_Bandra East, Mumbai - MPCB",HE,2026-05-22 00:00:00+05:30,9.66,32.8,79.7,,2.85,10.7,2.37,0.115,,,0.6551563572090853,-0.7554933140726803
3409486,"Kherwadi_Bandra East, Mumbai - MPCB",HE,2026-05-23 00:00:00+05:30,10.5,33.3,76.9,,1.81,11.1,2.37,0.0571,,,0.6420547132365637,-0.766658819300159
3409486,"Kherwadi_Bandra East, Mumbai - MPCB",HE,2026-05-24 00:00:00+05:30,5.27,33.2,81.8,0.917,0.318,10.2,2.17,0.129,-0.9993908270190958,-0.03489949670250076,0.6287628145958344,-0.7775971469736269
3409486,"Kherwadi_Bandra East, Mumbai - MPCB",HE,2026-05-25 00:00:00+05:30,7.05,33.2,79.1,1.03,0.321,8.92,2.26,0.256,-0.9961946980917455,0.08715574274765789,0.6152845999633276,-0.7883050558305255
3409486,"Kherwadi_Bandra East, Mumbai - MPCB",HE,2026-05-26 00:00:00+05:30,7.19,32.9,76.8,0.969,0.716,9.13,2.18,0.138,-0.9993908270190958,-0.03489949670250076,0.6016240632249226,-0.7987793728863649
3409486,"Kherwadi_Bandra East, Mumbai - MPCB",HE,2026-05-27 00:00:00+05:30,7.07,32.7,72.2,0.96,1.69,11.3,2.39,0.129,-0.9986295347545738,0.052335956242943946,0.5877852522924732,-0.8090169943749473
3409486,"Kherwadi_Bandra East, Mumbai - MPCB",HE,2026-05-28 00:00:00+05:30,10.8,33.2,68.9,0.963,0.506,11.4,2.45,0.132,-0.9998476951563913,-0.017452406437283498,0.5737722679043246,-0.8190148866680801
3409486,"Kherwadi_Bandra East, Mumbai - MPCB",HE,2026-05-29 00:00:00+05:30,12.1,33.2,69.0,0.875,0.719,9.27,2.43,0.155,-0.9925461516413221,-0.12186934340514717,0.5595892624101765,-0.8287700871745038
3409486,"Kherwadi_Bandra East, Mumbai - MPCB",HE,2026-05-30 00:00:00+05:30,10.0,33.5,70.9,0.934,0.561,11.7,2.28,0.264,-0.9945218953682734,-0.10452846326765336,0.545240438540651,-0.8382797052177744
3409486,"Kherwadi_Bandra East, Mumbai - MPCB",HE,2026-05-31 00:00:00+05:30,14.1,32.9,76.8,0.905,0.905,14.0,2.31,0.264,-0.9455185755993168,-0.32556815445715664,0.5307300481619334,-0.8475409228928311
3409486,"Kherwadi_Bandra East, Mumbai - MPCB",HE,2026-06-01 00:00:00+05:30,10.7,33.1,73.6,,0.423,16.7,2.43,0.173,,,0.5160623910158528,-0.8565509959010036
3409486,"Kherwadi_Bandra East, Mumbai - MPCB",HE,2026-06-02 00:00:00+05:30,9.15,33.2,70.7,0.848,6.43,16.8,2.33,0.221,-0.9563047559630353,-0.2923717047227371,0.5012418134457758,-0.865307254363206
3409486,"Kherwadi_Bandra East, Mumbai - MPCB",HE,2026-06-03 00:00:00+05:30,13.4,31.8,74.1,,7.17,17.5,2.43,0.279,-0.7986355100472928,-0.6018150231520483,0.48627270710868997,-0.8738071036110808
3409486,"Kherwadi_Bandra East, Mumbai - MPCB",HE,2026-06-04 00:00:00+05:30,13.1,32.8,72.7,0.81,5.38,6.61,2.29,0.249,-0.6691306063588582,-0.7431448254773942,0.4711595076738638,-0.8820480249558537
3409486,"Kherwadi_Bandra East, Mumbai - MPCB",HE,2026-06-05 00:00:00+05:30,18.4,33.4,74.7,,1.51,6.97,2.36,0.202,,,0.4559066935084588,-0.8900275764346767
3409486,"Kherwadi_Bandra East, Mumbai - MPCB",HE,2026-06-06 00:00:00+05:30,12.3,33.7,72.5,0.95,0.567,7.17,2.52,0.207,-0.9998476951563913,0.01745240643728313,0.440518784350495,-0.8977433935342337
3409486,"Kherwadi_Bandra East, Mumbai - MPCB",HE,2026-06-07 00:00:00+05:30,16.9,33.7,71.8,1.02,0.739,7.85,2.41,0.25,-0.9998476951563913,-0.017452406437283498,0.42500033996955416,-0.9051931898913974
3409486,"Kherwadi_Bandra East, Mumbai - MPCB",HE,2026-06-08 00:00:00+05:30,15.7,33.5,70.9,0.993,1.28,5.13,2.33,0.453,-0.9945218953682734,-0.10452846326765336,0.4093559588156213,-0.9123747579707273
3409486,"Kherwadi_Bandra East, Mumbai - MPCB",HE,2026-06-09 00:00:00+05:30,27.1,33.6,71.3,1.19,4.72,9.8,3.24,0.239,-0.9986295347545738,0.052335956242943946,0.39359027665646673,-0.9192859697186104
3409486,"Kherwadi_Bandra East, Mumbai - MPCB",HE,2026-06-10 00:00:00+05:30,26.3,33.3,69.6,1.07,4.05,12.6,2.33,0.206,-0.9975640502598242,-0.06975647374412558,0.3777079652039649,-0.9259247771938498
3409486,"Kherwadi_Bandra East, Mumbai - MPCB",HE,2026-06-11 00:00:00+05:30,26.3,33.6,68.4,1.02,4.15,27.2,2.01,0.294,-0.9986295347545738,-0.052335956242944306,0.36171373072976765,-0.9322892131745133
3409486,"Kherwadi_Bandra East, Mumbai - MPCB",HE,2026-06-12 00:00:00+05:30,25.3,33.5,70.2,1.05,4.6,29.9,2.42,0.155,-0.9993908270190958,-0.03489949670250076,0.3456123126707335,-0.9383773917408641
3409486,"Kherwadi_Bandra East, Mumbai - MPCB",HE,2026-06-13 00:00:00+05:30,29.0,33.5,69.1,1.13,4.59,26.2,2.28,0.3,-0.9993908270190958,-0.03489949670250076,0.3294084822245304,-0.9441875088341993
3409486,"Kherwadi_Bandra East, Mumbai - MPCB",HE,2026-06-14 00:00:00+05:30,23.4,33.4,67.4,,5.45,21.9,2.02,0.379,,,0.3131070409358269,-0.9497178427914316
3409486,"Kherwadi_Bandra East, Mumbai - MPCB",HE,2026-06-15 00:00:00+05:30,22.2,33.7,65.8,,7.39,22.1,2.3,0.298,-0.9993908270190958,0.03489949670250128,0.29671281927349075,-0.9549667548552551
3409486,"Kherwadi_Bandra East, Mumbai - MPCB",HE,2026-06-16 00:00:00+05:30,19.6,33.2,66.6,1.05,7.72,20.2,2.37,0.338,-0.9998476951563913,-0.017452406437283498,0.28023067519921585,-0.9599326896597447
3409486,"Kherwadi_Bandra East, Mumbai - MPCB",HE,2026-06-17 00:00:00+05:30,33.4,32.9,65.9,,7.43,23.2,2.04,0.307,-0.9876883405951377,-0.15643446504023104,0.26366549272800704,-0.9646141756912435
3409486,"Kherwadi_Bandra East, Mumbai - MPCB",HE,2026-06-18 00:00:00+05:30,,33.0,64.4,1.02,7.58,11.3,2.29,0.285,-0.9961946980917455,-0.08715574274765825,0.24702218048093552,-0.9690098257244062
3409486,"Kherwadi_Bandra East, Mumbai - MPCB",HE,2026-06-19 00:00:00+05:30,18.0,31.7,66.5,0.835,7.74,5.45,2.35,0.361,-0.9993908270190958,-0.03489949670250076,0.23030567023061221,-0.9731183372332619
3409486,"Kherwadi_Bandra East, Mumbai - MPCB",HE,2026-06-20 00:00:00+05:30,17.4,32.8,64.0,,7.69,9.86,2.3,0.315,,,0.21352091543979612,-0.9769384927771817
3409486,"Kherwadi_Bandra East, Mumbai - MPCB",HE,2026-06-21 00:00:00+05:30,12.1,31.7,76.1,0.849,13.5,15.5,2.51,0.411,-0.882947592858927,-0.46947156278589075,0.19667288979357647,-0.980469160361632
3409486,"Kherwadi_Bandra East, Mumbai - MPCB",HE,2026-06-22 00:00:00+05:30,11.1,31.1,82.3,0.612,12.1,,2.29,0.377,,,0.1797665857255624,-0.9837092937736097
3409486,"Kherwadi_Bandra East, Mumbai - MPCB",HE,2026-06-23 00:00:00+05:30,10.0,28.2,99.7,1.07,11.3,,2.55,0.24,,,0.16280701293851715,-0.986657932891657
3409486,"Kherwadi_Bandra East, Mumbai - MPCB",HE,2026-06-25 00:00:00+05:30,23.8,29.2,99.6,0.46,8.96,55.7,2.58,0.324,-0.5299192642332048,-0.8480480961564261,0.12874817745258132,-0.99167731989929
3409486,"Kherwadi_Bandra East, Mumbai - MPCB",HE,2026-06-26 00:00:00+05:30,16.8,30.4,92.9,,9.65,44.7,2.36,0.316,,,0.11165900712169512,-0.993746580436178
3409486,"Kherwadi_Bandra East, Mumbai - MPCB",HE,2026-06-27 00:00:00+05:30,18.1,31.2,87.6,0.778,8.99,10.3,2.59,0.314,-0.43837114678907746,-0.8987940462991669,0.09453674981719912,-0.9955213724144752
3409486,"Kherwadi_Bandra East, Mumbai - MPCB",HE,2026-06-28 00:00:00+05:30,12.7,30.6,91.4,0.868,8.27,20.4,2.33,0.33,-0.8660254037844385,-0.5000000000000004,0.07738647923346301,-0.9970011699250151
3409486,"Kherwadi_Bandra East, Mumbai - MPCB",HE,2026-06-29 00:00:00+05:30,9.85,27.7,99.6,0.643,9.05,30.3,2.48,0.323,-0.39073112848927355,-0.9205048534524404,0.06021327736579302,-0.9981855344718586
3409486,"Kherwadi_Bandra East, Mumbai - MPCB",HE,2026-06-30 00:00:00+05:30,11.5,27.4,99.9,0.493,8.92,21.4,2.73,0.327,0.10452846326765373,-0.9945218953682733,0.04302223300453059,-0.99907411510223
3409486,"Kherwadi_Bandra East, Mumbai - MPCB",HE,2026-07-01 00:00:00+05:30,9.31,26.9,99.9,0.777,8.53,15.3,2.36,0.305,-0.8910065241883678,-0.4539904997395469,0.02581844022713308,-0.9996666485105112
3409486,"Kherwadi_Bandra East, Mumbai - MPCB",HE,2026-07-02 00:00:00+05:30,5.77,26.9,99.9,0.741,7.74,15.3,2.57,0.381,-0.5299192642332048,-0.8480480961564261,0.008606996888688698,-0.9999629591162655
3409486,"Kherwadi_Bandra East, Mumbai - MPCB",HE,2026-07-03 00:00:00+05:30,7.27,26.5,99.8,0.843,8.1,14.5,2.38,0.357,-0.7313537016191705,-0.6819983600624986,-0.008606996888688009,-0.9999629591162655
3409486,"Kherwadi_Bandra East, Mumbai - MPCB",HE,2026-07-04 00:00:00+05:30,18.2,26.6,99.8,0.954,8.32,8.35,2.36,0.402,-0.9781476007338056,-0.2079116908177598,-0.02581844022713239,-0.9996666485105112
3409486,"Kherwadi_Bandra East, Mumbai - MPCB",HE,2026-07-05 00:00:00+05:30,10.5,27.1,99.9,1.31,8.89,12.8,2.47,0.397,-1.0,-1.8369701987210297e-16,-0.04302223300453034,-0.99907411510223
3409486,"Kherwadi_Bandra East, Mumbai - MPCB",HE,2026-07-06 00:00:00+05:30,18.4,27.2,99.9,1.69,9.59,15.5,2.25,0.296,-0.9986295347545738,0.052335956242943946,-0.060213277365792774,-0.9981855344718586
3409486,"Kherwadi_Bandra East, Mumbai - MPCB",HE,2026-07-07 00:00:00+05:30,20.4,28.5,99.8,1.41,10.7,15.1,2.46,0.289,-0.9993908270190958,0.03489949670250128,-0.07738647923346322,-0.9970011699250151
3409486,"Kherwadi_Bandra East, Mumbai - MPCB",HE,2026-07-08 00:00:00+05:30,18.2,28.8,99.8,1.04,6.99,12.0,2.73,0.27,-0.9975640502598242,-0.06975647374412558,-0.09453674981719933,-0.9955213724144752
3409486,"Kherwadi_Bandra East, Mumbai - MPCB",HE,2026-07-09 00:00:00+05:30,23.4,30.1,99.7,0.625,5.95,15.4,2.19,0.291,-0.9986295347545738,0.052335956242943946,-0.11165900712169444,-0.9937465804361781
3409486,"Kherwadi_Bandra East, Mumbai - MPCB",HE,2026-07-10 00:00:00+05:30,12.8,30.4,98.1,0.927,3.61,21.1,1.69,0.276,-0.984807753012208,-0.17364817766693033,-0.12874817745258066,-0.99167731989929
3409486,"Kherwadi_Bandra East, Mumbai - MPCB",HE,2026-07-11 00:00:00+05:30,11.4,31.2,95.9,0.873,5.47,18.6,2.35,0.333,-0.981627183447664,-0.1908089953765446,-0.14579919691987442,-0.9893142039703664
3409486,"Kherwadi_Bandra East, Mumbai - MPCB",HE,2026-07-12 00:00:00+05:30,9.32,30.9,94.9,0.648,5.49,18.0,2.01,0.264,-0.9993908270190958,-0.03489949670250076,-0.16280701293851646,-0.9866579328916572
3409486,"Kherwadi_Bandra East, Mumbai - MPCB",HE,2026-07-13 00:00:00+05:30,17.9,31.3,89.7,0.615,5.46,24.1,1.94,0.24,-0.9902680687415703,-0.13917310096006583,-0.17976658572556214,-0.9837092937736098
3409486,"Kherwadi_Bandra East, Mumbai - MPCB",HE,2026-07-14 00:00:00+05:30,16.0,31.6,85.0,0.851,6.24,15.4,2.51,0.164,-0.961261695938319,-0.2756373558169989,-0.19667288979357622,-0.9804691603616321
3409486,"Kherwadi_Bandra East, Mumbai - MPCB",HE,2026-07-15 00:00:00+05:30,15.5,30.7,96.3,0.909,6.85,15.4,3.96,0.325,-0.9986295347545738,-0.052335956242944306,-0.2135209154397959,-0.9769384927771817
3409486,"Kherwadi_Bandra East, Mumbai - MPCB",HE,2026-07-16 00:00:00+05:30,16.7,30.5,97.7,0.935,4.6,15.3,4.01,0.327,-0.9743700647852351,-0.22495105434386525,-0.23030567023061196,-0.973118337233262
3409486,"Kherwadi_Bandra East, Mumbai - MPCB",HE,2026-07-17 00:00:00+05:30,18.0,30.0,99.7,1.17,4.82,15.4,3.71,0.369,-0.9975640502598242,-0.06975647374412558,-0.24702218048093527,-0.9690098257244063
3409486,"Kherwadi_Bandra East, Mumbai - MPCB",HE,2026-07-18 00:00:00+05:30,14.7,29.0,99.5,1.06,3.97,15.4,4.08,0.348,-0.9205048534524403,-0.3907311284892738,-0.2636654927280072,-0.9646141756912435
3409486,"Kherwadi_Bandra East, Mumbai - MPCB",HE,2026-07-19 00:00:00+05:30,16.4,28.2,99.8,0.807,3.87,15.3,4.06,0.315,-0.913545457642601,-0.4067366430758001,-0.2802306751992161,-0.9599326896597445
3409486,"Kherwadi_Bandra East, Mumbai - MPCB",HE,2026-07-20 00:00:00+05:30,14.2,27.6,99.8,0.94,4.06,15.3,3.88,0.298,-0.9902680687415703,-0.13917310096006583,-0.2967128192734901,-0.9549667548552553
3409486,"Kherwadi_Bandra East, Mumbai - MPCB",HE,2026-07-21 00:00:00+05:30,18.3,29.1,99.8,0.882,3.31,14.7,4.1,0.398,-1.0,-1.8369701987210297e-16,-0.3131070409358267,-0.9497178427914317
3409486,"Kherwadi_Bandra East, Mumbai - MPCB",HE,2026-07-22 00:00:00+05:30,13.0,27.4,99.9,1.03,3.14,11.4,3.91,0.547,-0.9961946980917455,0.08715574274765789,-0.3294084822245302,-0.9441875088341994
3409486,"Kherwadi_Bandra East, Mumbai - MPCB",HE,2026-07-23 00:00:00+05:30,11.1,28.0,99.8,0.865,2.83,13.5,3.18,0.293,-0.9925461516413221,-0.12186934340514717,-0.3456123126707333,-0.9383773917408642
3409486,"Kherwadi_Bandra East, Mumbai - MPCB",HE,2026-07-24 00:00:00+05:30,13.5,28.7,99.7,0.893,3.02,12.4,2.68,0.405,-0.961261695938319,-0.2756373558169989,-0.3617137307297674,-0.9322892131745134
3409486,"Kherwadi_Bandra East, Mumbai - MPCB",HE,2026-07-25 00:00:00+05:30,15.6,29.4,99.8,0.951,3.1,10.2,2.11,0.548,-0.9961946980917455,-0.08715574274765825,-0.37770796520396466,-0.9259247771938499
3409486,"Kherwadi_Bandra East, Mumbai - MPCB",HE,2026-07-26 00:00:00+05:30,16.2,29.0,99.8,1.08,2.85,8.41,2.12,0.552,-0.9993908270190958,-0.03489949670250076,-0.39359027665646645,-0.9192859697186105
3409486,"Kherwadi_Bandra East, Mumbai - MPCB",HE,2026-07-27 00:00:00+05:30,15.2,28.6,99.8,1.09,3.03,11.9,2.93,0.456,-0.9998476951563913,-0.017452406437283498,-0.4093559588156211,-0.9123747579707274
3409486,"Kherwadi_Bandra East, Mumbai - MPCB",HE,2026-07-28 00:00:00+05:30,19.0,29.4,99.8,1.16,2.93,11.9,4.67,0.36,-0.9876883405951377,-0.15643446504023104,-0.42500033996955394,-0.9051931898913975
3409486,"Kherwadi_Bandra East, Mumbai - MPCB",HE,2026-07-29 00:00:00+05:30,20.1,29.9,99.7,1.24,3.04,11.1,1.84,0.483,-0.9743700647852351,-0.22495105434386525,-0.4405187843504952,-0.8977433935342336
3409486,"Kherwadi_Bandra East, Mumbai - MPCB",HE,2026-07-30 00:00:00+05:30,19.0,29.4,99.8,1.27,2.87,8.11,2.09,0.511,-0.9945218953682734,-0.10452846326765336,-0.455906693508459,-0.8900275764346766
3409486,"Kherwadi_Bandra East, Mumbai - MPCB",HE,2026-07-31 00:00:00+05:30,18.7,28.9,99.9,1.35,3.28,9.71,6.54,0.422,-0.9902680687415703,-0.13917310096006583,-0.47115950767386394,-0.8820480249558535
3409486,"Kherwadi_Bandra East, Mumbai - MPCB",HE,2026-08-01 00:00:00+05:30,20.9,29.1,99.8,1.26,2.94,5.13,4.9,0.412,-1.0,-1.8369701987210297e-16,-0.4862727071086902,-0.8738071036110807
3409486,"Kherwadi_Bandra East, Mumbai - MPCB",HE,2026-08-02 00:00:00+05:30,19.6,28.5,99.9,1.07,2.74,5.65,6.84,0.37,-0.9998476951563913,-0.017452406437283498,-0.5012418134457756,-0.8653072543632061
3409486,"Kherwadi_Bandra East, Mumbai - MPCB",HE,2026-08-03 00:00:00+05:30,18.2,29.1,99.5,1.26,2.61,5.53,4.65,0.39,-0.9659258262890683,-0.25881904510252063,-0.5160623910158526,-0.8565509959010037
3409486,"Kherwadi_Bandra East, Mumbai - MPCB",HE,2026-08-04 00:00:00+05:30,20.2,28.9,99.8,1.17,4.58,8.01,12.5,0.385,-0.9063077870366502,-0.42261826174069916,-0.5307300481619331,-0.8475409228928312
3409486,"Kherwadi_Bandra East, Mumbai - MPCB",HE,2026-08-05 00:00:00+05:30,20.7,28.0,99.8,0.817,4.18,10.4,5.33,0.448,-0.984807753012208,-0.17364817766693033,-0.5452404385406507,-0.8382797052177745
3409486,"Kherwadi_Bandra East, Mumbai - MPCB",HE,2026-08-06 00:00:00+05:30,20.0,29.2,99.7,1.18,3.88,15.5,11.7,0.416,-0.9975640502598242,-0.06975647374412558,-0.5595892624101763,-0.828770087174504
3409486,"Kherwadi_Bandra East, Mumbai - MPCB",HE,2026-08-07 00:00:00+05:30,15.5,29.7,98.9,1.13,4.05,14.3,6.21,0.419,-0.9925461516413221,-0.12186934340514717,-0.5737722679043243,-0.8190148866680802
3409486,"Kherwadi_Bandra East, Mumbai - MPCB",HE,2026-08-08 00:00:00+05:30,15.4,29.3,99.7,1.13,3.89,8.14,7.36,0.616,-0.9975640502598242,-0.06975647374412558,-0.5877852522924734,-0.8090169943749472
3409486,"Kherwadi_Bandra East, Mumbai - MPCB",HE,2026-08-09 00:00:00+05:30,20.2,30.1,98.3,1.17,3.97,7.84,7.54,0.603,-0.9335804264972016,-0.3583679495453007,-0.6016240632249227,-0.7987793728863648
3409486,"Kherwadi_Bandra East, Mumbai - MPCB",HE,2026-08-10 00:00:00+05:30,17.3,29.5,97.5,1.05,4.11,6.36,3.09,0.591,-0.9781476007338056,-0.2079116908177598,-0.6152845999633277,-0.7883050558305253
3409486,"Kherwadi_Bandra East, Mumbai - MPCB",HE,2026-08-11 00:00:00+05:30,16.5,26.7,99.9,0.852,4.48,8.91,7.74,0.771,-0.7771459614569706,-0.6293203910498378,-0.6287628145958345,-0.7775971469736268
3409486,"Kherwadi_Bandra East, Mumbai - MPCB",HE,2026-08-12 00:00:00+05:30,13.6,28.7,99.8,1.04,4.0,10.3,2.48,0.586,-0.9659258262890683,-0.25881904510252063,-0.6420547132365636,-0.7666588193001592
3409486,"Kherwadi_Bandra East, Mumbai - MPCB",HE,2026-08-13 00:00:00+05:30,15.5,27.6,99.9,0.777,4.27,2.66,2.24,0.994,-0.9975640502598242,-0.06975647374412558,-0.655156357209085,-0.7554933140726804
3409486,"Kherwadi_Bandra East, Mumbai - MPCB",HE,2026-08-14 00:00:00+05:30,12.9,27.1,99.9,0.685,3.46,6.22,2.46,1.48,-0.8386705679454242,-0.544639035015027,-0.6680638642135333,-0.7441039398713608
3409486,"Kherwadi_Bandra East, Mumbai - MPCB",HE,2026-08-15 00:00:00+05:30,18.2,27.7,99.9,1.14,2.98,14.7,2.83,0.747,-0.9993908270190958,-0.03489949670250076,-0.6807734094770159,-0.7324940716135792
3409486,"Kherwadi_Bandra East, Mumbai - MPCB",HE,2026-08-16 00:00:00+05:30,12.2,28.6,98.4,1.22,4.31,10.0,2.19,0.628,-0.9986295347545738,-0.052335956242944306,-0.6932812268869771,-0.7206671495538615
3409486,"Kherwadi_Bandra East, Mumbai - MPCB",HE,2026-08-17 00:00:00+05:30,11.4,28.7,99.8,1.17,4.25,9.25,2.1,0.646,-0.9986295347545738,-0.052335956242944306,-0.7055836101071774,-0.70862667826446
3409486,"Kherwadi_Bandra East, Mumbai - MPCB",HE,2026-08-18 00:00:00+05:30,13.8,29.0,99.8,1.25,4.02,10.0,2.22,0.649,-0.9925461516413221,-0.12186934340514717,-0.7176769136759615,-0.6963762255968726
3409486,"Kherwadi_Bandra East, Mumbai - MPCB",HE,2026-08-19 00:00:00+05:30,10.4,29.3,99.2,1.14,3.96,9.87,2.03,0.637,-0.9993908270190958,-0.03489949670250076,-0.7295575540864876,-0.6839194216246105
3409486,"Kherwadi_Bandra East, Mumbai - MPCB",HE,2026-08-20 00:00:00+05:30,9.85,29.2,99.2,1.13,4.15,11.7,2.17,0.644,-0.9961946980917455,-0.08715574274765825,-0.7412220108485957,-0.6712599575675315
3409486,"Kherwadi_Bandra East, Mumbai - MPCB",HE,2026-08-21 00:00:00+05:30,9.04,29.7,99.1,1.17,3.92,13.6,2.27,0.648,-0.9998476951563913,-0.017452406437283498,-0.7526668275320083,-0.6584015846980489
3409486,"Kherwadi_Bandra East, Mumbai - MPCB",HE,2026-08-22 00:00:00+05:30,10.0,29.4,98.3,1.17,3.88,13.5,2.24,0.637,-0.9998476951563913,0.01745240643728313,-0.7638886127905429,-0.64534811322955
3409486,"Kherwadi_Bandra East, Mumbai - MPCB",HE,2026-08-23 00:00:00+05:30,12.5,29.6,99.6,1.09,3.85,11.8,2.14,0.636,-0.9945218953682734,-0.10452846326765336,-0.7748840413670406,-0.6321034111873488
3409486,"Kherwadi_Bandra East, Mumbai - MPCB",HE,2026-08-24 00:00:00+05:30,14.2,28.9,98.7,0.985,4.09,10.9,2.48,0.661,-0.9781476007338056,-0.2079116908177598,-0.7856498550787144,-0.6186714032625032
3409486,"Kherwadi_Bandra East, Mumbai - MPCB",HE,2026-08-25 00:00:00+05:30,11.7,29.6,99.8,1.15,3.72,11.0,2.24,0.661,-0.9975640502598242,-0.06975647374412558,-0.7961828637826154,-0.6050560696488494
3409486,"Kherwadi_Bandra East, Mumbai - MPCB",HE,2026-08-26 00:00:00+05:30,10.9,29.7,96.9,1.12,3.98,10.9,2.33,0.603,-0.9993908270190958,0.03489949670250128,-0.8064799463209447,-0.5912614448635782
3409486,"Kherwadi_Bandra East, Mumbai - MPCB",HE,2026-08-27 00:00:00+05:30,10.1,29.6,97.1,1.13,3.47,10.9,2.14,0.6,-0.9902680687415703,-0.13917310096006583,-0.8165380514459157,-0.5772916165517278
3409486,"Kherwadi_Bandra East, Mumbai - MPCB",HE,2026-08-28 00:00:00+05:30,10.7,29.1,99.8,1.13,3.04,21.7,1.98,0.69,-0.9998476951563913,-0.017452406437283498,-0.8263541987239094,-0.5631507242749187
3409486,"Kherwadi_Bandra East, Mumbai - MPCB",HE,2026-08-29 00:00:00+05:30,12.6,28.9,99.8,1.06,3.51,17.1,2.15,0.609,-1.0,-1.8369701987210297e-16,-0.8359254794186365,-0.5488429582847199
3409486,"Kherwadi_Bandra East, Mumbai - MPCB",HE,2026-08-30 00:00:00+05:30,9.93,30.3,95.7,1.12,3.69,22.5,2.16,0.619,-0.9902680687415703,-0.13917310096006583,-0.8452490573530634,-0.5343725582809785
3409486,"Kherwadi_Bandra East, Mumbai - MPCB",HE,2026-08-31 00:00:00+05:30,8.92,30.0,95.9,1.09,3.74,22.8,2.28,0.633,-0.9993908270190958,-0.03489949670250076,-0.8543221697498269,-0.5197438121555157
3409486,"Kherwadi_Bandra East, Mumbai - MPCB",HE,2026-09-01 00:00:00+05:30,9.57,30.0,98.0,1.01,3.65,22.6,2.24,0.628,-0.9925461516413221,-0.12186934340514717,-0.8631421280499115,-0.5049610547215202
3409486,"Kherwadi_Bandra East, Mumbai - MPCB",HE,2026-09-02 00:00:00+05:30,9.87,29.0,96.9,0.89,3.39,22.2,2.54,0.64,-0.9993908270190958,-0.03489949670250076,-0.8717063187093217,-0.4900286664290594
3409486,"Kherwadi_Bandra East, Mumbai - MPCB",HE,2026-09-03 00:00:00+05:30,14.2,29.2,97.2,0.873,3.41,22.6,2.62,0.651,-0.9998476951563913,-0.017452406437283498,-0.8800122039735356,-0.4749510720670502
3409486,"Kherwadi_Bandra East, Mumbai - MPCB",HE,2026-09-04 00:00:00+05:30,12.3,29.5,93.8,0.982,3.69,22.4,2.32,0.647,-0.9902680687415703,-0.13917310096006583,-0.888057322629493,-0.4597327394521046
3409486,"Kherwadi_Bandra East, Mumbai - MPCB",HE,2026-09-05 00:00:00+05:30,13.1,29.2,96.6,0.966,3.55,22.8,2.46,0.661,-0.9925461516413221,-0.12186934340514717,-0.8958392907349089,-0.4443781781046134
3409486,"Kherwadi_Bandra East, Mumbai - MPCB",HE,2026-09-06 00:00:00+05:30,10.9,28.6,99.8,0.876,3.76,22.5,2.71,0.713,-0.882947592858927,-0.46947156278589075,-0.9033558023246842,-0.4288919379124841
3409486,"Kherwadi_Bandra East, Mumbai - MPCB",HE,2026-09-07 00:00:00+05:30,11.8,29.4,96.9,0.979,3.78,17.2,2.39,0.644,-0.9961946980917455,-0.08715574274765825,-0.9106046300942162,-0.41327860778290443
3409486,"Kherwadi_Bandra East, Mumbai - MPCB",HE,2026-09-08 00:00:00+05:30,19.9,30.0,93.5,1.09,3.66,13.4,2.45,0.515,-0.9993908270190958,-0.03489949670250076,-0.9175836260593934,-0.3975428142825566
3409486,"Kherwadi_Bandra East, Mumbai - MPCB",HE,2026-09-09 00:00:00+05:30,16.1,30.1,92.7,1.08,3.78,17.0,3.02,0.583,-0.9925461516413221,-0.12186934340514717,-0.9242907221930934,-0.3816892202666586
3409486,"Kherwadi_Bandra East, Mumbai - MPCB",HE,2026-09-10 00:00:00+05:30,17.1,30.2,93.7,0.951,3.98,16.5,3.47,0.589,-0.961261695938319,-0.2756373558169989,-0.9307239310379793,-0.3657225234972692
3409486,"Kherwadi_Bandra East, Mumbai - MPCB",HE,2026-09-11 00:00:00+05:30,20.8,29.5,94.2,0.8,3.87,18.5,3.45,0.61,-0.7771459614569706,-0.6293203910498378,-0.9368813462954315,-0.34964745525122826
3409486,"Kherwadi_Bandra East, Mumbai - MPCB",HE,2026-09-12 00:00:00+05:30,22.3,29.6,94.4,0.927,4.22,19.5,3.75,0.454,-0.9271838545667873,-0.3746065934159123,-0.9427611433904206,-0.33346877891818705
3409486,"Kherwadi_Bandra East, Mumbai - MPCB",HE,2026-09-13 00:00:00+05:30,20.9,25.9,99.8,0.592,4.11,24.5,4.4,0.589,-0.12186934340514731,-0.9925461516413221,-0.9483615800121716,-0.31719128858910595
3409486,"Kherwadi_Bandra East, Mumbai - MPCB",HE,2026-09-14 00:00:00+05:30,22.0,28.3,98.4,0.786,4.04,28.3,3.82,0.625,-0.8290375725550418,-0.5591929034707466,-0.9536809966304455,-0.300819807635668
3409486,"Kherwadi_Bandra East, Mumbai - MPCB",HE,2026-09-15 00:00:00+05:30,12.3,28.4,99.1,0.738,4.4,26.1,3.65,0.523,0.5299192642332049,-0.848048096156426,-0.9587178169872964,-0.2843591872810036
3409486,"Kherwadi_Bandra East, Mumbai - MPCB",HE,2026-09-16 00:00:00+05:30,13.0,28.9,97.5,0.744,4.34,22.0,4.46,0.546,-0.17364817766693047,-0.984807753012208,-0.9634705485641486,-0.26781430516217486
3409486,"Kherwadi_Bandra East, Mumbai - MPCB",HE,2026-09-17 00:00:00+05:30,11.7,30.1,96.1,0.678,4.57,23.4,3.55,0.569,-0.46947156278589086,-0.8829475928589269,-0.9679377830240642,-0.25119006388481957
3409510,"Byculla, Mumbai - BMC",E,2025-10-11 00:00:00+05:30,64.8,28.1,67.3,1.11,41.6,42.5,2.1,0.16,0.37460659341591224,-0.9271838545667873,-0.9873494423939864,0.15855938510313475
3409510,"Byculla, Mumbai - BMC",E,2025-10-12 00:00:00+05:30,63.0,28.2,66.3,1.05,38.7,42.5,2.8,0.324,0.6427876096865395,-0.7660444431189779,-0.9844738167520923,0.17553149042142777
3409510,"Byculla, Mumbai - BMC",E,2025-10-13 00:00:00+05:30,63.0,28.2,66.6,1.07,43.3,43.9,2.92,0.318,0.9659258262890683,-0.25881904510252085,-0.9813064702716093,0.19245158197082995
3409510,"Byculla, Mumbai - BMC",E,2025-10-14 00:00:00+05:30,62.2,28.0,66.1,1.12,44.6,45.4,2.84,0.315,0.7986355100472927,-0.6018150231520484,-0.9778483415056567,0.20931464596304888
3409510,"Byculla, Mumbai - BMC",E,2025-10-15 00:00:00+05:30,63.3,28.2,68.2,1.04,53.4,36.6,2.8,0.396,0.2923717047227366,-0.9563047559630355,-0.9741004551724206,0.22611568550828803
3409510,"Byculla, Mumbai - BMC",E,2025-10-16 00:00:00+05:30,46.6,29.3,69.9,1.0,44.1,35.5,3.06,0.191,-0.35836794954530043,-0.9335804264972017,-0.970063921851507,0.2428497220959358
3409510,"Byculla, Mumbai - BMC",E,2025-10-17 00:00:00+05:30,40.6,29.9,64.5,0.938,38.6,42.1,3.51,0.201,-0.848048096156426,-0.529919264233205,-0.965739937654855,0.25951179706979943
3409510,"Byculla, Mumbai - BMC",E,2025-10-18 00:00:00+05:30,61.0,29.5,64.0,1.05,40.8,45.1,4.06,0.202,0.40673664307580043,-0.9135454576426008,-0.9611297838723007,0.27609697309746883
3409510,"Byculla, Mumbai - BMC",E,2025-10-19 00:00:00+05:30,83.6,29.4,63.6,1.05,37.6,48.9,5.1,0.207,0.45399049973954686,-0.8910065241883678,-0.9562348265919058,0.2926003356333479
3409510,"Byculla, Mumbai - BMC",E,2025-10-20 00:00:00+05:30,110.0,28.4,71.3,1.04,37.9,39.9,6.13,0.334,0.5446390350150273,-0.8386705679454239,-0.9510565162951536,0.30901699437494723
3409510,"Byculla, Mumbai - BMC",E,2025-10-21 00:00:00+05:30,117.0,29.1,65.6,0.914,31.0,39.1,7.34,0.123,-0.4226182617406993,-0.90630778703665,-0.9455963874271428,0.3253420847119795
3409510,"Byculla, Mumbai - BMC",E,2025-10-22 00:00:00+05:30,48.8,29.4,67.2,1.04,28.8,32.0,7.36,0.228,-0.2588190451025208,-0.9659258262890683,-0.9398560579418953,0.341570769167856
3409510,"Byculla, Mumbai - BMC",E,2025-10-23 00:00:00+05:30,53.9,29.9,66.9,0.897,35.5,25.5,7.5,0.0993,-0.9781476007338056,-0.2079116908177598,-0.9338372288229252,0.35769823883312546
3409510,"Byculla, Mumbai - BMC",E,2025-10-24 00:00:00+05:30,20.3,29.2,70.8,1.03,27.5,22.4,6.76,0.11,-0.629320391049838,-0.7771459614569705,-0.9275416835791965,0.3737197147904692
3409510,"Byculla, Mumbai - BMC",E,2025-10-25 00:00:00+05:30,12.1,27.9,76.8,0.936,28.6,12.1,6.49,0.239,-0.9659258262890684,0.2588190451025203,-0.9209712877166347,0.38963044953078774
3409510,"Byculla, Mumbai - BMC",E,2025-10-26 00:00:00+05:30,8.6,27.4,76.0,1.0,25.8,8.89,6.57,0.133,-0.9848077530122081,0.17364817766692997,-0.9141279881853337,0.4054257283599973
3409510,"Byculla, Mumbai - BMC",E,2025-10-27 00:00:00+05:30,11.5,27.7,77.7,,26.4,15.1,6.72,0.232,,,-0.9070138128026362,0.42110087079608916
3409510,"Byculla, Mumbai - BMC",E,2025-10-28 00:00:00+05:30,25.0,27.9,75.7,,30.7,16.5,6.31,0.297,,,-0.8996308696522434,0.4366512319560638
3409510,"Byculla, Mumbai - BMC",E,2025-10-29 00:00:00+05:30,29.1,28.8,70.0,,31.0,20.9,6.39,0.222,,,-0.8919813464595487,0.45207220393230374
3409510,"Byculla, Mumbai - BMC",E,2025-10-30 00:00:00+05:30,16.0,26.9,79.0,,27.1,20.4,6.63,0.21,,,-0.8840675099433637,0.46735921715800205
3409510,"Byculla, Mumbai - BMC",E,2025-10-31 00:00:00+05:30,18.0,26.8,81.8,,33.3,12.1,6.49,0.31,,,-0.8758917051442433,0.48250774176121763
3409510,"Byculla, Mumbai - BMC",E,2025-11-01 00:00:00+05:30,16.3,27.7,81.8,,27.5,16.3,7.01,0.309,,,-0.8674563547295971,0.4975132889071803
3409510,"Byculla, Mumbai - BMC",E,2025-11-02 00:00:00+05:30,11.8,26.3,85.2,,25.4,12.8,7.04,0.108,,,-0.858763958275803,0.5123714121284235
3409510,"Byculla, Mumbai - BMC",E,2025-11-03 00:00:00+05:30,12.0,27.3,79.8,,23.2,16.5,7.27,0.264,,,-0.8498170915275277,0.5270777086423724
3409510,"Byculla, Mumbai - BMC",E,2025-11-04 00:00:00+05:30,15.4,27.7,76.4,,17.2,28.8,7.65,0.118,,,-0.8406184056344783,0.5416278206559811
3409510,"Byculla, Mumbai - BMC",E,2025-11-05 00:00:00+05:30,17.2,26.4,73.1,0.902,21.5,24.7,8.07,0.16,0.9851093261547739,0.17192910027940972,-0.8311706263658079,0.5560174366570446
3409510,"Byculla, Mumbai - BMC",E,2025-11-06 00:00:00+05:30,34.3,26.6,73.9,,31.3,38.3,9.0,0.223,,,-0.8214765533024145,0.5702422926917867
3409510,"Byculla, Mumbai - BMC",E,2025-11-07 00:00:00+05:30,53.6,27.5,68.8,,42.7,42.0,10.2,0.381,0.5446390350150273,-0.8386705679454239,-0.8115390590073611,0.5842981736283683
3409510,"Byculla, Mumbai - BMC",E,2025-11-08 00:00:00+05:30,40.5,27.0,65.6,,48.1,34.7,10.2,0.188,0.7547095802227721,-0.6560590289905072,-0.801361088174677,0.5981809144059158
3409510,"Byculla, Mumbai - BMC",E,2025-11-09 00:00:00+05:30,37.9,25.9,62.4,,44.2,32.0,9.66,0.119,0.9941509639723154,-0.10799935570602294,-0.7909456567567774,0.6118864012687242
3409510,"Byculla, Mumbai - BMC",E,2025-11-10 00:00:00+05:30,38.5,23.8,73.3,,60.5,9.72,9.77,0.503,0.90630778703665,-0.42261826174069933,-0.780295851070776,0.6254105729852457
3409510,"Byculla, Mumbai - BMC",E,2025-11-11 00:00:00+05:30,25.2,25.8,65.5,,46.3,30.3,16.2,0.938,0.5446390350150273,-0.8386705679454239,-0.7694148268839381,0.6387494220515268
3409510,"Byculla, Mumbai - BMC",E,2025-11-12 00:00:00+05:30,30.8,26.3,54.9,0.887,67.7,21.7,11.7,1.2,-0.8987940462991668,-0.43837114678907774,-0.7583058084785625,0.6518989958787125
3409510,"Byculla, Mumbai - BMC",E,2025-11-13 00:00:00+05:30,34.0,26.6,54.0,0.953,60.0,25.9,12.1,0.9,-0.22495105434386498,-0.9743700647852352,-0.7469720876965551,0.6648553979642866
3409510,"Byculla, Mumbai - BMC",E,2025-11-14 00:00:00+05:30,37.4,26.6,58.5,0.898,72.0,26.3,11.8,0.945,-0.29237170472273677,-0.9563047559630354,-0.7354170229639858,0.6776147890466887
3409510,"Byculla, Mumbai - BMC",E,2025-11-15 00:00:00+05:30,38.1,22.7,72.7,,96.7,1.5,11.5,1.14,0.8987940462991669,-0.4383711467890775,-0.7236440382959124,0.690173388242972
3409510,"Byculla, Mumbai - BMC",E,2025-11-16 00:00:00+05:30,27.2,23.9,61.8,1.02,75.1,19.6,13.9,1.13,0.5150380749100544,-0.8571673007021122,-0.711656622281775,0.7025274741691566
3409510,"Byculla, Mumbai - BMC",E,2025-11-17 00:00:00+05:30,37.1,25.3,53.2,0.763,62.5,24.1,14.3,0.848,-0.6819983600624984,-0.7313537016191706,-0.6994583270516471,0.7146733860429608
3409510,"Byculla, Mumbai - BMC",E,2025-11-18 00:00:00+05:30,43.4,22.9,59.4,0.85,78.1,16.2,15.6,1.19,-0.8987940462991668,-0.43837114678907774,-0.6870527672236675,0.7266075247685652
3409510,"Byculla, Mumbai - BMC",E,2025-11-19 00:00:00+05:30,40.7,25.6,53.7,0.796,70.5,20.1,16.1,1.01,-0.9902680687415703,-0.13917310096006583,-0.6744436188329457,0.7383263540031063
3409510,"Byculla, Mumbai - BMC",E,2025-11-20 00:00:00+05:30,43.7,25.1,54.0,0.837,102.0,19.9,12.8,0.0,-0.6156614753256582,-0.788010753606722,-0.661634618242279,0.749826401204568
3409510,"Byculla, Mumbai - BMC",E,2025-11-21 00:00:00+05:30,58.1,22.9,63.2,0.46,88.5,4.53,12.5,0.88,0.6156614753256584,-0.7880107536067219,-0.6486295610349818,0.7611042586607742
3409510,"Byculla, Mumbai - BMC",E,2025-11-22 00:00:00+05:30,54.8,28.1,58.5,0.994,93.6,33.2,15.4,1.43,-0.46947156278589086,-0.8829475928589269,-0.6354323008901775,0.7721565844991641
3409510,"Byculla, Mumbai - BMC",E,2025-11-23 00:00:00+05:30,88.1,26.6,71.1,0.875,94.8,19.4,14.7,1.38,0.06975647374412552,-0.9975640502598242,-0.622046748440868,0.7829801036770624
3409510,"Byculla, Mumbai - BMC",E,2025-11-24 00:00:00+05:30,68.6,27.1,70.9,1.06,77.5,15.2,14.7,1.17,0.3255681544571566,-0.9455185755993168,-0.6084768701151264,0.7935716089521472
3409510,"Byculla, Mumbai - BMC",E,2025-11-25 00:00:00+05:30,82.1,27.4,71.6,0.913,77.4,21.6,14.8,1.67,0.5735764363510459,-0.8191520442889919,-0.594726686960764,0.8039279618328208
3409510,"Byculla, Mumbai - BMC",E,2025-11-26 00:00:00+05:30,84.7,27.4,72.0,0.996,67.5,26.5,15.4,1.25,0.48480962024633717,-0.8746197071393957,-0.5808002734538013,0.8140460935082175
3409510,"Byculla, Mumbai - BMC",E,2025-11-27 00:00:00+05:30,78.0,27.2,67.2,0.831,63.5,26.1,16.2,1.36,-0.848048096156426,-0.529919264233205,-0.5667017562911184,0.8239230057575536
3409510,"Byculla, Mumbai - BMC",E,2025-11-28 00:00:00+05:30,76.2,26.8,67.3,0.819,83.2,22.1,16.5,1.5,-0.8090169943749473,-0.5877852522924732,-0.5524353131676203,0.8335557718385695
3409510,"Byculla, Mumbai - BMC",E,2025-11-29 00:00:00+05:30,66.2,26.0,62.4,0.7,70.6,16.8,15.1,1.16,-0.45399049973954664,-0.8910065241883679,-0.5380051715382992,0.8429415373547832
3409510,"Byculla, Mumbai - BMC",E,2025-11-30 00:00:00+05:30,51.6,24.9,55.7,0.783,63.0,21.7,15.4,1.1,-0.017452406437283637,-0.9998476951563913,-0.5234156073655503,0.8520775211013093
3409510,"Byculla, Mumbai - BMC",E,2025-12-01 00:00:00+05:30,68.3,25.4,55.6,0.749,69.4,22.3,16.7,1.26,-0.8191520442889916,-0.5735764363510464,-0.5086709438521042,0.8609610158889945
3409510,"Byculla, Mumbai - BMC",E,2025-12-02 00:00:00+05:30,93.4,23.0,72.6,0.934,,,15.3,,0.48480962024633717,-0.8746197071393957,-0.49377555015997737,0.8695893893466109
3409510,"Byculla, Mumbai - BMC",E,2025-12-04 00:00:00+05:30,65.4,27.1,55.0,0.887,97.5,15.9,16.8,1.37,-0.7431448254773944,-0.6691306063588581,-0.4635502709028512,0.8860706215341378
3409510,"Byculla, Mumbai - BMC",E,2025-12-05 00:00:00+05:30,70.6,27.4,56.4,0.65,84.0,17.9,15.3,1.24,-0.8571673007021121,-0.5150380749100544,-0.4482293417404106,0.893918596519257
3409510,"Byculla, Mumbai - BMC",E,2025-12-06 00:00:00+05:30,59.9,26.7,58.6,0.745,66.9,21.6,16.9,0.903,-0.374606593415912,-0.9271838545667874,-0.4327755925504317,0.9015016841318838
3409510,"Byculla, Mumbai - BMC",E,2025-12-07 00:00:00+05:30,60.2,26.5,58.1,0.803,64.1,27.4,18.0,1.06,-0.8290375725550418,-0.5591929034707466,-0.41719360261231697,0.9088176373395028
3409510,"Byculla, Mumbai - BMC",E,2025-12-08 00:00:00+05:30,60.9,25.8,60.6,0.827,82.2,20.0,18.3,1.51,-0.15643446504023073,-0.9876883405951378,-0.4014879892059737,0.9158642882672868
3409510,"Byculla, Mumbai - BMC",E,2025-12-09 00:00:00+05:30,49.1,25.5,53.5,0.746,97.7,15.5,17.9,1.11,-0.4067366430758002,-0.9135454576426009,-0.38566340624360745,0.9226395488404875
3409510,"Byculla, Mumbai - BMC",E,2025-12-10 00:00:00+05:30,43.6,25.3,49.4,0.829,96.2,15.4,18.1,0.21,0.45399049973954686,-0.8910065241883678,-0.3697245428906732,0.9291414114031743
3409510,"Byculla, Mumbai - BMC",E,2025-12-11 00:00:00+05:30,41.5,25.3,50.1,0.714,83.4,17.7,17.1,0.4,0.45399049973954686,-0.8910065241883678,-0.3536761221763721,0.935367949313148
3409510,"Byculla, Mumbai - BMC",E,2025-12-12 00:00:00+05:30,49.1,24.3,55.0,0.778,92.4,18.2,16.4,0.606,0.5591929034707469,-0.8290375725550416,-0.33752289959411347,0.941317317512847
3409510,"Byculla, Mumbai - BMC",E,2025-12-13 00:00:00+05:30,62.7,24.8,59.8,,99.4,25.2,16.5,0.828,,,-0.32126966169236515,0.9469877530760751
3409510,"Byculla, Mumbai - BMC",E,2025-12-14 00:00:00+05:30,66.7,25.2,59.8,0.741,108.0,17.8,17.2,0.525,-0.017452406437283637,-0.9998476951563913,-0.3049212246562894,0.9523775757303973
3409510,"Byculla, Mumbai - BMC",E,2025-12-15 00:00:00+05:30,58.4,25.2,54.6,0.763,94.1,15.7,18.5,0.977,0.2249510543438652,-0.9743700647852351,-0.2884824328806098,0.9574851883550389
3409510,"Byculla, Mumbai - BMC",E,2025-12-16 00:00:00+05:30,55.9,25.4,53.9,0.649,76.9,23.7,18.2,0.0958,-0.587785252292473,-0.8090169943749475,-0.27195815753410524,0.9623090774541487
3409510,"Byculla, Mumbai - BMC",E,2025-12-17 00:00:00+05:30,67.0,25.7,55.6,0.75,95.6,22.6,19.3,0.879,-0.2588190451025208,-0.9659258262890683,-0.2553532951161881,0.9668478136052773
3409510,"Byculla, Mumbai - BMC",E,2025-12-18 00:00:00+05:30,72.7,26.3,56.5,0.637,91.0,21.2,18.1,0.511,0.838670567945424,-0.5446390350150271,-0.23867276600594997,0.9711000518829505
3409510,"Byculla, Mumbai - BMC",E,2025-12-19 00:00:00+05:30,68.0,26.3,55.6,0.81,59.1,29.2,19.8,0.0,-0.06975647374412527,-0.9975640502598242,-0.22192151300416674,0.9750645322571945
3409510,"Byculla, Mumbai - BMC",E,2025-12-20 00:00:00+05:30,45.5,26.7,50.6,0.773,83.0,24.1,19.7,0.342,0.05233595624294381,-0.9986295347545738,-0.20510449986861926,0.9787400799669153
3409510,"Byculla, Mumbai - BMC",E,2025-12-21 00:00:00+05:30,38.6,25.2,51.7,0.663,80.7,15.2,18.3,0.454,0.0871557427476582,-0.9961946980917455,-0.1882267098432439,0.9821256058680006
3409510,"Byculla, Mumbai - BMC",E,2025-12-22 00:00:00+05:30,54.0,24.6,55.7,0.717,89.4,14.8,18.4,0.705,0.2923717047227366,-0.9563047559630355,-0.1712931441814778,0.9852201067560606
3409510,"Byculla, Mumbai - BMC",E,2025-12-23 00:00:00+05:30,53.4,25.1,54.5,0.71,86.6,17.7,19.9,0.272,0.5150380749100544,-0.8571673007021122,-0.154308820664281,0.9880226656636976
3409510,"Byculla, Mumbai - BMC",E,2025-12-24 00:00:00+05:30,38.1,25.2,53.8,0.692,80.7,15.0,19.2,0.261,0.7431448254773942,-0.6691306063588582,-0.13727877211326517,0.9905324521322227
3409510,"Byculla, Mumbai - BMC",E,2025-12-25 00:00:00+05:30,55.1,27.7,42.0,0.607,,13.8,18.6,0.45,-0.5000000000000001,-0.8660254037844386,-0.12020804489935275,0.9927487224577402
3409510,"Byculla, Mumbai - BMC",E,2025-12-27 00:00:00+05:30,56.1,26.6,55.1,0.817,75.3,30.3,20.7,0.655,0.8829475928589269,-0.4694715627858909,-0.0859647987374467,0.9962981749346077
3409510,"Byculla, Mumbai - BMC",E,2025-12-28 00:00:00+05:30,76.0,24.1,64.9,,97.4,10.2,19.5,1.1,0.49999999999999994,-0.8660254037844387,-0.06880242680232064,0.9976303053065857
3409510,"Byculla, Mumbai - BMC",E,2025-12-29 00:00:00+05:30,73.2,25.8,56.9,,68.1,30.4,20.5,0.386,0.7431448254773942,-0.6691306063588582,-0.05161966722325418,0.9986668162884759
3409510,"Byculla, Mumbai - BMC",E,2025-12-30 00:00:00+05:30,82.0,24.5,63.7,,92.3,22.8,20.5,1.07,0.9048270524660196,0.42577929156507266,-0.034421611622745804,0.9994074007397048
3409510,"Byculla, Mumbai - BMC",E,2025-12-31 00:00:00+05:30,79.8,24.3,69.8,,89.6,17.9,20.5,0.981,,,-0.01721335615583528,0.9998518392091162
3409510,"Byculla, Mumbai - BMC",E,2026-01-01 00:00:00+05:30,38.3,24.7,73.3,,57.4,11.4,20.0,0.0674,0.10452846326765373,-0.9945218953682733,0.0,1.0
3409510,"Byculla, Mumbai - BMC",E,2026-01-02 00:00:00+05:30,59.1,23.9,78.0,0.913,68.3,12.4,20.0,1.25,0.48480962024633717,-0.8746197071393957,0.017213356155834685,0.9998518392091162
3409510,"Byculla, Mumbai - BMC",E,2026-01-03 00:00:00+05:30,65.6,24.7,71.3,0.798,78.4,12.3,19.6,0.867,0.37460659341591224,-0.9271838545667873,0.03442161162274574,0.9994074007397048
3409510,"Byculla, Mumbai - BMC",E,2026-01-04 00:00:00+05:30,88.5,25.3,70.2,0.747,69.0,13.1,19.1,0.753,-0.8987940462991668,-0.43837114678907774,0.051619667223253764,0.998666816288476
3409510,"Byculla, Mumbai - BMC",E,2026-01-05 00:00:00+05:30,72.5,25.8,64.7,0.789,69.7,17.0,19.3,0.684,0.9135454576426009,-0.40673664307580026,0.06880242680231986,0.9976303053065857
3409510,"Byculla, Mumbai - BMC",E,2026-01-06 00:00:00+05:30,77.8,25.7,67.5,0.788,70.2,17.3,20.0,0.724,0.20791169081775931,-0.9781476007338057,0.08596479873744647,0.9962981749346078
3409510,"Byculla, Mumbai - BMC",E,2026-01-07 00:00:00+05:30,88.6,25.2,64.4,0.763,82.4,20.4,20.7,1.12,0.5735764363510459,-0.8191520442889919,0.10310169744743485,0.9946708199115211
3409510,"Byculla, Mumbai - BMC",E,2026-01-08 00:00:00+05:30,58.9,24.7,58.1,0.822,71.8,26.3,18.5,0.921,0.998134798421867,-0.06104853953485678,0.1202080448993527,0.9927487224577402
3409510,"Byculla, Mumbai - BMC",E,2026-01-09 00:00:00+05:30,58.5,24.4,55.2,,65.6,,3.77,0.83,0.06975647374412552,-0.9975640502598242,0.13727877211326478,0.9905324521322229
3409510,"Byculla, Mumbai - BMC",E,2026-01-10 00:00:00+05:30,62.3,24.7,52.6,0.514,56.6,24.5,2.61,0.588,-0.5150380749100542,-0.8571673007021123,0.15430882066428117,0.9880226656636976
3409510,"Byculla, Mumbai - BMC",E,2026-01-20 00:00:00+05:30,46.6,22.5,71.6,0.816,66.7,15.9,3.34,1.21,0.5591929034707469,-0.8290375725550416,0.3212696616923644,0.9469877530760753
3409510,"Byculla, Mumbai - BMC",E,2026-01-21 00:00:00+05:30,68.8,25.1,65.5,0.735,78.3,16.3,2.76,1.67,-0.08715574274765794,-0.9961946980917455,0.3375228995941133,0.9413173175128471
3409510,"Byculla, Mumbai - BMC",E,2026-01-22 00:00:00+05:30,70.1,25.4,67.1,0.708,66.8,19.2,3.4,1.54,0.4383711467890773,-0.898794046299167,0.3536761221763716,0.9353679493131483
3409510,"Byculla, Mumbai - BMC",E,2026-01-23 00:00:00+05:30,42.4,24.6,72.1,0.712,37.8,16.4,3.07,0.668,-0.5000000000000001,-0.8660254037844386,0.3697245428906731,0.9291414114031743
3409510,"Byculla, Mumbai - BMC",E,2026-01-24 00:00:00+05:30,33.8,24.0,63.4,0.755,52.6,15.1,0.761,0.579,-0.7071067811865475,-0.7071067811865477,0.38566340624360707,0.9226395488404876
3409510,"Byculla, Mumbai - BMC",E,2026-01-25 00:00:00+05:30,54.0,24.4,68.0,0.784,66.4,17.8,1.97,1.25,0.03489949670250114,-0.9993908270190958,0.401487989205973,0.9158642882672872
3409510,"Byculla, Mumbai - BMC",E,2026-01-26 00:00:00+05:30,66.4,25.6,69.5,0.683,59.7,24.8,3.09,1.68,0.10452846326765373,-0.9945218953682733,0.4171936026123168,0.9088176373395029
3409510,"Byculla, Mumbai - BMC",E,2026-01-27 00:00:00+05:30,6.48,24.7,74.2,0.698,25.5,22.4,2.06,0.611,-0.35836794954530043,-0.9335804264972017,0.4327755925504312,0.901501684131884
3409510,"Byculla, Mumbai - BMC",E,2026-01-28 00:00:00+05:30,17.6,24.3,63.3,0.632,37.4,20.4,2.15,0.621,-0.8571673007021121,-0.5150380749100544,0.4482293417404106,0.893918596519257
3409510,"Byculla, Mumbai - BMC",E,2026-01-29 00:00:00+05:30,48.4,25.2,59.4,0.689,70.0,16.7,1.28,1.5,-0.5299192642332048,-0.8480480961564261,0.4635502709028509,0.886070621534138
3409510,"Byculla, Mumbai - BMC",E,2026-01-30 00:00:00+05:30,66.6,26.0,71.3,0.743,63.3,15.5,2.33,1.7,0.0871557427476582,-0.9961946980917455,0.47873384011578846,0.8779600847008882
3409510,"Byculla, Mumbai - BMC",E,2026-01-31 00:00:00+05:30,53.0,25.6,77.1,0.812,41.9,13.8,2.01,1.06,0.5591929034707469,-0.8290375725550416,0.49377555015997715,0.869589389346611
3409510,"Byculla, Mumbai - BMC",E,2026-02-01 00:00:00+05:30,65.3,26.1,69.3,1.0,51.4,20.2,2.45,1.4,0.766044443118978,-0.6427876096865394,0.5086709438521044,0.8609610158889943
3409510,"Byculla, Mumbai - BMC",E,2026-02-02 00:00:00+05:30,81.1,26.5,63.8,0.981,59.4,21.1,1.4,1.58,0.7431448254773942,-0.6691306063588582,0.5234156073655503,0.8520775211013093
3409510,"Byculla, Mumbai - BMC",E,2026-02-03 00:00:00+05:30,81.4,26.1,63.8,0.93,74.0,13.2,2.09,1.18,0.20791169081775931,-0.9781476007338057,0.5380051715382996,0.8429415373547828
3409510,"Byculla, Mumbai - BMC",E,2026-02-04 00:00:00+05:30,72.3,28.9,48.9,0.861,53.0,31.3,1.12,1.26,0.6018150231520482,-0.7986355100472929,0.5524353131676196,0.8335557718385699
3409510,"Byculla, Mumbai - BMC",E,2026-02-05 00:00:00+05:30,60.9,27.5,54.2,0.876,54.8,21.5,4.77,1.46,0.4226182617406995,-0.9063077870366499,0.5667017562911176,0.8239230057575542
3409510,"Byculla, Mumbai - BMC",E,2026-02-06 00:00:00+05:30,77.7,26.1,56.3,0.921,78.1,10.0,1.59,1.83,0.2249510543438652,-0.9743700647852351,0.5808002734538009,0.8140460935082178
3409510,"Byculla, Mumbai - BMC",E,2026-02-07 00:00:00+05:30,62.8,28.2,47.6,0.893,63.6,30.6,0.643,1.33,0.3583679495453002,-0.9335804264972017,0.5947266869607634,0.8039279618328213
3409510,"Byculla, Mumbai - BMC",E,2026-02-08 00:00:00+05:30,50.6,24.7,55.5,0.949,83.9,10.8,2.91,1.91,-0.9998476951563913,-0.017452406437283498,0.6084768701151261,0.7935716089521474
3409510,"Byculla, Mumbai - BMC",E,2026-02-09 00:00:00+05:30,62.0,26.4,61.9,0.966,64.7,20.4,1.3,1.45,0.05233595624294381,-0.9986295347545738,0.6220467484408675,0.7829801036770629
3409510,"Byculla, Mumbai - BMC",E,2026-02-10 00:00:00+05:30,49.7,25.8,62.7,0.856,52.8,22.1,1.46,1.09,-0.35836794954530043,-0.9335804264972017,0.6354323008901774,0.7721565844991642
3409510,"Byculla, Mumbai - BMC",E,2026-02-11 00:00:00+05:30,45.2,28.1,57.6,1.01,35.1,28.4,1.7,0.88,-0.6427876096865396,0.7660444431189778,0.6486295610349814,0.7611042586607747
3409510,"Byculla, Mumbai - BMC",E,2026-02-12 00:00:00+05:30,65.9,29.8,50.2,0.953,61.8,36.3,0.0,1.65,0.24192189559966773,-0.9702957262759965,0.6616346182422783,0.7498264012045686
3409510,"Byculla, Mumbai - BMC",E,2026-02-13 00:00:00+05:30,55.4,28.4,58.7,0.791,48.1,34.0,2.64,1.37,0.45399049973954686,-0.8910065241883678,0.6744436188329455,0.7383263540031065
3409510,"Byculla, Mumbai - BMC",E,2026-02-14 00:00:00+05:30,63.9,27.2,61.7,0.952,81.2,23.8,1.24,2.07,0.39073112848927377,-0.9205048534524404,0.6870527672236669,0.7266075247685656
3409510,"Byculla, Mumbai - BMC",E,2026-02-15 00:00:00+05:30,44.1,27.6,62.1,0.947,68.8,19.2,2.42,1.76,0.4226182617406995,-0.9063077870366499,0.699458327051647,0.7146733860429609
3409510,"Byculla, Mumbai - BMC",E,2026-02-16 00:00:00+05:30,30.5,24.5,60.9,0.944,88.1,1.79,0.368,2.41,0.984807753012208,-0.1736481776669303,0.7116566222817746,0.7025274741691571
3409510,"Byculla, Mumbai - BMC",E,2026-02-17 00:00:00+05:30,12.1,27.7,59.8,0.853,31.1,27.8,0.767,0.84,-0.6156614753256582,-0.788010753606722,0.7236440382959124,0.6901733882429719
3409510,"Byculla, Mumbai - BMC",E,2026-02-18 00:00:00+05:30,6.26,26.5,65.1,0.867,27.5,15.6,2.11,0.664,0.5591929034707469,-0.8290375725550416,0.7354170229639855,0.6776147890466889
3409510,"Byculla, Mumbai - BMC",E,2026-02-19 00:00:00+05:30,20.7,26.4,69.4,1.12,37.4,25.9,3.2,1.12,0.9985366703262117,-0.054078812984775196,0.7469720876965552,0.6648553979642865
3409510,"Byculla, Mumbai - BMC",E,2026-02-20 00:00:00+05:30,28.0,27.0,71.6,0.93,47.6,22.0,0.933,1.53,0.9205048534524403,-0.3907311284892738,0.7583058084785624,0.6518989958787126
3409510,"Byculla, Mumbai - BMC",E,2026-02-21 00:00:00+05:30,35.0,28.6,59.9,,82.6,17.0,1.14,2.36,-0.5000000000000001,-0.8660254037844386,0.7694148268839378,0.6387494220515272
3409510,"Byculla, Mumbai - BMC",E,2026-02-22 00:00:00+05:30,24.0,26.0,70.8,,66.3,3.98,0.546,2.15,,,0.7802958510707755,0.6254105729852463
3409510,"Byculla, Mumbai - BMC",E,2026-02-23 00:00:00+05:30,17.8,27.6,60.2,0.903,61.2,20.5,1.61,1.85,0.39073112848927377,-0.9205048534524404,0.7909456567567772,0.6118864012687243
3409510,"Byculla, Mumbai - BMC",E,2026-02-24 00:00:00+05:30,13.3,26.9,68.3,,48.4,18.7,3.04,1.44,0.5299192642332049,-0.848048096156426,0.8013610881746766,0.5981809144059165
3409510,"Byculla, Mumbai - BMC",E,2026-02-25 00:00:00+05:30,13.6,25.0,74.4,1.12,60.9,10.5,0.455,1.66,0.7804304073383297,0.6252426563357052,0.8115390590073611,0.5842981736283684
3409510,"Byculla, Mumbai - BMC",E,2026-02-26 00:00:00+05:30,8.42,26.0,67.0,0.853,27.0,8.66,2.74,0.483,0.9455185755993168,-0.32556815445715664,0.8214765533024142,0.5702422926917871
3409510,"Byculla, Mumbai - BMC",E,2026-02-27 00:00:00+05:30,9.45,26.2,63.0,0.938,28.4,10.6,0.767,0.768,0.9640954042341101,0.265556117486809,0.8311706263658079,0.5560174366570446
3409510,"Byculla, Mumbai - BMC",E,2026-02-28 00:00:00+05:30,10.6,27.2,54.0,0.961,27.0,33.4,1.08,0.949,0.9225380894562464,0.3859060423243187,0.8406184056344782,0.5416278206559814
3409510,"Byculla, Mumbai - BMC",E,2026-03-01 00:00:00+05:30,24.1,25.9,64.3,1.02,37.0,27.3,1.38,2.73,0.8633955506067716,0.5045276238150193,0.8498170915275278,0.5270777086423722
3409510,"Byculla, Mumbai - BMC",E,2026-03-02 00:00:00+05:30,24.4,26.2,66.2,1.01,38.3,25.1,0.233,,0.9547607995027975,0.2973748740777859,0.8587639582758029,0.5123714121284237
3409510,"Byculla, Mumbai - BMC",E,2026-03-03 00:00:00+05:30,37.4,27.2,65.5,0.93,41.7,38.8,2.29,,0.5591929034707469,-0.8290375725550416,0.8674563547295969,0.49751328890718066
3409510,"Byculla, Mumbai - BMC",E,2026-03-04 00:00:00+05:30,28.7,27.9,67.5,0.974,49.6,27.2,0.978,,0.7431448254773942,-0.6691306063588582,0.8758917051442429,0.48250774176121847
3409510,"Byculla, Mumbai - BMC",E,2026-03-05 00:00:00+05:30,46.6,26.1,,0.908,,,,,0.9612616959383189,-0.27563735581699905,0.8840675099433636,0.4673592171580022
3409510,"Byculla, Mumbai - BMC",E,2026-03-06 00:00:00+05:30,52.3,32.0,43.6,0.847,30.8,67.5,0.543,0.124,-0.13917310096006552,-0.9902680687415703,0.8919813464595485,0.45207220393230435
3409510,"Byculla, Mumbai - BMC",E,2026-03-07 00:00:00+05:30,36.9,25.4,77.1,,,,0.485,,,,0.8996308696522433,0.43665123195606403
3409510,"Byculla, Mumbai - BMC",E,2026-03-08 00:00:00+05:30,67.7,,,1.11,,,,,0.01535829357495292,0.9998820544536569,0.9070138128026359,0.4211008707960896
3409510,"Byculla, Mumbai - BMC",E,2026-03-09 00:00:00+05:30,121.0,,,,,,,,,,0.9141279881853337,0.40542572835999735
3409510,"Byculla, Mumbai - BMC",E,2026-03-10 00:00:00+05:30,61.1,30.9,42.7,0.912,67.9,60.5,0.0292,1.59,0.9998157121216442,0.01919744239968964,0.9209712877166346,0.38963044953078796
3409510,"Byculla, Mumbai - BMC",E,2026-03-11 00:00:00+05:30,71.7,27.1,65.4,0.893,,0.0,0.0,3.07,-0.7986355100472928,-0.6018150231520483,0.9275416835791966,0.37371971479046906
3409510,"Byculla, Mumbai - BMC",E,2026-03-12 00:00:00+05:30,56.5,30.1,68.8,0.94,42.7,33.1,1.0,1.26,0.6156614753256584,-0.7880107536067219,0.9338372288229252,0.35769823883312546
3409510,"Byculla, Mumbai - BMC",E,2026-03-13 00:00:00+05:30,57.3,29.0,63.5,0.919,43.7,32.5,0.157,1.4,-0.17364817766693047,-0.984807753012208,0.9398560579418954,0.3415707691678556
3409510,"Byculla, Mumbai - BMC",E,2026-03-14 00:00:00+05:30,32.2,28.7,60.5,,32.1,21.2,1.34,0.888,,,0.9455963874271426,0.3253420847119801
3409510,"Byculla, Mumbai - BMC",E,2026-03-15 00:00:00+05:30,21.5,27.9,67.4,0.95,26.3,13.5,0.188,0.715,0.9568135840576074,0.2907021935982526,0.9510565162951535,0.30901699437494745
3409510,"Byculla, Mumbai - BMC",E,2026-03-16 00:00:00+05:30,13.5,27.6,66.8,0.833,20.9,14.4,0.291,0.644,0.9999939076577904,0.0034906514152237985,0.9562348265919056,0.29260033563334836
3409510,"Byculla, Mumbai - BMC",E,2026-03-17 00:00:00+05:30,19.2,27.4,66.0,0.855,26.9,15.4,0.768,0.78,0.9455185755993168,-0.32556815445715664,0.9611297838723007,0.27609697309746883
3409510,"Byculla, Mumbai - BMC",E,2026-03-18 00:00:00+05:30,22.1,27.1,64.7,0.933,33.8,18.2,0.121,0.922,0.8910065241883679,-0.45399049973954675,0.9657399376548549,0.2595117970697999
3409510,"Byculla, Mumbai - BMC",E,2026-03-19 00:00:00+05:30,18.6,27.2,64.2,0.763,29.0,14.0,0.398,1.04,0.9868557164068074,-0.16160382110336097,0.9700639218515071,0.2428497220959356
3409510,"Byculla, Mumbai - BMC",E,2026-03-20 00:00:00+05:30,20.6,27.6,60.6,0.743,28.7,15.8,0.593,0.975,-0.2419218955996675,-0.9702957262759965,0.9741004551724205,0.22611568550828828
3409510,"Byculla, Mumbai - BMC",E,2026-03-21 00:00:00+05:30,22.7,31.5,48.3,0.36,24.7,30.9,0.0,0.94,-0.5299192642332048,-0.8480480961564261,0.9778483415056568,0.20931464596304847
3409510,"Byculla, Mumbai - BMC",E,2026-03-22 00:00:00+05:30,41.6,29.6,49.1,0.754,41.5,45.5,0.316,1.44,0.49999999999999994,-0.8660254037844387,0.9813064702716093,0.19245158197082998
3409510,"Byculla, Mumbai - BMC",E,2026-03-23 00:00:00+05:30,53.1,28.9,50.8,0.919,55.4,35.5,1.25,1.85,0.9396926207859084,-0.3420201433256687,0.9844738167520922,0.1755314904214282
3409510,"Byculla, Mumbai - BMC",E,2026-03-24 00:00:00+05:30,43.4,29.7,57.8,0.833,35.8,42.0,1.79,1.39,0.5877852522924732,-0.8090169943749473,0.9873494423939864,0.15855938510313475
3409510,"Byculla, Mumbai - BMC",E,2026-03-25 00:00:00+05:30,29.1,29.2,64.9,0.82,25.9,29.3,3.05,1.04,0.17364817766693028,-0.984807753012208,0.989932495087353,0.141540295217043
3409510,"Byculla, Mumbai - BMC",E,2026-03-26 00:00:00+05:30,31.2,29.8,59.8,0.797,32.9,35.1,2.21,1.22,0.19080899537654497,-0.981627183447664,0.9922222094179323,0.12447926388678915
3409510,"Byculla, Mumbai - BMC",E,2026-03-27 00:00:00+05:30,38.0,30.3,55.9,0.805,36.8,34.6,1.09,1.32,-0.08715574274765794,-0.9961946980917455,0.994217906893952,0.10738134666416309
3409510,"Byculla, Mumbai - BMC",E,2026-03-28 00:00:00+05:30,14.5,28.8,69.0,0.785,20.8,15.6,2.22,0.918,0.9929655081065369,0.11840396830650095,0.995918996147179,0.09025161003104117
3409510,"Byculla, Mumbai - BMC",E,2026-03-29 00:00:00+05:30,7.35,28.4,68.6,0.843,18.2,8.28,2.55,0.943,0.8480480961564261,-0.5299192642332048,0.9973249731081555,0.07309512989807777
3409510,"Byculla, Mumbai - BMC",E,2026-03-30 00:00:00+05:30,9.95,28.8,69.1,0.761,19.1,13.4,3.12,0.934,0.6427876096865395,-0.7660444431189779,0.9984354211555643,0.055916990100603484
3409510,"Byculla, Mumbai - BMC",E,2026-03-31 00:00:00+05:30,3.52,29.0,65.2,0.716,15.2,8.72,4.7,0.847,0.9455185755993168,-0.32556815445715664,0.9992500112396835,0.03872228089217446
3409510,"Byculla, Mumbai - BMC",E,2026-04-01 00:00:00+05:30,7.35,28.3,66.6,0.693,15.6,17.8,4.05,0.882,0.9563047559630355,-0.29237170472273666,0.9997685019798909,0.021516097436222254
3409510,"Byculla, Mumbai - BMC",E,2026-04-02 00:00:00+05:30,8.19,27.8,65.4,0.661,18.7,23.6,5.07,0.948,0.15643446504023098,-0.9876883405951377,0.9999907397361901,0.004303538296244289
3409510,"Byculla, Mumbai - BMC",E,2026-04-03 00:00:00+05:30,23.7,28.2,62.6,0.784,24.8,23.7,20.1,1.01,0.6560590289905073,-0.754709580222772,0.9999166586547379,-0.01291029607500882
3409510,"Byculla, Mumbai - BMC",E,2026-04-04 00:00:00+05:30,11.3,28.3,65.2,0.763,15.4,,,0.706,0.6560590289905073,-0.754709580222772,0.9995462806873573,-0.030120304846908114
3409510,"Byculla, Mumbai - BMC",E,2026-04-05 00:00:00+05:30,8.65,28.0,62.0,0.723,9.93,25.7,4.85,0.642,0.6946583704589971,-0.7193398003386513,0.9988797155850336,-0.04732138832243185
3409510,"Byculla, Mumbai - BMC",E,2026-04-06 00:00:00+05:30,10.2,27.7,59.9,0.7,13.3,30.7,3.55,0.723,0.4694715627858907,-0.882947592858927,0.9979171608653922,-0.06450844944931623
3409510,"Byculla, Mumbai - BMC",E,2026-04-07 00:00:00+05:30,9.87,28.1,63.1,0.625,12.4,25.8,2.48,0.734,0.9659258262890683,-0.25881904510252085,0.9966589017541702,-0.08167639533042241
3409510,"Byculla, Mumbai - BMC",E,2026-04-08 00:00:00+05:30,14.3,29.2,65.1,0.676,11.6,12.4,5.42,0.789,0.6293203910498374,-0.7771459614569709,0.9951053111006976,-0.09882013873287143
3409510,"Byculla, Mumbai - BMC",E,2026-04-09 00:00:00+05:30,15.2,29.0,60.6,0.767,13.1,16.2,3.37,0.787,0.06975647374412552,-0.9975640502598242,0.9932568492674143,-0.11593459959550041
3409510,"Byculla, Mumbai - BMC",E,2026-04-10 00:00:00+05:30,29.4,29.1,60.3,0.804,21.7,23.3,3.46,0.978,0.5446390350150273,-0.8386705679454239,0.9911140639934547,-0.1330147065341959
3409510,"Byculla, Mumbai - BMC",E,2026-04-11 00:00:00+05:30,36.3,29.8,66.2,0.848,15.7,40.3,5.61,0.931,0.9271838545667874,-0.37460659341591207,0.9886775902323405,-0.1500553983446526
3409510,"Byculla, Mumbai - BMC",E,2026-04-12 00:00:00+05:30,35.1,29.4,69.8,0.87,21.7,27.0,3.42,1.11,0.7193398003386511,-0.6946583704589974,0.9859481499638304,-0.16705162550211924
3409510,"Byculla, Mumbai - BMC",E,2026-04-13 00:00:00+05:30,27.5,29.3,70.2,0.753,16.4,20.5,3.62,1.01,0.5877852522924732,-0.8090169943749473,0.9829265519799822,-0.18399835165768005
3409510,"Byculla, Mumbai - BMC",E,2026-04-14 00:00:00+05:30,33.1,29.8,68.1,0.826,21.4,25.6,3.36,1.02,-0.06975647374412527,-0.9975640502598242,0.9796136916454901,-0.20089055513063506
3409510,"Byculla, Mumbai - BMC",E,2026-04-15 00:00:00+05:30,14.9,29.4,67.9,0.826,12.8,24.4,5.01,0.902,0.24192189559966773,-0.9702957262759965,0.9760105506323683,-0.21772323039653177
3409510,"Byculla, Mumbai - BMC",E,2026-04-16 00:00:00+05:30,10.8,28.3,67.3,0.907,12.5,25.5,5.52,0.867,0.15643446504023098,-0.9876883405951377,0.9721181966290613,-0.23449138957040985
3409510,"Byculla, Mumbai - BMC",E,2026-04-17 00:00:00+05:30,13.6,28.6,70.0,0.825,19.2,20.8,2.23,0.995,-0.13917310096006552,-0.9902680687415703,0.9679377830240642,-0.25119006388481935
3409510,"Byculla, Mumbai - BMC",E,2026-04-18 00:00:00+05:30,19.5,29.7,69.5,0.758,19.0,26.0,3.73,1.13,-0.17364817766693047,-0.984807753012208,0.9634705485641488,-0.2678143051621742
3409510,"Byculla, Mumbai - BMC",E,2026-04-19 00:00:00+05:30,24.0,29.7,63.9,0.784,17.5,23.2,2.58,1.11,0.3420201433256689,-0.9396926207859083,0.9587178169872964,-0.2843591872810034
3409510,"Byculla, Mumbai - BMC",E,2026-04-20 00:00:00+05:30,16.8,29.2,68.5,0.689,14.7,27.4,3.37,1.02,0.258819045102521,-0.9659258262890682,0.9536809966304457,-0.30081980763566735
3409510,"Byculla, Mumbai - BMC",E,2026-04-21 00:00:00+05:30,27.1,29.8,66.8,0.752,21.1,27.2,3.81,1.17,-0.48480962024633695,-0.8746197071393959,0.9483615800121715,-0.3171912885891061
3409510,"Byculla, Mumbai - BMC",E,2026-04-22 00:00:00+05:30,22.7,29.5,66.1,0.779,19.9,23.3,5.57,1.11,1.2246467991473532e-16,-1.0,0.9427611433904207,-0.3334687789181868
3409510,"Byculla, Mumbai - BMC",E,2026-04-23 00:00:00+05:30,24.0,30.1,64.3,0.697,22.7,32.2,2.08,1.28,-0.7313537016191705,-0.6819983600624986,0.9368813462954315,-0.3496474552512284
3409510,"Byculla, Mumbai - BMC",E,2026-04-24 00:00:00+05:30,25.3,30.8,65.9,0.557,21.3,21.5,4.22,1.21,-0.8191520442889916,-0.5735764363510464,0.9307239310379795,-0.36572252349726897
3409510,"Byculla, Mumbai - BMC",E,2026-04-25 00:00:00+05:30,27.0,30.7,62.8,0.757,27.3,23.4,3.64,1.42,-0.9455185755993168,-0.32556815445715664,0.9242907221930933,-0.3816892202666588
3409510,"Byculla, Mumbai - BMC",E,2026-04-26 00:00:00+05:30,24.4,30.7,66.2,0.639,18.5,17.6,1.27,1.26,-0.2079116908177595,-0.9781476007338056,0.9175836260593937,-0.39754281428255595
3409510,"Byculla, Mumbai - BMC",E,2026-04-27 00:00:00+05:30,16.4,30.0,69.9,0.628,14.6,14.0,4.87,1.29,-0.6156614753256582,-0.788010753606722,0.9106046300942162,-0.4132786077829042
3409510,"Byculla, Mumbai - BMC",E,2026-04-28 00:00:00+05:30,17.2,30.0,69.1,0.655,15.1,10.5,3.34,1.27,-0.6427876096865393,-0.766044443118978,0.9033558023246845,-0.4288919379124835
3409510,"Byculla, Mumbai - BMC",E,2026-04-29 00:00:00+05:30,16.4,30.0,69.3,0.689,18.0,8.31,3.15,1.3,-0.656059028990507,-0.7547095802227721,0.895839290734909,-0.4443781781046132
3409510,"Byculla, Mumbai - BMC",E,2026-04-30 00:00:00+05:30,14.1,29.9,68.6,0.526,16.1,10.1,4.5,1.0,-0.5446390350150271,-0.838670567945424,0.8880573226294932,-0.45973273945210397
3409510,"Byculla, Mumbai - BMC",E,2026-05-01 00:00:00+05:30,17.8,30.3,65.9,0.361,13.1,11.5,3.02,0.811,0.258819045102521,-0.9659258262890682,0.8800122039735357,-0.47495107206704995
3409510,"Byculla, Mumbai - BMC",E,2026-05-02 00:00:00+05:30,17.3,30.2,65.8,0.457,12.9,12.0,3.27,0.799,-0.8191520442889916,-0.5735764363510464,0.8717063187093218,-0.4900286664290592
3409510,"Byculla, Mumbai - BMC",E,2026-05-03 00:00:00+05:30,20.2,30.5,65.9,0.418,12.6,11.6,3.71,0.866,-0.06975647374412527,-0.9975640502598242,0.8631421280499114,-0.5049610547215204
3409510,"Byculla, Mumbai - BMC",E,2026-05-04 00:00:00+05:30,18.1,30.7,63.4,0.342,13.3,9.3,2.16,0.878,0.12186934340514755,-0.992546151641322,0.854322169749827,-0.5197438121555155
3409510,"Byculla, Mumbai - BMC",E,2026-05-05 00:00:00+05:30,17.0,31.2,62.2,0.46,11.0,11.2,5.28,0.794,0.03489949670250114,-0.9993908270190958,0.8452490573530633,-0.5343725582809786
3409510,"Byculla, Mumbai - BMC",E,2026-05-06 00:00:00+05:30,22.2,32.3,58.6,0.498,7.76,17.4,2.63,0.693,-0.19080899537654472,-0.981627183447664,0.8359254794186372,-0.548842958284719
3409510,"Byculla, Mumbai - BMC",E,2026-05-07 00:00:00+05:30,18.3,31.1,65.8,0.669,11.3,16.0,25.1,0.677,-0.7986355100472928,-0.6018150231520483,0.8263541987239096,-0.5631507242749186
3409510,"Byculla, Mumbai - BMC",E,2026-05-08 00:00:00+05:30,96.9,31.1,67.3,0.572,14.2,21.3,3.59,0.358,-0.9563047559630353,-0.2923717047227371,0.8165380514459161,-0.5772916165517272
3409510,"Byculla, Mumbai - BMC",E,2026-05-09 00:00:00+05:30,319.0,31.3,66.3,0.699,15.7,22.4,2.25,0.379,-0.7193398003386512,-0.6946583704589973,0.8064799463209448,-0.5912614448635781
3409510,"Byculla, Mumbai - BMC",E,2026-05-10 00:00:00+05:30,35.0,31.1,65.5,0.773,17.1,25.4,2.86,0.456,-0.9876883405951377,-0.15643446504023104,0.7961828637826158,-0.6050560696488488
3409510,"Byculla, Mumbai - BMC",E,2026-05-11 00:00:00+05:30,37.0,31.5,65.5,0.648,14.8,25.1,3.63,0.399,-0.8191520442889916,-0.5735764363510464,0.7856498550787147,-0.6186714032625031
3409510,"Byculla, Mumbai - BMC",E,2026-05-12 00:00:00+05:30,28.6,30.6,67.1,0.73,11.0,20.7,1.66,0.37,-0.46947156278589086,-0.8829475928589269,0.7748840413670407,-0.6321034111873487
3409510,"Byculla, Mumbai - BMC",E,2026-05-13 00:00:00+05:30,34.3,31.0,67.2,0.567,11.4,18.3,2.96,0.62,0.3090169943749475,-0.9510565162951535,0.7638886127905428,-0.6453481132295501
3409510,"Byculla, Mumbai - BMC",E,2026-05-14 00:00:00+05:30,23.8,30.8,67.4,0.665,9.4,18.8,2.45,1.03,0.2249510543438652,-0.9743700647852351,0.7526668275320085,-0.6584015846980488
3409510,"Byculla, Mumbai - BMC",E,2026-05-15 00:00:00+05:30,19.6,30.7,67.0,0.527,8.41,15.3,2.83,0.811,-0.29237170472273677,-0.9563047559630354,0.7412220108485958,-0.6712599575675313
3409510,"Byculla, Mumbai - BMC",E,2026-05-16 00:00:00+05:30,19.4,30.8,66.0,0.513,7.42,14.7,4.34,0.674,-0.48480962024633695,-0.8746197071393959,0.7295575540864875,-0.6839194216246106
3409510,"Byculla, Mumbai - BMC",E,2026-05-17 00:00:00+05:30,17.7,30.7,67.9,0.557,6.57,16.4,2.71,0.643,-0.4067366430758002,-0.9135454576426009,0.717676913675962,-0.6963762255968722
3409510,"Byculla, Mumbai - BMC",E,2026-05-18 00:00:00+05:30,25.9,30.7,69.0,0.619,10.4,17.8,1.02,0.723,-0.2419218955996675,-0.9702957262759965,0.705583610107178,-0.7086266782644596
3409510,"Byculla, Mumbai - BMC",E,2026-05-19 00:00:00+05:30,19.3,30.2,67.3,0.578,9.53,20.5,3.97,0.607,0.10452846326765373,-0.9945218953682733,0.6932812268869777,-0.7206671495538609
3409510,"Byculla, Mumbai - BMC",E,2026-05-20 00:00:00+05:30,7.64,30.6,64.5,0.561,10.2,17.8,1.5,0.552,0.06975647374412552,-0.9975640502598242,0.6807734094770161,-0.7324940716135789
3409510,"Byculla, Mumbai - BMC",E,2026-05-21 00:00:00+05:30,8.7,31.1,65.2,0.613,9.11,17.4,2.41,0.517,0.20791169081775931,-0.9781476007338057,0.6680638642135335,-0.7441039398713607
3409510,"Byculla, Mumbai - BMC",E,2026-05-22 00:00:00+05:30,13.0,31.3,65.8,0.545,13.2,11.8,2.93,0.788,-0.4067366430758002,-0.9135454576426009,0.6551563572090853,-0.7554933140726803
3409510,"Byculla, Mumbai - BMC",E,2026-05-23 00:00:00+05:30,20.5,31.4,67.2,0.534,12.2,8.69,0.809,0.762,-0.19080899537654472,-0.981627183447664,0.6420547132365637,-0.766658819300159
3409510,"Byculla, Mumbai - BMC",E,2026-05-24 00:00:00+05:30,7.72,31.7,66.4,0.461,8.32,7.5,3.01,0.741,0.2756373558169992,-0.9612616959383189,0.6287628145958344,-0.7775971469736269
3409510,"Byculla, Mumbai - BMC",E,2026-05-25 00:00:00+05:30,8.41,31.5,67.1,0.506,8.02,5.63,3.53,0.633,-0.06975647374412527,-0.9975640502598242,0.6152845999633276,-0.7883050558305255
3409510,"Byculla, Mumbai - BMC",E,2026-05-26 00:00:00+05:30,9.88,31.5,65.4,0.577,9.36,5.84,2.2,0.755,0.2756373558169992,-0.9612616959383189,0.6016240632249226,-0.7987793728863649
3409510,"Byculla, Mumbai - BMC",E,2026-05-27 00:00:00+05:30,9.79,31.1,64.6,0.477,9.03,8.6,1.91,0.544,0.13917310096006533,-0.9902680687415704,0.5877852522924732,-0.8090169943749473
3409510,"Byculla, Mumbai - BMC",E,2026-05-28 00:00:00+05:30,11.6,31.8,61.5,0.441,8.25,12.0,2.33,0.872,1.2246467991473532e-16,-1.0,0.5737722679043246,-0.8190148866680801
3409510,"Byculla, Mumbai - BMC",E,2026-05-29 00:00:00+05:30,14.4,31.7,61.8,0.419,9.34,12.1,3.0,0.968,0.7313537016191706,-0.6819983600624984,0.5595892624101765,-0.8287700871745038
3409510,"Byculla, Mumbai - BMC",E,2026-05-30 00:00:00+05:30,15.1,32.1,62.3,0.489,8.57,9.1,4.25,0.914,0.9271838545667874,-0.37460659341591207,0.545240438540651,-0.8382797052177744
3409510,"Byculla, Mumbai - BMC",E,2026-05-31 00:00:00+05:30,16.1,31.9,63.5,0.51,9.36,7.17,1.9,0.908,0.49999999999999994,-0.8660254037844387,0.5307300481619334,-0.8475409228928311
3409510,"Byculla, Mumbai - BMC",E,2026-06-01 00:00:00+05:30,12.6,31.9,62.4,0.482,8.56,11.2,4.06,0.914,0.3255681544571566,-0.9455185755993168,0.5160623910158528,-0.8565509959010036
3409510,"Byculla, Mumbai - BMC",E,2026-06-02 00:00:00+05:30,13.3,31.7,63.2,0.561,11.0,12.1,5.29,0.975,-0.34202014332566866,-0.9396926207859084,0.5012418134457758,-0.865307254363206
3409510,"Byculla, Mumbai - BMC",E,2026-06-03 00:00:00+05:30,15.6,31.0,62.9,0.505,17.7,19.9,1.37,1.13,-0.35836794954530043,-0.9335804264972017,0.48627270710868997,-0.8738071036110808
3409510,"Byculla, Mumbai - BMC",E,2026-06-04 00:00:00+05:30,15.2,31.4,66.1,0.499,15.4,12.6,4.35,1.15,-0.08715574274765794,-0.9961946980917455,0.4711595076738638,-0.8820480249558537
3409510,"Byculla, Mumbai - BMC",E,2026-06-05 00:00:00+05:30,9.79,32.0,65.1,0.443,8.03,17.0,18.2,0.681,0.17364817766693028,-0.984807753012208,0.4559066935084588,-0.8900275764346767
3409510,"Byculla, Mumbai - BMC",E,2026-06-06 00:00:00+05:30,5.79,32.3,63.8,0.571,6.06,9.32,5.08,0.0577,0.17364817766693028,-0.984807753012208,0.440518784350495,-0.8977433935342337
3409510,"Byculla, Mumbai - BMC",E,2026-06-07 00:00:00+05:30,15.6,32.3,63.9,0.485,8.31,10.1,7.08,0.113,0.7071067811865476,-0.7071067811865475,0.42500033996955416,-0.9051931898913974
3409510,"Byculla, Mumbai - BMC",E,2026-06-08 00:00:00+05:30,14.5,31.8,64.7,0.515,9.06,10.9,4.31,0.186,0.49999999999999994,-0.8660254037844387,0.4093559588156213,-0.9123747579707273
3409510,"Byculla, Mumbai - BMC",E,2026-06-09 00:00:00+05:30,16.5,32.1,63.2,0.617,7.18,10.0,6.78,0.167,0.9335804264972017,-0.35836794954530027,0.39359027665646673,-0.9192859697186104
3409510,"Byculla, Mumbai - BMC",E,2026-06-10 00:00:00+05:30,17.3,31.6,63.3,0.547,7.6,11.4,6.77,0.202,0.9659258262890683,-0.25881904510252085,0.3777079652039649,-0.9259247771938498
3409510,"Byculla, Mumbai - BMC",E,2026-06-11 00:00:00+05:30,18.9,32.0,62.2,0.567,8.8,11.9,3.36,0.261,0.838670567945424,-0.5446390350150271,0.36171373072976765,-0.9322892131745133
3409510,"Byculla, Mumbai - BMC",E,2026-06-12 00:00:00+05:30,17.5,31.9,63.3,0.558,9.53,10.5,4.93,0.327,0.8746197071393959,-0.484809620246337,0.3456123126707335,-0.9383773917408641
3409510,"Byculla, Mumbai - BMC",E,2026-06-13 00:00:00+05:30,15.5,32.0,62.7,0.614,7.37,12.2,3.98,0.265,0.9702957262759965,-0.24192189559966779,0.3294084822245304,-0.9441875088341993
3409510,"Byculla, Mumbai - BMC",E,2026-06-14 00:00:00+05:30,12.9,31.9,61.4,0.55,7.36,14.8,3.98,0.201,0.9781476007338057,-0.20791169081775934,0.3131070409358269,-0.9497178427914316
3409510,"Byculla, Mumbai - BMC",E,2026-06-15 00:00:00+05:30,13.7,32.0,61.3,0.525,8.23,14.0,6.11,0.333,0.7193398003386511,-0.6946583704589974,0.29671281927349075,-0.9549667548552551
3409510,"Byculla, Mumbai - BMC",E,2026-06-16 00:00:00+05:30,13.7,31.8,61.0,0.533,8.3,13.3,6.38,0.363,0.777145961456971,-0.6293203910498373,0.28023067519921585,-0.9599326896597447
3409510,"Byculla, Mumbai - BMC",E,2026-06-17 00:00:00+05:30,12.6,31.4,60.5,0.58,8.22,15.1,5.29,0.39,0.7431448254773942,-0.6691306063588582,0.26366549272800704,-0.9646141756912435
3409510,"Byculla, Mumbai - BMC",E,2026-06-18 00:00:00+05:30,12.2,31.3,59.9,0.536,8.19,16.0,5.63,0.404,0.8571673007021123,-0.5150380749100543,0.24702218048093552,-0.9690098257244062
3409510,"Byculla, Mumbai - BMC",E,2026-06-19 00:00:00+05:30,12.1,31.3,58.7,0.417,10.4,15.8,5.46,0.535,0.5446390350150273,-0.8386705679454239,0.23030567023061221,-0.9731183372332619
3409510,"Byculla, Mumbai - BMC",E,2026-06-20 00:00:00+05:30,12.1,31.2,60.0,0.557,8.59,16.5,6.2,0.464,0.5150380749100544,-0.8571673007021122,0.21352091543979612,-0.9769384927771817
3409510,"Byculla, Mumbai - BMC",E,2026-06-21 00:00:00+05:30,11.7,31.2,62.0,0.521,9.42,12.5,7.1,0.492,0.6293203910498374,-0.7771459614569709,0.19667288979357647,-0.980469160361632
3409510,"Byculla, Mumbai - BMC",E,2026-06-22 00:00:00+05:30,10.3,30.2,68.7,,12.1,4.66,5.01,0.623,-0.8290375725550418,-0.5591929034707466,0.1797665857255624,-0.9837092937736097
3409510,"Byculla, Mumbai - BMC",E,2026-06-23 00:00:00+05:30,8.95,27.0,82.0,0.787,14.7,0.568,5.1,0.673,-0.8090169943749473,-0.5877852522924732,0.16280701293851715,-0.986657932891657
3409510,"Byculla, Mumbai - BMC",E,2026-06-25 00:00:00+05:30,16.1,27.9,86.0,0.707,21.0,5.29,3.85,0.103,-0.19080899537654472,-0.981627183447664,0.12874817745258132,-0.99167731989929
3409510,"Byculla, Mumbai - BMC",E,2026-06-26 00:00:00+05:30,13.1,29.2,77.8,0.553,17.2,7.07,5.91,,-0.5150380749100542,-0.8571673007021123,0.11165900712169512,-0.993746580436178
3409510,"Byculla, Mumbai - BMC",E,2026-06-27 00:00:00+05:30,14.7,30.0,73.5,0.534,15.9,9.76,5.76,,0.13917310096006533,-0.9902680687415704,0.09453674981719912,-0.9955213724144752
3409510,"Byculla, Mumbai - BMC",E,2026-06-28 00:00:00+05:30,12.3,29.6,76.5,0.617,11.3,9.54,5.05,0.054,0.37460659341591224,-0.9271838545667873,0.07738647923346301,-0.9970011699250151
3409510,"Byculla, Mumbai - BMC",E,2026-06-29 00:00:00+05:30,13.9,27.0,85.4,0.603,16.7,6.75,6.74,0.156,-0.8191520442889916,-0.5735764363510464,0.06021327736579302,-0.9981855344718586
3409510,"Byculla, Mumbai - BMC",E,2026-06-30 00:00:00+05:30,13.3,26.8,86.4,0.53,16.0,5.38,5.98,0.192,0.258819045102521,-0.9659258262890682,0.04302223300453059,-0.99907411510223
3409510,"Byculla, Mumbai - BMC",E,2026-07-01 00:00:00+05:30,11.7,26.3,86.6,0.563,14.2,11.3,7.33,0.131,0.9612616959383189,-0.27563735581699905,0.02581844022713308,-0.9996666485105112
3409510,"Byculla, Mumbai - BMC",E,2026-07-02 00:00:00+05:30,14.2,26.1,86.6,0.623,17.5,8.38,6.14,0.182,0.5877852522924732,-0.8090169943749473,0.008606996888688698,-0.9999629591162655
3409510,"Byculla, Mumbai - BMC",E,2026-07-03 00:00:00+05:30,12.7,25.7,86.7,1.05,12.4,10.7,6.15,0.0986,-0.7313537016191705,-0.6819983600624986,-0.008606996888688009,-0.9999629591162655
3409510,"Byculla, Mumbai - BMC",E,2026-07-04 00:00:00+05:30,12.3,25.8,86.7,1.39,11.1,16.0,7.98,0.126,-0.9702957262759966,0.24192189559966742,-0.02581844022713239,-0.9996666485105112
3409510,"Byculla, Mumbai - BMC",E,2026-07-05 00:00:00+05:30,15.4,26.2,86.7,1.4,8.23,21.9,5.73,0.098,-0.9702957262759966,0.24192189559966742,-0.04302223300453034,-0.99907411510223
3409510,"Byculla, Mumbai - BMC",E,2026-07-06 00:00:00+05:30,22.1,26.5,86.7,1.39,6.23,20.7,5.63,0.0675,-0.9702957262759966,0.24192189559966742,-0.060213277365792774,-0.9981855344718586
3409510,"Byculla, Mumbai - BMC",E,2026-07-07 00:00:00+05:30,14.5,28.0,86.7,1.39,7.36,13.9,6.57,0.138,-0.6819983600624984,-0.7313537016191706,-0.07738647923346322,-0.9970011699250151
3409510,"Byculla, Mumbai - BMC",E,2026-07-08 00:00:00+05:30,16.6,28.0,86.7,1.37,8.84,6.77,5.39,0.241,0.9612616959383189,-0.27563735581699905,-0.09453674981719933,-0.9955213724144752
3409510,"Byculla, Mumbai - BMC",E,2026-07-09 00:00:00+05:30,9.41,29.0,83.6,1.39,10.5,4.7,5.49,0.324,0.9659258262890683,-0.25881904510252085,-0.11165900712169444,-0.9937465804361781
3409510,"Byculla, Mumbai - BMC",E,2026-07-10 00:00:00+05:30,7.61,29.5,81.1,1.35,9.51,3.78,5.37,0.279,0.9702957262759965,-0.24192189559966779,-0.12874817745258066,-0.99167731989929
3409510,"Byculla, Mumbai - BMC",E,2026-07-11 00:00:00+05:30,9.83,29.4,80.5,1.5,7.16,4.62,4.42,0.269,-0.34202014332566866,-0.9396926207859084,-0.14579919691987442,-0.9893142039703664
3409510,"Byculla, Mumbai - BMC",E,2026-07-12 00:00:00+05:30,12.1,29.6,77.7,1.5,9.56,5.44,6.89,0.301,-0.34202014332566866,-0.9396926207859084,-0.16280701293851646,-0.9866579328916572
3409510,"Byculla, Mumbai - BMC",E,2026-07-13 00:00:00+05:30,11.8,29.6,74.5,1.5,16.1,7.37,5.26,0.352,-0.34202014332566866,-0.9396926207859084,-0.17976658572556214,-0.9837092937736098
3409510,"Byculla, Mumbai - BMC",E,2026-07-14 00:00:00+05:30,11.7,29.4,73.3,1.5,11.2,8.92,4.9,0.362,-0.34202014332566866,-0.9396926207859084,-0.19667288979357622,-0.9804691603616321
3409510,"Byculla, Mumbai - BMC",E,2026-07-15 00:00:00+05:30,13.2,29.4,78.1,1.51,9.91,6.49,6.58,0.392,-0.34202014332566866,-0.9396926207859084,-0.2135209154397959,-0.9769384927771817
3409510,"Byculla, Mumbai - BMC",E,2026-07-16 00:00:00+05:30,12.7,29.2,79.8,1.5,9.56,6.54,4.08,0.398,-0.32556815445715676,-0.9455185755993167,-0.23030567023061196,-0.973118337233262
3409510,"Byculla, Mumbai - BMC",E,2026-07-17 00:00:00+05:30,13.2,29.3,79.9,1.51,8.16,6.88,5.48,0.368,-0.34202014332566866,-0.9396926207859084,-0.24702218048093527,-0.9690098257244063
3409510,"Byculla, Mumbai - BMC",E,2026-07-18 00:00:00+05:30,12.5,28.3,81.9,1.75,10.3,7.18,6.18,0.476,-0.34202014332566866,-0.9396926207859084,-0.2636654927280072,-0.9646141756912435
3409510,"Byculla, Mumbai - BMC",E,2026-07-19 00:00:00+05:30,11.0,27.6,84.7,1.51,11.6,5.56,5.15,0.541,-0.34202014332566866,-0.9396926207859084,-0.2802306751992161,-0.9599326896597445
3409510,"Byculla, Mumbai - BMC",E,2026-07-20 00:00:00+05:30,10.8,27.3,86.8,1.51,9.2,6.54,5.7,0.489,-0.34202014332566866,-0.9396926207859084,-0.2967128192734901,-0.9549667548552553
3409510,"Byculla, Mumbai - BMC",E,2026-07-21 00:00:00+05:30,10.7,27.8,86.6,1.5,10.5,6.56,6.46,0.54,-0.34202014332566866,-0.9396926207859084,-0.3131070409358267,-0.9497178427914317
3409510,"Byculla, Mumbai - BMC",E,2026-07-22 00:00:00+05:30,10.1,26.8,87.1,1.52,8.29,7.15,6.02,0.525,-0.34202014332566866,-0.9396926207859084,-0.3294084822245302,-0.9441875088341994
3409510,"Byculla, Mumbai - BMC",E,2026-07-23 00:00:00+05:30,10.0,27.3,86.8,1.52,9.14,5.94,5.4,0.537,-0.34202014332566866,-0.9396926207859084,-0.3456123126707333,-0.9383773917408642
3409510,"Byculla, Mumbai - BMC",E,2026-07-24 00:00:00+05:30,10.0,27.8,85.7,1.51,8.65,6.35,5.32,0.563,-0.34202014332566866,-0.9396926207859084,-0.3617137307297674,-0.9322892131745134
3409510,"Byculla, Mumbai - BMC",E,2026-07-25 00:00:00+05:30,11.8,28.5,83.9,1.51,9.19,5.53,5.4,0.679,-0.34202014332566866,-0.9396926207859084,-0.37770796520396466,-0.9259247771938499
3409510,"Byculla, Mumbai - BMC",E,2026-07-26 00:00:00+05:30,11.5,28.1,86.3,1.52,7.28,7.19,6.48,0.627,-0.34202014332566866,-0.9396926207859084,-0.39359027665646645,-0.9192859697186105
3409510,"Byculla, Mumbai - BMC",E,2026-07-27 00:00:00+05:30,12.7,27.9,85.9,1.53,8.83,4.43,5.21,0.668,-0.34202014332566866,-0.9396926207859084,-0.4093559588156211,-0.9123747579707274
3409510,"Byculla, Mumbai - BMC",E,2026-07-28 00:00:00+05:30,12.6,28.5,83.1,1.53,8.47,5.31,6.65,0.616,-0.34202014332566866,-0.9396926207859084,-0.42500033996955394,-0.9051931898913975
3409510,"Byculla, Mumbai - BMC",E,2026-07-29 00:00:00+05:30,14.3,28.9,82.9,1.52,6.38,8.04,6.26,0.639,-0.34202014332566866,-0.9396926207859084,-0.4405187843504952,-0.8977433935342336
3409510,"Byculla, Mumbai - BMC",E,2026-07-30 00:00:00+05:30,16.1,28.4,85.3,1.53,7.11,7.52,4.14,0.68,-0.34202014332566866,-0.9396926207859084,-0.455906693508459,-0.8900275764346766
3409510,"Byculla, Mumbai - BMC",E,2026-07-31 00:00:00+05:30,14.5,27.7,86.9,1.54,8.52,6.46,6.26,0.738,-0.34202014332566866,-0.9396926207859084,-0.47115950767386394,-0.8820480249558535
3409510,"Byculla, Mumbai - BMC",E,2026-08-01 00:00:00+05:30,14.7,28.4,86.6,1.54,7.2,6.54,5.65,0.758,-0.34202014332566866,-0.9396926207859084,-0.4862727071086902,-0.8738071036110807
3409510,"Byculla, Mumbai - BMC",E,2026-08-02 00:00:00+05:30,12.3,28.5,85.8,1.53,7.54,6.18,4.62,0.749,-0.34202014332566866,-0.9396926207859084,-0.5012418134457756,-0.8653072543632061
3409510,"Byculla, Mumbai - BMC",E,2026-08-03 00:00:00+05:30,12.5,28.2,84.8,1.54,7.76,9.0,7.24,0.783,-0.34202014332566866,-0.9396926207859084,-0.5160623910158526,-0.8565509959010037
3409510,"Byculla, Mumbai - BMC",E,2026-08-04 00:00:00+05:30,12.6,28.1,84.9,1.54,10.1,8.37,5.09,0.867,-0.34202014332566866,-0.9396926207859084,-0.5307300481619331,-0.8475409228928312
3409510,"Byculla, Mumbai - BMC",E,2026-08-05 00:00:00+05:30,11.5,27.1,86.5,1.54,11.8,8.04,5.99,0.58,-0.34202014332566866,-0.9396926207859084,-0.5452404385406507,-0.8382797052177745
3409510,"Byculla, Mumbai - BMC",E,2026-08-06 00:00:00+05:30,11.9,28.0,84.9,1.54,9.64,7.26,5.9,0.00304,-0.34202014332566866,-0.9396926207859084,-0.5595892624101763,-0.828770087174504
3409510,"Byculla, Mumbai - BMC",E,2026-08-07 00:00:00+05:30,9.83,28.4,83.0,1.53,10.0,5.02,4.72,0.0217,-0.34202014332566866,-0.9396926207859084,-0.5737722679043243,-0.8190148866680802
3409510,"Byculla, Mumbai - BMC",E,2026-08-08 00:00:00+05:30,11.1,28.8,82.6,1.53,8.93,5.82,7.0,0.0688,-0.34202014332566866,-0.9396926207859084,-0.5877852522924734,-0.8090169943749472
3409510,"Byculla, Mumbai - BMC",E,2026-08-09 00:00:00+05:30,12.4,29.3,79.8,1.53,7.57,8.7,4.89,0.12,-0.34202014332566866,-0.9396926207859084,-0.6016240632249227,-0.7987793728863648
3409510,"Byculla, Mumbai - BMC",E,2026-08-10 00:00:00+05:30,11.6,28.2,83.1,1.53,9.83,5.92,3.93,0.139,-0.34202014332566866,-0.9396926207859084,-0.6152845999633277,-0.7883050558305253
3409510,"Byculla, Mumbai - BMC",E,2026-08-11 00:00:00+05:30,11.1,26.0,87.4,1.55,12.8,5.8,4.95,0.283,-0.34202014332566866,-0.9396926207859084,-0.6287628145958345,-0.7775971469736268
3409510,"Byculla, Mumbai - BMC",E,2026-08-12 00:00:00+05:30,11.3,28.2,84.4,1.53,10.7,5.46,5.92,0.234,-0.34202014332566866,-0.9396926207859084,-0.6420547132365636,-0.7666588193001592
3409510,"Byculla, Mumbai - BMC",E,2026-08-13 00:00:00+05:30,9.74,27.0,88.1,1.53,11.4,5.16,5.14,0.267,-0.34202014332566866,-0.9396926207859084,-0.655156357209085,-0.7554933140726804
3409510,"Byculla, Mumbai - BMC",E,2026-08-14 00:00:00+05:30,10.7,27.6,85.4,1.53,10.1,6.67,6.92,0.246,-0.34202014332566866,-0.9396926207859084,-0.6680638642135333,-0.7441039398713608
3409510,"Byculla, Mumbai - BMC",E,2026-08-15 00:00:00+05:30,12.3,26.9,87.9,1.54,14.5,6.03,4.58,0.392,-0.34202014332566866,-0.9396926207859084,-0.6807734094770159,-0.7324940716135792
3409510,"Byculla, Mumbai - BMC",E,2026-08-16 00:00:00+05:30,10.8,28.7,80.3,1.52,9.94,9.82,5.91,0.332,-0.34202014332566866,-0.9396926207859084,-0.6932812268869771,-0.7206671495538615
3409510,"Byculla, Mumbai - BMC",E,2026-08-17 00:00:00+05:30,9.48,28.1,84.0,1.53,11.2,7.41,6.6,0.38,-0.34202014332566866,-0.9396926207859084,-0.7055836101071774,-0.70862667826446
3409510,"Byculla, Mumbai - BMC",E,2026-08-18 00:00:00+05:30,10.1,28.4,83.4,1.53,8.11,6.14,5.62,0.313,-0.34202014332566866,-0.9396926207859084,-0.7176769136759615,-0.6963762255968726
3409510,"Byculla, Mumbai - BMC",E,2026-08-19 00:00:00+05:30,9.33,28.6,81.7,1.53,8.67,6.09,6.55,0.339,-0.34202014332566866,-0.9396926207859084,-0.7295575540864876,-0.6839194216246105
3409510,"Byculla, Mumbai - BMC",E,2026-08-20 00:00:00+05:30,8.9,28.2,82.5,1.54,8.15,7.04,6.16,0.348,-0.34202014332566866,-0.9396926207859084,-0.7412220108485957,-0.6712599575675315
3409510,"Byculla, Mumbai - BMC",E,2026-08-21 00:00:00+05:30,9.52,28.9,78.4,1.54,7.84,7.76,3.48,0.415,-0.34202014332566866,-0.9396926207859084,-0.7526668275320083,-0.6584015846980489
3409510,"Byculla, Mumbai - BMC",E,2026-08-22 00:00:00+05:30,9.84,28.7,79.8,1.55,8.67,7.99,5.12,0.446,-0.34202014332566866,-0.9396926207859084,-0.7638886127905429,-0.64534811322955
3409510,"Byculla, Mumbai - BMC",E,2026-08-23 00:00:00+05:30,10.8,28.6,81.6,1.55,7.85,7.63,4.96,0.476,-0.34202014332566866,-0.9396926207859084,-0.7748840413670406,-0.6321034111873488
3409510,"Byculla, Mumbai - BMC",E,2026-08-24 00:00:00+05:30,12.9,28.6,81.4,1.55,9.22,5.45,4.68,0.517,-0.34202014332566866,-0.9396926207859084,-0.7856498550787144,-0.6186714032625032
3409510,"Byculla, Mumbai - BMC",E,2026-08-25 00:00:00+05:30,13.2,28.8,79.9,1.55,9.29,6.02,6.56,0.54,-0.34202014332566866,-0.9396926207859084,-0.7961828637826154,-0.6050560696488494
3409510,"Byculla, Mumbai - BMC",E,2026-08-26 00:00:00+05:30,12.9,29.0,79.1,1.55,8.48,6.69,6.02,0.552,-0.34202014332566866,-0.9396926207859084,-0.8064799463209447,-0.5912614448635782
3409510,"Byculla, Mumbai - BMC",E,2026-08-27 00:00:00+05:30,9.66,28.6,81.8,1.55,7.56,7.68,5.27,0.551,-0.34202014332566866,-0.9396926207859084,-0.8165380514459157,-0.5772916165517278
3409510,"Byculla, Mumbai - BMC",E,2026-08-28 00:00:00+05:30,8.61,28.0,82.2,1.55,5.79,14.7,1.43,0.54,-0.34202014332566866,-0.9396926207859084,-0.8263541987239094,-0.5631507242749187
3409510,"Byculla, Mumbai - BMC",E,2026-08-29 00:00:00+05:30,7.56,28.0,80.5,1.55,4.6,9.87,1.7,0.515,-0.34202014332566866,-0.9396926207859084,-0.8359254794186365,-0.5488429582847199
3409510,"Byculla, Mumbai - BMC",E,2026-08-30 00:00:00+05:30,8.61,29.4,76.3,1.56,7.47,8.88,2.0,0.643,-0.34202014332566866,-0.9396926207859084,-0.8452490573530634,-0.5343725582809785
3409510,"Byculla, Mumbai - BMC",E,2026-08-31 00:00:00+05:30,8.15,28.9,77.9,1.56,7.94,7.52,2.63,0.661,-0.34202014332566866,-0.9396926207859084,-0.8543221697498269,-0.5197438121555157
3409510,"Byculla, Mumbai - BMC",E,2026-09-01 00:00:00+05:30,6.83,29.0,78.6,1.57,7.76,5.77,1.16,0.69,-0.35836794954530043,-0.9335804264972017,-0.8631421280499115,-0.5049610547215202
3409510,"Byculla, Mumbai - BMC",E,2026-09-02 00:00:00+05:30,7.3,28.5,80.6,1.57,10.3,4.58,1.97,0.724,-0.35836794954530043,-0.9335804264972017,-0.8717063187093217,-0.4900286664290594
3409510,"Byculla, Mumbai - BMC",E,2026-09-03 00:00:00+05:30,8.39,28.6,79.7,1.56,10.4,4.95,1.39,0.779,-0.35836794954530043,-0.9335804264972017,-0.8800122039735356,-0.4749510720670502
3409510,"Byculla, Mumbai - BMC",E,2026-09-04 00:00:00+05:30,9.72,28.5,78.6,1.57,10.2,5.52,1.07,0.797,-0.35836794954530043,-0.9335804264972017,-0.888057322629493,-0.4597327394521046
3409510,"Byculla, Mumbai - BMC",E,2026-09-05 00:00:00+05:30,7.79,28.0,82.1,1.56,9.98,4.1,2.08,0.836,-0.35836794954530043,-0.9335804264972017,-0.8958392907349089,-0.4443781781046134
3409510,"Byculla, Mumbai - BMC",E,2026-09-06 00:00:00+05:30,9.72,28.1,82.6,1.57,14.5,1.99,1.31,0.925,-0.35836794954530043,-0.9335804264972017,-0.9033558023246842,-0.4288919379124841
3409510,"Byculla, Mumbai - BMC",E,2026-09-07 00:00:00+05:30,8.55,28.9,77.4,1.57,10.7,5.36,1.62,0.834,-0.35836794954530043,-0.9335804264972017,-0.9106046300942162,-0.41327860778290443
3409510,"Byculla, Mumbai - BMC",E,2026-09-08 00:00:00+05:30,7.42,29.0,76.7,1.56,9.57,6.06,2.86,0.822,-0.34202014332566866,-0.9396926207859084,-0.9175836260593934,-0.3975428142825566
3409510,"Byculla, Mumbai - BMC",E,2026-09-09 00:00:00+05:30,6.45,28.8,77.8,1.56,9.45,4.44,1.09,0.868,-0.35836794954530043,-0.9335804264972017,-0.9242907221930934,-0.3816892202666586
3409510,"Byculla, Mumbai - BMC",E,2026-09-10 00:00:00+05:30,6.65,29.1,76.9,1.56,9.38,4.19,2.14,0.861,-0.7660444431189779,-0.6427876096865395,-0.9307239310379793,-0.3657225234972692
3409510,"Byculla, Mumbai - BMC",E,2026-09-11 00:00:00+05:30,8.98,28.3,79.1,1.54,11.6,5.7,1.52,1.03,-0.9781476007338056,-0.2079116908177598,-0.9368813462954315,-0.34964745525122826
3409510,"Byculla, Mumbai - BMC",E,2026-09-12 00:00:00+05:30,9.69,28.5,79.3,1.51,11.3,8.1,2.58,0.491,-0.9945218953682734,-0.10452846326765336,-0.9427611433904206,-0.33346877891818705
3409510,"Byculla, Mumbai - BMC",E,2026-09-13 00:00:00+05:30,15.9,25.1,86.1,1.58,22.2,4.65,2.05,0.419,-0.9743700647852351,-0.22495105434386525,-0.9483615800121716,-0.31719128858910595
3409510,"Byculla, Mumbai - BMC",E,2026-09-14 00:00:00+05:30,16.0,27.1,83.7,1.55,17.5,7.47,0.767,0.374,-0.9945218953682734,-0.10452846326765336,-0.9536809966304455,-0.300819807635668
3409510,"Byculla, Mumbai - BMC",E,2026-09-15 00:00:00+05:30,10.1,27.8,81.8,1.52,19.7,3.71,1.41,0.321,-0.9993908270190958,-0.03489949670250076,-0.9587178169872964,-0.2843591872810036
3409510,"Byculla, Mumbai - BMC",E,2026-09-16 00:00:00+05:30,10.4,28.1,80.3,1.54,17.4,6.76,0.663,0.423,-0.981627183447664,-0.1908089953765446,-0.9634705485641486,-0.26781430516217486
3409510,"Byculla, Mumbai - BMC",E,2026-09-17 00:00:00+05:30,8.62,28.9,78.2,1.5,21.0,6.49,1.01,0.398,-0.8660254037844385,-0.5000000000000004,-0.9679377830240642,-0.25119006388481957
3409511,"Shivaji Nagar, Mumbai - BMC",ME,2025-10-11 00:00:00+05:30,62.8,29.8,60.0,2.03,35.0,34.5,11.4,0.17,0.9271838545667874,-0.37460659341591207,-0.9873494423939864,0.15855938510313475
3409511,"Shivaji Nagar, Mumbai - BMC",ME,2025-10-12 00:00:00+05:30,,29.9,59.2,1.93,30.2,37.5,12.4,0.141,0.9964928592495044,-0.08367784333231533,-0.9844738167520923,0.17553149042142777
3409511,"Shivaji Nagar, Mumbai - BMC",ME,2025-10-13 00:00:00+05:30,,30.2,56.1,2.16,35.1,37.7,9.84,0.116,0.9985366703262117,0.054078812984775314,-0.9813064702716093,0.19245158197082995
3409511,"Shivaji Nagar, Mumbai - BMC",ME,2025-10-14 00:00:00+05:30,75.9,29.7,57.2,2.17,37.1,40.8,11.9,0.0824,0.9985366703262117,0.054078812984775314,-0.9778483415056567,0.20931464596304888
3409511,"Shivaji Nagar, Mumbai - BMC",ME,2025-10-15 00:00:00+05:30,123.0,29.6,61.8,2.17,42.2,29.8,9.93,0.187,0.9985366703262117,0.054078812984775314,-0.9741004551724206,0.22611568550828803
3409511,"Shivaji Nagar, Mumbai - BMC",ME,2025-10-16 00:00:00+05:30,50.2,29.9,69.5,2.16,31.4,31.6,11.2,0.0317,0.9985366703262117,0.054078812984775314,-0.970063921851507,0.2428497220959358
3409511,"Shivaji Nagar, Mumbai - BMC",ME,2025-10-17 00:00:00+05:30,57.7,30.9,64.1,2.16,29.5,27.3,9.17,0.208,0.998440764181981,0.05582150499316394,-0.965739937654855,0.25951179706979943
3409511,"Shivaji Nagar, Mumbai - BMC",ME,2025-10-18 00:00:00+05:30,123.0,30.8,59.8,2.16,34.2,40.6,10.5,0.317,0.998440764181981,0.05582150499316394,-0.9611297838723007,0.27609697309746883
3409511,"Shivaji Nagar, Mumbai - BMC",ME,2025-10-19 00:00:00+05:30,,30.8,61.5,2.16,34.7,35.5,11.1,,0.998440764181981,0.05582150499316394,-0.9562348265919058,0.2926003356333479
3409511,"Shivaji Nagar, Mumbai - BMC",ME,2025-10-20 00:00:00+05:30,,30.2,66.4,2.15,28.7,25.9,8.27,,0.9983418166140283,0.05756402695956731,-0.9510565162951536,0.30901699437494723
3409511,"Shivaji Nagar, Mumbai - BMC",ME,2025-10-21 00:00:00+05:30,122.0,29.5,67.1,2.14,14.2,34.7,10.8,,0.9982398279237652,0.05930637357596177,-0.9455963874271428,0.3253420847119795
3409511,"Shivaji Nagar, Mumbai - BMC",ME,2025-10-22 00:00:00+05:30,65.8,29.8,69.8,2.18,20.3,25.3,12.3,1.11,0.9986295347545738,0.052335956242943966,-0.9398560579418953,0.341570769167856
3409511,"Shivaji Nagar, Mumbai - BMC",ME,2025-10-23 00:00:00+05:30,59.9,31.0,65.0,2.18,20.3,17.0,10.1,1.22,0.9986295347545738,0.052335956242943966,-0.9338372288229252,0.35769823883312546
3409511,"Shivaji Nagar, Mumbai - BMC",ME,2025-10-24 00:00:00+05:30,28.8,30.5,66.5,2.18,21.7,14.6,10.3,1.17,0.9987193571841863,0.05059294007671311,-0.9275416835791965,0.3737197147904692
3409511,"Shivaji Nagar, Mumbai - BMC",ME,2025-10-25 00:00:00+05:30,22.8,29.1,75.3,2.18,20.3,3.98,8.84,1.68,0.9987193571841863,0.05059294007671311,-0.9209712877166347,0.38963044953078774
3409511,"Shivaji Nagar, Mumbai - BMC",ME,2025-10-26 00:00:00+05:30,17.8,26.9,84.7,2.18,15.4,2.46,9.38,1.07,0.9987193571841863,0.05059294007671311,-0.9141279881853337,0.4054257283599973
3409511,"Shivaji Nagar, Mumbai - BMC",ME,2025-10-27 00:00:00+05:30,18.6,28.0,81.3,2.18,17.5,5.3,9.99,1.49,0.9987193571841863,0.05059294007671311,-0.9070138128026362,0.42110087079608916
3409511,"Shivaji Nagar, Mumbai - BMC",ME,2025-10-28 00:00:00+05:30,31.3,28.4,74.3,2.18,19.4,9.17,10.3,0.897,0.9987193571841863,0.05059294007671311,-0.8996308696522434,0.4366512319560638
3409511,"Shivaji Nagar, Mumbai - BMC",ME,2025-10-29 00:00:00+05:30,44.2,29.7,68.0,2.18,23.2,12.0,10.8,,0.9987193571841863,0.05059294007671311,-0.8919813464595487,0.45207220393230374
3409511,"Shivaji Nagar, Mumbai - BMC",ME,2025-10-30 00:00:00+05:30,31.6,27.0,79.5,2.18,20.9,12.6,10.6,,0.9987193571841863,0.05059294007671311,-0.8840675099433637,0.46735921715800205
3409511,"Shivaji Nagar, Mumbai - BMC",ME,2025-10-31 00:00:00+05:30,27.3,27.1,82.2,2.18,17.7,7.92,10.0,,0.9987193571841863,0.05059294007671311,-0.8758917051442433,0.48250774176121763
3409511,"Shivaji Nagar, Mumbai - BMC",ME,2025-11-01 00:00:00+05:30,27.9,28.0,83.4,2.18,18.0,5.2,8.65,,0.9987193571841863,0.05059294007671311,-0.8674563547295971,0.4975132889071803
3409511,"Shivaji Nagar, Mumbai - BMC",ME,2025-11-02 00:00:00+05:30,22.2,26.6,88.1,2.18,17.6,3.19,9.78,,0.9987193571841863,0.05059294007671311,-0.858763958275803,0.5123714121284235
3409511,"Shivaji Nagar, Mumbai - BMC",ME,2025-11-03 00:00:00+05:30,23.2,27.8,82.3,2.18,20.1,3.98,9.01,0.521,0.9987193571841863,0.05059294007671311,-0.8498170915275277,0.5270777086423724
3409511,"Shivaji Nagar, Mumbai - BMC",ME,2025-11-04 00:00:00+05:30,28.6,28.4,74.8,2.18,26.8,11.8,11.1,0.65,0.9987193571841863,0.05059294007671311,-0.8406184056344783,0.5416278206559811
3409511,"Shivaji Nagar, Mumbai - BMC",ME,2025-11-05 00:00:00+05:30,36.7,27.4,71.6,2.18,23.6,14.5,10.6,0.514,0.9987193571841863,0.05059294007671311,-0.8311706263658079,0.5560174366570446
3409511,"Shivaji Nagar, Mumbai - BMC",ME,2025-11-06 00:00:00+05:30,50.3,27.5,71.3,2.18,23.5,26.9,11.6,0.89,0.9987193571841863,0.05059294007671311,-0.8214765533024145,0.5702422926917867
3409511,"Shivaji Nagar, Mumbai - BMC",ME,2025-11-07 00:00:00+05:30,86.4,28.5,65.3,2.18,32.2,35.2,9.42,0.769,0.9987193571841863,0.05059294007671311,-0.8115390590073611,0.5842981736283683
3409511,"Shivaji Nagar, Mumbai - BMC",ME,2025-11-08 00:00:00+05:30,,28.4,52.0,2.18,27.0,33.5,9.72,0.659,0.9987193571841863,0.05059294007671311,-0.801361088174677,0.5981809144059158
3409511,"Shivaji Nagar, Mumbai - BMC",ME,2025-11-09 00:00:00+05:30,87.8,27.4,51.0,2.18,31.6,31.5,10.3,0.485,0.9987193571841863,0.05059294007671311,-0.7909456567567774,0.6118864012687242
3409511,"Shivaji Nagar, Mumbai - BMC",ME,2025-11-10 00:00:00+05:30,111.0,24.5,68.7,2.19,37.3,11.0,9.12,1.13,0.9988061373414341,0.04884976979561317,-0.780295851070776,0.6254105729852457
3409511,"Shivaji Nagar, Mumbai - BMC",ME,2025-11-11 00:00:00+05:30,132.0,26.6,60.3,2.19,37.4,39.7,13.4,,0.9988061373414341,0.04884976979561317,-0.7694148268839381,0.6387494220515268
3409511,"Shivaji Nagar, Mumbai - BMC",ME,2025-11-12 00:00:00+05:30,108.0,26.4,50.5,2.19,30.9,55.7,12.8,,0.9988061373414341,0.04884976979561317,-0.7583058084785625,0.6518989958787125
3409511,"Shivaji Nagar, Mumbai - BMC",ME,2025-11-13 00:00:00+05:30,105.0,27.0,47.1,2.19,35.4,51.3,12.2,,0.9988061373414341,0.04884976979561317,-0.7469720876965551,0.6648553979642866
3409511,"Shivaji Nagar, Mumbai - BMC",ME,2025-11-14 00:00:00+05:30,110.0,27.0,49.1,2.19,39.3,49.7,13.8,,0.9988061373414341,0.04884976979561317,-0.7354170229639858,0.6776147890466887
3409511,"Shivaji Nagar, Mumbai - BMC",ME,2025-11-15 00:00:00+05:30,133.0,26.4,46.3,2.19,37.5,45.9,10.4,,0.9988061373414341,0.04884976979561317,-0.7236440382959124,0.690173388242972
3409511,"Shivaji Nagar, Mumbai - BMC",ME,2025-11-16 00:00:00+05:30,93.1,26.0,47.1,2.19,38.8,44.1,13.3,,0.9988061373414341,0.04884976979561317,-0.711656622281775,0.7025274741691566
3409511,"Shivaji Nagar, Mumbai - BMC",ME,2025-11-17 00:00:00+05:30,143.0,25.9,44.6,2.19,37.6,59.5,15.2,,0.99888987496197,0.04710645070964268,-0.6994583270516471,0.7146733860429608
3409511,"Shivaji Nagar, Mumbai - BMC",ME,2025-11-18 00:00:00+05:30,135.0,23.5,53.1,2.2,46.5,37.8,11.7,,0.99888987496197,0.04710645070964268,-0.6870527672236675,0.7266075247685652
3409511,"Shivaji Nagar, Mumbai - BMC",ME,2025-11-19 00:00:00+05:30,168.0,25.5,48.2,2.19,43.7,45.0,11.8,,0.99888987496197,0.04710645070964268,-0.6744436188329457,0.7383263540031063
3409511,"Shivaji Nagar, Mumbai - BMC",ME,2025-11-20 00:00:00+05:30,154.0,26.0,48.4,2.2,42.9,41.0,14.4,,0.99888987496197,0.04710645070964268,-0.661634618242279,0.749826401204568
3409511,"Shivaji Nagar, Mumbai - BMC",ME,2025-11-21 00:00:00+05:30,,26.7,52.0,2.19,52.2,41.4,12.9,,0.99888987496197,0.04710645070964268,-0.6486295610349818,0.7611042586607742
3409511,"Shivaji Nagar, Mumbai - BMC",ME,2025-11-22 00:00:00+05:30,97.0,28.1,53.0,2.19,53.4,31.8,14.4,,0.9988061373414341,0.04884976979561317,-0.6354323008901775,0.7721565844991641
3409511,"Shivaji Nagar, Mumbai - BMC",ME,2025-11-23 00:00:00+05:30,172.0,28.1,60.8,2.19,53.2,31.8,14.1,,0.9988061373414341,0.04884976979561317,-0.622046748440868,0.7829801036770624
3409511,"Shivaji Nagar, Mumbai - BMC",ME,2025-11-24 00:00:00+05:30,121.0,28.8,61.6,2.19,51.3,28.8,12.3,,0.9988061373414341,0.04884976979561317,-0.6084768701151264,0.7935716089521472
3409511,"Shivaji Nagar, Mumbai - BMC",ME,2025-11-25 00:00:00+05:30,133.0,28.8,63.0,2.19,47.5,42.3,13.0,,0.9988061373414341,0.04884976979561317,-0.594726686960764,0.8039279618328208
3409511,"Shivaji Nagar, Mumbai - BMC",ME,2025-11-26 00:00:00+05:30,102.0,28.8,64.1,2.18,49.1,44.1,10.5,1.82,0.9988061373414341,0.04884976979561317,-0.5808002734538013,0.8140460935082175
3409511,"Shivaji Nagar, Mumbai - BMC",ME,2025-11-27 00:00:00+05:30,181.0,28.3,60.3,2.18,45.0,43.0,9.03,2.18,0.9988061373414341,0.04884976979561317,-0.5667017562911184,0.8239230057575536
3409511,"Shivaji Nagar, Mumbai - BMC",ME,2025-11-28 00:00:00+05:30,,27.8,59.3,2.19,41.6,31.9,9.66,2.51,0.9988061373414341,0.04884976979561317,-0.5524353131676203,0.8335557718385695
3409511,"Shivaji Nagar, Mumbai - BMC",ME,2025-11-29 00:00:00+05:30,94.1,27.2,49.0,2.19,36.3,32.1,9.82,2.9,0.9988061373414341,0.04884976979561317,-0.5380051715382992,0.8429415373547832
3409511,"Shivaji Nagar, Mumbai - BMC",ME,2025-11-30 00:00:00+05:30,,26.2,41.7,2.19,43.1,38.4,12.6,3.18,0.9988061373414341,0.04884976979561317,-0.5234156073655503,0.8520775211013093
3409511,"Shivaji Nagar, Mumbai - BMC",ME,2025-12-01 00:00:00+05:30,124.0,26.1,47.2,2.19,46.6,35.9,12.5,3.39,0.99888987496197,0.04710645070964268,-0.5086709438521042,0.8609610158889945
3409511,"Shivaji Nagar, Mumbai - BMC",ME,2025-12-02 00:00:00+05:30,,26.2,49.1,2.19,45.6,32.8,12.8,3.38,0.99888987496197,0.04710645070964268,-0.49377555015997737,0.8695893893466109
3409511,"Shivaji Nagar, Mumbai - BMC",ME,2025-12-03 00:00:00+05:30,85.1,26.4,50.6,2.19,41.8,29.0,15.0,2.62,0.99888987496197,0.04710645070964268,-0.4787338401157883,0.8779600847008883
3409511,"Shivaji Nagar, Mumbai - BMC",ME,2025-12-04 00:00:00+05:30,,26.2,52.7,2.19,42.0,23.9,13.0,,0.99888987496197,0.04710645070964268,-0.4635502709028512,0.8860706215341378
3409511,"Shivaji Nagar, Mumbai - BMC",ME,2025-12-05 00:00:00+05:30,,27.6,51.0,2.19,37.4,27.8,16.7,,0.9988061373414341,0.04884976979561317,-0.4482293417404106,0.893918596519257
3409511,"Shivaji Nagar, Mumbai - BMC",ME,2025-12-06 00:00:00+05:30,63.1,27.1,51.9,2.19,34.2,33.7,14.8,0.507,0.99888987496197,0.04710645070964268,-0.4327755925504317,0.9015016841318838
3409511,"Shivaji Nagar, Mumbai - BMC",ME,2025-12-07 00:00:00+05:30,89.8,24.8,66.0,2.19,44.8,11.4,4.72,0.405,0.99888987496197,0.04710645070964268,-0.41719360261231697,0.9088176373395028
3409511,"Shivaji Nagar, Mumbai - BMC",ME,2025-12-08 00:00:00+05:30,63.4,28.2,42.4,0.924,58.3,12.5,0.0,0.763,0.03489949670250114,-0.9993908270190958,-0.4014879892059737,0.9158642882672868
3409511,"Shivaji Nagar, Mumbai - BMC",ME,2025-12-09 00:00:00+05:30,54.9,26.9,36.3,1.04,36.4,26.8,2.48,,-0.34202014332566866,-0.9396926207859084,-0.38566340624360745,0.9226395488404875
3409511,"Shivaji Nagar, Mumbai - BMC",ME,2025-12-10 00:00:00+05:30,30.3,26.8,33.3,1.04,43.3,22.3,6.18,,-0.34202014332566866,-0.9396926207859084,-0.3697245428906732,0.9291414114031743
3409511,"Shivaji Nagar, Mumbai - BMC",ME,2025-12-11 00:00:00+05:30,32.7,26.2,36.6,1.04,43.8,27.8,9.25,,-0.34202014332566866,-0.9396926207859084,-0.3536761221763721,0.935367949313148
3409511,"Shivaji Nagar, Mumbai - BMC",ME,2025-12-12 00:00:00+05:30,58.3,25.6,42.4,1.32,50.0,33.8,14.4,,-0.5735764363510462,-0.8191520442889918,-0.33752289959411347,0.941317317512847
3409511,"Shivaji Nagar, Mumbai - BMC",ME,2025-12-13 00:00:00+05:30,92.4,25.9,46.7,2.92,52.4,29.0,6.97,,-0.984807753012208,-0.17364817766693033,-0.32126966169236515,0.9469877530760751
3409511,"Shivaji Nagar, Mumbai - BMC",ME,2025-12-14 00:00:00+05:30,111.0,26.1,45.6,2.92,47.3,35.4,9.02,,-0.984807753012208,-0.17364817766693033,-0.3049212246562894,0.9523775757303973
3409511,"Shivaji Nagar, Mumbai - BMC",ME,2025-12-15 00:00:00+05:30,106.0,22.1,56.1,2.58,35.6,22.9,9.74,,-0.9702957262759965,-0.24192189559966779,-0.2884824328806098,0.9574851883550389
3409511,"Shivaji Nagar, Mumbai - BMC",ME,2025-12-17 00:00:00+05:30,48.1,29.7,42.3,0.275,63.2,34.2,21.0,1.69,0.9999451693655121,-0.010471784116245747,-0.2553532951161881,0.9668478136052773
3409511,"Shivaji Nagar, Mumbai - BMC",ME,2025-12-18 00:00:00+05:30,57.5,26.9,45.9,0.753,58.3,22.4,6.38,,-0.052335956242943564,-0.9986295347545738,-0.23867276600594997,0.9711000518829505
3409511,"Shivaji Nagar, Mumbai - BMC",ME,2025-12-19 00:00:00+05:30,46.4,25.9,44.1,0.922,47.0,26.0,12.5,,-0.9876883405951377,-0.15643446504023104,-0.22192151300416674,0.9750645322571945
3409511,"Shivaji Nagar, Mumbai - BMC",ME,2025-12-20 00:00:00+05:30,43.6,25.8,38.9,0.878,46.2,19.1,2.75,,-0.984807753012208,-0.17364817766693033,-0.20510449986861926,0.9787400799669153
3409511,"Shivaji Nagar, Mumbai - BMC",ME,2025-12-21 00:00:00+05:30,47.2,25.9,37.5,0.958,49.5,17.3,6.59,,-0.9876883405951377,-0.15643446504023104,-0.1882267098432439,0.9821256058680006
3409511,"Shivaji Nagar, Mumbai - BMC",ME,2025-12-22 00:00:00+05:30,63.8,25.4,42.2,0.905,49.7,21.1,12.5,,-0.984807753012208,-0.17364817766693033,-0.1712931441814778,0.9852201067560606
3409511,"Shivaji Nagar, Mumbai - BMC",ME,2025-12-23 00:00:00+05:30,57.2,26.0,43.2,0.878,46.9,22.0,18.7,,-0.984807753012208,-0.17364817766693033,-0.154308820664281,0.9880226656636976
3409511,"Shivaji Nagar, Mumbai - BMC",ME,2025-12-24 00:00:00+05:30,46.3,25.2,44.2,0.749,47.0,17.1,7.26,,-0.9781476007338056,-0.2079116908177598,-0.13727877211326517,0.9905324521322227
3409511,"Shivaji Nagar, Mumbai - BMC",ME,2025-12-25 00:00:00+05:30,63.6,25.6,47.3,0.894,52.6,20.7,11.6,,-0.984807753012208,-0.17364817766693033,-0.12020804489935275,0.9927487224577402
3409511,"Shivaji Nagar, Mumbai - BMC",ME,2025-12-26 00:00:00+05:30,76.2,24.4,52.3,1.16,42.7,19.9,8.06,,-0.9945218953682734,-0.10452846326765336,-0.10310169744743544,0.9946708199115211
3409511,"Shivaji Nagar, Mumbai - BMC",ME,2025-12-27 00:00:00+05:30,19.6,26.7,48.6,0.488,76.7,15.8,6.47,,-0.9659258262890683,-0.25881904510252063,-0.0859647987374467,0.9962981749346077
3409511,"Shivaji Nagar, Mumbai - BMC",ME,2025-12-28 00:00:00+05:30,34.6,25.4,50.0,0.961,35.2,23.6,1.39,0.6,-0.9876883405951377,-0.15643446504023104,-0.06880242680232064,0.9976303053065857
3409511,"Shivaji Nagar, Mumbai - BMC",ME,2025-12-29 00:00:00+05:30,73.7,25.4,50.4,0.932,55.8,25.0,26.7,,-0.984807753012208,-0.17364817766693033,-0.05161966722325418,0.9986668162884759
3409511,"Shivaji Nagar, Mumbai - BMC",ME,2025-12-30 00:00:00+05:30,76.0,25.1,53.1,0.954,65.5,5.85,10.4,1.03,-0.9876883405951377,-0.15643446504023104,-0.034421611622745804,0.9994074007397048
3409511,"Shivaji Nagar, Mumbai - BMC",ME,2025-12-31 00:00:00+05:30,54.2,24.7,62.3,0.934,54.9,4.43,2.76,1.03,-0.9876883405951377,-0.15643446504023104,-0.01721335615583528,0.9998518392091162
3409511,"Shivaji Nagar, Mumbai - BMC",ME,2026-01-01 00:00:00+05:30,32.8,24.9,68.7,0.972,37.7,1.83,4.33,1.03,-0.9876883405951377,-0.15643446504023104,0.0,1.0
3409511,"Shivaji Nagar, Mumbai - BMC",ME,2026-01-02 00:00:00+05:30,,24.7,71.3,0.985,38.6,2.9,6.31,1.03,-0.9876883405951377,-0.15643446504023104,0.017213356155834685,0.9998518392091162
3409511,"Shivaji Nagar, Mumbai - BMC",ME,2026-01-03 00:00:00+05:30,36.5,25.7,61.2,1.07,48.8,17.0,7.58,1.03,-0.9902680687415703,-0.13917310096006583,0.03442161162274574,0.9994074007397048
3409511,"Shivaji Nagar, Mumbai - BMC",ME,2026-01-04 00:00:00+05:30,,26.5,62.1,0.992,42.5,21.2,11.3,1.23,-0.9876883405951377,-0.15643446504023104,0.051619667223253764,0.998666816288476
3409511,"Shivaji Nagar, Mumbai - BMC",ME,2026-01-05 00:00:00+05:30,46.0,26.8,57.4,1.01,48.7,22.9,9.84,1.52,-0.9902680687415703,-0.13917310096006583,0.06880242680231986,0.9976303053065857
3409511,"Shivaji Nagar, Mumbai - BMC",ME,2026-01-06 00:00:00+05:30,52.4,26.5,59.3,1.0,48.0,22.2,4.85,1.87,-0.9902680687415703,-0.13917310096006583,0.08596479873744647,0.9962981749346078
3409511,"Shivaji Nagar, Mumbai - BMC",ME,2026-01-07 00:00:00+05:30,51.1,26.0,55.9,0.976,50.0,28.1,4.63,2.71,-0.9876883405951377,-0.15643446504023104,0.10310169744743485,0.9946708199115211
3409511,"Shivaji Nagar, Mumbai - BMC",ME,2026-01-08 00:00:00+05:30,41.4,25.6,47.3,0.943,54.6,22.0,3.65,2.26,-0.9876883405951377,-0.15643446504023104,0.1202080448993527,0.9927487224577402
3409511,"Shivaji Nagar, Mumbai - BMC",ME,2026-01-09 00:00:00+05:30,34.5,24.9,48.1,0.925,48.1,33.6,13.7,2.48,-0.9876883405951377,-0.15643446504023104,0.13727877211326478,0.9905324521322229
3409511,"Shivaji Nagar, Mumbai - BMC",ME,2026-01-10 00:00:00+05:30,34.7,25.0,47.1,1.13,39.7,39.4,9.73,2.27,-0.9925461516413221,-0.12186934340514717,0.15430882066428117,0.9880226656636976
3409511,"Shivaji Nagar, Mumbai - BMC",ME,2026-01-20 00:00:00+05:30,39.6,24.5,58.7,0.39,81.0,11.5,5.42,0.874,-0.961261695938319,-0.2756373558169989,0.3212696616923644,0.9469877530760753
3409511,"Shivaji Nagar, Mumbai - BMC",ME,2026-01-21 00:00:00+05:30,46.1,26.0,55.5,1.01,61.4,23.6,10.8,1.06,-0.981627183447664,-0.1908089953765446,0.3375228995941133,0.9413173175128471
3409511,"Shivaji Nagar, Mumbai - BMC",ME,2026-01-22 00:00:00+05:30,46.4,26.3,54.1,,60.0,24.4,8.56,0.798,-0.9902680687415703,-0.13917310096006583,0.3536761221763716,0.9353679493131483
3409511,"Shivaji Nagar, Mumbai - BMC",ME,2026-01-23 00:00:00+05:30,37.3,25.3,66.3,0.979,41.4,21.4,2.95,0.461,-0.9876883405951377,-0.15643446504023104,0.3697245428906731,0.9291414114031743
3409511,"Shivaji Nagar, Mumbai - BMC",ME,2026-01-24 00:00:00+05:30,28.0,24.7,58.8,1.01,36.2,23.1,4.71,,-0.9902680687415703,-0.13917310096006583,0.38566340624360707,0.9226395488404876
3409511,"Shivaji Nagar, Mumbai - BMC",ME,2026-01-25 00:00:00+05:30,39.9,25.5,59.4,1.03,0.0,26.0,7.88,,-0.9902680687415703,-0.13917310096006583,0.401487989205973,0.9158642882672872
3409511,"Shivaji Nagar, Mumbai - BMC",ME,2026-01-26 00:00:00+05:30,47.9,26.7,60.5,1.02,0.0,33.7,13.3,,-0.9902680687415703,-0.13917310096006583,0.4171936026123168,0.9088176373395029
3409511,"Shivaji Nagar, Mumbai - BMC",ME,2026-01-27 00:00:00+05:30,26.4,25.5,66.2,1.0,5.72,30.7,3.99,,-0.9902680687415703,-0.13917310096006583,0.4327755925504312,0.901501684131884
3409511,"Shivaji Nagar, Mumbai - BMC",ME,2026-01-28 00:00:00+05:30,20.4,24.9,56.6,1.05,28.7,30.8,2.97,,-0.9902680687415703,-0.13917310096006583,0.4482293417404106,0.893918596519257
3409511,"Shivaji Nagar, Mumbai - BMC",ME,2026-01-29 00:00:00+05:30,29.7,24.1,51.6,1.22,25.2,21.6,2.59,,-0.9945218953682734,-0.10452846326765336,0.4635502709028509,0.886070621534138
3409511,"Shivaji Nagar, Mumbai - BMC",ME,2026-01-30 00:00:00+05:30,42.4,28.7,62.3,1.23,13.2,32.5,14.6,0.787,-0.9945218953682734,-0.10452846326765336,0.47873384011578846,0.8779600847008882
3409511,"Shivaji Nagar, Mumbai - BMC",ME,2026-01-31 00:00:00+05:30,37.0,26.6,71.3,1.06,13.2,22.9,1.12,,-0.9902680687415703,-0.13917310096006583,0.49377555015997715,0.869589389346611
3409511,"Shivaji Nagar, Mumbai - BMC",ME,2026-02-01 00:00:00+05:30,45.8,27.3,61.8,1.08,13.2,30.5,5.52,,-0.9925461516413221,-0.12186934340514717,0.5086709438521044,0.8609610158889943
3409511,"Shivaji Nagar, Mumbai - BMC",ME,2026-02-02 00:00:00+05:30,51.1,27.6,54.7,1.1,13.5,30.9,15.2,,-0.9925461516413221,-0.12186934340514717,0.5234156073655503,0.8520775211013093
3409511,"Shivaji Nagar, Mumbai - BMC",ME,2026-02-03 00:00:00+05:30,57.0,27.0,54.5,1.39,,24.5,3.57,,-0.9975640502598242,-0.06975647374412558,0.5380051715382996,0.8429415373547828
3409511,"Shivaji Nagar, Mumbai - BMC",ME,2026-02-04 00:00:00+05:30,46.7,30.3,40.7,1.6,13.2,51.9,15.9,0.633,-0.9998476951563913,-0.017452406437283498,0.5524353131676196,0.8335557718385699
3409511,"Shivaji Nagar, Mumbai - BMC",ME,2026-02-05 00:00:00+05:30,51.1,28.7,45.5,1.11,13.2,25.0,2.97,0.836,-0.9925461516413221,-0.12186934340514717,0.5667017562911176,0.8239230057575542
3409511,"Shivaji Nagar, Mumbai - BMC",ME,2026-02-06 00:00:00+05:30,46.0,28.4,42.8,1.14,13.2,31.5,7.12,0.789,-0.9925461516413221,-0.12186934340514717,0.5808002734538009,0.8140460935082178
3409511,"Shivaji Nagar, Mumbai - BMC",ME,2026-02-07 00:00:00+05:30,40.4,28.3,39.7,1.14,13.1,36.1,8.58,0.67,-0.9925461516413221,-0.12186934340514717,0.5947266869607634,0.8039279618328213
3409511,"Shivaji Nagar, Mumbai - BMC",ME,2026-02-08 00:00:00+05:30,51.7,26.6,46.6,0.379,13.1,18.1,12.0,1.72,-0.961261695938319,-0.2756373558169989,0.6084768701151261,0.7935716089521474
3409511,"Shivaji Nagar, Mumbai - BMC",ME,2026-02-09 00:00:00+05:30,51.4,27.5,48.7,1.11,13.2,30.8,8.17,0.878,-0.9925461516413221,-0.12186934340514717,0.6220467484408675,0.7829801036770629
3409511,"Shivaji Nagar, Mumbai - BMC",ME,2026-02-10 00:00:00+05:30,39.6,27.4,49.1,1.21,13.1,42.0,2.13,0.583,-0.9945218953682734,-0.10452846326765336,0.6354323008901774,0.7721565844991642
3409511,"Shivaji Nagar, Mumbai - BMC",ME,2026-02-11 00:00:00+05:30,40.9,28.2,48.1,1.22,13.2,39.8,58.3,0.898,-0.9945218953682734,-0.10452846326765336,0.6486295610349814,0.7611042586607747
3409511,"Shivaji Nagar, Mumbai - BMC",ME,2026-02-12 00:00:00+05:30,45.8,28.5,52.6,1.3,0.0,19.5,9.89,0.96,-0.9961946980917455,-0.08715574274765825,0.6616346182422783,0.7498264012045686
3409511,"Shivaji Nagar, Mumbai - BMC",ME,2026-02-13 00:00:00+05:30,40.8,28.3,50.0,1.23,0.0,22.6,7.76,0.922,-0.9945218953682734,-0.10452846326765336,0.6744436188329455,0.7383263540031065
3409511,"Shivaji Nagar, Mumbai - BMC",ME,2026-02-14 00:00:00+05:30,46.7,29.0,46.6,1.22,0.0,22.6,12.5,0.993,-0.9945218953682734,-0.10452846326765336,0.6870527672236669,0.7266075247685656
3409511,"Shivaji Nagar, Mumbai - BMC",ME,2026-02-15 00:00:00+05:30,53.4,29.5,41.8,1.24,0.0,20.1,13.1,0.842,-0.9945218953682734,-0.10452846326765336,0.699458327051647,0.7146733860429609
3409511,"Shivaji Nagar, Mumbai - BMC",ME,2026-02-16 00:00:00+05:30,44.2,26.1,41.1,0.957,0.0,10.1,7.67,0.628,-0.9876883405951377,-0.15643446504023104,0.7116566222817746,0.7025274741691571
3409511,"Shivaji Nagar, Mumbai - BMC",ME,2026-02-17 00:00:00+05:30,24.6,29.3,49.9,1.28,0.0,22.3,22.4,0.505,-0.9961946980917455,-0.08715574274765825,0.7236440382959124,0.6901733882429719
3409511,"Shivaji Nagar, Mumbai - BMC",ME,2026-02-18 00:00:00+05:30,18.9,27.4,59.7,1.7,13.5,10.7,9.23,0.459,-1.0,-1.8369701987210297e-16,0.7354170229639855,0.6776147890466889
3409511,"Shivaji Nagar, Mumbai - BMC",ME,2026-02-19 00:00:00+05:30,42.8,28.5,57.3,0.777,14.7,16.9,14.8,1.05,-0.981627183447664,-0.1908089953765446,0.7469720876965552,0.6648553979642865
3409511,"Shivaji Nagar, Mumbai - BMC",ME,2026-02-20 00:00:00+05:30,51.4,28.5,62.6,1.13,12.5,13.4,6.76,0.808,-0.9925461516413221,-0.12186934340514717,0.7583058084785624,0.6518989958787126
3409511,"Shivaji Nagar, Mumbai - BMC",ME,2026-02-21 00:00:00+05:30,46.4,30.2,48.1,1.31,15.9,17.6,10.4,0.882,-0.9961946980917455,-0.08715574274765825,0.7694148268839378,0.6387494220515272
3409511,"Shivaji Nagar, Mumbai - BMC",ME,2026-02-22 00:00:00+05:30,41.6,29.3,50.8,1.35,17.7,11.9,7.59,0.953,-0.9975640502598242,-0.06975647374412558,0.7802958510707755,0.6254105729852463
3409511,"Shivaji Nagar, Mumbai - BMC",ME,2026-02-23 00:00:00+05:30,40.5,29.3,49.0,1.33,18.1,13.2,8.22,1.01,-0.9975640502598242,-0.06975647374412558,0.7909456567567772,0.6118864012687243
3409511,"Shivaji Nagar, Mumbai - BMC",ME,2026-02-24 00:00:00+05:30,38.3,29.1,54.9,1.32,18.1,11.6,4.01,0.799,-0.9961946980917455,-0.08715574274765825,0.8013610881746766,0.5981809144059165
3409511,"Shivaji Nagar, Mumbai - BMC",ME,2026-02-25 00:00:00+05:30,29.8,28.7,55.0,1.22,15.6,8.33,3.83,0.666,-0.9945218953682734,-0.10452846326765336,0.8115390590073611,0.5842981736283684
3409511,"Shivaji Nagar, Mumbai - BMC",ME,2026-02-26 00:00:00+05:30,15.8,27.3,61.6,1.23,9.57,5.78,3.88,0.434,-0.9945218953682734,-0.10452846326765336,0.8214765533024142,0.5702422926917871
3409511,"Shivaji Nagar, Mumbai - BMC",ME,2026-02-27 00:00:00+05:30,9.39,26.8,58.1,1.12,9.5,5.69,2.46,0.388,-0.9925461516413221,-0.12186934340514717,0.8311706263658079,0.5560174366570446
3409511,"Shivaji Nagar, Mumbai - BMC",ME,2026-02-28 00:00:00+05:30,16.0,26.7,54.9,1.24,9.16,11.7,4.91,0.388,-0.9961946980917455,-0.08715574274765825,0.8406184056344782,0.5416278206559814
3409511,"Shivaji Nagar, Mumbai - BMC",ME,2026-03-01 00:00:00+05:30,28.9,26.8,57.2,1.25,9.16,17.4,8.1,0.498,-0.9961946980917455,-0.08715574274765825,0.8498170915275278,0.5270777086423722
3409511,"Shivaji Nagar, Mumbai - BMC",ME,2026-03-02 00:00:00+05:30,31.6,27.5,60.7,1.34,10.6,17.2,2.59,0.62,-0.9975640502598242,-0.06975647374412558,0.8587639582758029,0.5123714121284237
3409511,"Shivaji Nagar, Mumbai - BMC",ME,2026-03-03 00:00:00+05:30,77.9,29.3,53.2,1.26,14.9,11.2,8.26,1.43,-0.9945218953682734,-0.10452846326765336,0.8674563547295969,0.49751328890718066
3409511,"Shivaji Nagar, Mumbai - BMC",ME,2026-03-04 00:00:00+05:30,42.8,31.7,39.8,1.24,13.3,20.1,18.8,1.1,-0.9945218953682734,-0.10452846326765336,0.8758917051442429,0.48250774176121847
3409511,"Shivaji Nagar, Mumbai - BMC",ME,2026-03-05 00:00:00+05:30,44.3,32.0,29.6,1.29,14.6,29.6,5.96,0.619,-0.9961946980917455,-0.08715574274765825,0.8840675099433636,0.4673592171580022
3409511,"Shivaji Nagar, Mumbai - BMC",ME,2026-03-06 00:00:00+05:30,35.9,31.1,34.8,1.29,14.6,30.8,10.4,0.597,-0.9961946980917455,-0.08715574274765825,0.8919813464595485,0.45207220393230435
3409511,"Shivaji Nagar, Mumbai - BMC",ME,2026-03-07 00:00:00+05:30,38.0,29.1,58.6,1.35,16.1,20.1,7.73,0.658,-0.9975640502598242,-0.06975647374412558,0.8996308696522433,0.43665123195606403
3409511,"Shivaji Nagar, Mumbai - BMC",ME,2026-03-08 00:00:00+05:30,53.5,31.5,45.4,1.27,19.5,39.6,11.0,1.08,-0.9961946980917455,-0.08715574274765825,0.9070138128026359,0.4211008707960896
3409511,"Shivaji Nagar, Mumbai - BMC",ME,2026-03-09 00:00:00+05:30,62.7,32.9,30.3,1.35,18.5,37.4,8.97,0.976,-0.9975640502598242,-0.06975647374412558,0.9141279881853337,0.40542572835999735
3409511,"Shivaji Nagar, Mumbai - BMC",ME,2026-03-11 00:00:00+05:30,0.0,,,0.0,0.0,0.0,0.0,0.0,0.0,1.0,0.9275416835791966,0.37371971479046906
3409511,"Shivaji Nagar, Mumbai - BMC",ME,2026-03-12 00:00:00+05:30,44.1,29.8,,0.506,18.4,8.51,0.0986,1.01,-0.9659258262890683,-0.25881904510252063,0.9338372288229252,0.35769823883312546
3409511,"Shivaji Nagar, Mumbai - BMC",ME,2026-03-13 00:00:00+05:30,44.8,31.5,50.5,1.23,10.1,30.7,0.255,0.875,-0.9945218953682734,-0.10452846326765336,0.9398560579418954,0.3415707691678556
3409511,"Shivaji Nagar, Mumbai - BMC",ME,2026-03-14 00:00:00+05:30,47.9,31.1,47.9,1.36,18.1,16.2,8.53,0.754,-0.9975640502598242,-0.06975647374412558,0.9455963874271426,0.3253420847119801
3409511,"Shivaji Nagar, Mumbai - BMC",ME,2026-03-15 00:00:00+05:30,30.3,29.2,60.9,1.4,11.4,11.3,3.72,0.378,-0.9975640502598242,-0.06975647374412558,0.9510565162951535,0.30901699437494745
3409511,"Shivaji Nagar, Mumbai - BMC",ME,2026-03-16 00:00:00+05:30,22.7,28.8,64.1,1.24,10.2,10.6,6.06,0.364,-0.9961946980917455,-0.08715574274765825,0.9562348265919056,0.29260033563334836
3409511,"Shivaji Nagar, Mumbai - BMC",ME,2026-03-17 00:00:00+05:30,26.2,28.3,62.0,1.36,10.5,16.3,4.8,0.385,-0.9975640502598242,-0.06975647374412558,0.9611297838723007,0.27609697309746883
3409511,"Shivaji Nagar, Mumbai - BMC",ME,2026-03-18 00:00:00+05:30,23.7,28.0,59.8,1.34,12.8,14.4,7.12,0.496,-0.9975640502598242,-0.06975647374412558,0.9657399376548549,0.2595117970697999
3409511,"Shivaji Nagar, Mumbai - BMC",ME,2026-03-19 00:00:00+05:30,20.3,28.4,60.0,1.4,9.97,13.0,4.58,0.426,-0.9975640502598242,-0.06975647374412558,0.9700639218515071,0.2428497220959356
3409511,"Shivaji Nagar, Mumbai - BMC",ME,2026-03-20 00:00:00+05:30,23.4,28.3,56.7,1.4,11.1,17.2,10.4,0.473,-0.9975640502598242,-0.06975647374412558,0.9741004551724205,0.22611568550828828
3409511,"Shivaji Nagar, Mumbai - BMC",ME,2026-03-21 00:00:00+05:30,28.3,29.3,46.4,1.42,12.8,30.3,6.32,0.595,-0.9986295347545738,-0.052335956242944306,0.9778483415056568,0.20931464596304847
3409511,"Shivaji Nagar, Mumbai - BMC",ME,2026-03-22 00:00:00+05:30,32.8,30.7,37.2,1.4,13.2,44.3,14.0,0.592,-0.9986295347545738,-0.052335956242944306,0.9813064702716093,0.19245158197082998
3409511,"Shivaji Nagar, Mumbai - BMC",ME,2026-03-23 00:00:00+05:30,46.5,31.6,36.0,1.42,18.6,34.2,9.79,0.759,-0.9986295347545738,-0.052335956242944306,0.9844738167520922,0.1755314904214282
3409511,"Shivaji Nagar, Mumbai - BMC",ME,2026-03-24 00:00:00+05:30,43.2,31.9,41.9,1.45,14.3,27.6,9.87,0.45,-0.9986295347545738,-0.052335956242944306,0.9873494423939864,0.15855938510313475
3409511,"Shivaji Nagar, Mumbai - BMC",ME,2026-03-25 00:00:00+05:30,32.2,31.3,51.7,1.39,12.3,25.6,10.7,0.451,-0.9975640502598242,-0.06975647374412558,0.989932495087353,0.141540295217043
3409511,"Shivaji Nagar, Mumbai - BMC",ME,2026-03-26 00:00:00+05:30,32.3,32.3,48.8,1.5,12.8,32.5,7.0,0.475,-0.9986295347545738,-0.052335956242944306,0.9922222094179323,0.12447926388678915
3409511,"Shivaji Nagar, Mumbai - BMC",ME,2026-03-27 00:00:00+05:30,33.1,32.7,45.1,1.46,15.0,29.4,9.13,0.459,-0.9986295347545738,-0.052335956242944306,0.994217906893952,0.10738134666416309
3409511,"Shivaji Nagar, Mumbai - BMC",ME,2026-03-28 00:00:00+05:30,17.3,30.2,65.2,1.43,9.55,14.9,1.58,0.311,-0.9986295347545738,-0.052335956242944306,0.995918996147179,0.09025161003104117
3409511,"Shivaji Nagar, Mumbai - BMC",ME,2026-03-29 00:00:00+05:30,9.03,29.6,66.8,1.35,7.25,8.09,0.746,0.264,-0.9975640502598242,-0.06975647374412558,0.9973249731081555,0.07309512989807777
3409511,"Shivaji Nagar, Mumbai - BMC",ME,2026-03-30 00:00:00+05:30,9.87,30.0,67.0,1.34,7.2,12.8,1.7,0.196,-0.9975640502598242,-0.06975647374412558,0.9984354211555643,0.055916990100603484
3409511,"Shivaji Nagar, Mumbai - BMC",ME,2026-03-31 00:00:00+05:30,5.98,30.1,62.9,1.5,5.85,11.1,3.3,0.2,-0.9993908270190958,-0.03489949670250076,0.9992500112396835,0.03872228089217446
3409511,"Shivaji Nagar, Mumbai - BMC",ME,2026-04-01 00:00:00+05:30,14.1,29.2,64.8,1.29,8.97,14.2,2.91,0.233,-0.9961946980917455,-0.08715574274765825,0.9997685019798909,0.021516097436222254
3409511,"Shivaji Nagar, Mumbai - BMC",ME,2026-04-02 00:00:00+05:30,12.7,28.8,62.7,1.66,10.5,23.1,8.34,0.23,-1.0,-1.8369701987210297e-16,0.9999907397361901,0.004303538296244289
3409511,"Shivaji Nagar, Mumbai - BMC",ME,2026-04-03 00:00:00+05:30,22.5,29.3,59.1,1.69,12.2,22.2,6.46,0.211,-0.9998476951563913,-0.017452406437283498,0.9999166586547379,-0.01291029607500882
3409511,"Shivaji Nagar, Mumbai - BMC",ME,2026-04-04 00:00:00+05:30,16.0,29.4,62.7,1.61,9.01,23.8,,0.54,-1.0,-1.8369701987210297e-16,0.9995462806873573,-0.030120304846908114
3409511,"Shivaji Nagar, Mumbai - BMC",ME,2026-04-05 00:00:00+05:30,13.9,29.0,59.9,1.59,11.6,15.3,,0.45,-1.0,-1.8369701987210297e-16,0.9988797155850336,-0.04732138832243185
3409511,"Shivaji Nagar, Mumbai - BMC",ME,2026-04-06 00:00:00+05:30,16.7,28.5,59.8,1.64,12.3,19.0,8.04,0.411,-1.0,-1.8369701987210297e-16,0.9979171608653922,-0.06450844944931623
3409511,"Shivaji Nagar, Mumbai - BMC",ME,2026-04-07 00:00:00+05:30,17.5,29.2,62.7,1.73,12.9,13.6,5.2,0.5,-0.9998476951563913,0.01745240643728313,0.9966589017541702,-0.08167639533042241
3409511,"Shivaji Nagar, Mumbai - BMC",ME,2026-04-08 00:00:00+05:30,22.4,30.1,64.1,1.81,11.3,4.47,0.289,0.648,-0.9986295347545738,0.052335956242943946,0.9951053111006976,-0.09882013873287143
3409511,"Shivaji Nagar, Mumbai - BMC",ME,2026-04-09 00:00:00+05:30,20.9,30.1,55.6,1.48,11.8,8.69,5.51,0.44,-0.9998476951563913,-0.017452406437283498,0.9932568492674143,-0.11593459959550041
3409511,"Shivaji Nagar, Mumbai - BMC",ME,2026-04-10 00:00:00+05:30,43.4,30.8,47.9,2.02,17.6,18.2,9.79,0.561,-0.9975640502598243,0.06975647374412522,0.9911140639934547,-0.1330147065341959
3409511,"Shivaji Nagar, Mumbai - BMC",ME,2026-04-11 00:00:00+05:30,40.0,31.6,60.2,2.07,16.5,26.5,6.35,0.537,-0.9961946980917455,0.08715574274765789,0.9886775902323405,-0.1500553983446526
3409511,"Shivaji Nagar, Mumbai - BMC",ME,2026-04-12 00:00:00+05:30,39.6,29.2,70.3,1.25,18.2,13.9,1.06,0.468,-0.9961946980917455,-0.08715574274765825,0.9859481499638304,-0.16705162550211924
3409511,"Shivaji Nagar, Mumbai - BMC",ME,2026-04-13 00:00:00+05:30,32.4,30.7,69.5,2.07,14.5,11.1,0.748,0.636,-0.9945218953682734,0.10452846326765299,0.9829265519799822,-0.18399835165768005
3409511,"Shivaji Nagar, Mumbai - BMC",ME,2026-04-14 00:00:00+05:30,39.3,31.6,63.7,2.45,14.3,18.8,5.82,0.387,-0.9848077530122081,0.17364817766692997,0.9796136916454901,-0.20089055513063506
3409511,"Shivaji Nagar, Mumbai - BMC",ME,2026-04-15 00:00:00+05:30,20.5,31.3,61.8,2.31,12.5,15.4,8.16,0.377,-0.9902680687415704,0.13917310096006547,0.9760105506323683,-0.21772323039653177
3409511,"Shivaji Nagar, Mumbai - BMC",ME,2026-04-16 00:00:00+05:30,21.4,29.9,65.7,3.24,12.7,15.2,5.24,0.324,-0.9396926207859083,0.342020143325669,0.9721181966290613,-0.23449138957040985
3409511,"Shivaji Nagar, Mumbai - BMC",ME,2026-04-17 00:00:00+05:30,21.2,30.0,67.2,2.09,13.6,13.4,6.15,0.467,-0.9961946980917455,0.08715574274765789,0.9679377830240642,-0.25119006388481935
3409511,"Shivaji Nagar, Mumbai - BMC",ME,2026-04-18 00:00:00+05:30,23.2,31.3,63.6,2.03,13.0,21.0,7.39,0.458,-0.9961946980917455,0.08715574274765789,0.9634705485641488,-0.2678143051621742
3409511,"Shivaji Nagar, Mumbai - BMC",ME,2026-04-19 00:00:00+05:30,31.1,31.9,53.4,2.07,15.1,16.7,3.47,0.443,-0.9961946980917455,0.08715574274765789,0.9587178169872964,-0.2843591872810034
3409511,"Shivaji Nagar, Mumbai - BMC",ME,2026-04-20 00:00:00+05:30,23.5,30.4,64.6,1.6,12.9,15.7,6.09,0.47,-0.9998476951563913,-0.017452406437283498,0.9536809966304457,-0.30081980763566735
3409511,"Shivaji Nagar, Mumbai - BMC",ME,2026-04-21 00:00:00+05:30,29.4,31.5,60.9,1.91,15.1,23.7,7.4,0.555,-0.9986295347545738,0.052335956242943946,0.9483615800121715,-0.3171912885891061
3409511,"Shivaji Nagar, Mumbai - BMC",ME,2026-04-22 00:00:00+05:30,27.0,31.3,59.5,2.18,15.1,16.0,9.16,0.468,-0.9945218953682734,0.10452846326765299,0.9427611433904207,-0.3334687789181868
3409511,"Shivaji Nagar, Mumbai - BMC",ME,2026-04-23 00:00:00+05:30,29.2,32.4,50.3,2.08,17.2,23.3,7.66,0.496,-0.9961946980917455,0.08715574274765789,0.9368813462954315,-0.3496474552512284
3409511,"Shivaji Nagar, Mumbai - BMC",ME,2026-04-24 00:00:00+05:30,28.6,32.9,58.4,2.02,17.9,16.3,5.21,0.533,-0.9975640502598243,0.06975647374412522,0.9307239310379795,-0.36572252349726897
3409511,"Shivaji Nagar, Mumbai - BMC",ME,2026-04-25 00:00:00+05:30,31.9,33.4,52.5,2.33,17.7,23.8,7.68,0.524,-0.9902680687415704,0.13917310096006547,0.9242907221930933,-0.3816892202666588
3409511,"Shivaji Nagar, Mumbai - BMC",ME,2026-04-26 00:00:00+05:30,41.9,32.5,60.8,2.32,14.8,11.4,5.37,0.588,-0.9902680687415704,0.13917310096006547,0.9175836260593937,-0.39754281428255595
3409511,"Shivaji Nagar, Mumbai - BMC",ME,2026-04-27 00:00:00+05:30,26.7,31.3,69.1,2.24,11.4,6.92,8.09,0.502,-0.992546151641322,0.12186934340514768,0.9106046300942162,-0.4132786077829042
3409511,"Shivaji Nagar, Mumbai - BMC",ME,2026-04-28 00:00:00+05:30,24.4,31.2,69.6,2.17,11.7,6.55,6.71,0.418,-0.9945218953682734,0.10452846326765299,0.9033558023246845,-0.4288919379124835
3409511,"Shivaji Nagar, Mumbai - BMC",ME,2026-04-29 00:00:00+05:30,24.2,31.5,67.2,2.46,11.9,6.14,10.4,0.488,-0.9876883405951378,0.15643446504023067,0.895839290734909,-0.4443781781046132
3409511,"Shivaji Nagar, Mumbai - BMC",ME,2026-04-30 00:00:00+05:30,21.8,31.2,68.5,2.16,11.6,6.23,13.5,0.627,-0.992546151641322,0.12186934340514768,0.8880573226294932,-0.45973273945210397
3409511,"Shivaji Nagar, Mumbai - BMC",ME,2026-05-01 00:00:00+05:30,21.0,31.3,66.9,2.4,9.94,6.51,12.2,0.625,-0.9961946980917455,0.08715574274765789,0.8800122039735357,-0.47495107206704995
3409511,"Shivaji Nagar, Mumbai - BMC",ME,2026-05-02 00:00:00+05:30,19.6,31.1,67.5,2.33,10.8,5.66,10.0,0.531,-0.9816271834476639,0.1908089953765451,0.8717063187093218,-0.4900286664290592
3409511,"Shivaji Nagar, Mumbai - BMC",ME,2026-05-03 00:00:00+05:30,24.3,31.7,65.7,2.0,10.3,7.29,14.1,0.67,-0.9961946980917455,0.08715574274765789,0.8631421280499114,-0.5049610547215204
3409511,"Shivaji Nagar, Mumbai - BMC",ME,2026-05-04 00:00:00+05:30,28.6,31.7,65.1,2.24,10.2,4.89,15.1,0.73,-0.9902680687415704,0.13917310096006547,0.854322169749827,-0.5197438121555155
3409511,"Shivaji Nagar, Mumbai - BMC",ME,2026-05-05 00:00:00+05:30,18.8,32.2,63.4,2.75,7.78,15.3,15.8,0.384,-0.9659258262890684,0.2588190451025203,0.8452490573530633,-0.5343725582809786
3409511,"Shivaji Nagar, Mumbai - BMC",ME,2026-05-06 00:00:00+05:30,25.4,33.6,56.9,3.62,8.11,15.0,13.5,0.262,-0.9135454576426011,0.40673664307579976,0.8359254794186372,-0.548842958284719
3409511,"Shivaji Nagar, Mumbai - BMC",ME,2026-05-07 00:00:00+05:30,23.6,32.5,64.3,3.37,7.89,15.7,2.48,0.264,-0.9335804264972017,0.3583679495453004,0.8263541987239096,-0.5631507242749186
3409511,"Shivaji Nagar, Mumbai - BMC",ME,2026-05-08 00:00:00+05:30,24.8,32.8,61.8,2.41,10.8,15.7,1.97,0.386,-0.9876883405951378,0.15643446504023067,0.8165380514459161,-0.5772916165517272
3409511,"Shivaji Nagar, Mumbai - BMC",ME,2026-05-09 00:00:00+05:30,26.4,33.1,61.2,2.54,14.2,14.2,2.75,0.493,-0.9848077530122081,0.17364817766692997,0.8064799463209448,-0.5912614448635781
3409511,"Shivaji Nagar, Mumbai - BMC",ME,2026-05-10 00:00:00+05:30,35.8,33.2,59.2,2.63,15.6,19.4,6.64,0.501,-0.9816271834476639,0.1908089953765451,0.7961828637826158,-0.6050560696488488
3409511,"Shivaji Nagar, Mumbai - BMC",ME,2026-05-11 00:00:00+05:30,24.1,33.6,58.9,2.53,9.11,12.0,3.67,0.655,-0.9848077530122081,0.17364817766692997,0.7856498550787147,-0.6186714032625031
3409511,"Shivaji Nagar, Mumbai - BMC",ME,2026-05-12 00:00:00+05:30,23.0,32.8,63.6,2.71,13.2,11.0,7.0,1.03,-0.9781476007338056,0.20791169081775943,0.7748840413670407,-0.6321034111873487
3409511,"Shivaji Nagar, Mumbai - BMC",ME,2026-05-13 00:00:00+05:30,18.8,32.3,66.9,2.0,14.9,9.69,4.32,0.84,-0.9975640502598243,0.06975647374412522,0.7638886127905428,-0.6453481132295501
3409511,"Shivaji Nagar, Mumbai - BMC",ME,2026-05-14 00:00:00+05:30,17.6,32.3,66.0,2.23,11.0,9.18,4.27,0.726,-0.992546151641322,0.12186934340514768,0.7526668275320085,-0.6584015846980488
3409511,"Shivaji Nagar, Mumbai - BMC",ME,2026-05-15 00:00:00+05:30,14.4,32.1,65.1,2.25,13.2,11.1,7.03,1.03,-0.992546151641322,0.12186934340514768,0.7412220108485958,-0.6712599575675313
3409511,"Shivaji Nagar, Mumbai - BMC",ME,2026-05-16 00:00:00+05:30,10.3,31.9,66.3,2.36,13.2,10.9,21.5,0.981,-0.9876883405951378,0.15643446504023067,0.7295575540864875,-0.6839194216246106
3409511,"Shivaji Nagar, Mumbai - BMC",ME,2026-05-17 00:00:00+05:30,11.3,32.2,66.9,2.5,13.2,11.0,6.99,1.03,-0.9993908270190958,-0.03489949670250076,0.717676913675962,-0.6963762255968722
3409511,"Shivaji Nagar, Mumbai - BMC",ME,2026-05-18 00:00:00+05:30,15.0,32.2,67.9,2.34,13.9,12.0,4.05,0.726,-0.9945218953682734,0.10452846326765299,0.705583610107178,-0.7086266782644596
3409511,"Shivaji Nagar, Mumbai - BMC",ME,2026-05-19 00:00:00+05:30,16.1,31.3,66.9,1.86,18.2,9.64,4.74,0.446,-0.9993908270190958,0.03489949670250128,0.6932812268869777,-0.7206671495538609
3409511,"Shivaji Nagar, Mumbai - BMC",ME,2026-05-20 00:00:00+05:30,16.8,31.9,64.4,2.42,24.4,6.42,11.6,0.627,-0.9848077530122081,0.17364817766692997,0.6807734094770161,-0.7324940716135789
3409511,"Shivaji Nagar, Mumbai - BMC",ME,2026-05-21 00:00:00+05:30,11.0,32.5,63.4,2.5,14.3,5.53,10.3,0.382,-0.9510565162951535,-0.30901699437494756,0.6680638642135335,-0.7441039398713607
3409511,"Shivaji Nagar, Mumbai - BMC",ME,2026-05-22 00:00:00+05:30,15.3,32.5,66.4,1.67,12.7,3.97,4.7,0.568,-0.9998476951563913,0.01745240643728313,0.6551563572090853,-0.7554933140726803
3409511,"Shivaji Nagar, Mumbai - BMC",ME,2026-05-23 00:00:00+05:30,13.6,32.5,67.7,1.64,12.5,2.67,3.96,0.592,-1.0,-1.8369701987210297e-16,0.6420547132365637,-0.766658819300159
3409511,"Shivaji Nagar, Mumbai - BMC",ME,2026-05-24 00:00:00+05:30,10.4,33.4,64.6,2.73,8.83,3.26,11.8,0.45,-0.9781476007338056,-0.2079116908177598,0.6287628145958344,-0.7775971469736269
3409511,"Shivaji Nagar, Mumbai - BMC",ME,2026-05-25 00:00:00+05:30,9.75,32.9,65.8,2.36,8.08,3.97,5.26,0.349,-0.9702957262759965,-0.24192189559966779,0.6152845999633276,-0.7883050558305255
3409511,"Shivaji Nagar, Mumbai - BMC",ME,2026-05-26 00:00:00+05:30,10.5,32.9,64.4,2.41,7.64,3.96,3.88,0.369,-0.882947592858927,-0.46947156278589075,0.6016240632249226,-0.7987793728863649
3409511,"Shivaji Nagar, Mumbai - BMC",ME,2026-05-27 00:00:00+05:30,9.55,32.8,62.8,2.58,7.72,4.64,7.82,0.327,-0.6946583704589973,-0.7193398003386511,0.5877852522924732,-0.8090169943749473
3409511,"Shivaji Nagar, Mumbai - BMC",ME,2026-05-28 00:00:00+05:30,11.7,33.3,60.3,2.71,7.26,7.69,5.45,0.346,-0.9975640502598243,0.06975647374412522,0.5737722679043246,-0.8190148866680801
3409511,"Shivaji Nagar, Mumbai - BMC",ME,2026-05-29 00:00:00+05:30,14.2,33.3,60.5,2.78,7.7,7.31,5.44,0.556,-0.9659258262890683,-0.25881904510252063,0.5595892624101765,-0.8287700871745038
3409511,"Shivaji Nagar, Mumbai - BMC",ME,2026-05-30 00:00:00+05:30,15.2,33.5,61.7,2.39,7.56,6.03,3.24,0.545,-0.9702957262759966,0.24192189559966742,0.545240438540651,-0.8382797052177744
3409511,"Shivaji Nagar, Mumbai - BMC",ME,2026-05-31 00:00:00+05:30,13.6,32.5,66.6,2.58,4.27,4.41,0.00615,0.33,-0.8290375725550418,-0.5591929034707466,0.5307300481619334,-0.8475409228928311
3409511,"Shivaji Nagar, Mumbai - BMC",ME,2026-06-01 00:00:00+05:30,10.5,33.0,62.8,2.57,20.1,4.24,15.0,0.362,-0.882947592858927,-0.46947156278589075,0.5160623910158528,-0.8565509959010036
3409511,"Shivaji Nagar, Mumbai - BMC",ME,2026-06-02 00:00:00+05:30,15.1,33.1,62.3,2.87,13.2,39.6,9.72,0.479,-0.9271838545667873,-0.3746065934159123,0.5012418134457758,-0.865307254363206
3409511,"Shivaji Nagar, Mumbai - BMC",ME,2026-06-03 00:00:00+05:30,23.5,32.0,62.4,2.42,18.0,,2.34,0.481,-0.9510565162951535,-0.30901699437494756,0.48627270710868997,-0.8738071036110808
3409511,"Shivaji Nagar, Mumbai - BMC",ME,2026-06-04 00:00:00+05:30,17.9,32.9,62.9,2.78,13.0,39.9,11.7,0.392,-0.8987940462991668,-0.43837114678907774,0.4711595076738638,-0.8820480249558537
3409511,"Shivaji Nagar, Mumbai - BMC",ME,2026-06-05 00:00:00+05:30,17.7,33.2,65.1,2.53,10.2,40.0,7.0,0.322,-0.9781476007338056,-0.2079116908177598,0.4559066935084588,-0.8900275764346767
3409511,"Shivaji Nagar, Mumbai - BMC",ME,2026-06-06 00:00:00+05:30,12.7,33.7,62.2,2.76,18.3,39.9,26.9,0.36,-0.9876883405951377,-0.15643446504023104,0.440518784350495,-0.8977433935342337
3409511,"Shivaji Nagar, Mumbai - BMC",ME,2026-06-07 00:00:00+05:30,15.3,33.7,62.3,3.7,9.31,39.9,6.38,0.221,-0.9510565162951535,-0.30901699437494756,0.42500033996955416,-0.9051931898913974
3409511,"Shivaji Nagar, Mumbai - BMC",ME,2026-06-09 00:00:00+05:30,25.6,32.4,66.4,0.725,16.6,39.9,0.0,0.243,-0.9743700647852351,-0.22495105434386525,0.39359027665646673,-0.9192859697186104
3409511,"Shivaji Nagar, Mumbai - BMC",ME,2026-06-10 00:00:00+05:30,19.9,32.9,63.3,1.97,7.72,40.0,6.19,0.21,-0.9975640502598243,0.06975647374412522,0.3777079652039649,-0.9259247771938498
3409511,"Shivaji Nagar, Mumbai - BMC",ME,2026-06-11 00:00:00+05:30,20.1,33.2,61.7,2.59,15.1,40.1,0.895,0.26,-0.984807753012208,-0.17364817766693033,0.36171373072976765,-0.9322892131745133
3409511,"Shivaji Nagar, Mumbai - BMC",ME,2026-06-12 00:00:00+05:30,20.6,33.1,63.9,2.16,12.3,40.0,0.0,0.287,-1.0,-1.8369701987210297e-16,0.3456123126707335,-0.9383773917408641
3409511,"Shivaji Nagar, Mumbai - BMC",ME,2026-06-13 00:00:00+05:30,20.6,31.5,70.5,0.46,9.78,40.2,0.945,0.378,-0.961261695938319,-0.2756373558169989,0.3294084822245304,-0.9441875088341993
3409511,"Shivaji Nagar, Mumbai - BMC",ME,2026-06-15 00:00:00+05:30,17.0,33.8,57.4,2.12,9.39,40.0,9.11,0.218,-0.9902680687415704,0.13917310096006547,0.29671281927349075,-0.9549667548552551
3409511,"Shivaji Nagar, Mumbai - BMC",ME,2026-06-16 00:00:00+05:30,14.0,33.2,59.8,3.19,9.01,40.0,8.32,0.199,-0.848048096156426,-0.529919264233205,0.28023067519921585,-0.9599326896597447
3409511,"Shivaji Nagar, Mumbai - BMC",ME,2026-06-17 00:00:00+05:30,15.1,33.1,59.0,2.76,13.7,40.1,2.95,0.252,-0.9659258262890683,-0.25881904510252063,0.26366549272800704,-0.9646141756912435
3409511,"Shivaji Nagar, Mumbai - BMC",ME,2026-06-18 00:00:00+05:30,14.1,33.0,58.0,2.9,15.5,40.1,41.0,0.324,-0.9876883405951377,-0.15643446504023104,0.24702218048093552,-0.9690098257244062
3409511,"Shivaji Nagar, Mumbai - BMC",ME,2026-06-19 00:00:00+05:30,17.1,32.8,57.9,2.63,15.3,40.0,9.52,0.339,-0.9902680687415703,-0.13917310096006583,0.23030567023061221,-0.9731183372332619
3409511,"Shivaji Nagar, Mumbai - BMC",ME,2026-06-20 00:00:00+05:30,17.5,32.6,59.4,2.21,17.4,40.0,10.7,0.397,-1.0,-1.8369701987210297e-16,0.21352091543979612,-0.9769384927771817
3409511,"Shivaji Nagar, Mumbai - BMC",ME,2026-06-21 00:00:00+05:30,11.4,31.5,66.7,1.96,7.65,40.1,0.769,0.383,-0.9510565162951535,-0.30901699437494756,0.19667288979357647,-0.980469160361632
3409511,"Shivaji Nagar, Mumbai - BMC",ME,2026-06-22 00:00:00+05:30,12.7,30.4,74.6,2.21,0.0,40.0,7.43,0.392,-0.8571673007021121,-0.5150380749100544,0.1797665857255624,-0.9837092937736097
3409511,"Shivaji Nagar, Mumbai - BMC",ME,2026-06-23 00:00:00+05:30,9.63,27.4,87.2,0.835,4.34,39.9,7.11,0.635,-0.981627183447664,-0.1908089953765446,0.16280701293851715,-0.986657932891657
3409511,"Shivaji Nagar, Mumbai - BMC",ME,2026-06-25 00:00:00+05:30,27.4,28.8,89.1,0.45,17.8,40.1,12.6,0.765,-0.961261695938319,-0.2756373558169989,0.12874817745258132,-0.99167731989929
3409511,"Shivaji Nagar, Mumbai - BMC",ME,2026-06-26 00:00:00+05:30,21.9,30.5,80.7,2.46,16.2,40.0,4.02,0.585,-0.9975640502598242,-0.06975647374412558,0.11165900712169512,-0.993746580436178
3409511,"Shivaji Nagar, Mumbai - BMC",ME,2026-06-29 00:00:00+05:30,7.2,15.9,43.4,1.44,9.47,39.8,3.07,0.459,-0.9986295347545738,-0.052335956242944306,0.06021327736579302,-0.9981855344718586
3409511,"Shivaji Nagar, Mumbai - BMC",ME,2026-06-30 00:00:00+05:30,10.1,15.9,51.8,1.01,16.8,39.1,3.31,0.591,-0.9902680687415703,-0.13917310096006583,0.04302223300453059,-0.99907411510223
3409511,"Shivaji Nagar, Mumbai - BMC",ME,2026-07-01 00:00:00+05:30,9.06,3.79,45.0,0.69,11.8,11.9,1.7,0.505,-0.9781476007338056,-0.2079116908177598,0.02581844022713308,-0.9996666485105112
3409511,"Shivaji Nagar, Mumbai - BMC",ME,2026-07-02 00:00:00+05:30,10.9,4.13,44.7,1.1,12.0,8.02,1.98,0.494,-0.9925461516413221,-0.12186934340514717,0.008606996888688698,-0.9999629591162655
3409511,"Shivaji Nagar, Mumbai - BMC",ME,2026-07-03 00:00:00+05:30,7.71,18.3,48.4,0.914,12.0,14.7,1.04,0.308,-0.984807753012208,-0.17364817766693033,-0.008606996888688009,-0.9999629591162655
3409511,"Shivaji Nagar, Mumbai - BMC",ME,2026-07-04 00:00:00+05:30,7.91,24.7,58.0,0.586,12.0,0.64,0.827,0.38,-0.9702957262759965,-0.24192189559966779,-0.02581844022713239,-0.9996666485105112
3409511,"Shivaji Nagar, Mumbai - BMC",ME,2026-07-05 00:00:00+05:30,3.98,24.5,60.5,0.74,12.0,3.92,6.24,0.24,-0.9781476007338056,-0.2079116908177598,-0.04302223300453034,-0.99907411510223
3409511,"Shivaji Nagar, Mumbai - BMC",ME,2026-07-06 00:00:00+05:30,6.72,24.2,60.4,0.584,12.0,3.81,4.82,0.164,-0.9702957262759965,-0.24192189559966779,-0.060213277365792774,-0.9981855344718586
3409511,"Shivaji Nagar, Mumbai - BMC",ME,2026-07-07 00:00:00+05:30,9.48,19.2,8.06,0.844,11.9,33.6,1.07,0.204,-0.984807753012208,-0.17364817766693033,-0.07738647923346322,-0.9970011699250151
3409511,"Shivaji Nagar, Mumbai - BMC",ME,2026-07-08 00:00:00+05:30,13.8,27.3,6.66,0.79,12.3,13.8,0.828,0.298,-0.981627183447664,-0.1908089953765446,-0.09453674981719933,-0.9955213724144752
3409511,"Shivaji Nagar, Mumbai - BMC",ME,2026-07-09 00:00:00+05:30,19.4,33.2,4.42,1.45,10.8,9.8,2.31,0.489,-0.9986295347545738,-0.052335956242944306,-0.11165900712169444,-0.9937465804361781
3409511,"Shivaji Nagar, Mumbai - BMC",ME,2026-07-10 00:00:00+05:30,16.7,39.9,18.5,1.81,8.59,5.68,3.02,0.446,-0.9975640502598243,0.06975647374412522,-0.12874817745258066,-0.99167731989929
3409511,"Shivaji Nagar, Mumbai - BMC",ME,2026-07-11 00:00:00+05:30,16.3,43.2,19.4,1.84,9.41,4.82,1.41,0.26,-0.9975640502598243,0.06975647374412522,-0.14579919691987442,-0.9893142039703664
3409511,"Shivaji Nagar, Mumbai - BMC",ME,2026-07-12 00:00:00+05:30,20.5,49.8,9.92,1.89,8.7,0.708,8.26,0.383,-1.0,-1.8369701987210297e-16,-0.16280701293851646,-0.9866579328916572
3409511,"Shivaji Nagar, Mumbai - BMC",ME,2026-07-13 00:00:00+05:30,23.7,52.4,12.4,2.06,9.59,8.29,4.27,0.39,-0.9945218953682734,0.10452846326765299,-0.17976658572556214,-0.9837092937736098
3409511,"Shivaji Nagar, Mumbai - BMC",ME,2026-07-14 00:00:00+05:30,19.7,49.1,11.5,1.93,10.6,8.96,3.77,0.429,-0.9986295347545738,-0.052335956242944306,-0.19667288979357622,-0.9804691603616321
3409511,"Shivaji Nagar, Mumbai - BMC",ME,2026-07-15 00:00:00+05:30,18.6,36.9,55.8,1.8,8.77,8.77,4.59,0.366,-0.9961946980917455,0.08715574274765789,-0.2135209154397959,-0.9769384927771817
3409511,"Shivaji Nagar, Mumbai - BMC",ME,2026-07-16 00:00:00+05:30,17.8,30.6,88.4,1.53,9.22,8.37,2.61,0.346,-0.9998476951563913,-0.017452406437283498,-0.23030567023061196,-0.973118337233262
3409511,"Shivaji Nagar, Mumbai - BMC",ME,2026-07-17 00:00:00+05:30,14.8,32.8,89.5,1.42,7.88,7.93,4.78,0.306,-0.9993908270190958,-0.03489949670250076,-0.24702218048093527,-0.9690098257244063
3409511,"Shivaji Nagar, Mumbai - BMC",ME,2026-07-18 00:00:00+05:30,12.3,32.8,91.5,1.16,8.07,7.61,2.55,0.467,-0.984807753012208,-0.17364817766693033,-0.2636654927280072,-0.9646141756912435
3409511,"Shivaji Nagar, Mumbai - BMC",ME,2026-07-19 00:00:00+05:30,9.14,33.6,92.7,1.39,9.89,7.32,3.37,0.511,-0.9945218953682734,-0.10452846326765336,-0.2802306751992161,-0.9599326896597445
3409511,"Shivaji Nagar, Mumbai - BMC",ME,2026-07-20 00:00:00+05:30,10.4,32.4,95.4,0.935,9.5,8.09,2.23,0.48,-0.9876883405951377,-0.15643446504023104,-0.2967128192734901,-0.9549667548552553
3409511,"Shivaji Nagar, Mumbai - BMC",ME,2026-07-21 00:00:00+05:30,14.5,34.2,92.2,1.25,9.37,7.99,3.74,0.632,-0.9975640502598242,-0.06975647374412558,-0.3131070409358267,-0.9497178427914317
3409511,"Shivaji Nagar, Mumbai - BMC",ME,2026-07-22 00:00:00+05:30,10.5,34.0,91.7,0.672,7.83,8.19,5.39,0.532,-0.9781476007338056,-0.2079116908177598,-0.3294084822245302,-0.9441875088341994
3409511,"Shivaji Nagar, Mumbai - BMC",ME,2026-07-23 00:00:00+05:30,14.6,36.1,87.4,0.559,7.76,8.28,2.04,0.563,-0.9702957262759965,-0.24192189559966779,-0.3456123126707333,-0.9383773917408642
3409511,"Shivaji Nagar, Mumbai - BMC",ME,2026-07-24 00:00:00+05:30,13.1,23.3,86.2,1.29,9.03,4.07,0.0557,0.649,-0.9986295347545738,-0.052335956242944306,-0.3617137307297674,-0.9322892131745134
3409511,"Shivaji Nagar, Mumbai - BMC",ME,2026-07-25 00:00:00+05:30,15.8,28.2,85.2,1.72,28.4,4.67,3.29,0.502,-1.0,-1.8369701987210297e-16,-0.37770796520396466,-0.9259247771938499
3409511,"Shivaji Nagar, Mumbai - BMC",ME,2026-07-26 00:00:00+05:30,12.2,23.7,85.6,1.5,11.2,5.42,4.67,0.461,-0.9998476951563913,0.01745240643728313,-0.39359027665646645,-0.9192859697186105
3409511,"Shivaji Nagar, Mumbai - BMC",ME,2026-07-27 00:00:00+05:30,11.8,32.0,87.3,1.19,10.6,7.74,1.77,0.45,-0.9945218953682734,-0.10452846326765336,-0.4093559588156211,-0.9123747579707274
3409511,"Shivaji Nagar, Mumbai - BMC",ME,2026-07-28 00:00:00+05:30,14.2,30.2,87.2,1.72,7.61,4.74,0.75,0.439,-0.9986295347545738,-0.052335956242944306,-0.42500033996955394,-0.9051931898913975
3409511,"Shivaji Nagar, Mumbai - BMC",ME,2026-07-29 00:00:00+05:30,15.8,25.4,84.3,1.68,7.1,4.04,2.71,0.388,-0.9993908270190958,0.03489949670250128,-0.4405187843504952,-0.8977433935342336
3409511,"Shivaji Nagar, Mumbai - BMC",ME,2026-07-30 00:00:00+05:30,15.3,10.7,72.2,1.11,15.1,3.33,1.2,0.331,-0.9925461516413221,-0.12186934340514717,-0.455906693508459,-0.8900275764346766
3409511,"Shivaji Nagar, Mumbai - BMC",ME,2026-07-31 00:00:00+05:30,14.0,9.33,72.6,0.792,10.1,3.53,6.76,0.381,-0.9781476007338056,-0.2079116908177598,-0.47115950767386394,-0.8820480249558535
3409511,"Shivaji Nagar, Mumbai - BMC",ME,2026-08-01 00:00:00+05:30,16.7,10.5,73.3,1.42,9.04,4.19,0.58,0.413,-0.9998476951563913,-0.017452406437283498,-0.4862727071086902,-0.8738071036110807
3409511,"Shivaji Nagar, Mumbai - BMC",ME,2026-08-02 00:00:00+05:30,13.1,9.63,77.1,0.986,9.09,4.33,14.3,0.531,-0.9876883405951377,-0.15643446504023104,-0.5012418134457756,-0.8653072543632061
3409511,"Shivaji Nagar, Mumbai - BMC",ME,2026-08-03 00:00:00+05:30,14.2,17.1,88.7,1.25,9.88,4.79,0.741,0.407,-0.9945218953682734,-0.10452846326765336,-0.5160623910158526,-0.8565509959010037
3409511,"Shivaji Nagar, Mumbai - BMC",ME,2026-08-04 00:00:00+05:30,12.6,19.1,90.7,1.77,10.2,5.05,13.5,0.462,-0.9961946980917455,-0.08715574274765825,-0.5307300481619331,-0.8475409228928312
3409511,"Shivaji Nagar, Mumbai - BMC",ME,2026-08-05 00:00:00+05:30,17.9,17.4,92.1,0.627,12.1,3.81,10.8,0.78,-0.9702957262759965,-0.24192189559966779,-0.5452404385406507,-0.8382797052177745
3409511,"Shivaji Nagar, Mumbai - BMC",ME,2026-08-06 00:00:00+05:30,14.4,18.8,86.1,1.66,8.54,4.19,3.64,0.373,-0.9945218953682734,-0.10452846326765336,-0.5595892624101763,-0.828770087174504
3409511,"Shivaji Nagar, Mumbai - BMC",ME,2026-08-07 00:00:00+05:30,12.1,16.9,89.2,1.74,8.58,4.68,9.56,0.372,-0.9993908270190958,0.03489949670250128,-0.5737722679043243,-0.8190148866680802
3409511,"Shivaji Nagar, Mumbai - BMC",ME,2026-08-08 00:00:00+05:30,18.0,29.6,89.3,1.18,9.08,6.37,0.35,0.268,-0.9925461516413221,-0.12186934340514717,-0.5877852522924734,-0.8090169943749472
3409511,"Shivaji Nagar, Mumbai - BMC",ME,2026-08-09 00:00:00+05:30,13.5,25.5,97.4,1.85,,,,,-0.9993908270190958,0.03489949670250128,-0.6016240632249227,-0.7987793728863648
3409511,"Shivaji Nagar, Mumbai - BMC",ME,2026-08-10 00:00:00+05:30,14.6,28.9,,1.78,83.5,3.38,10.9,0.538,-0.9975640502598243,0.06975647374412522,-0.6152845999633277,-0.7883050558305253
3409511,"Shivaji Nagar, Mumbai - BMC",ME,2026-08-11 00:00:00+05:30,14.7,40.0,,0.929,26.7,2.41,13.2,0.472,-0.984807753012208,-0.17364817766693033,-0.6287628145958345,-0.7775971469736268
3409511,"Shivaji Nagar, Mumbai - BMC",ME,2026-08-12 00:00:00+05:30,14.2,26.4,82.4,1.44,22.5,2.52,9.3,0.417,-0.9986295347545738,-0.052335956242944306,-0.6420547132365636,-0.7666588193001592
3409511,"Shivaji Nagar, Mumbai - BMC",ME,2026-08-13 00:00:00+05:30,19.3,17.4,89.7,1.19,15.7,2.33,16.3,0.716,-0.9945218953682734,-0.10452846326765336,-0.655156357209085,-0.7554933140726804
3409511,"Shivaji Nagar, Mumbai - BMC",ME,2026-08-14 00:00:00+05:30,19.9,17.2,85.7,1.69,11.2,2.04,3.91,0.545,-0.9975640502598243,0.06975647374412522,-0.6680638642135333,-0.7441039398713608
3409511,"Shivaji Nagar, Mumbai - BMC",ME,2026-08-15 00:00:00+05:30,16.5,16.2,91.7,1.18,12.3,2.27,6.37,0.66,-0.9945218953682734,-0.10452846326765336,-0.6807734094770159,-0.7324940716135792
3409511,"Shivaji Nagar, Mumbai - BMC",ME,2026-08-16 00:00:00+05:30,15.9,16.4,84.9,2.14,10.1,3.22,4.05,0.505,-1.0,-1.8369701987210297e-16,-0.6932812268869771,-0.7206671495538615
3409511,"Shivaji Nagar, Mumbai - BMC",ME,2026-08-17 00:00:00+05:30,20.9,14.2,87.1,1.05,9.46,3.26,6.6,0.653,-0.9902680687415703,-0.13917310096006583,-0.7055836101071774,-0.70862667826446
3409511,"Shivaji Nagar, Mumbai - BMC",ME,2026-08-18 00:00:00+05:30,17.4,18.2,83.9,1.76,7.07,1.94,6.86,0.372,-0.9998476951563913,-0.017452406437283498,-0.7176769136759615,-0.6963762255968726
3409511,"Shivaji Nagar, Mumbai - BMC",ME,2026-08-19 00:00:00+05:30,14.7,23.4,80.5,1.94,6.93,6.82,7.13,0.295,-0.9925461516413221,-0.12186934340514717,-0.7295575540864876,-0.6839194216246105
3409511,"Shivaji Nagar, Mumbai - BMC",ME,2026-08-20 00:00:00+05:30,14.0,28.6,78.7,1.26,8.64,11.6,1.17,0.473,-0.9961946980917455,-0.08715574274765825,-0.7412220108485957,-0.6712599575675315
3409511,"Shivaji Nagar, Mumbai - BMC",ME,2026-08-21 00:00:00+05:30,15.1,31.8,75.9,1.62,7.08,12.3,8.11,0.369,-0.9993908270190958,0.03489949670250128,-0.7526668275320083,-0.6584015846980489
3409511,"Shivaji Nagar, Mumbai - BMC",ME,2026-08-22 00:00:00+05:30,16.2,33.6,77.3,1.42,7.66,12.0,5.03,0.44,-0.9998476951563913,-0.017452406437283498,-0.7638886127905429,-0.64534811322955
3409511,"Shivaji Nagar, Mumbai - BMC",ME,2026-08-23 00:00:00+05:30,13.1,31.7,72.7,1.68,7.13,11.9,2.51,0.406,-0.9993908270190958,0.03489949670250128,-0.7748840413670406,-0.6321034111873488
3409511,"Shivaji Nagar, Mumbai - BMC",ME,2026-08-24 00:00:00+05:30,16.9,34.4,74.7,1.5,7.9,11.5,2.67,0.388,-0.9998476951563913,-0.017452406437283498,-0.7856498550787144,-0.6186714032625032
3409511,"Shivaji Nagar, Mumbai - BMC",ME,2026-08-25 00:00:00+05:30,20.7,33.7,70.1,1.47,7.7,11.9,5.21,0.346,-0.9993908270190958,-0.03489949670250076,-0.7961828637826154,-0.6050560696488494
3409511,"Shivaji Nagar, Mumbai - BMC",ME,2026-08-26 00:00:00+05:30,19.8,35.7,70.4,1.77,6.24,11.9,3.97,0.306,-0.9975640502598243,0.06975647374412522,-0.8064799463209447,-0.5912614448635782
3409511,"Shivaji Nagar, Mumbai - BMC",ME,2026-08-27 00:00:00+05:30,14.8,33.1,67.3,1.9,6.03,11.7,2.3,0.28,-0.992546151641322,0.12186934340514768,-0.8165380514459157,-0.5772916165517278
3409511,"Shivaji Nagar, Mumbai - BMC",ME,2026-08-28 00:00:00+05:30,20.7,33.9,65.9,0.4,7.71,12.4,0.68,0.73,-0.961261695938319,-0.2756373558169989,-0.8263541987239094,-0.5631507242749187
3409511,"Shivaji Nagar, Mumbai - BMC",ME,2026-08-29 00:00:00+05:30,10.6,33.7,65.9,0.426,5.33,13.2,0.666,0.249,-0.961261695938319,-0.2756373558169989,-0.8359254794186365,-0.5488429582847199
3409511,"Shivaji Nagar, Mumbai - BMC",ME,2026-08-30 00:00:00+05:30,12.7,38.2,68.5,2.2,6.55,13.5,6.35,0.371,-0.9945218953682734,-0.10452846326765336,-0.8452490573530634,-0.5343725582809785
3409511,"Shivaji Nagar, Mumbai - BMC",ME,2026-08-31 00:00:00+05:30,12.5,34.0,74.0,1.56,6.99,12.9,3.26,0.366,-0.9993908270190958,-0.03489949670250076,-0.8543221697498269,-0.5197438121555157
3409511,"Shivaji Nagar, Mumbai - BMC",ME,2026-09-01 00:00:00+05:30,15.1,30.9,80.0,1.73,7.47,12.1,2.05,0.509,-1.0,-1.8369701987210297e-16,-0.8631421280499115,-0.5049610547215202
3409511,"Shivaji Nagar, Mumbai - BMC",ME,2026-09-02 00:00:00+05:30,15.7,31.0,87.1,1.49,8.62,11.1,3.52,0.567,-0.9993908270190958,-0.03489949670250076,-0.8717063187093217,-0.4900286664290594
3409511,"Shivaji Nagar, Mumbai - BMC",ME,2026-09-03 00:00:00+05:30,20.5,30.8,86.4,1.46,8.83,10.7,4.46,0.566,-0.9902680687415703,-0.13917310096006583,-0.8800122039735356,-0.4749510720670502
3409511,"Shivaji Nagar, Mumbai - BMC",ME,2026-09-04 00:00:00+05:30,18.9,30.5,81.4,1.68,8.18,11.7,4.55,0.522,-0.9986295347545738,0.052335956242943946,-0.888057322629493,-0.4597327394521046
3409511,"Shivaji Nagar, Mumbai - BMC",ME,2026-09-05 00:00:00+05:30,15.8,30.2,84.4,1.58,8.62,11.2,2.79,0.509,-0.9986295347545738,0.052335956242943946,-0.8958392907349089,-0.4443781781046134
3409511,"Shivaji Nagar, Mumbai - BMC",ME,2026-09-06 00:00:00+05:30,14.6,31.2,90.5,1.38,7.95,10.7,5.07,0.502,-0.9876883405951377,-0.15643446504023104,-0.9033558023246842,-0.4288919379124841
3409511,"Shivaji Nagar, Mumbai - BMC",ME,2026-09-07 00:00:00+05:30,16.4,30.2,84.7,1.75,8.21,10.9,5.18,0.456,-0.9902680687415703,-0.13917310096006583,-0.9106046300942162,-0.41327860778290443
3409511,"Shivaji Nagar, Mumbai - BMC",ME,2026-09-08 00:00:00+05:30,12.5,30.0,78.4,1.81,7.06,10.9,5.52,0.317,-1.0,-1.8369701987210297e-16,-0.9175836260593934,-0.3975428142825566
3409511,"Shivaji Nagar, Mumbai - BMC",ME,2026-09-09 00:00:00+05:30,13.7,30.1,80.4,1.48,7.15,11.6,4.78,0.36,-1.0,-1.8369701987210297e-16,-0.9242907221930934,-0.3816892202666586
3409511,"Shivaji Nagar, Mumbai - BMC",ME,2026-09-10 00:00:00+05:30,12.6,28.4,86.3,1.16,7.98,11.6,6.94,0.499,-0.9961946980917455,-0.08715574274765825,-0.9307239310379793,-0.3657225234972692
3409511,"Shivaji Nagar, Mumbai - BMC",ME,2026-09-11 00:00:00+05:30,18.5,28.6,85.1,1.38,8.68,11.2,0.671,0.483,-0.9993908270190958,-0.03489949670250076,-0.9368813462954315,-0.34964745525122826
3409511,"Shivaji Nagar, Mumbai - BMC",ME,2026-09-12 00:00:00+05:30,15.3,29.1,85.0,1.4,8.65,10.9,4.64,0.427,-0.9993908270190958,-0.03489949670250076,-0.9427611433904206,-0.33346877891818705
3409511,"Shivaji Nagar, Mumbai - BMC",ME,2026-09-13 00:00:00+05:30,18.6,27.0,91.8,0.661,12.4,11.2,2.48,0.619,-0.9743700647852351,-0.22495105434386525,-0.9483615800121716,-0.31719128858910595
3409511,"Shivaji Nagar, Mumbai - BMC",ME,2026-09-14 00:00:00+05:30,16.7,28.0,87.3,1.32,12.6,11.7,1.51,0.634,-0.9975640502598242,-0.06975647374412558,-0.9536809966304455,-0.300819807635668
3409511,"Shivaji Nagar, Mumbai - BMC",ME,2026-09-15 00:00:00+05:30,24.4,29.3,88.4,1.82,10.2,11.0,3.74,0.696,-0.981627183447664,-0.1908089953765446,-0.9587178169872964,-0.2843591872810036
3409511,"Shivaji Nagar, Mumbai - BMC",ME,2026-09-16 00:00:00+05:30,15.5,28.0,83.3,1.58,11.7,11.5,2.07,0.577,-1.0,-1.8369701987210297e-16,-0.9634705485641486,-0.26781430516217486
3409511,"Shivaji Nagar, Mumbai - BMC",ME,2026-09-17 00:00:00+05:30,24.9,29.1,83.4,1.44,11.7,11.9,3.9,0.617,-0.9998476951563913,-0.017452406437283498,-0.9679377830240642,-0.25119006388481957
3409512,"Kandivali West, Mumbai - BMC",RC,2025-10-12 00:00:00+05:30,52.2,28.5,59.2,2.15,12.4,92.2,2.35,0.46,0.6018150231520482,-0.7986355100472929,-0.9844738167520923,0.17553149042142777
3409512,"Kandivali West, Mumbai - BMC",RC,2025-10-13 00:00:00+05:30,44.3,28.4,61.8,2.19,12.7,79.1,1.48,0.516,0.5877852522924732,-0.8090169943749473,-0.9813064702716093,0.19245158197082995
3409512,"Kandivali West, Mumbai - BMC",RC,2025-10-14 00:00:00+05:30,42.7,28.4,56.1,2.07,15.1,29.9,1.01,0.482,0.6156614753256584,-0.7880107536067219,-0.9778483415056567,0.20931464596304888
3409512,"Kandivali West, Mumbai - BMC",RC,2025-10-15 00:00:00+05:30,44.9,28.8,55.8,2.1,21.9,21.1,0.648,0.594,,,-0.9741004551724206,0.22611568550828803
3409512,"Kandivali West, Mumbai - BMC",RC,2025-10-16 00:00:00+05:30,39.1,29.3,68.4,2.33,18.5,19.9,0.0223,0.379,0.5446390350150273,-0.8386705679454239,-0.970063921851507,0.2428497220959358
3409512,"Kandivali West, Mumbai - BMC",RC,2025-10-17 00:00:00+05:30,24.2,29.9,62.1,2.18,13.0,19.7,1.24,0.419,0.5877852522924732,-0.8090169943749473,-0.965739937654855,0.25951179706979943
3409512,"Kandivali West, Mumbai - BMC",RC,2025-10-18 00:00:00+05:30,44.7,29.8,53.4,1.97,15.9,23.9,0.736,0.516,0.6293203910498374,-0.7771459614569709,-0.9611297838723007,0.27609697309746883
3409512,"Kandivali West, Mumbai - BMC",RC,2025-10-19 00:00:00+05:30,65.3,29.7,52.7,1.96,13.7,27.2,1.36,0.43,0.6293203910498374,-0.7771459614569709,-0.9562348265919058,0.2926003356333479
3409512,"Kandivali West, Mumbai - BMC",RC,2025-10-20 00:00:00+05:30,102.0,29.2,62.6,2.17,17.0,17.2,1.31,0.566,0.5877852522924732,-0.8090169943749473,-0.9510565162951536,0.30901699437494723
3409512,"Kandivali West, Mumbai - BMC",RC,2025-10-21 00:00:00+05:30,109.0,29.2,51.9,1.94,13.8,26.4,0.926,0.423,0.6427876096865395,-0.7660444431189779,-0.9455963874271428,0.3253420847119795
3409512,"Kandivali West, Mumbai - BMC",RC,2025-10-22 00:00:00+05:30,61.2,29.4,62.3,2.17,11.1,20.8,2.61,0.311,0.5877852522924732,-0.8090169943749473,-0.9398560579418953,0.341570769167856
3409512,"Kandivali West, Mumbai - BMC",RC,2025-10-23 00:00:00+05:30,50.9,30.5,55.6,2.0,13.1,13.4,0.902,0.363,0.6156614753256584,-0.7880107536067219,-0.9338372288229252,0.35769823883312546
3409512,"Kandivali West, Mumbai - BMC",RC,2025-10-24 00:00:00+05:30,35.8,29.9,64.2,2.19,11.4,11.7,0.865,0.233,0.5735764363510459,-0.8191520442889919,-0.9275416835791965,0.3737197147904692
3409512,"Kandivali West, Mumbai - BMC",RC,2025-10-25 00:00:00+05:30,10.9,28.7,72.8,2.41,15.2,3.15,0.000451,0.348,0.5299192642332049,-0.848048096156426,-0.9209712877166347,0.38963044953078774
3409512,"Kandivali West, Mumbai - BMC",RC,2025-10-26 00:00:00+05:30,9.69,27.6,76.5,2.5,12.3,0.702,0.851,0.252,0.49999999999999994,-0.8660254037844387,-0.9141279881853337,0.4054257283599973
3409512,"Kandivali West, Mumbai - BMC",RC,2025-10-27 00:00:00+05:30,7.92,27.7,81.6,2.64,13.8,3.5,0.0794,0.32,0.48480962024633717,-0.8746197071393957,-0.9070138128026362,0.42110087079608916
3409512,"Kandivali West, Mumbai - BMC",RC,2025-10-28 00:00:00+05:30,18.6,28.2,76.1,2.47,12.6,11.6,0.958,0.315,0.49999999999999994,-0.8660254037844387,-0.8996308696522434,0.4366512319560638
3409512,"Kandivali West, Mumbai - BMC",RC,2025-10-29 00:00:00+05:30,23.1,29.0,69.6,2.31,13.8,13.6,2.12,0.279,0.5446390350150273,-0.8386705679454239,-0.8919813464595487,0.45207220393230374
3409512,"Kandivali West, Mumbai - BMC",RC,2025-10-30 00:00:00+05:30,15.5,27.3,81.3,2.59,17.9,9.31,0.878,0.38,0.4694715627858907,-0.882947592858927,-0.8840675099433637,0.46735921715800205
3409512,"Kandivali West, Mumbai - BMC",RC,2025-10-31 00:00:00+05:30,15.6,27.2,84.9,2.67,16.6,5.81,1.82,0.421,0.45399049973954686,-0.8910065241883678,-0.8758917051442433,0.48250774176121763
3409512,"Kandivali West, Mumbai - BMC",RC,2025-11-01 00:00:00+05:30,10.5,27.9,86.8,2.71,13.7,3.73,0.0,0.349,0.4383711467890773,-0.898794046299167,-0.8674563547295971,0.4975132889071803
3409512,"Kandivali West, Mumbai - BMC",RC,2025-11-02 00:00:00+05:30,14.5,26.6,88.1,2.79,16.2,0.729,0.0,0.424,0.45399049973954686,-0.8910065241883678,-0.858763958275803,0.5123714121284235
3409512,"Kandivali West, Mumbai - BMC",RC,2025-11-03 00:00:00+05:30,18.8,27.5,84.9,2.66,20.0,2.79,0.392,0.424,0.45399049973954686,-0.8910065241883678,-0.8498170915275277,0.5270777086423724
3409512,"Kandivali West, Mumbai - BMC",RC,2025-11-04 00:00:00+05:30,16.5,27.9,82.4,2.57,8.84,16.1,1.93,0.223,0.4694715627858907,-0.882947592858927,-0.8406184056344783,0.5416278206559811
3409512,"Kandivali West, Mumbai - BMC",RC,2025-11-05 00:00:00+05:30,18.5,26.8,71.7,2.34,9.33,15.6,1.97,0.298,0.5299192642332049,-0.848048096156426,-0.8311706263658079,0.5560174366570446
3409512,"Kandivali West, Mumbai - BMC",RC,2025-11-06 00:00:00+05:30,38.1,26.8,76.3,2.42,10.6,30.1,1.87,0.264,0.5150380749100544,-0.8571673007021122,-0.8214765533024145,0.5702422926917867
3409512,"Kandivali West, Mumbai - BMC",RC,2025-11-07 00:00:00+05:30,45.5,27.5,67.0,2.23,15.9,32.5,1.12,0.466,0.5591929034707469,-0.8290375725550416,-0.8115390590073611,0.5842981736283683
3409512,"Kandivali West, Mumbai - BMC",RC,2025-11-08 00:00:00+05:30,33.6,27.5,44.0,1.71,14.7,30.1,1.29,0.355,0.6819983600624985,-0.7313537016191705,-0.801361088174677,0.5981809144059158
3409512,"Kandivali West, Mumbai - BMC",RC,2025-11-09 00:00:00+05:30,31.3,26.3,43.2,1.73,18.5,27.6,2.69,0.374,0.6819983600624985,-0.7313537016191705,-0.7909456567567774,0.6118864012687242
3409512,"Kandivali West, Mumbai - BMC",RC,2025-11-10 00:00:00+05:30,40.7,24.7,51.3,1.93,32.6,12.6,1.32,0.719,0.6293203910498374,-0.7771459614569709,-0.780295851070776,0.6254105729852457
3409512,"Kandivali West, Mumbai - BMC",RC,2025-11-11 00:00:00+05:30,44.0,26.2,54.5,1.98,25.6,34.6,5.14,0.492,0.6156614753256584,-0.7880107536067219,-0.7694148268839381,0.6387494220515268
3409512,"Kandivali West, Mumbai - BMC",RC,2025-11-12 00:00:00+05:30,50.4,26.4,33.7,1.51,12.6,39.5,5.0,0.391,0.7193398003386511,-0.6946583704589974,-0.7583058084785625,0.6518989958787125
3409512,"Kandivali West, Mumbai - BMC",RC,2025-11-13 00:00:00+05:30,57.2,26.7,34.2,1.51,19.6,39.7,5.78,0.548,0.7193398003386511,-0.6946583704589974,-0.7469720876965551,0.6648553979642866
3409512,"Kandivali West, Mumbai - BMC",RC,2025-11-14 00:00:00+05:30,58.8,26.6,37.9,1.62,22.5,40.4,5.78,0.558,0.6946583704589971,-0.7193398003386513,-0.7354170229639858,0.6776147890466887
3409512,"Kandivali West, Mumbai - BMC",RC,2025-11-15 00:00:00+05:30,58.5,26.2,31.1,1.44,23.7,35.0,6.36,0.628,0.7431448254773942,-0.6691306063588582,-0.7236440382959124,0.690173388242972
3409512,"Kandivali West, Mumbai - BMC",RC,2025-11-16 00:00:00+05:30,59.6,25.9,32.6,1.45,22.1,36.9,6.58,0.475,0.7313537016191706,-0.6819983600624984,-0.711656622281775,0.7025274741691566
3409512,"Kandivali West, Mumbai - BMC",RC,2025-11-17 00:00:00+05:30,61.2,25.8,28.6,1.38,16.6,54.5,9.2,0.493,0.7547095802227721,-0.6560590289905072,-0.6994583270516471,0.7146733860429608
3409512,"Kandivali West, Mumbai - BMC",RC,2025-11-18 00:00:00+05:30,69.8,24.2,36.2,1.54,22.0,43.1,7.11,0.665,0.7193398003386511,-0.6946583704589974,-0.6870527672236675,0.7266075247685652
3409512,"Kandivali West, Mumbai - BMC",RC,2025-11-19 00:00:00+05:30,68.1,25.7,30.1,1.39,27.3,40.4,7.17,0.625,0.7547095802227721,-0.6560590289905072,-0.6744436188329457,0.7383263540031063
3409512,"Kandivali West, Mumbai - BMC",RC,2025-11-20 00:00:00+05:30,77.5,25.8,37.7,1.57,29.1,39.0,7.51,0.747,0.7193398003386511,-0.6946583704589974,-0.661634618242279,0.749826401204568
3409512,"Kandivali West, Mumbai - BMC",RC,2025-11-21 00:00:00+05:30,82.0,26.1,42.5,1.67,30.5,38.6,7.94,0.7,0.6946583704589971,-0.7193398003386513,-0.6486295610349818,0.7611042586607742
3409512,"Kandivali West, Mumbai - BMC",RC,2025-11-22 00:00:00+05:30,87.9,26.7,52.4,1.9,37.0,40.7,7.25,0.99,0.6427876096865395,-0.7660444431189779,-0.6354323008901775,0.7721565844991641
3409512,"Kandivali West, Mumbai - BMC",RC,2025-11-23 00:00:00+05:30,81.3,26.8,56.9,1.97,38.4,30.2,6.42,0.991,0.6156614753256584,-0.7880107536067219,-0.622046748440868,0.7829801036770624
3409512,"Kandivali West, Mumbai - BMC",RC,2025-11-24 00:00:00+05:30,87.0,27.1,62.6,2.13,23.5,40.7,5.41,0.584,0.5735764363510459,-0.8191520442889919,-0.6084768701151264,0.7935716089521472
3409512,"Kandivali West, Mumbai - BMC",RC,2025-12-02 00:00:00+05:30,52.2,27.1,37.6,1.54,20.9,49.0,7.96,0.633,0.7071067811865476,-0.7071067811865475,-0.49377555015997737,0.8695893893466109
3409512,"Kandivali West, Mumbai - BMC",RC,2025-12-03 00:00:00+05:30,52.6,25.9,43.4,1.73,23.7,26.4,8.41,0.73,0.6691306063588583,-0.7431448254773941,-0.4787338401157883,0.8779600847008883
3409512,"Kandivali West, Mumbai - BMC",RC,2025-12-04 00:00:00+05:30,57.6,24.3,45.2,1.71,22.3,26.2,7.24,0.515,0.6691306063588583,-0.7431448254773941,-0.4635502709028512,0.8860706215341378
3409512,"Kandivali West, Mumbai - BMC",RC,2025-12-05 00:00:00+05:30,74.8,24.7,,1.82,,,,,0.6427876096865395,-0.7660444431189779,-0.4482293417404106,0.893918596519257
3409512,"Kandivali West, Mumbai - BMC",RC,2025-12-06 00:00:00+05:30,47.9,26.1,,1.61,,58.7,,0.32,0.6819983600624985,-0.7313537016191705,-0.4327755925504317,0.9015016841318838
3409512,"Kandivali West, Mumbai - BMC",RC,2025-12-07 00:00:00+05:30,38.8,24.1,59.9,2.02,,15.0,6.25,0.62,0.5877852522924732,-0.8090169943749473,-0.41719360261231697,0.9088176373395028
3409512,"Kandivali West, Mumbai - BMC",RC,2025-12-10 00:00:00+05:30,17.2,27.2,29.5,1.4,23.0,41.7,7.8,0.583,0.7431448254773942,-0.6691306063588582,-0.3697245428906732,0.9291414114031743
3409512,"Kandivali West, Mumbai - BMC",RC,2025-12-11 00:00:00+05:30,18.8,25.9,,1.22,17.8,30.6,4.66,0.358,,,-0.3536761221763721,0.935367949313148
3409512,"Kandivali West, Mumbai - BMC",RC,2025-12-12 00:00:00+05:30,35.7,24.4,,1.61,19.5,45.9,6.09,0.702,0.6946583704589971,-0.7193398003386513,-0.33752289959411347,0.941317317512847
3409512,"Kandivali West, Mumbai - BMC",RC,2025-12-13 00:00:00+05:30,44.3,25.5,35.9,1.55,28.1,38.3,18.0,0.948,0.7313537016191706,-0.6819983600624984,-0.32126966169236515,0.9469877530760751
3409512,"Kandivali West, Mumbai - BMC",RC,2025-12-14 00:00:00+05:30,52.6,25.4,34.3,1.53,29.2,,5.98,1.06,,,-0.3049212246562894,0.9523775757303973
3409512,"Kandivali West, Mumbai - BMC",RC,2025-12-15 00:00:00+05:30,47.5,25.3,34.0,1.54,26.5,,6.41,0.904,0.7071067811865476,-0.7071067811865475,-0.2884824328806098,0.9574851883550389
3409512,"Kandivali West, Mumbai - BMC",RC,2025-12-16 00:00:00+05:30,42.4,25.7,30.3,1.41,22.6,,8.27,0.667,0.7431448254773942,-0.6691306063588582,-0.27195815753410524,0.9623090774541487
3409512,"Kandivali West, Mumbai - BMC",RC,2025-12-17 00:00:00+05:30,57.3,25.7,39.0,1.54,25.6,49.2,5.46,1.08,0.7071067811865476,-0.7071067811865475,-0.2553532951161881,0.9668478136052773
3409512,"Kandivali West, Mumbai - BMC",RC,2025-12-18 00:00:00+05:30,59.5,25.9,40.9,1.62,20.2,48.5,3.61,0.925,0.6946583704589971,-0.7193398003386513,-0.23867276600594997,0.9711000518829505
3409512,"Kandivali West, Mumbai - BMC",RC,2025-12-19 00:00:00+05:30,67.1,21.3,59.7,2.03,29.4,2.13,2.47,1.21,0.6156614753256584,-0.7880107536067219,-0.22192151300416674,0.9750645322571945
3409512,"Kandivali West, Mumbai - BMC",RC,2025-12-20 00:00:00+05:30,32.1,26.0,35.6,1.48,23.9,46.2,2.73,0.957,0.7193398003386511,-0.6946583704589974,-0.20510449986861926,0.9787400799669153
3409512,"Kandivali West, Mumbai - BMC",RC,2025-12-21 00:00:00+05:30,32.9,25.0,,1.29,33.2,23.3,3.52,0.926,0.766044443118978,-0.6427876096865394,-0.1882267098432439,0.9821256058680006
3409512,"Kandivali West, Mumbai - BMC",RC,2025-12-22 00:00:00+05:30,44.3,25.1,33.4,1.46,27.8,33.1,4.74,1.22,0.7313537016191706,-0.6819983600624984,-0.1712931441814778,0.9852201067560606
3409512,"Kandivali West, Mumbai - BMC",RC,2025-12-23 00:00:00+05:30,43.9,25.4,37.7,1.51,23.9,47.6,4.77,0.718,0.7193398003386511,-0.6946583704589974,-0.154308820664281,0.9880226656636976
3409512,"Kandivali West, Mumbai - BMC",RC,2025-12-24 00:00:00+05:30,30.2,25.3,33.0,1.43,22.5,47.0,4.77,0.714,,,-0.13727877211326517,0.9905324521322227
3409512,"Kandivali West, Mumbai - BMC",RC,2025-12-25 00:00:00+05:30,40.7,25.0,38.7,1.53,24.2,50.5,6.0,0.785,0.7071067811865476,-0.7071067811865475,-0.12020804489935275,0.9927487224577402
3409512,"Kandivali West, Mumbai - BMC",RC,2025-12-26 00:00:00+05:30,57.9,24.5,40.5,1.58,28.2,52.6,5.89,0.987,0.6946583704589971,-0.7193398003386513,-0.10310169744743544,0.9946708199115211
3409512,"Kandivali West, Mumbai - BMC",RC,2025-12-27 00:00:00+05:30,63.7,25.1,43.6,1.69,23.3,60.7,5.24,1.01,,,-0.0859647987374467,0.9962981749346077
3409512,"Kandivali West, Mumbai - BMC",RC,2025-12-28 00:00:00+05:30,65.9,24.9,42.0,1.64,33.6,43.0,5.39,1.25,0.6946583704589971,-0.7193398003386513,-0.06880242680232064,0.9976303053065857
3409512,"Kandivali West, Mumbai - BMC",RC,2025-12-29 00:00:00+05:30,65.6,25.7,37.3,1.6,32.4,60.7,6.3,0.927,0.7071067811865476,-0.7071067811865475,-0.05161966722325418,0.9986668162884759
3409512,"Kandivali West, Mumbai - BMC",RC,2025-12-30 00:00:00+05:30,68.6,25.3,49.1,1.82,24.3,18.1,6.65,1.03,,,-0.034421611622745804,0.9994074007397048
3409512,"Kandivali West, Mumbai - BMC",RC,2025-12-31 00:00:00+05:30,58.3,24.1,55.7,2.02,19.0,9.27,3.61,0.836,0.6018150231520482,-0.7986355100472929,-0.01721335615583528,0.9998518392091162
3409512,"Kandivali West, Mumbai - BMC",RC,2026-01-01 00:00:00+05:30,23.7,25.4,60.2,2.1,13.5,6.06,1.3,0.358,0.5877852522924732,-0.8090169943749473,0.0,1.0
3409512,"Kandivali West, Mumbai - BMC",RC,2026-01-02 00:00:00+05:30,51.2,24.3,69.5,2.32,18.3,23.2,3.08,0.783,0.5299192642332049,-0.848048096156426,0.017213356155834685,0.9998518392091162
3409512,"Kandivali West, Mumbai - BMC",RC,2026-01-03 00:00:00+05:30,45.5,22.9,71.9,2.35,11.9,13.7,4.11,0.432,0.5299192642332049,-0.848048096156426,0.03442161162274574,0.9994074007397048
3409512,"Kandivali West, Mumbai - BMC",RC,2026-01-04 00:00:00+05:30,70.6,25.7,59.6,2.08,21.5,30.3,2.54,1.09,0.5877852522924732,-0.8090169943749473,0.051619667223253764,0.998666816288476
3409512,"Kandivali West, Mumbai - BMC",RC,2026-01-05 00:00:00+05:30,65.4,25.1,60.9,2.04,22.4,24.2,4.87,0.862,0.6018150231520482,-0.7986355100472929,0.06880242680231986,0.9976303053065857
3409512,"Kandivali West, Mumbai - BMC",RC,2026-01-06 00:00:00+05:30,63.2,26.2,51.4,1.91,26.0,35.6,3.45,0.983,0.6293203910498374,-0.7771459614569709,0.08596479873744647,0.9962981749346078
3409512,"Kandivali West, Mumbai - BMC",RC,2026-01-07 00:00:00+05:30,68.8,25.1,59.5,2.06,27.5,15.7,4.03,1.15,,,0.10310169744743485,0.9946708199115211
3409512,"Kandivali West, Mumbai - BMC",RC,2026-01-08 00:00:00+05:30,59.4,24.9,42.6,1.72,29.7,39.7,13.2,1.08,0.6819983600624985,-0.7313537016191705,0.1202080448993527,0.9927487224577402
3409512,"Kandivali West, Mumbai - BMC",RC,2026-01-09 00:00:00+05:30,54.0,24.2,42.3,1.68,23.7,38.1,3.62,0.842,0.6819983600624985,-0.7313537016191705,0.13727877211326478,0.9905324521322229
3409512,"Kandivali West, Mumbai - BMC",RC,2026-01-10 00:00:00+05:30,50.9,24.2,36.7,1.61,19.7,49.0,6.09,0.632,0.6946583704589971,-0.7193398003386513,0.15430882066428117,0.9880226656636976
3409512,"Kandivali West, Mumbai - BMC",RC,2026-01-20 00:00:00+05:30,44.8,22.9,62.8,2.18,18.5,32.5,7.59,1.14,0.5735764363510459,-0.8191520442889919,0.3212696616923644,0.9469877530760753
3409512,"Kandivali West, Mumbai - BMC",RC,2026-01-21 00:00:00+05:30,56.1,25.0,50.6,1.88,39.6,26.8,5.21,1.64,0.6427876096865395,-0.7660444431189779,0.3375228995941133,0.9413173175128471
3409512,"Kandivali West, Mumbai - BMC",RC,2026-01-22 00:00:00+05:30,59.4,25.1,54.8,2.0,33.7,31.2,4.34,0.967,0.6156614753256584,-0.7880107536067219,0.3536761221763716,0.9353679493131483
3409512,"Kandivali West, Mumbai - BMC",RC,2026-01-23 00:00:00+05:30,39.0,24.4,66.9,2.31,16.5,22.6,2.24,0.562,0.5446390350150273,-0.8386705679454239,0.3697245428906731,0.9291414114031743
3409512,"Kandivali West, Mumbai - BMC",RC,2026-01-24 00:00:00+05:30,33.8,24.0,55.0,1.99,18.6,35.4,4.49,0.485,0.6156614753256584,-0.7880107536067219,0.38566340624360707,0.9226395488404876
3409512,"Kandivali West, Mumbai - BMC",RC,2026-01-25 00:00:00+05:30,40.8,22.1,66.2,2.21,20.8,18.0,5.55,0.726,0.5591929034707469,-0.8290375725550416,0.401487989205973,0.9158642882672872
3409512,"Kandivali West, Mumbai - BMC",RC,2026-01-26 00:00:00+05:30,72.7,28.4,44.6,1.69,23.3,82.3,3.81,1.31,0.6691306063588583,-0.7431448254773941,0.4171936026123168,0.9088176373395029
3409512,"Kandivali West, Mumbai - BMC",RC,2026-01-27 00:00:00+05:30,36.9,25.3,63.4,2.19,10.1,37.6,0.0653,0.257,0.5735764363510459,-0.8191520442889919,0.4327755925504312,0.901501684131884
3409512,"Kandivali West, Mumbai - BMC",RC,2026-01-28 00:00:00+05:30,28.9,21.8,53.8,2.07,,,,,0.6018150231520482,-0.7986355100472929,0.4482293417404106,0.893918596519257
3409512,"Kandivali West, Mumbai - BMC",RC,2026-01-29 00:00:00+05:30,38.0,25.8,49.5,1.79,13.3,55.5,5.51,0.61,0.6427876096865395,-0.7660444431189779,0.4635502709028509,0.886070621534138
3409512,"Kandivali West, Mumbai - BMC",RC,2026-01-30 00:00:00+05:30,57.5,24.7,71.0,2.38,29.9,11.1,2.58,1.08,0.5299192642332049,-0.848048096156426,0.47873384011578846,0.8779600847008882
3409512,"Kandivali West, Mumbai - BMC",RC,2026-01-31 00:00:00+05:30,38.9,25.3,76.3,2.51,11.5,30.8,0.221,0.551,0.49999999999999994,-0.8660254037844387,0.49377555015997715,0.869589389346611
3409512,"Kandivali West, Mumbai - BMC",RC,2026-02-01 00:00:00+05:30,55.9,26.1,63.4,2.19,16.9,32.0,3.02,0.895,0.5735764363510459,-0.8191520442889919,0.5086709438521044,0.8609610158889943
3409512,"Kandivali West, Mumbai - BMC",RC,2026-02-02 00:00:00+05:30,69.4,26.0,51.3,1.96,29.8,29.3,3.89,1.08,0.6156614753256584,-0.7880107536067219,0.5234156073655503,0.8520775211013093
3409512,"Kandivali West, Mumbai - BMC",RC,2026-02-03 00:00:00+05:30,54.2,26.6,42.5,1.76,25.8,38.0,31.0,1.41,0.6691306063588583,-0.7431448254773941,0.5380051715382996,0.8429415373547828
3409512,"Kandivali West, Mumbai - BMC",RC,2026-02-04 00:00:00+05:30,52.8,27.9,30.0,1.33,14.8,80.3,13.9,0.695,0.8090169943749475,-0.587785252292473,0.5524353131676196,0.8335557718385699
3409512,"Kandivali West, Mumbai - BMC",RC,2026-02-05 00:00:00+05:30,65.5,26.9,40.2,1.62,32.0,24.3,5.95,1.24,0.6946583704589971,-0.7193398003386513,0.5667017562911176,0.8239230057575542
3409512,"Kandivali West, Mumbai - BMC",RC,2026-02-06 00:00:00+05:30,62.7,26.1,35.9,1.53,27.2,20.1,6.82,1.23,0.7071067811865476,-0.7071067811865475,0.5808002734538009,0.8140460935082178
3409512,"Kandivali West, Mumbai - BMC",RC,2026-02-07 00:00:00+05:30,56.9,28.2,29.2,1.36,21.5,49.9,9.17,1.1,0.7431448254773942,-0.6691306063588582,0.5947266869607634,0.8039279618328213
3409512,"Kandivali West, Mumbai - BMC",RC,2026-02-09 00:00:00+05:30,50.6,25.0,60.9,2.14,13.2,44.2,6.3,0.664,0.5877852522924732,-0.8090169943749473,0.6220467484408675,0.7829801036770629
3409512,"Kandivali West, Mumbai - BMC",RC,2026-02-10 00:00:00+05:30,51.9,25.5,48.4,1.84,19.7,37.0,7.58,1.01,0.6560590289905073,-0.754709580222772,0.6354323008901774,0.7721565844991642
3409512,"Kandivali West, Mumbai - BMC",RC,2026-02-11 00:00:00+05:30,49.7,26.3,42.4,1.69,26.4,37.9,8.95,0.995,0.6819983600624985,-0.7313537016191705,0.6486295610349814,0.7611042586607747
3409512,"Kandivali West, Mumbai - BMC",RC,2026-02-12 00:00:00+05:30,54.1,27.1,45.2,1.73,29.4,33.1,7.06,1.36,0.6691306063588583,-0.7431448254773941,0.6616346182422783,0.7498264012045686
3409512,"Kandivali West, Mumbai - BMC",RC,2026-02-13 00:00:00+05:30,59.5,27.0,43.9,1.7,33.9,40.1,4.51,0.922,,,0.6744436188329455,0.7383263540031065
3409512,"Kandivali West, Mumbai - BMC",RC,2026-02-14 00:00:00+05:30,57.8,29.6,35.9,1.66,25.3,48.7,5.12,1.22,0.6819983600624985,-0.7313537016191705,0.6870527672236669,0.7266075247685656
3409512,"Kandivali West, Mumbai - BMC",RC,2026-02-15 00:00:00+05:30,52.2,28.7,26.3,1.3,17.6,55.0,8.21,0.763,0.7547095802227721,-0.6560590289905072,0.699458327051647,0.7146733860429609
3409512,"Kandivali West, Mumbai - BMC",RC,2026-02-16 00:00:00+05:30,61.3,24.7,39.3,1.6,31.7,6.08,7.83,1.19,0.6946583704589971,-0.7193398003386513,0.7116566222817746,0.7025274741691571
3409512,"Kandivali West, Mumbai - BMC",RC,2026-02-17 00:00:00+05:30,29.2,25.8,48.0,1.8,11.3,49.4,6.9,0.494,0.6560590289905073,-0.754709580222772,0.7236440382959124,0.6901733882429719
3409512,"Kandivali West, Mumbai - BMC",RC,2026-02-18 00:00:00+05:30,19.1,26.5,51.6,1.91,8.39,30.3,4.56,0.38,0.6293203910498374,-0.7771459614569709,0.7354170229639855,0.6776147890466889
3409512,"Kandivali West, Mumbai - BMC",RC,2026-02-19 00:00:00+05:30,41.5,27.6,51.5,1.9,11.3,50.7,9.79,0.81,0.6293203910498374,-0.7771459614569709,0.7469720876965552,0.6648553979642865
3409512,"Kandivali West, Mumbai - BMC",RC,2026-02-20 00:00:00+05:30,64.1,27.4,58.0,2.16,,,3.65,1.24,0.5877852522924732,-0.8090169943749473,0.7583058084785624,0.6518989958787126
3409512,"Kandivali West, Mumbai - BMC",RC,2026-02-21 00:00:00+05:30,72.1,28.8,41.7,1.7,,24.3,5.59,1.75,0.6819983600624985,-0.7313537016191705,0.7694148268839378,0.6387494220515272
3409512,"Kandivali West, Mumbai - BMC",RC,2026-02-22 00:00:00+05:30,56.4,28.3,45.2,1.74,,1.01,5.01,0.925,0.6691306063588583,-0.7431448254773941,0.7802958510707755,0.6254105729852463
3409512,"Kandivali West, Mumbai - BMC",RC,2026-02-23 00:00:00+05:30,48.8,26.5,48.8,1.84,18.7,31.0,8.72,0.723,0.6427876096865395,-0.7660444431189779,0.7909456567567772,0.6118864012687243
3409512,"Kandivali West, Mumbai - BMC",RC,2026-02-24 00:00:00+05:30,47.5,27.6,50.1,1.95,13.0,45.5,5.85,0.856,0.6293203910498374,-0.7771459614569709,0.8013610881746766,0.5981809144059165
3409512,"Kandivali West, Mumbai - BMC",RC,2026-02-25 00:00:00+05:30,37.1,27.3,52.3,1.9,10.2,24.8,4.92,0.726,0.6293203910498374,-0.7771459614569709,0.8115390590073611,0.5842981736283684
3409512,"Kandivali West, Mumbai - BMC",RC,2026-02-26 00:00:00+05:30,17.5,25.7,56.4,2.0,13.3,14.8,1.96,0.606,,,0.8214765533024142,0.5702422926917871
3409512,"Kandivali West, Mumbai - BMC",RC,2026-02-27 00:00:00+05:30,11.2,26.1,48.5,1.83,13.7,19.7,0.795,0.537,0.6427876096865395,-0.7660444431189779,0.8311706263658079,0.5560174366570446
3409512,"Kandivali West, Mumbai - BMC",RC,2026-02-28 00:00:00+05:30,14.9,26.1,43.5,1.73,7.55,34.1,3.34,0.575,0.6691306063588583,-0.7431448254773941,0.8406184056344782,0.5416278206559814
3409512,"Kandivali West, Mumbai - BMC",RC,2026-03-01 00:00:00+05:30,23.2,26.0,51.6,1.91,2.33,33.6,2.78,0.535,0.6293203910498374,-0.7771459614569709,0.8498170915275278,0.5270777086423722
3409512,"Kandivali West, Mumbai - BMC",RC,2026-03-02 00:00:00+05:30,34.1,26.2,54.4,1.98,2.01,33.5,3.47,0.865,0.6156614753256584,-0.7880107536067219,0.8587639582758029,0.5123714121284237
3409512,"Kandivali West, Mumbai - BMC",RC,2026-03-03 00:00:00+05:30,83.1,27.3,51.9,1.9,1.28,47.9,8.84,1.15,0.6293203910498374,-0.7771459614569709,0.8674563547295969,0.49751328890718066
3409512,"Kandivali West, Mumbai - BMC",RC,2026-03-04 00:00:00+05:30,45.7,29.8,37.8,1.61,0.73,61.9,16.4,0.689,0.6946583704589971,-0.7193398003386513,0.8758917051442429,0.48250774176121847
3409512,"Kandivali West, Mumbai - BMC",RC,2026-03-05 00:00:00+05:30,40.1,29.3,,1.36,0.625,62.6,9.84,0.569,0.7431448254773942,-0.6691306063588582,0.8840675099433636,0.4673592171580022
3409512,"Kandivali West, Mumbai - BMC",RC,2026-03-06 00:00:00+05:30,40.8,28.2,36.4,1.57,0.42,52.0,7.65,0.275,0.7071067811865476,-0.7071067811865475,0.8919813464595485,0.45207220393230435
3409512,"Kandivali West, Mumbai - BMC",RC,2026-03-07 00:00:00+05:30,35.0,26.9,62.1,2.26,7.27,42.0,1.24,0.448,0.5735764363510459,-0.8191520442889919,0.8996308696522433,0.43665123195606403
3409512,"Kandivali West, Mumbai - BMC",RC,2026-03-08 00:00:00+05:30,57.8,28.9,46.0,1.82,12.1,74.4,7.56,0.65,0.6691306063588583,-0.7431448254773941,0.9070138128026359,0.4211008707960896
3409512,"Kandivali West, Mumbai - BMC",RC,2026-03-09 00:00:00+05:30,42.0,30.0,32.3,1.47,15.3,74.7,10.4,0.662,0.7313537016191706,-0.6819983600624984,0.9141279881853337,0.40542572835999735
3409512,"Kandivali West, Mumbai - BMC",RC,2026-03-10 00:00:00+05:30,41.0,31.1,32.9,1.46,14.2,124.0,7.41,0.704,0.7313537016191706,-0.6819983600624984,0.9209712877166346,0.38963044953078796
3409512,"Kandivali West, Mumbai - BMC",RC,2026-03-11 00:00:00+05:30,38.5,29.1,51.5,1.93,15.5,28.7,1.43,0.866,0.6560590289905073,-0.754709580222772,0.9275416835791966,0.37371971479046906
3409512,"Kandivali West, Mumbai - BMC",RC,2026-03-12 00:00:00+05:30,33.7,28.8,64.0,2.27,13.8,32.6,0.163,0.518,0.5735764363510459,-0.8191520442889919,0.9338372288229252,0.35769823883312546
3409512,"Kandivali West, Mumbai - BMC",RC,2026-03-14 00:00:00+05:30,15.7,28.2,49.8,1.89,13.7,36.7,2.38,0.121,0.6560590289905073,-0.754709580222772,0.9455963874271426,0.3253420847119801
3409512,"Kandivali West, Mumbai - BMC",RC,2026-03-15 00:00:00+05:30,14.3,28.1,54.7,2.07,13.6,24.8,0.815,0.285,0.6293203910498374,-0.7771459614569709,0.9510565162951535,0.30901699437494745
3409512,"Kandivali West, Mumbai - BMC",RC,2026-03-16 00:00:00+05:30,6.24,27.9,55.2,2.06,12.8,21.5,0.44,0.314,0.6427876096865395,-0.7660444431189779,0.9562348265919056,0.29260033563334836
3409512,"Kandivali West, Mumbai - BMC",RC,2026-03-17 00:00:00+05:30,,27.6,53.9,2.01,13.4,29.3,1.22,0.352,,,0.9611297838723007,0.27609697309746883
3409512,"Kandivali West, Mumbai - BMC",RC,2026-03-18 00:00:00+05:30,21.9,26.7,55.3,2.0,14.5,27.9,1.49,0.446,0.6427876096865395,-0.7660444431189779,0.9657399376548549,0.2595117970697999
3409512,"Kandivali West, Mumbai - BMC",RC,2026-03-19 00:00:00+05:30,16.7,27.3,51.6,1.97,14.0,26.6,1.03,0.367,,,0.9700639218515071,0.2428497220959356
3409512,"Kandivali West, Mumbai - BMC",RC,2026-03-20 00:00:00+05:30,23.8,26.6,50.2,1.92,14.2,32.6,5.31,0.415,0.6560590289905073,-0.754709580222772,0.9741004551724205,0.22611568550828828
3409512,"Kandivali West, Mumbai - BMC",RC,2026-03-21 00:00:00+05:30,18.4,24.9,53.8,2.05,13.9,23.1,1.71,0.495,0.6427876096865395,-0.7660444431189779,0.9778483415056568,0.20931464596304847
3409512,"Kandivali West, Mumbai - BMC",RC,2026-03-23 00:00:00+05:30,40.7,28.5,46.6,1.81,16.3,40.8,7.4,0.703,0.6691306063588583,-0.7431448254773941,0.9844738167520922,0.1755314904214282
3409512,"Kandivali West, Mumbai - BMC",RC,2026-03-24 00:00:00+05:30,39.7,28.5,50.3,1.89,14.2,56.5,5.26,0.208,0.6560590289905073,-0.754709580222772,0.9873494423939864,0.15855938510313475
3409512,"Kandivali West, Mumbai - BMC",RC,2026-03-25 00:00:00+05:30,26.4,28.8,57.4,1.97,14.3,41.3,0.497,0.393,0.6156614753256584,-0.7880107536067219,0.989932495087353,0.141540295217043
3409512,"Kandivali West, Mumbai - BMC",RC,2026-03-26 00:00:00+05:30,27.0,29.4,53.9,1.86,13.5,49.3,0.611,0.376,0.6427876096865395,-0.7660444431189779,0.9922222094179323,0.12447926388678915
3409512,"Kandivali West, Mumbai - BMC",RC,2026-03-27 00:00:00+05:30,27.1,28.2,55.9,2.06,15.8,25.7,4.06,0.523,0.6293203910498374,-0.7771459614569709,0.994217906893952,0.10738134666416309
3409512,"Kandivali West, Mumbai - BMC",RC,2026-03-28 00:00:00+05:30,14.7,29.1,59.4,2.01,13.4,29.9,0.224,0.308,0.6293203910498374,-0.7771459614569709,0.995918996147179,0.09025161003104117
3409512,"Kandivali West, Mumbai - BMC",RC,2026-03-29 00:00:00+05:30,3.83,28.2,63.2,2.04,12.9,16.7,0.0748,0.198,,,0.9973249731081555,0.07309512989807777
3409512,"Kandivali West, Mumbai - BMC",RC,2026-03-30 00:00:00+05:30,11.4,29.5,58.9,1.99,13.1,33.0,0.411,0.331,0.6293203910498374,-0.7771459614569709,0.9984354211555643,0.055916990100603484
3409512,"Kandivali West, Mumbai - BMC",RC,2026-03-31 00:00:00+05:30,5.32,28.5,57.8,1.98,13.3,20.2,1.04,0.142,0.6427876096865395,-0.7660444431189779,0.9992500112396835,0.03872228089217446
3409512,"Kandivali West, Mumbai - BMC",RC,2026-04-01 00:00:00+05:30,10.4,28.4,58.6,2.01,13.1,29.0,1.99,0.193,0.6427876096865395,-0.7660444431189779,0.9997685019798909,0.021516097436222254
3409512,"Kandivali West, Mumbai - BMC",RC,2026-04-02 00:00:00+05:30,10.7,27.8,55.9,2.04,9.89,38.0,2.71,0.24,0.6560590289905073,-0.754709580222772,0.9999907397361901,0.004303538296244289
3409512,"Kandivali West, Mumbai - BMC",RC,2026-04-03 00:00:00+05:30,17.9,28.1,52.0,1.95,14.7,28.8,2.17,0.41,0.6691306063588583,-0.7431448254773941,0.9999166586547379,-0.01291029607500882
3409512,"Kandivali West, Mumbai - BMC",RC,2026-04-04 00:00:00+05:30,6.93,28.1,54.2,1.92,13.4,25.3,2.01,0.302,0.6691306063588583,-0.7431448254773941,0.9995462806873573,-0.030120304846908114
3409512,"Kandivali West, Mumbai - BMC",RC,2026-04-05 00:00:00+05:30,8.77,28.6,40.9,1.7,12.3,57.0,3.86,0.342,0.7071067811865476,-0.7071067811865475,0.9988797155850336,-0.04732138832243185
3409512,"Kandivali West, Mumbai - BMC",RC,2026-04-06 00:00:00+05:30,5.44,25.9,52.6,2.0,14.7,45.7,2.47,0.235,0.6560590289905073,-0.754709580222772,0.9979171608653922,-0.06450844944931623
3409512,"Kandivali West, Mumbai - BMC",RC,2026-04-07 00:00:00+05:30,16.1,28.4,56.1,1.96,14.4,24.9,2.72,0.388,0.6293203910498374,-0.7771459614569709,0.9966589017541702,-0.08167639533042241
3409512,"Kandivali West, Mumbai - BMC",RC,2026-04-08 00:00:00+05:30,16.5,28.9,57.3,1.91,8.16,16.1,17.2,0.193,0.6156614753256584,-0.7880107536067219,0.9951053111006976,-0.09882013873287143
3409512,"Kandivali West, Mumbai - BMC",RC,2026-04-09 00:00:00+05:30,18.0,29.2,46.9,1.65,13.5,20.4,1.03,0.0788,0.6691306063588583,-0.7431448254773941,0.9932568492674143,-0.11593459959550041
3409512,"Kandivali West, Mumbai - BMC",RC,2026-04-10 00:00:00+05:30,40.1,28.2,37.1,1.6,15.4,30.0,6.07,0.33,0.7193398003386511,-0.6946583704589974,0.9911140639934547,-0.1330147065341959
3409512,"Kandivali West, Mumbai - BMC",RC,2026-04-11 00:00:00+05:30,34.6,31.0,45.5,1.13,12.5,55.7,1.17,0.31,0.9743700647852352,-0.22495105434386503,0.9886775902323405,-0.1500553983446526
3409512,"Kandivali West, Mumbai - BMC",RC,2026-04-12 00:00:00+05:30,26.7,28.8,64.6,2.0,5.53,31.5,1.85,0.37,0.5735764363510459,-0.8191520442889919,0.9859481499638304,-0.16705162550211924
3409512,"Kandivali West, Mumbai - BMC",RC,2026-04-13 00:00:00+05:30,24.8,29.7,62.2,1.78,11.6,34.4,0.143,0.306,0.5591929034707469,-0.8290375725550416,0.9829265519799822,-0.18399835165768005
3409512,"Kandivali West, Mumbai - BMC",RC,2026-04-14 00:00:00+05:30,27.0,27.7,70.1,1.94,8.61,26.3,1.41,0.334,0.5299192642332049,-0.848048096156426,0.9796136916454901,-0.20089055513063506
3409512,"Kandivali West, Mumbai - BMC",RC,2026-04-15 00:00:00+05:30,14.3,27.7,73.1,1.65,,27.3,1.83,0.19,0.5299192642332049,-0.848048096156426,0.9760105506323683,-0.21772323039653177
3409512,"Kandivali West, Mumbai - BMC",RC,2026-04-16 00:00:00+05:30,11.5,27.5,61.6,1.96,,30.0,2.81,0.28,0.5877852522924732,-0.8090169943749473,0.9721181966290613,-0.23449138957040985
3409512,"Kandivali West, Mumbai - BMC",RC,2026-04-17 00:00:00+05:30,13.8,28.8,59.4,1.82,0.0,33.0,2.84,0.154,0.6156614753256584,-0.7880107536067219,0.9679377830240642,-0.25119006388481935
3409512,"Kandivali West, Mumbai - BMC",RC,2026-04-18 00:00:00+05:30,10.9,27.5,75.0,1.37,0.0,25.8,1.0,0.06,0.5877852522924732,-0.8090169943749473,0.9634705485641488,-0.2678143051621742
3409512,"Kandivali West, Mumbai - BMC",RC,2026-04-20 00:00:00+05:30,17.8,31.1,51.4,1.6,10.9,38.0,3.44,0.271,0.6560590289905073,-0.754709580222772,0.9536809966304457,-0.30081980763566735
3409512,"Kandivali West, Mumbai - BMC",RC,2026-04-21 00:00:00+05:30,13.7,28.2,63.4,1.73,11.0,41.8,2.11,0.305,0.6293203910498374,-0.7771459614569709,0.9483615800121715,-0.3171912885891061
3409512,"Kandivali West, Mumbai - BMC",RC,2026-04-22 00:00:00+05:30,12.2,30.1,49.9,1.81,10.9,29.9,2.94,0.298,0.6427876096865395,-0.7660444431189779,0.9427611433904207,-0.3334687789181868
3409512,"Kandivali West, Mumbai - BMC",RC,2026-04-23 00:00:00+05:30,13.8,29.8,50.3,1.73,,31.2,3.71,0.371,0.6946583704589971,-0.7193398003386513,0.9368813462954315,-0.3496474552512284
3409512,"Kandivali West, Mumbai - BMC",RC,2026-04-24 00:00:00+05:30,12.0,31.1,54.8,1.54,11.9,48.3,1.71,0.297,0.6560590289905073,-0.754709580222772,0.9307239310379795,-0.36572252349726897
3409512,"Kandivali West, Mumbai - BMC",RC,2026-04-25 00:00:00+05:30,18.4,32.6,50.3,1.65,12.8,58.3,1.83,0.27,0.6691306063588583,-0.7431448254773941,0.9242907221930933,-0.3816892202666588
3409512,"Kandivali West, Mumbai - BMC",RC,2026-04-26 00:00:00+05:30,11.0,31.2,54.3,1.57,13.2,25.9,0.592,0.373,0.6946583704589971,-0.7193398003386513,0.9175836260593937,-0.39754281428255595
3409512,"Kandivali West, Mumbai - BMC",RC,2026-04-27 00:00:00+05:30,12.7,29.3,68.4,0.911,8.63,18.5,0.304,0.307,0.6819983600624985,-0.7313537016191705,0.9106046300942162,-0.4132786077829042
3409512,"Kandivali West, Mumbai - BMC",RC,2026-04-28 00:00:00+05:30,11.9,30.8,59.6,1.16,12.2,19.0,0.704,0.285,0.7071067811865476,-0.7071067811865475,0.9033558023246845,-0.4288919379124835
3409512,"Kandivali West, Mumbai - BMC",RC,2026-04-29 00:00:00+05:30,8.13,30.4,60.3,1.35,12.1,13.9,1.48,0.305,0.7071067811865476,-0.7071067811865475,0.895839290734909,-0.4443781781046132
3409512,"Kandivali West, Mumbai - BMC",RC,2026-04-30 00:00:00+05:30,9.81,30.4,59.6,1.67,12.0,12.7,0.893,0.525,0.6946583704589971,-0.7193398003386513,0.8880573226294932,-0.45973273945210397
3409512,"Kandivali West, Mumbai - BMC",RC,2026-05-01 00:00:00+05:30,14.4,30.2,58.1,1.79,11.9,14.8,1.94,0.252,0.6819983600624985,-0.7313537016191705,0.8800122039735357,-0.47495107206704995
3409512,"Kandivali West, Mumbai - BMC",RC,2026-05-02 00:00:00+05:30,15.7,30.5,56.0,1.77,12.1,17.4,1.44,0.222,0.6946583704589971,-0.7193398003386513,0.8717063187093218,-0.4900286664290592
3409512,"Kandivali West, Mumbai - BMC",RC,2026-05-03 00:00:00+05:30,17.3,30.6,59.2,1.77,12.0,17.6,0.66,0.231,0.6819983600624985,-0.7313537016191705,0.8631421280499114,-0.5049610547215204
3409512,"Kandivali West, Mumbai - BMC",RC,2026-05-04 00:00:00+05:30,15.8,30.7,56.3,1.91,12.0,27.7,1.28,0.248,0.6691306063588583,-0.7431448254773941,0.854322169749827,-0.5197438121555155
3409512,"Kandivali West, Mumbai - BMC",RC,2026-05-05 00:00:00+05:30,14.7,30.9,54.9,1.78,12.1,13.2,0.172,0.223,0.6946583704589971,-0.7193398003386513,0.8452490573530633,-0.5343725582809786
3409512,"Kandivali West, Mumbai - BMC",RC,2026-05-06 00:00:00+05:30,22.5,31.4,55.9,1.82,,20.3,1.94,0.17,0.6691306063588583,-0.7431448254773941,0.8359254794186372,-0.548842958284719
3409512,"Kandivali West, Mumbai - BMC",RC,2026-05-07 00:00:00+05:30,22.9,31.6,52.6,1.64,12.1,24.7,1.4,0.214,0.6946583704589971,-0.7193398003386513,0.8263541987239096,-0.5631507242749186
3409512,"Kandivali West, Mumbai - BMC",RC,2026-05-08 00:00:00+05:30,22.0,30.8,61.4,1.81,12.1,28.9,0.782,0.298,0.6819983600624985,-0.7313537016191705,0.8165380514459161,-0.5772916165517272
3409512,"Kandivali West, Mumbai - BMC",RC,2026-05-09 00:00:00+05:30,22.5,31.4,58.2,1.52,12.1,42.0,1.48,0.247,0.7193398003386511,-0.6946583704589974,0.8064799463209448,-0.5912614448635781
3409512,"Kandivali West, Mumbai - BMC",RC,2026-05-10 00:00:00+05:30,15.2,30.9,55.2,1.88,12.0,29.6,0.852,0.224,0.6819983600624985,-0.7313537016191705,0.7961828637826158,-0.6050560696488488
3409512,"Kandivali West, Mumbai - BMC",RC,2026-05-11 00:00:00+05:30,28.2,30.8,58.3,1.95,12.1,38.0,0.00702,0.336,0.6691306063588583,-0.7431448254773941,0.7856498550787147,-0.6186714032625031
3409512,"Kandivali West, Mumbai - BMC",RC,2026-05-12 00:00:00+05:30,17.5,31.1,57.1,1.81,12.1,26.9,0.403,0.239,0.6819983600624985,-0.7313537016191705,0.7748840413670407,-0.6321034111873487
3409512,"Kandivali West, Mumbai - BMC",RC,2026-05-13 00:00:00+05:30,15.5,30.9,61.4,1.7,12.2,37.1,0.519,0.221,0.6946583704589971,-0.7193398003386513,0.7638886127905428,-0.6453481132295501
3409512,"Kandivali West, Mumbai - BMC",RC,2026-05-14 00:00:00+05:30,15.3,31.2,58.6,1.78,12.1,29.7,0.094,0.197,0.6946583704589971,-0.7193398003386513,0.7526668275320085,-0.6584015846980488
3409512,"Kandivali West, Mumbai - BMC",RC,2026-05-15 00:00:00+05:30,16.1,31.2,56.8,1.81,12.3,21.5,0.123,0.203,0.6946583704589971,-0.7193398003386513,0.7412220108485958,-0.6712599575675313
3409512,"Kandivali West, Mumbai - BMC",RC,2026-05-16 00:00:00+05:30,8.47,30.3,61.6,1.88,12.2,20.4,2.31,0.21,0.6819983600624985,-0.7313537016191705,0.7295575540864875,-0.6839194216246106
3409512,"Kandivali West, Mumbai - BMC",RC,2026-05-17 00:00:00+05:30,7.13,30.1,65.7,1.83,11.9,22.0,0.548,0.113,0.6946583704589971,-0.7193398003386513,0.717676913675962,-0.6963762255968722
3409512,"Kandivali West, Mumbai - BMC",RC,2026-05-18 00:00:00+05:30,17.5,30.6,62.5,1.82,12.2,51.3,0.696,0.235,0.7431448254773942,-0.6691306063588582,0.705583610107178,-0.7086266782644596
3409512,"Kandivali West, Mumbai - BMC",RC,2026-05-19 00:00:00+05:30,14.6,30.4,59.3,1.75,12.0,32.5,0.679,0.283,,,0.6932812268869777,-0.7206671495538609
3409512,"Kandivali West, Mumbai - BMC",RC,2026-05-20 00:00:00+05:30,9.52,30.8,56.6,1.76,12.1,23.7,0.291,0.172,0.6946583704589971,-0.7193398003386513,0.6807734094770161,-0.7324940716135789
3409512,"Kandivali West, Mumbai - BMC",RC,2026-05-21 00:00:00+05:30,7.51,31.1,57.7,1.74,12.2,23.0,0.773,0.227,,,0.6680638642135335,-0.7441039398713607
3409512,"Kandivali West, Mumbai - BMC",RC,2026-05-22 00:00:00+05:30,8.82,31.4,59.4,1.84,11.1,42.5,0.405,0.0853,0.6819983600624985,-0.7313537016191705,0.6551563572090853,-0.7554933140726803
3409512,"Kandivali West, Mumbai - BMC",RC,2026-05-23 00:00:00+05:30,5.68,31.9,56.5,1.8,12.1,61.3,0.614,0.207,0.6819983600624985,-0.7313537016191705,0.6420547132365637,-0.766658819300159
3409512,"Kandivali West, Mumbai - BMC",RC,2026-05-24 00:00:00+05:30,5.85,32.0,57.7,1.83,12.1,70.1,1.14,0.175,,,0.6287628145958344,-0.7775971469736269
3409512,"Kandivali West, Mumbai - BMC",RC,2026-05-25 00:00:00+05:30,5.64,31.7,58.2,1.74,7.55,63.5,0.597,0.205,0.7193398003386511,-0.6946583704589974,0.6152845999633276,-0.7883050558305255
3409512,"Kandivali West, Mumbai - BMC",RC,2026-05-26 00:00:00+05:30,3.24,31.5,58.2,1.84,,45.2,0.0855,0.128,0.6946583704589971,-0.7193398003386513,0.6016240632249226,-0.7987793728863649
3409512,"Kandivali West, Mumbai - BMC",RC,2026-05-27 00:00:00+05:30,6.59,31.1,56.9,1.88,6.04,39.6,0.999,0.19,0.6946583704589971,-0.7193398003386513,0.5877852522924732,-0.8090169943749473
3409512,"Kandivali West, Mumbai - BMC",RC,2026-05-28 00:00:00+05:30,9.72,31.6,51.8,1.73,8.06,38.3,0.872,0.206,0.7193398003386511,-0.6946583704589974,0.5737722679043246,-0.8190148866680801
3409512,"Kandivali West, Mumbai - BMC",RC,2026-05-29 00:00:00+05:30,14.4,31.6,52.6,1.73,8.86,36.4,1.55,0.173,0.7193398003386511,-0.6946583704589974,0.5595892624101765,-0.8287700871745038
3409512,"Kandivali West, Mumbai - BMC",RC,2026-05-30 00:00:00+05:30,16.1,31.7,55.7,1.71,8.75,38.9,1.05,0.191,0.7193398003386511,-0.6946583704589974,0.545240438540651,-0.8382797052177744
3409512,"Kandivali West, Mumbai - BMC",RC,2026-05-31 00:00:00+05:30,11.0,31.7,57.5,1.56,9.08,41.8,0.859,0.195,0.7547095802227721,-0.6560590289905072,0.5307300481619334,-0.8475409228928311
3409512,"Kandivali West, Mumbai - BMC",RC,2026-06-01 00:00:00+05:30,11.5,31.8,53.3,1.88,9.74,39.5,0.497,0.181,0.6946583704589971,-0.7193398003386513,0.5160623910158528,-0.8565509959010036
3409512,"Kandivali West, Mumbai - BMC",RC,2026-06-02 00:00:00+05:30,13.8,31.7,52.5,1.73,6.31,47.5,15.1,0.167,0.7193398003386511,-0.6946583704589974,0.5012418134457758,-0.865307254363206
3409512,"Kandivali West, Mumbai - BMC",RC,2026-06-03 00:00:00+05:30,23.5,30.6,54.5,1.67,13.7,,3.12,0.22,0.7313537016191706,-0.6819983600624984,0.48627270710868997,-0.8738071036110808
3409512,"Kandivali West, Mumbai - BMC",RC,2026-06-04 00:00:00+05:30,19.9,31.5,53.5,1.7,15.3,37.2,2.66,0.243,0.7193398003386511,-0.6946583704589974,0.4711595076738638,-0.8820480249558537
3409512,"Kandivali West, Mumbai - BMC",RC,2026-06-05 00:00:00+05:30,12.8,32.0,54.6,1.73,12.4,50.2,2.64,0.0946,0.7071067811865476,-0.7071067811865475,0.4559066935084588,-0.8900275764346767
3409512,"Kandivali West, Mumbai - BMC",RC,2026-06-06 00:00:00+05:30,13.8,32.3,52.6,1.68,6.73,37.5,2.07,0.122,0.7071067811865476,-0.7071067811865475,0.440518784350495,-0.8977433935342337
3409512,"Kandivali West, Mumbai - BMC",RC,2026-06-07 00:00:00+05:30,17.0,31.9,55.6,1.69,7.76,4.25,1.15,0.19,0.6946583704589971,-0.7193398003386513,0.42500033996955416,-0.9051931898913974
3409512,"Kandivali West, Mumbai - BMC",RC,2026-06-08 00:00:00+05:30,15.3,31.8,54.7,1.6,4.11,3.56,0.462,0.103,0.7193398003386511,-0.6946583704589974,0.4093559588156213,-0.9123747579707273
3409512,"Kandivali West, Mumbai - BMC",RC,2026-06-09 00:00:00+05:30,18.2,31.9,54.2,1.37,6.45,10.8,1.77,0.139,0.7431448254773942,-0.6691306063588582,0.39359027665646673,-0.9192859697186104
3409512,"Kandivali West, Mumbai - BMC",RC,2026-06-10 00:00:00+05:30,16.1,31.6,53.7,1.63,9.79,12.2,1.08,0.0561,0.7313537016191706,-0.6819983600624984,0.3777079652039649,-0.9259247771938498
3409512,"Kandivali West, Mumbai - BMC",RC,2026-06-11 00:00:00+05:30,16.2,31.7,53.4,1.72,11.0,12.1,1.76,0.144,0.7431448254773942,-0.6691306063588582,0.36171373072976765,-0.9322892131745133
3409512,"Kandivali West, Mumbai - BMC",RC,2026-06-12 00:00:00+05:30,14.7,31.8,54.8,1.69,8.5,13.8,1.91,0.163,0.7431448254773942,-0.6691306063588582,0.3456123126707335,-0.9383773917408641
3409512,"Kandivali West, Mumbai - BMC",RC,2026-06-13 00:00:00+05:30,17.3,31.8,53.7,1.71,8.64,13.2,1.25,0.143,0.7431448254773942,-0.6691306063588582,0.3294084822245304,-0.9441875088341993
3409512,"Kandivali West, Mumbai - BMC",RC,2026-06-14 00:00:00+05:30,13.3,31.6,51.7,1.72,8.03,11.3,2.56,0.0877,0.7313537016191706,-0.6819983600624984,0.3131070409358269,-0.9497178427914316
3409512,"Kandivali West, Mumbai - BMC",RC,2026-06-15 00:00:00+05:30,9.81,31.7,52.0,1.75,7.48,10.7,3.58,0.0777,0.7193398003386511,-0.6946583704589974,0.29671281927349075,-0.9549667548552551
3409512,"Kandivali West, Mumbai - BMC",RC,2026-06-16 00:00:00+05:30,12.1,31.7,50.5,1.75,8.1,9.5,0.435,0.152,0.7071067811865476,-0.7071067811865475,0.28023067519921585,-0.9599326896597447
3409512,"Kandivali West, Mumbai - BMC",RC,2026-06-17 00:00:00+05:30,10.2,31.3,51.0,1.78,10.8,8.4,1.15,0.134,0.6946583704589971,-0.7193398003386513,0.26366549272800704,-0.9646141756912435
3409512,"Kandivali West, Mumbai - BMC",RC,2026-06-18 00:00:00+05:30,10.1,30.7,52.4,1.79,10.5,7.79,1.39,0.1,0.6946583704589971,-0.7193398003386513,0.24702218048093552,-0.9690098257244062
3409512,"Kandivali West, Mumbai - BMC",RC,2026-06-19 00:00:00+05:30,9.28,31.3,48.2,1.78,10.5,8.17,2.51,0.128,0.7193398003386511,-0.6946583704589974,0.23030567023061221,-0.9731183372332619
3409512,"Kandivali West, Mumbai - BMC",RC,2026-06-20 00:00:00+05:30,8.32,30.7,50.7,1.84,9.32,8.55,2.44,0.0347,0.7071067811865476,-0.7071067811865475,0.21352091543979612,-0.9769384927771817
3409512,"Kandivali West, Mumbai - BMC",RC,2026-06-22 00:00:00+05:30,8.48,31.3,54.6,1.38,17.7,9.02,5.23,0.299,0.7071067811865476,-0.7071067811865475,0.1797665857255624,-0.9837092937736097
3409512,"Kandivali West, Mumbai - BMC",RC,2026-06-23 00:00:00+05:30,8.97,28.2,73.1,2.11,19.7,10.3,1.89,0.22,0.5591929034707469,-0.8290375725550416,0.16280701293851715,-0.986657932891657
3409512,"Kandivali West, Mumbai - BMC",RC,2026-06-25 00:00:00+05:30,14.6,28.5,86.5,1.68,19.8,14.9,2.29,0.252,0.6819983600624985,-0.7313537016191705,0.12874817745258132,-0.99167731989929
3409512,"Kandivali West, Mumbai - BMC",RC,2026-06-26 00:00:00+05:30,15.0,30.0,75.0,1.61,22.7,15.5,2.23,0.23,0.7431448254773942,-0.6691306063588582,0.11165900712169512,-0.993746580436178
3409512,"Kandivali West, Mumbai - BMC",RC,2026-06-27 00:00:00+05:30,11.9,30.4,71.2,1.65,19.6,17.4,1.09,0.257,0.7547095802227721,-0.6560590289905072,0.09453674981719912,-0.9955213724144752
3409512,"Kandivali West, Mumbai - BMC",RC,2026-06-28 00:00:00+05:30,11.2,29.7,76.3,1.6,14.2,21.3,2.3,0.187,0.7547095802227721,-0.6560590289905072,0.07738647923346301,-0.9970011699250151
3409512,"Kandivali West, Mumbai - BMC",RC,2026-06-29 00:00:00+05:30,8.06,26.7,87.5,1.34,17.6,19.4,1.53,0.217,0.7986355100472927,-0.6018150231520484,0.06021327736579302,-0.9981855344718586
3409512,"Kandivali West, Mumbai - BMC",RC,2026-06-30 00:00:00+05:30,8.56,27.2,88.1,1.4,18.1,19.2,1.76,0.271,0.7547095802227721,-0.6560590289905072,0.04302223300453059,-0.99907411510223
3409512,"Kandivali West, Mumbai - BMC",RC,2026-07-01 00:00:00+05:30,4.75,26.3,88.2,0.952,15.0,20.4,2.17,0.199,0.8480480961564261,-0.5299192642332048,0.02581844022713308,-0.9996666485105112
3409512,"Kandivali West, Mumbai - BMC",RC,2026-07-02 00:00:00+05:30,3.34,26.1,88.2,1.03,15.7,21.1,1.35,0.218,0.838670567945424,-0.5446390350150271,0.008606996888688698,-0.9999629591162655
3409512,"Kandivali West, Mumbai - BMC",RC,2026-07-03 00:00:00+05:30,3.12,25.9,88.2,0.34,14.6,19.9,1.59,0.17,0.9985366703262117,-0.054078812984775196,-0.008606996888688009,-0.9999629591162655
3409512,"Kandivali West, Mumbai - BMC",RC,2026-07-04 00:00:00+05:30,3.14,24.8,85.2,0.1,13.9,22.8,1.54,0.191,0.6266038113644604,0.7793379649314741,-0.02581844022713239,-0.9996666485105112
3409512,"Kandivali West, Mumbai - BMC",RC,2026-07-05 00:00:00+05:30,4.95,26.5,88.3,0.00844,6.87,25.7,1.87,0.101,0.06766702901737075,0.9977079598679978,-0.04302223300453034,-0.99907411510223
3409512,"Kandivali West, Mumbai - BMC",RC,2026-07-06 00:00:00+05:30,7.97,26.2,88.2,0.0417,7.36,21.9,1.1,0.106,0.30403306092549026,0.9526614812535863,-0.060213277365792774,-0.9981855344718586
3409512,"Kandivali West, Mumbai - BMC",RC,2026-07-07 00:00:00+05:30,12.3,27.2,88.3,0.0,8.31,23.8,1.74,0.147,0.0,1.0,-0.07738647923346322,-0.9970011699250151
3409512,"Kandivali West, Mumbai - BMC",RC,2026-07-08 00:00:00+05:30,12.2,24.5,85.5,4.49,11.4,26.5,0.448,0.283,0.6507742172658509,0.7592713073348809,-0.09453674981719933,-0.9955213724144752
3409512,"Kandivali West, Mumbai - BMC",RC,2026-07-09 00:00:00+05:30,15.2,29.0,88.2,18.7,11.9,22.6,1.04,0.174,0.984807753012208,-0.1736481776669303,-0.11165900712169444,-0.9937465804361781
3409512,"Kandivali West, Mumbai - BMC",RC,2026-07-10 00:00:00+05:30,10.8,29.4,86.7,10.0,14.6,15.4,0.53,0.12,0.3255681544571566,-0.9455185755993168,-0.12874817745258066,-0.99167731989929
3409512,"Kandivali West, Mumbai - BMC",RC,2026-07-11 00:00:00+05:30,10.9,29.5,87.2,3.99,10.1,14.5,3.02,0.17,-0.374606593415912,-0.9271838545667874,-0.14579919691987442,-0.9893142039703664
3409512,"Kandivali West, Mumbai - BMC",RC,2026-07-12 00:00:00+05:30,10.3,29.7,85.4,4.25,9.46,13.2,0.165,0.206,-0.4226182617406993,-0.90630778703665,-0.16280701293851646,-0.9866579328916572
3409512,"Kandivali West, Mumbai - BMC",RC,2026-07-13 00:00:00+05:30,7.44,29.7,79.2,4.35,14.1,7.34,1.04,0.167,-0.5591929034707467,-0.8290375725550417,-0.17976658572556214,-0.9837092937736098
3409512,"Kandivali West, Mumbai - BMC",RC,2026-07-14 00:00:00+05:30,11.9,29.7,76.0,4.37,12.8,4.08,3.05,0.255,-0.6156614753256582,-0.788010753606722,-0.19667288979357622,-0.9804691603616321
3409512,"Kandivali West, Mumbai - BMC",RC,2026-07-15 00:00:00+05:30,15.5,29.2,85.6,4.49,13.6,5.95,0.911,0.337,-0.6691306063588582,-0.7431448254773942,-0.2135209154397959,-0.9769384927771817
3409512,"Kandivali West, Mumbai - BMC",RC,2026-07-16 00:00:00+05:30,12.5,29.1,87.7,4.45,12.6,5.47,1.55,0.237,-0.7313537016191705,-0.6819983600624986,-0.23030567023061196,-0.973118337233262
3409512,"Kandivali West, Mumbai - BMC",RC,2026-07-17 00:00:00+05:30,11.9,28.8,88.0,4.4,12.5,5.56,1.62,0.258,-0.656059028990507,-0.7547095802227721,-0.24702218048093527,-0.9690098257244063
3409512,"Kandivali West, Mumbai - BMC",RC,2026-07-18 00:00:00+05:30,10.4,27.9,88.1,4.27,15.7,5.88,2.87,0.381,-0.5299192642332048,-0.8480480961564261,-0.2636654927280072,-0.9646141756912435
3409512,"Kandivali West, Mumbai - BMC",RC,2026-07-19 00:00:00+05:30,9.2,27.1,88.2,4.49,16.7,5.0,2.27,0.279,-0.6819983600624984,-0.7313537016191706,-0.2802306751992161,-0.9599326896597445
3409512,"Kandivali West, Mumbai - BMC",RC,2026-07-20 00:00:00+05:30,10.8,26.7,88.2,3.76,15.2,5.3,1.24,0.245,-0.43837114678907746,-0.8987940462991669,-0.2967128192734901,-0.9549667548552553
3409512,"Kandivali West, Mumbai - BMC",RC,2026-07-21 00:00:00+05:30,7.83,28.5,88.1,4.34,10.2,5.58,1.44,0.175,-0.39073112848927355,-0.9205048534524404,-0.3131070409358267,-0.9497178427914317
3409512,"Kandivali West, Mumbai - BMC",RC,2026-07-22 00:00:00+05:30,8.58,29.8,88.1,4.34,12.6,5.45,1.56,0.29,-0.32556815445715676,-0.9455185755993167,-0.3294084822245302,-0.9441875088341994
3409512,"Kandivali West, Mumbai - BMC",RC,2026-07-23 00:00:00+05:30,8.41,29.0,88.1,3.9,12.0,7.72,2.01,0.289,-0.32556815445715676,-0.9455185755993167,-0.3456123126707333,-0.9383773917408642
3409512,"Kandivali West, Mumbai - BMC",RC,2026-07-24 00:00:00+05:30,9.51,28.0,88.1,4.21,10.1,8.27,1.76,0.288,-0.35836794954530043,-0.9335804264972017,-0.3617137307297674,-0.9322892131745134
3409512,"Kandivali West, Mumbai - BMC",RC,2026-07-25 00:00:00+05:30,12.2,28.7,88.1,4.35,10.1,7.82,2.51,0.318,-0.43837114678907746,-0.8987940462991669,-0.37770796520396466,-0.9259247771938499
3409512,"Kandivali West, Mumbai - BMC",RC,2026-07-26 00:00:00+05:30,12.1,28.3,88.1,4.32,10.5,9.05,2.06,0.278,-0.5000000000000001,-0.8660254037844386,-0.39359027665646645,-0.9192859697186105
3409512,"Kandivali West, Mumbai - BMC",RC,2026-07-27 00:00:00+05:30,9.75,28.0,88.2,4.1,13.1,8.09,2.2,0.693,-0.4067366430758002,-0.9135454576426009,-0.4093559588156211,-0.9123747579707274
3409512,"Kandivali West, Mumbai - BMC",RC,2026-07-28 00:00:00+05:30,13.7,28.4,88.1,4.4,11.7,8.99,3.02,0.265,-0.5299192642332048,-0.8480480961564261,-0.42500033996955394,-0.9051931898913975
3409512,"Kandivali West, Mumbai - BMC",RC,2026-07-29 00:00:00+05:30,17.2,28.8,88.1,4.33,10.9,8.95,2.1,0.284,-0.34202014332566866,-0.9396926207859084,-0.4405187843504952,-0.8977433935342336
3409512,"Kandivali West, Mumbai - BMC",RC,2026-07-30 00:00:00+05:30,15.3,28.3,88.2,4.03,11.1,7.73,2.97,0.329,-0.35836794954530043,-0.9335804264972017,-0.455906693508459,-0.8900275764346766
3409512,"Kandivali West, Mumbai - BMC",RC,2026-07-31 00:00:00+05:30,15.5,27.8,88.2,3.24,8.81,8.65,3.95,0.229,-0.32556815445715676,-0.9455185755993167,-0.47115950767386394,-0.8820480249558535
3409512,"Kandivali West, Mumbai - BMC",RC,2026-08-01 00:00:00+05:30,16.0,28.5,88.1,4.06,7.38,8.66,2.68,0.291,-0.34202014332566866,-0.9396926207859084,-0.4862727071086902,-0.8738071036110807
3409512,"Kandivali West, Mumbai - BMC",RC,2026-08-02 00:00:00+05:30,13.2,27.7,88.2,4.33,7.56,7.94,2.62,0.312,-0.43837114678907746,-0.8987940462991669,-0.5012418134457756,-0.8653072543632061
3409512,"Kandivali West, Mumbai - BMC",RC,2026-08-03 00:00:00+05:30,12.2,28.0,88.1,3.17,9.45,8.69,1.37,0.289,-0.374606593415912,-0.9271838545667874,-0.5160623910158526,-0.8565509959010037
3409512,"Kandivali West, Mumbai - BMC",RC,2026-08-04 00:00:00+05:30,10.9,27.9,87.5,4.47,10.8,6.74,2.05,0.337,-0.656059028990507,-0.7547095802227721,-0.5307300481619331,-0.8475409228928312
3409512,"Kandivali West, Mumbai - BMC",RC,2026-08-05 00:00:00+05:30,33.1,27.4,88.2,4.6,11.8,9.62,3.02,0.404,-0.7771459614569706,-0.6293203910498378,-0.5452404385406507,-0.8382797052177745
3409512,"Kandivali West, Mumbai - BMC",RC,2026-08-06 00:00:00+05:30,48.6,28.6,87.1,4.57,10.4,9.06,2.6,0.342,-0.7771459614569706,-0.6293203910498378,-0.5595892624101763,-0.828770087174504
3409512,"Kandivali West, Mumbai - BMC",RC,2026-08-07 00:00:00+05:30,12.8,28.9,86.5,4.72,10.3,6.88,3.12,0.338,-0.8571673007021121,-0.5150380749100544,-0.5737722679043243,-0.8190148866680802
3409512,"Kandivali West, Mumbai - BMC",RC,2026-08-08 00:00:00+05:30,12.3,28.6,87.4,4.76,10.5,6.77,3.53,0.368,-0.8746197071393959,-0.48480962024633684,-0.5877852522924734,-0.8090169943749472
3409512,"Kandivali West, Mumbai - BMC",RC,2026-08-09 00:00:00+05:30,14.9,28.7,87.5,4.77,9.14,7.38,2.35,0.233,-0.8746197071393959,-0.48480962024633684,-0.6016240632249227,-0.7987793728863648
3409512,"Kandivali West, Mumbai - BMC",RC,2026-08-10 00:00:00+05:30,13.7,28.7,87.3,4.79,10.2,8.35,3.19,0.25,-0.882947592858927,-0.46947156278589075,-0.6152845999633277,-0.7883050558305253
3409512,"Kandivali West, Mumbai - BMC",RC,2026-08-11 00:00:00+05:30,10.9,25.7,88.2,4.6,13.5,29.0,4.97,0.487,-0.6946583704589973,-0.7193398003386511,-0.6287628145958345,-0.7775971469736268
3409512,"Kandivali West, Mumbai - BMC",RC,2026-08-12 00:00:00+05:30,10.3,27.7,88.1,4.61,13.0,4.61,4.84,0.184,-0.754709580222772,-0.6560590289905073,-0.6420547132365636,-0.7666588193001592
3409512,"Kandivali West, Mumbai - BMC",RC,2026-08-13 00:00:00+05:30,11.5,27.5,88.2,4.76,11.7,5.91,4.79,0.325,-0.882947592858927,-0.46947156278589075,-0.655156357209085,-0.7554933140726804
3409512,"Kandivali West, Mumbai - BMC",RC,2026-08-14 00:00:00+05:30,15.5,28.8,83.6,4.77,12.2,5.37,1.9,0.353,-0.8746197071393959,-0.48480962024633684,-0.6680638642135333,-0.7441039398713608
3409512,"Kandivali West, Mumbai - BMC",RC,2026-08-15 00:00:00+05:30,5.59,26.9,88.2,4.82,12.9,4.51,3.11,0.275,-0.8987940462991668,-0.43837114678907774,-0.6807734094770159,-0.7324940716135792
3409512,"Kandivali West, Mumbai - BMC",RC,2026-08-16 00:00:00+05:30,9.35,28.2,85.3,4.77,10.3,6.21,4.02,0.246,-0.8746197071393959,-0.48480962024633684,-0.6932812268869771,-0.7206671495538615
3409512,"Kandivali West, Mumbai - BMC",RC,2026-08-17 00:00:00+05:30,11.0,27.4,88.2,4.78,11.8,4.47,2.16,0.236,-0.882947592858927,-0.46947156278589075,-0.7055836101071774,-0.70862667826446
3409512,"Kandivali West, Mumbai - BMC",RC,2026-08-18 00:00:00+05:30,8.33,28.2,88.0,4.77,11.3,4.27,1.93,0.275,-0.882947592858927,-0.46947156278589075,-0.7176769136759615,-0.6963762255968726
3409512,"Kandivali West, Mumbai - BMC",RC,2026-08-19 00:00:00+05:30,8.0,28.2,87.3,4.77,11.3,5.71,3.11,0.244,-0.882947592858927,-0.46947156278589075,-0.7295575540864876,-0.6839194216246105
3409512,"Kandivali West, Mumbai - BMC",RC,2026-08-20 00:00:00+05:30,11.4,28.1,87.9,4.75,9.31,6.68,2.82,0.2,-0.8746197071393959,-0.48480962024633684,-0.7412220108485957,-0.6712599575675315
3409512,"Kandivali West, Mumbai - BMC",RC,2026-08-21 00:00:00+05:30,2.16,29.0,86.8,4.63,,22.1,,0.0933,-0.8090169943749473,-0.5877852522924732,-0.7526668275320083,-0.6584015846980489
3409512,"Kandivali West, Mumbai - BMC",RC,2026-08-22 00:00:00+05:30,7.24,28.3,87.6,4.67,33.7,8.32,4.17,0.252,-0.848048096156426,-0.529919264233205,-0.7638886127905429,-0.64534811322955
3409512,"Kandivali West, Mumbai - BMC",RC,2026-08-23 00:00:00+05:30,8.76,28.6,84.6,4.64,19.4,8.69,3.32,0.202,-0.8290375725550418,-0.5591929034707466,-0.7748840413670406,-0.6321034111873488
3409512,"Kandivali West, Mumbai - BMC",RC,2026-08-24 00:00:00+05:30,9.11,28.0,87.8,4.7,18.9,9.0,1.74,0.233,-0.8660254037844385,-0.5000000000000004,-0.7856498550787144,-0.6186714032625032
3409512,"Kandivali West, Mumbai - BMC",RC,2026-08-25 00:00:00+05:30,12.8,28.6,87.8,4.75,17.1,11.1,3.31,0.196,-0.8746197071393959,-0.48480962024633684,-0.7961828637826154,-0.6050560696488494
3409512,"Kandivali West, Mumbai - BMC",RC,2026-08-26 00:00:00+05:30,9.94,28.8,87.0,4.8,14.0,12.4,2.59,0.225,-0.882947592858927,-0.46947156278589075,-0.8064799463209447,-0.5912614448635782
3409512,"Kandivali West, Mumbai - BMC",RC,2026-08-27 00:00:00+05:30,8.64,28.8,86.1,4.77,12.4,13.0,4.77,0.14,-0.8660254037844385,-0.5000000000000004,-0.8165380514459157,-0.5772916165517278
3409512,"Kandivali West, Mumbai - BMC",RC,2026-08-28 00:00:00+05:30,7.3,28.4,87.5,4.77,14.2,6.91,4.88,0.21,-0.8660254037844385,-0.5000000000000004,-0.8263541987239094,-0.5631507242749187
3409512,"Kandivali West, Mumbai - BMC",RC,2026-08-29 00:00:00+05:30,3.8,28.1,87.9,4.74,8.53,10.1,2.61,0.211,-0.848048096156426,-0.529919264233205,-0.8359254794186365,-0.5488429582847199
3409512,"Kandivali West, Mumbai - BMC",RC,2026-08-30 00:00:00+05:30,7.56,29.3,85.1,4.8,11.6,11.2,2.69,0.246,-0.8660254037844385,-0.5000000000000004,-0.8452490573530634,-0.5343725582809785
3409512,"Kandivali West, Mumbai - BMC",RC,2026-08-31 00:00:00+05:30,5.43,28.6,86.5,4.8,11.1,10.4,4.26,0.159,-0.8746197071393959,-0.48480962024633684,-0.8543221697498269,-0.5197438121555157
3409512,"Kandivali West, Mumbai - BMC",RC,2026-09-01 00:00:00+05:30,5.48,28.4,87.5,4.8,10.5,9.71,3.68,0.185,-0.8746197071393959,-0.48480962024633684,-0.8631421280499115,-0.5049610547215202
3409512,"Kandivali West, Mumbai - BMC",RC,2026-09-02 00:00:00+05:30,9.3,27.8,88.1,4.79,11.4,19.7,2.57,0.409,-0.8746197071393959,-0.48480962024633684,-0.8717063187093217,-0.4900286664290594
3409512,"Kandivali West, Mumbai - BMC",RC,2026-09-03 00:00:00+05:30,16.6,28.1,86.9,4.78,11.8,15.1,1.96,0.286,-0.8660254037844385,-0.5000000000000004,-0.8800122039735356,-0.4749510720670502
3409512,"Kandivali West, Mumbai - BMC",RC,2026-09-04 00:00:00+05:30,18.7,28.5,85.6,4.81,9.73,17.1,2.31,0.21,-0.8746197071393959,-0.48480962024633684,-0.888057322629493,-0.4597327394521046
3409512,"Kandivali West, Mumbai - BMC",RC,2026-09-05 00:00:00+05:30,17.8,28.3,87.4,4.85,12.4,15.8,1.47,0.189,-0.8910065241883678,-0.4539904997395469,-0.8958392907349089,-0.4443781781046134
3409512,"Kandivali West, Mumbai - BMC",RC,2026-09-06 00:00:00+05:30,16.4,28.0,86.1,4.9,11.0,15.3,0.436,0.249,-0.9063077870366502,-0.42261826174069916,-0.9033558023246842,-0.4288919379124841
3409512,"Kandivali West, Mumbai - BMC",RC,2026-09-07 00:00:00+05:30,16.3,28.2,84.7,4.9,4.96,16.0,2.06,0.168,-0.8987940462991668,-0.43837114678907774,-0.9106046300942162,-0.41327860778290443
3409512,"Kandivali West, Mumbai - BMC",RC,2026-09-08 00:00:00+05:30,16.3,28.7,79.7,4.87,4.18,16.0,1.33,0.148,-0.882947592858927,-0.46947156278589075,-0.9175836260593934,-0.3975428142825566
3409512,"Kandivali West, Mumbai - BMC",RC,2026-09-09 00:00:00+05:30,14.8,28.8,83.4,4.85,4.45,16.3,0.946,0.181,-0.882947592858927,-0.46947156278589075,-0.9242907221930934,-0.3816892202666586
3409512,"Kandivali West, Mumbai - BMC",RC,2026-09-10 00:00:00+05:30,13.5,28.5,85.4,3.23,4.22,14.5,0.526,0.185,-0.8910065241883678,-0.4539904997395469,-0.9307239310379793,-0.3657225234972692
3409512,"Kandivali West, Mumbai - BMC",RC,2026-09-11 00:00:00+05:30,15.9,28.7,78.0,1.74,5.03,16.1,0.844,0.213,-0.8660254037844385,-0.5000000000000004,-0.9368813462954315,-0.34964745525122826
3409512,"Kandivali West, Mumbai - BMC",RC,2026-09-12 00:00:00+05:30,13.7,28.1,85.0,1.77,51.4,15.9,1.71,0.28,-0.8910065241883678,-0.4539904997395469,-0.9427611433904206,-0.33346877891818705
3409512,"Kandivali West, Mumbai - BMC",RC,2026-09-13 00:00:00+05:30,15.1,25.0,88.2,1.82,26.1,13.3,0.361,0.291,-0.9205048534524403,-0.3907311284892738,-0.9483615800121716,-0.31719128858910595
3409512,"Kandivali West, Mumbai - BMC",RC,2026-09-14 00:00:00+05:30,17.4,27.0,88.2,1.87,21.8,16.7,1.02,0.254,-0.9396926207859084,-0.34202014332566855,-0.9536809966304455,-0.300819807635668
3409512,"Kandivali West, Mumbai - BMC",RC,2026-09-15 00:00:00+05:30,18.5,27.3,88.0,1.88,18.8,14.3,0.632,0.244,-0.9455185755993168,-0.32556815445715664,-0.9587178169872964,-0.2843591872810036
3409512,"Kandivali West, Mumbai - BMC",RC,2026-09-16 00:00:00+05:30,16.0,27.7,86.4,1.87,17.1,15.8,2.74,0.31,-0.9396926207859084,-0.34202014332566855,-0.9634705485641486,-0.26781430516217486
3409512,"Kandivali West, Mumbai - BMC",RC,2026-09-17 00:00:00+05:30,14.9,28.3,88.0,1.88,14.6,17.3,2.6,0.229,-0.9455185755993168,-0.32556815445715664,-0.9679377830240642,-0.25119006388481957
3409513,"Sewri, Mumbai - BMC",FS,2025-10-12 00:00:00+05:30,7.4,,24.5,0.0,3.86,138.0,29.5,0.749,0.027398240287735538,0.9996245977511435,-0.9844738167520923,0.17553149042142777
3409513,"Sewri, Mumbai - BMC",FS,2025-10-13 00:00:00+05:30,6.23,,24.1,0.0,3.58,132.0,30.7,0.628,0.03350405030107149,0.9994385817114643,-0.9813064702716093,0.19245158197082995
3409513,"Sewri, Mumbai - BMC",FS,2025-10-14 00:00:00+05:30,4.04,,21.9,0.0,3.11,114.0,31.0,0.697,0.029666244085110757,0.999559860119384,-0.9778483415056567,0.20931464596304888
3409513,"Sewri, Mumbai - BMC",FS,2025-10-15 00:00:00+05:30,7.52,,24.0,0.0,3.43,114.0,24.3,0.704,0.03228298102577449,0.9994787687270248,-0.9741004551724206,0.22611568550828803
3409513,"Sewri, Mumbai - BMC",FS,2025-10-16 00:00:00+05:30,4.31,,21.8,0.0,3.77,77.4,17.4,0.754,0.05233595624294384,0.9986295347545738,-0.970063921851507,0.2428497220959358
3409513,"Sewri, Mumbai - BMC",FS,2025-10-17 00:00:00+05:30,3.22,,19.4,0.0,3.22,66.4,22.2,,0.03036406122413637,0.9995389055889605,-0.965739937654855,0.25951179706979943
3409513,"Sewri, Mumbai - BMC",FS,2025-10-18 00:00:00+05:30,8.57,,19.6,0.0,3.69,100.0,23.2,,0.031410759078128285,0.9995065603657316,-0.9611297838723007,0.27609697309746883
3409513,"Sewri, Mumbai - BMC",FS,2025-10-19 00:00:00+05:30,4.06,,18.2,0.0,3.39,106.0,26.7,0.648,0.024955617255638815,0.9996885600862851,-0.9562348265919058,0.2926003356333479
3409513,"Sewri, Mumbai - BMC",FS,2025-10-20 00:00:00+05:30,5.19,,18.3,0.0,5.21,144.0,15.0,0.591,0.03332961485243795,0.9994444140490196,-0.9510565162951536,0.30901699437494723
3409513,"Sewri, Mumbai - BMC",FS,2025-10-21 00:00:00+05:30,1.39,,17.4,0.0,2.93,149.0,23.2,0.818,0.022861821228399245,0.9997386344090743,-0.9455963874271428,0.3253420847119795
3409513,"Sewri, Mumbai - BMC",FS,2025-10-22 00:00:00+05:30,3.17,49.8,18.7,0.0,3.51,83.5,15.9,0.612,0.020069938783589036,0.9997985784932998,-0.9398560579418953,0.341570769167856
3409513,"Sewri, Mumbai - BMC",FS,2025-10-23 00:00:00+05:30,2.89,,18.8,0.0,3.3,89.0,9.77,,0.018499434734501483,0.9998288708146529,-0.9338372288229252,0.35769823883312546
3409513,"Sewri, Mumbai - BMC",FS,2025-10-24 00:00:00+05:30,2.44,44.1,16.4,0.0,2.89,49.8,7.33,,0.015131427139810649,0.9998855134027659,-0.9275416835791965,0.3737197147904692
3409513,"Sewri, Mumbai - BMC",FS,2025-10-25 00:00:00+05:30,7.03,45.4,18.0,0.0,2.7,34.6,2.04,,0.022687333572781358,0.9997426093226983,-0.9209712877166347,0.38963044953078774
3409513,"Sewri, Mumbai - BMC",FS,2025-10-26 00:00:00+05:30,3.17,49.6,19.7,0.0,2.88,27.9,2.0,0.634,0.015864377371548558,0.9998741528465536,-0.9141279881853337,0.4054257283599973
3409513,"Sewri, Mumbai - BMC",FS,2025-10-27 00:00:00+05:30,2.56,37.6,17.0,0.0,2.32,27.8,9.54,2.9,0.00781899537549496,0.9999694311884328,-0.9070138128026362,0.42110087079608916
3409513,"Sewri, Mumbai - BMC",FS,2025-10-28 00:00:00+05:30,2.18,51.4,21.1,0.0,3.04,54.5,11.7,0.899,0.016544966390664453,0.999863122675865,-0.8996308696522434,0.4366512319560638
3409513,"Sewri, Mumbai - BMC",FS,2025-10-29 00:00:00+05:30,1.4,47.7,19.3,0.0,2.63,59.9,17.8,0.872,0.015305939851978558,0.9998828572414109,-0.8919813464595487,0.45207220393230374
3409513,"Sewri, Mumbai - BMC",FS,2025-10-30 00:00:00+05:30,1.13,48.4,19.7,0.0,2.58,43.1,17.0,1.39,0.016091241210196144,0.999870527596606,-0.8840675099433637,0.46735921715800205
3409513,"Sewri, Mumbai - BMC",FS,2025-10-31 00:00:00+05:30,1.14,50.0,20.1,0.0,2.75,36.6,11.8,,0.031061863564087397,0.9995174638954168,-0.8758917051442433,0.48250774176121763
3409513,"Sewri, Mumbai - BMC",FS,2025-11-01 00:00:00+05:30,2.52,48.6,18.9,0.0,3.09,43.6,8.85,1.06,0.03036406122413637,0.9995389055889605,-0.8674563547295971,0.4975132889071803
3409513,"Sewri, Mumbai - BMC",FS,2025-11-02 00:00:00+05:30,1.91,50.9,20.7,0.0,2.64,34.5,7.22,0.859,0.030887414385112246,0.9995228699897779,-0.858763958275803,0.5123714121284235
3409513,"Sewri, Mumbai - BMC",FS,2025-11-03 00:00:00+05:30,7.41,51.7,20.5,0.0,3.16,32.6,5.86,1.52,0.07306413179998016,0.9973272445112061,-0.8498170915275277,0.5270777086423724
3409513,"Sewri, Mumbai - BMC",FS,2025-11-04 00:00:00+05:30,1.87,,16.0,0.0,13.2,85.7,11.8,0.673,0.03472506956737967,0.9993969029087195,-0.8406184056344783,0.5416278206559811
3409513,"Sewri, Mumbai - BMC",FS,2025-11-05 00:00:00+05:30,11.2,52.9,21.2,0.0,1.6,125.0,25.7,2.81,0.018324931396102796,0.9998320843468308,-0.8311706263658079,0.5560174366570446
3409513,"Sewri, Mumbai - BMC",FS,2025-11-06 00:00:00+05:30,2.23,,19.6,0.0,0.19,98.2,30.0,7.21,0.005934084629718736,0.9999823931648033,-0.8214765533024145,0.5702422926917867
3409513,"Sewri, Mumbai - BMC",FS,2025-11-07 00:00:00+05:30,3.24,49.4,19.0,0.0,1.18,123.0,46.2,4.12,0.01343863071187315,0.9999096975250265,-0.8115390590073611,0.5842981736283683
3409513,"Sewri, Mumbai - BMC",FS,2025-11-08 00:00:00+05:30,4.81,,19.9,0.0,2.18,169.0,38.7,0.737,0.029491787527855154,0.9995650226315503,-0.801361088174677,0.5981809144059158
3409513,"Sewri, Mumbai - BMC",FS,2025-11-09 00:00:00+05:30,21.5,,20.6,0.0,2.28,180.0,38.3,0.697,0.034027350502167444,0.9994209020316729,-0.7909456567567774,0.6118864012687242
3409513,"Sewri, Mumbai - BMC",FS,2025-11-10 00:00:00+05:30,27.5,,23.5,0.0,4.12,191.0,19.2,0.625,0.04170127326211158,0.9991301235616503,-0.780295851070776,0.6254105729852457
3409513,"Sewri, Mumbai - BMC",FS,2025-11-11 00:00:00+05:30,11.8,,19.9,0.0,2.18,147.0,48.1,0.649,0.04135250852236719,0.9991446191812813,-0.7694148268839381,0.6387494220515268
3409513,"Sewri, Mumbai - BMC",FS,2025-11-12 00:00:00+05:30,4.61,,19.5,0.0,2.02,180.0,45.1,0.498,0.03716695078301057,0.9993090701927474,-0.7583058084785625,0.6518989958787125
3409513,"Sewri, Mumbai - BMC",FS,2025-11-13 00:00:00+05:30,13.5,,18.8,0.0,1.6,207.0,46.0,0.604,0.03559719455885849,0.9993662190306108,-0.7469720876965551,0.6648553979642866
3409513,"Sewri, Mumbai - BMC",FS,2025-11-14 00:00:00+05:30,12.4,,22.5,0.0,1.33,193.0,46.7,0.489,0.0361204565840214,0.9993474433930183,-0.7354170229639858,0.6776147890466887
3409513,"Sewri, Mumbai - BMC",FS,2025-11-15 00:00:00+05:30,25.6,,21.2,0.0,4.4,141.0,35.6,0.686,0.046932110821226294,0.9988980813746036,-0.7236440382959124,0.690173388242972
3409513,"Sewri, Mumbai - BMC",FS,2025-11-16 00:00:00+05:30,13.4,,21.6,0.0,1.99,135.0,33.3,0.542,0.03960861009341918,0.9992152711035133,-0.711656622281775,0.7025274741691566
3409513,"Sewri, Mumbai - BMC",FS,2025-11-17 00:00:00+05:30,2.0,,19.6,0.0,2.81,119.0,47.5,0.587,0.02704930381533178,0.9996341006403823,-0.6994583270516471,0.7146733860429608
3409513,"Sewri, Mumbai - BMC",FS,2025-11-18 00:00:00+05:30,7.6,,19.5,0.0,3.98,151.0,28.6,0.806,0.0415268915247301,0.9991373865891984,-0.6870527672236675,0.7266075247685652
3409513,"Sewri, Mumbai - BMC",FS,2025-11-19 00:00:00+05:30,19.5,,21.5,0.0,5.35,150.0,28.6,0.873,0.04832678945271654,0.9988315781057349,-0.6744436188329457,0.7383263540031063
3409513,"Sewri, Mumbai - BMC",FS,2025-11-20 00:00:00+05:30,15.6,,20.1,0.0,5.02,135.0,28.9,0.736,0.04536298812925378,0.9989705697907147,-0.661634618242279,0.749826401204568
3409513,"Sewri, Mumbai - BMC",FS,2025-11-21 00:00:00+05:30,19.2,,14.7,0.0,3.73,139.0,27.6,,0.03437621212909214,0.9994089633576715,-0.6486295610349818,0.7611042586607742
3409513,"Sewri, Mumbai - BMC",FS,2025-11-22 00:00:00+05:30,11.4,,14.9,0.0,1.68,143.0,23.5,0.658,0.02582800048591857,0.9996664015514872,-0.6354323008901775,0.7721565844991641
3409513,"Sewri, Mumbai - BMC",FS,2025-11-23 00:00:00+05:30,28.4,,26.7,0.0,3.59,155.0,28.5,0.52,0.06313889274550107,0.9980047495993554,-0.622046748440868,0.7829801036770624
3409513,"Sewri, Mumbai - BMC",FS,2025-11-24 00:00:00+05:30,8.25,,23.8,0.0,2.64,124.0,40.8,0.623,0.03978300545342978,0.9992083428780468,-0.6084768701151264,0.7935716089521472
3409513,"Sewri, Mumbai - BMC",FS,2025-11-25 00:00:00+05:30,40.1,,26.3,0.0,4.89,153.0,25.6,0.651,0.06679633891853323,0.9977666305840662,-0.594726686960764,0.8039279618328208
3409513,"Sewri, Mumbai - BMC",FS,2025-11-26 00:00:00+05:30,0.65,,22.1,0.0,3.11,116.0,44.1,0.788,0.04222441083124777,0.9991081518684322,-0.5808002734538013,0.8140460935082175
3409513,"Sewri, Mumbai - BMC",FS,2025-11-27 00:00:00+05:30,3.71,,24.0,0.0,1.98,120.0,39.6,0.754,0.04065496396934176,0.9991732451905683,-0.5667017562911184,0.8239230057575536
3409513,"Sewri, Mumbai - BMC",FS,2025-11-28 00:00:00+05:30,9.49,,21.6,0.0,2.23,121.0,33.2,0.621,0.0403061842410544,0.9991873755767364,-0.5524353131676203,0.8335557718385695
3409513,"Sewri, Mumbai - BMC",FS,2025-11-29 00:00:00+05:30,4.88,,20.8,0.0,2.1,116.0,24.7,0.493,0.038038998196195516,0.9992762554049955,-0.5380051715382992,0.8429415373547832
3409513,"Sewri, Mumbai - BMC",FS,2025-11-30 00:00:00+05:30,7.85,,21.9,0.0,2.44,113.0,30.9,,0.03577161632534959,0.9993599909269292,-0.5234156073655503,0.8520775211013093
3409513,"Sewri, Mumbai - BMC",FS,2025-12-01 00:00:00+05:30,21.8,,20.6,0.0,7.44,128.0,27.1,,0.04815245972043413,0.9988399975085459,-0.5086709438521042,0.8609610158889945
3409513,"Sewri, Mumbai - BMC",FS,2025-12-02 00:00:00+05:30,21.1,,20.5,0.0,4.01,139.0,22.1,0.532,0.053730254645202154,0.9985554865583393,-0.49377555015997737,0.8695893893466109
3409513,"Sewri, Mumbai - BMC",FS,2025-12-03 00:00:00+05:30,17.2,,21.7,0.0,5.34,141.0,20.9,0.781,0.04815245972043413,0.9988399975085459,-0.4787338401157883,0.8779600847008883
3409513,"Sewri, Mumbai - BMC",FS,2025-12-04 00:00:00+05:30,20.3,,20.6,0.0,10.9,133.0,14.9,0.465,0.053381689758760474,0.9985741811195098,-0.4635502709028512,0.8860706215341378
3409513,"Sewri, Mumbai - BMC",FS,2025-12-05 00:00:00+05:30,9.89,,19.4,0.0,8.54,133.0,18.3,0.783,0.042398787455584105,0.999100767101245,-0.4482293417404106,0.893918596519257
3409513,"Sewri, Mumbai - BMC",FS,2025-12-06 00:00:00+05:30,3.69,,19.7,0.0,7.46,101.0,28.4,0.695,0.03542277170801484,0.9993724166918566,-0.4327755925504317,0.9015016841318838
3409513,"Sewri, Mumbai - BMC",FS,2025-12-07 00:00:00+05:30,2.94,,20.3,0.0,5.17,106.0,30.8,0.73,0.03298074091465013,0.9994559873895001,-0.41719360261231697,0.9088176373395028
3409513,"Sewri, Mumbai - BMC",FS,2025-12-08 00:00:00+05:30,12.7,,21.6,0.0,7.02,116.0,25.0,0.599,0.04100373874394506,0.999158993058171,-0.4014879892059737,0.9158642882672868
3409513,"Sewri, Mumbai - BMC",FS,2025-12-09 00:00:00+05:30,23.4,,20.9,0.0,4.97,115.0,16.1,,0.04553734069318449,0.9989626372405491,-0.38566340624360745,0.9226395488404875
3409513,"Sewri, Mumbai - BMC",FS,2025-12-10 00:00:00+05:30,28.1,,18.6,0.0,16.2,112.0,16.4,0.409,0.04553734069318449,0.9989626372405491,-0.3697245428906732,0.9291414114031743
3409513,"Sewri, Mumbai - BMC",FS,2025-12-11 00:00:00+05:30,15.8,,19.8,0.0,5.2,108.0,23.1,0.918,0.038213404223881156,0.9992696011275547,-0.3536761221763721,0.935367949313148
3409513,"Sewri, Mumbai - BMC",FS,2025-12-12 00:00:00+05:30,33.2,,19.6,0.0,4.46,131.0,23.4,0.874,0.039957399601580755,0.9992013842149537,-0.33752289959411347,0.941317317512847
3409513,"Sewri, Mumbai - BMC",FS,2025-12-13 00:00:00+05:30,23.9,,24.0,0.0,3.97,130.0,25.9,0.924,0.054253089686214,0.9985272165842549,-0.32126966169236515,0.9469877530760751
3409513,"Sewri, Mumbai - BMC",FS,2025-12-14 00:00:00+05:30,19.2,,25.3,0.0,7.91,112.0,17.6,0.384,0.05007000493284858,0.9987457106821659,-0.3049212246562894,0.9523775757303973
3409513,"Sewri, Mumbai - BMC",FS,2025-12-15 00:00:00+05:30,4.7,,22.2,0.0,5.86,108.0,8.87,0.366,0.04117812426033482,0.9991518213376787,-0.2884824328806098,0.9574851883550389
3409513,"Sewri, Mumbai - BMC",FS,2025-12-17 00:00:00+05:30,18.1,50.5,20.3,0.0,7.71,108.0,20.0,0.789,0.03385291813124979,0.9994268257026119,-0.2553532951161881,0.9668478136052773
3409513,"Sewri, Mumbai - BMC",FS,2025-12-18 00:00:00+05:30,28.3,,22.4,0.0,5.01,120.0,13.0,0.87,0.0439681183178649,0.9990329346781247,-0.23867276600594997,0.9711000518829505
3409513,"Sewri, Mumbai - BMC",FS,2025-12-19 00:00:00+05:30,27.1,,22.7,0.0,4.28,104.0,12.5,0.393,0.047455126176331124,0.998873370853177,-0.22192151300416674,0.9750645322571945
3409513,"Sewri, Mumbai - BMC",FS,2025-12-20 00:00:00+05:30,18.3,,21.7,0.0,6.62,91.6,12.1,0.648,0.037341362551239134,0.9993025681157919,-0.20510449986861926,0.9787400799669153
3409513,"Sewri, Mumbai - BMC",FS,2025-12-21 00:00:00+05:30,50.1,,23.2,0.0,8.79,105.0,0.33,0.53,0.054253089686214,0.9985272165842549,-0.1882267098432439,0.9821256058680006
3409513,"Sewri, Mumbai - BMC",FS,2025-12-22 00:00:00+05:30,31.2,,20.9,0.0,7.79,91.0,10.4,0.522,0.039957399601580755,0.9992013842149537,-0.1712931441814778,0.9852201067560606
3409513,"Sewri, Mumbai - BMC",FS,2025-12-23 00:00:00+05:30,17.4,,21.0,0.0,7.02,93.0,12.9,0.597,0.03455064137447227,0.9994029483549729,-0.154308820664281,0.9880226656636976
3409513,"Sewri, Mumbai - BMC",FS,2025-12-24 00:00:00+05:30,7.94,,21.3,0.0,4.9,65.0,9.27,0.594,0.03489949670250097,0.9993908270190958,-0.13727877211326517,0.9905324521322227
3409513,"Sewri, Mumbai - BMC",FS,2025-12-25 00:00:00+05:30,15.6,,23.5,0.0,5.85,102.0,16.6,0.558,0.03298074091465013,0.9994559873895001,-0.12020804489935275,0.9927487224577402
3409513,"Sewri, Mumbai - BMC",FS,2025-12-27 00:00:00+05:30,8.41,46.5,19.3,0.0,3.82,88.4,18.1,0.646,0.02582800048591857,0.9996664015514872,-0.0859647987374467,0.9962981749346077
3409513,"Sewri, Mumbai - BMC",FS,2025-12-28 00:00:00+05:30,21.1,,23.7,0.0,5.67,116.0,13.7,0.547,0.038387809087519945,0.9992629164106211,-0.06880242680232064,0.9976303053065857
3409513,"Sewri, Mumbai - BMC",FS,2025-12-29 00:00:00+05:30,53.3,,27.6,0.736,48.6,55.1,3.96,0.524,0.9851093261547739,0.17192910027940972,-0.05161966722325418,0.9986668162884759
3409513,"Sewri, Mumbai - BMC",FS,2025-12-30 00:00:00+05:30,63.1,,,1.16,90.3,8.2,5.32,0.821,0.9781476007338057,-0.20791169081775934,-0.034421611622745804,0.9994074007397048
3409513,"Sewri, Mumbai - BMC",FS,2025-12-31 00:00:00+05:30,59.2,25.8,52.5,0.972,58.1,7.78,5.11,0.643,0.6946583704589971,-0.7193398003386513,-0.01721335615583528,0.9998518392091162
3409513,"Sewri, Mumbai - BMC",FS,2026-01-01 00:00:00+05:30,35.7,25.7,59.5,1.05,32.8,5.61,2.25,0.419,0.766044443118978,-0.6427876096865394,0.0,1.0
3409513,"Sewri, Mumbai - BMC",FS,2026-01-02 00:00:00+05:30,48.1,25.6,64.4,1.25,44.1,7.12,3.59,0.765,,,0.017213356155834685,0.9998518392091162
3409513,"Sewri, Mumbai - BMC",FS,2026-01-03 00:00:00+05:30,54.4,26.0,51.7,1.36,48.3,6.72,2.53,0.701,,,0.03442161162274574,0.9994074007397048
3409513,"Sewri, Mumbai - BMC",FS,2026-01-04 00:00:00+05:30,76.2,25.9,56.7,1.29,58.8,3.42,4.08,0.977,,,0.051619667223253764,0.998666816288476
3409513,"Sewri, Mumbai - BMC",FS,2026-01-05 00:00:00+05:30,64.8,27.1,40.6,1.07,49.0,9.39,4.06,0.716,0.9743700647852352,-0.22495105434386503,0.06880242680231986,0.9976303053065857
3409513,"Sewri, Mumbai - BMC",FS,2026-01-06 00:00:00+05:30,61.9,26.6,44.0,0.974,45.7,8.32,3.38,0.607,0.7071067811865476,-0.7071067811865475,0.08596479873744647,0.9962981749346078
3409513,"Sewri, Mumbai - BMC",FS,2026-01-07 00:00:00+05:30,73.1,26.2,42.0,1.04,55.7,7.49,3.88,0.88,0.9960410654107696,0.08889429686644137,0.10310169744743485,0.9946708199115211
3409513,"Sewri, Mumbai - BMC",FS,2026-01-08 00:00:00+05:30,59.6,26.1,33.4,1.0,55.1,5.71,3.48,0.646,0.9835714708133859,0.18051914525056006,0.1202080448993527,0.9927487224577402
3409513,"Sewri, Mumbai - BMC",FS,2026-01-09 00:00:00+05:30,58.0,25.7,,1.41,64.0,18.4,4.81,0.948,0.9980267284282716,0.0627905195293133,0.13727877211326478,0.9905324521322229
3409513,"Sewri, Mumbai - BMC",FS,2026-01-10 00:00:00+05:30,61.0,25.9,27.1,1.37,55.0,12.3,4.49,0.496,0.9449489121575309,0.32721789897910386,0.15430882066428117,0.9880226656636976
3409513,"Sewri, Mumbai - BMC",FS,2026-01-20 00:00:00+05:30,50.0,25.3,51.3,1.3,69.7,7.67,7.49,1.09,0.8090169943749475,-0.587785252292473,0.3212696616923644,0.9469877530760753
3409513,"Sewri, Mumbai - BMC",FS,2026-01-21 00:00:00+05:30,69.8,26.2,44.9,,63.3,9.84,5.94,0.871,,,0.3375228995941133,0.9413173175128471
3409513,"Sewri, Mumbai - BMC",FS,2026-01-22 00:00:00+05:30,66.7,26.7,37.0,,50.4,14.3,5.17,1.16,,,0.3536761221763716,0.9353679493131483
3409513,"Sewri, Mumbai - BMC",FS,2026-01-23 00:00:00+05:30,47.2,25.9,53.7,1.33,41.0,10.0,2.28,0.29,,,0.3697245428906731,0.9291414114031743
3409513,"Sewri, Mumbai - BMC",FS,2026-01-24 00:00:00+05:30,39.0,25.5,44.1,1.36,50.3,8.14,3.67,0.61,0.9408807689542256,0.33873792024529126,0.38566340624360707,0.9226395488404876
3409513,"Sewri, Mumbai - BMC",FS,2026-01-27 00:00:00+05:30,22.6,25.6,52.5,1.68,25.2,11.9,1.69,0.235,0.9966373868180366,0.08193850863004098,0.4327755925504312,0.901501684131884
3409513,"Sewri, Mumbai - BMC",FS,2026-01-28 00:00:00+05:30,30.1,25.6,43.1,1.6,33.1,11.8,2.65,0.416,0.9943379441332046,0.10626407133623308,0.4482293417404106,0.893918596519257
3409513,"Sewri, Mumbai - BMC",FS,2026-01-29 00:00:00+05:30,49.1,26.3,35.5,0.984,63.6,9.71,4.49,0.775,0.981627183447664,-0.1908089953765448,0.4635502709028509,0.886070621534138
3409513,"Sewri, Mumbai - BMC",FS,2026-01-30 00:00:00+05:30,59.8,26.6,56.8,0.965,58.5,10.2,3.48,0.696,0.5877852522924732,-0.8090169943749473,0.47873384011578846,0.8779600847008882
3409513,"Sewri, Mumbai - BMC",FS,2026-01-31 00:00:00+05:30,48.8,26.3,67.6,1.09,43.6,9.29,2.0,0.604,0.989776230907789,-0.14262893370551158,0.49377555015997715,0.869589389346611
3409513,"Sewri, Mumbai - BMC",FS,2026-02-01 00:00:00+05:30,49.8,26.1,59.5,1.22,61.6,6.98,3.01,0.755,0.9063077870366499,0.42261826174069944,0.5086709438521044,0.8609610158889943
3409513,"Sewri, Mumbai - BMC",FS,2026-02-02 00:00:00+05:30,66.7,27.9,25.4,1.05,49.4,20.3,5.7,0.584,0.9396926207859084,-0.3420201433256687,0.5234156073655503,0.8520775211013093
3409513,"Sewri, Mumbai - BMC",FS,2026-02-03 00:00:00+05:30,68.7,25.7,60.4,0.977,90.4,0.314,3.74,0.798,0.24192189559966773,-0.9702957262759965,0.5380051715382996,0.8429415373547828
3409513,"Sewri, Mumbai - BMC",FS,2026-02-04 00:00:00+05:30,84.3,27.0,27.0,0.838,46.4,9.13,0.05,0.61,0.5299192642332049,0.848048096156426,0.5524353131676196,0.8335557718385699
3409513,"Sewri, Mumbai - BMC",FS,2026-02-05 00:00:00+05:30,71.9,26.8,36.2,0.839,97.9,5.38,4.47,0.777,0.9384930227595559,0.34529819899853476,0.5667017562911176,0.8239230057575542
3409513,"Sewri, Mumbai - BMC",FS,2026-02-06 00:00:00+05:30,52.8,27.4,23.3,1.44,49.0,12.1,2.07,0.49,0.9617413095492113,0.27395921869243256,0.5808002734538009,0.8140460935082178
3409513,"Sewri, Mumbai - BMC",FS,2026-02-07 00:00:00+05:30,55.7,27.4,20.0,0.972,58.5,11.3,5.76,0.684,0.9743700647852352,-0.22495105434386503,0.5947266869607634,0.8039279618328213
3409513,"Sewri, Mumbai - BMC",FS,2026-02-08 00:00:00+05:30,41.8,26.7,27.3,0.981,71.0,8.66,3.9,0.723,0.9659258262890683,-0.25881904510252085,0.6084768701151261,0.7935716089521474
3409513,"Sewri, Mumbai - BMC",FS,2026-02-09 00:00:00+05:30,56.8,26.7,41.5,1.15,47.0,14.2,8.65,0.658,0.8746197071393959,-0.484809620246337,0.6220467484408675,0.7829801036770629
3409513,"Sewri, Mumbai - BMC",FS,2026-02-10 00:00:00+05:30,46.9,26.5,42.9,1.59,32.7,18.6,9.05,0.445,0.9966373868180366,-0.08193850863004087,0.6354323008901774,0.7721565844991642
3409513,"Sewri, Mumbai - BMC",FS,2026-02-11 00:00:00+05:30,52.9,26.8,41.7,1.37,20.1,16.5,7.65,0.56,0.981627183447664,-0.1908089953765448,0.6486295610349814,0.7611042586607747
3409513,"Sewri, Mumbai - BMC",FS,2026-02-12 00:00:00+05:30,49.5,26.9,46.6,1.12,36.2,17.7,2.79,0.737,0.8746197071393957,0.4848096202463371,0.6616346182422783,0.7498264012045686
3409513,"Sewri, Mumbai - BMC",FS,2026-02-13 00:00:00+05:30,61.9,28.6,20.2,0.805,37.5,19.7,8.93,0.687,0.5299192642332049,-0.848048096156426,0.6744436188329455,0.7383263540031065
3409513,"Sewri, Mumbai - BMC",FS,2026-02-14 00:00:00+05:30,77.8,26.2,43.4,1.04,89.5,1.09,11.6,1.25,0.7986355100472927,-0.6018150231520484,0.6870527672236669,0.7266075247685656
3409513,"Sewri, Mumbai - BMC",FS,2026-02-15 00:00:00+05:30,68.6,26.4,37.5,1.47,91.4,1.76,5.09,1.31,0.8377187166204387,0.5461019610144291,0.699458327051647,0.7146733860429609
3409513,"Sewri, Mumbai - BMC",FS,2026-02-18 00:00:00+05:30,15.0,26.5,47.9,1.42,3.94,11.7,2.46,0.242,0.9396926207859084,-0.3420201433256687,0.7354170229639855,0.6776147890466889
3409513,"Sewri, Mumbai - BMC",FS,2026-02-20 00:00:00+05:30,66.3,27.5,47.1,1.25,27.8,19.9,4.42,0.856,0.999194395114446,-0.040131792532559614,0.7583058084785624,0.6518989958787126
3409513,"Sewri, Mumbai - BMC",FS,2026-02-21 00:00:00+05:30,67.6,27.7,37.1,0.966,40.8,14.4,3.93,0.755,0.9947028171171742,0.10279253678724691,0.7694148268839378,0.6387494220515272
3409513,"Sewri, Mumbai - BMC",FS,2026-02-22 00:00:00+05:30,60.7,26.9,,0.665,43.8,9.38,4.23,0.747,0.90630778703665,-0.42261826174069933,0.7802958510707755,0.6254105729852463
3409513,"Sewri, Mumbai - BMC",FS,2026-02-23 00:00:00+05:30,50.3,27.4,39.6,1.06,29.9,14.4,6.49,0.639,0.99780146829205,0.06627390040000007,0.7909456567567772,0.6118864012687243
3409513,"Sewri, Mumbai - BMC",FS,2026-02-24 00:00:00+05:30,46.0,27.1,46.9,1.21,25.8,14.8,4.5,0.63,0.9988061373414341,-0.04884976979561327,0.8013610881746766,0.5981809144059165
3409513,"Sewri, Mumbai - BMC",FS,2026-02-25 00:00:00+05:30,38.4,27.1,46.7,0.974,28.9,9.76,4.27,0.544,0.9923319378854888,-0.12360147674049249,0.8115390590073611,0.5842981736283684
3409513,"Sewri, Mumbai - BMC",FS,2026-02-26 00:00:00+05:30,11.7,26.8,44.3,1.36,2.6,8.65,0.881,0.183,0.9941509639723154,0.10799935570602284,0.8214765533024142,0.5702422926917871
3409513,"Sewri, Mumbai - BMC",FS,2026-02-27 00:00:00+05:30,13.4,26.3,45.5,1.19,13.0,5.93,1.8,0.333,0.9149596678498247,0.40354529635239,0.8311706263658079,0.5560174366570446
3409513,"Sewri, Mumbai - BMC",FS,2026-02-28 00:00:00+05:30,14.1,26.4,40.9,1.24,17.4,9.42,2.71,0.351,0.9304175679820246,0.3665012267242973,0.8406184056344782,0.5416278206559814
3409513,"Sewri, Mumbai - BMC",FS,2026-03-01 00:00:00+05:30,23.8,26.3,46.2,1.32,15.1,13.6,3.63,0.518,0.9731788727770883,0.23004973718810445,0.8498170915275278,0.5270777086423722
3409513,"Sewri, Mumbai - BMC",FS,2026-03-02 00:00:00+05:30,18.0,26.4,49.8,1.38,22.2,11.6,2.59,0.435,0.9774158942860959,0.2113247964553888,0.8587639582758029,0.5123714121284237
3409513,"Sewri, Mumbai - BMC",FS,2026-03-03 00:00:00+05:30,72.5,27.0,48.0,1.28,24.2,22.0,4.81,1.03,0.9999756307053947,-0.006981260297961945,0.8674563547295969,0.49751328890718066
3409513,"Sewri, Mumbai - BMC",FS,2026-03-04 00:00:00+05:30,43.1,28.4,39.6,1.15,25.0,21.9,9.55,0.636,0.9999939076577904,0.0034906514152237985,0.8758917051442429,0.48250774176121847
3409513,"Sewri, Mumbai - BMC",FS,2026-03-05 00:00:00+05:30,33.5,28.3,,1.15,39.7,11.5,5.44,0.783,0.9149596678498247,0.40354529635239,0.8840675099433636,0.4673592171580022
3409513,"Sewri, Mumbai - BMC",FS,2026-03-06 00:00:00+05:30,29.5,28.0,,1.36,46.8,21.2,3.8,0.449,0.8746197071393959,-0.484809620246337,0.8919813464595485,0.45207220393230435
3409513,"Sewri, Mumbai - BMC",FS,2026-03-07 00:00:00+05:30,24.6,27.2,50.1,1.28,42.4,24.2,3.01,0.493,0.99556196460308,-0.09410831331851438,0.8996308696522433,0.43665123195606403
3409513,"Sewri, Mumbai - BMC",FS,2026-03-08 00:00:00+05:30,52.5,29.2,21.0,1.45,50.5,39.2,6.43,0.716,0.9971851335251157,-0.07497872682632763,0.9070138128026359,0.4211008707960896
3409513,"Sewri, Mumbai - BMC",FS,2026-03-09 00:00:00+05:30,45.2,29.8,15.3,1.06,60.8,26.0,17.3,0.632,0.9857034690888535,-0.16848937956500265,0.9141279881853337,0.40542572835999735
3409513,"Sewri, Mumbai - BMC",FS,2026-03-10 00:00:00+05:30,58.4,29.3,,0.918,,24.5,8.4,0.856,0.9455185755993168,-0.32556815445715664,0.9209712877166346,0.38963044953078796
3409513,"Sewri, Mumbai - BMC",FS,2026-03-11 00:00:00+05:30,84.4,28.1,,0.696,,19.5,1.85,0.384,0.3255681544571566,-0.9455185755993168,0.9275416835791966,0.37371971479046906
3409513,"Sewri, Mumbai - BMC",FS,2026-03-12 00:00:00+05:30,44.5,27.7,63.8,0.791,,19.6,1.96,0.546,0.8829475928589269,-0.4694715627858909,0.9338372288229252,0.35769823883312546
3409513,"Sewri, Mumbai - BMC",FS,2026-03-13 00:00:00+05:30,52.2,28.1,43.8,1.03,,27.3,4.16,0.613,0.9887563810470059,-0.14953534344370945,0.9398560579418954,0.3415707691678556
3409513,"Sewri, Mumbai - BMC",FS,2026-03-14 00:00:00+05:30,22.3,28.1,37.5,1.13,22.6,20.0,2.11,0.156,0.9743700647852352,-0.22495105434386503,0.9455963874271426,0.3253420847119801
3409513,"Sewri, Mumbai - BMC",FS,2026-03-15 00:00:00+05:30,14.0,27.9,47.0,1.09,18.2,13.6,1.82,0.289,0.999559860119384,-0.029666244085110847,0.9510565162951535,0.30901699437494745
3409513,"Sewri, Mumbai - BMC",FS,2026-03-16 00:00:00+05:30,11.3,27.8,40.9,1.06,16.6,14.0,1.63,0.245,0.9335804264972017,-0.35836794954530027,0.9562348265919056,0.29260033563334836
3409513,"Sewri, Mumbai - BMC",FS,2026-03-17 00:00:00+05:30,18.7,27.6,42.4,0.802,20.1,15.3,2.44,0.242,0.981627183447664,-0.1908089953765448,0.9611297838723007,0.27609697309746883
3409513,"Sewri, Mumbai - BMC",FS,2026-03-18 00:00:00+05:30,18.9,27.6,37.2,1.06,15.6,15.1,5.55,0.33,0.99780146829205,-0.06627390040000017,0.9657399376548549,0.2595117970697999
3409513,"Sewri, Mumbai - BMC",FS,2026-03-19 00:00:00+05:30,16.1,26.5,50.2,1.15,7.63,10.1,2.53,0.408,0.9304175679820246,0.3665012267242973,0.9700639218515071,0.2428497220959356
3409513,"Sewri, Mumbai - BMC",FS,2026-03-20 00:00:00+05:30,16.6,27.3,38.7,1.22,13.7,17.2,3.59,0.311,0.9781476007338057,-0.20791169081775934,0.9741004551724205,0.22611568550828828
3409513,"Sewri, Mumbai - BMC",FS,2026-03-21 00:00:00+05:30,24.3,27.1,32.9,1.35,15.8,18.3,4.54,0.656,0.9694453498951389,0.24530738587880274,0.9778483415056568,0.20931464596304847
3409513,"Sewri, Mumbai - BMC",FS,2026-03-22 00:00:00+05:30,35.3,27.7,25.2,1.4,18.6,20.9,7.31,0.727,0.8902128046111265,0.4555449072335155,0.9813064702716093,0.19245158197082998
3409513,"Sewri, Mumbai - BMC",FS,2026-03-23 00:00:00+05:30,71.7,28.3,,1.13,,21.8,6.53,0.779,0.998440764181981,-0.055821504993163816,0.9844738167520922,0.1755314904214282
3409513,"Sewri, Mumbai - BMC",FS,2026-03-24 00:00:00+05:30,45.9,29.1,,1.49,11.8,36.5,5.54,0.327,0.9659258262890683,-0.25881904510252085,0.9873494423939864,0.15855938510313475
3409513,"Sewri, Mumbai - BMC",FS,2026-03-25 00:00:00+05:30,23.8,28.4,41.9,1.48,6.95,23.5,3.28,0.37,0.8660254037844387,-0.4999999999999998,0.989932495087353,0.141540295217043
3409513,"Sewri, Mumbai - BMC",FS,2026-03-26 00:00:00+05:30,26.5,27.9,46.2,1.43,,25.6,4.13,0.458,0.9985366703262117,-0.054078812984775196,0.9922222094179323,0.12447926388678915
3409513,"Sewri, Mumbai - BMC",FS,2026-03-27 00:00:00+05:30,56.9,28.6,34.1,1.35,16.3,26.8,6.44,0.24,0.9612616959383189,-0.27563735581699905,0.994217906893952,0.10738134666416309
3409513,"Sewri, Mumbai - BMC",FS,2026-03-28 00:00:00+05:30,15.2,28.0,49.0,1.08,23.0,16.5,1.37,0.235,0.9743700647852352,-0.22495105434386503,0.995918996147179,0.09025161003104117
3409513,"Sewri, Mumbai - BMC",FS,2026-03-29 00:00:00+05:30,6.4,27.4,59.9,0.871,23.0,10.1,1.07,0.204,0.9727758782093965,0.2317479034941575,0.9973249731081555,0.07309512989807777
3409513,"Sewri, Mumbai - BMC",FS,2026-03-30 00:00:00+05:30,13.8,27.7,56.5,1.43,23.0,14.3,1.48,0.318,0.9986295347545738,-0.05233595624294384,0.9984354211555643,0.055916990100603484
3409513,"Sewri, Mumbai - BMC",FS,2026-03-31 00:00:00+05:30,8.83,27.8,50.5,1.44,23.0,10.5,1.61,0.278,0.9971851335251157,0.07497872682632775,0.9992500112396835,0.03872228089217446
3409513,"Sewri, Mumbai - BMC",FS,2026-04-01 00:00:00+05:30,8.79,27.1,57.5,1.47,22.9,15.3,1.11,0.288,1.0,6.123233995736766e-17,0.9997685019798909,0.021516097436222254
3409513,"Sewri, Mumbai - BMC",FS,2026-04-02 00:00:00+05:30,7.52,27.6,47.1,1.38,23.1,34.4,2.59,0.221,0.9950555699612262,0.0993197497436391,0.9999907397361901,0.004303538296244289
3409513,"Sewri, Mumbai - BMC",FS,2026-04-03 00:00:00+05:30,16.1,27.1,46.5,1.16,22.9,24.7,4.8,0.444,0.9460853588275453,0.32391741819814956,0.9999166586547379,-0.01291029607500882
3409513,"Sewri, Mumbai - BMC",FS,2026-04-04 00:00:00+05:30,7.23,27.6,47.3,1.2,23.1,19.6,3.17,0.259,0.9991228300988584,0.04187565372919975,0.9995462806873573,-0.030120304846908114
3409513,"Sewri, Mumbai - BMC",FS,2026-04-05 00:00:00+05:30,7.97,27.3,47.7,1.15,22.9,29.7,2.69,0.229,0.9781476007338056,0.20791169081775945,0.9988797155850336,-0.04732138832243185
3409513,"Sewri, Mumbai - BMC",FS,2026-04-06 00:00:00+05:30,12.7,27.2,43.2,0.79,22.9,38.9,2.66,0.264,0.9743700647852352,-0.22495105434386503,0.9979171608653922,-0.06450844944931623
3409513,"Sewri, Mumbai - BMC",FS,2026-04-07 00:00:00+05:30,14.2,27.4,47.5,0.782,23.0,25.7,3.39,0.316,0.9271838545667874,-0.37460659341591207,0.9966589017541702,-0.08167639533042241
3409513,"Sewri, Mumbai - BMC",FS,2026-04-08 00:00:00+05:30,13.6,27.8,50.7,0.645,23.0,12.7,2.69,0.263,0.7071067811865476,-0.7071067811865475,0.9951053111006976,-0.09882013873287143
3409513,"Sewri, Mumbai - BMC",FS,2026-04-09 00:00:00+05:30,19.8,27.8,42.7,1.15,28.3,13.8,3.07,0.405,0.9989705697907147,0.045362988129253684,0.9932568492674143,-0.11593459959550041
3409513,"Sewri, Mumbai - BMC",FS,2026-04-10 00:00:00+05:30,21.5,27.9,39.8,1.45,33.3,20.1,3.33,0.324,0.9952273999818312,0.09758289975914945,0.9911140639934547,-0.1330147065341959
3409513,"Sewri, Mumbai - BMC",FS,2026-04-11 00:00:00+05:30,94.9,28.2,50.7,1.22,25.5,34.5,2.84,0.279,0.9743700647852352,-0.22495105434386503,0.9886775902323405,-0.1500553983446526
3409513,"Sewri, Mumbai - BMC",FS,2026-04-12 00:00:00+05:30,41.5,28.1,57.0,1.21,28.6,25.7,2.89,0.326,0.9902680687415704,-0.13917310096006535,0.9859481499638304,-0.16705162550211924
3409513,"Sewri, Mumbai - BMC",FS,2026-04-13 00:00:00+05:30,22.6,28.0,58.9,0.647,25.0,18.5,2.57,0.177,0.5299192642332049,-0.848048096156426,0.9829265519799822,-0.18399835165768005
3409513,"Sewri, Mumbai - BMC",FS,2026-04-14 00:00:00+05:30,26.3,28.2,53.5,1.07,26.6,22.2,3.68,0.311,0.9510565162951536,-0.30901699437494734,0.9796136916454901,-0.20089055513063506
3409513,"Sewri, Mumbai - BMC",FS,2026-04-15 00:00:00+05:30,19.3,28.0,54.4,1.27,20.8,18.4,3.21,0.254,0.9997806834748455,0.02094241988335705,0.9760105506323683,-0.21772323039653177
3409513,"Sewri, Mumbai - BMC",FS,2026-04-16 00:00:00+05:30,15.7,27.6,52.0,1.02,22.6,16.5,3.31,0.238,0.9690157314068695,0.24699901272274297,0.9721181966290613,-0.23449138957040985
3409513,"Sewri, Mumbai - BMC",FS,2026-04-17 00:00:00+05:30,21.0,27.7,56.9,1.07,25.4,16.3,3.59,0.344,0.9963452961909064,0.08541692313736754,0.9679377830240642,-0.25119006388481935
3409513,"Sewri, Mumbai - BMC",FS,2026-04-18 00:00:00+05:30,20.7,28.0,58.7,1.31,25.6,19.3,2.98,0.328,0.9892723329629883,0.14608302856241165,0.9634705485641488,-0.2678143051621742
3409513,"Sewri, Mumbai - BMC",FS,2026-04-19 00:00:00+05:30,16.2,28.2,47.7,1.24,27.0,16.5,2.99,0.296,0.9990482215818578,-0.04361938736533589,0.9587178169872964,-0.2843591872810034
3409513,"Sewri, Mumbai - BMC",FS,2026-04-20 00:00:00+05:30,24.0,28.0,53.9,0.976,24.4,16.7,4.39,0.324,0.9659258262890683,-0.25881904510252085,0.9536809966304457,-0.30081980763566735
3409513,"Sewri, Mumbai - BMC",FS,2026-04-21 00:00:00+05:30,25.4,28.2,53.1,1.21,27.9,20.4,3.02,0.339,0.9871362650729879,-0.1598811876918348,0.9483615800121715,-0.3171912885891061
3409513,"Sewri, Mumbai - BMC",FS,2026-04-22 00:00:00+05:30,20.2,28.2,50.1,1.04,28.0,16.5,3.15,0.294,0.9455185755993168,-0.32556815445715664,0.9427611433904207,-0.3334687789181868
3409513,"Sewri, Mumbai - BMC",FS,2026-04-23 00:00:00+05:30,22.6,27.7,52.3,1.24,32.9,12.5,4.14,0.497,0.9905094632383088,0.13744454603714681,0.9368813462954315,-0.3496474552512284
3409513,"Sewri, Mumbai - BMC",FS,2026-04-24 00:00:00+05:30,19.1,28.5,53.7,1.3,27.2,16.3,3.48,0.33,0.9135454576426009,-0.40673664307580026,0.9307239310379795,-0.36572252349726897
3409513,"Sewri, Mumbai - BMC",FS,2026-04-25 00:00:00+05:30,27.2,28.7,45.5,1.23,30.6,16.4,3.29,0.402,0.9923319378854888,-0.12360147674049249,0.9242907221930933,-0.3816892202666588
3409513,"Sewri, Mumbai - BMC",FS,2026-04-26 00:00:00+05:30,20.1,28.6,50.6,0.772,17.7,11.9,3.16,0.289,0.4694715627858907,-0.882947592858927,0.9175836260593937,-0.39754281428255595
3409513,"Sewri, Mumbai - BMC",FS,2026-04-27 00:00:00+05:30,11.8,28.4,56.2,0.626,15.2,11.2,2.75,0.244,0.0871557427476582,-0.9961946980917455,0.9106046300942162,-0.4132786077829042
3409513,"Sewri, Mumbai - BMC",FS,2026-04-28 00:00:00+05:30,16.1,28.3,57.5,0.62,18.6,8.85,3.02,0.186,-0.12186934340514731,-0.9925461516413221,0.9033558023246845,-0.4288919379124835
3409513,"Sewri, Mumbai - BMC",FS,2026-04-29 00:00:00+05:30,13.7,28.7,50.4,0.622,15.4,9.44,2.22,0.208,0.12186934340514755,-0.992546151641322,0.895839290734909,-0.4443781781046132
3409513,"Sewri, Mumbai - BMC",FS,2026-04-30 00:00:00+05:30,11.2,28.3,56.7,0.64,15.2,9.47,2.99,0.197,-0.46947156278589086,-0.8829475928589269,0.8880573226294932,-0.45973273945210397
3409513,"Sewri, Mumbai - BMC",FS,2026-05-01 00:00:00+05:30,12.0,28.4,54.0,0.693,13.2,9.62,2.36,0.198,-0.48480962024633695,-0.8746197071393959,0.8800122039735357,-0.47495107206704995
3409513,"Sewri, Mumbai - BMC",FS,2026-05-02 00:00:00+05:30,13.4,28.1,56.8,0.659,13.6,10.2,2.44,0.214,-0.5150380749100542,-0.8571673007021123,0.8717063187093218,-0.4900286664290592
3409513,"Sewri, Mumbai - BMC",FS,2026-05-03 00:00:00+05:30,14.3,28.4,54.4,0.627,13.6,9.85,2.56,0.197,-0.43837114678907746,-0.8987940462991669,0.8631421280499114,-0.5049610547215204
3409513,"Sewri, Mumbai - BMC",FS,2026-05-04 00:00:00+05:30,11.8,28.5,51.0,0.663,13.9,8.13,2.44,0.194,-0.5000000000000001,-0.8660254037844386,0.854322169749827,-0.5197438121555155
3409513,"Sewri, Mumbai - BMC",FS,2026-05-05 00:00:00+05:30,14.7,28.7,50.1,0.541,13.0,8.88,3.31,0.221,0.05233595624294381,-0.9986295347545738,0.8452490573530633,-0.5343725582809786
3409513,"Sewri, Mumbai - BMC",FS,2026-05-06 00:00:00+05:30,14.7,28.9,44.6,1.46,17.1,22.7,2.93,0.181,0.9781476007338057,-0.20791169081775934,0.8359254794186372,-0.548842958284719
3409513,"Sewri, Mumbai - BMC",FS,2026-05-07 00:00:00+05:30,48.5,28.6,55.0,1.21,25.0,20.1,3.2,0.37,0.9999619230641713,0.008726535498373897,0.8263541987239096,-0.5631507242749186
3409513,"Sewri, Mumbai - BMC",FS,2026-05-08 00:00:00+05:30,,28.7,55.5,1.27,20.6,22.8,3.19,0.304,0.9966373868180366,-0.08193850863004087,0.8165380514459161,-0.5772916165517272
3409513,"Sewri, Mumbai - BMC",FS,2026-05-09 00:00:00+05:30,23.0,28.8,53.5,1.08,22.1,24.1,4.04,0.329,0.9396926207859084,-0.3420201433256687,0.8064799463209448,-0.5912614448635781
3409513,"Sewri, Mumbai - BMC",FS,2026-05-10 00:00:00+05:30,11.9,28.2,55.8,1.11,27.9,23.1,4.06,0.328,0.9774158942860959,0.2113247964553888,0.7961828637826158,-0.6050560696488488
3409513,"Sewri, Mumbai - BMC",FS,2026-05-11 00:00:00+05:30,11.8,29.2,48.3,0.818,20.9,23.5,2.9,0.316,0.8910065241883679,-0.45399049973954675,0.7856498550787147,-0.6186714032625031
3409513,"Sewri, Mumbai - BMC",FS,2026-05-12 00:00:00+05:30,5.34,28.9,50.0,0.94,22.1,20.4,3.0,0.276,0.8746197071393959,-0.484809620246337,0.7748840413670407,-0.6321034111873487
3409513,"Sewri, Mumbai - BMC",FS,2026-05-13 00:00:00+05:30,14.0,28.9,51.7,0.687,15.6,19.9,3.28,0.221,0.0871557427476582,-0.9961946980917455,0.7638886127905428,-0.6453481132295501
3409513,"Sewri, Mumbai - BMC",FS,2026-05-14 00:00:00+05:30,14.7,28.7,54.5,0.894,17.0,20.3,3.65,0.279,0.9510565162951536,-0.30901699437494734,0.7526668275320085,-0.6584015846980488
3409513,"Sewri, Mumbai - BMC",FS,2026-05-15 00:00:00+05:30,18.4,28.7,52.2,1.1,16.5,19.0,3.12,0.178,0.9892723329629883,-0.14608302856241176,0.7412220108485958,-0.6712599575675313
3409513,"Sewri, Mumbai - BMC",FS,2026-05-16 00:00:00+05:30,14.3,28.5,53.6,1.38,14.7,18.4,3.53,0.151,0.981627183447664,-0.1908089953765448,0.7295575540864875,-0.6839194216246106
3409513,"Sewri, Mumbai - BMC",FS,2026-05-17 00:00:00+05:30,14.2,28.6,55.9,1.15,12.5,19.5,3.13,0.19,0.9702957262759965,-0.24192189559966779,0.717676913675962,-0.6963762255968722
3409513,"Sewri, Mumbai - BMC",FS,2026-05-18 00:00:00+05:30,15.7,28.6,58.5,0.897,15.5,20.3,2.96,0.229,0.6427876096865395,-0.7660444431189779,0.705583610107178,-0.7086266782644596
3409513,"Sewri, Mumbai - BMC",FS,2026-05-19 00:00:00+05:30,19.1,28.4,54.3,0.7,19.1,18.7,2.91,0.182,0.788010753606722,-0.6156614753256583,0.6932812268869777,-0.7206671495538609
3409513,"Sewri, Mumbai - BMC",FS,2026-05-20 00:00:00+05:30,14.4,28.6,49.8,0.589,17.7,16.8,3.04,0.193,0.2923717047227366,-0.9563047559630355,0.6807734094770161,-0.7324940716135789
3409513,"Sewri, Mumbai - BMC",FS,2026-05-21 00:00:00+05:30,15.5,28.9,49.9,0.891,17.3,17.0,3.13,0.25,0.9396926207859084,-0.3420201433256687,0.6680638642135335,-0.7441039398713607
3409513,"Sewri, Mumbai - BMC",FS,2026-05-22 00:00:00+05:30,16.7,28.9,53.4,0.532,18.6,17.3,3.0,0.185,1.2246467991473532e-16,-1.0,0.6551563572090853,-0.7554933140726803
3409513,"Sewri, Mumbai - BMC",FS,2026-05-23 00:00:00+05:30,18.7,28.9,55.3,0.625,18.3,17.5,3.09,0.235,0.37460659341591224,-0.9271838545667873,0.6420547132365637,-0.766658819300159
3409513,"Sewri, Mumbai - BMC",FS,2026-05-24 00:00:00+05:30,20.1,29.1,53.3,0.693,15.3,17.8,3.28,0.207,0.40673664307580043,-0.9135454576426008,0.6287628145958344,-0.7775971469736269
3409513,"Sewri, Mumbai - BMC",FS,2026-05-25 00:00:00+05:30,17.5,28.9,54.8,0.923,13.1,16.9,3.49,0.248,0.9335804264972017,-0.35836794954530027,0.6152845999633276,-0.7883050558305255
3409513,"Sewri, Mumbai - BMC",FS,2026-05-26 00:00:00+05:30,18.9,29.0,51.5,0.638,11.8,16.1,3.04,0.203,0.6427876096865395,-0.7660444431189779,0.6016240632249226,-0.7987793728863649
3409513,"Sewri, Mumbai - BMC",FS,2026-05-27 00:00:00+05:30,18.4,28.8,51.7,0.778,15.3,15.7,3.51,0.311,0.9781476007338057,-0.20791169081775934,0.5877852522924732,-0.8090169943749473
3409513,"Sewri, Mumbai - BMC",FS,2026-05-28 00:00:00+05:30,18.6,29.1,46.4,0.657,18.9,15.7,2.87,0.232,0.7071067811865476,-0.7071067811865475,0.5737722679043246,-0.8190148866680801
3409513,"Sewri, Mumbai - BMC",FS,2026-05-29 00:00:00+05:30,20.0,29.1,47.2,0.549,15.5,15.9,2.71,0.204,-0.0348994967025009,-0.9993908270190958,0.5595892624101765,-0.8287700871745038
3409513,"Sewri, Mumbai - BMC",FS,2026-05-30 00:00:00+05:30,20.3,29.2,48.9,0.605,14.4,15.9,2.66,0.239,0.0871557427476582,-0.9961946980917455,0.545240438540651,-0.8382797052177744
3409513,"Sewri, Mumbai - BMC",FS,2026-05-31 00:00:00+05:30,23.7,29.1,51.3,0.709,15.6,15.9,3.29,0.198,0.766044443118978,-0.6427876096865394,0.5307300481619334,-0.8475409228928311
3409513,"Sewri, Mumbai - BMC",FS,2026-06-01 00:00:00+05:30,21.3,29.2,46.1,0.625,15.7,15.7,3.18,0.177,0.6156614753256584,-0.7880107536067219,0.5160623910158528,-0.8565509959010036
3409513,"Sewri, Mumbai - BMC",FS,2026-06-02 00:00:00+05:30,22.2,29.1,47.1,0.739,16.8,15.9,3.16,0.178,0.8480480961564261,-0.5299192642332048,0.5012418134457758,-0.865307254363206
3409513,"Sewri, Mumbai - BMC",FS,2026-06-03 00:00:00+05:30,22.6,28.5,48.8,0.653,24.7,17.9,3.56,0.203,-0.08715574274765794,-0.9961946980917455,0.48627270710868997,-0.8738071036110808
3409513,"Sewri, Mumbai - BMC",FS,2026-06-04 00:00:00+05:30,22.9,28.5,50.1,0.526,18.7,13.1,2.76,0.3,-0.374606593415912,-0.9271838545667874,0.4711595076738638,-0.8820480249558537
3409513,"Sewri, Mumbai - BMC",FS,2026-06-05 00:00:00+05:30,20.3,27.3,54.7,0.507,17.6,9.75,3.38,0.431,0.258819045102521,-0.9659258262890682,0.4559066935084588,-0.8900275764346767
3409513,"Sewri, Mumbai - BMC",FS,2026-06-06 00:00:00+05:30,22.9,28.2,43.7,0.702,15.5,10.1,3.03,0.401,0.8090169943749475,-0.587785252292473,0.440518784350495,-0.8977433935342337
3409513,"Sewri, Mumbai - BMC",FS,2026-06-07 00:00:00+05:30,21.8,27.8,48.8,0.606,16.3,9.78,3.23,0.412,0.6819983600624985,-0.7313537016191705,0.42500033996955416,-0.9051931898913974
3409513,"Sewri, Mumbai - BMC",FS,2026-06-08 00:00:00+05:30,19.0,27.6,49.9,0.635,15.9,9.9,3.02,0.413,0.5299192642332049,-0.848048096156426,0.4093559588156213,-0.9123747579707273
3409513,"Sewri, Mumbai - BMC",FS,2026-06-09 00:00:00+05:30,26.9,27.6,51.9,0.604,13.0,9.07,2.73,0.424,0.766044443118978,-0.6427876096865394,0.39359027665646673,-0.9192859697186104
3409513,"Sewri, Mumbai - BMC",FS,2026-06-10 00:00:00+05:30,18.1,27.5,50.1,0.513,14.8,9.05,2.79,0.395,0.45399049973954686,-0.8910065241883678,0.3777079652039649,-0.9259247771938498
3409513,"Sewri, Mumbai - BMC",FS,2026-06-11 00:00:00+05:30,39.6,27.6,47.5,0.593,13.5,9.41,3.13,0.397,-0.017452406437283637,-0.9998476951563913,0.36171373072976765,-0.9322892131745133
3409513,"Sewri, Mumbai - BMC",FS,2026-06-12 00:00:00+05:30,14.5,27.5,49.6,0.661,11.4,9.41,3.42,0.372,-0.2419218955996675,-0.9702957262759965,0.3456123126707335,-0.9383773917408641
3409513,"Sewri, Mumbai - BMC",FS,2026-06-13 00:00:00+05:30,20.0,27.5,48.8,0.576,12.4,8.44,3.19,0.402,0.4383711467890773,-0.898794046299167,0.3294084822245304,-0.9441875088341993
3409513,"Sewri, Mumbai - BMC",FS,2026-06-14 00:00:00+05:30,18.1,27.5,45.5,0.669,13.7,9.07,2.74,0.479,0.8480480961564261,-0.5299192642332048,0.3131070409358269,-0.9497178427914316
3409513,"Sewri, Mumbai - BMC",FS,2026-06-15 00:00:00+05:30,20.5,27.5,45.2,0.67,12.1,8.66,3.39,0.355,0.7547095802227721,-0.6560590289905072,0.29671281927349075,-0.9549667548552551
3409513,"Sewri, Mumbai - BMC",FS,2026-06-16 00:00:00+05:30,20.0,27.4,45.5,0.557,13.1,7.46,2.46,0.356,0.48480962024633717,-0.8746197071393957,0.28023067519921585,-0.9599326896597447
3409513,"Sewri, Mumbai - BMC",FS,2026-06-17 00:00:00+05:30,20.4,27.3,43.2,0.624,14.3,7.74,2.87,0.4,0.2923717047227366,-0.9563047559630355,0.26366549272800704,-0.9646141756912435
3409513,"Sewri, Mumbai - BMC",FS,2026-06-18 00:00:00+05:30,20.1,27.2,41.9,0.633,15.1,7.78,2.55,0.415,0.3255681544571566,-0.9455185755993168,0.24702218048093552,-0.9690098257244062
3409513,"Sewri, Mumbai - BMC",FS,2026-06-19 00:00:00+05:30,21.4,27.1,40.4,0.629,15.5,7.44,3.06,0.356,-0.19080899537654472,-0.981627183447664,0.23030567023061221,-0.9731183372332619
3409513,"Sewri, Mumbai - BMC",FS,2026-06-20 00:00:00+05:30,20.5,27.0,42.6,0.616,15.0,8.2,2.53,0.379,0.2249510543438652,-0.9743700647852351,0.21352091543979612,-0.9769384927771817
3409513,"Sewri, Mumbai - BMC",FS,2026-06-21 00:00:00+05:30,21.9,26.7,50.6,0.732,15.2,8.06,2.85,0.424,0.6560590289905073,-0.754709580222772,0.19667288979357647,-0.980469160361632
3409513,"Sewri, Mumbai - BMC",FS,2026-06-22 00:00:00+05:30,17.3,26.1,62.1,0.567,13.7,6.24,2.34,0.313,-0.29237170472273677,-0.9563047559630354,0.1797665857255624,-0.9837092937736097
3409513,"Sewri, Mumbai - BMC",FS,2026-06-23 00:00:00+05:30,16.5,24.8,80.5,0.573,14.6,5.9,2.96,0.357,-0.4067366430758002,-0.9135454576426009,0.16280701293851715,-0.986657932891657
3409513,"Sewri, Mumbai - BMC",FS,2026-06-26 00:00:00+05:30,19.8,25.6,62.9,0.596,15.9,8.4,2.97,0.42,-0.5150380749100542,-0.8571673007021123,0.11165900712169512,-0.993746580436178
3409513,"Sewri, Mumbai - BMC",FS,2026-06-27 00:00:00+05:30,19.9,25.4,63.7,0.542,16.0,8.5,3.07,0.408,-0.4067366430758002,-0.9135454576426009,0.09453674981719912,-0.9955213724144752
3409513,"Sewri, Mumbai - BMC",FS,2026-06-28 00:00:00+05:30,20.3,24.5,70.0,0.593,14.7,7.81,2.82,0.427,0.2756373558169992,-0.9612616959383189,0.07738647923346301,-0.9970011699250151
3409513,"Sewri, Mumbai - BMC",FS,2026-06-29 00:00:00+05:30,19.8,21.3,80.9,0.839,16.1,8.46,2.87,0.431,0.5735764363510459,-0.8191520442889919,0.06021327736579302,-0.9981855344718586
3409513,"Sewri, Mumbai - BMC",FS,2026-06-30 00:00:00+05:30,18.8,21.3,85.6,0.61,18.1,5.91,2.73,0.454,-0.34202014332566866,-0.9396926207859084,0.04302223300453059,-0.99907411510223
3409513,"Sewri, Mumbai - BMC",FS,2026-07-01 00:00:00+05:30,17.0,22.1,86.1,0.604,17.4,6.56,3.39,0.417,-0.15643446504023073,-0.9876883405951378,0.02581844022713308,-0.9996666485105112
3409513,"Sewri, Mumbai - BMC",FS,2026-07-02 00:00:00+05:30,18.1,21.1,86.1,0.558,22.2,6.25,3.08,0.474,0.5877852522924732,-0.8090169943749473,0.008606996888688698,-0.9999629591162655
3409513,"Sewri, Mumbai - BMC",FS,2026-07-03 00:00:00+05:30,19.6,19.0,86.8,0.722,16.8,6.45,2.96,0.486,0.8090169943749475,-0.587785252292473,-0.008606996888688009,-0.9999629591162655
3409513,"Sewri, Mumbai - BMC",FS,2026-07-04 00:00:00+05:30,18.6,17.8,86.8,0.565,16.2,7.69,3.34,0.455,0.8090169943749475,-0.587785252292473,-0.02581844022713239,-0.9996666485105112
3409513,"Sewri, Mumbai - BMC",FS,2026-07-05 00:00:00+05:30,17.0,17.9,86.8,0.599,10.5,10.6,2.95,0.371,0.766044443118978,-0.6427876096865394,-0.04302223300453034,-0.99907411510223
3409513,"Sewri, Mumbai - BMC",FS,2026-07-06 00:00:00+05:30,18.3,20.7,86.8,0.564,9.52,10.6,3.32,0.431,0.766044443118978,-0.6427876096865394,-0.060213277365792774,-0.9981855344718586
3409513,"Sewri, Mumbai - BMC",FS,2026-07-07 00:00:00+05:30,19.0,20.1,85.0,0.729,11.9,9.98,3.08,0.46,0.7313537016191706,-0.6819983600624984,-0.07738647923346322,-0.9970011699250151
3409513,"Sewri, Mumbai - BMC",FS,2026-07-08 00:00:00+05:30,18.3,19.7,85.5,0.614,8.86,8.53,3.37,0.485,0.8090169943749475,-0.587785252292473,-0.09453674981719933,-0.9955213724144752
3409513,"Sewri, Mumbai - BMC",FS,2026-07-09 00:00:00+05:30,18.7,23.0,75.8,0.69,10.7,12.9,2.85,0.418,-0.4067366430758002,-0.9135454576426009,-0.11165900712169444,-0.9937465804361781
3409513,"Sewri, Mumbai - BMC",FS,2026-07-10 00:00:00+05:30,17.3,22.9,73.2,0.715,10.2,13.8,2.83,0.324,-0.29237170472273677,-0.9563047559630354,-0.12874817745258066,-0.99167731989929
3409513,"Sewri, Mumbai - BMC",FS,2026-07-11 00:00:00+05:30,17.6,23.2,71.6,0.657,11.0,14.2,3.2,0.395,-0.34202014332566866,-0.9396926207859084,-0.14579919691987442,-0.9893142039703664
3409513,"Sewri, Mumbai - BMC",FS,2026-07-12 00:00:00+05:30,16.1,23.3,69.3,0.751,11.4,14.0,2.74,0.327,-0.46947156278589086,-0.8829475928589269,-0.16280701293851646,-0.9866579328916572
3409513,"Sewri, Mumbai - BMC",FS,2026-07-13 00:00:00+05:30,19.1,24.3,62.2,0.75,16.6,13.5,3.76,0.393,-0.5000000000000001,-0.8660254037844386,-0.17976658572556214,-0.9837092937736098
3409513,"Sewri, Mumbai - BMC",FS,2026-07-14 00:00:00+05:30,20.5,24.0,64.2,0.59,12.7,11.9,2.41,0.395,-0.4067366430758002,-0.9135454576426009,-0.19667288979357622,-0.9804691603616321
3409513,"Sewri, Mumbai - BMC",FS,2026-07-15 00:00:00+05:30,17.4,23.2,69.3,0.688,11.0,13.2,2.72,0.343,-0.4226182617406993,-0.90630778703665,-0.2135209154397959,-0.9769384927771817
3409513,"Sewri, Mumbai - BMC",FS,2026-07-16 00:00:00+05:30,17.3,23.0,73.4,0.618,11.4,12.9,3.47,0.388,-0.35836794954530043,-0.9335804264972017,-0.23030567023061196,-0.973118337233262
3409513,"Sewri, Mumbai - BMC",FS,2026-07-17 00:00:00+05:30,17.6,23.4,68.6,0.59,10.6,14.1,3.16,0.397,1.2246467991473532e-16,-1.0,-0.24702218048093527,-0.9690098257244063
3409513,"Sewri, Mumbai - BMC",FS,2026-07-18 00:00:00+05:30,19.9,22.7,76.3,0.608,12.8,13.0,3.6,0.442,0.37460659341591224,-0.9271838545667873,-0.2636654927280072,-0.9646141756912435
3409513,"Sewri, Mumbai - BMC",FS,2026-07-19 00:00:00+05:30,19.2,22.2,78.4,0.628,11.6,14.5,2.63,0.438,-0.12186934340514731,-0.9925461516413221,-0.2802306751992161,-0.9599326896597445
3409513,"Sewri, Mumbai - BMC",FS,2026-07-20 00:00:00+05:30,18.7,22.3,82.3,0.631,11.1,14.2,2.86,0.381,0.2756373558169992,-0.9612616959383189,-0.2967128192734901,-0.9549667548552553
3409513,"Sewri, Mumbai - BMC",FS,2026-07-21 00:00:00+05:30,16.6,22.1,79.6,0.632,10.1,14.5,2.53,0.522,-0.275637355816999,-0.9612616959383189,-0.3131070409358267,-0.9497178427914317
3409513,"Sewri, Mumbai - BMC",FS,2026-07-22 00:00:00+05:30,16.6,22.2,86.4,0.634,8.92,13.9,2.9,0.382,-0.32556815445715676,-0.9455185755993167,-0.3294084822245302,-0.9441875088341994
3409513,"Sewri, Mumbai - BMC",FS,2026-07-23 00:00:00+05:30,15.0,22.5,83.9,0.668,8.22,12.6,3.46,0.419,-0.4067366430758002,-0.9135454576426009,-0.3456123126707333,-0.9383773917408642
3409513,"Sewri, Mumbai - BMC",FS,2026-07-24 00:00:00+05:30,16.1,22.9,77.1,0.689,8.39,14.1,3.03,0.345,-0.32556815445715676,-0.9455185755993167,-0.3617137307297674,-0.9322892131745134
3409513,"Sewri, Mumbai - BMC",FS,2026-07-25 00:00:00+05:30,16.1,22.7,76.7,0.626,7.63,13.1,2.68,0.379,-0.19080899537654472,-0.981627183447664,-0.37770796520396466,-0.9259247771938499
3409513,"Sewri, Mumbai - BMC",FS,2026-07-26 00:00:00+05:30,18.5,22.1,81.1,0.506,12.0,10.1,4.53,0.468,0.10452846326765373,-0.9945218953682733,-0.39359027665646645,-0.9192859697186105
3409513,"Sewri, Mumbai - BMC",FS,2026-07-27 00:00:00+05:30,20.3,21.7,79.2,0.515,12.7,10.7,3.77,0.498,0.9743700647852352,-0.22495105434386503,-0.4093559588156211,-0.9123747579707274
3409513,"Sewri, Mumbai - BMC",FS,2026-07-28 00:00:00+05:30,20.3,21.6,78.3,0.513,10.3,11.7,2.97,0.422,0.7547095802227721,-0.6560590289905072,-0.42500033996955394,-0.9051931898913975
3409513,"Sewri, Mumbai - BMC",FS,2026-07-29 00:00:00+05:30,20.4,23.9,72.5,0.505,9.46,15.8,2.57,0.424,0.0871557427476582,-0.9961946980917455,-0.4405187843504952,-0.8977433935342336
3409513,"Sewri, Mumbai - BMC",FS,2026-07-30 00:00:00+05:30,19.1,23.7,78.7,0.491,,,2.17,0.48,0.6156614753256584,-0.7880107536067219,-0.455906693508459,-0.8900275764346766
3409513,"Sewri, Mumbai - BMC",FS,2026-07-31 00:00:00+05:30,31.1,23.6,79.1,0.571,10.7,8.35,3.14,0.508,0.8746197071393959,-0.484809620246337,-0.47115950767386394,-0.8820480249558535
3409513,"Sewri, Mumbai - BMC",FS,2026-08-01 00:00:00+05:30,6.03,23.6,78.9,0.544,6.85,15.9,3.11,0.368,0.15643446504023098,-0.9876883405951377,-0.4862727071086902,-0.8738071036110807
3409513,"Sewri, Mumbai - BMC",FS,2026-08-02 00:00:00+05:30,5.95,23.4,78.6,0.563,7.52,13.4,3.24,0.34,0.12186934340514755,-0.992546151641322,-0.5012418134457756,-0.8653072543632061
3409513,"Sewri, Mumbai - BMC",FS,2026-08-03 00:00:00+05:30,3.09,23.4,75.8,0.503,,,,,0.8090169943749475,-0.587785252292473,-0.5160623910158526,-0.8565509959010037
3409513,"Sewri, Mumbai - BMC",FS,2026-08-04 00:00:00+05:30,6.34,22.8,84.6,0.581,14.2,7.97,2.76,0.555,0.9999756307053947,-0.006981260297961945,-0.5307300481619331,-0.8475409228928312
3409513,"Sewri, Mumbai - BMC",FS,2026-08-05 00:00:00+05:30,7.03,22.9,82.5,0.555,17.2,9.61,1.92,0.408,0.2756373558169992,-0.9612616959383189,-0.5452404385406507,-0.8382797052177745
3409513,"Sewri, Mumbai - BMC",FS,2026-08-06 00:00:00+05:30,6.24,22.9,76.3,0.516,15.4,7.62,3.17,0.445,0.5591929034707469,-0.8290375725550416,-0.5595892624101763,-0.828770087174504
3409513,"Sewri, Mumbai - BMC",FS,2026-08-07 00:00:00+05:30,9.13,20.6,68.8,0.589,15.5,7.57,3.19,0.456,0.981627183447664,-0.1908089953765448,-0.5737722679043243,-0.8190148866680802
3409513,"Sewri, Mumbai - BMC",FS,2026-08-08 00:00:00+05:30,6.87,21.4,68.0,0.582,11.7,8.55,3.08,0.384,0.8660254037844387,-0.4999999999999998,-0.5877852522924734,-0.8090169943749472
3409513,"Sewri, Mumbai - BMC",FS,2026-08-09 00:00:00+05:30,6.82,22.3,66.9,0.598,9.93,9.75,3.01,0.384,0.49999999999999994,-0.8660254037844387,-0.6016240632249227,-0.7987793728863648
3409513,"Sewri, Mumbai - BMC",FS,2026-08-10 00:00:00+05:30,8.06,22.1,70.0,0.624,13.9,8.22,3.01,0.408,0.788010753606722,-0.6156614753256583,-0.6152845999633277,-0.7883050558305253
3409513,"Sewri, Mumbai - BMC",FS,2026-08-11 00:00:00+05:30,5.82,21.1,85.4,0.697,15.8,7.44,2.54,0.433,0.7986355100472927,-0.6018150231520484,-0.6287628145958345,-0.7775971469736268
3409513,"Sewri, Mumbai - BMC",FS,2026-08-12 00:00:00+05:30,8.7,22.1,74.3,0.546,13.5,6.43,3.13,0.484,0.9702957262759965,-0.24192189559966779,-0.6420547132365636,-0.7666588193001592
3409513,"Sewri, Mumbai - BMC",FS,2026-08-13 00:00:00+05:30,6.73,22.0,80.3,0.55,15.1,6.46,2.85,0.412,0.40673664307580043,-0.9135454576426008,-0.655156357209085,-0.7554933140726804
3409513,"Sewri, Mumbai - BMC",FS,2026-08-14 00:00:00+05:30,7.17,22.6,75.8,0.498,13.3,6.7,2.78,0.429,0.6018150231520482,-0.7986355100472929,-0.6680638642135333,-0.7441039398713608
3409513,"Sewri, Mumbai - BMC",FS,2026-08-15 00:00:00+05:30,7.62,22.3,80.9,0.426,14.3,8.24,3.67,0.405,-0.1045284632676535,-0.9945218953682733,-0.6807734094770159,-0.7324940716135792
3409513,"Sewri, Mumbai - BMC",FS,2026-08-16 00:00:00+05:30,3.11,23.0,68.5,0.546,9.07,12.0,2.2,0.321,0.0871557427476582,-0.9961946980917455,-0.6932812268869771,-0.7206671495538615
3409513,"Sewri, Mumbai - BMC",FS,2026-08-17 00:00:00+05:30,8.15,23.1,71.7,0.612,13.2,8.86,2.01,0.396,-0.13917310096006552,-0.9902680687415703,-0.7055836101071774,-0.70862667826446
3409513,"Sewri, Mumbai - BMC",FS,2026-08-18 00:00:00+05:30,12.2,23.6,73.0,0.569,7.89,8.8,2.01,0.355,0.6560590289905073,-0.754709580222772,-0.7176769136759615,-0.6963762255968726
3409513,"Sewri, Mumbai - BMC",FS,2026-08-19 00:00:00+05:30,10.5,23.8,67.3,0.634,9.83,8.36,3.97,0.405,0.90630778703665,-0.42261826174069933,-0.7295575540864876,-0.6839194216246105
3409513,"Sewri, Mumbai - BMC",FS,2026-08-20 00:00:00+05:30,11.5,23.9,62.1,0.604,10.6,8.53,3.35,0.399,0.9271838545667874,-0.37460659341591207,-0.7412220108485957,-0.6712599575675315
3409513,"Sewri, Mumbai - BMC",FS,2026-08-21 00:00:00+05:30,14.5,24.2,59.5,0.596,11.1,9.45,3.1,0.434,0.6427876096865395,-0.7660444431189779,-0.7526668275320083,-0.6584015846980489
3409513,"Sewri, Mumbai - BMC",FS,2026-08-22 00:00:00+05:30,14.0,23.8,66.1,0.606,8.96,9.97,1.85,0.338,0.6156614753256584,-0.7880107536067219,-0.7638886127905429,-0.64534811322955
3409513,"Sewri, Mumbai - BMC",FS,2026-08-23 00:00:00+05:30,14.1,24.0,74.6,0.564,8.47,9.51,2.57,0.369,0.24192189559966773,-0.9702957262759965,-0.7748840413670406,-0.6321034111873488
3409513,"Sewri, Mumbai - BMC",FS,2026-08-24 00:00:00+05:30,16.5,24.0,65.6,0.632,13.1,7.67,2.85,0.45,0.90630778703665,-0.42261826174069933,-0.7856498550787144,-0.6186714032625032
3409513,"Sewri, Mumbai - BMC",FS,2026-08-25 00:00:00+05:30,16.8,24.4,60.9,0.601,11.6,10.1,3.09,0.449,0.8660254037844387,-0.4999999999999998,-0.7961828637826154,-0.6050560696488494
3409513,"Sewri, Mumbai - BMC",FS,2026-08-26 00:00:00+05:30,18.0,24.1,66.0,0.614,9.36,9.7,2.95,0.406,0.998440764181981,-0.055821504993163816,-0.8064799463209447,-0.5912614448635782
3409513,"Sewri, Mumbai - BMC",FS,2026-08-27 00:00:00+05:30,14.3,24.0,72.2,0.518,10.0,10.9,2.81,0.374,0.6691306063588583,-0.7431448254773941,-0.8165380514459157,-0.5772916165517278
3409513,"Sewri, Mumbai - BMC",FS,2026-08-28 00:00:00+05:30,13.0,23.4,73.0,0.49,9.39,7.07,2.95,0.34,0.10452846326765373,-0.9945218953682733,-0.8263541987239094,-0.5631507242749187
3409513,"Sewri, Mumbai - BMC",FS,2026-08-29 00:00:00+05:30,10.9,23.3,70.7,0.572,7.65,8.48,2.09,0.323,0.3583679495453002,-0.9335804264972017,-0.8359254794186365,-0.5488429582847199
3409513,"Sewri, Mumbai - BMC",FS,2026-08-30 00:00:00+05:30,9.93,23.6,66.2,0.563,11.5,8.31,2.58,0.444,0.7431448254773942,-0.6691306063588582,-0.8452490573530634,-0.5343725582809785
3409513,"Sewri, Mumbai - BMC",FS,2026-08-31 00:00:00+05:30,11.9,23.1,63.3,0.579,12.6,7.99,2.82,0.435,0.7431448254773942,-0.6691306063588582,-0.8543221697498269,-0.5197438121555157
3409513,"Sewri, Mumbai - BMC",FS,2026-09-01 00:00:00+05:30,10.9,22.4,65.0,0.593,11.8,7.26,2.88,0.417,0.39073112848927377,-0.9205048534524404,-0.8631421280499115,-0.5049610547215202
3409513,"Sewri, Mumbai - BMC",FS,2026-09-02 00:00:00+05:30,13.5,22.5,70.2,0.652,15.1,4.47,2.63,0.435,0.5591929034707469,-0.8290375725550416,-0.8717063187093217,-0.4900286664290594
3409513,"Sewri, Mumbai - BMC",FS,2026-09-03 00:00:00+05:30,14.3,23.7,76.7,0.626,21.0,14.3,2.39,0.449,0.9510565162951536,-0.30901699437494734,-0.8800122039735356,-0.4749510720670502
3409513,"Sewri, Mumbai - BMC",FS,2026-09-04 00:00:00+05:30,14.8,23.3,66.5,0.651,20.2,10.9,3.18,0.504,0.838670567945424,-0.5446390350150271,-0.888057322629493,-0.4597327394521046
3409513,"Sewri, Mumbai - BMC",FS,2026-09-05 00:00:00+05:30,14.6,23.7,73.4,0.641,20.0,8.33,2.71,0.492,0.90630778703665,-0.42261826174069933,-0.8958392907349089,-0.4443781781046134
3409513,"Sewri, Mumbai - BMC",FS,2026-09-06 00:00:00+05:30,12.2,23.8,77.2,0.616,21.2,6.65,3.05,0.442,0.9396926207859084,-0.3420201433256687,-0.9033558023246842,-0.4288919379124841
3409513,"Sewri, Mumbai - BMC",FS,2026-09-07 00:00:00+05:30,15.0,24.0,65.0,0.757,22.1,10.0,2.96,0.442,0.9966373868180366,-0.08193850863004087,-0.9106046300942162,-0.41327860778290443
3409513,"Sewri, Mumbai - BMC",FS,2026-09-08 00:00:00+05:30,14.4,23.2,61.9,0.773,18.7,9.91,2.71,0.439,0.996917333733128,-0.07845909572784487,-0.9175836260593934,-0.3975428142825566
3409513,"Sewri, Mumbai - BMC",FS,2026-09-09 00:00:00+05:30,14.2,23.3,64.2,0.794,19.7,9.42,2.81,0.446,0.9989705697907147,-0.04536298812925356,-0.9242907221930934,-0.3816892202666586
3409513,"Sewri, Mumbai - BMC",FS,2026-09-10 00:00:00+05:30,15.6,23.6,64.6,0.831,18.5,7.66,2.53,0.411,0.997440782930944,-0.07149744433268584,-0.9307239310379793,-0.3657225234972692
3409513,"Sewri, Mumbai - BMC",FS,2026-09-11 00:00:00+05:30,20.4,22.6,65.7,0.744,24.4,8.35,2.94,0.602,0.984807753012208,-0.1736481776669303,-0.9368813462954315,-0.34964745525122826
3409513,"Sewri, Mumbai - BMC",FS,2026-09-12 00:00:00+05:30,19.3,22.7,68.3,0.793,24.2,8.97,3.09,0.506,0.9941509639723154,-0.10799935570602294,-0.9427611433904206,-0.33346877891818705
3409513,"Sewri, Mumbai - BMC",FS,2026-09-13 00:00:00+05:30,17.9,21.3,86.2,0.579,27.5,8.94,3.45,0.424,0.12186934340514755,-0.992546151641322,-0.9483615800121716,-0.31719128858910595
3409513,"Sewri, Mumbai - BMC",FS,2026-09-14 00:00:00+05:30,20.8,22.1,78.3,0.507,28.4,11.0,2.92,0.466,0.3255681544571566,-0.9455185755993168,-0.9536809966304455,-0.300819807635668
3409513,"Sewri, Mumbai - BMC",FS,2026-09-15 00:00:00+05:30,14.1,22.4,79.0,0.444,21.3,10.6,2.35,0.381,-0.6018150231520484,-0.7986355100472928,-0.9587178169872964,-0.2843591872810036
3409513,"Sewri, Mumbai - BMC",FS,2026-09-16 00:00:00+05:30,17.3,22.5,73.5,0.469,26.8,10.3,3.87,0.535,-0.12186934340514731,-0.9925461516413221,-0.9634705485641486,-0.26781430516217486
3409513,"Sewri, Mumbai - BMC",FS,2026-09-17 00:00:00+05:30,17.6,22.6,70.7,0.443,24.5,13.0,2.64,0.371,-0.39073112848927355,-0.9205048534524404,-0.9679377830240642,-0.25119006388481957
3409514,"Ghatkopar, Mumbai - BMC",N,2025-10-11 00:00:00+05:30,63.9,33.4,79.1,1.28,34.3,2.96,5.19,0.287,-0.7880107536067221,-0.6156614753256581,-0.9873494423939864,0.15855938510313475
3409514,"Ghatkopar, Mumbai - BMC",N,2025-10-12 00:00:00+05:30,61.6,33.3,78.4,1.36,29.5,3.01,5.5,0.243,-0.629320391049838,-0.7771459614569705,-0.9844738167520923,0.17553149042142777
3409514,"Ghatkopar, Mumbai - BMC",N,2025-10-13 00:00:00+05:30,58.4,33.5,77.0,1.29,30.5,3.0,5.6,,-0.6819983600624984,-0.7313537016191706,-0.9813064702716093,0.19245158197082995
3409514,"Ghatkopar, Mumbai - BMC",N,2025-10-14 00:00:00+05:30,56.2,33.6,76.4,1.47,36.1,3.04,5.37,0.239,-0.7880107536067221,-0.6156614753256581,-0.9778483415056567,0.20931464596304888
3409514,"Ghatkopar, Mumbai - BMC",N,2025-10-15 00:00:00+05:30,56.5,33.5,82.6,1.36,40.8,2.95,6.3,,-0.8191520442889916,-0.5735764363510464,-0.9741004551724206,0.22611568550828803
3409514,"Ghatkopar, Mumbai - BMC",N,2025-10-16 00:00:00+05:30,37.4,34.7,83.9,1.35,31.0,3.08,4.52,,-0.8191520442889916,-0.5735764363510464,-0.970063921851507,0.2428497220959358
3409514,"Ghatkopar, Mumbai - BMC",N,2025-10-17 00:00:00+05:30,28.7,35.6,82.0,1.43,30.2,2.93,3.98,,-0.8746197071393959,-0.48480962024633684,-0.965739937654855,0.25951179706979943
3409514,"Ghatkopar, Mumbai - BMC",N,2025-10-18 00:00:00+05:30,50.7,35.0,80.4,1.31,35.1,3.1,5.74,0.254,-0.7880107536067221,-0.6156614753256581,-0.9611297838723007,0.27609697309746883
3409514,"Ghatkopar, Mumbai - BMC",N,2025-10-19 00:00:00+05:30,69.0,35.1,79.4,1.33,32.0,3.06,9.78,0.364,-0.7986355100472928,-0.6018150231520483,-0.9562348265919058,0.2926003356333479
3409514,"Ghatkopar, Mumbai - BMC",N,2025-10-20 00:00:00+05:30,84.2,34.0,84.9,1.39,29.1,12.6,7.97,0.342,-0.9335804264972016,-0.3583679495453007,-0.9510565162951536,0.30901699437494723
3409514,"Ghatkopar, Mumbai - BMC",N,2025-10-21 00:00:00+05:30,76.8,34.0,81.4,1.56,18.1,,6.77,,-0.7431448254773944,-0.6691306063588581,-0.9455963874271428,0.3253420847119795
3409514,"Ghatkopar, Mumbai - BMC",N,2025-10-22 00:00:00+05:30,37.1,34.6,84.1,1.3,19.4,42.2,4.11,0.408,-0.587785252292473,-0.8090169943749475,-0.9398560579418953,0.341570769167856
3409514,"Ghatkopar, Mumbai - BMC",N,2025-10-23 00:00:00+05:30,32.7,36.1,82.1,1.37,19.6,29.4,4.33,0.341,-0.6156614753256582,-0.788010753606722,-0.9338372288229252,0.35769823883312546
3409514,"Ghatkopar, Mumbai - BMC",N,2025-10-24 00:00:00+05:30,13.1,35.3,87.0,1.38,18.6,22.6,4.14,0.292,-0.8386705679454242,-0.544639035015027,-0.9275416835791965,0.3737197147904692
3409514,"Ghatkopar, Mumbai - BMC",N,2025-10-25 00:00:00+05:30,8.27,34.2,90.4,1.34,21.9,15.3,5.29,0.348,-0.08715574274765794,-0.9961946980917455,-0.9209712877166347,0.38963044953078774
3409514,"Ghatkopar, Mumbai - BMC",N,2025-10-26 00:00:00+05:30,8.47,32.3,95.9,1.52,23.3,9.58,4.26,0.344,-0.961261695938319,-0.2756373558169989,-0.9141279881853337,0.4054257283599973
3409514,"Ghatkopar, Mumbai - BMC",N,2025-10-27 00:00:00+05:30,5.6,33.3,92.8,1.36,17.8,22.2,3.22,0.368,0.6427876096865395,-0.7660444431189779,-0.9070138128026362,0.42110087079608916
3409514,"Ghatkopar, Mumbai - BMC",N,2025-10-28 00:00:00+05:30,13.5,33.1,91.4,1.29,16.4,23.1,4.31,0.304,0.0871557427476582,-0.9961946980917455,-0.8996308696522434,0.4366512319560638
3409514,"Ghatkopar, Mumbai - BMC",N,2025-10-29 00:00:00+05:30,20.9,34.4,87.3,1.27,17.4,29.3,5.0,0.351,0.48480962024633717,-0.8746197071393957,-0.8919813464595487,0.45207220393230374
3409514,"Ghatkopar, Mumbai - BMC",N,2025-10-30 00:00:00+05:30,14.2,32.0,94.8,1.35,16.9,32.5,2.98,0.244,0.9135454576426009,-0.40673664307580026,-0.8840675099433637,0.46735921715800205
3409514,"Ghatkopar, Mumbai - BMC",N,2025-10-31 00:00:00+05:30,12.4,31.9,97.6,1.51,13.3,24.0,2.62,0.259,0.6946583704589971,-0.7193398003386513,-0.8758917051442433,0.48250774176121763
3409514,"Ghatkopar, Mumbai - BMC",N,2025-11-01 00:00:00+05:30,10.7,33.6,96.9,1.25,13.9,24.2,2.34,0.312,0.9999984769132877,-0.001745328365898139,-0.8674563547295971,0.4975132889071803
3409514,"Ghatkopar, Mumbai - BMC",N,2025-11-02 00:00:00+05:30,9.72,32.4,98.0,1.33,18.8,17.8,2.69,0.397,0.9702957262759965,-0.24192189559966779,-0.858763958275803,0.5123714121284235
3409514,"Ghatkopar, Mumbai - BMC",N,2025-11-03 00:00:00+05:30,10.2,33.7,92.3,1.13,21.4,19.1,2.8,0.386,-0.017452406437283637,-0.9998476951563913,-0.8498170915275277,0.5270777086423724
3409514,"Ghatkopar, Mumbai - BMC",N,2025-11-04 00:00:00+05:30,14.9,33.7,94.6,1.28,25.5,27.2,2.24,0.349,-0.275637355816999,-0.9612616959383189,-0.8406184056344783,0.5416278206559811
3409514,"Ghatkopar, Mumbai - BMC",N,2025-11-05 00:00:00+05:30,25.1,32.3,86.2,1.25,26.2,26.7,4.04,0.355,-0.8746197071393959,-0.48480962024633684,-0.8311706263658079,0.5560174366570446
3409514,"Ghatkopar, Mumbai - BMC",N,2025-11-06 00:00:00+05:30,38.2,32.1,88.9,1.32,29.9,39.5,4.38,0.387,-0.7771459614569706,-0.6293203910498378,-0.8214765533024145,0.5702422926917867
3409514,"Ghatkopar, Mumbai - BMC",N,2025-11-07 00:00:00+05:30,55.5,33.0,80.8,1.37,40.0,47.1,7.71,0.553,-0.848048096156426,-0.529919264233205,-0.8115390590073611,0.5842981736283683
3409514,"Ghatkopar, Mumbai - BMC",N,2025-11-08 00:00:00+05:30,36.8,32.4,72.0,,25.2,43.1,6.46,0.379,,,-0.801361088174677,0.5981809144059158
3409514,"Ghatkopar, Mumbai - BMC",N,2025-11-09 00:00:00+05:30,35.3,30.8,71.1,1.18,34.0,34.0,6.13,0.492,-0.7771459614569706,-0.6293203910498378,-0.7909456567567774,0.6118864012687242
3409514,"Ghatkopar, Mumbai - BMC",N,2025-11-10 00:00:00+05:30,47.6,27.8,88.8,1.14,41.1,17.0,6.09,0.632,-0.7193398003386512,-0.6946583704589973,-0.780295851070776,0.6254105729852457
3409514,"Ghatkopar, Mumbai - BMC",N,2025-11-11 00:00:00+05:30,50.0,30.3,78.2,1.3,40.7,53.5,5.89,0.474,-0.8191520442889916,-0.5735764363510464,-0.7694148268839381,0.6387494220515268
3409514,"Ghatkopar, Mumbai - BMC",N,2025-11-12 00:00:00+05:30,62.2,29.8,75.0,1.36,37.6,49.3,5.58,0.457,-0.9271838545667873,-0.3746065934159123,-0.7583058084785625,0.6518989958787125
3409514,"Ghatkopar, Mumbai - BMC",N,2025-11-13 00:00:00+05:30,66.0,30.0,71.9,1.29,44.2,47.7,5.54,0.606,-0.5735764363510462,-0.8191520442889918,-0.7469720876965551,0.6648553979642866
3409514,"Ghatkopar, Mumbai - BMC",N,2025-11-14 00:00:00+05:30,62.9,29.9,72.6,1.3,32.7,37.0,11.0,0.785,-0.8090169943749473,-0.5877852522924732,-0.7354170229639858,0.6776147890466887
3409514,"Ghatkopar, Mumbai - BMC",N,2025-11-15 00:00:00+05:30,65.2,29.2,69.0,1.24,35.6,,5.63,0.518,-0.7660444431189779,-0.6427876096865395,-0.7236440382959124,0.690173388242972
3409514,"Ghatkopar, Mumbai - BMC",N,2025-11-16 00:00:00+05:30,66.9,29.0,68.9,1.24,34.6,43.7,6.35,0.648,-0.7071067811865475,-0.7071067811865477,-0.711656622281775,0.7025274741691566
3409514,"Ghatkopar, Mumbai - BMC",N,2025-11-17 00:00:00+05:30,64.8,28.9,67.4,1.11,36.6,51.5,5.79,0.629,-0.5735764363510462,-0.8191520442889918,-0.6994583270516471,0.7146733860429608
3409514,"Ghatkopar, Mumbai - BMC",N,2025-11-18 00:00:00+05:30,75.8,25.6,80.5,1.18,45.8,21.6,7.01,0.897,-0.5150380749100542,-0.8571673007021123,-0.6870527672236675,0.7266075247685652
3409514,"Ghatkopar, Mumbai - BMC",N,2025-11-19 00:00:00+05:30,75.6,28.2,70.5,1.29,44.3,46.5,6.31,0.748,-0.5591929034707467,-0.8290375725550417,-0.6744436188329457,0.7383263540031063
3409514,"Ghatkopar, Mumbai - BMC",N,2025-11-20 00:00:00+05:30,75.4,28.8,71.3,1.51,44.9,46.7,7.6,0.698,-0.7771459614569706,-0.6293203910498378,-0.661634618242279,0.749826401204568
3409514,"Ghatkopar, Mumbai - BMC",N,2025-11-21 00:00:00+05:30,63.6,29.6,74.2,1.32,52.9,44.4,6.82,0.827,-0.374606593415912,-0.9271838545667874,-0.6486295610349818,0.7611042586607742
3409514,"Ghatkopar, Mumbai - BMC",N,2025-11-22 00:00:00+05:30,56.6,31.2,74.9,1.16,55.9,41.3,5.54,0.707,-0.3090169943749473,-0.9510565162951536,-0.6354323008901775,0.7721565844991641
3409514,"Ghatkopar, Mumbai - BMC",N,2025-11-23 00:00:00+05:30,56.8,31.3,81.0,1.14,46.1,47.5,4.91,0.892,-0.5735764363510462,-0.8191520442889918,-0.622046748440868,0.7829801036770624
3409514,"Ghatkopar, Mumbai - BMC",N,2025-11-24 00:00:00+05:30,57.2,32.4,79.1,1.18,45.8,44.1,3.13,0.931,-0.656059028990507,-0.7547095802227721,-0.6084768701151264,0.7935716089521472
3409514,"Ghatkopar, Mumbai - BMC",N,2025-11-25 00:00:00+05:30,60.4,32.5,81.0,1.16,45.0,55.3,4.67,0.781,-0.48480962024633695,-0.8746197071393959,-0.594726686960764,0.8039279618328208
3409514,"Ghatkopar, Mumbai - BMC",N,2025-11-26 00:00:00+05:30,60.7,32.3,80.5,1.18,40.8,51.7,3.74,0.745,-0.275637355816999,-0.9612616959383189,-0.5808002734538013,0.8140460935082175
3409514,"Ghatkopar, Mumbai - BMC",N,2025-11-27 00:00:00+05:30,59.7,32.0,74.4,1.39,48.9,56.4,3.09,0.762,-0.629320391049838,-0.7771459614569705,-0.5667017562911184,0.8239230057575536
3409514,"Ghatkopar, Mumbai - BMC",N,2025-11-28 00:00:00+05:30,61.2,31.2,76.4,1.33,43.0,42.2,4.46,0.71,-0.6819983600624984,-0.7313537016191706,-0.5524353131676203,0.8335557718385695
3409514,"Ghatkopar, Mumbai - BMC",N,2025-11-29 00:00:00+05:30,47.2,29.8,71.4,1.28,34.7,34.7,2.35,0.554,-0.8910065241883678,-0.4539904997395469,-0.5380051715382992,0.8429415373547832
3409514,"Ghatkopar, Mumbai - BMC",N,2025-11-30 00:00:00+05:30,47.4,28.2,68.3,1.2,40.8,45.0,5.05,0.61,-0.7193398003386512,-0.6946583704589973,-0.5234156073655503,0.8520775211013093
3409514,"Ghatkopar, Mumbai - BMC",N,2025-12-01 00:00:00+05:30,60.1,28.3,70.7,1.34,46.3,43.9,4.67,0.735,-0.8746197071393959,-0.48480962024633684,-0.5086709438521042,0.8609610158889945
3409514,"Ghatkopar, Mumbai - BMC",N,2025-12-02 00:00:00+05:30,55.9,28.8,71.6,1.31,43.6,46.7,4.57,0.613,-0.6691306063588582,-0.7431448254773942,-0.49377555015997737,0.8695893893466109
3409514,"Ghatkopar, Mumbai - BMC",N,2025-12-03 00:00:00+05:30,61.1,29.0,72.8,1.21,39.7,45.8,3.86,0.701,-0.5446390350150271,-0.838670567945424,-0.4787338401157883,0.8779600847008883
3409514,"Ghatkopar, Mumbai - BMC",N,2025-12-04 00:00:00+05:30,64.6,29.2,74.7,1.42,49.1,35.4,3.3,0.709,-0.629320391049838,-0.7771459614569705,-0.4635502709028512,0.8860706215341378
3409514,"Ghatkopar, Mumbai - BMC",N,2025-12-05 00:00:00+05:30,55.9,30.9,72.2,1.4,40.5,48.1,1.38,0.425,-0.7771459614569706,-0.6293203910498378,-0.4482293417404106,0.893918596519257
3409514,"Ghatkopar, Mumbai - BMC",N,2025-12-06 00:00:00+05:30,46.0,30.9,67.9,1.51,38.5,58.6,1.99,0.576,-0.9510565162951535,-0.30901699437494756,-0.4327755925504317,0.9015016841318838
3409514,"Ghatkopar, Mumbai - BMC",N,2025-12-07 00:00:00+05:30,52.0,30.8,67.4,1.27,46.6,68.3,2.38,0.603,-0.7193398003386512,-0.6946583704589973,-0.41719360261231697,0.9088176373395028
3409514,"Ghatkopar, Mumbai - BMC",N,2025-12-08 00:00:00+05:30,50.3,29.7,70.2,1.24,51.4,46.4,2.71,0.598,-0.7986355100472928,-0.6018150231520483,-0.4014879892059737,0.9158642882672868
3409514,"Ghatkopar, Mumbai - BMC",N,2025-12-09 00:00:00+05:30,35.4,28.5,64.6,1.05,47.2,36.4,3.27,0.569,-0.48480962024633695,-0.8746197071393959,-0.38566340624360745,0.9226395488404875
3409514,"Ghatkopar, Mumbai - BMC",N,2025-12-10 00:00:00+05:30,40.7,28.5,59.2,1.26,44.1,35.9,2.81,0.417,0.01745240643728344,-0.9998476951563913,-0.3697245428906732,0.9291414114031743
3409514,"Ghatkopar, Mumbai - BMC",N,2025-12-11 00:00:00+05:30,35.1,20.4,96.4,0.965,36.2,3.93,2.28,0.332,-0.5735764363510462,-0.8191520442889918,-0.3536761221763721,0.935367949313148
3409514,"Ghatkopar, Mumbai - BMC",N,2025-12-12 00:00:00+05:30,49.5,20.9,97.9,1.11,35.6,7.9,0.506,0.29,-0.15643446504023073,-0.9876883405951378,-0.33752289959411347,0.941317317512847
3409514,"Ghatkopar, Mumbai - BMC",N,2025-12-13 00:00:00+05:30,35.5,31.7,49.4,1.2,51.5,60.8,5.8,0.591,-0.6427876096865393,-0.766044443118978,-0.32126966169236515,0.9469877530760751
3409514,"Ghatkopar, Mumbai - BMC",N,2025-12-14 00:00:00+05:30,49.7,28.1,66.9,1.16,52.8,58.8,3.56,0.481,-0.275637355816999,-0.9612616959383189,-0.3049212246562894,0.9523775757303973
3409514,"Ghatkopar, Mumbai - BMC",N,2025-12-15 00:00:00+05:30,35.8,27.9,66.3,1.01,42.8,41.3,2.46,0.538,-0.6156614753256582,-0.788010753606722,-0.2884824328806098,0.9574851883550389
3409514,"Ghatkopar, Mumbai - BMC",N,2025-12-16 00:00:00+05:30,37.7,28.1,65.9,1.18,48.9,48.9,4.68,0.412,-0.06975647374412527,-0.9975640502598242,-0.27195815753410524,0.9623090774541487
3409514,"Ghatkopar, Mumbai - BMC",N,2025-12-17 00:00:00+05:30,43.7,29.0,67.6,1.09,58.4,54.7,5.06,0.665,-0.2079116908177595,-0.9781476007338056,-0.2553532951161881,0.9668478136052773
3409514,"Ghatkopar, Mumbai - BMC",N,2025-12-18 00:00:00+05:30,45.0,29.2,67.2,1.1,56.6,34.2,3.84,0.569,-0.6018150231520484,-0.7986355100472928,-0.23867276600594997,0.9711000518829505
3409514,"Ghatkopar, Mumbai - BMC",N,2025-12-19 00:00:00+05:30,42.3,28.0,65.1,1.18,53.8,37.1,4.26,0.519,-0.4067366430758002,-0.9135454576426009,-0.22192151300416674,0.9750645322571945
3409514,"Ghatkopar, Mumbai - BMC",N,2025-12-20 00:00:00+05:30,30.8,27.5,62.0,1.24,43.7,22.4,4.37,0.373,-0.587785252292473,-0.8090169943749475,-0.20510449986861926,0.9787400799669153
3409514,"Ghatkopar, Mumbai - BMC",N,2025-12-21 00:00:00+05:30,28.8,27.4,60.4,0.948,49.1,22.4,6.38,0.664,-0.2079116908177595,-0.9781476007338056,-0.1882267098432439,0.9821256058680006
3409514,"Ghatkopar, Mumbai - BMC",N,2025-12-22 00:00:00+05:30,41.5,27.4,63.8,1.08,49.4,27.6,8.47,0.691,-0.34202014332566866,-0.9396926207859084,-0.1712931441814778,0.9852201067560606
3409514,"Ghatkopar, Mumbai - BMC",N,2025-12-23 00:00:00+05:30,36.0,28.5,61.6,1.2,46.2,29.3,4.84,0.568,-0.32556815445715676,-0.9455185755993167,-0.154308820664281,0.9880226656636976
3409514,"Ghatkopar, Mumbai - BMC",N,2025-12-24 00:00:00+05:30,26.0,28.0,63.1,1.06,44.4,26.0,4.21,0.616,-0.2419218955996675,-0.9702957262759965,-0.13727877211326517,0.9905324521322227
3409514,"Ghatkopar, Mumbai - BMC",N,2025-12-25 00:00:00+05:30,34.0,,87.2,0.566,50.2,29.2,4.89,0.532,0.984807753012208,-0.1736481776669303,-0.12020804489935275,0.9927487224577402
3409514,"Ghatkopar, Mumbai - BMC",N,2025-12-26 00:00:00+05:30,45.1,,,0.0,51.5,42.1,5.91,0.684,0.0,1.0,-0.10310169744743544,0.9946708199115211
3409514,"Ghatkopar, Mumbai - BMC",N,2025-12-27 00:00:00+05:30,45.8,,,0.553,54.6,30.1,4.12,0.727,0.9879598657693891,-0.15471038629946815,-0.0859647987374467,0.9962981749346077
3409514,"Ghatkopar, Mumbai - BMC",N,2025-12-28 00:00:00+05:30,48.5,27.5,,1.0,48.8,40.6,3.62,0.657,-0.6427876096865393,-0.766044443118978,-0.06880242680232064,0.9976303053065857
3409514,"Ghatkopar, Mumbai - BMC",N,2025-12-29 00:00:00+05:30,50.4,27.9,66.6,1.08,59.4,34.9,4.88,0.678,-0.5735764363510462,-0.8191520442889918,-0.05161966722325418,0.9986668162884759
3409514,"Ghatkopar, Mumbai - BMC",N,2025-12-30 00:00:00+05:30,50.7,27.4,72.0,1.07,54.7,20.0,4.37,0.681,-0.32556815445715676,-0.9455185755993167,-0.034421611622745804,0.9994074007397048
3409514,"Ghatkopar, Mumbai - BMC",N,2025-12-31 00:00:00+05:30,48.2,27.8,76.0,1.27,47.9,8.4,3.58,0.669,-0.6018150231520484,-0.7986355100472928,-0.01721335615583528,0.9998518392091162
3409514,"Ghatkopar, Mumbai - BMC",N,2026-01-01 00:00:00+05:30,26.1,28.6,82.9,1.23,33.9,3.61,1.46,0.492,-0.587785252292473,-0.8090169943749475,0.0,1.0
3409514,"Ghatkopar, Mumbai - BMC",N,2026-01-02 00:00:00+05:30,36.9,28.5,84.9,1.21,39.4,11.9,5.82,0.712,-0.6819983600624984,-0.7313537016191706,0.017213356155834685,0.9998518392091162
3409514,"Ghatkopar, Mumbai - BMC",N,2026-01-03 00:00:00+05:30,46.1,29.0,80.0,1.1,44.7,13.8,2.52,0.476,-0.8386705679454242,-0.544639035015027,0.03442161162274574,0.9994074007397048
3409514,"Ghatkopar, Mumbai - BMC",N,2026-01-04 00:00:00+05:30,57.4,29.7,81.3,1.14,41.9,14.2,4.53,0.657,-0.587785252292473,-0.8090169943749475,0.051619667223253764,0.998666816288476
3409514,"Ghatkopar, Mumbai - BMC",N,2026-01-05 00:00:00+05:30,50.7,29.9,76.5,1.11,43.3,17.9,4.07,0.672,-0.34202014332566866,-0.9396926207859084,0.06880242680231986,0.9976303053065857
3409514,"Ghatkopar, Mumbai - BMC",N,2026-01-06 00:00:00+05:30,51.3,29.9,73.4,1.19,43.8,17.9,6.58,0.76,-0.3090169943749473,-0.9510565162951536,0.08596479873744647,0.9962981749346078
3409514,"Ghatkopar, Mumbai - BMC",N,2026-01-07 00:00:00+05:30,51.0,29.1,71.3,1.13,48.1,23.2,4.06,0.665,-0.7193398003386512,-0.6946583704589973,0.10310169744743485,0.9946708199115211
3409514,"Ghatkopar, Mumbai - BMC",N,2026-01-08 00:00:00+05:30,44.0,28.0,66.3,1.07,47.0,16.6,2.04,0.564,-0.46947156278589086,-0.8829475928589269,0.1202080448993527,0.9927487224577402
3409514,"Ghatkopar, Mumbai - BMC",N,2026-01-09 00:00:00+05:30,46.7,27.4,68.6,1.1,50.6,20.5,3.8,0.62,-0.2588190451025208,-0.9659258262890683,0.13727877211326478,0.9905324521322229
3409514,"Ghatkopar, Mumbai - BMC",N,2026-01-10 00:00:00+05:30,46.7,27.7,67.7,1.26,32.0,27.0,3.17,0.716,-0.35836794954530043,-0.9335804264972017,0.15430882066428117,0.9880226656636976
3409514,"Ghatkopar, Mumbai - BMC",N,2026-01-20 00:00:00+05:30,55.6,26.5,79.3,1.02,72.7,7.67,2.59,0.831,-0.9335804264972016,-0.3583679495453007,0.3212696616923644,0.9469877530760753
3409514,"Ghatkopar, Mumbai - BMC",N,2026-01-21 00:00:00+05:30,62.8,29.0,71.3,1.06,56.1,19.8,2.25,0.502,-0.5150380749100542,-0.8571673007021123,0.3375228995941133,0.9413173175128471
3409514,"Ghatkopar, Mumbai - BMC",N,2026-01-22 00:00:00+05:30,67.4,29.1,73.3,1.09,52.3,20.3,1.91,0.495,-0.5299192642332048,-0.8480480961564261,0.3536761221763716,0.9353679493131483
3409514,"Ghatkopar, Mumbai - BMC",N,2026-01-23 00:00:00+05:30,58.2,28.7,81.9,1.18,48.9,14.0,1.77,0.414,-0.629320391049838,-0.7771459614569705,0.3697245428906731,0.9291414114031743
3409514,"Ghatkopar, Mumbai - BMC",N,2026-01-24 00:00:00+05:30,42.8,28.0,73.7,1.13,43.0,19.3,2.58,0.262,-0.7660444431189779,-0.6427876096865395,0.38566340624360707,0.9226395488404876
3409514,"Ghatkopar, Mumbai - BMC",N,2026-01-25 00:00:00+05:30,59.5,28.7,74.9,1.17,54.0,20.9,3.68,0.554,-0.7771459614569706,-0.6293203910498378,0.401487989205973,0.9158642882672872
3409514,"Ghatkopar, Mumbai - BMC",N,2026-01-26 00:00:00+05:30,72.5,29.9,75.2,,48.1,26.0,2.46,0.441,,,0.4171936026123168,0.9088176373395029
3409514,"Ghatkopar, Mumbai - BMC",N,2026-01-27 00:00:00+05:30,42.6,29.4,79.2,1.31,39.6,24.3,1.64,0.124,-0.754709580222772,-0.6560590289905073,0.4327755925504312,0.901501684131884
3409514,"Ghatkopar, Mumbai - BMC",N,2026-01-28 00:00:00+05:30,37.2,28.4,69.3,1.16,48.7,22.3,0.286,0.332,-0.8571673007021121,-0.5150380749100544,0.4482293417404106,0.893918596519257
3409514,"Ghatkopar, Mumbai - BMC",N,2026-01-29 00:00:00+05:30,55.7,29.4,67.4,1.0,65.5,22.3,2.63,0.479,-0.5000000000000001,-0.8660254037844386,0.4635502709028509,0.886070621534138
3409514,"Ghatkopar, Mumbai - BMC",N,2026-01-30 00:00:00+05:30,63.8,30.6,80.9,1.33,54.7,21.8,1.7,0.38,-0.5446390350150271,-0.838670567945424,0.47873384011578846,0.8779600847008882
3409514,"Ghatkopar, Mumbai - BMC",N,2026-01-31 00:00:00+05:30,58.0,30.4,85.0,1.16,43.6,17.3,1.61,0.477,-0.7431448254773944,-0.6691306063588581,0.49377555015997715,0.869589389346611
3409514,"Ghatkopar, Mumbai - BMC",N,2026-02-01 00:00:00+05:30,70.2,31.0,75.1,1.09,48.6,25.6,1.95,0.516,-0.7193398003386512,-0.6946583704589973,0.5086709438521044,0.8609610158889943
3409514,"Ghatkopar, Mumbai - BMC",N,2026-02-02 00:00:00+05:30,78.7,31.0,69.4,1.29,48.0,21.8,2.49,0.499,-0.7880107536067221,-0.6156614753256581,0.5234156073655503,0.8520775211013093
3409514,"Ghatkopar, Mumbai - BMC",N,2026-02-03 00:00:00+05:30,83.7,30.1,74.8,1.19,49.0,15.1,1.98,0.574,-0.9335804264972016,-0.3583679495453007,0.5380051715382996,0.8429415373547828
3409514,"Ghatkopar, Mumbai - BMC",N,2026-02-04 00:00:00+05:30,66.5,33.9,51.1,1.28,49.9,36.9,0.432,0.237,-0.2419218955996675,-0.9702957262759965,0.5524353131676196,0.8335557718385699
3409514,"Ghatkopar, Mumbai - BMC",N,2026-02-05 00:00:00+05:30,56.2,32.3,57.2,1.25,50.2,20.2,1.73,0.38,-0.5735764363510462,-0.8191520442889918,0.5667017562911176,0.8239230057575542
3409514,"Ghatkopar, Mumbai - BMC",N,2026-02-06 00:00:00+05:30,63.2,31.4,57.3,1.14,44.2,20.0,1.06,0.409,-0.8290375725550418,-0.5591929034707466,0.5808002734538009,0.8140460935082178
3409514,"Ghatkopar, Mumbai - BMC",N,2026-02-07 00:00:00+05:30,58.8,30.8,56.5,1.15,47.8,24.1,1.07,0.427,-0.5446390350150271,-0.838670567945424,0.5947266869607634,0.8039279618328213
3409514,"Ghatkopar, Mumbai - BMC",N,2026-02-08 00:00:00+05:30,49.9,27.0,67.8,1.13,14.0,5.77,0.833,0.463,-0.8386705679454242,-0.544639035015027,0.6084768701151261,0.7935716089521474
3409514,"Ghatkopar, Mumbai - BMC",N,2026-02-09 00:00:00+05:30,50.5,30.4,64.0,1.32,24.7,25.1,0.709,0.606,-0.6946583704589973,-0.7193398003386511,0.6220467484408675,0.7829801036770629
3409514,"Ghatkopar, Mumbai - BMC",N,2026-02-10 00:00:00+05:30,57.0,30.2,64.8,1.19,64.6,25.4,1.86,0.553,-0.5735764363510462,-0.8191520442889918,0.6354323008901774,0.7721565844991642
3409514,"Ghatkopar, Mumbai - BMC",N,2026-02-11 00:00:00+05:30,62.9,30.8,63.7,1.23,58.7,27.8,0.7,0.52,-0.6819983600624984,-0.7313537016191706,0.6486295610349814,0.7611042586607747
3409514,"Ghatkopar, Mumbai - BMC",N,2026-02-12 00:00:00+05:30,57.9,31.3,66.7,1.15,54.5,26.4,0.664,0.322,-0.5446390350150271,-0.838670567945424,0.6616346182422783,0.7498264012045686
3409514,"Ghatkopar, Mumbai - BMC",N,2026-02-13 00:00:00+05:30,63.0,30.7,66.9,1.21,61.2,26.7,2.93,0.572,-0.6156614753256582,-0.788010753606722,0.6744436188329455,0.7383263540031065
3409514,"Ghatkopar, Mumbai - BMC",N,2026-02-14 00:00:00+05:30,65.9,31.4,64.6,1.23,58.2,30.1,1.03,0.635,-0.6946583704589973,-0.7193398003386511,0.6870527672236669,0.7266075247685656
3409514,"Ghatkopar, Mumbai - BMC",N,2026-02-15 00:00:00+05:30,64.0,31.8,62.3,1.22,53.2,23.9,0.857,0.444,-0.8191520442889916,-0.5735764363510464,0.699458327051647,0.7146733860429609
3409514,"Ghatkopar, Mumbai - BMC",N,2026-02-16 00:00:00+05:30,62.2,25.7,74.7,0.757,53.6,3.05,2.72,0.721,-0.32556815445715676,-0.9455185755993167,0.7116566222817746,0.7025274741691571
3409514,"Ghatkopar, Mumbai - BMC",N,2026-02-17 00:00:00+05:30,38.8,34.2,52.1,1.58,46.1,49.0,0.214,0.245,-0.4067366430758002,-0.9135454576426009,0.7236440382959124,0.6901733882429719
3409514,"Ghatkopar, Mumbai - BMC",N,2026-02-18 00:00:00+05:30,27.5,31.8,69.7,1.31,41.2,25.5,1.27,0.256,-0.6156614753256582,-0.788010753606722,0.7354170229639855,0.6776147890466889
3409514,"Ghatkopar, Mumbai - BMC",N,2026-02-19 00:00:00+05:30,50.1,32.2,67.4,1.45,56.1,34.0,2.03,0.68,-0.656059028990507,-0.7547095802227721,0.7469720876965552,0.6648553979642865
3409514,"Ghatkopar, Mumbai - BMC",N,2026-02-20 00:00:00+05:30,69.8,31.7,77.1,1.2,54.6,23.6,1.62,0.704,-0.587785252292473,-0.8090169943749475,0.7583058084785624,0.6518989958787126
3409514,"Ghatkopar, Mumbai - BMC",N,2026-02-21 00:00:00+05:30,74.7,33.1,65.0,1.22,52.5,28.0,3.44,0.602,-0.6819983600624984,-0.7313537016191706,0.7694148268839378,0.6387494220515272
3409514,"Ghatkopar, Mumbai - BMC",N,2026-02-22 00:00:00+05:30,63.9,32.2,65.9,1.06,39.3,24.6,0.312,0.428,-0.7880107536067221,-0.6156614753256581,0.7802958510707755,0.6254105729852463
3409514,"Ghatkopar, Mumbai - BMC",N,2026-02-23 00:00:00+05:30,52.0,31.8,63.7,1.19,49.4,27.1,1.9,0.493,-0.754709580222772,-0.6560590289905073,0.7909456567567772,0.6118864012687243
3409514,"Ghatkopar, Mumbai - BMC",N,2026-02-24 00:00:00+05:30,51.0,31.7,70.8,1.16,50.1,19.6,2.26,0.629,-0.7313537016191705,-0.6819983600624986,0.8013610881746766,0.5981809144059165
3409514,"Ghatkopar, Mumbai - BMC",N,2026-02-25 00:00:00+05:30,41.1,30.9,74.8,1.31,45.9,13.8,0.89,0.407,-0.7313537016191705,-0.6819983600624986,0.8115390590073611,0.5842981736283684
3409514,"Ghatkopar, Mumbai - BMC",N,2026-02-26 00:00:00+05:30,23.2,30.4,76.7,1.24,30.6,9.89,0.512,0.304,-0.6018150231520484,-0.7986355100472928,0.8214765533024142,0.5702422926917871
3409514,"Ghatkopar, Mumbai - BMC",N,2026-02-27 00:00:00+05:30,21.2,30.1,71.9,1.34,30.9,10.7,1.26,0.265,-0.7071067811865475,-0.7071067811865477,0.8311706263658079,0.5560174366570446
3409514,"Ghatkopar, Mumbai - BMC",N,2026-02-28 00:00:00+05:30,19.8,29.8,69.1,1.39,31.6,23.0,1.95,0.403,-0.8660254037844385,-0.5000000000000004,0.8406184056344782,0.5416278206559814
3409514,"Ghatkopar, Mumbai - BMC",N,2026-03-01 00:00:00+05:30,31.8,30.2,71.3,1.38,33.1,34.7,1.53,0.396,-0.8746197071393959,-0.48480962024633684,0.8498170915275278,0.5270777086423722
3409514,"Ghatkopar, Mumbai - BMC",N,2026-03-02 00:00:00+05:30,34.2,30.8,75.0,1.4,38.0,33.1,1.64,0.43,-0.629320391049838,-0.7771459614569705,0.8587639582758029,0.5123714121284237
3409514,"Ghatkopar, Mumbai - BMC",N,2026-03-03 00:00:00+05:30,96.0,32.6,67.0,1.25,41.2,47.6,1.62,1.36,-0.5591929034707467,-0.8290375725550417,0.8674563547295969,0.49751328890718066
3409514,"Ghatkopar, Mumbai - BMC",N,2026-03-04 00:00:00+05:30,54.9,35.1,51.3,1.27,36.5,45.1,1.94,0.547,-0.5000000000000001,-0.8660254037844386,0.8758917051442429,0.48250774176121847
3409514,"Ghatkopar, Mumbai - BMC",N,2026-03-05 00:00:00+05:30,40.0,34.4,42.2,1.35,36.7,45.3,4.64,0.438,-0.7071067811865475,-0.7071067811865477,0.8840675099433636,0.4673592171580022
3409514,"Ghatkopar, Mumbai - BMC",N,2026-03-06 00:00:00+05:30,32.9,33.6,45.5,1.27,31.5,36.8,5.71,0.489,-0.587785252292473,-0.8090169943749475,0.8919813464595485,0.45207220393230435
3409514,"Ghatkopar, Mumbai - BMC",N,2026-03-07 00:00:00+05:30,38.3,32.1,70.2,1.31,27.8,29.2,0.717,0.361,-0.5299192642332048,-0.8480480961564261,0.8996308696522433,0.43665123195606403
3409514,"Ghatkopar, Mumbai - BMC",N,2026-03-08 00:00:00+05:30,63.9,34.5,55.8,1.27,28.1,56.4,1.26,0.512,-0.6156614753256582,-0.788010753606722,0.9070138128026359,0.4211008707960896
3409514,"Ghatkopar, Mumbai - BMC",N,2026-03-09 00:00:00+05:30,58.3,34.9,45.3,1.3,28.3,47.6,0.685,0.493,-0.6946583704589973,-0.7193398003386511,0.9141279881853337,0.40542572835999735
3409514,"Ghatkopar, Mumbai - BMC",N,2026-03-10 00:00:00+05:30,66.6,36.7,37.8,1.26,50.4,81.2,1.5,0.755,-0.06975647374412527,-0.9975640502598242,0.9209712877166346,0.38963044953078796
3409514,"Ghatkopar, Mumbai - BMC",N,2026-03-11 00:00:00+05:30,70.7,28.5,80.1,1.26,39.9,5.95,2.53,0.682,-0.9335804264972016,-0.3583679495453007,0.9275416835791966,0.37371971479046906
3409514,"Ghatkopar, Mumbai - BMC",N,2026-03-12 00:00:00+05:30,59.9,36.4,69.8,1.32,28.9,41.1,1.58,0.422,-0.4067366430758002,-0.9135454576426009,0.9338372288229252,0.35769823883312546
3409514,"Ghatkopar, Mumbai - BMC",N,2026-03-13 00:00:00+05:30,56.2,34.6,60.3,1.17,23.9,42.2,0.967,0.303,-0.45399049973954664,-0.8910065241883679,0.9398560579418954,0.3415707691678556
3409514,"Ghatkopar, Mumbai - BMC",N,2026-03-14 00:00:00+05:30,48.5,33.7,55.0,1.01,24.5,25.5,1.24,0.561,-0.2079116908177595,-0.9781476007338056,0.9455963874271426,0.3253420847119801
3409514,"Ghatkopar, Mumbai - BMC",N,2026-03-15 00:00:00+05:30,31.6,32.3,72.4,1.23,15.3,20.1,0.373,0.0909,-0.2419218955996675,-0.9702957262759965,0.9510565162951535,0.30901699437494745
3409514,"Ghatkopar, Mumbai - BMC",N,2026-03-16 00:00:00+05:30,25.1,32.4,74.3,1.28,14.5,18.3,1.44,0.0731,-0.35836794954530043,-0.9335804264972017,0.9562348265919056,0.29260033563334836
3409514,"Ghatkopar, Mumbai - BMC",N,2026-03-17 00:00:00+05:30,30.1,31.9,72.0,1.27,18.6,23.9,0.657,0.134,-0.5591929034707467,-0.8290375725550417,0.9611297838723007,0.27609697309746883
3409514,"Ghatkopar, Mumbai - BMC",N,2026-03-18 00:00:00+05:30,30.4,31.6,68.5,1.25,21.0,23.4,1.54,0.163,-0.5150380749100542,-0.8571673007021123,0.9657399376548549,0.2595117970697999
3409514,"Ghatkopar, Mumbai - BMC",N,2026-03-19 00:00:00+05:30,23.0,31.8,70.6,1.34,14.0,21.5,1.2,0.11,-0.656059028990507,-0.7547095802227721,0.9700639218515071,0.2428497220959356
3409514,"Ghatkopar, Mumbai - BMC",N,2026-03-20 00:00:00+05:30,26.2,31.7,66.1,1.19,18.5,26.3,1.22,0.225,-0.5591929034707467,-0.8290375725550417,0.9741004551724205,0.22611568550828828
3409514,"Ghatkopar, Mumbai - BMC",N,2026-03-21 00:00:00+05:30,32.5,34.9,47.2,1.52,13.3,58.4,1.35,0.121,-0.7986355100472928,-0.6018150231520483,0.9778483415056568,0.20931464596304847
3409514,"Ghatkopar, Mumbai - BMC",N,2026-03-22 00:00:00+05:30,43.0,33.4,51.1,1.32,18.3,50.5,1.66,0.297,-0.656059028990507,-0.7547095802227721,0.9813064702716093,0.19245158197082998
3409514,"Ghatkopar, Mumbai - BMC",N,2026-03-23 00:00:00+05:30,49.8,33.9,49.3,1.25,22.9,45.5,1.42,0.283,-0.374606593415912,-0.9271838545667874,0.9844738167520922,0.1755314904214282
3409514,"Ghatkopar, Mumbai - BMC",N,2026-03-24 00:00:00+05:30,43.6,35.4,48.0,1.3,19.5,36.0,0.982,0.151,-0.629320391049838,-0.7771459614569705,0.9873494423939864,0.15855938510313475
3409514,"Ghatkopar, Mumbai - BMC",N,2026-03-25 00:00:00+05:30,35.4,35.0,57.6,1.28,19.6,33.7,0.369,0.0798,-0.5000000000000001,-0.8660254037844386,0.989932495087353,0.141540295217043
3409514,"Ghatkopar, Mumbai - BMC",N,2026-03-26 00:00:00+05:30,37.9,36.1,56.0,1.28,19.6,43.3,1.65,0.189,-0.5735764363510462,-0.8191520442889918,0.9922222094179323,0.12447926388678915
3409514,"Ghatkopar, Mumbai - BMC",N,2026-03-27 00:00:00+05:30,38.1,38.5,43.6,1.47,30.5,53.0,2.8,3.06,-0.35836794954530043,-0.9335804264972017,0.994217906893952,0.10738134666416309
3409514,"Ghatkopar, Mumbai - BMC",N,2026-03-28 00:00:00+05:30,21.5,34.2,73.3,1.27,10.2,21.6,0.999,,-0.12186934340514731,-0.9925461516413221,0.995918996147179,0.09025161003104117
3409514,"Ghatkopar, Mumbai - BMC",N,2026-03-29 00:00:00+05:30,10.2,33.4,75.5,1.39,,12.2,0.511,,-0.5000000000000001,-0.8660254037844386,0.9973249731081555,0.07309512989807777
3409514,"Ghatkopar, Mumbai - BMC",N,2026-03-30 00:00:00+05:30,11.3,34.2,74.6,1.37,,19.1,0.312,0.247,-0.7771459614569706,-0.6293203910498378,0.9984354211555643,0.055916990100603484
3409514,"Ghatkopar, Mumbai - BMC",N,2026-03-31 00:00:00+05:30,6.27,34.4,69.7,1.45,8.04,15.4,0.376,0.216,-0.7071067811865475,-0.7071067811865477,0.9992500112396835,0.03872228089217446
3409514,"Ghatkopar, Mumbai - BMC",N,2026-04-01 00:00:00+05:30,12.3,33.3,72.4,1.38,11.8,20.8,1.44,0.187,-0.7660444431189779,-0.6427876096865395,0.9997685019798909,0.021516097436222254
3409514,"Ghatkopar, Mumbai - BMC",N,2026-04-02 00:00:00+05:30,11.9,32.8,70.1,1.44,13.5,29.8,0.121,0.222,-0.7431448254773944,-0.6691306063588581,0.9999907397361901,0.004303538296244289
3409514,"Ghatkopar, Mumbai - BMC",N,2026-04-03 00:00:00+05:30,23.9,33.0,67.5,1.33,13.9,27.6,1.56,0.361,-0.7193398003386512,-0.6946583704589973,0.9999166586547379,-0.01291029607500882
3409514,"Ghatkopar, Mumbai - BMC",N,2026-04-04 00:00:00+05:30,16.6,33.4,69.4,1.4,7.02,24.2,7.15,0.525,-0.656059028990507,-0.7547095802227721,0.9995462806873573,-0.030120304846908114
3409514,"Ghatkopar, Mumbai - BMC",N,2026-04-05 00:00:00+05:30,30.6,32.9,66.8,1.27,7.28,24.8,1.74,0.371,-0.5000000000000001,-0.8660254037844386,0.9988797155850336,-0.04732138832243185
3409514,"Ghatkopar, Mumbai - BMC",N,2026-04-06 00:00:00+05:30,29.2,32.0,68.1,1.32,8.88,24.1,1.94,0.368,-0.46947156278589086,-0.8829475928589269,0.9979171608653922,-0.06450844944931623
3409514,"Ghatkopar, Mumbai - BMC",N,2026-04-07 00:00:00+05:30,33.9,32.8,70.6,1.15,8.03,17.8,1.49,0.359,-0.4067366430758002,-0.9135454576426009,0.9966589017541702,-0.08167639533042241
3409514,"Ghatkopar, Mumbai - BMC",N,2026-04-08 00:00:00+05:30,33.7,34.2,70.6,1.26,5.08,10.6,2.84,0.355,-0.4067366430758002,-0.9135454576426009,0.9951053111006976,-0.09882013873287143
3409514,"Ghatkopar, Mumbai - BMC",N,2026-04-09 00:00:00+05:30,35.9,34.1,62.4,1.35,12.1,12.9,1.67,0.411,-0.754709580222772,-0.6560590289905073,0.9932568492674143,-0.11593459959550041
3409514,"Ghatkopar, Mumbai - BMC",N,2026-04-10 00:00:00+05:30,57.6,33.8,57.3,1.21,17.0,27.0,2.59,0.521,-0.45399049973954664,-0.8910065241883679,0.9911140639934547,-0.1330147065341959
3409514,"Ghatkopar, Mumbai - BMC",N,2026-04-11 00:00:00+05:30,59.9,35.6,65.4,1.28,19.5,36.8,3.7,0.425,-0.4226182617406993,-0.90630778703665,0.9886775902323405,-0.1500553983446526
3409514,"Ghatkopar, Mumbai - BMC",N,2026-04-12 00:00:00+05:30,59.3,34.9,72.1,1.32,17.6,27.4,1.79,0.516,-0.5735764363510462,-0.8191520442889918,0.9859481499638304,-0.16705162550211924
3409514,"Ghatkopar, Mumbai - BMC",N,2026-04-13 00:00:00+05:30,49.6,34.6,77.8,1.21,8.57,18.2,1.53,0.376,-0.19080899537654472,-0.981627183447664,0.9829265519799822,-0.18399835165768005
3409514,"Ghatkopar, Mumbai - BMC",N,2026-04-14 00:00:00+05:30,57.1,35.1,72.5,1.52,12.3,24.4,1.16,0.476,-0.629320391049838,-0.7771459614569705,0.9796136916454901,-0.20089055513063506
3409514,"Ghatkopar, Mumbai - BMC",N,2026-04-15 00:00:00+05:30,38.3,35.1,68.0,1.36,10.6,19.2,0.671,0.358,-0.6156614753256582,-0.788010753606722,0.9760105506323683,-0.21772323039653177
3409514,"Ghatkopar, Mumbai - BMC",N,2026-04-16 00:00:00+05:30,37.3,32.9,77.1,1.18,7.99,15.5,1.88,0.312,-0.6018150231520484,-0.7986355100472928,0.9721181966290613,-0.23449138957040985
3409514,"Ghatkopar, Mumbai - BMC",N,2026-04-17 00:00:00+05:30,40.8,33.8,75.5,1.25,10.9,18.2,1.6,0.41,-0.5735764363510462,-0.8191520442889918,0.9679377830240642,-0.25119006388481935
3409514,"Ghatkopar, Mumbai - BMC",N,2026-04-18 00:00:00+05:30,42.8,35.4,71.2,1.29,14.3,26.0,1.97,0.449,-0.43837114678907746,-0.8987940462991669,0.9634705485641488,-0.2678143051621742
3409514,"Ghatkopar, Mumbai - BMC",N,2026-04-19 00:00:00+05:30,46.2,35.6,61.1,1.27,14.2,21.4,3.06,,-0.5591929034707467,-0.8290375725550417,0.9587178169872964,-0.2843591872810034
3409514,"Ghatkopar, Mumbai - BMC",N,2026-04-20 00:00:00+05:30,39.9,34.5,73.3,1.22,11.9,18.9,3.32,,-0.45399049973954664,-0.8910065241883679,0.9536809966304457,-0.30081980763566735
3409514,"Ghatkopar, Mumbai - BMC",N,2026-04-21 00:00:00+05:30,48.1,35.5,68.3,1.3,14.2,28.5,3.12,,-0.2588190451025208,-0.9659258262890683,0.9483615800121715,-0.3171912885891061
3409514,"Ghatkopar, Mumbai - BMC",N,2026-04-22 00:00:00+05:30,47.6,34.9,67.3,1.32,13.4,21.2,1.81,0.232,-0.46947156278589086,-0.8829475928589269,0.9427611433904207,-0.3334687789181868
3409514,"Ghatkopar, Mumbai - BMC",N,2026-04-23 00:00:00+05:30,46.8,35.6,59.9,1.34,13.3,33.0,2.28,,-0.5735764363510462,-0.8191520442889918,0.9368813462954315,-0.3496474552512284
3409514,"Ghatkopar, Mumbai - BMC",N,2026-04-24 00:00:00+05:30,45.2,36.9,63.8,1.39,17.6,28.7,2.51,,-0.5591929034707467,-0.8290375725550417,0.9307239310379795,-0.36572252349726897
3409514,"Ghatkopar, Mumbai - BMC",N,2026-04-25 00:00:00+05:30,50.5,36.8,61.3,1.18,21.1,30.3,4.07,,-0.052335956242943564,-0.9986295347545738,0.9242907221930933,-0.3816892202666588
3409514,"Ghatkopar, Mumbai - BMC",N,2026-04-26 00:00:00+05:30,47.9,36.2,70.8,1.21,9.08,16.9,6.46,0.177,-0.15643446504023073,-0.9876883405951378,0.9175836260593937,-0.39754281428255595
3409514,"Ghatkopar, Mumbai - BMC",N,2026-04-27 00:00:00+05:30,36.7,35.5,76.5,1.04,5.81,15.0,1.44,,0.20791169081775931,-0.9781476007338057,0.9106046300942162,-0.4132786077829042
3409514,"Ghatkopar, Mumbai - BMC",N,2026-04-28 00:00:00+05:30,40.8,35.2,77.5,1.33,5.71,14.4,2.56,0.191,-0.12186934340514731,-0.9925461516413221,0.9033558023246845,-0.4288919379124835
3409514,"Ghatkopar, Mumbai - BMC",N,2026-04-29 00:00:00+05:30,35.1,35.3,75.8,1.38,4.89,15.9,2.75,0.198,0.03489949670250114,-0.9993908270190958,0.895839290734909,-0.4443781781046132
3409514,"Ghatkopar, Mumbai - BMC",N,2026-04-30 00:00:00+05:30,34.3,35.4,75.6,0.959,5.53,13.5,4.71,0.248,0.06975647374412552,-0.9975640502598242,0.8880573226294932,-0.45973273945210397
3409514,"Ghatkopar, Mumbai - BMC",N,2026-05-01 00:00:00+05:30,32.3,35.6,73.4,1.01,4.82,14.1,5.3,0.26,0.3090169943749475,-0.9510565162951535,0.8800122039735357,-0.47495107206704995
3409514,"Ghatkopar, Mumbai - BMC",N,2026-05-02 00:00:00+05:30,34.9,35.7,73.4,1.03,4.68,13.5,4.24,0.231,0.5150380749100544,-0.8571673007021122,0.8717063187093218,-0.4900286664290592
3409514,"Ghatkopar, Mumbai - BMC",N,2026-05-03 00:00:00+05:30,34.2,35.9,73.1,0.989,4.17,16.0,3.29,0.279,0.5299192642332049,-0.848048096156426,0.8631421280499114,-0.5049610547215204
3409514,"Ghatkopar, Mumbai - BMC",N,2026-05-04 00:00:00+05:30,33.7,36.1,70.7,0.985,4.47,12.6,2.43,0.326,0.7313537016191706,-0.6819983600624984,0.854322169749827,-0.5197438121555155
3409514,"Ghatkopar, Mumbai - BMC",N,2026-05-05 00:00:00+05:30,29.4,36.3,69.7,1.36,4.22,22.5,9.89,0.284,0.5591929034707469,-0.8290375725550416,0.8452490573530633,-0.5343725582809786
3409514,"Ghatkopar, Mumbai - BMC",N,2026-05-06 00:00:00+05:30,34.2,38.2,60.4,1.82,7.18,28.6,0.859,0.534,-0.46947156278589086,-0.8829475928589269,0.8359254794186372,-0.548842958284719
3409514,"Ghatkopar, Mumbai - BMC",N,2026-05-07 00:00:00+05:30,33.0,36.3,72.0,1.37,6.54,27.1,2.78,0.44,-0.8660254037844385,-0.5000000000000004,0.8263541987239096,-0.5631507242749186
3409514,"Ghatkopar, Mumbai - BMC",N,2026-05-08 00:00:00+05:30,34.8,37.1,67.5,1.4,14.2,23.1,3.37,0.581,-0.6156614753256582,-0.788010753606722,0.8165380514459161,-0.5772916165517272
3409514,"Ghatkopar, Mumbai - BMC",N,2026-05-09 00:00:00+05:30,35.3,37.2,68.0,1.19,20.5,16.1,3.25,0.478,-0.32556815445715676,-0.9455185755993167,0.8064799463209448,-0.5912614448635781
3409514,"Ghatkopar, Mumbai - BMC",N,2026-05-10 00:00:00+05:30,44.5,36.7,67.2,1.4,24.2,19.3,2.55,0.707,-0.754709580222772,-0.6560590289905073,0.7961828637826158,-0.6050560696488488
3409514,"Ghatkopar, Mumbai - BMC",N,2026-05-11 00:00:00+05:30,32.1,37.3,65.4,1.14,14.5,13.2,3.3,0.473,-0.275637355816999,-0.9612616959383189,0.7856498550787147,-0.6186714032625031
3409514,"Ghatkopar, Mumbai - BMC",N,2026-05-12 00:00:00+05:30,28.4,36.3,72.4,1.36,13.8,5.32,1.44,0.454,-0.5000000000000001,-0.8660254037844386,0.7748840413670407,-0.6321034111873487
3409514,"Ghatkopar, Mumbai - BMC",N,2026-05-13 00:00:00+05:30,23.6,36.3,74.8,1.15,4.67,16.2,4.24,0.432,-0.4226182617406993,-0.90630778703665,0.7638886127905428,-0.6453481132295501
3409514,"Ghatkopar, Mumbai - BMC",N,2026-05-14 00:00:00+05:30,22.8,36.3,73.8,1.32,3.28,32.3,4.53,0.46,-0.4067366430758002,-0.9135454576426009,0.7526668275320085,-0.6584015846980488
3409514,"Ghatkopar, Mumbai - BMC",N,2026-05-15 00:00:00+05:30,23.2,36.3,72.5,1.44,3.33,36.8,2.72,0.476,-0.5150380749100542,-0.8571673007021123,0.7412220108485958,-0.6712599575675313
3409514,"Ghatkopar, Mumbai - BMC",N,2026-05-16 00:00:00+05:30,20.5,36.1,73.1,1.69,4.17,36.3,2.89,0.437,-0.7986355100472928,-0.6018150231520483,0.7295575540864875,-0.6839194216246106
3409514,"Ghatkopar, Mumbai - BMC",N,2026-05-17 00:00:00+05:30,20.3,36.3,73.6,1.54,1.62,39.2,0.985,0.444,-0.629320391049838,-0.7771459614569705,0.717676913675962,-0.6963762255968722
3409514,"Ghatkopar, Mumbai - BMC",N,2026-05-18 00:00:00+05:30,23.0,36.1,76.2,1.39,6.27,37.2,1.75,0.519,-0.5446390350150271,-0.838670567945424,0.705583610107178,-0.7086266782644596
3409514,"Ghatkopar, Mumbai - BMC",N,2026-05-19 00:00:00+05:30,22.1,35.5,74.0,1.23,5.11,35.5,2.27,0.388,-0.46947156278589086,-0.8829475928589269,0.6932812268869777,-0.7206671495538609
3409514,"Ghatkopar, Mumbai - BMC",N,2026-05-20 00:00:00+05:30,20.4,35.9,71.5,1.23,1.36,33.2,3.03,0.407,-0.12186934340514731,-0.9925461516413221,0.6807734094770161,-0.7324940716135789
3409514,"Ghatkopar, Mumbai - BMC",N,2026-05-21 00:00:00+05:30,17.6,36.5,69.8,1.4,0.783,32.9,2.63,0.426,-0.4067366430758002,-0.9135454576426009,0.6680638642135335,-0.7441039398713607
3409514,"Ghatkopar, Mumbai - BMC",N,2026-05-22 00:00:00+05:30,18.9,36.8,73.0,1.17,6.56,32.7,1.86,0.468,-0.0348994967025009,-0.9993908270190958,0.6551563572090853,-0.7554933140726803
3409514,"Ghatkopar, Mumbai - BMC",N,2026-05-23 00:00:00+05:30,20.3,37.0,73.8,1.27,1.94,32.9,2.43,0.466,0.01745240643728344,-0.9998476951563913,0.6420547132365637,-0.766658819300159
3409514,"Ghatkopar, Mumbai - BMC",N,2026-05-24 00:00:00+05:30,16.9,37.5,70.8,1.36,2.28,38.8,2.68,0.439,-0.4067366430758002,-0.9135454576426009,0.6287628145958344,-0.7775971469736269
3409514,"Ghatkopar, Mumbai - BMC",N,2026-05-25 00:00:00+05:30,16.0,37.1,72.1,1.52,10.6,44.9,2.75,0.461,-0.5299192642332048,-0.8480480961564261,0.6152845999633276,-0.7883050558305255
3409514,"Ghatkopar, Mumbai - BMC",N,2026-05-26 00:00:00+05:30,16.3,37.0,71.3,1.38,7.37,40.8,3.22,0.432,-0.374606593415912,-0.9271838545667874,0.6016240632249226,-0.7987793728863649
3409514,"Ghatkopar, Mumbai - BMC",N,2026-05-27 00:00:00+05:30,17.5,36.7,69.0,1.47,6.02,40.3,2.25,0.457,-0.43837114678907746,-0.8987940462991669,0.5877852522924732,-0.8090169943749473
3409514,"Ghatkopar, Mumbai - BMC",N,2026-05-28 00:00:00+05:30,18.4,37.2,65.6,1.44,4.04,39.9,4.56,0.471,-0.43837114678907746,-0.8987940462991669,0.5737722679043246,-0.8190148866680801
3409514,"Ghatkopar, Mumbai - BMC",N,2026-05-29 00:00:00+05:30,20.6,37.1,66.5,1.24,,36.7,2.46,0.408,-0.4067366430758002,-0.9135454576426009,0.5595892624101765,-0.8287700871745038
3409514,"Ghatkopar, Mumbai - BMC",N,2026-05-30 00:00:00+05:30,21.2,37.7,67.1,1.39,,36.8,1.71,0.459,-0.4067366430758002,-0.9135454576426009,0.545240438540651,-0.8382797052177744
3409514,"Ghatkopar, Mumbai - BMC",N,2026-05-31 00:00:00+05:30,21.4,36.9,71.3,1.36,18.3,35.4,3.13,0.501,-0.12186934340514731,-0.9925461516413221,0.5307300481619334,-0.8475409228928311
3409514,"Ghatkopar, Mumbai - BMC",N,2026-06-01 00:00:00+05:30,19.0,37.1,68.6,1.33,23.4,35.0,1.96,0.42,-0.15643446504023073,-0.9876883405951378,0.5160623910158528,-0.8565509959010036
3409514,"Ghatkopar, Mumbai - BMC",N,2026-06-02 00:00:00+05:30,22.4,36.8,69.9,1.12,28.7,34.9,2.07,0.48,-0.29237170472273677,-0.9563047559630354,0.5012418134457758,-0.865307254363206
3409514,"Ghatkopar, Mumbai - BMC",N,2026-06-03 00:00:00+05:30,27.0,35.8,70.2,1.1,13.1,36.7,4.02,0.617,-0.0348994967025009,-0.9993908270190958,0.48627270710868997,-0.8738071036110808
3409514,"Ghatkopar, Mumbai - BMC",N,2026-06-04 00:00:00+05:30,23.6,36.8,69.2,1.13,18.5,34.7,3.57,0.438,0.258819045102521,-0.9659258262890682,0.4711595076738638,-0.8820480249558537
3409514,"Ghatkopar, Mumbai - BMC",N,2026-06-05 00:00:00+05:30,23.7,37.2,71.9,1.35,22.7,33.7,1.88,0.47,-0.35836794954530043,-0.9335804264972017,0.4559066935084588,-0.8900275764346767
3409514,"Ghatkopar, Mumbai - BMC",N,2026-06-06 00:00:00+05:30,20.2,37.7,67.6,1.44,24.7,32.0,1.5,0.483,-0.48480962024633695,-0.8746197071393959,0.440518784350495,-0.8977433935342337
3409514,"Ghatkopar, Mumbai - BMC",N,2026-06-07 00:00:00+05:30,22.2,37.7,68.4,1.52,,33.1,2.23,0.436,-0.4226182617406993,-0.90630778703665,0.42500033996955416,-0.9051931898913974
3409514,"Ghatkopar, Mumbai - BMC",N,2026-06-08 00:00:00+05:30,22.9,37.6,68.1,1.52,,33.8,4.3,0.469,-0.374606593415912,-0.9271838545667874,0.4093559588156213,-0.9123747579707273
3409514,"Ghatkopar, Mumbai - BMC",N,2026-06-09 00:00:00+05:30,,37.4,69.9,1.65,,43.7,11.7,0.699,-0.39073112848927355,-0.9205048534524404,0.39359027665646673,-0.9192859697186104
3409514,"Ghatkopar, Mumbai - BMC",N,2026-06-10 00:00:00+05:30,43.1,35.4,69.6,1.48,25.9,22.6,2.01,0.448,-0.32556815445715676,-0.9455185755993167,0.3777079652039649,-0.9259247771938498
3409514,"Ghatkopar, Mumbai - BMC",N,2026-06-11 00:00:00+05:30,34.7,37.4,,1.37,12.5,24.5,0.679,0.479,-0.374606593415912,-0.9271838545667874,0.36171373072976765,-0.9322892131745133
3409514,"Ghatkopar, Mumbai - BMC",N,2026-06-12 00:00:00+05:30,28.9,37.5,68.5,1.31,17.2,23.1,0.96,0.509,-0.374606593415912,-0.9271838545667874,0.3456123126707335,-0.9383773917408641
3409514,"Ghatkopar, Mumbai - BMC",N,2026-06-13 00:00:00+05:30,37.7,37.3,68.0,1.65,15.2,23.9,0.503,0.431,-0.374606593415912,-0.9271838545667874,0.3294084822245304,-0.9441875088341993
3409514,"Ghatkopar, Mumbai - BMC",N,2026-06-14 00:00:00+05:30,32.6,37.2,65.9,1.8,21.0,25.5,0.809,0.445,-0.4067366430758002,-0.9135454576426009,0.3131070409358269,-0.9497178427914316
3409514,"Ghatkopar, Mumbai - BMC",N,2026-06-15 00:00:00+05:30,26.7,37.2,65.7,1.67,18.9,22.8,0.387,0.408,-0.39073112848927355,-0.9205048534524404,0.29671281927349075,-0.9549667548552551
3409514,"Ghatkopar, Mumbai - BMC",N,2026-06-16 00:00:00+05:30,27.2,36.9,66.5,1.42,21.2,23.3,1.85,0.458,-0.4226182617406993,-0.90630778703665,0.28023067519921585,-0.9599326896597447
3409514,"Ghatkopar, Mumbai - BMC",N,2026-06-17 00:00:00+05:30,31.9,36.6,66.0,1.43,29.6,21.3,1.61,0.438,-0.374606593415912,-0.9271838545667874,0.26366549272800704,-0.9646141756912435
3409514,"Ghatkopar, Mumbai - BMC",N,2026-06-18 00:00:00+05:30,41.2,36.7,64.8,1.31,25.1,22.0,1.38,0.455,-0.39073112848927355,-0.9205048534524404,0.24702218048093552,-0.9690098257244062
3409514,"Ghatkopar, Mumbai - BMC",N,2026-06-19 00:00:00+05:30,30.2,36.4,64.8,1.08,55.3,20.8,1.3,0.452,-0.22495105434386498,-0.9743700647852352,0.23030567023061221,-0.9731183372332619
3409514,"Ghatkopar, Mumbai - BMC",N,2026-06-20 00:00:00+05:30,26.5,36.1,67.3,1.27,,20.8,1.03,0.475,-0.6018150231520484,-0.7986355100472928,0.21352091543979612,-0.9769384927771817
3409514,"Ghatkopar, Mumbai - BMC",N,2026-06-21 00:00:00+05:30,52.3,35.3,76.9,1.2,22.2,20.3,0.686,0.524,-0.5299192642332048,-0.8480480961564261,0.19667288979357647,-0.980469160361632
3409514,"Ghatkopar, Mumbai - BMC",N,2026-06-22 00:00:00+05:30,,34.3,88.0,1.03,16.4,20.6,2.03,0.44,0.3420201433256689,-0.9396926207859083,0.1797665857255624,-0.9837092937736097
3409514,"Ghatkopar, Mumbai - BMC",N,2026-06-23 00:00:00+05:30,,32.2,98.5,1.4,26.3,22.1,0.121,0.641,0.9743700647852352,-0.22495105434386503,0.16280701293851715,-0.986657932891657
3409514,"Ghatkopar, Mumbai - BMC",N,2026-06-25 00:00:00+05:30,16.6,32.8,99.2,0.649,21.6,24.7,0.592,0.602,-0.9396926207859084,-0.34202014332566855,0.12874817745258132,-0.99167731989929
3409514,"Ghatkopar, Mumbai - BMC",N,2026-06-26 00:00:00+05:30,18.3,12.1,74.3,1.01,20.7,25.1,0.94,0.474,-0.17364817766693047,-0.984807753012208,0.11165900712169512,-0.993746580436178
3409514,"Ghatkopar, Mumbai - BMC",N,2026-06-27 00:00:00+05:30,21.9,,66.5,1.2,21.2,27.0,1.11,0.495,-0.12186934340514731,-0.9925461516413221,0.09453674981719912,-0.9955213724144752
3409514,"Ghatkopar, Mumbai - BMC",N,2026-06-28 00:00:00+05:30,51.5,,71.3,1.17,17.7,28.2,0.085,0.462,0.0871557427476582,-0.9961946980917455,0.07738647923346301,-0.9970011699250151
3409514,"Ghatkopar, Mumbai - BMC",N,2026-06-29 00:00:00+05:30,18.4,0.7,71.6,1.26,17.8,26.8,2.97,0.449,0.4226182617406995,-0.9063077870366499,0.06021327736579302,-0.9981855344718586
3409514,"Ghatkopar, Mumbai - BMC",N,2026-06-30 00:00:00+05:30,12.4,0.787,52.3,1.2,18.3,29.3,0.257,0.483,0.9205048534524403,-0.3907311284892738,0.04302223300453059,-0.99907411510223
3409514,"Ghatkopar, Mumbai - BMC",N,2026-07-01 00:00:00+05:30,4.61,16.6,36.4,1.04,10.9,35.4,0.387,0.503,0.37460659341591224,-0.9271838545667873,0.02581844022713308,-0.9996666485105112
3409514,"Ghatkopar, Mumbai - BMC",N,2026-07-02 00:00:00+05:30,7.78,7.08,74.0,1.05,19.0,26.1,0.782,0.549,0.17364817766693028,-0.984807753012208,0.008606996888688698,-0.9999629591162655
3409514,"Ghatkopar, Mumbai - BMC",N,2026-07-03 00:00:00+05:30,9.65,7.33,94.5,1.17,14.1,24.1,0.692,0.537,-0.08715574274765794,-0.9961946980917455,-0.008606996888688009,-0.9999629591162655
3409514,"Ghatkopar, Mumbai - BMC",N,2026-07-04 00:00:00+05:30,11.4,30.2,93.1,0.994,11.1,24.7,0.624,0.514,-0.0348994967025009,-0.9993908270190958,-0.02581844022713239,-0.9996666485105112
3409514,"Ghatkopar, Mumbai - BMC",N,2026-07-05 00:00:00+05:30,10.1,30.3,90.6,1.35,6.3,26.3,0.136,0.424,-0.12186934340514731,-0.9925461516413221,-0.04302223300453034,-0.99907411510223
3409514,"Ghatkopar, Mumbai - BMC",N,2026-07-06 00:00:00+05:30,10.9,37.0,90.7,2.0,4.29,28.9,4.1,0.429,-0.46947156278589086,-0.8829475928589269,-0.060213277365792774,-0.9981855344718586
3409514,"Ghatkopar, Mumbai - BMC",N,2026-07-07 00:00:00+05:30,8.45,32.9,97.2,1.69,1.99,30.0,0.954,0.388,-0.45399049973954664,-0.8910065241883679,-0.07738647923346322,-0.9970011699250151
3409514,"Ghatkopar, Mumbai - BMC",N,2026-07-08 00:00:00+05:30,12.8,31.3,95.7,1.41,5.02,30.0,1.21,0.616,-0.374606593415912,-0.9271838545667874,-0.09453674981719933,-0.9955213724144752
3409514,"Ghatkopar, Mumbai - BMC",N,2026-07-09 00:00:00+05:30,12.3,29.8,98.6,0.985,3.57,30.0,1.15,0.454,-0.5150380749100542,-0.8571673007021123,-0.11165900712169444,-0.9937465804361781
3409514,"Ghatkopar, Mumbai - BMC",N,2026-07-10 00:00:00+05:30,12.3,29.9,98.7,1.11,4.29,30.0,0.155,0.43,-0.587785252292473,-0.8090169943749475,-0.12874817745258066,-0.99167731989929
3409514,"Ghatkopar, Mumbai - BMC",N,2026-07-11 00:00:00+05:30,12.7,30.2,98.9,1.17,12.4,30.0,1.2,0.384,-0.46947156278589086,-0.8829475928589269,-0.14579919691987442,-0.9893142039703664
3409514,"Ghatkopar, Mumbai - BMC",N,2026-07-12 00:00:00+05:30,16.1,30.3,98.8,0.608,2.27,30.1,1.49,0.384,-0.2419218955996675,-0.9702957262759965,-0.16280701293851646,-0.9866579328916572
3409514,"Ghatkopar, Mumbai - BMC",N,2026-07-13 00:00:00+05:30,24.3,30.4,91.2,0.672,3.18,30.0,0.264,0.438,-0.46947156278589086,-0.8829475928589269,-0.17976658572556214,-0.9837092937736098
3409514,"Ghatkopar, Mumbai - BMC",N,2026-07-14 00:00:00+05:30,26.5,30.6,90.9,0.949,3.93,30.0,0.848,0.475,-0.5446390350150271,-0.838670567945424,-0.19667288979357622,-0.9804691603616321
3409514,"Ghatkopar, Mumbai - BMC",N,2026-07-15 00:00:00+05:30,18.0,30.8,99.0,0.91,9.54,30.0,0.725,0.452,-0.5446390350150271,-0.838670567945424,-0.2135209154397959,-0.9769384927771817
3409514,"Ghatkopar, Mumbai - BMC",N,2026-07-16 00:00:00+05:30,14.6,28.8,99.1,1.01,7.2,30.0,1.24,0.367,-0.5000000000000001,-0.8660254037844386,-0.23030567023061196,-0.973118337233262
3409514,"Ghatkopar, Mumbai - BMC",N,2026-07-17 00:00:00+05:30,13.0,28.2,99.2,1.13,10.5,30.0,0.366,0.494,-0.5299192642332048,-0.8480480961564261,-0.24702218048093527,-0.9690098257244063
3409514,"Ghatkopar, Mumbai - BMC",N,2026-07-18 00:00:00+05:30,10.5,28.0,99.1,1.21,11.7,30.0,0.638,0.406,-0.5150380749100542,-0.8571673007021123,-0.2636654927280072,-0.9646141756912435
3409514,"Ghatkopar, Mumbai - BMC",N,2026-07-19 00:00:00+05:30,7.98,28.0,99.2,1.07,6.81,30.0,0.271,0.441,-0.2419218955996675,-0.9702957262759965,-0.2802306751992161,-0.9599326896597445
3409514,"Ghatkopar, Mumbai - BMC",N,2026-07-20 00:00:00+05:30,8.84,28.0,99.2,1.07,7.0,30.0,0.41,0.492,-0.45399049973954664,-0.8910065241883679,-0.2967128192734901,-0.9549667548552553
3409514,"Ghatkopar, Mumbai - BMC",N,2026-07-21 00:00:00+05:30,7.38,27.9,99.3,0.997,6.85,30.0,1.86,0.473,-0.587785252292473,-0.8090169943749475,-0.3131070409358267,-0.9497178427914317
3409514,"Ghatkopar, Mumbai - BMC",N,2026-07-22 00:00:00+05:30,6.51,28.4,94.9,0.949,6.54,24.9,4.81,0.443,-0.5000000000000001,-0.8660254037844386,-0.3294084822245302,-0.9441875088341994
3409514,"Ghatkopar, Mumbai - BMC",N,2026-07-23 00:00:00+05:30,7.98,28.2,99.2,0.754,6.74,12.3,2.42,0.467,-0.4226182617406993,-0.90630778703665,-0.3456123126707333,-0.9383773917408642
3409514,"Ghatkopar, Mumbai - BMC",N,2026-07-24 00:00:00+05:30,5.64,29.0,99.2,0.929,6.91,12.3,1.74,0.413,-0.587785252292473,-0.8090169943749475,-0.3617137307297674,-0.9322892131745134
3409514,"Ghatkopar, Mumbai - BMC",N,2026-07-25 00:00:00+05:30,7.3,28.4,99.2,1.08,3.91,11.0,1.09,0.392,-0.6018150231520484,-0.7986355100472928,-0.37770796520396466,-0.9259247771938499
3409514,"Ghatkopar, Mumbai - BMC",N,2026-07-27 00:00:00+05:30,15.4,32.2,99.2,1.23,6.02,8.89,2.44,0.606,-0.5735764363510462,-0.8191520442889918,-0.4093559588156211,-0.9123747579707274
3409514,"Ghatkopar, Mumbai - BMC",N,2026-07-28 00:00:00+05:30,15.4,32.6,99.1,1.23,4.6,8.13,0.437,0.384,-0.48480962024633695,-0.8746197071393959,-0.42500033996955394,-0.9051931898913975
3409514,"Ghatkopar, Mumbai - BMC",N,2026-07-29 00:00:00+05:30,14.3,33.4,99.1,1.42,3.18,8.13,2.44,0.438,-0.587785252292473,-0.8090169943749475,-0.4405187843504952,-0.8977433935342336
3409514,"Ghatkopar, Mumbai - BMC",N,2026-07-30 00:00:00+05:30,14.5,33.8,99.2,1.6,3.44,7.89,1.34,0.451,-0.6018150231520484,-0.7986355100472928,-0.455906693508459,-0.8900275764346766
3409514,"Ghatkopar, Mumbai - BMC",N,2026-07-31 00:00:00+05:30,12.2,32.8,99.2,1.55,3.97,8.05,1.01,0.49,-0.6018150231520484,-0.7986355100472928,-0.47115950767386394,-0.8820480249558535
3409514,"Ghatkopar, Mumbai - BMC",N,2026-08-01 00:00:00+05:30,14.7,32.4,99.1,1.3,4.16,8.44,0.726,0.365,-0.587785252292473,-0.8090169943749475,-0.4862727071086902,-0.8738071036110807
3409514,"Ghatkopar, Mumbai - BMC",N,2026-08-03 00:00:00+05:30,13.1,31.0,99.1,1.4,7.98,7.5,1.77,0.536,-0.5735764363510462,-0.8191520442889918,-0.5160623910158526,-0.8565509959010037
3409514,"Ghatkopar, Mumbai - BMC",N,2026-08-04 00:00:00+05:30,15.8,30.9,99.1,1.39,5.8,8.12,2.23,0.55,-0.5591929034707467,-0.8290375725550417,-0.5307300481619331,-0.8475409228928312
3409514,"Ghatkopar, Mumbai - BMC",N,2026-08-05 00:00:00+05:30,17.8,31.0,99.2,0.85,8.54,7.66,3.76,0.489,-0.13917310096006552,-0.9902680687415703,-0.5452404385406507,-0.8382797052177745
3409514,"Ghatkopar, Mumbai - BMC",N,2026-08-06 00:00:00+05:30,13.9,30.4,99.2,1.29,6.91,8.5,1.01,0.429,-0.5000000000000001,-0.8660254037844386,-0.5595892624101763,-0.828770087174504
3409514,"Ghatkopar, Mumbai - BMC",N,2026-08-07 00:00:00+05:30,13.6,30.1,99.1,1.43,7.87,8.53,2.02,0.462,-0.5735764363510462,-0.8191520442889918,-0.5737722679043243,-0.8190148866680802
3409514,"Ghatkopar, Mumbai - BMC",N,2026-08-08 00:00:00+05:30,11.1,29.8,99.1,1.37,5.88,7.58,2.77,0.458,-0.5735764363510462,-0.8191520442889918,-0.5877852522924734,-0.8090169943749472
3409514,"Ghatkopar, Mumbai - BMC",N,2026-08-10 00:00:00+05:30,12.1,31.4,99.1,1.3,7.7,8.24,1.55,0.582,-0.5000000000000001,-0.8660254037844386,-0.6152845999633277,-0.7883050558305253
3409514,"Ghatkopar, Mumbai - BMC",N,2026-08-11 00:00:00+05:30,9.89,30.5,99.1,1.08,7.87,6.97,4.36,0.471,-0.48480962024633695,-0.8746197071393959,-0.6287628145958345,-0.7775971469736268
3409514,"Ghatkopar, Mumbai - BMC",N,2026-08-12 00:00:00+05:30,10.9,31.5,99.2,1.23,9.8,4.86,0.906,0.494,-0.6427876096865393,-0.766044443118978,-0.6420547132365636,-0.7666588193001592
3409514,"Ghatkopar, Mumbai - BMC",N,2026-08-13 00:00:00+05:30,14.1,31.0,99.2,0.916,6.38,4.83,1.77,0.535,-0.374606593415912,-0.9271838545667874,-0.655156357209085,-0.7554933140726804
3409514,"Ghatkopar, Mumbai - BMC",N,2026-08-14 00:00:00+05:30,13.6,30.9,99.2,1.03,8.48,4.56,1.47,0.471,-0.5150380749100542,-0.8571673007021123,-0.6680638642135333,-0.7441039398713608
3409514,"Ghatkopar, Mumbai - BMC",N,2026-08-15 00:00:00+05:30,13.9,30.6,99.2,1.03,81.8,4.49,0.743,0.494,0.2923717047227366,-0.9563047559630355,-0.6807734094770159,-0.7324940716135792
3409514,"Ghatkopar, Mumbai - BMC",N,2026-08-16 00:00:00+05:30,14.5,30.9,99.2,0.996,3.13,4.88,1.89,0.435,-0.34202014332566866,-0.9396926207859084,-0.6932812268869771,-0.7206671495538615
3409514,"Ghatkopar, Mumbai - BMC",N,2026-08-17 00:00:00+05:30,10.4,32.8,99.3,0.956,7.52,4.81,4.16,0.539,-0.7071067811865475,-0.7071067811865477,-0.7055836101071774,-0.70862667826446
3409514,"Ghatkopar, Mumbai - BMC",N,2026-08-18 00:00:00+05:30,13.7,32.3,99.2,1.29,11.2,4.45,2.54,0.412,-0.6018150231520484,-0.7986355100472928,-0.7176769136759615,-0.6963762255968726
3409514,"Ghatkopar, Mumbai - BMC",N,2026-08-19 00:00:00+05:30,14.3,34.1,99.2,1.35,8.59,5.06,2.09,0.426,-0.587785252292473,-0.8090169943749475,-0.7295575540864876,-0.6839194216246105
3409514,"Ghatkopar, Mumbai - BMC",N,2026-08-20 00:00:00+05:30,15.0,34.8,99.2,1.46,4.09,4.59,1.09,0.426,-0.6691306063588582,-0.7431448254773942,-0.7412220108485957,-0.6712599575675315
3409514,"Ghatkopar, Mumbai - BMC",N,2026-08-21 00:00:00+05:30,12.4,33.9,99.1,1.45,4.14,4.33,0.145,0.36,-0.6691306063588582,-0.7431448254773942,-0.7526668275320083,-0.6584015846980489
3409514,"Ghatkopar, Mumbai - BMC",N,2026-08-22 00:00:00+05:30,21.4,33.3,99.2,1.35,4.43,5.1,5.7,0.46,-0.5150380749100542,-0.8571673007021123,-0.7638886127905429,-0.64534811322955
3409514,"Ghatkopar, Mumbai - BMC",N,2026-08-23 00:00:00+05:30,17.2,33.1,99.2,1.08,4.22,4.63,1.49,0.416,-0.6427876096865393,-0.766044443118978,-0.7748840413670406,-0.6321034111873488
3409514,"Ghatkopar, Mumbai - BMC",N,2026-08-24 00:00:00+05:30,14.9,33.8,99.2,1.04,6.14,4.7,1.38,0.47,-0.5446390350150271,-0.838670567945424,-0.7856498550787144,-0.6186714032625032
3409514,"Ghatkopar, Mumbai - BMC",N,2026-08-25 00:00:00+05:30,18.4,32.5,99.2,1.28,7.0,4.89,0.967,,-0.6427876096865393,-0.766044443118978,-0.7961828637826154,-0.6050560696488494
3409514,"Ghatkopar, Mumbai - BMC",N,2026-08-26 00:00:00+05:30,15.0,32.0,99.2,1.36,5.24,4.75,1.68,,-0.629320391049838,-0.7771459614569705,-0.8064799463209447,-0.5912614448635782
3409514,"Ghatkopar, Mumbai - BMC",N,2026-08-27 00:00:00+05:30,13.6,31.7,99.2,1.34,2.78,4.94,1.53,0.365,-0.6156614753256582,-0.788010753606722,-0.8165380514459157,-0.5772916165517278
3409514,"Ghatkopar, Mumbai - BMC",N,2026-08-28 00:00:00+05:30,9.49,31.6,99.3,1.31,2.01,7.94,2.22,0.39,-0.629320391049838,-0.7771459614569705,-0.8263541987239094,-0.5631507242749187
3409514,"Ghatkopar, Mumbai - BMC",N,2026-08-29 00:00:00+05:30,6.11,31.6,99.2,1.36,1.49,4.31,2.38,0.361,-0.6819983600624984,-0.7313537016191706,-0.8359254794186365,-0.5488429582847199
3409514,"Ghatkopar, Mumbai - BMC",N,2026-08-30 00:00:00+05:30,11.4,31.8,99.1,1.41,1.67,4.08,1.41,,-0.656059028990507,-0.7547095802227721,-0.8452490573530634,-0.5343725582809785
3409514,"Ghatkopar, Mumbai - BMC",N,2026-08-31 00:00:00+05:30,12.1,31.7,98.1,1.44,9.86,4.57,0.716,0.395,-0.656059028990507,-0.7547095802227721,-0.8543221697498269,-0.5197438121555157
3409514,"Ghatkopar, Mumbai - BMC",N,2026-09-01 00:00:00+05:30,12.4,31.3,99.1,1.23,4.06,4.89,2.05,0.416,-0.6427876096865393,-0.766044443118978,-0.8631421280499115,-0.5049610547215202
3409514,"Ghatkopar, Mumbai - BMC",N,2026-09-02 00:00:00+05:30,11.4,31.3,99.2,1.04,13.5,4.53,2.29,0.434,-0.6156614753256582,-0.788010753606722,-0.8717063187093217,-0.4900286664290594
3409514,"Ghatkopar, Mumbai - BMC",N,2026-09-03 00:00:00+05:30,13.6,31.3,99.2,1.25,13.5,4.51,3.37,0.489,-0.5150380749100542,-0.8571673007021123,-0.8800122039735356,-0.4749510720670502
3409514,"Ghatkopar, Mumbai - BMC",N,2026-09-04 00:00:00+05:30,19.7,31.2,99.0,1.14,10.3,4.29,9.97,0.351,-0.6691306063588582,-0.7431448254773942,-0.888057322629493,-0.4597327394521046
3409514,"Ghatkopar, Mumbai - BMC",N,2026-09-05 00:00:00+05:30,20.6,31.0,99.2,1.2,2.23,3.68,1.43,0.419,-0.6819983600624984,-0.7313537016191706,-0.8958392907349089,-0.4443781781046134
3409514,"Ghatkopar, Mumbai - BMC",N,2026-09-06 00:00:00+05:30,20.6,31.0,99.2,1.24,,3.61,2.0,0.494,-0.39073112848927355,-0.9205048534524404,-0.9033558023246842,-0.4288919379124841
3409514,"Ghatkopar, Mumbai - BMC",N,2026-09-07 00:00:00+05:30,18.0,30.6,99.2,1.12,0.16,3.93,,0.43,-0.8090169943749473,-0.5877852522924732,-0.9106046300942162,-0.41327860778290443
3409514,"Ghatkopar, Mumbai - BMC",N,2026-09-08 00:00:00+05:30,15.5,30.8,90.9,1.39,0.33,4.31,1.65,0.42,-0.6427876096865393,-0.766044443118978,-0.9175836260593934,-0.3975428142825566
3409514,"Ghatkopar, Mumbai - BMC",N,2026-09-09 00:00:00+05:30,17.8,32.3,91.3,1.31,7.84,3.47,0.276,0.432,-0.656059028990507,-0.7547095802227721,-0.9242907221930934,-0.3816892202666586
3409514,"Ghatkopar, Mumbai - BMC",N,2026-09-10 00:00:00+05:30,22.5,30.8,99.2,0.918,6.09,3.48,1.67,0.56,-0.7193398003386512,-0.6946583704589973,-0.9307239310379793,-0.3657225234972692
3409514,"Ghatkopar, Mumbai - BMC",N,2026-09-11 00:00:00+05:30,29.4,30.3,98.9,1.21,16.9,3.46,1.96,0.599,-0.46947156278589086,-0.8829475928589269,-0.9368813462954315,-0.34964745525122826
3409514,"Ghatkopar, Mumbai - BMC",N,2026-09-12 00:00:00+05:30,20.3,29.7,99.2,1.24,13.9,3.41,0.3,0.51,-0.7771459614569706,-0.6293203910498378,-0.9427611433904206,-0.33346877891818705
3409514,"Ghatkopar, Mumbai - BMC",N,2026-09-13 00:00:00+05:30,21.1,29.5,99.2,0.953,10.5,3.53,2.08,0.489,0.3090169943749475,-0.9510565162951535,-0.9483615800121716,-0.31719128858910595
3409514,"Ghatkopar, Mumbai - BMC",N,2026-09-14 00:00:00+05:30,20.9,30.0,99.2,0.999,10.8,3.54,0.322,0.559,-0.43837114678907746,-0.8987940462991669,-0.9536809966304455,-0.300819807635668
3409514,"Ghatkopar, Mumbai - BMC",N,2026-09-15 00:00:00+05:30,29.4,30.7,99.3,1.13,19.0,3.45,1.89,0.535,0.999925369660452,-0.012217000835247235,-0.9587178169872964,-0.2843591872810036
3409514,"Ghatkopar, Mumbai - BMC",N,2026-09-16 00:00:00+05:30,23.9,30.0,99.2,1.14,10.8,3.48,0.119,0.605,-0.2419218955996675,-0.9702957262759965,-0.9634705485641486,-0.26781430516217486
3409514,"Ghatkopar, Mumbai - BMC",N,2026-09-17 00:00:00+05:30,26.4,30.0,98.7,1.1,7.09,3.42,0.304,0.469,-0.15643446504023073,-0.9876883405951378,-0.9679377830240642,-0.25119006388481957
