ward_code,date,pm25,temperature,relativehumidity,wind_speed,wind_direction,no2,o3,so2,co
E,2025-10-11 00:00:00+05:30,64.8,28.1,67.3,1.11,158.0,41.6,42.5,2.1,0.16
E,2025-10-12 00:00:00+05:30,63.0,28.2,66.3,1.05,140.0,38.7,42.5,2.8,0.324
E,2025-10-13 00:00:00+05:30,63.0,28.2,66.6,1.07,105.0,43.3,43.9,2.92,0.318
E,2025-10-14 00:00:00+05:30,62.2,28.0,66.1,1.12,127.0,44.6,45.4,2.84,0.315
E,2025-10-15 00:00:00+05:30,63.3,28.2,68.2,1.04,163.0,53.4,36.6,2.8,0.396
E,2025-10-16 00:00:00+05:30,46.6,29.3,69.9,1.0,201.0,44.1,35.5,3.06,0.191
E,2025-10-17 00:00:00+05:30,40.6,29.9,64.5,0.938,238.0,38.6,42.1,3.51,0.201
E,2025-10-18 00:00:00+05:30,61.0,29.5,64.0,1.05,156.0,40.8,45.1,4.06,0.202
E,2025-10-19 00:00:00+05:30,83.6,29.4,63.6,1.05,153.0,37.6,48.9,5.1,0.207
E,2025-10-20 00:00:00+05:30,110.0,28.4,71.3,1.04,147.0,37.9,39.9,6.13,0.334
E,2025-10-21 00:00:00+05:30,117.0,29.1,65.6,0.914,205.0,31.0,39.1,7.34,0.123
E,2025-10-22 00:00:00+05:30,48.8,29.4,67.2,1.04,195.0,28.8,32.0,7.36,0.228
E,2025-10-23 00:00:00+05:30,53.9,29.9,66.9,0.897,258.0,35.5,25.5,7.5,0.0993
E,2025-10-24 00:00:00+05:30,20.3,29.2,70.8,1.03,219.00000000000003,27.5,22.4,6.76,0.11
E,2025-10-25 00:00:00+05:30,12.1,27.9,76.8,0.936,285.0,28.6,12.1,6.49,0.239
E,2025-10-26 00:00:00+05:30,8.6,27.4,76.0,1.0,280.0,25.8,8.89,6.57,0.133
E,2025-10-27 00:00:00+05:30,11.5,27.7,77.7,,,26.4,15.1,6.72,0.232
E,2025-10-28 00:00:00+05:30,25.0,27.9,75.7,,,30.7,16.5,6.31,0.297
E,2025-10-29 00:00:00+05:30,29.1,28.8,70.0,,,31.0,20.9,6.39,0.222
E,2025-10-30 00:00:00+05:30,16.0,26.9,79.0,,,27.1,20.4,6.63,0.21
E,2025-10-31 00:00:00+05:30,18.0,26.8,81.8,,,33.3,12.1,6.49,0.31
E,2025-11-01 00:00:00+05:30,16.3,27.7,81.8,,,27.5,16.3,7.01,0.309
E,2025-11-02 00:00:00+05:30,11.8,26.3,85.2,,,25.4,12.8,7.04,0.108
E,2025-11-03 00:00:00+05:30,12.0,27.3,79.8,,,23.2,16.5,7.27,0.264
E,2025-11-04 00:00:00+05:30,15.4,27.7,76.4,,,17.2,28.8,7.65,0.118
E,2025-11-05 00:00:00+05:30,17.2,26.4,73.1,0.902,80.1,21.5,24.7,8.07,0.16
E,2025-11-06 00:00:00+05:30,34.3,26.6,73.9,,,31.3,38.3,9.0,0.223
E,2025-11-07 00:00:00+05:30,53.6,27.5,68.8,,147.0,42.7,42.0,10.2,0.381
E,2025-11-08 00:00:00+05:30,40.5,27.0,65.6,,131.0,48.1,34.7,10.2,0.188
E,2025-11-09 00:00:00+05:30,37.9,25.9,62.4,,96.2,44.2,32.0,9.66,0.119
E,2025-11-10 00:00:00+05:30,38.5,23.8,73.3,,115.0,60.5,9.72,9.77,0.503
E,2025-11-11 00:00:00+05:30,25.2,25.8,65.5,,147.0,46.3,30.3,16.2,0.938
E,2025-11-12 00:00:00+05:30,30.8,26.3,54.9,0.887,243.99999999999997,67.7,21.7,11.7,1.2
E,2025-11-13 00:00:00+05:30,34.0,26.6,54.0,0.953,193.0,60.0,25.9,12.1,0.9
E,2025-11-14 00:00:00+05:30,37.4,26.6,58.5,0.898,197.0,72.0,26.3,11.8,0.945
E,2025-11-15 00:00:00+05:30,38.1,22.7,72.7,,116.0,96.7,1.5,11.5,1.14
E,2025-11-16 00:00:00+05:30,27.2,23.9,61.8,1.02,149.0,75.1,19.6,13.9,1.13
E,2025-11-17 00:00:00+05:30,37.1,25.3,53.2,0.763,223.0,62.5,24.1,14.3,0.848
E,2025-11-18 00:00:00+05:30,43.4,22.9,59.4,0.85,243.99999999999997,78.1,16.2,15.6,1.19
E,2025-11-19 00:00:00+05:30,40.7,25.6,53.7,0.796,262.0,70.5,20.1,16.1,1.01
E,2025-11-20 00:00:00+05:30,43.7,25.1,54.0,0.837,218.0,102.0,19.9,12.8,0.0
E,2025-11-21 00:00:00+05:30,58.1,22.9,63.2,0.46,142.0,88.5,4.53,12.5,0.88
E,2025-11-22 00:00:00+05:30,54.8,28.1,58.5,0.994,208.0,93.6,33.2,15.4,1.43
E,2025-11-23 00:00:00+05:30,88.1,26.6,71.1,0.875,176.0,94.8,19.4,14.7,1.38
E,2025-11-24 00:00:00+05:30,68.6,27.1,70.9,1.06,161.0,77.5,15.2,14.7,1.17
E,2025-11-25 00:00:00+05:30,82.1,27.4,71.6,0.913,145.0,77.4,21.6,14.8,1.67
E,2025-11-26 00:00:00+05:30,84.7,27.4,72.0,0.996,151.0,67.5,26.5,15.4,1.25
E,2025-11-27 00:00:00+05:30,78.0,27.2,67.2,0.831,238.0,63.5,26.1,16.2,1.36
E,2025-11-28 00:00:00+05:30,76.2,26.8,67.3,0.819,234.0,83.2,22.1,16.5,1.5
E,2025-11-29 00:00:00+05:30,66.2,26.0,62.4,0.7,207.0,70.6,16.8,15.1,1.16
E,2025-11-30 00:00:00+05:30,51.6,24.9,55.7,0.783,181.0,63.0,21.7,15.4,1.1
E,2025-12-01 00:00:00+05:30,68.3,25.4,55.6,0.749,234.99999999999997,69.4,22.3,16.7,1.26
E,2025-12-02 00:00:00+05:30,93.4,23.0,72.6,0.934,151.0,,,15.3,
E,2025-12-04 00:00:00+05:30,65.4,27.1,55.0,0.887,228.0,97.5,15.9,16.8,1.37
E,2025-12-05 00:00:00+05:30,70.6,27.4,56.4,0.65,239.0,84.0,17.9,15.3,1.24
E,2025-12-06 00:00:00+05:30,59.9,26.7,58.6,0.745,202.0,66.9,21.6,16.9,0.903
E,2025-12-07 00:00:00+05:30,60.2,26.5,58.1,0.803,236.0,64.1,27.4,18.0,1.06
E,2025-12-08 00:00:00+05:30,60.9,25.8,60.6,0.827,189.0,82.2,20.0,18.3,1.51
E,2025-12-09 00:00:00+05:30,49.1,25.5,53.5,0.746,204.0,97.7,15.5,17.9,1.11
E,2025-12-10 00:00:00+05:30,43.6,25.3,49.4,0.829,153.0,96.2,15.4,18.1,0.21
E,2025-12-11 00:00:00+05:30,41.5,25.3,50.1,0.714,153.0,83.4,17.7,17.1,0.4
E,2025-12-12 00:00:00+05:30,49.1,24.3,55.0,0.778,146.0,92.4,18.2,16.4,0.606
E,2025-12-13 00:00:00+05:30,62.7,24.8,59.8,,,99.4,25.2,16.5,0.828
E,2025-12-14 00:00:00+05:30,66.7,25.2,59.8,0.741,181.0,108.0,17.8,17.2,0.525
E,2025-12-15 00:00:00+05:30,58.4,25.2,54.6,0.763,167.0,94.1,15.7,18.5,0.977
E,2025-12-16 00:00:00+05:30,55.9,25.4,53.9,0.649,216.0,76.9,23.7,18.2,0.0958
E,2025-12-17 00:00:00+05:30,67.0,25.7,55.6,0.75,195.0,95.6,22.6,19.3,0.879
E,2025-12-18 00:00:00+05:30,72.7,26.3,56.5,0.637,123.0,91.0,21.2,18.1,0.511
E,2025-12-19 00:00:00+05:30,68.0,26.3,55.6,0.81,184.0,59.1,29.2,19.8,0.0
E,2025-12-20 00:00:00+05:30,45.5,26.7,50.6,0.773,177.0,83.0,24.1,19.7,0.342
E,2025-12-21 00:00:00+05:30,38.6,25.2,51.7,0.663,175.0,80.7,15.2,18.3,0.454
E,2025-12-22 00:00:00+05:30,54.0,24.6,55.7,0.717,163.0,89.4,14.8,18.4,0.705
E,2025-12-23 00:00:00+05:30,53.4,25.1,54.5,0.71,149.0,86.6,17.7,19.9,0.272
E,2025-12-24 00:00:00+05:30,38.1,25.2,53.8,0.692,132.0,80.7,15.0,19.2,0.261
E,2025-12-25 00:00:00+05:30,55.1,27.7,42.0,0.607,210.0,,13.8,18.6,0.45
E,2025-12-27 00:00:00+05:30,56.1,26.6,55.1,0.817,118.0,75.3,30.3,20.7,0.655
E,2025-12-28 00:00:00+05:30,76.0,24.1,64.9,,150.0,97.4,10.2,19.5,1.1
E,2025-12-29 00:00:00+05:30,73.2,25.8,56.9,,132.0,68.1,30.4,20.5,0.386
E,2025-12-30 00:00:00+05:30,82.0,24.5,63.7,,64.8,92.3,22.8,20.5,1.07
E,2025-12-31 00:00:00+05:30,79.8,24.3,69.8,,,89.6,17.9,20.5,0.981
E,2026-01-01 00:00:00+05:30,38.3,24.7,73.3,,174.0,57.4,11.4,20.0,0.0674
E,2026-01-02 00:00:00+05:30,59.1,23.9,78.0,0.913,151.0,68.3,12.4,20.0,1.25
E,2026-01-03 00:00:00+05:30,65.6,24.7,71.3,0.798,158.0,78.4,12.3,19.6,0.867
E,2026-01-04 00:00:00+05:30,88.5,25.3,70.2,0.747,243.99999999999997,69.0,13.1,19.1,0.753
E,2026-01-05 00:00:00+05:30,72.5,25.8,64.7,0.789,114.0,69.7,17.0,19.3,0.684
E,2026-01-06 00:00:00+05:30,77.8,25.7,67.5,0.788,168.0,70.2,17.3,20.0,0.724
E,2026-01-07 00:00:00+05:30,88.6,25.2,64.4,0.763,145.0,82.4,20.4,20.7,1.12
E,2026-01-08 00:00:00+05:30,58.9,24.7,58.1,0.822,93.5,71.8,26.3,18.5,0.921
E,2026-01-09 00:00:00+05:30,58.5,24.4,55.2,,176.0,65.6,,3.77,0.83
E,2026-01-10 00:00:00+05:30,62.3,24.7,52.6,0.514,211.0,56.6,24.5,2.61,0.588
E,2026-01-20 00:00:00+05:30,46.6,22.5,71.6,0.816,146.0,66.7,15.9,3.34,1.21
E,2026-01-21 00:00:00+05:30,68.8,25.1,65.5,0.735,185.0,78.3,16.3,2.76,1.67
E,2026-01-22 00:00:00+05:30,70.1,25.4,67.1,0.708,154.0,66.8,19.2,3.4,1.54
E,2026-01-23 00:00:00+05:30,42.4,24.6,72.1,0.712,210.0,37.8,16.4,3.07,0.668
E,2026-01-24 00:00:00+05:30,33.8,24.0,63.4,0.755,225.0,52.6,15.1,0.761,0.579
E,2026-01-25 00:00:00+05:30,54.0,24.4,68.0,0.784,178.0,66.4,17.8,1.97,1.25
E,2026-01-26 00:00:00+05:30,66.4,25.6,69.5,0.683,174.0,59.7,24.8,3.09,1.68
E,2026-01-27 00:00:00+05:30,6.48,24.7,74.2,0.698,201.0,25.5,22.4,2.06,0.611
E,2026-01-28 00:00:00+05:30,17.6,24.3,63.3,0.632,239.0,37.4,20.4,2.15,0.621
E,2026-01-29 00:00:00+05:30,48.4,25.2,59.4,0.689,212.0,70.0,16.7,1.28,1.5
E,2026-01-30 00:00:00+05:30,66.6,26.0,71.3,0.743,175.0,63.3,15.5,2.33,1.7
E,2026-01-31 00:00:00+05:30,53.0,25.6,77.1,0.812,146.0,41.9,13.8,2.01,1.06
E,2026-02-01 00:00:00+05:30,65.3,26.1,69.3,1.0,130.0,51.4,20.2,2.45,1.4
E,2026-02-02 00:00:00+05:30,81.1,26.5,63.8,0.981,132.0,59.4,21.1,1.4,1.58
E,2026-02-03 00:00:00+05:30,81.4,26.1,63.8,0.93,168.0,74.0,13.2,2.09,1.18
E,2026-02-04 00:00:00+05:30,72.3,28.9,48.9,0.861,143.0,53.0,31.3,1.12,1.26
E,2026-02-05 00:00:00+05:30,60.9,27.5,54.2,0.876,155.0,54.8,21.5,4.77,1.46
E,2026-02-06 00:00:00+05:30,77.7,26.1,56.3,0.921,167.0,78.1,10.0,1.59,1.83
E,2026-02-07 00:00:00+05:30,62.8,28.2,47.6,0.893,159.0,63.6,30.6,0.643,1.33
E,2026-02-08 00:00:00+05:30,50.6,24.7,55.5,0.949,269.0,83.9,10.8,2.91,1.91
E,2026-02-09 00:00:00+05:30,62.0,26.4,61.9,0.966,177.0,64.7,20.4,1.3,1.45
E,2026-02-10 00:00:00+05:30,49.7,25.8,62.7,0.856,201.0,52.8,22.1,1.46,1.09
E,2026-02-11 00:00:00+05:30,45.2,28.1,57.6,1.01,320.0,35.1,28.4,1.7,0.88
E,2026-02-12 00:00:00+05:30,65.9,29.8,50.2,0.953,166.0,61.8,36.3,0.0,1.65
E,2026-02-13 00:00:00+05:30,55.4,28.4,58.7,0.791,153.0,48.1,34.0,2.64,1.37
E,2026-02-14 00:00:00+05:30,63.9,27.2,61.7,0.952,157.0,81.2,23.8,1.24,2.07
E,2026-02-15 00:00:00+05:30,44.1,27.6,62.1,0.947,155.0,68.8,19.2,2.42,1.76
E,2026-02-16 00:00:00+05:30,30.5,24.5,60.9,0.944,100.0,88.1,1.79,0.368,2.41
E,2026-02-17 00:00:00+05:30,12.1,27.7,59.8,0.853,218.0,31.1,27.8,0.767,0.84
E,2026-02-18 00:00:00+05:30,6.26,26.5,65.1,0.867,146.0,27.5,15.6,2.11,0.664
E,2026-02-19 00:00:00+05:30,20.7,26.4,69.4,1.12,93.1,37.4,25.9,3.2,1.12
E,2026-02-20 00:00:00+05:30,28.0,27.0,71.6,0.93,113.0,47.6,22.0,0.933,1.53
E,2026-02-21 00:00:00+05:30,35.0,28.6,59.9,,210.0,82.6,17.0,1.14,2.36
E,2026-02-22 00:00:00+05:30,24.0,26.0,70.8,,,66.3,3.98,0.546,2.15
E,2026-02-23 00:00:00+05:30,17.8,27.6,60.2,0.903,157.0,61.2,20.5,1.61,1.85
E,2026-02-24 00:00:00+05:30,13.3,26.9,68.3,,148.0,48.4,18.7,3.04,1.44
E,2026-02-25 00:00:00+05:30,13.6,25.0,74.4,1.12,51.3,60.9,10.5,0.455,1.66
E,2026-02-26 00:00:00+05:30,8.42,26.0,67.0,0.853,109.0,27.0,8.66,2.74,0.483
E,2026-02-27 00:00:00+05:30,9.45,26.2,63.0,0.938,74.6,28.4,10.6,0.767,0.768
E,2026-02-28 00:00:00+05:30,10.6,27.2,54.0,0.961,67.3,27.0,33.4,1.08,0.949
E,2026-03-01 00:00:00+05:30,24.1,25.9,64.3,1.02,59.7,37.0,27.3,1.38,2.73
E,2026-03-02 00:00:00+05:30,24.4,26.2,66.2,1.01,72.7,38.3,25.1,0.233,
E,2026-03-03 00:00:00+05:30,37.4,27.2,65.5,0.93,146.0,41.7,38.8,2.29,
E,2026-03-04 00:00:00+05:30,28.7,27.9,67.5,0.974,132.0,49.6,27.2,0.978,
E,2026-03-05 00:00:00+05:30,46.6,26.1,,0.908,106.0,,,,
E,2026-03-06 00:00:00+05:30,52.3,32.0,43.6,0.847,188.0,30.8,67.5,0.543,0.124
E,2026-03-07 00:00:00+05:30,36.9,25.4,77.1,,,,,0.485,
E,2026-03-08 00:00:00+05:30,67.7,,,1.11,0.88,,,,
E,2026-03-09 00:00:00+05:30,121.0,,,,,,,,
E,2026-03-10 00:00:00+05:30,61.1,30.9,42.7,0.912,88.9,67.9,60.5,0.0292,1.59
E,2026-03-11 00:00:00+05:30,71.7,27.1,65.4,0.893,233.0,,0.0,0.0,3.07
E,2026-03-12 00:00:00+05:30,56.5,30.1,68.8,0.94,142.0,42.7,33.1,1.0,1.26
E,2026-03-13 00:00:00+05:30,57.3,29.0,63.5,0.919,190.0,43.7,32.5,0.157,1.4
E,2026-03-14 00:00:00+05:30,32.2,28.7,60.5,,,32.1,21.2,1.34,0.888
E,2026-03-15 00:00:00+05:30,21.5,27.9,67.4,0.95,73.1,26.3,13.5,0.188,0.715
E,2026-03-16 00:00:00+05:30,13.5,27.6,66.8,0.833,89.8,20.9,14.4,0.291,0.644
E,2026-03-17 00:00:00+05:30,19.2,27.4,66.0,0.855,109.0,26.9,15.4,0.768,0.78
E,2026-03-18 00:00:00+05:30,22.1,27.1,64.7,0.933,117.0,33.8,18.2,0.121,0.922
E,2026-03-19 00:00:00+05:30,18.6,27.2,64.2,0.763,99.3,29.0,14.0,0.398,1.04
E,2026-03-20 00:00:00+05:30,20.6,27.6,60.6,0.743,194.0,28.7,15.8,0.593,0.975
E,2026-03-21 00:00:00+05:30,22.7,31.5,48.3,0.36,212.0,24.7,30.9,0.0,0.94
E,2026-03-22 00:00:00+05:30,41.6,29.6,49.1,0.754,150.0,41.5,45.5,0.316,1.44
E,2026-03-23 00:00:00+05:30,53.1,28.9,50.8,0.919,110.0,55.4,35.5,1.25,1.85
E,2026-03-24 00:00:00+05:30,43.4,29.7,57.8,0.833,144.0,35.8,42.0,1.79,1.39
E,2026-03-25 00:00:00+05:30,29.1,29.2,64.9,0.82,170.0,25.9,29.3,3.05,1.04
E,2026-03-26 00:00:00+05:30,31.2,29.8,59.8,0.797,169.0,32.9,35.1,2.21,1.22
E,2026-03-27 00:00:00+05:30,38.0,30.3,55.9,0.805,185.0,36.8,34.6,1.09,1.32
E,2026-03-28 00:00:00+05:30,14.5,28.8,69.0,0.785,83.2,20.8,15.6,2.22,0.918
E,2026-03-29 00:00:00+05:30,7.35,28.4,68.6,0.843,122.0,18.2,8.28,2.55,0.943
E,2026-03-30 00:00:00+05:30,9.95,28.8,69.1,0.761,140.0,19.1,13.4,3.12,0.934
E,2026-03-31 00:00:00+05:30,3.52,29.0,65.2,0.716,109.0,15.2,8.72,4.7,0.847
E,2026-04-01 00:00:00+05:30,7.35,28.3,66.6,0.693,107.0,15.6,17.8,4.05,0.882
E,2026-04-02 00:00:00+05:30,8.19,27.8,65.4,0.661,171.0,18.7,23.6,5.07,0.948
E,2026-04-03 00:00:00+05:30,23.7,28.2,62.6,0.784,139.0,24.8,23.7,20.1,1.01
E,2026-04-04 00:00:00+05:30,11.3,28.3,65.2,0.763,139.0,15.4,,,0.706
E,2026-04-05 00:00:00+05:30,8.65,28.0,62.0,0.723,136.0,9.93,25.7,4.85,0.642
E,2026-04-06 00:00:00+05:30,10.2,27.7,59.9,0.7,152.0,13.3,30.7,3.55,0.723
E,2026-04-07 00:00:00+05:30,9.87,28.1,63.1,0.625,105.0,12.4,25.8,2.48,0.734
E,2026-04-08 00:00:00+05:30,14.3,29.2,65.1,0.676,141.0,11.6,12.4,5.42,0.789
E,2026-04-09 00:00:00+05:30,15.2,29.0,60.6,0.767,176.0,13.1,16.2,3.37,0.787
E,2026-04-10 00:00:00+05:30,29.4,29.1,60.3,0.804,147.0,21.7,23.3,3.46,0.978
E,2026-04-11 00:00:00+05:30,36.3,29.8,66.2,0.848,112.0,15.7,40.3,5.61,0.931
E,2026-04-12 00:00:00+05:30,35.1,29.4,69.8,0.87,134.0,21.7,27.0,3.42,1.11
E,2026-04-13 00:00:00+05:30,27.5,29.3,70.2,0.753,144.0,16.4,20.5,3.62,1.01
E,2026-04-14 00:00:00+05:30,33.1,29.8,68.1,0.826,184.0,21.4,25.6,3.36,1.02
E,2026-04-15 00:00:00+05:30,14.9,29.4,67.9,0.826,166.0,12.8,24.4,5.01,0.902
E,2026-04-16 00:00:00+05:30,10.8,28.3,67.3,0.907,171.0,12.5,25.5,5.52,0.867
E,2026-04-17 00:00:00+05:30,13.6,28.6,70.0,0.825,188.0,19.2,20.8,2.23,0.995
E,2026-04-18 00:00:00+05:30,19.5,29.7,69.5,0.758,190.0,19.0,26.0,3.73,1.13
E,2026-04-19 00:00:00+05:30,24.0,29.7,63.9,0.784,160.0,17.5,23.2,2.58,1.11
E,2026-04-20 00:00:00+05:30,16.8,29.2,68.5,0.689,165.0,14.7,27.4,3.37,1.02
E,2026-04-21 00:00:00+05:30,27.1,29.8,66.8,0.752,209.0,21.1,27.2,3.81,1.17
E,2026-04-22 00:00:00+05:30,22.7,29.5,66.1,0.779,180.0,19.9,23.3,5.57,1.11
E,2026-04-23 00:00:00+05:30,24.0,30.1,64.3,0.697,227.0,22.7,32.2,2.08,1.28
E,2026-04-24 00:00:00+05:30,25.3,30.8,65.9,0.557,234.99999999999997,21.3,21.5,4.22,1.21
E,2026-04-25 00:00:00+05:30,27.0,30.7,62.8,0.757,251.0,27.3,23.4,3.64,1.42
E,2026-04-26 00:00:00+05:30,24.4,30.7,66.2,0.639,192.0,18.5,17.6,1.27,1.26
E,2026-04-27 00:00:00+05:30,16.4,30.0,69.9,0.628,218.0,14.6,14.0,4.87,1.29
E,2026-04-28 00:00:00+05:30,17.2,30.0,69.1,0.655,220.0,15.1,10.5,3.34,1.27
E,2026-04-29 00:00:00+05:30,16.4,30.0,69.3,0.689,221.0,18.0,8.31,3.15,1.3
E,2026-04-30 00:00:00+05:30,14.1,29.9,68.6,0.526,213.0,16.1,10.1,4.5,1.0
E,2026-05-01 00:00:00+05:30,17.8,30.3,65.9,0.361,165.0,13.1,11.5,3.02,0.811
E,2026-05-02 00:00:00+05:30,17.3,30.2,65.8,0.457,234.99999999999997,12.9,12.0,3.27,0.799
E,2026-05-03 00:00:00+05:30,20.2,30.5,65.9,0.418,184.0,12.6,11.6,3.71,0.866
E,2026-05-04 00:00:00+05:30,18.1,30.7,63.4,0.342,173.0,13.3,9.3,2.16,0.878
E,2026-05-05 00:00:00+05:30,17.0,31.2,62.2,0.46,178.0,11.0,11.2,5.28,0.794
E,2026-05-06 00:00:00+05:30,22.2,32.3,58.6,0.498,191.0,7.76,17.4,2.63,0.693
E,2026-05-07 00:00:00+05:30,18.3,31.1,65.8,0.669,233.0,11.3,16.0,25.1,0.677
E,2026-05-08 00:00:00+05:30,96.9,31.1,67.3,0.572,253.0,14.2,21.3,3.59,0.358
E,2026-05-09 00:00:00+05:30,319.0,31.3,66.3,0.699,226.0,15.7,22.4,2.25,0.379
E,2026-05-10 00:00:00+05:30,35.0,31.1,65.5,0.773,261.0,17.1,25.4,2.86,0.456
E,2026-05-11 00:00:00+05:30,37.0,31.5,65.5,0.648,234.99999999999997,14.8,25.1,3.63,0.399
E,2026-05-12 00:00:00+05:30,28.6,30.6,67.1,0.73,208.0,11.0,20.7,1.66,0.37
E,2026-05-13 00:00:00+05:30,34.3,31.0,67.2,0.567,162.0,11.4,18.3,2.96,0.62
E,2026-05-14 00:00:00+05:30,23.8,30.8,67.4,0.665,167.0,9.4,18.8,2.45,1.03
E,2026-05-15 00:00:00+05:30,19.6,30.7,67.0,0.527,197.0,8.41,15.3,2.83,0.811
E,2026-05-16 00:00:00+05:30,19.4,30.8,66.0,0.513,209.0,7.42,14.7,4.34,0.674
E,2026-05-17 00:00:00+05:30,17.7,30.7,67.9,0.557,204.0,6.57,16.4,2.71,0.643
E,2026-05-18 00:00:00+05:30,25.9,30.7,69.0,0.619,194.0,10.4,17.8,1.02,0.723
E,2026-05-19 00:00:00+05:30,19.3,30.2,67.3,0.578,174.0,9.53,20.5,3.97,0.607
E,2026-05-20 00:00:00+05:30,7.64,30.6,64.5,0.561,176.0,10.2,17.8,1.5,0.552
E,2026-05-21 00:00:00+05:30,8.7,31.1,65.2,0.613,168.0,9.11,17.4,2.41,0.517
E,2026-05-22 00:00:00+05:30,13.0,31.3,65.8,0.545,204.0,13.2,11.8,2.93,0.788
E,2026-05-23 00:00:00+05:30,20.5,31.4,67.2,0.534,191.0,12.2,8.69,0.809,0.762
E,2026-05-24 00:00:00+05:30,7.72,31.7,66.4,0.461,164.0,8.32,7.5,3.01,0.741
E,2026-05-25 00:00:00+05:30,8.41,31.5,67.1,0.506,184.0,8.02,5.63,3.53,0.633
E,2026-05-26 00:00:00+05:30,9.88,31.5,65.4,0.577,164.0,9.36,5.84,2.2,0.755
E,2026-05-27 00:00:00+05:30,9.79,31.1,64.6,0.477,172.0,9.03,8.6,1.91,0.544
E,2026-05-28 00:00:00+05:30,11.6,31.8,61.5,0.441,180.0,8.25,12.0,2.33,0.872
E,2026-05-29 00:00:00+05:30,14.4,31.7,61.8,0.419,133.0,9.34,12.1,3.0,0.968
E,2026-05-30 00:00:00+05:30,15.1,32.1,62.3,0.489,112.0,8.57,9.1,4.25,0.914
E,2026-05-31 00:00:00+05:30,16.1,31.9,63.5,0.51,150.0,9.36,7.17,1.9,0.908
E,2026-06-01 00:00:00+05:30,12.6,31.9,62.4,0.482,161.0,8.56,11.2,4.06,0.914
E,2026-06-02 00:00:00+05:30,13.3,31.7,63.2,0.561,200.0,11.0,12.1,5.29,0.975
E,2026-06-03 00:00:00+05:30,15.6,31.0,62.9,0.505,201.0,17.7,19.9,1.37,1.13
E,2026-06-04 00:00:00+05:30,15.2,31.4,66.1,0.499,185.0,15.4,12.6,4.35,1.15
E,2026-06-05 00:00:00+05:30,9.79,32.0,65.1,0.443,170.0,8.03,17.0,18.2,0.681
E,2026-06-06 00:00:00+05:30,5.79,32.3,63.8,0.571,170.0,6.06,9.32,5.08,0.0577
E,2026-06-07 00:00:00+05:30,15.6,32.3,63.9,0.485,135.0,8.31,10.1,7.08,0.113
E,2026-06-08 00:00:00+05:30,14.5,31.8,64.7,0.515,150.0,9.06,10.9,4.31,0.186
E,2026-06-09 00:00:00+05:30,16.5,32.1,63.2,0.617,111.0,7.18,10.0,6.78,0.167
E,2026-06-10 00:00:00+05:30,17.3,31.6,63.3,0.547,105.0,7.6,11.4,6.77,0.202
E,2026-06-11 00:00:00+05:30,18.9,32.0,62.2,0.567,123.0,8.8,11.9,3.36,0.261
E,2026-06-12 00:00:00+05:30,17.5,31.9,63.3,0.558,119.0,9.53,10.5,4.93,0.327
E,2026-06-13 00:00:00+05:30,15.5,32.0,62.7,0.614,104.0,7.37,12.2,3.98,0.265
E,2026-06-14 00:00:00+05:30,12.9,31.9,61.4,0.55,102.0,7.36,14.8,3.98,0.201
E,2026-06-15 00:00:00+05:30,13.7,32.0,61.3,0.525,134.0,8.23,14.0,6.11,0.333
E,2026-06-16 00:00:00+05:30,13.7,31.8,61.0,0.533,129.0,8.3,13.3,6.38,0.363
E,2026-06-17 00:00:00+05:30,12.6,31.4,60.5,0.58,132.0,8.22,15.1,5.29,0.39
E,2026-06-18 00:00:00+05:30,12.2,31.3,59.9,0.536,121.0,8.19,16.0,5.63,0.404
E,2026-06-19 00:00:00+05:30,12.1,31.3,58.7,0.417,147.0,10.4,15.8,5.46,0.535
E,2026-06-20 00:00:00+05:30,12.1,31.2,60.0,0.557,149.0,8.59,16.5,6.2,0.464
E,2026-06-21 00:00:00+05:30,11.7,31.2,62.0,0.521,141.0,9.42,12.5,7.1,0.492
E,2026-06-22 00:00:00+05:30,10.3,30.2,68.7,,236.0,12.1,4.66,5.01,0.623
E,2026-06-23 00:00:00+05:30,8.95,27.0,82.0,0.787,234.0,14.7,0.568,5.1,0.673
E,2026-06-25 00:00:00+05:30,16.1,27.9,86.0,0.707,191.0,21.0,5.29,3.85,0.103
E,2026-06-26 00:00:00+05:30,13.1,29.2,77.8,0.553,211.0,17.2,7.07,5.91,
E,2026-06-27 00:00:00+05:30,14.7,30.0,73.5,0.534,172.0,15.9,9.76,5.76,
E,2026-06-28 00:00:00+05:30,12.3,29.6,76.5,0.617,158.0,11.3,9.54,5.05,0.054
E,2026-06-29 00:00:00+05:30,13.9,27.0,85.4,0.603,234.99999999999997,16.7,6.75,6.74,0.156
E,2026-06-30 00:00:00+05:30,13.3,26.8,86.4,0.53,165.0,16.0,5.38,5.98,0.192
E,2026-07-01 00:00:00+05:30,11.7,26.3,86.6,0.563,106.0,14.2,11.3,7.33,0.131
E,2026-07-02 00:00:00+05:30,14.2,26.1,86.6,0.623,144.0,17.5,8.38,6.14,0.182
E,2026-07-03 00:00:00+05:30,12.7,25.7,86.7,1.05,227.0,12.4,10.7,6.15,0.0986
E,2026-07-04 00:00:00+05:30,12.3,25.8,86.7,1.39,284.0,11.1,16.0,7.98,0.126
E,2026-07-05 00:00:00+05:30,15.4,26.2,86.7,1.4,284.0,8.23,21.9,5.73,0.098
E,2026-07-06 00:00:00+05:30,22.1,26.5,86.7,1.39,284.0,6.23,20.7,5.63,0.0675
E,2026-07-07 00:00:00+05:30,14.5,28.0,86.7,1.39,223.0,7.36,13.9,6.57,0.138
E,2026-07-08 00:00:00+05:30,16.6,28.0,86.7,1.37,106.0,8.84,6.77,5.39,0.241
E,2026-07-09 00:00:00+05:30,9.41,29.0,83.6,1.39,105.0,10.5,4.7,5.49,0.324
E,2026-07-10 00:00:00+05:30,7.61,29.5,81.1,1.35,104.0,9.51,3.78,5.37,0.279
E,2026-07-11 00:00:00+05:30,9.83,29.4,80.5,1.5,200.0,7.16,4.62,4.42,0.269
E,2026-07-12 00:00:00+05:30,12.1,29.6,77.7,1.5,200.0,9.56,5.44,6.89,0.301
E,2026-07-13 00:00:00+05:30,11.8,29.6,74.5,1.5,200.0,16.1,7.37,5.26,0.352
E,2026-07-14 00:00:00+05:30,11.7,29.4,73.3,1.5,200.0,11.2,8.92,4.9,0.362
E,2026-07-15 00:00:00+05:30,13.2,29.4,78.1,1.51,200.0,9.91,6.49,6.58,0.392
E,2026-07-16 00:00:00+05:30,12.7,29.2,79.8,1.5,199.0,9.56,6.54,4.08,0.398
E,2026-07-17 00:00:00+05:30,13.2,29.3,79.9,1.51,200.0,8.16,6.88,5.48,0.368
E,2026-07-18 00:00:00+05:30,12.5,28.3,81.9,1.75,200.0,10.3,7.18,6.18,0.476
E,2026-07-19 00:00:00+05:30,11.0,27.6,84.7,1.51,200.0,11.6,5.56,5.15,0.541
E,2026-07-20 00:00:00+05:30,10.8,27.3,86.8,1.51,200.0,9.2,6.54,5.7,0.489
E,2026-07-21 00:00:00+05:30,10.7,27.8,86.6,1.5,200.0,10.5,6.56,6.46,0.54
E,2026-07-22 00:00:00+05:30,10.1,26.8,87.1,1.52,200.0,8.29,7.15,6.02,0.525
E,2026-07-23 00:00:00+05:30,10.0,27.3,86.8,1.52,200.0,9.14,5.94,5.4,0.537
E,2026-07-24 00:00:00+05:30,10.0,27.8,85.7,1.51,200.0,8.65,6.35,5.32,0.563
E,2026-07-25 00:00:00+05:30,11.8,28.5,83.9,1.51,200.0,9.19,5.53,5.4,0.679
E,2026-07-26 00:00:00+05:30,11.5,28.1,86.3,1.52,200.0,7.28,7.19,6.48,0.627
E,2026-07-27 00:00:00+05:30,12.7,27.9,85.9,1.53,200.0,8.83,4.43,5.21,0.668
E,2026-07-28 00:00:00+05:30,12.6,28.5,83.1,1.53,200.0,8.47,5.31,6.65,0.616
E,2026-07-29 00:00:00+05:30,14.3,28.9,82.9,1.52,200.0,6.38,8.04,6.26,0.639
E,2026-07-30 00:00:00+05:30,16.1,28.4,85.3,1.53,200.0,7.11,7.52,4.14,0.68
E,2026-07-31 00:00:00+05:30,14.5,27.7,86.9,1.54,200.0,8.52,6.46,6.26,0.738
E,2026-08-01 00:00:00+05:30,14.7,28.4,86.6,1.54,200.0,7.2,6.54,5.65,0.758
E,2026-08-02 00:00:00+05:30,12.3,28.5,85.8,1.53,200.0,7.54,6.18,4.62,0.749
E,2026-08-03 00:00:00+05:30,12.5,28.2,84.8,1.54,200.0,7.76,9.0,7.24,0.783
E,2026-08-04 00:00:00+05:30,12.6,28.1,84.9,1.54,200.0,10.1,8.37,5.09,0.867
E,2026-08-05 00:00:00+05:30,11.5,27.1,86.5,1.54,200.0,11.8,8.04,5.99,0.58
E,2026-08-06 00:00:00+05:30,11.9,28.0,84.9,1.54,200.0,9.64,7.26,5.9,0.00304
E,2026-08-07 00:00:00+05:30,9.83,28.4,83.0,1.53,200.0,10.0,5.02,4.72,0.0217
E,2026-08-08 00:00:00+05:30,11.1,28.8,82.6,1.53,200.0,8.93,5.82,7.0,0.0688
E,2026-08-09 00:00:00+05:30,12.4,29.3,79.8,1.53,200.0,7.57,8.7,4.89,0.12
E,2026-08-10 00:00:00+05:30,11.6,28.2,83.1,1.53,200.0,9.83,5.92,3.93,0.139
E,2026-08-11 00:00:00+05:30,11.1,26.0,87.4,1.55,200.0,12.8,5.8,4.95,0.283
E,2026-08-12 00:00:00+05:30,11.3,28.2,84.4,1.53,200.0,10.7,5.46,5.92,0.234
E,2026-08-13 00:00:00+05:30,9.74,27.0,88.1,1.53,200.0,11.4,5.16,5.14,0.267
E,2026-08-14 00:00:00+05:30,10.7,27.6,85.4,1.53,200.0,10.1,6.67,6.92,0.246
E,2026-08-15 00:00:00+05:30,12.3,26.9,87.9,1.54,200.0,14.5,6.03,4.58,0.392
E,2026-08-16 00:00:00+05:30,10.8,28.7,80.3,1.52,200.0,9.94,9.82,5.91,0.332
E,2026-08-17 00:00:00+05:30,9.48,28.1,84.0,1.53,200.0,11.2,7.41,6.6,0.38
E,2026-08-18 00:00:00+05:30,10.1,28.4,83.4,1.53,200.0,8.11,6.14,5.62,0.313
E,2026-08-19 00:00:00+05:30,9.33,28.6,81.7,1.53,200.0,8.67,6.09,6.55,0.339
E,2026-08-20 00:00:00+05:30,8.9,28.2,82.5,1.54,200.0,8.15,7.04,6.16,0.348
E,2026-08-21 00:00:00+05:30,9.52,28.9,78.4,1.54,200.0,7.84,7.76,3.48,0.415
E,2026-08-22 00:00:00+05:30,9.84,28.7,79.8,1.55,200.0,8.67,7.99,5.12,0.446
E,2026-08-23 00:00:00+05:30,10.8,28.6,81.6,1.55,200.0,7.85,7.63,4.96,0.476
E,2026-08-24 00:00:00+05:30,12.9,28.6,81.4,1.55,200.0,9.22,5.45,4.68,0.517
E,2026-08-25 00:00:00+05:30,13.2,28.8,79.9,1.55,200.0,9.29,6.02,6.56,0.54
E,2026-08-26 00:00:00+05:30,12.9,29.0,79.1,1.55,200.0,8.48,6.69,6.02,0.552
E,2026-08-27 00:00:00+05:30,9.66,28.6,81.8,1.55,200.0,7.56,7.68,5.27,0.551
E,2026-08-28 00:00:00+05:30,8.61,28.0,82.2,1.55,200.0,5.79,14.7,1.43,0.54
E,2026-08-29 00:00:00+05:30,7.56,28.0,80.5,1.55,200.0,4.6,9.87,1.7,0.515
E,2026-08-30 00:00:00+05:30,8.61,29.4,76.3,1.56,200.0,7.47,8.88,2.0,0.643
E,2026-08-31 00:00:00+05:30,8.15,28.9,77.9,1.56,200.0,7.94,7.52,2.63,0.661
E,2026-09-01 00:00:00+05:30,6.83,29.0,78.6,1.57,201.0,7.76,5.77,1.16,0.69
E,2026-09-02 00:00:00+05:30,7.3,28.5,80.6,1.57,201.0,10.3,4.58,1.97,0.724
E,2026-09-03 00:00:00+05:30,8.39,28.6,79.7,1.56,201.0,10.4,4.95,1.39,0.779
E,2026-09-04 00:00:00+05:30,9.72,28.5,78.6,1.57,201.0,10.2,5.52,1.07,0.797
E,2026-09-05 00:00:00+05:30,7.79,28.0,82.1,1.56,201.0,9.98,4.1,2.08,0.836
E,2026-09-06 00:00:00+05:30,9.72,28.1,82.6,1.57,201.0,14.5,1.99,1.31,0.925
E,2026-09-07 00:00:00+05:30,8.55,28.9,77.4,1.57,201.0,10.7,5.36,1.62,0.834
E,2026-09-08 00:00:00+05:30,7.42,29.0,76.7,1.56,200.0,9.57,6.06,2.86,0.822
E,2026-09-09 00:00:00+05:30,6.45,28.8,77.8,1.56,201.0,9.45,4.44,1.09,0.868
E,2026-09-10 00:00:00+05:30,6.65,29.1,76.9,1.56,230.0,9.38,4.19,2.14,0.861
E,2026-09-11 00:00:00+05:30,8.98,28.3,79.1,1.54,258.0,11.6,5.7,1.52,1.03
E,2026-09-12 00:00:00+05:30,9.69,28.5,79.3,1.51,264.0,11.3,8.1,2.58,0.491
E,2026-09-13 00:00:00+05:30,15.9,25.1,86.1,1.58,257.0,22.2,4.65,2.05,0.419
E,2026-09-14 00:00:00+05:30,16.0,27.1,83.7,1.55,264.0,17.5,7.47,0.767,0.374
E,2026-09-15 00:00:00+05:30,10.1,27.8,81.8,1.52,268.0,19.7,3.71,1.41,0.321
E,2026-09-16 00:00:00+05:30,10.4,28.1,80.3,1.54,259.0,17.4,6.76,0.663,0.423
E,2026-09-17 00:00:00+05:30,8.62,28.9,78.2,1.5,239.99999999999997,21.0,6.49,1.01,0.398
FN,2025-10-11 00:00:00+05:30,37.6,29.6,72.2,0.722,132.0,15.8,11.5,7.71,0.288
FN,2025-10-12 00:00:00+05:30,36.8,29.8,71.2,0.716,132.0,16.1,11.4,7.72,0.285
FN,2025-10-13 00:00:00+05:30,71.0,29.7,69.5,0.729,130.0,15.8,11.2,7.76,0.281
FN,2025-10-14 00:00:00+05:30,93.5,29.5,70.7,0.729,130.0,15.1,11.2,7.79,0.283
FN,2025-10-15 00:00:00+05:30,124.0,29.5,73.4,0.73,129.0,13.1,11.7,7.83,0.293
FN,2025-10-16 00:00:00+05:30,265.0,30.1,78.4,0.649,145.0,7.2,12.6,7.69,0.314
FN,2025-10-17 00:00:00+05:30,43.9,31.3,73.1,0.648,145.0,7.42,11.7,7.7,0.292
FN,2025-10-18 00:00:00+05:30,65.9,31.0,71.0,0.648,145.0,8.54,11.4,7.68,0.284
FN,2025-10-19 00:00:00+05:30,63.4,30.8,73.4,0.648,145.0,8.57,11.7,7.72,0.294
FN,2025-10-20 00:00:00+05:30,88.5,30.4,77.8,0.649,145.0,8.12,12.4,7.76,0.31
FN,2025-10-21 00:00:00+05:30,64.3,29.6,77.0,0.71,134.0,8.36,12.3,7.78,0.308
FN,2025-10-22 00:00:00+05:30,47.9,29.9,79.6,0.729,131.0,7.46,12.7,7.72,0.319
FN,2025-10-23 00:00:00+05:30,63.2,31.2,75.4,0.648,146.0,7.48,12.0,7.69,0.302
FN,2025-10-24 00:00:00+05:30,52.3,30.4,78.9,0.666,143.0,8.03,12.6,7.65,0.316
FN,2025-10-25 00:00:00+05:30,54.6,28.8,85.3,0.699,137.0,8.56,13.7,7.68,0.341
FN,2025-10-26 00:00:00+05:30,28.7,27.6,88.1,0.665,144.0,8.28,14.1,7.71,0.353
FN,2025-10-27 00:00:00+05:30,14.5,27.9,88.3,0.778,123.0,8.72,14.1,7.71,0.353
FN,2025-10-28 00:00:00+05:30,26.7,28.4,82.5,0.73,132.0,9.05,13.2,7.69,0.33
FN,2025-10-29 00:00:00+05:30,35.1,31.2,75.3,0.65,148.0,9.17,12.4,7.58,0.311
FN,2025-10-30 00:00:00+05:30,35.0,27.9,85.6,0.751,128.0,8.5,13.7,7.7,0.343
FN,2025-10-31 00:00:00+05:30,19.9,27.0,90.9,0.752,128.0,8.67,14.5,7.71,0.363
FN,2025-11-01 00:00:00+05:30,16.9,28.0,91.3,0.736,131.0,8.06,14.6,7.71,0.365
FN,2025-11-02 00:00:00+05:30,17.5,26.4,94.4,0.65,148.0,9.77,15.1,7.58,0.377
FN,2025-11-03 00:00:00+05:30,45.0,27.3,91.2,0.65,147.0,9.27,14.6,7.6,0.365
FN,2025-11-04 00:00:00+05:30,26.2,28.4,84.1,0.65,147.0,7.84,13.4,7.67,0.336
FN,2025-11-05 00:00:00+05:30,32.5,27.3,80.6,0.65,147.0,7.32,12.9,7.66,0.323
FN,2025-11-06 00:00:00+05:30,41.6,27.5,80.8,0.65,147.0,7.35,12.9,7.65,0.323
FN,2025-11-07 00:00:00+05:30,43.1,28.4,75.6,0.65,147.0,7.37,12.1,7.69,0.302
FN,2025-11-08 00:00:00+05:30,101.0,27.9,69.2,0.65,147.0,6.43,11.1,7.67,0.277
FN,2025-11-09 00:00:00+05:30,26.0,27.0,64.0,0.625,140.0,6.47,10.2,7.71,0.256
FN,2025-11-10 00:00:00+05:30,83.5,25.5,75.0,0.565,147.0,7.15,12.0,7.73,0.301
FN,2025-11-11 00:00:00+05:30,77.2,28.4,64.6,0.802,120.0,6.82,10.3,7.71,0.259
FN,2025-11-12 00:00:00+05:30,43.8,27.2,59.9,0.652,148.0,5.68,9.59,7.8,0.24
FN,2025-11-13 00:00:00+05:30,99.0,27.6,57.7,0.655,148.0,6.22,9.23,7.76,0.231
FN,2025-11-14 00:00:00+05:30,79.6,27.0,64.7,0.652,148.0,6.03,10.4,7.81,0.259
FN,2025-11-15 00:00:00+05:30,45.6,26.3,59.3,0.652,149.0,6.1,9.49,7.87,0.237
FN,2025-11-16 00:00:00+05:30,37.0,26.5,57.3,0.651,150.0,6.13,9.16,7.82,0.229
FN,2025-11-17 00:00:00+05:30,24.3,25.8,56.9,0.572,150.0,6.21,9.09,7.78,0.227
FN,2025-11-18 00:00:00+05:30,24.5,23.7,64.3,0.57,150.0,70.1,10.3,7.83,0.257
FN,2025-11-19 00:00:00+05:30,19.7,25.9,59.2,0.567,150.0,122.0,9.47,7.84,0.237
FN,2025-11-20 00:00:00+05:30,17.2,26.6,59.1,0.567,150.0,82.3,9.46,10.2,0.237
FN,2025-11-21 00:00:00+05:30,25.1,26.8,64.7,0.567,150.0,52.2,10.4,13.1,0.259
FN,2025-11-22 00:00:00+05:30,23.0,27.8,66.8,0.567,150.0,49.3,10.7,13.1,0.268
FN,2025-11-23 00:00:00+05:30,24.1,27.6,74.5,0.568,150.0,47.0,11.9,13.1,0.298
FN,2025-11-24 00:00:00+05:30,27.5,27.8,75.8,0.568,149.0,46.5,12.1,13.2,0.303
FN,2025-11-25 00:00:00+05:30,22.1,28.4,76.6,0.568,148.0,43.9,12.3,13.2,0.306
FN,2025-11-26 00:00:00+05:30,39.2,28.3,77.2,0.568,147.0,46.1,12.3,13.2,0.309
FN,2025-11-27 00:00:00+05:30,58.9,28.1,72.9,0.568,148.0,45.9,11.7,13.3,0.292
FN,2025-11-28 00:00:00+05:30,49.2,27.7,72.2,0.568,148.0,46.1,11.5,13.3,0.289
FN,2025-11-29 00:00:00+05:30,24.3,27.7,61.6,0.568,149.0,41.1,9.86,13.3,0.247
FN,2025-11-30 00:00:00+05:30,19.9,26.0,57.4,0.568,149.0,40.4,9.18,13.4,0.23
FN,2025-12-01 00:00:00+05:30,25.2,25.7,62.8,0.568,149.0,43.4,10.0,13.5,0.251
FN,2025-12-02 00:00:00+05:30,18.8,29.1,54.8,0.566,148.0,44.1,8.77,13.5,0.219
FN,2025-12-03 00:00:00+05:30,18.7,26.9,60.7,0.568,149.0,43.3,9.72,13.5,0.243
FN,2025-12-04 00:00:00+05:30,17.1,27.0,62.1,0.568,149.0,42.8,10.1,13.6,0.252
FN,2025-12-05 00:00:00+05:30,16.2,28.4,60.8,0.567,149.0,43.5,9.73,13.6,0.243
FN,2025-12-06 00:00:00+05:30,27.4,27.7,62.5,0.568,149.0,42.1,10.0,13.6,0.25
FN,2025-12-07 00:00:00+05:30,21.1,27.1,63.8,0.568,149.0,38.6,10.2,13.6,0.255
FN,2025-12-08 00:00:00+05:30,22.5,26.9,64.4,0.568,149.0,51.1,10.3,13.3,0.258
FN,2025-12-09 00:00:00+05:30,77.1,25.8,54.4,0.584,149.0,57.2,8.71,13.5,0.217
FN,2025-12-10 00:00:00+05:30,51.3,26.7,48.9,0.509,108.0,92.8,7.83,12.8,0.196
FN,2025-12-11 00:00:00+05:30,139.0,26.4,50.8,0.521,111.0,80.1,7.77,13.3,0.194
FN,2025-12-12 00:00:00+05:30,86.3,25.8,54.7,0.616,140.0,3.38,3.5,13.3,0.0872
FN,2025-12-13 00:00:00+05:30,30.3,25.7,60.6,0.469,95.1,2.5,9.7,13.6,0.243
FN,2025-12-14 00:00:00+05:30,28.2,26.2,57.4,0.5,105.0,2.41,9.19,13.7,0.23
FN,2025-12-15 00:00:00+05:30,27.1,26.3,55.8,0.517,111.0,5.21,8.92,14.0,0.223
FN,2025-12-16 00:00:00+05:30,24.1,25.8,57.8,0.495,104.0,10.2,9.24,13.9,0.231
FN,2025-12-17 00:00:00+05:30,194.0,24.6,67.7,0.456,92.3,16.3,5.43,41.9,0.126
FN,2025-12-18 00:00:00+05:30,194.0,26.9,60.0,0.56,124.0,12.1,7.35,69.3,0.179
FN,2025-12-19 00:00:00+05:30,25.6,25.8,59.0,0.503,107.0,8.54,9.45,137.0,0.236
FN,2025-12-20 00:00:00+05:30,20.4,25.9,54.7,0.489,102.0,8.14,8.75,105.0,0.219
FN,2025-12-21 00:00:00+05:30,14.9,25.8,51.6,0.449,89.8,7.8,8.26,163.0,0.207
FN,2025-12-22 00:00:00+05:30,17.6,25.4,55.3,0.478,98.7,8.06,8.86,161.0,0.221
FN,2025-12-23 00:00:00+05:30,14.1,26.2,56.1,0.505,107.0,7.41,8.97,157.0,0.224
FN,2025-12-24 00:00:00+05:30,12.7,25.4,57.1,0.525,113.0,7.26,9.03,152.0,0.226
FN,2025-12-25 00:00:00+05:30,34.8,25.5,62.2,0.486,101.0,7.91,9.97,81.2,0.25
FN,2025-12-26 00:00:00+05:30,72.5,25.1,64.0,0.484,100.0,7.87,10.2,15.3,0.256
FN,2025-12-27 00:00:00+05:30,403.0,25.0,67.6,0.48,99.3,12.8,7.23,27.7,0.175
FN,2025-12-28 00:00:00+05:30,68.1,25.0,65.3,0.464,94.1,31.7,10.4,14.4,0.261
FN,2025-12-29 00:00:00+05:30,68.1,25.2,64.8,0.476,97.4,70.4,10.4,13.9,0.259
FN,2025-12-30 00:00:00+05:30,79.0,24.7,68.5,0.508,107.0,64.8,11.0,14.0,0.274
FN,2025-12-31 00:00:00+05:30,179.0,24.4,76.4,0.481,99.1,60.2,12.2,7.46,0.305
FN,2026-01-01 00:00:00+05:30,40.6,24.6,81.7,0.483,100.0,52.9,13.1,1.07,0.326
FN,2026-01-02 00:00:00+05:30,29.8,24.8,83.2,0.489,102.0,16.8,13.3,1.22,0.333
FN,2026-01-03 00:00:00+05:30,36.7,25.2,77.1,0.506,107.0,17.5,12.3,0.931,0.309
FN,2026-01-04 00:00:00+05:30,40.1,26.0,80.0,0.544,121.0,17.0,12.8,1.03,0.321
FN,2026-01-05 00:00:00+05:30,27.0,27.0,71.4,0.619,142.0,17.0,11.4,0.963,0.286
FN,2026-01-06 00:00:00+05:30,25.6,26.4,71.1,0.593,133.0,17.9,11.4,1.17,0.285
FN,2026-01-07 00:00:00+05:30,51.3,24.5,74.4,0.475,97.4,41.4,11.2,7.7,0.236
FN,2026-01-08 00:00:00+05:30,53.1,25.2,62.2,0.469,94.4,95.6,23.6,27.1,0.249
FN,2026-01-09 00:00:00+05:30,43.9,24.7,62.5,0.468,93.9,85.5,34.0,25.3,0.25
FN,2026-01-10 00:00:00+05:30,41.0,24.5,61.9,0.428,81.8,82.1,37.0,25.5,0.247
FN,2026-01-20 00:00:00+05:30,55.8,23.4,76.9,0.568,126.0,28.5,15.2,5.14,0.308
FN,2026-01-21 00:00:00+05:30,60.4,25.5,70.0,0.493,102.0,29.3,16.3,6.61,0.28
FN,2026-01-22 00:00:00+05:30,59.8,26.1,68.2,0.571,126.0,29.4,17.1,7.05,0.273
FN,2026-01-23 00:00:00+05:30,63.2,24.9,79.0,0.606,136.0,30.8,17.4,11.2,0.316
FN,2026-01-24 00:00:00+05:30,36.8,24.2,73.1,0.486,99.9,30.8,15.2,7.22,0.293
FN,2026-01-25 00:00:00+05:30,46.4,24.8,74.6,0.481,100.0,29.4,16.3,2.23,0.298
FN,2026-01-26 00:00:00+05:30,59.1,26.2,75.3,0.502,107.0,29.6,18.3,2.47,0.301
FN,2026-01-27 00:00:00+05:30,54.5,24.7,81.3,0.629,146.0,31.7,17.5,9.36,0.325
FN,2026-01-28 00:00:00+05:30,26.9,24.9,69.4,0.501,108.0,29.5,12.8,1.28,0.278
FN,2026-01-29 00:00:00+05:30,42.0,25.9,65.3,0.496,106.0,29.6,13.3,1.66,0.261
FN,2026-01-30 00:00:00+05:30,69.3,26.6,77.4,0.65,153.0,30.8,13.7,7.31,0.31
FN,2026-01-31 00:00:00+05:30,87.2,25.9,84.5,0.65,153.0,28.6,14.3,2.77,0.337
FN,2026-02-01 00:00:00+05:30,70.3,26.9,75.8,0.594,136.0,28.8,13.1,1.45,0.303
FN,2026-02-02 00:00:00+05:30,67.1,27.3,68.9,0.642,150.0,28.7,12.9,1.47,0.275
FN,2026-02-03 00:00:00+05:30,73.1,26.6,67.6,0.617,143.0,28.7,12.4,2.62,0.271
FN,2026-02-04 00:00:00+05:30,40.2,29.6,55.8,0.624,144.0,30.0,11.5,3.4,0.223
FN,2026-02-05 00:00:00+05:30,34.0,28.1,60.5,0.65,152.0,27.2,8.89,4.28,0.242
FN,2026-02-06 00:00:00+05:30,84.4,28.1,57.1,0.649,152.0,30.2,9.56,12.7,0.228
FN,2026-02-07 00:00:00+05:30,63.6,28.1,50.7,0.65,152.0,37.7,,22.4,0.203
FN,2026-02-08 00:00:00+05:30,48.8,25.8,61.0,0.65,152.0,26.3,,0.07,0.244
FN,2026-02-09 00:00:00+05:30,49.4,26.6,66.3,0.607,139.0,25.8,,0.0803,0.265
FN,2026-02-10 00:00:00+05:30,43.9,26.4,68.8,0.594,136.0,26.2,,0.472,0.275
FN,2026-02-11 00:00:00+05:30,47.2,27.1,67.6,0.566,127.0,25.9,,0.148,0.271
FN,2026-02-12 00:00:00+05:30,41.0,27.6,68.7,0.647,151.0,25.1,5.39,0.173,0.275
FN,2026-02-13 00:00:00+05:30,55.9,27.2,69.2,0.645,151.0,26.6,5.55,0.171,0.276
FN,2026-02-14 00:00:00+05:30,59.5,28.2,63.6,0.649,152.0,27.9,4.92,1.04,0.254
FN,2026-02-15 00:00:00+05:30,99.7,28.7,63.8,0.648,153.0,25.9,6.17,0.11,0.255
FN,2026-02-16 00:00:00+05:30,109.0,25.0,62.7,0.649,153.0,24.5,8.5,0.0693,0.252
FN,2026-02-17 00:00:00+05:30,18.3,27.6,69.9,1.1,152.0,69.3,1.4,45.8,0.279
FN,2026-02-18 00:00:00+05:30,8.34,26.4,76.3,1.06,153.0,,5.6,0.123,0.305
FN,2026-02-19 00:00:00+05:30,24.4,27.0,76.0,1.08,153.0,30.7,4.06,3.65,0.304
FN,2026-02-20 00:00:00+05:30,38.2,27.7,77.9,1.11,153.0,27.2,4.42,0.336,0.311
FN,2026-02-21 00:00:00+05:30,36.6,29.4,64.1,1.18,153.0,27.4,3.02,0.373,0.257
FN,2026-02-22 00:00:00+05:30,34.8,28.2,69.7,1.13,153.0,26.6,3.21,0.598,0.278
FN,2026-02-23 00:00:00+05:30,30.7,28.2,66.2,1.13,153.0,25.9,2.74,0.509,0.265
FN,2026-02-24 00:00:00+05:30,28.0,27.9,72.9,1.12,153.0,25.8,5.96,0.416,0.293
FN,2026-02-25 00:00:00+05:30,23.2,30.2,66.1,1.21,153.0,25.9,3.56,0.48,0.266
FN,2026-02-27 00:00:00+05:30,6.48,25.6,73.2,1.02,18.0,26.1,2.73,0.827,0.293
FN,2026-02-28 00:00:00+05:30,11.2,25.9,70.3,1.04,18.100000000000005,25.6,2.98,0.607,0.281
FN,2026-03-01 00:00:00+05:30,15.9,25.7,72.0,1.03,18.100000000000005,25.4,3.26,0.601,0.288
FN,2026-03-02 00:00:00+05:30,84.6,27.7,70.0,1.11,17.9,32.1,9.94,0.916,0.281
FN,2026-03-03 00:00:00+05:30,44.0,28.4,71.7,1.14,17.8,26.5,12.5,1.51,0.286
FN,2026-03-04 00:00:00+05:30,24.2,31.4,56.8,1.25,17.7,26.8,11.4,1.58,0.227
FN,2026-03-05 00:00:00+05:30,23.0,31.2,47.2,1.25,17.7,27.2,12.2,2.74,0.189
FN,2026-03-06 00:00:00+05:30,22.8,29.8,56.8,1.19,17.7,29.0,12.7,5.86,0.227
FN,2026-03-07 00:00:00+05:30,16.9,27.9,78.2,1.12,17.8,25.9,10.4,1.2,0.313
FN,2026-03-08 00:00:00+05:30,28.9,30.6,64.0,1.22,17.7,27.6,18.0,3.7,0.256
FN,2026-03-09 00:00:00+05:30,119.0,31.7,48.4,1.27,17.7,165.0,15.8,426.0,0.193
FN,2026-03-10 00:00:00+05:30,493.0,35.7,39.1,1.43,17.3,,,497.0,0.16
FN,2026-03-14 00:00:00+05:30,148.0,28.9,71.7,1.16,153.0,52.2,10.9,4.07,0.287
FN,2026-03-15 00:00:00+05:30,82.0,28.4,76.8,1.14,153.0,27.1,10.9,0.0738,0.308
FN,2026-03-16 00:00:00+05:30,48.4,28.3,77.0,1.13,153.0,24.4,12.4,0.155,0.308
FN,2026-03-17 00:00:00+05:30,52.1,27.8,76.3,1.11,153.0,24.6,15.1,0.876,0.306
FN,2026-03-18 00:00:00+05:30,36.9,27.4,74.1,1.1,153.0,24.1,16.2,0.455,0.296
FN,2026-03-19 00:00:00+05:30,21.4,27.2,75.6,1.09,153.0,23.9,18.1,120.0,0.302
FN,2026-03-20 00:00:00+05:30,20.5,27.4,72.0,1.1,153.0,23.4,24.3,0.62,0.288
FN,2026-03-21 00:00:00+05:30,24.2,28.4,64.5,1.14,151.0,23.5,33.3,0.564,0.258
FN,2026-03-22 00:00:00+05:30,32.6,29.6,57.5,1.18,153.0,23.4,41.7,1.11,0.23
FN,2026-03-23 00:00:00+05:30,48.1,30.0,56.8,1.2,154.0,23.4,51.9,13.9,0.227
FN,2026-03-24 00:00:00+05:30,54.8,31.1,62.4,1.24,154.0,23.0,94.4,1.26,0.25
FN,2026-03-25 00:00:00+05:30,30.7,30.0,72.8,1.2,153.0,23.3,162.0,1.61,0.291
FN,2026-03-26 00:00:00+05:30,34.1,31.1,68.0,1.24,153.0,23.3,175.0,1.11,0.272
FN,2026-03-27 00:00:00+05:30,34.4,31.8,63.5,1.27,153.0,23.4,197.0,1.44,0.254
FN,2026-03-28 00:00:00+05:30,45.1,29.0,81.4,1.16,153.0,23.2,,1.31,0.326
FN,2026-03-29 00:00:00+05:30,12.9,28.6,81.1,1.15,153.0,23.4,,1.52,0.324
FN,2026-03-30 00:00:00+05:30,30.7,29.0,81.9,1.16,153.0,23.2,,0.898,0.327
FN,2026-03-31 00:00:00+05:30,10.9,29.3,77.2,1.17,153.0,23.4,,1.06,0.309
FN,2026-04-01 00:00:00+05:30,22.5,28.4,79.2,1.14,153.0,23.2,,0.523,0.316
FN,2026-04-02 00:00:00+05:30,23.8,28.1,77.6,1.12,153.0,23.3,,0.201,0.31
FN,2026-04-03 00:00:00+05:30,36.2,28.5,74.3,1.14,153.0,23.4,,3.06,0.298
FN,2026-04-04 00:00:00+05:30,23.1,28.5,77.5,1.14,152.0,23.2,,1.08,0.31
FN,2026-04-05 00:00:00+05:30,14.7,28.2,74.1,1.13,150.0,23.0,,0.791,0.295
FN,2026-04-06 00:00:00+05:30,14.3,27.8,73.2,1.11,149.0,23.5,,2.99,0.293
FN,2026-04-07 00:00:00+05:30,15.1,28.3,75.5,1.13,147.0,23.3,,1.05,0.303
FN,2026-04-08 00:00:00+05:30,17.7,29.3,78.5,1.17,146.0,23.2,,0.987,0.314
FN,2026-04-09 00:00:00+05:30,63.2,29.6,70.4,1.18,146.0,23.1,,0.284,0.282
FN,2026-04-10 00:00:00+05:30,336.0,29.5,69.1,1.18,146.0,23.0,,0.881,0.276
FN,2026-04-11 00:00:00+05:30,47.2,30.4,77.8,1.22,146.0,23.2,,0.856,0.311
FN,2026-04-12 00:00:00+05:30,93.9,29.2,80.7,1.17,146.0,23.5,,3.8,0.32
FN,2026-04-13 00:00:00+05:30,270.0,27.9,89.7,1.12,146.0,23.5,,0.189,0.359
FN,2026-04-14 00:00:00+05:30,31.5,34.0,68.9,1.36,145.0,22.2,,0.0,0.275
FN,2026-04-15 00:00:00+05:30,103.0,30.7,74.5,1.23,145.0,23.2,,0.403,0.298
FN,2026-04-16 00:00:00+05:30,16.8,28.6,79.9,1.14,145.0,23.4,,0.0462,0.32
FN,2026-04-17 00:00:00+05:30,19.6,29.1,81.8,1.16,145.0,23.2,,0.0428,0.327
FN,2026-04-18 00:00:00+05:30,24.8,30.3,80.8,1.21,145.0,22.8,,0.0249,0.324
FN,2026-04-19 00:00:00+05:30,29.0,30.4,74.1,1.22,145.0,22.9,,0.0541,0.296
FN,2026-04-20 00:00:00+05:30,91.1,29.9,78.8,1.2,145.0,23.3,,0.339,0.315
FN,2026-04-21 00:00:00+05:30,71.3,30.4,78.0,1.22,145.0,23.3,,0.355,0.313
FN,2026-04-22 00:00:00+05:30,22.1,30.2,77.0,1.21,145.0,23.0,,0.365,0.306
FN,2026-04-23 00:00:00+05:30,37.2,31.0,72.9,1.24,145.0,22.7,,0.135,0.291
FN,2026-04-24 00:00:00+05:30,155.0,31.4,78.0,1.26,145.0,22.8,,0.472,0.312
FN,2026-04-25 00:00:00+05:30,70.7,31.9,72.4,1.27,145.0,22.9,,0.496,0.288
FN,2026-04-26 00:00:00+05:30,72.1,30.9,80.1,1.23,144.0,23.0,,0.302,0.32
FN,2026-04-27 00:00:00+05:30,133.0,30.7,83.0,1.23,144.0,22.9,,0.411,0.332
FN,2026-04-28 00:00:00+05:30,91.5,30.1,84.0,1.21,145.0,23.1,,0.285,0.335
FN,2026-04-29 00:00:00+05:30,72.2,30.3,81.8,1.21,145.0,22.9,,0.808,0.326
FN,2026-04-30 00:00:00+05:30,44.6,30.4,81.8,1.22,145.0,23.1,,0.259,0.327
FN,2026-05-01 00:00:00+05:30,37.1,30.7,79.8,1.23,145.0,23.2,,0.435,0.319
FN,2026-05-02 00:00:00+05:30,41.6,30.5,80.2,1.22,145.0,23.5,,0.929,0.32
FN,2026-05-03 00:00:00+05:30,74.2,30.8,80.5,1.23,145.0,23.3,,7.43,0.323
FN,2026-05-04 00:00:00+05:30,6.79,31.1,78.4,1.24,146.0,23.2,,7.16,0.313
FN,2026-05-05 00:00:00+05:30,71.6,31.1,78.8,1.24,146.0,22.9,,2.23,0.313
FN,2026-05-06 00:00:00+05:30,7.2,32.0,73.6,1.28,146.0,22.2,,5.23,0.294
FN,2026-05-07 00:00:00+05:30,65.9,31.3,80.3,1.25,145.0,22.8,,33.5,0.322
FN,2026-05-08 00:00:00+05:30,147.0,31.2,81.6,1.25,145.0,22.4,,88.7,0.326
FN,2026-05-09 00:00:00+05:30,36.2,32.1,77.7,1.29,145.0,22.3,,38.0,0.312
FN,2026-05-10 00:00:00+05:30,48.9,32.0,77.4,1.28,145.0,22.5,,37.5,0.31
FN,2026-05-11 00:00:00+05:30,44.2,32.4,77.6,1.3,144.0,23.1,,26.9,0.313
FN,2026-05-12 00:00:00+05:30,31.7,31.5,79.9,1.26,145.0,29.4,1.6,22.7,0.32
FN,2026-05-13 00:00:00+05:30,7.31,31.3,81.8,1.25,146.0,38.8,0.0,32.5,0.327
FN,2026-05-14 00:00:00+05:30,6.65,31.4,80.6,1.26,146.0,34.5,0.0,17.7,0.322
FN,2026-05-15 00:00:00+05:30,7.16,31.2,80.4,1.25,145.0,34.5,0.762,23.8,0.321
FN,2026-05-16 00:00:00+05:30,16.6,30.6,82.2,1.22,144.0,33.9,0.0107,27.1,0.331
FN,2026-05-17 00:00:00+05:30,28.3,29.9,85.5,1.2,144.0,34.0,0.0,31.5,0.34
FN,2026-05-18 00:00:00+05:30,31.8,32.6,77.5,1.3,143.0,33.3,0.046,42.2,0.31
FN,2026-05-19 00:00:00+05:30,32.2,30.8,78.8,1.23,143.0,34.7,24.5,43.4,0.317
FN,2026-05-20 00:00:00+05:30,28.3,30.9,79.3,1.23,72.5,35.0,29.0,43.6,0.317
FN,2026-05-21 00:00:00+05:30,28.1,31.4,79.7,1.25,8.190000000000001,34.1,29.1,42.8,0.319
FN,2026-05-22 00:00:00+05:30,28.1,31.9,80.3,1.28,8.179999999999998,34.9,29.2,43.2,0.321
FN,2026-05-23 00:00:00+05:30,27.1,32.1,80.0,1.28,9.73,34.7,29.2,43.2,0.32
FN,2026-05-24 00:00:00+05:30,22.7,32.2,80.7,1.29,10.4,34.6,29.2,42.8,0.323
FN,2026-05-25 00:00:00+05:30,24.6,32.0,80.6,1.28,9.749999999999998,34.3,29.3,42.6,0.322
FN,2026-05-26 00:00:00+05:30,28.7,31.9,79.9,1.28,9.29,35.5,29.2,43.6,0.32
FN,2026-05-27 00:00:00+05:30,42.5,31.9,78.2,1.27,9.369999999999996,27.8,29.1,38.2,0.312
FN,2026-05-28 00:00:00+05:30,,32.1,76.3,1.28,9.09,31.3,29.4,41.1,0.305
FN,2026-05-29 00:00:00+05:30,27.8,32.2,76.7,1.29,8.76,31.0,29.5,43.7,0.307
FN,2026-05-30 00:00:00+05:30,29.0,32.5,78.0,1.3,8.92,29.0,29.5,29.5,0.312
FN,2026-05-31 00:00:00+05:30,26.1,31.8,81.4,1.27,8.42,26.9,29.5,3.5,0.325
FN,2026-06-01 00:00:00+05:30,24.1,32.3,77.0,1.29,8.23,26.8,29.7,3.5,0.308
FN,2026-06-02 00:00:00+05:30,31.3,32.1,77.2,1.28,9.54,30.5,29.8,3.5,0.309
FN,2026-06-03 00:00:00+05:30,33.5,31.0,78.4,1.24,10.5,28.2,30.0,3.5,0.314
FN,2026-06-04 00:00:00+05:30,30.0,31.7,78.7,1.27,10.7,25.6,30.2,3.5,0.314
FN,2026-06-05 00:00:00+05:30,31.1,32.4,79.7,1.29,10.6,24.0,30.1,3.5,0.319
FN,2026-06-06 00:00:00+05:30,31.0,32.8,77.5,1.31,10.6,23.8,30.4,3.5,0.309
FN,2026-06-07 00:00:00+05:30,38.1,31.4,83.0,1.25,10.7,24.1,30.4,,0.33
FN,2026-06-08 00:00:00+05:30,31.8,33.0,76.3,1.32,10.2,23.6,31.6,3.5,0.306
FN,2026-06-09 00:00:00+05:30,29.3,32.5,78.3,1.3,10.2,23.6,32.0,3.5,0.314
FN,2026-06-10 00:00:00+05:30,31.2,32.2,78.1,1.29,10.3,23.7,32.7,3.5,0.312
FN,2026-06-11 00:00:00+05:30,28.4,32.3,77.4,1.29,9.68,22.7,32.5,3.5,0.309
FN,2026-06-12 00:00:00+05:30,,32.4,78.5,1.3,8.49,30.5,31.8,3.5,0.315
FN,2026-06-13 00:00:00+05:30,,32.3,78.1,1.29,8.21,39.3,,3.5,0.313
FN,2026-06-14 00:00:00+05:30,,32.1,76.7,1.29,8.49,38.5,,3.5,0.307
FN,2026-06-15 00:00:00+05:30,,32.2,76.2,1.29,8.58,39.7,,3.5,0.305
FN,2026-06-16 00:00:00+05:30,,32.0,76.0,1.28,8.79,39.5,,3.5,0.304
FN,2026-06-17 00:00:00+05:30,32.3,32.0,74.7,1.28,8.8,39.2,,3.5,0.298
FN,2026-06-18 00:00:00+05:30,31.4,31.8,75.2,1.27,8.91,39.1,,3.5,0.302
FN,2026-06-19 00:00:00+05:30,44.6,31.8,73.2,1.27,8.93,32.6,31.8,3.5,0.292
FN,2026-06-20 00:00:00+05:30,,31.8,74.0,1.27,8.95,31.9,32.1,3.5,0.296
FN,2026-06-21 00:00:00+05:30,,31.0,79.8,1.24,7.46,40.0,,3.5,0.32
FN,2026-06-22 00:00:00+05:30,,30.2,82.8,1.21,7.699999999999999,40.6,,3.5,0.332
FN,2026-06-23 00:00:00+05:30,,27.3,93.6,1.09,8.04,40.1,,3.5,0.375
FN,2026-06-25 00:00:00+05:30,,28.6,89.6,1.14,260.0,30.1,,3.5,0.36
FN,2026-06-26 00:00:00+05:30,,29.6,87.0,1.18,260.0,30.8,,3.5,0.348
FN,2026-06-27 00:00:00+05:30,,30.3,83.3,1.21,260.0,30.3,,3.5,0.333
FN,2026-06-28 00:00:00+05:30,,29.5,88.1,1.18,259.0,30.2,,3.5,0.352
FN,2026-06-29 00:00:00+05:30,5.0,27.0,95.0,1.08,258.0,30.2,,3.5,0.381
FN,2026-06-30 00:00:00+05:30,,26.3,99.5,1.05,259.0,30.1,,3.5,0.399
FN,2026-07-01 00:00:00+05:30,16.6,25.9,99.8,1.04,211.0,30.8,,3.5,0.4
FN,2026-07-02 00:00:00+05:30,23.0,26.2,98.3,1.05,226.0,30.8,,3.5,0.393
FN,2026-07-03 00:00:00+05:30,21.9,25.6,99.9,1.02,237.0,31.1,,3.5,0.4
FN,2026-07-04 00:00:00+05:30,22.6,33.2,99.9,1.33,218.0,31.0,,3.5,0.4
FN,2026-07-05 00:00:00+05:30,25.9,43.9,99.9,1.75,231.0,31.5,,3.5,0.4
FN,2026-07-06 00:00:00+05:30,33.9,44.6,99.9,1.79,164.0,32.2,,3.5,0.4
FN,2026-07-07 00:00:00+05:30,31.8,48.4,98.5,1.93,102.0,31.2,121.0,3.5,0.395
FS,2025-10-12 00:00:00+05:30,7.4,,24.5,0.0,1.57,3.86,138.0,29.5,0.749
FS,2025-10-13 00:00:00+05:30,6.23,,24.1,0.0,1.92,3.58,132.0,30.7,0.628
FS,2025-10-14 00:00:00+05:30,4.04,,21.9,0.0,1.7,3.11,114.0,31.0,0.697
FS,2025-10-15 00:00:00+05:30,7.52,,24.0,0.0,1.8500000000000003,3.43,114.0,24.3,0.704
FS,2025-10-16 00:00:00+05:30,4.31,,21.8,0.0,3.0000000000000004,3.77,77.4,17.4,0.754
FS,2025-10-17 00:00:00+05:30,3.22,,19.4,0.0,1.7400000000000002,3.22,66.4,22.2,
FS,2025-10-18 00:00:00+05:30,8.57,,19.6,0.0,1.7999999999999998,3.69,100.0,23.2,
FS,2025-10-19 00:00:00+05:30,4.06,,18.2,0.0,1.43,3.39,106.0,26.7,0.648
FS,2025-10-20 00:00:00+05:30,5.19,,18.3,0.0,1.91,5.21,144.0,15.0,0.591
FS,2025-10-21 00:00:00+05:30,1.39,,17.4,0.0,1.31,2.93,149.0,23.2,0.818
FS,2025-10-22 00:00:00+05:30,3.17,49.8,18.7,0.0,1.15,3.51,83.5,15.9,0.612
FS,2025-10-23 00:00:00+05:30,2.89,,18.8,0.0,1.06,3.3,89.0,9.77,
FS,2025-10-24 00:00:00+05:30,2.44,44.1,16.4,0.0,0.867,2.89,49.8,7.33,
FS,2025-10-25 00:00:00+05:30,7.03,45.4,18.0,0.0,1.3,2.7,34.6,2.04,
FS,2025-10-26 00:00:00+05:30,3.17,49.6,19.7,0.0,0.909,2.88,27.9,2.0,0.634
FS,2025-10-27 00:00:00+05:30,2.56,37.6,17.0,0.0,0.448,2.32,27.8,9.54,2.9
FS,2025-10-28 00:00:00+05:30,2.18,51.4,21.1,0.0,0.948,3.04,54.5,11.7,0.899
FS,2025-10-29 00:00:00+05:30,1.4,47.7,19.3,0.0,0.8769999999999999,2.63,59.9,17.8,0.872
FS,2025-10-30 00:00:00+05:30,1.13,48.4,19.7,0.0,0.922,2.58,43.1,17.0,1.39
FS,2025-10-31 00:00:00+05:30,1.14,50.0,20.1,0.0,1.78,2.75,36.6,11.8,
FS,2025-11-01 00:00:00+05:30,2.52,48.6,18.9,0.0,1.7400000000000002,3.09,43.6,8.85,1.06
FS,2025-11-02 00:00:00+05:30,1.91,50.9,20.7,0.0,1.77,2.64,34.5,7.22,0.859
FS,2025-11-03 00:00:00+05:30,7.41,51.7,20.5,0.0,4.19,3.16,32.6,5.86,1.52
FS,2025-11-04 00:00:00+05:30,1.87,,16.0,0.0,1.99,13.2,85.7,11.8,0.673
FS,2025-11-05 00:00:00+05:30,11.2,52.9,21.2,0.0,1.05,1.6,125.0,25.7,2.81
FS,2025-11-06 00:00:00+05:30,2.23,,19.6,0.0,0.34,0.19,98.2,30.0,7.21
FS,2025-11-07 00:00:00+05:30,3.24,49.4,19.0,0.0,0.77,1.18,123.0,46.2,4.12
FS,2025-11-08 00:00:00+05:30,4.81,,19.9,0.0,1.69,2.18,169.0,38.7,0.737
FS,2025-11-09 00:00:00+05:30,21.5,,20.6,0.0,1.95,2.28,180.0,38.3,0.697
FS,2025-11-10 00:00:00+05:30,27.5,,23.5,0.0,2.39,4.12,191.0,19.2,0.625
FS,2025-11-11 00:00:00+05:30,11.8,,19.9,0.0,2.37,2.18,147.0,48.1,0.649
FS,2025-11-12 00:00:00+05:30,4.61,,19.5,0.0,2.1299999999999994,2.02,180.0,45.1,0.498
FS,2025-11-13 00:00:00+05:30,13.5,,18.8,0.0,2.04,1.6,207.0,46.0,0.604
FS,2025-11-14 00:00:00+05:30,12.4,,22.5,0.0,2.07,1.33,193.0,46.7,0.489
FS,2025-11-15 00:00:00+05:30,25.6,,21.2,0.0,2.69,4.4,141.0,35.6,0.686
FS,2025-11-16 00:00:00+05:30,13.4,,21.6,0.0,2.27,1.99,135.0,33.3,0.542
FS,2025-11-17 00:00:00+05:30,2.0,,19.6,0.0,1.55,2.81,119.0,47.5,0.587
FS,2025-11-18 00:00:00+05:30,7.6,,19.5,0.0,2.38,3.98,151.0,28.6,0.806
FS,2025-11-19 00:00:00+05:30,19.5,,21.5,0.0,2.7700000000000005,5.35,150.0,28.6,0.873
FS,2025-11-20 00:00:00+05:30,15.6,,20.1,0.0,2.6,5.02,135.0,28.9,0.736
FS,2025-11-21 00:00:00+05:30,19.2,,14.7,0.0,1.97,3.73,139.0,27.6,
FS,2025-11-22 00:00:00+05:30,11.4,,14.9,0.0,1.48,1.68,143.0,23.5,0.658
FS,2025-11-23 00:00:00+05:30,28.4,,26.7,0.0,3.620000000000001,3.59,155.0,28.5,0.52
FS,2025-11-24 00:00:00+05:30,8.25,,23.8,0.0,2.28,2.64,124.0,40.8,0.623
FS,2025-11-25 00:00:00+05:30,40.1,,26.3,0.0,3.830000000000001,4.89,153.0,25.6,0.651
FS,2025-11-26 00:00:00+05:30,0.65,,22.1,0.0,2.42,3.11,116.0,44.1,0.788
FS,2025-11-27 00:00:00+05:30,3.71,,24.0,0.0,2.3300000000000005,1.98,120.0,39.6,0.754
FS,2025-11-28 00:00:00+05:30,9.49,,21.6,0.0,2.31,2.23,121.0,33.2,0.621
FS,2025-11-29 00:00:00+05:30,4.88,,20.8,0.0,2.18,2.1,116.0,24.7,0.493
FS,2025-11-30 00:00:00+05:30,7.85,,21.9,0.0,2.05,2.44,113.0,30.9,
FS,2025-12-01 00:00:00+05:30,21.8,,20.6,0.0,2.76,7.44,128.0,27.1,
FS,2025-12-02 00:00:00+05:30,21.1,,20.5,0.0,3.08,4.01,139.0,22.1,0.532
FS,2025-12-03 00:00:00+05:30,17.2,,21.7,0.0,2.76,5.34,141.0,20.9,0.781
FS,2025-12-04 00:00:00+05:30,20.3,,20.6,0.0,3.06,10.9,133.0,14.9,0.465
FS,2025-12-05 00:00:00+05:30,9.89,,19.4,0.0,2.43,8.54,133.0,18.3,0.783
FS,2025-12-06 00:00:00+05:30,3.69,,19.7,0.0,2.03,7.46,101.0,28.4,0.695
FS,2025-12-07 00:00:00+05:30,2.94,,20.3,0.0,1.89,5.17,106.0,30.8,0.73
FS,2025-12-08 00:00:00+05:30,12.7,,21.6,0.0,2.35,7.02,116.0,25.0,0.599
FS,2025-12-09 00:00:00+05:30,23.4,,20.9,0.0,2.61,4.97,115.0,16.1,
FS,2025-12-10 00:00:00+05:30,28.1,,18.6,0.0,2.61,16.2,112.0,16.4,0.409
FS,2025-12-11 00:00:00+05:30,15.8,,19.8,0.0,2.19,5.2,108.0,23.1,0.918
FS,2025-12-12 00:00:00+05:30,33.2,,19.6,0.0,2.29,4.46,131.0,23.4,0.874
FS,2025-12-13 00:00:00+05:30,23.9,,24.0,0.0,3.11,3.97,130.0,25.9,0.924
FS,2025-12-14 00:00:00+05:30,19.2,,25.3,0.0,2.87,7.91,112.0,17.6,0.384
FS,2025-12-15 00:00:00+05:30,4.7,,22.2,0.0,2.36,5.86,108.0,8.87,0.366
FS,2025-12-17 00:00:00+05:30,18.1,50.5,20.3,0.0,1.94,7.71,108.0,20.0,0.789
FS,2025-12-18 00:00:00+05:30,28.3,,22.4,0.0,2.52,5.01,120.0,13.0,0.87
FS,2025-12-19 00:00:00+05:30,27.1,,22.7,0.0,2.7200000000000006,4.28,104.0,12.5,0.393
FS,2025-12-20 00:00:00+05:30,18.3,,21.7,0.0,2.14,6.62,91.6,12.1,0.648
FS,2025-12-21 00:00:00+05:30,50.1,,23.2,0.0,3.11,8.79,105.0,0.33,0.53
FS,2025-12-22 00:00:00+05:30,31.2,,20.9,0.0,2.29,7.79,91.0,10.4,0.522
FS,2025-12-23 00:00:00+05:30,17.4,,21.0,0.0,1.98,7.02,93.0,12.9,0.597
FS,2025-12-24 00:00:00+05:30,7.94,,21.3,0.0,2.0,4.9,65.0,9.27,0.594
FS,2025-12-25 00:00:00+05:30,15.6,,23.5,0.0,1.89,5.85,102.0,16.6,0.558
FS,2025-12-27 00:00:00+05:30,8.41,46.5,19.3,0.0,1.48,3.82,88.4,18.1,0.646
FS,2025-12-28 00:00:00+05:30,21.1,,23.7,0.0,2.2,5.67,116.0,13.7,0.547
FS,2025-12-29 00:00:00+05:30,53.3,,27.6,0.736,80.1,48.6,55.1,3.96,0.524
FS,2025-12-30 00:00:00+05:30,63.1,,,1.16,102.0,90.3,8.2,5.32,0.821
FS,2025-12-31 00:00:00+05:30,59.2,25.8,52.5,0.972,136.0,58.1,7.78,5.11,0.643
FS,2026-01-01 00:00:00+05:30,35.7,25.7,59.5,1.05,130.0,32.8,5.61,2.25,0.419
FS,2026-01-02 00:00:00+05:30,48.1,25.6,64.4,1.25,,44.1,7.12,3.59,0.765
FS,2026-01-03 00:00:00+05:30,54.4,26.0,51.7,1.36,,48.3,6.72,2.53,0.701
FS,2026-01-04 00:00:00+05:30,76.2,25.9,56.7,1.29,,58.8,3.42,4.08,0.977
FS,2026-01-05 00:00:00+05:30,64.8,27.1,40.6,1.07,103.0,49.0,9.39,4.06,0.716
FS,2026-01-06 00:00:00+05:30,61.9,26.6,44.0,0.974,135.0,45.7,8.32,3.38,0.607
FS,2026-01-07 00:00:00+05:30,73.1,26.2,42.0,1.04,84.9,55.7,7.49,3.88,0.88
FS,2026-01-08 00:00:00+05:30,59.6,26.1,33.4,1.0,79.6,55.1,5.71,3.48,0.646
FS,2026-01-09 00:00:00+05:30,58.0,25.7,,1.41,86.4,64.0,18.4,4.81,0.948
FS,2026-01-10 00:00:00+05:30,61.0,25.9,27.1,1.37,70.9,55.0,12.3,4.49,0.496
FS,2026-01-20 00:00:00+05:30,50.0,25.3,51.3,1.3,126.0,69.7,7.67,7.49,1.09
FS,2026-01-21 00:00:00+05:30,69.8,26.2,44.9,,,63.3,9.84,5.94,0.871
FS,2026-01-22 00:00:00+05:30,66.7,26.7,37.0,,,50.4,14.3,5.17,1.16
FS,2026-01-23 00:00:00+05:30,47.2,25.9,53.7,1.33,,41.0,10.0,2.28,0.29
FS,2026-01-24 00:00:00+05:30,39.0,25.5,44.1,1.36,70.2,50.3,8.14,3.67,0.61
FS,2026-01-27 00:00:00+05:30,22.6,25.6,52.5,1.68,85.3,25.2,11.9,1.69,0.235
FS,2026-01-28 00:00:00+05:30,30.1,25.6,43.1,1.6,83.9,33.1,11.8,2.65,0.416
FS,2026-01-29 00:00:00+05:30,49.1,26.3,35.5,0.984,101.0,63.6,9.71,4.49,0.775
FS,2026-01-30 00:00:00+05:30,59.8,26.6,56.8,0.965,144.0,58.5,10.2,3.48,0.696
FS,2026-01-31 00:00:00+05:30,48.8,26.3,67.6,1.09,98.2,43.6,9.29,2.0,0.604
FS,2026-02-01 00:00:00+05:30,49.8,26.1,59.5,1.22,65.0,61.6,6.98,3.01,0.755
FS,2026-02-02 00:00:00+05:30,66.7,27.9,25.4,1.05,110.0,49.4,20.3,5.7,0.584
FS,2026-02-03 00:00:00+05:30,68.7,25.7,60.4,0.977,166.0,90.4,0.314,3.74,0.798
FS,2026-02-04 00:00:00+05:30,84.3,27.0,27.0,0.838,32.0,46.4,9.13,0.05,0.61
FS,2026-02-05 00:00:00+05:30,71.9,26.8,36.2,0.839,69.8,97.9,5.38,4.47,0.777
FS,2026-02-06 00:00:00+05:30,52.8,27.4,23.3,1.44,74.1,49.0,12.1,2.07,0.49
FS,2026-02-07 00:00:00+05:30,55.7,27.4,20.0,0.972,103.0,58.5,11.3,5.76,0.684
FS,2026-02-08 00:00:00+05:30,41.8,26.7,27.3,0.981,105.0,71.0,8.66,3.9,0.723
FS,2026-02-09 00:00:00+05:30,56.8,26.7,41.5,1.15,119.0,47.0,14.2,8.65,0.658
FS,2026-02-10 00:00:00+05:30,46.9,26.5,42.9,1.59,94.7,32.7,18.6,9.05,0.445
FS,2026-02-11 00:00:00+05:30,52.9,26.8,41.7,1.37,101.0,20.1,16.5,7.65,0.56
FS,2026-02-12 00:00:00+05:30,49.5,26.9,46.6,1.12,61.0,36.2,17.7,2.79,0.737
FS,2026-02-13 00:00:00+05:30,61.9,28.6,20.2,0.805,148.0,37.5,19.7,8.93,0.687
FS,2026-02-14 00:00:00+05:30,77.8,26.2,43.4,1.04,127.0,89.5,1.09,11.6,1.25
FS,2026-02-15 00:00:00+05:30,68.6,26.4,37.5,1.47,56.9,91.4,1.76,5.09,1.31
FS,2026-02-18 00:00:00+05:30,15.0,26.5,47.9,1.42,110.0,3.94,11.7,2.46,0.242
FS,2026-02-20 00:00:00+05:30,66.3,27.5,47.1,1.25,92.3,27.8,19.9,4.42,0.856
FS,2026-02-21 00:00:00+05:30,67.6,27.7,37.1,0.966,84.1,40.8,14.4,3.93,0.755
FS,2026-02-22 00:00:00+05:30,60.7,26.9,,0.665,115.0,43.8,9.38,4.23,0.747
FS,2026-02-23 00:00:00+05:30,50.3,27.4,39.6,1.06,86.2,29.9,14.4,6.49,0.639
FS,2026-02-24 00:00:00+05:30,46.0,27.1,46.9,1.21,92.8,25.8,14.8,4.5,0.63
FS,2026-02-25 00:00:00+05:30,38.4,27.1,46.7,0.974,97.1,28.9,9.76,4.27,0.544
FS,2026-02-26 00:00:00+05:30,11.7,26.8,44.3,1.36,83.8,2.6,8.65,0.881,0.183
FS,2026-02-27 00:00:00+05:30,13.4,26.3,45.5,1.19,66.2,13.0,5.93,1.8,0.333
FS,2026-02-28 00:00:00+05:30,14.1,26.4,40.9,1.24,68.5,17.4,9.42,2.71,0.351
FS,2026-03-01 00:00:00+05:30,23.8,26.3,46.2,1.32,76.7,15.1,13.6,3.63,0.518
FS,2026-03-02 00:00:00+05:30,18.0,26.4,49.8,1.38,77.8,22.2,11.6,2.59,0.435
FS,2026-03-03 00:00:00+05:30,72.5,27.0,48.0,1.28,90.40000000000002,24.2,22.0,4.81,1.03
FS,2026-03-04 00:00:00+05:30,43.1,28.4,39.6,1.15,89.8,25.0,21.9,9.55,0.636
FS,2026-03-05 00:00:00+05:30,33.5,28.3,,1.15,66.2,39.7,11.5,5.44,0.783
FS,2026-03-06 00:00:00+05:30,29.5,28.0,,1.36,119.0,46.8,21.2,3.8,0.449
FS,2026-03-07 00:00:00+05:30,24.6,27.2,50.1,1.28,95.4,42.4,24.2,3.01,0.493
FS,2026-03-08 00:00:00+05:30,52.5,29.2,21.0,1.45,94.3,50.5,39.2,6.43,0.716
FS,2026-03-09 00:00:00+05:30,45.2,29.8,15.3,1.06,99.7,60.8,26.0,17.3,0.632
FS,2026-03-10 00:00:00+05:30,58.4,29.3,,0.918,109.0,,24.5,8.4,0.856
FS,2026-03-11 00:00:00+05:30,84.4,28.1,,0.696,161.0,,19.5,1.85,0.384
FS,2026-03-12 00:00:00+05:30,44.5,27.7,63.8,0.791,118.0,,19.6,1.96,0.546
FS,2026-03-13 00:00:00+05:30,52.2,28.1,43.8,1.03,98.6,,27.3,4.16,0.613
FS,2026-03-14 00:00:00+05:30,22.3,28.1,37.5,1.13,103.0,22.6,20.0,2.11,0.156
FS,2026-03-15 00:00:00+05:30,14.0,27.9,47.0,1.09,91.7,18.2,13.6,1.82,0.289
FS,2026-03-16 00:00:00+05:30,11.3,27.8,40.9,1.06,111.0,16.6,14.0,1.63,0.245
FS,2026-03-17 00:00:00+05:30,18.7,27.6,42.4,0.802,101.0,20.1,15.3,2.44,0.242
FS,2026-03-18 00:00:00+05:30,18.9,27.6,37.2,1.06,93.8,15.6,15.1,5.55,0.33
FS,2026-03-19 00:00:00+05:30,16.1,26.5,50.2,1.15,68.5,7.63,10.1,2.53,0.408
FS,2026-03-20 00:00:00+05:30,16.6,27.3,38.7,1.22,102.0,13.7,17.2,3.59,0.311
FS,2026-03-21 00:00:00+05:30,24.3,27.1,32.9,1.35,75.8,15.8,18.3,4.54,0.656
FS,2026-03-22 00:00:00+05:30,35.3,27.7,25.2,1.4,62.900000000000006,18.6,20.9,7.31,0.727
FS,2026-03-23 00:00:00+05:30,71.7,28.3,,1.13,93.2,,21.8,6.53,0.779
FS,2026-03-24 00:00:00+05:30,45.9,29.1,,1.49,105.0,11.8,36.5,5.54,0.327
FS,2026-03-25 00:00:00+05:30,23.8,28.4,41.9,1.48,120.0,6.95,23.5,3.28,0.37
FS,2026-03-26 00:00:00+05:30,26.5,27.9,46.2,1.43,93.1,,25.6,4.13,0.458
FS,2026-03-27 00:00:00+05:30,56.9,28.6,34.1,1.35,106.0,16.3,26.8,6.44,0.24
FS,2026-03-28 00:00:00+05:30,15.2,28.0,49.0,1.08,103.0,23.0,16.5,1.37,0.235
FS,2026-03-29 00:00:00+05:30,6.4,27.4,59.9,0.871,76.6,23.0,10.1,1.07,0.204
FS,2026-03-30 00:00:00+05:30,13.8,27.7,56.5,1.43,93.0,23.0,14.3,1.48,0.318
FS,2026-03-31 00:00:00+05:30,8.83,27.8,50.5,1.44,85.7,23.0,10.5,1.61,0.278
FS,2026-04-01 00:00:00+05:30,8.79,27.1,57.5,1.47,90.0,22.9,15.3,1.11,0.288
FS,2026-04-02 00:00:00+05:30,7.52,27.6,47.1,1.38,84.3,23.1,34.4,2.59,0.221
FS,2026-04-03 00:00:00+05:30,16.1,27.1,46.5,1.16,71.1,22.9,24.7,4.8,0.444
FS,2026-04-04 00:00:00+05:30,7.23,27.6,47.3,1.2,87.6,23.1,19.6,3.17,0.259
FS,2026-04-05 00:00:00+05:30,7.97,27.3,47.7,1.15,78.0,22.9,29.7,2.69,0.229
FS,2026-04-06 00:00:00+05:30,12.7,27.2,43.2,0.79,103.0,22.9,38.9,2.66,0.264
FS,2026-04-07 00:00:00+05:30,14.2,27.4,47.5,0.782,112.0,23.0,25.7,3.39,0.316
FS,2026-04-08 00:00:00+05:30,13.6,27.8,50.7,0.645,135.0,23.0,12.7,2.69,0.263
FS,2026-04-09 00:00:00+05:30,19.8,27.8,42.7,1.15,87.4,28.3,13.8,3.07,0.405
FS,2026-04-10 00:00:00+05:30,21.5,27.9,39.8,1.45,84.4,33.3,20.1,3.33,0.324
FS,2026-04-11 00:00:00+05:30,94.9,28.2,50.7,1.22,103.0,25.5,34.5,2.84,0.279
FS,2026-04-12 00:00:00+05:30,41.5,28.1,57.0,1.21,98.0,28.6,25.7,2.89,0.326
FS,2026-04-13 00:00:00+05:30,22.6,28.0,58.9,0.647,148.0,25.0,18.5,2.57,0.177
FS,2026-04-14 00:00:00+05:30,26.3,28.2,53.5,1.07,108.0,26.6,22.2,3.68,0.311
FS,2026-04-15 00:00:00+05:30,19.3,28.0,54.4,1.27,88.8,20.8,18.4,3.21,0.254
FS,2026-04-16 00:00:00+05:30,15.7,27.6,52.0,1.02,75.7,22.6,16.5,3.31,0.238
FS,2026-04-17 00:00:00+05:30,21.0,27.7,56.9,1.07,85.1,25.4,16.3,3.59,0.344
FS,2026-04-18 00:00:00+05:30,20.7,28.0,58.7,1.31,81.6,25.6,19.3,2.98,0.328
FS,2026-04-19 00:00:00+05:30,16.2,28.2,47.7,1.24,92.5,27.0,16.5,2.99,0.296
FS,2026-04-20 00:00:00+05:30,24.0,28.0,53.9,0.976,105.0,24.4,16.7,4.39,0.324
FS,2026-04-21 00:00:00+05:30,25.4,28.2,53.1,1.21,99.2,27.9,20.4,3.02,0.339
FS,2026-04-22 00:00:00+05:30,20.2,28.2,50.1,1.04,109.0,28.0,16.5,3.15,0.294
FS,2026-04-23 00:00:00+05:30,22.6,27.7,52.3,1.24,82.1,32.9,12.5,4.14,0.497
FS,2026-04-24 00:00:00+05:30,19.1,28.5,53.7,1.3,114.0,27.2,16.3,3.48,0.33
FS,2026-04-25 00:00:00+05:30,27.2,28.7,45.5,1.23,97.1,30.6,16.4,3.29,0.402
FS,2026-04-26 00:00:00+05:30,20.1,28.6,50.6,0.772,152.0,17.7,11.9,3.16,0.289
FS,2026-04-27 00:00:00+05:30,11.8,28.4,56.2,0.626,175.0,15.2,11.2,2.75,0.244
FS,2026-04-28 00:00:00+05:30,16.1,28.3,57.5,0.62,187.0,18.6,8.85,3.02,0.186
FS,2026-04-29 00:00:00+05:30,13.7,28.7,50.4,0.622,173.0,15.4,9.44,2.22,0.208
FS,2026-04-30 00:00:00+05:30,11.2,28.3,56.7,0.64,208.0,15.2,9.47,2.99,0.197
FS,2026-05-01 00:00:00+05:30,12.0,28.4,54.0,0.693,209.0,13.2,9.62,2.36,0.198
FS,2026-05-02 00:00:00+05:30,13.4,28.1,56.8,0.659,211.0,13.6,10.2,2.44,0.214
FS,2026-05-03 00:00:00+05:30,14.3,28.4,54.4,0.627,206.0,13.6,9.85,2.56,0.197
FS,2026-05-04 00:00:00+05:30,11.8,28.5,51.0,0.663,210.0,13.9,8.13,2.44,0.194
FS,2026-05-05 00:00:00+05:30,14.7,28.7,50.1,0.541,177.0,13.0,8.88,3.31,0.221
FS,2026-05-06 00:00:00+05:30,14.7,28.9,44.6,1.46,102.0,17.1,22.7,2.93,0.181
FS,2026-05-07 00:00:00+05:30,48.5,28.6,55.0,1.21,89.5,25.0,20.1,3.2,0.37
FS,2026-05-08 00:00:00+05:30,,28.7,55.5,1.27,94.7,20.6,22.8,3.19,0.304
FS,2026-05-09 00:00:00+05:30,23.0,28.8,53.5,1.08,110.0,22.1,24.1,4.04,0.329
FS,2026-05-10 00:00:00+05:30,11.9,28.2,55.8,1.11,77.8,27.9,23.1,4.06,0.328
FS,2026-05-11 00:00:00+05:30,11.8,29.2,48.3,0.818,117.0,20.9,23.5,2.9,0.316
FS,2026-05-12 00:00:00+05:30,5.34,28.9,50.0,0.94,119.0,22.1,20.4,3.0,0.276
FS,2026-05-13 00:00:00+05:30,14.0,28.9,51.7,0.687,175.0,15.6,19.9,3.28,0.221
FS,2026-05-14 00:00:00+05:30,14.7,28.7,54.5,0.894,108.0,17.0,20.3,3.65,0.279
FS,2026-05-15 00:00:00+05:30,18.4,28.7,52.2,1.1,98.4,16.5,19.0,3.12,0.178
FS,2026-05-16 00:00:00+05:30,14.3,28.5,53.6,1.38,101.0,14.7,18.4,3.53,0.151
FS,2026-05-17 00:00:00+05:30,14.2,28.6,55.9,1.15,104.0,12.5,19.5,3.13,0.19
FS,2026-05-18 00:00:00+05:30,15.7,28.6,58.5,0.897,140.0,15.5,20.3,2.96,0.229
FS,2026-05-19 00:00:00+05:30,19.1,28.4,54.3,0.7,128.0,19.1,18.7,2.91,0.182
FS,2026-05-20 00:00:00+05:30,14.4,28.6,49.8,0.589,163.0,17.7,16.8,3.04,0.193
FS,2026-05-21 00:00:00+05:30,15.5,28.9,49.9,0.891,110.0,17.3,17.0,3.13,0.25
FS,2026-05-22 00:00:00+05:30,16.7,28.9,53.4,0.532,180.0,18.6,17.3,3.0,0.185
FS,2026-05-23 00:00:00+05:30,18.7,28.9,55.3,0.625,158.0,18.3,17.5,3.09,0.235
FS,2026-05-24 00:00:00+05:30,20.1,29.1,53.3,0.693,156.0,15.3,17.8,3.28,0.207
FS,2026-05-25 00:00:00+05:30,17.5,28.9,54.8,0.923,111.0,13.1,16.9,3.49,0.248
FS,2026-05-26 00:00:00+05:30,18.9,29.0,51.5,0.638,140.0,11.8,16.1,3.04,0.203
FS,2026-05-27 00:00:00+05:30,18.4,28.8,51.7,0.778,102.0,15.3,15.7,3.51,0.311
FS,2026-05-28 00:00:00+05:30,18.6,29.1,46.4,0.657,135.0,18.9,15.7,2.87,0.232
FS,2026-05-29 00:00:00+05:30,20.0,29.1,47.2,0.549,182.0,15.5,15.9,2.71,0.204
FS,2026-05-30 00:00:00+05:30,20.3,29.2,48.9,0.605,175.0,14.4,15.9,2.66,0.239
FS,2026-05-31 00:00:00+05:30,23.7,29.1,51.3,0.709,130.0,15.6,15.9,3.29,0.198
FS,2026-06-01 00:00:00+05:30,21.3,29.2,46.1,0.625,142.0,15.7,15.7,3.18,0.177
FS,2026-06-02 00:00:00+05:30,22.2,29.1,47.1,0.739,122.0,16.8,15.9,3.16,0.178
FS,2026-06-03 00:00:00+05:30,22.6,28.5,48.8,0.653,185.0,24.7,17.9,3.56,0.203
FS,2026-06-04 00:00:00+05:30,22.9,28.5,50.1,0.526,202.0,18.7,13.1,2.76,0.3
FS,2026-06-05 00:00:00+05:30,20.3,27.3,54.7,0.507,165.0,17.6,9.75,3.38,0.431
FS,2026-06-06 00:00:00+05:30,22.9,28.2,43.7,0.702,126.0,15.5,10.1,3.03,0.401
FS,2026-06-07 00:00:00+05:30,21.8,27.8,48.8,0.606,137.0,16.3,9.78,3.23,0.412
FS,2026-06-08 00:00:00+05:30,19.0,27.6,49.9,0.635,148.0,15.9,9.9,3.02,0.413
FS,2026-06-09 00:00:00+05:30,26.9,27.6,51.9,0.604,130.0,13.0,9.07,2.73,0.424
FS,2026-06-10 00:00:00+05:30,18.1,27.5,50.1,0.513,153.0,14.8,9.05,2.79,0.395
FS,2026-06-11 00:00:00+05:30,39.6,27.6,47.5,0.593,181.0,13.5,9.41,3.13,0.397
FS,2026-06-12 00:00:00+05:30,14.5,27.5,49.6,0.661,194.0,11.4,9.41,3.42,0.372
FS,2026-06-13 00:00:00+05:30,20.0,27.5,48.8,0.576,154.0,12.4,8.44,3.19,0.402
FS,2026-06-14 00:00:00+05:30,18.1,27.5,45.5,0.669,122.0,13.7,9.07,2.74,0.479
FS,2026-06-15 00:00:00+05:30,20.5,27.5,45.2,0.67,131.0,12.1,8.66,3.39,0.355
FS,2026-06-16 00:00:00+05:30,20.0,27.4,45.5,0.557,151.0,13.1,7.46,2.46,0.356
FS,2026-06-17 00:00:00+05:30,20.4,27.3,43.2,0.624,163.0,14.3,7.74,2.87,0.4
FS,2026-06-18 00:00:00+05:30,20.1,27.2,41.9,0.633,161.0,15.1,7.78,2.55,0.415
FS,2026-06-19 00:00:00+05:30,21.4,27.1,40.4,0.629,191.0,15.5,7.44,3.06,0.356
FS,2026-06-20 00:00:00+05:30,20.5,27.0,42.6,0.616,167.0,15.0,8.2,2.53,0.379
FS,2026-06-21 00:00:00+05:30,21.9,26.7,50.6,0.732,139.0,15.2,8.06,2.85,0.424
FS,2026-06-22 00:00:00+05:30,17.3,26.1,62.1,0.567,197.0,13.7,6.24,2.34,0.313
FS,2026-06-23 00:00:00+05:30,16.5,24.8,80.5,0.573,204.0,14.6,5.9,2.96,0.357
FS,2026-06-26 00:00:00+05:30,19.8,25.6,62.9,0.596,211.0,15.9,8.4,2.97,0.42
FS,2026-06-27 00:00:00+05:30,19.9,25.4,63.7,0.542,204.0,16.0,8.5,3.07,0.408
FS,2026-06-28 00:00:00+05:30,20.3,24.5,70.0,0.593,164.0,14.7,7.81,2.82,0.427
FS,2026-06-29 00:00:00+05:30,19.8,21.3,80.9,0.839,145.0,16.1,8.46,2.87,0.431
FS,2026-06-30 00:00:00+05:30,18.8,21.3,85.6,0.61,200.0,18.1,5.91,2.73,0.454
FS,2026-07-01 00:00:00+05:30,17.0,22.1,86.1,0.604,189.0,17.4,6.56,3.39,0.417
FS,2026-07-02 00:00:00+05:30,18.1,21.1,86.1,0.558,144.0,22.2,6.25,3.08,0.474
FS,2026-07-03 00:00:00+05:30,19.6,19.0,86.8,0.722,126.0,16.8,6.45,2.96,0.486
FS,2026-07-04 00:00:00+05:30,18.6,17.8,86.8,0.565,126.0,16.2,7.69,3.34,0.455
FS,2026-07-05 00:00:00+05:30,17.0,17.9,86.8,0.599,130.0,10.5,10.6,2.95,0.371
FS,2026-07-06 00:00:00+05:30,18.3,20.7,86.8,0.564,130.0,9.52,10.6,3.32,0.431
FS,2026-07-07 00:00:00+05:30,19.0,20.1,85.0,0.729,133.0,11.9,9.98,3.08,0.46
FS,2026-07-08 00:00:00+05:30,18.3,19.7,85.5,0.614,126.0,8.86,8.53,3.37,0.485
FS,2026-07-09 00:00:00+05:30,18.7,23.0,75.8,0.69,204.0,10.7,12.9,2.85,0.418
FS,2026-07-10 00:00:00+05:30,17.3,22.9,73.2,0.715,197.0,10.2,13.8,2.83,0.324
FS,2026-07-11 00:00:00+05:30,17.6,23.2,71.6,0.657,200.0,11.0,14.2,3.2,0.395
FS,2026-07-12 00:00:00+05:30,16.1,23.3,69.3,0.751,208.0,11.4,14.0,2.74,0.327
FS,2026-07-13 00:00:00+05:30,19.1,24.3,62.2,0.75,210.0,16.6,13.5,3.76,0.393
FS,2026-07-14 00:00:00+05:30,20.5,24.0,64.2,0.59,204.0,12.7,11.9,2.41,0.395
FS,2026-07-15 00:00:00+05:30,17.4,23.2,69.3,0.688,205.0,11.0,13.2,2.72,0.343
FS,2026-07-16 00:00:00+05:30,17.3,23.0,73.4,0.618,201.0,11.4,12.9,3.47,0.388
FS,2026-07-17 00:00:00+05:30,17.6,23.4,68.6,0.59,180.0,10.6,14.1,3.16,0.397
FS,2026-07-18 00:00:00+05:30,19.9,22.7,76.3,0.608,158.0,12.8,13.0,3.6,0.442
FS,2026-07-19 00:00:00+05:30,19.2,22.2,78.4,0.628,187.0,11.6,14.5,2.63,0.438
FS,2026-07-20 00:00:00+05:30,18.7,22.3,82.3,0.631,164.0,11.1,14.2,2.86,0.381
FS,2026-07-21 00:00:00+05:30,16.6,22.1,79.6,0.632,196.0,10.1,14.5,2.53,0.522
FS,2026-07-22 00:00:00+05:30,16.6,22.2,86.4,0.634,199.0,8.92,13.9,2.9,0.382
FS,2026-07-23 00:00:00+05:30,15.0,22.5,83.9,0.668,204.0,8.22,12.6,3.46,0.419
FS,2026-07-24 00:00:00+05:30,16.1,22.9,77.1,0.689,199.0,8.39,14.1,3.03,0.345
FS,2026-07-25 00:00:00+05:30,16.1,22.7,76.7,0.626,191.0,7.63,13.1,2.68,0.379
FS,2026-07-26 00:00:00+05:30,18.5,22.1,81.1,0.506,174.0,12.0,10.1,4.53,0.468
FS,2026-07-27 00:00:00+05:30,20.3,21.7,79.2,0.515,103.0,12.7,10.7,3.77,0.498
FS,2026-07-28 00:00:00+05:30,20.3,21.6,78.3,0.513,131.0,10.3,11.7,2.97,0.422
FS,2026-07-29 00:00:00+05:30,20.4,23.9,72.5,0.505,175.0,9.46,15.8,2.57,0.424
FS,2026-07-30 00:00:00+05:30,19.1,23.7,78.7,0.491,142.0,,,2.17,0.48
FS,2026-07-31 00:00:00+05:30,31.1,23.6,79.1,0.571,119.0,10.7,8.35,3.14,0.508
FS,2026-08-01 00:00:00+05:30,6.03,23.6,78.9,0.544,171.0,6.85,15.9,3.11,0.368
FS,2026-08-02 00:00:00+05:30,5.95,23.4,78.6,0.563,173.0,7.52,13.4,3.24,0.34
FS,2026-08-03 00:00:00+05:30,3.09,23.4,75.8,0.503,126.0,,,,
FS,2026-08-04 00:00:00+05:30,6.34,22.8,84.6,0.581,90.40000000000002,14.2,7.97,2.76,0.555
FS,2026-08-05 00:00:00+05:30,7.03,22.9,82.5,0.555,164.0,17.2,9.61,1.92,0.408
FS,2026-08-06 00:00:00+05:30,6.24,22.9,76.3,0.516,146.0,15.4,7.62,3.17,0.445
FS,2026-08-07 00:00:00+05:30,9.13,20.6,68.8,0.589,101.0,15.5,7.57,3.19,0.456
FS,2026-08-08 00:00:00+05:30,6.87,21.4,68.0,0.582,120.0,11.7,8.55,3.08,0.384
FS,2026-08-09 00:00:00+05:30,6.82,22.3,66.9,0.598,150.0,9.93,9.75,3.01,0.384
FS,2026-08-10 00:00:00+05:30,8.06,22.1,70.0,0.624,128.0,13.9,8.22,3.01,0.408
FS,2026-08-11 00:00:00+05:30,5.82,21.1,85.4,0.697,127.0,15.8,7.44,2.54,0.433
FS,2026-08-12 00:00:00+05:30,8.7,22.1,74.3,0.546,104.0,13.5,6.43,3.13,0.484
FS,2026-08-13 00:00:00+05:30,6.73,22.0,80.3,0.55,156.0,15.1,6.46,2.85,0.412
FS,2026-08-14 00:00:00+05:30,7.17,22.6,75.8,0.498,143.0,13.3,6.7,2.78,0.429
FS,2026-08-15 00:00:00+05:30,7.62,22.3,80.9,0.426,186.0,14.3,8.24,3.67,0.405
FS,2026-08-16 00:00:00+05:30,3.11,23.0,68.5,0.546,175.0,9.07,12.0,2.2,0.321
FS,2026-08-17 00:00:00+05:30,8.15,23.1,71.7,0.612,188.0,13.2,8.86,2.01,0.396
FS,2026-08-18 00:00:00+05:30,12.2,23.6,73.0,0.569,139.0,7.89,8.8,2.01,0.355
FS,2026-08-19 00:00:00+05:30,10.5,23.8,67.3,0.634,115.0,9.83,8.36,3.97,0.405
FS,2026-08-20 00:00:00+05:30,11.5,23.9,62.1,0.604,112.0,10.6,8.53,3.35,0.399
FS,2026-08-21 00:00:00+05:30,14.5,24.2,59.5,0.596,140.0,11.1,9.45,3.1,0.434
FS,2026-08-22 00:00:00+05:30,14.0,23.8,66.1,0.606,142.0,8.96,9.97,1.85,0.338
FS,2026-08-23 00:00:00+05:30,14.1,24.0,74.6,0.564,166.0,8.47,9.51,2.57,0.369
FS,2026-08-24 00:00:00+05:30,16.5,24.0,65.6,0.632,115.0,13.1,7.67,2.85,0.45
FS,2026-08-25 00:00:00+05:30,16.8,24.4,60.9,0.601,120.0,11.6,10.1,3.09,0.449
FS,2026-08-26 00:00:00+05:30,18.0,24.1,66.0,0.614,93.2,9.36,9.7,2.95,0.406
FS,2026-08-27 00:00:00+05:30,14.3,24.0,72.2,0.518,138.0,10.0,10.9,2.81,0.374
FS,2026-08-28 00:00:00+05:30,13.0,23.4,73.0,0.49,174.0,9.39,7.07,2.95,0.34
FS,2026-08-29 00:00:00+05:30,10.9,23.3,70.7,0.572,159.0,7.65,8.48,2.09,0.323
FS,2026-08-30 00:00:00+05:30,9.93,23.6,66.2,0.563,132.0,11.5,8.31,2.58,0.444
FS,2026-08-31 00:00:00+05:30,11.9,23.1,63.3,0.579,132.0,12.6,7.99,2.82,0.435
FS,2026-09-01 00:00:00+05:30,10.9,22.4,65.0,0.593,157.0,11.8,7.26,2.88,0.417
FS,2026-09-02 00:00:00+05:30,13.5,22.5,70.2,0.652,146.0,15.1,4.47,2.63,0.435
FS,2026-09-03 00:00:00+05:30,14.3,23.7,76.7,0.626,108.0,21.0,14.3,2.39,0.449
FS,2026-09-04 00:00:00+05:30,14.8,23.3,66.5,0.651,123.0,20.2,10.9,3.18,0.504
FS,2026-09-05 00:00:00+05:30,14.6,23.7,73.4,0.641,115.0,20.0,8.33,2.71,0.492
FS,2026-09-06 00:00:00+05:30,12.2,23.8,77.2,0.616,110.0,21.2,6.65,3.05,0.442
FS,2026-09-07 00:00:00+05:30,15.0,24.0,65.0,0.757,94.7,22.1,10.0,2.96,0.442
FS,2026-09-08 00:00:00+05:30,14.4,23.2,61.9,0.773,94.5,18.7,9.91,2.71,0.439
FS,2026-09-09 00:00:00+05:30,14.2,23.3,64.2,0.794,92.6,19.7,9.42,2.81,0.446
FS,2026-09-10 00:00:00+05:30,15.6,23.6,64.6,0.831,94.1,18.5,7.66,2.53,0.411
FS,2026-09-11 00:00:00+05:30,20.4,22.6,65.7,0.744,100.0,24.4,8.35,2.94,0.602
FS,2026-09-12 00:00:00+05:30,19.3,22.7,68.3,0.793,96.2,24.2,8.97,3.09,0.506
FS,2026-09-13 00:00:00+05:30,17.9,21.3,86.2,0.579,173.0,27.5,8.94,3.45,0.424
FS,2026-09-14 00:00:00+05:30,20.8,22.1,78.3,0.507,161.0,28.4,11.0,2.92,0.466
FS,2026-09-15 00:00:00+05:30,14.1,22.4,79.0,0.444,217.0,21.3,10.6,2.35,0.381
FS,2026-09-16 00:00:00+05:30,17.3,22.5,73.5,0.469,187.0,26.8,10.3,3.87,0.535
FS,2026-09-17 00:00:00+05:30,17.6,22.6,70.7,0.443,203.0,24.5,13.0,2.64,0.371
GS,2025-10-12 00:00:00+05:30,48.5,28.2,76.5,0.91,180.0,5.45,20.2,15.7,0.191
GS,2025-10-13 00:00:00+05:30,47.5,27.9,79.3,0.906,198.0,5.42,20.2,15.7,0.191
GS,2025-10-14 00:00:00+05:30,46.7,27.9,77.4,0.869,189.0,5.22,20.2,15.6,0.182
GS,2025-10-15 00:00:00+05:30,46.3,27.8,78.4,0.853,193.0,5.13,20.2,15.5,0.179
GS,2025-10-16 00:00:00+05:30,43.5,29.2,79.3,1.06,179.0,6.36,20.2,16.3,0.223
GS,2025-10-17 00:00:00+05:30,42.2,29.7,76.3,1.05,185.0,6.29,20.2,16.3,0.22
GS,2025-10-18 00:00:00+05:30,49.0,29.8,74.1,0.874,194.0,5.21,20.2,15.6,0.184
GS,2025-10-19 00:00:00+05:30,50.7,29.4,75.5,1.06,196.0,6.38,20.2,16.3,0.222
GS,2025-10-20 00:00:00+05:30,62.3,28.4,80.1,0.924,185.0,5.56,20.2,15.8,0.195
GS,2025-10-21 00:00:00+05:30,61.2,28.7,75.8,0.96,168.0,5.7,20.2,16.0,0.204
GS,2025-10-22 00:00:00+05:30,45.5,28.8,80.8,0.966,182.0,5.79,20.2,15.9,0.202
GS,2025-10-23 00:00:00+05:30,44.4,28.9,82.0,0.955,181.0,5.76,20.2,15.9,0.201
GS,2025-10-24 00:00:00+05:30,47.0,27.4,87.3,1.5,172.0,9.03,20.3,18.1,0.315
GS,2025-10-25 00:00:00+05:30,35.5,26.7,90.1,1.42,174.0,8.5,20.3,17.7,0.297
GS,2025-10-26 00:00:00+05:30,36.0,26.2,86.6,0.982,165.0,5.93,20.2,16.0,0.206
GS,2025-10-27 00:00:00+05:30,35.6,26.0,91.5,2.1,181.0,12.6,20.4,20.5,0.441
GS,2025-10-28 00:00:00+05:30,38.4,26.5,88.1,1.59,161.0,9.54,20.3,18.4,0.333
GS,2025-10-29 00:00:00+05:30,39.5,28.0,81.5,1.63,176.0,9.8,20.3,18.6,0.344
GS,2025-10-30 00:00:00+05:30,35.5,24.4,97.1,1.45,174.0,8.76,20.3,17.9,0.305
GS,2025-10-31 00:00:00+05:30,36.5,25.9,96.5,1.72,175.0,10.5,20.4,18.9,0.361
GS,2025-11-01 00:00:00+05:30,37.4,26.4,94.8,1.3,182.0,7.83,20.3,17.3,0.274
GS,2025-11-02 00:00:00+05:30,36.1,25.0,97.7,1.16,170.0,6.95,20.2,16.7,0.245
GS,2025-11-03 00:00:00+05:30,36.2,26.1,93.1,1.04,191.0,6.26,20.2,16.3,0.222
GS,2025-11-04 00:00:00+05:30,37.6,27.2,84.5,0.886,197.0,5.3,20.2,15.6,0.184
GS,2025-11-05 00:00:00+05:30,38.2,26.8,77.7,0.707,191.0,4.26,20.1,14.9,0.147
GS,2025-11-06 00:00:00+05:30,44.9,27.5,79.9,1.2,166.0,7.2,20.3,16.9,0.253
GS,2025-11-07 00:00:00+05:30,48.7,27.4,77.2,0.89,178.0,5.37,20.2,15.7,0.188
GS,2025-11-08 00:00:00+05:30,44.6,26.4,75.7,0.885,177.0,5.49,20.2,15.6,0.184
GS,2025-11-09 00:00:00+05:30,42.7,26.1,67.5,0.839,188.0,5.0,20.2,15.5,0.176
GS,2025-11-10 00:00:00+05:30,43.9,22.2,85.8,0.959,168.0,5.76,20.2,15.9,0.203
GS,2025-11-11 00:00:00+05:30,42.2,27.6,66.0,0.838,170.0,4.99,20.2,15.4,0.177
GS,2025-11-12 00:00:00+05:30,42.4,26.4,62.7,0.821,161.0,4.94,20.2,15.4,0.173
GS,2025-11-13 00:00:00+05:30,44.0,26.6,62.4,0.813,165.0,4.87,20.2,15.3,0.171
GS,2025-11-14 00:00:00+05:30,44.3,26.2,66.4,0.926,158.0,5.55,20.2,15.8,0.193
GS,2025-11-15 00:00:00+05:30,43.9,26.1,59.0,1.14,160.0,6.83,20.2,16.7,0.242
GS,2025-11-16 00:00:00+05:30,41.8,26.0,57.9,1.06,153.0,6.41,20.2,16.4,0.217
GS,2025-11-17 00:00:00+05:30,42.4,25.6,57.2,1.3,142.0,7.83,20.3,17.3,0.273
GS,2025-11-18 00:00:00+05:30,42.8,23.4,63.8,0.955,141.0,5.74,20.2,15.9,0.201
GS,2025-11-19 00:00:00+05:30,42.8,26.0,54.9,1.15,145.0,6.89,20.2,16.8,0.244
GS,2025-11-20 00:00:00+05:30,43.0,25.8,61.9,0.79,161.0,4.76,20.2,15.2,0.165
GS,2025-11-21 00:00:00+05:30,44.4,26.0,66.0,1.12,155.0,6.69,20.2,16.6,0.236
GS,2025-11-22 00:00:00+05:30,55.7,26.5,70.7,0.809,166.0,4.85,20.2,15.3,0.171
GS,2025-11-23 00:00:00+05:30,65.9,26.3,79.8,0.884,185.0,5.3,20.2,15.6,0.186
GS,2025-11-24 00:00:00+05:30,63.2,26.4,82.6,0.939,189.0,5.63,20.2,15.9,0.198
GS,2025-11-25 00:00:00+05:30,66.1,26.6,84.1,0.961,188.0,5.75,20.2,15.9,0.201
GS,2025-11-26 00:00:00+05:30,68.4,26.8,84.4,0.901,183.0,5.41,20.2,15.7,0.189
GS,2025-11-27 00:00:00+05:30,61.9,26.7,77.4,1.04,169.0,6.28,20.2,16.2,0.218
GS,2025-11-28 00:00:00+05:30,59.8,26.4,76.5,1.16,165.0,6.95,20.2,16.7,0.243
GS,2025-11-29 00:00:00+05:30,54.2,25.9,70.3,0.963,166.0,5.75,20.2,15.9,0.201
GS,2025-11-30 00:00:00+05:30,46.2,25.2,60.5,1.05,159.0,6.27,20.2,16.3,0.22
GS,2025-12-01 00:00:00+05:30,63.0,26.7,65.6,1.09,167.0,6.56,20.2,16.5,0.229
GS,2025-12-02 00:00:00+05:30,47.9,25.8,69.9,0.98,161.0,5.74,20.2,16.5,0.233
GS,2025-12-03 00:00:00+05:30,45.5,25.8,64.5,0.909,159.0,5.49,20.2,15.7,0.19
GS,2025-12-04 00:00:00+05:30,45.3,26.2,63.0,1.04,164.0,6.28,20.2,16.3,0.219
GS,2025-12-05 00:00:00+05:30,47.3,27.0,66.9,1.04,147.0,6.22,20.2,16.2,0.218
GS,2025-12-06 00:00:00+05:30,52.4,26.3,68.7,1.39,155.0,8.33,20.3,17.6,0.292
GS,2025-12-07 00:00:00+05:30,52.9,26.0,68.4,1.1,154.0,6.66,20.2,16.5,0.23
GS,2025-12-08 00:00:00+05:30,52.6,25.7,68.8,1.06,172.0,6.31,20.2,16.3,0.22
GS,2025-12-09 00:00:00+05:30,46.7,25.3,59.8,0.995,157.0,5.98,20.2,16.1,0.209
GS,2025-12-10 00:00:00+05:30,43.5,25.2,57.5,0.907,159.0,5.45,20.2,15.7,0.19
GS,2025-12-11 00:00:00+05:30,42.7,24.9,58.4,1.11,159.0,6.54,20.2,16.5,0.23
GS,2025-12-12 00:00:00+05:30,44.9,25.2,62.0,1.24,124.0,7.46,20.3,17.1,0.262
GS,2025-12-13 00:00:00+05:30,45.5,24.6,67.3,1.15,151.0,6.92,20.2,16.7,0.242
GS,2025-12-14 00:00:00+05:30,44.6,25.3,62.7,1.3,162.0,7.76,20.3,17.3,0.274
GS,2025-12-15 00:00:00+05:30,42.2,25.1,61.7,1.04,137.0,6.18,20.2,16.2,0.211
GS,2025-12-16 00:00:00+05:30,43.6,25.0,61.9,1.32,143.0,7.93,20.3,17.4,0.279
GS,2025-12-17 00:00:00+05:30,60.3,25.9,62.3,1.37,163.0,8.28,20.3,17.1,0.261
GS,2025-12-18 00:00:00+05:30,94.5,25.3,71.5,1.19,128.0,7.15,,,
GS,2025-12-19 00:00:00+05:30,64.5,24.5,65.6,1.07,154.0,6.41,,,
GS,2025-12-20 00:00:00+05:30,67.4,23.4,68.7,0.946,157.0,4.77,,,
GS,2026-02-17 00:00:00+05:30,53.4,30.5,64.8,1.1,107.0,26.8,121.0,,0.285
GS,2026-02-18 00:00:00+05:30,24.1,30.5,68.9,0.931,101.0,26.2,69.8,,0.301
GS,2026-02-19 00:00:00+05:30,75.9,30.5,72.8,0.66,107.0,29.6,129.0,4.99,0.413
GS,2026-02-20 00:00:00+05:30,111.0,30.5,77.4,0.599,143.0,38.1,98.6,38.0,0.823
GS,2026-02-21 00:00:00+05:30,71.8,30.5,67.1,0.554,147.0,51.8,48.6,78.5,0.993
GS,2026-02-22 00:00:00+05:30,54.9,30.5,73.0,0.743,150.0,38.8,50.3,96.3,0.301
GS,2026-02-23 00:00:00+05:30,49.0,30.5,65.2,0.66,146.0,38.5,55.2,70.7,0.472
GS,2026-02-24 00:00:00+05:30,41.7,30.5,71.3,0.678,118.0,26.6,55.6,49.8,0.533
GS,2026-02-25 00:00:00+05:30,31.1,30.5,69.5,0.594,133.0,26.8,45.6,52.9,0.447
GS,2026-02-26 00:00:00+05:30,15.3,30.5,70.2,0.674,112.0,25.9,28.6,45.9,0.331
GS,2026-02-27 00:00:00+05:30,9.35,30.5,64.2,0.586,129.0,20.7,31.1,41.2,0.251
GS,2026-02-28 00:00:00+05:30,13.6,30.5,61.4,0.629,142.0,29.7,29.2,43.0,0.341
GS,2026-03-01 00:00:00+05:30,16.2,30.5,67.2,0.607,122.0,31.5,33.1,32.1,0.456
GS,2026-03-02 00:00:00+05:30,22.9,30.5,67.2,0.789,113.0,22.6,40.8,20.6,0.326
GS,2026-03-03 00:00:00+05:30,47.9,30.5,69.9,0.921,115.0,16.6,52.6,22.1,0.535
GS,2026-03-04 00:00:00+05:30,37.5,30.5,63.0,0.846,142.0,5.41,56.7,23.8,0.468
GS,2026-03-05 00:00:00+05:30,26.2,30.5,48.8,0.833,129.0,7.32,48.7,23.8,0.449
GS,2026-03-06 00:00:00+05:30,25.6,30.5,62.0,1.05,104.0,7.45,53.0,21.3,0.373
GS,2026-03-07 00:00:00+05:30,21.5,30.5,80.6,0.929,108.0,7.26,47.9,20.5,0.308
GS,2026-03-08 00:00:00+05:30,42.8,30.5,68.4,0.975,128.0,4.22,79.9,21.9,0.415
GS,2026-03-09 00:00:00+05:30,40.4,30.5,57.6,0.79,153.0,9.09,54.5,27.5,0.585
GS,2026-03-10 00:00:00+05:30,37.1,30.5,54.1,0.592,129.0,9.12,91.7,23.2,0.396
GS,2026-03-11 00:00:00+05:30,41.5,30.5,75.2,0.632,181.0,8.51,37.6,21.0,0.532
GS,2026-03-12 00:00:00+05:30,37.3,30.5,84.7,0.646,155.0,8.89,41.1,20.7,0.527
GS,2026-03-13 00:00:00+05:30,37.3,30.5,68.3,0.648,144.0,9.35,55.7,21.5,0.38
GS,2026-03-14 00:00:00+05:30,20.3,30.5,66.5,0.656,133.0,9.55,38.5,20.9,0.215
GS,2026-03-15 00:00:00+05:30,13.6,30.5,71.0,0.592,125.0,9.71,29.2,20.5,0.294
GS,2026-03-16 00:00:00+05:30,11.6,30.5,71.0,0.609,119.0,9.7,27.5,20.7,0.302
GS,2026-03-17 00:00:00+05:30,13.5,30.5,70.1,0.589,143.0,9.71,26.9,21.0,0.306
GS,2026-03-18 00:00:00+05:30,14.3,30.5,68.4,0.574,149.0,9.75,26.6,22.5,0.34
GS,2026-03-19 00:00:00+05:30,12.5,30.5,68.1,0.616,131.0,9.72,22.8,26.1,0.326
GS,2026-03-20 00:00:00+05:30,15.1,30.5,65.8,0.76,144.0,9.73,30.6,26.4,0.341
GS,2026-03-21 00:00:00+05:30,16.7,30.5,57.2,0.839,128.0,9.75,43.1,26.6,0.394
GS,2026-03-22 00:00:00+05:30,29.0,30.5,54.4,0.729,120.0,9.75,46.3,26.5,0.539
GS,2026-03-23 00:00:00+05:30,32.3,30.5,58.5,0.735,123.0,9.71,38.9,29.2,0.679
GS,2026-03-24 00:00:00+05:30,25.1,30.5,68.9,0.995,111.0,9.74,52.2,28.3,0.409
GS,2026-03-25 00:00:00+05:30,18.6,30.5,74.4,0.899,98.8,9.73,40.0,24.1,0.356
GS,2026-03-26 00:00:00+05:30,19.7,30.5,71.1,1.14,109.0,9.73,43.7,25.5,0.403
GS,2026-03-27 00:00:00+05:30,19.3,30.5,67.3,0.932,109.0,9.76,41.9,24.3,0.387
GS,2026-03-28 00:00:00+05:30,8.43,30.5,77.5,0.722,120.0,9.73,24.1,24.6,0.338
GS,2026-03-29 00:00:00+05:30,3.73,30.5,76.4,0.691,136.0,9.74,16.6,24.7,0.296
GS,2026-03-30 00:00:00+05:30,14.2,30.5,77.5,0.936,98.5,9.74,23.1,25.1,0.318
GS,2026-03-31 00:00:00+05:30,5.1,30.5,72.7,0.86,97.0,9.69,16.1,24.6,0.292
GS,2026-04-01 00:00:00+05:30,11.5,30.5,73.2,0.836,94.7,9.69,26.9,24.6,0.292
GS,2026-04-02 00:00:00+05:30,11.5,30.5,71.7,0.805,109.0,9.73,31.5,25.0,0.355
GS,2026-04-03 00:00:00+05:30,27.5,30.5,67.9,0.618,132.0,9.71,24.8,26.7,0.409
GS,2026-04-04 00:00:00+05:30,11.5,30.5,72.5,0.631,120.0,9.72,20.8,25.4,0.34
GS,2026-04-05 00:00:00+05:30,12.9,30.5,66.4,0.703,112.0,9.74,32.7,24.4,0.286
GS,2026-04-06 00:00:00+05:30,8.0,30.5,64.9,0.65,116.0,9.73,37.0,24.8,0.31
GS,2026-04-07 00:00:00+05:30,14.5,30.5,70.0,0.59,146.0,9.74,29.3,24.2,0.29
GS,2026-04-08 00:00:00+05:30,8.83,30.5,74.3,0.73,170.0,9.72,17.2,24.1,0.293
GS,2026-04-09 00:00:00+05:30,21.1,30.5,66.1,0.602,122.0,9.7,20.9,25.2,0.33
GS,2026-04-10 00:00:00+05:30,27.9,30.5,65.8,0.778,112.0,9.69,32.1,24.8,0.335
GS,2026-04-11 00:00:00+05:30,40.6,30.5,75.6,0.695,112.0,9.72,46.9,24.3,0.353
GS,2026-04-12 00:00:00+05:30,42.5,30.5,79.5,0.717,128.0,9.72,36.0,25.1,0.36
GS,2026-04-13 00:00:00+05:30,33.4,30.5,76.4,0.962,217.0,9.71,30.6,24.6,0.296
GS,2026-04-14 00:00:00+05:30,36.9,30.5,70.8,0.871,116.0,9.75,33.5,25.7,0.293
GS,2026-04-15 00:00:00+05:30,14.2,30.5,77.3,0.75,109.0,9.7,26.6,20.3,0.276
GS,2026-04-16 00:00:00+05:30,13.5,30.5,69.7,0.78,129.0,9.71,29.8,20.4,0.275
GS,2026-04-17 00:00:00+05:30,31.8,30.5,79.9,0.586,145.0,9.75,24.2,21.2,0.305
GS,2026-04-18 00:00:00+05:30,38.3,30.5,81.1,0.727,109.0,9.7,30.9,20.3,0.286
GS,2026-04-19 00:00:00+05:30,37.6,30.5,72.7,0.75,112.0,9.76,30.2,21.0,0.295
GS,2026-04-20 00:00:00+05:30,33.9,30.5,79.4,0.635,137.0,9.73,30.5,20.6,0.286
GS,2026-04-21 00:00:00+05:30,33.1,30.5,76.2,0.701,130.0,9.74,32.5,21.7,0.324
GS,2026-04-22 00:00:00+05:30,20.9,30.5,74.8,0.623,140.0,9.71,26.7,23.0,0.328
GS,2026-04-23 00:00:00+05:30,20.8,30.5,77.3,0.635,113.0,9.76,35.2,23.9,0.333
GS,2026-04-24 00:00:00+05:30,22.1,30.5,79.3,0.806,115.0,9.73,25.2,25.8,0.281
GS,2026-04-25 00:00:00+05:30,33.4,30.5,73.4,0.74,122.0,9.7,25.2,24.4,0.338
GS,2026-04-26 00:00:00+05:30,30.3,30.5,79.9,0.647,189.0,9.71,22.5,23.9,0.299
GS,2026-04-27 00:00:00+05:30,25.0,30.5,83.9,0.779,199.0,9.73,17.9,24.5,0.262
GS,2026-04-28 00:00:00+05:30,24.2,30.5,84.3,0.836,206.0,9.75,16.0,25.0,0.202
GS,2026-04-29 00:00:00+05:30,20.5,30.5,78.0,1.17,205.0,9.69,17.0,25.0,0.243
GS,2026-04-30 00:00:00+05:30,19.8,30.5,80.8,0.831,210.0,9.76,14.1,24.6,0.251
GS,2026-05-01 00:00:00+05:30,18.4,30.5,78.2,1.01,227.0,9.73,16.2,24.7,0.235
GS,2026-05-02 00:00:00+05:30,17.9,30.5,77.6,0.859,212.0,9.71,79.5,25.2,0.25
GS,2026-05-03 00:00:00+05:30,13.2,30.5,78.6,1.0,234.0,9.73,25.0,25.4,0.28
GS,2026-05-04 00:00:00+05:30,14.3,30.5,74.9,1.04,228.0,9.7,18.4,24.9,0.26
GS,2026-05-05 00:00:00+05:30,19.2,30.5,73.0,0.842,212.0,75.9,26.9,24.6,0.243
GS,2026-05-06 00:00:00+05:30,21.5,31.3,70.5,1.14,103.0,20.9,27.8,23.3,0.224
GS,2026-05-07 00:00:00+05:30,18.1,32.9,78.5,0.793,131.0,18.2,29.5,25.3,0.193
GS,2026-05-08 00:00:00+05:30,26.3,33.1,79.8,0.796,123.0,22.6,33.2,25.0,0.18
GS,2026-05-09 00:00:00+05:30,24.3,33.2,79.0,0.698,134.0,24.0,34.7,25.0,0.178
GS,2026-05-10 00:00:00+05:30,22.6,33.2,76.2,0.747,130.0,17.4,40.0,25.1,0.178
GS,2026-05-11 00:00:00+05:30,24.1,33.3,77.7,0.722,143.0,20.2,37.1,25.1,0.174
GS,2026-05-12 00:00:00+05:30,21.8,32.8,77.2,0.654,143.0,17.4,30.9,25.1,0.173
GS,2026-05-13 00:00:00+05:30,21.2,32.9,79.8,0.895,193.0,15.2,28.1,25.2,0.192
GS,2026-05-14 00:00:00+05:30,19.3,32.9,78.4,0.732,127.0,15.4,31.1,25.1,0.204
GS,2026-05-15 00:00:00+05:30,22.1,32.9,77.6,0.762,115.0,13.8,25.1,25.0,0.172
GS,2026-05-16 00:00:00+05:30,10.6,32.6,77.6,0.986,109.0,11.1,23.5,25.5,0.186
GS,2026-05-17 00:00:00+05:30,13.1,32.7,80.4,0.833,113.0,10.3,25.7,25.1,0.185
GS,2026-05-18 00:00:00+05:30,15.8,32.6,82.4,0.775,161.0,14.4,26.2,25.1,0.165
GS,2026-05-19 00:00:00+05:30,15.8,32.1,78.7,0.634,176.0,15.1,27.6,25.3,0.182
GS,2026-05-20 00:00:00+05:30,,32.2,76.5,0.747,192.0,12.7,22.8,25.0,0.19
GS,2026-05-21 00:00:00+05:30,,32.9,77.2,0.697,145.0,13.4,24.2,25.3,0.182
GS,2026-05-22 00:00:00+05:30,,33.0,79.2,0.828,221.0,13.9,20.0,25.4,0.175
GS,2026-05-23 00:00:00+05:30,10.2,33.6,78.4,0.697,185.0,14.6,20.1,25.5,0.175
GS,2026-05-24 00:00:00+05:30,,33.4,80.3,1.02,207.0,10.2,15.6,25.2,0.169
GS,2026-05-25 00:00:00+05:30,,33.7,78.7,0.775,115.0,11.9,19.3,25.3,0.17
GS,2026-05-26 00:00:00+05:30,,33.4,77.5,0.691,164.0,9.85,19.4,25.2,0.169
GS,2026-05-27 00:00:00+05:30,,33.3,76.2,0.765,133.0,10.7,20.7,25.0,0.168
GS,2026-05-28 00:00:00+05:30,,33.9,72.7,0.748,138.0,9.06,20.8,24.9,0.174
GS,2026-05-29 00:00:00+05:30,,34.3,72.8,1.05,217.0,10.7,19.9,25.2,0.186
GS,2026-05-30 00:00:00+05:30,,33.8,76.2,1.21,227.0,7.75,19.2,25.5,0.176
GS,2026-05-31 00:00:00+05:30,,33.9,76.2,0.868,171.0,8.47,17.5,25.3,0.191
GS,2026-06-01 00:00:00+05:30,24.6,33.8,74.1,0.726,169.0,10.3,19.2,25.1,0.191
GS,2026-06-02 00:00:00+05:30,14.5,33.5,74.6,0.79,172.0,11.9,21.7,25.1,0.178
GS,2026-06-03 00:00:00+05:30,,32.2,74.4,1.02,216.0,16.0,29.2,25.3,0.202
GS,2026-06-04 00:00:00+05:30,,33.1,76.6,1.12,217.0,13.2,22.5,25.6,0.177
GS,2026-06-05 00:00:00+05:30,,33.6,78.1,0.922,219.00000000000003,10.3,21.0,25.1,0.177
GS,2026-06-06 00:00:00+05:30,,34.3,74.6,0.716,158.0,9.06,19.2,26.2,0.186
GS,2026-06-07 00:00:00+05:30,,34.3,75.3,0.734,159.0,9.44,21.3,24.3,0.162
GS,2026-06-08 00:00:00+05:30,,33.7,76.9,1.06,180.0,8.34,23.9,24.8,0.154
GS,2026-06-09 00:00:00+05:30,,34.0,76.1,0.911,174.0,7.56,21.4,24.9,0.042
GS,2026-06-10 00:00:00+05:30,,33.4,76.6,1.08,207.0,6.88,22.1,25.3,0.235
GS,2026-06-11 00:00:00+05:30,,33.5,75.7,1.37,234.0,6.27,22.9,25.9,0.256
GS,2026-06-12 00:00:00+05:30,,33.5,77.5,1.53,234.0,5.88,22.9,25.5,0.278
GS,2026-06-13 00:00:00+05:30,,33.5,76.6,1.07,206.0,5.75,21.4,25.7,0.296
GS,2026-06-14 00:00:00+05:30,,33.8,73.6,0.917,121.0,8.87,20.6,24.9,0.26
GS,2026-06-15 00:00:00+05:30,10.4,33.7,73.4,0.803,138.0,6.88,20.0,25.6,0.334
GS,2026-06-16 00:00:00+05:30,7.63,33.2,74.9,0.863,193.0,6.8,17.9,25.1,0.251
GS,2026-06-17 00:00:00+05:30,10.9,33.1,72.6,0.932,197.0,7.42,19.7,24.3,0.237
GS,2026-06-18 00:00:00+05:30,16.6,33.0,71.8,1.04,206.0,19.7,20.6,24.5,0.257
GS,2026-06-19 00:00:00+05:30,13.5,32.9,70.0,1.08,229.0,32.4,20.3,24.8,0.239
GS,2026-06-20 00:00:00+05:30,13.3,33.1,71.2,0.803,211.0,22.0,22.2,25.1,0.328
GS,2026-06-21 00:00:00+05:30,11.3,33.4,75.0,0.698,173.0,16.3,20.6,25.2,0.337
GS,2026-06-22 00:00:00+05:30,8.46,31.5,81.3,0.925,214.0,16.2,16.1,24.9,0.35
GS,2026-06-23 00:00:00+05:30,6.89,28.1,98.5,0.626,193.0,21.4,11.7,24.3,0.351
GS,2026-06-25 00:00:00+05:30,7.75,29.8,,0.481,191.0,3.08,6.0,0.322,0.437
GS,2026-06-26 00:00:00+05:30,14.7,31.0,87.7,0.804,206.0,5.3,6.76,0.695,0.521
GS,2026-06-27 00:00:00+05:30,15.7,31.5,85.0,0.823,215.0,12.6,7.64,3.4,0.616
GS,2026-06-28 00:00:00+05:30,16.4,31.3,88.5,0.823,201.0,9.34,9.04,4.05,0.757
GS,2026-06-29 00:00:00+05:30,15.7,28.8,92.3,0.627,174.0,14.2,7.1,5.61,0.883
GS,2026-06-30 00:00:00+05:30,13.4,29.1,,1.01,211.0,11.7,7.15,4.8,0.8
GS,2026-07-01 00:00:00+05:30,12.5,28.7,97.0,1.38,214.0,7.87,10.2,4.47,0.77
GS,2026-07-02 00:00:00+05:30,19.6,28.6,,0.958,178.0,15.6,8.06,4.21,0.809
GS,2026-07-03 00:00:00+05:30,15.3,27.8,,0.828,115.0,12.5,8.63,3.88,0.655
GS,2026-07-04 00:00:00+05:30,18.3,28.4,,1.28,144.0,5.28,11.4,3.04,0.774
GS,2026-07-05 00:00:00+05:30,19.4,28.9,,1.74,148.0,4.65,12.4,3.24,0.687
GS,2026-07-06 00:00:00+05:30,28.2,29.1,,1.98,154.0,3.26,11.0,2.6,0.643
GS,2026-07-07 00:00:00+05:30,36.9,30.0,,1.97,197.0,3.56,9.36,2.36,0.602
GS,2026-07-08 00:00:00+05:30,40.1,30.6,,1.32,192.0,6.45,7.6,2.59,0.657
GS,2026-07-09 00:00:00+05:30,36.9,31.8,,1.08,232.00000000000003,7.82,4.06,2.55,0.576
GS,2026-07-10 00:00:00+05:30,31.7,32.4,,1.25,234.0,5.88,5.25,3.9,0.643
GS,2026-07-11 00:00:00+05:30,25.6,32.5,99.0,1.6,236.0,4.35,6.03,2.6,0.488
GS,2026-07-12 00:00:00+05:30,24.5,32.2,95.6,1.59,226.0,3.99,6.19,2.65,0.607
GS,2026-07-13 00:00:00+05:30,23.6,32.2,91.8,1.51,227.0,5.06,6.6,2.63,0.748
GS,2026-07-14 00:00:00+05:30,22.4,32.2,92.1,1.61,241.0,5.2,7.07,3.1,0.713
GS,2026-07-15 00:00:00+05:30,25.0,33.2,98.0,1.57,234.99999999999997,4.85,6.84,2.9,0.74
GS,2026-07-16 00:00:00+05:30,26.5,32.6,,1.65,243.0,4.88,7.31,3.56,0.742
GS,2026-07-17 00:00:00+05:30,30.1,32.9,97.8,1.86,246.0,3.81,7.61,4.21,0.728
GS,2026-07-18 00:00:00+05:30,27.4,31.2,,1.53,215.0,7.3,7.27,2.9,0.821
GS,2026-07-19 00:00:00+05:30,19.4,31.9,,1.4,213.0,6.53,7.14,2.06,0.786
GS,2026-07-20 00:00:00+05:30,21.2,30.7,,1.58,190.0,4.27,7.64,4.83,0.727
GS,2026-07-21 00:00:00+05:30,24.2,30.6,,1.94,233.0,3.95,7.91,4.6,0.777
GS,2026-07-22 00:00:00+05:30,22.4,26.9,,2.62,239.99999999999997,3.14,7.85,4.47,0.736
GS,2026-07-23 00:00:00+05:30,22.7,20.6,,2.29,234.0,3.07,7.55,5.07,0.791
GS,2026-07-24 00:00:00+05:30,21.0,,,2.25,236.0,2.61,7.85,4.0,0.766
GS,2026-07-25 00:00:00+05:30,30.9,24.9,,1.58,229.0,5.04,7.32,4.02,0.806
GS,2026-07-26 00:00:00+05:30,28.1,22.0,,1.56,231.0,4.05,7.45,4.53,0.655
GS,2026-07-27 00:00:00+05:30,28.2,16.3,,1.03,192.0,6.48,6.85,5.08,0.676
GS,2026-07-28 00:00:00+05:30,29.8,28.5,51.0,1.36,194.0,4.66,7.61,4.24,0.671
GS,2026-07-29 00:00:00+05:30,34.8,30.7,51.0,2.02,242.0,4.99,8.1,3.3,0.746
GS,2026-07-30 00:00:00+05:30,32.4,30.3,51.0,1.22,201.0,5.24,7.64,4.96,0.757
GS,2026-07-31 00:00:00+05:30,29.2,29.9,51.0,1.27,148.0,4.84,6.93,4.42,0.768
GS,2026-08-01 00:00:00+05:30,30.7,30.7,51.0,2.17,234.0,2.99,7.61,3.37,0.775
GS,2026-08-02 00:00:00+05:30,26.4,30.4,51.0,2.14,226.0,3.0,7.62,3.49,0.766
GS,2026-08-03 00:00:00+05:30,28.6,30.6,51.0,1.35,182.0,4.5,8.19,5.79,0.792
GS,2026-08-04 00:00:00+05:30,25.3,30.4,51.0,1.09,173.0,6.4,8.21,3.08,0.82
GS,2026-08-05 00:00:00+05:30,25.3,30.0,34.4,1.13,211.0,7.46,7.51,3.12,0.792
GS,2026-08-06 00:00:00+05:30,26.8,30.9,40.7,1.22,201.0,5.2,7.65,4.1,0.757
GS,2026-08-07 00:00:00+05:30,21.0,30.6,85.0,1.15,161.0,5.45,7.03,4.05,0.741
GS,2026-08-08 00:00:00+05:30,22.3,30.9,84.6,0.93,171.0,4.89,6.88,3.59,0.728
GS,2026-08-09 00:00:00+05:30,23.7,31.5,82.4,1.16,197.0,4.25,8.16,2.93,0.723
GS,2026-08-10 00:00:00+05:30,24.3,30.9,83.1,1.09,155.0,6.25,7.57,5.16,0.724
GS,2026-08-11 00:00:00+05:30,20.0,28.3,94.5,0.978,158.0,8.96,6.68,4.04,0.831
GS,2026-08-12 00:00:00+05:30,21.6,30.5,88.5,0.864,162.0,5.35,7.15,1.18,0.782
GS,2026-08-13 00:00:00+05:30,20.7,29.7,91.5,1.28,203.0,7.58,6.7,5.11,0.754
GS,2026-08-14 00:00:00+05:30,20.0,30.2,87.4,1.21,221.0,6.04,7.43,5.55,0.764
GS,2026-08-15 00:00:00+05:30,18.6,29.1,90.0,1.09,194.0,7.53,7.24,7.52,0.781
GS,2026-08-16 00:00:00+05:30,19.1,30.5,84.8,1.37,226.0,4.58,8.8,6.88,0.747
GS,2026-08-17 00:00:00+05:30,18.4,30.3,86.8,1.54,223.0,4.22,8.1,7.79,0.741
GS,2026-08-18 00:00:00+05:30,10.5,30.4,89.0,1.24,201.0,4.65,6.98,6.52,0.719
GS,2026-08-19 00:00:00+05:30,16.7,30.6,86.9,0.969,171.0,5.33,6.9,7.69,0.753
GS,2026-08-20 00:00:00+05:30,16.0,30.6,84.7,0.904,163.0,5.66,6.56,5.96,0.772
GS,2026-08-21 00:00:00+05:30,15.4,30.8,82.2,1.22,226.0,5.1,7.25,6.65,0.768
GS,2026-08-22 00:00:00+05:30,12.7,30.8,84.6,1.28,212.0,3.96,7.53,7.36,0.751
GS,2026-08-23 00:00:00+05:30,15.0,30.4,86.5,1.36,236.0,4.29,7.4,7.09,0.756
GS,2026-08-24 00:00:00+05:30,16.2,30.8,83.4,0.908,190.0,5.53,6.55,8.12,0.785
GS,2026-08-25 00:00:00+05:30,14.6,30.9,82.5,0.78,162.0,5.82,7.31,6.69,0.717
GS,2026-08-26 00:00:00+05:30,17.5,31.3,81.2,0.765,159.0,6.24,7.85,6.5,0.732
GS,2026-08-27 00:00:00+05:30,13.9,30.7,85.0,1.3,215.0,4.15,8.74,5.78,0.669
GS,2026-08-28 00:00:00+05:30,,30.0,87.0,2.1,248.0,2.8,8.0,5.4,0.74
GS,2026-08-29 00:00:00+05:30,,30.0,85.7,1.88,241.0,1.49,8.34,4.93,0.703
GS,2026-08-30 00:00:00+05:30,11.5,31.0,84.2,1.27,218.0,4.38,8.02,4.24,0.748
GS,2026-08-31 00:00:00+05:30,15.3,31.1,84.0,0.888,186.0,5.25,6.99,6.45,0.733
GS,2026-09-01 00:00:00+05:30,6.25,31.0,84.6,1.22,222.0,4.72,6.15,8.89,0.783
GS,2026-09-02 00:00:00+05:30,47.7,31.2,82.6,0.717,147.0,9.85,5.54,10.0,0.663
GS,2026-09-03 00:00:00+05:30,19.6,30.7,85.2,0.854,198.0,6.81,5.79,12.8,0.735
GS,2026-09-04 00:00:00+05:30,14.4,30.8,82.6,0.82,184.0,7.34,6.35,9.9,0.767
GS,2026-09-05 00:00:00+05:30,10.9,30.2,89.2,0.966,174.0,6.01,5.95,9.48,0.743
GS,2026-09-06 00:00:00+05:30,13.9,30.1,87.8,0.595,131.0,8.78,4.37,9.74,0.751
GS,2026-09-07 00:00:00+05:30,14.5,31.4,81.1,0.697,109.0,7.23,6.3,10.9,0.731
GS,2026-09-08 00:00:00+05:30,25.1,31.6,78.9,0.839,97.8,7.33,5.64,10.8,0.704
GS,2026-09-09 00:00:00+05:30,7.9,31.8,79.3,0.693,112.0,7.07,5.54,7.42,0.696
GS,2026-09-10 00:00:00+05:30,8.12,32.3,76.3,0.812,105.0,6.81,4.61,6.62,0.821
GS,2026-09-11 00:00:00+05:30,5.09,30.8,84.7,0.6,124.0,8.08,4.92,8.14,0.817
GS,2026-09-12 00:00:00+05:30,5.91,31.0,83.3,0.628,116.0,7.37,5.06,6.19,0.7
GS,2026-09-13 00:00:00+05:30,12.2,27.3,94.3,0.414,166.0,12.7,4.23,5.2,0.829
GS,2026-09-14 00:00:00+05:30,8.43,29.3,89.1,0.733,193.0,9.71,6.8,6.69,0.85
GS,2026-09-15 00:00:00+05:30,7.14,29.5,89.4,0.881,198.0,9.47,4.68,7.1,0.827
GS,2026-09-16 00:00:00+05:30,9.89,29.8,87.5,0.654,201.0,12.3,4.59,6.01,0.878
GS,2026-09-17 00:00:00+05:30,7.29,30.8,85.1,0.918,212.0,8.31,5.33,6.41,0.768
HE,2025-10-11 00:00:00+05:30,71.9,31.35,74.5,0.81,113.0,24.1,35.0,2.67,0.4165
HE,2025-10-12 00:00:00+05:30,71.69999999999999,31.15,74.95,0.8,171.5,24.35,35.3,3.005,0.42500000000000004
HE,2025-10-13 00:00:00+05:30,67.3,31.3,74.95,0.8400000000000001,180.0,29.25,37.3,2.545,0.5265
HE,2025-10-14 00:00:00+05:30,72.4,32.0,74.35,0.795,161.05,27.049999999999997,37.25,2.315,0.522
HE,2025-10-15 00:00:00+05:30,65.3,31.0,76.1,0.717,156.5,29.15,28.549999999999997,2.465,0.5965
HE,2025-10-16 00:00:00+05:30,55.65,30.35,76.95,0.761,149.5,23.85,28.2,2.36,0.485
HE,2025-10-17 00:00:00+05:30,43.25,30.35,73.0,0.8865000000000001,139.0,23.15,32.4,2.825,0.41100000000000003
HE,2025-10-18 00:00:00+05:30,91.0,30.35,70.15,0.845,167.0,28.049999999999997,39.5,2.9850000000000003,0.467
HE,2025-10-19 00:00:00+05:30,93.35,30.6,74.65,0.869,180.5,20.200000000000003,33.3,2.755,0.4895
HE,2025-10-20 00:00:00+05:30,128.5,30.9,79.25,0.9365,197.5,27.65,23.25,3.585,0.6855
HE,2025-10-21 00:00:00+05:30,82.19999999999999,31.65,75.0,0.749,153.0,16.27,31.0,3.8100000000000005,0.4465
HE,2025-10-22 00:00:00+05:30,40.099999999999994,31.5,78.25,0.73,138.0,17.605,20.3,3.6950000000000003,0.4355
HE,2025-10-23 00:00:00+05:30,49.3,32.25,75.65,0.764,163.0,19.7,14.700000000000001,3.12,0.3855
HE,2025-10-24 00:00:00+05:30,21.6,31.849999999999998,77.69999999999999,0.739,141.5,21.0,13.169999999999998,2.1,0.3855
HE,2025-10-25 00:00:00+05:30,11.2,30.85,82.8,0.514,113.0,15.05,6.15,2.945,0.4285
HE,2025-10-26 00:00:00+05:30,19.950000000000003,30.5,86.25,0.529,100.05,11.865,2.3,3.005,0.3905
HE,2025-10-27 00:00:00+05:30,12.399999999999999,29.1,84.55,0.739,138.5,12.39,6.105,2.87,0.36
HE,2025-10-28 00:00:00+05:30,26.15,28.7,83.5,0.691,128.0,16.35,10.33,3.19,0.376
HE,2025-10-29 00:00:00+05:30,32.65,29.8,78.1,0.927,79.9,20.75,16.8,3.045,0.3145
HE,2025-10-30 00:00:00+05:30,23.4,28.85,85.94999999999999,0.639,101.0,21.299999999999997,10.83,2.1849999999999996,0.39449999999999996
HE,2025-10-31 00:00:00+05:30,21.9,28.9,88.6,0.605,115.0,19.75,5.595000000000001,2.25,0.47900000000000004
HE,2025-11-01 00:00:00+05:30,19.0,29.9,87.94999999999999,0.7095,120.5,15.8,5.9399999999999995,2.675,0.49
HE,2025-11-02 00:00:00+05:30,15.600000000000001,29.05,88.94999999999999,0.637,95.7,14.799999999999999,4.13,2.29,0.41600000000000004
HE,2025-11-03 00:00:00+05:30,16.65,29.450000000000003,86.35,0.9530000000000001,136.9,12.825,8.565000000000001,2.85,0.445
HE,2025-11-04 00:00:00+05:30,23.6,29.25,85.6,1.55,46.8,11.885,21.4,2.11,0.315
HE,2025-11-05 00:00:00+05:30,25.4,27.45,79.94999999999999,1.3,68.1,15.645,17.05,2.06,0.32599999999999996
HE,2025-11-06 00:00:00+05:30,44.150000000000006,27.35,81.55,1.12,88.6,17.0,25.2,3.4899999999999998,0.475
HE,2025-11-07 00:00:00+05:30,69.2,28.15,77.4,0.9265,160.8,30.5,28.0,4.605,0.8395
HE,2025-11-08 00:00:00+05:30,51.55,28.1,68.85,0.936,,29.0,20.799999999999997,2.545,0.915
HE,2025-11-09 00:00:00+05:30,65.35,26.8,68.19999999999999,0.845,167.4,25.8,27.700000000000003,3.4,0.4585
HE,2025-11-10 00:00:00+05:30,56.65,26.450000000000003,77.19999999999999,1.23,145.75,41.15,10.39,2.66,0.634
HE,2025-11-11 00:00:00+05:30,66.0,27.4,74.44999999999999,1.2,143.65,35.95,36.25,4.065,0.7295
HE,2025-11-12 00:00:00+05:30,78.45,27.6,64.25,0.88,167.0,51.3,23.3,3.2199999999999998,0.6214999999999999
HE,2025-11-13 00:00:00+05:30,76.3,27.65,62.699999999999996,0.941,131.0,44.75,21.799999999999997,3.67,0.5045
HE,2025-11-14 00:00:00+05:30,79.5,27.299999999999997,66.25,1.023,142.0,39.75,37.0,3.775,0.591
HE,2025-11-15 00:00:00+05:30,82.75,26.15,59.3,0.88,148.0,40.5,24.95,3.6500000000000004,0.6145
HE,2025-11-16 00:00:00+05:30,61.1,26.25,58.75,0.933,132.5,30.1,29.2,4.09,0.7685
HE,2025-11-17 00:00:00+05:30,59.65,27.35,54.300000000000004,0.836,114.0,37.5,43.8,4.38,0.507
HE,2025-11-18 00:00:00+05:30,61.1,26.55,50.099999999999994,0.929,83.4,48.45,22.200000000000003,3.04,0.77
HE,2025-11-19 00:00:00+05:30,60.650000000000006,26.75,41.25,0.942,106.0,45.2,25.0,3.6399999999999997,0.655
HE,2025-11-20 00:00:00+05:30,59.4,27.700000000000003,55.8,0.9339999999999999,138.5,42.5,30.200000000000003,3.235,0.647
HE,2025-11-21 00:00:00+05:30,67.9,28.7,56.75,0.988,84.0,40.6,37.1,3.115,0.772
HE,2025-11-22 00:00:00+05:30,72.3,29.05,59.45,0.968,85.2,42.25,33.75,3.965,0.913
HE,2025-11-23 00:00:00+05:30,71.6,29.0,64.9,1.0125,68.3,35.2,27.7,2.585,0.848
HE,2025-11-24 00:00:00+05:30,58.3,28.7,69.85,1.51,157.2,32.6,27.2,2.38,0.8225
HE,2025-11-25 00:00:00+05:30,61.5,27.9,74.5,1.39,68.5,36.4,27.799999999999997,2.545,0.855
HE,2025-11-26 00:00:00+05:30,70.65,28.55,77.05,1.39,144.35,38.95,37.150000000000006,3.3099999999999996,0.743
HE,2025-11-27 00:00:00+05:30,71.6,28.75,72.35,1.56,79.1,42.8,37.55,2.655,0.626
HE,2025-11-28 00:00:00+05:30,68.55000000000001,28.549999999999997,70.5,1.47,68.3,37.15,27.25,2.465,0.7275
HE,2025-11-29 00:00:00+05:30,58.7,28.25,63.8,1.08,91.2,35.95,16.4,2.815,0.35865
HE,2025-11-30 00:00:00+05:30,55.9,27.75,58.949999999999996,0.818,113.0,38.849999999999994,25.8,3.835,0.613
HE,2025-12-01 00:00:00+05:30,81.15,23.15,58.949999999999996,0.872,76.6,21.869999999999997,27.4,3.51,0.6925
HE,2025-12-02 00:00:00+05:30,123.1,21.3,60.25,0.73,72.7,17.1,10.08,2.26,0.735
HE,2025-12-03 00:00:00+05:30,93.9,25.950000000000003,61.150000000000006,0.849,81.9,48.9,18.25,3.99,0.859
HE,2025-12-04 00:00:00+05:30,82.6,24.9,59.95,1.07,63.50000000000001,44.849999999999994,12.825000000000001,4.905,0.7255
HE,2025-12-05 00:00:00+05:30,65.95,26.7,51.0,0.919,88.6,43.45,16.95,4.83,0.671
HE,2025-12-06 00:00:00+05:30,88.35,28.55,50.0,1.0494999999999999,83.5,36.45,32.85,7.445,0.617
HE,2025-12-07 00:00:00+05:30,61.849999999999994,28.35,51.2,1.12,165.0,27.56,42.5,4.7,0.6265000000000001
HE,2025-12-08 00:00:00+05:30,72.7,28.1,52.400000000000006,1.17,78.7,41.9,24.700000000000003,5.955,0.6375
HE,2025-12-09 00:00:00+05:30,71.1,27.05,44.55,0.847,96.8,35.6,11.889999999999999,4.955,0.488
HE,2025-12-10 00:00:00+05:30,59.85,29.0,43.150000000000006,0.7135,102.0,36.8,21.6,4.8,0.43200000000000005
HE,2025-12-11 00:00:00+05:30,57.5,26.85,43.25,0.785,117.0,40.3,19.3,4.54,0.388
HE,2025-12-12 00:00:00+05:30,56.45,27.4,45.5,1.04,100.0,39.5,26.65,4.765,0.4605
HE,2025-12-13 00:00:00+05:30,68.75,27.65,47.85,1.01,102.0,38.3,29.5,4.6450000000000005,0.6705000000000001
HE,2025-12-14 00:00:00+05:30,77.85,28.05,45.7,,,35.4,31.05,7.705,0.7224999999999999
HE,2025-12-15 00:00:00+05:30,75.65,28.1,45.900000000000006,0.9850000000000001,145.5,50.05,12.75,5.7,1.541
HE,2025-12-16 00:00:00+05:30,67.1,28.049999999999997,46.55,0.979,115.0,31.55,26.85,5.859999999999999,0.4175
HE,2025-12-17 00:00:00+05:30,77.94999999999999,29.0,47.85,0.915,123.0,40.2,26.3,5.465,1.6629999999999998
HE,2025-12-18 00:00:00+05:30,67.35,29.1,47.55,0.908,105.0,40.25,23.4,4.995,0.6745000000000001
HE,2025-12-19 00:00:00+05:30,56.25,27.5,42.85,1.045,104.0,33.199999999999996,28.799999999999997,4.245,1.3980000000000001
HE,2025-12-20 00:00:00+05:30,41.2,27.25,47.3,0.973,142.5,34.5,16.3,3.3950000000000005,1.4505
HE,2025-12-21 00:00:00+05:30,50.8,26.9,45.650000000000006,0.9625,158.0,25.545,22.55,4.5200000000000005,1.077
HE,2025-12-22 00:00:00+05:30,63.150000000000006,26.55,45.7,0.949,185.0,34.25,18.1,4.845,0.5035000000000001
HE,2025-12-23 00:00:00+05:30,44.95,27.0,46.0,1.0005,118.0,33.05,23.0,5.585,0.4905
HE,2025-12-24 00:00:00+05:30,32.6,26.4,44.85,0.988,115.0,24.05,19.4,5.165,0.3325
HE,2025-12-25 00:00:00+05:30,49.25,26.6,49.5,1.03,146.0,31.65,25.85,6.105,0.3885
HE,2025-12-26 00:00:00+05:30,70.15,26.65,50.3,1.025,152.0,26.549999999999997,32.8,3.5949999999999998,0.45399999999999996
HE,2025-12-27 00:00:00+05:30,67.9,26.5,50.8,1.06,111.0,30.0,24.6,3.23,0.4315
HE,2025-12-28 00:00:00+05:30,69.15,26.950000000000003,51.5,1.06,109.0,22.466649999999998,27.25,5.755,0.4315
HE,2025-12-29 00:00:00+05:30,61.150000000000006,27.05,52.3,1.1099999999999999,151.5,35.95,35.7,6.994999999999999,0.4285
HE,2025-12-30 00:00:00+05:30,61.35,27.8,55.0,1.1,152.75,39.55,33.349999999999994,6.855,0.3835
HE,2025-12-31 00:00:00+05:30,46.35,27.3,61.45,1.28,58.60000000000001,36.9,27.700000000000003,4.59,0.363
HE,2026-01-01 00:00:00+05:30,43.6,26.95,65.85,1.0474999999999999,113.2,18.375,9.57,4.075,0.397
HE,2026-01-02 00:00:00+05:30,46.7,27.549999999999997,66.15,0.9495,188.0,24.1,15.5,4.01,0.319
HE,2026-01-03 00:00:00+05:30,48.6,27.1,66.35,1.21,160.3,47.1,14.0,4.1,0.3695
HE,2026-01-04 00:00:00+05:30,58.4,27.700000000000003,63.95,1.26,162.35,33.65,13.399999999999999,5.125,0.41100000000000003
HE,2026-01-05 00:00:00+05:30,52.550000000000004,27.9,60.85,1.08,171.5,42.400000000000006,19.4,4.05,0.40049999999999997
HE,2026-01-06 00:00:00+05:30,55.150000000000006,27.8,60.05,1.16,102.0,37.9,22.55,4.45,0.4135
HE,2026-01-07 00:00:00+05:30,56.25,27.6,57.4,1.09,156.0,41.95,24.8,5.035,0.4195
HE,2026-01-08 00:00:00+05:30,51.3,27.0,51.8,0.945,186.0,36.75,18.55,5.3999999999999995,0.4115
HE,2026-01-09 00:00:00+05:30,50.85,26.55,51.3,1.17,154.0,24.37,23.35,4.955,0.40249999999999997
HE,2026-01-10 00:00:00+05:30,52.650000000000006,28.05,50.400000000000006,1.1,190.0,24.745,23.950000000000003,5.25,0.43700000000000006
HE,2026-01-20 00:00:00+05:30,88.25,26.6,65.7,0.7985,226.5,59.8,7.029999999999999,3.625,0.3845
HE,2026-01-21 00:00:00+05:30,74.5,28.35,61.8,0.937,184.0,49.45,23.55,4.09,0.5285
HE,2026-01-22 00:00:00+05:30,67.0,28.35,61.95,1.08,108.0,16.53,28.15,4.12,0.47150000000000003
HE,2026-01-23 00:00:00+05:30,36.95,27.5,70.45,0.895,181.75,30.45,19.4,3.075,0.2855
HE,2026-01-24 00:00:00+05:30,34.55,27.15,62.5,0.934,203.5,24.0,22.85,2.8449999999999998,0.35150000000000003
HE,2026-01-25 00:00:00+05:30,44.150000000000006,27.7,68.2,1.24,111.0,26.9,23.35,2.84,0.3755
HE,2026-01-26 00:00:00+05:30,34.83,30.25,69.15,1.24,104.0,8.204,19.61,1.493,0.48150000000000004
HE,2026-01-27 00:00:00+05:30,25.15,29.950000000000003,72.75,0.9725,182.4,12.649999999999999,25.6,2.03,0.2755
HE,2026-01-28 00:00:00+05:30,26.700000000000003,26.65,65.45,1.047,168.5,19.05,28.65,3.0549999999999997,0.28700000000000003
HE,2026-01-29 00:00:00+05:30,43.2,27.2,60.55,1.11,174.5,44.150000000000006,24.3,3.9050000000000002,0.406
HE,2026-01-30 00:00:00+05:30,58.95,28.35,64.55,1.165,153.95000000000002,30.75,20.1,2.91,0.47850000000000004
HE,2026-01-31 00:00:00+05:30,48.2,28.1,68.05,1.1595,150.95,33.25,20.7,2.6799999999999997,0.3025
HE,2026-02-01 00:00:00+05:30,54.85,28.450000000000003,60.75,0.932,169.0,32.1,21.1,2.595,0.3305
HE,2026-02-02 00:00:00+05:30,72.8,28.5,55.45,1.0055,170.5,27.6,19.5,3.345,0.4225
HE,2026-02-03 00:00:00+05:30,59.15,28.450000000000003,51.05,1.28,131.0,27.35,37.6,4.0,0.578
HE,2026-02-04 00:00:00+05:30,47.050000000000004,16.36,44.85,0.9430000000000001,150.0,28.8,42.400000000000006,2.52,0.373
HE,2026-02-05 00:00:00+05:30,54.05,29.25,45.1,0.9775,183.5,37.85,21.299999999999997,3.6799999999999997,0.439
HE,2026-02-06 00:00:00+05:30,68.8,28.6,45.900000000000006,1.0899999999999999,198.5,24.549999999999997,24.5,4.21,0.378
HE,2026-02-07 00:00:00+05:30,68.05000000000001,28.55,45.1,1.069,207.5,37.849999999999994,28.8,4.45,0.371
HE,2026-02-08 00:00:00+05:30,49.7,27.0,44.3,0.768,215.0,0.0,11.9,3.42,0.466
HE,2026-02-09 00:00:00+05:30,58.1,28.0,51.0,1.08,179.0,36.0,37.75,4.56,0.413
HE,2026-02-10 00:00:00+05:30,53.400000000000006,27.6,54.45,0.856,130.0,38.55,33.6,5.1,0.3125
HE,2026-02-11 00:00:00+05:30,64.44999999999999,28.1,53.25,1.03,199.5,41.65,24.1,4.875,0.385
HE,2026-02-12 00:00:00+05:30,61.95,29.15,52.55,0.912,187.0,45.349999999999994,32.2,2.765,0.3645
HE,2026-02-13 00:00:00+05:30,66.05000000000001,28.95,53.25,0.9279999999999999,138.0,42.15,30.05,4.75,0.39199999999999996
HE,2026-02-14 00:00:00+05:30,75.4,29.3,51.05,1.0270000000000001,208.5,39.3,33.7,5.24,0.495
HE,2026-02-15 00:00:00+05:30,79.85,29.45,52.85,1.17,152.0,37.05,25.5,5.405,0.483
HE,2026-02-16 00:00:00+05:30,61.85,27.65,50.7,0.643,252.0,51.95,2.59,5.285,0.6085
HE,2026-02-17 00:00:00+05:30,44.55,29.15,54.75,1.1245,174.5,18.45,48.0,3.88,0.1685
HE,2026-02-18 00:00:00+05:30,18.65,28.799999999999997,59.05,0.616,199.0,16.4,26.6,3.75,0.1437
HE,2026-02-19 00:00:00+05:30,61.75,28.6,62.8,0.926,154.7,27.299999999999997,52.55,4.39,0.212
HE,2026-02-20 00:00:00+05:30,69.94999999999999,29.2,62.7,1.39,131.0,39.55,35.75,4.315,0.3615
HE,2026-02-21 00:00:00+05:30,59.95,29.85,53.45,1.44,176.0,48.0,38.6,5.55,0.40399999999999997
HE,2026-02-22 00:00:00+05:30,56.8,29.55,57.150000000000006,1.45,138.0,33.05,28.85,4.79,0.39799999999999996
HE,2026-02-23 00:00:00+05:30,46.650000000000006,29.5,54.6,1.43,159.0,28.549999999999997,38.599999999999994,4.795,0.432
HE,2026-02-24 00:00:00+05:30,42.7,29.55,58.900000000000006,1.13,140.0,35.85,33.75,3.9,0.2605
HE,2026-02-25 00:00:00+05:30,37.9,29.15,59.400000000000006,0.914,145.0,34.2,24.0,4.62,0.3035
HE,2026-02-26 00:00:00+05:30,16.200000000000003,28.45,60.45,0.932,175.0,18.15,18.299999999999997,3.465,0.13075
HE,2026-02-27 00:00:00+05:30,17.5,28.55,56.7,0.786,221.0,18.8,17.95,3.5149999999999997,0.11109999999999999
HE,2026-02-28 00:00:00+05:30,20.1,28.75,54.650000000000006,0.977,211.0,21.45,19.0,3.21,0.1459
HE,2026-03-01 00:00:00+05:30,24.950000000000003,29.049999999999997,57.75,1.07,258.0,19.799999999999997,25.549999999999997,3.34,0.13505
HE,2026-03-02 00:00:00+05:30,27.1,28.799999999999997,60.849999999999994,0.773,213.0,29.5,21.0,3.5250000000000004,0.12415
HE,2026-03-03 00:00:00+05:30,68.05,21.75,55.15,0.9339999999999999,120.0,24.1,32.5,4.58,0.7055
HE,2026-03-04 00:00:00+05:30,39.650000000000006,29.200000000000003,50.95,1.51,152.0,26.700000000000003,29.85,5.205,0.8985000000000001
HE,2026-03-05 00:00:00+05:30,30.200000000000003,31.6,35.85,0.705,162.6,19.25,26.049999999999997,2.73,0.3605
HE,2026-03-06 00:00:00+05:30,28.65,16.849999999999998,44.599999999999994,0.563,77.1,18.2,37.85,2.56,0.3435
HE,2026-03-07 00:00:00+05:30,33.75,28.15,63.8,1.15,107.0,17.5,48.0,2.31,0.5305
HE,2026-03-08 00:00:00+05:30,57.35,29.95,55.25,1.01,207.5,27.6,47.9,5.24,0.53
HE,2026-03-09 00:00:00+05:30,40.650000000000006,30.7,45.1,1.13,174.0,33.3,56.35,5.635,0.46699999999999997
HE,2026-03-10 00:00:00+05:30,35.25,31.35,44.75,1.43,239.0,28.5,74.05000000000001,5.49,0.4905
HE,2026-03-11 00:00:00+05:30,42.400000000000006,29.799999999999997,60.95,1.11,189.5,30.55,43.65,3.11,0.4605
HE,2026-03-12 00:00:00+05:30,30.95,29.8,67.4,1.026,197.0,16.45,32.8,3.97,0.4465
HE,2026-03-13 00:00:00+05:30,40.05,30.25,56.75,0.9,160.0,25.2,29.6,6.78,0.4335
HE,2026-03-14 00:00:00+05:30,35.349999999999994,30.1,56.05,1.06,204.5,10.555,18.3,1.725,0.244
HE,2026-03-15 00:00:00+05:30,30.0,29.4,61.900000000000006,1.09,181.0,10.995000000000001,14.8,3.08,0.1724
HE,2026-03-16 00:00:00+05:30,23.45,29.6,61.95,1.02,107.0,8.285,14.9,3.08,0.178
HE,2026-03-17 00:00:00+05:30,20.85,29.7,60.150000000000006,1.06,188.0,11.36,16.1,2.94,0.254
HE,2026-03-18 00:00:00+05:30,45.150000000000006,29.55,59.099999999999994,0.972,123.0,14.55,12.55,3.53,0.277
HE,2026-03-19 00:00:00+05:30,30.6,29.45,59.25,1.0255,182.0,11.95,10.95,3.5,0.2185
HE,2026-03-20 00:00:00+05:30,19.57,29.299999999999997,56.5,0.798,161.0,12.9,10.745000000000001,3.4,0.212
HE,2026-03-21 00:00:00+05:30,15.145,29.85,51.2,1.07,158.0,15.55,21.55,3.65,0.1545
HE,2026-03-22 00:00:00+05:30,25.8,30.35,48.25,0.79,206.5,21.6,30.6,3.76,0.1405
HE,2026-03-23 00:00:00+05:30,31.05,31.0,47.900000000000006,0.916,164.0,17.55,28.450000000000003,3.8,0.391
HE,2026-03-24 00:00:00+05:30,27.900000000000002,31.849999999999998,53.7,1.0295,198.0,16.95,30.55,2.88,0.412
HE,2026-03-25 00:00:00+05:30,27.700000000000003,30.9,58.599999999999994,1.1,197.5,14.989999999999998,27.400000000000002,2.24,0.352
HE,2026-03-26 00:00:00+05:30,45.400000000000006,31.45,53.849999999999994,0.897,201.5,20.4,33.8,3.4,0.232
HE,2026-03-27 00:00:00+05:30,59.099999999999994,31.4,50.85,1.37,205.5,14.2,27.89,3.26,0.182
HE,2026-03-28 00:00:00+05:30,23.299999999999997,30.450000000000003,60.8,1.0665,181.55,11.785,18.1,2.425,0.267
HE,2026-03-29 00:00:00+05:30,22.25,30.5,60.400000000000006,1.08,182.25,7.130000000000001,8.43,2.885,0.11345
HE,2026-03-30 00:00:00+05:30,15.25,30.75,61.5,1.105,195.0,8.39,20.85,2.685,0.165
HE,2026-03-31 00:00:00+05:30,16.495,31.1,58.400000000000006,1.05,195.5,12.04,27.0,3.005,0.1525
HE,2026-04-01 00:00:00+05:30,26.450000000000003,30.900000000000002,58.75,1.0070000000000001,182.85,14.7,18.799999999999997,3.1100000000000003,0.13475
HE,2026-04-02 00:00:00+05:30,24.799999999999997,30.6,56.8,0.9155,186.0,14.170000000000002,25.85,3.1900000000000004,0.154
HE,2026-04-03 00:00:00+05:30,29.85,30.700000000000003,52.75,1.0025,169.45,15.55,26.95,3.33,0.30100000000000005
HE,2026-04-04 00:00:00+05:30,19.85,30.75,58.400000000000006,1.0194999999999999,188.35,11.735,16.6,10.295,0.244
HE,2026-04-05 00:00:00+05:30,18.6,30.450000000000003,54.25,0.9185,203.0,7.0649999999999995,28.25,2.615,0.22899999999999998
HE,2026-04-06 00:00:00+05:30,17.799999999999997,30.35,51.45,0.918,164.14999999999998,11.29,29.299999999999997,3.4000000000000004,0.2595
HE,2026-04-07 00:00:00+05:30,20.6,30.65,53.75,1.01,99.6,8.9,26.2,2.37,0.255
HE,2026-04-08 00:00:00+05:30,20.3,31.0,58.55,1.0185,181.6,8.870000000000001,10.045,2.575,0.2895
HE,2026-04-09 00:00:00+05:30,35.35,31.150000000000002,53.8,0.9255,196.0,9.100000000000001,14.75,2.7,0.3055
HE,2026-04-10 00:00:00+05:30,54.45,31.05,50.95,1.0350000000000001,198.5,10.6,20.75,3.235,0.3055
HE,2026-04-11 00:00:00+05:30,46.3,31.3,58.95,1.084,198.5,6.705,42.2,3.0599999999999996,0.296
HE,2026-04-12 00:00:00+05:30,43.15,31.05,61.599999999999994,1.14,198.5,12.65,27.849999999999998,3.0650000000000004,0.2895
HE,2026-04-13 00:00:00+05:30,36.95,31.45,62.5,1.34,188.0,10.08,22.65,3.09,0.32
HE,2026-04-14 00:00:00+05:30,44.9,31.799999999999997,59.650000000000006,0.9730000000000001,184.5,12.004999999999999,23.65,3.06,0.3335
HE,2026-04-15 00:00:00+05:30,27.75,31.05,60.25,1.058,185.75,13.200000000000001,18.95,3.01,0.293
HE,2026-04-16 00:00:00+05:30,24.7,31.150000000000002,60.099999999999994,0.937,187.2,8.005,25.7,3.0549999999999997,0.2595
HE,2026-04-17 00:00:00+05:30,21.65,31.4,62.05,0.9039999999999999,181.5,8.455,13.66,2.695,0.309
HE,2026-04-18 00:00:00+05:30,11.4,31.6,61.849999999999994,1.46,141.0,2.31,15.15,1.61,0.334
HE,2026-04-19 00:00:00+05:30,15.85,31.75,55.849999999999994,1.26,125.0,3.035,11.45,1.775,0.302
HE,2026-04-20 00:00:00+05:30,24.3,31.35,62.900000000000006,1.091,186.5,6.365,24.15,2.175,0.34049999999999997
HE,2026-04-21 00:00:00+05:30,38.349999999999994,32.05,59.2,1.103,189.5,12.595,34.2,3.25,0.35350000000000004
HE,2026-04-22 00:00:00+05:30,42.5,33.0,39.1,1.13,136.0,13.9,30.5,2.84,0.194
HE,2026-04-23 00:00:00+05:30,40.05,34.1,49.6,1.2349999999999999,209.0,8.975,42.05,3.165,0.37450000000000006
HE,2026-04-24 00:00:00+05:30,52.550000000000004,32.9,57.25,1.2000000000000002,215.0,11.355,29.299999999999997,3.135,0.349
HE,2026-04-25 00:00:00+05:30,38.7,32.650000000000006,54.05,0.9804999999999999,203.0,6.50125,32.099999999999994,3.04,0.2875
HE,2026-04-26 00:00:00+05:30,23.8,32.5,60.05,1.0895000000000001,200.5,6.50065,17.75,9.685,0.2925
HE,2026-04-27 00:00:00+05:30,20.1,32.1,63.45,0.9424999999999999,190.0,9.065,22.95,4.76,0.3055
HE,2026-04-28 00:00:00+05:30,16.3,32.2,62.650000000000006,1.0285,198.5,11.05,20.1,3.145,0.3045
HE,2026-04-29 00:00:00+05:30,25.95,32.2,61.650000000000006,0.9445,187.5,10.69,12.370000000000001,3.225,0.3135
HE,2026-04-30 00:00:00+05:30,25.25,32.25,61.849999999999994,0.879,196.5,10.18,7.91,2.925,0.314
HE,2026-05-01 00:00:00+05:30,11.7,24.4,56.45,0.852,186.0,4.675000000000001,6.425,52.69,0.3205
HE,2026-05-02 00:00:00+05:30,9.49,32.2,60.2,0.9255,192.0,7.9399999999999995,7.04,2.915,0.3005
HE,2026-05-03 00:00:00+05:30,20.63,32.7,60.400000000000006,0.9844999999999999,199.5,14.885,10.11,2.66,0.321
HE,2026-05-04 00:00:00+05:30,33.3,33.150000000000006,56.2,1.029,203.5,14.879999999999999,6.949999999999999,2.9450000000000003,0.366
HE,2026-05-05 00:00:00+05:30,32.0,33.5,55.3,1.1995,213.5,13.825000000000001,18.2,3.365,0.295
HE,2026-05-06 00:00:00+05:30,13.59,34.6,49.0,1.165,221.5,13.425,34.45,3.3899999999999997,0.264
HE,2026-05-07 00:00:00+05:30,24.6,33.75,57.05,1.051,187.5,17.240000000000002,71.85,3.375,0.3245
HE,2026-05-08 00:00:00+05:30,27.950000000000003,33.35,60.150000000000006,1.1435,209.5,14.865,25.549999999999997,3.15,0.28600000000000003
HE,2026-05-09 00:00:00+05:30,25.8,24.15,54.1,0.9265,186.0,15.025,29.2,3.175,0.2975
HE,2026-05-10 00:00:00+05:30,19.700000000000003,33.25,58.150000000000006,1.149,211.5,16.685,32.05,3.5300000000000002,0.34149999999999997
HE,2026-05-11 00:00:00+05:30,23.9,33.4,58.3,1.0945,214.0,12.055,28.85,3.64,0.27849999999999997
HE,2026-05-12 00:00:00+05:30,20.3,30.1,59.45,1.079,212.0,4.93,23.25,2.865,0.409
HE,2026-05-13 00:00:00+05:30,20.75,33.05,60.7,1.1865,214.5,10.424999999999999,16.45,2.9699999999999998,0.24200000000000002
HE,2026-05-14 00:00:00+05:30,13.7,33.0,60.349999999999994,1.1535,217.5,8.05,18.8,3.0700000000000003,1.0295
HE,2026-05-15 00:00:00+05:30,17.75,32.650000000000006,59.45,1.183,210.5,8.86,15.45,2.3,0.19415
HE,2026-05-16 00:00:00+05:30,16.65,32.95,57.75,1.31,211.0,9.620000000000001,20.55,2.295,0.41185
HE,2026-05-17 00:00:00+05:30,12.5,32.6,61.8,1.8649999999999998,211.5,4.202,13.899999999999999,2.215,1.68125
HE,2026-05-18 00:00:00+05:30,16.35,32.650000000000006,61.95,1.2255,209.0,5.305,13.899999999999999,2.37,2.8581
HE,2026-05-19 00:00:00+05:30,17.8,32.8,60.5,1.371,211.5,7.25,14.05,2.315,0.2395
HE,2026-05-20 00:00:00+05:30,20.1,32.7,58.8,1.3885,215.0,6.448,10.719999999999999,2.295,1.715
HE,2026-05-21 00:00:00+05:30,15.32,19.86,52.85,1.16,97.7,3.2945,13.5,2.0,0.1036
HE,2026-05-22 00:00:00+05:30,14.58,32.8,46.35,0.0,0.0,1.425,9.43,3.205,0.155
HE,2026-05-23 00:00:00+05:30,14.25,33.3,44.95,0.0,0.0,0.905,9.215,43.835,0.12955
HE,2026-05-24 00:00:00+05:30,11.735,33.2,47.4,0.4585,134.0,0.159,8.334999999999999,34.735,0.1605
HE,2026-05-25 00:00:00+05:30,12.425,33.2,46.05,0.515,137.5,0.1605,8.485,2.15,0.23199999999999998
HE,2026-05-26 00:00:00+05:30,13.745000000000001,32.9,50.95,0.835,176.3,1.843,8.13,2.225,0.17099999999999999
HE,2026-05-27 00:00:00+05:30,18.384999999999998,33.45,55.650000000000006,1.45,229.0,5.944999999999999,11.3,15.945,0.1625
HE,2026-05-28 00:00:00+05:30,15.15,33.55,54.0,1.5715000000000001,225.5,12.803,12.45,2.4400000000000004,0.1735
HE,2026-05-29 00:00:00+05:30,16.05,33.05,54.0,1.5175,223.5,12.8595,9.265,14.115,0.176
HE,2026-05-30 00:00:00+05:30,17.4,33.4,55.0,1.5170000000000001,222.5,12.7305,10.045,2.28,0.2275
HE,2026-05-31 00:00:00+05:30,17.05,33.25,57.95,1.2675,206.0,12.9525,12.15,2.3049999999999997,0.2255
HE,2026-06-01 00:00:00+05:30,15.299999999999999,33.45,56.3,1.92,179.0,12.7115,12.879999999999999,2.415,0.1875
HE,2026-06-02 00:00:00+05:30,14.475000000000001,33.45,54.85,1.399,214.5,15.765,16.75,2.38,0.20750000000000002
HE,2026-06-03 00:00:00+05:30,16.15,32.75,56.599999999999994,1.45,192.5,16.085,21.25,2.4000000000000004,0.23700000000000002
HE,2026-06-04 00:00:00+05:30,15.850000000000001,33.25,55.900000000000006,1.025,187.5,15.19,7.74,2.42,0.22649999999999998
HE,2026-06-05 00:00:00+05:30,34.349999999999994,33.5,56.85,1.39,144.0,12.005,7.34,2.48,0.2
HE,2026-06-06 00:00:00+05:30,12.3,33.7,72.5,0.95,271.0,0.567,7.17,2.52,0.207
HE,2026-06-07 00:00:00+05:30,16.9,33.7,71.8,1.02,269.0,0.739,7.85,2.41,0.25
HE,2026-06-08 00:00:00+05:30,15.7,33.5,70.9,0.993,264.0,1.28,5.13,2.33,0.453
HE,2026-06-09 00:00:00+05:30,27.1,33.6,71.3,1.19,273.0,4.72,9.8,3.24,0.239
HE,2026-06-10 00:00:00+05:30,27.5,33.099999999999994,54.3,1.205,199.0,7.725,12.6,2.46,0.257
HE,2026-06-11 00:00:00+05:30,23.35,33.05,53.7,1.31,206.0,6.86,23.549999999999997,2.005,0.45299999999999996
HE,2026-06-12 00:00:00+05:30,22.700000000000003,33.3,54.6,1.3,206.0,4.6,24.35,2.54,0.20350000000000001
HE,2026-06-13 00:00:00+05:30,21.65,33.25,54.05,1.3199999999999998,200.0,2.54,24.4,2.5149999999999997,0.3535
HE,2026-06-14 00:00:00+05:30,21.25,32.8,53.2,1.34,171.0,15.225,19.7,2.275,0.403
HE,2026-06-15 00:00:00+05:30,19.9,32.7,52.4,1.28,211.0,16.245,19.6,2.325,0.3315
HE,2026-06-16 00:00:00+05:30,19.05,32.6,52.8,1.165,206.0,16.36,16.8,2.465,0.35
HE,2026-06-17 00:00:00+05:30,26.75,32.35,52.45,1.16,210.0,12.115,18.5,1.97,0.34750000000000003
HE,2026-06-18 00:00:00+05:30,18.1,32.6,51.7,1.155,215.0,9.34,14.15,2.2800000000000002,0.34199999999999997
HE,2026-06-19 00:00:00+05:30,18.15,32.25,52.75,1.0625,216.0,11.32,11.275,2.37,0.5025
HE,2026-06-20 00:00:00+05:30,17.7,32.95,51.5,1.53,185.0,8.175,13.379999999999999,2.425,0.6075
HE,2026-06-21 00:00:00+05:30,14.149999999999999,32.5,57.55,0.849,242.0,14.1,14.55,2.415,0.6555
HE,2026-06-22 00:00:00+05:30,11.95,31.95,60.65,0.7030000000000001,170.0,13.399999999999999,6.86,2.31,0.6375
HE,2026-06-23 00:00:00+05:30,11.45,30.4,69.35,0.7785,124.0,12.350000000000001,1.34,2.575,0.554
HE,2026-06-25 00:00:00+05:30,19.0,31.299999999999997,69.35,0.76,121.3,9.27,39.5,2.5,0.309
HE,2026-06-26 00:00:00+05:30,18.3,31.9,66.0,1.13,107.0,9.65,29.950000000000003,2.615,0.318
HE,2026-06-27 00:00:00+05:30,18.9,32.45,63.349999999999994,1.1440000000000001,151.4,7.720000000000001,12.8,2.57,0.322
HE,2026-06-28 00:00:00+05:30,12.649999999999999,32.2,65.25,1.399,171.0,10.535,20.45,2.475,0.35
HE,2026-06-29 00:00:00+05:30,9.905000000000001,29.65,69.35,0.8765000000000001,153.0,18.025,27.700000000000003,2.385,0.313
HE,2026-06-30 00:00:00+05:30,8.885,28.299999999999997,69.5,0.6875,135.2,14.71,18.35,2.54,0.279
HE,2026-07-01 00:00:00+05:30,8.27,26.15,69.5,1.0535,161.55,11.265,15.25,2.425,0.344
HE,2026-07-02 00:00:00+05:30,9.635,29.65,69.5,0.9655,152.75,11.469999999999999,15.25,2.5149999999999997,0.319
HE,2026-07-03 00:00:00+05:30,8.32,21.1,69.3,0.9315,171.5,10.25,14.85,2.3499999999999996,0.357
HE,2026-07-04 00:00:00+05:30,14.5,24.4,69.45,1.2919999999999998,173.55,12.16,11.774999999999999,2.3449999999999998,0.36750000000000005
HE,2026-07-05 00:00:00+05:30,10.5,27.1,69.5,1.59,166.65,9.695,13.95,2.425,0.406
HE,2026-07-06 00:00:00+05:30,18.049999999999997,27.2,67.75,1.93,168.9,7.925,15.35,2.19,0.352
HE,2026-07-07 00:00:00+05:30,21.35,28.5,69.45,1.285,170.35,8.57,23.05,2.315,0.3565
HE,2026-07-08 00:00:00+05:30,19.299999999999997,28.8,69.4,1.0899999999999999,158.45,4.485,13.7,2.41,0.368
HE,2026-07-09 00:00:00+05:30,21.45,30.1,69.35,0.9075,174.2,3.66,15.3,2.13,0.42400000000000004
HE,2026-07-10 00:00:00+05:30,16.4,30.4,68.55,1.1435,162.05,2.33,18.15,1.76,0.453
HE,2026-07-11 00:00:00+05:30,23.05,31.2,67.45,0.796,154.1,3.3449999999999998,16.950000000000003,2.25,0.4535
HE,2026-07-12 00:00:00+05:30,19.060000000000002,30.9,66.95,0.8180000000000001,156.35,3.41,16.65,2.0949999999999998,0.4295
HE,2026-07-13 00:00:00+05:30,27.25,30.4,64.35,0.7235,154.65,3.5300000000000002,19.65,2.02,0.3955
HE,2026-07-14 00:00:00+05:30,24.15,30.3,62.05,0.883,151.65,4.970000000000001,15.350000000000001,2.315,0.35250000000000004
HE,2026-07-15 00:00:00+05:30,22.15,30.4,67.7,0.8634999999999999,165.15,9.175,16.4,3.8899999999999997,0.44100000000000006
HE,2026-07-16 00:00:00+05:30,18.75,30.45,68.4,0.895,166.65,6.074999999999999,21.85,3.03,0.4215
HE,2026-07-17 00:00:00+05:30,16.2,30.3,69.4,1.12,172.65,6.87,18.3,2.91,0.419
HE,2026-07-18 00:00:00+05:30,14.55,29.7,69.3,1.0350000000000001,166.65,6.075,17.55,3.06,0.37949999999999995
HE,2026-07-19 00:00:00+05:30,14.799999999999999,29.35,69.45,0.8380000000000001,161.75,5.91,17.65,2.945,0.3905
HE,2026-07-20 00:00:00+05:30,13.75,27.6,69.45,0.995,161.55,6.475,16.8,3.115,0.38849999999999996
HE,2026-07-21 00:00:00+05:30,15.75,29.1,69.45,1.256,157.6,6.260000000000001,16.549999999999997,3.07,0.4275
HE,2026-07-22 00:00:00+05:30,10.879999999999999,27.2,75.15,1.375,165.55,6.0600000000000005,13.5,2.995,0.5025000000000001
HE,2026-07-23 00:00:00+05:30,10.27,27.25,95.55,1.0675,154.4,3.0549999999999997,18.55,2.605,0.257
HE,2026-07-24 00:00:00+05:30,12.9,27.799999999999997,97.4,1.0114999999999998,151.5,2.9,13.25,2.3449999999999998,0.3925
HE,2026-07-25 00:00:00+05:30,13.899999999999999,25.65,97.4,1.2105,153.7,2.995,10.5,2.075,0.453
HE,2026-07-26 00:00:00+05:30,16.15,25.45,97.44999999999999,1.3,162.35,2.785,9.705,2.165,0.4605
HE,2026-07-27 00:00:00+05:30,15.35,30.55,98.1,1.3050000000000002,164.0,2.95,12.15,3.43,0.4155
HE,2026-07-28 00:00:00+05:30,20.0,29.4,99.25,1.225,166.45,2.935,17.05,3.385,0.3795
HE,2026-07-29 00:00:00+05:30,20.5,25.45,99.2,1.345,158.3,3.39,17.35,1.9,0.436
HE,2026-07-30 00:00:00+05:30,17.45,25.4,99.15,1.5,160.1,3.525,11.205,2.07,0.439
HE,2026-07-31 00:00:00+05:30,18.75,27.9,96.80000000000001,1.55,158.6,4.25,13.455,4.295,0.40900000000000003
HE,2026-08-01 00:00:00+05:30,21.9,27.65,96.75,1.37,166.05,3.5650000000000004,11.315,3.295,0.399
HE,2026-08-02 00:00:00+05:30,17.9,28.25,96.80000000000001,1.255,162.7,4.390000000000001,11.075,4.37,0.33099999999999996
HE,2026-08-03 00:00:00+05:30,18.45,28.8,96.6,1.315,157.55,4.65,13.365,3.295,0.2775
HE,2026-08-04 00:00:00+05:30,19.15,28.299999999999997,96.75,1.47,160.1,5.609999999999999,11.405000000000001,7.22,0.34650000000000003
HE,2026-08-05 00:00:00+05:30,17.95,27.95,96.75,1.0785,161.8,5.965,11.350000000000001,3.625,0.352
HE,2026-08-06 00:00:00+05:30,22.55,29.049999999999997,96.7,1.6349999999999998,159.45,5.865,19.05,6.83,0.3635
HE,2026-08-07 00:00:00+05:30,16.85,29.15,96.35,1.56,156.35,5.5,14.25,4.12,0.3615
HE,2026-08-08 00:00:00+05:30,16.8,28.75,96.7,1.78,156.5,5.695,10.02,4.69,0.4505
HE,2026-08-09 00:00:00+05:30,20.9,29.05,96.0,1.395,153.75,4.995,7.79,4.75,0.44899999999999995
HE,2026-08-10 00:00:00+05:30,20.4,28.75,95.6,1.365,155.15,4.805,5.16,2.5949999999999998,0.4315
HE,2026-08-11 00:00:00+05:30,13.95,27.35,96.80000000000001,0.9125,174.5,5.135,7.855,4.970000000000001,0.498
HE,2026-08-12 00:00:00+05:30,16.0,28.5,96.75,1.22,165.1,4.535,9.39,2.255,0.43699999999999994
HE,2026-08-13 00:00:00+05:30,14.55,27.9,97.85,1.0685,161.45,5.26,6.38,2.1950000000000003,0.731
HE,2026-08-14 00:00:00+05:30,19.15,27.700000000000003,98.45,0.8975000000000001,149.7,4.8,7.35,2.23,1.027
HE,2026-08-15 00:00:00+05:30,18.0,28.15,98.35,1.041,172.75,4.315,12.225,2.5700000000000003,0.608
HE,2026-08-16 00:00:00+05:30,19.25,27.8,97.6,1.165,156.4,4.885,10.45,2.08,0.6214999999999999
HE,2026-08-17 00:00:00+05:30,16.25,28.0,98.35,1.46,157.45,4.52,13.875,2.125,0.544
HE,2026-08-18 00:00:00+05:30,16.35,28.15,98.25,1.405,158.05,4.535,16.55,2.135,0.5345
HE,2026-08-19 00:00:00+05:30,16.6,28.4,98.05000000000001,1.4849999999999999,160.5,4.635,17.835,2.0599999999999996,0.519
HE,2026-08-20 00:00:00+05:30,17.125,28.2,97.95,1.585,157.55,4.9,11.2,2.31,0.502
HE,2026-08-21 00:00:00+05:30,15.37,28.35,98.1,1.68,159.7,4.76,13.05,2.52,0.529
HE,2026-08-22 00:00:00+05:30,15.6,28.299999999999997,97.6,1.555,161.85,4.455,11.29,2.41,0.5125
HE,2026-08-23 00:00:00+05:30,18.3,28.85,98.25,1.6600000000000001,156.0,4.345,9.795,2.3200000000000003,0.516
HE,2026-08-24 00:00:00+05:30,17.35,28.4,97.80000000000001,1.5875,155.85,4.4399999999999995,9.145,2.525,0.511
HE,2026-08-25 00:00:00+05:30,17.9,28.75,98.35,1.905,156.15,4.25,9.99,2.455,0.5225
HE,2026-08-26 00:00:00+05:30,18.55,28.799999999999997,96.80000000000001,1.865,159.85,4.515,11.8,2.4000000000000004,0.503
HE,2026-08-27 00:00:00+05:30,15.55,28.85,96.9,1.925,154.1,4.14,12.350000000000001,2.38,0.515
HE,2026-08-28 00:00:00+05:30,10.7,29.1,99.8,1.13,269.0,3.04,21.7,1.98,0.69
HE,2026-08-29 00:00:00+05:30,10.715,28.45,98.25,2.145,156.6,4.105,15.15,2.0949999999999998,0.5449999999999999
HE,2026-08-30 00:00:00+05:30,13.015,29.05,96.2,1.87,154.75,3.8049999999999997,16.3,2.2750000000000004,0.5235
HE,2026-08-31 00:00:00+05:30,11.809999999999999,28.95,96.30000000000001,2.035,157.85,4.275,17.7,2.3099999999999996,0.5245
HE,2026-09-01 00:00:00+05:30,12.085,28.85,97.35,1.9500000000000002,155.25,4.33,16.75,2.295,0.513
HE,2026-09-02 00:00:00+05:30,11.785,29.3,96.80000000000001,1.78,157.3,4.46,16.03,2.4450000000000003,0.515
HE,2026-09-03 00:00:00+05:30,13.8,28.4,96.95,1.5365000000000002,156.5,3.41,15.545000000000002,2.935,0.537
HE,2026-09-04 00:00:00+05:30,14.6,28.75,95.25,1.6509999999999998,159.5,1.8835,17.25,2.335,0.5125
HE,2026-09-05 00:00:00+05:30,12.0,28.5,96.65,1.738,157.75,1.8106499999999999,17.35,2.355,0.5265
HE,2026-09-06 00:00:00+05:30,12.95,28.25,98.3,1.323,150.25,1.9309999999999998,15.879999999999999,2.59,0.5395
HE,2026-09-07 00:00:00+05:30,11.9,29.1,96.85,1.4545,156.1,4.155,16.1,2.2800000000000002,0.5245
HE,2026-09-08 00:00:00+05:30,17.5,29.85,95.1,1.915,157.65,4.234999999999999,11.8,2.425,0.48150000000000004
HE,2026-09-09 00:00:00+05:30,18.3,28.8,94.7,1.86,155.25,2.4,14.15,2.4450000000000003,0.538
HE,2026-09-10 00:00:00+05:30,16.15,29.65,94.2,1.4905,152.15,4.655,13.55,2.84,0.5335
HE,2026-09-11 00:00:00+05:30,18.5,30.1,92.95,1.03,150.45,9.735,15.85,2.875,0.5045
HE,2026-09-12 00:00:00+05:30,17.6,32.8,93.05000000000001,1.3235000000000001,153.85,12.16,20.35,2.965,0.4395
HE,2026-09-13 00:00:00+05:30,17.45,33.099999999999994,95.75,0.647,155.0,9.855,26.4,3.2750000000000004,0.4705
HE,2026-09-14 00:00:00+05:30,19.65,30.9,95.05000000000001,0.882,161.25,12.469999999999999,28.450000000000003,3.045,0.489
HE,2026-09-15 00:00:00+05:30,14.200000000000001,29.9,95.4,0.8355,114.05,11.399999999999999,19.65,2.94,0.457
HE,2026-09-16 00:00:00+05:30,14.75,30.1,94.75,1.032,135.9,9.219999999999999,19.9,3.385,0.487
HE,2026-09-17 00:00:00+05:30,14.049999999999999,30.450000000000003,93.94999999999999,0.919,138.25,9.885,17.35,2.905,0.494
KE,2025-10-11 00:00:00+05:30,64.1,23.4,52.8,0.112,271.0,55.3,27.1,4.35,0.631
KE,2025-10-12 00:00:00+05:30,65.5,23.3,51.1,0.111,155.0,56.0,28.3,5.77,0.684
KE,2025-10-13 00:00:00+05:30,63.1,23.4,50.9,0.119,177.0,66.8,26.6,2.1,0.81
KE,2025-10-14 00:00:00+05:30,60.2,23.3,50.9,0.119,152.0,64.6,31.4,1.45,0.672
KE,2025-10-15 00:00:00+05:30,63.5,23.3,50.7,0.122,147.0,65.3,27.3,10.2,0.746
KE,2025-10-16 00:00:00+05:30,57.6,23.4,49.5,0.152,155.0,58.7,29.8,6.82,0.767
KE,2025-10-17 00:00:00+05:30,36.3,23.4,52.2,0.134,278.0,50.1,29.1,4.88,0.638
KE,2025-10-18 00:00:00+05:30,65.8,23.3,52.2,0.144,274.0,52.1,39.7,5.7,0.568
KE,2025-10-19 00:00:00+05:30,81.1,23.6,51.5,0.132,270.0,47.3,37.6,1.74,0.695
KE,2025-10-20 00:00:00+05:30,155.0,24.4,45.4,0.124,197.0,57.4,22.1,3.25,0.74
KE,2025-10-21 00:00:00+05:30,105.0,24.2,45.5,0.149,181.0,32.9,38.7,4.23,0.446
KE,2025-10-22 00:00:00+05:30,62.1,23.3,50.1,0.105,189.0,38.2,27.2,5.96,0.45
KE,2025-10-23 00:00:00+05:30,53.5,22.1,50.0,0.102,201.0,39.0,19.8,5.52,0.381
KE,2025-10-24 00:00:00+05:30,34.8,23.3,50.1,0.103,204.0,41.7,15.6,8.04,0.374
KE,2025-10-25 00:00:00+05:30,17.0,22.7,49.7,0.107,172.0,34.0,7.41,8.67,0.394
KE,2025-10-26 00:00:00+05:30,20.4,23.4,49.8,0.104,178.0,31.9,4.71,12.8,0.416
KE,2025-10-27 00:00:00+05:30,17.7,23.3,53.4,0.121,201.0,30.9,11.3,5.03,0.305
KE,2025-10-28 00:00:00+05:30,24.6,19.1,52.8,0.116,263.0,31.1,16.0,5.15,0.301
KE,2025-10-29 00:00:00+05:30,27.4,23.3,50.2,0.111,223.0,35.4,19.6,6.25,0.331
KE,2025-10-30 00:00:00+05:30,38.5,23.3,51.9,0.105,228.0,38.4,17.2,6.03,0.42
KE,2025-10-31 00:00:00+05:30,22.6,23.3,54.7,0.104,279.0,41.8,8.68,4.3,0.476
KE,2025-11-01 00:00:00+05:30,,23.3,54.2,0.108,297.0,34.3,9.05,6.58,0.433
KE,2025-11-02 00:00:00+05:30,19.5,23.3,55.3,0.101,306.0,35.5,5.39,3.76,0.446
KE,2025-11-03 00:00:00+05:30,20.0,23.5,52.6,0.108,194.0,33.4,27.0,30.5,0.646
KE,2025-11-04 00:00:00+05:30,32.7,23.2,53.2,0.12,211.0,41.8,23.2,,0.576
KE,2025-11-05 00:00:00+05:30,27.5,23.2,51.9,0.11,173.0,36.4,19.5,1.37,0.25
KE,2025-11-06 00:00:00+05:30,43.7,23.1,52.2,0.109,167.0,44.2,34.9,3.06,0.267
KE,2025-11-07 00:00:00+05:30,94.6,23.2,52.8,0.105,214.0,59.4,35.2,2.64,0.409
KE,2025-11-08 00:00:00+05:30,44.3,23.5,51.0,0.119,154.0,59.5,32.1,5.83,0.403
KE,2025-11-09 00:00:00+05:30,44.6,23.2,52.4,0.124,137.0,56.0,28.2,10.1,0.418
KE,2025-11-10 00:00:00+05:30,56.8,23.3,54.6,0.106,130.0,79.9,11.2,11.6,1.09
KE,2025-11-11 00:00:00+05:30,62.9,23.3,55.2,0.139,202.0,72.7,36.5,9.93,0.825
KE,2025-11-12 00:00:00+05:30,63.3,23.2,54.2,0.147,232.00000000000003,57.4,49.6,11.4,0.621
KE,2025-11-13 00:00:00+05:30,64.1,23.3,52.0,0.154,176.0,68.4,47.9,8.73,0.955
KE,2025-11-14 00:00:00+05:30,75.0,23.2,52.0,0.13,178.0,72.0,41.5,5.68,0.895
KE,2025-11-15 00:00:00+05:30,79.0,22.9,53.7,0.113,172.0,92.4,20.4,9.18,1.05
KE,2025-11-16 00:00:00+05:30,71.6,23.2,52.6,0.148,165.0,64.8,41.4,5.59,0.723
KE,2025-11-17 00:00:00+05:30,77.1,23.3,53.3,0.148,228.0,56.5,59.0,12.2,0.611
KE,2025-11-18 00:00:00+05:30,86.3,23.4,52.6,0.133,153.0,69.1,49.8,8.74,0.73
KE,2025-11-19 00:00:00+05:30,85.1,23.2,54.5,0.14,236.0,76.9,42.1,11.6,0.89
KE,2025-11-20 00:00:00+05:30,86.9,22.6,53.4,0.14,203.0,84.5,44.8,5.2,1.11
KE,2025-11-21 00:00:00+05:30,100.0,23.2,52.8,0.132,162.0,82.9,46.8,5.37,1.01
KE,2025-11-22 00:00:00+05:30,104.0,23.2,54.5,0.125,236.0,93.8,41.1,13.5,1.19
KE,2025-11-23 00:00:00+05:30,116.0,23.0,55.6,0.133,315.0,88.0,48.5,11.7,1.27
KE,2025-11-24 00:00:00+05:30,112.0,23.3,55.2,0.125,272.0,96.0,29.7,9.46,1.35
KE,2025-11-25 00:00:00+05:30,105.0,23.2,50.7,0.118,122.0,90.8,43.1,6.77,1.31
KE,2025-11-26 00:00:00+05:30,92.7,23.3,53.5,0.125,180.0,86.6,49.2,4.25,1.11
KE,2025-11-27 00:00:00+05:30,82.9,23.2,52.6,0.132,179.0,77.7,31.6,11.8,0.958
KE,2025-11-28 00:00:00+05:30,71.3,23.3,52.6,0.132,165.0,78.2,19.6,7.39,0.777
KE,2025-11-29 00:00:00+05:30,59.5,23.1,51.7,0.147,157.0,65.2,28.2,13.3,0.644
KE,2025-11-30 00:00:00+05:30,51.9,23.1,53.6,0.128,212.0,76.6,37.1,9.09,0.641
KE,2025-12-01 00:00:00+05:30,63.8,23.1,53.3,0.13,243.99999999999997,85.6,42.4,13.7,0.843
KE,2025-12-02 00:00:00+05:30,64.1,23.2,52.6,0.135,188.0,93.0,38.8,12.8,0.965
KE,2025-12-03 00:00:00+05:30,69.2,23.2,52.2,0.133,159.0,85.4,45.7,11.8,0.887
KE,2025-12-04 00:00:00+05:30,72.7,23.4,51.4,0.132,183.0,53.7,40.9,15.5,0.83
KE,2025-12-05 00:00:00+05:30,67.0,23.3,53.1,0.16,189.0,65.5,46.4,16.3,0.709
KE,2025-12-06 00:00:00+05:30,58.3,23.2,53.8,0.121,212.0,64.4,49.0,14.6,0.659
KE,2025-12-07 00:00:00+05:30,62.1,22.6,54.2,0.104,215.0,60.9,53.7,11.8,0.707
KE,2025-12-08 00:00:00+05:30,62.8,23.1,51.5,0.102,170.0,89.8,27.0,8.86,1.12
KE,2025-12-09 00:00:00+05:30,39.6,22.9,49.9,0.103,146.0,68.3,41.2,12.7,0.821
KE,2025-12-10 00:00:00+05:30,30.8,23.2,48.7,0.106,128.0,72.1,,11.6,0.63
KE,2025-12-11 00:00:00+05:30,34.6,22.3,49.4,0.105,159.0,75.5,25.6,10.2,0.661
KE,2025-12-12 00:00:00+05:30,46.9,23.3,49.0,0.105,148.0,78.2,29.5,10.5,0.879
KE,2025-12-13 00:00:00+05:30,50.8,23.1,50.0,0.102,137.0,40.9,34.6,11.6,0.903
KE,2025-12-14 00:00:00+05:30,59.4,23.3,54.2,0.108,220.0,40.6,32.5,13.1,0.935
KE,2025-12-15 00:00:00+05:30,54.2,23.2,54.4,0.109,266.0,51.8,25.8,19.1,1.07
KE,2025-12-16 00:00:00+05:30,48.9,23.2,53.9,0.118,267.0,69.1,45.0,14.0,0.649
KE,2025-12-17 00:00:00+05:30,63.7,23.2,53.1,0.104,226.0,86.2,48.0,11.1,1.09
KE,2025-12-18 00:00:00+05:30,65.1,23.2,52.8,0.104,196.0,89.7,33.9,10.6,0.919
KE,2025-12-19 00:00:00+05:30,52.9,23.2,53.5,0.105,223.0,81.6,38.3,11.0,0.974
KE,2025-12-20 00:00:00+05:30,41.5,23.2,50.0,0.102,131.0,82.1,20.3,17.7,1.15
KE,2025-12-21 00:00:00+05:30,35.6,23.2,47.4,0.101,103.0,73.3,27.2,14.4,0.971
KE,2025-12-22 00:00:00+05:30,51.2,21.9,48.3,0.0971,96.9,85.3,20.7,11.8,1.1
KE,2025-12-23 00:00:00+05:30,39.8,23.0,47.8,0.0937,127.0,68.8,37.1,12.7,0.83
KE,2025-12-24 00:00:00+05:30,37.0,23.3,50.6,0.109,146.0,69.2,33.1,19.0,0.767
KE,2025-12-25 00:00:00+05:30,47.9,23.2,50.2,0.0972,102.0,88.5,33.1,12.0,1.15
KE,2025-12-26 00:00:00+05:30,56.2,23.3,51.1,0.0982,128.0,92.3,45.2,16.4,1.35
KE,2025-12-27 00:00:00+05:30,,23.2,51.2,0.0982,155.0,69.1,34.8,6.72,1.09
KE,2025-12-28 00:00:00+05:30,71.6,23.3,51.3,0.0971,105.0,93.3,35.4,6.44,1.09
KE,2025-12-29 00:00:00+05:30,73.5,23.3,51.9,0.1,129.0,97.2,44.4,6.24,1.22
KE,2025-12-30 00:00:00+05:30,74.8,23.3,53.9,0.0994,204.0,92.7,50.1,6.86,1.05
KE,2025-12-31 00:00:00+05:30,68.0,23.2,55.7,0.107,281.0,78.3,44.6,4.53,1.05
KE,2026-01-01 00:00:00+05:30,42.6,22.6,54.1,0.101,196.0,57.7,22.7,1.92,0.797
KE,2026-01-02 00:00:00+05:30,59.3,23.3,53.5,0.0999,151.0,74.3,26.5,4.18,1.17
KE,2026-01-03 00:00:00+05:30,69.2,23.3,52.6,0.0998,191.0,89.7,19.0,4.9,1.34
KE,2026-01-04 00:00:00+05:30,93.8,23.3,52.3,0.1,188.0,88.6,18.3,9.71,1.49
KE,2026-01-05 00:00:00+05:30,81.5,23.3,53.1,0.0997,239.99999999999997,82.4,27.7,2.22,1.06
KE,2026-01-06 00:00:00+05:30,84.6,22.0,53.9,0.101,263.0,85.8,26.3,6.97,1.08
KE,2026-01-07 00:00:00+05:30,85.0,22.5,52.3,0.101,228.0,90.8,30.3,8.88,0.949
KE,2026-01-08 00:00:00+05:30,64.7,23.4,51.3,0.1,227.0,75.3,44.6,63.5,0.96
KE,2026-01-09 00:00:00+05:30,64.3,21.5,42.1,0.0998,167.0,152.0,,,0.828
KE,2026-01-10 00:00:00+05:30,63.1,21.4,42.2,0.101,170.0,81.7,26.4,6.83,0.811
KE,2026-01-20 00:00:00+05:30,65.2,23.4,55.2,0.1,238.0,102.0,20.0,2.08,0.686
KE,2026-01-21 00:00:00+05:30,81.2,23.4,54.6,0.0992,212.0,77.2,60.8,2.28,0.99
KE,2026-01-22 00:00:00+05:30,75.9,23.4,54.8,0.0998,191.0,74.7,66.1,2.79,0.444
KE,2026-01-23 00:00:00+05:30,55.5,23.4,54.9,0.103,209.0,56.9,44.0,2.62,0.291
KE,2026-01-24 00:00:00+05:30,44.3,23.4,54.5,0.101,212.0,60.3,44.8,12.0,0.241
KE,2026-01-25 00:00:00+05:30,65.3,23.3,54.8,0.104,268.0,72.6,51.7,2.85,0.519
KE,2026-01-26 00:00:00+05:30,89.3,23.5,54.6,0.102,267.0,64.5,76.6,3.01,0.649
KE,2026-01-27 00:00:00+05:30,56.2,22.6,53.6,0.102,196.0,48.0,58.0,0.419,0.169
KE,2026-01-28 00:00:00+05:30,34.7,23.4,53.5,0.0972,133.0,57.8,52.3,1.32,0.119
KE,2026-01-29 00:00:00+05:30,51.8,23.4,53.2,0.0996,149.0,85.4,46.4,4.18,0.429
KE,2026-01-30 00:00:00+05:30,77.0,23.3,54.3,0.102,212.0,52.8,56.2,1.9,0.457
KE,2026-01-31 00:00:00+05:30,69.9,23.4,53.7,0.109,156.0,53.2,50.9,2.95,0.282
KE,2026-02-01 00:00:00+05:30,81.0,23.4,54.2,0.101,199.0,61.0,58.8,1.37,0.615
KE,2026-02-02 00:00:00+05:30,95.1,23.4,55.3,0.0995,298.0,74.1,60.9,6.68,0.651
KE,2026-02-03 00:00:00+05:30,84.8,23.4,53.3,0.1,141.0,76.8,46.1,2.55,0.486
KE,2026-02-04 00:00:00+05:30,127.0,23.4,49.9,0.0872,150.0,65.5,94.9,6.08,0.273
KE,2026-02-05 00:00:00+05:30,,23.4,52.7,0.1,195.0,76.7,50.4,8.89,0.387
KE,2026-02-06 00:00:00+05:30,77.7,23.5,51.3,0.102,213.0,79.9,44.8,9.81,0.346
KE,2026-02-07 00:00:00+05:30,77.5,23.4,50.9,0.101,179.0,82.3,47.8,11.4,0.391
KE,2026-02-08 00:00:00+05:30,70.4,23.4,53.5,0.1,259.0,86.5,24.1,11.2,0.766
KE,2026-02-09 00:00:00+05:30,65.9,23.5,51.4,0.109,204.0,49.5,63.8,13.0,0.29
KE,2026-02-10 00:00:00+05:30,64.2,23.6,49.4,0.0997,158.0,31.5,89.8,11.4,0.298
KE,2026-02-11 00:00:00+05:30,77.4,23.7,45.0,0.103,114.0,91.2,61.3,8.88,1.33
KE,2026-02-12 00:00:00+05:30,72.1,23.4,50.4,0.111,184.0,85.5,80.6,37.1,0.82
KE,2026-02-13 00:00:00+05:30,70.9,23.1,49.7,0.107,193.0,84.4,86.7,,0.838
KE,2026-02-14 00:00:00+05:30,79.2,23.1,50.2,0.108,173.0,95.3,80.6,14.8,0.39
KE,2026-02-15 00:00:00+05:30,76.6,23.3,49.3,0.101,143.0,98.2,51.0,16.6,0.828
KE,2026-02-16 00:00:00+05:30,68.3,23.3,52.6,0.0998,128.0,115.0,6.83,17.2,0.866
KE,2026-02-17 00:00:00+05:30,54.8,23.1,46.8,0.111,147.0,65.6,93.4,1.02,0.176
KE,2026-02-18 00:00:00+05:30,26.0,23.2,49.8,0.113,172.0,61.8,44.8,1.06,0.0559
KE,2026-02-19 00:00:00+05:30,66.0,22.7,54.0,0.112,282.0,75.2,85.7,0.12,0.468
KE,2026-02-20 00:00:00+05:30,97.4,22.8,52.4,0.107,234.0,81.1,85.0,6.21,0.592
KE,2026-02-21 00:00:00+05:30,81.3,23.3,48.4,0.106,182.0,98.1,81.6,4.05,0.628
KE,2026-02-22 00:00:00+05:30,92.0,23.2,50.7,0.106,211.0,86.4,66.2,5.3,0.825
KE,2026-02-23 00:00:00+05:30,70.2,23.2,50.1,0.105,163.0,85.4,81.9,4.37,0.714
KE,2026-02-24 00:00:00+05:30,63.9,23.3,50.3,0.102,154.0,90.5,60.8,4.94,0.563
KE,2026-02-25 00:00:00+05:30,53.2,22.5,52.5,0.12,228.0,79.6,42.0,7.32,0.417
KE,2026-02-26 00:00:00+05:30,24.7,23.1,51.8,0.105,215.0,52.7,32.9,4.02,0.178
KE,2026-02-27 00:00:00+05:30,21.0,23.2,50.4,0.114,156.0,48.3,32.1,2.74,0.135
KE,2026-02-28 00:00:00+05:30,23.7,23.3,49.3,0.1,146.0,56.1,31.9,5.37,0.216
KE,2026-03-01 00:00:00+05:30,25.6,23.4,49.8,0.0991,161.0,54.4,51.4,3.66,0.0549
KE,2026-03-02 00:00:00+05:30,35.5,23.4,51.6,0.11,213.0,65.0,41.9,0.672,0.36
KE,2026-03-03 00:00:00+05:30,105.0,8.53,49.6,0.111,181.0,62.1,62.6,3.36,1.29
KE,2026-03-04 00:00:00+05:30,57.7,,43.0,0.109,197.0,39.4,28.3,2.46,0.262
KE,2026-03-05 00:00:00+05:30,39.9,,38.5,0.118,165.0,40.8,51.0,17.0,0.494
KE,2026-03-06 00:00:00+05:30,43.9,,38.6,0.111,165.0,39.0,41.7,3.45,0.713
KE,2026-03-07 00:00:00+05:30,39.0,,29.7,0.109,121.0,32.2,38.3,1.51,0.333
KE,2026-03-08 00:00:00+05:30,69.5,,31.4,0.1,143.0,36.7,78.9,1.54,0.466
KE,2026-03-09 00:00:00+05:30,66.4,,33.0,0.131,155.0,51.1,49.0,3.43,0.735
KE,2026-03-10 00:00:00+05:30,60.7,16.7,46.3,0.142,189.0,71.1,200.0,4.04,0.417
KE,2026-03-11 00:00:00+05:30,72.8,23.5,51.7,0.112,177.0,71.2,97.2,8.96,0.566
KE,2026-03-12 00:00:00+05:30,62.6,,,,,54.3,109.0,10.9,0.432
KE,2026-03-13 00:00:00+05:30,58.1,,,,,80.5,110.0,14.7,0.421
KE,2026-03-14 00:00:00+05:30,43.2,,,,,115.0,68.8,17.1,0.39
KE,2026-03-15 00:00:00+05:30,30.3,,,,,74.0,62.0,11.9,0.0424
KE,2026-03-16 00:00:00+05:30,20.0,,,,,60.4,60.1,11.8,0.366
KE,2026-03-17 00:00:00+05:30,26.7,,,,,79.4,64.7,9.94,0.262
KE,2026-03-18 00:00:00+05:30,26.7,,,,,102.0,55.8,8.09,0.713
KE,2026-03-19 00:00:00+05:30,21.1,,,,,73.0,55.5,5.4,0.312
KE,2026-03-20 00:00:00+05:30,17.0,,,,,96.8,39.2,7.99,0.292
KE,2026-03-21 00:00:00+05:30,31.4,,,,,107.0,88.3,8.36,0.403
KE,2026-03-22 00:00:00+05:30,44.8,,,,,164.0,22.0,8.87,0.913
KE,2026-03-23 00:00:00+05:30,47.1,,,,,93.6,107.0,7.76,0.771
KE,2026-03-24 00:00:00+05:30,46.9,,,,,105.0,113.0,4.61,0.372
KE,2026-03-25 00:00:00+05:30,36.0,,,,,95.3,94.3,4.62,0.396
KE,2026-03-26 00:00:00+05:30,45.4,,,,,110.0,112.0,6.86,0.613
KE,2026-03-27 00:00:00+05:30,62.2,,,,,105.0,103.0,14.0,0.429
KE,2026-03-28 00:00:00+05:30,30.3,,,,,57.8,69.2,13.0,0.12
KE,2026-03-29 00:00:00+05:30,14.0,,,,,48.3,37.5,16.0,0.0843
KE,2026-03-30 00:00:00+05:30,29.0,,,,,67.9,45.6,7.57,0.232
KE,2026-03-31 00:00:00+05:30,13.9,,,,,50.4,26.8,7.59,0.201
KE,2026-04-01 00:00:00+05:30,13.9,,,,,55.2,54.4,5.92,0.152
KE,2026-04-02 00:00:00+05:30,17.6,,,,,69.9,74.2,11.7,0.118
KE,2026-04-03 00:00:00+05:30,31.5,,,,,75.8,65.4,12.2,0.182
KE,2026-04-04 00:00:00+05:30,16.7,,,,,57.1,87.6,13.9,0.27
KE,2026-04-05 00:00:00+05:30,21.8,,,,,53.8,76.8,3.96,0.15
KE,2026-04-06 00:00:00+05:30,20.6,,,,,49.9,77.4,6.12,0.27
KE,2026-04-07 00:00:00+05:30,22.7,,,,,48.7,73.6,7.33,0.463
KE,2026-04-08 00:00:00+05:30,22.2,,,,,27.3,36.1,2.1,0.404
KE,2026-04-09 00:00:00+05:30,29.7,,,,,56.2,34.6,3.37,0.731
KE,2026-04-10 00:00:00+05:30,51.2,,,,,48.6,60.6,,1.11
KE,2026-04-11 00:00:00+05:30,52.6,,,,,,123.0,3.73,0.844
KE,2026-04-12 00:00:00+05:30,51.0,,,,,35.6,78.0,2.27,0.862
KE,2026-04-13 00:00:00+05:30,41.1,,,,,17.7,77.2,1.29,0.549
KE,2026-04-14 00:00:00+05:30,54.5,,,,,26.4,77.1,2.42,0.708
KE,2026-04-15 00:00:00+05:30,26.8,,,,,17.1,65.9,3.12,0.596
KE,2026-04-16 00:00:00+05:30,20.9,,,,,12.5,73.2,7.24,0.479
KE,2026-04-17 00:00:00+05:30,26.8,,,,,14.0,58.1,5.01,0.607
KE,2026-04-18 00:00:00+05:30,35.8,,,,,14.2,71.7,6.06,0.601
KE,2026-04-19 00:00:00+05:30,38.7,,,,,16.5,60.1,0.987,0.604
KE,2026-04-20 00:00:00+05:30,36.6,,,,,11.5,72.1,3.58,0.493
KE,2026-04-21 00:00:00+05:30,59.1,,,,,16.8,81.7,9.87,0.673
KE,2026-04-22 00:00:00+05:30,35.8,,,,,15.5,58.6,8.32,0.66
KE,2026-04-23 00:00:00+05:30,37.0,,,,,19.4,77.6,4.38,0.719
KE,2026-04-24 00:00:00+05:30,35.5,,,,,18.2,66.6,6.86,0.659
KE,2026-04-25 00:00:00+05:30,34.9,,,,,19.4,79.3,16.5,0.702
KE,2026-04-26 00:00:00+05:30,30.7,,,,,10.9,58.3,12.3,0.407
KE,2026-04-27 00:00:00+05:30,23.8,,,,,8.57,52.0,8.54,0.345
KE,2026-04-28 00:00:00+05:30,23.6,,,,,8.51,38.4,13.8,0.349
KE,2026-04-29 00:00:00+05:30,21.8,,,,,11.0,35.8,17.0,0.379
KE,2026-04-30 00:00:00+05:30,20.2,,,,,8.05,38.6,5.4,0.403
KE,2026-05-01 00:00:00+05:30,20.0,,,,,7.72,41.3,11.7,0.313
KE,2026-05-02 00:00:00+05:30,21.3,,,,,7.52,41.1,9.04,0.641
KE,2026-05-03 00:00:00+05:30,20.3,,,,,15.2,40.0,14.9,0.654
KE,2026-05-04 00:00:00+05:30,17.3,,,,,30.2,35.1,16.9,0.623
KE,2026-05-05 00:00:00+05:30,21.2,,,,,34.4,40.4,15.0,0.611
KE,2026-05-06 00:00:00+05:30,18.5,,,,,43.0,51.6,14.5,0.82
KE,2026-05-07 00:00:00+05:30,23.1,,,,,48.0,54.9,12.1,0.867
KE,2026-05-08 00:00:00+05:30,26.1,,,,,51.2,56.0,8.62,0.904
KE,2026-05-09 00:00:00+05:30,23.8,,,,,48.2,62.3,10.6,0.808
KE,2026-05-10 00:00:00+05:30,22.0,,,,,51.4,74.6,7.29,0.905
KE,2026-05-11 00:00:00+05:30,21.6,,,,,48.2,65.2,5.71,0.84
KE,2026-05-12 00:00:00+05:30,16.2,,,,,34.8,53.0,12.5,0.649
KE,2026-05-13 00:00:00+05:30,15.0,,,,,26.8,50.0,8.55,0.612
KE,2026-05-14 00:00:00+05:30,18.3,,,,,39.4,70.8,7.59,0.588
KE,2026-05-15 00:00:00+05:30,16.6,22.9,51.6,0.137,216.0,20.7,37.8,2.53,0.585
KE,2026-05-16 00:00:00+05:30,10.4,23.4,53.4,0.128,159.0,21.4,29.4,1.03,0.719
KE,2026-05-17 00:00:00+05:30,11.0,23.3,52.7,0.13,213.0,17.4,36.7,1.45,0.659
KE,2026-05-18 00:00:00+05:30,20.7,23.6,53.5,0.114,182.0,18.9,42.2,,0.853
KE,2026-05-19 00:00:00+05:30,18.7,23.4,52.8,0.113,224.0,14.4,49.5,8.75,0.37
KE,2026-05-20 00:00:00+05:30,15.8,23.3,52.2,0.122,243.99999999999997,13.1,35.9,9.75,0.382
KE,2026-05-21 00:00:00+05:30,7.39,23.3,51.4,0.122,181.0,14.5,34.2,7.19,0.558
KE,2026-05-22 00:00:00+05:30,11.7,23.2,51.7,0.126,208.0,14.2,33.0,15.2,0.794
KE,2026-05-23 00:00:00+05:30,11.6,23.2,52.1,0.116,285.0,13.9,30.5,8.37,0.77
KE,2026-05-24 00:00:00+05:30,9.6,23.3,51.7,0.121,248.0,10.5,26.9,9.2,0.719
KE,2026-05-25 00:00:00+05:30,7.64,23.3,51.7,0.133,263.0,13.8,26.4,11.8,0.647
KE,2026-05-26 00:00:00+05:30,9.43,23.4,52.3,0.138,285.0,12.1,25.7,5.62,0.651
KE,2026-05-27 00:00:00+05:30,9.99,23.2,51.6,0.116,202.0,14.2,25.4,12.0,0.692
KE,2026-05-28 00:00:00+05:30,11.5,23.4,50.5,0.106,146.0,12.8,32.2,14.3,0.632
KE,2026-05-29 00:00:00+05:30,13.9,23.6,51.7,0.126,214.0,11.5,34.1,8.82,0.336
KE,2026-05-30 00:00:00+05:30,13.9,23.2,50.4,0.127,196.0,11.4,29.0,12.2,0.0349
KE,2026-05-31 00:00:00+05:30,14.2,23.2,50.2,0.103,185.0,14.1,23.8,7.36,0.0343
KE,2026-06-01 00:00:00+05:30,9.3,23.2,51.4,0.127,215.0,15.4,26.1,8.31,0.163
KE,2026-06-02 00:00:00+05:30,15.2,23.3,51.8,0.128,271.0,15.7,32.4,10.3,0.108
KE,2026-06-03 00:00:00+05:30,15.7,23.3,51.7,0.115,220.0,20.6,46.4,8.71,0.492
KE,2026-06-04 00:00:00+05:30,14.8,23.6,51.7,0.13,217.0,20.2,48.7,22.3,0.577
KE,2026-06-05 00:00:00+05:30,12.4,23.7,51.5,0.141,268.0,19.9,29.6,,0.979
KE,2026-06-06 00:00:00+05:30,13.5,23.3,51.8,0.143,277.0,17.0,31.3,15.1,0.471
KE,2026-06-07 00:00:00+05:30,14.4,23.3,52.0,0.128,268.0,14.6,35.8,11.0,0.287
KE,2026-06-08 00:00:00+05:30,13.8,23.3,52.1,0.131,278.0,15.3,37.1,11.8,0.27
KE,2026-06-09 00:00:00+05:30,17.4,23.3,51.6,0.143,270.0,18.3,37.6,19.5,0.309
KE,2026-06-10 00:00:00+05:30,17.8,23.2,51.9,0.133,273.0,15.4,37.7,17.1,0.276
KE,2026-06-11 00:00:00+05:30,15.9,23.4,52.5,0.149,265.0,15.1,41.8,6.32,0.236
KE,2026-06-12 00:00:00+05:30,13.8,23.3,52.1,0.134,287.0,14.2,41.2,7.58,0.293
KE,2026-06-13 00:00:00+05:30,14.5,23.2,51.8,0.138,279.0,15.3,36.6,8.17,0.334
KE,2026-06-14 00:00:00+05:30,12.1,23.3,50.4,0.122,250.0,14.2,37.8,11.7,0.326
KE,2026-06-15 00:00:00+05:30,11.4,23.4,50.0,0.141,264.0,12.8,37.0,15.9,0.204
KE,2026-06-16 00:00:00+05:30,15.4,23.5,51.0,0.34,304.0,15.3,30.5,7.59,0.212
L,2025-10-11 00:00:00+05:30,65.7,44.5,81.5,41.6,182.0,4.57,28.3,29.2,0.247
L,2025-10-13 00:00:00+05:30,58.4,45.2,60.6,45.4,173.0,4.39,28.4,29.2,0.228
L,2025-10-15 00:00:00+05:30,55.0,44.5,82.4,43.3,184.0,6.01,28.3,29.2,0.396
L,2025-10-16 00:00:00+05:30,61.4,45.5,89.5,37.6,146.0,7.84,28.3,29.2,0.57
L,2025-10-17 00:00:00+05:30,44.5,46.1,86.9,39.6,160.0,6.54,28.4,29.2,0.436
L,2025-10-18 00:00:00+05:30,49.7,45.9,81.7,44.6,148.0,4.62,28.2,29.2,0.255
L,2025-10-19 00:00:00+05:30,52.8,45.9,85.1,42.1,156.0,4.11,28.2,29.2,0.201
L,2025-10-20 00:00:00+05:30,65.5,45.8,88.4,43.2,170.0,4.54,28.4,29.2,0.245
L,2025-10-21 00:00:00+05:30,54.0,46.1,84.1,36.3,185.0,3.74,28.4,29.2,0.165
L,2025-10-22 00:00:00+05:30,43.1,46.1,90.2,32.7,190.0,3.56,28.4,29.2,0.147
L,2025-10-23 00:00:00+05:30,38.7,46.1,88.3,44.3,189.0,3.4,28.3,29.2,0.13
L,2025-10-24 00:00:00+05:30,40.7,46.0,90.5,42.4,177.0,3.17,28.4,29.2,0.106
L,2025-10-25 00:00:00+05:30,29.4,46.0,95.2,37.7,174.0,3.13,28.4,29.2,0.103
L,2025-10-26 00:00:00+05:30,29.2,45.7,99.4,35.8,179.0,3.65,28.5,29.2,0.155
L,2025-10-27 00:00:00+05:30,27.6,45.7,96.2,31.3,207.0,3.21,28.5,29.2,0.112
L,2025-10-28 00:00:00+05:30,31.1,45.8,95.2,23.0,192.0,3.06,28.5,29.2,0.0964
L,2025-10-29 00:00:00+05:30,33.0,45.6,93.6,37.3,159.0,3.1,28.5,29.2,0.101
L,2025-10-30 00:00:00+05:30,30.7,45.5,98.1,33.5,134.0,3.3,28.4,29.2,0.121
L,2025-10-31 00:00:00+05:30,29.4,45.3,99.9,35.0,154.0,3.93,28.7,29.2,0.184
L,2025-11-01 00:00:00+05:30,30.4,45.2,99.4,39.5,141.0,3.77,28.3,29.2,0.166
L,2025-11-02 00:00:00+05:30,29.1,45.0,99.9,36.7,144.0,3.59,28.4,29.2,0.15
L,2025-11-03 00:00:00+05:30,33.0,45.0,97.5,37.9,137.0,3.89,28.4,29.2,0.18
L,2025-11-04 00:00:00+05:30,38.8,45.1,98.2,40.5,113.0,3.63,28.4,29.2,0.153
L,2025-11-05 00:00:00+05:30,41.6,45.1,92.5,36.2,106.0,3.34,28.5,29.2,0.123
L,2025-11-06 00:00:00+05:30,43.7,45.0,94.4,33.1,171.0,3.92,28.6,29.2,0.183
L,2025-11-07 00:00:00+05:30,50.5,44.8,87.4,40.6,124.0,4.2,28.5,29.1,0.211
L,2025-11-08 00:00:00+05:30,43.7,44.9,74.7,36.7,171.0,4.17,28.4,29.1,0.21
L,2025-11-09 00:00:00+05:30,47.2,45.0,75.7,29.5,127.0,4.4,28.4,28.9,0.231
L,2025-11-10 00:00:00+05:30,53.8,44.6,91.7,36.9,87.7,4.96,28.5,29.2,0.284
L,2025-11-11 00:00:00+05:30,52.8,44.6,84.6,29.9,144.0,5.09,28.4,29.2,0.298
L,2025-11-12 00:00:00+05:30,51.1,44.8,70.3,24.6,147.0,5.05,28.4,29.1,0.297
L,2025-11-13 00:00:00+05:30,50.0,44.9,65.6,28.4,162.0,5.25,28.4,29.1,0.318
L,2025-11-14 00:00:00+05:30,53.1,45.0,68.9,28.0,157.0,5.13,28.4,29.2,0.303
L,2025-11-15 00:00:00+05:30,54.2,45.0,66.3,20.4,148.0,5.45,28.4,29.2,0.339
L,2025-11-16 00:00:00+05:30,51.6,45.1,65.5,23.1,134.0,5.36,28.5,29.2,0.326
L,2025-11-17 00:00:00+05:30,48.9,45.2,64.0,19.8,106.0,4.94,28.4,29.2,0.283
L,2025-11-18 00:00:00+05:30,52.3,45.2,71.0,8.98,103.0,4.87,28.5,29.2,0.278
L,2025-11-19 00:00:00+05:30,52.4,45.2,66.3,19.4,125.0,5.22,28.4,29.2,0.313
L,2025-11-20 00:00:00+05:30,51.1,45.3,67.9,22.1,136.0,5.36,28.4,29.2,0.328
L,2025-11-21 00:00:00+05:30,55.0,45.3,73.7,23.5,114.0,5.56,28.4,29.2,0.35
L,2025-11-22 00:00:00+05:30,61.5,45.3,76.1,26.4,131.0,6.15,28.3,29.2,0.402
L,2025-11-23 00:00:00+05:30,61.0,45.2,84.9,31.9,147.0,6.49,28.5,29.2,0.44
L,2025-11-24 00:00:00+05:30,60.8,44.9,85.9,41.5,129.0,6.25,28.6,29.2,0.416
L,2025-11-25 00:00:00+05:30,71.0,45.1,92.4,42.8,136.0,7.13,28.3,29.2,0.495
L,2025-11-26 00:00:00+05:30,66.3,45.0,87.6,39.5,121.0,6.36,28.9,29.2,0.428
L,2025-11-27 00:00:00+05:30,62.5,44.9,83.0,39.7,157.0,6.58,28.6,29.2,0.452
L,2025-11-28 00:00:00+05:30,56.8,44.9,83.3,37.4,148.0,7.15,28.6,29.2,0.501
L,2025-11-29 00:00:00+05:30,47.1,44.8,69.0,35.0,165.0,6.35,28.7,29.2,0.422
L,2025-11-30 00:00:00+05:30,46.2,44.7,60.7,27.2,117.0,6.0,28.6,29.2,0.391
L,2025-12-01 00:00:00+05:30,50.7,44.6,67.2,24.8,119.0,6.19,28.5,29.2,0.412
L,2025-12-02 00:00:00+05:30,53.0,44.5,72.3,27.4,146.0,6.97,28.3,29.2,0.476
L,2025-12-03 00:00:00+05:30,51.9,43.0,69.3,29.8,147.0,7.35,28.4,29.2,0.525
L,2025-12-04 00:00:00+05:30,50.5,39.5,69.8,40.6,179.0,6.43,28.4,29.2,0.437
L,2025-12-05 00:00:00+05:30,49.0,39.5,69.6,40.1,164.0,6.25,28.4,29.2,0.416
L,2025-12-06 00:00:00+05:30,46.8,39.4,71.4,40.9,177.0,5.72,28.4,29.2,0.365
L,2025-12-07 00:00:00+05:30,50.1,39.4,71.1,41.6,169.0,5.8,28.4,29.2,0.37
L,2025-12-08 00:00:00+05:30,54.3,39.4,69.3,40.5,171.0,6.06,28.4,29.2,0.396
L,2025-12-09 00:00:00+05:30,44.9,39.5,49.7,40.5,186.0,6.05,28.4,29.2,0.394
L,2025-12-10 00:00:00+05:30,37.7,39.5,45.7,42.0,179.0,5.37,28.4,29.2,0.332
L,2025-12-11 00:00:00+05:30,46.5,39.6,51.7,42.0,162.0,5.3,28.4,29.2,0.323
L,2025-12-12 00:00:00+05:30,53.9,39.5,60.2,43.4,193.0,5.0,28.4,29.2,0.288
L,2025-12-13 00:00:00+05:30,59.7,39.5,64.0,43.5,194.0,5.72,28.4,29.2,0.361
L,2025-12-14 00:00:00+05:30,59.3,39.5,65.0,42.9,195.0,5.5,28.4,29.2,0.342
L,2025-12-15 00:00:00+05:30,54.2,39.5,62.2,43.3,193.0,5.42,28.4,29.2,0.333
L,2025-12-16 00:00:00+05:30,54.4,39.5,62.8,43.8,174.0,4.78,28.4,29.2,0.269
L,2025-12-17 00:00:00+05:30,52.1,39.6,61.6,41.2,191.0,4.93,28.4,29.2,0.285
L,2025-12-18 00:00:00+05:30,54.6,39.8,43.6,37.7,152.0,5.63,28.3,29.2,0.356
L,2025-12-19 00:00:00+05:30,51.9,39.7,42.3,44.1,136.0,5.76,28.5,29.2,0.369
L,2025-12-24 00:00:00+05:30,63.1,39.6,60.3,43.8,131.0,5.49,28.4,29.2,0.333
L,2025-12-25 00:00:00+05:30,53.7,39.5,67.1,43.2,204.0,5.55,28.4,29.2,0.345
L,2025-12-26 00:00:00+05:30,57.1,39.4,69.7,43.5,178.0,5.78,28.4,29.2,0.368
L,2025-12-27 00:00:00+05:30,54.2,39.4,68.3,43.5,211.0,5.9,28.4,29.2,0.38
L,2025-12-28 00:00:00+05:30,55.0,39.5,59.7,44.0,158.0,5.63,28.3,29.3,0.353
L,2025-12-29 00:00:00+05:30,57.3,39.4,68.0,43.5,197.0,6.35,28.4,29.2,0.425
L,2025-12-30 00:00:00+05:30,64.0,39.4,71.7,43.3,118.0,5.42,28.3,29.2,0.332
L,2025-12-31 00:00:00+05:30,57.7,39.3,85.1,43.3,170.0,5.58,28.4,29.2,0.351
L,2026-01-01 00:00:00+05:30,42.8,39.3,90.7,43.0,147.0,4.96,28.4,29.2,0.284
L,2026-01-02 00:00:00+05:30,54.6,38.6,91.7,41.2,125.0,5.45,28.4,29.2,0.335
L,2026-01-03 00:00:00+05:30,59.8,37.8,85.4,37.3,118.0,5.74,28.5,29.2,0.365
L,2026-01-04 00:00:00+05:30,62.7,38.2,83.6,37.8,118.0,6.59,28.4,29.2,0.449
L,2026-01-05 00:00:00+05:30,56.5,38.2,79.5,38.6,128.0,5.79,28.4,29.2,0.373
L,2026-01-06 00:00:00+05:30,61.3,39.2,80.2,43.8,186.0,6.11,28.4,29.2,0.402
L,2026-01-07 00:00:00+05:30,59.7,39.1,74.9,42.5,153.0,5.58,28.5,29.2,0.346
L,2026-01-08 00:00:00+05:30,57.2,38.9,66.6,42.8,151.0,5.58,28.5,29.2,0.347
L,2026-01-09 00:00:00+05:30,57.5,38.1,68.6,40.6,158.0,5.63,28.3,29.2,0.354
L,2026-01-10 00:00:00+05:30,53.5,37.9,64.5,39.2,205.0,5.23,28.4,29.2,0.314
L,2026-01-20 00:00:00+05:30,69.4,41.7,87.6,43.6,159.0,6.33,28.3,29.2,0.428
L,2026-01-21 00:00:00+05:30,70.3,41.3,78.3,43.9,167.0,6.32,28.4,29.2,0.423
L,2026-01-22 00:00:00+05:30,67.5,41.9,77.8,43.4,173.0,6.07,28.4,29.2,0.397
L,2026-01-23 00:00:00+05:30,52.4,41.1,90.6,43.5,123.0,4.66,28.4,29.2,0.256
L,2026-01-24 00:00:00+05:30,54.5,41.4,81.8,43.4,128.0,4.81,28.4,29.2,0.271
L,2026-01-25 00:00:00+05:30,69.4,41.6,84.6,43.7,141.0,5.26,28.5,29.2,0.316
L,2026-01-26 00:00:00+05:30,67.8,41.5,85.5,43.4,154.0,5.95,28.4,29.2,0.386
L,2026-01-27 00:00:00+05:30,45.1,41.4,92.4,43.2,102.0,4.41,28.4,29.2,0.231
L,2026-01-28 00:00:00+05:30,39.3,41.1,79.5,43.3,124.0,4.13,28.4,29.2,0.203
L,2026-01-29 00:00:00+05:30,59.8,41.9,73.4,43.5,179.0,5.38,28.4,29.2,0.329
L,2026-01-30 00:00:00+05:30,68.2,42.3,87.2,43.6,167.0,6.06,28.4,29.2,0.399
L,2026-01-31 00:00:00+05:30,51.6,42.4,99.7,44.2,170.0,5.01,28.5,29.2,0.29
L,2026-02-02 00:00:00+05:30,67.5,42.5,63.9,44.0,145.0,5.71,28.5,29.2,0.363
L,2026-02-03 00:00:00+05:30,70.8,41.8,75.6,44.0,223.0,6.82,28.4,29.2,0.472
L,2026-02-04 00:00:00+05:30,60.6,43.2,63.0,43.9,160.0,5.39,28.3,29.2,0.328
L,2026-02-05 00:00:00+05:30,52.8,42.5,65.5,43.9,169.0,5.8,28.3,29.2,0.371
L,2026-02-06 00:00:00+05:30,44.3,42.7,63.4,43.8,194.0,5.4,28.5,29.2,0.33
L,2026-02-07 00:00:00+05:30,48.7,43.0,62.4,44.1,177.0,5.61,28.4,29.2,0.351
L,2026-02-08 00:00:00+05:30,40.1,43.0,63.5,44.5,157.0,5.78,28.5,29.2,0.369
L,2026-02-09 00:00:00+05:30,51.2,43.0,72.5,43.1,154.0,5.94,28.4,29.2,0.384
L,2026-02-10 00:00:00+05:30,50.8,43.0,74.7,42.4,110.0,5.05,28.5,29.2,0.296
L,2026-02-11 00:00:00+05:30,61.2,43.0,74.0,43.9,134.0,5.91,28.4,29.2,0.382
L,2026-02-12 00:00:00+05:30,54.6,43.0,75.9,44.0,160.0,6.14,28.4,29.2,0.405
L,2026-02-13 00:00:00+05:30,48.6,42.9,72.8,44.1,156.0,5.65,28.4,29.2,0.356
L,2026-02-14 00:00:00+05:30,59.5,42.1,68.0,43.8,156.0,6.47,28.4,29.2,0.436
L,2026-02-15 00:00:00+05:30,61.7,41.3,68.9,43.3,155.0,7.45,28.4,29.2,0.536
L,2026-02-16 00:00:00+05:30,53.6,39.5,59.1,44.3,83.6,7.46,28.6,29.3,0.523
L,2026-02-17 00:00:00+05:30,42.4,40.0,74.3,43.1,89.8,4.97,28.5,29.2,0.29
L,2026-02-18 00:00:00+05:30,29.7,39.3,85.1,42.1,108.0,4.39,28.5,29.2,0.231
L,2026-02-19 00:00:00+05:30,70.2,39.3,84.5,41.9,92.9,5.08,28.4,29.2,0.298
L,2026-02-20 00:00:00+05:30,81.1,39.3,89.3,42.0,133.0,7.03,28.4,29.2,0.493
L,2026-02-21 00:00:00+05:30,57.8,41.7,61.6,44.6,192.0,7.06,28.4,29.2,0.499
L,2026-02-24 00:00:00+05:30,163.0,41.3,76.5,44.0,97.2,6.56,28.4,29.2,0.499
L,2026-02-25 00:00:00+05:30,266.0,41.3,82.7,43.8,99.8,6.25,28.4,29.2,0.395
L,2026-02-26 00:00:00+05:30,266.0,41.3,86.9,43.4,114.0,5.02,28.3,29.2,0.29
L,2026-02-27 00:00:00+05:30,176.0,41.2,82.7,43.2,136.0,4.27,28.4,29.2,0.214
L,2026-02-28 00:00:00+05:30,47.9,41.2,84.9,43.4,181.0,4.65,28.4,29.2,0.252
L,2026-03-02 00:00:00+05:30,27.9,41.3,90.4,43.8,108.0,5.01,28.4,29.2,0.293
L,2026-03-03 00:00:00+05:30,160.0,41.4,87.6,44.0,201.0,6.65,28.4,29.2,0.459
L,2026-03-04 00:00:00+05:30,56.4,41.3,95.7,44.2,119.0,7.56,28.4,29.2,0.546
L,2026-03-05 00:00:00+05:30,35.8,41.5,54.8,44.0,199.0,6.56,28.4,29.2,0.45
L,2026-03-06 00:00:00+05:30,36.6,41.5,62.5,44.3,149.0,5.76,28.4,29.2,0.368
L,2026-03-08 00:00:00+05:30,108.0,41.0,57.2,26.3,110.0,5.99,28.3,29.3,0.385
L,2026-03-10 00:00:00+05:30,61.5,42.7,56.5,42.8,65.4,5.57,28.4,29.2,0.351
L,2026-03-11 00:00:00+05:30,56.9,42.7,84.8,44.4,149.0,5.57,28.4,29.2,0.349
L,2026-03-12 00:00:00+05:30,172.0,42.6,92.3,43.9,98.0,5.28,28.4,29.2,0.319
L,2026-03-13 00:00:00+05:30,45.5,42.7,69.5,44.1,142.0,5.14,28.4,25.1,0.304
L,2026-03-14 00:00:00+05:30,45.9,42.7,74.3,43.9,96.4,4.86,28.4,23.4,0.277
L,2026-03-15 00:00:00+05:30,36.1,42.6,86.6,43.7,94.2,3.91,28.4,23.4,0.183
L,2026-03-16 00:00:00+05:30,31.7,42.6,88.9,43.4,108.0,3.86,28.5,23.4,0.168
L,2026-03-17 00:00:00+05:30,35.5,42.5,94.1,44.5,125.0,4.24,28.6,23.3,0.222
L,2026-03-18 00:00:00+05:30,29.1,42.6,75.7,43.4,71.2,4.09,28.4,23.4,0.199
L,2026-03-19 00:00:00+05:30,20.5,42.6,87.2,43.5,120.0,3.97,28.4,23.4,0.186
L,2026-03-20 00:00:00+05:30,24.8,42.6,82.5,43.7,121.0,4.08,28.5,23.4,0.199
L,2026-03-21 00:00:00+05:30,25.3,42.6,71.5,43.6,130.0,4.67,28.4,23.4,0.258
L,2026-03-22 00:00:00+05:30,47.9,42.8,62.0,43.7,124.0,5.12,28.3,23.4,0.304
L,2026-03-23 00:00:00+05:30,133.0,42.9,59.3,44.2,110.0,6.26,28.5,23.4,0.416
L,2026-03-24 00:00:00+05:30,43.0,42.9,66.9,43.8,110.0,4.98,28.4,23.4,0.29
L,2026-03-25 00:00:00+05:30,38.0,42.9,79.3,44.0,105.0,4.37,28.4,23.4,0.228
L,2026-03-26 00:00:00+05:30,47.0,43.0,74.3,43.9,102.0,4.65,28.4,23.4,0.255
L,2026-03-27 00:00:00+05:30,51.2,43.0,70.6,43.9,87.7,5.12,28.4,23.4,0.303
L,2026-03-28 00:00:00+05:30,36.6,42.9,90.3,43.6,94.0,3.92,28.5,23.4,0.182
L,2026-03-29 00:00:00+05:30,18.6,42.8,99.9,43.7,67.3,3.66,28.6,23.4,0.157
L,2026-03-30 00:00:00+05:30,39.8,42.9,89.5,43.3,102.0,4.12,28.4,23.4,0.204
L,2026-03-31 00:00:00+05:30,21.7,42.9,87.9,43.6,102.0,3.79,28.3,23.4,0.17
L,2026-04-01 00:00:00+05:30,31.7,42.9,90.3,43.3,89.1,3.93,28.4,23.4,0.184
L,2026-04-02 00:00:00+05:30,27.6,42.8,89.5,43.5,127.0,3.95,28.5,23.4,0.186
L,2026-04-03 00:00:00+05:30,37.9,42.9,84.8,43.6,107.0,4.37,28.4,23.4,0.228
L,2026-04-04 00:00:00+05:30,31.9,42.9,87.9,43.7,109.0,3.93,28.5,23.4,0.182
L,2026-04-05 00:00:00+05:30,34.0,42.9,84.8,43.3,81.8,3.97,28.4,23.4,0.188
L,2026-04-06 00:00:00+05:30,23.9,42.9,85.4,43.4,133.0,4.18,28.4,23.4,0.207
L,2026-04-07 00:00:00+05:30,36.7,42.9,86.7,43.8,116.0,4.06,28.4,23.4,0.196
L,2026-04-08 00:00:00+05:30,38.8,42.9,89.7,43.6,86.1,4.32,28.4,23.4,0.218
L,2026-04-09 00:00:00+05:30,45.2,42.9,79.9,44.0,104.0,4.51,28.4,23.4,0.243
L,2026-04-10 00:00:00+05:30,60.8,42.9,74.2,44.0,94.90000000000002,4.94,28.3,23.4,0.286
L,2026-04-11 00:00:00+05:30,65.9,42.9,85.1,43.8,108.0,5.28,28.4,23.4,0.316
L,2026-04-12 00:00:00+05:30,49.4,42.9,87.0,43.5,95.8,5.16,28.3,23.4,0.31
L,2026-04-13 00:00:00+05:30,49.1,42.9,89.9,43.9,88.3,4.89,28.4,23.4,0.277
L,2026-04-14 00:00:00+05:30,52.3,42.8,90.3,43.9,142.0,4.75,28.4,23.4,0.269
L,2026-04-16 00:00:00+05:30,43.6,42.8,76.3,43.2,79.6,4.15,28.5,23.4,0.201
L,2026-04-17 00:00:00+05:30,44.0,42.7,90.2,43.5,106.0,4.27,28.4,23.3,0.219
L,2026-04-18 00:00:00+05:30,32.0,42.6,91.8,44.0,120.0,4.27,28.3,23.4,0.219
L,2026-04-19 00:00:00+05:30,117.0,41.9,99.8,43.6,214.0,4.31,28.4,23.4,0.225
L,2026-04-20 00:00:00+05:30,27.5,41.9,98.4,44.4,132.0,4.52,28.5,23.4,0.246
L,2026-04-21 00:00:00+05:30,41.6,42.5,92.0,45.6,174.0,5.84,28.2,23.4,0.383
L,2026-04-22 00:00:00+05:30,38.1,42.1,98.7,45.4,152.0,6.05,28.3,23.4,0.385
L,2026-04-23 00:00:00+05:30,26.1,42.3,67.0,44.6,116.0,5.15,28.4,23.4,0.317
L,2026-04-24 00:00:00+05:30,91.4,42.2,82.9,42.5,113.0,5.09,28.5,23.4,0.3
L,2026-04-25 00:00:00+05:30,55.6,42.2,78.1,43.2,101.0,5.3,28.4,23.4,0.319
L,2026-04-26 00:00:00+05:30,47.4,42.2,88.7,44.1,98.6,4.93,28.5,23.4,0.283
L,2026-04-27 00:00:00+05:30,36.3,42.2,93.9,44.2,123.0,4.58,28.4,23.4,0.25
L,2026-04-28 00:00:00+05:30,46.0,42.2,91.6,44.1,94.6,4.59,28.4,23.4,0.251
L,2026-04-29 00:00:00+05:30,35.0,42.2,90.5,43.9,116.0,4.55,28.5,23.4,0.246
L,2026-04-30 00:00:00+05:30,27.7,42.2,92.2,44.2,115.0,4.64,28.4,23.4,0.256
L,2026-05-01 00:00:00+05:30,19.0,42.2,91.7,44.0,106.0,4.52,28.4,23.4,0.242
L,2026-05-02 00:00:00+05:30,272.0,42.2,91.1,44.1,150.0,4.54,28.5,23.4,0.245
L,2026-05-03 00:00:00+05:30,296.0,42.2,91.9,43.8,152.0,4.7,28.4,23.4,0.26
L,2026-05-04 00:00:00+05:30,182.0,42.2,90.2,43.7,157.0,4.67,28.5,23.4,0.26
L,2026-05-05 00:00:00+05:30,48.1,42.3,87.9,43.8,135.0,4.67,28.5,23.4,0.256
L,2026-05-06 00:00:00+05:30,53.4,42.3,82.9,42.8,88.8,4.64,28.5,23.4,0.254
L,2026-05-07 00:00:00+05:30,33.1,42.3,88.2,43.9,131.0,4.78,28.5,23.4,0.269
L,2026-05-08 00:00:00+05:30,38.0,42.3,88.9,42.4,110.0,4.75,28.4,23.4,0.261
L,2026-05-11 00:00:00+05:30,52.5,42.4,82.4,40.9,75.9,4.87,28.4,23.4,0.274
L,2026-05-12 00:00:00+05:30,41.4,42.3,90.5,43.6,86.3,5.02,28.4,23.4,0.293
L,2026-05-13 00:00:00+05:30,42.3,42.3,92.0,43.8,84.4,4.91,28.5,23.4,0.283
L,2026-05-14 00:00:00+05:30,35.3,42.3,91.8,43.4,96.2,4.82,28.4,23.4,0.274
L,2026-05-15 00:00:00+05:30,33.0,42.3,91.5,43.6,89.9,4.81,28.4,23.4,0.27
L,2026-05-16 00:00:00+05:30,38.1,42.3,92.3,43.6,117.0,4.7,28.5,23.4,0.259
L,2026-05-17 00:00:00+05:30,66.8,42.3,92.6,43.4,106.0,4.92,28.5,23.4,0.283
L,2026-05-18 00:00:00+05:30,275.0,42.3,92.8,43.6,94.5,5.03,28.5,23.3,0.294
L,2026-05-19 00:00:00+05:30,57.4,42.3,91.5,43.8,73.4,5.01,28.4,23.4,0.292
L,2026-05-20 00:00:00+05:30,50.2,42.3,89.8,44.1,98.3,4.88,28.4,23.4,0.279
L,2026-05-21 00:00:00+05:30,55.6,42.3,91.2,43.6,84.0,4.9,28.4,23.4,0.281
L,2026-05-22 00:00:00+05:30,38.8,42.3,91.9,44.3,122.0,4.9,28.4,23.4,0.279
L,2026-05-23 00:00:00+05:30,38.4,42.4,90.8,43.8,94.3,4.94,28.4,23.4,0.282
L,2026-05-24 00:00:00+05:30,31.6,42.4,90.9,43.5,81.7,4.87,28.5,23.4,0.277
L,2026-05-25 00:00:00+05:30,42.6,42.4,92.2,43.2,82.2,4.78,28.4,23.3,0.269
L,2026-05-26 00:00:00+05:30,42.5,42.4,90.6,42.6,71.5,4.9,28.4,23.4,0.283
L,2026-05-27 00:00:00+05:30,34.7,42.4,89.6,43.4,66.6,4.84,28.5,23.4,0.274
L,2026-05-28 00:00:00+05:30,32.3,42.5,87.1,43.3,85.6,4.76,28.4,23.4,0.269
L,2026-05-29 00:00:00+05:30,35.5,42.5,87.7,43.6,83.4,4.87,28.4,23.4,0.278
L,2026-05-30 00:00:00+05:30,46.4,42.4,88.7,43.3,83.8,4.85,28.4,23.4,0.275
L,2026-05-31 00:00:00+05:30,38.0,42.3,90.8,43.5,89.2,4.9,28.4,23.4,0.279
L,2026-06-01 00:00:00+05:30,29.6,42.4,87.9,43.3,71.3,4.94,28.4,23.4,0.287
L,2026-06-02 00:00:00+05:30,38.5,42.4,87.5,43.7,97.8,4.88,28.4,23.4,0.279
L,2026-06-03 00:00:00+05:30,30.6,42.3,90.7,44.3,153.0,5.12,28.4,23.4,0.304
L,2026-06-04 00:00:00+05:30,29.9,42.4,89.8,44.0,102.0,5.06,28.4,23.4,0.295
L,2026-06-09 00:00:00+05:30,78.1,42.5,87.7,42.2,67.3,4.7,28.4,23.4,0.259
L,2026-06-10 00:00:00+05:30,40.5,43.0,90.5,41.9,91.8,4.66,28.4,23.4,0.258
L,2026-06-11 00:00:00+05:30,43.9,43.4,89.2,43.8,85.3,4.8,28.4,23.4,0.271
L,2026-06-12 00:00:00+05:30,46.7,43.3,90.6,43.7,83.9,4.74,28.4,23.4,0.265
L,2026-06-13 00:00:00+05:30,43.6,43.3,90.7,43.3,83.7,4.65,28.4,23.4,0.254
L,2026-06-14 00:00:00+05:30,39.4,43.2,88.6,43.3,80.5,4.75,28.4,23.4,0.268
L,2026-06-15 00:00:00+05:30,31.7,43.1,87.5,43.1,92.0,4.7,28.5,23.4,0.259
L,2026-06-16 00:00:00+05:30,32.7,42.3,86.6,43.1,71.5,4.7,28.4,23.4,0.261
L,2026-06-17 00:00:00+05:30,37.0,42.4,85.4,43.1,81.5,4.8,28.4,23.4,0.271
L,2026-06-18 00:00:00+05:30,31.1,42.4,84.6,43.2,79.2,4.82,28.4,23.4,0.272
L,2026-06-19 00:00:00+05:30,25.7,42.4,83.0,43.7,83.4,4.87,28.4,23.4,0.277
L,2026-06-20 00:00:00+05:30,30.5,42.3,84.4,43.4,102.0,4.77,28.4,23.4,0.267
L,2026-06-21 00:00:00+05:30,24.8,42.3,88.7,43.8,105.0,4.89,28.4,23.4,0.279
L,2026-06-22 00:00:00+05:30,22.2,42.3,92.0,43.9,138.0,5.08,28.4,23.4,0.299
L,2026-06-23 00:00:00+05:30,8.48,42.1,99.9,43.7,239.0,5.2,28.5,23.4,0.312
L,2026-06-25 00:00:00+05:30,22.6,42.3,99.9,43.1,336.0,5.27,28.4,23.3,0.316
L,2026-06-26 00:00:00+05:30,27.7,42.3,95.8,43.9,170.0,5.21,28.5,23.4,0.311
L,2026-06-27 00:00:00+05:30,20.6,42.3,93.0,44.2,120.0,5.27,28.4,23.4,0.318
L,2026-06-28 00:00:00+05:30,,42.4,95.9,43.9,124.0,5.05,28.3,23.4,0.293
L,2026-06-29 00:00:00+05:30,,42.3,99.8,42.9,149.0,5.1,28.5,23.4,0.3
L,2026-06-30 00:00:00+05:30,,41.7,99.9,43.8,233.0,5.33,28.4,23.4,0.321
L,2026-07-01 00:00:00+05:30,,40.2,99.9,42.4,180.0,5.27,28.4,23.4,0.318
L,2026-07-02 00:00:00+05:30,,39.4,99.9,41.4,143.0,5.47,28.4,23.4,0.337
L,2026-07-03 00:00:00+05:30,,37.7,99.9,23.0,158.0,5.35,28.4,23.4,0.327
L,2026-07-04 00:00:00+05:30,,37.8,99.9,32.3,144.0,5.36,28.4,23.4,0.328
L,2026-07-05 00:00:00+05:30,,37.6,99.9,28.0,153.0,4.95,28.3,23.4,0.286
L,2026-07-06 00:00:00+05:30,,37.6,99.9,29.1,156.0,4.9,28.4,23.4,0.282
L,2026-07-07 00:00:00+05:30,,36.8,99.9,16.3,170.0,4.9,28.4,23.4,0.281
L,2026-07-08 00:00:00+05:30,,35.5,99.9,6.28,239.0,4.95,28.3,23.4,0.285
L,2026-07-09 00:00:00+05:30,65.2,36.8,98.4,5.12,175.0,5.45,28.4,23.4,0.34
L,2026-07-10 00:00:00+05:30,54.5,36.8,96.5,10.4,181.0,5.2,28.4,23.4,0.31
L,2026-07-11 00:00:00+05:30,49.9,36.5,96.6,6.9,169.0,5.22,28.4,23.4,0.311
L,2026-07-12 00:00:00+05:30,47.6,36.0,94.2,4.72,167.0,5.16,28.4,23.4,0.306
L,2026-07-13 00:00:00+05:30,38.4,35.8,92.7,2.32,181.0,5.2,28.4,23.4,0.311
L,2026-07-14 00:00:00+05:30,41.2,36.0,92.2,5.58,164.0,5.15,28.4,23.4,0.305
L,2026-07-15 00:00:00+05:30,37.0,36.0,96.2,3.29,155.0,5.48,28.4,23.4,0.338
L,2026-07-16 00:00:00+05:30,37.7,36.0,97.5,6.82,155.0,7.08,28.4,23.4,0.5
L,2026-07-17 00:00:00+05:30,35.7,36.0,98.8,9.84,173.0,7.08,28.4,23.4,0.5
L,2026-07-18 00:00:00+05:30,30.1,35.8,99.2,6.05,169.0,7.09,28.4,23.4,0.5
L,2026-07-19 00:00:00+05:30,27.6,35.7,99.7,11.7,157.0,7.08,28.4,23.4,0.5
L,2026-07-20 00:00:00+05:30,21.3,36.5,99.9,15.8,169.0,7.09,28.4,23.4,0.5
L,2026-07-21 00:00:00+05:30,32.3,38.3,99.6,26.3,147.0,7.1,28.4,23.4,0.5
L,2026-07-22 00:00:00+05:30,20.3,38.5,99.9,32.0,123.0,7.1,28.4,23.4,0.5
L,2026-07-23 00:00:00+05:30,18.5,38.5,99.9,31.1,131.0,7.1,28.4,23.4,0.5
L,2026-07-24 00:00:00+05:30,24.6,39.6,99.9,41.3,89.0,7.1,28.4,23.4,0.5
L,2026-07-25 00:00:00+05:30,28.7,39.9,99.4,41.1,91.3,7.1,28.4,23.4,0.5
L,2026-07-26 00:00:00+05:30,29.7,39.8,99.8,41.4,106.0,7.1,28.4,23.4,0.5
L,2026-07-27 00:00:00+05:30,28.9,39.7,99.9,41.6,86.4,7.1,28.4,23.4,0.5
L,2026-07-28 00:00:00+05:30,37.9,39.7,99.7,38.7,99.6,7.1,28.4,23.4,0.5
L,2026-07-29 00:00:00+05:30,42.5,39.7,99.8,38.3,92.2,7.1,28.4,23.4,0.5
L,2026-08-04 00:00:00+05:30,28.2,38.5,99.9,32.8,102.0,7.08,28.4,23.4,0.5
L,2026-08-05 00:00:00+05:30,25.7,38.8,99.9,37.1,102.0,7.1,28.4,23.4,0.5
L,2026-08-06 00:00:00+05:30,28.9,39.0,99.7,33.5,123.0,7.1,28.4,23.4,0.5
L,2026-08-07 00:00:00+05:30,28.6,40.9,97.7,41.6,82.4,7.1,28.4,23.4,0.5
L,2026-08-08 00:00:00+05:30,33.5,41.4,98.6,43.0,84.3,7.1,28.4,23.4,0.5
L,2026-08-09 00:00:00+05:30,31.4,41.5,98.6,43.1,101.0,7.09,28.3,23.4,0.5
L,2026-08-10 00:00:00+05:30,26.2,41.5,98.5,42.8,66.6,7.1,28.4,23.4,0.5
L,2026-08-11 00:00:00+05:30,19.1,41.4,99.9,43.2,161.0,7.1,28.4,23.4,0.5
L,2026-08-12 00:00:00+05:30,24.8,41.3,99.2,43.1,91.4,7.1,28.4,23.4,0.5
L,2026-08-13 00:00:00+05:30,24.4,41.2,99.9,43.4,87.6,7.08,28.4,23.4,0.5
L,2026-08-14 00:00:00+05:30,30.2,40.3,98.4,41.4,87.10000000000001,7.08,28.4,23.4,0.5
L,2026-08-15 00:00:00+05:30,12.1,39.6,99.9,43.6,82.7,7.07,28.4,23.4,0.5
L,2026-08-16 00:00:00+05:30,21.1,40.0,97.3,42.7,92.6,7.08,28.4,23.4,0.5
L,2026-08-17 00:00:00+05:30,26.5,40.0,99.7,43.6,95.9,7.07,28.4,23.4,0.5
L,2026-08-18 00:00:00+05:30,24.1,40.1,99.5,42.2,72.7,7.07,28.4,23.4,0.5
L,2026-08-19 00:00:00+05:30,25.1,40.1,97.9,41.2,98.9,7.07,28.4,23.4,0.5
L,2026-08-20 00:00:00+05:30,22.6,40.0,98.1,42.6,89.1,7.07,28.3,23.4,0.5
L,2026-08-21 00:00:00+05:30,28.7,40.0,98.6,41.3,87.9,7.07,28.4,23.4,0.5
L,2026-08-22 00:00:00+05:30,26.7,40.0,98.6,41.7,89.1,7.08,28.4,23.4,0.5
L,2026-08-23 00:00:00+05:30,22.5,39.8,98.0,37.6,96.4,7.09,28.4,23.4,0.5
L,2026-08-24 00:00:00+05:30,21.8,39.4,98.5,37.5,99.9,7.09,28.3,23.4,0.5
L,2026-08-25 00:00:00+05:30,25.9,39.3,97.9,32.1,115.0,7.07,28.4,23.4,0.5
L,2026-08-26 00:00:00+05:30,27.0,39.1,96.2,33.0,97.3,7.07,28.4,23.4,0.5
L,2026-08-27 00:00:00+05:30,23.4,39.2,97.9,33.8,107.0,7.07,28.4,23.4,0.5
L,2026-08-28 00:00:00+05:30,17.2,39.3,99.9,41.9,65.9,7.08,28.9,23.4,0.5
L,2026-08-29 00:00:00+05:30,16.7,39.2,99.9,38.9,80.5,7.07,28.4,23.4,0.5
L,2026-08-30 00:00:00+05:30,,38.9,95.4,24.7,133.0,7.07,28.3,23.4,0.5
L,2026-08-31 00:00:00+05:30,,38.9,95.9,29.4,125.0,7.07,28.4,23.4,0.5
L,2026-09-01 00:00:00+05:30,,38.8,97.7,26.6,122.0,7.07,28.4,23.4,0.5
L,2026-09-02 00:00:00+05:30,,38.8,98.4,33.5,96.5,7.06,28.4,23.4,0.5
L,2026-09-03 00:00:00+05:30,,39.0,98.0,36.7,112.0,7.07,28.4,23.4,0.5
L,2026-09-04 00:00:00+05:30,,39.2,95.0,36.7,87.8,7.07,28.4,23.4,0.5
L,2026-09-05 00:00:00+05:30,,38.1,97.3,26.7,119.0,7.07,28.4,23.4,0.5
L,2026-09-06 00:00:00+05:30,,38.5,98.9,29.9,119.0,7.07,28.4,23.4,0.5
L,2026-09-07 00:00:00+05:30,,39.0,95.8,33.1,96.3,7.07,28.4,23.4,0.5
L,2026-09-08 00:00:00+05:30,47.0,38.8,93.1,28.3,115.0,7.07,28.4,23.4,0.5
L,2026-09-09 00:00:00+05:30,29.2,38.8,93.5,28.3,111.0,7.07,28.4,23.4,0.5
L,2026-09-10 00:00:00+05:30,21.5,39.0,97.2,33.3,102.0,7.07,28.4,23.4,0.5
L,2026-09-11 00:00:00+05:30,21.9,39.0,96.4,34.1,122.0,7.07,28.4,23.4,0.5
L,2026-09-12 00:00:00+05:30,23.0,38.8,96.9,34.3,119.0,7.07,28.4,23.4,0.5
L,2026-09-13 00:00:00+05:30,9.51,38.2,99.9,40.7,149.0,7.07,28.4,23.4,0.5
L,2026-09-14 00:00:00+05:30,13.6,38.5,98.2,34.5,121.0,7.07,28.4,23.4,0.5
L,2026-09-15 00:00:00+05:30,12.2,38.4,99.4,35.8,151.0,7.07,28.4,23.4,0.5
L,2026-09-16 00:00:00+05:30,18.3,38.4,96.6,34.8,161.0,7.07,28.4,23.4,0.5
L,2026-09-17 00:00:00+05:30,22.8,38.9,94.9,33.1,152.0,7.07,28.4,23.4,0.5
ME,2025-10-11 00:00:00+05:30,66.60000000000001,19.3,45.9,0.9356666666666666,67.7,26.433333333333334,35.03333333333333,7.226666666666667,0.5673333333333334
ME,2025-10-12 00:00:00+05:30,80.0,14.95,29.6,0.965,47.4,26.95,27.8,8.515,0.5105
ME,2025-10-13 00:00:00+05:30,67.69999999999999,19.433333333333334,43.63333333333333,0.9893333333333333,67.63333333333334,31.96666666666667,37.199999999999996,6.423333333333333,0.6960000000000001
ME,2025-10-14 00:00:00+05:30,67.73333333333333,19.3,44.26666666666667,0.9806666666666667,63.63333333333333,31.233333333333334,42.76666666666667,7.7700000000000005,0.7228
ME,2025-10-15 00:00:00+05:30,85.0,28.9,69.8,1.4525,102.95,33.06666666666667,28.233333333333334,6.913333333333334,0.707
ME,2025-10-16 00:00:00+05:30,49.4,29.2,74.85,1.4140000000000001,105.95,25.099999999999998,27.066666666666666,6.266666666666666,0.5165666666666666
ME,2025-10-17 00:00:00+05:30,46.5,29.95,71.6,1.4455,106.4,25.099999999999998,25.5,5.703333333333333,0.5433333333333333
ME,2025-10-18 00:00:00+05:30,86.89999999999999,29.85,69.1,1.4505000000000001,111.4,29.333333333333332,36.833333333333336,7.080000000000001,0.6983333333333334
ME,2025-10-19 00:00:00+05:30,91.85,29.700000000000003,69.85,1.4740000000000002,111.4,29.900000000000002,32.43333333333333,6.826666666666667,0.9995
ME,2025-10-20 00:00:00+05:30,104.55,29.35,73.35,1.4515,91.35,25.96666666666667,20.3,5.593333333333334,1.1
ME,2025-10-21 00:00:00+05:30,105.16666666666667,29.0,71.85,1.464,91.35,14.666666666666666,30.833333333333332,9.066666666666668,0.8015
ME,2025-10-22 00:00:00+05:30,54.36666666666667,29.200000000000003,74.94999999999999,1.463,91.95,17.833333333333332,22.53333333333333,6.613333333333333,0.8596666666666667
ME,2025-10-23 00:00:00+05:30,47.06666666666666,30.05,71.5,1.447,94.5,17.066666666666666,15.873333333333335,9.53,0.8283333333333333
ME,2025-10-24 00:00:00+05:30,21.46666666666667,29.75,73.35,1.455,108.05000000000001,17.53333333333333,14.083333333333334,10.246666666666668,0.6996666666666668
ME,2025-10-25 00:00:00+05:30,17.166666666666668,28.65,79.94999999999999,1.4820000000000002,108.55000000000001,17.2,5.1866666666666665,14.020000000000001,0.8436666666666666
ME,2025-10-26 00:00:00+05:30,20.066666666666666,27.299999999999997,85.1,1.4345,88.85,13.71,2.4516666666666667,7.140000000000001,0.5886666666666667
ME,2025-10-27 00:00:00+05:30,14.4,27.95,83.44999999999999,1.544,114.55000000000001,15.5,7.256666666666667,15.700000000000001,0.7943333333333333
ME,2025-10-28 00:00:00+05:30,24.566666666666666,28.25,79.69999999999999,1.5105,110.55000000000001,14.6,13.31,12.056666666666667,0.588
ME,2025-10-29 00:00:00+05:30,30.133333333333336,29.15,75.45,1.5590000000000002,115.05000000000001,18.3,15.83,20.963333333333335,0.46649999999999997
ME,2025-10-30 00:00:00+05:30,22.96666666666667,27.3,82.9,1.5315,115.55000000000001,18.03333333333333,14.046666666666667,23.86,0.384
ME,2025-10-31 00:00:00+05:30,19.433333333333334,27.35,84.30000000000001,1.59,113.05000000000001,16.566666666666666,8.826666666666668,11.093333333333334,0.567
ME,2025-11-01 00:00:00+05:30,19.3,28.05,84.9,1.5750000000000002,128.55,17.166666666666668,7.88,5.58,0.5905
ME,2025-11-02 00:00:00+05:30,15.57,27.05,87.3,1.526,125.05000000000001,17.833333333333332,4.143333333333333,23.63,0.525
ME,2025-11-03 00:00:00+05:30,16.113333333333333,27.8,84.15,1.4765000000000001,113.05000000000001,17.900000000000002,19.526666666666667,5.45,0.6063333333333333
ME,2025-11-04 00:00:00+05:30,25.3,18.766666666666666,53.73333333333333,0.9940000000000001,71.03333333333335,23.333333333333332,12.540000000000001,39.056666666666665,0.6793333333333335
ME,2025-11-05 00:00:00+05:30,28.76666666666667,27.35,77.69999999999999,1.5015,102.05000000000001,20.599999999999998,14.833333333333334,5.506666666666667,0.5843333333333333
ME,2025-11-06 00:00:00+05:30,47.6,27.45,77.75,1.483,97.55000000000001,23.900000000000002,25.0,7.043333333333333,0.6986666666666667
ME,2025-11-07 00:00:00+05:30,72.33333333333333,28.15,70.85,1.4915,97.05000000000001,31.566666666666666,31.7,9.813333333333334,0.7440000000000001
ME,2025-11-08 00:00:00+05:30,49.55,27.45,68.9,1.4355,76.6,31.133333333333336,24.5,5.8933333333333335,0.6076666666666667
ME,2025-11-09 00:00:00+05:30,56.63333333333333,27.2,60.15,1.506,100.05000000000001,31.2,28.066666666666666,7.503333333333334,0.5216666666666666
ME,2025-11-10 00:00:00+05:30,75.03333333333333,25.1,76.2,1.5305,83.15,36.833333333333336,10.026666666666666,5.723333333333333,0.9806666666666666
ME,2025-11-11 00:00:00+05:30,83.36666666666666,26.75,67.69999999999999,1.4915,95.1,36.800000000000004,36.300000000000004,7.6066666666666665,0.929
ME,2025-11-12 00:00:00+05:30,82.7,26.799999999999997,58.45,1.4855,78.85,31.35,45.43333333333334,8.003333333333334,0.8165
ME,2025-11-13 00:00:00+05:30,84.06666666666666,27.15,52.3,1.486,89.35,35.86666666666667,42.96666666666667,7.876666666666666,1.025
ME,2025-11-14 00:00:00+05:30,94.6,27.05,56.7,1.4529999999999998,98.1,39.4,42.96666666666667,8.453333333333333,1.135
ME,2025-11-15 00:00:00+05:30,97.73333333333333,26.6,54.95,1.4615,118.1,37.53333333333333,36.333333333333336,6.886666666666667,1.1
ME,2025-11-16 00:00:00+05:30,89.7,26.55,50.95,1.451,100.6,34.06666666666666,40.03333333333333,9.180000000000001,0.9864999999999999
ME,2025-11-17 00:00:00+05:30,96.86666666666667,26.75,47.650000000000006,1.523,87.3,35.03333333333333,52.26666666666667,10.226666666666667,1.155
ME,2025-11-18 00:00:00+05:30,105.10000000000001,24.4,60.45,1.4785000000000001,104.15,49.0,26.86,7.763333333333333,1.385
ME,2025-11-19 00:00:00+05:30,104.96666666666665,26.0,55.05,1.463,107.65,48.06666666666666,37.43333333333334,8.53,1.155
ME,2025-11-20 00:00:00+05:30,98.7,26.4,53.599999999999994,1.528,102.65,46.86666666666667,36.56666666666667,9.16,1.275
ME,2025-11-21 00:00:00+05:30,86.6,26.9,58.15,1.447,116.15,54.0,38.300000000000004,8.59,1.46
ME,2025-11-22 00:00:00+05:30,84.10000000000001,27.85,60.65,1.4929999999999999,117.6,54.36666666666667,30.46666666666667,8.700000000000001,1.42
ME,2025-11-23 00:00:00+05:30,118.5,27.85,68.69999999999999,1.4925,115.6,49.56666666666666,31.03333333333333,9.016666666666667,1.3325
ME,2025-11-24 00:00:00+05:30,94.76666666666667,28.25,69.2,1.518,102.1,47.13333333333333,26.96666666666667,6.886666666666667,1.294
ME,2025-11-25 00:00:00+05:30,90.8,28.3,70.95,1.491,111.1,44.6,35.9,6.81,1.211
ME,2025-11-26 00:00:00+05:30,72.10000000000001,28.3,70.85,1.5290000000000001,101.1,43.800000000000004,36.63333333333333,5.96,1.3579999999999999
ME,2025-11-27 00:00:00+05:30,112.73333333333333,28.0,67.15,1.492,106.6,41.36666666666667,38.5,5.353333333333333,1.4503333333333333
ME,2025-11-28 00:00:00+05:30,74.25,27.700000000000003,66.69999999999999,1.4425,106.6,41.333333333333336,29.2,6.006666666666667,1.5119999999999998
ME,2025-11-29 00:00:00+05:30,70.3,18.166666666666668,38.166666666666664,1.0283333333333333,56.1,37.63333333333333,27.666666666666668,6.866666666666667,1.5213333333333334
ME,2025-11-30 00:00:00+05:30,57.95,26.4,48.45,1.5095,84.1,43.6,32.550000000000004,9.793333333333333,1.7073333333333334
ME,2025-12-01 00:00:00+05:30,88.36666666666667,26.35,54.45,1.463,117.65,49.03333333333333,30.7,20.043333333333333,1.9686666666666668
ME,2025-12-02 00:00:00+05:30,65.75,26.5,57.55,1.524,83.44999999999999,46.46666666666667,28.826666666666664,8.003333333333334,1.9066666666666665
ME,2025-12-03 00:00:00+05:30,79.26666666666667,17.8,38.36666666666667,0.9956666666666667,66.10000000000001,44.699999999999996,36.46666666666667,10.049999999999999,1.6300000000000001
ME,2025-12-04 00:00:00+05:30,83.1,26.5,57.150000000000006,1.467,128.65,44.56666666666666,24.75,10.073333333333332,1.08
ME,2025-12-05 00:00:00+05:30,69.30000000000001,27.6,54.65,1.4685,102.1,39.23333333333333,29.799999999999997,10.436666666666667,0.978
ME,2025-12-06 00:00:00+05:30,58.56666666666666,27.25,56.349999999999994,1.431,109.65,37.9,33.46666666666667,9.36,0.7383333333333333
ME,2025-12-07 00:00:00+05:30,69.10000000000001,26.05,65.5,1.4875,109.65,41.53333333333333,30.633333333333336,5.853333333333333,0.6946666666666667
ME,2025-12-08 00:00:00+05:30,62.23333333333333,27.6,54.45,0.924,168.5,56.56666666666666,21.86,4.113333333333333,1.0143333333333333
ME,2025-12-09 00:00:00+05:30,47.73333333333333,27.049999999999997,41.75,0.9570000000000001,145.4,42.03333333333333,28.286666666666665,5.669999999999999,0.8035
ME,2025-12-10 00:00:00+05:30,37.4,27.0,39.599999999999994,0.9225000000000001,157.5,46.76666666666667,25.123333333333335,10.81,0.8085
ME,2025-12-11 00:00:00+05:30,36.900000000000006,17.866666666666664,26.96666666666667,0.5606666666666666,100.0,44.300000000000004,32.52,7.303333333333334,0.63
ME,2025-12-12 00:00:00+05:30,56.56666666666666,17.3,32.03333333333333,0.723,117.66666666666667,55.73333333333333,32.06666666666666,8.036666666666667,0.7865
ME,2025-12-13 00:00:00+05:30,74.86666666666667,17.5,34.26666666666667,1.262,126.33333333333333,56.23333333333333,34.166666666666664,6.57,0.8859999999999999
ME,2025-12-14 00:00:00+05:30,85.0,17.633333333333336,33.166666666666664,1.2656666666666665,123.33333333333333,50.4,38.06666666666666,9.31,0.9695
ME,2025-12-15 00:00:00+05:30,76.7,16.266666666666666,36.333333333333336,1.1486666666666667,119.66666666666667,43.13333333333333,28.666666666666668,8.909999999999998,0.992
ME,2025-12-16 00:00:00+05:30,56.5,26.9,53.8,0.881,109.0,43.349999999999994,32.15,6.734999999999999,0.8535
ME,2025-12-17 00:00:00+05:30,58.93333333333334,28.45,49.4,0.554,131.3,58.166666666666664,36.233333333333334,11.86,1.1846666666666665
ME,2025-12-18 00:00:00+05:30,62.166666666666664,27.0,50.9,0.767,180.5,57.86666666666667,26.73,6.919999999999999,1.0619999999999998
ME,2025-12-19 00:00:00+05:30,46.73333333333333,26.299999999999997,49.400000000000006,0.8734999999999999,198.0,48.86666666666667,31.78333333333333,9.63,0.7889999999999999
ME,2025-12-20 00:00:00+05:30,38.03333333333334,26.200000000000003,46.3,0.846,184.5,47.06666666666666,22.25,5.45,0.8140000000000001
ME,2025-12-21 00:00:00+05:30,50.7,26.35,43.2,0.958,202.5,42.96666666666667,21.566666666666666,6.1499999999999995,0.8200000000000001
ME,2025-12-22 00:00:00+05:30,56.25,26.0,46.55,0.8714999999999999,260.0,52.366666666666674,27.2,10.833333333333334,1.15
ME,2025-12-23 00:00:00+05:30,46.36666666666667,26.55,46.650000000000006,0.9319999999999999,183.5,44.5,29.439999999999998,12.25,0.94
ME,2025-12-24 00:00:00+05:30,39.266666666666666,26.0,47.55,0.8494999999999999,188.0,43.4,22.136666666666667,7.203333333333333,0.859
ME,2025-12-25 00:00:00+05:30,64.60000000000001,26.05,52.25,0.8765000000000001,200.0,48.63333333333333,24.826666666666668,9.03,1.12
ME,2025-12-26 00:00:00+05:30,82.0,25.45,55.45,1.0565,193.0,44.43333333333334,32.76666666666666,7.836666666666666,1.1085
ME,2025-12-27 00:00:00+05:30,58.56666666666666,26.7,54.6,0.681,205.5,57.666666666666664,24.826666666666668,6.1866666666666665,1.1275
ME,2025-12-28 00:00:00+05:30,57.73333333333333,25.95,55.55,0.9325,208.5,42.03333333333333,31.563333333333333,5.353333333333333,1.0133333333333334
ME,2025-12-29 00:00:00+05:30,66.73333333333333,26.0,55.05,0.9275,210.0,50.43333333333334,36.6,14.229999999999999,1.03
ME,2025-12-30 00:00:00+05:30,63.63333333333333,25.8,58.849999999999994,0.9535,204.0,53.300000000000004,22.183333333333334,9.783333333333333,0.922
ME,2025-12-31 00:00:00+05:30,57.46666666666667,25.45,67.75,0.954,206.5,45.13333333333333,19.143333333333334,5.303333333333334,0.9846666666666666
ME,2026-01-01 00:00:00+05:30,33.13333333333333,25.7,73.30000000000001,0.946,225.0,31.933333333333337,8.92,4.446666666666666,0.8476666666666667
ME,2026-01-02 00:00:00+05:30,55.5,25.5,75.65,0.89,202.5,36.06666666666667,10.916666666666666,4.8,0.9903333333333334
ME,2026-01-03 00:00:00+05:30,42.46666666666667,26.15,68.80000000000001,1.03,208.5,45.333333333333336,16.06,5.726666666666667,1.0876666666666666
ME,2026-01-04 00:00:00+05:30,62.4,26.7,69.7,0.9675,204.0,40.13333333333333,18.316666666666666,6.5633333333333335,1.33
ME,2026-01-05 00:00:00+05:30,52.4,27.15,63.349999999999994,0.976,262.0,41.53333333333333,22.823333333333334,7.133333333333333,1.298
ME,2026-01-06 00:00:00+05:30,54.633333333333326,26.75,64.0,0.9525,204.5,39.93333333333334,21.916666666666668,8.516666666666667,1.4666666666666668
ME,2026-01-07 00:00:00+05:30,52.666666666666664,26.35,61.95,0.9515,215.0,43.43333333333334,26.99,19.256666666666664,1.71
ME,2026-01-08 00:00:00+05:30,46.13333333333333,26.05,54.099999999999994,0.9299999999999999,216.0,47.73333333333333,22.143333333333334,4.323333333333333,1.4786666666666666
ME,2026-01-09 00:00:00+05:30,44.03333333333333,25.7,51.7,0.922,197.0,51.9,28.733333333333334,6.765666666666667,1.6113333333333333
ME,2026-01-10 00:00:00+05:30,43.300000000000004,25.85,49.900000000000006,1.0514999999999999,208.5,35.63333333333333,34.766666666666666,6.756666666666668,1.3163333333333334
ME,2026-01-20 00:00:00+05:30,53.36666666666667,16.633333333333333,45.800000000000004,0.457,108.46666666666665,72.16666666666667,5.576666666666667,4.706666666666667,1.0879999999999999
ME,2026-01-21 00:00:00+05:30,51.76666666666667,17.933333333333334,36.86666666666667,0.68,131.0,43.4,25.19666666666667,9.49,1.0276666666666667
ME,2026-01-22 00:00:00+05:30,54.63333333333333,17.8,39.53333333333333,0.442,143.66666666666666,43.43333333333334,22.236666666666665,10.08,0.8886666666666666
ME,2026-01-23 00:00:00+05:30,46.0,17.266666666666666,47.6,0.642,123.66666666666667,32.199999999999996,15.846666666666666,3.1199999999999997,0.7656666666666667
ME,2026-01-24 00:00:00+05:30,39.63333333333333,17.266666666666666,40.36666666666667,0.505,131.0,28.2,20.5,4.95,0.974
ME,2026-01-25 00:00:00+05:30,49.0,17.3,44.300000000000004,0.6243333333333333,135.66666666666666,25.2,22.599999999999998,6.836666666666666,0.802
ME,2026-01-26 00:00:00+05:30,58.199999999999996,18.0,44.300000000000004,0.6333333333333333,134.33333333333334,19.5,27.5,10.113333333333335,1.0070000000000001
ME,2026-01-27 00:00:00+05:30,34.699999999999996,17.366666666666667,47.833333333333336,0.6536666666666666,147.33333333333334,17.040000000000003,22.439999999999998,3.1500000000000004,0.735
ME,2026-01-28 00:00:00+05:30,26.7,17.066666666666666,41.300000000000004,0.6233333333333334,146.66666666666666,29.733333333333334,22.813333333333333,4.56,0.6775
ME,2026-01-29 00:00:00+05:30,40.5,17.033333333333335,36.76666666666667,0.6846666666666666,137.0,38.0,19.853333333333335,5.789999999999999,1.013
ME,2026-01-30 00:00:00+05:30,52.96666666666667,18.733333333333334,43.9,0.7156666666666668,140.0,27.299999999999997,23.0,9.706666666666667,1.0423333333333333
ME,2026-01-31 00:00:00+05:30,47.1,17.900000000000002,50.56666666666666,0.6546666666666666,145.0,20.766666666666666,18.766666666666666,2.0966666666666667,1.0
ME,2026-02-01 00:00:00+05:30,56.833333333333336,18.2,44.93333333333334,0.652,126.0,24.833333333333332,24.900000000000002,4.506666666666667,0.9930000000000001
ME,2026-02-02 00:00:00+05:30,63.73333333333334,18.366666666666667,40.0,0.6726666666666667,134.66666666666666,27.599999999999998,25.53333333333333,9.729999999999999,1.1600000000000001
ME,2026-02-03 00:00:00+05:30,67.06666666666666,18.099999999999998,38.0,0.7933333333333333,127.66666666666667,33.0,19.87333333333333,5.95,1.11
ME,2026-02-04 00:00:00+05:30,55.1,19.7,30.333333333333332,0.8466666666666667,136.33333333333334,23.2,38.766666666666666,10.996666666666668,0.8966666666666666
ME,2026-02-05 00:00:00+05:30,56.5,18.833333333333332,33.199999999999996,0.6593333333333334,126.0,24.233333333333334,20.023333333333333,5.640000000000001,0.9710000000000001
ME,2026-02-06 00:00:00+05:30,43.76666666666667,18.766666666666666,31.099999999999998,0.6933333333333334,133.0,27.266666666666666,32.96666666666667,7.023333333333333,0.8426666666666667
ME,2026-02-07 00:00:00+05:30,48.53333333333333,18.666666666666668,29.666666666666668,0.6936666666666667,134.66666666666666,26.63333333333333,32.233333333333334,8.92,0.88
ME,2026-02-08 00:00:00+05:30,51.9,17.7,34.03333333333333,0.416,108.43333333333334,32.03333333333333,15.81,7.906666666666666,1.6266666666666667
ME,2026-02-09 00:00:00+05:30,53.4,18.233333333333334,35.36666666666667,0.6923333333333334,144.66666666666666,24.46666666666667,32.699999999999996,8.706666666666665,1.046
ME,2026-02-10 00:00:00+05:30,45.73333333333333,18.166666666666668,37.4,0.7399999999999999,142.33333333333334,27.433333333333334,35.4,6.773333333333333,0.9843333333333333
ME,2026-02-11 00:00:00+05:30,46.63333333333333,18.566666666666666,35.53333333333333,0.701,140.0,28.566666666666666,33.833333333333336,31.96666666666667,1.0446666666666666
ME,2026-02-12 00:00:00+05:30,48.26666666666667,18.766666666666666,38.93333333333334,0.7396666666666668,141.66666666666666,22.73333333333333,26.133333333333336,8.770000000000001,1.1966666666666665
ME,2026-02-13 00:00:00+05:30,49.86666666666667,18.633333333333336,37.03333333333333,0.7246666666666667,135.33333333333334,22.8,30.333333333333332,8.033333333333333,1.0606666666666666
ME,2026-02-14 00:00:00+05:30,54.800000000000004,19.0,33.733333333333334,0.6906666666666667,136.0,26.933333333333334,32.76666666666667,8.790000000000001,0.9596666666666667
ME,2026-02-15 00:00:00+05:30,53.56666666666666,18.866666666666667,33.6,0.62,121.26666666666667,28.933333333333334,21.266666666666666,7.57,0.86
ME,2026-02-16 00:00:00+05:30,45.9,17.5,31.133333333333336,0.4785,115.16666666666667,22.599999999999998,13.543333333333335,6.873333333333332,0.6776666666666666
ME,2026-02-17 00:00:00+05:30,29.766666666666666,19.166666666666668,36.23333333333333,0.77,172.0,22.066666666666663,36.36666666666667,11.823333333333332,0.4693333333333333
ME,2026-02-18 00:00:00+05:30,19.8,18.3,42.666666666666664,0.8943333333333333,165.66666666666666,21.066666666666666,18.933333333333334,5.746666666666667,0.38399999999999995
ME,2026-02-19 00:00:00+05:30,38.666666666666664,18.666666666666668,42.96666666666666,0.5790000000000001,144.0,30.833333333333332,26.133333333333336,8.183333333333334,1.13
ME,2026-02-20 00:00:00+05:30,59.0,18.766666666666666,44.833333333333336,0.6703333333333333,134.66666666666666,25.03333333333333,24.099999999999998,6.196666666666666,0.8783333333333333
ME,2026-02-21 00:00:00+05:30,58.56666666666666,19.733333333333334,34.0,0.711,158.33333333333334,25.333333333333332,32.43333333333333,9.326666666666668,0.8153333333333334
ME,2026-02-22 00:00:00+05:30,52.650000000000006,14.65,25.4,0.675,133.0,21.549999999999997,19.95,5.49,1.0815
ME,2026-02-23 00:00:00+05:30,44.4,19.0,41.1,0.755,143.0,24.733333333333334,26.766666666666666,6.163333333333334,0.7823333333333333
ME,2026-02-24 00:00:00+05:30,44.23333333333333,18.933333333333334,41.1,0.753,140.33333333333334,29.900000000000002,20.333333333333332,3.8699999999999997,0.8423333333333334
ME,2026-02-25 00:00:00+05:30,33.53333333333333,18.733333333333334,41.63333333333333,0.7396666666666666,140.66666666666666,24.566666666666666,15.743333333333334,3.4899999999999998,0.602
ME,2026-02-26 00:00:00+05:30,19.566666666666666,18.133333333333336,44.86666666666667,0.7433333333333333,144.66666666666666,17.55666666666667,10.126666666666667,2.166,0.45166666666666666
ME,2026-02-27 00:00:00+05:30,14.43,17.96666666666667,42.63333333333333,0.653,144.66666666666666,16.400000000000002,10.296666666666667,2.8699999999999997,0.478
ME,2026-02-28 00:00:00+05:30,15.6,17.900000000000002,40.56666666666666,0.7233333333333333,141.0,16.05333333333333,14.066666666666668,3.4066666666666663,0.467
ME,2026-03-01 00:00:00+05:30,23.433333333333334,17.96666666666667,42.13333333333333,0.7360000000000001,140.0,16.72,19.400000000000002,4.823333333333333,0.5263333333333333
ME,2026-03-02 00:00:00+05:30,28.566666666666666,18.266666666666666,44.13333333333333,0.7680000000000001,141.66666666666666,19.966666666666665,17.833333333333332,2.3000000000000003,0.7456666666666667
ME,2026-03-03 00:00:00+05:30,72.60000000000001,19.066666666666666,40.800000000000004,0.7466666666666667,141.0,23.933333333333334,24.03333333333333,4.753333333333333,1.4966666666666668
ME,2026-03-04 00:00:00+05:30,39.56666666666666,20.3,31.266666666666666,0.694,129.66666666666666,22.433333333333334,31.333333333333332,8.853333333333333,0.8733333333333334
ME,2026-03-05 00:00:00+05:30,34.46666666666667,20.400000000000002,24.100000000000005,0.7183333333333334,130.0,24.866666666666664,35.666666666666664,5.266666666666667,0.6483333333333333
ME,2026-03-06 00:00:00+05:30,28.2,19.900000000000002,27.833333333333332,0.7313333333333333,137.33333333333334,27.166666666666668,33.300000000000004,7.2,0.6043333333333334
ME,2026-03-07 00:00:00+05:30,30.833333333333332,18.96666666666667,43.46666666666667,0.7276666666666666,128.0,27.866666666666664,24.099999999999998,4.456666666666667,0.8716666666666667
ME,2026-03-08 00:00:00+05:30,48.6,20.133333333333333,35.06666666666666,0.7336666666666667,138.66666666666666,27.566666666666666,44.76666666666667,8.326666666666666,1.1406666666666667
ME,2026-03-09 00:00:00+05:30,49.26666666666667,20.833333333333332,24.03333333333333,0.7326666666666667,131.66666666666666,30.833333333333332,41.699999999999996,37.35666666666667,1.0116666666666667
ME,2026-03-10 00:00:00+05:30,40.900000000000006,14.9,21.85,0.4675,85.0,46.099999999999994,58.95,7.890000000000001,1.1665
ME,2026-03-11 00:00:00+05:30,29.599999999999998,14.25,35.85,0.33666666666666667,48.333333333333336,19.933333333333334,15.333333333333334,4.1466666666666665,0.6509999999999999
ME,2026-03-12 00:00:00+05:30,41.833333333333336,19.46666666666667,38.65,0.45599999999999996,137.33333333333334,20.8,17.27,0.6635333333333333,0.988
ME,2026-03-13 00:00:00+05:30,40.833333333333336,20.133333333333333,36.833333333333336,0.691,138.33333333333334,21.5,30.633333333333336,1.5899999999999999,0.8793333333333333
ME,2026-03-14 00:00:00+05:30,37.166666666666664,19.900000000000002,36.766666666666666,0.7676666666666666,139.66666666666666,25.233333333333334,19.233333333333334,4.497333333333333,0.7776666666666667
ME,2026-03-15 00:00:00+05:30,25.666666666666668,19.099999999999998,44.333333333333336,0.7713333333333333,146.33333333333334,13.793333333333335,14.333333333333334,2.042666666666667,0.4856666666666667
ME,2026-03-16 00:00:00+05:30,18.900000000000002,18.933333333333334,45.699999999999996,0.7116666666666666,147.66666666666666,14.166666666666666,13.700000000000001,2.6813333333333333,0.4856666666666667
ME,2026-03-17 00:00:00+05:30,22.400000000000002,18.7,45.06666666666666,0.734,138.33333333333334,14.966666666666667,17.2,2.813333333333333,0.5203333333333333
ME,2026-03-18 00:00:00+05:30,23.133333333333336,18.533333333333335,43.5,0.7646666666666667,138.33333333333334,19.466666666666665,16.599999999999998,7.586666666666667,0.646
ME,2026-03-19 00:00:00+05:30,17.7,18.666666666666668,43.699999999999996,0.7543333333333333,146.33333333333334,13.979999999999999,13.966666666666669,2.322,0.6113333333333333
ME,2026-03-20 00:00:00+05:30,20.033333333333335,18.233333333333334,45.0,0.75,129.66666666666666,14.200000000000001,15.973333333333334,7.276666666666667,0.6576666666666666
ME,2026-03-21 00:00:00+05:30,22.066666666666666,18.400000000000002,44.199999999999996,0.8099999999999999,116.53333333333335,22.166666666666668,20.773333333333333,4.1066666666666665,0.965
ME,2026-03-22 00:00:00+05:30,33.3,15.35,18.6,0.7,133.5,16.75,41.0,8.535,0.7725
ME,2026-03-23 00:00:00+05:30,38.4,20.566666666666666,26.866666666666664,0.7519999999999999,152.0,26.0,43.199999999999996,7.636666666666666,0.9796666666666667
ME,2026-03-24 00:00:00+05:30,37.96666666666667,20.333333333333332,33.333333333333336,0.7753333333333333,140.33333333333334,21.933333333333334,31.266666666666666,6.2799999999999985,0.8866666666666667
ME,2026-03-25 00:00:00+05:30,25.733333333333334,20.033333333333335,39.0,0.7519999999999999,143.66666666666666,17.566666666666666,27.866666666666664,5.266666666666667,0.7036666666666668
ME,2026-03-26 00:00:00+05:30,25.209999999999997,20.53333333333333,37.06666666666666,0.7733333333333333,144.33333333333334,21.866666666666664,37.199999999999996,5.2,0.8483333333333333
ME,2026-03-27 00:00:00+05:30,31.366666666666664,20.733333333333334,34.733333333333334,0.7736666666666666,147.0,24.233333333333334,32.13333333333333,6.48,0.7806666666666667
ME,2026-03-28 00:00:00+05:30,17.8,19.599999999999998,46.73333333333333,0.7719999999999999,149.33333333333334,15.19,17.5,2.153,0.5543333333333333
ME,2026-03-29 00:00:00+05:30,14.626666666666665,19.333333333333332,47.29999999999999,0.7353333333333333,153.33333333333334,10.283333333333333,10.773333333333333,2.9933333333333336,0.5806666666666667
ME,2026-03-30 00:00:00+05:30,16.156666666666666,19.533333333333335,47.43333333333334,0.733,153.33333333333334,10.299999999999999,13.466666666666667,2.634,0.6406666666666666
ME,2026-03-31 00:00:00+05:30,10.926666666666668,19.599999999999998,44.9,0.741,155.33333333333334,7.82,9.336666666666666,2.504,0.5753333333333334
ME,2026-04-01 00:00:00+05:30,17.400000000000002,19.166666666666668,45.833333333333336,0.6963333333333334,149.66666666666666,11.790000000000001,35.6,73.07333333333334,0.5053333333333333
ME,2026-04-02 00:00:00+05:30,19.166666666666668,18.933333333333334,44.866666666666674,0.8413333333333334,146.33333333333334,13.666666666666666,20.96666666666667,4.471333333333333,0.5043333333333334
ME,2026-04-03 00:00:00+05:30,26.099999999999998,19.166666666666668,42.9,0.8463333333333333,148.33333333333334,15.033333333333333,20.666666666666668,5.023333333333333,0.7240000000000001
ME,2026-04-04 00:00:00+05:30,20.2,19.2,45.0,0.8233333333333334,148.0,11.533333333333333,17.633333333333333,3.7750000000000004,0.8713333333333333
ME,2026-04-05 00:00:00+05:30,17.066666666666666,28.5,64.4,1.246,223.5,13.9,20.7,3.765,0.6749999999999999
ME,2026-04-06 00:00:00+05:30,16.633333333333333,28.15,64.19999999999999,1.2805,219.5,15.1,25.933333333333334,4.756666666666667,0.5316666666666666
ME,2026-04-07 00:00:00+05:30,20.433333333333334,28.7,67.30000000000001,1.2395,214.5,14.6,20.599999999999998,3.986666666666667,0.6463333333333333
ME,2026-04-08 00:00:00+05:30,20.7,29.35,69.1,1.3185,223.0,12.170000000000002,8.076666666666666,1.873,0.7533333333333333
ME,2026-04-09 00:00:00+05:30,25.366666666666664,29.35,61.099999999999994,1.153,215.0,14.9,11.163333333333332,3.76,0.7526666666666667
ME,2026-04-10 00:00:00+05:30,43.6,29.65,54.9,1.49,216.5,22.099999999999998,22.46666666666667,5.833333333333333,0.9076666666666666
ME,2026-04-11 00:00:00+05:30,44.9,30.35,65.30000000000001,1.4765,220.5,17.633333333333336,37.6,4.42,0.9423333333333334
ME,2026-04-12 00:00:00+05:30,44.23333333333333,29.049999999999997,72.25,1.09,219.5,17.7,26.400000000000002,2.016666666666667,0.9693333333333333
ME,2026-04-13 00:00:00+05:30,35.199999999999996,29.7,74.0,1.5225,218.5,13.156666666666666,16.599999999999998,1.8826666666666665,0.9886666666666667
ME,2026-04-14 00:00:00+05:30,42.23333333333333,30.3,68.45,1.702,213.5,15.0,24.566666666666666,3.805666666666667,0.9156666666666666
ME,2026-04-15 00:00:00+05:30,23.53333333333333,30.1,66.65,1.6025,217.0,14.700000000000001,22.133333333333336,4.82,0.8723333333333333
ME,2026-04-16 00:00:00+05:30,22.7,29.049999999999997,70.65,2.0715000000000003,220.0,13.033333333333333,19.7,3.396666666666667,0.6930000000000001
ME,2026-04-17 00:00:00+05:30,23.7,29.25,72.1,2.09,275.0,14.633333333333333,19.433333333333334,4.323333333333333,0.6966666666666667
ME,2026-04-18 00:00:00+05:30,27.46666666666667,30.200000000000003,68.5,1.4049999999999998,208.5,16.5,23.633333333333336,4.6499999999999995,0.747
ME,2026-04-19 00:00:00+05:30,34.03333333333333,30.5,61.05,1.4649999999999999,231.0,16.3,22.433333333333334,5.976666666666667,0.721
ME,2026-04-20 00:00:00+05:30,24.53333333333333,19.733333333333334,46.633333333333326,0.8353333333333334,149.66666666666666,12.996666666666668,19.566666666666666,5.08,0.6546666666666666
ME,2026-04-21 00:00:00+05:30,34.300000000000004,20.2,43.76666666666667,0.9039999999999999,144.33333333333334,17.466666666666665,30.266666666666666,4.803333333333334,0.741
ME,2026-04-22 00:00:00+05:30,31.566666666666666,20.46666666666667,43.666666666666664,1.0106666666666666,145.0,18.8,17.033333333333335,5.7700000000000005,0.7640000000000001
ME,2026-04-23 00:00:00+05:30,33.46666666666667,21.400000000000002,38.166666666666664,0.961,150.33333333333334,22.2,31.333333333333332,5.573333333333333,0.7536666666666667
ME,2026-04-24 00:00:00+05:30,31.933333333333334,21.666666666666668,43.03333333333333,0.945,155.33333333333334,22.566666666666666,21.733333333333334,5.153333333333333,0.8426666666666667
ME,2026-04-25 00:00:00+05:30,36.36666666666667,21.866666666666664,39.96666666666667,1.08,152.0,22.633333333333336,31.599999999999998,5.306666666666667,0.8109999999999999
ME,2026-04-26 00:00:00+05:30,34.800000000000004,21.400000000000002,44.53333333333333,1.0919999999999999,158.0,16.266666666666666,17.833333333333332,4.0633333333333335,0.7003333333333334
ME,2026-04-27 00:00:00+05:30,24.233333333333334,20.8,49.46666666666666,1.09,147.33333333333334,11.299999999999999,12.04,6.463333333333334,0.6913333333333332
ME,2026-04-28 00:00:00+05:30,24.333333333333332,20.633333333333333,49.133333333333326,1.0363333333333333,137.0,11.780000000000001,14.216666666666667,4.92,0.7166666666666667
ME,2026-04-29 00:00:00+05:30,22.15,15.75,33.6,1.23,139.5,9.245000000000001,8.97,6.3950000000000005,0.824
ME,2026-04-30 00:00:00+05:30,19.733333333333334,21.099999999999998,46.800000000000004,1.1300000000000001,152.0,9.366666666666667,17.51,8.766666666666667,0.8109999999999999
ME,2026-05-01 00:00:00+05:30,19.9,31.3,70.75,1.7999999999999998,226.0,9.75,17.405,13.25,0.5994999999999999
ME,2026-05-02 00:00:00+05:30,18.75,31.200000000000003,71.9,1.67,226.5,11.3,16.23,16.05,0.5569999999999999
ME,2026-05-03 00:00:00+05:30,21.85,31.65,71.15,1.585,229.5,10.105,18.645,18.6,0.65
ME,2026-05-04 00:00:00+05:30,21.2,21.166666666666668,45.73333333333333,1.12,152.33333333333334,9.29,15.063333333333333,21.833333333333332,0.7866666666666666
ME,2026-05-05 00:00:00+05:30,16.733333333333334,21.400000000000002,44.833333333333336,1.2033333333333334,161.0,8.113333333333333,19.133333333333336,15.843333333333334,0.6953333333333335
ME,2026-05-06 00:00:00+05:30,21.7,22.2,40.333333333333336,1.5733333333333335,192.66666666666666,10.876666666666665,29.066666666666663,6.6066666666666665,0.5956666666666667
ME,2026-05-07 00:00:00+05:30,21.400000000000002,21.5,45.53333333333333,1.3883333333333334,158.66666666666666,10.67,34.96666666666666,30.066666666666666,0.6946666666666667
ME,2026-05-08 00:00:00+05:30,25.233333333333334,21.7,44.833333333333336,1.083,147.0,14.933333333333332,30.03333333333333,2.106666666666667,0.7243333333333334
ME,2026-05-09 00:00:00+05:30,25.566666666666666,21.900000000000002,43.46666666666667,1.133,147.33333333333334,18.633333333333333,25.7,3.0233333333333334,0.7403333333333334
ME,2026-05-10 00:00:00+05:30,32.36666666666667,21.833333333333332,43.43333333333334,1.171,159.33333333333334,18.0,33.36666666666667,3.92,0.7963333333333334
ME,2026-05-11 00:00:00+05:30,23.566666666666666,22.133333333333336,43.199999999999996,1.1166666666666665,148.33333333333334,16.17,27.900000000000002,2.57,0.7793333333333333
ME,2026-05-12 00:00:00+05:30,22.0,21.599999999999998,46.23333333333333,1.1773333333333333,158.33333333333334,13.9,17.2,3.67,0.8413333333333334
ME,2026-05-13 00:00:00+05:30,17.266666666666666,21.433333333333334,47.73333333333333,0.9653333333333333,154.66666666666666,11.956666666666669,16.563333333333333,2.97,0.7526666666666667
ME,2026-05-14 00:00:00+05:30,16.3,21.433333333333334,47.26666666666667,1.0243333333333333,157.33333333333334,13.563333333333333,16.893333333333334,3.07,0.7553333333333333
ME,2026-05-15 00:00:00+05:30,15.033333333333333,21.3,46.79999999999999,1.0050000000000001,161.33333333333334,12.423333333333332,16.1,4.073333333333333,0.8523333333333333
ME,2026-05-16 00:00:00+05:30,11.540000000000001,21.233333333333334,47.333333333333336,1.0416666666666667,167.0,11.520000000000001,15.133333333333333,8.893333333333333,0.8666666666666667
ME,2026-05-17 00:00:00+05:30,11.733333333333334,21.033333333333335,49.56666666666666,1.04,134.33333333333334,10.58,15.233333333333334,3.99,0.887
ME,2026-05-18 00:00:00+05:30,15.733333333333334,21.53333333333333,47.20000000000001,1.0276666666666665,174.0,12.076666666666668,20.0,2.94,0.7886666666666665
ME,2026-05-19 00:00:00+05:30,14.833333333333334,20.833333333333332,47.76666666666667,0.875,143.33333333333334,14.546666666666667,16.113333333333333,3.2600000000000002,0.633
ME,2026-05-20 00:00:00+05:30,13.613333333333335,21.133333333333333,45.96666666666667,1.0993333333333333,147.0,15.873333333333335,11.94,5.66,0.6713333333333334
ME,2026-05-21 00:00:00+05:30,10.113333333333335,21.53333333333333,45.36666666666667,1.1003333333333334,146.0,12.033333333333333,11.676666666666668,4.95,0.5996666666666667
ME,2026-05-22 00:00:00+05:30,11.233333333333334,21.633333333333336,46.800000000000004,0.8346666666666667,144.66666666666666,11.236666666666665,11.056666666666667,2.8833333333333333,0.6653333333333333
ME,2026-05-23 00:00:00+05:30,11.423333333333332,21.7,47.800000000000004,0.8083333333333332,156.0,11.4,8.903333333333334,2.97,0.742
ME,2026-05-24 00:00:00+05:30,8.233333333333333,22.099999999999998,46.666666666666664,1.195,157.33333333333334,9.433333333333334,9.363333333333333,5.673333333333333,0.686
ME,2026-05-25 00:00:00+05:30,9.526666666666666,21.833333333333332,46.76666666666667,1.0593333333333332,151.0,11.726666666666667,9.14,3.44,0.669
ME,2026-05-26 00:00:00+05:30,10.516666666666667,21.8,45.73333333333333,1.0576666666666668,157.66666666666666,12.31,9.316666666666666,3.046666666666667,0.684
ME,2026-05-27 00:00:00+05:30,9.826666666666666,21.73333333333333,44.53333333333333,1.0786666666666667,145.0,12.270000000000001,8.98,4.123333333333334,0.595
ME,2026-05-28 00:00:00+05:30,12.33,22.0,43.46666666666666,1.1683333333333332,156.0,9.916666666666666,12.163333333333334,3.4333333333333336,0.5816666666666667
ME,2026-05-29 00:00:00+05:30,13.200000000000001,22.03333333333333,41.86666666666667,1.2576666666666665,152.66666666666666,7.873333333333334,11.536666666666667,2.7710000000000004,0.703
ME,2026-05-30 00:00:00+05:30,14.466666666666667,22.233333333333334,42.93333333333334,1.1153333333333333,166.66666666666666,8.03,9.426666666666668,2.74,0.7476666666666666
ME,2026-05-31 00:00:00+05:30,14.850000000000001,32.45,70.05,1.691,215.5,9.635,8.705,0.139575,0.54
ME,2026-06-01 00:00:00+05:30,10.663333333333334,21.866666666666664,45.03333333333333,1.1046666666666667,142.66666666666666,14.256666666666668,13.146666666666667,31.224999999999998,0.6066666666666666
ME,2026-06-02 00:00:00+05:30,16.5,21.866666666666664,45.06666666666666,1.2366666666666666,134.66666666666666,11.723333333333334,23.099999999999998,4.308333333333334,0.8826666666666666
ME,2026-06-03 00:00:00+05:30,18.0,21.266666666666666,44.0,1.101,140.66666666666666,16.066666666666666,22.15,1.494,0.7789999999999999
ME,2026-06-04 00:00:00+05:30,15.266666666666666,21.766666666666666,44.6,1.2666666666666666,137.66666666666666,11.42,23.3,6.2795,0.775
ME,2026-06-05 00:00:00+05:30,18.066666666666666,21.96666666666667,47.0,1.086,150.66666666666666,10.973333333333334,21.566666666666666,4.02,0.759
ME,2026-06-06 00:00:00+05:30,16.0,22.26666666666667,44.53333333333334,1.1416666666666666,147.33333333333334,14.273333333333333,22.599999999999998,10.03,0.7466666666666667
ME,2026-06-07 00:00:00+05:30,17.066666666666666,22.233333333333334,45.0,1.85,149.66666666666666,11.596666666666666,26.1,3.2399999999999998,0.637
ME,2026-06-08 00:00:00+05:30,18.15,15.95,40.05,0.27,91.5,16.955,6.35,1.1520000000000001,1.2930000000000001
ME,2026-06-09 00:00:00+05:30,19.5,21.96666666666667,45.76666666666667,0.4756666666666667,163.33333333333334,12.216666666666667,28.833333333333332,7.75,0.6150000000000001
ME,2026-06-10 00:00:00+05:30,19.099999999999998,21.866666666666664,45.5,0.8753333333333333,163.66666666666666,8.626666666666667,26.2,3.0,0.4916666666666667
ME,2026-06-11 00:00:00+05:30,18.233333333333334,22.03333333333333,42.5,1.1703333333333334,154.66666666666666,9.196666666666667,21.53333333333333,0.9296666666666665,0.455
ME,2026-06-12 00:00:00+05:30,17.46666666666667,22.0,43.43333333333334,1.0866666666666667,159.66666666666666,8.393333333333333,21.040000000000003,0.8856666666666667,0.516
ME,2026-06-13 00:00:00+05:30,17.066666666666666,21.46666666666667,45.699999999999996,0.39466666666666667,163.66666666666666,9.366666666666667,20.936666666666667,1.0053333333333334,0.5253333333333333
ME,2026-06-14 00:00:00+05:30,14.7,16.35,32.8,0.3475,121.99999999999999,10.435,12.2,1.2605,0.5225000000000001
ME,2026-06-15 00:00:00+05:30,15.633333333333333,22.2,40.9,1.06,139.0,11.083333333333334,21.53333333333333,3.889,0.48066666666666663
ME,2026-06-16 00:00:00+05:30,14.133333333333333,21.900000000000002,42.666666666666664,1.2953333333333334,147.33333333333334,10.23,20.733333333333334,3.81,0.5156666666666667
ME,2026-06-17 00:00:00+05:30,14.0,21.866666666666664,41.43333333333333,1.1283333333333332,151.33333333333334,11.76,20.613333333333333,1.5493333333333332,0.4873333333333334
ME,2026-06-18 00:00:00+05:30,14.200000000000001,21.733333333333334,41.56666666666667,1.45,130.5,11.206666666666665,26.0,14.445666666666668,0.524
ME,2026-06-19 00:00:00+05:30,14.700000000000001,21.633333333333336,40.53333333333333,1.1523333333333332,141.33333333333334,11.030000000000001,19.72,5.783333333333334,0.5563333333333333
ME,2026-06-20 00:00:00+05:30,15.366666666666665,21.566666666666666,42.1,1.105,135.0,11.813333333333333,27.8,6.466666666666666,0.5646666666666667
ME,2026-06-21 00:00:00+05:30,12.799999999999999,20.966666666666665,46.63333333333333,0.98,126.0,8.62,24.066666666666663,3.2230000000000003,0.5776666666666667
ME,2026-06-22 00:00:00+05:30,12.166666666666666,20.7,49.9,1.0933333333333335,134.0,5.116666666666666,22.429999999999996,9.03,0.5853333333333334
ME,2026-06-23 00:00:00+05:30,10.773333333333333,18.666666666666668,57.866666666666674,0.5416666666666666,129.5,9.943333333333333,19.073333333333334,5.386666666666667,0.8183333333333334
ME,2026-06-25 00:00:00+05:30,16.903333333333332,19.433333333333334,58.43333333333334,0.39366666666666666,145.33333333333334,13.116666666666667,21.909999999999997,8.983333333333333,0.725
ME,2026-06-26 00:00:00+05:30,17.53333333333333,20.3,55.63333333333333,1.1013333333333333,141.33333333333334,12.123333333333333,23.63,6.773333333333333,0.7603333333333334
ME,2026-06-27 00:00:00+05:30,13.8,31.0,83.5,,,13.9,22.3,9.54,
ME,2026-06-28 00:00:00+05:30,12.1,30.1,85.9,0.702,175.0,13.4,15.8,3.13,
ME,2026-06-29 00:00:00+05:30,8.65,22.1,62.95,1.0605,201.0,11.185,25.549999999999997,7.485,0.478
ME,2026-06-30 00:00:00+05:30,11.35,21.9,68.0,0.8965000000000001,211.5,16.55,22.69,24.255000000000003,0.521
ME,2026-07-01 00:00:00+05:30,8.72,15.195,60.05,0.745,210.5,12.55,11.25,4.68,0.474
ME,2026-07-02 00:00:00+05:30,10.06,21.165000000000003,62.1,0.9095,215.0,14.0,7.345,4.6,0.4675
ME,2026-07-03 00:00:00+05:30,7.925000000000001,24.450000000000003,57.849999999999994,0.7685,203.0,14.95,10.555,1.07,0.3025
ME,2026-07-04 00:00:00+05:30,8.31,28.65,65.5,0.6695,204.0,13.3,6.220000000000001,1.0434999999999999,0.34650000000000003
ME,2026-07-05 00:00:00+05:30,7.84,25.75,50.0,0.773,225.0,13.2,12.36,3.725,0.247
ME,2026-07-06 00:00:00+05:30,9.11,20.299999999999997,36.15,0.736,240.0,13.05,12.055,3.02,0.20750000000000002
ME,2026-07-07 00:00:00+05:30,12.84,12.55,20.830000000000002,0.915,237.5,12.2,19.685000000000002,1.105,0.2555
ME,2026-07-08 00:00:00+05:30,13.3,15.565000000000001,19.880000000000003,0.8015,233.0,12.5,8.64,0.9789999999999999,0.3165
ME,2026-07-09 00:00:00+05:30,17.6,17.62,9.559999999999999,1.29,225.0,9.440000000000001,7.8950000000000005,5.925,0.381
ME,2026-07-10 00:00:00+05:30,14.35,20.401,22.35,1.388,236.0,8.684999999999999,7.58,1.9295,0.35850000000000004
ME,2026-07-11 00:00:00+05:30,13.15,21.771500000000003,15.149999999999999,1.5350000000000001,233.0,7.609999999999999,4.03,0.949,0.2525
ME,2026-07-12 00:00:00+05:30,20.5,49.8,9.92,1.89,270.0,8.7,0.708,8.26,0.383
ME,2026-07-13 00:00:00+05:30,17.25,52.4,11.9,1.69,228.5,8.365,10.645,2.3705,0.35550000000000004
ME,2026-07-14 00:00:00+05:30,15.25,49.1,8.845,1.56,225.0,8.625,9.93,2.2640000000000002,0.382
ME,2026-07-15 00:00:00+05:30,14.600000000000001,36.9,31.625,1.47,230.5,7.875,6.449999999999999,2.577,0.3715
ME,2026-07-16 00:00:00+05:30,15.2,30.6,47.835,1.2635,226.5,8.715,6.625,1.6265,0.382
ME,2026-07-17 00:00:00+05:30,15.05,32.8,59.25,1.071,226.0,9.59,6.074999999999999,2.6875,0.38849999999999996
ME,2026-07-18 00:00:00+05:30,12.25,30.9,60.6,0.915,219.0,10.235,12.754999999999999,1.524,0.49850000000000005
ME,2026-07-19 00:00:00+05:30,10.22,31.55,57.45,1.151,213.0,9.575,7.32,2.18,0.42000000000000004
ME,2026-07-20 00:00:00+05:30,11.9,32.599999999999994,67.25,0.8885000000000001,220.0,10.2,8.09,1.587,0.2965
ME,2026-07-21 00:00:00+05:30,11.655000000000001,34.3,66.45,1.24,226.5,7.8149999999999995,7.99,2.97,0.3725
ME,2026-07-22 00:00:00+05:30,9.315000000000001,31.4,65.9,1.051,224.5,7.0600000000000005,14.145,3.0145,0.34800000000000003
ME,2026-07-23 00:00:00+05:30,12.399999999999999,32.5,69.0,1.0445,223.5,6.4350000000000005,14.09,1.1325,0.373
ME,2026-07-24 00:00:00+05:30,10.86,27.5,68.85,1.395,230.5,6.85,12.035,0.48935,0.4215
ME,2026-07-25 00:00:00+05:30,13.2,28.95,66.6,1.4649999999999999,227.0,17.575,12.335,2.19,0.3795
ME,2026-07-26 00:00:00+05:30,12.2,23.7,74.85,1.2065000000000001,223.5,9.915,12.71,2.835,0.38
ME,2026-07-27 00:00:00+05:30,12.100000000000001,32.0,76.1,0.8925,217.5,11.7,13.870000000000001,1.3515000000000001,0.4235
ME,2026-07-28 00:00:00+05:30,13.2,30.2,76.7,1.2395,227.0,9.655,12.420000000000002,0.8625,0.406
ME,2026-07-29 00:00:00+05:30,14.15,25.4,76.1,1.291,242.5,9.7,11.969999999999999,1.795,0.4195
ME,2026-07-30 00:00:00+05:30,13.55,5.46,69.65,0.869,243.5,15.35,11.715,1.145,0.4175
ME,2026-07-31 00:00:00+05:30,13.75,9.33,69.75,0.7845,262.0,11.149999999999999,11.765,3.8345,0.3925
ME,2026-08-01 00:00:00+05:30,16.25,5.595,70.6,1.345,233.0,7.9799999999999995,12.045,1.22,0.4295
ME,2026-08-02 00:00:00+05:30,10.84,9.63,72.9,0.9345,224.0,8.19,12.015,7.587000000000001,0.5035000000000001
ME,2026-08-03 00:00:00+05:30,13.0,23.1,79.4,0.966,261.5,10.54,12.395,1.1455,0.4515
ME,2026-08-04 00:00:00+05:30,106.3,26.75,82.1,1.23,195.5,13.0,12.625,10.370000000000001,0.231
ME,2026-08-05 00:00:00+05:30,13.95,22.9,84.44999999999999,0.733,203.5,11.05,11.905,6.98,0.4485
ME,2026-08-06 00:00:00+05:30,13.65,19.9,82.19999999999999,1.1515,234.0,10.52,12.845,2.385,0.325
ME,2026-08-07 00:00:00+05:30,13.149999999999999,20.35,83.0,1.218,242.5,10.09,12.34,5.430000000000001,0.3205
ME,2026-08-08 00:00:00+05:30,14.3,26.05,83.05,0.8835,239.0,10.440000000000001,13.985000000000001,0.673,0.2605
ME,2026-08-09 00:00:00+05:30,12.45,17.345,86.45,1.1985000000000001,231.0,9.81,20.0,1.3,0.292
ME,2026-08-10 00:00:00+05:30,12.649999999999999,23.299999999999997,75.6,1.2755,231.0,45.545,13.04,6.140000000000001,0.43100000000000005
ME,2026-08-11 00:00:00+05:30,11.96,38.4,83.0,0.758,215.0,17.91,2.41,7.164999999999999,0.517
ME,2026-08-12 00:00:00+05:30,12.649999999999999,32.65,82.45,1.0325,217.0,16.115000000000002,2.52,5.175000000000001,0.483
ME,2026-08-13 00:00:00+05:30,14.29,29.099999999999998,84.6,1.0255,213.0,11.76,2.33,8.8,0.665
ME,2026-08-14 00:00:00+05:30,14.875,29.75,81.9,1.177,223.0,10.3,2.04,2.3155,0.5755
ME,2026-08-15 00:00:00+05:30,13.9,30.15,85.15,0.9504999999999999,199.0,10.42,2.27,5.515000000000001,0.649
ME,2026-08-16 00:00:00+05:30,12.215,29.3,82.25,1.51,216.5,8.365,3.22,2.57,0.5605
ME,2026-08-17 00:00:00+05:30,15.29,28.35,83.44999999999999,0.978,224.5,7.755000000000001,3.26,4.005,0.6455
ME,2026-08-18 00:00:00+05:30,14.25,26.85,82.95,1.248,247.0,7.8,1.94,3.8400000000000003,0.5195000000000001
ME,2026-08-19 00:00:00+05:30,11.925,19.35,80.0,1.2485,229.5,8.379999999999999,6.82,4.1,0.498
ME,2026-08-20 00:00:00+05:30,11.684999999999999,32.7,78.4,0.9075,256.0,9.57,11.6,1.255,0.5894999999999999
ME,2026-08-21 00:00:00+05:30,12.055,33.65,76.80000000000001,1.09,243.5,8.59,12.8,4.835,0.5415
ME,2026-08-22 00:00:00+05:30,13.2,31.75,79.15,1.0605,231.5,7.97,12.1,3.29,0.5875
ME,2026-08-23 00:00:00+05:30,11.26,30.75,77.7,1.1925,227.0,7.755000000000001,11.9,1.79,0.5875
ME,2026-08-24 00:00:00+05:30,13.009999999999998,31.9,78.95,1.0735000000000001,214.5,7.955,11.5,2.04,0.5935
ME,2026-08-25 00:00:00+05:30,16.1,30.450000000000003,77.15,1.0265,226.5,9.05,11.9,3.14,0.5685
ME,2026-08-26 00:00:00+05:30,15.55,33.400000000000006,75.05000000000001,1.184,233.0,8.219999999999999,11.9,2.6500000000000004,0.5545
ME,2026-08-27 00:00:00+05:30,12.600000000000001,33.1,71.15,1.259,236.0,7.275,11.7,2.02,0.5475
ME,2026-08-28 00:00:00+05:30,12.68,33.9,70.65,0.595,218.5,7.46,24.599999999999998,1.405,0.415
ME,2026-08-29 00:00:00+05:30,8.955,33.7,70.65,0.5205,218.5,7.865,10.309999999999999,1.168,0.16485
ME,2026-08-30 00:00:00+05:30,12.7,38.2,68.5,2.2,264.0,6.55,13.5,6.35,0.371
ME,2026-08-31 00:00:00+05:30,9.98,33.4,75.3,1.0775000000000001,249.0,8.945,14.3,2.41,0.268
ME,2026-09-01 00:00:00+05:30,11.305,32.349999999999994,78.45,1.199,226.0,8.165,12.85,1.5949999999999998,0.366
ME,2026-09-02 00:00:00+05:30,11.86,28.8,82.8,1.1675,214.5,7.4799999999999995,12.5,9.06,0.4295
ME,2026-09-03 00:00:00+05:30,14.11,26.1,87.85,1.055,208.0,9.115,10.8,7.210000000000001,0.4355
ME,2026-09-04 00:00:00+05:30,13.809999999999999,27.95,81.4,1.1804999999999999,216.0,8.684999999999999,12.0,4.135,0.4265
ME,2026-09-05 00:00:00+05:30,11.940000000000001,26.6,71.7,1.1560000000000001,205.0,8.155,9.965,2.415,0.4335
ME,2026-09-06 00:00:00+05:30,12.45,26.0,71.05,1.0345,208.5,7.734999999999999,12.149999999999999,4.0,0.4645
ME,2026-09-07 00:00:00+05:30,14.049999999999999,27.65,69.55,1.336,200.0,8.120000000000001,13.3,3.4099999999999997,0.4415
ME,2026-09-08 00:00:00+05:30,11.145,33.4,68.6,1.2965,214.0,7.154999999999999,10.275,3.63,0.3435
ME,2026-09-09 00:00:00+05:30,11.295,40.25,74.35,1.1225,203.5,7.135,8.45,3.14,0.3155
ME,2026-09-10 00:00:00+05:30,10.325,27.0,81.75,0.955,184.5,7.275,8.205,4.245,0.40900000000000003
ME,2026-09-11 00:00:00+05:30,15.3,26.950000000000003,86.75,1.0539999999999998,199.0,8.145,7.83,1.1705,0.44999999999999996
ME,2026-09-12 00:00:00+05:30,11.635,29.1,85.0,1.055,217.0,8.055,7.915,3.3049999999999997,0.427
ME,2026-09-13 00:00:00+05:30,13.665000000000001,27.0,91.8,0.6375,186.5,10.5,6.779999999999999,3.465,0.501
ME,2026-09-14 00:00:00+05:30,13.235,28.0,87.3,0.9025000000000001,191.0,10.24,8.26,1.48,0.5305
ME,2026-09-15 00:00:00+05:30,24.4,29.3,88.4,1.82,259.0,10.2,11.0,3.74,0.696
ME,2026-09-16 00:00:00+05:30,13.6,30.7,79.6,1.194,210.0,10.684999999999999,8.23,10.085,0.5734999999999999
ME,2026-09-17 00:00:00+05:30,17.65,31.0,80.25,1.1135,213.5,9.584999999999999,9.225,8.75,0.5335
N,2025-10-11 00:00:00+05:30,63.9,33.4,79.1,1.28,232.00000000000003,34.3,2.96,5.19,0.287
N,2025-10-12 00:00:00+05:30,61.6,33.3,78.4,1.36,219.00000000000003,29.5,3.01,5.5,0.243
N,2025-10-13 00:00:00+05:30,58.4,33.5,77.0,1.29,223.0,30.5,3.0,5.6,
N,2025-10-14 00:00:00+05:30,56.2,33.6,76.4,1.47,232.00000000000003,36.1,3.04,5.37,0.239
N,2025-10-15 00:00:00+05:30,56.5,33.5,82.6,1.36,234.99999999999997,40.8,2.95,6.3,
N,2025-10-16 00:00:00+05:30,37.4,34.7,83.9,1.35,234.99999999999997,31.0,3.08,4.52,
N,2025-10-17 00:00:00+05:30,28.7,35.6,82.0,1.43,241.0,30.2,2.93,3.98,
N,2025-10-18 00:00:00+05:30,50.7,35.0,80.4,1.31,232.00000000000003,35.1,3.1,5.74,0.254
N,2025-10-19 00:00:00+05:30,69.0,35.1,79.4,1.33,233.0,32.0,3.06,9.78,0.364
N,2025-10-20 00:00:00+05:30,84.2,34.0,84.9,1.39,249.0,29.1,12.6,7.97,0.342
N,2025-10-21 00:00:00+05:30,76.8,34.0,81.4,1.56,228.0,18.1,,6.77,
N,2025-10-22 00:00:00+05:30,37.1,34.6,84.1,1.3,216.0,19.4,42.2,4.11,0.408
N,2025-10-23 00:00:00+05:30,32.7,36.1,82.1,1.37,218.0,19.6,29.4,4.33,0.341
N,2025-10-24 00:00:00+05:30,13.1,35.3,87.0,1.38,237.0,18.6,22.6,4.14,0.292
N,2025-10-25 00:00:00+05:30,8.27,34.2,90.4,1.34,185.0,21.9,15.3,5.29,0.348
N,2025-10-26 00:00:00+05:30,8.47,32.3,95.9,1.52,254.0,23.3,9.58,4.26,0.344
N,2025-10-27 00:00:00+05:30,5.6,33.3,92.8,1.36,140.0,17.8,22.2,3.22,0.368
N,2025-10-28 00:00:00+05:30,13.5,33.1,91.4,1.29,175.0,16.4,23.1,4.31,0.304
N,2025-10-29 00:00:00+05:30,20.9,34.4,87.3,1.27,151.0,17.4,29.3,5.0,0.351
N,2025-10-30 00:00:00+05:30,14.2,32.0,94.8,1.35,114.0,16.9,32.5,2.98,0.244
N,2025-10-31 00:00:00+05:30,12.4,31.9,97.6,1.51,136.0,13.3,24.0,2.62,0.259
N,2025-11-01 00:00:00+05:30,10.7,33.6,96.9,1.25,90.1,13.9,24.2,2.34,0.312
N,2025-11-02 00:00:00+05:30,9.72,32.4,98.0,1.33,104.0,18.8,17.8,2.69,0.397
N,2025-11-03 00:00:00+05:30,10.2,33.7,92.3,1.13,181.0,21.4,19.1,2.8,0.386
N,2025-11-04 00:00:00+05:30,14.9,33.7,94.6,1.28,196.0,25.5,27.2,2.24,0.349
N,2025-11-05 00:00:00+05:30,25.1,32.3,86.2,1.25,241.0,26.2,26.7,4.04,0.355
N,2025-11-06 00:00:00+05:30,38.2,32.1,88.9,1.32,231.0,29.9,39.5,4.38,0.387
N,2025-11-07 00:00:00+05:30,55.5,33.0,80.8,1.37,238.0,40.0,47.1,7.71,0.553
N,2025-11-08 00:00:00+05:30,36.8,32.4,72.0,,,25.2,43.1,6.46,0.379
N,2025-11-09 00:00:00+05:30,35.3,30.8,71.1,1.18,231.0,34.0,34.0,6.13,0.492
N,2025-11-10 00:00:00+05:30,47.6,27.8,88.8,1.14,226.0,41.1,17.0,6.09,0.632
N,2025-11-11 00:00:00+05:30,50.0,30.3,78.2,1.3,234.99999999999997,40.7,53.5,5.89,0.474
N,2025-11-12 00:00:00+05:30,62.2,29.8,75.0,1.36,248.0,37.6,49.3,5.58,0.457
N,2025-11-13 00:00:00+05:30,66.0,30.0,71.9,1.29,215.0,44.2,47.7,5.54,0.606
N,2025-11-14 00:00:00+05:30,62.9,29.9,72.6,1.3,234.0,32.7,37.0,11.0,0.785
N,2025-11-15 00:00:00+05:30,65.2,29.2,69.0,1.24,230.0,35.6,,5.63,0.518
N,2025-11-16 00:00:00+05:30,66.9,29.0,68.9,1.24,225.0,34.6,43.7,6.35,0.648
N,2025-11-17 00:00:00+05:30,64.8,28.9,67.4,1.11,215.0,36.6,51.5,5.79,0.629
N,2025-11-18 00:00:00+05:30,75.8,25.6,80.5,1.18,211.0,45.8,21.6,7.01,0.897
N,2025-11-19 00:00:00+05:30,75.6,28.2,70.5,1.29,214.0,44.3,46.5,6.31,0.748
N,2025-11-20 00:00:00+05:30,75.4,28.8,71.3,1.51,231.0,44.9,46.7,7.6,0.698
N,2025-11-21 00:00:00+05:30,63.6,29.6,74.2,1.32,202.0,52.9,44.4,6.82,0.827
N,2025-11-22 00:00:00+05:30,56.6,31.2,74.9,1.16,198.0,55.9,41.3,5.54,0.707
N,2025-11-23 00:00:00+05:30,56.8,31.3,81.0,1.14,215.0,46.1,47.5,4.91,0.892
N,2025-11-24 00:00:00+05:30,57.2,32.4,79.1,1.18,221.0,45.8,44.1,3.13,0.931
N,2025-11-25 00:00:00+05:30,60.4,32.5,81.0,1.16,209.0,45.0,55.3,4.67,0.781
N,2025-11-26 00:00:00+05:30,60.7,32.3,80.5,1.18,196.0,40.8,51.7,3.74,0.745
N,2025-11-27 00:00:00+05:30,59.7,32.0,74.4,1.39,219.00000000000003,48.9,56.4,3.09,0.762
N,2025-11-28 00:00:00+05:30,61.2,31.2,76.4,1.33,223.0,43.0,42.2,4.46,0.71
N,2025-11-29 00:00:00+05:30,47.2,29.8,71.4,1.28,243.0,34.7,34.7,2.35,0.554
N,2025-11-30 00:00:00+05:30,47.4,28.2,68.3,1.2,226.0,40.8,45.0,5.05,0.61
N,2025-12-01 00:00:00+05:30,60.1,28.3,70.7,1.34,241.0,46.3,43.9,4.67,0.735
N,2025-12-02 00:00:00+05:30,55.9,28.8,71.6,1.31,222.0,43.6,46.7,4.57,0.613
N,2025-12-03 00:00:00+05:30,61.1,29.0,72.8,1.21,213.0,39.7,45.8,3.86,0.701
N,2025-12-04 00:00:00+05:30,64.6,29.2,74.7,1.42,219.00000000000003,49.1,35.4,3.3,0.709
N,2025-12-05 00:00:00+05:30,55.9,30.9,72.2,1.4,231.0,40.5,48.1,1.38,0.425
N,2025-12-06 00:00:00+05:30,46.0,30.9,67.9,1.51,252.0,38.5,58.6,1.99,0.576
N,2025-12-07 00:00:00+05:30,52.0,30.8,67.4,1.27,226.0,46.6,68.3,2.38,0.603
N,2025-12-08 00:00:00+05:30,50.3,29.7,70.2,1.24,233.0,51.4,46.4,2.71,0.598
N,2025-12-09 00:00:00+05:30,35.4,28.5,64.6,1.05,209.0,47.2,36.4,3.27,0.569
N,2025-12-10 00:00:00+05:30,40.7,28.5,59.2,1.26,179.0,44.1,35.9,2.81,0.417
N,2025-12-11 00:00:00+05:30,35.1,20.4,96.4,0.965,215.0,36.2,3.93,2.28,0.332
N,2025-12-12 00:00:00+05:30,49.5,20.9,97.9,1.11,189.0,35.6,7.9,0.506,0.29
N,2025-12-13 00:00:00+05:30,35.5,31.7,49.4,1.2,220.0,51.5,60.8,5.8,0.591
N,2025-12-14 00:00:00+05:30,49.7,28.1,66.9,1.16,196.0,52.8,58.8,3.56,0.481
N,2025-12-15 00:00:00+05:30,35.8,27.9,66.3,1.01,218.0,42.8,41.3,2.46,0.538
N,2025-12-16 00:00:00+05:30,37.7,28.1,65.9,1.18,184.0,48.9,48.9,4.68,0.412
N,2025-12-17 00:00:00+05:30,43.7,29.0,67.6,1.09,192.0,58.4,54.7,5.06,0.665
N,2025-12-18 00:00:00+05:30,45.0,29.2,67.2,1.1,217.0,56.6,34.2,3.84,0.569
N,2025-12-19 00:00:00+05:30,42.3,28.0,65.1,1.18,204.0,53.8,37.1,4.26,0.519
N,2025-12-20 00:00:00+05:30,30.8,27.5,62.0,1.24,216.0,43.7,22.4,4.37,0.373
N,2025-12-21 00:00:00+05:30,28.8,27.4,60.4,0.948,192.0,49.1,22.4,6.38,0.664
N,2025-12-22 00:00:00+05:30,41.5,27.4,63.8,1.08,200.0,49.4,27.6,8.47,0.691
N,2025-12-23 00:00:00+05:30,36.0,28.5,61.6,1.2,199.0,46.2,29.3,4.84,0.568
N,2025-12-24 00:00:00+05:30,26.0,28.0,63.1,1.06,194.0,44.4,26.0,4.21,0.616
N,2025-12-25 00:00:00+05:30,34.0,,87.2,0.566,100.0,50.2,29.2,4.89,0.532
N,2025-12-26 00:00:00+05:30,45.1,,,0.0,0.0,51.5,42.1,5.91,0.684
N,2025-12-27 00:00:00+05:30,45.8,,,0.553,98.9,54.6,30.1,4.12,0.727
N,2025-12-28 00:00:00+05:30,48.5,27.5,,1.0,220.0,48.8,40.6,3.62,0.657
N,2025-12-29 00:00:00+05:30,50.4,27.9,66.6,1.08,215.0,59.4,34.9,4.88,0.678
N,2025-12-30 00:00:00+05:30,50.7,27.4,72.0,1.07,199.0,54.7,20.0,4.37,0.681
N,2025-12-31 00:00:00+05:30,48.2,27.8,76.0,1.27,217.0,47.9,8.4,3.58,0.669
N,2026-01-01 00:00:00+05:30,26.1,28.6,82.9,1.23,216.0,33.9,3.61,1.46,0.492
N,2026-01-02 00:00:00+05:30,36.9,28.5,84.9,1.21,223.0,39.4,11.9,5.82,0.712
N,2026-01-03 00:00:00+05:30,46.1,29.0,80.0,1.1,237.0,44.7,13.8,2.52,0.476
N,2026-01-04 00:00:00+05:30,57.4,29.7,81.3,1.14,216.0,41.9,14.2,4.53,0.657
N,2026-01-05 00:00:00+05:30,50.7,29.9,76.5,1.11,200.0,43.3,17.9,4.07,0.672
N,2026-01-06 00:00:00+05:30,51.3,29.9,73.4,1.19,198.0,43.8,17.9,6.58,0.76
N,2026-01-07 00:00:00+05:30,51.0,29.1,71.3,1.13,226.0,48.1,23.2,4.06,0.665
N,2026-01-08 00:00:00+05:30,44.0,28.0,66.3,1.07,208.0,47.0,16.6,2.04,0.564
N,2026-01-09 00:00:00+05:30,46.7,27.4,68.6,1.1,195.0,50.6,20.5,3.8,0.62
N,2026-01-10 00:00:00+05:30,46.7,27.7,67.7,1.26,201.0,32.0,27.0,3.17,0.716
N,2026-01-20 00:00:00+05:30,55.6,26.5,79.3,1.02,249.0,72.7,7.67,2.59,0.831
N,2026-01-21 00:00:00+05:30,62.8,29.0,71.3,1.06,211.0,56.1,19.8,2.25,0.502
N,2026-01-22 00:00:00+05:30,67.4,29.1,73.3,1.09,212.0,52.3,20.3,1.91,0.495
N,2026-01-23 00:00:00+05:30,58.2,28.7,81.9,1.18,219.00000000000003,48.9,14.0,1.77,0.414
N,2026-01-24 00:00:00+05:30,42.8,28.0,73.7,1.13,230.0,43.0,19.3,2.58,0.262
N,2026-01-25 00:00:00+05:30,59.5,28.7,74.9,1.17,231.0,54.0,20.9,3.68,0.554
N,2026-01-26 00:00:00+05:30,72.5,29.9,75.2,,,48.1,26.0,2.46,0.441
N,2026-01-27 00:00:00+05:30,42.6,29.4,79.2,1.31,229.0,39.6,24.3,1.64,0.124
N,2026-01-28 00:00:00+05:30,37.2,28.4,69.3,1.16,239.0,48.7,22.3,0.286,0.332
N,2026-01-29 00:00:00+05:30,55.7,29.4,67.4,1.0,210.0,65.5,22.3,2.63,0.479
N,2026-01-30 00:00:00+05:30,63.8,30.6,80.9,1.33,213.0,54.7,21.8,1.7,0.38
N,2026-01-31 00:00:00+05:30,58.0,30.4,85.0,1.16,228.0,43.6,17.3,1.61,0.477
N,2026-02-01 00:00:00+05:30,70.2,31.0,75.1,1.09,226.0,48.6,25.6,1.95,0.516
N,2026-02-02 00:00:00+05:30,78.7,31.0,69.4,1.29,232.00000000000003,48.0,21.8,2.49,0.499
N,2026-02-03 00:00:00+05:30,83.7,30.1,74.8,1.19,249.0,49.0,15.1,1.98,0.574
N,2026-02-04 00:00:00+05:30,66.5,33.9,51.1,1.28,194.0,49.9,36.9,0.432,0.237
N,2026-02-05 00:00:00+05:30,56.2,32.3,57.2,1.25,215.0,50.2,20.2,1.73,0.38
N,2026-02-06 00:00:00+05:30,63.2,31.4,57.3,1.14,236.0,44.2,20.0,1.06,0.409
N,2026-02-07 00:00:00+05:30,58.8,30.8,56.5,1.15,213.0,47.8,24.1,1.07,0.427
N,2026-02-08 00:00:00+05:30,49.9,27.0,67.8,1.13,237.0,14.0,5.77,0.833,0.463
N,2026-02-09 00:00:00+05:30,50.5,30.4,64.0,1.32,224.0,24.7,25.1,0.709,0.606
N,2026-02-10 00:00:00+05:30,57.0,30.2,64.8,1.19,215.0,64.6,25.4,1.86,0.553
N,2026-02-11 00:00:00+05:30,62.9,30.8,63.7,1.23,223.0,58.7,27.8,0.7,0.52
N,2026-02-12 00:00:00+05:30,57.9,31.3,66.7,1.15,213.0,54.5,26.4,0.664,0.322
N,2026-02-13 00:00:00+05:30,63.0,30.7,66.9,1.21,218.0,61.2,26.7,2.93,0.572
N,2026-02-14 00:00:00+05:30,65.9,31.4,64.6,1.23,224.0,58.2,30.1,1.03,0.635
N,2026-02-15 00:00:00+05:30,64.0,31.8,62.3,1.22,234.99999999999997,53.2,23.9,0.857,0.444
N,2026-02-16 00:00:00+05:30,62.2,25.7,74.7,0.757,199.0,53.6,3.05,2.72,0.721
N,2026-02-17 00:00:00+05:30,38.8,34.2,52.1,1.58,204.0,46.1,49.0,0.214,0.245
N,2026-02-18 00:00:00+05:30,27.5,31.8,69.7,1.31,218.0,41.2,25.5,1.27,0.256
N,2026-02-19 00:00:00+05:30,50.1,32.2,67.4,1.45,221.0,56.1,34.0,2.03,0.68
N,2026-02-20 00:00:00+05:30,69.8,31.7,77.1,1.2,216.0,54.6,23.6,1.62,0.704
N,2026-02-21 00:00:00+05:30,74.7,33.1,65.0,1.22,223.0,52.5,28.0,3.44,0.602
N,2026-02-22 00:00:00+05:30,63.9,32.2,65.9,1.06,232.00000000000003,39.3,24.6,0.312,0.428
N,2026-02-23 00:00:00+05:30,52.0,31.8,63.7,1.19,229.0,49.4,27.1,1.9,0.493
N,2026-02-24 00:00:00+05:30,51.0,31.7,70.8,1.16,227.0,50.1,19.6,2.26,0.629
N,2026-02-25 00:00:00+05:30,41.1,30.9,74.8,1.31,227.0,45.9,13.8,0.89,0.407
N,2026-02-26 00:00:00+05:30,23.2,30.4,76.7,1.24,217.0,30.6,9.89,0.512,0.304
N,2026-02-27 00:00:00+05:30,21.2,30.1,71.9,1.34,225.0,30.9,10.7,1.26,0.265
N,2026-02-28 00:00:00+05:30,19.8,29.8,69.1,1.39,239.99999999999997,31.6,23.0,1.95,0.403
N,2026-03-01 00:00:00+05:30,31.8,30.2,71.3,1.38,241.0,33.1,34.7,1.53,0.396
N,2026-03-02 00:00:00+05:30,34.2,30.8,75.0,1.4,219.00000000000003,38.0,33.1,1.64,0.43
N,2026-03-03 00:00:00+05:30,96.0,32.6,67.0,1.25,214.0,41.2,47.6,1.62,1.36
N,2026-03-04 00:00:00+05:30,54.9,35.1,51.3,1.27,210.0,36.5,45.1,1.94,0.547
N,2026-03-05 00:00:00+05:30,40.0,34.4,42.2,1.35,225.0,36.7,45.3,4.64,0.438
N,2026-03-06 00:00:00+05:30,32.9,33.6,45.5,1.27,216.0,31.5,36.8,5.71,0.489
N,2026-03-07 00:00:00+05:30,38.3,32.1,70.2,1.31,212.0,27.8,29.2,0.717,0.361
N,2026-03-08 00:00:00+05:30,63.9,34.5,55.8,1.27,218.0,28.1,56.4,1.26,0.512
N,2026-03-09 00:00:00+05:30,58.3,34.9,45.3,1.3,224.0,28.3,47.6,0.685,0.493
N,2026-03-10 00:00:00+05:30,66.6,36.7,37.8,1.26,184.0,50.4,81.2,1.5,0.755
N,2026-03-11 00:00:00+05:30,70.7,28.5,80.1,1.26,249.0,39.9,5.95,2.53,0.682
N,2026-03-12 00:00:00+05:30,59.9,36.4,69.8,1.32,204.0,28.9,41.1,1.58,0.422
N,2026-03-13 00:00:00+05:30,56.2,34.6,60.3,1.17,207.0,23.9,42.2,0.967,0.303
N,2026-03-14 00:00:00+05:30,48.5,33.7,55.0,1.01,192.0,24.5,25.5,1.24,0.561
N,2026-03-15 00:00:00+05:30,31.6,32.3,72.4,1.23,194.0,15.3,20.1,0.373,0.0909
N,2026-03-16 00:00:00+05:30,25.1,32.4,74.3,1.28,201.0,14.5,18.3,1.44,0.0731
N,2026-03-17 00:00:00+05:30,30.1,31.9,72.0,1.27,214.0,18.6,23.9,0.657,0.134
N,2026-03-18 00:00:00+05:30,30.4,31.6,68.5,1.25,211.0,21.0,23.4,1.54,0.163
N,2026-03-19 00:00:00+05:30,23.0,31.8,70.6,1.34,221.0,14.0,21.5,1.2,0.11
N,2026-03-20 00:00:00+05:30,26.2,31.7,66.1,1.19,214.0,18.5,26.3,1.22,0.225
N,2026-03-21 00:00:00+05:30,32.5,34.9,47.2,1.52,233.0,13.3,58.4,1.35,0.121
N,2026-03-22 00:00:00+05:30,43.0,33.4,51.1,1.32,221.0,18.3,50.5,1.66,0.297
N,2026-03-23 00:00:00+05:30,49.8,33.9,49.3,1.25,202.0,22.9,45.5,1.42,0.283
N,2026-03-24 00:00:00+05:30,43.6,35.4,48.0,1.3,219.00000000000003,19.5,36.0,0.982,0.151
N,2026-03-25 00:00:00+05:30,35.4,35.0,57.6,1.28,210.0,19.6,33.7,0.369,0.0798
N,2026-03-26 00:00:00+05:30,37.9,36.1,56.0,1.28,215.0,19.6,43.3,1.65,0.189
N,2026-03-27 00:00:00+05:30,38.1,38.5,43.6,1.47,201.0,30.5,53.0,2.8,3.06
N,2026-03-28 00:00:00+05:30,21.5,34.2,73.3,1.27,187.0,10.2,21.6,0.999,
N,2026-03-29 00:00:00+05:30,10.2,33.4,75.5,1.39,210.0,,12.2,0.511,
N,2026-03-30 00:00:00+05:30,11.3,34.2,74.6,1.37,231.0,,19.1,0.312,0.247
N,2026-03-31 00:00:00+05:30,6.27,34.4,69.7,1.45,225.0,8.04,15.4,0.376,0.216
N,2026-04-01 00:00:00+05:30,12.3,33.3,72.4,1.38,230.0,11.8,20.8,1.44,0.187
N,2026-04-02 00:00:00+05:30,11.9,32.8,70.1,1.44,228.0,13.5,29.8,0.121,0.222
N,2026-04-03 00:00:00+05:30,23.9,33.0,67.5,1.33,226.0,13.9,27.6,1.56,0.361
N,2026-04-04 00:00:00+05:30,16.6,33.4,69.4,1.4,221.0,7.02,24.2,7.15,0.525
N,2026-04-05 00:00:00+05:30,30.6,32.9,66.8,1.27,210.0,7.28,24.8,1.74,0.371
N,2026-04-06 00:00:00+05:30,29.2,32.0,68.1,1.32,208.0,8.88,24.1,1.94,0.368
N,2026-04-07 00:00:00+05:30,33.9,32.8,70.6,1.15,204.0,8.03,17.8,1.49,0.359
N,2026-04-08 00:00:00+05:30,33.7,34.2,70.6,1.26,204.0,5.08,10.6,2.84,0.355
N,2026-04-09 00:00:00+05:30,35.9,34.1,62.4,1.35,229.0,12.1,12.9,1.67,0.411
N,2026-04-10 00:00:00+05:30,57.6,33.8,57.3,1.21,207.0,17.0,27.0,2.59,0.521
N,2026-04-11 00:00:00+05:30,59.9,35.6,65.4,1.28,205.0,19.5,36.8,3.7,0.425
N,2026-04-12 00:00:00+05:30,59.3,34.9,72.1,1.32,215.0,17.6,27.4,1.79,0.516
N,2026-04-13 00:00:00+05:30,49.6,34.6,77.8,1.21,191.0,8.57,18.2,1.53,0.376
N,2026-04-14 00:00:00+05:30,57.1,35.1,72.5,1.52,219.00000000000003,12.3,24.4,1.16,0.476
N,2026-04-15 00:00:00+05:30,38.3,35.1,68.0,1.36,218.0,10.6,19.2,0.671,0.358
N,2026-04-16 00:00:00+05:30,37.3,32.9,77.1,1.18,217.0,7.99,15.5,1.88,0.312
N,2026-04-17 00:00:00+05:30,40.8,33.8,75.5,1.25,215.0,10.9,18.2,1.6,0.41
N,2026-04-18 00:00:00+05:30,42.8,35.4,71.2,1.29,206.0,14.3,26.0,1.97,0.449
N,2026-04-19 00:00:00+05:30,46.2,35.6,61.1,1.27,214.0,14.2,21.4,3.06,
N,2026-04-20 00:00:00+05:30,39.9,34.5,73.3,1.22,207.0,11.9,18.9,3.32,
N,2026-04-21 00:00:00+05:30,48.1,35.5,68.3,1.3,195.0,14.2,28.5,3.12,
N,2026-04-22 00:00:00+05:30,47.6,34.9,67.3,1.32,208.0,13.4,21.2,1.81,0.232
N,2026-04-23 00:00:00+05:30,46.8,35.6,59.9,1.34,215.0,13.3,33.0,2.28,
N,2026-04-24 00:00:00+05:30,45.2,36.9,63.8,1.39,214.0,17.6,28.7,2.51,
N,2026-04-25 00:00:00+05:30,50.5,36.8,61.3,1.18,183.0,21.1,30.3,4.07,
N,2026-04-26 00:00:00+05:30,47.9,36.2,70.8,1.21,189.0,9.08,16.9,6.46,0.177
N,2026-04-27 00:00:00+05:30,36.7,35.5,76.5,1.04,168.0,5.81,15.0,1.44,
N,2026-04-28 00:00:00+05:30,40.8,35.2,77.5,1.33,187.0,5.71,14.4,2.56,0.191
N,2026-04-29 00:00:00+05:30,35.1,35.3,75.8,1.38,178.0,4.89,15.9,2.75,0.198
N,2026-04-30 00:00:00+05:30,34.3,35.4,75.6,0.959,176.0,5.53,13.5,4.71,0.248
N,2026-05-01 00:00:00+05:30,32.3,35.6,73.4,1.01,162.0,4.82,14.1,5.3,0.26
N,2026-05-02 00:00:00+05:30,34.9,35.7,73.4,1.03,149.0,4.68,13.5,4.24,0.231
N,2026-05-03 00:00:00+05:30,34.2,35.9,73.1,0.989,148.0,4.17,16.0,3.29,0.279
N,2026-05-04 00:00:00+05:30,33.7,36.1,70.7,0.985,133.0,4.47,12.6,2.43,0.326
N,2026-05-05 00:00:00+05:30,29.4,36.3,69.7,1.36,146.0,4.22,22.5,9.89,0.284
N,2026-05-06 00:00:00+05:30,34.2,38.2,60.4,1.82,208.0,7.18,28.6,0.859,0.534
N,2026-05-07 00:00:00+05:30,33.0,36.3,72.0,1.37,239.99999999999997,6.54,27.1,2.78,0.44
N,2026-05-08 00:00:00+05:30,34.8,37.1,67.5,1.4,218.0,14.2,23.1,3.37,0.581
N,2026-05-09 00:00:00+05:30,35.3,37.2,68.0,1.19,199.0,20.5,16.1,3.25,0.478
N,2026-05-10 00:00:00+05:30,44.5,36.7,67.2,1.4,229.0,24.2,19.3,2.55,0.707
N,2026-05-11 00:00:00+05:30,32.1,37.3,65.4,1.14,196.0,14.5,13.2,3.3,0.473
N,2026-05-12 00:00:00+05:30,28.4,36.3,72.4,1.36,210.0,13.8,5.32,1.44,0.454
N,2026-05-13 00:00:00+05:30,23.6,36.3,74.8,1.15,205.0,4.67,16.2,4.24,0.432
N,2026-05-14 00:00:00+05:30,22.8,36.3,73.8,1.32,204.0,3.28,32.3,4.53,0.46
N,2026-05-15 00:00:00+05:30,23.2,36.3,72.5,1.44,211.0,3.33,36.8,2.72,0.476
N,2026-05-16 00:00:00+05:30,20.5,36.1,73.1,1.69,233.0,4.17,36.3,2.89,0.437
N,2026-05-17 00:00:00+05:30,20.3,36.3,73.6,1.54,219.00000000000003,1.62,39.2,0.985,0.444
N,2026-05-18 00:00:00+05:30,23.0,36.1,76.2,1.39,213.0,6.27,37.2,1.75,0.519
N,2026-05-19 00:00:00+05:30,22.1,35.5,74.0,1.23,208.0,5.11,35.5,2.27,0.388
N,2026-05-20 00:00:00+05:30,20.4,35.9,71.5,1.23,187.0,1.36,33.2,3.03,0.407
N,2026-05-21 00:00:00+05:30,17.6,36.5,69.8,1.4,204.0,0.783,32.9,2.63,0.426
N,2026-05-22 00:00:00+05:30,18.9,36.8,73.0,1.17,182.0,6.56,32.7,1.86,0.468
N,2026-05-23 00:00:00+05:30,20.3,37.0,73.8,1.27,179.0,1.94,32.9,2.43,0.466
N,2026-05-24 00:00:00+05:30,16.9,37.5,70.8,1.36,204.0,2.28,38.8,2.68,0.439
N,2026-05-25 00:00:00+05:30,16.0,37.1,72.1,1.52,212.0,10.6,44.9,2.75,0.461
N,2026-05-26 00:00:00+05:30,16.3,37.0,71.3,1.38,202.0,7.37,40.8,3.22,0.432
N,2026-05-27 00:00:00+05:30,17.5,36.7,69.0,1.47,206.0,6.02,40.3,2.25,0.457
N,2026-05-28 00:00:00+05:30,18.4,37.2,65.6,1.44,206.0,4.04,39.9,4.56,0.471
N,2026-05-29 00:00:00+05:30,20.6,37.1,66.5,1.24,204.0,,36.7,2.46,0.408
N,2026-05-30 00:00:00+05:30,21.2,37.7,67.1,1.39,204.0,,36.8,1.71,0.459
N,2026-05-31 00:00:00+05:30,21.4,36.9,71.3,1.36,187.0,18.3,35.4,3.13,0.501
N,2026-06-01 00:00:00+05:30,19.0,37.1,68.6,1.33,189.0,23.4,35.0,1.96,0.42
N,2026-06-02 00:00:00+05:30,22.4,36.8,69.9,1.12,197.0,28.7,34.9,2.07,0.48
N,2026-06-03 00:00:00+05:30,27.0,35.8,70.2,1.1,182.0,13.1,36.7,4.02,0.617
N,2026-06-04 00:00:00+05:30,23.6,36.8,69.2,1.13,165.0,18.5,34.7,3.57,0.438
N,2026-06-05 00:00:00+05:30,23.7,37.2,71.9,1.35,201.0,22.7,33.7,1.88,0.47
N,2026-06-06 00:00:00+05:30,20.2,37.7,67.6,1.44,209.0,24.7,32.0,1.5,0.483
N,2026-06-07 00:00:00+05:30,22.2,37.7,68.4,1.52,205.0,,33.1,2.23,0.436
N,2026-06-08 00:00:00+05:30,22.9,37.6,68.1,1.52,202.0,,33.8,4.3,0.469
N,2026-06-09 00:00:00+05:30,,37.4,69.9,1.65,203.0,,43.7,11.7,0.699
N,2026-06-10 00:00:00+05:30,43.1,35.4,69.6,1.48,199.0,25.9,22.6,2.01,0.448
N,2026-06-11 00:00:00+05:30,34.7,37.4,,1.37,202.0,12.5,24.5,0.679,0.479
N,2026-06-12 00:00:00+05:30,28.9,37.5,68.5,1.31,202.0,17.2,23.1,0.96,0.509
N,2026-06-13 00:00:00+05:30,37.7,37.3,68.0,1.65,202.0,15.2,23.9,0.503,0.431
N,2026-06-14 00:00:00+05:30,32.6,37.2,65.9,1.8,204.0,21.0,25.5,0.809,0.445
N,2026-06-15 00:00:00+05:30,26.7,37.2,65.7,1.67,203.0,18.9,22.8,0.387,0.408
N,2026-06-16 00:00:00+05:30,27.2,36.9,66.5,1.42,205.0,21.2,23.3,1.85,0.458
N,2026-06-17 00:00:00+05:30,31.9,36.6,66.0,1.43,202.0,29.6,21.3,1.61,0.438
N,2026-06-18 00:00:00+05:30,41.2,36.7,64.8,1.31,203.0,25.1,22.0,1.38,0.455
N,2026-06-19 00:00:00+05:30,30.2,36.4,64.8,1.08,193.0,55.3,20.8,1.3,0.452
N,2026-06-20 00:00:00+05:30,26.5,36.1,67.3,1.27,217.0,,20.8,1.03,0.475
N,2026-06-21 00:00:00+05:30,52.3,35.3,76.9,1.2,212.0,22.2,20.3,0.686,0.524
N,2026-06-22 00:00:00+05:30,,34.3,88.0,1.03,160.0,16.4,20.6,2.03,0.44
N,2026-06-23 00:00:00+05:30,,32.2,98.5,1.4,103.0,26.3,22.1,0.121,0.641
N,2026-06-25 00:00:00+05:30,16.6,32.8,99.2,0.649,250.0,21.6,24.7,0.592,0.602
N,2026-06-26 00:00:00+05:30,18.3,12.1,74.3,1.01,190.0,20.7,25.1,0.94,0.474
N,2026-06-27 00:00:00+05:30,21.9,,66.5,1.2,187.0,21.2,27.0,1.11,0.495
N,2026-06-28 00:00:00+05:30,51.5,,71.3,1.17,175.0,17.7,28.2,0.085,0.462
N,2026-06-29 00:00:00+05:30,18.4,0.7,71.6,1.26,155.0,17.8,26.8,2.97,0.449
N,2026-06-30 00:00:00+05:30,12.4,0.787,52.3,1.2,113.0,18.3,29.3,0.257,0.483
N,2026-07-01 00:00:00+05:30,4.61,16.6,36.4,1.04,158.0,10.9,35.4,0.387,0.503
N,2026-07-02 00:00:00+05:30,7.78,7.08,74.0,1.05,170.0,19.0,26.1,0.782,0.549
N,2026-07-03 00:00:00+05:30,9.65,7.33,94.5,1.17,185.0,14.1,24.1,0.692,0.537
N,2026-07-04 00:00:00+05:30,11.4,30.2,93.1,0.994,182.0,11.1,24.7,0.624,0.514
N,2026-07-05 00:00:00+05:30,10.1,30.3,90.6,1.35,187.0,6.3,26.3,0.136,0.424
N,2026-07-06 00:00:00+05:30,10.9,37.0,90.7,2.0,208.0,4.29,28.9,4.1,0.429
N,2026-07-07 00:00:00+05:30,8.45,32.9,97.2,1.69,207.0,1.99,30.0,0.954,0.388
N,2026-07-08 00:00:00+05:30,12.8,31.3,95.7,1.41,202.0,5.02,30.0,1.21,0.616
N,2026-07-09 00:00:00+05:30,12.3,29.8,98.6,0.985,211.0,3.57,30.0,1.15,0.454
N,2026-07-10 00:00:00+05:30,12.3,29.9,98.7,1.11,216.0,4.29,30.0,0.155,0.43
N,2026-07-11 00:00:00+05:30,12.7,30.2,98.9,1.17,208.0,12.4,30.0,1.2,0.384
N,2026-07-12 00:00:00+05:30,16.1,30.3,98.8,0.608,194.0,2.27,30.1,1.49,0.384
N,2026-07-13 00:00:00+05:30,24.3,30.4,91.2,0.672,208.0,3.18,30.0,0.264,0.438
N,2026-07-14 00:00:00+05:30,26.5,30.6,90.9,0.949,213.0,3.93,30.0,0.848,0.475
N,2026-07-15 00:00:00+05:30,18.0,30.8,99.0,0.91,213.0,9.54,30.0,0.725,0.452
N,2026-07-16 00:00:00+05:30,14.6,28.8,99.1,1.01,210.0,7.2,30.0,1.24,0.367
N,2026-07-17 00:00:00+05:30,13.0,28.2,99.2,1.13,212.0,10.5,30.0,0.366,0.494
N,2026-07-18 00:00:00+05:30,10.5,28.0,99.1,1.21,211.0,11.7,30.0,0.638,0.406
N,2026-07-19 00:00:00+05:30,7.98,28.0,99.2,1.07,194.0,6.81,30.0,0.271,0.441
N,2026-07-20 00:00:00+05:30,8.84,28.0,99.2,1.07,207.0,7.0,30.0,0.41,0.492
N,2026-07-21 00:00:00+05:30,7.38,27.9,99.3,0.997,216.0,6.85,30.0,1.86,0.473
N,2026-07-22 00:00:00+05:30,6.51,28.4,94.9,0.949,210.0,6.54,24.9,4.81,0.443
N,2026-07-23 00:00:00+05:30,7.98,28.2,99.2,0.754,205.0,6.74,12.3,2.42,0.467
N,2026-07-24 00:00:00+05:30,5.64,29.0,99.2,0.929,216.0,6.91,12.3,1.74,0.413
N,2026-07-25 00:00:00+05:30,7.3,28.4,99.2,1.08,217.0,3.91,11.0,1.09,0.392
N,2026-07-27 00:00:00+05:30,15.4,32.2,99.2,1.23,215.0,6.02,8.89,2.44,0.606
N,2026-07-28 00:00:00+05:30,15.4,32.6,99.1,1.23,209.0,4.6,8.13,0.437,0.384
N,2026-07-29 00:00:00+05:30,14.3,33.4,99.1,1.42,216.0,3.18,8.13,2.44,0.438
N,2026-07-30 00:00:00+05:30,14.5,33.8,99.2,1.6,217.0,3.44,7.89,1.34,0.451
N,2026-07-31 00:00:00+05:30,12.2,32.8,99.2,1.55,217.0,3.97,8.05,1.01,0.49
N,2026-08-01 00:00:00+05:30,14.7,32.4,99.1,1.3,216.0,4.16,8.44,0.726,0.365
N,2026-08-03 00:00:00+05:30,13.1,31.0,99.1,1.4,215.0,7.98,7.5,1.77,0.536
N,2026-08-04 00:00:00+05:30,15.8,30.9,99.1,1.39,214.0,5.8,8.12,2.23,0.55
N,2026-08-05 00:00:00+05:30,17.8,31.0,99.2,0.85,188.0,8.54,7.66,3.76,0.489
N,2026-08-06 00:00:00+05:30,13.9,30.4,99.2,1.29,210.0,6.91,8.5,1.01,0.429
N,2026-08-07 00:00:00+05:30,13.6,30.1,99.1,1.43,215.0,7.87,8.53,2.02,0.462
N,2026-08-08 00:00:00+05:30,11.1,29.8,99.1,1.37,215.0,5.88,7.58,2.77,0.458
N,2026-08-10 00:00:00+05:30,12.1,31.4,99.1,1.3,210.0,7.7,8.24,1.55,0.582
N,2026-08-11 00:00:00+05:30,9.89,30.5,99.1,1.08,209.0,7.87,6.97,4.36,0.471
N,2026-08-12 00:00:00+05:30,10.9,31.5,99.2,1.23,220.0,9.8,4.86,0.906,0.494
N,2026-08-13 00:00:00+05:30,14.1,31.0,99.2,0.916,202.0,6.38,4.83,1.77,0.535
N,2026-08-14 00:00:00+05:30,13.6,30.9,99.2,1.03,211.0,8.48,4.56,1.47,0.471
N,2026-08-15 00:00:00+05:30,13.9,30.6,99.2,1.03,163.0,81.8,4.49,0.743,0.494
N,2026-08-16 00:00:00+05:30,14.5,30.9,99.2,0.996,200.0,3.13,4.88,1.89,0.435
N,2026-08-17 00:00:00+05:30,10.4,32.8,99.3,0.956,225.0,7.52,4.81,4.16,0.539
N,2026-08-18 00:00:00+05:30,13.7,32.3,99.2,1.29,217.0,11.2,4.45,2.54,0.412
N,2026-08-19 00:00:00+05:30,14.3,34.1,99.2,1.35,216.0,8.59,5.06,2.09,0.426
N,2026-08-20 00:00:00+05:30,15.0,34.8,99.2,1.46,222.0,4.09,4.59,1.09,0.426
N,2026-08-21 00:00:00+05:30,12.4,33.9,99.1,1.45,222.0,4.14,4.33,0.145,0.36
N,2026-08-22 00:00:00+05:30,21.4,33.3,99.2,1.35,211.0,4.43,5.1,5.7,0.46
N,2026-08-23 00:00:00+05:30,17.2,33.1,99.2,1.08,220.0,4.22,4.63,1.49,0.416
N,2026-08-24 00:00:00+05:30,14.9,33.8,99.2,1.04,213.0,6.14,4.7,1.38,0.47
N,2026-08-25 00:00:00+05:30,18.4,32.5,99.2,1.28,220.0,7.0,4.89,0.967,
N,2026-08-26 00:00:00+05:30,15.0,32.0,99.2,1.36,219.00000000000003,5.24,4.75,1.68,
N,2026-08-27 00:00:00+05:30,13.6,31.7,99.2,1.34,218.0,2.78,4.94,1.53,0.365
N,2026-08-28 00:00:00+05:30,9.49,31.6,99.3,1.31,219.00000000000003,2.01,7.94,2.22,0.39
N,2026-08-29 00:00:00+05:30,6.11,31.6,99.2,1.36,223.0,1.49,4.31,2.38,0.361
N,2026-08-30 00:00:00+05:30,11.4,31.8,99.1,1.41,221.0,1.67,4.08,1.41,
N,2026-08-31 00:00:00+05:30,12.1,31.7,98.1,1.44,221.0,9.86,4.57,0.716,0.395
N,2026-09-01 00:00:00+05:30,12.4,31.3,99.1,1.23,220.0,4.06,4.89,2.05,0.416
N,2026-09-02 00:00:00+05:30,11.4,31.3,99.2,1.04,218.0,13.5,4.53,2.29,0.434
N,2026-09-03 00:00:00+05:30,13.6,31.3,99.2,1.25,211.0,13.5,4.51,3.37,0.489
N,2026-09-04 00:00:00+05:30,19.7,31.2,99.0,1.14,222.0,10.3,4.29,9.97,0.351
N,2026-09-05 00:00:00+05:30,20.6,31.0,99.2,1.2,223.0,2.23,3.68,1.43,0.419
N,2026-09-06 00:00:00+05:30,20.6,31.0,99.2,1.24,203.0,,3.61,2.0,0.494
N,2026-09-07 00:00:00+05:30,18.0,30.6,99.2,1.12,234.0,0.16,3.93,,0.43
N,2026-09-08 00:00:00+05:30,15.5,30.8,90.9,1.39,220.0,0.33,4.31,1.65,0.42
N,2026-09-09 00:00:00+05:30,17.8,32.3,91.3,1.31,221.0,7.84,3.47,0.276,0.432
N,2026-09-10 00:00:00+05:30,22.5,30.8,99.2,0.918,226.0,6.09,3.48,1.67,0.56
N,2026-09-11 00:00:00+05:30,29.4,30.3,98.9,1.21,208.0,16.9,3.46,1.96,0.599
N,2026-09-12 00:00:00+05:30,20.3,29.7,99.2,1.24,231.0,13.9,3.41,0.3,0.51
N,2026-09-13 00:00:00+05:30,21.1,29.5,99.2,0.953,162.0,10.5,3.53,2.08,0.489
N,2026-09-14 00:00:00+05:30,20.9,30.0,99.2,0.999,206.0,10.8,3.54,0.322,0.559
N,2026-09-15 00:00:00+05:30,29.4,30.7,99.3,1.13,90.7,19.0,3.45,1.89,0.535
N,2026-09-16 00:00:00+05:30,23.9,30.0,99.2,1.14,194.0,10.8,3.48,0.119,0.605
N,2026-09-17 00:00:00+05:30,26.4,30.0,98.7,1.1,189.0,7.09,3.42,0.304,0.469
PN,2025-10-11 00:00:00+05:30,53.4,29.0,62.3,0.589,144.0,14.4,25.1,12.0,0.802
PN,2025-10-12 00:00:00+05:30,53.8,29.0,60.5,0.671,137.0,14.5,25.0,12.0,0.8
PN,2025-10-13 00:00:00+05:30,56.1,29.1,63.2,0.804,156.0,13.5,23.3,11.2,0.748
PN,2025-10-14 00:00:00+05:30,69.7,29.2,61.4,0.765,142.0,19.8,31.5,10.5,0.855
PN,2025-10-15 00:00:00+05:30,71.1,29.2,,0.587,148.0,32.1,24.3,6.66,1.03
PN,2025-10-16 00:00:00+05:30,45.5,29.3,66.7,0.555,161.0,33.6,26.9,6.47,1.01
PN,2025-10-17 00:00:00+05:30,42.3,29.2,62.1,0.627,167.0,26.9,26.6,8.41,0.859
PN,2025-10-18 00:00:00+05:30,68.6,29.1,60.9,0.701,164.0,28.2,25.6,12.0,0.965
PN,2025-10-19 00:00:00+05:30,84.0,29.0,61.2,0.657,146.0,26.7,30.1,12.0,1.01
PN,2025-10-20 00:00:00+05:30,,29.0,65.3,0.532,150.0,34.5,26.7,12.0,1.21
PN,2025-10-21 00:00:00+05:30,104.0,29.0,56.7,0.697,152.0,21.2,26.2,12.1,0.778
PN,2025-10-22 00:00:00+05:30,82.7,29.0,65.4,0.583,177.0,21.5,23.9,12.0,0.863
PN,2025-10-23 00:00:00+05:30,,29.0,60.6,0.468,157.0,20.6,22.3,12.0,0.779
PN,2025-10-24 00:00:00+05:30,,29.0,67.1,0.537,153.0,18.2,23.3,11.9,0.771
PN,2025-10-25 00:00:00+05:30,,29.0,71.6,0.593,150.0,18.7,21.3,11.9,0.624
PN,2025-10-26 00:00:00+05:30,5.42,29.0,71.4,0.489,82.2,29.3,15.4,12.0,0.649
PN,2025-10-27 00:00:00+05:30,,29.0,76.2,0.533,161.0,19.5,21.7,9.54,0.645
PN,2025-10-28 00:00:00+05:30,,29.0,67.9,0.583,90.1,17.5,20.5,,0.756
PN,2025-10-29 00:00:00+05:30,13.4,29.0,65.3,0.524,159.0,16.9,22.9,12.0,0.869
PN,2025-10-30 00:00:00+05:30,7.21,29.0,73.2,0.436,133.0,22.7,20.2,12.0,0.771
PN,2025-10-31 00:00:00+05:30,20.8,29.0,77.2,0.518,93.3,23.0,18.1,12.0,0.902
PN,2025-11-01 00:00:00+05:30,25.1,29.0,78.1,0.541,125.0,17.4,24.9,12.0,0.735
PN,2025-11-02 00:00:00+05:30,21.8,29.0,83.8,0.423,120.0,22.3,23.5,12.0,0.865
PN,2025-11-03 00:00:00+05:30,18.0,29.0,76.4,0.576,166.0,17.9,23.8,12.0,0.798
PN,2025-11-04 00:00:00+05:30,17.6,29.0,71.1,0.713,186.0,16.1,19.9,11.9,0.783
PN,2025-11-05 00:00:00+05:30,24.0,29.0,67.3,0.765,143.0,16.9,12.5,12.0,0.748
PN,2025-11-06 00:00:00+05:30,47.8,29.0,68.6,0.725,147.0,17.8,23.1,12.0,0.775
PN,2025-11-07 00:00:00+05:30,45.6,29.0,62.4,0.759,132.0,29.2,20.3,12.0,0.937
PN,2025-11-08 00:00:00+05:30,28.6,29.0,52.6,0.597,136.0,27.7,16.3,12.0,0.93
PN,2025-11-09 00:00:00+05:30,37.0,29.0,50.2,0.675,137.0,26.8,14.9,12.0,0.818
PN,2025-11-10 00:00:00+05:30,56.8,29.0,59.6,0.511,133.0,54.5,4.66,12.0,1.44
PN,2025-11-11 00:00:00+05:30,35.8,29.0,,0.611,97.7,25.6,15.8,12.0,0.735
PN,2025-11-12 00:00:00+05:30,50.3,29.0,,0.696,112.0,37.3,33.5,12.0,0.973
PN,2025-11-13 00:00:00+05:30,54.4,29.0,,0.543,123.0,39.7,31.8,12.0,1.02
PN,2025-11-14 00:00:00+05:30,52.2,29.3,47.5,0.533,139.0,45.8,29.1,11.9,1.29
PN,2025-11-15 00:00:00+05:30,58.2,29.0,40.6,0.523,110.0,55.2,36.8,12.1,1.33
PN,2025-11-16 00:00:00+05:30,61.3,29.0,41.2,0.473,117.0,46.0,36.6,12.0,1.27
PN,2025-11-17 00:00:00+05:30,61.0,28.9,37.1,0.491,123.0,32.2,49.0,12.0,1.02
PN,2025-11-18 00:00:00+05:30,73.3,27.6,47.4,0.541,128.0,55.0,30.0,12.0,1.28
PN,2025-11-19 00:00:00+05:30,63.0,28.9,37.9,0.553,128.0,55.2,33.7,12.0,1.19
PN,2025-11-20 00:00:00+05:30,66.3,28.9,44.2,0.544,116.0,65.0,32.7,12.0,1.24
PN,2025-11-21 00:00:00+05:30,80.1,29.2,47.3,0.576,128.0,51.3,32.0,12.0,1.25
PN,2025-11-22 00:00:00+05:30,88.5,29.3,59.9,0.659,143.0,65.3,20.4,12.0,1.84
PN,2025-11-23 00:00:00+05:30,64.6,29.3,60.0,0.732,171.0,63.6,17.3,12.0,1.65
PN,2025-11-24 00:00:00+05:30,66.6,29.6,62.9,0.71,153.0,58.0,19.9,12.0,1.56
PN,2025-11-25 00:00:00+05:30,77.5,29.6,64.8,0.69,169.0,54.1,24.7,12.0,1.47
PN,2025-11-26 00:00:00+05:30,78.7,29.6,67.8,0.713,165.0,56.8,30.8,12.1,1.66
PN,2025-11-27 00:00:00+05:30,52.0,29.6,57.5,0.553,138.0,44.2,37.2,12.0,1.24
PN,2025-11-28 00:00:00+05:30,44.1,29.5,57.5,0.477,132.0,49.4,22.1,12.0,1.38
PN,2025-11-29 00:00:00+05:30,32.3,29.3,44.1,0.424,141.0,40.3,19.2,12.0,1.03
PN,2025-11-30 00:00:00+05:30,30.3,28.6,41.9,0.499,149.0,52.6,27.9,12.0,1.15
PN,2025-12-01 00:00:00+05:30,37.1,28.6,45.0,0.551,153.0,50.9,33.3,12.0,1.27
PN,2025-12-02 00:00:00+05:30,49.8,28.7,53.4,0.577,148.0,66.7,22.1,12.0,1.71
PN,2025-12-03 00:00:00+05:30,50.0,29.1,46.6,0.586,137.0,56.7,19.9,12.0,1.43
PN,2025-12-04 00:00:00+05:30,50.7,29.2,47.2,0.549,131.0,57.3,12.5,11.9,1.35
PN,2025-12-05 00:00:00+05:30,45.4,29.8,44.9,,,43.1,15.3,12.0,1.16
PN,2025-12-06 00:00:00+05:30,35.8,29.6,44.2,,,26.8,24.6,12.0,0.981
PN,2025-12-07 00:00:00+05:30,26.8,23.4,29.2,,,23.2,23.0,12.1,0.749
PN,2025-12-08 00:00:00+05:30,43.8,28.0,,,,49.4,17.8,11.9,1.25
PN,2025-12-09 00:00:00+05:30,,29.3,30.8,0.669,126.0,48.5,21.2,12.6,1.04
PN,2025-12-10 00:00:00+05:30,35.8,29.1,31.1,0.674,145.0,42.4,26.2,14.6,1.02
PN,2025-12-11 00:00:00+05:30,56.5,28.6,56.5,0.617,147.0,36.8,52.8,12.9,0.976
PN,2025-12-12 00:00:00+05:30,46.6,28.1,,0.613,170.0,46.5,54.6,12.5,1.07
PN,2025-12-13 00:00:00+05:30,48.1,28.5,,0.733,142.0,51.7,59.2,12.3,1.27
PN,2025-12-14 00:00:00+05:30,,28.6,,0.633,133.0,39.6,50.3,16.6,0.902
PN,2025-12-15 00:00:00+05:30,,28.6,,0.534,143.0,42.8,26.9,14.4,0.875
PN,2025-12-16 00:00:00+05:30,50.0,28.8,66.0,0.685,125.0,33.4,42.3,15.6,0.599
PN,2025-12-17 00:00:00+05:30,83.4,28.8,,0.563,161.0,46.6,22.1,13.0,1.28
PN,2025-12-18 00:00:00+05:30,82.7,28.8,,0.713,166.0,44.3,21.3,12.8,1.46
PN,2025-12-19 00:00:00+05:30,74.7,28.3,,,157.0,42.0,23.8,11.3,1.41
PN,2025-12-20 00:00:00+05:30,22.4,28.6,,,,36.2,12.7,10.6,1.03
PN,2025-12-21 00:00:00+05:30,,28.5,,,,33.6,16.7,12.1,0.677
PN,2025-12-22 00:00:00+05:30,,28.4,,,,41.3,17.7,12.3,0.0
PN,2025-12-23 00:00:00+05:30,43.6,28.6,76.4,,,,21.3,13.6,0.268
PN,2025-12-24 00:00:00+05:30,30.9,28.7,,0.445,173.0,29.8,19.4,13.7,0.97
PN,2025-12-25 00:00:00+05:30,49.1,28.4,,0.578,160.0,33.7,22.0,15.5,1.24
PN,2025-12-26 00:00:00+05:30,61.7,28.4,,0.578,171.0,40.5,35.0,15.7,1.38
PN,2025-12-27 00:00:00+05:30,61.7,28.5,,0.669,160.0,40.8,30.1,12.6,1.43
PN,2025-12-28 00:00:00+05:30,66.1,28.4,,,170.0,43.9,30.3,16.1,1.62
PN,2025-12-29 00:00:00+05:30,55.7,28.7,,,,37.9,45.6,17.9,1.29
PN,2025-12-30 00:00:00+05:30,65.3,28.0,,0.606,,41.3,38.2,17.0,1.38
PN,2025-12-31 00:00:00+05:30,51.8,28.1,,0.674,,32.5,25.8,11.5,1.16
PN,2026-01-01 00:00:00+05:30,23.1,28.4,,,,22.1,11.9,7.97,0.989
PN,2026-01-02 00:00:00+05:30,45.5,28.1,,0.473,210.0,30.6,15.2,11.0,1.13
PN,2026-01-03 00:00:00+05:30,50.8,28.2,,0.612,204.0,35.2,13.3,15.2,1.32
PN,2026-01-04 00:00:00+05:30,100.0,28.6,65.9,0.592,194.0,34.3,10.8,15.0,1.34
PN,2026-01-05 00:00:00+05:30,,28.9,62.3,0.508,193.0,33.5,17.0,19.9,1.36
PN,2026-01-06 00:00:00+05:30,61.2,28.9,62.1,0.644,169.0,38.9,21.1,17.5,1.47
PN,2026-01-07 00:00:00+05:30,,28.7,61.9,0.728,200.0,42.9,15.6,16.4,1.36
PN,2026-01-08 00:00:00+05:30,,27.1,52.0,0.605,178.0,43.8,15.5,14.9,1.02
PN,2026-01-09 00:00:00+05:30,52.6,27.9,55.8,0.622,217.0,40.3,23.8,14.8,0.975
PN,2026-01-10 00:00:00+05:30,50.1,27.8,51.9,0.722,230.0,37.2,28.1,15.8,0.757
PN,2026-01-20 00:00:00+05:30,44.7,27.2,68.1,0.346,167.0,50.7,27.6,14.9,1.26
PN,2026-01-21 00:00:00+05:30,45.1,28.2,65.1,0.747,201.0,52.9,20.6,18.2,1.47
PN,2026-01-22 00:00:00+05:30,52.8,28.4,61.4,0.77,213.0,43.5,20.6,20.0,1.16
PN,2026-01-23 00:00:00+05:30,34.5,28.0,68.9,0.732,215.0,18.4,11.9,16.0,0.514
PN,2026-01-24 00:00:00+05:30,25.7,27.7,65.0,0.754,236.0,30.4,19.7,15.5,0.584
PN,2026-01-25 00:00:00+05:30,52.2,27.9,69.1,0.856,217.0,32.9,20.6,16.2,0.779
PN,2026-01-26 00:00:00+05:30,154.0,28.3,71.3,0.769,221.0,32.2,29.8,15.0,1.24
PN,2026-01-27 00:00:00+05:30,,27.9,69.5,0.671,237.0,13.1,31.5,9.47,0.349
PN,2026-01-28 00:00:00+05:30,43.6,27.8,60.6,0.645,234.0,22.4,39.2,12.3,0.428
PN,2026-01-29 00:00:00+05:30,49.9,28.2,58.2,0.598,217.0,44.1,25.2,14.0,0.924
PN,2026-01-30 00:00:00+05:30,50.6,28.6,73.4,0.642,214.0,30.7,15.2,11.5,1.2
PN,2026-01-31 00:00:00+05:30,52.3,28.4,77.3,0.64,238.0,20.6,13.0,13.1,0.76
PN,2026-02-01 00:00:00+05:30,45.1,28.9,63.4,0.624,211.0,28.7,17.0,20.7,0.968
PN,2026-02-02 00:00:00+05:30,50.0,29.0,56.4,0.704,208.0,37.5,17.0,25.6,1.4
PN,2026-02-03 00:00:00+05:30,53.5,28.8,54.9,0.646,232.00000000000003,38.6,12.1,24.2,1.24
PN,2026-02-04 00:00:00+05:30,53.0,30.3,41.3,0.598,183.0,28.3,25.9,30.2,0.704
PN,2026-02-05 00:00:00+05:30,51.8,29.4,53.5,0.503,190.0,33.6,16.2,24.3,1.11
PN,2026-02-06 00:00:00+05:30,49.6,29.3,51.1,,,36.9,13.2,21.1,0.847
PN,2026-02-07 00:00:00+05:30,50.0,29.8,45.4,,213.0,40.0,23.0,26.6,0.789
PN,2026-02-08 00:00:00+05:30,55.9,28.8,40.1,,180.0,42.5,23.1,17.2,0.978
PN,2026-02-09 00:00:00+05:30,55.2,28.9,49.9,0.687,254.0,35.3,22.3,16.6,1.19
PN,2026-02-10 00:00:00+05:30,54.7,28.8,54.0,0.727,228.0,27.7,28.0,21.2,0.591
PN,2026-02-11 00:00:00+05:30,55.5,29.1,48.3,0.66,247.0,37.3,26.5,20.3,0.718
PN,2026-02-12 00:00:00+05:30,55.0,29.2,48.0,0.64,231.0,40.5,28.4,17.6,0.961
PN,2026-02-13 00:00:00+05:30,53.7,29.0,50.7,0.713,259.0,45.1,23.6,15.2,1.13
PN,2026-02-14 00:00:00+05:30,53.0,29.5,57.4,0.654,228.0,52.1,26.1,15.7,1.25
PN,2026-02-15 00:00:00+05:30,55.0,29.6,52.6,0.661,263.0,35.0,21.5,20.5,1.47
PN,2026-02-16 00:00:00+05:30,54.5,28.1,54.8,0.428,207.0,44.7,7.82,21.4,0.951
PN,2026-02-17 00:00:00+05:30,54.6,29.4,43.9,0.85,247.0,13.2,22.1,20.6,0.248
PN,2026-02-18 00:00:00+05:30,27.2,28.8,57.8,0.922,288.0,11.0,13.8,12.1,0.308
PN,2026-02-19 00:00:00+05:30,56.9,29.2,54.7,0.712,256.0,23.1,26.6,25.0,0.688
PN,2026-02-20 00:00:00+05:30,72.6,29.3,57.1,0.702,,36.4,19.4,24.0,1.11
PN,2026-02-21 00:00:00+05:30,73.5,30.0,43.1,0.6,219.00000000000003,38.6,16.3,26.5,1.24
PN,2026-02-22 00:00:00+05:30,58.3,29.4,47.0,,238.0,34.6,12.9,23.1,1.09
PN,2026-02-23 00:00:00+05:30,46.9,29.0,44.4,,190.0,33.1,16.5,20.7,0.772
PN,2026-02-24 00:00:00+05:30,43.8,29.4,55.8,0.663,234.99999999999997,24.5,18.6,19.9,0.76
PN,2026-02-25 00:00:00+05:30,35.6,29.2,49.6,,228.0,19.9,10.8,19.8,0.507
PN,2026-02-26 00:00:00+05:30,16.9,28.8,46.6,0.797,229.0,16.4,6.5,10.1,0.318
PN,2026-02-27 00:00:00+05:30,6.44,28.6,45.6,,246.0,14.1,6.82,8.61,0.249
PN,2026-02-28 00:00:00+05:30,5.52,28.7,43.6,,257.0,16.9,7.0,10.1,0.292
PN,2026-03-01 00:00:00+05:30,11.2,28.8,40.4,0.781,223.0,16.9,10.5,9.57,0.331
PN,2026-03-02 00:00:00+05:30,17.7,28.9,48.8,0.668,199.0,21.1,10.9,13.1,0.495
PN,2026-03-03 00:00:00+05:30,67.4,29.5,41.9,0.765,262.0,25.4,17.1,21.1,1.06
PN,2026-03-04 00:00:00+05:30,37.1,31.0,26.1,0.714,250.0,21.6,19.4,23.5,0.509
PN,2026-03-05 00:00:00+05:30,25.8,31.9,,0.82,242.0,22.0,38.7,19.0,0.537
PN,2026-03-06 00:00:00+05:30,26.1,30.1,20.9,,,22.2,14.2,19.1,0.509
PN,2026-03-07 00:00:00+05:30,20.5,29.3,51.9,0.716,249.0,15.3,6.87,11.2,0.43
PN,2026-03-08 00:00:00+05:30,46.2,30.4,38.9,,,22.7,32.2,24.5,0.729
PN,2026-03-09 00:00:00+05:30,43.8,30.8,23.4,,,33.7,29.1,27.5,0.846
PN,2026-03-10 00:00:00+05:30,88.9,31.0,32.3,0.871,286.0,23.1,38.0,28.3,0.732
PN,2026-03-11 00:00:00+05:30,41.6,29.8,50.4,0.762,264.0,24.7,5.76,13.6,0.719
PN,2026-03-12 00:00:00+05:30,36.4,30.0,62.7,,257.0,18.0,4.88,6.35,0.656
PN,2026-03-13 00:00:00+05:30,41.0,30.5,37.4,0.717,255.0,25.8,0.287,9.1,0.66
PN,2026-03-14 00:00:00+05:30,16.6,30.7,43.9,0.944,280.0,11.4,0.573,10.4,0.265
PN,2026-03-15 00:00:00+05:30,11.2,29.6,68.7,,277.0,9.59,0.56,8.3,0.206
PN,2026-03-16 00:00:00+05:30,2.5,29.5,52.0,0.87,260.0,6.56,2.61,8.21,0.262
PN,2026-03-17 00:00:00+05:30,31.8,29.3,61.4,,,11.1,3.5,8.6,0.255
PN,2026-03-18 00:00:00+05:30,14.0,29.0,57.8,,,18.8,8.32,9.15,0.369
PN,2026-03-19 00:00:00+05:30,13.8,29.2,59.1,,,15.5,7.55,9.04,0.316
PN,2026-03-20 00:00:00+05:30,19.5,29.1,44.6,,264.0,14.9,11.2,18.8,0.36
PN,2026-03-21 00:00:00+05:30,18.5,29.4,36.3,0.523,267.0,21.5,25.5,15.6,0.406
PN,2026-03-22 00:00:00+05:30,55.7,30.2,28.6,0.929,248.0,20.3,33.9,20.8,0.45
PN,2026-03-23 00:00:00+05:30,34.7,30.3,35.2,0.768,,30.8,22.5,22.7,0.683
PN,2026-03-24 00:00:00+05:30,31.9,30.6,33.8,,,17.3,25.0,17.6,0.482
PN,2026-03-25 00:00:00+05:30,24.5,30.1,65.2,,,11.4,19.2,10.3,0.284
PN,2026-03-26 00:00:00+05:30,25.4,30.5,48.8,,245.0,14.4,45.9,7.79,0.445
PN,2026-03-27 00:00:00+05:30,29.8,30.8,32.1,,,18.4,52.6,12.9,0.503
PN,2026-03-28 00:00:00+05:30,12.4,29.8,60.4,,,7.6,19.5,4.17,0.345
PN,2026-03-29 00:00:00+05:30,5.54,29.8,57.9,,,5.67,0.0,5.07,0.166
PN,2026-03-30 00:00:00+05:30,6.77,30.0,57.1,,262.0,6.1,32.0,6.32,0.215
PN,2026-03-31 00:00:00+05:30,4.85,30.1,48.4,0.913,231.0,6.53,40.2,5.94,0.241
PN,2026-04-01 00:00:00+05:30,6.61,29.7,48.8,0.918,246.0,5.76,32.0,7.45,0.261
PN,2026-04-02 00:00:00+05:30,7.86,29.9,39.9,0.809,259.0,7.97,46.3,9.32,0.258
PN,2026-04-03 00:00:00+05:30,12.1,29.7,35.0,0.913,251.0,15.8,40.6,10.1,0.39
PN,2026-04-04 00:00:00+05:30,8.98,29.7,50.3,0.905,234.0,8.58,36.3,6.38,0.274
PN,2026-04-05 00:00:00+05:30,9.27,29.5,55.5,1.06,250.0,7.19,47.8,8.69,0.25
PN,2026-04-06 00:00:00+05:30,10.4,29.4,44.3,1.01,258.0,8.17,35.0,10.4,0.208
PN,2026-04-07 00:00:00+05:30,8.9,29.5,43.2,0.963,253.0,5.97,49.7,8.14,0.181
PN,2026-04-08 00:00:00+05:30,11.0,30.0,48.7,1.01,260.0,6.86,49.8,5.2,0.219
PN,2026-04-09 00:00:00+05:30,10.1,30.1,41.6,0.982,234.99999999999997,10.8,46.7,5.98,0.252
PN,2026-04-10 00:00:00+05:30,43.1,30.2,27.5,0.92,242.0,14.6,29.9,6.4,0.48
PN,2026-04-11 00:00:00+05:30,25.9,30.5,50.0,1.05,247.0,10.8,49.9,1.26,0.314
PN,2026-04-12 00:00:00+05:30,22.2,30.3,62.1,1.04,260.0,13.3,46.0,1.27,0.403
PN,2026-04-13 00:00:00+05:30,17.5,30.0,64.5,1.06,254.0,7.47,36.9,0.831,0.193
PN,2026-04-14 00:00:00+05:30,43.5,30.4,57.4,1.07,290.0,16.8,28.3,1.24,0.337
PN,2026-04-15 00:00:00+05:30,11.9,30.3,57.1,1.11,259.0,7.33,9.98,1.17,0.244
PN,2026-04-16 00:00:00+05:30,9.86,29.5,61.4,0.965,248.0,11.2,13.0,3.41,0.233
PN,2026-04-17 00:00:00+05:30,13.6,29.9,62.0,1.04,253.0,13.0,17.4,3.23,0.245
PN,2026-04-18 00:00:00+05:30,14.5,30.5,70.7,0.967,242.0,10.1,36.7,1.58,0.262
PN,2026-04-19 00:00:00+05:30,16.8,30.4,35.1,1.06,256.0,11.6,21.2,2.38,0.113
PN,2026-04-20 00:00:00+05:30,19.8,29.8,62.0,1.02,239.99999999999997,9.48,25.6,2.68,0.25
PN,2026-04-21 00:00:00+05:30,,30.3,47.6,0.902,243.99999999999997,10.6,42.0,2.62,0.26
PN,2026-04-22 00:00:00+05:30,14.5,30.1,30.6,1.03,252.0,11.7,34.2,3.98,0.264
PN,2026-04-23 00:00:00+05:30,16.8,30.3,42.9,0.977,255.0,13.5,48.6,3.76,0.23
PN,2026-04-24 00:00:00+05:30,15.6,30.6,47.0,0.987,259.0,10.3,42.2,1.37,0.251
PN,2026-04-25 00:00:00+05:30,17.9,30.8,37.6,1.09,249.0,15.3,49.2,1.92,0.304
PN,2026-04-26 00:00:00+05:30,17.8,30.4,54.0,1.05,243.99999999999997,7.75,40.7,1.09,0.212
PN,2026-04-27 00:00:00+05:30,11.9,30.1,63.2,0.977,238.0,7.72,40.6,1.33,0.0969
PN,2026-04-28 00:00:00+05:30,11.6,30.0,62.0,1.13,239.99999999999997,8.89,45.9,1.5,0.239
PN,2026-04-29 00:00:00+05:30,,29.9,59.3,1.12,241.0,10.4,33.3,2.32,0.257
PN,2026-04-30 00:00:00+05:30,10.7,30.0,41.4,1.12,275.0,6.2,26.4,4.12,0.214
PN,2026-05-01 00:00:00+05:30,9.87,29.8,54.2,1.04,241.0,4.01,27.5,2.99,0.207
PN,2026-05-02 00:00:00+05:30,191.0,29.9,57.2,1.03,225.0,4.08,30.9,2.73,0.175
PN,2026-05-03 00:00:00+05:30,21.3,30.2,55.9,0.979,230.0,6.14,31.3,2.19,0.191
PN,2026-05-04 00:00:00+05:30,15.4,30.3,38.0,0.776,247.0,4.68,36.6,0.944,0.16
PN,2026-05-05 00:00:00+05:30,18.7,30.3,47.2,0.856,225.0,6.73,40.7,1.57,0.217
PN,2026-05-06 00:00:00+05:30,15.9,30.8,28.1,1.28,302.0,4.3,24.7,3.35,0.28
PN,2026-05-07 00:00:00+05:30,15.8,30.4,50.8,1.03,259.0,8.04,33.3,2.17,0.199
PN,2026-05-08 00:00:00+05:30,16.0,30.6,43.7,0.949,253.0,8.5,27.3,1.69,0.153
PN,2026-05-09 00:00:00+05:30,15.5,30.7,50.1,0.984,266.0,9.42,45.6,1.89,0.197
PN,2026-05-10 00:00:00+05:30,15.2,30.7,44.1,1.06,250.0,10.9,59.4,2.99,0.196
PN,2026-05-11 00:00:00+05:30,56.4,30.9,41.4,1.05,258.0,8.87,40.5,5.61,0.289
PN,2026-05-12 00:00:00+05:30,26.8,30.3,58.8,1.07,239.99999999999997,5.62,8.85,1.5,0.299
PN,2026-05-13 00:00:00+05:30,25.9,30.3,62.0,1.2,226.0,2.87,34.3,6.33,0.00269
PN,2026-05-14 00:00:00+05:30,17.7,30.6,53.3,1.38,261.0,6.03,61.9,2.2,0.049
PN,2026-05-15 00:00:00+05:30,18.8,30.3,55.0,1.47,263.0,4.28,60.9,3.99,0.0222
PN,2026-05-16 00:00:00+05:30,10.0,30.6,33.0,1.38,263.0,3.97,72.5,8.9,0.0826
PN,2026-05-17 00:00:00+05:30,16.6,30.8,53.2,1.5,270.0,4.25,77.1,6.75,0.219
PN,2026-05-18 00:00:00+05:30,25.3,30.7,55.2,1.51,269.0,4.12,54.5,7.83,0.258
PN,2026-05-19 00:00:00+05:30,10.3,30.5,52.7,1.55,272.0,3.53,38.8,5.41,0.2
PN,2026-05-20 00:00:00+05:30,10.4,30.6,48.7,1.52,255.0,3.71,39.0,6.86,0.326
PN,2026-05-21 00:00:00+05:30,12.9,30.9,47.6,1.66,252.0,4.03,40.7,5.97,0.234
PN,2026-05-22 00:00:00+05:30,15.3,30.9,70.6,1.49,246.0,3.54,45.0,4.97,0.205
PN,2026-05-23 00:00:00+05:30,8.62,31.2,48.6,1.63,280.0,4.33,40.8,5.07,0.447
PN,2026-05-24 00:00:00+05:30,6.84,31.2,51.9,1.74,289.0,3.7,35.1,5.44,0.523
PN,2026-05-25 00:00:00+05:30,7.51,31.1,46.1,1.81,275.0,3.55,34.5,7.4,0.318
PN,2026-05-26 00:00:00+05:30,6.81,31.0,36.5,1.75,280.0,3.76,28.8,10.2,0.367
PN,2026-05-27 00:00:00+05:30,6.9,31.0,31.3,1.72,282.0,4.38,28.0,9.95,0.347
PN,2026-05-28 00:00:00+05:30,9.2,31.4,24.3,1.83,288.0,4.03,29.2,9.84,0.306
PN,2026-05-29 00:00:00+05:30,8.57,31.1,44.6,1.65,282.0,2.88,38.1,4.39,0.276
PN,2026-05-30 00:00:00+05:30,11.9,31.3,68.0,1.67,286.0,2.98,46.8,3.73,0.227
PN,2026-05-31 00:00:00+05:30,22.6,31.0,,1.64,266.0,3.32,31.9,4.53,0.232
PN,2026-06-01 00:00:00+05:30,6.67,31.6,,1.86,287.0,7.19,43.6,7.24,0.597
PN,2026-06-02 00:00:00+05:30,5.5,31.1,,1.59,251.0,10.5,50.0,5.31,0.8
PN,2026-06-03 00:00:00+05:30,7.76,30.3,,1.34,252.0,10.4,50.0,5.29,0.8
PN,2026-06-04 00:00:00+05:30,10.8,30.7,,1.32,213.0,10.5,49.8,5.31,0.799
PN,2026-06-05 00:00:00+05:30,24.4,31.2,36.9,1.65,275.0,10.4,49.7,5.26,0.798
PN,2026-06-06 00:00:00+05:30,22.5,31.3,38.0,1.75,253.0,10.5,49.4,5.32,0.799
PN,2026-06-07 00:00:00+05:30,21.1,31.4,36.4,1.65,267.0,10.4,49.7,5.3,0.796
PN,2026-06-08 00:00:00+05:30,24.8,31.4,27.5,1.93,291.0,12.2,41.6,4.81,0.68
PN,2026-06-09 00:00:00+05:30,20.4,31.8,26.7,1.97,286.0,4.88,21.2,2.54,0.201
PN,2026-06-10 00:00:00+05:30,,31.6,26.5,1.86,294.0,3.38,35.8,2.98,0.221
PN,2026-06-11 00:00:00+05:30,21.2,31.7,25.9,1.86,282.0,2.25,33.8,2.3,0.219
PN,2026-06-12 00:00:00+05:30,21.0,31.6,27.4,1.82,272.0,1.89,36.7,3.64,0.223
PN,2026-06-13 00:00:00+05:30,20.9,31.6,26.5,2.09,292.0,3.79,32.9,3.76,0.235
PN,2026-06-14 00:00:00+05:30,18.7,31.6,24.9,2.18,296.0,7.59,39.1,3.65,0.223
PN,2026-06-15 00:00:00+05:30,17.6,31.6,25.2,1.95,277.0,7.37,39.5,3.46,0.214
PN,2026-06-16 00:00:00+05:30,17.5,31.3,24.5,1.95,288.0,7.5,38.2,4.05,0.211
PN,2026-06-17 00:00:00+05:30,17.5,29.4,22.7,1.86,273.0,6.74,39.8,2.79,0.251
PN,2026-06-18 00:00:00+05:30,18.3,31.3,22.1,2.08,297.0,10.5,43.7,1.83,0.232
PN,2026-06-19 00:00:00+05:30,20.2,31.2,22.8,1.74,247.0,10.4,41.6,1.59,0.242
PN,2026-06-20 00:00:00+05:30,20.4,31.6,18.3,2.22,294.0,10.2,29.6,12.0,0.345
PN,2026-06-21 00:00:00+05:30,10.5,31.3,29.6,2.11,286.0,10.6,28.9,3.92,0.31
PN,2026-06-22 00:00:00+05:30,10.4,30.1,69.3,1.43,222.0,10.0,45.9,4.25,0.29
PN,2026-06-23 00:00:00+05:30,10.5,29.9,78.5,1.23,1.17,10.5,47.5,3.24,0.2
PN,2026-06-26 00:00:00+05:30,6.98,30.5,65.9,1.77,197.0,10.5,39.4,3.13,0.499
PN,2026-06-27 00:00:00+05:30,12.5,30.6,58.2,1.84,202.0,10.4,39.8,3.39,0.297
PN,2026-06-28 00:00:00+05:30,16.1,29.5,64.3,1.91,230.0,10.5,43.6,3.2,0.235
PN,2026-06-29 00:00:00+05:30,13.2,26.8,91.9,1.39,222.0,10.5,42.2,3.65,0.265
PN,2026-06-30 00:00:00+05:30,9.79,27.3,95.1,1.13,158.0,10.5,39.8,3.88,0.432
PN,2026-07-01 00:00:00+05:30,9.72,28.8,99.0,1.62,218.0,10.6,45.6,3.06,0.238
PN,2026-07-02 00:00:00+05:30,9.9,28.3,98.9,1.59,234.99999999999997,10.5,45.9,2.79,0.2
PN,2026-07-03 00:00:00+05:30,9.74,28.4,98.9,1.64,224.0,10.5,46.8,3.61,0.389
PN,2026-07-04 00:00:00+05:30,15.5,28.3,98.8,1.54,238.0,10.5,44.7,3.18,0.401
PN,2026-07-05 00:00:00+05:30,21.2,28.7,95.4,2.29,274.0,10.6,52.5,3.54,0.389
PN,2026-07-06 00:00:00+05:30,20.9,28.3,98.9,2.55,282.0,10.4,51.4,3.92,0.258
PN,2026-07-07 00:00:00+05:30,14.0,29.4,88.3,2.45,288.0,10.5,51.0,3.27,0.213
PN,2026-07-08 00:00:00+05:30,7.03,29.7,81.3,2.34,282.0,10.4,51.2,3.75,0.23
PN,2026-07-09 00:00:00+05:30,6.96,30.5,47.8,1.35,241.0,10.6,45.4,,0.207
PN,2026-07-10 00:00:00+05:30,7.03,30.5,44.5,1.92,274.0,10.5,46.5,,0.214
PN,2026-07-11 00:00:00+05:30,6.95,30.3,42.4,2.17,280.0,10.6,45.5,,0.216
PN,2026-07-12 00:00:00+05:30,7.01,30.8,36.3,1.94,269.0,10.5,36.1,,0.219
PN,2026-07-13 00:00:00+05:30,6.96,30.7,33.3,1.92,269.0,10.5,38.8,2.85,0.209
PN,2026-07-14 00:00:00+05:30,7.0,30.6,31.7,1.96,271.0,10.5,33.8,2.68,0.207
PN,2026-07-15 00:00:00+05:30,7.04,29.6,48.4,1.48,243.99999999999997,10.5,9.38,4.79,0.314
PN,2026-07-16 00:00:00+05:30,7.03,27.2,32.0,1.35,272.0,10.6,20.0,5.3,0.8
PN,2026-07-17 00:00:00+05:30,7.01,27.6,31.6,1.6,264.0,10.5,20.0,5.32,0.8
PN,2026-07-18 00:00:00+05:30,6.94,27.6,53.2,1.5,225.0,10.5,19.9,5.27,0.798
PN,2026-07-19 00:00:00+05:30,7.05,28.2,58.9,1.18,212.0,10.6,20.0,5.34,0.801
PN,2026-07-20 00:00:00+05:30,6.95,27.8,58.5,1.41,260.0,10.5,20.0,5.33,0.8
PN,2026-07-21 00:00:00+05:30,7.02,29.2,24.2,1.56,282.0,10.5,20.0,5.31,0.801
PN,2026-07-22 00:00:00+05:30,6.99,28.1,62.1,1.01,255.0,10.2,20.0,5.32,0.8
PN,2026-07-23 00:00:00+05:30,7.03,28.8,44.6,1.32,271.0,10.4,20.1,5.27,0.799
PN,2026-07-24 00:00:00+05:30,6.11,29.1,34.1,1.33,278.0,10.5,14.9,5.32,0.545
PN,2026-07-25 00:00:00+05:30,5.58,28.9,38.8,1.53,290.0,10.5,12.0,5.28,0.399
PN,2026-07-26 00:00:00+05:30,5.6,27.8,41.6,1.62,293.0,10.6,12.0,5.31,0.4
PN,2026-07-27 00:00:00+05:30,5.6,27.9,51.1,1.17,285.0,10.6,12.0,5.3,0.4
PN,2026-07-28 00:00:00+05:30,6.57,27.7,47.9,1.67,279.0,10.6,12.0,5.32,0.401
PN,2026-07-29 00:00:00+05:30,10.9,27.2,43.8,1.86,297.0,10.5,12.0,5.28,0.399
PN,2026-07-30 00:00:00+05:30,16.1,26.4,53.7,1.86,296.0,10.5,12.0,5.25,0.401
PN,2026-07-31 00:00:00+05:30,15.9,26.1,60.5,1.85,292.0,10.5,11.9,5.28,0.397
PN,2026-08-01 00:00:00+05:30,15.9,24.5,50.2,1.82,292.0,10.5,11.9,5.32,0.397
PN,2026-08-02 00:00:00+05:30,16.1,25.1,65.0,1.75,289.0,10.6,12.0,5.31,0.4
PN,2026-08-03 00:00:00+05:30,11.0,28.6,60.6,1.82,292.0,10.5,11.9,5.28,0.398
PN,2026-08-04 00:00:00+05:30,8.4,27.5,48.5,1.61,262.0,10.4,12.0,5.28,0.399
PN,2026-08-05 00:00:00+05:30,8.4,27.4,61.9,1.45,261.0,10.5,12.0,5.29,0.4
PN,2026-08-06 00:00:00+05:30,8.34,26.6,38.7,1.79,285.0,10.4,12.0,5.3,0.397
PN,2026-08-07 00:00:00+05:30,8.45,21.7,33.3,1.88,295.0,10.5,12.1,5.29,0.406
PN,2026-08-08 00:00:00+05:30,8.48,24.1,51.9,1.84,290.0,10.5,11.9,5.32,0.4
PN,2026-08-09 00:00:00+05:30,9.78,25.2,57.0,1.81,295.0,10.5,11.9,5.28,0.4
PN,2026-08-10 00:00:00+05:30,11.8,24.3,58.2,1.78,291.0,10.5,12.0,5.29,0.4
PN,2026-08-11 00:00:00+05:30,8.78,25.0,92.8,1.46,262.0,10.5,12.1,5.3,0.401
PN,2026-08-12 00:00:00+05:30,7.02,26.9,38.6,1.58,264.0,10.5,12.0,5.35,0.4
PN,2026-08-13 00:00:00+05:30,7.49,25.3,33.0,1.46,275.0,10.5,12.0,5.29,0.4
PN,2026-08-14 00:00:00+05:30,6.51,26.1,21.6,1.61,285.0,12.2,13.2,5.43,0.43
PN,2026-08-15 00:00:00+05:30,7.65,25.6,49.6,1.21,234.99999999999997,14.4,13.4,5.0,0.371
PN,2026-08-16 00:00:00+05:30,10.9,26.3,16.3,1.61,280.0,18.0,13.0,4.2,0.441
PN,2026-08-17 00:00:00+05:30,8.65,26.9,29.3,1.56,281.0,14.1,14.0,3.93,0.401
PN,2026-08-18 00:00:00+05:30,7.72,25.2,19.7,1.87,285.0,12.3,15.0,3.6,0.301
PN,2026-08-19 00:00:00+05:30,7.3,24.1,14.6,1.99,286.0,13.7,16.8,3.31,0.301
PN,2026-08-20 00:00:00+05:30,7.01,18.0,14.7,2.11,293.0,14.5,18.0,3.11,0.3
PN,2026-08-21 00:00:00+05:30,10.5,17.5,16.1,2.18,288.0,14.5,18.0,3.1,0.3
PN,2026-08-22 00:00:00+05:30,9.99,20.8,32.4,1.96,290.0,14.5,18.1,3.1,0.301
PN,2026-08-23 00:00:00+05:30,8.36,17.2,33.9,1.91,293.0,14.5,18.0,3.09,0.299
PN,2026-08-24 00:00:00+05:30,9.35,18.2,41.8,1.85,277.0,14.5,18.0,3.08,0.3
PN,2026-08-25 00:00:00+05:30,11.2,15.0,24.0,2.21,299.0,14.5,18.0,3.1,0.3
PN,2026-08-26 00:00:00+05:30,12.1,15.2,28.1,2.18,301.0,14.6,18.1,3.13,0.303
PN,2026-09-01 00:00:00+05:30,11.9,21.3,53.4,1.71,260.0,14.5,18.0,3.09,0.3
PN,2026-09-02 00:00:00+05:30,11.9,20.0,65.4,1.53,229.0,14.4,18.0,3.1,0.301
PN,2026-09-03 00:00:00+05:30,12.8,20.1,47.2,1.61,254.0,14.4,18.0,3.1,0.3
PN,2026-09-04 00:00:00+05:30,13.2,21.3,45.0,1.93,249.0,14.4,17.9,3.06,0.299
PN,2026-09-05 00:00:00+05:30,13.3,22.8,54.9,1.99,258.0,14.4,18.0,3.1,0.299
PN,2026-09-06 00:00:00+05:30,13.3,21.8,68.3,1.85,233.0,14.5,18.0,3.12,0.301
PN,2026-09-07 00:00:00+05:30,13.3,21.5,38.1,2.03,251.0,14.5,18.0,3.1,0.301
PN,2026-09-08 00:00:00+05:30,9.02,22.1,27.8,2.28,282.0,14.5,18.0,3.09,0.3
PN,2026-09-09 00:00:00+05:30,7.32,22.2,36.8,2.11,266.0,14.5,18.0,3.08,0.299
PN,2026-09-10 00:00:00+05:30,11.1,21.6,44.5,1.97,237.0,14.5,17.9,3.09,0.299
PN,2026-09-11 00:00:00+05:30,10.9,22.2,37.6,1.95,223.0,14.4,18.1,3.1,0.301
PN,2026-09-12 00:00:00+05:30,105.0,22.6,49.3,2.11,209.0,14.5,18.0,3.09,0.301
PN,2026-09-13 00:00:00+05:30,7.67,19.3,95.2,1.35,180.0,14.6,18.0,3.1,0.299
PN,2026-09-14 00:00:00+05:30,5.99,24.9,62.9,1.67,224.0,14.5,18.0,3.1,0.3
PN,2026-09-15 00:00:00+05:30,5.33,23.7,64.2,1.3,153.0,14.5,18.0,3.09,0.3
PN,2026-09-16 00:00:00+05:30,7.32,24.7,51.5,1.57,209.0,14.5,18.1,3.09,0.302
PN,2026-09-17 00:00:00+05:30,6.52,30.8,24.8,1.98,273.0,14.4,18.0,3.11,0.299
RC,2025-10-12 00:00:00+05:30,52.2,28.5,59.2,2.15,143.0,12.4,92.2,2.35,0.46
RC,2025-10-13 00:00:00+05:30,44.3,28.4,61.8,2.19,144.0,12.7,79.1,1.48,0.516
RC,2025-10-14 00:00:00+05:30,42.7,28.4,56.1,2.07,142.0,15.1,29.9,1.01,0.482
RC,2025-10-15 00:00:00+05:30,44.9,28.8,55.8,2.1,,21.9,21.1,0.648,0.594
RC,2025-10-16 00:00:00+05:30,39.1,29.3,68.4,2.33,147.0,18.5,19.9,0.0223,0.379
RC,2025-10-17 00:00:00+05:30,24.2,29.9,62.1,2.18,144.0,13.0,19.7,1.24,0.419
RC,2025-10-18 00:00:00+05:30,44.7,29.8,53.4,1.97,141.0,15.9,23.9,0.736,0.516
RC,2025-10-19 00:00:00+05:30,65.3,29.7,52.7,1.96,141.0,13.7,27.2,1.36,0.43
RC,2025-10-20 00:00:00+05:30,102.0,29.2,62.6,2.17,144.0,17.0,17.2,1.31,0.566
RC,2025-10-21 00:00:00+05:30,109.0,29.2,51.9,1.94,140.0,13.8,26.4,0.926,0.423
RC,2025-10-22 00:00:00+05:30,61.2,29.4,62.3,2.17,144.0,11.1,20.8,2.61,0.311
RC,2025-10-23 00:00:00+05:30,50.9,30.5,55.6,2.0,142.0,13.1,13.4,0.902,0.363
RC,2025-10-24 00:00:00+05:30,35.8,29.9,64.2,2.19,145.0,11.4,11.7,0.865,0.233
RC,2025-10-25 00:00:00+05:30,10.9,28.7,72.8,2.41,148.0,15.2,3.15,0.000451,0.348
RC,2025-10-26 00:00:00+05:30,9.69,27.6,76.5,2.5,150.0,12.3,0.702,0.851,0.252
RC,2025-10-27 00:00:00+05:30,7.92,27.7,81.6,2.64,151.0,13.8,3.5,0.0794,0.32
RC,2025-10-28 00:00:00+05:30,18.6,28.2,76.1,2.47,150.0,12.6,11.6,0.958,0.315
RC,2025-10-29 00:00:00+05:30,23.1,29.0,69.6,2.31,147.0,13.8,13.6,2.12,0.279
RC,2025-10-30 00:00:00+05:30,15.5,27.3,81.3,2.59,152.0,17.9,9.31,0.878,0.38
RC,2025-10-31 00:00:00+05:30,15.6,27.2,84.9,2.67,153.0,16.6,5.81,1.82,0.421
RC,2025-11-01 00:00:00+05:30,10.5,27.9,86.8,2.71,154.0,13.7,3.73,0.0,0.349
RC,2025-11-02 00:00:00+05:30,14.5,26.6,88.1,2.79,153.0,16.2,0.729,0.0,0.424
RC,2025-11-03 00:00:00+05:30,18.8,27.5,84.9,2.66,153.0,20.0,2.79,0.392,0.424
RC,2025-11-04 00:00:00+05:30,16.5,27.9,82.4,2.57,152.0,8.84,16.1,1.93,0.223
RC,2025-11-05 00:00:00+05:30,18.5,26.8,71.7,2.34,148.0,9.33,15.6,1.97,0.298
RC,2025-11-06 00:00:00+05:30,38.1,26.8,76.3,2.42,149.0,10.6,30.1,1.87,0.264
RC,2025-11-07 00:00:00+05:30,45.5,27.5,67.0,2.23,146.0,15.9,32.5,1.12,0.466
RC,2025-11-08 00:00:00+05:30,33.6,27.5,44.0,1.71,137.0,14.7,30.1,1.29,0.355
RC,2025-11-09 00:00:00+05:30,31.3,26.3,43.2,1.73,137.0,18.5,27.6,2.69,0.374
RC,2025-11-10 00:00:00+05:30,40.7,24.7,51.3,1.93,141.0,32.6,12.6,1.32,0.719
RC,2025-11-11 00:00:00+05:30,44.0,26.2,54.5,1.98,142.0,25.6,34.6,5.14,0.492
RC,2025-11-12 00:00:00+05:30,50.4,26.4,33.7,1.51,134.0,12.6,39.5,5.0,0.391
RC,2025-11-13 00:00:00+05:30,57.2,26.7,34.2,1.51,134.0,19.6,39.7,5.78,0.548
RC,2025-11-14 00:00:00+05:30,58.8,26.6,37.9,1.62,136.0,22.5,40.4,5.78,0.558
RC,2025-11-15 00:00:00+05:30,58.5,26.2,31.1,1.44,132.0,23.7,35.0,6.36,0.628
RC,2025-11-16 00:00:00+05:30,59.6,25.9,32.6,1.45,133.0,22.1,36.9,6.58,0.475
RC,2025-11-17 00:00:00+05:30,61.2,25.8,28.6,1.38,131.0,16.6,54.5,9.2,0.493
RC,2025-11-18 00:00:00+05:30,69.8,24.2,36.2,1.54,134.0,22.0,43.1,7.11,0.665
RC,2025-11-19 00:00:00+05:30,68.1,25.7,30.1,1.39,131.0,27.3,40.4,7.17,0.625
RC,2025-11-20 00:00:00+05:30,77.5,25.8,37.7,1.57,134.0,29.1,39.0,7.51,0.747
RC,2025-11-21 00:00:00+05:30,82.0,26.1,42.5,1.67,136.0,30.5,38.6,7.94,0.7
RC,2025-11-22 00:00:00+05:30,87.9,26.7,52.4,1.9,140.0,37.0,40.7,7.25,0.99
RC,2025-11-23 00:00:00+05:30,81.3,26.8,56.9,1.97,142.0,38.4,30.2,6.42,0.991
RC,2025-11-24 00:00:00+05:30,87.0,27.1,62.6,2.13,145.0,23.5,40.7,5.41,0.584
RC,2025-12-02 00:00:00+05:30,52.2,27.1,37.6,1.54,135.0,20.9,49.0,7.96,0.633
RC,2025-12-03 00:00:00+05:30,52.6,25.9,43.4,1.73,138.0,23.7,26.4,8.41,0.73
RC,2025-12-04 00:00:00+05:30,57.6,24.3,45.2,1.71,138.0,22.3,26.2,7.24,0.515
RC,2025-12-05 00:00:00+05:30,74.8,24.7,,1.82,140.0,,,,
RC,2025-12-06 00:00:00+05:30,47.9,26.1,,1.61,137.0,,58.7,,0.32
RC,2025-12-07 00:00:00+05:30,38.8,24.1,59.9,2.02,144.0,,15.0,6.25,0.62
RC,2025-12-10 00:00:00+05:30,27.4,30.35,29.5,1.795,132.0,13.55,28.25,10.9,0.2965
RC,2025-12-11 00:00:00+05:30,27.4,86.45,,7.21,,10.175,22.3,9.68,0.2555
RC,2025-12-12 00:00:00+05:30,37.650000000000006,24.4,,1.61,136.0,10.58,29.7,10.795,0.5445
RC,2025-12-13 00:00:00+05:30,44.75,24.9,35.9,7.075,133.0,15.295000000000002,25.45,16.65,0.6655
RC,2025-12-14 00:00:00+05:30,55.35,25.049999999999997,34.3,9.815000000000001,,15.265,12.7,10.14,0.708
RC,2025-12-15 00:00:00+05:30,49.35,24.9,34.0,12.82,135.0,13.6035,12.1,10.055,0.624
RC,2025-12-16 00:00:00+05:30,42.4,25.7,30.3,1.41,132.0,22.6,,8.27,0.667
RC,2025-12-17 00:00:00+05:30,57.3,25.7,39.0,1.54,135.0,25.6,49.2,5.46,1.08
RC,2025-12-18 00:00:00+05:30,110.25,25.549999999999997,51.7,7.609999999999999,186.5,11.25,49.85,8.555,0.6315000000000001
RC,2025-12-19 00:00:00+05:30,57.5,23.1,59.7,11.365,142.0,15.148,25.365000000000002,8.435,0.7849999999999999
RC,2025-12-20 00:00:00+05:30,31.3,25.7,35.6,11.14,134.0,12.209,43.0,9.165,0.6735
RC,2025-12-21 00:00:00+05:30,31.799999999999997,25.1,,11.245,130.0,16.876,30.6,9.21,0.649
RC,2025-12-22 00:00:00+05:30,44.5,24.950000000000003,33.4,10.88,133.0,14.282,35.1,9.57,0.7905
RC,2025-12-23 00:00:00+05:30,41.55,25.299999999999997,37.7,10.505,134.0,12.299,40.650000000000006,9.835,0.5449999999999999
RC,2025-12-24 00:00:00+05:30,31.299999999999997,25.55,33.0,10.015,,11.583,39.75,9.585,0.5375
RC,2025-12-25 00:00:00+05:30,42.2,25.25,38.7,10.015,135.0,12.5755,41.2,10.05,0.569
RC,2025-12-26 00:00:00+05:30,60.65,24.75,40.5,10.190000000000001,136.0,14.625,40.65,9.995,0.6695
RC,2025-12-27 00:00:00+05:30,66.15,24.9,43.6,9.895000000000001,,12.26,44.2,9.42,0.6755
RC,2025-12-28 00:00:00+05:30,71.5,25.0,42.0,10.92,136.0,17.283,43.0,9.395,0.7925
RC,2025-12-29 00:00:00+05:30,58.5,25.2,37.3,10.15,135.0,16.79,60.7,9.95,0.633
RC,2025-12-30 00:00:00+05:30,50.15,25.15,49.1,9.96,,14.265,18.1,10.425,0.6925
RC,2025-12-31 00:00:00+05:30,43.7,24.6,55.7,10.56,143.0,11.275,9.27,9.305,0.605
RC,2026-01-01 00:00:00+05:30,20.2,25.299999999999997,60.2,12.950000000000001,144.0,7.106,6.06,8.05,0.364
RC,2026-01-02 00:00:00+05:30,40.650000000000006,24.65,69.5,13.86,148.0,10.035,23.2,8.29,0.561
RC,2026-01-03 00:00:00+05:30,38.85,24.2,71.9,12.175,148.0,7.26,13.7,8.855,0.386
RC,2026-01-04 00:00:00+05:30,56.75,26.0,59.6,11.940000000000001,144.0,12.195,30.3,7.869999999999999,0.7100000000000001
RC,2026-01-05 00:00:00+05:30,50.550000000000004,25.75,60.9,11.219999999999999,143.0,13.075,24.2,8.785,0.59
RC,2026-01-06 00:00:00+05:30,47.35,26.299999999999997,51.4,10.605,141.0,14.695,35.6,7.975,0.6475
RC,2026-01-07 00:00:00+05:30,49.099999999999994,25.65,59.5,11.379999999999999,,15.365,15.7,8.015,0.725
RC,2026-01-08 00:00:00+05:30,41.1,25.45,42.6,10.959999999999999,137.0,16.475,29.950000000000003,12.3,0.682
RC,2026-01-09 00:00:00+05:30,38.0,25.1,42.3,9.54,137.0,13.575,29.3,7.8100000000000005,0.5705
RC,2026-01-10 00:00:00+05:30,42.75,25.2,36.7,10.754999999999999,136.0,11.895,34.75,9.195,0.47
RC,2026-01-20 00:00:00+05:30,44.8,22.9,62.8,2.18,145.0,18.5,32.5,7.59,1.14
RC,2026-01-21 00:00:00+05:30,40.85,24.95,50.6,5.85,140.0,23.965,22.6,9.005,0.9804999999999999
RC,2026-01-22 00:00:00+05:30,43.0,24.6,54.8,10.35,142.0,19.11,24.6,8.42,0.64
RC,2026-01-23 00:00:00+05:30,30.55,24.2,66.9,11.854999999999999,147.0,9.59,20.25,6.92,0.42600000000000005
RC,2026-01-24 00:00:00+05:30,25.75,23.75,55.0,11.094999999999999,142.0,11.040000000000001,26.75,7.495,0.3735
RC,2026-01-25 00:00:00+05:30,33.05,22.950000000000003,66.2,10.655000000000001,146.0,12.39,18.1,8.525,0.506
RC,2026-01-26 00:00:00+05:30,52.05,25.95,44.6,10.245000000000001,138.0,14.015,50.099999999999994,7.555000000000001,0.7965
RC,2026-01-27 00:00:00+05:30,29.2,24.05,63.4,9.945,145.0,6.915,27.950000000000003,5.13265,0.2565
RC,2026-01-28 00:00:00+05:30,29.15,22.25,53.8,10.185,143.0,3.62,18.2,10.4,0.261
RC,2026-01-29 00:00:00+05:30,29.95,24.85,49.5,9.594999999999999,140.0,8.875,36.8,8.655000000000001,0.45299999999999996
RC,2026-01-30 00:00:00+05:30,62.15,24.7,71.0,9.69,148.0,17.23,14.55,7.19,0.6875
RC,2026-01-31 00:00:00+05:30,126.95,24.9,76.3,10.055,150.0,7.64,24.25,6.0105,0.4235
RC,2026-02-01 00:00:00+05:30,44.65,25.35,63.4,9.145000000000001,145.0,10.695,24.8,7.76,0.604
RC,2026-02-02 00:00:00+05:30,52.0,25.3,51.3,8.33,142.0,17.325,23.700000000000003,8.295,0.6985
RC,2026-02-03 00:00:00+05:30,43.45,25.5,42.5,11.280000000000001,138.0,14.120000000000001,28.0,21.6,0.8574999999999999
RC,2026-02-04 00:00:00+05:30,43.15,26.9,30.0,6.815,126.0,11.335,49.3,13.15,0.5035
RC,2026-02-05 00:00:00+05:30,47.65,26.0,40.2,8.21,136.0,18.53,21.35,8.925,0.7695
RC,2026-02-06 00:00:00+05:30,45.55,25.55,35.9,8.265,135.0,15.975,19.25,9.21,0.76
RC,2026-02-07 00:00:00+05:30,41.65,26.5,29.2,8.83,132.0,12.935,34.15,10.684999999999999,0.7025
RC,2026-02-08 00:00:00+05:30,27.0,23.7,,13.4,,0.0,17.9,13.5,0.337
RC,2026-02-09 00:00:00+05:30,38.3,24.95,60.9,8.32,144.0,9.11,31.5,9.85,0.5
RC,2026-02-10 00:00:00+05:30,39.95,25.1,48.4,9.07,139.0,12.08,30.0,10.190000000000001,0.6655
RC,2026-02-11 00:00:00+05:30,38.7,25.6,42.4,8.645,137.0,15.67,29.75,10.675,0.6525
RC,2026-02-12 00:00:00+05:30,40.35,26.15,45.2,8.565,138.0,17.785,33.1,9.83,0.8380000000000001
RC,2026-02-13 00:00:00+05:30,42.75,26.0,43.9,7.85,,19.965,40.1,9.004999999999999,0.6295000000000001
RC,2026-02-14 00:00:00+05:30,43.8,27.4,35.9,7.93,137.0,15.47,48.7,9.36,0.78
RC,2026-02-15 00:00:00+05:30,42.25,26.95,26.3,8.25,131.0,11.18,55.0,10.755,0.5475
RC,2026-02-16 00:00:00+05:30,40.65,24.15,39.3,12.3,136.0,15.85,6.08,10.765,0.766
RC,2026-02-17 00:00:00+05:30,25.2,25.75,48.0,3.795,139.0,11.350000000000001,49.4,10.850000000000001,0.4315
RC,2026-02-18 00:00:00+05:30,15.25,25.85,51.6,8.004999999999999,141.0,6.035,30.3,8.78,0.353
RC,2026-02-19 00:00:00+05:30,37.4,27.3,51.5,8.4,141.0,9.55,50.7,11.344999999999999,0.5650000000000001
RC,2026-02-20 00:00:00+05:30,54.55,26.1,58.0,4.27,144.0,7.91,11.9,8.375,0.784
RC,2026-02-21 00:00:00+05:30,51.55,27.3,41.7,7.5,137.0,5.71,18.65,9.995000000000001,1.0545
RC,2026-02-22 00:00:00+05:30,40.4,26.700000000000003,45.2,8.62,138.0,5.24,1.01,10.405000000000001,0.66
RC,2026-02-23 00:00:00+05:30,37.0,25.45,48.8,8.370000000000001,140.0,12.17,31.0,12.41,0.563
RC,2026-02-24 00:00:00+05:30,37.05,26.35,50.1,9.525,141.0,8.96,45.5,10.475,0.6174999999999999
RC,2026-02-25 00:00:00+05:30,27.35,27.05,52.3,6.9,141.0,7.51,17.6,9.309999999999999,0.5295
RC,2026-02-26 00:00:00+05:30,13.34,25.9,56.4,9.2,,7.67,12.32,7.83,0.47450000000000003
RC,2026-02-27 00:00:00+05:30,8.8,25.8,48.5,9.715,140.0,8.17,14.899999999999999,7.4975,0.4465
RC,2026-02-28 00:00:00+05:30,11.015,25.65,43.5,9.515,138.0,5.52,22.1,9.02,0.4715
RC,2026-03-01 00:00:00+05:30,16.04,25.65,51.6,9.205,141.0,3.16,21.795,8.39,0.443
RC,2026-03-02 00:00:00+05:30,23.15,25.75,54.4,9.89,142.0,3.0349999999999997,21.66,8.235,0.5955
RC,2026-03-03 00:00:00+05:30,57.449999999999996,26.5,51.9,8.35,141.0,3.4650000000000003,28.84,10.870000000000001,0.736
RC,2026-03-04 00:00:00+05:30,32.75,29.1,37.8,6.955,136.0,3.55,35.95,14.75,0.5075
RC,2026-03-05 00:00:00+05:30,29.05,28.65,,6.63,132.0,3.1125,36.4,11.52,0.44999999999999996
RC,2026-03-06 00:00:00+05:30,29.349999999999998,28.049999999999997,36.4,7.585,135.0,3.14,31.8,10.525,0.30500000000000005
RC,2026-03-07 00:00:00+05:30,25.3,27.15,62.1,10.43,145.0,5.295,26.8,7.22,0.389
RC,2026-03-08 00:00:00+05:30,44.349999999999994,28.7,46.0,9.26,138.0,9.3,42.7,10.58,0.49550000000000005
RC,2026-03-09 00:00:00+05:30,49.3,29.1,32.3,8.235,133.0,10.625,45.55,12.15,0.505
RC,2026-03-10 00:00:00+05:30,50.65,29.4,32.9,4.3,133.0,12.059999999999999,66.905,10.405000000000001,0.5185
RC,2026-03-11 00:00:00+05:30,33.5,28.85,51.5,8.465,139.0,10.86,19.235,6.965,0.589
RC,2026-03-12 00:00:00+05:30,28.900000000000002,28.75,64.0,8.235,145.0,10.495000000000001,21.205000000000002,6.8815,0.42800000000000005
RC,2026-03-13 00:00:00+05:30,22.5,28.6,,14.2,,5.2,9.67,14.5,0.363
RC,2026-03-14 00:00:00+05:30,14.6,28.299999999999997,49.8,8.245,139.0,9.434999999999999,23.130000000000003,7.84,0.2275
RC,2026-03-15 00:00:00+05:30,12.350000000000001,28.15,54.7,8.985,141.0,8.41,17.275,6.6075,0.297
RC,2026-03-16 00:00:00+05:30,8.469999999999999,28.0,55.2,9.28,140.0,7.925000000000001,15.545,6.62,0.316
RC,2026-03-17 00:00:00+05:30,9.97,27.8,53.9,9.355,,8.955,19.57,7.010000000000001,0.3355
RC,2026-03-18 00:00:00+05:30,15.774999999999999,27.2,55.3,9.75,140.0,9.405,19.049999999999997,6.945,0.3775
RC,2026-03-19 00:00:00+05:30,12.55,27.55,51.6,9.785,,8.655,18.5,6.215,0.3255
RC,2026-03-20 00:00:00+05:30,18.95,27.1,50.2,7.41,139.0,9.79,22.9,8.754999999999999,0.3605
RC,2026-03-21 00:00:00+05:30,16.15,26.1,53.8,8.575,140.0,10.35,18.9,7.105,0.403
RC,2026-03-22 00:00:00+05:30,30.6,26.5,,14.7,,7.3,,12.5,0.314
RC,2026-03-23 00:00:00+05:30,31.950000000000003,27.55,46.6,8.504999999999999,138.0,11.195,31.599999999999998,10.15,0.513
RC,2026-03-24 00:00:00+05:30,32.0,27.65,50.3,8.595,139.0,10.395,56.5,9.23,0.269
RC,2026-03-25 00:00:00+05:30,26.25,27.700000000000003,57.4,8.735,142.0,10.545,41.3,6.6985,0.358
RC,2026-03-26 00:00:00+05:30,24.55,28.25,53.9,6.9799999999999995,140.0,10.32,49.3,6.4055,0.3405
RC,2026-03-27 00:00:00+05:30,24.4,27.7,55.9,7.180000000000001,141.0,11.42,25.7,8.28,0.4175
RC,2026-03-28 00:00:00+05:30,12.11,28.0,59.4,6.455,141.0,9.675,29.9,6.5120000000000005,0.313
RC,2026-03-29 00:00:00+05:30,4.115,27.549999999999997,63.2,7.619999999999999,,8.01,16.7,6.2374,0.253
RC,2026-03-30 00:00:00+05:30,13.15,28.4,58.9,6.695,141.0,9.65,33.0,6.555499999999999,0.3245
RC,2026-03-31 00:00:00+05:30,7.96,28.4,57.8,6.09,140.0,8.435,20.2,6.57,0.22249999999999998
RC,2026-04-01 00:00:00+05:30,13.399999999999999,27.85,58.6,11.004999999999999,140.0,6.55,29.0,6.845,0.243
RC,2026-04-02 00:00:00+05:30,12.8,27.5,55.9,8.87,139.0,7.43,38.0,7.305,0.269
RC,2026-04-03 00:00:00+05:30,19.85,28.05,52.0,8.675,138.0,10.045,28.8,7.135,0.3565
RC,2026-04-04 00:00:00+05:30,9.465,28.0,54.2,8.11,138.0,8.425,25.3,6.955,0.298
RC,2026-04-05 00:00:00+05:30,12.285,27.9,40.9,9.049999999999999,135.0,6.559,57.0,7.7299999999999995,0.315
RC,2026-04-06 00:00:00+05:30,8.57,26.35,52.6,14.7,139.0,8.184999999999999,45.7,7.135000000000001,0.26549999999999996
RC,2026-04-07 00:00:00+05:30,17.15,28.299999999999997,56.1,6.43,141.0,10.45,52.3,6.96,0.3345
RC,2026-04-08 00:00:00+05:30,17.75,28.2,57.3,7.305,142.0,5.36,16.1,14.2,0.23600000000000002
RC,2026-04-09 00:00:00+05:30,23.95,28.25,46.9,7.425,138.0,8.655,20.4,5.614999999999999,0.1664
RC,2026-04-10 00:00:00+05:30,43.55,27.75,37.1,8.5,134.0,11.0,30.0,8.535,0.30200000000000005
RC,2026-04-11 00:00:00+05:30,41.2,29.35,45.5,6.914999999999999,103.0,8.95,55.7,5.985,0.2905
RC,2026-04-12 00:00:00+05:30,33.9,28.25,64.6,10.4,145.0,4.9,31.5,6.825,0.3325
RC,2026-04-13 00:00:00+05:30,30.85,28.65,62.2,7.239999999999999,146.0,8.335,34.4,5.7715000000000005,0.296
RC,2026-04-14 00:00:00+05:30,34.55,27.7,70.1,13.17,148.0,4.84,26.3,5.855,0.29600000000000004
RC,2026-04-15 00:00:00+05:30,18.3,27.65,73.1,12.674999999999999,148.0,2.06,27.3,6.865,0.244
RC,2026-04-16 00:00:00+05:30,15.4,27.35,61.6,10.33,144.0,1.7,30.0,7.205,0.2845
RC,2026-04-17 00:00:00+05:30,18.75,27.55,59.4,9.56,142.0,1.76,33.0,7.32,0.22399999999999998
RC,2026-04-18 00:00:00+05:30,21.3,26.85,75.0,9.885,144.0,1.13,25.8,6.15,0.1705
RC,2026-04-19 00:00:00+05:30,32.9,25.8,,22.2,,2.55,,11.2,0.281
RC,2026-04-20 00:00:00+05:30,21.85,28.25,51.4,10.8,139.0,6.43,38.0,7.319999999999999,0.275
RC,2026-04-21 00:00:00+05:30,26.799999999999997,27.35,63.4,13.265,141.0,6.89,41.8,6.404999999999999,0.28700000000000003
RC,2026-04-22 00:00:00+05:30,21.6,29.0,49.9,13.254999999999999,140.0,6.665,29.9,6.67,0.27849999999999997
RC,2026-04-23 00:00:00+05:30,25.6,28.950000000000003,50.3,18.465,136.0,1.95,31.2,7.055,0.3145
RC,2026-04-24 00:00:00+05:30,24.05,30.85,54.8,12.92,139.0,7.1,48.3,6.255000000000001,0.28400000000000003
RC,2026-04-25 00:00:00+05:30,29.099999999999998,32.25,50.3,14.174999999999999,138.0,7.7,58.3,6.215,0.267
RC,2026-04-26 00:00:00+05:30,23.05,31.549999999999997,54.3,13.835,136.0,7.295,25.9,5.696000000000001,0.3215
RC,2026-04-27 00:00:00+05:30,21.9,30.6,68.4,10.255500000000001,137.0,4.31604,18.5,6.202,0.301
RC,2026-04-28 00:00:00+05:30,11.9,30.8,59.6,1.16,135.0,12.2,19.0,0.704,0.285
RC,2026-04-29 00:00:00+05:30,8.13,30.4,60.3,1.35,135.0,12.1,13.9,1.48,0.305
RC,2026-04-30 00:00:00+05:30,9.81,30.4,59.6,1.67,136.0,12.0,12.7,0.893,0.525
RC,2026-05-01 00:00:00+05:30,14.4,30.2,58.1,1.79,137.0,11.9,14.8,1.94,0.252
RC,2026-05-02 00:00:00+05:30,15.7,30.5,56.0,1.77,136.0,12.1,17.4,1.44,0.222
RC,2026-05-03 00:00:00+05:30,17.3,30.6,59.2,1.77,137.0,12.0,17.6,0.66,0.231
RC,2026-05-04 00:00:00+05:30,15.8,30.7,56.3,1.91,138.0,12.0,27.7,1.28,0.248
RC,2026-05-05 00:00:00+05:30,14.7,30.9,54.9,1.78,136.0,12.1,13.2,0.172,0.223
RC,2026-05-06 00:00:00+05:30,22.5,31.4,55.9,1.82,138.0,,20.3,1.94,0.17
RC,2026-05-07 00:00:00+05:30,27.7,32.650000000000006,26.3,0.82,68.0,6.05,17.31,8.65,0.306
RC,2026-05-08 00:00:00+05:30,25.65,31.65,30.7,0.905,68.5,6.05,19.375,8.441,0.34950000000000003
RC,2026-05-09 00:00:00+05:30,26.3,32.4,58.2,3.4000000000000004,134.0,11.649999999999999,26.1,8.54,0.319
RC,2026-05-10 00:00:00+05:30,21.75,31.9,55.2,6.039999999999999,137.0,17.05,19.85,8.826,0.321
RC,2026-05-11 00:00:00+05:30,46.5,31.85,58.3,5.79,138.0,16.2,23.905,8.40351,0.3775
RC,2026-05-12 00:00:00+05:30,24.3,31.8,57.1,6.355,137.0,17.45,18.215,8.651499999999999,0.3315
RC,2026-05-13 00:00:00+05:30,15.25,31.45,61.4,6.75,136.0,18.549999999999997,23.28,8.8095,0.324
RC,2026-05-14 00:00:00+05:30,14.65,29.549999999999997,58.6,8.19,136.0,22.650000000000002,20.2,8.197000000000001,0.3025
RC,2026-05-15 00:00:00+05:30,14.55,29.799999999999997,56.8,6.205,136.0,18.0,16.6,8.211500000000001,0.27849999999999997
RC,2026-05-16 00:00:00+05:30,8.98,30.0,61.6,2.98,137.0,12.25,15.95,9.655,0.23249999999999998
RC,2026-05-17 00:00:00+05:30,9.065,29.6,65.7,4.075,136.0,14.75,16.65,8.873999999999999,0.186
RC,2026-05-18 00:00:00+05:30,15.6,29.85,62.5,3.8600000000000003,132.0,14.35,31.15,9.148000000000001,0.2495
RC,2026-05-19 00:00:00+05:30,14.0,29.65,59.3,3.775,,14.15,21.7,8.9895,0.27149999999999996
RC,2026-05-20 00:00:00+05:30,8.99,29.9,56.6,3.6799999999999997,136.0,13.899999999999999,17.25,8.7455,0.192
RC,2026-05-21 00:00:00+05:30,6.895,30.15,57.7,3.595,,13.7,16.9,9.0865,0.2005
RC,2026-05-22 00:00:00+05:30,8.235,30.35,59.4,3.23,137.0,12.35,26.65,8.252500000000001,0.12265000000000001
RC,2026-05-23 00:00:00+05:30,5.51,30.7,56.5,3.34,137.0,13.1,36.199999999999996,8.157,0.182
RC,2026-05-24 00:00:00+05:30,4.6,30.8,57.7,3.0100000000000002,,12.0,41.25,7.970000000000001,0.16149999999999998
RC,2026-05-25 00:00:00+05:30,5.43,30.25,58.2,4.87,134.0,14.025,37.25,8.0485,0.18
RC,2026-05-26 00:00:00+05:30,3.7,30.7,58.2,2.88,136.0,11.8,28.650000000000002,7.99275,0.14350000000000002
RC,2026-05-27 00:00:00+05:30,6.135,30.15,56.9,3.205,136.0,9.52,26.0,8.1495,0.172
RC,2026-05-28 00:00:00+05:30,7.66,30.25,51.8,4.53,134.0,13.780000000000001,25.15,7.936,0.1785
RC,2026-05-29 00:00:00+05:30,14.4,31.6,52.6,1.73,134.0,8.86,36.4,1.55,0.173
RC,2026-05-30 00:00:00+05:30,12.22,30.6,55.7,10.605,134.0,7.3,25.65,8.925,0.18
RC,2026-05-31 00:00:00+05:30,12.9,30.4,57.5,10.68,131.0,8.27,27.099999999999998,8.2295,0.1755
RC,2026-06-01 00:00:00+05:30,11.5,31.65,53.3,10.74,136.0,8.465,26.05,8.1485,0.16949999999999998
RC,2026-06-02 00:00:00+05:30,13.8,31.7,52.5,1.73,134.0,6.31,47.5,15.1,0.167
RC,2026-06-03 00:00:00+05:30,171.25,31.55,54.5,21.635,133.0,75.35,22.4,9.21,0.1865
RC,2026-06-04 00:00:00+05:30,19.9,31.8,53.5,1.7,134.0,15.3,37.2,2.66,0.1215
RC,2026-06-05 00:00:00+05:30,12.8,32.2,27.3,0.865,67.5,12.4,50.2,2.64,0.0473
RC,2026-06-06 00:00:00+05:30,13.8,32.5,26.3,0.84,67.5,6.73,37.5,2.07,0.061
RC,2026-06-07 00:00:00+05:30,17.0,32.3,27.8,0.845,68.0,7.76,4.25,1.15,0.095
RC,2026-06-08 00:00:00+05:30,15.3,32.25,27.35,13.9,67.0,11.805,4.095,9.831,0.1075
RC,2026-06-09 00:00:00+05:30,18.2,32.3,54.2,15.635,132.0,12.975,8.105,11.285,0.1735
RC,2026-06-10 00:00:00+05:30,16.1,32.150000000000006,53.7,14.014999999999999,133.0,14.295,8.51,11.59,0.13855
RC,2026-06-11 00:00:00+05:30,16.2,32.25,53.4,13.26,132.0,13.5,8.4,12.08,0.184
RC,2026-06-12 00:00:00+05:30,14.7,32.3,54.8,12.445,132.0,12.05,9.43,11.805,0.19
RC,2026-06-13 00:00:00+05:30,17.3,32.3,53.7,8.205,132.0,10.77,9.2,11.425,0.1795
RC,2026-06-14 00:00:00+05:30,12.25,32.25,51.7,3.11,133.0,6.52,8.095,12.58,0.15685
RC,2026-06-15 00:00:00+05:30,9.905000000000001,32.35,52.0,3.125,134.0,6.24,7.7749999999999995,12.940000000000001,0.15035
RC,2026-06-16 00:00:00+05:30,12.0,32.35,50.5,3.125,135.0,6.55,7.105,11.417499999999999,0.1875
RC,2026-06-17 00:00:00+05:30,9.17,32.05,51.0,3.14,136.0,7.9,6.65,11.475,0.176
RC,2026-06-18 00:00:00+05:30,8.625,31.549999999999997,52.4,3.145,136.0,7.75,6.325,11.695,0.16
RC,2026-06-19 00:00:00+05:30,9.28,31.3,48.2,1.78,134.0,10.5,8.17,2.51,0.128
RC,2026-06-20 00:00:00+05:30,8.32,30.7,50.7,1.84,135.0,9.32,8.55,2.44,0.0347
RC,2026-06-22 00:00:00+05:30,8.48,31.3,54.6,1.38,135.0,17.7,9.02,5.23,0.299
RC,2026-06-23 00:00:00+05:30,8.97,28.2,73.1,2.11,146.0,19.7,10.3,1.89,0.22
RC,2026-06-25 00:00:00+05:30,14.6,28.5,86.5,1.68,137.0,19.8,14.9,2.29,0.252
RC,2026-06-26 00:00:00+05:30,15.0,30.0,75.0,1.61,132.0,22.7,15.5,2.23,0.23
RC,2026-06-27 00:00:00+05:30,11.9,30.4,71.2,1.65,131.0,19.6,17.4,1.09,0.257
RC,2026-06-28 00:00:00+05:30,11.2,29.7,76.3,1.6,131.0,14.2,21.3,2.3,0.187
RC,2026-06-29 00:00:00+05:30,8.06,26.7,87.5,1.34,127.0,17.6,19.4,1.53,0.217
RC,2026-06-30 00:00:00+05:30,8.56,27.2,88.1,1.4,131.0,18.1,19.2,1.76,0.271
RC,2026-07-01 00:00:00+05:30,4.75,26.3,88.2,0.952,122.0,15.0,20.4,2.17,0.199
RC,2026-07-02 00:00:00+05:30,3.34,26.1,88.2,1.03,123.0,15.7,21.1,1.35,0.218
RC,2026-07-03 00:00:00+05:30,3.12,25.9,88.2,0.34,93.1,14.6,19.9,1.59,0.17
RC,2026-07-04 00:00:00+05:30,3.14,24.8,85.2,0.1,38.8,13.9,22.8,1.54,0.191
RC,2026-07-05 00:00:00+05:30,4.95,26.5,88.3,0.00844,3.88,6.87,25.7,1.87,0.101
RC,2026-07-06 00:00:00+05:30,7.97,26.2,88.2,0.0417,17.7,7.36,21.9,1.1,0.106
RC,2026-07-07 00:00:00+05:30,12.3,27.2,88.3,0.0,0.0,8.31,23.8,1.74,0.147
RC,2026-07-08 00:00:00+05:30,12.2,24.5,85.5,4.49,40.6,11.4,26.5,0.448,0.283
RC,2026-07-09 00:00:00+05:30,15.2,29.0,88.2,18.7,100.0,11.9,22.6,1.04,0.174
RC,2026-07-10 00:00:00+05:30,10.8,29.4,86.7,10.0,161.0,14.6,15.4,0.53,0.12
RC,2026-07-11 00:00:00+05:30,10.9,29.5,87.2,3.99,202.0,10.1,14.5,3.02,0.17
RC,2026-07-12 00:00:00+05:30,10.3,29.7,85.4,4.25,205.0,9.46,13.2,0.165,0.206
RC,2026-07-13 00:00:00+05:30,7.44,29.7,79.2,4.35,214.0,14.1,7.34,1.04,0.167
RC,2026-07-14 00:00:00+05:30,11.9,29.7,76.0,4.37,218.0,12.8,4.08,3.05,0.255
RC,2026-07-15 00:00:00+05:30,15.5,29.2,85.6,4.49,222.0,13.6,5.95,0.911,0.337
RC,2026-07-16 00:00:00+05:30,12.5,29.1,87.7,4.45,227.0,12.6,5.47,1.55,0.237
RC,2026-07-17 00:00:00+05:30,11.9,28.8,88.0,4.4,221.0,12.5,5.56,1.62,0.258
RC,2026-07-18 00:00:00+05:30,10.4,27.9,88.1,4.27,212.0,15.7,5.88,2.87,0.381
RC,2026-07-19 00:00:00+05:30,9.2,27.1,88.2,4.49,223.0,16.7,5.0,2.27,0.279
RC,2026-07-20 00:00:00+05:30,10.8,26.7,88.2,3.76,206.0,15.2,5.3,1.24,0.245
RC,2026-07-21 00:00:00+05:30,7.83,28.5,88.1,4.34,203.0,10.2,5.58,1.44,0.175
RC,2026-07-22 00:00:00+05:30,8.58,29.8,88.1,4.34,199.0,12.6,5.45,1.56,0.29
RC,2026-07-23 00:00:00+05:30,8.41,29.0,88.1,3.9,199.0,12.0,7.72,2.01,0.289
RC,2026-07-24 00:00:00+05:30,9.51,28.0,88.1,4.21,201.0,10.1,8.27,1.76,0.288
RC,2026-07-25 00:00:00+05:30,12.2,28.7,88.1,4.35,206.0,10.1,7.82,2.51,0.318
RC,2026-07-26 00:00:00+05:30,12.1,28.3,88.1,4.32,210.0,10.5,9.05,2.06,0.278
RC,2026-07-27 00:00:00+05:30,9.75,28.0,88.2,4.1,204.0,13.1,8.09,2.2,0.693
RC,2026-07-28 00:00:00+05:30,13.7,28.4,88.1,4.4,212.0,11.7,8.99,3.02,0.265
RC,2026-07-29 00:00:00+05:30,17.2,28.8,88.1,4.33,200.0,10.9,8.95,2.1,0.284
RC,2026-07-30 00:00:00+05:30,15.3,28.3,88.2,4.03,201.0,11.1,7.73,2.97,0.329
RC,2026-07-31 00:00:00+05:30,15.5,27.8,88.2,3.24,199.0,8.81,8.65,3.95,0.229
RC,2026-08-01 00:00:00+05:30,16.0,28.5,88.1,4.06,200.0,7.38,8.66,2.68,0.291
RC,2026-08-02 00:00:00+05:30,13.2,27.7,88.2,4.33,206.0,7.56,7.94,2.62,0.312
RC,2026-08-03 00:00:00+05:30,12.2,28.0,88.1,3.17,202.0,9.45,8.69,1.37,0.289
RC,2026-08-04 00:00:00+05:30,10.9,27.9,87.5,4.47,221.0,10.8,6.74,2.05,0.337
RC,2026-08-05 00:00:00+05:30,33.1,27.4,88.2,4.6,231.0,11.8,9.62,3.02,0.404
RC,2026-08-06 00:00:00+05:30,48.6,28.6,87.1,4.57,231.0,10.4,9.06,2.6,0.342
RC,2026-08-07 00:00:00+05:30,12.8,28.9,86.5,4.72,239.0,10.3,6.88,3.12,0.338
RC,2026-08-08 00:00:00+05:30,12.3,28.6,87.4,4.76,241.0,10.5,6.77,3.53,0.368
RC,2026-08-09 00:00:00+05:30,14.9,28.7,87.5,4.77,241.0,9.14,7.38,2.35,0.233
RC,2026-08-10 00:00:00+05:30,13.7,28.7,87.3,4.79,242.0,10.2,8.35,3.19,0.25
RC,2026-08-11 00:00:00+05:30,10.9,25.7,88.2,4.6,224.0,13.5,29.0,4.97,0.487
RC,2026-08-12 00:00:00+05:30,10.3,27.7,88.1,4.61,229.0,13.0,4.61,4.84,0.184
RC,2026-08-13 00:00:00+05:30,11.5,27.5,88.2,4.76,242.0,11.7,5.91,4.79,0.325
RC,2026-08-14 00:00:00+05:30,15.5,28.8,83.6,4.77,241.0,12.2,5.37,1.9,0.353
RC,2026-08-15 00:00:00+05:30,5.59,26.9,88.2,4.82,243.99999999999997,12.9,4.51,3.11,0.275
RC,2026-08-16 00:00:00+05:30,9.35,28.2,85.3,4.77,241.0,10.3,6.21,4.02,0.246
RC,2026-08-17 00:00:00+05:30,11.0,27.4,88.2,4.78,242.0,11.8,4.47,2.16,0.236
RC,2026-08-18 00:00:00+05:30,8.33,28.2,88.0,4.77,242.0,11.3,4.27,1.93,0.275
RC,2026-08-19 00:00:00+05:30,8.0,28.2,87.3,4.77,242.0,11.3,5.71,3.11,0.244
RC,2026-08-20 00:00:00+05:30,11.4,28.1,87.9,4.75,241.0,9.31,6.68,2.82,0.2
RC,2026-08-21 00:00:00+05:30,2.16,29.0,86.8,4.63,234.0,,22.1,,0.0933
RC,2026-08-22 00:00:00+05:30,7.24,28.3,87.6,4.67,238.0,33.7,8.32,4.17,0.252
RC,2026-08-23 00:00:00+05:30,8.76,28.6,84.6,4.64,236.0,19.4,8.69,3.32,0.202
RC,2026-08-24 00:00:00+05:30,9.11,28.0,87.8,4.7,239.99999999999997,18.9,9.0,1.74,0.233
RC,2026-08-25 00:00:00+05:30,12.8,28.6,87.8,4.75,241.0,17.1,11.1,3.31,0.196
RC,2026-08-26 00:00:00+05:30,9.94,28.8,87.0,4.8,242.0,14.0,12.4,2.59,0.225
RC,2026-08-27 00:00:00+05:30,8.64,28.8,86.1,4.77,239.99999999999997,12.4,13.0,4.77,0.14
RC,2026-08-28 00:00:00+05:30,7.3,28.4,87.5,4.77,239.99999999999997,14.2,6.91,4.88,0.21
RC,2026-08-29 00:00:00+05:30,3.8,28.1,87.9,4.74,238.0,8.53,10.1,2.61,0.211
RC,2026-08-30 00:00:00+05:30,7.56,29.3,85.1,4.8,239.99999999999997,11.6,11.2,2.69,0.246
RC,2026-08-31 00:00:00+05:30,5.43,28.6,86.5,4.8,241.0,11.1,10.4,4.26,0.159
RC,2026-09-01 00:00:00+05:30,5.48,28.4,87.5,4.8,241.0,10.5,9.71,3.68,0.185
RC,2026-09-02 00:00:00+05:30,9.3,27.8,88.1,4.79,241.0,11.4,19.7,2.57,0.409
RC,2026-09-03 00:00:00+05:30,16.6,28.1,86.9,4.78,239.99999999999997,11.8,15.1,1.96,0.286
RC,2026-09-04 00:00:00+05:30,18.7,28.5,85.6,4.81,241.0,9.73,17.1,2.31,0.21
RC,2026-09-05 00:00:00+05:30,17.8,28.3,87.4,4.85,243.0,12.4,15.8,1.47,0.189
RC,2026-09-06 00:00:00+05:30,16.4,28.0,86.1,4.9,245.0,11.0,15.3,0.436,0.249
RC,2026-09-07 00:00:00+05:30,16.3,28.2,84.7,4.9,243.99999999999997,4.96,16.0,2.06,0.168
RC,2026-09-08 00:00:00+05:30,16.3,28.7,79.7,4.87,242.0,4.18,16.0,1.33,0.148
RC,2026-09-09 00:00:00+05:30,14.8,28.8,83.4,4.85,242.0,4.45,16.3,0.946,0.181
RC,2026-09-10 00:00:00+05:30,13.5,28.5,85.4,3.23,243.0,4.22,14.5,0.526,0.185
RC,2026-09-11 00:00:00+05:30,15.9,28.7,78.0,1.74,239.99999999999997,5.03,16.1,0.844,0.213
RC,2026-09-12 00:00:00+05:30,13.7,28.1,85.0,1.77,243.0,51.4,15.9,1.71,0.28
RC,2026-09-13 00:00:00+05:30,15.1,25.0,88.2,1.82,247.0,26.1,13.3,0.361,0.291
RC,2026-09-14 00:00:00+05:30,17.4,27.0,88.2,1.87,250.0,21.8,16.7,1.02,0.254
RC,2026-09-15 00:00:00+05:30,18.5,27.3,88.0,1.88,251.0,18.8,14.3,0.632,0.244
RC,2026-09-16 00:00:00+05:30,16.0,27.7,86.4,1.87,250.0,17.1,15.8,2.74,0.31
RC,2026-09-17 00:00:00+05:30,14.9,28.3,88.0,1.88,251.0,14.6,17.3,2.6,0.229
