{
"type": "FeatureCollection",
"name": "mumbai_healthcare_facilities",
"crs": { "type": "name", "properties": { "name": "urn:ogc:def:crs:OGC:1.3:CRS84" } },
"features": [
{ "type": "Feature", "properties": { "facility_id": "HC_00001", "name": "Colaba Dispensary", "service_type": "dispensary", "address": "1st Floor MCGM Bldg Lala Nigam Rd Mum-5", "ward_code": "A", "longitude": 72.83, "latitude": 18.92, "source": "Mumbai OpenCity / BMC", "source_file": "Mumbai City Dispensaries Map.kml", "source_id": "1", "verification_status": "source_verified" }, "geometry": { "type": "Point", "coordinates": [ 72.83, 18.92, 0.0 ] } },
{ "type": "Feature", "properties": { "facility_id": "HC_00002", "name": "Saboo Sidique Rd. Dispensary (Paltan Road)", "service_type": "dispensary", "address": "Rota Printing Press 2nd floor Camac Bridge Masjid -1", "ward_code": "A", "longitude": 72.84, "latitude": 18.95, "source": "Mumbai OpenCity / BMC", "source_file": "Mumbai City Dispensaries Map.kml", "source_id": "2", "verification_status": "source_verified" }, "geometry": { "type": "Point", "coordinates": [ 72.84, 18.95, 0.0 ] } },
{ "type": "Feature", "properties": { "facility_id": "HC_00003", "name": "Maruti Lane Dispensary", "service_type": "dispensary", "address": "Near Handloom House Maruti Lane , Fort", "ward_code": "A", "longitude": 72.83, "latitude": 18.94, "source": "Mumbai OpenCity / BMC", "source_file": "Mumbai City Dispensaries Map.kml", "source_id": "3", "verification_status": "source_verified" }, "geometry": { "type": "Point", "coordinates": [ 72.83, 18.94, 0.0 ] } },
{ "type": "Feature", "properties": { "facility_id": "HC_00004", "name": "Head Office Dispensary", "service_type": "dispensary", "address": "Municipal Head Office 2nd Floor ,CST", "ward_code": "A", "longitude": 72.8344, "latitude": 18.9405, "source": "Mumbai OpenCity / BMC", "source_file": "Mumbai City Dispensaries Map.kml", "source_id": "4", "verification_status": "source_verified" }, "geometry": { "type": "Point", "coordinates": [ 72.8344, 18.9405, 0.0 ] } },
{ "type": "Feature", "properties": { "facility_id": "HC_00005", "name": "Head Office Ayurvedic", "service_type": "dispensary", "address": "Municipal Head Office 2nd Floor Annex Bldg Mumbai -1", "ward_code": "A", "longitude": 72.8344, "latitude": 18.9405, "source": "Mumbai OpenCity / BMC", "source_file": "Mumbai City Dispensaries Map.kml", "source_id": "5", "verification_status": "source_verified" }, "geometry": { "type": "Point", "coordinates": [ 72.8344, 18.9405, 0.0 ] } },
{ "type": "Feature", "properties": { "facility_id": "HC_00006", "name": "S B S Road. Dispensary", "service_type": "dispensary", "address": "303 Chowksi Mension 1st floor SBS Rd Fort, Mumbai -1", "ward_code": "A", "longitude": 72.84, "latitude": 18.93, "source": "Mumbai OpenCity / BMC", "source_file": "Mumbai City Dispensaries Map.kml", "source_id": "6", "verification_status": "source_verified" }, "geometry": { "type": "Point", "coordinates": [ 72.84, 18.93, 0.0 ] } },
{ "type": "Feature", "properties": { "facility_id": "HC_00007", "name": "SVP Road Dispensary", "service_type": "dispensary", "address": "259'SVP rd Disp, Municipal Urdu school,SVP rd Mumbai-09", "ward_code": "B", "longitude": 72.83, "latitude": 18.96, "source": "Mumbai OpenCity / BMC", "source_file": "Mumbai City Dispensaries Map.kml", "source_id": "7", "verification_status": "source_verified" }, "geometry": { "type": "Point", "coordinates": [ 72.83, 18.96, 0.0 ] } },
{ "type": "Feature", "properties": { "facility_id": "HC_00008", "name": "Walphakdi Dispensary", "service_type": "dispensary", "address": "BMC block A ground floor Mavji Rathod rd,Noorbaugh Mumbai-9", "ward_code": "B", "longitude": 72.84, "latitude": 18.96, "source": "Mumbai OpenCity / BMC", "source_file": "Mumbai City Dispensaries Map.kml", "source_id": "8", "verification_status": "source_verified" }, "geometry": { "type": "Point", "coordinates": [ 72.84, 18.96, 0.0 ] } },
{ "type": "Feature", "properties": { "facility_id": "HC_00009", "name": "Jail Road Dispensary", "service_type": "dispensary", "address": "44,jail rd disp,20 kolsa mohalla ground floor pydhunie Mumbai-3", "ward_code": "B", "longitude": 72.83, "latitude": 18.95, "source": "Mumbai OpenCity / BMC", "source_file": "Mumbai City Dispensaries Map.kml", "source_id": "9", "verification_status": "source_verified" }, "geometry": { "type": "Point", "coordinates": [ 72.83, 18.95, 0.0 ] } },
{ "type": "Feature", "properties": { "facility_id": "HC_00010", "name": "Jail Road Unanai Dispensary", "service_type": "dispensary", "address": "C/O 259'SVP rd Disp, Municipal Urdu school,SVP rd Mumbai-09", "ward_code": "B", "longitude": 72.83, "latitude": 18.96, "source": "Mumbai OpenCity / BMC", "source_file": "Mumbai City Dispensaries Map.kml", "source_id": "10", "verification_status": "source_verified" }, "geometry": { "type": "Point", "coordinates": [ 72.83, 18.96, 0.0 ] } },
{ "type": "Feature", "properties": { "facility_id": "HC_00011", "name": "Kolsa Mohalla Unani Dispensary", "service_type": "dispensary", "address": "C/O 44, jail rd disp,20 kolsa mohalla,1st floor pydhunie Mumbai-3", "ward_code": "B", "longitude": 72.83, "latitude": 18.95, "source": "Mumbai OpenCity / BMC", "source_file": "Mumbai City Dispensaries Map.kml", "source_id": "11", "verification_status": "source_verified" }, "geometry": { "type": "Point", "coordinates": [ 72.83, 18.95, 0.0 ] } },
{ "type": "Feature", "properties": { "facility_id": "HC_00012", "name": "Ghoghari Mohalla Dispensary", "service_type": "dispensary", "address": "47 Ghoghari Mohalla Mumbai 400003", "ward_code": "C", "longitude": 72.83, "latitude": 18.96, "source": "Mumbai OpenCity / BMC", "source_file": "Mumbai City Dispensaries Map.kml", "source_id": "12", "verification_status": "source_verified" }, "geometry": { "type": "Point", "coordinates": [ 72.83, 18.96, 0.0 ] } },
{ "type": "Feature", "properties": { "facility_id": "HC_00013", "name": "Panjrapole Dispensary", "service_type": "dispensary", "address": "Panjarapol BMC Dispensary 1st Panjarapol Lane near C.P. Fank Mumbai 400004.", "ward_code": "C", "longitude": 72.83, "latitude": 18.96, "source": "Mumbai OpenCity / BMC", "source_file": "Mumbai City Dispensaries Map.kml", "source_id": "13", "verification_status": "source_verified" }, "geometry": { "type": "Point", "coordinates": [ 72.83, 18.96, 0.0 ] } },
{ "type": "Feature", "properties": { "facility_id": "HC_00014", "name": "Thakurdwar Dispensary", "service_type": "dispensary", "address": "Babasaheb Jaykar Marg Ground Floor Thakurdwar Dispensary", "ward_code": "C", "longitude": 72.82, "latitude": 18.95, "source": "Mumbai OpenCity / BMC", "source_file": "Mumbai City Dispensaries Map.kml", "source_id": "14", "verification_status": "source_verified" }, "geometry": { "type": "Point", "coordinates": [ 72.82, 18.95, 0.0 ] } },
{ "type": "Feature", "properties": { "facility_id": "HC_00015", "name": "Chandanwadi Dispensary", "service_type": "dispensary", "address": "Chandanwadi Mun.Corporation Desp C Ward S.P Marg Chandanwadi Chirabazar Mumbai", "ward_code": "C", "longitude": 72.8265, "latitude": 18.9463, "source": "Mumbai OpenCity / BMC", "source_file": "Mumbai City Dispensaries Map.kml", "source_id": "15", "verification_status": "source_verified" }, "geometry": { "type": "Point", "coordinates": [ 72.8265, 18.9463, 0.0 ] } },
{ "type": "Feature", "properties": { "facility_id": "HC_00016", "name": "Duncan Road Dispensary", "service_type": "dispensary", "address": "2nd Duncan Road 2nd Cross Lane", "ward_code": "C", "longitude": 72.83, "latitude": 18.96, "source": "Mumbai OpenCity / BMC", "source_file": "Mumbai City Dispensaries Map.kml", "source_id": "16", "verification_status": "source_verified" }, "geometry": { "type": "Point", "coordinates": [ 72.83, 18.96, 0.0 ] } },
{ "type": "Feature", "properties": { "facility_id": "HC_00017", "name": "Nana Chowk Dispensary", "service_type": "dispensary", "address": "JSS Municipal School,Ground Floor,Near Frare bridge,Grant road(W),Mumbai 400007", "ward_code": "D", "longitude": 72.81, "latitude": 18.96, "source": "Mumbai OpenCity / BMC", "source_file": "Mumbai City Dispensaries Map.kml", "source_id": "17", "verification_status": "source_verified" }, "geometry": { "type": "Point", "coordinates": [ 72.81, 18.96, 0.0 ] } },
{ "type": "Feature", "properties": { "facility_id": "HC_00018", "name": "Bane Compound Dispensary(Tulshiwadi)", "service_type": "dispensary", "address": "Bane Compound,Sane Guruji marg, Tardeo mumbai-34", "ward_code": "D", "longitude": 72.8183, "latitude": 18.9717, "source": "Mumbai OpenCity / BMC", "source_file": "Mumbai City Dispensaries Map.kml", "source_id": "18", "verification_status": "source_verified" }, "geometry": { "type": "Point", "coordinates": [ 72.8183, 18.9717, 0.0 ] } },
{ "type": "Feature", "properties": { "facility_id": "HC_00019", "name": "R. S. Nimkar Disp", "service_type": "dispensary", "address": "R S Nimkar Marg,Near Pratiksha Tower,Grant Road (E),Mumbai-400008", "ward_code": "D", "longitude": 72.82, "latitude": 18.97, "source": "Mumbai OpenCity / BMC", "source_file": "Mumbai City Dispensaries Map.kml", "source_id": "19", "verification_status": "source_verified" }, "geometry": { "type": "Point", "coordinates": [ 72.82, 18.97, 0.0 ] } },
{ "type": "Feature", "properties": { "facility_id": "HC_00020", "name": "R. R.R. Marg Dispensary", "service_type": "dispensary", "address": "303 RRR Marg mun.dispensary,rrr marg, charni road(E), Mumbai-04", "ward_code": "D", "longitude": 72.82, "latitude": 18.95, "source": "Mumbai OpenCity / BMC", "source_file": "Mumbai City Dispensaries Map.kml", "source_id": "20", "verification_status": "source_verified" }, "geometry": { "type": "Point", "coordinates": [ 72.82, 18.95, 0.0 ] } },
{ "type": "Feature", "properties": { "facility_id": "HC_00021", "name": "Tardeo Flat Dispensary", "service_type": "dispensary", "address": "B-1 Tower,Dr.Babasaheb Ambedkar nagar,Mahalaxmi,Mumbai-400034", "ward_code": "D", "longitude": 72.82, "latitude": 18.98, "source": "Mumbai OpenCity / BMC", "source_file": "Mumbai City Dispensaries Map.kml", "source_id": "21", "verification_status": "source_verified" }, "geometry": { "type": "Point", "coordinates": [ 72.82, 18.98, 0.0 ] } },
{ "type": "Feature", "properties": { "facility_id": "HC_00022", "name": "Banganga Dispensary", "service_type": "dispensary", "address": "Banganga kawale math Municipal school,Walkeshwar,Mumbai 400006", "ward_code": "D", "longitude": 72.8517, "latitude": 18.9615, "source": "Mumbai OpenCity / BMC", "source_file": "Mumbai City Dispensaries Map.kml", "source_id": "22", "verification_status": "source_verified" }, "geometry": { "type": "Point", "coordinates": [ 72.8517, 18.9615, 0.0 ] } },
{ "type": "Feature", "properties": { "facility_id": "HC_00023", "name": "N.M. Joshi Dispensary", "service_type": "dispensary", "address": "N.M. Joshi Marg,Opp Byculla railway station Mumbai- 11", "ward_code": "E", "longitude": 72.83, "latitude": 18.98, "source": "Mumbai OpenCity / BMC", "source_file": "Mumbai City Dispensaries Map.kml", "source_id": "23", "verification_status": "source_verified" }, "geometry": { "type": "Point", "coordinates": [ 72.83, 18.98, 0.0 ] } },
{ "type": "Feature", "properties": { "facility_id": "HC_00024", "name": "R.J. Compound Dispensary", "service_type": "dispensary", "address": "Keshavrao Khade Marg ,Satrasta,Byculla Mumbai-11", "ward_code": "E", "longitude": 72.83, "latitude": 18.98, "source": "Mumbai OpenCity / BMC", "source_file": "Mumbai City Dispensaries Map.kml", "source_id": "24", "verification_status": "source_verified" }, "geometry": { "type": "Point", "coordinates": [ 72.83, 18.98, 0.0 ] } },
{ "type": "Feature", "properties": { "facility_id": "HC_00025", "name": "Souter Street Dispensary", "service_type": "dispensary", "address": "Meghraj Sethi Marg,opp Zula maidan Byculla Mumbai- 08", "ward_code": "E", "longitude": 72.83, "latitude": 18.97, "source": "Mumbai OpenCity / BMC", "source_file": "Mumbai City Dispensaries Map.kml", "source_id": "25", "verification_status": "source_verified" }, "geometry": { "type": "Point", "coordinates": [ 72.83, 18.97, 0.0 ] } },
{ "type": "Feature", "properties": { "facility_id": "HC_00026", "name": "Huzaria Street Dispensary", "service_type": "dispensary", "address": "Huzeria Street ,Nagpada ,Mumbai- 10", "ward_code": "E", "longitude": 72.83, "latitude": 18.96, "source": "Mumbai OpenCity / BMC", "source_file": "Mumbai City Dispensaries Map.kml", "source_id": "26", "verification_status": "source_verified" }, "geometry": { "type": "Point", "coordinates": [ 72.83, 18.96, 0.0 ] } },
{ "type": "Feature", "properties": { "facility_id": "HC_00027", "name": "Tadwadi Tank Dispensary", "service_type": "dispensary", "address": "Residency Tower,1st Floor,old Nesbit Road,dockyard Road Mumbai-10", "ward_code": "E", "longitude": 72.8399, "latitude": 18.9687, "source": "Mumbai OpenCity / BMC", "source_file": "Mumbai City Dispensaries Map.kml", "source_id": "27", "verification_status": "source_verified" }, "geometry": { "type": "Point", "coordinates": [ 72.8399, 18.9687, 0.0 ] } },
{ "type": "Feature", "properties": { "facility_id": "HC_00028", "name": "Tank Square Garden Dispensary", "service_type": "dispensary", "address": "Behind Mazgoan post Office,Mascerhance Road, Mazgoan,Mumbai- 10", "ward_code": "E", "longitude": 72.84, "latitude": 18.97, "source": "Mumbai OpenCity / BMC", "source_file": "Mumbai City Dispensaries Map.kml", "source_id": "28", "verification_status": "source_verified" }, "geometry": { "type": "Point", "coordinates": [ 72.84, 18.97, 0.0 ] } },
{ "type": "Feature", "properties": { "facility_id": "HC_00029", "name": "D P Wadi Dispensary", "service_type": "dispensary", "address": "Kapreshwar Krupa,Chs.Umesh Salunkhe Marg Mumbai- 33", "ward_code": "E", "longitude": 72.84, "latitude": 18.98, "source": "Mumbai OpenCity / BMC", "source_file": "Mumbai City Dispensaries Map.kml", "source_id": "29", "verification_status": "source_verified" }, "geometry": { "type": "Point", "coordinates": [ 72.84, 18.98, 0.0 ] } },
{ "type": "Feature", "properties": { "facility_id": "HC_00030", "name": "E S Patanwala Dispensary", "service_type": "dispensary", "address": "E.S. Patanwala Marg,Maratha Compound,Byculla Mumbai- 27", "ward_code": "E", "longitude": 72.84, "latitude": 18.98, "source": "Mumbai OpenCity / BMC", "source_file": "Mumbai City Dispensaries Map.kml", "source_id": "30", "verification_status": "source_verified" }, "geometry": { "type": "Point", "coordinates": [ 72.84, 18.98, 0.0 ] } },
{ "type": "Feature", "properties": { "facility_id": "HC_00031", "name": "Motishah Lane Dispensary", "service_type": "dispensary", "address": "Near B.I.T. chwal, Love Lane,Mumbai- 10", "ward_code": "E", "longitude": 72.84, "latitude": 18.98, "source": "Mumbai OpenCity / BMC", "source_file": "Mumbai City Dispensaries Map.kml", "source_id": "31", "verification_status": "source_verified" }, "geometry": { "type": "Point", "coordinates": [ 72.84, 18.98, 0.0 ] } },
{ "type": "Feature", "properties": { "facility_id": "HC_00032", "name": "Gaurabai Dispensary", "service_type": "dispensary", "address": "Ozone Building Nagpada Mumbai .", "ward_code": "E", "longitude": 72.83, "latitude": 18.97, "source": "Mumbai OpenCity / BMC", "source_file": "Mumbai City Dispensaries Map.kml", "source_id": "32", "verification_status": "source_verified" }, "geometry": { "type": "Point", "coordinates": [ 72.83, 18.97, 0.0 ] } },
{ "type": "Feature", "properties": { "facility_id": "HC_00033", "name": "Siddharth Nagar Dispensary", "service_type": "dispensary", "address": "siddharth Nagar Porta Cabin, Kamathipura Mumbai- 8", "ward_code": "E", "longitude": 72.83, "latitude": 18.96, "source": "Mumbai OpenCity / BMC", "source_file": "Mumbai City Dispensaries Map.kml", "source_id": "33", "verification_status": "source_verified" }, "geometry": { "type": "Point", "coordinates": [ 72.83, 18.96, 0.0 ] } },
{ "type": "Feature", "properties": { "facility_id": "HC_00034", "name": "Nawab Tank Dispensary", "service_type": "dispensary", "address": "Porta Cabin, Chimanaji Ranoji Street, Dockyard East Mumbai- 10", "ward_code": "E", "longitude": 72.8441, "latitude": 18.9654, "source": "Mumbai OpenCity / BMC", "source_file": "Mumbai City Dispensaries Map.kml", "source_id": "34", "verification_status": "source_verified" }, "geometry": { "type": "Point", "coordinates": [ 72.8441, 18.9654, 0.0 ] } },
{ "type": "Feature", "properties": { "facility_id": "HC_00035", "name": "Hakim Ajmal Khan Unani (Souter Street) Dispensary", "service_type": "dispensary", "address": "Meghraj Sethi Marg,opp Zula maidan Byculla Mumbai- 08", "ward_code": "E", "longitude": 72.83, "latitude": 18.97, "source": "Mumbai OpenCity / BMC", "source_file": "Mumbai City Dispensaries Map.kml", "source_id": "35", "verification_status": "source_verified" }, "geometry": { "type": "Point", "coordinates": [ 72.83, 18.97, 0.0 ] } },
{ "type": "Feature", "properties": { "facility_id": "HC_00036", "name": "F/S Parel Dispensary", "service_type": "dispensary", "address": "Room no.12,F/South ward offiice Bldg.Parel,Mumbai-12", "ward_code": "FS", "longitude": 72.84, "latitude": 19.01, "source": "Mumbai OpenCity / BMC", "source_file": "Mumbai City Dispensaries Map.kml", "source_id": "36", "verification_status": "source_verified" }, "geometry": { "type": "Point", "coordinates": [ 72.84, 19.01, 0.0 ] } },
{ "type": "Feature", "properties": { "facility_id": "HC_00037", "name": "Gautam Ngr. Dispensary", "service_type": "dispensary", "address": "Dadasaheb Phalkr Road,Dadar(E),Mumbai-14", "ward_code": "FS", "longitude": 72.84, "latitude": 19.01, "source": "Mumbai OpenCity / BMC", "source_file": "Mumbai City Dispensaries Map.kml", "source_id": "37", "verification_status": "source_verified" }, "geometry": { "type": "Point", "coordinates": [ 72.84, 19.01, 0.0 ] } },
{ "type": "Feature", "properties": { "facility_id": "HC_00038", "name": "Naigaon Dispensary", "service_type": "dispensary", "address": "S.S.Wagh Marg,Naigaon Mumbai-14", "ward_code": "FS", "longitude": 72.85, "latitude": 19.01, "source": "Mumbai OpenCity / BMC", "source_file": "Mumbai City Dispensaries Map.kml", "source_id": "38", "verification_status": "source_verified" }, "geometry": { "type": "Point", "coordinates": [ 72.85, 19.01, 0.0 ] } },
{ "type": "Feature", "properties": { "facility_id": "HC_00039", "name": "Kidwai Nagar Dispensary", "service_type": "dispensary", "address": "Rafiahmad Kidwai Road,Near Hari Masjid,Kidwainagar Wadal.Mumbai-31", "ward_code": "FS", "longitude": 72.85, "latitude": 19.01, "source": "Mumbai OpenCity / BMC", "source_file": "Mumbai City Dispensaries Map.kml", "source_id": "39", "verification_status": "source_verified" }, "geometry": { "type": "Point", "coordinates": [ 72.85, 19.01, 0.0 ] } },
{ "type": "Feature", "properties": { "facility_id": "HC_00040", "name": "Sewree Cross Road Dispensary", "service_type": "dispensary", "address": "Opp.Old Post Office,Sewree Cross Rd.Disp.,Sewree Mumbai-15", "ward_code": "FS", "longitude": 72.85, "latitude": 19.0, "source": "Mumbai OpenCity / BMC", "source_file": "Mumbai City Dispensaries Map.kml", "source_id": "40", "verification_status": "source_verified" }, "geometry": { "type": "Point", "coordinates": [ 72.85, 19.0, 0.0 ] } },
{ "type": "Feature", "properties": { "facility_id": "HC_00041", "name": "A.D. Marg Dispensary (private Property)", "service_type": "dispensary", "address": "Mulraj Bhavan,A.D.Marg,Sewree-15", "ward_code": "FS", "longitude": 72.85, "latitude": 19.0, "source": "Mumbai OpenCity / BMC", "source_file": "Mumbai City Dispensaries Map.kml", "source_id": "41", "verification_status": "source_verified" }, "geometry": { "type": "Point", "coordinates": [ 72.85, 19.0, 0.0 ] } },
{ "type": "Feature", "properties": { "facility_id": "HC_00042", "name": "Ambewadi Dispensary", "service_type": "dispensary", "address": "G.D.Ambekar Marg,Near Pooja Hotel ,Kalachowy,Mumbai-33", "ward_code": "FS", "longitude": 72.84, "latitude": 18.99, "source": "Mumbai OpenCity / BMC", "source_file": "Mumbai City Dispensaries Map.kml", "source_id": "42", "verification_status": "source_verified" }, "geometry": { "type": "Point", "coordinates": [ 72.84, 18.99, 0.0 ] } },
{ "type": "Feature", "properties": { "facility_id": "HC_00043", "name": "Abhuday Nagar Dispensary", "service_type": "dispensary", "address": "Bldg.no.12,Near N.M.K.School,Cottn Green ,Kalachowky", "ward_code": "FS", "longitude": 72.85, "latitude": 18.99, "source": "Mumbai OpenCity / BMC", "source_file": "Mumbai City Dispensaries Map.kml", "source_id": "43", "verification_status": "source_verified" }, "geometry": { "type": "Point", "coordinates": [ 72.85, 18.99, 0.0 ] } },
{ "type": "Feature", "properties": { "facility_id": "HC_00044", "name": "Triveni Sadan Dispensary", "service_type": "dispensary", "address": "Bldg.no.2,MahadevPalav Marg,Currey Road,Mumbai-12", "ward_code": "FS", "longitude": 72.83, "latitude": 18.99, "source": "Mumbai OpenCity / BMC", "source_file": "Mumbai City Dispensaries Map.kml", "source_id": "44", "verification_status": "source_verified" }, "geometry": { "type": "Point", "coordinates": [ 72.83, 18.99, 0.0 ] } },
{ "type": "Feature", "properties": { "facility_id": "HC_00045", "name": "L.B.S. Market Dispensary", "service_type": "dispensary", "address": "LBS Municipal Market Dispensary Bld, 1st Floor L.N Road Beside Matunga Central Railway Station(E),Mumbai-19", "ward_code": "FN", "longitude": 72.85, "latitude": 19.03, "source": "Mumbai OpenCity / BMC", "source_file": "Mumbai City Dispensaries Map.kml", "source_id": "45", "verification_status": "source_verified" }, "geometry": { "type": "Point", "coordinates": [ 72.85, 19.03, 0.0 ] } },
{ "type": "Feature", "properties": { "facility_id": "HC_00046", "name": "Wadala Dispensary", "service_type": "dispensary", "address": "Madona Building Ground Floor Nathalal Parekh Marg Wadala 400031", "ward_code": "FN", "longitude": 72.86, "latitude": 19.02, "source": "Mumbai OpenCity / BMC", "source_file": "Mumbai City Dispensaries Map.kml", "source_id": "46", "verification_status": "source_verified" }, "geometry": { "type": "Point", "coordinates": [ 72.86, 19.02, 0.0 ] } },
{ "type": "Feature", "properties": { "facility_id": "HC_00047", "name": "Korba Mithagar Dispensary", "service_type": "dispensary", "address": "Korba Mithagar Dipensary,Barkat Ali Naka, OPP Wadala Police Station,Near Municipal Marathi School", "ward_code": "FN", "longitude": 72.86, "latitude": 19.02, "source": "Mumbai OpenCity / BMC", "source_file": "Mumbai City Dispensaries Map.kml", "source_id": "47", "verification_status": "source_verified" }, "geometry": { "type": "Point", "coordinates": [ 72.86, 19.02, 0.0 ] } },
{ "type": "Feature", "properties": { "facility_id": "HC_00048", "name": "Pratiksha Nagar Transit Camp Dispensary", "service_type": "dispensary", "address": "Pratiksha Nagar Municipal Dispensary, Room No 3,4,5, & 6, Ground Floor,Mhada Building no T-1, Behind Transit Camp Post Office, Sion -22", "ward_code": "FN", "longitude": 72.87, "latitude": 19.04, "source": "Mumbai OpenCity / BMC", "source_file": "Mumbai City Dispensaries Map.kml", "source_id": "48", "verification_status": "source_verified" }, "geometry": { "type": "Point", "coordinates": [ 72.87, 19.04, 0.0 ] } },
{ "type": "Feature", "properties": { "facility_id": "HC_00049", "name": "New Transit Camp Dispensary", "service_type": "dispensary", "address": "C S NO.404/6, PLOT NO.104, OPP.NEW SIES COLLEGE, ROAD NO.29, SION EAST , MUMBAI 22.", "ward_code": "FN", "longitude": 72.86, "latitude": 19.03, "source": "Mumbai OpenCity / BMC", "source_file": "Mumbai City Dispensaries Map.kml", "source_id": "49", "verification_status": "source_verified" }, "geometry": { "type": "Point", "coordinates": [ 72.86, 19.03, 0.0 ] } },
{ "type": "Feature", "properties": { "facility_id": "HC_00050", "name": "Antop Hill Dispensary", "service_type": "dispensary", "address": "Oppo Antop Hill Bus Depot,Shaikh Mistri Dargah, Road Antop Hill Mumbai 400037", "ward_code": "FN", "longitude": 72.87, "latitude": 19.03, "source": "Mumbai OpenCity / BMC", "source_file": "Mumbai City Dispensaries Map.kml", "source_id": "50", "verification_status": "source_verified" }, "geometry": { "type": "Point", "coordinates": [ 72.87, 19.03, 0.0 ] } },
{ "type": "Feature", "properties": { "facility_id": "HC_00051", "name": "Rawli Camp Dispensary", "service_type": "dispensary", "address": "Raoli Camp MH UPHC, Sardar Nagar-4, Sion Koliwada, Mumbai-37", "ward_code": "FN", "longitude": 72.87, "latitude": 19.04, "source": "Mumbai OpenCity / BMC", "source_file": "Mumbai City Dispensaries Map.kml", "source_id": "51", "verification_status": "source_verified" }, "geometry": { "type": "Point", "coordinates": [ 72.87, 19.04, 0.0 ] } },
{ "type": "Feature", "properties": { "facility_id": "HC_00052", "name": "Worli Koliwada Dispensary", "service_type": "dispensary", "address": "Ground floor near worli bus depot near police chowki Mumbai-25", "ward_code": "GS", "longitude": 72.8517, "latitude": 18.9615, "source": "Mumbai OpenCity / BMC", "source_file": "Mumbai City Dispensaries Map.kml", "source_id": "52", "verification_status": "source_verified" }, "geometry": { "type": "Point", "coordinates": [ 72.8517, 18.9615, 0.0 ] } },
{ "type": "Feature", "properties": { "facility_id": "HC_00053", "name": "Jijamata Nagar Dispensary", "service_type": "dispensary", "address": "dispensary in container opp four season hospital Dr E Moses Road worli Mumbai-18", "ward_code": "GS", "longitude": 72.82, "latitude": 18.99, "source": "Mumbai OpenCity / BMC", "source_file": "Mumbai City Dispensaries Map.kml", "source_id": "53", "verification_status": "source_verified" }, "geometry": { "type": "Point", "coordinates": [ 72.82, 18.99, 0.0 ] } },
{ "type": "Feature", "properties": { "facility_id": "HC_00054", "name": "S.B. Marg Dispensary", "service_type": "dispensary", "address": "opp one India bull center BMC building Ground floor near shikshak bhavan Elephiston Mumbai -13", "ward_code": "GS", "longitude": 72.83, "latitude": 19.0, "source": "Mumbai OpenCity / BMC", "source_file": "Mumbai City Dispensaries Map.kml", "source_id": "54", "verification_status": "source_verified" }, "geometry": { "type": "Point", "coordinates": [ 72.83, 19.0, 0.0 ] } },
{ "type": "Feature", "properties": { "facility_id": "HC_00055", "name": "Ferguson Road Dispensary", "service_type": "dispensary", "address": "160-A Hasan building ground floor N M Joshi marg lower parel Mumbai-13", "ward_code": "GS", "longitude": 72.83, "latitude": 19.0, "source": "Mumbai OpenCity / BMC", "source_file": "Mumbai City Dispensaries Map.kml", "source_id": "55", "verification_status": "source_verified" }, "geometry": { "type": "Point", "coordinates": [ 72.83, 19.0, 0.0 ] } },
{ "type": "Feature", "properties": { "facility_id": "HC_00056", "name": "Maharashtra High School Compound Dispensary", "service_type": "dispensary", "address": "Municipal dispensary ground floor N M Joshi marg Mumbai -13", "ward_code": "GS", "longitude": 72.83, "latitude": 19.0, "source": "Mumbai OpenCity / BMC", "source_file": "Mumbai City Dispensaries Map.kml", "source_id": "56", "verification_status": "source_verified" }, "geometry": { "type": "Point", "coordinates": [ 72.83, 19.0, 0.0 ] } },
{ "type": "Feature", "properties": { "facility_id": "HC_00057", "name": "Beggars Home Dispensary", "service_type": "dispensary", "address": "Dr King’s George V memorial bld Dr E Moses road near famous studio Mahalaxmi Mumbai -11", "ward_code": "GS", "longitude": 72.82, "latitude": 18.99, "source": "Mumbai OpenCity / BMC", "source_file": "Mumbai City Dispensaries Map.kml", "source_id": "57", "verification_status": "source_verified" }, "geometry": { "type": "Point", "coordinates": [ 72.82, 18.99, 0.0 ] } },
{ "type": "Feature", "properties": { "facility_id": "HC_00058", "name": "Prabhadevi Dispensary", "service_type": "dispensary", "address": "Paricharika niwas building ground floor old prabhadevi road opp Giayaman house Mumbai -13", "ward_code": "GS", "longitude": 72.83, "latitude": 19.02, "source": "Mumbai OpenCity / BMC", "source_file": "Mumbai City Dispensaries Map.kml", "source_id": "58", "verification_status": "source_verified" }, "geometry": { "type": "Point", "coordinates": [ 72.83, 19.02, 0.0 ] } },
{ "type": "Feature", "properties": { "facility_id": "HC_00059", "name": "Welfare center Dispensary", "service_type": "dispensary", "address": "Ground floor shivalya building Ganapat rao kadam marg Mumbai -13", "ward_code": "GS", "longitude": 72.8227, "latitude": 18.9978, "source": "Mumbai OpenCity / BMC", "source_file": "Mumbai City Dispensaries Map.kml", "source_id": "59", "verification_status": "source_verified" }, "geometry": { "type": "Point", "coordinates": [ 72.8227, 18.9978, 0.0 ] } },
{ "type": "Feature", "properties": { "facility_id": "HC_00060", "name": "Sasmira Marg Dispensary", "service_type": "dispensary", "address": "Ground floor sasmira marg behinsd worli labour camp Mumbai -25", "ward_code": "GS", "longitude": 72.82, "latitude": 19.01, "source": "Mumbai OpenCity / BMC", "source_file": "Mumbai City Dispensaries Map.kml", "source_id": "60", "verification_status": "source_verified" }, "geometry": { "type": "Point", "coordinates": [ 72.82, 19.01, 0.0 ] } },
{ "type": "Feature", "properties": { "facility_id": "HC_00061", "name": "BDD Chawl Dispensary", "service_type": "dispensary", "address": "Building no 45 ground floor N M Joshi marg opp jambori Maidan worli", "ward_code": "GS", "longitude": 72.82, "latitude": 19.0, "source": "Mumbai OpenCity / BMC", "source_file": "Mumbai City Dispensaries Map.kml", "source_id": "61", "verification_status": "source_verified" }, "geometry": { "type": "Point", "coordinates": [ 72.82, 19.0, 0.0 ] } },
{ "type": "Feature", "properties": { "facility_id": "HC_00062", "name": "Currey Road Dispensary", "service_type": "dispensary", "address": "S B Pawar marg near Municipal Gardan Low leval north Mumbai -13", "ward_code": "GS", "longitude": 72.83, "latitude": 18.99, "source": "Mumbai OpenCity / BMC", "source_file": "Mumbai City Dispensaries Map.kml", "source_id": "62", "verification_status": "source_verified" }, "geometry": { "type": "Point", "coordinates": [ 72.83, 18.99, 0.0 ] } },
{ "type": "Feature", "properties": { "facility_id": "HC_00063", "name": "Zandu Ayurvedic Dispensary", "service_type": "dispensary", "address": "opp one India bull center BMC building Ground floor near shikshak bhavan Elephiston Mumbai -13", "ward_code": "GS", "longitude": 72.83, "latitude": 19.01, "source": "Mumbai OpenCity / BMC", "source_file": "Mumbai City Dispensaries Map.kml", "source_id": "63", "verification_status": "source_verified" }, "geometry": { "type": "Point", "coordinates": [ 72.83, 19.01, 0.0 ] } },
{ "type": "Feature", "properties": { "facility_id": "HC_00064", "name": "Prabhadevi Avurvedic Dispensary", "service_type": "dispensary", "address": "Dnyaneshwar apartment Ground floor veer savarkar marg Mumbai -25", "ward_code": "GS", "longitude": 72.83, "latitude": 19.02, "source": "Mumbai OpenCity / BMC", "source_file": "Mumbai City Dispensaries Map.kml", "source_id": "64", "verification_status": "source_verified" }, "geometry": { "type": "Point", "coordinates": [ 72.83, 19.02, 0.0 ] } },
{ "type": "Feature", "properties": { "facility_id": "HC_00065", "name": "Bai Gulbai Dispensary", "service_type": "dispensary", "address": "St. Anthony Building, Groung floor ,Bhavani shankar road ,dadar west-28", "ward_code": "GN", "longitude": 72.84, "latitude": 19.02, "source": "Mumbai OpenCity / BMC", "source_file": "Mumbai City Dispensaries Map.kml", "source_id": "65", "verification_status": "source_verified" }, "geometry": { "type": "Point", "coordinates": [ 72.84, 19.02, 0.0 ] } },
{ "type": "Feature", "properties": { "facility_id": "HC_00066", "name": "Shree Cinema Dispensary", "service_type": "dispensary", "address": "Welfare Center Building, Dilip Gupte,Road mahim-16", "ward_code": "GN", "longitude": 72.84, "latitude": 19.03, "source": "Mumbai OpenCity / BMC", "source_file": "Mumbai City Dispensaries Map.kml", "source_id": "66", "verification_status": "source_verified" }, "geometry": { "type": "Point", "coordinates": [ 72.84, 19.03, 0.0 ] } },
{ "type": "Feature", "properties": { "facility_id": "HC_00067", "name": "Welkarwadi Dispensary", "service_type": "dispensary", "address": "Welkarwadi L.J.2nd Road BMC Building BMC Ground Floor Building no.4", "ward_code": "GN", "longitude": 72.84, "latitude": 19.04, "source": "Mumbai OpenCity / BMC", "source_file": "Mumbai City Dispensaries Map.kml", "source_id": "67", "verification_status": "source_verified" }, "geometry": { "type": "Point", "coordinates": [ 72.84, 19.04, 0.0 ] } },
{ "type": "Feature", "properties": { "facility_id": "HC_00068", "name": "Shahu Nagar Dispensary", "service_type": "dispensary", "address": "Building E-14,Ground Floor shahunagar BMC Building Mahim -17", "ward_code": "GN", "longitude": 72.85, "latitude": 19.04, "source": "Mumbai OpenCity / BMC", "source_file": "Mumbai City Dispensaries Map.kml", "source_id": "68", "verification_status": "source_verified" }, "geometry": { "type": "Point", "coordinates": [ 72.85, 19.04, 0.0 ] } },
{ "type": "Feature", "properties": { "facility_id": "HC_00069", "name": "Matunga Labour Camp Dispensary", "service_type": "dispensary", "address": "Matunga labour camp,in front of tata power,Dharavi", "ward_code": "GN", "longitude": 72.85, "latitude": 19.03, "source": "Mumbai OpenCity / BMC", "source_file": "Mumbai City Dispensaries Map.kml", "source_id": "69", "verification_status": "source_verified" }, "geometry": { "type": "Point", "coordinates": [ 72.85, 19.03, 0.0 ] } },
{ "type": "Feature", "properties": { "facility_id": "HC_00070", "name": "Pilla Bunglow Dispensary", "service_type": "dispensary", "address": "Pilla Bunglow Mumcipal Dispensary sant Rohidas Road Dharravi-17", "ward_code": "GN", "longitude": 72.86, "latitude": 19.05, "source": "Mumbai OpenCity / BMC", "source_file": "Mumbai City Dispensaries Map.kml", "source_id": "70", "verification_status": "source_verified" }, "geometry": { "type": "Point", "coordinates": [ 72.86, 19.05, 0.0 ] } },
{ "type": "Feature", "properties": { "facility_id": "HC_00071", "name": "Dharavi Main Road Dispensary", "service_type": "dispensary", "address": "Dharavi Main road muncipal Dispensary", "ward_code": "GN", "longitude": 72.85, "latitude": 19.04, "source": "Mumbai OpenCity / BMC", "source_file": "Mumbai City Dispensaries Map.kml", "source_id": "71", "verification_status": "source_verified" }, "geometry": { "type": "Point", "coordinates": [ 72.85, 19.04, 0.0 ] } },
{ "type": "Feature", "properties": { "facility_id": "HC_00072", "name": "Transit Camp Dispensary", "service_type": "dispensary", "address": "Transit camp dispensary,60ft road, Dharavi", "ward_code": "GN", "longitude": 72.86, "latitude": 19.04, "source": "Mumbai OpenCity / BMC", "source_file": "Mumbai City Dispensaries Map.kml", "source_id": "72", "verification_status": "source_verified" }, "geometry": { "type": "Point", "coordinates": [ 72.86, 19.04, 0.0 ] } },
{ "type": "Feature", "properties": { "facility_id": "HC_00073", "name": "Kumbharwada Dispensary", "service_type": "dispensary", "address": "Ground Floor Rajiv Gandhi SRA Building 90 feet road kumbharwada dharavi- 17", "ward_code": "GN", "longitude": 72.85, "latitude": 19.04, "source": "Mumbai OpenCity / BMC", "source_file": "Mumbai City Dispensaries Map.kml", "source_id": "73", "verification_status": "source_verified" }, "geometry": { "type": "Point", "coordinates": [ 72.85, 19.04, 0.0 ] } },
{ "type": "Feature", "properties": { "facility_id": "HC_00074", "name": "Prabhat Colony Dispensary", "service_type": "dispensary", "address": null, "ward_code": "HE", "longitude": 72.84, "latitude": 19.09, "source": "Mumbai OpenCity / BMC", "source_file": "Mumbai City Dispensaries Map.kml", "source_id": "74", "verification_status": "source_verified" }, "geometry": { "type": "Point", "coordinates": [ 72.84, 19.09, 0.0 ] } },
{ "type": "Feature", "properties": { "facility_id": "HC_00075", "name": "Kolekalyan Dispensary", "service_type": "dispensary", "address": "Shantinagar industrial estate, Near Hayat Hotel , Santacruz East Mumbai – 55.", "ward_code": "HE", "longitude": 72.85, "latitude": 19.07, "source": "Mumbai OpenCity / BMC", "source_file": "Mumbai City Dispensaries Map.kml", "source_id": "75", "verification_status": "source_verified" }, "geometry": { "type": "Point", "coordinates": [ 72.85, 19.07, 0.0 ] } },
{ "type": "Feature", "properties": { "facility_id": "HC_00076", "name": "Swami Vivekanand Nagar Dispensary", "service_type": "dispensary", "address": "Datta Mandir Road,Vakola,Santacruz-East", "ward_code": "HE", "longitude": 72.85, "latitude": 19.08, "source": "Mumbai OpenCity / BMC", "source_file": "Mumbai City Dispensaries Map.kml", "source_id": "76", "verification_status": "source_verified" }, "geometry": { "type": "Point", "coordinates": [ 72.85, 19.08, 0.0 ] } },
{ "type": "Feature", "properties": { "facility_id": "HC_00077", "name": "Kalina Dispensary", "service_type": "dispensary", "address": "Near Kalina Market, kalina kurla road,kalina,Santacruz east", "ward_code": "HE", "longitude": 72.86, "latitude": 19.08, "source": "Mumbai OpenCity / BMC", "source_file": "Mumbai City Dispensaries Map.kml", "source_id": "77", "verification_status": "source_verified" }, "geometry": { "type": "Point", "coordinates": [ 72.86, 19.08, 0.0 ] } },
{ "type": "Feature", "properties": { "facility_id": "HC_00078", "name": "Bharat Nagar Dispensary", "service_type": "dispensary", "address": "Windsor House, MCGM Library , Santacruz East", "ward_code": "HE", "longitude": 72.86, "latitude": 19.06, "source": "Mumbai OpenCity / BMC", "source_file": "Mumbai City Dispensaries Map.kml", "source_id": "78", "verification_status": "source_verified" }, "geometry": { "type": "Point", "coordinates": [ 72.86, 19.06, 0.0 ] } },
{ "type": "Feature", "properties": { "facility_id": "HC_00079", "name": "Kherwadi Dispensary", "service_type": "dispensary", "address": "kherwadi Dispensary,Kherwadi, bandra 51", "ward_code": "HE", "longitude": 72.85, "latitude": 19.06, "source": "Mumbai OpenCity / BMC", "source_file": "Mumbai City Dispensaries Map.kml", "source_id": "79", "verification_status": "source_verified" }, "geometry": { "type": "Point", "coordinates": [ 72.85, 19.06, 0.0 ] } },
{ "type": "Feature", "properties": { "facility_id": "HC_00080", "name": "Jawahar Nagar Dispensary", "service_type": "dispensary", "address": "Jawahar Nagar Dispensary,Golibar Road, Khar east", "ward_code": "HE", "longitude": 72.84, "latitude": 19.06, "source": "Mumbai OpenCity / BMC", "source_file": "Mumbai City Dispensaries Map.kml", "source_id": "80", "verification_status": "source_verified" }, "geometry": { "type": "Point", "coordinates": [ 72.84, 19.06, 0.0 ] } },
{ "type": "Feature", "properties": { "facility_id": "HC_00081", "name": "Gurunanak Dispensary", "service_type": "dispensary", "address": "Bandra Station, Near Bandra Dharmshala Road, Bandra West, Mumbai", "ward_code": "HW", "longitude": 72.84, "latitude": 19.05, "source": "Mumbai OpenCity / BMC", "source_file": "Mumbai City Dispensaries Map.kml", "source_id": "81", "verification_status": "source_verified" }, "geometry": { "type": "Point", "coordinates": [ 72.84, 19.05, 0.0 ] } },
{ "type": "Feature", "properties": { "facility_id": "HC_00082", "name": "Ambedkar Dispensary", "service_type": "dispensary", "address": "Dr. Ambedkar Road, Khar West", "ward_code": "HW", "longitude": 72.8377, "latitude": 19.0701, "source": "Mumbai OpenCity / BMC", "source_file": "Mumbai City Dispensaries Map.kml", "source_id": "82", "verification_status": "source_verified" }, "geometry": { "type": "Point", "coordinates": [ 72.8377, 19.0701, 0.0 ] } },
{ "type": "Feature", "properties": { "facility_id": "HC_00083", "name": "Shastri Nagar Dispensary", "service_type": "dispensary", "address": "shastri nagar disp. Near shiv sena shakha, shastri nagar , Santakruz west", "ward_code": "HW", "longitude": 72.84, "latitude": 19.09, "source": "Mumbai OpenCity / BMC", "source_file": "Mumbai City Dispensaries Map.kml", "source_id": "83", "verification_status": "source_verified" }, "geometry": { "type": "Point", "coordinates": [ 72.84, 19.09, 0.0 ] } },
{ "type": "Feature", "properties": { "facility_id": "HC_00084", "name": "Khar Danda Dispensary", "service_type": "dispensary", "address": "Khar Danda Chavari galli, Khar west", "ward_code": "HW", "longitude": 72.83, "latitude": 19.07, "source": "Mumbai OpenCity / BMC", "source_file": "Mumbai City Dispensaries Map.kml", "source_id": "84", "verification_status": "source_verified" }, "geometry": { "type": "Point", "coordinates": [ 72.83, 19.07, 0.0 ] } },
{ "type": "Feature", "properties": { "facility_id": "HC_00085", "name": "Old Khar Dispensary", "service_type": "dispensary", "address": "Khar TB Clinic, S. V. Rd, Khar West", "ward_code": "HW", "longitude": 72.84, "latitude": 19.07, "source": "Mumbai OpenCity / BMC", "source_file": "Mumbai City Dispensaries Map.kml", "source_id": "85", "verification_status": "source_verified" }, "geometry": { "type": "Point", "coordinates": [ 72.84, 19.07, 0.0 ] } },
{ "type": "Feature", "properties": { "facility_id": "HC_00086", "name": "Sambhaji Nagar Dispensary", "service_type": "dispensary", "address": "Sahar Road, Opp. Nagar Soc., Andheri (E) 400069", "ward_code": "KE", "longitude": 72.85, "latitude": 19.11, "source": "Mumbai OpenCity / BMC", "source_file": "Mumbai City Dispensaries Map.kml", "source_id": "86", "verification_status": "source_verified" }, "geometry": { "type": "Point", "coordinates": [ 72.85, 19.11, 0.0 ] } },
{ "type": "Feature", "properties": { "facility_id": "HC_00087", "name": "Gundavli Dispensary", "service_type": "dispensary", "address": "Ground Floor,MCGM K/E Ward office,Gundavli,gaothan, Azad Road, Andheri (E) 400069", "ward_code": "KE", "longitude": 72.859, "latitude": 19.1185, "source": "Mumbai OpenCity / BMC", "source_file": "Mumbai City Dispensaries Map.kml", "source_id": "87", "verification_status": "source_verified" }, "geometry": { "type": "Point", "coordinates": [ 72.859, 19.1185, 0.0 ] } },
{ "type": "Feature", "properties": { "facility_id": "HC_00088", "name": "Paranjape Dispensary", "service_type": "dispensary", "address": "Nehru Road, BMC Bldg., 1st Floor, Nehru Road, Vile Parle, Mumbai-400057", "ward_code": "KE", "longitude": 72.85, "latitude": 19.1, "source": "Mumbai OpenCity / BMC", "source_file": "Mumbai City Dispensaries Map.kml", "source_id": "88", "verification_status": "source_verified" }, "geometry": { "type": "Point", "coordinates": [ 72.85, 19.1, 0.0 ] } },
{ "type": "Feature", "properties": { "facility_id": "HC_00089", "name": "Koldongari Dispensary", "service_type": "dispensary", "address": "Sahar Road, Opp. Garware Chowk, Koldongri, Andheri (E), 400069", "ward_code": "KE", "longitude": 72.85, "latitude": 19.11, "source": "Mumbai OpenCity / BMC", "source_file": "Mumbai City Dispensaries Map.kml", "source_id": "89", "verification_status": "source_verified" }, "geometry": { "type": "Point", "coordinates": [ 72.85, 19.11, 0.0 ] } },
{ "type": "Feature", "properties": { "facility_id": "HC_00090", "name": "Natwar Nagar Dispensary", "service_type": "dispensary", "address": "Road No.05,Shiljeet Apt., Natwar Nagar, Jogeshwari (E) 400060", "ward_code": "KE", "longitude": 72.85, "latitude": 19.13, "source": "Mumbai OpenCity / BMC", "source_file": "Mumbai City Dispensaries Map.kml", "source_id": "90", "verification_status": "source_verified" }, "geometry": { "type": "Point", "coordinates": [ 72.85, 19.13, 0.0 ] } },
{ "type": "Feature", "properties": { "facility_id": "HC_00091", "name": "Marol Dispensary", "service_type": "dispensary", "address": "Near fish Market, Opp. Saifee Park, Church Road, Marol, Andheri (E) 400059", "ward_code": "KE", "longitude": 72.88, "latitude": 19.11, "source": "Mumbai OpenCity / BMC", "source_file": "Mumbai City Dispensaries Map.kml", "source_id": "91", "verification_status": "source_verified" }, "geometry": { "type": "Point", "coordinates": [ 72.88, 19.11, 0.0 ] } },
{ "type": "Feature", "properties": { "facility_id": "HC_00092", "name": "Caves Road Dispensary", "service_type": "dispensary", "address": "Squartters Colony, Maternity home, Sanjay Gandhi Nagar, Jogeshwari (E), 400060", "ward_code": "KE", "longitude": 72.86, "latitude": 19.14, "source": "Mumbai OpenCity / BMC", "source_file": "Mumbai City Dispensaries Map.kml", "source_id": "92", "verification_status": "source_verified" }, "geometry": { "type": "Point", "coordinates": [ 72.86, 19.14, 0.0 ] } },
{ "type": "Feature", "properties": { "facility_id": "HC_00093", "name": "Sundar Nagar Dispensary", "service_type": "dispensary", "address": "Mahakali Caves Road, Andheri (E), 400093", "ward_code": "KE", "longitude": 72.87, "latitude": 19.13, "source": "Mumbai OpenCity / BMC", "source_file": "Mumbai City Dispensaries Map.kml", "source_id": "93", "verification_status": "source_verified" }, "geometry": { "type": "Point", "coordinates": [ 72.87, 19.13, 0.0 ] } },
{ "type": "Feature", "properties": { "facility_id": "HC_00094", "name": "Hari Nagar Dispensary", "service_type": "dispensary", "address": "Shankarwadi, Pump House, Jogeshwari (E), 400093", "ward_code": "KE", "longitude": 72.86, "latitude": 19.13, "source": "Mumbai OpenCity / BMC", "source_file": "Mumbai City Dispensaries Map.kml", "source_id": "94", "verification_status": "source_verified" }, "geometry": { "type": "Point", "coordinates": [ 72.86, 19.13, 0.0 ] } },
{ "type": "Feature", "properties": { "facility_id": "HC_00095", "name": "Sambhaji Nagar Ayurvedic Dispensary", "service_type": "dispensary", "address": "Shahaji Raje Road, Vile Parle(E), 400057", "ward_code": "KE", "longitude": 72.8492, "latitude": 19.11, "source": "Mumbai OpenCity / BMC", "source_file": "Mumbai City Dispensaries Map.kml", "source_id": "95", "verification_status": "source_verified" }, "geometry": { "type": "Point", "coordinates": [ 72.8492, 19.11, 0.0 ] } },
{ "type": "Feature", "properties": { "facility_id": "HC_00096", "name": "Mangala Municipal Nursing Home Dispensary", "service_type": "dispensary", "address": "Baman Daya Pada, Miletary Road, Andheri (E),400059", "ward_code": "KE", "longitude": 72.8886, "latitude": 19.123, "source": "Mumbai OpenCity / BMC", "source_file": "Mumbai City Dispensaries Map.kml", "source_id": "96", "verification_status": "source_verified" }, "geometry": { "type": "Point", "coordinates": [ 72.8886, 19.123, 0.0 ] } },
{ "type": "Feature", "properties": { "facility_id": "HC_00097", "name": "N.J.Wadia Dispensary", "service_type": "dispensary", "address": "GAZDHAAR HALL, S.V ROAD, NEAR ANDHERI WEST RAILWAY STATION, ANDHERI WEST , MUMBAI-400058", "ward_code": "KW", "longitude": 72.85, "latitude": 19.12, "source": "Mumbai OpenCity / BMC", "source_file": "Mumbai City Dispensaries Map.kml", "source_id": "97", "verification_status": "source_verified" }, "geometry": { "type": "Point", "coordinates": [ 72.85, 19.12, 0.0 ] } },
{ "type": "Feature", "properties": { "facility_id": "HC_00098", "name": "Oshiwara Dispensary", "service_type": "dispensary", "address": "Link Plaza,in front of lashkria tower aadarsh nagar behram baugh jogeshwari west", "ward_code": "KW", "longitude": 72.85, "latitude": 19.15, "source": "Mumbai OpenCity / BMC", "source_file": "Mumbai City Dispensaries Map.kml", "source_id": "98", "verification_status": "source_verified" }, "geometry": { "type": "Point", "coordinates": [ 72.85, 19.15, 0.0 ] } },
{ "type": "Feature", "properties": { "facility_id": "HC_00099", "name": "Parle Market Dispensary", "service_type": "dispensary", "address": "Amasaheb vartak bmc market compound sarojini road parla west mumbai 400056", "ward_code": "KW", "longitude": 72.84, "latitude": 19.1, "source": "Mumbai OpenCity / BMC", "source_file": "Mumbai City Dispensaries Map.kml", "source_id": "99", "verification_status": "source_verified" }, "geometry": { "type": "Point", "coordinates": [ 72.84, 19.1, 0.0 ] } },
{ "type": "Feature", "properties": { "facility_id": "HC_00100", "name": "Versova Dispensary", "service_type": "dispensary", "address": "yari road, near muncipal school, Andheri west Mumbai 61.", "ward_code": "KW", "longitude": 72.81, "latitude": 19.14, "source": "Mumbai OpenCity / BMC", "source_file": "Mumbai City Dispensaries Map.kml", "source_id": "100", "verification_status": "source_verified" }, "geometry": { "type": "Point", "coordinates": [ 72.81, 19.14, 0.0 ] } },
{ "type": "Feature", "properties": { "facility_id": "HC_00101", "name": "Juhu Jalan Dispensary", "service_type": "dispensary", "address": "N S Rd Number 13, Chand Society, MHADA Colony, Juhu, Mumbai, Maharashtra 400049", "ward_code": "KW", "longitude": 72.83, "latitude": 19.11, "source": "Mumbai OpenCity / BMC", "source_file": "Mumbai City Dispensaries Map.kml", "source_id": "101", "verification_status": "source_verified" }, "geometry": { "type": "Point", "coordinates": [ 72.83, 19.11, 0.0 ] } },
{ "type": "Feature", "properties": { "facility_id": "HC_00102", "name": "Banana Leaf Dispensary", "service_type": "dispensary", "address": "Juhu versova link road andheri west mumbai 400053", "ward_code": "KW", "longitude": 72.82, "latitude": 19.13, "source": "Mumbai OpenCity / BMC", "source_file": "Mumbai City Dispensaries Map.kml", "source_id": "102", "verification_status": "source_verified" }, "geometry": { "type": "Point", "coordinates": [ 72.82, 19.13, 0.0 ] } },
{ "type": "Feature", "properties": { "facility_id": "HC_00103", "name": "Millat Nagar Dispensary", "service_type": "dispensary", "address": "Millat nagar Muncipal Dispensary ,lokhandwala back road, near yamuna nagar, Andheri (west),", "ward_code": "KW", "longitude": 72.83, "latitude": 19.15, "source": "Mumbai OpenCity / BMC", "source_file": "Mumbai City Dispensaries Map.kml", "source_id": "103", "verification_status": "source_verified" }, "geometry": { "type": "Point", "coordinates": [ 72.83, 19.15, 0.0 ] } },
{ "type": "Feature", "properties": { "facility_id": "HC_00104", "name": "Topiwala Dispensary", "service_type": "dispensary", "address": "Topiwala Maternity home, opp lords College, station Rd, Goregaon West", "ward_code": "PS", "longitude": 72.84, "latitude": 19.17, "source": "Mumbai OpenCity / BMC", "source_file": "Mumbai City Dispensaries Map.kml", "source_id": "104", "verification_status": "source_verified" }, "geometry": { "type": "Point", "coordinates": [ 72.84, 19.17, 0.0 ] } },
{ "type": "Feature", "properties": { "facility_id": "HC_00105", "name": "Chincholi Squatter's Dispensary", "service_type": "dispensary", "address": "Chincholi Fatak, Goregoan East", "ward_code": "PS", "longitude": 72.85, "latitude": 19.18, "source": "Mumbai OpenCity / BMC", "source_file": "Mumbai City Dispensaries Map.kml", "source_id": "105", "verification_status": "source_verified" }, "geometry": { "type": "Point", "coordinates": [ 72.85, 19.18, 0.0 ] } },
{ "type": "Feature", "properties": { "facility_id": "HC_00106", "name": "Sunder Nagar Dispensary", "service_type": "dispensary", "address": "BMC Bldg, Pawan Baug,Nr,saraf College, Malad west", "ward_code": "PS", "longitude": 72.8962, "latitude": 19.1246, "source": "Mumbai OpenCity / BMC", "source_file": "Mumbai City Dispensaries Map.kml", "source_id": "106", "verification_status": "source_verified" }, "geometry": { "type": "Point", "coordinates": [ 72.8962, 19.1246, 0.0 ] } },
{ "type": "Feature", "properties": { "facility_id": "HC_00107", "name": "Choksy Dispensary", "service_type": "dispensary", "address": "Marve Rd., In front of Nutan High School, Malad (W)", "ward_code": "PN", "longitude": 72.84, "latitude": 19.19, "source": "Mumbai OpenCity / BMC", "source_file": "Mumbai City Dispensaries Map.kml", "source_id": "107", "verification_status": "source_verified" }, "geometry": { "type": "Point", "coordinates": [ 72.84, 19.19, 0.0 ] } },
{ "type": "Feature", "properties": { "facility_id": "HC_00108", "name": "Nemani Dispensary", "service_type": "dispensary", "address": "Nr. Nemani High School, Nr. New Era Cinema. Opp. Petrol Pump, Malad (W)", "ward_code": "PN", "longitude": 72.85, "latitude": 19.18, "source": "Mumbai OpenCity / BMC", "source_file": "Mumbai City Dispensaries Map.kml", "source_id": "108", "verification_status": "source_verified" }, "geometry": { "type": "Point", "coordinates": [ 72.85, 19.18, 0.0 ] } },
{ "type": "Feature", "properties": { "facility_id": "HC_00109", "name": "Malvani Dispensary", "service_type": "dispensary", "address": "Malvani gate no.6, OPP. Holy Angel School, Malvani, Malad W", "ward_code": "PN", "longitude": 72.82, "latitude": 19.19, "source": "Mumbai OpenCity / BMC", "source_file": "Mumbai City Dispensaries Map.kml", "source_id": "109", "verification_status": "source_verified" }, "geometry": { "type": "Point", "coordinates": [ 72.82, 19.19, 0.0 ] } },
{ "type": "Feature", "properties": { "facility_id": "HC_00110", "name": "Rathodi Dispensary", "service_type": "dispensary", "address": "Bali Residency Bldg., 1st Flr., Rathodi Bus Stop, behind Petrol Pump, Malad W", "ward_code": "PN", "longitude": 72.82, "latitude": 19.19, "source": "Mumbai OpenCity / BMC", "source_file": "Mumbai City Dispensaries Map.kml", "source_id": "110", "verification_status": "source_verified" }, "geometry": { "type": "Point", "coordinates": [ 72.82, 19.19, 0.0 ] } },
{ "type": "Feature", "properties": { "facility_id": "HC_00111", "name": "Goshala Dispensary", "service_type": "dispensary", "address": "Nr. Diamond Mkt., Goshala Rd., Malad E", "ward_code": "PN", "longitude": 72.85, "latitude": 19.19, "source": "Mumbai OpenCity / BMC", "source_file": "Mumbai City Dispensaries Map.kml", "source_id": "111", "verification_status": "source_verified" }, "geometry": { "type": "Point", "coordinates": [ 72.85, 19.19, 0.0 ] } },
{ "type": "Feature", "properties": { "facility_id": "HC_00112", "name": "Kurar Village Dispensary", "service_type": "dispensary", "address": "Siddique Comp., Nr. Ramesh Hotel, Daptari Rd., Kurar Village, Malad E", "ward_code": "PN", "longitude": 72.86, "latitude": 19.19, "source": "Mumbai OpenCity / BMC", "source_file": "Mumbai City Dispensaries Map.kml", "source_id": "112", "verification_status": "source_verified" }, "geometry": { "type": "Point", "coordinates": [ 72.86, 19.19, 0.0 ] } },
{ "type": "Feature", "properties": { "facility_id": "HC_00113", "name": "Pathanwadi Dispensary", "service_type": "dispensary", "address": "Pathanwadi. Mun. Disp., Triveni Ngr., Nr. Suvidha Hsp., Malad E", "ward_code": "PN", "longitude": 72.86, "latitude": 19.18, "source": "Mumbai OpenCity / BMC", "source_file": "Mumbai City Dispensaries Map.kml", "source_id": "113", "verification_status": "source_verified" }, "geometry": { "type": "Point", "coordinates": [ 72.86, 19.18, 0.0 ] } },
{ "type": "Feature", "properties": { "facility_id": "HC_00114", "name": "Riddhi Garden Dispensary", "service_type": "dispensary", "address": "Nr. Riddhi Garden Tower, Wageshwari Temple, General A.K.Vaidhya Marg, Dindoshi, Malad E", "ward_code": "PN", "longitude": 72.87, "latitude": 19.18, "source": "Mumbai OpenCity / BMC", "source_file": "Mumbai City Dispensaries Map.kml", "source_id": "114", "verification_status": "source_verified" }, "geometry": { "type": "Point", "coordinates": [ 72.87, 19.18, 0.0 ] } },
{ "type": "Feature", "properties": { "facility_id": "HC_00115", "name": "Valnai Dispensary", "service_type": "dispensary", "address": "Valnai Mun. School, Opp. Orlem Church, Malad W", "ward_code": "PN", "longitude": 72.84, "latitude": 19.2, "source": "Mumbai OpenCity / BMC", "source_file": "Mumbai City Dispensaries Map.kml", "source_id": "115", "verification_status": "source_verified" }, "geometry": { "type": "Point", "coordinates": [ 72.84, 19.2, 0.0 ] } },
{ "type": "Feature", "properties": { "facility_id": "HC_00116", "name": "Manori Dispensary", "service_type": "dispensary", "address": "Manori Village, Marve Rd., Malad W", "ward_code": "PN", "longitude": 72.79, "latitude": 19.21, "source": "Mumbai OpenCity / BMC", "source_file": "Mumbai City Dispensaries Map.kml", "source_id": "116", "verification_status": "source_verified" }, "geometry": { "type": "Point", "coordinates": [ 72.79, 19.21, 0.0 ] } },
{ "type": "Feature", "properties": { "facility_id": "HC_00117", "name": "School Road Dispensary", "service_type": "dispensary", "address": "K.D. Heights bldg no.3, Rani Sati Rd., Nr. Laxminarayan Temple, Malad E", "ward_code": "PN", "longitude": 72.86, "latitude": 19.18, "source": "Mumbai OpenCity / BMC", "source_file": "Mumbai City Dispensaries Map.kml", "source_id": "117", "verification_status": "source_verified" }, "geometry": { "type": "Point", "coordinates": [ 72.86, 19.18, 0.0 ] } },
{ "type": "Feature", "properties": { "facility_id": "HC_00118", "name": "Akurli Dispensary", "service_type": "dispensary", "address": "Akurli Municipal Dispensary Opp Farid Estate next to oxford International School gausiya chawk thakur village kandivali east mumbai 400101", "ward_code": "RS", "longitude": 72.85, "latitude": 19.2, "source": "Mumbai OpenCity / BMC", "source_file": "Mumbai City Dispensaries Map.kml", "source_id": "118", "verification_status": "source_verified" }, "geometry": { "type": "Point", "coordinates": [ 72.85, 19.2, 0.0 ] } },
{ "type": "Feature", "properties": { "facility_id": "HC_00119", "name": "Hanuman Nagar Dispensary", "service_type": "dispensary", "address": "Sambhaji Nagar Complex near by Hanuman Mandir Kandivali East 400101", "ward_code": "RS", "longitude": 72.87, "latitude": 19.21, "source": "Mumbai OpenCity / BMC", "source_file": "Mumbai City Dispensaries Map.kml", "source_id": "119", "verification_status": "source_verified" }, "geometry": { "type": "Point", "coordinates": [ 72.87, 19.21, 0.0 ] } },
{ "type": "Feature", "properties": { "facility_id": "HC_00120", "name": "Shailaja Vijay Girkar Dispensary", "service_type": "dispensary", "address": "shaileja vijay girkar municipal dispensary, dahanukarwadi, m g road, kandivali west", "ward_code": "RS", "longitude": 72.8366, "latitude": 19.2073, "source": "Mumbai OpenCity / BMC", "source_file": "Mumbai City Dispensaries Map.kml", "source_id": "120", "verification_status": "source_verified" }, "geometry": { "type": "Point", "coordinates": [ 72.8366, 19.2073, 0.0 ] } },
{ "type": "Feature", "properties": { "facility_id": "HC_00121", "name": "Charkop Sector 1 Dispensary", "service_type": "dispensary", "address": "Charkop Sec-1 Muncipal Dispensary Sector-1 Charkop Near BMC School Kandivali west", "ward_code": "RS", "longitude": 72.83, "latitude": 19.21, "source": "Mumbai OpenCity / BMC", "source_file": "Mumbai City Dispensaries Map.kml", "source_id": "121", "verification_status": "source_verified" }, "geometry": { "type": "Point", "coordinates": [ 72.83, 19.21, 0.0 ] } },
{ "type": "Feature", "properties": { "facility_id": "HC_00122", "name": "Babrekar Nagar Dispensary", "service_type": "dispensary", "address": "Ganesh Nagar Babrekar Nagar Kandivali West", "ward_code": "RS", "longitude": 72.83, "latitude": 19.2, "source": "Mumbai OpenCity / BMC", "source_file": "Mumbai City Dispensaries Map.kml", "source_id": "122", "verification_status": "source_verified" }, "geometry": { "type": "Point", "coordinates": [ 72.83, 19.2, 0.0 ] } },
{ "type": "Feature", "properties": { "facility_id": "HC_00123", "name": "New Centenary Dispensary", "service_type": "dispensary", "address": "Ashiyana Building Nare usha mat home s modi road kandivali west 400067", "ward_code": "RS", "longitude": 72.91, "latitude": 19.05, "source": "Mumbai OpenCity / BMC", "source_file": "Mumbai City Dispensaries Map.kml", "source_id": "123", "verification_status": "source_verified" }, "geometry": { "type": "Point", "coordinates": [ 72.91, 19.05, 0.0 ] } },
{ "type": "Feature", "properties": { "facility_id": "HC_00124", "name": "M.H.B. Dispensary", "service_type": "dispensary", "address": "Old MHB Colony-MCGM,Borivali west,Mumbai 400091", "ward_code": "RC", "longitude": 72.84, "latitude": 19.23, "source": "Mumbai OpenCity / BMC", "source_file": "Mumbai City Dispensaries Map.kml", "source_id": "124", "verification_status": "source_verified" }, "geometry": { "type": "Point", "coordinates": [ 72.84, 19.23, 0.0 ] } },
{ "type": "Feature", "properties": { "facility_id": "HC_00125", "name": "Gorai MHADA Dispensary", "service_type": "dispensary", "address": "Gorai Mhada Part-1,near suvidya school,opposite plot no 112,Gorai,Borivali west Mumbai 400092", "ward_code": "RC", "longitude": 72.83, "latitude": 19.23, "source": "Mumbai OpenCity / BMC", "source_file": "Mumbai City Dispensaries Map.kml", "source_id": "125", "verification_status": "source_verified" }, "geometry": { "type": "Point", "coordinates": [ 72.83, 19.23, 0.0 ] } },
{ "type": "Feature", "properties": { "facility_id": "HC_00126", "name": "Charkop Sector 5 Dispensary", "service_type": "dispensary", "address": "Near Apna Bazar sector -5,charkop.Borivali west 400067", "ward_code": "RC", "longitude": 72.83, "latitude": 19.22, "source": "Mumbai OpenCity / BMC", "source_file": "Mumbai City Dispensaries Map.kml", "source_id": "126", "verification_status": "source_verified" }, "geometry": { "type": "Point", "coordinates": [ 72.83, 19.22, 0.0 ] } },
{ "type": "Feature", "properties": { "facility_id": "HC_00127", "name": "Kajupada Dispensary", "service_type": "dispensary", "address": "Chougule nagar ,mourya building ,1 st floor ,Borivali east ,Mumbai -400066", "ward_code": "RC", "longitude": 72.87, "latitude": 19.23, "source": "Mumbai OpenCity / BMC", "source_file": "Mumbai City Dispensaries Map.kml", "source_id": "127", "verification_status": "source_verified" }, "geometry": { "type": "Point", "coordinates": [ 72.87, 19.23, 0.0 ] } },
{ "type": "Feature", "properties": { "facility_id": "HC_00128", "name": "K.K. Dispensary", "service_type": "dispensary", "address": "at juction of s.v. and s.v.p rd,borivali west. BMC buliding.Mumbai 400092", "ward_code": "RC", "longitude": 72.8666, "latitude": 19.224, "source": "Mumbai OpenCity / BMC", "source_file": "Mumbai City Dispensaries Map.kml", "source_id": "128", "verification_status": "source_verified" }, "geometry": { "type": "Point", "coordinates": [ 72.8666, 19.224, 0.0 ] } },
{ "type": "Feature", "properties": { "facility_id": "HC_00129", "name": "Ekser Dispensary", "service_type": "dispensary", "address": "Eksar Talepakhadi,opp Eksar talav,Borivali west Mumbai 400092", "ward_code": "RC", "longitude": 72.85, "latitude": 19.23, "source": "Mumbai OpenCity / BMC", "source_file": "Mumbai City Dispensaries Map.kml", "source_id": "129", "verification_status": "source_verified" }, "geometry": { "type": "Point", "coordinates": [ 72.85, 19.23, 0.0 ] } },
{ "type": "Feature", "properties": { "facility_id": "HC_00130", "name": "Gorai Village Dispensary", "service_type": "dispensary", "address": "Near Gorai cross,Gorai village ,Borivali west,Mumbai 400091", "ward_code": "RC", "longitude": 72.79, "latitude": 19.24, "source": "Mumbai OpenCity / BMC", "source_file": "Mumbai City Dispensaries Map.kml", "source_id": "130", "verification_status": "source_verified" }, "geometry": { "type": "Point", "coordinates": [ 72.79, 19.24, 0.0 ] } },
{ "type": "Feature", "properties": { "facility_id": "HC_00131", "name": "Y R Tawde Dispensary", "service_type": "dispensary", "address": "Hari Shankar Joshi Road, Dahisar East", "ward_code": "RN", "longitude": 72.86, "latitude": 19.25, "source": "Mumbai OpenCity / BMC", "source_file": "Mumbai City Dispensaries Map.kml", "source_id": "131", "verification_status": "source_verified" }, "geometry": { "type": "Point", "coordinates": [ 72.86, 19.25, 0.0 ] } },
{ "type": "Feature", "properties": { "facility_id": "HC_00132", "name": "Shastri Nagar Dispensary", "service_type": "dispensary", "address": "Holy Cross Road, Navagaon, Dahisar West", "ward_code": "RN", "longitude": 72.85, "latitude": 19.25, "source": "Mumbai OpenCity / BMC", "source_file": "Mumbai City Dispensaries Map.kml", "source_id": "132", "verification_status": "source_verified" }, "geometry": { "type": "Point", "coordinates": [ 72.85, 19.25, 0.0 ] } },
{ "type": "Feature", "properties": { "facility_id": "HC_00133", "name": "L T Road Dispensary", "service_type": "dispensary", "address": "L T Road, Dahisar West", "ward_code": "RN", "longitude": 72.86, "latitude": 19.25, "source": "Mumbai OpenCity / BMC", "source_file": "Mumbai City Dispensaries Map.kml", "source_id": "133", "verification_status": "source_verified" }, "geometry": { "type": "Point", "coordinates": [ 72.86, 19.25, 0.0 ] } },
{ "type": "Feature", "properties": { "facility_id": "HC_00134", "name": "Anand Nagar Dispensary", "service_type": "dispensary", "address": "Manan Building, Anand Nagar, Dahisar West", "ward_code": "RN", "longitude": 72.86, "latitude": 19.26, "source": "Mumbai OpenCity / BMC", "source_file": "Mumbai City Dispensaries Map.kml", "source_id": "134", "verification_status": "source_verified" }, "geometry": { "type": "Point", "coordinates": [ 72.86, 19.26, 0.0 ] } },
{ "type": "Feature", "properties": { "facility_id": "HC_00135", "name": "Pramila Nagar Dispensary", "service_type": "dispensary", "address": "Mhada Colony, Kandarpada, Dahisar West", "ward_code": "RN", "longitude": 72.8737, "latitude": 19.2605, "source": "Mumbai OpenCity / BMC", "source_file": "Mumbai City Dispensaries Map.kml", "source_id": "135", "verification_status": "source_verified" }, "geometry": { "type": "Point", "coordinates": [ 72.8737, 19.2605, 0.0 ] } },
{ "type": "Feature", "properties": { "facility_id": "HC_00136", "name": "Bail Bazar Dispensary", "service_type": "dispensary", "address": "C/O ANANDIBAI JOSHI MATERNITY HOME, KALE MARG ANDHERI KURLA ROAD NEAR POLIC CHOWKI BAIL BAZAR KURLA (WEST) MUMBAI 400072", "ward_code": "L", "longitude": 72.88, "latitude": 19.08, "source": "Mumbai OpenCity / BMC", "source_file": "Mumbai City Dispensaries Map.kml", "source_id": "136", "verification_status": "source_verified" }, "geometry": { "type": "Point", "coordinates": [ 72.88, 19.08, 0.0 ] } },
{ "type": "Feature", "properties": { "facility_id": "HC_00137", "name": "Bibi Fatima Dispensary", "service_type": "dispensary", "address": "BELGRAMI ROAD NEAR LBS KURLA WEST", "ward_code": "L", "longitude": 72.92, "latitude": 19.1192, "source": "Mumbai OpenCity / BMC", "source_file": "Mumbai City Dispensaries Map.kml", "source_id": "137", "verification_status": "source_verified" }, "geometry": { "type": "Point", "coordinates": [ 72.92, 19.1192, 0.0 ] } },
{ "type": "Feature", "properties": { "facility_id": "HC_00138", "name": "Buddha Colony Dispensary", "service_type": "dispensary", "address": "Buddha Colony kurla West", "ward_code": "L", "longitude": 72.8798, "latitude": 19.0704, "source": "Mumbai OpenCity / BMC", "source_file": "Mumbai City Dispensaries Map.kml", "source_id": "138", "verification_status": "source_verified" }, "geometry": { "type": "Point", "coordinates": [ 72.8798, 19.0704, 0.0 ] } },
{ "type": "Feature", "properties": { "facility_id": "HC_00139", "name": "Chandivali Dispensary", "service_type": "dispensary", "address": "chandivali Dispensary,Sangharsh nagar", "ward_code": "L", "longitude": 72.9026, "latitude": 19.1084, "source": "Mumbai OpenCity / BMC", "source_file": "Mumbai City Dispensaries Map.kml", "source_id": "139", "verification_status": "source_verified" }, "geometry": { "type": "Point", "coordinates": [ 72.9026, 19.1084, 0.0 ] } },
{ "type": "Feature", "properties": { "facility_id": "HC_00140", "name": "Kajupada Dispensary", "service_type": "dispensary", "address": "Kajupada municipal dispensary, kajupada pipeline, near Ganesh maidan, kurla west, Mumbai 400072", "ward_code": "L", "longitude": 72.89, "latitude": 19.09, "source": "Mumbai OpenCity / BMC", "source_file": "Mumbai City Dispensaries Map.kml", "source_id": "140", "verification_status": "source_verified" }, "geometry": { "type": "Point", "coordinates": [ 72.89, 19.09, 0.0 ] } },
{ "type": "Feature", "properties": { "facility_id": "HC_00141", "name": "Nehru Nagar Dispensary", "service_type": "dispensary", "address": "MOTHER DAIRY ROAD, MOTHER DAIRY NEHRU NAGAR KURLA (E)", "ward_code": "L", "longitude": 72.89, "latitude": 19.06, "source": "Mumbai OpenCity / BMC", "source_file": "Mumbai City Dispensaries Map.kml", "source_id": "141", "verification_status": "source_verified" }, "geometry": { "type": "Point", "coordinates": [ 72.89, 19.06, 0.0 ] } },
{ "type": "Feature", "properties": { "facility_id": "HC_00142", "name": "Chunabhatti Dispensary", "service_type": "dispensary", "address": "V N Purav marg chunabhatti mumbai 22", "ward_code": "L", "longitude": 72.8846, "latitude": 19.1315, "source": "Mumbai OpenCity / BMC", "source_file": "Mumbai City Dispensaries Map.kml", "source_id": "142", "verification_status": "source_verified" }, "geometry": { "type": "Point", "coordinates": [ 72.8846, 19.1315, 0.0 ] } },
{ "type": "Feature", "properties": { "facility_id": "HC_00143", "name": "Tilak Nagar Dispensary", "service_type": "dispensary", "address": "ROYAL GARGEN CHS, CTS NO 47, TILAK NAGAR (W) 400089", "ward_code": "L", "longitude": 72.89, "latitude": 19.07, "source": "Mumbai OpenCity / BMC", "source_file": "Mumbai City Dispensaries Map.kml", "source_id": "143", "verification_status": "source_verified" }, "geometry": { "type": "Point", "coordinates": [ 72.89, 19.07, 0.0 ] } },
{ "type": "Feature", "properties": { "facility_id": "HC_00144", "name": "Asalpha Village Dispensary", "service_type": "dispensary", "address": "subash nagar Asalpha village pipeline", "ward_code": "L", "longitude": 72.9, "latitude": 19.1, "source": "Mumbai OpenCity / BMC", "source_file": "Mumbai City Dispensaries Map.kml", "source_id": "144", "verification_status": "source_verified" }, "geometry": { "type": "Point", "coordinates": [ 72.9, 19.1, 0.0 ] } },
{ "type": "Feature", "properties": { "facility_id": "HC_00145", "name": "Himalaya Dispensary", "service_type": "dispensary", "address": "Himalaya soc disp,near sabri bldg,NSS road Ghatkopar (w)", "ward_code": "L", "longitude": 72.89, "latitude": 19.09, "source": "Mumbai OpenCity / BMC", "source_file": "Mumbai City Dispensaries Map.kml", "source_id": "145", "verification_status": "source_verified" }, "geometry": { "type": "Point", "coordinates": [ 72.89, 19.09, 0.0 ] } },
{ "type": "Feature", "properties": { "facility_id": "HC_00146", "name": "Safed Pool Dispensary", "service_type": "dispensary", "address": "Safed Pool ,Kurla West", "ward_code": "L", "longitude": 72.88, "latitude": 19.09, "source": "Mumbai OpenCity / BMC", "source_file": "Mumbai City Dispensaries Map.kml", "source_id": "146", "verification_status": "source_verified" }, "geometry": { "type": "Point", "coordinates": [ 72.88, 19.09, 0.0 ] } },
{ "type": "Feature", "properties": { "facility_id": "HC_00147", "name": "Mohili Village Dispensary", "service_type": "dispensary", "address": "Mohili Village,Kurla West", "ward_code": "L", "longitude": 72.89, "latitude": 19.1, "source": "Mumbai OpenCity / BMC", "source_file": "Mumbai City Dispensaries Map.kml", "source_id": "147", "verification_status": "source_verified" }, "geometry": { "type": "Point", "coordinates": [ 72.89, 19.1, 0.0 ] } },
{ "type": "Feature", "properties": { "facility_id": "HC_00148", "name": "Christian Village Dispensary", "service_type": "dispensary", "address": "CHRISTIAN VILLAGE DISPENSARY FATHER PETER PERIERA ROAD CHRISTIAN VILLAGE KURLA WEST", "ward_code": "L", "longitude": 72.88, "latitude": 19.08, "source": "Mumbai OpenCity / BMC", "source_file": "Mumbai City Dispensaries Map.kml", "source_id": "148", "verification_status": "source_verified" }, "geometry": { "type": "Point", "coordinates": [ 72.88, 19.08, 0.0 ] } },
{ "type": "Feature", "properties": { "facility_id": "HC_00149", "name": "Qureshi Nagar Dispensary", "service_type": "dispensary", "address": "Qureshi nagar,Kurla West", "ward_code": "L", "longitude": 72.8773, "latitude": 19.0599, "source": "Mumbai OpenCity / BMC", "source_file": "Mumbai City Dispensaries Map.kml", "source_id": "149", "verification_status": "source_verified" }, "geometry": { "type": "Point", "coordinates": [ 72.8773, 19.0599, 0.0 ] } },
{ "type": "Feature", "properties": { "facility_id": "HC_00150", "name": "Nahar Amrit Shakti Dispensary", "service_type": "dispensary", "address": "Nahar Amrit Shakti Dispensary", "ward_code": "L", "longitude": 72.88, "latitude": 19.07, "source": "Mumbai OpenCity / BMC", "source_file": "Mumbai City Dispensaries Map.kml", "source_id": "150", "verification_status": "source_verified" }, "geometry": { "type": "Point", "coordinates": [ 72.88, 19.07, 0.0 ] } },
{ "type": "Feature", "properties": { "facility_id": "HC_00151", "name": "Anik Nagar Dispensary", "service_type": "dispensary", "address": "SURAKSHA SOCIETY. BLDG. NO.4, 1ST FLOOR, MHADA COLONY, VASHI NAKA, CHEMBUR-74", "ward_code": "ME", "longitude": 72.9043, "latitude": 19.0357, "source": "Mumbai OpenCity / BMC", "source_file": "Mumbai City Dispensaries Map.kml", "source_id": "151", "verification_status": "source_verified" }, "geometry": { "type": "Point", "coordinates": [ 72.9043, 19.0357, 0.0 ] } },
{ "type": "Feature", "properties": { "facility_id": "HC_00152", "name": "Ayodhya Nagar Dispensary", "service_type": "dispensary", "address": "NEAR FISH MARKET, JAY BHAVANI MARG, VASHI NAKA, CHEMBUR-74.", "ward_code": "ME", "longitude": 72.9, "latitude": 19.03, "source": "Mumbai OpenCity / BMC", "source_file": "Mumbai City Dispensaries Map.kml", "source_id": "152", "verification_status": "source_verified" }, "geometry": { "type": "Point", "coordinates": [ 72.9, 19.03, 0.0 ] } },
{ "type": "Feature", "properties": { "facility_id": "HC_00153", "name": "Gawanpada Dispensary", "service_type": "dispensary", "address": "B.D.PATIL MARG, GAVANPADA, MUMBAI-74", "ward_code": "ME", "longitude": 72.9, "latitude": 19.01, "source": "Mumbai OpenCity / BMC", "source_file": "Mumbai City Dispensaries Map.kml", "source_id": "153", "verification_status": "source_verified" }, "geometry": { "type": "Point", "coordinates": [ 72.9, 19.01, 0.0 ] } },
{ "type": "Feature", "properties": { "facility_id": "HC_00154", "name": "Deonar Dispensary", "service_type": "dispensary", "address": "ROOM NO. 123, DEONAR SHOPPING CENTRE, DEONAR MUNICIPAL COLONY, GOVANDI (W)", "ward_code": "ME", "longitude": 72.92, "latitude": 19.05, "source": "Mumbai OpenCity / BMC", "source_file": "Mumbai City Dispensaries Map.kml", "source_id": "154", "verification_status": "source_verified" }, "geometry": { "type": "Point", "coordinates": [ 72.92, 19.05, 0.0 ] } },
{ "type": "Feature", "properties": { "facility_id": "HC_00155", "name": "Maharashtra Nagar Dispensary (Cheetah)", "service_type": "dispensary", "address": "BLDG. NO. 18, 1st FLOOR, ROOM NO.101,102,115 & 116. MAHARASHTRA NAGAR MANKHURD, MUMBAI-88.", "ward_code": "ME", "longitude": 72.94, "latitude": 19.05, "source": "Mumbai OpenCity / BMC", "source_file": "Mumbai City Dispensaries Map.kml", "source_id": "155", "verification_status": "source_verified" }, "geometry": { "type": "Point", "coordinates": [ 72.94, 19.05, 0.0 ] } },
{ "type": "Feature", "properties": { "facility_id": "HC_00156", "name": "Kamla Raman Nagar Dispensary (Baiganwadi)", "service_type": "dispensary", "address": "BEHIND BHADRA HOSPITAL, ROAD TO DUMPING GROUND, MUMBAI-43, GOVANDI East", "ward_code": "ME", "longitude": 72.93, "latitude": 19.06, "source": "Mumbai OpenCity / BMC", "source_file": "Mumbai City Dispensaries Map.kml", "source_id": "156", "verification_status": "source_verified" }, "geometry": { "type": "Point", "coordinates": [ 72.93, 19.06, 0.0 ] } },
{ "type": "Feature", "properties": { "facility_id": "HC_00157", "name": "Ram Manohar Lohiya (R B K Dispensary)", "service_type": "dispensary", "address": "CITY SURVEY NO. 4A/8/1 & 4A/8/2, UNIVERSAL MAJESTIC BLDG. P.L.LOKHANDE MARG, CHEMBUR-400071", "ward_code": "ME", "longitude": 72.91, "latitude": 19.06, "source": "Mumbai OpenCity / BMC", "source_file": "Mumbai City Dispensaries Map.kml", "source_id": "157", "verification_status": "source_verified" }, "geometry": { "type": "Point", "coordinates": [ 72.91, 19.06, 0.0 ] } },
{ "type": "Feature", "properties": { "facility_id": "HC_00158", "name": "L. U. Gadkari Dispensary (Vashi Naka)", "service_type": "dispensary", "address": "R/1 BLDG. AMAN SOCIETY, NEAR DATTA MANDIR, VISHNU NAGAR, L.U.GADAKARI MARG, CHEMBUR, MUMBAI-74.", "ward_code": "ME", "longitude": 72.89, "latitude": 19.09, "source": "Mumbai OpenCity / BMC", "source_file": "Mumbai City Dispensaries Map.kml", "source_id": "158", "verification_status": "source_verified" }, "geometry": { "type": "Point", "coordinates": [ 72.89, 19.09, 0.0 ] } },
{ "type": "Feature", "properties": { "facility_id": "HC_00159", "name": "New Baigan Wadi Dispensary", "service_type": "dispensary", "address": "PLOT NO.32, ROAD NO.8, RAFIQ NAGAR, NEAR SANJAY NAGAR & 90FT. ROAD, GOVANDI, MUMBAI-43", "ward_code": "ME", "longitude": 72.9235, "latitude": 19.0589, "source": "Mumbai OpenCity / BMC", "source_file": "Mumbai City Dispensaries Map.kml", "source_id": "159", "verification_status": "source_verified" }, "geometry": { "type": "Point", "coordinates": [ 72.9235, 19.0589, 0.0 ] } },
{ "type": "Feature", "properties": { "facility_id": "HC_00160", "name": "A. B. Sathe Nagar Dispensary", "service_type": "dispensary", "address": "R4, MMRDA BLDG, SATHE NAGAR, MANKHURD, MUMBAI 43", "ward_code": "ME", "longitude": 72.93, "latitude": 19.05, "source": "Mumbai OpenCity / BMC", "source_file": "Mumbai City Dispensaries Map.kml", "source_id": "160", "verification_status": "source_verified" }, "geometry": { "type": "Point", "coordinates": [ 72.93, 19.05, 0.0 ] } },
{ "type": "Feature", "properties": { "facility_id": "HC_00161", "name": "Trombay Dispensary", "service_type": "dispensary", "address": "NEAR POST OFFICE, MAIN ROAD, TROMBAY", "ward_code": "ME", "longitude": 72.95, "latitude": 19.03, "source": "Mumbai OpenCity / BMC", "source_file": "Mumbai City Dispensaries Map.kml", "source_id": "161", "verification_status": "source_verified" }, "geometry": { "type": "Point", "coordinates": [ 72.95, 19.03, 0.0 ] } },
{ "type": "Feature", "properties": { "facility_id": "HC_00162", "name": "Chembur Naka Dispensary", "service_type": "dispensary", "address": "CHEMBUR NAKA DISPENSARY, BLDG NO. 2, GROUND FLOOR, CHEMBUR 71", "ward_code": "MW", "longitude": 72.89, "latitude": 19.05, "source": "Mumbai OpenCity / BMC", "source_file": "Mumbai City Dispensaries Map.kml", "source_id": "162", "verification_status": "source_verified" }, "geometry": { "type": "Point", "coordinates": [ 72.89, 19.05, 0.0 ] } },
{ "type": "Feature", "properties": { "facility_id": "HC_00163", "name": "Chembur Colony Dispensary", "service_type": "dispensary", "address": "CHEMBUR COLONY DISPENSARY, CHEMBUR 71", "ward_code": "MW", "longitude": 72.89, "latitude": 19.05, "source": "Mumbai OpenCity / BMC", "source_file": "Mumbai City Dispensaries Map.kml", "source_id": "163", "verification_status": "source_verified" }, "geometry": { "type": "Point", "coordinates": [ 72.89, 19.05, 0.0 ] } },
{ "type": "Feature", "properties": { "facility_id": "HC_00164", "name": "Labour Camp Dispensary", "service_type": "dispensary", "address": "LABOUR CAMP DISPENSARY, P.L.LOKHANDE MARG, CHEMBUR-89.", "ward_code": "MW", "longitude": 72.908, "latitude": 19.0614, "source": "Mumbai OpenCity / BMC", "source_file": "Mumbai City Dispensaries Map.kml", "source_id": "164", "verification_status": "source_verified" }, "geometry": { "type": "Point", "coordinates": [ 72.908, 19.0614, 0.0 ] } },
{ "type": "Feature", "properties": { "facility_id": "HC_00165", "name": "Lal Dongar Dispensary", "service_type": "dispensary", "address": "LAL DONGAR DISPENSARY, OPP ALTAVISTA TOWAR, NEAR SURANA SETHIYA HOSPITAL, V.N. PURAN MARG, CHEMBUR 71", "ward_code": "MW", "longitude": 72.89, "latitude": 19.05, "source": "Mumbai OpenCity / BMC", "source_file": "Mumbai City Dispensaries Map.kml", "source_id": "165", "verification_status": "source_verified" }, "geometry": { "type": "Point", "coordinates": [ 72.89, 19.05, 0.0 ] } },
{ "type": "Feature", "properties": { "facility_id": "HC_00166", "name": "Mahul SRA Dispensary", "service_type": "dispensary", "address": "MAHUL SRA DISPENSARY, GROUND FLOOR, BLDG NO. 42, MHADA SRA COMPLEX, MAHUL 74", "ward_code": "MW", "longitude": 72.89, "latitude": 19.01, "source": "Mumbai OpenCity / BMC", "source_file": "Mumbai City Dispensaries Map.kml", "source_id": "166", "verification_status": "source_verified" }, "geometry": { "type": "Point", "coordinates": [ 72.89, 19.01, 0.0 ] } },
{ "type": "Feature", "properties": { "facility_id": "HC_00167", "name": "Mahul Village Dispensary", "service_type": "dispensary", "address": "MAHUL DISPENSARY, NEAR FISH MARKET, MAHUL ROAD, CHEMBUR 74", "ward_code": "MW", "longitude": 72.89, "latitude": 19.01, "source": "Mumbai OpenCity / BMC", "source_file": "Mumbai City Dispensaries Map.kml", "source_id": "167", "verification_status": "source_verified" }, "geometry": { "type": "Point", "coordinates": [ 72.89, 19.01, 0.0 ] } },
{ "type": "Feature", "properties": { "facility_id": "HC_00168", "name": "Sarvodaya Dispensary", "service_type": "dispensary", "address": "Sarvodaya Muncipal Dispensary, Khot lane Near Bata showroom , Jyoti Chemburs Ghatkopar w Mumbai 400086", "ward_code": "N", "longitude": 72.91, "latitude": 19.09, "source": "Mumbai OpenCity / BMC", "source_file": "Mumbai City Dispensaries Map.kml", "source_id": "168", "verification_status": "source_verified" }, "geometry": { "type": "Point", "coordinates": [ 72.91, 19.09, 0.0 ] } },
{ "type": "Feature", "properties": { "facility_id": "HC_00169", "name": "Park Site Dispensary", "service_type": "dispensary", "address": "PARKSITE MUNCIPAL UPHC ROAD NO 1 BEHIND OLD JANKALYAN BANK VIKHROLI W 400079", "ward_code": "N", "longitude": 72.91, "latitude": 19.1, "source": "Mumbai OpenCity / BMC", "source_file": "Mumbai City Dispensaries Map.kml", "source_id": "169", "verification_status": "source_verified" }, "geometry": { "type": "Point", "coordinates": [ 72.91, 19.1, 0.0 ] } },
{ "type": "Feature", "properties": { "facility_id": "HC_00170", "name": "Parshi Wadi Dispensary", "service_type": "dispensary", "address": "parshiwad muncipal i disp,jai maharashtra ganesh maidan,parshiwadi,ghatkopar west 4000086,", "ward_code": "N", "longitude": 72.9, "latitude": 19.09, "source": "Mumbai OpenCity / BMC", "source_file": "Mumbai City Dispensaries Map.kml", "source_id": "170", "verification_status": "source_verified" }, "geometry": { "type": "Point", "coordinates": [ 72.9, 19.09, 0.0 ] } },
{ "type": "Feature", "properties": { "facility_id": "HC_00171", "name": "Pant Nagar Dispensary", "service_type": "dispensary", "address": "NEAR BMC SCHOOL NO 3, PANTNGAR", "ward_code": "N", "longitude": 72.92, "latitude": 19.09, "source": "Mumbai OpenCity / BMC", "source_file": "Mumbai City Dispensaries Map.kml", "source_id": "171", "verification_status": "source_verified" }, "geometry": { "type": "Point", "coordinates": [ 72.92, 19.09, 0.0 ] } },
{ "type": "Feature", "properties": { "facility_id": "HC_00172", "name": "Ramabai Dispensary", "service_type": "dispensary", "address": "KDGM RAMABAI COLONY UPHC ,ON EASTERN EXPRESS HIGHWAY,NEAR SHAHID SAMARK,GHATKOPAR(East)-75..MCGM property", "ward_code": "N", "longitude": 72.92, "latitude": 19.08, "source": "Mumbai OpenCity / BMC", "source_file": "Mumbai City Dispensaries Map.kml", "source_id": "172", "verification_status": "source_verified" }, "geometry": { "type": "Point", "coordinates": [ 72.92, 19.08, 0.0 ] } },
{ "type": "Feature", "properties": { "facility_id": "HC_00173", "name": "Sainath Dispensary", "service_type": "dispensary", "address": "Matoshree Ramabai Thakare Mat.Home Sainath nagar Rd Ganesh Maidan Ghatkopar W", "ward_code": "N", "longitude": 72.91, "latitude": 19.09, "source": "Mumbai OpenCity / BMC", "source_file": "Mumbai City Dispensaries Map.kml", "source_id": "173", "verification_status": "source_verified" }, "geometry": { "type": "Point", "coordinates": [ 72.91, 19.09, 0.0 ] } },
{ "type": "Feature", "properties": { "facility_id": "HC_00174", "name": "Kirol Village Dispensary", "service_type": "dispensary", "address": "near Vidyavihar(w)station,opp.BESTdepot", "ward_code": "N", "longitude": 72.9, "latitude": 19.08, "source": "Mumbai OpenCity / BMC", "source_file": "Mumbai City Dispensaries Map.kml", "source_id": "174", "verification_status": "source_verified" }, "geometry": { "type": "Point", "coordinates": [ 72.9, 19.08, 0.0 ] } },
{ "type": "Feature", "properties": { "facility_id": "HC_00175", "name": "Nath Pai Dispensary", "service_type": "dispensary", "address": "Venus Appartment, ground floor, opp. Dr hedagewar gardan, vidhyabhavan marg, near 90 feet road, nath pai nagar, garodiya, ghatkoper east mumbai 400072", "ward_code": "N", "longitude": 72.9058, "latitude": 19.073, "source": "Mumbai OpenCity / BMC", "source_file": "Mumbai City Dispensaries Map.kml", "source_id": "175", "verification_status": "source_verified" }, "geometry": { "type": "Point", "coordinates": [ 72.9058, 19.073, 0.0 ] } },
{ "type": "Feature", "properties": { "facility_id": "HC_00176", "name": "M.V.R. Shinde Marg Dispensary", "service_type": "dispensary", "address": "M.V.R.Shinde Marg, Ishwarnagar MGCB Office, Bhandup West", "ward_code": "S", "longitude": 72.94, "latitude": 19.14, "source": "Mumbai OpenCity / BMC", "source_file": "Mumbai City Dispensaries Map.kml", "source_id": "176", "verification_status": "source_verified" }, "geometry": { "type": "Point", "coordinates": [ 72.94, 19.14, 0.0 ] } },
{ "type": "Feature", "properties": { "facility_id": "HC_00177", "name": "Shivaji Talav Dispensary", "service_type": "dispensary", "address": "Kokan nagar, Ganga Vidyalay Primises near shivajitalao Bhandup", "ward_code": "S", "longitude": 72.93, "latitude": 19.15, "source": "Mumbai OpenCity / BMC", "source_file": "Mumbai City Dispensaries Map.kml", "source_id": "177", "verification_status": "source_verified" }, "geometry": { "type": "Point", "coordinates": [ 72.93, 19.15, 0.0 ] } },
{ "type": "Feature", "properties": { "facility_id": "HC_00178", "name": "Tirandaz Dispensary", "service_type": "dispensary", "address": "Tirandaz Village, IIT Road, Powai Market", "ward_code": "S", "longitude": 72.905, "latitude": 19.1196, "source": "Mumbai OpenCity / BMC", "source_file": "Mumbai City Dispensaries Map.kml", "source_id": "178", "verification_status": "source_verified" }, "geometry": { "type": "Point", "coordinates": [ 72.905, 19.1196, 0.0 ] } },
{ "type": "Feature", "properties": { "facility_id": "HC_00179", "name": "Nahur Dispensary", "service_type": "dispensary", "address": "MHADA colony shop no 3,4,5,Subhash Nagar,Bhandup", "ward_code": "S", "longitude": 72.8846, "latitude": 19.1315, "source": "Mumbai OpenCity / BMC", "source_file": "Mumbai City Dispensaries Map.kml", "source_id": "179", "verification_status": "source_verified" }, "geometry": { "type": "Point", "coordinates": [ 72.8846, 19.1315, 0.0 ] } },
{ "type": "Feature", "properties": { "facility_id": "HC_00180", "name": "Kanjur Village Dispensary", "service_type": "dispensary", "address": "Kanjur Gao Near Police station Kanjur East", "ward_code": "S", "longitude": 72.94, "latitude": 19.13, "source": "Mumbai OpenCity / BMC", "source_file": "Mumbai City Dispensaries Map.kml", "source_id": "180", "verification_status": "source_verified" }, "geometry": { "type": "Point", "coordinates": [ 72.94, 19.13, 0.0 ] } },
{ "type": "Feature", "properties": { "facility_id": "HC_00181", "name": "Tagor Nagar Dispensary", "service_type": "dispensary", "address": "Suncity building IIT Market Gandhi Nagar", "ward_code": "S", "longitude": 72.94, "latitude": 19.12, "source": "Mumbai OpenCity / BMC", "source_file": "Mumbai City Dispensaries Map.kml", "source_id": "181", "verification_status": "source_verified" }, "geometry": { "type": "Point", "coordinates": [ 72.94, 19.12, 0.0 ] } },
{ "type": "Feature", "properties": { "facility_id": "HC_00182", "name": "Tulshet Pada Dispensary", "service_type": "dispensary", "address": "Tulshetpada mun disp lake rd, Bhandup", "ward_code": "S", "longitude": 72.9306, "latitude": 19.1627, "source": "Mumbai OpenCity / BMC", "source_file": "Mumbai City Dispensaries Map.kml", "source_id": "182", "verification_status": "source_verified" }, "geometry": { "type": "Point", "coordinates": [ 72.9306, 19.1627, 0.0 ] } },
{ "type": "Feature", "properties": { "facility_id": "HC_00183", "name": "Tembhi Pada Dispensary", "service_type": "dispensary", "address": "Tembhipada Mun.disp, Nardas nagar, Near Pach mandir, Bhandup (West)", "ward_code": "S", "longitude": 72.93, "latitude": 19.15, "source": "Mumbai OpenCity / BMC", "source_file": "Mumbai City Dispensaries Map.kml", "source_id": "183", "verification_status": "source_verified" }, "geometry": { "type": "Point", "coordinates": [ 72.93, 19.15, 0.0 ] } },
{ "type": "Feature", "properties": { "facility_id": "HC_00184", "name": "PJK Dispensary", "service_type": "dispensary", "address": "M.G.Road, Panch Rasta, opp Kirtimahal Hotel, Mulund (w). Mum 80.", "ward_code": "T", "longitude": 72.95, "latitude": 19.18, "source": "Mumbai OpenCity / BMC", "source_file": "Mumbai City Dispensaries Map.kml", "source_id": "184", "verification_status": "source_verified" }, "geometry": { "type": "Point", "coordinates": [ 72.95, 19.18, 0.0 ] } },
{ "type": "Feature", "properties": { "facility_id": "HC_00185", "name": "DDU Marg Dispensary", "service_type": "dispensary", "address": "Din Dayal Upadhyay Marg, Opp Croma Shop, Checknaka, Mulund (w). Mum 80", "ward_code": "T", "longitude": 72.95, "latitude": 19.18, "source": "Mumbai OpenCity / BMC", "source_file": "Mumbai City Dispensaries Map.kml", "source_id": "185", "verification_status": "source_verified" }, "geometry": { "type": "Point", "coordinates": [ 72.95, 19.18, 0.0 ] } },
{ "type": "Feature", "properties": { "facility_id": "HC_00186", "name": "Mulund Colony Dispensary", "service_type": "dispensary", "address": "Zulelal Marg, Opp Jay Bharat School, Mulund colony , Mulund (w). Mum80.", "ward_code": "T", "longitude": 72.94, "latitude": 19.17, "source": "Mumbai OpenCity / BMC", "source_file": "Mumbai City Dispensaries Map.kml", "source_id": "186", "verification_status": "source_verified" }, "geometry": { "type": "Point", "coordinates": [ 72.94, 19.17, 0.0 ] } },
{ "type": "Feature", "properties": { "facility_id": "HC_00187", "name": "Grant Med.College & J.J. Hospital", "service_type": "hospital", "address": "J.J.Marg Nagpada,Near Sandhurst Road station Mumbai-400008", "ward_code": "E", "longitude": 72.83, "latitude": 18.96, "source": "Mumbai OpenCity / BMC", "source_file": "Mumbai City Public Hospitals Map.kml", "source_id": "1", "verification_status": "source_verified" }, "geometry": { "type": "Point", "coordinates": [ 72.83, 18.96, 0.0 ] } },
{ "type": "Feature", "properties": { "facility_id": "HC_00188", "name": "NAIR HOSPITAL DENTAL COLLEGE", "service_type": "hospital", "address": "Dr. Anandrao L. Nair Road, Mumbai Central, Mumbai – 400 008", "ward_code": "E", "longitude": 72.82, "latitude": 18.97, "source": "Mumbai OpenCity / BMC", "source_file": "Mumbai City Public Hospitals Map.kml", "source_id": "2", "verification_status": "source_verified" }, "geometry": { "type": "Point", "coordinates": [ 72.82, 18.97, 0.0 ] } },
{ "type": "Feature", "properties": { "facility_id": "HC_00189", "name": "B. Y. L. NAIR CHARITABLE HOSPITAL AND T. N. MEDICAL COLLEGE", "service_type": "hospital", "address": "Dr. Anandrao L. Nair Road, Mumbai Central, Mumbai – 400 008.", "ward_code": "E", "longitude": 72.82, "latitude": 18.97, "source": "Mumbai OpenCity / BMC", "source_file": "Mumbai City Public Hospitals Map.kml", "source_id": "3", "verification_status": "source_verified" }, "geometry": { "type": "Point", "coordinates": [ 72.82, 18.97, 0.0 ] } },
{ "type": "Feature", "properties": { "facility_id": "HC_00190", "name": "Seth G.S.Medical college &KEM Hospital", "service_type": "hospital", "address": "Acharya Donde Road,Parel,Mumbai-400012.", "ward_code": "FS", "longitude": 72.84, "latitude": 19.0, "source": "Mumbai OpenCity / BMC", "source_file": "Mumbai City Public Hospitals Map.kml", "source_id": "4", "verification_status": "source_verified" }, "geometry": { "type": "Point", "coordinates": [ 72.84, 19.0, 0.0 ] } },
{ "type": "Feature", "properties": { "facility_id": "HC_00191", "name": "LOKMANYA TILAK MUNICIPAL GENERAL HOSPITAL AND MEDICAL COLLEGE", "service_type": "hospital", "address": "Laxmibai Kelkar Road,Sion,Mumbai-400022.", "ward_code": "FN", "longitude": 72.86, "latitude": 19.04, "source": "Mumbai OpenCity / BMC", "source_file": "Mumbai City Public Hospitals Map.kml", "source_id": "5", "verification_status": "source_verified" }, "geometry": { "type": "Point", "coordinates": [ 72.86, 19.04, 0.0 ] } },
{ "type": "Feature", "properties": { "facility_id": "HC_00192", "name": "Hinduhrudaysamrat Balasaheb Thackeray Med.College & Dr.R.N Cooper Hospital", "service_type": "hospital", "address": "JVPD Sceme,Gulmohor Road,Juhu,Vile Paele()W,Mumbai-400056", "ward_code": "KW", "longitude": 72.84, "latitude": 19.11, "source": "Mumbai OpenCity / BMC", "source_file": "Mumbai City Public Hospitals Map.kml", "source_id": "6", "verification_status": "source_verified" }, "geometry": { "type": "Point", "coordinates": [ 72.84, 19.11, 0.0 ] } },
{ "type": "Feature", "properties": { "facility_id": "HC_00193", "name": "St George Hospital", "service_type": "hospital", "address": "St.Georges Road,C.S.T.,Mumbai-400001", "ward_code": "A", "longitude": 72.84, "latitude": 18.94, "source": "Mumbai OpenCity / BMC", "source_file": "Mumbai City Public Hospitals Map.kml", "source_id": "7", "verification_status": "source_verified" }, "geometry": { "type": "Point", "coordinates": [ 72.84, 18.94, 0.0 ] } },
{ "type": "Feature", "properties": { "facility_id": "HC_00194", "name": "Cama Albless Hospital", "service_type": "hospital", "address": "Mahapalika Marg,Dhobi Talao,Mumai-400001", "ward_code": "A", "longitude": 72.83, "latitude": 18.94, "source": "Mumbai OpenCity / BMC", "source_file": "Mumbai City Public Hospitals Map.kml", "source_id": "8", "verification_status": "source_verified" }, "geometry": { "type": "Point", "coordinates": [ 72.83, 18.94, 0.0 ] } },
{ "type": "Feature", "properties": { "facility_id": "HC_00195", "name": "G.T.Hospital", "service_type": "hospital", "address": "L.T.Road,Dhobi Talao,Near Crowford Market,Mumbai-400001.", "ward_code": "A", "longitude": 72.8336, "latitude": 18.9411, "source": "Mumbai OpenCity / BMC", "source_file": "Mumbai City Public Hospitals Map.kml", "source_id": "9", "verification_status": "source_verified" }, "geometry": { "type": "Point", "coordinates": [ 72.8336, 18.9411, 0.0 ] } },
{ "type": "Feature", "properties": { "facility_id": "HC_00196", "name": "V.N Desai Hospital", "service_type": "hospital", "address": "Golibar Road,Santacrus (E),Mumbai-400055", "ward_code": "HE", "longitude": 72.85, "latitude": 19.08, "source": "Mumbai OpenCity / BMC", "source_file": "Mumbai City Public Hospitals Map.kml", "source_id": "10", "verification_status": "source_verified" }, "geometry": { "type": "Point", "coordinates": [ 72.85, 19.08, 0.0 ] } },
{ "type": "Feature", "properties": { "facility_id": "HC_00197", "name": "K.B Bhabha Hospital", "service_type": "hospital", "address": "R. K. Patkar Marg, Bandra(W),Mumbai-400050.", "ward_code": "HW", "longitude": 72.83, "latitude": 19.06, "source": "Mumbai OpenCity / BMC", "source_file": "Mumbai City Public Hospitals Map.kml", "source_id": "11", "verification_status": "source_verified" }, "geometry": { "type": "Point", "coordinates": [ 72.83, 19.06, 0.0 ] } },
{ "type": "Feature", "properties": { "facility_id": "HC_00198", "name": "Siddharth Municipal General Hospital", "service_type": "hospital", "address": "Shrirang Shabde Road, Opp.Motilala Nagar Post Office,Goregaon (W),Mumbai-400053", "ward_code": "PS", "longitude": 72.84, "latitude": 19.16, "source": "Mumbai OpenCity / BMC", "source_file": "Mumbai City Public Hospitals Map.kml", "source_id": "12", "verification_status": "source_verified" }, "geometry": { "type": "Point", "coordinates": [ 72.84, 19.16, 0.0 ] } },
{ "type": "Feature", "properties": { "facility_id": "HC_00199", "name": "MW Desai Mun.Gen.Hospital", "service_type": "hospital", "address": "Govind Nagar ,HB..P. Road,Malad (East),Mumbai-400097", "ward_code": "PN", "longitude": 72.85, "latitude": 19.18, "source": "Mumbai OpenCity / BMC", "source_file": "Mumbai City Public Hospitals Map.kml", "source_id": "13", "verification_status": "source_verified" }, "geometry": { "type": "Point", "coordinates": [ 72.85, 19.18, 0.0 ] } },
{ "type": "Feature", "properties": { "facility_id": "HC_00200", "name": "S.K.Patil Mun.Gen.Hospital", "service_type": "hospital", "address": "Daftari Road,Malad (E),Mumbai-400097.", "ward_code": "PN", "longitude": 72.85, "latitude": 19.19, "source": "Mumbai OpenCity / BMC", "source_file": "Mumbai City Public Hospitals Map.kml", "source_id": "14", "verification_status": "source_verified" }, "geometry": { "type": "Point", "coordinates": [ 72.85, 19.19, 0.0 ] } },
{ "type": "Feature", "properties": { "facility_id": "HC_00201", "name": "Hinduhridaysamrat Balasaheb Thackeray Trauma Care Hospital", "service_type": "hospital", "address": "Jogeshwari(E),Mumbai-400060.", "ward_code": "KE", "longitude": 72.85, "latitude": 19.14, "source": "Mumbai OpenCity / BMC", "source_file": "Mumbai City Public Hospitals Map.kml", "source_id": "15", "verification_status": "source_verified" }, "geometry": { "type": "Point", "coordinates": [ 72.85, 19.14, 0.0 ] } },
{ "type": "Feature", "properties": { "facility_id": "HC_00202", "name": "Bharat ratna Babasaheb Ambedkar Hospital", "service_type": "hospital", "address": "S.V.Road Opp.Police Station, Kandivli (W),Mumbai-400067.", "ward_code": "RS", "longitude": 72.85, "latitude": 19.21, "source": "Mumbai OpenCity / BMC", "source_file": "Mumbai City Public Hospitals Map.kml", "source_id": "16", "verification_status": "source_verified" }, "geometry": { "type": "Point", "coordinates": [ 72.85, 19.21, 0.0 ] } },
{ "type": "Feature", "properties": { "facility_id": "HC_00203", "name": "Harilal Bhagwati Mun.Gen.Hosp", "service_type": "hospital", "address": "S.V.Patel Road,Borivali,Mumbau-400068.", "ward_code": "RN", "longitude": 72.85, "latitude": 19.24, "source": "Mumbai OpenCity / BMC", "source_file": "Mumbai City Public Hospitals Map.kml", "source_id": "17", "verification_status": "source_verified" }, "geometry": { "type": "Point", "coordinates": [ 72.85, 19.24, 0.0 ] } },
{ "type": "Feature", "properties": { "facility_id": "HC_00204", "name": "Kasturba Cross Road Hospital", "service_type": "hospital", "address": "Kasturba Cross Road No.2,Borivali (W),Mumbai-400066.", "ward_code": "RC", "longitude": 72.85, "latitude": 19.24, "source": "Mumbai OpenCity / BMC", "source_file": "Mumbai City Public Hospitals Map.kml", "source_id": "18", "verification_status": "source_verified" }, "geometry": { "type": "Point", "coordinates": [ 72.85, 19.24, 0.0 ] } },
{ "type": "Feature", "properties": { "facility_id": "HC_00205", "name": "Kurla Bhabha Hospital", "service_type": "hospital", "address": "Belgrami Road, Kurla (West), Mumbai - 400 070.", "ward_code": "L", "longitude": 72.88, "latitude": 19.07, "source": "Mumbai OpenCity / BMC", "source_file": "Mumbai City Public Hospitals Map.kml", "source_id": "19", "verification_status": "source_verified" }, "geometry": { "type": "Point", "coordinates": [ 72.88, 19.07, 0.0 ] } },
{ "type": "Feature", "properties": { "facility_id": "HC_00206", "name": "MAA Mun.Gen.Hospital", "service_type": "hospital", "address": "Postal Colony Road,Chembur,Mumbai-400071", "ward_code": "MW", "longitude": 72.9, "latitude": 19.06, "source": "Mumbai OpenCity / BMC", "source_file": "Mumbai City Public Hospitals Map.kml", "source_id": "20", "verification_status": "source_verified" }, "geometry": { "type": "Point", "coordinates": [ 72.9, 19.06, 0.0 ] } },
{ "type": "Feature", "properties": { "facility_id": "HC_00207", "name": "Pt. MMM Centenery Hospital", "service_type": "hospital", "address": "Waman Tukaram Patil Marg,Govandi (E),Mumbai-400088.", "ward_code": "ME", "longitude": 72.91, "latitude": 19.05, "source": "Mumbai OpenCity / BMC", "source_file": "Mumbai City Public Hospitals Map.kml", "source_id": "21", "verification_status": "source_verified" }, "geometry": { "type": "Point", "coordinates": [ 72.91, 19.05, 0.0 ] } },
{ "type": "Feature", "properties": { "facility_id": "HC_00208", "name": "Rajawadi Hospital", "service_type": "hospital", "address": "7,M.G.Road,Near Somaiya College, Ghatkopar (East), Mumbai – 400 077.", "ward_code": "N", "longitude": 72.9, "latitude": 19.08, "source": "Mumbai OpenCity / BMC", "source_file": "Mumbai City Public Hospitals Map.kml", "source_id": "22", "verification_status": "source_verified" }, "geometry": { "type": "Point", "coordinates": [ 72.9, 19.08, 0.0 ] } },
{ "type": "Feature", "properties": { "facility_id": "HC_00209", "name": "KMJ Phule Mun.Gen.Hospital", "service_type": "hospital", "address": "Kannamwar Nagar-2,Vikhroli(E),Mumbai-400083.", "ward_code": "S", "longitude": 72.94, "latitude": 19.12, "source": "Mumbai OpenCity / BMC", "source_file": "Mumbai City Public Hospitals Map.kml", "source_id": "23", "verification_status": "source_verified" }, "geometry": { "type": "Point", "coordinates": [ 72.94, 19.12, 0.0 ] } },
{ "type": "Feature", "properties": { "facility_id": "HC_00210", "name": "Sant Muktabai Hospital", "service_type": "hospital", "address": "Barvenagar,Bhatwadi,Ghatkopar (W),Mumbai-400084", "ward_code": "N", "longitude": 72.9, "latitude": 19.1, "source": "Mumbai OpenCity / BMC", "source_file": "Mumbai City Public Hospitals Map.kml", "source_id": "24", "verification_status": "source_verified" }, "geometry": { "type": "Point", "coordinates": [ 72.9, 19.1, 0.0 ] } },
{ "type": "Feature", "properties": { "facility_id": "HC_00211", "name": "SVD Savarkar Hospital", "service_type": "hospital", "address": "Mahatma Phule Road,Opp.C.D.Deshmukh Road Mulund(East).Mumbai-400081", "ward_code": "T", "longitude": 72.96, "latitude": 19.17, "source": "Mumbai OpenCity / BMC", "source_file": "Mumbai City Public Hospitals Map.kml", "source_id": "25", "verification_status": "source_verified" }, "geometry": { "type": "Point", "coordinates": [ 72.96, 19.17, 0.0 ] } },
{ "type": "Feature", "properties": { "facility_id": "HC_00212", "name": "M.T.Agarwal Mun.Gen.Hospital", "service_type": "hospital", "address": "Near T Ward office,Mulund(W),Mumbai-400080.", "ward_code": "T", "longitude": 72.95, "latitude": 19.18, "source": "Mumbai OpenCity / BMC", "source_file": "Mumbai City Public Hospitals Map.kml", "source_id": "26", "verification_status": "source_verified" }, "geometry": { "type": "Point", "coordinates": [ 72.95, 19.18, 0.0 ] } },
{ "type": "Feature", "properties": { "facility_id": "HC_00213", "name": "Seth A.J.B.Municipal ENT Hospital", "service_type": "hospital", "address": "NearSiddarth College,Maharshi Dadhichi Marg,Fort,Mumbai-400001", "ward_code": "A", "longitude": 72.83, "latitude": 18.93, "source": "Mumbai OpenCity / BMC", "source_file": "Mumbai City Public Hospitals Map.kml", "source_id": "27", "verification_status": "source_verified" }, "geometry": { "type": "Point", "coordinates": [ 72.83, 18.93, 0.0 ] } },
{ "type": "Feature", "properties": { "facility_id": "HC_00214", "name": "Municipal Eye Hospital", "service_type": "hospital", "address": "Maulana Shaukat Ali Marg,,Opp.Durga Devi Udyan,Mumbai-400008", "ward_code": "E", "longitude": 72.83, "latitude": 18.96, "source": "Mumbai OpenCity / BMC", "source_file": "Mumbai City Public Hospitals Map.kml", "source_id": "28", "verification_status": "source_verified" }, "geometry": { "type": "Point", "coordinates": [ 72.83, 18.96, 0.0 ] } },
{ "type": "Feature", "properties": { "facility_id": "HC_00215", "name": "Kasturba Hospital (For Infectiou Diseases)", "service_type": "hospital", "address": "Opp.Central Jail,Sane Guruji Marg (Arthur Road),Mumbai-400011", "ward_code": "E", "longitude": 72.83, "latitude": 18.98, "source": "Mumbai OpenCity / BMC", "source_file": "Mumbai City Public Hospitals Map.kml", "source_id": "29", "verification_status": "source_verified" }, "geometry": { "type": "Point", "coordinates": [ 72.83, 18.98, 0.0 ] } },
{ "type": "Feature", "properties": { "facility_id": "HC_00216", "name": "Group Of T.B.Hospital", "service_type": "hospital", "address": "Jerbai Wadia Road,Sewri,Mumbai-400015", "ward_code": "FS", "longitude": 72.85, "latitude": 19.01, "source": "Mumbai OpenCity / BMC", "source_file": "Mumbai City Public Hospitals Map.kml", "source_id": "30", "verification_status": "source_verified" }, "geometry": { "type": "Point", "coordinates": [ 72.85, 19.01, 0.0 ] } },
{ "type": "Feature", "properties": { "facility_id": "HC_00217", "name": "Acworth Leprosy Hospital", "service_type": "hospital", "address": "Major Parmeswaran Marg,Wadala,Mumbai-400031", "ward_code": "FN", "longitude": 72.8586, "latitude": 19.0197, "source": "Mumbai OpenCity / BMC", "source_file": "Mumbai City Public Hospitals Map.kml", "source_id": "31", "verification_status": "source_verified" }, "geometry": { "type": "Point", "coordinates": [ 72.8586, 19.0197, 0.0 ] } },
{ "type": "Feature", "properties": { "facility_id": "HC_00218", "name": "Suryakant Vagal Maternity Home, Zaobawadi", "service_type": "maternity_hospital", "address": "Suryakant Wagal Mun. Mat. Home, Zaobawadi, Thakurdwar, Girgaon Mumbai – 02", "ward_code": "C", "longitude": 72.82, "latitude": 18.95, "source": "Mumbai OpenCity / BMC", "source_file": "Mumbai City Public Maternity Hospitals Map.kml", "source_id": "1", "verification_status": "source_verified" }, "geometry": { "type": "Point", "coordinates": [ 72.82, 18.95, 0.0 ] } },
{ "type": "Feature", "properties": { "facility_id": "HC_00219", "name": "Naigaon Maternity Home", "service_type": "maternity_hospital", "address": "Mun. Mat. Home, Naigaon, Mumbai – 14.", "ward_code": "FS", "longitude": 72.85, "latitude": 19.01, "source": "Mumbai OpenCity / BMC", "source_file": "Mumbai City Public Maternity Hospitals Map.kml", "source_id": "2", "verification_status": "source_verified" }, "geometry": { "type": "Point", "coordinates": [ 72.85, 19.01, 0.0 ] } },
{ "type": "Feature", "properties": { "facility_id": "HC_00220", "name": "Raoli Camp Maternity Home", "service_type": "maternity_hospital", "address": "Mun. Mat. Home, Rowli Camp, Mumbai – 22", "ward_code": "FN", "longitude": 72.87, "latitude": 19.04, "source": "Mumbai OpenCity / BMC", "source_file": "Mumbai City Public Maternity Hospitals Map.kml", "source_id": "3", "verification_status": "source_verified" }, "geometry": { "type": "Point", "coordinates": [ 72.87, 19.04, 0.0 ] } },
{ "type": "Feature", "properties": { "facility_id": "HC_00221", "name": "Haji Mohammad Haji Sabu Siddik Maternity Home, Prabhadevi", "service_type": "maternity_hospital", "address": "Mohammad Haji Sabu Siddik Mun. Mat. Home, Swatryantveer Savarkar Road, Prabhadevi, Mumbai – 25", "ward_code": "GS", "longitude": 72.83, "latitude": 19.02, "source": "Mumbai OpenCity / BMC", "source_file": "Mumbai City Public Maternity Hospitals Map.kml", "source_id": "4", "verification_status": "source_verified" }, "geometry": { "type": "Point", "coordinates": [ 72.83, 19.02, 0.0 ] } },
{ "type": "Feature", "properties": { "facility_id": "HC_00222", "name": "Mahim Maternity Home", "service_type": "maternity_hospital", "address": "Mun. Mat. Home, Lt. Dilip Gupte Marg, Mahim, Mumbai – 400 0016.", "ward_code": "GN", "longitude": 72.8402, "latitude": 19.0328, "source": "Mumbai OpenCity / BMC", "source_file": "Mumbai City Public Maternity Hospitals Map.kml", "source_id": "5", "verification_status": "source_verified" }, "geometry": { "type": "Point", "coordinates": [ 72.8402, 19.0328, 0.0 ] } },
{ "type": "Feature", "properties": { "facility_id": "HC_00223", "name": "Bal Gangadhar Kher Maternity Home, Kherwadi", "service_type": "maternity_hospital", "address": "B. G. Kherwadi Mun. Mat. Home, Kherwadi, Bandra (East), Mumbai – 52.", "ward_code": "HE", "longitude": 72.85, "latitude": 19.06, "source": "Mumbai OpenCity / BMC", "source_file": "Mumbai City Public Maternity Hospitals Map.kml", "source_id": "6", "verification_status": "source_verified" }, "geometry": { "type": "Point", "coordinates": [ 72.85, 19.06, 0.0 ] } },
{ "type": "Feature", "properties": { "facility_id": "HC_00224", "name": "Dr. V.N. Shirodkar Maternity Home", "service_type": "maternity_hospital", "address": "Dr. V. N. Shirodkar Mun. Mat. Home, B-Paranjape Scheme, Hanuman Road, Vile-Parle (E), Mumbai – 54.", "ward_code": "KE", "longitude": 72.85, "latitude": 19.11, "source": "Mumbai OpenCity / BMC", "source_file": "Mumbai City Public Maternity Hospitals Map.kml", "source_id": "7", "verification_status": "source_verified" }, "geometry": { "type": "Point", "coordinates": [ 72.85, 19.11, 0.0 ] } },
{ "type": "Feature", "properties": { "facility_id": "HC_00225", "name": "Squatters Colony Maternity Home", "service_type": "maternity_hospital", "address": "Squatters Colony Mun. Mat. Home, Gumpha Road, Jogeshwari (East) Mumbai – 60", "ward_code": "KE", "longitude": 72.86, "latitude": 19.14, "source": "Mumbai OpenCity / BMC", "source_file": "Mumbai City Public Maternity Hospitals Map.kml", "source_id": "8", "verification_status": "source_verified" }, "geometry": { "type": "Point", "coordinates": [ 72.86, 19.14, 0.0 ] } },
{ "type": "Feature", "properties": { "facility_id": "HC_00226", "name": "Mata Ramabai Ambedkar Maternity Home, Marol (Marol Maternity Home)", "service_type": "maternity_hospital", "address": "Marol Mun. Mat. Home, Marol-Maroshi, Andheri (East), Mumbai – 57.", "ward_code": "KE", "longitude": 72.89, "latitude": 19.05, "source": "Mumbai OpenCity / BMC", "source_file": "Mumbai City Public Maternity Hospitals Map.kml", "source_id": "9", "verification_status": "source_verified" }, "geometry": { "type": "Point", "coordinates": [ 72.89, 19.05, 0.0 ] } },
{ "type": "Feature", "properties": { "facility_id": "HC_00227", "name": "Oshiwara Maternity Home", "service_type": "maternity_hospital", "address": "Oshiwara Mun. Mat. Home, Near Ajit Glass Factory, Oshiwara, Jogeshwari (West) Mumbai – 400102.", "ward_code": "KW", "longitude": 72.85, "latitude": 19.15, "source": "Mumbai OpenCity / BMC", "source_file": "Mumbai City Public Maternity Hospitals Map.kml", "source_id": "10", "verification_status": "source_verified" }, "geometry": { "type": "Point", "coordinates": [ 72.85, 19.15, 0.0 ] } },
{ "type": "Feature", "properties": { "facility_id": "HC_00228", "name": "Topiwala Maternity Home Goregaon", "service_type": "maternity_hospital", "address": "Topiwala Mun. Mat. Home, Station Road, Goregaon (West), Mumbai – 62.", "ward_code": "PS", "longitude": 72.84, "latitude": 19.16, "source": "Mumbai OpenCity / BMC", "source_file": "Mumbai City Public Maternity Hospitals Map.kml", "source_id": "11", "verification_status": "source_verified" }, "geometry": { "type": "Point", "coordinates": [ 72.84, 19.16, 0.0 ] } },
{ "type": "Feature", "properties": { "facility_id": "HC_00229", "name": "Choksy Maternity Home", "service_type": "maternity_hospital", "address": "Choksy Mun. Mat. Home, Marvey Road, Malad (West), Mumbai – 64.", "ward_code": "PN", "longitude": 72.84, "latitude": 19.19, "source": "Mumbai OpenCity / BMC", "source_file": "Mumbai City Public Maternity Hospitals Map.kml", "source_id": "12", "verification_status": "source_verified" }, "geometry": { "type": "Point", "coordinates": [ 72.84, 19.19, 0.0 ] } },
{ "type": "Feature", "properties": { "facility_id": "HC_00230", "name": "Maulana Abul Kalam Azhad Malvani Maternity Home", "service_type": "maternity_hospital", "address": "Malavani Mun. Mat. Home, Gate No.6, Malavani, Malad (West) Mumbai – 95", "ward_code": "PN", "longitude": 72.82, "latitude": 19.19, "source": "Mumbai OpenCity / BMC", "source_file": "Mumbai City Public Maternity Hospitals Map.kml", "source_id": "13", "verification_status": "source_verified" }, "geometry": { "type": "Point", "coordinates": [ 72.82, 19.19, 0.0 ] } },
{ "type": "Feature", "properties": { "facility_id": "HC_00231", "name": "Savitribai Phule Mata Bal Hospital, Riddhi Garden", "service_type": "maternity_hospital", "address": "Ridhi Garden Maternity Home, General Arunkumar Vaidya Marg, Dindoshi , Goregaon ( E)", "ward_code": "PN", "longitude": 72.87, "latitude": 19.18, "source": "Mumbai OpenCity / BMC", "source_file": "Mumbai City Public Maternity Hospitals Map.kml", "source_id": "14", "verification_status": "source_verified" }, "geometry": { "type": "Point", "coordinates": [ 72.87, 19.18, 0.0 ] } },
{ "type": "Feature", "properties": { "facility_id": "HC_00232", "name": "Akurli Maternity Home", "service_type": "maternity_hospital", "address": "Akurli Road Mun. Mat. Home, Kandivali (East), Mumbai – 101", "ward_code": "RS", "longitude": 72.85, "latitude": 19.2, "source": "Mumbai OpenCity / BMC", "source_file": "Mumbai City Public Maternity Hospitals Map.kml", "source_id": "15", "verification_status": "source_verified" }, "geometry": { "type": "Point", "coordinates": [ 72.85, 19.2, 0.0 ] } },
{ "type": "Feature", "properties": { "facility_id": "HC_00233", "name": "Charkop Maternity Home", "service_type": "maternity_hospital", "address": "Charkop Mun. Mat. Home, Kandivali (West), Mumbai – 97", "ward_code": "RC", "longitude": 72.83, "latitude": 19.22, "source": "Mumbai OpenCity / BMC", "source_file": "Mumbai City Public Maternity Hospitals Map.kml", "source_id": "16", "verification_status": "source_verified" }, "geometry": { "type": "Point", "coordinates": [ 72.83, 19.22, 0.0 ] } },
{ "type": "Feature", "properties": { "facility_id": "HC_00234", "name": "Smt.Kesarbai Chhabildas Lallubhai Bhansali Maternity Home, Borivali", "service_type": "maternity_hospital", "address": "Smt. Bhansali Kesarbai Chhabildas Lallubhai Mun. Mat. Home, Borivali (West), Mumbai – 92.", "ward_code": "RC", "longitude": 72.86, "latitude": 19.23, "source": "Mumbai OpenCity / BMC", "source_file": "Mumbai City Public Maternity Hospitals Map.kml", "source_id": "17", "verification_status": "source_verified" }, "geometry": { "type": "Point", "coordinates": [ 72.86, 19.23, 0.0 ] } },
{ "type": "Feature", "properties": { "facility_id": "HC_00235", "name": "Mother and Child Hospital, Magthane", "service_type": "maternity_hospital", "address": "Mata Bal Rugnalay, Magathane, Borivali East Mumbai – 66", "ward_code": "RC", "longitude": 72.87, "latitude": 19.22, "source": "Mumbai OpenCity / BMC", "source_file": "Mumbai City Public Maternity Hospitals Map.kml", "source_id": "18", "verification_status": "source_verified" }, "geometry": { "type": "Point", "coordinates": [ 72.87, 19.22, 0.0 ] } },
{ "type": "Feature", "properties": { "facility_id": "HC_00236", "name": "Maasaheb Meenatai Thackeray Maternity Home, Chunabhatti", "service_type": "maternity_hospital", "address": "Maa Saheb Minatai Thakare Mun. Mat. Home, V. N. Purav Marg, Sion – Trombay Road, Chunabhatti Mumbai – 22", "ward_code": "L", "longitude": 72.8846, "latitude": 19.1315, "source": "Mumbai OpenCity / BMC", "source_file": "Mumbai City Public Maternity Hospitals Map.kml", "source_id": "19", "verification_status": "source_verified" }, "geometry": { "type": "Point", "coordinates": [ 72.8846, 19.1315, 0.0 ] } },
{ "type": "Feature", "properties": { "facility_id": "HC_00237", "name": "Dr. Anandibai Joshi Maternity Home", "service_type": "maternity_hospital", "address": "Bail Bazar, Kurla Andheri Rd. Kurla (W) Mumbai – 70", "ward_code": "L", "longitude": 72.88, "latitude": 19.08, "source": "Mumbai OpenCity / BMC", "source_file": "Mumbai City Public Maternity Hospitals Map.kml", "source_id": "20", "verification_status": "source_verified" }, "geometry": { "type": "Point", "coordinates": [ 72.88, 19.08, 0.0 ] } },
{ "type": "Feature", "properties": { "facility_id": "HC_00238", "name": "Shahaji Nagar Maternity Home Cheeta Camp", "service_type": "maternity_hospital", "address": "Shajaji Nagar Mun. Mat. Home, Near Trombay Police Station, Cheeta Camp Mumbai – 88", "ward_code": "ME", "longitude": 72.95, "latitude": 19.04, "source": "Mumbai OpenCity / BMC", "source_file": "Mumbai City Public Maternity Hospitals Map.kml", "source_id": "21", "verification_status": "source_verified" }, "geometry": { "type": "Point", "coordinates": [ 72.95, 19.04, 0.0 ] } },
{ "type": "Feature", "properties": { "facility_id": "HC_00239", "name": "Matoshri Ramabai Ambedkar Maternity Home, Chembur Naka", "service_type": "maternity_hospital", "address": "Dr. Ramabai Ambedkar Mun. Mat. Home, Chembur Naka, Mumbai 71.", "ward_code": "MW", "longitude": 72.89, "latitude": 19.05, "source": "Mumbai OpenCity / BMC", "source_file": "Mumbai City Public Maternity Hospitals Map.kml", "source_id": "23", "verification_status": "source_verified" }, "geometry": { "type": "Point", "coordinates": [ 72.89, 19.05, 0.0 ] } },
{ "type": "Feature", "properties": { "facility_id": "HC_00240", "name": "Matoshri Ramabai Thackeray Maternity Home Ghatkopar", "service_type": "maternity_hospital", "address": "Matoshree Ramabai Thakrey Mun. Mat. Home, Ganesh Maidan, Poddar Mill Compound, Ghatkopar (West), Mumbai - 86", "ward_code": "N", "longitude": 72.89, "latitude": 19.05, "source": "Mumbai OpenCity / BMC", "source_file": "Mumbai City Public Maternity Hospitals Map.kml", "source_id": "24", "verification_status": "source_verified" }, "geometry": { "type": "Point", "coordinates": [ 72.89, 19.05, 0.0 ] } },
{ "type": "Feature", "properties": { "facility_id": "HC_00241", "name": "Dr.Babasaheb Ambedkar Maternity Home, Tagore Nagar", "service_type": "maternity_hospital", "address": "Dr. Babasaheb Ambedkar Mun. Mat. Home, Ground No.7, Tagore Nagar, Vikhroli (East) Mumbai – 83", "ward_code": "S", "longitude": 72.94, "latitude": 19.12, "source": "Mumbai OpenCity / BMC", "source_file": "Mumbai City Public Maternity Hospitals Map.kml", "source_id": "25", "verification_status": "source_verified" }, "geometry": { "type": "Point", "coordinates": [ 72.94, 19.12, 0.0 ] } },
{ "type": "Feature", "properties": { "facility_id": "HC_00242", "name": "Savitribai Jyotiba Phule Maternity Home, Bhandup", "service_type": "maternity_hospital", "address": "Bhandup Mun. Mat. Home, Motichand Premises, Savitribai Phule Marg, LBS Road, Bhandup (W), Mumbai – 78.", "ward_code": "S", "longitude": 72.93, "latitude": 19.15, "source": "Mumbai OpenCity / BMC", "source_file": "Mumbai City Public Maternity Hospitals Map.kml", "source_id": "26", "verification_status": "source_verified" }, "geometry": { "type": "Point", "coordinates": [ 72.93, 19.15, 0.0 ] } },
{ "type": "Feature", "properties": { "facility_id": "HC_00243", "name": "Lal Bahadur Shastri Marg Mat. Home", "service_type": "maternity_hospital", "address": "Lal Bahadur Shastri Marg Mat. Home, Near S.G. International School, Besides Kockreja Complex, L.B.S. Road, Bhandup (W), Mumbai-78", "ward_code": "S", "longitude": 72.93, "latitude": 19.15, "source": "Mumbai OpenCity / BMC", "source_file": "Mumbai City Public Maternity Hospitals Map.kml", "source_id": "27", "verification_status": "source_verified" }, "geometry": { "type": "Point", "coordinates": [ 72.93, 19.15, 0.0 ] } },
{ "type": "Feature", "properties": { "facility_id": "HC_00244", "name": "Smt.Shyamkunwarbai Jatashankar Dosa Chanchani Mulund Maternity Home", "service_type": "maternity_hospital", "address": "S. J. D. C. Mun. Mat. Home, Paanch Rasta, Mulund (W), Mumbai – 80.", "ward_code": "T", "longitude": 72.95, "latitude": 19.18, "source": "Mumbai OpenCity / BMC", "source_file": "Mumbai City Public Maternity Hospitals Map.kml", "source_id": "28", "verification_status": "source_verified" }, "geometry": { "type": "Point", "coordinates": [ 72.95, 19.18, 0.0 ] } },
{ "type": "Feature", "properties": { "facility_id": "HC_00245", "name": "The Bai Sakarbai Dinshaw Petit Veterinary Hospital", "service_type": "veterinary_hospital", "address": "General Nagesh Road, St Xavier Street, Near Maharishi Dayanand College, Parel Mumbai - 400012.", "ward_code": null, "longitude": 72.843391, "latitude": 18.997713, "source": "Mumbai OpenCity / BMC", "source_file": "Mumbai City Public Veterinary Hospitals Map.kml", "source_id": "1", "verification_status": "source_verified" }, "geometry": { "type": "Point", "coordinates": [ 72.843391, 18.997713, 0.0 ] } },
{ "type": "Feature", "properties": { "facility_id": "HC_00246", "name": "The Pet Vet", "service_type": "veterinary_hospital", "address": "Shop No.5, Gr. Floor, Vaswani Mansion, Dinshaw Vaccha Road,, Opp K C College, Churchgate, Mumbai, 400020", "ward_code": null, "longitude": 72.8274614, "latitude": 18.9304004, "source": "Mumbai OpenCity / BMC", "source_file": "Mumbai City Public Veterinary Hospitals Map.kml", "source_id": "2", "verification_status": "source_verified" }, "geometry": { "type": "Point", "coordinates": [ 72.8274614, 18.9304004, 0.0 ] } },
{ "type": "Feature", "properties": { "facility_id": "HC_00247", "name": "Bellevue Multispecialify Hospital", "service_type": "veterinary_hospital", "address": "The Link, 1St Floor, Opp. D.N. Nagar Metro Station Gate No 3, Next To Audi Showroom, Opp. Star Bazaar, New Link Road Extension, Andheri, West, Sahakar Nagar, Azad Nagar, Andheri West, Mumbai, Maharashtra 400053", "ward_code": null, "longitude": 72.831908, "latitude": 19.1290806, "source": "Mumbai OpenCity / BMC", "source_file": "Mumbai City Public Veterinary Hospitals Map.kml", "source_id": "3", "verification_status": "source_verified" }, "geometry": { "type": "Point", "coordinates": [ 72.831908, 19.1290806, 0.0 ] } },
{ "type": "Feature", "properties": { "facility_id": "HC_00248", "name": "Maruti Lane UPHC", "service_type": "uphc", "address": "Colaba Mun.Disp, 1St Floor,55 Rajawadkar street colaba Mumbai-01/ Disp Mun.Disp,Maruti Lane,Mumbai", "ward_code": "A", "longitude": 72.83, "latitude": 18.94, "source": "Mumbai OpenCity / BMC", "source_file": "Mumbai City UPHCs Map.kml", "source_id": "1", "verification_status": "source_verified" }, "geometry": { "type": "Point", "coordinates": [ 72.83, 18.94, 0.0 ] } },
{ "type": "Feature", "properties": { "facility_id": "HC_00249", "name": "Colaba UPHC", "service_type": "uphc", "address": "Colaba Mun.Disp, 1St Floor,55 Rajawadkar street colaba Mumbai-01/ Disp Mun.Disp,Maruti Lane,Mumbai", "ward_code": "A", "longitude": 72.83, "latitude": 18.92, "source": "Mumbai OpenCity / BMC", "source_file": "Mumbai City UPHCs Map.kml", "source_id": "2", "verification_status": "source_verified" }, "geometry": { "type": "Point", "coordinates": [ 72.83, 18.92, 0.0 ] } },
{ "type": "Feature", "properties": { "facility_id": "HC_00250", "name": "Panjrapole UPHC", "service_type": "uphc", "address": "Panjrapole Health post, rama galli,2nd cross lane,Duncan road Mumbai - 400004", "ward_code": "C", "longitude": 72.83, "latitude": 18.96, "source": "Mumbai OpenCity / BMC", "source_file": "Mumbai City UPHCs Map.kml", "source_id": "3", "verification_status": "source_verified" }, "geometry": { "type": "Point", "coordinates": [ 72.83, 18.96, 0.0 ] } },
{ "type": "Feature", "properties": { "facility_id": "HC_00251", "name": "Chandanwadi UPHC", "service_type": "uphc", "address": "Chandanwadi Municipal school, Chandanwadi, Marine Lines (E), Mumbai - 400002", "ward_code": "C", "longitude": 72.8265, "latitude": 18.9463, "source": "Mumbai OpenCity / BMC", "source_file": "Mumbai City UPHCs Map.kml", "source_id": "4", "verification_status": "source_verified" }, "geometry": { "type": "Point", "coordinates": [ 72.8265, 18.9463, 0.0 ] } },
{ "type": "Feature", "properties": { "facility_id": "HC_00252", "name": "Suryakant Vagal Maternity Home UPHC", "service_type": "uphc", "address": "Zaobawadi health post ,near zaobawadi Ram Mandir, Thakurdwar , Charni Raod (E), Mumbai - 400002", "ward_code": "C", "longitude": 72.82, "latitude": 18.95, "source": "Mumbai OpenCity / BMC", "source_file": "Mumbai City UPHCs Map.kml", "source_id": "5", "verification_status": "source_verified" }, "geometry": { "type": "Point", "coordinates": [ 72.82, 18.95, 0.0 ] } },
{ "type": "Feature", "properties": { "facility_id": "HC_00253", "name": "Bane Compound UPHC", "service_type": "uphc", "address": "Bane Compound Health Post, Gokuldham Society Opp.Shivram Bane Chawl,Mumbai Central (W),Mumbai - 400034", "ward_code": "D", "longitude": 72.8183, "latitude": 18.9717, "source": "Mumbai OpenCity / BMC", "source_file": "Mumbai City UPHCs Map.kml", "source_id": "6", "verification_status": "source_verified" }, "geometry": { "type": "Point", "coordinates": [ 72.8183, 18.9717, 0.0 ] } },
{ "type": "Feature", "properties": { "facility_id": "HC_00254", "name": "R S Nimkar UPHC", "service_type": "uphc", "address": "Near Pratiksha Tower, Gr.Fl, Opp. R.S.Nimkar, Workshop Grant Road (W), Mumbai - 8.", "ward_code": "D", "longitude": 72.82, "latitude": 18.97, "source": "Mumbai OpenCity / BMC", "source_file": "Mumbai City UPHCs Map.kml", "source_id": "7", "verification_status": "source_verified" }, "geometry": { "type": "Point", "coordinates": [ 72.82, 18.97, 0.0 ] } },
{ "type": "Feature", "properties": { "facility_id": "HC_00255", "name": "Gaurabai UPHC", "service_type": "uphc", "address": "Gaurabai Municiapl Dispensary,13th Kamathipura Lane,Byculla,Mumbai", "ward_code": "E", "longitude": 72.83, "latitude": 18.97, "source": "Mumbai OpenCity / BMC", "source_file": "Mumbai City UPHCs Map.kml", "source_id": "8", "verification_status": "source_verified" }, "geometry": { "type": "Point", "coordinates": [ 72.83, 18.97, 0.0 ] } },
{ "type": "Feature", "properties": { "facility_id": "HC_00256", "name": "Tadwadi UPHC", "service_type": "uphc", "address": "Excel Residency , 1st Floor,Opp.Mazgaon Garden, New Nesbit road, Mazgaon ( W) Mumbai - 400010", "ward_code": "E", "longitude": 72.8399, "latitude": 18.9687, "source": "Mumbai OpenCity / BMC", "source_file": "Mumbai City UPHCs Map.kml", "source_id": "9", "verification_status": "source_verified" }, "geometry": { "type": "Point", "coordinates": [ 72.8399, 18.9687, 0.0 ] } },
{ "type": "Feature", "properties": { "facility_id": "HC_00257", "name": "Souter Street UPHC", "service_type": "uphc", "address": "Meghraj Shethi marg,opp zula maidan,madanpura,Mumbai - 400008", "ward_code": "E", "longitude": 72.83, "latitude": 18.97, "source": "Mumbai OpenCity / BMC", "source_file": "Mumbai City UPHCs Map.kml", "source_id": "10", "verification_status": "source_verified" }, "geometry": { "type": "Point", "coordinates": [ 72.83, 18.97, 0.0 ] } },
{ "type": "Feature", "properties": { "facility_id": "HC_00258", "name": "Reay Road UPHC", "service_type": "uphc", "address": "Reay Road HP,BIT chawl,Motishah Lane,Mubai - 400010", "ward_code": "E", "longitude": 72.85, "latitude": 18.97, "source": "Mumbai OpenCity / BMC", "source_file": "Mumbai City UPHCs Map.kml", "source_id": "11", "verification_status": "source_verified" }, "geometry": { "type": "Point", "coordinates": [ 72.85, 18.97, 0.0 ] } },
{ "type": "Feature", "properties": { "facility_id": "HC_00259", "name": "Naigaon MH UPHC", "service_type": "uphc", "address": "Naigaon Mat HM,V.V. Dahiwalkar Buwa Marg Naigaon (W) Mumbai - 400014", "ward_code": "FS", "longitude": 72.85, "latitude": 19.01, "source": "Mumbai OpenCity / BMC", "source_file": "Mumbai City UPHCs Map.kml", "source_id": "12", "verification_status": "source_verified" }, "geometry": { "type": "Point", "coordinates": [ 72.85, 19.01, 0.0 ] } },
{ "type": "Feature", "properties": { "facility_id": "HC_00260", "name": "Family Welfare UPHC", "service_type": "uphc", "address": "F/South Ward, 1st Floor, Parel Mumbai - 400012", "ward_code": "FS", "longitude": 72.84, "latitude": 19.01, "source": "Mumbai OpenCity / BMC", "source_file": "Mumbai City UPHCs Map.kml", "source_id": "13", "verification_status": "source_verified" }, "geometry": { "type": "Point", "coordinates": [ 72.84, 19.01, 0.0 ] } },
{ "type": "Feature", "properties": { "facility_id": "HC_00261", "name": "Abhyuday Nagar UPHC", "service_type": "uphc", "address": "Abhyuday Nagar Hp ,thakarshi Jivraj marg , Near Zakeria Marg, cotton green,Mumbai - 400033", "ward_code": "FS", "longitude": 72.85, "latitude": 18.99, "source": "Mumbai OpenCity / BMC", "source_file": "Mumbai City UPHCs Map.kml", "source_id": "14", "verification_status": "source_verified" }, "geometry": { "type": "Point", "coordinates": [ 72.85, 18.99, 0.0 ] } },
{ "type": "Feature", "properties": { "facility_id": "HC_00262", "name": "Kidwai Nagar UPHC", "service_type": "uphc", "address": "Rafi ahmed Kidwai ,Near Post office,Wadala,Mumbai- 400031", "ward_code": "FS", "longitude": 72.85, "latitude": 19.01, "source": "Mumbai OpenCity / BMC", "source_file": "Mumbai City UPHCs Map.kml", "source_id": "15", "verification_status": "source_verified" }, "geometry": { "type": "Point", "coordinates": [ 72.85, 19.01, 0.0 ] } },
{ "type": "Feature", "properties": { "facility_id": "HC_00263", "name": "New Transit Camp UPHC", "service_type": "uphc", "address": "Dosti Elite,Opp ,SIES College,Sion,Mumbai.", "ward_code": "FN", "longitude": 72.86, "latitude": 19.03, "source": "Mumbai OpenCity / BMC", "source_file": "Mumbai City UPHCs Map.kml", "source_id": "16", "verification_status": "source_verified" }, "geometry": { "type": "Point", "coordinates": [ 72.86, 19.03, 0.0 ] } },
{ "type": "Feature", "properties": { "facility_id": "HC_00264", "name": "Wadala UPHC", "service_type": "uphc", "address": "Wadala Municipal Dispensary, Near Wadala Railway station,Wadala ( W), Mumbai - 400037", "ward_code": "FN", "longitude": 72.86, "latitude": 19.02, "source": "Mumbai OpenCity / BMC", "source_file": "Mumbai City UPHCs Map.kml", "source_id": "17", "verification_status": "source_verified" }, "geometry": { "type": "Point", "coordinates": [ 72.86, 19.02, 0.0 ] } },
{ "type": "Feature", "properties": { "facility_id": "HC_00265", "name": "Raoli Camp MH UPHC", "service_type": "uphc", "address": "Raoli Camp Health Post, Sion Koliwada, Near sardar nagar - 4 Bus stop,Mumbai - 400032", "ward_code": "FN", "longitude": 72.87, "latitude": 19.04, "source": "Mumbai OpenCity / BMC", "source_file": "Mumbai City UPHCs Map.kml", "source_id": "18", "verification_status": "source_verified" }, "geometry": { "type": "Point", "coordinates": [ 72.87, 19.04, 0.0 ] } },
{ "type": "Feature", "properties": { "facility_id": "HC_00266", "name": "Korba Mithagar UPHC", "service_type": "uphc", "address": "Korba Mithagar Health Post,Opp.wadala, B.P.T Quarters, Wadala(E),mumbai - 400037", "ward_code": "FN", "longitude": 72.86, "latitude": 19.02, "source": "Mumbai OpenCity / BMC", "source_file": "Mumbai City UPHCs Map.kml", "source_id": "19", "verification_status": "source_verified" }, "geometry": { "type": "Point", "coordinates": [ 72.86, 19.02, 0.0 ] } },
{ "type": "Feature", "properties": { "facility_id": "HC_00267", "name": "Antop Hill UPHC", "service_type": "uphc", "address": "Antop Hill Municipal Dispensary, shaikh Mistry Road, Near Antop Hill Bus depot, Mumbai - 400037", "ward_code": "FN", "longitude": 72.87, "latitude": 19.03, "source": "Mumbai OpenCity / BMC", "source_file": "Mumbai City UPHCs Map.kml", "source_id": "20", "verification_status": "source_verified" }, "geometry": { "type": "Point", "coordinates": [ 72.87, 19.03, 0.0 ] } },
{ "type": "Feature", "properties": { "facility_id": "HC_00268", "name": "Pratiksha NagarUPHC", "service_type": "uphc", "address": "Pratiksha Nagar Health post,Dosti Elite, Opp S.I.E.S college,Sion (E),Mumbai - 400037", "ward_code": "FN", "longitude": 72.87, "latitude": 19.04, "source": "Mumbai OpenCity / BMC", "source_file": "Mumbai City UPHCs Map.kml", "source_id": "21", "verification_status": "source_verified" }, "geometry": { "type": "Point", "coordinates": [ 72.87, 19.04, 0.0 ] } },
{ "type": "Feature", "properties": { "facility_id": "HC_00269", "name": "LBS Marg UPHC", "service_type": "uphc", "address": "Lal Bahadur Shastri Market, 1st Floor, Matunga Railway station(E),mumbai - 400019", "ward_code": "FN", "longitude": 72.85, "latitude": 19.03, "source": "Mumbai OpenCity / BMC", "source_file": "Mumbai City UPHCs Map.kml", "source_id": "22", "verification_status": "source_verified" }, "geometry": { "type": "Point", "coordinates": [ 72.85, 19.03, 0.0 ] } },
{ "type": "Feature", "properties": { "facility_id": "HC_00270", "name": "BDD Chawl UPHC", "service_type": "uphc", "address": "Aururs chamber, Ground Floor,Near Jamburi maidan,Worli Mumbai-18", "ward_code": "GS", "longitude": 72.82, "latitude": 19.0, "source": "Mumbai OpenCity / BMC", "source_file": "Mumbai City UPHCs Map.kml", "source_id": "23", "verification_status": "source_verified" }, "geometry": { "type": "Point", "coordinates": [ 72.82, 19.0, 0.0 ] } },
{ "type": "Feature", "properties": { "facility_id": "HC_00271", "name": "Haji Mohhamad Haji Saboo Siddiqui Prabhadevi Maternity Home UPHC", "service_type": "uphc", "address": "Haji Mohammed Haji saboo siddiqui Municipal maternity Home, Gamon House,Veer Swarkar Road,Prabhadevi,Mumbai - 400025", "ward_code": "GS", "longitude": 72.83, "latitude": 19.02, "source": "Mumbai OpenCity / BMC", "source_file": "Mumbai City UPHCs Map.kml", "source_id": "24", "verification_status": "source_verified" }, "geometry": { "type": "Point", "coordinates": [ 72.83, 19.02, 0.0 ] } },
{ "type": "Feature", "properties": { "facility_id": "HC_00272", "name": "Jijamata Nagar UPHC", "service_type": "uphc", "address": "Kasturba Gandhi Nagar, Municipal school lokhandwala tower 2nd Floor, L.R.Papan Marg , Dainik Shivneri Marg,Worli ,mumbai - 400018", "ward_code": "GS", "longitude": 72.82, "latitude": 18.99, "source": "Mumbai OpenCity / BMC", "source_file": "Mumbai City UPHCs Map.kml", "source_id": "25", "verification_status": "source_verified" }, "geometry": { "type": "Point", "coordinates": [ 72.82, 18.99, 0.0 ] } },
{ "type": "Feature", "properties": { "facility_id": "HC_00273", "name": "MH School Compund UPHC", "service_type": "uphc", "address": "M.H.Compound Municipal Dispensary ,Ground Floor Shiwalay Welfare Centre Building,sitaram Jadhav Marg, lower Parel Mumbai - 400011", "ward_code": "GS", "longitude": 72.83, "latitude": 19.0, "source": "Mumbai OpenCity / BMC", "source_file": "Mumbai City UPHCs Map.kml", "source_id": "26", "verification_status": "source_verified" }, "geometry": { "type": "Point", "coordinates": [ 72.83, 19.0, 0.0 ] } },
{ "type": "Feature", "properties": { "facility_id": "HC_00274", "name": "Worli Koliwada UPHC", "service_type": "uphc", "address": "Worli Koliwada Health Post, Near Police Chowki,sangit kesharinath Buwa Bhoyemarg,worli koliwada,Mumbai - 400030", "ward_code": "GS", "longitude": 72.8517, "latitude": 18.9615, "source": "Mumbai OpenCity / BMC", "source_file": "Mumbai City UPHCs Map.kml", "source_id": "27", "verification_status": "source_verified" }, "geometry": { "type": "Point", "coordinates": [ 72.8517, 18.9615, 0.0 ] } },
{ "type": "Feature", "properties": { "facility_id": "HC_00275", "name": "Sasmira UPHC", "service_type": "uphc", "address": "Sasmira Health Post, Behind Baneshwar Mandir,Sasmira Road,Worli Mumbai- 400031", "ward_code": "GS", "longitude": 72.82, "latitude": 19.01, "source": "Mumbai OpenCity / BMC", "source_file": "Mumbai City UPHCs Map.kml", "source_id": "28", "verification_status": "source_verified" }, "geometry": { "type": "Point", "coordinates": [ 72.82, 19.01, 0.0 ] } },
{ "type": "Feature", "properties": { "facility_id": "HC_00276", "name": "Curry Road UPHC", "service_type": "uphc", "address": "Curry Road Health Post and Municipal Dispensary,Sakharam Baal Pawar Marg, Opp vaishanav sadan Building, Curry road(W.), mumbai -400013", "ward_code": "GS", "longitude": 72.83, "latitude": 18.99, "source": "Mumbai OpenCity / BMC", "source_file": "Mumbai City UPHCs Map.kml", "source_id": "29", "verification_status": "source_verified" }, "geometry": { "type": "Point", "coordinates": [ 72.83, 18.99, 0.0 ] } },
{ "type": "Feature", "properties": { "facility_id": "HC_00277", "name": "Shastri Nagar -2 UPHC", "service_type": "uphc", "address": "Shastri nagar - II Health post , Behind dharavi Police station,Near Shramik Vidyapith 90 Feet Road,Dharavi Mumbai, 400017", "ward_code": "GN", "longitude": 72.8558, "latitude": 19.0461, "source": "Mumbai OpenCity / BMC", "source_file": "Mumbai City UPHCs Map.kml", "source_id": "30", "verification_status": "source_verified" }, "geometry": { "type": "Point", "coordinates": [ 72.8558, 19.0461, 0.0 ] } },
{ "type": "Feature", "properties": { "facility_id": "HC_00278", "name": "Bai Gulbai UPHC", "service_type": "uphc", "address": "Bai Gulbai Municipal Dispensary,455 C wing, saint Anthony S.R.A. Co.opp. housing Society, Dipen Wadi,Bhawani Shankar Road, Dadar ( W.) mumbai - 400028", "ward_code": "GN", "longitude": 72.84, "latitude": 19.02, "source": "Mumbai OpenCity / BMC", "source_file": "Mumbai City UPHCs Map.kml", "source_id": "31", "verification_status": "source_verified" }, "geometry": { "type": "Point", "coordinates": [ 72.84, 19.02, 0.0 ] } },
{ "type": "Feature", "properties": { "facility_id": "HC_00279", "name": "Mahim MH UPHC", "service_type": "uphc", "address": "Mahim Health Post,mahim Maternity Home, Dilip Gupte Road,Opp Shree Cinema,mahim , mumbai - 400016", "ward_code": "GN", "longitude": 72.8402, "latitude": 19.0328, "source": "Mumbai OpenCity / BMC", "source_file": "Mumbai City UPHCs Map.kml", "source_id": "32", "verification_status": "source_verified" }, "geometry": { "type": "Point", "coordinates": [ 72.8402, 19.0328, 0.0 ] } },
{ "type": "Feature", "properties": { "facility_id": "HC_00280", "name": "Welkarwadi UPHC", "service_type": "uphc", "address": "Welkarwadi Municipal Dispensary,Welkarwadi Building No-1,Near M.H. Latif Chawl,Mahim Darga Road,Mahim mumbai - 400017", "ward_code": "GN", "longitude": 72.84, "latitude": 19.04, "source": "Mumbai OpenCity / BMC", "source_file": "Mumbai City UPHCs Map.kml", "source_id": "33", "verification_status": "source_verified" }, "geometry": { "type": "Point", "coordinates": [ 72.84, 19.04, 0.0 ] } },
{ "type": "Feature", "properties": { "facility_id": "HC_00281", "name": "Kumbharwada UPHC", "service_type": "uphc", "address": "ML camp disp,Opp TATA power,ML camp,Dharavi - 400017", "ward_code": "GN", "longitude": 72.85, "latitude": 19.04, "source": "Mumbai OpenCity / BMC", "source_file": "Mumbai City UPHCs Map.kml", "source_id": "34", "verification_status": "source_verified" }, "geometry": { "type": "Point", "coordinates": [ 72.85, 19.04, 0.0 ] } },
{ "type": "Feature", "properties": { "facility_id": "HC_00282", "name": "Urban Health Centre UPHC", "service_type": "uphc", "address": "Urban Health Cente UPHC,60 feet road,Opp markandey Building,Dharavi ,Mumbai -400017", "ward_code": "GN", "longitude": 72.85, "latitude": 19.04, "source": "Mumbai OpenCity / BMC", "source_file": "Mumbai City UPHCs Map.kml", "source_id": "35", "verification_status": "source_verified" }, "geometry": { "type": "Point", "coordinates": [ 72.85, 19.04, 0.0 ] } },
{ "type": "Feature", "properties": { "facility_id": "HC_00283", "name": "Pila Bunglow UPHC", "service_type": "uphc", "address": "Pilla Bunglow Health Post, Behind Tamil Municipal school, near Hanuman temple, Kapada bazar,Dharavi Mumbai -400017", "ward_code": "GN", "longitude": 72.86, "latitude": 19.05, "source": "Mumbai OpenCity / BMC", "source_file": "Mumbai City UPHCs Map.kml", "source_id": "36", "verification_status": "source_verified" }, "geometry": { "type": "Point", "coordinates": [ 72.86, 19.05, 0.0 ] } },
{ "type": "Feature", "properties": { "facility_id": "HC_00284", "name": "Shanti Nagar UPHC", "service_type": "uphc", "address": "Shanti nagar Disp, Shivaji Nagar, Near Hayat Hotel, Vakola bridge, Santacruz (E) Mum-55", "ward_code": "HE", "longitude": 72.85, "latitude": 19.08, "source": "Mumbai OpenCity / BMC", "source_file": "Mumbai City UPHCs Map.kml", "source_id": "37", "verification_status": "source_verified" }, "geometry": { "type": "Point", "coordinates": [ 72.85, 19.08, 0.0 ] } },
{ "type": "Feature", "properties": { "facility_id": "HC_00285", "name": "Swami Vivekanand Nagar UPHC", "service_type": "uphc", "address": "S V Nagar Disp Swami vivekanand Dattatry Road, Vakola Bridge, Dattatry NSQ Home, Santacruz-East, Mumbai-400055", "ward_code": "HE", "longitude": 72.85, "latitude": 19.08, "source": "Mumbai OpenCity / BMC", "source_file": "Mumbai City UPHCs Map.kml", "source_id": "38", "verification_status": "source_verified" }, "geometry": { "type": "Point", "coordinates": [ 72.85, 19.08, 0.0 ] } },
{ "type": "Feature", "properties": { "facility_id": "HC_00286", "name": "Golibar UPHC", "service_type": "uphc", "address": "Golibar HP opp Jawahar Nagar Disp Near Charnal masjid , Jawahar nagar, opp ambewadi police Chowky, Khar-East Mumbai-400051", "ward_code": "HE", "longitude": 72.84, "latitude": 19.07, "source": "Mumbai OpenCity / BMC", "source_file": "Mumbai City UPHCs Map.kml", "source_id": "39", "verification_status": "source_verified" }, "geometry": { "type": "Point", "coordinates": [ 72.84, 19.07, 0.0 ] } },
{ "type": "Feature", "properties": { "facility_id": "HC_00287", "name": "Kalina UPHC", "service_type": "uphc", "address": "Kalina Disp, Near Geeta Vihar Hotel, Near Kalina Market, Kalina kurla Road Mumbai-400029", "ward_code": "HE", "longitude": 72.86, "latitude": 19.08, "source": "Mumbai OpenCity / BMC", "source_file": "Mumbai City UPHCs Map.kml", "source_id": "40", "verification_status": "source_verified" }, "geometry": { "type": "Point", "coordinates": [ 72.86, 19.08, 0.0 ] } },
{ "type": "Feature", "properties": { "facility_id": "HC_00288", "name": "Bharat Nagar II UPHC", "service_type": "uphc", "address": "Bharat Nagar Disp (Gulabi Dawakhana) 2nd floor opp pathar Nagar busstop Nagar, Beside Bharat Nagar Muncipal School, disp Bharatnagar Bandra-East", "ward_code": "HE", "longitude": 72.86, "latitude": 19.06, "source": "Mumbai OpenCity / BMC", "source_file": "Mumbai City UPHCs Map.kml", "source_id": "41", "verification_status": "source_verified" }, "geometry": { "type": "Point", "coordinates": [ 72.86, 19.06, 0.0 ] } },
{ "type": "Feature", "properties": { "facility_id": "HC_00289", "name": "Kherwadi MH UPHC", "service_type": "uphc", "address": "B. G. Kherwadi Mun. Mat. Home, Ram Mandir, Children complex kherwadi signal, Kherwadi, Bandra (East), Mumbai – 52.", "ward_code": "HE", "longitude": 72.85, "latitude": 19.06, "source": "Mumbai OpenCity / BMC", "source_file": "Mumbai City UPHCs Map.kml", "source_id": "42", "verification_status": "source_verified" }, "geometry": { "type": "Point", "coordinates": [ 72.85, 19.06, 0.0 ] } },
{ "type": "Feature", "properties": { "facility_id": "HC_00290", "name": "Gurunanak UPHC", "service_type": "uphc", "address": "Gurunanak Mun. Disp, Ambedkar Road, Dr. Ambedkar Statue, Khar-West, mum-52", "ward_code": "HW", "longitude": 72.83, "latitude": 19.07, "source": "Mumbai OpenCity / BMC", "source_file": "Mumbai City UPHCs Map.kml", "source_id": "43", "verification_status": "source_verified" }, "geometry": { "type": "Point", "coordinates": [ 72.83, 19.07, 0.0 ] } },
{ "type": "Feature", "properties": { "facility_id": "HC_00291", "name": "Shastri Nagar UPHC", "service_type": "uphc", "address": "BMC Colony, Next to Building No. 5, end link road, Santacruz West, Mum 400054", "ward_code": "HW", "longitude": 72.84, "latitude": 19.09, "source": "Mumbai OpenCity / BMC", "source_file": "Mumbai City UPHCs Map.kml", "source_id": "44", "verification_status": "source_verified" }, "geometry": { "type": "Point", "coordinates": [ 72.84, 19.09, 0.0 ] } },
{ "type": "Feature", "properties": { "facility_id": "HC_00292", "name": "Natwar Nagar UPHC", "service_type": "uphc", "address": "Natwar Nagar Road no-5 Sheeljeet Bldg Ground Floor, 5th Road, Shankrwadi Bus stop, Jogeshwari-East, Mumbai-400060", "ward_code": "KE", "longitude": 72.85, "latitude": 19.13, "source": "Mumbai OpenCity / BMC", "source_file": "Mumbai City UPHCs Map.kml", "source_id": "45", "verification_status": "source_verified" }, "geometry": { "type": "Point", "coordinates": [ 72.85, 19.13, 0.0 ] } },
{ "type": "Feature", "properties": { "facility_id": "HC_00293", "name": "Sambhaji Nagar UPHC", "service_type": "uphc", "address": "Sambhaji Nagar Ayurvedic Disp.Shahaji Raje Road, Near Agrawal Eye Hospital, Koldongri, Vile Parle, Mumbai -59", "ward_code": "KE", "longitude": 72.85, "latitude": 19.11, "source": "Mumbai OpenCity / BMC", "source_file": "Mumbai City UPHCs Map.kml", "source_id": "46", "verification_status": "source_verified" }, "geometry": { "type": "Point", "coordinates": [ 72.85, 19.11, 0.0 ] } },
{ "type": "Feature", "properties": { "facility_id": "HC_00294", "name": "Sahar Road UPHC", "service_type": "uphc", "address": "Sahar Air port Hp, Vishal Hall, Gundvali KE ward office Gr. Floor Andheri (E)", "ward_code": "KE", "longitude": 72.85, "latitude": 19.11, "source": "Mumbai OpenCity / BMC", "source_file": "Mumbai City UPHCs Map.kml", "source_id": "47", "verification_status": "source_verified" }, "geometry": { "type": "Point", "coordinates": [ 72.85, 19.11, 0.0 ] } },
{ "type": "Feature", "properties": { "facility_id": "HC_00295", "name": "VN Shirodkar MH UPHC", "service_type": "uphc", "address": "Trimurti Building , Ground floor, Ajmal Road, Vile-Parle (E), Mumbai – 54.", "ward_code": "KE", "longitude": 72.85, "latitude": 19.11, "source": "Mumbai OpenCity / BMC", "source_file": "Mumbai City UPHCs Map.kml", "source_id": "48", "verification_status": "source_verified" }, "geometry": { "type": "Point", "coordinates": [ 72.85, 19.11, 0.0 ] } },
{ "type": "Feature", "properties": { "facility_id": "HC_00296", "name": "Squatters Coloney MH UPHC", "service_type": "uphc", "address": "Hari Nagar Disp, Near Hari Nagar Mun School, Near vasthu Building, Pump House, Hari Nagar Road Jogeshwari (East)", "ward_code": "KE", "longitude": 72.86, "latitude": 19.14, "source": "Mumbai OpenCity / BMC", "source_file": "Mumbai City UPHCs Map.kml", "source_id": "49", "verification_status": "source_verified" }, "geometry": { "type": "Point", "coordinates": [ 72.86, 19.14, 0.0 ] } },
{ "type": "Feature", "properties": { "facility_id": "HC_00297", "name": "Marol MH UPHC", "service_type": "uphc", "address": "Marol Mun. Mat. Home, 4th floor Marol-Maroshi, Near Fire bridged Station, Marol Road, Andheri (East), Mumbai – 57.", "ward_code": "KE", "longitude": 72.88, "latitude": 19.11, "source": "Mumbai OpenCity / BMC", "source_file": "Mumbai City UPHCs Map.kml", "source_id": "50", "verification_status": "source_verified" }, "geometry": { "type": "Point", "coordinates": [ 72.88, 19.11, 0.0 ] } },
{ "type": "Feature", "properties": { "facility_id": "HC_00298", "name": "Versova UPHC", "service_type": "uphc", "address": "Versova Disp, Versova, Yari Road, Last Stop (249 Bus Stop) Andheri-West Mumbai-400058", "ward_code": "KW", "longitude": 72.81, "latitude": 19.14, "source": "Mumbai OpenCity / BMC", "source_file": "Mumbai City UPHCs Map.kml", "source_id": "51", "verification_status": "source_verified" }, "geometry": { "type": "Point", "coordinates": [ 72.81, 19.14, 0.0 ] } },
{ "type": "Feature", "properties": { "facility_id": "HC_00299", "name": "Nusserwanji Jahangirji Wadia UPHC", "service_type": "uphc", "address": "N.J. Wadia Mun. Disp Building, S.V. Road, Near Andheri Rly Station, Andheri West, Mumbai-400059", "ward_code": "KW", "longitude": 72.85, "latitude": 19.12, "source": "Mumbai OpenCity / BMC", "source_file": "Mumbai City UPHCs Map.kml", "source_id": "52", "verification_status": "source_verified" }, "geometry": { "type": "Point", "coordinates": [ 72.85, 19.12, 0.0 ] } },
{ "type": "Feature", "properties": { "facility_id": "HC_00300", "name": "Oshiwara MH UPHC", "service_type": "uphc", "address": "Oshiwara Mun. Mat. Home, Near Ajit Glass Factory, Oshiwara, Jogeshwari (West)", "ward_code": "KW", "longitude": 72.85, "latitude": 19.15, "source": "Mumbai OpenCity / BMC", "source_file": "Mumbai City UPHCs Map.kml", "source_id": "53", "verification_status": "source_verified" }, "geometry": { "type": "Point", "coordinates": [ 72.85, 19.15, 0.0 ] } },
{ "type": "Feature", "properties": { "facility_id": "HC_00301", "name": "Banana Leaf UPHC", "service_type": "uphc", "address": "Banan leaf disp , Near Juhu Bus Depot, Opp Lotus Eye Hosp, Near Juhu Bus Depot, Vileparle West", "ward_code": "KW", "longitude": 72.85, "latitude": 19.13, "source": "Mumbai OpenCity / BMC", "source_file": "Mumbai City UPHCs Map.kml", "source_id": "54", "verification_status": "source_verified" }, "geometry": { "type": "Point", "coordinates": [ 72.85, 19.13, 0.0 ] } },
{ "type": "Feature", "properties": { "facility_id": "HC_00302", "name": "Ram Mandir Road UPHC", "service_type": "uphc", "address": "Indraprasth Building, Near Trikoni Ground,Motilal Nagar No-1, Goregoan (W)", "ward_code": "PS", "longitude": 72.84, "latitude": 19.15, "source": "Mumbai OpenCity / BMC", "source_file": "Mumbai City UPHCs Map.kml", "source_id": "55", "verification_status": "source_verified" }, "geometry": { "type": "Point", "coordinates": [ 72.84, 19.15, 0.0 ] } },
{ "type": "Feature", "properties": { "facility_id": "HC_00303", "name": "Sundar Nagar UPHC", "service_type": "uphc", "address": "Sundar Nagar UPHC, Sunder nagar pavan baug road, opp saraf CollegeBmc building, Near Neelam Nursing Home, Malad (W), Mumbai - 400064.", "ward_code": "PS", "longitude": 72.8962, "latitude": 19.1246, "source": "Mumbai OpenCity / BMC", "source_file": "Mumbai City UPHCs Map.kml", "source_id": "56", "verification_status": "source_verified" }, "geometry": { "type": "Point", "coordinates": [ 72.8962, 19.1246, 0.0 ] } },
{ "type": "Feature", "properties": { "facility_id": "HC_00304", "name": "Topiwala Maternity Home Goregaon UPHC", "service_type": "uphc", "address": "Goregoan MH HP,PCO Chowky gram panchayat road Statio Road, Near Goregaon Station, Goregoan (W)", "ward_code": "PS", "longitude": 72.85, "latitude": 19.17, "source": "Mumbai OpenCity / BMC", "source_file": "Mumbai City UPHCs Map.kml", "source_id": "57", "verification_status": "source_verified" }, "geometry": { "type": "Point", "coordinates": [ 72.85, 19.17, 0.0 ] } },
{ "type": "Feature", "properties": { "facility_id": "HC_00305", "name": "Riddhi Garden MH UPHC", "service_type": "uphc", "address": "Riddhi Graden Dispensary, Near Valentain Apartment, Gen. AK vaidya marg, Flim City Road, Malad (East)", "ward_code": "PN", "longitude": 72.87, "latitude": 19.18, "source": "Mumbai OpenCity / BMC", "source_file": "Mumbai City UPHCs Map.kml", "source_id": "58", "verification_status": "source_verified" }, "geometry": { "type": "Point", "coordinates": [ 72.87, 19.18, 0.0 ] } },
{ "type": "Feature", "properties": { "facility_id": "HC_00306", "name": "Rathodi Village UPHC", "service_type": "uphc", "address": "Rathodi Village Health post, Bali recidency, Opp Atlantis Hospital, Marve road, Malad (West), Mumbai- 400064.", "ward_code": "PN", "longitude": 72.82, "latitude": 19.19, "source": "Mumbai OpenCity / BMC", "source_file": "Mumbai City UPHCs Map.kml", "source_id": "59", "verification_status": "source_verified" }, "geometry": { "type": "Point", "coordinates": [ 72.82, 19.19, 0.0 ] } },
{ "type": "Feature", "properties": { "facility_id": "HC_00307", "name": "Nemani UPHC", "service_type": "uphc", "address": "Nemani Disp , Near Nemani School, S.V. Road, Malad West", "ward_code": "PN", "longitude": 72.85, "latitude": 19.18, "source": "Mumbai OpenCity / BMC", "source_file": "Mumbai City UPHCs Map.kml", "source_id": "60", "verification_status": "source_verified" }, "geometry": { "type": "Point", "coordinates": [ 72.85, 19.18, 0.0 ] } },
{ "type": "Feature", "properties": { "facility_id": "HC_00308", "name": "Kurar Village UPHC", "service_type": "uphc", "address": "Kurar Village Disp, Haji Siddhiki Compound Daftari Road, Near Hotel Ramesh, Malad-East, Mumbai-400097", "ward_code": "PN", "longitude": 72.86, "latitude": 19.19, "source": "Mumbai OpenCity / BMC", "source_file": "Mumbai City UPHCs Map.kml", "source_id": "61", "verification_status": "source_verified" }, "geometry": { "type": "Point", "coordinates": [ 72.86, 19.19, 0.0 ] } },
{ "type": "Feature", "properties": { "facility_id": "HC_00309", "name": "Pathanwadi UPHC", "service_type": "uphc", "address": "Pathanwadi HP,Divya Appartment, ground floor, Near Suvidhya hospital triveni Nagar, Malad € Mum 400097", "ward_code": "PN", "longitude": 72.86, "latitude": 19.18, "source": "Mumbai OpenCity / BMC", "source_file": "Mumbai City UPHCs Map.kml", "source_id": "62", "verification_status": "source_verified" }, "geometry": { "type": "Point", "coordinates": [ 72.86, 19.18, 0.0 ] } },
{ "type": "Feature", "properties": { "facility_id": "HC_00310", "name": "Malwani -2 UPHC", "service_type": "uphc", "address": "Malwani 2 Disp Santosh Nagar, Malvani Gate No 6, Malad-West, Mumbai-400095", "ward_code": "PN", "longitude": 72.82, "latitude": 19.19, "source": "Mumbai OpenCity / BMC", "source_file": "Mumbai City UPHCs Map.kml", "source_id": "63", "verification_status": "source_verified" }, "geometry": { "type": "Point", "coordinates": [ 72.82, 19.19, 0.0 ] } },
{ "type": "Feature", "properties": { "facility_id": "HC_00311", "name": "Malwani 1 MH UPHC", "service_type": "uphc", "address": "Gate No- 6, Opp Mount mary School, SRA building Julus wadi, Opp Mount mary School, Malad (W) Mum 400095", "ward_code": "PN", "longitude": 72.82, "latitude": 19.19, "source": "Mumbai OpenCity / BMC", "source_file": "Mumbai City UPHCs Map.kml", "source_id": "64", "verification_status": "source_verified" }, "geometry": { "type": "Point", "coordinates": [ 72.82, 19.19, 0.0 ] } },
{ "type": "Feature", "properties": { "facility_id": "HC_00312", "name": "M.W Desai UPHC", "service_type": "uphc", "address": "K.D. Heights Bldg.no.3, Opp. Laxmi Narayan Temple, Malad E, Mum-97", "ward_code": "PN", "longitude": 72.85, "latitude": 19.18, "source": "Mumbai OpenCity / BMC", "source_file": "Mumbai City UPHCs Map.kml", "source_id": "65", "verification_status": "source_verified" }, "geometry": { "type": "Point", "coordinates": [ 72.85, 19.18, 0.0 ] } },
{ "type": "Feature", "properties": { "facility_id": "HC_00313", "name": "Leher Building UPHC", "service_type": "uphc", "address": "Leher Building HP, Near Shitaladevi Mandir Marve Village , Amlad West", "ward_code": "PN", "longitude": 72.8, "latitude": 19.2, "source": "Mumbai OpenCity / BMC", "source_file": "Mumbai City UPHCs Map.kml", "source_id": "66", "verification_status": "source_verified" }, "geometry": { "type": "Point", "coordinates": [ 72.8, 19.2, 0.0 ] } },
{ "type": "Feature", "properties": { "facility_id": "HC_00314", "name": "Choksy MH UPHC", "service_type": "uphc", "address": "Choksy Mun Maternity Home, Marve Road, Malad (west)", "ward_code": "PN", "longitude": 72.84, "latitude": 19.19, "source": "Mumbai OpenCity / BMC", "source_file": "Mumbai City UPHCs Map.kml", "source_id": "67", "verification_status": "source_verified" }, "geometry": { "type": "Point", "coordinates": [ 72.84, 19.19, 0.0 ] } },
{ "type": "Feature", "properties": { "facility_id": "HC_00315", "name": "New Centenary UPHC", "service_type": "uphc", "address": "Ashiyana building, ground floor, Opposite Usha mataernity home, S M modi road, Kandevli.", "ward_code": "RS", "longitude": 72.91, "latitude": 19.05, "source": "Mumbai OpenCity / BMC", "source_file": "Mumbai City UPHCs Map.kml", "source_id": "68", "verification_status": "source_verified" }, "geometry": { "type": "Point", "coordinates": [ 72.91, 19.05, 0.0 ] } },
{ "type": "Feature", "properties": { "facility_id": "HC_00316", "name": "Charkop Gaon UPHC", "service_type": "uphc", "address": "Chakop sector 1 Disp Near BMC School, Behind tulsi vihar hotel, charkop Kandiwali (W)", "ward_code": "RS", "longitude": 72.81, "latitude": 19.21, "source": "Mumbai OpenCity / BMC", "source_file": "Mumbai City UPHCs Map.kml", "source_id": "69", "verification_status": "source_verified" }, "geometry": { "type": "Point", "coordinates": [ 72.81, 19.21, 0.0 ] } },
{ "type": "Feature", "properties": { "facility_id": "HC_00317", "name": "Dhanukarwadi UPHC", "service_type": "uphc", "address": "M.G Road BMC School kandivali Village, Ground Flr, M.G Road Kandivali (W)", "ward_code": "RS", "longitude": 72.83, "latitude": 19.21, "source": "Mumbai OpenCity / BMC", "source_file": "Mumbai City UPHCs Map.kml", "source_id": "70", "verification_status": "source_verified" }, "geometry": { "type": "Point", "coordinates": [ 72.83, 19.21, 0.0 ] } },
{ "type": "Feature", "properties": { "facility_id": "HC_00318", "name": "Charkop Sec 1 UPHC", "service_type": "uphc", "address": "Chakop sector 1 Disp Near BMC School, Behind tulsi vihar hotel, charkop Kandiwali (W)", "ward_code": "RS", "longitude": 72.83, "latitude": 19.21, "source": "Mumbai OpenCity / BMC", "source_file": "Mumbai City UPHCs Map.kml", "source_id": "71", "verification_status": "source_verified" }, "geometry": { "type": "Point", "coordinates": [ 72.83, 19.21, 0.0 ] } },
{ "type": "Feature", "properties": { "facility_id": "HC_00319", "name": "Damu Pada UPHC", "service_type": "uphc", "address": "Hanuman Nagar Disp, Samta Nagar, Near Telephone Exchange, Kandivali-East", "ward_code": "RS", "longitude": 72.88, "latitude": 19.21, "source": "Mumbai OpenCity / BMC", "source_file": "Mumbai City UPHCs Map.kml", "source_id": "72", "verification_status": "source_verified" }, "geometry": { "type": "Point", "coordinates": [ 72.88, 19.21, 0.0 ] } },
{ "type": "Feature", "properties": { "facility_id": "HC_00320", "name": "Babrekar Nagar UPHC", "service_type": "uphc", "address": "Babrekar Disp, Hindustan Naka Charkop Indl. Estate. Kandivali, Mumbai-67", "ward_code": "RS", "longitude": 72.83, "latitude": 19.2, "source": "Mumbai OpenCity / BMC", "source_file": "Mumbai City UPHCs Map.kml", "source_id": "73", "verification_status": "source_verified" }, "geometry": { "type": "Point", "coordinates": [ 72.83, 19.2, 0.0 ] } },
{ "type": "Feature", "properties": { "facility_id": "HC_00321", "name": "Akurli Road MH UPHC", "service_type": "uphc", "address": "Akurli Mun. Mat. Home, Akurli Road, Near ESIS Hospital, Kandivali (East), Mumbai – 101", "ward_code": "RS", "longitude": 72.85, "latitude": 19.2, "source": "Mumbai OpenCity / BMC", "source_file": "Mumbai City UPHCs Map.kml", "source_id": "74", "verification_status": "source_verified" }, "geometry": { "type": "Point", "coordinates": [ 72.85, 19.2, 0.0 ] } },
{ "type": "Feature", "properties": { "facility_id": "HC_00322", "name": "Kajupada UPHC", "service_type": "uphc", "address": "Kajupada welfare Center , Savarpada, Near shani Mandir, Opp Chogle nagar, Borivali - (E)", "ward_code": "RC", "longitude": 72.87, "latitude": 19.23, "source": "Mumbai OpenCity / BMC", "source_file": "Mumbai City UPHCs Map.kml", "source_id": "75", "verification_status": "source_verified" }, "geometry": { "type": "Point", "coordinates": [ 72.87, 19.23, 0.0 ] } },
{ "type": "Feature", "properties": { "facility_id": "HC_00323", "name": "Maharastra Housing Board Colony UPHC", "service_type": "uphc", "address": "M.H.B Muncipal Disp Nr. Datta Mandir, Datta mandir old M.H.B, Gorai Road Borivali (W)", "ward_code": "RC", "longitude": 72.84, "latitude": 19.23, "source": "Mumbai OpenCity / BMC", "source_file": "Mumbai City UPHCs Map.kml", "source_id": "76", "verification_status": "source_verified" }, "geometry": { "type": "Point", "coordinates": [ 72.84, 19.23, 0.0 ] } },
{ "type": "Feature", "properties": { "facility_id": "HC_00324", "name": "Charkop MH UPHC", "service_type": "uphc", "address": "Charkop Sec 5 Disp Plot No. 511, Sector-5, Aadishvuar Jain Mandir marg, Charkop, Behind Apna Bazar, Kandivali-West, Mumbai-400067", "ward_code": "RC", "longitude": 72.83, "latitude": 19.22, "source": "Mumbai OpenCity / BMC", "source_file": "Mumbai City UPHCs Map.kml", "source_id": "77", "verification_status": "source_verified" }, "geometry": { "type": "Point", "coordinates": [ 72.83, 19.22, 0.0 ] } },
{ "type": "Feature", "properties": { "facility_id": "HC_00325", "name": "Gorai MHADA UPHC", "service_type": "uphc", "address": "Gorai Mhada HP Nr. Swami Vivekanand School, Near Suvidya School, Gorai- 1", "ward_code": "RC", "longitude": 72.83, "latitude": 19.23, "source": "Mumbai OpenCity / BMC", "source_file": "Mumbai City UPHCs Map.kml", "source_id": "78", "verification_status": "source_verified" }, "geometry": { "type": "Point", "coordinates": [ 72.83, 19.23, 0.0 ] } },
{ "type": "Feature", "properties": { "facility_id": "HC_00326", "name": "Smt.Kesarbai Chhabildas Lallubhai Bhansali Maternity Home MH UPHC", "service_type": "uphc", "address": "K.C.L Bhonsali Mun Mat Home S.V Road opp Jaya Talkies, Opp Anupam Super Store, Nr. Borivali Station", "ward_code": "RC", "longitude": 72.86, "latitude": 19.23, "source": "Mumbai OpenCity / BMC", "source_file": "Mumbai City UPHCs Map.kml", "source_id": "79", "verification_status": "source_verified" }, "geometry": { "type": "Point", "coordinates": [ 72.86, 19.23, 0.0 ] } },
{ "type": "Feature", "properties": { "facility_id": "HC_00327", "name": "Mother & Child Hosp.UPHC", "service_type": "uphc", "address": "Mata Bal Rugnalay, Near Dhiraj upavan shiddharth nagar Magathane, Near Magathane Bus Depot, Borivali (E)", "ward_code": "RC", "longitude": 72.87, "latitude": 19.22, "source": "Mumbai OpenCity / BMC", "source_file": "Mumbai City UPHCs Map.kml", "source_id": "80", "verification_status": "source_verified" }, "geometry": { "type": "Point", "coordinates": [ 72.87, 19.22, 0.0 ] } },
{ "type": "Feature", "properties": { "facility_id": "HC_00328", "name": "Anand Nagar UPHC", "service_type": "uphc", "address": "BMC 1st floor opp manan Building Near sanghi Hotel Anand Nagar, Opp Shakti nagar, Dahisar € 400068", "ward_code": "RN", "longitude": 72.86, "latitude": 19.26, "source": "Mumbai OpenCity / BMC", "source_file": "Mumbai City UPHCs Map.kml", "source_id": "81", "verification_status": "source_verified" }, "geometry": { "type": "Point", "coordinates": [ 72.86, 19.26, 0.0 ] } },
{ "type": "Feature", "properties": { "facility_id": "HC_00329", "name": "Shastri Nagar UPHC", "service_type": "uphc", "address": "L.T Road Disp 1 St floor L.T Road, Near to Naghik Stores Dahisar Station Dahisar (W) 400068", "ward_code": "RN", "longitude": 72.8733, "latitude": 19.2565, "source": "Mumbai OpenCity / BMC", "source_file": "Mumbai City UPHCs Map.kml", "source_id": "82", "verification_status": "source_verified" }, "geometry": { "type": "Point", "coordinates": [ 72.8733, 19.2565, 0.0 ] } },
{ "type": "Feature", "properties": { "facility_id": "HC_00330", "name": "Navagaon UPHC", "service_type": "uphc", "address": "SHASTRINAGAR DISP, NEAR MHARASHTRA HOTE, HOLY CROSS ROAD, DAHISAR (WEST)", "ward_code": "RN", "longitude": 72.85, "latitude": 19.25, "source": "Mumbai OpenCity / BMC", "source_file": "Mumbai City UPHCs Map.kml", "source_id": "83", "verification_status": "source_verified" }, "geometry": { "type": "Point", "coordinates": [ 72.85, 19.25, 0.0 ] } },
{ "type": "Feature", "properties": { "facility_id": "HC_00331", "name": "Pramila Nagar UPHC", "service_type": "uphc", "address": "PRAMILA NAGAR, MHADA COLONY, GROUND FLOOR,KANDARPADA,DAHISAR(WEST)", "ward_code": "RN", "longitude": 72.8737, "latitude": 19.2605, "source": "Mumbai OpenCity / BMC", "source_file": "Mumbai City UPHCs Map.kml", "source_id": "84", "verification_status": "source_verified" }, "geometry": { "type": "Point", "coordinates": [ 72.8737, 19.2605, 0.0 ] } },
{ "type": "Feature", "properties": { "facility_id": "HC_00332", "name": "Yashwant Rao Tawade Marg UPHC", "service_type": "uphc", "address": "Y R Tawade disp, Harishankar Joshi Marg, Near Dhawale Hospital Near Police chowky Dahisar (E) 400068", "ward_code": "RN", "longitude": 72.86, "latitude": 19.25, "source": "Mumbai OpenCity / BMC", "source_file": "Mumbai City UPHCs Map.kml", "source_id": "85", "verification_status": "source_verified" }, "geometry": { "type": "Point", "coordinates": [ 72.86, 19.25, 0.0 ] } },
{ "type": "Feature", "properties": { "facility_id": "HC_00333", "name": "New Tunga Village UPHC", "service_type": "uphc", "address": "Tulip Building, off Saki vihar road, Sakinaka, Kurla West Mumbai-70", "ward_code": "L", "longitude": 72.8922, "latitude": 19.1188, "source": "Mumbai OpenCity / BMC", "source_file": "Mumbai City UPHCs Map.kml", "source_id": "86", "verification_status": "source_verified" }, "geometry": { "type": "Point", "coordinates": [ 72.8922, 19.1188, 0.0 ] } },
{ "type": "Feature", "properties": { "facility_id": "HC_00334", "name": "Nahar Amrut Shakti UPHC", "service_type": "uphc", "address": "Ground floor ,Municipal Market building , Near Dmart ,Nahar Amrut Shakti ,Chandivali Mumbai -76", "ward_code": "L", "longitude": 72.88, "latitude": 19.07, "source": "Mumbai OpenCity / BMC", "source_file": "Mumbai City UPHCs Map.kml", "source_id": "87", "verification_status": "source_verified" }, "geometry": { "type": "Point", "coordinates": [ 72.88, 19.07, 0.0 ] } },
{ "type": "Feature", "properties": { "facility_id": "HC_00335", "name": "Bibi Fatima UPHC", "service_type": "uphc", "address": "BB Fatima Disp, near Imperial cycle stop, L B S Road , Kurla (W)", "ward_code": "L", "longitude": 72.92, "latitude": 19.1192, "source": "Mumbai OpenCity / BMC", "source_file": "Mumbai City UPHCs Map.kml", "source_id": "88", "verification_status": "source_verified" }, "geometry": { "type": "Point", "coordinates": [ 72.92, 19.1192, 0.0 ] } },
{ "type": "Feature", "properties": { "facility_id": "HC_00336", "name": "Himalaya UPHC", "service_type": "uphc", "address": "Shabri Apt. Himalay housing socirty , Nari Seva Sadan road, Ghatkopar West, Mumbai -72", "ward_code": "L", "longitude": 72.89, "latitude": 19.09, "source": "Mumbai OpenCity / BMC", "source_file": "Mumbai City UPHCs Map.kml", "source_id": "89", "verification_status": "source_verified" }, "geometry": { "type": "Point", "coordinates": [ 72.89, 19.09, 0.0 ] } },
{ "type": "Feature", "properties": { "facility_id": "HC_00337", "name": "Dr.Anandibai Joshi Maternity Home UPHC", "service_type": "uphc", "address": "Bail Bazar , Kurla Andheri Road , Kurla West Mumbai -70", "ward_code": "L", "longitude": 72.88, "latitude": 19.08, "source": "Mumbai OpenCity / BMC", "source_file": "Mumbai City UPHCs Map.kml", "source_id": "90", "verification_status": "source_verified" }, "geometry": { "type": "Point", "coordinates": [ 72.88, 19.08, 0.0 ] } },
{ "type": "Feature", "properties": { "facility_id": "HC_00338", "name": "Asalfa Village UPHC", "service_type": "uphc", "address": "Asalfa Pipe Line Subhash Nagar,Ghatkopar Andheri Link road ,Ghatkopar West Mumbai- 72", "ward_code": "L", "longitude": 72.9, "latitude": 19.1, "source": "Mumbai OpenCity / BMC", "source_file": "Mumbai City UPHCs Map.kml", "source_id": "91", "verification_status": "source_verified" }, "geometry": { "type": "Point", "coordinates": [ 72.9, 19.1, 0.0 ] } },
{ "type": "Feature", "properties": { "facility_id": "HC_00339", "name": "Mohili Village UPHC", "service_type": "uphc", "address": "Veer Savarkar Nagar , Ghatkopar Andheri Link Road , Ghatkopar West Mumbai- 72", "ward_code": "L", "longitude": 72.89, "latitude": 19.1, "source": "Mumbai OpenCity / BMC", "source_file": "Mumbai City UPHCs Map.kml", "source_id": "92", "verification_status": "source_verified" }, "geometry": { "type": "Point", "coordinates": [ 72.89, 19.1, 0.0 ] } },
{ "type": "Feature", "properties": { "facility_id": "HC_00340", "name": "Kajupada UPHC", "service_type": "uphc", "address": "Kajupada , NearGanesh Maidan, Kajupada Pipeline Kurla West - Mumbai -70", "ward_code": "L", "longitude": 72.89, "latitude": 19.09, "source": "Mumbai OpenCity / BMC", "source_file": "Mumbai City UPHCs Map.kml", "source_id": "93", "verification_status": "source_verified" }, "geometry": { "type": "Point", "coordinates": [ 72.89, 19.09, 0.0 ] } },
{ "type": "Feature", "properties": { "facility_id": "HC_00341", "name": "Maasaheb Meenatai Thackeray MH UPHC", "service_type": "uphc", "address": "V.N. Purav Marg, off Sion- Trombay Road, Chunabhatti- Mumbai -22", "ward_code": "L", "longitude": 72.8846, "latitude": 19.1315, "source": "Mumbai OpenCity / BMC", "source_file": "Mumbai City UPHCs Map.kml", "source_id": "94", "verification_status": "source_verified" }, "geometry": { "type": "Point", "coordinates": [ 72.8846, 19.1315, 0.0 ] } },
{ "type": "Feature", "properties": { "facility_id": "HC_00342", "name": "Buddha Colony UPHC", "service_type": "uphc", "address": "Al Sham Bulding ,New Hall Road ,near Kartika High School ,Kurla (W )Mumbai -70", "ward_code": "L", "longitude": 72.88, "latitude": 19.08, "source": "Mumbai OpenCity / BMC", "source_file": "Mumbai City UPHCs Map.kml", "source_id": "95", "verification_status": "source_verified" }, "geometry": { "type": "Point", "coordinates": [ 72.88, 19.08, 0.0 ] } },
{ "type": "Feature", "properties": { "facility_id": "HC_00343", "name": "Sangharsha Nagar UPHC", "service_type": "uphc", "address": "Next to Palacial Heights, near Ciba Company ,Sangharsh Nagar, Chandivali Mumbai -76", "ward_code": "L", "longitude": 72.9026, "latitude": 19.1083, "source": "Mumbai OpenCity / BMC", "source_file": "Mumbai City UPHCs Map.kml", "source_id": "96", "verification_status": "source_verified" }, "geometry": { "type": "Point", "coordinates": [ 72.9026, 19.1083, 0.0 ] } },
{ "type": "Feature", "properties": { "facility_id": "HC_00344", "name": "Kamgar Nagar UPHC", "service_type": "uphc", "address": "Qureshi Nagar, Kasaiwada,Kurla(E)", "ward_code": "L", "longitude": 72.88, "latitude": 19.06, "source": "Mumbai OpenCity / BMC", "source_file": "Mumbai City UPHCs Map.kml", "source_id": "97", "verification_status": "source_verified" }, "geometry": { "type": "Point", "coordinates": [ 72.88, 19.06, 0.0 ] } },
{ "type": "Feature", "properties": { "facility_id": "HC_00345", "name": "Nehru Nagar UPHC", "service_type": "uphc", "address": "Nehru Nagar Mun. Disp., Near Arey Dairy, Nehru Nagar, Kurla (E)", "ward_code": "L", "longitude": 72.89, "latitude": 19.06, "source": "Mumbai OpenCity / BMC", "source_file": "Mumbai City UPHCs Map.kml", "source_id": "98", "verification_status": "source_verified" }, "geometry": { "type": "Point", "coordinates": [ 72.89, 19.06, 0.0 ] } },
{ "type": "Feature", "properties": { "facility_id": "HC_00346", "name": "Vashinaka UPHC", "service_type": "uphc", "address": "R-1- R2 Aman Building,Near Datta Mandir, L.U Gadkari Marg, Vashinaka, Mumbai-74", "ward_code": "ME", "longitude": 72.89, "latitude": 19.09, "source": "Mumbai OpenCity / BMC", "source_file": "Mumbai City UPHCs Map.kml", "source_id": "99", "verification_status": "source_verified" }, "geometry": { "type": "Point", "coordinates": [ 72.89, 19.09, 0.0 ] } },
{ "type": "Feature", "properties": { "facility_id": "HC_00347", "name": "New Bainganwadi UPHC", "service_type": "uphc", "address": "Near Urdu BMC school 5 , Next ambekar maidhan, Govandi west , Mumbai-43", "ward_code": "ME", "longitude": 72.9235, "latitude": 19.0589, "source": "Mumbai OpenCity / BMC", "source_file": "Mumbai City UPHCs Map.kml", "source_id": "100", "verification_status": "source_verified" }, "geometry": { "type": "Point", "coordinates": [ 72.9235, 19.0589, 0.0 ] } },
{ "type": "Feature", "properties": { "facility_id": "HC_00348", "name": "Maharashtra Nagar UPHC", "service_type": "uphc", "address": "Building No 18 &19, Shivshahi Punarvsan Prakalp, Maharashtra Nagar, Mumbai-43", "ward_code": "ME", "longitude": 72.94, "latitude": 19.05, "source": "Mumbai OpenCity / BMC", "source_file": "Mumbai City UPHCs Map.kml", "source_id": "101", "verification_status": "source_verified" }, "geometry": { "type": "Point", "coordinates": [ 72.94, 19.05, 0.0 ] } },
{ "type": "Feature", "properties": { "facility_id": "HC_00349", "name": "Lokshahir Annabhau Sathe Nagar UPHC", "service_type": "uphc", "address": "Lallubhai Compound , R-4 Building , MMDRA,Behind Shivan high school, Deonar, Mumbai-43", "ward_code": "ME", "longitude": 72.93, "latitude": 19.05, "source": "Mumbai OpenCity / BMC", "source_file": "Mumbai City UPHCs Map.kml", "source_id": "102", "verification_status": "source_verified" }, "geometry": { "type": "Point", "coordinates": [ 72.93, 19.05, 0.0 ] } },
{ "type": "Feature", "properties": { "facility_id": "HC_00350", "name": "Deonar MH UPHC", "service_type": "uphc", "address": "Deonar municipal mat. home,Deonar municipal colony,Govandi West ,Mumbai-74", "ward_code": "ME", "longitude": 72.92, "latitude": 19.05, "source": "Mumbai OpenCity / BMC", "source_file": "Mumbai City UPHCs Map.kml", "source_id": "103", "verification_status": "source_verified" }, "geometry": { "type": "Point", "coordinates": [ 72.92, 19.05, 0.0 ] } },
{ "type": "Feature", "properties": { "facility_id": "HC_00351", "name": "Shahaji Nagar MH UPHC", "service_type": "uphc", "address": "Near Trombay Police Station , cheeta camp Trombay , Mumbai -88", "ward_code": "ME", "longitude": 72.95, "latitude": 19.04, "source": "Mumbai OpenCity / BMC", "source_file": "Mumbai City UPHCs Map.kml", "source_id": "104", "verification_status": "source_verified" }, "geometry": { "type": "Point", "coordinates": [ 72.95, 19.04, 0.0 ] } },
{ "type": "Feature", "properties": { "facility_id": "HC_00352", "name": "Ayodhya Nagar UPHC", "service_type": "uphc", "address": "Near Hindi municipal school ,Ayodhya nagar market road , Vashinaka,Chembur East , Mumbai-74", "ward_code": "ME", "longitude": 72.9, "latitude": 19.03, "source": "Mumbai OpenCity / BMC", "source_file": "Mumbai City UPHCs Map.kml", "source_id": "105", "verification_status": "source_verified" }, "geometry": { "type": "Point", "coordinates": [ 72.9, 19.03, 0.0 ] } },
{ "type": "Feature", "properties": { "facility_id": "HC_00353", "name": "Kamala Raman Nagar UPHC", "service_type": "uphc", "address": "Kamala Raman Nagar Disp., Near Bhadra Nursing Home, Bainganwadi, Mumbai - 43.", "ward_code": "ME", "longitude": 72.93, "latitude": 19.06, "source": "Mumbai OpenCity / BMC", "source_file": "Mumbai City UPHCs Map.kml", "source_id": "106", "verification_status": "source_verified" }, "geometry": { "type": "Point", "coordinates": [ 72.93, 19.06, 0.0 ] } },
{ "type": "Feature", "properties": { "facility_id": "HC_00354", "name": "Ayodhya Nagar II UPHC", "service_type": "uphc", "address": "Suraksh Society , Building No 4 1st Floor, MMRDA road, Vashinaka, Chembur East ,Mumbai-74", "ward_code": "ME", "longitude": 72.9, "latitude": 19.03, "source": "Mumbai OpenCity / BMC", "source_file": "Mumbai City UPHCs Map.kml", "source_id": "107", "verification_status": "source_verified" }, "geometry": { "type": "Point", "coordinates": [ 72.9, 19.03, 0.0 ] } },
{ "type": "Feature", "properties": { "facility_id": "HC_00355", "name": "Matoshri Ramabai Ambedkar MH UPHC", "service_type": "uphc", "address": "R.C.Road, Chembur naka, Chembur East - Mumbai-71", "ward_code": "MW", "longitude": 72.89, "latitude": 19.05, "source": "Mumbai OpenCity / BMC", "source_file": "Mumbai City UPHCs Map.kml", "source_id": "108", "verification_status": "source_verified" }, "geometry": { "type": "Point", "coordinates": [ 72.89, 19.05, 0.0 ] } },
{ "type": "Feature", "properties": { "facility_id": "HC_00356", "name": "Chembur Colony UPHC", "service_type": "uphc", "address": "Next to Vaswani Book Depo,Gidwani road, Chembur colony , Mumbai-74", "ward_code": "MW", "longitude": 72.89, "latitude": 19.05, "source": "Mumbai OpenCity / BMC", "source_file": "Mumbai City UPHCs Map.kml", "source_id": "109", "verification_status": "source_verified" }, "geometry": { "type": "Point", "coordinates": [ 72.89, 19.05, 0.0 ] } },
{ "type": "Feature", "properties": { "facility_id": "HC_00357", "name": "Lal Dongar UPHC", "service_type": "uphc", "address": "Near Poonam petrol pump, off Sion Trombay road , Chembur Colony ,Chembur East , Mumbai-71", "ward_code": "MW", "longitude": 72.89, "latitude": 19.05, "source": "Mumbai OpenCity / BMC", "source_file": "Mumbai City UPHCs Map.kml", "source_id": "110", "verification_status": "source_verified" }, "geometry": { "type": "Point", "coordinates": [ 72.89, 19.05, 0.0 ] } },
{ "type": "Feature", "properties": { "facility_id": "HC_00358", "name": "Pestum Sagar UPHC", "service_type": "uphc", "address": "Near BMC School, P.L.Lokhande Marg,Chembur West , Mumbai -89", "ward_code": "MW", "longitude": 72.9, "latitude": 19.06, "source": "Mumbai OpenCity / BMC", "source_file": "Mumbai City UPHCs Map.kml", "source_id": "111", "verification_status": "source_verified" }, "geometry": { "type": "Point", "coordinates": [ 72.9, 19.06, 0.0 ] } },
{ "type": "Feature", "properties": { "facility_id": "HC_00359", "name": "Mahul Village UPHC", "service_type": "uphc", "address": "Mahul SRA Complex, Mahul Village,", "ward_code": "MW", "longitude": 72.89, "latitude": 19.01, "source": "Mumbai OpenCity / BMC", "source_file": "Mumbai City UPHCs Map.kml", "source_id": "112", "verification_status": "source_verified" }, "geometry": { "type": "Point", "coordinates": [ 72.89, 19.01, 0.0 ] } },
{ "type": "Feature", "properties": { "facility_id": "HC_00360", "name": "Kamraj Nagar UPHC", "service_type": "uphc", "address": "Near Eastern Express Highway ,Ramabai Colony, Ghatkopar (East) Mumbai -75", "ward_code": "N", "longitude": 72.8846, "latitude": 19.1315, "source": "Mumbai OpenCity / BMC", "source_file": "Mumbai City UPHCs Map.kml", "source_id": "113", "verification_status": "source_verified" }, "geometry": { "type": "Point", "coordinates": [ 72.8846, 19.1315, 0.0 ] } },
{ "type": "Feature", "properties": { "facility_id": "HC_00361", "name": "Kirol Village UPHC", "service_type": "uphc", "address": "Parsiwadi , near Ganesh Maidan Opp. Municipal Disp. Ghatkopar (W) - 86", "ward_code": "N", "longitude": 72.9, "latitude": 19.09, "source": "Mumbai OpenCity / BMC", "source_file": "Mumbai City UPHCs Map.kml", "source_id": "114", "verification_status": "source_verified" }, "geometry": { "type": "Point", "coordinates": [ 72.9, 19.09, 0.0 ] } },
{ "type": "Feature", "properties": { "facility_id": "HC_00362", "name": "Matoshri Ramabai Thackeray Maternity Home UPHC", "service_type": "uphc", "address": "Matoshri Ramabai Thackeray Maternity Home, Near Ganesh Maidan ,Poddar mill compund , Ghatkopar (West) Mumbai -86", "ward_code": "N", "longitude": 72.91, "latitude": 19.09, "source": "Mumbai OpenCity / BMC", "source_file": "Mumbai City UPHCs Map.kml", "source_id": "115", "verification_status": "source_verified" }, "geometry": { "type": "Point", "coordinates": [ 72.91, 19.09, 0.0 ] } },
{ "type": "Feature", "properties": { "facility_id": "HC_00363", "name": "Vikhroli Park Site UPHC", "service_type": "uphc", "address": "Behind Jankalyan Bank , Vikroli Park Site, Road No.1 Vikroli West ,Mumbai -79", "ward_code": "N", "longitude": 72.91, "latitude": 19.1, "source": "Mumbai OpenCity / BMC", "source_file": "Mumbai City UPHCs Map.kml", "source_id": "116", "verification_status": "source_verified" }, "geometry": { "type": "Point", "coordinates": [ 72.91, 19.1, 0.0 ] } },
{ "type": "Feature", "properties": { "facility_id": "HC_00364", "name": "Ramabai Colony UPHC", "service_type": "uphc", "address": "Near Eastern Express Highway ,Ramabai Colony, Ghatkopar (East) Mumbai -75", "ward_code": "N", "longitude": 72.92, "latitude": 19.08, "source": "Mumbai OpenCity / BMC", "source_file": "Mumbai City UPHCs Map.kml", "source_id": "117", "verification_status": "source_verified" }, "geometry": { "type": "Point", "coordinates": [ 72.92, 19.08, 0.0 ] } },
{ "type": "Feature", "properties": { "facility_id": "HC_00365", "name": "Pant Nagar UPHC", "service_type": "uphc", "address": "Near Municipal School No.3,Pant Nagar ,Ghatkopar (East), Mumbai-75", "ward_code": "N", "longitude": 72.92, "latitude": 19.09, "source": "Mumbai OpenCity / BMC", "source_file": "Mumbai City UPHCs Map.kml", "source_id": "118", "verification_status": "source_verified" }, "geometry": { "type": "Point", "coordinates": [ 72.92, 19.09, 0.0 ] } },
{ "type": "Feature", "properties": { "facility_id": "HC_00366", "name": "Sarvodaya Nagar UPHC", "service_type": "uphc", "address": "LBS Road, Near Sarvodaya Hospital Ghatkopar (W) Mumbai 400086", "ward_code": "N", "longitude": 72.8846, "latitude": 19.1315, "source": "Mumbai OpenCity / BMC", "source_file": "Mumbai City UPHCs Map.kml", "source_id": "119", "verification_status": "source_verified" }, "geometry": { "type": "Point", "coordinates": [ 72.8846, 19.1315, 0.0 ] } },
{ "type": "Feature", "properties": { "facility_id": "HC_00367", "name": "Sonapur UPHC (Only HP)", "service_type": "uphc", "address": "Tulshetpada HP. --Municipal School, Tulshetpada, Bhai Guptadas Road , Bhandup (W)", "ward_code": "S", "longitude": 72.93, "latitude": 19.15, "source": "Mumbai OpenCity / BMC", "source_file": "Mumbai City UPHCs Map.kml", "source_id": "120", "verification_status": "source_verified" }, "geometry": { "type": "Point", "coordinates": [ 72.93, 19.15, 0.0 ] } },
{ "type": "Feature", "properties": { "facility_id": "HC_00368", "name": "Savitribai Jyotiba Phule Maternity Home UPHC", "service_type": "uphc", "address": "Motichand Premises Savitribai Phule Marg , L.B.S Road , Bhandup (West) , Mumbai -78", "ward_code": "S", "longitude": 72.93, "latitude": 19.15, "source": "Mumbai OpenCity / BMC", "source_file": "Mumbai City UPHCs Map.kml", "source_id": "121", "verification_status": "source_verified" }, "geometry": { "type": "Point", "coordinates": [ 72.93, 19.15, 0.0 ] } },
{ "type": "Feature", "properties": { "facility_id": "HC_00369", "name": "Tulshetpada UPHC", "service_type": "uphc", "address": "Tulshetpada Municipal school , Tulshetpada,Bhai Guptadas road , Bhandup (west) mumbai -78", "ward_code": "S", "longitude": 72.9306, "latitude": 19.1627, "source": "Mumbai OpenCity / BMC", "source_file": "Mumbai City UPHCs Map.kml", "source_id": "122", "verification_status": "source_verified" }, "geometry": { "type": "Point", "coordinates": [ 72.9306, 19.1627, 0.0 ] } },
{ "type": "Feature", "properties": { "facility_id": "HC_00370", "name": "Shivaji Talao UPHC", "service_type": "uphc", "address": "Ganga Vidhyalay School, Konkon nagar , ,S.P.S Road , Bhandup west -Mumbai -28", "ward_code": "S", "longitude": 72.93, "latitude": 19.15, "source": "Mumbai OpenCity / BMC", "source_file": "Mumbai City UPHCs Map.kml", "source_id": "123", "verification_status": "source_verified" }, "geometry": { "type": "Point", "coordinates": [ 72.93, 19.15, 0.0 ] } },
{ "type": "Feature", "properties": { "facility_id": "HC_00371", "name": "Hiranandani UPHC", "service_type": "uphc", "address": "Shiv Krupa Apt , Below Nehal hospital ,Padmavati road , IIT market , Powai -Mumbai 76", "ward_code": "S", "longitude": 72.92, "latitude": 19.12, "source": "Mumbai OpenCity / BMC", "source_file": "Mumbai City UPHCs Map.kml", "source_id": "124", "verification_status": "source_verified" }, "geometry": { "type": "Point", "coordinates": [ 72.92, 19.12, 0.0 ] } },
{ "type": "Feature", "properties": { "facility_id": "HC_00372", "name": "Dr.Babasaheb Ambedkar Maternity Home UPHC", "service_type": "uphc", "address": "Tagore nagar Disp.Dr. Babasaheb Ambedkar Mun. Mat. Home, Ground No.7, Tagore Nagar, Vikhroli (East)", "ward_code": "S", "longitude": 72.94, "latitude": 19.12, "source": "Mumbai OpenCity / BMC", "source_file": "Mumbai City UPHCs Map.kml", "source_id": "125", "verification_status": "source_verified" }, "geometry": { "type": "Point", "coordinates": [ 72.94, 19.12, 0.0 ] } },
{ "type": "Feature", "properties": { "facility_id": "HC_00373", "name": "Maharshi Karve UPHC", "service_type": "uphc", "address": "Kanjur Marg (E), Nehru Nagar, BMC Market Building 1st Floor", "ward_code": "S", "longitude": 72.9372, "latitude": 19.1511, "source": "Mumbai OpenCity / BMC", "source_file": "Mumbai City UPHCs Map.kml", "source_id": "126", "verification_status": "source_verified" }, "geometry": { "type": "Point", "coordinates": [ 72.9372, 19.1511, 0.0 ] } },
{ "type": "Feature", "properties": { "facility_id": "HC_00374", "name": "Subhash Nagar UPHC", "service_type": "uphc", "address": "LBS Mat Home, kukreja Complex Bhandup Villege road , Bhandup (W)", "ward_code": "S", "longitude": 72.8846, "latitude": 19.1315, "source": "Mumbai OpenCity / BMC", "source_file": "Mumbai City UPHCs Map.kml", "source_id": "127", "verification_status": "source_verified" }, "geometry": { "type": "Point", "coordinates": [ 72.8846, 19.1315, 0.0 ] } },
{ "type": "Feature", "properties": { "facility_id": "HC_00375", "name": "Kanjur Village UPHC", "service_type": "uphc", "address": "Behind Kanjur marg police station, Kanjurmarg (East ) Mumbai -42", "ward_code": "S", "longitude": 72.94, "latitude": 19.13, "source": "Mumbai OpenCity / BMC", "source_file": "Mumbai City UPHCs Map.kml", "source_id": "128", "verification_status": "source_verified" }, "geometry": { "type": "Point", "coordinates": [ 72.94, 19.13, 0.0 ] } },
{ "type": "Feature", "properties": { "facility_id": "HC_00376", "name": "Ishwar Nagar UPHC", "service_type": "uphc", "address": "Municipal school building , Near MSEB office , Iswar Nagar , Bhandup (West) ,Mumbai -78", "ward_code": "S", "longitude": 72.94, "latitude": 19.14, "source": "Mumbai OpenCity / BMC", "source_file": "Mumbai City UPHCs Map.kml", "source_id": "129", "verification_status": "source_verified" }, "geometry": { "type": "Point", "coordinates": [ 72.94, 19.14, 0.0 ] } },
{ "type": "Feature", "properties": { "facility_id": "HC_00377", "name": "LBS Marg MH UPHC", "service_type": "uphc", "address": "Near S.G. Pawar International school,besides kuckreja complex,L.B S.Road , Bhandup West - Mumbai -78", "ward_code": "S", "longitude": 72.93, "latitude": 19.15, "source": "Mumbai OpenCity / BMC", "source_file": "Mumbai City UPHCs Map.kml", "source_id": "130", "verification_status": "source_verified" }, "geometry": { "type": "Point", "coordinates": [ 72.93, 19.15, 0.0 ] } },
{ "type": "Feature", "properties": { "facility_id": "HC_00378", "name": "Tembhipada UPHC", "service_type": "uphc", "address": "Nardas Nagar, Tembhipada Mun. Disp., Tembhi Pada (W), Mum - 78", "ward_code": "S", "longitude": 72.93, "latitude": 19.15, "source": "Mumbai OpenCity / BMC", "source_file": "Mumbai City UPHCs Map.kml", "source_id": "131", "verification_status": "source_verified" }, "geometry": { "type": "Point", "coordinates": [ 72.93, 19.15, 0.0 ] } },
{ "type": "Feature", "properties": { "facility_id": "HC_00379", "name": "Smt.Shyamkunwarbai Jatashankar Dosa Chanchani Maternity Home UPHC", "service_type": "uphc", "address": "Panch Rashta , M.G.Road , Mulund west , Mumbai -80", "ward_code": "T", "longitude": 72.95, "latitude": 19.18, "source": "Mumbai OpenCity / BMC", "source_file": "Mumbai City UPHCs Map.kml", "source_id": "132", "verification_status": "source_verified" }, "geometry": { "type": "Point", "coordinates": [ 72.95, 19.18, 0.0 ] } },
{ "type": "Feature", "properties": { "facility_id": "HC_00380", "name": "Mulund Colony UPHC", "service_type": "uphc", "address": "Shivaji chowk ,Jhulelal Road ,Mulund colony, Mulund (west) Mumbai -80", "ward_code": "T", "longitude": 72.94, "latitude": 19.17, "source": "Mumbai OpenCity / BMC", "source_file": "Mumbai City UPHCs Map.kml", "source_id": "133", "verification_status": "source_verified" }, "geometry": { "type": "Point", "coordinates": [ 72.94, 19.17, 0.0 ] } },
{ "type": "Feature", "properties": { "facility_id": "HC_00381", "name": "DDU Marg UPHC", "service_type": "uphc", "address": "DDU Road, Opp Croma Electronics Mulund West 400080", "ward_code": "T", "longitude": 72.95, "latitude": 19.17, "source": "Mumbai OpenCity / BMC", "source_file": "Mumbai City UPHCs Map.kml", "source_id": "134", "verification_status": "source_verified" }, "geometry": { "type": "Point", "coordinates": [ 72.95, 19.17, 0.0 ] } },
{ "type": "Feature", "properties": { "facility_id": "HC_00382", "name": "Paltan Rd. HP", "service_type": "uphc", "address": "Mun. Disp. At Sabu Siddiki Road, Paltan Rd. Gr.Fl. Mumbai-1", "ward_code": "A", "longitude": 72.8406, "latitude": 18.9473, "source": "Mumbai OpenCity / BMC", "source_file": "Mumbai City UPHCs Map.kml", "source_id": "135", "verification_status": "source_verified" }, "geometry": { "type": "Point", "coordinates": [ 72.8406, 18.9473, 0.0 ] } },
{ "type": "Feature", "properties": { "facility_id": "HC_00383", "name": "Janabai Rokade HP", "service_type": "uphc", "address": "Janabai Rokade Mun. School, Ground Floor, Janjikar street, Near masjid Station, Mumbai-3", "ward_code": "B", "longitude": 72.84, "latitude": 18.95, "source": "Mumbai OpenCity / BMC", "source_file": "Mumbai City UPHCs Map.kml", "source_id": "136", "verification_status": "source_verified" }, "geometry": { "type": "Point", "coordinates": [ 72.84, 18.95, 0.0 ] } },
{ "type": "Feature", "properties": { "facility_id": "HC_00384", "name": "Jail Road HP", "service_type": "uphc", "address": "Walpakhadi Mun. Disp., Mauji Rathod Road, Noor Baug- Donggri, Mumbai.", "ward_code": "B", "longitude": 72.84, "latitude": 18.96, "source": "Mumbai OpenCity / BMC", "source_file": "Mumbai City UPHCs Map.kml", "source_id": "137", "verification_status": "source_verified" }, "geometry": { "type": "Point", "coordinates": [ 72.84, 18.96, 0.0 ] } },
{ "type": "Feature", "properties": { "facility_id": "HC_00385", "name": "Banganga HP", "service_type": "uphc", "address": "Kawale Math High school, Walkeshwar, Mumbai-8", "ward_code": "D", "longitude": 72.8517, "latitude": 18.9615, "source": "Mumbai OpenCity / BMC", "source_file": "Mumbai City UPHCs Map.kml", "source_id": "138", "verification_status": "source_verified" }, "geometry": { "type": "Point", "coordinates": [ 72.8517, 18.9615, 0.0 ] } },
{ "type": "Feature", "properties": { "facility_id": "HC_00386", "name": "Nana Chowk HP.", "service_type": "uphc", "address": "Lotus Bldg. 1st Floor, Dinanath Mangeshkar Rd.,Forjett Hill, Mumbai-36", "ward_code": "D", "longitude": 72.81, "latitude": 18.97, "source": "Mumbai OpenCity / BMC", "source_file": "Mumbai City UPHCs Map.kml", "source_id": "139", "verification_status": "source_verified" }, "geometry": { "type": "Point", "coordinates": [ 72.81, 18.97, 0.0 ] } },
{ "type": "Feature", "properties": { "facility_id": "HC_00387", "name": "Khetwadi Back RD. HP.", "service_type": "uphc", "address": "Manish Bldg. 1st floor Khetwadi, 11th lane, Grant Road (w) mumbai-4", "ward_code": "D", "longitude": 72.82, "latitude": 18.96, "source": "Mumbai OpenCity / BMC", "source_file": "Mumbai City UPHCs Map.kml", "source_id": "140", "verification_status": "source_verified" }, "geometry": { "type": "Point", "coordinates": [ 72.82, 18.96, 0.0 ] } },
{ "type": "Feature", "properties": { "facility_id": "HC_00388", "name": "Nawab Tank HP.", "service_type": "uphc", "address": "opp. Dockyard Road Rly. Station, Dockyard (E) mumbai-10", "ward_code": "E", "longitude": 72.8441, "latitude": 18.9654, "source": "Mumbai OpenCity / BMC", "source_file": "Mumbai City UPHCs Map.kml", "source_id": "141", "verification_status": "source_verified" }, "geometry": { "type": "Point", "coordinates": [ 72.8441, 18.9654, 0.0 ] } },
{ "type": "Feature", "properties": { "facility_id": "HC_00389", "name": "Botliboy HP.", "service_type": "uphc", "address": "Behind New 52 Chawl, R.B. Margm Ferbaundar, Godapdev Chowk, Mumbai-33.", "ward_code": "E", "longitude": 72.84, "latitude": 18.98, "source": "Mumbai OpenCity / BMC", "source_file": "Mumbai City UPHCs Map.kml", "source_id": "142", "verification_status": "source_verified" }, "geometry": { "type": "Point", "coordinates": [ 72.84, 18.98, 0.0 ] } },
{ "type": "Feature", "properties": { "facility_id": "HC_00390", "name": "Kasturba Hospital HP.", "service_type": "uphc", "address": "Kasturba Hospital Comp. Sane Guruji, Marg, Chinchpokali (W) mumbai-11", "ward_code": "E", "longitude": 72.83, "latitude": 18.98, "source": "Mumbai OpenCity / BMC", "source_file": "Mumbai City UPHCs Map.kml", "source_id": "143", "verification_status": "source_verified" }, "geometry": { "type": "Point", "coordinates": [ 72.83, 18.98, 0.0 ] } },
{ "type": "Feature", "properties": { "facility_id": "HC_00391", "name": "Ram Laxman Tekadi HP.", "service_type": "uphc", "address": "Ambewadi, B.S. Ambedkar Marg, Near Tata Colony Shivari Mumbai-15", "ward_code": "FS", "longitude": 72.85, "latitude": 19.0, "source": "Mumbai OpenCity / BMC", "source_file": "Mumbai City UPHCs Map.kml", "source_id": "144", "verification_status": "source_verified" }, "geometry": { "type": "Point", "coordinates": [ 72.85, 19.0, 0.0 ] } },
{ "type": "Feature", "properties": { "facility_id": "HC_00392", "name": "2nd. October Colony HP.", "service_type": "uphc", "address": "Veerdarshan 12, Near Shrimati Saree Center, Opp. Jain, Temple, G.D. Ambekar Road, Bhoiwada Parel, Mumbai-12.", "ward_code": "FS", "longitude": 72.85, "latitude": 19.01, "source": "Mumbai OpenCity / BMC", "source_file": "Mumbai City UPHCs Map.kml", "source_id": "145", "verification_status": "source_verified" }, "geometry": { "type": "Point", "coordinates": [ 72.85, 19.01, 0.0 ] } },
{ "type": "Feature", "properties": { "facility_id": "HC_00393", "name": "V. Shantaram HP.", "service_type": "uphc", "address": "Rajkamal Balodyan, Near Mahatma, Gandhi Hosp. Parel Mumbai-12.", "ward_code": "FS", "longitude": 72.84, "latitude": 19.0, "source": "Mumbai OpenCity / BMC", "source_file": "Mumbai City UPHCs Map.kml", "source_id": "146", "verification_status": "source_verified" }, "geometry": { "type": "Point", "coordinates": [ 72.84, 19.0, 0.0 ] } },
{ "type": "Feature", "properties": { "facility_id": "HC_00394", "name": "Don Bosco HP.", "service_type": "uphc", "address": "Don Bosco mun. Disp. Madona Bldg.,Nathulal Parekh Marg Wadala. Mumbai-37.", "ward_code": "FN", "longitude": 72.86, "latitude": 19.02, "source": "Mumbai OpenCity / BMC", "source_file": "Mumbai City UPHCs Map.kml", "source_id": "147", "verification_status": "source_verified" }, "geometry": { "type": "Point", "coordinates": [ 72.86, 19.02, 0.0 ] } },
{ "type": "Feature", "properties": { "facility_id": "HC_00395", "name": "Jijamata Nagar RCH-II HP.", "service_type": "uphc", "address": "Gorakh Complex Gr.Fl. Near B.D.D.Chawl Worli Mumbai-25.", "ward_code": "GS", "longitude": 72.82, "latitude": 19.0, "source": "Mumbai OpenCity / BMC", "source_file": "Mumbai City UPHCs Map.kml", "source_id": "148", "verification_status": "source_verified" }, "geometry": { "type": "Point", "coordinates": [ 72.82, 19.0, 0.0 ] } },
{ "type": "Feature", "properties": { "facility_id": "HC_00396", "name": "Gokhale Road HP.", "service_type": "uphc", "address": "Gokhale Road Mun. School 3rd Floor, Jakhadevi Chowk Dadar (W) Mumbai-28.", "ward_code": "GN", "longitude": 72.83, "latitude": 19.02, "source": "Mumbai OpenCity / BMC", "source_file": "Mumbai City UPHCs Map.kml", "source_id": "149", "verification_status": "source_verified" }, "geometry": { "type": "Point", "coordinates": [ 72.83, 19.02, 0.0 ] } },
{ "type": "Feature", "properties": { "facility_id": "HC_00397", "name": "Shastri Nagar HP.", "service_type": "uphc", "address": "Shastri Nagar Mun. School Gr. Fl. Dharavi, Mumbai-17.", "ward_code": "GN", "longitude": 72.84, "latitude": 19.03, "source": "Mumbai OpenCity / BMC", "source_file": "Mumbai City UPHCs Map.kml", "source_id": "150", "verification_status": "source_verified" }, "geometry": { "type": "Point", "coordinates": [ 72.84, 19.03, 0.0 ] } },
{ "type": "Feature", "properties": { "facility_id": "HC_00398", "name": "Vakola H.P.", "service_type": "uphc", "address": "Vakola Market Building, Santacruz-East Mumbai-400055", "ward_code": "H/E", "longitude": 72.85, "latitude": 19.08, "source": "Mumbai OpenCity / BMC", "source_file": "Mumbai City UPHCs Map.kml", "source_id": "151", "verification_status": "source_verified" }, "geometry": { "type": "Point", "coordinates": [ 72.85, 19.08, 0.0 ] } },
{ "type": "Feature", "properties": { "facility_id": "HC_00399", "name": "Govt Colony HP", "service_type": "uphc", "address": "Bharat Nagar Disp, Bandra - East Mumbai-400052", "ward_code": "H/E", "longitude": 72.86, "latitude": 19.06, "source": "Mumbai OpenCity / BMC", "source_file": "Mumbai City UPHCs Map.kml", "source_id": "152", "verification_status": "source_verified" }, "geometry": { "type": "Point", "coordinates": [ 72.86, 19.06, 0.0 ] } },
{ "type": "Feature", "properties": { "facility_id": "HC_00400", "name": "V.N. Desai Hospital H.P.", "service_type": "uphc", "address": "V.N. Desai Mun. Gen. Hospital Santacruz-West, Mumbai-400055", "ward_code": "H/E", "longitude": 72.85, "latitude": 19.08, "source": "Mumbai OpenCity / BMC", "source_file": "Mumbai City UPHCs Map.kml", "source_id": "153", "verification_status": "source_verified" }, "geometry": { "type": "Point", "coordinates": [ 72.85, 19.08, 0.0 ] } },
{ "type": "Feature", "properties": { "facility_id": "HC_00401", "name": "Khotwadi H.P.", "service_type": "uphc", "address": "3rd Near S.V. Road, Opp, Autopit Petrol Pump, Santacruz-West, Mumbai-400055", "ward_code": "H/W", "longitude": 72.84, "latitude": 19.08, "source": "Mumbai OpenCity / BMC", "source_file": "Mumbai City UPHCs Map.kml", "source_id": "154", "verification_status": "source_verified" }, "geometry": { "type": "Point", "coordinates": [ 72.84, 19.08, 0.0 ] } },
{ "type": "Feature", "properties": { "facility_id": "HC_00402", "name": "Sherly Rajan H.P.", "service_type": "uphc", "address": "Flemigo Building, Carmel Church, Near Met College, Vadora Road, Bandra-West Mumbai", "ward_code": "H/W", "longitude": 72.83, "latitude": 19.05, "source": "Mumbai OpenCity / BMC", "source_file": "Mumbai City UPHCs Map.kml", "source_id": "155", "verification_status": "source_verified" }, "geometry": { "type": "Point", "coordinates": [ 72.83, 19.05, 0.0 ] } },
{ "type": "Feature", "properties": { "facility_id": "HC_00403", "name": "S.V. Road H.P.", "service_type": "uphc", "address": "Khar T.B. Clinic, Khar-West Mumbai 400052", "ward_code": "H/W", "longitude": 72.84, "latitude": 19.07, "source": "Mumbai OpenCity / BMC", "source_file": "Mumbai City UPHCs Map.kml", "source_id": "156", "verification_status": "source_verified" }, "geometry": { "type": "Point", "coordinates": [ 72.84, 19.07, 0.0 ] } },
{ "type": "Feature", "properties": { "facility_id": "HC_00404", "name": "K.B. Bhabha Hospital H.P.", "service_type": "uphc", "address": "Kb Bhabha Mun. Gen. Hospital, 1st Floor New Building, Bandra-West Mumbai", "ward_code": "H/W", "longitude": 72.83, "latitude": 19.06, "source": "Mumbai OpenCity / BMC", "source_file": "Mumbai City UPHCs Map.kml", "source_id": "157", "verification_status": "source_verified" }, "geometry": { "type": "Point", "coordinates": [ 72.83, 19.06, 0.0 ] } },
{ "type": "Feature", "properties": { "facility_id": "HC_00405", "name": "Tarun Bharat H.P.", "service_type": "uphc", "address": "Islampura Chakala, Near Mun. School Garden, Andheri-East Mumbai-98", "ward_code": "K/E", "longitude": 72.86, "latitude": 19.11, "source": "Mumbai OpenCity / BMC", "source_file": "Mumbai City UPHCs Map.kml", "source_id": "158", "verification_status": "source_verified" }, "geometry": { "type": "Point", "coordinates": [ 72.86, 19.11, 0.0 ] } },
{ "type": "Feature", "properties": { "facility_id": "HC_00406", "name": "Ajgaonkar Plot H.P.", "service_type": "uphc", "address": "Ajogaonkar Plot Near Asmita School, Bandrekarwadi, Jogeshwari-East Mumbai", "ward_code": "K/E", "longitude": 72.85, "latitude": 19.14, "source": "Mumbai OpenCity / BMC", "source_file": "Mumbai City UPHCs Map.kml", "source_id": "159", "verification_status": "source_verified" }, "geometry": { "type": "Point", "coordinates": [ 72.85, 19.14, 0.0 ] } },
{ "type": "Feature", "properties": { "facility_id": "HC_00407", "name": "Nehru Road H.P.", "service_type": "uphc", "address": "Water Dept. Building 1st Floor, Nehru Road, Vileparle East Mumbai", "ward_code": "K/E", "longitude": 72.85, "latitude": 19.1, "source": "Mumbai OpenCity / BMC", "source_file": "Mumbai City UPHCs Map.kml", "source_id": "160", "verification_status": "source_verified" }, "geometry": { "type": "Point", "coordinates": [ 72.85, 19.1, 0.0 ] } },
{ "type": "Feature", "properties": { "facility_id": "HC_00408", "name": "M.I.D.C. H.P.", "service_type": "uphc", "address": "Gundwali, Andheri-East, Mumbai-400059", "ward_code": "K/E", "longitude": 72.86, "latitude": 19.12, "source": "Mumbai OpenCity / BMC", "source_file": "Mumbai City UPHCs Map.kml", "source_id": "161", "verification_status": "source_verified" }, "geometry": { "type": "Point", "coordinates": [ 72.86, 19.12, 0.0 ] } },
{ "type": "Feature", "properties": { "facility_id": "HC_00409", "name": "Sarvodaya Nagar H.P.", "service_type": "uphc", "address": "Sarvodaya Nagar Mun. Disp; Near Meghwadi Police Station, Andheri - East; Mumbai", "ward_code": "K/E", "longitude": 72.86, "latitude": 19.13, "source": "Mumbai OpenCity / BMC", "source_file": "Mumbai City UPHCs Map.kml", "source_id": "162", "verification_status": "source_verified" }, "geometry": { "type": "Point", "coordinates": [ 72.86, 19.13, 0.0 ] } },
{ "type": "Feature", "properties": { "facility_id": "HC_00410", "name": "Sunder Nagar H.P.", "service_type": "uphc", "address": "Sunder Nagar H.P. Andheri-East", "ward_code": "K/E", "longitude": 72.87, "latitude": 19.14, "source": "Mumbai OpenCity / BMC", "source_file": "Mumbai City UPHCs Map.kml", "source_id": "163", "verification_status": "source_verified" }, "geometry": { "type": "Point", "coordinates": [ 72.87, 19.14, 0.0 ] } },
{ "type": "Feature", "properties": { "facility_id": "HC_00411", "name": "Tata Compound H.P.", "service_type": "uphc", "address": "S.V. Road Irla, Andheri-West, Mumbai-400058", "ward_code": "K/W", "longitude": 72.84, "latitude": 19.11, "source": "Mumbai OpenCity / BMC", "source_file": "Mumbai City UPHCs Map.kml", "source_id": "164", "verification_status": "source_verified" }, "geometry": { "type": "Point", "coordinates": [ 72.84, 19.11, 0.0 ] } },
{ "type": "Feature", "properties": { "facility_id": "HC_00412", "name": "Anand Nagar H.P.", "service_type": "uphc", "address": "Mhada Building No. 43, Near Oshiwara Police Station, Anand Nagar, Behram Baug Jogeshwari-West", "ward_code": "K/W", "longitude": 72.83, "latitude": 19.15, "source": "Mumbai OpenCity / BMC", "source_file": "Mumbai City UPHCs Map.kml", "source_id": "165", "verification_status": "source_verified" }, "geometry": { "type": "Point", "coordinates": [ 72.83, 19.15, 0.0 ] } },
{ "type": "Feature", "properties": { "facility_id": "HC_00413", "name": "Lokhandwala H.P.", "service_type": "uphc", "address": "Sardar Vallabhai Patel Nagar, Near Telephone Exchange, Char Bunglow, Andheri-West", "ward_code": "K/W", "longitude": 72.83, "latitude": 19.14, "source": "Mumbai OpenCity / BMC", "source_file": "Mumbai City UPHCs Map.kml", "source_id": "166", "verification_status": "source_verified" }, "geometry": { "type": "Point", "coordinates": [ 72.83, 19.14, 0.0 ] } },
{ "type": "Feature", "properties": { "facility_id": "HC_00414", "name": "Nehru Nagar H.P.", "service_type": "uphc", "address": "Opp. Mithibai College, Irla Road, Vileparle West", "ward_code": "K/W", "longitude": 72.84, "latitude": 19.1, "source": "Mumbai OpenCity / BMC", "source_file": "Mumbai City UPHCs Map.kml", "source_id": "167", "verification_status": "source_verified" }, "geometry": { "type": "Point", "coordinates": [ 72.84, 19.1, 0.0 ] } },
{ "type": "Feature", "properties": { "facility_id": "HC_00415", "name": "Bhardawadi H.P.", "service_type": "uphc", "address": "Bhardawadi Mat. Home Building, Gr. Floor, Dawood Baug Road, Andheri-West, Mumbai - 400058", "ward_code": "K/W", "longitude": 72.85, "latitude": 19.13, "source": "Mumbai OpenCity / BMC", "source_file": "Mumbai City UPHCs Map.kml", "source_id": "168", "verification_status": "source_verified" }, "geometry": { "type": "Point", "coordinates": [ 72.85, 19.13, 0.0 ] } },
{ "type": "Feature", "properties": { "facility_id": "HC_00416", "name": "Millat Nagar H.P.", "service_type": "uphc", "address": "Mhada Building No. 43, Near Oshiwara Police Station, Anand Nagar, Behram Baug Jogeshwari-West", "ward_code": "K/W", "longitude": 72.83, "latitude": 19.15, "source": "Mumbai OpenCity / BMC", "source_file": "Mumbai City UPHCs Map.kml", "source_id": "169", "verification_status": "source_verified" }, "geometry": { "type": "Point", "coordinates": [ 72.83, 19.15, 0.0 ] } },
{ "type": "Feature", "properties": { "facility_id": "HC_00417", "name": "Chincholi H.P.", "service_type": "uphc", "address": "Sq. Colony, Chincholi Phatak, Goregaon-East, Mumbai-400095", "ward_code": "P/S", "longitude": 72.84, "latitude": 19.17, "source": "Mumbai OpenCity / BMC", "source_file": "Mumbai City UPHCs Map.kml", "source_id": "170", "verification_status": "source_verified" }, "geometry": { "type": "Point", "coordinates": [ 72.84, 19.17, 0.0 ] } },
{ "type": "Feature", "properties": { "facility_id": "HC_00418", "name": "Pandurangwadi H.P.", "service_type": "uphc", "address": "Road No 4 Goregaon-East, Opp Sneha Building, Mumbai-400063", "ward_code": "P/S", "longitude": 72.85, "latitude": 19.17, "source": "Mumbai OpenCity / BMC", "source_file": "Mumbai City UPHCs Map.kml", "source_id": "171", "verification_status": "source_verified" }, "geometry": { "type": "Point", "coordinates": [ 72.85, 19.17, 0.0 ] } },
{ "type": "Feature", "properties": { "facility_id": "HC_00419", "name": "Teen Dongri H.P.", "service_type": "uphc", "address": "Mitha Nagar Mun. School, Teen Dongari Yashwant Nagar, Opp Apna Bazar, Goregaon-West", "ward_code": "P/S", "longitude": 72.85, "latitude": 19.17, "source": "Mumbai OpenCity / BMC", "source_file": "Mumbai City UPHCs Map.kml", "source_id": "172", "verification_status": "source_verified" }, "geometry": { "type": "Point", "coordinates": [ 72.85, 19.17, 0.0 ] } },
{ "type": "Feature", "properties": { "facility_id": "HC_00420", "name": "Motilal Nagar H.P.", "service_type": "uphc", "address": "Sidharth Nagr Hosp; Opp. Post Office, Goregaon West Mumbai", "ward_code": "P/S", "longitude": 72.8353, "latitude": 19.1654, "source": "Mumbai OpenCity / BMC", "source_file": "Mumbai City UPHCs Map.kml", "source_id": "173", "verification_status": "source_verified" }, "geometry": { "type": "Point", "coordinates": [ 72.8353, 19.1654, 0.0 ] } },
{ "type": "Feature", "properties": { "facility_id": "HC_00421", "name": "Pahadi HP", "service_type": "uphc", "address": "Topiwala Mun. Disp. Station Road Goregaon-West, Mumbai-400062", "ward_code": "PS", "longitude": 72.85, "latitude": 19.18, "source": "Mumbai OpenCity / BMC", "source_file": "Mumbai City UPHCs Map.kml", "source_id": "174", "verification_status": "source_verified" }, "geometry": { "type": "Point", "coordinates": [ 72.85, 19.18, 0.0 ] } },
{ "type": "Feature", "properties": { "facility_id": "HC_00422", "name": "Tank Lane H.P.", "service_type": "uphc", "address": "Datary Road, Play Ground, Malad East Mumbai-97", "ward_code": "P/N", "longitude": 72.86, "latitude": 19.19, "source": "Mumbai OpenCity / BMC", "source_file": "Mumbai City UPHCs Map.kml", "source_id": "175", "verification_status": "source_verified" }, "geometry": { "type": "Point", "coordinates": [ 72.86, 19.19, 0.0 ] } },
{ "type": "Feature", "properties": { "facility_id": "HC_00423", "name": "Appa Pada H.P.", "service_type": "uphc", "address": "Maharashtra Nagar, Appa Pada, Malad-East, Mumbai-97", "ward_code": "P/N", "longitude": 72.87, "latitude": 19.19, "source": "Mumbai OpenCity / BMC", "source_file": "Mumbai City UPHCs Map.kml", "source_id": "176", "verification_status": "source_verified" }, "geometry": { "type": "Point", "coordinates": [ 72.87, 19.19, 0.0 ] } },
{ "type": "Feature", "properties": { "facility_id": "HC_00424", "name": "Dindoshi Vasahat H.P.", "service_type": "uphc", "address": "Malad-West, Mumbai-400095", "ward_code": "P/N", "longitude": 72.84, "latitude": 19.16, "source": "Mumbai OpenCity / BMC", "source_file": "Mumbai City UPHCs Map.kml", "source_id": "177", "verification_status": "source_verified" }, "geometry": { "type": "Point", "coordinates": [ 72.84, 19.16, 0.0 ] } },
{ "type": "Feature", "properties": { "facility_id": "HC_00425", "name": "Charkop Sec-1A HP", "service_type": "uphc", "address": "Charkop Disp( 1000-1200 SqF)Charkop Kandivali-West", "ward_code": "RS", "longitude": 72.83, "latitude": 19.21, "source": "Mumbai OpenCity / BMC", "source_file": "Mumbai City UPHCs Map.kml", "source_id": "178", "verification_status": "source_verified" }, "geometry": { "type": "Point", "coordinates": [ 72.83, 19.21, 0.0 ] } },
{ "type": "Feature", "properties": { "facility_id": "HC_00426", "name": "Hanuman Nagar H.P.", "service_type": "uphc", "address": "Thakur Complex, Kandivali-West Mumbai", "ward_code": "R/S", "longitude": 72.87, "latitude": 19.21, "source": "Mumbai OpenCity / BMC", "source_file": "Mumbai City UPHCs Map.kml", "source_id": "179", "verification_status": "source_verified" }, "geometry": { "type": "Point", "coordinates": [ 72.87, 19.21, 0.0 ] } },
{ "type": "Feature", "properties": { "facility_id": "HC_00427", "name": "Centenary H.P.", "service_type": "uphc", "address": "Centenary Gen. Hosp, Kandivali West", "ward_code": "R/S", "longitude": 72.88, "latitude": 19.13, "source": "Mumbai OpenCity / BMC", "source_file": "Mumbai City UPHCs Map.kml", "source_id": "180", "verification_status": "source_verified" }, "geometry": { "type": "Point", "coordinates": [ 72.88, 19.13, 0.0 ] } },
{ "type": "Feature", "properties": { "facility_id": "HC_00428", "name": "Tata Power House H.P.", "service_type": "uphc", "address": "Near Tata Powe House, Besides Nagothane Bus Depot, Borivali-East", "ward_code": "R/C", "longitude": 72.87, "latitude": 19.22, "source": "Mumbai OpenCity / BMC", "source_file": "Mumbai City UPHCs Map.kml", "source_id": "181", "verification_status": "source_verified" }, "geometry": { "type": "Point", "coordinates": [ 72.87, 19.22, 0.0 ] } },
{ "type": "Feature", "properties": { "facility_id": "HC_00429", "name": "Eksar Village H.P.", "service_type": "uphc", "address": "Mun. School Disp; Eksar Road Near Fish Market, Tale Pakhadi, Borivali-West Mumbai-92", "ward_code": "R/C", "longitude": 72.85, "latitude": 19.24, "source": "Mumbai OpenCity / BMC", "source_file": "Mumbai City UPHCs Map.kml", "source_id": "182", "verification_status": "source_verified" }, "geometry": { "type": "Point", "coordinates": [ 72.85, 19.24, 0.0 ] } },
{ "type": "Feature", "properties": { "facility_id": "HC_00430", "name": "Borsapada H.P.", "service_type": "uphc", "address": "Saibaba Nagar Borivali-West", "ward_code": "R/C", "longitude": 72.84, "latitude": 19.21, "source": "Mumbai OpenCity / BMC", "source_file": "Mumbai City UPHCs Map.kml", "source_id": "183", "verification_status": "source_verified" }, "geometry": { "type": "Point", "coordinates": [ 72.84, 19.21, 0.0 ] } },
{ "type": "Feature", "properties": { "facility_id": "HC_00431", "name": "Rajendra Nagar H.P.", "service_type": "uphc", "address": "Rajendra Nagar, Borivali-East, Prathmesh Nagar", "ward_code": "R/C", "longitude": 72.86, "latitude": 19.22, "source": "Mumbai OpenCity / BMC", "source_file": "Mumbai City UPHCs Map.kml", "source_id": "184", "verification_status": "source_verified" }, "geometry": { "type": "Point", "coordinates": [ 72.86, 19.22, 0.0 ] } },
{ "type": "Feature", "properties": { "facility_id": "HC_00432", "name": "Baglipada H.P.", "service_type": "uphc", "address": "Anand Nagar, Dahisar-East, Mumbai-68", "ward_code": "R/N", "longitude": 72.86, "latitude": 19.26, "source": "Mumbai OpenCity / BMC", "source_file": "Mumbai City UPHCs Map.kml", "source_id": "185", "verification_status": "source_verified" }, "geometry": { "type": "Point", "coordinates": [ 72.86, 19.26, 0.0 ] } },
{ "type": "Feature", "properties": { "facility_id": "HC_00433", "name": "Dahisar Mun. Disp. H.P.", "service_type": "uphc", "address": "Ashokvan, Borivali-East", "ward_code": "R/N", "longitude": 72.8659, "latitude": 19.2446, "source": "Mumbai OpenCity / BMC", "source_file": "Mumbai City UPHCs Map.kml", "source_id": "186", "verification_status": "source_verified" }, "geometry": { "type": "Point", "coordinates": [ 72.8659, 19.2446, 0.0 ] } },
{ "type": "Feature", "properties": { "facility_id": "HC_00434", "name": "Koknipada H.P.", "service_type": "uphc", "address": "Dahisar - East", "ward_code": "R/N", "longitude": 72.87, "latitude": 19.25, "source": "Mumbai OpenCity / BMC", "source_file": "Mumbai City UPHCs Map.kml", "source_id": "187", "verification_status": "source_verified" }, "geometry": { "type": "Point", "coordinates": [ 72.87, 19.25, 0.0 ] } },
{ "type": "Feature", "properties": { "facility_id": "HC_00435", "name": "Kurla Bhabha Hosp HP", "service_type": "uphc", "address": "Wadia Road Near Kurla Station Kurla (W)", "ward_code": "L", "longitude": 72.88, "latitude": 19.07, "source": "Mumbai OpenCity / BMC", "source_file": "Mumbai City UPHCs Map.kml", "source_id": "188", "verification_status": "source_verified" }, "geometry": { "type": "Point", "coordinates": [ 72.88, 19.07, 0.0 ] } },
{ "type": "Feature", "properties": { "facility_id": "HC_00436", "name": "Tunga Village HP", "service_type": "uphc", "address": "Ashok Nagar D/5, Military Road, Andheri (W).", "ward_code": "L", "longitude": 72.89, "latitude": 19.12, "source": "Mumbai OpenCity / BMC", "source_file": "Mumbai City UPHCs Map.kml", "source_id": "189", "verification_status": "source_verified" }, "geometry": { "type": "Point", "coordinates": [ 72.89, 19.12, 0.0 ] } },
{ "type": "Feature", "properties": { "facility_id": "HC_00437", "name": "Amar Nagar HP", "service_type": "uphc", "address": "Navpada, Primier Road, Near Holy Cross Highschool, Kurla (W)", "ward_code": "L", "longitude": 72.89, "latitude": 19.08, "source": "Mumbai OpenCity / BMC", "source_file": "Mumbai City UPHCs Map.kml", "source_id": "190", "verification_status": "source_verified" }, "geometry": { "type": "Point", "coordinates": [ 72.89, 19.08, 0.0 ] } },
{ "type": "Feature", "properties": { "facility_id": "HC_00438", "name": "Match Factory HP", "service_type": "uphc", "address": "Peter Pareira Road, Alsham Hall, Near Kartika High school", "ward_code": "L", "longitude": 72.88, "latitude": 19.07, "source": "Mumbai OpenCity / BMC", "source_file": "Mumbai City UPHCs Map.kml", "source_id": "191", "verification_status": "source_verified" }, "geometry": { "type": "Point", "coordinates": [ 72.88, 19.07, 0.0 ] } },
{ "type": "Feature", "properties": { "facility_id": "HC_00439", "name": "Nimoni Baug HP", "service_type": "uphc", "address": "Gaikwad Nagar, Govandi", "ward_code": "M/E", "longitude": 72.91, "latitude": 19.06, "source": "Mumbai OpenCity / BMC", "source_file": "Mumbai City UPHCs Map.kml", "source_id": "192", "verification_status": "source_verified" }, "geometry": { "type": "Point", "coordinates": [ 72.91, 19.06, 0.0 ] } },
{ "type": "Feature", "properties": { "facility_id": "HC_00440", "name": "Mankhurd HP", "service_type": "uphc", "address": "Bldg.No.98, Mhada Colony, Mankhurd.", "ward_code": "M/E", "longitude": 72.93, "latitude": 19.05, "source": "Mumbai OpenCity / BMC", "source_file": "Mumbai City UPHCs Map.kml", "source_id": "193", "verification_status": "source_verified" }, "geometry": { "type": "Point", "coordinates": [ 72.93, 19.05, 0.0 ] } },
{ "type": "Feature", "properties": { "facility_id": "HC_00441", "name": "Centenary Hosp. HP", "service_type": "uphc", "address": "Near Dukes company, Govandi (E)", "ward_code": "M/E", "longitude": 72.91, "latitude": 19.05, "source": "Mumbai OpenCity / BMC", "source_file": "Mumbai City UPHCs Map.kml", "source_id": "194", "verification_status": "source_verified" }, "geometry": { "type": "Point", "coordinates": [ 72.91, 19.05, 0.0 ] } },
{ "type": "Feature", "properties": { "facility_id": "HC_00442", "name": "Baiganwadi HP", "service_type": "uphc", "address": "Near Ambedkar Maidan, Urdu BMC school No.2, Govandi.", "ward_code": "M/E", "longitude": 72.93, "latitude": 19.06, "source": "Mumbai OpenCity / BMC", "source_file": "Mumbai City UPHCs Map.kml", "source_id": "195", "verification_status": "source_verified" }, "geometry": { "type": "Point", "coordinates": [ 72.93, 19.06, 0.0 ] } },
{ "type": "Feature", "properties": { "facility_id": "HC_00443", "name": "Shivaji Nagar HP", "service_type": "uphc", "address": "UHC, Room No.4, Plot No.44. Govandi.", "ward_code": "M/E", "longitude": 72.95, "latitude": 19.04, "source": "Mumbai OpenCity / BMC", "source_file": "Mumbai City UPHCs Map.kml", "source_id": "196", "verification_status": "source_verified" }, "geometry": { "type": "Point", "coordinates": [ 72.95, 19.04, 0.0 ] } },
{ "type": "Feature", "properties": { "facility_id": "HC_00444", "name": "Lotus Colony HP", "service_type": "uphc", "address": "Lotus Colony Garden, Shivajinagar, Govandi", "ward_code": "M/E", "longitude": 72.92, "latitude": 19.06, "source": "Mumbai OpenCity / BMC", "source_file": "Mumbai City UPHCs Map.kml", "source_id": "197", "verification_status": "source_verified" }, "geometry": { "type": "Point", "coordinates": [ 72.92, 19.06, 0.0 ] } },
{ "type": "Feature", "properties": { "facility_id": "HC_00445", "name": "Tilak Nagar HP", "service_type": "uphc", "address": "Near BMC School, P.L. Lokhande Marg. Chembur.", "ward_code": "M/W", "longitude": 72.89, "latitude": 19.07, "source": "Mumbai OpenCity / BMC", "source_file": "Mumbai City UPHCs Map.kml", "source_id": "198", "verification_status": "source_verified" }, "geometry": { "type": "Point", "coordinates": [ 72.89, 19.07, 0.0 ] } },
{ "type": "Feature", "properties": { "facility_id": "HC_00446", "name": "Ghatla Village HP", "service_type": "uphc", "address": "Near Kukreja Tower, Opp. Centenary Hosp. Govandi", "ward_code": "M/W", "longitude": 72.91, "latitude": 19.05, "source": "Mumbai OpenCity / BMC", "source_file": "Mumbai City UPHCs Map.kml", "source_id": "199", "verification_status": "source_verified" }, "geometry": { "type": "Point", "coordinates": [ 72.91, 19.05, 0.0 ] } },
{ "type": "Feature", "properties": { "facility_id": "HC_00447", "name": "Subhash Nagar HP", "service_type": "uphc", "address": "Bhau Pradhan Maidan, Subhash Nagar Road, Chembur.", "ward_code": "M/W", "longitude": 72.91, "latitude": 19.06, "source": "Mumbai OpenCity / BMC", "source_file": "Mumbai City UPHCs Map.kml", "source_id": "200", "verification_status": "source_verified" }, "geometry": { "type": "Point", "coordinates": [ 72.91, 19.06, 0.0 ] } },
{ "type": "Feature", "properties": { "facility_id": "HC_00448", "name": "Barve Nagar HP", "service_type": "uphc", "address": "Sant Muktabai Hosp. Ghatkopar (W), Mumbai -84", "ward_code": "N", "longitude": 72.9, "latitude": 19.1, "source": "Mumbai OpenCity / BMC", "source_file": "Mumbai City UPHCs Map.kml", "source_id": "201", "verification_status": "source_verified" }, "geometry": { "type": "Point", "coordinates": [ 72.9, 19.1, 0.0 ] } },
{ "type": "Feature", "properties": { "facility_id": "HC_00449", "name": "Varsha Nagar HP", "service_type": "uphc", "address": "Ambedkar Nagar Mun.School, Vikhroli", "ward_code": "N", "longitude": 72.92, "latitude": 19.11, "source": "Mumbai OpenCity / BMC", "source_file": "Mumbai City UPHCs Map.kml", "source_id": "202", "verification_status": "source_verified" }, "geometry": { "type": "Point", "coordinates": [ 72.92, 19.11, 0.0 ] } },
{ "type": "Feature", "properties": { "facility_id": "HC_00450", "name": "Rajawadi Mun.School HP", "service_type": "uphc", "address": "Near R.L.Gandhi School, Vidyavihar (E)", "ward_code": "N", "longitude": 72.9, "latitude": 19.08, "source": "Mumbai OpenCity / BMC", "source_file": "Mumbai City UPHCs Map.kml", "source_id": "203", "verification_status": "source_verified" }, "geometry": { "type": "Point", "coordinates": [ 72.9, 19.08, 0.0 ] } },
{ "type": "Feature", "properties": { "facility_id": "HC_00451", "name": "Ganesh Nagar HP (Laxmi Nagar)", "service_type": "uphc", "address": "Laxmi Nagar, Ghatkopar (E)", "ward_code": "N", "longitude": 72.92, "latitude": 19.09, "source": "Mumbai OpenCity / BMC", "source_file": "Mumbai City UPHCs Map.kml", "source_id": "204", "verification_status": "source_verified" }, "geometry": { "type": "Point", "coordinates": [ 72.92, 19.09, 0.0 ] } },
{ "type": "Feature", "properties": { "facility_id": "HC_00452", "name": "Paspoli Village HP", "service_type": "uphc", "address": "Hiranandani, Powai", "ward_code": "S", "longitude": 72.91, "latitude": 19.12, "source": "Mumbai OpenCity / BMC", "source_file": "Mumbai City UPHCs Map.kml", "source_id": "205", "verification_status": "source_verified" }, "geometry": { "type": "Point", "coordinates": [ 72.91, 19.12, 0.0 ] } },
{ "type": "Feature", "properties": { "facility_id": "HC_00453", "name": "Kannamwar Nagar HP", "service_type": "uphc", "address": "Kannamwar Nagar No;2, Mahatma Phule Hosp.Vikhroli (E)", "ward_code": "S", "longitude": 72.94, "latitude": 19.12, "source": "Mumbai OpenCity / BMC", "source_file": "Mumbai City UPHCs Map.kml", "source_id": "206", "verification_status": "source_verified" }, "geometry": { "type": "Point", "coordinates": [ 72.94, 19.12, 0.0 ] } },
{ "type": "Feature", "properties": { "facility_id": "HC_00454", "name": "Tagore Nagar HP RCH2", "service_type": "uphc", "address": "Ambedkar Nagar Mat.Home, Tagore Nagar group No.7, Vikhroli (E)", "ward_code": "S", "longitude": 72.94, "latitude": 19.12, "source": "Mumbai OpenCity / BMC", "source_file": "Mumbai City UPHCs Map.kml", "source_id": "207", "verification_status": "source_verified" }, "geometry": { "type": "Point", "coordinates": [ 72.94, 19.12, 0.0 ] } },
{ "type": "Feature", "properties": { "facility_id": "HC_00455", "name": "Veer Savarkar HP", "service_type": "uphc", "address": "Mulund Gen.Hosp(E) , Near Deshmukh Garden, Mulund (E)", "ward_code": "T", "longitude": 72.96, "latitude": 19.17, "source": "Mumbai OpenCity / BMC", "source_file": "Mumbai City UPHCs Map.kml", "source_id": "208", "verification_status": "source_verified" }, "geometry": { "type": "Point", "coordinates": [ 72.96, 19.17, 0.0 ] } },
{ "type": "Feature", "properties": { "facility_id": "HC_00456", "name": "Nanepada HP", "service_type": "uphc", "address": "Sachin Society, Mithagar Road, Mulund (E)", "ward_code": "T", "longitude": 72.95, "latitude": 19.17, "source": "Mumbai OpenCity / BMC", "source_file": "Mumbai City UPHCs Map.kml", "source_id": "209", "verification_status": "source_verified" }, "geometry": { "type": "Point", "coordinates": [ 72.95, 19.17, 0.0 ] } },
{ "type": "Feature", "properties": { "facility_id": "HC_00457", "name": "Mulund Gen.Hosp HP", "service_type": "uphc", "address": "Opp.ESIS Hosp. LBS Road, Mulund (W)", "ward_code": "T", "longitude": 72.95, "latitude": 19.18, "source": "Mumbai OpenCity / BMC", "source_file": "Mumbai City UPHCs Map.kml", "source_id": "210", "verification_status": "source_verified" }, "geometry": { "type": "Point", "coordinates": [ 72.95, 19.18, 0.0 ] } },
{ "type": "Feature", "properties": { "facility_id": "HC_00458", "name": "DDU HP 2", "service_type": "uphc", "address": "Sachin Society, Mithagar Road, Mulund (E)", "ward_code": "T", "longitude": 72.95, "latitude": 19.17, "source": "Mumbai OpenCity / BMC", "source_file": "Mumbai City UPHCs Map.kml", "source_id": "211", "verification_status": "source_verified" }, "geometry": { "type": "Point", "coordinates": [ 72.95, 19.17, 0.0 ] } }
]
}
