{
  "type": "FeatureCollection",
  "features": [
    {
      "type": "Feature",
      "properties": {
        "police_location_id": "POLICE_001",
        "source_feature_id": "PS15053700121",
        "object_id": "1",
        "feature_id": "PS15053700121",
        "name": "Additional Commissioner of Police (P & S)",
        "subtype": "Station",
        "type_code": "1",
        "location": "Moghal Building, 25, Vaju Kotak Marg, Ballard Estate, Fort. Mumbai 400001",
        "ward_code_source": "A",
        "brd_line_no": "22611569",
        "remarks": "Kiran R. Shelar 9820097600 addlcpprotection@gmail.com",
        "working_hours": null,
        "year_construct": null,
        "no_of_floors": null,
        "no_of_rooms": null,
        "employee_quantity": null,
        "employee_male": null,
        "employee_female": null,
        "employee_disabled": null,
        "cctv_service": null,
        "fire_audit": null,
        "fire_extinguishing_system": null,
        "structural_audit": null,
        "ramp_disabled": null,
        "bathroom_facility": null,
        "water_tank_capacity": null,
        "created_date": "1.479825702e+12",
        "created_user": "DMMASTER",
        "last_edited_date": "1.566301157e+12",
        "last_edited_user": "DMMASTER",
        "edu_update_time": null,
        "edu_update_user": null,
        "source": "BMC/MCGM via OpenCity",
        "source_file": "mumbai_police_stations.kml",
        "verification_status": "SOURCE_KML",
        "coordinate_valid": true
      },
      "geometry": {
        "type": "Point",
        "coordinates": [
          72.8383152,
          18.9371169
        ]
      }
    },
    {
      "type": "Feature",
      "properties": {
        "police_location_id": "POLICE_002",
        "source_feature_id": "PS09000000001",
        "object_id": "2",
        "feature_id": "PS09000000001",
        "name": "Anti-Corruption Bureau",
        "subtype": "Office",
        "type_code": "1",
        "location": "6th Floor, Sir Pochkhanawala Rd, B Wing, Worli Police Camp, Worli, Mumbai, Maharashtra 400030",
        "ward_code_source": "G/S",
        "brd_line_no": "022 2492 1212",
        "remarks": null,
        "working_hours": null,
        "year_construct": null,
        "no_of_floors": null,
        "no_of_rooms": null,
        "employee_quantity": null,
        "employee_male": null,
        "employee_female": null,
        "employee_disabled": null,
        "cctv_service": null,
        "fire_audit": null,
        "fire_extinguishing_system": null,
        "structural_audit": null,
        "ramp_disabled": null,
        "bathroom_facility": null,
        "water_tank_capacity": null,
        "created_date": "1.56630134e+12",
        "created_user": "DMMASTER",
        "last_edited_date": "1.56630137e+12",
        "last_edited_user": "DMMASTER",
        "edu_update_time": null,
        "edu_update_user": null,
        "source": "BMC/MCGM via OpenCity",
        "source_file": "mumbai_police_stations.kml",
        "verification_status": "SOURCE_KML",
        "coordinate_valid": true
      },
      "geometry": {
        "type": "Point",
        "coordinates": [
          72.816253,
          19.006542
        ]
      }
    },
    {
      "type": "Feature",
      "properties": {
        "police_location_id": "POLICE_003",
        "source_feature_id": "PS05000000004",
        "object_id": "3",
        "feature_id": "PS05000000004",
        "name": "Addl Comm. Of Police central Region Office",
        "subtype": "Office",
        "type_code": "1",
        "location": "123, Tukaram Bhikaji Kadam Marg, Dhaku Prabhuchi Wadi, Byculla East, Mazgaon, Mumbai, Maharashtra 400027",
        "ward_code_source": "E",
        "brd_line_no": "23750909/23782636",
        "remarks": null,
        "working_hours": null,
        "year_construct": null,
        "no_of_floors": null,
        "no_of_rooms": null,
        "employee_quantity": null,
        "employee_male": null,
        "employee_female": null,
        "employee_disabled": null,
        "cctv_service": null,
        "fire_audit": null,
        "fire_extinguishing_system": null,
        "structural_audit": null,
        "ramp_disabled": null,
        "bathroom_facility": null,
        "water_tank_capacity": null,
        "created_date": "1.56630134e+12",
        "created_user": "DMMASTER",
        "last_edited_date": "1.5663014e+12",
        "last_edited_user": "DMMASTER",
        "edu_update_time": null,
        "edu_update_user": null,
        "source": "BMC/MCGM via OpenCity",
        "source_file": "mumbai_police_stations.kml",
        "verification_status": "SOURCE_KML",
        "coordinate_valid": true
      },
      "geometry": {
        "type": "Point",
        "coordinates": [
          72.835757,
          18.983707
        ]
      }
    },
    {
      "type": "Feature",
      "properties": {
        "police_location_id": "POLICE_004",
        "source_feature_id": "PS07000000003",
        "object_id": "4",
        "feature_id": "PS07000000003",
        "name": "Armed Police Headquarters",
        "subtype": "Office",
        "type_code": "1",
        "location": "67-C/8, Parel Bhoiwada St, Police Colony, Naigaon, Mumbai, Maharashtra 400014",
        "ward_code_source": "F/S",
        "brd_line_no": "24146066",
        "remarks": null,
        "working_hours": null,
        "year_construct": null,
        "no_of_floors": null,
        "no_of_rooms": null,
        "employee_quantity": null,
        "employee_male": null,
        "employee_female": null,
        "employee_disabled": null,
        "cctv_service": null,
        "fire_audit": null,
        "fire_extinguishing_system": null,
        "structural_audit": null,
        "ramp_disabled": null,
        "bathroom_facility": null,
        "water_tank_capacity": null,
        "created_date": "1.56630134e+12",
        "created_user": "DMMASTER",
        "last_edited_date": "1.56630141e+12",
        "last_edited_user": "DMMASTER",
        "edu_update_time": null,
        "edu_update_user": null,
        "source": "BMC/MCGM via OpenCity",
        "source_file": "mumbai_police_stations.kml",
        "verification_status": "SOURCE_KML",
        "coordinate_valid": true
      },
      "geometry": {
        "type": "Point",
        "coordinates": [
          72.846027,
          19.007634
        ]
      }
    },
    {
      "type": "Feature",
      "properties": {
        "police_location_id": "POLICE_005",
        "source_feature_id": "PS05000000005",
        "object_id": "5",
        "feature_id": "PS05000000005",
        "name": "Police M.T.Section",
        "subtype": "Office",
        "type_code": "1",
        "location": "Sofia Zubair Road, Police Colony, New Nagpada, Mazgaon, Mumbai, Maharashtra 400008",
        "ward_code_source": "E",
        "brd_line_no": "22611569",
        "remarks": null,
        "working_hours": null,
        "year_construct": null,
        "no_of_floors": null,
        "no_of_rooms": null,
        "employee_quantity": null,
        "employee_male": null,
        "employee_female": null,
        "employee_disabled": null,
        "cctv_service": null,
        "fire_audit": null,
        "fire_extinguishing_system": null,
        "structural_audit": null,
        "ramp_disabled": null,
        "bathroom_facility": null,
        "water_tank_capacity": null,
        "created_date": "1.56630134e+12",
        "created_user": "DMMASTER",
        "last_edited_date": "1.566301422e+12",
        "last_edited_user": "DMMASTER",
        "edu_update_time": null,
        "edu_update_user": null,
        "source": "BMC/MCGM via OpenCity",
        "source_file": "mumbai_police_stations.kml",
        "verification_status": "SOURCE_KML",
        "coordinate_valid": true
      },
      "geometry": {
        "type": "Point",
        "coordinates": [
          72.831568,
          18.96718
        ]
      }
    },
    {
      "type": "Feature",
      "properties": {
        "police_location_id": "POLICE_006",
        "source_feature_id": "PS14068000115",
        "object_id": "6",
        "feature_id": "PS14068000115",
        "name": "Azad Maidan Police Station",
        "subtype": "Station",
        "type_code": "1",
        "location": "Esplaned Bldg., Gr. Floor, Mahapalika Marg, Near BMC Head Office, Mumbai - 400001.",
        "ward_code_source": "A",
        "brd_line_no": "22678115",
        "remarks": "Narendra Chandrapal Singh  9870492996 azadmaidanpolicestation@mtnl.net.in",
        "working_hours": null,
        "year_construct": null,
        "no_of_floors": null,
        "no_of_rooms": null,
        "employee_quantity": null,
        "employee_male": null,
        "employee_female": null,
        "employee_disabled": null,
        "cctv_service": null,
        "fire_audit": null,
        "fire_extinguishing_system": null,
        "structural_audit": null,
        "ramp_disabled": null,
        "bathroom_facility": null,
        "water_tank_capacity": null,
        "created_date": "1.479825702e+12",
        "created_user": "DMMASTER",
        "last_edited_date": "1.566295637e+12",
        "last_edited_user": "DMMASTER",
        "edu_update_time": null,
        "edu_update_user": null,
        "source": "BMC/MCGM via OpenCity",
        "source_file": "mumbai_police_stations.kml",
        "verification_status": "SOURCE_KML",
        "coordinate_valid": true
      },
      "geometry": {
        "type": "Point",
        "coordinates": [
          72.8332066,
          18.9414839
        ]
      }
    },
    {
      "type": "Feature",
      "properties": {
        "police_location_id": "POLICE_007",
        "source_feature_id": "PS14069600114",
        "object_id": "7",
        "feature_id": "PS14069600114",
        "name": "M R A Police Satation",
        "subtype": "Station",
        "type_code": "1",
        "location": "Mata Ramabai Ambedkar Marg, Near Haj House, Mumbai - 400001.",
        "ward_code_source": "A",
        "brd_line_no": "22611939",
        "remarks": "Sukhlal Varpe 9821055525 mrapolicestation@mtnl.net.in",
        "working_hours": null,
        "year_construct": null,
        "no_of_floors": null,
        "no_of_rooms": null,
        "employee_quantity": null,
        "employee_male": null,
        "employee_female": null,
        "employee_disabled": null,
        "cctv_service": null,
        "fire_audit": null,
        "fire_extinguishing_system": null,
        "structural_audit": null,
        "ramp_disabled": null,
        "bathroom_facility": null,
        "water_tank_capacity": null,
        "created_date": "1.479825702e+12",
        "created_user": "DMMASTER",
        "last_edited_date": "1.566298499e+12",
        "last_edited_user": "DMMASTER",
        "edu_update_time": null,
        "edu_update_user": null,
        "source": "BMC/MCGM via OpenCity",
        "source_file": "mumbai_police_stations.kml",
        "verification_status": "SOURCE_KML",
        "coordinate_valid": true
      },
      "geometry": {
        "type": "Point",
        "coordinates": [
          72.835234,
          18.945923
        ]
      }
    },
    {
      "type": "Feature",
      "properties": {
        "police_location_id": "POLICE_008",
        "source_feature_id": "PS14045000117",
        "object_id": "8",
        "feature_id": "PS14045000117",
        "name": "Colaba Police Station",
        "subtype": "Station",
        "type_code": "1",
        "location": "Near Electric House, Shahid Bhagat Singh Road,Colaba, Mumbai-400005.",
        "ward_code_source": "A",
        "brd_line_no": "22043702",
        "remarks": "Vinay V.Gadgil 9821965050 colabapolicestation@mtnl.net.in",
        "working_hours": null,
        "year_construct": null,
        "no_of_floors": null,
        "no_of_rooms": null,
        "employee_quantity": null,
        "employee_male": null,
        "employee_female": null,
        "employee_disabled": null,
        "cctv_service": null,
        "fire_audit": null,
        "fire_extinguishing_system": null,
        "structural_audit": null,
        "ramp_disabled": null,
        "bathroom_facility": null,
        "water_tank_capacity": null,
        "created_date": "1.479825702e+12",
        "created_user": "DMMASTER",
        "last_edited_date": "1.56629676e+12",
        "last_edited_user": "DMMASTER",
        "edu_update_time": null,
        "edu_update_user": null,
        "source": "BMC/MCGM via OpenCity",
        "source_file": "mumbai_police_stations.kml",
        "verification_status": "SOURCE_KML",
        "coordinate_valid": true
      },
      "geometry": {
        "type": "Point",
        "coordinates": [
          72.831078,
          18.922388
        ]
      }
    },
    {
      "type": "Feature",
      "properties": {
        "police_location_id": "POLICE_009",
        "source_feature_id": "PS16197900155",
        "object_id": "9",
        "feature_id": "PS16197900155",
        "name": "Cyber Police Station",
        "subtype": "Station",
        "type_code": "1",
        "location": "Bandra Kurla Complex, Opp. ICICI Bank, BKC Road, Bandra (East), Mumbai 400051,",
        "ward_code_source": "H/E",
        "brd_line_no": "26504008",
        "remarks": "Sudhir Manohar Mahadik 9870459523 cyberpst-mum@mahapolice.gov.in",
        "working_hours": null,
        "year_construct": null,
        "no_of_floors": null,
        "no_of_rooms": null,
        "employee_quantity": null,
        "employee_male": null,
        "employee_female": null,
        "employee_disabled": null,
        "cctv_service": null,
        "fire_audit": null,
        "fire_extinguishing_system": null,
        "structural_audit": null,
        "ramp_disabled": null,
        "bathroom_facility": null,
        "water_tank_capacity": null,
        "created_date": "1.479825702e+12",
        "created_user": "DMMASTER",
        "last_edited_date": "1.566308595e+12",
        "last_edited_user": "DMMASTER",
        "edu_update_time": null,
        "edu_update_user": null,
        "source": "BMC/MCGM via OpenCity",
        "source_file": "mumbai_police_stations.kml",
        "verification_status": "SOURCE_KML",
        "coordinate_valid": true
      },
      "geometry": {
        "type": "Point",
        "coordinates": [
          72.860325,
          19.064436
        ]
      }
    },
    {
      "type": "Feature",
      "properties": {
        "police_location_id": "POLICE_010",
        "source_feature_id": "PS06000000006",
        "object_id": "10",
        "feature_id": "PS06000000006",
        "name": "Centre Investgestion Branch",
        "subtype": "Office",
        "type_code": "1",
        "location": "Madhukarrao Ambedkar Road, Opposite Of Antop Hill Hospita, Antop Hill, Mumbai, 400037",
        "ward_code_source": "F/N",
        "brd_line_no": "2224035158",
        "remarks": null,
        "working_hours": null,
        "year_construct": null,
        "no_of_floors": null,
        "no_of_rooms": null,
        "employee_quantity": null,
        "employee_male": null,
        "employee_female": null,
        "employee_disabled": null,
        "cctv_service": null,
        "fire_audit": null,
        "fire_extinguishing_system": null,
        "structural_audit": null,
        "ramp_disabled": null,
        "bathroom_facility": null,
        "water_tank_capacity": null,
        "created_date": "1.566133039e+12",
        "created_user": "DMMASTER",
        "last_edited_date": "1.566308493e+12",
        "last_edited_user": "DMMASTER",
        "edu_update_time": null,
        "edu_update_user": null,
        "source": "BMC/MCGM via OpenCity",
        "source_file": "mumbai_police_stations.kml",
        "verification_status": "SOURCE_KML",
        "coordinate_valid": true
      },
      "geometry": {
        "type": "Point",
        "coordinates": [
          72.8663144,
          19.0337252
        ]
      }
    },
    {
      "type": "Feature",
      "properties": {
        "police_location_id": "POLICE_011",
        "source_feature_id": "PS06000000001",
        "object_id": "11",
        "feature_id": "PS06000000001",
        "name": "State Inteligence Department Mumbai",
        "subtype": "Office",
        "type_code": "1",
        "location": "Lokmaya Tilak Coloney Road, In Front of Laxumi Krupa CHS Near Light Pol No LNR 61-5 Near Dadar Station, Dadar East, Mumbai, 400014",
        "ward_code_source": "F/N",
        "brd_line_no": null,
        "remarks": null,
        "working_hours": null,
        "year_construct": null,
        "no_of_floors": null,
        "no_of_rooms": null,
        "employee_quantity": null,
        "employee_male": null,
        "employee_female": null,
        "employee_disabled": null,
        "cctv_service": null,
        "fire_audit": null,
        "fire_extinguishing_system": null,
        "structural_audit": null,
        "ramp_disabled": null,
        "bathroom_facility": null,
        "water_tank_capacity": null,
        "created_date": "1.566133069e+12",
        "created_user": "DMMASTER",
        "last_edited_date": "1.566308576e+12",
        "last_edited_user": "DMMASTER",
        "edu_update_time": null,
        "edu_update_user": null,
        "source": "BMC/MCGM via OpenCity",
        "source_file": "mumbai_police_stations.kml",
        "verification_status": "SOURCE_KML",
        "coordinate_valid": true
      },
      "geometry": {
        "type": "Point",
        "coordinates": [
          72.8459614,
          19.0180835
        ]
      }
    },
    {
      "type": "Feature",
      "properties": {
        "police_location_id": "POLICE_012",
        "source_feature_id": "PS15204700045",
        "object_id": "12",
        "feature_id": "PS15204700045",
        "name": "Khar Police Station",
        "subtype": "Station",
        "type_code": "1",
        "location": "Khar Police Station, Swami Vivekanand Rd., Ram Krishna Nagar, Khar West, Mumbai 400052.",
        "ward_code_source": "H/W",
        "brd_line_no": "26000450",
        "remarks": "Dattatray Pandurang Bhargude   9870269197 kharpolicestation@mtnl.net.in",
        "working_hours": null,
        "year_construct": null,
        "no_of_floors": null,
        "no_of_rooms": null,
        "employee_quantity": null,
        "employee_male": null,
        "employee_female": null,
        "employee_disabled": null,
        "cctv_service": null,
        "fire_audit": null,
        "fire_extinguishing_system": null,
        "structural_audit": null,
        "ramp_disabled": null,
        "bathroom_facility": null,
        "water_tank_capacity": null,
        "created_date": "1.479825702e+12",
        "created_user": "DMMASTER",
        "last_edited_date": "1.566308456e+12",
        "last_edited_user": "DMMASTER",
        "edu_update_time": null,
        "edu_update_user": null,
        "source": "BMC/MCGM via OpenCity",
        "source_file": "mumbai_police_stations.kml",
        "verification_status": "SOURCE_KML",
        "coordinate_valid": true
      },
      "geometry": {
        "type": "Point",
        "coordinates": [
          72.8378859,
          19.0726959
        ]
      }
    },
    {
      "type": "Feature",
      "properties": {
        "police_location_id": "POLICE_013",
        "source_feature_id": "PS13078800131",
        "object_id": "13",
        "feature_id": "PS13078800131",
        "name": "Tardeo Police Station",
        "subtype": "Station",
        "type_code": "1",
        "location": "Tardeo Officer Quarter B No.1 Gr. Fl., M.P.Mill, Compound, Tardeo, Mumbai-400034. Nagesh Sambhaji Jadhav 9967837888 tardeopolicestation@mtnl.net.in",
        "ward_code_source": null,
        "brd_line_no": "23534114",
        "remarks": null,
        "working_hours": null,
        "year_construct": null,
        "no_of_floors": null,
        "no_of_rooms": null,
        "employee_quantity": null,
        "employee_male": null,
        "employee_female": null,
        "employee_disabled": null,
        "cctv_service": null,
        "fire_audit": null,
        "fire_extinguishing_system": null,
        "structural_audit": null,
        "ramp_disabled": null,
        "bathroom_facility": null,
        "water_tank_capacity": null,
        "created_date": "1.648095438e+12",
        "created_user": "DMMASTER@PRSRVGISDB.MUMBASE.MCGM.GOV.IN",
        "last_edited_date": "1.648184608e+12",
        "last_edited_user": "DMMASTER@PRSRVGISDB.MUMBASE.MCGM.GOV.IN",
        "edu_update_time": null,
        "edu_update_user": null,
        "source": "BMC/MCGM via OpenCity",
        "source_file": "mumbai_police_stations.kml",
        "verification_status": "SOURCE_KML",
        "coordinate_valid": true
      },
      "geometry": {
        "type": "Point",
        "coordinates": [
          72.8184715,
          18.9716976
        ]
      }
    },
    {
      "type": "Feature",
      "properties": {
        "police_location_id": "POLICE_015",
        "source_feature_id": "PS10000010641",
        "object_id": "15",
        "feature_id": "PS10000010641",
        "name": "D N Nagar Police Station",
        "subtype": "Station",
        "type_code": "1",
        "location": "New Link Road, Shiv Nagar, D N Nagar, Andheri (W) Mumbai 400058.",
        "ward_code_source": "K/W",
        "brd_line_no": "26304002, 9011097248",
        "remarks": null,
        "working_hours": null,
        "year_construct": null,
        "no_of_floors": null,
        "no_of_rooms": null,
        "employee_quantity": null,
        "employee_male": null,
        "employee_female": null,
        "employee_disabled": null,
        "cctv_service": null,
        "fire_audit": null,
        "fire_extinguishing_system": null,
        "structural_audit": null,
        "ramp_disabled": null,
        "bathroom_facility": null,
        "water_tank_capacity": null,
        "created_date": "1.479825702e+12",
        "created_user": "DMMASTER",
        "last_edited_date": "1.64853332e+12",
        "last_edited_user": "DMMASTER@PRSRVGISDB.MUMBASE.MCGM.GOV.IN",
        "edu_update_time": null,
        "edu_update_user": null,
        "source": "BMC/MCGM via OpenCity",
        "source_file": "mumbai_police_stations.kml",
        "verification_status": "SOURCE_KML",
        "coordinate_valid": true
      },
      "geometry": {
        "type": "Point",
        "coordinates": [
          72.8297873,
          19.1221937
        ]
      }
    },
    {
      "type": "Feature",
      "properties": {
        "police_location_id": "POLICE_016",
        "source_feature_id": "PS17272800048",
        "object_id": "16",
        "feature_id": "PS17272800048",
        "name": "Jogeshwari Police Station",
        "subtype": "Station",
        "type_code": "1",
        "location": "Swami compound, Caves Road, Jogeshwari (East), Mumbai - 400060.",
        "ward_code_source": "K/E",
        "brd_line_no": "28210763",
        "remarks": "Pradeep Baburao Kale  9870458236 jogeshwaripolicestation@mtnl.net.in",
        "working_hours": null,
        "year_construct": null,
        "no_of_floors": null,
        "no_of_rooms": null,
        "employee_quantity": null,
        "employee_male": null,
        "employee_female": null,
        "employee_disabled": null,
        "cctv_service": null,
        "fire_audit": null,
        "fire_extinguishing_system": null,
        "structural_audit": null,
        "ramp_disabled": null,
        "bathroom_facility": null,
        "water_tank_capacity": null,
        "created_date": "1.479825702e+12",
        "created_user": "DMMASTER",
        "last_edited_date": "1.566308601e+12",
        "last_edited_user": "DMMASTER",
        "edu_update_time": null,
        "edu_update_user": null,
        "source": "BMC/MCGM via OpenCity",
        "source_file": "mumbai_police_stations.kml",
        "verification_status": "SOURCE_KML",
        "coordinate_valid": true
      },
      "geometry": {
        "type": "Point",
        "coordinates": [
          72.8544366,
          19.1377406
        ]
      }
    },
    {
      "type": "Feature",
      "properties": {
        "police_location_id": "POLICE_017",
        "source_feature_id": "PS18238600049",
        "object_id": "17",
        "feature_id": "PS18238600049",
        "name": "Sahar Police Station",
        "subtype": "Station",
        "type_code": "1",
        "location": "Sahar Indian Olil Road, Opp. Hotel Hayyat Regency, Sahar Airport Road, Andheri (E), Mumbai - 400099.",
        "ward_code_source": "K/E",
        "brd_line_no": "28258783",
        "remarks": "Prashant Kashinath Marde 9870175255 saharpolicestation@mtnl.net.in",
        "working_hours": null,
        "year_construct": null,
        "no_of_floors": null,
        "no_of_rooms": null,
        "employee_quantity": null,
        "employee_male": null,
        "employee_female": null,
        "employee_disabled": null,
        "cctv_service": null,
        "fire_audit": null,
        "fire_extinguishing_system": null,
        "structural_audit": null,
        "ramp_disabled": null,
        "bathroom_facility": null,
        "water_tank_capacity": null,
        "created_date": "1.479825702e+12",
        "created_user": "DMMASTER",
        "last_edited_date": "1.566308532e+12",
        "last_edited_user": "DMMASTER",
        "edu_update_time": null,
        "edu_update_user": null,
        "source": "BMC/MCGM via OpenCity",
        "source_file": "mumbai_police_stations.kml",
        "verification_status": "SOURCE_KML",
        "coordinate_valid": true
      },
      "geometry": {
        "type": "Point",
        "coordinates": [
          72.870195,
          19.0999268
        ]
      }
    },
    {
      "type": "Feature",
      "properties": {
        "police_location_id": "POLICE_018",
        "source_feature_id": "PS19163200011",
        "object_id": "18",
        "feature_id": "PS19163200011",
        "name": "Wadala T.T. Police Station",
        "subtype": "Station",
        "type_code": "1",
        "location": "Wadala Truck Treminal, MMRDA Compound, Near R.T.O. Office, Wadala (E), Mumbai- 400037.",
        "ward_code_source": "F/N",
        "brd_line_no": "24036645",
        "remarks": "Suhas Sampatrao Garud 9850810681 wttpolicestation@mtnl.net.in",
        "working_hours": null,
        "year_construct": null,
        "no_of_floors": null,
        "no_of_rooms": null,
        "employee_quantity": null,
        "employee_male": null,
        "employee_female": null,
        "employee_disabled": null,
        "cctv_service": null,
        "fire_audit": null,
        "fire_extinguishing_system": null,
        "structural_audit": null,
        "ramp_disabled": null,
        "bathroom_facility": null,
        "water_tank_capacity": null,
        "created_date": "1.479825702e+12",
        "created_user": "DMMASTER",
        "last_edited_date": "1.566308469e+12",
        "last_edited_user": "DMMASTER",
        "edu_update_time": "1.4457312e+12",
        "edu_update_user": "Ajit N Deshmukh",
        "source": "BMC/MCGM via OpenCity",
        "source_file": "mumbai_police_stations.kml",
        "verification_status": "SOURCE_KML",
        "coordinate_valid": true
      },
      "geometry": {
        "type": "Point",
        "coordinates": [
          72.875038,
          19.033083
        ]
      }
    },
    {
      "type": "Feature",
      "properties": {
        "police_location_id": "POLICE_019",
        "source_feature_id": "PS15139300020",
        "object_id": "19",
        "feature_id": "PS15139300020",
        "name": "Bhoiwada Police Station",
        "subtype": "Station",
        "type_code": "1",
        "location": "Bhoiwada, Opp. Sadakant Dhavan Khashaba Jadhav Marg, Parel, Mumbai-14.",
        "ward_code_source": "F/S",
        "brd_line_no": "24144220",
        "remarks": "Shirish Sawant  9870492753 bhoiwadapolicestn@mtnl.net.in",
        "working_hours": null,
        "year_construct": null,
        "no_of_floors": null,
        "no_of_rooms": null,
        "employee_quantity": null,
        "employee_male": null,
        "employee_female": null,
        "employee_disabled": null,
        "cctv_service": null,
        "fire_audit": null,
        "fire_extinguishing_system": null,
        "structural_audit": null,
        "ramp_disabled": null,
        "bathroom_facility": null,
        "water_tank_capacity": null,
        "created_date": "1.479825702e+12",
        "created_user": "DMMASTER",
        "last_edited_date": "1.566308542e+12",
        "last_edited_user": "DMMASTER",
        "edu_update_time": "1.4457312e+12",
        "edu_update_user": "Ajit N Deshmukh",
        "source": "BMC/MCGM via OpenCity",
        "source_file": "mumbai_police_stations.kml",
        "verification_status": "SOURCE_KML",
        "coordinate_valid": true
      },
      "geometry": {
        "type": "Point",
        "coordinates": [
          72.8439134,
          19.0066914
        ]
      }
    },
    {
      "type": "Feature",
      "properties": {
        "police_location_id": "POLICE_020",
        "source_feature_id": "PS16126500022",
        "object_id": "20",
        "feature_id": "PS16126500022",
        "name": "Rafi Ahmed Kidwai Marg Police Station",
        "subtype": "Station",
        "type_code": "1",
        "location": "Kidwai Nagar, Wadala, Mumbai - 400031.",
        "ward_code_source": "F/S",
        "brd_line_no": "24185618",
        "remarks": "Arun Vithhal Inarkar   9870150140  rakmargpolicestation@mtnl.net.in",
        "working_hours": null,
        "year_construct": null,
        "no_of_floors": null,
        "no_of_rooms": null,
        "employee_quantity": null,
        "employee_male": null,
        "employee_female": null,
        "employee_disabled": null,
        "cctv_service": null,
        "fire_audit": null,
        "fire_extinguishing_system": null,
        "structural_audit": null,
        "ramp_disabled": null,
        "bathroom_facility": null,
        "water_tank_capacity": null,
        "created_date": "1.479825702e+12",
        "created_user": "DMMASTER",
        "last_edited_date": "1.566308475e+12",
        "last_edited_user": "DMMASTER",
        "edu_update_time": "1.4457312e+12",
        "edu_update_user": "Ajit N Deshmukh",
        "source": "BMC/MCGM via OpenCity",
        "source_file": "mumbai_police_stations.kml",
        "verification_status": "SOURCE_KML",
        "coordinate_valid": true
      },
      "geometry": {
        "type": "Point",
        "coordinates": [
          72.8543443,
          19.0047509
        ]
      }
    },
    {
      "type": "Feature",
      "properties": {
        "police_location_id": "POLICE_024",
        "source_feature_id": "PS16109600001",
        "object_id": "24",
        "feature_id": "PS16109600001",
        "name": "Sewree Police Station",
        "subtype": "Station",
        "type_code": "1",
        "location": "Ray Road, Darukhana, Sewree, Mumbai-400010.",
        "ward_code_source": "F/S",
        "brd_line_no": "23716139",
        "remarks": "Sr. PI - Shri. Bharat Gaijwad, Mobile No.- 8097007662 sewripolicestation@mtnl.net.in",
        "working_hours": null,
        "year_construct": null,
        "no_of_floors": null,
        "no_of_rooms": null,
        "employee_quantity": null,
        "employee_male": null,
        "employee_female": null,
        "employee_disabled": null,
        "cctv_service": null,
        "fire_audit": null,
        "fire_extinguishing_system": null,
        "structural_audit": null,
        "ramp_disabled": null,
        "bathroom_facility": null,
        "water_tank_capacity": null,
        "created_date": "1.479825702e+12",
        "created_user": "DMMASTER",
        "last_edited_date": "1.566308537e+12",
        "last_edited_user": "DMMASTER",
        "edu_update_time": "1.4457312e+12",
        "edu_update_user": "Ajit N Deshmukh",
        "source": "BMC/MCGM via OpenCity",
        "source_file": "mumbai_police_stations.kml",
        "verification_status": "SOURCE_KML",
        "coordinate_valid": true
      },
      "geometry": {
        "type": "Point",
        "coordinates": [
          72.849051,
          18.978244
        ]
      }
    },
    {
      "type": "Feature",
      "properties": {
        "police_location_id": "POLICE_025",
        "source_feature_id": "PS23237900074",
        "object_id": "25",
        "feature_id": "PS23237900074",
        "name": "Police Station-2323790001073",
        "subtype": "Station",
        "type_code": "1",
        "location": null,
        "ward_code_source": "N",
        "brd_line_no": null,
        "remarks": null,
        "working_hours": null,
        "year_construct": null,
        "no_of_floors": null,
        "no_of_rooms": null,
        "employee_quantity": null,
        "employee_male": null,
        "employee_female": null,
        "employee_disabled": null,
        "cctv_service": null,
        "fire_audit": null,
        "fire_extinguishing_system": null,
        "structural_audit": null,
        "ramp_disabled": null,
        "bathroom_facility": null,
        "water_tank_capacity": null,
        "created_date": "1.479825702e+12",
        "created_user": "DMMASTER",
        "last_edited_date": "1.598154646e+12",
        "last_edited_user": "DMMASTER",
        "edu_update_time": null,
        "edu_update_user": null,
        "source": "BMC/MCGM via OpenCity",
        "source_file": "mumbai_police_stations.kml",
        "verification_status": "SOURCE_KML",
        "coordinate_valid": true
      },
      "geometry": {
        "type": "Point",
        "coordinates": [
          72.915932,
          19.103022
        ]
      }
    },
    {
      "type": "Feature",
      "properties": {
        "police_location_id": "POLICE_027",
        "source_feature_id": "PS14100500005",
        "object_id": "27",
        "feature_id": "PS14100500005",
        "name": "Police Station-1410050000289",
        "subtype": "Station",
        "type_code": "1",
        "location": null,
        "ward_code_source": "E",
        "brd_line_no": null,
        "remarks": null,
        "working_hours": null,
        "year_construct": null,
        "no_of_floors": null,
        "no_of_rooms": null,
        "employee_quantity": null,
        "employee_male": null,
        "employee_female": null,
        "employee_disabled": null,
        "cctv_service": null,
        "fire_audit": null,
        "fire_extinguishing_system": null,
        "structural_audit": null,
        "ramp_disabled": null,
        "bathroom_facility": null,
        "water_tank_capacity": null,
        "created_date": "1.479825702e+12",
        "created_user": "DMMASTER",
        "last_edited_date": "1.59815423e+12",
        "last_edited_user": "DMMASTER",
        "edu_update_time": null,
        "edu_update_user": null,
        "source": "BMC/MCGM via OpenCity",
        "source_file": "mumbai_police_stations.kml",
        "verification_status": "SOURCE_KML",
        "coordinate_valid": true
      },
      "geometry": {
        "type": "Point",
        "coordinates": [
          72.826149,
          18.980703
        ]
      }
    },
    {
      "type": "Feature",
      "properties": {
        "police_location_id": "POLICE_028",
        "source_feature_id": "PS25259600077",
        "object_id": "28",
        "feature_id": "PS25259600077",
        "name": "Vikhroli Police Station",
        "subtype": "Station",
        "type_code": "1",
        "location": "Kannamwar Nagar 2, Near Vikas College, Vikhroli (E), Mumbai-83. Dinesh Manikrao Desai 9594059444  vikhrolipstn@gmail.com",
        "ward_code_source": "S",
        "brd_line_no": "25789366",
        "remarks": null,
        "working_hours": null,
        "year_construct": null,
        "no_of_floors": null,
        "no_of_rooms": null,
        "employee_quantity": null,
        "employee_male": null,
        "employee_female": null,
        "employee_disabled": null,
        "cctv_service": null,
        "fire_audit": null,
        "fire_extinguishing_system": null,
        "structural_audit": null,
        "ramp_disabled": null,
        "bathroom_facility": null,
        "water_tank_capacity": null,
        "created_date": "1.479825702e+12",
        "created_user": "DMMASTER",
        "last_edited_date": "1.598154666e+12",
        "last_edited_user": "DMMASTER",
        "edu_update_time": null,
        "edu_update_user": null,
        "source": "BMC/MCGM via OpenCity",
        "source_file": "mumbai_police_stations.kml",
        "verification_status": "SOURCE_KML",
        "coordinate_valid": true
      },
      "geometry": {
        "type": "Point",
        "coordinates": [
          72.9374089,
          19.1187619
        ]
      }
    },
    {
      "type": "Feature",
      "properties": {
        "police_location_id": "POLICE_029",
        "source_feature_id": "PS16321900078",
        "object_id": "29",
        "feature_id": "PS16321900078",
        "name": "Malad Police Station",
        "subtype": "Station",
        "type_code": "1",
        "location": "Malad Police Station, Somvar Bazar, Underai Road, Malad (west), Near S V Road, Mumbai - 400064.  Shashank Sandbhor   9870157955 maladpolicestation@mtnl.net.in",
        "ward_code_source": "P/N",
        "brd_line_no": "28821482",
        "remarks": "Re- Locate",
        "working_hours": null,
        "year_construct": null,
        "no_of_floors": null,
        "no_of_rooms": null,
        "employee_quantity": null,
        "employee_male": null,
        "employee_female": null,
        "employee_disabled": null,
        "cctv_service": null,
        "fire_audit": null,
        "fire_extinguishing_system": null,
        "structural_audit": null,
        "ramp_disabled": null,
        "bathroom_facility": null,
        "water_tank_capacity": null,
        "created_date": "1.479825702e+12",
        "created_user": "DMMASTER",
        "last_edited_date": "1.598154673e+12",
        "last_edited_user": "DMMASTER",
        "edu_update_time": null,
        "edu_update_user": null,
        "source": "BMC/MCGM via OpenCity",
        "source_file": "mumbai_police_stations.kml",
        "verification_status": "SOURCE_KML",
        "coordinate_valid": true
      },
      "geometry": {
        "type": "Point",
        "coordinates": [
          72.8434862,
          19.1834693
        ]
      }
    },
    {
      "type": "Feature",
      "properties": {
        "police_location_id": "POLICE_030",
        "source_feature_id": "PS17338100079",
        "object_id": "30",
        "feature_id": "PS17338100079",
        "name": "Kurar Police Station",
        "subtype": "Station",
        "type_code": "1",
        "location": "Shantaram Talao, Western Express Highway, Konkanipada, Malad (E), Mumbai-400097. Raghvendra Madanlal Thakur 9870236236 kurarpolicestation@mtnl.net.in",
        "ward_code_source": "P/N",
        "brd_line_no": "28490444",
        "remarks": null,
        "working_hours": null,
        "year_construct": null,
        "no_of_floors": null,
        "no_of_rooms": null,
        "employee_quantity": null,
        "employee_male": null,
        "employee_female": null,
        "employee_disabled": null,
        "cctv_service": null,
        "fire_audit": null,
        "fire_extinguishing_system": null,
        "structural_audit": null,
        "ramp_disabled": null,
        "bathroom_facility": null,
        "water_tank_capacity": null,
        "created_date": "1.479825702e+12",
        "created_user": "DMMASTER",
        "last_edited_date": "1.598154683e+12",
        "last_edited_user": "DMMASTER",
        "edu_update_time": null,
        "edu_update_user": null,
        "source": "BMC/MCGM via OpenCity",
        "source_file": "mumbai_police_stations.kml",
        "verification_status": "SOURCE_KML",
        "coordinate_valid": true
      },
      "geometry": {
        "type": "Point",
        "coordinates": [
          72.859337,
          19.185535
        ]
      }
    },
    {
      "type": "Feature",
      "properties": {
        "police_location_id": "POLICE_031",
        "source_feature_id": "PS13339900082",
        "object_id": "31",
        "feature_id": "PS13339900082",
        "name": "Malwani Police Station",
        "subtype": "Station",
        "type_code": "1",
        "location": "Gate No.5, Shahid Abdul Hamid Marg, Malwani, Malad (W), Mumbai- 400095.  Milind Khetle 9821592487 malvanipolicestation@mtnl.net.in",
        "ward_code_source": "P/N",
        "brd_line_no": "28810048",
        "remarks": null,
        "working_hours": null,
        "year_construct": null,
        "no_of_floors": null,
        "no_of_rooms": null,
        "employee_quantity": null,
        "employee_male": null,
        "employee_female": null,
        "employee_disabled": null,
        "cctv_service": null,
        "fire_audit": null,
        "fire_extinguishing_system": null,
        "structural_audit": null,
        "ramp_disabled": null,
        "bathroom_facility": null,
        "water_tank_capacity": null,
        "created_date": "1.479825702e+12",
        "created_user": "DMMASTER",
        "last_edited_date": "1.598154718e+12",
        "last_edited_user": "DMMASTER",
        "edu_update_time": null,
        "edu_update_user": null,
        "source": "BMC/MCGM via OpenCity",
        "source_file": "mumbai_police_stations.kml",
        "verification_status": "SOURCE_KML",
        "coordinate_valid": true
      },
      "geometry": {
        "type": "Point",
        "coordinates": [
          72.822197,
          19.191673
        ]
      }
    },
    {
      "type": "Feature",
      "properties": {
        "police_location_id": "POLICE_032",
        "source_feature_id": "PS16333000083",
        "object_id": "32",
        "feature_id": "PS16333000083",
        "name": "Bangur Nagar Police Station",
        "subtype": "Station",
        "type_code": "1",
        "location": "Malad Police Station Compound, Underai Road, Malad (W), Mumbai - 400064.  Santosh Dyaneshwar Bhandare 9870474901 bangurnagarpolicestn@mtnl.net.in",
        "ward_code_source": "P/N",
        "brd_line_no": "28810142",
        "remarks": null,
        "working_hours": null,
        "year_construct": null,
        "no_of_floors": null,
        "no_of_rooms": null,
        "employee_quantity": null,
        "employee_male": null,
        "employee_female": null,
        "employee_disabled": null,
        "cctv_service": null,
        "fire_audit": null,
        "fire_extinguishing_system": null,
        "structural_audit": null,
        "ramp_disabled": null,
        "bathroom_facility": null,
        "water_tank_capacity": null,
        "created_date": "1.479825702e+12",
        "created_user": "DMMASTER",
        "last_edited_date": "1.598154723e+12",
        "last_edited_user": "DMMASTER",
        "edu_update_time": null,
        "edu_update_user": null,
        "source": "BMC/MCGM via OpenCity",
        "source_file": "mumbai_police_stations.kml",
        "verification_status": "SOURCE_KML",
        "coordinate_valid": true
      },
      "geometry": {
        "type": "Point",
        "coordinates": [
          72.8448145,
          19.1837977
        ]
      }
    },
    {
      "type": "Feature",
      "properties": {
        "police_location_id": "POLICE_033",
        "source_feature_id": "PS16303000084",
        "object_id": "33",
        "feature_id": "PS16303000084",
        "name": "Goregaon Police Station",
        "subtype": "Station",
        "type_code": "1",
        "location": "S.V.Road, Near Cinemax Theatre, Goregaon (West), Mumbai - 400062.  Sunil Dattatray Wadke 9892097890 goregaonpolicestation@mtnl.net.in goregaonpolice@gmail.com",
        "ward_code_source": "P/S",
        "brd_line_no": "28723252",
        "remarks": null,
        "working_hours": null,
        "year_construct": null,
        "no_of_floors": null,
        "no_of_rooms": null,
        "employee_quantity": null,
        "employee_male": null,
        "employee_female": null,
        "employee_disabled": null,
        "cctv_service": null,
        "fire_audit": null,
        "fire_extinguishing_system": null,
        "structural_audit": null,
        "ramp_disabled": null,
        "bathroom_facility": null,
        "water_tank_capacity": null,
        "created_date": "1.479825702e+12",
        "created_user": "DMMASTER",
        "last_edited_date": "1.598154744e+12",
        "last_edited_user": "DMMASTER",
        "edu_update_time": null,
        "edu_update_user": null,
        "source": "BMC/MCGM via OpenCity",
        "source_file": "mumbai_police_stations.kml",
        "verification_status": "SOURCE_KML",
        "coordinate_valid": true
      },
      "geometry": {
        "type": "Point",
        "coordinates": [
          72.845757,
          19.15729
        ]
      }
    },
    {
      "type": "Feature",
      "properties": {
        "police_location_id": "POLICE_034",
        "source_feature_id": "PS13368400102",
        "object_id": "34",
        "feature_id": "PS13368400102",
        "name": "Charkop Police Station",
        "subtype": "Station",
        "type_code": "1",
        "location": "C.T.S. No. 03 A,Plot No.150, 152,153,155, R.D.P. 1, Netaji Subhashchandra Bose Marg, Charkop, Kandivali (w), Mumbai - 400067.  Ramchandra T. Gaikwad  9870241424 charkoppolicestation@mtnl.net.in",
        "ward_code_source": "R/S",
        "brd_line_no": "28682211",
        "remarks": null,
        "working_hours": null,
        "year_construct": null,
        "no_of_floors": null,
        "no_of_rooms": null,
        "employee_quantity": null,
        "employee_male": null,
        "employee_female": null,
        "employee_disabled": null,
        "cctv_service": null,
        "fire_audit": null,
        "fire_extinguishing_system": null,
        "structural_audit": null,
        "ramp_disabled": null,
        "bathroom_facility": null,
        "water_tank_capacity": null,
        "created_date": "1.479825702e+12",
        "created_user": "DMMASTER",
        "last_edited_date": "1.598154794e+12",
        "last_edited_user": "DMMASTER",
        "edu_update_time": null,
        "edu_update_user": null,
        "source": "BMC/MCGM via OpenCity",
        "source_file": "mumbai_police_stations.kml",
        "verification_status": "SOURCE_KML",
        "coordinate_valid": true
      },
      "geometry": {
        "type": "Point",
        "coordinates": [
          72.820671,
          19.214643
        ]
      }
    },
    {
      "type": "Feature",
      "properties": {
        "police_location_id": "POLICE_035",
        "source_feature_id": "PS16359800104",
        "object_id": "35",
        "feature_id": "PS16359800104",
        "name": "Kandivali Police Station",
        "subtype": "Station",
        "type_code": "1",
        "location": "S.V.Road, Near M.T.N.L. Office, Parekh Nagar, Kandivali (W), Mumbai-400067. Mukund Pawar 9870157825 kandivali police station@gmail.com kandivalipolicestation@mtnl.net.in",
        "ward_code_source": "R/S",
        "brd_line_no": "28050904",
        "remarks": null,
        "working_hours": null,
        "year_construct": null,
        "no_of_floors": null,
        "no_of_rooms": null,
        "employee_quantity": null,
        "employee_male": null,
        "employee_female": null,
        "employee_disabled": null,
        "cctv_service": null,
        "fire_audit": null,
        "fire_extinguishing_system": null,
        "structural_audit": null,
        "ramp_disabled": null,
        "bathroom_facility": null,
        "water_tank_capacity": null,
        "created_date": "1.479825702e+12",
        "created_user": "DMMASTER",
        "last_edited_date": "1.598154812e+12",
        "last_edited_user": "DMMASTER",
        "edu_update_time": null,
        "edu_update_user": null,
        "source": "BMC/MCGM via OpenCity",
        "source_file": "mumbai_police_stations.kml",
        "verification_status": "SOURCE_KML",
        "coordinate_valid": true
      },
      "geometry": {
        "type": "Point",
        "coordinates": [
          72.850548,
          19.209669
        ]
      }
    },
    {
      "type": "Feature",
      "properties": {
        "police_location_id": "POLICE_036",
        "source_feature_id": "PS18341700105",
        "object_id": "36",
        "feature_id": "PS18341700105",
        "name": "Samata Nagar Police Station",
        "subtype": "Office",
        "type_code": "1",
        "location": "P T College Junction, Kandivali(W),  Mumbai-400101.  L.C.Bhalerao 9870464754   acpsamatanagar@mtnl.net.in  D.S.Yadav  9821458322  samtanagarpolicestation@mtnl.net.in",
        "ward_code_source": "R/S",
        "brd_line_no": "28877624, 28850790",
        "remarks": null,
        "working_hours": null,
        "year_construct": null,
        "no_of_floors": null,
        "no_of_rooms": null,
        "employee_quantity": null,
        "employee_male": null,
        "employee_female": null,
        "employee_disabled": null,
        "cctv_service": null,
        "fire_audit": null,
        "fire_extinguishing_system": null,
        "structural_audit": null,
        "ramp_disabled": null,
        "bathroom_facility": null,
        "water_tank_capacity": null,
        "created_date": "1.479825702e+12",
        "created_user": "DMMASTER",
        "last_edited_date": "1.598154823e+12",
        "last_edited_user": "DMMASTER",
        "edu_update_time": null,
        "edu_update_user": null,
        "source": "BMC/MCGM via OpenCity",
        "source_file": "mumbai_police_stations.kml",
        "verification_status": "SOURCE_KML",
        "coordinate_valid": true
      },
      "geometry": {
        "type": "Point",
        "coordinates": [
          72.861526,
          19.199926
        ]
      }
    },
    {
      "type": "Feature",
      "properties": {
        "police_location_id": "POLICE_037",
        "source_feature_id": "PS17120400023",
        "object_id": "37",
        "feature_id": "PS17120400023",
        "name": "(Chowky) Sewree Poice Station",
        "subtype": "Station",
        "type_code": "1",
        "location": "Sewree Poice Station",
        "ward_code_source": "F/S",
        "brd_line_no": null,
        "remarks": null,
        "working_hours": null,
        "year_construct": null,
        "no_of_floors": null,
        "no_of_rooms": null,
        "employee_quantity": null,
        "employee_male": null,
        "employee_female": null,
        "employee_disabled": null,
        "cctv_service": null,
        "fire_audit": null,
        "fire_extinguishing_system": null,
        "structural_audit": null,
        "ramp_disabled": null,
        "bathroom_facility": null,
        "water_tank_capacity": null,
        "created_date": "1.479825702e+12",
        "created_user": "DMMASTER",
        "last_edited_date": "1.608185466e+12",
        "last_edited_user": "DMMASTER",
        "edu_update_time": null,
        "edu_update_user": null,
        "source": "BMC/MCGM via OpenCity",
        "source_file": "mumbai_police_stations.kml",
        "verification_status": "SOURCE_KML",
        "coordinate_valid": true
      },
      "geometry": {
        "type": "Point",
        "coordinates": [
          72.8535613,
          18.9973501
        ]
      }
    },
    {
      "type": "Feature",
      "properties": {
        "police_location_id": "POLICE_038",
        "source_feature_id": "PS15228600056",
        "object_id": "38",
        "feature_id": "PS15228600056",
        "name": "Santacruz Railway Police Station",
        "subtype": "Station",
        "type_code": "99",
        "location": "Santacruz Railway Station office, Mumbai",
        "ward_code_source": "H/W",
        "brd_line_no": null,
        "remarks": null,
        "working_hours": null,
        "year_construct": null,
        "no_of_floors": null,
        "no_of_rooms": null,
        "employee_quantity": null,
        "employee_male": null,
        "employee_female": null,
        "employee_disabled": null,
        "cctv_service": null,
        "fire_audit": null,
        "fire_extinguishing_system": null,
        "structural_audit": null,
        "ramp_disabled": null,
        "bathroom_facility": null,
        "water_tank_capacity": null,
        "created_date": "1.479825702e+12",
        "created_user": "DMMASTER",
        "last_edited_date": "1.608185466e+12",
        "last_edited_user": "DMMASTER",
        "edu_update_time": "1.4457312e+12",
        "edu_update_user": "Ajit N Deshmukh",
        "source": "BMC/MCGM via OpenCity",
        "source_file": "mumbai_police_stations.kml",
        "verification_status": "SOURCE_KML",
        "coordinate_valid": true
      },
      "geometry": {
        "type": "Point",
        "coordinates": [
          72.841479,
          19.089976
        ]
      }
    },
    {
      "type": "Feature",
      "properties": {
        "police_location_id": "POLICE_039",
        "source_feature_id": "PS15181800046",
        "object_id": "39",
        "feature_id": "PS15181800046",
        "name": "Bandra Police Station",
        "subtype": "Station",
        "type_code": "1",
        "location": "Hill Road, ,Near Petit High Schoo Bandra (W), Mumbai - 400050.",
        "ward_code_source": "H/W",
        "brd_line_no": "26513716",
        "remarks": null,
        "working_hours": "Yes",
        "year_construct": null,
        "no_of_floors": null,
        "no_of_rooms": null,
        "employee_quantity": null,
        "employee_male": null,
        "employee_female": null,
        "employee_disabled": null,
        "cctv_service": null,
        "fire_audit": null,
        "fire_extinguishing_system": null,
        "structural_audit": null,
        "ramp_disabled": null,
        "bathroom_facility": null,
        "water_tank_capacity": null,
        "created_date": "1.479825702e+12",
        "created_user": "DMMASTER",
        "last_edited_date": "1.606398263e+12",
        "last_edited_user": "DMMASTER",
        "edu_update_time": "1.603200372e+12",
        "edu_update_user": "Hande Someshwari Anil",
        "source": "BMC/MCGM via OpenCity",
        "source_file": "mumbai_police_stations.kml",
        "verification_status": "SOURCE_KML",
        "coordinate_valid": true
      },
      "geometry": {
        "type": "Point",
        "coordinates": [
          72.8357572,
          19.0558698
        ]
      }
    },
    {
      "type": "Feature",
      "properties": {
        "police_location_id": "POLICE_040",
        "source_feature_id": "PS17140400012",
        "object_id": "40",
        "feature_id": "PS17140400012",
        "name": "(Duplicate) Wadala T T Police Station",
        "subtype": "Station",
        "type_code": "1",
        "location": "Wadala T T Police Station",
        "ward_code_source": "F/N",
        "brd_line_no": null,
        "remarks": null,
        "working_hours": null,
        "year_construct": null,
        "no_of_floors": null,
        "no_of_rooms": null,
        "employee_quantity": null,
        "employee_male": null,
        "employee_female": null,
        "employee_disabled": null,
        "cctv_service": null,
        "fire_audit": null,
        "fire_extinguishing_system": null,
        "structural_audit": null,
        "ramp_disabled": null,
        "bathroom_facility": null,
        "water_tank_capacity": null,
        "created_date": "1.479825702e+12",
        "created_user": "DMMASTER",
        "last_edited_date": "1.606405316e+12",
        "last_edited_user": "DMMASTER",
        "edu_update_time": null,
        "edu_update_user": null,
        "source": "BMC/MCGM via OpenCity",
        "source_file": "mumbai_police_stations.kml",
        "verification_status": "SOURCE_KML",
        "coordinate_valid": true
      },
      "geometry": {
        "type": "Point",
        "coordinates": [
          72.853745,
          19.016542
        ]
      }
    },
    {
      "type": "Feature",
      "properties": {
        "police_location_id": "POLICE_041",
        "source_feature_id": "PS14064600129",
        "object_id": "41",
        "feature_id": "PS14064600129",
        "name": "L T Marg Police Station",
        "subtype": "Station",
        "type_code": "1",
        "location": "27, R Champsi Road, Takwadi, Lohar Chawl, Nr Small Causes Court, Mumbai - 400002.",
        "ward_code_source": "C",
        "brd_line_no": "22069230",
        "remarks": "22084303,  Dipak Nikam-8380096207  ltmargpolicestation@mtnl.net.in",
        "working_hours": null,
        "year_construct": null,
        "no_of_floors": null,
        "no_of_rooms": null,
        "employee_quantity": null,
        "employee_male": null,
        "employee_female": null,
        "employee_disabled": null,
        "cctv_service": null,
        "fire_audit": null,
        "fire_extinguishing_system": null,
        "structural_audit": null,
        "ramp_disabled": null,
        "bathroom_facility": null,
        "water_tank_capacity": null,
        "created_date": "1.479825702e+12",
        "created_user": "DMMASTER",
        "last_edited_date": "1.606403797e+12",
        "last_edited_user": "DMMASTER",
        "edu_update_time": "1.604154762e+12",
        "edu_update_user": "Singh Taraspal Madan",
        "source": "BMC/MCGM via OpenCity",
        "source_file": "mumbai_police_stations.kml",
        "verification_status": "SOURCE_KML",
        "coordinate_valid": true
      },
      "geometry": {
        "type": "Point",
        "coordinates": [
          72.8305052,
          18.9453442
        ]
      }
    },
    {
      "type": "Feature",
      "properties": {
        "police_location_id": "POLICE_042",
        "source_feature_id": "PS11071000132",
        "object_id": "42",
        "feature_id": "PS11071000132",
        "name": "Malbar Hill Police Station",
        "subtype": "Station",
        "type_code": "1",
        "location": "Malbar Hill Police Station, Abhay Bunglow, B.G. Khair Marg, Malbar Hill, Mumbai-400006.",
        "ward_code_source": "D",
        "brd_line_no": "23637571",
        "remarks": "Shri.Nilkanth Patil-9422256468,  malabarhillpolicestation@mtnl.net.in",
        "working_hours": null,
        "year_construct": null,
        "no_of_floors": null,
        "no_of_rooms": null,
        "employee_quantity": null,
        "employee_male": null,
        "employee_female": null,
        "employee_disabled": null,
        "cctv_service": null,
        "fire_audit": null,
        "fire_extinguishing_system": null,
        "structural_audit": null,
        "ramp_disabled": null,
        "bathroom_facility": null,
        "water_tank_capacity": null,
        "created_date": "1.479825702e+12",
        "created_user": "DMMASTER",
        "last_edited_date": "1.606403933e+12",
        "last_edited_user": "DMMASTER",
        "edu_update_time": "1.604401196e+12",
        "edu_update_user": "Ghavnalkar Dinesh Mohan",
        "source": "BMC/MCGM via OpenCity",
        "source_file": "mumbai_police_stations.kml",
        "verification_status": "SOURCE_KML",
        "coordinate_valid": true
      },
      "geometry": {
        "type": "Point",
        "coordinates": [
          72.7992588,
          18.9494146
        ]
      }
    },
    {
      "type": "Feature",
      "properties": {
        "police_location_id": "POLICE_043",
        "source_feature_id": "PS14093000133",
        "object_id": "43",
        "feature_id": "PS14093000133",
        "name": "Nagpada Police Station",
        "subtype": "Station",
        "type_code": "1",
        "location": "Sofia Zuber Road, Chhota Sonapur, Kamathipura, Mumbai - 400008.",
        "ward_code_source": "E",
        "brd_line_no": "23092293",
        "remarks": "Jayprakash Bhosale-8097073070- nagpadapolicestation@mtnl.net.in",
        "working_hours": null,
        "year_construct": null,
        "no_of_floors": null,
        "no_of_rooms": null,
        "employee_quantity": null,
        "employee_male": null,
        "employee_female": null,
        "employee_disabled": null,
        "cctv_service": null,
        "fire_audit": null,
        "fire_extinguishing_system": null,
        "structural_audit": null,
        "ramp_disabled": null,
        "bathroom_facility": null,
        "water_tank_capacity": null,
        "created_date": "1.479825702e+12",
        "created_user": "DMMASTER",
        "last_edited_date": "1.60640429e+12",
        "last_edited_user": "DMMASTER",
        "edu_update_time": "1.604401272e+12",
        "edu_update_user": "Ghavnalkar Dinesh Mohan",
        "source": "BMC/MCGM via OpenCity",
        "source_file": "mumbai_police_stations.kml",
        "verification_status": "SOURCE_KML",
        "coordinate_valid": true
      },
      "geometry": {
        "type": "Point",
        "coordinates": [
          72.82921,
          18.9670527
        ]
      }
    },
    {
      "type": "Feature",
      "properties": {
        "police_location_id": "POLICE_044",
        "source_feature_id": "PS13078800135",
        "object_id": "44",
        "feature_id": "PS13078800135",
        "name": "V P Road Police Station",
        "subtype": "Station",
        "type_code": "1",
        "location": "Vitthalbhai Patel Road, Near Church, Ambewadi, Girgaon, Mumbai-400004.",
        "ward_code_source": "D",
        "brd_line_no": "23821312",
        "remarks": "Gulabrao More-8108303399/vproadpolicestation@mtnl.net.in",
        "working_hours": null,
        "year_construct": null,
        "no_of_floors": null,
        "no_of_rooms": null,
        "employee_quantity": null,
        "employee_male": null,
        "employee_female": null,
        "employee_disabled": null,
        "cctv_service": null,
        "fire_audit": null,
        "fire_extinguishing_system": null,
        "structural_audit": null,
        "ramp_disabled": null,
        "bathroom_facility": null,
        "water_tank_capacity": null,
        "created_date": "1.479825702e+12",
        "created_user": "DMMASTER",
        "last_edited_date": "1.60640444e+12",
        "last_edited_user": "DMMASTER",
        "edu_update_time": "1.604401404e+12",
        "edu_update_user": "Ghavnalkar Dinesh Mohan",
        "source": "BMC/MCGM via OpenCity",
        "source_file": "mumbai_police_stations.kml",
        "verification_status": "SOURCE_KML",
        "coordinate_valid": true
      },
      "geometry": {
        "type": "Point",
        "coordinates": [
          72.8237507,
          18.9558284
        ]
      }
    },
    {
      "type": "Feature",
      "properties": {
        "police_location_id": "POLICE_045",
        "source_feature_id": "PS18387700092",
        "object_id": "45",
        "feature_id": "PS18387700092",
        "name": "Duplicate) Police Station-1838770001271",
        "subtype": "Station",
        "type_code": "1",
        "location": null,
        "ward_code_source": "R/C",
        "brd_line_no": null,
        "remarks": null,
        "working_hours": null,
        "year_construct": null,
        "no_of_floors": null,
        "no_of_rooms": null,
        "employee_quantity": null,
        "employee_male": null,
        "employee_female": null,
        "employee_disabled": null,
        "cctv_service": null,
        "fire_audit": null,
        "fire_extinguishing_system": null,
        "structural_audit": null,
        "ramp_disabled": null,
        "bathroom_facility": null,
        "water_tank_capacity": null,
        "created_date": "1.479825702e+12",
        "created_user": "DMMASTER",
        "last_edited_date": "1.606406054e+12",
        "last_edited_user": "DMMASTER",
        "edu_update_time": null,
        "edu_update_user": null,
        "source": "BMC/MCGM via OpenCity",
        "source_file": "mumbai_police_stations.kml",
        "verification_status": "SOURCE_KML",
        "coordinate_valid": true
      },
      "geometry": {
        "type": "Point",
        "coordinates": [
          72.867134,
          19.235952
        ]
      }
    },
    {
      "type": "Feature",
      "properties": {
        "police_location_id": "POLICE_046",
        "source_feature_id": "PS05000000003",
        "object_id": "46",
        "feature_id": "PS05000000003",
        "name": "Mumbai Police South Region",
        "subtype": "Office",
        "type_code": "1",
        "location": "Police Colony, New Nagpada, Madanpura, Mumbai, Maharashtra 400008",
        "ward_code_source": "E",
        "brd_line_no": "23078109",
        "remarks": null,
        "working_hours": null,
        "year_construct": null,
        "no_of_floors": null,
        "no_of_rooms": null,
        "employee_quantity": null,
        "employee_male": null,
        "employee_female": null,
        "employee_disabled": null,
        "cctv_service": null,
        "fire_audit": null,
        "fire_extinguishing_system": null,
        "structural_audit": null,
        "ramp_disabled": null,
        "bathroom_facility": null,
        "water_tank_capacity": null,
        "created_date": "1.56630134e+12",
        "created_user": "DMMASTER",
        "last_edited_date": "1.606405013e+12",
        "last_edited_user": "DMMASTER",
        "edu_update_time": "1.60400237e+12",
        "edu_update_user": "Ghavnalkar Dinesh Mohan",
        "source": "BMC/MCGM via OpenCity",
        "source_file": "mumbai_police_stations.kml",
        "verification_status": "SOURCE_KML",
        "coordinate_valid": true
      },
      "geometry": {
        "type": "Point",
        "coordinates": [
          72.8323193,
          18.9675953
        ]
      }
    },
    {
      "type": "Feature",
      "properties": {
        "police_location_id": "POLICE_047",
        "source_feature_id": "PS14000000001",
        "object_id": "47",
        "feature_id": "PS14000000001",
        "name": "Deputy Commissioner of Police",
        "subtype": "Station",
        "type_code": "1",
        "location": "Shiv Shakti Complex, Shailendra Vidyalay Marg,, Dahisar East, Mumbai, Maharashtra 400068",
        "ward_code_source": "R/N",
        "brd_line_no": "28283889",
        "remarks": null,
        "working_hours": null,
        "year_construct": null,
        "no_of_floors": null,
        "no_of_rooms": null,
        "employee_quantity": null,
        "employee_male": null,
        "employee_female": null,
        "employee_disabled": null,
        "cctv_service": null,
        "fire_audit": null,
        "fire_extinguishing_system": null,
        "structural_audit": null,
        "ramp_disabled": null,
        "bathroom_facility": null,
        "water_tank_capacity": null,
        "created_date": "1.609738828e+12",
        "created_user": "DMMASTER",
        "last_edited_date": "1.626184218e+12",
        "last_edited_user": "DMMASTER",
        "edu_update_time": null,
        "edu_update_user": null,
        "source": "BMC/MCGM via OpenCity",
        "source_file": "mumbai_police_stations.kml",
        "verification_status": "SOURCE_KML",
        "coordinate_valid": true
      },
      "geometry": {
        "type": "Point",
        "coordinates": [
          72.861592,
          19.2459401
        ]
      }
    },
    {
      "type": "Feature",
      "properties": {
        "police_location_id": "POLICE_048",
        "source_feature_id": "PS15076000127",
        "object_id": "48",
        "feature_id": "PS15076000127",
        "name": "Yellow Gate Police Station",
        "subtype": "Station",
        "type_code": "1",
        "location": "P. D. Mello Road, Near Karnak Bunder, Mumbai-400009.",
        "ward_code_source": "A",
        "brd_line_no": "66565009",
        "remarks": "Balkrishna Ganpati Gurav 9870405076yellowgatepolicestation@mtnl.net.in",
        "working_hours": "Yes",
        "year_construct": "1921",
        "no_of_floors": "3",
        "no_of_rooms": "27",
        "employee_quantity": null,
        "employee_male": null,
        "employee_female": null,
        "employee_disabled": null,
        "cctv_service": "Yes",
        "fire_audit": null,
        "fire_extinguishing_system": "No",
        "structural_audit": null,
        "ramp_disabled": null,
        "bathroom_facility": "5",
        "water_tank_capacity": "20000 Ltr",
        "created_date": "1.479825702e+12",
        "created_user": "DMMASTER",
        "last_edited_date": "1.649882399e+12",
        "last_edited_user": "DMMASTER@PRSRVGISDB.MUMBASE.MCGM.GOV.IN",
        "edu_update_time": "1.60042412e+12",
        "edu_update_user": "Mane Minakshi Amar",
        "source": "BMC/MCGM via OpenCity",
        "source_file": "mumbai_police_stations.kml",
        "verification_status": "SOURCE_KML",
        "coordinate_valid": true
      },
      "geometry": {
        "type": "Point",
        "coordinates": [
          72.8410289,
          18.9482339
        ]
      }
    },
    {
      "type": "Feature",
      "properties": {
        "police_location_id": "POLICE_050",
        "source_feature_id": "PS24192300152",
        "object_id": "50",
        "feature_id": "PS24192300152",
        "name": "Shivaji Nagar Police Station",
        "subtype": "Station",
        "type_code": "1",
        "location": "Near Dnyansampada High School, Behind Post Office, Govandi, Mumbai - 400043. Balasaheb Jadhav  9821525255 shivajinagarpolicestation@mtnl.net.in",
        "ward_code_source": "M/E",
        "brd_line_no": "25518961",
        "remarks": null,
        "working_hours": null,
        "year_construct": null,
        "no_of_floors": null,
        "no_of_rooms": null,
        "employee_quantity": null,
        "employee_male": null,
        "employee_female": null,
        "employee_disabled": null,
        "cctv_service": null,
        "fire_audit": null,
        "fire_extinguishing_system": null,
        "structural_audit": null,
        "ramp_disabled": null,
        "bathroom_facility": null,
        "water_tank_capacity": null,
        "created_date": "1.479825702e+12",
        "created_user": "DMMASTER",
        "last_edited_date": "1.6479767e+12",
        "last_edited_user": "DMMASTER@PRSRVGISDB.MUMBASE.MCGM.GOV.IN",
        "edu_update_time": null,
        "edu_update_user": null,
        "source": "BMC/MCGM via OpenCity",
        "source_file": "mumbai_police_stations.kml",
        "verification_status": "SOURCE_KML",
        "coordinate_valid": true
      },
      "geometry": {
        "type": "Point",
        "coordinates": [
          72.9211795,
          19.0612531
        ]
      }
    },
    {
      "type": "Feature",
      "properties": {
        "police_location_id": "POLICE_051",
        "source_feature_id": "PS10000000001",
        "object_id": "51",
        "feature_id": "PS10000000001",
        "name": "Office of the ACP - Bandra Division",
        "subtype": "Station",
        "type_code": "1",
        "location": "Sangeet Samrat Naushad Ali Marg  Near Ashirwad Bungalow, Bandra West",
        "ward_code_source": "H/W",
        "brd_line_no": null,
        "remarks": null,
        "working_hours": null,
        "year_construct": null,
        "no_of_floors": null,
        "no_of_rooms": null,
        "employee_quantity": null,
        "employee_male": null,
        "employee_female": null,
        "employee_disabled": null,
        "cctv_service": null,
        "fire_audit": null,
        "fire_extinguishing_system": null,
        "structural_audit": null,
        "ramp_disabled": null,
        "bathroom_facility": null,
        "water_tank_capacity": null,
        "created_date": "1.60640776e+12",
        "created_user": "DMMASTER",
        "last_edited_date": "1.606407931e+12",
        "last_edited_user": "DMMASTER",
        "edu_update_time": null,
        "edu_update_user": null,
        "source": "BMC/MCGM via OpenCity",
        "source_file": "mumbai_police_stations.kml",
        "verification_status": "SOURCE_KML",
        "coordinate_valid": true
      },
      "geometry": {
        "type": "Point",
        "coordinates": [
          72.822683,
          19.0628173
        ]
      }
    },
    {
      "type": "Feature",
      "properties": {
        "police_location_id": "POLICE_052",
        "source_feature_id": "PS17326400080",
        "object_id": "52",
        "feature_id": "PS17326400080",
        "name": "Dindoshi Police Station_Test",
        "subtype": "Station",
        "type_code": "1",
        "location": "Vrindavan Society., Behind Saibaba Temple, NearWestern Exp. Highway, Malad (E), Mumbai- 400097. A.B.Sawant 9987333040dindoshipolicestation@mtnl.net.in",
        "ward_code_source": "P/N",
        "brd_line_no": "28777016",
        "remarks": null,
        "working_hours": null,
        "year_construct": null,
        "no_of_floors": null,
        "no_of_rooms": null,
        "employee_quantity": null,
        "employee_male": null,
        "employee_female": null,
        "employee_disabled": null,
        "cctv_service": null,
        "fire_audit": null,
        "fire_extinguishing_system": null,
        "structural_audit": null,
        "ramp_disabled": null,
        "bathroom_facility": null,
        "water_tank_capacity": null,
        "created_date": "1.479825702e+12",
        "created_user": "DMMASTER",
        "last_edited_date": "1.607920018e+12",
        "last_edited_user": "DMMASTER",
        "edu_update_time": "1.5783897e+12",
        "edu_update_user": "1 computer operator",
        "source": "BMC/MCGM via OpenCity",
        "source_file": "mumbai_police_stations.kml",
        "verification_status": "SOURCE_KML",
        "coordinate_valid": true
      },
      "geometry": {
        "type": "Point",
        "coordinates": [
          72.8574024,
          19.178704
        ]
      }
    },
    {
      "type": "Feature",
      "properties": {
        "police_location_id": "POLICE_053",
        "source_feature_id": "PS18257000053",
        "object_id": "53",
        "feature_id": "PS18257000053",
        "name": "(Duplicate) Andheri Kurla Road Police Station",
        "subtype": "Station",
        "type_code": "1",
        "location": "Andheri Kurla Road, Andheri East, Mumbai - 400069",
        "ward_code_source": "K/E",
        "brd_line_no": null,
        "remarks": null,
        "working_hours": null,
        "year_construct": null,
        "no_of_floors": null,
        "no_of_rooms": null,
        "employee_quantity": null,
        "employee_male": null,
        "employee_female": null,
        "employee_disabled": null,
        "cctv_service": null,
        "fire_audit": null,
        "fire_extinguishing_system": null,
        "structural_audit": null,
        "ramp_disabled": null,
        "bathroom_facility": null,
        "water_tank_capacity": null,
        "created_date": "1.479825702e+12",
        "created_user": "DMMASTER",
        "last_edited_date": "1.608109032e+12",
        "last_edited_user": "DMMASTER",
        "edu_update_time": null,
        "edu_update_user": null,
        "source": "BMC/MCGM via OpenCity",
        "source_file": "mumbai_police_stations.kml",
        "verification_status": "SOURCE_KML",
        "coordinate_valid": true
      },
      "geometry": {
        "type": "Point",
        "coordinates": [
          72.86879,
          19.111807
        ]
      }
    },
    {
      "type": "Feature",
      "properties": {
        "police_location_id": "POLICE_054",
        "source_feature_id": "PS22148700069",
        "object_id": "54",
        "feature_id": "PS22148700069",
        "name": "Gowanpada Police Station",
        "subtype": "Station",
        "type_code": "1",
        "location": "Prayag Nagar, Mahul, Trombay, Mumbai, Maharashtra 400071",
        "ward_code_source": "M/E",
        "brd_line_no": null,
        "remarks": null,
        "working_hours": null,
        "year_construct": null,
        "no_of_floors": null,
        "no_of_rooms": null,
        "employee_quantity": null,
        "employee_male": null,
        "employee_female": null,
        "employee_disabled": null,
        "cctv_service": null,
        "fire_audit": null,
        "fire_extinguishing_system": null,
        "structural_audit": null,
        "ramp_disabled": null,
        "bathroom_facility": null,
        "water_tank_capacity": null,
        "created_date": "1.479825702e+12",
        "created_user": "DMMASTER",
        "last_edited_date": "1.608103217e+12",
        "last_edited_user": "DMMASTER",
        "edu_update_time": null,
        "edu_update_user": null,
        "source": "BMC/MCGM via OpenCity",
        "source_file": "mumbai_police_stations.kml",
        "verification_status": "SOURCE_KML",
        "coordinate_valid": true
      },
      "geometry": {
        "type": "Point",
        "coordinates": [
          72.908676,
          19.019228
        ]
      }
    },
    {
      "type": "Feature",
      "properties": {
        "police_location_id": "POLICE_055",
        "source_feature_id": "PS18256600051",
        "object_id": "55",
        "feature_id": "PS18256600051",
        "name": "MIDC Police Station",
        "subtype": "Station",
        "type_code": "1",
        "location": "MIDC Central Road, Opp E.S.I.S Hospital, Andheri (E), Mumbai - 400093.",
        "ward_code_source": "K/E",
        "brd_line_no": "28368352",
        "remarks": "Rajaram Bhanudas Mandge   9870471184  midcpolicestation@mtnl.net.in",
        "working_hours": null,
        "year_construct": null,
        "no_of_floors": null,
        "no_of_rooms": null,
        "employee_quantity": null,
        "employee_male": null,
        "employee_female": null,
        "employee_disabled": null,
        "cctv_service": null,
        "fire_audit": null,
        "fire_extinguishing_system": null,
        "structural_audit": null,
        "ramp_disabled": null,
        "bathroom_facility": null,
        "water_tank_capacity": null,
        "created_date": "1.479825702e+12",
        "created_user": "DMMASTER",
        "last_edited_date": "1.648527233e+12",
        "last_edited_user": "DMMASTER@PRSRVGISDB.MUMBASE.MCGM.GOV.IN",
        "edu_update_time": null,
        "edu_update_user": null,
        "source": "BMC/MCGM via OpenCity",
        "source_file": "mumbai_police_stations.kml",
        "verification_status": "SOURCE_KML",
        "coordinate_valid": true
      },
      "geometry": {
        "type": "Point",
        "coordinates": [
          72.868155,
          19.117653
        ]
      }
    },
    {
      "type": "Feature",
      "properties": {
        "police_location_id": "POLICE_056",
        "source_feature_id": "PS25299200106",
        "object_id": "56",
        "feature_id": "PS25299200106",
        "name": "Bhandup Police Station",
        "subtype": "Station",
        "type_code": "1",
        "location": "Near Krishna Theatre, L. B. S. Marg, Bhandup (W), Mumbai - 400078. Shripat Kale   9870333434 bhanduppstn@gmail.com",
        "ward_code_source": "S",
        "brd_line_no": "25954467",
        "remarks": null,
        "working_hours": null,
        "year_construct": null,
        "no_of_floors": null,
        "no_of_rooms": null,
        "employee_quantity": null,
        "employee_male": null,
        "employee_female": null,
        "employee_disabled": null,
        "cctv_service": null,
        "fire_audit": null,
        "fire_extinguishing_system": null,
        "structural_audit": null,
        "ramp_disabled": null,
        "bathroom_facility": null,
        "water_tank_capacity": null,
        "created_date": "1.479825702e+12",
        "created_user": "DMMASTER",
        "last_edited_date": "1.649881483e+12",
        "last_edited_user": "DMMASTER@PRSRVGISDB.MUMBASE.MCGM.GOV.IN",
        "edu_update_time": null,
        "edu_update_user": null,
        "source": "BMC/MCGM via OpenCity",
        "source_file": "mumbai_police_stations.kml",
        "verification_status": "SOURCE_KML",
        "coordinate_valid": true
      },
      "geometry": {
        "type": "Point",
        "coordinates": [
          72.9365403,
          19.1512852
        ]
      }
    },
    {
      "type": "Feature",
      "properties": {
        "police_location_id": "POLICE_058",
        "source_feature_id": "PS14068700120",
        "object_id": "58",
        "feature_id": "PS14068700120",
        "name": "Mumbai Police Headquarters",
        "subtype": "Station",
        "type_code": "1",
        "location": "Commissioner of Police Office, Dadabhai Naoroji Road, Opp Crawford Market, Dhobi Talao, Fort, Mumbai 400001",
        "ward_code_source": "A",
        "brd_line_no": "22620879",
        "remarks": null,
        "working_hours": null,
        "year_construct": null,
        "no_of_floors": null,
        "no_of_rooms": null,
        "employee_quantity": null,
        "employee_male": null,
        "employee_female": null,
        "employee_disabled": null,
        "cctv_service": null,
        "fire_audit": null,
        "fire_extinguishing_system": null,
        "structural_audit": null,
        "ramp_disabled": null,
        "bathroom_facility": null,
        "water_tank_capacity": null,
        "created_date": "1.649881931e+12",
        "created_user": "DMMASTER@PRSRVGISDB.MUMBASE.MCGM.GOV.IN",
        "last_edited_date": "1.649882063e+12",
        "last_edited_user": "DMMASTER@PRSRVGISDB.MUMBASE.MCGM.GOV.IN",
        "edu_update_time": null,
        "edu_update_user": null,
        "source": "BMC/MCGM via OpenCity",
        "source_file": "mumbai_police_stations.kml",
        "verification_status": "SOURCE_KML",
        "coordinate_valid": true
      },
      "geometry": {
        "type": "Point",
        "coordinates": [
          72.8330459,
          18.9466048
        ]
      }
    },
    {
      "type": "Feature",
      "properties": {
        "police_location_id": "POLICE_059",
        "source_feature_id": "PS10000010324",
        "object_id": "59",
        "feature_id": "PS10000010324",
        "name": "288-TRIAL-Kurla Police Station 21",
        "subtype": "Station",
        "type_code": "1",
        "location": "CST Road, Lal Bahadur Shastri Marg, Kapadia Nagar, Kurla, Mumbai, Maharashtra 400070  CST Road, Lal Bahadur Shastri Marg, Kapadia Nagar, Kurla, Mumbai, Maharashtra 400070",
        "ward_code_source": "L",
        "brd_line_no": "26500478",
        "remarks": null,
        "working_hours": null,
        "year_construct": null,
        "no_of_floors": null,
        "no_of_rooms": null,
        "employee_quantity": null,
        "employee_male": null,
        "employee_female": null,
        "employee_disabled": null,
        "cctv_service": null,
        "fire_audit": null,
        "fire_extinguishing_system": null,
        "structural_audit": null,
        "ramp_disabled": null,
        "bathroom_facility": null,
        "water_tank_capacity": null,
        "created_date": "1.648538374e+12",
        "created_user": "DMMASTER@PRSRVGISDB.MUMBASE.MCGM.GOV.IN",
        "last_edited_date": "1.648538647e+12",
        "last_edited_user": "DMMASTER@PRSRVGISDB.MUMBASE.MCGM.GOV.IN",
        "edu_update_time": null,
        "edu_update_user": null,
        "source": "BMC/MCGM via OpenCity",
        "source_file": "mumbai_police_stations.kml",
        "verification_status": "SOURCE_KML",
        "coordinate_valid": true
      },
      "geometry": {
        "type": "Point",
        "coordinates": [
          72.878273,
          19.076687
        ]
      }
    },
    {
      "type": "Feature",
      "properties": {
        "police_location_id": "POLICE_060",
        "source_feature_id": "PS14240600146",
        "object_id": "60",
        "feature_id": "PS14240600146",
        "name": "Juhu Police Station",
        "subtype": "Station",
        "type_code": "1",
        "location": "V.M.Road, Near Kalaniketan, Yamuna Nagar, Juhu, Vile Parle (W), Mumbai-400056.",
        "ward_code_source": "K/W",
        "brd_line_no": "26184432",
        "remarks": "Shashiknat Mane 9870267602                juhupolicestation@mtnl.net.in",
        "working_hours": null,
        "year_construct": null,
        "no_of_floors": null,
        "no_of_rooms": null,
        "employee_quantity": null,
        "employee_male": null,
        "employee_female": null,
        "employee_disabled": null,
        "cctv_service": null,
        "fire_audit": null,
        "fire_extinguishing_system": null,
        "structural_audit": null,
        "ramp_disabled": null,
        "bathroom_facility": null,
        "water_tank_capacity": null,
        "created_date": "1.479825702e+12",
        "created_user": "DMMASTER",
        "last_edited_date": "1.647930335e+12",
        "last_edited_user": "DMMASTER@PRSRVGISDB.MUMBASE.MCGM.GOV.IN",
        "edu_update_time": null,
        "edu_update_user": null,
        "source": "BMC/MCGM via OpenCity",
        "source_file": "mumbai_police_stations.kml",
        "verification_status": "SOURCE_KML",
        "coordinate_valid": true
      },
      "geometry": {
        "type": "Point",
        "coordinates": [
          72.8328046,
          19.103172
        ]
      }
    },
    {
      "type": "Feature",
      "properties": {
        "police_location_id": "POLICE_061",
        "source_feature_id": "PS10000010325",
        "object_id": "61",
        "feature_id": "PS10000010325",
        "name": "Nehru Nagar Police Station",
        "subtype": "Station",
        "type_code": "1",
        "location": "Nehru Nagar Colony, Kurla (E), Mumbai - 400024.  Pramod Khoparde   9821624266 neharunagar1985@gmail.com",
        "ward_code_source": "L",
        "brd_line_no": "25290946",
        "remarks": null,
        "working_hours": null,
        "year_construct": null,
        "no_of_floors": null,
        "no_of_rooms": null,
        "employee_quantity": null,
        "employee_male": null,
        "employee_female": null,
        "employee_disabled": null,
        "cctv_service": null,
        "fire_audit": null,
        "fire_extinguishing_system": null,
        "structural_audit": null,
        "ramp_disabled": null,
        "bathroom_facility": null,
        "water_tank_capacity": null,
        "created_date": "1.649879422e+12",
        "created_user": "DMMASTER@PRSRVGISDB.MUMBASE.MCGM.GOV.IN",
        "last_edited_date": "1.649879975e+12",
        "last_edited_user": "DMMASTER@PRSRVGISDB.MUMBASE.MCGM.GOV.IN",
        "edu_update_time": null,
        "edu_update_user": null,
        "source": "BMC/MCGM via OpenCity",
        "source_file": "mumbai_police_stations.kml",
        "verification_status": "SOURCE_KML",
        "coordinate_valid": true
      },
      "geometry": {
        "type": "Point",
        "coordinates": [
          72.8806665,
          19.0587439
        ]
      }
    },
    {
      "type": "Feature",
      "properties": {
        "police_location_id": "POLICE_062",
        "source_feature_id": "PS14047300119",
        "object_id": "62",
        "feature_id": "PS14047300119",
        "name": "Maharashtra State Police Headquarters",
        "subtype": "Office",
        "type_code": "2",
        "location": "Maharashtra Police Mukhyalaya, Chhatrapati Shivaji Maharaj Marg, Colaba, Mumbai - 400001.",
        "ward_code_source": "A",
        "brd_line_no": null,
        "remarks": null,
        "working_hours": null,
        "year_construct": null,
        "no_of_floors": null,
        "no_of_rooms": null,
        "employee_quantity": null,
        "employee_male": null,
        "employee_female": null,
        "employee_disabled": null,
        "cctv_service": null,
        "fire_audit": null,
        "fire_extinguishing_system": null,
        "structural_audit": null,
        "ramp_disabled": null,
        "bathroom_facility": null,
        "water_tank_capacity": null,
        "created_date": "1.479825702e+12",
        "created_user": "DMMASTER",
        "last_edited_date": "1.598154911e+12",
        "last_edited_user": "DMMASTER",
        "edu_update_time": null,
        "edu_update_user": null,
        "source": "BMC/MCGM via OpenCity",
        "source_file": "mumbai_police_stations.kml",
        "verification_status": "SOURCE_KML",
        "coordinate_valid": true
      },
      "geometry": {
        "type": "Point",
        "coordinates": [
          72.83342,
          18.925152
        ]
      }
    },
    {
      "type": "Feature",
      "properties": {
        "police_location_id": "POLICE_063",
        "source_feature_id": "PS15050800122",
        "object_id": "63",
        "feature_id": "PS15050800122",
        "name": "Deputy Commissioner of Police DCP Z-I",
        "subtype": "Office",
        "type_code": "1",
        "location": "109, Valchand Hirachand Marg, 1st Floor, Opp. G.P.O., Fort, Mumbai 400001.  Dr. Ravindra A.Shisave 9423121011 dcpzone1-mum@mahapolice.gov.in",
        "ward_code_source": "A",
        "brd_line_no": "22620453",
        "remarks": null,
        "working_hours": null,
        "year_construct": null,
        "no_of_floors": null,
        "no_of_rooms": null,
        "employee_quantity": null,
        "employee_male": null,
        "employee_female": null,
        "employee_disabled": null,
        "cctv_service": null,
        "fire_audit": null,
        "fire_extinguishing_system": null,
        "structural_audit": null,
        "ramp_disabled": null,
        "bathroom_facility": null,
        "water_tank_capacity": null,
        "created_date": "1.479825702e+12",
        "created_user": "DMMASTER",
        "last_edited_date": "1.598154919e+12",
        "last_edited_user": "DMMASTER",
        "edu_update_time": null,
        "edu_update_user": null,
        "source": "BMC/MCGM via OpenCity",
        "source_file": "mumbai_police_stations.kml",
        "verification_status": "SOURCE_KML",
        "coordinate_valid": true
      },
      "geometry": {
        "type": "Point",
        "coordinates": [
          72.835922,
          18.938305
        ]
      }
    },
    {
      "type": "Feature",
      "properties": {
        "police_location_id": "POLICE_065",
        "source_feature_id": "PS10000010323",
        "object_id": "65",
        "feature_id": "PS10000010323",
        "name": "Kurla Police Station",
        "subtype": "Station",
        "type_code": "1",
        "location": "CST Road, Satejeevan Society, Kurla West",
        "ward_code_source": "L",
        "brd_line_no": null,
        "remarks": null,
        "working_hours": null,
        "year_construct": null,
        "no_of_floors": null,
        "no_of_rooms": null,
        "employee_quantity": null,
        "employee_male": null,
        "employee_female": null,
        "employee_disabled": null,
        "cctv_service": null,
        "fire_audit": null,
        "fire_extinguishing_system": null,
        "structural_audit": null,
        "ramp_disabled": null,
        "bathroom_facility": null,
        "water_tank_capacity": null,
        "created_date": "1.479825702e+12",
        "created_user": "DMMASTER",
        "last_edited_date": "1.59815521e+12",
        "last_edited_user": "DMMASTER",
        "edu_update_time": null,
        "edu_update_user": null,
        "source": "BMC/MCGM via OpenCity",
        "source_file": "mumbai_police_stations.kml",
        "verification_status": "SOURCE_KML",
        "coordinate_valid": true
      },
      "geometry": {
        "type": "Point",
        "coordinates": [
          72.8762344,
          19.0649449
        ]
      }
    },
    {
      "type": "Feature",
      "properties": {
        "police_location_id": "POLICE_066",
        "source_feature_id": "PS10000010324",
        "object_id": "66",
        "feature_id": "PS10000010324",
        "name": "Chembur Traffice Division",
        "subtype": "Traffic Chowki",
        "type_code": "1",
        "location": "Near Vijay Sales, Sumannagar, Chembur, Mumbai -74",
        "ward_code_source": "M/W",
        "brd_line_no": null,
        "remarks": null,
        "working_hours": null,
        "year_construct": null,
        "no_of_floors": null,
        "no_of_rooms": null,
        "employee_quantity": null,
        "employee_male": null,
        "employee_female": null,
        "employee_disabled": null,
        "cctv_service": null,
        "fire_audit": null,
        "fire_extinguishing_system": null,
        "structural_audit": null,
        "ramp_disabled": null,
        "bathroom_facility": null,
        "water_tank_capacity": null,
        "created_date": "1.479825702e+12",
        "created_user": "DMMASTER",
        "last_edited_date": "1.598155238e+12",
        "last_edited_user": "DMMASTER",
        "edu_update_time": null,
        "edu_update_user": null,
        "source": "BMC/MCGM via OpenCity",
        "source_file": "mumbai_police_stations.kml",
        "verification_status": "SOURCE_KML",
        "coordinate_valid": true
      },
      "geometry": {
        "type": "Point",
        "coordinates": [
          72.884099,
          19.0538625
        ]
      }
    },
    {
      "type": "Feature",
      "properties": {
        "police_location_id": "POLICE_067",
        "source_feature_id": "PS27301700111",
        "object_id": "67",
        "feature_id": "PS27301700111",
        "name": "Ashok Nagar Police Outpost",
        "subtype": "Station",
        "type_code": "1",
        "location": "Ashoknagar Police Outpost Mulund West",
        "ward_code_source": "T",
        "brd_line_no": null,
        "remarks": null,
        "working_hours": null,
        "year_construct": null,
        "no_of_floors": null,
        "no_of_rooms": null,
        "employee_quantity": null,
        "employee_male": null,
        "employee_female": null,
        "employee_disabled": null,
        "cctv_service": null,
        "fire_audit": null,
        "fire_extinguishing_system": null,
        "structural_audit": null,
        "ramp_disabled": null,
        "bathroom_facility": null,
        "water_tank_capacity": null,
        "created_date": "1.479825702e+12",
        "created_user": "DMMASTER",
        "last_edited_date": "1.598154884e+12",
        "last_edited_user": "DMMASTER",
        "edu_update_time": null,
        "edu_update_user": null,
        "source": "BMC/MCGM via OpenCity",
        "source_file": "mumbai_police_stations.kml",
        "verification_status": "SOURCE_KML",
        "coordinate_valid": true
      },
      "geometry": {
        "type": "Point",
        "coordinates": [
          72.948227,
          19.164789
        ]
      }
    },
    {
      "type": "Feature",
      "properties": {
        "police_location_id": "POLICE_068",
        "source_feature_id": "PS21259800064",
        "object_id": "68",
        "feature_id": "PS21259800064",
        "name": "Powai Police Station",
        "subtype": "Station",
        "type_code": "1",
        "location": "Rambaug Junction, A.D. Marg, Powai, Mumbai - 400072.  B.K.Mahadeshwar  9594376376 powaipolicestation@mtnl.net.in",
        "ward_code_source": "S",
        "brd_line_no": "25700218",
        "remarks": null,
        "working_hours": null,
        "year_construct": null,
        "no_of_floors": null,
        "no_of_rooms": null,
        "employee_quantity": null,
        "employee_male": null,
        "employee_female": null,
        "employee_disabled": null,
        "cctv_service": null,
        "fire_audit": null,
        "fire_extinguishing_system": null,
        "structural_audit": null,
        "ramp_disabled": null,
        "bathroom_facility": null,
        "water_tank_capacity": null,
        "created_date": "1.479825702e+12",
        "created_user": "DMMASTER",
        "last_edited_date": "1.59815527e+12",
        "last_edited_user": "DMMASTER",
        "edu_update_time": "1.4457312e+12",
        "edu_update_user": "Ajit N Deshmukh",
        "source": "BMC/MCGM via OpenCity",
        "source_file": "mumbai_police_stations.kml",
        "verification_status": "SOURCE_KML",
        "coordinate_valid": true
      },
      "geometry": {
        "type": "Point",
        "coordinates": [
          72.8994752,
          19.1197044
        ]
      }
    },
    {
      "type": "Feature",
      "properties": {
        "police_location_id": "POLICE_069",
        "source_feature_id": "PS23198000065",
        "object_id": "69",
        "feature_id": "PS23198000065",
        "name": "Deonar Police Station",
        "subtype": "Station",
        "type_code": "1",
        "location": "Behind Deonar Slaughter House, Govandi,  Mumbai-400043. Dhanraj.S.Gaikwad 9769908904 deonarpolicestation@mtnl.net.in",
        "ward_code_source": "M/E",
        "brd_line_no": "25504292",
        "remarks": null,
        "working_hours": null,
        "year_construct": null,
        "no_of_floors": null,
        "no_of_rooms": null,
        "employee_quantity": null,
        "employee_male": null,
        "employee_female": null,
        "employee_disabled": null,
        "cctv_service": null,
        "fire_audit": null,
        "fire_extinguishing_system": null,
        "structural_audit": null,
        "ramp_disabled": null,
        "bathroom_facility": null,
        "water_tank_capacity": null,
        "created_date": "1.479825702e+12",
        "created_user": "DMMASTER",
        "last_edited_date": "1.598155279e+12",
        "last_edited_user": "DMMASTER",
        "edu_update_time": "1.4457312e+12",
        "edu_update_user": "Ajit N Deshmukh",
        "source": "BMC/MCGM via OpenCity",
        "source_file": "mumbai_police_stations.kml",
        "verification_status": "SOURCE_KML",
        "coordinate_valid": true
      },
      "geometry": {
        "type": "Point",
        "coordinates": [
          72.9171225,
          19.058595
        ]
      }
    },
    {
      "type": "Feature",
      "properties": {
        "police_location_id": "POLICE_070",
        "source_feature_id": "PS26167700066",
        "object_id": "70",
        "feature_id": "PS26167700066",
        "name": "Trombay Police Station",
        "subtype": "Station",
        "type_code": "1",
        "location": "Cheeta Camp, Sion-Trombay Road, Mumbai -400088. Nitin Vinayak Yadav trombaypolicestation@gmail.com",
        "ward_code_source": "M/E",
        "brd_line_no": "25567190",
        "remarks": null,
        "working_hours": null,
        "year_construct": null,
        "no_of_floors": null,
        "no_of_rooms": null,
        "employee_quantity": null,
        "employee_male": null,
        "employee_female": null,
        "employee_disabled": null,
        "cctv_service": null,
        "fire_audit": null,
        "fire_extinguishing_system": null,
        "structural_audit": null,
        "ramp_disabled": null,
        "bathroom_facility": null,
        "water_tank_capacity": null,
        "created_date": "1.479825702e+12",
        "created_user": "DMMASTER",
        "last_edited_date": "1.598155293e+12",
        "last_edited_user": "DMMASTER",
        "edu_update_time": "1.4457312e+12",
        "edu_update_user": "Ajit N Deshmukh",
        "source": "BMC/MCGM via OpenCity",
        "source_file": "mumbai_police_stations.kml",
        "verification_status": "SOURCE_KML",
        "coordinate_valid": true
      },
      "geometry": {
        "type": "Point",
        "coordinates": [
          72.9454227,
          19.0382176
        ]
      }
    },
    {
      "type": "Feature",
      "properties": {
        "police_location_id": "POLICE_071",
        "source_feature_id": "PS22176600068",
        "object_id": "71",
        "feature_id": "PS22176600068",
        "name": "C G Road Police Station",
        "subtype": "Station",
        "type_code": "1",
        "location": "Police Station, Dr Choitram Gidwani Road, Chembur, Mumbai,",
        "ward_code_source": "M/E",
        "brd_line_no": null,
        "remarks": null,
        "working_hours": null,
        "year_construct": null,
        "no_of_floors": null,
        "no_of_rooms": null,
        "employee_quantity": null,
        "employee_male": null,
        "employee_female": null,
        "employee_disabled": null,
        "cctv_service": null,
        "fire_audit": null,
        "fire_extinguishing_system": null,
        "structural_audit": null,
        "ramp_disabled": null,
        "bathroom_facility": null,
        "water_tank_capacity": null,
        "created_date": "1.479825702e+12",
        "created_user": "DMMASTER",
        "last_edited_date": "1.598155313e+12",
        "last_edited_user": "DMMASTER",
        "edu_update_time": null,
        "edu_update_user": null,
        "source": "BMC/MCGM via OpenCity",
        "source_file": "mumbai_police_stations.kml",
        "verification_status": "SOURCE_KML",
        "coordinate_valid": true
      },
      "geometry": {
        "type": "Point",
        "coordinates": [
          72.906967,
          19.045599
        ]
      }
    },
    {
      "type": "Feature",
      "properties": {
        "police_location_id": "POLICE_072",
        "source_feature_id": "PS24187400067",
        "object_id": "72",
        "feature_id": "PS24187400067",
        "name": "Mankhurd Police Station",
        "subtype": "Station",
        "type_code": "1",
        "location": "Bld.No.7/A, Lallubhai Compound, Mankhurd, Mumbai - 400043.  Nasor A.H.Shaikh 9320091966 mankhurdpolicestation@mtnl.net.in",
        "ward_code_source": "M/E",
        "brd_line_no": "28917286",
        "remarks": "Re- Locate",
        "working_hours": null,
        "year_construct": null,
        "no_of_floors": null,
        "no_of_rooms": null,
        "employee_quantity": null,
        "employee_male": null,
        "employee_female": null,
        "employee_disabled": null,
        "cctv_service": null,
        "fire_audit": null,
        "fire_extinguishing_system": null,
        "structural_audit": null,
        "ramp_disabled": null,
        "bathroom_facility": null,
        "water_tank_capacity": null,
        "created_date": "1.479825702e+12",
        "created_user": "DMMASTER",
        "last_edited_date": "1.598155345e+12",
        "last_edited_user": "DMMASTER",
        "edu_update_time": "1.4457312e+12",
        "edu_update_user": "Ajit N Deshmukh",
        "source": "BMC/MCGM via OpenCity",
        "source_file": "mumbai_police_stations.kml",
        "verification_status": "SOURCE_KML",
        "coordinate_valid": true
      },
      "geometry": {
        "type": "Point",
        "coordinates": [
          72.9262581,
          19.0532228
        ]
      }
    },
    {
      "type": "Feature",
      "properties": {
        "police_location_id": "POLICE_073",
        "source_feature_id": "PS15188000154",
        "object_id": "73",
        "feature_id": "PS15188000154",
        "name": "Mumbai Sagari Police Station",
        "subtype": "Station",
        "type_code": "1",
        "location": "New Mahim Police Line, Ground Floor, Building No 09, S.L.Raheja Road, Mahim, Mumbai - 400016.  Vijay M. Kadam 9821671217 mumbaisagaripolicestation@mtnl.net.in",
        "ward_code_source": "G/N",
        "brd_line_no": "24440091",
        "remarks": null,
        "working_hours": null,
        "year_construct": null,
        "no_of_floors": null,
        "no_of_rooms": null,
        "employee_quantity": null,
        "employee_male": null,
        "employee_female": null,
        "employee_disabled": null,
        "cctv_service": null,
        "fire_audit": null,
        "fire_extinguishing_system": null,
        "structural_audit": null,
        "ramp_disabled": null,
        "bathroom_facility": null,
        "water_tank_capacity": null,
        "created_date": "1.479825702e+12",
        "created_user": "DMMASTER",
        "last_edited_date": "1.598155355e+12",
        "last_edited_user": "DMMASTER",
        "edu_update_time": null,
        "edu_update_user": null,
        "source": "BMC/MCGM via OpenCity",
        "source_file": "mumbai_police_stations.kml",
        "verification_status": "SOURCE_KML",
        "coordinate_valid": true
      },
      "geometry": {
        "type": "Point",
        "coordinates": [
          72.8422953,
          19.0482591
        ]
      }
    },
    {
      "type": "Feature",
      "properties": {
        "police_location_id": "POLICE_074",
        "source_feature_id": "PS20203500153",
        "object_id": "74",
        "feature_id": "PS20203500153",
        "name": "V B Nagar Police Station",
        "subtype": "Station",
        "type_code": "1",
        "location": "H.I.G Colony, BLD NO. 7 Kohonoor Co.op Hs . Society. V.B Nagar, Kurla (W), Mumbai - 400070. Pravin More  9821517320 vbnagarpolicestation@mtnl.net.in",
        "ward_code_source": "L",
        "brd_line_no": "26500296",
        "remarks": "L ward",
        "working_hours": null,
        "year_construct": null,
        "no_of_floors": null,
        "no_of_rooms": null,
        "employee_quantity": null,
        "employee_male": null,
        "employee_female": null,
        "employee_disabled": null,
        "cctv_service": null,
        "fire_audit": null,
        "fire_extinguishing_system": null,
        "structural_audit": null,
        "ramp_disabled": null,
        "bathroom_facility": null,
        "water_tank_capacity": null,
        "created_date": "1.479825702e+12",
        "created_user": "DMMASTER",
        "last_edited_date": "1.598155366e+12",
        "last_edited_user": "DMMASTER",
        "edu_update_time": null,
        "edu_update_user": null,
        "source": "BMC/MCGM via OpenCity",
        "source_file": "mumbai_police_stations.kml",
        "verification_status": "SOURCE_KML",
        "coordinate_valid": true
      },
      "geometry": {
        "type": "Point",
        "coordinates": [
          72.8841818,
          19.0717166
        ]
      }
    },
    {
      "type": "Feature",
      "properties": {
        "police_location_id": "POLICE_075",
        "source_feature_id": "PS21164600070",
        "object_id": "75",
        "feature_id": "PS21164600070",
        "name": "R C F Police Station",
        "subtype": "Station",
        "type_code": "1",
        "location": "Survey No 12 B, 13 B, CTS No 213,215, 216, Rc Marg,   Hemu Kalani Marg, Sindhi Society, Chembur, Mumbai 400074.  Dilip Vishnu Raut 9870204020 rcfpolicestation@mtnl.net.in",
        "ward_code_source": "M/E",
        "brd_line_no": "25541991",
        "remarks": null,
        "working_hours": null,
        "year_construct": null,
        "no_of_floors": null,
        "no_of_rooms": null,
        "employee_quantity": null,
        "employee_male": null,
        "employee_female": null,
        "employee_disabled": null,
        "cctv_service": null,
        "fire_audit": null,
        "fire_extinguishing_system": null,
        "structural_audit": null,
        "ramp_disabled": null,
        "bathroom_facility": null,
        "water_tank_capacity": null,
        "created_date": "1.479825702e+12",
        "created_user": "DMMASTER",
        "last_edited_date": "1.598155484e+12",
        "last_edited_user": "DMMASTER",
        "edu_update_time": "1.4457312e+12",
        "edu_update_user": "Ajit N Deshmukh",
        "source": "BMC/MCGM via OpenCity",
        "source_file": "mumbai_police_stations.kml",
        "verification_status": "SOURCE_KML",
        "coordinate_valid": true
      },
      "geometry": {
        "type": "Point",
        "coordinates": [
          72.895599,
          19.036489
        ]
      }
    },
    {
      "type": "Feature",
      "properties": {
        "police_location_id": "POLICE_076",
        "source_feature_id": "PS10000100157",
        "object_id": "76",
        "feature_id": "PS10000100157",
        "name": "Kurla Police Station",
        "subtype": "Station",
        "type_code": "1",
        "location": "Sarveshwar Mandir Marg, Takiya Ward, Kurla (W) Mumbai 400070",
        "ward_code_source": "N",
        "brd_line_no": null,
        "remarks": null,
        "working_hours": null,
        "year_construct": null,
        "no_of_floors": null,
        "no_of_rooms": null,
        "employee_quantity": null,
        "employee_male": null,
        "employee_female": null,
        "employee_disabled": null,
        "cctv_service": null,
        "fire_audit": null,
        "fire_extinguishing_system": null,
        "structural_audit": null,
        "ramp_disabled": null,
        "bathroom_facility": null,
        "water_tank_capacity": null,
        "created_date": "1.479825702e+12",
        "created_user": "DMMASTER",
        "last_edited_date": "1.598155619e+12",
        "last_edited_user": "DMMASTER",
        "edu_update_time": null,
        "edu_update_user": null,
        "source": "BMC/MCGM via OpenCity",
        "source_file": "mumbai_police_stations.kml",
        "verification_status": "SOURCE_KML",
        "coordinate_valid": true
      },
      "geometry": {
        "type": "Point",
        "coordinates": [
          72.9367756,
          19.0766504
        ]
      }
    },
    {
      "type": "Feature",
      "properties": {
        "police_location_id": "POLICE_077",
        "source_feature_id": "PS18271000148",
        "object_id": "77",
        "feature_id": "PS18271000148",
        "name": "Meghwadi Police Station",
        "subtype": "Station",
        "type_code": "1",
        "location": "Income Tax Colony, R R Thakur Road, Jogeshwari East, Mumbai- 400060. A.Vastrad 9867251988 acpmeghwadi@mtnl.net.in  Vinod V. Shinde 9821239102 meghwadipolicestation@mtnl.net.in",
        "ward_code_source": "K/E",
        "brd_line_no": "28367548",
        "remarks": "28367548, 28210837",
        "working_hours": null,
        "year_construct": null,
        "no_of_floors": null,
        "no_of_rooms": null,
        "employee_quantity": null,
        "employee_male": null,
        "employee_female": null,
        "employee_disabled": null,
        "cctv_service": null,
        "fire_audit": null,
        "fire_extinguishing_system": null,
        "structural_audit": null,
        "ramp_disabled": null,
        "bathroom_facility": null,
        "water_tank_capacity": null,
        "created_date": "1.479825702e+12",
        "created_user": "DMMASTER",
        "last_edited_date": "1.602503011e+12",
        "last_edited_user": "DMMASTER",
        "edu_update_time": "1.601741894e+12",
        "edu_update_user": "Dhaygude Sachin Sadashiv",
        "source": "BMC/MCGM via OpenCity",
        "source_file": "mumbai_police_stations.kml",
        "verification_status": "SOURCE_KML",
        "coordinate_valid": true
      },
      "geometry": {
        "type": "Point",
        "coordinates": [
          72.8610788,
          19.1314908
        ]
      }
    },
    {
      "type": "Feature",
      "properties": {
        "police_location_id": "POLICE_078",
        "source_feature_id": "PS15118300002",
        "object_id": "78",
        "feature_id": "PS15118300002",
        "name": "Kalachowki Police Station",
        "subtype": "Station",
        "type_code": "1",
        "location": "Veer Shrikant Hadkar Marg, Chatai Chawl, Abhyudaya Nagar, Kalachowki, Parel Mumbai - 400033.",
        "ward_code_source": "F/S",
        "brd_line_no": "23715863",
        "remarks": "kalachowkipolicestation@mtnl.net.in  Re-locate",
        "working_hours": null,
        "year_construct": null,
        "no_of_floors": null,
        "no_of_rooms": null,
        "employee_quantity": null,
        "employee_male": null,
        "employee_female": null,
        "employee_disabled": null,
        "cctv_service": null,
        "fire_audit": null,
        "fire_extinguishing_system": null,
        "structural_audit": null,
        "ramp_disabled": null,
        "bathroom_facility": null,
        "water_tank_capacity": null,
        "created_date": "1.479825702e+12",
        "created_user": "DMMASTER",
        "last_edited_date": "1.56630854e+12",
        "last_edited_user": "DMMASTER",
        "edu_update_time": "1.4457312e+12",
        "edu_update_user": "Ajit N Deshmukh",
        "source": "BMC/MCGM via OpenCity",
        "source_file": "mumbai_police_stations.kml",
        "verification_status": "SOURCE_KML",
        "coordinate_valid": true
      },
      "geometry": {
        "type": "Point",
        "coordinates": [
          72.8423906,
          18.9879121
        ]
      }
    },
    {
      "type": "Feature",
      "properties": {
        "police_location_id": "POLICE_079",
        "source_feature_id": "PS17164000007",
        "object_id": "79",
        "feature_id": "PS17164000007",
        "name": "Sion Police Station",
        "subtype": "Station",
        "type_code": "1",
        "location": "Matunga Police Station compound,King's Circle Flyover, Mutunga,  Mumbai-400019.",
        "ward_code_source": "F/N",
        "brd_line_no": "24031376",
        "remarks": "Y.C.Gorade 9870160621 sionpolicestation@mtnl.net.in",
        "working_hours": null,
        "year_construct": null,
        "no_of_floors": null,
        "no_of_rooms": null,
        "employee_quantity": null,
        "employee_male": null,
        "employee_female": null,
        "employee_disabled": null,
        "cctv_service": null,
        "fire_audit": null,
        "fire_extinguishing_system": null,
        "structural_audit": null,
        "ramp_disabled": null,
        "bathroom_facility": null,
        "water_tank_capacity": null,
        "created_date": "1.479825702e+12",
        "created_user": "DMMASTER",
        "last_edited_date": "1.566308566e+12",
        "last_edited_user": "DMMASTER",
        "edu_update_time": "1.4457312e+12",
        "edu_update_user": "Ajit N Deshmukh",
        "source": "BMC/MCGM via OpenCity",
        "source_file": "mumbai_police_stations.kml",
        "verification_status": "SOURCE_KML",
        "coordinate_valid": true
      },
      "geometry": {
        "type": "Point",
        "coordinates": [
          72.857656,
          19.030869
        ]
      }
    },
    {
      "type": "Feature",
      "properties": {
        "police_location_id": "POLICE_080",
        "source_feature_id": "PS17164000008",
        "object_id": "80",
        "feature_id": "PS17164000008",
        "name": "Matunga Police Station",
        "subtype": "Station",
        "type_code": "1",
        "location": "Dr. Babasaheb Ambedkar Road, King's Circle Flyover, Mutunga,  Mumbai-400019.",
        "ward_code_source": "F/N",
        "brd_line_no": "24021512",
        "remarks": "B.M.Kakad 9821220270 matungapolicestation@mtnl.net.in",
        "working_hours": null,
        "year_construct": null,
        "no_of_floors": null,
        "no_of_rooms": null,
        "employee_quantity": null,
        "employee_male": null,
        "employee_female": null,
        "employee_disabled": null,
        "cctv_service": null,
        "fire_audit": null,
        "fire_extinguishing_system": null,
        "structural_audit": null,
        "ramp_disabled": null,
        "bathroom_facility": null,
        "water_tank_capacity": null,
        "created_date": "1.479825702e+12",
        "created_user": "DMMASTER",
        "last_edited_date": "1.566308512e+12",
        "last_edited_user": "DMMASTER",
        "edu_update_time": "1.4457312e+12",
        "edu_update_user": "Ajit N Deshmukh",
        "source": "BMC/MCGM via OpenCity",
        "source_file": "mumbai_police_stations.kml",
        "verification_status": "SOURCE_KML",
        "coordinate_valid": true
      },
      "geometry": {
        "type": "Point",
        "coordinates": [
          72.857839,
          19.031156
        ]
      }
    },
    {
      "type": "Feature",
      "properties": {
        "police_location_id": "POLICE_081",
        "source_feature_id": "PS18154000009",
        "object_id": "81",
        "feature_id": "PS18154000009",
        "name": "Antop Hill Police Station",
        "subtype": "Station",
        "type_code": "1",
        "location": "Bldg. No.229, Ground Flr, Sector - VI, Antop Hill, Mumbai-37. M.Khollam, 9870549544 antophillpolicestation@mtnl.net.in",
        "ward_code_source": "F/N",
        "brd_line_no": "24013767",
        "remarks": null,
        "working_hours": null,
        "year_construct": null,
        "no_of_floors": null,
        "no_of_rooms": null,
        "employee_quantity": null,
        "employee_male": null,
        "employee_female": null,
        "employee_disabled": null,
        "cctv_service": null,
        "fire_audit": null,
        "fire_extinguishing_system": null,
        "structural_audit": null,
        "ramp_disabled": null,
        "bathroom_facility": null,
        "water_tank_capacity": null,
        "created_date": "1.479825702e+12",
        "created_user": "DMMASTER",
        "last_edited_date": "1.566308617e+12",
        "last_edited_user": "DMMASTER",
        "edu_update_time": "1.4457312e+12",
        "edu_update_user": "Ajit N Deshmukh",
        "source": "BMC/MCGM via OpenCity",
        "source_file": "mumbai_police_stations.kml",
        "verification_status": "SOURCE_KML",
        "coordinate_valid": true
      },
      "geometry": {
        "type": "Point",
        "coordinates": [
          72.8646705,
          19.0305167
        ]
      }
    },
    {
      "type": "Feature",
      "properties": {
        "police_location_id": "POLICE_083",
        "source_feature_id": "PS14099700139",
        "object_id": "83",
        "feature_id": "PS14099700139",
        "name": "Byculla Police Station",
        "subtype": "Station",
        "type_code": "1",
        "location": "16, Hansraj Lane, Near Moti Shah Jain Temple, Byculla (E), Mumbai-400027.",
        "ward_code_source": "E",
        "brd_line_no": "23748292",
        "remarks": "Suresh Shankarao Magdum 9821220293 bycullapolicestation@mtnl.net.in",
        "working_hours": null,
        "year_construct": null,
        "no_of_floors": null,
        "no_of_rooms": null,
        "employee_quantity": null,
        "employee_male": null,
        "employee_female": null,
        "employee_disabled": null,
        "cctv_service": null,
        "fire_audit": null,
        "fire_extinguishing_system": null,
        "structural_audit": null,
        "ramp_disabled": null,
        "bathroom_facility": null,
        "water_tank_capacity": null,
        "created_date": "1.479825702e+12",
        "created_user": "DMMASTER",
        "last_edited_date": "1.566308515e+12",
        "last_edited_user": "DMMASTER",
        "edu_update_time": null,
        "edu_update_user": null,
        "source": "BMC/MCGM via OpenCity",
        "source_file": "mumbai_police_stations.kml",
        "verification_status": "SOURCE_KML",
        "coordinate_valid": true
      },
      "geometry": {
        "type": "Point",
        "coordinates": [
          72.8340621,
          18.9735429
        ]
      }
    },
    {
      "type": "Feature",
      "properties": {
        "police_location_id": "POLICE_084",
        "source_feature_id": "PS13108100140",
        "object_id": "84",
        "feature_id": "PS13108100140",
        "name": "Agripada Police Station",
        "subtype": "Station",
        "type_code": "1",
        "location": "Agripada Police Station, Dr. Nair  Road, Agripada, Mumbai-400011.",
        "ward_code_source": "E",
        "brd_line_no": "23070532",
        "remarks": "Ashok Sarambalkar  9920211266 agripadapolicestation@mtnl.net.in",
        "working_hours": null,
        "year_construct": null,
        "no_of_floors": null,
        "no_of_rooms": null,
        "employee_quantity": null,
        "employee_male": null,
        "employee_female": null,
        "employee_disabled": null,
        "cctv_service": null,
        "fire_audit": null,
        "fire_extinguishing_system": null,
        "structural_audit": null,
        "ramp_disabled": null,
        "bathroom_facility": null,
        "water_tank_capacity": null,
        "created_date": "1.479825702e+12",
        "created_user": "DMMASTER",
        "last_edited_date": "1.566308511e+12",
        "last_edited_user": "DMMASTER",
        "edu_update_time": null,
        "edu_update_user": null,
        "source": "BMC/MCGM via OpenCity",
        "source_file": "mumbai_police_stations.kml",
        "verification_status": "SOURCE_KML",
        "coordinate_valid": true
      },
      "geometry": {
        "type": "Point",
        "coordinates": [
          72.824173,
          18.976616
        ]
      }
    },
    {
      "type": "Feature",
      "properties": {
        "police_location_id": "POLICE_085",
        "source_feature_id": "PS15077900128",
        "object_id": "85",
        "feature_id": "PS15077900128",
        "name": "Mandvi Police Station",
        "subtype": "Station",
        "type_code": "1",
        "location": "Frere Road, Dana Bandar, Mandvi, Mumbai - 400009.",
        "ward_code_source": "B",
        "brd_line_no": "23463333",
        "remarks": null,
        "working_hours": null,
        "year_construct": null,
        "no_of_floors": null,
        "no_of_rooms": null,
        "employee_quantity": null,
        "employee_male": null,
        "employee_female": null,
        "employee_disabled": null,
        "cctv_service": null,
        "fire_audit": null,
        "fire_extinguishing_system": null,
        "structural_audit": null,
        "ramp_disabled": null,
        "bathroom_facility": null,
        "water_tank_capacity": null,
        "created_date": "1.479825702e+12",
        "created_user": "DMMASTER",
        "last_edited_date": "1.579525971e+12",
        "last_edited_user": "DMMASTER",
        "edu_update_time": null,
        "edu_update_user": null,
        "source": "BMC/MCGM via OpenCity",
        "source_file": "mumbai_police_stations.kml",
        "verification_status": "SOURCE_KML",
        "coordinate_valid": true
      },
      "geometry": {
        "type": "Point",
        "coordinates": [
          72.842255,
          18.957191
        ]
      }
    },
    {
      "type": "Feature",
      "properties": {
        "police_location_id": "POLICE_086",
        "source_feature_id": "PS11000000011",
        "object_id": "86",
        "feature_id": "PS11000000011",
        "name": "New Police Line",
        "subtype": "Station",
        "type_code": "0",
        "location": "New Police Line,S Radha Krishnan Road,Near Andheri Station,Andheri East,Mumbai, 400069",
        "ward_code_source": "K/E",
        "brd_line_no": "NA",
        "remarks": null,
        "working_hours": null,
        "year_construct": null,
        "no_of_floors": null,
        "no_of_rooms": null,
        "employee_quantity": null,
        "employee_male": null,
        "employee_female": null,
        "employee_disabled": null,
        "cctv_service": null,
        "fire_audit": null,
        "fire_extinguishing_system": null,
        "structural_audit": null,
        "ramp_disabled": null,
        "bathroom_facility": null,
        "water_tank_capacity": null,
        "created_date": "1.578934221e+12",
        "created_user": "DMMASTER",
        "last_edited_date": "1.578934221e+12",
        "last_edited_user": "DMMASTER",
        "edu_update_time": null,
        "edu_update_user": null,
        "source": "BMC/MCGM via OpenCity",
        "source_file": "mumbai_police_stations.kml",
        "verification_status": "SOURCE_KML",
        "coordinate_valid": true
      },
      "geometry": {
        "type": "Point",
        "coordinates": [
          72.84827,
          19.11946
        ]
      }
    },
    {
      "type": "Feature",
      "properties": {
        "police_location_id": "POLICE_087",
        "source_feature_id": "PS17296800089",
        "object_id": "87",
        "feature_id": "PS17296800089",
        "name": "Vanrai Police Station",
        "subtype": "Station",
        "type_code": "1",
        "location": "Bldg, Nos. 2/Mhada vanrai Colony, Goregaon (E), Mumbai - 400063. Chandrakant N Gurav 9821624681 goregaoneastpolicestation07@yahoo.in",
        "ward_code_source": "P/S",
        "brd_line_no": "26862933",
        "remarks": null,
        "working_hours": null,
        "year_construct": null,
        "no_of_floors": null,
        "no_of_rooms": null,
        "employee_quantity": null,
        "employee_male": null,
        "employee_female": null,
        "employee_disabled": null,
        "cctv_service": null,
        "fire_audit": null,
        "fire_extinguishing_system": null,
        "structural_audit": null,
        "ramp_disabled": null,
        "bathroom_facility": null,
        "water_tank_capacity": null,
        "created_date": "1.479825702e+12",
        "created_user": "DMMASTER",
        "last_edited_date": "1.598155685e+12",
        "last_edited_user": "DMMASTER",
        "edu_update_time": null,
        "edu_update_user": null,
        "source": "BMC/MCGM via OpenCity",
        "source_file": "mumbai_police_stations.kml",
        "verification_status": "SOURCE_KML",
        "coordinate_valid": true
      },
      "geometry": {
        "type": "Point",
        "coordinates": [
          72.857735,
          19.155743
        ]
      }
    },
    {
      "type": "Feature",
      "properties": {
        "police_location_id": "POLICE_088",
        "source_feature_id": "PS17377900091",
        "object_id": "88",
        "feature_id": "PS17377900091",
        "name": "Kasturba Marg Police Station",
        "subtype": "Station",
        "type_code": "1",
        "location": "at the Junction of Main Kasturba Road & Cross Road No.1, Borivali (E), Mumbai-400066. Suhas Raikar  9594344111 kasturbapolicestation@mtnl.net.in",
        "ward_code_source": "R/C",
        "brd_line_no": "28066158",
        "remarks": null,
        "working_hours": null,
        "year_construct": null,
        "no_of_floors": null,
        "no_of_rooms": null,
        "employee_quantity": null,
        "employee_male": null,
        "employee_female": null,
        "employee_disabled": null,
        "cctv_service": null,
        "fire_audit": null,
        "fire_extinguishing_system": null,
        "structural_audit": null,
        "ramp_disabled": null,
        "bathroom_facility": null,
        "water_tank_capacity": null,
        "created_date": "1.479825702e+12",
        "created_user": "DMMASTER",
        "last_edited_date": "1.598155703e+12",
        "last_edited_user": "DMMASTER",
        "edu_update_time": null,
        "edu_update_user": null,
        "source": "BMC/MCGM via OpenCity",
        "source_file": "mumbai_police_stations.kml",
        "verification_status": "SOURCE_KML",
        "coordinate_valid": true
      },
      "geometry": {
        "type": "Point",
        "coordinates": [
          72.857933,
          19.228308
        ]
      }
    },
    {
      "type": "Feature",
      "properties": {
        "police_location_id": "POLICE_090",
        "source_feature_id": "PS15389300096",
        "object_id": "90",
        "feature_id": "PS15389300096",
        "name": "M H B Police Station",
        "subtype": "Station",
        "type_code": "1",
        "location": "Old. M.H.B Colony, Near Borivali Main Post Office, New Link Road, Borivali (W), Mumbai - 400091.  Subhas Krishna Chavan 9870298510 mhbpolicestation@mtnl.net.in",
        "ward_code_source": "R/C",
        "brd_line_no": "28679323",
        "remarks": null,
        "working_hours": null,
        "year_construct": null,
        "no_of_floors": null,
        "no_of_rooms": null,
        "employee_quantity": null,
        "employee_male": null,
        "employee_female": null,
        "employee_disabled": null,
        "cctv_service": null,
        "fire_audit": null,
        "fire_extinguishing_system": null,
        "structural_audit": null,
        "ramp_disabled": null,
        "bathroom_facility": null,
        "water_tank_capacity": null,
        "created_date": "1.479825702e+12",
        "created_user": "DMMASTER",
        "last_edited_date": "1.598155756e+12",
        "last_edited_user": "DMMASTER",
        "edu_update_time": null,
        "edu_update_user": null,
        "source": "BMC/MCGM via OpenCity",
        "source_file": "mumbai_police_stations.kml",
        "verification_status": "SOURCE_KML",
        "coordinate_valid": true
      },
      "geometry": {
        "type": "Point",
        "coordinates": [
          72.840408,
          19.23222
        ]
      }
    },
    {
      "type": "Feature",
      "properties": {
        "police_location_id": "POLICE_091",
        "source_feature_id": "PS19301600086",
        "object_id": "91",
        "feature_id": "PS19301600086",
        "name": "Aarey Police Station",
        "subtype": "Station",
        "type_code": "1",
        "location": "Near O.P.Garden, Dinkarrao Desai Marg, Aaery Colony, Near Chotta Kashmir Boating Club,Goregaon (E), Mumbai - 400065.Vilas Shrikant Chavan aareysubpolicestation@mtnl.net.in aareypolicestation@gmail.com",
        "ward_code_source": "P/S",
        "brd_line_no": "29272485",
        "remarks": null,
        "working_hours": null,
        "year_construct": null,
        "no_of_floors": null,
        "no_of_rooms": null,
        "employee_quantity": null,
        "employee_male": null,
        "employee_female": null,
        "employee_disabled": null,
        "cctv_service": null,
        "fire_audit": null,
        "fire_extinguishing_system": null,
        "structural_audit": null,
        "ramp_disabled": null,
        "bathroom_facility": null,
        "water_tank_capacity": null,
        "created_date": "1.479825702e+12",
        "created_user": "DMMASTER",
        "last_edited_date": "1.598155016e+12",
        "last_edited_user": "DMMASTER",
        "edu_update_time": null,
        "edu_update_user": null,
        "source": "BMC/MCGM via OpenCity",
        "source_file": "mumbai_police_stations.kml",
        "verification_status": "SOURCE_KML",
        "coordinate_valid": true
      },
      "geometry": {
        "type": "Point",
        "coordinates": [
          72.87178,
          19.162741
        ]
      }
    },
    {
      "type": "Feature",
      "properties": {
        "police_location_id": "POLICE_092",
        "source_feature_id": "PS23178900141",
        "object_id": "92",
        "feature_id": "PS23178900141",
        "name": "Govandi Police Station",
        "subtype": "Station",
        "type_code": "1",
        "location": "CTS No. 373/5, HP Petrol Pump Lane, Near Raheja Acropolis-II, Off V.N Purav Marg, Deonar, Mumbai - 400088.  Uttam Kolekar 9821629922  srpigovandi@gmail.com",
        "ward_code_source": "M/E",
        "brd_line_no": "25562171",
        "remarks": null,
        "working_hours": null,
        "year_construct": null,
        "no_of_floors": null,
        "no_of_rooms": null,
        "employee_quantity": null,
        "employee_male": null,
        "employee_female": null,
        "employee_disabled": null,
        "cctv_service": null,
        "fire_audit": null,
        "fire_extinguishing_system": null,
        "structural_audit": null,
        "ramp_disabled": null,
        "bathroom_facility": null,
        "water_tank_capacity": null,
        "created_date": "1.479825702e+12",
        "created_user": "DMMASTER",
        "last_edited_date": "1.598155078e+12",
        "last_edited_user": "DMMASTER",
        "edu_update_time": null,
        "edu_update_user": null,
        "source": "BMC/MCGM via OpenCity",
        "source_file": "mumbai_police_stations.kml",
        "verification_status": "SOURCE_KML",
        "coordinate_valid": true
      },
      "geometry": {
        "type": "Point",
        "coordinates": [
          72.9177698,
          19.0486326
        ]
      }
    },
    {
      "type": "Feature",
      "properties": {
        "police_location_id": "POLICE_094",
        "source_feature_id": "PS17378100143",
        "object_id": "94",
        "feature_id": "PS17378100143",
        "name": "Borivali Police Station",
        "subtype": "Station",
        "type_code": "1",
        "location": "Opp.Borivali Railway Station, S. V. Road, Borivali (W), Mumbai - 400066. Gunaji Sawant  9821334681 borivalipolicestation@mtnl.net.in",
        "ward_code_source": "R/C",
        "brd_line_no": "28906606",
        "remarks": null,
        "working_hours": null,
        "year_construct": null,
        "no_of_floors": null,
        "no_of_rooms": null,
        "employee_quantity": null,
        "employee_male": null,
        "employee_female": null,
        "employee_disabled": null,
        "cctv_service": null,
        "fire_audit": null,
        "fire_extinguishing_system": null,
        "structural_audit": null,
        "ramp_disabled": null,
        "bathroom_facility": null,
        "water_tank_capacity": null,
        "created_date": "1.479825702e+12",
        "created_user": "DMMASTER",
        "last_edited_date": "1.5981551e+12",
        "last_edited_user": "DMMASTER",
        "edu_update_time": null,
        "edu_update_user": null,
        "source": "BMC/MCGM via OpenCity",
        "source_file": "mumbai_police_stations.kml",
        "verification_status": "SOURCE_KML",
        "coordinate_valid": true
      },
      "geometry": {
        "type": "Point",
        "coordinates": [
          72.8559244,
          19.2291142
        ]
      }
    },
    {
      "type": "Feature",
      "properties": {
        "police_location_id": "POLICE_096",
        "source_feature_id": "PS25269900147",
        "object_id": "96",
        "feature_id": "PS25269900147",
        "name": "Kanjur Marg Police Station",
        "subtype": "Station",
        "type_code": "1",
        "location": "Nehru Nagar, Near Pariwar Co-Opp. Housing Socity,kanjur marg East,  Mumbai - 400042. A.L Satpute   9821898799 kanjurmargpstn@gmail.com",
        "ward_code_source": "S",
        "brd_line_no": "25780753",
        "remarks": null,
        "working_hours": null,
        "year_construct": null,
        "no_of_floors": null,
        "no_of_rooms": null,
        "employee_quantity": null,
        "employee_male": null,
        "employee_female": null,
        "employee_disabled": null,
        "cctv_service": null,
        "fire_audit": null,
        "fire_extinguishing_system": null,
        "structural_audit": null,
        "ramp_disabled": null,
        "bathroom_facility": null,
        "water_tank_capacity": null,
        "created_date": "1.479825702e+12",
        "created_user": "DMMASTER",
        "last_edited_date": "1.598155141e+12",
        "last_edited_user": "DMMASTER",
        "edu_update_time": null,
        "edu_update_user": null,
        "source": "BMC/MCGM via OpenCity",
        "source_file": "mumbai_police_stations.kml",
        "verification_status": "SOURCE_KML",
        "coordinate_valid": true
      },
      "geometry": {
        "type": "Point",
        "coordinates": [
          72.9373573,
          19.1301221
        ]
      }
    },
    {
      "type": "Feature",
      "properties": {
        "police_location_id": "POLICE_099",
        "source_feature_id": "PS23227200150",
        "object_id": "99",
        "feature_id": "PS23227200150",
        "name": "Pant Nagar Police Station",
        "subtype": "Station",
        "type_code": "1",
        "location": "B.N.72, Gr. Floor, Swamy Samarth Ramdas Road. Pant Nagar, Ghatkopar (E), Mumbai-400075.  Shankar Anandrao Dhanavade   9870148622pantnagarpstn@gmail.com",
        "ward_code_source": null,
        "brd_line_no": "21028914",
        "remarks": null,
        "working_hours": null,
        "year_construct": null,
        "no_of_floors": null,
        "no_of_rooms": null,
        "employee_quantity": null,
        "employee_male": null,
        "employee_female": null,
        "employee_disabled": null,
        "cctv_service": null,
        "fire_audit": null,
        "fire_extinguishing_system": null,
        "structural_audit": null,
        "ramp_disabled": null,
        "bathroom_facility": null,
        "water_tank_capacity": null,
        "created_date": "1.479825702e+12",
        "created_user": "DMMASTER",
        "last_edited_date": "1.647976127e+12",
        "last_edited_user": "DMMASTER@PRSRVGISDB.MUMBASE.MCGM.GOV.IN",
        "edu_update_time": "1.628211528e+12",
        "edu_update_user": "Rathod Savita Ghevarchand",
        "source": "BMC/MCGM via OpenCity",
        "source_file": "mumbai_police_stations.kml",
        "verification_status": "SOURCE_KML",
        "coordinate_valid": true
      },
      "geometry": {
        "type": "Point",
        "coordinates": [
          72.91634,
          19.087191
        ]
      }
    },
    {
      "type": "Feature",
      "properties": {
        "police_location_id": "POLICE_101",
        "source_feature_id": "PS17152600013",
        "object_id": "101",
        "feature_id": "PS17152600013",
        "name": "Police Station-1715260000365",
        "subtype": "Station",
        "type_code": "1",
        "location": null,
        "ward_code_source": "F/N",
        "brd_line_no": null,
        "remarks": null,
        "working_hours": null,
        "year_construct": null,
        "no_of_floors": null,
        "no_of_rooms": null,
        "employee_quantity": null,
        "employee_male": null,
        "employee_female": null,
        "employee_disabled": null,
        "cctv_service": null,
        "fire_audit": null,
        "fire_extinguishing_system": null,
        "structural_audit": null,
        "ramp_disabled": null,
        "bathroom_facility": null,
        "water_tank_capacity": null,
        "created_date": "1.479825702e+12",
        "created_user": "DMMASTER",
        "last_edited_date": "1.598154087e+12",
        "last_edited_user": "DMMASTER",
        "edu_update_time": null,
        "edu_update_user": null,
        "source": "BMC/MCGM via OpenCity",
        "source_file": "mumbai_police_stations.kml",
        "verification_status": "SOURCE_KML",
        "coordinate_valid": true
      },
      "geometry": {
        "type": "Point",
        "coordinates": [
          72.855331,
          19.026953
        ]
      }
    },
    {
      "type": "Feature",
      "properties": {
        "police_location_id": "POLICE_102",
        "source_feature_id": "PS17145400014",
        "object_id": "102",
        "feature_id": "PS17145400014",
        "name": "Police Station-1714540000366",
        "subtype": "Station",
        "type_code": "1",
        "location": "Raffi Ahemad Kidwai marg, Wadala.",
        "ward_code_source": "F/N",
        "brd_line_no": null,
        "remarks": null,
        "working_hours": null,
        "year_construct": null,
        "no_of_floors": null,
        "no_of_rooms": null,
        "employee_quantity": null,
        "employee_male": null,
        "employee_female": null,
        "employee_disabled": null,
        "cctv_service": null,
        "fire_audit": null,
        "fire_extinguishing_system": null,
        "structural_audit": null,
        "ramp_disabled": null,
        "bathroom_facility": null,
        "water_tank_capacity": null,
        "created_date": "1.479825702e+12",
        "created_user": "DMMASTER",
        "last_edited_date": "1.598154094e+12",
        "last_edited_user": "DMMASTER",
        "edu_update_time": null,
        "edu_update_user": null,
        "source": "BMC/MCGM via OpenCity",
        "source_file": "mumbai_police_stations.kml",
        "verification_status": "SOURCE_KML",
        "coordinate_valid": true
      },
      "geometry": {
        "type": "Point",
        "coordinates": [
          72.8586778,
          19.0165499
        ]
      }
    },
    {
      "type": "Feature",
      "properties": {
        "police_location_id": "POLICE_103",
        "source_feature_id": "PS16132800015",
        "object_id": "103",
        "feature_id": "PS16132800015",
        "name": "Deputy Commissioner Office",
        "subtype": "Office",
        "type_code": "1",
        "location": "Deputy Commisioner Office Police Headquarter, Apana Bazar, Borivada, Naigaon, Dadar",
        "ward_code_source": "F/S",
        "brd_line_no": null,
        "remarks": null,
        "working_hours": null,
        "year_construct": null,
        "no_of_floors": null,
        "no_of_rooms": null,
        "employee_quantity": null,
        "employee_male": null,
        "employee_female": null,
        "employee_disabled": null,
        "cctv_service": null,
        "fire_audit": null,
        "fire_extinguishing_system": null,
        "structural_audit": null,
        "ramp_disabled": null,
        "bathroom_facility": null,
        "water_tank_capacity": null,
        "created_date": "1.479825702e+12",
        "created_user": "DMMASTER",
        "last_edited_date": "1.59815411e+12",
        "last_edited_user": "DMMASTER",
        "edu_update_time": null,
        "edu_update_user": null,
        "source": "BMC/MCGM via OpenCity",
        "source_file": "mumbai_police_stations.kml",
        "verification_status": "SOURCE_KML",
        "coordinate_valid": true
      },
      "geometry": {
        "type": "Point",
        "coordinates": [
          72.846375,
          19.010983
        ]
      }
    },
    {
      "type": "Feature",
      "properties": {
        "police_location_id": "POLICE_104",
        "source_feature_id": "PS16133400017",
        "object_id": "104",
        "feature_id": "PS16133400017",
        "name": "G D Marg Police Station",
        "subtype": "Station",
        "type_code": "1",
        "location": "G D Ambekar Marg, Naigaon, Dadar East, Mumbai,",
        "ward_code_source": "F/S",
        "brd_line_no": null,
        "remarks": null,
        "working_hours": null,
        "year_construct": null,
        "no_of_floors": null,
        "no_of_rooms": null,
        "employee_quantity": null,
        "employee_male": null,
        "employee_female": null,
        "employee_disabled": null,
        "cctv_service": null,
        "fire_audit": null,
        "fire_extinguishing_system": null,
        "structural_audit": null,
        "ramp_disabled": null,
        "bathroom_facility": null,
        "water_tank_capacity": null,
        "created_date": "1.479825702e+12",
        "created_user": "DMMASTER",
        "last_edited_date": "1.598154143e+12",
        "last_edited_user": "DMMASTER",
        "edu_update_time": null,
        "edu_update_user": null,
        "source": "BMC/MCGM via OpenCity",
        "source_file": "mumbai_police_stations.kml",
        "verification_status": "SOURCE_KML",
        "coordinate_valid": true
      },
      "geometry": {
        "type": "Point",
        "coordinates": [
          72.846916,
          19.007332
        ]
      }
    },
    {
      "type": "Feature",
      "properties": {
        "police_location_id": "POLICE_105",
        "source_feature_id": "PS17137900021",
        "object_id": "105",
        "feature_id": "PS17137900021",
        "name": "Wadala Police Station1",
        "subtype": "Station",
        "type_code": "1",
        "location": "Wadala Police Station",
        "ward_code_source": "F/S",
        "brd_line_no": null,
        "remarks": null,
        "working_hours": null,
        "year_construct": null,
        "no_of_floors": null,
        "no_of_rooms": null,
        "employee_quantity": null,
        "employee_male": null,
        "employee_female": null,
        "employee_disabled": null,
        "cctv_service": null,
        "fire_audit": null,
        "fire_extinguishing_system": null,
        "structural_audit": null,
        "ramp_disabled": null,
        "bathroom_facility": null,
        "water_tank_capacity": null,
        "created_date": "1.479825702e+12",
        "created_user": "DMMASTER",
        "last_edited_date": "1.598154154e+12",
        "last_edited_user": "DMMASTER",
        "edu_update_time": null,
        "edu_update_user": null,
        "source": "BMC/MCGM via OpenCity",
        "source_file": "mumbai_police_stations.kml",
        "verification_status": "SOURCE_KML",
        "coordinate_valid": true
      },
      "geometry": {
        "type": "Point",
        "coordinates": [
          72.860413,
          19.011597
        ]
      }
    },
    {
      "type": "Feature",
      "properties": {
        "police_location_id": "POLICE_106",
        "source_feature_id": "PS17256000052",
        "object_id": "106",
        "feature_id": "PS17256000052",
        "name": "G H Road Police Station",
        "subtype": "Station",
        "type_code": "1",
        "location": "Guru Hargovindji Road, Andheri East, Mumbai 400053",
        "ward_code_source": "K/E",
        "brd_line_no": null,
        "remarks": null,
        "working_hours": null,
        "year_construct": null,
        "no_of_floors": null,
        "no_of_rooms": null,
        "employee_quantity": null,
        "employee_male": null,
        "employee_female": null,
        "employee_disabled": null,
        "cctv_service": null,
        "fire_audit": null,
        "fire_extinguishing_system": null,
        "structural_audit": null,
        "ramp_disabled": null,
        "bathroom_facility": null,
        "water_tank_capacity": null,
        "created_date": "1.479825702e+12",
        "created_user": "DMMASTER",
        "last_edited_date": "1.598154191e+12",
        "last_edited_user": "DMMASTER",
        "edu_update_time": null,
        "edu_update_user": null,
        "source": "BMC/MCGM via OpenCity",
        "source_file": "mumbai_police_stations.kml",
        "verification_status": "SOURCE_KML",
        "coordinate_valid": true
      },
      "geometry": {
        "type": "Point",
        "coordinates": [
          72.857948,
          19.111944
        ]
      }
    },
    {
      "type": "Feature",
      "properties": {
        "police_location_id": "POLICE_107",
        "source_feature_id": "PS18140300010",
        "object_id": "107",
        "feature_id": "PS18140300010",
        "name": "Wadala Police station",
        "subtype": "Station",
        "type_code": "1",
        "location": "Antop Hill Road, Near Korba Mithagar, Nadkarni Park, Wadala (E), Mumbai-400037.",
        "ward_code_source": "F/N",
        "brd_line_no": "24185250, 24121754",
        "remarks": "Parshuram Karyakarte 8108254777 wadalapolicestation@mtnl.net.in",
        "working_hours": null,
        "year_construct": null,
        "no_of_floors": null,
        "no_of_rooms": null,
        "employee_quantity": null,
        "employee_male": null,
        "employee_female": null,
        "employee_disabled": null,
        "cctv_service": null,
        "fire_audit": null,
        "fire_extinguishing_system": null,
        "structural_audit": null,
        "ramp_disabled": null,
        "bathroom_facility": null,
        "water_tank_capacity": null,
        "created_date": "1.479825702e+12",
        "created_user": "DMMASTER",
        "last_edited_date": "1.598154257e+12",
        "last_edited_user": "DMMASTER",
        "edu_update_time": "1.4457312e+12",
        "edu_update_user": "Ajit N Deshmukh",
        "source": "BMC/MCGM via OpenCity",
        "source_file": "mumbai_police_stations.kml",
        "verification_status": "SOURCE_KML",
        "coordinate_valid": true
      },
      "geometry": {
        "type": "Point",
        "coordinates": [
          72.863663,
          19.01549
        ]
      }
    },
    {
      "type": "Feature",
      "properties": {
        "police_location_id": "POLICE_108",
        "source_feature_id": "PS12118100033",
        "object_id": "108",
        "feature_id": "PS12118100033",
        "name": "Mahalakshmi Police Station",
        "subtype": "Station",
        "type_code": "1",
        "location": "Mahalakshmi Police Station, Mumbai, Maharashtra",
        "ward_code_source": "G/S",
        "brd_line_no": null,
        "remarks": null,
        "working_hours": null,
        "year_construct": null,
        "no_of_floors": null,
        "no_of_rooms": null,
        "employee_quantity": null,
        "employee_male": null,
        "employee_female": null,
        "employee_disabled": null,
        "cctv_service": null,
        "fire_audit": null,
        "fire_extinguishing_system": null,
        "structural_audit": null,
        "ramp_disabled": null,
        "bathroom_facility": null,
        "water_tank_capacity": null,
        "created_date": "1.479825702e+12",
        "created_user": "DMMASTER",
        "last_edited_date": "1.598154284e+12",
        "last_edited_user": "DMMASTER",
        "edu_update_time": null,
        "edu_update_user": null,
        "source": "BMC/MCGM via OpenCity",
        "source_file": "mumbai_police_stations.kml",
        "verification_status": "SOURCE_KML",
        "coordinate_valid": true
      },
      "geometry": {
        "type": "Point",
        "coordinates": [
          72.814316,
          18.986382
        ]
      }
    },
    {
      "type": "Feature",
      "properties": {
        "police_location_id": "POLICE_109",
        "source_feature_id": "PS16280300062",
        "object_id": "109",
        "feature_id": "PS16280300062",
        "name": "Police Station-1628030000824",
        "subtype": "Station",
        "type_code": "1",
        "location": "Police JogeshwariSubway Bridge, Gumpha Road, Jogeshwari East, Mumbai 400060",
        "ward_code_source": "K/W",
        "brd_line_no": null,
        "remarks": null,
        "working_hours": null,
        "year_construct": null,
        "no_of_floors": null,
        "no_of_rooms": null,
        "employee_quantity": null,
        "employee_male": null,
        "employee_female": null,
        "employee_disabled": null,
        "cctv_service": null,
        "fire_audit": null,
        "fire_extinguishing_system": null,
        "structural_audit": null,
        "ramp_disabled": null,
        "bathroom_facility": null,
        "water_tank_capacity": null,
        "created_date": "1.479825702e+12",
        "created_user": "DMMASTER",
        "last_edited_date": "1.598154396e+12",
        "last_edited_user": "DMMASTER",
        "edu_update_time": null,
        "edu_update_user": null,
        "source": "BMC/MCGM via OpenCity",
        "source_file": "mumbai_police_stations.kml",
        "verification_status": "SOURCE_KML",
        "coordinate_valid": true
      },
      "geometry": {
        "type": "Point",
        "coordinates": [
          72.84269,
          19.142096
        ]
      }
    },
    {
      "type": "Feature",
      "properties": {
        "police_location_id": "POLICE_110",
        "source_feature_id": "PS19194700063",
        "object_id": "110",
        "feature_id": "PS19194700063",
        "name": "Kurla Railway Police Station",
        "subtype": "Office",
        "type_code": "1",
        "location": null,
        "ward_code_source": "L",
        "brd_line_no": null,
        "remarks": null,
        "working_hours": null,
        "year_construct": null,
        "no_of_floors": null,
        "no_of_rooms": null,
        "employee_quantity": null,
        "employee_male": null,
        "employee_female": null,
        "employee_disabled": null,
        "cctv_service": null,
        "fire_audit": null,
        "fire_extinguishing_system": null,
        "structural_audit": null,
        "ramp_disabled": null,
        "bathroom_facility": null,
        "water_tank_capacity": null,
        "created_date": "1.479825702e+12",
        "created_user": "DMMASTER",
        "last_edited_date": "1.598154415e+12",
        "last_edited_user": "DMMASTER",
        "edu_update_time": null,
        "edu_update_user": null,
        "source": "BMC/MCGM via OpenCity",
        "source_file": "mumbai_police_stations.kml",
        "verification_status": "SOURCE_KML",
        "coordinate_valid": true
      },
      "geometry": {
        "type": "Point",
        "coordinates": [
          72.876251,
          19.064808
        ]
      }
    },
    {
      "type": "Feature",
      "properties": {
        "police_location_id": "POLICE_112",
        "source_feature_id": "PS24244300073",
        "object_id": "112",
        "feature_id": "PS24244300073",
        "name": "Police Station-2424430001072",
        "subtype": "Station",
        "type_code": "1",
        "location": null,
        "ward_code_source": "N",
        "brd_line_no": null,
        "remarks": null,
        "working_hours": null,
        "year_construct": null,
        "no_of_floors": null,
        "no_of_rooms": null,
        "employee_quantity": null,
        "employee_male": null,
        "employee_female": null,
        "employee_disabled": null,
        "cctv_service": null,
        "fire_audit": null,
        "fire_extinguishing_system": null,
        "structural_audit": null,
        "ramp_disabled": null,
        "bathroom_facility": null,
        "water_tank_capacity": null,
        "created_date": "1.479825702e+12",
        "created_user": "DMMASTER",
        "last_edited_date": "1.598154636e+12",
        "last_edited_user": "DMMASTER",
        "edu_update_time": null,
        "edu_update_user": null,
        "source": "BMC/MCGM via OpenCity",
        "source_file": "mumbai_police_stations.kml",
        "verification_status": "SOURCE_KML",
        "coordinate_valid": true
      },
      "geometry": {
        "type": "Point",
        "coordinates": [
          72.9226199,
          19.1060169
        ]
      }
    },
    {
      "type": "Feature",
      "properties": {
        "police_location_id": "POLICE_113",
        "source_feature_id": "PS16235400050",
        "object_id": "113",
        "feature_id": "PS16235400050",
        "name": "Vileparle Police Station",
        "subtype": "Station",
        "type_code": "1",
        "location": "Nehru Road, Near Centuar Hotel, Navpada, Vileparle (E), Mumbai - 400099.",
        "ward_code_source": "K/E",
        "brd_line_no": "26117317",
        "remarks": "Smt. R. Maharao 9821461163 vileparlepolicestation@mtnl.net.in",
        "working_hours": null,
        "year_construct": null,
        "no_of_floors": null,
        "no_of_rooms": null,
        "employee_quantity": null,
        "employee_male": null,
        "employee_female": null,
        "employee_disabled": null,
        "cctv_service": null,
        "fire_audit": null,
        "fire_extinguishing_system": null,
        "structural_audit": null,
        "ramp_disabled": null,
        "bathroom_facility": null,
        "water_tank_capacity": null,
        "created_date": "1.479825702e+12",
        "created_user": "DMMASTER",
        "last_edited_date": "1.648449203e+12",
        "last_edited_user": "DMMASTER@PRSRVGISDB.MUMBASE.MCGM.GOV.IN",
        "edu_update_time": null,
        "edu_update_user": null,
        "source": "BMC/MCGM via OpenCity",
        "source_file": "mumbai_police_stations.kml",
        "verification_status": "SOURCE_KML",
        "coordinate_valid": true
      },
      "geometry": {
        "type": "Point",
        "coordinates": [
          72.855143,
          19.096262
        ]
      }
    },
    {
      "type": "Feature",
      "properties": {
        "police_location_id": "POLICE_114",
        "source_feature_id": "PS18404600099",
        "object_id": "114",
        "feature_id": "PS18404600099",
        "name": "Dahisar Police Station",
        "subtype": "Station",
        "type_code": "1",
        "location": "S V Road, Near Union Bank, Dahisar (E), Mumbai - 400068.  Prakash Nana Jadhav 9821131509dahisarpolicestation@mtnl.net.indahisarpolicestation@gmail.com",
        "ward_code_source": "R/N",
        "brd_line_no": "28284024",
        "remarks": null,
        "working_hours": null,
        "year_construct": null,
        "no_of_floors": null,
        "no_of_rooms": null,
        "employee_quantity": null,
        "employee_male": null,
        "employee_female": null,
        "employee_disabled": null,
        "cctv_service": null,
        "fire_audit": null,
        "fire_extinguishing_system": null,
        "structural_audit": null,
        "ramp_disabled": null,
        "bathroom_facility": null,
        "water_tank_capacity": null,
        "created_date": "1.649881051e+12",
        "created_user": "DMMASTER@PRSRVGISDB.MUMBASE.MCGM.GOV.IN",
        "last_edited_date": "1.649881311e+12",
        "last_edited_user": "DMMASTER@PRSRVGISDB.MUMBASE.MCGM.GOV.IN",
        "edu_update_time": null,
        "edu_update_user": null,
        "source": "BMC/MCGM via OpenCity",
        "source_file": "mumbai_police_stations.kml",
        "verification_status": "SOURCE_KML",
        "coordinate_valid": true
      },
      "geometry": {
        "type": "Point",
        "coordinates": [
          72.8643764,
          19.2527603
        ]
      }
    },
    {
      "type": "Feature",
      "properties": {
        "police_location_id": "POLICE_115",
        "source_feature_id": "PS15125500019",
        "object_id": "115",
        "feature_id": "PS15125500019",
        "name": "Dadasaheb Bhadkamkar Road Police station",
        "subtype": "Station",
        "type_code": "1",
        "location": "Lamington Road, Shapur Baug, Near HDFC Bank, Grant Road (East), Mumbai 400007",
        "ward_code_source": "D",
        "brd_line_no": "23870181",
        "remarks": null,
        "working_hours": null,
        "year_construct": null,
        "no_of_floors": null,
        "no_of_rooms": null,
        "employee_quantity": null,
        "employee_male": null,
        "employee_female": null,
        "employee_disabled": null,
        "cctv_service": null,
        "fire_audit": null,
        "fire_extinguishing_system": null,
        "structural_audit": null,
        "ramp_disabled": null,
        "bathroom_facility": null,
        "water_tank_capacity": null,
        "created_date": "1.64988288e+12",
        "created_user": "DMMASTER@PRSRVGISDB.MUMBASE.MCGM.GOV.IN",
        "last_edited_date": "1.649883092e+12",
        "last_edited_user": "DMMASTER@PRSRVGISDB.MUMBASE.MCGM.GOV.IN",
        "edu_update_time": null,
        "edu_update_user": null,
        "source": "BMC/MCGM via OpenCity",
        "source_file": "mumbai_police_stations.kml",
        "verification_status": "SOURCE_KML",
        "coordinate_valid": true
      },
      "geometry": {
        "type": "Point",
        "coordinates": [
          72.8170867,
          18.9609011
        ]
      }
    },
    {
      "type": "Feature",
      "properties": {
        "police_location_id": "POLICE_116",
        "source_feature_id": "PS17213000040",
        "object_id": "116",
        "feature_id": "PS17213000040",
        "name": "Deputy Commissioner Of Police (QRT)",
        "subtype": "Office",
        "type_code": "1",
        "location": "Bala Marg, Yashwant Nagar, Vakola, Santacruz (East)  Mumbai 400055.",
        "ward_code_source": "H/E",
        "brd_line_no": "26668757",
        "remarks": "Shashikant Narayan Satav D.C.P. (Q.R.T.) 9773337706 acpqrt@gmail.com",
        "working_hours": null,
        "year_construct": null,
        "no_of_floors": null,
        "no_of_rooms": null,
        "employee_quantity": null,
        "employee_male": null,
        "employee_female": null,
        "employee_disabled": null,
        "cctv_service": null,
        "fire_audit": null,
        "fire_extinguishing_system": null,
        "structural_audit": null,
        "ramp_disabled": null,
        "bathroom_facility": null,
        "water_tank_capacity": null,
        "created_date": "1.479825702e+12",
        "created_user": "DMMASTER",
        "last_edited_date": "1.566137209e+12",
        "last_edited_user": "DMMASTER",
        "edu_update_time": null,
        "edu_update_user": null,
        "source": "BMC/MCGM via OpenCity",
        "source_file": "mumbai_police_stations.kml",
        "verification_status": "SOURCE_KML",
        "coordinate_valid": true
      },
      "geometry": {
        "type": "Point",
        "coordinates": [
          72.8563059,
          19.0758921
        ]
      }
    },
    {
      "type": "Feature",
      "properties": {
        "police_location_id": "POLICE_117",
        "source_feature_id": "PS16197900039",
        "object_id": "117",
        "feature_id": "PS16197900039",
        "name": "B K C Police Station",
        "subtype": "Station",
        "type_code": "1",
        "location": "Bandra-Kurla Complex Road, Opp. I.C.I.C.I. Bank, Bandra (E), Mumbai - 400051.",
        "ward_code_source": "H/E",
        "brd_line_no": "26504483",
        "remarks": "Kundlik V. Nigade 8108999300  bkcpolicestation@mtnl.net.in",
        "working_hours": null,
        "year_construct": null,
        "no_of_floors": null,
        "no_of_rooms": null,
        "employee_quantity": null,
        "employee_male": null,
        "employee_female": null,
        "employee_disabled": null,
        "cctv_service": null,
        "fire_audit": null,
        "fire_extinguishing_system": null,
        "structural_audit": null,
        "ramp_disabled": null,
        "bathroom_facility": null,
        "water_tank_capacity": null,
        "created_date": "1.479825702e+12",
        "created_user": "DMMASTER",
        "last_edited_date": "1.566133925e+12",
        "last_edited_user": "DMMASTER",
        "edu_update_time": null,
        "edu_update_user": null,
        "source": "BMC/MCGM via OpenCity",
        "source_file": "mumbai_police_stations.kml",
        "verification_status": "SOURCE_KML",
        "coordinate_valid": true
      },
      "geometry": {
        "type": "Point",
        "coordinates": [
          72.8603032,
          19.0646042
        ]
      }
    },
    {
      "type": "Feature",
      "properties": {
        "police_location_id": "POLICE_118",
        "source_feature_id": "PS15084400124",
        "object_id": "118",
        "feature_id": "PS15084400124",
        "name": "Dongri Police Station",
        "subtype": "Station",
        "type_code": "1",
        "location": "Dr. Maheshwari Road, Near Sandhurst  Road Railway Station, Dongri, Mumbai - 400009.",
        "ward_code_source": "B",
        "brd_line_no": "23719136",
        "remarks": "Vilas Gangacane 9870161174 dongripolicestation@mtnl.net.in",
        "working_hours": null,
        "year_construct": null,
        "no_of_floors": null,
        "no_of_rooms": null,
        "employee_quantity": null,
        "employee_male": null,
        "employee_female": null,
        "employee_disabled": null,
        "cctv_service": null,
        "fire_audit": null,
        "fire_extinguishing_system": null,
        "structural_audit": null,
        "ramp_disabled": null,
        "bathroom_facility": null,
        "water_tank_capacity": null,
        "created_date": "1.479825702e+12",
        "created_user": "DMMASTER",
        "last_edited_date": "1.566224851e+12",
        "last_edited_user": "DMMASTER",
        "edu_update_time": null,
        "edu_update_user": null,
        "source": "BMC/MCGM via OpenCity",
        "source_file": "mumbai_police_stations.kml",
        "verification_status": "SOURCE_KML",
        "coordinate_valid": true
      },
      "geometry": {
        "type": "Point",
        "coordinates": [
          72.839038,
          18.9621806
        ]
      }
    },
    {
      "type": "Feature",
      "properties": {
        "police_location_id": "POLICE_119",
        "source_feature_id": "PS14076600126",
        "object_id": "119",
        "feature_id": "PS14076600126",
        "name": "Pydhonie Police Station",
        "subtype": "Station",
        "type_code": "1",
        "location": "Ibrahim Rahmatullah Road, Opp Hamidiya Masjid, Mumbadevi Area, Mumbai - 400003.",
        "ward_code_source": "B",
        "brd_line_no": "23436114",
        "remarks": "Sunil Ramchandra Kawlekar 9594989751 paydhuniepolicestation@mtnl.net.in",
        "working_hours": null,
        "year_construct": null,
        "no_of_floors": null,
        "no_of_rooms": null,
        "employee_quantity": null,
        "employee_male": null,
        "employee_female": null,
        "employee_disabled": null,
        "cctv_service": null,
        "fire_audit": null,
        "fire_extinguishing_system": null,
        "structural_audit": null,
        "ramp_disabled": null,
        "bathroom_facility": null,
        "water_tank_capacity": null,
        "created_date": "1.479825702e+12",
        "created_user": "DMMASTER",
        "last_edited_date": "1.566225624e+12",
        "last_edited_user": "DMMASTER",
        "edu_update_time": null,
        "edu_update_user": null,
        "source": "BMC/MCGM via OpenCity",
        "source_file": "mumbai_police_stations.kml",
        "verification_status": "SOURCE_KML",
        "coordinate_valid": true
      },
      "geometry": {
        "type": "Point",
        "coordinates": [
          72.831943,
          18.954067
        ]
      }
    },
    {
      "type": "Feature",
      "properties": {
        "police_location_id": "POLICE_120",
        "source_feature_id": "PS12086300130",
        "object_id": "120",
        "feature_id": "PS12086300130",
        "name": "Gaondevi Police Station",
        "subtype": "Station",
        "type_code": "1",
        "location": "7, Pandita Ramabai Marg, Papanas Wadi, Gaondevi,  Mumbai -400007.",
        "ward_code_source": "D",
        "brd_line_no": "23803505",
        "remarks": "Rajaram Dattatray Prabhu  9870518679  gamdevipolicestation@mtnl.net.in",
        "working_hours": null,
        "year_construct": null,
        "no_of_floors": null,
        "no_of_rooms": null,
        "employee_quantity": null,
        "employee_male": null,
        "employee_female": null,
        "employee_disabled": null,
        "cctv_service": null,
        "fire_audit": null,
        "fire_extinguishing_system": null,
        "structural_audit": null,
        "ramp_disabled": null,
        "bathroom_facility": null,
        "water_tank_capacity": null,
        "created_date": "1.479825702e+12",
        "created_user": "DMMASTER",
        "last_edited_date": "1.566147366e+12",
        "last_edited_user": "DMMASTER",
        "edu_update_time": null,
        "edu_update_user": null,
        "source": "BMC/MCGM via OpenCity",
        "source_file": "mumbai_police_stations.kml",
        "verification_status": "SOURCE_KML",
        "coordinate_valid": true
      },
      "geometry": {
        "type": "Point",
        "coordinates": [
          72.812416,
          18.960472
        ]
      }
    },
    {
      "type": "Feature",
      "properties": {
        "police_location_id": "POLICE_121",
        "source_feature_id": "PS13022900118",
        "object_id": "121",
        "feature_id": "PS13022900118",
        "name": "Cuffe Parade Police Station",
        "subtype": "Station",
        "type_code": "1",
        "location": "Sadhu T. L. Waswani Marg, Near World Trade Center, Babasaheb Ambedkar Nagar, Cuffe Parade, Mumbai - 400005.",
        "ward_code_source": "A",
        "brd_line_no": "22180588",
        "remarks": "Dipak J. Patil 9870367936 cuffeparadepolicestation@mtnl.net.in",
        "working_hours": null,
        "year_construct": null,
        "no_of_floors": null,
        "no_of_rooms": null,
        "employee_quantity": null,
        "employee_male": null,
        "employee_female": null,
        "employee_disabled": null,
        "cctv_service": null,
        "fire_audit": null,
        "fire_extinguishing_system": null,
        "structural_audit": null,
        "ramp_disabled": null,
        "bathroom_facility": null,
        "water_tank_capacity": null,
        "created_date": "1.479825702e+12",
        "created_user": "DMMASTER",
        "last_edited_date": "1.5662974e+12",
        "last_edited_user": "DMMASTER",
        "edu_update_time": null,
        "edu_update_user": null,
        "source": "BMC/MCGM via OpenCity",
        "source_file": "mumbai_police_stations.kml",
        "verification_status": "SOURCE_KML",
        "coordinate_valid": true
      },
      "geometry": {
        "type": "Point",
        "coordinates": [
          72.8189364,
          18.9119522
        ]
      }
    },
    {
      "type": "Feature",
      "properties": {
        "police_location_id": "POLICE_122",
        "source_feature_id": "PS13048900116",
        "object_id": "122",
        "feature_id": "PS13048900116",
        "name": "Marine Drive Police Station",
        "subtype": "Station",
        "type_code": "1",
        "location": "Dinshaw Vaccha Road, Behind Yashodhan Bldg. In front of C.C.I. Club, Mumbai-400020.",
        "ward_code_source": "A",
        "brd_line_no": "22880267",
        "remarks": null,
        "working_hours": null,
        "year_construct": null,
        "no_of_floors": null,
        "no_of_rooms": null,
        "employee_quantity": null,
        "employee_male": null,
        "employee_female": null,
        "employee_disabled": null,
        "cctv_service": null,
        "fire_audit": null,
        "fire_extinguishing_system": null,
        "structural_audit": null,
        "ramp_disabled": null,
        "bathroom_facility": null,
        "water_tank_capacity": null,
        "created_date": "1.479825702e+12",
        "created_user": "DMMASTER",
        "last_edited_date": "1.566298723e+12",
        "last_edited_user": "DMMASTER",
        "edu_update_time": null,
        "edu_update_user": null,
        "source": "BMC/MCGM via OpenCity",
        "source_file": "mumbai_police_stations.kml",
        "verification_status": "SOURCE_KML",
        "coordinate_valid": true
      },
      "geometry": {
        "type": "Point",
        "coordinates": [
          72.824654,
          18.930164
        ]
      }
    },
    {
      "type": "Feature",
      "properties": {
        "police_location_id": "POLICE_123",
        "source_feature_id": "PS14087600125",
        "object_id": "123",
        "feature_id": "PS14087600125",
        "name": "J J Marg Police Station",
        "subtype": "Station",
        "type_code": "1",
        "location": "Sir J.J. Hospital Compound, Sir J. J. Road, Byculla, Mumbai - 400008.",
        "ward_code_source": "E",
        "brd_line_no": "23770118, 9702673676",
        "remarks": "Anil Narayan Madvi  8108000369 jjmargpolicestation@mtnl.net.in",
        "working_hours": null,
        "year_construct": null,
        "no_of_floors": null,
        "no_of_rooms": null,
        "employee_quantity": null,
        "employee_male": null,
        "employee_female": null,
        "employee_disabled": null,
        "cctv_service": null,
        "fire_audit": null,
        "fire_extinguishing_system": null,
        "structural_audit": null,
        "ramp_disabled": null,
        "bathroom_facility": null,
        "water_tank_capacity": null,
        "created_date": "1.479825702e+12",
        "created_user": "DMMASTER",
        "last_edited_date": "1.566297974e+12",
        "last_edited_user": "DMMASTER",
        "edu_update_time": null,
        "edu_update_user": null,
        "source": "BMC/MCGM via OpenCity",
        "source_file": "mumbai_police_stations.kml",
        "verification_status": "SOURCE_KML",
        "coordinate_valid": true
      },
      "geometry": {
        "type": "Point",
        "coordinates": [
          72.832324,
          18.962951
        ]
      }
    },
    {
      "type": "Feature",
      "properties": {
        "police_location_id": "POLICE_124",
        "source_feature_id": "PS16215600038",
        "object_id": "124",
        "feature_id": "PS16215600038",
        "name": "Vakola Police Station",
        "subtype": "Station",
        "type_code": "1",
        "location": "Anand Nagar, Western Highway, Santacruz (E), Mumbai-55.",
        "ward_code_source": "H/E",
        "brd_line_no": "26471306, 26682756",
        "remarks": "Mahadev Vavhale 9223270816 wakolapolicestation@mtnl.net.in",
        "working_hours": null,
        "year_construct": null,
        "no_of_floors": null,
        "no_of_rooms": null,
        "employee_quantity": null,
        "employee_male": null,
        "employee_female": null,
        "employee_disabled": null,
        "cctv_service": null,
        "fire_audit": null,
        "fire_extinguishing_system": null,
        "structural_audit": null,
        "ramp_disabled": null,
        "bathroom_facility": null,
        "water_tank_capacity": null,
        "created_date": "1.479825702e+12",
        "created_user": "DMMASTER",
        "last_edited_date": "1.566308509e+12",
        "last_edited_user": "DMMASTER",
        "edu_update_time": null,
        "edu_update_user": null,
        "source": "BMC/MCGM via OpenCity",
        "source_file": "mumbai_police_stations.kml",
        "verification_status": "SOURCE_KML",
        "coordinate_valid": true
      },
      "geometry": {
        "type": "Point",
        "coordinates": [
          72.847748,
          19.080891
        ]
      }
    },
    {
      "type": "Feature",
      "properties": {
        "police_location_id": "POLICE_125",
        "source_feature_id": "PS16196800041",
        "object_id": "125",
        "feature_id": "PS16196800041",
        "name": "Kherwadi Police Station",
        "subtype": "Station",
        "type_code": "1",
        "location": "Government Colony, Bldg No. 5, Gr floor, Ambedkar Nagar, Bandra (E), Mumbai - 400051.",
        "ward_code_source": "H/E",
        "brd_line_no": "26571216",
        "remarks": "Re- Locate Sujata Patil 9870294939 kherwadipolicestation@mtnl.net.in",
        "working_hours": null,
        "year_construct": null,
        "no_of_floors": null,
        "no_of_rooms": null,
        "employee_quantity": null,
        "employee_male": null,
        "employee_female": null,
        "employee_disabled": null,
        "cctv_service": null,
        "fire_audit": null,
        "fire_extinguishing_system": null,
        "structural_audit": null,
        "ramp_disabled": null,
        "bathroom_facility": null,
        "water_tank_capacity": null,
        "created_date": "1.479825702e+12",
        "created_user": "DMMASTER",
        "last_edited_date": "1.566308555e+12",
        "last_edited_user": "DMMASTER",
        "edu_update_time": null,
        "edu_update_user": null,
        "source": "BMC/MCGM via OpenCity",
        "source_file": "mumbai_police_stations.kml",
        "verification_status": "SOURCE_KML",
        "coordinate_valid": true
      },
      "geometry": {
        "type": "Point",
        "coordinates": [
          72.850105,
          19.0658833
        ]
      }
    },
    {
      "type": "Feature",
      "properties": {
        "police_location_id": "POLICE_126",
        "source_feature_id": "PS17212400043",
        "object_id": "126",
        "feature_id": "PS17212400043",
        "name": "Airport Police Station",
        "subtype": "Station",
        "type_code": "1",
        "location": "Airport Terminal Building, Near Gate no 01, Domestic Airport, CSIA, Mumbai 400099.",
        "ward_code_source": "K/E",
        "brd_line_no": "26156921",
        "remarks": "Babu T. Mukhedkar  9870318197 airportpolicestation@mtnl.net.in",
        "working_hours": null,
        "year_construct": null,
        "no_of_floors": null,
        "no_of_rooms": null,
        "employee_quantity": null,
        "employee_male": null,
        "employee_female": null,
        "employee_disabled": null,
        "cctv_service": null,
        "fire_audit": null,
        "fire_extinguishing_system": null,
        "structural_audit": null,
        "ramp_disabled": null,
        "bathroom_facility": null,
        "water_tank_capacity": null,
        "created_date": "1.479825702e+12",
        "created_user": "DMMASTER",
        "last_edited_date": "1.566308547e+12",
        "last_edited_user": "DMMASTER",
        "edu_update_time": null,
        "edu_update_user": null,
        "source": "BMC/MCGM via OpenCity",
        "source_file": "mumbai_police_stations.kml",
        "verification_status": "SOURCE_KML",
        "coordinate_valid": true
      },
      "geometry": {
        "type": "Point",
        "coordinates": [
          72.865889,
          19.09408
        ]
      }
    },
    {
      "type": "Feature",
      "properties": {
        "police_location_id": "POLICE_127",
        "source_feature_id": "PS16191900037",
        "object_id": "127",
        "feature_id": "PS16191900037",
        "name": "Nirmal Nagar Police Station",
        "subtype": "Station",
        "type_code": "1",
        "location": "Jay Prakash Road, Nirmal Nagar, Bandra (East), Mumbai - 400051.",
        "ward_code_source": "H/E",
        "brd_line_no": "26682756, 26471306",
        "remarks": "Sudhir Sakharam Jambavdekar  9821954272 nirmalnagarpolicestation@mtnl.net.in",
        "working_hours": null,
        "year_construct": null,
        "no_of_floors": null,
        "no_of_rooms": null,
        "employee_quantity": null,
        "employee_male": null,
        "employee_female": null,
        "employee_disabled": null,
        "cctv_service": null,
        "fire_audit": null,
        "fire_extinguishing_system": null,
        "structural_audit": null,
        "ramp_disabled": null,
        "bathroom_facility": null,
        "water_tank_capacity": null,
        "created_date": "1.479825702e+12",
        "created_user": "DMMASTER",
        "last_edited_date": "1.566308487e+12",
        "last_edited_user": "DMMASTER",
        "edu_update_time": "1.4457312e+12",
        "edu_update_user": "Ajit N Deshmukh",
        "source": "BMC/MCGM via OpenCity",
        "source_file": "mumbai_police_stations.kml",
        "verification_status": "SOURCE_KML",
        "coordinate_valid": true
      },
      "geometry": {
        "type": "Point",
        "coordinates": [
          72.844902,
          19.065434
        ]
      }
    },
    {
      "type": "Feature",
      "properties": {
        "police_location_id": "POLICE_128",
        "source_feature_id": "PS16255900054",
        "object_id": "128",
        "feature_id": "PS16255900054",
        "name": "Andheri Police Station",
        "subtype": "Station",
        "type_code": "1",
        "location": "Sahar Road, Opp. Andheri Railway Station, Vertex Junction, Andheri Kurla Road, Andheri East, Mumbai - 400069.",
        "ward_code_source": "K/E",
        "brd_line_no": "26831365",
        "remarks": "Nandkumar Madhavrao Dhumal 9821593185  ps.andheri.mum@mahapolice.gov.in",
        "working_hours": null,
        "year_construct": null,
        "no_of_floors": null,
        "no_of_rooms": null,
        "employee_quantity": null,
        "employee_male": null,
        "employee_female": null,
        "employee_disabled": null,
        "cctv_service": null,
        "fire_audit": null,
        "fire_extinguishing_system": null,
        "structural_audit": null,
        "ramp_disabled": null,
        "bathroom_facility": null,
        "water_tank_capacity": null,
        "created_date": "1.479825702e+12",
        "created_user": "DMMASTER",
        "last_edited_date": "1.566308633e+12",
        "last_edited_user": "DMMASTER",
        "edu_update_time": "1.4457312e+12",
        "edu_update_user": "Ajit N Deshmukh",
        "source": "BMC/MCGM via OpenCity",
        "source_file": "mumbai_police_stations.kml",
        "verification_status": "SOURCE_KML",
        "coordinate_valid": true
      },
      "geometry": {
        "type": "Point",
        "coordinates": [
          72.8480663,
          19.1204984
        ]
      }
    },
    {
      "type": "Feature",
      "properties": {
        "police_location_id": "POLICE_129",
        "source_feature_id": "PS14267400058",
        "object_id": "129",
        "feature_id": "PS14267400058",
        "name": "Versova Police Station",
        "subtype": "Station",
        "type_code": "1",
        "location": "Link Road, Near C.D.Barfiwalla School, D.N.Nagar, Andheri (West), Mumbai-400053.",
        "ward_code_source": "K/W",
        "brd_line_no": "26365420",
        "remarks": "Ravindranath L. Pawar 9870433601  versovapolicestation@mtnl.net.in",
        "working_hours": null,
        "year_construct": null,
        "no_of_floors": null,
        "no_of_rooms": null,
        "employee_quantity": null,
        "employee_male": null,
        "employee_female": null,
        "employee_disabled": null,
        "cctv_service": null,
        "fire_audit": null,
        "fire_extinguishing_system": null,
        "structural_audit": null,
        "ramp_disabled": null,
        "bathroom_facility": null,
        "water_tank_capacity": null,
        "created_date": "1.479825702e+12",
        "created_user": "DMMASTER",
        "last_edited_date": "1.566308747e+12",
        "last_edited_user": "DMMASTER",
        "edu_update_time": "1.4457312e+12",
        "edu_update_user": "Ajit N Deshmukh",
        "source": "BMC/MCGM via OpenCity",
        "source_file": "mumbai_police_stations.kml",
        "verification_status": "SOURCE_KML",
        "coordinate_valid": true
      },
      "geometry": {
        "type": "Point",
        "coordinates": [
          72.8303846,
          19.1244929
        ]
      }
    },
    {
      "type": "Feature",
      "properties": {
        "police_location_id": "POLICE_130",
        "source_feature_id": "PS14289900059",
        "object_id": "130",
        "feature_id": "PS14289900059",
        "name": "Oshiwara Police Station",
        "subtype": "Station",
        "type_code": "1",
        "location": "New Link Road, Opp. Mhada, Oshiwara, Jogeshwari (West), Mumbai.  400047",
        "ward_code_source": "K/W",
        "brd_line_no": "26322753",
        "remarks": "Subhash Khanvilkar  9870221747 oshiwarapolicestation@mtnl.net.in",
        "working_hours": null,
        "year_construct": null,
        "no_of_floors": null,
        "no_of_rooms": null,
        "employee_quantity": null,
        "employee_male": null,
        "employee_female": null,
        "employee_disabled": null,
        "cctv_service": null,
        "fire_audit": null,
        "fire_extinguishing_system": null,
        "structural_audit": null,
        "ramp_disabled": null,
        "bathroom_facility": null,
        "water_tank_capacity": null,
        "created_date": "1.479825702e+12",
        "created_user": "DMMASTER",
        "last_edited_date": "1.566308717e+12",
        "last_edited_user": "DMMASTER",
        "edu_update_time": "1.4457312e+12",
        "edu_update_user": "Ajit N Deshmukh",
        "source": "BMC/MCGM via OpenCity",
        "source_file": "mumbai_police_stations.kml",
        "verification_status": "SOURCE_KML",
        "coordinate_valid": true
      },
      "geometry": {
        "type": "Point",
        "coordinates": [
          72.8315996,
          19.1475735
        ]
      }
    },
    {
      "type": "Feature",
      "properties": {
        "police_location_id": "POLICE_131",
        "source_feature_id": "PS16286400061",
        "object_id": "131",
        "feature_id": "PS16286400061",
        "name": "Amboli Police Station",
        "subtype": "Station",
        "type_code": "1",
        "location": "Patel Estate Road, Opp. Pushtik Society, Jogeshwari (W), Mumbai-400058.",
        "ward_code_source": "K/W",
        "brd_line_no": "26762002",
        "remarks": "Ramesh Sitaram Khadtare  9870441179 ambolipolicestation@mtnl.net.in",
        "working_hours": null,
        "year_construct": null,
        "no_of_floors": null,
        "no_of_rooms": null,
        "employee_quantity": null,
        "employee_male": null,
        "employee_female": null,
        "employee_disabled": null,
        "cctv_service": null,
        "fire_audit": null,
        "fire_extinguishing_system": null,
        "structural_audit": null,
        "ramp_disabled": null,
        "bathroom_facility": null,
        "water_tank_capacity": null,
        "created_date": "1.479825702e+12",
        "created_user": "DMMASTER",
        "last_edited_date": "1.566308683e+12",
        "last_edited_user": "DMMASTER",
        "edu_update_time": "1.4457312e+12",
        "edu_update_user": "Ajit N Deshmukh",
        "source": "BMC/MCGM via OpenCity",
        "source_file": "mumbai_police_stations.kml",
        "verification_status": "SOURCE_KML",
        "coordinate_valid": true
      },
      "geometry": {
        "type": "Point",
        "coordinates": [
          72.8485408,
          19.1425368
        ]
      }
    },
    {
      "type": "Feature",
      "properties": {
        "police_location_id": "POLICE_132",
        "source_feature_id": "PS15211900044",
        "object_id": "132",
        "feature_id": "PS15211900044",
        "name": "Santacruz Police Station",
        "subtype": "Station",
        "type_code": "1",
        "location": "Juhu Tara Road, Linking Road, Opp. Juhu Garden,Santacruz (W), Mumbai-400054.",
        "ward_code_source": "H/W",
        "brd_line_no": "26487856",
        "remarks": "Shantanu Pawar 9892446642 santacruzpolicestation@mtnl.net.in",
        "working_hours": null,
        "year_construct": null,
        "no_of_floors": null,
        "no_of_rooms": null,
        "employee_quantity": null,
        "employee_male": null,
        "employee_female": null,
        "employee_disabled": null,
        "cctv_service": null,
        "fire_audit": null,
        "fire_extinguishing_system": null,
        "structural_audit": null,
        "ramp_disabled": null,
        "bathroom_facility": null,
        "water_tank_capacity": null,
        "created_date": "1.479825702e+12",
        "created_user": "DMMASTER",
        "last_edited_date": "1.566308563e+12",
        "last_edited_user": "DMMASTER",
        "edu_update_time": null,
        "edu_update_user": null,
        "source": "BMC/MCGM via OpenCity",
        "source_file": "mumbai_police_stations.kml",
        "verification_status": "SOURCE_KML",
        "coordinate_valid": true
      },
      "geometry": {
        "type": "Point",
        "coordinates": [
          72.834816,
          19.084148
        ]
      }
    },
    {
      "type": "Feature",
      "properties": {
        "police_location_id": "POLICE_133",
        "source_feature_id": "PS11000000012",
        "object_id": "133",
        "feature_id": "PS11000000012",
        "name": "ACP Office",
        "subtype": "Office",
        "type_code": "1",
        "location": "Sahar Road, Opp. Andheri Railway Station, Vertex Junction, Railway Colony, Andheri East, Railway Colony, Andheri East, Mumbai, Maharashtra, 400053",
        "ward_code_source": "K/E",
        "brd_line_no": "9969111855",
        "remarks": null,
        "working_hours": null,
        "year_construct": null,
        "no_of_floors": null,
        "no_of_rooms": null,
        "employee_quantity": null,
        "employee_male": null,
        "employee_female": null,
        "employee_disabled": null,
        "cctv_service": null,
        "fire_audit": null,
        "fire_extinguishing_system": null,
        "structural_audit": null,
        "ramp_disabled": null,
        "bathroom_facility": null,
        "water_tank_capacity": null,
        "created_date": "1.566306188e+12",
        "created_user": "DMMASTER",
        "last_edited_date": "1.566306219e+12",
        "last_edited_user": "DMMASTER",
        "edu_update_time": null,
        "edu_update_user": null,
        "source": "BMC/MCGM via OpenCity",
        "source_file": "mumbai_police_stations.kml",
        "verification_status": "SOURCE_KML",
        "coordinate_valid": true
      },
      "geometry": {
        "type": "Point",
        "coordinates": [
          72.848199,
          19.12056
        ]
      }
    },
    {
      "type": "Feature",
      "properties": {
        "police_location_id": "POLICE_134",
        "source_feature_id": "PS10000010159",
        "object_id": "134",
        "feature_id": "PS10000010159",
        "name": "Traffic Police Head Office",
        "subtype": "Control Room",
        "type_code": "1",
        "location": "Worli Police Camp, Sir Pochkhanwala Road, Near Hill Top Hotel, Worli, Mumbai - 400018,",
        "ward_code_source": "G/S",
        "brd_line_no": "24954443, 24924734, 24937755",
        "remarks": null,
        "working_hours": null,
        "year_construct": null,
        "no_of_floors": null,
        "no_of_rooms": null,
        "employee_quantity": null,
        "employee_male": null,
        "employee_female": null,
        "employee_disabled": null,
        "cctv_service": null,
        "fire_audit": null,
        "fire_extinguishing_system": null,
        "structural_audit": null,
        "ramp_disabled": null,
        "bathroom_facility": null,
        "water_tank_capacity": null,
        "created_date": "1.479825702e+12",
        "created_user": "DMMASTER",
        "last_edited_date": "1.566300351e+12",
        "last_edited_user": "DMMASTER",
        "edu_update_time": null,
        "edu_update_user": null,
        "source": "BMC/MCGM via OpenCity",
        "source_file": "mumbai_police_stations.kml",
        "verification_status": "SOURCE_KML",
        "coordinate_valid": true
      },
      "geometry": {
        "type": "Point",
        "coordinates": [
          72.8177388,
          19.0097723
        ]
      }
    }
  ]
}