{
"type": "FeatureCollection",
"name": "mumbai_green_spaces",
"crs": { "type": "name", "properties": { "name": "urn:ogc:def:crs:OGC:1.3:CRS84" } },
"features": [
{ "type": "Feature", "properties": { "green_space_id": "1", "green_space_name": "Colaba Woods Garden", "address": "Colaba Wood Garden, Capt.Prakash Pethe Marg, behind Cuffe Parade Police Station. Cuffe Parade", "bmc_department": "Garden & Trees", "ward_code_source": "A", "twitter_handle": "@mybmcGardens", "website": "https://portal.mcgm.gov.in/irj/portal/anonymous/qlgardenauth", "latitude": 18.9123, "longitude": 72.8183, "source_file": "mumbai_green_spaces.kml", "source": "BMC / OpenCity Mumbai Public Gardens, Parks and Zoos dataset", "coordinate_valid": true }, "geometry": { "type": "Point", "coordinates": [ 72.8183, 18.9123 ] } },
{ "type": "Feature", "properties": { "green_space_id": "2", "green_space_name": "Priyadarshini Park", "address": "Napeansea Road, Malabar Hill D ward", "bmc_department": "Garden & Trees", "ward_code_source": "D", "twitter_handle": "@mybmcGardens", "website": "https://portal.mcgm.gov.in/irj/portal/anonymous/qlgardenauth", "latitude": 18.9572, "longitude": 72.799, "source_file": "mumbai_green_spaces.kml", "source": "BMC / OpenCity Mumbai Public Gardens, Parks and Zoos dataset", "coordinate_valid": true }, "geometry": { "type": "Point", "coordinates": [ 72.799, 18.9572 ] } },
{ "type": "Feature", "properties": { "green_space_id": "3", "green_space_name": "Amerson Garden", "address": "Bhulabhai Desai Road, Near Breach candy hospital", "bmc_department": "Garden & Trees", "ward_code_source": "D", "twitter_handle": "@mybmcGardens", "website": "https://portal.mcgm.gov.in/irj/portal/anonymous/qlgardenauth", "latitude": 18.9695, "longitude": 72.8022, "source_file": "mumbai_green_spaces.kml", "source": "BMC / OpenCity Mumbai Public Gardens, Parks and Zoos dataset", "coordinate_valid": true }, "geometry": { "type": "Point", "coordinates": [ 72.8022, 18.9695 ] } },
{ "type": "Feature", "properties": { "green_space_id": "4", "green_space_name": "Slop Behind Babulnath Temple", "address": "Behind Babulnath Temple , New Khareghat Colony , Babulanath Road", "bmc_department": "Garden & Trees", "ward_code_source": "D", "twitter_handle": "@mybmcGardens", "website": "https://portal.mcgm.gov.in/irj/portal/anonymous/qlgardenauth", "latitude": 18.9579, "longitude": 72.808, "source_file": "mumbai_green_spaces.kml", "source": "BMC / OpenCity Mumbai Public Gardens, Parks and Zoos dataset", "coordinate_valid": true }, "geometry": { "type": "Point", "coordinates": [ 72.808, 18.9579 ] } },
{ "type": "Feature", "properties": { "green_space_id": "5", "green_space_name": "Welington Club , Keshavrao khade Road, Mahalaxmi", "address": "Welington Sprot club , Mahalaxmi , Mumbai", "bmc_department": "Garden & Trees", "ward_code_source": "D", "twitter_handle": "@mybmcGardens", "website": "https://portal.mcgm.gov.in/irj/portal/anonymous/qlgardenauth", "latitude": 18.9772, "longitude": 72.8166, "source_file": "mumbai_green_spaces.kml", "source": "BMC / OpenCity Mumbai Public Gardens, Parks and Zoos dataset", "coordinate_valid": true }, "geometry": { "type": "Point", "coordinates": [ 72.8166, 18.9772 ] } },
{ "type": "Feature", "properties": { "green_space_id": "6", "green_space_name": "RG at 358 Tenements, Narayan Pujari Nagar, KAG Marg ,worli", "address": null, "bmc_department": "Garden & Trees", "ward_code_source": "GS", "twitter_handle": "@mybmcGardens", "website": "https://portal.mcgm.gov.in/irj/portal/anonymous/qlgardenauth", "latitude": 18.5935, "longitude": 72.485, "source_file": "mumbai_green_spaces.kml", "source": "BMC / OpenCity Mumbai Public Gardens, Parks and Zoos dataset", "coordinate_valid": true }, "geometry": { "type": "Point", "coordinates": [ 72.485, 18.5935 ] } },
{ "type": "Feature", "properties": { "green_space_id": "7", "green_space_name": "Shahid Ashok Kamate Manoranjan Maidan", "address": "Shahid Ashok Kamate Manoranjan Maidan , Shivajinagar", "bmc_department": "Garden & Trees", "ward_code_source": "ME", "twitter_handle": "@mybmcGardens", "website": "https://portal.mcgm.gov.in/irj/portal/anonymous/qlgardenauth", "latitude": 19.0667, "longitude": 72.9227, "source_file": "mumbai_green_spaces.kml", "source": "BMC / OpenCity Mumbai Public Gardens, Parks and Zoos dataset", "coordinate_valid": true }, "geometry": { "type": "Point", "coordinates": [ 72.9227, 19.0667 ] } },
{ "type": "Feature", "properties": { "green_space_id": "8", "green_space_name": "Eastern freeway Tunnel top Panjarapol", "address": "Eastern freeway tunnel Top, Panjarapol", "bmc_department": "Garden & Trees", "ward_code_source": "ME", "twitter_handle": "@mybmcGardens", "website": "https://portal.mcgm.gov.in/irj/portal/anonymous/qlgardenauth", "latitude": 18.6454, "longitude": 73.8523, "source_file": "mumbai_green_spaces.kml", "source": "BMC / OpenCity Mumbai Public Gardens, Parks and Zoos dataset", "coordinate_valid": true }, "geometry": { "type": "Point", "coordinates": [ 73.8523, 18.6454 ] } },
{ "type": "Feature", "properties": { "green_space_id": "9", "green_space_name": "Bhakti park Garden", "address": "Bhakti park Garden CTS no. 1A/4, 1A/10", "bmc_department": "Garden & Trees", "ward_code_source": "MW", "twitter_handle": "@mybmcGardens", "website": "https://portal.mcgm.gov.in/irj/portal/anonymous/qlgardenauth", "latitude": 19.0285, "longitude": 72.8807, "source_file": "mumbai_green_spaces.kml", "source": "BMC / OpenCity Mumbai Public Gardens, Parks and Zoos dataset", "coordinate_valid": true }, "geometry": { "type": "Point", "coordinates": [ 72.8807, 19.0285 ] } },
{ "type": "Feature", "properties": { "green_space_id": "10", "green_space_name": "Bhakti Park", "address": "Bhakti Park, C.T.S No. 1A/14, near MHADA building, free way, Chembur,", "bmc_department": "Garden & Trees", "ward_code_source": "MW", "twitter_handle": "@mybmcGardens", "website": "https://portal.mcgm.gov.in/irj/portal/anonymous/qlgardenauth", "latitude": 19.0285, "longitude": 72.8807, "source_file": "mumbai_green_spaces.kml", "source": "BMC / OpenCity Mumbai Public Gardens, Parks and Zoos dataset", "coordinate_valid": true }, "geometry": { "type": "Point", "coordinates": [ 72.8807, 19.0285 ] } },
{ "type": "Feature", "properties": { "green_space_id": "11", "green_space_name": "Dr. Keshav Baliram Hedgewar Udyan", "address": "Dr. Keshav Baliram Hedgewar Udyan, Ghatkopar (E)in 'N' ward", "bmc_department": "Garden & Trees", "ward_code_source": "N", "twitter_handle": "@mybmcGardens", "website": "https://portal.mcgm.gov.in/irj/portal/anonymous/qlgardenauth", "latitude": 19.073, "longitude": 72.9058, "source_file": "mumbai_green_spaces.kml", "source": "BMC / OpenCity Mumbai Public Gardens, Parks and Zoos dataset", "coordinate_valid": true }, "geometry": { "type": "Point", "coordinates": [ 72.9058, 19.073 ] } },
{ "type": "Feature", "properties": { "green_space_id": "12", "green_space_name": "Nana nani Park", "address": "Nana nani Park , 194 Ghatkopar East", "bmc_department": "Garden & Trees", "ward_code_source": "N", "twitter_handle": "@mybmcGardens", "website": "https://portal.mcgm.gov.in/irj/portal/anonymous/qlgardenauth", "latitude": 19.0778, "longitude": 72.8997, "source_file": "mumbai_green_spaces.kml", "source": "BMC / OpenCity Mumbai Public Gardens, Parks and Zoos dataset", "coordinate_valid": true }, "geometry": { "type": "Point", "coordinates": [ 72.8997, 19.0778 ] } },
{ "type": "Feature", "properties": { "green_space_id": "13", "green_space_name": "RG Plot bearing CTS no. 50B", "address": "RG plot no. 50 B, LBS Road, Ghatkopar West", "bmc_department": "Garden & Trees", "ward_code_source": "N", "twitter_handle": "@mybmcGardens", "website": "https://portal.mcgm.gov.in/irj/portal/anonymous/qlgardenauth", "latitude": 19.0856, "longitude": 72.9082, "source_file": "mumbai_green_spaces.kml", "source": "BMC / OpenCity Mumbai Public Gardens, Parks and Zoos dataset", "coordinate_valid": true }, "geometry": { "type": "Point", "coordinates": [ 72.9082, 19.0856 ] } },
{ "type": "Feature", "properties": { "green_space_id": "14", "green_space_name": "BMC Playground", "address": "Playground plot – CTS No. 2452 & 2955, Village Manori, Malad (W)", "bmc_department": "Garden & Trees", "ward_code_source": "PN", "twitter_handle": "@mybmcGardens", "website": "https://portal.mcgm.gov.in/irj/portal/anonymous/qlgardenauth", "latitude": 19.2069, "longitude": 72.7775, "source_file": "mumbai_green_spaces.kml", "source": "BMC / OpenCity Mumbai Public Gardens, Parks and Zoos dataset", "coordinate_valid": true }, "geometry": { "type": "Point", "coordinates": [ 72.7775, 19.2069 ] } },
{ "type": "Feature", "properties": { "green_space_id": "15", "green_space_name": "Dr Abdul Kalam azad garden", "address": "bdul Kalam azad garden,aksa village,marve road,malad(w)", "bmc_department": "Garden & Trees", "ward_code_source": "PN", "twitter_handle": "@mybmcGardens", "website": "https://portal.mcgm.gov.in/irj/portal/anonymous/qlgardenauth", "latitude": 19.1777, "longitude": 72.8625, "source_file": "mumbai_green_spaces.kml", "source": "BMC / OpenCity Mumbai Public Gardens, Parks and Zoos dataset", "coordinate_valid": true }, "geometry": { "type": "Point", "coordinates": [ 72.8625, 19.1777 ] } },
{ "type": "Feature", "properties": { "green_space_id": "16", "green_space_name": "Shree Mahant Rambalak Dasaji Mahatyagi udyan", "address": "Dr Abdul kalam aazad garden , aksa village,madh marve road,malad(W)", "bmc_department": "Garden & Trees", "ward_code_source": "PN", "twitter_handle": "@mybmcGardens", "website": "https://portal.mcgm.gov.in/irj/portal/anonymous/qlgardenauth", "latitude": 19.1816, "longitude": 72.8596, "source_file": "mumbai_green_spaces.kml", "source": "BMC / OpenCity Mumbai Public Gardens, Parks and Zoos dataset", "coordinate_valid": true }, "geometry": { "type": "Point", "coordinates": [ 72.8596, 19.1816 ] } },
{ "type": "Feature", "properties": { "green_space_id": "17", "green_space_name": "Chacha Nehru Udyan", "address": "Chacha Nehru Udyan,C.T.S. No. 756, 757, Behind Swatantrata Udyan, Malad (W)", "bmc_department": "Garden & Trees", "ward_code_source": "PN", "twitter_handle": "@mybmcGardens", "website": "https://portal.mcgm.gov.in/irj/portal/anonymous/qlgardenauth", "latitude": 19.1885, "longitude": 72.8403, "source_file": "mumbai_green_spaces.kml", "source": "BMC / OpenCity Mumbai Public Gardens, Parks and Zoos dataset", "coordinate_valid": true }, "geometry": { "type": "Point", "coordinates": [ 72.8403, 19.1885 ] } },
{ "type": "Feature", "properties": { "green_space_id": "18", "green_space_name": "Swatantraveer Sawarkar manorajan maidan", "address": "Swatantraveer Sawarkar manorajan maidan, CTS No. 1406/A/21, Goregaon (W), (mind space garden)", "bmc_department": "Garden & Trees", "ward_code_source": "PS", "twitter_handle": "@mybmcGardens", "website": "https://portal.mcgm.gov.in/irj/portal/anonymous/qlgardenauth", "latitude": 19.155, "longitude": 72.85, "source_file": "mumbai_green_spaces.kml", "source": "BMC / OpenCity Mumbai Public Gardens, Parks and Zoos dataset", "coordinate_valid": true }, "geometry": { "type": "Point", "coordinates": [ 72.85, 19.155 ] } },
{ "type": "Feature", "properties": { "green_space_id": "19", "green_space_name": "TDR Plot CTS No. 1230/B (pt), near Infant Jesus School,village Malad South Malad West", "address": "TDR Plot CTS No. 1230/B (pt), near Infant Jesus School,village Malad South Malad West", "bmc_department": "Garden & Trees", "ward_code_source": "PS", "twitter_handle": "@mybmcGardens", "website": "https://portal.mcgm.gov.in/irj/portal/anonymous/qlgardenauth", "latitude": 19.1547, "longitude": 72.8574, "source_file": "mumbai_green_spaces.kml", "source": "BMC / OpenCity Mumbai Public Gardens, Parks and Zoos dataset", "coordinate_valid": true }, "geometry": { "type": "Point", "coordinates": [ 72.8574, 19.1547 ] } },
{ "type": "Feature", "properties": { "green_space_id": "20", "green_space_name": "CTS No. 586/7/A, S. No. 139, Near Hub Mall, W. E. Highway, Goregaon (E)", "address": "CTS No. 586/7/A, S. No. 139, Near Hub Mall, W. E. Highway, Goregaon (E)", "bmc_department": "Garden & Trees", "ward_code_source": "PS", "twitter_handle": "@mybmcGardens", "website": "https://portal.mcgm.gov.in/irj/portal/anonymous/qlgardenauth", "latitude": 19.1713, "longitude": 72.8725, "source_file": "mumbai_green_spaces.kml", "source": "BMC / OpenCity Mumbai Public Gardens, Parks and Zoos dataset", "coordinate_valid": true }, "geometry": { "type": "Point", "coordinates": [ 72.8725, 19.1713 ] } },
{ "type": "Feature", "properties": { "green_space_id": "21", "green_space_name": "CTS No. 620/F, Village Chincholi, Gokuldham, Opp. Santosh Nagar, Goregaon (E)", "address": "CTS No. 620/F, Village Chincholi, Gokuldham, Opp. Santosh Nagar, Goregaon (E)", "bmc_department": "Garden & Trees", "ward_code_source": "PS", "twitter_handle": "@mybmcGardens", "website": "https://portal.mcgm.gov.in/irj/portal/anonymous/qlgardenauth", "latitude": 19.178, "longitude": 72.8398, "source_file": "mumbai_green_spaces.kml", "source": "BMC / OpenCity Mumbai Public Gardens, Parks and Zoos dataset", "coordinate_valid": true }, "geometry": { "type": "Point", "coordinates": [ 72.8398, 19.178 ] } },
{ "type": "Feature", "properties": { "green_space_id": "22", "green_space_name": "Plot CTS No.184/G,S.No.61,71,74 village pahadi,gogtewadi/opp. Walia terrace Goregaon East", "address": "Plot CTS No.184/G,S.No.61,71,74 village pahadi,gogtewadi/opp. Walia terrace Goregaon East", "bmc_department": "Garden & Trees", "ward_code_source": "PS", "twitter_handle": "@mybmcGardens", "website": "https://portal.mcgm.gov.in/irj/portal/anonymous/qlgardenauth", "latitude": 19.1681, "longitude": 72.8522, "source_file": "mumbai_green_spaces.kml", "source": "BMC / OpenCity Mumbai Public Gardens, Parks and Zoos dataset", "coordinate_valid": true }, "geometry": { "type": "Point", "coordinates": [ 72.8522, 19.1681 ] } },
{ "type": "Feature", "properties": { "green_space_id": "23", "green_space_name": "Sant Nirankari Garden TDR plot no. 1195/1, 1217 of Village Malad (South), Goregaon (W)", "address": "Sant Nirankari Garden TDR plot no. 1195/1, 1217 of Village Malad (South), Goregaon (W)", "bmc_department": "Garden & Trees", "ward_code_source": "PS", "twitter_handle": "@mybmcGardens", "website": "https://portal.mcgm.gov.in/irj/portal/anonymous/qlgardenauth", "latitude": 19.1738, "longitude": 72.8408, "source_file": "mumbai_green_spaces.kml", "source": "BMC / OpenCity Mumbai Public Gardens, Parks and Zoos dataset", "coordinate_valid": true }, "geometry": { "type": "Point", "coordinates": [ 72.8408, 19.1738 ] } },
{ "type": "Feature", "properties": { "green_space_id": "24", "green_space_name": "Plot CTS No. 97/A/23/B Upper Govind nagar Malad East", "address": "Plot CTS No. 97/A/23/B Upper Govind nagar Malad East", "bmc_department": "Garden & Trees", "ward_code_source": "PS", "twitter_handle": "@mybmcGardens", "website": "https://portal.mcgm.gov.in/irj/portal/anonymous/qlgardenauth", "latitude": 19.1753, "longitude": 72.8537, "source_file": "mumbai_green_spaces.kml", "source": "BMC / OpenCity Mumbai Public Gardens, Parks and Zoos dataset", "coordinate_valid": true }, "geometry": { "type": "Point", "coordinates": [ 72.8537, 19.1753 ] } },
{ "type": "Feature", "properties": { "green_space_id": "25", "green_space_name": "BMC Garden", "address": "Plot bearing CTS NO. 1C/1 at Link road, near Mahaveer nagar signal, borivali west in R/Central west", "bmc_department": "Garden & Trees", "ward_code_source": "RC", "twitter_handle": "@mybmcGardens", "website": "https://portal.mcgm.gov.in/irj/portal/anonymous/qlgardenauth", "latitude": 19.2173, "longitude": 72.8396, "source_file": "mumbai_green_spaces.kml", "source": "BMC / OpenCity Mumbai Public Gardens, Parks and Zoos dataset", "coordinate_valid": true }, "geometry": { "type": "Point", "coordinates": [ 72.8396, 19.2173 ] } },
{ "type": "Feature", "properties": { "green_space_id": "26", "green_space_name": "CTS NO. 384, Rajmata Jijau udyan, Borivali west R CENTRAL WARD", "address": "Amarkant Zha Road, Borivali west", "bmc_department": "Garden & Trees", "ward_code_source": "RC", "twitter_handle": "@mybmcGardens", "website": "https://portal.mcgm.gov.in/irj/portal/anonymous/qlgardenauth", "latitude": 19.2252, "longitude": 72.8444, "source_file": "mumbai_green_spaces.kml", "source": "BMC / OpenCity Mumbai Public Gardens, Parks and Zoos dataset", "coordinate_valid": true }, "geometry": { "type": "Point", "coordinates": [ 72.8444, 19.2252 ] } },
{ "type": "Feature", "properties": { "green_space_id": "27", "green_space_name": "Shahid Tukaram Ombale Garden, Dahisar west", "address": "Plantation of trees by Miyawaki method at Tukaram Ombale Garden Dahisar west in R/N ward", "bmc_department": "Garden & Trees", "ward_code_source": "RN", "twitter_handle": "@mybmcGardens", "website": "https://portal.mcgm.gov.in/irj/portal/anonymous/qlgardenauth", "latitude": 19.237, "longitude": 72.8317, "source_file": "mumbai_green_spaces.kml", "source": "BMC / OpenCity Mumbai Public Gardens, Parks and Zoos dataset", "coordinate_valid": true }, "geometry": { "type": "Point", "coordinates": [ 72.8317, 19.237 ] } },
{ "type": "Feature", "properties": { "green_space_id": "28", "green_space_name": "cts no 108,109,110 at Dahisar west", "address": "Plantation of trees by Miyawaki method atPlot bearing cts no 108,109,110 at Dahisar west in R/N ward", "bmc_department": "Garden & Trees", "ward_code_source": "RN", "twitter_handle": "@mybmcGardens", "website": "https://portal.mcgm.gov.in/irj/portal/anonymous/qlgardenauth", "latitude": 19.2595, "longitude": 72.8538, "source_file": "mumbai_green_spaces.kml", "source": "BMC / OpenCity Mumbai Public Gardens, Parks and Zoos dataset", "coordinate_valid": true }, "geometry": { "type": "Point", "coordinates": [ 72.8538, 19.2595 ] } },
{ "type": "Feature", "properties": { "green_space_id": "29", "green_space_name": "Dahisar cemetry Dahisar west", "address": "Plantation of trees by Miyawaki method atDahisar cemetry Dahisar west in R/N ward", "bmc_department": "Garden & Trees", "ward_code_source": "RN", "twitter_handle": "@mybmcGardens", "website": "https://portal.mcgm.gov.in/irj/portal/anonymous/qlgardenauth", "latitude": 19.2605, "longitude": 72.8553, "source_file": "mumbai_green_spaces.kml", "source": "BMC / OpenCity Mumbai Public Gardens, Parks and Zoos dataset", "coordinate_valid": true }, "geometry": { "type": "Point", "coordinates": [ 72.8553, 19.2605 ] } },
{ "type": "Feature", "properties": { "green_space_id": "30", "green_space_name": "Green Park Garden", "address": "Plantation of trees by Miyawaki method atGreen park Garden, I.C. Colony, Dahisar west in R/North ward", "bmc_department": "Garden & Trees", "ward_code_source": "RN", "twitter_handle": "@mybmcGardens", "website": "https://portal.mcgm.gov.in/irj/portal/anonymous/qlgardenauth", "latitude": 19.2515, "longitude": 72.8475, "source_file": "mumbai_green_spaces.kml", "source": "BMC / OpenCity Mumbai Public Gardens, Parks and Zoos dataset", "coordinate_valid": true }, "geometry": { "type": "Point", "coordinates": [ 72.8475, 19.2515 ] } },
{ "type": "Feature", "properties": { "green_space_id": "31", "green_space_name": "Pramod Navalkar udyan", "address": "Pramod Navalkar udyan,Garden plot at Thakur Complex bearing CTS No.744/4, 748/4, Kandivali(E) Mumbai 400101.", "bmc_department": "Garden & Trees", "ward_code_source": "RS", "twitter_handle": "@mybmcGardens", "website": "https://portal.mcgm.gov.in/irj/portal/anonymous/qlgardenauth", "latitude": 19.2126, "longitude": 72.8188, "source_file": "mumbai_green_spaces.kml", "source": "BMC / OpenCity Mumbai Public Gardens, Parks and Zoos dataset", "coordinate_valid": true }, "geometry": { "type": "Point", "coordinates": [ 72.8188, 19.2126 ] } },
{ "type": "Feature", "properties": { "green_space_id": "32", "green_space_name": "Veer Abdul hamid udyan, CTS No. 171/1A/4(pt)", "address": "Veer Abdul hamid udyan, CTS No. 171/1A/4(pt) Village Akurli, At Akurli Road, Kandivali(E) Mumbai 400101", "bmc_department": "Garden & Trees", "ward_code_source": "RS", "twitter_handle": "@mybmcGardens", "website": "https://portal.mcgm.gov.in/irj/portal/anonymous/qlgardenauth", "latitude": 19.1983, "longitude": 72.8685, "source_file": "mumbai_green_spaces.kml", "source": "BMC / OpenCity Mumbai Public Gardens, Parks and Zoos dataset", "coordinate_valid": true }, "geometry": { "type": "Point", "coordinates": [ 72.8685, 19.1983 ] } },
{ "type": "Feature", "properties": { "green_space_id": "33", "green_space_name": "Sahitya Samrat Aanabhau Sathe Manoranjan Maidan", "address": "Sahitya Samrat Aanabhau Sathe Manoranjan Maidan,Plot bearing C.T.S. No. 171/1A/09, Lokhandwala Complex, Kandivali (E)Mumbai 400101", "bmc_department": "Garden & Trees", "ward_code_source": "RS", "twitter_handle": "@mybmcGardens", "website": "https://portal.mcgm.gov.in/irj/portal/anonymous/qlgardenauth", "latitude": 19.1976, "longitude": 72.8699, "source_file": "mumbai_green_spaces.kml", "source": "BMC / OpenCity Mumbai Public Gardens, Parks and Zoos dataset", "coordinate_valid": true }, "geometry": { "type": "Point", "coordinates": [ 72.8699, 19.1976 ] } },
{ "type": "Feature", "properties": { "green_space_id": "34", "green_space_name": "Lakefront of Powai Lake", "address": "Lakefront of Powai Lake", "bmc_department": "Garden & Trees", "ward_code_source": "S", "twitter_handle": "@mybmcGardens", "website": "https://portal.mcgm.gov.in/irj/portal/anonymous/qlgardenauth", "latitude": 19.1273, "longitude": 72.9048, "source_file": "mumbai_green_spaces.kml", "source": "BMC / OpenCity Mumbai Public Gardens, Parks and Zoos dataset", "coordinate_valid": true }, "geometry": { "type": "Point", "coordinates": [ 72.9048, 19.1273 ] } },
{ "type": "Feature", "properties": { "green_space_id": "35", "green_space_name": "Hiranandani Gardens", "address": "C.T.S. no. 7/2, Hiranandani Gardens, Powai", "bmc_department": "Garden & Trees", "ward_code_source": "S", "twitter_handle": "@mybmcGardens", "website": "https://portal.mcgm.gov.in/irj/portal/anonymous/qlgardenauth", "latitude": 19.1154, "longitude": 72.9091, "source_file": "mumbai_green_spaces.kml", "source": "BMC / OpenCity Mumbai Public Gardens, Parks and Zoos dataset", "coordinate_valid": true }, "geometry": { "type": "Point", "coordinates": [ 72.9091, 19.1154 ] } },
{ "type": "Feature", "properties": { "green_space_id": "36", "green_space_name": "Bharatratna Atal Bihari Vajpeyee Udyan", "address": "Bharatratna Atal Bihari Vajpeyee Udyan, Cliff Avenue, Hiranandani Gardens, Powai", "bmc_department": "Garden & Trees", "ward_code_source": "S", "twitter_handle": "@mybmcGardens", "website": "https://portal.mcgm.gov.in/irj/portal/anonymous/qlgardenauth", "latitude": 19.1154, "longitude": 72.9091, "source_file": "mumbai_green_spaces.kml", "source": "BMC / OpenCity Mumbai Public Gardens, Parks and Zoos dataset", "coordinate_valid": true }, "geometry": { "type": "Point", "coordinates": [ 72.9091, 19.1154 ] } },
{ "type": "Feature", "properties": { "green_space_id": "38", "green_space_name": "Dr. A.P.J. abdul Kalam Garden", "address": "miyawaki method at Dr. A.P.J. abdul Kalam Garden Mulund (E) in T ward", "bmc_department": "Garden & Trees", "ward_code_source": "T", "twitter_handle": "@mybmcGardens", "website": "https://portal.mcgm.gov.in/irj/portal/anonymous/qlgardenauth", "latitude": 19.1757, "longitude": 72.9721, "source_file": "mumbai_green_spaces.kml", "source": "BMC / OpenCity Mumbai Public Gardens, Parks and Zoos dataset", "coordinate_valid": true }, "geometry": { "type": "Point", "coordinates": [ 72.9721, 19.1757 ] } },
{ "type": "Feature", "properties": { "green_space_id": "39", "green_space_name": "R.R. Patil garden", "address": "R.R. Patil garden, Hariom Nagar Mulund East in T ward", "bmc_department": "Garden & Trees", "ward_code_source": "T", "twitter_handle": "@mybmcGardens", "website": "https://portal.mcgm.gov.in/irj/portal/anonymous/qlgardenauth", "latitude": 19.1985, "longitude": 72.9748, "source_file": "mumbai_green_spaces.kml", "source": "BMC / OpenCity Mumbai Public Gardens, Parks and Zoos dataset", "coordinate_valid": true }, "geometry": { "type": "Point", "coordinates": [ 72.9748, 19.1985 ] } },
{ "type": "Feature", "properties": { "green_space_id": "40", "green_space_name": "Strip Garden at Lala lajpatrai road", "address": "Strip Garden at Lala lajpatrai road, near Government Colony, Haji Ali", "bmc_department": "Garden & Trees", "ward_code_source": "G/S", "twitter_handle": "@mybmcGardens", "website": "https://portal.mcgm.gov.in/irj/portal/anonymous/qlgardenauth", "latitude": 18.98, "longitude": 72.81, "source_file": "mumbai_green_spaces.kml", "source": "BMC / OpenCity Mumbai Public Gardens, Parks and Zoos dataset", "coordinate_valid": true }, "geometry": { "type": "Point", "coordinates": [ 72.81, 18.98 ] } },
{ "type": "Feature", "properties": { "green_space_id": "41", "green_space_name": "Colaba Woods Garden", "address": "Colaba Wood Garden, Capt.Prakash Pethe Marg, behind Cuffe Parade Police Station. Cuffe Parade", "bmc_department": "Garden & Trees", "ward_code_source": "A", "twitter_handle": "@mybmcGardens", "website": "https://portal.mcgm.gov.in/irj/portal/anonymous/qlgardenauth", "latitude": 18.9123, "longitude": 72.8183, "source_file": "mumbai_green_spaces.kml", "source": "BMC / OpenCity Mumbai Public Gardens, Parks and Zoos dataset", "coordinate_valid": true }, "geometry": { "type": "Point", "coordinates": [ 72.8183, 18.9123 ] } },
{ "type": "Feature", "properties": { "green_space_id": "1892", "green_space_name": "Veermalji Makaji Bohra Maidan,", "address": null, "bmc_department": null, "ward_code_source": null, "twitter_handle": null, "website": null, "latitude": 18.966105, "longitude": 72.825859, "source_file": "mumbai_green_spaces.kml", "source": "BMC / OpenCity Mumbai Public Gardens, Parks and Zoos dataset", "coordinate_valid": true }, "geometry": { "type": "Point", "coordinates": [ 72.825859, 18.966105 ] } },
{ "type": "Feature", "properties": { "green_space_id": "1893", "green_space_name": "R.G. Plot at 10th lane Kamathipura", "address": null, "bmc_department": null, "ward_code_source": null, "twitter_handle": null, "website": null, "latitude": 18.966269, "longitude": 72.825639, "source_file": "mumbai_green_spaces.kml", "source": "BMC / OpenCity Mumbai Public Gardens, Parks and Zoos dataset", "coordinate_valid": true }, "geometry": { "type": "Point", "coordinates": [ 72.825639, 18.966269 ] } },
{ "type": "Feature", "properties": { "green_space_id": "1894", "green_space_name": "Tank Square Maidan,", "address": null, "bmc_department": null, "ward_code_source": null, "twitter_handle": null, "website": null, "latitude": 18.970946, "longitude": 72.81104, "source_file": "mumbai_green_spaces.kml", "source": "BMC / OpenCity Mumbai Public Gardens, Parks and Zoos dataset", "coordinate_valid": true }, "geometry": { "type": "Point", "coordinates": [ 72.81104, 18.970946 ] } },
{ "type": "Feature", "properties": { "green_space_id": "1895", "green_space_name": "Sant Rohidas Udyan,", "address": null, "bmc_department": null, "ward_code_source": null, "twitter_handle": null, "website": null, "latitude": 18.9798457, "longitude": 72.8278889, "source_file": "mumbai_green_spaces.kml", "source": "BMC / OpenCity Mumbai Public Gardens, Parks and Zoos dataset", "coordinate_valid": true }, "geometry": { "type": "Point", "coordinates": [ 72.8278889, 18.9798457 ] } },
{ "type": "Feature", "properties": { "green_space_id": "1896", "green_space_name": "R.G. Plot at 5th Sankhali Street,", "address": null, "bmc_department": null, "ward_code_source": null, "twitter_handle": null, "website": null, "latitude": 18.973295, "longitude": 72.828427, "source_file": "mumbai_green_spaces.kml", "source": "BMC / OpenCity Mumbai Public Gardens, Parks and Zoos dataset", "coordinate_valid": true }, "geometry": { "type": "Point", "coordinates": [ 72.828427, 18.973295 ] } },
{ "type": "Feature", "properties": { "green_space_id": "1897", "green_space_name": "R.G. Plot In between BIT chawl no.6 & 7,", "address": null, "bmc_department": null, "ward_code_source": null, "twitter_handle": null, "website": null, "latitude": 18.967311, "longitude": 72.838311, "source_file": "mumbai_green_spaces.kml", "source": "BMC / OpenCity Mumbai Public Gardens, Parks and Zoos dataset", "coordinate_valid": true }, "geometry": { "type": "Point", "coordinates": [ 72.838311, 18.967311 ] } },
{ "type": "Feature", "properties": { "green_space_id": "1898", "green_space_name": "Suresh Vishwanath Acharekar Maidan,", "address": null, "bmc_department": null, "ward_code_source": null, "twitter_handle": null, "website": null, "latitude": 18.987966, "longitude": 72.83508, "source_file": "mumbai_green_spaces.kml", "source": "BMC / OpenCity Mumbai Public Gardens, Parks and Zoos dataset", "coordinate_valid": true }, "geometry": { "type": "Point", "coordinates": [ 72.83508, 18.987966 ] } },
{ "type": "Feature", "properties": { "green_space_id": "1899", "green_space_name": "R.G. Plot at N. M. Joshi Marg,", "address": null, "bmc_department": null, "ward_code_source": null, "twitter_handle": null, "website": null, "latitude": 18.9802357, "longitude": 72.8309298, "source_file": "mumbai_green_spaces.kml", "source": "BMC / OpenCity Mumbai Public Gardens, Parks and Zoos dataset", "coordinate_valid": true }, "geometry": { "type": "Point", "coordinates": [ 72.8309298, 18.9802357 ] } },
{ "type": "Feature", "properties": { "green_space_id": "1900", "green_space_name": "R.G. Plot at Maulana Azad Road,", "address": null, "bmc_department": null, "ward_code_source": null, "twitter_handle": null, "website": null, "latitude": 18.97663, "longitude": 72.827081, "source_file": "mumbai_green_spaces.kml", "source": "BMC / OpenCity Mumbai Public Gardens, Parks and Zoos dataset", "coordinate_valid": true }, "geometry": { "type": "Point", "coordinates": [ 72.827081, 18.97663 ] } },
{ "type": "Feature", "properties": { "green_space_id": "1901", "green_space_name": "R.G. Plot at Vaishali Nagar,", "address": null, "bmc_department": null, "ward_code_source": null, "twitter_handle": null, "website": null, "latitude": 18.980096, "longitude": 72.824071, "source_file": "mumbai_green_spaces.kml", "source": "BMC / OpenCity Mumbai Public Gardens, Parks and Zoos dataset", "coordinate_valid": true }, "geometry": { "type": "Point", "coordinates": [ 72.824071, 18.980096 ] } },
{ "type": "Feature", "properties": { "green_space_id": "1902", "green_space_name": "R.G. Plot at Gel Street,", "address": null, "bmc_department": null, "ward_code_source": null, "twitter_handle": null, "website": null, "latitude": 18.976833, "longitude": 72.825145, "source_file": "mumbai_green_spaces.kml", "source": "BMC / OpenCity Mumbai Public Gardens, Parks and Zoos dataset", "coordinate_valid": true }, "geometry": { "type": "Point", "coordinates": [ 72.825145, 18.976833 ] } },
{ "type": "Feature", "properties": { "green_space_id": "1903", "green_space_name": "Batliboy Compound Maidan,", "address": null, "bmc_department": null, "ward_code_source": null, "twitter_handle": null, "website": null, "latitude": 18.984826, "longitude": 72.840546, "source_file": "mumbai_green_spaces.kml", "source": "BMC / OpenCity Mumbai Public Gardens, Parks and Zoos dataset", "coordinate_valid": true }, "geometry": { "type": "Point", "coordinates": [ 72.840546, 18.984826 ] } },
{ "type": "Feature", "properties": { "green_space_id": "1904", "green_space_name": "P.G. Plot at Laxmiwadi,", "address": null, "bmc_department": null, "ward_code_source": null, "twitter_handle": null, "website": null, "latitude": 18.985135, "longitude": 72.836598, "source_file": "mumbai_green_spaces.kml", "source": "BMC / OpenCity Mumbai Public Gardens, Parks and Zoos dataset", "coordinate_valid": true }, "geometry": { "type": "Point", "coordinates": [ 72.836598, 18.985135 ] } },
{ "type": "Feature", "properties": { "green_space_id": "1905", "green_space_name": "Kai. Eknath (Bhai) Maruti Bandhal Maidan, (Nawab Tank Maidan),", "address": null, "bmc_department": null, "ward_code_source": null, "twitter_handle": null, "website": null, "latitude": 18.966027, "longitude": 72.845135, "source_file": "mumbai_green_spaces.kml", "source": "BMC / OpenCity Mumbai Public Gardens, Parks and Zoos dataset", "coordinate_valid": true }, "geometry": { "type": "Point", "coordinates": [ 72.845135, 18.966027 ] } },
{ "type": "Feature", "properties": { "green_space_id": "1906", "green_space_name": "नवलचंद शहा उद्यान", "address": null, "bmc_department": null, "ward_code_source": null, "twitter_handle": null, "website": null, "latitude": 19.062651, "longitude": 72.885452, "source_file": "mumbai_green_spaces.kml", "source": "BMC / OpenCity Mumbai Public Gardens, Parks and Zoos dataset", "coordinate_valid": true }, "geometry": { "type": "Point", "coordinates": [ 72.885452, 19.062651 ] } },
{ "type": "Feature", "properties": { "green_space_id": "1907", "green_space_name": null, "address": null, "bmc_department": null, "ward_code_source": null, "twitter_handle": null, "website": null, "latitude": 19.062684, "longitude": 72.882077, "source_file": "mumbai_green_spaces.kml", "source": "BMC / OpenCity Mumbai Public Gardens, Parks and Zoos dataset", "coordinate_valid": true }, "geometry": { "type": "Point", "coordinates": [ 72.882077, 19.062684 ] } },
{ "type": "Feature", "properties": { "green_space_id": "1908", "green_space_name": "हुसैनी मनोरंजन मैदान", "address": null, "bmc_department": null, "ward_code_source": null, "twitter_handle": null, "website": null, "latitude": 19.060588, "longitude": 72.876798, "source_file": "mumbai_green_spaces.kml", "source": "BMC / OpenCity Mumbai Public Gardens, Parks and Zoos dataset", "coordinate_valid": true }, "geometry": { "type": "Point", "coordinates": [ 72.876798, 19.060588 ] } },
{ "type": "Feature", "properties": { "green_space_id": "1909", "green_space_name": "छत्रपती शिवाजी महाराज उद्यान", "address": null, "bmc_department": null, "ward_code_source": null, "twitter_handle": null, "website": null, "latitude": 19.0531255, "longitude": 72.869785, "source_file": "mumbai_green_spaces.kml", "source": "BMC / OpenCity Mumbai Public Gardens, Parks and Zoos dataset", "coordinate_valid": true }, "geometry": { "type": "Point", "coordinates": [ 72.869785, 19.0531255 ] } },
{ "type": "Feature", "properties": { "green_space_id": "1910", "green_space_name": "मॉँसाहेब मीनाताई ठाकरे बॉटेनिकल उद्यान", "address": null, "bmc_department": null, "ward_code_source": null, "twitter_handle": null, "website": null, "latitude": 19.05162, "longitude": 72.879992, "source_file": "mumbai_green_spaces.kml", "source": "BMC / OpenCity Mumbai Public Gardens, Parks and Zoos dataset", "coordinate_valid": true }, "geometry": { "type": "Point", "coordinates": [ 72.879992, 19.05162 ] } },
{ "type": "Feature", "properties": { "green_space_id": "1911", "green_space_name": "गांधी मैदान", "address": null, "bmc_department": null, "ward_code_source": null, "twitter_handle": null, "website": null, "latitude": 19.077407, "longitude": 72.881586, "source_file": "mumbai_green_spaces.kml", "source": "BMC / OpenCity Mumbai Public Gardens, Parks and Zoos dataset", "coordinate_valid": true }, "geometry": { "type": "Point", "coordinates": [ 72.881586, 19.077407 ] } },
{ "type": "Feature", "properties": { "green_space_id": "1912", "green_space_name": "राम गणेश गडकरी मैदान", "address": null, "bmc_department": null, "ward_code_source": null, "twitter_handle": null, "website": null, "latitude": 19.067449, "longitude": 72.875822, "source_file": "mumbai_green_spaces.kml", "source": "BMC / OpenCity Mumbai Public Gardens, Parks and Zoos dataset", "coordinate_valid": true }, "geometry": { "type": "Point", "coordinates": [ 72.875822, 19.067449 ] } },
{ "type": "Feature", "properties": { "green_space_id": "1913", "green_space_name": "छत्रपती शिवाजी महाराज मैदान", "address": null, "bmc_department": null, "ward_code_source": null, "twitter_handle": null, "website": null, "latitude": 19.061887, "longitude": 72.881222, "source_file": "mumbai_green_spaces.kml", "source": "BMC / OpenCity Mumbai Public Gardens, Parks and Zoos dataset", "coordinate_valid": true }, "geometry": { "type": "Point", "coordinates": [ 72.881222, 19.061887 ] } },
{ "type": "Feature", "properties": { "green_space_id": "1914", "green_space_name": "स्वातंत्र्यवीर विनायक दामोदर सावरकर क्रीडांगण", "address": null, "bmc_department": null, "ward_code_source": null, "twitter_handle": null, "website": null, "latitude": 19.058054, "longitude": 72.881267, "source_file": "mumbai_green_spaces.kml", "source": "BMC / OpenCity Mumbai Public Gardens, Parks and Zoos dataset", "coordinate_valid": true }, "geometry": { "type": "Point", "coordinates": [ 72.881267, 19.058054 ] } },
{ "type": "Feature", "properties": { "green_space_id": "1915", "green_space_name": "छत्रपती शिवाजी महाराज पार्क", "address": null, "bmc_department": null, "ward_code_source": null, "twitter_handle": null, "website": null, "latitude": 19.091908, "longitude": 72.885747, "source_file": "mumbai_green_spaces.kml", "source": "BMC / OpenCity Mumbai Public Gardens, Parks and Zoos dataset", "coordinate_valid": true }, "geometry": { "type": "Point", "coordinates": [ 72.885747, 19.091908 ] } },
{ "type": "Feature", "properties": { "green_space_id": "1916", "green_space_name": "119F/4", "address": null, "bmc_department": null, "ward_code_source": null, "twitter_handle": null, "website": null, "latitude": 19.120071, "longitude": 72.895958, "source_file": "mumbai_green_spaces.kml", "source": "BMC / OpenCity Mumbai Public Gardens, Parks and Zoos dataset", "coordinate_valid": true }, "geometry": { "type": "Point", "coordinates": [ 72.895958, 19.120071 ] } },
{ "type": "Feature", "properties": { "green_space_id": "1917", "green_space_name": "पुण्यश्लोक अहिल्याबाई होळकर मैदान", "address": null, "bmc_department": null, "ward_code_source": null, "twitter_handle": null, "website": null, "latitude": 19.117303, "longitude": 72.892425, "source_file": "mumbai_green_spaces.kml", "source": "BMC / OpenCity Mumbai Public Gardens, Parks and Zoos dataset", "coordinate_valid": true }, "geometry": { "type": "Point", "coordinates": [ 72.892425, 19.117303 ] } },
{ "type": "Feature", "properties": { "green_space_id": "1918", "green_space_name": "संत शिरोमणी रोहिदास मैदान", "address": null, "bmc_department": null, "ward_code_source": null, "twitter_handle": null, "website": null, "latitude": 19.117934, "longitude": 72.892434, "source_file": "mumbai_green_spaces.kml", "source": "BMC / OpenCity Mumbai Public Gardens, Parks and Zoos dataset", "coordinate_valid": true }, "geometry": { "type": "Point", "coordinates": [ 72.892434, 19.117934 ] } },
{ "type": "Feature", "properties": { "green_space_id": "1919", "green_space_name": "डॉ दत्ता सामंत मैदान", "address": null, "bmc_department": null, "ward_code_source": null, "twitter_handle": null, "website": null, "latitude": 19.118019, "longitude": 72.88752, "source_file": "mumbai_green_spaces.kml", "source": "BMC / OpenCity Mumbai Public Gardens, Parks and Zoos dataset", "coordinate_valid": true }, "geometry": { "type": "Point", "coordinates": [ 72.88752, 19.118019 ] } },
{ "type": "Feature", "properties": { "green_space_id": "1920", "green_space_name": "वीरमाता जिजाबाई भोसले मैदान", "address": null, "bmc_department": null, "ward_code_source": null, "twitter_handle": null, "website": null, "latitude": 19.113608, "longitude": 72.896539, "source_file": "mumbai_green_spaces.kml", "source": "BMC / OpenCity Mumbai Public Gardens, Parks and Zoos dataset", "coordinate_valid": true }, "geometry": { "type": "Point", "coordinates": [ 72.896539, 19.113608 ] } },
{ "type": "Feature", "properties": { "green_space_id": "1921", "green_space_name": "समाजसेविका सावित्रीबाई फूले मैदान", "address": null, "bmc_department": null, "ward_code_source": null, "twitter_handle": null, "website": null, "latitude": 19.112854, "longitude": 72.896264, "source_file": "mumbai_green_spaces.kml", "source": "BMC / OpenCity Mumbai Public Gardens, Parks and Zoos dataset", "coordinate_valid": true }, "geometry": { "type": "Point", "coordinates": [ 72.896264, 19.112854 ] } },
{ "type": "Feature", "properties": { "green_space_id": "1922", "green_space_name": "डॉ बाबासाहेब आंबेडकर मैदान", "address": null, "bmc_department": null, "ward_code_source": null, "twitter_handle": null, "website": null, "latitude": 19.0639706, "longitude": 72.8836458, "source_file": "mumbai_green_spaces.kml", "source": "BMC / OpenCity Mumbai Public Gardens, Parks and Zoos dataset", "coordinate_valid": true }, "geometry": { "type": "Point", "coordinates": [ 72.8836458, 19.0639706 ] } },
{ "type": "Feature", "properties": { "green_space_id": "1923", "green_space_name": "गंगाराम गोविंद साळगावकर उद्यान", "address": null, "bmc_department": null, "ward_code_source": null, "twitter_handle": null, "website": null, "latitude": 19.0635059, "longitude": 72.8836599, "source_file": "mumbai_green_spaces.kml", "source": "BMC / OpenCity Mumbai Public Gardens, Parks and Zoos dataset", "coordinate_valid": true }, "geometry": { "type": "Point", "coordinates": [ 72.8836599, 19.0635059 ] } },
{ "type": "Feature", "properties": { "green_space_id": "1924", "green_space_name": "श्री छत्रपती शिवाजी महाराज क्रीडांगण", "address": null, "bmc_department": null, "ward_code_source": null, "twitter_handle": null, "website": null, "latitude": 19.054356, "longitude": 72.870214, "source_file": "mumbai_green_spaces.kml", "source": "BMC / OpenCity Mumbai Public Gardens, Parks and Zoos dataset", "coordinate_valid": true }, "geometry": { "type": "Point", "coordinates": [ 72.870214, 19.054356 ] } },
{ "type": "Feature", "properties": { "green_space_id": "1925", "green_space_name": "मुक्तादेवी मनोरंजन मैदान", "address": null, "bmc_department": null, "ward_code_source": null, "twitter_handle": null, "website": null, "latitude": 19.054483, "longitude": 72.875096, "source_file": "mumbai_green_spaces.kml", "source": "BMC / OpenCity Mumbai Public Gardens, Parks and Zoos dataset", "coordinate_valid": true }, "geometry": { "type": "Point", "coordinates": [ 72.875096, 19.054483 ] } },
{ "type": "Feature", "properties": { "green_space_id": "1926", "green_space_name": "एकनाथ रामचंद्र कोपर्डे मनोरंजन मैदान", "address": null, "bmc_department": null, "ward_code_source": null, "twitter_handle": null, "website": null, "latitude": 19.067434, "longitude": 72.876998, "source_file": "mumbai_green_spaces.kml", "source": "BMC / OpenCity Mumbai Public Gardens, Parks and Zoos dataset", "coordinate_valid": true }, "geometry": { "type": "Point", "coordinates": [ 72.876998, 19.067434 ] } },
{ "type": "Feature", "properties": { "green_space_id": "1927", "green_space_name": "मीनाताई ठाकरे मनोरंजन मैदान", "address": null, "bmc_department": null, "ward_code_source": null, "twitter_handle": null, "website": null, "latitude": 19.11063, "longitude": 72.894455, "source_file": "mumbai_green_spaces.kml", "source": "BMC / OpenCity Mumbai Public Gardens, Parks and Zoos dataset", "coordinate_valid": true }, "geometry": { "type": "Point", "coordinates": [ 72.894455, 19.11063 ] } },
{ "type": "Feature", "properties": { "green_space_id": "1928", "green_space_name": null, "address": null, "bmc_department": null, "ward_code_source": null, "twitter_handle": null, "website": null, "latitude": 19.1171186, "longitude": 72.903146, "source_file": "mumbai_green_spaces.kml", "source": "BMC / OpenCity Mumbai Public Gardens, Parks and Zoos dataset", "coordinate_valid": true }, "geometry": { "type": "Point", "coordinates": [ 72.903146, 19.1171186 ] } },
{ "type": "Feature", "properties": { "green_space_id": "1929", "green_space_name": null, "address": null, "bmc_department": null, "ward_code_source": null, "twitter_handle": null, "website": null, "latitude": 19.116072, "longitude": 72.903708, "source_file": "mumbai_green_spaces.kml", "source": "BMC / OpenCity Mumbai Public Gardens, Parks and Zoos dataset", "coordinate_valid": true }, "geometry": { "type": "Point", "coordinates": [ 72.903708, 19.116072 ] } },
{ "type": "Feature", "properties": { "green_space_id": "1930", "green_space_name": "श्रावण बाळ मनोरंजन मैदान", "address": null, "bmc_department": null, "ward_code_source": null, "twitter_handle": null, "website": null, "latitude": 19.090687, "longitude": 72.8941, "source_file": "mumbai_green_spaces.kml", "source": "BMC / OpenCity Mumbai Public Gardens, Parks and Zoos dataset", "coordinate_valid": true }, "geometry": { "type": "Point", "coordinates": [ 72.8941, 19.090687 ] } },
{ "type": "Feature", "properties": { "green_space_id": "1931", "green_space_name": "वीरमाता जिजाऊ भोसले मनोरंजन मैदान", "address": null, "bmc_department": null, "ward_code_source": null, "twitter_handle": null, "website": null, "latitude": 19.094156, "longitude": 72.894483, "source_file": "mumbai_green_spaces.kml", "source": "BMC / OpenCity Mumbai Public Gardens, Parks and Zoos dataset", "coordinate_valid": true }, "geometry": { "type": "Point", "coordinates": [ 72.894483, 19.094156 ] } },
{ "type": "Feature", "properties": { "green_space_id": "1932", "green_space_name": null, "address": null, "bmc_department": null, "ward_code_source": null, "twitter_handle": null, "website": null, "latitude": 19.11043, "longitude": 72.900671, "source_file": "mumbai_green_spaces.kml", "source": "BMC / OpenCity Mumbai Public Gardens, Parks and Zoos dataset", "coordinate_valid": true }, "geometry": { "type": "Point", "coordinates": [ 72.900671, 19.11043 ] } },
{ "type": "Feature", "properties": { "green_space_id": "1933", "green_space_name": "राजे शिव छत्रपती मनोरंजन मैदान", "address": null, "bmc_department": null, "ward_code_source": null, "twitter_handle": null, "website": null, "latitude": 19.070842, "longitude": 72.877691, "source_file": "mumbai_green_spaces.kml", "source": "BMC / OpenCity Mumbai Public Gardens, Parks and Zoos dataset", "coordinate_valid": true }, "geometry": { "type": "Point", "coordinates": [ 72.877691, 19.070842 ] } },
{ "type": "Feature", "properties": { "green_space_id": "1934", "green_space_name": "प्रमोदजी महाजन मनोरंजन मैदान", "address": null, "bmc_department": null, "ward_code_source": null, "twitter_handle": null, "website": null, "latitude": 19.086717, "longitude": 72.891312, "source_file": "mumbai_green_spaces.kml", "source": "BMC / OpenCity Mumbai Public Gardens, Parks and Zoos dataset", "coordinate_valid": true }, "geometry": { "type": "Point", "coordinates": [ 72.891312, 19.086717 ] } },
{ "type": "Feature", "properties": { "green_space_id": "1935", "green_space_name": "sheetal talav", "address": null, "bmc_department": null, "ward_code_source": null, "twitter_handle": null, "website": null, "latitude": 19.084125, "longitude": 72.88181, "source_file": "mumbai_green_spaces.kml", "source": "BMC / OpenCity Mumbai Public Gardens, Parks and Zoos dataset", "coordinate_valid": true }, "geometry": { "type": "Point", "coordinates": [ 72.88181, 19.084125 ] } },
{ "type": "Feature", "properties": { "green_space_id": "1936", "green_space_name": "श्रीमती आनंदीबाई सुर्वे उद्यान", "address": null, "bmc_department": null, "ward_code_source": null, "twitter_handle": null, "website": null, "latitude": 19.102106, "longitude": 72.900255, "source_file": "mumbai_green_spaces.kml", "source": "BMC / OpenCity Mumbai Public Gardens, Parks and Zoos dataset", "coordinate_valid": true }, "geometry": { "type": "Point", "coordinates": [ 72.900255, 19.102106 ] } },
{ "type": "Feature", "properties": { "green_space_id": "1937", "green_space_name": "साईबाबा पार्क", "address": null, "bmc_department": null, "ward_code_source": null, "twitter_handle": null, "website": null, "latitude": 19.100602, "longitude": 72.892938, "source_file": "mumbai_green_spaces.kml", "source": "BMC / OpenCity Mumbai Public Gardens, Parks and Zoos dataset", "coordinate_valid": true }, "geometry": { "type": "Point", "coordinates": [ 72.892938, 19.100602 ] } },
{ "type": "Feature", "properties": { "green_space_id": "1938", "green_space_name": "Late. Bacchu Khan Maidan,", "address": null, "bmc_department": null, "ward_code_source": null, "twitter_handle": null, "website": null, "latitude": 18.965281, "longitude": 72.831179, "source_file": "mumbai_green_spaces.kml", "source": "BMC / OpenCity Mumbai Public Gardens, Parks and Zoos dataset", "coordinate_valid": true }, "geometry": { "type": "Point", "coordinates": [ 72.831179, 18.965281 ] } },
{ "type": "Feature", "properties": { "green_space_id": "1939", "green_space_name": "Mastan Talav Maidan,", "address": null, "bmc_department": null, "ward_code_source": null, "twitter_handle": null, "website": null, "latitude": 18.9650277, "longitude": 72.8253854, "source_file": "mumbai_green_spaces.kml", "source": "BMC / OpenCity Mumbai Public Gardens, Parks and Zoos dataset", "coordinate_valid": true }, "geometry": { "type": "Point", "coordinates": [ 72.8253854, 18.9650277 ] } },
{ "type": "Feature", "properties": { "green_space_id": "1940", "green_space_name": "Lucky Compound, Maidan,", "address": null, "bmc_department": null, "ward_code_source": null, "twitter_handle": null, "website": null, "latitude": 18.974335, "longitude": 72.828797, "source_file": "mumbai_green_spaces.kml", "source": "BMC / OpenCity Mumbai Public Gardens, Parks and Zoos dataset", "coordinate_valid": true }, "geometry": { "type": "Point", "coordinates": [ 72.828797, 18.974335 ] } },
{ "type": "Feature", "properties": { "green_space_id": "1941", "green_space_name": "Tank Pakhadi Maidan,", "address": null, "bmc_department": null, "ward_code_source": null, "twitter_handle": null, "website": null, "latitude": 18.975693, "longitude": 72.829525, "source_file": "mumbai_green_spaces.kml", "source": "BMC / OpenCity Mumbai Public Gardens, Parks and Zoos dataset", "coordinate_valid": true }, "geometry": { "type": "Point", "coordinates": [ 72.829525, 18.975693 ] } },
{ "type": "Feature", "properties": { "green_space_id": "1942", "green_space_name": "Garden Near Ashirwad Building,", "address": null, "bmc_department": null, "ward_code_source": null, "twitter_handle": null, "website": null, "latitude": 18.983411, "longitude": 72.832479, "source_file": "mumbai_green_spaces.kml", "source": "BMC / OpenCity Mumbai Public Gardens, Parks and Zoos dataset", "coordinate_valid": true }, "geometry": { "type": "Point", "coordinates": [ 72.832479, 18.983411 ] } },
{ "type": "Feature", "properties": { "green_space_id": "1943", "green_space_name": "Maidan adjoining to VJBU at the Junction of E.S. Patanwala and Dr. Babasaheb Ambedkar Marg,", "address": null, "bmc_department": null, "ward_code_source": null, "twitter_handle": null, "website": null, "latitude": 18.9801424, "longitude": 72.8344321, "source_file": "mumbai_green_spaces.kml", "source": "BMC / OpenCity Mumbai Public Gardens, Parks and Zoos dataset", "coordinate_valid": true }, "geometry": { "type": "Point", "coordinates": [ 72.8344321, 18.9801424 ] } },
{ "type": "Feature", "properties": { "green_space_id": "1944", "green_space_name": "Garden at Vaikuntdham Cemetry,", "address": null, "bmc_department": null, "ward_code_source": null, "twitter_handle": null, "website": null, "latitude": 18.977441, "longitude": 72.847353, "source_file": "mumbai_green_spaces.kml", "source": "BMC / OpenCity Mumbai Public Gardens, Parks and Zoos dataset", "coordinate_valid": true }, "geometry": { "type": "Point", "coordinates": [ 72.847353, 18.977441 ] } },
{ "type": "Feature", "properties": { "green_space_id": "1945", "green_space_name": "V R Tulla Maidan", "address": null, "bmc_department": null, "ward_code_source": null, "twitter_handle": null, "website": null, "latitude": 18.966085, "longitude": 72.826843, "source_file": "mumbai_green_spaces.kml", "source": "BMC / OpenCity Mumbai Public Gardens, Parks and Zoos dataset", "coordinate_valid": true }, "geometry": { "type": "Point", "coordinates": [ 72.826843, 18.966085 ] } },
{ "type": "Feature", "properties": { "green_space_id": "1946", "green_space_name": "राजमाता अहिल्याबाई होळकर उद्यान", "address": null, "bmc_department": null, "ward_code_source": null, "twitter_handle": null, "website": null, "latitude": 19.060903, "longitude": 72.872098, "source_file": "mumbai_green_spaces.kml", "source": "BMC / OpenCity Mumbai Public Gardens, Parks and Zoos dataset", "coordinate_valid": true }, "geometry": { "type": "Point", "coordinates": [ 72.872098, 19.060903 ] } },
{ "type": "Feature", "properties": { "green_space_id": "1947", "green_space_name": "राम गणेश गडकरी उद्यान", "address": null, "bmc_department": null, "ward_code_source": null, "twitter_handle": null, "website": null, "latitude": 19.067728, "longitude": 72.875806, "source_file": "mumbai_green_spaces.kml", "source": "BMC / OpenCity Mumbai Public Gardens, Parks and Zoos dataset", "coordinate_valid": true }, "geometry": { "type": "Point", "coordinates": [ 72.875806, 19.067728 ] } },
{ "type": "Feature", "properties": { "green_space_id": "1948", "green_space_name": "भारतरत्न प्रियदर्शनी इंदिरा गांधी उद्यान", "address": null, "bmc_department": null, "ward_code_source": null, "twitter_handle": null, "website": null, "latitude": 19.074929, "longitude": 72.885502, "source_file": "mumbai_green_spaces.kml", "source": "BMC / OpenCity Mumbai Public Gardens, Parks and Zoos dataset", "coordinate_valid": true }, "geometry": { "type": "Point", "coordinates": [ 72.885502, 19.074929 ] } },
{ "type": "Feature", "properties": { "green_space_id": "1949", "green_space_name": "परमवीर शहिद अब्दुल हमीद उद्यान", "address": null, "bmc_department": null, "ward_code_source": null, "twitter_handle": null, "website": null, "latitude": 19.077964, "longitude": 72.881332, "source_file": "mumbai_green_spaces.kml", "source": "BMC / OpenCity Mumbai Public Gardens, Parks and Zoos dataset", "coordinate_valid": true }, "geometry": { "type": "Point", "coordinates": [ 72.881332, 19.077964 ] } },
{ "type": "Feature", "properties": { "green_space_id": "1950", "green_space_name": "नलिनी मोहनराव सावंत उद्यान", "address": null, "bmc_department": null, "ward_code_source": null, "twitter_handle": null, "website": null, "latitude": 19.079998, "longitude": 72.880137, "source_file": "mumbai_green_spaces.kml", "source": "BMC / OpenCity Mumbai Public Gardens, Parks and Zoos dataset", "coordinate_valid": true }, "geometry": { "type": "Point", "coordinates": [ 72.880137, 19.079998 ] } },
{ "type": "Feature", "properties": { "green_space_id": "1951", "green_space_name": "जय जवान उद्यान", "address": null, "bmc_department": null, "ward_code_source": null, "twitter_handle": null, "website": null, "latitude": 19.085986, "longitude": 72.881412, "source_file": "mumbai_green_spaces.kml", "source": "BMC / OpenCity Mumbai Public Gardens, Parks and Zoos dataset", "coordinate_valid": true }, "geometry": { "type": "Point", "coordinates": [ 72.881412, 19.085986 ] } },
{ "type": "Feature", "properties": { "green_space_id": "1952", "green_space_name": "गंगाराम धोंडू साटम उद्यान", "address": null, "bmc_department": null, "ward_code_source": null, "twitter_handle": null, "website": null, "latitude": 19.0903113, "longitude": 72.887238, "source_file": "mumbai_green_spaces.kml", "source": "BMC / OpenCity Mumbai Public Gardens, Parks and Zoos dataset", "coordinate_valid": true }, "geometry": { "type": "Point", "coordinates": [ 72.887238, 19.0903113 ] } },
{ "type": "Feature", "properties": { "green_space_id": "1953", "green_space_name": "काशीनाथ पांडुरंग शिर्के मैदान", "address": null, "bmc_department": null, "ward_code_source": null, "twitter_handle": null, "website": null, "latitude": 19.099524, "longitude": 72.893558, "source_file": "mumbai_green_spaces.kml", "source": "BMC / OpenCity Mumbai Public Gardens, Parks and Zoos dataset", "coordinate_valid": true }, "geometry": { "type": "Point", "coordinates": [ 72.893558, 19.099524 ] } },
{ "type": "Feature", "properties": { "green_space_id": "1954", "green_space_name": "Padmakar Tukaram Mane Udyan", "address": null, "bmc_department": null, "ward_code_source": null, "twitter_handle": null, "website": null, "latitude": 18.969629, "longitude": 72.829858, "source_file": "mumbai_green_spaces.kml", "source": "BMC / OpenCity Mumbai Public Gardens, Parks and Zoos dataset", "coordinate_valid": true }, "geometry": { "type": "Point", "coordinates": [ 72.829858, 18.969629 ] } },
{ "type": "Feature", "properties": { "green_space_id": "1955", "green_space_name": "Baby Garden", "address": null, "bmc_department": null, "ward_code_source": null, "twitter_handle": null, "website": null, "latitude": 18.9735897, "longitude": 72.8239576, "source_file": "mumbai_green_spaces.kml", "source": "BMC / OpenCity Mumbai Public Gardens, Parks and Zoos dataset", "coordinate_valid": true }, "geometry": { "type": "Point", "coordinates": [ 72.8239576, 18.9735897 ] } },
{ "type": "Feature", "properties": { "green_space_id": "1956", "green_space_name": "Abdulla Brelvi Garden", "address": null, "bmc_department": null, "ward_code_source": null, "twitter_handle": null, "website": null, "latitude": 18.985978, "longitude": 72.832438, "source_file": "mumbai_green_spaces.kml", "source": "BMC / OpenCity Mumbai Public Gardens, Parks and Zoos dataset", "coordinate_valid": true }, "geometry": { "type": "Point", "coordinates": [ 72.832438, 18.985978 ] } },
{ "type": "Feature", "properties": { "green_space_id": "1957", "green_space_name": "Shahid Nete Bhai Sangare Udyan", "address": null, "bmc_department": null, "ward_code_source": null, "twitter_handle": null, "website": null, "latitude": 18.980976, "longitude": 72.82731, "source_file": "mumbai_green_spaces.kml", "source": "BMC / OpenCity Mumbai Public Gardens, Parks and Zoos dataset", "coordinate_valid": true }, "geometry": { "type": "Point", "coordinates": [ 72.82731, 18.980976 ] } },
{ "type": "Feature", "properties": { "green_space_id": "1958", "green_space_name": "Sant Gadge Maharaj Udyan,", "address": null, "bmc_department": null, "ward_code_source": null, "twitter_handle": null, "website": null, "latitude": 18.980986, "longitude": 72.82689, "source_file": "mumbai_green_spaces.kml", "source": "BMC / OpenCity Mumbai Public Gardens, Parks and Zoos dataset", "coordinate_valid": true }, "geometry": { "type": "Point", "coordinates": [ 72.82689, 18.980986 ] } },
{ "type": "Feature", "properties": { "green_space_id": "1959", "green_space_name": "Dayan Baug Khandia Street Udyan,", "address": null, "bmc_department": null, "ward_code_source": null, "twitter_handle": null, "website": null, "latitude": 18.963173, "longitude": 72.829586, "source_file": "mumbai_green_spaces.kml", "source": "BMC / OpenCity Mumbai Public Gardens, Parks and Zoos dataset", "coordinate_valid": true }, "geometry": { "type": "Point", "coordinates": [ 72.829586, 18.963173 ] } },
{ "type": "Feature", "properties": { "green_space_id": "1960", "green_space_name": "Police Inspector Shahid Shashank Shinde Udyan,", "address": null, "bmc_department": null, "ward_code_source": null, "twitter_handle": null, "website": null, "latitude": 18.969545, "longitude": 72.842699, "source_file": "mumbai_green_spaces.kml", "source": "BMC / OpenCity Mumbai Public Gardens, Parks and Zoos dataset", "coordinate_valid": true }, "geometry": { "type": "Point", "coordinates": [ 72.842699, 18.969545 ] } },
{ "type": "Feature", "properties": { "green_space_id": "1961", "green_space_name": "Mohammad Hussein Maidan,", "address": null, "bmc_department": null, "ward_code_source": null, "twitter_handle": null, "website": null, "latitude": 18.9721213, "longitude": 72.824776, "source_file": "mumbai_green_spaces.kml", "source": "BMC / OpenCity Mumbai Public Gardens, Parks and Zoos dataset", "coordinate_valid": true }, "geometry": { "type": "Point", "coordinates": [ 72.824776, 18.9721213 ] } },
{ "type": "Feature", "properties": { "green_space_id": "1962", "green_space_name": "Abdul Rehman Soofi Maidan. (Zullha Maidan),", "address": null, "bmc_department": null, "ward_code_source": null, "twitter_handle": null, "website": null, "latitude": 18.974416, "longitude": 72.827158, "source_file": "mumbai_green_spaces.kml", "source": "BMC / OpenCity Mumbai Public Gardens, Parks and Zoos dataset", "coordinate_valid": true }, "geometry": { "type": "Point", "coordinates": [ 72.827158, 18.974416 ] } },
{ "type": "Feature", "properties": { "green_space_id": "1963", "green_space_name": "R.G. plot at National Textile Mill No. 2 & 3,", "address": null, "bmc_department": null, "ward_code_source": null, "twitter_handle": null, "website": null, "latitude": 18.986772, "longitude": 72.839479, "source_file": "mumbai_green_spaces.kml", "source": "BMC / OpenCity Mumbai Public Gardens, Parks and Zoos dataset", "coordinate_valid": true }, "geometry": { "type": "Point", "coordinates": [ 72.839479, 18.986772 ] } },
{ "type": "Feature", "properties": { "green_space_id": "1964", "green_space_name": "R.G. plot at Ghass gully,", "address": null, "bmc_department": null, "ward_code_source": null, "twitter_handle": null, "website": null, "latitude": 18.978142, "longitude": 72.823823, "source_file": "mumbai_green_spaces.kml", "source": "BMC / OpenCity Mumbai Public Gardens, Parks and Zoos dataset", "coordinate_valid": true }, "geometry": { "type": "Point", "coordinates": [ 72.823823, 18.978142 ] } },
{ "type": "Feature", "properties": { "green_space_id": "1965", "green_space_name": "Garlic compound", "address": null, "bmc_department": null, "ward_code_source": null, "twitter_handle": null, "website": null, "latitude": 18.9795693, "longitude": 72.8282101, "source_file": "mumbai_green_spaces.kml", "source": "BMC / OpenCity Mumbai Public Gardens, Parks and Zoos dataset", "coordinate_valid": true }, "geometry": { "type": "Point", "coordinates": [ 72.8282101, 18.9795693 ] } },
{ "type": "Feature", "properties": { "green_space_id": "1966", "green_space_name": "R.G. Plot at Laxmi building", "address": null, "bmc_department": null, "ward_code_source": null, "twitter_handle": null, "website": null, "latitude": 18.979211, "longitude": 72.83161, "source_file": "mumbai_green_spaces.kml", "source": "BMC / OpenCity Mumbai Public Gardens, Parks and Zoos dataset", "coordinate_valid": true }, "geometry": { "type": "Point", "coordinates": [ 72.83161, 18.979211 ] } },
{ "type": "Feature", "properties": { "green_space_id": "1967", "green_space_name": "Garden plot at Nariman Point, J. Bajaj road,", "address": null, "bmc_department": null, "ward_code_source": null, "twitter_handle": null, "website": null, "latitude": 18.9238694, "longitude": 72.8217029, "source_file": "mumbai_green_spaces.kml", "source": "BMC / OpenCity Mumbai Public Gardens, Parks and Zoos dataset", "coordinate_valid": true }, "geometry": { "type": "Point", "coordinates": [ 72.8217029, 18.9238694 ] } },
{ "type": "Feature", "properties": { "green_space_id": "1968", "green_space_name": "Garden at C.T.S.No.807, Mount Mary Road, Bandra (W), Mumbai - 50.", "address": null, "bmc_department": null, "ward_code_source": null, "twitter_handle": null, "website": null, "latitude": 19.049, "longitude": 72.822, "source_file": "mumbai_green_spaces.kml", "source": "BMC / OpenCity Mumbai Public Gardens, Parks and Zoos dataset", "coordinate_valid": true }, "geometry": { "type": "Point", "coordinates": [ 72.822, 19.049 ] } },
{ "type": "Feature", "properties": { "green_space_id": "1969", "green_space_name": "Sadhu Vaswani Garden, Junction of S.V.Road and Turner Road, Bandra (W), Mumbai- 50.", "address": null, "bmc_department": null, "ward_code_source": null, "twitter_handle": null, "website": null, "latitude": 19.0597266, "longitude": 72.8372402, "source_file": "mumbai_green_spaces.kml", "source": "BMC / OpenCity Mumbai Public Gardens, Parks and Zoos dataset", "coordinate_valid": true }, "geometry": { "type": "Point", "coordinates": [ 72.8372402, 19.0597266 ] } },
{ "type": "Feature", "properties": { "green_space_id": "1970", "green_space_name": "Madhukar Kulkarni Udyan Junction at Ramdas Naik Marg and Carmel Road, Bandra (W), Mumbai- 50.", "address": null, "bmc_department": null, "ward_code_source": null, "twitter_handle": null, "website": null, "latitude": 19.052, "longitude": 72.824, "source_file": "mumbai_green_spaces.kml", "source": "BMC / OpenCity Mumbai Public Gardens, Parks and Zoos dataset", "coordinate_valid": true }, "geometry": { "type": "Point", "coordinates": [ 72.824, 19.052 ] } },
{ "type": "Feature", "properties": { "green_space_id": "1971", "green_space_name": "Garden CTS No. 899/B, near Taj Land End hotel, Band Stand, B.J.Road, Bandra (W) Mumbai- 50.", "address": null, "bmc_department": null, "ward_code_source": null, "twitter_handle": null, "website": null, "latitude": 19.0426054, "longitude": 72.8182635, "source_file": "mumbai_green_spaces.kml", "source": "BMC / OpenCity Mumbai Public Gardens, Parks and Zoos dataset", "coordinate_valid": true }, "geometry": { "type": "Point", "coordinates": [ 72.8182635, 19.0426054 ] } },
{ "type": "Feature", "properties": { "green_space_id": "1972", "green_space_name": "Garden Plot No.906-B, Behind Taj Land End, B.J.Road, Bandra (W), Mumbai - 50.", "address": null, "bmc_department": null, "ward_code_source": null, "twitter_handle": null, "website": null, "latitude": 19.0421867, "longitude": 72.8190277, "source_file": "mumbai_green_spaces.kml", "source": "BMC / OpenCity Mumbai Public Gardens, Parks and Zoos dataset", "coordinate_valid": true }, "geometry": { "type": "Point", "coordinates": [ 72.8190277, 19.0421867 ] } },
{ "type": "Feature", "properties": { "green_space_id": "1973", "green_space_name": "Garden near Shatranj Hotel, Union Park, Bandra (West), Mumbai- 50.", "address": null, "bmc_department": null, "ward_code_source": null, "twitter_handle": null, "website": null, "latitude": 19.071, "longitude": 72.824, "source_file": "mumbai_green_spaces.kml", "source": "BMC / OpenCity Mumbai Public Gardens, Parks and Zoos dataset", "coordinate_valid": true }, "geometry": { "type": "Point", "coordinates": [ 72.824, 19.071 ] } },
{ "type": "Feature", "properties": { "green_space_id": "1974", "green_space_name": "Garden at the junction of Dadabhai X Road No.1 & 2, Santacruz (W), Mumbai- 54.", "address": null, "bmc_department": null, "ward_code_source": null, "twitter_handle": null, "website": null, "latitude": 19.086, "longitude": 72.833, "source_file": "mumbai_green_spaces.kml", "source": "BMC / OpenCity Mumbai Public Gardens, Parks and Zoos dataset", "coordinate_valid": true }, "geometry": { "type": "Point", "coordinates": [ 72.833, 19.086 ] } },
{ "type": "Feature", "properties": { "green_space_id": "1975", "green_space_name": "Garden adjacent to Glaxo Apt., St.John Baptista Road, Bandra (W), Mumbai- 50.", "address": null, "bmc_department": null, "ward_code_source": null, "twitter_handle": null, "website": null, "latitude": 19.047, "longitude": 72.823, "source_file": "mumbai_green_spaces.kml", "source": "BMC / OpenCity Mumbai Public Gardens, Parks and Zoos dataset", "coordinate_valid": true }, "geometry": { "type": "Point", "coordinates": [ 72.823, 19.047 ] } },
{ "type": "Feature", "properties": { "green_space_id": "1976", "green_space_name": "Garden at Boran Road, Bandra (W), Mumbai- 50.", "address": null, "bmc_department": null, "ward_code_source": null, "twitter_handle": null, "website": null, "latitude": 19.055, "longitude": 72.833, "source_file": "mumbai_green_spaces.kml", "source": "BMC / OpenCity Mumbai Public Gardens, Parks and Zoos dataset", "coordinate_valid": true }, "geometry": { "type": "Point", "coordinates": [ 72.833, 19.055 ] } },
{ "type": "Feature", "properties": { "green_space_id": "1977", "green_space_name": "Plot No. 78, TPS, Khari Village, S.V.Road, Khar (W), Mumbai- 50.", "address": null, "bmc_department": null, "ward_code_source": null, "twitter_handle": null, "website": null, "latitude": 19.065, "longitude": 72.837, "source_file": "mumbai_green_spaces.kml", "source": "BMC / OpenCity Mumbai Public Gardens, Parks and Zoos dataset", "coordinate_valid": true }, "geometry": { "type": "Point", "coordinates": [ 72.837, 19.065 ] } },
{ "type": "Feature", "properties": { "green_space_id": "1978", "green_space_name": "R.G of St Joseph Road Opp Chimbai Municipal School Play ground at St Joseph Road Bandra (W), Mumbai- 50.", "address": null, "bmc_department": null, "ward_code_source": null, "twitter_handle": null, "website": null, "latitude": 19.057, "longitude": 72.824, "source_file": "mumbai_green_spaces.kml", "source": "BMC / OpenCity Mumbai Public Gardens, Parks and Zoos dataset", "coordinate_valid": true }, "geometry": { "type": "Point", "coordinates": [ 72.824, 19.057 ] } },
{ "type": "Feature", "properties": { "green_space_id": "1979", "green_space_name": "Swami Vivekanand Sarovar S.V Road Bandra (W), Mumbai- 50.", "address": null, "bmc_department": null, "ward_code_source": null, "twitter_handle": null, "website": null, "latitude": 19.0561176, "longitude": 72.8376575, "source_file": "mumbai_green_spaces.kml", "source": "BMC / OpenCity Mumbai Public Gardens, Parks and Zoos dataset", "coordinate_valid": true }, "geometry": { "type": "Point", "coordinates": [ 72.8376575, 19.0561176 ] } },
{ "type": "Feature", "properties": { "green_space_id": "1980", "green_space_name": "R.G. Of the Junction Of St.Martins Road & Raghunath Road, Bandra West, Mumbai- 50.", "address": null, "bmc_department": null, "ward_code_source": null, "twitter_handle": null, "website": null, "latitude": 19.058, "longitude": 72.835, "source_file": "mumbai_green_spaces.kml", "source": "BMC / OpenCity Mumbai Public Gardens, Parks and Zoos dataset", "coordinate_valid": true }, "geometry": { "type": "Point", "coordinates": [ 72.835, 19.058 ] } },
{ "type": "Feature", "properties": { "green_space_id": "1981", "green_space_name": "Madhu Park at C.D Road Khar (W), Mumbai- 52", "address": null, "bmc_department": null, "ward_code_source": null, "twitter_handle": null, "website": null, "latitude": 19.0714692, "longitude": 72.8356797, "source_file": "mumbai_green_spaces.kml", "source": "BMC / OpenCity Mumbai Public Gardens, Parks and Zoos dataset", "coordinate_valid": true }, "geometry": { "type": "Point", "coordinates": [ 72.8356797, 19.0714692 ] } },
{ "type": "Feature", "properties": { "green_space_id": "1982", "green_space_name": "General Arunkumar Vaidya Garden,Off.Gen.Arrunkumar Vaidya Road,Bandra Reclamation, Bandra W (Part of plot used as garden", "address": null, "bmc_department": null, "ward_code_source": null, "twitter_handle": null, "website": null, "latitude": 19.0525293, "longitude": 72.8306934, "source_file": "mumbai_green_spaces.kml", "source": "BMC / OpenCity Mumbai Public Gardens, Parks and Zoos dataset", "coordinate_valid": true }, "geometry": { "type": "Point", "coordinates": [ 72.8306934, 19.0525293 ] } },
{ "type": "Feature", "properties": { "green_space_id": "1983", "green_space_name": "Step garden at Mount Mary road Bandra west, Mumbai- 50.", "address": null, "bmc_department": null, "ward_code_source": null, "twitter_handle": null, "website": null, "latitude": 19.048, "longitude": 72.822, "source_file": "mumbai_green_spaces.kml", "source": "BMC / OpenCity Mumbai Public Gardens, Parks and Zoos dataset", "coordinate_valid": true }, "geometry": { "type": "Point", "coordinates": [ 72.822, 19.048 ] } },
{ "type": "Feature", "properties": { "green_space_id": "1984", "green_space_name": "Garden below milan flyover, Santacruz (W), Mumbai- 54", "address": null, "bmc_department": null, "ward_code_source": null, "twitter_handle": null, "website": null, "latitude": 19.090328, "longitude": 72.8407843, "source_file": "mumbai_green_spaces.kml", "source": "BMC / OpenCity Mumbai Public Gardens, Parks and Zoos dataset", "coordinate_valid": true }, "geometry": { "type": "Point", "coordinates": [ 72.8407843, 19.090328 ] } },
{ "type": "Feature", "properties": { "green_space_id": "1985", "green_space_name": "Garden at B.J Road, Opp.Father Agnel Ashram ,Bandstand, Bandra West, Mumbai- 50. (Gazebo plot)", "address": null, "bmc_department": null, "ward_code_source": null, "twitter_handle": null, "website": null, "latitude": 19.045, "longitude": 72.819, "source_file": "mumbai_green_spaces.kml", "source": "BMC / OpenCity Mumbai Public Gardens, Parks and Zoos dataset", "coordinate_valid": true }, "geometry": { "type": "Point", "coordinates": [ 72.819, 19.045 ] } },
{ "type": "Feature", "properties": { "green_space_id": "1986", "green_space_name": "Nilgiri Forest Garden at Linking Road, Bandra West, Mumbai- 50.", "address": null, "bmc_department": null, "ward_code_source": null, "twitter_handle": null, "website": null, "latitude": 19.062, "longitude": 72.835, "source_file": "mumbai_green_spaces.kml", "source": "BMC / OpenCity Mumbai Public Gardens, Parks and Zoos dataset", "coordinate_valid": true }, "geometry": { "type": "Point", "coordinates": [ 72.835, 19.062 ] } },
{ "type": "Feature", "properties": { "green_space_id": "1987", "green_space_name": "Joggers park near Otters club, Bandra (W), Mumbai -50", "address": null, "bmc_department": null, "ward_code_source": null, "twitter_handle": null, "website": null, "latitude": 19.059, "longitude": 72.821, "source_file": "mumbai_green_spaces.kml", "source": "BMC / OpenCity Mumbai Public Gardens, Parks and Zoos dataset", "coordinate_valid": true }, "geometry": { "type": "Point", "coordinates": [ 72.821, 19.059 ] } },
{ "type": "Feature", "properties": { "green_space_id": "1988", "green_space_name": "Nandadeep Udyan, Opp. Kalanagar, W.E. Highway, Bandra (East) Mumbai- 400 051.", "address": null, "bmc_department": null, "ward_code_source": null, "twitter_handle": null, "website": null, "latitude": 19.05337, "longitude": 72.84629, "source_file": "mumbai_green_spaces.kml", "source": "BMC / OpenCity Mumbai Public Gardens, Parks and Zoos dataset", "coordinate_valid": true }, "geometry": { "type": "Point", "coordinates": [ 72.84629, 19.05337 ] } },
{ "type": "Feature", "properties": { "green_space_id": "1989", "green_space_name": "Garden at Shivaji Nagar Mun. Tenament, Bandra (East) , Mumbai 400 051.", "address": null, "bmc_department": null, "ward_code_source": null, "twitter_handle": null, "website": null, "latitude": 19.060786, "longitude": 72.84268, "source_file": "mumbai_green_spaces.kml", "source": "BMC / OpenCity Mumbai Public Gardens, Parks and Zoos dataset", "coordinate_valid": true }, "geometry": { "type": "Point", "coordinates": [ 72.84268, 19.060786 ] } },
{ "type": "Feature", "properties": { "green_space_id": "1990", "green_space_name": "Late Shri Madhukar Sarpotdar Udyan, Kadamwadi, Near Mathuradas Colony, Santacruz (East), Mumbai 400 055.", "address": null, "bmc_department": null, "ward_code_source": null, "twitter_handle": null, "website": null, "latitude": 19.078339, "longitude": 72.859767, "source_file": "mumbai_green_spaces.kml", "source": "BMC / OpenCity Mumbai Public Gardens, Parks and Zoos dataset", "coordinate_valid": true }, "geometry": { "type": "Point", "coordinates": [ 72.859767, 19.078339 ] } },
{ "type": "Feature", "properties": { "green_space_id": "1991", "green_space_name": "A. C. Keluskar Udyan , Beside Western Express Highway , Below Vakola Bridge, Santacruz (East), Mumbai-400055", "address": null, "bmc_department": null, "ward_code_source": null, "twitter_handle": null, "website": null, "latitude": 19.0812, "longitude": 72.8464, "source_file": "mumbai_green_spaces.kml", "source": "BMC / OpenCity Mumbai Public Gardens, Parks and Zoos dataset", "coordinate_valid": true }, "geometry": { "type": "Point", "coordinates": [ 72.8464, 19.0812 ] } },
{ "type": "Feature", "properties": { "green_space_id": "1992", "green_space_name": "Garden at plot bearing CTS No. 5013 A/2(pt) located at the junction of CST road and Huns bugra road", "address": null, "bmc_department": null, "ward_code_source": null, "twitter_handle": null, "website": null, "latitude": 19.07459, "longitude": 72.86073, "source_file": "mumbai_green_spaces.kml", "source": "BMC / OpenCity Mumbai Public Gardens, Parks and Zoos dataset", "coordinate_valid": true }, "geometry": { "type": "Point", "coordinates": [ 72.86073, 19.07459 ] } },
{ "type": "Feature", "properties": { "green_space_id": "1993", "green_space_name": "Savitribai phule garden Opp. Saint merry High school , Kalina , Santacruz(E)", "address": null, "bmc_department": null, "ward_code_source": null, "twitter_handle": null, "website": null, "latitude": 19.07811, "longitude": 72.86817, "source_file": "mumbai_green_spaces.kml", "source": "BMC / OpenCity Mumbai Public Gardens, Parks and Zoos dataset", "coordinate_valid": true }, "geometry": { "type": "Point", "coordinates": [ 72.86817, 19.07811 ] } },
{ "type": "Feature", "properties": { "green_space_id": "1994", "green_space_name": "Dinkar J. Patel Udyan,Opposite V.N.Desai Hospital, Santacruz/East, Mumbai-400055.", "address": null, "bmc_department": null, "ward_code_source": null, "twitter_handle": null, "website": null, "latitude": 19.07916, "longitude": 72.84407, "source_file": "mumbai_green_spaces.kml", "source": "BMC / OpenCity Mumbai Public Gardens, Parks and Zoos dataset", "coordinate_valid": true }, "geometry": { "type": "Point", "coordinates": [ 72.84407, 19.07916 ] } },
{ "type": "Feature", "properties": { "green_space_id": "1995", "green_space_name": "Dr. Bhabasaheb Ambedkar Udyan, Near Kherwadi Junction, Bandra (E), Mumbai- 400 051.", "address": null, "bmc_department": null, "ward_code_source": null, "twitter_handle": null, "website": null, "latitude": 19.06058, "longitude": 72.8493, "source_file": "mumbai_green_spaces.kml", "source": "BMC / OpenCity Mumbai Public Gardens, Parks and Zoos dataset", "coordinate_valid": true }, "geometry": { "type": "Point", "coordinates": [ 72.8493, 19.06058 ] } },
{ "type": "Feature", "properties": { "green_space_id": "1996", "green_space_name": "Garden at CTS No. 4875/C, 5613(Pt), 5614/A, 5648/A at Sunder Nagar, Kalina, Santacruz/East,Mumbai-400098", "address": null, "bmc_department": null, "ward_code_source": null, "twitter_handle": null, "website": null, "latitude": 19.07421, "longitude": 72.86414, "source_file": "mumbai_green_spaces.kml", "source": "BMC / OpenCity Mumbai Public Gardens, Parks and Zoos dataset", "coordinate_valid": true }, "geometry": { "type": "Point", "coordinates": [ 72.86414, 19.07421 ] } },
{ "type": "Feature", "properties": { "green_space_id": "1997", "green_space_name": "Chh. Shivaji Maharaj Kridangan, Kherwadi, Bandra/East Mumbai-400051.", "address": null, "bmc_department": null, "ward_code_source": null, "twitter_handle": null, "website": null, "latitude": 19.0599, "longitude": 72.84414, "source_file": "mumbai_green_spaces.kml", "source": "BMC / OpenCity Mumbai Public Gardens, Parks and Zoos dataset", "coordinate_valid": true }, "geometry": { "type": "Point", "coordinates": [ 72.84414, 19.0599 ] } },
{ "type": "Feature", "properties": { "green_space_id": "1998", "green_space_name": null, "address": null, "bmc_department": null, "ward_code_source": null, "twitter_handle": null, "website": null, "latitude": 19.05974, "longitude": 72.84526, "source_file": "mumbai_green_spaces.kml", "source": "BMC / OpenCity Mumbai Public Gardens, Parks and Zoos dataset", "coordinate_valid": true }, "geometry": { "type": "Point", "coordinates": [ 72.84526, 19.05974 ] } },
{ "type": "Feature", "properties": { "green_space_id": "1999", "green_space_name": "Dindayal Upadyay Kridangan, Dhobighat Road, Vakola, Santacruz/East,Mumbai-400055.", "address": null, "bmc_department": null, "ward_code_source": null, "twitter_handle": null, "website": null, "latitude": 19.08074, "longitude": 72.84954, "source_file": "mumbai_green_spaces.kml", "source": "BMC / OpenCity Mumbai Public Gardens, Parks and Zoos dataset", "coordinate_valid": true }, "geometry": { "type": "Point", "coordinates": [ 72.84954, 19.08074 ] } },
{ "type": "Feature", "properties": { "green_space_id": "2000", "green_space_name": "Kalina Tank Land, CTS No. 6544,opp. St. Anthony High School, Kalina, Santacruz/East, Mumbai-400098.", "address": null, "bmc_department": null, "ward_code_source": null, "twitter_handle": null, "website": null, "latitude": 19.07756, "longitude": 72.86861, "source_file": "mumbai_green_spaces.kml", "source": "BMC / OpenCity Mumbai Public Gardens, Parks and Zoos dataset", "coordinate_valid": true }, "geometry": { "type": "Point", "coordinates": [ 72.86861, 19.07756 ] } },
{ "type": "Feature", "properties": { "green_space_id": "2001", "green_space_name": "School attached PG near Kalina Municipal School , Near Gurudwara, Santacruz(E)", "address": null, "bmc_department": null, "ward_code_source": null, "twitter_handle": null, "website": null, "latitude": 19.07705, "longitude": 72.86092, "source_file": "mumbai_green_spaces.kml", "source": "BMC / OpenCity Mumbai Public Gardens, Parks and Zoos dataset", "coordinate_valid": true }, "geometry": { "type": "Point", "coordinates": [ 72.86092, 19.07705 ] } },
{ "type": "Feature", "properties": { "green_space_id": "2002", "green_space_name": "P.G at Manipada, Sundernagar, Kalina, Santacruz/East, Mumbai - 400098.", "address": null, "bmc_department": null, "ward_code_source": null, "twitter_handle": null, "website": null, "latitude": 19.07451, "longitude": 72.86254, "source_file": "mumbai_green_spaces.kml", "source": "BMC / OpenCity Mumbai Public Gardens, Parks and Zoos dataset", "coordinate_valid": true }, "geometry": { "type": "Point", "coordinates": [ 72.86254, 19.07451 ] } },
{ "type": "Feature", "properties": { "green_space_id": "2003", "green_space_name": "Narali baug garden, Govt colony, near Kherwadi Police station, Santacruz E , Mumbai-400 051", "address": null, "bmc_department": null, "ward_code_source": null, "twitter_handle": null, "website": null, "latitude": 19.06614, "longitude": 72.85014, "source_file": "mumbai_green_spaces.kml", "source": "BMC / OpenCity Mumbai Public Gardens, Parks and Zoos dataset", "coordinate_valid": true }, "geometry": { "type": "Point", "coordinates": [ 72.85014, 19.06614 ] } },
{ "type": "Feature", "properties": { "green_space_id": "2004", "green_space_name": "Prabodhankar thakre udyan , CTS No 169/4 & 168/9, SNo 42, H.No 2 (P)", "address": null, "bmc_department": null, "ward_code_source": null, "twitter_handle": null, "website": null, "latitude": 19.136, "longitude": 72.865, "source_file": "mumbai_green_spaces.kml", "source": "BMC / OpenCity Mumbai Public Gardens, Parks and Zoos dataset", "coordinate_valid": true }, "geometry": { "type": "Point", "coordinates": [ 72.865, 19.136 ] } },
{ "type": "Feature", "properties": { "green_space_id": "2005", "green_space_name": "Shahid Major Sandeep Unnikrishnan Udyan,", "address": null, "bmc_department": null, "ward_code_source": null, "twitter_handle": null, "website": null, "latitude": 19.1356254, "longitude": 72.8649902, "source_file": "mumbai_green_spaces.kml", "source": "BMC / OpenCity Mumbai Public Gardens, Parks and Zoos dataset", "coordinate_valid": true }, "geometry": { "type": "Point", "coordinates": [ 72.8649902, 19.1356254 ] } },
{ "type": "Feature", "properties": { "green_space_id": "2006", "green_space_name": "CTS No. 244 B", "address": null, "bmc_department": null, "ward_code_source": null, "twitter_handle": null, "website": null, "latitude": 19.1130188, "longitude": 72.8669798, "source_file": "mumbai_green_spaces.kml", "source": "BMC / OpenCity Mumbai Public Gardens, Parks and Zoos dataset", "coordinate_valid": true }, "geometry": { "type": "Point", "coordinates": [ 72.8669798, 19.1130188 ] } },
{ "type": "Feature", "properties": { "green_space_id": "2007", "green_space_name": "Sant Nrankari baba Hardev Sihaji Maharaj Udyan,CTS No. 245 A(Pt), 179 (E)", "address": null, "bmc_department": null, "ward_code_source": null, "twitter_handle": null, "website": null, "latitude": 19.1138171, "longitude": 72.8678389, "source_file": "mumbai_green_spaces.kml", "source": "BMC / OpenCity Mumbai Public Gardens, Parks and Zoos dataset", "coordinate_valid": true }, "geometry": { "type": "Point", "coordinates": [ 72.8678389, 19.1138171 ] } },
{ "type": "Feature", "properties": { "green_space_id": "2008", "green_space_name": "Shree Sai Leela Udyan, CTS No. 382 (D)", "address": null, "bmc_department": null, "ward_code_source": null, "twitter_handle": null, "website": null, "latitude": 19.1279219, "longitude": 72.8598675, "source_file": "mumbai_green_spaces.kml", "source": "BMC / OpenCity Mumbai Public Gardens, Parks and Zoos dataset", "coordinate_valid": true }, "geometry": { "type": "Point", "coordinates": [ 72.8598675, 19.1279219 ] } },
{ "type": "Feature", "properties": { "green_space_id": "2009", "green_space_name": "Hemant Karkare Udyan, CTS NO 167 A part, A2 - G2, A1 - G3, C1 - G4, C3 - G5, Hissa No 2, Mumbai-60.", "address": null, "bmc_department": null, "ward_code_source": null, "twitter_handle": null, "website": null, "latitude": 19.136, "longitude": 72.866, "source_file": "mumbai_green_spaces.kml", "source": "BMC / OpenCity Mumbai Public Gardens, Parks and Zoos dataset", "coordinate_valid": true }, "geometry": { "type": "Point", "coordinates": [ 72.866, 19.136 ] } },
{ "type": "Feature", "properties": { "green_space_id": "2010", "green_space_name": "Chhatrapati Rajaram Maharaj Udyan, CTS no. 102 & 99(P) Tikka no 24 ,", "address": null, "bmc_department": null, "ward_code_source": null, "twitter_handle": null, "website": null, "latitude": 19.1359773, "longitude": 72.8544984, "source_file": "mumbai_green_spaces.kml", "source": "BMC / OpenCity Mumbai Public Gardens, Parks and Zoos dataset", "coordinate_valid": true }, "geometry": { "type": "Point", "coordinates": [ 72.8544984, 19.1359773 ] } },
{ "type": "Feature", "properties": { "green_space_id": "2011", "green_space_name": "Nana Nani Park, CTS No FP 186 TPS V Garden", "address": null, "bmc_department": null, "ward_code_source": null, "twitter_handle": null, "website": null, "latitude": 19.0929966, "longitude": 72.8480693, "source_file": "mumbai_green_spaces.kml", "source": "BMC / OpenCity Mumbai Public Gardens, Parks and Zoos dataset", "coordinate_valid": true }, "geometry": { "type": "Point", "coordinates": [ 72.8480693, 19.0929966 ] } },
{ "type": "Feature", "properties": { "green_space_id": "2012", "green_space_name": "Garden at the junction of Linking Road & Water Field Road, Opp. National College, Bandr (W), Mumbai- 50.", "address": null, "bmc_department": null, "ward_code_source": null, "twitter_handle": null, "website": null, "latitude": 19.064, "longitude": 72.834, "source_file": "mumbai_green_spaces.kml", "source": "BMC / OpenCity Mumbai Public Gardens, Parks and Zoos dataset", "coordinate_valid": true }, "geometry": { "type": "Point", "coordinates": [ 72.834, 19.064 ] } },
{ "type": "Feature", "properties": { "green_space_id": "2013", "green_space_name": "P.G.of St.Pual Road, Bandra (W)Mumbai-50", "address": null, "bmc_department": null, "ward_code_source": null, "twitter_handle": null, "website": null, "latitude": 19.058, "longitude": 72.824, "source_file": "mumbai_green_spaces.kml", "source": "BMC / OpenCity Mumbai Public Gardens, Parks and Zoos dataset", "coordinate_valid": true }, "geometry": { "type": "Point", "coordinates": [ 72.824, 19.058 ] } },
{ "type": "Feature", "properties": { "green_space_id": "2014", "green_space_name": "P.G.of St.Andrews Road, Bandra (W) Mumbai-50", "address": null, "bmc_department": null, "ward_code_source": null, "twitter_handle": null, "website": null, "latitude": 19.056, "longitude": 72.826, "source_file": "mumbai_green_spaces.kml", "source": "BMC / OpenCity Mumbai Public Gardens, Parks and Zoos dataset", "coordinate_valid": true }, "geometry": { "type": "Point", "coordinates": [ 72.826, 19.056 ] } },
{ "type": "Feature", "properties": { "green_space_id": "2015", "green_space_name": "Dharamaveer Sambhaji udyan and Kreedangan , Khotwadi,TPS VI, Santacruz (W), Mumbaibai -54", "address": null, "bmc_department": null, "ward_code_source": null, "twitter_handle": null, "website": null, "latitude": 19.0885153, "longitude": 72.8409994, "source_file": "mumbai_green_spaces.kml", "source": "BMC / OpenCity Mumbai Public Gardens, Parks and Zoos dataset", "coordinate_valid": true }, "geometry": { "type": "Point", "coordinates": [ 72.8409994, 19.0885153 ] } },
{ "type": "Feature", "properties": { "green_space_id": "2016", "green_space_name": "Veermata Jijabai Bhosale Kridangan at St. John Baptista Road, Bandra (W) Mumbai-50", "address": null, "bmc_department": null, "ward_code_source": null, "twitter_handle": null, "website": null, "latitude": 19.048, "longitude": 72.824, "source_file": "mumbai_green_spaces.kml", "source": "BMC / OpenCity Mumbai Public Gardens, Parks and Zoos dataset", "coordinate_valid": true }, "geometry": { "type": "Point", "coordinates": [ 72.824, 19.048 ] } },
{ "type": "Feature", "properties": { "green_space_id": "2017", "green_space_name": "P.G. Near St.Elias High School, Dr. Ambedkar Road Bandra (W) Mumbai-50", "address": null, "bmc_department": null, "ward_code_source": null, "twitter_handle": null, "website": null, "latitude": 19.073, "longitude": 72.827, "source_file": "mumbai_green_spaces.kml", "source": "BMC / OpenCity Mumbai Public Gardens, Parks and Zoos dataset", "coordinate_valid": true }, "geometry": { "type": "Point", "coordinates": [ 72.827, 19.073 ] } },
{ "type": "Feature", "properties": { "green_space_id": "2018", "green_space_name": "Mother Teressa Playground at 2nd Hasnabad Lane, Khar (W) Mumbai-54", "address": null, "bmc_department": null, "ward_code_source": null, "twitter_handle": null, "website": null, "latitude": 19.074, "longitude": 72.839, "source_file": "mumbai_green_spaces.kml", "source": "BMC / OpenCity Mumbai Public Gardens, Parks and Zoos dataset", "coordinate_valid": true }, "geometry": { "type": "Point", "coordinates": [ 72.839, 19.074 ] } },
{ "type": "Feature", "properties": { "green_space_id": "2019", "green_space_name": "P.G.at Pali Mala Road,adjacent, St.Anne High School. Bandra (W) Mumbai-50", "address": null, "bmc_department": null, "ward_code_source": null, "twitter_handle": null, "website": null, "latitude": 19.0635035, "longitude": 72.825972, "source_file": "mumbai_green_spaces.kml", "source": "BMC / OpenCity Mumbai Public Gardens, Parks and Zoos dataset", "coordinate_valid": true }, "geometry": { "type": "Point", "coordinates": [ 72.825972, 19.0635035 ] } },
{ "type": "Feature", "properties": { "green_space_id": "2020", "green_space_name": "P.G. at Khar Gymkhana on 16th Road, Khar (W) Mumbai-52", "address": null, "bmc_department": null, "ward_code_source": null, "twitter_handle": null, "website": null, "latitude": 19.069, "longitude": 72.831, "source_file": "mumbai_green_spaces.kml", "source": "BMC / OpenCity Mumbai Public Gardens, Parks and Zoos dataset", "coordinate_valid": true }, "geometry": { "type": "Point", "coordinates": [ 72.831, 19.069 ] } },
{ "type": "Feature", "properties": { "green_space_id": "2021", "green_space_name": "Swami Muktanand Park, Saraswati Road, Santacruz (W), Mumbai- 50.", "address": null, "bmc_department": null, "ward_code_source": null, "twitter_handle": null, "website": null, "latitude": 19.082, "longitude": 72.831, "source_file": "mumbai_green_spaces.kml", "source": "BMC / OpenCity Mumbai Public Gardens, Parks and Zoos dataset", "coordinate_valid": true }, "geometry": { "type": "Point", "coordinates": [ 72.831, 19.082 ] } },
{ "type": "Feature", "properties": { "green_space_id": "2022", "green_space_name": "Guru nanak park at 16th Road Bandra(w), Mumbai- 50.", "address": null, "bmc_department": null, "ward_code_source": null, "twitter_handle": null, "website": null, "latitude": 19.0607154, "longitude": 72.830764, "source_file": "mumbai_green_spaces.kml", "source": "BMC / OpenCity Mumbai Public Gardens, Parks and Zoos dataset", "coordinate_valid": true }, "geometry": { "type": "Point", "coordinates": [ 72.830764, 19.0607154 ] } },
{ "type": "Feature", "properties": { "green_space_id": "2023", "green_space_name": "Chhatrapati Sambhaji Udyan Union Park. Opp. Dr Ambedkar Road. Khar.(w), Mumbai- 52", "address": null, "bmc_department": null, "ward_code_source": null, "twitter_handle": null, "website": null, "latitude": 19.0709712, "longitude": 72.8273224, "source_file": "mumbai_green_spaces.kml", "source": "BMC / OpenCity Mumbai Public Gardens, Parks and Zoos dataset", "coordinate_valid": true }, "geometry": { "type": "Point", "coordinates": [ 72.8273224, 19.0709712 ] } },
{ "type": "Feature", "properties": { "green_space_id": "2024", "green_space_name": "Jamshedji Hasnji Katrak Udyan Pery Cross Road Bandra(w), Mumbai- 50.", "address": null, "bmc_department": null, "ward_code_source": null, "twitter_handle": null, "website": null, "latitude": 19.0605212, "longitude": 72.8230054, "source_file": "mumbai_green_spaces.kml", "source": "BMC / OpenCity Mumbai Public Gardens, Parks and Zoos dataset", "coordinate_valid": true }, "geometry": { "type": "Point", "coordinates": [ 72.8230054, 19.0605212 ] } },
{ "type": "Feature", "properties": { "green_space_id": "2025", "green_space_name": "Raosaheb Patwardhan Udyan,32nd Road Bandra (w), Mumbai- 50.", "address": null, "bmc_department": null, "ward_code_source": null, "twitter_handle": null, "website": null, "latitude": 19.064, "longitude": 72.834, "source_file": "mumbai_green_spaces.kml", "source": "BMC / OpenCity Mumbai Public Gardens, Parks and Zoos dataset", "coordinate_valid": true }, "geometry": { "type": "Point", "coordinates": [ 72.834, 19.064 ] } },
{ "type": "Feature", "properties": { "green_space_id": "2026", "green_space_name": "Vishanu Buva K.Udyan, S.V Road,Khar (W), Mumbai- 52", "address": null, "bmc_department": null, "ward_code_source": null, "twitter_handle": null, "website": null, "latitude": 19.0732476, "longitude": 72.8377194, "source_file": "mumbai_green_spaces.kml", "source": "BMC / OpenCity Mumbai Public Gardens, Parks and Zoos dataset", "coordinate_valid": true }, "geometry": { "type": "Point", "coordinates": [ 72.8377194, 19.0732476 ] } },
{ "type": "Feature", "properties": { "green_space_id": "2027", "green_space_name": "Rotary Park Main Avenue Road & 16th Road Khar (w), Mumbai- 52", "address": null, "bmc_department": null, "ward_code_source": null, "twitter_handle": null, "website": null, "latitude": 19.0773482, "longitude": 72.8306164, "source_file": "mumbai_green_spaces.kml", "source": "BMC / OpenCity Mumbai Public Gardens, Parks and Zoos dataset", "coordinate_valid": true }, "geometry": { "type": "Point", "coordinates": [ 72.8306164, 19.0773482 ] } },
{ "type": "Feature", "properties": { "green_space_id": "2028", "green_space_name": "Lions Juhu Municipal Children Park at Juhu Road & Linking,Santacruz(w), Mumbai- 54", "address": null, "bmc_department": null, "ward_code_source": null, "twitter_handle": null, "website": null, "latitude": 19.0839729, "longitude": 72.834073, "source_file": "mumbai_green_spaces.kml", "source": "BMC / OpenCity Mumbai Public Gardens, Parks and Zoos dataset", "coordinate_valid": true }, "geometry": { "type": "Point", "coordinates": [ 72.834073, 19.0839729 ] } },
{ "type": "Feature", "properties": { "green_space_id": "2029", "green_space_name": "RG plot at Kantawadi D'Monte Park ,Bandra (w), Mumbai- 50.", "address": null, "bmc_department": null, "ward_code_source": null, "twitter_handle": null, "website": null, "latitude": 19.06, "longitude": 72.825, "source_file": "mumbai_green_spaces.kml", "source": "BMC / OpenCity Mumbai Public Gardens, Parks and Zoos dataset", "coordinate_valid": true }, "geometry": { "type": "Point", "coordinates": [ 72.825, 19.06 ] } },
{ "type": "Feature", "properties": { "green_space_id": "2030", "green_space_name": "Dr. Norman Francis Levis R.G Supari Tank Juncation Of Rebello Road & Mount Carmello Road Bandra(w), Mumbai- 50.", "address": null, "bmc_department": null, "ward_code_source": null, "twitter_handle": null, "website": null, "latitude": 19.0513763, "longitude": 72.8264518, "source_file": "mumbai_green_spaces.kml", "source": "BMC / OpenCity Mumbai Public Gardens, Parks and Zoos dataset", "coordinate_valid": true }, "geometry": { "type": "Point", "coordinates": [ 72.8264518, 19.0513763 ] } },
{ "type": "Feature", "properties": { "green_space_id": "2031", "green_space_name": "R.G. plot at D'Monte park Road, Bandra (W), Mumbai- 50.", "address": null, "bmc_department": null, "ward_code_source": null, "twitter_handle": null, "website": null, "latitude": 19.0578216, "longitude": 72.825806, "source_file": "mumbai_green_spaces.kml", "source": "BMC / OpenCity Mumbai Public Gardens, Parks and Zoos dataset", "coordinate_valid": true }, "geometry": { "type": "Point", "coordinates": [ 72.825806, 19.0578216 ] } },
{ "type": "Feature", "properties": { "green_space_id": "2032", "green_space_name": "R.G of the Juncation of B.J.Road & Bhabha Road Bandra (w), Mumbai- 50. (Sea harrier Jet plot)", "address": null, "bmc_department": null, "ward_code_source": null, "twitter_handle": null, "website": null, "latitude": 19.0499796, "longitude": 72.8210907, "source_file": "mumbai_green_spaces.kml", "source": "BMC / OpenCity Mumbai Public Gardens, Parks and Zoos dataset", "coordinate_valid": true }, "geometry": { "type": "Point", "coordinates": [ 72.8210907, 19.0499796 ] } },
{ "type": "Feature", "properties": { "green_space_id": "2033", "green_space_name": "R.G of the Juncation of B.J.Road & Bhabha Road Bandra (w), Mumbai- 50. (Fish garden)", "address": null, "bmc_department": null, "ward_code_source": null, "twitter_handle": null, "website": null, "latitude": 19.0510836, "longitude": 72.8218031, "source_file": "mumbai_green_spaces.kml", "source": "BMC / OpenCity Mumbai Public Gardens, Parks and Zoos dataset", "coordinate_valid": true }, "geometry": { "type": "Point", "coordinates": [ 72.8218031, 19.0510836 ] } },
{ "type": "Feature", "properties": { "green_space_id": "2034", "green_space_name": "Dr. Babasaheb Ambedkar Recreation Ground Kantawadi Road Plot No 787 Bandra (w), Mumbai- 50.", "address": null, "bmc_department": null, "ward_code_source": null, "twitter_handle": null, "website": null, "latitude": 19.0614538, "longitude": 72.8247696, "source_file": "mumbai_green_spaces.kml", "source": "BMC / OpenCity Mumbai Public Gardens, Parks and Zoos dataset", "coordinate_valid": true }, "geometry": { "type": "Point", "coordinates": [ 72.8247696, 19.0614538 ] } },
{ "type": "Feature", "properties": { "green_space_id": "2035", "green_space_name": "Prof. Almeida Park, Prof. Almeida Road, Near Bhabha Hospital, Bandra (W), Mumbai- 50.", "address": null, "bmc_department": null, "ward_code_source": null, "twitter_handle": null, "website": null, "latitude": 19.0574271, "longitude": 72.8313997, "source_file": "mumbai_green_spaces.kml", "source": "BMC / OpenCity Mumbai Public Gardens, Parks and Zoos dataset", "coordinate_valid": true }, "geometry": { "type": "Point", "coordinates": [ 72.8313997, 19.0574271 ] } },
{ "type": "Feature", "properties": { "green_space_id": "2036", "green_space_name": "Late Shridhar G. Bagve Udyan Poddar Road Santacruz (w), Mumbai- 54", "address": null, "bmc_department": null, "ward_code_source": null, "twitter_handle": null, "website": null, "latitude": 19.085, "longitude": 72.838, "source_file": "mumbai_green_spaces.kml", "source": "BMC / OpenCity Mumbai Public Gardens, Parks and Zoos dataset", "coordinate_valid": true }, "geometry": { "type": "Point", "coordinates": [ 72.838, 19.085 ] } },
{ "type": "Feature", "properties": { "green_space_id": "2037", "green_space_name": "छत्रपती शिवाजी महाराज पार्क", "address": null, "bmc_department": null, "ward_code_source": null, "twitter_handle": null, "website": null, "latitude": 19.100174, "longitude": 72.893129, "source_file": "mumbai_green_spaces.kml", "source": "BMC / OpenCity Mumbai Public Gardens, Parks and Zoos dataset", "coordinate_valid": true }, "geometry": { "type": "Point", "coordinates": [ 72.893129, 19.100174 ] } },
{ "type": "Feature", "properties": { "green_space_id": "2038", "green_space_name": "साहित्यरत्न लोकशाहिर अण्णाभाऊ साठे मैदान", "address": null, "bmc_department": null, "ward_code_source": null, "twitter_handle": null, "website": null, "latitude": 19.091928, "longitude": 72.896249, "source_file": "mumbai_green_spaces.kml", "source": "BMC / OpenCity Mumbai Public Gardens, Parks and Zoos dataset", "coordinate_valid": true }, "geometry": { "type": "Point", "coordinates": [ 72.896249, 19.091928 ] } },
{ "type": "Feature", "properties": { "green_space_id": "2039", "green_space_name": "स्वर्गीय अलका सागर मनोरंजन मैदान", "address": null, "bmc_department": null, "ward_code_source": null, "twitter_handle": null, "website": null, "latitude": 19.113255, "longitude": 72.899539, "source_file": "mumbai_green_spaces.kml", "source": "BMC / OpenCity Mumbai Public Gardens, Parks and Zoos dataset", "coordinate_valid": true }, "geometry": { "type": "Point", "coordinates": [ 72.899539, 19.113255 ] } },
{ "type": "Feature", "properties": { "green_space_id": "2040", "green_space_name": "श्री जगन्नाथ मंदिर क्रीडांगण", "address": null, "bmc_department": null, "ward_code_source": null, "twitter_handle": null, "website": null, "latitude": 19.0998299, "longitude": 72.8868326, "source_file": "mumbai_green_spaces.kml", "source": "BMC / OpenCity Mumbai Public Gardens, Parks and Zoos dataset", "coordinate_valid": true }, "geometry": { "type": "Point", "coordinates": [ 72.8868326, 19.0998299 ] } },
{ "type": "Feature", "properties": { "green_space_id": "2041", "green_space_name": "भारतरत्न ए.पी.जे. अब्दुल कलाम खेळाचे मैदान", "address": null, "bmc_department": null, "ward_code_source": null, "twitter_handle": null, "website": null, "latitude": 19.07466, "longitude": 72.885931, "source_file": "mumbai_green_spaces.kml", "source": "BMC / OpenCity Mumbai Public Gardens, Parks and Zoos dataset", "coordinate_valid": true }, "geometry": { "type": "Point", "coordinates": [ 72.885931, 19.07466 ] } },
{ "type": "Feature", "properties": { "green_space_id": "2042", "green_space_name": "सेंट मदर तेरेसा उद्यान", "address": null, "bmc_department": null, "ward_code_source": null, "twitter_handle": null, "website": null, "latitude": 19.0823319, "longitude": 72.8851442, "source_file": "mumbai_green_spaces.kml", "source": "BMC / OpenCity Mumbai Public Gardens, Parks and Zoos dataset", "coordinate_valid": true }, "geometry": { "type": "Point", "coordinates": [ 72.8851442, 19.0823319 ] } },
{ "type": "Feature", "properties": { "green_space_id": "2043", "green_space_name": "चाचा नेहरु मनोरंजन मैदान", "address": null, "bmc_department": null, "ward_code_source": null, "twitter_handle": null, "website": null, "latitude": 19.077775, "longitude": 72.884595, "source_file": "mumbai_green_spaces.kml", "source": "BMC / OpenCity Mumbai Public Gardens, Parks and Zoos dataset", "coordinate_valid": true }, "geometry": { "type": "Point", "coordinates": [ 72.884595, 19.077775 ] } },
{ "type": "Feature", "properties": { "green_space_id": "2044", "green_space_name": null, "address": null, "bmc_department": null, "ward_code_source": null, "twitter_handle": null, "website": null, "latitude": 19.077771, "longitude": 72.884382, "source_file": "mumbai_green_spaces.kml", "source": "BMC / OpenCity Mumbai Public Gardens, Parks and Zoos dataset", "coordinate_valid": true }, "geometry": { "type": "Point", "coordinates": [ 72.884382, 19.077771 ] } },
{ "type": "Feature", "properties": { "green_space_id": "2045", "green_space_name": null, "address": null, "bmc_department": null, "ward_code_source": null, "twitter_handle": null, "website": null, "latitude": 19.112444, "longitude": 72.90158, "source_file": "mumbai_green_spaces.kml", "source": "BMC / OpenCity Mumbai Public Gardens, Parks and Zoos dataset", "coordinate_valid": true }, "geometry": { "type": "Point", "coordinates": [ 72.90158, 19.112444 ] } },
{ "type": "Feature", "properties": { "green_space_id": "2046", "green_space_name": null, "address": null, "bmc_department": null, "ward_code_source": null, "twitter_handle": null, "website": null, "latitude": 19.112444, "longitude": 72.90158, "source_file": "mumbai_green_spaces.kml", "source": "BMC / OpenCity Mumbai Public Gardens, Parks and Zoos dataset", "coordinate_valid": true }, "geometry": { "type": "Point", "coordinates": [ 72.90158, 19.112444 ] } },
{ "type": "Feature", "properties": { "green_space_id": "2047", "green_space_name": null, "address": null, "bmc_department": null, "ward_code_source": null, "twitter_handle": null, "website": null, "latitude": 19.112444, "longitude": 72.90158, "source_file": "mumbai_green_spaces.kml", "source": "BMC / OpenCity Mumbai Public Gardens, Parks and Zoos dataset", "coordinate_valid": true }, "geometry": { "type": "Point", "coordinates": [ 72.90158, 19.112444 ] } },
{ "type": "Feature", "properties": { "green_space_id": "2048", "green_space_name": null, "address": null, "bmc_department": null, "ward_code_source": null, "twitter_handle": null, "website": null, "latitude": 19.108901, "longitude": 72.899764, "source_file": "mumbai_green_spaces.kml", "source": "BMC / OpenCity Mumbai Public Gardens, Parks and Zoos dataset", "coordinate_valid": true }, "geometry": { "type": "Point", "coordinates": [ 72.899764, 19.108901 ] } },
{ "type": "Feature", "properties": { "green_space_id": "2049", "green_space_name": null, "address": null, "bmc_department": null, "ward_code_source": null, "twitter_handle": null, "website": null, "latitude": 19.107374, "longitude": 72.900531, "source_file": "mumbai_green_spaces.kml", "source": "BMC / OpenCity Mumbai Public Gardens, Parks and Zoos dataset", "coordinate_valid": true }, "geometry": { "type": "Point", "coordinates": [ 72.900531, 19.107374 ] } },
{ "type": "Feature", "properties": { "green_space_id": "2050", "green_space_name": null, "address": null, "bmc_department": null, "ward_code_source": null, "twitter_handle": null, "website": null, "latitude": 19.106184, "longitude": 72.895611, "source_file": "mumbai_green_spaces.kml", "source": "BMC / OpenCity Mumbai Public Gardens, Parks and Zoos dataset", "coordinate_valid": true }, "geometry": { "type": "Point", "coordinates": [ 72.895611, 19.106184 ] } },
{ "type": "Feature", "properties": { "green_space_id": "2051", "green_space_name": "गणेश मैदान", "address": null, "bmc_department": null, "ward_code_source": null, "twitter_handle": null, "website": null, "latitude": 19.111052, "longitude": 72.89634, "source_file": "mumbai_green_spaces.kml", "source": "BMC / OpenCity Mumbai Public Gardens, Parks and Zoos dataset", "coordinate_valid": true }, "geometry": { "type": "Point", "coordinates": [ 72.89634, 19.111052 ] } },
{ "type": "Feature", "properties": { "green_space_id": "2052", "green_space_name": null, "address": null, "bmc_department": null, "ward_code_source": null, "twitter_handle": null, "website": null, "latitude": 19.077928, "longitude": 72.884345, "source_file": "mumbai_green_spaces.kml", "source": "BMC / OpenCity Mumbai Public Gardens, Parks and Zoos dataset", "coordinate_valid": true }, "geometry": { "type": "Point", "coordinates": [ 72.884345, 19.077928 ] } },
{ "type": "Feature", "properties": { "green_space_id": "2053", "green_space_name": "Garden plot infront of Markaz masjid", "address": null, "bmc_department": null, "ward_code_source": null, "twitter_handle": null, "website": null, "latitude": 19.070484, "longitude": 72.880643, "source_file": "mumbai_green_spaces.kml", "source": "BMC / OpenCity Mumbai Public Gardens, Parks and Zoos dataset", "coordinate_valid": true }, "geometry": { "type": "Point", "coordinates": [ 72.880643, 19.070484 ] } },
{ "type": "Feature", "properties": { "green_space_id": "2054", "green_space_name": "L. R. Tersee Bhatia Udyan", "address": null, "bmc_department": null, "ward_code_source": null, "twitter_handle": null, "website": null, "latitude": 18.9387131, "longitude": 72.8353286, "source_file": "mumbai_green_spaces.kml", "source": "BMC / OpenCity Mumbai Public Gardens, Parks and Zoos dataset", "coordinate_valid": true }, "geometry": { "type": "Point", "coordinates": [ 72.8353286, 18.9387131 ] } },
{ "type": "Feature", "properties": { "green_space_id": "2055", "green_space_name": "Horniman Circle Garden", "address": null, "bmc_department": null, "ward_code_source": null, "twitter_handle": null, "website": null, "latitude": 18.9320315, "longitude": 72.8349962, "source_file": "mumbai_green_spaces.kml", "source": "BMC / OpenCity Mumbai Public Gardens, Parks and Zoos dataset", "coordinate_valid": true }, "geometry": { "type": "Point", "coordinates": [ 72.8349962, 18.9320315 ] } },
{ "type": "Feature", "properties": { "green_space_id": "2056", "green_space_name": "Walter D’souza Garden", "address": null, "bmc_department": null, "ward_code_source": null, "twitter_handle": null, "website": null, "latitude": 18.9424735, "longitude": 72.8274487, "source_file": "mumbai_green_spaces.kml", "source": "BMC / OpenCity Mumbai Public Gardens, Parks and Zoos dataset", "coordinate_valid": true }, "geometry": { "type": "Point", "coordinates": [ 72.8274487, 18.9424735 ] } },
{ "type": "Feature", "properties": { "green_space_id": "2057", "green_space_name": "Saboo Siddhique Playground", "address": null, "bmc_department": null, "ward_code_source": null, "twitter_handle": null, "website": null, "latitude": 18.9482612, "longitude": 72.8376592, "source_file": "mumbai_green_spaces.kml", "source": "BMC / OpenCity Mumbai Public Gardens, Parks and Zoos dataset", "coordinate_valid": true }, "geometry": { "type": "Point", "coordinates": [ 72.8376592, 18.9482612 ] } },
{ "type": "Feature", "properties": { "green_space_id": "2058", "green_space_name": "Chhatrapati Shivaji Maharaj Udyan, Gateway of India", "address": null, "bmc_department": null, "ward_code_source": null, "twitter_handle": null, "website": null, "latitude": 18.9228188, "longitude": 72.833872, "source_file": "mumbai_green_spaces.kml", "source": "BMC / OpenCity Mumbai Public Gardens, Parks and Zoos dataset", "coordinate_valid": true }, "geometry": { "type": "Point", "coordinates": [ 72.833872, 18.9228188 ] } },
{ "type": "Feature", "properties": { "green_space_id": "2059", "green_space_name": "Cooperage Bandstand garden,", "address": null, "bmc_department": null, "ward_code_source": null, "twitter_handle": null, "website": null, "latitude": 18.9258086, "longitude": 72.8282763, "source_file": "mumbai_green_spaces.kml", "source": "BMC / OpenCity Mumbai Public Gardens, Parks and Zoos dataset", "coordinate_valid": true }, "geometry": { "type": "Point", "coordinates": [ 72.8282763, 18.9258086 ] } },
{ "type": "Feature", "properties": { "green_space_id": "2060", "green_space_name": "Sabina Chandrashekhar Recreation Ground,", "address": null, "bmc_department": null, "ward_code_source": null, "twitter_handle": null, "website": null, "latitude": 18.9245355, "longitude": 72.8303113, "source_file": "mumbai_green_spaces.kml", "source": "BMC / OpenCity Mumbai Public Gardens, Parks and Zoos dataset", "coordinate_valid": true }, "geometry": { "type": "Point", "coordinates": [ 72.8303113, 18.9245355 ] } },
{ "type": "Feature", "properties": { "green_space_id": "2061", "green_space_name": "Garden plot at junction of N. Parekh marg & J. Bhosle marg", "address": null, "bmc_department": null, "ward_code_source": null, "twitter_handle": null, "website": null, "latitude": 18.9212991, "longitude": 72.826879, "source_file": "mumbai_green_spaces.kml", "source": "BMC / OpenCity Mumbai Public Gardens, Parks and Zoos dataset", "coordinate_valid": true }, "geometry": { "type": "Point", "coordinates": [ 72.826879, 18.9212991 ] } },
{ "type": "Feature", "properties": { "green_space_id": "2062", "green_space_name": "DSK Garden", "address": null, "bmc_department": null, "ward_code_source": null, "twitter_handle": null, "website": null, "latitude": 18.9132928, "longitude": 72.8210062, "source_file": "mumbai_green_spaces.kml", "source": "BMC / OpenCity Mumbai Public Gardens, Parks and Zoos dataset", "coordinate_valid": true }, "geometry": { "type": "Point", "coordinates": [ 72.8210062, 18.9132928 ] } },
{ "type": "Feature", "properties": { "green_space_id": "2063", "green_space_name": "Pasta lane I Garden", "address": null, "bmc_department": null, "ward_code_source": null, "twitter_handle": null, "website": null, "latitude": 18.9188189, "longitude": 72.8278857, "source_file": "mumbai_green_spaces.kml", "source": "BMC / OpenCity Mumbai Public Gardens, Parks and Zoos dataset", "coordinate_valid": true }, "geometry": { "type": "Point", "coordinates": [ 72.8278857, 18.9188189 ] } },
{ "type": "Feature", "properties": { "green_space_id": "2064", "green_space_name": "Hutatma Chowk Garden.", "address": null, "bmc_department": null, "ward_code_source": null, "twitter_handle": null, "website": null, "latitude": 18.9325483, "longitude": 72.8316973, "source_file": "mumbai_green_spaces.kml", "source": "BMC / OpenCity Mumbai Public Gardens, Parks and Zoos dataset", "coordinate_valid": true }, "geometry": { "type": "Point", "coordinates": [ 72.8316973, 18.9325483 ] } },
{ "type": "Feature", "properties": { "green_space_id": "2065", "green_space_name": "Suraksha Garden,", "address": null, "bmc_department": null, "ward_code_source": null, "twitter_handle": null, "website": null, "latitude": 18.9172579, "longitude": 72.8236488, "source_file": "mumbai_green_spaces.kml", "source": "BMC / OpenCity Mumbai Public Gardens, Parks and Zoos dataset", "coordinate_valid": true }, "geometry": { "type": "Point", "coordinates": [ 72.8236488, 18.9172579 ] } },
{ "type": "Feature", "properties": { "green_space_id": "2066", "green_space_name": "CPRA Garden, Cuffe parade", "address": null, "bmc_department": null, "ward_code_source": null, "twitter_handle": null, "website": null, "latitude": 18.9149164, "longitude": 72.8216137, "source_file": "mumbai_green_spaces.kml", "source": "BMC / OpenCity Mumbai Public Gardens, Parks and Zoos dataset", "coordinate_valid": true }, "geometry": { "type": "Point", "coordinates": [ 72.8216137, 18.9149164 ] } },
{ "type": "Feature", "properties": { "green_space_id": "2067", "green_space_name": "Colaba Woods Garden, Cuffe parade", "address": null, "bmc_department": null, "ward_code_source": null, "twitter_handle": null, "website": null, "latitude": 18.9132387, "longitude": 72.8201146, "source_file": "mumbai_green_spaces.kml", "source": "BMC / OpenCity Mumbai Public Gardens, Parks and Zoos dataset", "coordinate_valid": true }, "geometry": { "type": "Point", "coordinates": [ 72.8201146, 18.9132387 ] } },
{ "type": "Feature", "properties": { "green_space_id": "2068", "green_space_name": "Vikas Garden , Cuffe Parade", "address": null, "bmc_department": null, "ward_code_source": null, "twitter_handle": null, "website": null, "latitude": 18.9159061, "longitude": 72.816625, "source_file": "mumbai_green_spaces.kml", "source": "BMC / OpenCity Mumbai Public Gardens, Parks and Zoos dataset", "coordinate_valid": true }, "geometry": { "type": "Point", "coordinates": [ 72.816625, 18.9159061 ] } },
{ "type": "Feature", "properties": { "green_space_id": "2069", "green_space_name": "F P No 108, TPS 1", "address": null, "bmc_department": null, "ward_code_source": null, "twitter_handle": null, "website": null, "latitude": 19.102, "longitude": 72.854, "source_file": "mumbai_green_spaces.kml", "source": "BMC / OpenCity Mumbai Public Gardens, Parks and Zoos dataset", "coordinate_valid": true }, "geometry": { "type": "Point", "coordinates": [ 72.854, 19.102 ] } },
{ "type": "Feature", "properties": { "green_space_id": "2070", "green_space_name": "Shahid Rajguru Udyan ,CTS No. 1498 A/5", "address": null, "bmc_department": null, "ward_code_source": null, "twitter_handle": null, "website": null, "latitude": 19.1020004, "longitude": 72.8790327, "source_file": "mumbai_green_spaces.kml", "source": "BMC / OpenCity Mumbai Public Gardens, Parks and Zoos dataset", "coordinate_valid": true }, "geometry": { "type": "Point", "coordinates": [ 72.8790327, 19.1020004 ] } },
{ "type": "Feature", "properties": { "green_space_id": "2071", "green_space_name": "Shahid Bhagat Singh Udyan CTS No. 1498 A/6", "address": null, "bmc_department": null, "ward_code_source": null, "twitter_handle": null, "website": null, "latitude": 19.1025163, "longitude": 72.8788993, "source_file": "mumbai_green_spaces.kml", "source": "BMC / OpenCity Mumbai Public Gardens, Parks and Zoos dataset", "coordinate_valid": true }, "geometry": { "type": "Point", "coordinates": [ 72.8788993, 19.1025163 ] } },
{ "type": "Feature", "properties": { "green_space_id": "2072", "green_space_name": "Devidas Vitthal Salsingikar Udyan, CTS No. 175 A (pt)", "address": null, "bmc_department": null, "ward_code_source": null, "twitter_handle": null, "website": null, "latitude": 19.1350052, "longitude": 72.8694462, "source_file": "mumbai_green_spaces.kml", "source": "BMC / OpenCity Mumbai Public Gardens, Parks and Zoos dataset", "coordinate_valid": true }, "geometry": { "type": "Point", "coordinates": [ 72.8694462, 19.1350052 ] } },
{ "type": "Feature", "properties": { "green_space_id": "2073", "green_space_name": "Vicharwant Sadguru Wamanrao Pai, CTS.No.453/B/3", "address": null, "bmc_department": null, "ward_code_source": null, "twitter_handle": null, "website": null, "latitude": 19.1079882, "longitude": 72.859992, "source_file": "mumbai_green_spaces.kml", "source": "BMC / OpenCity Mumbai Public Gardens, Parks and Zoos dataset", "coordinate_valid": true }, "geometry": { "type": "Point", "coordinates": [ 72.859992, 19.1079882 ] } },
{ "type": "Feature", "properties": { "green_space_id": "2074", "green_space_name": "CTS No. 70 D", "address": null, "bmc_department": null, "ward_code_source": null, "twitter_handle": null, "website": null, "latitude": 19.15, "longitude": 72.851, "source_file": "mumbai_green_spaces.kml", "source": "BMC / OpenCity Mumbai Public Gardens, Parks and Zoos dataset", "coordinate_valid": true }, "geometry": { "type": "Point", "coordinates": [ 72.851, 19.15 ] } },
{ "type": "Feature", "properties": { "green_space_id": "2075", "green_space_name": "CTS No 273,274", "address": null, "bmc_department": null, "ward_code_source": null, "twitter_handle": null, "website": null, "latitude": 19.109, "longitude": 72.87, "source_file": "mumbai_green_spaces.kml", "source": "BMC / OpenCity Mumbai Public Gardens, Parks and Zoos dataset", "coordinate_valid": true }, "geometry": { "type": "Point", "coordinates": [ 72.87, 19.109 ] } },
{ "type": "Feature", "properties": { "green_space_id": "2076", "green_space_name": "CTS NO.710 C (P) & 710 D(P)", "address": null, "bmc_department": null, "ward_code_source": null, "twitter_handle": null, "website": null, "latitude": 19.1106308, "longitude": 72.8844076, "source_file": "mumbai_green_spaces.kml", "source": "BMC / OpenCity Mumbai Public Gardens, Parks and Zoos dataset", "coordinate_valid": true }, "geometry": { "type": "Point", "coordinates": [ 72.8844076, 19.1106308 ] } },
{ "type": "Feature", "properties": { "green_space_id": "2077", "green_space_name": "Shahid Ashok Kamate Manoranjan Maidan", "address": null, "bmc_department": null, "ward_code_source": null, "twitter_handle": null, "website": null, "latitude": 19.138, "longitude": 72.868, "source_file": "mumbai_green_spaces.kml", "source": "BMC / OpenCity Mumbai Public Gardens, Parks and Zoos dataset", "coordinate_valid": true }, "geometry": { "type": "Point", "coordinates": [ 72.868, 19.138 ] } },
{ "type": "Feature", "properties": { "green_space_id": "2078", "green_space_name": "CTS NO 345A/6", "address": null, "bmc_department": null, "ward_code_source": null, "twitter_handle": null, "website": null, "latitude": 19.1134929, "longitude": 72.8852748, "source_file": "mumbai_green_spaces.kml", "source": "BMC / OpenCity Mumbai Public Gardens, Parks and Zoos dataset", "coordinate_valid": true }, "geometry": { "type": "Point", "coordinates": [ 72.8852748, 19.1134929 ] } },
{ "type": "Feature", "properties": { "green_space_id": "2079", "green_space_name": "CTS No.379/2 of Chakala", "address": null, "bmc_department": null, "ward_code_source": null, "twitter_handle": null, "website": null, "latitude": 19.109, "longitude": 72.859, "source_file": "mumbai_green_spaces.kml", "source": "BMC / OpenCity Mumbai Public Gardens, Parks and Zoos dataset", "coordinate_valid": true }, "geometry": { "type": "Point", "coordinates": [ 72.859, 19.109 ] } },
{ "type": "Feature", "properties": { "green_space_id": "2080", "green_space_name": "CTS no.115 B,115C,119A/1", "address": null, "bmc_department": null, "ward_code_source": null, "twitter_handle": null, "website": null, "latitude": 19.1205123, "longitude": 72.8839011, "source_file": "mumbai_green_spaces.kml", "source": "BMC / OpenCity Mumbai Public Gardens, Parks and Zoos dataset", "coordinate_valid": true }, "geometry": { "type": "Point", "coordinates": [ 72.8839011, 19.1205123 ] } },
{ "type": "Feature", "properties": { "green_space_id": "2081", "green_space_name": "CTS no.122A/1", "address": null, "bmc_department": null, "ward_code_source": null, "twitter_handle": null, "website": null, "latitude": 19.1200464, "longitude": 72.8846864, "source_file": "mumbai_green_spaces.kml", "source": "BMC / OpenCity Mumbai Public Gardens, Parks and Zoos dataset", "coordinate_valid": true }, "geometry": { "type": "Point", "coordinates": [ 72.8846864, 19.1200464 ] } },
{ "type": "Feature", "properties": { "green_space_id": "2082", "green_space_name": "CTS No. 119 A/1", "address": null, "bmc_department": null, "ward_code_source": null, "twitter_handle": null, "website": null, "latitude": 19.1211502, "longitude": 72.8815546, "source_file": "mumbai_green_spaces.kml", "source": "BMC / OpenCity Mumbai Public Gardens, Parks and Zoos dataset", "coordinate_valid": true }, "geometry": { "type": "Point", "coordinates": [ 72.8815546, 19.1211502 ] } },
{ "type": "Feature", "properties": { "green_space_id": "2083", "green_space_name": "CTS No. FP NO 16 16/1 to 24 and 17", "address": null, "bmc_department": null, "ward_code_source": null, "twitter_handle": null, "website": null, "latitude": 19.115, "longitude": 72.862, "source_file": "mumbai_green_spaces.kml", "source": "BMC / OpenCity Mumbai Public Gardens, Parks and Zoos dataset", "coordinate_valid": true }, "geometry": { "type": "Point", "coordinates": [ 72.862, 19.115 ] } },
{ "type": "Feature", "properties": { "green_space_id": "2084", "green_space_name": "Mother Teresa Udyan, CTS No 398/C and 398/D part Park, Survey No 89 A1", "address": null, "bmc_department": null, "ward_code_source": null, "twitter_handle": null, "website": null, "latitude": 19.1086539, "longitude": 72.8616825, "source_file": "mumbai_green_spaces.kml", "source": "BMC / OpenCity Mumbai Public Gardens, Parks and Zoos dataset", "coordinate_valid": true }, "geometry": { "type": "Point", "coordinates": [ 72.8616825, 19.1086539 ] } },
{ "type": "Feature", "properties": { "green_space_id": "2085", "green_space_name": "Ramesh More Park, CTS NO 523, 522, 524 Hissa No 8", "address": null, "bmc_department": null, "ward_code_source": null, "twitter_handle": null, "website": null, "latitude": 19.1189002, "longitude": 72.8503587, "source_file": "mumbai_green_spaces.kml", "source": "BMC / OpenCity Mumbai Public Gardens, Parks and Zoos dataset", "coordinate_valid": true }, "geometry": { "type": "Point", "coordinates": [ 72.8503587, 19.1189002 ] } },
{ "type": "Feature", "properties": { "green_space_id": "2086", "green_space_name": "Prabhodankar Thackeray Maidan,CTS NO 252 part, 255 part, 256 part, 257, 258, 259 260 part, 261, 262, 270, 271 part, 272 part, 274/2 part,435 part, Hissa No 23", "address": null, "bmc_department": null, "ward_code_source": null, "twitter_handle": null, "website": null, "latitude": 19.1088688, "longitude": 72.849708, "source_file": "mumbai_green_spaces.kml", "source": "BMC / OpenCity Mumbai Public Gardens, Parks and Zoos dataset", "coordinate_valid": true }, "geometry": { "type": "Point", "coordinates": [ 72.849708, 19.1088688 ] } },
{ "type": "Feature", "properties": { "green_space_id": "2087", "green_space_name": "Anandibai Keskar Park ,F P No 72, TPS 1", "address": null, "bmc_department": null, "ward_code_source": null, "twitter_handle": null, "website": null, "latitude": 19.100867, "longitude": 72.8465738, "source_file": "mumbai_green_spaces.kml", "source": "BMC / OpenCity Mumbai Public Gardens, Parks and Zoos dataset", "coordinate_valid": true }, "geometry": { "type": "Point", "coordinates": [ 72.8465738, 19.100867 ] } },
{ "type": "Feature", "properties": { "green_space_id": "2088", "green_space_name": "CTS No 228/B, survery No 11, Hissa No 2 P, 85 part", "address": null, "bmc_department": null, "ward_code_source": null, "twitter_handle": null, "website": null, "latitude": 19.14, "longitude": 72.856, "source_file": "mumbai_green_spaces.kml", "source": "BMC / OpenCity Mumbai Public Gardens, Parks and Zoos dataset", "coordinate_valid": true }, "geometry": { "type": "Point", "coordinates": [ 72.856, 19.14 ] } },
{ "type": "Feature", "properties": { "green_space_id": "2089", "green_space_name": "Matoshri Meenatai Thackeray Shilpgram, CTS NO. 190/B,", "address": null, "bmc_department": null, "ward_code_source": null, "twitter_handle": null, "website": null, "latitude": 19.135, "longitude": 72.871, "source_file": "mumbai_green_spaces.kml", "source": "BMC / OpenCity Mumbai Public Gardens, Parks and Zoos dataset", "coordinate_valid": true }, "geometry": { "type": "Point", "coordinates": [ 72.871, 19.135 ] } },
{ "type": "Feature", "properties": { "green_space_id": "2090", "green_space_name": "Bhausaheb Hire Garden", "address": null, "bmc_department": null, "ward_code_source": null, "twitter_handle": null, "website": null, "latitude": 18.970692, "longitude": 72.818539, "source_file": "mumbai_green_spaces.kml", "source": "BMC / OpenCity Mumbai Public Gardens, Parks and Zoos dataset", "coordinate_valid": true }, "geometry": { "type": "Point", "coordinates": [ 72.818539, 18.970692 ] } },
{ "type": "Feature", "properties": { "green_space_id": "2091", "green_space_name": "Bane Compound", "address": null, "bmc_department": null, "ward_code_source": null, "twitter_handle": null, "website": null, "latitude": 18.970344, "longitude": 72.816946, "source_file": "mumbai_green_spaces.kml", "source": "BMC / OpenCity Mumbai Public Gardens, Parks and Zoos dataset", "coordinate_valid": true }, "geometry": { "type": "Point", "coordinates": [ 72.816946, 18.970344 ] } },
{ "type": "Feature", "properties": { "green_space_id": "2092", "green_space_name": "Jaisinghbhai Solanki Garden", "address": null, "bmc_department": null, "ward_code_source": null, "twitter_handle": null, "website": null, "latitude": 18.9649, "longitude": 72.82035, "source_file": "mumbai_green_spaces.kml", "source": "BMC / OpenCity Mumbai Public Gardens, Parks and Zoos dataset", "coordinate_valid": true }, "geometry": { "type": "Point", "coordinates": [ 72.82035, 18.9649 ] } },
{ "type": "Feature", "properties": { "green_space_id": "2093", "green_space_name": "lolmanya Tilak Garden", "address": null, "bmc_department": null, "ward_code_source": null, "twitter_handle": null, "website": null, "latitude": 18.955108, "longitude": 72.813377, "source_file": "mumbai_green_spaces.kml", "source": "BMC / OpenCity Mumbai Public Gardens, Parks and Zoos dataset", "coordinate_valid": true }, "geometry": { "type": "Point", "coordinates": [ 72.813377, 18.955108 ] } },
{ "type": "Feature", "properties": { "green_space_id": "2094", "green_space_name": "Rajarambapu Suryawanshi Garden", "address": null, "bmc_department": null, "ward_code_source": null, "twitter_handle": null, "website": null, "latitude": 18.958392, "longitude": 72.824754, "source_file": "mumbai_green_spaces.kml", "source": "BMC / OpenCity Mumbai Public Gardens, Parks and Zoos dataset", "coordinate_valid": true }, "geometry": { "type": "Point", "coordinates": [ 72.824754, 18.958392 ] } },
{ "type": "Feature", "properties": { "green_space_id": "2095", "green_space_name": "Amarson Garden", "address": null, "bmc_department": null, "ward_code_source": null, "twitter_handle": null, "website": null, "latitude": 18.969544, "longitude": 72.802256, "source_file": "mumbai_green_spaces.kml", "source": "BMC / OpenCity Mumbai Public Gardens, Parks and Zoos dataset", "coordinate_valid": true }, "geometry": { "type": "Point", "coordinates": [ 72.802256, 18.969544 ] } },
{ "type": "Feature", "properties": { "green_space_id": "2096", "green_space_name": "Johnson &Johnson Garden", "address": null, "bmc_department": null, "ward_code_source": null, "twitter_handle": null, "website": null, "latitude": 18.974786, "longitude": 72.80595, "source_file": "mumbai_green_spaces.kml", "source": "BMC / OpenCity Mumbai Public Gardens, Parks and Zoos dataset", "coordinate_valid": true }, "geometry": { "type": "Point", "coordinates": [ 72.80595, 18.974786 ] } },
{ "type": "Feature", "properties": { "green_space_id": "2097", "green_space_name": "Tulsidas Kilachand Grden", "address": null, "bmc_department": null, "ward_code_source": null, "twitter_handle": null, "website": null, "latitude": 18.955672, "longitude": 72.807677, "source_file": "mumbai_green_spaces.kml", "source": "BMC / OpenCity Mumbai Public Gardens, Parks and Zoos dataset", "coordinate_valid": true }, "geometry": { "type": "Point", "coordinates": [ 72.807677, 18.955672 ] } },
{ "type": "Feature", "properties": { "green_space_id": "2098", "green_space_name": "Pandurangshastri Athavle Garden", "address": null, "bmc_department": null, "ward_code_source": null, "twitter_handle": null, "website": null, "latitude": 18.96879, "longitude": 72.814153, "source_file": "mumbai_green_spaces.kml", "source": "BMC / OpenCity Mumbai Public Gardens, Parks and Zoos dataset", "coordinate_valid": true }, "geometry": { "type": "Point", "coordinates": [ 72.814153, 18.96879 ] } },
{ "type": "Feature", "properties": { "green_space_id": "2099", "green_space_name": "Rock Garden", "address": null, "bmc_department": null, "ward_code_source": null, "twitter_handle": null, "website": null, "latitude": 18.95127, "longitude": 72.803679, "source_file": "mumbai_green_spaces.kml", "source": "BMC / OpenCity Mumbai Public Gardens, Parks and Zoos dataset", "coordinate_valid": true }, "geometry": { "type": "Point", "coordinates": [ 72.803679, 18.95127 ] } },
{ "type": "Feature", "properties": { "green_space_id": "2100", "green_space_name": "Tata Garden", "address": null, "bmc_department": null, "ward_code_source": null, "twitter_handle": null, "website": null, "latitude": 18.967139, "longitude": 72.803266, "source_file": "mumbai_green_spaces.kml", "source": "BMC / OpenCity Mumbai Public Gardens, Parks and Zoos dataset", "coordinate_valid": true }, "geometry": { "type": "Point", "coordinates": [ 72.803266, 18.967139 ] } },
{ "type": "Feature", "properties": { "green_space_id": "2101", "green_space_name": "Swami Samarth Garden", "address": null, "bmc_department": null, "ward_code_source": null, "twitter_handle": null, "website": null, "latitude": 18.954008, "longitude": 72.821254, "source_file": "mumbai_green_spaces.kml", "source": "BMC / OpenCity Mumbai Public Gardens, Parks and Zoos dataset", "coordinate_valid": true }, "geometry": { "type": "Point", "coordinates": [ 72.821254, 18.954008 ] } },
{ "type": "Feature", "properties": { "green_space_id": "2102", "green_space_name": "Banganga Garden", "address": null, "bmc_department": null, "ward_code_source": null, "twitter_handle": null, "website": null, "latitude": 18.944959, "longitude": 72.793312, "source_file": "mumbai_green_spaces.kml", "source": "BMC / OpenCity Mumbai Public Gardens, Parks and Zoos dataset", "coordinate_valid": true }, "geometry": { "type": "Point", "coordinates": [ 72.793312, 18.944959 ] } },
{ "type": "Feature", "properties": { "green_space_id": "2103", "green_space_name": "Playground OPP to Bombay Internatinal School", "address": null, "bmc_department": null, "ward_code_source": null, "twitter_handle": null, "website": null, "latitude": 18.956476, "longitude": 72.808736, "source_file": "mumbai_green_spaces.kml", "source": "BMC / OpenCity Mumbai Public Gardens, Parks and Zoos dataset", "coordinate_valid": true }, "geometry": { "type": "Point", "coordinates": [ 72.808736, 18.956476 ] } },
{ "type": "Feature", "properties": { "green_space_id": "2104", "green_space_name": "S M Joshi Kridangan", "address": null, "bmc_department": null, "ward_code_source": null, "twitter_handle": null, "website": null, "latitude": 18.948252, "longitude": 72.79585, "source_file": "mumbai_green_spaces.kml", "source": "BMC / OpenCity Mumbai Public Gardens, Parks and Zoos dataset", "coordinate_valid": true }, "geometry": { "type": "Point", "coordinates": [ 72.79585, 18.948252 ] } },
{ "type": "Feature", "properties": { "green_space_id": "2105", "green_space_name": "T D R Plot at 12 khetwadi", "address": null, "bmc_department": null, "ward_code_source": null, "twitter_handle": null, "website": null, "latitude": 18.960767, "longitude": 72.821441, "source_file": "mumbai_green_spaces.kml", "source": "BMC / OpenCity Mumbai Public Gardens, Parks and Zoos dataset", "coordinate_valid": true }, "geometry": { "type": "Point", "coordinates": [ 72.821441, 18.960767 ] } },
{ "type": "Feature", "properties": { "green_space_id": "2106", "green_space_name": "August Kranti Garden", "address": null, "bmc_department": null, "ward_code_source": null, "twitter_handle": null, "website": null, "latitude": 18.962505, "longitude": 72.810654, "source_file": "mumbai_green_spaces.kml", "source": "BMC / OpenCity Mumbai Public Gardens, Parks and Zoos dataset", "coordinate_valid": true }, "geometry": { "type": "Point", "coordinates": [ 72.810654, 18.962505 ] } },
{ "type": "Feature", "properties": { "green_space_id": "2107", "green_space_name": "Pawwala Compound ,Mumbai 04", "address": null, "bmc_department": null, "ward_code_source": null, "twitter_handle": null, "website": null, "latitude": 18.960555, "longitude": 72.822796, "source_file": "mumbai_green_spaces.kml", "source": "BMC / OpenCity Mumbai Public Gardens, Parks and Zoos dataset", "coordinate_valid": true }, "geometry": { "type": "Point", "coordinates": [ 72.822796, 18.960555 ] } },
{ "type": "Feature", "properties": { "green_space_id": "2108", "green_space_name": "Priyadarshini Park", "address": null, "bmc_department": null, "ward_code_source": null, "twitter_handle": null, "website": null, "latitude": 18.957275, "longitude": 72.798951, "source_file": "mumbai_green_spaces.kml", "source": "BMC / OpenCity Mumbai Public Gardens, Parks and Zoos dataset", "coordinate_valid": true }, "geometry": { "type": "Point", "coordinates": [ 72.798951, 18.957275 ] } },
{ "type": "Feature", "properties": { "green_space_id": "2109", "green_space_name": "Signature Garden", "address": null, "bmc_department": null, "ward_code_source": null, "twitter_handle": null, "website": null, "latitude": 18.968419, "longitude": 72.803214, "source_file": "mumbai_green_spaces.kml", "source": "BMC / OpenCity Mumbai Public Gardens, Parks and Zoos dataset", "coordinate_valid": true }, "geometry": { "type": "Point", "coordinates": [ 72.803214, 18.968419 ] } },
{ "type": "Feature", "properties": { "green_space_id": "2110", "green_space_name": "Late Shri. N. G. Acharya Udyan,", "address": null, "bmc_department": null, "ward_code_source": null, "twitter_handle": null, "website": null, "latitude": 19.05295, "longitude": 72.9004327, "source_file": "mumbai_green_spaces.kml", "source": "BMC / OpenCity Mumbai Public Gardens, Parks and Zoos dataset", "coordinate_valid": true }, "geometry": { "type": "Point", "coordinates": [ 72.9004327, 19.05295 ] } },
{ "type": "Feature", "properties": { "green_space_id": "2111", "green_space_name": "Bharatratna Dr. Babasaheb Ambedkar Udyan,", "address": null, "bmc_department": null, "ward_code_source": null, "twitter_handle": null, "website": null, "latitude": 19.0599227, "longitude": 72.9006155, "source_file": "mumbai_green_spaces.kml", "source": "BMC / OpenCity Mumbai Public Gardens, Parks and Zoos dataset", "coordinate_valid": true }, "geometry": { "type": "Point", "coordinates": [ 72.9006155, 19.0599227 ] } },
{ "type": "Feature", "properties": { "green_space_id": "2112", "green_space_name": "Swatantrya Sainik Udyan", "address": null, "bmc_department": null, "ward_code_source": null, "twitter_handle": null, "website": null, "latitude": 19.0502104, "longitude": 72.9004349, "source_file": "mumbai_green_spaces.kml", "source": "BMC / OpenCity Mumbai Public Gardens, Parks and Zoos dataset", "coordinate_valid": true }, "geometry": { "type": "Point", "coordinates": [ 72.9004349, 19.0502104 ] } },
{ "type": "Feature", "properties": { "green_space_id": "2113", "green_space_name": "Late Shri. D. K. Sandu Udyan,", "address": null, "bmc_department": null, "ward_code_source": null, "twitter_handle": null, "website": null, "latitude": 19.0561632, "longitude": 72.8977791, "source_file": "mumbai_green_spaces.kml", "source": "BMC / OpenCity Mumbai Public Gardens, Parks and Zoos dataset", "coordinate_valid": true }, "geometry": { "type": "Point", "coordinates": [ 72.8977791, 19.0561632 ] } },
{ "type": "Feature", "properties": { "green_space_id": "2114", "green_space_name": "Gangamata Udyan,", "address": null, "bmc_department": null, "ward_code_source": null, "twitter_handle": null, "website": null, "latitude": 19.0594956, "longitude": 72.8878002, "source_file": "mumbai_green_spaces.kml", "source": "BMC / OpenCity Mumbai Public Gardens, Parks and Zoos dataset", "coordinate_valid": true }, "geometry": { "type": "Point", "coordinates": [ 72.8878002, 19.0594956 ] } },
{ "type": "Feature", "properties": { "green_space_id": "2115", "green_space_name": "CTS No FP NO 483,489 Garden plot", "address": null, "bmc_department": null, "ward_code_source": null, "twitter_handle": null, "website": null, "latitude": 19.092, "longitude": 72.844, "source_file": "mumbai_green_spaces.kml", "source": "BMC / OpenCity Mumbai Public Gardens, Parks and Zoos dataset", "coordinate_valid": true }, "geometry": { "type": "Point", "coordinates": [ 72.844, 19.092 ] } },
{ "type": "Feature", "properties": { "green_space_id": "2116", "green_space_name": "Shyam Nagar Talao, CTS No 18 F,19D", "address": null, "bmc_department": null, "ward_code_source": null, "twitter_handle": null, "website": null, "latitude": 19.1382303, "longitude": 72.863219, "source_file": "mumbai_green_spaces.kml", "source": "BMC / OpenCity Mumbai Public Gardens, Parks and Zoos dataset", "coordinate_valid": true }, "geometry": { "type": "Point", "coordinates": [ 72.863219, 19.1382303 ] } },
{ "type": "Feature", "properties": { "green_space_id": "2117", "green_space_name": "Sitaram Purshottam Sathe Udyan,CTS No . F.P 91, Tikka N0 TPS II", "address": null, "bmc_department": null, "ward_code_source": null, "twitter_handle": null, "website": null, "latitude": 19.0995014, "longitude": 72.8486451, "source_file": "mumbai_green_spaces.kml", "source": "BMC / OpenCity Mumbai Public Gardens, Parks and Zoos dataset", "coordinate_valid": true }, "geometry": { "type": "Point", "coordinates": [ 72.8486451, 19.0995014 ] } },
{ "type": "Feature", "properties": { "green_space_id": "2118", "green_space_name": "Swatantrya Veer Savarkar Udyan,CTS No 582", "address": null, "bmc_department": null, "ward_code_source": null, "twitter_handle": null, "website": null, "latitude": 19.1049245, "longitude": 72.8460155, "source_file": "mumbai_green_spaces.kml", "source": "BMC / OpenCity Mumbai Public Gardens, Parks and Zoos dataset", "coordinate_valid": true }, "geometry": { "type": "Point", "coordinates": [ 72.8460155, 19.1049245 ] } },
{ "type": "Feature", "properties": { "green_space_id": "2119", "green_space_name": "Sadguru Wamanrao Pai Udyan, CTS No. 21/D", "address": null, "bmc_department": null, "ward_code_source": null, "twitter_handle": null, "website": null, "latitude": 19.136, "longitude": 72.864, "source_file": "mumbai_green_spaces.kml", "source": "BMC / OpenCity Mumbai Public Gardens, Parks and Zoos dataset", "coordinate_valid": true }, "geometry": { "type": "Point", "coordinates": [ 72.864, 19.136 ] } },
{ "type": "Feature", "properties": { "green_space_id": "2120", "green_space_name": "CTS no. 1025, FP no. 112, TPS-II,", "address": null, "bmc_department": null, "ward_code_source": null, "twitter_handle": null, "website": null, "latitude": 19.1006698, "longitude": 72.8501848, "source_file": "mumbai_green_spaces.kml", "source": "BMC / OpenCity Mumbai Public Gardens, Parks and Zoos dataset", "coordinate_valid": true }, "geometry": { "type": "Point", "coordinates": [ 72.8501848, 19.1006698 ] } },
{ "type": "Feature", "properties": { "green_space_id": "2121", "green_space_name": "CTS No.1189, of", "address": null, "bmc_department": null, "ward_code_source": null, "twitter_handle": null, "website": null, "latitude": 19.1130974, "longitude": 72.8765423, "source_file": "mumbai_green_spaces.kml", "source": "BMC / OpenCity Mumbai Public Gardens, Parks and Zoos dataset", "coordinate_valid": true }, "geometry": { "type": "Point", "coordinates": [ 72.8765423, 19.1130974 ] } },
{ "type": "Feature", "properties": { "green_space_id": "2122", "green_space_name": "Near Milan subway, CTS No FP 521 TPS V,", "address": null, "bmc_department": null, "ward_code_source": null, "twitter_handle": null, "website": null, "latitude": 19.0908925, "longitude": 72.8433077, "source_file": "mumbai_green_spaces.kml", "source": "BMC / OpenCity Mumbai Public Gardens, Parks and Zoos dataset", "coordinate_valid": true }, "geometry": { "type": "Point", "coordinates": [ 72.8433077, 19.0908925 ] } },
{ "type": "Feature", "properties": { "green_space_id": "2123", "green_space_name": "Plot below Milan Flyover", "address": null, "bmc_department": null, "ward_code_source": null, "twitter_handle": null, "website": null, "latitude": 19.0908925, "longitude": 72.8433077, "source_file": "mumbai_green_spaces.kml", "source": "BMC / OpenCity Mumbai Public Gardens, Parks and Zoos dataset", "coordinate_valid": true }, "geometry": { "type": "Point", "coordinates": [ 72.8433077, 19.0908925 ] } },
{ "type": "Feature", "properties": { "green_space_id": "2124", "green_space_name": "CTS No. 657 658 Marol Andheri east", "address": null, "bmc_department": null, "ward_code_source": null, "twitter_handle": null, "website": null, "latitude": 19.1135414, "longitude": 72.8838349, "source_file": "mumbai_green_spaces.kml", "source": "BMC / OpenCity Mumbai Public Gardens, Parks and Zoos dataset", "coordinate_valid": true }, "geometry": { "type": "Point", "coordinates": [ 72.8838349, 19.1135414 ] } },
{ "type": "Feature", "properties": { "green_space_id": "2125", "green_space_name": "CTS No.1483/C", "address": null, "bmc_department": null, "ward_code_source": null, "twitter_handle": null, "website": null, "latitude": 19.1037887, "longitude": 72.8769947, "source_file": "mumbai_green_spaces.kml", "source": "BMC / OpenCity Mumbai Public Gardens, Parks and Zoos dataset", "coordinate_valid": true }, "geometry": { "type": "Point", "coordinates": [ 72.8769947, 19.1037887 ] } },
{ "type": "Feature", "properties": { "green_space_id": "2126", "green_space_name": "Sant Tukaram Maharaj Park CTS no 131/A/1/E", "address": null, "bmc_department": null, "ward_code_source": null, "twitter_handle": null, "website": null, "latitude": 19.1108841, "longitude": 72.8610686, "source_file": "mumbai_green_spaces.kml", "source": "BMC / OpenCity Mumbai Public Gardens, Parks and Zoos dataset", "coordinate_valid": true }, "geometry": { "type": "Point", "coordinates": [ 72.8610686, 19.1108841 ] } },
{ "type": "Feature", "properties": { "green_space_id": "2127", "green_space_name": "MeenaTai Thackeray Udyan, CTS NO 30, 37 part, 338 part, Hissa No 15/16 ,", "address": null, "bmc_department": null, "ward_code_source": null, "twitter_handle": null, "website": null, "latitude": 19.1081654, "longitude": 72.8601698, "source_file": "mumbai_green_spaces.kml", "source": "BMC / OpenCity Mumbai Public Gardens, Parks and Zoos dataset", "coordinate_valid": true }, "geometry": { "type": "Point", "coordinates": [ 72.8601698, 19.1081654 ] } },
{ "type": "Feature", "properties": { "green_space_id": "2128", "green_space_name": "CTS NO 169/3", "address": null, "bmc_department": null, "ward_code_source": null, "twitter_handle": null, "website": null, "latitude": 19.136, "longitude": 72.864, "source_file": "mumbai_green_spaces.kml", "source": "BMC / OpenCity Mumbai Public Gardens, Parks and Zoos dataset", "coordinate_valid": true }, "geometry": { "type": "Point", "coordinates": [ 72.864, 19.136 ] } },
{ "type": "Feature", "properties": { "green_space_id": "2129", "green_space_name": "Sanghnirmata Dr. Keshav Baliram Hedgewar Maidan, CTS No FP NO 1 and 2,", "address": null, "bmc_department": null, "ward_code_source": null, "twitter_handle": null, "website": null, "latitude": 19.1033163, "longitude": 72.8500379, "source_file": "mumbai_green_spaces.kml", "source": "BMC / OpenCity Mumbai Public Gardens, Parks and Zoos dataset", "coordinate_valid": true }, "geometry": { "type": "Point", "coordinates": [ 72.8500379, 19.1033163 ] } },
{ "type": "Feature", "properties": { "green_space_id": "2130", "green_space_name": "Sainagar Maidan, CTS NO 458 part, 459 part,", "address": null, "bmc_department": null, "ward_code_source": null, "twitter_handle": null, "website": null, "latitude": 19.1140822, "longitude": 72.8470367, "source_file": "mumbai_green_spaces.kml", "source": "BMC / OpenCity Mumbai Public Gardens, Parks and Zoos dataset", "coordinate_valid": true }, "geometry": { "type": "Point", "coordinates": [ 72.8470367, 19.1140822 ] } },
{ "type": "Feature", "properties": { "green_space_id": "2131", "green_space_name": "CTS NO 330 part", "address": null, "bmc_department": null, "ward_code_source": null, "twitter_handle": null, "website": null, "latitude": 19.1295322, "longitude": 72.8557962, "source_file": "mumbai_green_spaces.kml", "source": "BMC / OpenCity Mumbai Public Gardens, Parks and Zoos dataset", "coordinate_valid": true }, "geometry": { "type": "Point", "coordinates": [ 72.8557962, 19.1295322 ] } },
{ "type": "Feature", "properties": { "green_space_id": "2132", "green_space_name": "CTS No 168/6, 167 A part, Survey No 34, Hissa No 2,", "address": null, "bmc_department": null, "ward_code_source": null, "twitter_handle": null, "website": null, "latitude": 19.137, "longitude": 72.867, "source_file": "mumbai_green_spaces.kml", "source": "BMC / OpenCity Mumbai Public Gardens, Parks and Zoos dataset", "coordinate_valid": true }, "geometry": { "type": "Point", "coordinates": [ 72.867, 19.137 ] } },
{ "type": "Feature", "properties": { "green_space_id": "2133", "green_space_name": "CTS NO 424, TPS 5,", "address": null, "bmc_department": null, "ward_code_source": null, "twitter_handle": null, "website": null, "latitude": 19.0950935, "longitude": 72.8446274, "source_file": "mumbai_green_spaces.kml", "source": "BMC / OpenCity Mumbai Public Gardens, Parks and Zoos dataset", "coordinate_valid": true }, "geometry": { "type": "Point", "coordinates": [ 72.8446274, 19.0950935 ] } },
{ "type": "Feature", "properties": { "green_space_id": "2134", "green_space_name": "Shahaji Raaje Kreedangan , CTS NO 418/C", "address": null, "bmc_department": null, "ward_code_source": null, "twitter_handle": null, "website": null, "latitude": 19.1069202, "longitude": 72.8482579, "source_file": "mumbai_green_spaces.kml", "source": "BMC / OpenCity Mumbai Public Gardens, Parks and Zoos dataset", "coordinate_valid": true }, "geometry": { "type": "Point", "coordinates": [ 72.8482579, 19.1069202 ] } },
{ "type": "Feature", "properties": { "green_space_id": "2135", "green_space_name": "CTS No. 1296, S.No.153", "address": null, "bmc_department": null, "ward_code_source": null, "twitter_handle": null, "website": null, "latitude": 19.1153103, "longitude": 72.876258, "source_file": "mumbai_green_spaces.kml", "source": "BMC / OpenCity Mumbai Public Gardens, Parks and Zoos dataset", "coordinate_valid": true }, "geometry": { "type": "Point", "coordinates": [ 72.876258, 19.1153103 ] } },
{ "type": "Feature", "properties": { "green_space_id": "2136", "green_space_name": "Vishwakarma Kridangan", "address": null, "bmc_department": null, "ward_code_source": null, "twitter_handle": null, "website": null, "latitude": 19.1104721, "longitude": 72.8525223, "source_file": "mumbai_green_spaces.kml", "source": "BMC / OpenCity Mumbai Public Gardens, Parks and Zoos dataset", "coordinate_valid": true }, "geometry": { "type": "Point", "coordinates": [ 72.8525223, 19.1104721 ] } },
{ "type": "Feature", "properties": { "green_space_id": "2137", "green_space_name": "Shriman Balasaheb Thakare Kridangan, CTS No. 175 B,176 A", "address": null, "bmc_department": null, "ward_code_source": null, "twitter_handle": null, "website": null, "latitude": 19.106049, "longitude": 72.8625557, "source_file": "mumbai_green_spaces.kml", "source": "BMC / OpenCity Mumbai Public Gardens, Parks and Zoos dataset", "coordinate_valid": true }, "geometry": { "type": "Point", "coordinates": [ 72.8625557, 19.106049 ] } },
{ "type": "Feature", "properties": { "green_space_id": "2138", "green_space_name": "CTS NO 294, Tikka No 16, 17", "address": null, "bmc_department": null, "ward_code_source": null, "twitter_handle": null, "website": null, "latitude": 19.1004621, "longitude": 72.8685336, "source_file": "mumbai_green_spaces.kml", "source": "BMC / OpenCity Mumbai Public Gardens, Parks and Zoos dataset", "coordinate_valid": true }, "geometry": { "type": "Point", "coordinates": [ 72.8685336, 19.1004621 ] } },
{ "type": "Feature", "properties": { "green_space_id": "2139", "green_space_name": "Bharatratna Dr. Babasaheb Ambedkar Maidan, CTS No 40/E,", "address": null, "bmc_department": null, "ward_code_source": null, "twitter_handle": null, "website": null, "latitude": 19.126, "longitude": 72.829, "source_file": "mumbai_green_spaces.kml", "source": "BMC / OpenCity Mumbai Public Gardens, Parks and Zoos dataset", "coordinate_valid": true }, "geometry": { "type": "Point", "coordinates": [ 72.829, 19.126 ] } },
{ "type": "Feature", "properties": { "green_space_id": "2140", "green_space_name": "Shri Gagangiri Maharaj Maidan, CTS NO 481,", "address": null, "bmc_department": null, "ward_code_source": null, "twitter_handle": null, "website": null, "latitude": 19.131, "longitude": 72.863, "source_file": "mumbai_green_spaces.kml", "source": "BMC / OpenCity Mumbai Public Gardens, Parks and Zoos dataset", "coordinate_valid": true }, "geometry": { "type": "Point", "coordinates": [ 72.863, 19.131 ] } },
{ "type": "Feature", "properties": { "green_space_id": "2141", "green_space_name": "Parampujya Swami Shri Gagangiri Maharaj Kridangan,", "address": null, "bmc_department": null, "ward_code_source": null, "twitter_handle": null, "website": null, "latitude": 19.1070598, "longitude": 72.865122, "source_file": "mumbai_green_spaces.kml", "source": "BMC / OpenCity Mumbai Public Gardens, Parks and Zoos dataset", "coordinate_valid": true }, "geometry": { "type": "Point", "coordinates": [ 72.865122, 19.1070598 ] } },
{ "type": "Feature", "properties": { "green_space_id": "2142", "green_space_name": "Chattrapati Shivaji Maharaj Kridangan, CTS No 371/B,373, 375/B, 375/C, 376", "address": null, "bmc_department": null, "ward_code_source": null, "twitter_handle": null, "website": null, "latitude": 19.1297138, "longitude": 72.8589401, "source_file": "mumbai_green_spaces.kml", "source": "BMC / OpenCity Mumbai Public Gardens, Parks and Zoos dataset", "coordinate_valid": true }, "geometry": { "type": "Point", "coordinates": [ 72.8589401, 19.1297138 ] } },
{ "type": "Feature", "properties": { "green_space_id": "2143", "green_space_name": "CTS No, 368/2A and 2 B,", "address": null, "bmc_department": null, "ward_code_source": null, "twitter_handle": null, "website": null, "latitude": 19.1310499, "longitude": 72.8640147, "source_file": "mumbai_green_spaces.kml", "source": "BMC / OpenCity Mumbai Public Gardens, Parks and Zoos dataset", "coordinate_valid": true }, "geometry": { "type": "Point", "coordinates": [ 72.8640147, 19.1310499 ] } },
{ "type": "Feature", "properties": { "green_space_id": "2144", "green_space_name": "CTS No, 368/294", "address": null, "bmc_department": null, "ward_code_source": null, "twitter_handle": null, "website": null, "latitude": 19.1248767, "longitude": 72.8621667, "source_file": "mumbai_green_spaces.kml", "source": "BMC / OpenCity Mumbai Public Gardens, Parks and Zoos dataset", "coordinate_valid": true }, "geometry": { "type": "Point", "coordinates": [ 72.8621667, 19.1248767 ] } },
{ "type": "Feature", "properties": { "green_space_id": "2145", "green_space_name": "Waman Mangesh Dubhashi Kridangan, CTS NO FP NO 296, TPS 2,", "address": null, "bmc_department": null, "ward_code_source": null, "twitter_handle": null, "website": null, "latitude": 19.0979239, "longitude": 72.8513647, "source_file": "mumbai_green_spaces.kml", "source": "BMC / OpenCity Mumbai Public Gardens, Parks and Zoos dataset", "coordinate_valid": true }, "geometry": { "type": "Point", "coordinates": [ 72.8513647, 19.0979239 ] } },
{ "type": "Feature", "properties": { "green_space_id": "2146", "green_space_name": "Dadasaheb Tatha Shrikrushna Ghaisas Maidan, CTS No. 60 ,", "address": null, "bmc_department": null, "ward_code_source": null, "twitter_handle": null, "website": null, "latitude": 19.1326855, "longitude": 72.8506628, "source_file": "mumbai_green_spaces.kml", "source": "BMC / OpenCity Mumbai Public Gardens, Parks and Zoos dataset", "coordinate_valid": true }, "geometry": { "type": "Point", "coordinates": [ 72.8506628, 19.1326855 ] } },
{ "type": "Feature", "properties": { "green_space_id": "2147", "green_space_name": "CTS No. 399", "address": null, "bmc_department": null, "ward_code_source": null, "twitter_handle": null, "website": null, "latitude": 19.1179056, "longitude": 72.8595127, "source_file": "mumbai_green_spaces.kml", "source": "BMC / OpenCity Mumbai Public Gardens, Parks and Zoos dataset", "coordinate_valid": true }, "geometry": { "type": "Point", "coordinates": [ 72.8595127, 19.1179056 ] } },
{ "type": "Feature", "properties": { "green_space_id": "2148", "green_space_name": "CTS No 20 B", "address": null, "bmc_department": null, "ward_code_source": null, "twitter_handle": null, "website": null, "latitude": 19.125, "longitude": 72.864, "source_file": "mumbai_green_spaces.kml", "source": "BMC / OpenCity Mumbai Public Gardens, Parks and Zoos dataset", "coordinate_valid": true }, "geometry": { "type": "Point", "coordinates": [ 72.864, 19.125 ] } },
{ "type": "Feature", "properties": { "green_space_id": "2149", "green_space_name": "CTS No 445/B,445/C,448/B Hissa No 1, survey No 55", "address": null, "bmc_department": null, "ward_code_source": null, "twitter_handle": null, "website": null, "latitude": 19.112, "longitude": 72.881, "source_file": "mumbai_green_spaces.kml", "source": "BMC / OpenCity Mumbai Public Gardens, Parks and Zoos dataset", "coordinate_valid": true }, "geometry": { "type": "Point", "coordinates": [ 72.881, 19.112 ] } },
{ "type": "Feature", "properties": { "green_space_id": "2150", "green_space_name": "Shree Sai- leela Manoranjan Maidan,CTS No.382(B)", "address": null, "bmc_department": null, "ward_code_source": null, "twitter_handle": null, "website": null, "latitude": 19.127, "longitude": 72.859, "source_file": "mumbai_green_spaces.kml", "source": "BMC / OpenCity Mumbai Public Gardens, Parks and Zoos dataset", "coordinate_valid": true }, "geometry": { "type": "Point", "coordinates": [ 72.859, 19.127 ] } },
{ "type": "Feature", "properties": { "green_space_id": "2151", "green_space_name": "Shahid Vijay Salaskar Manoranjan Maidan,", "address": null, "bmc_department": null, "ward_code_source": null, "twitter_handle": null, "website": null, "latitude": 19.1373752, "longitude": 72.8655941, "source_file": "mumbai_green_spaces.kml", "source": "BMC / OpenCity Mumbai Public Gardens, Parks and Zoos dataset", "coordinate_valid": true }, "geometry": { "type": "Point", "coordinates": [ 72.8655941, 19.1373752 ] } },
{ "type": "Feature", "properties": { "green_space_id": "2152", "green_space_name": "CTS No. 55/7", "address": null, "bmc_department": null, "ward_code_source": null, "twitter_handle": null, "website": null, "latitude": 19.1157525, "longitude": 72.8739369, "source_file": "mumbai_green_spaces.kml", "source": "BMC / OpenCity Mumbai Public Gardens, Parks and Zoos dataset", "coordinate_valid": true }, "geometry": { "type": "Point", "coordinates": [ 72.8739369, 19.1157525 ] } },
{ "type": "Feature", "properties": { "green_space_id": "2153", "green_space_name": "Bharat van Udyan,CTS NO 132/A/C/D", "address": null, "bmc_department": null, "ward_code_source": null, "twitter_handle": null, "website": null, "latitude": 19.1233774, "longitude": 72.8865563, "source_file": "mumbai_green_spaces.kml", "source": "BMC / OpenCity Mumbai Public Gardens, Parks and Zoos dataset", "coordinate_valid": true }, "geometry": { "type": "Point", "coordinates": [ 72.8865563, 19.1233774 ] } },
{ "type": "Feature", "properties": { "green_space_id": "2154", "green_space_name": "CTS NO 191/5", "address": null, "bmc_department": null, "ward_code_source": null, "twitter_handle": null, "website": null, "latitude": 19.1340584, "longitude": 72.8702224, "source_file": "mumbai_green_spaces.kml", "source": "BMC / OpenCity Mumbai Public Gardens, Parks and Zoos dataset", "coordinate_valid": true }, "geometry": { "type": "Point", "coordinates": [ 72.8702224, 19.1340584 ] } },
{ "type": "Feature", "properties": { "green_space_id": "2155", "green_space_name": "Matoshri Meenatai Thackeray Maidan,CTS NO 188 & 189", "address": null, "bmc_department": null, "ward_code_source": null, "twitter_handle": null, "website": null, "latitude": 19.1367561, "longitude": 72.8709276, "source_file": "mumbai_green_spaces.kml", "source": "BMC / OpenCity Mumbai Public Gardens, Parks and Zoos dataset", "coordinate_valid": true }, "geometry": { "type": "Point", "coordinates": [ 72.8709276, 19.1367561 ] } },
{ "type": "Feature", "properties": { "green_space_id": "2156", "green_space_name": "CTS No 498A/2/3/4,448-D Hissa No 4, Survey No 56", "address": null, "bmc_department": null, "ward_code_source": null, "twitter_handle": null, "website": null, "latitude": 19.1127053, "longitude": 72.8820402, "source_file": "mumbai_green_spaces.kml", "source": "BMC / OpenCity Mumbai Public Gardens, Parks and Zoos dataset", "coordinate_valid": true }, "geometry": { "type": "Point", "coordinates": [ 72.8820402, 19.1127053 ] } },
{ "type": "Feature", "properties": { "green_space_id": "2157", "green_space_name": "Sant Dyaneshwar Maharaj Manoranjan Maidan , CTS No. 131/A/1/D", "address": null, "bmc_department": null, "ward_code_source": null, "twitter_handle": null, "website": null, "latitude": 19.11, "longitude": 72.86, "source_file": "mumbai_green_spaces.kml", "source": "BMC / OpenCity Mumbai Public Gardens, Parks and Zoos dataset", "coordinate_valid": true }, "geometry": { "type": "Point", "coordinates": [ 72.86, 19.11 ] } },
{ "type": "Feature", "properties": { "green_space_id": "2158", "green_space_name": "CTS NO 53 P, 54 P, Tikka No 13", "address": null, "bmc_department": null, "ward_code_source": null, "twitter_handle": null, "website": null, "latitude": 19.142, "longitude": 72.854, "source_file": "mumbai_green_spaces.kml", "source": "BMC / OpenCity Mumbai Public Gardens, Parks and Zoos dataset", "coordinate_valid": true }, "geometry": { "type": "Point", "coordinates": [ 72.854, 19.142 ] } },
{ "type": "Feature", "properties": { "green_space_id": "2159", "green_space_name": "CTS No 298A/1", "address": null, "bmc_department": null, "ward_code_source": null, "twitter_handle": null, "website": null, "latitude": 19.1179164, "longitude": 72.8853976, "source_file": "mumbai_green_spaces.kml", "source": "BMC / OpenCity Mumbai Public Gardens, Parks and Zoos dataset", "coordinate_valid": true }, "geometry": { "type": "Point", "coordinates": [ 72.8853976, 19.1179164 ] } },
{ "type": "Feature", "properties": { "green_space_id": "2160", "green_space_name": "CTS 40 B", "address": null, "bmc_department": null, "ward_code_source": null, "twitter_handle": null, "website": null, "latitude": 19.127, "longitude": 72.849, "source_file": "mumbai_green_spaces.kml", "source": "BMC / OpenCity Mumbai Public Gardens, Parks and Zoos dataset", "coordinate_valid": true }, "geometry": { "type": "Point", "coordinates": [ 72.849, 19.127 ] } },
{ "type": "Feature", "properties": { "green_space_id": "2161", "green_space_name": "Shaheed Tukaram Ombale Manoranjan Maidan,CTS No 242, Tikka No 12-20 Known as Govind wadi Talao,", "address": null, "bmc_department": null, "ward_code_source": null, "twitter_handle": null, "website": null, "latitude": 19.1179056, "longitude": 72.8595127, "source_file": "mumbai_green_spaces.kml", "source": "BMC / OpenCity Mumbai Public Gardens, Parks and Zoos dataset", "coordinate_valid": true }, "geometry": { "type": "Point", "coordinates": [ 72.8595127, 19.1179056 ] } },
{ "type": "Feature", "properties": { "green_space_id": "2162", "green_space_name": "CTS No 238/C,234 /D", "address": null, "bmc_department": null, "ward_code_source": null, "twitter_handle": null, "website": null, "latitude": 19.1173691, "longitude": 72.8623259, "source_file": "mumbai_green_spaces.kml", "source": "BMC / OpenCity Mumbai Public Gardens, Parks and Zoos dataset", "coordinate_valid": true }, "geometry": { "type": "Point", "coordinates": [ 72.8623259, 19.1173691 ] } },
{ "type": "Feature", "properties": { "green_space_id": "2163", "green_space_name": "Mahakali Ganesh Maidan,CTS NO 522 (P) 524, 525, 526", "address": null, "bmc_department": null, "ward_code_source": null, "twitter_handle": null, "website": null, "latitude": 19.1292796, "longitude": 72.8690866, "source_file": "mumbai_green_spaces.kml", "source": "BMC / OpenCity Mumbai Public Gardens, Parks and Zoos dataset", "coordinate_valid": true }, "geometry": { "type": "Point", "coordinates": [ 72.8690866, 19.1292796 ] } },
{ "type": "Feature", "properties": { "green_space_id": "2164", "green_space_name": "CTS NO 294/D, Hissa No 3, 4 & 5, Survey No. 24,", "address": null, "bmc_department": null, "ward_code_source": null, "twitter_handle": null, "website": null, "latitude": 19.114, "longitude": 72.857, "source_file": "mumbai_green_spaces.kml", "source": "BMC / OpenCity Mumbai Public Gardens, Parks and Zoos dataset", "coordinate_valid": true }, "geometry": { "type": "Point", "coordinates": [ 72.857, 19.114 ] } },
{ "type": "Feature", "properties": { "green_space_id": "2165", "green_space_name": "Shri K.K. Bhaiyyaji Krishnkumar Bhaiyyaji Manaranjan Maidan, CTS NO 443/B, Hissa No 10, Survey No 56,", "address": null, "bmc_department": null, "ward_code_source": null, "twitter_handle": null, "website": null, "latitude": 19.109, "longitude": 72.865, "source_file": "mumbai_green_spaces.kml", "source": "BMC / OpenCity Mumbai Public Gardens, Parks and Zoos dataset", "coordinate_valid": true }, "geometry": { "type": "Point", "coordinates": [ 72.865, 19.109 ] } },
{ "type": "Feature", "properties": { "green_space_id": "2166", "green_space_name": "Veer Abdul Hameed Manoranjan Maidan, CTS NO 1613/4B/1, Hissa No 1 part, Survey No 86, Hiss No 2,5,7,10, 11 part, Survey No 113, Kondivita Village, Lele Wadi, Village Marol, Andheri (East)", "address": null, "bmc_department": null, "ward_code_source": null, "twitter_handle": null, "website": null, "latitude": 19.106, "longitude": 72.88, "source_file": "mumbai_green_spaces.kml", "source": "BMC / OpenCity Mumbai Public Gardens, Parks and Zoos dataset", "coordinate_valid": true }, "geometry": { "type": "Point", "coordinates": [ 72.88, 19.106 ] } },
{ "type": "Feature", "properties": { "green_space_id": "2167", "green_space_name": "Mother Teresa Manoranjan Maidan, CTS No 398/B/part R.G Survey No 89 A1", "address": null, "bmc_department": null, "ward_code_source": null, "twitter_handle": null, "website": null, "latitude": 19.1085591, "longitude": 72.861565, "source_file": "mumbai_green_spaces.kml", "source": "BMC / OpenCity Mumbai Public Gardens, Parks and Zoos dataset", "coordinate_valid": true }, "geometry": { "type": "Point", "coordinates": [ 72.861565, 19.1085591 ] } },
{ "type": "Feature", "properties": { "green_space_id": "2168", "green_space_name": "Shri Swami Samarth Manoranjan Maidan,CTS NO 368/2C", "address": null, "bmc_department": null, "ward_code_source": null, "twitter_handle": null, "website": null, "latitude": 19.131, "longitude": 72.863, "source_file": "mumbai_green_spaces.kml", "source": "BMC / OpenCity Mumbai Public Gardens, Parks and Zoos dataset", "coordinate_valid": true }, "geometry": { "type": "Point", "coordinates": [ 72.863, 19.131 ] } },
{ "type": "Feature", "properties": { "green_space_id": "2169", "green_space_name": "Playground at Borla Village, Moti Baug, CTS No.619/27, Village Borla", "address": null, "bmc_department": null, "ward_code_source": null, "twitter_handle": null, "website": null, "latitude": 19.0498802, "longitude": 72.9084002, "source_file": "mumbai_green_spaces.kml", "source": "BMC / OpenCity Mumbai Public Gardens, Parks and Zoos dataset", "coordinate_valid": true }, "geometry": { "type": "Point", "coordinates": [ 72.9084002, 19.0498802 ] } },
{ "type": "Feature", "properties": { "green_space_id": "2170", "green_space_name": "Baba Hardev Singh Gardesn,TDR Plot at Borla Village CTS No.619/2, 619/3 (pt)", "address": null, "bmc_department": null, "ward_code_source": null, "twitter_handle": null, "website": null, "latitude": 19.0500027, "longitude": 72.9075812, "source_file": "mumbai_green_spaces.kml", "source": "BMC / OpenCity Mumbai Public Gardens, Parks and Zoos dataset", "coordinate_valid": true }, "geometry": { "type": "Point", "coordinates": [ 72.9075812, 19.0500027 ] } },
{ "type": "Feature", "properties": { "green_space_id": "2171", "green_space_name": "TDR plot at Anik village Depot. CTS no. 214-C,", "address": null, "bmc_department": null, "ward_code_source": null, "twitter_handle": null, "website": null, "latitude": 19.0320261, "longitude": 72.8905917, "source_file": "mumbai_green_spaces.kml", "source": "BMC / OpenCity Mumbai Public Gardens, Parks and Zoos dataset", "coordinate_valid": true }, "geometry": { "type": "Point", "coordinates": [ 72.8905917, 19.0320261 ] } },
{ "type": "Feature", "properties": { "green_space_id": "2172", "green_space_name": "PG plot at Collectors colony CTS no. 453/B, 454 (pt), Wadhavali, Chembur", "address": null, "bmc_department": null, "ward_code_source": null, "twitter_handle": null, "website": null, "latitude": 19.0446, "longitude": 72.8914, "source_file": "mumbai_green_spaces.kml", "source": "BMC / OpenCity Mumbai Public Gardens, Parks and Zoos dataset", "coordinate_valid": true }, "geometry": { "type": "Point", "coordinates": [ 72.8914, 19.0446 ] } },
{ "type": "Feature", "properties": { "green_space_id": "2173", "green_space_name": "PG plot at Atur Park Road, Borla village, CTS no. 612/B, Chembur", "address": null, "bmc_department": null, "ward_code_source": null, "twitter_handle": null, "website": null, "latitude": 19.0502, "longitude": 72.9048, "source_file": "mumbai_green_spaces.kml", "source": "BMC / OpenCity Mumbai Public Gardens, Parks and Zoos dataset", "coordinate_valid": true }, "geometry": { "type": "Point", "coordinates": [ 72.9048, 19.0502 ] } },
{ "type": "Feature", "properties": { "green_space_id": "2174", "green_space_name": "P.G. Plot bearing CTS No. 586/9A, N. B. Patil Road", "address": null, "bmc_department": null, "ward_code_source": null, "twitter_handle": null, "website": null, "latitude": 19.0498802, "longitude": 72.9084002, "source_file": "mumbai_green_spaces.kml", "source": "BMC / OpenCity Mumbai Public Gardens, Parks and Zoos dataset", "coordinate_valid": true }, "geometry": { "type": "Point", "coordinates": [ 72.9084002, 19.0498802 ] } },
{ "type": "Feature", "properties": { "green_space_id": "2175", "green_space_name": "P.G. Plot bearing CTS No. 179, 179/137, Mukund Nagar, Chembur", "address": null, "bmc_department": null, "ward_code_source": null, "twitter_handle": null, "website": null, "latitude": 19.0333, "longitude": 72.8962, "source_file": "mumbai_green_spaces.kml", "source": "BMC / OpenCity Mumbai Public Gardens, Parks and Zoos dataset", "coordinate_valid": true }, "geometry": { "type": "Point", "coordinates": [ 72.8962, 19.0333 ] } },
{ "type": "Feature", "properties": { "green_space_id": "2176", "green_space_name": "Dr. Ambedkar udyan", "address": null, "bmc_department": null, "ward_code_source": null, "twitter_handle": null, "website": null, "latitude": 19.052796, "longitude": 72.919011, "source_file": "mumbai_green_spaces.kml", "source": "BMC / OpenCity Mumbai Public Gardens, Parks and Zoos dataset", "coordinate_valid": true }, "geometry": { "type": "Point", "coordinates": [ 72.919011, 19.052796 ] } },
{ "type": "Feature", "properties": { "green_space_id": "2177", "green_space_name": "Siddharth Udyan", "address": null, "bmc_department": null, "ward_code_source": null, "twitter_handle": null, "website": null, "latitude": 19.0580207, "longitude": 72.9122909, "source_file": "mumbai_green_spaces.kml", "source": "BMC / OpenCity Mumbai Public Gardens, Parks and Zoos dataset", "coordinate_valid": true }, "geometry": { "type": "Point", "coordinates": [ 72.9122909, 19.0580207 ] } },
{ "type": "Feature", "properties": { "green_space_id": "2178", "green_space_name": "Sant Rohidas Udyan", "address": null, "bmc_department": null, "ward_code_source": null, "twitter_handle": null, "website": null, "latitude": 19.05092, "longitude": 72.923073, "source_file": "mumbai_green_spaces.kml", "source": "BMC / OpenCity Mumbai Public Gardens, Parks and Zoos dataset", "coordinate_valid": true }, "geometry": { "type": "Point", "coordinates": [ 72.923073, 19.05092 ] } },
{ "type": "Feature", "properties": { "green_space_id": "2179", "green_space_name": "Kumar Bhupesh Udyan", "address": null, "bmc_department": null, "ward_code_source": null, "twitter_handle": null, "website": null, "latitude": 19.0551693, "longitude": 72.9225321, "source_file": "mumbai_green_spaces.kml", "source": "BMC / OpenCity Mumbai Public Gardens, Parks and Zoos dataset", "coordinate_valid": true }, "geometry": { "type": "Point", "coordinates": [ 72.9225321, 19.0551693 ] } },
{ "type": "Feature", "properties": { "green_space_id": "2180", "green_space_name": "Garden Plot,A Block ,", "address": null, "bmc_department": null, "ward_code_source": null, "twitter_handle": null, "website": null, "latitude": 19.05285, "longitude": 72.92021, "source_file": "mumbai_green_spaces.kml", "source": "BMC / OpenCity Mumbai Public Gardens, Parks and Zoos dataset", "coordinate_valid": true }, "geometry": { "type": "Point", "coordinates": [ 72.92021, 19.05285 ] } },
{ "type": "Feature", "properties": { "green_space_id": "2181", "green_space_name": "Mahatma Jyotiba Phule Udyan,", "address": null, "bmc_department": null, "ward_code_source": null, "twitter_handle": null, "website": null, "latitude": 19.0536945, "longitude": 72.9213525, "source_file": "mumbai_green_spaces.kml", "source": "BMC / OpenCity Mumbai Public Gardens, Parks and Zoos dataset", "coordinate_valid": true }, "geometry": { "type": "Point", "coordinates": [ 72.9213525, 19.0536945 ] } },
{ "type": "Feature", "properties": { "green_space_id": "2182", "green_space_name": "CTS NO.2/10, Garden Plot,Lotus Colony, Abdul Hameed Marg, Shivaji Nagar, Govandi.", "address": null, "bmc_department": null, "ward_code_source": null, "twitter_handle": null, "website": null, "latitude": 19.06535, "longitude": 72.92227, "source_file": "mumbai_green_spaces.kml", "source": "BMC / OpenCity Mumbai Public Gardens, Parks and Zoos dataset", "coordinate_valid": true }, "geometry": { "type": "Point", "coordinates": [ 72.92227, 19.06535 ] } },
{ "type": "Feature", "properties": { "green_space_id": "2183", "green_space_name": "Shahid Ashok Kamate manoranjan maidan", "address": null, "bmc_department": null, "ward_code_source": null, "twitter_handle": null, "website": null, "latitude": 19.05745, "longitude": 72.92681, "source_file": "mumbai_green_spaces.kml", "source": "BMC / OpenCity Mumbai Public Gardens, Parks and Zoos dataset", "coordinate_valid": true }, "geometry": { "type": "Point", "coordinates": [ 72.92681, 19.05745 ] } },
{ "type": "Feature", "properties": { "green_space_id": "2184", "green_space_name": "Amarnath Patil Manoranjan Maidan", "address": null, "bmc_department": null, "ward_code_source": null, "twitter_handle": null, "website": null, "latitude": 19.0509484, "longitude": 72.9148512, "source_file": "mumbai_green_spaces.kml", "source": "BMC / OpenCity Mumbai Public Gardens, Parks and Zoos dataset", "coordinate_valid": true }, "geometry": { "type": "Point", "coordinates": [ 72.9148512, 19.0509484 ] } },
{ "type": "Feature", "properties": { "green_space_id": "2185", "green_space_name": "Rajarshi Shahu Maharaj Manoranjan Maidan", "address": null, "bmc_department": null, "ward_code_source": null, "twitter_handle": null, "website": null, "latitude": 19.0605, "longitude": 72.91652, "source_file": "mumbai_green_spaces.kml", "source": "BMC / OpenCity Mumbai Public Gardens, Parks and Zoos dataset", "coordinate_valid": true }, "geometry": { "type": "Point", "coordinates": [ 72.91652, 19.0605 ] } },
{ "type": "Feature", "properties": { "green_space_id": "2186", "green_space_name": "Ustad Lahuji Salve manoranjan maidan", "address": null, "bmc_department": null, "ward_code_source": null, "twitter_handle": null, "website": null, "latitude": 19.052796, "longitude": 72.919011, "source_file": "mumbai_green_spaces.kml", "source": "BMC / OpenCity Mumbai Public Gardens, Parks and Zoos dataset", "coordinate_valid": true }, "geometry": { "type": "Point", "coordinates": [ 72.919011, 19.052796 ] } },
{ "type": "Feature", "properties": { "green_space_id": "2187", "green_space_name": "Bindu Madhav Thakare manoranjan maidan", "address": null, "bmc_department": null, "ward_code_source": null, "twitter_handle": null, "website": null, "latitude": 19.0432581, "longitude": 72.9250467, "source_file": "mumbai_green_spaces.kml", "source": "BMC / OpenCity Mumbai Public Gardens, Parks and Zoos dataset", "coordinate_valid": true }, "geometry": { "type": "Point", "coordinates": [ 72.9250467, 19.0432581 ] } },
{ "type": "Feature", "properties": { "green_space_id": "2188", "green_space_name": "Dattaram Ganpat Patil Manoranjan Maidan", "address": null, "bmc_department": null, "ward_code_source": null, "twitter_handle": null, "website": null, "latitude": 19.050832, "longitude": 72.9208329, "source_file": "mumbai_green_spaces.kml", "source": "BMC / OpenCity Mumbai Public Gardens, Parks and Zoos dataset", "coordinate_valid": true }, "geometry": { "type": "Point", "coordinates": [ 72.9208329, 19.050832 ] } },
{ "type": "Feature", "properties": { "green_space_id": "2189", "green_space_name": "Savitribai Phule Manoranjan Maidan", "address": null, "bmc_department": null, "ward_code_source": null, "twitter_handle": null, "website": null, "latitude": 19.15132, "longitude": 72.82895, "source_file": "mumbai_green_spaces.kml", "source": "BMC / OpenCity Mumbai Public Gardens, Parks and Zoos dataset", "coordinate_valid": true }, "geometry": { "type": "Point", "coordinates": [ 72.82895, 19.15132 ] } },
{ "type": "Feature", "properties": { "green_space_id": "2190", "green_space_name": "RG Plot CTS No. 373/4 0f Deonar Village.", "address": null, "bmc_department": null, "ward_code_source": null, "twitter_handle": null, "website": null, "latitude": 19.04509, "longitude": 72.91647, "source_file": "mumbai_green_spaces.kml", "source": "BMC / OpenCity Mumbai Public Gardens, Parks and Zoos dataset", "coordinate_valid": true }, "geometry": { "type": "Point", "coordinates": [ 72.91647, 19.04509 ] } },
{ "type": "Feature", "properties": { "green_space_id": "2191", "green_space_name": "RG Plot CTS No. 767 (pt.) & 768 (pt.) Borla Village,Deonar Farm Road.", "address": null, "bmc_department": null, "ward_code_source": null, "twitter_handle": null, "website": null, "latitude": 19.04375, "longitude": 72.91317, "source_file": "mumbai_green_spaces.kml", "source": "BMC / OpenCity Mumbai Public Gardens, Parks and Zoos dataset", "coordinate_valid": true }, "geometry": { "type": "Point", "coordinates": [ 72.91317, 19.04375 ] } },
{ "type": "Feature", "properties": { "green_space_id": "2192", "green_space_name": "Badalu Agrwal Manoranjan Maidan", "address": null, "bmc_department": null, "ward_code_source": null, "twitter_handle": null, "website": null, "latitude": 19.041714, "longitude": 72.935921, "source_file": "mumbai_green_spaces.kml", "source": "BMC / OpenCity Mumbai Public Gardens, Parks and Zoos dataset", "coordinate_valid": true }, "geometry": { "type": "Point", "coordinates": [ 72.935921, 19.041714 ] } },
{ "type": "Feature", "properties": { "green_space_id": "2193", "green_space_name": "CTS NO.769/2,Deonar Farm Road.", "address": null, "bmc_department": null, "ward_code_source": null, "twitter_handle": null, "website": null, "latitude": 19.04375, "longitude": 72.91317, "source_file": "mumbai_green_spaces.kml", "source": "BMC / OpenCity Mumbai Public Gardens, Parks and Zoos dataset", "coordinate_valid": true }, "geometry": { "type": "Point", "coordinates": [ 72.91317, 19.04375 ] } },
{ "type": "Feature", "properties": { "green_space_id": "2194", "green_space_name": "Borabadevi Manoranjan Maidan", "address": null, "bmc_department": null, "ward_code_source": null, "twitter_handle": null, "website": null, "latitude": 19.0549671, "longitude": 72.9114067, "source_file": "mumbai_green_spaces.kml", "source": "BMC / OpenCity Mumbai Public Gardens, Parks and Zoos dataset", "coordinate_valid": true }, "geometry": { "type": "Point", "coordinates": [ 72.9114067, 19.0549671 ] } },
{ "type": "Feature", "properties": { "green_space_id": "2195", "green_space_name": "RG Plot at C.T.S. No. 169,Maravali , Rahulnagar", "address": null, "bmc_department": null, "ward_code_source": null, "twitter_handle": null, "website": null, "latitude": 19.04878, "longitude": 72.90587, "source_file": "mumbai_green_spaces.kml", "source": "BMC / OpenCity Mumbai Public Gardens, Parks and Zoos dataset", "coordinate_valid": true }, "geometry": { "type": "Point", "coordinates": [ 72.90587, 19.04878 ] } },
{ "type": "Feature", "properties": { "green_space_id": "2196", "green_space_name": "Dr. Keshav Baliram Hedgewar Udyan,", "address": null, "bmc_department": null, "ward_code_source": null, "twitter_handle": null, "website": null, "latitude": 19.074698, "longitude": 72.905323, "source_file": "mumbai_green_spaces.kml", "source": "BMC / OpenCity Mumbai Public Gardens, Parks and Zoos dataset", "coordinate_valid": true }, "geometry": { "type": "Point", "coordinates": [ 72.905323, 19.074698 ] } },
{ "type": "Feature", "properties": { "green_space_id": "2197", "green_space_name": "Gopinth Munde Traffic Training park", "address": null, "bmc_department": null, "ward_code_source": null, "twitter_handle": null, "website": null, "latitude": 19.073648, "longitude": 72.8335222, "source_file": "mumbai_green_spaces.kml", "source": "BMC / OpenCity Mumbai Public Gardens, Parks and Zoos dataset", "coordinate_valid": true }, "geometry": { "type": "Point", "coordinates": [ 72.8335222, 19.073648 ] } },
{ "type": "Feature", "properties": { "green_space_id": "2198", "green_space_name": "Nana Nani Park,", "address": null, "bmc_department": null, "ward_code_source": null, "twitter_handle": null, "website": null, "latitude": 19.03107, "longitude": 72.9050352, "source_file": "mumbai_green_spaces.kml", "source": "BMC / OpenCity Mumbai Public Gardens, Parks and Zoos dataset", "coordinate_valid": true }, "geometry": { "type": "Point", "coordinates": [ 72.9050352, 19.03107 ] } },
{ "type": "Feature", "properties": { "green_space_id": "2199", "green_space_name": "Shrimad Vallabhacharya Rajawadi Udyan,", "address": null, "bmc_department": null, "ward_code_source": null, "twitter_handle": null, "website": null, "latitude": 19.0782719, "longitude": 72.9024994, "source_file": "mumbai_green_spaces.kml", "source": "BMC / OpenCity Mumbai Public Gardens, Parks and Zoos dataset", "coordinate_valid": true }, "geometry": { "type": "Point", "coordinates": [ 72.9024994, 19.0782719 ] } },
{ "type": "Feature", "properties": { "green_space_id": "2200", "green_space_name": "Lions children Park,", "address": null, "bmc_department": null, "ward_code_source": null, "twitter_handle": null, "website": null, "latitude": 19.0761059, "longitude": 72.9060018, "source_file": "mumbai_green_spaces.kml", "source": "BMC / OpenCity Mumbai Public Gardens, Parks and Zoos dataset", "coordinate_valid": true }, "geometry": { "type": "Point", "coordinates": [ 72.9060018, 19.0761059 ] } },
{ "type": "Feature", "properties": { "green_space_id": "2201", "green_space_name": "Subhash Chandra Bose Udyan,", "address": null, "bmc_department": null, "ward_code_source": null, "twitter_handle": null, "website": null, "latitude": 19.0883959, "longitude": 72.9105931, "source_file": "mumbai_green_spaces.kml", "source": "BMC / OpenCity Mumbai Public Gardens, Parks and Zoos dataset", "coordinate_valid": true }, "geometry": { "type": "Point", "coordinates": [ 72.9105931, 19.0883959 ] } },
{ "type": "Feature", "properties": { "green_space_id": "2202", "green_space_name": "Saint Gadge Maharaj Udyan,", "address": null, "bmc_department": null, "ward_code_source": null, "twitter_handle": null, "website": null, "latitude": 19.0945843, "longitude": 72.913094, "source_file": "mumbai_green_spaces.kml", "source": "BMC / OpenCity Mumbai Public Gardens, Parks and Zoos dataset", "coordinate_valid": true }, "geometry": { "type": "Point", "coordinates": [ 72.913094, 19.0945843 ] } },
{ "type": "Feature", "properties": { "green_space_id": "2203", "green_space_name": "Kesharwala Udyan,", "address": null, "bmc_department": null, "ward_code_source": null, "twitter_handle": null, "website": null, "latitude": 19.0797566, "longitude": 72.9053676, "source_file": "mumbai_green_spaces.kml", "source": "BMC / OpenCity Mumbai Public Gardens, Parks and Zoos dataset", "coordinate_valid": true }, "geometry": { "type": "Point", "coordinates": [ 72.9053676, 19.0797566 ] } },
{ "type": "Feature", "properties": { "green_space_id": "2204", "green_space_name": "Saibaba Udyan,", "address": null, "bmc_department": null, "ward_code_source": null, "twitter_handle": null, "website": null, "latitude": 19.0863054, "longitude": 72.9110804, "source_file": "mumbai_green_spaces.kml", "source": "BMC / OpenCity Mumbai Public Gardens, Parks and Zoos dataset", "coordinate_valid": true }, "geometry": { "type": "Point", "coordinates": [ 72.9110804, 19.0863054 ] } },
{ "type": "Feature", "properties": { "green_space_id": "2205", "green_space_name": "Rajkamal Udyan,", "address": null, "bmc_department": null, "ward_code_source": null, "twitter_handle": null, "website": null, "latitude": 19.0943743, "longitude": 72.9103092, "source_file": "mumbai_green_spaces.kml", "source": "BMC / OpenCity Mumbai Public Gardens, Parks and Zoos dataset", "coordinate_valid": true }, "geometry": { "type": "Point", "coordinates": [ 72.9103092, 19.0943743 ] } },
{ "type": "Feature", "properties": { "green_space_id": "2206", "green_space_name": "Jaswantrai Mehta Udyan,", "address": null, "bmc_department": null, "ward_code_source": null, "twitter_handle": null, "website": null, "latitude": 19.0832086, "longitude": 72.9070893, "source_file": "mumbai_green_spaces.kml", "source": "BMC / OpenCity Mumbai Public Gardens, Parks and Zoos dataset", "coordinate_valid": true }, "geometry": { "type": "Point", "coordinates": [ 72.9070893, 19.0832086 ] } },
{ "type": "Feature", "properties": { "green_space_id": "2207", "green_space_name": "Dr.Babasaheb Amedkar Udyan,", "address": null, "bmc_department": null, "ward_code_source": null, "twitter_handle": null, "website": null, "latitude": 19.0604916, "longitude": 72.8493048, "source_file": "mumbai_green_spaces.kml", "source": "BMC / OpenCity Mumbai Public Gardens, Parks and Zoos dataset", "coordinate_valid": true }, "geometry": { "type": "Point", "coordinates": [ 72.8493048, 19.0604916 ] } },
{ "type": "Feature", "properties": { "green_space_id": "2208", "green_space_name": "Shankar Genuji Adangale baba Udyan,", "address": null, "bmc_department": null, "ward_code_source": null, "twitter_handle": null, "website": null, "latitude": 19.0604916, "longitude": 72.8493048, "source_file": "mumbai_green_spaces.kml", "source": "BMC / OpenCity Mumbai Public Gardens, Parks and Zoos dataset", "coordinate_valid": true }, "geometry": { "type": "Point", "coordinates": [ 72.8493048, 19.0604916 ] } },
{ "type": "Feature", "properties": { "green_space_id": "2209", "green_space_name": "A Block Udyan,", "address": null, "bmc_department": null, "ward_code_source": null, "twitter_handle": null, "website": null, "latitude": 19.097045, "longitude": 72.904438, "source_file": "mumbai_green_spaces.kml", "source": "BMC / OpenCity Mumbai Public Gardens, Parks and Zoos dataset", "coordinate_valid": true }, "geometry": { "type": "Point", "coordinates": [ 72.904438, 19.097045 ] } },
{ "type": "Feature", "properties": { "green_space_id": "2210", "green_space_name": "H Block Udyan,", "address": null, "bmc_department": null, "ward_code_source": null, "twitter_handle": null, "website": null, "latitude": 19.0994463, "longitude": 72.9031464, "source_file": "mumbai_green_spaces.kml", "source": "BMC / OpenCity Mumbai Public Gardens, Parks and Zoos dataset", "coordinate_valid": true }, "geometry": { "type": "Point", "coordinates": [ 72.9031464, 19.0994463 ] } },
{ "type": "Feature", "properties": { "green_space_id": "2211", "green_space_name": "S.M. Jadhav Udyan", "address": null, "bmc_department": null, "ward_code_source": null, "twitter_handle": null, "website": null, "latitude": 19.0844709, "longitude": 72.9101371, "source_file": "mumbai_green_spaces.kml", "source": "BMC / OpenCity Mumbai Public Gardens, Parks and Zoos dataset", "coordinate_valid": true }, "geometry": { "type": "Point", "coordinates": [ 72.9101371, 19.0844709 ] } },
{ "type": "Feature", "properties": { "green_space_id": "2212", "green_space_name": "Nana Nani Park,", "address": null, "bmc_department": null, "ward_code_source": null, "twitter_handle": null, "website": null, "latitude": 19.03107, "longitude": 72.9050352, "source_file": "mumbai_green_spaces.kml", "source": "BMC / OpenCity Mumbai Public Gardens, Parks and Zoos dataset", "coordinate_valid": true }, "geometry": { "type": "Point", "coordinates": [ 72.9050352, 19.03107 ] } },
{ "type": "Feature", "properties": { "green_space_id": "2213", "green_space_name": "50 B, recreation ground", "address": null, "bmc_department": null, "ward_code_source": null, "twitter_handle": null, "website": null, "latitude": 19.03107, "longitude": 72.9050352, "source_file": "mumbai_green_spaces.kml", "source": "BMC / OpenCity Mumbai Public Gardens, Parks and Zoos dataset", "coordinate_valid": true }, "geometry": { "type": "Point", "coordinates": [ 72.9050352, 19.03107 ] } },
{ "type": "Feature", "properties": { "green_space_id": "2214", "green_space_name": "Kamgar Nete Dattaji Salvi Maidan,", "address": null, "bmc_department": null, "ward_code_source": null, "twitter_handle": null, "website": null, "latitude": 19.1009832, "longitude": 72.9041374, "source_file": "mumbai_green_spaces.kml", "source": "BMC / OpenCity Mumbai Public Gardens, Parks and Zoos dataset", "coordinate_valid": true }, "geometry": { "type": "Point", "coordinates": [ 72.9041374, 19.1009832 ] } },
{ "type": "Feature", "properties": { "green_space_id": "2215", "green_space_name": "Gen Arun Kumar Vaidya maidan,", "address": null, "bmc_department": null, "ward_code_source": null, "twitter_handle": null, "website": null, "latitude": 19.0825705, "longitude": 72.9114236, "source_file": "mumbai_green_spaces.kml", "source": "BMC / OpenCity Mumbai Public Gardens, Parks and Zoos dataset", "coordinate_valid": true }, "geometry": { "type": "Point", "coordinates": [ 72.9114236, 19.0825705 ] } },
{ "type": "Feature", "properties": { "green_space_id": "2216", "green_space_name": "Acharya Atre Maidan", "address": null, "bmc_department": null, "ward_code_source": null, "twitter_handle": null, "website": null, "latitude": 19.0852737, "longitude": 72.9147921, "source_file": "mumbai_green_spaces.kml", "source": "BMC / OpenCity Mumbai Public Gardens, Parks and Zoos dataset", "coordinate_valid": true }, "geometry": { "type": "Point", "coordinates": [ 72.9147921, 19.0852737 ] } },
{ "type": "Feature", "properties": { "green_space_id": "2217", "green_space_name": "Dadaseb Gaikawad Udyan", "address": null, "bmc_department": null, "ward_code_source": null, "twitter_handle": null, "website": null, "latitude": 19.05285, "longitude": 72.92021, "source_file": "mumbai_green_spaces.kml", "source": "BMC / OpenCity Mumbai Public Gardens, Parks and Zoos dataset", "coordinate_valid": true }, "geometry": { "type": "Point", "coordinates": [ 72.92021, 19.05285 ] } },
{ "type": "Feature", "properties": { "green_space_id": "2218", "green_space_name": "Garden Plot ,Garden Plot in Gautam Nagar Colony No.1,Govandi", "address": null, "bmc_department": null, "ward_code_source": null, "twitter_handle": null, "website": null, "latitude": 19.0583836, "longitude": 72.9135594, "source_file": "mumbai_green_spaces.kml", "source": "BMC / OpenCity Mumbai Public Gardens, Parks and Zoos dataset", "coordinate_valid": true }, "geometry": { "type": "Point", "coordinates": [ 72.9135594, 19.0583836 ] } },
{ "type": "Feature", "properties": { "green_space_id": "2219", "green_space_name": "Usha Suresh Patil udyan,", "address": null, "bmc_department": null, "ward_code_source": null, "twitter_handle": null, "website": null, "latitude": 19.05745, "longitude": 72.92681, "source_file": "mumbai_green_spaces.kml", "source": "BMC / OpenCity Mumbai Public Gardens, Parks and Zoos dataset", "coordinate_valid": true }, "geometry": { "type": "Point", "coordinates": [ 72.92681, 19.05745 ] } },
{ "type": "Feature", "properties": { "green_space_id": "2220", "green_space_name": "Dr. Babasaheb Ambedkar Udyan", "address": null, "bmc_department": null, "ward_code_source": null, "twitter_handle": null, "website": null, "latitude": 19.0608169, "longitude": 72.921726, "source_file": "mumbai_green_spaces.kml", "source": "BMC / OpenCity Mumbai Public Gardens, Parks and Zoos dataset", "coordinate_valid": true }, "geometry": { "type": "Point", "coordinates": [ 72.921726, 19.0608169 ] } },
{ "type": "Feature", "properties": { "green_space_id": "2221", "green_space_name": "Shree Swami Samarth Udyan ,", "address": null, "bmc_department": null, "ward_code_source": null, "twitter_handle": null, "website": null, "latitude": 19.0571547, "longitude": 72.9238363, "source_file": "mumbai_green_spaces.kml", "source": "BMC / OpenCity Mumbai Public Gardens, Parks and Zoos dataset", "coordinate_valid": true }, "geometry": { "type": "Point", "coordinates": [ 72.9238363, 19.0571547 ] } },
{ "type": "Feature", "properties": { "green_space_id": "2222", "green_space_name": "Name", "address": null, "bmc_department": null, "ward_code_source": null, "twitter_handle": null, "website": null, "latitude": 19.05279, "longitude": 72.920349, "source_file": "mumbai_green_spaces.kml", "source": "BMC / OpenCity Mumbai Public Gardens, Parks and Zoos dataset", "coordinate_valid": true }, "geometry": { "type": "Point", "coordinates": [ 72.920349, 19.05279 ] } },
{ "type": "Feature", "properties": { "green_space_id": "2223", "green_space_name": "Sahid Ashok Kamate manoranjan maidan", "address": null, "bmc_department": null, "ward_code_source": null, "twitter_handle": null, "website": null, "latitude": 19.06535, "longitude": 72.92227, "source_file": "mumbai_green_spaces.kml", "source": "BMC / OpenCity Mumbai Public Gardens, Parks and Zoos dataset", "coordinate_valid": true }, "geometry": { "type": "Point", "coordinates": [ 72.92227, 19.06535 ] } },
{ "type": "Feature", "properties": { "green_space_id": "2224", "green_space_name": "Name", "address": null, "bmc_department": null, "ward_code_source": null, "twitter_handle": null, "website": null, "latitude": 19.06535, "longitude": 72.92227, "source_file": "mumbai_green_spaces.kml", "source": "BMC / OpenCity Mumbai Public Gardens, Parks and Zoos dataset", "coordinate_valid": true }, "geometry": { "type": "Point", "coordinates": [ 72.92227, 19.06535 ] } },
{ "type": "Feature", "properties": { "green_space_id": "2225", "green_space_name": "Shriman Balasaheb Thakare Play ground ,", "address": null, "bmc_department": null, "ward_code_source": null, "twitter_handle": null, "website": null, "latitude": 19.05279, "longitude": 72.920349, "source_file": "mumbai_green_spaces.kml", "source": "BMC / OpenCity Mumbai Public Gardens, Parks and Zoos dataset", "coordinate_valid": true }, "geometry": { "type": "Point", "coordinates": [ 72.920349, 19.05279 ] } },
{ "type": "Feature", "properties": { "green_space_id": "2226", "green_space_name": "Dindayl Upadhyay Udyan", "address": null, "bmc_department": null, "ward_code_source": null, "twitter_handle": null, "website": null, "latitude": 19.0388637, "longitude": 72.9454013, "source_file": "mumbai_green_spaces.kml", "source": "BMC / OpenCity Mumbai Public Gardens, Parks and Zoos dataset", "coordinate_valid": true }, "geometry": { "type": "Point", "coordinates": [ 72.9454013, 19.0388637 ] } },
{ "type": "Feature", "properties": { "green_space_id": "2227", "green_space_name": "Mahavir Education Trust Kridangan ,", "address": null, "bmc_department": null, "ward_code_source": null, "twitter_handle": null, "website": null, "latitude": 19.04757, "longitude": 72.9211, "source_file": "mumbai_green_spaces.kml", "source": "BMC / OpenCity Mumbai Public Gardens, Parks and Zoos dataset", "coordinate_valid": true }, "geometry": { "type": "Point", "coordinates": [ 72.9211, 19.04757 ] } },
{ "type": "Feature", "properties": { "green_space_id": "2228", "green_space_name": "Bashir Mohd. Mulla Maidan", "address": null, "bmc_department": null, "ward_code_source": null, "twitter_handle": null, "website": null, "latitude": 19.04447, "longitude": 72.92948, "source_file": "mumbai_green_spaces.kml", "source": "BMC / OpenCity Mumbai Public Gardens, Parks and Zoos dataset", "coordinate_valid": true }, "geometry": { "type": "Point", "coordinates": [ 72.92948, 19.04447 ] } },
{ "type": "Feature", "properties": { "green_space_id": "2229", "green_space_name": "KrantiSingh Lahuji Salve Maidan ,", "address": null, "bmc_department": null, "ward_code_source": null, "twitter_handle": null, "website": null, "latitude": 19.0447328, "longitude": 72.929593, "source_file": "mumbai_green_spaces.kml", "source": "BMC / OpenCity Mumbai Public Gardens, Parks and Zoos dataset", "coordinate_valid": true }, "geometry": { "type": "Point", "coordinates": [ 72.929593, 19.0447328 ] } },
{ "type": "Feature", "properties": { "green_space_id": "2230", "green_space_name": "Lokanete Gopinath Munde Play ground ,", "address": null, "bmc_department": null, "ward_code_source": null, "twitter_handle": null, "website": null, "latitude": 19.01174, "longitude": 72.89833, "source_file": "mumbai_green_spaces.kml", "source": "BMC / OpenCity Mumbai Public Gardens, Parks and Zoos dataset", "coordinate_valid": true }, "geometry": { "type": "Point", "coordinates": [ 72.89833, 19.01174 ] } },
{ "type": "Feature", "properties": { "green_space_id": "2231", "green_space_name": "Dr. A. P.J. abdul kalam maidan ,", "address": null, "bmc_department": null, "ward_code_source": null, "twitter_handle": null, "website": null, "latitude": 19.0564776, "longitude": 72.9261071, "source_file": "mumbai_green_spaces.kml", "source": "BMC / OpenCity Mumbai Public Gardens, Parks and Zoos dataset", "coordinate_valid": true }, "geometry": { "type": "Point", "coordinates": [ 72.9261071, 19.0564776 ] } },
{ "type": "Feature", "properties": { "green_space_id": "2232", "green_space_name": "Karbala Maidan,", "address": null, "bmc_department": null, "ward_code_source": null, "twitter_handle": null, "website": null, "latitude": 19.039881, "longitude": 72.9501975, "source_file": "mumbai_green_spaces.kml", "source": "BMC / OpenCity Mumbai Public Gardens, Parks and Zoos dataset", "coordinate_valid": true }, "geometry": { "type": "Point", "coordinates": [ 72.9501975, 19.039881 ] } },
{ "type": "Feature", "properties": { "green_space_id": "2233", "green_space_name": "Lokashahir Annabhau sathe Play ground", "address": null, "bmc_department": null, "ward_code_source": null, "twitter_handle": null, "website": null, "latitude": 19.05134, "longitude": 72.90877, "source_file": "mumbai_green_spaces.kml", "source": "BMC / OpenCity Mumbai Public Gardens, Parks and Zoos dataset", "coordinate_valid": true }, "geometry": { "type": "Point", "coordinates": [ 72.90877, 19.05134 ] } },
{ "type": "Feature", "properties": { "green_space_id": "2234", "green_space_name": "PG Plot CTS No.166 B,", "address": null, "bmc_department": null, "ward_code_source": null, "twitter_handle": null, "website": null, "latitude": 19.05449, "longitude": 72.91484, "source_file": "mumbai_green_spaces.kml", "source": "BMC / OpenCity Mumbai Public Gardens, Parks and Zoos dataset", "coordinate_valid": true }, "geometry": { "type": "Point", "coordinates": [ 72.91484, 19.05449 ] } },
{ "type": "Feature", "properties": { "green_space_id": "2235", "green_space_name": "CTS No. 342 , Aanik Village,", "address": null, "bmc_department": null, "ward_code_source": null, "twitter_handle": null, "website": null, "latitude": 19.01174, "longitude": 72.89833, "source_file": "mumbai_green_spaces.kml", "source": "BMC / OpenCity Mumbai Public Gardens, Parks and Zoos dataset", "coordinate_valid": true }, "geometry": { "type": "Point", "coordinates": [ 72.89833, 19.01174 ] } },
{ "type": "Feature", "properties": { "green_space_id": "2236", "green_space_name": "Sharadbhau Acharya Maidan", "address": null, "bmc_department": null, "ward_code_source": null, "twitter_handle": null, "website": null, "latitude": 19.01733, "longitude": 72.89024, "source_file": "mumbai_green_spaces.kml", "source": "BMC / OpenCity Mumbai Public Gardens, Parks and Zoos dataset", "coordinate_valid": true }, "geometry": { "type": "Point", "coordinates": [ 72.89024, 19.01733 ] } },
{ "type": "Feature", "properties": { "green_space_id": "2237", "green_space_name": "Name", "address": null, "bmc_department": null, "ward_code_source": null, "twitter_handle": null, "website": null, "latitude": 19.01733, "longitude": 72.89024, "source_file": "mumbai_green_spaces.kml", "source": "BMC / OpenCity Mumbai Public Gardens, Parks and Zoos dataset", "coordinate_valid": true }, "geometry": { "type": "Point", "coordinates": [ 72.89024, 19.01733 ] } },
{ "type": "Feature", "properties": { "green_space_id": "2238", "green_space_name": "Dr. Babasaheb Ambedkar Maidan", "address": null, "bmc_department": null, "ward_code_source": null, "twitter_handle": null, "website": null, "latitude": 19.07402, "longitude": 72.86984, "source_file": "mumbai_green_spaces.kml", "source": "BMC / OpenCity Mumbai Public Gardens, Parks and Zoos dataset", "coordinate_valid": true }, "geometry": { "type": "Point", "coordinates": [ 72.86984, 19.07402 ] } },
{ "type": "Feature", "properties": { "green_space_id": "2239", "green_space_name": "Mata Ramabai Ambedkar Maidan", "address": null, "bmc_department": null, "ward_code_source": null, "twitter_handle": null, "website": null, "latitude": 19.12748, "longitude": 72.82171, "source_file": "mumbai_green_spaces.kml", "source": "BMC / OpenCity Mumbai Public Gardens, Parks and Zoos dataset", "coordinate_valid": true }, "geometry": { "type": "Point", "coordinates": [ 72.82171, 19.12748 ] } },
{ "type": "Feature", "properties": { "green_space_id": "2240", "green_space_name": "Chhatrapati Shahu Maharaj manoranjan maidan", "address": null, "bmc_department": null, "ward_code_source": null, "twitter_handle": null, "website": null, "latitude": 19.028742, "longitude": 72.9328919, "source_file": "mumbai_green_spaces.kml", "source": "BMC / OpenCity Mumbai Public Gardens, Parks and Zoos dataset", "coordinate_valid": true }, "geometry": { "type": "Point", "coordinates": [ 72.9328919, 19.028742 ] } },
{ "type": "Feature", "properties": { "green_space_id": "2241", "green_space_name": "Sahakar Maharshi Rajaram Bapu Patil R.G.", "address": null, "bmc_department": null, "ward_code_source": null, "twitter_handle": null, "website": null, "latitude": 19.05745, "longitude": 72.92681, "source_file": "mumbai_green_spaces.kml", "source": "BMC / OpenCity Mumbai Public Gardens, Parks and Zoos dataset", "coordinate_valid": true }, "geometry": { "type": "Point", "coordinates": [ 72.92681, 19.05745 ] } },
{ "type": "Feature", "properties": { "green_space_id": "2242", "green_space_name": "J. Navmal Maidan", "address": null, "bmc_department": null, "ward_code_source": null, "twitter_handle": null, "website": null, "latitude": 19.05459, "longitude": 72.8985, "source_file": "mumbai_green_spaces.kml", "source": "BMC / OpenCity Mumbai Public Gardens, Parks and Zoos dataset", "coordinate_valid": true }, "geometry": { "type": "Point", "coordinates": [ 72.8985, 19.05459 ] } },
{ "type": "Feature", "properties": { "green_space_id": "2243", "green_space_name": "Garden Plot adjoining S. N. Acharya School", "address": null, "bmc_department": null, "ward_code_source": null, "twitter_handle": null, "website": null, "latitude": 19.0282509, "longitude": 72.8903443, "source_file": "mumbai_green_spaces.kml", "source": "BMC / OpenCity Mumbai Public Gardens, Parks and Zoos dataset", "coordinate_valid": true }, "geometry": { "type": "Point", "coordinates": [ 72.8903443, 19.0282509 ] } },
{ "type": "Feature", "properties": { "green_space_id": "2244", "green_space_name": "Garden Plot Near Gandhi Maidan,", "address": null, "bmc_department": null, "ward_code_source": null, "twitter_handle": null, "website": null, "latitude": 19.0580167, "longitude": 72.8979786, "source_file": "mumbai_green_spaces.kml", "source": "BMC / OpenCity Mumbai Public Gardens, Parks and Zoos dataset", "coordinate_valid": true }, "geometry": { "type": "Point", "coordinates": [ 72.8979786, 19.0580167 ] } },
{ "type": "Feature", "properties": { "green_space_id": "2245", "green_space_name": "Garden Plot Near Sai Arpan Building, Mysure Colony, Chembur CTS No.200/B, 201 Village Anik", "address": null, "bmc_department": null, "ward_code_source": null, "twitter_handle": null, "website": null, "latitude": 19.0320261, "longitude": 72.8905917, "source_file": "mumbai_green_spaces.kml", "source": "BMC / OpenCity Mumbai Public Gardens, Parks and Zoos dataset", "coordinate_valid": true }, "geometry": { "type": "Point", "coordinates": [ 72.8905917, 19.0320261 ] } },
{ "type": "Feature", "properties": { "green_space_id": "2246", "green_space_name": "Bhakti Park Garden,", "address": null, "bmc_department": null, "ward_code_source": null, "twitter_handle": null, "website": null, "latitude": 19.0285, "longitude": 72.8807, "source_file": "mumbai_green_spaces.kml", "source": "BMC / OpenCity Mumbai Public Gardens, Parks and Zoos dataset", "coordinate_valid": true }, "geometry": { "type": "Point", "coordinates": [ 72.8807, 19.0285 ] } },
{ "type": "Feature", "properties": { "green_space_id": "2247", "green_space_name": "TDR plot at Anik village Depot, CTS no. 214, 214 (pt), 216 (pt), 214 F (pt), 215 E (pt)", "address": null, "bmc_department": null, "ward_code_source": null, "twitter_handle": null, "website": null, "latitude": 19.0285, "longitude": 72.8807, "source_file": "mumbai_green_spaces.kml", "source": "BMC / OpenCity Mumbai Public Gardens, Parks and Zoos dataset", "coordinate_valid": true }, "geometry": { "type": "Point", "coordinates": [ 72.8807, 19.0285 ] } },
{ "type": "Feature", "properties": { "green_space_id": "2248", "green_space_name": "Lokshahir Annabhau Sathe Udyan,", "address": null, "bmc_department": null, "ward_code_source": null, "twitter_handle": null, "website": null, "latitude": 19.0539741, "longitude": 72.8844875, "source_file": "mumbai_green_spaces.kml", "source": "BMC / OpenCity Mumbai Public Gardens, Parks and Zoos dataset", "coordinate_valid": true }, "geometry": { "type": "Point", "coordinates": [ 72.8844875, 19.0539741 ] } },
{ "type": "Feature", "properties": { "green_space_id": "2249", "green_space_name": "Jaitwan Udyan,", "address": null, "bmc_department": null, "ward_code_source": null, "twitter_handle": null, "website": null, "latitude": 19.0609197, "longitude": 72.8898623, "source_file": "mumbai_green_spaces.kml", "source": "BMC / OpenCity Mumbai Public Gardens, Parks and Zoos dataset", "coordinate_valid": true }, "geometry": { "type": "Point", "coordinates": [ 72.8898623, 19.0609197 ] } },
{ "type": "Feature", "properties": { "green_space_id": "2250", "green_space_name": "Sadguru Jairamdas Kunj Udyan,", "address": null, "bmc_department": null, "ward_code_source": null, "twitter_handle": null, "website": null, "latitude": 19.051272, "longitude": 72.892341, "source_file": "mumbai_green_spaces.kml", "source": "BMC / OpenCity Mumbai Public Gardens, Parks and Zoos dataset", "coordinate_valid": true }, "geometry": { "type": "Point", "coordinates": [ 72.892341, 19.051272 ] } },
{ "type": "Feature", "properties": { "green_space_id": "2251", "green_space_name": "Late Shri. R. H. Shisode Udyan,", "address": null, "bmc_department": null, "ward_code_source": null, "twitter_handle": null, "website": null, "latitude": 19.0596998, "longitude": 72.9034326, "source_file": "mumbai_green_spaces.kml", "source": "BMC / OpenCity Mumbai Public Gardens, Parks and Zoos dataset", "coordinate_valid": true }, "geometry": { "type": "Point", "coordinates": [ 72.9034326, 19.0596998 ] } },
{ "type": "Feature", "properties": { "green_space_id": "2252", "green_space_name": "Playground Near Smruti Building, Pestom Sagar. CTS No.623 (pt.)", "address": null, "bmc_department": null, "ward_code_source": null, "twitter_handle": null, "website": null, "latitude": 19.0706337, "longitude": 72.9047069, "source_file": "mumbai_green_spaces.kml", "source": "BMC / OpenCity Mumbai Public Gardens, Parks and Zoos dataset", "coordinate_valid": true }, "geometry": { "type": "Point", "coordinates": [ 72.9047069, 19.0706337 ] } },
{ "type": "Feature", "properties": { "green_space_id": "2253", "green_space_name": "R.G. Vatsalatai Naik Nagar, Suman Nagar, E.E. Highway, Chembur CTS No.116 (pt.)/ 123 (pt)", "address": null, "bmc_department": null, "ward_code_source": null, "twitter_handle": null, "website": null, "latitude": 19.0529299, "longitude": 72.8838697, "source_file": "mumbai_green_spaces.kml", "source": "BMC / OpenCity Mumbai Public Gardens, Parks and Zoos dataset", "coordinate_valid": true }, "geometry": { "type": "Point", "coordinates": [ 72.8838697, 19.0529299 ] } },
{ "type": "Feature", "properties": { "green_space_id": "2254", "green_space_name": "R.G. Near Kangra Bhavan", "address": null, "bmc_department": null, "ward_code_source": null, "twitter_handle": null, "website": null, "latitude": 19.0724393, "longitude": 72.9034614, "source_file": "mumbai_green_spaces.kml", "source": "BMC / OpenCity Mumbai Public Gardens, Parks and Zoos dataset", "coordinate_valid": true }, "geometry": { "type": "Point", "coordinates": [ 72.9034614, 19.0724393 ] } },
{ "type": "Feature", "properties": { "green_space_id": "2255", "green_space_name": "R.G. at Anik Village Mysure Colony Road, Near Mithul Enclave, Chembur CTS No. 217/B", "address": null, "bmc_department": null, "ward_code_source": null, "twitter_handle": null, "website": null, "latitude": 19.0320261, "longitude": 72.8905917, "source_file": "mumbai_green_spaces.kml", "source": "BMC / OpenCity Mumbai Public Gardens, Parks and Zoos dataset", "coordinate_valid": true }, "geometry": { "type": "Point", "coordinates": [ 72.8905917, 19.0320261 ] } },
{ "type": "Feature", "properties": { "green_space_id": "2256", "green_space_name": "R.G. at Anik Village Mysure Colony Road, Near Mithul Enclave, Chembur CTS no.217(C),Mahul Village", "address": null, "bmc_department": null, "ward_code_source": null, "twitter_handle": null, "website": null, "latitude": 19.0320261, "longitude": 72.8905917, "source_file": "mumbai_green_spaces.kml", "source": "BMC / OpenCity Mumbai Public Gardens, Parks and Zoos dataset", "coordinate_valid": true }, "geometry": { "type": "Point", "coordinates": [ 72.8905917, 19.0320261 ] } },
{ "type": "Feature", "properties": { "green_space_id": "2257", "green_space_name": "Garden at Vrindavan Colony, Tilak Nagar, Chembur CTS No.7", "address": null, "bmc_department": null, "ward_code_source": null, "twitter_handle": null, "website": null, "latitude": 19.07173, "longitude": 72.89996, "source_file": "mumbai_green_spaces.kml", "source": "BMC / OpenCity Mumbai Public Gardens, Parks and Zoos dataset", "coordinate_valid": true }, "geometry": { "type": "Point", "coordinates": [ 72.89996, 19.07173 ] } },
{ "type": "Feature", "properties": { "green_space_id": "2258", "green_space_name": "Rock Garden", "address": null, "bmc_department": null, "ward_code_source": null, "twitter_handle": null, "website": null, "latitude": 19.07173, "longitude": 72.89996, "source_file": "mumbai_green_spaces.kml", "source": "BMC / OpenCity Mumbai Public Gardens, Parks and Zoos dataset", "coordinate_valid": true }, "geometry": { "type": "Point", "coordinates": [ 72.89996, 19.07173 ] } },
{ "type": "Feature", "properties": { "green_space_id": "2259", "green_space_name": "TDR plot of Anik village Depot, CTS no. 220 (D), 215 (B)", "address": null, "bmc_department": null, "ward_code_source": null, "twitter_handle": null, "website": null, "latitude": 19.0320261, "longitude": 72.8905917, "source_file": "mumbai_green_spaces.kml", "source": "BMC / OpenCity Mumbai Public Gardens, Parks and Zoos dataset", "coordinate_valid": true }, "geometry": { "type": "Point", "coordinates": [ 72.8905917, 19.0320261 ] } },
{ "type": "Feature", "properties": { "green_space_id": "2260", "green_space_name": "Plot bearing CTS No. 669/A, V. N. Purav Road", "address": null, "bmc_department": null, "ward_code_source": null, "twitter_handle": null, "website": null, "latitude": 19.0502, "longitude": 72.9048, "source_file": "mumbai_green_spaces.kml", "source": "BMC / OpenCity Mumbai Public Gardens, Parks and Zoos dataset", "coordinate_valid": true }, "geometry": { "type": "Point", "coordinates": [ 72.9048, 19.0502 ] } },
{ "type": "Feature", "properties": { "green_space_id": "2261", "green_space_name": "Lokmanya Tilak Maidan", "address": null, "bmc_department": null, "ward_code_source": null, "twitter_handle": null, "website": null, "latitude": 19.0598432, "longitude": 72.9067813, "source_file": "mumbai_green_spaces.kml", "source": "BMC / OpenCity Mumbai Public Gardens, Parks and Zoos dataset", "coordinate_valid": true }, "geometry": { "type": "Point", "coordinates": [ 72.9067813, 19.0598432 ] } },
{ "type": "Feature", "properties": { "green_space_id": "2262", "green_space_name": "Mahatma Gandhi Maidan,", "address": null, "bmc_department": null, "ward_code_source": null, "twitter_handle": null, "website": null, "latitude": 19.0579866, "longitude": 72.8992545, "source_file": "mumbai_green_spaces.kml", "source": "BMC / OpenCity Mumbai Public Gardens, Parks and Zoos dataset", "coordinate_valid": true }, "geometry": { "type": "Point", "coordinates": [ 72.8992545, 19.0579866 ] } },
{ "type": "Feature", "properties": { "green_space_id": "2263", "green_space_name": "Municipal Playground, Tilaknagar", "address": null, "bmc_department": null, "ward_code_source": null, "twitter_handle": null, "website": null, "latitude": 19.0667793, "longitude": 72.8943426, "source_file": "mumbai_green_spaces.kml", "source": "BMC / OpenCity Mumbai Public Gardens, Parks and Zoos dataset", "coordinate_valid": true }, "geometry": { "type": "Point", "coordinates": [ 72.8943426, 19.0667793 ] } },
{ "type": "Feature", "properties": { "green_space_id": "2264", "green_space_name": "Playground near Ayyappa Temple", "address": null, "bmc_department": null, "ward_code_source": null, "twitter_handle": null, "website": null, "latitude": 19.0640547, "longitude": 72.8932917, "source_file": "mumbai_green_spaces.kml", "source": "BMC / OpenCity Mumbai Public Gardens, Parks and Zoos dataset", "coordinate_valid": true }, "geometry": { "type": "Point", "coordinates": [ 72.8932917, 19.0640547 ] } },
{ "type": "Feature", "properties": { "green_space_id": "2265", "green_space_name": "Playground Near Marawali Church, R.C. Marg, Chembur CTS no.316 (pt.), 19 (pt.)", "address": null, "bmc_department": null, "ward_code_source": null, "twitter_handle": null, "website": null, "latitude": 19.0406643, "longitude": 72.8932083, "source_file": "mumbai_green_spaces.kml", "source": "BMC / OpenCity Mumbai Public Gardens, Parks and Zoos dataset", "coordinate_valid": true }, "geometry": { "type": "Point", "coordinates": [ 72.8932083, 19.0406643 ] } },
{ "type": "Feature", "properties": { "green_space_id": "2266", "green_space_name": "L.S. Rokade Maidan, Near Municipal School CTS no.49 (pt.)", "address": null, "bmc_department": null, "ward_code_source": null, "twitter_handle": null, "website": null, "latitude": 19.0637724, "longitude": 72.8904057, "source_file": "mumbai_green_spaces.kml", "source": "BMC / OpenCity Mumbai Public Gardens, Parks and Zoos dataset", "coordinate_valid": true }, "geometry": { "type": "Point", "coordinates": [ 72.8904057, 19.0637724 ] } },
{ "type": "Feature", "properties": { "green_space_id": "2267", "green_space_name": "Shri. Nanak Bhojwani Udyan CTS no.27 (pt.)", "address": null, "bmc_department": null, "ward_code_source": null, "twitter_handle": null, "website": null, "latitude": 19.05459, "longitude": 72.8985, "source_file": "mumbai_green_spaces.kml", "source": "BMC / OpenCity Mumbai Public Gardens, Parks and Zoos dataset", "coordinate_valid": true }, "geometry": { "type": "Point", "coordinates": [ 72.8985, 19.05459 ] } },
{ "type": "Feature", "properties": { "green_space_id": "2268", "green_space_name": "Shri Ganesh Udyan", "address": null, "bmc_department": null, "ward_code_source": null, "twitter_handle": null, "website": null, "latitude": 19.0672611, "longitude": 72.8961071, "source_file": "mumbai_green_spaces.kml", "source": "BMC / OpenCity Mumbai Public Gardens, Parks and Zoos dataset", "coordinate_valid": true }, "geometry": { "type": "Point", "coordinates": [ 72.8961071, 19.0672611 ] } },
{ "type": "Feature", "properties": { "green_space_id": "2269", "green_space_name": "Playground Near Adarsha Vidyalaya, Sahakar Nagar, Chembur. CTS No.49 (pt.)", "address": null, "bmc_department": null, "ward_code_source": null, "twitter_handle": null, "website": null, "latitude": 19.062993, "longitude": 72.88961, "source_file": "mumbai_green_spaces.kml", "source": "BMC / OpenCity Mumbai Public Gardens, Parks and Zoos dataset", "coordinate_valid": true }, "geometry": { "type": "Point", "coordinates": [ 72.88961, 19.062993 ] } },
{ "type": "Feature", "properties": { "green_space_id": "2270", "green_space_name": "Playground Near Ghatla Municipal School, ChemburCTS no.586/3", "address": null, "bmc_department": null, "ward_code_source": null, "twitter_handle": null, "website": null, "latitude": 19.0523286, "longitude": 72.9075359, "source_file": "mumbai_green_spaces.kml", "source": "BMC / OpenCity Mumbai Public Gardens, Parks and Zoos dataset", "coordinate_valid": true }, "geometry": { "type": "Point", "coordinates": [ 72.9075359, 19.0523286 ] } },
{ "type": "Feature", "properties": { "green_space_id": "2271", "green_space_name": "Garden Plot at Mahul Village Road, Anik Village CTS NO.232/A/ 1/3, Anik", "address": null, "bmc_department": null, "ward_code_source": null, "twitter_handle": null, "website": null, "latitude": 19.0320261, "longitude": 72.8905917, "source_file": "mumbai_green_spaces.kml", "source": "BMC / OpenCity Mumbai Public Gardens, Parks and Zoos dataset", "coordinate_valid": true }, "geometry": { "type": "Point", "coordinates": [ 72.8905917, 19.0320261 ] } },
{ "type": "Feature", "properties": { "green_space_id": "2272", "green_space_name": "C.T.S. No. 356(pt),kannmawar nagr", "address": null, "bmc_department": null, "ward_code_source": null, "twitter_handle": null, "website": null, "latitude": 19.1162628, "longitude": 72.9380327, "source_file": "mumbai_green_spaces.kml", "source": "BMC / OpenCity Mumbai Public Gardens, Parks and Zoos dataset", "coordinate_valid": true }, "geometry": { "type": "Point", "coordinates": [ 72.9380327, 19.1162628 ] } },
{ "type": "Feature", "properties": { "green_space_id": "2273", "green_space_name": "C.T.S. No. 340", "address": null, "bmc_department": null, "ward_code_source": null, "twitter_handle": null, "website": null, "latitude": 19.1171103, "longitude": 72.9331362, "source_file": "mumbai_green_spaces.kml", "source": "BMC / OpenCity Mumbai Public Gardens, Parks and Zoos dataset", "coordinate_valid": true }, "geometry": { "type": "Point", "coordinates": [ 72.9331362, 19.1171103 ] } },
{ "type": "Feature", "properties": { "green_space_id": "2274", "green_space_name": "C.T.S. No. 356(pt),kannmawar nagr", "address": null, "bmc_department": null, "ward_code_source": null, "twitter_handle": null, "website": null, "latitude": 19.1180291, "longitude": 72.9385022, "source_file": "mumbai_green_spaces.kml", "source": "BMC / OpenCity Mumbai Public Gardens, Parks and Zoos dataset", "coordinate_valid": true }, "geometry": { "type": "Point", "coordinates": [ 72.9385022, 19.1180291 ] } },
{ "type": "Feature", "properties": { "green_space_id": "2275", "green_space_name": "C.T.S. No. 356(pt),kannmawar nagr", "address": null, "bmc_department": null, "ward_code_source": null, "twitter_handle": null, "website": null, "latitude": 19.1150549, "longitude": 72.9404812, "source_file": "mumbai_green_spaces.kml", "source": "BMC / OpenCity Mumbai Public Gardens, Parks and Zoos dataset", "coordinate_valid": true }, "geometry": { "type": "Point", "coordinates": [ 72.9404812, 19.1150549 ] } },
{ "type": "Feature", "properties": { "green_space_id": "2276", "green_space_name": "C.T.S. No. 356(pt),kannmawar nagr", "address": null, "bmc_department": null, "ward_code_source": null, "twitter_handle": null, "website": null, "latitude": 19.120904, "longitude": 72.9388052, "source_file": "mumbai_green_spaces.kml", "source": "BMC / OpenCity Mumbai Public Gardens, Parks and Zoos dataset", "coordinate_valid": true }, "geometry": { "type": "Point", "coordinates": [ 72.9388052, 19.120904 ] } },
{ "type": "Feature", "properties": { "green_space_id": "2277", "green_space_name": "C.T.S. No. 356(pt),kannmawar nagr", "address": null, "bmc_department": null, "ward_code_source": null, "twitter_handle": null, "website": null, "latitude": 19.1144546, "longitude": 72.9362459, "source_file": "mumbai_green_spaces.kml", "source": "BMC / OpenCity Mumbai Public Gardens, Parks and Zoos dataset", "coordinate_valid": true }, "geometry": { "type": "Point", "coordinates": [ 72.9362459, 19.1144546 ] } },
{ "type": "Feature", "properties": { "green_space_id": "2278", "green_space_name": "C.T.S. No. 150(pt)", "address": null, "bmc_department": null, "ward_code_source": null, "twitter_handle": null, "website": null, "latitude": 19.1212514, "longitude": 72.9313716, "source_file": "mumbai_green_spaces.kml", "source": "BMC / OpenCity Mumbai Public Gardens, Parks and Zoos dataset", "coordinate_valid": true }, "geometry": { "type": "Point", "coordinates": [ 72.9313716, 19.1212514 ] } },
{ "type": "Feature", "properties": { "green_space_id": "2279", "green_space_name": "C.T.S. No. 350(pt)", "address": null, "bmc_department": null, "ward_code_source": null, "twitter_handle": null, "website": null, "latitude": 19.1141099, "longitude": 72.9311854, "source_file": "mumbai_green_spaces.kml", "source": "BMC / OpenCity Mumbai Public Gardens, Parks and Zoos dataset", "coordinate_valid": true }, "geometry": { "type": "Point", "coordinates": [ 72.9311854, 19.1141099 ] } },
{ "type": "Feature", "properties": { "green_space_id": "2280", "green_space_name": "C.T.S. No. 252c", "address": null, "bmc_department": null, "ward_code_source": null, "twitter_handle": null, "website": null, "latitude": 19.1118482, "longitude": 72.9297988, "source_file": "mumbai_green_spaces.kml", "source": "BMC / OpenCity Mumbai Public Gardens, Parks and Zoos dataset", "coordinate_valid": true }, "geometry": { "type": "Point", "coordinates": [ 72.9297988, 19.1118482 ] } },
{ "type": "Feature", "properties": { "green_space_id": "2281", "green_space_name": "CTS No-773(pt)", "address": null, "bmc_department": null, "ward_code_source": null, "twitter_handle": null, "website": null, "latitude": 19.1626, "longitude": 72.9389, "source_file": "mumbai_green_spaces.kml", "source": "BMC / OpenCity Mumbai Public Gardens, Parks and Zoos dataset", "coordinate_valid": true }, "geometry": { "type": "Point", "coordinates": [ 72.9389, 19.1626 ] } },
{ "type": "Feature", "properties": { "green_space_id": "2282", "green_space_name": "CTS No-547/a", "address": null, "bmc_department": null, "ward_code_source": null, "twitter_handle": null, "website": null, "latitude": 19.1623545, "longitude": 72.9378837, "source_file": "mumbai_green_spaces.kml", "source": "BMC / OpenCity Mumbai Public Gardens, Parks and Zoos dataset", "coordinate_valid": true }, "geometry": { "type": "Point", "coordinates": [ 72.9378837, 19.1623545 ] } },
{ "type": "Feature", "properties": { "green_space_id": "2283", "green_space_name": "CTS No-411/f", "address": null, "bmc_department": null, "ward_code_source": null, "twitter_handle": null, "website": null, "latitude": 19.1517048, "longitude": 72.9404192, "source_file": "mumbai_green_spaces.kml", "source": "BMC / OpenCity Mumbai Public Gardens, Parks and Zoos dataset", "coordinate_valid": true }, "geometry": { "type": "Point", "coordinates": [ 72.9404192, 19.1517048 ] } },
{ "type": "Feature", "properties": { "green_space_id": "2284", "green_space_name": "CTS No-373/A,36/B", "address": null, "bmc_department": null, "ward_code_source": null, "twitter_handle": null, "website": null, "latitude": 19.145507, "longitude": 72.929343, "source_file": "mumbai_green_spaces.kml", "source": "BMC / OpenCity Mumbai Public Gardens, Parks and Zoos dataset", "coordinate_valid": true }, "geometry": { "type": "Point", "coordinates": [ 72.929343, 19.145507 ] } },
{ "type": "Feature", "properties": { "green_space_id": "2285", "green_space_name": "CTS No.373/A,37/B", "address": null, "bmc_department": null, "ward_code_source": null, "twitter_handle": null, "website": null, "latitude": 19.1460841, "longitude": 72.9301072, "source_file": "mumbai_green_spaces.kml", "source": "BMC / OpenCity Mumbai Public Gardens, Parks and Zoos dataset", "coordinate_valid": true }, "geometry": { "type": "Point", "coordinates": [ 72.9301072, 19.1460841 ] } },
{ "type": "Feature", "properties": { "green_space_id": "2286", "green_space_name": "CTS No.373/A,36B/A", "address": null, "bmc_department": null, "ward_code_source": null, "twitter_handle": null, "website": null, "latitude": 19.1457107, "longitude": 72.9299817, "source_file": "mumbai_green_spaces.kml", "source": "BMC / OpenCity Mumbai Public Gardens, Parks and Zoos dataset", "coordinate_valid": true }, "geometry": { "type": "Point", "coordinates": [ 72.9299817, 19.1457107 ] } },
{ "type": "Feature", "properties": { "green_space_id": "2287", "green_space_name": "Adishakti Shree Ekveeramata Kridangan.", "address": null, "bmc_department": null, "ward_code_source": null, "twitter_handle": null, "website": null, "latitude": 19.15121, "longitude": 72.94932, "source_file": "mumbai_green_spaces.kml", "source": "BMC / OpenCity Mumbai Public Gardens, Parks and Zoos dataset", "coordinate_valid": true }, "geometry": { "type": "Point", "coordinates": [ 72.94932, 19.15121 ] } },
{ "type": "Feature", "properties": { "green_space_id": "2288", "green_space_name": "CTS No.301/D", "address": null, "bmc_department": null, "ward_code_source": null, "twitter_handle": null, "website": null, "latitude": 19.1575943, "longitude": 72.9414599, "source_file": "mumbai_green_spaces.kml", "source": "BMC / OpenCity Mumbai Public Gardens, Parks and Zoos dataset", "coordinate_valid": true }, "geometry": { "type": "Point", "coordinates": [ 72.9414599, 19.1575943 ] } },
{ "type": "Feature", "properties": { "green_space_id": "2289", "green_space_name": "CTS No.993", "address": null, "bmc_department": null, "ward_code_source": null, "twitter_handle": null, "website": null, "latitude": 19.1520353, "longitude": 72.9348813, "source_file": "mumbai_green_spaces.kml", "source": "BMC / OpenCity Mumbai Public Gardens, Parks and Zoos dataset", "coordinate_valid": true }, "geometry": { "type": "Point", "coordinates": [ 72.9348813, 19.1520353 ] } },
{ "type": "Feature", "properties": { "green_space_id": "2290", "green_space_name": "Sahid Jaywant Hanumant Patil R.G.", "address": null, "bmc_department": null, "ward_code_source": null, "twitter_handle": null, "website": null, "latitude": 19.1353277, "longitude": 72.9293316, "source_file": "mumbai_green_spaces.kml", "source": "BMC / OpenCity Mumbai Public Gardens, Parks and Zoos dataset", "coordinate_valid": true }, "geometry": { "type": "Point", "coordinates": [ 72.9293316, 19.1353277 ] } },
{ "type": "Feature", "properties": { "green_space_id": "2291", "green_space_name": "CTS No.339A/2, 339A/3", "address": null, "bmc_department": null, "ward_code_source": null, "twitter_handle": null, "website": null, "latitude": 19.1581589, "longitude": 72.9451542, "source_file": "mumbai_green_spaces.kml", "source": "BMC / OpenCity Mumbai Public Gardens, Parks and Zoos dataset", "coordinate_valid": true }, "geometry": { "type": "Point", "coordinates": [ 72.9451542, 19.1581589 ] } },
{ "type": "Feature", "properties": { "green_space_id": "2292", "green_space_name": "CTS No-654/C,642/1,426/E", "address": null, "bmc_department": null, "ward_code_source": null, "twitter_handle": null, "website": null, "latitude": 19.14392, "longitude": 72.9391, "source_file": "mumbai_green_spaces.kml", "source": "BMC / OpenCity Mumbai Public Gardens, Parks and Zoos dataset", "coordinate_valid": true }, "geometry": { "type": "Point", "coordinates": [ 72.9391, 19.14392 ] } },
{ "type": "Feature", "properties": { "green_space_id": "2293", "green_space_name": "CTS No.419/A/1/3,", "address": null, "bmc_department": null, "ward_code_source": null, "twitter_handle": null, "website": null, "latitude": 19.1499558, "longitude": 72.9393847, "source_file": "mumbai_green_spaces.kml", "source": "BMC / OpenCity Mumbai Public Gardens, Parks and Zoos dataset", "coordinate_valid": true }, "geometry": { "type": "Point", "coordinates": [ 72.9393847, 19.1499558 ] } },
{ "type": "Feature", "properties": { "green_space_id": "2294", "green_space_name": "CTS No-403/B/4", "address": null, "bmc_department": null, "ward_code_source": null, "twitter_handle": null, "website": null, "latitude": 19.1510581, "longitude": 72.9403852, "source_file": "mumbai_green_spaces.kml", "source": "BMC / OpenCity Mumbai Public Gardens, Parks and Zoos dataset", "coordinate_valid": true }, "geometry": { "type": "Point", "coordinates": [ 72.9403852, 19.1510581 ] } },
{ "type": "Feature", "properties": { "green_space_id": "2295", "green_space_name": "CTS No.607/C/2", "address": null, "bmc_department": null, "ward_code_source": null, "twitter_handle": null, "website": null, "latitude": 19.1366295, "longitude": 72.9298, "source_file": "mumbai_green_spaces.kml", "source": "BMC / OpenCity Mumbai Public Gardens, Parks and Zoos dataset", "coordinate_valid": true }, "geometry": { "type": "Point", "coordinates": [ 72.9298, 19.1366295 ] } },
{ "type": "Feature", "properties": { "green_space_id": "2296", "green_space_name": "CTS No-617/B/3", "address": null, "bmc_department": null, "ward_code_source": null, "twitter_handle": null, "website": null, "latitude": 19.140985, "longitude": 72.9336882, "source_file": "mumbai_green_spaces.kml", "source": "BMC / OpenCity Mumbai Public Gardens, Parks and Zoos dataset", "coordinate_valid": true }, "geometry": { "type": "Point", "coordinates": [ 72.9336882, 19.140985 ] } },
{ "type": "Feature", "properties": { "green_space_id": "2297", "green_space_name": "CTS No.198,198/1 to 18", "address": null, "bmc_department": null, "ward_code_source": null, "twitter_handle": null, "website": null, "latitude": 19.1535865, "longitude": 72.9340448, "source_file": "mumbai_green_spaces.kml", "source": "BMC / OpenCity Mumbai Public Gardens, Parks and Zoos dataset", "coordinate_valid": true }, "geometry": { "type": "Point", "coordinates": [ 72.9340448, 19.1535865 ] } },
{ "type": "Feature", "properties": { "green_space_id": "2298", "green_space_name": "Prabodhankar Thakare Manoranjan Maidan", "address": null, "bmc_department": null, "ward_code_source": null, "twitter_handle": null, "website": null, "latitude": 19.1087028, "longitude": 72.9170193, "source_file": "mumbai_green_spaces.kml", "source": "BMC / OpenCity Mumbai Public Gardens, Parks and Zoos dataset", "coordinate_valid": true }, "geometry": { "type": "Point", "coordinates": [ 72.9170193, 19.1087028 ] } },
{ "type": "Feature", "properties": { "green_space_id": "2299", "green_space_name": "CTS no 581/F,588/A,589/A,590/4, 591,592A(pt),594A(pt),597", "address": null, "bmc_department": null, "ward_code_source": null, "twitter_handle": null, "website": null, "latitude": 19.2515368, "longitude": 72.8475609, "source_file": "mumbai_green_spaces.kml", "source": "BMC / OpenCity Mumbai Public Gardens, Parks and Zoos dataset", "coordinate_valid": true }, "geometry": { "type": "Point", "coordinates": [ 72.8475609, 19.2515368 ] } },
{ "type": "Feature", "properties": { "green_space_id": "2300", "green_space_name": "Jari mari garden", "address": null, "bmc_department": null, "ward_code_source": null, "twitter_handle": null, "website": null, "latitude": 19.2542386, "longitude": 72.8648059, "source_file": "mumbai_green_spaces.kml", "source": "BMC / OpenCity Mumbai Public Gardens, Parks and Zoos dataset", "coordinate_valid": true }, "geometry": { "type": "Point", "coordinates": [ 72.8648059, 19.2542386 ] } },
{ "type": "Feature", "properties": { "green_space_id": "2301", "green_space_name": "Sane Guruji garden", "address": null, "bmc_department": null, "ward_code_source": null, "twitter_handle": null, "website": null, "latitude": 19.254827, "longitude": 72.856965, "source_file": "mumbai_green_spaces.kml", "source": "BMC / OpenCity Mumbai Public Gardens, Parks and Zoos dataset", "coordinate_valid": true }, "geometry": { "type": "Point", "coordinates": [ 72.856965, 19.254827 ] } },
{ "type": "Feature", "properties": { "green_space_id": "2302", "green_space_name": "CTS No. 535/A/3/4", "address": null, "bmc_department": null, "ward_code_source": null, "twitter_handle": null, "website": null, "latitude": 19.2515066, "longitude": 72.8482185, "source_file": "mumbai_green_spaces.kml", "source": "BMC / OpenCity Mumbai Public Gardens, Parks and Zoos dataset", "coordinate_valid": true }, "geometry": { "type": "Point", "coordinates": [ 72.8482185, 19.2515066 ] } },
{ "type": "Feature", "properties": { "green_space_id": "2303", "green_space_name": "CTS No.1246", "address": null, "bmc_department": null, "ward_code_source": null, "twitter_handle": null, "website": null, "latitude": 19.245114, "longitude": 72.846513, "source_file": "mumbai_green_spaces.kml", "source": "BMC / OpenCity Mumbai Public Gardens, Parks and Zoos dataset", "coordinate_valid": true }, "geometry": { "type": "Point", "coordinates": [ 72.846513, 19.245114 ] } },
{ "type": "Feature", "properties": { "green_space_id": "2304", "green_space_name": "CTS No. 2758/A/2, 2758/A/3", "address": null, "bmc_department": null, "ward_code_source": null, "twitter_handle": null, "website": null, "latitude": 19.24782, "longitude": 72.86939, "source_file": "mumbai_green_spaces.kml", "source": "BMC / OpenCity Mumbai Public Gardens, Parks and Zoos dataset", "coordinate_valid": true }, "geometry": { "type": "Point", "coordinates": [ 72.86939, 19.24782 ] } },
{ "type": "Feature", "properties": { "green_space_id": "2305", "green_space_name": "CTS No.889", "address": null, "bmc_department": null, "ward_code_source": null, "twitter_handle": null, "website": null, "latitude": 19.2508903, "longitude": 72.8513152, "source_file": "mumbai_green_spaces.kml", "source": "BMC / OpenCity Mumbai Public Gardens, Parks and Zoos dataset", "coordinate_valid": true }, "geometry": { "type": "Point", "coordinates": [ 72.8513152, 19.2508903 ] } },
{ "type": "Feature", "properties": { "green_space_id": "2306", "green_space_name": "Dahisar cemetary", "address": null, "bmc_department": null, "ward_code_source": null, "twitter_handle": null, "website": null, "latitude": 19.26093, "longitude": 72.85535, "source_file": "mumbai_green_spaces.kml", "source": "BMC / OpenCity Mumbai Public Gardens, Parks and Zoos dataset", "coordinate_valid": true }, "geometry": { "type": "Point", "coordinates": [ 72.85535, 19.26093 ] } },
{ "type": "Feature", "properties": { "green_space_id": "2307", "green_space_name": "Hutatma Babu Genu Maidan,", "address": null, "bmc_department": null, "ward_code_source": null, "twitter_handle": null, "website": null, "latitude": 19.0970424, "longitude": 72.9107439, "source_file": "mumbai_green_spaces.kml", "source": "BMC / OpenCity Mumbai Public Gardens, Parks and Zoos dataset", "coordinate_valid": true }, "geometry": { "type": "Point", "coordinates": [ 72.9107439, 19.0970424 ] } },
{ "type": "Feature", "properties": { "green_space_id": "2308", "green_space_name": "Chhatrapati Shivaji Maharaj Maidan,", "address": null, "bmc_department": null, "ward_code_source": null, "twitter_handle": null, "website": null, "latitude": 19.10304, "longitude": 72.9177, "source_file": "mumbai_green_spaces.kml", "source": "BMC / OpenCity Mumbai Public Gardens, Parks and Zoos dataset", "coordinate_valid": true }, "geometry": { "type": "Point", "coordinates": [ 72.9177, 19.10304 ] } },
{ "type": "Feature", "properties": { "green_space_id": "2309", "green_space_name": "Jai Maharashtra Ganesh Maidan,", "address": null, "bmc_department": null, "ward_code_source": null, "twitter_handle": null, "website": null, "latitude": 19.0888, "longitude": 72.90054, "source_file": "mumbai_green_spaces.kml", "source": "BMC / OpenCity Mumbai Public Gardens, Parks and Zoos dataset", "coordinate_valid": true }, "geometry": { "type": "Point", "coordinates": [ 72.90054, 19.0888 ] } },
{ "type": "Feature", "properties": { "green_space_id": "2310", "green_space_name": "MTNL Play Ground plot,", "address": null, "bmc_department": null, "ward_code_source": null, "twitter_handle": null, "website": null, "latitude": 19.09202, "longitude": 72.91407, "source_file": "mumbai_green_spaces.kml", "source": "BMC / OpenCity Mumbai Public Gardens, Parks and Zoos dataset", "coordinate_valid": true }, "geometry": { "type": "Point", "coordinates": [ 72.91407, 19.09202 ] } },
{ "type": "Feature", "properties": { "green_space_id": "2311", "green_space_name": "Shirishkumar pai Maidan,", "address": null, "bmc_department": null, "ward_code_source": null, "twitter_handle": null, "website": null, "latitude": 19.097781, "longitude": 72.901955, "source_file": "mumbai_green_spaces.kml", "source": "BMC / OpenCity Mumbai Public Gardens, Parks and Zoos dataset", "coordinate_valid": true }, "geometry": { "type": "Point", "coordinates": [ 72.901955, 19.097781 ] } },
{ "type": "Feature", "properties": { "green_space_id": "2312", "green_space_name": "Chittaranjan Kridangan", "address": null, "bmc_department": null, "ward_code_source": null, "twitter_handle": null, "website": null, "latitude": 19.0796004, "longitude": 72.899447, "source_file": "mumbai_green_spaces.kml", "source": "BMC / OpenCity Mumbai Public Gardens, Parks and Zoos dataset", "coordinate_valid": true }, "geometry": { "type": "Point", "coordinates": [ 72.899447, 19.0796004 ] } },
{ "type": "Feature", "properties": { "green_space_id": "2313", "green_space_name": "Play Ground plot at Laxmi Baugh Ghatkopar (E)", "address": null, "bmc_department": null, "ward_code_source": null, "twitter_handle": null, "website": null, "latitude": 19.0933383, "longitude": 72.9182354, "source_file": "mumbai_green_spaces.kml", "source": "BMC / OpenCity Mumbai Public Gardens, Parks and Zoos dataset", "coordinate_valid": true }, "geometry": { "type": "Point", "coordinates": [ 72.9182354, 19.0933383 ] } },
{ "type": "Feature", "properties": { "green_space_id": "2314", "green_space_name": "Maharashtra Bhushan Ti. Dr. Nanasaheb Dharmadhikari Kridangan", "address": null, "bmc_department": null, "ward_code_source": null, "twitter_handle": null, "website": null, "latitude": 19.0966112, "longitude": 72.9028097, "source_file": "mumbai_green_spaces.kml", "source": "BMC / OpenCity Mumbai Public Gardens, Parks and Zoos dataset", "coordinate_valid": true }, "geometry": { "type": "Point", "coordinates": [ 72.9028097, 19.0966112 ] } },
{ "type": "Feature", "properties": { "green_space_id": "2315", "green_space_name": "Pankheshah Baba Recreation Ground,", "address": null, "bmc_department": null, "ward_code_source": null, "twitter_handle": null, "website": null, "latitude": 19.0958397, "longitude": 72.9160287, "source_file": "mumbai_green_spaces.kml", "source": "BMC / OpenCity Mumbai Public Gardens, Parks and Zoos dataset", "coordinate_valid": true }, "geometry": { "type": "Point", "coordinates": [ 72.9160287, 19.0958397 ] } },
{ "type": "Feature", "properties": { "green_space_id": "2316", "green_space_name": "Subhedar Ramji Maloji Ambedkar Udyan,", "address": null, "bmc_department": null, "ward_code_source": null, "twitter_handle": null, "website": null, "latitude": 19.1025641, "longitude": 72.9184065, "source_file": "mumbai_green_spaces.kml", "source": "BMC / OpenCity Mumbai Public Gardens, Parks and Zoos dataset", "coordinate_valid": true }, "geometry": { "type": "Point", "coordinates": [ 72.9184065, 19.1025641 ] } },
{ "type": "Feature", "properties": { "green_space_id": "2317", "green_space_name": "Meenatai Thakre Udyan,", "address": null, "bmc_department": null, "ward_code_source": null, "twitter_handle": null, "website": null, "latitude": 19.0985161, "longitude": 72.9172597, "source_file": "mumbai_green_spaces.kml", "source": "BMC / OpenCity Mumbai Public Gardens, Parks and Zoos dataset", "coordinate_valid": true }, "geometry": { "type": "Point", "coordinates": [ 72.9172597, 19.0985161 ] } },
{ "type": "Feature", "properties": { "green_space_id": "2318", "green_space_name": "Krantiveer Shyamji Krushna Varma Udyan,", "address": null, "bmc_department": null, "ward_code_source": null, "twitter_handle": null, "website": null, "latitude": 19.088926, "longitude": 72.896826, "source_file": "mumbai_green_spaces.kml", "source": "BMC / OpenCity Mumbai Public Gardens, Parks and Zoos dataset", "coordinate_valid": true }, "geometry": { "type": "Point", "coordinates": [ 72.896826, 19.088926 ] } },
{ "type": "Feature", "properties": { "green_space_id": "2319", "green_space_name": "New Maneklal Maidan,", "address": null, "bmc_department": null, "ward_code_source": null, "twitter_handle": null, "website": null, "latitude": 19.0893767, "longitude": 72.9017373, "source_file": "mumbai_green_spaces.kml", "source": "BMC / OpenCity Mumbai Public Gardens, Parks and Zoos dataset", "coordinate_valid": true }, "geometry": { "type": "Point", "coordinates": [ 72.9017373, 19.0893767 ] } },
{ "type": "Feature", "properties": { "green_space_id": "2320", "green_space_name": "R.G.Plot,Nr Mac Lab Kirol gaon", "address": null, "bmc_department": null, "ward_code_source": null, "twitter_handle": null, "website": null, "latitude": 19.080306, "longitude": 72.897177, "source_file": "mumbai_green_spaces.kml", "source": "BMC / OpenCity Mumbai Public Gardens, Parks and Zoos dataset", "coordinate_valid": true }, "geometry": { "type": "Point", "coordinates": [ 72.897177, 19.080306 ] } },
{ "type": "Feature", "properties": { "green_space_id": "2321", "green_space_name": "R.G.Plot,Nr. Godrej & Boise Ltd.", "address": null, "bmc_department": null, "ward_code_source": null, "twitter_handle": null, "website": null, "latitude": 19.103659, "longitude": 72.92831, "source_file": "mumbai_green_spaces.kml", "source": "BMC / OpenCity Mumbai Public Gardens, Parks and Zoos dataset", "coordinate_valid": true }, "geometry": { "type": "Point", "coordinates": [ 72.92831, 19.103659 ] } },
{ "type": "Feature", "properties": { "green_space_id": "2322", "green_space_name": "R.G. at Park site Vikhroli (W), 1/10", "address": null, "bmc_department": null, "ward_code_source": null, "twitter_handle": null, "website": null, "latitude": 19.1097154, "longitude": 72.9180052, "source_file": "mumbai_green_spaces.kml", "source": "BMC / OpenCity Mumbai Public Gardens, Parks and Zoos dataset", "coordinate_valid": true }, "geometry": { "type": "Point", "coordinates": [ 72.9180052, 19.1097154 ] } },
{ "type": "Feature", "properties": { "green_space_id": "2323", "green_space_name": "Munisuvrat Udyan,Navroji Hill Road, Ghatkopar(W)", "address": null, "bmc_department": null, "ward_code_source": null, "twitter_handle": null, "website": null, "latitude": 19.085078, "longitude": 72.90407, "source_file": "mumbai_green_spaces.kml", "source": "BMC / OpenCity Mumbai Public Gardens, Parks and Zoos dataset", "coordinate_valid": true }, "geometry": { "type": "Point", "coordinates": [ 72.90407, 19.085078 ] } },
{ "type": "Feature", "properties": { "green_space_id": "2324", "green_space_name": "Clover Recreation Ground,", "address": null, "bmc_department": null, "ward_code_source": null, "twitter_handle": null, "website": null, "latitude": 19.080766, "longitude": 72.902095, "source_file": "mumbai_green_spaces.kml", "source": "BMC / OpenCity Mumbai Public Gardens, Parks and Zoos dataset", "coordinate_valid": true }, "geometry": { "type": "Point", "coordinates": [ 72.902095, 19.080766 ] } },
{ "type": "Feature", "properties": { "green_space_id": "2325", "green_space_name": "R.G. Plot nr Mahendra & mahendra Park Building,", "address": null, "bmc_department": null, "ward_code_source": null, "twitter_handle": null, "website": null, "latitude": 19.0893571, "longitude": 72.8968397, "source_file": "mumbai_green_spaces.kml", "source": "BMC / OpenCity Mumbai Public Gardens, Parks and Zoos dataset", "coordinate_valid": true }, "geometry": { "type": "Point", "coordinates": [ 72.8968397, 19.0893571 ] } },
{ "type": "Feature", "properties": { "green_space_id": "2326", "green_space_name": "R.G. plot bearing CTS No. 50B,", "address": null, "bmc_department": null, "ward_code_source": null, "twitter_handle": null, "website": null, "latitude": 19.0981342, "longitude": 72.918805, "source_file": "mumbai_green_spaces.kml", "source": "BMC / OpenCity Mumbai Public Gardens, Parks and Zoos dataset", "coordinate_valid": true }, "geometry": { "type": "Point", "coordinates": [ 72.918805, 19.0981342 ] } },
{ "type": "Feature", "properties": { "green_space_id": "2327", "green_space_name": "Pramod Mahajan Van Udyan", "address": null, "bmc_department": null, "ward_code_source": null, "twitter_handle": null, "website": null, "latitude": 19.14189, "longitude": 72.9083, "source_file": "mumbai_green_spaces.kml", "source": "BMC / OpenCity Mumbai Public Gardens, Parks and Zoos dataset", "coordinate_valid": true }, "geometry": { "type": "Point", "coordinates": [ 72.9083, 19.14189 ] } },
{ "type": "Feature", "properties": { "green_space_id": "2328", "green_space_name": "Chhatrapati Shivaji Maharaj Udyan", "address": null, "bmc_department": null, "ward_code_source": null, "twitter_handle": null, "website": null, "latitude": 19.122835, "longitude": 72.9122246, "source_file": "mumbai_green_spaces.kml", "source": "BMC / OpenCity Mumbai Public Gardens, Parks and Zoos dataset", "coordinate_valid": true }, "geometry": { "type": "Point", "coordinates": [ 72.9122246, 19.122835 ] } },
{ "type": "Feature", "properties": { "green_space_id": "2329", "green_space_name": "George Fernandes Rock Garden", "address": null, "bmc_department": null, "ward_code_source": null, "twitter_handle": null, "website": null, "latitude": 19.1151301, "longitude": 72.9050233, "source_file": "mumbai_green_spaces.kml", "source": "BMC / OpenCity Mumbai Public Gardens, Parks and Zoos dataset", "coordinate_valid": true }, "geometry": { "type": "Point", "coordinates": [ 72.9050233, 19.1151301 ] } },
{ "type": "Feature", "properties": { "green_space_id": "2330", "green_space_name": "C.T.S. No. 2A/4D", "address": null, "bmc_department": null, "ward_code_source": null, "twitter_handle": null, "website": null, "latitude": 19.1052466, "longitude": 72.9174681, "source_file": "mumbai_green_spaces.kml", "source": "BMC / OpenCity Mumbai Public Gardens, Parks and Zoos dataset", "coordinate_valid": true }, "geometry": { "type": "Point", "coordinates": [ 72.9174681, 19.1052466 ] } },
{ "type": "Feature", "properties": { "green_space_id": "2331", "green_space_name": "C.T.S. No. 13/D, Powai", "address": null, "bmc_department": null, "ward_code_source": null, "twitter_handle": null, "website": null, "latitude": 19.1164731, "longitude": 72.9076811, "source_file": "mumbai_green_spaces.kml", "source": "BMC / OpenCity Mumbai Public Gardens, Parks and Zoos dataset", "coordinate_valid": true }, "geometry": { "type": "Point", "coordinates": [ 72.9076811, 19.1164731 ] } },
{ "type": "Feature", "properties": { "green_space_id": "2332", "green_space_name": "C.T.S. No. 22/2, Powai", "address": null, "bmc_department": null, "ward_code_source": null, "twitter_handle": null, "website": null, "latitude": 19.1135007, "longitude": 72.9088011, "source_file": "mumbai_green_spaces.kml", "source": "BMC / OpenCity Mumbai Public Gardens, Parks and Zoos dataset", "coordinate_valid": true }, "geometry": { "type": "Point", "coordinates": [ 72.9088011, 19.1135007 ] } },
{ "type": "Feature", "properties": { "green_space_id": "2333", "green_space_name": "Sahakar Maharshi Baburao Paranjape Udyan", "address": null, "bmc_department": null, "ward_code_source": null, "twitter_handle": null, "website": null, "latitude": 19.13591, "longitude": 72.9345, "source_file": "mumbai_green_spaces.kml", "source": "BMC / OpenCity Mumbai Public Gardens, Parks and Zoos dataset", "coordinate_valid": true }, "geometry": { "type": "Point", "coordinates": [ 72.9345, 19.13591 ] } },
{ "type": "Feature", "properties": { "green_space_id": "2334", "green_space_name": "C.T.S. No. 15/F, Powai", "address": null, "bmc_department": null, "ward_code_source": null, "twitter_handle": null, "website": null, "latitude": 19.114821, "longitude": 72.9089774, "source_file": "mumbai_green_spaces.kml", "source": "BMC / OpenCity Mumbai Public Gardens, Parks and Zoos dataset", "coordinate_valid": true }, "geometry": { "type": "Point", "coordinates": [ 72.9089774, 19.114821 ] } },
{ "type": "Feature", "properties": { "green_space_id": "2335", "green_space_name": "C.T.S. No. 356(pt),kannmawar nagr", "address": null, "bmc_department": null, "ward_code_source": null, "twitter_handle": null, "website": null, "latitude": 19.1162797, "longitude": 72.9336, "source_file": "mumbai_green_spaces.kml", "source": "BMC / OpenCity Mumbai Public Gardens, Parks and Zoos dataset", "coordinate_valid": true }, "geometry": { "type": "Point", "coordinates": [ 72.9336, 19.1162797 ] } },
{ "type": "Feature", "properties": { "green_space_id": "2336", "green_space_name": "C.T.S. No. 356(pt),kannmawar nagr", "address": null, "bmc_department": null, "ward_code_source": null, "twitter_handle": null, "website": null, "latitude": 19.1196943, "longitude": 72.9372347, "source_file": "mumbai_green_spaces.kml", "source": "BMC / OpenCity Mumbai Public Gardens, Parks and Zoos dataset", "coordinate_valid": true }, "geometry": { "type": "Point", "coordinates": [ 72.9372347, 19.1196943 ] } },
{ "type": "Feature", "properties": { "green_space_id": "2337", "green_space_name": "C.T.S. No. 356(pt),kannmawar nagr", "address": null, "bmc_department": null, "ward_code_source": null, "twitter_handle": null, "website": null, "latitude": 19.1111192, "longitude": 72.9340011, "source_file": "mumbai_green_spaces.kml", "source": "BMC / OpenCity Mumbai Public Gardens, Parks and Zoos dataset", "coordinate_valid": true }, "geometry": { "type": "Point", "coordinates": [ 72.9340011, 19.1111192 ] } },
{ "type": "Feature", "properties": { "green_space_id": "2338", "green_space_name": "C.T.S. No. 356(pt),kannmawar nagr", "address": null, "bmc_department": null, "ward_code_source": null, "twitter_handle": null, "website": null, "latitude": 19.1158647, "longitude": 72.8863492, "source_file": "mumbai_green_spaces.kml", "source": "BMC / OpenCity Mumbai Public Gardens, Parks and Zoos dataset", "coordinate_valid": true }, "geometry": { "type": "Point", "coordinates": [ 72.8863492, 19.1158647 ] } },
{ "type": "Feature", "properties": { "green_space_id": "2339", "green_space_name": "C.T.S. No. 356(pt),kannmawar nagr", "address": null, "bmc_department": null, "ward_code_source": null, "twitter_handle": null, "website": null, "latitude": 19.1217374, "longitude": 72.9405057, "source_file": "mumbai_green_spaces.kml", "source": "BMC / OpenCity Mumbai Public Gardens, Parks and Zoos dataset", "coordinate_valid": true }, "geometry": { "type": "Point", "coordinates": [ 72.9405057, 19.1217374 ] } },
{ "type": "Feature", "properties": { "green_space_id": "2340", "green_space_name": "CTS No-350(pt)", "address": null, "bmc_department": null, "ward_code_source": null, "twitter_handle": null, "website": null, "latitude": 19.1130652, "longitude": 72.9333913, "source_file": "mumbai_green_spaces.kml", "source": "BMC / OpenCity Mumbai Public Gardens, Parks and Zoos dataset", "coordinate_valid": true }, "geometry": { "type": "Point", "coordinates": [ 72.9333913, 19.1130652 ] } },
{ "type": "Feature", "properties": { "green_space_id": "2341", "green_space_name": "CTS No-339", "address": null, "bmc_department": null, "ward_code_source": null, "twitter_handle": null, "website": null, "latitude": 19.1179095, "longitude": 72.9346701, "source_file": "mumbai_green_spaces.kml", "source": "BMC / OpenCity Mumbai Public Gardens, Parks and Zoos dataset", "coordinate_valid": true }, "geometry": { "type": "Point", "coordinates": [ 72.9346701, 19.1179095 ] } },
{ "type": "Feature", "properties": { "green_space_id": "2342", "green_space_name": "CTS No-125/121(pt)", "address": null, "bmc_department": null, "ward_code_source": null, "twitter_handle": null, "website": null, "latitude": 19.1234606, "longitude": 72.9292376, "source_file": "mumbai_green_spaces.kml", "source": "BMC / OpenCity Mumbai Public Gardens, Parks and Zoos dataset", "coordinate_valid": true }, "geometry": { "type": "Point", "coordinates": [ 72.9292376, 19.1234606 ] } },
{ "type": "Feature", "properties": { "green_space_id": "2343", "green_space_name": "CTS No-160", "address": null, "bmc_department": null, "ward_code_source": null, "twitter_handle": null, "website": null, "latitude": 19.118525, "longitude": 72.9312968, "source_file": "mumbai_green_spaces.kml", "source": "BMC / OpenCity Mumbai Public Gardens, Parks and Zoos dataset", "coordinate_valid": true }, "geometry": { "type": "Point", "coordinates": [ 72.9312968, 19.118525 ] } },
{ "type": "Feature", "properties": { "green_space_id": "2344", "green_space_name": "CTS No-3926", "address": null, "bmc_department": null, "ward_code_source": null, "twitter_handle": null, "website": null, "latitude": 19.120208, "longitude": 72.9345425, "source_file": "mumbai_green_spaces.kml", "source": "BMC / OpenCity Mumbai Public Gardens, Parks and Zoos dataset", "coordinate_valid": true }, "geometry": { "type": "Point", "coordinates": [ 72.9345425, 19.120208 ] } },
{ "type": "Feature", "properties": { "green_space_id": "2345", "green_space_name": "CTS NO 281", "address": null, "bmc_department": null, "ward_code_source": null, "twitter_handle": null, "website": null, "latitude": 19.1146176, "longitude": 72.9325634, "source_file": "mumbai_green_spaces.kml", "source": "BMC / OpenCity Mumbai Public Gardens, Parks and Zoos dataset", "coordinate_valid": true }, "geometry": { "type": "Point", "coordinates": [ 72.9325634, 19.1146176 ] } },
{ "type": "Feature", "properties": { "green_space_id": "2346", "green_space_name": "CTS No-458(pt)", "address": null, "bmc_department": null, "ward_code_source": null, "twitter_handle": null, "website": null, "latitude": 19.151237, "longitude": 72.9372846, "source_file": "mumbai_green_spaces.kml", "source": "BMC / OpenCity Mumbai Public Gardens, Parks and Zoos dataset", "coordinate_valid": true }, "geometry": { "type": "Point", "coordinates": [ 72.9372846, 19.151237 ] } },
{ "type": "Feature", "properties": { "green_space_id": "2347", "green_space_name": "CTS NO -4c", "address": null, "bmc_department": null, "ward_code_source": null, "twitter_handle": null, "website": null, "latitude": 19.1198718, "longitude": 72.9382059, "source_file": "mumbai_green_spaces.kml", "source": "BMC / OpenCity Mumbai Public Gardens, Parks and Zoos dataset", "coordinate_valid": true }, "geometry": { "type": "Point", "coordinates": [ 72.9382059, 19.1198718 ] } },
{ "type": "Feature", "properties": { "green_space_id": "2348", "green_space_name": "Pandit Dindayal Upadhyay Udyan", "address": null, "bmc_department": null, "ward_code_source": null, "twitter_handle": null, "website": null, "latitude": 19.1194571, "longitude": 72.9066789, "source_file": "mumbai_green_spaces.kml", "source": "BMC / OpenCity Mumbai Public Gardens, Parks and Zoos dataset", "coordinate_valid": true }, "geometry": { "type": "Point", "coordinates": [ 72.9066789, 19.1194571 ] } },
{ "type": "Feature", "properties": { "green_space_id": "2349", "green_space_name": "C.T.S. No. 2A/4B, Vikhroli (W)", "address": null, "bmc_department": null, "ward_code_source": null, "twitter_handle": null, "website": null, "latitude": 19.1061354, "longitude": 72.917684, "source_file": "mumbai_green_spaces.kml", "source": "BMC / OpenCity Mumbai Public Gardens, Parks and Zoos dataset", "coordinate_valid": true }, "geometry": { "type": "Point", "coordinates": [ 72.917684, 19.1061354 ] } },
{ "type": "Feature", "properties": { "green_space_id": "2350", "green_space_name": "C.T.S. No. 13A/1/2, Powai", "address": null, "bmc_department": null, "ward_code_source": null, "twitter_handle": null, "website": null, "latitude": 19.1169543, "longitude": 72.9076781, "source_file": "mumbai_green_spaces.kml", "source": "BMC / OpenCity Mumbai Public Gardens, Parks and Zoos dataset", "coordinate_valid": true }, "geometry": { "type": "Point", "coordinates": [ 72.9076781, 19.1169543 ] } },
{ "type": "Feature", "properties": { "green_space_id": "2351", "green_space_name": "CTS No. 2853/C", "address": null, "bmc_department": null, "ward_code_source": null, "twitter_handle": null, "website": null, "latitude": 19.252286, "longitude": 72.871506, "source_file": "mumbai_green_spaces.kml", "source": "BMC / OpenCity Mumbai Public Gardens, Parks and Zoos dataset", "coordinate_valid": true }, "geometry": { "type": "Point", "coordinates": [ 72.871506, 19.252286 ] } },
{ "type": "Feature", "properties": { "green_space_id": "2352", "green_space_name": "Sports Complex Bhavdevi CTS No.140(Pt), 149(Pt), 150, 151(Pt), 171, 172, 173, 174, 175, 177, 178, 185 & 185/1, 186/A (pt) & 186/B (pt), 187, 187/1 To 4, 196, 2790, 88/f, 142, 144, 145, 146, 147, 148,1235/A", "address": null, "bmc_department": null, "ward_code_source": null, "twitter_handle": null, "website": null, "latitude": 19.24681, "longitude": 72.85577, "source_file": "mumbai_green_spaces.kml", "source": "BMC / OpenCity Mumbai Public Gardens, Parks and Zoos dataset", "coordinate_valid": true }, "geometry": { "type": "Point", "coordinates": [ 72.85577, 19.24681 ] } },
{ "type": "Feature", "properties": { "green_space_id": "2353", "green_space_name": "CTS No. 2941/B & 2940/B", "address": null, "bmc_department": null, "ward_code_source": null, "twitter_handle": null, "website": null, "latitude": 19.253148, "longitude": 72.873, "source_file": "mumbai_green_spaces.kml", "source": "BMC / OpenCity Mumbai Public Gardens, Parks and Zoos dataset", "coordinate_valid": true }, "geometry": { "type": "Point", "coordinates": [ 72.873, 19.253148 ] } },
{ "type": "Feature", "properties": { "green_space_id": "2354", "green_space_name": "Dr.Babasaheb Ambedkar Udyan MCGM", "address": null, "bmc_department": null, "ward_code_source": null, "twitter_handle": null, "website": null, "latitude": 19.2068746, "longitude": 72.8702609, "source_file": "mumbai_green_spaces.kml", "source": "BMC / OpenCity Mumbai Public Gardens, Parks and Zoos dataset", "coordinate_valid": true }, "geometry": { "type": "Point", "coordinates": [ 72.8702609, 19.2068746 ] } },
{ "type": "Feature", "properties": { "green_space_id": "2355", "green_space_name": "Swatantryaveer Savarkar Udyan MCGM", "address": null, "bmc_department": null, "ward_code_source": null, "twitter_handle": null, "website": null, "latitude": 19.19906, "longitude": 72.8556017, "source_file": "mumbai_green_spaces.kml", "source": "BMC / OpenCity Mumbai Public Gardens, Parks and Zoos dataset", "coordinate_valid": true }, "geometry": { "type": "Point", "coordinates": [ 72.8556017, 19.19906 ] } },
{ "type": "Feature", "properties": { "green_space_id": "2356", "green_space_name": "Rajiv Gandhi udyan MCGM", "address": null, "bmc_department": null, "ward_code_source": null, "twitter_handle": null, "website": null, "latitude": 19.2133554, "longitude": 72.8507627, "source_file": "mumbai_green_spaces.kml", "source": "BMC / OpenCity Mumbai Public Gardens, Parks and Zoos dataset", "coordinate_valid": true }, "geometry": { "type": "Point", "coordinates": [ 72.8507627, 19.2133554 ] } },
{ "type": "Feature", "properties": { "green_space_id": "2357", "green_space_name": "MCGM Garden Near Mihar Complex", "address": null, "bmc_department": null, "ward_code_source": null, "twitter_handle": null, "website": null, "latitude": 19.2099232, "longitude": 72.8189364, "source_file": "mumbai_green_spaces.kml", "source": "BMC / OpenCity Mumbai Public Gardens, Parks and Zoos dataset", "coordinate_valid": true }, "geometry": { "type": "Point", "coordinates": [ 72.8189364, 19.2099232 ] } },
{ "type": "Feature", "properties": { "green_space_id": "2358", "green_space_name": "MCGM Garden Near Green Hill CHSL", "address": null, "bmc_department": null, "ward_code_source": null, "twitter_handle": null, "website": null, "latitude": 19.1971168, "longitude": 72.8706331, "source_file": "mumbai_green_spaces.kml", "source": "BMC / OpenCity Mumbai Public Gardens, Parks and Zoos dataset", "coordinate_valid": true }, "geometry": { "type": "Point", "coordinates": [ 72.8706331, 19.1971168 ] } },
{ "type": "Feature", "properties": { "green_space_id": "2359", "green_space_name": "Maharana Pratap Udyan MCGM", "address": null, "bmc_department": null, "ward_code_source": null, "twitter_handle": null, "website": null, "latitude": 19.2001875, "longitude": 72.8741918, "source_file": "mumbai_green_spaces.kml", "source": "BMC / OpenCity Mumbai Public Gardens, Parks and Zoos dataset", "coordinate_valid": true }, "geometry": { "type": "Point", "coordinates": [ 72.8741918, 19.2001875 ] } },
{ "type": "Feature", "properties": { "green_space_id": "2360", "green_space_name": "Sai Udyan MCGM", "address": null, "bmc_department": null, "ward_code_source": null, "twitter_handle": null, "website": null, "latitude": 19.2003776, "longitude": 72.8732204, "source_file": "mumbai_green_spaces.kml", "source": "BMC / OpenCity Mumbai Public Gardens, Parks and Zoos dataset", "coordinate_valid": true }, "geometry": { "type": "Point", "coordinates": [ 72.8732204, 19.2003776 ] } },
{ "type": "Feature", "properties": { "green_space_id": "2361", "green_space_name": "MCGM Garden near Bhoomi CHS", "address": null, "bmc_department": null, "ward_code_source": null, "twitter_handle": null, "website": null, "latitude": 19.2062682, "longitude": 72.8791174, "source_file": "mumbai_green_spaces.kml", "source": "BMC / OpenCity Mumbai Public Gardens, Parks and Zoos dataset", "coordinate_valid": true }, "geometry": { "type": "Point", "coordinates": [ 72.8791174, 19.2062682 ] } },
{ "type": "Feature", "properties": { "green_space_id": "2362", "green_space_name": "MCGM Playground, Attached to Gundecha School", "address": null, "bmc_department": null, "ward_code_source": null, "twitter_handle": null, "website": null, "latitude": 19.2118335, "longitude": 72.8773463, "source_file": "mumbai_green_spaces.kml", "source": "BMC / OpenCity Mumbai Public Gardens, Parks and Zoos dataset", "coordinate_valid": true }, "geometry": { "type": "Point", "coordinates": [ 72.8773463, 19.2118335 ] } },
{ "type": "Feature", "properties": { "green_space_id": "2363", "green_space_name": "Rajeev Gandhi Maidan MCGM", "address": null, "bmc_department": null, "ward_code_source": null, "twitter_handle": null, "website": null, "latitude": 19.2127755, "longitude": 72.8629078, "source_file": "mumbai_green_spaces.kml", "source": "BMC / OpenCity Mumbai Public Gardens, Parks and Zoos dataset", "coordinate_valid": true }, "geometry": { "type": "Point", "coordinates": [ 72.8629078, 19.2127755 ] } },
{ "type": "Feature", "properties": { "green_space_id": "2364", "green_space_name": "MCGM Plot at Atmaram Sawant marg", "address": null, "bmc_department": null, "ward_code_source": null, "twitter_handle": null, "website": null, "latitude": 19.1986213, "longitude": 72.8596323, "source_file": "mumbai_green_spaces.kml", "source": "BMC / OpenCity Mumbai Public Gardens, Parks and Zoos dataset", "coordinate_valid": true }, "geometry": { "type": "Point", "coordinates": [ 72.8596323, 19.1986213 ] } },
{ "type": "Feature", "properties": { "green_space_id": "2365", "green_space_name": "MCGM play gournd near Essbel Bldg", "address": null, "bmc_department": null, "ward_code_source": null, "twitter_handle": null, "website": null, "latitude": 19.1954291, "longitude": 72.8760484, "source_file": "mumbai_green_spaces.kml", "source": "BMC / OpenCity Mumbai Public Gardens, Parks and Zoos dataset", "coordinate_valid": true }, "geometry": { "type": "Point", "coordinates": [ 72.8760484, 19.1954291 ] } },
{ "type": "Feature", "properties": { "green_space_id": "2366", "green_space_name": "Savitribai Phule Maidan MCGM", "address": null, "bmc_department": null, "ward_code_source": null, "twitter_handle": null, "website": null, "latitude": 19.198183, "longitude": 72.8756225, "source_file": "mumbai_green_spaces.kml", "source": "BMC / OpenCity Mumbai Public Gardens, Parks and Zoos dataset", "coordinate_valid": true }, "geometry": { "type": "Point", "coordinates": [ 72.8756225, 19.198183 ] } },
{ "type": "Feature", "properties": { "green_space_id": "2367", "green_space_name": "MCGM Play ground Nr. Naman Towers", "address": null, "bmc_department": null, "ward_code_source": null, "twitter_handle": null, "website": null, "latitude": 19.1965796, "longitude": 72.8487175, "source_file": "mumbai_green_spaces.kml", "source": "BMC / OpenCity Mumbai Public Gardens, Parks and Zoos dataset", "coordinate_valid": true }, "geometry": { "type": "Point", "coordinates": [ 72.8487175, 19.1965796 ] } },
{ "type": "Feature", "properties": { "green_space_id": "2368", "green_space_name": "MCGM PG at Sambhaji school", "address": null, "bmc_department": null, "ward_code_source": null, "twitter_handle": null, "website": null, "latitude": 19.2010121, "longitude": 72.8634214, "source_file": "mumbai_green_spaces.kml", "source": "BMC / OpenCity Mumbai Public Gardens, Parks and Zoos dataset", "coordinate_valid": true }, "geometry": { "type": "Point", "coordinates": [ 72.8634214, 19.2010121 ] } },
{ "type": "Feature", "properties": { "green_space_id": "2369", "green_space_name": "MCGM PG at Akurli cross road no.3", "address": null, "bmc_department": null, "ward_code_source": null, "twitter_handle": null, "website": null, "latitude": 19.2012447, "longitude": 72.863377, "source_file": "mumbai_green_spaces.kml", "source": "BMC / OpenCity Mumbai Public Gardens, Parks and Zoos dataset", "coordinate_valid": true }, "geometry": { "type": "Point", "coordinates": [ 72.863377, 19.2012447 ] } },
{ "type": "Feature", "properties": { "green_space_id": "2370", "green_space_name": "MCGM plot attached to Thakur Public School", "address": null, "bmc_department": null, "ward_code_source": null, "twitter_handle": null, "website": null, "latitude": 19.2091768, "longitude": 72.875327, "source_file": "mumbai_green_spaces.kml", "source": "BMC / OpenCity Mumbai Public Gardens, Parks and Zoos dataset", "coordinate_valid": true }, "geometry": { "type": "Point", "coordinates": [ 72.875327, 19.2091768 ] } },
{ "type": "Feature", "properties": { "green_space_id": "2371", "green_space_name": "Netaji Subhash Chandra Bose Kridangan MCGM", "address": null, "bmc_department": null, "ward_code_source": null, "twitter_handle": null, "website": null, "latitude": 19.2115227, "longitude": 72.8458315, "source_file": "mumbai_green_spaces.kml", "source": "BMC / OpenCity Mumbai Public Gardens, Parks and Zoos dataset", "coordinate_valid": true }, "geometry": { "type": "Point", "coordinates": [ 72.8458315, 19.2115227 ] } },
{ "type": "Feature", "properties": { "green_space_id": "2372", "green_space_name": "MCGM plot at Parekh Nagar", "address": null, "bmc_department": null, "ward_code_source": null, "twitter_handle": null, "website": null, "latitude": 19.2090012, "longitude": 72.8452943, "source_file": "mumbai_green_spaces.kml", "source": "BMC / OpenCity Mumbai Public Gardens, Parks and Zoos dataset", "coordinate_valid": true }, "geometry": { "type": "Point", "coordinates": [ 72.8452943, 19.2090012 ] } },
{ "type": "Feature", "properties": { "green_space_id": "2373", "green_space_name": "MCGM plot near Shyam Narayan School", "address": null, "bmc_department": null, "ward_code_source": null, "twitter_handle": null, "website": null, "latitude": 19.2131114, "longitude": 72.8743922, "source_file": "mumbai_green_spaces.kml", "source": "BMC / OpenCity Mumbai Public Gardens, Parks and Zoos dataset", "coordinate_valid": true }, "geometry": { "type": "Point", "coordinates": [ 72.8743922, 19.2131114 ] } },
{ "type": "Feature", "properties": { "green_space_id": "2374", "green_space_name": "MCGM plot Nr.Spring club", "address": null, "bmc_department": null, "ward_code_source": null, "twitter_handle": null, "website": null, "latitude": 19.210871, "longitude": 72.8467633, "source_file": "mumbai_green_spaces.kml", "source": "BMC / OpenCity Mumbai Public Gardens, Parks and Zoos dataset", "coordinate_valid": true }, "geometry": { "type": "Point", "coordinates": [ 72.8467633, 19.210871 ] } },
{ "type": "Feature", "properties": { "green_space_id": "2375", "green_space_name": "MCGM Plot at village poisar.", "address": null, "bmc_department": null, "ward_code_source": null, "twitter_handle": null, "website": null, "latitude": 19.209292, "longitude": 72.8599581, "source_file": "mumbai_green_spaces.kml", "source": "BMC / OpenCity Mumbai Public Gardens, Parks and Zoos dataset", "coordinate_valid": true }, "geometry": { "type": "Point", "coordinates": [ 72.8599581, 19.209292 ] } },
{ "type": "Feature", "properties": { "green_space_id": "2376", "green_space_name": "St.Meery PG MCGM", "address": null, "bmc_department": null, "ward_code_source": null, "twitter_handle": null, "website": null, "latitude": 19.2124871, "longitude": 72.8200261, "source_file": "mumbai_green_spaces.kml", "source": "BMC / OpenCity Mumbai Public Gardens, Parks and Zoos dataset", "coordinate_valid": true }, "geometry": { "type": "Point", "coordinates": [ 72.8200261, 19.2124871 ] } },
{ "type": "Feature", "properties": { "green_space_id": "2377", "green_space_name": "MCGM plot Mahavir Ngr", "address": null, "bmc_department": null, "ward_code_source": null, "twitter_handle": null, "website": null, "latitude": 19.211414, "longitude": 72.8411308, "source_file": "mumbai_green_spaces.kml", "source": "BMC / OpenCity Mumbai Public Gardens, Parks and Zoos dataset", "coordinate_valid": true }, "geometry": { "type": "Point", "coordinates": [ 72.8411308, 19.211414 ] } },
{ "type": "Feature", "properties": { "green_space_id": "2378", "green_space_name": "Lokmanya Bal Gangadhar Tilak Manoranjan Maidan MCGM", "address": null, "bmc_department": null, "ward_code_source": null, "twitter_handle": null, "website": null, "latitude": 19.1969912, "longitude": 72.8494089, "source_file": "mumbai_green_spaces.kml", "source": "BMC / OpenCity Mumbai Public Gardens, Parks and Zoos dataset", "coordinate_valid": true }, "geometry": { "type": "Point", "coordinates": [ 72.8494089, 19.1969912 ] } },
{ "type": "Feature", "properties": { "green_space_id": "2379", "green_space_name": "MCGM Recreation Ground near Thakur engineering College", "address": null, "bmc_department": null, "ward_code_source": null, "twitter_handle": null, "website": null, "latitude": 19.2063353, "longitude": 72.8758771, "source_file": "mumbai_green_spaces.kml", "source": "BMC / OpenCity Mumbai Public Gardens, Parks and Zoos dataset", "coordinate_valid": true }, "geometry": { "type": "Point", "coordinates": [ 72.8758771, 19.2063353 ] } },
{ "type": "Feature", "properties": { "green_space_id": "2380", "green_space_name": "Priyadarshini Indira Gandhi Manoranjan Maidan MCGM", "address": null, "bmc_department": null, "ward_code_source": null, "twitter_handle": null, "website": null, "latitude": 19.1970515, "longitude": 72.8552802, "source_file": "mumbai_green_spaces.kml", "source": "BMC / OpenCity Mumbai Public Gardens, Parks and Zoos dataset", "coordinate_valid": true }, "geometry": { "type": "Point", "coordinates": [ 72.8552802, 19.1970515 ] } },
{ "type": "Feature", "properties": { "green_space_id": "2381", "green_space_name": "Khajuriya udyan MCGM", "address": null, "bmc_department": null, "ward_code_source": null, "twitter_handle": null, "website": null, "latitude": 19.1964918, "longitude": 72.8488874, "source_file": "mumbai_green_spaces.kml", "source": "BMC / OpenCity Mumbai Public Gardens, Parks and Zoos dataset", "coordinate_valid": true }, "geometry": { "type": "Point", "coordinates": [ 72.8488874, 19.1964918 ] } },
{ "type": "Feature", "properties": { "green_space_id": "2382", "green_space_name": "Sahitya Samrat Aanabhau Sathe Manoranjan Maidan MCGM", "address": null, "bmc_department": null, "ward_code_source": null, "twitter_handle": null, "website": null, "latitude": 19.1985354, "longitude": 72.8698001, "source_file": "mumbai_green_spaces.kml", "source": "BMC / OpenCity Mumbai Public Gardens, Parks and Zoos dataset", "coordinate_valid": true }, "geometry": { "type": "Point", "coordinates": [ 72.8698001, 19.1985354 ] } },
{ "type": "Feature", "properties": { "green_space_id": "2383", "green_space_name": "MCGM plot at Mahaveer Ngr", "address": null, "bmc_department": null, "ward_code_source": null, "twitter_handle": null, "website": null, "latitude": 19.2113836, "longitude": 72.841045, "source_file": "mumbai_green_spaces.kml", "source": "BMC / OpenCity Mumbai Public Gardens, Parks and Zoos dataset", "coordinate_valid": true }, "geometry": { "type": "Point", "coordinates": [ 72.841045, 19.2113836 ] } },
{ "type": "Feature", "properties": { "green_space_id": "2384", "green_space_name": "Shyam Naryan Singh Thakur, Manoranjan maidan MCGM", "address": null, "bmc_department": null, "ward_code_source": null, "twitter_handle": null, "website": null, "latitude": 19.2107038, "longitude": 72.8644918, "source_file": "mumbai_green_spaces.kml", "source": "BMC / OpenCity Mumbai Public Gardens, Parks and Zoos dataset", "coordinate_valid": true }, "geometry": { "type": "Point", "coordinates": [ 72.8644918, 19.2107038 ] } },
{ "type": "Feature", "properties": { "green_space_id": "2385", "green_space_name": "Pramod Navalkar udyan MCGM", "address": null, "bmc_department": null, "ward_code_source": null, "twitter_handle": null, "website": null, "latitude": 19.2088956, "longitude": 72.8593124, "source_file": "mumbai_green_spaces.kml", "source": "BMC / OpenCity Mumbai Public Gardens, Parks and Zoos dataset", "coordinate_valid": true }, "geometry": { "type": "Point", "coordinates": [ 72.8593124, 19.2088956 ] } },
{ "type": "Feature", "properties": { "green_space_id": "2386", "green_space_name": "MCGM plot Nr.Swayambho Ganesh Mandir,", "address": null, "bmc_department": null, "ward_code_source": null, "twitter_handle": null, "website": null, "latitude": 19.1967604, "longitude": 72.8558149, "source_file": "mumbai_green_spaces.kml", "source": "BMC / OpenCity Mumbai Public Gardens, Parks and Zoos dataset", "coordinate_valid": true }, "geometry": { "type": "Point", "coordinates": [ 72.8558149, 19.1967604 ] } },
{ "type": "Feature", "properties": { "green_space_id": "2387", "green_space_name": "MCGM PLOT back side of R/South Ward office", "address": null, "bmc_department": null, "ward_code_source": null, "twitter_handle": null, "website": null, "latitude": 19.203844, "longitude": 72.844801, "source_file": "mumbai_green_spaces.kml", "source": "BMC / OpenCity Mumbai Public Gardens, Parks and Zoos dataset", "coordinate_valid": true }, "geometry": { "type": "Point", "coordinates": [ 72.844801, 19.203844 ] } },
{ "type": "Feature", "properties": { "green_space_id": "2388", "green_space_name": "Punyoshlok Ahilyabai Holkar Maidan MCGM", "address": null, "bmc_department": null, "ward_code_source": null, "twitter_handle": null, "website": null, "latitude": 19.2002598, "longitude": 72.8577752, "source_file": "mumbai_green_spaces.kml", "source": "BMC / OpenCity Mumbai Public Gardens, Parks and Zoos dataset", "coordinate_valid": true }, "geometry": { "type": "Point", "coordinates": [ 72.8577752, 19.2002598 ] } },
{ "type": "Feature", "properties": { "green_space_id": "2389", "green_space_name": "MCGM Play ground Near sheikh Quarry", "address": null, "bmc_department": null, "ward_code_source": null, "twitter_handle": null, "website": null, "latitude": 19.2068841, "longitude": 72.8800149, "source_file": "mumbai_green_spaces.kml", "source": "BMC / OpenCity Mumbai Public Gardens, Parks and Zoos dataset", "coordinate_valid": true }, "geometry": { "type": "Point", "coordinates": [ 72.8800149, 19.2068841 ] } },
{ "type": "Feature", "properties": { "green_space_id": "2390", "green_space_name": "Dadoji Kandev Maidan MCGM", "address": null, "bmc_department": null, "ward_code_source": null, "twitter_handle": null, "website": null, "latitude": 19.2124159, "longitude": 72.871721, "source_file": "mumbai_green_spaces.kml", "source": "BMC / OpenCity Mumbai Public Gardens, Parks and Zoos dataset", "coordinate_valid": true }, "geometry": { "type": "Point", "coordinates": [ 72.871721, 19.2124159 ] } },
{ "type": "Feature", "properties": { "green_space_id": "2391", "green_space_name": "MCGM Play ground next to Oxford Public School", "address": null, "bmc_department": null, "ward_code_source": null, "twitter_handle": null, "website": null, "latitude": 19.2070063, "longitude": 72.8764707, "source_file": "mumbai_green_spaces.kml", "source": "BMC / OpenCity Mumbai Public Gardens, Parks and Zoos dataset", "coordinate_valid": true }, "geometry": { "type": "Point", "coordinates": [ 72.8764707, 19.2070063 ] } },
{ "type": "Feature", "properties": { "green_space_id": "2392", "green_space_name": "Mahalaxmi Udyan MCGM", "address": null, "bmc_department": null, "ward_code_source": null, "twitter_handle": null, "website": null, "latitude": 19.2080807, "longitude": 72.8769706, "source_file": "mumbai_green_spaces.kml", "source": "BMC / OpenCity Mumbai Public Gardens, Parks and Zoos dataset", "coordinate_valid": true }, "geometry": { "type": "Point", "coordinates": [ 72.8769706, 19.2080807 ] } },
{ "type": "Feature", "properties": { "green_space_id": "2393", "green_space_name": "Evershine Joggers Park MCGM", "address": null, "bmc_department": null, "ward_code_source": null, "twitter_handle": null, "website": null, "latitude": 19.210873, "longitude": 72.8763386, "source_file": "mumbai_green_spaces.kml", "source": "BMC / OpenCity Mumbai Public Gardens, Parks and Zoos dataset", "coordinate_valid": true }, "geometry": { "type": "Point", "coordinates": [ 72.8763386, 19.210873 ] } },
{ "type": "Feature", "properties": { "green_space_id": "2394", "green_space_name": "MCGM garden near Charkop Bus stop", "address": null, "bmc_department": null, "ward_code_source": null, "twitter_handle": null, "website": null, "latitude": 19.2081461, "longitude": 72.8107085, "source_file": "mumbai_green_spaces.kml", "source": "BMC / OpenCity Mumbai Public Gardens, Parks and Zoos dataset", "coordinate_valid": true }, "geometry": { "type": "Point", "coordinates": [ 72.8107085, 19.2081461 ] } },
{ "type": "Feature", "properties": { "green_space_id": "2395", "green_space_name": "Madharao Sindhiya udyan MCGM", "address": null, "bmc_department": null, "ward_code_source": null, "twitter_handle": null, "website": null, "latitude": 19.2000804, "longitude": 72.8760871, "source_file": "mumbai_green_spaces.kml", "source": "BMC / OpenCity Mumbai Public Gardens, Parks and Zoos dataset", "coordinate_valid": true }, "geometry": { "type": "Point", "coordinates": [ 72.8760871, 19.2000804 ] } },
{ "type": "Feature", "properties": { "green_space_id": "2396", "green_space_name": "MCGM Plot at Village Akurli", "address": null, "bmc_department": null, "ward_code_source": null, "twitter_handle": null, "website": null, "latitude": 19.1951496, "longitude": 72.8769889, "source_file": "mumbai_green_spaces.kml", "source": "BMC / OpenCity Mumbai Public Gardens, Parks and Zoos dataset", "coordinate_valid": true }, "geometry": { "type": "Point", "coordinates": [ 72.8769889, 19.1951496 ] } },
{ "type": "Feature", "properties": { "green_space_id": "2397", "green_space_name": "MCGM Garden near Gundecha School", "address": null, "bmc_department": null, "ward_code_source": null, "twitter_handle": null, "website": null, "latitude": 19.2123543, "longitude": 72.8769774, "source_file": "mumbai_green_spaces.kml", "source": "BMC / OpenCity Mumbai Public Gardens, Parks and Zoos dataset", "coordinate_valid": true }, "geometry": { "type": "Point", "coordinates": [ 72.8769774, 19.2123543 ] } },
{ "type": "Feature", "properties": { "green_space_id": "2398", "green_space_name": "MCGM Plot at Charkop village", "address": null, "bmc_department": null, "ward_code_source": null, "twitter_handle": null, "website": null, "latitude": 19.2128288, "longitude": 72.8186101, "source_file": "mumbai_green_spaces.kml", "source": "BMC / OpenCity Mumbai Public Gardens, Parks and Zoos dataset", "coordinate_valid": true }, "geometry": { "type": "Point", "coordinates": [ 72.8186101, 19.2128288 ] } },
{ "type": "Feature", "properties": { "green_space_id": "2399", "green_space_name": "MCGM Plot at Charkop Village", "address": null, "bmc_department": null, "ward_code_source": null, "twitter_handle": null, "website": null, "latitude": 19.2126423, "longitude": 72.8186407, "source_file": "mumbai_green_spaces.kml", "source": "BMC / OpenCity Mumbai Public Gardens, Parks and Zoos dataset", "coordinate_valid": true }, "geometry": { "type": "Point", "coordinates": [ 72.8186407, 19.2126423 ] } },
{ "type": "Feature", "properties": { "green_space_id": "2400", "green_space_name": "Loknete Maa.Gopinath Munde Udyan MCGM", "address": null, "bmc_department": null, "ward_code_source": null, "twitter_handle": null, "website": null, "latitude": 19.2137165, "longitude": 72.8395784, "source_file": "mumbai_green_spaces.kml", "source": "BMC / OpenCity Mumbai Public Gardens, Parks and Zoos dataset", "coordinate_valid": true }, "geometry": { "type": "Point", "coordinates": [ 72.8395784, 19.2137165 ] } },
{ "type": "Feature", "properties": { "green_space_id": "2401", "green_space_name": "MCGM Plot at village Akurli", "address": null, "bmc_department": null, "ward_code_source": null, "twitter_handle": null, "website": null, "latitude": 19.2040243, "longitude": 72.8564452, "source_file": "mumbai_green_spaces.kml", "source": "BMC / OpenCity Mumbai Public Gardens, Parks and Zoos dataset", "coordinate_valid": true }, "geometry": { "type": "Point", "coordinates": [ 72.8564452, 19.2040243 ] } },
{ "type": "Feature", "properties": { "green_space_id": "2402", "green_space_name": "Veer Abdul hamid udyan MCGM", "address": null, "bmc_department": null, "ward_code_source": null, "twitter_handle": null, "website": null, "latitude": 19.1984036, "longitude": 72.8685265, "source_file": "mumbai_green_spaces.kml", "source": "BMC / OpenCity Mumbai Public Gardens, Parks and Zoos dataset", "coordinate_valid": true }, "geometry": { "type": "Point", "coordinates": [ 72.8685265, 19.1984036 ] } },
{ "type": "Feature", "properties": { "green_space_id": "2403", "green_space_name": "MCGM plot opp.Swami Vivekanand School", "address": null, "bmc_department": null, "ward_code_source": null, "twitter_handle": null, "website": null, "latitude": 19.2094619, "longitude": 72.8465263, "source_file": "mumbai_green_spaces.kml", "source": "BMC / OpenCity Mumbai Public Gardens, Parks and Zoos dataset", "coordinate_valid": true }, "geometry": { "type": "Point", "coordinates": [ 72.8465263, 19.2094619 ] } },
{ "type": "Feature", "properties": { "green_space_id": "2404", "green_space_name": "MCGM Plot next to Kapol Vidyanidhi School", "address": null, "bmc_department": null, "ward_code_source": null, "twitter_handle": null, "website": null, "latitude": 19.2104984, "longitude": 72.8440175, "source_file": "mumbai_green_spaces.kml", "source": "BMC / OpenCity Mumbai Public Gardens, Parks and Zoos dataset", "coordinate_valid": true }, "geometry": { "type": "Point", "coordinates": [ 72.8440175, 19.2104984 ] } },
{ "type": "Feature", "properties": { "green_space_id": "2405", "green_space_name": "Shaheed Bhagatsingh Miadan MCGM", "address": null, "bmc_department": null, "ward_code_source": null, "twitter_handle": null, "website": null, "latitude": 19.2110082, "longitude": 72.8724534, "source_file": "mumbai_green_spaces.kml", "source": "BMC / OpenCity Mumbai Public Gardens, Parks and Zoos dataset", "coordinate_valid": true }, "geometry": { "type": "Point", "coordinates": [ 72.8724534, 19.2110082 ] } },
{ "type": "Feature", "properties": { "green_space_id": "2406", "green_space_name": "Shri Kantilal Ravaji Makhecha MCGM", "address": null, "bmc_department": null, "ward_code_source": null, "twitter_handle": null, "website": null, "latitude": 19.2024161, "longitude": 72.838718, "source_file": "mumbai_green_spaces.kml", "source": "BMC / OpenCity Mumbai Public Gardens, Parks and Zoos dataset", "coordinate_valid": true }, "geometry": { "type": "Point", "coordinates": [ 72.838718, 19.2024161 ] } },
{ "type": "Feature", "properties": { "green_space_id": "2407", "green_space_name": "Sahid Tukaram Ombale", "address": null, "bmc_department": null, "ward_code_source": null, "twitter_handle": null, "website": null, "latitude": 19.2489731, "longitude": 72.845844, "source_file": "mumbai_green_spaces.kml", "source": "BMC / OpenCity Mumbai Public Gardens, Parks and Zoos dataset", "coordinate_valid": true }, "geometry": { "type": "Point", "coordinates": [ 72.845844, 19.2489731 ] } },
{ "type": "Feature", "properties": { "green_space_id": "2408", "green_space_name": "CTS no 3/7/A, 3/7/b & 63A", "address": null, "bmc_department": null, "ward_code_source": null, "twitter_handle": null, "website": null, "latitude": 19.260722, "longitude": 72.850391, "source_file": "mumbai_green_spaces.kml", "source": "BMC / OpenCity Mumbai Public Gardens, Parks and Zoos dataset", "coordinate_valid": true }, "geometry": { "type": "Point", "coordinates": [ 72.850391, 19.260722 ] } },
{ "type": "Feature", "properties": { "green_space_id": "2409", "green_space_name": "CTS No. 319/F", "address": null, "bmc_department": null, "ward_code_source": null, "twitter_handle": null, "website": null, "latitude": 19.25808, "longitude": 72.85657, "source_file": "mumbai_green_spaces.kml", "source": "BMC / OpenCity Mumbai Public Gardens, Parks and Zoos dataset", "coordinate_valid": true }, "geometry": { "type": "Point", "coordinates": [ 72.85657, 19.25808 ] } },
{ "type": "Feature", "properties": { "green_space_id": "2410", "green_space_name": "Cts no 108/a,109,110,113", "address": null, "bmc_department": null, "ward_code_source": null, "twitter_handle": null, "website": null, "latitude": 19.258865, "longitude": 72.855274, "source_file": "mumbai_green_spaces.kml", "source": "BMC / OpenCity Mumbai Public Gardens, Parks and Zoos dataset", "coordinate_valid": true }, "geometry": { "type": "Point", "coordinates": [ 72.855274, 19.258865 ] } },
{ "type": "Feature", "properties": { "green_space_id": "2411", "green_space_name": "Plot bearing cts no 101", "address": null, "bmc_department": null, "ward_code_source": null, "twitter_handle": null, "website": null, "latitude": 19.2594, "longitude": 72.85368, "source_file": "mumbai_green_spaces.kml", "source": "BMC / OpenCity Mumbai Public Gardens, Parks and Zoos dataset", "coordinate_valid": true }, "geometry": { "type": "Point", "coordinates": [ 72.85368, 19.2594 ] } },
{ "type": "Feature", "properties": { "green_space_id": "2412", "green_space_name": "CTS No. 255 E", "address": null, "bmc_department": null, "ward_code_source": null, "twitter_handle": null, "website": null, "latitude": 19.2559634, "longitude": 72.8554397, "source_file": "mumbai_green_spaces.kml", "source": "BMC / OpenCity Mumbai Public Gardens, Parks and Zoos dataset", "coordinate_valid": true }, "geometry": { "type": "Point", "coordinates": [ 72.8554397, 19.2559634 ] } },
{ "type": "Feature", "properties": { "green_space_id": "2413", "green_space_name": "CTS NO. 628/D/1", "address": null, "bmc_department": null, "ward_code_source": null, "twitter_handle": null, "website": null, "latitude": 19.25108, "longitude": 72.849963, "source_file": "mumbai_green_spaces.kml", "source": "BMC / OpenCity Mumbai Public Gardens, Parks and Zoos dataset", "coordinate_valid": true }, "geometry": { "type": "Point", "coordinates": [ 72.849963, 19.25108 ] } },
{ "type": "Feature", "properties": { "green_space_id": "2414", "green_space_name": "CTS no 2395/C", "address": null, "bmc_department": null, "ward_code_source": null, "twitter_handle": null, "website": null, "latitude": 19.240744, "longitude": 72.866707, "source_file": "mumbai_green_spaces.kml", "source": "BMC / OpenCity Mumbai Public Gardens, Parks and Zoos dataset", "coordinate_valid": true }, "geometry": { "type": "Point", "coordinates": [ 72.866707, 19.240744 ] } },
{ "type": "Feature", "properties": { "green_space_id": "2415", "green_space_name": "CTS NO.1400-D/", "address": null, "bmc_department": null, "ward_code_source": null, "twitter_handle": null, "website": null, "latitude": 19.2600854, "longitude": 72.8621729, "source_file": "mumbai_green_spaces.kml", "source": "BMC / OpenCity Mumbai Public Gardens, Parks and Zoos dataset", "coordinate_valid": true }, "geometry": { "type": "Point", "coordinates": [ 72.8621729, 19.2600854 ] } },
{ "type": "Feature", "properties": { "green_space_id": "2416", "green_space_name": "Chatrapati Shivaji Maharaj Kridangan", "address": null, "bmc_department": null, "ward_code_source": null, "twitter_handle": null, "website": null, "latitude": 19.261777, "longitude": 72.865397, "source_file": "mumbai_green_spaces.kml", "source": "BMC / OpenCity Mumbai Public Gardens, Parks and Zoos dataset", "coordinate_valid": true }, "geometry": { "type": "Point", "coordinates": [ 72.865397, 19.261777 ] } },
{ "type": "Feature", "properties": { "green_space_id": "2417", "green_space_name": "CTS no 1161/A", "address": null, "bmc_department": null, "ward_code_source": null, "twitter_handle": null, "website": null, "latitude": 19.254482, "longitude": 72.862362, "source_file": "mumbai_green_spaces.kml", "source": "BMC / OpenCity Mumbai Public Gardens, Parks and Zoos dataset", "coordinate_valid": true }, "geometry": { "type": "Point", "coordinates": [ 72.862362, 19.254482 ] } },
{ "type": "Feature", "properties": { "green_space_id": "2418", "green_space_name": "CTS No.1233/c /5", "address": null, "bmc_department": null, "ward_code_source": null, "twitter_handle": null, "website": null, "latitude": 19.244397, "longitude": 72.846304, "source_file": "mumbai_green_spaces.kml", "source": "BMC / OpenCity Mumbai Public Gardens, Parks and Zoos dataset", "coordinate_valid": true }, "geometry": { "type": "Point", "coordinates": [ 72.846304, 19.244397 ] } },
{ "type": "Feature", "properties": { "green_space_id": "2419", "green_space_name": "CTS No.942A/B", "address": null, "bmc_department": null, "ward_code_source": null, "twitter_handle": null, "website": null, "latitude": 19.2494397, "longitude": 72.8463445, "source_file": "mumbai_green_spaces.kml", "source": "BMC / OpenCity Mumbai Public Gardens, Parks and Zoos dataset", "coordinate_valid": true }, "geometry": { "type": "Point", "coordinates": [ 72.8463445, 19.2494397 ] } },
{ "type": "Feature", "properties": { "green_space_id": "2420", "green_space_name": "Pandurang Shastri Athavle CTS No.2567, 2567/5, 2561/B", "address": null, "bmc_department": null, "ward_code_source": null, "twitter_handle": null, "website": null, "latitude": 19.24535, "longitude": 72.86871, "source_file": "mumbai_green_spaces.kml", "source": "BMC / OpenCity Mumbai Public Gardens, Parks and Zoos dataset", "coordinate_valid": true }, "geometry": { "type": "Point", "coordinates": [ 72.86871, 19.24535 ] } },
{ "type": "Feature", "properties": { "green_space_id": "2421", "green_space_name": "CTS NO 1271/D, 1099(pt)", "address": null, "bmc_department": null, "ward_code_source": null, "twitter_handle": null, "website": null, "latitude": 19.245679, "longitude": 72.846163, "source_file": "mumbai_green_spaces.kml", "source": "BMC / OpenCity Mumbai Public Gardens, Parks and Zoos dataset", "coordinate_valid": true }, "geometry": { "type": "Point", "coordinates": [ 72.846163, 19.245679 ] } },
{ "type": "Feature", "properties": { "green_space_id": "2422", "green_space_name": "CTS No.83/C,84/B/2", "address": null, "bmc_department": null, "ward_code_source": null, "twitter_handle": null, "website": null, "latitude": 19.24776, "longitude": 72.85407, "source_file": "mumbai_green_spaces.kml", "source": "BMC / OpenCity Mumbai Public Gardens, Parks and Zoos dataset", "coordinate_valid": true }, "geometry": { "type": "Point", "coordinates": [ 72.85407, 19.24776 ] } },
{ "type": "Feature", "properties": { "green_space_id": "2423", "green_space_name": "Mata Ramabai Ambedkar PG, CTS No.675/6, 675/7", "address": null, "bmc_department": null, "ward_code_source": null, "twitter_handle": null, "website": null, "latitude": 19.255126, "longitude": 72.849719, "source_file": "mumbai_green_spaces.kml", "source": "BMC / OpenCity Mumbai Public Gardens, Parks and Zoos dataset", "coordinate_valid": true }, "geometry": { "type": "Point", "coordinates": [ 72.849719, 19.255126 ] } },
{ "type": "Feature", "properties": { "green_space_id": "2424", "green_space_name": "Shantiniketan", "address": null, "bmc_department": null, "ward_code_source": null, "twitter_handle": null, "website": null, "latitude": 19.248407, "longitude": 72.855124, "source_file": "mumbai_green_spaces.kml", "source": "BMC / OpenCity Mumbai Public Gardens, Parks and Zoos dataset", "coordinate_valid": true }, "geometry": { "type": "Point", "coordinates": [ 72.855124, 19.248407 ] } },
{ "type": "Feature", "properties": { "green_space_id": "2425", "green_space_name": "Baba Amte CTS No.1407/D", "address": null, "bmc_department": null, "ward_code_source": null, "twitter_handle": null, "website": null, "latitude": 19.25917, "longitude": 72.859472, "source_file": "mumbai_green_spaces.kml", "source": "BMC / OpenCity Mumbai Public Gardens, Parks and Zoos dataset", "coordinate_valid": true }, "geometry": { "type": "Point", "coordinates": [ 72.859472, 19.25917 ] } },
{ "type": "Feature", "properties": { "green_space_id": "2426", "green_space_name": "Vinoba Bhave P.G", "address": null, "bmc_department": null, "ward_code_source": null, "twitter_handle": null, "website": null, "latitude": 19.253484, "longitude": 72.855302, "source_file": "mumbai_green_spaces.kml", "source": "BMC / OpenCity Mumbai Public Gardens, Parks and Zoos dataset", "coordinate_valid": true }, "geometry": { "type": "Point", "coordinates": [ 72.855302, 19.253484 ] } },
{ "type": "Feature", "properties": { "green_space_id": "2427", "green_space_name": "Mother Teressa PG CTS No.1235/A", "address": null, "bmc_department": null, "ward_code_source": null, "twitter_handle": null, "website": null, "latitude": 19.245679, "longitude": 72.846163, "source_file": "mumbai_green_spaces.kml", "source": "BMC / OpenCity Mumbai Public Gardens, Parks and Zoos dataset", "coordinate_valid": true }, "geometry": { "type": "Point", "coordinates": [ 72.846163, 19.245679 ] } },
{ "type": "Feature", "properties": { "green_space_id": "2428", "green_space_name": "PG Meenatai Thakre CTS No.1831/1,1831/3", "address": null, "bmc_department": null, "ward_code_source": null, "twitter_handle": null, "website": null, "latitude": 19.24253, "longitude": 72.86307, "source_file": "mumbai_green_spaces.kml", "source": "BMC / OpenCity Mumbai Public Gardens, Parks and Zoos dataset", "coordinate_valid": true }, "geometry": { "type": "Point", "coordinates": [ 72.86307, 19.24253 ] } },
{ "type": "Feature", "properties": { "green_space_id": "2429", "green_space_name": "PG Lokshahir Vittal Vumap Maidan", "address": null, "bmc_department": null, "ward_code_source": null, "twitter_handle": null, "website": null, "latitude": 19.2455496, "longitude": 72.8688091, "source_file": "mumbai_green_spaces.kml", "source": "BMC / OpenCity Mumbai Public Gardens, Parks and Zoos dataset", "coordinate_valid": true }, "geometry": { "type": "Point", "coordinates": [ 72.8688091, 19.2455496 ] } },
{ "type": "Feature", "properties": { "green_space_id": "2430", "green_space_name": "PG Sant Dnyaneshwer Mauli maidan", "address": null, "bmc_department": null, "ward_code_source": null, "twitter_handle": null, "website": null, "latitude": 19.2415516, "longitude": 72.8694907, "source_file": "mumbai_green_spaces.kml", "source": "BMC / OpenCity Mumbai Public Gardens, Parks and Zoos dataset", "coordinate_valid": true }, "geometry": { "type": "Point", "coordinates": [ 72.8694907, 19.2415516 ] } },
{ "type": "Feature", "properties": { "green_space_id": "2431", "green_space_name": "PG Veer Savarkar Maidan CTS No. 2346/3", "address": null, "bmc_department": null, "ward_code_source": null, "twitter_handle": null, "website": null, "latitude": 19.24052, "longitude": 72.86555, "source_file": "mumbai_green_spaces.kml", "source": "BMC / OpenCity Mumbai Public Gardens, Parks and Zoos dataset", "coordinate_valid": true }, "geometry": { "type": "Point", "coordinates": [ 72.86555, 19.24052 ] } },
{ "type": "Feature", "properties": { "green_space_id": "2432", "green_space_name": "PG Geetanjali CTS No.102/A,106/C,88/A,94C,105B,95,92,92 (part)", "address": null, "bmc_department": null, "ward_code_source": null, "twitter_handle": null, "website": null, "latitude": 19.2483894, "longitude": 72.8544848, "source_file": "mumbai_green_spaces.kml", "source": "BMC / OpenCity Mumbai Public Gardens, Parks and Zoos dataset", "coordinate_valid": true }, "geometry": { "type": "Point", "coordinates": [ 72.8544848, 19.2483894 ] } },
{ "type": "Feature", "properties": { "green_space_id": "2433", "green_space_name": "Netaji subhashchandra Bose play ground", "address": null, "bmc_department": null, "ward_code_source": null, "twitter_handle": null, "website": null, "latitude": 19.25031, "longitude": 72.85991, "source_file": "mumbai_green_spaces.kml", "source": "BMC / OpenCity Mumbai Public Gardens, Parks and Zoos dataset", "coordinate_valid": true }, "geometry": { "type": "Point", "coordinates": [ 72.85991, 19.25031 ] } },
{ "type": "Feature", "properties": { "green_space_id": "2434", "green_space_name": "CTS No. 368/3, 335/4", "address": null, "bmc_department": null, "ward_code_source": null, "twitter_handle": null, "website": null, "latitude": 19.25877, "longitude": 72.858192, "source_file": "mumbai_green_spaces.kml", "source": "BMC / OpenCity Mumbai Public Gardens, Parks and Zoos dataset", "coordinate_valid": true }, "geometry": { "type": "Point", "coordinates": [ 72.858192, 19.25877 ] } },
{ "type": "Feature", "properties": { "green_space_id": "2435", "green_space_name": "Dr. Rajendra Kumar Goyal CTS No.1472, 1474", "address": null, "bmc_department": null, "ward_code_source": null, "twitter_handle": null, "website": null, "latitude": 19.243777, "longitude": 72.846105, "source_file": "mumbai_green_spaces.kml", "source": "BMC / OpenCity Mumbai Public Gardens, Parks and Zoos dataset", "coordinate_valid": true }, "geometry": { "type": "Point", "coordinates": [ 72.846105, 19.243777 ] } },
{ "type": "Feature", "properties": { "green_space_id": "2436", "green_space_name": "Pt. Deendayal Upadhyay PG, CTS No. 921/f", "address": null, "bmc_department": null, "ward_code_source": null, "twitter_handle": null, "website": null, "latitude": 19.24208, "longitude": 72.857189, "source_file": "mumbai_green_spaces.kml", "source": "BMC / OpenCity Mumbai Public Gardens, Parks and Zoos dataset", "coordinate_valid": true }, "geometry": { "type": "Point", "coordinates": [ 72.857189, 19.24208 ] } },
{ "type": "Feature", "properties": { "green_space_id": "2437", "green_space_name": "Karmayog Udyan", "address": null, "bmc_department": null, "ward_code_source": null, "twitter_handle": null, "website": null, "latitude": 19.24353, "longitude": 72.85091, "source_file": "mumbai_green_spaces.kml", "source": "BMC / OpenCity Mumbai Public Gardens, Parks and Zoos dataset", "coordinate_valid": true }, "geometry": { "type": "Point", "coordinates": [ 72.85091, 19.24353 ] } },
{ "type": "Feature", "properties": { "green_space_id": "2438", "green_space_name": "CTS No. 63/B/2,63/D/2, 67/A,69/B & 66/D", "address": null, "bmc_department": null, "ward_code_source": null, "twitter_handle": null, "website": null, "latitude": 19.261337, "longitude": 72.850346, "source_file": "mumbai_green_spaces.kml", "source": "BMC / OpenCity Mumbai Public Gardens, Parks and Zoos dataset", "coordinate_valid": true }, "geometry": { "type": "Point", "coordinates": [ 72.850346, 19.261337 ] } },
{ "type": "Feature", "properties": { "green_space_id": "2439", "green_space_name": "Shri. Maruti Mandir Maidan, CTS No. 2398/A,", "address": null, "bmc_department": null, "ward_code_source": null, "twitter_handle": null, "website": null, "latitude": 19.24219, "longitude": 72.8675, "source_file": "mumbai_green_spaces.kml", "source": "BMC / OpenCity Mumbai Public Gardens, Parks and Zoos dataset", "coordinate_valid": true }, "geometry": { "type": "Point", "coordinates": [ 72.8675, 19.24219 ] } },
{ "type": "Feature", "properties": { "green_space_id": "2440", "green_space_name": "CTS No.376, S.No.37, FP No.477,", "address": null, "bmc_department": null, "ward_code_source": null, "twitter_handle": null, "website": null, "latitude": 19.2217864, "longitude": 72.8380002, "source_file": "mumbai_green_spaces.kml", "source": "BMC / OpenCity Mumbai Public Gardens, Parks and Zoos dataset", "coordinate_valid": true }, "geometry": { "type": "Point", "coordinates": [ 72.8380002, 19.2217864 ] } },
{ "type": "Feature", "properties": { "green_space_id": "2441", "green_space_name": "CTS No.128A/83", "address": null, "bmc_department": null, "ward_code_source": null, "twitter_handle": null, "website": null, "latitude": 19.2139258, "longitude": 72.8437355, "source_file": "mumbai_green_spaces.kml", "source": "BMC / OpenCity Mumbai Public Gardens, Parks and Zoos dataset", "coordinate_valid": true }, "geometry": { "type": "Point", "coordinates": [ 72.8437355, 19.2139258 ] } },
{ "type": "Feature", "properties": { "green_space_id": "2442", "green_space_name": "Sachin Tendulkar Gynkhana CTS No.128A/59/1", "address": null, "bmc_department": null, "ward_code_source": null, "twitter_handle": null, "website": null, "latitude": 19.2146704, "longitude": 72.8425178, "source_file": "mumbai_green_spaces.kml", "source": "BMC / OpenCity Mumbai Public Gardens, Parks and Zoos dataset", "coordinate_valid": true }, "geometry": { "type": "Point", "coordinates": [ 72.8425178, 19.2146704 ] } },
{ "type": "Feature", "properties": { "green_space_id": "2443", "green_space_name": "PG at CTS No.174/1", "address": null, "bmc_department": null, "ward_code_source": null, "twitter_handle": null, "website": null, "latitude": 19.2179697, "longitude": 72.8701712, "source_file": "mumbai_green_spaces.kml", "source": "BMC / OpenCity Mumbai Public Gardens, Parks and Zoos dataset", "coordinate_valid": true }, "geometry": { "type": "Point", "coordinates": [ 72.8701712, 19.2179697 ] } },
{ "type": "Feature", "properties": { "green_space_id": "2444", "green_space_name": "CTS No.332/D", "address": null, "bmc_department": null, "ward_code_source": null, "twitter_handle": null, "website": null, "latitude": 19.2318642, "longitude": 72.8487465, "source_file": "mumbai_green_spaces.kml", "source": "BMC / OpenCity Mumbai Public Gardens, Parks and Zoos dataset", "coordinate_valid": true }, "geometry": { "type": "Point", "coordinates": [ 72.8487465, 19.2318642 ] } },
{ "type": "Feature", "properties": { "green_space_id": "2445", "green_space_name": "PG CTS No.128/A/27/3", "address": null, "bmc_department": null, "ward_code_source": null, "twitter_handle": null, "website": null, "latitude": 19.2155825, "longitude": 72.8413525, "source_file": "mumbai_green_spaces.kml", "source": "BMC / OpenCity Mumbai Public Gardens, Parks and Zoos dataset", "coordinate_valid": true }, "geometry": { "type": "Point", "coordinates": [ 72.8413525, 19.2155825 ] } },
{ "type": "Feature", "properties": { "green_space_id": "2446", "green_space_name": "CTS No. 636/B,", "address": null, "bmc_department": null, "ward_code_source": null, "twitter_handle": null, "website": null, "latitude": 19.213715, "longitude": 72.8642296, "source_file": "mumbai_green_spaces.kml", "source": "BMC / OpenCity Mumbai Public Gardens, Parks and Zoos dataset", "coordinate_valid": true }, "geometry": { "type": "Point", "coordinates": [ 72.8642296, 19.213715 ] } },
{ "type": "Feature", "properties": { "green_space_id": "2447", "green_space_name": "CTS No. 645/C", "address": null, "bmc_department": null, "ward_code_source": null, "twitter_handle": null, "website": null, "latitude": 19.2134617, "longitude": 72.8643369, "source_file": "mumbai_green_spaces.kml", "source": "BMC / OpenCity Mumbai Public Gardens, Parks and Zoos dataset", "coordinate_valid": true }, "geometry": { "type": "Point", "coordinates": [ 72.8643369, 19.2134617 ] } },
{ "type": "Feature", "properties": { "green_space_id": "2448", "green_space_name": "CTS no - 1723/C", "address": null, "bmc_department": null, "ward_code_source": null, "twitter_handle": null, "website": null, "latitude": 19.2369609, "longitude": 72.8427011, "source_file": "mumbai_green_spaces.kml", "source": "BMC / OpenCity Mumbai Public Gardens, Parks and Zoos dataset", "coordinate_valid": true }, "geometry": { "type": "Point", "coordinates": [ 72.8427011, 19.2369609 ] } },
{ "type": "Feature", "properties": { "green_space_id": "2449", "green_space_name": "CTS 175(pt", "address": null, "bmc_department": null, "ward_code_source": null, "twitter_handle": null, "website": null, "latitude": 19.2170431, "longitude": 72.8693567, "source_file": "mumbai_green_spaces.kml", "source": "BMC / OpenCity Mumbai Public Gardens, Parks and Zoos dataset", "coordinate_valid": true }, "geometry": { "type": "Point", "coordinates": [ 72.8693567, 19.2170431 ] } },
{ "type": "Feature", "properties": { "green_space_id": "2450", "green_space_name": "CTS 128/A/64, 128/A/65/125", "address": null, "bmc_department": null, "ward_code_source": null, "twitter_handle": null, "website": null, "latitude": 19.2169082, "longitude": 72.8425238, "source_file": "mumbai_green_spaces.kml", "source": "BMC / OpenCity Mumbai Public Gardens, Parks and Zoos dataset", "coordinate_valid": true }, "geometry": { "type": "Point", "coordinates": [ 72.8425238, 19.2169082 ] } },
{ "type": "Feature", "properties": { "green_space_id": "2451", "green_space_name": "CTS No. 638/F", "address": null, "bmc_department": null, "ward_code_source": null, "twitter_handle": null, "website": null, "latitude": 19.2143614, "longitude": 72.8652923, "source_file": "mumbai_green_spaces.kml", "source": "BMC / OpenCity Mumbai Public Gardens, Parks and Zoos dataset", "coordinate_valid": true }, "geometry": { "type": "Point", "coordinates": [ 72.8652923, 19.2143614 ] } },
{ "type": "Feature", "properties": { "green_space_id": "2452", "green_space_name": "F.P. No. 68/B", "address": null, "bmc_department": null, "ward_code_source": null, "twitter_handle": null, "website": null, "latitude": 19.2303848, "longitude": 72.8383897, "source_file": "mumbai_green_spaces.kml", "source": "BMC / OpenCity Mumbai Public Gardens, Parks and Zoos dataset", "coordinate_valid": true }, "geometry": { "type": "Point", "coordinates": [ 72.8383897, 19.2303848 ] } },
{ "type": "Feature", "properties": { "green_space_id": "2453", "green_space_name": "CTS NO 559/C/3", "address": null, "bmc_department": null, "ward_code_source": null, "twitter_handle": null, "website": null, "latitude": 19.2279438, "longitude": 72.8660269, "source_file": "mumbai_green_spaces.kml", "source": "BMC / OpenCity Mumbai Public Gardens, Parks and Zoos dataset", "coordinate_valid": true }, "geometry": { "type": "Point", "coordinates": [ 72.8660269, 19.2279438 ] } },
{ "type": "Feature", "properties": { "green_space_id": "2454", "green_space_name": "CTS NO. 374/B/15", "address": null, "bmc_department": null, "ward_code_source": null, "twitter_handle": null, "website": null, "latitude": 19.2207359, "longitude": 72.8380782, "source_file": "mumbai_green_spaces.kml", "source": "BMC / OpenCity Mumbai Public Gardens, Parks and Zoos dataset", "coordinate_valid": true }, "geometry": { "type": "Point", "coordinates": [ 72.8380782, 19.2207359 ] } },
{ "type": "Feature", "properties": { "green_space_id": "2455", "green_space_name": "CTS No. 1C/1/1(pt.)", "address": null, "bmc_department": null, "ward_code_source": null, "twitter_handle": null, "website": null, "latitude": 19.217185, "longitude": 72.838958, "source_file": "mumbai_green_spaces.kml", "source": "BMC / OpenCity Mumbai Public Gardens, Parks and Zoos dataset", "coordinate_valid": true }, "geometry": { "type": "Point", "coordinates": [ 72.838958, 19.217185 ] } },
{ "type": "Feature", "properties": { "green_space_id": "2456", "green_space_name": "F.P.No. 533", "address": null, "bmc_department": null, "ward_code_source": null, "twitter_handle": null, "website": null, "latitude": 19.2231115, "longitude": 72.8441239, "source_file": "mumbai_green_spaces.kml", "source": "BMC / OpenCity Mumbai Public Gardens, Parks and Zoos dataset", "coordinate_valid": true }, "geometry": { "type": "Point", "coordinates": [ 72.8441239, 19.2231115 ] } },
{ "type": "Feature", "properties": { "green_space_id": "2457", "green_space_name": "CTS 173/B, part", "address": null, "bmc_department": null, "ward_code_source": null, "twitter_handle": null, "website": null, "latitude": 19.2168908, "longitude": 72.8689301, "source_file": "mumbai_green_spaces.kml", "source": "BMC / OpenCity Mumbai Public Gardens, Parks and Zoos dataset", "coordinate_valid": true }, "geometry": { "type": "Point", "coordinates": [ 72.8689301, 19.2168908 ] } },
{ "type": "Feature", "properties": { "green_space_id": "2458", "green_space_name": "Chacha Nehru Udyan", "address": null, "bmc_department": null, "ward_code_source": null, "twitter_handle": null, "website": null, "latitude": 19.2175184, "longitude": 72.8444646, "source_file": "mumbai_green_spaces.kml", "source": "BMC / OpenCity Mumbai Public Gardens, Parks and Zoos dataset", "coordinate_valid": true }, "geometry": { "type": "Point", "coordinates": [ 72.8444646, 19.2175184 ] } },
{ "type": "Feature", "properties": { "green_space_id": "2459", "green_space_name": "Garden at Prem Nagar", "address": null, "bmc_department": null, "ward_code_source": null, "twitter_handle": null, "website": null, "latitude": 19.2355735, "longitude": 72.8532059, "source_file": "mumbai_green_spaces.kml", "source": "BMC / OpenCity Mumbai Public Gardens, Parks and Zoos dataset", "coordinate_valid": true }, "geometry": { "type": "Point", "coordinates": [ 72.8532059, 19.2355735 ] } },
{ "type": "Feature", "properties": { "green_space_id": "2460", "green_space_name": "Pandit Ramjas Upadhyay Ramleela Manoranjan Maidan", "address": null, "bmc_department": null, "ward_code_source": null, "twitter_handle": null, "website": null, "latitude": 19.2301894, "longitude": 72.8542252, "source_file": "mumbai_green_spaces.kml", "source": "BMC / OpenCity Mumbai Public Gardens, Parks and Zoos dataset", "coordinate_valid": true }, "geometry": { "type": "Point", "coordinates": [ 72.8542252, 19.2301894 ] } },
{ "type": "Feature", "properties": { "green_space_id": "2461", "green_space_name": "R.G plot FP No.246", "address": null, "bmc_department": null, "ward_code_source": null, "twitter_handle": null, "website": null, "latitude": 19.2263968, "longitude": 72.8465299, "source_file": "mumbai_green_spaces.kml", "source": "BMC / OpenCity Mumbai Public Gardens, Parks and Zoos dataset", "coordinate_valid": true }, "geometry": { "type": "Point", "coordinates": [ 72.8465299, 19.2263968 ] } },
{ "type": "Feature", "properties": { "green_space_id": "2462", "green_space_name": "Vamanrao Pai Udyan", "address": null, "bmc_department": null, "ward_code_source": null, "twitter_handle": null, "website": null, "latitude": 19.2249507, "longitude": 72.845795, "source_file": "mumbai_green_spaces.kml", "source": "BMC / OpenCity Mumbai Public Gardens, Parks and Zoos dataset", "coordinate_valid": true }, "geometry": { "type": "Point", "coordinates": [ 72.845795, 19.2249507 ] } },
{ "type": "Feature", "properties": { "green_space_id": "2463", "green_space_name": "CTS NO. 368", "address": null, "bmc_department": null, "ward_code_source": null, "twitter_handle": null, "website": null, "latitude": 19.2268223, "longitude": 72.843255, "source_file": "mumbai_green_spaces.kml", "source": "BMC / OpenCity Mumbai Public Gardens, Parks and Zoos dataset", "coordinate_valid": true }, "geometry": { "type": "Point", "coordinates": [ 72.843255, 19.2268223 ] } },
{ "type": "Feature", "properties": { "green_space_id": "2464", "green_space_name": "Rajmata Jijau Udyan", "address": null, "bmc_department": null, "ward_code_source": null, "twitter_handle": null, "website": null, "latitude": 19.2251356, "longitude": 72.8444834, "source_file": "mumbai_green_spaces.kml", "source": "BMC / OpenCity Mumbai Public Gardens, Parks and Zoos dataset", "coordinate_valid": true }, "geometry": { "type": "Point", "coordinates": [ 72.8444834, 19.2251356 ] } },
{ "type": "Feature", "properties": { "green_space_id": "2465", "green_space_name": "R.G plot FP No.391", "address": null, "bmc_department": null, "ward_code_source": null, "twitter_handle": null, "website": null, "latitude": 19.2242977, "longitude": 72.8414657, "source_file": "mumbai_green_spaces.kml", "source": "BMC / OpenCity Mumbai Public Gardens, Parks and Zoos dataset", "coordinate_valid": true }, "geometry": { "type": "Point", "coordinates": [ 72.8414657, 19.2242977 ] } },
{ "type": "Feature", "properties": { "green_space_id": "2466", "green_space_name": "P.L. Deshpande Udyan", "address": null, "bmc_department": null, "ward_code_source": null, "twitter_handle": null, "website": null, "latitude": 19.226187, "longitude": 72.8405323, "source_file": "mumbai_green_spaces.kml", "source": "BMC / OpenCity Mumbai Public Gardens, Parks and Zoos dataset", "coordinate_valid": true }, "geometry": { "type": "Point", "coordinates": [ 72.8405323, 19.226187 ] } },
{ "type": "Feature", "properties": { "green_space_id": "2467", "green_space_name": "R.G plot FP No.479", "address": null, "bmc_department": null, "ward_code_source": null, "twitter_handle": null, "website": null, "latitude": 19.2219409, "longitude": 72.8394439, "source_file": "mumbai_green_spaces.kml", "source": "BMC / OpenCity Mumbai Public Gardens, Parks and Zoos dataset", "coordinate_valid": true }, "geometry": { "type": "Point", "coordinates": [ 72.8394439, 19.2219409 ] } },
{ "type": "Feature", "properties": { "green_space_id": "2468", "green_space_name": "Dr.A.P.J. Abdul Kalam Manoranjan Maidan", "address": null, "bmc_department": null, "ward_code_source": null, "twitter_handle": null, "website": null, "latitude": 19.2185503, "longitude": 72.8449956, "source_file": "mumbai_green_spaces.kml", "source": "BMC / OpenCity Mumbai Public Gardens, Parks and Zoos dataset", "coordinate_valid": true }, "geometry": { "type": "Point", "coordinates": [ 72.8449956, 19.2185503 ] } },
{ "type": "Feature", "properties": { "green_space_id": "2469", "green_space_name": "R.G plot FP No.720", "address": null, "bmc_department": null, "ward_code_source": null, "twitter_handle": null, "website": null, "latitude": 19.2232867, "longitude": 72.8498773, "source_file": "mumbai_green_spaces.kml", "source": "BMC / OpenCity Mumbai Public Gardens, Parks and Zoos dataset", "coordinate_valid": true }, "geometry": { "type": "Point", "coordinates": [ 72.8498773, 19.2232867 ] } },
{ "type": "Feature", "properties": { "green_space_id": "2470", "green_space_name": "R.G plot FP No.775", "address": null, "bmc_department": null, "ward_code_source": null, "twitter_handle": null, "website": null, "latitude": 19.2225143, "longitude": 72.8542936, "source_file": "mumbai_green_spaces.kml", "source": "BMC / OpenCity Mumbai Public Gardens, Parks and Zoos dataset", "coordinate_valid": true }, "geometry": { "type": "Point", "coordinates": [ 72.8542936, 19.2225143 ] } },
{ "type": "Feature", "properties": { "green_space_id": "2471", "green_space_name": "Sangeetkar Shrikant Keshav Thakare Manoranjan Maidan", "address": null, "bmc_department": null, "ward_code_source": null, "twitter_handle": null, "website": null, "latitude": 19.2168486, "longitude": 72.8709629, "source_file": "mumbai_green_spaces.kml", "source": "BMC / OpenCity Mumbai Public Gardens, Parks and Zoos dataset", "coordinate_valid": true }, "geometry": { "type": "Point", "coordinates": [ 72.8709629, 19.2168486 ] } },
{ "type": "Feature", "properties": { "green_space_id": "2472", "green_space_name": "Madhav Sadashivrao Golvankar Maidan", "address": null, "bmc_department": null, "ward_code_source": null, "twitter_handle": null, "website": null, "latitude": 19.215491, "longitude": 72.8449804, "source_file": "mumbai_green_spaces.kml", "source": "BMC / OpenCity Mumbai Public Gardens, Parks and Zoos dataset", "coordinate_valid": true }, "geometry": { "type": "Point", "coordinates": [ 72.8449804, 19.215491 ] } },
{ "type": "Feature", "properties": { "green_space_id": "2473", "green_space_name": "R.G plot FP No.490/D", "address": null, "bmc_department": null, "ward_code_source": null, "twitter_handle": null, "website": null, "latitude": 19.2213087, "longitude": 72.8382051, "source_file": "mumbai_green_spaces.kml", "source": "BMC / OpenCity Mumbai Public Gardens, Parks and Zoos dataset", "coordinate_valid": true }, "geometry": { "type": "Point", "coordinates": [ 72.8382051, 19.2213087 ] } },
{ "type": "Feature", "properties": { "green_space_id": "2474", "green_space_name": "Dr. G.M. Chadwa Manoranjan Maidan", "address": null, "bmc_department": null, "ward_code_source": null, "twitter_handle": null, "website": null, "latitude": 19.2221, "longitude": 72.8615071, "source_file": "mumbai_green_spaces.kml", "source": "BMC / OpenCity Mumbai Public Gardens, Parks and Zoos dataset", "coordinate_valid": true }, "geometry": { "type": "Point", "coordinates": [ 72.8615071, 19.2221 ] } },
{ "type": "Feature", "properties": { "green_space_id": "2475", "green_space_name": "R.G plot FP No.724", "address": null, "bmc_department": null, "ward_code_source": null, "twitter_handle": null, "website": null, "latitude": 19.2217195, "longitude": 72.8509887, "source_file": "mumbai_green_spaces.kml", "source": "BMC / OpenCity Mumbai Public Gardens, Parks and Zoos dataset", "coordinate_valid": true }, "geometry": { "type": "Point", "coordinates": [ 72.8509887, 19.2217195 ] } },
{ "type": "Feature", "properties": { "green_space_id": "2476", "green_space_name": "Chatrapati Sambhaji Raje Udyan", "address": null, "bmc_department": null, "ward_code_source": null, "twitter_handle": null, "website": null, "latitude": 19.2209917, "longitude": 72.8634526, "source_file": "mumbai_green_spaces.kml", "source": "BMC / OpenCity Mumbai Public Gardens, Parks and Zoos dataset", "coordinate_valid": true }, "geometry": { "type": "Point", "coordinates": [ 72.8634526, 19.2209917 ] } },
{ "type": "Feature", "properties": { "green_space_id": "2477", "green_space_name": "CTS No. 278/B", "address": null, "bmc_department": null, "ward_code_source": null, "twitter_handle": null, "website": null, "latitude": 19.2334082, "longitude": 72.8449251, "source_file": "mumbai_green_spaces.kml", "source": "BMC / OpenCity Mumbai Public Gardens, Parks and Zoos dataset", "coordinate_valid": true }, "geometry": { "type": "Point", "coordinates": [ 72.8449251, 19.2334082 ] } },
{ "type": "Feature", "properties": { "green_space_id": "2478", "green_space_name": "Balasaheb Thackeray Manoranjan MaidanRG plot CTS No. 374/B/6 (Pt)", "address": null, "bmc_department": null, "ward_code_source": null, "twitter_handle": null, "website": null, "latitude": 19.2222743, "longitude": 72.8370497, "source_file": "mumbai_green_spaces.kml", "source": "BMC / OpenCity Mumbai Public Gardens, Parks and Zoos dataset", "coordinate_valid": true }, "geometry": { "type": "Point", "coordinates": [ 72.8370497, 19.2222743 ] } },
{ "type": "Feature", "properties": { "green_space_id": "2479", "green_space_name": "R.G plot at CTS No. 136(pt)", "address": null, "bmc_department": null, "ward_code_source": null, "twitter_handle": null, "website": null, "latitude": 19.2228909, "longitude": 72.8610751, "source_file": "mumbai_green_spaces.kml", "source": "BMC / OpenCity Mumbai Public Gardens, Parks and Zoos dataset", "coordinate_valid": true }, "geometry": { "type": "Point", "coordinates": [ 72.8610751, 19.2228909 ] } },
{ "type": "Feature", "properties": { "green_space_id": "2480", "green_space_name": "CTS no - 1/C/1-1", "address": null, "bmc_department": null, "ward_code_source": null, "twitter_handle": null, "website": null, "latitude": 19.2177504, "longitude": 72.8391153, "source_file": "mumbai_green_spaces.kml", "source": "BMC / OpenCity Mumbai Public Gardens, Parks and Zoos dataset", "coordinate_valid": true }, "geometry": { "type": "Point", "coordinates": [ 72.8391153, 19.2177504 ] } },
{ "type": "Feature", "properties": { "green_space_id": "2481", "green_space_name": "Chatrapati Shivaji Maharaj Maidan", "address": null, "bmc_department": null, "ward_code_source": null, "twitter_handle": null, "website": null, "latitude": 19.2304845, "longitude": 72.8246609, "source_file": "mumbai_green_spaces.kml", "source": "BMC / OpenCity Mumbai Public Gardens, Parks and Zoos dataset", "coordinate_valid": true }, "geometry": { "type": "Point", "coordinates": [ 72.8246609, 19.2304845 ] } },
{ "type": "Feature", "properties": { "green_space_id": "2482", "green_space_name": "Pramodji Mahajan Manoranjan Maidan", "address": null, "bmc_department": null, "ward_code_source": null, "twitter_handle": null, "website": null, "latitude": 19.2178715, "longitude": 72.8384753, "source_file": "mumbai_green_spaces.kml", "source": "BMC / OpenCity Mumbai Public Gardens, Parks and Zoos dataset", "coordinate_valid": true }, "geometry": { "type": "Point", "coordinates": [ 72.8384753, 19.2178715 ] } },
{ "type": "Feature", "properties": { "green_space_id": "2483", "green_space_name": "Gopinathji Munde Manoranjan Maidan", "address": null, "bmc_department": null, "ward_code_source": null, "twitter_handle": null, "website": null, "latitude": 19.2179424, "longitude": 72.8375312, "source_file": "mumbai_green_spaces.kml", "source": "BMC / OpenCity Mumbai Public Gardens, Parks and Zoos dataset", "coordinate_valid": true }, "geometry": { "type": "Point", "coordinates": [ 72.8375312, 19.2179424 ] } },
{ "type": "Feature", "properties": { "green_space_id": "2484", "green_space_name": "Gen. Arunkumar Vaidya Maidan", "address": null, "bmc_department": null, "ward_code_source": null, "twitter_handle": null, "website": null, "latitude": 19.2294035, "longitude": 72.8381993, "source_file": "mumbai_green_spaces.kml", "source": "BMC / OpenCity Mumbai Public Gardens, Parks and Zoos dataset", "coordinate_valid": true }, "geometry": { "type": "Point", "coordinates": [ 72.8381993, 19.2294035 ] } },
{ "type": "Feature", "properties": { "green_space_id": "2485", "green_space_name": "R.G plot at FP No.731(pt.), O.P. No. 421", "address": null, "bmc_department": null, "ward_code_source": null, "twitter_handle": null, "website": null, "latitude": 19.2233583, "longitude": 72.8522586, "source_file": "mumbai_green_spaces.kml", "source": "BMC / OpenCity Mumbai Public Gardens, Parks and Zoos dataset", "coordinate_valid": true }, "geometry": { "type": "Point", "coordinates": [ 72.8522586, 19.2233583 ] } },
{ "type": "Feature", "properties": { "green_space_id": "2486", "green_space_name": "CTS No. 78A/1A/3", "address": null, "bmc_department": null, "ward_code_source": null, "twitter_handle": null, "website": null, "latitude": 19.219945, "longitude": 72.8615851, "source_file": "mumbai_green_spaces.kml", "source": "BMC / OpenCity Mumbai Public Gardens, Parks and Zoos dataset", "coordinate_valid": true }, "geometry": { "type": "Point", "coordinates": [ 72.8615851, 19.219945 ] } },
{ "type": "Feature", "properties": { "green_space_id": "2487", "green_space_name": "167/C/3", "address": null, "bmc_department": null, "ward_code_source": null, "twitter_handle": null, "website": null, "latitude": 19.2148503, "longitude": 72.8647515, "source_file": "mumbai_green_spaces.kml", "source": "BMC / OpenCity Mumbai Public Gardens, Parks and Zoos dataset", "coordinate_valid": true }, "geometry": { "type": "Point", "coordinates": [ 72.8647515, 19.2148503 ] } },
{ "type": "Feature", "properties": { "green_space_id": "2488", "green_space_name": "Kranti Udyan,", "address": null, "bmc_department": null, "ward_code_source": null, "twitter_handle": null, "website": null, "latitude": 19.2260329, "longitude": 72.8315276, "source_file": "mumbai_green_spaces.kml", "source": "BMC / OpenCity Mumbai Public Gardens, Parks and Zoos dataset", "coordinate_valid": true }, "geometry": { "type": "Point", "coordinates": [ 72.8315276, 19.2260329 ] } },
{ "type": "Feature", "properties": { "green_space_id": "2489", "green_space_name": "Ganesh Maidan (Gorai Raja)", "address": null, "bmc_department": null, "ward_code_source": null, "twitter_handle": null, "website": null, "latitude": 19.2254022, "longitude": 72.8321016, "source_file": "mumbai_green_spaces.kml", "source": "BMC / OpenCity Mumbai Public Gardens, Parks and Zoos dataset", "coordinate_valid": true }, "geometry": { "type": "Point", "coordinates": [ 72.8321016, 19.2254022 ] } },
{ "type": "Feature", "properties": { "green_space_id": "2490", "green_space_name": "Gorai Open space", "address": null, "bmc_department": null, "ward_code_source": null, "twitter_handle": null, "website": null, "latitude": 19.2314323, "longitude": 72.8282902, "source_file": "mumbai_green_spaces.kml", "source": "BMC / OpenCity Mumbai Public Gardens, Parks and Zoos dataset", "coordinate_valid": true }, "geometry": { "type": "Point", "coordinates": [ 72.8282902, 19.2314323 ] } },
{ "type": "Feature", "properties": { "green_space_id": "2491", "green_space_name": "Open Space near Cemetry", "address": null, "bmc_department": null, "ward_code_source": null, "twitter_handle": null, "website": null, "latitude": 19.2272864, "longitude": 72.8204397, "source_file": "mumbai_green_spaces.kml", "source": "BMC / OpenCity Mumbai Public Gardens, Parks and Zoos dataset", "coordinate_valid": true }, "geometry": { "type": "Point", "coordinates": [ 72.8204397, 19.2272864 ] } },
{ "type": "Feature", "properties": { "green_space_id": "2492", "green_space_name": "Open Space near Cemetry", "address": null, "bmc_department": null, "ward_code_source": null, "twitter_handle": null, "website": null, "latitude": 19.2269774, "longitude": 72.8202546, "source_file": "mumbai_green_spaces.kml", "source": "BMC / OpenCity Mumbai Public Gardens, Parks and Zoos dataset", "coordinate_valid": true }, "geometry": { "type": "Point", "coordinates": [ 72.8202546, 19.2269774 ] } },
{ "type": "Feature", "properties": { "green_space_id": "2493", "green_space_name": "Nagdeo Omkareshwar Manoranjan Park", "address": null, "bmc_department": null, "ward_code_source": null, "twitter_handle": null, "website": null, "latitude": 19.2177651, "longitude": 72.8326384, "source_file": "mumbai_green_spaces.kml", "source": "BMC / OpenCity Mumbai Public Gardens, Parks and Zoos dataset", "coordinate_valid": true }, "geometry": { "type": "Point", "coordinates": [ 72.8326384, 19.2177651 ] } },
{ "type": "Feature", "properties": { "green_space_id": "2494", "green_space_name": "Triveny Udyan", "address": null, "bmc_department": null, "ward_code_source": null, "twitter_handle": null, "website": null, "latitude": 19.21689, "longitude": 72.8242331, "source_file": "mumbai_green_spaces.kml", "source": "BMC / OpenCity Mumbai Public Gardens, Parks and Zoos dataset", "coordinate_valid": true }, "geometry": { "type": "Point", "coordinates": [ 72.8242331, 19.21689 ] } },
{ "type": "Feature", "properties": { "green_space_id": "2495", "green_space_name": "Shiv Tirth Udyan", "address": null, "bmc_department": null, "ward_code_source": null, "twitter_handle": null, "website": null, "latitude": 19.2193594, "longitude": 72.8276583, "source_file": "mumbai_green_spaces.kml", "source": "BMC / OpenCity Mumbai Public Gardens, Parks and Zoos dataset", "coordinate_valid": true }, "geometry": { "type": "Point", "coordinates": [ 72.8276583, 19.2193594 ] } },
{ "type": "Feature", "properties": { "green_space_id": "2496", "green_space_name": "Garden near Haryana Bhavan", "address": null, "bmc_department": null, "ward_code_source": null, "twitter_handle": null, "website": null, "latitude": 19.2218402, "longitude": 72.8344295, "source_file": "mumbai_green_spaces.kml", "source": "BMC / OpenCity Mumbai Public Gardens, Parks and Zoos dataset", "coordinate_valid": true }, "geometry": { "type": "Point", "coordinates": [ 72.8344295, 19.2218402 ] } },
{ "type": "Feature", "properties": { "green_space_id": "2497", "green_space_name": "MCGM Play gound near Evershine Club", "address": null, "bmc_department": null, "ward_code_source": null, "twitter_handle": null, "website": null, "latitude": 19.2114969, "longitude": 72.8758855, "source_file": "mumbai_green_spaces.kml", "source": "BMC / OpenCity Mumbai Public Gardens, Parks and Zoos dataset", "coordinate_valid": true }, "geometry": { "type": "Point", "coordinates": [ 72.8758855, 19.2114969 ] } },
{ "type": "Feature", "properties": { "green_space_id": "2498", "green_space_name": "MCGM Stadium", "address": null, "bmc_department": null, "ward_code_source": null, "twitter_handle": null, "website": null, "latitude": 19.2082078, "longitude": 72.875353, "source_file": "mumbai_green_spaces.kml", "source": "BMC / OpenCity Mumbai Public Gardens, Parks and Zoos dataset", "coordinate_valid": true }, "geometry": { "type": "Point", "coordinates": [ 72.875353, 19.2082078 ] } },
{ "type": "Feature", "properties": { "green_space_id": "2499", "green_space_name": "MCGM plot Nr.Thakur Cinema", "address": null, "bmc_department": null, "ward_code_source": null, "twitter_handle": null, "website": null, "latitude": 19.2097333, "longitude": 72.8724596, "source_file": "mumbai_green_spaces.kml", "source": "BMC / OpenCity Mumbai Public Gardens, Parks and Zoos dataset", "coordinate_valid": true }, "geometry": { "type": "Point", "coordinates": [ 72.8724596, 19.2097333 ] } },
{ "type": "Feature", "properties": { "green_space_id": "2500", "green_space_name": "Dr.Babasaheb Ambedkar Maidan MCGM", "address": null, "bmc_department": null, "ward_code_source": null, "twitter_handle": null, "website": null, "latitude": 19.1976563, "longitude": 72.8687708, "source_file": "mumbai_green_spaces.kml", "source": "BMC / OpenCity Mumbai Public Gardens, Parks and Zoos dataset", "coordinate_valid": true }, "geometry": { "type": "Point", "coordinates": [ 72.8687708, 19.1976563 ] } },
{ "type": "Feature", "properties": { "green_space_id": "2501", "green_space_name": "Sardar Vallabhbhai Patel Udyan MCGM", "address": null, "bmc_department": null, "ward_code_source": null, "twitter_handle": null, "website": null, "latitude": 19.1994708, "longitude": 72.8456744, "source_file": "mumbai_green_spaces.kml", "source": "BMC / OpenCity Mumbai Public Gardens, Parks and Zoos dataset", "coordinate_valid": true }, "geometry": { "type": "Point", "coordinates": [ 72.8456744, 19.1994708 ] } },
{ "type": "Feature", "properties": { "green_space_id": "2502", "green_space_name": "Hindu Hriday Samrat Shriman Balasaheb Thakeray Dream park MCGM", "address": null, "bmc_department": null, "ward_code_source": null, "twitter_handle": null, "website": null, "latitude": 19.2127019, "longitude": 72.8758902, "source_file": "mumbai_green_spaces.kml", "source": "BMC / OpenCity Mumbai Public Gardens, Parks and Zoos dataset", "coordinate_valid": true }, "geometry": { "type": "Point", "coordinates": [ 72.8758902, 19.2127019 ] } },
{ "type": "Feature", "properties": { "green_space_id": "2503", "green_space_name": "MCGM plot Opp. Kapol Vidhyanidhi School", "address": null, "bmc_department": null, "ward_code_source": null, "twitter_handle": null, "website": null, "latitude": 19.2099997, "longitude": 72.8436753, "source_file": "mumbai_green_spaces.kml", "source": "BMC / OpenCity Mumbai Public Gardens, Parks and Zoos dataset", "coordinate_valid": true }, "geometry": { "type": "Point", "coordinates": [ 72.8436753, 19.2099997 ] } },
{ "type": "Feature", "properties": { "green_space_id": "2504", "green_space_name": "MCGM plot Nr.Kapol Vidyanidhi Trust", "address": null, "bmc_department": null, "ward_code_source": null, "twitter_handle": null, "website": null, "latitude": 19.2100524, "longitude": 72.8432876, "source_file": "mumbai_green_spaces.kml", "source": "BMC / OpenCity Mumbai Public Gardens, Parks and Zoos dataset", "coordinate_valid": true }, "geometry": { "type": "Point", "coordinates": [ 72.8432876, 19.2100524 ] } },
{ "type": "Feature", "properties": { "green_space_id": "2505", "green_space_name": "Plot bearing C.T.S. No. 116/C, at Mahavir Nagar, Kandivali (W) Mumbai 400067", "address": null, "bmc_department": null, "ward_code_source": null, "twitter_handle": null, "website": null, "latitude": 19.2100314, "longitude": 72.8429287, "source_file": "mumbai_green_spaces.kml", "source": "BMC / OpenCity Mumbai Public Gardens, Parks and Zoos dataset", "coordinate_valid": true }, "geometry": { "type": "Point", "coordinates": [ 72.8429287, 19.2100314 ] } },
{ "type": "Feature", "properties": { "green_space_id": "2506", "green_space_name": "Maji Mukhyamantri Ani Kendriyamantri Vilasrao Deshmukh park MCGM", "address": null, "bmc_department": null, "ward_code_source": null, "twitter_handle": null, "website": null, "latitude": 19.1994394, "longitude": 72.8756332, "source_file": "mumbai_green_spaces.kml", "source": "BMC / OpenCity Mumbai Public Gardens, Parks and Zoos dataset", "coordinate_valid": true }, "geometry": { "type": "Point", "coordinates": [ 72.8756332, 19.1994394 ] } },
{ "type": "Feature", "properties": { "green_space_id": "2507", "green_space_name": "Raje Shivaji Maidan MCGM", "address": null, "bmc_department": null, "ward_code_source": null, "twitter_handle": null, "website": null, "latitude": 19.2128621, "longitude": 72.8256932, "source_file": "mumbai_green_spaces.kml", "source": "BMC / OpenCity Mumbai Public Gardens, Parks and Zoos dataset", "coordinate_valid": true }, "geometry": { "type": "Point", "coordinates": [ 72.8256932, 19.2128621 ] } },
{ "type": "Feature", "properties": { "green_space_id": "2508", "green_space_name": "Dadoji Kondeo Maidan MCGM", "address": null, "bmc_department": null, "ward_code_source": null, "twitter_handle": null, "website": null, "latitude": 19.2129915, "longitude": 72.8215842, "source_file": "mumbai_green_spaces.kml", "source": "BMC / OpenCity Mumbai Public Gardens, Parks and Zoos dataset", "coordinate_valid": true }, "geometry": { "type": "Point", "coordinates": [ 72.8215842, 19.2129915 ] } },
{ "type": "Feature", "properties": { "green_space_id": "2509", "green_space_name": "MCGM Plot Opp.Chandraneel CHS", "address": null, "bmc_department": null, "ward_code_source": null, "twitter_handle": null, "website": null, "latitude": 19.213625, "longitude": 72.8202179, "source_file": "mumbai_green_spaces.kml", "source": "BMC / OpenCity Mumbai Public Gardens, Parks and Zoos dataset", "coordinate_valid": true }, "geometry": { "type": "Point", "coordinates": [ 72.8202179, 19.213625 ] } },
{ "type": "Feature", "properties": { "green_space_id": "2510", "green_space_name": "MCGM Plot at Babrekar Nagar", "address": null, "bmc_department": null, "ward_code_source": null, "twitter_handle": null, "website": null, "latitude": 19.2041528, "longitude": 72.8238104, "source_file": "mumbai_green_spaces.kml", "source": "BMC / OpenCity Mumbai Public Gardens, Parks and Zoos dataset", "coordinate_valid": true }, "geometry": { "type": "Point", "coordinates": [ 72.8238104, 19.2041528 ] } },
{ "type": "Feature", "properties": { "green_space_id": "2511", "green_space_name": "Dr. Shyama Prasad Mukherji Udyan, CTS No. 476,477,428,429", "address": null, "bmc_department": null, "ward_code_source": null, "twitter_handle": null, "website": null, "latitude": 19.2311786, "longitude": 72.8508615, "source_file": "mumbai_green_spaces.kml", "source": "BMC / OpenCity Mumbai Public Gardens, Parks and Zoos dataset", "coordinate_valid": true }, "geometry": { "type": "Point", "coordinates": [ 72.8508615, 19.2311786 ] } },
{ "type": "Feature", "properties": { "green_space_id": "2512", "green_space_name": "Ganjawala Garden, CTS No. 2448,", "address": null, "bmc_department": null, "ward_code_source": null, "twitter_handle": null, "website": null, "latitude": 19.2342379, "longitude": 72.8555339, "source_file": "mumbai_green_spaces.kml", "source": "BMC / OpenCity Mumbai Public Gardens, Parks and Zoos dataset", "coordinate_valid": true }, "geometry": { "type": "Point", "coordinates": [ 72.8555339, 19.2342379 ] } },
{ "type": "Feature", "properties": { "green_space_id": "2513", "green_space_name": "B.G. Khair Udyan", "address": null, "bmc_department": null, "ward_code_source": null, "twitter_handle": null, "website": null, "latitude": 19.2219914, "longitude": 72.8493203, "source_file": "mumbai_green_spaces.kml", "source": "BMC / OpenCity Mumbai Public Gardens, Parks and Zoos dataset", "coordinate_valid": true }, "geometry": { "type": "Point", "coordinates": [ 72.8493203, 19.2219914 ] } },
{ "type": "Feature", "properties": { "green_space_id": "2514", "green_space_name": "CTS No.392/C", "address": null, "bmc_department": null, "ward_code_source": null, "twitter_handle": null, "website": null, "latitude": 19.2379085, "longitude": 72.8497924, "source_file": "mumbai_green_spaces.kml", "source": "BMC / OpenCity Mumbai Public Gardens, Parks and Zoos dataset", "coordinate_valid": true }, "geometry": { "type": "Point", "coordinates": [ 72.8497924, 19.2379085 ] } },
{ "type": "Feature", "properties": { "green_space_id": "2515", "green_space_name": "Pramod Mahajan Udyan,CTS No36/B,37A(pt) ,37 B,37d(pt)", "address": null, "bmc_department": null, "ward_code_source": null, "twitter_handle": null, "website": null, "latitude": 19.2301866, "longitude": 72.8467992, "source_file": "mumbai_green_spaces.kml", "source": "BMC / OpenCity Mumbai Public Gardens, Parks and Zoos dataset", "coordinate_valid": true }, "geometry": { "type": "Point", "coordinates": [ 72.8467992, 19.2301866 ] } },
{ "type": "Feature", "properties": { "green_space_id": "2516", "green_space_name": "Lokmanya Bal Gangadhar Tilak Udyan", "address": null, "bmc_department": null, "ward_code_source": null, "twitter_handle": null, "website": null, "latitude": 19.2331017, "longitude": 72.8360417, "source_file": "mumbai_green_spaces.kml", "source": "BMC / OpenCity Mumbai Public Gardens, Parks and Zoos dataset", "coordinate_valid": true }, "geometry": { "type": "Point", "coordinates": [ 72.8360417, 19.2331017 ] } },
{ "type": "Feature", "properties": { "green_space_id": "2517", "green_space_name": "CTS No. 2230/C, CTS NO 389/C,2231", "address": null, "bmc_department": null, "ward_code_source": null, "twitter_handle": null, "website": null, "latitude": 19.2379666, "longitude": 72.8485918, "source_file": "mumbai_green_spaces.kml", "source": "BMC / OpenCity Mumbai Public Gardens, Parks and Zoos dataset", "coordinate_valid": true }, "geometry": { "type": "Point", "coordinates": [ 72.8485918, 19.2379666 ] } },
{ "type": "Feature", "properties": { "green_space_id": "2518", "green_space_name": "CTS no 1543/A,", "address": null, "bmc_department": null, "ward_code_source": null, "twitter_handle": null, "website": null, "latitude": 19.2396152, "longitude": 72.8432247, "source_file": "mumbai_green_spaces.kml", "source": "BMC / OpenCity Mumbai Public Gardens, Parks and Zoos dataset", "coordinate_valid": true }, "geometry": { "type": "Point", "coordinates": [ 72.8432247, 19.2396152 ] } },
{ "type": "Feature", "properties": { "green_space_id": "2519", "green_space_name": "CTS no - 2389/D, 2392/C", "address": null, "bmc_department": null, "ward_code_source": null, "twitter_handle": null, "website": null, "latitude": 19.2383882, "longitude": 72.8486079, "source_file": "mumbai_green_spaces.kml", "source": "BMC / OpenCity Mumbai Public Gardens, Parks and Zoos dataset", "coordinate_valid": true }, "geometry": { "type": "Point", "coordinates": [ 72.8486079, 19.2383882 ] } },
{ "type": "Feature", "properties": { "green_space_id": "2520", "green_space_name": "CTS no - 287/A", "address": null, "bmc_department": null, "ward_code_source": null, "twitter_handle": null, "website": null, "latitude": 19.2325603, "longitude": 72.8439106, "source_file": "mumbai_green_spaces.kml", "source": "BMC / OpenCity Mumbai Public Gardens, Parks and Zoos dataset", "coordinate_valid": true }, "geometry": { "type": "Point", "coordinates": [ 72.8439106, 19.2325603 ] } },
{ "type": "Feature", "properties": { "green_space_id": "2521", "green_space_name": "CTS NO. 1C/1", "address": null, "bmc_department": null, "ward_code_source": null, "twitter_handle": null, "website": null, "latitude": 19.2173164, "longitude": 72.839557, "source_file": "mumbai_green_spaces.kml", "source": "BMC / OpenCity Mumbai Public Gardens, Parks and Zoos dataset", "coordinate_valid": true }, "geometry": { "type": "Point", "coordinates": [ 72.839557, 19.2173164 ] } },
{ "type": "Feature", "properties": { "green_space_id": "2522", "green_space_name": "Rajiv Gandhi Uyan CTS No. 325, FP No.48C", "address": null, "bmc_department": null, "ward_code_source": null, "twitter_handle": null, "website": null, "latitude": 19.2274173, "longitude": 72.8593492, "source_file": "mumbai_green_spaces.kml", "source": "BMC / OpenCity Mumbai Public Gardens, Parks and Zoos dataset", "coordinate_valid": true }, "geometry": { "type": "Point", "coordinates": [ 72.8593492, 19.2274173 ] } },
{ "type": "Feature", "properties": { "green_space_id": "2523", "green_space_name": "Late Anantrao Bhosle Kridangan CTS No. 183A", "address": null, "bmc_department": null, "ward_code_source": null, "twitter_handle": null, "website": null, "latitude": 19.2195746, "longitude": 72.8685665, "source_file": "mumbai_green_spaces.kml", "source": "BMC / OpenCity Mumbai Public Gardens, Parks and Zoos dataset", "coordinate_valid": true }, "geometry": { "type": "Point", "coordinates": [ 72.8685665, 19.2195746 ] } },
{ "type": "Feature", "properties": { "green_space_id": "2524", "green_space_name": "CTS No.91 (Pt), CTS No,.92(Pt), 89(pt).91B,91 C,", "address": null, "bmc_department": null, "ward_code_source": null, "twitter_handle": null, "website": null, "latitude": 19.2215213, "longitude": 72.8564456, "source_file": "mumbai_green_spaces.kml", "source": "BMC / OpenCity Mumbai Public Gardens, Parks and Zoos dataset", "coordinate_valid": true }, "geometry": { "type": "Point", "coordinates": [ 72.8564456, 19.2215213 ] } },
{ "type": "Feature", "properties": { "green_space_id": "2525", "green_space_name": "C.T.S. No. 60/A/3 (PT)", "address": null, "bmc_department": null, "ward_code_source": null, "twitter_handle": null, "website": null, "latitude": 19.2297208, "longitude": 72.8455864, "source_file": "mumbai_green_spaces.kml", "source": "BMC / OpenCity Mumbai Public Gardens, Parks and Zoos dataset", "coordinate_valid": true }, "geometry": { "type": "Point", "coordinates": [ 72.8455864, 19.2297208 ] } },
{ "type": "Feature", "properties": { "green_space_id": "2526", "green_space_name": "Saptah Maidan CTS No.90,128A/91 (pt), 89A,89/8,92A", "address": null, "bmc_department": null, "ward_code_source": null, "twitter_handle": null, "website": null, "latitude": 19.213018, "longitude": 72.844003, "source_file": "mumbai_green_spaces.kml", "source": "BMC / OpenCity Mumbai Public Gardens, Parks and Zoos dataset", "coordinate_valid": true }, "geometry": { "type": "Point", "coordinates": [ 72.844003, 19.213018 ] } },
{ "type": "Feature", "properties": { "green_space_id": "2527", "green_space_name": "Sardar Vallabh bhai Patel Udyan,CTS No. P.G CTS No.53, 53/4,", "address": null, "bmc_department": null, "ward_code_source": null, "twitter_handle": null, "website": null, "latitude": 19.2146086, "longitude": 72.8454084, "source_file": "mumbai_green_spaces.kml", "source": "BMC / OpenCity Mumbai Public Gardens, Parks and Zoos dataset", "coordinate_valid": true }, "geometry": { "type": "Point", "coordinates": [ 72.8454084, 19.2146086 ] } },
{ "type": "Feature", "properties": { "green_space_id": "2528", "green_space_name": "Plot CTS No.309/9/S.no 43 village Goregaon Goregaon W", "address": null, "bmc_department": null, "ward_code_source": null, "twitter_handle": null, "website": null, "latitude": 19.1758394, "longitude": 72.8403664, "source_file": "mumbai_green_spaces.kml", "source": "BMC / OpenCity Mumbai Public Gardens, Parks and Zoos dataset", "coordinate_valid": true }, "geometry": { "type": "Point", "coordinates": [ 72.8403664, 19.1758394 ] } },
{ "type": "Feature", "properties": { "green_space_id": "2529", "green_space_name": "R.G.CTS No.1185/B,1190/B,1084(pt)village Malad South opp.Shakti motors Link rd,Malad West", "address": null, "bmc_department": null, "ward_code_source": null, "twitter_handle": null, "website": null, "latitude": 19.1753188, "longitude": 72.8376453, "source_file": "mumbai_green_spaces.kml", "source": "BMC / OpenCity Mumbai Public Gardens, Parks and Zoos dataset", "coordinate_valid": true }, "geometry": { "type": "Point", "coordinates": [ 72.8376453, 19.1753188 ] } },
{ "type": "Feature", "properties": { "green_space_id": "2530", "green_space_name": "TDR Plot bearing CTS No. 1104/B village Malad Link road opp.Nirman Industrial Estate Malad West", "address": null, "bmc_department": null, "ward_code_source": null, "twitter_handle": null, "website": null, "latitude": 19.1779639, "longitude": 72.837163, "source_file": "mumbai_green_spaces.kml", "source": "BMC / OpenCity Mumbai Public Gardens, Parks and Zoos dataset", "coordinate_valid": true }, "geometry": { "type": "Point", "coordinates": [ 72.837163, 19.1779639 ] } },
{ "type": "Feature", "properties": { "green_space_id": "2531", "green_space_name": "Sadguru Vamanrao Pai", "address": null, "bmc_department": null, "ward_code_source": null, "twitter_handle": null, "website": null, "latitude": 19.1773926, "longitude": 72.8395119, "source_file": "mumbai_green_spaces.kml", "source": "BMC / OpenCity Mumbai Public Gardens, Parks and Zoos dataset", "coordinate_valid": true }, "geometry": { "type": "Point", "coordinates": [ 72.8395119, 19.1773926 ] } },
{ "type": "Feature", "properties": { "green_space_id": "2532", "green_space_name": "Plot CTS No. 1181/D village Malad/south Malad West", "address": null, "bmc_department": null, "ward_code_source": null, "twitter_handle": null, "website": null, "latitude": 19.175, "longitude": 72.8388889, "source_file": "mumbai_green_spaces.kml", "source": "BMC / OpenCity Mumbai Public Gardens, Parks and Zoos dataset", "coordinate_valid": true }, "geometry": { "type": "Point", "coordinates": [ 72.8388889, 19.175 ] } },
{ "type": "Feature", "properties": { "green_space_id": "2533", "green_space_name": "Plot CTS No. 1223/A/1/1B(pt)new CTS No.1233/A/1/1B/1 village Malad south Goregaon W", "address": null, "bmc_department": null, "ward_code_source": null, "twitter_handle": null, "website": null, "latitude": 19.1772222, "longitude": 72.8405556, "source_file": "mumbai_green_spaces.kml", "source": "BMC / OpenCity Mumbai Public Gardens, Parks and Zoos dataset", "coordinate_valid": true }, "geometry": { "type": "Point", "coordinates": [ 72.8405556, 19.1772222 ] } },
{ "type": "Feature", "properties": { "green_space_id": "2534", "green_space_name": "Plot CTS No. 1178/B village Malad South Malad West", "address": null, "bmc_department": null, "ward_code_source": null, "twitter_handle": null, "website": null, "latitude": 19.1752778, "longitude": 72.8394444, "source_file": "mumbai_green_spaces.kml", "source": "BMC / OpenCity Mumbai Public Gardens, Parks and Zoos dataset", "coordinate_valid": true }, "geometry": { "type": "Point", "coordinates": [ 72.8394444, 19.1752778 ] } },
{ "type": "Feature", "properties": { "green_space_id": "2535", "green_space_name": "Plot CTS No. 1194 village Malad/south Malad West", "address": null, "bmc_department": null, "ward_code_source": null, "twitter_handle": null, "website": null, "latitude": 19.175, "longitude": 72.8388889, "source_file": "mumbai_green_spaces.kml", "source": "BMC / OpenCity Mumbai Public Gardens, Parks and Zoos dataset", "coordinate_valid": true }, "geometry": { "type": "Point", "coordinates": [ 72.8388889, 19.175 ] } },
{ "type": "Feature", "properties": { "green_space_id": "2536", "green_space_name": "TDR Plot bearing CTS No.1230/B(pt) near Infant Jesus School,village Malad South Malad West", "address": null, "bmc_department": null, "ward_code_source": null, "twitter_handle": null, "website": null, "latitude": 19.1775, "longitude": 72.8402778, "source_file": "mumbai_green_spaces.kml", "source": "BMC / OpenCity Mumbai Public Gardens, Parks and Zoos dataset", "coordinate_valid": true }, "geometry": { "type": "Point", "coordinates": [ 72.8402778, 19.1775 ] } },
{ "type": "Feature", "properties": { "green_space_id": "2537", "green_space_name": "TDR Plotbearing CTS No. 1195/2 village Malad South near Acme Plaza Malad W", "address": null, "bmc_department": null, "ward_code_source": null, "twitter_handle": null, "website": null, "latitude": 19.1144444, "longitude": 72.8677778, "source_file": "mumbai_green_spaces.kml", "source": "BMC / OpenCity Mumbai Public Gardens, Parks and Zoos dataset", "coordinate_valid": true }, "geometry": { "type": "Point", "coordinates": [ 72.8677778, 19.1144444 ] } },
{ "type": "Feature", "properties": { "green_space_id": "2538", "green_space_name": "Bharatratna Atal Bihari Vajapayee manoranjan maidan", "address": null, "bmc_department": null, "ward_code_source": null, "twitter_handle": null, "website": null, "latitude": 19.1694444, "longitude": 72.8416667, "source_file": "mumbai_green_spaces.kml", "source": "BMC / OpenCity Mumbai Public Gardens, Parks and Zoos dataset", "coordinate_valid": true }, "geometry": { "type": "Point", "coordinates": [ 72.8416667, 19.1694444 ] } },
{ "type": "Feature", "properties": { "green_space_id": "2539", "green_space_name": "Swatantya Veer Vi.Da.Sawarkar Maidan", "address": null, "bmc_department": null, "ward_code_source": null, "twitter_handle": null, "website": null, "latitude": 19.1691, "longitude": 72.9501, "source_file": "mumbai_green_spaces.kml", "source": "BMC / OpenCity Mumbai Public Gardens, Parks and Zoos dataset", "coordinate_valid": true }, "geometry": { "type": "Point", "coordinates": [ 72.9501, 19.1691 ] } },
{ "type": "Feature", "properties": { "green_space_id": "2540", "green_space_name": "Ranchhodas Harjivan Shah Manoranjan Maidan", "address": null, "bmc_department": null, "ward_code_source": null, "twitter_handle": null, "website": null, "latitude": 19.1687836, "longitude": 72.9492352, "source_file": "mumbai_green_spaces.kml", "source": "BMC / OpenCity Mumbai Public Gardens, Parks and Zoos dataset", "coordinate_valid": true }, "geometry": { "type": "Point", "coordinates": [ 72.9492352, 19.1687836 ] } },
{ "type": "Feature", "properties": { "green_space_id": "2541", "green_space_name": "Mahatma Jyotiba Phule Manoranjana Maidan", "address": null, "bmc_department": null, "ward_code_source": null, "twitter_handle": null, "website": null, "latitude": 19.1744, "longitude": 72.9339, "source_file": "mumbai_green_spaces.kml", "source": "BMC / OpenCity Mumbai Public Gardens, Parks and Zoos dataset", "coordinate_valid": true }, "geometry": { "type": "Point", "coordinates": [ 72.9339, 19.1744 ] } },
{ "type": "Feature", "properties": { "green_space_id": "2542", "green_space_name": "RG, Mulund Village,", "address": null, "bmc_department": null, "ward_code_source": null, "twitter_handle": null, "website": null, "latitude": 19.1789, "longitude": 72.9374, "source_file": "mumbai_green_spaces.kml", "source": "BMC / OpenCity Mumbai Public Gardens, Parks and Zoos dataset", "coordinate_valid": true }, "geometry": { "type": "Point", "coordinates": [ 72.9374, 19.1789 ] } },
{ "type": "Feature", "properties": { "green_space_id": "2543", "green_space_name": "RG at Mulund Colony,", "address": null, "bmc_department": null, "ward_code_source": null, "twitter_handle": null, "website": null, "latitude": 19.1777, "longitude": 72.9388, "source_file": "mumbai_green_spaces.kml", "source": "BMC / OpenCity Mumbai Public Gardens, Parks and Zoos dataset", "coordinate_valid": true }, "geometry": { "type": "Point", "coordinates": [ 72.9388, 19.1777 ] } },
{ "type": "Feature", "properties": { "green_space_id": "2544", "green_space_name": "Raosaaheb Ramrao Patil manoranjan maidan,", "address": null, "bmc_department": null, "ward_code_source": null, "twitter_handle": null, "website": null, "latitude": 19.1735872, "longitude": 72.9713387, "source_file": "mumbai_green_spaces.kml", "source": "BMC / OpenCity Mumbai Public Gardens, Parks and Zoos dataset", "coordinate_valid": true }, "geometry": { "type": "Point", "coordinates": [ 72.9713387, 19.1735872 ] } },
{ "type": "Feature", "properties": { "green_space_id": "2545", "green_space_name": "Dr.APJ Abdul Kalam Manoranjan Maidan,", "address": null, "bmc_department": null, "ward_code_source": null, "twitter_handle": null, "website": null, "latitude": 19.1746, "longitude": 72.9742, "source_file": "mumbai_green_spaces.kml", "source": "BMC / OpenCity Mumbai Public Gardens, Parks and Zoos dataset", "coordinate_valid": true }, "geometry": { "type": "Point", "coordinates": [ 72.9742, 19.1746 ] } },
{ "type": "Feature", "properties": { "green_space_id": "2546", "green_space_name": "RG, Mulund Village,", "address": null, "bmc_department": null, "ward_code_source": null, "twitter_handle": null, "website": null, "latitude": 19.1746, "longitude": 72.9733, "source_file": "mumbai_green_spaces.kml", "source": "BMC / OpenCity Mumbai Public Gardens, Parks and Zoos dataset", "coordinate_valid": true }, "geometry": { "type": "Point", "coordinates": [ 72.9733, 19.1746 ] } },
{ "type": "Feature", "properties": { "green_space_id": "2547", "green_space_name": "Open Space at Khindipada", "address": null, "bmc_department": null, "ward_code_source": null, "twitter_handle": null, "website": null, "latitude": 19.1665519, "longitude": 72.9322567, "source_file": "mumbai_green_spaces.kml", "source": "BMC / OpenCity Mumbai Public Gardens, Parks and Zoos dataset", "coordinate_valid": true }, "geometry": { "type": "Point", "coordinates": [ 72.9322567, 19.1665519 ] } },
{ "type": "Feature", "properties": { "green_space_id": "2548", "green_space_name": "CTS No. 29/4", "address": null, "bmc_department": null, "ward_code_source": null, "twitter_handle": null, "website": null, "latitude": 19.1823, "longitude": 72.9377, "source_file": "mumbai_green_spaces.kml", "source": "BMC / OpenCity Mumbai Public Gardens, Parks and Zoos dataset", "coordinate_valid": true }, "geometry": { "type": "Point", "coordinates": [ 72.9377, 19.1823 ] } },
{ "type": "Feature", "properties": { "green_space_id": "2549", "green_space_name": "Lala Tulsiram Park", "address": null, "bmc_department": null, "ward_code_source": null, "twitter_handle": null, "website": null, "latitude": 19.1761, "longitude": 72.9471, "source_file": "mumbai_green_spaces.kml", "source": "BMC / OpenCity Mumbai Public Gardens, Parks and Zoos dataset", "coordinate_valid": true }, "geometry": { "type": "Point", "coordinates": [ 72.9471, 19.1761 ] } },
{ "type": "Feature", "properties": { "green_space_id": "2550", "green_space_name": "Tarabai Modak Udyan", "address": null, "bmc_department": null, "ward_code_source": null, "twitter_handle": null, "website": null, "latitude": 19.1727773, "longitude": 72.9489211, "source_file": "mumbai_green_spaces.kml", "source": "BMC / OpenCity Mumbai Public Gardens, Parks and Zoos dataset", "coordinate_valid": true }, "geometry": { "type": "Point", "coordinates": [ 72.9489211, 19.1727773 ] } },
{ "type": "Feature", "properties": { "green_space_id": "2551", "green_space_name": "Vijay Nagar Garden", "address": null, "bmc_department": null, "ward_code_source": null, "twitter_handle": null, "website": null, "latitude": 19.171306, "longitude": 72.952111, "source_file": "mumbai_green_spaces.kml", "source": "BMC / OpenCity Mumbai Public Gardens, Parks and Zoos dataset", "coordinate_valid": true }, "geometry": { "type": "Point", "coordinates": [ 72.952111, 19.171306 ] } },
{ "type": "Feature", "properties": { "green_space_id": "2552", "green_space_name": "Pandit Jawaharlal Nehru Shatabdi Udyan", "address": null, "bmc_department": null, "ward_code_source": null, "twitter_handle": null, "website": null, "latitude": 19.1755, "longitude": 72.9357, "source_file": "mumbai_green_spaces.kml", "source": "BMC / OpenCity Mumbai Public Gardens, Parks and Zoos dataset", "coordinate_valid": true }, "geometry": { "type": "Point", "coordinates": [ 72.9357, 19.1755 ] } },
{ "type": "Feature", "properties": { "green_space_id": "2553", "green_space_name": "Dr. C. D. Deshmukh Udyan", "address": null, "bmc_department": null, "ward_code_source": null, "twitter_handle": null, "website": null, "latitude": 19.1726, "longitude": 72.9598, "source_file": "mumbai_green_spaces.kml", "source": "BMC / OpenCity Mumbai Public Gardens, Parks and Zoos dataset", "coordinate_valid": true }, "geometry": { "type": "Point", "coordinates": [ 72.9598, 19.1726 ] } },
{ "type": "Feature", "properties": { "green_space_id": "2554", "green_space_name": "Swatantrveer savarkar manoranjan maidan", "address": null, "bmc_department": null, "ward_code_source": null, "twitter_handle": null, "website": null, "latitude": 19.174783, "longitude": 72.8310261, "source_file": "mumbai_green_spaces.kml", "source": "BMC / OpenCity Mumbai Public Gardens, Parks and Zoos dataset", "coordinate_valid": true }, "geometry": { "type": "Point", "coordinates": [ 72.8310261, 19.174783 ] } },
{ "type": "Feature", "properties": { "green_space_id": "2555", "green_space_name": "Shahid Vijay Salaskar Manoranjan Maidan", "address": null, "bmc_department": null, "ward_code_source": null, "twitter_handle": null, "website": null, "latitude": 19.1752778, "longitude": 72.8733333, "source_file": "mumbai_green_spaces.kml", "source": "BMC / OpenCity Mumbai Public Gardens, Parks and Zoos dataset", "coordinate_valid": true }, "geometry": { "type": "Point", "coordinates": [ 72.8733333, 19.1752778 ] } },
{ "type": "Feature", "properties": { "green_space_id": "2556", "green_space_name": "Plot CTS No. 620/F,621/D,CTS No.620/F,village chincholi,Goregaon/East", "address": null, "bmc_department": null, "ward_code_source": null, "twitter_handle": null, "website": null, "latitude": 19.1699624, "longitude": 72.8745472, "source_file": "mumbai_green_spaces.kml", "source": "BMC / OpenCity Mumbai Public Gardens, Parks and Zoos dataset", "coordinate_valid": true }, "geometry": { "type": "Point", "coordinates": [ 72.8745472, 19.1699624 ] } },
{ "type": "Feature", "properties": { "green_space_id": "2557", "green_space_name": "Plot CTS No.184/G,S.No.61,71,74 village pahadi,gogtewadi/opp. Walia terrace Goregaon East", "address": null, "bmc_department": null, "ward_code_source": null, "twitter_handle": null, "website": null, "latitude": 19.1683333, "longitude": 72.8522222, "source_file": "mumbai_green_spaces.kml", "source": "BMC / OpenCity Mumbai Public Gardens, Parks and Zoos dataset", "coordinate_valid": true }, "geometry": { "type": "Point", "coordinates": [ 72.8522222, 19.1683333 ] } },
{ "type": "Feature", "properties": { "green_space_id": "2558", "green_space_name": "Plot CTS No. 97/A/23/B Upper Govind nagar Malad E", "address": null, "bmc_department": null, "ward_code_source": null, "twitter_handle": null, "website": null, "latitude": 19.1755556, "longitude": 72.8516667, "source_file": "mumbai_green_spaces.kml", "source": "BMC / OpenCity Mumbai Public Gardens, Parks and Zoos dataset", "coordinate_valid": true }, "geometry": { "type": "Point", "coordinates": [ 72.8516667, 19.1755556 ] } },
{ "type": "Feature", "properties": { "green_space_id": "2559", "green_space_name": "R.G. C.T.S. Plot No.586/7/A S. No. 139, Near Hub Mall. W.E. Highway Goregaon (E)", "address": null, "bmc_department": null, "ward_code_source": null, "twitter_handle": null, "website": null, "latitude": 19.1558333, "longitude": 72.8555556, "source_file": "mumbai_green_spaces.kml", "source": "BMC / OpenCity Mumbai Public Gardens, Parks and Zoos dataset", "coordinate_valid": true }, "geometry": { "type": "Point", "coordinates": [ 72.8555556, 19.1558333 ] } },
{ "type": "Feature", "properties": { "green_space_id": "2560", "green_space_name": "Plot CTS No. 201/B-3,village Goregaon East", "address": null, "bmc_department": null, "ward_code_source": null, "twitter_handle": null, "website": null, "latitude": 19.1438889, "longitude": 72.8541667, "source_file": "mumbai_green_spaces.kml", "source": "BMC / OpenCity Mumbai Public Gardens, Parks and Zoos dataset", "coordinate_valid": true }, "geometry": { "type": "Point", "coordinates": [ 72.8541667, 19.1438889 ] } },
{ "type": "Feature", "properties": { "green_space_id": "2561", "green_space_name": "Plot CTS No. 257/E/2A (pt),S.No.139 village pahadi Goregaon East", "address": null, "bmc_department": null, "ward_code_source": null, "twitter_handle": null, "website": null, "latitude": 19.1533333, "longitude": 72.8530556, "source_file": "mumbai_green_spaces.kml", "source": "BMC / OpenCity Mumbai Public Gardens, Parks and Zoos dataset", "coordinate_valid": true }, "geometry": { "type": "Point", "coordinates": [ 72.8530556, 19.1533333 ] } },
{ "type": "Feature", "properties": { "green_space_id": "2562", "green_space_name": "Plot bearing CTS No. 586/8/A S.No.139 village pahadi Goregaon Goregaon E", "address": null, "bmc_department": null, "ward_code_source": null, "twitter_handle": null, "website": null, "latitude": 19.1558333, "longitude": 72.8566667, "source_file": "mumbai_green_spaces.kml", "source": "BMC / OpenCity Mumbai Public Gardens, Parks and Zoos dataset", "coordinate_valid": true }, "geometry": { "type": "Point", "coordinates": [ 72.8566667, 19.1558333 ] } },
{ "type": "Feature", "properties": { "green_space_id": "2563", "green_space_name": "R.G.CTS No.900/A/2 village pahadi Goregaon at Piramal nagar Goregaon W", "address": null, "bmc_department": null, "ward_code_source": null, "twitter_handle": null, "website": null, "latitude": 19.1686111, "longitude": 72.8483333, "source_file": "mumbai_green_spaces.kml", "source": "BMC / OpenCity Mumbai Public Gardens, Parks and Zoos dataset", "coordinate_valid": true }, "geometry": { "type": "Point", "coordinates": [ 72.8483333, 19.1686111 ] } },
{ "type": "Feature", "properties": { "green_space_id": "2564", "green_space_name": "Lal Bahadur Shastri R.G.", "address": null, "bmc_department": null, "ward_code_source": null, "twitter_handle": null, "website": null, "latitude": 19.1609843, "longitude": 72.8357217, "source_file": "mumbai_green_spaces.kml", "source": "BMC / OpenCity Mumbai Public Gardens, Parks and Zoos dataset", "coordinate_valid": true }, "geometry": { "type": "Point", "coordinates": [ 72.8357217, 19.1609843 ] } },
{ "type": "Feature", "properties": { "green_space_id": "2565", "green_space_name": "Vedprakash Chadda Garden", "address": null, "bmc_department": null, "ward_code_source": null, "twitter_handle": null, "website": null, "latitude": 19.1619444, "longitude": 72.8461111, "source_file": "mumbai_green_spaces.kml", "source": "BMC / OpenCity Mumbai Public Gardens, Parks and Zoos dataset", "coordinate_valid": true }, "geometry": { "type": "Point", "coordinates": [ 72.8461111, 19.1619444 ] } },
{ "type": "Feature", "properties": { "green_space_id": "2566", "green_space_name": "Pandit deendayal uapdhyay udyan", "address": null, "bmc_department": null, "ward_code_source": null, "twitter_handle": null, "website": null, "latitude": 19.1541447, "longitude": 72.83085, "source_file": "mumbai_green_spaces.kml", "source": "BMC / OpenCity Mumbai Public Gardens, Parks and Zoos dataset", "coordinate_valid": true }, "geometry": { "type": "Point", "coordinates": [ 72.83085, 19.1541447 ] } },
{ "type": "Feature", "properties": { "green_space_id": "2567", "green_space_name": "Sankalp Siddhi Ganesh Maidan", "address": null, "bmc_department": null, "ward_code_source": null, "twitter_handle": null, "website": null, "latitude": 19.1575, "longitude": 72.8372222, "source_file": "mumbai_green_spaces.kml", "source": "BMC / OpenCity Mumbai Public Gardens, Parks and Zoos dataset", "coordinate_valid": true }, "geometry": { "type": "Point", "coordinates": [ 72.8372222, 19.1575 ] } },
{ "type": "Feature", "properties": { "green_space_id": "2568", "green_space_name": "Shree Swami Samarth Manoranjan Maidan", "address": null, "bmc_department": null, "ward_code_source": null, "twitter_handle": null, "website": null, "latitude": 19.1731, "longitude": 72.9677, "source_file": "mumbai_green_spaces.kml", "source": "BMC / OpenCity Mumbai Public Gardens, Parks and Zoos dataset", "coordinate_valid": true }, "geometry": { "type": "Point", "coordinates": [ 72.9677, 19.1731 ] } },
{ "type": "Feature", "properties": { "green_space_id": "2569", "green_space_name": "Sharad Chavan Udyan", "address": null, "bmc_department": null, "ward_code_source": null, "twitter_handle": null, "website": null, "latitude": 19.1682, "longitude": 72.9589, "source_file": "mumbai_green_spaces.kml", "source": "BMC / OpenCity Mumbai Public Gardens, Parks and Zoos dataset", "coordinate_valid": true }, "geometry": { "type": "Point", "coordinates": [ 72.9589, 19.1682 ] } },
{ "type": "Feature", "properties": { "green_space_id": "2570", "green_space_name": "Tukaram Mangalya Vaity Park", "address": null, "bmc_department": null, "ward_code_source": null, "twitter_handle": null, "website": null, "latitude": 19.1643, "longitude": 72.9638015, "source_file": "mumbai_green_spaces.kml", "source": "BMC / OpenCity Mumbai Public Gardens, Parks and Zoos dataset", "coordinate_valid": true }, "geometry": { "type": "Point", "coordinates": [ 72.9638015, 19.1643 ] } },
{ "type": "Feature", "properties": { "green_space_id": "2571", "green_space_name": "Hutatma Madanlal Dhingra Kridangan,", "address": null, "bmc_department": null, "ward_code_source": null, "twitter_handle": null, "website": null, "latitude": 19.1664412, "longitude": 72.9560303, "source_file": "mumbai_green_spaces.kml", "source": "BMC / OpenCity Mumbai Public Gardens, Parks and Zoos dataset", "coordinate_valid": true }, "geometry": { "type": "Point", "coordinates": [ 72.9560303, 19.1664412 ] } },
{ "type": "Feature", "properties": { "green_space_id": "2572", "green_space_name": "Dr. Babasaheb Ambedkar Kridangan", "address": null, "bmc_department": null, "ward_code_source": null, "twitter_handle": null, "website": null, "latitude": 19.1818482, "longitude": 72.9534535, "source_file": "mumbai_green_spaces.kml", "source": "BMC / OpenCity Mumbai Public Gardens, Parks and Zoos dataset", "coordinate_valid": true }, "geometry": { "type": "Point", "coordinates": [ 72.9534535, 19.1818482 ] } },
{ "type": "Feature", "properties": { "green_space_id": "2573", "green_space_name": "P.G.Village Mulund, C.T.S. No. 29/5,", "address": null, "bmc_department": null, "ward_code_source": null, "twitter_handle": null, "website": null, "latitude": 19.1821, "longitude": 72.9382, "source_file": "mumbai_green_spaces.kml", "source": "BMC / OpenCity Mumbai Public Gardens, Parks and Zoos dataset", "coordinate_valid": true }, "geometry": { "type": "Point", "coordinates": [ 72.9382, 19.1821 ] } },
{ "type": "Feature", "properties": { "green_space_id": "2574", "green_space_name": "PG , CTS NO.29/11,", "address": null, "bmc_department": null, "ward_code_source": null, "twitter_handle": null, "website": null, "latitude": 19.1813569, "longitude": 72.9414091, "source_file": "mumbai_green_spaces.kml", "source": "BMC / OpenCity Mumbai Public Gardens, Parks and Zoos dataset", "coordinate_valid": true }, "geometry": { "type": "Point", "coordinates": [ 72.9414091, 19.1813569 ] } },
{ "type": "Feature", "properties": { "green_space_id": "2575", "green_space_name": "Arybhatta Udyan, C.T.S. No.1328,1329,1333,1334", "address": null, "bmc_department": null, "ward_code_source": null, "twitter_handle": null, "website": null, "latitude": 19.1696, "longitude": 72.9532, "source_file": "mumbai_green_spaces.kml", "source": "BMC / OpenCity Mumbai Public Gardens, Parks and Zoos dataset", "coordinate_valid": true }, "geometry": { "type": "Point", "coordinates": [ 72.9532, 19.1696 ] } },
{ "type": "Feature", "properties": { "green_space_id": "2576", "green_space_name": "Rajeev Gandhi Kridangan,", "address": null, "bmc_department": null, "ward_code_source": null, "twitter_handle": null, "website": null, "latitude": 19.1631, "longitude": 72.9476, "source_file": "mumbai_green_spaces.kml", "source": "BMC / OpenCity Mumbai Public Gardens, Parks and Zoos dataset", "coordinate_valid": true }, "geometry": { "type": "Point", "coordinates": [ 72.9476, 19.1631 ] } },
{ "type": "Feature", "properties": { "green_space_id": "2577", "green_space_name": "Rajeev Gandhi Kridangan,", "address": null, "bmc_department": null, "ward_code_source": null, "twitter_handle": null, "website": null, "latitude": 19.1756, "longitude": 72.938, "source_file": "mumbai_green_spaces.kml", "source": "BMC / OpenCity Mumbai Public Gardens, Parks and Zoos dataset", "coordinate_valid": true }, "geometry": { "type": "Point", "coordinates": [ 72.938, 19.1756 ] } },
{ "type": "Feature", "properties": { "green_space_id": "2578", "green_space_name": "Jainacharya Vijay Vallabha Suri Kridangan,", "address": null, "bmc_department": null, "ward_code_source": null, "twitter_handle": null, "website": null, "latitude": 19.1625, "longitude": 72.9437, "source_file": "mumbai_green_spaces.kml", "source": "BMC / OpenCity Mumbai Public Gardens, Parks and Zoos dataset", "coordinate_valid": true }, "geometry": { "type": "Point", "coordinates": [ 72.9437, 19.1625 ] } },
{ "type": "Feature", "properties": { "green_space_id": "2579", "green_space_name": "P.G. P.K.Road Extn.,", "address": null, "bmc_department": null, "ward_code_source": null, "twitter_handle": null, "website": null, "latitude": 19.1636, "longitude": 72.9416, "source_file": "mumbai_green_spaces.kml", "source": "BMC / OpenCity Mumbai Public Gardens, Parks and Zoos dataset", "coordinate_valid": true }, "geometry": { "type": "Point", "coordinates": [ 72.9416, 19.1636 ] } },
{ "type": "Feature", "properties": { "green_space_id": "2580", "green_space_name": "Chhatrapati Sambhaji Raje Maidan,", "address": null, "bmc_department": null, "ward_code_source": null, "twitter_handle": null, "website": null, "latitude": 19.1687, "longitude": 72.9643, "source_file": "mumbai_green_spaces.kml", "source": "BMC / OpenCity Mumbai Public Gardens, Parks and Zoos dataset", "coordinate_valid": true }, "geometry": { "type": "Point", "coordinates": [ 72.9643, 19.1687 ] } },
{ "type": "Feature", "properties": { "green_space_id": "2581", "green_space_name": "P.G. C.T.S. no. 147 , ,CTs No.155 A/4", "address": null, "bmc_department": null, "ward_code_source": null, "twitter_handle": null, "website": null, "latitude": 19.1745414, "longitude": 72.964145, "source_file": "mumbai_green_spaces.kml", "source": "BMC / OpenCity Mumbai Public Gardens, Parks and Zoos dataset", "coordinate_valid": true }, "geometry": { "type": "Point", "coordinates": [ 72.964145, 19.1745414 ] } },
{ "type": "Feature", "properties": { "green_space_id": "2582", "green_space_name": "Dattaji Tamhane Maidan,PG CTS No. 95/13/E", "address": null, "bmc_department": null, "ward_code_source": null, "twitter_handle": null, "website": null, "latitude": 19.1736, "longitude": 72.9712, "source_file": "mumbai_green_spaces.kml", "source": "BMC / OpenCity Mumbai Public Gardens, Parks and Zoos dataset", "coordinate_valid": true }, "geometry": { "type": "Point", "coordinates": [ 72.9712, 19.1736 ] } },
{ "type": "Feature", "properties": { "green_space_id": "2583", "green_space_name": "PG 87/4B Hariom nagar, Mulund (E).", "address": null, "bmc_department": null, "ward_code_source": null, "twitter_handle": null, "website": null, "latitude": 19.1756, "longitude": 72.9734, "source_file": "mumbai_green_spaces.kml", "source": "BMC / OpenCity Mumbai Public Gardens, Parks and Zoos dataset", "coordinate_valid": true }, "geometry": { "type": "Point", "coordinates": [ 72.9734, 19.1756 ] } },
{ "type": "Feature", "properties": { "green_space_id": "2584", "green_space_name": "PG CTS NO.1063/B", "address": null, "bmc_department": null, "ward_code_source": null, "twitter_handle": null, "website": null, "latitude": 19.1618, "longitude": 72.955, "source_file": "mumbai_green_spaces.kml", "source": "BMC / OpenCity Mumbai Public Gardens, Parks and Zoos dataset", "coordinate_valid": true }, "geometry": { "type": "Point", "coordinates": [ 72.955, 19.1618 ] } },
{ "type": "Feature", "properties": { "green_space_id": "2585", "green_space_name": "PG Plot CTS No.1110/11", "address": null, "bmc_department": null, "ward_code_source": null, "twitter_handle": null, "website": null, "latitude": 19.1733347, "longitude": 72.9468689, "source_file": "mumbai_green_spaces.kml", "source": "BMC / OpenCity Mumbai Public Gardens, Parks and Zoos dataset", "coordinate_valid": true }, "geometry": { "type": "Point", "coordinates": [ 72.9468689, 19.1733347 ] } },
{ "type": "Feature", "properties": { "green_space_id": "2586", "green_space_name": "R. G. Village Mulund (Afforsation plot)", "address": null, "bmc_department": null, "ward_code_source": null, "twitter_handle": null, "website": null, "latitude": 19.1806, "longitude": 72.9383, "source_file": "mumbai_green_spaces.kml", "source": "BMC / OpenCity Mumbai Public Gardens, Parks and Zoos dataset", "coordinate_valid": true }, "geometry": { "type": "Point", "coordinates": [ 72.9383, 19.1806 ] } },
{ "type": "Feature", "properties": { "green_space_id": "2587", "green_space_name": "Vrindavan Manoranjan Maindan", "address": null, "bmc_department": null, "ward_code_source": null, "twitter_handle": null, "website": null, "latitude": 19.1851, "longitude": 72.9509, "source_file": "mumbai_green_spaces.kml", "source": "BMC / OpenCity Mumbai Public Gardens, Parks and Zoos dataset", "coordinate_valid": true }, "geometry": { "type": "Point", "coordinates": [ 72.9509, 19.1851 ] } },
{ "type": "Feature", "properties": { "green_space_id": "2588", "green_space_name": "Shasan Samrat Achary Dev Shri Nemisuri Manoranjan Maidan,", "address": null, "bmc_department": null, "ward_code_source": null, "twitter_handle": null, "website": null, "latitude": 19.1796, "longitude": 72.9464, "source_file": "mumbai_green_spaces.kml", "source": "BMC / OpenCity Mumbai Public Gardens, Parks and Zoos dataset", "coordinate_valid": true }, "geometry": { "type": "Point", "coordinates": [ 72.9464, 19.1796 ] } },
{ "type": "Feature", "properties": { "green_space_id": "2589", "green_space_name": "Barku Govind Patil Manoranjan Maidan", "address": null, "bmc_department": null, "ward_code_source": null, "twitter_handle": null, "website": null, "latitude": 19.1825, "longitude": 72.9559, "source_file": "mumbai_green_spaces.kml", "source": "BMC / OpenCity Mumbai Public Gardens, Parks and Zoos dataset", "coordinate_valid": true }, "geometry": { "type": "Point", "coordinates": [ 72.9559, 19.1825 ] } },
{ "type": "Feature", "properties": { "green_space_id": "2590", "green_space_name": "Open Space at Khindipada", "address": null, "bmc_department": null, "ward_code_source": null, "twitter_handle": null, "website": null, "latitude": 19.166953, "longitude": 72.9321978, "source_file": "mumbai_green_spaces.kml", "source": "BMC / OpenCity Mumbai Public Gardens, Parks and Zoos dataset", "coordinate_valid": true }, "geometry": { "type": "Point", "coordinates": [ 72.9321978, 19.166953 ] } },
{ "type": "Feature", "properties": { "green_space_id": "2591", "green_space_name": "Siddharth Udyan", "address": null, "bmc_department": null, "ward_code_source": null, "twitter_handle": null, "website": null, "latitude": 19.177556, "longitude": 72.953389, "source_file": "mumbai_green_spaces.kml", "source": "BMC / OpenCity Mumbai Public Gardens, Parks and Zoos dataset", "coordinate_valid": true }, "geometry": { "type": "Point", "coordinates": [ 72.953389, 19.177556 ] } },
{ "type": "Feature", "properties": { "green_space_id": "2592", "green_space_name": "Shahid Sonar Bungla", "address": null, "bmc_department": null, "ward_code_source": null, "twitter_handle": null, "website": null, "latitude": 19.175, "longitude": 72.9478, "source_file": "mumbai_green_spaces.kml", "source": "BMC / OpenCity Mumbai Public Gardens, Parks and Zoos dataset", "coordinate_valid": true }, "geometry": { "type": "Point", "coordinates": [ 72.9478, 19.175 ] } },
{ "type": "Feature", "properties": { "green_space_id": "2593", "green_space_name": "Harish Murarji Thakkar Khelache Maidan,", "address": null, "bmc_department": null, "ward_code_source": null, "twitter_handle": null, "website": null, "latitude": 19.1683, "longitude": 72.9495, "source_file": "mumbai_green_spaces.kml", "source": "BMC / OpenCity Mumbai Public Gardens, Parks and Zoos dataset", "coordinate_valid": true }, "geometry": { "type": "Point", "coordinates": [ 72.9495, 19.1683 ] } },
{ "type": "Feature", "properties": { "green_space_id": "2594", "green_space_name": "Mother Teressa Kridangan,", "address": null, "bmc_department": null, "ward_code_source": null, "twitter_handle": null, "website": null, "latitude": 19.1658, "longitude": 72.9458, "source_file": "mumbai_green_spaces.kml", "source": "BMC / OpenCity Mumbai Public Gardens, Parks and Zoos dataset", "coordinate_valid": true }, "geometry": { "type": "Point", "coordinates": [ 72.9458, 19.1658 ] } },
{ "type": "Feature", "properties": { "green_space_id": "2595", "green_space_name": "P.G. Near Dashamesh School,", "address": null, "bmc_department": null, "ward_code_source": null, "twitter_handle": null, "website": null, "latitude": 19.1761, "longitude": 72.9372, "source_file": "mumbai_green_spaces.kml", "source": "BMC / OpenCity Mumbai Public Gardens, Parks and Zoos dataset", "coordinate_valid": true }, "geometry": { "type": "Point", "coordinates": [ 72.9372, 19.1761 ] } },
{ "type": "Feature", "properties": { "green_space_id": "2596", "green_space_name": "P.G. L.B.S. Road,", "address": null, "bmc_department": null, "ward_code_source": null, "twitter_handle": null, "website": null, "latitude": 19.1679328, "longitude": 72.9397795, "source_file": "mumbai_green_spaces.kml", "source": "BMC / OpenCity Mumbai Public Gardens, Parks and Zoos dataset", "coordinate_valid": true }, "geometry": { "type": "Point", "coordinates": [ 72.9397795, 19.1679328 ] } },
{ "type": "Feature", "properties": { "green_space_id": "2597", "green_space_name": "P.G. Plot No. 29,", "address": null, "bmc_department": null, "ward_code_source": null, "twitter_handle": null, "website": null, "latitude": 19.1739, "longitude": 72.9372, "source_file": "mumbai_green_spaces.kml", "source": "BMC / OpenCity Mumbai Public Gardens, Parks and Zoos dataset", "coordinate_valid": true }, "geometry": { "type": "Point", "coordinates": [ 72.9372, 19.1739 ] } },
{ "type": "Feature", "properties": { "green_space_id": "2598", "green_space_name": "Mavala Sambhaji Kavaji Kondhalkar Kridangan,(Nana Nani Park)Savarkar Road,", "address": null, "bmc_department": null, "ward_code_source": null, "twitter_handle": null, "website": null, "latitude": 19.1723198, "longitude": 72.9665364, "source_file": "mumbai_green_spaces.kml", "source": "BMC / OpenCity Mumbai Public Gardens, Parks and Zoos dataset", "coordinate_valid": true }, "geometry": { "type": "Point", "coordinates": [ 72.9665364, 19.1723198 ] } },
{ "type": "Feature", "properties": { "green_space_id": "2599", "green_space_name": "Mavala Jiva Mahala Kridangan,", "address": null, "bmc_department": null, "ward_code_source": null, "twitter_handle": null, "website": null, "latitude": 19.1695155, "longitude": 72.9650951, "source_file": "mumbai_green_spaces.kml", "source": "BMC / OpenCity Mumbai Public Gardens, Parks and Zoos dataset", "coordinate_valid": true }, "geometry": { "type": "Point", "coordinates": [ 72.9650951, 19.1695155 ] } },
{ "type": "Feature", "properties": { "green_space_id": "2600", "green_space_name": "HinduHrudaySamrat Balasaheb Thakare Maidan,", "address": null, "bmc_department": null, "ward_code_source": null, "twitter_handle": null, "website": null, "latitude": 19.1687389, "longitude": 72.9605993, "source_file": "mumbai_green_spaces.kml", "source": "BMC / OpenCity Mumbai Public Gardens, Parks and Zoos dataset", "coordinate_valid": true }, "geometry": { "type": "Point", "coordinates": [ 72.9605993, 19.1687389 ] } },
{ "type": "Feature", "properties": { "green_space_id": "2601", "green_space_name": "छत्रपती संभाजी महाराज मैदान", "address": null, "bmc_department": null, "ward_code_source": null, "twitter_handle": null, "website": null, "latitude": 19.123176, "longitude": 72.888454, "source_file": "mumbai_green_spaces.kml", "source": "BMC / OpenCity Mumbai Public Gardens, Parks and Zoos dataset", "coordinate_valid": true }, "geometry": { "type": "Point", "coordinates": [ 72.888454, 19.123176 ] } },
{ "type": "Feature", "properties": { "green_space_id": "2602", "green_space_name": "सुभेदार रामजी मालोजी आंबेडकर खेळाचे मैदान", "address": null, "bmc_department": null, "ward_code_source": null, "twitter_handle": null, "website": null, "latitude": 19.119302, "longitude": 72.887443, "source_file": "mumbai_green_spaces.kml", "source": "BMC / OpenCity Mumbai Public Gardens, Parks and Zoos dataset", "coordinate_valid": true }, "geometry": { "type": "Point", "coordinates": [ 72.887443, 19.119302 ] } },
{ "type": "Feature", "properties": { "green_space_id": "2603", "green_space_name": "PG CTS No. 1304 at Ganesh Visarjan Talao,", "address": null, "bmc_department": null, "ward_code_source": null, "twitter_handle": null, "website": null, "latitude": 19.175547, "longitude": 72.972099, "source_file": "mumbai_green_spaces.kml", "source": "BMC / OpenCity Mumbai Public Gardens, Parks and Zoos dataset", "coordinate_valid": true }, "geometry": { "type": "Point", "coordinates": [ 72.972099, 19.175547 ] } },
{ "type": "Feature", "properties": { "green_space_id": "2604", "green_space_name": "Sardar Pratap Singh Manoranjan Maidan", "address": null, "bmc_department": null, "ward_code_source": null, "twitter_handle": null, "website": null, "latitude": 19.1805, "longitude": 72.9389, "source_file": "mumbai_green_spaces.kml", "source": "BMC / OpenCity Mumbai Public Gardens, Parks and Zoos dataset", "coordinate_valid": true }, "geometry": { "type": "Point", "coordinates": [ 72.9389, 19.1805 ] } },
{ "type": "Feature", "properties": { "green_space_id": "2605", "green_space_name": "Shahid Ashok Kamate Manoranjan Maidan", "address": null, "bmc_department": null, "ward_code_source": null, "twitter_handle": null, "website": null, "latitude": 19.1819, "longitude": 72.939, "source_file": "mumbai_green_spaces.kml", "source": "BMC / OpenCity Mumbai Public Gardens, Parks and Zoos dataset", "coordinate_valid": true }, "geometry": { "type": "Point", "coordinates": [ 72.939, 19.1819 ] } },
{ "type": "Feature", "properties": { "green_space_id": "2606", "green_space_name": "Sant Odhavramji Maharaj Manoranjan Maidan", "address": null, "bmc_department": null, "ward_code_source": null, "twitter_handle": null, "website": null, "latitude": 19.1806676, "longitude": 72.9413127, "source_file": "mumbai_green_spaces.kml", "source": "BMC / OpenCity Mumbai Public Gardens, Parks and Zoos dataset", "coordinate_valid": true }, "geometry": { "type": "Point", "coordinates": [ 72.9413127, 19.1806676 ] } },
{ "type": "Feature", "properties": { "green_space_id": "2607", "green_space_name": "R. G.Near Sagar Garden Society,", "address": null, "bmc_department": null, "ward_code_source": null, "twitter_handle": null, "website": null, "latitude": 19.1689628, "longitude": 72.939753, "source_file": "mumbai_green_spaces.kml", "source": "BMC / OpenCity Mumbai Public Gardens, Parks and Zoos dataset", "coordinate_valid": true }, "geometry": { "type": "Point", "coordinates": [ 72.939753, 19.1689628 ] } },
{ "type": "Feature", "properties": { "green_space_id": "2608", "green_space_name": "P.G. , Powai Chowk,", "address": null, "bmc_department": null, "ward_code_source": null, "twitter_handle": null, "website": null, "latitude": 19.1732, "longitude": 72.9358, "source_file": "mumbai_green_spaces.kml", "source": "BMC / OpenCity Mumbai Public Gardens, Parks and Zoos dataset", "coordinate_valid": true }, "geometry": { "type": "Point", "coordinates": [ 72.9358, 19.1732 ] } },
{ "type": "Feature", "properties": { "green_space_id": "2609", "green_space_name": "Damodar Pandu Vaiti Manoranjan Maidan,", "address": null, "bmc_department": null, "ward_code_source": null, "twitter_handle": null, "website": null, "latitude": 19.1753362, "longitude": 72.9642391, "source_file": "mumbai_green_spaces.kml", "source": "BMC / OpenCity Mumbai Public Gardens, Parks and Zoos dataset", "coordinate_valid": true }, "geometry": { "type": "Point", "coordinates": [ 72.9642391, 19.1753362 ] } },
{ "type": "Feature", "properties": { "green_space_id": "2610", "green_space_name": "Shahid Prakash More Maidan", "address": null, "bmc_department": null, "ward_code_source": null, "twitter_handle": null, "website": null, "latitude": 19.175547, "longitude": 72.972099, "source_file": "mumbai_green_spaces.kml", "source": "BMC / OpenCity Mumbai Public Gardens, Parks and Zoos dataset", "coordinate_valid": true }, "geometry": { "type": "Point", "coordinates": [ 72.972099, 19.175547 ] } },
{ "type": "Feature", "properties": { "green_space_id": "2611", "green_space_name": "Garden near Mithagar Ganesh Visarjan Talao,", "address": null, "bmc_department": null, "ward_code_source": null, "twitter_handle": null, "website": null, "latitude": 19.175547, "longitude": 72.972099, "source_file": "mumbai_green_spaces.kml", "source": "BMC / OpenCity Mumbai Public Gardens, Parks and Zoos dataset", "coordinate_valid": true }, "geometry": { "type": "Point", "coordinates": [ 72.972099, 19.175547 ] } },
{ "type": "Feature", "properties": { "green_space_id": "2612", "green_space_name": "Bagwan Gautham Buddha Udyan", "address": null, "bmc_department": null, "ward_code_source": null, "twitter_handle": null, "website": null, "latitude": 19.0084917, "longitude": 72.8150774, "source_file": "mumbai_green_spaces.kml", "source": "BMC / OpenCity Mumbai Public Gardens, Parks and Zoos dataset", "coordinate_valid": true }, "geometry": { "type": "Point", "coordinates": [ 72.8150774, 19.0084917 ] } },
{ "type": "Feature", "properties": { "green_space_id": "2613", "green_space_name": "Bhagavan Mahavir Udyan", "address": null, "bmc_department": null, "ward_code_source": null, "twitter_handle": null, "website": null, "latitude": 19.0103458, "longitude": 72.8188112, "source_file": "mumbai_green_spaces.kml", "source": "BMC / OpenCity Mumbai Public Gardens, Parks and Zoos dataset", "coordinate_valid": true }, "geometry": { "type": "Point", "coordinates": [ 72.8188112, 19.0103458 ] } },
{ "type": "Feature", "properties": { "green_space_id": "2614", "green_space_name": "Municipal Garden", "address": null, "bmc_department": null, "ward_code_source": null, "twitter_handle": null, "website": null, "latitude": 19.0382141, "longitude": 72.849193, "source_file": "mumbai_green_spaces.kml", "source": "BMC / OpenCity Mumbai Public Gardens, Parks and Zoos dataset", "coordinate_valid": true }, "geometry": { "type": "Point", "coordinates": [ 72.849193, 19.0382141 ] } },
{ "type": "Feature", "properties": { "green_space_id": "2615", "green_space_name": "Shri. Keshavrao Daate Udyaan", "address": null, "bmc_department": null, "ward_code_source": null, "twitter_handle": null, "website": null, "latitude": 19.0172883, "longitude": 72.8373952, "source_file": "mumbai_green_spaces.kml", "source": "BMC / OpenCity Mumbai Public Gardens, Parks and Zoos dataset", "coordinate_valid": true }, "geometry": { "type": "Point", "coordinates": [ 72.8373952, 19.0172883 ] } },
{ "type": "Feature", "properties": { "green_space_id": "2616", "green_space_name": "Chhatrapati Shivaji maharaj Park", "address": null, "bmc_department": null, "ward_code_source": null, "twitter_handle": null, "website": null, "latitude": 19.0271715, "longitude": 72.8383135, "source_file": "mumbai_green_spaces.kml", "source": "BMC / OpenCity Mumbai Public Gardens, Parks and Zoos dataset", "coordinate_valid": true }, "geometry": { "type": "Point", "coordinates": [ 72.8383135, 19.0271715 ] } },
{ "type": "Feature", "properties": { "green_space_id": "2617", "green_space_name": "Dakre Guruji Marepathic Udyan", "address": null, "bmc_department": null, "ward_code_source": null, "twitter_handle": null, "website": null, "latitude": 19.0098459, "longitude": 72.8433351, "source_file": "mumbai_green_spaces.kml", "source": "BMC / OpenCity Mumbai Public Gardens, Parks and Zoos dataset", "coordinate_valid": true }, "geometry": { "type": "Point", "coordinates": [ 72.8433351, 19.0098459 ] } },
{ "type": "Feature", "properties": { "green_space_id": "2618", "green_space_name": "Didhi Udyan", "address": null, "bmc_department": null, "ward_code_source": null, "twitter_handle": null, "website": null, "latitude": 19.0397503, "longitude": 72.8439098, "source_file": "mumbai_green_spaces.kml", "source": "BMC / OpenCity Mumbai Public Gardens, Parks and Zoos dataset", "coordinate_valid": true }, "geometry": { "type": "Point", "coordinates": [ 72.8439098, 19.0397503 ] } },
{ "type": "Feature", "properties": { "green_space_id": "2619", "green_space_name": "Beach Towers Garden", "address": null, "bmc_department": null, "ward_code_source": null, "twitter_handle": null, "website": null, "latitude": 19.017829, "longitude": 72.8251748, "source_file": "mumbai_green_spaces.kml", "source": "BMC / OpenCity Mumbai Public Gardens, Parks and Zoos dataset", "coordinate_valid": true }, "geometry": { "type": "Point", "coordinates": [ 72.8251748, 19.017829 ] } },
{ "type": "Feature", "properties": { "green_space_id": "2620", "green_space_name": "Guruji Kedar Nath Udyan Bmc", "address": null, "bmc_department": null, "ward_code_source": null, "twitter_handle": null, "website": null, "latitude": 19.0268481, "longitude": 72.8536652, "source_file": "mumbai_green_spaces.kml", "source": "BMC / OpenCity Mumbai Public Gardens, Parks and Zoos dataset", "coordinate_valid": true }, "geometry": { "type": "Point", "coordinates": [ 72.8536652, 19.0268481 ] } },
{ "type": "Feature", "properties": { "green_space_id": "2621", "green_space_name": "Indulal D.Bhuvan Udyan", "address": null, "bmc_department": null, "ward_code_source": null, "twitter_handle": null, "website": null, "latitude": 19.0219544, "longitude": 72.8581941, "source_file": "mumbai_green_spaces.kml", "source": "BMC / OpenCity Mumbai Public Gardens, Parks and Zoos dataset", "coordinate_valid": true }, "geometry": { "type": "Point", "coordinates": [ 72.8581941, 19.0219544 ] } },
{ "type": "Feature", "properties": { "green_space_id": "2622", "green_space_name": "J.R.Mehata Garden", "address": null, "bmc_department": null, "ward_code_source": null, "twitter_handle": null, "website": null, "latitude": 19.0377893, "longitude": 72.858013, "source_file": "mumbai_green_spaces.kml", "source": "BMC / OpenCity Mumbai Public Gardens, Parks and Zoos dataset", "coordinate_valid": true }, "geometry": { "type": "Point", "coordinates": [ 72.858013, 19.0377893 ] } },
{ "type": "Feature", "properties": { "green_space_id": "2623", "green_space_name": "Lalbahadur Shastri Udyan", "address": null, "bmc_department": null, "ward_code_source": null, "twitter_handle": null, "website": null, "latitude": 18.9991357, "longitude": 72.8139894, "source_file": "mumbai_green_spaces.kml", "source": "BMC / OpenCity Mumbai Public Gardens, Parks and Zoos dataset", "coordinate_valid": true }, "geometry": { "type": "Point", "coordinates": [ 72.8139894, 18.9991357 ] } },
{ "type": "Feature", "properties": { "green_space_id": "2624", "green_space_name": "Maharshi Karve Udhyan", "address": null, "bmc_department": null, "ward_code_source": null, "twitter_handle": null, "website": null, "latitude": 19.0182186, "longitude": 72.8581167, "source_file": "mumbai_green_spaces.kml", "source": "BMC / OpenCity Mumbai Public Gardens, Parks and Zoos dataset", "coordinate_valid": true }, "geometry": { "type": "Point", "coordinates": [ 72.8581167, 19.0182186 ] } },
{ "type": "Feature", "properties": { "green_space_id": "2625", "green_space_name": "Garden B of 5 Gardens", "address": null, "bmc_department": null, "ward_code_source": null, "twitter_handle": null, "website": null, "latitude": 19.0207666, "longitude": 72.8535407, "source_file": "mumbai_green_spaces.kml", "source": "BMC / OpenCity Mumbai Public Gardens, Parks and Zoos dataset", "coordinate_valid": true }, "geometry": { "type": "Point", "coordinates": [ 72.8535407, 19.0207666 ] } },
{ "type": "Feature", "properties": { "green_space_id": "2626", "green_space_name": "Nappu Garden", "address": null, "bmc_department": null, "ward_code_source": null, "twitter_handle": null, "website": null, "latitude": 19.0261877, "longitude": 72.8520609, "source_file": "mumbai_green_spaces.kml", "source": "BMC / OpenCity Mumbai Public Gardens, Parks and Zoos dataset", "coordinate_valid": true }, "geometry": { "type": "Point", "coordinates": [ 72.8520609, 19.0261877 ] } },
{ "type": "Feature", "properties": { "green_space_id": "2627", "green_space_name": "Pandit Jawaharlal Nehru Garden", "address": null, "bmc_department": null, "ward_code_source": null, "twitter_handle": null, "website": null, "latitude": 19.0458433, "longitude": 72.8679449, "source_file": "mumbai_green_spaces.kml", "source": "BMC / OpenCity Mumbai Public Gardens, Parks and Zoos dataset", "coordinate_valid": true }, "geometry": { "type": "Point", "coordinates": [ 72.8679449, 19.0458433 ] } },
{ "type": "Feature", "properties": { "green_space_id": "2628", "green_space_name": "Prof. B. N. Vaidya Udyan", "address": null, "bmc_department": null, "ward_code_source": null, "twitter_handle": null, "website": null, "latitude": 19.0215556, "longitude": 72.8470194, "source_file": "mumbai_green_spaces.kml", "source": "BMC / OpenCity Mumbai Public Gardens, Parks and Zoos dataset", "coordinate_valid": true }, "geometry": { "type": "Point", "coordinates": [ 72.8470194, 19.0215556 ] } },
{ "type": "Feature", "properties": { "green_space_id": "2629", "green_space_name": "Mata Ramabai Ambedkar Udyan", "address": null, "bmc_department": null, "ward_code_source": null, "twitter_handle": null, "website": null, "latitude": 19.0384044, "longitude": 72.8676962, "source_file": "mumbai_green_spaces.kml", "source": "BMC / OpenCity Mumbai Public Gardens, Parks and Zoos dataset", "coordinate_valid": true }, "geometry": { "type": "Point", "coordinates": [ 72.8676962, 19.0384044 ] } },
{ "type": "Feature", "properties": { "green_space_id": "2630", "green_space_name": "Sane Guruji Udyan", "address": null, "bmc_department": null, "ward_code_source": null, "twitter_handle": null, "website": null, "latitude": 19.0163672, "longitude": 72.8299568, "source_file": "mumbai_green_spaces.kml", "source": "BMC / OpenCity Mumbai Public Gardens, Parks and Zoos dataset", "coordinate_valid": true }, "geometry": { "type": "Point", "coordinates": [ 72.8299568, 19.0163672 ] } },
{ "type": "Feature", "properties": { "green_space_id": "2631", "green_space_name": "Shanti Park", "address": null, "bmc_department": null, "ward_code_source": null, "twitter_handle": null, "website": null, "latitude": 19.0377762, "longitude": 72.8632526, "source_file": "mumbai_green_spaces.kml", "source": "BMC / OpenCity Mumbai Public Gardens, Parks and Zoos dataset", "coordinate_valid": true }, "geometry": { "type": "Point", "coordinates": [ 72.8632526, 19.0377762 ] } },
{ "type": "Feature", "properties": { "green_space_id": "2632", "green_space_name": "Vasant Prabhu Garden", "address": null, "bmc_department": null, "ward_code_source": null, "twitter_handle": null, "website": null, "latitude": 19.0188814, "longitude": 72.8376341, "source_file": "mumbai_green_spaces.kml", "source": "BMC / OpenCity Mumbai Public Gardens, Parks and Zoos dataset", "coordinate_valid": true }, "geometry": { "type": "Point", "coordinates": [ 72.8376341, 19.0188814 ] } },
{ "type": "Feature", "properties": { "green_space_id": "2633", "green_space_name": "Dr. Mala Garden", "address": null, "bmc_department": null, "ward_code_source": null, "twitter_handle": null, "website": null, "latitude": 19.0422069, "longitude": 72.8710923, "source_file": "mumbai_green_spaces.kml", "source": "BMC / OpenCity Mumbai Public Gardens, Parks and Zoos dataset", "coordinate_valid": true }, "geometry": { "type": "Point", "coordinates": [ 72.8710923, 19.0422069 ] } },
{ "type": "Feature", "properties": { "green_space_id": "2634", "green_space_name": "Swami Vivekanand Udyan", "address": null, "bmc_department": null, "ward_code_source": null, "twitter_handle": null, "website": null, "latitude": 19.045862, "longitude": 72.8388892, "source_file": "mumbai_green_spaces.kml", "source": "BMC / OpenCity Mumbai Public Gardens, Parks and Zoos dataset", "coordinate_valid": true }, "geometry": { "type": "Point", "coordinates": [ 72.8388892, 19.045862 ] } },
{ "type": "Feature", "properties": { "green_space_id": "2635", "green_space_name": "Twin Tower(Garden)", "address": null, "bmc_department": null, "ward_code_source": null, "twitter_handle": null, "website": null, "latitude": 19.0194625, "longitude": 72.82786, "source_file": "mumbai_green_spaces.kml", "source": "BMC / OpenCity Mumbai Public Gardens, Parks and Zoos dataset", "coordinate_valid": true }, "geometry": { "type": "Point", "coordinates": [ 72.82786, 19.0194625 ] } },
{ "type": "Feature", "properties": { "green_space_id": "2636", "green_space_name": "B N Maheshwari Udyan", "address": null, "bmc_department": null, "ward_code_source": null, "twitter_handle": null, "website": null, "latitude": 19.0267738, "longitude": 72.8555628, "source_file": "mumbai_green_spaces.kml", "source": "BMC / OpenCity Mumbai Public Gardens, Parks and Zoos dataset", "coordinate_valid": true }, "geometry": { "type": "Point", "coordinates": [ 72.8555628, 19.0267738 ] } },
{ "type": "Feature", "properties": { "green_space_id": "2637", "green_space_name": "Wadia Garden", "address": null, "bmc_department": null, "ward_code_source": null, "twitter_handle": null, "website": null, "latitude": 19.0170989, "longitude": 72.8507085, "source_file": "mumbai_green_spaces.kml", "source": "BMC / OpenCity Mumbai Public Gardens, Parks and Zoos dataset", "coordinate_valid": true }, "geometry": { "type": "Point", "coordinates": [ 72.8507085, 19.0170989 ] } },
{ "type": "Feature", "properties": { "green_space_id": "2638", "green_space_name": "Garden A, Five Gardens", "address": null, "bmc_department": null, "ward_code_source": null, "twitter_handle": null, "website": null, "latitude": 19.0200892, "longitude": 72.8531577, "source_file": "mumbai_green_spaces.kml", "source": "BMC / OpenCity Mumbai Public Gardens, Parks and Zoos dataset", "coordinate_valid": true }, "geometry": { "type": "Point", "coordinates": [ 72.8531577, 19.0200892 ] } },
{ "type": "Feature", "properties": { "green_space_id": "2639", "green_space_name": "Mancherji Joshi Five Gardens", "address": null, "bmc_department": null, "ward_code_source": null, "twitter_handle": null, "website": null, "latitude": 19.0200892, "longitude": 72.8538715, "source_file": "mumbai_green_spaces.kml", "source": "BMC / OpenCity Mumbai Public Gardens, Parks and Zoos dataset", "coordinate_valid": true }, "geometry": { "type": "Point", "coordinates": [ 72.8538715, 19.0200892 ] } },
{ "type": "Feature", "properties": { "green_space_id": "2640", "green_space_name": "Kids garden", "address": null, "bmc_department": null, "ward_code_source": null, "twitter_handle": null, "website": null, "latitude": 19.0195324, "longitude": 72.8538858, "source_file": "mumbai_green_spaces.kml", "source": "BMC / OpenCity Mumbai Public Gardens, Parks and Zoos dataset", "coordinate_valid": true }, "geometry": { "type": "Point", "coordinates": [ 72.8538858, 19.0195324 ] } },
{ "type": "Feature", "properties": { "green_space_id": "2641", "green_space_name": "Garden C, 5 Gardens", "address": null, "bmc_department": null, "ward_code_source": null, "twitter_handle": null, "website": null, "latitude": 19.0203034, "longitude": 72.854414, "source_file": "mumbai_green_spaces.kml", "source": "BMC / OpenCity Mumbai Public Gardens, Parks and Zoos dataset", "coordinate_valid": true }, "geometry": { "type": "Point", "coordinates": [ 72.854414, 19.0203034 ] } },
{ "type": "Feature", "properties": { "green_space_id": "2642", "green_space_name": "Veer Baji Prabhu Udyan", "address": null, "bmc_department": null, "ward_code_source": null, "twitter_handle": null, "website": null, "latitude": 19.0270007, "longitude": 72.8353939, "source_file": "mumbai_green_spaces.kml", "source": "BMC / OpenCity Mumbai Public Gardens, Parks and Zoos dataset", "coordinate_valid": true }, "geometry": { "type": "Point", "coordinates": [ 72.8353939, 19.0270007 ] } },
{ "type": "Feature", "properties": { "green_space_id": "2643", "green_space_name": "Sant Tukaram Balodyan", "address": null, "bmc_department": null, "ward_code_source": null, "twitter_handle": null, "website": null, "latitude": 19.0305202, "longitude": 72.8405575, "source_file": "mumbai_green_spaces.kml", "source": "BMC / OpenCity Mumbai Public Gardens, Parks and Zoos dataset", "coordinate_valid": true }, "geometry": { "type": "Point", "coordinates": [ 72.8405575, 19.0305202 ] } },
{ "type": "Feature", "properties": { "green_space_id": "2644", "green_space_name": "Dr.Ramhari Kishan Dhote Udyan", "address": null, "bmc_department": null, "ward_code_source": null, "twitter_handle": null, "website": null, "latitude": 19.0343712, "longitude": 72.838505, "source_file": "mumbai_green_spaces.kml", "source": "BMC / OpenCity Mumbai Public Gardens, Parks and Zoos dataset", "coordinate_valid": true }, "geometry": { "type": "Point", "coordinates": [ 72.838505, 19.0343712 ] } },
{ "type": "Feature", "properties": { "green_space_id": "2645", "green_space_name": "Shri Vithal Desai Park", "address": null, "bmc_department": null, "ward_code_source": null, "twitter_handle": null, "website": null, "latitude": 19.0373821, "longitude": 72.8446568, "source_file": "mumbai_green_spaces.kml", "source": "BMC / OpenCity Mumbai Public Gardens, Parks and Zoos dataset", "coordinate_valid": true }, "geometry": { "type": "Point", "coordinates": [ 72.8446568, 19.0373821 ] } },
{ "type": "Feature", "properties": { "green_space_id": "2646", "green_space_name": "Balasaheb Thackrey Udyan", "address": null, "bmc_department": null, "ward_code_source": null, "twitter_handle": null, "website": null, "latitude": 19.0031028, "longitude": 72.8235782, "source_file": "mumbai_green_spaces.kml", "source": "BMC / OpenCity Mumbai Public Gardens, Parks and Zoos dataset", "coordinate_valid": true }, "geometry": { "type": "Point", "coordinates": [ 72.8235782, 19.0031028 ] } },
{ "type": "Feature", "properties": { "green_space_id": "2647", "green_space_name": "Britannia Garden", "address": null, "bmc_department": null, "ward_code_source": null, "twitter_handle": null, "website": null, "latitude": 18.9819207, "longitude": 72.8174758, "source_file": "mumbai_green_spaces.kml", "source": "BMC / OpenCity Mumbai Public Gardens, Parks and Zoos dataset", "coordinate_valid": true }, "geometry": { "type": "Point", "coordinates": [ 72.8174758, 18.9819207 ] } },
{ "type": "Feature", "properties": { "green_space_id": "2648", "green_space_name": "Matoshree Ramabai Thackrey Udyan", "address": null, "bmc_department": null, "ward_code_source": null, "twitter_handle": null, "website": null, "latitude": 18.9996949, "longitude": 72.8263231, "source_file": "mumbai_green_spaces.kml", "source": "BMC / OpenCity Mumbai Public Gardens, Parks and Zoos dataset", "coordinate_valid": true }, "geometry": { "type": "Point", "coordinates": [ 72.8263231, 18.9996949 ] } },
{ "type": "Feature", "properties": { "green_space_id": "2649", "green_space_name": "Bhivaji Rao Nare Park", "address": null, "bmc_department": null, "ward_code_source": null, "twitter_handle": null, "website": null, "latitude": 18.9998456, "longitude": 72.8389521, "source_file": "mumbai_green_spaces.kml", "source": "BMC / OpenCity Mumbai Public Gardens, Parks and Zoos dataset", "coordinate_valid": true }, "geometry": { "type": "Point", "coordinates": [ 72.8389521, 18.9998456 ] } },
{ "type": "Feature", "properties": { "green_space_id": "2650", "green_space_name": "Bhoiwada park", "address": null, "bmc_department": null, "ward_code_source": null, "twitter_handle": null, "website": null, "latitude": 19.0084681, "longitude": 72.8498157, "source_file": "mumbai_green_spaces.kml", "source": "BMC / OpenCity Mumbai Public Gardens, Parks and Zoos dataset", "coordinate_valid": true }, "geometry": { "type": "Point", "coordinates": [ 72.8498157, 19.0084681 ] } },
{ "type": "Feature", "properties": { "green_space_id": "2651", "green_space_name": "CGS Sector 6 Garden", "address": null, "bmc_department": null, "ward_code_source": null, "twitter_handle": null, "website": null, "latitude": 19.0316463, "longitude": 72.8653096, "source_file": "mumbai_green_spaces.kml", "source": "BMC / OpenCity Mumbai Public Gardens, Parks and Zoos dataset", "coordinate_valid": true }, "geometry": { "type": "Point", "coordinates": [ 72.8653096, 19.0316463 ] } },
{ "type": "Feature", "properties": { "green_space_id": "2652", "green_space_name": "Maharashtra Nature Park", "address": null, "bmc_department": null, "ward_code_source": null, "twitter_handle": null, "website": null, "latitude": 19.0528009, "longitude": 72.8619372, "source_file": "mumbai_green_spaces.kml", "source": "BMC / OpenCity Mumbai Public Gardens, Parks and Zoos dataset", "coordinate_valid": true }, "geometry": { "type": "Point", "coordinates": [ 72.8619372, 19.0528009 ] } },
{ "type": "Feature", "properties": { "green_space_id": "2653", "green_space_name": "City Park, BKC", "address": null, "bmc_department": null, "ward_code_source": null, "twitter_handle": null, "website": null, "latitude": 19.0562663, "longitude": 72.8538277, "source_file": "mumbai_green_spaces.kml", "source": "BMC / OpenCity Mumbai Public Gardens, Parks and Zoos dataset", "coordinate_valid": true }, "geometry": { "type": "Point", "coordinates": [ 72.8538277, 19.0562663 ] } },
{ "type": "Feature", "properties": { "green_space_id": "2654", "green_space_name": "D'Monte Park Recreation Club", "address": null, "bmc_department": null, "ward_code_source": null, "twitter_handle": null, "website": null, "latitude": 19.0593191, "longitude": 72.8264063, "source_file": "mumbai_green_spaces.kml", "source": "BMC / OpenCity Mumbai Public Gardens, Parks and Zoos dataset", "coordinate_valid": true }, "geometry": { "type": "Point", "coordinates": [ 72.8264063, 19.0593191 ] } },
{ "type": "Feature", "properties": { "green_space_id": "2655", "green_space_name": "Mahatma Gandhi Garden", "address": null, "bmc_department": null, "ward_code_source": null, "twitter_handle": null, "website": null, "latitude": 18.9283012, "longitude": 72.8250709, "source_file": "mumbai_green_spaces.kml", "source": "BMC / OpenCity Mumbai Public Gardens, Parks and Zoos dataset", "coordinate_valid": true }, "geometry": { "type": "Point", "coordinates": [ 72.8250709, 18.9283012 ] } },
{ "type": "Feature", "properties": { "green_space_id": "2656", "green_space_name": "Cross Maidan Garden", "address": null, "bmc_department": null, "ward_code_source": null, "twitter_handle": null, "website": null, "latitude": 18.9332735, "longitude": 72.8293255, "source_file": "mumbai_green_spaces.kml", "source": "BMC / OpenCity Mumbai Public Gardens, Parks and Zoos dataset", "coordinate_valid": true }, "geometry": { "type": "Point", "coordinates": [ 72.8293255, 18.9332735 ] } },
{ "type": "Feature", "properties": { "green_space_id": "2657", "green_space_name": "Sitaram Shenoy Udyan", "address": null, "bmc_department": null, "ward_code_source": null, "twitter_handle": null, "website": null, "latitude": 18.9615924, "longitude": 72.8379817, "source_file": "mumbai_green_spaces.kml", "source": "BMC / OpenCity Mumbai Public Gardens, Parks and Zoos dataset", "coordinate_valid": true }, "geometry": { "type": "Point", "coordinates": [ 72.8379817, 18.9615924 ] } },
{ "type": "Feature", "properties": { "green_space_id": "2658", "green_space_name": "S K Patil Udyan", "address": null, "bmc_department": null, "ward_code_source": null, "twitter_handle": null, "website": null, "latitude": 18.9494735, "longitude": 72.8219061, "source_file": "mumbai_green_spaces.kml", "source": "BMC / OpenCity Mumbai Public Gardens, Parks and Zoos dataset", "coordinate_valid": true }, "geometry": { "type": "Point", "coordinates": [ 72.8219061, 18.9494735 ] } },
{ "type": "Feature", "properties": { "green_space_id": "2659", "green_space_name": "Mumba devi Garden", "address": null, "bmc_department": null, "ward_code_source": null, "twitter_handle": null, "website": null, "latitude": 18.9525933, "longitude": 72.830595, "source_file": "mumbai_green_spaces.kml", "source": "BMC / OpenCity Mumbai Public Gardens, Parks and Zoos dataset", "coordinate_valid": true }, "geometry": { "type": "Point", "coordinates": [ 72.830595, 18.9525933 ] } },
{ "type": "Feature", "properties": { "green_space_id": "2660", "green_space_name": "Shri Bhagwandas Todi Children Park", "address": null, "bmc_department": null, "ward_code_source": null, "twitter_handle": null, "website": null, "latitude": 18.943611, "longitude": 72.8242532, "source_file": "mumbai_green_spaces.kml", "source": "BMC / OpenCity Mumbai Public Gardens, Parks and Zoos dataset", "coordinate_valid": true }, "geometry": { "type": "Point", "coordinates": [ 72.8242532, 18.943611 ] } },
{ "type": "Feature", "properties": { "green_space_id": "2661", "green_space_name": "Durgadevi Udyan", "address": null, "bmc_department": null, "ward_code_source": null, "twitter_handle": null, "website": null, "latitude": 18.9611763, "longitude": 72.8267474, "source_file": "mumbai_green_spaces.kml", "source": "BMC / OpenCity Mumbai Public Gardens, Parks and Zoos dataset", "coordinate_valid": true }, "geometry": { "type": "Point", "coordinates": [ 72.8267474, 18.9611763 ] } },
{ "type": "Feature", "properties": { "green_space_id": "2662", "green_space_name": "Kamala Nehru Park", "address": null, "bmc_department": null, "ward_code_source": null, "twitter_handle": null, "website": null, "latitude": 18.9547191, "longitude": 72.8056884, "source_file": "mumbai_green_spaces.kml", "source": "BMC / OpenCity Mumbai Public Gardens, Parks and Zoos dataset", "coordinate_valid": true }, "geometry": { "type": "Point", "coordinates": [ 72.8056884, 18.9547191 ] } },
{ "type": "Feature", "properties": { "green_space_id": "2663", "green_space_name": "Hanging Gardens", "address": null, "bmc_department": null, "ward_code_source": null, "twitter_handle": null, "website": null, "latitude": 18.9562656, "longitude": 72.8049896, "source_file": "mumbai_green_spaces.kml", "source": "BMC / OpenCity Mumbai Public Gardens, Parks and Zoos dataset", "coordinate_valid": true }, "geometry": { "type": "Point", "coordinates": [ 72.8049896, 18.9562656 ] } },
{ "type": "Feature", "properties": { "green_space_id": "2664", "green_space_name": "Shantivan", "address": null, "bmc_department": null, "ward_code_source": null, "twitter_handle": null, "website": null, "latitude": 18.9580428, "longitude": 72.8037477, "source_file": "mumbai_green_spaces.kml", "source": "BMC / OpenCity Mumbai Public Gardens, Parks and Zoos dataset", "coordinate_valid": true }, "geometry": { "type": "Point", "coordinates": [ 72.8037477, 18.9580428 ] } },
{ "type": "Feature", "properties": { "green_space_id": "2665", "green_space_name": "Nana Nani Park", "address": null, "bmc_department": null, "ward_code_source": null, "twitter_handle": null, "website": null, "latitude": 18.9556952, "longitude": 72.8096776, "source_file": "mumbai_green_spaces.kml", "source": "BMC / OpenCity Mumbai Public Gardens, Parks and Zoos dataset", "coordinate_valid": true }, "geometry": { "type": "Point", "coordinates": [ 72.8096776, 18.9556952 ] } },
{ "type": "Feature", "properties": { "green_space_id": "2666", "green_space_name": "Harish Mahindra Children's Park", "address": null, "bmc_department": null, "ward_code_source": null, "twitter_handle": null, "website": null, "latitude": 18.9705707, "longitude": 72.8024549, "source_file": "mumbai_green_spaces.kml", "source": "BMC / OpenCity Mumbai Public Gardens, Parks and Zoos dataset", "coordinate_valid": true }, "geometry": { "type": "Point", "coordinates": [ 72.8024549, 18.9705707 ] } },
{ "type": "Feature", "properties": { "green_space_id": "2667", "green_space_name": "PT Mane Udyaan Garden", "address": null, "bmc_department": null, "ward_code_source": null, "twitter_handle": null, "website": null, "latitude": 18.9673392, "longitude": 72.8296522, "source_file": "mumbai_green_spaces.kml", "source": "BMC / OpenCity Mumbai Public Gardens, Parks and Zoos dataset", "coordinate_valid": true }, "geometry": { "type": "Point", "coordinates": [ 72.8296522, 18.9673392 ] } },
{ "type": "Feature", "properties": { "green_space_id": "2668", "green_space_name": "Joseph Baptista Garden", "address": null, "bmc_department": null, "ward_code_source": null, "twitter_handle": null, "website": null, "latitude": 18.9661854, "longitude": 72.8424257, "source_file": "mumbai_green_spaces.kml", "source": "BMC / OpenCity Mumbai Public Gardens, Parks and Zoos dataset", "coordinate_valid": true }, "geometry": { "type": "Point", "coordinates": [ 72.8424257, 18.9661854 ] } },
{ "type": "Feature", "properties": { "green_space_id": "2669", "green_space_name": "Kamal Ground", "address": null, "bmc_department": null, "ward_code_source": null, "twitter_handle": null, "website": null, "latitude": 19.0380136, "longitude": 72.9346807, "source_file": "mumbai_green_spaces.kml", "source": "BMC / OpenCity Mumbai Public Gardens, Parks and Zoos dataset", "coordinate_valid": true }, "geometry": { "type": "Point", "coordinates": [ 72.9346807, 19.0380136 ] } },
{ "type": "Feature", "properties": { "green_space_id": "2670", "green_space_name": "Rajnigandha Garden", "address": null, "bmc_department": null, "ward_code_source": null, "twitter_handle": null, "website": null, "latitude": 19.0387497, "longitude": 72.9348214, "source_file": "mumbai_green_spaces.kml", "source": "BMC / OpenCity Mumbai Public Gardens, Parks and Zoos dataset", "coordinate_valid": true }, "geometry": { "type": "Point", "coordinates": [ 72.9348214, 19.0387497 ] } },
{ "type": "Feature", "properties": { "green_space_id": "2671", "green_space_name": "Parijat Garden", "address": null, "bmc_department": null, "ward_code_source": null, "twitter_handle": null, "website": null, "latitude": 19.0388675, "longitude": 72.9339529, "source_file": "mumbai_green_spaces.kml", "source": "BMC / OpenCity Mumbai Public Gardens, Parks and Zoos dataset", "coordinate_valid": true }, "geometry": { "type": "Point", "coordinates": [ 72.9339529, 19.0388675 ] } },
{ "type": "Feature", "properties": { "green_space_id": "2672", "green_space_name": "Varsha Ground", "address": null, "bmc_department": null, "ward_code_source": null, "twitter_handle": null, "website": null, "latitude": 19.041007, "longitude": 72.9342417, "source_file": "mumbai_green_spaces.kml", "source": "BMC / OpenCity Mumbai Public Gardens, Parks and Zoos dataset", "coordinate_valid": true }, "geometry": { "type": "Point", "coordinates": [ 72.9342417, 19.041007 ] } },
{ "type": "Feature", "properties": { "green_space_id": "2673", "green_space_name": "Hemant Ground", "address": null, "bmc_department": null, "ward_code_source": null, "twitter_handle": null, "website": null, "latitude": 19.0413464, "longitude": 72.9324167, "source_file": "mumbai_green_spaces.kml", "source": "BMC / OpenCity Mumbai Public Gardens, Parks and Zoos dataset", "coordinate_valid": true }, "geometry": { "type": "Point", "coordinates": [ 72.9324167, 19.0413464 ] } },
{ "type": "Feature", "properties": { "green_space_id": "2674", "green_space_name": "Mini Forest", "address": null, "bmc_department": null, "ward_code_source": null, "twitter_handle": null, "website": null, "latitude": 19.0420586, "longitude": 72.9317536, "source_file": "mumbai_green_spaces.kml", "source": "BMC / OpenCity Mumbai Public Gardens, Parks and Zoos dataset", "coordinate_valid": true }, "geometry": { "type": "Point", "coordinates": [ 72.9317536, 19.0420586 ] } },
{ "type": "Feature", "properties": { "green_space_id": "2675", "green_space_name": "Madhuban garden", "address": null, "bmc_department": null, "ward_code_source": null, "twitter_handle": null, "website": null, "latitude": 19.0406617, "longitude": 72.9315187, "source_file": "mumbai_green_spaces.kml", "source": "BMC / OpenCity Mumbai Public Gardens, Parks and Zoos dataset", "coordinate_valid": true }, "geometry": { "type": "Point", "coordinates": [ 72.9315187, 19.0406617 ] } },
{ "type": "Feature", "properties": { "green_space_id": "2676", "green_space_name": "Sharavati Playground", "address": null, "bmc_department": null, "ward_code_source": null, "twitter_handle": null, "website": null, "latitude": 19.0392245, "longitude": 72.9316941, "source_file": "mumbai_green_spaces.kml", "source": "BMC / OpenCity Mumbai Public Gardens, Parks and Zoos dataset", "coordinate_valid": true }, "geometry": { "type": "Point", "coordinates": [ 72.9316941, 19.0392245 ] } },
{ "type": "Feature", "properties": { "green_space_id": "2677", "green_space_name": "Nandan Van", "address": null, "bmc_department": null, "ward_code_source": null, "twitter_handle": null, "website": null, "latitude": 19.0385425, "longitude": 72.9304595, "source_file": "mumbai_green_spaces.kml", "source": "BMC / OpenCity Mumbai Public Gardens, Parks and Zoos dataset", "coordinate_valid": true }, "geometry": { "type": "Point", "coordinates": [ 72.9304595, 19.0385425 ] } },
{ "type": "Feature", "properties": { "green_space_id": "2678", "green_space_name": "KIL BIL GARDEN", "address": null, "bmc_department": null, "ward_code_source": null, "twitter_handle": null, "website": null, "latitude": 19.0371766, "longitude": 72.9304893, "source_file": "mumbai_green_spaces.kml", "source": "BMC / OpenCity Mumbai Public Gardens, Parks and Zoos dataset", "coordinate_valid": true }, "geometry": { "type": "Point", "coordinates": [ 72.9304893, 19.0371766 ] } },
{ "type": "Feature", "properties": { "green_space_id": "2679", "green_space_name": "Nandadevi Park", "address": null, "bmc_department": null, "ward_code_source": null, "twitter_handle": null, "website": null, "latitude": 19.0365274, "longitude": 72.9298226, "source_file": "mumbai_green_spaces.kml", "source": "BMC / OpenCity Mumbai Public Gardens, Parks and Zoos dataset", "coordinate_valid": true }, "geometry": { "type": "Point", "coordinates": [ 72.9298226, 19.0365274 ] } },
{ "type": "Feature", "properties": { "green_space_id": "2680", "green_space_name": "Shantiniketan Garden", "address": null, "bmc_department": null, "ward_code_source": null, "twitter_handle": null, "website": null, "latitude": 19.0368862, "longitude": 72.9289659, "source_file": "mumbai_green_spaces.kml", "source": "BMC / OpenCity Mumbai Public Gardens, Parks and Zoos dataset", "coordinate_valid": true }, "geometry": { "type": "Point", "coordinates": [ 72.9289659, 19.0368862 ] } },
{ "type": "Feature", "properties": { "green_space_id": "2681", "green_space_name": "Sanchi Park", "address": null, "bmc_department": null, "ward_code_source": null, "twitter_handle": null, "website": null, "latitude": 19.0388874, "longitude": 72.9277498, "source_file": "mumbai_green_spaces.kml", "source": "BMC / OpenCity Mumbai Public Gardens, Parks and Zoos dataset", "coordinate_valid": true }, "geometry": { "type": "Point", "coordinates": [ 72.9277498, 19.0388874 ] } },
{ "type": "Feature", "properties": { "green_space_id": "2682", "green_space_name": "Ajanta Park", "address": null, "bmc_department": null, "ward_code_source": null, "twitter_handle": null, "website": null, "latitude": 19.0400016, "longitude": 72.9278838, "source_file": "mumbai_green_spaces.kml", "source": "BMC / OpenCity Mumbai Public Gardens, Parks and Zoos dataset", "coordinate_valid": true }, "geometry": { "type": "Point", "coordinates": [ 72.9278838, 19.0400016 ] } },
{ "type": "Feature", "properties": { "green_space_id": "2683", "green_space_name": "Ellora Ground", "address": null, "bmc_department": null, "ward_code_source": null, "twitter_handle": null, "website": null, "latitude": 19.0412208, "longitude": 72.9279795, "source_file": "mumbai_green_spaces.kml", "source": "BMC / OpenCity Mumbai Public Gardens, Parks and Zoos dataset", "coordinate_valid": true }, "geometry": { "type": "Point", "coordinates": [ 72.9279795, 19.0412208 ] } },
{ "type": "Feature", "properties": { "green_space_id": "2684", "green_space_name": "Kapilvastu Lawn", "address": null, "bmc_department": null, "ward_code_source": null, "twitter_handle": null, "website": null, "latitude": 19.0389594, "longitude": 72.9258153, "source_file": "mumbai_green_spaces.kml", "source": "BMC / OpenCity Mumbai Public Gardens, Parks and Zoos dataset", "coordinate_valid": true }, "geometry": { "type": "Point", "coordinates": [ 72.9258153, 19.0389594 ] } },
{ "type": "Feature", "properties": { "green_space_id": "2685", "green_space_name": "Indraprastha Garden", "address": null, "bmc_department": null, "ward_code_source": null, "twitter_handle": null, "website": null, "latitude": 19.0400726, "longitude": 72.9258631, "source_file": "mumbai_green_spaces.kml", "source": "BMC / OpenCity Mumbai Public Gardens, Parks and Zoos dataset", "coordinate_valid": true }, "geometry": { "type": "Point", "coordinates": [ 72.9258631, 19.0400726 ] } },
{ "type": "Feature", "properties": { "green_space_id": "2686", "green_space_name": "Hastinapur Park", "address": null, "bmc_department": null, "ward_code_source": null, "twitter_handle": null, "website": null, "latitude": 19.0412565, "longitude": 72.9259469, "source_file": "mumbai_green_spaces.kml", "source": "BMC / OpenCity Mumbai Public Gardens, Parks and Zoos dataset", "coordinate_valid": true }, "geometry": { "type": "Point", "coordinates": [ 72.9259469, 19.0412565 ] } },
{ "type": "Feature", "properties": { "green_space_id": "2687", "green_space_name": "Sahyadri Park", "address": null, "bmc_department": null, "ward_code_source": null, "twitter_handle": null, "website": null, "latitude": 19.0395357, "longitude": 72.921867, "source_file": "mumbai_green_spaces.kml", "source": "BMC / OpenCity Mumbai Public Gardens, Parks and Zoos dataset", "coordinate_valid": true }, "geometry": { "type": "Point", "coordinates": [ 72.921867, 19.0395357 ] } },
{ "type": "Feature", "properties": { "green_space_id": "2688", "green_space_name": "Vindhya Park", "address": null, "bmc_department": null, "ward_code_source": null, "twitter_handle": null, "website": null, "latitude": 19.0395128, "longitude": 72.9208697, "source_file": "mumbai_green_spaces.kml", "source": "BMC / OpenCity Mumbai Public Gardens, Parks and Zoos dataset", "coordinate_valid": true }, "geometry": { "type": "Point", "coordinates": [ 72.9208697, 19.0395128 ] } },
{ "type": "Feature", "properties": { "green_space_id": "2689", "green_space_name": "Narmada Ground", "address": null, "bmc_department": null, "ward_code_source": null, "twitter_handle": null, "website": null, "latitude": 19.0406972, "longitude": 72.9210027, "source_file": "mumbai_green_spaces.kml", "source": "BMC / OpenCity Mumbai Public Gardens, Parks and Zoos dataset", "coordinate_valid": true }, "geometry": { "type": "Point", "coordinates": [ 72.9210027, 19.0406972 ] } },
{ "type": "Feature", "properties": { "green_space_id": "2690", "green_space_name": "Vrundavan Garden", "address": null, "bmc_department": null, "ward_code_source": null, "twitter_handle": null, "website": null, "latitude": 19.041938, "longitude": 72.920938, "source_file": "mumbai_green_spaces.kml", "source": "BMC / OpenCity Mumbai Public Gardens, Parks and Zoos dataset", "coordinate_valid": true }, "geometry": { "type": "Point", "coordinates": [ 72.920938, 19.041938 ] } },
{ "type": "Feature", "properties": { "green_space_id": "2691", "green_space_name": "Dwarka Garden", "address": null, "bmc_department": null, "ward_code_source": null, "twitter_handle": null, "website": null, "latitude": 19.0417561, "longitude": 72.9224675, "source_file": "mumbai_green_spaces.kml", "source": "BMC / OpenCity Mumbai Public Gardens, Parks and Zoos dataset", "coordinate_valid": true }, "geometry": { "type": "Point", "coordinates": [ 72.9224675, 19.0417561 ] } },
{ "type": "Feature", "properties": { "green_space_id": "2692", "green_space_name": "Sarnath Playground", "address": null, "bmc_department": null, "ward_code_source": null, "twitter_handle": null, "website": null, "latitude": 19.0406605, "longitude": 72.9219023, "source_file": "mumbai_green_spaces.kml", "source": "BMC / OpenCity Mumbai Public Gardens, Parks and Zoos dataset", "coordinate_valid": true }, "geometry": { "type": "Point", "coordinates": [ 72.9219023, 19.0406605 ] } },
{ "type": "Feature", "properties": { "green_space_id": "2693", "green_space_name": "A.E.C.S 1, Playground", "address": null, "bmc_department": null, "ward_code_source": null, "twitter_handle": null, "website": null, "latitude": 19.0398318, "longitude": 72.9200775, "source_file": "mumbai_green_spaces.kml", "source": "BMC / OpenCity Mumbai Public Gardens, Parks and Zoos dataset", "coordinate_valid": true }, "geometry": { "type": "Point", "coordinates": [ 72.9200775, 19.0398318 ] } },
{ "type": "Feature", "properties": { "green_space_id": "2694", "green_space_name": "Jaidev playground", "address": null, "bmc_department": null, "ward_code_source": null, "twitter_handle": null, "website": null, "latitude": 19.0417273, "longitude": 72.9188715, "source_file": "mumbai_green_spaces.kml", "source": "BMC / OpenCity Mumbai Public Gardens, Parks and Zoos dataset", "coordinate_valid": true }, "geometry": { "type": "Point", "coordinates": [ 72.9188715, 19.0417273 ] } },
{ "type": "Feature", "properties": { "green_space_id": "2695", "green_space_name": "Kabir Park", "address": null, "bmc_department": null, "ward_code_source": null, "twitter_handle": null, "website": null, "latitude": 19.041519, "longitude": 72.918049, "source_file": "mumbai_green_spaces.kml", "source": "BMC / OpenCity Mumbai Public Gardens, Parks and Zoos dataset", "coordinate_valid": true }, "geometry": { "type": "Point", "coordinates": [ 72.918049, 19.041519 ] } },
{ "type": "Feature", "properties": { "green_space_id": "2696", "green_space_name": "Mansrovar Park", "address": null, "bmc_department": null, "ward_code_source": null, "twitter_handle": null, "website": null, "latitude": 19.0399886, "longitude": 72.9184006, "source_file": "mumbai_green_spaces.kml", "source": "BMC / OpenCity Mumbai Public Gardens, Parks and Zoos dataset", "coordinate_valid": true }, "geometry": { "type": "Point", "coordinates": [ 72.9184006, 19.0399886 ] } },
{ "type": "Feature", "properties": { "green_space_id": "2697", "green_space_name": "Namdev Playground", "address": null, "bmc_department": null, "ward_code_source": null, "twitter_handle": null, "website": null, "latitude": 19.0409163, "longitude": 72.9165416, "source_file": "mumbai_green_spaces.kml", "source": "BMC / OpenCity Mumbai Public Gardens, Parks and Zoos dataset", "coordinate_valid": true }, "geometry": { "type": "Point", "coordinates": [ 72.9165416, 19.0409163 ] } },
{ "type": "Feature", "properties": { "green_space_id": "2698", "green_space_name": "AECS-2, Playground", "address": null, "bmc_department": null, "ward_code_source": null, "twitter_handle": null, "website": null, "latitude": 19.0366572, "longitude": 72.926275, "source_file": "mumbai_green_spaces.kml", "source": "BMC / OpenCity Mumbai Public Gardens, Parks and Zoos dataset", "coordinate_valid": true }, "geometry": { "type": "Point", "coordinates": [ 72.926275, 19.0366572 ] } },
{ "type": "Feature", "properties": { "green_space_id": "2699", "green_space_name": "Anushaktinagar Cricket Ground", "address": null, "bmc_department": null, "ward_code_source": null, "twitter_handle": null, "website": null, "latitude": 19.0305376, "longitude": 72.9257598, "source_file": "mumbai_green_spaces.kml", "source": "BMC / OpenCity Mumbai Public Gardens, Parks and Zoos dataset", "coordinate_valid": true }, "geometry": { "type": "Point", "coordinates": [ 72.9257598, 19.0305376 ] } },
{ "type": "Feature", "properties": { "green_space_id": "2700", "green_space_name": "Saras Baug", "address": null, "bmc_department": null, "ward_code_source": null, "twitter_handle": null, "website": null, "latitude": 19.0451937, "longitude": 72.9146777, "source_file": "mumbai_green_spaces.kml", "source": "BMC / OpenCity Mumbai Public Gardens, Parks and Zoos dataset", "coordinate_valid": true }, "geometry": { "type": "Point", "coordinates": [ 72.9146777, 19.0451937 ] } },
{ "type": "Feature", "properties": { "green_space_id": "2701", "green_space_name": "Subhash Chandra Bose Garden", "address": null, "bmc_department": null, "ward_code_source": null, "twitter_handle": null, "website": null, "latitude": 19.087413, "longitude": 72.9148857, "source_file": "mumbai_green_spaces.kml", "source": "BMC / OpenCity Mumbai Public Gardens, Parks and Zoos dataset", "coordinate_valid": true }, "geometry": { "type": "Point", "coordinates": [ 72.9148857, 19.087413 ] } },
{ "type": "Feature", "properties": { "green_space_id": "2702", "green_space_name": "Kurla Kamgar Ground", "address": null, "bmc_department": null, "ward_code_source": null, "twitter_handle": null, "website": null, "latitude": 19.0631389, "longitude": 72.8871472, "source_file": "mumbai_green_spaces.kml", "source": "BMC / OpenCity Mumbai Public Gardens, Parks and Zoos dataset", "coordinate_valid": true }, "geometry": { "type": "Point", "coordinates": [ 72.8871472, 19.0631389 ] } },
{ "type": "Feature", "properties": { "green_space_id": "2703", "green_space_name": "Decathlon Kurla Playground", "address": null, "bmc_department": null, "ward_code_source": null, "twitter_handle": null, "website": null, "latitude": 19.0869613, "longitude": 72.8851175, "source_file": "mumbai_green_spaces.kml", "source": "BMC / OpenCity Mumbai Public Gardens, Parks and Zoos dataset", "coordinate_valid": true }, "geometry": { "type": "Point", "coordinates": [ 72.8851175, 19.0869613 ] } },
{ "type": "Feature", "properties": { "green_space_id": "2704", "green_space_name": "Nana Nani Childrens Park", "address": null, "bmc_department": null, "ward_code_source": null, "twitter_handle": null, "website": null, "latitude": 19.0902733, "longitude": 72.8877412, "source_file": "mumbai_green_spaces.kml", "source": "BMC / OpenCity Mumbai Public Gardens, Parks and Zoos dataset", "coordinate_valid": true }, "geometry": { "type": "Point", "coordinates": [ 72.8877412, 19.0902733 ] } },
{ "type": "Feature", "properties": { "green_space_id": "2705", "green_space_name": "Heritage Garden", "address": null, "bmc_department": null, "ward_code_source": null, "twitter_handle": null, "website": null, "latitude": 19.1143607, "longitude": 72.9111939, "source_file": "mumbai_green_spaces.kml", "source": "BMC / OpenCity Mumbai Public Gardens, Parks and Zoos dataset", "coordinate_valid": true }, "geometry": { "type": "Point", "coordinates": [ 72.9111939, 19.1143607 ] } },
{ "type": "Feature", "properties": { "green_space_id": "2706", "green_space_name": "Ambrosia Garden", "address": null, "bmc_department": null, "ward_code_source": null, "twitter_handle": null, "website": null, "latitude": 19.1189166, "longitude": 72.9071675, "source_file": "mumbai_green_spaces.kml", "source": "BMC / OpenCity Mumbai Public Gardens, Parks and Zoos dataset", "coordinate_valid": true }, "geometry": { "type": "Point", "coordinates": [ 72.9071675, 19.1189166 ] } },
{ "type": "Feature", "properties": { "green_space_id": "2707", "green_space_name": "Dr. Baba Saheb Ambedkar Park Garden", "address": null, "bmc_department": null, "ward_code_source": null, "twitter_handle": null, "website": null, "latitude": 19.128523, "longitude": 72.8961868, "source_file": "mumbai_green_spaces.kml", "source": "BMC / OpenCity Mumbai Public Gardens, Parks and Zoos dataset", "coordinate_valid": true }, "geometry": { "type": "Point", "coordinates": [ 72.8961868, 19.128523 ] } },
{ "type": "Feature", "properties": { "green_space_id": "2708", "green_space_name": "Children Park Powai Lake", "address": null, "bmc_department": null, "ward_code_source": null, "twitter_handle": null, "website": null, "latitude": 19.1219717, "longitude": 72.8991472, "source_file": "mumbai_green_spaces.kml", "source": "BMC / OpenCity Mumbai Public Gardens, Parks and Zoos dataset", "coordinate_valid": true }, "geometry": { "type": "Point", "coordinates": [ 72.8991472, 19.1219717 ] } },
{ "type": "Feature", "properties": { "green_space_id": "2709", "green_space_name": "Powai Udyaan", "address": null, "bmc_department": null, "ward_code_source": null, "twitter_handle": null, "website": null, "latitude": 19.1207271, "longitude": 72.9016172, "source_file": "mumbai_green_spaces.kml", "source": "BMC / OpenCity Mumbai Public Gardens, Parks and Zoos dataset", "coordinate_valid": true }, "geometry": { "type": "Point", "coordinates": [ 72.9016172, 19.1207271 ] } },
{ "type": "Feature", "properties": { "green_space_id": "2710", "green_space_name": "Powai lake View Garden", "address": null, "bmc_department": null, "ward_code_source": null, "twitter_handle": null, "website": null, "latitude": 19.1197534, "longitude": 72.9033286, "source_file": "mumbai_green_spaces.kml", "source": "BMC / OpenCity Mumbai Public Gardens, Parks and Zoos dataset", "coordinate_valid": true }, "geometry": { "type": "Point", "coordinates": [ 72.9033286, 19.1197534 ] } },
{ "type": "Feature", "properties": { "green_space_id": "2711", "green_space_name": "Sabarmati Ashram Park", "address": null, "bmc_department": null, "ward_code_source": null, "twitter_handle": null, "website": null, "latitude": 19.1230582, "longitude": 72.9075446, "source_file": "mumbai_green_spaces.kml", "source": "BMC / OpenCity Mumbai Public Gardens, Parks and Zoos dataset", "coordinate_valid": true }, "geometry": { "type": "Point", "coordinates": [ 72.9075446, 19.1230582 ] } },
{ "type": "Feature", "properties": { "green_space_id": "2712", "green_space_name": "SAROVAR UDYAN", "address": null, "bmc_department": null, "ward_code_source": null, "twitter_handle": null, "website": null, "latitude": 19.1257366, "longitude": 72.9140826, "source_file": "mumbai_green_spaces.kml", "source": "BMC / OpenCity Mumbai Public Gardens, Parks and Zoos dataset", "coordinate_valid": true }, "geometry": { "type": "Point", "coordinates": [ 72.9140826, 19.1257366 ] } },
{ "type": "Feature", "properties": { "green_space_id": "2713", "green_space_name": "Children Park", "address": null, "bmc_department": null, "ward_code_source": null, "twitter_handle": null, "website": null, "latitude": 19.1273326, "longitude": 72.9147011, "source_file": "mumbai_green_spaces.kml", "source": "BMC / OpenCity Mumbai Public Gardens, Parks and Zoos dataset", "coordinate_valid": true }, "geometry": { "type": "Point", "coordinates": [ 72.9147011, 19.1273326 ] } },
{ "type": "Feature", "properties": { "green_space_id": "2714", "green_space_name": "Gulmohar Garden", "address": null, "bmc_department": null, "ward_code_source": null, "twitter_handle": null, "website": null, "latitude": 19.1292485, "longitude": 72.9153146, "source_file": "mumbai_green_spaces.kml", "source": "BMC / OpenCity Mumbai Public Gardens, Parks and Zoos dataset", "coordinate_valid": true }, "geometry": { "type": "Point", "coordinates": [ 72.9153146, 19.1292485 ] } },
{ "type": "Feature", "properties": { "green_space_id": "2715", "green_space_name": "Kshitij Garden", "address": null, "bmc_department": null, "ward_code_source": null, "twitter_handle": null, "website": null, "latitude": 19.1315702, "longitude": 72.9138304, "source_file": "mumbai_green_spaces.kml", "source": "BMC / OpenCity Mumbai Public Gardens, Parks and Zoos dataset", "coordinate_valid": true }, "geometry": { "type": "Point", "coordinates": [ 72.9138304, 19.1315702 ] } },
{ "type": "Feature", "properties": { "green_space_id": "2716", "green_space_name": "Knowledge Tree", "address": null, "bmc_department": null, "ward_code_source": null, "twitter_handle": null, "website": null, "latitude": 19.1331711, "longitude": 72.9156834, "source_file": "mumbai_green_spaces.kml", "source": "BMC / OpenCity Mumbai Public Gardens, Parks and Zoos dataset", "coordinate_valid": true }, "geometry": { "type": "Point", "coordinates": [ 72.9156834, 19.1331711 ] } },
{ "type": "Feature", "properties": { "green_space_id": "2717", "green_space_name": "Gymkhana Grounds", "address": null, "bmc_department": null, "ward_code_source": null, "twitter_handle": null, "website": null, "latitude": 19.1345011, "longitude": 72.9122538, "source_file": "mumbai_green_spaces.kml", "source": "BMC / OpenCity Mumbai Public Gardens, Parks and Zoos dataset", "coordinate_valid": true }, "geometry": { "type": "Point", "coordinates": [ 72.9122538, 19.1345011 ] } },
{ "type": "Feature", "properties": { "green_space_id": "2718", "green_space_name": "Children's Park", "address": null, "bmc_department": null, "ward_code_source": null, "twitter_handle": null, "website": null, "latitude": 19.1346694, "longitude": 72.92492, "source_file": "mumbai_green_spaces.kml", "source": "BMC / OpenCity Mumbai Public Gardens, Parks and Zoos dataset", "coordinate_valid": true }, "geometry": { "type": "Point", "coordinates": [ 72.92492, 19.1346694 ] } },
{ "type": "Feature", "properties": { "green_space_id": "2719", "green_space_name": "Naval Ground", "address": null, "bmc_department": null, "ward_code_source": null, "twitter_handle": null, "website": null, "latitude": 19.1342616, "longitude": 72.9265375, "source_file": "mumbai_green_spaces.kml", "source": "BMC / OpenCity Mumbai Public Gardens, Parks and Zoos dataset", "coordinate_valid": true }, "geometry": { "type": "Point", "coordinates": [ 72.9265375, 19.1342616 ] } },
{ "type": "Feature", "properties": { "green_space_id": "2720", "green_space_name": "Baji Prabhu Ground", "address": null, "bmc_department": null, "ward_code_source": null, "twitter_handle": null, "website": null, "latitude": 19.1326856, "longitude": 72.9284373, "source_file": "mumbai_green_spaces.kml", "source": "BMC / OpenCity Mumbai Public Gardens, Parks and Zoos dataset", "coordinate_valid": true }, "geometry": { "type": "Point", "coordinates": [ 72.9284373, 19.1326856 ] } },
{ "type": "Feature", "properties": { "green_space_id": "2721", "green_space_name": "Kendriya Vidyalaya Playground", "address": null, "bmc_department": null, "ward_code_source": null, "twitter_handle": null, "website": null, "latitude": 19.1257523, "longitude": 72.9245741, "source_file": "mumbai_green_spaces.kml", "source": "BMC / OpenCity Mumbai Public Gardens, Parks and Zoos dataset", "coordinate_valid": true }, "geometry": { "type": "Point", "coordinates": [ 72.9245741, 19.1257523 ] } },
{ "type": "Feature", "properties": { "green_space_id": "2722", "green_space_name": "MMRDA GARDEN", "address": null, "bmc_department": null, "ward_code_source": null, "twitter_handle": null, "website": null, "latitude": 19.1260474, "longitude": 72.9291284, "source_file": "mumbai_green_spaces.kml", "source": "BMC / OpenCity Mumbai Public Gardens, Parks and Zoos dataset", "coordinate_valid": true }, "geometry": { "type": "Point", "coordinates": [ 72.9291284, 19.1260474 ] } },
{ "type": "Feature", "properties": { "green_space_id": "2723", "green_space_name": "Nana Nani Garden", "address": null, "bmc_department": null, "ward_code_source": null, "twitter_handle": null, "website": null, "latitude": 19.1309475, "longitude": 72.926211, "source_file": "mumbai_green_spaces.kml", "source": "BMC / OpenCity Mumbai Public Gardens, Parks and Zoos dataset", "coordinate_valid": true }, "geometry": { "type": "Point", "coordinates": [ 72.926211, 19.1309475 ] } },
{ "type": "Feature", "properties": { "green_space_id": "2724", "green_space_name": "CGHS B Garden", "address": null, "bmc_department": null, "ward_code_source": null, "twitter_handle": null, "website": null, "latitude": 19.1391985, "longitude": 72.9366114, "source_file": "mumbai_green_spaces.kml", "source": "BMC / OpenCity Mumbai Public Gardens, Parks and Zoos dataset", "coordinate_valid": true }, "geometry": { "type": "Point", "coordinates": [ 72.9366114, 19.1391985 ] } },
{ "type": "Feature", "properties": { "green_space_id": "2725", "green_space_name": "Park", "address": null, "bmc_department": null, "ward_code_source": null, "twitter_handle": null, "website": null, "latitude": 19.1400886, "longitude": 72.9392062, "source_file": "mumbai_green_spaces.kml", "source": "BMC / OpenCity Mumbai Public Gardens, Parks and Zoos dataset", "coordinate_valid": true }, "geometry": { "type": "Point", "coordinates": [ 72.9392062, 19.1400886 ] } },
{ "type": "Feature", "properties": { "green_space_id": "2726", "green_space_name": "Public playground", "address": null, "bmc_department": null, "ward_code_source": null, "twitter_handle": null, "website": null, "latitude": 19.1424296, "longitude": 72.9396451, "source_file": "mumbai_green_spaces.kml", "source": "BMC / OpenCity Mumbai Public Gardens, Parks and Zoos dataset", "coordinate_valid": true }, "geometry": { "type": "Point", "coordinates": [ 72.9396451, 19.1424296 ] } },
{ "type": "Feature", "properties": { "green_space_id": "2727", "green_space_name": "Pramodh Mahajan Ground", "address": null, "bmc_department": null, "ward_code_source": null, "twitter_handle": null, "website": null, "latitude": 19.1470764, "longitude": 72.9341333, "source_file": "mumbai_green_spaces.kml", "source": "BMC / OpenCity Mumbai Public Gardens, Parks and Zoos dataset", "coordinate_valid": true }, "geometry": { "type": "Point", "coordinates": [ 72.9341333, 19.1470764 ] } },
{ "type": "Feature", "properties": { "green_space_id": "2728", "green_space_name": "Powai Lake", "address": null, "bmc_department": null, "ward_code_source": null, "twitter_handle": null, "website": null, "latitude": 19.1269907, "longitude": 72.9051842, "source_file": "mumbai_green_spaces.kml", "source": "BMC / OpenCity Mumbai Public Gardens, Parks and Zoos dataset", "coordinate_valid": true }, "geometry": { "type": "Point", "coordinates": [ 72.9051842, 19.1269907 ] } },
{ "type": "Feature", "properties": { "green_space_id": "2729", "green_space_name": "Mhada Colony Community Garden", "address": null, "bmc_department": null, "ward_code_source": null, "twitter_handle": null, "website": null, "latitude": 19.164888, "longitude": 72.965311, "source_file": "mumbai_green_spaces.kml", "source": "BMC / OpenCity Mumbai Public Gardens, Parks and Zoos dataset", "coordinate_valid": true }, "geometry": { "type": "Point", "coordinates": [ 72.965311, 19.164888 ] } },
{ "type": "Feature", "properties": { "green_space_id": "2730", "green_space_name": "Vihar Lake", "address": null, "bmc_department": null, "ward_code_source": null, "twitter_handle": null, "website": null, "latitude": 19.1528799, "longitude": 72.9128645, "source_file": "mumbai_green_spaces.kml", "source": "BMC / OpenCity Mumbai Public Gardens, Parks and Zoos dataset", "coordinate_valid": true }, "geometry": { "type": "Point", "coordinates": [ 72.9128645, 19.1528799 ] } },
{ "type": "Feature", "properties": { "green_space_id": "2731", "green_space_name": "Gol Garden", "address": null, "bmc_department": null, "ward_code_source": null, "twitter_handle": null, "website": null, "latitude": 19.0899733, "longitude": 72.83496, "source_file": "mumbai_green_spaces.kml", "source": "BMC / OpenCity Mumbai Public Gardens, Parks and Zoos dataset", "coordinate_valid": true }, "geometry": { "type": "Point", "coordinates": [ 72.83496, 19.0899733 ] } },
{ "type": "Feature", "properties": { "green_space_id": "2732", "green_space_name": "Juhu Joggers Park", "address": null, "bmc_department": null, "ward_code_source": null, "twitter_handle": null, "website": null, "latitude": 19.1040395, "longitude": 72.8324353, "source_file": "mumbai_green_spaces.kml", "source": "BMC / OpenCity Mumbai Public Gardens, Parks and Zoos dataset", "coordinate_valid": true }, "geometry": { "type": "Point", "coordinates": [ 72.8324353, 19.1040395 ] } },
{ "type": "Feature", "properties": { "green_space_id": "2733", "green_space_name": "Jamnabai Narsee School Playground", "address": null, "bmc_department": null, "ward_code_source": null, "twitter_handle": null, "website": null, "latitude": 19.1048281, "longitude": 72.8312798, "source_file": "mumbai_green_spaces.kml", "source": "BMC / OpenCity Mumbai Public Gardens, Parks and Zoos dataset", "coordinate_valid": true }, "geometry": { "type": "Point", "coordinates": [ 72.8312798, 19.1048281 ] } },
{ "type": "Feature", "properties": { "green_space_id": "2734", "green_space_name": "Pushpa Narsee Park", "address": null, "bmc_department": null, "ward_code_source": null, "twitter_handle": null, "website": null, "latitude": 19.1045084, "longitude": 72.8303335, "source_file": "mumbai_green_spaces.kml", "source": "BMC / OpenCity Mumbai Public Gardens, Parks and Zoos dataset", "coordinate_valid": true }, "geometry": { "type": "Point", "coordinates": [ 72.8303335, 19.1045084 ] } },
{ "type": "Feature", "properties": { "green_space_id": "2735", "green_space_name": "Coastal Garden", "address": null, "bmc_department": null, "ward_code_source": null, "twitter_handle": null, "website": null, "latitude": 19.1040629, "longitude": 72.8247944, "source_file": "mumbai_green_spaces.kml", "source": "BMC / OpenCity Mumbai Public Gardens, Parks and Zoos dataset", "coordinate_valid": true }, "geometry": { "type": "Point", "coordinates": [ 72.8247944, 19.1040629 ] } },
{ "type": "Feature", "properties": { "green_space_id": "2736", "green_space_name": "Juhu Beach View Park", "address": null, "bmc_department": null, "ward_code_source": null, "twitter_handle": null, "website": null, "latitude": 19.0994998, "longitude": 72.8259464, "source_file": "mumbai_green_spaces.kml", "source": "BMC / OpenCity Mumbai Public Gardens, Parks and Zoos dataset", "coordinate_valid": true }, "geometry": { "type": "Point", "coordinates": [ 72.8259464, 19.0994998 ] } },
{ "type": "Feature", "properties": { "green_space_id": "2737", "green_space_name": "Yoga Park", "address": null, "bmc_department": null, "ward_code_source": null, "twitter_handle": null, "website": null, "latitude": 19.1068917, "longitude": 72.8241953, "source_file": "mumbai_green_spaces.kml", "source": "BMC / OpenCity Mumbai Public Gardens, Parks and Zoos dataset", "coordinate_valid": true }, "geometry": { "type": "Point", "coordinates": [ 72.8241953, 19.1068917 ] } },
{ "type": "Feature", "properties": { "green_space_id": "2738", "green_space_name": "My Mom's Garden", "address": null, "bmc_department": null, "ward_code_source": null, "twitter_handle": null, "website": null, "latitude": 19.1078928, "longitude": 72.8239418, "source_file": "mumbai_green_spaces.kml", "source": "BMC / OpenCity Mumbai Public Gardens, Parks and Zoos dataset", "coordinate_valid": true }, "geometry": { "type": "Point", "coordinates": [ 72.8239418, 19.1078928 ] } },
{ "type": "Feature", "properties": { "green_space_id": "2739", "green_space_name": "Kishore Kumar Park", "address": null, "bmc_department": null, "ward_code_source": null, "twitter_handle": null, "website": null, "latitude": 19.1106644, "longitude": 72.8335823, "source_file": "mumbai_green_spaces.kml", "source": "BMC / OpenCity Mumbai Public Gardens, Parks and Zoos dataset", "coordinate_valid": true }, "geometry": { "type": "Point", "coordinates": [ 72.8335823, 19.1106644 ] } },
{ "type": "Feature", "properties": { "green_space_id": "2740", "green_space_name": "Kaifi Azmi Park", "address": null, "bmc_department": null, "ward_code_source": null, "twitter_handle": null, "website": null, "latitude": 19.1120977, "longitude": 72.83088, "source_file": "mumbai_green_spaces.kml", "source": "BMC / OpenCity Mumbai Public Gardens, Parks and Zoos dataset", "coordinate_valid": true }, "geometry": { "type": "Point", "coordinates": [ 72.83088, 19.1120977 ] } },
{ "type": "Feature", "properties": { "green_space_id": "2741", "green_space_name": "Lokmanya Tilak Udyan", "address": null, "bmc_department": null, "ward_code_source": null, "twitter_handle": null, "website": null, "latitude": 19.1135844, "longitude": 72.8334445, "source_file": "mumbai_green_spaces.kml", "source": "BMC / OpenCity Mumbai Public Gardens, Parks and Zoos dataset", "coordinate_valid": true }, "geometry": { "type": "Point", "coordinates": [ 72.8334445, 19.1135844 ] } },
{ "type": "Feature", "properties": { "green_space_id": "2742", "green_space_name": "Children Knowledge & Forest Park", "address": null, "bmc_department": null, "ward_code_source": null, "twitter_handle": null, "website": null, "latitude": 19.1127893, "longitude": 72.8296017, "source_file": "mumbai_green_spaces.kml", "source": "BMC / OpenCity Mumbai Public Gardens, Parks and Zoos dataset", "coordinate_valid": true }, "geometry": { "type": "Point", "coordinates": [ 72.8296017, 19.1127893 ] } },
{ "type": "Feature", "properties": { "green_space_id": "2743", "green_space_name": "Nakshatra Garden", "address": null, "bmc_department": null, "ward_code_source": null, "twitter_handle": null, "website": null, "latitude": 19.11849, "longitude": 72.8255742, "source_file": "mumbai_green_spaces.kml", "source": "BMC / OpenCity Mumbai Public Gardens, Parks and Zoos dataset", "coordinate_valid": true }, "geometry": { "type": "Point", "coordinates": [ 72.8255742, 19.11849 ] } },
{ "type": "Feature", "properties": { "green_space_id": "2744", "green_space_name": "Mora Garden", "address": null, "bmc_department": null, "ward_code_source": null, "twitter_handle": null, "website": null, "latitude": 19.118453, "longitude": 72.8239065, "source_file": "mumbai_green_spaces.kml", "source": "BMC / OpenCity Mumbai Public Gardens, Parks and Zoos dataset", "coordinate_valid": true }, "geometry": { "type": "Point", "coordinates": [ 72.8239065, 19.118453 ] } },
{ "type": "Feature", "properties": { "green_space_id": "2745", "green_space_name": "B.M.C. Garden", "address": null, "bmc_department": null, "ward_code_source": null, "twitter_handle": null, "website": null, "latitude": 19.1208558, "longitude": 72.8276951, "source_file": "mumbai_green_spaces.kml", "source": "BMC / OpenCity Mumbai Public Gardens, Parks and Zoos dataset", "coordinate_valid": true }, "geometry": { "type": "Point", "coordinates": [ 72.8276951, 19.1208558 ] } },
{ "type": "Feature", "properties": { "green_space_id": "2746", "green_space_name": "D. N. Nagar Ground", "address": null, "bmc_department": null, "ward_code_source": null, "twitter_handle": null, "website": null, "latitude": 19.1219197, "longitude": 72.8308969, "source_file": "mumbai_green_spaces.kml", "source": "BMC / OpenCity Mumbai Public Gardens, Parks and Zoos dataset", "coordinate_valid": true }, "geometry": { "type": "Point", "coordinates": [ 72.8308969, 19.1219197 ] } },
{ "type": "Feature", "properties": { "green_space_id": "2747", "green_space_name": "Prajakta Udyan", "address": null, "bmc_department": null, "ward_code_source": null, "twitter_handle": null, "website": null, "latitude": 19.1228864, "longitude": 72.8310235, "source_file": "mumbai_green_spaces.kml", "source": "BMC / OpenCity Mumbai Public Gardens, Parks and Zoos dataset", "coordinate_valid": true }, "geometry": { "type": "Point", "coordinates": [ 72.8310235, 19.1228864 ] } },
{ "type": "Feature", "properties": { "green_space_id": "2748", "green_space_name": "Plot reserved for Garden (R3)", "address": null, "bmc_department": null, "ward_code_source": null, "twitter_handle": null, "website": null, "latitude": 19.1226337, "longitude": 72.8254779, "source_file": "mumbai_green_spaces.kml", "source": "BMC / OpenCity Mumbai Public Gardens, Parks and Zoos dataset", "coordinate_valid": true }, "geometry": { "type": "Point", "coordinates": [ 72.8254779, 19.1226337 ] } },
{ "type": "Feature", "properties": { "green_space_id": "2749", "green_space_name": "Renaissance Ground", "address": null, "bmc_department": null, "ward_code_source": null, "twitter_handle": null, "website": null, "latitude": 19.1230968, "longitude": 72.8223405, "source_file": "mumbai_green_spaces.kml", "source": "BMC / OpenCity Mumbai Public Gardens, Parks and Zoos dataset", "coordinate_valid": true }, "geometry": { "type": "Point", "coordinates": [ 72.8223405, 19.1230968 ] } },
{ "type": "Feature", "properties": { "green_space_id": "2750", "green_space_name": "Seven Bungalows Garden", "address": null, "bmc_department": null, "ward_code_source": null, "twitter_handle": null, "website": null, "latitude": 19.1289871, "longitude": 72.8170806, "source_file": "mumbai_green_spaces.kml", "source": "BMC / OpenCity Mumbai Public Gardens, Parks and Zoos dataset", "coordinate_valid": true }, "geometry": { "type": "Point", "coordinates": [ 72.8170806, 19.1289871 ] } },
{ "type": "Feature", "properties": { "green_space_id": "2751", "green_space_name": "Kamala Raheja Garden", "address": null, "bmc_department": null, "ward_code_source": null, "twitter_handle": null, "website": null, "latitude": 19.1273478, "longitude": 72.8197714, "source_file": "mumbai_green_spaces.kml", "source": "BMC / OpenCity Mumbai Public Gardens, Parks and Zoos dataset", "coordinate_valid": true }, "geometry": { "type": "Point", "coordinates": [ 72.8197714, 19.1273478 ] } },
{ "type": "Feature", "properties": { "green_space_id": "2752", "green_space_name": "Versova welfare play ground", "address": null, "bmc_department": null, "ward_code_source": null, "twitter_handle": null, "website": null, "latitude": 19.1314202, "longitude": 72.8157545, "source_file": "mumbai_green_spaces.kml", "source": "BMC / OpenCity Mumbai Public Gardens, Parks and Zoos dataset", "coordinate_valid": true }, "geometry": { "type": "Point", "coordinates": [ 72.8157545, 19.1314202 ] } },
{ "type": "Feature", "properties": { "green_space_id": "2753", "green_space_name": "Chacha Nehru Park", "address": null, "bmc_department": null, "ward_code_source": null, "twitter_handle": null, "website": null, "latitude": 19.132309, "longitude": 72.8227915, "source_file": "mumbai_green_spaces.kml", "source": "BMC / OpenCity Mumbai Public Gardens, Parks and Zoos dataset", "coordinate_valid": true }, "geometry": { "type": "Point", "coordinates": [ 72.8227915, 19.132309 ] } },
{ "type": "Feature", "properties": { "green_space_id": "2754", "green_space_name": "Sangeetkar Anil Mohile Manoranjan Park", "address": null, "bmc_department": null, "ward_code_source": null, "twitter_handle": null, "website": null, "latitude": 19.1329036, "longitude": 72.8239268, "source_file": "mumbai_green_spaces.kml", "source": "BMC / OpenCity Mumbai Public Gardens, Parks and Zoos dataset", "coordinate_valid": true }, "geometry": { "type": "Point", "coordinates": [ 72.8239268, 19.1329036 ] } },
{ "type": "Feature", "properties": { "green_space_id": "2755", "green_space_name": "Dr Babasaheb Ambedkar Park", "address": null, "bmc_department": null, "ward_code_source": null, "twitter_handle": null, "website": null, "latitude": 19.1370057, "longitude": 72.8211625, "source_file": "mumbai_green_spaces.kml", "source": "BMC / OpenCity Mumbai Public Gardens, Parks and Zoos dataset", "coordinate_valid": true }, "geometry": { "type": "Point", "coordinates": [ 72.8211625, 19.1370057 ] } },
{ "type": "Feature", "properties": { "green_space_id": "2756", "green_space_name": "Bhartitai Lavhekar Children’s Park", "address": null, "bmc_department": null, "ward_code_source": null, "twitter_handle": null, "website": null, "latitude": 19.1359729, "longitude": 72.8175614, "source_file": "mumbai_green_spaces.kml", "source": "BMC / OpenCity Mumbai Public Gardens, Parks and Zoos dataset", "coordinate_valid": true }, "geometry": { "type": "Point", "coordinates": [ 72.8175614, 19.1359729 ] } },
{ "type": "Feature", "properties": { "green_space_id": "2757", "green_space_name": "Freedom Fighter Janardhan R. Patil Park", "address": null, "bmc_department": null, "ward_code_source": null, "twitter_handle": null, "website": null, "latitude": 19.1377746, "longitude": 72.8159096, "source_file": "mumbai_green_spaces.kml", "source": "BMC / OpenCity Mumbai Public Gardens, Parks and Zoos dataset", "coordinate_valid": true }, "geometry": { "type": "Point", "coordinates": [ 72.8159096, 19.1377746 ] } },
{ "type": "Feature", "properties": { "green_space_id": "2758", "green_space_name": "B.M.C Play Ground", "address": null, "bmc_department": null, "ward_code_source": null, "twitter_handle": null, "website": null, "latitude": 19.1346202, "longitude": 72.8123136, "source_file": "mumbai_green_spaces.kml", "source": "BMC / OpenCity Mumbai Public Gardens, Parks and Zoos dataset", "coordinate_valid": true }, "geometry": { "type": "Point", "coordinates": [ 72.8123136, 19.1346202 ] } },
{ "type": "Feature", "properties": { "green_space_id": "2759", "green_space_name": "Dattaram Kaskar Udayan (Coconut Gardens)", "address": null, "bmc_department": null, "ward_code_source": null, "twitter_handle": null, "website": null, "latitude": 19.1376652, "longitude": 72.8139783, "source_file": "mumbai_green_spaces.kml", "source": "BMC / OpenCity Mumbai Public Gardens, Parks and Zoos dataset", "coordinate_valid": true }, "geometry": { "type": "Point", "coordinates": [ 72.8139783, 19.1376652 ] } },
{ "type": "Feature", "properties": { "green_space_id": "2760", "green_space_name": "Raj Classic Park", "address": null, "bmc_department": null, "ward_code_source": null, "twitter_handle": null, "website": null, "latitude": 19.1397598, "longitude": 72.8132552, "source_file": "mumbai_green_spaces.kml", "source": "BMC / OpenCity Mumbai Public Gardens, Parks and Zoos dataset", "coordinate_valid": true }, "geometry": { "type": "Point", "coordinates": [ 72.8132552, 19.1397598 ] } },
{ "type": "Feature", "properties": { "green_space_id": "2761", "green_space_name": "Bmc Garden", "address": null, "bmc_department": null, "ward_code_source": null, "twitter_handle": null, "website": null, "latitude": 19.1402626, "longitude": 72.8146154, "source_file": "mumbai_green_spaces.kml", "source": "BMC / OpenCity Mumbai Public Gardens, Parks and Zoos dataset", "coordinate_valid": true }, "geometry": { "type": "Point", "coordinates": [ 72.8146154, 19.1402626 ] } },
{ "type": "Feature", "properties": { "green_space_id": "2762", "green_space_name": "Ekata Manch Pet Park", "address": null, "bmc_department": null, "ward_code_source": null, "twitter_handle": null, "website": null, "latitude": 19.1410119, "longitude": 72.8131782, "source_file": "mumbai_green_spaces.kml", "source": "BMC / OpenCity Mumbai Public Gardens, Parks and Zoos dataset", "coordinate_valid": true }, "geometry": { "type": "Point", "coordinates": [ 72.8131782, 19.1410119 ] } },
{ "type": "Feature", "properties": { "green_space_id": "2763", "green_space_name": "Walking Garden", "address": null, "bmc_department": null, "ward_code_source": null, "twitter_handle": null, "website": null, "latitude": 19.1408103, "longitude": 72.8071976, "source_file": "mumbai_green_spaces.kml", "source": "BMC / OpenCity Mumbai Public Gardens, Parks and Zoos dataset", "coordinate_valid": true }, "geometry": { "type": "Point", "coordinates": [ 72.8071976, 19.1408103 ] } },
{ "type": "Feature", "properties": { "green_space_id": "2764", "green_space_name": "कलाविहर मनोरंजन उद्यान", "address": null, "bmc_department": null, "ward_code_source": null, "twitter_handle": null, "website": null, "latitude": 19.1422125, "longitude": 72.8097434, "source_file": "mumbai_green_spaces.kml", "source": "BMC / OpenCity Mumbai Public Gardens, Parks and Zoos dataset", "coordinate_valid": true }, "geometry": { "type": "Point", "coordinates": [ 72.8097434, 19.1422125 ] } },
{ "type": "Feature", "properties": { "green_space_id": "2765", "green_space_name": "Gulmohar Garden", "address": null, "bmc_department": null, "ward_code_source": null, "twitter_handle": null, "website": null, "latitude": 19.143041, "longitude": 72.8104542, "source_file": "mumbai_green_spaces.kml", "source": "BMC / OpenCity Mumbai Public Gardens, Parks and Zoos dataset", "coordinate_valid": true }, "geometry": { "type": "Point", "coordinates": [ 72.8104542, 19.143041 ] } },
{ "type": "Feature", "properties": { "green_space_id": "2766", "green_space_name": "Versova Mangroves", "address": null, "bmc_department": null, "ward_code_source": null, "twitter_handle": null, "website": null, "latitude": 19.1514928, "longitude": 72.8171533, "source_file": "mumbai_green_spaces.kml", "source": "BMC / OpenCity Mumbai Public Gardens, Parks and Zoos dataset", "coordinate_valid": true }, "geometry": { "type": "Point", "coordinates": [ 72.8171533, 19.1514928 ] } },
{ "type": "Feature", "properties": { "green_space_id": "2767", "green_space_name": "Jogger's Park", "address": null, "bmc_department": null, "ward_code_source": null, "twitter_handle": null, "website": null, "latitude": 19.1458231, "longitude": 72.8214288, "source_file": "mumbai_green_spaces.kml", "source": "BMC / OpenCity Mumbai Public Gardens, Parks and Zoos dataset", "coordinate_valid": true }, "geometry": { "type": "Point", "coordinates": [ 72.8214288, 19.1458231 ] } },
{ "type": "Feature", "properties": { "green_space_id": "2768", "green_space_name": "Pramod Mahajan Playground", "address": null, "bmc_department": null, "ward_code_source": null, "twitter_handle": null, "website": null, "latitude": 19.143261, "longitude": 72.8215511, "source_file": "mumbai_green_spaces.kml", "source": "BMC / OpenCity Mumbai Public Gardens, Parks and Zoos dataset", "coordinate_valid": true }, "geometry": { "type": "Point", "coordinates": [ 72.8215511, 19.143261 ] } },
{ "type": "Feature", "properties": { "green_space_id": "2769", "green_space_name": "Lokhandwala Garden", "address": null, "bmc_department": null, "ward_code_source": null, "twitter_handle": null, "website": null, "latitude": 19.1452075, "longitude": 72.8270414, "source_file": "mumbai_green_spaces.kml", "source": "BMC / OpenCity Mumbai Public Gardens, Parks and Zoos dataset", "coordinate_valid": true }, "geometry": { "type": "Point", "coordinates": [ 72.8270414, 19.1452075 ] } },
{ "type": "Feature", "properties": { "green_space_id": "2770", "green_space_name": "Walawalkar Garden", "address": null, "bmc_department": null, "ward_code_source": null, "twitter_handle": null, "website": null, "latitude": 19.1527937, "longitude": 72.8290307, "source_file": "mumbai_green_spaces.kml", "source": "BMC / OpenCity Mumbai Public Gardens, Parks and Zoos dataset", "coordinate_valid": true }, "geometry": { "type": "Point", "coordinates": [ 72.8290307, 19.1527937 ] } },
{ "type": "Feature", "properties": { "green_space_id": "2771", "green_space_name": "Pramod Navalkar Manoranjan Maydan", "address": null, "bmc_department": null, "ward_code_source": null, "twitter_handle": null, "website": null, "latitude": 19.1393288, "longitude": 72.8360027, "source_file": "mumbai_green_spaces.kml", "source": "BMC / OpenCity Mumbai Public Gardens, Parks and Zoos dataset", "coordinate_valid": true }, "geometry": { "type": "Point", "coordinates": [ 72.8360027, 19.1393288 ] } },
{ "type": "Feature", "properties": { "green_space_id": "2772", "green_space_name": "Municipal Joggers Park", "address": null, "bmc_department": null, "ward_code_source": null, "twitter_handle": null, "website": null, "latitude": 19.139197, "longitude": 72.836723, "source_file": "mumbai_green_spaces.kml", "source": "BMC / OpenCity Mumbai Public Gardens, Parks and Zoos dataset", "coordinate_valid": true }, "geometry": { "type": "Point", "coordinates": [ 72.836723, 19.139197 ] } },
{ "type": "Feature", "properties": { "green_space_id": "2773", "green_space_name": "Botanical Garden", "address": null, "bmc_department": null, "ward_code_source": null, "twitter_handle": null, "website": null, "latitude": 19.1370551, "longitude": 72.8407375, "source_file": "mumbai_green_spaces.kml", "source": "BMC / OpenCity Mumbai Public Gardens, Parks and Zoos dataset", "coordinate_valid": true }, "geometry": { "type": "Point", "coordinates": [ 72.8407375, 19.1370551 ] } },
{ "type": "Feature", "properties": { "green_space_id": "2774", "green_space_name": "Kamruddin Merchant garden", "address": null, "bmc_department": null, "ward_code_source": null, "twitter_handle": null, "website": null, "latitude": 19.1379959, "longitude": 72.8412227, "source_file": "mumbai_green_spaces.kml", "source": "BMC / OpenCity Mumbai Public Gardens, Parks and Zoos dataset", "coordinate_valid": true }, "geometry": { "type": "Point", "coordinates": [ 72.8412227, 19.1379959 ] } },
{ "type": "Feature", "properties": { "green_space_id": "2775", "green_space_name": "Tijoriwala Recreation Ground", "address": null, "bmc_department": null, "ward_code_source": null, "twitter_handle": null, "website": null, "latitude": 19.1360553, "longitude": 72.8461433, "source_file": "mumbai_green_spaces.kml", "source": "BMC / OpenCity Mumbai Public Gardens, Parks and Zoos dataset", "coordinate_valid": true }, "geometry": { "type": "Point", "coordinates": [ 72.8461433, 19.1360553 ] } },
{ "type": "Feature", "properties": { "green_space_id": "2776", "green_space_name": "Maasaheb Meenatai Thackeray Garden", "address": null, "bmc_department": null, "ward_code_source": null, "twitter_handle": null, "website": null, "latitude": 19.1333556, "longitude": 72.8429991, "source_file": "mumbai_green_spaces.kml", "source": "BMC / OpenCity Mumbai Public Gardens, Parks and Zoos dataset", "coordinate_valid": true }, "geometry": { "type": "Point", "coordinates": [ 72.8429991, 19.1333556 ] } },
{ "type": "Feature", "properties": { "green_space_id": "2777", "green_space_name": "Shiva Garden Ambivali", "address": null, "bmc_department": null, "ward_code_source": null, "twitter_handle": null, "website": null, "latitude": 19.132812, "longitude": 72.8421705, "source_file": "mumbai_green_spaces.kml", "source": "BMC / OpenCity Mumbai Public Gardens, Parks and Zoos dataset", "coordinate_valid": true }, "geometry": { "type": "Point", "coordinates": [ 72.8421705, 19.132812 ] } },
{ "type": "Feature", "properties": { "green_space_id": "2778", "green_space_name": "Gopinath Munde Udyan", "address": null, "bmc_department": null, "ward_code_source": null, "twitter_handle": null, "website": null, "latitude": 19.12843, "longitude": 72.838198, "source_file": "mumbai_green_spaces.kml", "source": "BMC / OpenCity Mumbai Public Gardens, Parks and Zoos dataset", "coordinate_valid": true }, "geometry": { "type": "Point", "coordinates": [ 72.838198, 19.12843 ] } },
{ "type": "Feature", "properties": { "green_space_id": "2779", "green_space_name": "Joe & Helen D'mello Garden Ambivali", "address": null, "bmc_department": null, "ward_code_source": null, "twitter_handle": null, "website": null, "latitude": 19.129429, "longitude": 72.8422048, "source_file": "mumbai_green_spaces.kml", "source": "BMC / OpenCity Mumbai Public Gardens, Parks and Zoos dataset", "coordinate_valid": true }, "geometry": { "type": "Point", "coordinates": [ 72.8422048, 19.129429 ] } },
{ "type": "Feature", "properties": { "green_space_id": "2780", "green_space_name": "St. Ramdas Ground", "address": null, "bmc_department": null, "ward_code_source": null, "twitter_handle": null, "website": null, "latitude": 19.1264547, "longitude": 72.8438576, "source_file": "mumbai_green_spaces.kml", "source": "BMC / OpenCity Mumbai Public Gardens, Parks and Zoos dataset", "coordinate_valid": true }, "geometry": { "type": "Point", "coordinates": [ 72.8438576, 19.1264547 ] } },
{ "type": "Feature", "properties": { "green_space_id": "2781", "green_space_name": "Ganpatrav Aambre Maharaj Udhyan- Andheri West", "address": null, "bmc_department": null, "ward_code_source": null, "twitter_handle": null, "website": null, "latitude": 19.124627, "longitude": 72.841335, "source_file": "mumbai_green_spaces.kml", "source": "BMC / OpenCity Mumbai Public Gardens, Parks and Zoos dataset", "coordinate_valid": true }, "geometry": { "type": "Point", "coordinates": [ 72.841335, 19.124627 ] } },
{ "type": "Feature", "properties": { "green_space_id": "2782", "green_space_name": "Lallu Bhai Park", "address": null, "bmc_department": null, "ward_code_source": null, "twitter_handle": null, "website": null, "latitude": 19.1136705, "longitude": 72.844563, "source_file": "mumbai_green_spaces.kml", "source": "BMC / OpenCity Mumbai Public Gardens, Parks and Zoos dataset", "coordinate_valid": true }, "geometry": { "type": "Point", "coordinates": [ 72.844563, 19.1136705 ] } },
{ "type": "Feature", "properties": { "green_space_id": "2783", "green_space_name": "Sardar Vallabhbhai Patel Park", "address": null, "bmc_department": null, "ward_code_source": null, "twitter_handle": null, "website": null, "latitude": 19.1113697, "longitude": 72.8440088, "source_file": "mumbai_green_spaces.kml", "source": "BMC / OpenCity Mumbai Public Gardens, Parks and Zoos dataset", "coordinate_valid": true }, "geometry": { "type": "Point", "coordinates": [ 72.8440088, 19.1113697 ] } },
{ "type": "Feature", "properties": { "green_space_id": "2784", "green_space_name": "Bhagatsingh Garden", "address": null, "bmc_department": null, "ward_code_source": null, "twitter_handle": null, "website": null, "latitude": 19.105493, "longitude": 72.8422143, "source_file": "mumbai_green_spaces.kml", "source": "BMC / OpenCity Mumbai Public Gardens, Parks and Zoos dataset", "coordinate_valid": true }, "geometry": { "type": "Point", "coordinates": [ 72.8422143, 19.105493 ] } },
{ "type": "Feature", "properties": { "green_space_id": "2785", "green_space_name": "Ishwarlal Park", "address": null, "bmc_department": null, "ward_code_source": null, "twitter_handle": null, "website": null, "latitude": 19.0979102, "longitude": 72.8407157, "source_file": "mumbai_green_spaces.kml", "source": "BMC / OpenCity Mumbai Public Gardens, Parks and Zoos dataset", "coordinate_valid": true }, "geometry": { "type": "Point", "coordinates": [ 72.8407157, 19.0979102 ] } },
{ "type": "Feature", "properties": { "green_space_id": "2786", "green_space_name": "South West Vile Parle Residential Association Park", "address": null, "bmc_department": null, "ward_code_source": null, "twitter_handle": null, "website": null, "latitude": 19.0937903, "longitude": 72.8400114, "source_file": "mumbai_green_spaces.kml", "source": "BMC / OpenCity Mumbai Public Gardens, Parks and Zoos dataset", "coordinate_valid": true }, "geometry": { "type": "Point", "coordinates": [ 72.8400114, 19.0937903 ] } },
{ "type": "Feature", "properties": { "green_space_id": "2787", "green_space_name": "Annabhau Sathe Maidan", "address": null, "bmc_department": null, "ward_code_source": null, "twitter_handle": null, "website": null, "latitude": 19.156786, "longitude": 72.8357726, "source_file": "mumbai_green_spaces.kml", "source": "BMC / OpenCity Mumbai Public Gardens, Parks and Zoos dataset", "coordinate_valid": true }, "geometry": { "type": "Point", "coordinates": [ 72.8357726, 19.156786 ] } },
{ "type": "Feature", "properties": { "green_space_id": "2788", "green_space_name": "Ambedkar Maidan", "address": null, "bmc_department": null, "ward_code_source": null, "twitter_handle": null, "website": null, "latitude": 19.15661, "longitude": 72.8388562, "source_file": "mumbai_green_spaces.kml", "source": "BMC / OpenCity Mumbai Public Gardens, Parks and Zoos dataset", "coordinate_valid": true }, "geometry": { "type": "Point", "coordinates": [ 72.8388562, 19.15661 ] } },
{ "type": "Feature", "properties": { "green_space_id": "2789", "green_space_name": "Trikoni maidan", "address": null, "bmc_department": null, "ward_code_source": null, "twitter_handle": null, "website": null, "latitude": 19.1547326, "longitude": 72.8387828, "source_file": "mumbai_green_spaces.kml", "source": "BMC / OpenCity Mumbai Public Gardens, Parks and Zoos dataset", "coordinate_valid": true }, "geometry": { "type": "Point", "coordinates": [ 72.8387828, 19.1547326 ] } },
{ "type": "Feature", "properties": { "green_space_id": "2790", "green_space_name": "Prabodhan Kridabhavan Maidan", "address": null, "bmc_department": null, "ward_code_source": null, "twitter_handle": null, "website": null, "latitude": 19.1574019, "longitude": 72.8428932, "source_file": "mumbai_green_spaces.kml", "source": "BMC / OpenCity Mumbai Public Gardens, Parks and Zoos dataset", "coordinate_valid": true }, "geometry": { "type": "Point", "coordinates": [ 72.8428932, 19.1574019 ] } },
{ "type": "Feature", "properties": { "green_space_id": "2791", "green_space_name": "Bharat Ratna Rajiv Gandhi Garden", "address": null, "bmc_department": null, "ward_code_source": null, "twitter_handle": null, "website": null, "latitude": 19.1621382, "longitude": 72.8360608, "source_file": "mumbai_green_spaces.kml", "source": "BMC / OpenCity Mumbai Public Gardens, Parks and Zoos dataset", "coordinate_valid": true }, "geometry": { "type": "Point", "coordinates": [ 72.8360608, 19.1621382 ] } },
{ "type": "Feature", "properties": { "green_space_id": "2792", "green_space_name": "Ganesh Udhyan", "address": null, "bmc_department": null, "ward_code_source": null, "twitter_handle": null, "website": null, "latitude": 19.1642858, "longitude": 72.836453, "source_file": "mumbai_green_spaces.kml", "source": "BMC / OpenCity Mumbai Public Gardens, Parks and Zoos dataset", "coordinate_valid": true }, "geometry": { "type": "Point", "coordinates": [ 72.836453, 19.1642858 ] } },
{ "type": "Feature", "properties": { "green_space_id": "2793", "green_space_name": "Azad maidan", "address": null, "bmc_department": null, "ward_code_source": null, "twitter_handle": null, "website": null, "latitude": 19.1645384, "longitude": 72.8394732, "source_file": "mumbai_green_spaces.kml", "source": "BMC / OpenCity Mumbai Public Gardens, Parks and Zoos dataset", "coordinate_valid": true }, "geometry": { "type": "Point", "coordinates": [ 72.8394732, 19.1645384 ] } },
{ "type": "Feature", "properties": { "green_space_id": "2794", "green_space_name": "Joggers Park", "address": null, "bmc_department": null, "ward_code_source": null, "twitter_handle": null, "website": null, "latitude": 19.1693953, "longitude": 72.8439602, "source_file": "mumbai_green_spaces.kml", "source": "BMC / OpenCity Mumbai Public Gardens, Parks and Zoos dataset", "coordinate_valid": true }, "geometry": { "type": "Point", "coordinates": [ 72.8439602, 19.1693953 ] } },
{ "type": "Feature", "properties": { "green_space_id": "2795", "green_space_name": "Nana Nani Park", "address": null, "bmc_department": null, "ward_code_source": null, "twitter_handle": null, "website": null, "latitude": 19.1698103, "longitude": 72.8452019, "source_file": "mumbai_green_spaces.kml", "source": "BMC / OpenCity Mumbai Public Gardens, Parks and Zoos dataset", "coordinate_valid": true }, "geometry": { "type": "Point", "coordinates": [ 72.8452019, 19.1698103 ] } },
{ "type": "Feature", "properties": { "green_space_id": "2796", "green_space_name": "Pandurang Wadi Garden", "address": null, "bmc_department": null, "ward_code_source": null, "twitter_handle": null, "website": null, "latitude": 19.1701671, "longitude": 72.8506224, "source_file": "mumbai_green_spaces.kml", "source": "BMC / OpenCity Mumbai Public Gardens, Parks and Zoos dataset", "coordinate_valid": true }, "geometry": { "type": "Point", "coordinates": [ 72.8506224, 19.1701671 ] } },
{ "type": "Feature", "properties": { "green_space_id": "2797", "green_space_name": "Sambhaji Maidan", "address": null, "bmc_department": null, "ward_code_source": null, "twitter_handle": null, "website": null, "latitude": 19.1701339, "longitude": 72.8525079, "source_file": "mumbai_green_spaces.kml", "source": "BMC / OpenCity Mumbai Public Gardens, Parks and Zoos dataset", "coordinate_valid": true }, "geometry": { "type": "Point", "coordinates": [ 72.8525079, 19.1701339 ] } },
{ "type": "Feature", "properties": { "green_space_id": "2798", "green_space_name": "Brahmachari Vishwanath Guruji Udyan", "address": null, "bmc_department": null, "ward_code_source": null, "twitter_handle": null, "website": null, "latitude": 19.1723592, "longitude": 72.8527153, "source_file": "mumbai_green_spaces.kml", "source": "BMC / OpenCity Mumbai Public Gardens, Parks and Zoos dataset", "coordinate_valid": true }, "geometry": { "type": "Point", "coordinates": [ 72.8527153, 19.1723592 ] } },
{ "type": "Feature", "properties": { "green_space_id": "2799", "green_space_name": "Pu. L. Deshpande Vanodhyan", "address": null, "bmc_department": null, "ward_code_source": null, "twitter_handle": null, "website": null, "latitude": 19.1715517, "longitude": 72.8521937, "source_file": "mumbai_green_spaces.kml", "source": "BMC / OpenCity Mumbai Public Gardens, Parks and Zoos dataset", "coordinate_valid": true }, "geometry": { "type": "Point", "coordinates": [ 72.8521937, 19.1715517 ] } },
{ "type": "Feature", "properties": { "green_space_id": "2800", "green_space_name": "Govind Nagar Garden", "address": null, "bmc_department": null, "ward_code_source": null, "twitter_handle": null, "website": null, "latitude": 19.1768781, "longitude": 72.8509257, "source_file": "mumbai_green_spaces.kml", "source": "BMC / OpenCity Mumbai Public Gardens, Parks and Zoos dataset", "coordinate_valid": true }, "geometry": { "type": "Point", "coordinates": [ 72.8509257, 19.1768781 ] } },
{ "type": "Feature", "properties": { "green_space_id": "2801", "green_space_name": "Giri-Pushpa Park", "address": null, "bmc_department": null, "ward_code_source": null, "twitter_handle": null, "website": null, "latitude": 19.1755507, "longitude": 72.8534758, "source_file": "mumbai_green_spaces.kml", "source": "BMC / OpenCity Mumbai Public Gardens, Parks and Zoos dataset", "coordinate_valid": true }, "geometry": { "type": "Point", "coordinates": [ 72.8534758, 19.1755507 ] } },
{ "type": "Feature", "properties": { "green_space_id": "2802", "green_space_name": "Mindspace Garden", "address": null, "bmc_department": null, "ward_code_source": null, "twitter_handle": null, "website": null, "latitude": 19.1794981, "longitude": 72.8334354, "source_file": "mumbai_green_spaces.kml", "source": "BMC / OpenCity Mumbai Public Gardens, Parks and Zoos dataset", "coordinate_valid": true }, "geometry": { "type": "Point", "coordinates": [ 72.8334354, 19.1794981 ] } },
{ "type": "Feature", "properties": { "green_space_id": "2803", "green_space_name": "Shahid Capton Vinayak Gore Maidan", "address": null, "bmc_department": null, "ward_code_source": null, "twitter_handle": null, "website": null, "latitude": 19.1810918, "longitude": 72.8377687, "source_file": "mumbai_green_spaces.kml", "source": "BMC / OpenCity Mumbai Public Gardens, Parks and Zoos dataset", "coordinate_valid": true }, "geometry": { "type": "Point", "coordinates": [ 72.8377687, 19.1810918 ] } },
{ "type": "Feature", "properties": { "green_space_id": "2804", "green_space_name": "BMC Garden", "address": null, "bmc_department": null, "ward_code_source": null, "twitter_handle": null, "website": null, "latitude": 19.1871209, "longitude": 72.8330324, "source_file": "mumbai_green_spaces.kml", "source": "BMC / OpenCity Mumbai Public Gardens, Parks and Zoos dataset", "coordinate_valid": true }, "geometry": { "type": "Point", "coordinates": [ 72.8330324, 19.1871209 ] } },
{ "type": "Feature", "properties": { "green_space_id": "2805", "green_space_name": "APJ Kalam Udyaan", "address": null, "bmc_department": null, "ward_code_source": null, "twitter_handle": null, "website": null, "latitude": 19.1879098, "longitude": 72.8309327, "source_file": "mumbai_green_spaces.kml", "source": "BMC / OpenCity Mumbai Public Gardens, Parks and Zoos dataset", "coordinate_valid": true }, "geometry": { "type": "Point", "coordinates": [ 72.8309327, 19.1879098 ] } },
{ "type": "Feature", "properties": { "green_space_id": "2806", "green_space_name": "Liberty Garden MCGM", "address": null, "bmc_department": null, "ward_code_source": null, "twitter_handle": null, "website": null, "latitude": 19.187976, "longitude": 72.8417703, "source_file": "mumbai_green_spaces.kml", "source": "BMC / OpenCity Mumbai Public Gardens, Parks and Zoos dataset", "coordinate_valid": true }, "geometry": { "type": "Point", "coordinates": [ 72.8417703, 19.187976 ] } },
{ "type": "Feature", "properties": { "green_space_id": "2807", "green_space_name": "BMC Play Ground", "address": null, "bmc_department": null, "ward_code_source": null, "twitter_handle": null, "website": null, "latitude": 19.188673, "longitude": 72.8399756, "source_file": "mumbai_green_spaces.kml", "source": "BMC / OpenCity Mumbai Public Gardens, Parks and Zoos dataset", "coordinate_valid": true }, "geometry": { "type": "Point", "coordinates": [ 72.8399756, 19.188673 ] } },
{ "type": "Feature", "properties": { "green_space_id": "2808", "green_space_name": "Sai Baba Park Garden", "address": null, "bmc_department": null, "ward_code_source": null, "twitter_handle": null, "website": null, "latitude": 19.1922763, "longitude": 72.8323705, "source_file": "mumbai_green_spaces.kml", "source": "BMC / OpenCity Mumbai Public Gardens, Parks and Zoos dataset", "coordinate_valid": true }, "geometry": { "type": "Point", "coordinates": [ 72.8323705, 19.1922763 ] } },
{ "type": "Feature", "properties": { "green_space_id": "2809", "green_space_name": "Childrens Garden", "address": null, "bmc_department": null, "ward_code_source": null, "twitter_handle": null, "website": null, "latitude": 19.193491, "longitude": 72.8336669, "source_file": "mumbai_green_spaces.kml", "source": "BMC / OpenCity Mumbai Public Gardens, Parks and Zoos dataset", "coordinate_valid": true }, "geometry": { "type": "Point", "coordinates": [ 72.8336669, 19.193491 ] } },
{ "type": "Feature", "properties": { "green_space_id": "2810", "green_space_name": "Shardaben Patel Ground Hall", "address": null, "bmc_department": null, "ward_code_source": null, "twitter_handle": null, "website": null, "latitude": 19.1946159, "longitude": 72.8407203, "source_file": "mumbai_green_spaces.kml", "source": "BMC / OpenCity Mumbai Public Gardens, Parks and Zoos dataset", "coordinate_valid": true }, "geometry": { "type": "Point", "coordinates": [ 72.8407203, 19.1946159 ] } },
{ "type": "Feature", "properties": { "green_space_id": "2811", "green_space_name": "Lal Bahadur Shastri Kridangan (Rocket Ground)", "address": null, "bmc_department": null, "ward_code_source": null, "twitter_handle": null, "website": null, "latitude": 19.1936436, "longitude": 72.8432579, "source_file": "mumbai_green_spaces.kml", "source": "BMC / OpenCity Mumbai Public Gardens, Parks and Zoos dataset", "coordinate_valid": true }, "geometry": { "type": "Point", "coordinates": [ 72.8432579, 19.1936436 ] } },
{ "type": "Feature", "properties": { "green_space_id": "2812", "green_space_name": "Dr. Keshav Baliram Hedgewar Park", "address": null, "bmc_department": null, "ward_code_source": null, "twitter_handle": null, "website": null, "latitude": 19.1925408, "longitude": 72.84343, "source_file": "mumbai_green_spaces.kml", "source": "BMC / OpenCity Mumbai Public Gardens, Parks and Zoos dataset", "coordinate_valid": true }, "geometry": { "type": "Point", "coordinates": [ 72.84343, 19.1925408 ] } },
{ "type": "Feature", "properties": { "green_space_id": "2813", "green_space_name": "Adarsh Joggers Park", "address": null, "bmc_department": null, "ward_code_source": null, "twitter_handle": null, "website": null, "latitude": 19.1961421, "longitude": 72.8436738, "source_file": "mumbai_green_spaces.kml", "source": "BMC / OpenCity Mumbai Public Gardens, Parks and Zoos dataset", "coordinate_valid": true }, "geometry": { "type": "Point", "coordinates": [ 72.8436738, 19.1961421 ] } },
{ "type": "Feature", "properties": { "green_space_id": "2814", "green_space_name": "S V Patel Garden", "address": null, "bmc_department": null, "ward_code_source": null, "twitter_handle": null, "website": null, "latitude": 19.1975705, "longitude": 72.8422449, "source_file": "mumbai_green_spaces.kml", "source": "BMC / OpenCity Mumbai Public Gardens, Parks and Zoos dataset", "coordinate_valid": true }, "geometry": { "type": "Point", "coordinates": [ 72.8422449, 19.1975705 ] } },
{ "type": "Feature", "properties": { "green_space_id": "2815", "green_space_name": "Rose garden", "address": null, "bmc_department": null, "ward_code_source": null, "twitter_handle": null, "website": null, "latitude": 19.1993316, "longitude": 72.8396599, "source_file": "mumbai_green_spaces.kml", "source": "BMC / OpenCity Mumbai Public Gardens, Parks and Zoos dataset", "coordinate_valid": true }, "geometry": { "type": "Point", "coordinates": [ 72.8396599, 19.1993316 ] } },
{ "type": "Feature", "properties": { "green_space_id": "2816", "green_space_name": "MCGM Ground", "address": null, "bmc_department": null, "ward_code_source": null, "twitter_handle": null, "website": null, "latitude": 19.1998065, "longitude": 72.8381094, "source_file": "mumbai_green_spaces.kml", "source": "BMC / OpenCity Mumbai Public Gardens, Parks and Zoos dataset", "coordinate_valid": true }, "geometry": { "type": "Point", "coordinates": [ 72.8381094, 19.1998065 ] } },
{ "type": "Feature", "properties": { "green_space_id": "2817", "green_space_name": "Manoranjan Park", "address": null, "bmc_department": null, "ward_code_source": null, "twitter_handle": null, "website": null, "latitude": 19.1937585, "longitude": 72.8508953, "source_file": "mumbai_green_spaces.kml", "source": "BMC / OpenCity Mumbai Public Gardens, Parks and Zoos dataset", "coordinate_valid": true }, "geometry": { "type": "Point", "coordinates": [ 72.8508953, 19.1937585 ] } },
{ "type": "Feature", "properties": { "green_space_id": "2818", "green_space_name": "Dada dadi park", "address": null, "bmc_department": null, "ward_code_source": null, "twitter_handle": null, "website": null, "latitude": 19.1913068, "longitude": 72.8543899, "source_file": "mumbai_green_spaces.kml", "source": "BMC / OpenCity Mumbai Public Gardens, Parks and Zoos dataset", "coordinate_valid": true }, "geometry": { "type": "Point", "coordinates": [ 72.8543899, 19.1913068 ] } },
{ "type": "Feature", "properties": { "green_space_id": "2819", "green_space_name": "Pushpa Park", "address": null, "bmc_department": null, "ward_code_source": null, "twitter_handle": null, "website": null, "latitude": 19.1917385, "longitude": 72.8559288, "source_file": "mumbai_green_spaces.kml", "source": "BMC / OpenCity Mumbai Public Gardens, Parks and Zoos dataset", "coordinate_valid": true }, "geometry": { "type": "Point", "coordinates": [ 72.8559288, 19.1917385 ] } },
{ "type": "Feature", "properties": { "green_space_id": "2820", "green_space_name": "Veermata Jijabai Shahaji Bhosale Maidan", "address": null, "bmc_department": null, "ward_code_source": null, "twitter_handle": null, "website": null, "latitude": 19.1893119, "longitude": 72.8571721, "source_file": "mumbai_green_spaces.kml", "source": "BMC / OpenCity Mumbai Public Gardens, Parks and Zoos dataset", "coordinate_valid": true }, "geometry": { "type": "Point", "coordinates": [ 72.8571721, 19.1893119 ] } },
{ "type": "Feature", "properties": { "green_space_id": "2821", "green_space_name": "Municipal Ground", "address": null, "bmc_department": null, "ward_code_source": null, "twitter_handle": null, "website": null, "latitude": 19.1862202, "longitude": 72.8557982, "source_file": "mumbai_green_spaces.kml", "source": "BMC / OpenCity Mumbai Public Gardens, Parks and Zoos dataset", "coordinate_valid": true }, "geometry": { "type": "Point", "coordinates": [ 72.8557982, 19.1862202 ] } },
{ "type": "Feature", "properties": { "green_space_id": "2822", "green_space_name": "BMC Poddar Park", "address": null, "bmc_department": null, "ward_code_source": null, "twitter_handle": null, "website": null, "latitude": 19.1852226, "longitude": 72.8501484, "source_file": "mumbai_green_spaces.kml", "source": "BMC / OpenCity Mumbai Public Gardens, Parks and Zoos dataset", "coordinate_valid": true }, "geometry": { "type": "Point", "coordinates": [ 72.8501484, 19.1852226 ] } },
{ "type": "Feature", "properties": { "green_space_id": "2823", "green_space_name": "Maheshwari Udyan", "address": null, "bmc_department": null, "ward_code_source": null, "twitter_handle": null, "website": null, "latitude": 19.1838448, "longitude": 72.8525577, "source_file": "mumbai_green_spaces.kml", "source": "BMC / OpenCity Mumbai Public Gardens, Parks and Zoos dataset", "coordinate_valid": true }, "geometry": { "type": "Point", "coordinates": [ 72.8525577, 19.1838448 ] } },
{ "type": "Feature", "properties": { "green_space_id": "2824", "green_space_name": "Raheja Federation Garden", "address": null, "bmc_department": null, "ward_code_source": null, "twitter_handle": null, "website": null, "latitude": 19.1818831, "longitude": 72.8558189, "source_file": "mumbai_green_spaces.kml", "source": "BMC / OpenCity Mumbai Public Gardens, Parks and Zoos dataset", "coordinate_valid": true }, "geometry": { "type": "Point", "coordinates": [ 72.8558189, 19.1818831 ] } },
{ "type": "Feature", "properties": { "green_space_id": "2825", "green_space_name": "Vasant Bmc Garden", "address": null, "bmc_department": null, "ward_code_source": null, "twitter_handle": null, "website": null, "latitude": 19.1777464, "longitude": 72.8631953, "source_file": "mumbai_green_spaces.kml", "source": "BMC / OpenCity Mumbai Public Gardens, Parks and Zoos dataset", "coordinate_valid": true }, "geometry": { "type": "Point", "coordinates": [ 72.8631953, 19.1777464 ] } },
{ "type": "Feature", "properties": { "green_space_id": "2826", "green_space_name": "Sanjay Gandhi National Forest.", "address": null, "bmc_department": null, "ward_code_source": null, "twitter_handle": null, "website": null, "latitude": 19.1805615, "longitude": 72.8667016, "source_file": "mumbai_green_spaces.kml", "source": "BMC / OpenCity Mumbai Public Gardens, Parks and Zoos dataset", "coordinate_valid": true }, "geometry": { "type": "Point", "coordinates": [ 72.8667016, 19.1805615 ] } },
{ "type": "Feature", "properties": { "green_space_id": "2827", "green_space_name": "Baba Shaheb Bhimrao Ambedkar Park", "address": null, "bmc_department": null, "ward_code_source": null, "twitter_handle": null, "website": null, "latitude": 19.1849962, "longitude": 72.8591043, "source_file": "mumbai_green_spaces.kml", "source": "BMC / OpenCity Mumbai Public Gardens, Parks and Zoos dataset", "coordinate_valid": true }, "geometry": { "type": "Point", "coordinates": [ 72.8591043, 19.1849962 ] } },
{ "type": "Feature", "properties": { "green_space_id": "2828", "green_space_name": "Pradnya Ground", "address": null, "bmc_department": null, "ward_code_source": null, "twitter_handle": null, "website": null, "latitude": 19.1848644, "longitude": 72.8610873, "source_file": "mumbai_green_spaces.kml", "source": "BMC / OpenCity Mumbai Public Gardens, Parks and Zoos dataset", "coordinate_valid": true }, "geometry": { "type": "Point", "coordinates": [ 72.8610873, 19.1848644 ] } },
{ "type": "Feature", "properties": { "green_space_id": "2829", "green_space_name": "Salvi Park (BMC ground)", "address": null, "bmc_department": null, "ward_code_source": null, "twitter_handle": null, "website": null, "latitude": 19.1886234, "longitude": 72.8665328, "source_file": "mumbai_green_spaces.kml", "source": "BMC / OpenCity Mumbai Public Gardens, Parks and Zoos dataset", "coordinate_valid": true }, "geometry": { "type": "Point", "coordinates": [ 72.8665328, 19.1886234 ] } },
{ "type": "Feature", "properties": { "green_space_id": "2830", "green_space_name": "Shahid Vijay Salasakar Udyan", "address": null, "bmc_department": null, "ward_code_source": null, "twitter_handle": null, "website": null, "latitude": 19.1921159, "longitude": 72.8594268, "source_file": "mumbai_green_spaces.kml", "source": "BMC / OpenCity Mumbai Public Gardens, Parks and Zoos dataset", "coordinate_valid": true }, "geometry": { "type": "Point", "coordinates": [ 72.8594268, 19.1921159 ] } },
{ "type": "Feature", "properties": { "green_space_id": "2831", "green_space_name": "Savitribai Phule Udyan", "address": null, "bmc_department": null, "ward_code_source": null, "twitter_handle": null, "website": null, "latitude": 19.2143208, "longitude": 72.8381205, "source_file": "mumbai_green_spaces.kml", "source": "BMC / OpenCity Mumbai Public Gardens, Parks and Zoos dataset", "coordinate_valid": true }, "geometry": { "type": "Point", "coordinates": [ 72.8381205, 19.2143208 ] } },
{ "type": "Feature", "properties": { "green_space_id": "2832", "green_space_name": "Panchasheel Joggers' Park", "address": null, "bmc_department": null, "ward_code_source": null, "twitter_handle": null, "website": null, "latitude": 19.2127343, "longitude": 72.8394474, "source_file": "mumbai_green_spaces.kml", "source": "BMC / OpenCity Mumbai Public Gardens, Parks and Zoos dataset", "coordinate_valid": true }, "geometry": { "type": "Point", "coordinates": [ 72.8394474, 19.2127343 ] } },
{ "type": "Feature", "properties": { "green_space_id": "2833", "green_space_name": "Ranchhod Padhiyar Udhyan", "address": null, "bmc_department": null, "ward_code_source": null, "twitter_handle": null, "website": null, "latitude": 19.2209749, "longitude": 72.8310322, "source_file": "mumbai_green_spaces.kml", "source": "BMC / OpenCity Mumbai Public Gardens, Parks and Zoos dataset", "coordinate_valid": true }, "geometry": { "type": "Point", "coordinates": [ 72.8310322, 19.2209749 ] } },
{ "type": "Feature", "properties": { "green_space_id": "2834", "green_space_name": "MHADA public park", "address": null, "bmc_department": null, "ward_code_source": null, "twitter_handle": null, "website": null, "latitude": 19.2213382, "longitude": 72.8325863, "source_file": "mumbai_green_spaces.kml", "source": "BMC / OpenCity Mumbai Public Gardens, Parks and Zoos dataset", "coordinate_valid": true }, "geometry": { "type": "Point", "coordinates": [ 72.8325863, 19.2213382 ] } },
{ "type": "Feature", "properties": { "green_space_id": "2835", "green_space_name": "Mangroves Park", "address": null, "bmc_department": null, "ward_code_source": null, "twitter_handle": null, "website": null, "latitude": 19.2581717, "longitude": 72.8501142, "source_file": "mumbai_green_spaces.kml", "source": "BMC / OpenCity Mumbai Public Gardens, Parks and Zoos dataset", "coordinate_valid": true }, "geometry": { "type": "Point", "coordinates": [ 72.8501142, 19.2581717 ] } },
{ "type": "Feature", "properties": { "green_space_id": "2836", "green_space_name": "GSB Garden Dahisar", "address": null, "bmc_department": null, "ward_code_source": null, "twitter_handle": null, "website": null, "latitude": 19.2612998, "longitude": 72.8636855, "source_file": "mumbai_green_spaces.kml", "source": "BMC / OpenCity Mumbai Public Gardens, Parks and Zoos dataset", "coordinate_valid": true }, "geometry": { "type": "Point", "coordinates": [ 72.8636855, 19.2612998 ] } },
{ "type": "Feature", "properties": { "green_space_id": "2837", "green_space_name": "Devyani Garden", "address": null, "bmc_department": null, "ward_code_source": null, "twitter_handle": null, "website": null, "latitude": 19.2617268, "longitude": 72.8622943, "source_file": "mumbai_green_spaces.kml", "source": "BMC / OpenCity Mumbai Public Gardens, Parks and Zoos dataset", "coordinate_valid": true }, "geometry": { "type": "Point", "coordinates": [ 72.8622943, 19.2617268 ] } },
{ "type": "Feature", "properties": { "green_space_id": "2838", "green_space_name": "Nana Nani Park", "address": null, "bmc_department": null, "ward_code_source": null, "twitter_handle": null, "website": null, "latitude": 19.2571288, "longitude": 72.8655204, "source_file": "mumbai_green_spaces.kml", "source": "BMC / OpenCity Mumbai Public Gardens, Parks and Zoos dataset", "coordinate_valid": true }, "geometry": { "type": "Point", "coordinates": [ 72.8655204, 19.2571288 ] } },
{ "type": "Feature", "properties": { "green_space_id": "2839", "green_space_name": "Ratan Nagar Garden", "address": null, "bmc_department": null, "ward_code_source": null, "twitter_handle": null, "website": null, "latitude": 19.2395718, "longitude": 72.8624, "source_file": "mumbai_green_spaces.kml", "source": "BMC / OpenCity Mumbai Public Gardens, Parks and Zoos dataset", "coordinate_valid": true }, "geometry": { "type": "Point", "coordinates": [ 72.8624, 19.2395718 ] } }
]
}
