pseudocode,total_tch,male,female,transgender,gen_tch,sc_tch,st_tch,obc_tch,regular,contract,part_time,below_graduate,graduate,post_graduate_and_above,trained_comp,class_taught_pr,class_taught_upr,class_taught_pr_upr,class_taught_sec_only,class_taught_hsec_only,class_taught_upr_sec,class_taught_sec_hsec,class_taugt_pre_primary_only,class_taught_pr_and_pre_pri,teacher_involve_non_training_assignment,diploma_certificate,bachelor_of_ee,bed_equivalent,med_equivalent,other,none,diploma_special_edu,pursuing_rpc,diploma_ele_edu,early_childhood_tch,bed_nursery,trained_cwsn
1003436,44,22,22,0,15,7,3,7,44,0,0,0,18,26,42,1,7,5,24,7,0,0,0,0,0,5,0,34,3,1,0,1,0,0,0,0,1
1005046,15,6,9,0,12,1,0,2,7,8,0,0,9,6,4,0,1,0,9,1,1,3,0,0,0,0,0,14,1,0,0,0,0,0,0,0,0
1025236,10,5,5,0,3,6,1,0,10,0,0,0,3,7,6,0,3,1,5,0,1,0,0,0,0,1,0,7,1,1,0,0,0,0,0,0,2
1029555,13,4,9,0,13,0,0,0,13,0,0,0,6,7,7,0,0,4,8,0,1,0,0,0,0,0,1,9,0,2,1,0,0,0,0,0,0
1030658,4,1,3,0,4,0,0,0,4,0,0,0,2,2,0,0,0,0,4,0,0,0,0,0,0,0,0,4,0,0,0,0,0,0,0,0,0
1041282,23,3,20,0,22,1,0,0,23,0,0,0,0,23,23,0,0,0,0,23,0,0,0,0,0,0,0,21,2,0,0,0,0,0,0,0,0
1042996,41,32,9,0,38,3,0,0,41,0,0,1,16,24,41,0,0,11,0,0,30,0,0,0,1,11,0,30,0,0,0,0,0,0,0,0,0
1044270,59,2,57,0,51,1,0,7,59,0,0,3,26,30,40,29,1,10,3,0,16,0,0,0,0,2,0,31,4,17,0,4,1,0,0,0,9
1046524,4,2,2,0,1,1,1,0,4,0,0,0,2,2,3,0,0,2,2,0,0,0,0,0,0,2,0,2,0,0,0,0,0,0,0,0,0
1062929,50,20,30,0,36,3,2,7,49,0,1,5,20,25,11,0,4,10,20,8,8,0,0,0,26,11,0,35,1,1,1,1,0,0,0,0,0
1063480,31,0,31,0,31,0,0,0,31,0,0,3,23,5,29,1,0,19,10,0,1,0,0,0,0,2,0,25,0,2,2,0,0,0,0,0,0
1063899,38,13,25,0,37,0,0,0,38,0,0,2,18,18,36,6,9,0,18,5,0,0,0,0,0,10,0,26,2,0,0,0,0,0,0,0,0
1072417,35,1,34,0,35,0,0,0,29,6,0,2,32,1,33,4,3,15,12,0,1,0,0,0,16,4,0,30,0,1,0,0,0,0,0,0,0
1073258,57,15,42,0,35,5,3,12,57,0,0,1,30,26,18,0,11,4,22,0,20,0,0,0,0,10,0,41,0,0,0,0,6,0,0,0,0
1083387,60,11,49,0,60,0,0,0,60,0,0,5,32,23,15,22,3,0,23,0,12,0,0,0,25,13,0,45,0,2,0,0,0,0,0,0,0
1091073,9,6,3,0,5,1,1,1,9,0,0,1,2,6,9,2,2,0,5,0,0,0,0,0,1,2,0,6,0,1,0,0,0,0,0,0,9
1094742,16,6,10,0,15,1,0,0,15,1,0,0,7,9,14,0,2,0,12,2,0,0,0,0,0,1,0,13,0,0,0,0,2,0,0,0,0
1096492,84,11,73,0,82,0,1,1,84,0,0,6,40,38,81,11,4,11,23,13,21,1,0,0,0,13,0,68,0,3,0,0,0,0,0,0,0
1096557,25,3,22,0,25,0,0,0,24,1,0,8,14,3,4,0,0,10,0,0,15,0,0,0,0,8,12,4,0,0,0,0,0,1,0,0,0
1098640,9,5,4,0,9,0,0,0,9,0,0,3,5,1,0,0,0,0,6,0,3,0,0,0,0,3,0,6,0,0,0,0,0,0,0,0,0
1105893,23,6,17,0,19,2,0,2,23,0,0,3,13,7,23,0,2,5,12,0,4,0,0,0,23,9,0,13,0,0,0,0,0,1,0,0,2
1108689,6,1,5,0,5,0,0,1,6,0,0,0,3,3,0,0,0,0,6,0,0,0,0,0,0,0,0,6,0,0,0,0,0,0,0,0,0
1113512,7,0,7,0,4,1,0,2,7,0,0,1,5,1,3,0,2,0,4,0,1,0,0,0,0,0,0,4,0,0,1,0,0,2,0,0,0
1113689,20,7,13,0,17,2,0,1,20,0,0,1,7,12,20,0,4,1,11,2,1,1,0,0,20,0,0,18,0,1,0,0,0,1,0,0,18
1130259,28,2,26,0,28,0,0,0,28,0,0,1,21,6,28,9,0,8,3,0,3,0,5,0,0,0,0,21,0,6,0,0,0,0,1,0,0
1131142,15,2,13,0,14,0,0,1,13,1,1,0,8,7,14,5,0,4,3,0,3,0,0,0,1,0,0,10,0,2,0,0,2,1,0,0,1
1142713,61,7,54,0,58,0,0,2,61,0,0,4,30,27,59,29,10,1,1,11,3,5,0,1,58,2,1,44,2,11,1,0,0,0,0,0,2
1149949,16,13,3,0,15,0,0,1,16,0,0,0,9,7,4,0,4,3,7,0,2,0,0,0,0,0,0,14,0,1,0,1,0,0,0,0,0
1152309,12,3,9,0,12,0,0,0,10,2,0,3,5,4,12,4,0,5,1,0,2,0,0,0,0,3,0,6,0,2,1,0,0,0,0,0,1
1162418,14,5,9,0,14,0,0,0,2,8,4,2,7,5,13,0,1,2,4,0,7,0,0,0,10,0,0,6,0,4,0,0,4,0,0,0,3
1170949,65,3,62,0,63,1,0,1,65,0,0,1,41,23,63,46,8,5,1,0,5,0,0,0,27,0,1,31,4,16,4,1,6,2,0,0,8
1176426,17,7,10,0,14,0,0,1,17,0,0,0,8,9,16,3,1,1,1,0,11,0,0,0,9,3,0,12,1,1,0,0,0,0,0,0,0
1184131,12,1,11,0,9,1,0,2,12,0,0,5,7,0,8,1,0,7,0,0,4,0,0,0,0,4,0,4,0,0,0,0,0,1,3,0,0
1193571,1,1,0,0,1,0,0,0,1,0,0,0,0,1,0,0,0,0,0,0,1,0,0,0,0,0,0,1,0,0,0,0,0,0,0,0,0
1201384,14,7,7,0,5,2,1,4,14,0,0,1,3,10,12,1,0,0,6,0,7,0,0,0,0,1,0,13,0,0,0,0,0,0,0,0,0
1204292,2,1,1,0,1,1,0,0,2,0,0,0,1,1,0,0,0,0,1,0,1,0,0,0,0,0,0,2,0,0,0,0,0,0,0,0,0
1222548,7,4,3,0,7,0,0,0,7,0,0,0,6,1,2,0,0,0,7,0,0,0,0,0,0,0,0,7,0,0,0,0,0,0,0,0,0
1229423,1,1,0,0,0,0,0,1,1,0,0,0,0,1,1,0,0,0,0,1,0,0,0,0,0,0,0,1,0,0,0,0,0,0,0,0,0
1232739,7,3,4,0,5,1,1,0,7,0,0,1,5,1,2,0,1,2,4,0,0,0,0,0,0,1,0,6,0,0,0,0,0,0,0,0,0
1263824,9,0,9,0,9,0,0,0,9,0,0,0,0,9,8,0,0,0,0,9,0,0,0,0,2,0,0,6,1,1,1,0,0,0,0,0,0
1272899,22,0,22,0,22,0,0,0,22,0,0,0,12,10,21,0,0,5,6,0,11,0,0,0,0,3,0,17,1,0,0,0,0,1,0,0,1
1286935,13,6,7,0,13,0,0,0,1,12,0,0,1,12,12,0,0,0,0,13,0,0,0,0,0,0,0,11,0,1,1,0,0,0,0,0,1
1291187,31,4,27,0,30,1,0,0,22,7,2,0,16,15,28,11,0,5,8,0,7,0,0,0,29,2,0,22,2,5,0,0,0,0,0,0,2
1299884,16,0,16,0,16,0,0,0,16,0,0,4,9,3,4,0,3,4,8,0,1,0,0,0,0,4,0,11,1,0,0,0,0,0,0,0,0
1301309,5,0,5,0,1,4,0,0,2,3,0,0,2,3,4,0,0,2,1,0,2,0,0,0,2,1,0,3,0,1,0,0,0,0,0,0,2
1302852,9,3,6,0,8,1,0,0,9,0,0,0,6,3,4,0,1,0,6,0,2,0,0,0,1,0,0,8,0,0,1,0,0,0,0,0,4
1303161,50,14,36,0,33,3,0,11,48,1,1,1,10,39,50,2,1,13,16,11,7,0,0,0,2,9,0,39,2,0,0,0,0,0,0,0,0
1304578,10,0,10,0,10,0,0,0,10,0,0,0,3,7,10,0,0,1,1,0,8,0,0,0,0,0,0,8,1,1,0,0,0,0,0,0,0
1307305,24,3,21,0,24,0,0,0,24,0,0,0,15,9,22,13,1,2,5,0,3,0,0,0,3,4,0,14,1,5,0,0,0,0,0,0,1
1309262,93,17,76,0,77,8,0,6,93,0,0,3,43,47,93,2,0,20,33,6,12,20,0,0,1,10,0,70,5,1,4,0,0,3,0,0,1
1313782,19,6,13,0,11,2,2,2,19,0,0,4,6,9,6,1,0,2,6,7,3,0,0,0,1,3,0,15,1,0,0,0,0,0,0,0,4
1316576,3,2,1,0,2,0,0,1,3,0,0,0,0,3,0,0,0,0,0,3,0,0,0,0,0,0,0,3,0,0,0,0,0,0,0,0,0
1321284,22,7,15,0,19,1,0,2,18,4,0,1,11,10,9,0,2,0,10,9,0,1,0,0,0,1,0,17,1,2,0,0,0,1,0,0,0
1323977,20,0,20,0,19,1,0,0,14,6,0,1,12,7,17,1,6,1,11,0,1,0,0,0,0,6,0,14,0,0,0,0,0,0,0,0,0
1324530,32,24,8,0,15,3,2,11,32,0,0,13,16,3,20,5,13,3,11,0,0,0,0,0,22,11,0,19,0,0,0,2,0,0,0,0,18
1326613,16,5,11,0,13,0,0,3,13,0,3,0,5,11,15,0,0,0,0,16,0,0,0,0,0,0,0,11,1,4,0,0,0,0,0,0,1
1344278,9,3,6,0,9,0,0,0,8,1,0,0,4,5,1,0,0,0,5,0,4,0,0,0,0,0,0,9,0,0,0,0,0,0,0,0,0
1346120,107,19,88,0,107,0,0,0,103,0,4,0,43,64,104,23,17,14,30,8,11,4,0,0,95,0,3,92,3,1,0,7,0,0,0,1,57
1356854,15,4,11,0,3,3,1,8,15,0,0,0,8,7,13,2,2,1,9,1,0,0,0,0,0,2,0,11,2,0,0,0,0,0,0,0,3
1357994,28,9,19,0,28,0,0,0,28,0,0,1,20,7,21,2,1,4,16,0,5,0,0,0,0,2,1,20,0,0,0,1,0,4,0,0,0
1358245,13,4,9,0,12,1,0,0,11,2,0,1,7,5,0,0,5,0,3,0,5,0,0,0,0,0,0,11,0,0,0,2,0,0,0,0,0
1362105,23,10,13,0,11,7,1,4,16,7,0,0,2,21,17,0,0,0,0,23,0,0,0,0,4,0,0,16,2,3,2,0,0,0,0,0,1
1366705,18,6,12,0,17,1,0,0,12,6,0,2,12,4,14,1,8,1,6,0,2,0,0,0,0,4,0,11,0,0,0,1,0,2,0,0,0
1371790,47,9,38,0,44,0,0,3,47,0,0,5,25,17,34,22,6,6,10,0,3,0,0,0,0,11,0,22,1,12,1,0,0,0,0,0,1
1373838,11,2,9,0,10,1,0,0,9,2,0,1,5,5,11,0,0,3,1,2,4,1,0,0,6,0,0,6,0,1,2,0,0,2,0,0,0
1375203,33,0,33,0,33,0,0,0,33,0,0,0,18,15,32,0,0,11,7,8,7,0,0,0,0,8,1,21,1,0,1,0,0,0,1,0,0
1377330,9,6,3,0,9,0,0,0,9,0,0,3,6,0,0,0,3,0,3,0,3,0,0,0,0,3,0,6,0,0,0,0,0,0,0,0,0
1385891,28,10,18,0,19,6,1,1,10,13,5,0,4,24,11,0,0,0,0,28,0,0,0,0,0,0,0,16,1,8,3,0,0,0,0,0,0
1389361,23,9,14,0,9,4,2,4,23,0,0,0,20,3,1,0,7,4,10,0,2,0,0,0,0,12,0,11,0,0,0,0,0,0,0,0,0
1397644,7,3,4,0,2,1,0,4,7,0,0,0,5,2,3,0,0,1,4,0,2,0,0,0,0,1,0,5,1,0,0,0,0,0,0,0,0
1400212,37,1,36,0,35,1,0,1,36,0,1,2,18,17,28,2,8,1,13,11,2,0,0,0,3,6,0,29,1,1,0,0,0,0,0,0,1
1400764,10,6,4,0,5,1,0,2,10,0,0,0,6,4,1,3,0,0,5,0,2,0,0,0,0,4,0,5,0,0,0,0,1,0,0,0,1
1412813,6,1,5,0,3,2,1,0,6,0,0,0,1,5,2,0,0,0,3,3,0,0,0,0,0,0,0,5,1,0,0,0,0,0,0,0,0
1412971,43,8,35,0,41,0,0,2,43,0,0,2,20,21,32,1,2,3,15,7,11,4,0,0,6,2,0,35,0,3,2,1,0,0,0,0,2
1425824,5,2,3,0,3,2,0,0,3,0,2,0,1,4,3,0,0,0,1,0,4,0,0,0,1,0,0,2,1,1,0,1,0,0,0,0,0
1433553,7,5,2,0,2,1,1,2,7,0,0,1,4,2,7,1,0,2,0,0,4,0,0,0,7,3,0,4,0,0,0,0,0,0,0,0,1
1435633,150,17,133,0,143,2,0,4,135,15,0,4,86,60,145,72,5,17,29,1,25,1,0,0,0,0,2,70,7,38,0,11,0,19,2,1,18
1440759,44,6,38,0,42,2,0,0,44,0,0,1,19,24,12,15,0,3,8,0,18,0,0,0,1,2,7,26,3,4,0,0,0,2,0,0,0
1443315,16,5,11,0,16,0,0,0,8,8,0,1,13,2,0,0,0,2,8,0,6,0,0,0,0,0,0,11,0,1,3,1,0,0,0,0,0
1448835,18,9,9,0,13,1,0,4,18,0,0,0,11,7,10,0,3,0,5,0,10,0,0,0,0,4,0,12,1,1,0,0,0,0,0,0,1
1488048,6,3,3,0,5,1,0,0,6,0,0,0,6,0,3,0,0,0,5,0,1,0,0,0,0,0,0,6,0,0,0,0,0,0,0,0,0
1503157,23,6,17,0,23,0,0,0,23,0,0,2,16,5,20,0,0,3,19,0,1,0,0,0,0,1,0,15,0,0,6,0,0,1,0,0,1
1511490,11,5,6,0,3,2,1,3,11,0,0,0,3,8,8,2,4,0,4,1,0,0,0,0,0,1,0,10,0,0,0,0,0,0,0,0,0
1511950,38,4,34,0,35,2,0,1,38,0,0,0,18,20,31,13,3,0,13,0,3,0,6,0,0,0,1,27,1,5,3,0,1,0,0,0,15
1522422,6,5,1,0,6,0,0,0,6,0,0,1,1,4,3,0,2,1,3,0,0,0,0,0,0,0,0,5,0,1,0,0,0,0,0,0,0
1530467,1,0,1,0,0,1,0,0,1,0,0,0,1,0,0,0,0,0,1,0,0,0,0,0,1,0,0,1,0,0,0,0,0,0,0,0,0
1535579,20,3,17,0,20,0,0,0,10,10,0,0,16,4,16,0,1,1,18,0,0,0,0,0,1,0,0,17,0,2,1,0,0,0,0,0,0
1538875,3,2,1,0,1,1,0,1,1,0,2,0,3,0,2,0,0,0,2,0,1,0,0,0,0,0,0,3,0,0,0,0,0,0,0,0,0
1562839,1,1,0,0,1,0,0,0,1,0,0,0,1,0,1,0,0,0,0,0,1,0,0,0,0,0,0,1,0,0,0,0,0,0,0,0,0
1565655,8,0,8,0,8,0,0,0,8,0,0,1,6,1,4,0,0,1,6,0,1,0,0,0,0,1,0,6,0,0,0,0,0,1,0,0,0
1583446,36,15,21,0,18,3,1,9,36,0,0,2,14,20,24,4,5,5,10,12,0,0,0,0,4,11,0,24,1,0,0,0,0,0,0,0,2
1583537,23,3,20,0,19,3,0,1,23,0,0,4,14,5,18,1,6,3,5,0,8,0,0,0,0,2,0,11,0,0,9,0,0,1,0,0,0
1589117,7,1,6,0,7,0,0,0,7,0,0,0,4,3,6,0,1,0,0,0,6,0,0,0,0,0,0,4,0,0,3,0,0,0,0,0,3
1591297,13,2,11,0,13,0,0,0,10,3,0,0,9,4,13,3,1,5,2,0,2,0,0,0,0,0,0,9,0,4,0,0,0,0,0,0,0
1600411,3,0,3,0,3,0,0,0,3,0,0,0,2,1,3,0,0,0,3,0,0,0,0,0,0,0,0,1,0,1,0,0,0,1,0,0,0
1602631,82,20,62,0,81,1,0,0,64,17,1,8,30,44,79,35,1,1,40,0,5,0,0,0,0,2,1,63,2,8,3,1,1,1,0,0,56
1605466,25,5,20,0,24,1,0,0,25,0,0,7,15,3,19,1,4,1,17,0,2,0,0,0,25,8,0,16,0,1,0,0,0,0,0,0,1
1615403,15,13,2,0,8,2,2,2,15,0,0,0,5,10,6,0,1,3,2,7,1,1,0,0,0,2,0,12,1,0,0,0,0,0,0,0,0
1617490,16,8,8,0,8,1,1,5,16,0,0,0,9,7,0,4,5,0,7,0,0,0,0,0,0,1,0,14,1,0,0,0,0,0,0,0,0
1622585,5,1,4,0,5,0,0,0,5,0,0,0,5,0,2,0,0,0,1,0,4,0,0,0,4,0,0,5,0,0,0,0,0,0,0,0,0
1622822,35,1,34,0,35,0,0,0,30,5,0,2,17,16,35,5,3,7,14,0,6,0,0,0,34,1,0,24,1,9,0,0,0,0,0,0,1
1625140,6,4,2,0,5,1,0,0,6,0,0,1,4,1,2,0,0,0,6,0,0,0,0,0,1,0,0,3,2,0,0,0,1,0,0,0,2
1625206,3,2,1,0,1,0,1,0,3,0,0,0,3,0,3,0,0,0,2,0,1,0,0,0,0,0,0,3,0,0,0,0,0,0,0,0,0
1629552,30,8,22,0,24,1,0,5,12,18,0,0,11,19,28,0,9,0,2,0,19,0,0,0,30,0,0,26,1,0,3,0,0,0,0,0,0
1629960,37,11,26,0,20,6,2,8,25,12,0,3,11,23,2,3,8,4,21,0,1,0,0,0,0,12,1,20,1,0,0,0,1,2,0,0,0
1634868,9,3,6,0,3,2,0,2,9,0,0,0,0,9,3,0,0,0,0,9,0,0,0,0,0,0,0,9,0,0,0,0,0,0,0,0,1
1643917,6,0,6,0,5,1,0,0,6,0,0,0,5,1,3,0,2,0,0,0,4,0,0,0,3,0,3,2,0,0,0,0,0,1,0,0,0
1645486,33,13,20,0,19,4,2,6,23,10,0,0,9,24,13,0,9,3,10,11,0,0,0,0,11,4,0,27,1,1,0,0,0,0,0,0,1
1658696,12,3,9,0,12,0,0,0,3,9,0,4,1,7,6,0,0,0,0,12,0,0,0,0,0,0,0,2,0,8,2,0,0,0,0,0,1
1664751,15,11,4,0,15,0,0,0,13,2,0,0,11,4,3,0,3,0,9,3,0,0,0,0,3,3,0,12,0,0,0,0,0,0,0,0,1
1665919,1,1,0,0,1,0,0,0,1,0,0,0,1,0,1,0,0,0,0,0,1,0,0,0,0,0,0,1,0,0,0,0,0,0,0,0,0
1671484,5,3,2,0,3,0,1,0,5,0,0,0,4,1,4,0,0,0,5,0,0,0,0,0,4,0,0,5,0,0,0,0,0,0,0,0,0
1672083,27,9,18,0,26,1,0,0,26,0,1,0,0,27,4,0,0,0,0,27,0,0,0,0,0,0,0,26,1,0,0,0,0,0,0,0,0
1674001,21,2,19,0,21,0,0,0,21,0,0,3,15,3,21,6,6,1,7,0,1,0,0,0,21,0,15,0,0,0,2,0,1,3,0,0,20
1676857,20,3,17,0,20,0,0,0,18,1,1,0,4,16,19,6,0,0,3,1,9,1,0,0,0,0,0,6,2,6,0,1,0,5,0,0,2
1677116,5,0,5,0,3,2,0,0,5,0,0,1,2,2,4,1,0,0,4,0,0,0,0,0,0,1,0,4,0,0,0,0,0,0,0,0,0
1681253,8,4,4,0,2,3,1,2,8,0,0,0,5,3,7,1,0,0,2,0,5,0,0,0,8,1,0,7,0,0,0,0,0,0,0,0,1
1683229,6,0,6,0,5,1,0,0,6,0,0,0,1,5,6,0,0,0,1,0,5,0,0,0,0,1,0,5,0,0,0,0,0,0,0,0,0
1686448,10,5,5,0,5,1,0,4,10,0,0,1,6,3,10,0,0,3,4,0,3,0,0,0,10,2,0,7,0,1,0,0,0,0,0,0,0
1687039,10,4,6,0,8,0,0,2,10,0,0,0,0,10,3,0,0,0,0,10,0,0,0,0,0,0,0,7,0,0,3,0,0,0,0,0,0
1691502,2,2,0,0,0,0,0,0,2,0,0,0,0,2,2,0,0,0,2,0,0,0,0,0,0,0,0,1,1,0,0,0,0,0,0,0,0
1694508,12,2,10,0,6,2,1,3,1,11,0,1,5,6,10,3,0,0,8,0,1,0,0,0,2,1,0,8,0,3,0,0,0,0,0,0,0
1701393,25,1,24,0,23,1,0,1,20,5,0,2,13,10,15,3,1,10,7,0,4,0,0,0,4,3,0,16,1,5,0,0,0,0,0,0,7
1703291,64,16,48,0,64,0,0,0,24,40,0,0,2,62,62,0,0,0,0,64,0,0,0,0,1,0,0,46,2,4,9,0,3,0,0,0,0
1719079,5,2,3,0,5,0,0,0,5,0,0,0,5,0,0,0,1,0,0,0,4,0,0,0,0,0,0,5,0,0,0,0,0,0,0,0,0
1725651,17,10,7,0,17,0,0,0,15,2,0,5,4,8,0,3,3,0,7,3,1,0,0,0,0,2,0,13,0,2,0,0,0,0,0,0,0
1726283,9,3,6,0,7,0,0,2,7,2,0,0,7,2,8,0,0,1,8,0,0,0,0,0,0,0,0,8,0,1,0,0,0,0,0,0,0
1737376,22,10,12,0,22,0,0,0,20,1,1,0,3,19,21,0,0,0,0,22,0,0,0,0,22,0,0,19,2,0,1,0,0,0,0,0,15
1738272,7,2,5,0,7,0,0,0,5,2,0,0,5,2,2,0,0,1,2,0,4,0,0,0,0,0,0,6,0,1,0,0,0,0,0,0,0
1742829,18,6,12,0,17,0,0,1,17,1,0,4,10,4,7,3,1,4,8,0,1,0,0,1,0,1,0,11,1,4,0,0,0,1,0,0,0
1743140,9,0,9,0,7,0,0,2,8,1,0,1,5,3,4,0,1,0,6,0,2,0,0,0,0,2,0,6,1,0,0,0,0,0,0,0,1
1756195,27,10,17,0,26,0,0,1,17,10,0,0,1,26,11,0,0,0,0,27,0,0,0,0,25,0,0,25,0,2,0,0,0,0,0,0,0
1760336,32,9,23,0,32,0,0,0,32,0,0,0,28,4,31,0,3,0,21,0,8,0,0,0,24,0,1,12,7,6,0,5,1,0,0,0,22
1763522,5,0,5,0,5,0,0,0,5,0,0,3,1,1,5,0,0,0,3,0,2,0,0,0,0,0,0,4,1,0,0,0,0,0,0,0,5
1764494,14,5,9,0,2,3,2,4,14,0,0,0,7,7,12,4,1,0,8,0,1,0,0,0,0,4,0,7,1,1,0,0,0,1,0,0,0
1770346,9,0,9,0,9,0,0,0,9,0,0,1,4,4,9,3,1,0,2,0,3,0,0,0,0,3,1,3,0,0,0,1,0,1,0,0,3
1772520,59,9,50,0,58,0,0,1,59,0,0,1,27,31,56,18,0,11,6,1,8,14,1,0,7,6,0,23,6,17,7,0,0,0,0,0,5
1773932,24,4,20,0,24,0,0,0,24,0,0,0,9,15,22,3,0,3,3,9,3,3,0,0,0,1,1,11,0,11,0,0,0,0,0,0,1
1778140,13,2,11,0,10,0,0,2,2,11,0,6,4,3,13,6,0,0,1,0,6,0,0,0,0,1,0,7,0,0,0,0,0,5,0,0,0
1780207,34,0,34,0,34,0,0,0,32,2,0,1,24,9,32,0,2,3,1,0,28,0,0,0,25,8,0,25,0,1,0,0,0,0,0,0,29
1787782,22,5,17,0,18,2,0,2,21,0,1,0,4,18,20,0,1,2,2,9,3,5,0,0,10,0,0,17,0,3,2,0,0,0,0,0,3
1790880,2,1,1,0,2,0,0,0,2,0,0,0,1,1,0,0,0,0,1,0,1,0,0,0,1,0,0,1,1,0,0,0,0,0,0,0,0
1794124,25,7,18,0,25,0,0,0,25,0,0,2,13,10,25,6,2,9,2,0,6,0,0,0,0,2,0,11,0,5,5,0,1,1,0,0,6
1800674,3,3,0,0,1,1,0,0,3,0,0,0,2,1,3,0,0,0,3,0,0,0,0,0,0,0,0,3,0,0,0,0,0,0,0,0,0
1805516,2,2,0,0,2,0,0,0,2,0,0,0,1,1,2,0,0,0,0,0,2,0,0,0,0,0,0,2,0,0,0,0,0,0,0,0,0
1812972,17,3,14,0,8,1,2,3,17,0,0,1,5,11,4,0,7,1,9,0,0,0,0,0,0,1,0,13,1,1,1,0,0,0,0,0,0
1819128,2,2,0,0,1,0,0,1,2,0,0,0,0,2,2,0,0,0,0,0,2,0,0,0,0,0,0,2,0,0,0,0,0,0,0,0,0
1819800,2,1,1,0,2,0,0,0,2,0,0,0,1,1,0,0,0,0,1,1,0,0,0,0,0,0,0,2,0,0,0,0,0,0,0,0,0
1826186,9,5,4,0,1,2,1,3,9,0,0,1,3,5,3,1,0,2,3,1,2,0,0,0,0,3,0,6,0,0,0,0,0,0,0,0,2
1833519,5,1,4,0,3,1,0,1,5,0,0,0,0,5,0,0,0,0,0,5,0,0,0,0,0,0,0,4,1,0,0,0,0,0,0,0,0
1834114,10,1,9,0,10,0,0,0,8,2,0,2,4,4,4,3,0,1,2,0,4,0,0,0,1,1,0,4,2,3,0,0,0,0,0,0,0
1837104,6,0,6,0,6,0,0,0,6,0,0,0,3,3,0,0,2,0,1,0,3,0,0,0,0,0,0,4,0,1,1,0,0,0,0,0,0
1839595,9,3,6,0,5,1,0,3,9,0,0,1,5,3,8,0,0,3,2,0,4,0,0,0,0,2,0,6,1,0,0,0,0,0,0,0,0
1841878,5,1,4,0,4,1,0,0,5,0,0,0,1,4,2,0,1,0,4,0,0,0,0,0,0,0,0,4,1,0,0,0,0,0,0,0,0
1847084,26,3,23,0,24,0,1,1,21,5,0,0,17,9,25,0,0,6,4,0,16,0,0,0,0,2,0,19,2,0,0,0,0,3,0,0,2
1849644,53,30,23,0,51,0,0,1,53,0,0,5,25,23,10,0,5,5,23,0,20,0,0,0,2,1,1,33,3,0,0,2,3,10,0,0,1
1850421,6,1,5,0,2,1,0,2,6,0,0,0,2,4,1,0,1,1,2,0,2,0,0,0,0,2,0,3,0,0,0,0,1,0,0,0,0
1856162,1,0,1,0,0,1,0,0,1,0,0,0,0,1,0,0,0,0,0,0,0,1,0,0,0,0,0,1,0,0,0,0,0,0,0,0,0
1872624,23,8,15,0,15,3,1,2,19,4,0,0,20,3,10,0,2,5,12,0,4,0,0,0,0,4,0,15,1,3,0,0,0,0,0,0,0
1873889,7,3,4,0,7,0,0,0,7,0,0,1,5,1,4,0,0,0,7,0,0,0,0,0,0,0,0,3,0,2,2,0,0,0,0,0,0
1875555,0,0,0,0,0,0,0,0,0,0,0,0,0,0,0,0,0,0,0,0,0,0,0,0,0,0,0,0,0,0,0,0,0,0,0,0,0
1884260,14,2,12,0,14,0,0,0,13,0,1,0,5,9,14,0,0,0,2,3,1,8,0,0,12,0,0,6,1,0,7,0,0,0,0,0,3
1886861,21,0,21,0,21,0,0,0,21,0,0,1,6,14,21,1,6,5,6,0,3,0,0,0,0,8,0,11,1,1,0,0,0,0,0,0,1
1890127,64,12,52,0,52,5,0,5,64,0,0,6,27,31,60,31,0,1,30,0,2,0,0,0,1,4,0,40,3,6,0,5,0,6,0,0,3
1900004,178,43,135,0,178,0,0,0,176,2,0,37,86,55,61,57,31,19,62,0,8,0,1,0,3,27,3,137,6,0,0,3,0,2,0,0,24
1916086,2,1,1,0,0,1,0,1,2,0,0,0,1,1,1,0,0,0,1,0,1,0,0,0,0,0,0,1,0,0,0,0,1,0,0,0,0
1925133,11,0,11,0,9,2,0,0,11,0,0,1,3,7,9,0,3,0,8,0,0,0,0,0,4,3,0,8,0,0,0,0,0,0,0,0,0
1927981,3,3,0,0,2,1,0,0,2,1,0,0,0,3,0,0,0,0,3,0,0,0,0,0,0,0,0,3,0,0,0,0,0,0,0,0,0
1936579,44,7,37,0,43,1,0,0,35,9,0,6,16,22,43,0,7,19,12,2,0,4,0,0,0,1,1,28,1,1,0,0,0,12,0,0,4
1938172,4,0,4,0,4,0,0,0,3,1,0,2,2,0,4,3,0,0,1,0,0,0,0,0,2,1,0,1,0,0,0,0,0,2,0,0,0
1939272,17,7,10,0,13,4,0,0,17,0,0,0,4,13,6,1,1,0,4,10,0,1,0,0,3,2,0,14,0,0,1,0,0,0,0,0,0
1947905,5,4,1,0,3,1,0,1,5,0,0,0,0,5,0,0,0,0,0,5,0,0,0,0,0,0,0,5,0,0,0,0,0,0,0,0,0
1948516,38,16,22,0,11,9,3,7,38,0,0,0,12,26,38,0,0,12,3,8,14,1,0,0,0,9,0,26,2,0,1,0,0,0,0,0,1
1964482,14,2,12,0,9,2,0,2,14,0,0,2,12,0,13,0,6,0,6,0,2,0,0,0,13,2,0,8,0,3,1,0,0,0,0,0,0
1966598,3,3,0,0,3,0,0,0,3,0,0,0,3,0,3,0,0,0,3,0,0,0,0,0,0,0,0,3,0,0,0,0,0,0,0,0,0
1966843,30,3,27,0,30,0,0,0,30,0,0,1,11,18,4,0,1,2,26,1,0,0,0,0,17,1,0,25,0,3,1,0,0,0,0,0,0
1969992,14,8,6,0,14,0,0,0,14,0,0,3,9,2,13,1,5,0,8,0,0,0,0,0,0,3,0,11,0,0,0,0,0,0,0,0,0
1979402,6,4,2,0,3,1,0,2,6,0,0,1,1,4,0,0,2,0,4,0,0,0,0,0,6,2,0,3,1,0,0,0,0,0,0,0,2
1994929,5,2,3,0,5,0,0,0,5,0,0,0,1,4,5,0,0,0,2,0,3,0,0,0,5,0,0,3,2,0,0,0,0,0,0,0,1
1996598,21,8,13,0,20,0,0,1,15,5,1,0,2,19,3,0,0,0,0,21,0,0,0,0,1,0,0,17,1,1,2,0,0,0,0,0,0
2001972,47,16,31,0,43,3,0,1,47,0,0,1,1,45,10,0,0,0,0,47,0,0,0,0,1,0,0,39,2,3,3,0,0,0,0,0,1
2008419,28,6,22,0,27,0,0,1,28,0,0,1,9,18,27,0,0,8,2,0,18,0,0,0,27,6,0,20,1,1,0,0,0,0,0,0,27
2014705,26,6,20,0,26,0,0,0,23,3,0,0,10,16,25,4,1,3,2,1,3,6,6,0,0,0,1,8,6,8,1,0,1,1,0,0,0
2020795,6,0,6,0,6,0,0,0,6,0,0,1,4,1,4,3,1,1,0,0,1,0,0,0,6,1,0,4,0,1,0,0,0,0,0,0,0
2022094,10,1,9,0,10,0,0,0,10,0,0,0,7,3,10,0,2,1,2,0,5,0,0,0,0,1,0,9,0,0,0,0,0,0,0,0,1
2026030,17,2,15,0,14,0,0,3,4,13,0,2,7,8,3,1,1,5,0,6,4,0,0,0,1,0,1,9,1,0,1,0,2,3,0,0,0
2028604,23,4,19,0,14,2,1,3,23,0,0,0,10,13,18,0,5,2,14,0,2,0,0,0,0,6,0,15,2,0,0,0,0,0,0,0,0
2030957,15,0,15,0,14,1,0,0,15,0,0,0,5,10,15,1,1,3,4,0,6,0,0,0,0,0,0,14,0,1,0,0,0,0,0,0,2
2032692,16,10,6,0,16,0,0,0,16,0,0,6,9,1,16,2,0,4,3,0,7,0,0,0,0,5,0,10,0,0,0,1,0,0,0,0,1
2046533,107,9,98,0,105,0,0,2,85,22,0,2,37,68,107,55,0,0,36,4,1,11,0,0,1,0,0,85,4,10,7,0,0,1,0,0,72
2050971,23,3,20,0,23,0,0,0,23,0,0,2,13,8,23,10,2,5,6,0,0,0,0,0,0,5,0,8,0,6,4,0,0,0,0,0,3
2051805,4,2,2,0,4,0,0,0,4,0,0,0,0,4,4,0,0,0,4,0,0,0,0,0,3,0,0,4,0,0,0,0,0,0,0,0,1
2052770,4,2,2,0,4,0,0,0,4,0,0,0,4,0,4,0,0,0,4,0,0,0,0,0,0,0,0,4,0,0,0,0,0,0,0,0,0
2057624,13,2,11,0,13,0,0,0,13,0,0,0,1,12,0,0,0,0,0,13,0,0,0,0,0,0,0,7,0,5,1,0,0,0,0,0,0
2071695,26,3,23,0,24,1,0,1,1,25,0,0,0,26,3,0,0,0,0,26,0,0,0,0,0,0,0,20,2,0,3,0,1,0,0,0,0
2082418,20,1,19,0,10,4,1,5,14,6,0,0,1,19,3,0,0,0,0,20,0,0,0,0,2,0,0,18,1,1,0,0,0,0,0,0,0
2086369,24,13,11,0,7,4,3,8,24,0,0,2,16,6,4,1,3,4,7,0,9,0,0,0,0,5,0,19,0,0,0,0,0,0,0,0,0
2091245,6,1,5,0,6,0,0,0,2,4,0,1,4,1,6,1,3,2,0,0,0,0,0,0,0,0,0,5,0,1,0,0,0,0,0,0,1
2095859,4,0,4,0,4,0,0,0,4,0,0,0,0,4,3,0,0,0,0,4,0,0,0,0,0,0,0,3,1,0,0,0,0,0,0,0,2
2104076,54,10,44,0,53,0,0,1,54,0,0,3,49,2,38,6,0,0,48,0,0,0,0,0,52,26,0,26,2,0,0,0,0,0,0,0,4
2104602,39,16,23,0,34,0,0,5,30,9,0,2,16,21,35,0,0,8,1,10,19,1,0,0,0,5,0,25,1,8,0,0,0,0,0,0,34
2106628,4,0,4,0,3,0,0,1,4,0,0,0,0,4,0,0,0,0,0,4,0,0,0,0,0,0,0,0,4,0,0,0,0,0,0,0,0
2113001,30,18,12,0,10,9,3,7,29,0,1,9,11,10,8,1,5,2,9,7,6,0,0,0,0,12,0,17,0,0,0,1,0,0,0,0,1
2114341,10,4,6,0,10,0,0,0,7,3,0,0,1,9,5,0,0,0,0,10,0,0,0,0,1,0,0,8,0,1,1,0,0,0,0,0,0
2122304,9,2,7,0,9,0,0,0,9,0,0,1,7,1,4,0,0,1,3,0,5,0,0,0,0,0,0,5,0,3,0,0,0,1,0,0,0
2125038,5,2,3,0,5,0,0,0,4,0,1,0,0,5,5,0,0,0,0,5,0,0,0,0,0,0,0,2,1,0,1,0,1,0,0,0,0
2130844,18,10,8,0,6,4,1,5,18,0,0,5,9,4,12,5,2,1,7,0,3,0,0,0,0,6,0,8,0,1,0,0,0,3,0,0,1
2139723,2,1,1,0,1,1,0,0,1,0,1,0,0,2,1,0,0,0,0,2,0,0,0,0,1,0,0,0,0,1,1,0,0,0,0,0,0
2145547,21,12,9,0,13,3,0,5,19,2,0,0,8,13,20,2,5,0,4,9,1,0,0,0,21,2,1,17,1,0,0,0,0,0,0,0,1
2157656,81,7,74,0,80,0,0,1,81,0,0,1,32,48,79,23,0,0,40,12,3,3,0,0,0,0,0,65,4,11,1,0,0,0,0,0,62
2159544,22,3,19,0,22,0,0,0,22,0,0,5,16,1,22,1,4,1,11,0,5,0,0,0,0,8,0,13,0,1,0,0,0,0,0,0,0
2168999,85,25,60,0,75,0,0,9,85,0,0,0,2,83,84,0,0,0,0,85,0,0,0,0,0,0,0,80,2,3,0,0,0,0,0,0,1
2176293,9,7,2,0,6,1,1,1,9,0,0,0,4,5,7,2,0,1,0,0,6,0,0,0,0,1,0,7,0,1,0,0,0,0,0,0,0
2178034,22,5,17,0,21,0,0,1,15,7,0,2,10,10,8,0,0,6,11,0,5,0,0,0,3,1,0,15,2,2,0,0,0,2,0,0,0
2180793,11,5,6,0,6,2,0,3,11,0,0,0,3,8,0,2,0,3,3,0,3,0,0,0,0,3,0,6,2,0,0,0,0,0,0,0,1
2190094,8,0,8,0,8,0,0,0,8,0,0,0,4,4,0,0,4,0,3,0,1,0,0,0,0,0,0,8,0,0,0,0,0,0,0,0,0
2197885,7,2,5,0,7,0,0,0,6,1,0,0,3,4,3,0,0,0,4,0,0,3,0,0,2,0,0,2,0,1,4,0,0,0,0,0,0
2201741,67,4,63,0,67,0,0,0,62,5,0,3,28,36,20,20,22,3,14,0,8,0,0,0,3,12,0,53,1,0,0,0,1,0,0,0,0
2207673,7,4,3,0,7,0,0,0,7,0,0,0,2,5,7,0,0,0,2,0,5,0,0,0,1,0,0,7,0,0,0,0,0,0,0,0,0
2217558,13,0,13,0,13,0,0,0,13,0,0,0,9,4,12,0,2,3,6,0,2,0,0,0,0,3,0,10,0,0,0,0,0,0,0,0,0
2240578,41,16,25,0,17,7,2,15,40,0,1,0,1,40,0,0,0,0,0,41,0,0,0,0,0,0,0,35,6,0,0,0,0,0,0,0,0
2241786,21,4,17,0,20,1,0,0,14,6,1,15,6,0,6,9,0,1,10,0,1,0,0,0,3,4,0,7,0,0,3,0,3,4,0,0,1
2247606,27,0,27,0,25,0,0,2,24,0,3,1,13,13,9,7,1,8,5,1,5,0,0,0,0,1,0,24,1,1,0,0,0,0,0,0,0
2248119,43,2,41,0,43,0,0,0,43,0,0,0,19,24,5,12,10,6,15,0,0,0,0,0,0,0,0,35,0,4,1,0,0,3,0,0,0
2260146,18,0,18,0,18,0,0,0,18,0,0,2,6,10,16,0,1,4,6,0,7,0,0,0,0,5,0,12,1,0,0,0,0,0,0,0,1
2262738,25,1,24,0,25,0,0,0,25,0,0,1,11,13,24,14,0,2,7,2,0,0,0,0,7,5,0,12,2,6,0,0,0,0,0,0,2
2269823,8,1,7,0,5,0,1,1,8,0,0,3,0,5,3,3,0,1,2,0,2,0,0,0,2,1,0,3,2,1,0,0,1,0,0,0,0
2273207,11,7,4,0,10,0,0,1,9,2,0,1,3,7,5,0,0,1,5,2,3,0,0,0,2,2,0,8,0,0,0,0,1,0,0,0,3
2273406,12,2,10,0,2,3,1,4,12,0,0,1,11,0,11,2,3,1,3,0,3,0,0,0,0,2,0,10,0,0,0,0,0,0,0,0,11
2275379,23,7,16,0,23,0,0,0,23,0,0,2,13,8,21,3,0,4,6,0,10,0,0,0,0,5,0,17,0,0,0,0,0,1,0,0,0
2295199,8,1,7,0,8,0,0,0,6,2,0,0,5,3,2,0,3,0,5,0,0,0,0,0,7,0,0,7,0,0,0,1,0,0,0,0,0
2295507,6,5,1,0,5,0,0,1,6,0,0,0,3,3,1,0,2,1,3,0,0,0,0,0,0,0,0,5,0,0,0,1,0,0,0,0,0
2295570,27,0,27,0,26,1,0,0,27,0,0,2,22,3,27,15,3,6,2,0,1,0,0,0,1,0,0,14,0,6,1,4,2,0,0,0,17
2306705,20,6,14,0,18,2,0,0,20,0,0,1,8,11,0,0,1,0,12,3,0,4,0,0,0,2,0,17,0,0,0,1,0,0,0,0,0
2315017,51,10,41,0,47,2,0,1,30,21,0,0,0,51,41,0,0,0,0,51,0,0,0,0,48,0,0,46,2,2,1,0,0,0,0,0,5
2315021,5,4,1,0,3,0,0,1,5,0,0,0,4,1,2,0,0,0,0,0,5,0,0,0,5,0,0,5,0,0,0,0,0,0,0,0,0
2330037,19,9,10,0,10,4,2,3,19,0,0,0,8,11,16,1,4,0,5,8,1,0,0,0,0,1,0,18,0,0,0,0,0,0,0,0,0
2331923,24,2,22,0,23,1,0,0,16,8,0,7,7,10,21,0,9,0,14,0,0,1,0,0,8,7,0,14,0,2,0,0,1,0,0,0,5
2338519,20,8,12,0,7,4,1,4,20,0,0,0,6,14,19,0,8,3,8,0,1,0,0,0,0,0,0,18,2,0,0,0,0,0,0,0,0
2340409,5,1,4,0,3,1,0,1,5,0,0,1,1,3,4,0,0,0,0,5,0,0,0,0,0,0,0,3,0,2,0,0,0,0,0,0,0
2340969,24,11,13,0,23,0,0,1,24,0,0,2,13,9,6,1,6,1,11,5,0,0,0,0,0,6,0,14,3,1,0,0,0,0,0,0,0
2341341,10,0,10,0,10,0,0,0,10,0,0,0,8,2,10,0,0,0,10,0,0,0,0,0,0,4,0,6,0,0,0,0,0,0,0,0,0
2344040,13,2,11,0,13,0,0,0,2,10,1,0,6,7,13,1,0,0,12,0,0,0,0,0,4,0,0,10,0,0,2,0,1,0,0,0,0
2356243,7,2,5,0,4,2,0,0,7,0,0,0,5,2,7,0,0,3,1,0,3,0,0,0,0,1,0,4,0,0,0,0,0,1,1,0,0
2362703,18,1,17,0,15,1,0,2,18,0,0,1,12,5,12,0,2,3,4,0,9,0,0,0,0,4,0,12,2,0,0,0,0,0,0,0,0
2369998,11,3,8,0,10,0,0,1,11,0,0,2,5,4,9,2,3,1,4,0,1,0,0,0,0,2,0,8,1,0,0,0,0,0,0,0,3
2370201,48,9,39,0,48,0,0,0,47,1,0,1,25,22,47,17,1,5,20,0,5,0,0,0,0,4,0,36,1,7,0,0,0,0,0,0,46
2381905,19,0,19,0,13,2,0,4,14,5,0,5,12,2,17,1,5,1,10,0,2,0,0,0,0,1,0,9,0,7,0,0,0,2,0,0,1
2382797,43,14,29,0,42,0,1,0,33,6,4,0,0,43,11,0,0,0,0,43,0,0,0,0,0,0,0,41,2,0,0,0,0,0,0,0,0
2385992,9,0,9,0,9,0,0,0,8,0,1,0,8,1,6,0,0,0,0,0,9,0,0,0,0,0,1,7,0,1,0,0,0,0,0,0,0
2393261,32,7,25,0,30,2,0,0,23,5,4,1,12,19,7,0,3,4,3,4,16,2,0,0,10,1,0,28,0,3,0,0,0,0,0,0,0
2393991,9,1,8,0,8,1,0,0,9,0,0,0,4,5,6,1,2,1,0,0,5,0,0,0,4,0,0,8,1,0,0,0,0,0,0,0,4
2395482,8,0,8,0,6,0,0,2,3,5,0,0,5,3,2,0,1,0,2,0,5,0,0,0,0,0,0,8,0,0,0,0,0,0,0,0,0
2401620,17,8,9,0,7,5,2,3,15,2,0,4,7,6,3,0,1,3,7,3,1,2,0,0,0,3,0,11,1,2,0,0,0,0,0,0,1
2403166,14,11,3,0,7,2,2,2,14,0,0,0,9,5,9,0,2,2,6,0,4,0,0,0,3,4,0,10,0,0,0,0,0,0,0,0,0
2403186,18,7,11,0,18,0,0,0,18,0,0,3,10,5,1,1,6,0,10,0,1,0,0,0,2,0,0,15,0,1,2,0,0,0,0,0,0
2404096,9,2,7,0,4,1,1,2,9,0,0,4,2,3,7,1,2,3,3,0,0,0,0,0,0,4,0,4,1,0,0,0,0,0,0,0,0
2406437,39,4,35,0,32,4,0,3,25,10,4,0,0,39,24,0,0,0,0,39,0,0,0,0,0,0,0,35,2,1,1,0,0,0,0,0,0
2418886,20,5,15,0,9,4,2,4,20,0,0,0,9,11,0,1,9,0,9,0,1,0,0,0,0,3,0,16,1,0,0,0,0,0,0,0,0
2421154,17,5,12,0,17,0,0,0,16,1,0,0,5,12,15,3,2,4,4,0,4,0,0,0,5,2,0,10,2,2,0,0,0,1,0,0,0
2421477,1,0,1,0,1,0,0,0,1,0,0,0,1,0,1,0,0,0,1,0,0,0,0,0,1,0,0,1,0,0,0,0,0,0,0,0,0
2424914,23,3,20,0,23,0,0,0,23,0,0,10,10,3,21,8,3,4,2,0,6,0,0,0,4,0,2,9,0,1,0,0,0,11,0,0,0
2430407,15,5,10,0,15,0,0,0,15,0,0,0,11,4,6,0,2,0,5,0,8,0,0,0,0,0,0,11,1,2,1,0,0,0,0,0,0
2435889,13,8,5,0,12,1,0,0,13,0,0,0,5,8,13,0,0,3,0,0,10,0,0,0,11,0,0,8,0,1,0,0,0,4,0,0,0
2441087,8,0,8,0,8,0,0,0,8,0,0,0,5,3,3,2,0,1,3,0,2,0,0,0,0,0,0,5,1,2,0,0,0,0,0,0,0
2451206,2,2,0,0,1,1,0,0,2,0,0,0,2,0,0,0,1,0,1,0,0,0,0,0,0,0,0,2,0,0,0,0,0,0,0,0,0
2452094,27,4,23,0,15,2,0,8,27,0,0,0,16,11,26,4,0,2,11,0,10,0,0,0,7,7,0,19,1,0,0,0,0,0,0,0,0
2453399,34,10,24,0,22,2,1,9,26,8,0,1,16,17,18,12,0,3,15,0,4,0,0,0,15,2,0,21,2,5,1,0,0,3,0,0,0
2454071,14,3,11,0,14,0,0,0,4,10,0,0,4,10,5,0,0,0,8,5,1,0,0,0,0,0,0,13,0,1,0,0,0,0,0,0,0
2456198,4,4,0,0,3,0,0,1,4,0,0,0,3,1,1,0,0,0,1,1,1,1,0,0,0,0,0,2,0,0,2,0,0,0,0,0,0
2457080,17,2,15,0,13,2,0,1,1,15,1,2,9,6,16,4,1,1,7,0,4,0,0,0,0,2,0,9,2,0,0,2,0,2,0,0,0
2465247,33,14,19,0,14,5,3,5,33,0,0,3,10,20,26,0,8,0,14,8,3,0,0,0,31,9,0,22,0,0,0,2,0,0,0,0,2
2465710,13,9,4,0,8,1,1,2,13,0,0,5,5,3,1,2,7,0,4,0,0,0,0,0,0,5,0,8,0,0,0,0,0,0,0,0,1
2473111,7,3,4,0,7,0,0,0,7,0,0,0,6,1,7,0,0,0,4,0,3,0,0,0,0,0,0,7,0,0,0,0,0,0,0,0,0
2479489,3,2,1,0,3,0,0,0,3,0,0,0,0,3,1,0,0,0,1,1,0,1,0,0,3,0,0,3,0,0,0,0,0,0,0,0,0
2482599,11,0,11,0,9,1,0,1,10,1,0,4,3,4,10,6,1,0,4,0,0,0,0,0,4,6,0,3,0,0,0,0,0,2,0,0,1
2482744,2,0,2,0,2,0,0,0,2,0,0,0,1,1,0,0,0,0,2,0,0,0,0,0,0,0,0,1,0,0,0,0,1,0,0,0,0
2482810,20,0,20,0,19,0,0,1,20,0,0,0,7,13,20,5,0,10,0,0,3,2,0,0,0,2,0,14,1,2,0,0,0,1,0,0,13
2485194,11,0,11,0,11,0,0,0,11,0,0,0,6,5,9,0,2,1,7,0,1,0,0,0,0,2,0,5,4,0,0,0,0,0,0,0,0
2485822,13,0,13,0,13,0,0,0,13,0,0,1,8,4,5,0,3,0,4,0,6,0,0,0,11,1,0,11,0,0,0,0,0,1,0,0,3
2486616,6,3,3,0,3,0,1,2,6,0,0,0,4,2,2,1,2,0,3,0,0,0,0,0,0,2,0,1,2,0,0,0,1,0,0,0,0
2497115,12,1,11,0,11,0,0,1,12,0,0,1,2,9,8,0,2,0,4,0,6,0,0,0,0,1,0,10,0,1,0,0,0,0,0,0,0
2508063,13,5,8,0,8,1,1,3,13,0,0,0,0,13,12,0,0,0,8,3,0,2,0,0,0,0,0,11,1,0,0,1,0,0,0,0,0
2514902,9,5,4,0,6,1,1,1,9,0,0,0,9,0,1,0,3,4,2,0,0,0,0,0,0,3,0,5,0,0,0,0,1,0,0,0,1
2526617,19,5,14,0,18,1,0,0,18,0,1,0,0,19,2,0,0,0,0,19,0,0,0,0,0,0,0,17,2,0,0,0,0,0,0,0,0
2535066,23,5,18,0,23,0,0,0,23,0,0,1,14,8,22,5,2,13,1,0,2,0,0,0,23,2,0,11,1,7,1,1,0,0,0,0,4
2537256,27,6,21,0,24,1,0,2,27,0,0,2,13,12,26,0,5,8,2,0,12,0,0,0,0,10,0,14,1,1,0,1,0,0,0,0,2
2537277,8,0,8,0,8,0,0,0,8,0,0,0,3,5,8,0,2,0,3,0,3,0,0,0,3,0,0,8,0,0,0,0,0,0,0,0,0
2547945,39,16,23,0,14,11,0,14,32,7,0,1,21,17,1,2,1,6,8,15,7,0,0,0,0,5,0,31,2,0,0,0,1,0,0,0,2
2553414,8,3,5,0,8,0,0,0,1,7,0,0,0,8,7,0,0,0,0,8,0,0,0,0,0,0,0,5,0,3,0,0,0,0,0,0,6
2557110,4,0,4,0,4,0,0,0,4,0,0,0,1,3,4,0,0,0,4,0,0,0,0,0,0,0,0,4,0,0,0,0,0,0,0,0,0
2563054,25,8,17,0,24,0,0,1,25,0,0,1,12,12,9,0,1,1,19,0,4,0,0,0,5,1,0,19,2,1,1,0,1,0,0,0,1
2565129,18,3,15,0,17,1,0,0,10,8,0,0,4,14,11,0,0,0,0,18,0,0,0,0,0,0,0,10,1,2,4,0,1,0,0,0,0
2569538,44,0,44,0,44,0,0,0,44,0,0,3,24,17,38,5,12,0,15,0,12,0,0,0,38,0,0,26,2,15,0,0,1,0,0,0,1
2587279,11,0,11,0,11,0,0,0,6,5,0,0,9,2,10,0,0,0,3,0,8,0,0,0,2,0,0,10,0,1,0,0,0,0,0,0,0
2590817,11,4,7,0,4,2,1,2,11,0,0,0,5,6,11,0,2,0,2,0,7,0,0,0,0,1,0,10,0,0,0,0,0,0,0,0,10
2591292,19,10,9,0,6,5,1,6,19,0,0,0,12,7,17,4,5,0,10,0,0,0,0,0,0,4,0,14,1,0,0,0,0,0,0,0,0
2591682,106,18,88,0,95,2,2,5,102,4,0,2,32,72,89,42,3,4,27,3,11,16,0,0,105,2,0,75,6,20,1,0,1,1,0,0,15
2593711,5,1,4,0,4,0,0,1,5,0,0,1,4,0,4,0,0,0,5,0,0,0,0,0,4,0,0,5,0,0,0,0,0,0,0,0,4
2594466,20,6,14,0,12,1,2,5,20,0,0,1,12,7,18,0,7,1,12,0,0,0,0,0,0,3,0,10,5,0,0,1,1,0,0,0,0
2599665,21,13,8,0,21,0,0,0,21,0,0,0,18,3,3,6,6,0,6,3,0,0,0,0,3,0,0,21,0,0,0,0,0,0,0,0,0
2601939,22,2,20,0,7,5,2,3,21,0,1,0,10,12,3,2,5,0,3,6,6,0,0,0,0,6,0,14,1,0,1,0,0,0,0,0,1
2606914,25,3,22,0,25,0,0,0,22,3,0,0,16,9,12,0,0,2,13,9,1,0,0,0,0,2,0,19,1,2,1,0,0,0,0,0,0
2607501,33,11,22,0,32,1,0,0,32,1,0,0,7,26,33,0,0,0,0,33,0,0,0,0,0,0,0,23,1,1,8,0,0,0,0,0,0
2611777,10,0,10,0,10,0,0,0,10,0,0,0,5,5,8,0,0,0,4,3,3,0,0,0,0,0,0,10,0,0,0,0,0,0,0,0,8
2616549,25,10,15,0,25,0,0,0,25,0,0,0,7,18,13,1,1,1,9,11,0,2,0,0,0,0,1,20,0,0,0,1,0,3,0,0,0
2629216,35,5,30,0,35,0,0,0,35,0,0,1,20,14,31,0,14,2,11,0,8,0,0,0,0,0,0,29,1,3,2,0,0,0,0,0,0
2631058,34,8,26,0,29,3,0,2,34,0,0,1,14,19,34,0,1,11,5,0,17,0,0,0,0,5,0,27,1,0,0,1,0,0,0,0,2
2653062,9,1,8,0,8,0,0,1,9,0,0,1,7,1,9,0,0,1,4,0,4,0,0,0,4,0,0,8,0,0,0,0,0,0,1,0,0
2655944,129,21,108,0,129,0,0,0,125,3,1,2,53,74,120,38,31,1,19,10,10,17,0,3,0,4,0,88,7,25,2,2,0,1,0,0,15
2661394,36,11,25,0,16,6,3,6,36,0,0,1,10,25,3,0,20,0,16,0,0,0,0,0,0,7,0,29,0,0,0,0,0,0,0,0,0
2662840,4,2,2,0,4,0,0,0,4,0,0,0,4,0,4,0,0,0,4,0,0,0,0,0,1,1,0,1,0,1,0,0,0,1,0,0,0
2678354,21,15,6,0,18,1,0,2,21,0,0,1,11,9,20,3,5,2,7,0,4,0,0,0,0,7,0,12,1,0,0,1,0,0,0,0,1
2679548,8,2,6,0,8,0,0,0,6,2,0,0,6,2,1,1,0,0,7,0,0,0,0,0,0,3,0,4,0,1,0,0,0,0,0,0,1
2690736,23,5,18,0,23,0,0,0,23,0,0,0,14,9,1,0,0,0,23,0,0,0,0,0,0,0,0,16,0,0,7,0,0,0,0,0,0
2714218,2,1,1,0,2,0,0,0,2,0,0,0,1,1,0,0,0,0,2,0,0,0,0,0,0,0,0,2,0,0,0,0,0,0,0,0,0
2721295,16,10,6,0,7,2,1,3,16,0,0,0,13,3,13,0,0,0,4,0,12,0,0,0,0,4,0,11,1,0,0,0,0,0,0,0,1
2723027,13,5,8,0,12,0,0,1,13,0,0,0,4,9,11,0,0,6,7,0,0,0,0,0,0,5,0,6,2,0,0,0,0,0,0,0,4
2730580,52,3,49,0,51,1,0,0,50,1,1,1,26,25,15,17,4,3,16,9,1,2,0,0,40,0,1,28,4,17,0,0,0,2,0,0,0
2735991,2,0,2,0,0,1,0,1,2,0,0,0,0,2,0,0,0,0,2,0,0,0,0,0,2,0,0,2,0,0,0,0,0,0,0,0,0
2737874,51,20,31,0,42,2,0,5,31,20,0,0,0,51,8,0,0,0,0,51,0,0,0,0,0,0,0,38,0,6,7,0,0,0,0,0,1
2740486,9,0,9,0,8,0,0,1,3,6,0,0,7,2,1,0,6,1,2,0,0,0,0,0,3,3,0,5,0,1,0,0,0,0,0,0,0
2743529,17,16,1,0,17,0,0,0,17,0,0,6,9,2,1,1,10,0,3,0,3,0,0,0,0,7,0,9,1,0,0,0,0,0,0,0,2
2746464,1,1,0,0,1,0,0,0,1,0,0,0,0,1,0,0,0,0,1,0,0,0,0,0,0,0,0,1,0,0,0,0,0,0,0,0,0
2747430,8,2,6,0,7,0,0,1,8,0,0,0,5,3,5,0,0,0,8,0,0,0,0,0,0,0,0,6,1,1,0,0,0,0,0,0,0
2747880,18,0,18,0,16,2,0,0,17,1,0,1,14,3,14,0,3,2,13,0,0,0,0,0,1,1,0,17,0,0,0,0,0,0,0,0,4
2753706,22,0,22,0,22,0,0,0,22,0,0,0,12,10,20,0,6,1,8,0,7,0,0,0,0,7,0,13,2,0,0,0,0,0,0,0,0
2753963,186,43,143,0,186,0,0,0,184,2,0,0,75,111,186,74,8,5,87,2,3,7,0,0,0,15,4,69,22,11,4,57,4,0,0,0,4
2761995,9,6,3,0,9,0,0,0,9,0,0,3,3,3,8,0,1,3,0,0,5,0,0,0,0,3,0,6,0,0,0,0,0,0,0,0,0
2763082,3,0,3,0,3,0,0,0,1,0,2,1,1,1,3,0,0,0,3,0,0,0,0,0,1,1,0,2,0,0,0,0,0,0,0,0,1
2763387,24,3,21,0,20,1,0,2,24,0,0,2,11,11,21,9,1,1,5,0,8,0,0,0,0,5,1,12,1,2,2,0,0,1,0,0,0
2771735,23,10,13,0,13,3,0,6,23,0,0,0,8,15,2,0,0,3,13,7,0,0,0,0,0,5,0,16,1,1,0,0,0,0,0,0,0
2776028,13,9,4,0,6,1,1,5,13,0,0,0,6,7,4,0,4,4,4,0,1,0,0,0,0,4,0,9,0,0,0,0,0,0,0,0,0
2785385,1,1,0,0,0,0,0,1,0,0,1,0,1,0,1,0,0,0,1,0,0,0,0,0,0,0,0,1,0,0,0,0,0,0,0,0,0
2786080,74,17,57,0,69,2,0,3,74,0,0,2,13,59,57,1,2,0,46,25,0,0,0,0,1,0,0,63,1,8,2,0,0,0,0,0,2
2786834,12,3,9,0,12,0,0,0,10,0,2,0,0,12,10,0,0,0,0,12,0,0,0,0,5,0,1,8,2,1,0,0,0,0,0,0,2
2787336,5,2,3,0,5,0,0,0,5,0,0,0,3,2,2,0,1,0,2,0,2,0,0,0,0,0,0,5,0,0,0,0,0,0,0,0,0
2794426,3,2,1,0,3,0,0,0,3,0,0,0,2,1,3,0,0,0,1,0,2,0,0,0,0,0,0,2,0,1,0,0,0,0,0,0,0
2796955,29,13,16,0,11,3,0,14,21,7,1,2,13,14,9,1,1,2,12,9,4,0,0,0,0,3,0,23,1,0,0,1,1,0,0,0,0
2801041,2,0,2,0,2,0,0,0,2,0,0,0,2,0,1,0,0,0,2,0,0,0,0,0,1,0,2,0,0,0,0,0,0,0,0,0,0
2804283,8,0,8,0,7,1,0,0,8,0,0,0,6,2,3,0,3,0,3,0,2,0,0,0,1,0,0,7,1,0,0,0,0,0,0,0,1
2807902,8,6,2,0,3,1,0,1,8,0,0,0,4,4,5,1,1,1,5,0,0,0,0,0,8,2,0,6,0,0,0,0,0,0,0,0,0
2809616,5,3,2,0,1,3,1,0,5,0,0,0,4,1,3,0,0,2,2,0,1,0,0,0,0,1,0,4,0,0,0,0,0,0,0,0,0
2810805,20,9,11,0,18,2,0,0,20,0,0,0,0,20,20,0,0,0,0,20,0,0,0,0,0,0,0,19,1,0,0,0,0,0,0,0,0
2811298,25,3,22,0,19,4,0,2,25,0,0,6,12,7,10,1,8,1,10,0,5,0,0,0,1,3,0,18,1,0,0,1,1,1,0,0,0
2812864,38,4,34,0,33,1,0,4,35,3,0,0,15,23,35,13,0,4,6,0,15,0,0,0,1,0,1,23,3,7,2,0,1,1,0,0,3
2813322,7,2,5,0,7,0,0,0,7,0,0,0,3,4,1,0,2,0,4,0,1,0,0,0,0,2,0,5,0,0,0,0,0,0,0,0,0
2827186,19,3,16,0,18,1,0,0,12,1,6,0,6,13,3,0,0,3,1,7,3,5,0,0,0,0,0,13,0,0,5,0,1,0,0,0,0
2837740,8,6,2,0,3,2,0,3,8,0,0,1,2,5,3,0,0,3,1,0,4,0,0,0,0,2,0,5,0,0,0,1,0,0,0,0,0
2842145,18,1,17,0,15,0,0,0,18,0,0,0,5,13,12,0,0,0,15,0,3,0,0,0,0,0,0,15,0,1,0,2,0,0,0,0,1
2846175,37,14,23,0,37,0,0,0,37,0,0,3,21,13,13,4,0,8,10,0,15,0,0,0,0,3,0,32,0,0,0,1,0,1,0,0,0
2851375,6,4,2,0,1,1,0,4,6,0,0,0,6,0,1,1,2,0,3,0,0,0,0,0,0,0,0,6,0,0,0,0,0,0,0,0,0
2858508,4,1,3,0,4,0,0,0,4,0,0,0,3,1,4,0,0,0,2,0,2,0,0,0,0,0,0,4,0,0,0,0,0,0,0,0,0
2859528,24,2,22,0,23,1,0,0,1,23,0,4,17,3,1,0,0,0,23,0,1,0,0,0,0,1,1,12,0,1,3,1,0,5,0,0,0
2861096,7,1,6,0,1,5,0,1,7,0,0,0,5,2,1,1,0,0,6,0,0,0,0,0,0,2,0,5,0,0,0,0,0,0,0,0,0
2861465,11,7,4,0,7,0,1,3,11,0,0,3,8,0,9,3,2,1,5,0,0,0,0,0,0,3,0,8,0,0,0,0,0,0,0,0,0
2866825,1,1,0,0,1,0,0,0,1,0,0,0,0,1,0,0,0,0,1,0,0,0,0,0,0,0,0,1,0,0,0,0,0,0,0,0,0
2882841,13,0,13,0,13,0,0,0,13,0,0,1,8,4,4,0,1,2,5,0,5,0,0,0,0,2,0,6,0,1,4,0,0,0,0,0,0
2900890,19,0,19,0,19,0,0,0,19,0,0,4,8,7,17,6,3,1,6,0,3,0,0,0,0,0,0,10,0,1,5,0,0,3,0,0,0
2903863,5,5,0,0,5,0,0,0,5,0,0,0,4,1,3,0,0,0,4,0,1,0,0,0,3,0,0,5,0,0,0,0,0,0,0,0,0
2908908,5,2,3,0,5,0,0,0,5,0,0,4,0,1,1,0,4,0,1,0,0,0,0,0,1,2,0,3,0,0,0,0,0,0,0,0,0
2911938,21,12,9,0,11,2,2,3,21,0,0,1,15,5,17,0,3,7,8,0,3,0,0,0,0,7,0,12,1,0,0,1,0,0,0,0,0
2913915,45,10,35,0,45,0,0,0,45,0,0,1,28,16,39,11,9,0,17,5,0,3,0,0,0,0,2,27,2,11,0,1,0,2,0,0,40
2915764,2,2,0,0,0,0,0,0,0,2,0,0,2,0,1,0,0,0,2,0,0,0,0,0,2,0,0,2,0,0,0,0,0,0,0,0,0
2916018,38,17,21,0,38,0,0,0,38,0,0,0,17,21,31,0,0,0,38,0,0,0,0,0,0,3,0,35,0,0,0,0,0,0,0,0,0
2919852,22,6,16,0,21,0,0,1,22,0,0,1,15,6,22,0,0,11,7,0,4,0,0,0,1,1,0,13,1,0,0,0,0,7,0,0,0
2935625,11,6,5,0,11,0,0,0,11,0,0,0,7,4,10,0,0,3,5,0,3,0,0,0,0,3,0,7,0,0,0,0,1,0,0,0,9
2941449,8,4,4,0,8,0,0,0,8,0,0,1,3,4,7,0,1,1,3,2,1,0,0,0,1,2,0,6,0,0,0,0,0,0,0,0,1
2943363,22,7,15,0,20,2,0,0,22,0,0,0,0,22,22,0,0,0,0,22,0,0,0,0,0,0,0,19,2,0,0,1,0,0,0,0,1
2943390,8,1,7,0,8,0,0,0,8,0,0,0,5,3,1,0,0,1,3,0,4,0,0,0,0,0,0,5,2,0,0,0,0,1,0,0,0
2943702,3,2,1,0,2,0,0,1,3,0,0,0,0,3,2,0,0,0,0,3,0,0,0,0,2,0,0,2,1,0,0,0,0,0,0,0,0
2944778,7,2,5,0,6,0,0,1,7,0,0,0,3,4,4,0,0,1,5,0,1,0,0,0,0,0,0,4,0,1,0,0,2,0,0,0,0
2949018,26,1,25,0,23,1,0,1,26,0,0,1,20,5,26,7,0,7,0,0,3,1,8,0,12,3,0,14,1,7,0,0,0,1,0,0,23
2949508,35,7,28,0,32,3,0,0,26,9,0,0,17,18,34,0,0,12,17,0,6,0,0,0,4,13,0,19,1,0,0,0,0,2,0,0,2
2951298,9,0,9,0,9,0,0,0,9,0,0,0,9,0,2,0,0,0,9,0,0,0,0,0,0,0,0,8,0,0,1,0,0,0,0,0,0
2968324,4,1,3,0,4,0,0,0,0,4,0,0,0,4,2,0,0,0,0,4,0,0,0,0,0,0,0,4,0,0,0,0,0,0,0,0,0
2970073,15,6,9,0,15,0,0,0,15,0,0,0,0,15,0,0,0,0,0,15,0,0,0,0,0,0,0,15,0,0,0,0,0,0,0,0,0
2975818,13,4,9,0,5,2,1,4,13,0,0,1,4,8,13,0,1,4,2,0,6,0,0,0,0,1,0,11,0,0,0,0,0,1,0,0,11
2977056,6,3,3,0,3,2,0,1,6,0,0,1,3,2,5,0,0,1,1,0,4,0,0,0,0,0,0,5,0,0,0,1,0,0,0,0,0
2983983,43,8,35,0,42,1,0,0,42,1,0,1,16,26,42,13,5,10,12,0,3,0,0,0,0,1,8,28,1,3,0,0,0,2,0,0,1
2985256,3,2,1,0,1,1,0,1,2,1,0,0,1,2,2,0,0,0,0,3,0,0,0,0,1,0,0,3,0,0,0,0,0,0,0,0,0
2987917,11,1,10,0,9,0,0,1,0,11,0,0,0,11,6,0,0,0,0,10,0,1,0,0,3,0,0,6,0,0,5,0,0,0,0,0,0
3003994,16,7,9,0,12,3,0,0,16,0,0,3,10,3,6,4,1,1,6,2,0,2,0,0,3,1,0,10,0,3,1,0,0,0,1,0,0
3010693,20,2,18,0,19,0,0,1,20,0,0,0,3,17,19,1,0,4,6,0,9,0,0,0,5,0,0,17,2,1,0,0,0,0,0,0,1
3011318,8,0,8,0,8,0,0,0,7,1,0,2,2,4,2,1,3,2,2,0,0,0,0,0,0,1,0,5,1,1,0,0,0,0,0,0,1
3014040,44,9,35,0,42,1,0,1,42,2,0,1,19,24,41,1,0,1,30,10,1,1,0,0,3,0,1,39,2,1,0,1,0,0,0,0,0
3019424,14,2,12,0,9,1,0,2,14,0,0,1,5,8,6,0,1,0,3,0,10,0,0,0,13,1,0,11,1,1,0,0,0,0,0,0,2
3020188,9,0,9,0,6,3,0,0,9,0,0,2,0,7,9,0,0,0,0,9,0,0,0,0,0,0,0,3,6,0,0,0,0,0,0,0,0
3023498,39,3,36,0,39,0,0,0,37,2,0,3,19,17,26,4,1,0,19,4,2,9,0,0,12,1,0,24,0,7,5,0,2,0,0,0,0
3024441,36,3,33,0,34,2,0,0,36,0,0,0,7,29,33,0,0,3,4,17,10,2,0,0,0,0,0,30,0,6,0,0,0,0,0,0,6
3024598,13,3,10,0,13,0,0,0,4,9,0,0,0,13,6,0,0,0,0,13,0,0,0,0,0,0,0,9,0,4,0,0,0,0,0,0,0
3027324,6,2,4,0,3,2,0,1,6,0,0,0,4,2,4,0,2,0,3,0,1,0,0,0,0,2,0,4,0,0,0,0,0,0,0,0,0
3030048,29,8,21,0,29,0,0,0,29,0,0,4,14,11,5,0,7,6,14,0,2,0,0,0,1,11,0,18,0,0,0,0,0,0,0,0,1
3036387,16,2,14,0,15,0,0,1,15,0,1,2,11,3,16,8,1,0,0,0,0,0,3,4,0,2,0,7,1,6,0,0,0,0,0,0,0
3036454,19,6,13,0,11,2,2,3,19,0,0,8,10,1,15,1,1,7,9,0,1,0,0,0,0,5,0,14,0,0,0,0,0,0,0,0,0
3044292,9,0,9,0,7,1,0,1,9,0,0,0,2,7,9,0,0,0,9,0,0,0,0,0,0,0,0,7,2,0,0,0,0,0,0,0,0
3044753,16,10,6,0,16,0,0,0,16,0,0,3,10,3,3,5,4,1,5,0,1,0,0,0,0,5,1,9,0,1,0,0,0,0,0,0,1
3047887,24,10,14,0,5,4,1,7,24,0,0,0,12,12,21,1,6,5,11,0,1,0,0,0,0,9,0,12,1,0,0,2,0,0,0,0,0
3049385,21,11,10,0,21,0,0,0,12,9,0,1,4,16,4,2,3,1,6,8,0,1,0,0,0,0,0,18,0,3,0,0,0,0,0,0,0
3057591,12,3,9,0,10,2,0,0,12,0,0,0,7,5,11,1,0,1,5,1,3,1,0,0,2,1,1,6,0,4,0,0,0,0,0,0,0
3061718,2,2,0,0,1,0,0,1,0,2,0,1,0,1,1,0,0,0,0,2,0,0,0,0,0,0,0,1,0,1,0,0,0,0,0,0,0
3063764,62,8,54,0,62,0,0,0,58,3,1,0,21,41,62,29,1,5,12,0,15,0,0,0,4,1,1,52,4,2,2,0,0,0,0,0,52
3064354,8,2,6,0,7,0,0,1,8,0,0,2,5,1,7,1,3,0,4,0,0,0,0,0,0,2,0,5,0,0,0,1,0,0,0,0,0
3067600,10,2,8,0,9,0,0,0,10,0,0,0,7,3,6,0,1,0,7,0,2,0,0,0,1,0,0,4,0,0,5,0,1,0,0,0,0
3068163,34,1,33,0,34,0,0,0,34,0,0,32,2,0,32,27,6,0,1,0,0,0,0,0,0,0,0,34,0,0,0,0,0,0,0,0,32
3069578,27,1,26,0,25,1,1,0,18,9,0,0,16,11,13,0,1,0,23,0,3,0,0,0,2,0,1,24,1,1,0,0,0,0,0,0,1
3071187,5,0,5,0,3,2,0,0,5,0,0,3,2,0,3,0,0,0,4,0,1,0,0,0,5,1,0,4,0,0,0,0,0,0,0,0,2
3073338,65,11,54,0,33,2,2,14,65,0,0,2,31,32,64,2,10,4,45,0,4,0,0,0,0,16,0,45,3,1,0,0,0,0,0,0,1
3077665,8,3,5,0,6,1,0,1,6,2,0,0,1,7,8,0,0,0,0,8,0,0,0,0,8,0,0,5,0,3,0,0,0,0,0,0,4
3078795,9,1,8,0,9,0,0,0,9,0,0,4,5,0,9,3,3,3,0,0,0,0,0,0,0,9,0,0,0,0,0,0,0,0,0,0,8
3082133,3,1,2,0,2,1,0,0,3,0,0,0,3,0,2,0,0,0,1,2,0,0,0,0,1,0,0,2,0,0,0,0,0,1,0,0,0
3083055,1,1,0,0,1,0,0,0,1,0,0,0,0,1,0,0,0,0,1,0,0,0,0,0,1,0,0,1,0,0,0,0,0,0,0,0,0
3083389,12,3,9,0,6,4,1,0,12,0,0,2,7,3,9,3,2,0,4,2,1,0,0,0,0,4,0,5,0,1,2,0,0,0,0,0,0
3083771,9,0,9,0,9,0,0,0,9,0,0,0,2,7,2,0,0,1,7,0,1,0,0,0,1,0,0,7,1,1,0,0,0,0,0,0,0
3086032,18,10,8,0,6,3,2,5,18,0,0,1,12,5,17,0,3,3,7,0,5,0,0,0,0,3,0,15,0,0,0,0,0,0,0,0,1
3095792,27,6,21,0,25,1,0,0,20,7,0,4,16,7,14,3,8,0,7,6,2,1,0,0,8,7,0,16,1,2,1,0,0,0,0,0,1
3099901,5,0,5,0,5,0,0,0,5,0,0,0,2,3,5,0,0,0,3,0,2,0,0,0,3,0,0,5,0,0,0,0,0,0,0,0,2
3104347,20,5,15,0,16,3,0,1,20,0,0,0,12,8,14,3,2,0,15,0,0,0,0,0,1,2,0,12,3,1,2,0,0,0,0,0,4
3105657,12,2,10,0,8,0,0,3,12,0,0,0,5,7,10,0,0,1,5,1,3,2,0,0,6,0,1,8,1,2,0,0,0,0,0,0,0
3106115,4,2,2,0,2,2,0,0,4,0,0,0,2,2,4,0,0,0,0,0,4,0,0,0,0,0,0,4,0,0,0,0,0,0,0,0,2
3108434,17,6,11,0,8,4,0,4,15,2,0,3,10,4,0,2,4,2,7,2,0,0,0,0,0,4,0,12,0,1,0,0,0,0,0,0,0
3108683,46,7,39,0,39,4,0,3,46,0,0,2,24,20,46,19,2,2,8,0,15,0,0,0,1,5,0,28,2,9,2,0,0,0,0,0,0
3109926,142,11,131,0,142,0,0,0,138,4,0,1,69,72,137,60,27,16,14,0,10,0,0,15,0,7,0,94,4,4,28,1,1,3,0,0,112
3115531,40,12,28,0,33,4,0,3,40,0,0,12,19,9,40,5,1,9,7,0,18,0,0,0,0,13,0,24,1,1,0,0,0,1,0,0,0
3122967,7,3,4,0,7,0,0,0,7,0,0,0,3,4,3,0,0,0,0,7,0,0,0,0,0,1,0,4,1,0,1,0,0,0,0,0,0
3128520,50,10,40,0,42,4,1,3,50,0,0,0,17,33,7,7,12,0,8,22,0,1,0,0,46,11,0,37,1,1,0,0,0,0,0,0,1
3133931,7,1,6,0,6,1,0,0,7,0,0,0,4,3,6,0,0,0,3,0,4,0,0,0,0,0,0,6,0,0,1,0,0,0,0,0,0
3139018,26,15,11,0,19,0,0,6,26,0,0,0,18,8,0,1,1,11,13,0,0,0,0,0,6,8,0,18,0,0,0,0,0,0,0,0,0
3142838,58,4,54,0,58,0,0,0,51,5,2,3,28,27,13,27,7,2,18,0,4,0,0,0,6,3,0,40,2,4,0,2,7,0,0,0,6
3148966,8,2,6,0,8,0,0,0,8,0,0,0,0,8,8,2,2,0,4,0,0,0,0,0,0,0,0,7,1,0,0,0,0,0,0,0,0
3157889,65,26,39,0,31,9,5,20,65,0,0,0,0,65,14,0,0,0,0,65,0,0,0,0,0,0,0,62,1,1,1,0,0,0,0,0,0
3167775,26,6,20,0,26,0,0,0,26,0,0,2,14,10,9,0,9,3,8,0,6,0,0,0,0,0,0,20,1,4,1,0,0,0,0,0,1
3169269,57,10,47,0,50,2,0,5,57,0,0,3,22,32,54,0,2,0,55,0,0,0,0,0,1,1,0,47,5,1,0,2,0,1,0,0,54
3169658,6,4,2,0,6,0,0,0,6,0,0,0,6,0,6,1,2,0,3,0,0,0,0,0,0,0,0,6,0,0,0,0,0,0,0,0,0
3172881,34,1,33,0,34,0,0,0,32,2,0,1,16,17,30,3,3,4,10,2,10,2,0,0,2,2,0,32,0,0,0,0,0,0,0,0,0
3179082,36,8,28,0,26,4,1,5,36,0,0,3,21,12,19,0,1,2,32,0,1,0,0,0,0,8,0,23,1,2,0,2,0,0,0,0,1
3189330,1,1,0,0,0,0,0,1,0,0,1,0,1,0,1,0,0,0,0,0,1,0,0,0,0,0,0,0,0,0,1,0,0,0,0,0,0
3200938,4,0,4,0,4,0,0,0,4,0,0,0,3,1,1,0,3,0,0,0,1,0,0,0,0,2,0,0,0,2,0,0,0,0,0,0,0
3201303,11,2,9,0,10,0,0,1,0,11,0,0,7,4,4,1,3,2,3,0,2,0,0,0,4,1,0,5,0,1,4,0,0,0,0,0,0
3206542,6,3,3,0,2,1,0,2,6,0,0,0,4,2,5,0,2,0,3,0,1,0,0,0,6,2,0,3,1,0,0,0,0,0,0,0,0
3209203,47,23,24,0,25,15,1,5,43,4,0,0,20,27,6,4,10,1,11,6,0,15,0,0,45,4,0,40,0,2,0,0,0,1,0,0,2
3210867,70,8,62,0,68,2,0,0,63,6,1,2,17,51,63,24,0,7,30,9,0,0,0,0,31,1,0,51,6,11,0,1,0,0,0,0,8
3216386,8,3,5,0,7,0,0,1,8,0,0,0,0,8,8,0,0,0,0,8,0,0,0,0,0,0,0,8,0,0,0,0,0,0,0,0,0
3223989,8,6,2,0,4,2,0,0,8,0,0,0,5,3,1,1,3,0,4,0,0,0,0,0,0,0,0,8,0,0,0,0,0,0,0,0,0
3224626,17,6,11,0,17,0,0,0,10,7,0,0,1,16,10,0,0,0,0,17,0,0,0,0,7,0,3,11,0,1,2,0,0,0,0,0,1
3225182,41,4,37,0,40,0,0,1,36,0,5,2,19,20,40,22,1,3,14,0,1,0,0,0,0,2,0,18,0,13,1,0,6,1,0,0,0
3234428,4,0,4,0,4,0,0,0,4,0,0,0,2,2,2,0,1,0,3,0,0,0,0,0,0,0,0,2,0,0,2,0,0,0,0,0,0
3236112,45,17,28,0,19,7,4,8,45,0,0,1,23,21,31,2,18,6,18,0,1,0,0,0,44,18,0,23,2,1,0,0,1,0,0,0,6
3237479,58,6,52,0,43,4,0,11,56,1,1,5,28,25,51,14,4,15,12,0,11,2,0,0,1,6,0,36,4,2,0,8,1,1,0,0,2
3242046,13,0,13,0,12,1,0,0,13,0,0,1,7,5,13,0,0,0,5,0,8,0,0,0,13,1,0,11,0,0,0,0,1,0,0,0,13
3250249,93,4,89,0,91,2,0,0,81,12,0,2,48,43,93,41,0,2,50,0,0,0,0,0,0,0,0,69,0,21,1,0,2,0,0,0,0
3266177,26,0,26,0,21,1,0,3,8,18,0,0,15,11,22,0,0,1,25,0,0,0,0,0,0,0,0,21,1,3,0,0,0,1,0,0,20
3267707,21,4,17,0,19,2,0,0,18,3,0,1,4,16,19,0,2,3,7,2,4,3,0,0,0,0,0,20,0,0,1,0,0,0,0,0,0
3281039,18,4,14,0,17,1,0,0,14,4,0,1,10,7,11,4,0,3,6,0,5,0,0,0,18,2,0,12,1,1,0,0,0,2,0,0,0
3295282,7,2,5,0,3,1,2,1,7,0,0,2,5,0,7,2,0,0,5,0,0,0,0,0,0,1,0,6,0,0,0,0,0,0,0,0,0
3309058,11,4,7,0,11,0,0,0,11,0,0,1,10,0,11,4,0,6,1,0,0,0,0,0,0,0,0,6,1,4,0,0,0,0,0,0,0
3314257,69,7,62,0,69,0,0,0,68,1,0,1,20,48,65,17,9,3,19,9,4,8,0,0,0,0,0,54,3,11,1,0,0,0,0,0,12
3316691,18,5,13,0,13,4,1,0,18,0,0,0,5,13,9,0,0,0,18,0,0,0,0,0,2,1,1,14,0,0,1,0,1,0,0,0,0
3318006,16,3,13,0,13,1,0,1,16,0,0,1,11,4,10,0,0,2,9,0,5,0,0,0,0,2,1,11,1,1,0,0,0,0,0,0,0
3321446,1,0,1,0,1,0,0,0,1,0,0,0,1,0,0,0,0,0,1,0,0,0,0,0,0,0,0,1,0,0,0,0,0,0,0,0,0
3323625,6,0,6,0,6,0,0,0,6,0,0,0,3,3,6,0,1,0,0,0,5,0,0,0,0,1,0,5,0,0,0,0,0,0,0,0,0
3345959,22,3,19,0,22,0,0,0,16,6,0,4,16,2,21,3,3,2,11,0,3,0,0,0,0,4,0,17,0,0,0,0,0,1,0,0,0
3350090,31,6,25,0,26,3,0,2,30,0,1,1,25,5,31,6,13,0,7,4,1,0,0,0,0,2,2,22,0,3,2,0,0,0,0,0,0
3351589,43,7,36,0,43,0,0,0,43,0,0,5,28,10,37,3,5,7,23,0,5,0,0,0,1,3,0,37,0,3,0,0,0,0,0,0,2
3351928,11,6,5,0,4,2,1,2,11,0,0,0,8,3,8,0,2,3,6,0,0,0,0,0,0,4,0,7,0,0,0,0,0,0,0,0,3
3356003,6,3,3,0,6,0,0,0,2,4,0,0,1,5,4,0,0,0,0,6,0,0,0,0,6,0,0,2,0,1,3,0,0,0,0,0,0
3357145,60,9,51,0,60,0,0,0,0,58,2,43,11,6,60,2,27,2,1,7,3,18,0,0,0,0,0,11,4,33,0,11,1,0,0,0,53
3360596,22,5,17,0,18,4,0,0,22,0,0,0,10,12,22,0,2,3,10,0,7,0,0,0,22,5,0,16,0,0,0,0,0,1,0,0,0
3363836,2,1,1,0,0,2,0,0,2,0,0,0,2,0,0,0,0,0,2,0,0,0,0,0,0,0,0,2,0,0,0,0,0,0,0,0,0
3365949,45,8,37,0,45,0,0,0,45,0,0,2,30,13,2,9,9,1,10,16,0,0,0,0,0,1,0,40,0,2,0,0,0,2,0,0,0
3372880,17,3,14,0,16,0,0,1,12,0,5,1,5,11,17,0,1,1,7,7,1,0,0,0,0,1,0,11,1,1,3,0,0,0,0,0,0
3376416,18,3,15,0,13,2,0,1,12,3,3,2,1,15,16,0,0,0,7,9,0,2,0,0,0,1,0,11,1,0,5,0,0,0,0,0,0
3385358,4,2,2,0,3,1,0,0,4,0,0,0,3,1,0,0,0,0,4,0,0,0,0,0,0,0,0,4,0,0,0,0,0,0,0,0,0
3394202,9,1,8,0,8,0,0,1,9,0,0,1,3,5,4,0,1,0,4,0,4,0,0,0,0,1,0,5,0,1,1,1,0,0,0,0,4
3407357,24,1,23,0,24,0,0,0,24,0,0,1,9,14,18,0,6,0,11,0,7,0,0,0,0,4,0,18,0,2,0,0,0,0,0,0,4
3408318,16,4,12,0,13,1,0,2,14,2,0,3,4,9,11,0,0,5,2,0,9,0,0,0,10,3,0,11,1,1,0,0,0,0,0,0,1
3419683,8,0,8,0,8,0,0,0,8,0,0,0,3,5,4,0,1,0,7,0,0,0,0,0,0,0,0,5,2,1,0,0,0,0,0,0,1
3421138,47,17,30,0,36,2,0,9,47,0,0,12,23,12,24,3,15,0,26,0,1,2,0,0,0,15,0,29,1,1,0,0,1,0,0,0,0
3432780,18,5,13,0,18,0,0,0,18,0,0,1,6,11,12,0,3,0,11,0,4,0,0,0,9,0,0,14,0,2,2,0,0,0,0,0,1
3433730,27,3,24,0,27,0,0,0,27,0,0,1,15,11,21,0,0,0,27,0,0,0,0,0,0,0,0,20,0,0,7,0,0,0,0,0,0
3440865,21,6,15,0,9,3,2,4,21,0,0,0,13,8,1,0,0,0,13,0,8,0,0,0,0,8,0,13,0,0,0,0,0,0,0,0,0
3445113,4,1,3,0,4,0,0,0,2,2,0,1,3,0,1,1,0,0,0,0,0,0,2,1,4,1,0,0,1,0,2,0,0,0,0,0,0
3449581,44,33,11,0,42,0,0,2,44,0,0,4,15,25,18,0,2,3,14,12,8,5,0,0,5,3,1,31,2,5,1,0,0,1,0,0,3
3453374,6,2,4,0,6,0,0,0,6,0,0,0,2,4,6,0,0,0,0,6,0,0,0,0,3,1,0,4,0,0,1,0,0,0,0,0,3
3460074,2,1,1,0,1,1,0,0,0,0,2,0,1,1,1,0,0,0,1,1,0,0,0,0,0,0,0,2,0,0,0,0,0,0,0,0,1
3464986,18,6,12,0,4,6,2,3,18,0,0,2,8,8,15,0,3,0,11,0,4,0,0,0,0,1,0,15,2,0,0,0,0,0,0,0,1
3476742,23,6,17,0,21,0,0,1,19,4,0,1,14,8,16,0,2,6,10,0,5,0,0,0,3,2,1,15,0,0,0,1,1,3,0,0,8
3479996,37,2,35,0,37,0,0,0,37,0,0,7,15,15,36,17,1,1,17,0,1,0,0,0,0,13,0,20,0,2,0,0,1,1,0,0,0
3481106,78,9,69,0,78,0,0,0,0,78,0,1,32,45,76,13,5,12,19,6,13,9,1,0,0,6,1,47,2,17,0,4,1,0,0,0,4
3497719,17,4,13,0,14,0,0,3,16,1,0,1,7,9,6,2,4,0,6,4,0,1,0,0,0,3,0,13,0,0,1,0,0,0,0,0,0
3513525,55,2,53,0,52,0,0,3,55,0,0,2,25,28,31,11,15,0,21,8,0,0,0,0,0,1,0,36,0,8,9,0,0,1,0,0,0
3513616,21,2,19,0,20,0,0,1,15,6,0,2,11,8,19,0,7,0,13,0,1,0,0,0,0,4,0,17,0,0,0,0,0,0,0,0,0
3520321,39,16,23,0,13,4,2,13,39,0,0,0,21,18,35,0,0,17,1,0,21,0,0,0,0,14,0,23,1,0,0,1,0,0,0,0,0
3520805,1,1,0,0,1,0,0,0,1,0,0,0,0,1,1,0,0,0,0,0,1,0,0,0,1,0,0,1,0,0,0,0,0,0,0,0,1
3524114,28,2,26,0,28,0,0,0,26,2,0,0,1,27,28,0,0,0,0,28,0,0,0,0,0,0,0,24,3,1,0,0,0,0,0,0,26
3531838,7,1,6,0,5,2,0,0,6,0,1,0,3,4,5,0,0,0,7,0,0,0,0,0,5,0,0,5,0,1,1,0,0,0,0,0,0
3532771,28,1,27,0,28,0,0,0,28,0,0,7,18,3,4,0,3,1,20,0,4,0,0,0,0,8,0,19,0,0,0,0,0,0,1,0,0
3535795,100,6,94,0,98,0,0,2,100,0,0,3,60,37,100,44,0,1,55,0,0,0,0,0,14,10,2,82,2,3,1,0,0,0,0,0,1
3539111,42,18,24,0,21,8,1,12,36,6,0,0,18,24,37,14,0,0,16,4,1,5,1,1,29,3,1,24,3,6,0,0,0,4,0,1,5
3543806,13,6,7,0,8,2,1,2,13,0,0,0,7,6,0,0,4,0,9,0,0,0,0,0,0,3,0,10,0,0,0,0,0,0,0,0,0
3546696,22,1,21,0,22,0,0,0,21,0,1,0,10,12,14,0,4,0,7,11,0,0,0,0,3,0,0,20,0,1,1,0,0,0,0,0,0
3549475,4,2,2,0,2,1,0,1,4,0,0,0,2,2,0,0,3,0,1,0,0,0,0,0,1,0,0,4,0,0,0,0,0,0,0,0,0
3559091,16,1,15,0,16,0,0,0,16,0,0,0,10,6,0,0,1,5,0,0,10,0,0,0,0,2,0,14,0,0,0,0,0,0,0,0,0
3564666,38,12,26,0,34,3,0,0,31,7,0,4,13,21,20,4,9,1,13,8,2,1,0,0,0,7,0,27,0,2,0,2,0,0,0,0,0
3566061,9,3,6,0,2,2,2,3,9,0,0,0,4,5,8,0,2,1,1,0,5,0,0,0,5,1,0,6,2,0,0,0,0,0,0,0,0
3567487,12,4,8,0,12,0,0,0,9,1,2,0,3,9,11,0,0,0,10,0,2,0,0,0,11,0,0,12,0,0,0,0,0,0,0,0,8
3570897,10,8,2,0,3,1,1,5,10,0,0,0,4,6,0,1,0,0,8,0,1,0,0,0,0,1,0,9,0,0,0,0,0,0,0,0,0
3577124,5,0,5,0,5,0,0,0,5,0,0,0,2,3,4,0,0,0,0,5,0,0,0,0,0,0,0,0,0,3,2,0,0,0,0,0,0
3579826,12,2,10,0,12,0,0,0,9,3,0,0,5,7,12,8,0,3,0,0,0,1,0,0,2,4,0,3,0,4,0,0,0,0,1,0,3
3581350,9,5,4,0,9,0,0,0,9,0,0,0,0,9,9,0,0,0,0,9,0,0,0,0,0,1,0,3,1,1,0,2,1,0,0,0,0
3583144,8,7,1,0,3,0,0,4,8,0,0,0,8,0,8,0,2,1,5,0,0,0,0,0,0,1,0,7,0,0,0,0,0,0,0,0,8
3588204,9,3,6,0,8,0,0,1,9,0,0,0,3,6,5,0,0,0,0,9,0,0,0,0,0,0,0,9,0,0,0,0,0,0,0,0,0
3591493,7,0,7,0,6,1,0,0,7,0,0,0,4,3,3,1,0,0,6,0,0,0,0,0,1,0,0,2,0,0,4,0,1,0,0,0,0
3592137,14,5,9,0,13,1,0,0,12,0,2,0,1,13,9,0,0,0,0,14,0,0,0,0,0,0,0,11,0,3,0,0,0,0,0,0,0
3610850,7,4,3,0,7,0,0,0,7,0,0,1,4,2,6,1,0,0,6,0,0,0,0,0,7,0,0,1,0,5,1,0,0,0,0,0,0
3614356,3,0,3,0,3,0,0,0,3,0,0,0,0,3,1,0,2,0,0,0,1,0,0,0,0,0,0,2,0,1,0,0,0,0,0,0,0
3615013,24,3,21,0,22,0,0,2,15,0,9,0,11,13,21,0,0,5,1,9,9,0,0,0,15,4,0,15,0,2,2,0,1,0,0,0,0
3615072,11,0,11,0,8,3,0,0,11,0,0,1,4,6,10,5,0,2,1,0,3,0,0,0,0,2,0,8,0,1,0,0,0,0,0,0,0
3618293,44,23,21,0,42,1,0,1,42,2,0,4,33,7,4,3,11,4,15,4,6,1,0,0,0,11,0,27,1,1,1,0,2,1,0,0,1
3625086,63,7,56,0,62,1,0,0,63,0,0,2,25,36,58,42,0,1,10,0,10,0,0,0,1,1,0,41,1,8,7,0,4,1,0,0,15
3630880,6,2,4,0,4,2,0,0,6,0,0,0,3,3,3,0,0,1,4,0,0,1,0,0,4,0,0,3,0,0,3,0,0,0,0,0,0
3635596,5,1,4,0,5,0,0,0,5,0,0,0,5,0,0,0,0,0,4,0,1,0,0,0,5,0,0,5,0,0,0,0,0,0,0,0,0
3636206,7,2,5,0,7,0,0,0,6,0,1,1,6,0,5,0,0,0,6,0,1,0,0,0,2,0,0,6,0,0,1,0,0,0,0,0,1
3647567,17,1,16,0,16,0,0,1,15,2,0,2,8,7,17,1,1,3,6,0,6,0,0,0,1,1,1,14,0,1,0,0,0,0,0,0,4
3647575,130,18,112,0,128,1,0,1,125,2,3,1,49,80,129,30,0,6,45,44,0,5,0,0,0,1,0,95,5,1,24,0,4,0,0,0,0
3648173,4,4,0,0,4,0,0,0,4,0,0,0,3,1,4,0,0,0,0,0,4,0,0,0,4,0,0,4,0,0,0,0,0,0,0,0,0
3655077,37,14,23,0,30,0,0,6,29,7,1,0,14,23,36,0,0,11,1,7,17,1,0,0,24,7,0,23,3,4,0,0,0,0,0,0,6
3655689,5,1,4,0,2,2,0,0,5,0,0,0,3,2,2,0,0,0,1,0,4,0,0,0,1,0,0,5,0,0,0,0,0,0,0,0,2
3674031,16,13,3,0,6,3,1,4,16,0,0,0,13,3,1,0,0,5,4,0,7,0,0,0,0,2,0,14,0,0,0,0,0,0,0,0,0
3675779,4,2,2,0,0,2,0,2,3,0,1,0,2,2,3,0,0,0,0,0,4,0,0,0,0,0,0,4,0,0,0,0,0,0,0,0,0
3686348,63,1,62,0,63,0,0,0,63,0,0,1,43,19,62,37,11,9,3,0,3,0,0,0,26,18,2,13,2,18,7,0,0,3,0,0,0
3695604,34,0,34,0,33,0,0,1,30,4,0,4,21,9,32,1,10,2,15,0,6,0,0,0,0,5,0,27,0,0,0,2,0,0,0,0,0
3704630,15,1,14,0,13,0,0,2,15,0,0,1,6,8,7,0,5,0,5,0,5,0,0,0,15,1,0,12,0,1,0,0,0,1,0,0,3
3708410,10,1,9,0,9,1,0,0,10,0,0,1,5,4,10,0,1,0,2,2,0,5,0,0,0,1,0,9,0,0,0,0,0,0,0,0,0
3709666,45,17,28,0,21,12,3,9,45,0,0,3,19,23,37,12,0,8,12,5,2,6,0,0,19,2,0,29,1,2,1,0,1,9,0,0,2
3709669,5,1,4,0,5,0,0,0,4,1,0,0,3,2,2,0,0,0,2,0,3,0,0,0,0,0,0,5,0,0,0,0,0,0,0,0,0
3711382,12,1,11,0,9,0,0,3,11,0,1,2,3,7,6,0,3,0,4,5,0,0,0,0,0,2,0,10,0,0,0,0,0,0,0,0,0
3715468,3,0,3,0,3,0,0,0,3,0,0,0,3,0,3,0,1,2,0,0,0,0,0,0,0,1,0,2,0,0,0,0,0,0,0,0,0
3715502,18,3,15,0,13,3,0,2,18,0,0,1,6,11,5,1,0,8,5,0,4,0,0,0,0,0,0,14,0,2,1,0,1,0,0,0,0
3722598,19,3,16,0,19,0,0,0,19,0,0,1,9,9,17,0,0,2,16,0,1,0,0,0,0,2,0,16,1,0,0,0,0,0,0,0,0
3735177,18,6,12,0,18,0,0,0,18,0,0,0,17,1,6,4,8,0,6,0,0,0,0,0,0,6,0,11,0,1,0,0,0,0,0,0,2
3741365,96,39,57,0,88,3,1,4,88,8,0,0,4,92,38,0,1,0,7,88,0,0,0,0,0,2,0,84,7,2,1,0,0,0,0,0,0
3750565,4,1,3,0,4,0,0,0,3,1,0,1,3,0,1,0,0,0,1,0,3,0,0,0,0,0,0,2,0,0,0,0,0,2,0,0,0
3755665,38,13,25,0,37,0,0,1,30,7,1,6,9,23,36,4,5,1,11,16,1,0,0,0,5,6,0,29,2,1,0,0,0,0,0,0,1
3757426,6,2,4,0,6,0,0,0,5,0,1,0,6,0,3,0,0,0,0,6,0,0,0,0,0,0,0,6,0,0,0,0,0,0,0,0,0
3773057,40,11,29,0,32,2,1,2,40,0,0,1,17,22,23,0,1,0,25,7,2,5,0,0,0,2,0,32,0,3,2,0,1,0,0,0,2
3810429,17,2,15,0,16,1,0,0,17,0,0,0,4,13,15,0,1,1,7,0,8,0,0,0,0,1,0,13,2,0,0,1,0,0,0,0,2
3811167,90,24,66,0,88,0,0,1,89,1,0,1,45,44,50,39,8,5,17,0,21,0,0,0,0,0,0,76,1,12,1,0,0,0,0,0,1
3819231,9,2,7,0,8,0,0,1,9,0,0,4,3,2,9,1,3,5,0,0,0,0,0,0,2,5,0,0,2,0,0,0,0,2,0,0,4
3853373,81,45,36,0,74,5,0,2,62,19,0,0,0,81,74,0,0,0,0,81,0,0,0,0,5,0,0,74,1,1,5,0,0,0,0,0,0
3854770,16,2,14,0,16,0,0,0,16,0,0,4,6,6,8,5,0,0,6,5,0,0,0,0,3,4,0,6,0,1,4,0,1,0,0,0,1
3856068,11,1,10,0,11,0,0,0,2,9,0,1,3,7,8,0,0,2,1,0,8,0,0,0,1,0,3,4,0,3,1,0,0,0,0,0,0
3856575,24,6,18,0,13,1,1,6,21,0,3,0,5,19,18,0,0,7,11,6,0,0,0,0,0,3,0,14,6,1,0,0,0,0,0,0,0
3856803,27,15,12,0,15,4,1,5,27,0,0,4,16,7,25,1,7,5,9,5,0,0,0,0,18,6,0,21,0,0,0,0,0,0,0,0,1
3872597,9,2,7,0,9,0,0,0,9,0,0,3,5,1,2,0,0,3,1,0,5,0,0,0,9,3,0,6,0,0,0,0,0,0,0,0,0
3875818,10,5,5,0,4,0,0,6,10,0,0,1,6,3,5,2,2,1,4,0,1,0,0,0,0,3,0,6,0,0,0,0,1,0,0,0,0
3884314,28,1,27,0,23,4,0,1,20,8,0,3,14,11,22,1,0,0,26,0,1,0,0,0,1,2,0,22,1,2,0,0,0,1,0,0,0
3891269,11,2,9,0,10,1,0,0,7,4,0,1,7,3,9,2,2,1,4,0,2,0,0,0,0,2,0,9,0,0,0,0,0,0,0,0,1
3899124,33,2,31,0,33,0,0,0,33,0,0,2,28,3,3,7,6,3,15,0,2,0,0,0,1,13,0,18,0,2,0,0,0,0,0,0,0
3899645,10,0,10,0,8,1,0,1,10,0,0,0,5,5,10,4,0,0,2,0,4,0,0,0,10,4,1,4,1,0,0,0,0,0,0,0,7
3906392,24,9,15,0,24,0,0,0,24,0,0,0,1,23,10,0,1,0,4,17,2,0,0,0,6,0,0,24,0,0,0,0,0,0,0,0,0
3908303,119,13,106,0,119,0,0,0,119,0,0,9,53,57,116,42,10,5,35,0,7,0,19,1,11,37,0,66,6,4,2,4,0,0,0,0,4
3915937,23,5,18,0,23,0,0,0,21,2,0,1,9,13,20,4,1,2,5,0,6,0,5,0,0,7,0,12,1,2,1,0,0,0,0,0,0
3922423,7,4,3,0,6,1,0,0,7,0,0,0,1,6,7,0,0,0,0,0,7,0,0,0,7,0,0,7,0,0,0,0,0,0,0,0,0
3923226,6,0,6,0,5,1,0,0,6,0,0,2,1,3,6,0,1,0,5,0,0,0,0,0,0,1,0,5,0,0,0,0,0,0,0,0,5
3924898,17,2,15,0,12,0,0,5,16,0,1,0,5,12,10,0,1,0,4,6,4,2,0,0,7,0,0,13,2,0,1,0,1,0,0,0,1
3925373,21,14,7,0,8,3,1,9,21,0,0,1,14,6,6,1,4,5,7,4,0,0,0,0,0,7,0,14,0,0,0,0,0,0,0,0,0
3926217,5,4,1,0,0,1,0,3,5,0,0,0,3,2,4,0,1,1,1,0,2,0,0,0,1,0,0,4,0,1,0,0,0,0,0,0,0
3937615,32,8,24,0,30,2,0,0,29,0,3,2,13,17,22,0,1,5,20,0,6,0,0,0,2,0,0,22,1,8,1,0,0,0,0,0,1
3942082,11,6,5,0,10,1,0,0,11,0,0,0,0,11,1,0,0,0,0,11,0,0,0,0,0,0,0,11,0,0,0,0,0,0,0,0,0
3942420,8,1,7,0,4,0,0,3,8,0,0,0,1,7,4,0,3,0,3,0,2,0,0,0,0,3,0,5,0,0,0,0,0,0,0,0,1
3955814,44,13,31,0,44,0,0,0,8,36,0,3,24,17,34,25,3,2,5,0,9,0,0,0,37,7,0,26,1,3,5,0,0,2,0,0,1
3957144,17,1,16,0,17,0,0,0,17,0,0,0,13,4,10,2,1,4,5,0,5,0,0,0,17,5,0,11,0,0,0,0,0,1,0,0,0
3964221,6,1,5,0,6,0,0,0,0,6,0,0,5,1,5,0,0,0,6,0,0,0,0,0,5,0,0,6,0,0,0,0,0,0,0,0,0
3964759,6,2,4,0,2,3,0,1,6,0,0,1,3,2,5,0,1,0,0,0,5,0,0,0,1,1,0,4,0,1,0,0,0,0,0,0,0
3971080,9,5,4,0,9,0,0,0,9,0,0,0,0,9,3,0,0,0,0,9,0,0,0,0,6,0,0,6,1,1,1,0,0,0,0,0,2
3977587,10,6,4,0,9,0,0,1,10,0,0,0,8,2,2,1,2,0,6,0,1,0,0,0,0,1,0,9,0,0,0,0,0,0,0,0,0
3983411,6,1,5,0,6,0,0,0,6,0,0,0,0,6,0,0,0,0,0,6,0,0,0,0,0,0,0,6,0,0,0,0,0,0,0,0,0
3986936,8,6,2,0,3,2,0,3,8,0,0,0,7,1,6,1,3,1,3,0,0,0,0,0,2,2,0,6,0,0,0,0,0,0,0,0,0
3987748,69,26,43,0,38,12,1,18,57,12,0,10,17,42,61,26,2,0,16,7,5,13,0,0,18,2,1,41,7,6,1,0,0,11,0,0,7
3992350,6,3,3,0,6,0,0,0,4,1,1,0,1,5,4,0,0,0,0,6,0,0,0,0,2,0,0,4,1,1,0,0,0,0,0,0,0
3999309,7,0,7,0,3,3,0,1,5,2,0,6,1,0,7,4,0,0,2,0,1,0,0,0,0,3,0,1,0,0,0,0,0,3,0,0,3
3999596,16,1,15,0,16,0,0,0,14,0,2,0,10,6,15,2,1,7,2,0,3,1,0,0,1,1,1,9,0,5,0,0,0,0,0,0,7
4005579,8,7,1,0,3,2,0,2,8,0,0,0,3,5,7,0,0,0,3,5,0,0,0,0,7,0,0,6,0,2,0,0,0,0,0,0,0
4009258,66,15,51,0,63,3,0,0,16,50,0,1,32,33,66,0,0,0,66,0,0,0,0,0,0,0,0,55,1,4,3,2,0,0,0,1,0
4021759,10,2,8,0,10,0,0,0,10,0,0,1,7,2,8,0,0,3,0,0,7,0,0,0,10,3,0,7,0,0,0,0,0,0,0,0,0
4022443,5,1,4,0,4,1,0,0,5,0,0,0,0,5,5,0,0,0,0,5,0,0,0,0,0,1,0,4,0,0,0,0,0,0,0,0,0
4025049,15,0,15,0,11,1,0,2,15,0,0,1,9,5,15,0,3,0,12,0,0,0,0,0,0,1,0,13,0,0,0,0,1,0,0,0,0
4028545,8,0,8,0,5,1,0,2,8,0,0,2,3,3,4,0,1,1,6,0,0,0,0,0,3,1,0,6,1,0,0,0,0,0,0,0,0
4035502,15,7,8,0,12,0,0,1,14,1,0,0,10,5,10,1,0,6,4,0,4,0,0,0,14,3,0,9,3,0,0,0,0,0,0,0,1
4040243,25,12,13,0,25,0,0,0,17,0,8,5,8,12,23,0,0,6,3,8,5,3,0,0,0,0,0,18,0,0,0,0,1,6,0,0,0
4048933,10,2,8,0,10,0,0,0,9,1,0,3,6,1,1,0,4,1,4,0,1,0,0,0,1,1,0,8,0,0,0,0,1,0,0,0,0
4050913,9,5,4,0,8,1,0,0,9,0,0,0,4,5,9,0,1,1,2,0,5,0,0,0,0,3,0,5,1,0,0,0,0,0,0,0,0
4056320,7,0,7,0,4,2,1,0,7,0,0,0,3,4,1,0,1,1,4,0,1,0,0,0,0,0,0,4,3,0,0,0,0,0,0,0,7
4056858,58,15,43,0,57,1,0,0,57,0,1,1,0,57,18,0,0,0,0,58,0,0,0,0,0,1,1,51,0,0,4,1,0,0,0,0,2
4059822,6,0,6,0,6,0,0,0,6,0,0,0,5,1,1,0,0,0,0,0,6,0,0,0,0,0,0,5,0,0,0,0,0,1,0,0,0
4065934,19,3,16,0,14,4,0,1,19,0,0,1,13,5,5,0,6,1,9,0,3,0,0,0,0,0,0,18,0,0,0,1,0,0,0,0,0
4067633,5,3,2,0,4,1,0,0,2,3,0,0,4,1,3,0,2,0,3,0,0,0,0,0,0,0,0,2,0,1,2,0,0,0,0,0,0
4069670,55,5,50,0,55,0,0,0,52,1,2,3,15,37,52,24,2,7,8,0,14,0,0,0,49,2,0,39,5,7,0,1,1,0,0,0,7
4071864,95,9,86,0,84,4,0,5,94,1,0,3,32,60,90,38,1,14,28,0,14,0,0,0,66,1,0,75,4,7,1,4,0,3,0,0,3
4076202,21,5,16,0,12,1,0,5,21,0,0,1,8,12,13,0,0,0,20,0,1,0,0,0,0,4,0,14,2,0,0,0,0,1,0,0,0
4077826,6,0,6,0,6,0,0,0,6,0,0,0,6,0,5,0,1,0,3,0,2,0,0,0,0,0,0,6,0,0,0,0,0,0,0,0,5
4082113,5,0,5,0,4,0,0,1,5,0,0,0,4,1,5,5,0,0,0,0,0,0,0,0,0,0,0,5,0,0,0,0,0,0,0,0,0
4097501,5,1,4,0,5,0,0,0,5,0,0,0,0,5,5,0,0,0,5,0,0,0,0,0,1,0,0,4,1,0,0,0,0,0,0,0,1
4098885,17,9,8,0,7,4,3,1,17,0,0,1,9,7,8,2,3,2,9,0,1,0,0,0,0,7,0,7,3,0,0,0,0,0,0,0,0
4104860,7,4,3,0,7,0,0,0,7,0,0,1,0,6,2,0,0,0,0,7,0,0,0,0,0,1,0,5,0,0,1,0,0,0,0,0,2
4108519,11,7,4,0,4,7,0,0,11,0,0,3,5,3,2,0,6,0,5,0,0,0,0,0,0,4,0,6,0,0,0,1,0,0,0,0,0
4114045,1,1,0,0,0,0,0,1,1,0,0,0,1,0,1,0,0,0,1,0,0,0,0,0,1,0,0,1,0,0,0,0,0,0,0,0,0
4116504,39,16,23,0,16,6,5,7,39,0,0,0,23,16,35,0,7,6,10,0,16,0,0,0,39,11,0,28,0,0,0,0,0,0,0,0,0
4121668,38,3,35,0,38,0,0,0,32,6,0,4,19,15,22,7,3,10,11,7,0,0,0,0,0,5,2,26,0,3,2,0,0,0,0,0,0
4122124,27,1,26,0,26,1,0,0,27,0,0,0,16,11,7,8,1,0,12,2,0,3,1,0,0,0,0,21,2,3,0,0,0,1,0,0,6
4125304,69,14,55,0,36,15,4,14,53,16,0,0,23,46,61,25,0,2,22,9,1,10,0,0,30,4,1,52,2,3,0,1,0,6,0,0,4
4129170,38,10,28,0,35,0,0,2,38,0,0,0,0,38,30,0,0,0,0,38,0,0,0,0,0,0,0,34,4,0,0,0,0,0,0,0,0
4130811,6,4,2,0,6,0,0,0,6,0,0,0,0,6,2,0,0,0,4,0,2,0,0,0,0,0,0,6,0,0,0,0,0,0,0,0,0
4131283,47,10,37,0,45,2,0,0,46,0,1,1,27,19,7,7,16,0,12,12,0,0,0,0,0,13,0,32,0,1,0,1,0,0,0,0,1
4150945,3,1,2,0,3,0,0,0,1,2,0,0,1,2,1,0,0,0,0,3,0,0,0,0,0,0,0,3,0,0,0,0,0,0,0,0,0
4154329,15,2,13,0,14,1,0,0,15,0,0,0,9,6,15,0,0,6,0,0,9,0,0,0,0,4,0,9,0,0,0,2,0,0,0,0,1
4155958,10,3,7,0,8,1,1,0,10,0,0,0,5,5,7,0,0,0,10,0,0,0,0,0,0,0,0,8,1,1,0,0,0,0,0,0,0
4157352,28,2,26,0,21,3,0,4,20,8,0,1,10,17,2,0,8,5,8,0,7,0,0,0,27,1,0,24,2,1,0,0,0,0,0,0,1
4159300,14,7,7,0,9,1,0,3,14,0,0,2,6,6,1,3,3,0,6,0,2,0,0,0,0,2,0,8,2,0,0,0,1,1,0,0,0
4160364,10,0,10,0,10,0,0,0,10,0,0,1,6,3,10,0,2,0,8,0,0,0,0,0,0,3,0,7,0,0,0,0,0,0,0,0,1
4172987,7,1,6,0,7,0,0,0,7,0,0,2,0,5,3,0,0,0,0,7,0,0,0,0,7,0,0,3,0,0,0,2,2,0,0,0,0
4173596,14,7,7,0,13,1,0,0,12,1,1,0,9,5,2,0,0,0,0,14,0,0,0,0,0,0,0,10,1,3,0,0,0,0,0,0,0
4181334,34,28,6,0,31,0,0,2,32,1,1,1,8,25,31,0,0,3,15,16,0,0,0,0,0,1,0,32,0,1,0,0,0,0,0,0,0
4181556,10,1,9,0,10,0,0,0,10,0,0,0,3,7,10,0,0,0,10,0,0,0,0,0,6,0,0,5,1,4,0,0,0,0,0,0,0
4187854,25,5,20,0,25,0,0,0,23,2,0,1,12,12,24,0,3,1,9,7,5,0,0,0,0,1,0,22,0,2,0,0,0,0,0,0,0
4198957,44,23,21,0,13,5,1,22,44,0,0,3,12,29,11,0,16,0,10,16,1,1,0,0,0,8,0,35,1,0,0,0,0,0,0,0,4
4200966,8,5,3,0,8,0,0,0,8,0,0,2,3,3,1,0,1,1,2,2,2,0,0,0,0,1,0,5,0,0,0,2,0,0,0,0,0
4202106,24,20,4,0,24,0,0,0,24,0,0,0,10,14,1,3,5,1,7,0,8,0,0,0,1,5,0,19,0,0,0,0,0,0,0,0,0
4203033,19,2,17,0,18,0,0,1,19,0,0,0,7,12,18,2,0,6,7,0,4,0,0,0,1,1,0,15,2,0,0,1,0,0,0,0,0
4206853,34,0,34,0,34,0,0,0,34,0,0,0,26,8,33,0,0,12,6,0,16,0,0,0,3,9,0,24,0,0,0,0,0,1,0,0,2
4207198,13,4,9,0,12,1,0,0,0,13,0,0,10,3,6,0,0,0,13,0,0,0,0,0,4,0,0,8,0,0,5,0,0,0,0,0,0
4207748,76,15,61,0,76,0,0,0,76,0,0,0,59,17,61,25,3,2,25,8,2,1,9,1,0,35,0,39,1,1,0,0,0,0,0,0,0
4208005,11,4,7,0,1,4,1,5,11,0,0,1,8,2,1,1,5,1,4,0,0,0,0,0,0,1,1,7,1,1,0,0,0,0,0,0,0
4208505,23,19,4,0,6,8,2,6,23,0,0,0,0,23,13,0,0,0,0,23,0,0,0,0,0,0,0,18,5,0,0,0,0,0,0,0,13
4208720,3,0,3,0,2,0,0,1,2,1,0,0,2,1,3,0,0,0,3,0,0,0,0,0,0,0,0,3,0,0,0,0,0,0,0,0,0
4212357,38,7,31,0,34,0,0,3,37,0,1,1,18,19,1,0,8,2,12,0,16,0,0,0,0,1,0,28,8,0,0,0,0,1,0,0,0
4216673,9,1,8,0,8,1,0,0,8,0,1,0,5,4,8,0,2,0,4,0,3,0,0,0,7,0,0,9,0,0,0,0,0,0,0,0,0
4216796,9,0,9,0,9,0,0,0,9,0,0,0,4,5,9,1,2,0,4,0,2,0,0,0,0,0,0,8,1,0,0,0,0,0,0,0,0
4219043,46,4,42,0,37,2,1,5,46,0,0,19,17,10,44,28,4,1,5,0,4,0,0,4,0,16,0,24,1,1,1,0,0,3,0,0,1
4227361,16,0,16,0,14,1,0,1,13,2,1,0,4,12,6,5,1,1,7,0,2,0,0,0,0,1,0,13,0,2,0,0,0,0,0,0,1
4234729,16,2,14,0,7,4,0,5,15,1,0,1,9,6,16,16,0,0,0,0,0,0,0,0,0,8,0,3,1,0,0,0,1,3,0,0,0
4236441,93,15,78,0,88,3,0,2,84,5,4,4,41,48,86,39,3,18,3,4,9,17,0,0,0,11,0,28,6,36,6,0,2,4,0,0,1
4242148,32,7,25,0,31,0,0,0,32,0,0,3,20,9,18,0,17,1,14,0,0,0,0,0,0,6,0,25,0,0,0,1,0,0,0,0,0
4243548,6,0,6,0,6,0,0,0,6,0,0,0,4,2,3,0,0,0,5,0,1,0,0,0,0,0,0,3,0,1,2,0,0,0,0,0,0
4245593,14,5,9,0,7,4,0,3,11,0,3,0,0,14,3,0,0,0,0,14,0,0,0,0,0,0,0,10,1,3,0,0,0,0,0,0,0
4246460,8,3,5,0,7,1,0,0,8,0,0,0,7,1,1,0,0,1,1,0,6,0,0,0,0,1,0,6,0,1,0,0,0,0,0,0,0
4254529,15,2,13,0,15,0,0,0,15,0,0,0,9,6,15,0,0,0,8,0,7,0,0,0,0,5,0,10,0,0,0,0,0,0,0,0,0
4255286,20,4,16,0,19,0,0,1,20,0,0,1,9,10,17,0,0,6,10,0,4,0,0,0,1,6,0,12,2,0,0,0,0,0,0,0,0
4263471,79,6,73,0,79,0,0,0,78,1,0,3,33,43,79,29,13,0,12,0,15,0,9,1,0,0,0,55,4,20,0,0,0,0,0,0,1
4273766,34,11,23,0,21,3,2,5,34,0,0,5,18,11,4,1,14,1,17,0,1,0,0,0,0,4,0,21,1,0,0,0,1,7,0,0,0
4275134,27,7,20,0,25,1,0,0,27,0,0,4,8,15,22,0,0,0,27,0,0,0,0,0,0,7,0,18,1,1,0,0,0,0,0,0,1
4283616,19,3,16,0,18,0,0,1,19,0,0,9,3,7,16,0,0,0,19,0,0,0,0,0,0,7,0,10,1,0,0,0,0,1,0,0,18
4300307,147,18,129,0,139,4,0,3,147,0,0,3,63,81,141,45,8,20,31,6,15,19,0,3,0,4,0,108,4,17,2,1,8,3,0,0,14
4308548,9,4,5,0,9,0,0,0,8,1,0,0,2,7,2,0,1,0,6,2,0,0,0,0,1,0,0,7,0,2,0,0,0,0,0,0,0
4313568,48,16,32,0,25,11,3,9,48,0,0,0,15,33,45,19,0,0,11,5,4,9,0,0,22,5,1,28,4,5,1,0,0,4,0,0,12
4323359,22,6,16,0,22,0,0,0,22,0,0,0,0,22,22,0,0,0,0,22,0,0,0,0,0,0,0,19,2,1,0,0,0,0,0,0,0
4323929,4,1,3,0,4,0,0,0,4,0,0,0,3,1,0,0,4,0,0,0,0,0,0,0,0,1,0,3,0,0,0,0,0,0,0,0,0
4324829,48,2,46,0,46,2,0,0,47,0,1,3,22,23,30,12,1,1,18,0,6,0,4,6,2,1,0,35,1,9,1,0,0,1,0,0,2
4342061,12,0,12,0,10,0,0,2,12,0,0,2,8,2,9,2,2,1,7,0,0,0,0,0,0,1,0,5,1,0,0,0,0,5,0,0,7
4354543,4,0,4,0,4,0,0,0,4,0,0,0,3,1,2,0,0,0,4,0,0,0,0,0,0,0,0,3,0,0,1,0,0,0,0,0,2
4361314,31,4,27,0,30,1,0,0,21,9,1,0,1,30,22,0,0,0,0,31,0,0,0,0,2,0,0,26,2,3,0,0,0,0,0,0,0
4367751,8,8,0,0,2,0,1,3,8,0,0,0,1,7,8,0,0,0,4,4,0,0,0,0,0,0,0,8,0,0,0,0,0,0,0,0,0
4370363,25,4,21,0,25,0,0,0,20,5,0,0,17,8,8,1,2,0,22,0,0,0,0,0,0,1,0,23,0,0,1,0,0,0,0,0,0
4372918,36,12,24,0,36,0,0,0,36,0,0,2,0,34,1,0,0,0,0,36,0,0,0,0,1,0,0,33,0,3,0,0,0,0,0,0,0
4376148,5,1,4,0,3,1,0,0,5,0,0,0,2,3,2,0,0,0,0,0,5,0,0,0,0,0,0,4,1,0,0,0,0,0,0,0,0
4383492,5,3,2,0,1,0,1,1,5,0,0,1,1,3,1,0,3,0,2,0,0,0,0,0,0,1,0,3,0,0,0,1,0,0,0,0,1
4383701,37,10,27,0,37,0,0,0,37,0,0,0,16,21,37,7,4,9,4,1,7,5,0,0,10,3,1,18,3,9,0,3,0,0,0,0,26
4385810,8,2,6,0,8,0,0,0,8,0,0,0,3,5,8,0,0,1,7,0,0,0,0,0,0,0,0,6,0,2,0,0,0,0,0,0,0
4393812,17,2,15,0,16,0,0,1,17,0,0,0,10,7,11,0,0,0,17,0,0,0,0,0,0,0,0,11,1,5,0,0,0,0,0,0,1
4395480,11,3,8,0,7,1,0,3,11,0,0,0,9,2,7,0,3,1,6,0,1,0,0,0,0,3,0,8,0,0,0,0,0,0,0,0,2
4398220,45,7,38,0,45,0,0,0,1,44,0,0,22,23,26,17,3,3,17,1,2,2,0,0,23,3,0,29,1,11,1,0,0,0,0,0,14
4399236,2,2,0,0,2,0,0,0,1,1,0,0,0,2,0,0,0,0,0,2,0,0,0,0,0,0,0,2,0,0,0,0,0,0,0,0,0
4401435,3,3,0,0,1,2,0,0,3,0,0,0,1,2,1,0,0,0,3,0,0,0,0,0,0,0,0,3,0,0,0,0,0,0,0,0,0
4420234,50,8,42,0,50,0,0,0,50,0,0,0,34,16,11,13,4,4,27,0,0,0,0,2,0,4,1,37,3,3,1,1,0,0,0,0,3
4422462,14,1,13,0,13,1,0,0,14,0,0,2,5,7,13,0,2,4,3,0,5,0,0,0,14,3,0,7,2,1,0,0,0,1,0,0,0
4428850,12,1,11,0,11,1,0,0,0,12,0,3,9,0,12,0,0,5,7,0,0,0,0,0,1,3,0,7,0,0,0,0,0,2,0,0,1
4432117,15,5,10,0,11,2,0,1,15,0,0,0,11,4,4,1,3,1,9,0,1,0,0,0,0,0,3,7,1,0,0,0,0,3,0,1,0
4442343,9,6,3,0,9,0,0,0,9,0,0,1,7,1,1,0,0,1,2,0,6,0,0,0,0,1,0,8,0,0,0,0,0,0,0,0,0
4446080,10,2,8,0,5,1,1,2,10,0,0,1,7,2,1,0,4,0,5,0,1,0,0,0,0,1,0,9,0,0,0,0,0,0,0,0,0
4458923,44,6,38,0,44,0,0,0,28,15,1,6,24,14,33,15,0,6,5,2,3,4,8,1,18,7,4,13,0,13,2,0,2,3,0,0,0
4471456,3,3,0,0,2,1,0,0,3,0,0,0,0,3,0,0,0,0,2,0,1,0,0,0,0,0,0,3,0,0,0,0,0,0,0,0,0
4473485,9,2,7,0,9,0,0,0,7,1,1,1,7,1,5,2,0,0,7,0,0,0,0,0,0,3,0,4,0,1,1,0,0,0,0,0,3
4479863,1,1,0,0,1,0,0,0,1,0,0,0,1,0,1,0,0,0,1,0,0,0,0,0,0,0,0,1,0,0,0,0,0,0,0,0,0
4481232,18,0,18,0,16,1,0,1,18,0,0,0,9,9,3,0,3,0,14,0,1,0,0,0,0,0,0,15,0,0,3,0,0,0,0,0,0
4487136,19,2,17,0,18,0,0,1,19,0,0,1,11,7,9,0,0,3,8,0,8,0,0,0,0,2,0,17,0,0,0,0,0,0,0,0,0
4495333,5,1,4,0,5,0,0,0,5,0,0,0,1,4,0,1,0,0,4,0,0,0,0,0,0,0,0,5,0,0,0,0,0,0,0,0,0
4499862,4,2,2,0,2,0,0,1,4,0,0,0,3,1,0,0,0,0,4,0,0,0,0,0,0,0,0,4,0,0,0,0,0,0,0,0,0
4523054,25,5,20,0,23,1,0,0,25,0,0,2,1,22,15,0,11,0,13,0,1,0,0,0,0,9,0,13,2,1,0,0,0,0,0,0,0
4528276,6,1,5,0,4,1,0,1,6,0,0,0,3,3,6,0,1,0,0,0,5,0,0,0,0,1,0,5,0,0,0,0,0,0,0,0,0
4530650,19,7,12,0,19,0,0,0,19,0,0,0,6,13,17,0,0,0,16,0,3,0,0,0,0,1,0,17,1,0,0,0,0,0,0,0,0
4534072,9,4,5,0,9,0,0,0,9,0,0,2,5,2,8,2,3,0,4,0,0,0,0,0,0,4,0,5,0,0,0,0,0,0,0,0,0
4539581,26,5,21,0,21,3,1,1,21,5,0,0,12,14,0,0,0,0,26,0,0,0,0,0,0,0,0,22,3,0,0,1,0,0,0,0,0
4556205,19,0,19,0,19,0,0,0,19,0,0,0,12,7,3,0,6,0,3,0,10,0,0,0,0,6,0,13,0,0,0,0,0,0,0,0,0
4558851,13,5,8,0,2,3,1,1,13,0,0,1,4,8,10,1,0,5,2,0,5,0,0,0,0,1,0,10,2,0,0,0,0,0,0,0,0
4561491,34,5,29,0,34,0,0,0,19,14,1,2,14,18,13,8,2,6,8,0,9,0,0,1,0,0,0,22,0,10,0,0,0,2,0,0,0
4564187,17,10,7,0,17,0,0,0,17,0,0,0,10,7,0,2,6,0,9,0,0,0,0,0,0,2,0,14,0,1,0,0,0,0,0,0,0
4569810,6,1,5,0,5,0,0,1,6,0,0,1,4,1,4,1,0,1,1,0,3,0,0,0,6,0,0,0,0,2,0,4,0,0,0,0,6
4573107,15,6,9,0,5,3,2,5,15,0,0,6,6,3,0,2,5,2,5,0,1,0,0,0,0,5,0,9,0,0,0,1,0,0,0,0,0
4577277,29,4,25,0,29,0,0,0,29,0,0,0,19,10,8,8,2,6,11,0,2,0,0,0,0,0,0,22,2,2,0,3,0,0,0,0,0
4584866,8,3,5,0,8,0,0,0,7,0,1,0,5,3,8,0,0,0,3,3,0,2,0,0,0,0,1,6,0,1,0,0,0,0,0,0,2
4586857,6,1,5,0,4,1,0,1,6,0,0,1,4,1,3,1,2,0,3,0,0,0,0,0,0,0,0,2,0,3,1,0,0,0,0,0,0
4587762,9,0,9,0,9,0,0,0,6,3,0,2,6,1,6,0,1,0,6,0,2,0,0,0,8,0,0,7,0,1,1,0,0,0,0,0,1
4598680,5,2,3,0,4,1,0,0,3,2,0,0,0,5,4,0,0,0,4,0,1,0,0,0,0,0,0,2,0,1,2,0,0,0,0,0,0
4602567,41,17,24,0,29,3,0,7,33,8,0,0,6,35,38,0,0,0,6,35,0,0,0,0,0,1,0,35,1,2,0,2,0,0,0,0,0
4607181,87,3,84,0,87,0,0,0,87,0,0,0,46,41,51,40,0,2,27,4,0,14,0,0,0,0,0,84,0,3,0,0,0,0,0,0,27
4622935,7,3,4,0,7,0,0,0,7,0,0,0,6,1,6,0,0,0,7,0,0,0,0,0,3,0,0,6,0,1,0,0,0,0,0,0,0
4624319,25,16,9,0,12,6,1,2,24,0,1,1,13,11,23,0,1,7,4,1,10,2,0,0,1,1,7,16,0,0,0,1,0,0,0,0,2
4641353,23,8,15,0,20,0,0,3,9,14,0,0,0,23,18,0,0,0,0,23,0,0,0,0,2,0,0,18,1,0,4,0,0,0,0,0,1
4663401,14,0,14,0,6,1,1,1,14,0,0,0,7,7,14,0,0,5,5,0,4,0,0,0,14,0,0,9,0,1,0,0,0,4,0,0,0
4667751,13,4,9,0,11,0,0,2,0,13,0,0,1,12,10,0,0,0,0,13,0,0,0,0,1,2,0,11,0,0,0,0,0,0,0,0,3
4677383,14,0,14,0,12,0,0,1,14,0,0,0,3,11,14,0,0,0,14,0,0,0,0,0,0,1,0,13,0,0,0,0,0,0,0,0,0
4677840,1,0,1,0,1,0,0,0,1,0,0,0,1,0,1,0,0,0,1,0,0,0,0,0,0,0,0,1,0,0,0,0,0,0,0,0,0
4698011,75,8,67,0,74,1,0,0,73,2,0,6,27,42,70,25,1,6,25,4,5,9,0,0,10,3,0,49,0,20,3,0,0,0,0,0,24
4719901,22,9,13,0,15,3,0,4,22,0,0,0,13,9,21,0,1,8,8,0,5,0,0,0,0,6,0,13,3,0,0,0,0,0,0,0,0
4721890,7,0,7,0,4,2,0,1,7,0,0,1,6,0,6,4,0,1,2,0,0,0,0,0,2,2,0,2,0,2,1,0,0,0,0,0,0
4730503,10,2,8,0,10,0,0,0,10,0,0,3,6,1,9,5,3,1,0,0,0,0,1,0,8,1,0,9,0,0,0,0,0,0,0,0,0
4733878,1,1,0,0,1,0,0,0,1,0,0,0,0,1,0,0,0,0,0,1,0,0,0,0,0,0,0,1,0,0,0,0,0,0,0,0,0
4734105,36,6,30,0,36,0,0,0,31,5,0,2,15,19,35,11,2,1,13,3,3,3,0,0,0,0,1,30,2,1,0,0,0,2,0,0,12
4736121,12,3,9,0,12,0,0,0,12,0,0,0,10,2,3,3,0,1,6,0,2,0,0,0,7,1,0,6,0,5,0,0,0,0,0,0,0
4743597,11,4,7,0,5,3,0,1,11,0,0,0,0,11,1,0,0,0,0,11,0,0,0,0,0,0,0,10,1,0,0,0,0,0,0,0,0
4751097,6,2,4,0,5,0,0,1,6,0,0,0,6,0,6,0,0,0,5,0,1,0,0,0,6,0,0,6,0,0,0,0,0,0,0,0,0
4755429,1,1,0,0,1,0,0,0,0,1,0,0,0,1,1,0,0,0,0,1,0,0,0,0,0,0,0,0,1,0,0,0,0,0,0,0,0
4761012,8,6,2,0,7,0,0,0,8,0,0,0,0,8,6,0,0,0,0,8,0,0,0,0,0,0,0,8,0,0,0,0,0,0,0,0,0
4771730,8,5,3,0,7,0,0,1,8,0,0,1,5,2,8,1,2,1,4,0,0,0,0,0,0,1,0,7,0,0,0,0,0,0,0,0,0
4776347,9,1,8,0,9,0,0,0,5,3,1,0,2,7,3,0,0,0,4,5,0,0,0,0,0,0,0,6,0,0,2,1,0,0,0,0,0
4776939,7,0,7,0,7,0,0,0,6,1,0,1,3,3,6,0,1,0,4,1,1,0,0,0,1,1,0,5,0,1,0,0,0,0,0,0,0
4781384,20,6,14,0,17,1,0,1,10,10,0,0,4,16,9,0,0,0,0,20,0,0,0,0,19,0,0,14,0,5,1,0,0,0,0,0,1
4786228,14,2,12,0,14,0,0,0,11,0,3,0,0,14,14,0,0,0,0,14,0,0,0,0,0,0,0,13,1,0,0,0,0,0,0,0,2
4789615,34,9,25,0,18,3,2,6,34,0,0,0,11,23,10,0,2,9,9,0,14,0,0,0,0,4,0,28,0,0,0,0,2,0,0,0,0
4791909,5,0,5,0,5,0,0,0,5,0,0,0,3,2,2,0,1,0,4,0,0,0,0,0,0,0,0,5,0,0,0,0,0,0,0,0,0
4798555,9,1,8,0,7,1,1,0,9,0,0,0,0,9,2,0,0,0,0,9,0,0,0,0,0,0,0,5,1,1,2,0,0,0,0,0,0
4803345,33,0,33,0,33,0,0,0,28,5,0,6,22,5,14,4,6,0,21,0,2,0,0,0,0,10,0,23,0,0,0,0,0,0,0,0,0
4806440,16,5,11,0,16,0,0,0,15,1,0,0,8,8,16,0,0,0,16,0,0,0,0,0,0,0,0,11,1,1,3,0,0,0,0,0,0
4807308,5,3,2,0,4,1,0,0,5,0,0,0,0,5,5,0,0,0,1,0,4,0,0,0,0,0,0,5,0,0,0,0,0,0,0,0,3
4810202,8,6,2,0,7,0,0,1,8,0,0,3,4,1,1,0,2,3,3,0,0,0,0,0,8,3,0,5,0,0,0,0,0,0,0,0,0
4814414,4,4,0,0,4,0,0,0,4,0,0,0,2,2,4,0,0,1,0,0,3,0,0,0,1,1,0,3,0,0,0,0,0,0,0,0,4
4815893,7,0,7,0,7,0,0,0,7,0,0,0,2,5,7,0,1,0,6,0,0,0,0,0,0,0,0,7,0,0,0,0,0,0,0,0,0
4816091,15,9,6,0,4,2,2,5,15,0,0,1,12,2,3,0,2,5,7,0,1,0,0,0,0,5,0,9,0,1,0,0,0,0,0,0,0
4819797,29,7,22,0,28,1,0,0,29,0,0,0,18,11,23,0,5,7,15,0,2,0,0,0,0,9,0,18,0,2,0,0,0,0,0,0,0
4821603,132,45,87,0,129,1,0,2,125,7,0,8,46,78,67,2,24,3,24,63,1,15,0,0,1,21,0,102,2,1,1,5,0,0,0,0,60
4831364,24,15,9,0,21,1,1,1,24,0,0,3,12,9,1,4,8,0,9,2,1,0,0,0,0,2,0,20,0,1,0,0,0,0,1,0,0
4832234,35,7,28,0,33,0,0,2,35,0,0,9,11,15,3,2,15,0,13,0,5,0,0,0,0,16,0,14,1,4,0,0,0,0,0,0,0
4840123,24,17,7,0,7,2,3,7,24,0,0,0,12,12,21,9,4,0,11,0,0,0,0,0,0,10,0,13,1,0,0,0,0,0,0,0,0
4841447,18,1,17,0,18,0,0,0,17,0,1,1,6,11,18,4,0,1,7,0,4,0,2,0,0,2,0,10,2,4,0,0,0,0,0,0,0
4847799,2,2,0,0,2,0,0,0,2,0,0,0,2,0,1,0,0,0,0,0,2,0,0,0,0,0,0,2,0,0,0,0,0,0,0,0,0
4857915,25,8,17,0,22,1,0,2,23,0,2,1,15,9,5,0,8,0,2,2,8,5,0,0,2,0,0,23,0,0,1,0,0,0,1,0,0
4868504,15,0,15,0,15,0,0,0,13,2,0,0,4,11,6,1,2,0,9,3,0,0,0,0,0,0,0,14,0,1,0,0,0,0,0,0,0
4876621,27,9,18,0,14,3,1,5,27,0,0,1,9,17,26,0,1,7,5,4,10,0,0,0,0,2,0,18,6,1,0,0,0,0,0,0,1
4879125,44,5,39,0,41,1,0,2,43,1,0,0,18,26,38,17,0,4,12,0,11,0,0,0,2,2,1,33,2,4,0,2,0,0,0,0,2
4882656,12,3,9,0,4,2,1,4,12,0,0,0,4,8,3,0,4,1,4,0,3,0,0,0,0,5,0,7,0,0,0,0,0,0,0,0,0
4883444,39,10,29,0,24,9,1,5,39,0,0,0,17,22,35,19,0,1,8,0,11,0,0,0,38,3,0,29,2,3,0,1,0,1,0,0,1
4884855,19,6,13,0,19,0,0,0,4,15,0,0,0,19,15,0,0,0,0,19,0,0,0,0,0,0,0,15,0,2,2,0,0,0,0,0,2
4887774,2,2,0,0,0,1,0,0,2,0,0,0,2,0,0,0,0,0,2,0,0,0,0,0,2,0,0,1,1,0,0,0,0,0,0,0,0
4899460,23,12,11,0,12,2,1,5,18,0,5,0,14,9,23,3,2,4,4,6,4,0,0,0,0,6,0,15,2,0,0,0,0,0,0,0,0
4903003,7,3,4,0,7,0,0,0,7,0,0,1,1,5,3,0,0,0,4,0,3,0,0,0,1,1,0,6,0,0,0,0,0,0,0,0,2
4904254,13,5,8,0,10,1,0,1,5,7,1,0,6,7,11,0,0,0,4,8,1,0,0,0,0,1,0,7,2,0,1,0,2,0,0,0,8
4909789,2,1,1,0,0,2,0,0,2,0,0,0,0,2,0,0,0,0,1,1,0,0,0,0,0,0,0,2,0,0,0,0,0,0,0,0,0
4912669,16,16,0,0,16,0,0,0,16,0,0,2,5,9,3,0,3,0,5,1,5,2,0,0,0,2,0,14,0,0,0,0,0,0,0,0,0
4916070,9,4,5,0,4,2,1,1,9,0,0,0,9,0,9,2,0,0,7,0,0,0,0,0,0,2,0,7,0,0,0,0,0,0,0,0,0
4925171,29,2,27,0,28,0,0,1,22,7,0,2,18,9,29,0,1,7,13,0,8,0,0,0,29,2,0,23,0,1,0,0,0,2,1,0,0
4927720,16,2,14,0,16,0,0,0,16,0,0,0,5,11,10,0,0,0,5,5,5,1,0,0,6,1,0,13,1,0,1,0,0,0,0,0,0
4929085,47,7,40,0,47,0,0,0,45,1,1,0,29,18,46,26,18,3,0,0,0,0,0,0,0,0,0,16,1,18,12,0,0,0,0,0,0
4934129,3,0,3,0,3,0,0,0,3,0,0,0,1,2,3,0,0,0,0,0,3,0,0,0,2,0,0,3,0,0,0,0,0,0,0,0,0
4937148,13,10,3,0,2,2,2,5,13,0,0,0,11,2,2,0,2,2,2,2,5,0,0,0,0,5,0,8,0,0,0,0,0,0,0,0,0
4941872,26,4,22,0,25,0,1,0,26,0,0,3,17,6,26,1,4,6,8,0,7,0,0,0,0,5,0,19,0,1,0,1,0,0,0,0,0
4971573,5,4,1,0,1,2,0,0,5,0,0,0,2,3,0,0,0,0,3,2,0,0,0,0,0,0,0,5,0,0,0,0,0,0,0,0,0
4975489,21,0,21,0,21,0,0,0,21,0,0,0,6,15,19,10,3,0,7,0,0,1,0,0,0,0,1,18,0,2,0,0,0,0,0,0,1
4975572,4,0,4,0,4,0,0,0,4,0,0,0,2,2,1,0,1,0,3,0,0,0,0,0,0,1,0,3,0,0,0,0,0,0,0,0,0
4982259,25,10,15,0,17,3,0,4,25,0,0,2,5,18,22,0,4,3,12,0,6,0,0,0,0,6,0,17,2,0,0,0,0,0,0,0,7
4984043,6,1,5,0,6,0,0,0,4,0,2,0,1,5,4,0,0,0,0,6,0,0,0,0,0,0,0,5,0,1,0,0,0,0,0,0,0
4985254,15,3,12,0,14,0,0,1,15,0,0,2,8,5,15,0,0,5,5,0,5,0,0,0,0,2,0,10,1,2,0,0,0,0,0,0,1
4986357,4,3,1,0,0,0,0,4,4,0,0,0,3,1,3,0,0,0,0,0,4,0,0,0,0,0,0,4,0,0,0,0,0,0,0,0,0
4988515,13,1,12,0,12,1,0,0,13,0,0,0,3,10,12,0,0,3,6,0,4,0,0,0,0,0,0,11,0,1,1,0,0,0,0,0,0
4994853,46,12,34,0,46,0,0,0,46,0,0,3,32,11,46,0,0,0,45,0,1,0,0,0,0,11,0,33,0,2,0,0,0,0,0,0,0
4996170,87,12,75,0,87,0,0,0,85,2,0,12,57,18,54,40,6,11,15,0,15,0,0,0,0,1,0,39,3,14,30,0,0,0,0,0,2
4996702,5,3,2,0,4,1,0,0,4,1,0,0,4,1,3,0,0,0,5,0,0,0,0,0,0,0,0,3,0,1,1,0,0,0,0,0,0
5008125,11,6,5,0,6,2,1,1,6,5,0,0,0,11,6,0,0,0,0,11,0,0,0,0,8,0,0,11,0,0,0,0,0,0,0,0,0
5016508,15,1,14,0,15,0,0,0,14,1,0,0,5,10,13,2,0,2,11,0,0,0,0,0,13,1,0,9,1,2,1,0,0,1,0,0,0
5017356,54,18,36,0,33,4,1,10,45,9,0,2,1,51,34,0,0,0,0,54,0,0,0,0,0,0,0,43,5,4,2,0,0,0,0,0,8
5021124,16,0,16,0,16,0,0,0,16,0,0,4,8,4,11,0,0,4,11,0,1,0,0,0,0,4,0,9,1,2,0,0,0,0,0,0,0
5021938,13,3,10,0,9,1,0,1,9,2,2,0,5,8,13,0,1,0,0,0,12,0,0,0,0,0,0,12,1,0,0,0,0,0,0,0,1
5024839,14,2,12,0,14,0,0,0,13,0,1,3,8,3,14,3,2,9,0,0,0,0,0,0,2,0,1,6,1,3,0,0,0,3,0,0,1
5027616,20,8,12,0,10,3,2,4,20,0,0,1,10,9,9,0,0,6,3,3,8,0,0,0,2,7,0,12,0,0,0,0,0,1,0,0,1
5036843,13,3,10,0,12,1,0,0,11,0,2,0,7,6,3,0,4,1,5,0,3,0,0,0,1,0,0,10,0,3,0,0,0,0,0,0,0
5040174,35,10,25,0,35,0,0,0,35,0,0,7,13,15,14,1,1,1,18,12,0,2,0,0,34,1,2,21,0,3,4,0,2,2,0,0,0
5046992,6,0,6,0,6,0,0,0,6,0,0,0,4,2,6,0,0,0,0,6,0,0,0,0,3,0,0,2,2,2,0,0,0,0,0,0,5
5047220,104,14,90,0,104,0,0,0,104,0,0,1,49,54,104,59,6,2,26,0,3,8,0,0,0,16,2,41,11,2,2,24,6,0,0,0,3
5050646,53,6,47,0,53,0,0,0,38,6,9,1,31,21,44,16,2,4,23,0,3,0,5,0,0,6,0,21,0,18,0,5,1,2,0,0,2
5051153,13,2,11,0,12,0,0,1,12,1,0,0,8,5,7,0,2,0,6,0,5,0,0,0,6,1,0,10,0,2,0,0,0,0,0,0,2
5055837,8,4,4,0,7,1,0,0,7,1,0,0,1,7,4,0,0,0,0,8,0,0,0,0,2,0,0,5,1,2,0,0,0,0,0,0,0
5068210,10,8,2,0,10,0,0,0,9,1,0,0,9,1,0,0,0,3,6,0,1,0,0,0,0,3,0,7,0,0,0,0,0,0,0,0,0
5076751,8,3,5,0,7,0,0,1,8,0,0,0,3,5,4,0,1,3,1,0,3,0,0,0,6,1,0,7,0,0,0,0,0,0,0,0,0
5084457,9,1,8,0,9,0,0,0,9,0,0,0,6,3,9,0,0,0,9,0,0,0,0,0,0,0,0,7,1,0,0,1,0,0,0,0,0
5086384,9,8,1,0,7,0,0,2,9,0,0,6,3,0,1,0,1,1,6,0,1,0,0,0,0,3,0,6,0,0,0,0,0,0,0,0,1
5086615,10,7,3,0,10,0,0,0,10,0,0,0,7,3,1,0,2,1,2,0,5,0,0,0,7,3,0,7,0,0,0,0,0,0,0,0,0
5093495,7,2,5,0,1,3,0,3,7,0,0,2,5,0,0,1,5,0,1,0,0,0,0,0,0,0,0,1,0,5,0,1,0,0,0,0,1
5101606,9,0,9,0,9,0,0,0,9,0,0,1,7,1,3,5,2,0,2,0,0,0,0,0,0,0,0,9,0,0,0,0,0,0,0,0,0
5102701,21,4,17,0,20,0,0,1,11,10,0,2,13,6,18,3,0,6,2,0,6,1,3,0,0,6,0,13,0,1,0,0,1,0,0,0,1
5117013,51,6,45,0,50,1,0,0,49,0,2,14,19,18,16,17,17,6,6,0,5,0,0,0,0,6,0,30,2,9,0,3,0,1,0,0,0
5120534,42,2,40,0,40,1,0,1,42,0,0,7,21,14,41,3,9,0,26,4,0,0,0,0,0,11,0,30,1,0,0,0,0,0,0,0,0
5122773,45,5,40,0,45,0,0,0,45,0,0,3,15,27,19,14,13,1,12,0,5,0,0,0,13,2,0,41,1,1,0,0,0,0,0,0,11
5132025,25,7,18,0,25,0,0,0,18,0,7,4,10,11,20,2,1,1,5,8,2,6,0,0,23,2,0,14,2,4,1,0,1,1,0,0,0
5133646,33,9,24,0,27,3,0,2,33,0,0,1,29,3,15,8,19,0,6,0,0,0,0,0,12,10,0,21,0,0,0,0,0,2,0,0,1
5133716,12,6,6,0,6,2,0,2,12,0,0,1,4,7,3,1,3,3,4,1,0,0,0,0,0,1,0,10,1,0,0,0,0,0,0,0,0
5144803,208,35,173,0,206,0,0,2,208,0,0,12,100,96,207,76,79,11,0,0,0,0,40,2,0,9,1,90,11,88,8,1,0,0,0,0,2
5145835,3,1,2,0,3,0,0,0,3,0,0,0,2,1,2,0,0,0,0,0,3,0,0,0,2,0,1,2,0,0,0,0,0,0,0,0,0
5149374,9,3,6,0,9,0,0,0,9,0,0,1,4,4,9,0,0,3,1,0,5,0,0,0,0,0,0,8,0,0,0,0,0,1,0,0,2
5150527,25,6,19,0,25,0,0,0,22,0,3,3,21,1,0,3,6,6,6,0,4,0,0,0,0,0,0,19,1,5,0,0,0,0,0,0,0
5154910,30,7,23,0,30,0,0,0,29,0,1,0,15,15,30,2,0,5,3,0,7,7,2,4,23,1,0,16,1,12,0,0,0,0,0,0,1
5161044,10,0,10,0,10,0,0,0,10,0,0,1,8,1,10,0,0,0,10,0,0,0,0,0,1,0,0,8,0,0,1,0,0,1,0,0,0
5165692,12,2,10,0,12,0,0,0,12,0,0,0,8,4,1,1,5,1,5,0,0,0,0,0,0,0,0,9,1,0,1,1,0,0,0,0,0
5191026,105,10,95,0,105,0,0,0,105,0,0,6,33,66,76,23,3,29,29,4,6,10,0,1,0,4,0,90,3,5,0,3,0,0,0,0,1
5195723,10,5,5,0,3,0,1,4,10,0,0,0,0,10,10,0,0,0,0,10,0,0,0,0,9,0,0,6,4,0,0,0,0,0,0,0,0
5200086,27,9,18,0,12,4,1,5,18,9,0,0,0,27,8,0,0,0,0,27,0,0,0,0,0,0,0,23,0,4,0,0,0,0,0,0,1
5201331,2,1,1,0,0,0,0,1,2,0,0,0,1,1,1,0,0,0,2,0,0,0,0,0,0,0,0,2,0,0,0,0,0,0,0,0,0
5203622,30,13,17,0,16,5,2,5,30,0,0,7,20,3,2,5,7,1,16,0,1,0,0,0,0,10,0,20,0,0,0,0,0,0,0,0,1
5214113,10,3,7,0,9,1,0,0,10,0,0,1,7,2,10,0,0,0,6,0,4,0,0,0,0,0,0,7,1,1,1,0,0,0,0,0,0
5214413,36,7,29,0,31,4,0,1,28,8,0,0,10,26,33,0,1,1,1,21,10,2,0,0,36,4,0,24,3,1,4,0,0,0,0,0,2
5214652,11,2,9,0,5,5,0,1,6,5,0,1,9,1,11,2,1,3,0,0,5,0,0,0,0,1,0,8,1,1,0,0,0,0,0,0,9
5214670,14,1,13,0,12,0,0,2,14,0,0,1,10,3,10,0,5,0,9,0,0,0,0,0,0,2,0,12,0,0,0,0,0,0,0,0,3
5216338,79,14,65,0,79,0,0,0,4,64,11,8,28,43,23,19,0,17,5,0,11,18,7,2,0,4,6,28,3,18,0,18,0,2,0,0,7
5221668,18,0,18,0,18,0,0,0,18,0,0,1,8,9,17,0,5,0,4,0,9,0,0,0,1,0,0,17,0,1,0,0,0,0,0,0,0
5234727,54,9,45,0,53,1,0,0,54,0,0,2,25,27,49,2,7,6,19,14,6,0,0,0,54,11,0,41,1,1,0,0,0,0,0,0,2
5245765,51,26,25,0,41,3,0,7,51,0,0,2,27,22,12,1,3,11,26,7,1,2,0,0,0,9,0,39,0,1,0,2,0,0,0,0,1
5255745,13,4,9,0,12,0,0,1,13,0,0,0,0,13,3,0,0,0,0,13,0,0,0,0,1,0,0,13,0,0,0,0,0,0,0,0,0
5271061,16,8,8,0,15,0,0,1,16,0,0,4,9,3,11,3,5,1,6,0,1,0,0,0,0,4,0,11,0,0,0,1,0,0,0,0,1
5280230,9,6,3,0,8,0,0,1,9,0,0,1,7,1,9,1,1,1,5,0,1,0,0,0,0,3,0,6,0,0,0,0,0,0,0,0,1
5296801,85,27,58,0,45,11,6,13,85,0,0,8,63,14,7,4,35,10,35,0,1,0,0,0,0,29,0,56,0,0,0,0,0,0,0,0,2
5297163,50,8,42,0,49,1,0,0,46,0,4,1,14,35,49,10,1,11,11,0,11,0,5,1,5,0,0,30,3,4,0,9,0,1,0,3,48
5299697,45,5,40,0,45,0,0,0,43,2,0,1,22,22,44,17,3,3,18,0,4,0,0,0,0,0,0,35,3,6,1,0,0,0,0,0,2
5301017,10,4,6,0,10,0,0,0,4,6,0,0,9,1,7,0,2,0,7,0,1,0,0,0,6,0,2,7,1,0,0,0,0,0,0,0,0
5302084,20,8,12,0,8,3,1,8,19,1,0,0,16,4,5,2,6,0,8,2,2,0,0,0,0,5,0,15,0,0,0,0,0,0,0,0,1
5313306,59,29,30,0,28,7,4,11,59,0,0,7,22,30,53,1,18,1,18,15,6,0,0,0,0,12,0,45,2,0,0,0,0,0,0,0,0
5314665,123,32,91,0,123,0,0,0,118,3,2,1,42,80,119,17,10,9,29,19,9,30,0,0,0,3,0,55,5,52,8,0,0,0,0,0,87
5315361,18,1,17,0,18,0,0,0,18,0,0,0,7,11,17,9,2,2,3,0,2,0,0,0,0,0,0,9,0,8,0,1,0,0,0,0,1
5315682,18,10,8,0,11,1,1,3,18,0,0,7,11,0,0,4,3,0,7,0,4,0,0,0,0,7,0,11,0,0,0,0,0,0,0,0,0
5316243,8,0,8,0,5,2,1,0,8,0,0,0,5,3,8,7,0,1,0,0,0,0,0,0,0,1,0,3,0,1,0,0,1,2,0,0,1
5318715,9,2,7,0,9,0,0,0,9,0,0,2,5,2,1,2,0,2,4,0,1,0,0,0,0,4,0,5,0,0,0,0,0,0,0,0,0
5319265,17,5,12,0,16,1,0,0,6,11,0,0,9,8,8,0,1,1,10,0,5,0,0,0,0,0,0,12,0,1,1,2,0,1,0,0,0
5325581,26,0,26,0,24,1,0,1,25,1,0,1,16,9,24,2,9,3,7,0,5,0,0,0,25,0,0,24,1,0,0,0,0,0,1,0,0
5325726,5,2,3,0,4,0,0,1,5,0,0,0,3,2,1,0,0,0,0,0,5,0,0,0,0,0,0,5,0,0,0,0,0,0,0,0,0
5326520,25,10,15,0,25,0,0,0,25,0,0,1,15,9,25,1,4,0,2,0,18,0,0,0,0,8,0,15,2,0,0,0,0,0,0,0,0
5329567,20,7,13,0,12,2,1,3,20,0,0,1,9,10,14,1,1,0,10,0,8,0,0,0,0,2,0,12,1,4,0,0,1,0,0,0,0
5334335,31,4,27,0,31,0,0,0,31,0,0,0,19,12,29,0,1,0,28,0,2,0,0,0,0,0,0,28,0,2,1,0,0,0,0,0,3
5336684,36,10,26,0,32,1,0,3,35,1,0,0,11,25,3,4,10,0,13,9,0,0,0,0,0,0,0,29,1,5,1,0,0,0,0,0,0
5349038,20,2,18,0,16,3,0,1,20,0,0,0,13,7,15,2,5,1,11,0,1,0,0,0,19,0,0,20,0,0,0,0,0,0,0,0,5
5371954,12,1,11,0,12,0,0,0,11,1,0,0,4,8,12,0,1,0,8,0,3,0,0,0,0,1,0,9,2,0,0,0,0,0,0,0,0
5373982,79,21,58,0,72,0,1,4,59,20,0,10,16,53,44,0,2,0,41,36,0,0,0,0,2,12,0,56,2,1,7,0,0,1,0,0,1
5393713,18,4,14,0,10,4,1,3,18,0,0,1,13,4,1,3,10,0,5,0,0,0,0,0,0,7,0,6,3,1,0,0,1,0,0,0,1
5421240,11,1,10,0,11,0,0,0,11,0,0,0,0,11,2,0,0,0,0,11,0,0,0,0,0,0,0,10,1,0,0,0,0,0,0,0,0
5425491,16,12,4,0,16,0,0,0,16,0,0,4,8,4,3,0,0,5,4,0,7,0,0,0,16,3,0,12,0,0,0,0,0,1,0,0,2
5426269,16,4,12,0,14,2,0,0,15,1,0,0,0,16,11,0,0,0,0,16,0,0,0,0,10,0,0,9,1,6,0,0,0,0,0,0,0
5432094,114,28,86,0,114,0,0,0,111,0,3,0,46,68,109,26,33,5,30,16,1,3,0,0,0,0,2,100,0,11,1,0,0,0,0,0,17
5432843,57,0,57,0,55,1,0,1,57,0,0,0,31,26,54,26,13,0,8,0,10,0,0,0,14,0,0,50,3,4,0,0,0,0,0,0,2
5446274,11,1,10,0,9,1,0,0,6,2,3,2,6,3,9,0,1,1,7,0,2,0,0,0,0,0,0,6,0,2,0,0,1,2,0,0,0
5451065,32,1,31,0,32,0,0,0,32,0,0,0,14,18,28,1,0,6,19,0,6,0,0,0,3,10,0,18,2,2,0,0,0,0,0,0,5
5457613,8,3,5,0,7,0,0,1,7,1,0,0,7,1,8,0,2,0,2,0,4,0,0,0,0,3,0,5,0,0,0,0,0,0,0,0,0
5460334,49,21,28,0,22,8,2,8,49,0,0,1,12,36,37,1,4,7,13,18,5,1,0,0,4,8,0,36,1,4,0,0,0,0,0,0,1
5460646,37,6,31,0,37,0,0,0,30,7,0,1,16,20,36,0,4,6,11,0,16,0,0,0,3,1,0,31,3,2,0,0,0,0,0,0,0
5460994,30,4,26,0,28,1,0,1,28,0,2,0,12,18,21,13,2,4,5,0,6,0,0,0,1,1,0,18,1,6,2,0,0,2,0,0,0
5480049,9,4,5,0,6,0,0,3,8,0,1,0,2,7,3,0,0,0,0,9,0,0,0,0,0,0,0,6,0,3,0,0,0,0,0,0,1
5483392,18,12,6,0,18,0,0,0,18,0,0,7,5,6,15,0,0,0,7,11,0,0,0,0,0,9,0,8,0,1,0,0,0,0,0,0,0
5485445,3,1,2,0,2,1,0,0,3,0,0,0,0,3,0,0,0,0,1,1,0,1,0,0,0,0,0,1,2,0,0,0,0,0,0,0,0
5494437,42,3,39,0,42,0,0,0,42,0,0,16,18,8,42,3,11,3,19,5,0,1,0,0,0,13,0,26,0,1,0,0,0,2,0,0,0
5495771,89,23,66,0,45,11,6,27,73,16,0,3,28,58,83,35,2,0,24,8,8,12,0,0,19,8,2,51,5,11,1,1,0,10,0,0,6
5505731,31,5,26,0,27,1,0,3,31,0,0,0,17,14,31,0,0,8,1,0,22,0,0,0,0,2,0,29,0,0,0,0,0,0,0,0,3
5511556,7,3,4,0,4,2,0,1,7,0,0,1,2,4,4,0,1,1,3,0,2,0,0,0,0,2,0,2,2,1,0,0,0,0,0,0,0
5515229,8,0,8,0,6,0,0,2,8,0,0,1,4,3,4,2,0,1,5,0,0,0,0,0,1,0,1,3,0,3,1,0,0,0,0,0,0
5519187,10,1,9,0,10,0,0,0,2,8,0,0,3,7,5,0,0,2,7,0,1,0,0,0,0,0,0,8,0,2,0,0,0,0,0,0,0
5523516,16,8,8,0,10,0,0,6,16,0,0,3,8,5,0,3,0,3,7,0,3,0,0,0,0,5,0,10,1,0,0,0,0,0,0,0,0
5524262,45,16,29,0,18,5,3,12,45,0,0,1,26,18,8,6,16,7,15,0,1,0,0,0,0,14,0,27,1,2,0,0,1,0,0,0,0
5528676,36,1,35,0,36,0,0,0,35,1,0,4,13,19,9,11,9,1,15,0,0,0,0,0,0,6,0,29,0,1,0,0,0,0,0,0,0
5528770,5,2,3,0,5,0,0,0,5,0,0,0,4,1,4,0,2,1,0,0,2,0,0,0,0,0,0,2,0,1,2,0,0,0,0,0,0
5531437,9,1,8,0,9,0,0,0,9,0,0,1,6,2,8,0,1,0,5,0,3,0,0,0,0,0,0,7,0,1,0,1,0,0,0,0,0
5532239,5,4,1,0,2,0,0,2,5,0,0,1,3,1,5,0,1,0,3,0,1,0,0,0,0,1,0,4,0,0,0,0,0,0,0,0,0
5540503,4,3,1,0,4,0,0,0,4,0,0,0,2,2,1,0,1,0,0,0,3,0,0,0,1,0,0,4,0,0,0,0,0,0,0,0,1
5541010,2,2,0,0,2,0,0,0,2,0,0,0,1,1,0,0,0,0,1,0,1,0,0,0,0,0,0,2,0,0,0,0,0,0,0,0,0
5542882,23,9,14,0,22,1,0,0,23,0,0,0,7,16,4,0,5,2,7,2,2,5,0,0,2,2,0,11,0,6,4,0,0,0,0,0,0
5553459,10,4,6,0,5,1,1,2,10,0,0,0,5,5,10,0,3,0,4,0,2,1,0,0,0,1,0,7,1,0,0,0,0,1,0,0,1
5553781,11,2,9,0,11,0,0,0,9,2,0,0,6,5,10,0,1,10,0,0,0,0,0,0,2,1,0,9,0,1,0,0,0,0,0,0,1
5558815,8,3,5,0,3,2,1,2,8,0,0,0,3,5,8,0,0,2,1,0,5,0,0,0,0,0,0,7,1,0,0,0,0,0,0,0,0
5559888,22,6,16,0,15,1,0,6,22,0,0,0,11,11,21,0,3,9,3,0,7,0,0,0,21,8,0,12,1,1,0,0,0,0,0,0,4
5565892,15,3,12,0,14,0,0,1,15,0,0,1,7,7,9,0,0,0,15,0,0,0,0,0,0,2,0,11,0,0,1,1,0,0,0,0,0
5570183,2,1,1,0,1,0,0,0,2,0,0,0,0,2,1,0,0,0,2,0,0,0,0,0,0,0,0,1,1,0,0,0,0,0,0,0,0
5572683,27,9,18,0,23,2,0,1,18,9,0,3,8,16,12,0,3,0,15,4,2,3,0,0,11,3,0,13,2,8,0,0,0,0,1,0,2
5576747,55,0,55,0,55,0,0,0,55,0,0,0,29,26,47,2,11,7,17,15,3,0,0,0,0,0,3,43,0,0,0,0,0,9,0,0,1
5591724,9,3,6,0,5,2,0,2,9,0,0,0,7,2,3,1,1,2,3,0,2,0,0,0,0,2,0,6,1,0,0,0,0,0,0,0,0
5599345,9,5,4,0,5,0,0,2,9,0,0,1,3,5,5,1,2,0,6,0,0,0,0,0,0,3,0,6,0,0,0,0,0,0,0,0,0
5604468,5,0,5,0,5,0,0,0,3,2,0,0,0,5,2,0,0,0,0,5,0,0,0,0,0,0,0,4,0,1,0,0,0,0,0,0,0
5605009,9,4,5,0,9,0,0,0,9,0,0,0,6,3,5,0,2,1,0,0,6,0,0,0,5,0,0,9,0,0,0,0,0,0,0,0,0
5621963,5,1,4,0,1,1,1,2,5,0,0,0,4,1,2,0,2,0,3,0,0,0,0,0,0,0,0,5,0,0,0,0,0,0,0,0,0
5628847,12,1,11,0,11,0,0,0,12,0,0,0,8,4,12,2,0,5,2,0,3,0,0,0,7,0,0,9,0,1,0,0,2,0,0,0,0
5633129,38,12,26,0,32,5,0,1,38,0,0,11,21,6,5,6,15,3,14,0,0,0,0,0,0,11,0,26,0,0,0,0,1,0,0,0,0
5639687,55,8,47,0,55,0,0,0,55,0,0,1,23,31,55,21,1,2,11,0,12,8,0,0,0,0,0,45,3,7,0,0,0,0,0,0,50
5639873,33,5,28,0,30,2,0,1,33,0,0,0,14,19,32,14,1,2,11,0,5,0,0,0,0,6,0,22,0,3,0,0,0,2,0,0,3
5657330,21,2,19,0,19,0,0,1,21,0,0,4,14,3,20,3,9,0,9,0,0,0,0,0,0,3,0,17,0,0,0,1,0,0,0,0,0
5669893,57,18,39,0,51,1,0,5,57,0,0,2,12,43,13,0,8,4,31,14,0,0,0,0,0,6,0,47,1,0,0,3,0,0,0,0,2
5674658,112,24,88,0,111,0,0,1,112,0,0,10,51,51,45,58,1,0,53,0,0,0,0,0,0,2,0,83,1,18,5,0,0,3,0,0,1
5682490,38,4,34,0,38,0,0,0,38,0,0,1,22,15,27,9,3,2,21,0,3,0,0,0,0,2,0,28,3,3,2,0,0,0,0,0,0
5684299,32,10,22,0,29,1,0,1,32,0,0,13,11,8,11,4,5,3,20,0,0,0,0,0,11,10,0,20,1,1,0,0,0,0,0,0,0
5686099,9,4,5,0,9,0,0,0,4,5,0,0,6,3,4,0,0,5,0,0,4,0,0,0,0,0,0,9,0,0,0,0,0,0,0,0,0
5686250,22,14,8,0,22,0,0,0,20,2,0,0,12,10,18,1,0,6,4,0,11,0,0,0,20,6,0,16,0,0,0,0,0,0,0,0,1
5687057,9,1,8,0,9,0,0,0,4,5,0,3,3,3,2,0,1,1,4,0,3,0,0,0,4,0,1,5,0,2,0,0,0,0,0,1,1
5697722,6,1,5,0,6,0,0,0,6,0,0,1,2,3,6,0,0,0,2,0,4,0,0,0,4,0,0,4,0,0,1,0,1,0,0,0,0
5700798,9,2,7,0,8,0,0,1,9,0,0,0,6,3,7,0,0,0,5,0,4,0,0,0,1,0,1,6,0,1,0,0,0,1,0,0,0
5708406,44,10,34,0,44,0,0,0,44,0,0,6,17,21,33,5,20,0,16,0,3,0,0,0,0,4,1,30,5,1,0,0,0,0,3,0,1
5708583,79,35,44,0,50,8,1,20,79,0,0,3,37,39,75,16,11,0,28,15,6,3,0,0,41,27,0,48,4,0,0,0,0,0,0,0,2
5712954,10,6,4,0,3,2,0,2,10,0,0,2,5,3,4,0,0,4,4,2,0,0,0,0,0,2,0,8,0,0,0,0,0,0,0,0,0
5720327,5,2,3,0,4,0,0,1,5,0,0,0,5,0,4,0,0,0,0,0,2,3,0,0,5,0,0,5,0,0,0,0,0,0,0,0,0
5731643,8,6,2,0,5,2,0,0,8,0,0,0,4,4,7,0,0,2,5,0,1,0,0,0,0,1,0,7,0,0,0,0,0,0,0,0,2
5742752,14,7,7,0,13,1,0,0,8,6,0,0,4,10,11,1,0,0,12,0,1,0,0,0,13,0,0,11,1,2,0,0,0,0,0,0,0
5746617,21,2,19,0,21,0,0,0,0,21,0,0,10,11,19,0,0,0,11,8,2,0,0,0,1,2,0,14,2,2,0,0,0,1,0,0,0
5761087,25,13,12,0,14,3,2,3,25,0,0,1,16,8,22,5,1,7,7,0,5,0,0,0,0,8,0,17,0,0,0,0,0,0,0,0,2
5772419,16,0,16,0,16,0,0,0,16,0,0,1,13,2,16,6,6,0,4,0,0,0,0,0,0,2,0,14,0,0,0,0,0,0,0,0,0
5780297,6,2,4,0,6,0,0,0,6,0,0,0,1,5,6,0,0,0,0,6,0,0,0,0,1,0,0,5,0,0,0,1,0,0,0,0,0
5781185,26,19,7,0,12,3,2,4,26,0,0,0,13,13,20,4,11,2,9,0,0,0,0,0,7,0,0,23,3,0,0,0,0,0,0,0,1
5789678,20,2,18,0,16,1,1,2,20,0,0,2,10,8,19,6,2,1,3,0,8,0,0,0,0,4,2,13,0,0,0,0,0,1,0,0,3
5795561,11,5,6,0,11,0,0,0,11,0,0,0,5,6,11,0,0,3,0,0,8,0,0,0,2,0,0,9,0,0,0,0,0,2,0,0,0
5796556,57,14,43,0,54,0,0,1,55,2,0,3,29,25,33,1,4,0,35,10,2,5,0,0,4,0,1,45,0,7,3,0,0,1,0,0,18
5803126,17,2,15,0,15,0,0,2,9,8,0,2,10,5,3,2,2,3,6,0,4,0,0,0,0,5,0,12,0,0,0,0,0,0,0,0,0
5805304,8,2,6,0,4,2,1,1,8,0,0,0,4,4,0,0,2,2,4,0,0,0,0,0,0,2,0,6,0,0,0,0,0,0,0,0,0
5808655,20,4,16,0,17,2,0,1,20,0,0,2,12,6,8,1,4,1,10,0,4,0,0,0,1,3,1,12,0,0,0,1,0,3,0,0,0
5813599,23,16,7,0,11,2,1,5,23,0,0,0,11,12,20,1,9,0,11,0,2,0,0,0,0,8,0,14,1,0,0,0,0,0,0,0,3
5827676,22,10,12,0,22,0,0,0,22,0,0,0,14,8,1,3,10,0,9,0,0,0,0,0,0,5,0,16,1,0,0,0,0,0,0,0,0
5841517,6,3,3,0,6,0,0,0,6,0,0,0,4,2,1,0,0,0,6,0,0,0,0,0,0,0,0,6,0,0,0,0,0,0,0,0,0
5859926,3,0,3,0,3,0,0,0,3,0,0,0,3,0,3,0,0,0,1,0,2,0,0,0,2,0,0,3,0,0,0,0,0,0,0,0,0
5880864,5,4,1,0,3,1,0,0,2,3,0,2,0,3,3,0,0,0,0,5,0,0,0,0,1,0,0,4,0,1,0,0,0,0,0,0,2
5884748,2,2,0,0,1,0,0,1,2,0,0,0,1,1,2,0,0,0,2,0,0,0,0,0,1,0,0,2,0,0,0,0,0,0,0,0,0
5888475,41,5,36,0,41,0,0,0,41,0,0,4,18,19,6,0,8,8,13,1,6,5,0,0,6,2,0,29,1,3,2,3,1,0,0,0,6
5894303,7,4,3,0,5,2,0,0,3,4,0,1,3,3,2,0,0,0,3,0,4,0,0,0,5,0,1,2,0,2,1,1,0,0,0,0,0
5894566,10,3,7,0,10,0,0,0,10,0,0,2,3,5,6,0,2,0,8,0,0,0,0,0,0,0,0,4,1,2,3,0,0,0,0,0,0
5895001,102,32,70,0,102,0,0,0,80,22,0,9,42,51,83,31,3,6,28,17,11,6,0,0,1,3,0,48,3,30,16,0,2,0,0,0,4
5900251,5,4,1,0,4,1,0,0,5,0,0,0,3,2,0,0,0,0,5,0,0,0,0,0,0,0,0,5,0,0,0,0,0,0,0,0,0
5903304,7,5,2,0,7,0,0,0,7,0,0,1,3,3,4,0,2,1,0,0,4,0,0,0,5,2,0,5,0,0,0,0,0,0,0,0,0
5915223,15,5,10,0,15,0,0,0,15,0,0,1,3,11,5,0,2,0,8,2,0,3,0,0,5,0,0,11,0,4,0,0,0,0,0,0,0
5918470,44,18,26,0,17,8,2,11,44,0,0,2,21,21,5,3,12,2,27,0,0,0,0,0,1,12,0,28,4,0,0,0,0,0,0,0,1
5931263,65,15,50,0,63,0,0,2,50,10,5,0,36,29,62,2,10,2,33,18,0,0,0,0,0,11,0,50,1,0,2,0,1,0,0,0,2
5931505,6,5,1,0,2,0,1,1,6,0,0,0,3,3,6,0,0,0,0,1,5,0,0,0,1,0,0,6,0,0,0,0,0,0,0,0,0
5937135,39,8,31,0,39,0,0,0,39,0,0,6,24,9,37,11,2,6,7,0,6,0,6,1,0,4,0,23,2,4,6,0,0,0,0,0,1
5937679,33,8,25,0,20,5,0,7,17,16,0,1,15,17,12,0,5,4,16,4,4,0,0,0,0,2,0,26,2,1,2,0,0,0,0,0,2
5950054,22,8,14,0,22,0,0,0,18,4,0,3,14,5,4,0,0,0,22,0,0,0,0,0,2,0,1,15,0,3,3,0,0,0,0,0,0
5956506,9,4,5,0,4,1,0,3,9,0,0,1,5,3,9,0,2,0,2,0,5,0,0,0,1,2,0,7,0,0,0,0,0,0,0,0,1
5959788,10,2,8,0,10,0,0,0,10,0,0,0,5,5,7,2,1,0,2,0,3,1,0,1,0,0,0,4,0,2,2,0,0,2,0,0,0
5972989,1,1,0,0,0,1,0,0,1,0,0,0,1,0,1,0,0,0,1,0,0,0,0,0,0,0,0,1,0,0,0,0,0,0,0,0,0
5975717,18,1,17,0,18,0,0,0,18,0,0,5,8,5,11,8,3,3,3,0,1,0,0,0,3,1,0,8,0,4,1,1,0,3,0,0,0
5979266,20,8,12,0,20,0,0,0,20,0,0,4,12,4,19,4,7,1,4,0,4,0,0,0,0,11,0,9,0,0,0,0,0,0,0,0,0
5981943,25,0,25,0,25,0,0,0,25,0,0,2,14,9,24,24,0,1,0,0,0,0,0,0,0,1,0,15,0,9,0,0,0,0,0,0,2
5986673,16,4,12,0,8,1,0,5,16,0,0,0,8,8,10,6,0,1,2,0,7,0,0,0,1,4,0,9,0,2,0,0,0,1,0,0,0
5990930,45,9,36,0,45,0,0,0,43,0,2,1,25,19,43,14,1,9,13,0,6,2,0,0,0,6,0,18,0,12,4,1,3,1,0,0,0
5998773,21,7,14,0,21,0,0,0,9,12,0,1,5,15,8,0,2,1,8,8,2,0,0,0,4,1,0,18,0,0,2,0,0,0,0,0,0
6007217,8,0,8,0,8,0,0,0,8,0,0,1,1,6,5,1,0,0,1,0,6,0,0,0,0,1,0,7,0,0,0,0,0,0,0,0,0
6007645,8,4,4,0,7,1,0,0,8,0,0,3,4,1,2,1,3,0,4,0,0,0,0,0,0,3,0,5,0,0,0,0,0,0,0,0,1
6009386,66,17,49,0,65,0,0,1,62,0,4,2,31,33,64,16,2,14,5,1,11,17,0,0,0,1,1,10,5,39,8,1,0,1,0,0,42
6019570,24,6,18,0,19,5,0,0,24,0,0,9,12,3,21,8,6,3,3,0,4,0,0,0,3,3,3,7,1,1,0,0,0,9,0,0,3
6024023,26,2,24,0,24,2,0,0,26,0,0,0,4,22,25,0,1,9,14,0,2,0,0,0,0,0,0,22,1,3,0,0,0,0,0,0,9
6039620,34,5,29,0,31,1,0,1,28,5,1,2,12,20,24,15,2,2,15,0,0,0,0,0,0,1,0,25,4,3,0,1,0,0,0,0,2
6041348,8,6,2,0,4,1,0,2,8,0,0,1,3,4,6,0,0,2,1,0,5,0,0,0,0,1,0,7,0,0,0,0,0,0,0,0,0
6042327,32,7,25,0,30,2,0,0,32,0,0,0,19,13,32,10,5,2,10,0,4,0,1,0,6,0,0,20,1,10,0,1,0,0,0,0,22
6051500,11,6,5,0,9,1,0,1,11,0,0,3,4,4,7,2,1,0,7,0,1,0,0,0,0,4,0,5,1,1,0,0,0,0,0,0,3
6052520,27,5,22,0,22,3,0,2,27,0,0,0,14,13,14,0,1,0,15,0,11,0,0,0,0,5,0,20,2,0,0,0,0,0,0,0,6
6059353,23,9,14,0,22,1,0,0,23,0,0,0,16,7,18,0,7,0,16,0,0,0,0,0,0,8,0,15,0,0,0,0,0,0,0,0,1
6064085,46,21,25,0,44,0,0,2,46,0,0,0,22,24,46,0,17,0,14,8,6,1,0,0,0,11,0,33,0,2,0,0,0,0,0,0,45
6064754,18,8,10,0,5,3,1,3,18,0,0,1,9,8,17,1,1,0,10,5,0,1,0,0,0,4,0,12,1,1,0,0,0,0,0,0,0
6065102,31,2,29,0,31,0,0,0,25,6,0,2,16,13,30,13,5,2,10,0,1,0,0,0,1,1,0,18,2,10,0,0,0,0,0,0,0
6068906,28,10,18,0,27,1,0,0,8,20,0,2,11,15,7,0,0,0,10,17,0,1,0,0,2,2,0,24,0,1,1,0,0,0,0,0,1
6078137,3,2,1,0,0,2,1,0,3,0,0,0,3,0,2,0,0,0,3,0,0,0,0,0,0,0,0,3,0,0,0,0,0,0,0,0,0
6086126,16,3,13,0,16,0,0,0,14,2,0,2,11,3,16,7,0,1,3,0,2,1,2,0,0,3,0,5,1,4,0,0,3,0,0,0,5
6090817,12,2,10,0,12,0,0,0,12,0,0,1,5,6,5,1,3,0,5,0,3,0,0,0,0,0,6,2,0,3,0,0,0,1,0,0,0
6098581,43,4,39,0,43,0,0,0,36,6,1,2,22,19,39,14,2,10,9,0,8,0,0,0,0,3,0,23,2,11,2,1,1,0,0,0,0
6098735,10,3,7,0,10,0,0,0,9,0,1,5,2,3,3,0,1,1,6,0,2,0,0,0,5,0,0,7,0,2,1,0,0,0,0,0,4
6100135,10,1,9,0,9,0,0,1,10,0,0,1,1,8,8,0,0,1,9,0,0,0,0,0,1,0,0,9,0,0,0,0,0,1,0,0,0
6106659,8,1,7,0,7,1,0,0,8,0,0,0,6,2,8,0,0,1,7,0,0,0,0,0,8,0,0,7,0,1,0,0,0,0,0,0,0
6106815,17,5,12,0,17,0,0,0,17,0,0,0,6,11,4,0,1,0,11,4,0,1,0,0,0,1,0,8,0,1,7,0,0,0,0,0,0
6107887,30,2,28,0,29,0,0,1,30,0,0,1,13,16,30,10,0,9,1,0,7,3,0,0,0,0,0,18,1,10,1,0,0,0,0,0,3
6109586,21,12,9,0,20,1,0,0,21,0,0,0,0,21,18,0,0,0,0,21,0,0,0,0,0,0,0,14,3,2,2,0,0,0,0,0,0
6116631,7,3,4,0,4,0,1,2,7,0,0,1,2,4,2,1,1,1,2,0,2,0,0,0,0,2,0,5,0,0,0,0,0,0,0,0,2
6117239,16,2,14,0,15,0,0,1,8,6,2,1,7,8,15,0,1,0,12,0,3,0,0,0,0,0,1,15,0,0,0,0,0,0,0,0,7
6126179,7,4,3,0,7,0,0,0,7,0,0,0,5,2,7,0,1,0,4,0,2,0,0,0,2,0,1,6,0,0,0,0,0,0,0,0,5
6127664,11,8,3,0,11,0,0,0,11,0,0,0,3,8,3,0,4,0,6,0,1,0,0,0,0,0,0,10,0,0,0,1,0,0,0,0,0
6130490,30,20,10,0,11,4,2,10,30,0,0,0,21,9,30,5,11,1,13,0,0,0,0,0,0,8,0,21,1,0,0,0,0,0,0,0,0
6137264,14,0,14,0,14,0,0,0,9,5,0,0,1,13,14,0,0,0,0,14,0,0,0,0,0,0,0,12,0,0,2,0,0,0,0,0,0
6138822,13,2,11,0,9,1,0,2,2,11,0,1,9,3,8,0,3,0,9,0,1,0,0,0,0,2,1,8,0,0,0,0,0,2,0,0,0
6143934,5,1,4,0,5,0,0,0,5,0,0,0,4,1,1,0,1,0,3,0,1,0,0,0,0,0,0,5,0,0,0,0,0,0,0,0,0
6146195,22,8,14,0,22,0,0,0,22,0,0,0,1,21,21,0,0,0,0,22,0,0,0,0,21,0,0,15,0,6,1,0,0,0,0,0,2
6147892,10,3,7,0,10,0,0,0,10,0,0,0,0,10,2,0,0,0,0,10,0,0,0,0,0,0,0,10,0,0,0,0,0,0,0,0,0
6152244,13,0,13,0,13,0,0,0,13,0,0,1,6,6,9,0,0,2,3,0,8,0,0,0,0,3,0,9,1,0,0,0,0,0,0,0,0
6153138,19,1,18,0,19,0,0,0,19,0,0,1,4,14,0,0,0,0,19,0,0,0,0,0,0,5,0,12,1,1,0,0,0,0,0,0,0
6154054,7,0,7,0,7,0,0,0,7,0,0,5,1,1,5,0,1,0,6,0,0,0,0,0,0,0,0,1,0,6,0,0,0,0,0,0,1
6166554,96,9,87,0,94,1,0,1,96,0,0,8,35,53,76,33,1,2,38,0,6,0,12,4,1,6,9,58,3,10,3,5,1,0,1,0,4
6170152,31,4,27,0,31,0,0,0,31,0,0,0,15,16,27,9,6,8,8,0,0,0,0,0,0,1,0,22,1,7,0,0,0,0,0,0,4
6170707,12,2,10,0,11,1,0,0,12,0,0,0,7,5,12,0,0,5,6,0,1,0,0,0,0,5,0,6,1,0,0,0,0,0,0,0,0
6173352,4,0,4,0,3,1,0,0,4,0,0,0,0,4,2,0,0,0,1,0,3,0,0,0,0,0,0,4,0,0,0,0,0,0,0,0,0
6185740,4,1,3,0,4,0,0,0,3,0,1,0,0,4,0,0,0,0,0,4,0,0,0,0,0,0,0,4,0,0,0,0,0,0,0,0,0
6193670,15,3,12,0,8,2,0,4,15,0,0,0,6,9,15,0,1,4,3,0,7,0,0,0,13,2,0,12,1,0,0,0,0,0,0,0,1
6194860,9,2,7,0,9,0,0,0,9,0,0,2,7,0,0,1,4,0,4,0,0,0,0,0,0,2,0,6,0,0,0,0,1,0,0,0,0
6201621,78,7,71,0,78,0,0,0,78,0,0,3,40,35,72,28,1,2,30,0,16,0,0,1,0,5,0,63,6,2,0,2,0,0,0,0,4
6206138,11,4,7,0,9,1,0,1,11,0,0,0,5,6,9,2,3,0,4,0,2,0,0,0,0,0,0,10,0,0,0,0,0,1,0,0,0
6222106,5,1,4,0,4,1,0,0,5,0,0,0,3,2,0,0,1,0,3,0,1,0,0,0,0,0,0,4,0,0,0,0,1,0,0,0,0
6227372,46,13,33,0,11,4,3,17,46,0,0,2,19,25,46,0,0,0,7,0,39,0,0,0,0,12,0,33,0,0,0,0,0,1,0,0,1
6228553,24,11,13,0,23,0,0,1,18,6,0,5,9,10,24,3,0,1,8,5,3,4,0,0,7,4,1,11,1,5,1,1,0,0,0,0,1
6230290,12,4,8,0,8,0,0,4,11,0,1,1,1,10,4,0,0,0,2,9,0,1,0,0,0,0,0,7,1,1,0,1,2,0,0,0,0
6241997,9,2,7,0,8,0,0,1,9,0,0,0,6,3,7,1,2,1,5,0,0,0,0,0,2,2,0,6,1,0,0,0,0,0,0,0,2
6245159,15,6,9,0,8,1,1,4,15,0,0,0,10,5,5,2,7,1,5,0,0,0,0,0,0,4,0,11,0,0,0,0,0,0,0,0,1
6248402,16,9,7,0,7,0,0,2,16,0,0,1,10,5,11,1,7,0,8,0,0,0,0,0,0,3,0,12,1,0,0,0,0,0,0,0,0
6252075,10,0,10,0,10,0,0,0,10,0,0,1,8,1,9,1,4,1,4,0,0,0,0,0,1,2,0,8,0,0,0,0,0,0,0,0,0
6252092,12,6,6,0,12,0,0,0,12,0,0,0,8,4,9,0,1,3,2,0,6,0,0,0,0,0,0,10,0,2,0,0,0,0,0,0,0
6254426,31,17,14,0,15,4,2,6,27,4,0,0,1,30,28,0,0,0,0,31,0,0,0,0,0,0,0,27,2,0,2,0,0,0,0,0,1
6254621,5,2,3,0,3,1,0,1,5,0,0,0,0,5,2,0,0,0,0,5,0,0,0,0,1,0,0,4,0,1,0,0,0,0,0,0,0
6258826,5,0,5,0,3,1,0,1,5,0,0,0,3,2,4,0,0,2,0,0,3,0,0,0,1,0,0,5,0,0,0,0,0,0,0,0,0
6262062,11,1,10,0,10,1,0,0,11,0,0,1,7,3,11,1,4,0,5,0,1,0,0,0,0,5,0,6,0,0,0,0,0,0,0,0,0
6264889,13,6,7,0,9,1,0,3,13,0,0,6,5,2,2,0,6,0,7,0,0,0,0,0,2,5,0,7,0,1,0,0,0,0,0,0,1
6269214,8,0,8,0,4,2,0,2,8,0,0,1,3,4,8,0,0,0,7,0,1,0,0,0,8,2,0,5,1,0,0,0,0,0,0,0,0
6282921,10,3,7,0,10,0,0,0,9,1,0,0,5,5,7,0,0,0,6,0,4,0,0,0,0,0,0,9,1,0,0,0,0,0,0,0,0
6286312,17,4,13,0,15,1,0,1,4,13,0,2,5,10,15,6,0,6,2,0,3,0,0,0,1,0,0,11,1,3,0,0,0,2,0,0,1
6292584,54,23,31,0,29,4,5,9,54,0,0,0,0,54,24,0,0,0,0,54,0,0,0,0,0,0,0,40,5,5,4,0,0,0,0,0,0
6292732,39,16,23,0,21,5,2,11,39,0,0,1,13,25,24,5,1,4,9,13,7,0,0,0,0,0,0,31,1,0,0,0,0,7,0,0,0
6297037,42,5,37,0,41,0,0,1,42,0,0,4,22,16,13,11,7,2,16,0,6,0,0,0,0,6,1,26,0,5,4,0,0,0,0,0,0
6299379,22,3,19,0,10,6,1,4,22,0,0,4,10,8,20,5,4,0,9,0,4,0,0,0,0,0,1,17,1,2,0,0,0,0,1,0,0
6307481,58,11,47,0,42,5,0,11,54,3,1,5,25,28,20,0,1,0,24,30,0,3,0,0,0,1,0,42,3,8,3,1,0,0,0,0,2
6319273,10,2,8,0,7,1,0,2,10,0,0,0,6,4,9,0,5,0,3,0,2,0,0,0,1,2,0,5,0,1,0,1,1,0,0,0,7
6323083,7,0,7,0,7,0,0,0,7,0,0,1,5,1,6,0,0,0,7,0,0,0,0,0,0,0,0,6,0,0,1,0,0,0,0,0,0
6324940,3,1,2,0,1,0,0,2,3,0,0,0,3,0,3,0,0,0,2,0,1,0,0,0,0,0,0,3,0,0,0,0,0,0,0,0,0
6337114,20,12,8,0,13,2,0,5,17,3,0,3,9,8,4,0,1,0,10,9,0,0,0,0,0,10,0,9,1,0,0,0,0,0,0,0,0
6344352,13,3,10,0,13,0,0,0,13,0,0,0,10,3,12,0,0,0,13,0,0,0,0,0,0,1,0,9,0,1,1,1,0,0,0,0,0
6346018,13,2,11,0,13,0,0,0,13,0,0,1,9,3,10,0,1,0,12,0,0,0,0,0,7,0,0,10,0,1,1,0,0,1,0,0,2
6360702,12,4,8,0,11,1,0,0,12,0,0,0,2,10,10,0,1,3,6,0,2,0,0,0,0,0,0,12,0,0,0,0,0,0,0,0,0
6361446,17,5,12,0,14,1,0,2,17,0,0,0,13,4,2,1,4,1,7,0,4,0,0,0,1,0,0,11,0,1,3,0,0,2,0,0,0
6363845,19,0,19,0,16,1,0,2,19,0,0,0,8,11,8,0,1,1,17,0,0,0,0,0,0,1,0,15,0,1,1,0,1,0,0,0,0
6377378,11,8,3,0,11,0,0,0,9,2,0,1,3,7,9,1,4,1,3,0,2,0,0,0,1,1,0,8,0,0,0,0,0,2,0,0,0
6378199,25,6,19,0,25,0,0,0,25,0,0,2,17,6,18,7,7,4,3,0,4,0,0,0,0,3,1,20,1,0,0,0,0,0,0,0,1
6378359,81,8,73,0,81,0,0,0,72,6,3,0,69,12,80,21,2,3,34,9,5,7,0,0,9,0,0,62,1,14,0,4,0,0,0,0,1
6381030,18,4,14,0,9,2,1,4,18,0,0,0,14,4,16,3,1,4,6,0,4,0,0,0,3,7,0,9,0,2,0,0,0,0,0,0,2
6382777,9,5,4,0,9,0,0,0,9,0,0,3,4,2,1,2,4,0,3,0,0,0,0,0,0,3,0,6,0,0,0,0,0,0,0,0,0
6384541,7,0,7,0,7,0,0,0,7,0,0,0,6,1,0,0,0,1,0,0,6,0,0,0,0,1,0,6,0,0,0,0,0,0,0,0,0
6385248,44,23,21,0,18,7,0,10,25,18,1,0,0,44,3,0,0,0,0,44,0,0,0,0,0,0,0,34,0,2,8,0,0,0,0,0,0
6389366,9,0,9,0,6,3,0,0,9,0,0,1,4,4,6,3,0,0,4,0,2,0,0,0,0,3,0,6,0,0,0,0,0,0,0,0,0
6399184,4,4,0,0,1,2,0,0,4,0,0,1,3,0,0,1,0,0,3,0,0,0,0,0,0,1,0,3,0,0,0,0,0,0,0,0,0
6400704,27,3,24,0,27,0,0,0,24,3,0,1,20,6,12,0,0,0,9,0,18,0,0,0,1,0,0,27,0,0,0,0,0,0,0,0,1
6402495,3,0,3,0,2,0,0,1,3,0,0,0,2,1,3,0,0,0,1,0,2,0,0,0,0,0,0,3,0,0,0,0,0,0,0,0,0
6404036,30,2,28,0,22,5,0,2,19,10,1,2,9,19,28,13,10,7,0,0,0,0,0,0,0,1,0,21,0,3,0,5,0,0,0,0,0
6412386,2,2,0,0,2,0,0,0,2,0,0,0,1,1,2,0,0,0,2,0,0,0,0,0,0,0,0,2,0,0,0,0,0,0,0,0,0
6414386,1,1,0,0,0,0,0,0,1,0,0,0,0,1,0,0,0,0,1,0,0,0,0,0,0,0,0,1,0,0,0,0,0,0,0,0,0
6417217,10,2,8,0,10,0,0,0,10,0,0,0,7,3,3,0,2,0,8,0,0,0,0,0,0,2,0,8,0,0,0,0,0,0,0,0,0
6417929,19,1,18,0,15,2,0,2,19,0,0,0,7,12,19,0,1,3,5,0,10,0,0,0,19,1,0,17,1,0,0,0,0,0,0,0,18
6424976,14,2,12,0,14,0,0,0,9,5,0,0,1,13,14,0,0,0,0,14,0,0,0,0,14,0,0,10,0,3,1,0,0,0,0,0,5
6431932,11,2,9,0,11,0,0,0,11,0,0,1,4,6,10,0,0,1,10,0,0,0,0,0,4,1,0,7,2,0,0,0,1,0,0,0,0
6434917,9,6,3,0,6,2,0,0,9,0,0,0,4,5,2,0,0,0,4,5,0,0,0,0,0,0,0,9,0,0,0,0,0,0,0,0,0
6439697,23,16,7,0,7,4,3,4,23,0,0,0,16,7,0,4,7,3,8,0,1,0,0,0,0,9,0,13,0,0,0,0,0,0,1,0,0
6449441,6,1,5,0,6,0,0,0,2,4,0,0,3,3,1,0,1,1,4,0,0,0,0,0,3,1,0,2,0,0,3,0,0,0,0,0,0
6450574,58,4,54,0,53,3,0,2,58,0,0,3,18,37,54,4,16,0,20,16,2,0,0,0,0,11,0,38,9,0,0,0,0,0,0,0,5
6461195,82,22,60,0,75,1,1,2,82,0,0,2,38,42,13,12,32,2,21,12,1,2,0,0,3,8,0,72,2,0,0,0,0,0,0,0,0
6476622,4,4,0,0,0,1,0,3,0,0,4,0,0,4,1,0,0,0,0,4,0,0,0,0,0,0,0,2,2,0,0,0,0,0,0,0,1
6481002,25,10,15,0,25,0,0,0,25,0,0,1,13,11,6,0,10,1,3,0,11,0,0,0,1,8,0,16,1,0,0,0,0,0,0,0,0
6484058,69,9,60,0,66,0,0,2,44,25,0,2,31,36,64,22,8,11,15,0,13,0,0,0,1,4,2,46,3,8,3,3,0,0,0,0,7
6485342,14,1,13,0,14,0,0,0,14,0,0,0,1,13,14,0,0,0,5,2,0,7,0,0,0,0,0,7,0,7,0,0,0,0,0,0,2
6497975,39,9,30,0,28,2,0,6,39,0,0,0,17,22,39,7,7,4,4,0,17,0,0,0,39,7,0,29,2,1,0,0,0,0,0,0,0
6498393,23,3,20,0,23,0,0,0,23,0,0,0,6,17,4,0,1,9,8,0,5,0,0,0,0,6,0,15,0,0,0,2,0,0,0,0,0
6499643,28,7,21,0,27,0,0,1,28,0,0,2,16,10,1,3,0,17,7,0,1,0,0,0,0,3,0,24,0,0,0,1,0,0,0,0,0
6502984,18,4,14,0,17,0,0,1,17,0,1,3,9,6,6,0,0,0,17,0,1,0,0,0,0,1,0,14,0,2,0,0,0,1,0,0,0
6507378,1,1,0,0,1,0,0,0,1,0,0,0,0,1,0,0,0,0,1,0,0,0,0,0,0,0,0,1,0,0,0,0,0,0,0,0,0
6514387,25,2,23,0,25,0,0,0,23,2,0,5,20,0,19,5,7,2,9,0,2,0,0,0,0,6,0,18,0,1,0,0,0,0,0,0,0
6529656,25,6,19,0,25,0,0,0,1,24,0,0,0,25,13,0,0,0,0,25,0,0,0,0,0,0,0,24,0,1,0,0,0,0,0,0,0
6534224,52,15,37,0,32,6,3,11,45,7,0,0,14,38,43,18,1,2,9,6,5,11,0,0,14,5,0,32,5,4,0,0,0,6,0,0,2
6540353,8,2,6,0,6,1,1,0,8,0,0,0,7,1,3,0,1,2,2,0,3,0,0,0,0,0,0,8,0,0,0,0,0,0,0,0,0
6562787,36,5,31,0,29,7,0,0,36,0,0,1,20,15,35,21,1,0,13,0,1,0,0,0,0,0,0,22,1,8,0,0,0,5,0,0,0
6568642,24,1,23,0,19,4,0,1,24,0,0,0,12,12,23,8,0,7,1,0,8,0,0,0,2,0,0,17,1,2,0,0,4,0,0,0,17
6577771,24,1,23,0,16,4,0,3,23,1,0,0,7,17,22,7,4,2,5,0,6,0,0,0,0,0,0,17,4,3,0,0,0,0,0,0,0
6579936,12,12,0,0,12,0,0,0,12,0,0,1,4,7,6,0,0,2,4,0,6,0,0,0,0,2,0,10,0,0,0,0,0,0,0,0,0
6584433,23,8,15,0,23,0,0,0,23,0,0,3,6,14,0,1,2,1,4,8,6,1,0,0,0,6,0,13,1,2,0,1,0,0,0,0,0
6584881,29,6,23,0,28,0,0,1,29,0,0,1,12,16,29,2,4,0,5,0,18,0,0,0,0,0,0,22,1,0,0,6,0,0,0,0,0
6590560,24,4,20,0,23,0,0,0,24,0,0,3,16,5,4,2,7,1,6,0,8,0,0,0,0,1,0,17,1,2,0,0,2,1,0,0,0
6590874,19,15,4,0,4,3,1,10,19,0,0,1,10,8,2,2,5,2,3,0,7,0,0,0,17,5,0,13,0,0,0,0,0,1,0,0,1
6598236,37,13,24,0,15,5,2,6,37,0,0,2,15,20,21,0,14,2,16,0,5,0,0,0,0,6,0,24,4,2,0,1,0,0,0,0,0
6609383,55,1,54,0,54,1,0,0,47,5,3,0,15,40,54,0,1,18,20,11,4,1,0,0,37,13,0,37,3,2,0,0,0,0,0,0,2
6612978,7,3,4,0,3,1,0,2,7,0,0,0,6,1,4,0,1,2,3,0,1,0,0,0,0,3,0,4,0,0,0,0,0,0,0,0,0
6642951,84,11,73,0,84,0,0,0,84,0,0,0,29,55,63,17,2,3,32,22,3,5,0,0,9,0,2,74,2,3,0,1,1,1,0,0,7
6645380,68,11,57,0,68,0,0,0,67,0,1,11,39,18,49,21,3,7,20,0,4,0,12,1,17,23,0,35,1,5,1,2,1,0,0,0,6
6649567,21,8,13,0,8,2,5,4,21,0,0,0,17,4,15,0,0,10,5,0,6,0,0,0,0,9,0,10,2,0,0,0,0,0,0,0,1
6650414,10,2,8,0,9,0,0,1,10,0,0,0,0,10,8,0,0,0,0,10,0,0,0,0,6,0,0,8,0,1,0,1,0,0,0,0,0
6651655,23,0,23,0,23,0,0,0,23,0,0,1,9,13,23,8,0,3,6,0,6,0,0,0,0,1,0,19,0,0,0,0,0,3,0,0,0
6660514,23,2,21,0,23,0,0,0,23,0,0,1,19,3,20,9,4,0,10,0,0,0,0,0,23,5,1,12,4,0,0,0,0,1,0,0,18
6664354,80,11,69,0,80,0,0,0,70,9,1,4,47,29,75,41,11,5,21,0,2,0,0,0,7,5,1,56,0,1,1,7,9,0,0,0,12
6667789,43,5,38,0,43,0,0,0,43,0,0,2,27,14,43,19,16,7,0,0,0,1,0,0,42,0,0,35,2,6,0,0,0,0,0,0,6
6677541,47,1,46,0,42,1,0,3,47,0,0,5,31,11,46,14,4,8,4,0,7,0,9,1,13,6,0,22,1,12,2,4,0,0,0,0,17
6678576,9,3,6,0,9,0,0,0,9,0,0,2,3,4,5,0,1,1,6,0,1,0,0,0,4,0,1,5,0,0,3,0,0,0,0,0,3
6678724,6,3,3,0,5,0,0,1,5,1,0,0,6,0,3,0,0,0,6,0,0,0,0,0,0,0,0,6,0,0,0,0,0,0,0,0,0
6682506,26,5,21,0,25,0,0,1,26,0,0,2,16,8,22,0,1,1,10,0,14,0,0,0,0,2,0,22,0,2,0,0,0,0,0,0,0
6688398,2,2,0,0,2,0,0,0,2,0,0,0,2,0,0,0,0,0,2,0,0,0,0,0,2,0,0,2,0,0,0,0,0,0,0,0,0
6691996,6,3,3,0,5,0,0,1,6,0,0,0,3,3,3,0,0,0,6,0,0,0,0,0,1,0,0,6,0,0,0,0,0,0,0,0,1
6694053,9,1,8,0,9,0,0,0,9,0,0,0,6,3,0,0,0,0,9,0,0,0,0,0,0,0,0,9,0,0,0,0,0,0,0,0,0
6694261,18,9,9,0,9,3,1,3,18,0,0,0,9,9,0,0,0,8,7,0,3,0,0,0,0,5,0,13,0,0,0,0,0,0,0,0,0
6703765,12,3,9,0,11,1,0,0,12,0,0,0,8,4,10,0,2,1,7,0,0,2,0,0,0,0,0,9,0,1,2,0,0,0,0,0,2
6709964,3,2,1,0,3,0,0,0,3,0,0,0,1,2,2,0,0,0,0,0,3,0,0,0,0,0,0,3,0,0,0,0,0,0,0,0,0
6716575,55,18,37,0,54,0,0,1,46,9,0,3,18,34,51,19,0,1,26,1,1,7,0,0,0,5,0,45,1,4,0,0,0,0,0,0,0
6735048,22,14,8,0,11,4,2,5,22,0,0,3,9,10,0,2,1,2,11,6,0,0,0,0,0,3,0,19,0,0,0,0,0,0,0,0,0
6738109,8,3,5,0,6,2,0,0,8,0,0,0,4,4,3,0,0,0,5,0,3,0,0,0,1,0,2,6,0,0,0,0,0,0,0,0,0
6738487,10,4,6,0,10,0,0,0,10,0,0,0,4,6,10,0,0,0,6,1,3,0,0,0,0,1,1,8,0,0,0,0,0,0,0,0,0
6752063,78,3,75,0,77,1,0,0,70,8,0,0,33,45,77,24,0,5,25,0,4,0,20,0,16,6,1,51,1,19,0,0,0,0,0,0,77
6756183,25,3,22,0,25,0,0,0,25,0,0,1,13,11,25,0,7,0,11,0,7,0,0,0,2,0,0,20,2,2,0,0,0,0,1,0,0
6774837,8,5,3,0,5,1,1,0,8,0,0,1,3,4,4,0,1,0,0,0,7,0,0,0,2,0,0,5,0,0,0,1,0,2,0,0,0
6777886,14,5,9,0,13,1,0,0,14,0,0,0,3,11,5,0,1,0,5,6,0,2,0,0,7,0,0,8,4,0,0,2,0,0,0,0,2
6787215,15,0,15,0,15,0,0,0,15,0,0,1,10,4,3,1,0,5,8,0,1,0,0,0,0,3,0,11,0,0,0,0,1,0,0,0,0
6787505,5,0,5,0,5,0,0,0,5,0,0,1,4,0,5,0,2,0,2,0,1,0,0,0,0,1,0,4,0,0,0,0,0,0,0,0,0
6789140,24,8,16,0,10,3,2,4,24,0,0,0,14,10,14,2,2,10,6,0,4,0,0,0,0,9,0,15,0,0,0,0,0,0,0,0,0
6796967,14,3,11,0,13,0,0,1,7,7,0,0,2,12,8,0,0,3,9,0,2,0,0,0,4,1,0,9,1,3,0,0,0,0,0,0,0
6799056,24,2,22,0,24,0,0,0,20,4,0,1,12,11,23,16,0,2,5,1,0,0,0,0,0,4,0,16,0,3,0,1,0,0,0,0,0
6807115,11,2,9,0,11,0,0,0,11,0,0,0,4,7,5,0,0,0,9,0,2,0,0,0,3,0,0,10,0,1,0,0,0,0,0,0,0
6809376,11,1,10,0,7,0,0,3,11,0,0,0,5,6,11,0,0,0,7,0,4,0,0,0,0,0,0,6,0,5,0,0,0,0,0,0,0
6809792,5,4,1,0,5,0,0,0,5,0,0,0,4,1,0,0,0,0,4,0,1,0,0,0,0,0,0,4,0,1,0,0,0,0,0,0,0
6821944,7,0,7,0,5,0,0,2,4,3,0,1,3,3,6,0,0,1,4,0,2,0,0,0,0,1,0,6,0,0,0,0,0,0,0,0,1
6823035,16,4,12,0,12,4,0,0,16,0,0,0,11,5,16,0,2,3,6,0,5,0,0,0,0,2,0,13,1,0,0,0,0,0,0,0,1
6832494,10,3,7,0,10,0,0,0,10,0,0,0,0,10,9,0,0,0,0,10,0,0,0,0,8,0,0,7,2,0,0,1,0,0,0,0,8
6837066,13,2,11,0,10,1,0,1,13,0,0,0,6,7,12,0,0,0,8,0,5,0,0,0,0,4,0,7,1,0,0,1,0,0,0,0,0
6841595,16,3,13,0,14,0,0,1,16,0,0,2,10,4,5,0,1,4,7,0,4,0,0,0,0,6,0,9,0,1,0,0,0,0,0,0,3
6843501,27,5,22,0,23,1,0,3,27,0,0,2,13,12,15,3,3,1,15,0,5,0,0,0,10,0,1,21,1,3,0,0,0,1,0,0,0
6845229,13,2,11,0,11,1,0,1,13,0,0,1,8,4,2,3,0,3,7,0,0,0,0,0,0,2,0,8,0,0,0,0,0,3,0,0,0
6847986,23,6,17,0,23,0,0,0,18,3,2,0,1,22,23,0,0,0,0,23,0,0,0,0,1,0,0,20,2,1,0,0,0,0,0,0,0
6851636,21,8,13,0,16,1,0,4,16,4,1,1,9,11,21,3,0,2,10,2,1,3,0,0,3,4,0,14,0,0,1,1,1,0,0,0,0
6853066,11,6,5,0,11,0,0,0,11,0,0,3,8,0,5,2,2,1,6,0,0,0,0,0,0,3,0,8,0,0,0,0,0,0,0,0,4
6864193,21,3,18,0,21,0,0,0,21,0,0,1,17,3,17,0,8,0,9,0,4,0,0,0,0,2,0,19,0,0,0,0,0,0,0,0,0
6874905,32,2,30,0,31,0,0,1,32,0,0,1,18,13,21,16,1,0,15,0,0,0,0,0,0,0,0,24,0,6,0,2,0,0,0,0,0
6880174,5,4,1,0,1,0,0,2,5,0,0,0,1,4,5,0,1,0,3,0,1,0,0,0,0,1,0,3,1,0,0,0,0,0,0,0,0
6887269,28,2,26,0,28,0,0,0,28,0,0,2,14,12,27,0,3,8,6,0,10,1,0,0,0,3,0,21,0,2,0,0,2,0,0,0,0
6887353,38,6,32,0,34,1,0,2,34,3,1,1,16,21,32,5,9,1,18,3,2,0,0,0,0,15,0,20,2,1,0,0,0,0,0,0,1
6887550,17,0,17,0,17,0,0,0,17,0,0,0,9,8,17,9,3,0,0,0,5,0,0,0,0,0,0,16,0,1,0,0,0,0,0,0,0
6892278,16,16,0,0,16,0,0,0,16,0,0,2,6,8,8,2,3,2,6,0,3,0,0,0,0,5,0,11,0,0,0,0,0,0,0,0,0
6903048,3,2,1,0,3,0,0,0,3,0,0,0,3,0,0,0,1,0,2,0,0,0,0,0,0,0,0,3,0,0,0,0,0,0,0,0,0
6904213,15,3,12,0,12,0,0,3,15,0,0,1,8,6,9,2,1,1,11,0,0,0,0,0,5,0,0,9,1,3,1,0,0,1,0,0,2
6908882,7,1,6,0,5,2,0,0,7,0,0,0,4,3,7,0,2,2,3,0,0,0,0,0,0,0,2,0,0,4,1,0,0,0,0,0,0
6931904,9,0,9,0,7,0,0,1,8,1,0,2,2,5,7,0,2,1,2,0,4,0,0,0,0,0,5,2,0,0,0,0,0,2,0,0,0
6934609,25,8,17,0,22,1,0,2,25,0,0,1,4,20,8,0,0,0,12,13,0,0,0,0,0,1,0,23,1,0,0,0,0,0,0,0,0
6942909,9,6,3,0,5,2,0,0,9,0,0,1,4,4,9,2,0,1,4,0,2,0,0,0,0,1,0,7,1,0,0,0,0,0,0,0,0
6945235,1,0,1,0,1,0,0,0,1,0,0,0,1,0,0,0,0,0,1,0,0,0,0,0,0,0,0,1,0,0,0,0,0,0,0,0,0
6946033,33,13,20,0,31,1,1,0,21,12,0,9,10,14,10,0,1,0,10,22,0,0,0,0,7,4,0,21,0,7,1,0,0,0,0,0,0
6951259,9,1,8,0,8,1,0,0,9,0,0,0,2,7,7,0,0,0,0,6,3,0,0,0,3,0,0,8,0,0,1,0,0,0,0,0,2
6951673,2,2,0,0,0,0,0,2,2,0,0,0,1,1,1,0,0,0,2,0,0,0,0,0,0,0,0,2,0,0,0,0,0,0,0,0,0
6958268,8,6,2,0,5,0,0,3,8,0,0,2,6,0,0,0,2,1,4,0,1,0,0,0,0,2,0,6,0,0,0,0,0,0,0,0,0
6964722,22,4,18,0,21,1,0,0,22,0,0,0,11,11,20,0,1,8,3,0,10,0,0,0,1,9,0,11,0,0,0,2,0,0,0,0,0
6966497,60,16,44,0,59,0,0,1,39,14,7,2,21,37,52,15,0,6,12,6,5,15,1,0,1,2,1,35,5,12,0,4,1,0,0,0,5
6968838,6,1,5,0,5,0,0,0,6,0,0,0,2,4,4,0,0,0,4,0,2,0,0,0,0,0,0,4,0,1,0,0,0,1,0,0,3
6977125,7,0,7,0,6,1,0,0,7,0,0,0,2,5,4,0,0,0,7,0,0,0,0,0,2,0,0,6,0,0,1,0,0,0,0,0,0
6989939,11,4,7,0,10,0,0,1,10,1,0,3,6,2,0,2,2,0,6,1,0,0,0,0,4,2,0,6,1,2,0,0,0,0,0,0,0
6996117,33,7,26,0,31,2,0,0,32,1,0,1,19,13,14,0,2,10,13,0,8,0,0,0,0,0,0,29,0,4,0,0,0,0,0,0,0
6999483,20,0,20,0,20,0,0,0,20,0,0,1,9,10,6,0,1,0,19,0,0,0,0,0,0,0,6,5,0,5,3,0,0,1,0,0,0
7008206,84,11,73,0,84,0,0,0,84,0,0,1,45,38,41,41,17,8,17,0,1,0,0,0,0,1,1,50,11,17,1,3,0,0,0,0,17
7009176,8,6,2,0,7,1,0,0,8,0,0,0,2,6,1,0,2,2,4,0,0,0,0,0,0,2,0,6,0,0,0,0,0,0,0,0,1
7012340,9,6,3,0,4,1,1,1,9,0,0,3,6,0,1,1,3,0,3,0,2,0,0,0,0,0,0,6,0,0,0,0,1,0,2,0,0
7016371,24,4,20,0,23,1,0,0,22,2,0,2,8,14,14,0,6,1,7,0,10,0,0,0,0,1,0,21,1,0,0,0,1,0,0,0,0
7023883,19,2,17,0,19,0,0,0,14,5,0,0,8,11,17,11,6,1,1,0,0,0,0,0,19,6,0,8,0,0,0,0,0,5,0,0,0
7024062,14,0,14,0,11,0,0,3,14,0,0,1,9,4,3,0,4,1,8,0,1,0,0,0,7,2,0,9,0,0,2,0,0,1,0,0,0
7027847,6,0,6,0,6,0,0,0,6,0,0,0,6,0,5,0,0,0,1,0,5,0,0,0,0,0,0,6,0,0,0,0,0,0,0,0,0
7029578,2,2,0,0,1,1,0,0,2,0,0,0,2,0,2,0,0,0,2,0,0,0,0,0,1,0,0,2,0,0,0,0,0,0,0,0,1
7038866,24,0,24,0,23,1,0,0,24,0,0,0,17,7,21,14,0,5,2,0,3,0,0,0,1,0,0,21,0,1,0,0,2,0,0,0,4
7044773,5,0,5,0,5,0,0,0,5,0,0,0,0,5,1,0,0,0,0,5,0,0,0,0,0,0,0,4,1,0,0,0,0,0,0,0,0
7050368,20,5,15,0,19,1,0,0,20,0,0,3,13,4,11,3,9,0,8,0,0,0,0,0,0,6,0,14,0,0,0,0,0,0,0,0,0
7050585,36,3,33,0,36,0,0,0,35,0,1,2,14,20,34,5,0,9,13,0,5,0,4,0,0,1,0,21,0,10,4,0,0,0,0,0,1
7051913,10,4,6,0,9,1,0,0,10,0,0,2,5,3,3,1,2,1,4,0,2,0,0,0,1,2,0,8,0,0,0,0,0,0,0,0,0
7052174,4,2,2,0,1,1,0,2,4,0,0,2,2,0,2,1,2,0,1,0,0,0,0,0,0,3,0,1,0,0,0,0,0,0,0,0,0
7052951,103,14,89,0,103,0,0,0,103,0,0,3,42,58,95,19,2,22,31,0,15,0,14,0,0,13,0,69,3,11,5,0,1,1,0,0,5
7056210,8,8,0,0,6,1,0,1,8,0,0,0,5,3,1,0,2,1,2,2,0,1,0,0,1,1,0,6,1,0,0,0,0,0,0,0,0
7068397,9,0,9,0,9,0,0,0,0,9,0,0,4,5,2,0,1,3,3,0,2,0,0,0,0,1,0,8,0,0,0,0,0,0,0,0,0
7070732,1,1,0,0,0,1,0,0,1,0,0,0,1,0,1,0,0,0,1,0,0,0,0,0,0,0,0,1,0,0,0,0,0,0,0,0,0
7075609,142,11,131,0,141,0,0,1,142,0,0,63,57,22,76,57,6,4,62,0,13,0,0,0,1,0,0,131,3,7,0,0,0,1,0,0,32
7078201,7,1,6,0,6,1,0,0,7,0,0,1,3,3,5,0,0,0,5,1,0,1,0,0,7,1,0,3,0,1,2,0,0,0,0,0,0
7079435,12,9,3,0,3,2,1,4,12,0,0,0,10,2,10,0,0,4,7,0,1,0,0,0,0,1,0,10,0,1,0,0,0,0,0,0,0
7081352,21,4,17,0,21,0,0,0,21,0,0,0,10,11,21,0,0,7,0,0,14,0,0,0,0,7,0,13,1,0,0,0,0,0,0,0,12
7081844,55,25,30,0,42,4,0,9,55,0,0,0,0,55,29,0,0,0,0,55,0,0,0,0,0,0,0,50,3,2,0,0,0,0,0,0,1
7083178,35,15,20,0,32,2,0,1,35,0,0,11,4,20,34,4,9,0,5,14,1,2,0,0,6,0,0,20,2,1,0,1,0,11,0,0,0
7093678,11,4,7,0,11,0,0,0,11,0,0,2,6,3,11,0,2,3,5,0,1,0,0,0,0,0,0,8,0,3,0,0,0,0,0,0,1
7095600,52,0,52,0,49,1,0,2,51,1,0,4,24,24,51,4,0,14,19,8,6,1,0,0,0,18,0,34,0,0,0,0,0,0,0,0,2
7101838,6,0,6,0,6,0,0,0,6,0,0,0,6,0,1,0,0,2,2,0,2,0,0,0,0,1,0,4,0,1,0,0,0,0,0,0,0
7105549,25,7,18,0,22,2,0,1,25,0,0,2,13,10,24,1,8,2,8,0,6,0,0,0,0,7,0,17,1,0,0,0,0,0,0,0,0
7105562,28,14,14,0,11,4,1,9,28,0,0,1,15,12,27,0,1,10,3,0,14,0,0,0,0,7,0,19,2,0,0,0,0,0,0,0,0
7108082,20,13,7,0,20,0,0,0,20,0,0,5,9,6,0,0,0,0,1,0,19,0,0,0,17,5,0,15,0,0,0,0,0,0,0,0,0
7115834,17,3,14,0,16,0,0,1,17,0,0,1,2,14,12,0,0,0,6,5,3,3,0,0,7,0,0,13,1,0,0,2,1,0,0,0,3
7116787,9,5,4,0,3,2,0,3,9,0,0,0,4,5,9,0,0,3,5,0,1,0,0,0,6,2,0,7,0,0,0,0,0,0,0,0,0
7133447,45,2,43,0,44,1,0,0,45,0,0,2,22,21,40,18,1,10,15,0,1,0,0,0,0,2,8,27,0,6,0,0,0,2,0,0,5
7135911,21,4,17,0,14,4,0,2,21,0,0,0,6,15,15,4,9,0,8,0,0,0,0,0,0,1,0,14,0,0,0,1,0,0,5,0,1
7143909,3,0,3,0,3,0,0,0,3,0,0,0,1,2,3,0,1,0,2,0,0,0,0,0,0,0,0,3,0,0,0,0,0,0,0,0,0
7154110,11,6,5,0,3,1,0,6,11,0,0,0,4,7,5,1,3,0,7,0,0,0,0,0,3,3,0,7,1,0,0,0,0,0,0,0,1
7168525,98,26,72,0,98,0,0,0,71,5,22,7,48,43,94,41,11,6,22,0,18,0,0,0,0,1,0,74,1,17,3,0,1,1,0,0,91
7174128,9,1,8,0,9,0,0,0,9,0,0,0,6,3,9,2,0,0,7,0,0,0,0,0,0,0,0,8,0,0,0,0,0,1,0,0,0
7175087,15,6,9,0,13,1,0,1,14,1,0,0,4,11,15,0,0,0,0,15,0,0,0,0,1,0,0,4,0,11,0,0,0,0,0,0,0
7176235,2,1,1,0,2,0,0,0,2,0,0,0,1,1,2,1,0,1,0,0,0,0,0,0,0,0,0,2,0,0,0,0,0,0,0,0,0
7177236,3,2,1,0,3,0,0,0,2,1,0,0,1,2,0,0,0,0,0,2,0,1,0,0,0,0,0,1,0,0,2,0,0,0,0,0,0
7188039,33,1,32,0,23,7,0,3,32,0,1,16,9,8,19,15,0,18,0,0,0,0,0,0,0,8,0,12,1,3,0,0,1,8,0,0,0
7188401,4,1,3,0,1,0,0,3,3,1,0,0,2,2,3,0,0,0,0,0,4,0,0,0,4,0,0,4,0,0,0,0,0,0,0,0,0
7197061,22,3,19,0,18,2,0,1,21,1,0,2,14,6,15,0,2,0,12,0,8,0,0,0,0,8,0,12,0,0,0,2,0,0,0,0,0
7202385,5,2,3,0,5,0,0,0,3,1,1,2,3,0,5,0,0,0,4,0,1,0,0,0,4,0,0,3,0,2,0,0,0,0,0,0,3
7205814,7,2,5,0,4,1,1,1,7,0,0,4,3,0,0,0,0,0,7,0,0,0,0,0,0,1,1,4,1,0,0,0,0,0,0,0,0
7211109,14,2,12,0,14,0,0,0,14,0,0,0,13,1,14,0,1,6,3,0,4,0,0,0,0,6,0,8,0,0,0,0,0,0,0,0,0
7213395,8,2,6,0,8,0,0,0,8,0,0,0,7,1,8,0,3,0,5,0,0,0,0,0,0,0,0,8,0,0,0,0,0,0,0,0,0
7223690,7,4,3,0,6,1,0,0,7,0,0,0,6,1,1,0,2,0,5,0,0,0,0,0,1,1,0,4,1,0,0,1,0,0,0,0,1
7231251,12,7,5,0,5,2,1,2,12,0,0,0,5,7,10,0,0,4,6,0,2,0,0,0,11,2,0,10,0,0,0,0,0,0,0,0,0
7242394,30,2,28,0,30,0,0,0,30,0,0,2,8,20,28,0,1,1,19,0,9,0,0,0,6,0,0,22,1,6,1,0,0,0,0,0,1
7247807,18,5,13,0,16,0,0,2,3,15,0,1,9,8,17,7,0,2,3,0,6,0,0,0,0,0,0,14,0,4,0,0,0,0,0,0,1
7258501,15,5,10,0,14,1,0,0,14,0,1,0,12,3,2,1,4,1,5,0,4,0,0,0,0,0,1,13,0,1,0,0,0,0,0,0,0
7273163,9,3,6,0,9,0,0,0,8,1,0,2,7,0,3,0,1,1,6,0,1,0,0,0,2,1,0,7,0,1,0,0,0,0,0,0,1
7293104,10,5,5,0,4,2,1,3,10,0,0,2,4,4,5,0,1,3,4,0,2,0,0,0,9,4,1,5,0,0,0,0,0,0,0,0,0
7293825,26,1,25,0,17,4,0,4,26,0,0,5,14,7,12,13,1,2,5,0,5,0,0,0,0,4,0,8,1,0,0,3,1,9,0,0,2
7296720,52,10,42,0,51,1,0,0,52,0,0,1,16,35,50,3,10,1,9,21,7,1,0,0,44,3,1,46,1,0,1,0,0,0,0,0,0
7296914,20,7,13,0,6,7,1,3,20,0,0,0,19,1,17,4,1,1,14,0,0,0,0,0,0,1,0,18,0,1,0,0,0,0,0,0,18
7307264,7,2,5,0,6,1,0,0,6,0,1,0,0,7,1,0,0,0,0,7,0,0,0,0,1,0,0,4,0,2,1,0,0,0,0,0,0
7316921,50,6,44,0,50,0,0,0,49,0,1,4,20,26,50,18,1,2,18,0,11,0,0,0,0,2,0,35,2,8,0,0,0,3,0,0,1
7323977,24,3,21,0,23,1,0,0,14,10,0,4,16,4,1,1,11,0,9,1,1,1,0,0,0,5,0,18,0,1,0,0,0,0,0,0,0
7334060,18,6,12,0,14,4,0,0,18,0,0,0,0,18,15,0,0,0,0,18,0,0,0,0,0,0,0,16,2,0,0,0,0,0,0,0,0
7340199,10,5,5,0,9,0,0,0,10,0,0,0,5,5,4,1,0,2,1,4,2,0,0,0,0,2,0,7,1,0,0,0,0,0,0,0,0
7346596,12,3,9,0,11,1,0,0,7,5,0,1,4,7,6,0,0,0,8,3,0,1,0,0,1,0,0,9,0,0,2,0,0,1,0,0,2
7354094,28,8,20,0,13,3,2,6,28,0,0,0,10,18,28,5,0,5,11,0,7,0,0,0,0,6,0,19,2,1,0,0,0,0,0,0,3
7358086,17,1,16,0,17,0,0,0,15,1,1,2,9,6,16,2,1,0,6,0,8,0,0,0,1,1,0,13,0,3,0,0,0,0,0,0,0
7358721,10,1,9,0,5,3,0,1,1,9,0,0,6,4,9,0,3,0,3,0,4,0,0,0,2,2,0,6,0,0,1,0,0,1,0,0,5
7365410,15,10,5,0,8,3,1,3,15,0,0,4,9,2,0,2,5,0,5,3,0,0,0,0,0,5,0,10,0,0,0,0,0,0,0,0,0
7371715,10,2,8,0,10,0,0,0,10,0,0,0,5,5,8,0,1,0,8,0,1,0,0,0,1,0,0,4,2,2,2,0,0,0,0,0,0
7374175,7,5,2,0,4,2,0,1,7,0,0,0,5,2,0,0,4,0,3,0,0,0,0,0,0,1,0,6,0,0,0,0,0,0,0,0,0
7380432,3,1,2,0,1,0,0,2,3,0,0,0,3,0,0,0,0,0,3,0,0,0,0,0,0,1,0,2,0,0,0,0,0,0,0,0,0
7381809,17,1,16,0,16,0,0,0,14,3,0,5,11,1,14,1,1,3,12,0,0,0,0,0,4,5,0,12,0,0,0,0,0,0,0,0,0
7388042,9,1,8,0,8,0,0,1,9,0,0,0,3,6,2,1,1,1,3,0,3,0,0,0,0,2,0,7,0,0,0,0,0,0,0,0,0
7388367,13,1,12,0,9,0,0,4,13,0,0,1,7,5,12,1,1,0,0,0,11,0,0,0,0,2,0,10,0,0,0,0,0,0,1,0,0
7389536,11,2,9,0,11,0,0,0,1,10,0,1,0,10,11,0,0,0,0,11,0,0,0,0,5,0,0,8,1,1,1,0,0,0,0,0,0
7402040,37,9,28,0,37,0,0,0,37,0,0,2,13,22,35,0,1,5,14,0,17,0,0,0,2,9,0,25,2,1,0,0,0,0,0,0,0
7418339,40,7,33,0,40,0,0,0,39,0,1,0,19,21,39,18,2,5,5,2,4,4,0,0,13,1,1,31,0,5,0,2,0,0,0,0,17
7421510,16,4,12,0,16,0,0,0,15,1,0,0,8,8,6,0,2,0,4,8,2,0,0,0,0,2,0,10,0,3,0,0,1,0,0,0,0
7434207,3,0,3,0,1,0,0,2,3,0,0,0,2,1,2,0,0,0,3,0,0,0,0,0,0,0,0,2,1,0,0,0,0,0,0,0,1
7437419,18,11,7,0,12,2,0,2,17,1,0,0,4,14,7,1,0,0,7,4,6,0,0,0,4,1,0,15,0,0,2,0,0,0,0,0,1
7444549,9,0,9,0,9,0,0,0,9,0,0,1,5,3,2,2,2,0,5,0,0,0,0,0,0,1,0,3,0,0,4,1,0,0,0,0,0
7446034,3,3,0,0,1,2,0,0,3,0,0,0,2,1,3,0,0,0,0,0,3,0,0,0,0,0,0,3,0,0,0,0,0,0,0,0,0
7446642,19,10,9,0,11,1,0,6,18,0,1,2,11,6,3,1,4,0,6,4,4,0,0,0,0,3,0,13,0,2,1,0,0,0,0,0,0
7448533,6,2,4,0,6,0,0,0,6,0,0,0,6,0,4,0,0,3,3,0,0,0,0,0,6,0,0,4,0,0,0,0,0,2,0,0,4
7449179,5,2,3,0,2,0,1,1,5,0,0,0,1,4,2,0,1,0,4,0,0,0,0,0,0,0,0,5,0,0,0,0,0,0,0,0,0
7450863,19,10,9,0,11,3,0,2,19,0,0,0,14,5,8,1,1,3,5,0,9,0,0,0,5,4,0,15,0,0,0,0,0,0,0,0,1
7451350,21,3,18,0,21,0,0,0,17,3,1,0,7,14,21,0,0,2,15,0,4,0,0,0,0,2,1,14,2,2,0,0,0,0,0,0,7
7453562,12,5,7,0,8,1,1,0,8,4,0,0,4,8,6,0,3,0,4,4,1,0,0,0,1,3,0,4,1,4,0,0,0,0,0,0,1
7460595,12,5,7,0,12,0,0,0,9,3,0,0,5,7,7,0,1,1,2,4,3,1,0,0,0,0,0,8,0,1,0,2,1,0,0,0,0
7462321,46,8,38,0,45,1,0,0,46,0,0,16,23,7,37,9,15,5,14,0,3,0,0,0,0,17,0,26,0,0,0,0,2,1,0,0,1
7466476,3,2,1,0,2,1,0,0,3,0,0,0,0,3,3,0,0,0,3,0,0,0,0,0,0,0,0,3,0,0,0,0,0,0,0,0,0
7468920,20,8,12,0,20,0,0,0,20,0,0,2,10,8,0,4,0,0,10,0,6,0,0,0,0,7,0,12,0,1,0,0,0,0,0,0,0
7473843,51,11,40,0,47,0,0,4,37,14,0,0,2,49,19,0,0,0,0,51,0,0,0,0,4,0,0,45,3,1,2,0,0,0,0,0,1
7483425,1,1,0,0,1,0,0,0,0,0,1,0,0,1,0,0,0,0,0,1,0,0,0,0,0,0,0,1,0,0,0,0,0,0,0,0,0
7484403,28,7,21,0,21,2,0,5,28,0,0,1,17,10,24,0,10,0,5,0,13,0,0,0,0,9,0,19,0,0,0,0,0,0,0,0,0
7493460,35,12,23,0,23,5,1,6,32,3,0,0,11,24,32,15,0,0,15,0,5,0,0,0,27,4,0,21,4,5,0,0,0,1,0,0,1
7495939,8,3,5,0,4,2,1,1,8,0,0,0,5,3,2,1,4,1,2,0,0,0,0,0,0,3,0,4,1,0,0,0,0,0,0,0,0
7504299,54,5,49,0,54,0,0,0,39,1,14,0,27,27,49,18,4,13,4,2,1,12,0,0,22,1,0,28,0,22,1,2,0,0,0,0,19
7518995,50,1,49,0,46,2,0,2,50,0,0,2,17,31,47,0,10,2,19,0,19,0,0,0,0,1,0,47,1,0,0,1,0,0,0,0,0
7519035,6,0,6,0,6,0,0,0,5,0,1,0,1,5,1,1,0,1,4,0,0,0,0,0,0,0,0,3,0,1,0,0,2,0,0,0,0
7530233,7,0,7,0,7,0,0,0,0,7,0,0,5,2,5,0,1,0,5,0,1,0,0,0,6,0,1,6,0,0,0,0,0,0,0,0,0
7543211,17,6,11,0,16,1,0,0,10,6,1,0,0,17,6,0,0,0,0,17,0,0,0,0,2,0,0,12,1,4,0,0,0,0,0,0,1
7545058,14,2,12,0,14,0,0,0,14,0,0,0,12,2,14,13,0,0,0,0,0,0,0,1,0,1,0,10,0,2,0,0,0,1,0,0,0
7550608,19,4,15,0,14,0,0,4,19,0,0,0,9,10,19,0,0,10,8,0,1,0,0,0,0,1,0,11,0,4,1,0,0,2,0,0,18
7553451,5,1,4,0,4,0,0,0,5,0,0,0,5,0,4,0,0,0,3,0,2,0,0,0,0,0,0,5,0,0,0,0,0,0,0,0,0
7560651,5,1,4,0,5,0,0,0,5,0,0,0,5,0,0,1,2,0,1,0,1,0,0,0,0,0,0,4,0,0,0,0,1,0,0,0,0
7561858,12,3,9,0,12,0,0,0,11,1,0,0,8,4,9,1,2,0,6,2,0,1,0,0,1,1,0,7,0,1,2,0,1,0,0,0,1
7568069,13,5,8,0,4,3,0,5,13,0,0,0,3,10,6,1,1,0,7,4,0,0,0,0,0,3,0,9,1,0,0,0,0,0,0,0,0
7569233,38,10,28,0,37,0,0,1,38,0,0,1,16,21,38,7,1,5,11,2,2,10,0,0,1,6,0,22,2,1,4,0,2,1,0,0,3
7570738,39,6,33,0,37,0,0,2,39,0,0,1,12,26,38,2,13,5,17,0,2,0,0,0,0,9,0,27,1,2,0,0,0,0,0,0,0
7574910,13,9,4,0,7,2,1,2,13,0,0,0,9,4,13,1,5,0,6,0,1,0,0,0,0,2,0,10,1,0,0,0,0,0,0,0,0
7577331,12,1,11,0,12,0,0,0,12,0,0,1,0,11,12,3,2,0,2,0,5,0,0,0,0,1,0,9,1,1,0,0,0,0,0,0,1
7584229,19,5,14,0,14,2,2,1,19,0,0,0,0,19,3,0,0,0,0,19,0,0,0,0,0,0,0,19,0,0,0,0,0,0,0,0,3
7591123,30,4,26,0,30,0,0,0,30,0,0,0,9,21,28,9,1,3,9,0,6,0,2,0,26,0,0,25,0,5,0,0,0,0,0,0,8
7591438,17,3,14,0,17,0,0,0,15,2,0,2,13,2,15,0,0,9,1,0,7,0,0,0,0,3,0,10,0,0,0,0,4,0,0,0,1
7598579,43,10,33,0,42,1,0,0,42,1,0,2,20,21,41,5,1,10,9,4,5,9,0,0,10,0,7,14,4,16,0,1,0,1,0,0,4
7599538,5,2,3,0,4,1,0,0,5,0,0,0,3,2,5,0,0,0,3,1,0,1,0,0,1,0,0,3,0,2,0,0,0,0,0,0,0
7602497,33,11,22,0,29,3,0,1,30,1,2,2,10,21,33,1,4,0,12,14,1,1,0,0,4,3,0,25,1,2,1,0,1,0,0,0,4
7613160,22,11,11,0,9,3,2,7,22,0,0,2,13,7,2,1,7,4,9,0,1,0,0,0,0,6,0,14,0,0,0,0,0,2,0,0,0
7617680,18,9,9,0,18,0,0,0,16,0,2,0,3,15,2,0,0,0,0,18,0,0,0,0,0,0,0,13,0,1,4,0,0,0,0,0,0
7625076,5,0,5,0,4,0,0,1,5,0,0,0,0,5,4,0,0,0,5,0,0,0,0,0,0,0,0,5,0,0,0,0,0,0,0,0,0
7631166,46,4,42,0,43,1,0,2,14,32,0,0,15,31,44,11,4,7,12,4,2,6,0,0,0,0,0,38,3,2,2,1,0,0,0,0,6
7637415,1,1,0,0,0,0,0,0,1,0,0,0,1,0,1,0,0,0,1,0,0,0,0,0,0,0,0,1,0,0,0,0,0,0,0,0,0
7640056,42,7,35,0,41,0,0,1,42,0,0,0,27,15,39,0,2,7,11,0,22,0,0,0,0,0,0,38,0,1,0,0,3,0,0,0,0
7646867,95,13,82,0,93,0,1,1,89,2,4,2,43,50,82,36,5,4,48,0,2,0,0,0,0,2,0,72,5,7,6,0,0,1,1,1,2
7647988,75,29,46,0,27,7,12,13,75,0,0,2,48,25,63,0,19,1,42,10,3,0,0,0,1,23,0,48,0,2,0,1,1,0,0,0,1
7658136,6,3,3,0,5,0,0,1,6,0,0,0,4,2,6,0,0,0,5,0,1,0,0,0,4,0,0,5,0,0,0,0,1,0,0,0,0
7660355,40,5,35,0,34,6,0,0,38,2,0,1,23,16,21,15,5,3,13,1,2,1,0,0,7,0,0,32,0,3,2,1,1,1,0,0,3
7662504,5,2,3,0,5,0,0,0,5,0,0,0,4,1,5,0,0,0,5,0,0,0,0,0,0,0,0,5,0,0,0,0,0,0,0,0,0
7664886,11,1,10,0,3,2,1,4,11,0,0,1,2,8,3,0,1,1,7,0,2,0,0,0,11,0,0,10,0,1,0,0,0,0,0,0,0
7668724,1,0,1,0,1,0,0,0,1,0,0,0,0,1,0,0,0,0,0,1,0,0,0,0,0,0,0,1,0,0,0,0,0,0,0,0,0
7670009,15,4,11,0,15,0,0,0,0,15,0,3,8,4,7,0,2,1,9,0,3,0,0,0,1,0,0,11,0,2,1,0,0,1,0,0,1
7676919,9,2,7,0,8,0,0,1,9,0,0,1,5,3,2,0,1,0,8,0,0,0,0,0,0,1,0,7,0,0,0,0,1,0,0,0,0
7680061,36,14,22,0,31,3,0,2,35,1,0,0,2,34,12,0,0,0,0,36,0,0,0,0,3,0,0,30,0,2,4,0,0,0,0,0,1
7687039,39,14,25,0,39,0,0,0,26,9,4,0,1,38,38,0,0,0,0,39,0,0,0,0,0,0,0,34,1,4,0,0,0,0,0,0,0
7687395,94,67,27,0,45,16,4,20,94,0,0,0,31,63,80,14,23,1,40,16,0,0,0,0,0,9,0,85,0,0,0,0,0,0,0,0,0
7693578,37,7,30,0,36,0,0,1,34,0,3,0,14,23,36,7,2,2,16,0,10,0,0,0,0,1,0,16,2,9,7,0,2,0,0,0,6
7695255,15,7,8,0,10,3,1,1,2,11,2,0,7,8,9,0,0,0,3,8,0,4,0,0,0,0,0,13,0,1,1,0,0,0,0,0,1
7696124,11,1,10,0,11,0,0,0,10,0,1,1,4,6,5,0,0,0,5,3,0,3,0,0,2,0,0,10,0,0,1,0,0,0,0,0,0
7697088,24,10,14,0,24,0,0,0,18,5,1,2,8,14,22,0,2,0,3,11,5,3,0,0,0,3,0,16,1,4,0,0,0,0,0,0,4
7700333,63,1,62,0,63,0,0,0,37,26,0,0,12,51,61,40,0,0,13,0,10,0,0,0,0,0,1,50,1,8,1,2,0,0,0,0,0
7714325,30,7,23,0,30,0,0,0,30,0,0,0,24,6,30,12,3,3,8,0,3,1,0,0,0,1,0,6,0,22,1,0,0,0,0,0,0
7714723,4,3,1,0,4,0,0,0,4,0,0,0,4,0,4,0,0,0,4,0,0,0,0,0,0,0,0,4,0,0,0,0,0,0,0,0,0
7722080,18,1,17,0,18,0,0,0,14,4,0,1,5,12,4,0,0,0,0,18,0,0,0,0,0,1,0,16,1,0,0,0,0,0,0,0,0
7727923,24,18,6,0,13,4,1,3,24,0,0,5,11,8,5,3,1,2,8,4,6,0,0,0,0,4,0,19,0,0,0,0,0,1,0,0,0
7733383,2,1,1,0,2,0,0,0,2,0,0,0,1,1,2,0,0,0,2,0,0,0,0,0,0,0,0,2,0,0,0,0,0,0,0,0,2
7743101,31,2,29,0,31,0,0,0,26,5,0,3,20,8,21,11,0,0,18,0,2,0,0,0,1,0,0,27,1,0,0,3,0,0,0,0,7
7743663,4,1,3,0,4,0,0,0,4,0,0,0,3,1,2,0,0,0,4,0,0,0,0,0,0,0,0,4,0,0,0,0,0,0,0,0,0
7757172,43,19,24,0,23,10,3,7,43,0,0,1,12,30,14,17,0,2,13,6,1,4,0,0,5,3,1,30,4,4,1,0,0,0,0,0,1
7769298,26,2,24,0,26,0,0,0,26,0,0,0,13,13,26,10,1,1,9,0,5,0,0,0,2,0,1,18,2,3,0,0,1,1,0,0,0
7773919,7,2,5,0,7,0,0,0,7,0,0,0,5,2,5,0,0,0,5,0,1,1,0,0,0,0,0,6,0,0,0,0,1,0,0,0,0
7781776,28,4,24,0,27,1,0,0,28,0,0,4,15,9,2,8,8,1,11,0,0,0,0,0,0,6,0,20,0,0,1,0,0,0,0,1,0
7785384,29,3,26,0,26,1,0,1,29,0,0,1,12,16,28,1,5,0,19,0,4,0,0,0,0,0,0,23,3,3,0,0,0,0,0,0,0
7785674,28,10,18,0,12,3,2,11,28,0,0,0,12,16,26,0,2,6,11,4,5,0,0,0,1,4,0,22,0,0,0,0,1,1,0,0,1
7797655,31,3,28,0,31,0,0,0,31,0,0,2,17,12,26,10,0,2,11,0,8,0,0,0,0,1,3,18,5,1,0,2,1,0,0,0,16
7799462,109,11,98,0,109,0,0,0,107,1,1,1,63,45,23,44,22,2,36,0,5,0,0,0,83,0,1,81,6,21,0,0,0,0,0,0,1
7805316,6,5,1,0,2,0,0,3,6,0,0,0,5,1,5,1,1,0,3,0,1,0,0,0,0,1,0,4,0,0,0,0,0,0,1,0,0
7822067,6,3,3,0,6,0,0,0,5,0,1,0,1,5,1,0,0,0,6,0,0,0,0,0,0,0,0,6,0,0,0,0,0,0,0,0,0
7823329,7,2,5,0,6,1,0,0,7,0,0,2,2,3,1,0,2,0,4,0,1,0,0,0,7,1,0,6,0,0,0,0,0,0,0,0,0
7824385,35,7,28,0,30,2,0,2,34,1,0,1,9,25,34,3,0,3,17,0,12,0,0,0,0,8,0,22,5,0,0,0,0,0,0,0,1
7827818,9,5,4,0,8,0,0,1,9,0,0,1,8,0,1,1,2,1,5,0,0,0,0,0,0,2,0,6,0,0,0,0,1,0,0,0,0
7828496,50,7,43,0,50,0,0,0,47,2,1,2,24,24,11,15,3,1,23,0,8,0,0,0,0,0,0,43,0,6,1,0,0,0,0,0,2
7831254,7,1,6,0,7,0,0,0,7,0,0,0,5,2,2,0,0,1,4,0,2,0,0,0,1,0,0,5,0,0,2,0,0,0,0,0,0
7831455,38,11,27,0,23,6,4,5,38,0,0,2,17,19,5,3,0,0,8,16,11,0,0,0,5,8,0,27,1,0,2,0,0,0,0,0,0
7831672,7,0,7,0,5,2,0,0,6,0,1,2,4,1,7,0,0,2,5,0,0,0,0,0,7,2,0,5,0,0,0,0,0,0,0,0,0
7832468,5,3,2,0,5,0,0,0,5,0,0,0,2,3,3,0,2,0,3,0,0,0,0,0,0,0,0,1,2,1,1,0,0,0,0,0,0
7834575,45,12,33,0,31,6,1,7,36,8,1,0,17,28,41,19,0,1,22,0,3,0,0,0,28,4,0,32,2,5,1,1,0,0,0,0,8
7837786,10,0,10,0,10,0,0,0,10,0,0,0,5,5,10,0,0,0,3,5,2,0,0,0,0,0,0,10,0,0,0,0,0,0,0,0,0
7837910,8,2,6,0,4,2,0,0,8,0,0,0,4,4,8,0,0,0,6,0,2,0,0,0,0,1,0,6,1,0,0,0,0,0,0,0,0
7838325,9,5,4,0,9,0,0,0,9,0,0,0,4,5,5,1,2,0,4,0,2,0,0,0,0,0,0,9,0,0,0,0,0,0,0,0,0
7839185,27,11,16,0,21,4,0,0,27,0,0,1,17,9,19,0,3,3,5,0,16,0,0,0,0,3,0,23,0,1,0,0,0,0,0,0,0
7844507,10,1,9,0,10,0,0,0,9,1,0,1,3,6,1,0,2,2,5,0,1,0,0,0,0,1,0,8,0,0,0,0,0,1,0,0,0
7850622,4,2,2,0,1,0,1,1,4,0,0,0,0,4,0,0,0,0,0,4,0,0,0,0,0,0,0,4,0,0,0,0,0,0,0,0,0
7869270,22,3,19,0,11,7,0,3,22,0,0,5,11,6,9,11,1,1,9,0,0,0,0,0,0,9,0,4,0,3,1,4,1,0,0,0,0
7881294,3,3,0,0,1,2,0,0,1,2,0,1,2,0,2,0,0,0,3,0,0,0,0,0,0,0,0,2,0,0,0,1,0,0,0,0,0
7890917,39,20,19,0,23,6,2,7,39,0,0,1,12,26,7,3,8,0,10,18,0,0,0,0,0,5,0,32,1,1,0,0,0,0,0,0,0
7898317,15,3,12,0,15,0,0,0,15,0,0,6,6,3,15,0,0,5,2,0,8,0,0,0,1,6,0,9,0,0,0,0,0,0,0,0,0
7902989,14,3,11,0,14,0,0,0,14,0,0,0,8,6,7,0,0,0,14,0,0,0,0,0,0,0,0,9,0,5,0,0,0,0,0,0,0
7904808,6,0,6,0,6,0,0,0,6,0,0,0,1,5,4,0,0,1,3,0,2,0,0,0,0,1,0,5,0,0,0,0,0,0,0,0,2
7905398,10,4,6,0,10,0,0,0,10,0,0,1,5,4,9,0,1,0,3,0,6,0,0,0,0,0,0,8,1,0,0,1,0,0,0,0,0
7912335,17,2,15,0,17,0,0,0,16,1,0,5,5,7,7,6,1,2,5,2,1,0,0,0,0,1,0,6,0,3,0,1,0,6,0,0,7
7929977,13,3,10,0,9,2,0,2,13,0,0,2,3,8,1,2,3,0,5,0,3,0,0,0,0,0,0,8,2,0,0,0,0,3,0,0,0
7936763,13,5,8,0,13,0,0,0,13,0,0,0,11,2,13,1,4,0,8,0,0,0,0,0,13,4,0,9,0,0,0,0,0,0,0,0,0
7947893,32,12,20,0,10,0,3,11,32,0,0,0,1,31,31,0,0,0,0,32,0,0,0,0,0,0,0,13,19,0,0,0,0,0,0,0,1
7948589,9,0,9,0,9,0,0,0,3,6,0,0,5,4,1,0,1,1,1,3,3,0,0,0,8,0,3,3,0,0,0,0,0,1,2,0,0
7953950,60,20,40,0,54,0,0,6,60,0,0,0,0,60,0,0,0,0,0,60,0,0,0,0,0,0,0,60,0,0,0,0,0,0,0,0,0
7958563,45,19,26,0,45,0,0,0,45,0,0,0,10,35,44,1,0,0,22,22,0,0,0,0,0,0,0,42,2,1,0,0,0,0,0,0,0
7966270,4,1,3,0,1,1,0,1,4,0,0,0,3,1,1,0,0,0,0,0,4,0,0,0,4,0,0,4,0,0,0,0,0,0,0,0,1
7990222,13,2,11,0,10,3,0,0,13,0,0,3,7,3,3,1,5,0,6,0,1,0,0,0,1,1,5,5,0,0,0,0,0,2,0,0,0
7996261,30,5,25,0,30,0,0,0,28,2,0,1,14,15,21,9,1,3,14,0,0,3,0,0,0,1,1,22,1,2,1,2,0,0,0,0,16
8002572,3,2,1,0,2,1,0,0,3,0,0,0,3,0,3,0,0,0,3,0,0,0,0,0,3,0,0,3,0,0,0,0,0,0,0,0,3
8002655,3,3,0,0,3,0,0,0,3,0,0,0,1,2,0,0,0,0,1,2,0,0,0,0,1,0,0,3,0,0,0,0,0,0,0,0,0
8004106,8,7,1,0,7,1,0,0,0,7,1,0,1,7,0,0,0,0,0,8,0,0,0,0,0,0,0,3,0,1,4,0,0,0,0,0,0
8016620,14,6,8,0,14,0,0,0,14,0,0,5,9,0,2,5,1,3,4,0,1,0,0,0,0,6,0,8,0,0,0,0,0,0,0,0,0
8041953,12,5,7,0,4,0,2,4,12,0,0,0,2,10,12,0,0,3,5,0,4,0,0,0,0,2,0,10,0,0,0,0,0,0,0,0,0
8042939,9,6,3,0,4,1,0,3,9,0,0,0,4,5,3,0,0,1,1,0,7,0,0,0,0,2,0,5,2,0,0,0,0,0,0,0,0
8047115,5,3,2,0,4,0,0,1,5,0,0,0,0,5,0,0,0,0,0,5,0,0,0,0,0,0,0,5,0,0,0,0,0,0,0,0,0
8047546,33,5,28,0,33,0,0,0,29,3,1,1,15,17,13,0,1,5,21,0,6,0,0,0,0,0,0,23,0,9,1,0,0,0,0,0,1
8051294,5,3,2,0,5,0,0,0,5,0,0,0,4,1,0,0,0,0,0,0,5,0,0,0,0,0,0,5,0,0,0,0,0,0,0,0,0
8051654,26,3,23,0,26,0,0,0,24,2,0,1,16,9,21,9,0,6,4,0,7,0,0,0,1,2,1,13,3,6,0,0,0,0,0,1,0
8051880,7,3,4,0,7,0,0,0,7,0,0,2,5,0,0,1,3,0,3,0,0,0,0,0,0,2,0,5,0,0,0,0,0,0,0,0,0
8052967,24,12,12,0,11,2,1,5,24,0,0,4,17,3,1,0,7,3,14,0,0,0,0,0,24,6,1,16,0,0,0,1,0,0,0,0,1
8053179,45,22,23,0,45,0,0,0,42,0,3,3,21,21,7,3,13,1,8,16,2,2,0,0,0,11,0,26,2,2,1,0,3,0,0,0,1
8055773,82,12,70,0,80,1,0,1,82,0,0,4,27,51,79,29,0,0,22,13,0,7,10,1,0,0,0,54,2,16,4,0,1,5,0,0,0
8057326,6,1,5,0,6,0,0,0,6,0,0,0,0,6,4,0,0,0,0,6,0,0,0,0,6,0,0,5,1,0,0,0,0,0,0,0,0
8070344,4,1,3,0,4,0,0,0,4,0,0,0,1,3,2,0,0,0,3,0,1,0,0,0,0,0,0,4,0,0,0,0,0,0,0,0,0
8074894,8,1,7,0,7,1,0,0,8,0,0,0,3,5,4,0,1,0,5,0,2,0,0,0,1,0,0,8,0,0,0,0,0,0,0,0,1
8076784,3,3,0,0,1,0,0,1,3,0,0,0,1,2,3,0,0,0,2,0,1,0,0,0,2,0,0,2,1,0,0,0,0,0,0,0,3
8082017,54,19,35,0,52,2,0,0,54,0,0,0,29,25,49,4,19,1,26,0,4,0,0,0,0,11,0,43,0,0,0,0,0,0,0,0,0
8088593,20,10,10,0,11,0,2,6,20,0,0,2,18,0,1,0,10,0,10,0,0,0,0,0,0,6,0,14,0,0,0,0,0,0,0,0,0
8095227,6,0,6,0,5,1,0,0,6,0,0,0,3,3,4,0,0,0,4,0,2,0,0,0,0,0,0,3,2,1,0,0,0,0,0,0,0
8102521,42,17,25,0,37,0,0,5,42,0,0,2,10,30,38,4,6,6,12,1,11,2,0,0,0,8,0,32,2,0,0,0,0,0,0,0,10
8105976,8,4,4,0,8,0,0,0,6,2,0,0,1,7,4,0,0,0,0,8,0,0,0,0,4,0,0,7,0,1,0,0,0,0,0,0,3
8106002,10,1,9,0,10,0,0,0,10,0,0,0,3,7,5,0,0,0,10,0,0,0,0,0,3,1,0,8,1,0,0,0,0,0,0,0,0
8112205,21,3,18,0,17,2,0,1,5,16,0,2,11,8,19,6,3,6,1,2,3,0,0,0,0,0,1,9,0,3,1,1,1,5,0,0,0
8116734,19,3,16,0,15,4,0,0,7,12,0,2,12,5,10,0,0,5,11,0,3,0,0,0,0,1,0,12,0,2,1,0,1,2,0,0,0
8117082,1,1,0,0,0,0,0,1,1,0,0,0,1,0,1,0,0,0,1,0,0,0,0,0,0,0,0,1,0,0,0,0,0,0,0,0,0
8118696,58,7,51,0,57,0,0,1,58,0,0,24,26,8,7,10,9,6,17,15,0,1,0,0,0,5,0,22,4,15,6,5,1,0,0,0,6
8137289,31,14,17,0,12,7,3,3,31,0,0,0,19,12,27,0,8,7,16,0,0,0,0,0,0,9,0,18,3,1,0,0,0,0,0,0,0
8145014,11,7,4,0,4,3,0,4,11,0,0,0,5,6,3,2,2,0,7,0,0,0,0,0,0,2,0,8,1,0,0,0,0,0,0,0,0
8157868,19,2,17,0,17,0,0,1,1,18,0,0,3,16,19,2,0,2,3,1,11,0,0,0,0,1,0,12,1,3,0,0,2,0,0,0,1
8166539,29,4,25,0,29,0,0,0,29,0,0,2,12,15,14,5,0,5,11,0,8,0,0,0,0,9,0,20,0,0,0,0,0,0,0,0,0
8169470,10,6,4,0,3,0,1,5,10,0,0,0,5,5,9,1,1,2,3,0,3,0,0,0,0,2,0,8,0,0,0,0,0,0,0,0,0
8181729,12,5,7,0,9,1,0,2,5,7,0,0,6,6,7,0,0,0,2,5,1,4,0,0,4,0,0,7,0,1,0,0,3,1,0,0,0
8182865,5,2,3,0,4,1,0,0,5,0,0,0,4,1,4,0,1,0,2,0,2,0,0,0,0,0,0,1,0,2,2,0,0,0,0,0,0
8184062,53,6,47,0,51,0,0,2,20,33,0,3,24,26,39,32,0,2,11,0,7,1,0,0,11,6,0,29,4,9,2,1,0,2,0,0,2
8188760,9,6,3,0,9,0,0,0,9,0,0,0,6,3,2,0,4,0,4,0,1,0,0,0,0,1,0,6,0,0,0,1,0,0,1,0,0
8190299,20,7,13,0,18,0,0,1,20,0,0,1,10,9,2,0,8,0,6,5,1,0,0,0,2,5,0,14,0,1,0,0,0,0,0,0,0
8194322,100,7,93,0,96,1,0,2,96,4,0,2,48,50,100,21,9,22,14,0,16,0,18,0,0,2,0,69,4,23,2,0,0,0,0,0,97
8202877,8,5,3,0,8,0,0,0,8,0,0,1,2,5,5,1,0,1,2,0,4,0,0,0,0,1,0,7,0,0,0,0,0,0,0,0,0
8206663,15,0,15,0,11,1,0,2,15,0,0,1,10,4,15,6,0,7,0,0,2,0,0,0,0,1,0,9,0,4,0,0,1,0,0,0,12
8207156,8,0,8,0,7,0,0,1,8,0,0,1,5,2,4,0,0,1,7,0,0,0,0,0,6,1,0,6,1,0,0,0,0,0,0,0,0
8209970,82,14,68,0,82,0,0,0,78,3,1,0,44,38,47,37,32,1,11,0,1,0,0,0,2,11,0,48,5,14,0,2,2,0,0,0,4
8214300,10,8,2,0,10,0,0,0,10,0,0,0,5,5,8,1,0,1,3,2,1,2,0,0,0,0,0,9,0,1,0,0,0,0,0,0,0
8214414,16,3,13,0,16,0,0,0,16,0,0,4,2,10,14,1,0,3,1,6,5,0,0,0,10,2,0,10,2,0,0,2,0,0,0,0,0
8217019,13,3,10,0,12,0,0,1,9,0,4,2,6,5,6,2,0,4,0,0,4,0,0,3,0,2,0,5,1,5,0,0,0,0,0,0,0
8221599,7,0,7,0,7,0,0,0,6,1,0,1,5,1,6,0,0,0,4,0,3,0,0,0,0,1,0,4,2,0,0,0,0,0,0,0,0
8222134,27,12,15,0,9,4,2,8,27,0,0,2,8,17,2,4,3,4,9,0,7,0,0,0,3,3,0,21,3,0,0,0,0,0,0,0,1
8224045,13,9,4,0,6,3,1,3,13,0,0,0,8,5,6,1,1,0,10,0,1,0,0,0,3,1,0,10,2,0,0,0,0,0,0,0,0
8225152,4,1,3,0,4,0,0,0,4,0,0,0,2,2,0,0,0,0,3,1,0,0,0,0,0,0,0,4,0,0,0,0,0,0,0,0,0
8225644,11,8,3,0,11,0,0,0,11,0,0,0,6,5,1,0,4,0,6,0,1,0,0,0,0,2,0,9,0,0,0,0,0,0,0,0,0
8225975,8,2,6,0,5,0,0,2,8,0,0,3,5,0,8,2,0,0,6,0,0,0,0,0,7,0,0,0,0,1,7,0,0,0,0,0,0
8231992,18,5,13,0,18,0,0,0,18,0,0,0,7,11,6,0,1,2,6,6,2,1,0,0,14,2,0,16,0,0,0,0,0,0,0,0,2
8238209,7,2,5,0,6,1,0,0,7,0,0,0,3,4,3,0,2,0,3,0,2,0,0,0,0,0,0,6,0,0,0,0,0,1,0,0,0
8241574,4,0,4,0,4,0,0,0,4,0,0,0,1,3,4,0,0,0,0,0,4,0,0,0,4,0,0,4,0,0,0,0,0,0,0,0,0
8242269,23,4,19,0,23,0,0,0,23,0,0,2,7,14,23,0,1,4,3,0,15,0,0,0,1,7,0,16,0,0,0,0,0,0,0,0,2
8243244,19,1,18,0,19,0,0,0,19,0,0,2,7,10,15,3,0,1,14,0,1,0,0,0,0,1,0,12,1,3,1,0,0,1,0,0,2
8243790,45,19,26,0,25,7,1,9,45,0,0,0,0,45,40,0,0,0,0,45,0,0,0,0,1,0,0,41,4,0,0,0,0,0,0,0,0
8246408,40,17,23,0,17,5,3,12,40,0,0,1,30,9,37,6,19,2,12,0,1,0,0,0,0,16,0,24,0,0,0,0,0,0,0,0,1
8248202,11,7,4,0,6,3,0,2,8,0,3,2,2,7,4,2,1,0,4,3,1,0,0,0,0,2,0,7,1,0,0,0,1,0,0,0,0
8270988,31,3,28,0,30,1,0,0,31,0,0,8,13,10,25,2,13,0,14,0,2,0,0,0,1,6,0,19,2,1,0,1,0,2,0,0,0
8272848,10,2,8,0,10,0,0,0,10,0,0,1,6,3,0,1,3,0,6,0,0,0,0,0,1,1,0,7,0,1,0,0,0,1,0,0,0
8277981,28,0,28,0,28,0,0,0,28,0,0,3,13,12,28,0,3,2,20,0,3,0,0,0,28,4,4,15,0,3,0,0,0,2,0,0,0
8278351,24,8,16,0,24,0,0,0,24,0,0,0,20,4,24,0,6,2,11,0,5,0,0,0,0,4,0,18,0,0,0,2,0,0,0,0,0
8281293,12,12,0,0,12,0,0,0,12,0,0,2,6,4,1,0,5,0,7,0,0,0,0,0,0,1,0,9,0,0,0,0,0,1,0,1,0
8282313,16,5,11,0,10,1,1,4,16,0,0,1,9,6,5,4,1,1,4,0,6,0,0,0,0,2,0,12,0,2,0,0,0,0,0,0,1
8285583,28,5,23,0,25,1,0,1,28,0,0,1,9,18,21,1,0,8,5,0,14,0,0,0,0,0,0,26,1,0,0,1,0,0,0,0,1
8287152,15,2,13,0,13,1,0,1,15,0,0,0,0,15,13,0,0,0,0,15,0,0,0,0,0,0,0,13,2,0,0,0,0,0,0,0,0
8289668,2,2,0,0,0,2,0,0,2,0,0,0,2,0,0,0,0,0,2,0,0,0,0,0,2,0,0,2,0,0,0,0,0,0,0,0,0
8289719,33,8,25,0,19,5,1,6,33,0,0,4,6,23,30,0,0,13,14,0,6,0,0,0,0,10,0,22,0,1,0,0,0,0,0,0,1
8295182,21,2,19,0,15,2,0,4,21,0,0,1,7,13,13,0,5,2,7,0,7,0,0,0,0,6,0,15,0,0,0,0,0,0,0,0,0
8297147,4,1,3,0,2,2,0,0,4,0,0,0,0,4,2,0,0,0,0,4,0,0,0,0,0,0,0,2,1,0,1,0,0,0,0,0,0
8298036,3,3,0,0,0,0,0,2,3,0,0,0,1,2,2,0,0,0,1,0,2,0,0,0,3,0,0,3,0,0,0,0,0,0,0,0,0
8301164,16,3,13,0,15,0,0,1,14,1,1,0,4,12,16,1,0,0,0,0,4,11,0,0,1,0,0,16,0,0,0,0,0,0,0,0,1
8314216,17,0,17,0,15,1,0,1,17,0,0,0,7,10,17,4,1,2,4,0,6,0,0,0,0,0,0,12,1,2,1,0,0,1,0,0,2
8314296,22,2,20,0,18,0,0,3,22,0,0,0,5,17,19,6,0,3,3,2,2,6,0,0,0,2,0,16,0,3,0,0,0,1,0,0,0
8314918,8,1,7,0,6,1,0,1,8,0,0,1,2,5,8,0,0,1,1,0,6,0,0,0,0,1,0,4,2,0,0,1,0,0,0,0,0
8322257,5,1,4,0,5,0,0,0,3,2,0,0,3,2,3,0,2,0,1,2,0,0,0,0,0,2,0,1,0,0,2,0,0,0,0,0,0
8328147,13,0,13,0,13,0,0,0,13,0,0,4,7,2,13,5,2,3,3,0,0,0,0,0,0,2,1,1,0,6,1,0,0,2,0,0,8
8358001,8,4,4,0,3,1,1,3,8,0,0,2,4,2,0,0,2,0,4,0,2,0,0,0,0,2,0,6,0,0,0,0,0,0,0,0,0
8365071,21,3,18,0,21,0,0,0,21,0,0,0,12,9,21,10,4,7,0,0,0,0,0,0,0,0,0,13,1,1,3,0,3,0,0,0,0
8367436,1,1,0,0,1,0,0,0,1,0,0,0,0,1,0,0,0,0,1,0,0,0,0,0,0,0,0,1,0,0,0,0,0,0,0,0,0
8368143,34,5,29,0,31,1,0,2,34,0,0,4,16,14,33,12,0,3,9,0,5,0,2,3,1,6,2,13,6,5,0,0,0,2,0,0,0
8370332,12,4,8,0,10,2,0,0,12,0,0,0,4,8,2,0,0,0,7,3,0,2,0,0,0,0,0,7,1,3,1,0,0,0,0,0,0
8370791,27,1,26,0,24,0,0,3,27,0,0,1,19,7,23,0,5,8,5,0,9,0,0,0,0,7,0,20,0,0,0,0,0,0,0,0,0
8375713,1,1,0,0,0,0,0,1,1,0,0,0,1,0,1,0,0,0,1,0,0,0,0,0,0,0,0,1,0,0,0,0,0,0,0,0,0
8382644,8,2,6,0,8,0,0,0,8,0,0,0,3,5,8,0,0,0,8,0,0,0,0,0,0,0,0,7,1,0,0,0,0,0,0,0,1
8386719,25,0,25,0,25,0,0,0,25,0,0,0,22,3,25,4,6,0,14,0,1,0,0,0,2,0,0,25,0,0,0,0,0,0,0,0,0
8391975,16,2,14,0,15,1,0,0,16,0,0,0,9,7,13,9,0,0,0,0,0,0,3,4,12,0,0,5,0,5,3,0,0,3,0,0,5
8396240,60,8,52,0,60,0,0,0,58,2,0,1,13,46,54,14,9,7,5,8,6,3,7,1,0,0,0,55,2,2,0,1,0,0,0,0,54
8425570,21,6,15,0,19,0,0,2,21,0,0,7,9,5,9,2,5,1,10,1,1,1,0,0,5,2,0,17,2,0,0,0,0,0,0,0,0
8439968,27,16,11,0,9,7,2,5,27,0,0,2,11,14,20,2,6,4,11,3,1,0,0,0,0,5,0,22,0,0,0,0,0,0,0,0,1
8448711,31,8,23,0,14,6,2,4,31,0,0,0,19,12,26,3,2,9,7,0,10,0,0,0,0,10,0,21,0,0,0,0,0,0,0,0,0
8449511,56,7,49,0,48,2,1,5,56,0,0,4,22,30,47,21,1,7,8,0,18,0,0,1,0,8,0,18,0,25,0,1,3,1,0,0,29
8449620,35,3,32,0,32,1,0,2,23,12,0,3,18,14,25,15,2,3,13,0,2,0,0,0,25,1,0,25,0,3,1,2,2,1,0,0,2
8453454,18,2,16,0,16,0,1,1,18,0,0,1,8,9,18,0,7,0,3,0,8,0,0,0,12,0,0,14,3,0,0,0,1,0,0,0,13
8454927,26,10,16,0,15,2,1,7,13,10,3,0,0,26,8,0,0,0,0,26,0,0,0,0,21,0,0,26,0,0,0,0,0,0,0,0,0
8461470,4,2,2,0,2,1,0,0,4,0,0,0,1,3,3,0,0,2,0,0,2,0,0,0,4,1,0,3,0,0,0,0,0,0,0,0,2
8468894,14,3,11,0,14,0,0,0,14,0,0,1,5,8,13,1,0,1,1,0,9,0,2,0,13,2,0,10,0,1,0,0,0,1,0,0,6
8476073,15,0,15,0,15,0,0,0,15,0,0,2,10,3,4,5,8,2,0,0,0,0,0,0,6,1,0,7,0,6,1,0,0,0,0,0,0
8480610,104,52,52,0,67,10,7,20,104,0,0,1,4,99,14,0,0,0,0,104,0,0,0,0,2,0,0,102,2,0,0,0,0,0,0,0,1
8489540,32,5,27,0,25,2,0,4,32,0,0,5,16,11,29,18,1,0,12,0,1,0,0,0,0,7,0,16,0,0,0,0,0,9,0,0,0
8489912,14,2,12,0,7,4,0,2,14,0,0,2,7,5,13,1,3,0,4,1,5,0,0,0,0,3,0,8,1,0,0,0,0,2,0,0,0
8498201,26,8,18,0,25,1,0,0,26,0,0,0,0,26,16,0,0,0,0,26,0,0,0,0,0,0,0,19,6,1,0,0,0,0,0,0,0
8503855,5,4,1,0,4,0,0,1,5,0,0,0,3,2,1,0,0,0,5,0,0,0,0,0,0,0,0,5,0,0,0,0,0,0,0,0,0
8512495,5,5,0,0,2,3,0,0,5,0,0,0,0,5,0,0,0,0,0,5,0,0,0,0,0,0,0,5,0,0,0,0,0,0,0,0,0
8523323,23,2,21,0,17,4,0,2,23,0,0,1,6,16,23,0,1,6,5,0,11,0,0,0,19,1,0,16,3,3,0,0,0,0,0,0,4
8524026,35,3,32,0,35,0,0,0,35,0,0,2,18,15,35,6,3,5,19,0,1,0,1,0,31,3,0,24,4,1,0,2,1,0,0,0,0
8530507,54,9,45,0,52,2,0,0,54,0,0,0,26,28,30,11,10,8,12,0,2,0,10,1,9,6,0,37,2,8,0,0,1,0,0,0,10
8536984,10,2,8,0,10,0,0,0,2,8,0,2,4,4,9,3,0,4,3,0,0,0,0,0,5,1,0,1,0,4,2,0,2,0,0,0,0
8547268,15,1,14,0,15,0,0,0,12,3,0,0,7,8,15,0,1,0,14,0,0,0,0,0,0,1,0,13,0,1,0,0,0,0,0,0,1
8549916,35,6,29,0,32,0,0,2,35,0,0,0,10,25,32,8,0,11,11,4,0,1,0,0,0,11,0,22,1,1,0,0,0,0,0,0,2
8553452,7,2,5,0,6,0,0,1,7,0,0,0,0,7,5,0,0,0,0,7,0,0,0,0,2,0,0,7,0,0,0,0,0,0,0,0,1
8556621,4,0,4,0,2,1,0,1,3,0,1,0,0,4,2,0,0,0,0,2,0,2,0,0,0,0,0,2,0,1,1,0,0,0,0,0,0
8558553,24,6,18,0,24,0,0,0,24,0,0,3,19,2,6,0,4,0,20,0,0,0,0,0,0,1,0,15,0,1,2,4,0,1,0,0,2
8560709,24,5,19,0,23,1,0,0,24,0,0,3,12,9,8,0,4,6,9,0,5,0,0,0,0,7,0,15,0,0,0,2,0,0,0,0,0
8565958,8,4,4,0,4,2,0,2,7,1,0,0,3,5,6,0,1,1,0,0,6,0,0,0,0,3,0,4,1,0,0,0,0,0,0,0,0
8573745,5,1,4,0,5,0,0,0,5,0,0,0,4,1,4,0,0,0,4,0,1,0,0,0,0,0,0,5,0,0,0,0,0,0,0,0,3
8580966,30,7,23,0,30,0,0,0,30,0,0,0,23,7,26,0,9,2,10,0,9,0,0,0,0,0,1,18,0,0,0,8,0,2,0,1,0
8581257,14,9,5,0,2,7,1,4,14,0,0,0,0,14,9,0,0,0,0,14,0,0,0,0,0,0,0,14,0,0,0,0,0,0,0,0,0
8585723,9,4,5,0,9,0,0,0,9,0,0,3,3,3,1,1,4,0,4,0,0,0,0,0,0,3,0,6,0,0,0,0,0,0,0,0,0
8591293,1,0,1,0,1,0,0,0,1,0,0,0,1,0,1,0,0,0,1,0,0,0,0,0,0,0,0,1,0,0,0,0,0,0,0,0,0
8602037,2,2,0,0,2,0,0,0,2,0,0,0,0,2,1,0,0,0,1,1,0,0,0,0,0,0,0,2,0,0,0,0,0,0,0,0,0
8603645,5,0,5,0,5,0,0,0,3,0,2,2,3,0,5,5,0,0,0,0,0,0,0,0,0,0,0,1,0,0,0,0,0,4,0,0,0
8617020,35,10,25,0,35,0,0,0,31,4,0,4,30,1,6,0,1,14,5,0,15,0,0,0,0,14,0,20,0,0,0,0,0,1,0,0,0
8628092,25,0,25,0,21,2,0,2,1,24,0,0,13,12,14,6,1,15,0,0,3,0,0,0,0,2,0,15,6,2,0,0,0,0,0,0,1
8628395,4,0,4,0,2,2,0,0,0,4,0,0,1,3,4,0,0,0,4,0,0,0,0,0,0,0,2,2,0,0,0,0,0,0,0,0,0
8628893,5,3,2,0,1,3,0,1,5,0,0,0,4,1,2,0,0,0,0,0,5,0,0,0,0,0,0,5,0,0,0,0,0,0,0,0,0
8628923,23,0,23,0,23,0,0,0,23,0,0,7,13,3,23,14,0,0,9,0,0,0,0,0,0,11,0,11,0,0,0,0,1,0,0,0,0
8631314,25,2,23,0,25,0,0,0,25,0,0,1,13,11,17,0,0,0,4,0,21,0,0,0,0,0,0,21,1,3,0,0,0,0,0,0,0
8631886,15,2,13,0,15,0,0,0,15,0,0,0,1,14,9,0,0,0,0,15,0,0,0,0,9,0,0,12,1,1,1,0,0,0,0,0,1
8637726,8,3,5,0,8,0,0,0,8,0,0,3,4,1,4,0,0,3,2,0,3,0,0,0,0,1,0,5,0,0,0,0,0,2,0,0,0
8655378,8,3,5,0,8,0,0,0,8,0,0,3,3,2,0,1,3,0,4,0,0,0,0,0,0,3,0,5,0,0,0,0,0,0,0,0,0
8658752,19,10,9,0,18,0,0,1,19,0,0,1,10,8,11,0,0,0,19,0,0,0,0,0,0,3,0,15,0,1,0,0,0,0,0,0,0
8660554,9,6,3,0,5,1,0,1,9,0,0,0,6,3,9,0,0,3,2,0,4,0,0,0,0,0,0,5,1,0,0,0,0,3,0,0,0
8662201,1,1,0,0,1,0,0,0,1,0,0,0,1,0,1,0,0,0,0,0,1,0,0,0,0,0,0,1,0,0,0,0,0,0,0,0,0
8664806,5,2,3,0,5,0,0,0,5,0,0,0,5,0,0,1,0,1,3,0,0,0,0,0,0,2,0,3,0,0,0,0,0,0,0,0,0
8665131,4,4,0,0,4,0,0,0,3,0,1,0,1,3,0,0,0,0,0,4,0,0,0,0,0,0,0,3,0,0,1,0,0,0,0,0,0
8666817,57,15,42,0,57,0,0,0,57,0,0,0,20,37,57,0,0,14,5,8,8,22,0,0,0,0,0,24,5,4,0,23,0,1,0,0,0
8669951,6,2,4,0,6,0,0,0,0,6,0,1,4,1,0,0,0,0,6,0,0,0,0,0,0,1,0,1,0,0,4,0,0,0,0,0,0
8678137,6,0,6,0,6,0,0,0,6,0,0,0,3,3,6,0,0,1,0,0,5,0,0,0,6,1,0,5,0,0,0,0,0,0,0,0,0
8680339,5,0,5,0,5,0,0,0,5,0,0,0,5,0,2,0,2,0,2,0,1,0,0,0,4,0,0,4,0,1,0,0,0,0,0,0,0
8682977,10,0,10,0,9,0,0,1,1,9,0,1,4,5,8,8,0,0,1,1,0,0,0,0,0,1,0,5,1,1,0,0,0,2,0,0,0
8684630,11,4,7,0,6,1,1,1,11,0,0,0,2,9,1,0,0,0,4,7,0,0,0,0,0,0,0,11,0,0,0,0,0,0,0,0,0
8687506,22,0,22,0,22,0,0,0,22,0,0,1,6,15,1,2,3,3,11,1,0,2,0,0,0,0,0,22,0,0,0,0,0,0,0,0,0
8696260,7,5,2,0,4,2,0,0,7,0,0,1,4,2,4,2,1,0,4,0,0,0,0,0,0,2,0,5,0,0,0,0,0,0,0,0,0
8696544,36,3,33,0,36,0,0,0,36,0,0,5,23,8,35,9,2,4,3,0,18,0,0,0,35,6,0,24,1,2,0,0,0,3,0,0,1
8697773,8,0,8,0,7,0,0,1,8,0,0,0,5,3,8,0,0,1,5,0,2,0,0,0,0,1,0,7,0,0,0,0,0,0,0,0,1
8700444,17,5,12,0,16,0,0,1,17,0,0,1,8,8,7,0,4,1,4,0,8,0,0,0,0,0,0,13,1,3,0,0,0,0,0,0,0
8712603,25,0,25,0,25,0,0,0,25,0,0,1,10,14,0,0,3,0,22,0,0,0,0,0,0,4,0,21,0,0,0,0,0,0,0,0,0
8717097,33,16,17,0,10,3,3,9,33,0,0,0,7,26,32,1,0,4,4,18,6,0,0,0,0,2,0,25,3,1,0,0,0,2,0,0,0
8718007,247,31,216,0,238,4,0,4,232,4,11,7,101,139,242,31,4,24,37,24,45,32,49,1,0,20,0,136,16,34,4,10,0,27,0,0,43
8719166,11,5,6,0,2,2,0,5,11,0,0,1,10,0,5,0,1,5,1,0,4,0,0,0,7,3,0,5,0,2,0,0,0,1,0,0,0
8726351,31,6,25,0,15,3,2,8,31,0,0,3,13,15,22,0,7,1,17,4,0,2,0,0,0,1,0,25,0,2,0,2,0,1,0,0,0
8731655,10,0,10,0,4,1,0,3,10,0,0,0,6,4,8,4,0,0,6,0,0,0,0,0,0,2,0,3,0,1,0,0,0,4,0,0,3
8740252,8,3,5,0,8,0,0,0,8,0,0,0,3,5,5,0,0,0,0,2,1,5,0,0,0,0,0,7,0,1,0,0,0,0,0,0,0
8742396,24,9,15,0,10,4,2,2,24,0,0,1,16,7,24,1,3,6,5,0,9,0,0,0,7,4,0,19,0,0,0,0,0,1,0,0,2
8743983,60,17,43,0,60,0,0,0,46,14,0,0,8,52,6,0,0,0,0,60,0,0,0,0,0,0,1,38,0,14,7,0,0,0,0,0,0
8759283,1,1,0,0,1,0,0,0,1,0,0,0,1,0,1,0,0,0,1,0,0,0,0,0,0,0,0,1,0,0,0,0,0,0,0,0,0
8762586,4,3,1,0,2,1,0,1,4,0,0,0,2,2,3,0,0,0,4,0,0,0,0,0,0,0,0,3,1,0,0,0,0,0,0,0,0
8765406,19,8,11,0,8,2,1,8,19,0,0,1,16,2,1,0,6,6,5,0,2,0,0,0,0,4,0,14,0,1,0,0,0,0,0,0,0
8766945,19,7,12,0,9,1,0,6,19,0,0,3,4,12,17,0,1,1,14,3,0,0,0,0,0,2,0,13,3,0,0,1,0,0,0,0,0
8778286,10,4,6,0,9,0,0,0,10,0,0,1,5,4,3,0,3,0,4,0,3,0,0,0,0,2,0,4,0,1,2,0,0,1,0,0,0
8784566,37,6,31,0,36,0,0,1,37,0,0,1,15,21,33,0,0,1,11,13,12,0,0,0,31,9,0,24,2,1,1,0,0,0,0,0,0
8785848,5,2,3,0,5,0,0,0,5,0,0,0,0,5,1,0,0,0,0,5,0,0,0,0,4,0,1,2,1,0,1,0,0,0,0,0,0
8791011,7,4,3,0,7,0,0,0,4,3,0,0,2,5,7,0,0,0,0,7,0,0,0,0,4,0,0,3,0,4,0,0,0,0,0,0,0
8800549,13,1,12,0,10,0,0,1,13,0,0,8,5,0,5,4,2,2,2,0,3,0,0,0,0,5,1,6,0,0,0,0,0,1,0,0,0
8800694,12,0,12,0,2,3,1,4,12,0,0,1,7,4,12,1,3,0,5,0,3,0,0,0,5,2,0,10,0,0,0,0,0,0,0,0,1
8803069,91,11,80,0,88,1,0,2,91,0,0,0,33,58,87,39,17,2,28,0,5,0,0,0,0,1,1,69,3,12,3,0,0,2,0,0,5
8806027,20,2,18,0,20,0,0,0,20,0,0,5,11,4,19,3,2,2,6,0,4,0,2,1,2,0,0,10,0,5,0,5,0,0,0,0,10
8810251,71,24,47,0,67,2,0,2,71,0,0,0,1,70,16,0,0,0,0,71,0,0,0,0,1,0,0,68,3,0,0,0,0,0,0,0,0
8812840,9,2,7,0,8,0,0,0,9,0,0,2,5,2,8,0,1,1,5,0,2,0,0,0,4,0,0,8,0,0,0,0,1,0,0,0,0
8826322,8,0,8,0,7,0,1,0,8,0,0,0,8,0,4,0,0,2,0,0,6,0,0,0,8,0,0,8,0,0,0,0,0,0,0,0,0
8835458,9,6,3,0,2,2,1,2,9,0,0,1,5,3,6,0,0,1,6,0,0,2,0,0,0,1,0,6,1,0,0,1,0,0,0,0,2
8838917,5,1,4,0,4,1,0,0,4,1,0,0,4,1,4,0,0,0,5,0,0,0,0,0,1,0,2,3,0,0,0,0,0,0,0,0,0
8849781,118,11,107,0,116,1,0,1,116,1,1,2,47,69,43,44,0,6,43,4,19,2,0,0,0,2,0,96,5,5,1,6,0,3,0,0,0
8849908,10,1,9,0,10,0,0,0,10,0,0,0,4,6,10,0,0,1,4,0,5,0,0,0,0,1,0,9,0,0,0,0,0,0,0,0,0
8854053,13,4,9,0,13,0,0,0,13,0,0,0,6,7,13,0,0,1,11,0,1,0,0,0,0,0,0,10,1,2,0,0,0,0,0,0,0
8861350,80,31,49,0,80,0,0,0,80,0,0,5,31,44,73,0,12,2,29,32,5,0,0,0,1,13,0,53,12,0,0,2,0,0,0,0,0
8862940,6,0,6,0,6,0,0,0,6,0,0,0,4,2,1,0,1,0,1,0,4,0,0,0,0,0,0,6,0,0,0,0,0,0,0,0,0
8865147,7,3,4,0,7,0,0,0,7,0,0,4,2,1,0,3,0,0,4,0,0,0,0,0,0,4,0,3,0,0,0,0,0,0,0,0,0
8865592,25,0,25,0,25,0,0,0,25,0,0,4,12,9,25,3,0,2,10,0,10,0,0,0,0,6,0,17,1,0,0,0,0,1,0,0,2
8867821,10,1,9,0,7,1,0,2,10,0,0,4,2,4,10,3,1,0,4,0,2,0,0,0,0,0,0,6,0,1,0,0,0,3,0,0,0
8868477,20,15,5,0,2,7,0,11,20,0,0,0,0,20,1,0,0,0,0,20,0,0,0,0,1,0,0,20,0,0,0,0,0,0,0,0,0
8876036,2,1,1,0,0,2,0,0,2,0,0,0,2,0,0,0,0,0,2,0,0,0,0,0,0,0,0,2,0,0,0,0,0,0,0,0,0
8881626,15,1,14,0,15,0,0,0,15,0,0,2,8,5,12,1,0,7,4,0,3,0,0,0,0,5,0,8,1,1,0,0,0,0,0,0,13
8895956,22,3,19,0,20,1,0,1,19,0,3,2,9,11,15,1,0,0,14,5,1,1,0,0,1,1,1,10,2,2,3,0,0,0,3,0,0
8899126,10,3,7,0,10,0,0,0,10,0,0,0,8,2,10,0,0,4,6,0,0,0,0,0,0,3,0,6,0,0,0,0,1,0,0,0,0
8903927,9,3,6,0,5,1,2,1,9,0,0,0,7,2,1,2,4,0,3,0,0,0,0,0,0,3,0,5,1,0,0,0,0,0,0,0,0
8908319,8,2,6,0,8,0,0,0,5,3,0,0,7,1,7,0,0,0,8,0,0,0,0,0,0,0,0,7,0,0,0,0,1,0,0,0,0
8911852,3,0,3,0,3,0,0,0,3,0,0,1,1,1,3,0,0,0,2,0,1,0,0,0,0,0,0,3,0,0,0,0,0,0,0,0,0
8912452,8,0,8,0,7,0,0,1,2,6,0,0,5,3,8,8,0,0,0,0,0,0,0,0,0,0,0,6,0,0,1,0,1,0,0,0,2
8936337,8,6,2,0,3,2,0,2,8,0,0,0,0,8,8,0,0,0,0,8,0,0,0,0,0,0,0,5,3,0,0,0,0,0,0,0,1
8973720,22,1,21,0,22,0,0,0,22,0,0,0,9,13,22,4,2,16,0,0,0,0,0,0,1,7,0,9,4,1,1,0,0,0,0,0,15
8983550,8,0,8,0,5,2,0,0,8,0,0,0,4,4,1,0,0,0,2,0,6,0,0,0,0,0,0,8,0,0,0,0,0,0,0,0,0
8987046,69,11,58,0,69,0,0,0,69,0,0,4,26,39,37,27,12,12,12,0,6,0,0,0,1,0,0,47,3,8,8,2,1,0,0,0,7
8990373,42,14,28,0,30,5,0,7,42,0,0,0,15,27,30,0,1,6,14,0,21,0,0,0,0,7,0,28,6,0,0,1,0,0,0,0,3
8996038,37,6,31,0,35,1,1,0,37,0,0,1,5,31,22,1,0,0,7,27,0,2,0,0,0,2,0,29,0,0,5,1,0,0,0,0,0
8996919,33,7,26,0,32,0,0,1,32,1,0,0,7,26,26,0,7,1,12,12,0,1,0,0,0,0,0,31,0,1,0,0,1,0,0,0,0
8997739,37,15,22,0,37,0,0,0,37,0,0,0,0,37,10,0,0,0,0,37,0,0,0,0,0,0,0,33,4,0,0,0,0,0,0,0,0
8999463,10,9,1,0,10,0,0,0,10,0,0,1,8,1,10,1,4,0,4,0,1,0,0,0,0,4,0,5,0,1,0,0,0,0,0,0,0
9003148,14,5,9,0,10,0,0,4,14,0,0,2,4,8,7,0,0,2,6,0,4,2,0,0,0,2,0,12,0,0,0,0,0,0,0,0,0
9010888,8,2,6,0,8,0,0,0,8,0,0,0,6,2,0,0,2,0,6,0,0,0,0,0,0,0,0,5,3,0,0,0,0,0,0,0,0
9014984,7,0,7,0,4,0,0,3,7,0,0,0,3,4,7,0,0,1,0,0,6,0,0,0,0,0,0,7,0,0,0,0,0,0,0,0,1
9016220,34,4,30,0,34,0,0,0,32,2,0,2,18,14,34,15,1,3,6,0,9,0,0,0,0,3,0,20,1,9,0,1,0,0,0,0,1
9016906,17,10,7,0,6,1,0,8,17,0,0,1,4,12,9,0,4,0,6,7,0,0,0,0,0,1,0,15,1,0,0,0,0,0,0,0,1
9020807,5,4,1,0,5,0,0,0,5,0,0,0,3,2,5,0,0,0,2,0,3,0,0,0,0,0,0,5,0,0,0,0,0,0,0,0,0
9026019,10,6,4,0,9,0,0,0,10,0,0,0,6,4,3,0,4,0,6,0,0,0,0,0,0,1,0,7,1,1,0,0,0,0,0,0,0
9034269,34,10,24,0,17,3,2,7,20,14,0,1,9,24,33,2,0,6,9,12,3,2,0,0,0,6,1,20,4,1,2,0,0,0,0,0,1
9036515,71,7,64,0,71,0,0,0,71,0,0,4,40,27,67,20,9,21,15,0,6,0,0,0,4,2,0,49,2,16,0,2,0,0,0,0,12
9040059,9,0,9,0,9,0,0,0,8,1,0,2,7,0,8,4,2,3,0,0,0,0,0,0,0,6,0,1,0,1,1,0,0,0,0,0,0
9047213,15,0,15,0,13,0,0,2,15,0,0,0,10,5,15,0,0,5,3,0,7,0,0,0,0,5,0,9,0,1,0,0,0,0,0,0,0
9048430,30,11,19,0,24,2,0,3,28,2,0,1,4,25,30,0,2,2,6,15,5,0,0,0,0,4,0,24,0,2,0,0,0,0,0,0,0
9055235,32,4,28,0,31,1,0,0,32,0,0,4,10,18,29,10,0,5,5,1,6,0,5,0,0,7,0,19,1,1,0,4,0,0,0,0,4
9057809,6,3,3,0,6,0,0,0,6,0,0,1,5,0,1,0,0,0,6,0,0,0,0,0,0,0,0,4,0,1,0,1,0,0,0,0,1
9068963,6,1,5,0,6,0,0,0,0,6,0,0,6,0,6,0,0,1,0,0,5,0,0,0,0,0,0,4,0,0,1,0,0,1,0,0,0
9071964,28,5,23,0,27,0,1,0,25,3,0,1,18,9,12,4,2,5,13,0,4,0,0,0,0,4,0,19,1,3,0,0,1,0,0,0,4
9073452,33,9,24,0,33,0,0,0,33,0,0,2,19,12,31,10,2,8,8,0,5,0,0,0,7,4,0,24,2,2,0,0,1,0,0,0,0
9081134,62,18,44,0,60,1,0,1,11,48,3,0,1,61,47,0,0,0,0,62,0,0,0,0,0,0,0,54,1,5,2,0,0,0,0,0,1
9081410,9,4,5,0,9,0,0,0,9,0,0,3,2,4,1,1,6,0,2,0,0,0,0,0,0,3,0,5,0,0,0,0,1,0,0,0,0
9083962,3,3,0,0,2,0,0,0,3,0,0,0,0,3,3,0,0,0,2,0,1,0,0,0,0,0,0,3,0,0,0,0,0,0,0,0,0
9089462,44,12,32,0,42,1,0,1,39,5,0,3,24,17,2,1,5,0,18,6,11,3,0,0,0,5,0,33,2,1,2,1,0,0,0,0,0
9092663,121,20,101,0,110,5,1,5,119,1,1,2,59,60,119,25,13,27,39,0,13,4,0,0,26,0,0,99,6,15,0,0,1,0,0,0,119
9092969,5,0,5,0,5,0,0,0,1,4,0,1,2,2,4,0,1,0,4,0,0,0,0,0,0,2,0,2,1,0,0,0,0,0,0,0,0
9093274,60,6,54,0,60,0,0,0,60,0,0,2,32,26,60,14,0,4,14,0,14,0,9,5,18,1,0,43,0,13,1,1,1,0,0,0,52
9093877,18,4,14,0,18,0,0,0,13,5,0,0,15,3,17,1,1,2,7,0,7,0,0,0,1,2,0,12,2,1,0,1,0,0,0,0,1
9095965,15,0,15,0,12,0,0,2,15,0,0,0,5,10,14,0,3,0,5,0,7,0,0,0,0,4,0,11,0,0,0,0,0,0,0,0,1
9097237,2,1,1,0,0,1,0,1,2,0,0,0,1,1,1,0,0,0,1,0,1,0,0,0,0,0,0,2,0,0,0,0,0,0,0,0,0
9101519,34,11,23,0,34,0,0,0,33,0,1,0,6,28,34,0,0,0,0,34,0,0,0,0,0,0,0,16,1,14,3,0,0,0,0,0,0
9106318,14,10,4,0,8,4,0,2,9,0,5,1,1,12,4,0,0,0,0,14,0,0,0,0,3,1,0,6,2,2,3,0,0,0,0,0,0
9112417,12,7,5,0,9,2,0,1,11,1,0,0,0,12,12,0,0,0,0,12,0,0,0,0,0,0,0,9,2,1,0,0,0,0,0,0,0
9114561,12,1,11,0,12,0,0,0,12,0,0,3,6,3,12,1,1,1,3,0,4,0,1,1,0,2,0,5,2,3,0,0,0,0,0,0,6
9116342,3,2,1,0,0,2,0,1,3,0,0,0,3,0,0,0,0,0,1,0,2,0,0,0,0,0,0,3,0,0,0,0,0,0,0,0,0
9117703,34,5,29,0,33,1,0,0,27,7,0,1,25,8,32,11,10,1,10,0,2,0,0,0,15,1,0,29,0,2,0,0,0,2,0,0,3
9127132,3,3,0,0,3,0,0,0,3,0,0,0,3,0,0,0,0,0,3,0,0,0,0,0,3,0,0,3,0,0,0,0,0,0,0,0,0
9133983,17,10,7,0,9,2,1,4,17,0,0,0,15,2,14,1,0,5,2,0,9,0,0,0,0,5,0,12,0,0,0,0,0,0,0,0,0
9140268,17,6,11,0,14,2,0,1,14,0,3,0,0,17,15,0,0,0,0,17,0,0,0,0,17,0,0,14,3,0,0,0,0,0,0,0,0
9141585,6,0,6,0,4,2,0,0,6,0,0,0,0,6,0,0,0,0,6,0,0,0,0,0,0,0,0,6,0,0,0,0,0,0,0,0,0
9143852,5,3,2,0,3,1,0,1,5,0,0,0,3,2,4,0,1,0,3,0,1,0,0,0,0,1,0,4,0,0,0,0,0,0,0,0,0
9150873,2,2,0,0,2,0,0,0,2,0,0,0,0,2,1,0,0,0,0,2,0,0,0,0,0,0,0,2,0,0,0,0,0,0,0,0,0
9154962,37,1,36,0,33,2,0,2,37,0,0,1,18,18,37,8,0,6,10,0,7,0,6,0,0,5,0,14,2,12,1,0,1,2,0,0,17
9165340,22,11,11,0,20,1,0,1,22,0,0,0,13,9,4,0,9,3,10,0,0,0,0,0,0,2,0,19,0,1,0,0,0,0,0,0,0
9172179,3,0,3,0,3,0,0,0,3,0,0,0,3,0,3,0,0,0,3,0,0,0,0,0,0,0,0,3,0,0,0,0,0,0,0,0,0
9183590,18,3,15,0,18,0,0,0,18,0,0,0,15,3,5,3,5,0,8,0,2,0,0,0,0,3,0,15,0,0,0,0,0,0,0,0,1
9187432,75,5,70,0,75,0,0,0,75,0,0,1,38,36,74,29,8,8,21,0,9,0,0,0,68,4,0,53,1,10,1,0,0,5,1,0,70
9188838,13,5,8,0,13,0,0,0,13,0,0,0,9,4,6,0,3,0,6,0,4,0,0,0,11,3,0,10,0,0,0,0,0,0,0,0,1
9190204,25,5,20,0,21,2,0,2,25,0,0,0,18,7,4,1,7,5,11,0,1,0,0,0,0,9,0,15,0,0,0,1,0,0,0,0,0
9192259,34,1,33,0,34,0,0,0,34,0,0,0,22,12,17,13,6,1,6,0,6,0,1,1,5,0,0,27,5,2,0,0,0,0,0,0,11
9193730,10,4,6,0,10,0,0,0,9,1,0,0,4,6,10,0,2,0,2,2,3,1,0,0,0,1,0,8,0,1,0,0,0,0,0,0,0
9194497,6,1,5,0,2,1,0,0,6,0,0,0,2,4,4,0,0,1,4,0,1,0,0,0,0,1,0,5,0,0,0,0,0,0,0,0,1
9205883,13,0,13,0,13,0,0,0,13,0,0,4,6,3,12,4,0,3,0,0,1,0,0,5,0,5,0,4,0,2,0,0,0,2,0,0,0
9213224,18,1,17,0,13,1,0,4,0,18,0,0,13,5,8,0,0,0,17,0,1,0,0,0,1,2,1,15,0,0,0,0,0,0,0,0,1
9213791,9,0,9,0,8,1,0,0,9,0,0,0,5,4,9,0,1,2,2,0,4,0,0,0,0,4,0,4,1,0,0,0,0,0,0,0,0
9214445,1,1,0,0,1,0,0,0,0,1,0,0,1,0,1,0,0,0,0,0,1,0,0,0,1,0,1,0,0,0,0,0,0,0,0,0,0
9214933,34,4,30,0,32,1,0,1,34,0,0,1,17,16,33,11,1,8,4,0,10,0,0,0,0,1,0,16,3,3,2,0,0,9,0,0,5
9215904,8,0,8,0,8,0,0,0,8,0,0,0,5,3,0,0,0,0,4,0,4,0,0,0,8,0,0,8,0,0,0,0,0,0,0,0,1
9216638,14,6,8,0,11,3,0,0,14,0,0,0,11,3,3,0,5,2,6,0,1,0,0,0,0,0,1,8,0,0,5,0,0,0,0,0,0
9221961,89,11,78,0,82,0,0,7,71,18,0,9,51,29,88,28,13,12,16,0,3,0,17,0,0,17,0,66,2,0,1,2,0,1,0,0,89
9226616,10,2,8,0,9,0,0,0,9,0,1,0,6,4,5,0,0,1,1,0,8,0,0,0,1,0,0,9,0,1,0,0,0,0,0,0,1
9228691,7,5,2,0,1,2,1,2,7,0,0,0,4,3,2,1,0,1,4,0,1,0,0,0,0,1,0,6,0,0,0,0,0,0,0,0,2
9235683,33,0,33,0,29,0,0,3,33,0,0,1,14,18,29,3,10,4,16,0,0,0,0,0,0,7,0,24,2,0,0,0,0,0,0,0,2
9239159,29,6,23,0,29,0,0,0,26,3,0,1,18,10,14,9,2,1,12,0,5,0,0,0,1,2,0,20,0,4,0,0,2,1,0,0,2
9241029,23,6,17,0,20,1,0,2,23,0,0,2,3,18,23,0,1,0,8,14,0,0,0,0,23,5,0,18,0,0,0,0,0,0,0,0,0
9243602,31,6,25,0,31,0,0,0,31,0,0,5,23,3,4,4,9,2,11,0,5,0,0,0,0,14,0,17,0,0,0,0,0,0,0,0,30
9247547,14,1,13,0,9,5,0,0,6,8,0,6,6,2,14,14,0,0,0,0,0,0,0,0,8,4,0,0,0,0,0,0,0,10,0,0,0
9250168,18,3,15,0,18,0,0,0,18,0,0,0,0,18,18,0,0,0,0,18,0,0,0,0,3,0,0,15,0,0,3,0,0,0,0,0,0
9251614,8,5,3,0,7,0,0,0,8,0,0,0,8,0,7,1,0,2,5,0,0,0,0,0,0,3,0,5,0,0,0,0,0,0,0,0,0
9258275,10,8,2,0,4,2,0,3,10,0,0,0,5,5,9,2,1,1,3,0,3,0,0,0,1,1,0,9,0,0,0,0,0,0,0,0,1
9266066,14,2,12,0,13,0,0,0,14,0,0,1,11,2,14,2,2,3,4,0,3,0,0,0,0,5,0,9,0,0,0,0,0,0,0,0,0
9268093,7,1,6,0,7,0,0,0,7,0,0,0,5,2,1,0,2,0,3,0,2,0,0,0,3,0,0,5,0,1,1,0,0,0,0,0,0
9269755,23,6,17,0,17,1,0,3,22,1,0,4,13,6,17,0,0,6,3,5,8,1,0,0,20,4,0,15,0,0,0,0,0,4,0,0,1
9270229,18,1,17,0,16,2,0,0,18,0,0,3,12,3,8,0,2,0,15,0,1,0,0,0,0,1,0,5,0,7,5,0,0,0,0,0,0
9273129,10,3,7,0,8,1,0,0,10,0,0,0,5,5,9,1,0,0,6,1,0,2,0,0,3,0,0,10,0,0,0,0,0,0,0,0,0
9275426,28,5,23,0,27,1,0,0,28,0,0,2,11,15,26,6,2,3,1,0,6,10,0,0,0,4,0,13,2,3,5,0,0,1,0,0,0
9279104,8,2,6,0,8,0,0,0,8,0,0,0,4,4,0,0,1,0,7,0,0,0,0,0,0,0,0,7,1,0,0,0,0,0,0,0,0
9279776,4,0,4,0,4,0,0,0,4,0,0,0,4,0,0,1,1,0,2,0,0,0,0,0,0,0,0,2,0,0,0,0,2,0,0,0,0
9280226,55,21,34,0,30,9,3,12,48,7,0,0,24,31,52,4,3,10,6,11,20,1,0,0,0,3,0,50,1,0,1,0,0,0,0,0,0
9305324,7,4,3,0,7,0,0,0,7,0,0,0,4,3,7,1,0,0,1,0,5,0,0,0,0,0,0,5,0,2,0,0,0,0,0,0,0
9322423,25,1,24,0,24,0,0,1,15,10,0,8,13,4,19,14,2,6,2,0,1,0,0,0,5,4,2,8,2,1,0,0,0,7,1,0,12
9325226,12,5,7,0,4,1,1,4,12,0,0,1,7,4,4,0,1,2,4,0,5,0,0,0,0,1,0,10,0,1,0,0,0,0,0,0,0
9326075,19,4,15,0,8,2,1,7,19,0,0,2,10,7,3,0,0,6,2,0,11,0,0,0,0,5,0,12,1,0,0,0,0,1,0,0,1
9334755,59,9,50,0,53,5,0,1,59,0,0,1,20,38,43,0,0,0,35,23,0,1,0,0,2,7,0,44,1,4,1,0,0,0,2,0,2
9347695,23,11,12,0,21,0,0,1,23,0,0,0,8,15,17,2,10,0,9,0,2,0,0,0,6,6,0,17,0,0,0,0,0,0,0,0,0
9350807,64,6,58,0,64,0,0,0,44,18,2,3,37,24,64,16,4,7,24,0,8,0,4,1,0,7,0,39,0,12,1,5,0,0,0,0,1
9351213,70,5,65,0,69,1,0,0,47,23,0,6,41,23,7,43,5,0,8,0,14,0,0,0,0,8,1,45,2,5,6,1,1,1,0,0,0
9352514,2,1,1,0,2,0,0,0,2,0,0,0,1,1,2,0,0,0,0,0,2,0,0,0,0,0,0,2,0,0,0,0,0,0,0,0,0
9352567,5,5,0,0,5,0,0,0,5,0,0,0,4,1,5,0,0,0,1,0,4,0,0,0,0,0,0,4,0,1,0,0,0,0,0,0,0
9372099,10,9,1,0,5,1,1,2,10,0,0,0,9,1,6,1,0,0,7,0,2,0,0,0,0,0,0,9,0,0,0,0,0,0,1,0,2
9376347,30,12,18,0,26,0,0,3,30,0,0,0,0,30,25,0,0,0,0,30,0,0,0,0,3,0,0,29,1,0,0,0,0,0,0,0,0
9376458,33,16,17,0,11,5,3,11,33,0,0,4,17,12,1,0,4,1,16,9,3,0,0,0,0,3,0,27,2,1,0,0,0,0,0,0,1
9377890,32,13,19,0,31,1,0,0,19,13,0,1,0,31,16,0,0,0,0,32,0,0,0,0,4,0,1,26,3,1,1,0,0,0,0,0,2
9378578,8,2,6,0,5,0,1,2,7,1,0,0,2,6,3,0,2,0,5,0,0,1,0,0,0,0,0,8,0,0,0,0,0,0,0,0,0
9381339,7,1,6,0,7,0,0,0,7,0,0,0,2,5,2,0,0,1,0,0,6,0,0,0,2,0,0,6,0,1,0,0,0,0,0,0,0
9383616,2,2,0,0,1,0,0,1,2,0,0,0,2,0,1,0,0,0,2,0,0,0,0,0,1,0,0,2,0,0,0,0,0,0,0,0,0
9387485,33,1,32,0,25,5,0,3,33,0,0,2,18,13,7,0,15,2,12,3,1,0,0,0,4,0,0,31,0,2,0,0,0,0,0,0,3
9394125,14,8,6,0,6,1,1,3,14,0,0,0,6,8,10,0,6,1,7,0,0,0,0,0,14,6,0,8,0,0,0,0,0,0,0,0,1
9394203,9,8,1,0,4,2,0,1,7,2,0,2,6,1,1,0,0,0,1,8,0,0,0,0,0,0,0,4,0,1,0,3,1,0,0,0,1
9394300,2,0,2,0,2,0,0,0,2,0,0,0,0,2,1,0,0,0,2,0,0,0,0,0,0,0,0,2,0,0,0,0,0,0,0,0,0
9401460,8,0,8,0,7,1,0,0,8,0,0,0,3,5,1,0,1,0,4,0,3,0,0,0,0,0,0,8,0,0,0,0,0,0,0,0,0
9411979,37,9,28,0,19,3,0,12,27,10,0,1,8,28,27,1,1,0,9,25,1,0,0,0,1,2,0,30,0,4,0,0,0,0,1,0,0
9414305,2,2,0,0,1,0,0,1,2,0,0,0,2,0,1,0,0,0,1,0,1,0,0,0,0,0,0,2,0,0,0,0,0,0,0,0,0
9425048,8,2,6,0,8,0,0,0,7,0,1,1,7,0,0,1,0,1,1,1,1,3,0,0,8,0,2,4,0,2,0,0,0,0,0,0,0
9435876,19,6,13,0,19,0,0,0,19,0,0,2,9,8,9,0,0,0,18,1,0,0,0,0,1,0,0,11,0,4,4,0,0,0,0,0,0
9439004,5,1,4,0,3,1,1,0,1,4,0,1,3,1,4,0,1,0,1,0,3,0,0,0,0,0,0,2,0,0,3,0,0,0,0,0,0
9442460,38,5,33,0,32,4,0,1,38,0,0,1,15,22,35,0,11,0,24,0,3,0,0,0,38,0,0,28,0,2,0,0,0,8,0,0,2
9444111,54,40,14,0,54,0,0,0,54,0,0,15,16,23,0,2,25,0,27,0,0,0,0,0,0,12,0,36,0,5,1,0,0,0,0,0,0
9451373,40,4,36,0,40,0,0,0,1,39,0,2,26,12,40,17,0,12,11,0,0,0,0,0,0,4,0,24,1,7,1,0,0,3,0,0,0
9460378,4,0,4,0,2,0,0,2,4,0,0,0,1,3,4,0,0,0,0,0,4,0,0,0,0,0,0,3,0,1,0,0,0,0,0,0,0
9460794,9,4,5,0,6,1,0,1,9,0,0,0,9,0,8,0,0,3,2,0,4,0,0,0,0,3,0,6,0,0,0,0,0,0,0,0,1
9461713,20,2,18,0,16,1,0,2,20,0,0,1,8,11,20,15,0,5,0,0,0,0,0,0,0,0,0,14,0,4,0,0,0,2,0,0,1
9469835,18,5,13,0,18,0,0,0,18,0,0,0,7,11,2,0,0,0,18,0,0,0,0,0,0,0,0,17,0,1,0,0,0,0,0,0,0
9475435,21,5,16,0,12,3,2,4,21,0,0,6,12,3,17,1,7,0,8,0,5,0,0,0,3,8,0,11,2,0,0,0,0,0,0,0,0
9479548,2,0,2,0,2,0,0,0,0,2,0,0,0,2,2,0,0,0,0,2,0,0,0,0,1,0,0,2,0,0,0,0,0,0,0,0,1
9484403,5,0,5,0,5,0,0,0,5,0,0,0,4,1,2,0,0,0,5,0,0,0,0,0,0,0,0,5,0,0,0,0,0,0,0,0,0
9488947,26,3,23,0,25,0,0,0,26,0,0,1,10,15,26,5,4,2,11,2,1,1,0,0,0,0,0,15,2,3,1,5,0,0,0,0,26
9493101,55,16,39,0,55,0,0,0,54,0,1,0,0,55,52,0,0,0,0,55,0,0,0,0,0,0,0,51,2,2,0,0,0,0,0,0,0
9500217,61,27,34,0,47,3,0,11,59,2,0,5,22,34,34,7,6,9,27,12,0,0,0,0,1,12,0,46,1,2,0,0,0,0,0,0,0
9511002,6,1,5,0,6,0,0,0,1,5,0,0,4,2,1,3,1,0,1,0,1,0,0,0,3,0,0,5,1,0,0,0,0,0,0,0,0
9516563,76,5,71,0,76,0,0,0,76,0,0,5,33,38,76,22,1,3,12,0,10,12,15,1,23,1,0,47,4,24,0,0,0,0,0,0,71
9518808,37,7,30,0,33,1,0,2,31,4,2,0,16,21,16,2,8,1,7,9,9,1,0,0,0,1,0,30,2,1,3,0,0,0,0,0,1
9524060,8,1,7,0,6,1,0,0,8,0,0,0,3,5,8,0,0,0,7,0,1,0,0,0,2,0,0,7,0,0,1,0,0,0,0,0,0
9539310,38,7,31,0,38,0,0,0,38,0,0,0,9,29,9,0,0,2,20,9,0,7,0,0,6,1,0,34,0,2,1,0,0,0,0,0,3
9541878,8,3,5,0,5,2,0,1,8,0,0,0,3,5,8,1,0,2,5,0,0,0,0,0,0,3,0,5,0,0,0,0,0,0,0,0,0
9544874,19,4,15,0,17,1,0,0,14,4,1,0,6,13,18,4,0,3,5,0,7,0,0,0,0,0,0,10,5,4,0,0,0,0,0,0,0
9549533,9,6,3,0,2,1,1,2,9,0,0,3,6,0,0,1,4,1,3,0,0,0,0,0,0,3,0,6,0,0,0,0,0,0,0,0,0
9549625,23,3,20,0,18,2,0,3,23,0,0,0,13,10,21,0,1,1,12,0,9,0,0,0,0,0,1,20,0,0,0,0,0,2,0,0,0
9552835,16,7,9,0,9,2,1,3,14,2,0,1,6,9,16,0,1,5,1,0,8,1,0,0,0,3,0,10,3,0,0,0,0,0,0,0,0
9556927,4,3,1,0,4,0,0,0,1,0,3,0,0,4,1,0,0,0,0,4,0,0,0,0,0,0,0,3,0,0,1,0,0,0,0,0,0
9558040,12,2,10,0,12,0,0,0,8,4,0,0,0,12,4,0,0,0,0,12,0,0,0,0,2,0,0,9,0,0,3,0,0,0,0,0,1
9569069,10,0,10,0,9,1,0,0,1,9,0,0,8,2,9,0,0,0,10,0,0,0,0,0,1,0,0,10,0,0,0,0,0,0,0,0,0
9570806,15,1,14,0,11,2,0,2,10,0,5,1,6,8,10,7,0,3,1,0,0,0,4,0,1,0,1,5,0,2,3,0,1,1,2,0,1
9575202,17,7,10,0,11,1,1,1,17,0,0,5,7,5,12,0,1,0,10,2,4,0,0,0,0,6,0,10,1,0,0,0,0,0,0,0,0
9580494,2,2,0,0,2,0,0,0,2,0,0,0,1,1,1,0,0,0,2,0,0,0,0,0,2,0,0,2,0,0,0,0,0,0,0,0,0
9585040,8,0,8,0,6,0,0,1,8,0,0,0,6,2,8,1,2,0,5,0,0,0,0,0,0,1,0,6,0,0,0,0,0,1,0,0,1
9588511,59,13,46,0,39,9,4,7,49,10,0,1,18,40,29,17,2,4,15,10,2,7,2,0,3,0,4,38,4,5,0,0,2,6,0,0,3
9595450,6,1,5,0,5,1,0,0,6,0,0,0,2,4,1,0,0,0,6,0,0,0,0,0,0,0,0,4,0,1,1,0,0,0,0,0,0
9601349,4,2,2,0,2,0,0,2,3,1,0,0,1,3,2,0,0,0,0,4,0,0,0,0,0,0,0,1,0,2,1,0,0,0,0,0,0
9603864,17,3,14,0,16,1,0,0,17,0,0,4,13,0,5,1,1,4,9,0,2,0,0,0,2,2,0,10,0,0,0,4,0,1,0,0,1
9606036,54,0,54,0,54,0,0,0,53,1,0,0,29,25,53,13,1,6,8,0,10,0,15,1,0,0,0,40,2,11,0,0,1,0,0,0,44
9612061,26,0,26,0,26,0,0,0,26,0,0,1,18,7,26,3,8,0,9,1,5,0,0,0,26,8,0,18,0,0,0,0,0,0,0,0,1
9616237,25,11,14,0,11,3,3,3,25,0,0,0,8,17,15,0,8,5,12,0,0,0,0,0,25,5,0,20,0,0,0,0,0,0,0,0,0
9617352,6,3,3,0,5,1,0,0,0,6,0,0,0,6,3,0,0,0,0,6,0,0,0,0,1,0,0,6,0,0,0,0,0,0,0,0,0
9622244,13,5,8,0,8,1,0,4,13,0,0,0,5,8,6,1,3,0,6,0,3,0,0,0,0,0,0,13,0,0,0,0,0,0,0,0,0
9624387,4,3,1,0,1,0,0,2,4,0,0,0,3,1,3,0,0,0,3,1,0,0,0,0,3,0,0,4,0,0,0,0,0,0,0,0,0
9631471,1,1,0,0,0,0,0,1,1,0,0,0,1,0,0,0,0,0,1,0,0,0,0,0,0,0,0,1,0,0,0,0,0,0,0,0,0
9638556,22,8,14,0,17,3,0,1,11,9,2,0,0,22,21,0,0,0,0,22,0,0,0,0,13,0,0,21,0,0,0,0,1,0,0,0,2
9646967,10,5,5,0,3,2,1,3,10,0,0,0,6,4,4,0,0,3,0,0,7,0,0,0,1,2,0,7,0,0,0,0,0,1,0,0,1
9648316,9,4,5,0,1,1,0,4,9,0,0,0,4,5,6,1,4,0,3,0,1,0,0,0,0,1,0,7,1,0,0,0,0,0,0,0,0
9651497,38,19,19,0,37,0,0,1,38,0,0,1,11,26,1,2,5,1,26,0,4,0,0,0,0,5,0,31,1,1,0,0,0,0,0,0,0
9651724,5,1,4,0,4,0,0,1,3,2,0,0,2,3,4,0,0,0,5,0,0,0,0,0,0,0,0,4,0,1,0,0,0,0,0,0,0
9655648,11,0,11,0,11,0,0,0,11,0,0,0,5,6,11,1,4,0,2,0,4,0,0,0,0,0,0,9,0,2,0,0,0,0,0,0,0
9663197,41,14,27,0,19,2,4,8,41,0,0,2,11,28,8,3,4,8,5,0,21,0,0,0,0,10,0,28,1,1,0,0,1,0,0,0,0
9666187,20,8,12,0,20,0,0,0,20,0,0,0,15,5,8,1,3,2,6,0,8,0,0,0,0,2,1,13,1,3,0,0,0,0,0,0,0
9669367,13,7,6,0,13,0,0,0,13,0,0,0,13,0,2,3,6,0,4,0,0,0,0,0,10,2,0,9,0,0,0,0,1,1,0,0,0
9670297,36,14,22,0,31,0,0,5,36,0,0,0,32,4,1,5,10,4,14,3,0,0,0,0,0,4,0,32,0,0,0,0,0,0,0,0,0
9673690,12,2,10,0,11,0,0,1,12,0,0,0,4,8,12,0,0,0,12,0,0,0,0,0,0,0,0,11,0,1,0,0,0,0,0,0,0
9684073,2,2,0,0,2,0,0,0,1,0,1,0,1,1,1,0,0,0,1,1,0,0,0,0,1,0,0,1,0,0,1,0,0,0,0,0,0
9687658,2,1,1,0,2,0,0,0,2,0,0,0,0,2,2,0,0,0,0,2,0,0,0,0,2,0,0,2,0,0,0,0,0,0,0,0,0
9690768,11,0,11,0,11,0,0,0,11,0,0,2,7,2,11,0,0,0,11,0,0,0,0,0,0,2,0,9,0,0,0,0,0,0,0,0,0
9693823,28,14,14,0,28,0,0,0,28,0,0,2,15,11,4,4,12,1,9,0,2,0,0,0,0,7,0,19,1,1,0,0,0,0,0,0,0
9704017,6,1,5,0,4,0,0,1,1,5,0,1,5,0,6,0,3,0,3,0,0,0,0,0,0,4,0,2,0,0,0,0,0,0,0,0,1
9708576,13,4,9,0,12,1,0,0,7,6,0,1,7,5,12,0,1,3,5,1,2,1,0,0,0,0,0,7,1,3,1,0,1,0,0,0,0
9720454,4,2,2,0,2,0,0,2,4,0,0,2,2,0,3,1,0,2,1,0,0,0,0,0,0,1,0,2,0,0,0,0,0,1,0,0,0
9728039,9,2,7,0,6,1,0,1,7,2,0,0,6,3,7,0,0,0,5,0,4,0,0,0,2,1,0,5,1,0,0,1,1,0,0,0,0
9731459,32,21,11,0,10,5,3,5,32,0,0,0,1,31,4,0,0,0,0,32,0,0,0,0,0,0,0,30,2,0,0,0,0,0,0,0,1
9734232,14,0,14,0,14,0,0,0,14,0,0,0,4,10,14,13,0,0,0,0,0,1,0,0,0,0,0,6,3,4,1,0,0,0,0,0,0
9747369,18,4,14,0,18,0,0,0,14,4,0,2,10,6,13,0,6,0,3,0,9,0,0,0,0,1,0,12,0,2,0,0,0,2,1,0,2
9752445,24,5,19,0,22,1,0,1,24,0,0,0,12,12,10,0,6,2,13,0,3,0,0,0,13,0,0,15,0,0,7,1,0,1,0,0,0
9755207,10,6,4,0,10,0,0,0,9,0,1,0,1,9,9,0,1,0,1,5,3,0,0,0,0,1,0,9,0,0,0,0,0,0,0,0,0
9755801,28,3,25,0,27,0,0,1,22,6,0,2,14,12,12,2,1,3,22,0,0,0,0,0,26,6,0,19,0,0,0,0,0,3,0,0,0
9756694,7,5,2,0,2,1,1,2,7,0,0,0,4,3,5,0,1,0,1,0,5,0,0,0,0,2,0,2,3,0,0,0,0,0,0,0,1
9756804,23,6,17,0,11,3,2,5,22,1,0,1,11,11,4,1,8,4,7,0,3,0,0,0,3,8,0,12,1,2,0,0,0,0,0,0,2
9766666,12,12,0,0,1,3,2,5,12,0,0,0,1,11,3,0,0,0,1,10,0,1,0,0,0,0,0,12,0,0,0,0,0,0,0,0,0
9772203,1,1,0,0,0,0,0,0,1,0,0,0,0,1,1,0,0,0,1,0,0,0,0,0,0,0,0,1,0,0,0,0,0,0,0,0,0
9773823,5,2,3,0,2,1,0,2,5,0,0,0,1,4,0,1,1,0,3,0,0,0,0,0,5,1,0,4,0,0,0,0,0,0,0,0,0
9773977,3,1,2,0,3,0,0,0,3,0,0,0,2,1,0,0,0,0,3,0,0,0,0,0,0,0,0,3,0,0,0,0,0,0,0,0,0
9790831,8,5,3,0,0,2,0,4,8,0,0,0,2,6,8,0,1,2,1,0,4,0,0,0,1,2,0,5,0,0,0,0,0,0,1,0,0
9818593,22,1,21,0,21,0,0,1,22,0,0,2,7,13,22,6,2,2,5,0,7,0,0,0,0,0,0,14,2,5,0,1,0,0,0,0,1
9818627,15,1,14,0,14,1,0,0,14,1,0,0,7,8,6,0,0,0,6,0,9,0,0,0,15,0,2,13,0,0,0,0,0,0,0,0,0
9830673,43,11,32,0,43,0,0,0,36,0,7,3,24,16,15,0,8,5,10,7,13,0,0,0,0,12,0,27,2,0,0,2,0,0,0,0,0
9835977,9,3,6,0,6,1,0,2,7,0,2,1,5,3,2,1,2,0,4,2,0,0,0,0,1,3,0,4,0,0,2,0,0,0,0,0,0
9837348,11,9,2,0,11,0,0,0,11,0,0,1,10,0,0,0,6,0,5,0,0,0,0,0,0,0,0,9,0,1,0,1,0,0,0,0,1
9839887,5,0,5,0,5,0,0,0,5,0,0,2,3,0,0,1,2,0,2,0,0,0,0,0,0,1,0,4,0,0,0,0,0,0,0,0,0
9844940,5,0,5,0,4,1,0,0,5,0,0,0,3,2,5,0,0,1,2,0,2,0,0,0,3,0,0,4,0,0,0,0,0,1,0,0,2
9857607,9,6,3,0,7,0,0,2,9,0,0,1,3,5,9,1,0,0,3,2,1,2,0,0,0,0,0,8,1,0,0,0,0,0,0,0,0
9858451,15,2,13,0,14,0,0,0,15,0,0,0,11,4,4,0,5,4,5,0,1,0,0,0,0,0,0,12,0,3,0,0,0,0,0,0,0
9858757,8,0,8,0,7,0,0,1,8,0,0,0,4,4,8,0,6,0,1,0,1,0,0,0,1,0,0,7,1,0,0,0,0,0,0,0,0
9859896,66,6,60,0,63,1,0,2,66,0,0,2,26,38,58,26,0,0,24,3,1,12,0,0,0,4,0,44,1,12,1,1,0,3,0,0,18
9860387,22,4,18,0,22,0,0,0,22,0,0,3,14,5,4,3,3,4,4,0,4,0,4,0,3,3,0,9,0,3,0,6,1,0,0,0,0
9864365,7,1,6,0,5,0,0,1,2,5,0,0,1,6,6,0,0,0,3,0,4,0,0,0,0,0,0,5,2,0,0,0,0,0,0,0,1
9864475,7,2,5,0,6,0,0,1,7,0,0,0,3,4,7,0,0,0,5,0,2,0,0,0,0,0,0,7,0,0,0,0,0,0,0,0,0
9866177,9,5,4,0,9,0,0,0,9,0,0,0,2,7,4,0,0,2,5,0,2,0,0,0,0,3,0,6,0,0,0,0,0,0,0,0,0
9868281,8,4,4,0,1,4,0,2,8,0,0,0,6,2,5,0,1,1,2,0,4,0,0,0,0,3,0,4,0,1,0,0,0,0,0,0,2
9883401,34,0,34,0,34,0,0,0,34,0,0,0,6,28,25,3,12,1,10,7,0,1,0,0,0,9,0,25,0,0,0,0,0,0,0,0,0
9888078,6,0,6,0,1,1,1,1,6,0,0,0,6,0,6,0,0,1,1,0,4,0,0,0,0,2,0,4,0,0,0,0,0,0,0,0,1
9896154,44,8,36,0,31,5,2,6,36,8,0,3,18,23,39,17,1,1,17,0,8,0,0,0,13,3,2,29,1,7,0,0,0,2,0,0,0
9897836,11,4,7,0,5,3,0,3,11,0,0,3,4,4,1,1,3,0,7,0,0,0,0,0,0,3,0,8,0,0,0,0,0,0,0,0,0
9904283,26,16,10,0,25,1,0,0,26,0,0,6,16,4,1,1,1,5,14,4,1,0,0,0,0,7,0,19,0,0,0,0,0,0,0,0,0
9908658,9,6,3,0,9,0,0,0,9,0,0,0,3,6,0,1,0,0,4,4,0,0,0,0,0,1,0,8,0,0,0,0,0,0,0,0,0
9914907,8,0,8,0,8,0,0,0,8,0,0,4,4,0,3,0,3,0,4,0,1,0,0,0,1,0,0,8,0,0,0,0,0,0,0,0,0
9918267,19,6,13,0,8,3,1,4,19,0,0,1,11,7,15,3,6,0,1,0,9,0,0,0,0,4,0,13,1,0,0,0,0,0,1,0,0
9919307,6,0,6,0,6,0,0,0,6,0,0,0,6,0,0,6,0,0,0,0,0,0,0,0,0,1,0,2,0,0,0,0,0,3,0,0,0
9921132,4,0,4,0,2,2,0,0,4,0,0,0,1,3,0,0,0,0,3,0,1,0,0,0,0,0,0,4,0,0,0,0,0,0,0,0,0
9921202,39,8,31,0,33,4,0,2,32,6,1,3,16,20,37,5,0,3,6,2,8,2,12,1,0,7,2,7,1,16,4,0,0,2,0,0,13
9927326,12,8,4,0,5,1,0,2,8,3,1,1,2,9,12,1,0,1,4,4,1,1,0,0,12,1,0,10,0,1,0,0,0,0,0,0,1
9931553,5,2,3,0,3,0,0,2,5,0,0,0,1,4,3,0,0,0,0,0,5,0,0,0,5,0,0,5,0,0,0,0,0,0,0,0,0
9932468,9,1,8,0,4,1,0,2,9,0,0,1,2,6,9,1,0,1,4,0,3,0,0,0,0,0,0,7,0,2,0,0,0,0,0,0,0
9946473,44,13,31,0,44,0,0,0,44,0,0,1,13,30,42,11,6,3,6,0,13,0,4,1,4,7,1,31,4,1,0,0,0,0,0,0,2
9960693,5,5,0,0,5,0,0,0,5,0,0,0,5,0,5,0,0,0,5,0,0,0,0,0,0,0,0,5,0,0,0,0,0,0,0,0,0
9961517,11,2,9,0,10,0,0,1,11,0,0,1,6,4,11,0,2,1,3,0,5,0,0,0,0,0,0,10,0,0,0,0,1,0,0,0,0
9966698,24,4,20,0,23,1,0,0,22,0,2,0,9,15,18,3,2,4,1,2,4,8,0,0,6,3,0,6,1,11,3,0,0,0,0,0,8
9973697,18,2,16,0,18,0,0,0,15,3,0,1,7,10,4,0,0,2,2,0,14,0,0,0,0,0,0,15,1,1,1,0,0,0,0,0,0
9975056,21,5,16,0,20,0,0,1,2,19,0,2,9,10,7,0,1,0,8,9,1,2,0,0,0,4,1,13,0,3,0,0,0,0,0,0,0
9995317,5,1,4,0,4,1,0,0,5,0,0,2,2,1,4,0,0,0,5,0,0,0,0,0,0,0,0,5,0,0,0,0,0,0,0,0,1
9996501,9,0,9,0,9,0,0,0,9,0,0,0,6,3,1,1,2,0,4,0,2,0,0,0,0,1,0,6,0,2,0,0,0,0,0,0,0
