pseudocode,total_tch,male,female,transgender,gen_tch,sc_tch,st_tch,obc_tch,regular,contract,part_time,below_graduate,graduate,post_graduate_and_above,trained_comp,class_taught_pr,class_taught_upr,class_taught_pr_upr,class_taught_sec_only,class_taught_hsec_only,class_taught_upr_sec,class_taught_sec_hsec,class_taugt_pre_primary_only,class_taught_pr_and_pre_pri,teacher_involve_non_training_assignment,diploma_certificate,bachelor_of_ee,bed_equivalent,med_equivalent,other,none,diploma_special_edu,pursuing_rpc,diploma_ele_edu,early_childhood_tch,bed_nursery,trained_cwsn
1011885,4,1,3,0,1,0,0,3,4,0,0,1,1,2,3,2,2,0,0,0,0,0,0,0,0,2,0,2,0,0,0,0,0,0,0,0,0
1021930,3,2,1,0,0,1,1,1,3,0,0,0,2,1,3,2,1,0,0,0,0,0,0,0,0,2,0,0,0,1,0,0,0,0,0,0,0
1022204,10,5,5,0,4,2,0,1,10,0,0,0,3,7,10,0,0,0,10,0,0,0,0,0,0,0,0,10,0,0,0,0,0,0,0,0,0
1023331,3,0,3,0,0,1,0,2,3,0,0,0,1,2,3,0,0,3,0,0,0,0,0,0,0,1,0,2,0,0,0,0,0,0,0,0,0
1026618,6,2,4,0,5,0,0,1,6,0,0,0,4,2,5,3,3,0,0,0,0,0,0,0,0,1,0,3,0,1,0,0,0,1,0,0,1
1027228,9,4,5,0,7,0,0,1,9,0,0,2,6,1,4,5,4,0,0,0,0,0,0,0,0,3,0,5,0,0,0,1,0,0,0,0,0
1032071,6,1,5,0,3,1,1,1,6,0,0,0,4,2,6,0,0,0,6,0,0,0,0,0,0,0,0,6,0,0,0,0,0,0,0,0,0
1034437,10,1,9,0,8,0,0,2,10,0,0,1,6,3,9,4,1,5,0,0,0,0,0,0,10,1,0,3,0,2,1,0,0,2,1,0,0
1036813,4,3,1,0,0,1,1,1,4,0,0,0,3,1,4,3,1,0,0,0,0,0,0,0,0,3,0,1,0,0,0,0,0,0,0,0,0
1040957,8,0,8,0,8,0,0,0,7,1,0,0,8,0,8,8,0,0,0,0,0,0,0,0,0,7,1,0,0,0,0,0,0,0,0,0,0
1056352,2,0,2,0,2,0,0,0,2,0,0,1,0,1,2,1,0,1,0,0,0,0,0,0,0,2,0,0,0,0,0,0,0,0,0,0,0
1067907,11,4,7,0,10,0,0,1,5,6,0,5,2,4,4,7,2,0,2,0,0,0,0,0,0,0,0,3,1,7,0,0,0,0,0,0,0
1070323,5,0,5,0,5,0,0,0,5,0,0,0,4,1,5,5,0,0,0,0,0,0,0,0,5,2,0,1,0,0,0,0,0,2,0,0,2
1072624,2,0,2,0,1,0,0,1,2,0,0,0,2,0,2,2,0,0,0,0,0,0,0,0,0,2,0,0,0,0,0,0,0,0,0,0,0
1073984,4,1,3,0,3,0,0,1,4,0,0,3,1,0,4,4,0,0,0,0,0,0,0,0,0,1,0,0,0,0,0,0,0,3,0,0,0
1078819,6,0,6,0,4,1,0,1,6,0,0,0,1,5,6,6,0,0,0,0,0,0,0,0,6,6,0,0,0,0,0,0,0,0,0,0,5
1087731,6,1,5,0,3,0,0,1,6,0,0,0,6,0,3,1,0,5,0,0,0,0,0,0,0,6,0,0,0,0,0,0,0,0,0,0,0
1094519,4,1,3,0,1,1,0,0,4,0,0,0,2,2,4,0,0,0,4,0,0,0,0,0,0,0,0,4,0,0,0,0,0,0,0,0,0
1098081,7,2,5,0,3,3,0,1,7,0,0,2,2,3,4,2,5,0,0,0,0,0,0,0,0,5,0,2,0,0,0,0,0,0,0,0,0
1098532,4,0,4,0,3,0,1,0,4,0,0,1,2,1,3,0,1,3,0,0,0,0,0,0,0,1,0,3,0,0,0,0,0,0,0,0,0
1098567,2,1,1,0,1,0,0,0,2,0,0,2,0,0,1,2,0,0,0,0,0,0,0,0,0,2,0,0,0,0,0,0,0,0,0,0,0
1099495,2,0,2,0,1,0,0,0,2,0,0,1,1,0,2,1,1,0,0,0,0,0,0,0,0,1,0,1,0,0,0,0,0,0,0,0,0
1101720,15,8,7,0,7,4,0,2,15,0,0,5,3,7,14,7,4,4,0,0,0,0,0,0,11,8,0,5,1,0,0,0,0,1,0,0,0
1102059,4,0,4,0,1,0,0,3,4,0,0,2,2,0,3,4,0,0,0,0,0,0,0,0,0,4,0,0,0,0,0,0,0,0,0,0,0
1104890,6,2,4,0,2,3,0,0,6,0,0,1,2,3,6,3,3,0,0,0,0,0,0,0,0,3,0,2,1,0,0,0,0,0,0,0,0
1107281,11,4,7,0,2,3,0,5,10,1,0,2,5,4,11,6,2,3,0,0,0,0,0,0,0,8,0,2,1,0,0,0,0,0,0,0,0
1110438,2,0,2,0,2,0,0,0,2,0,0,1,0,1,1,1,0,1,0,0,0,0,0,0,0,1,0,1,0,0,0,0,0,0,0,0,0
1112910,5,0,5,0,4,1,0,0,3,2,0,3,1,1,4,5,0,0,0,0,0,0,0,0,1,1,1,1,0,1,0,0,0,1,0,0,0
1113859,18,0,18,0,18,0,0,0,18,0,0,3,9,6,4,18,0,0,0,0,0,0,0,0,0,13,0,0,0,1,0,0,0,4,0,0,0
1117003,14,7,7,0,3,2,0,7,14,0,0,11,2,1,3,14,0,0,0,0,0,0,0,0,0,14,0,0,0,0,0,0,0,0,0,0,0
1117458,10,2,8,0,10,0,0,0,10,0,0,0,5,5,8,5,3,2,0,0,0,0,0,0,0,0,2,5,1,2,0,0,0,0,0,0,6
1117618,7,3,4,0,7,0,0,0,7,0,0,7,0,0,7,7,0,0,0,0,0,0,0,0,0,7,0,0,0,0,0,0,0,0,0,0,0
1118062,8,3,5,0,8,0,0,0,7,1,0,7,1,0,8,8,0,0,0,0,0,0,0,0,0,7,0,0,0,0,0,0,0,1,0,0,0
1119585,26,2,24,0,20,5,0,1,19,5,2,5,15,6,24,15,4,2,0,0,0,0,3,2,7,3,0,10,0,3,0,1,2,7,0,0,17
1123095,2,0,2,0,1,1,0,0,2,0,0,0,0,2,1,1,1,0,0,0,0,0,0,0,0,0,0,2,0,0,0,0,0,0,0,0,0
1130315,4,0,4,0,4,0,0,0,4,0,0,4,0,0,4,4,0,0,0,0,0,0,0,0,1,3,0,0,0,0,0,0,0,1,0,0,0
1132210,8,0,8,0,8,0,0,0,8,0,0,3,4,1,8,8,0,0,0,0,0,0,0,0,0,1,0,4,0,0,0,0,0,3,0,0,0
1132288,24,14,10,0,5,6,3,10,24,0,0,5,14,5,3,15,7,2,0,0,0,0,0,0,0,18,0,2,2,2,0,0,0,0,0,0,0
1140694,6,3,3,0,2,1,1,1,6,0,0,0,4,2,6,3,2,1,0,0,0,0,0,0,0,1,0,4,1,0,0,0,0,0,0,0,4
1143821,32,17,15,0,1,10,2,15,32,0,0,13,12,7,6,14,14,4,0,0,0,0,0,0,0,29,0,2,0,0,0,0,1,0,0,0,1
1148209,2,0,2,0,1,0,0,1,2,0,0,1,0,1,1,0,1,1,0,0,0,0,0,0,0,1,0,1,0,0,0,0,0,0,0,0,0
1148596,6,1,5,0,6,0,0,0,6,0,0,3,3,0,5,4,1,1,0,0,0,0,0,0,0,4,0,0,0,1,0,0,0,1,0,0,1
1152816,21,0,21,0,19,0,1,1,16,5,0,6,14,1,21,21,0,0,0,0,0,0,0,0,0,16,0,0,0,0,0,0,0,5,0,0,0
1156337,17,0,17,0,17,0,0,0,17,0,0,8,2,7,16,9,6,2,0,0,0,0,0,0,0,9,0,8,0,0,0,0,0,0,0,0,0
1157564,4,2,2,0,4,0,0,0,4,0,0,1,2,1,4,3,1,0,0,0,0,0,0,0,0,1,0,2,0,0,1,0,0,0,0,0,0
1159840,21,10,11,0,9,1,4,7,21,0,0,4,15,2,21,11,10,0,0,0,0,0,0,0,0,15,0,5,0,0,0,0,1,0,0,0,1
1160115,9,0,9,0,9,0,0,0,6,3,0,2,4,3,8,9,0,0,0,0,0,0,0,0,0,0,0,0,0,0,0,0,0,9,0,0,0
1174847,2,1,1,0,2,0,0,0,2,0,0,1,1,0,2,2,0,0,0,0,0,0,0,0,0,2,0,0,0,0,0,0,0,0,0,0,0
1182531,3,2,1,0,1,0,0,1,3,0,0,0,1,2,3,0,0,0,2,0,1,0,0,0,0,0,0,2,0,0,0,0,0,1,0,0,0
1184330,2,0,2,0,2,0,0,0,2,0,0,0,0,2,1,2,0,0,0,0,0,0,0,0,0,2,0,0,0,0,0,0,0,0,0,0,0
1187468,4,0,4,0,1,1,0,1,4,0,0,1,3,0,4,4,0,0,0,0,0,0,0,0,0,3,0,1,0,0,0,0,0,0,0,0,0
1188879,62,6,56,0,58,2,0,1,62,0,0,25,23,14,61,31,31,0,0,0,0,0,0,0,0,43,0,10,0,4,0,0,0,5,0,0,0
1189310,12,4,8,0,4,2,0,6,10,2,0,3,4,5,12,12,0,0,0,0,0,0,0,0,0,8,0,2,0,2,0,0,0,0,0,0,1
1193835,24,6,18,0,6,3,2,9,21,3,0,5,13,6,23,12,8,4,0,0,0,0,0,0,11,9,0,9,1,0,1,1,0,3,0,0,15
1195082,14,2,12,0,12,0,0,2,14,0,0,5,7,2,10,14,0,0,0,0,0,0,0,0,0,8,0,1,0,1,0,0,0,4,0,0,1
1196612,9,0,9,0,9,0,0,0,9,0,0,4,2,3,3,9,0,0,0,0,0,0,0,0,0,1,0,1,0,4,1,0,0,2,0,0,0
1206032,9,0,9,0,9,0,0,0,9,0,0,5,4,0,0,9,0,0,0,0,0,0,0,0,0,9,0,0,0,0,0,0,0,0,0,0,0
1206578,12,1,11,0,12,0,0,0,11,1,0,2,8,2,12,12,0,0,0,0,0,0,0,0,12,7,0,2,0,1,0,0,0,2,0,0,0
1210247,9,4,5,0,1,3,1,2,9,0,0,3,3,3,9,3,6,0,0,0,0,0,0,0,0,5,0,4,0,0,0,0,0,0,0,0,0
1210708,13,2,11,0,6,4,0,2,13,0,0,1,8,4,12,13,0,0,0,0,0,0,0,0,0,13,0,0,0,0,0,0,0,0,0,0,0
1215119,9,1,8,0,9,0,0,0,9,0,0,3,6,0,8,9,0,0,0,0,0,0,0,0,0,2,1,0,0,1,0,0,0,5,0,0,0
1218788,2,2,0,0,0,0,0,1,2,0,0,0,2,0,2,0,0,2,0,0,0,0,0,0,2,2,0,0,0,0,0,0,0,0,0,0,2
1222980,4,0,4,0,3,1,0,0,4,0,0,2,2,0,1,4,0,0,0,0,0,0,0,0,0,2,0,0,0,0,0,0,0,2,0,0,0
1238360,3,3,0,0,0,1,0,1,3,0,0,1,0,2,3,0,0,3,0,0,0,0,0,0,0,2,0,1,0,0,0,0,0,0,0,0,0
1239201,5,0,5,0,4,0,0,1,5,0,0,1,2,2,5,5,0,0,0,0,0,0,0,0,0,4,1,0,0,0,0,0,0,0,0,0,0
1251476,1,1,0,0,0,0,0,0,1,0,0,0,0,1,1,0,0,1,0,0,0,0,0,0,0,1,0,0,0,0,0,0,0,0,0,0,1
1251779,8,1,7,0,8,0,0,0,8,0,0,2,5,1,8,7,0,0,0,0,0,0,0,1,1,0,0,3,1,0,2,0,0,2,0,0,0
1251969,20,0,20,0,18,1,0,1,20,0,0,14,5,1,9,20,0,0,0,0,0,0,0,0,1,14,1,3,0,1,0,0,0,1,0,0,1
1254310,4,0,4,0,4,0,0,0,0,4,0,0,2,2,4,4,0,0,0,0,0,0,0,0,0,0,0,0,2,1,0,0,0,1,0,0,1
1256848,2,0,2,0,1,1,0,0,2,0,0,2,0,0,2,2,0,0,0,0,0,0,0,0,0,2,0,0,0,0,0,0,0,0,0,0,0
1259647,2,2,0,0,1,0,0,1,2,0,0,1,1,0,2,1,0,1,0,0,0,0,0,0,0,2,0,0,0,0,0,0,0,0,0,0,2
1261064,1,0,1,0,1,0,0,0,1,0,0,1,0,0,1,1,0,0,0,0,0,0,0,0,1,1,0,0,0,0,0,0,0,0,0,0,0
1261216,2,0,2,0,2,0,0,0,2,0,0,0,2,0,2,2,0,0,0,0,0,0,0,0,0,1,0,0,0,0,0,0,0,1,0,0,2
1261759,2,0,2,0,0,1,0,1,2,0,0,1,1,0,2,2,0,0,0,0,0,0,0,0,1,0,0,1,0,1,0,0,0,0,0,0,0
1262812,6,3,3,0,3,2,0,1,6,0,0,0,4,2,6,0,0,0,5,0,1,0,0,0,1,1,0,5,0,0,0,0,0,0,0,0,0
1266277,3,2,1,0,2,0,0,0,3,0,0,0,1,2,3,0,0,0,3,0,0,0,0,0,0,1,0,2,0,0,0,0,0,0,0,0,0
1266744,15,0,15,0,14,1,0,0,15,0,0,4,4,7,14,15,0,0,0,0,0,0,0,0,3,1,0,2,0,0,0,0,0,12,0,0,12
1269230,5,3,2,0,0,0,2,2,2,3,0,1,3,1,3,4,0,1,0,0,0,0,0,0,0,3,0,0,0,0,0,0,0,2,0,0,0
1270083,8,2,6,0,2,0,3,3,8,0,0,1,7,0,2,5,2,1,0,0,0,0,0,0,0,8,0,0,0,0,0,0,0,0,0,0,0
1278213,21,16,5,0,11,1,0,6,21,0,0,9,6,6,15,7,12,2,0,0,0,0,0,0,0,15,0,6,0,0,0,0,0,0,0,0,0
1283350,4,1,3,0,0,2,1,1,4,0,0,1,2,1,3,2,1,0,0,0,0,0,0,1,0,3,0,1,0,0,0,0,0,0,0,0,1
1289674,5,0,5,0,4,0,0,1,5,0,0,1,3,1,4,5,0,0,0,0,0,0,0,0,1,1,0,1,0,0,3,0,0,0,0,0,0
1291874,8,0,8,0,8,0,0,0,8,0,0,7,0,1,8,8,0,0,0,0,0,0,0,0,0,2,0,4,0,0,0,0,2,0,0,0,0
1293911,4,1,3,0,1,0,1,2,4,0,0,1,3,0,2,4,0,0,0,0,0,0,0,0,0,4,0,0,0,0,0,0,0,0,0,0,0
1294571,7,2,5,0,7,0,0,0,7,0,0,4,1,2,0,7,0,0,0,0,0,0,0,0,0,4,0,3,0,0,0,0,0,0,0,0,0
1295243,9,0,9,0,7,0,0,2,5,4,0,1,4,4,7,9,0,0,0,0,0,0,0,0,0,4,0,1,0,0,0,0,1,3,0,0,0
1296096,11,0,11,0,7,1,0,0,9,2,0,0,1,10,11,11,0,0,0,0,0,0,0,0,0,9,0,2,0,0,0,0,0,0,0,0,0
1306922,13,1,12,0,13,0,0,0,10,3,0,11,1,1,2,13,0,0,0,0,0,0,0,0,0,9,1,2,0,1,0,0,0,0,0,0,0
1310401,15,10,5,0,8,0,0,4,15,0,0,7,7,1,1,13,2,0,0,0,0,0,0,0,0,14,0,1,0,0,0,0,0,0,0,0,1
1312677,6,0,6,0,3,0,0,3,6,0,0,6,0,0,4,6,0,0,0,0,0,0,0,0,0,6,0,0,0,0,0,0,0,0,0,0,0
1314874,35,26,9,0,10,0,1,20,33,2,0,15,15,5,3,23,11,1,0,0,0,0,0,0,0,33,0,2,0,0,0,0,0,0,0,0,0
1314930,5,1,4,0,1,3,1,0,5,0,0,0,3,2,5,0,0,0,5,0,0,0,0,0,0,2,0,3,0,0,0,0,0,0,0,0,2
1324138,2,0,2,0,1,0,0,1,2,0,0,0,0,2,2,0,0,2,0,0,0,0,0,0,0,0,0,1,1,0,0,0,0,0,0,0,0
1325055,10,0,10,0,10,0,0,0,10,0,0,10,0,0,2,10,0,0,0,0,0,0,0,0,0,10,0,0,0,0,0,0,0,0,0,0,1
1336336,9,2,7,0,3,1,1,4,9,0,0,1,5,3,7,9,0,0,0,0,0,0,0,0,5,9,0,0,0,0,0,0,0,0,0,0,0
1342282,18,0,18,0,17,1,0,0,18,0,0,1,9,8,18,18,0,0,0,0,0,0,0,0,0,4,0,9,2,1,2,0,0,0,0,0,17
1343901,10,3,7,0,9,0,0,1,10,0,0,6,2,2,8,6,4,0,0,0,0,0,0,0,0,7,0,2,0,0,0,0,1,0,0,0,1
1346492,4,0,4,0,1,2,0,1,4,0,0,2,0,2,3,3,1,0,0,0,0,0,0,0,0,3,0,0,1,0,0,0,0,0,0,0,0
1347408,16,5,11,0,9,1,3,3,10,6,0,1,6,9,7,10,0,4,1,0,1,0,0,0,0,2,0,11,0,0,0,0,0,3,0,0,0
1349106,6,4,2,0,3,2,1,0,6,0,0,1,3,2,3,6,0,0,0,0,0,0,0,0,0,6,0,0,0,0,0,0,0,0,0,0,0
1350583,6,2,4,0,2,1,0,2,6,0,0,2,3,1,5,6,0,0,0,0,0,0,0,0,0,0,1,1,1,1,1,0,1,0,0,0,0
1360084,9,0,9,0,8,1,0,0,9,0,0,0,3,6,0,9,0,0,0,0,0,0,0,0,0,0,1,1,0,0,0,0,0,7,0,0,0
1361815,19,0,19,0,19,0,0,0,19,0,0,6,11,2,8,19,0,0,0,0,0,0,0,0,0,6,1,5,0,7,0,0,0,0,0,0,6
1363630,4,0,4,0,4,0,0,0,4,0,0,2,2,0,2,4,0,0,0,0,0,0,0,0,0,0,0,1,0,0,3,0,0,0,0,0,1
1370546,5,1,4,0,5,0,0,0,5,0,0,2,3,0,0,0,0,0,0,0,0,0,0,5,0,0,0,1,0,0,3,1,0,0,0,0,0
1374549,6,0,6,0,6,0,0,0,0,6,0,5,1,0,2,6,0,0,0,0,0,0,0,0,0,0,0,0,0,3,3,0,0,0,0,0,0
1377135,9,2,7,0,6,1,1,1,9,0,0,5,4,0,6,9,0,0,0,0,0,0,0,0,0,7,0,1,0,0,1,0,0,0,0,0,0
1379505,13,11,2,0,5,2,2,4,13,0,0,2,8,3,8,6,6,1,0,0,0,0,0,0,0,8,0,4,0,0,0,1,0,0,0,0,0
1379827,7,0,7,0,7,0,0,0,7,0,0,1,6,0,2,7,0,0,0,0,0,0,0,0,0,6,0,1,0,0,0,0,0,0,0,0,0
1379962,4,1,3,0,4,0,0,0,4,0,0,0,4,0,4,4,0,0,0,0,0,0,0,0,3,0,0,4,0,0,0,0,0,0,0,0,0
1380220,31,15,16,0,15,0,0,12,31,0,0,2,20,9,31,10,15,6,0,0,0,0,0,0,0,13,0,15,3,0,0,0,0,0,0,0,0
1381439,4,1,3,0,2,2,0,0,4,0,0,2,0,2,4,2,2,0,0,0,0,0,0,0,0,2,0,2,0,0,0,0,0,0,0,0,0
1384536,9,6,3,0,4,1,1,3,9,0,0,4,5,0,9,6,1,2,0,0,0,0,0,0,0,6,0,3,0,0,0,0,0,0,0,0,0
1387124,13,9,4,0,4,3,0,3,13,0,0,0,6,7,10,0,0,2,5,0,6,0,0,0,12,2,0,9,1,0,0,0,1,0,0,0,0
1390129,12,0,12,0,12,0,0,0,9,3,0,2,7,3,4,12,0,0,0,0,0,0,0,0,1,0,0,3,0,5,1,0,0,3,0,0,0
1391726,11,0,11,0,10,0,0,1,11,0,0,3,6,2,3,11,0,0,0,0,0,0,0,0,2,3,0,1,0,0,3,0,0,4,0,0,0
1396054,5,4,1,0,3,0,0,2,5,0,0,1,1,3,5,4,0,0,0,0,0,0,0,1,1,1,0,2,0,0,0,0,0,2,0,0,3
1410951,8,4,4,0,3,0,1,1,8,0,0,1,4,3,3,5,3,0,0,0,0,0,0,0,1,3,0,1,0,4,0,0,0,0,0,0,8
1414563,1,0,1,0,0,1,0,0,1,0,0,0,0,1,1,0,1,0,0,0,0,0,0,0,0,0,0,0,1,0,0,0,0,0,0,0,0
1414831,21,0,21,0,21,0,0,0,21,0,0,9,8,4,21,21,0,0,0,0,0,0,0,0,0,2,0,6,0,5,3,0,0,5,0,0,1
1415635,10,5,5,0,8,0,1,0,10,0,0,2,7,1,0,0,3,0,0,0,0,0,0,7,0,9,0,1,0,0,0,0,0,0,0,0,0
1417732,4,0,4,0,4,0,0,0,2,2,0,2,2,0,3,4,0,0,0,0,0,0,0,0,4,0,0,1,0,1,0,0,0,2,0,0,0
1419562,8,2,6,0,4,0,1,3,7,1,0,4,1,3,8,4,2,2,0,0,0,0,0,0,4,4,0,2,0,1,0,1,0,0,0,0,0
1425656,4,0,4,0,2,2,0,0,4,0,0,3,0,1,4,4,0,0,0,0,0,0,0,0,4,4,0,0,0,0,0,0,0,0,0,0,1
1426098,2,2,0,0,0,0,0,2,2,0,0,2,0,0,0,2,0,0,0,0,0,0,0,0,0,2,0,0,0,0,0,0,0,0,0,0,0
1428939,3,0,3,0,1,2,0,0,2,1,0,2,1,0,1,3,0,0,0,0,0,0,0,0,0,1,0,0,0,0,0,1,0,1,0,0,2
1432510,13,5,8,0,6,1,0,6,13,0,0,0,3,10,9,4,4,3,0,0,2,0,0,0,2,8,0,4,1,0,0,0,0,0,0,0,0
1447711,5,3,2,0,1,4,0,0,5,0,0,0,4,1,5,5,0,0,0,0,0,0,0,0,0,0,0,0,0,0,0,0,0,5,0,0,0
1454041,10,0,10,0,9,0,0,1,2,8,0,1,8,1,10,5,2,1,1,0,1,0,0,0,1,1,1,4,0,0,0,0,0,4,0,0,0
1456849,26,0,26,0,20,3,0,2,26,0,0,8,16,2,26,26,0,0,0,0,0,0,0,0,19,18,0,2,0,0,0,1,0,5,0,0,1
1462536,13,1,12,0,13,0,0,0,9,4,0,4,6,3,13,13,0,0,0,0,0,0,0,0,10,0,1,1,0,0,0,0,0,11,0,0,0
1462973,8,0,8,0,8,0,0,0,8,0,0,2,6,0,8,3,0,5,0,0,0,0,0,0,4,8,0,0,0,0,0,0,0,0,0,0,0
1464412,7,2,5,0,3,0,1,3,7,0,0,0,5,2,5,7,0,0,0,0,0,0,0,0,7,0,0,3,0,1,0,3,0,0,0,0,6
1466100,3,0,3,0,3,0,0,0,3,0,0,3,0,0,3,3,0,0,0,0,0,0,0,0,0,0,0,1,0,1,1,0,0,0,0,0,0
1467295,15,7,8,0,9,3,2,0,15,0,0,5,10,0,14,7,4,1,2,0,1,0,0,0,0,8,0,3,0,0,0,0,0,4,0,0,0
1468149,1,0,1,0,1,0,0,0,1,0,0,0,1,0,1,1,0,0,0,0,0,0,0,0,0,1,0,0,0,0,0,0,0,0,0,0,0
1471248,9,1,8,0,4,3,0,2,9,0,0,4,4,1,8,9,0,0,0,0,0,0,0,0,1,8,0,1,0,0,0,0,0,0,0,0,0
1472528,1,0,1,0,0,0,0,0,1,0,0,0,0,1,1,1,0,0,0,0,0,0,0,0,0,1,0,0,0,0,0,0,0,0,0,0,0
1475684,9,0,9,0,7,2,0,0,9,0,0,1,4,4,6,9,0,0,0,0,0,0,0,0,9,5,0,2,0,0,0,0,2,0,0,0,1
1477175,8,1,7,0,8,0,0,0,8,0,0,6,2,0,8,8,0,0,0,0,0,0,0,0,0,7,0,1,0,0,0,0,0,0,0,0,0
1477333,8,2,6,0,8,0,0,0,8,0,0,0,8,0,7,8,0,0,0,0,0,0,0,0,0,8,0,0,0,0,0,0,0,0,0,0,0
1482805,7,6,1,0,7,0,0,0,7,0,0,1,4,2,7,7,0,0,0,0,0,0,0,0,0,3,0,3,0,0,0,0,1,0,0,0,0
1499602,5,0,5,0,5,0,0,0,5,0,0,3,2,0,4,5,0,0,0,0,0,0,0,0,0,4,0,0,0,0,0,0,1,0,0,0,0
1499838,6,1,5,0,2,2,1,0,6,0,0,1,5,0,6,0,0,0,0,0,0,0,1,5,6,0,0,0,0,2,0,4,0,0,0,0,6
1511641,11,4,7,0,1,5,1,2,11,0,0,4,1,6,6,8,1,2,0,0,0,0,0,0,2,4,0,4,0,0,0,0,0,0,2,1,0
1520547,14,9,5,0,6,1,1,2,14,0,0,1,7,6,12,0,1,1,3,0,9,0,0,0,5,1,0,12,1,0,0,0,0,0,0,0,1
1527837,4,2,2,0,1,1,0,2,4,0,0,0,2,2,4,2,2,0,0,0,0,0,0,0,0,2,0,2,0,0,0,0,0,0,0,0,0
1529369,15,0,15,0,14,1,0,0,15,0,0,14,1,0,15,15,0,0,0,0,0,0,0,0,0,15,0,0,0,0,0,0,0,0,0,0,0
1529836,14,2,12,0,9,0,0,4,14,0,0,5,7,2,14,14,0,0,0,0,0,0,0,0,1,9,0,4,0,0,0,1,0,0,0,0,0
1530756,16,0,16,0,14,1,0,1,16,0,0,6,5,5,14,5,3,8,0,0,0,0,0,0,4,1,1,2,0,4,0,0,0,8,0,0,1
1537168,13,1,12,0,13,0,0,0,8,5,0,8,3,2,5,13,0,0,0,0,0,0,0,0,1,7,0,2,0,0,0,0,0,4,0,0,0
1537582,5,2,3,0,2,0,0,1,5,0,0,0,2,3,5,1,1,3,0,0,0,0,0,0,0,2,0,1,2,0,0,0,0,0,0,0,1
1537709,2,0,2,0,2,0,0,0,2,0,0,2,0,0,2,2,0,0,0,0,0,0,0,0,0,1,0,0,0,0,0,0,0,1,0,0,0
1545207,10,3,7,0,5,0,0,4,10,0,0,3,7,0,5,8,1,1,0,0,0,0,0,0,0,9,0,0,0,0,0,1,0,0,0,0,1
1547587,1,1,0,0,0,0,0,1,1,0,0,0,1,0,1,0,0,1,0,0,0,0,0,0,0,1,0,0,0,0,0,0,0,0,0,0,0
1551358,10,0,10,0,10,0,0,0,8,2,0,1,9,0,10,10,0,0,0,0,0,0,0,0,0,8,0,1,0,0,1,0,0,0,0,0,0
1559661,2,0,2,0,1,1,0,0,2,0,0,1,0,1,2,1,1,0,0,0,0,0,0,0,0,1,0,1,0,0,0,0,0,0,0,0,0
1566310,20,6,14,0,5,1,1,5,20,0,0,3,11,6,4,11,9,0,0,0,0,0,0,0,1,12,0,5,1,2,0,0,0,0,0,0,1
1566326,9,0,9,0,8,1,0,0,8,1,0,7,1,1,8,9,0,0,0,0,0,0,0,0,0,5,0,1,0,0,0,0,0,2,1,0,0
1567496,5,0,5,0,5,0,0,0,5,0,0,0,3,2,5,5,0,0,0,0,0,0,0,0,2,0,0,1,0,0,1,0,3,0,0,0,3
1568648,2,0,2,0,1,0,0,1,2,0,0,0,0,2,2,2,0,0,0,0,0,0,0,0,1,1,0,1,0,0,0,0,0,0,0,0,0
1572076,13,1,12,0,9,2,0,1,4,9,0,9,4,0,11,8,0,5,0,0,0,0,0,0,0,1,0,5,0,0,0,7,0,0,0,0,13
1572453,10,7,3,0,3,4,0,2,10,0,0,3,4,3,10,5,2,3,0,0,0,0,0,0,0,6,0,4,0,0,0,0,0,0,0,0,0
1575315,5,2,3,0,3,0,1,0,5,0,0,0,1,4,5,0,0,0,5,0,0,0,0,0,0,0,0,5,0,0,0,0,0,0,0,0,0
1584247,6,3,3,0,3,1,1,1,6,0,0,0,1,5,6,0,0,0,6,0,0,0,0,0,3,1,0,5,0,0,0,0,0,0,0,0,0
1584472,6,1,5,0,5,1,0,0,6,0,0,4,2,0,6,6,0,0,0,0,0,0,0,0,2,6,0,0,0,0,0,0,0,0,0,0,1
1590235,3,3,0,0,3,0,0,0,3,0,0,0,3,0,3,0,0,0,3,0,0,0,0,0,0,0,0,3,0,0,0,0,0,0,0,0,0
1594254,6,1,5,0,6,0,0,0,6,0,0,1,4,1,6,3,2,1,0,0,0,0,0,0,0,2,0,0,0,3,0,0,0,1,0,0,0
1594617,4,2,2,0,4,0,0,0,4,0,0,3,1,0,1,0,0,0,4,0,0,0,0,0,0,0,0,4,0,0,0,0,0,0,0,0,0
1608595,4,0,4,0,2,1,0,1,4,0,0,4,0,0,4,4,0,0,0,0,0,0,0,0,4,4,0,0,0,0,0,0,0,0,0,0,0
1614162,10,0,10,0,9,1,0,0,8,2,0,2,3,5,9,10,0,0,0,0,0,0,0,0,2,1,0,1,0,5,1,0,0,2,0,0,3
1618426,2,2,0,0,2,0,0,0,2,0,0,1,0,1,2,1,1,0,0,0,0,0,0,0,0,1,0,1,0,0,0,0,0,0,0,0,0
1624362,9,4,5,0,7,0,0,2,9,0,0,2,4,3,2,4,5,0,0,0,0,0,0,0,0,6,0,2,0,0,0,1,0,0,0,0,0
1625956,5,0,5,0,5,0,0,0,5,0,0,0,3,2,5,3,2,0,0,0,0,0,0,0,0,3,0,2,0,0,0,0,0,0,0,0,0
1627046,9,7,2,0,2,2,2,3,9,0,0,2,6,1,9,5,4,0,0,0,0,0,0,0,0,4,0,4,0,0,0,1,0,0,0,0,2
1635706,18,7,11,0,9,1,2,4,17,1,0,1,9,8,16,8,1,9,0,0,0,0,0,0,0,6,0,6,0,1,0,1,1,0,3,0,0
1636452,35,16,19,0,14,5,2,13,35,0,0,4,20,11,31,13,15,7,0,0,0,0,0,0,0,20,1,12,0,1,0,0,0,1,0,0,2
1640909,2,0,2,0,2,0,0,0,2,0,0,1,1,0,2,1,0,1,0,0,0,0,0,0,0,0,0,1,0,1,0,0,0,0,0,0,0
1642752,2,1,1,0,0,0,0,2,2,0,0,0,1,1,2,0,0,2,0,0,0,0,0,0,0,1,0,1,0,0,0,0,0,0,0,0,1
1650746,10,1,9,0,5,1,0,4,10,0,0,3,2,5,1,4,6,0,0,0,0,0,0,0,2,7,0,2,1,0,0,0,0,0,0,0,0
1654383,8,0,8,0,4,3,0,1,5,3,0,0,7,1,8,4,3,1,0,0,0,0,0,0,3,1,0,4,0,0,0,0,3,0,0,0,5
1656568,1,0,1,0,1,0,0,0,1,0,0,0,1,0,1,1,0,0,0,0,0,0,0,0,0,1,0,0,0,0,0,0,0,0,0,0,0
1658864,2,0,2,0,2,0,0,0,2,0,0,0,2,0,2,2,0,0,0,0,0,0,0,0,0,2,0,0,0,0,0,0,0,0,0,0,0
1660307,6,3,3,0,1,1,1,3,6,0,0,0,5,1,2,2,3,1,0,0,0,0,0,0,0,3,0,2,0,0,0,0,1,0,0,0,0
1665665,7,6,1,0,4,2,1,0,7,0,0,1,4,2,5,6,1,0,0,0,0,0,0,0,0,5,0,2,0,0,0,0,0,0,0,0,1
1666568,5,0,5,0,4,0,0,0,5,0,0,0,1,4,5,0,0,0,5,0,0,0,0,0,0,0,0,5,0,0,0,0,0,0,0,0,0
1677658,18,13,5,0,8,3,3,2,17,1,0,12,5,1,2,12,5,1,0,0,0,0,0,0,0,14,0,2,1,0,0,0,0,1,0,0,0
1697549,9,5,4,0,4,1,0,3,9,0,0,0,4,5,8,6,0,3,0,0,0,0,0,0,0,6,0,2,0,0,0,1,0,0,0,0,0
1697816,2,0,2,0,1,0,0,1,2,0,0,0,2,0,2,2,0,0,0,0,0,0,0,0,0,2,0,0,0,0,0,0,0,0,0,0,0
1698304,24,0,24,0,24,0,0,0,19,5,0,5,16,3,24,24,0,0,0,0,0,0,0,0,0,20,0,2,0,0,0,0,0,2,0,0,0
1701444,8,2,6,0,8,0,0,0,8,0,0,3,5,0,4,8,0,0,0,0,0,0,0,0,5,2,0,1,0,4,0,0,0,1,0,0,0
1706688,7,0,7,0,7,0,0,0,7,0,0,6,1,0,7,7,0,0,0,0,0,0,0,0,4,7,0,0,0,0,0,0,0,0,0,0,0
1707289,6,5,1,0,3,0,0,3,6,0,0,0,5,1,6,0,0,0,6,0,0,0,0,0,1,0,0,6,0,0,0,0,0,0,0,0,4
1710751,11,6,5,0,4,2,0,4,6,5,0,0,5,6,11,6,5,0,0,0,0,0,0,0,1,5,0,4,0,0,0,0,0,1,1,0,0
1720981,6,2,4,0,5,0,0,1,6,0,0,1,3,2,5,3,1,2,0,0,0,0,0,0,0,2,0,3,1,0,0,0,0,0,0,0,1
1721773,2,1,1,0,2,0,0,0,2,0,0,0,0,2,2,2,0,0,0,0,0,0,0,0,0,1,0,1,0,0,0,0,0,0,0,0,0
1723463,10,0,10,0,10,0,0,0,10,0,0,3,5,2,8,10,0,0,0,0,0,0,0,0,0,7,0,2,0,0,0,0,0,1,0,0,0
1739848,15,0,15,0,15,0,0,0,14,1,0,1,13,1,13,15,0,0,0,0,0,0,0,0,0,12,0,3,0,0,0,0,0,0,0,0,0
1739889,3,1,2,0,3,0,0,0,3,0,0,0,0,3,3,0,0,0,3,0,0,0,0,0,0,1,0,2,0,0,0,0,0,0,0,0,0
1741962,2,0,2,0,2,0,0,0,2,0,0,1,1,0,2,2,0,0,0,0,0,0,0,0,0,0,0,1,0,0,0,0,0,1,0,0,1
1750331,16,0,16,0,16,0,0,0,3,13,0,6,5,5,16,16,0,0,0,0,0,0,0,0,4,3,0,0,0,4,0,1,0,4,4,0,0
1753038,24,9,15,0,13,0,0,9,24,0,0,0,16,8,23,0,0,0,24,0,0,0,0,0,0,0,0,24,0,0,0,0,0,0,0,0,6
1756611,6,2,4,0,2,0,0,2,6,0,0,0,6,0,6,6,0,0,0,0,0,0,0,0,0,1,0,1,0,4,0,0,0,0,0,0,2
1757561,24,4,20,0,18,5,1,0,24,0,0,3,15,6,22,13,11,0,0,0,0,0,0,0,0,13,0,9,1,0,0,0,0,1,0,0,1
1761510,1,0,1,0,0,1,0,0,1,0,0,0,0,1,1,1,0,0,0,0,0,0,0,0,1,0,1,0,0,0,0,0,0,0,0,0,0
1766715,13,3,10,0,3,5,0,4,13,0,0,3,4,6,12,13,0,0,0,0,0,0,0,0,0,10,0,1,1,1,0,0,0,0,0,0,0
1768363,3,1,2,0,1,1,0,1,3,0,0,2,1,0,3,3,0,0,0,0,0,0,0,0,0,2,0,0,0,0,0,0,0,1,0,0,0
1775433,2,2,0,0,2,0,0,0,2,0,0,0,2,0,0,0,0,0,2,0,0,0,0,0,0,0,0,2,0,0,0,0,0,0,0,0,0
1776056,1,1,0,0,0,0,0,0,1,0,0,0,1,0,0,1,0,0,0,0,0,0,0,0,0,1,0,0,0,0,0,0,0,0,0,0,0
1779484,7,0,7,0,7,0,0,0,7,0,0,5,1,1,1,7,0,0,0,0,0,0,0,0,0,2,0,5,0,0,0,0,0,0,0,0,0
1783888,4,0,4,0,3,0,0,0,4,0,0,0,1,3,4,0,0,0,4,0,0,0,0,0,0,0,0,3,0,0,0,0,0,0,1,0,0
1787109,27,9,18,0,13,0,1,11,27,0,0,0,26,1,26,5,0,22,0,0,0,0,0,0,0,25,0,2,0,0,0,0,0,0,0,0,1
1788665,8,4,4,0,6,1,0,1,8,0,0,0,6,2,2,8,0,0,0,0,0,0,0,0,0,7,0,1,0,0,0,0,0,0,0,0,0
1788811,4,0,4,0,4,0,0,0,4,0,0,0,2,2,4,4,0,0,0,0,0,0,0,0,0,4,0,0,0,0,0,0,0,0,0,0,4
1792431,5,0,5,0,2,0,0,2,5,0,0,1,0,4,5,3,2,0,0,0,0,0,0,0,4,3,0,1,1,0,0,0,0,0,0,0,5
1795070,16,4,12,0,6,4,0,4,16,0,0,2,10,4,15,3,5,4,3,0,1,0,0,0,1,5,1,7,0,3,0,0,0,0,0,0,2
1804261,4,0,4,0,4,0,0,0,4,0,0,2,2,0,4,4,0,0,0,0,0,0,0,0,0,4,0,0,0,0,0,0,0,0,0,0,0
1804359,6,0,6,0,5,1,0,0,0,5,1,5,1,0,3,6,0,0,0,0,0,0,0,0,0,0,0,0,0,0,6,0,0,0,0,0,0
1806139,14,8,6,0,2,3,0,9,14,0,0,5,9,0,14,8,2,4,0,0,0,0,0,0,0,14,0,0,0,0,0,0,0,0,0,0,0
1809691,8,1,7,0,8,0,0,0,8,0,0,1,6,1,7,7,0,0,0,0,0,0,0,1,0,7,0,0,0,0,0,1,0,0,0,0,0
1827762,5,1,4,0,3,0,0,1,5,0,0,0,4,1,2,4,1,0,0,0,0,0,0,0,0,3,0,1,0,0,0,0,0,0,1,0,0
1827791,3,3,0,0,0,0,0,2,3,0,0,0,3,0,3,1,2,0,0,0,0,0,0,0,0,3,0,0,0,0,0,0,0,0,0,0,0
1838775,31,11,20,0,27,1,0,2,31,0,0,3,25,3,29,4,2,25,0,0,0,0,0,0,0,27,0,2,0,0,0,0,0,2,0,0,1
1840900,15,0,15,0,15,0,0,0,15,0,0,3,9,3,13,12,1,0,2,0,0,0,0,0,2,2,5,0,0,3,0,0,0,5,0,0,3
1854212,5,0,5,0,5,0,0,0,5,0,0,2,3,0,4,5,0,0,0,0,0,0,0,0,0,0,0,1,0,0,0,0,0,4,0,0,0
1855231,12,2,10,0,12,0,0,0,12,0,0,8,3,1,11,12,0,0,0,0,0,0,0,0,4,5,1,2,0,1,2,0,0,1,0,0,0
1856986,5,0,5,0,5,0,0,0,2,3,0,4,1,0,1,5,0,0,0,0,0,0,0,0,0,2,0,0,0,3,0,0,0,0,0,0,0
1858000,3,0,3,0,2,0,0,1,3,0,0,3,0,0,0,1,1,1,0,0,0,0,0,0,0,3,0,0,0,0,0,0,0,0,0,0,0
1859696,25,8,17,0,19,2,2,1,25,0,0,1,18,6,25,10,8,6,0,0,0,0,0,1,0,17,0,8,0,0,0,0,0,0,0,0,3
1863565,4,1,3,0,0,1,0,3,4,0,0,3,0,1,3,4,0,0,0,0,0,0,0,0,0,4,0,0,0,0,0,0,0,0,0,0,1
1868153,2,0,2,0,1,0,0,1,2,0,0,1,0,1,1,1,1,0,0,0,0,0,0,0,0,1,0,1,0,0,0,0,0,0,0,0,0
1870872,12,1,11,0,9,0,0,3,12,0,0,11,1,0,12,12,0,0,0,0,0,0,0,0,1,11,0,1,0,0,0,0,0,0,0,0,0
1872368,3,2,1,0,1,1,0,0,3,0,0,0,1,2,3,0,0,0,3,0,0,0,0,0,0,0,0,3,0,0,0,0,0,0,0,0,0
1875338,10,0,10,0,10,0,0,0,10,0,0,4,5,1,10,10,0,0,0,0,0,0,0,0,9,4,0,0,0,2,0,0,0,4,0,0,0
1875803,1,0,1,0,1,0,0,0,1,0,0,1,0,0,1,1,0,0,0,0,0,0,0,0,0,1,0,0,0,0,0,0,0,0,0,0,0
1879005,4,0,4,0,4,0,0,0,0,4,0,1,2,1,3,3,0,0,0,0,0,0,1,0,0,0,0,0,0,0,0,0,0,4,0,0,0
1883475,2,0,2,0,2,0,0,0,2,0,0,1,0,1,0,0,0,0,2,0,0,0,0,0,0,1,0,1,0,0,0,0,0,0,0,0,0
1886363,17,6,11,0,7,3,0,6,17,0,0,2,6,9,9,9,7,1,0,0,0,0,0,0,0,10,0,4,0,2,0,0,1,0,0,0,6
1887741,29,2,27,0,29,0,0,0,29,0,0,5,20,4,4,29,0,0,0,0,0,0,0,0,0,20,0,6,0,2,0,0,0,1,0,0,0
1888057,2,0,2,0,2,0,0,0,2,0,0,0,2,0,1,0,2,0,0,0,0,0,0,0,0,0,0,2,0,0,0,0,0,0,0,0,0
1889822,11,0,11,0,9,0,0,2,11,0,0,1,10,0,0,11,0,0,0,0,0,0,0,0,0,10,0,1,0,0,0,0,0,0,0,0,0
1891686,8,0,8,0,8,0,0,0,7,1,0,3,4,1,7,8,0,0,0,0,0,0,0,0,5,6,0,1,0,0,0,0,0,1,0,0,0
1893286,2,2,0,0,2,0,0,0,2,0,0,0,1,1,2,0,2,0,0,0,0,0,0,0,0,0,0,2,0,0,0,0,0,0,0,0,0
1894602,10,1,9,0,7,3,0,0,10,0,0,9,1,0,10,10,0,0,0,0,0,0,0,0,0,9,0,1,0,0,0,0,0,0,0,0,0
1896525,13,6,7,0,9,0,0,2,13,0,0,0,10,3,5,0,0,0,0,0,13,0,0,0,0,0,0,13,0,0,0,0,0,0,0,0,1
1897042,11,4,7,0,3,0,0,6,9,2,0,1,4,6,11,1,1,9,0,0,0,0,0,0,1,3,0,8,0,0,0,0,0,0,0,0,9
1902601,10,5,5,0,4,3,1,2,10,0,0,0,7,3,10,3,6,1,0,0,0,0,0,0,0,4,0,6,0,0,0,0,0,0,0,0,8
1903633,4,0,4,0,3,1,0,0,4,0,0,1,2,1,4,4,0,0,0,0,0,0,0,0,0,4,0,0,0,0,0,0,0,0,0,0,4
1906658,1,0,1,0,1,0,0,0,1,0,0,0,1,0,1,1,0,0,0,0,0,0,0,0,0,1,0,0,0,0,0,0,0,0,0,0,0
1907509,4,0,4,0,4,0,0,0,4,0,0,0,4,0,4,4,0,0,0,0,0,0,0,0,0,1,0,2,0,0,1,0,0,0,0,0,0
1912783,24,11,13,0,7,7,0,8,21,3,0,1,18,5,18,6,5,8,5,0,0,0,0,0,0,11,0,10,0,0,0,0,0,3,0,0,0
1912987,9,2,7,0,7,2,0,0,9,0,0,5,3,1,8,9,0,0,0,0,0,0,0,0,0,7,0,2,0,0,0,0,0,0,0,0,0
1913052,9,0,9,0,2,1,0,5,8,0,1,0,1,8,9,9,0,0,0,0,0,0,0,0,9,9,0,0,0,0,0,0,0,0,0,0,8
1914822,3,1,2,0,2,1,0,0,3,0,0,0,2,1,3,0,0,0,3,0,0,0,0,0,0,0,0,3,0,0,0,0,0,0,0,0,0
1915346,2,0,2,0,2,0,0,0,2,0,0,0,2,0,2,1,0,1,0,0,0,0,0,0,0,1,0,1,0,0,0,0,0,0,0,0,0
1921808,3,0,3,0,2,1,0,0,3,0,0,0,2,1,3,3,0,0,0,0,0,0,0,0,0,3,0,0,0,0,0,0,0,0,0,0,3
1924108,21,12,9,0,4,2,1,13,21,0,0,0,9,12,17,8,11,2,0,0,0,0,0,0,0,11,0,7,0,0,0,3,0,0,0,0,0
1925695,15,0,15,0,14,0,0,1,15,0,0,1,11,3,15,14,0,0,0,0,0,0,0,1,15,10,0,3,2,0,0,0,0,0,0,0,0
1927719,17,4,13,0,5,4,1,5,17,0,0,8,7,2,14,17,0,0,0,0,0,0,0,0,1,15,1,1,0,0,0,0,0,0,0,0,1
1935127,5,0,5,0,5,0,0,0,5,0,0,3,2,0,4,5,0,0,0,0,0,0,0,0,0,0,0,0,0,0,0,0,0,5,0,0,0
1937424,6,2,4,0,4,0,1,1,6,0,0,1,4,1,6,5,0,0,0,0,0,0,0,1,0,5,0,0,0,0,0,0,0,1,0,0,2
1938786,15,3,12,0,6,2,2,4,14,1,0,1,5,9,14,5,3,4,3,0,0,0,0,0,7,8,0,7,0,0,0,0,0,0,0,0,1
1940857,7,4,3,0,2,2,0,1,7,0,0,4,3,0,2,3,3,1,0,0,0,0,0,0,0,5,0,2,0,0,0,0,0,0,0,0,0
1946340,5,1,4,0,4,0,0,1,5,0,0,0,3,2,5,0,0,0,5,0,0,0,0,0,0,0,0,5,0,0,0,0,0,0,0,0,0
1949027,11,4,7,0,6,0,0,3,11,0,0,6,2,3,10,9,2,0,0,0,0,0,0,0,3,7,0,2,0,0,0,0,0,1,1,0,0
1953134,6,2,4,0,6,0,0,0,6,0,0,6,0,0,6,5,0,0,0,0,0,0,0,1,0,2,0,0,0,3,1,0,0,0,0,0,0
1960098,19,6,13,0,13,0,0,5,19,0,0,0,19,0,17,0,0,0,19,0,0,0,0,0,1,0,0,19,0,0,0,0,0,0,0,0,2
1961921,6,0,6,0,6,0,0,0,6,0,0,1,5,0,6,5,0,0,0,0,0,0,0,1,5,0,3,0,0,1,0,1,1,0,0,0,2
1962219,4,0,4,0,4,0,0,0,4,0,0,2,2,0,4,4,0,0,0,0,0,0,0,0,0,3,0,1,0,0,0,0,0,0,0,0,0
1965972,5,1,4,0,5,0,0,0,2,3,0,2,2,1,4,5,0,0,0,0,0,0,0,0,2,1,0,2,0,0,0,0,0,2,0,0,2
1969948,7,2,5,0,2,1,1,2,7,0,0,2,1,4,7,5,2,0,0,0,0,0,0,0,1,2,0,5,0,0,0,0,0,0,0,0,2
1970441,9,3,6,0,2,2,0,3,9,0,0,7,1,1,5,9,0,0,0,0,0,0,0,0,0,0,0,0,0,4,3,2,0,0,0,0,9
1971962,15,4,11,0,3,2,0,10,15,0,0,10,4,1,3,9,4,2,0,0,0,0,0,0,0,11,1,2,0,1,0,0,0,0,0,0,0
1976130,3,3,0,0,0,1,0,2,3,0,0,0,2,1,1,2,0,1,0,0,0,0,0,0,0,3,0,0,0,0,0,0,0,0,0,0,0
1979419,5,0,5,0,4,1,0,0,5,0,0,0,2,3,5,0,0,2,0,0,3,0,0,0,5,2,0,2,1,0,0,0,0,0,0,0,0
1980362,2,0,2,0,0,2,0,0,2,0,0,1,0,1,2,2,0,0,0,0,0,0,0,0,0,2,0,0,0,0,0,0,0,0,0,0,0
1980667,27,8,19,0,8,2,1,14,22,5,0,5,14,8,7,10,3,14,0,0,0,0,0,0,0,23,0,4,0,0,0,0,0,0,0,0,0
1982066,13,4,9,0,6,0,0,3,13,0,0,9,4,0,13,9,2,2,0,0,0,0,0,0,0,9,0,2,0,1,0,1,0,0,0,0,0
1987191,3,0,3,0,2,0,0,1,3,0,0,0,0,3,3,3,0,0,0,0,0,0,0,0,0,3,0,0,0,0,0,0,0,0,0,0,0
2001714,4,3,1,0,2,0,0,1,4,0,0,2,0,2,4,2,1,1,0,0,0,0,0,0,0,2,0,2,0,0,0,0,0,0,0,0,0
2004745,14,0,14,0,14,0,0,0,11,3,0,10,4,0,14,14,0,0,0,0,0,0,0,0,0,14,0,0,0,0,0,0,0,0,0,0,0
2014526,4,1,3,0,4,0,0,0,4,0,0,2,2,0,3,3,0,0,0,0,0,0,0,1,1,2,0,2,0,0,0,0,0,0,0,0,0
2015321,7,3,4,0,4,3,0,0,7,0,0,6,0,1,3,6,1,0,0,0,0,0,0,0,0,5,0,2,0,0,0,0,0,0,0,0,0
2028107,3,3,0,0,1,0,0,0,3,0,0,0,2,1,3,0,0,0,3,0,0,0,0,0,1,0,0,2,0,1,0,0,0,0,0,0,0
2032470,1,0,1,0,1,0,0,0,1,0,0,1,0,0,1,1,0,0,0,0,0,0,0,0,1,1,0,0,0,0,0,0,0,0,0,0,0
2034695,39,2,37,0,38,0,0,0,9,30,0,15,23,1,38,39,0,0,0,0,0,0,0,0,7,1,2,8,1,0,2,0,0,25,0,0,0
2036206,17,0,17,0,16,0,0,1,17,0,0,2,8,7,17,17,0,0,0,0,0,0,0,0,0,16,0,1,0,0,0,0,0,0,0,0,14
2041169,3,2,1,0,1,0,0,2,3,0,0,0,2,1,3,1,1,1,0,0,0,0,0,0,0,2,0,0,1,0,0,0,0,0,0,0,0
2042691,4,0,4,0,4,0,0,0,4,0,0,2,1,1,4,4,0,0,0,0,0,0,0,0,2,1,0,0,0,3,0,0,0,0,0,0,2
2046328,12,0,12,0,12,0,0,0,12,0,0,2,10,0,12,12,0,0,0,0,0,0,0,0,0,11,0,0,0,0,0,0,0,1,0,0,0
2048203,8,0,8,0,5,2,0,1,8,0,0,0,3,5,7,8,0,0,0,0,0,0,0,0,0,7,0,1,0,0,0,0,0,0,0,0,0
2058621,7,0,7,0,7,0,0,0,6,1,0,0,5,2,7,7,0,0,0,0,0,0,0,0,3,0,1,5,0,1,0,0,0,0,0,0,2
2061494,3,1,2,0,0,1,1,1,3,0,0,1,0,2,3,1,0,2,0,0,0,0,0,0,0,1,1,1,0,0,0,0,0,0,0,0,3
2066317,7,1,6,0,4,2,0,1,3,4,0,3,2,2,1,7,0,0,0,0,0,0,0,0,1,6,1,0,0,0,0,0,0,0,0,0,0
2078673,2,1,1,0,1,1,0,0,2,0,0,0,1,1,0,2,0,0,0,0,0,0,0,0,0,2,0,0,0,0,0,0,0,0,0,0,0
2078710,10,3,7,0,7,1,0,2,10,0,0,4,2,4,9,3,2,5,0,0,0,0,0,0,2,1,0,6,0,0,0,0,0,3,0,0,0
2081260,4,0,4,0,4,0,0,0,4,0,0,2,1,1,3,4,0,0,0,0,0,0,0,0,0,3,0,0,0,0,0,1,0,0,0,0,0
2092191,2,0,2,0,1,1,0,0,2,0,0,0,0,2,2,0,0,2,0,0,0,0,0,0,0,1,0,1,0,0,0,0,0,0,0,0,1
2092474,4,0,4,0,4,0,0,0,4,0,0,0,3,1,1,4,0,0,0,0,0,0,0,0,0,1,0,1,0,0,2,0,0,0,0,0,0
2095757,8,0,8,0,6,0,0,1,7,1,0,0,6,2,7,1,0,7,0,0,0,0,0,0,0,5,0,2,0,0,0,0,0,0,1,0,1
2100120,4,0,4,0,4,0,0,0,4,0,0,1,2,1,4,3,0,0,0,0,0,0,0,1,0,0,0,1,0,1,0,0,0,2,0,0,0
2100462,1,0,1,0,1,0,0,0,1,0,0,0,0,1,1,1,0,0,0,0,0,0,0,0,1,1,0,0,0,0,0,0,0,0,0,0,0
2105687,7,2,5,0,4,1,2,0,7,0,0,0,6,1,7,7,0,0,0,0,0,0,0,0,0,7,0,0,0,0,0,0,0,0,0,0,0
2113346,11,2,9,0,4,0,1,6,11,0,0,1,9,1,11,3,1,7,0,0,0,0,0,0,10,7,0,4,0,0,0,0,0,0,0,0,0
2115546,14,8,6,0,2,5,2,4,11,3,0,1,0,13,14,5,2,7,0,0,0,0,0,0,0,10,0,3,0,1,0,0,0,0,0,0,0
2115870,2,0,2,0,1,1,0,0,2,0,0,0,2,0,2,0,0,2,0,0,0,0,0,0,0,2,0,0,0,0,0,0,0,0,0,0,0
2128198,4,1,3,0,3,1,0,0,3,1,0,0,4,0,2,0,0,4,0,0,0,0,0,0,3,1,0,0,0,2,0,0,1,0,0,0,0
2132340,5,0,5,0,5,0,0,0,2,3,0,3,2,0,5,5,0,0,0,0,0,0,0,0,0,5,0,0,0,0,0,0,0,0,0,0,0
2139424,4,0,4,0,4,0,0,0,4,0,0,0,3,1,1,4,0,0,0,0,0,0,0,0,0,0,0,4,0,0,0,0,0,0,0,0,0
2141559,5,2,3,0,3,1,1,0,5,0,0,4,0,1,4,5,0,0,0,0,0,0,0,0,0,1,0,1,0,0,0,0,0,3,0,0,0
2142548,3,0,3,0,1,1,0,1,3,0,0,2,1,0,3,3,0,0,0,0,0,0,0,0,0,3,0,0,0,0,0,0,0,0,0,0,0
2147283,13,0,13,0,13,0,0,0,13,0,0,10,3,0,3,13,0,0,0,0,0,0,0,0,0,8,0,3,0,1,0,0,0,1,0,0,1
2148524,7,1,6,0,2,2,0,3,7,0,0,0,6,1,2,0,0,0,7,0,0,0,0,0,0,0,0,7,0,0,0,0,0,0,0,0,0
2152853,8,0,8,0,8,0,0,0,8,0,0,0,7,1,5,8,0,0,0,0,0,0,0,0,0,8,0,0,0,0,0,0,0,0,0,0,0
2153028,13,4,9,0,12,0,0,1,13,0,0,13,0,0,4,8,5,0,0,0,0,0,0,0,0,11,0,1,0,0,0,1,0,0,0,0,1
2156313,9,0,9,0,9,0,0,0,7,2,0,1,5,3,9,9,0,0,0,0,0,0,0,0,1,3,0,6,0,0,0,0,0,0,0,0,0
2157548,10,0,10,0,10,0,0,0,10,0,0,0,8,2,10,10,0,0,0,0,0,0,0,0,0,7,0,2,0,0,0,0,0,1,0,0,0
2158592,2,0,2,0,2,0,0,0,2,0,0,1,0,1,2,2,0,0,0,0,0,0,0,0,2,2,0,0,0,0,0,0,0,0,0,0,1
2164222,17,15,2,0,1,5,5,6,17,0,0,7,7,3,16,10,4,3,0,0,0,0,0,0,0,14,0,1,0,0,0,0,0,0,2,0,1
2166831,5,2,3,0,5,0,0,0,4,1,0,0,3,2,4,0,1,3,0,0,0,0,0,1,0,1,0,1,1,2,0,0,0,0,0,0,3
2168133,3,1,2,0,1,1,0,1,3,0,0,2,0,1,3,2,1,0,0,0,0,0,0,0,0,2,0,1,0,0,0,0,0,0,0,0,0
2174320,8,0,8,0,7,1,0,0,4,4,0,2,5,1,7,8,0,0,0,0,0,0,0,0,0,4,2,0,0,1,0,0,0,1,0,0,0
2174579,9,3,6,0,2,3,0,4,9,0,0,4,5,0,7,9,0,0,0,0,0,0,0,0,6,9,0,0,0,0,0,0,0,0,0,0,1
2176765,12,1,11,0,12,0,0,0,12,0,0,1,6,5,4,12,0,0,0,0,0,0,0,0,0,6,0,4,1,0,0,0,0,1,0,0,2
2183221,1,0,1,0,0,0,0,0,1,0,0,0,1,0,1,0,0,1,0,0,0,0,0,0,0,1,0,0,0,0,0,0,0,0,0,0,0
2187150,13,0,13,0,13,0,0,0,10,3,0,9,3,1,11,13,0,0,0,0,0,0,0,0,1,10,0,0,0,1,0,0,0,2,0,0,0
2187516,6,0,6,0,6,0,0,0,6,0,0,3,3,0,3,6,0,0,0,0,0,0,0,0,0,3,2,0,0,1,0,0,0,0,0,0,0
2189560,3,1,2,0,2,1,0,0,3,0,0,3,0,0,3,1,0,2,0,0,0,0,0,0,0,2,0,0,0,0,0,0,0,1,0,0,1
2190337,7,2,5,0,4,1,1,0,7,0,0,0,7,0,5,7,0,0,0,0,0,0,0,0,0,7,0,0,0,0,0,0,0,0,0,0,1
2198025,20,6,14,0,13,2,0,4,16,4,0,0,8,12,18,6,6,5,3,0,0,0,0,0,1,11,1,6,0,0,1,0,0,1,0,0,0
2198186,13,1,12,0,6,2,0,5,13,0,0,2,10,1,9,13,0,0,0,0,0,0,0,0,3,10,0,1,0,1,0,0,0,1,0,0,2
2198221,7,4,3,0,2,1,1,2,7,0,0,1,3,3,7,4,2,1,0,0,0,0,0,0,0,5,0,2,0,0,0,0,0,0,0,0,1
2202684,3,0,3,0,1,0,0,1,3,0,0,0,1,2,3,3,0,0,0,0,0,0,0,0,0,0,0,3,0,0,0,0,0,0,0,0,3
2209485,5,1,4,0,5,0,0,0,5,0,0,1,3,1,4,2,2,1,0,0,0,0,0,0,1,3,0,2,0,0,0,0,0,0,0,0,2
2215858,12,3,9,0,3,4,3,1,12,0,0,6,2,4,10,5,5,2,0,0,0,0,0,0,0,6,3,2,1,0,0,0,0,0,0,0,6
2224864,16,0,16,0,16,0,0,0,16,0,0,0,16,0,14,16,0,0,0,0,0,0,0,0,15,0,16,0,0,0,0,0,0,0,0,0,0
2226340,4,0,4,0,4,0,0,0,4,0,0,1,2,1,4,4,0,0,0,0,0,0,0,0,0,1,0,0,0,0,3,0,0,0,0,0,0
2245001,6,3,3,0,1,1,0,4,6,0,0,0,4,2,5,1,3,2,0,0,0,0,0,0,0,4,0,2,0,0,0,0,0,0,0,0,4
2245559,5,0,5,0,4,0,1,0,2,3,0,1,3,1,5,5,0,0,0,0,0,0,0,0,0,1,0,2,0,0,0,0,0,2,0,0,0
2250923,2,1,1,0,2,0,0,0,2,0,0,0,2,0,2,2,0,0,0,0,0,0,0,0,1,1,0,0,0,0,0,0,0,0,1,0,0
2253578,16,0,16,0,15,0,0,1,16,0,0,16,0,0,4,16,0,0,0,0,0,0,0,0,2,15,0,0,0,0,0,0,0,1,0,0,0
2257307,3,1,2,0,1,0,1,0,3,0,0,0,2,1,3,1,1,1,0,0,0,0,0,0,2,1,0,2,0,0,0,0,0,0,0,0,0
2258971,3,1,2,0,1,1,1,0,3,0,0,0,2,1,3,3,0,0,0,0,0,0,0,0,2,2,0,1,0,0,0,0,0,0,0,0,0
2259770,72,11,61,0,63,3,0,6,17,55,0,22,33,17,63,72,0,0,0,0,0,0,0,0,1,33,0,27,0,9,1,1,0,0,1,0,1
2264624,8,0,8,0,5,2,0,1,8,0,0,0,6,2,7,8,0,0,0,0,0,0,0,0,0,8,0,0,0,0,0,0,0,0,0,0,0
2265925,1,1,0,0,0,0,0,1,1,0,0,0,1,0,1,1,0,0,0,0,0,0,0,0,0,1,0,0,0,0,0,0,0,0,0,0,0
2266291,17,0,17,0,17,0,0,0,15,2,0,5,11,1,16,17,0,0,0,0,0,0,0,0,0,3,1,2,0,0,0,0,0,11,0,0,1
2268851,3,0,3,0,1,0,0,2,3,0,0,2,1,0,1,3,0,0,0,0,0,0,0,0,1,1,0,1,0,0,0,0,0,1,0,0,0
2273677,11,1,10,0,8,2,0,1,10,1,0,0,6,5,9,1,2,3,3,0,2,0,0,0,0,0,0,8,1,0,0,0,0,1,0,1,1
2274067,6,1,5,0,4,0,0,2,6,0,0,0,1,5,6,6,0,0,0,0,0,0,0,0,0,6,0,0,0,0,0,0,0,0,0,0,0
2280731,7,1,6,0,7,0,0,0,7,0,0,7,0,0,7,7,0,0,0,0,0,0,0,0,7,0,7,0,0,0,0,0,0,0,0,0,6
2285385,3,2,1,0,0,0,1,1,3,0,0,1,2,0,0,0,3,0,0,0,0,0,0,0,0,1,0,1,0,0,0,1,0,0,0,0,0
2285881,3,0,3,0,3,0,0,0,3,0,0,1,2,0,3,1,0,2,0,0,0,0,0,0,0,2,0,1,0,0,0,0,0,0,0,0,0
2298320,20,0,20,0,18,1,0,1,20,0,0,4,10,6,19,15,0,5,0,0,0,0,0,0,0,0,2,5,0,2,0,0,0,7,4,0,0
2298602,2,0,2,0,1,0,0,1,2,0,0,0,2,0,1,0,1,1,0,0,0,0,0,0,0,1,0,1,0,0,0,0,0,0,0,0,1
2299145,16,0,16,0,16,0,0,0,16,0,0,2,4,10,12,16,0,0,0,0,0,0,0,0,0,7,0,0,0,6,2,0,1,0,0,0,0
2304443,6,4,2,0,4,0,1,0,6,0,0,5,1,0,5,5,1,0,0,0,0,0,0,0,0,6,0,0,0,0,0,0,0,0,0,0,0
2307835,1,1,0,0,1,0,0,0,1,0,0,0,1,0,1,1,0,0,0,0,0,0,0,0,1,1,0,0,0,0,0,0,0,0,0,0,0
2311467,4,0,4,0,4,0,0,0,4,0,0,4,0,0,1,4,0,0,0,0,0,0,0,0,0,1,0,0,0,0,0,0,0,3,0,0,0
2338785,12,1,11,0,12,0,0,0,12,0,0,2,10,0,8,9,3,0,0,0,0,0,0,0,0,1,0,2,0,4,5,0,0,0,0,0,4
2342778,4,1,3,0,4,0,0,0,4,0,0,1,1,2,4,1,1,2,0,0,0,0,0,0,0,3,0,1,0,0,0,0,0,0,0,0,0
2350427,6,0,6,0,1,3,1,0,6,0,0,1,4,1,2,6,0,0,0,0,0,0,0,0,0,2,0,1,0,0,0,1,0,2,0,0,4
2358224,17,2,15,0,6,2,1,8,16,1,0,5,7,5,16,8,3,4,2,0,0,0,0,0,0,9,1,6,0,1,0,0,0,0,0,0,4
2361213,1,0,1,0,0,1,0,0,1,0,0,1,0,0,1,1,0,0,0,0,0,0,0,0,0,1,0,0,0,0,0,0,0,0,0,0,0
2366164,5,1,4,0,5,0,0,0,0,4,1,0,3,2,5,5,0,0,0,0,0,0,0,0,5,1,1,2,0,1,0,0,0,0,0,0,0
2377699,12,0,12,0,9,1,0,1,12,0,0,8,4,0,10,10,0,0,0,0,0,0,0,2,0,3,1,1,0,3,2,0,0,2,0,0,3
2391494,8,0,8,0,2,2,0,4,8,0,0,8,0,0,8,8,0,0,0,0,0,0,0,0,0,8,0,0,0,0,0,0,0,0,0,0,0
2409737,6,0,6,0,5,0,0,0,4,2,0,3,3,0,6,6,0,0,0,0,0,0,0,0,1,6,0,0,0,0,0,0,0,0,0,0,0
2414528,6,1,5,0,4,1,0,0,6,0,0,0,6,0,6,0,0,0,6,0,0,0,0,0,0,1,0,5,0,0,0,0,0,0,0,0,0
2421661,2,0,2,0,0,0,1,0,2,0,0,0,1,1,2,0,0,2,0,0,0,0,0,0,2,0,0,2,0,0,0,0,0,0,0,0,1
2421698,20,2,18,0,19,0,0,1,20,0,0,9,7,4,19,10,7,1,2,0,0,0,0,0,0,3,1,11,0,1,0,0,0,4,0,0,11
2423731,12,4,8,0,5,0,2,4,12,0,0,9,1,2,12,4,6,2,0,0,0,0,0,0,0,6,0,5,0,0,0,0,0,1,0,0,0
2437455,3,1,2,0,1,1,1,0,3,0,0,0,3,0,3,2,0,1,0,0,0,0,0,0,0,2,0,1,0,0,0,0,0,0,0,0,0
2437469,9,1,8,0,7,0,0,2,9,0,0,3,5,1,2,3,4,2,0,0,0,0,0,0,1,4,0,2,1,0,0,2,0,0,0,0,0
2440221,12,0,12,0,9,1,0,2,4,8,0,2,7,3,5,12,0,0,0,0,0,0,0,0,0,3,0,2,0,0,1,0,0,6,0,0,0
2440357,22,1,21,0,22,0,0,0,16,6,0,12,10,0,14,22,0,0,0,0,0,0,0,0,2,6,1,2,1,2,0,4,0,5,0,1,3
2443537,8,4,4,0,7,0,0,1,8,0,0,3,4,1,8,2,5,1,0,0,0,0,0,0,1,6,0,2,0,0,0,0,0,0,0,0,1
2448578,6,3,3,0,4,2,0,0,6,0,0,2,4,0,6,6,0,0,0,0,0,0,0,0,0,3,0,3,0,0,0,0,0,0,0,0,0
2449654,16,0,16,0,16,0,0,0,12,4,0,3,11,2,16,16,0,0,0,0,0,0,0,0,0,12,0,1,0,3,0,0,0,0,0,0,15
2461227,14,3,11,0,4,3,1,4,14,0,0,0,10,4,13,4,3,2,4,0,1,0,0,0,0,5,0,7,0,1,0,0,1,0,0,0,0
2461393,24,0,24,0,22,2,0,0,24,0,0,4,12,8,24,24,0,0,0,0,0,0,0,0,2,10,0,12,0,0,0,0,0,2,0,0,6
2465678,4,2,2,0,3,0,0,1,4,0,0,4,0,0,0,4,0,0,0,0,0,0,0,0,0,4,0,0,0,0,0,0,0,0,0,0,0
2466658,9,0,9,0,9,0,0,0,6,3,0,5,2,2,9,9,0,0,0,0,0,0,0,0,0,6,0,0,0,1,0,0,0,2,0,0,0
2470458,5,1,4,0,2,0,0,1,5,0,0,0,3,2,5,0,0,0,5,0,0,0,0,0,0,1,0,4,0,0,0,0,0,0,0,0,1
2484487,5,1,4,0,5,0,0,0,5,0,0,0,5,0,0,5,0,0,0,0,0,0,0,0,0,4,0,1,0,0,0,0,0,0,0,0,1
2491221,3,3,0,0,0,1,0,2,3,0,0,0,1,2,3,0,0,0,3,0,0,0,0,0,0,0,0,3,0,0,0,0,0,0,0,0,0
2492070,10,0,10,0,10,0,0,0,10,0,0,1,8,1,4,10,0,0,0,0,0,0,0,0,0,0,0,3,1,1,0,0,0,5,0,0,0
2492252,5,3,2,0,3,1,0,0,5,0,0,0,2,3,5,0,0,0,5,0,0,0,0,0,0,1,0,4,0,0,0,0,0,0,0,0,0
2499064,4,0,4,0,3,0,0,1,4,0,0,1,2,1,4,4,0,0,0,0,0,0,0,0,1,3,0,1,0,0,0,0,0,0,0,0,1
2507817,4,0,4,0,4,0,0,0,4,0,0,0,4,0,4,4,0,0,0,0,0,0,0,0,0,3,0,0,0,1,0,0,0,0,0,0,0
2508504,3,0,3,0,3,0,0,0,3,0,0,0,0,3,3,0,0,0,3,0,0,0,0,0,0,0,0,3,0,0,0,0,0,0,0,0,0
2510087,3,0,3,0,1,0,0,1,3,0,0,0,2,1,1,0,0,0,3,0,0,0,0,0,0,0,0,3,0,0,0,0,0,0,0,0,0
2512569,6,4,2,0,2,0,0,3,6,0,0,0,5,1,5,4,1,1,0,0,0,0,0,0,0,4,1,1,0,0,0,0,0,0,0,0,0
2512943,5,1,4,0,3,1,1,0,5,0,0,1,4,0,5,2,1,2,0,0,0,0,0,0,3,3,0,2,0,0,0,0,0,0,0,0,4
2515495,22,0,22,0,22,0,0,0,22,0,0,12,9,1,18,22,0,0,0,0,0,0,0,0,0,2,0,0,0,0,0,0,0,20,0,0,0
2515664,23,1,22,0,16,4,0,3,18,5,0,5,9,9,22,23,0,0,0,0,0,0,0,0,23,1,0,4,0,1,0,1,0,15,1,0,0
2517387,2,0,2,0,2,0,0,0,2,0,0,0,2,0,2,2,0,0,0,0,0,0,0,0,0,2,0,0,0,0,0,0,0,0,0,0,0
2518221,6,0,6,0,6,0,0,0,6,0,0,1,5,0,6,6,0,0,0,0,0,0,0,0,0,6,0,0,0,0,0,0,0,0,0,0,6
2525580,15,6,9,0,3,4,1,7,15,0,0,1,10,4,13,6,8,1,0,0,0,0,0,0,0,7,1,4,1,0,0,1,1,0,0,0,1
2530784,18,3,15,0,18,0,0,0,18,0,0,6,10,2,12,18,0,0,0,0,0,0,0,0,0,2,0,2,0,2,12,0,0,0,0,0,0
2533576,12,0,12,0,12,0,0,0,2,10,0,4,7,1,7,7,4,1,0,0,0,0,0,0,10,1,0,4,0,1,0,2,0,4,0,0,1
2536829,5,0,5,0,4,1,0,0,5,0,0,2,3,0,4,5,0,0,0,0,0,0,0,0,0,2,0,2,0,0,0,0,0,1,0,0,0
2538758,7,0,7,0,4,1,0,1,7,0,0,1,4,2,4,7,0,0,0,0,0,0,0,0,2,7,0,0,0,0,0,0,0,0,0,0,4
2541087,2,0,2,0,2,0,0,0,0,2,0,0,2,0,1,2,0,0,0,0,0,0,0,0,0,0,0,0,0,0,1,0,0,1,0,0,0
2541878,3,1,2,0,2,0,0,0,3,0,0,0,2,1,0,2,1,0,0,0,0,0,0,0,0,2,0,1,0,0,0,0,0,0,0,0,0
2548063,13,3,10,0,3,2,4,2,13,0,0,2,7,4,13,8,5,0,0,0,0,0,0,0,0,7,0,3,0,1,0,2,0,0,0,0,0
2556716,11,5,6,0,6,4,0,0,11,0,0,1,7,3,10,0,0,0,11,0,0,0,0,0,1,3,0,8,0,0,0,0,0,0,0,0,0
2557349,4,2,2,0,0,0,0,2,4,0,0,0,1,3,4,0,0,0,4,0,0,0,0,0,0,0,0,4,0,0,0,0,0,0,0,0,0
2558563,7,3,4,0,3,1,0,1,7,0,0,3,2,2,4,4,1,2,0,0,0,0,0,0,2,4,0,2,0,1,0,0,0,0,0,0,2
2574038,8,0,8,0,8,0,0,0,8,0,0,3,4,1,8,4,4,0,0,0,0,0,0,0,7,4,1,0,0,0,0,0,0,3,0,0,5
2577827,1,1,0,0,0,0,1,0,1,0,0,1,0,0,1,1,0,0,0,0,0,0,0,0,0,1,0,0,0,0,0,0,0,0,0,0,1
2577945,8,0,8,0,8,0,0,0,8,0,0,0,6,2,8,8,0,0,0,0,0,0,0,0,4,7,0,1,0,0,0,0,0,0,0,0,0
2583432,4,0,4,0,4,0,0,0,3,0,1,0,4,0,2,0,0,2,0,0,0,0,0,2,0,0,0,1,0,3,0,0,0,0,0,0,1
2588599,11,3,8,0,5,2,1,3,11,0,0,1,7,3,11,5,6,0,0,0,0,0,0,0,1,7,0,3,1,0,0,0,0,0,0,0,1
2589453,11,0,11,0,9,1,0,1,1,10,0,5,5,1,7,11,0,0,0,0,0,0,0,0,4,2,0,1,0,0,3,0,0,5,0,0,0
2594981,11,6,5,0,3,2,1,4,11,0,0,3,7,1,10,2,3,6,0,0,0,0,0,0,0,7,1,2,1,0,0,0,0,0,0,0,0
2595658,5,2,3,0,5,0,0,0,5,0,0,5,0,0,5,5,0,0,0,0,0,0,0,0,0,5,0,0,0,0,0,0,0,0,0,0,0
2606007,9,0,9,0,7,1,0,0,9,0,0,1,6,2,9,9,0,0,0,0,0,0,0,0,1,7,0,1,1,0,0,0,0,0,0,0,6
2606415,6,1,5,0,3,2,0,1,6,0,0,1,0,5,6,3,3,0,0,0,0,0,0,0,4,3,0,2,1,0,0,0,0,0,0,0,0
2607700,4,3,1,0,1,0,0,3,4,0,0,0,4,0,0,4,0,0,0,0,0,0,0,0,0,4,0,0,0,0,0,0,0,0,0,0,0
2608034,8,0,8,0,8,0,0,0,8,0,0,4,3,1,8,8,0,0,0,0,0,0,0,0,1,2,0,1,0,1,2,0,0,2,0,0,1
2610992,11,0,11,0,5,2,0,2,11,0,0,1,8,2,11,11,0,0,0,0,0,0,0,0,11,9,0,2,0,0,0,0,0,0,0,0,9
2619504,4,0,4,0,4,0,0,0,4,0,0,3,0,1,0,4,0,0,0,0,0,0,0,0,0,3,0,1,0,0,0,0,0,0,0,0,0
2626577,2,1,1,0,1,0,0,1,2,0,0,0,0,2,2,0,0,0,2,0,0,0,0,0,0,0,0,2,0,0,0,0,0,0,0,0,0
2632621,0,0,0,0,0,0,0,0,0,0,0,0,0,0,0,0,0,0,0,0,0,0,0,0,0,0,0,0,0,0,0,0,0,0,0,0,0
2635962,45,6,39,0,39,0,0,6,38,7,0,8,21,16,17,18,0,1,21,0,5,0,0,0,10,6,0,20,0,7,2,2,0,8,0,0,1
2640209,10,1,9,0,5,2,1,1,10,0,0,0,5,5,10,0,0,0,10,0,0,0,0,0,1,2,0,8,0,0,0,0,0,0,0,0,0
2651520,4,0,4,0,4,0,0,0,4,0,0,1,3,0,4,4,0,0,0,0,0,0,0,0,0,0,0,0,0,0,1,0,0,3,0,0,0
2652760,17,1,16,0,17,0,0,0,17,0,0,4,6,7,17,17,0,0,0,0,0,0,0,0,0,10,0,4,0,0,0,1,0,2,0,0,0
2654687,7,0,7,0,4,0,0,0,7,0,0,4,2,1,7,7,0,0,0,0,0,0,0,0,0,0,0,0,0,0,0,7,0,0,0,0,6
2655009,2,1,1,0,1,0,0,0,2,0,0,1,0,1,2,1,0,1,0,0,0,0,0,0,0,1,0,1,0,0,0,0,0,0,0,0,0
2667172,2,0,2,0,2,0,0,0,2,0,0,0,1,1,2,2,0,0,0,0,0,0,0,0,0,2,0,0,0,0,0,0,0,0,0,0,0
2668190,24,4,20,0,11,2,0,4,24,0,0,5,8,11,21,11,12,1,0,0,0,0,0,0,18,12,0,11,1,0,0,0,0,0,0,0,5
2669994,10,0,10,0,6,0,0,4,10,0,0,2,8,0,8,10,0,0,0,0,0,0,0,0,0,1,0,4,0,1,1,0,0,3,0,0,0
2672207,6,3,3,0,5,0,0,1,6,0,0,0,3,3,6,2,2,2,0,0,0,0,0,0,2,0,0,4,0,0,0,0,0,1,1,0,0
2674948,11,1,10,0,5,2,3,1,11,0,0,1,6,4,11,5,2,2,2,0,0,0,0,0,3,5,0,5,0,0,0,0,0,1,0,0,3
2695126,8,3,5,0,5,1,0,1,4,2,2,0,5,3,5,4,2,2,0,0,0,0,0,0,2,1,0,3,1,1,0,1,0,0,1,0,0
2697815,2,0,2,0,1,0,0,1,2,0,0,2,0,0,1,2,0,0,0,0,0,0,0,0,0,2,0,0,0,0,0,0,0,0,0,0,0
2711799,13,6,7,0,5,3,1,3,11,2,0,3,6,4,11,8,3,2,0,0,0,0,0,0,0,8,0,3,0,0,0,0,0,2,0,0,0
2711992,22,1,21,0,20,0,1,1,22,0,0,3,15,4,22,22,0,0,0,0,0,0,0,0,1,9,0,13,0,0,0,0,0,0,0,0,0
2712398,2,1,1,0,0,2,0,0,2,0,0,1,1,0,2,2,0,0,0,0,0,0,0,0,0,2,0,0,0,0,0,0,0,0,0,0,0
2715848,3,1,2,0,1,0,0,2,3,0,0,0,3,0,3,3,0,0,0,0,0,0,0,0,0,3,0,0,0,0,0,0,0,0,0,0,0
2718580,9,1,8,0,5,1,0,3,9,0,0,1,0,8,9,9,0,0,0,0,0,0,0,0,0,8,0,1,0,0,0,0,0,0,0,0,1
2725703,5,3,2,0,5,0,0,0,5,0,0,0,1,4,5,0,0,0,5,0,0,0,0,0,0,0,0,5,0,0,0,0,0,0,0,0,0
2737940,2,1,1,0,1,0,0,0,2,0,0,0,2,0,2,0,0,2,0,0,0,0,0,0,0,1,0,1,0,0,0,0,0,0,0,0,2
2739003,5,0,5,0,1,0,0,2,5,0,0,1,4,0,3,2,1,2,0,0,0,0,0,0,0,4,0,0,1,0,0,0,0,0,0,0,0
2742466,17,0,17,0,17,0,0,0,14,3,0,6,9,2,3,17,0,0,0,0,0,0,0,0,17,10,1,2,0,2,2,0,0,0,0,0,0
2746013,2,1,1,0,2,0,0,0,2,0,0,2,0,0,2,0,0,2,0,0,0,0,0,0,0,2,0,0,0,0,0,0,0,0,0,0,0
2750500,2,0,2,0,1,1,0,0,2,0,0,2,0,0,0,2,0,0,0,0,0,0,0,0,0,2,0,0,0,0,0,0,0,0,0,0,0
2755192,3,2,1,0,0,0,0,3,3,0,0,0,1,2,0,3,0,0,0,0,0,0,0,0,0,0,1,1,0,0,1,0,0,0,0,0,0
2756161,3,0,3,0,1,0,0,1,3,0,0,0,1,2,3,0,0,0,3,0,0,0,0,0,0,0,0,2,1,0,0,0,0,0,0,0,0
2761885,3,2,1,0,1,0,0,0,3,0,0,0,2,1,3,1,2,0,0,0,0,0,0,0,0,1,0,2,0,0,0,0,0,0,0,0,0
2762271,5,0,5,0,4,0,0,1,5,0,0,0,3,2,4,5,0,0,0,0,0,0,0,0,0,1,0,2,0,0,2,0,0,0,0,0,0
2763358,8,0,8,0,8,0,0,0,0,8,0,3,5,0,4,4,1,1,1,0,1,0,0,0,8,3,1,3,0,0,0,0,0,1,0,0,0
2776650,16,0,16,0,16,0,0,0,16,0,0,3,11,2,15,7,8,1,0,0,0,0,0,0,13,1,0,9,0,2,0,0,0,4,0,0,0
2777883,10,0,10,0,6,3,0,0,9,1,0,0,8,2,8,3,1,4,0,0,2,0,0,0,0,0,2,5,0,0,0,0,0,3,0,0,0
2788390,5,1,4,0,5,0,0,0,5,0,0,4,0,1,5,5,0,0,0,0,0,0,0,0,0,3,0,1,0,0,0,0,0,1,0,0,0
2793818,8,0,8,0,8,0,0,0,8,0,0,5,3,0,5,8,0,0,0,0,0,0,0,0,0,7,0,1,0,0,0,0,0,0,0,0,0
2794837,13,0,13,0,10,1,0,2,0,13,0,4,7,2,1,12,0,0,0,0,0,0,0,1,0,0,0,1,0,5,6,0,0,1,0,0,0
2799339,8,0,8,0,8,0,0,0,8,0,0,1,4,3,7,4,3,1,0,0,0,0,0,0,4,3,0,3,1,0,1,0,0,0,0,0,0
2801776,9,0,9,0,4,2,0,2,9,0,0,0,4,5,9,9,0,0,0,0,0,0,0,0,0,8,0,1,0,0,0,0,0,0,0,0,0
2807599,2,0,2,0,2,0,0,0,2,0,0,1,0,1,1,2,0,0,0,0,0,0,0,0,2,2,0,0,0,0,0,0,0,0,0,0,0
2811576,21,0,21,0,21,0,0,0,19,2,0,19,2,0,21,21,0,0,0,0,0,0,0,0,0,0,2,0,0,1,0,0,0,18,0,0,0
2811979,4,3,1,0,2,0,0,2,1,2,1,1,2,1,4,2,2,0,0,0,0,0,0,0,2,1,0,2,0,0,0,0,0,1,0,0,1
2812664,5,0,5,0,3,1,0,0,5,0,0,1,4,0,5,5,0,0,0,0,0,0,0,0,0,3,0,1,0,0,0,0,0,1,0,0,0
2823743,8,1,7,0,4,0,1,3,8,0,0,0,6,2,8,1,3,4,0,0,0,0,0,0,0,1,0,3,1,0,0,1,1,1,0,0,0
2825838,2,0,2,0,0,2,0,0,2,0,0,2,0,0,1,2,0,0,0,0,0,0,0,0,0,1,0,1,0,0,0,0,0,0,0,0,0
2825961,14,0,14,0,13,1,0,0,11,3,0,3,7,4,12,14,0,0,0,0,0,0,0,0,0,1,0,2,1,0,0,0,0,10,0,0,0
2826689,5,0,5,0,5,0,0,0,5,0,0,0,5,0,0,5,0,0,0,0,0,0,0,0,0,0,0,0,0,0,5,0,0,0,0,0,0
2827554,9,6,3,0,5,0,0,2,9,0,0,8,1,0,6,9,0,0,0,0,0,0,0,0,0,9,0,0,0,0,0,0,0,0,0,0,0
2832841,8,2,6,0,5,0,0,3,8,0,0,3,3,2,7,1,1,6,0,0,0,0,0,0,3,5,0,2,0,0,0,1,0,0,0,0,0
2834454,2,1,1,0,1,1,0,0,2,0,0,0,1,1,2,1,1,0,0,0,0,0,0,0,0,1,0,1,0,0,0,0,0,0,0,0,1
2834891,34,8,26,0,10,5,2,14,34,0,0,4,17,13,34,15,19,0,0,0,0,0,0,0,0,19,0,14,1,0,0,0,0,0,0,0,1
2835996,7,3,4,0,7,0,0,0,7,0,0,5,2,0,2,7,0,0,0,0,0,0,0,0,0,7,0,0,0,0,0,0,0,0,0,0,1
2838671,9,0,9,0,9,0,0,0,9,0,0,2,6,1,7,9,0,0,0,0,0,0,0,0,7,8,0,1,0,0,0,0,0,0,0,0,0
2846972,7,1,6,0,6,0,0,1,6,1,0,2,3,2,7,7,0,0,0,0,0,0,0,0,2,3,0,4,0,0,0,0,0,0,0,0,0
2852208,1,0,1,0,0,1,0,0,1,0,0,0,0,1,1,0,0,1,0,0,0,0,0,0,0,0,1,0,0,0,0,0,0,0,0,0,1
2852456,8,3,5,0,2,2,1,1,8,0,0,0,8,0,0,8,0,0,0,0,0,0,0,0,0,8,0,0,0,0,0,0,0,0,0,0,0
2852598,13,7,6,0,2,2,2,6,13,0,0,3,5,5,5,4,3,6,0,0,0,0,0,0,0,5,0,7,0,0,0,0,0,0,1,0,0
2853385,11,0,11,0,9,2,0,0,11,0,0,0,5,6,6,3,5,3,0,0,0,0,0,0,0,2,1,5,1,1,1,0,0,0,0,0,2
2857477,8,4,4,0,3,1,1,2,8,0,0,0,8,0,0,8,0,0,0,0,0,0,0,0,0,8,0,0,0,0,0,0,0,0,0,0,0
2869446,2,1,1,0,1,0,0,0,2,0,0,1,1,0,2,0,2,0,0,0,0,0,0,0,1,1,0,1,0,0,0,0,0,0,0,0,0
2870426,4,0,4,0,4,0,0,0,4,0,0,1,3,0,2,3,0,1,0,0,0,0,0,0,0,0,0,0,0,2,1,0,0,1,0,0,0
2873147,6,0,6,0,6,0,0,0,6,0,0,0,2,4,2,6,0,0,0,0,0,0,0,0,0,6,0,0,0,0,0,0,0,0,0,0,0
2876669,13,0,13,0,13,0,0,0,13,0,0,2,6,5,10,13,0,0,0,0,0,0,0,0,9,11,0,1,0,0,0,0,0,1,0,0,0
2880854,1,0,1,0,0,1,0,0,1,0,0,1,0,0,0,1,0,0,0,0,0,0,0,0,0,1,0,0,0,0,0,0,0,0,0,0,0
2882001,2,0,2,0,2,0,0,0,2,0,0,0,1,1,2,2,0,0,0,0,0,0,0,0,0,1,0,1,0,0,0,0,0,0,0,0,2
2882460,2,0,2,0,2,0,0,0,2,0,0,1,1,0,2,2,0,0,0,0,0,0,0,0,2,2,0,0,0,0,0,0,0,0,0,0,0
2890749,7,0,7,0,7,0,0,0,7,0,0,4,0,3,5,7,0,0,0,0,0,0,0,0,0,2,0,1,0,0,0,0,0,4,0,0,0
2903808,17,8,9,0,11,2,0,2,17,0,0,7,8,2,16,11,6,0,0,0,0,0,0,0,0,1,0,3,0,1,0,0,0,12,0,0,1
2907368,6,2,4,0,6,0,0,0,6,0,0,4,1,1,5,6,0,0,0,0,0,0,0,0,0,4,0,1,0,0,0,0,0,1,0,0,0
2907721,10,0,10,0,7,1,0,2,10,0,0,7,2,1,9,10,0,0,0,0,0,0,0,0,0,5,0,4,0,0,0,1,0,0,0,0,0
2912354,8,3,5,0,2,1,0,5,8,0,0,4,2,2,7,4,4,0,0,0,0,0,0,0,0,4,0,2,0,0,0,2,0,0,0,0,0
2912824,21,6,15,0,9,4,1,5,21,0,0,9,8,4,18,3,3,13,2,0,0,0,0,0,4,16,0,3,1,0,0,1,0,0,0,0,1
2914499,3,2,1,0,2,1,0,0,3,0,0,0,1,2,3,3,0,0,0,0,0,0,0,0,0,2,0,0,1,0,0,0,0,0,0,0,1
2917910,14,1,13,0,14,0,0,0,10,4,0,3,8,3,14,14,0,0,0,0,0,0,0,0,14,0,0,3,0,1,0,0,0,10,0,0,0
2925806,13,0,13,0,13,0,0,0,13,0,0,0,10,3,12,13,0,0,0,0,0,0,0,0,0,2,0,2,0,9,0,0,0,0,0,0,0
2926487,4,2,2,0,0,2,0,2,3,1,0,4,0,0,4,4,0,0,0,0,0,0,0,0,0,4,0,0,0,0,0,0,0,0,0,0,0
2933603,4,0,4,0,4,0,0,0,4,0,0,2,1,1,1,4,0,0,0,0,0,0,0,0,1,2,0,1,0,0,1,0,0,0,0,0,0
2943172,5,1,4,0,2,1,0,2,5,0,0,0,5,0,0,5,0,0,0,0,0,0,0,0,0,4,0,0,0,1,0,0,0,0,0,0,0
2946576,4,0,4,0,3,0,0,1,4,0,0,0,2,2,4,4,0,0,0,0,0,0,0,0,0,4,0,0,0,0,0,0,0,0,0,0,1
2948036,8,0,8,0,5,3,0,0,8,0,0,4,4,0,5,8,0,0,0,0,0,0,0,0,0,0,0,0,0,3,0,0,0,5,0,0,0
2948762,4,2,2,0,1,0,0,2,4,0,0,0,3,1,4,0,0,0,4,0,0,0,0,0,0,0,0,4,0,0,0,0,0,0,0,0,0
2956650,7,1,6,0,6,0,0,1,7,0,0,1,6,0,7,1,3,3,0,0,0,0,0,0,6,3,0,4,0,0,0,0,0,0,0,0,0
2962034,8,0,8,0,7,0,0,1,7,1,0,2,5,1,3,8,0,0,0,0,0,0,0,0,0,0,0,3,0,2,2,1,0,0,0,0,0
2964671,9,0,9,0,9,0,0,0,9,0,0,1,6,2,3,9,0,0,0,0,0,0,0,0,1,1,0,5,0,1,2,0,0,0,0,0,0
2975548,3,0,3,0,3,0,0,0,3,0,0,0,1,2,3,1,1,1,0,0,0,0,0,0,0,0,0,1,1,1,0,0,0,0,0,0,2
2981084,6,5,1,0,4,1,0,0,6,0,0,3,2,1,6,3,0,3,0,0,0,0,0,0,0,3,0,3,0,0,0,0,0,0,0,0,0
2981413,2,0,2,0,1,0,0,1,2,0,0,2,0,0,2,2,0,0,0,0,0,0,0,0,0,0,0,1,0,0,1,0,0,0,0,0,0
2992364,2,1,1,0,2,0,0,0,2,0,0,1,1,0,2,1,1,0,0,0,0,0,0,0,0,1,0,1,0,0,0,0,0,0,0,0,0
3000589,9,2,7,0,9,0,0,0,9,0,0,0,9,0,9,9,0,0,0,0,0,0,0,0,1,9,0,0,0,0,0,0,0,0,0,0,0
3007473,5,1,4,0,5,0,0,0,5,0,0,3,1,1,5,5,0,0,0,0,0,0,0,0,0,2,0,1,0,0,0,0,0,2,0,0,3
3009500,12,1,11,0,12,0,0,0,12,0,0,2,9,1,2,12,0,0,0,0,0,0,0,0,0,9,0,2,0,0,0,0,1,0,0,0,0
3014679,3,0,3,0,3,0,0,0,3,0,0,1,2,0,0,3,0,0,0,0,0,0,0,0,0,3,0,0,0,0,0,0,0,0,0,0,0
3014930,9,0,9,0,8,1,0,0,9,0,0,5,3,1,2,9,0,0,0,0,0,0,0,0,0,2,0,1,0,0,3,0,0,3,0,0,0
3021783,4,0,4,0,4,0,0,0,4,0,0,3,1,0,0,4,0,0,0,0,0,0,0,0,0,1,0,1,0,0,0,0,0,2,0,0,0
3024551,8,1,7,0,6,2,0,0,6,2,0,3,5,0,8,8,0,0,0,0,0,0,0,0,0,5,0,0,0,0,0,0,0,3,0,0,0
3025460,4,1,3,0,0,1,1,1,4,0,0,0,3,1,3,4,0,0,0,0,0,0,0,0,0,3,0,1,0,0,0,0,0,0,0,0,0
3037970,2,1,1,0,2,0,0,0,2,0,0,0,1,1,2,0,0,0,2,0,0,0,0,0,1,0,0,2,0,0,0,0,0,0,0,0,0
3041830,2,1,1,0,1,1,0,0,2,0,0,0,0,2,2,0,0,0,2,0,0,0,0,0,0,0,0,1,1,0,0,0,0,0,0,0,0
3043249,16,1,15,0,14,2,0,0,16,0,0,13,2,1,15,16,0,0,0,0,0,0,0,0,0,13,0,1,0,2,0,0,0,0,0,0,0
3046135,9,4,5,0,2,2,0,5,8,1,0,2,5,2,8,5,4,0,0,0,0,0,0,0,0,5,0,3,0,0,0,0,0,1,0,0,0
3047122,4,1,3,0,3,0,0,1,4,0,0,1,2,1,4,1,1,2,0,0,0,0,0,0,0,2,0,2,0,0,0,0,0,0,0,0,0
3049981,10,3,7,0,5,0,0,1,10,0,0,5,4,1,7,0,1,9,0,0,0,0,0,0,0,5,0,5,0,0,0,0,0,0,0,0,0
3052240,5,3,2,0,5,0,0,0,5,0,0,2,2,1,5,5,0,0,0,0,0,0,0,0,0,0,0,2,0,0,0,0,1,2,0,0,4
3053386,2,0,2,0,1,0,0,0,2,0,0,0,1,1,2,1,1,0,0,0,0,0,0,0,0,1,0,1,0,0,0,0,0,0,0,0,0
3057144,4,1,3,0,1,2,1,0,4,0,0,2,2,0,4,0,0,4,0,0,0,0,0,0,0,2,0,2,0,0,0,0,0,0,0,0,0
3057356,17,1,16,0,14,1,0,0,17,0,0,8,7,2,2,17,0,0,0,0,0,0,0,0,4,4,0,9,0,1,0,0,0,2,1,0,0
3058399,10,6,4,0,2,4,0,2,10,0,0,2,6,2,10,10,0,0,0,0,0,0,0,0,0,8,0,2,0,0,0,0,0,0,0,0,0
3060290,5,2,3,0,2,0,0,1,5,0,0,1,4,0,5,1,2,2,0,0,0,0,0,0,0,1,0,2,0,0,0,1,0,1,0,0,0
3065304,2,1,1,0,1,1,0,0,2,0,0,0,0,2,2,2,0,0,0,0,0,0,0,0,0,1,0,1,0,0,0,0,0,0,0,0,0
3066382,4,2,2,0,2,1,0,1,4,0,0,1,0,3,3,4,0,0,0,0,0,0,0,0,0,1,0,2,0,0,0,1,0,0,0,0,4
3066529,12,0,12,0,12,0,0,0,12,0,0,0,11,1,12,4,1,0,4,0,1,0,0,2,0,7,3,0,0,0,0,0,0,1,1,0,11
3069060,4,0,4,0,2,1,0,0,4,0,0,1,2,1,4,4,0,0,0,0,0,0,0,0,0,3,0,1,0,0,0,0,0,0,0,0,0
3069925,11,1,10,0,6,1,1,2,11,0,0,1,9,1,11,0,0,6,0,0,0,0,1,4,0,0,0,0,0,4,0,7,0,0,0,0,8
3075150,5,0,5,0,5,0,0,0,2,3,0,0,5,0,5,5,0,0,0,0,0,0,0,0,2,1,0,1,0,2,0,0,0,1,0,0,0
3075373,4,0,4,0,4,0,0,0,4,0,0,1,1,2,4,4,0,0,0,0,0,0,0,0,0,4,0,0,0,0,0,0,0,0,0,0,0
3076849,4,0,4,0,0,0,0,4,4,0,0,2,2,0,0,4,0,0,0,0,0,0,0,0,0,4,0,0,0,0,0,0,0,0,0,0,0
3088197,2,1,1,0,0,1,0,0,2,0,0,0,0,2,2,2,0,0,0,0,0,0,0,0,0,2,0,0,0,0,0,0,0,0,0,0,0
3095811,4,0,4,0,4,0,0,0,3,1,0,2,2,0,3,4,0,0,0,0,0,0,0,0,4,1,0,0,0,1,0,0,0,2,0,0,0
3097228,2,1,1,0,1,1,0,0,2,0,0,0,2,0,2,0,0,0,2,0,0,0,0,0,2,0,0,2,0,0,0,0,0,0,0,0,0
3097840,7,2,5,0,5,0,1,1,7,0,0,0,6,1,7,7,0,0,0,0,0,0,0,0,0,6,0,1,0,0,0,0,0,0,0,0,1
3098952,3,1,2,0,3,0,0,0,3,0,0,1,0,2,3,3,0,0,0,0,0,0,0,0,3,3,0,0,0,0,0,0,0,0,0,0,0
3101887,11,1,10,0,11,0,0,0,11,0,0,9,2,0,11,11,0,0,0,0,0,0,0,0,0,9,0,2,0,0,0,0,0,0,0,0,0
3112284,9,5,4,0,4,1,0,4,9,0,0,1,4,4,9,5,2,2,0,0,0,0,0,0,0,4,0,5,0,0,0,0,0,0,0,0,1
3117597,16,0,16,0,13,3,0,0,16,0,0,6,10,0,15,16,0,0,0,0,0,0,0,0,0,5,0,0,0,2,9,0,0,0,0,0,0
3124996,5,0,5,0,5,0,0,0,5,0,0,3,2,0,5,5,0,0,0,0,0,0,0,0,0,5,0,0,0,0,0,0,0,0,0,0,0
3128058,4,3,1,0,3,0,0,0,1,1,2,0,4,0,2,0,0,0,4,0,0,0,0,0,3,1,0,3,0,0,0,0,0,0,0,0,0
3139694,3,0,3,0,3,0,0,0,3,0,0,1,2,0,1,3,0,0,0,0,0,0,0,0,0,3,0,0,0,0,0,0,0,0,0,0,0
3143077,10,2,8,0,6,4,0,0,10,0,0,0,8,2,3,10,0,0,0,0,0,0,0,0,0,6,1,1,0,1,0,0,0,1,0,0,0
3143675,28,4,24,0,24,2,0,2,11,17,0,4,19,5,25,12,8,3,0,0,0,0,4,1,9,0,0,11,0,8,1,0,0,7,1,0,6
3146773,13,2,11,0,13,0,0,0,13,0,0,2,7,4,12,11,0,0,0,0,0,0,0,2,1,0,0,3,1,2,1,0,0,6,0,0,0
3148458,12,7,5,0,3,5,3,1,12,0,0,2,7,3,10,5,3,4,0,0,0,0,0,0,0,8,0,3,0,1,0,0,0,0,0,0,1
3149617,3,0,3,0,2,0,0,1,3,0,0,3,0,0,3,3,0,0,0,0,0,0,0,0,0,3,0,0,0,0,0,0,0,0,0,0,0
3153343,15,7,8,0,5,2,0,7,15,0,0,4,7,4,15,9,6,0,0,0,0,0,0,0,0,9,0,4,0,0,0,2,0,0,0,0,2
3154117,14,5,9,0,7,1,1,3,14,0,0,3,5,6,14,10,3,1,0,0,0,0,0,0,0,8,0,5,1,0,0,0,0,0,0,0,0
3155579,3,0,3,0,3,0,0,0,1,2,0,0,2,1,3,0,1,2,0,0,0,0,0,0,0,0,0,2,0,1,0,0,0,0,0,0,0
3161065,4,0,4,0,4,0,0,0,4,0,0,2,1,1,4,4,0,0,0,0,0,0,0,0,0,3,0,1,0,0,0,0,0,0,0,0,0
3173097,6,0,6,0,4,0,0,2,6,0,0,5,1,0,0,6,0,0,0,0,0,0,0,0,3,3,0,0,0,0,1,0,1,1,0,0,0
3174914,5,0,5,0,5,0,0,0,5,0,0,0,5,0,3,5,0,0,0,0,0,0,0,0,0,5,0,0,0,0,0,0,0,0,0,0,0
3176639,10,0,10,0,10,0,0,0,9,1,0,1,5,4,9,10,0,0,0,0,0,0,0,0,6,5,0,1,1,0,0,0,0,3,0,0,0
3178356,6,0,6,0,4,0,1,1,6,0,0,0,5,1,6,2,0,0,0,0,0,0,0,4,1,0,0,0,1,0,0,5,0,0,0,0,6
3181473,1,0,1,0,1,0,0,0,1,0,0,0,1,0,1,1,0,0,0,0,0,0,0,0,0,0,0,0,0,1,0,0,0,0,0,0,0
3191011,4,0,4,0,2,0,0,2,4,0,0,1,3,0,4,4,0,0,0,0,0,0,0,0,0,3,0,1,0,0,0,0,0,0,0,0,0
3195667,5,1,4,0,5,0,0,0,5,0,0,0,5,0,1,4,1,0,0,0,0,0,0,0,0,5,0,0,0,0,0,0,0,0,0,0,0
3202644,15,6,9,0,9,0,0,4,15,0,0,9,3,3,15,6,7,1,0,0,0,0,1,0,0,9,1,4,1,0,0,0,0,0,0,0,0
3208291,7,0,7,0,6,1,0,0,0,7,0,3,2,2,7,7,0,0,0,0,0,0,0,0,0,5,0,0,0,1,0,0,0,1,0,0,6
3210549,18,0,18,0,16,1,0,1,16,2,0,1,9,8,18,18,0,0,0,0,0,0,0,0,17,15,0,1,0,2,0,0,0,0,0,0,18
3213040,2,0,2,0,1,1,0,0,2,0,0,2,0,0,2,2,0,0,0,0,0,0,0,0,0,2,0,0,0,0,0,0,0,0,0,0,1
3217127,26,16,10,0,13,2,1,9,26,0,0,0,17,9,25,13,13,0,0,0,0,0,0,0,0,15,0,10,0,1,0,0,0,0,0,0,0
3217553,10,5,5,0,3,1,0,5,10,0,0,5,3,2,8,7,2,1,0,0,0,0,0,0,0,6,0,4,0,0,0,0,0,0,0,0,0
3221085,7,0,7,0,7,0,0,0,5,2,0,1,3,3,7,7,0,0,0,0,0,0,0,0,5,0,0,0,1,0,0,0,0,6,0,0,0
3221737,7,2,5,0,5,0,0,2,5,2,0,1,1,5,5,7,0,0,0,0,0,0,0,0,0,3,0,3,1,0,0,0,0,0,0,0,0
3229400,7,1,6,0,4,1,0,1,7,0,0,7,0,0,5,7,0,0,0,0,0,0,0,0,0,6,0,0,0,0,0,0,0,0,1,0,0
3230939,20,0,20,0,20,0,0,0,20,0,0,20,0,0,20,20,0,0,0,0,0,0,0,0,0,0,19,1,0,0,0,0,0,0,0,0,0
3237217,12,1,11,0,11,0,0,1,12,0,0,1,6,5,12,12,0,0,0,0,0,0,0,0,0,0,0,8,1,1,0,0,1,1,0,0,1
3248979,4,0,4,0,4,0,0,0,4,0,0,2,1,1,3,4,0,0,0,0,0,0,0,0,0,2,0,2,0,0,0,0,0,0,0,0,0
3249640,3,0,3,0,2,1,0,0,2,0,1,2,0,1,3,1,0,2,0,0,0,0,0,0,1,3,0,0,0,0,0,0,0,0,0,0,1
3252274,6,0,6,0,4,1,0,1,6,0,0,6,0,0,6,6,0,0,0,0,0,0,0,0,0,6,0,0,0,0,0,0,0,0,0,0,0
3254036,4,0,4,0,4,0,0,0,4,0,0,1,3,0,4,4,0,0,0,0,0,0,0,0,0,3,0,1,0,0,0,0,0,0,0,0,0
3254817,8,1,7,0,7,0,0,1,8,0,0,0,5,3,8,0,0,0,8,0,0,0,0,0,0,0,0,8,0,0,0,0,0,0,0,0,0
3259464,7,2,5,0,7,0,0,0,7,0,0,4,2,1,5,4,2,1,0,0,0,0,0,0,7,0,0,1,0,0,6,0,0,0,0,0,0
3271738,1,0,1,0,0,0,0,0,1,0,0,0,0,1,1,0,0,1,0,0,0,0,0,0,0,0,0,1,0,0,0,0,0,0,0,0,0
3277398,8,0,8,0,8,0,0,0,8,0,0,6,1,1,5,8,0,0,0,0,0,0,0,0,0,4,3,1,0,0,0,0,0,0,0,0,0
3278174,1,1,0,0,1,0,0,0,1,0,0,1,0,0,1,1,0,0,0,0,0,0,0,0,0,1,0,0,0,0,0,0,0,0,0,0,0
3281784,14,0,14,0,14,0,0,0,14,0,0,2,10,2,3,14,0,0,0,0,0,0,0,0,2,4,0,1,0,0,7,0,0,2,0,0,0
3286695,20,6,14,0,9,4,0,6,12,8,0,2,7,11,20,10,2,5,3,0,0,0,0,0,0,11,0,6,1,0,0,0,0,2,0,0,1
3289241,17,0,17,0,12,1,0,4,17,0,0,3,8,6,11,17,0,0,0,0,0,0,0,0,1,14,0,1,0,0,0,0,0,2,0,0,1
3291553,6,0,6,0,6,0,0,0,6,0,0,1,4,1,5,6,0,0,0,0,0,0,0,0,0,0,0,3,0,1,0,0,0,2,0,0,2
3291844,4,0,4,0,4,0,0,0,4,0,0,3,1,0,1,4,0,0,0,0,0,0,0,0,0,4,0,0,0,0,0,0,0,0,0,0,0
3298299,2,0,2,0,0,1,0,1,2,0,0,1,1,0,1,2,0,0,0,0,0,0,0,0,0,1,0,0,0,0,0,0,0,1,0,0,1
3307486,4,1,3,0,0,2,1,1,4,0,0,2,2,0,4,1,0,3,0,0,0,0,0,0,0,3,0,1,0,0,0,0,0,0,0,0,4
3311250,7,4,3,0,2,1,3,0,7,0,0,0,7,0,7,1,0,0,3,0,3,0,0,0,0,1,0,6,0,0,0,0,0,0,0,0,1
3317563,14,2,12,0,13,0,0,1,2,12,0,1,11,2,13,8,2,2,2,0,0,0,0,0,13,0,0,12,0,1,0,0,0,1,0,0,5
3319423,6,2,4,0,4,2,0,0,6,0,0,0,4,2,5,6,0,0,0,0,0,0,0,0,0,4,0,2,0,0,0,0,0,0,0,0,2
3329338,5,1,4,0,4,0,1,0,4,1,0,2,2,1,5,5,0,0,0,0,0,0,0,0,0,4,1,0,0,0,0,0,0,0,0,0,1
3335524,4,1,3,0,2,1,1,0,4,0,0,0,1,3,4,2,1,0,0,0,0,0,0,1,0,2,0,2,0,0,0,0,0,0,0,0,0
3342853,7,2,5,0,7,0,0,0,7,0,0,1,6,0,1,3,0,4,0,0,0,0,0,0,0,3,0,4,0,0,0,0,0,0,0,0,1
3346999,7,1,6,0,7,0,0,0,7,0,0,0,7,0,6,3,3,1,0,0,0,0,0,0,0,0,0,0,0,7,0,0,0,0,0,0,3
3348713,1,0,1,0,0,1,0,0,1,0,0,1,0,0,1,1,0,0,0,0,0,0,0,0,1,1,0,0,0,0,0,0,0,0,0,0,0
3354387,3,1,2,0,1,0,0,0,3,0,0,1,1,1,3,3,0,0,0,0,0,0,0,0,0,2,0,0,0,0,0,0,0,1,0,0,0
3355924,8,1,7,0,2,2,1,2,6,2,0,1,4,3,8,5,2,1,0,0,0,0,0,0,0,5,0,2,0,0,0,0,0,1,0,0,0
3358107,14,0,14,0,14,0,0,0,14,0,0,1,12,1,6,14,0,0,0,0,0,0,0,0,13,11,0,3,0,0,0,0,0,0,0,0,0
3366811,4,3,1,0,1,2,1,0,4,0,0,1,2,1,4,2,2,0,0,0,0,0,0,0,0,2,0,2,0,0,0,0,0,0,0,0,0
3394864,9,2,7,0,4,0,5,0,9,0,0,2,3,4,9,5,4,0,0,0,0,0,0,0,5,5,0,2,2,0,0,0,0,0,0,0,1
3396148,13,2,11,0,4,2,3,4,10,3,0,0,12,1,13,5,4,4,0,0,0,0,0,0,4,0,0,4,1,0,0,7,1,0,0,0,12
3399377,14,0,14,0,10,1,0,2,14,0,0,1,7,6,14,8,6,0,0,0,0,0,0,0,2,1,0,11,0,0,0,0,0,2,0,0,1
3411535,2,0,2,0,2,0,0,0,1,1,0,1,0,1,2,2,0,0,0,0,0,0,0,0,0,1,0,1,0,0,0,0,0,0,0,0,0
3414602,9,2,7,0,7,1,1,0,9,0,0,0,3,6,9,9,0,0,0,0,0,0,0,0,0,1,0,0,0,0,0,7,0,0,1,0,9
3414930,2,0,2,0,1,1,0,0,2,0,0,0,2,0,2,1,0,1,0,0,0,0,0,0,2,1,0,1,0,0,0,0,0,0,0,0,1
3416515,10,0,10,0,10,0,0,0,10,0,0,5,3,2,6,10,0,0,0,0,0,0,0,0,0,0,1,0,0,2,0,0,1,6,0,0,0
3419300,4,0,4,0,2,1,0,1,4,0,0,2,2,0,4,4,0,0,0,0,0,0,0,0,0,3,0,1,0,0,0,0,0,0,0,0,0
3420419,14,1,13,0,14,0,0,0,14,0,0,4,9,1,14,13,0,0,0,0,0,0,1,0,0,12,0,0,0,0,0,0,0,2,0,0,1
3422150,6,1,5,0,4,0,0,1,6,0,0,0,6,0,6,6,0,0,0,0,0,0,0,0,0,6,0,0,0,0,0,0,0,0,0,0,0
3423739,5,0,5,0,1,0,0,4,5,0,0,4,0,1,2,5,0,0,0,0,0,0,0,0,0,4,0,1,0,0,0,0,0,0,0,0,1
3424807,13,2,11,0,5,2,0,5,13,0,0,1,9,3,13,13,0,0,0,0,0,0,0,0,1,13,0,0,0,0,0,0,0,0,0,0,0
3428325,6,0,6,0,6,0,0,0,6,0,0,4,2,0,6,6,0,0,0,0,0,0,0,0,0,0,1,1,0,0,0,0,0,4,0,0,0
3437119,4,0,4,0,1,1,1,0,4,0,0,1,2,1,2,3,1,0,0,0,0,0,0,0,0,2,0,1,0,0,1,0,0,0,0,0,0
3449241,29,13,16,0,16,2,1,7,24,5,0,5,15,9,21,14,9,6,0,0,0,0,0,0,1,14,0,10,0,3,0,0,0,2,0,0,0
3454636,16,6,10,0,11,1,1,2,16,0,0,4,7,5,15,3,8,5,0,0,0,0,0,0,0,7,0,6,1,2,0,0,0,0,0,0,0
3456197,8,0,8,0,8,0,0,0,8,0,0,1,6,1,6,8,0,0,0,0,0,0,0,0,0,4,0,3,0,0,0,0,0,0,1,0,0
3458217,1,1,0,0,0,0,1,0,1,0,0,1,0,0,0,1,0,0,0,0,0,0,0,0,0,1,0,0,0,0,0,0,0,0,0,0,0
3461811,3,0,3,0,3,0,0,0,2,1,0,1,1,1,3,3,0,0,0,0,0,0,0,0,0,2,0,1,0,0,0,0,0,0,0,0,1
3465667,4,1,3,0,2,1,0,1,4,0,0,1,1,2,4,2,0,2,0,0,0,0,0,0,0,1,0,2,1,0,0,0,0,0,0,0,0
3477289,13,4,9,0,6,1,3,2,13,0,0,2,5,6,13,1,2,6,4,0,0,0,0,0,4,4,0,6,0,0,0,1,0,0,2,0,0
3483157,5,1,4,0,4,0,0,1,5,0,0,3,1,1,5,2,2,1,0,0,0,0,0,0,0,3,0,2,0,0,0,0,0,0,0,0,1
3485596,6,2,4,0,6,0,0,0,5,1,0,4,2,0,6,6,0,0,0,0,0,0,0,0,0,2,0,1,0,2,0,0,0,1,0,0,0
3490159,2,1,1,0,0,2,0,0,2,0,0,0,2,0,0,2,0,0,0,0,0,0,0,0,2,1,0,1,0,0,0,0,0,0,0,0,0
3496035,10,0,10,0,10,0,0,0,10,0,0,3,5,2,0,10,0,0,0,0,0,0,0,0,0,4,0,1,1,1,1,1,0,1,0,0,0
3503932,8,6,2,0,4,1,0,1,8,0,0,1,3,4,8,3,4,1,0,0,0,0,0,0,0,3,0,5,0,0,0,0,0,0,0,0,0
3504347,13,1,12,0,13,0,0,0,9,4,0,1,11,1,1,13,0,0,0,0,0,0,0,0,0,9,0,1,0,0,0,0,0,3,0,0,1
3505066,5,3,2,0,5,0,0,0,5,0,0,0,5,0,5,1,1,3,0,0,0,0,0,0,0,4,0,1,0,0,0,0,0,0,0,0,0
3506290,5,1,4,0,4,0,0,1,5,0,0,2,2,1,4,5,0,0,0,0,0,0,0,0,2,5,0,0,0,0,0,0,0,0,0,0,0
3517535,5,1,4,0,5,0,0,0,5,0,0,1,2,2,4,5,0,0,0,0,0,0,0,0,1,2,0,2,0,1,0,0,0,0,0,0,0
3519403,2,0,2,0,1,0,0,1,2,0,0,0,1,1,1,1,0,1,0,0,0,0,0,0,0,1,0,1,0,0,0,0,0,0,0,0,1
3522201,17,4,13,0,7,1,0,7,17,0,0,16,1,0,17,17,0,0,0,0,0,0,0,0,4,16,0,1,0,0,0,0,0,0,0,0,1
3522380,5,0,5,0,4,0,0,1,4,1,0,0,4,1,4,4,0,0,0,0,0,0,1,0,2,1,0,1,0,2,1,0,0,0,0,0,0
3525973,8,1,7,0,7,0,0,0,8,0,0,2,2,4,7,4,2,2,0,0,0,0,0,0,4,5,0,3,0,0,0,0,0,0,0,0,0
3534586,5,2,3,0,2,1,1,0,5,0,0,2,0,3,0,4,0,1,0,0,0,0,0,0,0,5,0,0,0,0,0,0,0,0,0,0,0
3541799,12,1,11,0,12,0,0,0,12,0,0,10,0,2,1,12,0,0,0,0,0,0,0,0,1,9,0,1,1,1,0,0,0,0,0,0,7
3542417,13,4,9,0,13,0,0,0,13,0,0,5,6,2,7,6,3,4,0,0,0,0,0,0,0,0,0,1,0,2,9,0,0,1,0,0,0
3543657,12,1,11,0,12,0,0,0,12,0,0,11,0,1,12,11,1,0,0,0,0,0,0,0,0,0,1,3,0,0,0,0,0,8,0,0,12
3547718,2,0,2,0,1,0,0,0,2,0,0,0,0,2,2,0,1,1,0,0,0,0,0,0,0,1,0,0,1,0,0,0,0,0,0,0,0
3551338,18,5,13,0,6,5,1,6,17,1,0,4,6,8,18,8,3,4,3,0,0,0,0,0,0,9,0,9,0,0,0,0,0,0,0,0,0
3551844,16,0,16,0,16,0,0,0,16,0,0,6,8,2,15,16,0,0,0,0,0,0,0,0,0,10,0,4,0,0,2,0,0,0,0,0,0
3557706,2,1,1,0,1,0,1,0,2,0,0,1,0,1,2,1,0,1,0,0,0,0,0,0,1,1,0,1,0,0,0,0,0,0,0,0,0
3557784,8,6,2,0,2,2,3,0,8,0,0,1,3,4,2,3,4,1,0,0,0,0,0,0,0,6,0,1,1,0,0,0,0,0,0,0,0
3560918,14,8,6,0,4,3,2,4,14,0,0,7,1,6,12,7,2,5,0,0,0,0,0,0,0,12,0,1,0,0,0,0,1,0,0,0,1
3561958,5,0,5,0,5,0,0,0,5,0,0,1,2,2,2,5,0,0,0,0,0,0,0,0,0,0,0,4,0,1,0,0,0,0,0,0,0
3566401,9,3,6,0,4,1,1,3,9,0,0,2,1,6,9,2,1,6,0,0,0,0,0,0,0,3,0,4,1,0,0,0,0,1,0,0,1
3568330,2,0,2,0,0,2,0,0,2,0,0,0,2,0,2,2,0,0,0,0,0,0,0,0,0,2,0,0,0,0,0,0,0,0,0,0,0
3574346,12,2,10,0,12,0,0,0,1,11,0,1,9,2,8,5,2,3,2,0,0,0,0,0,6,1,1,8,0,1,1,0,0,0,0,0,0
3576313,11,0,11,0,11,0,0,0,11,0,0,2,3,6,11,11,0,0,0,0,0,0,0,0,11,6,0,0,0,5,0,0,0,0,0,0,1
3581066,2,1,1,0,1,1,0,0,2,0,0,0,2,0,2,0,0,2,0,0,0,0,0,0,0,0,0,2,0,0,0,0,0,0,0,0,0
3584294,4,1,3,0,1,1,1,1,4,0,0,0,4,0,4,3,1,0,0,0,0,0,0,0,0,3,0,1,0,0,0,0,0,0,0,0,0
3585968,10,1,9,0,10,0,0,0,10,0,0,0,3,7,10,10,0,0,0,0,0,0,0,0,8,10,0,0,0,0,0,0,0,0,0,0,0
3586058,4,1,3,0,4,0,0,0,4,0,0,1,3,0,4,4,0,0,0,0,0,0,0,0,0,2,0,0,0,2,0,0,0,0,0,0,0
3586124,6,0,6,0,6,0,0,0,6,0,0,0,3,3,2,6,0,0,0,0,0,0,0,0,0,4,0,2,0,0,0,0,0,0,0,0,0
3589472,2,1,1,0,2,0,0,0,2,0,0,0,0,2,2,2,0,0,0,0,0,0,0,0,0,2,0,0,0,0,0,0,0,0,0,0,0
3589933,4,3,1,0,0,0,0,2,4,0,0,2,1,1,1,3,1,0,0,0,0,0,0,0,0,3,0,1,0,0,0,0,0,0,0,0,0
3595573,5,1,4,0,3,0,0,2,5,0,0,2,1,2,5,5,0,0,0,0,0,0,0,0,1,3,1,1,0,0,0,0,0,0,0,0,0
3595594,6,1,5,0,2,1,0,3,6,0,0,0,3,3,6,6,0,0,0,0,0,0,0,0,0,6,0,0,0,0,0,0,0,0,0,0,0
3596457,3,2,1,0,2,1,0,0,3,0,0,0,3,0,3,0,0,0,3,0,0,0,0,0,0,1,0,2,0,0,0,0,0,0,0,0,0
3598746,3,0,3,0,1,1,0,0,3,0,0,0,0,3,3,3,0,0,0,0,0,0,0,0,0,0,2,1,0,0,0,0,0,0,0,0,0
3598862,3,1,2,0,1,1,0,1,3,0,0,1,1,1,3,2,1,0,0,0,0,0,0,0,0,0,1,2,0,0,0,0,0,0,0,0,0
3600558,10,0,10,0,10,0,0,0,10,0,0,5,5,0,4,10,0,0,0,0,0,0,0,0,6,4,0,2,0,2,0,0,0,2,0,0,0
3600766,27,6,21,0,11,4,1,10,27,0,0,3,10,14,26,5,7,9,6,0,0,0,0,0,0,13,0,13,0,0,0,0,0,1,0,0,1
3607157,2,1,1,0,1,0,0,1,2,0,0,0,1,1,2,0,0,0,2,0,0,0,0,0,0,0,0,2,0,0,0,0,0,0,0,0,1
3607289,7,2,5,0,5,0,0,2,7,0,0,4,2,1,2,3,1,3,0,0,0,0,0,0,0,5,0,2,0,0,0,0,0,0,0,0,0
3610925,7,1,6,0,3,0,1,3,7,0,0,0,5,2,5,0,0,0,7,0,0,0,0,0,0,0,0,7,0,0,0,0,0,0,0,0,3
3617626,5,1,4,0,2,0,1,2,5,0,0,2,2,1,4,5,0,0,0,0,0,0,0,0,0,5,0,0,0,0,0,0,0,0,0,0,0
3617811,2,1,1,0,1,1,0,0,2,0,0,2,0,0,2,2,0,0,0,0,0,0,0,0,0,1,0,1,0,0,0,0,0,0,0,0,0
3618751,21,1,20,0,17,3,0,0,0,21,0,2,14,5,17,9,10,2,0,0,0,0,0,0,2,2,2,3,0,2,6,0,1,5,0,0,0
3623693,6,0,6,0,4,1,0,0,6,0,0,1,2,3,2,6,0,0,0,0,0,0,0,0,5,1,0,2,1,0,2,0,0,0,0,0,0
3631317,13,2,11,0,7,1,0,4,13,0,0,0,4,9,12,13,0,0,0,0,0,0,0,0,13,11,0,2,0,0,0,0,0,0,0,0,0
3642373,3,2,1,0,0,1,0,1,3,0,0,0,1,2,3,0,0,0,3,0,0,0,0,0,0,1,0,2,0,0,0,0,0,0,0,0,0
3643909,4,0,4,0,4,0,0,0,4,0,0,2,1,1,4,4,0,0,0,0,0,0,0,0,4,0,0,1,0,0,1,0,0,2,0,0,2
3646692,1,0,1,0,0,0,0,1,0,1,0,0,1,0,1,0,1,0,0,0,0,0,0,0,1,0,0,1,0,0,0,0,0,0,0,0,0
3647018,4,0,4,0,2,1,0,1,4,0,0,3,0,1,1,3,0,0,0,0,0,0,0,1,3,1,0,0,0,1,0,0,0,2,0,0,0
3648536,11,2,9,0,5,5,0,1,11,0,0,4,5,2,11,6,2,0,2,0,1,0,0,0,0,4,0,6,0,1,0,0,0,0,0,0,0
3649593,2,0,2,0,2,0,0,0,2,0,0,0,1,1,2,2,0,0,0,0,0,0,0,0,2,2,0,0,0,0,0,0,0,0,0,0,0
3652009,7,3,4,0,2,3,0,1,7,0,0,1,5,1,6,0,0,0,7,0,0,0,0,0,0,2,0,5,0,0,0,0,0,0,0,0,0
3663958,10,0,10,0,4,0,0,6,10,0,0,0,3,7,10,1,1,4,1,0,3,0,0,0,0,4,0,6,0,0,0,0,0,0,0,0,0
3671216,5,4,1,0,5,0,0,0,5,0,0,3,2,0,5,5,0,0,0,0,0,0,0,0,0,3,0,2,0,0,0,0,0,0,0,0,0
3675627,4,0,4,0,4,0,0,0,4,0,0,0,1,3,4,4,0,0,0,0,0,0,0,0,3,0,0,0,0,1,0,0,0,3,0,0,0
3677584,2,0,2,0,1,0,0,1,2,0,0,1,1,0,2,2,0,0,0,0,0,0,0,0,0,2,0,0,0,0,0,0,0,0,0,0,1
3677714,21,13,8,0,10,2,0,4,21,0,0,6,12,3,15,10,1,10,0,0,0,0,0,0,0,18,0,3,0,0,0,0,0,0,0,0,0
3680668,6,1,5,0,6,0,0,0,6,0,0,0,3,3,0,6,0,0,0,0,0,0,0,0,0,3,0,1,0,0,1,0,0,1,0,0,0
3685757,8,0,8,0,6,1,0,1,8,0,0,0,6,2,7,2,0,2,2,0,2,0,0,0,3,0,3,2,0,0,0,0,0,3,0,0,3
3687871,8,0,8,0,8,0,0,0,8,0,0,8,0,0,7,8,0,0,0,0,0,0,0,0,0,1,7,0,0,0,0,0,0,0,0,0,1
3688248,16,3,13,0,8,3,1,2,16,0,0,1,9,6,10,16,0,0,0,0,0,0,0,0,0,13,0,2,0,1,0,0,0,0,0,0,0
3689664,17,4,13,0,10,2,2,2,16,0,1,5,5,7,13,10,0,0,5,0,1,0,0,1,0,6,0,5,2,0,0,0,0,2,2,0,0
3693073,21,0,21,0,20,0,0,1,17,4,0,18,3,0,21,21,0,0,0,0,0,0,0,0,0,17,0,1,0,0,0,0,0,1,2,0,0
3695727,2,0,2,0,1,0,0,1,2,0,0,0,1,1,2,0,1,1,0,0,0,0,0,0,0,1,0,1,0,0,0,0,0,0,0,0,1
3696878,13,0,13,0,13,0,0,0,13,0,0,11,0,2,13,13,0,0,0,0,0,0,0,0,0,8,0,1,1,0,0,0,0,3,0,0,13
3699371,30,13,17,0,19,1,0,10,30,0,0,20,9,1,30,14,13,3,0,0,0,0,0,0,0,23,0,7,0,0,0,0,0,0,0,0,0
3700537,4,1,3,0,1,2,0,0,4,0,0,1,2,1,4,2,1,1,0,0,0,0,0,0,0,2,0,2,0,0,0,0,0,0,0,0,2
3705490,10,0,10,0,10,0,0,0,9,1,0,3,7,0,0,4,4,1,0,0,0,0,1,0,0,3,0,5,0,2,0,0,0,0,0,0,0
3707281,2,0,2,0,0,1,0,1,2,0,0,1,0,1,2,2,0,0,0,0,0,0,0,0,0,2,0,0,0,0,0,0,0,0,0,0,0
3710148,2,0,2,0,0,0,0,2,2,0,0,0,1,1,2,1,0,1,0,0,0,0,0,0,2,2,0,0,0,0,0,0,0,0,0,0,2
3712971,5,0,5,0,5,0,0,0,5,0,0,1,4,0,5,5,0,0,0,0,0,0,0,0,0,5,0,0,0,0,0,0,0,0,0,0,0
3713965,10,4,6,0,4,2,0,4,10,0,0,1,6,3,10,10,0,0,0,0,0,0,0,0,0,0,0,0,0,2,0,8,0,0,0,0,10
3716262,24,5,19,0,15,1,0,6,24,0,0,4,17,3,4,17,2,5,0,0,0,0,0,0,0,15,1,5,0,0,1,0,0,2,0,0,0
3716791,9,5,4,0,1,3,0,3,9,0,0,0,5,4,9,5,4,0,0,0,0,0,0,0,0,4,1,3,0,0,0,0,0,1,0,0,0
3717066,16,4,12,0,4,2,1,5,16,0,0,0,10,6,16,9,5,2,0,0,0,0,0,0,0,11,0,4,0,0,0,0,0,0,1,0,0
3717674,7,2,5,0,7,0,0,0,0,7,0,4,3,0,3,7,0,0,0,0,0,0,0,0,0,1,0,1,0,0,3,0,0,2,0,0,0
3717799,29,16,13,0,13,1,0,9,29,0,0,6,18,5,27,19,3,7,0,0,0,0,0,0,0,20,0,7,0,0,0,1,1,0,0,0,0
3724482,7,0,7,0,7,0,0,0,7,0,0,5,2,0,7,5,2,0,0,0,0,0,0,0,0,0,0,2,0,0,0,0,0,5,0,0,0
3728279,7,1,6,0,7,0,0,0,5,2,0,5,2,0,3,6,0,1,0,0,0,0,0,0,0,1,0,1,0,0,1,0,0,4,0,0,0
3740906,7,0,7,0,7,0,0,0,7,0,0,2,5,0,4,7,0,0,0,0,0,0,0,0,1,2,0,1,0,0,0,0,0,4,0,0,1
3749361,3,0,3,0,3,0,0,0,3,0,0,0,1,2,3,3,0,0,0,0,0,0,0,0,0,1,0,1,0,1,0,0,0,0,0,0,1
3752455,3,0,3,0,3,0,0,0,3,0,0,0,1,2,3,3,0,0,0,0,0,0,0,0,0,3,0,0,0,0,0,0,0,0,0,0,0
3753760,3,0,3,0,3,0,0,0,3,0,0,0,3,0,3,3,0,0,0,0,0,0,0,0,0,2,0,1,0,0,0,0,0,0,0,0,0
3767466,4,0,4,0,3,1,0,0,4,0,0,1,3,0,2,4,0,0,0,0,0,0,0,0,2,1,0,1,0,1,1,0,0,0,0,0,0
3777342,13,8,5,0,8,1,0,2,13,0,0,1,4,8,13,8,1,4,0,0,0,0,0,0,0,9,0,3,0,0,0,1,0,0,0,0,0
3778470,12,2,10,0,3,5,1,2,12,0,0,1,10,1,12,12,0,0,0,0,0,0,0,0,0,12,0,0,0,0,0,0,0,0,0,0,0
3782470,4,1,3,0,1,1,1,1,4,0,0,0,1,3,4,2,2,0,0,0,0,0,0,0,0,1,0,2,1,0,0,0,0,0,0,0,2
3785330,9,5,4,0,3,1,2,3,8,1,0,0,5,4,8,0,0,0,9,0,0,0,0,0,0,0,0,7,0,2,0,0,0,0,0,0,0
3785953,4,1,3,0,4,0,0,0,4,0,0,4,0,0,4,4,0,0,0,0,0,0,0,0,0,4,0,0,0,0,0,0,0,0,0,0,2
3786165,10,0,10,0,9,0,0,1,10,0,0,7,3,0,8,10,0,0,0,0,0,0,0,0,0,7,0,3,0,0,0,0,0,0,0,0,8
3788520,5,0,5,0,3,0,0,2,5,0,0,0,2,3,5,5,0,0,0,0,0,0,0,0,5,0,0,0,0,0,0,5,0,0,0,0,5
3799766,28,7,21,0,6,8,1,6,27,0,1,4,18,6,28,8,8,3,6,0,2,0,1,0,1,11,1,11,2,2,0,0,0,1,0,0,0
3806847,5,1,4,0,2,0,0,1,5,0,0,2,3,0,5,5,0,0,0,0,0,0,0,0,2,3,0,1,0,0,0,0,0,1,0,0,0
3808077,5,2,3,0,1,1,1,1,5,0,0,0,3,2,5,1,3,1,0,0,0,0,0,0,1,1,0,4,0,0,0,0,0,0,0,0,1
3809025,9,6,3,0,6,2,0,1,9,0,0,0,6,3,9,4,2,3,0,0,0,0,0,0,1,4,0,5,0,0,0,0,0,0,0,0,0
3810587,29,7,22,0,28,0,1,0,9,20,0,10,12,7,28,29,0,0,0,0,0,0,0,0,1,18,0,1,0,7,0,3,0,0,0,0,29
3815023,16,6,10,0,10,0,0,3,16,0,0,11,2,3,16,12,3,1,0,0,0,0,0,0,0,12,1,3,0,0,0,0,0,0,0,0,0
3816655,8,3,5,0,3,1,0,4,8,0,0,3,3,2,8,5,3,0,0,0,0,0,0,0,0,6,0,2,0,0,0,0,0,0,0,0,6
3818794,2,1,1,0,1,0,0,0,2,0,0,0,2,0,1,1,0,1,0,0,0,0,0,0,0,1,0,0,0,0,0,0,0,1,0,0,0
3819077,11,5,6,0,4,1,1,4,10,1,0,9,2,0,5,11,0,0,0,0,0,0,0,0,0,10,0,0,0,0,0,0,0,1,0,0,0
3821892,9,0,9,0,9,0,0,0,5,4,0,0,8,1,8,9,0,0,0,0,0,0,0,0,0,2,0,1,0,0,0,0,1,5,0,0,4
3829275,2,0,2,0,0,2,0,0,2,0,0,1,1,0,2,1,0,1,0,0,0,0,0,0,0,1,0,0,1,0,0,0,0,0,0,0,0
3831162,12,0,12,0,12,0,0,0,12,0,0,5,5,2,12,12,0,0,0,0,0,0,0,0,1,3,0,0,0,2,1,0,0,6,0,0,1
3836922,1,0,1,0,0,1,0,0,1,0,0,1,0,0,1,1,0,0,0,0,0,0,0,0,0,1,0,0,0,0,0,0,0,0,0,0,0
3842744,3,3,0,0,1,2,0,0,3,0,0,0,3,0,3,2,1,0,0,0,0,0,0,0,0,2,0,0,0,1,0,0,0,0,0,0,0
3842981,2,0,2,0,2,0,0,0,2,0,0,0,2,0,1,2,0,0,0,0,0,0,0,0,2,1,0,1,0,0,0,0,0,0,0,0,0
3843242,4,1,3,0,4,0,0,0,4,0,0,4,0,0,4,4,0,0,0,0,0,0,0,0,4,0,4,0,0,0,0,0,0,0,0,0,3
3850003,15,5,10,0,8,3,1,1,15,0,0,2,8,5,14,9,6,0,0,0,0,0,0,0,1,8,0,4,1,0,0,0,0,0,2,0,0
3851562,2,0,2,0,0,0,0,2,2,0,0,2,0,0,1,2,0,0,0,0,0,0,0,0,0,2,0,0,0,0,0,0,0,0,0,0,0
3852244,7,0,7,0,6,0,0,1,7,0,0,3,4,0,3,7,0,0,0,0,0,0,0,0,0,5,0,2,0,0,0,0,0,0,0,0,0
3855504,7,0,7,0,7,0,0,0,7,0,0,5,2,0,3,7,0,0,0,0,0,0,0,0,0,3,0,1,0,0,0,0,0,3,0,0,1
3855601,13,2,11,0,11,1,0,1,10,3,0,6,7,0,12,13,0,0,0,0,0,0,0,0,13,9,1,2,0,1,0,0,0,0,0,0,0
3858622,8,0,8,0,8,0,0,0,8,0,0,1,7,0,3,8,0,0,0,0,0,0,0,0,0,5,0,2,0,0,0,0,0,1,0,0,0
3860600,8,0,8,0,6,2,0,0,3,5,0,3,5,0,8,5,0,0,0,0,0,0,2,1,8,1,0,1,0,3,1,0,0,1,1,0,1
3868800,21,2,19,0,14,4,0,1,2,19,0,1,11,9,18,5,0,5,1,0,6,0,3,1,0,7,0,7,2,3,0,2,0,0,0,0,1
3872023,6,2,4,0,1,4,0,1,6,0,0,1,3,2,6,3,2,1,0,0,0,0,0,0,0,4,0,2,0,0,0,0,0,0,0,0,0
3877894,9,4,5,0,9,0,0,0,9,0,0,6,1,2,5,9,0,0,0,0,0,0,0,0,0,8,0,1,0,0,0,0,0,0,0,0,0
3881641,21,0,21,0,20,0,0,1,21,0,0,6,11,4,20,21,0,0,0,0,0,0,0,0,20,8,0,0,0,3,1,0,0,9,0,0,0
3889431,12,1,11,0,12,0,0,0,7,5,0,3,7,2,12,12,0,0,0,0,0,0,0,0,0,12,0,0,0,0,0,0,0,0,0,0,0
3890876,16,6,10,0,4,3,2,5,16,0,0,1,6,9,15,6,3,6,1,0,0,0,0,0,0,8,0,7,0,0,0,1,0,0,0,0,4
3891156,12,2,10,0,6,2,1,2,12,0,0,1,4,7,12,12,0,0,0,0,0,0,0,0,3,10,0,0,2,0,0,0,0,0,0,0,0
3891627,5,3,2,0,2,2,0,1,5,0,0,2,2,1,5,3,2,0,0,0,0,0,0,0,0,4,0,1,0,0,0,0,0,0,0,0,0
3891893,4,0,4,0,3,0,0,1,4,0,0,0,0,4,4,2,2,0,0,0,0,0,0,0,0,2,0,2,0,0,0,0,0,0,0,0,1
3892940,6,1,5,0,6,0,0,0,5,0,1,1,4,1,6,6,0,0,0,0,0,0,0,0,1,0,0,1,0,0,2,0,1,2,0,0,1
3896069,10,0,10,0,10,0,0,0,9,1,0,2,6,2,9,5,5,0,0,0,0,0,0,0,0,2,0,2,1,0,0,0,0,5,0,0,1
3904956,7,1,6,0,4,1,0,1,7,0,0,7,0,0,7,7,0,0,0,0,0,0,0,0,0,6,0,0,0,1,0,0,0,0,0,0,7
3921394,9,0,9,0,8,1,0,0,6,3,0,2,6,1,8,9,0,0,0,0,0,0,0,0,2,6,1,1,0,1,0,0,0,0,0,0,1
3922078,5,3,2,0,2,2,0,1,5,0,0,0,2,3,5,0,0,0,5,0,0,0,0,0,4,0,0,5,0,0,0,0,0,0,0,0,0
3927885,22,7,15,0,9,5,1,4,22,0,0,4,8,10,21,5,9,8,0,0,0,0,0,0,0,9,0,8,1,1,0,0,0,3,0,0,16
3933003,7,1,6,0,7,0,0,0,4,2,1,1,6,0,4,4,0,0,0,0,0,0,2,1,2,0,0,2,0,5,0,0,0,0,0,0,1
3933048,19,9,10,0,4,6,4,4,18,1,0,5,8,6,17,10,9,0,0,0,0,0,0,0,13,10,0,5,3,0,0,0,0,1,0,0,0
3937394,9,0,9,0,9,0,0,0,9,0,0,4,4,1,6,9,0,0,0,0,0,0,0,0,0,7,0,0,0,0,0,0,0,2,0,0,0
3944822,21,1,20,0,21,0,0,0,17,4,0,3,18,0,7,21,0,0,0,0,0,0,0,0,1,0,11,6,0,2,0,0,0,2,0,0,0
3948883,2,1,1,0,1,0,0,1,2,0,0,0,0,2,2,2,0,0,0,0,0,0,0,0,0,2,0,0,0,0,0,0,0,0,0,0,0
3948946,10,0,10,0,7,3,0,0,10,0,0,5,5,0,4,10,0,0,0,0,0,0,0,0,0,5,0,0,0,4,1,0,0,0,0,0,0
3955655,2,0,2,0,0,0,0,0,2,0,0,1,1,0,2,1,0,1,0,0,0,0,0,0,2,1,0,1,0,0,0,0,0,0,0,0,0
3956362,8,0,8,0,8,0,0,0,8,0,0,1,6,1,5,4,4,0,0,0,0,0,0,0,8,0,4,1,0,0,0,0,0,2,0,1,2
3962097,13,0,13,0,13,0,0,0,13,0,0,4,9,0,13,10,0,0,0,0,0,0,0,3,0,1,0,1,0,2,2,0,2,4,1,0,0
3962404,14,1,13,0,14,0,0,0,13,1,0,8,2,4,14,14,0,0,0,0,0,0,0,0,0,11,0,0,0,0,1,0,0,2,0,0,0
3965879,5,2,3,0,5,0,0,0,5,0,0,1,3,1,3,5,0,0,0,0,0,0,0,0,0,0,0,2,0,0,1,0,0,2,0,0,0
3969962,2,0,2,0,1,1,0,0,2,0,0,0,1,1,0,0,0,0,0,0,0,0,0,2,1,0,1,0,0,1,0,0,0,0,0,0,0
3981792,5,3,2,0,3,0,0,1,5,0,0,0,2,3,4,5,0,0,0,0,0,0,0,0,0,0,0,1,1,0,0,0,0,2,1,0,0
3982370,4,0,4,0,4,0,0,0,4,0,0,4,0,0,4,4,0,0,0,0,0,0,0,0,0,4,0,0,0,0,0,0,0,0,0,0,0
3986032,20,4,16,0,18,2,0,0,20,0,0,8,8,4,12,13,7,0,0,0,0,0,0,0,0,14,0,6,0,0,0,0,0,0,0,0,0
3996830,5,0,5,0,4,0,0,1,5,0,0,1,4,0,4,5,0,0,0,0,0,0,0,0,5,0,0,0,0,0,0,0,0,5,0,0,0
4004949,4,0,4,0,4,0,0,0,4,0,0,0,3,1,4,4,0,0,0,0,0,0,0,0,0,0,0,2,0,0,0,2,0,0,0,0,4
4006061,11,0,11,0,9,1,0,1,11,0,0,4,7,0,10,11,0,0,0,0,0,0,0,0,0,5,0,2,0,0,0,3,1,0,0,0,0
4007973,4,3,1,0,2,0,0,1,4,0,0,2,1,1,4,2,2,0,0,0,0,0,0,0,0,2,0,2,0,0,0,0,0,0,0,0,1
4009556,8,0,8,0,3,1,0,2,3,5,0,0,2,6,4,8,0,0,0,0,0,0,0,0,8,5,0,1,1,0,0,0,1,0,0,0,1
4010489,7,3,4,0,3,1,1,1,7,0,0,1,4,2,7,3,3,1,0,0,0,0,0,0,0,3,0,3,1,0,0,0,0,0,0,0,6
4012905,9,1,8,0,9,0,0,0,4,4,1,3,6,0,0,4,0,0,0,0,0,0,2,3,1,0,0,2,0,2,5,0,0,0,0,0,0
4020190,7,5,2,0,2,1,1,3,7,0,0,2,2,3,6,4,3,0,0,0,0,0,0,0,0,4,0,2,1,0,0,0,0,0,0,0,7
4024337,11,4,7,0,7,1,1,2,11,0,0,6,4,1,10,8,3,0,0,0,0,0,0,0,0,8,0,0,0,1,0,2,0,0,0,0,1
4026708,11,1,10,0,11,0,0,0,11,0,0,0,10,1,11,3,5,3,0,0,0,0,0,0,0,1,0,6,1,0,0,3,0,0,0,0,11
4027216,5,1,4,0,5,0,0,0,5,0,0,0,2,3,5,5,0,0,0,0,0,0,0,0,0,3,0,2,0,0,0,0,0,0,0,0,0
4030802,5,0,5,0,2,1,0,2,5,0,0,4,1,0,4,4,0,0,0,0,0,0,0,1,1,3,0,1,0,1,0,0,0,0,0,0,5
4038003,4,2,2,0,4,0,0,0,4,0,0,0,4,0,3,4,0,0,0,0,0,0,0,0,0,3,0,0,1,0,0,0,0,0,0,0,3
4038173,25,9,16,0,13,3,3,5,25,0,0,2,14,9,9,17,3,5,0,0,0,0,0,0,0,22,0,2,1,0,0,0,0,0,0,0,1
4045188,9,0,9,0,9,0,0,0,6,3,0,2,4,3,9,9,0,0,0,0,0,0,0,0,0,1,0,1,0,0,0,0,0,6,1,0,0
4045332,2,0,2,0,0,0,1,0,2,0,0,2,0,0,1,2,0,0,0,0,0,0,0,0,2,2,0,0,0,0,0,0,0,0,0,0,0
4054044,25,9,16,0,16,1,1,2,25,0,0,12,11,2,24,14,8,3,0,0,0,0,0,0,0,19,0,5,0,1,0,0,0,0,0,0,1
4062554,11,1,10,0,11,0,0,0,11,0,0,1,9,1,11,11,0,0,0,0,0,0,0,0,0,5,1,1,0,0,0,0,0,4,0,0,0
4062671,18,0,18,0,17,1,0,0,15,3,0,6,6,6,18,18,0,0,0,0,0,0,0,0,0,14,0,3,0,0,0,0,0,1,0,0,15
4062939,13,0,13,0,12,1,0,0,11,2,0,1,8,4,13,13,0,0,0,0,0,0,0,0,0,6,0,2,1,0,0,3,0,1,0,0,0
4068246,4,0,4,0,2,0,0,0,4,0,0,1,2,1,4,2,1,1,0,0,0,0,0,0,2,2,0,1,1,0,0,0,0,0,0,0,0
4076731,5,0,5,0,1,0,1,2,5,0,0,1,2,2,4,4,1,0,0,0,0,0,0,0,0,4,0,0,1,0,0,0,0,0,0,0,0
4078299,7,2,5,0,7,0,0,0,7,0,0,1,4,2,4,4,3,0,0,0,0,0,0,0,0,4,0,3,0,0,0,0,0,0,0,0,2
4079168,28,12,16,0,16,2,0,6,28,0,0,6,15,7,7,19,8,1,0,0,0,0,0,0,0,18,0,9,0,1,0,0,0,0,0,0,0
4083635,4,2,2,0,2,0,0,0,4,0,0,3,1,0,3,2,1,1,0,0,0,0,0,0,0,2,0,1,1,0,0,0,0,0,0,0,0
4089338,8,1,7,0,4,0,0,3,8,0,0,1,4,3,8,8,0,0,0,0,0,0,0,0,0,8,0,0,0,0,0,0,0,0,0,0,0
4090419,3,0,3,0,3,0,0,0,3,0,0,1,2,0,3,3,0,0,0,0,0,0,0,0,0,2,1,0,0,0,0,0,0,0,0,0,0
4097786,10,7,3,0,0,2,1,2,10,0,0,1,7,2,10,7,3,0,0,0,0,0,0,0,0,9,0,1,0,0,0,0,0,0,0,0,0
4104630,7,0,7,0,6,0,0,1,7,0,0,2,4,1,7,7,0,0,0,0,0,0,0,0,2,1,0,2,0,1,0,0,0,3,0,0,0
4106047,4,2,2,0,4,0,0,0,4,0,0,1,2,1,4,2,2,0,0,0,0,0,0,0,0,1,0,2,1,0,0,0,0,0,0,0,2
4106374,3,2,1,0,1,0,0,2,3,0,0,0,0,3,3,0,0,0,3,0,0,0,0,0,0,0,0,3,0,0,0,0,0,0,0,0,0
4107053,29,8,21,0,16,4,2,5,29,0,0,5,13,11,29,5,6,10,8,0,0,0,0,0,2,14,0,11,2,1,0,1,0,0,0,0,12
4109876,12,7,5,0,7,1,0,3,11,1,0,2,8,2,11,9,2,1,0,0,0,0,0,0,0,8,0,3,0,0,0,1,0,0,0,0,0
4110129,7,1,6,0,6,1,0,0,7,0,0,5,1,1,7,7,0,0,0,0,0,0,0,0,0,5,0,2,0,0,0,0,0,0,0,0,1
4119811,7,0,7,0,7,0,0,0,7,0,0,1,4,2,1,7,0,0,0,0,0,0,0,0,0,2,0,4,0,0,1,0,0,0,0,0,0
4121268,3,1,2,0,0,0,0,3,3,0,0,0,2,1,3,0,0,0,3,0,0,0,0,0,0,0,0,3,0,0,0,0,0,0,0,0,0
4121873,10,1,9,0,7,2,0,1,10,0,0,2,4,4,10,10,0,0,0,0,0,0,0,0,0,8,0,0,0,0,0,1,0,1,0,0,0
4126955,4,1,3,0,1,2,0,1,4,0,0,2,2,0,3,4,0,0,0,0,0,0,0,0,0,2,0,0,0,0,1,1,0,0,0,0,2
4128581,1,0,1,0,1,0,0,0,1,0,0,0,1,0,1,1,0,0,0,0,0,0,0,0,1,1,0,0,0,0,0,0,0,0,0,0,1
4132327,6,3,3,0,4,0,0,1,6,0,0,2,3,1,2,3,3,0,0,0,0,0,0,0,0,2,0,4,0,0,0,0,0,0,0,0,0
4136415,7,0,7,0,3,3,0,1,6,1,0,2,4,1,2,4,1,2,0,0,0,0,0,0,0,0,1,1,1,1,0,3,0,0,0,0,7
4141280,12,0,12,0,10,0,0,2,12,0,0,2,6,4,2,7,4,1,0,0,0,0,0,0,1,8,0,4,0,0,0,0,0,0,0,0,0
4142692,17,0,17,0,17,0,0,0,17,0,0,7,6,4,7,2,0,9,0,0,0,0,6,0,15,0,0,3,0,9,3,0,1,1,0,0,0
4147360,8,1,7,0,7,1,0,0,0,8,0,1,4,3,2,2,4,1,0,0,0,0,0,1,4,2,1,2,1,0,2,0,0,0,0,0,0
4150880,4,0,4,0,4,0,0,0,4,0,0,0,4,0,2,4,0,0,0,0,0,0,0,0,4,0,0,2,0,1,1,0,0,0,0,0,1
4153992,6,0,6,0,5,0,0,1,6,0,0,4,2,0,3,6,0,0,0,0,0,0,0,0,1,1,0,1,0,0,0,0,0,4,0,0,0
4155564,2,1,1,0,1,1,0,0,2,0,0,2,0,0,1,2,0,0,0,0,0,0,0,0,0,2,0,0,0,0,0,0,0,0,0,0,0
4156300,6,0,6,0,6,0,0,0,0,6,0,5,1,0,0,6,0,0,0,0,0,0,0,0,0,1,0,1,0,0,0,0,0,4,0,0,0
4162991,55,15,40,0,29,5,4,11,55,0,0,23,20,12,34,24,11,10,9,0,1,0,0,0,0,29,0,17,2,1,0,4,0,2,0,0,12
4164802,1,0,1,0,0,0,0,1,1,0,0,0,1,0,1,0,0,1,0,0,0,0,0,0,1,1,0,0,0,0,0,0,0,0,0,0,0
4164816,13,1,12,0,12,0,0,1,13,0,0,5,8,0,3,13,0,0,0,0,0,0,0,0,0,4,0,5,0,2,0,1,0,1,0,0,2
4168770,7,1,6,0,3,1,1,1,7,0,0,2,4,1,7,7,0,0,0,0,0,0,0,0,0,6,0,1,0,0,0,0,0,0,0,0,0
4185166,21,1,20,0,21,0,0,0,21,0,0,7,11,3,11,21,0,0,0,0,0,0,0,0,3,11,0,3,0,3,0,1,0,3,0,0,0
4186406,16,0,16,0,16,0,0,0,16,0,0,7,6,3,16,16,0,0,0,0,0,0,0,0,15,12,0,0,0,0,0,0,0,4,0,0,0
4191702,12,1,11,0,7,0,3,2,12,0,0,4,5,3,7,1,2,4,3,0,2,0,0,0,8,0,0,8,0,0,0,0,0,4,0,0,0
4204579,27,16,11,0,14,6,0,6,27,0,0,1,16,10,25,10,10,7,0,0,0,0,0,0,24,13,1,7,1,1,0,1,0,3,0,0,0
4207772,1,0,1,0,1,0,0,0,1,0,0,0,1,0,1,0,1,0,0,0,0,0,0,0,0,0,0,1,0,0,0,0,0,0,0,0,0
4219286,6,4,2,0,2,0,0,0,6,0,0,0,0,6,6,0,0,0,6,0,0,0,0,0,0,0,0,6,0,0,0,0,0,0,0,0,0
4219792,2,0,2,0,2,0,0,0,2,0,0,0,2,0,2,1,0,1,0,0,0,0,0,0,0,1,0,1,0,0,0,0,0,0,0,0,0
4222683,6,3,3,0,3,0,0,2,6,0,0,1,5,0,5,1,2,3,0,0,0,0,0,0,0,3,0,3,0,0,0,0,0,0,0,0,4
4228290,4,0,4,0,4,0,0,0,4,0,0,3,1,0,4,4,0,0,0,0,0,0,0,0,0,3,0,1,0,0,0,0,0,0,0,0,0
4235392,3,2,1,0,3,0,0,0,3,0,0,0,1,2,3,0,0,0,3,0,0,0,0,0,1,0,0,3,0,0,0,0,0,0,0,0,0
4237493,16,0,16,0,14,0,0,2,16,0,0,1,10,5,14,16,0,0,0,0,0,0,0,0,0,9,0,6,0,0,0,0,0,1,0,0,0
4246411,3,0,3,0,1,1,1,0,3,0,0,2,1,0,3,2,1,0,0,0,0,0,0,0,0,3,0,0,0,0,0,0,0,0,0,0,0
4246623,4,1,3,0,1,1,1,1,4,0,0,2,2,0,4,0,0,4,0,0,0,0,0,0,0,0,0,0,0,0,0,0,0,1,0,3,0
4248146,5,0,5,0,5,0,0,0,4,1,0,2,3,0,5,5,0,0,0,0,0,0,0,0,1,1,0,2,0,0,1,0,0,1,0,0,2
4250777,19,7,12,0,10,2,0,3,19,0,0,11,7,1,8,11,6,2,0,0,0,0,0,0,0,14,0,2,0,1,0,1,0,1,0,0,0
4252838,16,8,8,0,15,0,0,1,6,9,1,0,8,8,12,11,1,0,2,0,2,0,0,0,1,0,1,6,0,1,6,0,0,1,1,0,0
4256718,13,0,13,0,13,0,0,0,11,0,2,0,12,1,5,13,0,0,0,0,0,0,0,0,0,5,1,0,0,4,1,1,0,1,0,0,5
4258191,11,2,9,0,9,0,0,1,11,0,0,8,3,0,10,8,1,2,0,0,0,0,0,0,0,1,3,3,0,0,0,0,0,4,0,0,0
4266129,2,0,2,0,2,0,0,0,2,0,0,1,0,1,1,2,0,0,0,0,0,0,0,0,0,1,0,0,0,0,0,0,1,0,0,0,0
4267712,5,1,4,0,3,0,0,2,5,0,0,0,3,2,5,0,0,0,5,0,0,0,0,0,0,0,0,4,1,0,0,0,0,0,0,0,0
4269452,7,0,7,0,7,0,0,0,7,0,0,3,2,2,7,7,0,0,0,0,0,0,0,0,7,0,0,1,0,0,0,0,0,6,0,0,0
4270728,4,0,4,0,2,0,1,1,4,0,0,0,3,1,4,4,0,0,0,0,0,0,0,0,0,0,0,1,0,0,0,3,0,0,0,0,4
4274575,17,0,17,0,14,2,0,1,11,6,0,15,1,1,17,17,0,0,0,0,0,0,0,0,0,15,0,1,0,0,0,0,0,1,0,0,0
4276287,6,0,6,0,6,0,0,0,0,6,0,1,3,2,2,5,0,0,0,0,0,0,0,1,1,0,0,1,0,1,2,0,0,2,0,0,0
4278190,9,0,9,0,5,0,1,2,9,0,0,2,6,1,6,9,0,0,0,0,0,0,0,0,0,8,0,0,0,0,0,0,0,1,0,0,0
4278388,4,0,4,0,1,1,0,2,4,0,0,1,3,0,4,4,0,0,0,0,0,0,0,0,0,0,0,0,0,0,0,0,0,4,0,0,0
4279395,4,3,1,0,3,1,0,0,4,0,0,0,0,4,4,0,0,0,4,0,0,0,0,0,0,0,0,3,1,0,0,0,0,0,0,0,3
4294717,8,0,8,0,7,0,0,1,8,0,0,2,3,3,3,3,3,2,0,0,0,0,0,0,0,5,0,3,0,0,0,0,0,0,0,0,0
4296147,2,1,1,0,1,0,1,0,2,0,0,1,1,0,2,1,1,0,0,0,0,0,0,0,0,0,0,0,1,0,0,0,0,1,0,0,1
4299247,3,1,2,0,1,1,0,0,3,0,0,0,1,2,3,1,2,0,0,0,0,0,0,0,2,1,0,1,1,0,0,0,0,0,0,0,1
4300885,17,0,17,0,17,0,0,0,12,5,0,3,14,0,16,17,0,0,0,0,0,0,0,0,1,14,0,0,0,2,0,0,0,1,0,0,0
4305709,8,0,8,0,8,0,0,0,8,0,0,4,4,0,8,8,0,0,0,0,0,0,0,0,2,6,0,0,0,0,0,0,0,2,0,0,0
4314017,8,0,8,0,5,1,0,2,8,0,0,2,4,2,8,8,0,0,0,0,0,0,0,0,1,6,0,0,0,0,0,0,0,2,0,0,0
4318644,13,8,5,0,4,1,2,5,13,0,0,3,8,2,12,8,5,0,0,0,0,0,0,0,0,9,0,2,0,0,0,1,1,0,0,0,0
4319418,17,6,11,0,12,3,0,0,17,0,0,11,5,1,16,12,5,0,0,0,0,0,0,0,0,10,0,5,0,0,0,2,0,0,0,0,0
4320968,3,0,3,0,2,0,0,0,3,0,0,0,3,0,3,3,0,0,0,0,0,0,0,0,3,3,0,0,0,0,0,0,0,0,0,0,0
4323074,6,0,6,0,3,2,0,1,5,1,0,3,3,0,4,6,0,0,0,0,0,0,0,0,1,1,0,0,0,0,1,0,0,4,0,0,0
4331364,3,1,2,0,3,0,0,0,3,0,0,1,2,0,3,3,0,0,0,0,0,0,0,0,3,1,0,2,0,0,0,0,0,0,0,0,0
4331917,2,1,1,0,1,0,1,0,2,0,0,0,1,1,2,0,0,0,2,0,0,0,0,0,0,0,0,1,1,0,0,0,0,0,0,0,0
4334254,7,0,7,0,3,1,0,3,7,0,0,1,4,2,7,2,2,3,0,0,0,0,0,0,0,1,0,6,0,0,0,0,0,0,0,0,7
4335500,5,0,5,0,5,0,0,0,5,0,0,2,1,2,4,5,0,0,0,0,0,0,0,0,0,2,0,0,0,0,0,0,0,3,0,0,2
4336532,4,2,2,0,3,1,0,0,4,0,0,4,0,0,4,4,0,0,0,0,0,0,0,0,0,4,0,0,0,0,0,0,0,0,0,0,0
4342274,4,2,2,0,2,0,0,0,4,0,0,1,2,1,1,3,1,0,0,0,0,0,0,0,0,2,0,2,0,0,0,0,0,0,0,0,0
4346772,21,3,18,0,16,3,0,2,20,1,0,8,11,2,12,21,0,0,0,0,0,0,0,0,0,10,0,7,0,0,0,1,0,3,0,0,1
4347666,19,0,19,0,17,0,0,2,18,1,0,18,0,1,16,19,0,0,0,0,0,0,0,0,5,18,0,0,0,0,0,1,0,0,0,0,3
4351848,10,0,10,0,9,0,0,0,1,9,0,4,4,2,9,10,0,0,0,0,0,0,0,0,0,8,0,0,0,1,0,0,1,0,0,0,0
4352761,8,0,8,0,8,0,0,0,8,0,0,1,3,4,2,8,0,0,0,0,0,0,0,0,1,4,0,3,0,0,0,0,0,1,0,0,0
4353494,20,6,14,0,18,0,0,1,20,0,0,12,7,1,7,9,9,2,0,0,0,0,0,0,1,15,0,5,0,0,0,0,0,0,0,0,2
4353940,8,5,3,0,2,3,0,3,8,0,0,2,4,2,8,7,0,1,0,0,0,0,0,0,0,3,0,3,0,0,0,0,0,2,0,0,2
4354027,5,1,4,0,4,0,0,1,5,0,0,4,1,0,5,4,0,1,0,0,0,0,0,0,0,3,0,2,0,0,0,0,0,0,0,0,0
4354578,9,0,9,0,6,1,0,2,9,0,0,1,3,5,9,9,0,0,0,0,0,0,0,0,0,9,0,0,0,0,0,0,0,0,0,0,0
4364301,5,0,5,0,2,2,0,0,4,0,1,3,2,0,3,5,0,0,0,0,0,0,0,0,2,3,0,1,0,0,0,0,0,1,0,0,0
4371666,11,5,6,0,5,3,0,2,11,0,0,3,4,4,5,1,3,7,0,0,0,0,0,0,0,5,0,2,1,0,0,2,1,0,0,0,0
4372242,8,3,5,0,2,3,0,3,8,0,0,0,4,4,8,6,1,1,0,0,0,0,0,0,1,5,0,2,1,0,0,0,0,0,0,0,0
4380968,3,2,1,0,2,0,0,0,3,0,0,0,3,0,3,0,0,0,3,0,0,0,0,0,0,0,0,3,0,0,0,0,0,0,0,0,0
4384665,13,4,9,0,3,4,3,3,13,0,0,8,5,0,12,13,0,0,0,0,0,0,0,0,0,9,0,3,0,0,0,1,0,0,0,0,12
4399434,5,0,5,0,5,0,0,0,5,0,0,3,2,0,5,5,0,0,0,0,0,0,0,0,0,5,0,0,0,0,0,0,0,0,0,0,0
4399968,13,0,13,0,13,0,0,0,11,2,0,3,9,1,3,13,0,0,0,0,0,0,0,0,0,6,2,1,0,3,1,0,0,0,0,0,3
4406599,3,1,2,0,0,1,0,1,3,0,0,1,2,0,2,1,2,0,0,0,0,0,0,0,0,1,0,1,1,0,0,0,0,0,0,0,0
4407176,4,0,4,0,3,0,0,1,4,0,0,0,0,4,3,4,0,0,0,0,0,0,0,0,0,4,0,0,0,0,0,0,0,0,0,0,0
4417964,1,0,1,0,1,0,0,0,1,0,0,0,1,0,1,1,0,0,0,0,0,0,0,0,0,1,0,0,0,0,0,0,0,0,0,0,0
4420199,4,1,3,0,3,0,0,1,4,0,0,2,2,0,2,4,0,0,0,0,0,0,0,0,0,2,0,1,0,0,0,0,0,1,0,0,0
4422412,3,1,2,0,2,0,0,1,3,0,0,0,1,2,3,3,0,0,0,0,0,0,0,0,3,2,0,0,0,0,0,1,0,0,0,0,2
4432836,10,0,10,0,10,0,0,0,10,0,0,3,5,2,5,5,2,3,0,0,0,0,0,0,0,3,0,3,0,2,2,0,0,0,0,0,0
4436534,2,0,2,0,2,0,0,0,2,0,0,0,1,1,2,2,0,0,0,0,0,0,0,0,0,0,0,1,0,0,0,1,0,0,0,0,2
4441706,4,1,3,0,2,1,0,1,4,0,0,3,0,1,2,3,1,0,0,0,0,0,0,0,0,3,0,0,1,0,0,0,0,0,0,0,1
4448978,7,0,7,0,7,0,0,0,2,5,0,2,4,1,4,7,0,0,0,0,0,0,0,0,1,5,0,1,0,0,0,0,0,1,0,0,0
4461807,10,2,8,0,9,0,0,0,6,4,0,9,1,0,10,10,0,0,0,0,0,0,0,0,0,6,0,0,0,1,0,0,0,3,0,0,0
4462644,11,3,8,0,5,2,1,2,11,0,0,0,7,4,11,11,0,0,0,0,0,0,0,0,0,11,0,0,0,0,0,0,0,0,0,0,0
4466202,12,4,8,0,12,0,0,0,12,0,0,5,4,3,12,12,0,0,0,0,0,0,0,0,0,10,0,2,0,0,0,0,0,0,0,0,0
4470017,4,1,3,0,0,0,1,2,4,0,0,0,2,2,4,4,0,0,0,0,0,0,0,0,0,4,0,0,0,0,0,0,0,0,0,0,0
4471156,8,1,7,0,6,1,0,1,7,1,0,7,1,0,6,8,0,0,0,0,0,0,0,0,5,7,0,0,0,0,0,0,0,1,0,0,0
4472751,20,2,18,0,19,1,0,0,20,0,0,5,11,4,13,8,8,4,0,0,0,0,0,0,0,6,6,7,0,0,0,0,1,0,0,0,6
4484966,7,2,5,0,1,2,1,2,7,0,0,0,6,1,7,0,0,1,0,0,0,0,0,6,0,0,0,1,0,0,0,6,0,0,0,0,7
4490492,1,0,1,0,0,0,0,0,1,0,0,0,0,1,1,0,1,0,0,0,0,0,0,0,0,0,0,0,1,0,0,0,0,0,0,0,1
4499495,1,0,1,0,1,0,0,0,1,0,0,0,1,0,1,1,0,0,0,0,0,0,0,0,0,1,0,0,0,0,0,0,0,0,0,0,0
4502341,3,2,1,0,1,0,1,1,3,0,0,1,2,0,3,3,0,0,0,0,0,0,0,0,0,3,0,0,0,0,0,0,0,0,0,0,0
4502574,2,2,0,0,1,0,1,0,2,0,0,0,1,1,2,2,0,0,0,0,0,0,0,0,0,1,0,1,0,0,0,0,0,0,0,0,0
4504738,5,0,5,0,5,0,0,0,5,0,0,3,2,0,4,5,0,0,0,0,0,0,0,0,1,5,0,0,0,0,0,0,0,0,0,0,0
4516882,33,16,17,0,15,8,1,8,33,0,0,11,15,7,17,12,11,10,0,0,0,0,0,0,0,22,0,9,0,1,0,0,0,1,0,0,4
4517169,4,0,4,0,4,0,0,0,3,1,0,2,2,0,0,4,0,0,0,0,0,0,0,0,4,2,0,0,0,2,0,0,0,0,0,0,0
4518894,4,1,3,0,1,0,0,2,4,0,0,0,4,0,0,4,0,0,0,0,0,0,0,0,0,2,0,0,0,0,0,0,0,2,0,0,0
4519978,10,0,10,0,3,3,0,3,10,0,0,2,7,1,9,10,0,0,0,0,0,0,0,0,0,7,1,2,0,0,0,0,0,0,0,0,2
4522653,21,0,21,0,21,0,0,0,21,0,0,6,5,10,21,21,0,0,0,0,0,0,0,0,0,18,1,2,0,0,0,0,0,0,0,0,0
4525771,15,9,6,0,6,2,1,4,15,0,0,2,8,5,14,0,1,1,10,0,3,0,0,0,1,3,0,9,3,0,0,0,0,0,0,0,0
4533743,2,0,2,0,0,1,0,1,2,0,0,0,0,2,2,2,0,0,0,0,0,0,0,0,0,2,0,0,0,0,0,0,0,0,0,0,1
4534598,19,8,11,0,8,1,0,8,19,0,0,8,6,5,18,7,10,2,0,0,0,0,0,0,4,11,0,6,0,1,0,1,0,0,0,0,0
4538510,1,0,1,0,1,0,0,0,1,0,0,0,0,1,1,0,0,1,0,0,0,0,0,0,0,1,0,0,0,0,0,0,0,0,0,0,0
4542764,4,0,4,0,4,0,0,0,4,0,0,0,3,1,2,2,0,0,0,0,0,0,0,2,0,2,1,0,0,0,0,0,0,0,0,1,2
4544047,1,1,0,0,0,0,0,1,1,0,0,0,0,1,1,1,0,0,0,0,0,0,0,0,1,0,0,0,0,0,0,1,0,0,0,0,0
4547383,10,2,8,0,8,1,0,1,10,0,0,0,9,1,9,10,0,0,0,0,0,0,0,0,0,0,0,7,0,0,0,0,0,3,0,0,0
4556789,8,0,8,0,5,0,0,1,8,0,0,3,2,3,8,8,0,0,0,0,0,0,0,0,0,1,0,0,0,0,3,0,2,2,0,0,0
4558266,4,2,2,0,2,0,0,0,4,0,0,0,2,2,4,4,0,0,0,0,0,0,0,0,0,2,0,1,1,0,0,0,0,0,0,0,4
4559033,8,7,1,0,6,0,1,1,8,0,0,0,6,2,7,4,3,1,0,0,0,0,0,0,0,4,0,3,0,0,0,0,0,0,1,0,0
4566249,20,8,12,0,11,1,3,5,18,2,0,15,3,2,11,10,7,3,0,0,0,0,0,0,0,8,0,9,0,0,0,0,0,3,0,0,2
4574993,8,0,8,0,8,0,0,0,8,0,0,5,2,1,2,8,0,0,0,0,0,0,0,0,0,4,1,0,0,1,0,0,0,2,0,0,0
4576614,8,1,7,0,1,3,0,2,8,0,0,0,6,2,5,3,1,4,0,0,0,0,0,0,0,3,0,4,1,0,0,0,0,0,0,0,0
4578171,11,1,10,0,11,0,0,0,4,7,0,1,7,3,10,11,0,0,0,0,0,0,0,0,0,2,0,5,0,1,0,0,0,3,0,0,2
4590352,6,0,6,0,2,2,0,0,6,0,0,0,3,3,6,1,0,5,0,0,0,0,0,0,0,1,0,1,0,1,0,0,0,3,0,0,0
4590458,21,1,20,0,20,1,0,0,20,1,0,4,13,4,2,21,0,0,0,0,0,0,0,0,1,13,0,6,0,0,0,0,0,2,0,0,1
4594647,10,0,10,0,10,0,0,0,10,0,0,3,3,4,10,10,0,0,0,0,0,0,0,0,0,5,1,4,0,0,0,0,0,0,0,0,0
4596708,8,0,8,0,4,2,0,1,8,0,0,8,0,0,8,8,0,0,0,0,0,0,0,0,0,8,0,0,0,0,0,0,0,0,0,0,8
4600413,3,2,1,0,3,0,0,0,3,0,0,0,2,1,3,3,0,0,0,0,0,0,0,0,0,0,0,3,0,0,0,0,0,0,0,0,0
4603342,4,0,4,0,4,0,0,0,4,0,0,2,1,1,2,4,0,0,0,0,0,0,0,0,1,2,0,1,0,0,1,0,0,0,0,0,0
4608098,3,1,2,0,0,0,0,1,3,0,0,0,2,1,0,3,0,0,0,0,0,0,0,0,0,3,0,0,0,0,0,0,0,0,0,0,0
4608895,1,1,0,0,0,0,0,1,1,0,0,0,1,0,0,0,0,0,0,0,1,0,0,0,0,0,0,1,0,0,0,0,0,0,0,0,0
4612068,6,0,6,0,4,2,0,0,6,0,0,0,5,1,4,6,0,0,0,0,0,0,0,0,1,0,0,2,0,0,0,0,0,4,0,0,2
4619058,4,0,4,0,1,2,0,1,1,3,0,1,3,0,4,4,0,0,0,0,0,0,0,0,0,2,0,0,0,0,0,0,0,2,0,0,0
4619247,7,5,2,0,7,0,0,0,6,1,0,4,2,1,4,7,0,0,0,0,0,0,0,0,0,0,0,1,0,4,2,0,0,0,0,0,0
4621365,11,7,4,0,2,1,0,8,9,0,2,4,5,2,10,6,4,1,0,0,0,0,0,0,0,8,0,1,0,0,0,2,0,0,0,0,0
4634129,8,0,8,0,7,1,0,0,8,0,0,8,0,0,5,8,0,0,0,0,0,0,0,0,2,7,0,0,0,0,0,0,0,1,0,0,0
4636379,10,1,9,0,8,1,0,1,9,1,0,4,3,3,2,10,0,0,0,0,0,0,0,0,0,6,1,1,0,2,0,0,0,0,0,0,0
4638801,2,1,1,0,1,0,0,0,2,0,0,1,0,1,2,1,0,1,0,0,0,0,0,0,0,1,0,1,0,0,0,0,0,0,0,0,0
4641951,3,0,3,0,2,0,0,1,3,0,0,0,2,1,1,2,1,0,0,0,0,0,0,0,0,2,0,1,0,0,0,0,0,0,0,0,1
4645097,4,1,3,0,4,0,0,0,4,0,0,1,2,1,1,4,0,0,0,0,0,0,0,0,0,2,0,1,0,0,0,1,0,0,0,0,0
4648241,5,1,4,0,4,0,0,1,5,0,0,5,0,0,0,5,0,0,0,0,0,0,0,0,1,4,0,1,0,0,0,0,0,0,0,0,0
4655780,2,0,2,0,2,0,0,0,2,0,0,2,0,0,1,2,0,0,0,0,0,0,0,0,1,2,0,0,0,0,0,0,0,0,0,0,0
4657041,4,0,4,0,3,1,0,0,4,0,0,1,3,0,4,4,0,0,0,0,0,0,0,0,0,2,0,2,0,0,0,0,0,0,0,0,0
4661714,11,0,11,0,11,0,0,0,11,0,0,2,3,6,11,3,5,3,0,0,0,0,0,0,2,4,0,3,3,1,0,0,0,0,0,0,2
4665605,17,0,17,0,17,0,0,0,17,0,0,4,11,2,15,17,0,0,0,0,0,0,0,0,5,1,0,2,0,1,1,0,0,12,0,0,0
4669142,4,0,4,0,1,1,0,1,3,1,0,3,0,1,3,4,0,0,0,0,0,0,0,0,0,4,0,0,0,0,0,0,0,0,0,0,0
4669619,7,4,3,0,1,1,0,5,5,0,2,1,5,1,3,4,3,0,0,0,0,0,0,0,0,5,0,2,0,0,0,0,0,0,0,0,1
4680275,8,4,4,0,6,0,0,2,8,0,0,0,3,5,8,0,3,5,0,0,0,0,0,0,0,5,0,3,0,0,0,0,0,0,0,0,0
4681133,5,0,5,0,5,0,0,0,5,0,0,1,3,1,5,5,0,0,0,0,0,0,0,0,0,2,0,2,0,1,0,0,0,0,0,0,0
4687368,7,5,2,0,1,3,0,1,7,0,0,0,6,1,7,0,0,0,7,0,0,0,0,0,0,2,0,3,1,0,0,0,0,1,0,0,1
4687430,11,6,5,0,6,3,1,1,11,0,0,0,6,5,10,1,1,0,8,0,1,0,0,0,0,1,0,10,0,0,0,0,0,0,0,0,0
4687797,4,1,3,0,4,0,0,0,4,0,0,0,1,3,4,4,0,0,0,0,0,0,0,0,0,3,0,1,0,0,0,0,0,0,0,0,0
4694806,29,11,18,0,18,4,1,5,29,0,0,4,12,13,26,14,11,4,0,0,0,0,0,0,20,20,0,8,0,0,0,1,0,0,0,0,1
4695668,1,1,0,0,0,1,0,0,1,0,0,0,1,0,1,1,0,0,0,0,0,0,0,0,0,1,0,0,0,0,0,0,0,0,0,0,0
4695760,5,0,5,0,5,0,0,0,5,0,0,0,3,2,4,5,0,0,0,0,0,0,0,0,4,1,0,2,0,1,0,0,0,1,0,0,0
4696636,5,1,4,0,2,1,1,0,5,0,0,0,4,1,4,5,0,0,0,0,0,0,0,0,0,0,0,0,0,0,0,5,0,0,0,0,5
4699024,2,0,2,0,2,0,0,0,2,0,0,1,1,0,1,2,0,0,0,0,0,0,0,0,0,2,0,0,0,0,0,0,0,0,0,0,0
4699825,4,2,2,0,2,0,0,0,4,0,0,0,2,2,4,2,2,0,0,0,0,0,0,0,4,2,0,2,0,0,0,0,0,0,0,0,0
4700137,4,3,1,0,3,0,0,1,4,0,0,3,0,1,4,4,0,0,0,0,0,0,0,0,0,4,0,0,0,0,0,0,0,0,0,0,4
4701048,4,0,4,0,4,0,0,0,4,0,0,0,3,1,4,4,0,0,0,0,0,0,0,0,0,4,0,0,0,0,0,0,0,0,0,0,0
4708392,5,1,4,0,3,1,0,1,5,0,0,3,2,0,4,5,0,0,0,0,0,0,0,0,3,3,0,0,0,1,0,0,0,0,1,0,2
4711406,9,4,5,0,3,0,1,1,9,0,0,0,2,7,9,0,0,0,5,0,4,0,0,0,9,1,0,6,2,0,0,0,0,0,0,0,1
4713217,3,0,3,0,3,0,0,0,3,0,0,0,3,0,3,3,0,0,0,0,0,0,0,0,0,3,0,0,0,0,0,0,0,0,0,0,0
4736813,2,2,0,0,2,0,0,0,2,0,0,0,2,0,0,0,2,0,0,0,0,0,0,0,0,0,0,2,0,0,0,0,0,0,0,0,0
4746663,4,0,4,0,3,0,0,0,4,0,0,1,2,1,4,2,1,1,0,0,0,0,0,0,2,1,0,2,0,0,0,0,0,1,0,0,2
4746798,11,0,11,0,11,0,0,0,7,4,0,8,3,0,3,11,0,0,0,0,0,0,0,0,0,8,0,0,0,0,0,0,1,2,0,0,0
4768126,13,1,12,0,10,2,0,1,13,0,0,4,9,0,3,4,7,2,0,0,0,0,0,0,3,5,0,7,0,0,0,0,0,1,0,0,0
4771607,21,2,19,0,21,0,0,0,0,21,0,7,10,4,19,9,8,4,0,0,0,0,0,0,13,7,1,8,0,0,4,1,0,0,0,0,0
4776274,12,0,12,0,6,2,0,4,12,0,0,8,4,0,0,12,0,0,0,0,0,0,0,0,0,12,0,0,0,0,0,0,0,0,0,0,0
4783284,16,0,16,0,15,0,0,1,16,0,0,6,7,3,7,16,0,0,0,0,0,0,0,0,0,0,0,4,0,3,2,0,0,7,0,0,2
4785013,17,1,16,0,17,0,0,0,17,0,0,3,12,2,16,17,0,0,0,0,0,0,0,0,17,15,0,1,0,1,0,0,0,0,0,0,0
4789805,13,9,4,0,11,0,0,2,13,0,0,2,8,3,11,6,3,4,0,0,0,0,0,0,0,4,0,9,0,0,0,0,0,0,0,0,0
4791421,1,0,1,0,0,0,0,1,1,0,0,0,1,0,1,1,0,0,0,0,0,0,0,0,0,1,0,0,0,0,0,0,0,0,0,0,1
4792929,8,2,6,0,5,1,1,1,8,0,0,1,3,4,8,2,2,4,0,0,0,0,0,0,0,6,0,1,1,0,0,0,0,0,0,0,1
4795312,7,1,6,0,7,0,0,0,7,0,0,1,3,3,5,7,0,0,0,0,0,0,0,0,1,0,0,3,0,1,1,0,1,1,0,0,0
4797541,10,2,8,0,4,3,0,2,10,0,0,1,6,3,10,10,0,0,0,0,0,0,0,0,9,7,0,3,0,0,0,0,0,0,0,0,0
4800855,15,2,13,0,7,0,3,2,15,0,0,8,5,2,15,15,0,0,0,0,0,0,0,0,15,8,0,7,0,0,0,0,0,0,0,0,0
4804723,7,1,6,0,7,0,0,0,7,0,0,3,4,0,3,2,0,3,0,0,0,0,1,1,6,3,0,0,0,4,0,0,0,0,0,0,3
4806336,9,0,9,0,9,0,0,0,6,3,0,1,6,2,8,8,0,0,0,0,0,0,0,1,0,1,0,0,0,1,1,0,0,6,0,0,7
4812513,6,0,6,0,3,1,0,2,6,0,0,0,4,2,6,6,0,0,0,0,0,0,0,0,1,1,0,4,0,1,0,0,0,0,0,0,0
4813710,8,3,5,0,6,1,0,1,6,2,0,0,8,0,8,8,0,0,0,0,0,0,0,0,7,4,0,2,0,0,0,0,0,2,0,0,2
4819583,13,6,7,0,5,0,0,2,13,0,0,1,9,3,12,5,7,1,0,0,0,0,0,0,0,6,0,5,0,0,0,0,0,2,0,0,0
4825061,12,0,12,0,12,0,0,0,12,0,0,9,3,0,3,12,0,0,0,0,0,0,0,0,1,12,0,0,0,0,0,0,0,0,0,0,1
4825356,3,0,3,0,1,1,0,1,3,0,0,3,0,0,1,3,0,0,0,0,0,0,0,0,0,3,0,0,0,0,0,0,0,0,0,0,0
4835190,22,0,22,0,22,0,0,0,18,4,0,4,11,7,20,22,0,0,0,0,0,0,0,0,0,5,0,0,0,0,0,0,0,17,0,0,0
4835201,5,0,5,0,4,1,0,0,0,5,0,0,4,1,5,1,0,3,0,0,0,0,1,0,1,0,0,2,0,3,0,0,0,0,0,0,0
4838186,4,1,3,0,4,0,0,0,4,0,0,2,2,0,4,2,2,0,0,0,0,0,0,0,0,3,0,1,0,0,0,0,0,0,0,0,1
4838360,6,0,6,0,6,0,0,0,6,0,0,5,1,0,6,5,0,1,0,0,0,0,0,0,5,1,0,0,0,0,0,0,0,5,0,0,0
4844161,5,0,5,0,0,2,0,2,5,0,0,0,3,2,2,2,2,1,0,0,0,0,0,0,0,3,0,2,0,0,0,0,0,0,0,0,1
4844887,3,0,3,0,3,0,0,0,3,0,0,3,0,0,0,1,0,2,0,0,0,0,0,0,0,3,0,0,0,0,0,0,0,0,0,0,0
4848646,4,0,4,0,2,2,0,0,4,0,0,3,0,1,4,4,0,0,0,0,0,0,0,0,0,4,0,0,0,0,0,0,0,0,0,0,0
4863414,8,3,5,0,2,1,1,3,8,0,0,0,2,6,8,8,0,0,0,0,0,0,0,0,0,7,0,1,0,0,0,0,0,0,0,0,0
4874386,3,0,3,0,2,0,0,1,3,0,0,1,0,2,3,3,0,0,0,0,0,0,0,0,0,2,0,0,0,0,0,0,0,1,0,0,0
4875469,21,0,21,0,18,0,0,3,21,0,0,0,9,12,20,21,0,0,0,0,0,0,0,0,0,10,0,6,0,1,0,0,0,4,0,0,0
4876993,7,5,2,0,2,2,0,1,7,0,0,0,4,3,5,0,0,0,7,0,0,0,0,0,0,0,0,7,0,0,0,0,0,0,0,0,1
4879991,15,0,15,0,15,0,0,0,15,0,0,0,11,4,15,15,0,0,0,0,0,0,0,0,0,8,0,0,0,0,0,0,0,7,0,0,0
4880549,4,1,3,0,2,1,0,1,4,0,0,0,2,2,4,4,0,0,0,0,0,0,0,0,0,3,0,1,0,0,0,0,0,0,0,0,0
4880762,20,14,6,0,6,3,3,5,20,0,0,12,5,3,20,10,8,2,0,0,0,0,0,0,1,13,0,5,0,0,0,2,0,0,0,0,1
4886470,2,0,2,0,1,0,1,0,2,0,0,0,1,1,1,0,1,1,0,0,0,0,0,0,0,0,0,1,0,0,0,0,0,1,0,0,0
4888788,10,2,8,0,2,3,0,4,10,0,0,2,4,4,6,5,2,0,3,0,0,0,0,0,1,5,0,5,0,0,0,0,0,0,0,0,0
4889063,2,2,0,0,2,0,0,0,2,0,0,0,1,1,0,0,2,0,0,0,0,0,0,0,0,0,0,2,0,0,0,0,0,0,0,0,0
4890826,6,0,6,0,6,0,0,0,6,0,0,3,1,2,5,6,0,0,0,0,0,0,0,0,0,0,0,0,0,1,4,0,0,1,0,0,0
4903076,5,0,5,0,2,1,1,1,5,0,0,5,0,0,4,5,0,0,0,0,0,0,0,0,0,5,0,0,0,0,0,0,0,0,0,0,1
4906153,6,4,2,0,2,0,0,4,6,0,0,2,4,0,1,4,2,0,0,0,0,0,0,0,3,4,0,2,0,0,0,0,0,0,0,0,0
4911054,7,5,2,0,1,3,1,1,7,0,0,1,3,3,7,5,1,1,0,0,0,0,0,0,0,5,1,1,0,0,0,0,0,0,0,0,0
4911538,5,1,4,0,1,1,1,1,5,0,0,2,1,2,5,2,1,2,0,0,0,0,0,0,0,2,1,1,0,0,0,1,0,0,0,0,3
4911838,1,0,1,0,0,0,0,1,1,0,0,0,1,0,0,1,0,0,0,0,0,0,0,0,0,1,0,0,0,0,0,0,0,0,0,0,0
4911903,3,2,1,0,3,0,0,0,3,0,0,0,3,0,3,3,0,0,0,0,0,0,0,0,0,2,0,0,0,0,0,0,0,1,0,0,0
4912444,5,0,5,0,5,0,0,0,5,0,0,2,3,0,2,4,1,0,0,0,0,0,0,0,0,0,0,5,0,0,0,0,0,0,0,0,0
4912460,9,0,9,0,4,4,0,1,8,1,0,5,4,0,9,4,0,1,1,0,1,0,0,2,1,2,0,0,0,0,0,6,0,0,1,0,9
4912561,5,1,4,0,2,1,0,2,5,0,0,5,0,0,5,5,0,0,0,0,0,0,0,0,0,5,0,0,0,0,0,0,0,0,0,0,0
4914021,3,2,1,0,1,1,0,1,3,0,0,0,1,2,3,0,0,0,3,0,0,0,0,0,0,0,0,3,0,0,0,0,0,0,0,0,0
4917164,25,8,17,0,19,1,1,3,25,0,0,0,14,11,6,3,1,1,13,0,7,0,0,0,2,3,0,19,2,0,0,0,1,0,0,0,1
4917759,14,6,8,0,7,3,0,3,14,0,0,3,9,2,13,6,3,1,4,0,0,0,0,0,11,11,0,3,0,0,0,0,0,0,0,0,1
4934456,13,5,8,0,5,3,1,4,13,0,0,4,5,4,13,10,1,2,0,0,0,0,0,0,0,9,0,2,1,0,0,0,0,1,0,0,12
4944223,6,2,4,0,4,1,0,1,6,0,0,0,1,5,6,0,0,0,6,0,0,0,0,0,0,1,0,5,0,0,0,0,0,0,0,0,0
4949821,10,1,9,0,9,1,0,0,10,0,0,3,3,4,10,7,3,0,0,0,0,0,0,0,0,4,0,6,0,0,0,0,0,0,0,0,0
4951673,8,3,5,0,8,0,0,0,8,0,0,1,7,0,7,8,0,0,0,0,0,0,0,0,0,7,0,1,0,0,0,0,0,0,0,0,0
4952946,5,2,3,0,1,0,1,2,5,0,0,2,1,2,2,3,0,2,0,0,0,0,0,0,0,2,2,1,0,0,0,0,0,0,0,0,0
4955291,16,1,15,0,13,2,0,1,6,10,0,3,6,7,16,16,0,0,0,0,0,0,0,0,5,2,0,3,0,2,2,0,0,3,0,4,6
4955772,15,0,15,0,15,0,0,0,15,0,0,14,1,0,2,15,0,0,0,0,0,0,0,0,0,10,0,1,0,0,0,4,0,0,0,0,0
4957521,2,0,2,0,1,1,0,0,2,0,0,0,2,0,2,2,0,0,0,0,0,0,0,0,0,2,0,0,0,0,0,0,0,0,0,0,0
4963734,9,3,6,0,2,1,3,2,9,0,0,2,4,3,9,4,1,4,0,0,0,0,0,0,0,4,0,5,0,0,0,0,0,0,0,0,2
4965794,31,2,29,0,28,2,0,1,24,7,0,7,16,8,8,15,4,2,0,0,0,0,7,3,23,0,0,9,0,19,0,0,0,2,0,1,0
4967225,4,0,4,0,4,0,0,0,4,0,0,3,1,0,2,4,0,0,0,0,0,0,0,0,4,3,0,1,0,0,0,0,0,0,0,0,0
4971526,8,5,3,0,3,1,0,1,8,0,0,1,6,1,1,5,3,0,0,0,0,0,0,0,0,4,0,3,1,0,0,0,0,0,0,0,0
4972204,4,0,4,0,3,1,0,0,4,0,0,0,0,4,4,4,0,0,0,0,0,0,0,0,4,4,0,0,0,0,0,0,0,0,0,0,0
4975524,1,0,1,0,1,0,0,0,1,0,0,0,0,1,1,1,0,0,0,0,0,0,0,0,0,0,0,0,0,0,0,0,0,1,0,0,0
4976362,5,0,5,0,5,0,0,0,5,0,0,1,2,2,5,5,0,0,0,0,0,0,0,0,0,0,0,1,0,0,0,0,0,4,0,0,0
4979138,4,0,4,0,4,0,0,0,4,0,0,0,2,2,1,4,0,0,0,0,0,0,0,0,0,2,0,1,0,0,0,0,0,1,0,0,0
4982250,7,3,4,0,1,1,0,2,7,0,0,0,4,3,5,6,1,0,0,0,0,0,0,0,0,4,0,3,0,0,0,0,0,0,0,0,0
4989743,2,0,2,0,0,0,0,1,2,0,0,0,2,0,2,1,0,1,0,0,0,0,0,0,0,2,0,0,0,0,0,0,0,0,0,0,0
4993236,6,1,5,0,4,1,0,0,6,0,0,0,5,1,6,0,0,0,6,0,0,0,0,0,0,1,0,5,0,0,0,0,0,0,0,0,0
4993597,18,8,10,0,7,2,2,5,18,0,0,1,10,7,16,9,5,4,0,0,0,0,0,0,0,12,0,5,1,0,0,0,0,0,0,0,0
4999066,8,5,3,0,1,3,0,2,7,1,0,3,4,1,8,2,1,5,0,0,0,0,0,0,0,6,0,1,1,0,0,0,0,0,0,0,0
4999266,8,6,2,0,5,2,0,1,8,0,0,0,6,2,2,1,0,7,0,0,0,0,0,0,0,5,0,2,0,0,0,0,0,0,1,0,0
5000066,10,7,3,0,10,0,0,0,10,0,0,10,0,0,6,10,0,0,0,0,0,0,0,0,0,9,0,0,0,0,0,0,0,1,0,0,0
5004676,6,3,3,0,6,0,0,0,6,0,0,5,1,0,6,5,1,0,0,0,0,0,0,0,0,6,0,0,0,0,0,0,0,0,0,0,0
5007077,9,2,7,0,4,2,0,3,9,0,0,4,5,0,9,9,0,0,0,0,0,0,0,0,0,9,0,0,0,0,0,0,0,0,0,0,1
5010032,2,0,2,0,2,0,0,0,2,0,0,0,1,1,2,0,0,0,2,0,0,0,0,0,0,0,0,2,0,0,0,0,0,0,0,0,0
5010334,9,2,7,0,8,0,0,1,9,0,0,3,5,1,9,9,0,0,0,0,0,0,0,0,4,7,0,2,0,0,0,0,0,0,0,0,0
5012430,4,0,4,0,4,0,0,0,3,1,0,1,3,0,2,4,0,0,0,0,0,0,0,0,0,3,0,0,0,1,0,0,0,0,0,0,0
5015478,2,0,2,0,1,1,0,0,2,0,0,0,1,1,2,2,0,0,0,0,0,0,0,0,0,0,0,1,0,0,0,0,0,1,0,0,0
5017291,4,1,3,0,4,0,0,0,1,3,0,0,4,0,3,4,0,0,0,0,0,0,0,0,1,1,0,0,0,0,3,0,0,0,0,0,0
5018711,15,1,14,0,15,0,0,0,15,0,0,8,7,0,14,15,0,0,0,0,0,0,0,0,15,15,0,0,0,0,0,0,0,0,0,0,15
5030047,3,0,3,0,3,0,0,0,3,0,0,1,1,1,3,3,0,0,0,0,0,0,0,0,0,3,0,0,0,0,0,0,0,0,0,0,0
5031465,4,0,4,0,3,0,0,1,2,2,0,1,3,0,3,4,0,0,0,0,0,0,0,0,0,1,0,1,0,2,0,0,0,0,0,0,0
5031580,1,1,0,0,0,0,0,0,1,0,0,0,1,0,1,0,0,1,0,0,0,0,0,0,0,1,0,0,0,0,0,0,0,0,0,0,0
5036419,1,0,1,0,0,1,0,0,1,0,0,1,0,0,1,1,0,0,0,0,0,0,0,0,0,1,0,0,0,0,0,0,0,0,0,0,0
5053644,14,8,6,0,7,3,0,4,14,0,0,1,10,3,9,0,1,1,6,0,6,0,0,0,1,1,0,12,1,0,0,0,0,0,0,0,0
5073109,17,0,17,0,12,4,0,0,17,0,0,10,6,1,6,17,0,0,0,0,0,0,0,0,0,16,0,1,0,0,0,0,0,0,0,0,0
5074780,12,0,12,0,12,0,0,0,12,0,0,11,1,0,12,12,0,0,0,0,0,0,0,0,0,10,0,1,0,1,0,0,0,0,0,0,0
5081328,5,0,5,0,5,0,0,0,5,0,0,4,1,0,0,5,0,0,0,0,0,0,0,0,0,5,0,0,0,0,0,0,0,0,0,0,0
5083554,23,6,17,0,15,2,0,5,23,0,0,1,15,7,22,11,11,1,0,0,0,0,0,0,1,12,0,4,2,2,0,0,1,2,0,0,0
5088039,7,1,6,0,5,2,0,0,1,2,4,1,1,5,5,3,3,1,0,0,0,0,0,0,0,2,0,4,0,0,0,0,1,0,0,0,0
5099408,7,3,4,0,6,0,0,1,7,0,0,0,6,1,7,7,0,0,0,0,0,0,0,0,0,6,0,1,0,0,0,0,0,0,0,0,7
5109253,16,0,16,0,16,0,0,0,16,0,0,16,0,0,16,16,0,0,0,0,0,0,0,0,0,15,1,0,0,0,0,0,0,0,0,0,0
5114116,7,4,3,0,3,0,1,1,7,0,0,3,3,1,7,4,2,1,0,0,0,0,0,0,2,6,0,0,0,0,0,0,0,1,0,0,0
5114448,4,2,2,0,3,0,1,0,4,0,0,0,2,2,4,0,0,0,4,0,0,0,0,0,0,0,0,4,0,0,0,0,0,0,0,0,0
5115691,3,0,3,0,3,0,0,0,3,0,0,3,0,0,0,3,0,0,0,0,0,0,0,0,0,3,0,0,0,0,0,0,0,0,0,0,0
5120037,4,0,4,0,2,2,0,0,4,0,0,1,2,1,3,4,0,0,0,0,0,0,0,0,0,3,0,1,0,0,0,0,0,0,0,0,1
5121990,15,0,15,0,8,2,0,4,15,0,0,5,7,3,14,15,0,0,0,0,0,0,0,0,0,15,0,0,0,0,0,0,0,0,0,0,1
5132492,6,2,4,0,6,0,0,0,6,0,0,1,4,1,6,6,0,0,0,0,0,0,0,0,0,2,0,2,0,1,0,0,1,0,0,0,0
5133471,14,0,14,0,14,0,0,0,14,0,0,2,11,1,6,14,0,0,0,0,0,0,0,0,7,1,0,2,0,7,3,0,0,1,0,0,0
5137860,8,0,8,0,8,0,0,0,8,0,0,2,5,1,7,7,1,0,0,0,0,0,0,0,4,1,0,1,0,1,5,0,0,0,0,0,2
5139320,3,1,2,0,1,0,1,0,3,0,0,0,1,2,3,3,0,0,0,0,0,0,0,0,0,1,0,1,1,0,0,0,0,0,0,0,0
5141009,8,0,8,0,8,0,0,0,8,0,0,6,2,0,7,8,0,0,0,0,0,0,0,0,3,6,0,2,0,0,0,0,0,0,0,0,0
5154214,1,0,1,0,0,0,0,0,1,0,0,0,0,1,1,0,0,1,0,0,0,0,0,0,0,1,0,0,0,0,0,0,0,0,0,0,0
5154588,1,0,1,0,0,0,1,0,1,0,0,1,0,0,1,1,0,0,0,0,0,0,0,0,0,1,0,0,0,0,0,0,0,0,0,0,0
5157060,7,5,2,0,3,1,0,3,7,0,0,0,3,4,7,0,0,0,0,0,7,0,0,0,0,0,0,7,0,0,0,0,0,0,0,0,0
5161438,8,7,1,0,1,1,3,1,8,0,0,2,4,2,6,2,0,6,0,0,0,0,0,0,1,5,0,0,0,0,0,0,0,0,3,0,2
5162825,12,4,8,0,3,3,0,6,12,0,0,1,10,1,12,12,0,0,0,0,0,0,0,0,0,10,0,1,0,0,0,0,0,1,0,0,1
5169807,2,1,1,0,1,0,0,0,2,0,0,1,0,1,2,2,0,0,0,0,0,0,0,0,1,2,0,0,0,0,0,0,0,0,0,0,0
5176224,3,2,1,0,2,1,0,0,3,0,0,0,2,1,3,0,0,0,3,0,0,0,0,0,2,0,0,2,0,0,0,0,0,1,0,0,0
5187936,11,0,11,0,8,2,0,1,0,11,0,2,6,3,6,5,2,1,0,0,0,0,3,0,1,3,0,5,0,1,1,0,0,1,0,0,0
5189028,14,6,8,0,8,1,0,3,14,0,0,3,6,5,6,1,2,11,0,0,0,0,0,0,0,8,0,5,1,0,0,0,0,0,0,0,2
5196849,5,1,4,0,4,0,1,0,5,0,0,2,1,2,4,3,2,0,0,0,0,0,0,0,0,3,0,2,0,0,0,0,0,0,0,0,0
5208376,4,1,3,0,3,0,1,0,4,0,0,0,2,2,4,1,3,0,0,0,0,0,0,0,0,1,0,3,0,0,0,0,0,0,0,0,0
5216748,9,0,9,0,3,3,0,3,0,9,0,3,6,0,0,9,0,0,0,0,0,0,0,0,0,9,0,0,0,0,0,0,0,0,0,0,0
5221315,2,0,2,0,1,0,0,1,2,0,0,0,1,1,1,2,0,0,0,0,0,0,0,0,0,2,0,0,0,0,0,0,0,0,0,0,0
5222831,15,0,15,0,15,0,0,0,15,0,0,6,3,6,15,3,3,3,0,0,0,0,4,2,15,0,2,8,1,3,0,0,0,1,0,0,0
5224816,11,0,11,0,11,0,0,0,11,0,0,2,7,2,4,6,4,1,0,0,0,0,0,0,0,0,0,4,0,4,0,0,1,2,0,0,1
5224849,5,2,3,0,4,1,0,0,4,0,1,1,1,3,4,3,1,1,0,0,0,0,0,0,0,1,1,1,0,2,0,0,0,0,0,0,0
5229120,3,2,1,0,1,1,1,0,3,0,0,0,3,0,3,0,0,0,3,0,0,0,0,0,0,0,0,2,0,0,0,1,0,0,0,0,0
5230730,10,4,6,0,7,0,0,1,9,1,0,2,7,1,5,6,3,1,0,0,0,0,0,0,0,6,0,3,0,0,0,0,0,1,0,0,1
5239884,5,1,4,0,2,0,1,2,5,0,0,0,2,3,5,2,3,0,0,0,0,0,0,0,5,3,0,2,0,0,0,0,0,0,0,0,0
5241021,19,0,19,0,19,0,0,0,13,6,0,2,16,1,18,19,0,0,0,0,0,0,0,0,1,4,0,12,0,0,0,0,0,3,0,0,0
5248166,2,0,2,0,1,0,0,1,2,0,0,1,0,1,2,1,0,1,0,0,0,0,0,0,1,1,0,1,0,0,0,0,0,0,0,0,0
5252724,11,4,7,0,9,1,0,0,11,0,0,3,6,2,10,5,6,0,0,0,0,0,0,0,0,6,0,4,0,0,0,1,0,0,0,0,7
5255963,26,14,12,0,14,0,0,7,26,0,0,14,11,1,22,26,0,0,0,0,0,0,0,0,0,25,0,0,0,0,0,0,0,1,0,0,3
5257253,8,1,7,0,4,1,0,2,8,0,0,1,4,3,8,8,0,0,0,0,0,0,0,0,2,7,0,1,0,0,0,0,0,0,0,0,4
5265373,13,0,13,0,12,1,0,0,13,0,0,13,0,0,13,13,0,0,0,0,0,0,0,0,2,0,0,0,0,0,0,0,0,13,0,0,0
5272181,9,0,9,0,7,1,1,0,8,1,0,6,3,0,8,9,0,0,0,0,0,0,0,0,0,7,0,0,0,1,0,0,0,1,0,0,0
5278522,6,0,6,0,6,0,0,0,6,0,0,4,2,0,5,6,0,0,0,0,0,0,0,0,0,2,1,0,0,0,0,0,0,3,0,0,0
5280871,2,0,2,0,2,0,0,0,2,0,0,0,0,2,2,2,0,0,0,0,0,0,0,0,0,2,0,0,0,0,0,0,0,0,0,0,0
5281054,12,1,11,0,10,2,0,0,12,0,0,5,1,6,12,12,0,0,0,0,0,0,0,0,0,10,0,1,1,0,0,0,0,0,0,0,0
5281571,3,2,1,0,0,1,1,1,3,0,0,0,3,0,3,2,1,0,0,0,0,0,0,0,0,3,0,0,0,0,0,0,0,0,0,0,0
5284116,2,1,1,0,2,0,0,0,2,0,0,1,1,0,1,2,0,0,0,0,0,0,0,0,0,1,0,0,0,1,0,0,0,0,0,0,0
5287264,9,3,6,0,7,0,0,2,9,0,0,0,7,2,8,0,0,0,9,0,0,0,0,0,0,0,0,9,0,0,0,0,0,0,0,0,0
5298783,6,1,5,0,5,0,0,0,6,0,0,4,2,0,6,5,0,1,0,0,0,0,0,0,1,6,0,0,0,0,0,0,0,0,0,0,0
5299912,11,1,10,0,11,0,0,0,11,0,0,3,8,0,4,11,0,0,0,0,0,0,0,0,1,4,0,0,0,0,0,0,0,7,0,0,2
5301054,23,13,10,0,3,8,0,12,23,0,0,2,16,5,23,12,8,3,0,0,0,0,0,0,0,15,1,4,1,2,0,0,0,0,0,0,0
5308213,7,0,7,0,1,1,2,1,7,0,0,1,4,2,7,7,0,0,0,0,0,0,0,0,0,7,0,0,0,0,0,0,0,0,0,0,1
5314930,13,0,13,0,13,0,0,0,13,0,0,3,9,1,9,13,0,0,0,0,0,0,0,0,0,0,1,4,0,1,5,0,0,2,0,0,0
5315642,11,5,6,0,5,3,0,2,10,1,0,3,5,3,11,6,4,1,0,0,0,0,0,0,0,6,0,2,0,0,0,2,0,1,0,0,0
5316191,4,0,4,0,4,0,0,0,4,0,0,0,2,2,4,4,0,0,0,0,0,0,0,0,0,0,0,3,0,0,0,0,0,1,0,0,0
5317050,5,3,2,0,3,0,0,2,4,0,1,1,3,1,4,5,0,0,0,0,0,0,0,0,0,5,0,0,0,0,0,0,0,0,0,0,0
5322888,1,0,1,0,0,1,0,0,1,0,0,1,0,0,1,1,0,0,0,0,0,0,0,0,1,1,0,0,0,0,0,0,0,0,0,0,0
5323403,8,0,8,0,8,0,0,0,8,0,0,8,0,0,4,8,0,0,0,0,0,0,0,0,0,8,0,0,0,0,0,0,0,0,0,0,0
5323742,5,0,5,0,2,1,0,2,5,0,0,3,2,0,1,5,0,0,0,0,0,0,0,0,0,4,1,0,0,0,0,0,0,0,0,0,0
5325672,30,15,15,0,22,0,0,5,30,0,0,13,14,3,30,8,21,1,0,0,0,0,0,0,0,22,0,6,0,2,0,0,0,0,0,0,0
5325980,12,0,12,0,12,0,0,0,12,0,0,3,8,1,8,12,0,0,0,0,0,0,0,0,0,10,0,1,0,0,0,0,0,1,0,0,0
5327849,5,1,4,0,0,4,0,1,5,0,0,3,2,0,4,5,0,0,0,0,0,0,0,0,0,5,0,0,0,0,0,0,0,0,0,0,0
5333814,4,0,4,0,1,0,0,3,4,0,0,2,0,2,4,2,2,0,0,0,0,0,0,0,2,1,0,1,1,0,0,0,0,1,0,0,1
5341598,2,1,1,0,2,0,0,0,2,0,0,1,1,0,2,2,0,0,0,0,0,0,0,0,2,0,0,2,0,0,0,0,0,0,0,0,0
5345467,2,1,1,0,2,0,0,0,2,0,0,2,0,0,1,0,0,2,0,0,0,0,0,0,1,2,0,0,0,0,0,0,0,0,0,0,1
5350349,12,0,12,0,10,2,0,0,12,0,0,1,7,4,12,12,0,0,0,0,0,0,0,0,2,1,0,3,0,1,0,0,0,7,0,0,0
5363710,4,0,4,0,1,1,0,2,4,0,0,1,1,2,4,4,0,0,0,0,0,0,0,0,4,0,0,1,0,0,0,3,0,0,0,0,4
5364625,9,5,4,0,8,0,0,0,9,0,0,4,5,0,8,5,3,1,0,0,0,0,0,0,2,5,0,4,0,0,0,0,0,0,0,0,0
5368679,7,2,5,0,2,1,0,4,7,0,0,1,4,2,7,0,1,0,2,0,4,0,0,0,5,1,0,6,0,0,0,0,0,0,0,0,1
5369754,8,0,8,0,8,0,0,0,8,0,0,0,2,6,8,8,0,0,0,0,0,0,0,0,4,8,0,0,0,0,0,0,0,0,0,0,1
5372449,4,0,4,0,3,1,0,0,4,0,0,1,1,2,4,4,0,0,0,0,0,0,0,0,0,1,0,0,0,2,0,0,0,1,0,0,0
5374693,6,0,6,0,6,0,0,0,6,0,0,3,1,2,5,6,0,0,0,0,0,0,0,0,0,1,0,3,0,1,0,1,0,0,0,0,0
5374697,46,6,40,0,43,2,0,1,46,0,0,9,22,15,40,46,0,0,0,0,0,0,0,0,0,25,0,17,1,0,0,2,0,1,0,0,0
5375106,6,4,2,0,6,0,0,0,6,0,0,0,3,3,6,6,0,0,0,0,0,0,0,0,0,1,0,5,0,0,0,0,0,0,0,0,0
5377917,36,12,24,0,13,11,0,10,24,10,2,3,25,8,35,6,7,13,10,0,0,0,0,0,1,18,1,14,0,0,0,2,0,1,0,0,0
5382913,8,2,6,0,7,0,0,1,8,0,0,3,4,1,4,5,3,0,0,0,0,0,0,0,8,6,0,2,0,0,0,0,0,0,0,0,1
5386622,11,6,5,0,7,2,0,1,11,0,0,1,8,2,3,3,4,4,0,0,0,0,0,0,0,3,0,6,0,0,0,2,0,0,0,0,0
5394863,7,1,6,0,7,0,0,0,6,0,1,1,6,0,7,7,0,0,0,0,0,0,0,0,7,4,0,2,0,1,0,0,0,0,0,0,0
5397210,18,13,5,0,3,3,3,9,18,0,0,8,9,1,15,9,8,1,0,0,0,0,0,0,0,18,0,0,0,0,0,0,0,0,0,0,2
5403382,8,0,8,0,8,0,0,0,8,0,0,2,4,2,8,7,0,0,0,0,0,0,1,0,8,0,0,1,0,4,3,0,0,0,0,0,3
5408008,10,6,4,0,6,0,1,1,10,0,0,4,4,2,4,1,5,4,0,0,0,0,0,0,0,5,0,4,0,0,0,1,0,0,0,0,1
5424657,8,3,5,0,1,1,0,3,8,0,0,1,2,5,8,0,0,0,8,0,0,0,0,0,0,0,0,6,2,0,0,0,0,0,0,0,0
5425456,4,0,4,0,3,0,0,0,4,0,0,1,0,3,4,4,0,0,0,0,0,0,0,0,0,3,0,0,0,0,0,0,0,1,0,0,0
5426191,4,0,4,0,1,2,0,1,4,0,0,1,3,0,0,4,0,0,0,0,0,0,0,0,0,4,0,0,0,0,0,0,0,0,0,0,0
5428887,10,2,8,0,7,0,0,3,10,0,0,7,3,0,8,7,2,1,0,0,0,0,0,0,0,8,0,2,0,0,0,0,0,0,0,0,0
5434572,7,1,6,0,1,2,0,2,7,0,0,2,3,2,6,2,3,2,0,0,0,0,0,0,0,3,0,2,0,2,0,0,0,0,0,0,2
5440165,9,3,6,0,9,0,0,0,9,0,0,3,3,3,4,3,3,3,0,0,0,0,0,0,0,3,0,5,1,0,0,0,0,0,0,0,0
5442927,1,0,1,0,0,1,0,0,1,0,0,0,1,0,1,0,1,0,0,0,0,0,0,0,0,1,0,0,0,0,0,0,0,0,0,0,0
5443134,2,1,1,0,1,0,0,1,2,0,0,2,0,0,0,1,1,0,0,0,0,0,0,0,0,2,0,0,0,0,0,0,0,0,0,0,0
5444488,2,0,2,0,2,0,0,0,2,0,0,0,1,1,2,2,0,0,0,0,0,0,0,0,0,2,0,0,0,0,0,0,0,0,0,0,0
5445671,9,0,9,0,5,0,0,1,9,0,0,1,4,4,0,9,0,0,0,0,0,0,0,0,0,0,0,0,0,3,0,6,0,0,0,0,8
5446262,17,7,10,0,6,3,1,5,17,0,0,4,7,6,5,8,6,3,0,0,0,0,0,0,3,9,0,5,0,0,0,2,0,0,1,0,0
5449549,18,1,17,0,17,0,0,0,17,0,1,9,7,2,18,8,5,5,0,0,0,0,0,0,0,0,0,3,1,3,0,11,0,0,0,0,18
5455818,2,0,2,0,2,0,0,0,2,0,0,2,0,0,1,2,0,0,0,0,0,0,0,0,0,1,0,0,0,1,0,0,0,0,0,0,0
5456614,3,1,2,0,1,1,0,0,3,0,0,0,1,2,3,0,0,0,3,0,0,0,0,0,0,0,0,2,1,0,0,0,0,0,0,0,0
5460239,9,0,9,0,9,0,0,0,9,0,0,2,7,0,9,1,6,2,0,0,0,0,0,0,9,0,0,3,0,6,0,0,0,0,0,0,5
5464988,4,1,3,0,4,0,0,0,4,0,0,3,1,0,4,4,0,0,0,0,0,0,0,0,1,4,0,0,0,0,0,0,0,0,0,0,0
5469889,7,1,6,0,7,0,0,0,7,0,0,0,4,3,6,7,0,0,0,0,0,0,0,0,4,3,0,4,0,0,0,0,0,0,0,0,4
5476079,3,1,2,0,1,1,0,0,3,0,0,0,2,1,3,0,0,0,3,0,0,0,0,0,0,0,0,3,0,0,0,0,0,0,0,0,0
5483076,4,2,2,0,3,0,0,1,4,0,0,1,2,1,3,4,0,0,0,0,0,0,0,0,0,2,0,1,0,0,0,0,0,1,0,0,0
5484113,13,2,11,0,11,0,0,1,13,0,0,3,9,1,12,9,2,2,0,0,0,0,0,0,0,8,0,3,0,1,0,1,0,0,0,0,0
5485063,10,0,10,0,10,0,0,0,7,3,0,2,8,0,8,8,0,0,0,0,0,0,0,2,0,3,0,0,0,2,0,0,0,5,0,0,0
5494776,2,2,0,0,0,1,0,1,2,0,0,1,0,1,2,1,0,0,0,0,0,0,0,1,0,1,0,0,0,0,0,0,0,1,0,0,1
5496613,8,0,8,0,8,0,0,0,8,0,0,1,5,2,2,8,0,0,0,0,0,0,0,0,1,6,0,0,0,0,0,0,0,2,0,0,0
5497990,4,0,4,0,4,0,0,0,4,0,0,1,3,0,4,4,0,0,0,0,0,0,0,0,0,2,0,2,0,0,0,0,0,0,0,0,0
5500194,1,0,1,0,0,0,0,1,1,0,0,1,0,0,1,1,0,0,0,0,0,0,0,0,0,1,0,0,0,0,0,0,0,0,0,0,0
5500210,9,0,9,0,9,0,0,0,9,0,0,9,0,0,9,9,0,0,0,0,0,0,0,0,0,9,0,0,0,0,0,0,0,0,0,0,0
5509925,2,0,2,0,1,1,0,0,2,0,0,0,1,1,2,2,0,0,0,0,0,0,0,0,0,1,0,0,0,0,0,1,0,0,0,0,0
5520500,11,5,6,0,0,6,3,2,9,2,0,2,6,3,11,6,5,0,0,0,0,0,0,0,1,5,0,5,1,0,0,0,0,0,0,0,8
5521942,4,0,4,0,3,0,0,1,4,0,0,3,0,1,2,2,1,1,0,0,0,0,0,0,0,3,0,1,0,0,0,0,0,0,0,0,1
5524663,4,2,2,0,1,1,0,1,4,0,0,1,2,1,3,4,0,0,0,0,0,0,0,0,0,3,0,0,0,0,0,0,0,1,0,0,0
5524785,12,8,4,0,6,3,0,3,12,0,0,2,5,5,10,0,2,0,10,0,0,0,0,0,0,2,0,9,1,0,0,0,0,0,0,0,1
5533360,14,6,8,0,8,1,1,4,14,0,0,1,6,7,14,5,5,4,0,0,0,0,0,0,0,6,0,5,0,1,2,0,0,0,0,0,0
5537003,12,0,12,0,12,0,0,0,9,3,0,2,6,4,6,12,0,0,0,0,0,0,0,0,0,4,0,3,0,0,0,0,0,5,0,0,0
5537584,4,1,3,0,1,3,0,0,4,0,0,1,2,1,4,4,0,0,0,0,0,0,0,0,0,3,0,1,0,0,0,0,0,0,0,0,0
5538044,2,1,1,0,0,2,0,0,2,0,0,0,2,0,2,0,0,0,2,0,0,0,0,0,0,0,0,2,0,0,0,0,0,0,0,0,0
5540340,17,0,17,0,15,0,0,2,11,6,0,5,8,4,7,17,0,0,0,0,0,0,0,0,0,12,0,0,0,1,0,0,0,4,0,0,0
5546833,3,2,1,0,3,0,0,0,3,0,0,0,3,0,2,0,0,0,3,0,0,0,0,0,0,0,0,3,0,0,0,0,0,0,0,0,0
5547109,8,1,7,0,7,0,0,1,2,5,1,5,3,0,2,8,0,0,0,0,0,0,0,0,0,4,0,0,0,0,3,0,0,1,0,0,1
5547333,3,0,3,0,2,0,0,1,3,0,0,3,0,0,3,3,0,0,0,0,0,0,0,0,0,3,0,0,0,0,0,0,0,0,0,0,0
5554195,8,2,6,0,5,0,1,0,8,0,0,0,0,8,8,8,0,0,0,0,0,0,0,0,0,3,0,3,0,0,0,2,0,0,0,0,8
5567634,14,1,13,0,14,0,0,0,5,9,0,5,9,0,4,14,0,0,0,0,0,0,0,0,5,7,0,1,0,1,3,0,1,1,0,0,0
5577286,18,1,17,0,17,0,0,1,18,0,0,4,11,3,18,18,0,0,0,0,0,0,0,0,0,8,1,2,0,0,0,0,1,6,0,0,0
5578120,10,0,10,0,9,0,0,1,1,9,0,9,1,0,0,10,0,0,0,0,0,0,0,0,2,10,0,0,0,0,0,0,0,0,0,0,0
5582044,12,0,12,0,12,0,0,0,10,2,0,1,9,2,11,12,0,0,0,0,0,0,0,0,0,10,0,2,0,0,0,0,0,0,0,0,0
5588215,7,1,6,0,5,0,1,1,7,0,0,2,4,1,5,5,2,0,0,0,0,0,0,0,0,6,0,1,0,0,0,0,0,0,0,0,0
5590531,4,0,4,0,3,1,0,0,4,0,0,0,3,1,4,4,0,0,0,0,0,0,0,0,0,3,0,0,1,0,0,0,0,0,0,0,0
5590828,13,0,13,0,7,3,0,2,11,2,0,4,9,0,11,13,0,0,0,0,0,0,0,0,0,12,0,1,0,0,0,0,0,0,0,0,8
5601796,8,3,5,0,0,2,3,3,8,0,0,2,3,3,5,6,2,0,0,0,0,0,0,0,0,2,2,1,0,0,0,2,0,1,0,0,0
5609578,13,4,9,0,7,0,0,4,13,0,0,5,7,1,13,1,12,0,0,0,0,0,0,0,0,10,0,2,0,1,0,0,0,0,0,0,0
5616013,12,0,12,0,10,1,0,1,12,0,0,3,7,2,1,12,0,0,0,0,0,0,0,0,0,11,0,1,0,0,0,0,0,0,0,0,0
5616588,9,3,6,0,3,2,1,3,9,0,0,3,6,0,8,9,0,0,0,0,0,0,0,0,1,8,0,0,0,0,1,0,0,0,0,0,0
5618979,17,11,6,0,12,0,1,3,17,0,0,6,7,4,6,10,7,0,0,0,0,0,0,0,0,12,0,5,0,0,0,0,0,0,0,0,1
5625198,4,1,3,0,4,0,0,0,4,0,0,3,1,0,0,4,0,0,0,0,0,0,0,0,0,4,0,0,0,0,0,0,0,0,0,0,0
5627232,3,0,3,0,1,1,1,0,2,1,0,3,0,0,1,2,0,0,0,0,0,0,0,1,1,0,0,0,0,1,0,0,0,2,0,0,0
5627999,14,2,12,0,8,1,1,3,14,0,0,3,5,6,13,8,5,1,0,0,0,0,0,0,0,6,0,6,0,1,0,0,0,1,0,0,0
5635570,4,2,2,0,4,0,0,0,4,0,0,3,1,0,4,4,0,0,0,0,0,0,0,0,0,3,0,1,0,0,0,0,0,0,0,0,0
5636849,1,1,0,0,0,0,0,0,1,0,0,0,1,0,1,1,0,0,0,0,0,0,0,0,0,0,0,0,1,0,0,0,0,0,0,0,1
5636873,10,0,10,0,10,0,0,0,10,0,0,3,2,5,10,10,0,0,0,0,0,0,0,0,1,9,0,0,0,0,0,0,0,0,1,0,0
5636982,17,1,16,0,16,1,0,0,17,0,0,4,10,3,7,17,0,0,0,0,0,0,0,0,1,1,3,6,0,3,2,0,0,2,0,0,0
5642994,10,1,9,0,8,0,0,2,10,0,0,4,6,0,4,10,0,0,0,0,0,0,0,0,1,7,0,1,0,0,0,0,0,2,0,0,0
5648962,4,0,4,0,1,2,1,0,4,0,0,0,1,3,1,3,1,0,0,0,0,0,0,0,4,3,0,1,0,0,0,0,0,0,0,0,0
5651073,2,2,0,0,0,0,2,0,2,0,0,0,2,0,2,0,0,0,2,0,0,0,0,0,0,0,0,2,0,0,0,0,0,0,0,0,0
5652186,3,0,3,0,3,0,0,0,3,0,0,1,1,1,3,3,0,0,0,0,0,0,0,0,0,3,0,0,0,0,0,0,0,0,0,0,0
5652795,21,7,14,0,4,4,1,11,21,0,0,2,10,9,20,7,10,4,0,0,0,0,0,0,0,10,0,8,1,0,0,1,0,0,1,0,5
5655109,7,0,7,0,6,0,0,1,7,0,0,0,6,1,6,5,1,1,0,0,0,0,0,0,3,1,0,3,0,2,0,0,0,1,0,0,0
5659394,7,6,1,0,6,1,0,0,7,0,0,3,4,0,1,4,3,0,0,0,0,0,0,0,0,4,0,2,1,0,0,0,0,0,0,0,0
5662677,17,6,11,0,4,4,1,5,17,0,0,2,10,5,16,10,7,0,0,0,0,0,0,0,0,11,0,4,0,0,0,2,0,0,0,0,0
5665279,2,2,0,0,1,1,0,0,2,0,0,1,1,0,2,2,0,0,0,0,0,0,0,0,0,2,0,0,0,0,0,0,0,0,0,0,0
5671718,12,1,11,0,12,0,0,0,12,0,0,1,10,1,11,9,0,0,0,0,0,0,3,0,0,4,0,0,0,2,6,0,0,0,0,0,0
5676577,4,0,4,0,4,0,0,0,4,0,0,2,1,1,4,4,0,0,0,0,0,0,0,0,1,0,0,2,0,0,0,0,0,2,0,0,0
5678379,2,1,1,0,1,0,0,1,2,0,0,0,0,2,2,2,0,0,0,0,0,0,0,0,2,0,0,1,0,0,0,0,0,1,0,0,0
5689708,9,0,9,0,9,0,0,0,9,0,0,0,7,2,9,9,0,0,0,0,0,0,0,0,0,4,0,3,0,0,0,0,0,2,0,0,1
5691065,4,0,4,0,3,1,0,0,4,0,0,0,4,0,2,4,0,0,0,0,0,0,0,0,0,1,1,1,0,0,0,0,0,1,0,0,0
5691509,8,0,8,0,8,0,0,0,8,0,0,3,4,1,7,8,0,0,0,0,0,0,0,0,0,6,0,2,0,0,0,0,0,0,0,0,0
5696499,11,2,9,0,8,3,0,0,11,0,0,7,4,0,9,11,0,0,0,0,0,0,0,0,11,11,0,0,0,0,0,0,0,0,0,0,0
5697145,4,0,4,0,2,0,0,0,4,0,0,4,0,0,4,4,0,0,0,0,0,0,0,0,0,1,1,2,0,0,0,0,0,0,0,0,4
5700040,15,0,15,0,14,0,0,1,15,0,0,14,1,0,7,15,0,0,0,0,0,0,0,0,2,10,0,1,0,0,0,0,0,4,0,0,1
5700497,3,0,3,0,1,0,0,2,3,0,0,0,2,1,3,0,0,0,3,0,0,0,0,0,0,1,0,1,1,0,0,0,0,0,0,0,0
5703087,13,0,13,0,8,1,1,3,13,0,0,2,11,0,13,13,0,0,0,0,0,0,0,0,0,7,0,4,0,0,0,0,0,2,0,0,1
5703164,17,8,9,0,7,3,0,2,17,0,0,6,8,3,6,5,8,4,0,0,0,0,0,0,3,13,0,0,0,1,0,3,0,0,0,0,1
5704174,6,1,5,0,6,0,0,0,6,0,0,2,4,0,5,6,0,0,0,0,0,0,0,0,0,6,0,0,0,0,0,0,0,0,0,0,0
5704476,5,1,4,0,4,0,0,1,5,0,0,0,3,2,4,0,0,0,5,0,0,0,0,0,0,0,0,4,0,0,0,0,0,1,0,0,1
5706276,22,0,22,0,22,0,0,0,12,10,0,8,8,6,6,22,0,0,0,0,0,0,0,0,0,0,2,1,0,1,0,0,0,18,0,0,1
5711199,4,1,3,0,2,2,0,0,3,1,0,0,3,1,3,4,0,0,0,0,0,0,0,0,0,4,0,0,0,0,0,0,0,0,0,0,0
5717832,5,5,0,0,1,0,0,1,5,0,0,4,1,0,5,2,0,3,0,0,0,0,0,0,2,5,0,0,0,0,0,0,0,0,0,0,0
5718093,4,0,4,0,4,0,0,0,2,2,0,1,3,0,4,2,2,0,0,0,0,0,0,0,0,0,0,2,0,0,0,0,0,2,0,0,3
5720704,18,0,18,0,16,1,0,1,14,4,0,4,9,5,14,18,0,0,0,0,0,0,0,0,0,12,0,4,0,0,1,0,0,1,0,0,1
5722194,1,1,0,0,0,1,0,0,1,0,0,0,0,1,0,0,0,1,0,0,0,0,0,0,0,0,0,1,0,0,0,0,0,0,0,0,0
5726044,2,0,2,0,2,0,0,0,2,0,0,0,1,1,2,0,0,2,0,0,0,0,0,0,0,1,0,0,1,0,0,0,0,0,0,0,0
5729038,5,1,4,0,3,0,0,0,5,0,0,0,4,1,5,5,0,0,0,0,0,0,0,0,0,3,0,0,1,0,0,0,0,1,0,0,0
5730762,8,0,8,0,4,0,0,2,8,0,0,1,0,7,2,8,0,0,0,0,0,0,0,0,0,8,0,0,0,0,0,0,0,0,0,0,0
5734712,8,0,8,0,8,0,0,0,8,0,0,1,5,2,7,8,0,0,0,0,0,0,0,0,3,0,1,2,0,2,3,0,0,0,0,0,0
5734774,18,0,18,0,16,1,0,1,15,3,0,4,8,6,16,18,0,0,0,0,0,0,0,0,0,5,0,10,0,0,0,0,0,3,0,0,0
5735742,19,3,16,0,8,5,0,5,14,5,0,1,8,10,18,19,0,0,0,0,0,0,0,0,1,12,1,4,0,0,0,0,0,2,0,0,2
5736476,15,0,15,0,13,1,0,0,14,1,0,2,7,6,15,15,0,0,0,0,0,0,0,0,1,13,0,0,0,0,0,0,0,2,0,0,2
5740174,9,0,9,0,8,0,0,1,9,0,0,1,6,2,0,9,0,0,0,0,0,0,0,0,0,8,0,1,0,0,0,0,0,0,0,0,1
5745033,9,1,8,0,2,2,0,3,9,0,0,3,5,1,1,9,0,0,0,0,0,0,0,0,0,8,0,1,0,0,0,0,0,0,0,0,0
5745326,7,2,5,0,4,1,1,0,7,0,0,0,4,3,7,4,2,1,0,0,0,0,0,0,0,2,0,5,0,0,0,0,0,0,0,0,0
5748927,7,4,3,0,3,0,0,3,7,0,0,3,2,2,6,3,0,4,0,0,0,0,0,0,0,5,0,1,1,0,0,0,0,0,0,0,0
5749039,4,2,2,0,2,1,0,0,4,0,0,1,1,2,4,2,2,0,0,0,0,0,0,0,0,2,0,1,1,0,0,0,0,0,0,0,1
5758427,1,0,1,0,0,0,0,1,1,0,0,0,1,0,1,1,0,0,0,0,0,0,0,0,1,1,0,0,0,0,0,0,0,0,0,0,0
5759269,4,0,4,0,4,0,0,0,4,0,0,0,3,1,1,4,0,0,0,0,0,0,0,0,0,3,0,0,0,0,0,0,0,1,0,0,0
5765052,2,0,2,0,1,0,0,1,2,0,0,0,1,1,2,2,0,0,0,0,0,0,0,0,0,0,0,0,0,0,0,0,0,2,0,0,2
5767372,2,0,2,0,1,0,0,1,2,0,0,1,0,1,0,2,0,0,0,0,0,0,0,0,1,0,0,0,0,0,1,0,1,0,0,0,0
5770612,5,0,5,0,3,1,0,1,2,3,0,1,4,0,4,5,0,0,0,0,0,0,0,0,0,3,0,0,0,0,0,0,0,2,0,0,0
5771291,5,0,5,0,5,0,0,0,5,0,0,0,3,2,0,5,0,0,0,0,0,0,0,0,0,3,0,2,0,0,0,0,0,0,0,0,0
5772300,6,1,5,0,1,1,0,3,6,0,0,2,1,3,6,6,0,0,0,0,0,0,0,0,0,4,0,1,1,0,0,0,0,0,0,0,0
5773798,7,3,4,0,4,1,1,0,7,0,0,4,1,2,7,5,1,1,0,0,0,0,0,0,0,6,0,0,1,0,0,0,0,0,0,0,0
5779455,2,0,2,0,1,1,0,0,2,0,0,1,0,1,2,1,0,1,0,0,0,0,0,0,2,1,0,0,1,0,0,0,0,0,0,0,0
5784207,3,1,2,0,2,0,0,1,3,0,0,0,0,3,3,1,2,0,0,0,0,0,0,0,0,1,0,1,1,0,0,0,0,0,0,0,0
5785485,5,3,2,0,2,0,0,1,5,0,0,0,4,1,5,2,2,1,0,0,0,0,0,0,0,3,0,2,0,0,0,0,0,0,0,0,0
5789483,5,1,4,0,5,0,0,0,4,0,1,0,4,1,5,5,0,0,0,0,0,0,0,0,0,0,0,0,0,0,0,0,1,1,3,0,0
5795422,19,13,6,0,4,3,1,10,17,2,0,1,6,12,18,1,3,15,0,0,0,0,0,0,0,11,0,7,0,0,0,0,0,0,1,0,2
5796449,3,1,2,0,1,2,0,0,3,0,0,0,1,2,3,0,0,0,3,0,0,0,0,0,0,0,0,3,0,0,0,0,0,0,0,0,0
5801589,8,1,7,0,8,0,0,0,0,8,0,7,0,1,7,8,0,0,0,0,0,0,0,0,1,7,0,0,0,0,1,0,0,0,0,0,0
5802117,14,0,14,0,14,0,0,0,7,6,1,3,6,5,11,14,0,0,0,0,0,0,0,0,6,5,0,3,0,2,0,0,0,4,0,0,0
5804545,6,1,5,0,2,0,0,4,6,0,0,0,4,2,6,4,1,1,0,0,0,0,0,0,0,4,0,2,0,0,0,0,0,0,0,0,0
5810033,8,5,3,0,6,0,0,2,8,0,0,3,3,2,8,3,4,1,0,0,0,0,0,0,0,3,0,4,0,1,0,0,0,0,0,0,1
5810447,2,1,1,0,1,0,0,1,2,0,0,1,0,1,1,0,0,0,2,0,0,0,0,0,0,1,0,1,0,0,0,0,0,0,0,0,0
5815891,6,4,2,0,3,0,0,3,4,2,0,0,2,4,5,0,0,0,6,0,0,0,0,0,1,0,0,3,1,2,0,0,0,0,0,0,0
5822309,8,0,8,0,8,0,0,0,8,0,0,0,6,2,7,8,0,0,0,0,0,0,0,0,0,6,0,2,0,0,0,0,0,0,0,0,0
5823695,10,3,7,0,4,3,1,0,10,0,0,0,4,6,6,0,0,0,7,0,3,0,0,0,0,0,0,7,3,0,0,0,0,0,0,0,1
5824009,10,6,4,0,3,3,2,2,10,0,0,1,8,1,10,6,0,1,0,0,0,0,1,2,0,2,0,0,0,0,0,8,0,0,0,0,10
5836070,2,1,1,0,1,1,0,0,2,0,0,1,1,0,2,1,1,0,0,0,0,0,0,0,0,1,0,1,0,0,0,0,0,0,0,0,0
5837857,2,0,2,0,1,0,0,1,2,0,0,1,1,0,0,2,0,0,0,0,0,0,0,0,0,1,0,0,0,0,0,0,0,1,0,0,0
5843476,10,3,7,0,7,1,1,1,10,0,0,2,8,0,3,10,0,0,0,0,0,0,0,0,0,0,0,2,0,0,0,6,2,0,0,0,6
5843555,11,3,8,0,6,0,1,1,11,0,0,4,4,3,11,6,2,3,0,0,0,0,0,0,1,5,1,3,0,1,0,1,0,0,0,0,1
5847234,7,0,7,0,3,2,0,1,7,0,0,4,2,1,0,7,0,0,0,0,0,0,0,0,0,7,0,0,0,0,0,0,0,0,0,0,0
5849697,10,3,7,0,5,0,0,4,10,0,0,5,4,1,2,10,0,0,0,0,0,0,0,0,3,10,0,0,0,0,0,0,0,0,0,0,0
5851532,7,4,3,0,1,3,0,2,7,0,0,1,5,1,3,5,2,0,0,0,0,0,0,0,0,5,0,2,0,0,0,0,0,0,0,0,1
5852529,3,1,2,0,1,1,0,0,3,0,0,0,2,1,2,1,1,1,0,0,0,0,0,0,2,2,0,0,1,0,0,0,0,0,0,0,0
5855566,13,0,13,0,12,0,0,1,9,4,0,3,10,0,3,13,0,0,0,0,0,0,0,0,4,10,0,3,0,0,0,0,0,0,0,0,0
5860199,3,0,3,0,2,1,0,0,3,0,0,1,2,0,2,3,0,0,0,0,0,0,0,0,0,1,0,1,0,0,1,0,0,0,0,0,0
5861620,17,0,17,0,17,0,0,0,17,0,0,5,10,2,15,17,0,0,0,0,0,0,0,0,0,5,0,5,0,0,0,0,0,7,0,0,3
5872914,7,3,4,0,6,0,0,0,7,0,0,2,3,2,0,5,2,0,0,0,0,0,0,0,0,4,0,3,0,0,0,0,0,0,0,0,0
5878044,11,0,11,0,10,1,0,0,11,0,0,9,1,1,11,11,0,0,0,0,0,0,0,0,0,11,0,0,0,0,0,0,0,0,0,0,0
5886087,2,0,2,0,2,0,0,0,2,0,0,0,1,1,2,2,0,0,0,0,0,0,0,0,0,2,0,0,0,0,0,0,0,0,0,0,0
5890482,4,0,4,0,4,0,0,0,4,0,0,2,2,0,3,4,0,0,0,0,0,0,0,0,0,1,1,1,0,0,0,0,0,1,0,0,0
5894493,8,2,6,0,6,2,0,0,8,0,0,0,3,5,8,8,0,0,0,0,0,0,0,0,0,7,0,0,1,0,0,0,0,0,0,0,0
5898883,21,0,21,0,17,2,0,2,21,0,0,4,14,3,13,21,0,0,0,0,0,0,0,0,0,6,0,9,1,3,1,0,0,1,0,0,0
5899199,7,3,4,0,4,0,1,1,7,0,0,0,4,3,7,0,0,0,7,0,0,0,0,0,0,0,0,7,0,0,0,0,0,0,0,0,0
5903984,5,1,4,0,5,0,0,0,4,1,0,3,2,0,1,5,0,0,0,0,0,0,0,0,0,0,0,1,0,0,2,0,0,2,0,0,0
5904434,3,0,3,0,2,1,0,0,3,0,0,0,1,2,2,2,0,1,0,0,0,0,0,0,0,2,0,1,0,0,0,0,0,0,0,0,0
5905817,4,0,4,0,4,0,0,0,4,0,0,0,4,0,3,4,0,0,0,0,0,0,0,0,0,3,0,0,0,0,0,0,0,1,0,0,0
5909626,4,0,4,0,4,0,0,0,4,0,0,1,3,0,0,4,0,0,0,0,0,0,0,0,0,0,0,1,0,1,2,0,0,0,0,0,0
5911813,3,0,3,0,1,2,0,0,3,0,0,0,0,3,3,3,0,0,0,0,0,0,0,0,0,1,0,0,0,0,0,0,2,0,0,0,0
5915593,5,3,2,0,5,0,0,0,5,0,0,0,4,1,5,3,1,1,0,0,0,0,0,0,0,3,0,1,1,0,0,0,0,0,0,0,0
5915871,2,0,2,0,0,2,0,0,2,0,0,0,2,0,2,2,0,0,0,0,0,0,0,0,0,1,0,1,0,0,0,0,0,0,0,0,0
5916642,5,1,4,0,3,1,0,1,5,0,0,5,0,0,5,5,0,0,0,0,0,0,0,0,0,5,0,0,0,0,0,0,0,0,0,0,0
5930262,10,0,10,0,9,1,0,0,4,6,0,2,4,4,4,10,0,0,0,0,0,0,0,0,0,4,0,2,0,0,0,0,0,2,2,0,0
5930792,3,0,3,0,0,0,0,0,2,1,0,1,2,0,1,3,0,0,0,0,0,0,0,0,0,3,0,0,0,0,0,0,0,0,0,0,0
5931596,7,2,5,0,4,2,0,0,7,0,0,6,0,1,6,7,0,0,0,0,0,0,0,0,0,7,0,0,0,0,0,0,0,0,0,0,0
5950721,13,0,13,0,12,1,0,0,8,5,0,5,7,1,4,13,0,0,0,0,0,0,0,0,1,7,0,2,0,1,0,0,0,3,0,0,0
5953888,4,0,4,0,3,0,0,1,4,0,0,0,3,1,0,4,0,0,0,0,0,0,0,0,0,2,0,2,0,0,0,0,0,0,0,0,0
5954167,6,3,3,0,4,0,0,1,6,0,0,0,4,2,6,0,1,0,3,0,2,0,0,0,1,0,0,4,2,0,0,0,0,0,0,0,0
5964019,4,1,3,0,2,1,1,0,4,0,0,0,3,1,1,0,0,0,4,0,0,0,0,0,0,0,0,4,0,0,0,0,0,0,0,0,0
5970163,7,0,7,0,7,0,0,0,7,0,0,1,5,1,6,7,0,0,0,0,0,0,0,0,5,0,0,0,0,2,4,0,0,1,0,0,0
5974841,6,3,3,0,1,0,2,2,6,0,0,2,2,2,6,5,1,0,0,0,0,0,0,0,0,5,0,1,0,0,0,0,0,0,0,0,0
5979370,6,0,6,0,6,0,0,0,0,6,0,0,5,1,5,5,0,0,0,0,0,0,0,1,0,0,1,1,0,0,4,0,0,0,0,0,0
5990888,7,2,5,0,4,1,0,2,6,1,0,2,2,3,6,4,2,1,0,0,0,0,0,0,0,3,0,2,2,0,0,0,0,0,0,0,4
5991739,4,1,3,0,4,0,0,0,2,2,0,0,4,0,4,4,0,0,0,0,0,0,0,0,0,0,0,0,0,0,0,0,0,4,0,0,0
6004131,8,3,5,0,3,1,0,2,8,0,0,0,1,7,7,0,0,0,2,0,6,0,0,0,0,1,0,7,0,0,0,0,0,0,0,0,1
6011793,7,5,2,0,1,1,2,2,7,0,0,0,1,6,3,3,4,0,0,0,0,0,0,0,0,4,0,3,0,0,0,0,0,0,0,0,0
6016465,3,2,1,0,1,0,1,1,3,0,0,0,0,3,3,0,0,0,3,0,0,0,0,0,0,0,0,3,0,0,0,0,0,0,0,0,0
6019349,21,2,19,0,12,5,0,2,21,0,0,6,11,4,18,21,0,0,0,0,0,0,0,0,16,12,1,3,0,3,1,0,0,1,0,0,0
6031920,17,0,17,0,17,0,0,0,17,0,0,5,7,5,17,17,0,0,0,0,0,0,0,0,0,13,0,1,0,0,0,0,0,3,0,0,13
6040825,14,4,10,0,8,1,1,3,14,0,0,1,6,7,12,6,3,2,2,0,1,0,0,0,0,9,0,4,0,1,0,0,0,0,0,0,0
6041868,20,1,19,0,7,4,1,5,19,1,0,1,6,13,13,20,0,0,0,0,0,0,0,0,0,18,0,2,0,0,0,0,0,0,0,0,2
6053207,11,2,9,0,11,0,0,0,11,0,0,9,2,0,2,10,0,0,0,0,0,0,0,1,0,9,0,0,0,0,0,0,0,2,0,0,0
6054972,3,1,2,0,3,0,0,0,3,0,0,0,3,0,3,3,0,0,0,0,0,0,0,0,0,1,0,2,0,0,0,0,0,0,0,0,0
6059913,5,1,4,0,5,0,0,0,5,0,0,0,2,3,5,5,0,0,0,0,0,0,0,0,1,0,0,4,0,0,0,0,0,1,0,0,0
6061520,3,0,3,0,0,0,0,3,3,0,0,2,1,0,0,2,0,1,0,0,0,0,0,0,0,3,0,0,0,0,0,0,0,0,0,0,0
6073351,9,0,9,0,8,0,0,1,9,0,0,0,9,0,9,9,0,0,0,0,0,0,0,0,9,5,0,2,0,0,0,0,0,2,0,0,0
6089121,1,1,0,0,1,0,0,0,1,0,0,0,1,0,1,0,1,0,0,0,0,0,0,0,0,0,0,1,0,0,0,0,0,0,0,0,0
6098120,12,0,12,0,10,2,0,0,11,1,0,6,3,3,3,12,0,0,0,0,0,0,0,0,0,9,0,1,0,0,0,1,0,1,0,0,0
6102605,10,0,10,0,9,1,0,0,0,10,0,1,8,1,8,2,0,0,0,0,0,0,0,8,0,0,0,0,0,8,0,0,0,2,0,0,0
6103845,7,2,5,0,5,0,0,0,7,0,0,0,6,1,7,0,0,0,7,0,0,0,0,0,0,1,0,6,0,0,0,0,0,0,0,0,0
6106075,8,0,8,0,5,0,1,1,6,2,0,0,6,2,8,8,0,0,0,0,0,0,0,0,1,4,0,0,0,0,0,0,0,4,0,0,0
6108237,4,2,2,0,1,2,1,0,4,0,0,0,2,2,4,0,4,0,0,0,0,0,0,0,0,3,0,1,0,0,0,0,0,0,0,0,0
6109083,4,1,3,0,0,2,1,1,4,0,0,0,2,2,1,1,3,0,0,0,0,0,0,0,0,1,0,1,2,0,0,0,0,0,0,0,0
6112621,12,5,7,0,2,4,0,3,12,0,0,2,1,9,11,4,6,2,0,0,0,0,0,0,3,4,0,3,2,0,0,3,0,0,0,0,0
6113123,13,0,13,0,13,0,0,0,13,0,0,1,8,4,13,13,0,0,0,0,0,0,0,0,0,9,0,4,0,0,0,0,0,0,0,0,0
6114399,12,7,5,0,12,0,0,0,12,0,0,9,3,0,12,12,0,0,0,0,0,0,0,0,4,10,0,2,0,0,0,0,0,0,0,0,0
6117361,11,0,11,0,10,1,0,0,11,0,0,2,7,2,11,10,0,0,0,0,0,0,0,1,0,0,1,0,0,1,0,0,0,8,1,0,0
6120845,8,2,6,0,2,2,1,2,8,0,0,0,4,4,6,5,2,1,0,0,0,0,0,0,0,5,0,2,0,0,1,0,0,0,0,0,0
6121362,10,0,10,0,8,0,0,1,10,0,0,9,1,0,8,10,0,0,0,0,0,0,0,0,0,4,0,0,0,0,0,0,0,6,0,0,0
6131868,2,1,1,0,1,0,0,1,2,0,0,0,1,1,2,0,0,0,2,0,0,0,0,0,0,0,0,2,0,0,0,0,0,0,0,0,0
6136534,7,2,5,0,6,0,0,1,7,0,0,0,2,5,3,7,0,0,0,0,0,0,0,0,7,6,0,1,0,0,0,0,0,0,0,0,0
6144416,3,1,2,0,1,1,0,1,3,0,0,0,1,2,3,2,1,0,0,0,0,0,0,0,0,2,0,1,0,0,0,0,0,0,0,0,1
6150033,13,0,13,0,13,0,0,0,13,0,0,3,9,1,13,13,0,0,0,0,0,0,0,0,1,1,0,3,0,3,4,1,0,1,0,0,0
6157035,6,0,6,0,6,0,0,0,6,0,0,1,5,0,4,6,0,0,0,0,0,0,0,0,0,3,0,1,0,2,0,0,0,0,0,0,0
6162692,5,2,3,0,2,0,0,2,5,0,0,0,4,1,4,5,0,0,0,0,0,0,0,0,0,4,0,0,0,0,0,0,0,0,1,0,0
6163686,7,1,6,0,5,1,0,1,7,0,0,4,3,0,1,7,0,0,0,0,0,0,0,0,0,4,0,2,0,0,0,1,0,0,0,0,0
6164042,5,0,5,0,5,0,0,0,5,0,0,2,3,0,5,5,0,0,0,0,0,0,0,0,0,5,0,0,0,0,0,0,0,0,0,0,0
6167255,4,1,3,0,4,0,0,0,4,0,0,4,0,0,2,4,0,0,0,0,0,0,0,0,0,0,0,0,0,0,0,0,0,4,0,0,0
6170833,6,1,5,0,5,1,0,0,6,0,0,0,3,3,6,6,0,0,0,0,0,0,0,0,0,1,0,5,0,0,0,0,0,0,0,0,0
6171766,5,2,3,0,5,0,0,0,5,0,0,1,4,0,5,5,0,0,0,0,0,0,0,0,4,4,0,0,0,0,0,0,0,1,0,0,0
6177520,11,1,10,0,1,3,0,6,1,10,0,1,9,1,5,3,0,5,3,0,0,0,0,0,2,0,2,5,0,0,0,0,0,4,0,0,0
6179090,2,1,1,0,2,0,0,0,2,0,0,0,2,0,1,0,0,2,0,0,0,0,0,0,0,1,0,1,0,0,0,0,0,0,0,0,0
6179294,4,3,1,0,4,0,0,0,4,0,0,0,2,2,4,4,0,0,0,0,0,0,0,0,0,0,0,0,0,0,0,0,0,4,0,0,1
6192420,15,1,14,0,15,0,0,0,15,0,0,13,2,0,15,15,0,0,0,0,0,0,0,0,0,11,0,1,0,2,0,0,0,1,0,0,15
6192713,3,1,2,0,3,0,0,0,3,0,0,1,2,0,1,2,1,0,0,0,0,0,0,0,0,2,0,0,0,0,0,1,0,0,0,0,0
6197249,9,3,6,0,8,0,0,1,7,0,2,1,5,3,3,2,1,0,0,0,0,0,2,4,4,0,0,2,0,1,6,0,0,0,0,0,0
6202944,10,2,8,0,10,0,0,0,9,1,0,0,7,3,9,7,0,0,0,0,0,0,1,2,9,3,0,0,0,3,2,0,1,1,0,0,1
6205251,9,0,9,0,8,0,0,1,9,0,0,2,7,0,0,9,0,0,0,0,0,0,0,0,0,6,0,2,0,0,0,0,0,1,0,0,0
6213926,2,2,0,0,1,0,0,1,2,0,0,2,0,0,2,2,0,0,0,0,0,0,0,0,0,2,0,0,0,0,0,0,0,0,0,0,0
6215757,10,7,3,0,2,1,1,6,10,0,0,1,1,8,8,5,5,0,0,0,0,0,0,0,0,6,0,3,0,1,0,0,0,0,0,0,2
6220520,8,0,8,0,8,0,0,0,8,0,0,4,2,2,6,3,4,1,0,0,0,0,0,0,0,3,0,2,0,1,0,0,0,2,0,0,1
6225816,10,0,10,0,7,0,0,3,10,0,0,1,3,6,9,10,0,0,0,0,0,0,0,0,10,1,1,1,0,0,0,0,0,7,0,0,9
6226167,9,1,8,0,6,1,0,0,9,0,0,0,5,4,8,9,0,0,0,0,0,0,0,0,0,8,0,1,0,0,0,0,0,0,0,0,0
6232013,10,9,1,0,7,0,0,3,10,0,0,1,5,4,0,6,4,0,0,0,0,0,0,0,0,6,0,4,0,0,0,0,0,0,0,0,0
6234270,4,1,3,0,3,0,0,1,4,0,0,0,4,0,1,0,0,0,4,0,0,0,0,0,0,0,0,4,0,0,0,0,0,0,0,0,0
6236816,2,0,2,0,0,0,0,2,2,0,0,2,0,0,2,2,0,0,0,0,0,0,0,0,0,2,0,0,0,0,0,0,0,0,0,0,0
6238059,2,1,1,0,1,0,0,1,2,0,0,2,0,0,2,2,0,0,0,0,0,0,0,0,0,2,0,0,0,0,0,0,0,0,0,0,0
6242256,5,0,5,0,5,0,0,0,5,0,0,0,3,2,4,5,0,0,0,0,0,0,0,0,0,0,0,4,0,0,0,0,0,1,0,0,1
6245346,3,0,3,0,3,0,0,0,3,0,0,3,0,0,0,3,0,0,0,0,0,0,0,0,0,0,0,0,0,0,0,0,0,3,0,0,0
6248919,7,1,6,0,1,3,0,1,7,0,0,4,1,2,7,3,1,3,0,0,0,0,0,0,0,4,0,2,1,0,0,0,0,0,0,0,0
6248971,16,0,16,0,16,0,0,0,13,3,0,3,10,3,15,16,0,0,0,0,0,0,0,0,0,15,0,1,0,0,0,0,0,0,0,0,14
6250998,23,7,16,0,11,4,1,6,23,0,0,1,7,15,22,5,8,10,0,0,0,0,0,0,0,10,1,8,3,1,0,0,0,0,0,0,2
6251063,6,0,6,0,5,0,0,0,6,0,0,2,3,1,4,6,0,0,0,0,0,0,0,0,0,1,0,0,0,0,0,0,0,5,0,0,0
6252691,5,1,4,0,3,1,0,0,5,0,0,1,3,1,5,3,2,0,0,0,0,0,0,0,0,2,0,1,0,0,1,0,1,0,0,0,5
6256214,11,0,11,0,11,0,0,0,11,0,0,4,7,0,3,6,5,0,0,0,0,0,0,0,0,1,1,1,0,1,7,0,0,0,0,0,0
6258348,3,3,0,0,0,0,0,3,3,0,0,0,2,1,3,0,0,3,0,0,0,0,0,0,0,3,0,0,0,0,0,0,0,0,0,0,0
6260511,2,0,2,0,1,0,0,0,2,0,0,0,1,1,2,1,1,0,0,0,0,0,0,0,0,1,0,1,0,0,0,0,0,0,0,0,0
6269548,7,3,4,0,4,0,0,2,7,0,0,0,6,1,6,4,1,2,0,0,0,0,0,0,0,5,0,2,0,0,0,0,0,0,0,0,0
6273060,20,13,7,0,5,1,6,6,20,0,0,2,7,11,18,4,5,11,0,0,0,0,0,0,0,15,1,4,0,0,0,0,0,0,0,0,1
6274801,3,0,3,0,2,1,0,0,3,0,0,0,2,1,3,2,1,0,0,0,0,0,0,0,0,3,0,0,0,0,0,0,0,0,0,0,0
6276613,11,2,9,0,7,0,1,1,11,0,0,0,9,2,10,0,2,0,6,0,3,0,0,0,2,2,0,9,0,0,0,0,0,0,0,0,1
6277371,2,2,0,0,0,2,0,0,2,0,0,0,2,0,0,0,2,0,0,0,0,0,0,0,0,2,0,0,0,0,0,0,0,0,0,0,0
6278193,9,3,6,0,8,0,0,1,9,0,0,3,6,0,9,2,0,7,0,0,0,0,0,0,8,7,0,0,0,0,0,0,0,2,0,0,0
6278321,4,1,3,0,2,0,0,2,4,0,0,2,2,0,4,3,1,0,0,0,0,0,0,0,0,3,0,1,0,0,0,0,0,0,0,0,0
6279286,10,3,7,0,6,3,0,1,10,0,0,0,8,2,8,10,0,0,0,0,0,0,0,0,0,1,1,1,0,0,0,7,0,0,0,0,8
6279350,8,0,8,0,8,0,0,0,8,0,0,0,7,1,8,8,0,0,0,0,0,0,0,0,3,8,0,0,0,0,0,0,0,0,0,0,0
6286801,8,3,5,0,2,2,2,1,8,0,0,3,1,4,3,5,3,0,0,0,0,0,0,0,0,5,0,2,1,0,0,0,0,0,0,0,0
6288274,7,4,3,0,1,2,0,0,7,0,0,4,3,0,6,7,0,0,0,0,0,0,0,0,5,6,0,1,0,0,0,0,0,0,0,0,0
6290121,3,1,2,0,3,0,0,0,3,0,0,0,2,1,3,0,0,0,3,0,0,0,0,0,0,0,0,3,0,0,0,0,0,0,0,0,0
6291545,5,0,5,0,5,0,0,0,5,0,0,2,3,0,5,5,0,0,0,0,0,0,0,0,3,3,0,0,0,1,0,0,0,1,0,0,1
6293044,1,0,1,0,1,0,0,0,1,0,0,1,0,0,1,1,0,0,0,0,0,0,0,0,1,1,0,0,0,0,0,0,0,0,0,0,0
6294205,5,0,5,0,1,1,0,2,5,0,0,0,5,0,5,0,0,0,5,0,0,0,0,0,0,0,0,5,0,0,0,0,0,0,0,0,0
6295162,16,0,16,0,16,0,0,0,15,1,0,4,12,0,16,16,0,0,0,0,0,0,0,0,1,5,1,4,0,3,1,0,0,2,0,0,0
6298985,5,0,5,0,4,0,0,1,5,0,0,2,3,0,2,5,0,0,0,0,0,0,0,0,1,2,0,1,0,2,0,0,0,0,0,0,0
6301158,7,1,6,0,6,0,0,1,7,0,0,4,3,0,6,7,0,0,0,0,0,0,0,0,1,6,0,1,0,0,0,0,0,0,0,0,4
6307074,20,6,14,0,8,4,2,5,13,7,0,2,15,3,17,4,2,4,0,0,0,0,0,10,5,0,0,12,2,3,0,3,0,0,0,0,18
6308386,6,1,5,0,0,2,1,2,6,0,0,1,3,2,6,6,0,0,0,0,0,0,0,0,0,6,0,0,0,0,0,0,0,0,0,0,0
6311269,12,0,12,0,11,0,0,1,11,0,1,4,5,3,6,12,0,0,0,0,0,0,0,0,0,10,0,1,0,0,0,0,0,1,0,0,2
6311583,5,0,5,0,5,0,0,0,5,0,0,1,2,2,5,5,0,0,0,0,0,0,0,0,0,0,0,0,0,0,0,0,0,5,0,0,0
6320274,6,0,6,0,4,0,0,1,6,0,0,0,5,1,5,6,0,0,0,0,0,0,0,0,0,6,0,0,0,0,0,0,0,0,0,0,0
6321137,3,1,2,0,0,0,0,2,3,0,0,1,1,1,2,2,1,0,0,0,0,0,0,0,0,2,0,1,0,0,0,0,0,0,0,0,1
6322900,4,1,3,0,3,0,0,1,4,0,0,0,4,0,3,3,0,1,0,0,0,0,0,0,1,2,0,1,0,0,0,0,0,0,1,0,1
6326847,2,0,2,0,1,1,0,0,2,0,0,0,1,1,2,2,0,0,0,0,0,0,0,0,0,2,0,0,0,0,0,0,0,0,0,0,0
6340482,8,2,6,0,8,0,0,0,1,7,0,1,7,0,2,3,0,3,0,0,0,0,1,1,0,0,0,4,0,3,0,0,0,0,0,1,1
6341029,2,0,2,0,1,0,0,1,2,0,0,2,0,0,2,2,0,0,0,0,0,0,0,0,0,2,0,0,0,0,0,0,0,0,0,0,0
6352990,13,1,12,0,7,3,0,2,13,0,0,0,3,10,13,13,0,0,0,0,0,0,0,0,0,11,0,1,0,1,0,0,0,0,0,0,0
6363137,13,8,5,0,5,2,0,5,12,1,0,8,2,3,12,9,1,3,0,0,0,0,0,0,0,10,0,3,0,0,0,0,0,0,0,0,0
6370642,4,1,3,0,2,0,0,1,4,0,0,1,3,0,4,1,0,3,0,0,0,0,0,0,0,3,0,1,0,0,0,0,0,0,0,0,0
6374408,5,2,3,0,5,0,0,0,5,0,0,5,0,0,1,5,0,0,0,0,0,0,0,0,0,5,0,0,0,0,0,0,0,0,0,0,0
6377601,1,1,0,0,0,0,1,0,1,0,0,0,1,0,1,1,0,0,0,0,0,0,0,0,0,1,0,0,0,0,0,0,0,0,0,0,0
6381295,2,0,2,0,1,0,0,0,2,0,0,1,1,0,2,2,0,0,0,0,0,0,0,0,0,2,0,0,0,0,0,0,0,0,0,0,0
6387957,2,0,2,0,0,0,0,2,0,2,0,0,1,1,1,1,1,0,0,0,0,0,0,0,0,0,1,1,0,0,0,0,0,0,0,0,0
6393368,1,0,1,0,1,0,0,0,1,0,0,0,1,0,1,1,0,0,0,0,0,0,0,0,0,1,0,0,0,0,0,0,0,0,0,0,0
6398521,11,4,7,0,3,2,0,3,11,0,0,2,6,3,9,5,4,2,0,0,0,0,0,0,1,6,0,1,2,0,0,2,0,0,0,0,0
6401699,11,1,10,0,7,0,0,3,11,0,0,3,5,3,11,11,0,0,0,0,0,0,0,0,0,10,0,0,0,1,0,0,0,0,0,0,0
6410969,5,1,4,0,5,0,0,0,5,0,0,1,4,0,5,2,2,1,0,0,0,0,0,0,0,2,0,2,1,0,0,0,0,0,0,0,0
6416364,21,1,20,0,13,1,2,4,21,0,0,10,8,3,18,21,0,0,0,0,0,0,0,0,2,18,0,0,0,1,0,0,0,2,0,0,0
6417096,9,0,9,0,7,1,0,1,9,0,0,2,6,1,5,2,3,4,0,0,0,0,0,0,0,1,1,2,0,0,1,0,1,3,0,0,0
6428325,2,1,1,0,2,0,0,0,2,0,0,0,1,1,2,2,0,0,0,0,0,0,0,0,0,1,0,1,0,0,0,0,0,0,0,0,0
6432717,4,3,1,0,1,1,1,1,4,0,0,2,2,0,2,4,0,0,0,0,0,0,0,0,1,3,0,0,0,0,1,0,0,0,0,0,1
6432808,3,2,1,0,1,1,0,1,3,0,0,3,0,0,1,3,0,0,0,0,0,0,0,0,0,3,0,0,0,0,0,0,0,0,0,0,1
6433779,6,0,6,0,5,0,0,1,6,0,0,2,4,0,5,6,0,0,0,0,0,0,0,0,0,1,0,1,1,0,0,0,0,3,0,0,1
6441086,2,0,2,0,1,1,0,0,2,0,0,1,1,0,2,2,0,0,0,0,0,0,0,0,0,2,0,0,0,0,0,0,0,0,0,0,0
6446790,16,1,15,0,15,1,0,0,6,10,0,0,11,5,12,9,5,2,0,0,0,0,0,0,0,1,0,9,2,3,0,0,1,0,0,0,0
6450564,6,2,4,0,4,0,0,2,6,0,0,1,2,3,2,4,2,0,0,0,0,0,0,0,0,5,0,1,0,0,0,0,0,0,0,0,0
6451471,2,0,2,0,1,1,0,0,2,0,0,0,1,1,2,2,0,0,0,0,0,0,0,0,0,2,0,0,0,0,0,0,0,0,0,0,1
6453071,3,2,1,0,1,0,0,0,3,0,0,0,2,1,3,3,0,0,0,0,0,0,0,0,0,0,0,1,0,0,0,2,0,0,0,0,3
6454848,20,0,20,0,15,3,1,1,16,4,0,2,12,6,19,20,0,0,0,0,0,0,0,0,1,16,0,2,0,0,0,0,0,2,0,0,0
6455589,4,0,4,0,2,2,0,0,4,0,0,1,3,0,4,4,0,0,0,0,0,0,0,0,0,4,0,0,0,0,0,0,0,0,0,0,0
6466906,9,0,9,0,9,0,0,0,9,0,0,2,5,2,8,4,2,1,1,0,1,0,0,0,2,1,0,1,0,5,2,0,0,0,0,0,9
6468825,14,0,14,0,14,0,0,0,14,0,0,8,5,1,4,14,0,0,0,0,0,0,0,0,0,5,0,3,0,6,0,0,0,0,0,0,0
6479747,8,4,4,0,5,0,0,3,8,0,0,8,0,0,6,8,0,0,0,0,0,0,0,0,0,8,0,0,0,0,0,0,0,0,0,0,0
6483815,20,13,7,0,10,4,2,1,20,0,0,0,6,14,20,0,0,0,8,0,12,0,0,0,0,0,0,20,0,0,0,0,0,0,0,0,1
6489886,4,0,4,0,0,0,2,1,4,0,0,0,3,1,4,3,0,1,0,0,0,0,0,0,0,2,0,1,0,0,0,0,0,1,0,0,2
6491911,6,1,5,0,3,0,0,3,6,0,0,0,5,1,5,6,0,0,0,0,0,0,0,0,0,6,0,0,0,0,0,0,0,0,0,0,0
6492044,10,5,5,0,2,5,2,1,10,0,0,1,7,2,10,0,0,0,10,0,0,0,0,0,0,3,0,6,1,0,0,0,0,0,0,0,0
6492778,3,0,3,0,2,0,0,1,3,0,0,3,0,0,3,3,0,0,0,0,0,0,0,0,1,3,0,0,0,0,0,0,0,0,0,0,0
6493371,16,0,16,0,16,0,0,0,0,16,0,7,7,2,10,16,0,0,0,0,0,0,0,0,0,4,0,5,0,0,5,0,0,2,0,0,0
6514860,9,3,6,0,7,2,0,0,9,0,0,8,1,0,1,9,0,0,0,0,0,0,0,0,0,0,6,2,0,0,0,0,0,1,0,0,0
6520831,17,0,17,0,16,1,0,0,17,0,0,14,1,2,16,17,0,0,0,0,0,0,0,0,0,12,0,3,0,0,0,1,0,1,0,0,0
6527849,15,0,15,0,14,0,0,1,15,0,0,3,7,5,9,12,0,0,0,0,0,0,0,3,1,8,0,3,0,2,0,0,0,2,0,0,0
6529043,2,0,2,0,2,0,0,0,1,1,0,1,1,0,2,2,0,0,0,0,0,0,0,0,0,2,0,0,0,0,0,0,0,0,0,0,0
6535220,5,0,5,0,5,0,0,0,5,0,0,1,4,0,0,5,0,0,0,0,0,0,0,0,3,0,0,0,0,2,0,0,0,3,0,0,0
6543163,3,1,2,0,2,0,0,1,3,0,0,0,1,2,3,0,0,0,3,0,0,0,0,0,2,0,0,3,0,0,0,0,0,0,0,0,0
6543950,4,1,3,0,3,0,0,1,4,0,0,3,1,0,0,4,0,0,0,0,0,0,0,0,0,4,0,0,0,0,0,0,0,0,0,0,0
6547354,9,1,8,0,3,3,0,2,9,0,0,1,5,3,9,9,0,0,0,0,0,0,0,0,0,8,0,1,0,0,0,0,0,0,0,0,5
6550018,2,0,2,0,0,0,0,1,2,0,0,0,2,0,2,2,0,0,0,0,0,0,0,0,0,1,0,0,0,0,0,0,0,1,0,0,0
6555162,19,0,19,0,19,0,0,0,18,1,0,4,11,4,19,19,0,0,0,0,0,0,0,0,19,0,0,1,0,2,0,0,0,16,0,0,0
6560949,7,0,7,0,3,0,0,3,3,4,0,3,3,1,6,5,2,0,0,0,0,0,0,0,1,5,0,1,1,0,0,0,0,0,0,0,0
6563586,10,2,8,0,4,0,1,2,10,0,0,5,1,4,8,5,4,1,0,0,0,0,0,0,0,4,0,2,0,0,0,4,0,0,0,0,1
6567329,5,0,5,0,5,0,0,0,5,0,0,5,0,0,1,5,0,0,0,0,0,0,0,0,0,5,0,0,0,0,0,0,0,0,0,0,0
6569925,25,0,25,0,24,0,0,1,25,0,0,2,16,7,21,9,5,11,0,0,0,0,0,0,2,2,0,17,0,1,0,0,1,4,0,0,0
6576825,14,5,9,0,8,1,0,5,14,0,0,4,7,3,14,0,0,14,0,0,0,0,0,0,0,10,0,4,0,0,0,0,0,0,0,0,14
6579078,4,0,4,0,4,0,0,0,4,0,0,1,1,2,2,3,1,0,0,0,0,0,0,0,0,2,0,2,0,0,0,0,0,0,0,0,0
6579099,18,1,17,0,14,2,0,2,0,18,0,0,15,3,17,4,2,6,0,0,3,0,1,2,2,0,0,4,1,2,1,10,0,0,0,0,16
6584763,17,10,7,0,8,0,2,5,17,0,0,6,7,4,17,8,3,6,0,0,0,0,0,0,0,11,0,5,0,0,0,0,0,1,0,0,2
6589571,6,1,5,0,6,0,0,0,4,0,2,0,5,1,4,2,3,1,0,0,0,0,0,0,3,1,0,0,0,0,0,2,0,3,0,0,4
6590082,22,8,14,0,13,0,1,6,22,0,0,4,16,2,21,11,11,0,0,0,0,0,0,0,11,14,0,7,1,0,0,0,0,0,0,0,0
6591472,2,2,0,0,0,1,0,1,2,0,0,0,2,0,2,1,0,1,0,0,0,0,0,0,0,2,0,0,0,0,0,0,0,0,0,0,0
6592839,13,6,7,0,7,2,1,3,13,0,0,6,3,4,12,9,1,3,0,0,0,0,0,0,0,9,0,3,0,0,0,0,1,0,0,0,1
6593489,3,0,3,0,1,2,0,0,3,0,0,0,0,3,3,3,0,0,0,0,0,0,0,0,3,0,0,3,0,0,0,0,0,0,0,0,3
6598843,9,5,4,0,2,2,1,4,9,0,0,1,5,3,6,6,3,0,0,0,0,0,0,0,0,6,0,2,0,1,0,0,0,0,0,0,1
6599591,4,0,4,0,4,0,0,0,4,0,0,2,2,0,1,4,0,0,0,0,0,0,0,0,0,4,0,0,0,0,0,0,0,0,0,0,0
6605608,5,3,2,0,3,0,0,2,5,0,0,2,3,0,4,3,2,0,0,0,0,0,0,0,1,2,0,2,0,1,0,0,0,0,0,0,0
6612055,8,0,8,0,6,2,0,0,7,1,0,4,3,1,7,4,0,0,0,0,0,0,1,3,1,3,1,2,0,1,1,0,0,0,0,0,1
6612084,7,0,7,0,5,1,0,1,4,3,0,2,3,2,7,7,0,0,0,0,0,0,0,0,0,4,0,2,0,0,0,0,0,1,0,0,0
6616675,5,4,1,0,4,0,0,1,5,0,0,0,5,0,5,0,0,0,5,0,0,0,0,0,5,0,0,5,0,0,0,0,0,0,0,0,0
6619936,10,2,8,0,5,2,0,1,10,0,0,0,6,4,10,0,0,0,10,0,0,0,0,0,0,1,0,9,0,0,0,0,0,0,0,0,8
6621052,6,3,3,0,2,0,1,3,6,0,0,3,2,1,5,1,1,4,0,0,0,0,0,0,4,2,0,3,0,0,0,0,0,1,0,0,3
6622219,15,0,15,0,15,0,0,0,15,0,0,15,0,0,9,15,0,0,0,0,0,0,0,0,0,15,0,0,0,0,0,0,0,0,0,0,0
6624356,2,0,2,0,1,1,0,0,2,0,0,1,0,1,1,2,0,0,0,0,0,0,0,0,0,2,0,0,0,0,0,0,0,0,0,0,0
6627181,17,1,16,0,15,0,0,2,17,0,0,1,12,4,17,17,0,0,0,0,0,0,0,0,17,3,0,7,1,0,0,0,1,5,0,0,17
6628683,7,2,5,0,3,1,0,3,7,0,0,4,2,1,4,3,2,2,0,0,0,0,0,0,0,4,1,2,0,0,0,0,0,0,0,0,1
6632610,45,29,16,0,17,4,3,16,45,0,0,4,22,19,32,5,2,1,34,0,3,0,0,0,0,5,0,39,0,1,0,0,0,0,0,0,0
6634085,23,0,23,0,19,1,0,2,23,0,0,5,13,5,22,23,0,0,0,0,0,0,0,0,0,5,4,9,0,2,0,0,0,3,0,0,5
6635035,10,3,7,0,2,3,0,3,10,0,0,2,2,6,9,6,1,3,0,0,0,0,0,0,0,7,0,2,1,0,0,0,0,0,0,0,0
6637144,3,0,3,0,0,0,0,1,2,1,0,1,2,0,3,2,1,0,0,0,0,0,0,0,1,0,0,1,0,0,0,0,0,2,0,0,2
6637373,11,0,11,0,11,0,0,0,11,0,0,2,6,3,10,11,0,0,0,0,0,0,0,0,0,1,1,0,0,0,0,0,0,9,0,0,1
6638867,13,2,11,0,7,1,0,4,13,0,0,2,4,7,13,13,0,0,0,0,0,0,0,0,13,13,0,0,0,0,0,0,0,0,0,0,2
6641137,2,1,1,0,0,0,0,1,2,0,0,0,2,0,2,0,0,2,0,0,0,0,0,0,0,2,0,0,0,0,0,0,0,0,0,0,0
6643850,5,2,3,0,5,0,0,0,5,0,0,4,1,0,4,0,4,1,0,0,0,0,0,0,1,0,0,1,0,4,0,0,0,0,0,0,0
6650251,17,6,11,0,8,2,2,5,17,0,0,4,9,4,17,17,0,0,0,0,0,0,0,0,17,13,0,3,1,0,0,0,0,0,0,0,0
6654543,15,0,15,0,15,0,0,0,15,0,0,6,7,2,15,15,0,0,0,0,0,0,0,0,0,12,0,0,0,3,0,0,0,0,0,0,0
6660160,7,0,7,0,3,0,0,4,7,0,0,4,3,0,5,7,0,0,0,0,0,0,0,0,0,7,0,0,0,0,0,0,0,0,0,0,0
6661997,3,0,3,0,2,0,0,1,3,0,0,1,1,1,3,2,1,0,0,0,0,0,0,0,0,3,0,0,0,0,0,0,0,0,0,0,0
6671441,3,2,1,0,0,0,0,0,3,0,0,0,2,1,3,2,1,0,0,0,0,0,0,0,1,3,0,0,0,0,0,0,0,0,0,0,0
6673439,9,1,8,0,9,0,0,0,9,0,0,1,5,3,3,9,0,0,0,0,0,0,0,0,0,0,1,4,0,2,0,0,0,2,0,0,0
6677855,4,0,4,0,3,0,0,1,4,0,0,2,2,0,1,3,0,1,0,0,0,0,0,0,0,4,0,0,0,0,0,0,0,0,0,0,0
6679431,3,3,0,0,3,0,0,0,3,0,0,0,3,0,2,3,0,0,0,0,0,0,0,0,0,0,0,3,0,0,0,0,0,0,0,0,0
6680163,9,0,9,0,7,2,0,0,9,0,0,3,4,2,5,9,0,0,0,0,0,0,0,0,0,3,0,3,0,1,0,0,0,0,2,0,0
6685698,2,1,1,0,2,0,0,0,2,0,0,2,0,0,0,2,0,0,0,0,0,0,0,0,0,2,0,0,0,0,0,0,0,0,0,0,0
6687624,1,0,1,0,1,0,0,0,1,0,0,1,0,0,0,1,0,0,0,0,0,0,0,0,0,1,0,0,0,0,0,0,0,0,0,0,0
6690026,15,4,11,0,7,3,0,2,13,2,0,3,6,6,8,6,2,2,3,0,0,0,2,0,0,6,0,6,1,2,0,0,0,0,0,0,3
6691983,6,0,6,0,6,0,0,0,6,0,0,0,5,1,2,5,0,0,0,0,0,0,1,0,0,0,1,0,0,2,0,0,0,3,0,0,1
6712051,23,12,11,0,13,3,1,2,23,0,0,9,6,8,22,8,2,9,3,0,1,0,0,0,0,11,0,9,1,1,0,0,0,1,0,0,1
6712118,6,1,5,0,1,1,0,4,6,0,0,0,6,0,6,6,0,0,0,0,0,0,0,0,0,3,0,0,0,0,0,0,0,3,0,0,0
6712586,19,9,10,0,3,7,1,6,19,0,0,5,12,2,13,8,11,0,0,0,0,0,0,0,0,16,0,3,0,0,0,0,0,0,0,0,0
6713929,9,0,9,0,9,0,0,0,4,4,1,5,4,0,8,9,0,0,0,0,0,0,0,0,0,3,0,0,0,0,0,0,0,6,0,0,0
6716093,10,0,10,0,6,1,1,2,10,0,0,1,6,3,10,10,0,0,0,0,0,0,0,0,0,9,0,1,0,0,0,0,0,0,0,0,0
6717453,19,0,19,0,19,0,0,0,17,2,0,4,10,5,18,19,0,0,0,0,0,0,0,0,0,19,0,0,0,0,0,0,0,0,0,0,0
6719989,10,0,10,0,10,0,0,0,10,0,0,2,5,3,10,10,0,0,0,0,0,0,0,0,1,7,0,1,1,0,0,0,0,1,0,0,0
6719999,5,3,2,0,1,0,2,2,4,1,0,0,2,3,5,4,0,1,0,0,0,0,0,0,0,4,0,1,0,0,0,0,0,0,0,0,1
6726589,3,0,3,0,3,0,0,0,3,0,0,0,3,0,0,3,0,0,0,0,0,0,0,0,0,0,0,1,0,2,0,0,0,0,0,0,0
6733487,8,6,2,0,2,2,0,4,8,0,0,0,0,8,8,2,0,0,6,0,0,0,0,0,7,2,0,6,0,0,0,0,0,0,0,0,0
6748372,7,0,7,0,6,1,0,0,7,0,0,5,2,0,6,7,0,0,0,0,0,0,0,0,2,0,0,1,0,0,0,0,0,6,0,0,0
6749631,6,1,5,0,3,1,0,2,6,0,0,1,0,5,6,6,0,0,0,0,0,0,0,0,0,6,0,0,0,0,0,0,0,0,0,0,0
6750874,19,0,19,0,19,0,0,0,7,12,0,1,14,4,7,19,0,0,0,0,0,0,0,0,0,2,0,11,0,0,2,2,0,2,0,0,0
6753552,4,0,4,0,4,0,0,0,4,0,0,3,1,0,4,4,0,0,0,0,0,0,0,0,4,2,0,0,0,2,0,0,0,0,0,0,0
6769803,8,1,7,0,8,0,0,0,0,8,0,0,1,7,8,3,3,1,0,0,1,0,0,0,0,0,0,5,1,2,0,0,0,0,0,0,0
6772642,52,9,43,0,50,1,0,1,52,0,0,6,22,24,44,52,0,0,0,0,0,0,0,0,2,14,0,22,8,6,0,1,1,0,0,0,4
6774152,2,1,1,0,1,0,0,1,2,0,0,2,0,0,2,2,0,0,0,0,0,0,0,0,0,2,0,0,0,0,0,0,0,0,0,0,0
6787434,6,0,6,0,3,0,0,1,3,3,0,0,5,1,6,6,0,0,0,0,0,0,0,0,1,4,0,1,0,0,0,0,0,1,0,0,0
6798664,1,0,1,0,1,0,0,0,1,0,0,0,1,0,1,0,1,0,0,0,0,0,0,0,0,0,1,0,0,0,0,0,0,0,0,0,0
6802073,20,3,17,0,13,0,0,5,19,1,0,3,12,5,20,20,0,0,0,0,0,0,0,0,0,15,0,2,0,3,0,0,0,0,0,0,2
6807728,9,7,2,0,2,1,1,4,9,0,0,5,4,0,5,4,0,5,0,0,0,0,0,0,0,6,0,1,0,1,0,1,0,0,0,0,0
6817058,4,0,4,0,4,0,0,0,4,0,0,2,1,1,4,4,0,0,0,0,0,0,0,0,1,3,0,0,0,1,0,0,0,0,0,0,1
6825952,8,0,8,0,4,1,0,3,8,0,0,1,2,5,8,8,0,0,0,0,0,0,0,0,0,5,0,2,0,1,0,0,0,0,0,0,0
6826560,9,1,8,0,5,2,1,1,9,0,0,2,3,4,9,9,0,0,0,0,0,0,0,0,0,6,0,3,0,0,0,0,0,0,0,0,1
6834414,5,0,5,0,2,2,0,1,5,0,0,0,3,2,4,5,0,0,0,0,0,0,0,0,1,0,0,3,1,0,0,1,0,0,0,0,5
6836300,4,1,3,0,2,0,1,0,4,0,0,0,3,1,4,4,0,0,0,0,0,0,0,0,0,4,0,0,0,0,0,0,0,0,0,0,0
6837777,15,3,12,0,13,1,0,0,1,14,0,1,9,5,4,11,0,0,3,0,1,0,0,0,0,1,0,12,1,1,0,0,0,0,0,0,0
6840175,9,0,9,0,4,2,0,1,9,0,0,3,2,4,9,9,0,0,0,0,0,0,0,0,1,9,0,0,0,0,0,0,0,0,0,0,0
6845360,2,0,2,0,1,0,0,1,2,0,0,2,0,0,2,2,0,0,0,0,0,0,0,0,0,2,0,0,0,0,0,0,0,0,0,0,0
6861681,14,4,10,0,9,3,0,2,14,0,0,5,8,1,14,14,0,0,0,0,0,0,0,0,0,9,0,1,0,2,1,0,0,1,0,0,0
6863050,1,0,1,0,1,0,0,0,1,0,0,1,0,0,1,1,0,0,0,0,0,0,0,0,0,1,0,0,0,0,0,0,0,0,0,0,0
6866335,2,0,2,0,2,0,0,0,2,0,0,0,0,2,2,2,0,0,0,0,0,0,0,0,0,2,0,0,0,0,0,0,0,0,0,0,1
6867190,2,1,1,0,2,0,0,0,2,0,0,0,1,1,1,0,0,0,2,0,0,0,0,0,0,0,0,2,0,0,0,0,0,0,0,0,0
6872914,6,1,5,0,2,1,1,1,6,0,0,1,1,4,6,4,1,1,0,0,0,0,0,0,0,3,0,1,1,0,0,0,0,0,1,0,0
6881107,4,0,4,0,4,0,0,0,4,0,0,4,0,0,3,4,0,0,0,0,0,0,0,0,0,3,1,0,0,0,0,0,0,0,0,0,0
6882444,4,1,3,0,2,0,0,0,4,0,0,0,0,4,4,4,0,0,0,0,0,0,0,0,0,3,0,1,0,0,0,0,0,0,0,0,0
6882971,13,0,13,0,13,0,0,0,13,0,0,7,6,0,0,13,0,0,0,0,0,0,0,0,0,9,0,4,0,0,0,0,0,0,0,0,0
6883946,5,0,5,0,5,0,0,0,5,0,0,3,0,2,5,5,0,0,0,0,0,0,0,0,1,0,0,1,0,0,0,0,0,4,0,0,0
6894515,10,0,10,0,10,0,0,0,8,2,0,2,8,0,10,4,2,4,0,0,0,0,0,0,6,0,1,2,0,3,0,0,1,3,0,0,3
6895540,7,0,7,0,7,0,0,0,7,0,0,0,6,1,7,7,0,0,0,0,0,0,0,0,5,7,0,0,0,0,0,0,0,0,0,0,0
6899774,24,2,22,0,19,1,1,3,16,8,0,8,14,2,19,24,0,0,0,0,0,0,0,0,0,17,0,3,0,2,0,0,0,2,0,0,0
6906321,9,4,5,0,4,2,0,2,9,0,0,3,6,0,9,9,0,0,0,0,0,0,0,0,0,9,0,0,0,0,0,0,0,0,0,0,9
6914219,13,5,8,0,4,3,1,2,13,0,0,0,9,4,13,13,0,0,0,0,0,0,0,0,5,12,0,1,0,0,0,0,0,0,0,0,0
6916925,2,1,1,0,2,0,0,0,2,0,0,0,0,2,2,0,0,0,2,0,0,0,0,0,0,0,0,2,0,0,0,0,0,0,0,0,0
6924445,2,0,2,0,1,1,0,0,2,0,0,2,0,0,2,2,0,0,0,0,0,0,0,0,0,2,0,0,0,0,0,0,0,0,0,0,0
6939398,11,8,3,0,7,0,2,2,11,0,0,2,5,4,11,6,3,2,0,0,0,0,0,0,0,6,0,5,0,0,0,0,0,0,0,0,3
6947694,12,5,7,0,10,2,0,0,12,0,0,10,1,1,0,12,0,0,0,0,0,0,0,0,0,9,0,2,0,0,1,0,0,0,0,0,0
6949466,5,3,2,0,5,0,0,0,5,0,0,1,2,2,5,5,0,0,0,0,0,0,0,0,0,3,0,2,0,0,0,0,0,0,0,0,0
6951954,15,5,10,0,3,4,0,7,15,0,0,2,7,6,13,3,2,10,0,0,0,0,0,0,1,9,0,6,0,0,0,0,0,0,0,0,7
6957095,27,6,21,0,19,2,1,3,27,0,0,0,21,6,4,0,0,0,23,0,4,0,0,0,0,0,0,26,1,0,0,0,0,0,0,0,0
6958322,13,6,7,0,3,3,1,6,13,0,0,7,5,1,10,8,5,0,0,0,0,0,0,0,0,6,1,4,0,1,0,1,0,0,0,0,0
6961511,2,1,1,0,1,1,0,0,2,0,0,0,2,0,2,2,0,0,0,0,0,0,0,0,0,1,0,1,0,0,0,0,0,0,0,0,0
6962546,1,1,0,0,0,1,0,0,1,0,0,0,1,0,0,1,0,0,0,0,0,0,0,0,1,1,0,0,0,0,0,0,0,0,0,0,0
6962909,6,0,6,0,6,0,0,0,6,0,0,2,4,0,2,6,0,0,0,0,0,0,0,0,0,3,0,3,0,0,0,0,0,0,0,0,0
6963716,9,3,6,0,7,0,1,0,9,0,0,3,1,5,7,4,3,2,0,0,0,0,0,0,0,4,0,5,0,0,0,0,0,0,0,0,3
6966638,6,1,5,0,6,0,0,0,5,1,0,1,3,2,6,3,3,0,0,0,0,0,0,0,0,2,0,1,2,0,0,0,0,1,0,0,0
6971598,4,1,3,0,1,2,0,1,4,0,0,2,2,0,1,3,0,0,0,0,0,0,0,1,1,0,0,0,0,1,3,0,0,0,0,0,0
6972382,2,0,2,0,2,0,0,0,2,0,0,2,0,0,0,1,0,1,0,0,0,0,0,0,0,2,0,0,0,0,0,0,0,0,0,0,0
6972895,6,4,2,0,3,0,0,2,6,0,0,1,3,2,6,2,3,1,0,0,0,0,0,0,5,3,0,3,0,0,0,0,0,0,0,0,5
6972923,13,2,11,0,7,3,0,3,13,0,0,2,7,4,13,13,0,0,0,0,0,0,0,0,0,13,0,0,0,0,0,0,0,0,0,0,0
6975637,4,0,4,0,4,0,0,0,4,0,0,2,2,0,2,4,0,0,0,0,0,0,0,0,4,1,1,0,0,0,0,0,0,2,0,0,0
6979295,5,2,3,0,4,1,0,0,5,0,0,1,1,3,2,2,3,0,0,0,0,0,0,0,3,1,0,3,0,0,0,0,0,0,1,0,0
6980224,4,1,3,0,2,0,0,2,4,0,0,0,2,2,4,2,2,0,0,0,0,0,0,0,0,3,0,1,0,0,0,0,0,0,0,0,1
6982927,12,1,11,0,12,0,0,0,12,0,0,4,4,4,4,12,0,0,0,0,0,0,0,0,1,6,0,5,0,1,0,0,0,0,0,0,0
7002494,6,0,6,0,6,0,0,0,6,0,0,0,5,1,6,4,0,2,0,0,0,0,0,0,0,3,0,1,0,2,0,0,0,0,0,0,5
7010117,31,5,26,0,17,6,1,5,31,0,0,1,15,15,28,17,5,6,3,0,0,0,0,0,2,18,3,9,1,0,0,0,0,0,0,0,23
7018377,2,0,2,0,1,1,0,0,2,0,0,0,1,1,2,0,1,1,0,0,0,0,0,0,0,1,0,1,0,0,0,0,0,0,0,0,0
7022915,9,3,6,0,9,0,0,0,9,0,0,6,3,0,9,9,0,0,0,0,0,0,0,0,0,7,0,2,0,0,0,0,0,0,0,0,0
7025092,6,4,2,0,3,0,0,2,6,0,0,3,2,1,5,3,2,1,0,0,0,0,0,0,0,4,0,2,0,0,0,0,0,0,0,0,0
7026194,5,1,4,0,2,1,0,2,5,0,0,0,1,4,5,2,1,2,0,0,0,0,0,0,0,2,0,3,0,0,0,0,0,0,0,0,0
7026268,3,1,2,0,0,3,0,0,2,1,0,0,3,0,3,0,2,1,0,0,0,0,0,0,1,0,0,0,0,3,0,0,0,0,0,0,1
7040892,2,2,0,0,1,1,0,0,2,0,0,0,2,0,2,2,0,0,0,0,0,0,0,0,0,2,0,0,0,0,0,0,0,0,0,0,2
7040906,4,0,4,0,4,0,0,0,4,0,0,0,4,0,1,4,0,0,0,0,0,0,0,0,0,0,0,0,0,3,1,0,0,0,0,0,0
7042575,3,0,3,0,2,0,0,1,3,0,0,0,3,0,3,2,1,0,0,0,0,0,0,0,0,2,0,1,0,0,0,0,0,0,0,0,2
7044971,10,4,6,0,3,2,0,2,10,0,0,3,2,5,5,7,2,1,0,0,0,0,0,0,0,6,0,1,0,0,0,2,0,1,0,0,1
7048508,13,0,13,0,13,0,0,0,13,0,0,1,5,7,13,13,0,0,0,0,0,0,0,0,0,0,0,11,0,1,0,0,0,1,0,0,0
7049317,7,4,3,0,1,0,0,3,7,0,0,0,4,3,2,6,0,1,0,0,0,0,0,0,0,6,0,1,0,0,0,0,0,0,0,0,0
7050388,29,15,14,0,9,6,1,12,28,1,0,9,9,11,18,16,12,1,0,0,0,0,0,0,1,19,0,7,0,0,0,2,0,1,0,0,0
7051666,10,0,10,0,8,1,0,1,5,5,0,2,7,1,3,10,0,0,0,0,0,0,0,0,0,6,0,3,0,0,0,0,0,1,0,0,0
7058911,3,0,3,0,3,0,0,0,3,0,0,0,2,1,1,1,0,2,0,0,0,0,0,0,1,1,0,1,0,0,0,0,1,0,0,0,1
7059527,10,0,10,0,4,1,0,3,7,3,0,1,7,2,10,0,0,7,0,0,0,0,0,3,0,0,0,0,0,2,0,8,0,0,0,0,10
7067154,9,6,3,0,1,1,0,6,9,0,0,0,5,4,9,4,2,3,0,0,0,0,0,0,0,5,0,2,1,0,0,0,0,0,1,0,6
7068067,2,1,1,0,0,2,0,0,2,0,0,0,1,1,2,0,0,2,0,0,0,0,0,0,2,0,0,2,0,0,0,0,0,0,0,0,1
7070076,7,1,6,0,7,0,0,0,7,0,0,1,4,2,2,3,0,4,0,0,0,0,0,0,0,0,0,1,0,4,1,0,0,1,0,0,0
7076526,1,0,1,0,1,0,0,0,1,0,0,0,0,1,1,0,0,1,0,0,0,0,0,0,0,0,0,1,0,0,0,0,0,0,0,0,0
7081721,5,1,4,0,3,1,0,1,5,0,0,1,2,2,5,5,0,0,0,0,0,0,0,0,0,5,0,0,0,0,0,0,0,0,0,0,0
7088578,3,2,1,0,2,0,0,1,3,0,0,0,3,0,3,0,0,0,3,0,0,0,0,0,0,0,0,3,0,0,0,0,0,0,0,0,0
7088880,4,0,4,0,2,0,0,2,4,0,0,4,0,0,0,4,0,0,0,0,0,0,0,0,0,4,0,0,0,0,0,0,0,0,0,0,0
7090817,2,0,2,0,1,0,1,0,2,0,0,0,2,0,2,2,0,0,0,0,0,0,0,0,0,2,0,0,0,0,0,0,0,0,0,0,0
7091442,1,0,1,0,1,0,0,0,1,0,0,0,0,1,1,1,0,0,0,0,0,0,0,0,0,0,0,1,0,0,0,0,0,0,0,0,0
7095434,14,1,13,0,14,0,0,0,12,2,0,1,10,3,14,14,0,0,0,0,0,0,0,0,0,11,0,1,0,0,0,0,0,2,0,0,1
7097177,15,2,13,0,13,0,0,1,15,0,0,5,5,5,15,7,5,3,0,0,0,0,0,0,0,1,6,2,2,3,0,0,0,1,0,0,0
7103591,14,9,5,0,5,1,1,7,14,0,0,1,5,8,14,2,3,7,2,0,0,0,0,0,1,5,0,5,2,0,0,0,0,0,2,0,1
7108800,2,0,2,0,0,1,1,0,2,0,0,2,0,0,2,2,0,0,0,0,0,0,0,0,0,1,0,0,0,0,0,1,0,0,0,0,0
7111546,2,0,2,0,1,1,0,0,2,0,0,2,0,0,2,1,1,0,0,0,0,0,0,0,0,2,0,0,0,0,0,0,0,0,0,0,0
7117716,3,1,2,0,0,0,0,1,3,0,0,0,3,0,3,0,0,0,3,0,0,0,0,0,2,2,0,1,0,0,0,0,0,0,0,0,0
7122268,2,0,2,0,1,1,0,0,2,0,0,2,0,0,0,2,0,0,0,0,0,0,0,0,0,2,0,0,0,0,0,0,0,0,0,0,0
7127562,4,0,4,0,4,0,0,0,4,0,0,0,3,1,4,4,0,0,0,0,0,0,0,0,4,4,0,0,0,0,0,0,0,0,0,0,0
7135145,14,1,13,0,8,4,0,2,14,0,0,7,6,1,11,14,0,0,0,0,0,0,0,0,7,6,0,0,0,1,1,0,0,1,5,0,0
7139186,2,0,2,0,2,0,0,0,2,0,0,1,1,0,2,2,0,0,0,0,0,0,0,0,0,0,0,1,0,0,0,0,0,1,0,0,0
7140340,7,4,3,0,4,0,1,2,7,0,0,1,3,3,7,1,0,0,5,0,1,0,0,0,0,1,0,4,1,0,0,0,1,0,0,0,0
7148997,4,4,0,0,4,0,0,0,4,0,0,0,2,2,4,0,0,0,4,0,0,0,0,0,0,0,0,3,1,0,0,0,0,0,0,0,0
7155529,7,2,5,0,2,2,2,0,7,0,0,1,3,3,5,1,1,5,0,0,0,0,0,0,0,3,0,3,1,0,0,0,0,0,0,0,2
7159009,2,2,0,0,0,0,1,1,2,0,0,0,2,0,2,0,2,0,0,0,0,0,0,0,0,2,0,0,0,0,0,0,0,0,0,0,0
7161468,1,1,0,0,0,0,1,0,1,0,0,1,0,0,1,1,0,0,0,0,0,0,0,0,1,1,0,0,0,0,0,0,0,0,0,0,1
7167044,2,0,2,0,0,1,0,1,2,0,0,0,0,2,2,1,1,0,0,0,0,0,0,0,0,1,0,0,1,0,0,0,0,0,0,0,1
7168756,4,1,3,0,1,1,0,1,4,0,0,2,2,0,3,4,0,0,0,0,0,0,0,0,1,2,0,0,0,0,0,0,0,2,0,0,0
7172326,3,1,2,0,0,0,0,2,3,0,0,0,3,0,3,1,2,0,0,0,0,0,0,0,0,2,0,1,0,0,0,0,0,0,0,0,0
7172793,11,3,8,0,7,1,0,2,11,0,0,5,4,2,5,8,2,1,0,0,0,0,0,0,0,6,0,2,0,0,2,1,0,0,0,0,7
7178422,3,1,2,0,1,0,0,2,2,1,0,0,1,2,3,2,0,1,0,0,0,0,0,0,1,1,0,1,0,0,0,0,0,1,0,0,1
7182188,4,2,2,0,3,0,0,0,4,0,0,1,3,0,4,3,1,0,0,0,0,0,0,0,0,4,0,0,0,0,0,0,0,0,0,0,2
7185619,6,0,6,0,0,1,0,4,6,0,0,2,2,2,6,4,0,2,0,0,0,0,0,0,0,4,0,1,0,0,0,0,0,1,0,0,3
7187105,1,1,0,0,0,0,0,0,1,0,0,0,0,1,1,1,0,0,0,0,0,0,0,0,0,1,0,0,0,0,0,0,0,0,0,0,0
7203102,4,2,2,0,1,1,1,1,4,0,0,0,2,2,4,4,0,0,0,0,0,0,0,0,4,1,0,2,0,0,0,0,1,0,0,0,1
7203433,3,0,3,0,3,0,0,0,3,0,0,1,1,1,0,3,0,0,0,0,0,0,0,0,0,3,0,0,0,0,0,0,0,0,0,0,0
7206170,10,4,6,0,8,1,0,0,10,0,0,5,5,0,10,6,0,4,0,0,0,0,0,0,0,9,0,0,0,1,0,0,0,0,0,0,9
7211681,1,1,0,0,0,0,0,1,1,0,0,1,0,0,1,1,0,0,0,0,0,0,0,0,1,1,0,0,0,0,0,0,0,0,0,0,0
7211917,13,6,7,0,4,1,3,4,13,0,0,3,6,4,9,10,3,0,0,0,0,0,0,0,0,10,0,2,1,0,0,0,0,0,0,0,0
7214533,3,2,1,0,2,0,0,1,3,0,0,3,0,0,1,3,0,0,0,0,0,0,0,0,0,3,0,0,0,0,0,0,0,0,0,0,0
7216680,4,0,4,0,4,0,0,0,4,0,0,1,2,1,3,4,0,0,0,0,0,0,0,0,0,1,0,0,0,0,0,0,0,3,0,0,0
7218966,17,6,11,0,6,4,2,2,17,0,0,1,11,5,16,17,0,0,0,0,0,0,0,0,0,0,0,7,0,2,0,8,0,0,0,0,17
7221814,13,0,13,0,13,0,0,0,12,1,0,4,7,2,13,13,0,0,0,0,0,0,0,0,0,11,0,0,0,1,0,0,0,1,0,0,1
7223132,2,1,1,0,1,1,0,0,2,0,0,0,2,0,2,2,0,0,0,0,0,0,0,0,2,2,0,0,0,0,0,0,0,0,0,0,0
7223596,37,11,26,0,10,7,1,11,37,0,0,1,35,1,37,37,0,0,0,0,0,0,0,0,37,4,0,2,0,0,0,28,3,0,0,0,35
7224500,21,0,21,0,18,1,0,1,19,2,0,2,17,2,15,21,0,0,0,0,0,0,0,0,0,18,0,1,0,0,0,0,0,2,0,0,0
7233929,13,9,4,0,3,3,1,5,13,0,0,11,1,1,13,7,5,1,0,0,0,0,0,0,0,11,0,1,1,0,0,0,0,0,0,0,0
7236017,2,1,1,0,0,1,0,0,2,0,0,0,0,2,1,0,2,0,0,0,0,0,0,0,2,1,0,0,1,0,0,0,0,0,0,0,0
7236758,4,0,4,0,4,0,0,0,4,0,0,0,2,2,4,4,0,0,0,0,0,0,0,0,3,4,0,0,0,0,0,0,0,0,0,0,0
7239905,5,1,4,0,5,0,0,0,4,1,0,4,1,0,5,5,0,0,0,0,0,0,0,0,0,4,0,0,0,0,0,0,0,1,0,0,0
7242330,20,7,13,0,12,2,1,4,20,0,0,6,12,2,18,10,7,3,0,0,0,0,0,0,0,17,0,1,0,1,0,0,0,1,0,0,0
7243438,2,0,2,0,2,0,0,0,2,0,0,0,2,0,2,2,0,0,0,0,0,0,0,0,0,2,0,0,0,0,0,0,0,0,0,0,0
7248343,5,1,4,0,4,0,0,1,5,0,0,0,2,3,5,0,0,0,5,0,0,0,0,0,0,1,0,4,0,0,0,0,0,0,0,0,0
7252870,6,0,6,0,4,1,0,0,6,0,0,2,3,1,3,6,0,0,0,0,0,0,0,0,1,1,0,0,0,0,0,0,0,5,0,0,1
7255053,7,2,5,0,2,2,0,3,7,0,0,0,4,3,7,3,4,0,0,0,0,0,0,0,0,3,0,3,0,1,0,0,0,0,0,0,0
7265117,4,2,2,0,2,0,0,0,4,0,0,2,1,1,3,2,2,0,0,0,0,0,0,0,0,3,0,1,0,0,0,0,0,0,0,0,0
7265297,2,1,1,0,2,0,0,0,2,0,0,1,1,0,2,2,0,0,0,0,0,0,0,0,1,2,0,0,0,0,0,0,0,0,0,0,1
7271861,1,0,1,0,1,0,0,0,1,0,0,0,1,0,1,0,0,0,1,0,0,0,0,0,0,0,0,1,0,0,0,0,0,0,0,0,0
7272592,10,0,10,0,7,0,0,3,10,0,0,0,8,2,9,10,0,0,0,0,0,0,0,0,10,0,0,1,0,1,0,0,0,8,0,0,0
7277706,3,0,3,0,2,1,0,0,3,0,0,1,1,1,3,1,1,1,0,0,0,0,0,0,0,2,0,1,0,0,0,0,0,0,0,0,0
7278736,16,6,10,0,4,3,1,5,16,0,0,0,7,9,3,1,11,4,0,0,0,0,0,0,0,11,0,4,0,0,0,0,1,0,0,0,1
7283123,2,1,1,0,2,0,0,0,2,0,0,2,0,0,2,2,0,0,0,0,0,0,0,0,0,2,0,0,0,0,0,0,0,0,0,0,0
7283325,8,4,4,0,6,1,0,1,8,0,0,1,6,1,0,8,0,0,0,0,0,0,0,0,1,7,0,0,0,0,0,0,0,1,0,0,0
7291929,9,2,7,0,8,1,0,0,9,0,0,5,2,2,4,5,4,0,0,0,0,0,0,0,0,4,0,4,0,1,0,0,0,0,0,0,1
7292220,5,0,5,0,5,0,0,0,5,0,0,1,2,2,5,5,0,0,0,0,0,0,0,0,5,0,0,1,1,0,0,0,0,3,0,0,0
7293645,1,0,1,0,0,1,0,0,1,0,0,0,0,1,1,0,1,0,0,0,0,0,0,0,0,1,0,0,0,0,0,0,0,0,0,0,0
7294995,8,1,7,0,8,0,0,0,8,0,0,0,4,4,3,8,0,0,0,0,0,0,0,0,0,0,0,3,0,1,3,0,0,1,0,0,0
7295927,9,3,6,0,6,0,0,1,9,0,0,0,8,1,6,4,1,4,0,0,0,0,0,0,0,7,0,2,0,0,0,0,0,0,0,0,0
7300100,13,1,12,0,6,0,1,5,13,0,0,3,9,1,12,5,7,1,0,0,0,0,0,0,0,7,0,4,0,0,0,2,0,0,0,0,0
7302254,3,1,2,0,0,0,2,1,3,0,0,1,1,1,2,2,0,1,0,0,0,0,0,0,0,1,0,1,0,0,0,0,0,0,1,0,0
7305402,3,0,3,0,2,0,0,1,3,0,0,3,0,0,3,3,0,0,0,0,0,0,0,0,0,3,0,0,0,0,0,0,0,0,0,0,3
7307362,15,0,15,0,15,0,0,0,15,0,0,11,2,2,11,15,0,0,0,0,0,0,0,0,0,9,0,1,0,0,0,1,0,4,0,0,0
7314361,17,12,5,0,3,6,0,6,17,0,0,4,10,3,0,7,10,0,0,0,0,0,0,0,1,12,0,5,0,0,0,0,0,0,0,0,0
7317230,9,0,9,0,9,0,0,0,2,7,0,1,5,3,3,5,2,2,0,0,0,0,0,0,7,3,2,1,0,0,3,0,0,0,0,0,0
7323003,7,0,7,0,6,0,0,1,1,6,0,4,2,1,5,0,0,0,0,0,0,0,4,3,0,3,0,1,0,0,0,3,0,0,0,0,7
7325577,8,8,0,0,4,2,0,1,8,0,0,2,5,1,8,5,2,1,0,0,0,0,0,0,0,2,2,1,0,1,0,0,0,2,0,0,0
7326561,3,1,2,0,1,0,1,1,3,0,0,0,3,0,3,0,0,0,3,0,0,0,0,0,0,1,0,1,1,0,0,0,0,0,0,0,0
7331800,4,0,4,0,1,3,0,0,4,0,0,2,1,1,4,3,1,0,0,0,0,0,0,0,2,0,0,0,0,3,0,1,0,0,0,0,1
7332495,13,7,6,0,3,4,2,4,13,0,0,2,10,1,9,3,8,2,0,0,0,0,0,0,0,8,0,4,0,0,0,1,0,0,0,0,1
7332818,6,2,4,0,2,1,0,2,2,4,0,0,4,2,6,3,3,0,0,0,0,0,0,0,0,3,0,3,0,0,0,0,0,0,0,0,0
7336240,59,6,53,0,53,1,0,5,59,0,0,16,29,14,57,59,0,0,0,0,0,0,0,0,0,29,0,10,1,2,0,1,0,14,2,0,0
7337085,3,0,3,0,0,1,1,1,3,0,0,1,2,0,3,3,0,0,0,0,0,0,0,0,0,1,0,2,0,0,0,0,0,0,0,0,2
7346759,1,0,1,0,0,0,0,0,1,0,0,1,0,0,1,1,0,0,0,0,0,0,0,0,0,1,0,0,0,0,0,0,0,0,0,0,0
7346959,8,0,8,0,8,0,0,0,2,6,0,4,2,2,8,8,0,0,0,0,0,0,0,0,6,2,0,2,0,1,1,0,0,2,0,0,0
7348052,3,2,1,0,0,1,0,2,3,0,0,0,2,1,3,0,0,0,3,0,0,0,0,0,0,0,0,3,0,0,0,0,0,0,0,0,0
7354787,7,0,7,0,7,0,0,0,7,0,0,6,1,0,4,2,0,2,0,0,0,0,2,1,0,0,0,0,0,0,7,0,0,0,0,0,0
7357435,16,0,16,0,14,2,0,0,16,0,0,6,6,4,14,12,1,3,0,0,0,0,0,0,5,2,0,5,0,0,1,0,0,8,0,0,1
7361658,3,0,3,0,1,0,0,2,3,0,0,0,3,0,3,0,0,0,3,0,0,0,0,0,0,0,0,3,0,0,0,0,0,0,0,0,0
7365407,9,6,3,0,3,1,1,4,9,0,0,0,9,0,9,6,3,0,0,0,0,0,0,0,1,7,0,2,0,0,0,0,0,0,0,0,0
7372661,7,4,3,0,1,1,0,1,7,0,0,2,2,3,7,3,3,1,0,0,0,0,0,0,0,1,0,2,2,0,0,1,0,1,0,0,0
7373813,10,4,6,0,3,2,2,2,10,0,0,0,8,2,10,0,1,0,9,0,0,0,0,0,1,3,0,7,0,0,0,0,0,0,0,0,1
7379042,6,0,6,0,6,0,0,0,6,0,0,1,5,0,6,6,0,0,0,0,0,0,0,0,0,2,1,3,0,0,0,0,0,0,0,0,0
7382858,8,1,7,0,5,0,0,2,8,0,0,0,3,5,8,0,0,0,8,0,0,0,0,0,0,0,0,8,0,0,0,0,0,0,0,0,7
7383655,4,3,1,0,1,0,0,1,4,0,0,0,4,0,4,0,0,0,4,0,0,0,0,0,4,0,0,4,0,0,0,0,0,0,0,0,0
7385144,13,3,10,0,2,2,1,7,13,0,0,0,6,7,13,6,2,5,0,0,0,0,0,0,0,3,0,6,1,0,0,0,0,0,3,0,0
7390170,1,1,0,0,1,0,0,0,1,0,0,1,0,0,0,1,0,0,0,0,0,0,0,0,0,1,0,0,0,0,0,0,0,0,0,0,0
7392891,4,0,4,0,0,0,0,3,4,0,0,1,1,2,3,3,1,0,0,0,0,0,0,0,0,2,1,0,0,0,0,0,0,1,0,0,0
7399753,2,0,2,0,2,0,0,0,2,0,0,1,1,0,1,1,1,0,0,0,0,0,0,0,0,1,0,0,1,0,0,0,0,0,0,0,0
7400524,15,4,11,0,7,0,0,7,15,0,0,0,9,6,12,0,0,0,15,0,0,0,0,0,0,1,0,14,0,0,0,0,0,0,0,0,3
7404716,2,1,1,0,2,0,0,0,2,0,0,1,1,0,0,1,0,1,0,0,0,0,0,0,0,1,0,1,0,0,0,0,0,0,0,0,0
7407764,5,4,1,0,5,0,0,0,5,0,0,0,5,0,0,5,0,0,0,0,0,0,0,0,0,2,0,3,0,0,0,0,0,0,0,0,0
7416827,6,0,6,0,4,0,0,2,6,0,0,0,0,6,4,6,0,0,0,0,0,0,0,0,0,3,0,3,0,0,0,0,0,0,0,0,0
7417865,2,1,1,0,0,0,0,1,2,0,0,0,1,1,2,1,0,1,0,0,0,0,0,0,0,2,0,0,0,0,0,0,0,0,0,0,1
7420515,2,0,2,0,2,0,0,0,2,0,0,2,0,0,1,2,0,0,0,0,0,0,0,0,0,1,0,0,0,1,0,0,0,0,0,0,0
7422393,2,0,2,0,0,1,0,1,2,0,0,2,0,0,2,2,0,0,0,0,0,0,0,0,1,0,0,0,0,2,0,0,0,0,0,0,0
7429764,4,0,4,0,4,0,0,0,4,0,0,1,2,1,4,4,0,0,0,0,0,0,0,0,0,4,0,0,0,0,0,0,0,0,0,0,1
7432173,17,1,16,0,17,0,0,0,17,0,0,1,9,7,17,17,0,0,0,0,0,0,0,0,1,0,0,11,0,3,0,0,0,3,0,0,0
7436295,1,1,0,0,0,1,0,0,1,0,0,1,0,0,1,1,0,0,0,0,0,0,0,0,0,1,0,0,0,0,0,0,0,0,0,0,1
7445537,26,21,5,0,6,4,9,5,26,0,0,8,16,2,12,16,6,4,0,0,0,0,0,0,0,22,0,1,0,2,0,1,0,0,0,0,0
7449299,3,2,1,0,1,2,0,0,3,0,0,0,3,0,3,1,1,1,0,0,0,0,0,0,0,2,0,1,0,0,0,0,0,0,0,0,0
7460065,27,4,23,0,27,0,0,0,27,0,0,2,11,14,26,27,0,0,0,0,0,0,0,0,0,23,0,4,0,0,0,0,0,0,0,0,25
7462170,4,1,3,0,3,0,0,1,4,0,0,4,0,0,2,4,0,0,0,0,0,0,0,0,0,4,0,0,0,0,0,0,0,0,0,0,0
7467406,20,3,17,0,11,6,0,3,14,6,0,0,10,10,19,7,7,2,3,0,1,0,0,0,0,11,0,9,0,0,0,0,0,0,0,0,12
7472043,2,0,2,0,0,1,0,1,2,0,0,0,0,2,2,2,0,0,0,0,0,0,0,0,0,0,0,0,0,0,0,2,0,0,0,0,0
7474082,3,1,2,0,0,2,0,1,3,0,0,0,0,3,3,0,0,0,3,0,0,0,0,0,3,0,0,3,0,0,0,0,0,0,0,0,0
7478484,42,17,25,0,17,6,0,11,42,0,0,5,17,20,40,19,12,8,3,0,0,0,0,0,0,16,0,17,2,1,0,0,0,6,0,0,0
7482179,4,2,2,0,0,1,1,2,4,0,0,0,2,2,4,0,0,0,4,0,0,0,0,0,3,1,0,3,0,0,0,0,0,0,0,0,2
7484769,2,0,2,0,2,0,0,0,2,0,0,2,0,0,0,2,0,0,0,0,0,0,0,0,0,2,0,0,0,0,0,0,0,0,0,0,0
7488257,19,9,10,0,8,3,1,6,19,0,0,0,7,12,19,9,8,2,0,0,0,0,0,0,6,10,0,6,0,0,0,3,0,0,0,0,1
7488551,4,3,1,0,4,0,0,0,3,1,0,1,3,0,4,1,1,2,0,0,0,0,0,0,0,2,0,2,0,0,0,0,0,0,0,0,0
7488803,13,9,4,0,3,5,1,2,13,0,0,0,3,10,10,0,0,0,13,0,0,0,0,0,0,0,0,11,2,0,0,0,0,0,0,0,0
7499749,6,3,3,0,0,1,1,2,6,0,0,1,5,0,6,3,0,3,0,0,0,0,0,0,0,6,0,0,0,0,0,0,0,0,0,0,0
7500049,9,4,5,0,4,1,1,2,9,0,0,0,9,0,8,1,0,8,0,0,0,0,0,0,0,0,0,0,0,0,0,9,0,0,0,0,9
7501813,10,3,7,0,10,0,0,0,7,3,0,1,4,5,9,10,0,0,0,0,0,0,0,0,0,1,0,5,0,2,0,0,1,1,0,0,0
7502242,10,3,7,0,2,2,1,4,10,0,0,2,7,1,10,10,0,0,0,0,0,0,0,0,3,8,0,1,0,1,0,0,0,0,0,0,0
7505020,3,1,2,0,3,0,0,0,3,0,0,1,2,0,3,3,0,0,0,0,0,0,0,0,0,2,1,0,0,0,0,0,0,0,0,0,0
7506559,2,1,1,0,0,0,0,2,2,0,0,0,2,0,2,2,0,0,0,0,0,0,0,0,0,2,0,0,0,0,0,0,0,0,0,0,0
7511029,8,2,6,0,3,0,0,4,7,1,0,1,4,3,7,2,1,2,2,0,1,0,0,0,0,5,0,3,0,0,0,0,0,0,0,0,0
7514633,4,2,2,0,3,0,0,1,4,0,0,0,2,2,4,2,2,0,0,0,0,0,0,0,0,1,0,3,0,0,0,0,0,0,0,0,0
7517972,3,0,3,0,1,1,0,1,3,0,0,0,1,2,3,3,0,0,0,0,0,0,0,0,0,2,0,1,0,0,0,0,0,0,0,0,3
7529519,6,2,4,0,3,2,0,1,6,0,0,4,1,1,5,6,0,0,0,0,0,0,0,0,0,6,0,0,0,0,0,0,0,0,0,0,0
7530521,9,4,5,0,3,4,0,1,9,0,0,3,3,3,9,9,0,0,0,0,0,0,0,0,0,7,0,2,0,0,0,0,0,0,0,0,2
7534290,15,0,15,0,15,0,0,0,10,5,0,4,8,3,6,10,2,3,0,0,0,0,0,0,1,3,0,3,1,2,0,0,0,6,0,0,0
7537660,5,0,5,0,5,0,0,0,5,0,0,3,2,0,3,5,0,0,0,0,0,0,0,0,0,2,0,0,0,0,0,0,0,3,0,0,0
7540058,5,3,2,0,2,0,1,1,5,0,0,2,2,1,4,4,1,0,0,0,0,0,0,0,0,2,0,2,0,0,0,0,0,1,0,0,4
7541810,4,0,4,0,4,0,0,0,4,0,0,2,1,1,1,4,0,0,0,0,0,0,0,0,0,2,0,1,0,0,0,0,0,1,0,0,0
7542086,3,0,3,0,2,0,0,1,3,0,0,0,1,2,3,3,0,0,0,0,0,0,0,0,0,2,0,1,0,0,0,0,0,0,0,0,0
7545930,12,5,7,0,12,0,0,0,7,5,0,4,8,0,1,12,0,0,0,0,0,0,0,0,0,10,0,2,0,0,0,0,0,0,0,0,0
7553127,9,2,7,0,9,0,0,0,9,0,0,4,2,3,8,9,0,0,0,0,0,0,0,0,0,3,0,5,0,0,0,0,0,1,0,0,3
7553850,4,4,0,0,2,0,0,2,4,0,0,0,3,1,4,4,0,0,0,0,0,0,0,0,0,0,0,4,0,0,0,0,0,0,0,0,0
7554052,4,0,4,0,1,3,0,0,4,0,0,0,4,0,4,4,0,0,0,0,0,0,0,0,0,0,0,0,0,0,0,0,0,4,0,0,0
7557472,1,0,1,0,0,0,0,1,1,0,0,0,1,0,1,0,1,0,0,0,0,0,0,0,0,0,0,1,0,0,0,0,0,0,0,0,0
7558468,5,0,5,0,5,0,0,0,5,0,0,0,4,1,0,5,0,0,0,0,0,0,0,0,0,2,0,2,0,0,1,0,0,0,0,0,0
7560958,4,1,3,0,4,0,0,0,4,0,0,3,1,0,4,4,0,0,0,0,0,0,0,0,0,2,0,0,0,0,0,0,0,2,0,0,2
7564708,13,9,4,0,9,0,0,3,11,2,0,0,7,6,13,0,0,0,12,0,1,0,0,0,1,1,0,11,0,1,0,0,0,0,0,0,0
7567947,13,9,4,0,6,1,0,4,13,0,0,6,4,3,5,8,2,3,0,0,0,0,0,0,0,8,0,4,0,0,0,0,0,1,0,0,1
7574188,3,2,1,0,0,0,1,1,3,0,0,1,2,0,1,3,0,0,0,0,0,0,0,0,0,2,0,1,0,0,0,0,0,0,0,0,0
7580941,11,3,8,0,5,0,1,4,11,0,0,1,7,3,9,7,0,1,1,0,2,0,0,0,0,7,0,3,0,1,0,0,0,0,0,0,2
7581406,6,0,6,0,6,0,0,0,5,0,1,4,2,0,6,6,0,0,0,0,0,0,0,0,2,0,0,0,0,1,0,0,1,4,0,0,0
7587237,4,2,2,0,4,0,0,0,4,0,0,1,3,0,4,0,0,4,0,0,0,0,0,0,0,0,0,0,0,0,0,0,0,0,4,0,0
7587876,3,0,3,0,0,0,0,3,3,0,0,2,0,1,2,3,0,0,0,0,0,0,0,0,0,3,0,0,0,0,0,0,0,0,0,0,0
7590464,4,0,4,0,4,0,0,0,4,0,0,2,1,1,0,4,0,0,0,0,0,0,0,0,0,4,0,0,0,0,0,0,0,0,0,0,0
7592471,29,0,29,0,28,1,0,0,29,0,0,11,17,1,16,25,0,0,0,0,0,0,0,4,8,2,0,0,0,17,10,0,0,0,0,0,0
7593126,5,0,5,0,5,0,0,0,5,0,0,4,1,0,5,4,0,0,0,0,0,0,0,1,0,0,0,0,0,0,4,0,0,1,0,0,0
7597174,11,2,9,0,4,7,0,0,11,0,0,5,5,1,7,10,0,0,1,0,0,0,0,0,4,4,0,1,0,1,4,0,0,1,0,0,0
7599751,11,3,8,0,4,1,0,4,11,0,0,3,7,1,11,8,3,0,0,0,0,0,0,0,1,4,0,3,0,0,0,4,0,0,0,0,1
7600716,19,4,15,0,10,0,1,7,19,0,0,5,11,3,18,12,6,1,0,0,0,0,0,0,1,13,2,3,0,0,0,1,0,0,0,0,1
7602438,7,0,7,0,7,0,0,0,6,1,0,1,6,0,4,5,0,0,0,0,0,0,2,0,0,0,0,3,0,0,0,0,3,1,0,0,0
7611503,1,0,1,0,0,0,0,0,1,0,0,0,0,1,1,0,0,1,0,0,0,0,0,0,0,0,0,1,0,0,0,0,0,0,0,0,0
7611861,2,0,2,0,2,0,0,0,2,0,0,0,0,2,2,2,0,0,0,0,0,0,0,0,0,2,0,0,0,0,0,0,0,0,0,0,0
7616889,5,0,5,0,5,0,0,0,4,1,0,3,2,0,5,5,0,0,0,0,0,0,0,0,0,4,0,0,0,0,0,0,0,1,0,0,0
7619896,16,8,8,0,7,0,1,5,16,0,0,1,10,5,16,0,0,1,9,0,6,0,0,0,10,2,0,13,0,0,0,0,0,0,0,1,3
7622081,5,0,5,0,5,0,0,0,4,0,1,1,1,3,4,5,0,0,0,0,0,0,0,0,0,0,0,3,0,1,0,0,0,1,0,0,0
7624921,6,0,6,0,6,0,0,0,6,0,0,6,0,0,6,6,0,0,0,0,0,0,0,0,6,6,0,0,0,0,0,0,0,0,0,0,0
7630690,2,0,2,0,0,1,0,1,2,0,0,2,0,0,2,2,0,0,0,0,0,0,0,0,2,2,0,0,0,0,0,0,0,0,0,0,2
7632913,8,4,4,0,4,1,0,3,8,0,0,0,7,1,8,0,0,2,2,0,4,0,0,0,6,2,0,6,0,0,0,0,0,0,0,0,0
7634595,13,1,12,0,13,0,0,0,10,3,0,9,4,0,13,13,0,0,0,0,0,0,0,0,12,13,0,0,0,0,0,0,0,0,0,0,0
7635140,7,4,3,0,7,0,0,0,7,0,0,3,4,0,6,3,3,1,0,0,0,0,0,0,0,3,0,3,0,0,0,1,0,0,0,0,0
7636268,4,0,4,0,4,0,0,0,1,3,0,0,4,0,2,4,0,0,0,0,0,0,0,0,0,0,0,1,0,2,0,0,0,1,0,0,0
7637542,18,6,12,0,8,4,2,4,18,0,0,1,12,5,13,5,3,10,0,0,0,0,0,0,2,9,1,6,0,0,0,0,1,0,1,0,2
7638126,17,0,17,0,16,0,0,1,11,6,0,9,5,3,17,17,0,0,0,0,0,0,0,0,0,13,0,3,0,0,0,0,0,1,0,0,2
7638187,14,5,9,0,12,0,0,1,14,0,0,0,9,5,6,4,4,6,0,0,0,0,0,0,0,10,1,2,0,0,0,1,0,0,0,0,1
7640377,4,1,3,0,2,1,0,0,4,0,0,2,1,1,3,2,0,2,0,0,0,0,0,0,0,4,0,0,0,0,0,0,0,0,0,0,1
7642022,4,1,3,0,2,0,1,1,4,0,0,0,2,2,4,1,2,1,0,0,0,0,0,0,0,2,0,1,1,0,0,0,0,0,0,0,0
7644398,7,3,4,0,2,1,1,2,7,0,0,0,7,0,6,5,0,0,2,0,0,0,0,0,1,4,0,2,1,0,0,0,0,0,0,0,0
7644865,2,1,1,0,1,1,0,0,2,0,0,1,1,0,2,2,0,0,0,0,0,0,0,0,2,1,0,1,0,0,0,0,0,0,0,0,0
7648127,4,3,1,0,4,0,0,0,4,0,0,0,1,3,4,4,0,0,0,0,0,0,0,0,0,2,0,2,0,0,0,0,0,0,0,0,0
7662239,4,1,3,0,4,0,0,0,4,0,0,3,1,0,4,4,0,0,0,0,0,0,0,0,0,4,0,0,0,0,0,0,0,0,0,0,0
7663434,3,2,1,0,1,0,0,2,3,0,0,3,0,0,3,3,0,0,0,0,0,0,0,0,0,2,0,0,0,0,0,0,0,1,0,0,0
7670597,2,1,1,0,1,0,0,1,2,0,0,0,2,0,2,2,0,0,0,0,0,0,0,0,2,2,0,0,0,0,0,0,0,0,0,0,1
7674356,2,0,2,0,2,0,0,0,2,0,0,0,0,2,2,2,0,0,0,0,0,0,0,0,0,2,0,0,0,0,0,0,0,0,0,0,0
7676779,5,1,4,0,5,0,0,0,5,0,0,5,0,0,5,5,0,0,0,0,0,0,0,0,1,5,0,0,0,0,0,0,0,0,0,0,0
7677833,4,0,4,0,1,0,1,2,4,0,0,4,0,0,4,4,0,0,0,0,0,0,0,0,0,2,2,0,0,0,0,0,0,0,0,0,4
7678262,18,6,12,0,12,3,0,2,18,0,0,7,2,9,17,9,7,2,0,0,0,0,0,0,0,10,0,6,0,0,0,0,0,0,2,0,0
7683373,8,0,8,0,7,1,0,0,8,0,0,7,1,0,8,8,0,0,0,0,0,0,0,0,0,7,0,1,0,0,0,0,0,0,0,0,1
7684981,2,1,1,0,2,0,0,0,2,0,0,1,1,0,0,1,1,0,0,0,0,0,0,0,0,1,0,1,0,0,0,0,0,0,0,0,0
7687069,10,2,8,0,9,0,0,1,10,0,0,1,6,3,5,2,4,4,0,0,0,0,0,0,0,10,0,0,0,0,0,0,0,0,0,0,2
7692368,3,2,1,0,1,2,0,0,3,0,0,0,1,2,3,0,0,3,0,0,0,0,0,0,0,3,0,0,0,0,0,0,0,0,0,0,3
7694868,7,1,6,0,4,2,0,1,6,1,0,2,1,4,3,4,2,1,0,0,0,0,0,0,0,5,0,2,0,0,0,0,0,0,0,0,0
7703966,1,0,1,0,0,0,0,1,1,0,0,0,0,1,1,1,0,0,0,0,0,0,0,0,0,1,0,0,0,0,0,0,0,0,0,0,1
7708275,4,2,2,0,4,0,0,0,3,1,0,1,3,0,2,4,0,0,0,0,0,0,0,0,0,0,0,3,0,0,1,0,0,0,0,0,0
7708916,2,1,1,0,2,0,0,0,2,0,0,1,1,0,2,2,0,0,0,0,0,0,0,0,0,1,0,1,0,0,0,0,0,0,0,0,0
7709855,5,2,3,0,5,0,0,0,5,0,0,5,0,0,5,5,0,0,0,0,0,0,0,0,0,5,0,0,0,0,0,0,0,0,0,0,0
7717782,11,6,5,0,2,1,3,1,11,0,0,3,4,4,11,7,2,2,0,0,0,0,0,0,0,8,0,3,0,0,0,0,0,0,0,0,0
7723804,8,1,7,0,4,1,1,1,8,0,0,8,0,0,8,8,0,0,0,0,0,0,0,0,0,8,0,0,0,0,0,0,0,0,0,0,8
7726000,2,2,0,0,1,0,0,1,2,0,0,0,0,2,2,0,0,2,0,0,0,0,0,0,0,1,0,1,0,0,0,0,0,0,0,0,0
7728034,2,2,0,0,0,0,0,2,2,0,0,2,0,0,2,2,0,0,0,0,0,0,0,0,0,2,0,0,0,0,0,0,0,0,0,0,0
7734732,12,0,12,0,11,0,0,1,12,0,0,0,7,5,12,12,0,0,0,0,0,0,0,0,0,10,0,2,0,0,0,0,0,0,0,0,0
7735282,2,1,1,0,1,1,0,0,2,0,0,1,0,1,1,2,0,0,0,0,0,0,0,0,0,2,0,0,0,0,0,0,0,0,0,0,1
7739785,4,2,2,0,1,0,0,3,4,0,0,1,3,0,3,0,0,4,0,0,0,0,0,0,0,3,0,1,0,0,0,0,0,0,0,0,0
7741082,1,0,1,0,0,0,0,0,1,0,0,0,0,1,1,1,0,0,0,0,0,0,0,0,0,1,0,0,0,0,0,0,0,0,0,0,0
7743192,5,2,3,0,5,0,0,0,5,0,0,0,3,2,5,5,0,0,0,0,0,0,0,0,0,5,0,0,0,0,0,0,0,0,0,0,0
7744599,25,1,24,0,23,1,0,0,18,7,0,8,9,8,25,25,0,0,0,0,0,0,0,0,3,17,0,3,0,0,0,0,1,4,0,0,1
7745465,9,1,8,0,9,0,0,0,8,1,0,4,5,0,7,9,0,0,0,0,0,0,0,0,2,0,1,1,0,0,0,0,0,7,0,0,0
7748548,1,0,1,0,1,0,0,0,1,0,0,0,1,0,0,1,0,0,0,0,0,0,0,0,0,1,0,0,0,0,0,0,0,0,0,0,0
7751994,6,6,0,0,0,3,2,0,6,0,0,0,4,2,6,4,0,2,0,0,0,0,0,0,0,5,0,1,0,0,0,0,0,0,0,0,1
7768919,9,0,9,0,7,0,0,2,9,0,0,0,8,1,9,9,0,0,0,0,0,0,0,0,0,8,0,0,1,0,0,0,0,0,0,0,0
7768946,20,9,11,0,12,2,0,3,20,0,0,2,6,12,20,10,6,1,3,0,0,0,0,0,2,9,0,7,1,1,0,0,0,2,0,0,2
7775234,4,1,3,0,1,1,1,0,4,0,0,1,2,1,4,2,1,1,0,0,0,0,0,0,1,3,0,1,0,0,0,0,0,0,0,0,1
7775611,7,1,6,0,2,2,1,0,6,1,0,0,7,0,7,7,0,0,0,0,0,0,0,0,0,0,0,1,0,0,0,6,0,0,0,0,6
7776349,15,0,15,0,13,1,0,1,15,0,0,4,7,4,3,15,0,0,0,0,0,0,0,0,4,0,2,9,0,1,0,0,0,0,0,3,1
7781057,17,0,17,0,10,2,0,5,10,7,0,3,6,8,16,17,0,0,0,0,0,0,0,0,0,0,0,0,1,5,0,0,0,11,0,0,0
7781487,6,0,6,0,6,0,0,0,6,0,0,5,1,0,0,6,0,0,0,0,0,0,0,0,0,4,1,1,0,0,0,0,0,0,0,0,0
7782829,2,2,0,0,1,1,0,0,2,0,0,0,2,0,2,2,0,0,0,0,0,0,0,0,1,2,0,0,0,0,0,0,0,0,0,0,0
7793283,2,0,2,0,2,0,0,0,2,0,0,2,0,0,2,1,0,1,0,0,0,0,0,0,0,2,0,0,0,0,0,0,0,0,0,0,0
7797108,13,1,12,0,10,1,0,2,12,1,0,4,6,3,5,13,0,0,0,0,0,0,0,0,0,0,0,4,0,2,0,0,1,6,0,0,0
7801502,6,1,5,0,6,0,0,0,6,0,0,2,3,1,2,6,0,0,0,0,0,0,0,0,0,4,0,2,0,0,0,0,0,0,0,0,0
7804676,2,0,2,0,1,1,0,0,2,0,0,1,0,1,1,1,0,1,0,0,0,0,0,0,0,2,0,0,0,0,0,0,0,0,0,0,0
7805052,5,0,5,0,5,0,0,0,5,0,0,5,0,0,1,5,0,0,0,0,0,0,0,0,0,5,0,0,0,0,0,0,0,0,0,0,0
7805688,10,0,10,0,10,0,0,0,10,0,0,6,3,1,9,3,7,0,0,0,0,0,0,0,0,1,0,0,0,6,2,1,0,0,0,0,4
7809129,2,2,0,0,2,0,0,0,2,0,0,1,0,1,2,1,1,0,0,0,0,0,0,0,0,1,0,1,0,0,0,0,0,0,0,0,0
7810263,5,1,4,0,2,3,0,0,5,0,0,2,0,3,3,0,0,3,0,0,0,0,0,2,0,3,0,0,0,1,0,0,1,0,0,0,3
7819728,8,2,6,0,6,1,1,0,8,0,0,5,2,1,8,4,4,0,0,0,0,0,0,0,0,3,0,5,0,0,0,0,0,0,0,0,0
7824606,12,0,12,0,11,1,0,0,12,0,0,0,5,7,12,12,0,0,0,0,0,0,0,0,0,7,0,5,0,0,0,0,0,0,0,0,4
7829335,13,0,13,0,10,1,0,2,13,0,0,3,7,3,13,13,0,0,0,0,0,0,0,0,0,1,0,5,0,1,0,1,0,4,1,0,0
7838161,10,0,10,0,6,1,0,2,10,0,0,0,9,1,10,10,0,0,0,0,0,0,0,0,0,9,0,1,0,0,0,0,0,0,0,0,0
7843159,4,0,4,0,2,1,0,1,4,0,0,0,2,2,4,4,0,0,0,0,0,0,0,0,0,3,0,1,0,0,0,0,0,0,0,0,1
7844959,29,12,17,0,13,3,1,7,29,0,0,1,18,10,28,15,10,2,2,0,0,0,0,0,0,15,1,7,0,1,0,1,0,3,1,0,0
7847293,2,1,1,0,1,0,1,0,2,0,0,0,2,0,2,2,0,0,0,0,0,0,0,0,0,2,0,0,0,0,0,0,0,0,0,0,0
7852189,5,1,4,0,4,0,0,1,5,0,0,1,2,2,5,5,0,0,0,0,0,0,0,0,0,4,0,0,0,0,0,0,0,1,0,0,0
7852570,15,1,14,0,15,0,0,0,15,0,0,10,3,2,9,11,1,3,0,0,0,0,0,0,1,8,0,4,0,0,1,0,0,2,0,0,2
7864427,18,5,13,0,11,3,1,3,18,0,0,1,7,10,16,4,1,9,3,0,1,0,0,0,1,10,0,6,1,0,0,0,0,1,0,0,1
7868752,4,0,4,0,3,1,0,0,4,0,0,2,2,0,2,4,0,0,0,0,0,0,0,0,0,2,0,0,0,0,0,0,0,2,0,0,0
7869493,2,0,2,0,2,0,0,0,2,0,0,2,0,0,2,2,0,0,0,0,0,0,0,0,0,2,0,0,0,0,0,0,0,0,0,0,0
7872368,3,3,0,0,1,0,1,1,3,0,0,1,2,0,2,1,0,2,0,0,0,0,0,0,0,3,0,0,0,0,0,0,0,0,0,0,0
7874061,3,2,1,0,1,1,0,1,3,0,0,0,1,2,2,1,2,0,0,0,0,0,0,0,0,2,0,0,1,0,0,0,0,0,0,0,0
7875553,36,3,33,0,33,0,0,3,36,0,0,3,16,17,34,36,0,0,0,0,0,0,0,0,0,1,0,16,0,3,0,0,0,16,0,0,0
7876036,6,3,3,0,3,1,0,1,6,0,0,0,1,5,6,0,0,0,6,0,0,0,0,0,5,0,0,5,1,0,0,0,0,0,0,0,4
7879817,20,2,18,0,20,0,0,0,20,0,0,20,0,0,19,20,0,0,0,0,0,0,0,0,5,16,0,1,0,0,0,0,0,3,0,0,1
7884016,9,5,4,0,5,2,0,2,9,0,0,9,0,0,8,9,0,0,0,0,0,0,0,0,0,9,0,0,0,0,0,0,0,0,0,0,7
7890150,10,0,10,0,8,1,0,1,10,0,0,8,0,2,10,10,0,0,0,0,0,0,0,0,1,8,0,2,0,0,0,0,0,0,0,0,10
7890804,12,0,12,0,12,0,0,0,12,0,0,1,6,5,12,12,0,0,0,0,0,0,0,0,0,2,0,6,0,2,0,1,0,1,0,0,1
7892493,2,0,2,0,2,0,0,0,2,0,0,1,1,0,2,2,0,0,0,0,0,0,0,0,0,1,0,1,0,0,0,0,0,0,0,0,0
7894944,4,3,1,0,3,0,0,0,4,0,0,3,1,0,2,4,0,0,0,0,0,0,0,0,0,4,0,0,0,0,0,0,0,0,0,0,0
7899493,5,3,2,0,2,0,0,3,5,0,0,1,2,2,5,3,2,0,0,0,0,0,0,0,1,3,0,0,0,0,0,0,0,0,0,2,0
7903974,12,0,12,0,12,0,0,0,12,0,0,8,4,0,12,12,0,0,0,0,0,0,0,0,0,12,0,0,0,0,0,0,0,0,0,0,0
7905697,31,21,10,0,1,11,3,13,31,0,0,3,22,6,16,22,6,3,0,0,0,0,0,0,0,23,0,4,0,1,0,2,1,0,0,0,0
7906457,3,0,3,0,1,1,0,1,2,1,0,1,1,1,1,1,0,2,0,0,0,0,0,0,0,2,0,0,1,0,0,0,0,0,0,0,0
7914126,34,2,32,0,33,1,0,0,34,0,0,6,20,8,28,34,0,0,0,0,0,0,0,0,2,10,0,7,0,3,3,0,8,3,0,0,0
7917772,10,0,10,0,10,0,0,0,9,1,0,10,0,0,8,10,0,0,0,0,0,0,0,0,0,2,0,0,0,0,0,0,0,8,0,0,1
7922548,10,0,10,0,10,0,0,0,10,0,0,2,6,2,9,10,0,0,0,0,0,0,0,0,0,2,0,7,0,1,0,0,0,0,0,0,0
7924435,4,1,3,0,0,1,0,3,4,0,0,1,2,1,4,4,0,0,0,0,0,0,0,0,0,2,0,1,0,0,0,1,0,0,0,0,4
7924484,11,3,8,0,8,0,0,1,11,0,0,4,6,1,6,7,3,1,0,0,0,0,0,0,0,8,0,1,1,0,0,0,1,0,0,0,0
7925825,4,1,3,0,2,0,0,2,4,0,0,0,4,0,1,2,2,0,0,0,0,0,0,0,0,3,0,1,0,0,0,0,0,0,0,0,0
7928728,3,1,2,0,1,1,0,1,3,0,0,0,1,2,3,2,0,1,0,0,0,0,0,0,1,2,0,1,0,0,0,0,0,0,0,0,2
7942755,4,1,3,0,4,0,0,0,4,0,0,4,0,0,2,4,0,0,0,0,0,0,0,0,0,4,0,0,0,0,0,0,0,0,0,0,0
7956966,20,0,20,0,18,2,0,0,17,3,0,2,13,5,19,20,0,0,0,0,0,0,0,0,16,14,0,5,0,0,0,0,0,1,0,0,19
7959786,13,3,10,0,10,0,0,3,12,0,1,1,10,2,9,5,8,0,0,0,0,0,0,0,0,0,0,5,0,2,2,0,0,4,0,0,9
7961499,13,0,13,0,13,0,0,0,0,13,0,4,6,3,11,4,1,2,0,0,6,0,0,0,0,1,0,2,0,1,3,0,0,6,0,0,0
7963233,11,4,7,0,3,5,0,3,10,1,0,1,7,3,2,5,1,5,0,0,0,0,0,0,0,5,0,3,1,0,0,1,0,1,0,0,1
7965458,4,0,4,0,4,0,0,0,2,0,2,2,1,1,4,4,0,0,0,0,0,0,0,0,2,1,0,1,0,1,0,0,0,1,0,0,1
7966455,9,3,6,0,5,1,1,1,9,0,0,2,5,2,2,8,0,0,0,0,0,0,0,1,0,9,0,0,0,0,0,0,0,0,0,0,0
7968454,15,15,0,0,15,0,0,0,15,0,0,9,6,0,13,15,0,0,0,0,0,0,0,0,0,15,0,0,0,0,0,0,0,0,0,0,0
7973836,3,1,2,0,2,0,1,0,3,0,0,0,1,2,3,3,0,0,0,0,0,0,0,0,0,1,0,1,0,0,0,0,0,1,0,0,0
7976439,14,2,12,0,9,2,0,2,2,12,0,2,10,2,12,4,3,7,0,0,0,0,0,0,0,1,0,1,0,0,0,12,0,0,0,0,13
7988845,18,8,10,0,10,3,0,4,15,3,0,11,6,1,9,11,7,0,0,0,0,0,0,0,6,12,0,3,0,1,0,0,1,1,0,0,0
7995629,0,0,0,0,0,0,0,0,0,0,0,0,0,0,0,0,0,0,0,0,0,0,0,0,0,0,0,0,0,0,0,0,0,0,0,0,0
8000492,4,0,4,0,4,0,0,0,4,0,0,1,3,0,2,4,0,0,0,0,0,0,0,0,0,4,0,0,0,0,0,0,0,0,0,0,0
8004594,3,0,3,0,2,0,0,1,3,0,0,0,1,2,3,2,1,0,0,0,0,0,0,0,0,2,0,1,0,0,0,0,0,0,0,0,0
8005518,1,0,1,0,0,1,0,0,1,0,0,0,1,0,1,1,0,0,0,0,0,0,0,0,1,1,0,0,0,0,0,0,0,0,0,0,0
8007149,17,13,4,0,7,3,2,4,17,0,0,9,1,7,17,12,4,1,0,0,0,0,0,0,0,11,0,4,1,0,1,0,0,0,0,0,15
8008387,4,2,2,0,4,0,0,0,4,0,0,0,4,0,3,4,0,0,0,0,0,0,0,0,0,4,0,0,0,0,0,0,0,0,0,0,0
8009367,12,0,12,0,10,0,1,1,12,0,0,8,4,0,7,12,0,0,0,0,0,0,0,0,2,6,0,0,0,3,0,0,0,3,0,0,0
8034076,15,10,5,0,5,3,0,3,15,0,0,0,5,10,15,0,0,1,1,0,13,0,0,0,15,0,0,13,2,0,0,0,0,0,0,0,0
8034381,3,0,3,0,3,0,0,0,3,0,0,3,0,0,1,3,0,0,0,0,0,0,0,0,0,3,0,0,0,0,0,0,0,0,0,0,0
8038476,12,0,12,0,12,0,0,0,6,6,0,2,9,1,8,12,0,0,0,0,0,0,0,0,12,2,0,6,0,2,0,0,0,2,0,0,2
8040255,9,0,9,0,7,1,0,1,7,2,0,3,6,0,9,9,0,0,0,0,0,0,0,0,0,7,0,1,0,0,0,1,0,0,0,0,0
8044080,14,0,14,0,13,1,0,0,13,1,0,12,2,0,2,14,0,0,0,0,0,0,0,0,0,6,0,1,0,1,0,0,0,6,0,0,0
8045439,1,0,1,0,1,0,0,0,0,0,1,0,1,0,1,1,0,0,0,0,0,0,0,0,0,1,0,0,0,0,0,0,0,0,0,0,0
8050851,12,4,8,0,3,2,0,5,12,0,0,0,3,9,11,7,4,1,0,0,0,0,0,0,0,7,0,5,0,0,0,0,0,0,0,0,0
8058542,11,0,11,0,10,1,0,0,7,4,0,4,3,4,9,11,0,0,0,0,0,0,0,0,0,9,0,2,0,0,0,0,0,0,0,0,0
8067674,9,3,6,0,8,0,0,1,9,0,0,4,5,0,1,9,0,0,0,0,0,0,0,0,0,5,0,4,0,0,0,0,0,0,0,0,0
8072641,17,7,10,0,3,9,1,4,17,0,0,0,12,5,6,8,6,3,0,0,0,0,0,0,0,8,4,5,0,0,0,0,0,0,0,0,0
8074707,10,0,10,0,7,3,0,0,10,0,0,3,6,1,10,10,0,0,0,0,0,0,0,0,4,5,0,0,0,0,0,0,0,5,0,0,0
8079253,12,1,11,0,8,3,0,1,12,0,0,12,0,0,12,12,0,0,0,0,0,0,0,0,0,12,0,0,0,0,0,0,0,0,0,0,0
8079617,2,2,0,0,1,0,1,0,2,0,0,0,1,1,2,1,0,1,0,0,0,0,0,0,0,1,0,1,0,0,0,0,0,0,0,0,0
8087718,18,5,13,0,12,0,1,3,18,0,0,9,6,3,1,3,14,1,0,0,0,0,0,0,0,16,0,2,0,0,0,0,0,0,0,0,0
8088228,4,0,4,0,4,0,0,0,4,0,0,2,1,1,4,4,0,0,0,0,0,0,0,0,1,2,0,1,0,1,0,0,0,0,0,0,0
8091799,3,1,2,0,2,1,0,0,3,0,0,1,1,1,2,3,0,0,0,0,0,0,0,0,0,2,0,1,0,0,0,0,0,0,0,0,0
8094615,2,1,1,0,0,1,0,1,2,0,0,0,2,0,2,1,1,0,0,0,0,0,0,0,0,1,0,0,1,0,0,0,0,0,0,0,0
8096255,11,1,10,0,6,2,1,1,11,0,0,2,7,2,11,11,0,0,0,0,0,0,0,0,6,8,0,3,0,0,0,0,0,0,0,0,11
8100160,3,3,0,0,1,0,1,0,3,0,0,2,1,0,3,2,1,0,0,0,0,0,0,0,0,2,0,1,0,0,0,0,0,0,0,0,0
8104493,5,0,5,0,5,0,0,0,5,0,0,1,2,2,5,5,0,0,0,0,0,0,0,0,0,0,0,0,0,0,5,0,0,0,0,0,0
8112464,6,1,5,0,5,0,0,1,5,1,0,1,5,0,6,6,0,0,0,0,0,0,0,0,0,4,0,1,0,1,0,0,0,0,0,0,0
8112740,2,0,2,0,1,1,0,0,2,0,0,0,2,0,2,2,0,0,0,0,0,0,0,0,0,1,0,0,0,0,0,0,0,0,1,0,0
8115259,2,0,2,0,0,2,0,0,2,0,0,0,0,2,2,0,2,0,0,0,0,0,0,0,0,0,0,2,0,0,0,0,0,0,0,0,0
8117194,3,1,2,0,0,1,1,1,3,0,0,1,0,2,2,2,0,1,0,0,0,0,0,0,0,3,0,0,0,0,0,0,0,0,0,0,0
8117801,8,2,6,0,7,0,1,0,7,1,0,4,0,4,6,4,3,1,0,0,0,0,0,0,4,4,0,3,0,0,0,0,1,0,0,0,1
8120347,1,0,1,0,1,0,0,0,1,0,0,1,0,0,1,1,0,0,0,0,0,0,0,0,0,1,0,0,0,0,0,0,0,0,0,0,0
8121465,11,3,8,0,11,0,0,0,11,0,0,11,0,0,0,11,0,0,0,0,0,0,0,0,0,11,0,0,0,0,0,0,0,0,0,0,0
8122473,5,2,3,0,3,1,0,1,5,0,0,2,3,0,5,3,2,0,0,0,0,0,0,0,0,4,0,1,0,0,0,0,0,0,0,0,0
8125334,4,1,3,0,1,0,0,3,4,0,0,0,3,1,3,3,0,0,0,0,0,0,0,1,3,3,0,1,0,0,0,0,0,0,0,0,0
8128192,19,4,15,0,8,5,0,4,19,0,0,5,9,5,17,5,4,6,4,0,0,0,0,0,3,9,0,10,0,0,0,0,0,0,0,0,5
8132237,14,2,12,0,12,0,0,2,14,0,0,2,7,5,10,5,1,7,0,0,0,0,0,1,7,1,0,1,0,5,4,0,2,1,0,0,5
8141878,25,1,24,0,25,0,0,0,22,3,0,10,12,3,8,25,0,0,0,0,0,0,0,0,2,19,0,1,0,2,0,0,0,2,1,0,0
8141929,1,0,1,0,0,1,0,0,1,0,0,0,1,0,0,1,0,0,0,0,0,0,0,0,0,1,0,0,0,0,0,0,0,0,0,0,0
8145998,5,0,5,0,5,0,0,0,5,0,0,0,5,0,5,4,0,0,0,0,0,0,0,1,0,5,0,0,0,0,0,0,0,0,0,0,0
8146642,5,0,5,0,4,1,0,0,5,0,0,1,4,0,3,5,0,0,0,0,0,0,0,0,0,2,0,3,0,0,0,0,0,0,0,0,0
8151986,2,0,2,0,1,0,0,1,2,0,0,2,0,0,2,2,0,0,0,0,0,0,0,0,0,2,0,0,0,0,0,0,0,0,0,0,0
8153152,3,2,1,0,1,1,0,1,3,0,0,0,1,2,3,2,1,0,0,0,0,0,0,0,3,1,0,1,0,0,0,0,0,0,1,0,3
8155811,8,4,4,0,2,4,1,1,8,0,0,6,1,1,1,1,7,0,0,0,0,0,0,0,0,6,0,2,0,0,0,0,0,0,0,0,0
8161034,3,0,3,0,3,0,0,0,3,0,0,0,3,0,0,3,0,0,0,0,0,0,0,0,0,1,0,2,0,0,0,0,0,0,0,0,0
8165032,3,1,2,0,2,0,0,1,3,0,0,0,2,1,3,2,1,0,0,0,0,0,0,0,0,1,0,1,0,0,0,0,0,1,0,0,0
8172298,8,5,3,0,1,0,2,0,8,0,0,2,3,3,2,2,2,4,0,0,0,0,0,0,0,3,0,5,0,0,0,0,0,0,0,0,0
8173428,2,0,2,0,1,0,1,0,2,0,0,2,0,0,2,1,0,1,0,0,0,0,0,0,0,2,0,0,0,0,0,0,0,0,0,0,0
8174275,11,1,10,0,3,2,1,3,11,0,0,4,7,0,9,11,0,0,0,0,0,0,0,0,0,11,0,0,0,0,0,0,0,0,0,0,0
8174345,3,2,1,0,0,0,0,2,2,1,0,1,1,1,3,2,0,1,0,0,0,0,0,0,1,2,0,0,0,0,0,0,0,1,0,0,0
8175849,9,0,9,0,9,0,0,0,9,0,0,2,4,3,0,6,3,0,0,0,0,0,0,0,0,0,0,3,0,0,4,0,1,1,0,0,0
8178494,41,1,40,0,41,0,0,0,41,0,0,27,14,0,41,41,0,0,0,0,0,0,0,0,0,21,0,14,0,3,0,0,2,1,0,0,11
8180692,2,0,2,0,0,0,1,1,2,0,0,0,2,0,2,2,0,0,0,0,0,0,0,0,0,2,0,0,0,0,0,0,0,0,0,0,0
8181975,4,1,3,0,4,0,0,0,4,0,0,3,1,0,4,4,0,0,0,0,0,0,0,0,0,3,0,1,0,0,0,0,0,0,0,0,0
8188375,6,1,5,0,2,2,1,1,6,0,0,4,1,1,6,4,1,1,0,0,0,0,0,0,6,5,0,1,0,0,0,0,0,0,0,0,0
8188838,7,1,6,0,5,0,0,2,7,0,0,3,2,2,1,7,0,0,0,0,0,0,0,0,0,5,0,2,0,0,0,0,0,0,0,0,0
8190070,19,1,18,0,19,0,0,0,19,0,0,0,12,7,14,4,11,4,0,0,0,0,0,0,0,5,0,14,0,0,0,0,0,0,0,0,0
8196014,1,0,1,0,0,1,0,0,1,0,0,0,1,0,1,1,0,0,0,0,0,0,0,0,0,1,0,0,0,0,0,0,0,0,0,0,0
8196291,21,10,11,0,16,0,1,1,21,0,0,11,6,4,19,5,9,7,0,0,0,0,0,0,0,13,0,7,0,0,0,0,0,1,0,0,1
8198553,3,2,1,0,1,0,1,0,3,0,0,0,1,2,3,0,0,0,3,0,0,0,0,0,0,0,0,3,0,0,0,0,0,0,0,0,0
8203991,4,0,4,0,4,0,0,0,4,0,0,0,4,0,3,4,0,0,0,0,0,0,0,0,0,4,0,0,0,0,0,0,0,0,0,0,0
8209412,2,0,2,0,1,1,0,0,2,0,0,1,1,0,2,0,0,2,0,0,0,0,0,0,1,2,0,0,0,0,0,0,0,0,0,0,1
8209843,8,0,8,0,8,0,0,0,8,0,0,2,2,4,6,8,0,0,0,0,0,0,0,0,3,0,0,3,0,1,2,0,0,2,0,0,0
8212198,11,5,6,0,3,3,0,4,11,0,0,2,5,4,11,2,0,7,1,0,1,0,0,0,0,4,0,6,0,0,0,0,0,1,0,0,0
8214212,4,0,4,0,1,2,0,1,4,0,0,0,3,1,4,4,0,0,0,0,0,0,0,0,0,2,0,0,0,0,0,0,0,2,0,0,0
8229230,3,1,2,0,2,1,0,0,3,0,0,2,1,0,3,3,0,0,0,0,0,0,0,0,0,3,0,0,0,0,0,0,0,0,0,0,2
8230292,7,2,5,0,6,1,0,0,7,0,0,3,4,0,7,7,0,0,0,0,0,0,0,0,0,5,0,2,0,0,0,0,0,0,0,0,0
8232432,2,1,1,0,1,0,0,1,2,0,0,0,2,0,0,2,0,0,0,0,0,0,0,0,0,2,0,0,0,0,0,0,0,0,0,0,0
8234357,12,5,7,0,8,0,0,3,12,0,0,2,6,4,11,7,4,1,0,0,0,0,0,0,0,4,0,6,0,0,0,1,0,0,1,0,0
8245103,7,3,4,0,7,0,0,0,7,0,0,2,1,4,7,7,0,0,0,0,0,0,0,0,0,0,0,0,0,1,0,0,0,6,0,0,0
8255864,4,0,4,0,1,2,0,1,4,0,0,0,4,0,4,4,0,0,0,0,0,0,0,0,4,0,0,0,0,1,0,3,0,0,0,0,4
8256496,5,0,5,0,2,1,1,1,5,0,0,2,1,2,5,4,1,0,0,0,0,0,0,0,0,3,0,2,0,0,0,0,0,0,0,0,1
8272689,4,2,2,0,3,0,0,1,4,0,0,0,1,3,4,4,0,0,0,0,0,0,0,0,0,3,0,1,0,0,0,0,0,0,0,0,0
8274691,9,1,8,0,4,0,1,3,9,0,0,6,3,0,9,9,0,0,0,0,0,0,0,0,9,8,0,0,0,0,0,0,0,1,0,0,0
8275312,11,2,9,0,5,2,0,4,11,0,0,1,4,6,2,5,5,1,0,0,0,0,0,0,0,4,0,5,0,0,0,0,1,1,0,0,0
8276051,4,0,4,0,4,0,0,0,4,0,0,1,1,2,4,4,0,0,0,0,0,0,0,0,0,2,0,2,0,0,0,0,0,0,0,0,0
8278806,2,1,1,0,2,0,0,0,1,1,0,0,1,1,0,2,0,0,0,0,0,0,0,0,0,0,0,2,0,0,0,0,0,0,0,0,0
8285745,18,0,18,0,18,0,0,0,17,1,0,8,9,1,16,18,0,0,0,0,0,0,0,0,0,12,0,5,0,0,1,0,0,0,0,0,0
8292088,3,2,1,0,1,0,0,1,3,0,0,1,1,1,3,1,0,2,0,0,0,0,0,0,0,3,0,0,0,0,0,0,0,0,0,0,0
8292583,10,0,10,0,10,0,0,0,10,0,0,2,4,4,10,10,0,0,0,0,0,0,0,0,0,9,0,1,0,0,0,0,0,0,0,0,0
8293606,5,1,4,0,2,0,0,2,5,0,0,0,1,4,5,4,0,1,0,0,0,0,0,0,0,4,0,0,1,0,0,0,0,0,0,0,1
8294577,8,0,8,0,3,1,0,4,8,0,0,1,1,6,8,8,0,0,0,0,0,0,0,0,0,7,0,1,0,0,0,0,0,0,0,0,0
8304745,6,3,3,0,1,1,1,0,6,0,0,1,3,2,6,3,2,1,0,0,0,0,0,0,2,4,0,1,0,0,0,0,0,1,0,0,0
8306198,19,11,8,0,3,3,4,9,19,0,0,6,11,2,19,2,17,0,0,0,0,0,0,0,0,1,3,7,0,0,0,0,0,8,0,0,0
8310538,2,2,0,0,0,0,0,2,2,0,0,0,2,0,2,1,0,1,0,0,0,0,0,0,0,2,0,0,0,0,0,0,0,0,0,0,2
8321334,3,0,3,0,3,0,0,0,3,0,0,0,3,0,1,2,0,1,0,0,0,0,0,0,3,2,0,1,0,0,0,0,0,0,0,0,0
8323784,9,0,9,0,8,0,0,1,2,7,0,0,5,4,6,8,0,0,0,0,0,0,0,1,0,0,1,1,0,4,0,0,0,3,0,0,0
8329229,4,1,3,0,4,0,0,0,4,0,0,0,3,1,4,4,0,0,0,0,0,0,0,0,0,4,0,0,0,0,0,0,0,0,0,0,0
8331929,5,0,5,0,1,1,0,2,5,0,0,0,1,4,4,1,4,0,0,0,0,0,0,0,3,2,0,3,0,0,0,0,0,0,0,0,0
8333641,4,1,3,0,4,0,0,0,4,0,0,2,1,1,3,4,0,0,0,0,0,0,0,0,1,4,0,0,0,0,0,0,0,0,0,0,0
8339120,15,0,15,0,13,0,0,0,15,0,0,3,10,2,15,15,0,0,0,0,0,0,0,0,13,1,0,2,0,0,0,0,1,11,0,0,0
8339303,14,5,9,0,7,0,1,5,14,0,0,10,4,0,6,7,6,1,0,0,0,0,0,0,0,11,0,1,0,0,0,1,0,1,0,0,0
8346772,6,2,4,0,6,0,0,0,5,1,0,1,3,2,6,5,0,0,0,0,0,0,0,1,1,2,1,1,1,1,0,0,0,0,0,0,1
8346875,5,0,5,0,4,0,0,0,5,0,0,1,2,2,5,5,0,0,0,0,0,0,0,0,0,1,0,1,0,0,1,0,0,2,0,0,0
8349996,2,1,1,0,0,1,0,0,2,0,0,0,0,2,2,0,0,0,2,0,0,0,0,0,0,0,0,2,0,0,0,0,0,0,0,0,0
8354348,33,12,21,0,11,7,1,10,33,0,0,7,21,5,30,14,7,7,5,0,0,0,0,0,0,21,1,9,0,2,0,0,0,0,0,0,0
8357010,10,0,10,0,9,0,0,1,10,0,0,6,4,0,9,10,0,0,0,0,0,0,0,0,9,0,0,0,0,0,0,0,0,10,0,0,0
8358508,21,0,21,0,15,2,0,3,15,6,0,8,13,0,19,21,0,0,0,0,0,0,0,0,1,13,2,3,0,0,0,0,0,3,0,0,0
8363063,4,1,3,0,3,1,0,0,4,0,0,3,0,1,4,4,0,0,0,0,0,0,0,0,1,4,0,0,0,0,0,0,0,0,0,0,0
8367267,6,2,4,0,1,1,1,3,6,0,0,0,2,4,5,0,0,5,0,0,0,0,0,1,2,0,0,3,0,2,0,1,0,0,0,0,5
8367342,16,1,15,0,15,1,0,0,16,0,0,6,7,3,7,10,5,1,0,0,0,0,0,0,0,5,0,7,0,1,1,0,0,2,0,0,0
8369467,5,0,5,0,5,0,0,0,5,0,0,1,3,1,5,5,0,0,0,0,0,0,0,0,0,3,0,1,0,0,0,0,0,1,0,0,1
8371113,6,2,4,0,1,0,2,0,6,0,0,2,4,0,6,4,1,1,0,0,0,0,0,0,0,3,0,1,0,0,0,0,0,2,0,0,1
8371503,9,1,8,0,9,0,0,0,9,0,0,2,7,0,9,9,0,0,0,0,0,0,0,0,0,8,0,0,0,0,0,0,0,1,0,0,0
8372285,2,2,0,0,1,0,1,0,2,0,0,2,0,0,2,2,0,0,0,0,0,0,0,0,0,2,0,0,0,0,0,0,0,0,0,0,1
8373940,8,1,7,0,5,2,0,1,8,0,0,0,6,2,8,8,0,0,0,0,0,0,0,0,0,3,0,2,0,0,0,0,0,3,0,0,0
8379570,10,0,10,0,9,1,0,0,10,0,0,0,10,0,9,10,0,0,0,0,0,0,0,0,3,5,0,3,0,1,0,0,0,1,0,0,1
8383395,9,0,9,0,7,1,0,1,9,0,0,3,3,3,9,9,0,0,0,0,0,0,0,0,9,9,0,0,0,0,0,0,0,0,0,0,7
8384785,4,0,4,0,4,0,0,0,4,0,0,2,1,1,4,4,0,0,0,0,0,0,0,0,0,1,0,1,0,1,0,0,0,1,0,0,0
8391861,3,1,2,0,0,0,0,0,3,0,0,0,2,1,3,0,0,0,3,0,0,0,0,0,0,0,0,3,0,0,0,0,0,0,0,0,0
8391919,12,8,4,0,5,0,0,4,12,0,0,2,9,1,10,1,2,9,0,0,0,0,0,0,0,10,0,1,0,0,0,1,0,0,0,0,0
8394590,5,0,5,0,1,2,0,2,5,0,0,0,4,1,5,5,0,0,0,0,0,0,0,0,0,5,0,0,0,0,0,0,0,0,0,0,0
8396715,4,0,4,0,4,0,0,0,4,0,0,0,3,1,3,4,0,0,0,0,0,0,0,0,2,0,0,3,0,0,1,0,0,0,0,0,2
8402491,4,4,0,0,3,1,0,0,4,0,0,2,2,0,4,2,2,0,0,0,0,0,0,0,0,4,0,0,0,0,0,0,0,0,0,0,0
8403443,3,2,1,0,3,0,0,0,3,0,0,0,2,1,3,0,0,0,3,0,0,0,0,0,0,0,0,3,0,0,0,0,0,0,0,0,0
8403682,5,0,5,0,0,1,0,2,5,0,0,3,1,1,5,0,1,4,0,0,0,0,0,0,4,4,0,0,1,0,0,0,0,0,0,0,5
8407198,4,1,3,0,4,0,0,0,4,0,0,0,2,2,4,4,0,0,0,0,0,0,0,0,1,3,0,1,0,0,0,0,0,0,0,0,0
8409784,9,7,2,0,3,0,0,4,9,0,0,0,4,5,7,2,2,5,0,0,0,0,0,0,6,5,0,2,1,0,0,0,0,1,0,0,0
8414735,2,0,2,0,2,0,0,0,2,0,0,2,0,0,1,0,0,0,0,0,0,0,0,2,2,0,1,0,0,1,0,0,0,0,0,0,0
8415029,2,0,2,0,1,1,0,0,2,0,0,0,0,2,2,2,0,0,0,0,0,0,0,0,0,2,0,0,0,0,0,0,0,0,0,0,2
8417290,4,2,2,0,0,1,3,0,4,0,0,0,4,0,4,4,0,0,0,0,0,0,0,0,0,4,0,0,0,0,0,0,0,0,0,0,2
8418617,4,0,4,0,1,0,1,2,4,0,0,1,1,2,3,3,0,0,0,0,0,0,0,1,0,2,0,0,0,0,1,0,0,1,0,0,0
8426885,6,3,3,0,3,0,0,2,6,0,0,4,1,1,4,6,0,0,0,0,0,0,0,0,0,6,0,0,0,0,0,0,0,0,0,0,1
8436305,5,0,5,0,5,0,0,0,5,0,0,4,1,0,0,5,0,0,0,0,0,0,0,0,0,1,0,0,0,2,2,0,0,0,0,0,0
8437797,8,4,4,0,1,3,1,1,8,0,0,0,4,4,8,6,1,1,0,0,0,0,0,0,0,6,0,1,1,0,0,0,0,0,0,0,1
8441816,21,11,10,0,14,0,0,3,21,0,0,8,10,3,20,2,2,17,0,0,0,0,0,0,0,14,0,5,0,0,0,2,0,0,0,0,0
8442767,9,5,4,0,5,0,1,2,9,0,0,0,4,5,9,4,3,2,0,0,0,0,0,0,1,5,0,4,0,0,0,0,0,0,0,0,1
8444860,2,0,2,0,2,0,0,0,0,2,0,0,2,0,1,2,0,0,0,0,0,0,0,0,0,1,0,1,0,0,0,0,0,0,0,0,0
8452183,22,0,22,0,22,0,0,0,1,21,0,3,15,4,22,22,0,0,0,0,0,0,0,0,1,3,0,12,1,2,2,0,0,2,0,0,0
8452319,12,1,11,0,10,0,0,2,10,2,0,2,2,8,11,12,0,0,0,0,0,0,0,0,2,8,0,2,0,1,0,0,0,1,0,0,0
8455582,2,2,0,0,2,0,0,0,2,0,0,0,2,0,2,0,0,0,2,0,0,0,0,0,1,0,0,2,0,0,0,0,0,0,0,0,0
8455700,2,0,2,0,2,0,0,0,2,0,0,0,2,0,2,2,0,0,0,0,0,0,0,0,0,1,0,0,0,0,0,0,0,1,0,0,0
8457005,26,14,12,0,10,5,1,10,26,0,0,10,10,6,25,15,10,1,0,0,0,0,0,0,0,10,0,9,1,2,0,3,0,1,0,0,0
8462063,13,2,11,0,13,0,0,0,13,0,0,5,4,4,10,6,7,0,0,0,0,0,0,0,1,7,0,3,1,0,0,1,0,0,0,1,0
8464893,6,0,6,0,3,1,1,0,6,0,0,0,3,3,6,6,0,0,0,0,0,0,0,0,0,6,0,0,0,0,0,0,0,0,0,0,0
8465971,3,1,2,0,2,0,0,1,3,0,0,0,2,1,3,2,0,0,0,0,0,0,0,1,1,1,0,0,0,0,0,0,0,2,0,0,0
8471096,3,0,3,0,2,1,0,0,3,0,0,3,0,0,3,3,0,0,0,0,0,0,0,0,2,3,0,0,0,0,0,0,0,0,0,0,0
8475459,15,9,6,0,3,0,1,7,15,0,0,0,10,5,10,8,5,2,0,0,0,0,0,0,9,6,1,2,0,2,0,0,0,3,1,0,1
8477475,8,0,8,0,4,2,0,1,1,6,1,4,3,1,6,8,0,0,0,0,0,0,0,0,0,2,0,0,0,0,0,0,0,6,0,0,0
8479418,4,0,4,0,4,0,0,0,1,3,0,0,4,0,4,3,0,0,0,0,0,0,0,1,0,0,0,0,0,0,0,0,0,4,0,0,4
8483237,1,0,1,0,0,0,0,1,0,1,0,0,1,0,1,0,0,1,0,0,0,0,0,0,0,0,0,1,0,0,0,0,0,0,0,0,1
8484368,11,4,7,0,5,1,0,4,11,0,0,0,6,5,11,4,6,1,0,0,0,0,0,0,3,5,0,4,1,0,0,1,0,0,0,0,1
8485585,2,0,2,0,0,1,0,0,2,0,0,2,0,0,2,2,0,0,0,0,0,0,0,0,0,2,0,0,0,0,0,0,0,0,0,0,0
8493333,10,6,4,0,4,1,1,2,10,0,0,1,1,8,1,2,2,6,0,0,0,0,0,0,0,5,0,4,0,1,0,0,0,0,0,0,0
8494066,0,0,0,0,0,0,0,0,0,0,0,0,0,0,0,0,0,0,0,0,0,0,0,0,0,0,0,0,0,0,0,0,0,0,0,0,0
8500682,2,0,2,0,2,0,0,0,0,2,0,2,0,0,1,2,0,0,0,0,0,0,0,0,0,0,0,0,0,2,0,0,0,0,0,0,0
8500901,17,0,17,0,17,0,0,0,15,0,2,1,9,7,6,4,1,8,0,0,4,0,0,0,0,2,0,11,0,0,4,0,0,0,0,0,0
8501761,4,0,4,0,4,0,0,0,4,0,0,0,4,0,3,4,0,0,0,0,0,0,0,0,0,1,0,3,0,0,0,0,0,0,0,0,0
8505970,1,1,0,0,0,0,0,0,1,0,0,1,0,0,1,1,0,0,0,0,0,0,0,0,0,0,0,0,0,0,0,0,0,1,0,0,0
8522000,8,1,7,0,8,0,0,0,0,8,0,2,4,2,5,8,0,0,0,0,0,0,0,0,8,1,0,2,0,4,0,0,0,1,0,0,0
8538955,4,1,3,0,1,2,0,0,4,0,0,3,1,0,2,4,0,0,0,0,0,0,0,0,0,4,0,0,0,0,0,0,0,0,0,0,0
8543080,2,0,2,0,0,1,0,0,2,0,0,1,1,0,1,1,1,0,0,0,0,0,0,0,0,1,0,1,0,0,0,0,0,0,0,0,0
8543832,4,0,4,0,3,0,0,1,0,4,0,1,3,0,3,4,0,0,0,0,0,0,0,0,0,3,0,0,0,1,0,0,0,0,0,0,0
8547561,3,2,1,0,0,0,1,1,3,0,0,1,0,2,3,3,0,0,0,0,0,0,0,0,0,1,0,1,0,0,0,0,0,1,0,0,1
8550663,4,0,4,0,4,0,0,0,4,0,0,0,3,1,4,3,0,0,0,0,0,0,0,1,1,3,0,1,0,0,0,0,0,0,0,0,0
8568693,5,0,5,0,5,0,0,0,5,0,0,0,4,1,5,5,0,0,0,0,0,0,0,0,0,5,0,0,0,0,0,0,0,0,0,0,2
8569101,4,3,1,0,4,0,0,0,4,0,0,1,3,0,4,2,2,0,0,0,0,0,0,0,0,1,0,2,0,0,0,0,0,1,0,0,0
8569696,7,0,7,0,7,0,0,0,7,0,0,6,1,0,7,7,0,0,0,0,0,0,0,0,0,7,0,0,0,0,0,0,0,0,0,0,7
8571044,13,1,12,0,9,2,0,2,13,0,0,1,8,4,13,13,0,0,0,0,0,0,0,0,0,13,0,0,0,0,0,0,0,0,0,0,3
8571947,11,5,6,0,2,3,1,4,11,0,0,1,7,3,9,11,0,0,0,0,0,0,0,0,0,8,0,1,0,0,0,2,0,0,0,0,0
8573254,19,10,9,0,6,8,1,2,19,0,0,6,7,6,4,11,6,2,0,0,0,0,0,0,0,12,0,5,1,0,0,1,0,0,0,0,0
8579108,4,0,4,0,4,0,0,0,4,0,0,2,2,0,3,4,0,0,0,0,0,0,0,0,1,3,0,0,0,0,0,0,0,1,0,0,0
8585054,4,2,2,0,3,0,0,1,4,0,0,1,3,0,4,1,2,1,0,0,0,0,0,0,0,2,0,1,0,1,0,0,0,0,0,0,0
8587002,3,2,1,0,3,0,0,0,3,0,0,0,2,1,0,3,0,0,0,0,0,0,0,0,0,3,0,0,0,0,0,0,0,0,0,0,0
8593713,1,1,0,0,0,0,0,1,1,0,0,0,1,0,1,0,0,1,0,0,0,0,0,0,0,0,0,1,0,0,0,0,0,0,0,0,0
8594604,5,2,3,0,4,0,0,0,5,0,0,0,0,5,5,0,0,0,5,0,0,0,0,0,0,0,0,4,1,0,0,0,0,0,0,0,0
8600781,19,10,9,0,7,7,2,3,19,0,0,4,8,7,2,9,0,10,0,0,0,0,0,0,0,12,0,4,1,1,0,0,0,1,0,0,1
8602805,6,2,4,0,6,0,0,0,6,0,0,1,5,0,0,6,0,0,0,0,0,0,0,0,0,1,0,5,0,0,0,0,0,0,0,0,0
8604012,1,0,1,0,0,0,0,1,1,0,0,1,0,0,1,1,0,0,0,0,0,0,0,0,0,1,0,0,0,0,0,0,0,0,0,0,0
8614333,1,1,0,0,0,0,1,0,1,0,0,1,0,0,1,1,0,0,0,0,0,0,0,0,0,1,0,0,0,0,0,0,0,0,0,0,0
8615796,15,1,14,0,12,2,0,1,13,2,0,6,8,1,14,15,0,0,0,0,0,0,0,0,0,8,0,3,0,0,0,0,0,4,0,0,1
8619599,3,1,2,0,2,0,0,0,3,0,0,0,3,0,3,1,2,0,0,0,0,0,0,0,0,1,0,2,0,0,0,0,0,0,0,0,0
8621580,9,1,8,0,8,0,0,1,2,5,2,2,4,3,7,9,0,0,0,0,0,0,0,0,1,6,0,0,0,0,0,1,0,2,0,0,0
8626066,4,0,4,0,4,0,0,0,4,0,0,4,0,0,0,4,0,0,0,0,0,0,0,0,0,4,0,0,0,0,0,0,0,0,0,0,0
8631260,33,12,21,0,19,4,3,6,33,0,0,11,16,6,31,16,7,10,0,0,0,0,0,0,13,18,0,5,1,4,0,0,0,5,0,0,1
8632520,5,0,5,0,5,0,0,0,5,0,0,1,2,2,5,5,0,0,0,0,0,0,0,0,1,2,0,3,0,0,0,0,0,0,0,0,1
8633860,2,0,2,0,1,1,0,0,2,0,0,1,0,1,2,1,1,0,0,0,0,0,0,0,0,1,0,1,0,0,0,0,0,0,0,0,2
8646096,4,1,3,0,3,0,0,1,4,0,0,1,2,1,4,4,0,0,0,0,0,0,0,0,0,4,0,0,0,0,0,0,0,0,0,0,0
8646224,3,2,1,0,0,1,2,0,3,0,0,1,2,0,3,2,1,0,0,0,0,0,0,0,0,3,0,0,0,0,0,0,0,0,0,0,0
8647005,12,6,6,0,2,5,0,5,12,0,0,2,4,6,12,11,1,0,0,0,0,0,0,0,0,11,0,0,0,0,0,0,1,0,0,0,0
8656120,14,9,5,0,4,1,3,5,14,0,0,2,8,4,14,0,1,1,11,0,1,0,0,0,12,1,0,13,0,0,0,0,0,0,0,0,0
8667421,3,0,3,0,1,1,0,1,3,0,0,0,2,1,2,2,1,0,0,0,0,0,0,0,0,0,0,1,0,0,0,0,0,1,1,0,0
8667836,6,2,4,0,5,0,1,0,6,0,0,0,2,4,6,0,0,0,6,0,0,0,0,0,0,0,1,5,0,0,0,0,0,0,0,0,0
8675675,5,2,3,0,4,0,0,0,5,0,0,1,2,2,5,2,0,3,0,0,0,0,0,0,0,2,2,0,0,0,0,0,0,0,1,0,0
8684973,19,0,19,0,14,3,0,2,0,19,0,0,12,7,19,6,7,0,3,0,1,0,0,2,0,3,0,15,1,0,0,0,0,0,0,0,1
8685349,28,11,17,0,15,2,0,7,28,0,0,4,15,9,26,11,8,6,3,0,0,0,0,0,17,20,0,6,0,0,0,0,2,0,0,0,0
8687205,8,3,5,0,1,2,1,4,8,0,0,1,3,4,7,5,2,1,0,0,0,0,0,0,0,4,0,1,1,1,0,0,0,0,1,0,0
8688419,12,7,5,0,6,1,0,5,12,0,0,2,6,4,12,5,2,5,0,0,0,0,0,0,0,8,0,3,0,0,0,0,0,1,0,0,0
8689431,3,1,2,0,2,1,0,0,3,0,0,0,0,3,3,0,0,0,3,0,0,0,0,0,0,0,0,3,0,0,0,0,0,0,0,0,0
8691564,9,4,5,0,8,0,0,1,9,0,0,4,5,0,7,9,0,0,0,0,0,0,0,0,0,9,0,0,0,0,0,0,0,0,0,0,0
8691837,10,2,8,0,5,3,1,1,10,0,0,3,3,4,9,10,0,0,0,0,0,0,0,0,0,9,0,0,0,1,0,0,0,0,0,0,2
8694391,10,0,10,0,8,1,0,1,9,1,0,3,7,0,2,10,0,0,0,0,0,0,0,0,0,10,0,0,0,0,0,0,0,0,0,0,0
8700161,4,1,3,0,4,0,0,0,4,0,0,0,4,0,3,4,0,0,0,0,0,0,0,0,0,4,0,0,0,0,0,0,0,0,0,0,3
8702730,8,1,7,0,4,0,0,4,8,0,0,0,6,2,8,8,0,0,0,0,0,0,0,0,0,7,0,0,0,0,0,1,0,0,0,0,0
8713970,3,1,2,0,0,2,0,1,3,0,0,0,1,2,3,0,0,0,3,0,0,0,0,0,0,0,0,3,0,0,0,0,0,0,0,0,0
8715832,22,9,13,0,13,1,0,8,22,0,0,4,16,2,22,12,9,1,0,0,0,0,0,0,19,16,1,3,1,1,0,0,0,0,0,0,1
8724989,9,0,9,0,8,1,0,0,9,0,0,3,4,2,5,2,1,5,0,0,0,0,0,1,4,1,0,0,0,7,1,0,0,0,0,0,3
8725315,15,7,8,0,5,3,0,6,14,1,0,5,4,6,14,8,7,0,0,0,0,0,0,0,1,9,0,5,0,0,0,1,0,0,0,0,1
8736183,2,0,2,0,2,0,0,0,2,0,0,0,2,0,1,2,0,0,0,0,0,0,0,0,0,1,0,1,0,0,0,0,0,0,0,0,0
8736494,9,0,9,0,9,0,0,0,9,0,0,1,5,3,8,9,0,0,0,0,0,0,0,0,3,1,1,3,0,1,2,0,0,1,0,0,0
8738984,3,1,2,0,2,0,1,0,3,0,0,0,2,1,2,1,2,0,0,0,0,0,0,0,0,1,0,1,1,0,0,0,0,0,0,0,0
8742084,2,1,1,0,0,0,1,1,1,1,0,1,0,1,2,2,0,0,0,0,0,0,0,0,0,1,0,1,0,0,0,0,0,0,0,0,0
8744862,4,0,4,0,3,1,0,0,4,0,0,0,3,1,4,4,0,0,0,0,0,0,0,0,0,0,0,1,0,2,0,0,0,1,0,0,0
8746423,3,1,2,0,1,1,0,1,3,0,0,1,1,1,1,3,0,0,0,0,0,0,0,0,2,2,0,0,1,0,0,0,0,0,0,0,0
8760902,7,3,4,0,3,1,0,3,7,0,0,0,2,5,5,0,0,0,7,0,0,0,0,0,0,1,0,6,0,0,0,0,0,0,0,0,5
8761032,1,0,1,0,1,0,0,0,1,0,0,0,1,0,0,1,0,0,0,0,0,0,0,0,0,1,0,0,0,0,0,0,0,0,0,0,0
8763554,5,4,1,0,1,1,2,1,5,0,0,0,4,1,5,4,1,0,0,0,0,0,0,0,0,4,0,1,0,0,0,0,0,0,0,0,0
8763715,12,0,12,0,12,0,0,0,12,0,0,2,10,0,11,12,0,0,0,0,0,0,0,0,0,5,2,3,0,0,2,0,0,0,0,0,1
8765140,4,3,1,0,0,3,1,0,4,0,0,0,1,3,4,0,0,0,4,0,0,0,0,0,0,0,0,4,0,0,0,0,0,0,0,0,0
8768797,2,0,2,0,2,0,0,0,2,0,0,0,1,1,1,2,0,0,0,0,0,0,0,0,0,0,0,1,0,0,0,0,0,1,0,0,0
8769526,8,0,8,0,7,1,0,0,5,3,0,5,1,2,2,8,0,0,0,0,0,0,0,0,0,5,0,2,0,1,0,0,0,0,0,0,0
8769786,18,3,15,0,13,2,0,1,18,0,0,3,9,6,18,10,2,4,2,0,0,0,0,0,0,1,0,5,0,0,0,0,0,12,0,0,12
8771573,1,0,1,0,1,0,0,0,1,0,0,0,1,0,1,0,1,0,0,0,0,0,0,0,0,0,0,1,0,0,0,0,0,0,0,0,0
8778760,2,0,2,0,2,0,0,0,2,0,0,0,0,2,2,2,0,0,0,0,0,0,0,0,0,0,0,0,0,0,0,2,0,0,0,0,0
8782331,21,11,10,0,6,2,1,11,21,0,0,13,6,2,11,10,2,9,0,0,0,0,0,0,0,12,2,6,0,1,0,0,0,0,0,0,2
8792118,4,0,4,0,2,1,0,1,4,0,0,0,2,2,3,4,0,0,0,0,0,0,0,0,1,2,0,1,0,1,0,0,0,0,0,0,0
8793973,4,1,3,0,2,0,1,1,4,0,0,2,2,0,1,4,0,0,0,0,0,0,0,0,0,1,0,0,0,0,0,0,0,3,0,0,0
8796471,6,2,4,0,3,2,0,1,6,0,0,3,3,0,6,6,0,0,0,0,0,0,0,0,5,5,0,1,0,0,0,0,0,0,0,0,0
8798797,15,0,15,0,15,0,0,0,13,2,0,11,4,0,15,10,5,0,0,0,0,0,0,0,3,11,0,2,0,0,0,0,0,1,1,0,9
8808673,4,1,3,0,4,0,0,0,4,0,0,1,2,1,4,2,1,1,0,0,0,0,0,0,1,2,0,2,0,0,0,0,0,0,0,0,0
8809779,2,1,1,0,1,1,0,0,2,0,0,1,1,0,2,2,0,0,0,0,0,0,0,0,0,2,0,0,0,0,0,0,0,0,0,0,0
8812481,7,0,7,0,3,1,2,1,6,1,0,1,2,4,7,4,0,3,0,0,0,0,0,0,0,7,0,0,0,0,0,0,0,0,0,0,0
8813929,3,3,0,0,1,0,2,0,3,0,0,0,2,1,3,3,0,0,0,0,0,0,0,0,2,2,0,1,0,0,0,0,0,0,0,0,0
8814272,14,6,8,0,2,5,0,6,14,0,0,7,5,2,14,10,4,0,0,0,0,0,0,0,0,10,1,2,0,0,0,0,0,1,0,0,2
8814785,5,0,5,0,5,0,0,0,5,0,0,5,0,0,3,5,0,0,0,0,0,0,0,0,5,1,3,0,0,0,0,1,0,0,0,0,0
8818055,7,6,1,0,0,1,0,3,7,0,0,1,4,2,1,2,1,4,0,0,0,0,0,0,0,7,0,0,0,0,0,0,0,0,0,0,0
8819819,4,1,3,0,0,1,0,2,4,0,0,1,2,1,2,1,1,2,0,0,0,0,0,0,0,3,0,1,0,0,0,0,0,0,0,0,0
8820688,6,0,6,0,4,0,0,1,4,2,0,3,2,1,6,6,0,0,0,0,0,0,0,0,0,5,0,0,0,0,0,1,0,0,0,0,0
8828675,16,0,16,0,8,6,0,1,13,3,0,1,11,4,15,16,0,0,0,0,0,0,0,0,0,9,0,6,0,0,0,0,0,1,0,0,0
8834763,3,2,1,0,0,2,0,0,3,0,0,1,1,1,3,1,2,0,0,0,0,0,0,0,0,1,0,1,1,0,0,0,0,0,0,0,0
8836994,8,2,6,0,7,1,0,0,8,0,0,3,5,0,7,3,0,5,0,0,0,0,0,0,0,6,0,1,0,1,0,0,0,0,0,0,1
8850242,33,18,15,0,23,3,0,7,33,0,0,3,14,16,19,21,5,7,0,0,0,0,0,0,0,25,0,6,1,0,0,0,1,0,0,0,1
8850531,7,4,3,0,4,1,1,0,7,0,0,0,2,5,7,4,3,0,0,0,0,0,0,0,0,4,0,3,0,0,0,0,0,0,0,0,0
8855233,14,6,8,0,3,4,0,4,10,4,0,6,6,2,14,8,5,1,0,0,0,0,0,0,0,7,1,4,0,0,0,2,0,0,0,0,2
8862741,3,3,0,0,2,0,0,0,3,0,0,0,1,2,3,0,0,0,3,0,0,0,0,0,0,0,0,2,1,0,0,0,0,0,0,0,0
8863655,5,3,2,0,4,0,1,0,5,0,0,4,0,1,5,5,0,0,0,0,0,0,0,0,0,4,1,0,0,0,0,0,0,0,0,0,0
8863934,10,4,6,0,0,1,3,5,10,0,0,3,5,2,7,5,4,1,0,0,0,0,0,0,0,5,0,4,0,0,0,0,1,0,0,0,1
8864437,19,10,9,0,10,1,0,5,19,0,0,8,9,2,16,9,6,4,0,0,0,0,0,0,0,0,0,5,0,1,1,0,0,0,12,0,3
8866026,11,0,11,0,9,0,0,2,11,0,0,10,1,0,10,11,0,0,0,0,0,0,0,0,0,11,0,0,0,0,0,0,0,0,0,0,0
8868921,1,0,1,0,0,1,0,0,1,0,0,0,1,0,1,1,0,0,0,0,0,0,0,0,0,1,0,0,0,0,0,0,0,0,0,0,0
8869738,6,0,6,0,6,0,0,0,6,0,0,3,3,0,3,6,0,0,0,0,0,0,0,0,3,2,0,0,0,3,1,0,0,0,0,0,3
8883471,5,0,5,0,5,0,0,0,5,0,0,3,2,0,0,5,0,0,0,0,0,0,0,0,0,3,0,1,0,0,1,0,0,0,0,0,0
8891891,6,1,5,0,4,1,0,1,4,2,0,1,3,2,6,2,3,1,0,0,0,0,0,0,0,3,0,3,0,0,0,0,0,0,0,0,1
8894308,17,4,13,0,8,3,1,4,15,2,0,1,10,6,17,6,7,3,0,0,0,0,1,0,3,2,0,2,0,2,0,11,0,0,0,0,14
8897444,3,0,3,0,3,0,0,0,3,0,0,1,2,0,2,3,0,0,0,0,0,0,0,0,0,2,0,0,0,0,0,1,0,0,0,0,0
8899214,5,0,5,0,5,0,0,0,1,4,0,1,4,0,5,5,0,0,0,0,0,0,0,0,0,2,0,0,0,1,0,0,0,2,0,0,0
8899930,6,0,6,0,2,2,0,2,5,1,0,1,3,2,5,0,6,0,0,0,0,0,0,0,1,0,0,4,0,1,0,0,0,1,0,0,1
8901463,8,1,7,0,4,1,1,2,7,0,1,1,2,5,7,8,0,0,0,0,0,0,0,0,0,7,0,1,0,0,0,0,0,0,0,0,1
8905946,23,7,16,0,9,4,1,6,20,3,0,1,15,7,22,9,14,0,0,0,0,0,0,0,1,15,0,7,0,1,0,0,0,0,0,0,1
8909040,3,2,1,0,1,0,0,0,3,0,0,1,1,1,1,2,1,0,0,0,0,0,0,0,0,2,0,1,0,0,0,0,0,0,0,0,0
8914062,7,0,7,0,7,0,0,0,7,0,0,0,0,7,7,7,0,0,0,0,0,0,0,0,0,7,0,0,0,0,0,0,0,0,0,0,0
8914226,3,0,3,0,3,0,0,0,3,0,0,2,1,0,3,2,1,0,0,0,0,0,0,0,3,2,0,1,0,0,0,0,0,0,0,0,0
8914362,8,0,8,0,6,2,0,0,8,0,0,2,5,1,8,8,0,0,0,0,0,0,0,0,0,2,0,2,0,1,0,0,1,2,0,0,1
8919097,4,0,4,0,4,0,0,0,4,0,0,3,1,0,4,4,0,0,0,0,0,0,0,0,0,2,0,0,0,0,0,1,0,1,0,0,0
8922971,8,4,4,0,4,1,0,3,8,0,0,3,4,1,8,1,3,4,0,0,0,0,0,0,0,4,0,3,1,0,0,0,0,0,0,0,0
8924904,28,0,28,0,28,0,0,0,28,0,0,3,19,6,5,28,0,0,0,0,0,0,0,0,0,8,1,14,1,0,0,0,1,2,1,0,1
8927674,3,1,2,0,0,3,0,0,3,0,0,2,1,0,1,2,1,0,0,0,0,0,0,0,0,3,0,0,0,0,0,0,0,0,0,0,0
8933314,27,12,15,0,20,2,0,4,27,0,0,0,14,13,26,0,2,3,14,0,8,0,0,0,0,4,0,23,0,0,0,0,0,0,0,0,0
8935755,5,1,4,0,5,0,0,0,5,0,0,0,2,3,4,0,0,0,5,0,0,0,0,0,0,0,0,5,0,0,0,0,0,0,0,0,0
8937197,8,0,8,0,8,0,0,0,8,0,0,1,3,4,3,8,0,0,0,0,0,0,0,0,0,3,0,3,0,0,0,0,0,2,0,0,0
8943176,8,0,8,0,8,0,0,0,8,0,0,2,5,1,1,8,0,0,0,0,0,0,0,0,0,1,1,4,0,2,0,0,0,0,0,0,0
8943721,2,0,2,0,1,0,0,1,2,0,0,0,2,0,2,2,0,0,0,0,0,0,0,0,2,0,0,0,0,0,0,0,0,2,0,0,0
8944568,6,2,4,0,4,0,1,1,6,0,0,2,2,2,6,3,2,1,0,0,0,0,0,0,0,2,0,4,0,0,0,0,0,0,0,0,0
8954126,4,2,2,0,2,0,0,2,4,0,0,1,3,0,4,1,3,0,0,0,0,0,0,0,0,2,0,2,0,0,0,0,0,0,0,0,0
8972092,2,0,2,0,2,0,0,0,2,0,0,0,1,1,0,0,0,0,2,0,0,0,0,0,0,0,0,2,0,0,0,0,0,0,0,0,0
8973950,20,8,12,0,10,0,0,9,20,0,0,5,13,2,20,9,10,1,0,0,0,0,0,0,1,13,0,6,1,0,0,0,0,0,0,0,0
8978516,12,4,8,0,4,1,2,3,12,0,0,0,8,4,4,8,3,1,0,0,0,0,0,0,0,6,0,3,0,0,0,2,1,0,0,0,0
8981858,10,0,10,0,7,3,0,0,10,0,0,2,5,3,8,4,3,2,0,0,0,0,1,0,3,3,1,2,1,0,1,0,0,2,0,0,2
8985173,7,1,6,0,6,0,0,1,7,0,0,3,4,0,6,7,0,0,0,0,0,0,0,0,0,3,0,1,0,1,0,0,0,2,0,0,0
8989023,2,0,2,0,2,0,0,0,2,0,0,2,0,0,2,2,0,0,0,0,0,0,0,0,0,2,0,0,0,0,0,0,0,0,0,0,0
8991582,20,3,17,0,19,0,0,1,20,0,0,2,7,11,9,20,0,0,0,0,0,0,0,0,0,16,0,0,0,0,0,0,0,1,3,0,1
8995029,18,1,17,0,18,0,0,0,18,0,0,4,11,3,9,6,1,10,0,0,0,0,0,1,7,0,0,4,0,5,7,0,0,2,0,0,0
8996136,4,0,4,0,3,0,0,1,4,0,0,0,3,1,3,4,0,0,0,0,0,0,0,0,1,0,0,0,0,3,0,0,0,1,0,0,0
8999404,4,1,3,0,2,1,0,1,4,0,0,0,2,2,4,4,0,0,0,0,0,0,0,0,0,0,0,1,0,0,0,3,0,0,0,0,4
9000390,27,5,22,0,20,0,0,7,27,0,0,10,12,5,27,15,12,0,0,0,0,0,0,0,0,17,0,8,1,1,0,0,0,0,0,0,0
9001185,9,3,6,0,8,0,0,1,9,0,0,1,2,6,9,9,0,0,0,0,0,0,0,0,0,7,0,2,0,0,0,0,0,0,0,0,0
9001529,6,0,6,0,5,0,0,1,6,0,0,5,1,0,4,6,0,0,0,0,0,0,0,0,0,5,0,0,0,0,0,0,0,1,0,0,2
9004301,4,2,2,0,1,1,1,1,4,0,0,0,3,1,4,0,0,0,4,0,0,0,0,0,1,2,0,2,0,0,0,0,0,0,0,0,0
9013215,4,3,1,0,1,0,0,1,4,0,0,0,3,1,4,0,0,0,4,0,0,0,0,0,3,0,0,3,1,0,0,0,0,0,0,0,0
9013821,5,0,5,0,2,2,0,1,5,0,0,0,3,2,5,5,0,0,0,0,0,0,0,0,0,3,0,1,0,0,0,0,0,1,0,0,0
9020712,4,2,2,0,2,0,1,0,4,0,0,0,2,2,4,0,0,0,4,0,0,0,0,0,0,0,0,4,0,0,0,0,0,0,0,0,0
9021174,4,2,2,0,0,0,1,3,4,0,0,1,0,3,4,2,2,0,0,0,0,0,0,0,0,2,1,1,0,0,0,0,0,0,0,0,2
9022137,12,0,12,0,12,0,0,0,12,0,0,8,3,1,12,12,0,0,0,0,0,0,0,0,0,10,0,0,0,0,1,0,0,1,0,0,3
9022949,2,0,2,0,2,0,0,0,2,0,0,2,0,0,2,1,1,0,0,0,0,0,0,0,2,2,0,0,0,0,0,0,0,0,0,0,0
9023309,4,2,2,0,4,0,0,0,4,0,0,0,2,2,1,4,0,0,0,0,0,0,0,0,4,3,0,0,1,0,0,0,0,0,0,0,0
9033924,4,0,4,0,4,0,0,0,4,0,0,0,1,3,4,4,0,0,0,0,0,0,0,0,1,1,0,0,1,0,0,0,0,2,0,0,0
9042863,10,0,10,0,6,3,0,0,8,0,2,5,4,1,7,10,0,0,0,0,0,0,0,0,0,1,1,1,0,0,1,0,0,6,0,0,0
9045548,7,0,7,0,7,0,0,0,7,0,0,2,4,1,6,7,0,0,0,0,0,0,0,0,0,2,0,5,0,0,0,0,0,0,0,0,0
9047445,4,0,4,0,4,0,0,0,4,0,0,3,1,0,1,4,0,0,0,0,0,0,0,0,2,2,0,0,0,0,0,0,0,2,0,0,1
9051046,21,1,20,0,21,0,0,0,21,0,0,0,13,8,20,21,0,0,0,0,0,0,0,0,0,0,0,9,0,4,8,0,0,0,0,0,5
9058554,13,6,7,0,7,0,0,4,13,0,0,0,6,7,12,6,1,6,0,0,0,0,0,0,1,6,0,6,0,0,0,1,0,0,0,0,0
9063430,5,1,4,0,2,1,1,1,5,0,0,0,1,4,5,0,0,0,5,0,0,0,0,0,0,0,0,5,0,0,0,0,0,0,0,0,0
9063925,3,1,2,0,0,0,0,1,3,0,0,0,3,0,2,1,1,1,0,0,0,0,0,0,0,2,0,1,0,0,0,0,0,0,0,0,0
9066388,4,2,2,0,2,1,0,0,4,0,0,1,1,2,4,4,0,0,0,0,0,0,0,0,0,4,0,0,0,0,0,0,0,0,0,0,0
9068216,2,0,2,0,2,0,0,0,2,0,0,0,2,0,1,2,0,0,0,0,0,0,0,0,0,0,0,1,0,0,0,1,0,0,0,0,1
9071034,16,15,1,0,3,2,2,5,16,0,0,2,8,6,14,9,5,2,0,0,0,0,0,0,0,14,0,2,0,0,0,0,0,0,0,0,0
9080958,18,1,17,0,18,0,0,0,14,4,0,5,8,5,14,18,0,0,0,0,0,0,0,0,0,8,0,8,0,2,0,0,0,0,0,0,0
9082410,11,6,5,0,6,2,0,2,9,2,0,0,5,6,10,4,4,2,0,0,0,0,0,1,8,4,0,5,0,0,0,0,0,2,0,0,2
9082479,1,1,0,0,1,0,0,0,1,0,0,1,0,0,1,1,0,0,0,0,0,0,0,0,0,1,0,0,0,0,0,0,0,0,0,0,0
9092989,3,1,2,0,1,0,2,0,3,0,0,2,1,0,1,3,0,0,0,0,0,0,0,0,3,2,0,1,0,0,0,0,0,0,0,0,1
9096649,5,3,2,0,2,0,2,1,4,1,0,0,2,3,5,0,0,0,5,0,0,0,0,0,0,0,0,4,0,1,0,0,0,0,0,0,0
9104927,6,0,6,0,6,0,0,0,6,0,0,3,3,0,4,6,0,0,0,0,0,0,0,0,0,2,0,0,0,1,2,0,0,1,0,0,0
9106276,1,1,0,0,1,0,0,0,1,0,0,0,0,1,1,0,0,0,1,0,0,0,0,0,0,0,0,1,0,0,0,0,0,0,0,0,0
9112296,8,0,8,0,8,0,0,0,8,0,0,4,4,0,1,8,0,0,0,0,0,0,0,0,0,2,0,1,0,4,0,0,0,1,0,0,1
9114982,1,0,1,0,1,0,0,0,1,0,0,0,0,1,1,1,0,0,0,0,0,0,0,0,0,1,0,0,0,0,0,0,0,0,0,0,0
9116808,13,6,7,0,6,1,0,6,13,0,0,3,5,5,6,9,4,0,0,0,0,0,0,0,1,9,0,2,0,0,0,0,0,2,0,0,1
9125918,9,4,5,0,8,1,0,0,9,0,0,5,2,2,4,4,4,1,0,0,0,0,0,0,0,6,0,3,0,0,0,0,0,0,0,0,1
9130504,2,2,0,0,0,1,0,0,2,0,0,0,0,2,2,0,1,1,0,0,0,0,0,0,0,0,0,2,0,0,0,0,0,0,0,0,0
9132208,3,1,2,0,2,0,0,1,3,0,0,0,2,1,3,2,0,1,0,0,0,0,0,0,0,2,0,1,0,0,0,0,0,0,0,0,2
9136776,8,1,7,0,8,0,0,0,5,3,0,7,1,0,4,8,0,0,0,0,0,0,0,0,8,2,0,0,0,1,1,0,0,4,0,0,0
9138148,14,2,12,0,6,0,0,7,13,0,1,3,9,2,11,7,1,2,3,0,0,0,1,0,0,9,0,3,0,0,0,2,0,0,0,0,0
9143471,25,11,14,0,11,6,1,6,24,1,0,2,14,9,23,6,7,12,0,0,0,0,0,0,0,17,0,4,1,1,0,1,0,0,0,1,0
9150584,9,0,9,0,8,0,0,1,9,0,0,5,1,3,5,9,0,0,0,0,0,0,0,0,0,6,0,0,0,0,0,0,0,3,0,0,0
9151221,6,2,4,0,6,0,0,0,6,0,0,1,2,3,6,2,4,0,0,0,0,0,0,0,0,3,0,2,0,0,0,0,1,0,0,0,0
9157995,3,0,3,0,1,0,0,2,3,0,0,0,0,3,2,2,1,0,0,0,0,0,0,0,0,2,0,0,1,0,0,0,0,0,0,0,2
9159937,15,0,15,0,15,0,0,0,15,0,0,13,2,0,15,15,0,0,0,0,0,0,0,0,0,12,0,3,0,0,0,0,0,0,0,0,0
9163424,12,1,11,0,9,1,0,2,12,0,0,6,5,1,12,12,0,0,0,0,0,0,0,0,7,8,0,2,0,0,0,0,0,2,0,0,0
9164702,2,0,2,0,2,0,0,0,2,0,0,1,1,0,2,2,0,0,0,0,0,0,0,0,2,0,0,0,0,1,0,0,0,1,0,0,2
9171239,24,10,14,0,17,2,0,2,24,0,0,0,17,7,24,0,0,0,21,0,3,0,0,0,8,0,0,23,0,1,0,0,0,0,0,0,0
9173611,2,2,0,0,1,0,0,1,2,0,0,0,2,0,2,2,0,0,0,0,0,0,0,0,0,2,0,0,0,0,0,0,0,0,0,0,0
9175016,17,0,17,0,17,0,0,0,10,7,0,3,11,3,17,17,0,0,0,0,0,0,0,0,1,2,0,4,0,0,2,0,0,9,0,0,1
9176846,5,0,5,0,2,1,0,0,4,1,0,2,2,1,5,5,0,0,0,0,0,0,0,0,2,5,0,0,0,0,0,0,0,0,0,0,3
9176875,4,1,3,0,1,0,0,2,4,0,0,0,4,0,3,3,1,0,0,0,0,0,0,0,0,3,0,1,0,0,0,0,0,0,0,0,0
9179137,6,0,6,0,6,0,0,0,6,0,0,6,0,0,6,5,0,0,0,0,0,0,0,1,6,6,0,0,0,0,0,0,0,0,0,0,0
9194424,3,0,3,0,1,1,0,1,3,0,0,1,2,0,3,3,0,0,0,0,0,0,0,0,0,3,0,0,0,0,0,0,0,0,0,0,0
9202418,6,3,3,0,3,0,0,3,6,0,0,2,2,2,6,2,4,0,0,0,0,0,0,0,0,2,4,0,0,0,0,0,0,0,0,0,0
9203390,4,1,3,0,1,1,1,1,4,0,0,0,0,4,4,4,0,0,0,0,0,0,0,0,0,4,0,0,0,0,0,0,0,0,0,0,0
9206705,4,0,4,0,4,0,0,0,4,0,0,0,3,1,4,4,0,0,0,0,0,0,0,0,2,0,0,0,0,2,0,1,0,1,0,0,0
9216382,2,0,2,0,2,0,0,0,2,0,0,1,1,0,2,2,0,0,0,0,0,0,0,0,0,2,0,0,0,0,0,0,0,0,0,0,0
9218046,2,2,0,0,0,0,0,0,2,0,0,0,2,0,2,0,2,0,0,0,0,0,0,0,0,1,0,1,0,0,0,0,0,0,0,0,1
9220040,4,0,4,0,3,1,0,0,4,0,0,0,1,3,4,4,0,0,0,0,0,0,0,0,0,1,0,3,0,0,0,0,0,0,0,0,3
9224135,12,0,12,0,12,0,0,0,12,0,0,2,10,0,5,12,0,0,0,0,0,0,0,0,0,3,0,2,0,3,0,0,1,3,0,0,0
9224617,2,0,2,0,1,0,0,1,2,0,0,0,0,2,2,0,1,1,0,0,0,0,0,0,0,0,0,2,0,0,0,0,0,0,0,0,0
9230987,30,12,18,0,10,4,0,12,30,0,0,1,22,7,29,13,10,7,0,0,0,0,0,0,0,20,0,7,0,1,0,0,0,1,1,0,0
9234290,2,1,1,0,1,0,0,0,2,0,0,0,1,1,2,1,1,0,0,0,0,0,0,0,0,1,0,1,0,0,0,0,0,0,0,0,0
9235853,2,0,2,0,1,1,0,0,2,0,0,0,1,1,2,2,0,0,0,0,0,0,0,0,2,2,0,0,0,0,0,0,0,0,0,0,0
9239687,3,2,1,0,3,0,0,0,3,0,0,0,0,3,2,0,0,0,3,0,0,0,0,0,0,0,0,3,0,0,0,0,0,0,0,0,0
9240555,21,13,8,0,10,2,2,6,21,0,0,0,15,6,21,2,0,2,15,0,2,0,0,0,19,2,0,16,1,0,0,0,0,2,0,0,0
9245699,3,2,1,0,1,1,1,0,3,0,0,0,1,2,3,0,0,0,3,0,0,0,0,0,2,0,0,3,0,0,0,0,0,0,0,0,0
9247537,3,1,2,0,2,0,0,0,3,0,0,0,2,1,3,1,0,2,0,0,0,0,0,0,3,2,0,1,0,0,0,0,0,0,0,0,1
9258064,17,13,4,0,3,1,2,11,17,0,0,2,13,2,8,10,5,2,0,0,0,0,0,0,0,14,0,1,0,0,0,2,0,0,0,0,1
9258681,7,0,7,0,5,0,0,1,7,0,0,0,5,2,7,0,0,0,7,0,0,0,0,0,0,0,0,7,0,0,0,0,0,0,0,0,0
9260279,15,9,6,0,11,2,0,0,15,0,0,6,9,0,3,15,0,0,0,0,0,0,0,0,0,15,0,0,0,0,0,0,0,0,0,0,0
9264002,10,3,7,0,6,0,0,4,10,0,0,2,6,2,9,5,4,1,0,0,0,0,0,0,5,6,0,2,0,1,0,0,1,0,0,0,1
9268901,9,6,3,0,9,0,0,0,9,0,0,0,7,2,9,4,4,1,0,0,0,0,0,0,0,7,0,2,0,0,0,0,0,0,0,0,1
9268978,4,1,3,0,4,0,0,0,4,0,0,2,1,1,4,4,0,0,0,0,0,0,0,0,0,4,0,0,0,0,0,0,0,0,0,0,0
9275703,5,0,5,0,3,1,0,0,2,3,0,0,4,1,1,5,0,0,0,0,0,0,0,0,0,1,0,1,0,1,0,0,0,0,2,0,0
9283726,9,5,4,0,5,1,0,2,9,0,0,0,6,3,8,6,1,2,0,0,0,0,0,0,0,5,0,2,1,0,0,0,0,1,0,0,1
9283782,6,0,6,0,6,0,0,0,6,0,0,6,0,0,5,6,0,0,0,0,0,0,0,0,0,6,0,0,0,0,0,0,0,0,0,0,0
9292792,4,2,2,0,4,0,0,0,4,0,0,0,3,1,4,0,0,0,4,0,0,0,0,0,0,0,0,4,0,0,0,0,0,0,0,0,0
9301232,2,0,2,0,1,0,0,1,2,0,0,0,0,2,2,2,0,0,0,0,0,0,0,0,0,2,0,0,0,0,0,0,0,0,0,0,0
9312155,4,0,4,0,4,0,0,0,4,0,0,2,2,0,0,4,0,0,0,0,0,0,0,0,0,4,0,0,0,0,0,0,0,0,0,0,0
9314723,7,1,6,0,3,3,0,1,7,0,0,3,2,2,6,3,2,2,0,0,0,0,0,0,0,6,0,1,0,0,0,0,0,0,0,0,1
9317806,18,2,16,0,18,0,0,0,18,0,0,10,5,3,17,18,0,0,0,0,0,0,0,0,0,10,0,4,0,4,0,0,0,0,0,0,18
9318300,15,1,14,0,14,0,0,1,15,0,0,8,6,1,15,3,4,1,0,0,0,0,0,7,1,4,0,1,0,9,1,0,0,0,0,0,15
9321815,11,1,10,0,6,3,0,2,11,0,0,1,8,2,11,11,0,0,0,0,0,0,0,0,11,10,0,0,0,0,0,0,1,0,0,0,0
9324877,4,1,3,0,1,2,1,0,4,0,0,0,2,2,4,2,2,0,0,0,0,0,0,0,0,2,1,1,0,0,0,0,0,0,0,0,0
9327002,3,1,2,0,1,0,0,2,3,0,0,0,2,1,2,0,0,0,3,0,0,0,0,0,0,0,0,3,0,0,0,0,0,0,0,0,0
9333610,11,0,11,0,4,1,0,5,0,11,0,1,8,2,6,11,0,0,0,0,0,0,0,0,0,1,0,1,0,2,0,0,0,7,0,0,0
9334269,5,1,4,0,5,0,0,0,4,1,0,1,3,1,4,5,0,0,0,0,0,0,0,0,2,4,0,1,0,0,0,0,0,0,0,0,0
9335383,3,2,1,0,0,0,0,2,3,0,0,0,0,3,3,0,0,0,3,0,0,0,0,0,0,0,0,3,0,0,0,0,0,0,0,0,0
9347204,8,2,6,0,3,1,0,1,8,0,0,0,3,5,8,3,3,2,0,0,0,0,0,0,0,2,0,2,3,0,0,0,0,0,1,0,0
9352960,2,1,1,0,0,0,1,1,2,0,0,0,2,0,2,1,1,0,0,0,0,0,0,0,0,1,0,1,0,0,0,0,0,0,0,0,0
9353837,1,0,1,0,1,0,0,0,1,0,0,0,0,1,0,1,0,0,0,0,0,0,0,0,0,0,0,1,0,0,0,0,0,0,0,0,0
9357519,7,0,7,0,5,1,0,1,7,0,0,0,7,0,7,7,0,0,0,0,0,0,0,0,7,7,0,0,0,0,0,0,0,0,0,0,0
9358781,26,13,13,0,13,2,1,1,26,0,0,2,16,8,26,0,1,0,25,0,0,0,0,0,0,1,0,24,1,0,0,0,0,0,0,0,1
9358787,7,4,3,0,2,1,1,3,7,0,0,0,5,2,0,4,3,0,0,0,0,0,0,0,0,5,0,2,0,0,0,0,0,0,0,0,0
9362785,2,0,2,0,0,1,0,1,2,0,0,1,1,0,2,2,0,0,0,0,0,0,0,0,0,2,0,0,0,0,0,0,0,0,0,0,2
9365343,7,2,5,0,7,0,0,0,0,7,0,0,2,5,3,0,2,0,3,0,2,0,0,0,0,1,0,4,0,1,0,0,1,0,0,0,3
9386117,8,0,8,0,7,0,0,0,6,2,0,5,3,0,7,8,0,0,0,0,0,0,0,0,0,6,1,0,0,1,0,0,0,0,0,0,0
9390293,9,1,8,0,7,1,0,1,9,0,0,3,5,1,8,5,3,1,0,0,0,0,0,0,0,4,0,3,0,1,1,0,0,0,0,0,2
9391892,12,0,12,0,9,3,0,0,12,0,0,4,7,1,12,12,0,0,0,0,0,0,0,0,12,0,0,7,0,0,0,0,0,5,0,0,0
9394353,2,0,2,0,2,0,0,0,2,0,0,0,2,0,2,0,0,0,2,0,0,0,0,0,0,0,0,2,0,0,0,0,0,0,0,0,0
9395110,4,2,2,0,4,0,0,0,4,0,0,3,1,0,2,4,0,0,0,0,0,0,0,0,0,4,0,0,0,0,0,0,0,0,0,0,0
9400736,6,2,4,0,5,0,0,1,6,0,0,0,3,3,3,2,4,0,0,0,0,0,0,0,1,2,0,2,1,0,0,0,1,0,0,0,0
9400834,5,2,3,0,2,2,0,1,5,0,0,2,1,2,4,3,0,0,0,0,0,0,0,2,0,4,0,1,0,0,0,0,0,0,0,0,0
9408010,16,3,13,0,7,3,0,6,16,0,0,4,6,6,4,16,0,0,0,0,0,0,0,0,0,14,0,2,0,0,0,0,0,0,0,0,1
9408702,3,1,2,0,3,0,0,0,3,0,0,3,0,0,3,3,0,0,0,0,0,0,0,0,0,3,0,0,0,0,0,0,0,0,0,0,0
9410799,3,0,3,0,3,0,0,0,3,0,0,2,1,0,3,3,0,0,0,0,0,0,0,0,0,1,0,0,0,0,0,0,0,2,0,0,0
9410820,21,3,18,0,20,0,0,0,21,0,0,13,7,1,8,14,4,3,0,0,0,0,0,0,20,0,0,13,2,0,0,0,0,6,0,0,0
9412109,1,1,0,0,0,0,0,1,1,0,0,0,1,0,1,1,0,0,0,0,0,0,0,0,1,1,0,0,0,0,0,0,0,0,0,0,0
9416455,3,0,3,0,0,1,0,2,3,0,0,0,2,1,0,3,0,0,0,0,0,0,0,0,0,1,0,2,0,0,0,0,0,0,0,0,0
9425345,4,0,4,0,4,0,0,0,4,0,0,0,4,0,4,4,0,0,0,0,0,0,0,0,0,1,0,1,0,2,0,0,0,0,0,0,0
9425936,15,6,9,0,8,0,0,6,15,0,0,11,4,0,3,13,1,0,0,0,0,0,0,1,0,13,0,2,0,0,0,0,0,0,0,0,0
9431740,2,1,1,0,1,0,0,0,2,0,0,0,1,1,2,0,0,0,2,0,0,0,0,0,0,0,0,1,1,0,0,0,0,0,0,0,0
9444224,15,0,15,0,15,0,0,0,15,0,0,7,8,0,15,15,0,0,0,0,0,0,0,0,0,0,2,3,0,1,4,2,0,3,0,0,4
9450078,1,0,1,0,1,0,0,0,0,1,0,1,0,0,1,1,0,0,0,0,0,0,0,0,0,0,0,0,0,1,0,0,0,0,0,0,0
9456321,4,0,4,0,4,0,0,0,4,0,0,1,1,2,4,4,0,0,0,0,0,0,0,0,1,2,0,2,0,0,0,0,0,0,0,0,0
9457509,4,0,4,0,4,0,0,0,4,0,0,4,0,0,3,4,0,0,0,0,0,0,0,0,0,4,0,0,0,0,0,0,0,0,0,0,3
9464707,8,0,8,0,8,0,0,0,8,0,0,8,0,0,8,8,0,0,0,0,0,0,0,0,0,8,0,0,0,0,0,0,0,0,0,0,0
9468704,10,0,10,0,10,0,0,0,2,8,0,7,3,0,7,10,0,0,0,0,0,0,0,0,0,4,3,1,0,1,0,0,0,1,0,0,0
9469811,4,0,4,0,4,0,0,0,4,0,0,4,0,0,4,4,0,0,0,0,0,0,0,0,1,2,0,1,0,1,0,0,0,0,0,0,0
9474321,4,3,1,0,2,0,0,2,4,0,0,0,3,1,2,0,0,0,4,0,0,0,0,0,0,0,0,4,0,0,0,0,0,0,0,0,0
9475098,38,10,28,0,14,2,3,13,38,0,0,2,22,14,35,4,9,19,4,0,2,0,0,0,2,16,0,16,2,0,0,4,0,0,0,0,0
9480063,24,0,24,0,23,0,0,1,20,4,0,0,14,10,2,24,0,0,0,0,0,0,0,0,0,19,0,2,0,0,1,1,0,1,0,0,0
9484130,9,4,5,0,4,1,1,3,9,0,0,3,4,2,8,5,2,2,0,0,0,0,0,0,0,4,1,3,0,0,0,0,1,0,0,0,0
9487237,18,7,11,0,4,4,1,4,18,0,0,10,3,5,4,13,5,0,0,0,0,0,0,0,0,13,0,2,2,1,0,0,0,0,0,0,0
9491687,3,0,3,0,2,0,0,1,3,0,0,1,1,1,3,3,0,0,0,0,0,0,0,0,0,1,0,1,0,0,0,0,0,1,0,0,0
9496247,12,2,10,0,8,1,0,3,1,11,0,0,4,8,6,8,1,2,0,0,1,0,0,0,0,3,0,6,1,0,1,0,0,0,1,0,2
9497954,5,0,5,0,5,0,0,0,5,0,0,2,3,0,1,5,0,0,0,0,0,0,0,0,0,2,0,3,0,0,0,0,0,0,0,0,0
9503302,2,0,2,0,1,1,0,0,2,0,0,0,1,1,0,2,0,0,0,0,0,0,0,0,0,2,0,0,0,0,0,0,0,0,0,0,0
9504570,18,1,17,0,18,0,0,0,8,10,0,4,11,3,15,18,0,0,0,0,0,0,0,0,0,7,0,2,0,5,2,0,0,2,0,0,1
9507116,6,2,4,0,2,3,0,1,6,0,0,2,3,1,6,3,3,0,0,0,0,0,0,0,5,3,0,2,0,0,0,1,0,0,0,0,0
9508548,3,0,3,0,1,1,1,0,3,0,0,0,3,0,3,3,0,0,0,0,0,0,0,0,0,0,0,0,0,0,0,3,0,0,0,0,3
9522147,18,3,15,0,11,2,0,5,18,0,0,5,7,6,10,10,8,0,0,0,0,0,0,0,0,8,0,6,0,0,0,0,0,4,0,0,0
9525905,8,0,8,0,7,1,0,0,8,0,0,3,5,0,8,8,0,0,0,0,0,0,0,0,0,2,0,1,0,2,0,0,0,3,0,0,0
9526973,4,1,3,0,2,1,0,0,3,1,0,0,4,0,4,4,0,0,0,0,0,0,0,0,0,0,0,0,0,0,0,4,0,0,0,0,4
9528307,3,0,3,0,2,0,0,0,3,0,0,1,1,1,3,2,1,0,0,0,0,0,0,0,0,2,0,0,1,0,0,0,0,0,0,0,0
9537512,4,2,2,0,2,2,0,0,4,0,0,1,3,0,3,4,0,0,0,0,0,0,0,0,1,3,0,0,0,0,0,0,0,1,0,0,0
9546227,12,2,10,0,7,2,0,2,11,1,0,0,5,7,12,3,1,7,1,0,0,0,0,0,0,6,0,5,0,0,0,0,0,0,1,0,0
9554406,2,0,2,0,0,0,0,0,1,1,0,0,0,2,2,2,0,0,0,0,0,0,0,0,0,1,0,1,0,0,0,0,0,0,0,0,0
9555267,4,0,4,0,3,1,0,0,4,0,0,3,1,0,0,4,0,0,0,0,0,0,0,0,0,4,0,0,0,0,0,0,0,0,0,0,0
9562066,9,1,8,0,9,0,0,0,9,0,0,4,5,0,0,9,0,0,0,0,0,0,0,0,0,6,0,1,0,2,0,0,0,0,0,0,0
9569588,20,4,16,0,15,0,0,5,20,0,0,10,8,2,20,4,0,16,0,0,0,0,0,0,0,13,0,4,0,3,0,0,0,0,0,0,0
9575629,8,0,8,0,4,2,0,2,8,0,0,7,1,0,8,8,0,0,0,0,0,0,0,0,0,7,0,1,0,0,0,0,0,0,0,0,0
9588325,31,2,29,0,31,0,0,0,31,0,0,11,13,7,26,28,0,1,0,0,0,0,2,0,13,4,0,5,0,7,3,0,10,1,1,0,2
9592021,8,0,8,0,8,0,0,0,8,0,0,4,3,1,8,3,5,0,0,0,0,0,0,0,0,4,0,3,0,0,0,1,0,0,0,0,0
9594806,21,0,21,0,21,0,0,0,18,2,1,3,13,5,20,21,0,0,0,0,0,0,0,0,0,17,0,1,0,0,0,0,0,3,0,0,0
9595912,4,1,3,0,4,0,0,0,4,0,0,1,3,0,3,4,0,0,0,0,0,0,0,0,0,4,0,0,0,0,0,0,0,0,0,0,0
9595943,3,2,1,0,1,0,0,1,3,0,0,0,1,2,3,0,0,0,3,0,0,0,0,0,1,0,0,3,0,0,0,0,0,0,0,0,0
9600730,8,0,8,0,5,2,0,1,8,0,0,8,0,0,7,8,0,0,0,0,0,0,0,0,0,8,0,0,0,0,0,0,0,0,0,0,1
9602965,4,0,4,0,2,2,0,0,4,0,0,0,2,2,4,4,0,0,0,0,0,0,0,0,0,3,0,0,1,0,0,0,0,0,0,0,0
9611435,5,5,0,0,0,1,1,2,5,0,0,0,5,0,5,5,0,0,0,0,0,0,0,0,0,2,0,3,0,0,0,0,0,0,0,0,5
9613021,2,0,2,0,2,0,0,0,2,0,0,1,1,0,0,2,0,0,0,0,0,0,0,0,0,0,0,0,0,2,0,0,0,0,0,0,0
9619038,7,0,7,0,6,1,0,0,7,0,0,1,5,1,1,7,0,0,0,0,0,0,0,0,3,0,0,2,0,1,4,0,0,0,0,0,0
9625596,4,0,4,0,3,1,0,0,4,0,0,0,3,1,3,4,0,0,0,0,0,0,0,0,0,2,0,1,0,0,0,0,0,1,0,0,0
9625982,3,2,1,0,2,0,0,1,3,0,0,0,2,1,3,0,1,0,2,0,0,0,0,0,0,0,0,3,0,0,0,0,0,0,0,0,0
9629461,3,1,2,0,3,0,0,0,2,1,0,2,1,0,0,2,0,0,0,0,0,0,0,1,0,0,0,1,0,0,0,0,0,2,0,0,0
9631149,3,0,3,0,3,0,0,0,3,0,0,3,0,0,3,3,0,0,0,0,0,0,0,0,0,3,0,0,0,0,0,0,0,0,0,0,0
9646643,5,1,4,0,2,3,0,0,5,0,0,3,1,1,3,3,1,1,0,0,0,0,0,0,0,3,0,1,0,0,0,0,0,1,0,0,0
9647471,1,1,0,0,0,0,0,1,1,0,0,0,1,0,1,1,0,0,0,0,0,0,0,0,0,1,0,0,0,0,0,0,0,0,0,0,0
9657864,5,0,5,0,4,1,0,0,5,0,0,0,3,2,5,1,0,4,0,0,0,0,0,0,0,4,0,1,0,0,0,0,0,0,0,0,0
9661440,3,1,2,0,2,0,0,0,3,0,0,0,1,2,1,0,0,0,3,0,0,0,0,0,0,0,0,3,0,0,0,0,0,0,0,0,0
9661532,1,0,1,0,1,0,0,0,1,0,0,1,0,0,0,0,1,0,0,0,0,0,0,0,0,1,0,0,0,0,0,0,0,0,0,0,0
9662235,10,8,2,0,2,0,1,6,10,0,0,2,7,1,9,7,3,0,0,0,0,0,0,0,0,6,0,2,0,0,0,0,1,1,0,0,0
9664678,2,1,1,0,2,0,0,0,2,0,0,2,0,0,2,2,0,0,0,0,0,0,0,0,0,2,0,0,0,0,0,0,0,0,0,0,0
9664896,4,0,4,0,4,0,0,0,4,0,0,2,2,0,4,4,0,0,0,0,0,0,0,0,4,2,0,2,0,0,0,0,0,0,0,0,0
9667932,4,1,3,0,1,1,0,0,4,0,0,0,1,3,4,4,0,0,0,0,0,0,0,0,3,3,0,1,0,0,0,0,0,0,0,0,0
9668989,5,0,5,0,5,0,0,0,0,5,0,2,3,0,2,5,0,0,0,0,0,0,0,0,0,2,0,0,0,2,0,1,0,0,0,0,0
9674853,1,0,1,0,0,1,0,0,1,0,0,0,0,1,1,1,0,0,0,0,0,0,0,0,0,1,0,0,0,0,0,0,0,0,0,0,0
9675762,6,4,2,0,3,0,0,3,6,0,0,2,1,3,2,2,3,1,0,0,0,0,0,0,0,3,0,3,0,0,0,0,0,0,0,0,0
9676357,2,1,1,0,1,1,0,0,2,0,0,1,1,0,2,2,0,0,0,0,0,0,0,0,0,1,0,1,0,0,0,0,0,0,0,0,0
9686882,4,0,4,0,4,0,0,0,4,0,0,0,4,0,4,1,1,2,0,0,0,0,0,0,0,3,0,1,0,0,0,0,0,0,0,0,0
9689597,3,1,2,0,0,3,0,0,3,0,0,2,1,0,3,2,1,0,0,0,0,0,0,0,0,3,0,0,0,0,0,0,0,0,0,0,0
9689741,6,4,2,0,0,0,0,6,6,0,0,5,0,1,6,2,4,0,0,0,0,0,0,0,0,5,0,1,0,0,0,0,0,0,0,0,0
9690579,9,5,4,0,0,4,2,3,9,0,0,3,4,2,8,4,4,1,0,0,0,0,0,0,0,4,0,2,1,0,0,2,0,0,0,0,8
9691919,2,0,2,0,2,0,0,0,2,0,0,0,2,0,0,2,0,0,0,0,0,0,0,0,0,2,0,0,0,0,0,0,0,0,0,0,0
9703889,13,0,13,0,13,0,0,0,13,0,0,6,4,3,5,8,5,0,0,0,0,0,0,0,1,8,0,3,2,0,0,0,0,0,0,0,0
9706545,5,0,5,0,3,2,0,0,5,0,0,0,3,2,5,5,0,0,0,0,0,0,0,0,0,5,0,0,0,0,0,0,0,0,0,0,1
9710128,9,0,9,0,6,1,1,1,9,0,0,0,6,3,3,9,0,0,0,0,0,0,0,0,5,3,1,5,0,0,0,0,0,0,0,0,0
9711843,5,2,3,0,1,0,0,1,5,0,0,1,2,2,5,4,0,1,0,0,0,0,0,0,1,2,0,3,0,0,0,0,0,0,0,0,2
9714283,2,0,2,0,2,0,0,0,2,0,0,1,0,1,1,2,0,0,0,0,0,0,0,0,0,1,0,0,0,0,0,0,0,0,1,0,1
9715408,12,0,12,0,6,1,0,5,12,0,0,1,2,9,12,12,0,0,0,0,0,0,0,0,0,11,0,1,0,0,0,0,0,0,0,0,0
9716856,4,0,4,0,4,0,0,0,4,0,0,0,4,0,2,4,0,0,0,0,0,0,0,0,2,0,0,2,1,0,1,0,0,0,0,0,0
9717641,10,8,2,0,8,0,1,1,10,0,0,1,5,4,6,0,4,6,0,0,0,0,0,0,0,5,0,5,0,0,0,0,0,0,0,0,0
9725542,1,1,0,0,1,0,0,0,1,0,0,1,0,0,1,1,0,0,0,0,0,0,0,0,0,0,1,0,0,0,0,0,0,0,0,0,0
9726657,1,0,1,0,1,0,0,0,1,0,0,0,0,1,1,1,0,0,0,0,0,0,0,0,0,1,0,0,0,0,0,0,0,0,0,0,0
9732575,6,5,1,0,3,0,0,1,6,0,0,1,4,1,5,2,4,0,0,0,0,0,0,0,0,2,0,3,0,0,0,0,0,1,0,0,0
9734011,10,0,10,0,8,0,0,2,10,0,0,0,8,2,10,10,0,0,0,0,0,0,0,0,0,10,0,0,0,0,0,0,0,0,0,0,0
9735319,5,4,1,0,3,0,0,1,5,0,0,0,5,0,5,5,0,0,0,0,0,0,0,0,0,4,0,1,0,0,0,0,0,0,0,0,0
9737748,42,5,37,0,41,0,0,1,41,1,0,5,25,12,40,42,0,0,0,0,0,0,0,0,0,14,0,20,0,7,1,0,0,0,0,0,1
9746465,11,1,10,0,8,1,0,2,11,0,0,2,6,3,11,3,7,1,0,0,0,0,0,0,1,8,0,2,0,1,0,0,0,0,0,0,0
9748805,10,3,7,0,10,0,0,0,10,0,0,2,7,1,10,10,0,0,0,0,0,0,0,0,0,7,0,1,0,0,0,0,0,2,0,0,0
9753255,2,0,2,0,0,0,0,2,2,0,0,0,1,1,2,2,0,0,0,0,0,0,0,0,0,2,0,0,0,0,0,0,0,0,0,0,0
9754225,7,0,7,0,7,0,0,0,7,0,0,1,4,2,7,1,0,5,0,0,0,0,0,1,0,0,0,3,0,2,1,0,0,1,0,0,0
9756868,10,0,10,0,10,0,0,0,8,2,0,1,7,2,9,10,0,0,0,0,0,0,0,0,0,3,1,3,0,0,0,0,0,3,0,0,0
9765187,5,2,3,0,4,0,0,1,5,0,0,0,2,3,5,0,0,0,5,0,0,0,0,0,2,1,0,2,2,0,0,0,0,0,0,0,5
9772997,8,2,6,0,5,0,0,1,8,0,0,0,4,4,8,0,0,0,8,0,0,0,0,0,0,0,0,8,0,0,0,0,0,0,0,0,1
9776775,3,1,2,0,2,0,1,0,3,0,0,0,3,0,3,0,0,0,3,0,0,0,0,0,3,0,0,3,0,0,0,0,0,0,0,0,0
9781255,2,1,1,0,0,0,1,1,2,0,0,2,0,0,2,2,0,0,0,0,0,0,0,0,2,2,0,0,0,0,0,0,0,0,0,0,0
9783889,7,3,4,0,3,1,0,3,7,0,0,0,6,1,7,7,0,0,0,0,0,0,0,0,0,7,0,0,0,0,0,0,0,0,0,0,0
9785874,10,3,7,0,5,0,1,1,10,0,0,4,5,1,6,5,1,2,2,0,0,0,0,0,1,7,0,2,0,0,0,0,0,1,0,0,2
9789503,4,3,1,0,0,1,0,2,4,0,0,1,3,0,4,1,1,2,0,0,0,0,0,0,0,2,0,1,1,0,0,0,0,0,0,0,0
9792835,3,1,2,0,1,1,0,0,3,0,0,0,1,2,3,3,0,0,0,0,0,0,0,0,0,1,0,0,0,0,0,2,0,0,0,0,3
9796225,18,1,17,0,16,1,0,1,18,0,0,13,5,0,18,18,0,0,0,0,0,0,0,0,1,14,0,4,0,0,0,0,0,0,0,0,14
9798592,8,0,8,0,4,1,0,2,8,0,0,1,7,0,8,8,0,0,0,0,0,0,0,0,0,8,0,0,0,0,0,0,0,0,0,0,0
9802151,8,4,4,0,2,2,2,0,8,0,0,0,8,0,8,0,1,0,1,0,6,0,0,0,1,2,0,6,0,0,0,0,0,0,0,0,0
9813084,2,0,2,0,2,0,0,0,2,0,0,0,2,0,2,2,0,0,0,0,0,0,0,0,0,2,0,0,0,0,0,0,0,0,0,0,0
9813541,10,1,9,0,10,0,0,0,10,0,0,3,6,1,10,5,5,0,0,0,0,0,0,0,0,5,0,5,0,0,0,0,0,0,0,0,0
9821036,2,1,1,0,2,0,0,0,2,0,0,1,0,1,0,2,0,0,0,0,0,0,0,0,0,1,0,1,0,0,0,0,0,0,0,0,0
9823538,3,0,3,0,2,0,0,1,3,0,0,0,2,1,3,0,0,0,3,0,0,0,0,0,0,0,0,3,0,0,0,0,0,0,0,0,0
9824457,5,3,2,0,3,2,0,0,5,0,0,2,3,0,4,4,0,0,1,0,0,0,0,0,1,0,0,1,1,1,2,0,0,0,0,0,1
9824803,1,0,1,0,1,0,0,0,1,0,0,0,0,1,1,0,1,0,0,0,0,0,0,0,0,0,0,0,1,0,0,0,0,0,0,0,0
9827779,13,1,12,0,10,2,0,1,13,0,0,3,6,4,11,6,5,2,0,0,0,0,0,0,0,3,0,6,0,4,0,0,0,0,0,0,0
9837480,3,0,3,0,1,1,0,1,3,0,0,3,0,0,3,2,0,1,0,0,0,0,0,0,0,3,0,0,0,0,0,0,0,0,0,0,0
9844624,3,2,1,0,2,0,0,1,3,0,0,0,3,0,3,0,0,0,3,0,0,0,0,0,0,1,0,2,0,0,0,0,0,0,0,0,0
9846182,11,0,11,0,10,1,0,0,11,0,0,2,8,1,10,10,0,0,0,0,0,0,0,1,0,4,1,1,0,0,0,0,0,5,0,0,10
9847410,6,2,4,0,2,2,1,1,6,0,0,2,4,0,6,2,4,0,0,0,0,0,0,0,0,3,0,3,0,0,0,0,0,0,0,0,2
9851224,17,0,17,0,17,0,0,0,14,3,0,15,1,1,17,17,0,0,0,0,0,0,0,0,0,9,0,2,1,0,0,0,0,5,0,0,15
9851984,2,2,0,0,0,0,0,1,2,0,0,0,2,0,2,2,0,0,0,0,0,0,0,0,0,2,0,0,0,0,0,0,0,0,0,0,0
9866901,2,1,1,0,2,0,0,0,2,0,0,0,1,1,2,2,0,0,0,0,0,0,0,0,2,2,0,0,0,0,0,0,0,0,0,0,0
9873716,19,11,8,0,7,1,0,7,19,0,0,6,10,3,18,12,4,3,0,0,0,0,0,0,2,16,0,3,0,0,0,0,0,0,0,0,0
9876632,2,2,0,0,0,1,1,0,2,0,0,0,1,1,2,1,0,1,0,0,0,0,0,0,2,1,0,1,0,0,0,0,0,0,0,0,1
9881024,4,1,3,0,4,0,0,0,4,0,0,0,2,2,3,4,0,0,0,0,0,0,0,0,0,3,0,1,0,0,0,0,0,0,0,0,1
9888851,8,0,8,0,6,0,0,1,7,1,0,1,4,3,5,5,1,2,0,0,0,0,0,0,0,6,0,2,0,0,0,0,0,0,0,0,0
9889089,2,0,2,0,2,0,0,0,2,0,0,2,0,0,2,2,0,0,0,0,0,0,0,0,0,2,0,0,0,0,0,0,0,0,0,0,2
9889197,7,5,2,0,0,1,1,1,7,0,0,0,7,0,4,7,0,0,0,0,0,0,0,0,0,6,0,1,0,0,0,0,0,0,0,0,0
9889642,18,9,9,0,6,4,0,6,18,0,0,3,9,6,14,5,6,3,4,0,0,0,0,0,1,6,0,9,0,2,0,0,0,1,0,0,0
9890237,10,1,9,0,5,2,0,3,10,0,0,0,4,6,8,0,0,0,10,0,0,0,0,0,0,0,0,10,0,0,0,0,0,0,0,0,0
9895872,5,0,5,0,5,0,0,0,5,0,0,1,3,1,5,5,0,0,0,0,0,0,0,0,5,2,0,0,0,2,1,0,0,0,0,0,0
9896248,4,0,4,0,4,0,0,0,4,0,0,1,3,0,4,4,0,0,0,0,0,0,0,0,0,4,0,0,0,0,0,0,0,0,0,0,1
9896483,4,1,3,0,0,1,1,1,4,0,0,0,2,2,4,0,0,0,4,0,0,0,0,0,0,0,0,4,0,0,0,0,0,0,0,0,0
9897183,1,1,0,0,1,0,0,0,1,0,0,0,1,0,1,0,0,0,1,0,0,0,0,0,0,0,0,1,0,0,0,0,0,0,0,0,0
9903022,13,3,10,0,6,4,1,1,13,0,0,4,8,1,12,13,0,0,0,0,0,0,0,0,0,11,0,2,0,0,0,0,0,0,0,0,0
9907844,3,1,2,0,3,0,0,0,3,0,0,0,1,2,3,0,0,0,3,0,0,0,0,0,0,0,0,3,0,0,0,0,0,0,0,0,0
9912147,8,0,8,0,3,2,1,1,8,0,0,2,5,1,7,8,0,0,0,0,0,0,0,0,4,6,0,1,0,0,0,1,0,0,0,0,0
9914286,4,1,3,0,0,1,0,1,4,0,0,3,1,0,4,3,0,1,0,0,0,0,0,0,0,4,0,0,0,0,0,0,0,0,0,0,0
9918021,5,2,3,0,1,0,0,4,5,0,0,0,0,5,5,0,0,0,5,0,0,0,0,0,0,0,0,4,1,0,0,0,0,0,0,0,0
9919324,7,1,6,0,5,1,0,1,7,0,0,1,2,4,6,4,2,1,0,0,0,0,0,0,0,5,0,1,1,0,0,0,0,0,0,0,0
9923198,2,0,2,0,2,0,0,0,2,0,0,1,1,0,2,0,2,0,0,0,0,0,0,0,0,1,0,1,0,0,0,0,0,0,0,0,0
9925143,2,1,1,0,2,0,0,0,2,0,0,0,1,1,1,1,1,0,0,0,0,0,0,0,0,1,0,1,0,0,0,0,0,0,0,0,0
9926378,4,0,4,0,1,0,0,0,4,0,0,0,1,3,4,1,2,1,0,0,0,0,0,0,0,1,0,3,0,0,0,0,0,0,0,0,4
9931803,5,3,2,0,5,0,0,0,5,0,0,1,4,0,5,5,0,0,0,0,0,0,0,0,3,3,0,2,0,0,0,0,0,0,0,0,0
9932656,15,2,13,0,13,2,0,0,15,0,0,2,6,7,12,4,8,3,0,0,0,0,0,0,12,1,1,10,0,1,1,1,0,0,0,0,0
9939185,5,1,4,0,5,0,0,0,5,0,0,2,3,0,4,5,0,0,0,0,0,0,0,0,0,3,0,1,0,0,1,0,0,0,0,0,0
9941124,3,1,2,0,3,0,0,0,3,0,0,0,1,2,3,0,0,0,3,0,0,0,0,0,3,1,0,2,0,0,0,0,0,0,0,0,2
9947258,2,2,0,0,1,0,0,0,2,0,0,0,2,0,2,1,1,0,0,0,0,0,0,0,0,2,0,0,0,0,0,0,0,0,0,0,0
9947612,12,0,12,0,12,0,0,0,11,1,0,4,4,4,12,12,0,0,0,0,0,0,0,0,0,7,0,4,0,0,0,0,0,1,0,0,0
9951375,10,1,9,0,10,0,0,0,7,3,0,8,2,0,10,10,0,0,0,0,0,0,0,0,2,4,0,1,0,2,0,1,0,2,0,0,0
9952169,4,0,4,0,2,0,0,2,4,0,0,0,2,2,4,4,0,0,0,0,0,0,0,0,4,4,0,0,0,0,0,0,0,0,0,0,0
9953906,16,0,16,0,16,0,0,0,10,6,0,5,10,1,16,16,0,0,0,0,0,0,0,0,1,4,1,1,0,0,2,4,0,4,0,0,1
9962840,3,2,1,0,2,1,0,0,3,0,0,0,1,2,3,0,0,0,2,0,1,0,0,0,0,0,0,2,1,0,0,0,0,0,0,0,0
9994934,8,0,8,0,8,0,0,0,8,0,0,2,5,1,7,5,0,1,2,0,0,0,0,0,3,0,1,6,0,1,0,0,0,0,0,0,3
