pseudocode,building_status,no_building_blocks,pucca_building_blocks,boundary_wall,total_class_rooms,other_rooms,classrooms_in_good_condition,classrooms_needs_minor_repair,classrooms_needs_major_repair,separate_room_for_hm,total_boys_toilet,total_boys_func_toilet,total_girls_toilet,total_girls_func_toilet,total_boys_cwsn_toilet,func_boys_cwsn_friendly,total_girls_cwsn_toilet,func_girls_cwsn_friendly,urinal_boys,urinal_girls,handwash_near_toilet,hand_pump_yn,well_prot_yn,tap_yn,othsrc_yn,well_unprot_yn,pack_water_yn,hand_pump_fun_yn,well_prot_fun_yn,tap_fun_yn,othsrc_fun_yn,well_unprot_fun_yn,pack_water_fun_yn,rain_water_harvesting,handwash_facility_for_meal,electricity_availability,solar_panel,library_availability,book_bank,reading_corner,playground_available,playground_alt_yn,medical_checkups,availability_ramps,availability_of_handrails,furniture_availability,phy_lab_cond,chem_lab_cond,bio_lab_cond,math_lab_cond,lang_lab_cond,geo_lab_cond,home_sc_lab_cond,psycho_lab_cond,comp_lab_cond,comp_ict_lab_yn,ict_lab_yn,laptop,tablet,desktop,digiboard,teachdev_tot,server_tot,smart_class_tv_tot,projector,printer,internet,dth,spl_educator_yn
7027847,1,0,1,1,0,8,10,0,0,1,4,4,3,3,1,1,1,1,1,1,1,2,2,1,2,2,2,2,2,1,2,2,2,2,1,1,2,1,1,1,1,9,1,1,2,1,0,0,0,0,0,0,0,0,0,1,9,2,2,15,0,2,0,0,1,2,1,1,3
7009176,2,0,3,6,0,7,6,0,0,1,2,2,2,2,2,2,2,2,2,2,1,2,2,1,2,2,2,2,2,1,2,2,2,2,1,1,1,1,2,2,1,9,1,1,1,1,0,0,0,0,0,0,0,0,0,1,2,2,0,12,0,1,0,0,2,2,1,1,3
6065102,1,0,2,1,0,8,20,0,0,1,5,5,5,5,5,5,5,5,5,5,1,2,2,1,2,2,2,2,2,1,2,2,2,2,1,1,2,1,2,2,2,1,1,2,9,1,0,0,0,0,0,0,0,0,0,1,9,3,0,25,0,0,1,10,2,3,1,2,1
6252075,2,0,1,1,0,5,14,0,0,1,5,5,5,5,1,1,1,1,6,6,1,2,2,1,2,2,2,2,2,1,2,2,2,2,2,1,3,1,2,2,1,9,2,1,1,1,0,0,0,0,0,0,0,0,0,1,9,0,0,13,0,0,0,12,12,2,1,2,3
2970073,2,0,1,1,0,15,20,0,0,1,6,6,6,6,1,1,1,1,6,6,1,2,2,1,2,2,2,2,2,1,2,2,2,2,1,1,2,1,1,1,1,9,1,1,1,1,3,3,3,3,3,3,3,3,3,1,1,91,0,295,0,1,3,0,39,49,1,1,2
6098735,2,0,1,1,0,4,9,0,0,1,8,6,6,6,1,1,1,1,4,1,1,2,2,1,2,2,2,2,2,1,2,2,2,2,1,1,2,1,2,1,2,1,1,1,1,1,0,0,0,0,0,0,0,0,0,2,9,2,0,12,0,0,1,0,1,3,1,2,3
9966698,2,0,1,1,0,7,12,0,0,1,8,8,0,0,4,4,10,10,8,0,1,1,2,1,2,2,2,1,2,1,2,2,2,2,1,1,2,1,1,1,1,9,2,1,1,1,1,1,1,1,3,3,3,3,1,1,9,6,0,6,0,0,0,12,11,3,1,1,1
6039620,2,0,1,1,0,8,20,0,0,1,2,2,2,2,0,0,0,0,7,0,1,2,2,1,2,2,2,2,2,1,2,2,2,2,1,1,2,1,2,2,2,1,1,1,2,1,0,0,0,0,0,0,0,0,0,1,9,4,12,31,0,0,1,1,2,6,1,2,2
9908658,2,0,1,1,0,6,12,0,0,1,2,2,6,6,1,1,0,0,2,6,1,2,2,1,2,2,2,2,2,1,2,2,2,2,1,1,2,1,1,1,1,9,1,1,1,1,4,4,4,4,4,4,4,4,4,1,2,0,0,12,0,0,0,1,1,3,1,2,3
9003148,2,0,1,1,0,10,18,0,0,1,6,6,11,11,3,3,5,5,14,5,1,2,2,1,2,2,2,2,2,1,2,2,2,2,1,1,2,1,1,2,1,9,1,1,1,1,3,3,3,3,3,3,3,3,3,1,1,1,20,35,0,0,1,0,1,4,1,2,3
4781384,2,0,1,1,0,12,11,0,0,1,4,4,4,4,4,4,4,4,4,4,1,2,2,1,2,2,2,2,2,1,2,2,2,2,1,1,2,1,2,2,1,9,2,1,1,1,1,1,1,4,4,4,4,4,1,1,9,1,0,45,0,0,0,0,2,2,1,2,2
6378199,1,0,1,1,0,29,16,0,0,1,15,15,4,4,2,2,0,0,7,4,1,2,2,1,2,2,2,2,2,1,2,2,2,2,1,1,2,1,2,2,1,9,2,1,1,1,0,0,0,0,0,0,0,0,0,1,9,19,0,22,0,0,0,17,18,5,1,2,2
7905398,2,0,1,1,0,4,6,0,0,1,2,2,4,4,1,1,1,1,3,0,1,2,2,1,2,2,2,2,2,1,2,2,2,2,1,1,2,1,2,1,1,9,1,1,1,1,0,0,0,0,0,0,0,0,0,1,9,7,0,20,0,0,0,7,7,3,1,2,2
9595450,1,0,1,1,0,4,5,0,0,1,2,2,1,1,1,1,1,1,3,2,1,2,2,1,2,2,2,2,2,1,2,2,2,2,1,1,2,1,2,2,2,1,1,1,1,1,0,0,0,0,0,0,0,0,0,1,9,2,0,20,0,0,1,1,1,4,1,2,2
1323977,2,0,1,1,0,6,18,0,0,1,0,0,12,12,0,0,2,2,0,14,1,2,2,1,2,2,2,2,2,1,2,2,2,2,1,1,2,1,2,2,2,1,1,1,2,1,0,0,0,0,0,0,0,0,0,1,1,5,1,35,0,33,1,18,2,3,1,1,2
9394300,1,0,1,1,0,5,8,0,0,1,2,2,2,2,1,1,1,1,3,3,1,2,2,1,2,2,1,2,2,1,2,2,1,2,1,1,2,1,2,1,1,9,2,1,1,1,0,0,0,0,0,0,0,0,0,2,9,0,0,4,0,0,1,0,1,2,1,2,2
6577771,1,0,1,1,0,11,16,0,0,1,25,25,8,8,1,1,1,1,26,9,1,2,2,1,2,2,1,2,2,1,2,2,1,1,1,1,2,1,2,2,1,9,2,1,1,1,2,2,2,2,4,4,4,4,1,1,9,2,1,18,0,13,1,7,1,3,1,2,2
2338519,2,0,1,1,0,6,13,0,0,1,0,0,0,0,3,3,13,13,17,0,1,2,2,1,2,2,2,2,2,1,2,2,2,2,1,1,2,1,2,1,1,9,1,1,1,1,0,0,0,0,0,0,0,0,0,1,1,1,0,42,0,0,2,0,1,2,1,2,3
9622244,2,0,1,1,0,14,13,0,0,1,1,1,1,1,1,1,1,1,2,2,1,2,2,1,2,2,2,2,2,1,2,2,2,1,1,1,2,1,2,2,1,9,1,1,1,1,0,0,0,0,0,0,0,0,0,2,2,1,0,2,0,0,1,3,1,1,1,1,2
8476073,1,0,1,1,0,6,23,0,0,1,20,20,25,25,2,2,2,2,10,15,1,2,2,1,2,2,2,2,2,1,2,2,2,2,1,1,2,1,2,2,1,9,2,1,2,1,0,0,0,0,0,0,0,0,0,1,9,0,0,6,0,0,0,0,1,5,1,1,2
9425048,1,0,1,1,0,6,10,0,0,1,4,4,4,4,4,4,4,4,3,3,1,2,2,1,2,2,2,2,2,1,2,2,2,2,1,1,2,1,2,2,1,9,1,1,1,1,2,2,2,2,4,4,4,4,2,1,9,0,0,10,0,0,1,0,0,2,1,2,2
4761012,2,0,1,1,0,1,2,0,0,1,6,6,6,6,2,2,2,2,8,1,1,2,2,1,2,2,2,2,2,1,2,2,2,2,1,1,2,1,2,2,1,9,2,1,1,1,1,1,1,4,4,4,4,4,4,2,9,0,0,3,0,0,1,0,1,1,1,2,2
1725651,1,0,1,1,0,4,12,0,0,1,1,1,1,1,1,1,1,1,4,1,1,2,2,1,2,2,2,2,2,1,2,2,2,2,1,1,2,1,2,2,1,9,2,1,2,1,4,4,4,4,4,4,4,4,1,1,2,0,0,12,0,0,0,0,1,3,1,2,2
6363845,2,0,1,1,0,6,12,0,0,1,11,11,6,6,1,1,0,0,11,6,1,2,2,1,2,2,2,2,2,1,2,2,2,2,1,1,2,1,1,2,1,9,1,1,1,1,0,0,0,0,0,0,0,0,0,1,9,1,0,11,0,0,0,0,10,2,1,2,2
7591438,2,0,1,1,0,8,12,0,0,1,12,12,11,11,0,0,1,1,9,0,1,2,2,1,2,2,2,2,2,1,2,2,2,1,1,1,2,1,2,2,2,1,1,1,1,1,0,0,0,0,0,0,0,0,0,1,9,4,0,4,0,0,3,12,13,2,1,2,3
7437419,1,0,1,1,0,6,13,0,0,1,9,9,10,10,1,1,1,1,10,11,1,2,2,1,2,2,2,2,2,1,2,2,2,2,1,1,2,1,2,1,1,9,1,1,1,1,2,2,2,1,4,4,4,4,4,1,1,1,0,25,0,1,1,0,1,2,1,2,2
5214652,1,0,1,1,0,9,10,0,0,1,1,1,1,1,4,4,4,4,3,0,1,1,2,1,2,2,2,1,2,1,2,2,2,1,1,1,1,1,2,2,1,9,2,1,1,1,0,0,0,0,0,0,0,0,0,1,2,1,0,15,0,0,1,0,2,3,1,2,2
9014984,2,0,1,1,0,4,12,0,0,1,1,1,1,1,1,1,1,1,1,1,1,2,2,1,2,2,2,2,2,1,2,2,2,2,1,1,2,1,2,2,1,9,1,1,1,1,0,0,0,0,0,0,0,0,0,1,9,1,0,11,0,9,1,0,2,2,1,2,2
6019570,2,0,1,1,0,6,17,0,0,1,4,4,4,4,1,1,1,1,4,4,1,2,2,1,2,2,2,2,2,1,2,2,2,2,1,1,2,1,2,1,1,9,1,1,1,1,0,0,0,0,0,0,0,0,0,1,9,2,10,7,0,3,2,3,2,2,1,1,2
1371790,1,0,1,1,0,9,42,0,0,1,16,16,29,29,1,1,1,1,43,30,1,2,2,1,2,2,2,2,2,1,2,2,2,1,2,1,2,1,2,2,2,1,1,1,1,1,0,0,0,0,0,0,0,0,0,1,9,4,0,81,0,81,4,39,33,6,1,2,3
8868477,1,0,1,1,0,6,17,0,0,1,4,4,7,7,1,1,1,1,4,7,1,2,2,1,2,2,1,2,2,1,2,2,1,2,1,1,2,1,2,2,1,9,1,1,2,1,1,1,1,4,4,4,4,4,4,2,2,10,0,100,0,0,0,0,5,15,1,2,2
5050646,1,0,1,1,0,6,24,0,0,1,15,15,11,11,0,0,1,1,4,4,1,2,2,1,2,2,2,2,2,1,2,2,2,2,1,1,2,1,1,1,1,9,1,1,1,1,0,0,0,0,0,0,0,0,0,1,9,128,43,30,10,30,2,2,3,17,1,1,2
9755801,2,0,2,1,0,6,18,0,0,1,10,10,10,10,2,2,2,2,6,6,1,2,2,1,1,2,2,2,2,1,1,2,2,2,1,1,2,1,2,1,1,9,2,1,1,1,0,0,0,0,0,0,0,0,0,1,2,1,0,38,0,0,0,18,22,2,1,1,3
1743140,1,0,1,1,0,6,9,0,0,1,4,4,4,4,1,1,1,1,4,0,1,2,2,1,2,2,2,2,2,1,2,2,2,2,1,1,2,1,2,2,1,9,1,1,1,1,0,0,0,0,0,0,0,0,0,1,9,0,0,2,0,0,0,0,1,1,1,2,2
3811167,1,0,1,1,0,6,43,0,0,1,11,11,15,15,5,5,4,4,21,0,1,2,2,1,2,2,2,2,2,1,2,2,2,2,1,1,2,1,2,2,1,9,1,1,1,1,0,0,0,0,0,0,0,0,0,1,9,0,0,53,0,0,0,23,24,3,1,2,1
3819231,2,0,10,1,0,6,10,0,0,1,2,2,3,3,1,1,1,1,4,3,1,2,1,1,2,2,1,2,1,1,2,2,1,2,1,1,2,1,2,1,1,9,2,1,2,1,0,0,0,0,0,0,0,0,0,1,9,8,0,22,0,0,0,0,8,2,1,1,3
7560651,2,0,1,1,0,6,8,0,0,1,0,0,4,4,0,0,1,1,0,2,1,2,2,1,2,2,2,2,2,1,2,2,2,2,1,1,2,1,1,2,1,9,1,1,2,1,0,0,0,0,0,0,0,0,0,1,1,0,0,12,0,0,1,1,1,2,1,2,2
7068397,2,0,1,1,0,6,6,0,0,1,3,3,2,2,1,1,0,0,3,2,1,2,2,1,2,2,2,2,2,1,2,2,2,2,1,1,2,1,2,1,1,9,2,1,2,1,2,1,2,4,4,4,4,4,4,2,9,1,0,12,0,5,0,1,1,2,1,2,2
8912452,1,0,20,1,0,26,20,0,0,1,4,4,8,8,2,2,2,2,4,0,1,1,1,1,2,2,2,1,1,1,2,2,2,2,1,1,2,1,2,2,1,9,2,1,2,1,0,0,0,0,0,0,0,0,0,1,9,2,0,26,150,0,0,5,1,2,1,2,3
2051805,2,0,1,1,0,6,6,0,0,1,0,0,6,6,0,0,1,1,0,6,1,2,2,1,2,2,2,2,2,1,2,2,2,2,1,1,2,1,2,1,1,9,1,1,1,1,0,0,0,0,0,0,0,0,0,1,2,0,0,11,0,0,0,0,1,1,1,2,2
7574910,2,0,1,1,0,4,10,0,0,1,2,2,2,2,1,1,1,1,4,2,1,2,2,1,2,2,2,2,2,1,2,2,2,2,1,1,2,1,2,2,2,1,1,1,1,1,0,0,0,0,0,0,0,0,0,1,1,0,1,2,0,3,0,1,1,1,1,2,3
9484403,2,0,1,1,0,3,2,0,0,1,2,2,2,2,0,0,0,0,2,2,1,2,2,1,2,2,2,2,2,1,2,2,2,2,1,1,2,1,2,2,1,9,1,1,1,1,0,0,0,0,0,0,0,0,0,2,9,0,0,4,0,0,0,0,1,1,1,2,3
6323083,2,0,1,1,0,3,5,0,0,1,3,3,3,3,0,0,0,0,3,3,1,2,2,1,2,2,2,2,2,1,2,2,2,2,1,1,2,1,2,2,1,9,1,1,1,1,0,0,0,0,0,0,0,0,0,2,9,20,0,10,0,0,0,0,3,2,1,2,3
2262738,1,0,1,1,0,11,40,0,0,1,20,20,20,20,0,0,0,0,15,0,1,2,2,1,1,2,2,2,2,1,1,2,2,2,1,1,2,1,2,1,1,9,1,1,2,1,1,1,1,1,4,4,4,4,1,1,9,10,0,130,0,53,4,53,10,20,1,2,1
7647988,1,0,1,1,0,12,46,0,0,1,36,36,36,36,1,1,1,1,36,36,1,2,2,1,2,2,2,2,2,1,2,2,2,1,2,1,2,1,1,2,1,9,1,1,2,1,1,1,1,3,1,3,3,3,1,1,2,0,0,130,0,0,1,0,50,4,1,2,2
3937615,1,0,1,1,0,7,25,0,0,1,9,9,8,8,2,2,2,2,15,11,1,2,2,1,1,2,2,2,2,1,1,2,2,2,1,1,2,1,1,1,1,9,1,1,1,1,0,0,0,0,0,0,0,0,0,1,9,28,0,60,30,1,0,16,1,3,1,2,1
1385891,1,0,1,1,0,12,24,0,0,1,27,27,20,20,1,1,1,1,38,21,1,2,2,1,2,2,2,2,2,1,2,2,2,1,1,1,1,1,1,1,1,9,2,1,1,1,4,4,4,1,1,4,4,4,1,2,2,20,0,50,200,0,1,1,22,10,1,1,2
5894303,1,0,2,1,0,8,3,0,0,1,3,3,3,3,3,3,3,3,3,3,1,2,2,1,2,2,2,2,2,1,2,2,2,2,1,1,2,1,1,1,2,1,1,1,1,1,0,0,0,0,0,0,0,0,0,1,9,2,2,15,0,1,1,0,1,3,1,2,2
6245159,1,0,1,1,0,4,8,0,0,1,1,1,2,2,1,1,1,1,5,2,1,2,2,1,2,2,2,2,2,1,2,2,2,2,1,1,2,1,2,1,1,9,1,1,1,1,0,0,0,0,0,0,0,0,0,1,2,1,35,1,0,10,1,4,1,1,1,2,2
4534072,1,0,2,1,0,8,12,0,0,1,4,4,4,4,1,1,1,1,2,2,1,2,2,1,2,2,2,2,2,1,2,2,2,2,1,1,2,1,2,2,2,1,1,1,1,1,0,0,0,0,0,0,0,0,0,1,1,1,80,10,150,2,1,0,2,2,1,2,3
6299379,1,0,1,1,0,18,14,0,0,1,6,6,6,6,6,6,6,6,6,6,1,2,2,1,2,2,2,2,2,1,2,2,2,2,1,1,3,1,1,1,1,9,1,1,1,1,0,0,0,0,0,0,0,0,0,1,1,1,0,3,0,25,3,0,10,3,1,2,3
6385248,2,0,1,1,0,13,18,0,0,1,8,8,8,8,8,8,8,8,8,5,1,2,2,1,2,2,2,2,2,1,2,2,2,2,1,1,2,1,2,1,1,9,2,1,1,1,1,1,1,1,3,3,3,1,1,1,1,8,0,65,0,0,0,0,2,12,1,2,2
9325226,1,0,2,1,0,6,17,0,0,1,8,4,8,4,2,2,2,2,4,4,1,2,2,1,2,2,2,2,2,1,2,2,2,2,1,1,2,1,2,2,1,9,1,1,1,1,0,0,0,0,0,0,0,0,0,1,1,0,0,28,0,0,2,2,2,2,1,2,2
8936337,2,0,1,1,0,6,10,0,0,1,10,10,10,10,1,1,1,1,10,10,1,2,2,1,2,2,1,2,2,1,2,2,1,2,1,1,2,1,1,1,1,9,1,1,1,1,1,1,1,1,1,1,4,1,1,1,9,15,5,40,500,5,1,4,2,5,1,1,2
4361314,1,0,1,1,0,12,16,0,0,1,3,3,3,3,1,1,1,1,60,21,1,2,2,1,2,2,2,2,2,1,2,2,2,2,1,1,2,1,2,1,1,9,1,1,1,3,1,1,1,4,4,4,4,4,1,1,2,23,20,274,0,0,3,0,40,36,1,2,3
8997739,1,0,1,1,0,20,23,0,0,1,4,4,4,4,4,4,4,4,8,8,1,2,2,1,2,2,1,2,2,1,2,2,1,1,1,1,1,1,2,1,1,9,2,1,1,1,1,1,1,1,3,1,3,3,1,1,2,0,0,30,21,0,1,1,9,5,1,2,3
1719079,2,0,3,1,0,8,6,0,0,1,3,3,3,3,0,0,0,0,2,2,1,2,2,1,2,2,2,2,2,1,2,2,2,2,1,1,2,1,2,2,1,9,1,1,1,1,0,0,0,0,0,0,0,0,0,2,9,0,0,4,0,5,1,0,0,1,1,2,2
2913915,1,0,1,1,0,11,31,0,0,1,17,17,23,23,1,1,1,1,8,1,1,2,2,1,2,2,2,2,2,1,2,2,2,2,1,1,2,1,2,2,2,1,1,1,1,1,1,1,1,4,4,4,1,1,1,1,9,20,0,180,0,0,1,0,50,10,1,2,1
5761087,2,0,1,1,0,5,16,4,0,1,2,2,8,8,1,1,0,0,24,0,1,2,2,1,2,2,2,2,2,1,2,2,2,2,1,1,3,1,1,2,1,9,2,1,1,1,4,4,4,4,4,4,4,4,4,2,2,1,1,33,0,2,0,0,2,4,1,1,2
1979402,2,0,1,1,0,3,3,3,0,1,1,1,1,1,1,1,1,1,1,1,1,2,2,1,2,2,2,2,2,1,2,2,2,2,1,1,2,1,2,2,2,1,1,1,1,1,0,0,0,0,0,0,0,0,0,1,1,0,0,2,0,0,0,0,2,1,1,2,2
5016508,1,0,1,1,0,8,5,0,0,1,5,5,5,5,1,1,1,1,5,5,1,2,2,1,2,2,2,2,2,1,2,2,2,2,1,1,2,1,2,2,1,9,1,1,2,1,1,1,1,4,4,4,4,4,4,2,9,15,5,42,0,0,1,5,1,3,1,1,2
2975818,1,0,1,3,0,5,9,0,0,1,4,4,4,4,1,1,0,0,3,3,1,2,2,1,2,2,2,2,2,1,2,2,2,2,1,1,2,1,2,1,1,9,1,1,1,1,0,0,0,0,0,0,0,0,0,1,1,3,0,53,0,2,0,1,1,5,1,2,3
2393261,2,0,1,1,0,5,20,0,0,1,5,5,6,6,3,3,1,1,14,6,1,2,2,1,1,2,2,2,2,1,1,2,2,2,1,1,2,1,2,2,1,9,1,1,2,1,4,4,4,4,4,4,4,4,1,1,9,2,0,10,0,0,0,0,0,2,1,2,3
7996261,1,0,1,1,0,11,50,0,0,1,8,8,8,8,8,8,8,8,47,47,1,2,2,1,2,2,1,2,2,1,2,2,1,2,1,1,2,1,2,2,1,9,1,1,1,1,1,1,1,4,4,1,4,1,1,1,9,100,2,5,2,0,0,0,2,4,1,2,1
2761995,2,0,1,5,0,5,6,0,0,1,2,2,2,2,1,1,1,1,4,3,1,2,2,1,2,2,2,2,2,1,2,2,2,2,1,1,2,1,2,2,2,1,1,1,2,1,0,0,0,0,0,0,0,0,0,1,1,0,0,14,0,0,0,0,0,2,1,1,2
8765406,1,0,1,1,0,5,15,0,0,1,4,4,3,3,1,1,1,1,3,0,1,2,2,1,2,2,2,2,2,1,2,2,2,2,1,1,2,1,2,2,1,9,2,1,2,1,0,0,0,0,0,0,0,0,0,1,1,0,0,24,0,0,2,1,0,1,1,2,2
6853066,1,0,1,3,0,3,12,0,0,1,2,2,2,2,1,1,1,1,2,2,1,2,2,1,2,2,2,2,2,1,2,2,2,2,1,1,2,1,2,2,2,1,1,1,2,1,0,0,0,0,0,0,0,0,0,1,1,1,1,17,0,1,1,0,2,2,1,1,2
4071864,2,0,1,1,0,28,60,0,0,1,36,36,40,40,0,0,0,0,32,0,1,2,2,1,2,2,2,2,2,1,2,2,2,1,1,1,1,1,2,1,1,9,2,1,1,1,1,1,1,4,4,4,4,4,2,1,9,1,0,181,0,49,1,49,51,5,1,2,1
5515229,1,0,1,1,0,3,6,0,0,1,1,1,1,1,1,1,1,1,1,1,1,2,2,1,2,2,2,2,2,1,2,2,2,2,1,1,2,1,2,2,1,9,2,1,1,1,0,0,0,0,0,0,0,0,0,1,9,1,0,6,0,0,1,0,3,1,1,2,3
8118696,1,0,76,1,0,12,76,0,0,1,23,23,38,38,23,23,38,38,23,38,1,2,2,1,2,2,2,2,2,1,2,2,2,1,1,1,1,1,2,2,1,9,2,1,1,1,1,1,1,4,4,4,4,4,1,1,9,5,0,235,0,0,4,0,75,4,1,2,3
4035502,2,0,1,1,0,10,14,2,0,1,4,4,3,3,1,1,0,0,4,3,1,2,2,1,2,2,2,2,2,1,2,2,2,2,1,1,2,1,1,1,2,1,1,1,2,1,0,0,0,0,0,0,0,0,0,1,1,0,0,43,500,0,0,9,8,3,1,2,3
7599538,1,0,1,1,0,4,10,0,0,1,3,3,3,3,1,1,1,1,2,2,1,2,2,1,2,2,2,2,2,1,2,2,2,2,1,1,2,1,2,1,1,9,1,1,2,1,1,1,3,4,4,4,1,4,3,1,9,1,0,5,0,0,0,0,5,2,1,2,3
1321284,1,0,1,1,0,6,15,0,0,1,8,8,8,8,2,2,2,2,10,10,1,2,2,1,2,2,2,2,2,1,2,2,2,2,1,1,2,1,1,1,1,9,2,1,1,1,3,3,3,1,1,3,3,3,1,1,9,1,1,30,0,30,0,0,2,2,1,2,3
7044773,2,0,1,1,0,4,5,0,0,1,1,1,3,3,0,0,1,1,1,4,1,2,2,1,2,2,2,2,2,1,2,2,2,2,1,1,2,1,2,1,1,9,1,1,1,1,4,4,4,4,4,4,4,4,3,1,1,0,0,11,0,1,1,1,1,1,1,2,3
1326613,2,0,1,1,0,12,8,0,0,1,5,5,5,5,1,1,1,1,6,6,1,2,2,1,2,2,1,2,2,1,2,2,1,2,1,1,2,1,2,2,2,1,1,1,1,1,1,1,1,4,4,4,4,4,1,1,9,0,0,40,0,8,1,0,1,2,1,2,2
5805304,2,0,1,1,0,5,6,0,0,1,8,8,12,12,1,1,1,1,14,0,1,2,2,1,2,2,2,2,2,1,2,2,2,2,1,1,2,1,2,2,1,9,2,1,1,1,0,0,0,0,0,0,0,0,0,2,2,1,0,22,0,0,1,0,3,1,1,2,3
4667751,2,0,1,1,0,5,8,0,0,1,3,3,3,3,1,1,1,1,4,2,1,2,2,1,2,2,2,2,2,1,2,2,2,2,1,1,2,1,2,2,1,9,1,1,2,1,1,1,1,1,4,4,4,4,4,1,9,0,0,32,0,0,3,0,1,3,1,2,2
8449511,1,0,1,1,0,13,48,0,0,1,24,24,28,28,1,1,0,0,24,0,1,2,2,1,2,2,2,2,2,1,2,2,2,2,1,1,2,1,2,1,1,9,1,1,1,1,0,0,0,0,0,0,0,0,0,1,9,11,0,108,0,0,1,50,50,9,1,2,1
3036454,1,0,1,1,0,8,17,0,0,1,7,7,7,7,1,1,1,1,17,13,1,2,2,1,2,2,2,2,2,1,2,2,2,2,1,1,2,1,1,1,1,9,2,1,2,1,0,0,0,0,0,0,0,0,0,1,2,0,0,15,0,0,0,17,0,3,1,2,2
8367436,2,0,1,1,0,4,3,0,0,1,4,4,4,4,1,1,1,1,4,4,1,2,2,1,2,2,2,2,2,1,2,2,2,2,1,1,2,1,2,2,1,9,1,1,1,1,0,0,0,0,0,0,0,0,0,2,2,1,0,0,0,0,0,0,1,1,1,2,2
4254529,2,0,1,1,0,7,12,0,0,1,5,5,8,8,1,1,1,1,12,1,1,2,2,1,2,2,2,2,2,1,2,2,2,1,1,1,2,1,2,1,1,9,2,1,1,1,0,0,0,0,0,0,0,0,0,1,2,1,0,33,0,30,1,12,12,2,1,2,3
7079435,1,0,1,1,0,5,10,0,0,1,2,2,3,3,1,1,1,1,3,4,1,2,1,1,2,2,2,2,1,1,2,2,2,2,1,1,2,1,2,2,2,1,1,1,2,1,0,0,0,0,0,0,0,0,0,1,1,0,0,11,0,1,1,1,1,1,1,1,3
3316691,1,0,1,3,0,7,12,0,0,1,3,3,4,4,1,1,2,2,8,12,1,2,2,1,1,2,1,2,2,1,1,2,1,2,1,1,2,1,2,1,2,1,1,1,1,1,0,0,0,0,0,0,0,0,0,1,9,1,0,24,0,0,0,0,3,3,1,2,3
3095792,1,0,1,1,0,5,20,0,0,1,12,12,12,12,2,2,2,2,12,12,1,2,2,1,2,2,2,2,2,1,2,2,2,2,1,1,2,1,2,1,2,1,2,1,1,1,1,1,1,1,4,4,4,4,1,1,2,4,0,32,0,0,2,26,20,3,1,2,2
4207748,1,0,1,1,0,16,81,0,0,1,23,23,15,15,1,1,1,1,20,15,1,2,2,1,2,2,2,2,2,1,2,2,2,2,1,1,2,1,2,2,1,9,1,1,1,1,1,1,1,4,4,4,4,4,2,1,9,5,0,50,0,50,1,81,81,6,1,2,1
9187432,1,0,1,1,0,11,50,0,0,1,14,14,41,41,2,2,2,2,16,43,1,2,2,1,2,2,2,2,2,1,2,2,2,1,1,1,2,1,2,1,1,9,1,1,1,1,0,0,0,0,0,0,0,0,0,1,9,4,0,120,0,0,8,0,5,5,1,2,2
6068906,2,0,1,7,0,6,26,0,0,1,2,2,2,2,1,1,1,1,5,5,1,2,2,1,2,2,2,2,2,1,2,2,2,2,1,1,2,1,1,1,1,9,1,1,1,1,1,1,1,1,4,4,4,4,1,2,9,4,1,8,489,2,1,1,1,4,1,1,2
4776347,1,0,1,1,0,14,14,0,0,1,8,8,8,8,1,1,1,1,8,8,1,2,2,1,1,2,2,2,2,1,1,2,2,2,1,1,3,1,2,2,1,9,1,1,1,1,2,2,2,4,4,4,4,4,4,1,9,1,0,15,0,4,1,0,1,3,1,2,3
6252092,1,0,1,6,0,6,12,0,0,1,5,5,4,4,1,1,1,1,6,5,1,2,2,1,2,2,2,2,2,1,2,2,2,1,2,1,2,1,2,2,2,1,2,1,1,1,0,0,0,0,0,0,0,0,0,1,9,4,0,15,0,2,0,1,2,3,1,1,2
3115531,2,0,1,1,0,9,30,0,0,1,8,8,20,20,2,2,0,0,16,20,1,2,2,1,2,2,2,2,2,1,2,2,2,1,1,1,1,1,2,2,1,9,2,1,2,1,0,0,0,0,0,0,0,0,0,1,2,0,0,38,0,0,0,0,30,4,1,2,2
1617490,1,0,0,7,0,6,12,0,0,1,4,4,4,4,1,1,1,1,4,3,1,2,2,1,2,2,2,2,2,1,2,2,2,2,1,1,2,1,2,2,1,9,1,1,2,1,0,0,0,0,0,0,0,0,0,1,1,1,0,24,0,0,0,0,1,1,1,2,3
2122304,2,0,1,1,0,9,6,0,0,1,1,1,1,1,1,1,1,1,1,1,1,2,2,1,2,2,2,2,2,1,2,2,2,2,1,1,2,1,2,2,1,9,1,1,1,1,0,0,0,0,0,0,0,0,0,1,9,0,0,5,0,0,0,0,0,0,1,2,3
1044270,1,0,1,1,0,8,26,0,0,1,15,15,15,15,5,5,5,5,30,30,1,2,2,1,2,2,2,2,2,1,2,2,2,1,1,1,1,1,1,1,1,9,2,1,1,1,0,0,0,0,0,0,0,0,0,1,9,2,0,46,0,0,1,0,7,9,1,2,1
9280226,2,0,1,1,0,10,26,0,0,1,7,7,8,8,1,1,1,1,9,7,1,2,2,1,2,2,2,2,2,1,2,2,2,1,1,1,2,1,2,2,1,9,1,1,2,1,1,1,1,4,4,4,4,4,3,1,1,0,0,44,0,0,1,0,1,6,1,2,3
5505731,1,0,1,1,0,13,24,0,0,1,12,12,8,8,2,1,1,1,19,9,1,2,1,1,2,2,2,2,1,1,2,2,2,2,1,1,2,1,2,2,1,9,1,1,1,1,0,0,0,0,0,0,0,0,0,1,2,1,0,58,0,74,1,27,27,6,1,2,3
9666187,2,0,1,6,0,6,10,2,0,1,13,13,13,13,1,1,1,1,0,0,1,2,2,1,2,2,2,2,2,1,2,2,2,2,1,1,2,1,2,1,2,1,1,1,2,1,0,0,0,0,0,0,0,0,0,2,2,2,1,20,0,0,0,1,1,3,1,2,3
3686348,1,0,1,1,0,10,23,0,0,1,16,16,20,20,1,1,0,0,24,20,1,2,2,1,2,2,1,2,2,1,2,2,1,1,1,1,2,1,2,1,1,9,1,1,1,1,0,0,0,0,0,0,0,0,0,2,9,10,4,24,500,0,1,24,3,6,1,1,1
4641353,1,0,1,1,0,10,20,0,0,1,6,6,6,6,1,1,1,1,7,7,1,2,2,1,2,2,2,2,2,1,2,2,2,2,1,1,1,1,1,1,1,9,2,1,2,1,1,1,2,3,3,3,3,3,1,2,2,3,0,138,0,0,2,2,13,13,1,2,2
9479548,1,0,1,1,0,7,15,0,0,1,12,12,12,12,2,2,2,2,24,24,1,2,2,1,2,2,2,2,2,1,2,2,2,1,1,1,2,1,1,1,1,9,1,1,1,1,1,2,1,1,4,4,4,4,1,1,9,3,2,15,0,5,2,6,6,5,1,1,3
4487136,1,0,1,1,0,6,12,0,0,1,4,4,6,6,1,1,1,1,15,6,1,2,2,1,2,2,2,2,2,1,2,2,2,2,1,1,2,1,2,1,2,1,1,1,2,1,0,0,0,0,0,0,0,0,0,1,9,9,0,56,0,0,1,6,1,3,1,2,2
5195723,1,0,1,1,0,4,8,0,0,1,0,0,4,4,0,0,4,4,0,8,1,2,2,1,2,2,2,2,2,1,2,2,2,2,1,1,2,1,2,1,1,9,1,1,1,1,4,4,4,4,4,2,4,4,4,1,2,4,0,25,0,0,0,0,1,4,1,1,3
2547945,2,0,2,1,0,14,31,0,0,1,6,6,6,6,1,1,1,1,7,7,1,2,2,1,2,2,2,2,2,1,2,2,2,1,1,1,1,1,1,1,1,9,1,1,1,1,1,1,1,2,2,2,4,4,1,1,2,5,2,50,45,1,1,5,4,7,1,2,2
6254426,1,0,1,1,0,6,25,0,0,1,7,7,8,8,1,1,0,0,8,8,1,2,2,1,2,2,2,2,2,1,2,2,2,1,1,1,2,1,1,1,1,9,2,1,2,1,4,4,4,4,4,4,4,4,4,1,2,0,0,50,0,0,1,0,1,5,1,2,3
5998773,1,0,1,1,0,8,33,0,0,1,27,27,27,27,3,3,3,3,30,20,1,2,2,1,2,2,2,2,2,1,2,2,2,2,1,1,2,1,2,2,2,1,1,1,1,1,1,1,1,4,4,4,4,4,1,2,2,0,0,40,0,50,1,1,2,3,1,2,2
7990222,1,0,1,1,0,5,17,0,0,1,5,5,5,5,1,1,1,1,5,3,1,2,2,1,2,2,2,2,2,1,2,2,2,2,1,1,2,1,2,2,1,9,2,1,1,1,0,0,0,0,0,0,0,0,0,1,9,1,0,21,0,0,1,1,1,2,1,2,2
7334060,1,0,2,1,0,12,41,0,0,1,0,0,24,24,0,0,1,1,0,24,1,2,2,1,2,2,2,2,2,1,2,2,2,1,1,1,1,1,1,1,1,9,1,1,1,1,4,4,4,4,1,4,4,1,1,1,2,15,0,150,0,0,0,0,20,20,1,2,3
7670009,2,0,0,1,0,6,24,0,0,1,5,5,5,5,1,1,1,1,5,5,1,2,2,1,2,2,2,2,2,1,2,2,2,2,1,1,2,1,1,1,1,9,2,1,1,1,0,0,0,0,0,0,0,0,0,1,9,2,0,20,0,0,1,1,1,3,1,2,3
8762586,1,0,1,1,0,6,3,0,0,1,3,3,4,4,3,3,2,2,8,6,1,2,2,1,2,2,2,2,2,1,2,2,2,2,1,1,2,1,2,2,1,9,1,1,2,1,0,0,0,0,0,0,0,0,0,1,2,1,0,26,0,0,1,0,2,2,1,1,3
8812840,2,0,1,1,0,7,7,0,0,1,2,2,2,2,1,1,0,0,3,3,1,2,2,1,2,2,2,2,2,1,2,2,2,2,1,1,2,1,2,2,1,9,2,1,1,1,0,0,0,0,0,0,0,0,0,2,9,2,0,8,0,0,0,0,3,2,1,2,3
9326075,1,0,1,1,0,5,12,0,0,1,6,6,4,4,1,1,1,1,14,5,2,2,2,1,2,2,2,2,2,1,2,2,2,2,2,1,2,1,2,1,1,9,1,1,1,1,0,0,0,0,0,0,0,0,0,1,1,1,0,32,0,0,0,12,1,2,1,1,3
4208720,2,0,1,1,0,9,4,0,0,1,3,3,3,3,0,0,0,0,3,3,1,2,2,1,2,2,2,2,2,1,2,2,2,2,1,1,2,1,1,1,2,1,1,1,2,1,0,0,0,0,0,0,0,0,0,1,9,1,0,17,0,0,0,0,1,3,1,1,3
4677840,2,0,1,1,0,2,2,0,0,1,4,4,4,4,0,0,0,0,4,4,1,2,2,1,2,2,2,2,2,1,2,2,2,2,1,1,2,1,2,2,2,1,2,1,2,1,0,0,0,0,0,0,0,0,0,2,2,0,0,2,0,0,0,0,0,1,1,2,3
8055773,1,0,1,1,0,9,46,0,0,1,8,8,8,8,4,4,4,4,20,20,1,2,2,1,2,2,2,2,2,1,2,2,2,1,1,1,1,1,2,2,1,9,1,1,1,1,1,1,1,3,3,3,3,3,4,1,9,35,0,46,500,46,5,0,46,19,1,1,1
4206853,2,0,1,1,0,7,24,0,0,1,0,0,29,29,0,0,2,2,0,31,1,2,2,1,1,2,2,2,2,1,1,2,2,2,1,1,1,1,2,1,1,9,1,1,2,1,0,0,0,0,0,0,0,0,0,1,2,1,0,18,455,0,1,23,1,2,1,2,2
8547268,1,0,1,1,0,10,10,0,0,1,15,15,6,6,3,3,3,3,3,3,1,2,2,1,2,2,2,2,2,1,2,2,2,2,1,1,2,1,1,1,2,1,1,1,1,1,0,0,0,0,0,0,0,0,0,1,9,1,50,52,400,24,1,14,23,6,1,1,1
2145547,1,0,1,1,0,9,30,0,0,1,20,20,20,20,2,2,2,2,20,20,1,2,2,1,1,2,2,2,2,1,1,2,2,2,1,1,2,1,1,2,1,9,1,1,1,1,2,1,1,2,3,2,2,2,1,1,1,1,0,21,0,0,2,3,4,5,1,1,2
1307305,1,0,1,1,0,9,26,0,0,1,12,12,12,12,1,1,1,1,13,13,1,2,2,1,2,2,2,2,2,1,2,2,2,2,1,1,2,1,2,2,1,9,2,1,1,1,0,0,0,0,0,0,0,0,0,1,9,0,0,42,0,0,1,20,15,3,1,1,1
1302852,2,0,1,1,0,4,9,0,0,1,3,3,2,2,1,1,1,1,3,2,1,2,2,1,2,2,2,2,2,1,2,2,2,2,1,1,2,1,2,2,1,9,2,1,2,1,0,0,0,0,0,0,0,0,0,1,9,1,0,12,0,0,0,0,1,2,1,2,3
8238209,1,0,0,1,0,4,7,0,0,1,2,2,2,2,0,0,1,1,2,3,1,2,2,1,2,2,2,2,2,1,2,2,2,2,1,1,2,1,2,2,1,9,2,1,1,1,0,0,0,0,0,0,0,0,0,1,9,2,0,15,0,0,1,4,1,2,1,2,3
2616549,2,0,1,1,0,17,17,0,0,1,2,2,2,2,1,1,1,1,36,10,1,2,2,1,1,2,1,2,2,1,1,2,1,2,1,1,2,1,2,1,1,9,1,1,1,1,1,1,1,4,4,4,4,4,4,1,2,0,0,48,0,0,0,17,0,5,1,2,2
5528770,1,0,1,6,0,2,6,0,0,1,1,1,1,1,1,1,1,1,3,1,1,2,2,1,2,2,2,2,2,1,2,2,2,2,1,1,2,1,1,1,1,9,1,1,1,1,0,0,0,0,0,0,0,0,0,2,9,1,0,2,0,0,0,0,0,1,1,1,2
7434207,2,0,1,1,0,2,2,0,0,2,2,2,2,2,1,1,0,0,3,0,1,2,2,1,2,2,2,2,2,1,2,2,2,2,1,1,2,1,1,1,1,9,1,1,1,1,0,0,0,0,0,0,0,0,0,1,2,0,0,2,0,0,0,0,0,1,1,2,1
2095859,2,0,1,1,0,5,5,0,0,1,2,2,2,2,1,1,1,1,2,2,1,2,2,1,2,2,2,2,2,1,2,2,2,2,1,1,2,1,2,1,1,9,1,1,2,1,4,4,4,4,2,2,4,4,4,2,2,0,0,1,0,0,0,0,0,2,1,2,3
7365410,1,0,1,1,0,4,11,0,0,1,3,3,3,3,1,1,0,0,5,5,1,2,2,1,2,2,2,2,2,1,2,2,2,2,1,1,2,1,2,1,1,9,1,1,2,1,4,4,4,2,2,2,4,4,4,1,1,0,0,11,0,3,0,0,0,1,1,1,3
6964722,2,0,1,1,0,9,18,0,0,1,6,6,6,6,2,2,2,2,11,11,1,2,2,1,1,2,2,2,2,1,1,2,2,2,1,1,2,1,2,2,1,9,1,1,1,1,0,0,0,0,0,0,0,0,0,1,1,1,1,36,1500,12,2,17,17,8,1,2,3
4903003,1,0,1,1,0,7,5,0,0,1,4,4,3,3,1,1,1,1,4,0,1,2,2,1,2,2,2,2,2,1,2,2,2,2,1,1,1,1,2,1,2,1,1,1,1,1,0,0,0,0,0,0,0,0,0,1,9,3,0,22,0,0,0,5,1,3,1,2,3
3351928,2,0,0,7,0,6,4,0,8,1,3,3,3,3,1,1,1,1,3,3,1,2,2,1,2,2,2,2,2,1,2,2,2,3,1,1,2,1,2,2,1,9,1,1,2,1,0,0,0,0,0,0,0,0,0,1,1,1,6,1,0,1,0,1,1,1,1,2,3
9226616,2,0,1,5,0,6,6,0,0,1,3,3,3,3,1,1,1,1,4,4,1,2,2,1,2,2,2,2,2,1,2,2,2,2,1,1,2,1,1,2,2,1,1,1,2,1,0,0,0,0,0,0,0,0,0,1,9,2,0,24,0,0,0,1,1,2,1,1,3
9279776,2,0,2,1,0,7,35,0,0,1,7,7,7,7,1,1,1,1,4,4,1,2,2,1,2,2,2,2,2,1,2,2,2,2,1,1,2,1,1,1,1,9,1,2,9,1,1,1,1,1,1,2,2,1,1,2,9,40,50,100,0,31,2,18,35,8,1,2,3
5657330,2,0,1,1,0,6,18,0,0,1,3,3,3,3,1,1,1,1,4,4,1,2,2,1,2,2,2,2,2,1,2,2,2,2,1,1,2,1,2,2,1,9,2,1,1,1,0,0,0,0,0,0,0,0,0,1,9,9,0,28,0,12,2,0,12,5,1,2,2
8370791,2,0,1,1,0,24,24,0,0,1,0,0,18,18,0,0,0,0,0,18,1,2,2,1,2,2,2,2,2,1,2,2,2,2,1,1,2,1,1,1,1,9,1,1,2,1,0,0,0,0,0,0,0,0,0,1,2,1,0,42,0,42,0,26,26,6,1,1,3
5511556,1,0,0,1,0,4,6,0,0,2,3,3,3,3,1,1,1,1,3,3,1,2,2,1,2,2,2,2,2,1,2,2,2,2,1,1,2,1,2,2,1,9,2,1,1,1,0,0,0,0,0,0,0,0,0,1,1,1,0,11,0,0,1,6,1,2,1,2,3
9569069,2,0,3,1,0,6,20,0,0,1,3,3,2,2,1,1,1,1,3,2,1,2,2,1,2,2,2,2,2,1,2,2,2,2,1,1,2,1,1,2,2,1,1,1,1,1,0,0,0,0,0,0,0,0,0,1,9,3,0,20,0,1,2,0,1,3,1,2,2
3695604,1,0,1,1,0,6,24,0,0,1,0,0,17,17,0,0,3,3,0,20,1,2,2,1,2,2,2,2,2,1,2,2,2,2,1,1,2,1,2,2,1,9,1,1,1,1,0,0,0,0,0,0,0,0,0,1,9,4,0,32,0,0,1,18,17,8,1,2,2
2113001,1,0,1,1,0,8,22,0,0,1,6,6,6,6,1,1,1,1,3,3,1,2,2,1,2,2,2,2,2,1,2,2,2,2,1,1,1,1,1,1,1,9,1,1,1,1,1,1,1,4,4,4,4,4,3,1,2,2,0,4,0,1,1,1,1,2,1,2,2
5271061,2,0,1,1,0,6,18,0,0,1,4,4,7,7,1,1,1,1,2,0,1,2,2,1,2,2,2,2,2,1,2,2,2,2,1,1,2,1,2,1,1,9,1,1,1,1,0,0,0,0,0,0,0,0,0,1,2,2,0,25,0,1,0,1,2,2,1,2,3
9055235,1,0,1,1,0,13,27,0,0,1,12,12,11,11,1,1,0,0,22,8,1,1,2,1,2,2,2,1,2,1,2,2,2,1,1,1,2,1,2,2,1,9,1,1,1,1,1,1,1,4,4,4,4,4,1,1,9,3,0,37,0,0,1,5,1,5,1,2,1
2590817,1,0,0,1,0,4,8,0,0,1,6,6,6,6,1,0,1,0,4,5,1,2,2,1,2,2,2,2,2,1,2,2,2,2,1,1,2,1,1,2,1,9,2,1,1,1,0,0,0,0,0,0,0,0,0,2,2,0,0,10,0,0,1,0,1,2,1,2,2
8628893,2,0,0,7,0,3,3,0,0,1,1,1,1,1,1,1,1,1,2,2,2,2,2,1,2,2,2,2,2,1,2,2,2,2,1,1,2,1,2,2,2,1,1,1,1,1,0,0,0,0,0,0,0,0,0,1,1,0,0,10,0,0,0,0,3,1,1,2,2
1425824,2,0,1,1,0,5,9,0,0,1,3,3,3,3,1,1,1,1,3,3,1,2,2,1,1,2,1,2,2,1,1,2,1,2,1,1,2,1,1,1,1,9,1,1,1,1,0,0,0,0,0,0,0,0,0,2,9,2,1,1,0,0,0,4,1,1,1,2,2
4219043,1,0,2,1,0,6,20,0,0,1,11,11,11,11,1,1,1,1,12,12,1,2,2,1,2,2,2,2,2,1,2,2,2,2,1,1,2,1,1,1,1,9,1,1,2,1,0,0,0,0,0,0,0,0,0,1,9,7,0,4,0,50,2,11,5,2,1,1,1
9734232,1,0,1,1,0,9,9,0,0,1,21,21,21,21,6,6,6,6,21,21,1,2,2,1,2,2,2,2,2,1,2,2,2,1,1,1,2,1,1,1,1,9,1,1,1,1,4,4,4,1,1,1,1,1,1,1,9,25,5,0,3,0,1,3,0,3,1,1,2
1996598,2,0,1,1,0,13,19,0,0,1,3,3,3,3,2,2,3,3,8,8,1,2,2,1,2,2,2,2,2,1,2,2,2,1,1,1,1,1,2,2,1,9,1,1,1,1,1,1,1,1,1,1,1,1,1,1,1,2,2,75,500,20,1,5,10,10,1,1,1
4025049,2,0,1,1,0,8,20,0,0,1,3,3,3,3,1,1,1,1,4,8,1,2,2,1,2,2,2,2,2,1,2,2,2,2,1,1,2,1,2,2,2,1,1,1,1,1,3,3,3,3,3,3,3,3,3,1,9,1,1,42,0,0,1,0,1,1,1,2,3
6230290,1,0,2,1,0,9,12,0,0,1,7,7,6,6,1,1,2,2,7,8,1,2,2,1,2,2,2,2,2,1,2,2,2,2,1,1,1,1,1,1,1,9,1,1,1,1,2,2,2,2,4,4,4,2,1,1,9,4,0,50,0,0,1,0,2,2,1,2,2
8287152,1,0,1,1,0,13,12,0,0,1,12,12,12,12,1,1,1,1,12,12,1,2,2,1,2,2,1,2,2,1,2,2,1,2,1,1,2,1,1,1,2,1,2,1,1,1,1,1,1,1,1,4,4,1,1,1,9,2,1,90,0,0,1,0,12,2,1,2,2
3073338,1,0,1,1,0,16,47,0,0,1,16,16,14,14,1,1,1,1,26,8,1,2,1,1,2,2,2,2,1,1,2,2,2,1,1,1,2,1,2,1,1,9,2,1,1,1,0,0,0,0,0,0,0,0,0,1,2,1,0,9,0,210,1,0,46,4,1,2,2
3109926,1,0,1,1,0,27,65,0,0,1,17,17,47,47,4,4,4,4,50,0,1,2,2,1,2,2,2,2,2,1,2,2,2,1,1,1,2,1,2,1,1,9,2,1,2,1,1,1,1,0,0,0,0,0,0,1,9,132,0,40,271,0,1,0,50,3,1,2,1
2678354,1,0,1,1,0,5,14,0,0,1,2,2,2,2,0,0,0,0,5,2,1,2,2,1,2,2,2,2,2,1,2,2,2,2,1,1,2,1,2,2,1,9,1,1,2,1,0,0,0,0,0,0,0,0,0,1,2,0,0,12,0,0,1,0,1,2,1,2,2
6222106,2,0,1,1,0,5,3,0,0,1,3,3,3,3,1,1,1,1,0,0,1,2,2,1,2,2,2,2,2,1,2,2,2,2,1,1,2,1,1,2,1,9,1,1,1,1,0,0,0,0,0,0,0,0,0,1,9,0,0,3,0,1,1,0,1,2,1,2,2
1448835,2,0,1,1,0,5,12,0,0,1,2,2,2,2,1,1,1,1,3,0,1,2,2,1,2,2,2,2,2,1,2,2,2,1,1,1,1,1,1,2,2,1,1,1,1,1,0,0,0,0,0,0,0,0,0,1,9,0,0,22,0,8,1,8,9,3,1,2,2
3014040,2,0,2,1,0,10,26,0,0,1,17,17,20,20,1,1,0,0,12,16,1,2,2,1,2,2,2,2,2,1,2,2,2,2,1,1,2,1,2,2,1,9,2,1,1,1,1,1,1,4,4,4,4,4,1,2,9,0,0,65,0,0,1,1,2,3,1,2,2
3872597,2,0,1,1,0,6,7,0,0,1,2,2,2,2,2,2,2,2,4,4,1,2,2,1,2,2,2,2,2,1,2,2,2,2,1,1,2,1,2,1,2,1,1,1,2,1,0,0,0,0,0,0,0,0,0,1,1,1,0,20,0,0,1,0,1,4,1,2,3
5599345,2,0,1,1,0,2,3,0,0,1,2,2,2,2,0,0,0,0,4,2,1,2,2,1,2,2,2,2,2,1,2,2,2,2,1,1,2,1,1,1,2,1,1,1,1,1,0,0,0,0,0,0,0,0,0,2,2,0,0,6,0,5,0,0,1,2,1,2,3
1062929,2,0,1,1,0,7,51,0,0,1,8,8,7,7,1,1,1,1,30,20,1,2,2,1,2,2,2,2,2,1,2,2,2,2,1,1,2,1,1,2,1,9,1,1,1,1,1,1,1,4,4,4,4,4,2,1,1,2,15,5,0,2,1,1,2,2,1,2,3
3992350,1,0,1,1,0,5,6,0,0,1,4,4,10,10,1,1,3,3,5,13,1,1,2,1,2,2,2,1,2,1,2,2,2,2,1,1,1,1,2,2,1,9,2,1,2,1,4,4,4,4,4,4,4,4,1,1,9,1,0,30,0,1,1,1,2,2,1,2,3
5915223,1,0,0,7,0,7,14,0,0,1,5,5,6,6,0,0,0,0,10,6,1,2,2,1,2,2,2,2,2,1,2,2,2,2,1,1,2,1,2,1,1,9,1,1,1,1,4,4,4,4,4,4,4,4,1,1,9,0,0,15,0,0,0,1,2,3,1,2,3
7504299,1,0,1,1,0,20,28,0,0,1,28,28,28,28,1,1,1,1,33,0,1,2,2,1,2,2,2,2,2,1,2,2,2,1,1,1,2,1,1,1,1,9,2,1,1,1,1,1,4,4,4,4,4,3,1,1,9,7,2,41,0,0,1,0,4,6,1,2,3
6809376,1,0,2,1,0,10,10,0,0,1,3,3,5,5,1,1,0,0,4,2,2,2,2,1,2,2,2,2,2,1,2,2,2,2,1,1,2,1,2,2,1,9,1,1,2,1,0,0,0,0,0,0,0,0,0,1,9,0,0,10,0,0,1,1,2,2,1,2,3
4208505,1,0,1,1,0,6,22,0,0,1,6,6,6,6,1,1,1,1,12,4,1,2,2,1,2,2,2,2,2,1,2,2,2,1,1,1,2,1,2,1,1,9,1,1,1,1,4,4,4,4,4,4,4,4,4,1,2,3,0,55,0,4,1,2,3,5,1,2,2
3108683,1,0,1,1,0,18,30,0,0,1,18,18,12,12,1,1,1,1,35,11,1,2,2,1,2,2,2,2,2,1,2,2,2,1,1,1,2,1,1,2,1,9,1,1,1,1,0,0,0,0,0,0,0,0,0,1,9,4,1,77,0,29,2,29,2,8,1,2,3
3564666,2,0,1,1,0,11,37,0,0,1,20,20,20,20,1,1,1,1,21,21,1,1,2,1,2,2,1,1,2,1,2,2,1,1,1,1,2,1,1,1,1,9,1,1,1,1,1,1,1,3,3,4,3,3,4,1,1,1,0,104,0,0,1,30,1,6,1,2,3
1063480,1,0,1,1,0,27,24,0,0,1,0,0,33,33,0,0,2,2,0,0,1,2,2,1,2,2,2,2,2,1,2,2,2,2,1,1,2,1,2,1,1,9,1,1,1,1,0,0,0,0,0,0,0,0,0,1,9,0,0,35,0,0,0,0,21,2,1,2,3
5326520,1,0,1,1,0,7,20,0,0,1,9,9,6,6,2,2,0,0,10,6,1,2,2,1,2,2,2,2,2,1,2,2,2,2,1,1,2,1,2,2,1,9,1,1,1,1,0,0,0,0,0,0,0,0,0,1,1,0,0,22,0,0,1,0,1,3,1,2,3
7449179,2,0,0,5,0,2,0,3,0,1,1,1,1,1,1,1,1,1,1,1,1,2,2,1,1,2,2,2,2,1,1,2,2,2,1,1,2,1,2,2,1,9,1,1,1,1,0,0,0,0,0,0,0,0,0,2,2,1,0,2,0,0,1,0,1,1,1,2,2
6009386,2,0,1,1,0,7,25,0,0,1,12,12,20,20,1,1,2,2,10,0,1,2,2,1,1,2,2,2,2,1,1,2,2,2,1,1,2,1,2,2,1,9,1,1,2,1,1,1,1,4,1,4,4,4,4,2,9,80,220,4,0,0,1,0,32,3,1,2,1
8908319,2,0,1,1,0,8,15,0,0,1,3,3,3,3,1,1,1,1,2,2,1,2,2,1,2,2,2,2,2,1,2,2,2,2,1,1,2,1,2,1,1,9,2,1,2,1,0,0,0,0,0,0,0,0,0,1,9,1,0,8,0,1,1,0,1,4,1,2,3
7948589,2,0,1,1,0,2,8,0,0,1,1,1,2,2,1,1,1,1,2,0,1,2,2,1,2,2,1,2,2,1,2,2,1,1,1,1,2,1,2,2,2,1,1,1,2,1,4,4,4,4,4,4,4,4,4,2,2,1,0,5,0,0,0,0,1,1,1,2,3
8295182,1,0,1,1,0,8,17,0,0,1,11,11,10,10,2,2,2,2,11,10,1,2,2,1,2,2,2,2,2,1,2,2,2,2,1,1,1,1,2,2,1,9,2,1,1,1,0,0,0,0,0,0,0,0,0,1,2,0,0,3,0,0,1,17,2,3,1,2,2
1643917,2,0,1,1,0,1,6,0,0,1,2,2,2,2,0,0,0,0,2,0,1,2,2,1,2,2,2,2,2,1,2,2,2,2,1,1,2,1,2,2,1,9,1,1,1,1,0,0,0,0,0,0,0,0,0,2,9,0,0,1,0,0,0,0,0,1,1,2,3
1886861,2,0,1,1,0,10,18,0,0,1,0,0,16,16,0,0,1,1,0,17,1,2,2,1,2,2,2,2,2,1,2,2,2,1,1,1,2,1,1,1,1,9,1,1,1,1,0,0,0,0,0,0,0,0,0,1,1,1,1,13,0,18,1,18,1,3,1,1,2
2587279,2,0,1,3,0,6,10,0,0,1,1,1,1,1,1,1,1,1,2,0,1,2,2,1,2,2,2,2,2,1,2,2,2,2,1,1,2,1,1,1,1,9,1,1,2,1,0,0,0,0,0,0,0,0,0,1,9,2,0,4,0,11,1,1,1,3,1,2,3
7668724,2,0,1,1,0,2,2,0,0,2,2,2,2,2,0,0,0,0,2,2,1,2,2,1,2,2,2,2,2,1,2,2,2,2,1,1,2,1,2,2,1,9,2,1,1,1,4,4,4,4,4,4,4,4,4,2,2,0,0,1,0,0,0,0,0,0,1,2,3
4929085,1,0,1,1,0,30,16,0,0,1,18,18,36,36,6,6,6,6,60,0,1,2,2,2,2,2,1,2,2,2,2,2,1,1,1,1,1,1,1,1,1,9,1,1,2,1,0,0,0,0,0,0,0,0,0,2,9,181,258,15,500,0,10,16,1,11,1,2,1
8791011,2,0,1,1,0,16,8,0,0,1,4,4,4,4,1,1,1,1,4,4,1,2,2,1,2,2,1,2,2,1,2,2,1,2,1,1,2,1,1,1,2,1,1,2,9,1,1,1,1,1,2,3,3,2,1,1,9,1,1,55,0,50,1,0,8,4,1,2,2
3201303,1,0,1,1,0,4,6,0,0,1,2,2,2,2,1,1,1,1,3,3,1,2,2,1,2,2,2,2,2,1,2,2,2,2,1,1,2,1,2,2,1,9,1,1,1,1,0,0,0,0,0,0,0,0,0,1,9,3,0,6,0,0,0,0,0,1,1,2,3
8224045,2,0,10,1,0,4,10,2,0,1,4,4,4,4,1,1,1,1,3,3,1,1,2,1,2,2,2,1,2,1,2,2,2,2,1,1,2,1,1,1,1,9,1,1,1,1,0,0,0,0,0,0,0,0,0,1,1,0,0,12,0,12,1,1,1,1,1,2,3
6450574,2,0,1,1,0,15,51,0,0,1,26,26,13,13,1,1,1,1,28,13,1,2,2,1,1,2,2,2,2,1,1,2,2,2,1,1,2,1,1,1,1,9,1,1,1,1,1,1,1,4,1,4,2,4,4,1,2,2,0,55,25,43,0,40,40,6,1,1,3
1726283,2,0,1,1,0,8,8,0,0,1,1,1,1,1,1,1,1,1,4,4,1,2,2,1,2,2,2,2,2,1,2,2,2,1,1,1,2,1,1,1,1,9,1,1,1,1,1,1,1,4,4,4,4,4,3,1,9,0,0,1,0,0,0,0,0,1,1,2,3
6951673,2,0,1,1,0,13,10,0,0,1,6,6,6,6,1,1,1,1,4,4,1,2,2,1,2,2,2,2,2,1,2,2,2,2,1,1,2,1,1,2,1,9,1,1,2,1,0,0,0,0,0,0,0,0,0,1,2,0,0,5,0,0,0,0,0,2,1,2,2
1511950,1,0,1,1,0,12,30,0,0,1,20,20,20,20,1,1,1,1,20,20,1,2,2,1,2,2,2,2,2,1,2,2,2,2,1,1,2,1,2,1,1,9,1,1,2,1,0,0,0,0,0,0,0,0,0,1,9,1,0,62,0,52,0,0,13,5,1,2,3
6254621,1,0,1,1,0,6,6,0,0,1,7,7,5,5,1,1,1,1,7,5,1,2,2,1,2,2,2,2,2,1,2,2,2,2,1,1,2,1,1,1,2,1,1,1,2,1,4,4,4,4,4,4,4,4,4,1,9,1,0,45,0,0,0,0,2,3,1,1,3
4985254,2,0,1,1,0,11,23,0,0,1,9,9,0,0,1,1,0,0,12,0,1,2,2,1,2,2,2,2,2,1,2,2,2,2,1,1,2,1,2,2,1,9,1,1,1,1,0,0,0,0,0,0,0,0,0,1,2,2,0,40,110,30,2,12,8,2,1,2,2
4383701,2,0,1,1,0,23,23,0,0,1,6,6,20,20,3,3,3,3,23,20,1,2,2,1,2,2,2,2,2,1,2,2,2,2,1,1,2,1,1,1,1,9,1,1,1,1,1,1,1,4,4,4,4,4,1,1,9,50,20,24,0,0,1,0,12,6,1,2,3
4539581,2,0,1,1,0,4,21,0,0,1,8,8,12,12,1,1,1,1,14,0,1,2,2,1,2,2,2,2,2,1,2,2,2,2,1,1,2,1,2,2,1,9,2,1,1,1,0,0,0,0,0,0,0,0,0,1,9,1,0,25,0,0,1,2,1,3,1,2,2
9747369,2,0,1,1,0,10,12,0,0,1,3,3,3,3,1,1,1,1,4,4,1,2,1,1,2,2,2,2,1,1,2,2,2,1,2,1,1,1,2,1,1,9,1,1,1,1,0,0,0,0,0,0,0,0,0,1,9,1,0,27,0,1,2,12,2,5,1,2,3
5483392,1,0,1,1,0,12,14,0,0,1,10,10,8,8,1,1,1,1,16,4,1,2,2,1,2,2,2,2,2,1,2,2,2,2,1,1,2,1,2,2,1,9,1,1,1,1,1,1,4,4,4,4,4,4,1,1,2,1,0,30,0,14,1,14,14,3,1,1,2
7687395,1,0,3,1,0,105,105,0,0,1,12,12,12,12,1,1,1,1,23,21,1,2,2,1,2,2,2,2,2,1,2,2,2,2,1,1,2,1,2,2,1,9,1,1,1,1,2,2,2,2,3,2,3,3,4,1,2,0,0,21,0,3,0,2,3,3,1,2,2
5200086,1,0,1,1,0,9,13,0,0,1,0,0,13,13,0,0,0,0,0,1,1,2,2,1,2,2,2,2,2,1,2,2,2,2,1,1,1,1,2,1,1,9,2,1,1,1,4,4,4,4,4,4,4,4,4,2,2,1,0,2,0,0,1,0,1,2,1,2,3
8289719,2,0,1,1,0,8,23,0,0,1,9,9,6,6,3,3,2,2,21,14,1,2,2,1,2,2,2,2,2,1,2,2,2,2,1,1,2,1,2,1,1,9,1,1,1,1,0,0,0,0,0,0,0,0,0,1,1,0,0,40,0,40,2,1,1,1,1,2,3
4814414,1,0,1,1,0,4,6,0,0,1,10,10,3,3,1,1,1,1,10,3,1,2,2,1,2,2,2,2,2,1,2,2,2,1,1,1,1,1,2,1,1,9,1,1,1,1,0,0,0,0,0,0,0,0,0,2,2,0,0,1,0,0,0,6,6,1,1,2,3
6534224,3,0,1,1,0,15,36,0,0,1,2,2,2,2,2,2,2,2,5,5,1,2,2,1,2,2,2,2,2,1,2,2,2,1,1,1,2,1,1,1,1,9,1,2,9,1,1,1,1,2,4,1,4,4,1,1,1,40,18,78,78,0,0,25,18,8,1,2,3
7493460,3,0,1,1,0,20,20,0,0,1,14,14,16,16,18,18,18,18,20,30,1,2,2,1,2,2,2,2,2,1,2,2,2,2,1,1,2,1,2,2,1,9,1,1,1,1,0,0,0,0,0,0,0,0,0,1,1,1,0,37,0,0,0,1,1,8,1,2,1
2217558,2,0,1,1,0,9,14,0,0,1,0,0,11,11,0,0,1,1,0,4,1,2,2,1,2,2,2,2,2,1,2,2,2,2,1,1,2,1,2,1,1,9,1,1,1,1,0,0,0,0,0,0,0,0,0,1,2,1,0,2,0,0,0,14,1,2,1,1,2
1819800,1,0,1,1,0,20,6,0,0,1,7,7,3,3,1,1,1,1,7,16,1,2,2,1,2,2,2,2,2,1,2,2,2,1,1,1,2,1,1,2,1,9,1,1,2,1,2,2,2,2,2,2,4,4,3,1,1,1,0,1,0,0,1,0,1,1,1,2,1
1805516,2,0,1,1,0,3,3,0,0,2,3,3,3,3,1,1,1,1,4,4,1,2,2,1,2,2,2,2,2,1,2,2,2,2,1,1,2,1,1,2,1,9,2,1,1,1,0,0,0,0,0,0,0,0,0,2,2,1,0,1,0,0,0,0,1,0,1,2,3
7637415,2,0,1,1,0,7,3,0,0,1,2,2,2,2,1,1,1,1,1,1,1,2,2,1,2,2,2,2,2,1,2,2,2,2,1,1,1,1,1,1,1,9,2,1,1,1,0,0,0,0,0,0,0,0,0,1,2,0,0,1,0,0,1,1,1,1,1,2,2
3295282,2,0,1,1,0,6,6,0,0,1,1,1,1,1,1,1,1,1,2,1,1,2,2,1,2,2,2,2,2,1,2,2,2,2,1,1,2,1,1,2,2,1,1,1,1,1,0,0,0,0,0,0,0,0,0,1,2,1,0,10,0,1,0,6,1,2,1,1,2
2743529,1,0,1,1,0,7,14,0,0,1,24,24,0,0,1,1,0,0,25,0,1,2,2,1,2,2,2,2,2,1,2,2,2,2,1,1,1,1,2,2,1,9,1,1,1,1,0,0,0,0,0,0,0,0,0,1,2,1,20,3,0,43,0,0,1,2,1,2,2
3105657,1,0,1,1,0,10,10,0,0,1,11,11,11,11,1,1,1,1,3,3,1,2,2,1,1,2,2,2,2,1,1,2,2,2,1,1,2,1,1,2,1,9,1,1,2,1,1,1,1,4,4,4,4,4,4,1,9,1,0,48,0,10,1,10,2,2,1,2,3
3755665,2,0,1,1,0,8,20,0,0,1,9,9,6,6,3,3,6,6,12,12,1,2,2,1,1,2,2,2,2,1,1,2,2,2,1,1,2,1,1,1,1,9,1,1,1,1,1,1,1,1,4,1,4,4,4,1,1,2,0,24,0,0,1,0,2,1,1,2,1
1841878,1,0,1,1,0,5,6,0,0,1,2,2,1,1,0,0,0,0,4,2,1,2,2,1,2,2,2,2,2,1,2,2,2,2,1,1,2,1,2,1,1,9,1,1,2,1,0,0,0,0,0,0,0,0,0,1,1,0,0,8,0,0,0,1,0,1,1,2,3
2837740,1,0,1,1,0,6,8,0,0,1,1,1,1,1,1,1,1,1,5,4,1,2,2,1,2,2,2,2,2,1,2,2,2,2,1,1,2,1,1,1,1,9,1,1,1,1,0,0,0,0,0,0,0,0,0,1,1,0,1,14,1,1,1,1,1,2,1,1,2
8076784,2,0,1,1,0,0,3,0,0,2,2,2,2,2,1,1,1,1,6,6,1,2,2,1,2,2,2,2,2,1,2,2,2,2,1,1,2,1,2,1,1,9,1,1,2,1,0,0,0,0,0,0,0,0,0,2,2,5,0,0,0,0,0,0,1,0,1,2,3
4077826,1,0,1,1,0,5,14,0,0,1,2,2,2,2,1,1,1,1,2,2,1,2,2,1,2,2,2,2,2,1,2,2,2,2,1,1,2,1,2,1,1,9,2,1,2,1,0,0,0,0,0,0,0,0,0,1,9,2,1,15,0,5,0,0,2,2,1,1,2
7446642,2,0,1,1,0,14,13,0,1,1,3,3,3,3,1,1,1,1,1,1,1,2,2,1,2,2,2,2,2,1,2,2,2,2,1,1,2,1,2,2,1,9,2,1,2,1,3,3,3,3,3,3,3,3,3,1,2,0,0,7,0,0,0,0,0,1,1,2,3
2526617,2,0,1,1,0,15,15,0,0,1,4,4,4,4,1,1,1,1,4,4,1,2,2,1,2,2,2,2,2,1,2,2,2,2,2,1,3,1,2,2,2,1,2,1,1,1,1,1,1,1,1,3,3,3,3,1,9,0,0,46,0,0,0,0,1,2,1,2,3
8498201,2,0,1,1,0,10,25,0,0,1,8,8,6,6,2,2,2,2,12,4,1,2,2,1,2,2,2,2,2,1,2,2,2,2,1,1,1,1,2,2,1,9,1,1,1,1,1,1,1,4,4,4,4,4,1,1,9,35,0,8,0,0,1,0,1,4,1,1,3
7468920,2,0,1,1,0,7,17,0,0,1,4,4,4,4,0,0,0,0,4,4,1,2,2,1,2,2,2,2,2,1,2,2,2,2,1,1,2,1,2,2,1,9,2,1,1,1,0,0,0,0,0,0,0,0,0,1,1,0,0,25,0,0,1,17,17,2,1,2,2
7646867,1,0,1,1,0,20,24,0,0,1,5,5,5,5,2,2,2,2,10,10,1,2,2,1,2,2,2,2,2,1,2,2,2,2,1,1,2,1,2,1,1,9,2,1,2,1,0,0,0,0,0,0,0,0,0,1,9,2,0,134,0,22,3,16,22,6,1,2,3
9401460,2,0,1,1,0,10,6,0,0,1,0,0,10,10,0,0,5,5,0,0,1,2,2,1,2,2,2,2,2,1,2,2,2,2,1,1,2,1,2,2,1,9,1,1,1,1,0,0,0,0,0,0,0,0,0,1,9,15,0,27,0,0,0,0,1,6,1,1,3
4122124,2,0,1,1,0,10,52,0,0,1,18,18,42,42,1,1,0,0,58,0,1,2,2,1,2,2,2,2,2,1,2,2,2,2,1,1,3,1,2,2,1,9,1,1,1,1,1,1,1,3,3,3,1,3,1,1,9,0,0,70,0,0,1,2,7,7,1,2,1
8996038,1,0,1,1,0,9,21,0,0,1,4,4,4,4,1,1,1,1,28,25,1,2,1,1,2,2,2,2,1,1,2,2,2,2,1,1,1,1,1,1,1,9,1,1,1,1,1,1,1,1,1,4,4,4,1,1,2,1,0,60,0,60,1,22,1,4,1,2,3
1030658,1,0,1,1,0,8,2,0,0,1,10,10,10,10,0,0,0,0,21,19,1,2,2,1,2,2,2,2,2,1,2,2,2,2,1,1,2,1,2,2,2,1,1,1,2,1,0,0,0,0,0,0,0,0,0,1,1,0,0,12,0,0,0,0,1,1,1,2,3
2057624,1,0,1,1,0,7,16,0,0,1,6,6,3,3,1,1,1,1,6,3,1,2,1,1,2,2,2,2,1,1,2,2,2,2,1,1,2,1,2,2,1,9,1,1,1,1,1,1,1,3,3,3,3,3,1,1,9,3,1,30,0,0,0,0,1,4,1,2,2
5432094,1,0,1,1,0,13,68,0,0,1,10,10,10,10,5,5,5,5,10,0,1,2,2,1,2,2,2,2,2,1,2,2,2,2,1,1,2,1,2,2,1,9,2,1,2,1,1,1,1,1,4,4,4,4,1,1,9,0,0,146,0,0,1,50,8,28,1,2,3
7613160,2,0,1,1,0,9,16,0,0,1,8,8,8,8,1,1,1,1,10,0,1,2,2,1,2,2,2,2,2,1,2,2,2,1,1,1,2,1,1,1,1,9,1,1,1,1,0,0,0,0,0,0,0,0,0,1,1,1,10,44,0,0,1,1,3,2,1,2,3
2753963,2,0,1,1,0,5,112,0,0,1,28,28,41,41,3,3,3,3,36,0,1,2,2,1,2,2,2,2,2,1,2,2,2,1,1,1,2,1,2,2,1,9,1,1,1,1,1,1,1,4,4,4,4,4,4,2,9,255,304,122,500,0,9,50,50,11,1,2,3
8285583,1,0,1,1,0,7,18,0,0,1,3,3,20,20,1,1,1,1,17,0,1,2,2,1,1,2,2,2,2,1,1,2,2,2,1,1,2,1,2,2,1,9,1,1,1,1,0,0,0,0,0,0,0,0,0,1,9,1,0,40,0,35,1,0,1,7,1,2,2
1063899,2,0,1,1,0,6,31,0,0,1,9,9,6,6,1,1,1,1,7,10,1,2,2,1,2,2,2,2,2,1,2,2,2,2,1,1,2,1,2,2,1,9,1,1,1,1,3,3,3,3,3,3,3,3,3,1,2,1,0,4,0,0,0,24,1,3,1,2,2
7831455,1,0,1,1,0,25,24,0,0,1,6,6,6,6,1,1,1,1,6,6,1,1,1,1,2,2,2,1,1,1,2,2,2,2,1,1,2,1,2,1,1,9,1,1,1,1,1,1,3,3,3,3,3,3,1,1,1,0,0,50,0,0,1,0,2,4,1,2,3
7722080,1,0,1,1,0,10,10,0,0,1,0,0,17,17,0,0,1,1,0,18,1,2,2,1,2,2,2,2,2,1,2,2,2,2,1,1,2,1,1,1,1,9,1,1,1,1,4,4,4,1,1,3,1,1,4,2,2,3,0,162,0,0,1,0,24,20,1,2,3
9946473,2,0,2,1,0,20,24,0,0,1,12,12,0,0,1,1,0,0,33,0,1,2,2,1,2,2,2,2,2,1,2,2,2,2,1,1,2,1,2,1,1,9,1,1,2,1,0,0,0,0,0,0,0,0,0,1,9,45,0,95,80,24,3,24,29,7,1,2,1
7448533,2,0,1,1,0,4,11,0,0,1,1,1,3,3,0,0,0,0,3,3,1,1,2,1,2,2,2,1,2,1,2,2,2,2,1,1,2,1,2,2,1,9,2,1,2,1,3,2,4,1,1,2,2,2,2,2,9,4,2,10,0,0,0,0,2,3,1,2,3
7024062,1,0,1,1,0,5,8,0,0,1,6,6,6,6,1,1,1,1,4,4,1,2,2,1,2,2,2,2,2,1,2,2,2,1,1,1,2,1,2,2,1,9,1,1,1,1,0,0,0,0,0,0,0,0,0,1,9,0,0,10,0,0,1,7,7,1,1,2,3
2537277,1,0,1,1,0,6,6,0,0,1,5,5,5,5,1,1,1,1,10,10,1,2,2,1,2,2,2,2,2,1,2,2,2,2,1,1,2,1,2,1,1,9,1,1,2,1,0,0,0,0,0,0,0,0,0,1,9,1,0,2,0,4,1,4,4,1,1,1,3
4040243,2,0,1,1,0,8,16,0,0,1,6,6,5,5,1,1,0,0,0,0,1,2,2,1,2,2,2,2,2,1,2,2,2,2,1,1,2,1,2,1,2,1,1,1,1,1,1,1,1,1,4,1,4,4,1,1,2,2,0,18,0,0,1,0,5,2,1,2,2
9266066,2,0,1,1,0,5,12,0,0,1,3,3,2,2,1,1,1,1,15,3,1,2,2,1,2,2,2,2,2,1,2,2,2,2,1,1,2,1,2,2,2,1,2,1,1,1,0,0,0,0,0,0,0,0,0,1,1,0,0,27,0,5,2,1,3,1,1,2,3
4755429,1,0,1,1,0,2,11,0,0,1,4,4,2,2,2,2,2,2,6,2,1,2,2,1,2,2,2,2,2,1,2,2,2,2,1,1,3,1,2,2,1,9,1,1,2,1,3,3,3,3,3,3,3,3,4,1,2,0,0,1,0,0,1,0,0,1,1,2,2
1677116,1,0,1,5,0,4,6,0,0,1,2,2,2,2,1,1,0,0,0,0,1,2,2,1,2,2,2,2,2,1,2,2,2,2,1,1,2,1,1,2,1,9,2,1,2,1,0,0,0,0,0,0,0,0,0,2,9,0,0,2,0,0,0,0,1,1,1,2,2
7211109,1,0,1,1,0,3,11,0,0,1,2,2,2,2,1,1,1,1,0,0,1,2,2,1,2,2,2,2,2,1,2,2,2,2,1,1,2,1,1,2,2,1,2,1,1,1,0,0,0,0,0,0,0,0,0,1,1,0,0,11,0,0,0,0,1,1,1,2,2
5047220,2,0,1,1,0,5,108,0,0,1,61,61,88,88,4,4,4,4,123,0,1,2,2,1,2,2,2,2,2,1,2,2,2,1,1,1,2,1,2,2,2,1,1,1,1,1,1,1,1,4,4,4,4,4,4,2,9,96,284,40,500,0,2,0,50,4,1,2,3
3757426,2,0,1,1,0,6,8,0,0,1,1,1,1,1,1,1,1,1,2,2,1,2,2,1,2,2,2,2,2,1,2,2,2,2,1,1,2,1,2,1,2,1,2,1,1,1,4,4,4,4,4,4,4,4,2,1,9,2,0,3,0,0,0,0,2,1,1,2,3
1299884,2,0,1,1,0,8,12,0,0,1,0,0,9,9,0,0,1,1,0,0,1,2,2,1,2,2,2,2,2,1,2,2,2,2,1,1,2,1,1,1,1,9,1,1,1,1,0,0,0,0,0,0,0,0,0,1,1,1,0,30,0,12,0,12,13,4,1,2,2
1108689,2,0,1,1,0,5,6,0,0,1,7,7,9,9,1,1,1,1,8,10,1,2,2,1,2,2,2,2,2,1,2,2,2,2,1,1,2,1,2,2,1,9,1,1,1,1,0,0,0,0,0,0,0,0,0,1,9,3,0,5,0,10,1,0,2,4,1,2,3
8207156,2,0,2,1,0,8,6,0,0,1,5,5,5,5,1,1,1,1,6,6,1,2,2,1,2,2,2,2,2,1,2,2,2,2,1,1,2,1,1,1,1,9,1,1,1,1,0,0,0,0,0,0,0,0,0,1,9,1,0,18,0,8,1,0,0,3,1,2,3
4458923,1,0,1,1,0,7,19,0,0,1,8,8,12,12,0,0,0,0,12,0,1,2,2,1,2,2,2,2,2,1,2,2,2,2,1,1,2,1,2,2,1,9,2,1,1,2,1,1,1,4,4,4,4,4,1,1,9,2,0,25,0,0,18,0,18,3,1,2,3
7484403,1,0,1,1,0,7,24,0,0,1,5,5,6,6,1,1,1,1,6,0,1,2,2,1,2,2,2,2,2,1,2,2,2,2,1,1,2,1,2,2,1,9,1,1,1,1,0,0,0,0,0,0,0,0,0,1,1,1,0,50,0,0,0,0,23,4,1,2,3
6677541,1,0,2,1,0,8,35,0,0,1,27,27,16,16,0,0,0,0,15,15,1,2,2,1,2,2,1,2,2,1,2,2,1,1,1,1,2,1,2,2,1,9,1,1,2,1,0,0,0,0,0,0,0,0,0,2,9,10,0,71,0,0,0,0,36,3,1,2,1
9414305,2,0,1,1,0,4,4,0,0,1,1,1,1,1,1,1,1,1,4,4,1,2,2,1,2,2,2,2,2,1,2,2,2,2,1,1,2,1,2,2,1,9,2,1,2,1,0,0,0,0,0,0,0,0,0,1,1,1,0,1,0,0,0,0,0,1,1,2,2
9235683,2,0,1,1,0,7,21,0,0,1,0,0,25,25,0,0,1,1,0,26,1,1,1,1,2,2,2,1,1,1,2,2,2,2,1,1,1,1,2,2,1,9,2,1,1,1,0,0,0,0,0,0,0,0,0,1,2,1,0,31,0,0,0,0,39,3,1,2,3
6484058,1,0,1,1,0,12,48,0,0,1,17,17,12,12,4,4,3,3,21,0,1,2,2,1,2,2,2,2,2,1,2,2,2,2,1,1,2,1,2,2,1,9,2,1,1,1,0,0,0,0,0,0,0,0,0,1,9,4,1,154,0,37,1,38,40,6,1,1,1
2846175,2,0,1,1,0,18,15,0,0,1,9,9,9,9,0,0,1,1,0,0,1,2,2,1,2,2,2,2,2,1,2,2,2,2,1,1,2,1,1,1,1,9,2,1,2,1,0,0,0,0,0,0,0,0,0,1,1,1,0,68,0,60,0,7,3,4,1,1,3
9858757,1,0,1,1,0,6,6,0,0,1,5,5,3,3,0,0,1,1,7,0,1,2,2,1,2,2,2,2,2,1,2,2,2,2,1,1,2,1,2,2,2,1,1,1,2,1,0,0,0,0,0,0,0,0,0,1,9,2,0,15,0,0,0,0,1,2,1,2,2
9097237,2,0,1,1,0,1,3,0,0,1,4,4,4,4,1,1,1,1,6,4,1,2,2,1,2,2,2,2,2,1,2,2,2,2,1,1,2,1,1,2,1,9,1,1,1,1,0,0,0,0,0,0,0,0,0,2,2,1,0,0,0,0,0,0,0,0,1,2,2
1149949,1,0,1,5,0,10,7,0,0,1,1,1,1,1,1,1,1,1,2,1,2,2,2,1,2,2,2,2,2,1,2,2,2,2,2,1,2,1,2,2,2,1,1,1,2,1,0,0,0,0,0,0,0,0,0,2,2,0,0,5,0,0,0,0,0,1,1,2,3
9048430,1,0,1,1,0,8,24,0,0,1,8,8,5,5,1,1,1,1,9,6,1,2,2,1,2,2,2,2,2,1,2,2,2,1,1,1,2,1,1,2,1,9,1,1,1,1,1,1,1,4,4,4,4,4,1,1,1,0,0,22,0,20,1,3,1,4,1,2,3
7346596,1,0,1,1,0,7,10,0,0,1,5,5,6,6,1,1,0,0,2,2,1,2,2,1,2,2,2,2,2,1,2,2,2,2,1,1,1,1,2,2,1,9,2,2,9,1,2,2,2,4,4,4,4,4,4,2,9,4,0,27,0,0,1,3,11,1,1,2,1
3044753,1,0,1,1,0,7,14,0,0,1,3,3,3,3,0,0,1,1,2,2,1,2,2,1,2,2,2,2,2,1,2,2,2,2,1,1,2,1,2,2,1,9,1,1,1,1,0,0,0,0,0,0,0,0,0,1,1,0,0,20,0,0,0,0,2,2,1,1,3
5859926,1,0,1,1,0,4,3,0,0,1,2,2,2,2,2,2,2,0,2,2,1,2,2,1,2,2,2,2,2,1,2,2,2,2,1,1,2,1,2,2,1,9,1,1,1,1,0,0,0,0,0,0,0,0,0,1,9,0,0,4,0,0,0,0,0,1,1,2,3
4245593,1,0,1,1,0,10,10,0,0,1,9,3,15,3,1,1,0,0,9,15,1,2,2,1,2,2,2,2,2,1,2,2,2,2,1,1,2,1,2,2,1,9,1,2,9,1,4,4,4,4,4,4,4,4,4,1,2,0,0,220,1000,0,0,10,10,10,1,2,3
7693578,2,0,1,1,0,23,23,0,0,1,4,4,5,5,0,0,0,0,26,26,1,2,2,2,1,2,2,2,2,2,1,2,2,2,1,1,2,1,2,1,1,9,1,1,2,1,0,0,0,0,0,0,0,0,0,2,9,38,5,25,0,0,1,18,18,7,1,2,1
3216386,1,0,1,1,0,8,4,0,0,1,0,0,22,22,0,0,7,7,0,0,1,2,2,1,2,2,2,2,2,1,2,2,2,2,1,1,1,1,2,1,2,1,2,1,1,1,4,1,1,4,4,4,4,4,4,1,1,4,0,49,0,0,0,0,4,7,1,1,2
1003436,2,0,1,1,0,11,16,0,0,1,3,3,3,3,1,1,1,1,3,3,1,2,2,1,2,2,2,2,2,1,2,2,2,2,1,1,2,1,2,2,1,9,1,1,1,1,1,1,1,1,3,3,4,4,4,1,1,0,0,7,0,1,1,12,12,4,1,1,3
8453454,1,0,1,1,0,13,20,0,0,1,6,6,9,9,1,1,1,1,8,0,1,2,2,1,2,2,2,2,2,1,2,2,2,2,1,1,2,1,1,2,1,9,1,1,1,1,0,0,0,0,0,0,0,0,0,1,9,1,0,37,0,0,2,0,12,4,1,2,1
4499862,2,0,1,1,0,5,3,0,0,1,3,3,3,2,1,1,0,0,2,2,1,2,2,1,2,2,2,2,2,1,2,2,2,2,1,1,2,1,2,2,2,1,2,1,2,1,0,0,0,0,0,0,0,0,0,1,2,0,0,1,0,0,1,0,0,1,1,2,3
5628847,2,0,1,1,0,7,12,0,0,1,14,14,14,14,1,1,1,1,12,2,1,2,2,1,2,2,2,2,2,1,2,2,2,2,1,1,2,1,2,2,1,9,1,1,1,1,0,0,0,0,0,0,0,0,0,1,9,0,0,28,0,10,1,10,10,3,1,1,2
3356003,2,0,1,1,0,7,3,0,0,1,1,1,1,1,1,1,1,1,1,1,1,2,2,1,2,2,2,2,2,1,2,2,2,2,1,1,2,1,1,1,1,9,1,1,2,1,1,1,4,2,4,4,4,4,1,1,9,25,0,1,0,0,0,0,1,1,1,2,3
8861350,2,0,3,1,0,47,47,0,0,1,24,24,24,24,1,1,0,0,24,24,1,2,2,1,2,2,2,2,2,1,2,2,2,2,1,1,2,1,1,1,1,9,1,1,1,1,1,1,1,1,1,1,3,1,1,1,1,3,0,64,0,16,4,40,2,45,1,2,1
4530650,2,0,1,1,0,7,12,0,0,1,9,9,0,0,1,1,0,0,14,0,1,2,2,1,2,2,2,2,2,1,2,2,2,2,1,1,1,1,2,1,1,9,1,1,1,1,0,0,0,0,0,0,0,0,0,1,9,4,0,43,0,0,0,12,12,4,1,2,3
4067633,1,0,3,1,0,6,6,0,0,1,2,2,2,2,0,0,0,0,3,3,1,2,2,1,2,2,2,2,2,1,2,2,2,2,1,1,2,1,2,2,1,9,1,1,1,1,0,0,0,0,0,0,0,0,0,1,9,1,0,12,0,2,0,0,2,2,1,1,3
4069670,1,0,1,1,0,12,28,0,0,1,30,30,30,30,0,0,0,0,30,0,1,2,2,1,2,2,2,2,2,1,2,2,2,1,1,1,2,1,2,1,2,1,1,1,1,1,0,0,0,0,0,0,0,0,0,2,9,8,0,120,0,0,2,40,42,12,1,2,1
7568069,1,0,2,1,0,24,24,0,0,1,8,2,8,2,1,1,1,1,5,5,1,2,2,1,2,2,2,2,2,1,2,2,2,1,1,1,2,1,2,1,1,9,1,1,1,1,1,1,1,1,1,1,1,1,1,1,1,2,2,20,0,4,1,5,3,3,1,1,2
2593711,1,0,1,5,0,2,3,0,0,1,1,1,1,1,1,1,1,1,2,2,1,2,2,1,2,2,2,2,2,1,2,2,2,2,1,1,2,1,2,2,1,9,1,1,1,1,0,0,0,0,0,0,0,0,0,1,9,2,2,5,0,2,0,0,1,2,1,2,3
4065934,2,0,1,1,0,9,17,0,0,1,5,5,5,5,0,0,0,0,5,5,1,2,2,1,2,2,2,2,2,1,2,2,2,2,1,1,2,1,2,1,1,9,1,1,2,1,0,0,0,0,0,0,0,0,0,1,9,8,0,18,0,3,0,8,16,3,1,2,3
3674031,2,0,1,1,0,5,12,0,0,1,2,2,2,2,1,1,1,1,13,12,1,2,2,1,2,2,2,2,2,1,2,2,2,2,1,1,2,1,2,1,1,9,1,1,1,1,0,0,0,0,0,0,0,0,0,1,1,0,0,17,0,0,1,0,2,2,1,2,3
5008125,1,0,2,1,0,8,8,0,0,1,2,2,2,2,2,2,2,2,4,4,1,2,2,1,2,2,2,2,2,1,2,2,2,2,1,1,2,1,1,2,1,9,1,1,1,1,4,4,4,4,1,4,4,4,4,2,2,5,0,40,0,0,1,1,12,7,1,1,2
2653062,1,0,1,1,0,9,9,0,0,1,5,5,5,5,1,1,1,1,4,4,1,2,2,1,2,2,2,2,2,1,2,2,2,1,1,1,2,1,1,2,1,9,1,1,1,1,0,0,0,0,0,0,0,0,0,1,9,1,0,10,0,2,1,0,1,2,1,1,2
2943390,1,0,1,1,0,5,6,0,0,1,2,2,3,3,4,4,2,2,7,3,1,2,2,1,2,2,1,2,2,1,2,2,1,2,1,1,2,1,2,2,1,9,1,1,2,1,0,0,0,0,0,0,0,0,0,1,9,0,0,25,0,0,1,0,2,3,1,2,3
7869270,2,0,1,6,0,13,13,0,0,1,3,2,4,3,1,1,1,1,6,7,1,2,2,1,2,2,2,2,2,1,2,2,2,2,1,1,2,1,2,2,2,1,1,1,2,1,0,0,0,0,0,0,0,0,0,1,9,0,0,1,0,15,0,7,7,2,1,2,2
3030048,2,0,1,1,0,8,24,0,0,1,11,11,0,0,1,1,0,0,32,0,1,2,2,1,2,2,2,2,2,1,2,2,2,1,1,1,2,1,1,1,1,9,1,1,1,1,0,0,0,0,0,0,0,0,0,1,2,1,0,6,0,24,1,24,25,5,1,2,1
1204292,2,0,1,1,0,3,3,0,0,1,4,4,4,4,1,1,1,1,6,4,1,2,2,1,2,2,2,2,2,1,2,2,2,2,2,1,2,1,2,2,1,9,2,1,1,1,0,0,0,0,0,0,0,0,0,2,2,0,0,1,0,0,0,0,0,0,1,2,3
5894566,1,0,1,1,0,20,24,0,0,1,3,3,3,3,2,2,2,2,5,5,1,2,2,1,2,2,2,2,2,1,2,2,2,2,1,1,2,1,2,1,1,9,2,1,2,1,0,0,0,0,0,0,0,0,0,2,9,2,0,134,0,22,3,16,22,6,1,2,3
6086126,2,0,1,1,0,8,10,0,0,1,4,4,6,6,1,1,1,1,6,6,1,2,2,1,2,2,1,2,2,1,2,2,1,2,1,1,2,1,1,2,1,9,1,1,1,1,2,2,2,1,1,2,3,3,1,1,9,15,1,20,500,2,1,3,3,3,1,2,3
2851375,2,0,1,2,0,2,6,0,0,1,3,2,5,4,0,0,0,0,4,1,1,2,2,1,1,2,2,2,2,1,1,2,2,2,1,1,2,1,1,1,1,9,1,1,1,1,0,0,0,0,0,0,0,0,0,2,2,0,0,5,0,2,1,1,0,2,1,1,3
8662201,2,0,1,1,0,1,3,0,0,1,3,3,3,3,1,1,1,1,3,3,1,2,2,1,2,2,2,2,2,1,2,2,2,2,1,1,2,1,1,1,1,9,1,1,1,1,0,0,0,0,0,0,0,0,0,2,2,1,0,1,1,1,0,0,1,0,1,2,3
8800694,1,0,1,1,0,5,8,0,0,1,3,3,5,5,0,0,1,1,3,3,1,2,1,1,2,2,2,2,1,1,2,2,2,2,1,1,2,1,1,1,1,9,1,1,1,1,0,0,0,0,0,0,0,0,0,2,2,0,0,2,0,0,0,2,2,1,1,2,3
8565958,2,0,2,1,0,6,6,0,0,1,3,3,4,4,1,1,1,1,3,4,1,2,2,1,2,2,2,2,2,1,2,2,2,2,1,1,1,1,1,1,1,9,1,1,1,1,0,0,0,0,0,0,0,0,0,1,1,0,0,26,25,2,1,4,7,3,1,1,2
2811298,1,0,1,1,0,8,19,0,0,1,0,0,4,4,8,8,4,4,16,16,1,2,2,1,2,2,2,2,2,1,2,2,2,2,1,1,2,1,2,1,1,9,1,1,1,1,0,0,0,0,0,0,0,0,0,1,9,0,0,25,0,0,0,18,18,4,1,1,3
4422462,2,0,1,1,0,5,12,0,0,1,4,4,4,4,4,4,4,4,2,1,1,2,2,1,2,2,2,2,2,1,2,2,2,2,1,1,2,1,2,2,1,9,2,1,1,1,0,0,0,0,0,0,0,0,0,1,9,3,0,20,0,2,0,1,10,2,1,2,2
2977056,1,0,1,1,0,6,6,0,0,1,4,4,4,4,1,1,1,1,2,2,1,2,1,1,1,2,2,2,1,1,1,2,2,2,1,1,2,1,1,1,1,9,1,1,1,1,0,0,0,0,0,0,0,0,0,1,2,0,0,5,0,0,0,0,1,1,1,1,3
6377378,1,0,1,1,0,4,8,0,0,1,2,2,7,7,1,0,0,0,3,7,1,2,2,1,2,2,2,2,2,1,2,2,2,2,2,1,2,1,2,2,1,9,2,1,1,1,0,0,0,0,0,0,0,0,0,1,2,0,0,10,0,1,0,0,1,1,1,2,3
9016220,1,0,1,1,0,12,19,0,0,1,9,9,7,7,2,2,4,4,20,11,1,2,2,1,2,2,2,2,2,1,2,2,2,2,1,1,2,1,2,2,1,9,1,1,1,1,0,0,0,0,0,0,0,0,0,1,9,2,0,98,0,0,0,6,2,9,1,2,3
2022094,1,0,1,1,0,8,8,0,0,1,6,6,6,6,1,1,1,1,6,6,1,2,2,1,2,2,2,2,2,1,2,2,2,2,1,1,2,1,2,2,2,1,1,1,1,1,0,0,0,0,0,0,0,0,0,1,1,5,126,15,0,5,1,2,3,4,1,1,3
7175087,1,0,1,1,0,7,15,0,0,1,2,2,2,2,0,0,0,0,4,2,1,2,2,1,2,2,2,2,2,1,2,2,2,1,1,1,2,1,1,1,1,9,1,2,9,1,4,4,4,4,4,4,4,4,1,1,2,15,0,34,0,0,1,0,4,3,1,1,2
5742752,2,0,1,1,0,5,11,0,1,1,6,6,6,6,1,1,1,1,2,0,1,2,2,1,2,2,2,2,2,1,2,2,2,2,1,1,2,1,2,1,1,9,1,1,1,1,0,0,0,0,0,0,0,0,0,1,9,1,0,20,0,0,1,0,2,2,1,2,2
9756694,1,0,0,1,0,7,6,0,0,1,3,3,2,2,0,0,1,1,3,2,1,2,2,1,2,2,2,2,2,1,2,2,2,2,1,1,2,1,2,1,2,1,1,1,1,1,0,0,0,0,0,0,0,0,0,1,1,0,0,12,0,0,0,2,1,1,1,1,3
6402495,2,0,1,1,0,3,3,0,0,1,2,2,2,2,1,1,1,1,3,2,1,2,2,1,2,2,2,2,2,1,2,2,2,2,1,1,2,1,2,2,1,9,2,1,1,1,0,0,0,0,0,0,0,0,0,1,1,0,0,1,0,1,1,1,1,2,1,2,2
1764494,2,0,1,1,0,6,12,0,0,1,2,2,2,2,2,2,2,2,2,2,1,2,2,1,1,2,2,2,2,1,1,2,2,2,1,1,2,1,2,2,1,9,1,1,1,1,0,0,0,0,0,0,0,0,0,1,1,1,14,4,0,0,1,1,3,3,1,2,3
7483425,2,0,1,1,0,4,3,0,0,1,1,1,1,1,1,1,1,1,2,2,1,2,2,1,2,2,2,2,2,1,2,2,2,1,1,1,2,1,2,2,1,9,2,1,1,1,4,4,4,4,4,4,4,4,4,2,9,0,0,1,0,0,0,1,1,1,1,2,3
8628092,2,0,3,1,0,7,22,0,0,1,9,9,15,15,0,0,0,0,11,0,1,2,2,1,2,2,2,2,2,1,2,2,2,2,1,1,2,1,2,2,1,9,2,1,1,1,1,1,1,4,4,4,4,4,1,1,9,45,30,4,0,0,1,25,0,3,1,2,3
2919852,2,0,1,1,0,7,20,0,0,1,16,16,0,0,16,16,0,0,24,0,1,2,2,1,2,2,2,2,2,1,2,2,2,2,1,1,1,1,2,2,1,9,1,1,1,1,0,0,0,0,0,0,0,0,0,1,2,1,0,8,0,30,3,0,1,5,1,2,2
4776939,1,0,1,1,0,5,10,0,0,1,2,2,2,2,1,1,1,1,0,0,1,2,2,1,2,2,2,2,2,1,2,2,2,2,1,1,2,1,2,1,1,9,2,1,1,1,1,1,1,3,1,2,3,3,3,1,9,0,1,8,0,8,1,1,1,2,1,2,3
8425570,2,0,1,1,0,28,28,0,0,1,12,12,12,12,1,1,1,1,12,12,1,2,2,1,2,2,2,2,2,1,2,2,2,2,1,1,2,1,1,2,1,9,1,1,1,1,1,1,1,1,1,1,1,1,3,1,9,2,1,4,500,4,1,10,1,3,1,2,3
9830673,2,0,1,1,0,10,37,0,0,1,17,17,13,13,1,1,1,1,47,0,1,2,2,1,2,2,2,2,2,1,2,2,2,1,1,1,1,1,2,1,1,9,1,1,2,1,1,1,1,1,1,1,4,4,1,1,2,2,0,51,0,42,1,28,1,8,1,2,2
1737376,1,0,1,1,0,13,5,0,0,1,5,5,6,6,1,0,0,0,6,6,1,2,2,1,2,2,2,2,2,1,2,2,2,2,1,1,2,1,2,1,1,9,1,1,1,1,1,1,1,1,1,1,3,1,1,1,9,25,19,10,0,4,2,4,8,2,1,1,1
3047887,2,0,1,1,0,8,10,0,0,1,2,2,2,2,1,1,1,1,17,17,1,2,2,1,2,2,2,2,2,1,2,2,2,1,1,1,2,1,2,1,1,9,2,1,1,1,0,0,0,0,0,0,0,0,0,1,2,1,0,55,0,0,0,0,10,4,1,2,2
4283616,2,0,1,1,0,6,19,0,0,1,4,4,3,3,2,2,1,1,6,0,1,2,2,1,2,2,2,2,2,1,2,2,2,2,1,1,2,1,1,2,1,9,1,1,1,1,1,1,1,3,3,3,3,3,3,1,1,5,0,30,0,11,1,0,1,1,1,2,2
2028604,2,0,1,1,0,4,15,2,0,1,4,4,4,4,1,1,1,1,3,3,1,2,2,1,2,2,2,2,2,1,2,2,2,2,1,1,2,1,1,2,1,9,1,1,1,1,0,0,0,0,0,0,0,0,0,1,2,1,2,45,0,2,2,2,1,1,1,2,2
8743983,1,0,1,1,0,25,40,0,0,1,32,32,32,32,1,1,1,1,56,48,1,2,2,1,2,2,2,2,2,1,2,2,2,2,1,1,2,1,2,1,2,1,2,1,1,1,1,1,1,4,4,4,4,4,1,1,9,4,2,189,212,0,3,0,32,4,1,2,2
9095965,2,0,1,1,0,8,12,0,0,1,0,0,15,15,0,0,4,4,0,0,1,2,2,1,2,2,2,2,2,1,2,2,2,1,1,1,1,1,2,1,1,9,1,1,1,1,0,0,0,0,0,0,0,0,0,1,1,8,0,4,0,0,1,12,1,1,1,1,3
7101838,2,0,1,1,0,3,6,0,0,1,1,1,1,1,1,1,1,1,4,4,1,2,2,1,2,2,2,2,2,1,2,2,2,2,1,1,2,1,2,1,1,9,1,1,2,1,0,0,0,0,0,0,0,0,0,2,9,0,0,2,0,0,0,0,1,2,1,2,3
2441087,1,0,1,1,0,10,14,0,0,1,15,15,16,16,0,0,0,0,4,4,1,2,2,2,2,2,1,2,2,2,2,2,1,2,1,1,2,1,1,1,1,9,2,1,1,1,0,0,0,0,0,0,0,0,0,1,9,4,0,30,0,0,1,0,2,5,1,2,1
4495333,1,0,4,2,0,8,2,2,0,2,3,3,2,2,1,1,2,1,3,2,1,2,2,1,2,2,2,2,2,1,2,2,2,2,1,1,2,1,2,2,1,9,2,1,1,1,0,0,0,0,0,0,0,0,0,1,9,0,0,3,0,5,0,0,1,1,1,2,2
3546696,2,0,1,1,0,10,14,0,0,1,0,0,5,5,0,0,1,1,0,6,1,2,2,1,2,2,2,2,2,1,2,2,2,2,1,1,2,1,2,2,1,9,1,1,1,1,2,2,2,2,1,4,4,2,1,1,1,1,0,12,0,12,1,1,1,4,1,2,2
9859896,1,0,1,1,0,23,29,0,0,1,6,6,6,6,1,1,1,1,9,9,1,2,2,1,2,2,2,2,2,1,2,2,2,2,1,1,2,1,2,1,2,1,1,1,1,1,1,1,1,4,4,4,4,4,1,1,9,80,38,15,0,0,1,31,1,10,1,2,1
8243244,2,0,1,1,0,6,12,0,0,1,5,5,5,5,0,0,0,0,0,0,1,2,2,1,2,2,2,2,2,1,2,2,2,2,1,1,1,1,1,1,1,9,1,1,1,1,0,0,0,0,0,0,0,0,0,1,9,2,0,5,0,16,1,0,1,4,1,2,3
1703291,1,0,2,1,0,10,35,0,0,1,6,6,6,6,1,1,1,1,15,15,1,2,2,1,2,2,2,2,2,1,2,2,2,2,2,1,2,1,1,2,2,1,2,1,2,1,1,1,1,4,1,1,4,1,1,1,2,56,0,92,0,0,1,0,28,1,1,2,3
5937135,1,0,1,1,0,13,17,0,0,1,15,15,13,13,1,1,0,0,0,0,1,2,2,1,2,2,2,2,2,1,2,2,2,2,1,1,2,1,1,1,2,1,1,1,1,1,0,0,0,0,0,0,0,0,0,1,9,3,0,35,0,2,1,0,2,5,1,2,1
1622585,1,0,1,1,0,5,9,0,0,1,2,2,2,2,2,2,2,2,2,2,1,2,2,1,2,2,2,2,2,1,2,2,2,2,1,1,2,1,2,2,1,9,1,1,1,1,0,0,0,0,0,0,0,0,0,1,9,0,0,4,0,0,0,0,0,1,1,2,2
1687039,2,0,1,1,0,7,7,0,0,1,5,5,3,2,0,0,0,0,8,2,1,2,2,1,2,2,2,2,2,1,2,2,2,2,1,1,3,1,2,2,2,1,1,1,2,1,1,1,1,2,4,4,4,4,1,1,9,5,3,20,0,0,0,0,1,2,1,1,3
3715468,2,0,1,1,0,5,3,0,0,1,1,1,1,1,1,1,0,0,0,0,1,2,2,1,2,2,2,2,2,1,2,2,2,2,1,1,2,1,2,2,2,1,1,1,1,1,0,0,0,0,0,0,0,0,0,1,1,0,0,10,0,1,1,3,3,2,1,2,2
8214414,1,0,1,1,0,7,19,0,0,1,10,10,11,11,1,1,1,1,10,12,1,2,2,1,2,2,2,2,2,1,2,2,2,2,1,1,2,1,2,2,1,9,1,1,1,1,1,1,1,4,3,3,3,3,1,1,2,2,0,40,0,15,0,15,6,5,1,1,2
1098640,2,0,1,1,0,5,7,0,0,1,3,3,3,3,1,1,1,1,4,4,1,2,2,1,2,2,2,2,2,1,2,2,2,2,1,1,3,1,1,1,2,1,1,1,2,1,0,0,0,0,0,0,0,0,0,1,9,1,3,14,0,1,1,5,2,1,1,2,3
4771730,1,0,1,1,0,5,7,0,0,1,3,3,3,3,1,1,1,1,4,3,1,2,2,1,2,2,2,2,2,1,2,2,2,2,1,1,2,1,1,1,2,1,1,1,2,1,0,0,0,0,0,0,0,0,0,1,2,1,1,8,0,1,1,0,1,1,1,2,3
9381339,1,0,1,1,0,8,10,0,0,1,1,1,1,1,1,1,1,1,3,3,1,2,2,1,2,2,2,2,2,1,2,2,2,2,1,1,1,1,2,2,1,9,1,1,1,1,0,0,0,0,0,0,0,0,0,1,9,0,0,15,0,0,0,0,1,3,1,2,3
3179082,1,0,0,1,0,9,26,0,0,1,5,5,5,5,1,1,1,1,5,5,1,2,2,1,2,2,2,2,2,1,2,2,2,2,1,1,2,1,1,1,1,9,1,1,1,1,0,0,0,0,0,0,0,0,0,1,9,2,0,12,0,0,1,1,1,4,1,1,3
1170949,1,0,59,1,0,11,59,0,0,1,16,16,24,24,0,0,0,0,25,0,1,2,2,1,2,2,2,2,2,1,2,2,2,1,1,1,2,1,2,1,2,1,1,1,1,1,1,1,1,4,4,4,4,4,1,1,9,166,3,4,0,0,1,0,47,2,1,2,1
6841595,2,0,1,1,0,8,24,0,0,1,0,0,20,20,0,0,1,1,0,12,1,2,2,1,2,2,2,2,2,1,2,2,2,2,2,1,2,1,2,2,1,9,1,1,2,1,0,0,0,0,0,0,0,0,0,1,2,2,0,48,0,0,0,0,2,5,1,1,3
8628923,1,0,1,1,0,8,20,0,0,1,24,24,24,24,3,3,0,0,30,25,1,2,2,1,2,2,2,2,2,1,2,2,2,1,2,1,2,1,2,2,1,9,1,1,2,1,0,0,0,0,0,0,0,0,0,1,9,0,0,65,0,16,1,16,16,4,1,1,3
5700798,1,0,8,1,0,9,7,0,0,1,7,7,4,4,4,4,2,2,11,6,2,2,2,1,2,2,2,2,2,1,2,2,2,2,1,1,2,1,1,1,1,9,1,1,1,1,0,0,0,0,0,0,0,0,0,1,9,0,0,34,0,2,1,0,1,1,1,2,2
3971080,1,0,1,1,0,10,10,0,0,1,3,3,3,3,1,1,1,1,4,4,1,2,2,1,2,2,2,2,2,1,2,2,2,1,1,1,2,1,2,2,2,1,1,1,1,1,1,1,1,3,3,3,3,3,4,1,9,0,0,68,0,0,0,2,1,5,1,2,3
4523054,2,0,1,1,0,8,23,0,0,1,20,20,0,0,1,1,0,0,31,0,1,2,2,1,2,2,2,2,2,1,2,2,2,2,1,1,2,1,2,1,1,9,1,1,1,1,0,0,0,0,0,0,0,0,0,1,1,2,0,93,500,0,0,23,26,5,1,2,2
2985256,2,0,1,1,0,1,7,0,0,1,10,10,10,10,1,1,1,1,10,10,1,2,1,1,2,2,2,2,1,1,2,2,2,2,1,1,2,1,2,2,1,9,1,1,1,1,4,4,4,4,4,4,4,4,4,2,2,1,0,1,0,1,0,0,2,1,1,2,2
7929977,2,0,1,1,0,12,12,0,0,1,6,6,6,6,1,1,1,1,12,11,1,2,1,1,2,2,2,2,1,1,2,2,2,2,1,1,2,1,2,2,1,9,1,1,1,1,0,0,0,0,0,0,0,0,0,2,9,1,0,12,0,6,0,1,1,2,1,2,3
4236441,2,0,2,1,0,12,18,0,0,1,9,9,9,9,1,1,1,1,9,1,1,2,2,1,2,2,2,2,2,1,2,2,2,2,1,1,2,1,2,1,1,9,1,1,1,1,1,1,1,1,1,1,1,1,1,2,9,89,37,45,100,0,1,0,42,7,1,2,1
1800674,2,0,1,1,0,6,4,0,0,1,1,1,1,1,1,1,1,1,1,1,1,2,2,1,2,2,2,2,2,1,2,2,2,2,1,1,2,1,1,1,2,1,1,1,1,1,4,4,4,4,4,4,4,4,4,1,1,3,0,10,0,0,0,0,1,3,1,2,3
6598236,2,0,1,1,0,8,24,0,0,1,7,7,6,6,1,1,2,2,10,4,1,2,2,1,2,2,2,2,2,1,2,2,2,2,1,1,2,1,2,1,1,9,1,1,1,1,0,0,0,0,0,0,0,0,0,1,2,3,1,75,0,16,2,17,1,9,1,1,3
3372880,2,0,1,1,0,13,10,0,0,1,8,8,7,7,1,1,1,1,12,10,1,2,2,1,2,2,2,2,2,1,2,2,2,2,1,1,2,1,2,1,1,9,1,1,1,1,1,1,1,2,1,2,3,3,1,1,9,2,0,52,0,46,1,2,3,2,1,2,1
8524026,1,0,1,1,0,8,19,0,0,1,15,15,25,25,2,2,0,0,12,25,1,2,2,1,2,2,2,2,2,1,2,2,2,2,1,1,2,1,2,2,1,9,2,1,1,1,0,0,0,0,0,0,0,0,0,1,9,0,0,25,0,25,2,20,1,5,1,2,3
4882656,1,0,1,6,0,4,12,0,0,1,1,1,1,1,1,1,0,0,4,4,1,2,2,1,2,2,2,2,2,1,2,2,2,2,1,1,2,1,2,1,1,9,1,1,2,1,0,0,0,0,0,0,0,0,0,1,1,4,0,12,0,20,1,0,3,2,1,2,2
3810429,1,0,1,1,0,6,12,0,0,1,10,10,10,10,9,0,9,0,8,8,1,2,2,1,2,2,2,2,2,1,2,2,2,2,1,1,2,1,1,2,1,9,1,1,1,1,0,0,0,0,0,0,0,0,0,1,9,2,2,1,0,1,2,0,1,1,1,2,3
5425491,1,0,1,1,0,5,17,0,0,1,2,2,2,2,1,1,1,1,3,3,1,2,2,1,2,2,2,2,2,1,2,2,2,2,1,1,2,1,1,1,1,9,1,1,1,1,0,0,0,0,0,0,0,0,0,1,1,0,0,11,0,0,1,3,3,2,1,2,2
7231251,1,0,1,1,0,9,8,0,0,1,3,3,3,3,2,2,0,0,5,5,1,2,2,1,2,2,2,2,2,1,2,2,2,2,1,1,2,1,1,1,1,9,1,1,1,1,0,0,0,0,0,0,0,0,0,1,1,0,0,12,0,0,0,1,2,2,1,2,2
2260146,2,0,1,1,0,7,14,0,0,1,0,0,10,10,0,0,1,1,0,0,1,2,2,1,2,2,2,2,2,1,2,2,2,2,1,1,2,1,2,1,1,9,1,1,1,1,0,0,0,0,0,0,0,0,0,1,2,2,0,12,0,0,0,0,3,2,1,2,2
9275426,2,0,1,1,0,5,17,0,0,1,3,3,9,9,1,1,0,0,6,0,1,2,2,1,2,2,2,2,2,1,2,2,2,2,1,1,2,1,2,2,2,1,2,1,1,1,1,1,1,4,4,4,4,4,1,1,9,35,30,1,0,0,7,21,3,5,1,2,1
8222134,2,0,1,1,0,8,15,0,0,1,3,3,2,2,1,1,1,1,4,3,1,1,2,1,2,2,2,1,2,1,2,2,2,2,1,1,2,1,2,1,1,9,1,1,1,1,0,0,0,0,0,0,0,0,0,1,2,0,0,14,0,0,0,1,2,2,1,2,2
7223690,2,0,1,1,0,6,6,0,0,1,1,1,1,1,0,0,0,0,6,6,1,2,2,1,2,2,2,2,2,1,2,2,2,2,1,1,2,1,1,1,1,9,1,1,2,1,0,0,0,0,0,0,0,0,0,1,1,0,0,2,0,0,2,1,2,1,1,2,3
8225152,2,0,1,1,0,10,5,0,0,1,1,1,2,2,1,0,0,0,5,2,1,2,2,1,2,2,2,2,2,1,2,2,2,2,1,1,1,1,2,2,1,9,1,1,1,1,4,4,4,4,4,4,4,4,4,1,2,1,0,2,0,0,0,0,0,1,1,2,3
8082017,2,0,1,1,0,7,31,0,0,1,6,6,6,6,1,1,1,1,12,12,1,2,2,1,2,2,2,2,2,1,2,2,2,2,1,1,2,1,2,2,1,9,1,1,1,1,0,0,0,0,0,0,0,0,0,1,1,1,0,41,0,1,2,1,2,7,1,1,2
2370201,1,0,1,1,0,10,30,0,0,1,12,12,20,20,12,12,12,12,24,0,1,2,2,1,2,2,2,2,2,1,2,2,2,1,1,1,2,1,2,2,1,9,1,1,2,1,0,0,0,0,0,0,0,0,0,1,9,3,0,83,0,30,1,30,3,6,1,2,3
8803069,2,0,1,1,0,32,32,0,0,1,9,9,11,11,1,1,1,1,20,0,1,2,2,1,2,2,2,2,2,1,2,2,2,2,1,1,2,1,2,1,1,9,1,1,2,1,0,0,0,0,0,0,0,0,0,1,9,10,13,59,0,13,2,0,45,2,1,2,1
9708576,2,0,1,1,0,7,10,0,0,1,8,8,12,12,1,1,1,1,5,0,1,2,2,1,2,2,2,2,2,1,2,2,2,2,1,1,2,1,2,2,1,9,1,1,1,1,1,1,1,4,4,4,4,4,1,1,9,1,0,21,0,20,1,9,1,2,1,2,3
7095600,2,0,1,1,0,14,40,0,0,1,0,0,29,29,0,0,3,3,0,32,1,2,2,1,2,2,2,2,2,1,2,2,2,2,1,1,2,1,1,1,1,9,1,1,1,1,1,1,1,1,1,1,1,1,1,1,2,6,0,48,0,43,2,7,43,6,1,2,2
2403166,1,0,1,7,0,4,9,5,1,1,2,2,2,2,1,1,1,1,2,2,1,2,2,1,1,2,2,2,2,1,1,2,2,2,1,1,2,1,2,2,1,9,1,1,1,1,0,0,0,0,0,0,0,0,0,1,1,1,30,6,0,2,0,1,1,1,1,2,3
3923226,1,0,1,1,0,10,7,0,0,1,5,5,5,5,0,0,0,0,3,3,2,2,2,1,2,2,2,2,2,1,2,2,2,2,2,1,2,1,2,2,1,9,1,1,1,1,0,0,0,0,0,0,0,0,0,1,9,2,0,2,0,6,2,4,5,1,1,2,3
1357994,2,0,1,1,0,15,24,0,0,1,11,11,0,0,2,2,0,0,40,0,1,1,1,1,2,2,2,1,1,1,2,2,2,1,1,1,1,1,2,1,1,9,1,1,1,1,0,0,0,0,0,0,0,0,0,1,1,40,3,93,100,24,1,24,24,10,1,2,1
8095227,1,0,1,1,0,9,6,0,0,1,6,6,5,5,1,1,1,1,6,5,1,2,2,1,2,2,2,2,2,1,2,2,2,2,1,1,2,1,2,2,1,9,1,1,1,1,0,0,0,0,0,0,0,0,0,1,9,1,0,1,0,0,0,0,1,1,1,2,3
2295570,1,0,1,1,0,10,22,0,0,1,12,12,20,20,1,1,1,1,18,0,1,2,2,1,2,2,2,2,2,1,2,2,2,2,1,1,2,1,1,1,1,9,2,1,1,1,1,1,1,1,1,1,1,1,1,1,9,65,4,40,0,65,2,31,31,5,1,2,1
4108519,2,0,1,1,0,5,3,0,0,1,2,2,2,2,1,1,1,1,4,2,1,2,2,1,2,2,2,2,2,1,2,2,2,2,1,1,2,1,1,2,2,1,1,1,1,1,0,0,0,0,0,0,0,0,0,1,9,1,1,10,0,1,1,1,1,1,1,2,2
8328147,2,0,10,7,0,10,10,0,0,1,5,5,5,5,3,3,3,3,4,4,1,2,1,1,2,2,2,2,1,1,2,2,2,2,1,1,2,1,2,1,2,1,1,1,1,1,1,1,1,1,1,2,2,2,1,1,9,2,5,10,0,8,1,2,0,2,1,1,1
8246408,2,0,1,1,0,10,20,10,0,1,3,3,3,3,1,0,0,0,10,7,1,2,2,1,1,2,2,2,2,1,1,2,2,2,1,1,2,1,2,1,1,9,1,1,2,1,0,0,0,0,0,0,0,0,0,1,2,0,30,15,0,15,0,1,2,2,1,2,2
6381030,1,0,1,1,0,10,0,22,0,1,5,5,5,5,1,1,1,1,5,5,1,2,1,1,2,2,2,2,1,1,2,2,2,1,1,1,1,1,2,1,1,9,2,1,1,1,0,0,0,0,0,0,0,0,0,1,1,0,15,36,0,0,0,1,1,2,1,2,2
4243548,1,0,1,1,0,2,10,0,0,1,1,1,1,1,4,4,2,2,6,6,1,2,2,1,2,2,2,2,2,1,2,2,2,2,1,1,2,1,2,2,2,1,1,1,1,1,0,0,0,0,0,0,0,0,0,1,9,1,0,1,0,5,1,1,1,1,1,2,3
2465710,2,0,1,1,0,5,10,2,0,1,3,3,3,3,1,1,1,1,6,6,1,2,2,1,2,2,2,2,2,1,2,2,2,2,1,1,2,1,2,2,1,9,1,1,1,1,0,0,0,0,0,0,0,0,0,1,2,0,0,12,0,0,0,0,1,1,1,1,2
9378578,1,0,2,1,0,2,7,0,0,2,3,3,3,3,1,1,1,1,6,6,1,2,2,1,2,2,2,2,2,1,2,2,2,2,1,1,2,1,2,1,1,9,1,1,1,1,2,2,2,2,4,4,4,4,2,2,9,0,0,9,0,0,0,1,1,1,1,2,3
2861096,1,0,1,5,0,6,6,0,0,1,2,2,2,2,2,2,2,2,2,2,1,2,2,1,2,2,2,2,2,1,2,2,2,2,1,1,2,1,1,1,2,1,1,1,1,1,0,0,0,0,0,0,0,0,0,1,2,0,0,4,0,4,1,1,1,1,1,2,3
8053179,1,0,2,1,0,9,36,0,0,1,5,4,5,4,1,1,1,1,0,0,1,2,2,1,2,2,2,2,2,1,2,2,2,2,1,1,2,1,2,1,1,9,1,1,1,1,1,1,1,4,4,4,4,4,1,1,2,2,413,60,0,0,2,1,1,5,1,2,2
8637726,1,0,1,1,0,9,8,0,0,1,11,11,17,17,1,1,1,1,0,0,1,2,2,1,2,2,2,2,2,1,2,2,2,2,1,1,2,1,2,2,1,9,2,1,1,1,0,0,0,0,0,0,0,0,0,1,2,2,5,7,0,7,1,1,1,1,1,1,2
5959788,2,0,1,5,0,8,16,0,0,1,3,3,3,3,3,3,3,3,4,4,1,2,2,1,2,2,2,2,2,1,2,2,2,2,1,1,2,1,2,2,2,1,1,1,1,1,1,1,1,4,4,4,4,4,1,1,9,5,0,21,0,0,2,0,2,3,1,1,3
5149374,2,0,1,1,0,14,14,0,0,1,6,6,5,5,1,1,1,1,10,4,1,2,2,1,2,2,2,2,2,1,2,2,2,2,1,1,1,1,1,1,1,9,1,1,2,1,0,0,0,0,0,0,0,0,0,1,9,1,0,12,0,6,0,0,6,2,1,2,2
1681253,1,0,1,1,0,6,7,2,1,1,3,3,3,3,1,1,1,1,6,3,1,2,2,1,2,2,2,2,2,1,2,2,2,2,1,1,2,1,1,1,1,9,1,1,1,2,0,0,0,0,0,0,0,0,0,1,1,1,0,12,0,0,2,1,1,2,1,1,2
8719166,1,0,1,1,0,5,12,0,0,1,2,2,2,2,1,1,1,1,3,3,1,2,2,1,2,2,2,2,2,1,2,2,2,2,1,1,2,1,2,2,2,1,1,1,1,1,0,0,0,0,0,0,0,0,0,1,1,2,15,12,0,0,0,0,4,2,1,1,2
5531437,2,0,1,1,0,5,6,0,0,1,2,2,1,1,1,1,1,1,2,0,1,2,2,1,2,2,2,2,2,1,2,2,2,2,1,1,2,1,1,1,1,9,1,1,1,1,0,0,0,0,0,0,0,0,0,1,9,0,0,6,0,0,0,0,1,3,1,2,3
4816091,2,0,1,1,0,5,10,0,0,1,6,6,0,0,2,2,0,0,6,0,1,2,2,1,2,2,2,2,2,1,2,2,2,2,1,1,1,1,1,2,1,9,1,1,1,1,0,0,0,0,0,0,0,0,0,1,1,0,0,40,0,2,1,1,1,2,1,2,3
4234729,2,0,1,1,0,6,14,0,0,1,12,12,9,9,6,6,6,6,27,0,1,2,2,1,2,2,2,2,2,1,2,2,2,2,1,1,1,1,2,2,1,9,1,1,2,1,0,0,0,0,0,0,0,0,0,1,9,1,0,34,0,30,1,15,1,4,1,2,2
7785384,1,0,1,1,0,24,24,0,0,1,10,10,23,23,10,10,21,21,46,7,1,2,2,1,2,2,2,2,2,1,2,2,2,2,1,1,2,1,2,1,1,9,1,1,1,1,0,0,0,0,0,0,0,0,0,1,9,2,2,48,0,0,1,0,26,4,1,1,3
5055837,1,0,1,1,0,12,12,0,0,1,2,2,2,2,1,1,0,0,1,2,1,2,1,1,1,2,2,2,1,1,1,2,2,1,1,1,1,1,1,1,1,9,2,1,1,1,2,2,2,3,3,3,3,3,2,1,2,1,1,12,0,0,1,0,1,1,1,2,2
8314296,1,0,1,1,0,8,19,0,0,1,5,5,5,5,1,1,1,1,5,5,1,2,2,1,2,2,2,2,2,1,2,2,2,2,1,1,2,1,2,2,1,9,1,1,1,1,1,1,1,4,4,4,4,4,1,1,9,0,0,25,0,0,1,0,1,3,1,2,2
6807115,1,0,1,1,0,17,13,0,0,1,3,3,3,3,1,1,1,1,10,4,1,2,2,1,2,2,2,2,2,1,2,2,2,2,2,1,2,1,2,2,2,1,1,1,1,1,0,0,0,0,0,0,0,0,0,1,9,0,2,25,0,2,2,1,4,3,1,2,2
1152309,1,0,1,1,0,9,11,0,0,1,12,12,12,12,3,3,3,3,12,12,1,1,2,1,2,2,1,1,2,1,2,2,1,1,1,1,2,1,1,1,1,9,1,1,1,1,0,0,0,0,0,0,0,0,0,1,9,0,0,4,0,11,0,11,11,2,1,2,3
6434917,1,0,1,1,0,6,7,0,0,1,3,3,3,3,1,1,1,1,3,3,1,2,2,1,2,2,2,2,2,1,2,2,2,2,1,1,2,1,2,1,1,9,1,1,1,1,4,4,4,4,4,4,4,4,1,1,1,0,0,1,0,0,1,0,1,1,1,2,2
3099901,2,0,1,1,0,6,1,0,0,1,3,3,3,3,1,1,1,1,3,3,1,2,2,1,2,2,2,2,2,1,2,2,2,2,1,1,2,1,2,1,1,9,1,1,1,1,0,0,0,0,0,0,0,0,0,1,9,3,0,6,0,0,0,0,1,1,1,2,3
4904254,1,0,20,1,0,18,20,0,0,1,6,6,6,6,1,1,1,1,6,6,1,2,1,1,2,2,2,2,1,1,2,2,2,2,1,1,2,1,1,1,1,9,1,1,1,1,1,1,1,3,3,3,3,3,2,1,1,0,30,40,0,2,1,1,2,4,1,1,3
6694053,2,0,1,1,0,2,2,0,0,2,3,3,7,5,0,0,1,1,1,0,1,2,2,1,2,2,2,2,2,1,2,2,2,2,1,1,2,1,2,1,1,9,1,1,1,1,0,0,0,0,0,0,0,0,0,1,2,1,0,13,0,0,0,0,1,1,1,2,2
1193571,2,0,1,1,0,5,5,0,0,2,1,1,1,1,1,1,0,0,5,3,2,2,2,1,2,2,2,2,2,1,2,2,2,2,1,1,2,1,2,2,1,9,2,1,1,1,0,0,0,0,0,0,0,0,0,2,2,1,0,1,0,0,0,0,1,1,1,2,3
9150873,2,0,1,1,0,2,7,0,0,1,3,3,4,4,1,1,1,1,9,4,1,2,2,1,2,2,2,2,2,1,2,2,2,2,2,1,2,1,2,2,1,9,2,1,1,1,4,4,4,4,4,4,4,4,4,2,2,1,0,0,0,0,0,0,1,1,1,2,2
5122773,2,0,1,1,0,8,40,0,0,1,11,11,11,11,1,1,1,1,14,14,1,2,2,1,2,2,2,2,2,1,2,2,2,2,1,1,2,1,2,2,1,9,1,1,1,1,0,0,0,0,0,0,0,0,0,1,9,70,0,80,0,0,2,40,43,5,1,2,3
6106815,1,0,3,1,0,22,22,0,0,1,3,3,3,3,1,1,1,1,1,0,1,2,2,1,2,2,2,2,2,1,2,2,2,2,1,1,2,1,2,2,2,1,1,1,1,1,1,1,1,4,4,1,4,4,1,1,9,0,0,15,0,15,0,0,1,3,1,2,2
1938172,2,0,1,1,0,8,2,0,0,1,4,4,4,4,0,0,0,0,0,0,1,2,2,1,2,2,2,2,2,1,2,2,2,2,1,1,2,1,1,1,1,9,2,1,1,1,0,0,0,0,0,0,0,0,0,1,9,1,0,5,0,4,1,4,4,1,1,2,3
3077665,1,0,1,1,0,16,10,0,0,1,5,5,4,4,1,1,1,1,6,0,1,2,2,1,2,2,2,2,2,1,2,2,2,2,1,1,2,1,2,2,1,9,1,1,2,1,1,1,1,3,3,3,3,3,1,1,9,40,0,40,0,40,0,0,6,2,1,2,1
4376148,2,0,1,1,0,6,6,0,0,1,8,8,7,7,1,1,1,1,7,6,1,2,2,1,2,2,2,2,2,1,2,2,2,2,1,1,2,1,1,1,1,9,1,1,2,1,0,0,0,0,0,0,0,0,0,1,1,0,0,11,0,1,1,0,1,1,1,2,2
6170152,1,0,1,1,0,7,22,0,0,1,5,5,5,5,2,2,2,2,20,20,1,2,2,1,2,2,1,2,2,1,2,2,1,2,1,1,3,1,2,1,1,9,2,1,1,1,0,0,0,0,0,0,0,0,0,1,9,0,0,20,0,0,1,3,4,3,1,2,3
6170707,2,0,1,1,0,6,12,0,0,1,5,5,5,5,1,1,1,1,8,8,1,2,2,1,2,2,2,2,2,1,2,2,2,2,1,1,2,1,1,1,1,9,1,1,1,1,0,0,0,0,0,0,0,0,0,1,1,2,0,28,0,12,0,12,2,4,1,1,3
3122967,1,0,1,1,0,7,3,0,0,1,1,1,2,2,1,1,1,1,3,0,1,2,2,1,2,2,2,2,2,1,2,2,2,2,1,1,1,1,2,2,1,9,1,1,1,1,4,4,4,4,4,4,4,4,1,1,9,2,0,3,0,3,0,0,10,5,1,2,2
5101606,1,0,3,1,0,10,10,0,0,1,10,10,10,10,10,10,10,10,5,5,1,2,2,1,2,2,2,2,2,1,2,2,2,2,1,1,2,1,1,1,1,9,1,1,1,1,0,0,0,0,0,0,0,0,0,1,9,0,0,1,0,0,1,0,1,2,1,2,2
9927326,1,0,2,1,0,4,10,0,0,2,4,4,4,4,1,1,1,1,4,4,1,2,2,1,2,2,2,2,2,1,2,2,2,2,1,1,1,1,1,2,1,9,1,1,1,1,3,3,3,3,3,3,3,3,1,1,1,0,0,10,0,10,1,0,1,1,1,2,3
7296914,1,0,1,1,0,17,17,0,0,1,4,4,4,4,4,4,4,4,4,4,1,2,2,1,2,2,2,2,2,1,2,2,2,2,1,1,1,1,1,1,1,9,1,1,2,1,0,0,0,0,0,0,0,0,0,1,2,2,0,13,0,0,2,1,1,3,1,2,1
9617352,1,0,1,1,0,7,4,0,0,1,6,6,6,6,1,1,1,1,4,4,2,2,2,1,1,2,2,2,2,1,1,2,2,2,2,1,2,1,1,1,1,9,2,1,1,1,4,4,4,4,4,4,4,4,4,1,9,1,2,20,0,5,1,0,1,4,1,2,3
4114045,2,0,1,1,0,1,3,0,0,1,3,3,3,3,1,1,1,1,4,4,1,2,2,1,2,2,2,2,2,1,2,2,2,2,1,1,2,1,1,2,1,9,2,1,2,1,4,4,4,4,4,4,4,4,1,2,2,1,0,10,0,0,0,0,1,2,1,2,3
4203033,1,0,1,1,0,5,12,0,0,1,10,10,24,24,3,3,13,13,12,0,1,2,2,1,2,2,2,2,2,1,2,2,2,2,1,1,2,1,2,2,1,9,2,1,2,1,0,0,0,0,0,0,0,0,0,1,9,4,0,25,0,0,0,0,1,2,1,2,3
9106318,2,0,1,1,0,12,8,0,0,1,2,1,2,2,1,1,1,1,1,3,1,2,2,1,2,2,2,2,2,1,2,2,2,2,2,1,2,1,2,2,1,9,1,1,1,1,1,1,1,3,3,3,3,3,1,1,9,0,0,48,0,0,0,1,1,2,1,2,3
4719901,2,0,1,1,0,6,16,0,0,1,5,5,3,3,1,1,1,1,7,3,1,1,2,1,2,2,2,1,2,1,2,2,2,2,1,1,2,1,1,1,2,1,1,1,2,1,1,1,1,4,4,4,3,4,4,1,1,2,0,28,0,22,1,2,2,6,1,1,3
7831672,1,0,1,7,0,2,6,0,0,1,2,2,2,2,1,1,0,0,1,1,1,2,2,1,2,2,2,2,2,1,2,2,2,2,1,1,2,1,2,1,1,9,1,1,1,1,4,4,4,4,4,4,4,4,4,2,9,2,0,1,0,0,1,1,1,1,1,2,2
3128520,2,0,1,1,0,12,36,0,0,1,9,9,18,18,3,3,3,3,45,54,1,2,2,1,2,2,2,2,2,1,2,2,2,2,1,1,2,1,1,2,1,9,1,1,1,1,1,1,1,4,4,4,4,4,4,1,2,1,0,24,0,0,1,0,24,3,1,2,3
9773977,1,0,1,1,0,2,3,0,0,1,2,2,2,2,1,1,1,1,2,2,1,2,2,1,1,2,2,2,2,1,1,2,2,2,1,1,2,1,2,2,1,9,2,1,1,1,0,0,0,0,0,0,0,0,0,2,9,0,0,1,0,0,0,0,0,0,1,2,3
2456198,2,0,1,1,0,2,5,0,0,1,5,5,5,5,1,1,1,1,5,5,1,2,2,1,2,2,2,2,2,1,2,2,2,1,1,1,2,1,2,1,1,9,1,1,1,1,4,4,4,4,4,4,4,4,4,2,2,1,0,2,0,0,0,0,1,1,1,2,3
9451373,1,0,1,1,0,12,16,0,0,1,8,8,16,16,1,1,1,1,12,0,1,2,2,1,2,2,2,2,2,1,2,2,2,2,1,1,2,1,2,2,1,9,1,1,1,1,1,1,1,1,1,3,3,3,4,1,9,60,2,39,0,0,1,25,32,8,1,2,2
9883401,2,0,1,1,0,12,28,0,0,1,15,15,18,18,1,1,1,1,15,18,1,1,1,1,2,2,2,1,1,1,2,2,2,1,1,1,1,1,1,1,1,9,1,1,1,1,1,1,1,1,3,3,3,3,1,1,2,2,0,65,580,24,1,24,28,7,1,1,2
4157352,2,0,1,1,0,7,11,0,0,1,9,9,11,11,1,1,1,1,4,4,1,2,2,1,2,2,2,2,2,1,2,2,2,2,1,1,2,1,2,1,1,9,1,1,1,1,0,0,0,0,0,0,0,0,0,1,9,0,0,20,0,0,1,4,4,2,1,2,2
7757172,3,0,2,1,0,15,32,0,0,1,18,18,18,18,1,1,1,1,12,12,1,2,2,1,2,2,2,2,2,1,2,2,2,1,1,1,2,1,2,2,1,9,2,1,1,1,1,1,1,4,4,4,4,4,1,1,1,1,0,76,0,0,0,0,2,10,1,2,1
4173596,1,0,1,1,0,8,13,0,0,1,2,2,2,2,6,6,6,6,8,0,1,2,2,1,2,2,2,2,2,1,2,2,2,2,1,1,2,1,2,2,1,9,1,1,1,1,4,4,4,4,4,4,4,4,4,1,9,0,0,64,0,0,1,13,3,2,1,2,3
2861465,1,0,1,1,0,15,15,0,0,1,2,2,2,2,1,1,1,1,6,6,1,2,2,1,2,2,2,2,2,1,2,2,2,2,1,1,2,1,1,1,1,9,1,1,1,1,0,0,0,0,0,0,0,0,0,1,1,0,1,15,0,0,1,4,2,7,1,2,2
3481106,2,0,1,1,0,26,24,0,0,1,20,20,20,20,1,1,0,0,16,0,1,2,2,1,2,2,1,2,2,1,2,2,1,1,1,1,2,1,1,1,1,9,1,1,1,1,1,1,1,1,1,1,1,1,1,1,9,150,180,50,500,24,1,27,15,15,1,2,1
5900251,2,0,1,1,0,2,6,0,0,1,1,1,1,1,1,1,1,1,2,2,1,2,2,1,2,2,2,2,2,1,2,2,2,1,1,1,2,1,2,2,1,9,2,1,1,1,0,0,0,0,0,0,0,0,0,2,2,0,0,1,0,0,0,0,0,1,1,2,3
3773057,1,0,1,1,0,14,28,0,0,1,5,5,5,5,2,2,1,1,7,6,1,2,1,1,2,2,2,2,1,1,2,2,2,2,1,1,2,1,1,1,1,9,2,1,1,1,4,4,4,4,4,4,4,4,1,1,9,3,0,105,0,0,1,28,30,18,1,2,1
4899460,2,0,0,1,0,6,0,10,6,1,5,5,6,6,1,1,0,0,11,13,1,2,2,1,2,2,2,2,2,1,2,2,2,2,1,1,2,1,2,2,2,1,1,1,1,1,1,1,1,2,2,4,4,4,4,1,1,0,0,12,0,2,0,0,12,2,1,2,3
6645380,1,0,1,1,0,42,42,0,0,1,16,16,30,30,1,1,1,1,44,46,1,2,2,1,2,2,2,2,2,1,2,2,2,2,1,1,2,1,2,1,1,9,1,1,1,1,0,0,0,0,0,0,0,0,0,1,9,153,1,81,0,0,4,3,14,7,1,1,1
4912669,1,0,1,1,0,8,13,0,0,1,12,12,0,0,1,1,0,0,7,0,1,2,2,1,2,2,2,2,2,1,2,2,2,2,1,1,2,1,1,1,2,1,1,1,1,1,2,2,2,3,3,3,3,3,3,1,2,1,0,15,0,0,0,0,1,2,1,2,3
7966270,2,0,1,1,0,5,0,3,0,2,2,2,1,1,1,1,1,1,5,0,1,2,2,1,2,2,2,2,2,1,2,2,2,2,1,1,2,1,2,1,1,9,1,1,2,1,0,0,0,0,0,0,0,0,0,1,1,0,0,17,0,10,2,0,4,4,1,2,3
7451350,1,0,1,1,0,19,12,0,0,1,12,12,16,16,1,1,1,1,12,10,1,2,2,1,1,2,2,2,2,1,1,2,2,2,1,1,3,1,1,1,1,9,1,1,1,1,0,0,0,0,0,0,0,0,0,1,9,3,0,44,8,2,1,0,8,5,1,1,1
5542882,1,0,21,1,0,31,32,0,0,1,5,5,5,5,1,1,1,1,6,6,1,2,2,1,2,2,2,2,2,1,2,2,2,2,1,1,2,1,2,2,1,9,1,1,1,1,1,1,1,1,2,1,2,1,1,1,9,5,0,40,500,0,0,6,6,3,1,2,3
5086384,2,0,1,1,0,11,11,0,0,1,4,4,4,4,1,1,1,1,4,4,1,2,2,1,2,2,2,2,2,1,2,2,2,2,1,1,2,1,1,2,2,1,1,1,2,1,0,0,0,0,0,0,0,0,0,1,2,8,8,12,0,2,2,0,1,2,1,2,2
3408318,2,0,1,1,0,4,11,0,0,1,6,6,0,0,1,1,0,0,7,0,1,2,2,1,2,2,2,2,2,1,2,2,2,2,1,1,1,1,1,2,2,1,1,1,1,1,0,0,0,0,0,0,0,0,0,2,2,1,0,4,0,0,1,0,0,1,1,2,3
7664886,2,0,1,1,0,12,12,0,0,1,2,2,2,2,1,1,1,1,2,2,1,2,2,1,2,2,2,2,2,1,2,2,2,2,1,1,2,1,1,1,1,9,1,1,1,1,0,0,0,0,0,0,0,0,0,1,1,0,0,20,0,1,1,2,2,4,1,2,2
2306705,1,0,1,1,0,26,26,0,0,1,20,20,20,20,20,20,20,20,25,25,1,2,2,1,2,2,2,2,2,1,2,2,2,2,1,1,2,1,2,2,1,9,2,1,2,1,1,1,1,2,2,2,2,2,3,1,9,3,0,45,475,20,1,15,3,4,1,1,3
5541010,2,0,1,1,0,0,3,0,0,2,3,3,4,4,1,1,0,0,5,4,1,2,2,1,2,2,2,2,2,1,2,2,2,1,1,1,2,1,2,2,1,9,2,1,1,1,0,0,0,0,0,0,0,0,0,2,2,1,0,2,0,0,1,0,1,1,1,2,3
3899645,2,0,2,1,0,6,10,0,0,1,6,6,7,7,1,1,0,0,2,0,1,2,2,1,2,2,2,2,2,1,2,2,2,2,1,1,2,1,2,2,1,9,1,1,1,1,0,0,0,0,0,0,0,0,0,1,9,3,0,1,0,7,1,7,8,2,1,2,3
6206138,2,0,1,1,0,4,10,0,0,1,8,8,7,7,1,1,1,1,6,6,1,2,1,1,2,2,2,2,1,1,2,2,2,2,1,1,2,1,2,1,1,9,1,1,1,1,0,0,0,0,0,0,0,0,0,1,9,2,0,17,0,0,0,4,4,2,1,2,3
6612978,2,0,1,1,0,3,6,0,0,1,2,2,5,5,0,0,0,0,10,5,1,2,2,1,2,2,2,2,2,1,2,2,2,2,1,1,2,1,1,2,2,1,1,1,1,1,0,0,0,0,0,0,0,0,0,2,2,0,0,10,0,0,1,0,1,1,1,2,3
8137289,2,0,1,1,0,5,24,0,0,1,16,16,10,10,1,1,0,0,16,10,1,2,2,1,2,2,2,2,2,1,2,2,2,2,1,1,2,1,2,1,1,9,1,1,1,1,0,0,0,0,0,0,0,0,0,1,1,1,0,11,0,11,3,1,1,1,1,1,3
2599665,1,0,1,1,0,40,40,0,0,1,48,48,48,48,2,2,2,2,24,24,1,2,2,1,2,2,2,2,2,1,2,2,2,1,1,1,2,1,2,1,1,9,1,1,2,1,1,1,1,1,4,4,4,4,1,2,9,50,20,60,0,24,1,5,24,6,1,2,2
6154054,1,0,1,1,0,3,10,0,0,1,2,2,2,2,1,1,1,1,0,0,1,2,2,1,2,2,2,2,2,1,2,2,2,2,1,1,2,1,2,2,2,1,1,2,9,1,0,0,0,0,0,0,0,0,0,2,9,1,2,1,0,0,0,0,1,1,1,2,3
9544874,2,0,1,1,0,5,9,1,0,1,4,4,4,4,1,1,1,1,2,1,1,2,2,1,2,2,1,2,2,1,2,2,1,2,1,1,2,1,2,1,2,1,1,1,1,1,0,0,0,0,0,0,0,0,0,1,9,1,0,30,0,29,1,13,13,4,1,2,2
2553414,2,0,1,1,0,7,5,0,0,1,3,3,3,3,1,1,1,1,4,4,1,2,2,1,2,2,2,2,2,1,2,2,2,2,1,1,2,1,2,2,1,9,1,1,2,1,3,3,3,1,1,3,3,3,3,1,9,3,0,30,0,0,1,0,1,2,1,2,3
1634868,1,0,1,1,0,14,5,0,0,1,0,0,1,1,0,0,2,2,0,3,1,2,2,1,2,2,2,2,2,1,2,2,2,2,1,1,1,1,2,1,1,9,2,1,2,1,1,1,1,1,4,4,4,4,4,2,2,4,0,1,0,0,1,0,0,1,1,2,2
2240578,1,0,1,1,0,9,24,0,0,1,5,5,5,5,1,1,1,1,10,10,1,2,2,1,2,2,2,2,2,1,2,2,2,1,1,1,1,1,1,1,1,9,2,1,1,1,1,1,1,1,1,1,4,1,1,1,2,2,0,20,0,20,0,0,3,10,1,1,3
3071187,2,0,1,1,0,3,6,0,0,1,4,4,4,4,2,2,2,2,10,10,1,2,1,1,2,2,2,2,1,1,2,2,2,2,1,1,2,1,1,1,1,9,1,1,1,1,0,0,0,0,0,0,0,0,0,2,9,4,0,4,0,0,1,1,2,2,1,2,1
3432780,1,0,1,1,0,11,12,0,0,1,5,5,5,5,1,1,1,1,12,10,1,2,2,1,2,2,2,2,2,1,2,2,2,2,1,1,2,1,2,2,1,9,1,1,2,1,0,0,0,0,0,0,0,0,0,1,9,1,0,18,0,2,0,2,3,2,1,2,3
2611777,1,0,1,1,0,10,20,0,0,1,6,6,14,14,2,2,2,2,16,3,1,2,2,1,2,2,2,2,2,1,2,2,2,2,1,1,2,1,2,2,1,9,2,1,1,1,1,1,1,4,4,4,4,4,1,1,9,0,0,38,0,0,1,8,9,5,1,1,2
7154110,2,0,1,1,0,6,6,0,0,1,6,6,3,3,1,1,3,3,7,4,1,2,2,1,2,2,2,2,2,1,2,2,2,2,1,1,2,1,1,1,1,9,1,1,1,1,0,0,0,0,0,0,0,0,0,1,2,1,30,2,15,0,0,0,1,1,1,2,2
7354094,2,0,1,1,0,5,18,0,0,1,3,3,4,4,0,0,1,1,4,4,1,2,2,1,2,2,2,2,2,1,2,2,2,2,1,1,2,1,1,2,1,9,1,1,1,1,0,0,0,0,0,0,0,0,0,1,1,2,169,20,0,18,0,1,2,3,1,2,3
3957144,1,0,1,1,0,6,6,0,0,1,2,2,2,2,1,1,1,1,2,3,1,2,2,1,2,2,2,2,2,1,2,2,2,2,1,1,2,1,2,1,1,9,2,1,1,1,0,0,0,0,0,0,0,0,0,1,2,4,0,15,0,4,0,0,4,3,1,2,3
2421154,1,0,1,1,0,8,10,0,0,1,6,6,6,6,0,0,0,0,6,6,1,2,2,1,2,2,2,2,2,1,2,2,2,2,1,1,2,1,2,1,2,1,1,2,9,1,0,0,0,0,0,0,0,0,0,1,9,1,0,40,0,0,1,12,4,4,1,2,3
2340409,2,0,1,1,0,6,8,0,2,1,4,4,2,2,0,0,0,0,4,2,1,2,2,1,2,2,2,2,2,1,2,2,2,2,1,1,2,1,2,2,1,9,2,1,1,1,1,1,1,3,1,3,3,3,2,1,9,0,0,6,0,0,0,0,1,2,1,2,3
8358001,1,0,2,3,0,8,6,2,0,1,2,2,4,4,1,1,1,1,2,4,1,2,2,1,2,2,2,2,2,1,2,2,2,2,1,1,2,1,1,2,1,9,1,1,1,1,0,0,0,0,0,0,0,0,0,1,1,0,0,1,0,0,0,1,1,1,1,1,2
5024839,1,0,1,1,0,5,8,0,0,1,5,5,5,5,1,1,1,1,6,6,1,2,2,1,2,2,2,2,2,1,2,2,2,2,1,1,2,1,1,1,1,9,1,1,1,1,0,0,0,0,0,0,0,0,0,1,9,1,0,48,0,5,1,8,8,1,1,2,3
5299697,1,0,1,1,0,14,10,0,0,1,6,6,12,12,1,1,1,1,9,0,1,2,2,1,2,2,2,2,2,1,2,2,2,1,1,1,2,1,2,1,1,9,1,1,1,1,0,0,0,0,0,0,0,0,0,1,9,4,0,54,0,54,1,0,4,5,1,2,3
1583537,1,0,1,1,0,5,19,0,0,1,3,3,2,2,1,1,1,1,4,4,1,2,2,1,2,2,2,2,2,1,2,2,2,2,1,1,2,1,1,1,1,9,2,1,1,1,4,4,4,4,4,4,4,4,4,1,9,1,1,15,0,2,1,4,2,3,1,2,3
7676919,1,0,1,1,0,8,6,0,0,1,3,3,2,1,1,1,1,1,4,2,1,2,2,1,2,2,2,2,2,1,2,2,2,2,1,1,3,1,2,2,2,1,1,1,2,1,0,0,0,0,0,0,0,0,0,1,9,0,0,14,0,0,2,0,5,2,1,2,2
6837066,2,0,1,1,0,10,10,0,0,1,4,4,3,3,1,1,1,1,7,5,1,2,2,1,2,2,2,2,2,1,2,2,2,2,1,1,2,1,2,2,1,9,2,1,2,1,0,0,0,0,0,0,0,0,0,1,1,1,0,17,0,0,0,0,2,3,1,2,3
6966497,1,0,1,1,0,18,22,0,0,1,4,4,6,6,1,1,1,1,4,0,1,2,2,1,2,2,2,2,2,1,2,2,2,2,1,1,2,1,2,2,1,9,1,1,2,1,1,1,1,3,3,3,3,2,1,1,9,33,17,60,0,60,1,0,33,5,1,2,2
1787782,1,0,1,1,0,9,14,0,0,1,7,7,7,7,1,1,1,1,13,0,1,1,2,1,1,2,2,2,2,1,1,2,2,2,1,1,2,1,1,1,1,9,1,1,2,1,1,1,1,4,4,4,4,3,1,1,9,3,0,64,0,50,2,14,14,3,1,1,2
2690736,2,0,1,1,0,5,28,0,0,1,6,6,6,6,0,0,0,0,10,8,1,2,2,1,2,2,2,2,2,1,2,2,2,2,1,1,2,1,2,2,1,9,2,1,1,1,0,0,0,0,0,0,0,0,0,1,9,1,0,18,0,0,0,0,3,3,1,2,2
9258275,1,0,0,1,0,6,6,0,0,1,2,2,2,2,1,1,1,1,10,10,1,2,2,1,2,2,2,2,2,1,2,2,2,2,1,1,2,1,2,1,1,9,1,1,1,1,0,0,0,0,0,0,0,0,0,1,2,0,0,5,0,0,0,0,1,1,1,2,3
2404096,1,0,1,1,0,8,6,0,0,1,2,2,2,2,1,1,1,1,15,5,1,2,2,1,2,2,2,2,2,1,2,2,2,2,1,1,2,1,1,1,1,9,1,1,1,1,0,0,0,0,0,0,0,0,0,1,1,2,0,15,0,2,1,1,3,2,1,1,2
2786080,1,0,1,1,0,12,64,0,0,1,12,12,12,12,6,6,6,6,40,40,1,2,2,1,2,2,2,2,2,1,2,2,2,1,1,1,1,1,2,2,1,9,1,1,1,1,1,1,1,4,1,4,4,4,1,1,9,4,0,104,200,64,4,64,64,15,1,1,1
9670297,1,0,1,1,0,7,18,0,0,1,5,5,5,5,1,1,1,1,4,4,1,2,2,1,2,2,2,2,2,1,2,2,2,1,1,1,1,1,2,2,1,9,1,1,1,1,3,3,3,3,3,3,3,3,1,1,1,2,1,20,0,2,1,1,1,2,1,2,3
9516563,1,0,1,1,0,10,43,0,0,1,6,6,6,6,1,1,1,1,6,2,1,2,2,1,2,2,2,2,2,1,2,2,2,2,1,1,2,1,2,2,1,9,2,1,1,1,1,1,1,4,4,4,2,1,1,1,9,14,0,142,0,0,0,0,39,8,1,2,2
2295199,1,0,1,1,0,2,6,0,0,1,1,1,1,1,1,1,1,1,2,2,1,2,2,1,2,2,2,2,2,1,2,2,2,2,1,1,2,1,2,2,2,1,1,1,1,1,0,0,0,0,0,0,0,0,0,1,9,0,0,10,0,3,1,0,1,2,1,2,3
4577277,1,0,1,1,0,16,20,0,0,1,28,28,18,18,1,1,0,0,4,4,1,2,1,1,2,2,2,2,1,1,2,2,2,2,1,1,2,1,2,2,1,9,1,1,1,1,0,0,0,0,0,0,0,0,0,1,9,11,0,61,0,0,0,0,23,7,1,2,2
4934129,2,0,1,6,0,3,5,0,0,1,2,2,2,2,0,0,0,0,2,2,1,2,2,1,2,2,2,2,2,1,2,2,2,2,1,1,3,1,2,2,2,1,1,1,2,1,0,0,0,0,0,0,0,0,0,1,9,1,0,12,0,1,2,0,1,2,1,2,2
6945235,2,0,1,1,0,3,0,3,0,1,3,3,3,3,1,1,1,1,3,3,1,2,2,1,2,2,2,2,2,1,2,2,2,1,1,1,2,1,2,2,1,9,1,1,1,1,0,0,0,0,0,0,0,0,0,2,2,1,0,0,0,0,0,0,1,0,1,2,2
3234428,1,0,3,1,0,22,22,0,0,1,0,0,2,2,0,0,1,1,0,0,1,2,2,1,2,2,2,2,2,1,2,2,2,2,1,1,2,1,2,2,2,1,1,1,1,1,0,0,0,0,0,0,0,0,0,1,9,0,0,15,0,15,0,0,1,3,1,2,2
6297037,1,0,1,1,0,18,109,0,0,1,30,30,30,30,7,7,7,7,35,36,1,2,2,1,2,2,2,2,2,1,2,2,2,1,1,1,2,1,1,1,1,9,1,1,1,1,0,0,0,0,0,0,0,0,0,1,9,10,0,42,0,0,1,6,12,4,1,2,1
5570183,1,0,1,1,0,5,4,0,0,1,1,1,1,1,1,1,1,1,2,2,1,2,2,1,2,2,2,2,2,1,2,2,2,2,1,1,2,1,2,2,1,9,2,1,1,1,0,0,0,0,0,0,0,0,0,2,2,1,0,25,0,0,1,0,3,1,1,2,2
4798555,1,0,1,1,0,7,6,0,0,1,12,12,12,12,0,0,0,0,12,12,1,2,2,1,1,2,2,2,2,1,1,2,2,2,1,1,2,1,2,2,1,9,2,1,2,1,1,1,1,1,3,3,3,3,3,1,9,0,0,20,0,1,0,0,1,2,1,2,3
3023498,1,0,1,1,0,10,29,0,0,1,4,4,4,4,1,1,1,1,3,3,1,2,2,1,1,2,1,2,2,1,1,2,1,1,1,1,2,1,1,1,1,9,1,1,2,1,4,4,4,1,1,1,4,1,4,1,9,2,0,18,0,0,2,0,2,3,1,2,3
5553781,1,0,1,1,0,7,8,0,0,2,4,4,5,5,1,1,1,1,6,6,1,2,2,1,2,2,2,2,2,1,2,2,2,2,1,1,2,1,2,2,1,9,1,1,2,1,4,1,1,1,1,4,4,4,1,1,9,1,0,21,0,0,1,8,1,4,1,2,2
2858508,2,0,1,1,0,5,3,0,0,1,2,2,2,2,0,0,0,0,2,2,1,2,2,1,2,2,2,2,2,1,2,2,2,2,1,1,2,1,2,2,1,9,1,1,1,1,0,0,0,0,0,0,0,0,0,2,9,2,0,3,0,0,0,0,1,2,1,2,2
4975489,1,0,1,1,0,8,19,0,0,1,3,3,2,2,1,1,1,1,4,3,1,2,2,1,2,2,2,2,2,1,2,2,2,2,1,1,2,1,1,1,1,9,1,1,1,1,4,4,4,4,4,4,4,4,1,1,9,1,0,25,0,0,0,0,1,2,1,1,3
5046992,1,0,1,1,0,13,4,0,0,1,6,6,9,9,1,1,1,1,8,0,1,2,2,1,2,2,2,2,2,1,2,2,2,2,1,1,2,1,2,2,1,9,1,1,1,1,4,4,4,4,4,4,4,4,1,1,9,1,0,37,0,20,2,0,12,4,1,1,1
2369998,2,0,1,1,0,7,12,0,0,1,10,10,10,10,0,0,5,5,15,15,1,2,2,1,2,2,2,2,2,1,2,2,2,2,1,1,2,1,2,2,1,9,1,1,1,1,0,0,0,0,0,0,0,0,0,1,1,2,0,21,0,21,1,13,13,2,1,2,2
7273163,1,0,1,7,0,5,6,0,0,1,3,3,3,3,1,0,1,1,1,1,1,2,2,1,2,2,2,2,2,1,2,2,2,2,1,1,2,1,2,2,1,9,1,1,1,1,0,0,0,0,0,0,0,0,0,1,9,2,0,8,0,0,1,1,2,2,1,2,2
7697088,2,0,1,1,0,14,21,0,0,1,11,11,9,9,1,1,3,3,6,3,1,2,2,1,2,2,2,2,2,1,2,2,2,2,1,1,2,1,2,1,1,9,1,1,2,1,2,2,2,2,2,2,3,3,1,1,1,9,0,31,0,31,0,1,6,6,1,1,2
5591724,2,0,1,1,0,7,6,0,0,1,4,4,4,4,1,1,1,1,6,4,1,2,1,1,2,2,2,2,1,1,2,2,2,2,1,1,2,1,1,1,2,1,1,1,1,1,0,0,0,0,0,0,0,0,0,1,2,0,0,13,0,0,0,0,2,1,1,2,2
8231992,2,0,2,1,0,8,21,0,0,1,2,2,2,2,1,1,1,1,10,10,1,2,2,1,2,2,2,2,2,1,2,2,2,2,1,1,2,1,2,2,1,9,1,1,1,1,1,1,1,4,4,4,4,4,1,1,1,0,0,59,17,55,1,17,17,4,1,2,3
8996919,1,0,1,1,0,12,26,0,0,1,20,20,11,11,2,2,2,2,18,11,1,2,2,1,2,2,2,2,2,1,2,2,2,1,1,1,1,1,2,2,1,9,1,1,1,1,1,1,1,4,4,4,4,4,1,1,9,5,1,152,0,2,1,21,15,12,1,1,2
8581257,1,0,0,1,0,6,0,16,0,1,22,22,4,4,0,0,0,0,22,4,1,2,2,1,2,2,2,2,2,1,2,2,2,2,2,1,2,1,2,2,2,1,2,1,1,1,3,3,3,4,4,3,4,4,4,1,2,2,0,80,0,0,3,0,5,5,1,2,2
2565129,1,0,1,1,0,12,6,0,0,1,8,8,8,8,2,2,2,2,14,10,1,2,2,1,1,2,2,2,2,1,1,2,2,2,1,1,1,1,2,2,1,9,1,1,1,1,1,1,1,3,3,3,3,3,1,1,1,1,0,21,0,4,1,0,1,4,1,2,3
3567487,1,0,1,1,0,10,4,0,0,1,5,5,6,6,1,0,0,0,10,6,1,2,2,1,2,2,2,2,2,1,2,2,2,2,1,1,2,1,2,1,1,9,1,1,1,1,0,0,0,0,0,0,0,0,0,1,9,20,10,5,0,4,1,4,2,2,1,1,1
4840123,1,0,1,1,0,7,18,0,0,1,8,8,8,8,0,0,0,0,8,8,1,2,2,1,2,2,2,2,2,1,2,2,2,2,1,1,2,1,1,1,1,9,2,1,1,1,0,0,0,0,0,0,0,0,0,1,2,1,0,15,0,0,0,0,6,2,1,2,2
2197885,2,0,12,1,0,7,12,0,0,1,3,3,3,3,0,0,0,0,3,3,1,2,2,1,2,2,2,2,2,1,2,2,2,2,1,1,2,1,1,1,1,9,1,1,2,1,2,2,2,2,2,2,4,4,3,2,9,2,1,2,0,1,0,0,0,1,1,2,2
6735048,2,0,1,1,0,16,16,0,0,1,1,1,1,1,1,1,1,1,8,8,1,2,2,1,2,2,2,2,2,1,2,2,2,2,1,1,2,1,2,2,1,9,1,1,2,1,4,4,4,4,4,4,4,4,2,1,1,0,0,5,0,0,0,0,5,2,1,2,3
3610850,2,0,2,6,0,4,6,6,0,1,2,2,2,2,0,0,0,0,2,2,1,2,2,1,2,2,2,2,2,1,2,2,2,2,1,1,2,1,2,2,2,1,1,1,2,1,1,1,1,1,4,4,4,4,4,2,9,2,1,10,0,0,0,0,1,1,1,1,3
4212357,2,0,1,1,0,9,24,0,0,1,23,23,11,11,1,1,1,1,24,12,1,2,2,1,2,2,2,2,2,1,2,2,2,2,1,1,1,1,2,2,1,9,1,1,1,1,0,0,0,0,0,0,0,0,0,1,9,1,0,60,0,0,0,0,9,5,1,2,2
2030957,2,0,1,1,0,6,10,0,0,1,2,2,3,3,0,0,1,1,4,4,1,2,2,1,2,2,2,2,2,1,2,2,2,2,1,1,2,1,2,2,2,1,1,1,1,1,0,0,0,0,0,0,0,0,0,1,9,20,0,17,0,0,0,0,10,3,1,2,3
1397644,2,0,1,7,0,8,8,0,0,1,2,2,2,2,1,1,1,1,3,3,1,2,2,1,2,2,2,2,2,1,2,2,2,2,2,1,2,1,1,1,1,9,1,1,1,1,0,0,0,0,0,0,0,0,0,1,2,0,17,14,0,2,0,2,1,2,1,1,3
5781185,2,0,1,1,0,16,13,0,0,1,8,8,8,8,1,1,0,0,24,12,1,2,2,1,2,2,2,2,2,1,2,2,2,1,1,1,2,1,1,1,1,9,1,1,1,1,4,4,4,4,4,4,4,4,4,1,1,1,0,12,0,1,1,16,6,3,1,2,2
5315682,2,0,1,1,0,5,12,0,0,1,4,4,4,4,1,1,0,0,2,2,1,2,2,1,2,2,2,2,2,1,2,2,2,2,1,1,2,1,2,2,1,9,1,1,1,1,0,0,0,0,0,0,0,0,0,1,2,5,10,12,0,12,0,2,2,2,1,2,2
3983411,1,0,1,8,0,3,8,0,0,1,2,2,2,2,1,1,1,1,8,8,1,2,2,1,2,2,2,2,2,1,2,2,2,2,2,1,2,1,2,2,2,1,2,1,2,1,4,4,4,4,4,4,4,4,4,2,9,2,0,10,0,0,1,0,1,2,1,2,3
4208005,2,0,1,1,0,4,9,0,0,1,8,8,5,3,1,1,0,0,4,4,1,2,2,1,2,2,2,2,2,1,2,2,2,2,2,1,1,1,1,2,1,9,2,1,2,1,0,0,0,0,0,0,0,0,0,1,2,0,0,12,0,0,0,0,0,2,1,2,2
1615403,1,0,2,1,0,7,13,0,0,1,3,2,3,3,1,1,0,0,4,5,1,2,2,1,2,2,2,2,2,1,2,2,2,2,1,1,2,1,2,1,1,9,2,1,1,1,4,4,4,2,2,2,4,4,4,2,2,0,0,30,0,0,0,0,1,2,1,2,2
4663401,2,0,1,1,0,6,9,0,0,1,0,0,14,12,0,0,4,4,0,14,1,2,2,1,2,2,2,2,2,1,2,2,2,3,1,1,1,1,1,1,1,9,1,1,1,1,0,0,0,0,0,0,0,0,0,1,1,3,54,2,0,1,0,1,3,1,1,2,3
6292584,1,0,1,1,0,7,18,0,0,1,9,9,9,9,1,1,1,1,10,10,1,2,2,1,2,2,2,2,2,1,2,2,2,2,1,1,2,1,1,1,1,9,1,1,1,1,1,1,1,1,1,4,4,4,1,2,2,9,0,36,0,0,1,0,8,36,1,1,2
2746464,2,0,1,1,0,3,5,0,0,2,2,2,2,2,1,1,1,1,4,1,1,2,2,1,2,2,2,2,2,1,2,2,2,2,1,1,2,1,2,2,1,9,1,1,1,1,4,4,4,4,4,4,4,4,4,2,2,1,0,2,0,0,0,0,0,0,1,2,2
3019424,2,0,1,1,0,10,16,0,0,1,6,6,6,6,1,1,0,0,6,6,1,2,2,1,2,2,2,2,2,1,2,2,2,2,1,1,2,1,2,1,1,9,2,1,1,1,0,0,0,0,0,0,0,0,0,1,2,1,0,26,0,0,1,0,6,2,1,2,3
3419683,1,0,1,1,0,9,20,0,0,1,4,4,4,4,2,2,2,2,6,6,1,2,2,1,2,2,2,2,2,1,2,2,2,2,1,1,2,1,1,1,1,9,2,1,1,1,0,0,0,0,0,0,0,0,0,1,9,4,0,36,0,0,0,0,1,4,1,2,1
1105893,2,0,2,1,0,8,18,0,0,1,14,14,15,15,1,1,1,1,29,29,1,2,2,1,2,2,2,2,2,1,2,2,2,2,1,1,2,1,2,2,1,9,1,1,1,1,0,0,0,0,0,0,0,0,0,1,2,3,0,50,0,0,0,18,1,5,1,2,2
4048933,1,0,1,1,0,6,6,0,0,1,2,2,3,3,1,1,1,1,2,3,1,2,2,1,2,2,2,2,2,1,2,2,2,2,1,1,2,1,2,2,1,9,2,1,2,1,0,0,0,0,0,0,0,0,0,1,9,0,0,6,0,0,0,0,0,1,1,2,3
9117703,1,0,2,1,0,15,26,0,0,1,13,13,17,17,1,1,1,1,0,0,1,1,2,1,1,2,2,1,2,1,1,2,2,2,1,1,2,1,2,1,1,9,1,1,1,1,0,0,0,0,0,0,0,0,0,1,9,3,20,108,214,0,1,26,30,6,1,2,1
6540353,2,0,1,1,0,3,6,0,0,1,2,2,6,6,0,0,1,1,9,7,1,2,2,1,2,2,2,2,2,1,2,2,2,2,1,1,2,1,2,2,1,9,1,1,2,1,0,0,0,0,0,0,0,0,0,1,9,1,0,1,0,0,0,2,6,1,1,2,3
4556205,2,0,1,1,0,9,18,0,0,1,0,0,32,32,0,0,3,3,0,0,1,2,2,1,2,2,2,2,2,1,2,2,2,1,1,1,3,1,1,1,1,9,2,1,1,1,0,0,0,0,0,0,0,0,0,2,2,13,0,37,0,12,1,12,14,5,1,1,2
3360596,2,0,1,1,0,8,18,0,0,1,8,8,8,8,2,2,2,2,10,10,1,2,2,1,2,2,2,2,2,1,2,2,2,2,1,1,2,1,2,1,1,9,1,1,2,1,0,0,0,0,0,0,0,0,0,2,9,1,1,51,0,45,1,18,18,4,1,2,3
1083387,1,0,1,1,0,7,43,0,0,1,15,15,20,20,1,1,1,1,15,20,1,2,2,1,2,2,2,2,2,1,2,2,2,2,1,1,1,1,2,2,1,9,1,1,1,1,0,0,0,0,0,0,0,0,0,1,9,4,0,32,0,4,2,39,2,12,1,2,1
8895956,1,0,1,1,0,7,14,0,0,1,4,4,4,4,1,1,1,1,8,8,1,2,2,1,2,2,2,2,2,1,2,2,2,2,1,1,2,1,1,1,1,9,1,1,2,1,1,1,1,4,4,4,4,4,1,1,9,0,0,15,0,0,0,0,1,4,1,2,2
5708583,2,0,3,1,0,12,57,0,0,1,20,20,12,12,1,1,1,1,60,40,2,2,2,1,2,2,2,2,2,1,2,2,2,2,1,1,1,1,1,1,1,9,1,1,2,1,1,1,1,1,1,1,4,4,4,1,1,10,2,60,0,47,1,47,1,16,1,1,3
5494437,2,0,1,1,0,12,33,0,0,1,6,6,6,6,1,1,0,0,9,4,1,2,2,1,2,2,2,2,2,1,2,2,2,2,1,1,2,1,2,1,1,9,2,1,1,1,1,1,1,1,4,4,4,4,4,2,2,0,0,36,0,36,1,0,1,4,1,2,2
6100135,2,0,1,1,0,5,9,0,0,1,0,0,8,8,0,0,1,1,0,0,1,2,2,1,2,2,2,2,2,1,2,2,2,2,1,1,2,1,2,2,1,9,1,1,2,1,0,0,0,0,0,0,0,0,0,1,2,0,0,2,0,0,0,9,7,2,1,1,3
2201741,1,0,1,1,0,36,30,0,0,1,12,12,21,21,2,2,3,3,21,0,1,2,2,1,1,2,2,2,2,1,1,2,2,1,1,1,2,1,2,2,1,9,1,1,1,1,0,0,0,0,0,0,0,0,0,1,9,30,0,90,0,30,1,0,20,9,1,2,3
1346120,1,0,4,1,0,48,50,0,0,1,60,60,50,50,3,3,3,3,63,53,1,2,2,1,2,2,2,2,2,1,2,2,2,2,1,1,1,1,2,1,1,9,1,1,1,1,1,1,1,1,1,1,3,1,1,1,9,10,100,120,0,46,4,50,10,10,1,1,1
4059822,2,0,1,1,0,4,3,0,0,2,2,2,2,2,0,0,0,0,2,2,1,2,2,1,2,2,1,2,2,1,2,2,1,2,1,1,2,1,2,2,1,9,2,1,2,1,0,0,0,0,0,0,0,0,0,1,9,0,0,4,0,0,0,0,0,1,1,2,3
2176293,2,0,3,1,0,6,6,2,0,1,3,3,4,3,1,1,1,1,6,4,1,2,2,1,2,2,2,2,2,1,2,2,2,2,1,1,2,1,1,1,1,9,1,1,1,1,0,0,0,0,0,0,0,0,0,1,1,0,30,11,30,11,1,1,1,1,1,1,2
7462321,2,0,1,1,0,10,32,0,0,1,22,22,13,13,1,1,5,5,16,4,1,2,2,1,2,2,2,2,2,1,2,2,2,2,1,1,1,1,2,2,1,9,1,1,1,1,0,0,0,0,0,0,0,0,0,1,2,1,0,34,0,0,2,32,2,5,1,2,2
4056320,2,0,1,1,0,6,5,2,1,1,0,0,13,13,0,0,1,1,0,14,1,2,2,1,2,2,2,2,2,1,2,2,2,1,1,1,2,1,1,1,2,1,1,1,1,1,0,0,0,0,0,0,0,0,0,1,1,1,0,1,0,5,0,0,1,2,1,2,2
7460595,2,0,1,1,0,8,10,0,0,1,4,4,3,3,2,2,2,2,6,5,1,2,2,1,2,2,2,2,2,1,2,2,2,2,1,1,2,1,2,2,1,9,1,1,1,1,1,1,1,1,1,1,3,3,1,1,9,1,1,25,0,1,1,2,3,3,1,2,2
8697773,2,0,1,1,0,8,8,0,0,1,8,8,6,6,1,1,1,1,12,2,1,2,2,1,2,2,2,2,2,1,2,2,2,2,1,1,2,1,1,1,1,9,1,1,1,1,0,0,0,0,0,0,0,0,0,1,2,1,3,30,0,2,2,1,2,6,1,2,2
9655648,2,0,1,1,0,5,6,0,0,1,0,0,7,7,0,0,1,1,0,0,1,2,2,1,2,2,2,2,2,1,2,2,2,2,1,1,1,1,2,2,1,9,1,1,1,1,0,0,0,0,0,0,0,0,0,1,9,1,0,23,0,6,1,0,8,2,1,2,3
9638556,1,0,2,1,0,13,11,0,0,1,8,8,16,16,1,1,1,1,20,16,1,2,2,1,2,2,2,2,2,1,2,2,2,2,1,1,1,1,2,1,1,9,2,1,1,1,1,1,1,4,4,4,4,4,1,1,2,13,0,232,1500,0,2,7,16,13,1,2,3
9073452,1,0,2,1,0,24,24,0,0,1,23,23,11,11,1,1,1,1,23,11,1,2,2,1,2,2,2,2,2,1,2,2,2,2,1,1,2,1,2,2,1,9,1,1,1,1,0,0,0,0,0,0,0,0,0,1,9,2,0,31,500,20,2,20,21,5,1,1,2
7591123,2,0,1,1,0,8,22,0,0,1,5,5,5,5,1,1,1,1,15,15,1,2,2,1,2,2,2,2,2,1,2,2,2,2,1,1,2,1,2,2,1,9,1,1,1,1,0,0,0,0,0,0,0,0,0,1,9,4,0,74,0,0,2,23,2,3,1,2,3
2178034,1,0,1,1,0,6,21,0,0,1,2,2,3,3,2,2,1,1,6,4,1,2,2,1,2,2,2,2,2,1,2,2,2,2,1,1,2,1,2,1,1,9,1,1,1,1,0,0,0,0,0,0,0,0,0,1,9,3,0,26,0,20,1,1,8,3,1,2,2
5572683,1,0,1,1,0,8,18,0,0,1,15,15,0,0,1,1,0,0,16,0,1,2,2,1,2,2,2,2,2,1,2,2,2,2,1,1,2,1,2,1,1,9,1,1,1,1,1,1,1,4,4,4,4,4,1,2,2,0,0,52,0,0,1,0,1,1,1,2,2
6042327,1,0,1,1,0,28,37,0,0,1,30,30,30,30,6,6,6,6,54,0,1,2,2,1,2,2,1,2,2,1,2,2,1,2,1,1,1,1,2,1,1,9,1,1,2,1,0,0,0,0,0,0,0,0,0,1,9,30,65,24,200,0,1,0,35,10,1,2,2
6417929,1,0,1,1,0,8,12,0,0,1,10,10,10,10,1,1,1,1,5,0,1,2,2,1,2,2,2,2,2,1,2,2,2,2,1,1,2,1,2,1,1,9,1,1,1,1,0,0,0,0,0,0,0,0,0,1,9,1,0,25,0,14,1,14,1,3,1,1,1
3924898,1,0,1,1,0,4,10,0,0,1,4,4,2,2,1,1,0,0,8,4,1,2,2,1,2,2,2,2,2,1,2,2,2,2,1,1,2,1,2,1,1,9,2,1,2,1,4,4,4,4,4,4,4,4,1,1,9,0,4,21,0,1,1,0,2,4,1,2,3
8272848,1,0,1,1,0,5,6,0,0,1,4,4,4,4,1,1,1,1,4,4,1,2,2,1,2,2,2,2,2,1,2,2,2,2,1,1,2,1,2,1,1,9,1,1,1,1,0,0,0,0,0,0,0,0,0,1,9,1,0,25,0,0,1,3,3,5,1,1,2
9975056,2,0,1,1,0,7,12,0,0,1,10,10,10,10,1,1,1,1,6,6,1,2,2,1,2,2,2,2,2,1,2,2,2,2,1,1,2,1,2,2,1,9,2,1,2,1,1,1,1,4,4,4,4,4,4,1,9,1,0,10,0,0,0,0,1,2,1,2,3
8687506,2,0,1,1,0,7,12,0,0,1,6,6,6,6,1,1,1,1,6,7,1,2,2,1,2,2,2,2,2,1,2,2,2,2,1,1,2,1,2,2,2,1,1,1,1,1,4,4,1,4,4,4,4,4,1,2,2,3,5,20,5,0,1,2,4,1,1,2,2
2479489,2,0,1,1,0,2,6,0,0,1,4,4,4,4,1,1,0,0,4,4,1,2,2,1,2,2,2,2,2,1,2,2,2,1,1,1,2,1,2,2,1,9,2,1,1,1,4,4,4,4,4,4,4,4,4,2,2,1,0,0,0,0,0,0,0,1,1,2,3
3010693,2,0,1,1,0,4,17,0,0,1,2,2,5,5,1,1,1,1,11,0,1,2,2,1,2,2,2,2,2,1,2,2,2,2,1,1,2,1,1,2,1,9,1,1,1,1,0,0,0,0,0,0,0,0,0,2,2,0,0,20,0,0,0,17,18,3,1,2,2
4806440,1,0,1,1,0,12,6,0,0,1,18,18,36,36,6,6,6,6,60,0,1,2,2,2,2,2,1,2,2,2,2,2,1,2,1,1,2,1,1,1,1,9,2,1,2,1,0,0,0,0,0,0,0,0,0,2,9,146,258,18,500,0,10,12,1,11,1,2,1
8057326,2,0,1,1,0,10,16,0,0,1,3,3,3,3,1,1,1,1,5,5,1,2,2,1,2,2,2,2,2,1,2,2,2,1,1,1,2,1,1,1,1,9,1,1,1,1,1,1,1,3,3,3,3,3,1,1,9,0,0,60,0,50,1,0,1,4,1,2,3
4028545,1,0,1,1,0,8,6,0,0,1,5,5,5,5,1,1,1,1,5,5,1,2,2,1,2,2,2,2,2,1,2,2,2,2,1,1,2,1,2,1,1,9,2,1,1,1,0,0,0,0,0,0,0,0,0,1,9,1,0,15,0,0,2,0,2,2,1,1,3
6789140,1,0,1,1,0,5,17,0,0,1,4,4,6,6,1,1,0,0,4,6,1,2,2,1,2,2,2,2,2,1,2,2,2,2,1,1,2,1,1,1,1,9,1,1,1,1,0,0,0,0,0,0,0,0,0,1,1,0,0,15,0,2,1,1,20,3,1,2,3
8512495,2,0,1,1,0,5,5,0,0,1,4,4,2,2,2,2,2,2,6,2,1,2,2,1,2,2,1,2,2,1,2,2,1,2,1,1,2,1,2,2,1,9,1,1,1,1,4,4,4,4,4,4,4,4,4,2,2,0,0,1,0,0,0,0,0,1,1,2,3
1916086,2,0,1,1,0,1,3,0,0,1,3,3,2,2,1,1,1,1,3,2,1,2,2,1,2,2,2,2,2,1,2,2,2,2,1,1,2,1,2,2,1,9,2,1,1,1,0,0,0,0,0,0,0,0,0,2,2,1,0,0,0,0,0,0,0,0,1,2,3
5990930,1,0,1,1,0,14,48,0,0,1,42,42,41,41,1,1,1,1,56,41,1,2,2,1,2,2,1,2,2,1,2,2,1,2,1,1,2,1,2,1,1,9,1,1,1,1,1,1,1,4,4,4,4,4,1,1,9,3,0,24,0,19,1,2,2,2,1,2,3
9858451,2,0,1,1,0,5,11,0,0,1,6,6,6,6,1,1,1,1,10,0,1,2,2,1,1,2,2,2,2,1,1,2,2,2,1,1,2,1,1,1,1,9,2,1,2,1,0,0,0,0,0,0,0,0,0,1,9,3,0,33,0,0,0,1,1,2,1,1,2
4401435,1,0,1,1,0,5,2,0,0,1,1,1,1,1,1,1,1,1,4,2,1,2,2,1,2,2,1,2,2,1,2,2,1,2,1,1,2,1,1,2,1,9,1,1,1,1,0,0,0,0,0,0,0,0,0,2,2,0,0,2,0,0,0,0,1,1,1,2,3
6412386,2,0,1,1,0,2,3,2,0,1,3,3,3,3,3,3,3,3,6,3,1,2,2,1,2,2,2,2,2,1,2,2,2,2,1,1,2,1,2,2,1,9,1,1,1,1,0,0,0,0,0,0,0,0,0,2,2,0,0,1,0,0,0,0,0,0,1,2,3
3853373,1,0,1,1,0,20,55,0,0,1,34,34,25,25,8,8,9,9,52,0,1,2,1,1,2,2,2,2,1,1,2,2,2,2,1,1,1,1,1,1,1,9,2,1,2,1,1,1,1,4,4,4,4,4,1,1,9,2,0,500,0,0,1,0,2,5,1,1,2
5523516,2,0,0,3,0,5,0,10,0,1,6,6,6,6,0,0,1,1,4,4,1,2,2,1,2,2,2,2,2,1,2,2,2,1,1,1,2,1,2,2,2,1,2,1,1,1,0,0,0,0,0,0,0,0,0,1,2,1,0,2,0,1,0,0,1,1,1,2,2
4129170,1,0,1,1,0,13,17,0,0,1,18,18,21,21,2,2,2,2,12,12,1,2,2,1,2,2,2,2,2,1,2,2,2,1,1,1,1,1,1,1,1,9,2,1,1,1,1,1,1,1,1,4,4,1,1,1,1,25,2,342,500,0,2,3,30,40,1,1,3
4159300,1,0,1,5,0,5,8,0,0,1,3,3,2,2,1,1,1,1,8,8,2,2,2,1,2,2,2,2,2,1,2,2,2,2,2,1,2,1,2,1,2,1,1,1,1,1,0,0,0,0,0,0,0,0,0,1,1,0,0,20,0,0,1,1,2,3,1,2,2
1589117,1,0,2,1,0,6,14,0,0,1,4,4,4,4,1,1,1,1,4,4,1,2,2,1,1,2,2,2,2,1,1,2,2,2,2,1,2,1,2,1,1,9,2,1,1,1,0,0,0,0,0,0,0,0,0,1,9,0,0,10,0,0,1,0,1,1,1,2,2
1263824,2,0,1,6,0,11,40,0,0,1,0,0,5,5,0,0,1,1,0,0,1,2,2,1,2,2,2,2,2,1,2,2,2,2,1,1,2,1,1,1,2,1,1,1,1,1,2,2,2,4,2,2,3,2,1,1,9,1,0,134,0,45,0,0,3,3,1,2,3
8112205,2,0,1,1,0,4,12,0,0,1,5,5,5,5,2,2,2,2,14,14,1,2,2,1,2,2,2,2,2,1,2,2,2,2,1,1,1,1,1,1,1,9,2,1,2,1,2,2,2,4,4,4,4,4,4,2,9,0,0,25,0,0,2,4,4,2,1,2,1
3922423,2,0,1,1,0,5,5,0,0,1,5,5,5,5,1,1,1,1,5,5,1,2,2,1,2,2,2,2,2,1,2,2,2,2,1,1,3,1,2,2,1,9,1,2,9,1,0,0,0,0,0,0,0,0,0,2,2,3,0,2,0,1,0,1,1,1,1,2,2
2740486,1,0,1,1,0,7,18,0,0,1,1,1,1,1,2,2,2,2,2,2,1,2,2,1,2,2,2,2,2,1,2,2,2,2,1,1,2,1,1,1,1,9,1,1,1,1,0,0,0,0,0,0,0,0,0,1,9,6,0,12,0,0,0,1,1,4,1,1,3
7388367,1,0,1,1,0,6,9,0,0,2,10,10,9,9,1,1,1,1,6,6,1,2,2,1,2,2,2,2,2,1,2,2,2,2,1,1,2,1,2,1,1,9,1,1,1,1,0,0,0,0,0,0,0,0,0,1,9,1,0,20,0,1,0,2,2,2,1,2,3
1443315,1,0,1,1,0,7,12,0,0,1,12,12,15,15,1,1,1,1,5,0,1,2,2,1,2,2,2,2,2,1,2,2,2,2,2,1,2,1,2,2,2,1,1,1,2,1,0,0,0,0,0,0,0,0,0,1,9,1,0,33,0,0,1,0,1,2,1,2,3
9172179,2,0,0,5,0,7,2,0,0,1,5,5,3,3,1,1,1,1,4,4,1,2,2,1,2,2,2,2,2,1,2,2,2,2,1,1,2,1,1,1,2,1,1,1,1,1,0,0,0,0,0,0,0,0,0,2,9,1,0,22,0,0,0,0,2,2,1,2,3
6193670,2,0,1,1,0,7,12,0,0,1,12,12,7,7,1,1,1,1,18,7,1,2,2,1,2,2,2,2,2,1,2,2,2,2,1,1,2,1,2,1,1,9,1,1,1,1,1,1,1,4,4,4,4,4,4,1,1,0,0,50,0,13,1,13,13,3,1,2,2
3722598,1,0,1,1,0,11,11,0,0,1,15,15,15,15,1,1,1,1,15,15,1,2,2,1,2,2,2,2,2,1,2,2,2,2,1,1,1,1,2,2,1,9,2,1,1,1,0,0,0,0,0,0,0,0,0,1,9,3,0,82,0,4,2,34,34,12,1,2,1
6529656,2,0,1,1,0,11,25,0,0,1,12,12,12,12,0,0,0,0,5,5,1,2,2,1,2,2,2,2,2,1,2,2,2,2,1,1,2,1,2,1,1,9,2,1,2,1,1,1,1,1,4,4,4,4,1,1,9,70,0,10,0,1,2,5,3,2,1,1,1
9127132,2,0,1,1,0,4,3,0,0,1,1,1,1,1,1,1,1,1,3,3,1,2,2,1,2,2,2,2,2,1,2,2,2,2,1,1,2,1,2,2,1,9,2,1,1,1,0,0,0,0,0,0,0,0,0,2,2,0,0,1,0,0,0,0,0,1,1,2,2
1676857,1,0,1,1,0,10,12,0,0,1,7,7,7,7,1,1,1,1,3,3,1,2,2,1,2,2,2,2,2,1,2,2,2,1,1,1,1,1,1,1,1,9,2,1,1,1,1,1,1,4,4,4,4,4,1,1,9,12,0,30,0,0,1,12,1,2,1,2,3
1850421,2,0,1,1,0,5,6,0,0,2,2,2,2,2,1,1,1,1,2,0,1,2,2,1,2,2,2,2,2,1,2,2,2,2,1,1,2,1,2,2,1,9,1,1,1,1,0,0,0,0,0,0,0,0,0,1,1,5,2,1,0,1,1,1,1,1,1,2,3
8217019,1,0,1,1,0,6,13,0,0,1,7,7,7,7,1,1,1,1,8,0,1,2,2,1,2,2,2,2,2,1,2,2,2,2,1,1,2,1,2,2,1,9,1,1,2,1,0,0,0,0,0,0,0,0,0,2,9,4,0,31,0,0,0,0,16,3,1,1,3
6989939,1,0,4,1,0,12,23,0,0,1,2,2,2,2,2,1,2,1,3,3,1,2,2,1,2,2,1,2,2,1,2,2,1,2,1,1,2,1,2,1,1,9,1,1,1,1,2,2,2,2,3,2,3,2,3,1,9,2,0,8,0,0,1,0,2,4,1,2,3
6977125,1,0,1,1,0,11,10,0,0,1,4,4,4,4,1,1,1,1,4,0,1,2,2,1,2,2,2,2,2,1,2,2,2,2,1,1,2,1,2,2,2,1,1,1,1,1,0,0,0,0,0,0,0,0,0,2,9,0,6,4,0,2,1,0,1,2,1,2,2
6887269,1,0,1,1,0,8,23,0,0,1,19,19,25,25,5,5,5,5,20,20,1,2,1,1,2,2,2,2,1,1,2,2,2,2,1,1,2,1,2,2,1,9,1,1,1,1,1,1,1,1,1,1,4,4,4,1,9,0,0,14,0,50,0,0,24,6,1,2,1
3460074,2,0,1,1,0,7,7,0,0,2,1,1,1,1,0,0,0,0,3,3,1,2,1,1,2,2,2,2,1,1,2,2,2,2,1,1,2,1,2,2,1,9,2,1,1,1,4,4,4,4,4,4,4,4,4,2,2,1,0,1,0,0,0,0,1,1,1,2,3
1591297,2,0,1,1,0,26,26,0,0,1,11,11,15,15,11,11,15,15,10,15,1,2,2,1,2,2,2,2,2,1,2,2,2,1,1,1,2,1,2,2,1,9,2,1,1,1,1,1,1,1,1,3,3,1,1,1,9,3,2,40,0,0,1,3,26,2,1,2,2
3350090,2,0,1,1,0,4,20,0,0,1,6,6,4,4,1,1,0,0,3,0,1,2,2,1,2,2,2,2,2,1,2,2,2,2,1,1,2,1,2,2,1,9,1,1,1,1,4,4,4,4,4,4,4,4,4,1,9,2,3,22,0,0,2,20,20,4,1,2,2
4098885,1,0,1,1,0,6,14,0,0,1,3,3,3,3,1,1,1,1,3,2,1,2,2,1,2,2,2,2,2,1,2,2,2,2,1,1,2,1,1,1,1,9,1,1,1,1,0,0,0,0,0,0,0,0,0,1,2,0,0,25,0,3,0,0,2,3,1,2,3
9818627,1,0,1,1,0,9,12,0,0,1,3,3,4,4,2,2,3,3,7,2,1,2,2,1,2,2,2,2,2,1,2,2,2,2,1,1,1,1,2,1,1,9,1,1,2,1,0,0,0,0,0,0,0,0,0,1,9,1,0,4,0,25,2,1,1,1,1,2,3
1583446,2,0,1,1,0,10,24,0,0,1,8,8,8,8,1,1,1,1,8,8,1,2,2,1,2,2,2,2,2,1,2,2,2,2,1,1,2,1,2,1,1,9,1,1,1,1,1,1,1,2,4,2,4,4,1,1,1,1,0,30,0,6,2,18,7,6,1,2,3
1927981,2,0,1,1,0,5,3,0,0,1,2,2,1,1,1,1,1,1,1,1,1,2,2,1,2,2,2,2,2,1,2,2,2,2,1,1,1,1,2,2,1,9,1,1,1,1,0,0,0,0,0,0,0,0,0,1,9,1,4,5,5,4,1,1,1,1,1,1,2
9350807,1,0,1,1,0,28,53,0,0,1,24,24,32,32,0,0,0,0,32,0,1,2,2,1,2,2,2,2,2,1,2,2,2,2,1,1,2,1,2,2,1,9,1,1,2,1,0,0,0,0,0,0,0,0,0,1,9,50,0,123,0,56,2,0,50,5,1,2,3
2606914,2,0,1,1,0,8,28,0,0,1,12,12,12,12,1,1,1,1,9,9,1,1,1,1,2,2,2,1,1,1,2,2,2,1,1,1,2,1,2,1,1,9,1,1,1,1,1,1,1,2,4,4,4,4,1,1,1,1,0,10,0,0,0,18,18,2,1,2,3
1229423,2,0,2,1,0,11,5,6,0,1,4,4,5,5,1,1,1,1,9,4,1,2,2,1,2,2,2,2,2,1,2,2,2,1,1,1,2,1,2,2,1,9,1,1,1,1,4,4,4,4,4,4,4,4,4,1,2,0,0,12,0,0,1,0,1,1,1,2,3
2125038,2,0,1,1,0,7,4,0,0,1,3,3,3,3,1,1,1,0,3,3,1,2,2,1,2,2,2,2,2,1,2,2,2,2,1,1,2,1,2,1,1,9,1,1,2,1,1,1,4,4,4,4,4,4,4,2,9,0,0,2,0,0,0,0,0,1,1,2,3
9837348,1,0,1,1,0,9,19,0,0,1,5,5,5,5,4,4,2,2,11,2,1,2,2,1,2,2,2,2,2,1,2,2,2,2,1,1,2,1,2,2,1,9,1,1,1,1,0,0,0,0,0,0,0,0,0,1,1,0,0,32,0,0,1,1,2,3,1,2,3
2482599,1,0,2,1,0,3,9,0,0,1,1,1,1,1,1,1,1,1,1,1,1,2,2,1,2,2,1,2,2,1,2,2,1,2,1,1,2,1,1,1,1,9,1,1,1,1,0,0,0,0,0,0,0,0,0,1,9,0,0,4,0,4,0,4,1,1,1,2,3
5950054,1,0,1,1,0,12,16,0,0,1,29,29,29,29,1,1,1,1,15,15,1,2,2,1,2,2,2,2,2,1,2,2,2,2,1,1,2,1,2,2,1,9,2,1,1,1,0,0,0,0,0,0,0,0,0,1,9,0,0,25,0,0,0,0,1,4,1,2,2
2106628,1,0,1,1,0,9,2,0,0,1,0,0,2,2,0,0,0,0,0,2,1,2,2,1,2,2,2,2,2,1,2,2,2,2,1,1,2,1,1,1,1,9,2,1,1,1,4,1,1,4,1,4,1,4,4,2,2,1,0,1,0,0,0,1,2,1,1,2,3
3057591,1,0,1,1,0,8,18,0,0,1,8,8,2,2,0,0,1,1,8,4,1,2,2,1,2,2,2,2,2,1,2,2,2,2,1,1,2,1,2,1,1,9,1,1,2,1,2,2,2,4,4,4,4,4,4,1,9,0,15,35,0,0,0,1,1,3,1,2,3
9394125,2,0,1,1,0,5,7,0,0,1,3,3,3,3,1,1,1,1,4,4,1,2,2,1,2,2,2,2,2,1,2,2,2,2,1,1,2,1,2,1,1,9,1,1,2,1,0,0,0,0,0,0,0,0,0,1,1,1,12,20,0,30,1,1,10,2,1,2,2
8047546,1,0,1,1,0,10,18,0,0,1,8,8,11,11,2,2,2,2,11,2,1,2,2,1,2,2,2,2,2,1,2,2,2,2,1,1,2,1,2,1,1,9,1,1,1,1,0,0,0,0,0,0,0,0,0,1,9,4,0,50,0,18,1,18,18,7,1,1,3
1770346,1,0,1,3,0,6,10,0,0,1,2,2,2,2,0,0,0,0,0,0,1,2,2,1,2,2,2,2,2,1,2,2,2,2,1,1,2,1,1,1,1,9,2,2,9,1,0,0,0,0,0,0,0,0,0,1,9,1,0,8,0,0,0,0,1,1,1,2,3
9772203,2,0,1,1,0,4,4,0,0,1,6,6,6,6,6,6,6,6,4,3,1,2,2,1,2,2,2,2,2,1,2,2,2,1,1,1,1,1,2,2,1,9,1,1,1,1,0,0,0,0,0,0,0,0,0,1,1,0,0,1,0,0,0,0,0,0,1,2,3
1947905,3,0,2,1,0,16,16,0,0,1,11,11,11,11,1,1,1,1,10,1,1,1,1,1,2,2,2,1,1,1,2,2,2,2,1,1,2,1,1,1,1,9,1,1,1,1,1,1,1,1,1,4,4,1,1,1,1,4,0,150,500,0,1,2,10,10,1,2,3
2949508,2,0,1,1,0,9,24,0,0,1,19,19,22,22,1,1,1,1,19,22,1,2,2,1,2,2,2,2,2,1,2,2,2,3,1,1,1,1,1,1,1,9,2,1,1,1,0,0,0,0,0,0,0,0,0,1,1,1,0,34,0,0,0,0,24,3,1,1,3
9444111,1,0,1,1,0,58,58,0,0,1,5,5,4,4,2,2,1,1,10,8,1,2,2,1,2,2,2,2,2,1,2,2,2,2,1,1,2,1,2,1,1,9,1,1,1,1,0,0,0,0,0,0,0,0,0,1,1,1,0,42,0,1,1,1,1,6,1,1,3
9016906,1,0,1,1,0,12,12,0,0,1,2,2,2,2,1,1,1,1,2,2,1,2,2,1,2,2,2,2,2,1,2,2,2,2,1,1,2,1,2,1,1,9,1,1,1,1,4,2,2,4,3,4,4,4,2,2,2,2,0,2,0,0,0,1,2,2,1,2,2
6153138,2,0,1,1,0,8,10,8,0,1,0,0,17,17,0,0,4,4,0,17,1,2,2,1,2,2,2,2,2,1,2,2,2,2,1,1,2,1,2,2,1,9,1,1,1,1,0,0,0,0,0,0,0,0,0,1,2,1,0,30,0,0,0,22,24,2,1,2,2
3709666,3,0,1,1,0,16,41,0,0,1,15,15,36,36,1,1,1,1,20,0,1,2,2,1,2,2,2,2,2,1,2,2,2,2,1,1,2,1,2,1,1,9,1,1,1,1,1,1,1,1,1,1,4,4,1,1,1,40,0,130,350,10,1,15,26,12,1,1,1
3064354,2,0,1,1,0,6,6,0,0,1,3,3,3,3,1,1,1,1,4,3,1,2,2,1,2,2,2,2,2,1,2,2,2,2,1,1,1,1,2,1,1,9,1,1,2,1,0,0,0,0,0,0,0,0,0,1,2,2,2,15,0,12,0,0,2,5,1,2,2
5880864,2,0,1,1,0,7,6,0,0,1,4,4,4,4,1,1,1,1,5,5,1,2,2,1,2,2,2,2,2,1,2,2,2,2,1,1,2,1,2,1,1,9,1,1,1,1,4,4,4,4,2,4,4,4,1,1,9,2,0,6,0,0,1,0,2,5,1,1,3
7838325,1,0,1,1,0,4,6,0,0,1,1,1,1,1,1,1,1,1,2,2,1,2,2,1,2,2,2,2,2,1,2,2,2,2,1,1,2,1,1,1,1,9,1,1,1,1,0,0,0,0,0,0,0,0,0,1,1,0,0,11,0,1,1,1,1,1,1,2,3
3915937,2,0,1,1,0,5,16,0,0,1,9,9,6,6,1,1,1,1,12,6,1,2,2,1,2,2,2,2,2,1,2,2,2,2,1,1,2,1,2,2,2,1,1,1,2,1,0,0,0,0,0,0,0,0,0,2,9,32,72,3,0,0,1,15,0,5,1,2,1
8700444,1,0,1,6,0,5,12,0,0,1,2,2,2,2,0,0,0,0,12,0,1,2,2,1,2,2,2,2,2,1,2,2,2,2,1,1,2,1,2,2,2,1,2,1,2,1,0,0,0,0,0,0,0,0,0,1,9,0,0,12,0,0,0,0,1,2,1,2,3
1301309,1,0,1,1,0,16,14,1,0,1,5,5,5,5,1,1,1,1,1,1,1,2,2,1,2,2,2,2,2,1,2,2,2,3,1,1,2,1,2,1,1,9,1,1,1,1,0,0,0,0,0,0,0,0,0,1,9,1,0,4,0,4,1,1,1,1,1,2,2
4810202,1,0,2,1,0,4,20,0,0,1,2,2,2,2,1,1,1,1,2,2,1,2,2,1,2,2,2,2,2,1,2,2,2,2,1,1,2,1,2,2,2,1,1,1,1,1,0,0,0,0,0,0,0,0,0,1,1,1,0,12,0,0,1,0,0,2,1,2,3
2486616,1,0,1,1,0,9,9,0,0,1,1,1,1,1,1,1,1,1,3,3,1,2,2,1,2,2,2,2,2,1,2,2,2,2,1,1,2,1,1,2,2,1,1,1,1,1,0,0,0,0,0,0,0,0,0,1,1,0,0,11,0,0,1,9,1,1,1,2,2
7824385,2,0,1,1,0,13,24,0,0,1,14,14,9,9,2,2,3,3,8,5,1,2,2,1,2,2,2,2,2,1,2,2,2,2,1,1,1,1,2,1,1,9,1,1,1,1,0,0,0,0,0,0,0,0,0,1,2,1,0,42,0,10,1,24,26,2,1,2,2
8182865,2,0,1,1,0,5,5,0,0,1,2,2,2,2,1,1,1,1,2,3,1,2,2,1,2,2,2,2,2,1,2,2,2,2,1,1,2,1,2,2,1,9,2,1,1,1,0,0,0,0,0,0,0,0,0,1,9,0,0,1,0,0,0,0,4,2,1,2,3
5150527,1,0,1,1,0,50,50,0,0,1,12,12,12,12,1,1,1,1,6,6,1,2,2,1,2,2,2,2,2,1,2,2,2,1,1,1,1,1,2,2,1,9,1,1,2,1,0,0,0,0,0,0,0,0,0,1,9,1,0,50,0,0,0,0,2,5,1,2,3
2421477,2,0,1,1,0,5,5,0,0,1,4,4,4,4,1,1,1,1,4,4,1,2,2,1,2,2,2,2,2,1,2,2,2,2,1,1,2,1,1,1,2,1,1,1,1,1,4,4,4,4,4,4,4,4,4,2,2,1,0,3,0,2,1,5,5,2,1,1,3
9183590,2,0,1,1,0,4,9,0,0,1,1,1,2,2,0,0,0,0,0,0,1,2,2,1,2,2,2,2,2,1,2,2,2,2,1,1,2,1,2,2,2,1,1,1,1,1,0,0,0,0,0,0,0,0,0,1,2,0,0,2,0,0,0,0,1,1,1,2,2
6678576,1,0,1,1,0,6,6,0,0,1,1,1,1,1,1,1,1,1,0,0,1,2,2,1,2,2,2,2,2,1,2,2,2,2,1,1,2,1,2,2,1,9,1,1,2,1,0,0,0,0,0,0,0,0,0,1,2,0,0,6,0,1,0,0,1,1,1,2,3
7805316,2,0,1,1,0,5,6,0,0,1,2,2,2,2,1,1,1,1,2,2,1,2,2,1,2,2,2,2,2,1,2,2,2,2,1,1,2,1,1,2,2,1,1,1,1,1,0,0,0,0,0,0,0,0,0,1,1,1,0,8,0,0,1,1,2,3,1,1,2
4698011,1,0,1,1,0,16,64,0,0,1,44,44,42,42,3,3,3,3,20,20,1,2,2,1,2,2,2,2,2,1,2,2,2,2,1,1,2,1,2,1,2,1,2,1,1,1,1,1,1,1,4,4,4,4,1,1,9,0,0,52,0,0,0,8,1,3,1,2,2
7518995,2,0,1,1,0,13,36,0,0,1,9,9,22,22,1,1,1,1,21,0,1,2,2,1,2,2,2,2,2,1,2,2,2,2,1,1,2,1,2,2,1,9,1,1,1,1,0,0,0,0,0,0,0,0,0,1,9,1,0,100,0,36,0,36,39,5,1,2,2
6431932,1,0,1,1,0,8,14,0,0,1,3,3,3,3,1,1,1,1,4,4,1,2,2,1,2,2,2,2,2,1,2,2,2,1,1,1,2,1,2,2,1,9,2,1,1,1,0,0,0,0,0,0,0,0,0,1,9,0,0,15,0,1,1,1,1,3,1,2,2
6847986,1,0,1,1,0,8,17,0,0,1,4,4,4,4,1,1,1,1,20,20,1,2,2,1,2,2,2,2,2,1,2,2,2,2,1,1,2,1,2,1,1,9,2,1,1,1,4,4,4,4,4,4,4,4,1,1,9,0,0,100,0,30,1,8,10,4,1,1,3
6286312,1,0,1,1,0,12,8,0,0,1,7,7,6,6,3,3,3,3,24,21,1,2,2,1,2,2,2,2,2,1,2,2,2,2,1,1,2,1,2,1,1,9,1,1,1,1,0,0,0,0,0,0,0,0,0,1,9,1,0,65,40,0,1,5,11,3,1,1,1
6143934,1,0,1,1,0,6,3,0,0,1,1,1,1,1,1,1,0,0,2,1,1,2,2,1,2,2,2,2,2,1,2,2,2,2,1,1,2,1,2,1,1,9,1,1,2,1,0,0,0,0,0,0,0,0,0,1,2,1,0,6,0,0,0,1,2,1,1,2,3
6106659,1,0,6,7,0,5,6,0,0,1,1,1,1,1,1,1,0,0,2,2,1,2,2,1,2,2,2,2,2,1,2,2,2,2,1,1,2,1,2,1,1,9,1,1,2,1,0,0,0,0,0,0,0,0,0,1,9,4,0,6,0,0,0,0,1,1,1,2,3
2001972,1,0,1,1,0,25,26,0,0,1,3,2,4,4,2,2,2,2,5,4,1,2,2,1,2,2,2,2,2,1,2,2,2,1,1,1,3,1,2,2,2,1,1,1,2,1,1,1,1,1,1,1,1,1,1,2,2,5,0,35,0,0,0,0,0,0,1,2,2
1522422,1,0,1,1,0,6,6,0,0,1,4,4,0,0,1,1,0,0,4,0,1,2,2,1,2,2,2,2,2,1,2,2,2,2,1,1,2,1,1,1,1,9,1,1,1,1,0,0,0,0,0,0,0,0,0,1,1,1,0,12,20,2,0,1,1,2,1,2,3
3615013,2,0,1,1,0,4,0,0,11,1,5,5,5,5,1,1,1,1,2,2,1,2,2,1,2,2,2,2,2,1,2,2,2,2,1,1,2,1,1,1,1,9,1,1,1,1,4,4,4,4,4,4,4,4,2,1,1,1,0,31,0,0,1,0,1,1,1,2,2
3635596,1,0,2,1,0,9,6,0,0,1,3,1,3,1,1,1,1,1,3,3,1,2,2,1,2,2,2,2,2,1,2,2,2,2,1,1,2,1,1,2,2,1,1,1,1,1,0,0,0,0,0,0,0,0,0,1,9,1,0,12,0,0,1,0,0,2,1,2,3
1324530,1,0,0,7,0,5,14,0,0,1,3,3,2,2,1,1,1,1,3,3,1,2,2,1,2,2,2,2,2,1,2,2,2,2,1,1,2,1,2,2,2,1,2,1,2,1,0,0,0,0,0,0,0,0,0,1,1,3,0,1,0,0,0,0,1,1,1,2,2
2866825,2,0,1,1,0,1,7,0,0,1,3,3,3,3,1,1,1,1,5,5,1,2,2,1,2,2,2,2,2,1,2,2,2,2,1,1,2,1,1,1,1,9,2,1,1,1,4,4,4,4,4,4,4,4,4,2,2,1,0,0,0,0,0,0,0,0,1,2,3
1658696,1,0,1,1,0,45,45,0,0,1,10,10,15,15,2,2,2,2,35,10,1,2,2,1,2,2,2,2,2,1,2,2,2,1,1,1,2,1,2,1,1,9,2,1,1,1,1,1,1,4,4,4,4,4,1,1,9,1,0,50,0,0,2,0,4,5,1,2,3
6752063,1,0,1,1,0,28,46,0,0,1,20,20,26,26,2,2,0,0,22,0,1,2,2,1,2,2,1,2,2,1,2,2,1,2,1,1,2,1,2,2,1,9,1,1,1,1,0,0,0,0,0,0,0,0,0,1,9,17,0,85,301,46,1,46,2,4,1,2,1
4677383,1,0,1,1,0,12,12,0,0,1,0,0,20,20,0,0,1,1,0,20,1,2,2,1,2,2,2,2,2,1,2,2,2,1,1,1,1,1,2,2,1,9,1,1,1,1,0,0,0,0,0,0,0,0,0,1,9,8,0,30,0,5,1,12,2,2,1,1,2
7570738,2,0,1,1,0,11,31,0,0,1,22,22,0,0,15,15,0,0,52,0,1,2,2,1,2,2,2,2,2,1,2,2,2,1,1,1,1,1,2,1,1,9,2,1,1,1,0,0,0,0,0,0,0,0,0,1,2,1,205,122,0,31,1,31,35,6,1,2,1
8382644,1,0,1,1,0,8,12,0,0,1,5,5,6,6,1,1,1,1,5,5,1,2,2,1,2,2,2,2,2,1,2,2,2,2,1,1,2,1,1,1,1,9,1,1,1,1,0,0,0,0,0,0,0,0,0,1,9,1,0,4,0,0,0,12,1,4,1,2,3
7188039,1,0,3,1,0,6,16,0,0,1,9,9,8,8,1,1,1,1,6,5,1,2,2,1,2,2,2,2,2,1,2,2,2,2,1,1,2,1,2,2,2,1,1,1,2,1,0,0,0,0,0,0,0,0,0,1,9,0,0,10,0,7,0,0,0,1,1,2,3
9857607,2,0,1,1,0,6,7,0,0,1,8,8,8,8,1,1,1,1,12,12,1,2,2,1,2,2,2,2,2,1,2,2,2,2,1,1,2,1,2,2,1,9,1,1,1,1,1,1,1,4,4,4,4,4,1,1,1,1,0,2,0,20,1,0,1,2,1,1,2
4736121,1,0,1,1,0,10,10,0,0,1,3,3,3,3,1,1,1,1,4,4,1,2,2,1,2,2,2,2,2,1,2,2,2,2,1,1,3,1,1,1,1,9,2,1,1,1,0,0,0,0,0,0,0,0,0,1,9,5,5,20,0,0,1,0,1,2,1,2,3
8899126,1,0,1,7,0,6,12,0,0,1,5,5,4,4,1,1,1,1,6,5,1,2,2,1,2,2,2,2,2,1,2,2,2,1,1,1,2,1,2,2,2,1,2,1,1,1,0,0,0,0,0,0,0,0,0,2,2,4,0,15,0,2,0,2,2,3,1,1,2
4841447,1,0,1,1,0,9,24,0,0,1,7,7,12,12,3,3,3,3,5,5,1,2,2,1,2,2,2,2,2,1,2,2,2,2,1,1,2,1,2,2,1,9,2,1,2,1,0,0,0,0,0,0,0,0,0,1,9,1,0,14,0,14,0,4,1,4,1,1,2
4479863,2,0,1,1,0,1,3,0,0,1,2,2,2,2,1,1,1,1,3,0,1,2,2,1,2,2,2,2,2,1,2,2,2,2,1,1,2,1,1,2,1,9,2,1,2,1,0,0,0,0,0,0,0,0,0,2,2,0,0,1,0,0,0,0,0,1,1,2,2
9241029,1,0,1,1,0,12,12,0,0,1,20,20,20,20,1,1,1,1,20,0,1,2,2,1,2,2,2,2,2,1,2,2,2,2,1,1,2,1,2,1,1,9,1,1,1,1,1,1,1,1,1,1,4,4,4,2,2,30,0,25,25,0,0,0,12,5,1,2,2
6346018,2,0,1,6,0,14,12,0,0,1,4,4,4,4,1,1,1,1,2,0,1,2,2,1,2,2,2,2,2,1,2,2,2,2,1,1,2,1,2,1,1,9,1,1,2,1,0,0,0,0,0,0,0,0,0,1,9,2,0,14,0,1,0,1,1,3,1,2,3
7797655,2,0,1,1,0,8,19,0,0,1,8,8,20,20,0,0,2,2,12,20,1,2,2,1,2,2,2,2,2,1,2,2,2,2,1,1,2,1,2,2,1,9,1,1,2,1,0,0,0,0,0,0,0,0,0,1,9,54,28,36,0,0,0,23,1,6,1,2,1
7831254,1,0,1,1,0,9,13,0,0,1,5,5,2,2,1,1,1,1,6,3,1,2,2,1,2,2,2,2,2,1,2,2,2,2,1,1,2,1,1,2,1,9,1,1,1,1,0,0,0,0,0,0,0,0,0,1,9,1,0,5,0,0,0,0,0,2,1,2,2
9251614,2,0,2,1,0,9,6,0,0,1,4,4,3,3,1,1,1,1,3,0,1,2,2,1,2,2,2,2,2,1,2,2,2,2,1,1,2,1,1,1,1,9,2,1,2,1,0,0,0,0,0,0,0,0,0,1,1,0,0,1,0,0,0,0,0,1,1,2,3
1834114,1,0,1,1,0,10,10,0,0,1,8,8,16,16,1,1,1,1,12,0,1,2,2,1,2,2,2,2,2,1,2,2,2,2,1,1,2,1,2,1,1,9,1,1,1,1,0,0,0,0,0,0,0,0,0,1,9,10,0,20,0,0,1,0,2,4,1,2,1
6248402,1,0,1,1,0,13,13,0,0,1,9,9,10,10,1,1,1,1,9,10,1,2,2,1,2,2,2,2,2,1,2,2,2,2,1,1,2,1,2,2,1,9,2,1,2,1,0,0,0,0,0,0,0,0,0,1,2,0,0,12,0,0,1,0,6,2,1,2,3
3157889,1,0,28,1,0,28,28,0,0,1,8,8,8,8,1,1,1,1,16,16,1,2,2,1,2,2,2,2,2,1,2,2,2,2,1,1,1,1,1,1,1,9,1,1,1,1,1,1,1,4,1,4,4,1,1,2,2,2,0,120,0,0,2,28,28,2,1,2,2
6262062,2,0,1,1,0,7,8,0,0,1,4,4,4,4,1,1,0,0,8,8,1,2,2,1,2,2,2,2,2,1,2,2,2,2,1,1,2,1,2,2,1,9,1,1,1,1,0,0,0,0,0,0,0,0,0,1,2,0,0,16,0,16,0,6,1,4,1,2,3
9973697,2,0,1,1,0,6,12,0,0,1,8,8,8,8,4,4,4,4,12,12,1,2,2,1,2,2,2,2,2,1,2,2,2,2,1,1,2,1,1,1,1,9,2,1,1,1,0,0,0,0,0,0,0,0,0,1,9,0,0,23,0,0,1,12,1,2,1,2,3
8682977,1,0,1,1,0,12,33,0,0,1,21,7,27,9,1,1,1,1,24,24,1,1,1,1,1,2,2,1,1,1,1,2,2,1,1,1,1,1,2,2,1,9,1,1,1,1,3,3,3,3,3,3,3,3,1,1,9,3,0,40,0,2,1,7,8,1,1,1,3
6584433,1,0,1,1,0,15,12,0,0,1,4,4,4,4,1,1,1,1,5,4,1,2,1,1,2,2,2,2,1,1,2,2,2,2,1,1,2,1,1,1,1,9,1,1,1,1,2,2,2,2,2,2,3,2,3,2,2,0,0,3,2,1,1,2,3,1,1,1,2
3318006,1,0,1,1,0,15,11,0,0,1,2,2,2,2,1,1,1,1,2,2,1,2,2,1,2,2,2,2,2,1,2,2,2,2,1,1,1,1,1,1,1,9,1,1,1,1,0,0,0,0,0,0,0,0,0,1,9,0,0,35,0,0,3,1,1,4,1,1,3
5708406,1,0,1,1,0,13,40,0,0,1,8,8,8,8,2,2,2,2,35,10,1,2,2,1,2,2,2,2,2,1,2,2,2,2,1,1,2,1,1,1,1,9,1,1,1,1,0,0,0,0,0,0,0,0,0,1,9,21,0,76,0,7,1,41,41,2,1,2,1
9194497,1,0,1,1,0,6,6,0,0,1,2,2,3,3,1,1,1,1,5,2,1,2,2,1,2,2,2,2,2,1,2,2,2,2,1,1,2,1,1,1,1,9,1,1,1,1,0,0,0,0,0,0,0,0,0,1,1,16,5,1,100,12,0,1,2,1,1,2,2
3532771,2,0,1,1,0,8,27,0,0,1,0,0,1,1,0,0,1,1,0,30,1,2,2,1,2,2,2,2,2,1,2,2,2,2,1,1,2,1,1,1,1,9,1,1,2,1,0,0,0,0,0,0,0,0,0,1,1,1,0,3,0,30,1,19,1,2,1,1,3
8835458,1,0,1,1,0,7,10,0,0,1,10,10,8,8,2,2,2,2,20,16,1,2,2,1,2,2,2,2,2,1,2,2,2,2,1,1,2,1,2,2,1,9,1,1,1,1,4,4,4,2,2,2,4,4,4,2,2,0,1,4,0,2,0,1,1,1,1,2,2
8301164,1,0,1,1,0,10,18,0,0,1,3,3,2,2,2,2,1,1,6,0,1,2,2,1,2,2,2,2,2,1,2,2,2,2,1,1,2,1,1,2,1,9,1,1,1,1,1,1,1,1,1,1,4,4,2,1,9,1,0,25,0,0,0,14,1,4,1,2,2
3750565,1,0,1,1,0,4,6,0,0,1,3,3,2,2,0,0,2,2,3,2,1,2,2,1,2,2,2,2,2,1,2,2,2,2,1,1,2,1,2,1,1,9,2,1,2,1,0,0,0,0,0,0,0,0,0,1,9,1,0,3,0,0,0,0,0,1,1,2,2
2452094,2,0,1,1,0,11,22,0,0,1,7,7,7,7,3,3,3,3,12,20,1,2,2,1,2,2,2,2,2,1,2,2,2,2,1,1,2,1,2,2,1,9,2,1,2,1,0,0,0,0,0,0,0,0,0,1,9,2,0,21,0,80,0,24,26,3,1,2,2
2454071,2,0,1,1,0,6,16,0,0,1,10,10,8,8,1,1,1,1,4,4,1,2,1,1,2,2,2,2,1,1,2,2,2,1,1,1,1,1,2,1,1,9,1,1,2,1,4,4,4,4,4,4,4,4,4,1,9,1,0,12,0,1,1,0,1,3,1,2,1
3856068,1,0,1,1,0,6,6,0,0,1,2,2,2,2,1,1,1,1,2,2,1,2,2,1,2,2,2,2,2,1,2,2,2,2,1,1,2,1,2,2,1,9,1,1,1,1,0,0,0,0,0,0,0,0,0,1,9,2,0,35,0,2,1,6,7,2,1,1,3
3875818,1,0,1,1,0,5,6,0,0,1,2,2,2,2,1,1,1,1,6,2,1,2,2,1,2,2,2,2,2,1,2,2,2,2,1,1,2,1,2,2,1,9,1,1,1,1,0,0,0,0,0,0,0,0,0,1,1,1,0,27,0,0,0,0,7,2,1,2,2
2987917,1,0,1,1,0,10,10,0,0,1,3,3,3,3,0,0,0,0,3,3,1,2,2,1,2,2,2,2,2,1,2,2,2,1,1,1,2,1,2,2,1,9,2,1,1,1,1,1,1,4,4,4,4,4,1,1,9,0,0,50,0,50,2,0,0,2,1,2,2
8074894,1,0,1,1,0,6,6,0,0,1,4,4,4,4,1,1,0,0,5,4,1,2,2,1,2,2,2,2,2,1,2,2,2,2,1,1,2,1,1,1,1,9,1,1,1,1,0,0,0,0,0,0,0,0,0,1,9,1,0,10,0,0,1,0,0,1,1,2,2
4986357,1,0,2,1,0,2,4,0,0,1,1,1,1,1,1,1,1,1,1,1,1,2,2,1,2,2,2,2,2,1,2,2,2,2,1,1,2,1,2,1,2,1,1,1,2,1,0,0,0,0,0,0,0,0,0,1,2,2,1,8,0,7,0,0,1,1,1,2,3
2763082,2,0,1,1,0,2,6,0,0,1,4,4,2,2,2,2,1,1,4,1,1,2,2,1,2,2,2,2,2,1,2,2,2,2,1,1,2,1,2,2,1,9,1,1,1,1,0,0,0,0,0,0,0,0,0,1,2,0,0,10,0,0,0,1,1,1,1,2,2
5255745,2,0,1,1,0,9,21,0,0,1,4,4,4,4,4,4,4,4,4,4,1,2,2,1,2,2,1,2,2,1,2,2,1,2,1,1,2,1,1,1,2,1,1,1,1,1,1,1,1,4,4,4,4,4,1,1,9,0,0,40,50,0,1,6,1,2,1,2,3
4743597,1,0,1,1,0,12,12,0,0,1,8,8,8,8,1,1,1,1,8,8,1,2,2,1,2,2,2,2,2,1,2,2,2,2,1,1,2,1,1,1,1,9,1,1,1,1,4,4,4,3,1,1,3,3,4,1,2,2,0,92,0,10,2,2,12,12,1,2,3
6892278,2,0,1,1,0,7,12,0,0,1,10,10,0,0,1,1,0,0,0,0,1,2,2,1,2,2,2,2,2,1,2,2,2,2,1,1,2,1,2,2,2,1,1,1,2,1,0,0,0,0,0,0,0,0,0,1,2,1,0,10,0,0,0,1,1,3,1,2,2
4996170,1,0,1,1,0,20,45,0,0,1,11,11,11,11,2,2,2,2,11,11,1,2,2,1,2,2,1,2,2,1,2,2,1,1,1,1,2,1,2,1,1,9,1,2,9,1,0,0,0,0,0,0,0,0,0,1,9,32,64,64,0,26,3,6,35,12,1,1,1
5017356,1,0,1,1,0,12,34,0,0,1,35,35,30,30,1,1,1,1,35,0,1,2,2,1,1,2,2,2,2,1,1,2,2,1,1,1,1,1,2,2,1,9,1,1,1,1,1,1,1,4,4,4,4,4,1,1,2,25,0,247,0,0,0,0,16,25,1,2,2
5639873,2,0,1,1,0,12,22,0,0,1,14,14,14,14,1,1,2,2,14,14,1,2,2,1,2,2,2,2,2,1,2,2,2,2,1,1,2,1,1,1,2,1,1,1,1,1,0,0,0,0,0,0,0,0,0,1,9,2,0,54,1205,54,1,25,2,3,1,1,1
8166539,2,0,1,1,0,15,25,0,0,1,13,13,10,10,1,1,0,0,25,10,1,2,2,1,2,2,2,2,2,1,2,2,2,2,1,1,2,1,2,1,1,9,2,1,1,1,0,0,0,0,0,0,0,0,0,1,2,1,0,115,50,0,6,25,28,4,1,2,2
5682490,1,0,1,1,0,7,38,0,0,1,15,15,19,19,1,1,1,1,16,20,1,2,2,1,2,2,2,2,2,1,2,2,2,2,1,1,2,1,1,2,1,9,1,1,1,1,0,0,0,0,0,0,0,0,0,1,9,1,0,5,500,24,0,9,1,4,1,2,2
8664806,2,0,0,5,0,4,0,5,1,1,2,2,2,2,1,1,1,1,2,2,1,2,2,1,2,2,2,2,2,1,2,2,2,2,1,1,2,1,2,1,2,1,1,1,1,1,0,0,0,0,0,0,0,0,0,2,2,0,0,4,0,0,1,0,1,1,1,2,3
3513525,1,0,3,1,0,10,47,0,0,1,6,6,11,11,1,1,1,1,26,12,1,2,2,1,2,2,2,2,2,1,2,2,2,2,1,1,2,1,2,2,1,9,2,1,1,1,1,1,1,3,3,3,3,3,3,1,9,1,0,1,0,0,1,0,1,1,1,2,2
2190094,1,0,1,1,0,6,6,0,0,1,1,1,3,3,1,1,1,1,2,1,1,2,2,1,2,2,2,2,2,1,2,2,2,2,1,1,2,1,1,2,1,9,1,1,1,1,0,0,0,0,0,0,0,0,0,1,9,0,0,6,0,1,1,1,1,3,1,2,3
2631058,2,0,1,1,0,8,12,0,0,1,14,14,15,15,1,1,1,1,15,16,1,2,2,1,2,2,2,2,2,1,2,2,2,2,1,1,2,1,1,1,1,9,1,1,1,1,0,0,0,0,0,0,0,0,0,1,1,1,0,45,0,0,0,12,1,4,1,2,2
7625076,1,0,1,1,0,7,5,0,0,1,12,12,12,12,2,2,2,2,6,0,1,2,2,1,2,2,2,2,2,1,2,2,2,2,1,1,2,1,1,1,1,9,1,1,1,1,0,0,0,0,0,0,0,0,0,1,9,0,0,15,0,4,2,4,2,3,1,1,3
3323625,2,0,1,1,0,7,6,0,0,1,2,2,2,2,1,1,1,1,12,3,1,2,2,1,2,2,2,2,2,1,2,2,2,2,1,1,2,1,1,1,1,9,1,1,2,1,0,0,0,0,0,0,0,0,0,2,9,0,0,6,0,0,1,0,0,3,1,2,3
5234727,1,0,1,1,0,9,29,0,0,1,11,11,24,24,1,1,1,1,22,4,1,2,2,1,2,2,2,2,2,1,2,2,2,2,1,1,2,1,1,1,1,9,2,1,1,1,1,1,1,4,1,1,4,4,4,1,2,3,0,75,0,69,2,29,1,7,1,1,3
8658752,1,0,1,1,0,7,11,0,0,1,2,2,2,2,1,1,1,1,2,2,1,2,2,1,2,2,2,2,2,1,2,2,2,2,1,1,1,1,1,1,1,9,1,1,1,1,0,0,0,0,0,0,0,0,0,2,2,0,0,14,0,1,1,0,2,3,1,1,3
3999596,1,0,1,2,0,7,20,0,0,1,12,12,12,12,1,1,1,1,11,0,1,2,2,2,2,2,1,2,2,2,2,2,1,2,1,1,2,1,1,1,1,9,2,1,2,1,1,1,1,1,1,3,3,3,3,1,9,21,0,4,0,0,1,11,1,3,1,2,1
7519035,2,0,1,1,0,7,23,0,0,1,5,5,5,5,1,1,1,1,5,5,1,2,2,1,2,2,2,2,2,1,2,2,2,2,1,1,2,1,2,1,1,9,1,1,1,1,0,0,0,0,0,0,0,0,0,1,9,2,0,30,0,0,1,0,1,4,1,2,3
9995317,2,0,1,1,0,12,6,0,0,1,1,1,1,1,1,1,1,1,1,1,1,2,2,1,1,2,1,2,2,1,1,2,1,1,1,1,2,1,1,1,1,9,2,1,1,1,0,0,0,0,0,0,0,0,0,1,9,2,0,7,2,6,0,0,2,2,1,1,2
7785674,1,0,1,1,0,7,21,0,0,1,10,10,8,8,2,2,2,2,10,8,1,2,2,1,2,2,2,2,2,1,2,2,2,2,1,1,2,1,1,1,1,9,1,1,1,1,1,1,1,4,4,4,4,4,1,1,1,0,0,19,0,2,0,0,2,2,1,1,2
4160364,1,0,1,1,0,6,10,0,0,1,0,0,4,4,0,0,4,4,0,0,1,2,2,1,2,2,2,2,2,1,2,2,2,2,1,1,2,1,2,2,2,1,1,1,2,1,0,0,0,0,0,0,0,0,0,2,2,1,0,14,0,6,1,6,9,2,1,1,2
9093274,1,0,1,1,0,11,39,0,0,1,19,19,28,28,19,19,28,28,40,0,1,2,2,1,2,2,1,2,2,1,2,2,1,2,1,1,2,1,2,1,1,9,1,1,1,1,0,0,0,0,0,0,0,0,0,2,9,16,0,50,40,39,1,39,2,4,1,2,1
4395480,1,0,2,1,0,6,12,0,0,1,2,2,2,2,1,1,1,1,8,4,1,2,2,1,2,2,2,2,2,1,2,2,2,2,1,1,2,1,1,2,1,9,1,1,1,1,0,0,0,0,0,0,0,0,0,1,1,0,0,20,0,3,1,0,4,2,1,1,1
7115834,1,0,1,1,0,13,14,0,0,1,10,10,6,6,1,1,1,1,10,6,1,2,1,1,2,2,2,2,1,1,2,2,2,2,1,1,2,1,1,1,1,9,1,1,1,1,1,1,1,4,4,4,2,4,1,1,9,2,0,26,0,26,1,0,3,6,1,2,1
5519187,1,0,1,1,0,25,20,0,0,1,5,5,5,5,1,1,1,1,7,5,1,2,2,1,2,2,2,2,2,1,2,2,2,2,1,1,2,1,2,1,2,1,1,1,1,1,0,0,0,0,0,0,0,0,0,1,9,1,0,35,0,2,0,0,2,5,1,2,2
1671484,2,0,1,1,0,4,6,0,0,1,3,3,3,3,1,1,1,1,6,3,1,2,2,1,2,2,2,2,2,1,2,2,2,2,1,1,2,1,2,2,1,9,1,1,1,1,0,0,0,0,0,0,0,0,0,1,2,3,0,8,0,3,1,3,3,1,1,2,3
9026019,2,0,0,7,0,4,9,0,0,1,2,2,2,2,1,1,1,1,2,2,1,2,2,1,1,2,2,2,2,1,1,2,2,2,1,1,2,1,1,2,2,1,2,1,2,1,0,0,0,0,0,0,0,0,0,2,2,0,0,1,0,0,0,0,0,1,1,2,3
3267707,2,0,1,1,0,6,12,0,0,1,5,5,9,9,1,1,0,0,20,0,1,2,2,1,1,2,2,2,2,1,1,2,2,1,1,1,2,1,1,1,1,9,1,1,2,1,4,4,4,4,4,4,4,4,1,1,9,0,0,20,0,12,0,12,1,1,1,2,3
9558040,2,0,1,1,0,6,6,0,0,1,2,2,2,2,2,2,1,1,2,2,1,2,2,1,2,2,2,2,2,1,2,2,2,1,1,1,2,1,2,1,1,9,2,1,1,1,2,2,2,2,1,4,4,4,2,1,9,2,0,30,0,0,1,1,2,2,1,2,3
5093495,2,0,4,1,0,7,7,0,0,1,3,3,3,3,2,2,3,3,3,3,1,1,1,1,2,2,2,1,1,1,2,2,2,3,1,1,2,1,2,2,1,9,1,1,1,1,0,0,0,0,0,0,0,0,0,1,2,1,2,2,0,1,1,1,1,1,1,1,1
8826322,2,0,1,6,0,5,6,0,0,1,4,4,3,3,0,0,0,0,4,3,1,2,2,1,2,2,2,2,2,1,2,2,2,2,1,1,2,1,2,2,1,9,2,1,1,1,0,0,0,0,0,0,0,0,0,1,9,1,0,43,0,0,1,0,2,2,1,2,2
4879125,1,0,1,1,0,8,38,0,0,1,18,18,18,18,0,0,0,0,18,18,1,1,2,1,2,2,1,1,2,1,2,2,1,2,1,1,2,1,1,1,1,9,1,2,9,1,0,0,0,0,0,0,0,0,0,1,9,2,0,90,0,41,0,0,45,5,1,2,3
9651497,2,0,1,1,0,5,17,0,0,1,12,12,12,12,4,4,4,4,12,12,1,2,2,1,2,2,2,2,2,1,2,2,2,2,1,1,2,1,2,1,1,9,1,1,1,1,0,0,0,0,0,0,0,0,0,1,1,11,0,11,0,0,1,0,1,2,1,1,3
6378359,2,0,1,1,0,12,34,0,0,1,4,4,3,3,1,1,1,1,9,0,1,2,2,1,2,2,2,2,2,1,2,2,2,1,1,1,2,1,2,2,1,9,1,1,2,1,1,1,1,4,1,4,4,4,1,1,9,24,0,67,0,0,2,45,5,8,1,1,3
6130490,2,0,1,1,0,23,20,0,0,1,7,7,11,11,2,2,1,1,7,7,1,2,2,1,2,2,2,2,2,1,2,2,2,1,1,1,1,1,1,1,1,9,1,1,1,1,0,0,0,0,0,0,0,0,0,1,1,2,28,20,0,2,2,5,9,2,1,2,3
3588204,2,0,1,1,0,9,9,0,0,1,6,6,6,6,2,2,2,2,10,10,1,2,2,1,2,2,2,2,2,1,2,2,2,2,1,1,2,1,1,1,2,1,2,1,1,1,2,2,2,4,4,4,4,4,2,1,9,0,0,36,500,6,1,6,5,4,1,2,3
8278351,2,0,1,1,0,9,17,0,0,1,5,5,5,5,1,1,0,0,10,10,1,2,2,1,2,2,2,2,2,1,2,2,2,2,1,1,2,1,1,2,2,1,2,1,1,1,0,0,0,0,0,0,0,0,0,2,2,0,0,11,0,1,2,5,0,3,1,2,2
4584866,2,0,1,3,0,8,5,0,0,1,4,4,4,4,4,4,4,4,4,4,1,2,2,1,2,2,2,2,2,1,2,2,2,2,1,1,2,1,1,1,1,9,1,1,1,1,2,2,2,4,4,4,4,4,4,1,9,1,0,16,0,3,0,0,3,1,1,2,2
7016371,2,0,1,7,0,5,18,0,0,1,8,8,12,12,0,0,0,0,18,1,1,2,2,1,2,2,2,2,2,1,2,2,2,2,1,1,2,1,2,2,1,9,2,1,1,1,0,0,0,0,0,0,0,0,0,1,9,2,0,20,0,0,0,0,1,3,1,2,2
9040059,2,0,1,1,0,8,8,0,0,1,2,2,2,2,1,1,1,1,1,1,1,2,2,1,2,2,2,2,2,1,2,2,2,2,1,1,1,1,1,1,1,9,1,1,1,1,0,0,0,0,0,0,0,0,0,1,9,2,0,3,0,1,0,0,2,2,1,1,2
5319265,1,0,1,1,0,10,10,0,0,1,6,6,9,9,6,6,9,9,6,9,1,2,2,1,2,2,2,2,2,1,2,2,2,2,1,1,2,1,2,2,1,9,1,1,1,1,0,0,0,0,0,0,0,0,0,1,9,0,0,28,0,28,1,0,1,2,1,2,2
2315021,2,0,1,1,0,6,6,0,0,1,1,1,1,1,1,0,0,0,1,1,1,2,2,1,2,2,2,2,2,1,2,2,2,2,1,1,2,1,2,2,2,1,2,1,2,1,0,0,0,0,0,0,0,0,0,2,2,0,0,8,0,0,1,0,1,1,1,2,3
7135911,2,0,1,1,0,5,8,0,0,1,5,5,3,3,0,0,1,1,5,4,1,2,2,1,2,2,2,2,2,1,2,2,2,2,1,1,2,1,1,2,1,9,1,1,1,1,0,0,0,0,0,0,0,0,0,1,2,1,0,22,0,3,1,8,10,6,1,1,3
1046524,2,0,1,1,0,6,6,0,0,1,3,3,3,3,1,1,1,1,4,4,1,2,2,1,2,2,2,2,2,1,2,2,2,2,1,1,2,1,2,2,1,9,1,1,1,1,0,0,0,0,0,0,0,0,0,2,2,0,0,3,0,0,1,0,1,2,1,2,2
3884314,1,0,1,1,0,18,18,0,0,2,1,1,2,1,1,1,2,1,12,8,1,2,2,1,2,2,2,2,2,1,2,2,2,2,1,1,2,1,2,2,1,9,1,1,1,1,0,0,0,0,0,0,0,0,0,1,9,3,0,5,0,0,1,3,3,7,1,2,2
1096492,2,0,3,1,0,9,56,0,0,1,87,87,7,7,2,2,2,2,87,7,1,2,2,1,1,2,2,2,2,1,1,2,2,2,1,1,2,1,1,2,1,9,1,1,1,1,1,1,1,4,4,4,4,4,1,1,2,1,0,85,495,0,0,0,1,5,1,2,2
7837786,1,0,1,1,0,7,14,0,0,1,2,2,2,2,1,1,1,1,6,6,1,2,2,1,2,2,1,2,2,1,2,2,1,2,1,1,2,1,1,1,2,1,1,1,1,1,4,4,4,4,4,4,4,4,4,1,9,1,0,15,0,4,2,4,4,4,1,1,3
8759283,2,0,1,1,0,1,3,0,0,1,2,2,2,2,2,2,2,2,4,4,1,2,2,1,2,2,2,2,2,1,2,2,2,2,1,1,2,1,1,2,1,9,2,1,1,1,0,0,0,0,0,0,0,0,0,2,2,1,0,1,0,0,0,0,1,1,1,2,2
3082133,2,0,3,5,0,5,5,0,0,1,3,3,3,3,1,1,0,0,4,0,1,2,2,1,2,2,2,2,2,1,2,2,2,2,1,1,2,1,2,1,2,1,2,1,2,1,4,4,4,4,4,2,2,4,4,1,9,1,0,3,0,0,2,2,4,2,1,2,3
3309058,1,0,1,1,0,14,10,0,0,1,7,7,7,7,1,1,1,1,0,0,1,2,2,1,2,2,2,2,2,1,2,2,2,1,1,1,2,1,2,1,1,9,1,1,1,1,1,1,1,4,4,4,4,4,1,1,9,4,0,45,0,3,1,11,10,4,1,2,2
7569233,2,0,1,1,0,9,33,0,0,1,6,6,6,6,2,2,2,2,16,16,1,2,2,1,2,2,2,2,2,1,2,2,2,1,1,1,1,1,2,2,1,9,1,1,1,1,1,1,1,4,4,4,1,4,1,1,9,8,0,70,0,0,0,40,11,11,1,2,1
1113512,1,0,1,1,0,7,6,0,0,1,3,3,3,3,1,1,1,1,1,1,1,2,2,1,2,2,2,2,2,1,2,2,2,2,1,1,2,1,1,1,1,9,1,1,1,1,0,0,0,0,0,0,0,0,0,1,9,2,0,10,0,0,0,0,1,3,1,2,3
5068210,1,0,0,1,0,6,6,0,0,1,2,2,3,3,1,1,1,1,3,4,1,2,2,1,2,2,2,2,2,1,2,2,2,2,1,1,2,1,2,2,1,9,1,1,1,1,0,0,0,0,0,0,0,0,0,1,2,1,0,12,0,5,1,0,1,1,1,2,2
9839887,2,0,3,7,0,28,3,0,0,1,2,2,2,2,1,1,1,1,2,0,1,2,2,1,2,2,2,2,2,1,2,2,2,2,2,1,2,1,1,2,1,9,1,1,2,1,0,0,0,0,0,0,0,0,0,2,9,0,0,1,0,0,0,0,0,1,1,2,2
6649567,2,0,1,1,0,15,9,0,0,1,12,12,12,12,2,2,4,4,14,16,1,2,2,1,2,2,2,2,2,1,2,2,2,2,1,1,2,1,2,1,1,9,1,1,1,1,0,0,0,0,0,0,0,0,0,1,2,0,0,35,0,1,0,1,1,5,1,2,2
8105976,2,0,6,1,0,5,4,1,0,1,1,1,1,1,1,1,1,1,6,6,1,2,2,1,2,2,2,2,2,1,2,2,2,1,1,1,2,1,1,1,1,9,2,1,1,1,2,2,2,2,2,4,4,4,4,2,9,2,0,2,0,0,0,0,1,2,1,2,2
8785848,2,0,1,1,0,3,5,0,0,2,1,1,1,1,1,1,1,1,1,1,1,2,2,1,2,2,2,2,2,1,2,2,2,2,1,1,2,1,2,2,1,9,1,1,2,1,4,4,4,4,4,4,4,4,4,2,9,0,0,2,0,0,1,0,0,1,1,2,2
2453399,3,0,1,3,0,16,26,0,0,1,4,4,4,4,1,1,1,1,4,4,1,2,2,1,2,2,2,2,2,1,2,2,2,1,1,1,2,1,1,2,1,9,1,1,1,1,0,0,0,0,0,0,0,0,0,1,1,1,0,60,500,2,0,0,1,16,1,2,1
4420234,1,0,2,1,0,15,24,0,0,1,0,0,14,14,0,0,1,1,0,0,1,2,2,1,2,2,2,2,2,1,2,2,2,2,1,1,2,1,2,2,1,9,2,1,1,1,0,0,0,0,0,0,0,0,0,1,9,70,0,54,0,38,0,24,15,15,1,2,1
9766666,2,0,1,1,0,17,12,0,0,1,4,4,4,4,1,1,1,1,12,12,1,2,2,1,2,2,2,2,2,1,2,2,2,2,1,1,2,1,1,1,1,9,1,1,1,1,1,1,1,4,4,4,4,4,4,2,2,4,0,60,0,2,1,0,2,2,1,2,3
7953950,1,0,1,1,0,11,35,0,0,1,6,6,4,4,1,1,1,1,20,15,1,2,2,1,2,2,2,2,2,1,2,2,2,1,1,1,1,1,1,2,2,1,1,1,1,1,1,1,1,1,1,1,4,4,1,1,2,10,0,350,498,5,1,1,33,15,1,1,2
2662840,2,0,2,1,0,10,2,0,0,1,2,2,2,2,1,1,1,1,2,2,1,2,2,1,2,2,1,2,2,1,2,2,2,1,1,1,2,1,2,1,1,9,1,2,9,1,0,0,0,0,0,0,0,0,0,1,9,0,0,7,0,0,0,0,2,1,1,2,3
9435876,1,0,1,1,0,6,35,0,0,1,10,10,8,8,1,1,0,0,16,16,1,2,2,1,2,2,2,2,2,1,2,2,2,2,1,1,2,1,1,1,1,9,1,1,2,1,1,1,1,1,1,1,4,4,4,1,9,3,2,5,0,3,1,1,1,4,1,1,3
7584229,2,0,1,1,0,9,10,0,0,1,16,16,14,14,1,1,1,1,27,0,1,2,2,1,2,2,1,2,2,1,2,2,1,1,1,1,2,1,2,1,1,9,1,1,1,1,1,1,1,1,4,4,4,4,4,2,2,0,0,8,0,0,1,0,0,1,1,2,3
5145835,2,0,1,1,0,4,3,0,0,1,2,2,2,2,0,0,0,0,10,10,1,2,2,1,2,2,2,2,2,1,2,2,2,2,1,1,2,1,1,2,2,1,1,1,1,1,0,0,0,0,0,0,0,0,0,2,9,1,0,0,0,0,0,0,0,1,1,2,2
6946033,1,0,1,1,0,12,12,0,0,1,1,1,1,1,1,1,1,1,6,1,1,2,2,1,2,2,1,2,2,1,2,2,1,2,1,1,2,1,2,2,1,9,1,1,1,1,1,1,4,1,4,4,4,4,1,1,2,1,0,40,0,1,0,0,1,7,1,2,2
3891269,2,0,1,1,0,4,9,0,0,1,10,10,9,9,0,0,1,1,0,0,1,2,2,1,2,2,2,2,2,1,2,2,2,2,1,1,2,1,2,2,1,9,2,1,1,1,0,0,0,0,0,0,0,0,0,1,9,0,0,16,0,0,1,0,0,1,1,2,3
4598680,2,0,1,1,0,4,7,0,0,1,2,2,2,2,0,0,0,0,4,2,1,2,2,1,2,2,2,2,2,1,2,2,2,2,1,1,2,1,2,2,1,9,2,1,2,1,0,0,0,0,0,0,0,0,0,1,9,0,0,7,0,0,0,0,1,2,1,2,3
5133716,1,0,1,1,0,5,10,0,0,1,4,4,4,4,1,1,1,1,4,4,1,2,2,1,2,2,2,2,2,1,2,2,2,1,1,1,2,1,2,2,1,9,1,1,1,1,4,4,4,4,4,4,4,4,4,1,9,30,0,25,0,15,0,4,4,1,1,2,3
9214445,2,0,1,1,0,0,3,0,0,2,1,1,1,1,1,1,1,1,10,4,1,2,2,1,2,2,2,2,2,1,2,2,2,2,1,1,2,1,1,1,1,9,1,1,1,1,0,0,0,0,0,0,0,0,0,2,9,1,0,0,0,0,0,1,1,1,1,1,3
1664751,1,0,1,1,0,4,18,0,0,1,3,3,3,3,1,1,1,1,3,3,1,2,2,1,2,2,2,2,2,1,2,2,2,2,1,1,2,1,2,2,1,9,1,1,1,1,2,2,2,4,4,4,4,4,4,1,1,1,0,15,0,0,0,0,1,2,1,2,2
2661394,2,0,2,1,0,17,24,0,0,1,8,8,8,8,1,1,1,1,20,12,1,2,2,1,2,2,2,2,2,1,2,2,2,1,1,1,1,1,2,1,1,9,1,1,1,1,0,0,0,0,0,0,0,0,0,1,1,1,0,46,0,10,1,35,2,5,1,2,3
9511002,2,0,1,1,0,4,6,0,0,1,1,1,4,4,1,1,1,1,2,2,1,2,2,1,2,2,2,2,2,1,2,2,2,2,1,1,2,1,2,2,2,1,1,1,1,1,0,0,0,0,0,0,0,0,0,1,9,0,0,12,0,0,0,3,1,2,1,1,2
2026030,2,0,1,1,0,5,11,0,0,1,2,2,2,2,1,1,1,1,13,12,1,2,2,1,2,2,2,2,2,1,2,2,2,2,1,1,2,1,2,1,1,9,1,1,2,1,1,1,1,4,4,4,4,4,1,2,9,0,0,17,0,0,1,0,2,2,1,1,3
8778286,1,0,1,1,0,6,14,0,0,1,5,5,4,4,1,1,0,0,7,0,1,2,2,1,2,2,2,2,2,1,2,2,2,2,1,1,2,1,2,2,1,9,1,1,2,1,0,0,0,0,0,0,0,0,0,1,9,1,0,16,0,0,1,7,7,2,1,1,3
6007645,1,0,12,1,0,6,12,0,0,1,3,3,3,3,1,1,1,1,4,4,1,2,2,1,2,2,2,2,2,1,2,2,2,2,1,1,2,1,1,1,1,9,1,1,1,1,0,0,0,0,0,0,0,0,0,1,1,2,1,15,0,0,1,0,0,3,1,2,2
4227361,2,0,1,1,0,7,10,0,0,1,4,4,4,4,4,4,4,4,2,2,1,2,2,1,2,2,2,2,2,1,2,2,2,2,1,1,2,1,2,2,2,1,1,1,2,1,0,0,0,0,0,0,0,0,0,2,9,2,1,23,0,22,1,3,2,3,1,2,2
5576747,2,0,1,1,0,12,43,0,0,1,0,0,36,36,0,0,2,2,0,38,2,2,2,1,2,2,2,2,2,1,2,2,2,2,1,1,2,1,1,1,1,9,1,1,1,1,1,1,1,4,4,4,4,4,4,1,1,1,0,32,0,20,2,0,1,5,1,2,2
4883444,3,0,1,1,0,10,28,0,0,1,23,23,23,23,1,1,1,1,24,24,1,2,2,1,2,2,2,2,2,1,2,2,2,1,1,1,2,1,2,2,1,9,1,1,1,1,0,0,0,0,0,0,0,0,0,1,1,1,0,35,0,1,0,1,1,8,1,2,1
6664354,1,0,1,1,0,15,32,0,0,1,12,12,8,8,0,0,0,0,12,8,1,2,2,1,2,2,2,2,2,1,2,2,2,2,1,1,2,1,2,2,1,9,1,1,1,1,0,0,0,0,0,0,0,0,0,1,9,12,0,105,0,28,2,28,10,10,1,1,2
6934609,2,0,1,1,0,12,18,0,0,1,5,5,5,5,1,1,1,1,10,10,1,2,2,1,2,2,2,2,2,1,2,2,2,2,1,1,2,1,2,1,1,9,1,1,2,2,1,1,1,1,1,4,4,4,1,2,9,2,0,60,0,0,0,0,1,2,1,2,1
6845229,1,0,1,1,0,10,10,0,0,1,4,4,4,4,1,1,1,1,12,12,1,2,2,1,2,2,2,2,2,1,2,2,2,2,1,1,2,1,2,2,1,9,2,1,1,1,0,0,0,0,0,0,0,0,0,1,9,1,0,4,0,0,1,0,1,2,1,2,2
2859528,2,0,1,1,0,4,24,0,0,1,6,6,6,6,0,0,0,0,12,12,1,2,2,1,2,2,2,2,2,1,2,2,2,2,1,1,2,1,2,2,1,9,1,1,1,1,0,0,0,0,0,0,0,0,0,1,9,0,0,24,0,0,1,0,1,1,1,2,3
1839595,2,0,1,1,0,3,6,0,0,2,5,5,5,5,2,2,2,2,4,2,1,2,1,1,2,2,2,2,1,1,2,2,2,2,1,1,2,1,2,1,1,9,1,1,1,1,0,0,0,0,0,0,0,0,0,2,2,2,0,16,0,0,0,2,2,1,1,2,3
7174128,1,0,1,1,0,10,10,0,0,1,15,15,3,3,3,3,3,3,3,3,1,2,2,1,2,2,2,2,2,1,2,2,2,2,1,1,2,1,2,1,2,1,1,1,1,1,0,0,0,0,0,0,0,0,0,1,9,1,50,52,400,0,0,4,23,6,1,1,3
7898317,2,0,1,1,0,6,23,0,0,1,6,6,8,8,2,2,2,2,10,12,1,2,2,1,2,2,2,2,2,1,2,2,2,2,1,1,2,1,1,1,1,9,1,1,1,1,0,0,0,0,0,0,0,0,0,1,1,0,0,50,0,0,1,6,6,5,1,2,2
5315361,2,0,1,1,0,26,35,0,0,1,27,27,26,26,1,1,1,1,30,27,1,2,2,1,2,2,2,2,2,1,2,2,2,1,1,1,2,1,1,1,1,9,1,1,1,1,1,1,1,1,4,4,4,4,1,1,9,31,0,48,0,0,1,14,4,3,1,2,1
5495771,3,0,2,1,0,14,48,0,0,1,15,15,15,15,2,2,2,2,18,18,1,2,2,1,2,2,2,2,2,1,2,2,2,2,1,1,2,1,1,1,1,9,1,1,1,1,1,1,1,4,4,1,4,4,1,1,2,80,27,164,102,50,0,39,39,14,1,1,3
2457080,1,0,1,1,0,4,11,0,0,1,6,6,5,5,1,1,1,1,3,0,1,2,2,1,2,2,2,2,2,1,2,2,2,2,1,1,2,1,1,1,1,9,1,1,1,1,0,0,0,0,0,0,0,0,0,2,9,1,0,25,0,0,1,2,2,2,1,2,2
3926217,2,0,1,1,0,3,0,6,0,1,3,3,3,3,1,1,1,0,6,6,1,2,2,1,2,2,2,2,2,1,2,2,2,2,1,1,2,1,1,1,1,9,1,1,2,2,0,0,0,0,0,0,0,0,0,1,2,0,0,6,0,0,0,0,1,1,1,2,3
8190299,2,0,1,1,0,9,16,0,0,1,9,9,9,9,1,1,1,1,5,5,1,2,2,1,2,2,2,2,2,1,2,2,2,2,1,1,2,1,1,1,1,9,1,1,1,1,1,1,1,4,4,4,4,4,2,1,1,0,0,20,0,0,1,0,1,3,1,2,3
6590560,2,0,1,1,0,5,18,0,0,1,16,16,16,16,0,0,1,1,16,16,1,2,2,1,2,2,2,2,2,1,2,2,2,2,1,1,2,1,2,2,1,9,2,1,1,1,0,0,0,0,0,0,0,0,0,1,9,0,0,20,0,0,0,18,0,1,1,2,2
1184131,1,0,1,1,0,5,14,0,0,1,2,2,2,2,1,1,0,0,4,4,1,2,2,1,2,2,2,2,2,1,2,2,2,2,1,1,2,1,2,2,1,9,1,1,1,1,0,0,0,0,0,0,0,0,0,1,9,1,5,25,4,25,1,6,2,2,1,1,2
1113689,1,0,1,1,0,10,14,0,0,1,17,17,11,11,1,1,1,1,15,10,1,2,2,1,1,2,2,2,2,1,1,2,2,2,1,1,2,1,1,1,1,9,1,1,2,1,1,1,1,1,2,1,2,2,1,1,9,3,0,44,0,44,1,30,1,6,1,2,1
4994853,2,0,1,1,0,35,35,0,0,1,7,7,9,9,1,1,1,1,20,12,1,2,2,1,2,2,2,2,2,1,2,2,2,2,1,1,1,1,2,2,1,9,1,1,1,1,0,0,0,0,0,0,0,0,0,1,2,0,0,65,500,0,0,0,35,3,1,2,2
1303161,2,0,1,1,0,10,47,0,0,1,14,14,16,16,1,1,1,1,14,16,1,2,2,1,2,2,2,2,2,1,2,2,2,2,1,1,2,1,2,2,1,9,1,1,1,1,1,1,1,2,4,4,4,4,1,1,2,1,0,50,0,38,1,38,38,8,1,1,2
8004106,1,0,1,1,0,4,12,0,0,1,1,1,1,1,1,1,1,1,4,1,1,2,2,1,2,2,2,2,2,1,2,2,2,2,1,1,2,1,2,2,2,1,2,2,9,1,2,2,2,4,4,4,4,4,2,1,9,0,0,25,0,0,1,1,1,3,1,2,3
2935625,2,0,0,3,0,5,6,0,0,1,2,2,2,2,0,0,1,1,4,4,1,2,2,1,2,2,2,2,2,1,2,2,2,2,1,1,2,1,2,2,2,1,1,1,1,1,0,0,0,0,0,0,0,0,0,1,1,1,89,12,0,6,1,6,3,1,1,1,2
8449620,1,0,1,1,0,15,11,0,0,1,6,6,6,6,6,6,6,6,6,6,1,2,2,1,2,2,2,2,2,1,2,2,2,1,1,1,1,1,2,2,1,9,1,1,2,1,1,1,1,1,1,1,4,4,1,1,9,2,0,10,0,17,2,11,12,7,1,1,3
9756804,2,0,1,1,0,24,19,0,0,1,2,2,2,2,2,2,2,2,9,2,1,2,2,1,2,2,2,2,2,1,2,2,2,2,1,1,2,1,2,2,1,9,1,1,2,1,0,0,0,0,0,0,0,0,0,1,1,0,0,19,0,19,1,0,1,1,1,2,2
7247807,1,0,1,1,0,23,10,0,0,1,15,15,14,14,1,1,1,1,21,0,1,2,2,1,2,2,2,2,2,1,2,2,2,1,1,1,2,1,2,1,1,9,1,1,1,1,0,0,0,0,0,0,0,0,0,1,9,2,0,27,20,0,1,10,1,2,1,2,1
1440759,2,0,1,1,0,7,18,0,0,1,6,6,6,6,1,1,1,1,3,0,1,2,2,1,2,2,2,2,2,1,2,2,2,2,1,1,2,1,2,2,1,9,1,1,1,1,0,0,0,0,0,0,0,0,0,1,9,6,0,30,0,0,1,0,18,2,1,2,1
2430407,2,0,1,1,0,10,6,0,0,1,4,4,4,4,1,1,1,1,5,5,1,2,2,1,2,2,2,2,2,1,2,2,2,2,1,1,2,1,1,1,2,1,1,1,2,1,0,0,0,0,0,0,0,0,0,1,9,0,0,13,0,0,0,0,2,2,1,2,3
3453374,1,0,1,1,0,9,11,0,0,1,4,4,4,4,1,1,1,1,4,2,1,2,2,1,2,2,2,2,2,1,2,2,2,2,1,1,2,1,1,1,1,9,1,1,2,1,1,1,1,4,4,2,4,2,1,1,9,30,0,1,0,0,1,0,2,1,1,1,2
3421138,2,0,1,1,0,12,48,0,0,1,12,12,6,6,1,1,1,1,12,6,1,2,2,1,2,2,2,2,2,1,2,2,2,2,1,1,2,1,2,2,1,9,2,1,1,1,3,3,3,3,3,3,3,3,3,2,2,1,0,20,0,1,1,0,2,4,1,2,3
6138822,2,0,1,1,0,14,9,0,0,1,4,4,4,4,1,1,1,1,4,4,1,2,2,1,2,2,2,2,2,1,2,2,2,2,1,1,2,1,1,1,1,9,1,1,1,1,0,0,0,0,0,0,0,0,0,1,9,0,0,20,0,0,0,1,1,1,1,2,2
9921132,2,0,1,1,0,1,3,0,0,1,0,0,2,2,0,0,1,1,0,3,1,2,2,1,2,2,2,2,2,1,2,2,2,1,1,1,2,1,2,2,1,9,1,1,1,1,0,0,0,0,0,0,0,0,0,2,2,1,0,1,0,0,0,0,1,0,1,2,3
5426269,2,0,1,1,0,7,11,0,0,1,6,6,4,4,4,4,4,4,4,4,1,2,2,1,2,2,2,2,2,1,2,2,2,2,1,1,2,1,1,1,1,9,1,1,1,1,1,1,1,1,1,3,3,3,1,1,9,3,0,60,0,60,1,0,1,4,1,2,3
1316576,2,0,1,1,0,11,9,0,0,1,1,1,1,1,2,2,2,2,1,1,1,2,2,1,2,2,2,2,2,1,2,2,2,2,1,1,2,1,2,2,2,1,2,1,2,1,4,4,4,4,4,4,4,4,4,1,2,0,0,1,0,0,0,0,0,1,1,2,3
2315017,1,0,1,1,0,17,14,0,0,1,22,22,29,29,2,2,2,2,23,25,1,2,2,1,2,2,2,2,2,1,2,2,2,2,1,1,2,1,2,2,1,9,1,1,1,1,1,1,1,3,4,4,4,1,1,1,2,5,0,25,25,0,0,5,3,4,1,1,2
7188401,1,0,1,1,0,4,3,0,0,1,1,1,0,0,1,0,1,1,2,2,1,2,2,1,2,2,2,2,2,1,2,2,2,2,1,1,2,1,2,1,2,1,1,1,1,1,0,0,0,0,0,0,0,0,0,1,2,0,0,5,0,0,1,0,1,2,1,2,2
3189330,2,0,1,1,0,1,3,0,0,2,1,1,1,1,1,1,1,1,1,1,1,2,2,1,2,2,2,2,2,1,2,2,2,2,1,1,2,1,1,1,1,9,1,1,2,1,0,0,0,0,0,0,0,0,0,1,1,1,0,2,0,12,0,0,1,1,1,2,3
9352567,2,0,1,1,0,4,6,0,0,1,7,7,0,0,1,1,0,0,7,0,1,2,2,1,2,2,2,2,2,1,2,2,2,2,1,1,2,1,2,1,1,9,1,1,1,1,0,0,0,0,0,0,0,0,0,1,1,0,0,10,0,3,1,4,4,3,1,2,3
2406437,1,0,1,1,0,36,26,0,0,1,0,0,11,11,0,0,1,1,0,41,1,2,2,1,2,2,2,2,2,1,2,2,2,2,1,1,1,1,1,2,1,9,2,1,1,1,1,1,1,3,3,3,1,3,3,2,2,1,0,1,0,0,1,1,1,1,1,2,2
9961517,2,0,1,1,0,6,6,0,0,1,3,3,4,4,1,1,1,1,4,2,1,2,2,1,2,2,2,2,2,1,2,2,2,2,1,1,2,1,2,1,1,9,1,1,1,1,0,0,0,0,0,0,0,0,0,1,9,3,0,25,0,17,0,6,1,4,1,1,1
5132025,1,0,1,1,0,10,16,0,0,1,5,5,3,3,1,1,2,2,2,2,1,2,2,1,2,2,1,2,2,1,2,2,1,2,1,1,2,1,1,1,2,1,1,1,1,1,1,1,1,2,2,2,2,2,3,1,9,3,0,25,0,0,1,1,1,3,1,2,2
3987748,4,0,2,1,0,16,46,0,0,1,34,34,36,36,7,7,7,7,34,36,1,2,2,1,2,2,2,2,2,1,2,2,2,2,1,1,2,1,1,1,1,9,1,1,1,1,1,1,1,4,1,4,4,4,1,1,2,10,0,100,1400,25,0,10,35,2,1,2,1
8448711,2,0,1,1,0,7,23,0,0,1,6,6,6,6,1,1,1,1,6,6,1,2,2,1,2,2,2,2,2,1,2,2,2,2,1,1,2,1,1,1,2,1,1,1,1,1,0,0,0,0,0,0,0,0,0,1,2,0,0,25,0,23,0,23,23,2,1,2,3
9268093,1,0,1,1,0,6,6,0,0,1,2,2,3,3,1,1,0,0,5,5,1,2,2,1,2,2,2,2,2,1,2,2,2,2,1,1,2,1,2,1,1,9,1,1,2,1,0,0,0,0,0,0,0,0,0,2,9,1,0,2,0,0,0,0,0,1,1,1,3
9081410,2,0,1,1,0,6,6,0,0,1,1,1,1,1,1,1,1,1,2,1,1,2,2,1,2,2,2,2,2,1,2,2,2,2,1,1,2,1,2,2,1,9,1,1,1,1,0,0,0,0,0,0,0,0,0,1,1,1,0,2,0,0,1,6,7,2,1,2,2
1994929,2,0,1,1,0,3,3,0,0,1,7,7,3,3,1,1,0,0,0,0,1,2,2,1,2,2,2,2,2,1,2,2,2,1,1,1,3,1,2,1,1,9,2,1,2,1,0,0,0,0,0,0,0,0,0,2,2,23,1,2,0,0,0,1,3,2,1,2,2
6414386,2,0,1,1,0,1,3,0,0,1,2,2,2,2,1,1,1,1,1,1,1,2,2,1,2,2,2,2,2,1,2,2,2,2,1,1,2,1,2,2,1,9,1,1,1,1,0,0,0,0,0,0,0,0,0,1,2,1,0,12,0,0,0,0,1,1,1,2,2
1605466,2,0,1,1,0,8,18,0,0,1,10,10,0,0,3,3,0,0,13,0,1,2,2,1,2,2,2,2,2,1,2,2,2,1,1,1,2,1,2,2,1,9,1,1,1,1,0,0,0,0,0,0,0,0,0,1,1,0,0,30,0,20,0,18,18,3,1,2,3
5334335,1,0,1,1,0,7,49,0,0,1,34,34,33,33,6,6,7,7,50,0,1,2,2,1,2,2,2,2,2,1,2,2,2,2,1,1,2,1,1,1,2,1,1,1,1,1,0,0,0,0,0,0,0,0,0,1,9,0,0,24,0,0,1,0,1,3,1,1,3
7197061,2,0,1,1,0,8,15,2,0,1,20,20,0,0,1,0,0,0,25,0,1,2,2,1,2,2,2,2,2,1,2,2,2,2,1,1,2,1,2,2,1,9,2,1,1,1,0,0,0,0,0,0,0,0,0,1,2,1,0,3,0,1,0,1,19,3,1,2,2
1094742,2,0,1,1,0,7,14,0,0,1,4,4,4,4,2,2,2,2,4,4,1,2,2,1,2,2,2,2,2,1,2,2,2,2,1,1,2,1,2,2,1,9,1,1,2,1,4,4,4,4,4,4,4,4,4,2,9,1,0,5,0,0,1,0,1,4,1,2,2
7640056,1,0,1,1,0,8,32,0,0,1,19,19,25,25,5,5,5,5,20,20,1,2,2,1,2,2,2,2,2,1,2,2,2,2,1,1,2,1,2,2,1,9,1,1,1,1,0,0,0,0,0,0,0,0,0,2,9,2,0,14,0,50,0,0,32,6,1,2,1
1400212,1,0,1,1,0,5,28,1,0,1,4,4,12,12,4,4,12,12,5,13,1,2,2,1,2,2,2,2,2,1,2,2,2,2,1,1,2,1,1,1,1,9,1,1,1,1,1,1,1,3,3,3,3,3,4,1,1,0,0,20,0,0,1,0,1,2,1,2,2
3741365,1,0,1,1,0,27,27,0,0,1,7,7,13,13,1,1,0,0,10,11,1,2,2,1,2,2,2,2,2,1,2,2,2,1,1,1,2,1,2,1,1,9,1,1,1,1,1,1,1,4,4,4,4,4,1,1,1,1,0,60,0,0,1,0,2,4,1,2,2
9631471,2,0,1,1,0,1,4,0,0,2,2,2,3,3,1,1,0,0,5,5,1,2,2,1,2,2,2,2,2,1,2,2,2,2,1,1,2,1,2,2,1,9,1,1,1,1,0,0,0,0,0,0,0,0,0,2,2,1,0,1,0,0,0,0,1,1,1,2,3
9143852,1,0,6,1,0,2,6,0,0,1,2,2,2,2,1,1,1,1,6,4,1,2,2,1,2,2,2,2,2,1,2,2,2,2,1,1,2,1,1,1,1,9,1,1,1,1,0,0,0,0,0,0,0,0,0,1,1,1,25,11,0,0,1,0,1,1,1,2,2
7714723,2,0,1,1,0,6,6,0,0,1,2,2,3,3,1,1,2,2,8,5,1,2,2,1,2,2,2,2,2,1,2,2,2,2,1,1,2,1,1,1,1,9,1,1,1,1,0,0,0,0,0,0,0,0,0,2,2,1,15,3,0,1,0,1,1,2,1,2,3
1645486,1,0,1,1,0,4,32,0,0,1,10,10,10,10,1,1,1,1,20,20,1,2,2,1,2,2,2,2,2,1,2,2,2,2,1,1,2,1,1,2,1,9,1,1,1,1,1,1,1,1,1,1,4,4,2,1,1,0,0,40,0,40,1,1,3,6,1,1,3
6703765,1,0,1,4,0,6,8,0,0,1,6,6,2,2,1,1,1,1,2,2,1,2,2,1,2,2,2,2,2,1,2,2,2,2,1,1,2,1,2,2,2,1,1,1,2,1,2,2,2,2,4,4,4,4,4,1,9,2,0,15,0,0,0,0,1,3,1,2,3
3281039,2,0,1,1,0,6,12,0,0,1,9,9,0,0,2,2,0,0,10,0,1,2,2,1,2,2,2,2,2,1,2,2,2,2,1,1,1,1,2,2,1,9,1,1,1,1,0,0,0,0,0,0,0,0,0,1,2,0,2,70,0,12,0,12,12,4,1,2,2
7837910,2,0,1,1,0,5,10,0,0,1,2,2,2,2,1,1,0,0,2,2,1,2,2,1,2,2,2,2,2,1,2,2,2,2,1,1,2,1,2,2,1,9,1,1,1,1,0,0,0,0,0,0,0,0,0,1,9,1,0,10,0,0,1,1,1,1,1,2,3
8102521,1,0,1,1,0,8,33,0,0,1,16,16,21,21,1,1,1,1,16,21,1,2,2,1,2,2,2,2,2,1,2,2,2,2,1,1,2,1,1,2,1,9,1,1,1,1,4,1,1,4,4,4,4,4,1,1,1,1,25,45,0,0,2,0,2,2,1,2,2
4300307,1,0,1,1,0,13,79,0,0,1,28,28,47,47,1,1,1,1,34,0,1,2,2,1,1,2,2,2,2,1,1,2,2,2,1,1,2,1,2,2,1,9,1,1,1,1,1,1,1,1,2,1,4,1,1,1,9,12,0,150,0,0,1,4,10,12,1,2,1
3577124,1,0,1,1,0,8,9,0,0,1,0,0,12,12,0,0,1,1,0,2,1,2,2,1,2,2,2,2,2,1,2,2,2,2,1,1,1,1,1,1,2,1,1,1,1,1,4,4,4,4,4,4,4,4,1,1,9,2,0,67,0,0,1,0,3,3,1,2,2
4082113,2,0,2,1,0,6,9,0,0,1,2,2,3,3,1,1,1,1,2,3,1,2,2,1,2,2,2,2,2,1,2,2,2,2,1,1,2,1,1,1,1,9,2,1,2,1,0,0,0,0,0,0,0,0,0,2,9,0,0,2,0,0,0,0,1,2,1,2,3
9112417,2,0,1,1,0,7,8,0,0,1,2,2,2,2,1,1,1,1,2,2,1,2,2,1,2,2,2,2,2,1,2,2,2,2,1,1,2,1,1,1,1,9,1,1,2,1,4,4,4,4,4,4,4,4,1,1,2,0,0,30,0,35,1,0,0,2,1,2,2
3704630,2,0,1,1,0,8,12,0,0,1,12,12,18,18,1,1,7,7,13,19,1,2,2,1,2,2,2,2,2,1,2,2,2,2,1,1,2,1,2,2,1,9,1,1,1,1,0,0,0,0,0,0,0,0,0,1,9,1,0,30,550,30,1,12,12,2,1,2,3
9866177,2,0,2,1,0,6,6,0,0,1,3,3,4,4,1,1,1,1,3,5,1,2,2,1,2,2,2,2,2,1,2,2,2,2,1,1,1,1,1,1,1,9,1,1,2,1,0,0,0,0,0,0,0,0,0,1,2,0,0,18,0,0,1,2,3,4,1,1,2
9154962,1,0,1,1,0,6,27,0,0,1,10,10,12,12,3,3,3,3,8,12,1,2,2,1,2,2,1,2,2,1,2,2,1,2,1,1,2,1,1,1,1,9,1,1,1,1,1,1,1,4,1,4,4,4,1,1,9,4,10,30,0,18,0,18,18,5,1,2,1
7881294,1,0,1,1,0,3,3,0,0,1,2,2,2,2,1,1,1,1,5,5,1,2,2,1,2,2,2,2,2,1,2,2,2,2,2,1,2,1,2,2,2,1,2,1,1,1,0,0,0,0,0,0,0,0,0,1,9,0,0,11,0,0,0,0,0,1,1,2,2
1313782,2,0,1,1,0,10,17,0,0,1,5,5,5,5,1,1,1,1,7,7,1,2,2,1,2,2,2,2,2,1,2,2,2,2,2,1,2,1,2,2,1,9,1,2,9,1,1,1,1,1,4,4,4,1,1,1,1,22,50,40,0,2,0,0,2,3,1,1,3
1304578,1,0,1,1,0,8,6,0,0,1,0,0,14,14,0,0,3,3,0,17,1,2,2,1,2,2,2,2,2,1,2,2,2,2,1,1,2,1,2,2,1,9,1,1,1,1,0,0,0,0,0,0,0,0,0,1,9,7,0,30,0,0,1,6,8,3,1,2,2
7660355,1,0,1,1,0,15,25,0,0,1,14,14,15,15,1,1,0,0,15,15,1,2,2,1,2,1,2,2,2,1,2,1,2,2,1,1,2,1,1,1,1,9,1,1,1,1,1,1,1,1,1,3,3,3,1,1,9,0,0,21,0,21,1,34,17,5,1,2,3
7052951,2,0,1,1,0,15,46,0,0,1,49,49,50,50,49,49,50,50,104,48,1,2,2,1,2,2,2,2,2,1,2,2,2,1,1,1,1,1,2,1,1,9,1,1,1,1,0,0,0,0,0,0,0,0,0,1,9,135,0,33,0,0,2,47,4,7,1,2,2
6951259,2,0,1,1,0,8,8,0,0,1,6,6,5,5,2,2,2,2,8,4,1,2,2,1,2,2,2,2,2,1,2,2,2,2,1,1,2,1,2,2,1,9,1,1,1,1,1,1,1,4,4,4,4,4,1,1,9,0,0,25,0,0,1,0,0,1,1,2,3
2943702,3,0,1,1,0,6,6,0,0,1,9,9,6,6,0,0,0,0,9,6,1,2,2,1,2,2,2,2,2,1,2,2,2,2,1,1,3,1,2,2,1,9,1,1,2,1,4,4,4,4,4,4,4,4,4,1,2,25,0,100,0,0,1,4,2,15,1,2,2
9773823,2,0,1,1,0,8,8,0,0,1,4,4,4,4,1,1,1,1,4,4,1,2,2,1,2,2,2,2,2,1,2,2,2,2,1,1,2,1,1,1,1,9,2,1,2,1,1,1,1,4,4,2,4,4,4,1,1,0,0,11,0,10,1,1,1,1,1,2,2
7553451,2,0,1,1,0,6,6,0,0,1,3,3,0,0,1,1,0,0,3,0,1,2,2,1,2,2,2,2,2,1,2,2,2,2,1,1,2,1,2,2,1,9,1,1,1,1,0,0,0,0,0,0,0,0,0,1,1,0,0,10,0,6,1,0,6,1,1,2,2
8242269,2,0,1,1,0,16,18,0,0,1,41,41,24,24,1,1,1,1,32,0,1,2,2,1,1,2,2,2,2,1,1,2,2,1,1,1,2,1,1,1,1,9,1,1,1,1,0,0,0,0,0,0,0,0,0,1,1,1,0,44,10,3,4,19,1,5,1,2,1
9383616,2,0,3,1,0,3,3,0,0,1,1,1,1,1,1,1,1,1,4,2,1,2,2,1,2,2,2,2,2,1,2,2,2,2,1,1,2,1,2,2,1,9,2,1,1,1,0,0,0,0,0,0,0,0,0,2,2,1,0,1,0,0,0,0,1,1,1,2,3
5373982,1,0,1,1,0,13,48,0,0,1,8,8,8,8,0,0,0,0,8,8,1,2,2,1,2,2,2,2,2,1,2,2,2,1,1,1,2,1,2,1,1,9,1,2,9,1,1,1,1,4,4,4,4,4,1,1,1,0,0,52,0,0,2,1,1,5,1,2,3
3964759,2,0,1,1,0,9,5,0,0,1,2,2,2,2,0,0,1,1,4,4,1,2,2,1,2,2,2,2,2,1,2,2,2,2,1,1,2,1,2,1,1,9,1,1,1,1,0,0,0,0,0,0,0,0,0,1,9,5,0,14,0,1,0,6,2,4,1,2,3
3020188,2,0,1,1,0,10,7,0,0,1,1,1,1,1,2,2,0,0,1,0,1,2,1,1,2,2,2,2,1,1,2,2,2,2,1,1,2,1,1,1,1,9,1,1,1,3,1,1,1,1,1,4,4,1,1,1,9,0,0,21,0,21,1,34,17,3,1,2,2
8461470,1,0,1,5,0,6,7,0,0,1,2,2,2,2,1,1,1,1,4,3,1,2,2,1,2,2,2,2,2,1,2,2,2,2,1,1,2,1,1,1,1,9,1,1,1,1,0,0,0,0,0,0,0,0,0,1,2,5,0,15,0,10,0,4,0,5,1,1,3
9442460,2,0,1,1,0,9,36,0,0,1,21,21,9,9,1,1,1,1,22,10,1,2,2,1,2,2,2,2,2,1,2,2,2,2,1,1,2,1,2,2,1,9,2,1,1,1,0,0,0,0,0,0,0,0,0,1,2,0,0,30,0,0,1,36,36,2,1,2,3
2563054,1,0,1,1,0,8,12,0,0,1,9,9,9,9,3,3,3,3,6,0,1,2,2,1,2,2,2,2,2,1,2,2,2,1,1,1,2,1,2,2,1,9,1,1,1,1,0,0,0,0,0,0,0,0,0,1,2,3,0,40,0,3,1,1,12,2,1,1,3
3479996,1,0,1,1,0,8,15,0,0,1,6,6,6,6,1,1,0,0,2,0,1,2,2,1,2,2,2,2,2,1,2,2,2,2,1,1,2,1,2,2,1,9,1,1,1,1,0,0,0,0,0,0,0,0,0,1,9,1,1,19,250,18,0,1,3,4,1,1,2
5674658,1,0,2,1,0,15,58,0,0,1,4,4,4,4,2,2,2,2,10,10,1,2,2,1,2,2,2,2,2,1,2,2,2,2,1,1,1,1,2,2,1,9,1,1,1,1,0,0,0,0,0,0,0,0,0,1,9,2,0,60,0,60,2,0,30,10,1,2,1
9663197,2,0,1,1,0,6,30,0,0,1,5,5,6,6,1,1,1,1,12,6,1,2,2,1,2,2,2,2,2,1,2,2,2,2,1,1,2,1,2,2,2,1,1,1,1,1,0,0,0,0,0,0,0,0,0,1,2,0,0,26,0,0,1,0,1,3,1,2,3
4927720,1,0,1,1,0,7,17,0,0,1,8,8,9,9,10,1,1,1,5,5,1,2,2,1,2,2,2,2,2,1,2,2,2,2,1,1,2,1,1,1,1,9,1,1,1,1,1,1,1,4,4,4,4,4,1,1,9,1,0,25,0,0,0,0,1,1,1,1,3
3520805,2,0,3,1,0,0,3,0,0,2,2,2,1,1,1,1,1,1,5,2,1,2,2,1,2,2,2,2,2,1,2,2,2,1,1,1,2,1,2,2,1,9,1,1,2,1,0,0,0,0,0,0,0,0,0,2,2,1,0,0,0,0,0,0,1,0,1,2,3
9093877,2,0,1,1,0,6,12,0,0,1,3,3,3,3,1,1,1,1,8,8,1,2,2,1,2,2,2,2,2,1,2,2,2,2,1,1,2,1,1,2,1,9,1,1,1,1,0,0,0,0,0,0,0,0,0,1,9,1,0,20,0,0,0,12,0,4,1,2,3
2796955,1,0,1,1,0,15,25,0,0,1,5,5,2,2,2,2,2,2,10,8,1,2,2,1,2,2,2,2,2,1,2,2,2,2,1,1,2,1,2,1,1,9,2,1,1,1,1,1,1,4,4,4,4,4,2,1,1,15,25,40,0,0,1,2,12,4,1,2,2
1794124,1,0,1,1,0,11,23,0,0,1,12,12,9,9,1,1,1,1,14,0,1,2,2,1,2,2,2,2,2,1,2,2,2,1,1,1,2,1,1,1,1,9,1,1,1,1,0,0,0,0,0,0,0,0,0,1,9,4,0,29,0,7,1,1,2,5,1,2,1
1966843,1,0,2,1,0,8,28,0,0,1,10,10,10,10,1,1,0,0,12,12,1,2,2,1,2,2,2,2,2,1,2,2,2,2,1,1,2,1,2,2,1,9,1,1,1,1,4,4,4,4,4,4,4,4,4,1,9,1,0,20,0,0,0,0,0,2,1,2,3
4370363,1,0,1,1,0,7,18,0,0,1,3,3,3,3,2,2,2,2,6,4,1,2,2,1,2,2,2,2,2,1,2,2,2,2,1,1,2,1,2,2,1,9,1,1,1,1,0,0,0,0,0,0,0,0,0,1,9,1,0,4,0,15,0,17,1,5,1,2,3
9731459,1,0,5,1,0,10,24,0,0,1,11,11,0,0,1,1,0,0,32,0,1,2,2,1,2,2,2,2,2,1,2,2,2,1,1,1,2,1,1,1,1,9,1,1,2,1,1,1,1,4,4,4,4,4,1,1,1,1,1,60,0,0,1,6,6,1,1,2,3
5687057,1,0,1,1,0,10,10,0,0,1,0,0,5,5,0,0,0,0,0,2,1,2,1,1,2,2,2,2,1,1,2,2,2,2,1,1,2,1,2,2,1,9,2,1,1,1,0,0,0,0,0,0,0,0,0,1,9,25,0,3,0,5,1,10,10,2,1,2,3
3011318,1,0,2,1,0,3,9,0,0,1,3,3,4,4,1,1,1,1,4,0,1,2,2,1,2,2,2,2,2,1,2,2,2,2,1,1,2,1,2,2,2,1,1,1,1,1,0,0,0,0,0,0,0,0,0,1,9,2,0,7,0,0,0,0,1,3,1,1,3
1964482,2,0,1,6,0,6,12,0,0,1,3,3,3,3,1,1,1,1,3,3,1,2,2,1,2,2,2,2,2,1,2,2,2,2,1,1,2,1,2,1,1,9,1,1,1,1,0,0,0,0,0,0,0,0,0,1,9,2,0,2,0,0,0,12,12,2,1,2,3
4473485,2,0,10,6,0,10,10,0,0,1,2,2,2,2,2,2,2,2,2,2,1,2,2,1,2,2,2,2,2,1,2,2,2,2,1,1,2,1,1,1,2,1,1,1,1,1,0,0,0,0,0,0,0,0,0,1,9,10,50,10,0,0,1,1,1,1,1,2,3
1939272,1,0,1,1,0,7,24,0,0,1,5,5,5,5,2,2,2,2,5,5,1,2,2,1,2,2,2,2,2,1,2,2,2,2,1,1,2,1,2,2,1,9,1,1,1,1,1,1,1,2,4,4,4,4,1,1,1,0,0,45,0,0,0,1,1,3,1,2,3
5731643,2,0,1,1,0,4,6,0,0,1,1,1,1,1,1,1,0,0,1,1,1,2,2,1,2,2,2,2,2,1,2,2,2,2,1,1,2,1,2,1,1,9,1,1,2,1,0,0,0,0,0,0,0,0,0,1,1,0,0,11,0,11,1,0,1,1,1,2,3
9089462,2,0,1,1,0,10,10,0,0,1,20,20,30,30,2,2,0,0,22,0,1,2,2,1,2,2,2,2,2,1,2,2,2,2,1,1,1,1,2,2,1,9,1,1,1,1,1,1,1,4,4,4,4,4,1,1,9,0,3,30,0,0,2,50,50,5,1,2,1
5686099,2,0,1,2,0,6,6,0,0,1,3,3,2,2,1,1,0,0,3,2,1,2,2,1,1,2,2,2,2,1,1,2,2,2,1,1,2,1,2,2,1,9,2,1,2,1,0,0,0,0,0,0,0,0,0,2,9,1,0,12,0,5,0,1,0,2,1,2,2
8669951,2,0,1,1,0,5,18,0,0,1,1,1,1,1,1,1,1,1,4,4,1,2,2,1,2,2,2,2,2,1,2,2,2,2,1,1,2,1,1,1,1,9,2,1,1,1,2,1,1,4,4,4,4,4,4,1,9,0,0,10,0,0,1,1,1,1,1,2,3
4246460,1,0,0,7,0,5,12,0,0,1,2,2,2,2,1,1,0,0,4,0,1,2,2,1,2,2,2,2,2,1,2,2,2,2,1,1,2,1,1,1,1,9,1,1,2,1,0,0,0,0,0,0,0,0,0,1,9,0,0,6,0,0,0,0,0,1,1,2,3
3237479,1,0,3,1,0,12,30,0,0,1,9,9,8,8,2,2,2,2,16,3,1,2,2,1,2,2,2,2,2,1,2,2,2,2,1,1,2,1,2,2,1,9,2,1,1,1,1,1,1,1,3,3,3,3,1,1,9,2,0,44,0,6,1,6,1,5,1,2,2
3044292,2,0,1,1,0,6,11,0,0,1,5,5,6,6,5,5,6,6,10,6,1,2,2,1,2,2,2,2,2,1,2,2,2,2,1,1,2,1,2,1,1,9,1,1,1,1,0,0,0,0,0,0,0,0,0,1,9,1,0,35,0,35,3,0,1,2,1,2,3
1849644,1,0,3,1,0,6,42,0,0,1,4,4,3,3,1,1,0,0,16,3,1,2,2,1,2,2,2,2,2,1,2,2,2,2,1,1,2,1,2,2,1,9,2,1,1,1,0,0,0,0,0,0,0,0,0,1,2,0,0,25,0,0,0,0,1,3,1,2,2
5684299,2,0,2,1,0,9,24,0,0,1,16,16,0,0,2,2,0,0,9,0,1,2,2,1,2,2,2,2,2,1,2,2,2,2,1,1,1,1,2,2,1,9,2,1,1,1,0,0,0,0,0,0,0,0,0,1,1,1,0,20,449,0,0,0,2,4,1,2,3
9651724,2,0,1,1,0,6,4,0,0,1,2,2,2,2,1,1,1,1,2,2,1,2,2,1,2,2,2,2,2,1,2,2,2,2,1,1,2,1,2,2,2,1,1,1,2,1,0,0,0,0,0,0,0,0,0,2,9,1,0,15,0,0,0,1,3,1,1,2,3
1833519,1,0,1,1,0,4,2,0,0,1,2,2,2,2,1,1,1,1,2,2,1,2,2,1,2,2,2,2,2,1,2,2,2,2,1,1,2,1,2,1,1,9,2,1,1,1,4,4,4,4,4,4,4,4,4,1,9,0,0,15,0,0,0,0,5,1,1,2,2
5803126,2,0,2,1,0,6,18,0,0,1,2,2,2,2,0,0,0,0,4,4,2,2,2,1,1,2,2,2,2,1,1,2,2,2,2,1,2,1,1,2,1,9,1,1,1,1,0,0,0,0,0,0,0,0,0,1,9,1,1,27,0,25,1,4,0,1,1,2,3
5621963,2,0,1,1,0,3,6,0,0,1,2,2,1,1,1,1,0,0,3,0,1,2,2,1,2,2,2,2,2,1,2,2,2,2,1,1,2,1,2,2,2,1,1,1,1,1,0,0,0,0,0,0,0,0,0,1,2,0,0,5,0,0,0,0,0,1,1,2,2
1091073,2,0,7,1,0,6,6,0,0,1,3,2,3,1,1,0,1,0,0,0,1,2,2,1,2,2,2,2,2,1,2,2,2,2,1,1,2,1,2,2,1,9,1,1,1,1,0,0,0,0,0,0,0,0,0,2,2,0,0,1,0,0,0,0,0,1,1,2,2
2915764,1,0,1,1,0,6,6,0,0,1,1,1,1,1,1,1,1,1,3,3,1,2,2,1,2,2,2,2,2,1,2,2,2,1,1,1,2,1,2,2,1,9,2,1,1,1,0,0,0,0,0,0,0,0,0,2,2,0,0,1,0,0,0,0,0,1,1,2,2
3357145,1,0,1,1,0,5,12,0,0,1,4,4,2,2,3,3,3,3,0,0,1,2,2,1,1,2,2,2,2,1,1,2,2,2,1,1,2,1,2,1,1,9,2,1,1,1,4,4,4,1,1,4,2,4,2,1,9,93,12,23,0,0,0,0,12,7,1,2,1
4786228,2,0,1,1,0,10,10,0,0,1,4,4,5,5,1,1,1,1,5,5,1,2,2,1,2,2,2,2,2,1,2,2,2,2,1,1,2,1,2,1,1,9,1,1,1,1,3,3,3,3,3,3,3,3,3,1,2,7,0,72,0,0,0,1,16,7,1,1,3
1629552,1,0,1,1,0,13,18,0,0,1,3,3,3,3,2,2,2,2,3,3,1,2,2,1,1,2,2,2,2,1,1,2,2,2,1,1,2,1,1,1,1,9,1,1,1,1,0,0,0,0,0,0,0,0,0,2,9,0,0,46,1500,18,0,18,19,4,1,2,3
9047213,2,0,1,1,0,6,12,0,0,1,0,0,10,10,0,0,0,0,0,0,1,2,2,1,2,2,2,2,2,1,2,2,2,2,1,1,2,1,1,1,1,9,1,1,2,1,0,0,0,0,0,0,0,0,0,1,2,0,0,21,0,1,1,1,2,3,1,2,3
7844507,1,0,6,1,0,6,6,0,0,1,3,3,5,5,1,1,1,1,3,5,1,2,2,1,2,2,2,2,2,1,2,2,2,2,1,1,2,1,2,1,1,9,1,1,1,1,0,0,0,0,0,0,0,0,0,1,2,0,0,12,0,0,0,0,1,2,1,2,3
7850622,2,0,1,1,0,9,4,0,0,1,2,2,2,2,2,1,2,1,2,2,1,2,2,1,2,2,2,2,2,1,2,2,2,2,1,1,2,1,2,2,1,9,2,1,2,1,4,4,4,4,4,4,4,4,4,2,2,0,0,1,0,0,0,0,1,1,1,2,3
2535066,1,0,1,1,0,14,14,0,0,1,9,9,9,9,3,3,3,3,15,12,1,2,2,1,2,2,2,2,2,1,2,2,2,1,1,1,1,1,2,1,1,9,2,1,1,1,2,2,2,4,4,4,4,4,4,1,9,19,0,2,0,0,0,11,1,2,1,2,1
9720454,1,0,1,7,0,5,3,3,0,1,1,1,1,1,1,1,1,1,2,2,1,2,2,1,2,2,2,2,2,1,2,2,2,2,1,1,2,1,2,2,2,1,2,1,1,1,0,0,0,0,0,0,0,0,0,1,1,0,0,1,0,0,0,0,1,1,1,2,2
4432117,1,0,1,1,0,5,18,0,0,1,4,4,4,4,1,1,1,1,8,8,1,2,2,1,2,2,2,2,2,1,2,2,2,1,1,1,2,1,2,2,1,9,2,1,1,1,0,0,0,0,0,0,0,0,0,1,9,0,0,30,0,0,1,18,0,3,1,1,2
1222548,2,0,1,1,0,6,6,0,0,1,8,8,8,8,2,2,2,2,10,10,1,2,2,1,2,2,2,2,2,1,2,2,2,2,1,1,1,1,1,1,1,9,1,1,1,1,0,0,0,0,0,0,0,0,0,1,2,0,0,7,0,3,0,0,1,1,1,2,1
6931904,1,0,1,1,0,8,10,0,0,1,4,4,4,4,1,1,1,1,0,0,1,2,2,1,2,2,2,2,2,1,2,2,2,2,1,1,2,1,2,1,1,9,1,1,2,1,0,0,0,0,0,0,0,0,0,1,9,0,0,15,0,1,0,1,1,1,1,1,3
2591682,1,0,2,1,0,8,46,0,0,1,20,20,20,20,10,10,20,20,20,20,1,2,2,1,2,2,2,2,2,1,2,2,2,2,1,1,2,1,2,2,1,9,1,1,1,1,1,1,1,4,4,1,4,4,4,1,9,2,0,90,0,0,1,0,0,0,1,2,1
4255286,2,0,1,1,0,9,18,0,0,1,12,12,0,0,2,2,0,0,24,0,1,2,1,1,2,2,2,2,1,1,2,2,2,2,1,1,1,1,2,1,1,9,2,1,1,1,0,0,0,0,0,0,0,0,0,1,2,1,0,35,0,30,6,18,0,4,1,1,3
8731655,1,0,1,1,0,5,11,0,0,1,4,4,3,3,1,1,1,1,4,3,1,2,2,1,2,2,2,2,2,1,2,2,2,1,1,1,2,1,1,1,1,9,1,1,2,1,0,0,0,0,0,0,0,0,0,1,9,1,0,4,0,0,0,0,0,1,1,2,2
7700333,1,0,1,1,0,6,44,0,0,1,11,11,11,11,1,1,1,1,6,6,1,2,2,1,2,2,2,2,2,1,2,2,2,2,1,1,2,1,1,1,1,9,1,1,1,1,1,1,1,4,1,4,1,4,1,1,9,1,0,130,0,0,0,0,4,5,1,2,1
5669893,2,0,1,1,0,20,44,0,0,1,18,18,21,21,3,3,3,3,6,0,1,2,2,1,2,2,2,2,2,1,2,2,2,1,1,1,1,1,2,2,1,9,1,1,1,1,1,1,1,4,4,4,4,4,1,1,2,0,0,65,0,74,2,44,1,7,1,2,2
7307264,2,0,1,6,0,7,4,0,0,1,1,1,1,1,1,1,1,1,4,0,1,2,2,1,2,2,2,2,2,1,2,2,2,2,1,1,2,1,2,2,1,9,1,1,1,1,1,1,1,4,4,4,4,4,1,1,9,0,0,27,0,0,0,0,0,1,1,2,3
5040174,1,0,2,1,0,7,26,0,0,1,15,15,15,15,1,1,1,1,18,10,1,2,2,1,2,2,2,2,2,1,2,2,2,2,1,1,2,1,1,2,1,9,1,1,1,1,1,1,1,4,4,4,4,4,4,1,9,1,0,50,0,0,0,20,1,4,1,2,3
6307481,2,0,1,1,0,5,32,0,0,1,16,16,13,13,1,1,1,1,42,0,1,2,2,1,2,2,2,2,2,1,2,2,2,1,1,1,1,1,2,1,1,9,2,1,1,1,1,1,1,1,4,4,4,4,1,1,2,2,0,40,0,0,1,32,1,3,1,2,2
9612061,1,0,3,1,0,7,26,3,0,1,0,0,11,11,0,0,2,2,0,4,1,2,2,1,2,2,2,2,2,1,2,2,2,1,1,1,1,1,1,1,1,9,1,1,2,1,4,4,4,4,4,4,4,4,4,1,2,46,127,30,75,20,0,3,16,3,1,2,3
9669367,1,0,1,1,0,4,5,3,0,1,3,3,3,3,1,1,1,1,4,4,1,2,2,1,1,2,2,2,2,1,1,2,2,2,1,1,2,1,1,2,2,1,1,1,1,1,0,0,0,0,0,0,0,0,0,1,1,1,1,12,0,10,1,1,1,4,1,1,2
8289668,1,0,1,1,0,4,3,0,0,1,1,1,0,0,1,1,0,0,1,0,1,2,2,1,2,2,1,2,2,1,2,2,1,2,1,1,2,1,2,2,2,1,1,1,2,1,0,0,0,0,0,0,0,0,0,2,2,1,0,1,0,0,0,0,0,1,1,2,2
1042996,2,0,1,1,0,8,10,0,0,1,2,2,2,2,1,1,1,1,10,10,1,2,1,1,2,2,2,2,1,1,2,2,2,2,1,1,2,1,2,2,1,9,2,1,1,1,0,0,0,0,0,0,0,0,0,1,1,0,0,10,0,1,1,1,1,1,1,2,3
5720327,1,0,1,1,0,3,6,0,0,1,1,1,2,2,1,1,1,1,3,3,1,2,2,1,2,2,2,2,2,1,2,2,2,1,1,1,2,1,1,1,1,9,1,1,2,1,3,3,3,3,3,3,3,3,1,1,9,1,0,6,549,6,1,4,4,2,1,1,3
7012340,2,0,2,1,0,3,6,0,0,1,2,2,2,2,1,1,0,0,3,4,1,2,2,1,2,2,2,2,2,1,2,2,2,2,1,1,2,1,2,2,2,1,1,1,1,1,0,0,0,0,0,0,0,0,0,1,1,1,57,18,0,0,0,5,1,2,1,1,2
2465247,2,0,1,1,0,10,32,0,0,1,10,10,13,13,1,1,2,2,44,18,1,2,2,1,2,2,2,2,2,1,2,2,2,2,1,1,1,1,1,1,1,9,1,1,1,1,1,1,1,1,1,2,4,4,1,1,2,0,0,30,0,0,8,0,18,10,1,2,2
6774837,2,0,1,1,0,6,6,0,0,1,4,4,4,4,1,1,1,1,18,8,1,2,2,1,2,2,2,2,2,1,2,2,2,2,1,1,2,1,1,1,1,9,1,1,2,1,0,0,0,0,0,0,0,0,0,1,2,17,0,40,0,0,0,1,4,2,1,2,3
6461195,2,0,1,1,0,11,59,0,0,1,2,2,2,2,6,6,5,5,7,3,1,2,2,1,2,2,2,2,2,1,2,2,2,2,1,1,2,1,2,1,1,9,1,1,1,1,1,1,1,3,3,3,3,3,3,1,1,0,0,40,0,0,2,0,1,1,1,2,3
9192259,1,0,1,1,0,12,25,0,0,1,30,30,44,44,5,5,5,5,64,0,1,2,2,1,2,2,2,2,2,1,2,2,2,2,1,1,2,1,1,1,1,9,1,1,1,1,0,0,0,0,0,0,0,0,0,1,9,0,0,57,0,0,2,23,2,5,1,2,1
4367751,2,0,1,1,0,4,7,0,0,1,3,3,3,3,1,1,1,1,12,12,1,2,1,1,2,2,2,2,1,1,2,2,2,2,1,1,2,1,1,2,1,9,1,1,1,1,4,4,4,4,4,4,4,4,4,2,2,1,0,1,0,1,0,0,1,1,1,1,3
3363836,2,0,1,1,0,7,5,0,0,1,2,2,2,2,2,2,2,2,5,5,1,2,2,1,2,2,2,2,2,1,2,2,2,2,1,1,2,1,1,2,1,9,1,1,1,1,0,0,0,0,0,0,0,0,0,1,1,0,0,10,0,1,1,3,3,2,1,1,2
6201621,2,0,1,1,0,19,52,0,0,1,40,40,50,50,6,6,0,0,67,0,1,2,2,1,2,2,2,2,2,1,2,2,2,1,1,1,1,1,2,1,1,9,1,1,2,1,0,0,0,0,0,0,0,0,0,1,9,3,0,135,0,0,3,46,2,8,1,2,1
2157656,1,0,1,1,0,10,57,0,0,1,28,28,28,28,4,4,4,4,22,22,1,2,2,1,2,2,2,2,2,1,2,2,2,2,1,1,2,1,2,2,1,9,1,1,2,1,1,1,1,1,1,4,4,4,1,1,9,0,0,40,0,42,1,0,1,8,1,2,1
7662504,1,0,1,7,0,10,3,0,0,1,1,1,4,4,1,1,1,1,4,0,1,2,2,1,2,2,2,2,2,1,2,2,2,2,1,1,2,1,2,2,2,1,2,1,1,1,0,0,0,0,0,0,0,0,0,1,9,0,0,13,0,4,1,1,1,1,1,2,3
8298036,1,0,0,1,0,6,3,3,0,1,1,1,2,2,1,1,0,0,5,2,1,2,2,1,2,2,2,2,2,1,2,2,2,2,1,1,2,1,1,1,1,9,1,1,2,1,0,0,0,0,0,0,0,0,0,2,2,0,0,2,0,0,0,0,1,1,1,2,3
1936579,2,0,1,1,0,9,25,0,0,1,20,20,4,4,2,2,0,0,20,4,1,2,2,1,2,2,2,2,2,1,2,2,2,2,1,1,2,1,1,1,1,9,2,1,1,1,1,1,1,1,1,1,1,1,1,1,2,1,0,66,0,25,1,25,25,9,1,2,3
6269214,1,0,1,5,0,6,8,0,0,1,1,1,3,3,0,0,1,1,0,0,1,2,2,1,2,2,2,2,2,1,2,2,2,2,1,1,2,1,2,1,2,1,2,1,2,1,0,0,0,0,0,0,0,0,0,1,1,0,0,6,0,6,1,6,4,2,1,2,3
6404036,2,0,1,1,0,7,22,0,0,1,7,7,6,6,1,1,1,1,8,7,1,2,2,1,1,2,2,2,2,1,1,2,2,2,1,1,2,1,2,2,1,9,1,1,2,1,0,0,0,0,0,0,0,0,0,1,9,0,0,55,0,0,1,5,1,2,1,2,2
3024598,1,0,1,1,0,10,10,0,0,1,4,4,4,4,1,1,1,1,4,4,1,2,2,1,2,2,2,2,2,1,2,2,2,2,1,1,2,1,1,1,1,9,1,1,1,1,1,1,1,1,1,1,3,1,1,1,9,40,10,20,0,10,1,0,10,5,1,2,2
8365071,1,0,1,1,0,9,12,0,0,1,2,2,2,2,2,2,2,2,4,4,1,2,2,1,2,2,1,2,2,1,2,2,1,2,1,1,2,1,2,1,1,9,2,1,1,1,4,4,4,4,4,4,4,4,4,2,9,10,46,2,0,0,1,10,0,5,1,2,1
3083389,1,0,1,1,0,6,12,0,0,1,5,4,5,4,1,1,0,0,5,5,1,2,2,1,2,2,2,2,2,1,2,2,2,2,1,1,2,1,2,2,1,9,1,1,2,1,4,4,4,3,3,3,4,4,3,1,9,1,0,6,0,0,0,0,1,1,1,1,3
2330037,2,0,2,1,0,12,12,0,0,1,0,0,6,6,0,0,2,2,0,6,1,2,2,1,2,2,2,2,2,1,2,2,2,2,1,1,2,1,2,1,1,9,1,1,1,1,4,4,4,4,4,4,4,4,4,2,2,0,0,8,0,0,1,0,1,1,1,2,2
6688398,2,0,1,1,0,3,3,0,0,1,1,1,1,1,1,1,1,1,5,5,1,2,2,1,2,2,2,2,2,1,2,2,2,2,1,1,3,1,2,2,1,9,2,1,2,1,0,0,0,0,0,0,0,0,0,2,2,1,0,2,0,0,0,0,0,0,1,2,3
7176235,1,0,3,1,0,10,14,0,0,1,1,1,1,1,1,1,1,1,2,0,1,2,2,1,2,2,1,2,2,1,2,2,1,2,1,1,1,1,2,2,1,9,2,1,2,1,1,1,1,4,4,4,4,4,1,1,9,5,0,1,0,38,1,2,0,1,1,1,1
6360702,1,0,1,1,0,5,12,0,0,1,2,2,2,2,1,1,1,1,4,4,1,2,2,1,2,2,2,2,2,1,2,2,2,2,1,1,2,1,1,1,1,9,2,1,2,1,4,4,4,4,4,4,4,4,4,1,9,1,1,12,0,2,2,4,1,4,1,1,3
1291187,2,0,1,1,0,8,20,0,0,1,5,5,5,5,5,5,5,5,6,10,1,2,2,1,2,2,2,2,2,1,2,2,2,1,1,1,1,1,2,1,1,9,1,1,1,1,0,0,0,0,0,0,0,0,0,1,9,31,0,49,0,4,2,20,20,5,1,2,1
4821603,2,0,2,1,0,10,80,0,0,1,22,22,26,26,6,6,9,9,60,47,1,2,2,1,2,2,2,2,2,1,2,2,2,1,1,1,2,1,2,1,1,9,1,1,1,1,1,1,1,1,1,1,1,1,3,2,2,1,1,278,485,63,1,44,50,11,1,2,3
6147892,2,0,1,1,0,8,11,0,0,1,4,4,4,4,4,4,4,4,4,4,1,2,2,2,2,2,1,2,2,2,2,2,1,2,1,1,2,1,1,1,2,1,1,1,1,1,1,1,1,4,4,4,4,4,1,1,9,1,0,46,38,2,2,1,1,3,1,2,3
3986936,2,0,1,3,0,2,6,0,0,1,1,1,1,1,1,1,1,1,1,1,1,2,2,1,2,2,1,2,2,1,2,2,1,2,1,1,2,1,2,2,1,9,1,1,1,1,0,0,0,0,0,0,0,0,0,2,2,0,0,3,0,0,0,1,2,2,1,2,2
3559091,2,0,1,1,0,3,12,0,0,1,0,0,5,5,0,0,0,0,0,1,1,2,2,1,2,2,2,2,2,1,2,2,2,2,1,1,2,1,2,1,2,1,1,1,2,1,0,0,0,0,0,0,0,0,0,2,2,0,0,1,0,0,0,0,0,1,1,2,3
9904283,2,0,1,1,0,7,18,0,0,1,4,4,3,3,1,1,1,1,5,5,1,2,1,1,2,2,2,2,1,1,2,2,2,2,1,1,2,1,2,1,2,1,2,1,1,1,1,1,1,1,1,1,1,1,2,1,1,0,0,18,0,1,0,0,2,2,1,2,2
9387485,1,0,1,1,0,8,43,0,0,1,16,16,16,16,1,1,1,1,17,17,1,2,2,1,2,2,2,2,2,1,2,2,2,1,1,1,2,1,1,1,1,9,2,1,1,1,1,1,1,4,4,4,4,4,1,1,9,1,0,32,0,2,1,9,9,2,1,1,3
4733878,2,0,1,1,0,5,2,0,0,1,5,5,6,6,1,1,1,1,6,0,1,2,2,1,2,2,2,2,2,1,2,2,2,2,1,1,2,1,2,2,1,9,1,1,1,1,4,4,4,4,4,4,4,4,4,1,9,1,0,50,0,0,0,0,23,4,1,2,3
2435889,2,0,1,1,0,12,8,0,0,1,12,12,0,0,1,1,0,0,24,0,1,2,2,1,2,2,2,2,2,1,2,2,2,1,1,1,2,1,1,1,1,9,1,1,2,1,0,0,0,0,0,0,0,0,0,1,2,0,0,24,15,12,1,7,7,4,1,1,2
5789678,2,0,1,1,0,7,8,0,0,1,7,7,7,7,1,1,1,1,7,7,1,2,2,1,2,2,2,2,2,1,2,2,2,2,1,1,1,1,2,2,2,1,2,1,1,1,0,0,0,0,0,0,0,0,0,1,9,1,0,9,0,0,1,8,8,3,1,2,3
3614356,1,0,2,1,0,6,6,0,0,1,2,2,2,2,0,0,0,0,2,2,1,2,2,1,2,2,2,2,2,1,2,2,2,2,1,1,2,1,2,1,1,9,1,1,1,1,0,0,0,0,0,0,0,0,0,1,9,1,0,1,0,1,1,1,1,1,1,1,2
7143909,1,0,1,1,0,3,7,0,0,1,2,2,2,2,1,1,1,1,2,2,1,2,2,1,2,2,2,2,2,1,2,2,2,2,1,1,2,1,1,1,2,1,2,1,2,1,0,0,0,0,0,0,0,0,0,1,9,0,1,11,0,0,0,0,0,1,1,2,3
3078795,1,0,1,1,0,3,7,0,0,1,4,4,4,4,1,1,1,1,4,4,1,2,2,1,2,2,2,2,2,1,2,2,2,2,1,1,2,1,2,2,1,9,1,1,1,1,0,0,0,0,0,0,0,0,0,1,2,1,28,2,0,0,0,3,2,2,1,2,3
8041953,2,0,1,1,0,7,3,0,6,1,6,6,12,12,0,0,2,2,6,14,1,2,2,1,2,2,2,2,2,1,2,2,2,3,1,1,3,1,1,1,1,9,1,1,1,1,0,0,0,0,0,0,0,0,0,1,1,1,15,14,0,0,1,0,8,3,1,2,3
4207198,1,0,0,7,0,7,11,0,0,2,8,8,8,8,1,1,2,2,5,6,1,2,2,1,2,2,2,2,2,1,2,2,2,2,1,1,2,1,1,1,2,1,1,1,2,1,0,0,0,0,0,0,0,0,0,1,9,1,0,10,0,0,1,0,1,2,1,2,3
6337114,2,0,1,1,0,17,17,0,0,1,4,4,2,2,1,0,1,0,5,3,1,2,1,1,2,2,2,2,1,1,2,2,2,2,1,1,2,1,2,2,1,9,1,1,1,1,4,4,4,4,4,4,4,4,1,1,1,1,0,14,0,11,1,3,1,2,1,2,3
7834575,3,0,1,1,0,15,29,8,0,1,15,15,15,15,1,1,1,1,15,15,1,2,2,1,2,2,2,2,2,1,2,2,2,2,1,1,2,1,2,2,1,9,1,1,1,1,0,0,0,0,0,0,0,0,0,1,1,0,0,30,0,0,0,2,2,5,1,1,3
4996702,2,0,1,3,0,9,3,0,0,1,4,4,4,4,1,1,1,1,4,4,1,2,2,1,2,2,2,2,2,1,2,2,2,2,1,1,2,1,2,2,2,1,1,1,1,1,0,0,0,0,0,0,0,0,0,1,9,22,0,13,0,0,0,0,1,1,1,2,2
5021124,2,0,2,1,0,13,24,0,0,1,0,0,11,11,0,0,1,1,0,12,1,2,2,1,2,2,2,2,2,1,2,2,2,2,1,1,1,1,2,1,1,9,2,1,1,1,1,1,1,4,4,4,4,4,1,1,2,1,0,4,0,59,0,18,19,3,1,2,2
2403186,1,0,1,1,0,6,21,0,0,1,20,20,25,25,1,1,1,1,10,15,1,2,2,1,2,2,2,2,2,1,2,2,2,2,1,1,2,1,2,2,1,9,2,1,2,1,0,0,0,0,0,0,0,0,0,1,9,0,0,6,0,0,0,0,1,5,1,1,1
9524060,2,0,1,1,0,5,7,0,0,1,4,4,4,4,1,0,0,0,4,0,1,2,2,1,1,2,2,2,2,1,1,2,2,1,1,1,2,1,2,1,1,9,1,1,2,1,0,0,0,0,0,0,0,0,0,1,9,1,0,21,0,1,0,0,1,3,1,2,3
8169470,1,0,1,1,0,8,6,0,0,1,3,3,4,4,1,1,1,1,10,10,1,2,2,1,2,2,2,2,2,1,2,2,2,2,1,1,1,1,2,1,1,9,1,1,1,1,0,0,0,0,0,0,0,0,0,1,1,4,0,26,0,1,1,2,4,4,1,2,2
6958268,2,0,1,1,0,5,6,0,0,1,4,4,4,4,1,1,1,1,16,4,1,2,2,1,2,2,2,2,2,1,2,2,2,2,1,1,2,1,2,1,1,9,1,1,2,1,0,0,0,0,0,0,0,0,0,1,2,1,0,8,0,0,0,0,4,1,1,2,3
4198957,2,0,2,1,0,9,34,0,0,1,13,13,12,12,1,1,1,1,24,10,1,2,2,1,2,2,2,2,2,1,2,2,2,2,1,1,1,1,2,1,1,9,1,1,1,1,1,1,1,1,2,4,4,4,1,1,2,1,0,20,0,1,0,1,2,4,1,1,2
3531838,2,0,1,1,0,3,6,0,0,1,3,3,2,2,1,1,1,1,3,2,1,2,2,1,2,2,2,2,2,1,2,2,2,2,1,1,2,1,2,1,1,9,1,1,2,1,0,0,0,0,0,0,0,0,0,1,9,0,0,6,0,2,0,0,1,1,1,2,3
7769298,1,0,1,1,0,6,20,0,0,1,6,6,8,8,1,1,1,1,8,4,1,2,2,1,2,2,2,2,2,1,2,2,2,2,1,1,2,1,2,2,1,9,1,1,1,1,0,0,0,0,0,0,0,0,0,2,9,4,0,24,0,0,0,0,1,1,1,2,1
3449581,1,0,1,1,0,7,25,0,0,1,30,30,7,7,1,1,1,1,4,7,1,2,2,1,2,2,2,2,2,1,2,2,2,2,1,1,2,1,2,2,1,9,1,1,1,1,1,1,1,4,4,4,4,4,1,1,9,1,0,40,0,0,1,0,3,2,1,2,3
9305324,2,0,15,7,0,18,15,0,0,1,2,2,2,2,2,2,2,2,6,6,1,2,2,1,2,2,2,2,2,1,2,2,2,2,1,1,2,1,2,1,1,9,1,1,2,1,1,1,1,1,1,1,4,2,1,1,9,2,5,8,0,0,2,2,4,3,1,1,1
6241997,2,0,1,1,0,6,6,0,0,1,6,6,6,6,2,2,2,2,9,9,1,2,2,1,2,2,2,2,2,1,2,2,2,1,1,1,2,1,1,1,1,9,1,1,1,1,0,0,0,0,0,0,0,0,0,1,9,0,0,30,0,0,0,2,1,2,1,2,3
8838917,1,0,1,7,0,6,3,0,0,1,4,4,4,4,1,1,1,1,3,3,1,2,2,1,2,2,2,2,2,1,2,2,2,2,1,1,1,1,2,1,2,1,2,1,1,1,0,0,0,0,0,0,0,0,0,2,9,1,0,5,0,0,0,0,0,1,1,1,2
6007217,2,0,7,1,0,4,7,0,0,1,6,6,3,3,6,6,3,3,6,3,1,2,2,1,2,2,2,2,2,1,2,2,2,2,1,1,1,1,2,2,1,9,1,1,1,1,0,0,0,0,0,0,0,0,0,1,2,1,0,4,0,20,1,1,1,2,1,2,2
5460994,1,0,1,1,0,10,23,0,0,1,14,14,27,27,1,1,1,1,23,28,1,2,2,1,2,2,2,2,2,1,2,2,2,1,1,1,2,1,2,1,1,9,1,1,1,1,1,1,1,4,4,4,4,1,4,1,9,9,0,26,0,5,1,20,20,3,1,2,3
3625086,1,0,1,1,0,17,27,0,0,1,4,4,4,4,2,2,2,2,14,12,1,2,2,1,2,2,2,2,2,1,2,2,2,1,1,1,1,1,2,2,1,9,1,1,2,1,0,0,0,0,0,0,0,0,0,1,9,0,0,46,0,0,1,20,4,5,1,2,1
4558851,2,0,1,1,0,6,14,0,0,1,4,4,4,4,1,1,1,1,9,4,1,2,2,1,2,2,2,2,2,1,2,2,2,2,1,1,2,1,2,1,1,9,1,1,1,1,0,0,0,0,0,0,0,0,0,1,1,1,42,35,0,10,1,1,8,2,1,1,3
3647575,1,0,1,1,0,17,52,0,0,1,14,14,21,21,1,1,1,1,14,21,1,2,2,1,2,2,2,2,2,1,2,2,2,2,1,1,2,1,2,2,1,9,2,1,2,1,1,1,1,1,4,4,4,4,1,1,9,100,0,140,0,0,1,52,52,20,1,2,1
6137264,1,0,1,1,0,6,13,0,0,1,0,0,7,7,0,0,1,1,0,10,1,2,2,1,2,2,2,2,2,1,2,2,2,2,1,1,2,1,2,2,1,9,2,1,1,1,4,4,4,4,4,4,4,4,4,1,2,3,0,26,0,26,1,3,3,6,1,1,3
8617020,2,0,1,1,0,7,26,0,0,1,10,10,0,0,1,1,0,0,18,0,1,2,2,1,2,2,2,2,2,1,2,2,2,2,1,1,2,1,2,2,1,9,2,1,1,1,0,0,0,0,0,0,0,0,0,1,2,1,0,7,0,20,1,26,1,1,1,2,3
7902989,2,0,1,1,0,5,12,0,0,1,3,3,3,3,2,2,2,2,6,6,1,2,2,1,2,2,2,2,2,1,2,2,2,2,2,1,2,1,2,2,1,9,1,1,2,1,0,0,0,0,0,0,0,0,0,1,9,0,0,3,0,19,0,1,1,2,1,2,2
3711382,2,0,1,1,0,12,12,0,0,1,3,3,3,3,1,1,1,1,0,0,1,2,2,1,2,2,2,2,2,1,2,2,2,2,1,1,2,1,2,2,1,9,2,1,1,1,1,1,1,1,4,4,4,4,1,1,2,1,1,10,0,0,0,0,1,1,1,2,3
7466476,2,0,1,1,0,5,5,0,0,1,1,1,1,1,1,1,1,1,4,4,1,2,2,1,2,2,2,2,2,1,2,2,2,2,1,1,2,1,2,2,2,1,1,2,9,1,2,2,4,4,2,2,4,4,3,2,2,1,0,0,0,0,0,0,1,0,1,2,3
7078201,2,0,0,1,0,3,5,0,0,1,4,4,5,5,1,1,1,1,4,4,1,2,2,1,2,2,2,2,2,1,2,2,2,2,1,1,2,1,2,2,1,9,1,1,2,1,4,4,4,4,4,4,4,4,1,1,9,0,0,13,0,0,0,0,1,1,1,2,3
2082418,2,0,16,1,0,10,16,0,0,1,3,3,14,14,1,1,1,1,4,15,1,2,2,1,2,2,2,2,2,1,2,2,2,2,1,1,1,1,1,1,1,9,1,1,1,1,1,1,1,1,1,4,4,4,4,1,2,2,1,25,0,2,1,4,10,10,1,2,3
3167775,1,0,31,1,0,8,23,0,0,1,10,10,15,15,5,5,5,5,15,20,1,2,2,1,2,2,2,2,2,1,2,2,2,2,1,1,2,1,2,1,1,9,1,1,1,1,0,0,0,0,0,0,0,0,0,1,9,0,0,12,0,0,0,0,1,1,1,2,3
6738109,2,0,1,1,0,2,10,0,0,1,2,2,2,2,1,1,1,1,1,1,1,2,2,1,2,2,2,2,2,1,2,2,2,2,1,1,2,1,1,1,1,9,1,2,9,1,0,0,0,0,0,0,0,0,0,2,9,1,0,4,0,0,0,0,1,1,1,2,3
5972989,2,0,1,1,0,3,5,0,0,1,5,5,2,2,1,1,1,1,4,2,1,2,2,1,2,2,2,2,2,1,2,2,2,2,1,1,2,1,2,2,1,9,1,1,1,1,4,4,4,4,4,4,4,4,4,2,2,0,0,1,0,0,0,0,0,0,1,2,3
7446034,2,0,1,1,0,1,3,0,0,2,1,1,2,2,1,1,0,0,1,2,1,2,2,1,2,2,2,2,2,1,2,2,2,2,1,1,2,1,1,2,1,9,2,1,1,1,0,0,0,0,0,0,0,0,0,2,2,1,0,4,0,1,0,0,1,1,1,2,3
6562787,1,0,1,1,0,5,23,0,0,1,7,7,7,7,8,8,8,8,16,16,1,2,2,1,2,2,2,2,2,1,2,2,2,2,1,1,2,1,2,2,1,9,1,1,1,1,4,4,4,4,4,4,4,4,4,1,9,1,0,49,0,0,1,7,1,4,1,2,2
7598579,1,0,1,1,0,7,39,0,0,1,25,25,37,37,1,1,1,1,34,0,1,2,2,1,2,2,2,2,2,1,2,2,2,2,1,1,2,1,2,2,2,1,2,1,1,1,1,1,1,4,4,4,4,4,4,1,9,50,37,28,0,10,1,0,19,6,1,2,3
5633129,2,0,1,1,0,6,28,0,0,1,13,13,15,15,1,1,1,1,14,16,1,2,2,1,2,2,2,2,2,1,2,2,2,1,1,1,2,1,1,2,1,9,1,1,1,1,0,0,0,0,0,0,0,0,0,1,2,0,0,41,0,40,0,0,1,4,1,2,2
6109586,1,0,1,1,0,10,16,0,0,1,10,10,10,10,1,1,1,1,10,10,1,2,2,1,2,2,2,2,2,1,2,2,2,1,1,1,1,1,2,2,1,9,1,1,2,1,1,1,1,4,4,4,4,4,1,2,9,6,0,100,0,5,2,1,20,8,1,2,2
2941449,1,0,1,1,0,8,8,0,0,1,3,3,4,4,2,2,2,2,3,4,1,2,2,1,2,2,2,2,2,1,2,2,2,2,1,1,2,1,1,1,2,1,1,1,1,1,4,3,3,3,3,3,3,3,4,1,1,1,1,12,0,12,2,0,1,2,1,2,3
8106002,2,0,1,1,0,3,6,0,0,1,6,6,6,6,2,2,2,2,2,0,1,2,2,1,2,2,1,2,2,1,2,2,1,2,1,1,2,1,1,1,2,1,1,1,1,1,0,0,0,0,0,0,0,0,0,1,9,1,1,7,0,1,1,0,1,1,1,2,2
3385358,2,0,1,1,0,10,10,0,0,1,2,2,2,2,1,1,1,1,1,1,1,2,2,1,2,2,2,2,2,1,2,2,2,2,1,1,2,1,2,2,1,9,1,1,1,1,0,0,0,0,0,0,0,0,0,1,9,1,0,5,5,0,1,0,0,1,1,2,2
1377330,2,0,1,5,0,6,6,0,0,1,3,3,3,3,1,1,1,1,2,2,1,2,2,1,2,2,2,2,2,1,2,2,2,2,1,1,2,1,2,2,2,1,2,1,1,1,0,0,0,0,0,0,0,0,0,1,2,1,20,18,0,1,1,1,1,2,1,1,3
1503157,2,0,1,1,0,6,18,0,0,1,6,6,6,6,1,1,1,1,6,6,1,2,2,1,2,2,2,2,2,1,2,2,2,2,1,1,2,1,1,1,1,9,1,1,2,1,0,0,0,0,0,0,0,0,0,1,9,2,2,25,0,5,2,19,5,8,1,2,2
3999309,1,0,1,1,0,7,24,0,0,1,16,16,10,10,1,1,0,0,16,10,1,2,2,1,2,2,2,2,2,1,2,2,2,2,1,1,2,1,1,1,1,9,1,1,1,1,0,0,0,0,0,0,0,0,0,1,9,1,1,20,0,1,3,1,2,6,1,2,2
5203622,2,0,1,1,0,10,21,0,0,1,3,3,3,3,1,1,1,1,3,3,1,2,2,1,2,2,2,2,2,1,2,2,2,2,1,1,2,1,1,1,1,9,1,1,1,1,0,0,0,0,0,0,0,0,0,1,1,0,0,4,0,0,0,0,1,1,1,2,3
1837104,2,0,1,1,0,4,6,0,0,1,2,2,2,2,1,1,1,1,2,2,1,2,2,1,2,2,2,2,2,1,2,2,2,2,1,1,2,1,2,2,2,1,1,1,1,1,0,0,0,0,0,0,0,0,0,1,9,1,6,14,0,0,0,0,0,3,1,1,2
7105549,2,0,1,7,0,7,23,0,0,1,2,2,3,3,1,1,1,1,5,0,1,2,2,1,2,2,1,2,2,1,2,2,1,2,1,1,2,1,1,1,1,9,1,1,1,1,0,0,0,0,0,0,0,0,0,1,2,1,0,19,66,0,2,11,11,3,1,1,1
1884260,1,0,1,1,0,10,15,0,0,1,8,8,8,8,1,1,1,1,9,9,1,2,2,1,2,2,2,2,2,1,2,2,2,3,1,1,2,1,1,1,1,9,2,1,1,1,1,1,1,1,1,1,4,1,1,1,9,25,23,25,0,15,2,8,20,1,1,1,1
2655944,1,0,1,1,0,16,41,0,0,1,19,19,37,37,1,1,0,0,42,0,1,2,2,1,2,2,2,2,2,1,2,2,2,2,1,1,2,1,2,1,1,9,2,1,1,1,1,1,1,1,1,1,4,1,1,1,9,162,0,184,500,136,2,50,50,22,1,2,2
3566061,2,0,1,1,0,6,6,0,0,1,9,9,9,9,1,1,1,1,5,5,1,2,2,1,2,2,2,2,2,1,2,2,2,1,1,1,2,1,1,1,1,9,1,1,1,1,0,0,0,0,0,0,0,0,0,1,1,1,45,30,0,1,1,2,4,2,1,1,3
3394202,1,0,1,1,0,11,10,0,0,1,10,10,10,10,1,1,1,1,10,10,1,2,2,1,2,2,2,2,2,1,2,2,2,2,1,1,2,1,1,1,1,9,1,1,2,1,0,0,0,0,0,0,0,0,0,1,9,0,0,10,0,0,0,0,0,2,1,1,3
6660514,2,0,1,1,0,13,20,0,0,1,0,0,16,16,0,0,1,1,0,17,1,2,2,1,2,2,2,2,2,1,2,2,2,2,1,1,2,1,2,1,1,9,1,1,1,1,0,0,0,0,0,0,0,0,0,1,2,1,0,8,0,13,6,5,13,4,1,2,2
8214300,1,0,1,1,0,16,8,0,0,1,9,9,7,7,1,1,1,1,9,7,1,2,2,1,2,2,2,2,2,1,2,2,2,2,1,1,2,1,2,1,1,9,1,1,2,1,1,1,1,4,4,4,4,4,1,1,9,1,0,30,0,0,0,1,1,2,1,2,3
4242148,2,0,1,1,0,10,25,0,0,1,4,4,6,6,2,2,1,1,12,7,1,2,2,1,2,2,2,2,2,1,2,2,2,2,1,1,2,1,2,1,1,9,1,1,1,1,0,0,0,0,0,0,0,0,0,1,2,1,0,27,0,25,2,25,27,8,1,2,2
2944778,2,0,1,1,0,8,8,0,0,1,4,4,3,3,1,1,1,1,5,4,1,2,2,1,2,2,2,2,2,1,2,2,2,2,1,1,2,1,1,1,2,1,1,1,2,1,0,0,0,0,0,0,0,0,0,1,9,1,0,3,0,0,0,0,0,1,1,2,3
5214413,2,0,1,1,0,13,13,0,0,1,4,4,8,8,1,1,1,1,8,2,1,2,2,1,1,2,2,2,2,1,1,2,2,2,1,1,2,1,2,2,1,9,1,1,1,1,1,1,1,4,4,4,4,4,1,1,1,0,0,45,0,24,1,4,4,4,1,2,2
4587762,2,0,1,1,0,1,5,0,0,2,2,2,3,3,1,1,1,1,4,2,1,2,2,1,2,2,2,2,2,1,2,2,2,1,1,1,2,1,1,1,1,9,1,1,2,1,0,0,0,0,0,0,0,0,0,1,9,3,1,17,0,13,1,3,3,3,1,1,3
5036843,2,0,1,1,0,5,6,0,0,1,1,1,1,1,1,1,1,1,2,2,1,2,2,1,2,2,2,2,2,1,2,2,2,2,1,1,2,1,2,2,1,9,2,1,2,1,0,0,0,0,0,0,0,0,0,1,9,0,0,3,0,0,1,0,1,2,1,2,2
6716575,1,0,1,1,0,11,32,0,0,1,29,29,0,0,1,1,0,0,39,0,1,2,2,1,2,2,1,2,2,1,2,2,1,2,1,1,1,1,2,1,1,9,1,1,1,1,1,1,1,4,4,4,4,4,1,1,9,70,0,220,0,38,6,40,10,10,1,1,1
9083962,2,0,1,1,0,15,3,0,0,2,5,5,5,5,1,1,1,1,5,5,1,2,2,1,2,2,2,2,2,1,2,2,2,1,1,1,2,1,1,1,1,9,2,1,1,1,0,0,0,0,0,0,0,0,0,2,2,1,0,1,0,0,1,0,1,1,1,2,3
8051880,2,0,1,3,0,3,5,1,0,1,2,2,2,2,1,1,0,0,2,2,1,2,2,1,2,2,2,2,2,1,2,2,2,2,1,1,2,1,2,2,2,1,1,1,1,1,0,0,0,0,0,0,0,0,0,1,1,1,0,2,0,1,1,1,1,1,1,2,2
1683229,2,0,0,1,0,4,4,2,0,1,8,8,8,8,1,1,1,1,8,8,1,2,2,1,2,2,2,2,2,1,2,2,2,2,1,1,2,1,1,1,1,9,2,1,1,1,0,0,0,0,0,0,0,0,0,1,9,0,0,2,0,0,0,0,1,1,1,2,2
5161044,2,0,1,1,0,5,6,0,0,1,3,3,8,8,1,1,1,1,10,0,1,2,2,1,2,2,2,2,2,1,2,2,2,2,1,1,2,1,2,1,2,1,2,1,1,1,0,0,0,0,0,0,0,0,0,1,9,3,0,14,0,13,0,6,8,2,1,2,2
3636206,2,0,1,1,0,4,6,0,0,1,2,2,2,2,1,1,1,1,2,2,1,2,2,1,2,2,2,2,2,1,2,2,2,2,1,1,2,1,2,2,1,9,1,1,2,1,0,0,0,0,0,0,0,0,0,2,9,2,0,1,0,0,0,0,1,1,1,2,2
3250249,1,0,2,1,0,48,66,0,0,1,64,64,80,80,1,1,1,1,42,0,1,2,2,1,2,2,2,2,2,1,2,2,2,1,1,1,2,1,2,1,1,9,1,1,1,1,0,0,0,0,0,0,0,0,0,1,9,3,0,245,438,0,1,0,92,16,1,2,2
5457613,2,0,1,1,0,6,6,0,0,1,0,0,7,7,0,0,1,1,0,0,1,2,2,1,2,2,2,2,2,1,2,2,2,2,1,1,2,1,2,1,1,9,1,1,1,1,0,0,0,0,0,0,0,0,0,1,2,1,0,12,0,12,1,6,1,2,1,2,1
2046533,1,0,3,1,0,30,70,0,0,1,11,11,11,11,2,2,2,2,6,4,1,1,1,1,2,2,2,1,1,1,2,2,2,1,1,1,2,1,2,1,1,9,1,1,2,1,1,1,1,1,1,1,1,1,1,1,9,4,12,150,0,0,3,70,4,9,1,2,2
3314257,2,0,1,1,0,22,40,0,0,1,14,14,44,44,1,1,1,1,25,0,1,2,2,1,2,2,2,2,2,1,2,2,2,2,1,1,2,1,2,1,2,1,1,1,1,1,1,1,1,1,4,4,4,4,1,1,9,45,0,25,100,0,1,4,1,1,1,2,1
6090817,2,0,1,1,0,21,19,0,0,1,5,5,5,5,1,1,1,1,8,7,1,1,2,1,2,2,2,1,2,1,2,2,2,2,1,1,2,1,1,1,1,9,1,1,1,1,0,0,0,0,0,0,0,0,0,1,9,1,0,20,0,0,1,0,1,4,1,2,3
7374175,2,0,1,1,0,10,7,0,0,1,2,2,2,2,2,2,2,2,2,2,1,2,2,1,2,2,2,2,2,1,2,2,2,2,1,1,1,1,2,1,1,9,1,1,1,1,0,0,0,0,0,0,0,0,0,1,2,7,0,10,0,10,0,0,8,4,1,2,2
1535579,1,0,1,1,0,18,18,0,0,1,12,12,9,9,1,1,1,1,12,9,1,2,1,1,2,2,2,2,1,1,2,2,2,2,1,1,2,1,1,1,1,9,1,1,2,1,0,0,0,0,0,0,0,0,0,1,9,5,48,64,0,0,2,18,18,4,1,2,3
5120534,2,0,1,1,0,15,34,0,0,1,4,4,4,4,1,1,1,1,10,0,1,2,2,1,2,2,2,2,2,1,2,2,2,2,1,1,2,1,1,2,1,9,1,1,1,1,1,1,1,1,1,3,3,3,3,1,2,1,0,31,0,30,1,4,4,5,1,2,3
6502984,2,0,1,1,0,12,12,0,0,1,2,2,6,6,1,1,2,2,8,0,1,2,2,1,2,2,2,2,2,1,2,2,2,2,1,1,2,1,1,1,1,9,2,1,1,1,0,0,0,0,0,0,0,0,0,1,9,2,0,25,0,20,1,12,2,3,1,2,3
1778140,1,0,0,1,0,5,10,0,0,1,3,3,3,3,1,1,1,1,5,5,1,2,2,1,2,2,2,2,2,1,2,2,2,2,1,1,2,1,2,2,1,9,1,1,2,1,0,0,0,0,0,0,0,0,0,1,9,1,0,5,0,0,0,0,2,2,1,2,3
3440865,2,0,1,1,0,5,18,0,0,1,2,2,2,2,1,1,1,1,6,0,1,2,2,1,2,2,2,2,2,1,2,2,2,2,1,1,2,1,1,1,1,9,1,1,1,1,1,1,1,1,1,1,1,1,1,1,2,0,0,22,0,0,0,0,0,3,1,2,2
4916070,1,0,1,1,0,3,9,0,0,2,3,3,6,6,1,1,1,1,4,7,1,2,2,1,2,2,2,2,2,1,2,2,2,2,1,1,1,1,2,1,1,9,1,1,1,1,0,0,0,0,0,0,0,0,0,2,2,1,0,15,0,1,1,2,4,2,1,2,2
5540503,2,0,9,1,0,3,9,0,0,1,1,1,1,1,1,1,1,1,3,3,1,2,2,1,2,2,2,2,2,1,2,2,2,2,1,1,2,1,2,2,1,9,1,1,1,1,2,2,2,4,4,4,4,4,4,1,9,3,0,3,0,0,0,0,4,1,1,2,2
9279104,2,0,1,1,0,2,6,0,0,2,1,1,2,2,1,1,0,0,1,0,1,2,2,1,2,2,2,2,2,1,2,2,2,2,1,1,2,1,1,1,1,9,1,1,2,1,0,0,0,0,0,0,0,0,0,1,9,1,0,1,0,0,0,0,1,1,1,2,3
9549533,2,0,1,1,0,6,6,0,0,1,2,2,2,2,1,1,0,0,3,3,1,2,2,1,2,2,2,2,2,1,2,2,2,2,1,1,2,1,2,2,1,9,1,1,1,1,0,0,0,0,0,0,0,0,0,1,1,0,0,12,0,0,0,2,2,2,1,2,2
9213791,2,0,1,1,0,8,11,0,0,1,0,0,6,6,0,0,3,3,0,0,1,2,2,1,2,2,2,2,2,1,2,2,2,2,1,1,2,1,2,2,1,9,1,1,1,1,0,0,0,0,0,0,0,0,0,1,1,1,0,5,0,0,1,0,2,1,1,2,2
8573745,2,0,3,1,0,8,8,0,0,1,2,2,2,2,1,1,1,1,2,2,1,2,1,1,2,1,2,2,1,1,2,1,2,2,1,1,1,1,1,1,1,9,1,1,1,1,0,0,0,0,0,0,0,0,0,1,9,2,0,2,0,0,0,0,2,2,1,1,3
7631166,1,0,1,1,0,26,32,0,0,1,9,9,17,17,2,2,2,2,14,19,1,2,2,1,2,2,2,2,2,1,2,2,2,2,1,1,2,1,2,2,1,9,1,1,1,1,1,1,1,1,1,3,1,1,1,1,9,1,0,75,0,32,2,32,32,5,1,1,1
3133931,1,0,1,1,0,6,11,1,0,1,5,5,5,5,2,2,2,2,5,5,1,2,2,1,2,2,2,2,2,1,2,2,2,2,1,1,2,1,2,2,1,9,2,1,2,1,0,0,0,0,0,0,0,0,0,1,9,2,0,40,0,0,2,0,1,3,1,2,3
1389361,2,0,1,1,0,6,28,0,0,1,8,8,14,14,1,1,0,0,16,28,1,2,2,1,2,2,2,2,2,1,2,2,2,2,1,1,2,1,1,1,1,9,1,1,1,1,0,0,0,0,0,0,0,0,0,1,1,0,0,36,0,1,1,2,2,2,1,2,2
4471456,2,0,1,1,0,1,3,0,0,2,1,1,2,2,1,1,0,0,3,3,1,2,1,1,2,2,2,2,1,1,2,2,2,2,1,1,2,1,2,2,1,9,2,1,1,1,0,0,0,0,0,0,0,0,0,2,2,0,0,1,0,0,1,0,0,1,1,2,3
7828496,1,0,1,1,0,10,30,0,0,1,0,0,20,20,0,0,1,1,0,20,1,2,2,1,2,2,2,2,2,1,2,2,2,1,1,1,1,1,2,2,1,9,1,1,1,1,0,0,0,0,0,0,0,0,0,1,9,9,2,34,0,1,1,1,5,20,1,1,2
4734105,1,0,1,1,0,20,33,0,0,1,12,12,16,16,1,1,1,1,2,0,1,1,2,1,1,2,2,1,2,1,1,2,2,2,1,1,3,1,1,1,1,9,1,1,2,1,1,1,1,2,1,2,1,1,1,1,9,6,0,44,8,0,2,31,33,5,1,1,1
6651655,2,0,1,1,0,5,16,0,0,1,0,0,8,8,0,0,3,3,0,0,1,2,2,1,2,2,2,2,2,1,2,2,2,2,1,1,2,1,2,2,2,1,1,1,1,1,0,0,0,0,0,0,0,0,0,1,9,1,0,27,0,0,1,0,1,4,1,2,3
2804283,2,0,1,5,0,7,7,0,0,1,2,2,2,2,1,1,1,1,0,0,1,2,2,1,2,2,2,2,2,1,2,2,2,2,1,1,2,1,2,2,2,1,1,2,9,1,0,0,0,0,0,0,0,0,0,1,9,0,0,10,0,0,0,0,1,1,1,2,3
1362105,1,0,2,1,0,40,12,0,0,1,16,16,16,16,1,1,1,1,24,15,1,2,2,1,2,2,2,2,2,1,2,2,2,2,1,1,2,1,2,1,1,9,1,1,2,1,1,1,1,1,1,4,4,4,1,1,9,0,0,77,0,1,0,2,3,9,1,2,1
2813322,2,0,1,1,0,7,5,3,0,1,2,2,2,2,2,2,2,2,6,3,1,2,2,1,2,2,2,2,2,1,2,2,2,2,1,1,2,1,1,1,1,9,1,1,1,1,0,0,0,0,0,0,0,0,0,2,2,0,0,2,0,0,1,0,1,1,1,2,2
4807308,2,0,1,1,0,4,3,0,0,1,4,4,4,4,1,1,0,0,4,4,1,2,2,1,2,2,2,2,2,1,2,2,2,1,1,1,2,1,2,2,1,9,1,1,1,1,0,0,0,0,0,0,0,0,0,1,2,1,0,4,0,0,1,0,2,1,1,1,3
1201384,1,0,1,1,0,5,5,0,0,1,4,4,4,4,1,1,1,1,4,4,1,2,2,1,2,2,2,2,2,1,2,2,2,2,1,1,2,1,1,1,1,9,1,1,1,1,0,0,0,0,0,0,0,0,0,2,2,0,0,12,0,2,1,0,5,1,1,1,3
6497975,2,0,1,1,0,7,26,0,0,1,16,16,12,12,1,1,1,1,32,24,1,2,2,1,2,2,2,2,2,1,2,2,2,2,1,1,2,1,2,1,1,9,1,1,1,1,0,0,0,0,0,0,0,0,0,2,2,1,0,51,0,0,0,26,2,10,1,2,2
7936763,2,0,1,1,0,10,9,0,0,1,6,6,3,3,1,1,1,1,7,4,1,2,2,1,2,2,2,2,2,1,2,2,2,2,1,1,2,1,2,2,2,1,1,1,2,1,0,0,0,0,0,0,0,0,0,2,2,1,0,15,0,15,2,3,2,4,1,2,2
8241574,2,0,1,1,0,7,3,0,0,1,1,1,1,1,1,1,0,0,0,0,1,2,2,1,2,2,2,2,2,1,2,2,2,2,1,1,2,1,2,1,2,1,1,1,2,1,0,0,0,0,0,0,0,0,0,1,2,2,0,10,0,0,0,0,3,2,1,2,2
4819797,2,0,1,1,0,6,18,0,0,1,12,12,0,0,1,1,0,0,20,0,1,2,2,1,2,2,2,2,2,1,2,2,2,2,1,1,1,1,2,2,1,9,1,1,1,1,0,0,0,0,0,0,0,0,0,1,2,2,0,64,0,0,1,1,18,4,1,2,2
5937679,2,0,1,1,0,5,24,0,0,1,9,9,7,7,1,1,1,1,30,15,1,2,1,1,2,2,2,2,1,1,2,2,2,2,1,1,2,1,2,1,1,9,1,1,1,1,4,4,4,4,4,4,4,4,4,2,9,1,1,40,0,2,2,1,2,4,1,2,3
5918470,1,0,1,1,0,8,30,0,0,1,12,12,12,12,2,2,2,2,20,20,1,2,2,1,2,2,2,2,2,1,2,2,2,2,1,1,2,1,2,1,1,9,1,1,1,1,0,0,0,0,0,0,0,0,0,1,2,3,0,25,0,7,2,5,4,3,1,2,3
8810251,1,0,1,1,0,10,31,0,0,1,5,5,5,5,1,1,1,1,5,5,1,2,2,1,2,2,2,2,2,1,2,2,2,2,1,1,1,1,2,2,1,9,1,1,1,1,1,1,1,1,1,4,4,4,1,1,2,5,0,150,500,6,2,2,6,10,1,2,2
8391975,1,0,1,1,0,9,11,0,0,1,8,8,8,8,1,1,1,1,9,9,1,2,2,1,2,2,2,2,2,1,2,2,2,2,1,1,2,1,1,1,1,9,2,1,1,1,0,0,0,0,0,0,0,0,0,1,9,30,15,25,0,0,1,10,10,1,1,1,1
4622935,1,0,1,1,0,8,5,0,0,1,4,4,4,4,1,1,1,1,8,8,1,2,2,1,2,2,2,2,2,1,2,2,2,2,1,1,2,1,2,2,1,9,1,1,1,1,0,0,0,0,0,0,0,0,0,1,9,2,0,15,0,0,1,1,1,3,1,2,3
2114341,1,0,1,1,0,15,15,0,0,1,2,2,2,2,1,1,1,1,2,2,1,2,2,1,2,2,2,2,2,1,2,2,2,2,1,1,2,1,1,1,2,1,2,1,1,1,1,1,1,4,4,4,4,4,2,1,9,0,0,5,0,0,1,1,2,2,1,2,3
1694508,1,0,1,1,0,7,11,0,0,1,4,4,4,4,1,1,1,1,18,8,1,2,2,1,2,2,2,2,2,1,2,2,2,2,1,1,2,1,2,1,1,9,1,1,2,1,0,0,0,0,0,0,0,0,0,1,9,2,0,44,0,0,0,10,4,4,1,2,3
3049385,1,0,1,1,0,22,20,0,0,1,10,10,5,5,0,0,0,0,7,3,1,2,2,1,2,2,2,2,2,1,2,2,2,1,1,1,1,1,1,1,1,9,1,1,2,1,1,1,1,4,4,4,4,4,2,1,1,0,0,40,0,0,1,0,1,2,1,2,3
9215904,1,0,1,5,0,4,5,0,0,2,0,0,3,3,0,0,1,1,0,0,1,2,2,1,2,2,2,2,2,1,2,2,2,2,1,1,2,1,2,2,1,9,1,1,1,1,0,0,0,0,0,0,0,0,0,2,2,0,0,10,0,0,0,0,4,1,1,2,3
7316921,2,0,1,1,0,6,39,0,0,1,9,9,14,14,1,1,1,1,12,2,1,2,2,1,2,2,2,2,2,1,2,2,2,2,1,1,2,1,2,2,1,9,1,1,1,1,0,0,0,0,0,0,0,0,0,1,9,1,0,46,0,32,1,0,32,6,1,2,2
2295507,1,0,1,1,0,10,6,0,0,1,1,1,1,1,1,0,0,0,1,1,1,2,2,1,2,2,2,2,2,1,2,2,2,2,1,1,2,1,2,1,1,9,1,1,1,1,0,0,0,0,0,0,0,0,0,2,2,1,0,2,0,0,0,0,1,1,1,2,2
8784566,1,0,1,1,0,10,31,0,0,1,12,12,18,18,2,2,1,1,15,0,1,2,2,1,2,2,2,2,2,1,2,2,2,2,1,1,1,1,2,1,2,1,2,1,1,1,1,1,1,3,3,3,3,3,1,1,2,2,0,75,0,31,1,31,1,4,1,2,2
5451065,2,0,3,1,0,10,24,0,0,1,0,0,54,54,0,0,1,1,0,0,1,2,2,1,1,2,2,2,2,1,1,2,2,2,1,1,2,1,2,2,1,9,1,1,2,1,0,0,0,0,0,0,0,0,0,1,2,2,0,70,0,0,0,0,2,4,1,2,2
6507378,2,0,1,1,0,2,3,0,0,1,3,3,2,2,1,1,1,1,6,4,1,2,2,1,2,2,2,2,2,1,2,2,2,2,1,1,2,1,2,2,1,9,2,1,2,1,0,0,0,0,0,0,0,0,0,1,2,1,0,0,0,0,0,0,0,0,1,2,2
5221668,1,0,1,1,0,12,20,0,0,1,0,0,12,12,0,0,1,1,0,1,1,2,2,1,2,2,2,2,2,1,2,2,2,2,1,1,1,1,2,1,1,9,1,1,1,1,0,0,0,0,0,0,0,0,0,1,9,13,0,36,0,0,1,15,1,2,1,2,2
5301017,1,0,1,1,0,5,13,0,0,1,8,8,8,8,1,1,1,1,8,8,1,2,2,1,2,2,2,2,2,1,2,2,2,2,1,1,2,1,2,2,1,9,1,1,2,1,0,0,0,0,0,0,0,0,0,1,9,2,0,13,0,1,0,0,1,3,1,2,2
3549475,2,0,1,1,0,4,6,0,0,1,3,3,3,3,1,1,1,1,6,6,1,2,2,1,2,2,2,2,2,1,2,2,2,2,1,1,2,1,2,2,1,9,1,1,1,1,0,0,0,0,0,0,0,0,0,1,1,0,0,11,0,0,1,1,1,1,1,1,2
3069578,1,0,1,1,0,10,18,0,0,1,11,11,11,11,2,2,2,2,11,11,1,2,2,1,2,2,2,2,2,1,2,2,2,2,1,1,2,1,2,2,1,9,2,1,1,1,0,0,0,0,0,0,0,0,0,1,9,2,0,65,500,0,0,18,4,3,1,2,3
9460794,2,0,0,7,0,4,6,0,0,1,2,2,2,2,1,1,1,1,2,2,1,2,2,1,2,2,2,2,2,1,2,2,2,2,1,1,2,1,2,2,1,9,1,1,1,1,0,0,0,0,0,0,0,0,0,2,2,1,0,6,0,0,0,0,0,1,1,2,2
7380432,1,0,1,1,0,8,3,0,0,1,1,1,1,1,1,1,1,1,1,1,1,2,2,1,2,2,2,2,2,1,2,2,2,2,1,1,2,1,2,2,1,9,2,1,1,1,4,4,4,4,4,4,4,4,2,1,2,0,0,2,0,0,0,0,0,1,1,1,3
8314216,1,0,1,1,0,9,13,0,0,1,1,1,3,3,1,1,3,3,6,6,1,2,2,1,2,2,2,2,2,1,2,2,2,1,1,1,1,1,2,2,1,9,1,1,1,1,0,0,0,0,0,0,0,0,0,1,9,1,2,40,0,2,2,13,13,6,1,2,3
8712603,2,0,1,1,0,7,20,0,0,1,0,0,11,11,0,0,1,1,0,8,1,2,2,1,2,2,2,2,2,1,2,2,2,1,1,1,2,1,1,1,1,9,1,1,2,1,0,0,0,0,0,0,0,0,0,1,2,5,5,4,0,2,1,0,2,4,1,2,3
8454927,2,0,1,1,0,26,12,0,0,1,3,3,3,3,1,1,1,1,9,9,1,2,2,1,2,2,2,2,2,1,2,2,2,2,1,1,2,1,2,2,1,9,1,1,1,1,3,3,3,3,3,3,3,3,1,2,2,2,12,17,100,0,1,5,5,16,1,1,2
6319273,2,0,1,1,0,17,17,0,0,1,4,4,4,4,2,2,2,2,6,6,1,2,2,1,2,2,2,2,2,1,2,2,2,2,1,1,2,1,2,1,2,1,1,1,1,1,0,0,0,0,0,0,0,0,0,2,2,1,0,9,0,9,0,1,2,3,1,2,1
6344352,2,0,1,5,0,6,6,0,0,1,3,3,3,3,0,0,1,1,3,3,1,2,2,1,2,2,2,2,2,1,2,2,2,2,1,1,2,1,2,2,2,1,2,1,1,1,0,0,0,0,0,0,0,0,0,1,9,3,2,26,0,3,3,6,0,2,1,2,3
9475435,2,0,1,1,0,8,18,0,0,1,4,4,4,4,1,1,1,1,5,5,1,2,2,1,2,2,2,2,2,1,2,2,2,2,1,1,2,1,1,2,1,9,1,1,2,1,0,0,0,0,0,0,0,0,0,1,1,1,0,29,0,0,1,0,2,2,1,2,2
3224626,1,0,1,1,0,8,16,0,0,1,5,5,5,5,1,1,1,1,10,10,1,1,2,1,2,2,1,1,2,1,2,2,1,2,1,1,1,1,1,2,2,1,2,1,1,1,4,4,4,4,4,4,4,4,1,1,2,0,0,150,30,150,1,2,2,5,1,2,3
8002572,2,0,1,1,0,5,5,0,0,1,1,1,1,1,1,1,1,1,3,3,1,2,2,1,2,2,2,2,2,1,2,2,2,2,1,1,2,1,2,1,1,9,1,1,2,1,0,0,0,0,0,0,0,0,0,1,1,2,0,12,0,0,2,0,1,1,1,2,3
2401620,2,0,1,1,0,7,10,0,0,1,3,3,3,3,1,1,1,1,3,3,1,2,2,1,2,2,2,2,2,1,2,2,2,2,1,1,2,1,2,1,1,9,1,1,1,1,4,4,4,4,4,4,4,4,1,1,1,0,0,21,0,0,0,0,3,4,1,2,2
6609383,2,0,1,1,0,10,34,0,0,1,2,2,30,30,1,1,1,1,3,0,1,2,1,1,2,2,2,2,1,1,2,2,2,1,1,1,1,1,2,2,1,9,1,1,1,1,1,1,1,4,4,4,4,4,1,1,1,1,0,6,0,37,0,30,31,6,1,2,3
9372099,1,0,1,7,0,4,16,0,0,1,2,2,2,2,2,2,2,2,3,3,1,2,2,1,2,2,2,2,2,1,2,2,2,2,1,1,2,1,2,2,1,9,1,1,1,1,0,0,0,0,0,0,0,0,0,1,1,0,0,13,0,1,0,0,1,1,1,2,3
7832468,1,0,1,1,0,6,10,0,0,1,3,3,3,3,1,1,1,1,3,3,1,2,2,1,2,2,2,2,2,1,2,2,2,2,1,1,2,1,1,1,1,9,1,1,1,1,0,0,0,0,0,0,0,0,0,1,9,2,0,6,0,0,0,1,1,1,1,1,2
9493101,1,0,1,1,0,10,20,0,0,1,20,20,20,20,1,0,0,0,16,0,1,2,2,1,2,2,1,2,2,1,2,2,1,2,1,1,1,1,2,1,2,1,1,1,1,1,1,1,1,1,1,4,4,4,1,1,2,40,0,257,2,36,5,6,50,37,1,2,1
7714325,2,0,1,1,0,12,50,0,0,1,20,20,20,20,1,1,1,1,32,20,1,2,2,1,2,2,2,2,2,1,2,2,2,2,1,1,2,1,1,1,1,9,1,1,1,1,1,1,1,4,4,4,4,4,1,1,9,15,20,70,0,4,1,0,25,4,1,2,2
7168525,1,0,1,1,0,5,68,0,0,1,22,22,25,25,1,1,1,1,22,26,1,2,2,1,2,2,2,2,2,1,2,2,2,1,1,1,1,1,2,2,1,9,1,1,1,1,0,0,0,0,0,0,0,0,0,2,9,8,2,166,0,0,0,6,42,14,1,2,3
2827186,2,0,2,1,0,4,15,0,0,1,8,8,4,4,1,1,0,0,4,0,2,2,2,1,2,2,2,2,2,1,2,2,2,2,1,1,2,1,2,2,1,9,1,1,2,1,4,4,4,4,4,4,4,4,4,1,9,0,0,14,0,0,0,0,1,3,1,2,3
1600411,2,0,1,1,0,6,12,0,0,1,8,8,8,8,2,2,0,0,10,8,1,2,2,1,2,2,2,2,2,1,2,2,2,2,1,1,2,1,1,2,1,9,1,1,2,1,2,2,2,4,4,4,4,4,4,1,9,1,0,30,0,0,2,1,1,3,1,2,3
4988515,1,0,12,1,0,5,14,0,0,1,6,6,4,4,0,0,0,0,11,4,1,2,1,1,2,2,2,2,1,1,2,2,2,2,1,1,2,1,1,1,1,9,1,1,1,1,0,0,0,0,0,0,0,0,0,1,9,5,0,14,0,10,0,14,2,3,1,2,3
5565892,1,0,1,1,0,20,10,0,0,1,4,4,4,4,1,1,1,1,28,25,1,2,1,1,2,2,2,2,1,1,2,2,2,2,1,1,1,1,1,1,1,9,1,1,1,1,0,0,0,0,0,0,0,0,0,1,9,1,0,60,0,60,1,10,1,4,1,2,3
4832234,1,0,1,5,0,6,24,0,0,1,3,3,7,7,1,1,1,1,10,10,1,2,2,1,2,2,2,2,2,1,2,2,2,2,1,1,2,1,2,2,2,1,2,1,1,1,0,0,0,0,0,0,0,0,0,1,9,1,0,69,0,1,2,0,1,5,1,2,3
6650414,2,0,1,1,0,7,6,0,0,2,3,3,10,10,1,1,0,0,3,2,1,2,2,1,2,2,2,2,2,1,2,2,2,2,1,1,2,1,1,1,1,9,1,1,1,1,2,2,2,2,2,4,4,4,2,1,9,1,0,22,0,0,1,0,1,3,1,2,3
7773919,2,0,1,1,0,6,14,0,0,1,2,2,2,2,1,1,1,1,2,2,1,2,2,1,2,2,2,2,2,1,2,2,2,1,1,1,2,1,2,2,1,9,1,1,2,1,1,1,2,1,1,1,3,3,1,1,9,1,0,15,0,0,0,0,1,2,1,2,3
8480610,2,0,3,1,0,32,32,0,0,1,10,10,3,3,3,3,3,3,15,12,1,2,1,1,2,2,1,2,1,1,2,2,1,1,1,1,2,1,2,2,1,9,2,1,2,1,1,1,1,1,3,3,3,3,1,2,2,2,2,2,0,0,2,0,1,2,1,2,2
2382797,2,0,1,1,0,10,24,0,0,1,3,3,2,2,3,3,2,2,10,5,1,2,2,1,2,2,2,2,2,1,2,2,2,2,1,1,2,1,1,2,2,1,2,1,2,1,1,1,1,3,3,3,3,3,1,1,2,11,0,100,2,100,2,0,27,32,1,1,2
4354543,2,0,1,1,0,7,3,0,0,1,3,3,3,3,3,3,1,1,3,3,1,2,2,1,2,2,2,2,2,1,2,2,2,2,1,1,2,1,2,1,2,1,2,1,1,1,0,0,0,0,0,0,0,0,0,1,9,0,0,3,0,3,0,3,1,1,1,2,3
8987046,1,0,1,1,0,36,43,0,0,1,15,15,19,19,5,5,5,5,55,0,1,1,2,1,2,2,2,1,2,1,2,2,2,1,1,1,3,1,2,2,1,9,1,1,1,1,1,1,1,1,4,4,4,4,1,1,9,153,0,60,0,2,1,4,50,12,1,2,1
3630880,1,0,1,1,0,6,25,0,0,1,3,3,4,4,1,1,1,1,3,4,1,2,2,1,2,2,2,2,2,1,2,2,2,2,1,1,2,1,2,2,2,1,2,1,1,1,1,1,1,1,1,1,4,4,1,1,9,2,2,12,0,1,1,1,1,1,1,1,2
4172987,1,0,1,1,0,10,12,0,0,1,8,8,8,8,0,0,0,0,4,4,1,2,2,1,2,2,2,2,2,1,2,2,2,3,1,1,2,1,2,1,1,9,1,1,1,1,4,4,4,4,4,4,4,4,1,1,9,1,0,6,0,0,1,0,5,10,1,1,3
8368143,1,0,1,1,0,7,21,0,0,1,4,4,22,22,0,0,0,0,16,0,1,2,2,1,2,2,2,2,2,1,2,2,2,2,1,1,2,1,2,1,1,9,1,1,1,1,1,1,1,4,4,4,4,4,4,1,9,23,0,12,0,0,0,0,16,3,1,2,3
8277981,2,0,1,1,0,5,22,0,0,1,4,4,4,4,0,0,0,0,4,4,1,1,1,1,2,1,1,1,1,1,2,1,1,2,1,1,2,1,1,2,1,9,2,1,2,1,0,0,0,0,0,0,0,0,0,1,9,0,0,35,0,35,0,0,2,4,1,2,3
6116631,2,0,1,1,0,5,6,0,0,1,1,1,1,1,1,1,1,1,3,3,1,2,2,1,2,2,2,2,2,1,2,2,2,2,1,1,2,1,1,1,1,9,1,1,1,1,0,0,0,0,0,0,0,0,0,2,2,0,0,3,0,0,0,3,3,2,1,2,3
9273129,1,0,1,1,0,10,11,0,0,1,3,3,3,3,1,1,1,1,4,4,1,2,2,1,2,2,2,2,2,1,2,2,2,2,1,1,2,1,1,1,1,9,1,1,1,1,1,1,1,4,4,4,4,4,1,1,9,1,0,20,0,0,1,11,0,4,1,2,3
3581350,2,0,1,6,0,35,36,0,0,1,6,6,8,8,6,6,8,8,4,8,1,2,2,1,2,2,2,2,2,1,2,2,2,2,2,1,2,1,1,2,1,9,1,1,1,1,4,4,2,4,4,4,4,4,3,1,9,0,0,2,0,0,0,0,0,1,1,2,2
8849781,2,0,1,1,0,15,76,0,0,1,48,48,19,19,1,1,1,1,26,0,1,2,2,2,1,2,2,2,2,2,1,2,2,2,1,1,2,1,2,1,1,9,1,1,1,1,1,1,1,4,4,4,4,4,1,1,9,3,0,42,0,100,1,47,3,5,1,1,2
6999483,1,0,1,1,0,5,17,0,0,1,2,2,3,3,1,1,1,1,9,6,1,2,2,1,2,2,2,2,2,1,2,2,2,2,1,1,2,1,2,2,1,9,2,1,2,1,0,0,0,0,0,0,0,0,0,2,9,0,0,5,0,0,1,0,1,1,1,2,3
5712954,1,0,1,1,0,8,8,0,0,1,2,2,2,2,2,2,2,2,2,2,1,2,2,1,2,2,2,2,2,1,2,2,2,2,1,1,2,1,2,2,1,9,2,1,2,1,2,2,2,4,4,4,4,4,4,1,1,0,8,12,0,0,1,1,2,1,1,2,2
2395482,2,0,1,1,0,3,6,0,0,1,1,1,1,1,0,0,1,1,1,1,1,2,2,1,2,2,2,2,2,1,2,2,2,2,1,1,2,1,2,2,1,9,2,1,2,1,0,0,0,0,0,0,0,0,0,2,9,4,0,2,0,0,0,0,0,1,1,2,3
5841517,2,0,1,1,0,5,5,0,0,1,3,3,3,3,0,0,0,0,3,3,1,2,2,1,2,2,2,2,2,1,2,2,2,2,1,1,2,1,2,2,1,9,2,1,1,1,0,0,0,0,0,0,0,0,0,2,2,1,0,11,0,0,0,0,1,2,1,1,3
5076751,2,0,1,1,0,7,6,0,0,1,4,4,4,4,0,0,0,0,14,4,1,2,2,1,1,2,2,2,2,1,1,2,2,2,1,1,2,1,1,1,1,9,1,1,1,1,0,0,0,0,0,0,0,0,0,1,1,0,0,9,15,7,1,0,1,2,1,2,3
3708410,1,0,1,1,0,8,7,0,0,1,2,2,2,2,1,1,1,1,3,3,1,2,2,1,1,2,2,2,2,1,1,2,2,2,1,1,2,1,1,1,2,1,1,1,1,1,1,1,1,1,1,1,4,4,1,1,9,2,1,6,200,6,1,1,2,2,1,1,2
3476742,1,0,1,1,0,26,26,0,0,1,12,12,8,8,1,1,1,1,9,9,1,2,2,1,2,2,2,2,2,1,2,2,2,2,1,1,2,1,2,2,1,9,2,1,1,1,0,0,0,0,0,0,0,0,0,1,9,0,0,40,0,0,0,0,2,1,1,2,3
4155958,1,0,2,1,0,24,24,0,0,1,8,8,8,8,1,1,1,1,5,5,1,2,2,1,2,2,2,2,2,1,2,2,2,2,1,1,2,1,2,1,1,9,1,1,1,1,0,0,0,0,0,0,0,0,0,1,9,2,2,20,0,2,0,1,3,3,1,1,2
4050913,1,0,1,1,0,6,6,0,0,1,2,2,3,3,0,0,0,0,0,0,1,2,2,1,2,2,2,2,2,1,2,2,2,2,1,1,1,1,2,2,2,1,1,1,2,1,0,0,0,0,0,0,0,0,0,2,2,0,0,10,0,0,0,6,0,1,1,2,3
9214933,2,0,1,1,0,14,24,0,0,1,11,11,11,11,1,1,1,1,11,0,1,2,2,1,2,2,2,2,2,1,2,2,2,2,1,1,2,1,2,2,1,9,1,1,1,1,0,0,0,0,0,0,0,0,0,1,9,54,0,5,0,0,1,20,1,1,1,2,2
5144803,1,0,2,1,0,17,84,0,0,1,55,55,98,98,1,1,1,1,111,0,1,2,2,1,2,2,2,2,2,1,2,2,2,1,1,1,2,1,2,1,1,9,1,1,1,1,1,1,1,1,1,1,1,1,1,1,9,0,450,90,0,0,2,50,17,15,1,1,2
7402040,2,0,1,1,0,6,30,0,0,1,10,10,10,10,10,10,10,10,16,16,1,2,2,1,2,2,2,2,2,1,2,2,2,2,1,1,2,1,2,1,1,9,1,1,2,1,0,0,0,0,0,0,0,0,0,1,2,5,1,3,0,0,0,0,3,3,1,2,3
8396240,1,0,2,1,0,63,63,0,0,1,40,40,40,40,0,0,0,0,40,40,1,2,2,1,2,2,2,2,2,1,2,2,2,2,1,1,2,1,2,1,1,9,1,1,2,1,1,1,1,4,4,4,4,4,1,1,9,10,2,157,200,0,2,0,50,8,1,2,3
9469835,1,0,1,1,0,6,13,0,0,1,21,21,20,20,14,14,15,15,37,27,1,2,2,1,2,2,2,2,2,1,2,2,2,1,2,1,2,1,1,1,1,9,1,1,1,1,0,0,0,0,0,0,0,0,0,1,9,3,0,67,0,0,2,13,3,8,1,2,2
3036387,1,0,1,1,0,14,9,0,0,1,8,8,14,14,1,1,1,1,8,14,1,2,2,1,2,2,2,2,2,1,2,2,2,2,1,1,2,1,2,1,2,1,1,1,2,1,4,4,4,4,4,4,4,4,1,1,9,2,6,24,0,0,1,7,11,3,1,2,3
2735991,2,0,3,1,0,3,3,0,0,1,1,1,1,1,1,1,1,1,1,1,1,2,2,1,2,2,2,2,2,1,2,2,2,2,1,1,2,1,2,2,1,9,2,1,1,1,0,0,0,0,0,0,0,0,0,2,2,1,0,1,0,0,0,0,0,0,1,2,3
3083055,2,0,1,1,0,3,5,0,0,1,3,3,3,3,1,1,1,1,4,4,1,2,2,1,2,2,2,2,2,1,2,2,2,2,1,1,2,1,2,2,2,1,1,1,1,1,3,3,3,3,3,3,3,3,2,2,2,1,0,1,0,0,0,0,1,1,1,2,3
5559888,1,0,1,1,0,8,17,0,0,1,5,5,5,5,1,1,1,1,8,6,1,2,2,1,2,2,2,2,2,1,2,2,2,2,1,1,2,1,2,2,1,9,1,1,1,1,0,0,0,0,0,0,0,0,0,1,1,1,0,35,0,17,2,17,2,4,1,2,2
9269755,2,0,1,1,0,9,16,0,0,1,3,3,3,3,1,1,0,0,4,3,1,2,2,1,2,2,2,2,2,1,2,2,2,2,1,1,2,1,2,2,1,9,1,1,1,1,1,1,1,4,4,4,4,4,1,1,2,1,0,7,0,20,0,16,16,6,1,2,2
9601349,2,0,1,1,0,7,6,0,0,1,2,2,2,2,2,2,2,2,12,12,1,2,2,1,2,2,2,2,2,1,2,2,2,2,1,1,2,1,2,2,1,9,2,1,1,1,1,1,4,4,1,4,4,4,4,2,9,1,0,2,0,0,0,0,1,1,1,2,3
5084457,2,0,1,1,0,6,9,0,0,1,3,3,3,3,0,0,0,0,3,3,1,2,2,1,2,2,2,2,2,1,2,2,2,2,1,1,2,1,1,1,2,1,1,1,1,1,0,0,0,0,0,0,0,0,0,1,9,0,0,37,0,0,1,6,8,5,1,2,3
8854053,2,0,1,1,0,8,12,0,0,1,4,4,4,4,4,4,4,4,4,4,1,2,2,1,1,2,2,2,2,1,1,2,2,2,1,1,2,1,2,2,1,9,1,1,1,1,0,0,0,0,0,0,0,0,0,1,9,1,1,25,0,12,1,0,12,2,1,1,3
7823329,1,0,1,1,0,7,6,0,0,1,1,1,1,1,1,1,1,1,1,2,1,2,2,1,2,2,2,2,2,1,2,2,2,2,1,1,2,1,2,2,2,1,1,1,1,1,0,0,0,0,0,0,0,0,0,1,2,1,0,7,0,7,1,0,0,3,1,2,3
7105562,2,0,2,1,0,8,18,0,0,1,4,4,7,7,1,1,1,1,12,12,1,2,2,1,2,2,2,2,2,1,2,2,2,2,1,1,1,1,1,1,1,9,1,1,1,1,0,0,0,0,0,0,0,0,0,2,2,8,29,55,100,8,0,1,29,4,1,1,3
4481232,2,0,1,1,0,12,12,0,0,1,5,5,5,5,0,0,0,0,2,0,1,2,1,1,2,2,2,2,1,1,2,2,2,2,1,1,2,1,2,2,1,9,2,2,9,1,0,0,0,0,0,0,0,0,0,1,9,1,0,3,0,0,0,0,0,3,1,2,3
1142713,2,0,1,1,0,31,27,0,0,1,4,4,5,5,1,1,1,1,3,0,1,2,1,1,2,2,2,2,1,1,2,2,2,2,1,1,2,1,2,2,1,9,1,1,1,1,1,1,1,1,4,4,4,4,4,1,9,102,100,37,1,0,3,0,35,25,1,2,1
2747880,1,0,1,1,0,10,25,0,0,1,9,9,10,10,1,1,1,1,5,5,1,2,2,1,2,2,2,2,2,1,2,2,2,2,1,1,2,1,2,2,2,1,1,1,1,1,0,0,0,0,0,0,0,0,0,1,9,2,0,20,0,0,2,0,2,4,1,2,3
3104347,1,0,1,1,0,5,17,0,0,1,23,23,18,18,1,1,1,1,15,11,1,2,2,1,2,2,2,2,2,1,2,2,2,2,1,1,2,1,2,2,1,9,2,1,1,1,1,1,1,1,1,0,0,0,1,1,9,2,0,24,0,1,1,0,11,3,1,1,3
2482744,1,0,1,1,0,5,5,0,0,1,1,1,2,2,1,1,0,0,4,0,1,2,2,1,2,2,2,2,2,1,2,2,2,2,1,1,2,1,2,2,2,1,1,1,1,1,0,0,0,0,0,0,0,0,0,1,9,1,0,10,0,1,1,0,1,1,1,2,2
7293825,1,0,1,1,0,7,10,0,0,1,7,7,12,12,1,1,4,4,9,16,1,2,1,1,1,2,2,2,1,1,1,2,2,1,1,1,1,1,2,2,1,9,1,1,1,1,0,0,0,0,0,0,0,0,0,1,9,1,0,20,0,0,1,2,1,5,1,2,2
7108082,1,0,1,1,0,6,10,0,0,1,3,3,3,3,1,1,1,1,5,5,1,2,1,1,2,2,2,2,1,1,2,2,2,2,1,1,2,1,2,1,1,9,1,1,1,1,0,0,0,0,0,0,0,0,0,1,1,1,0,14,0,0,0,0,1,2,1,2,3
2908908,1,0,1,1,0,4,11,0,0,1,3,3,3,3,1,1,1,1,3,3,1,2,2,1,2,2,2,2,2,1,2,2,2,2,1,1,2,1,2,1,1,9,1,1,1,1,0,0,0,0,0,0,0,0,0,1,9,0,0,15,0,0,0,0,5,1,1,2,2
8468894,2,0,5,1,0,8,11,0,0,1,5,5,8,8,0,0,0,0,9,12,1,2,1,1,1,2,1,2,1,1,1,2,1,1,1,1,2,1,1,1,1,9,1,2,9,1,0,0,0,0,0,0,0,0,0,1,9,1,0,6,0,10,1,12,13,2,1,2,2
8503855,2,0,3,1,0,6,6,0,0,1,4,4,4,4,0,0,0,0,5,3,1,2,2,1,1,2,2,2,2,1,1,2,2,2,1,1,2,1,2,2,1,9,1,1,1,1,0,0,0,0,0,0,0,0,0,1,2,0,2,12,0,2,0,2,2,2,1,1,3
2241786,2,0,1,1,0,6,18,0,0,1,6,6,6,6,1,1,1,1,6,6,1,2,2,1,2,2,2,2,2,1,2,2,2,2,1,1,2,1,1,1,1,9,1,1,1,1,0,0,0,0,0,0,0,0,0,1,9,3,0,18,0,0,0,1,3,2,1,2,3
8740252,1,0,17,8,0,8,12,0,0,1,2,2,2,2,2,2,2,2,4,2,1,2,2,1,2,2,2,2,2,1,2,2,2,2,1,1,2,1,1,1,2,1,1,1,1,1,2,2,2,2,2,2,4,2,2,1,9,1,2,10,4,2,1,0,4,2,1,2,2
8655378,2,0,1,1,0,4,9,0,0,1,0,0,1,1,0,0,1,1,0,1,1,2,2,1,1,2,2,2,2,1,1,2,2,2,1,1,2,1,1,2,1,9,1,1,1,1,0,0,0,0,0,0,0,0,0,1,1,1,0,9,0,0,1,0,0,2,1,2,2
9190204,2,0,1,1,0,7,18,0,0,1,28,28,21,21,1,1,1,1,4,1,1,2,2,1,2,2,2,2,2,1,2,2,2,2,1,1,2,1,1,2,1,9,2,1,1,1,0,0,0,0,0,0,0,0,0,2,2,0,0,14,0,2,0,18,1,1,1,2,1
8717097,2,0,1,1,0,16,15,0,0,1,10,10,8,8,2,2,2,2,12,9,1,2,2,1,2,2,2,2,2,1,2,2,2,2,1,1,2,1,2,1,1,9,1,1,1,1,1,1,1,1,1,4,4,4,1,1,2,1,110,47,0,2,0,1,4,4,1,2,3
8911852,1,0,1,1,0,10,2,0,0,1,3,3,6,6,3,3,1,1,5,7,1,2,2,1,2,2,2,2,2,1,2,2,2,2,1,1,2,1,1,1,1,9,1,1,1,1,0,0,0,0,0,0,0,0,0,1,9,5,0,5,0,45,1,6,8,5,1,1,3
4428850,2,0,1,1,0,9,10,0,0,1,4,4,4,4,1,1,1,1,4,4,1,2,2,1,2,2,2,2,2,1,2,2,2,2,1,1,2,1,2,2,1,9,1,1,1,1,2,4,4,4,4,4,4,4,2,1,9,12,0,18,0,0,3,0,2,2,1,2,2
9239159,1,0,1,1,0,7,20,0,0,1,10,10,12,12,2,2,2,2,8,0,1,2,2,1,2,2,2,2,2,1,2,2,2,1,1,1,2,1,2,1,1,9,2,1,1,1,0,0,0,0,0,0,0,0,0,1,9,1,0,23,0,0,2,15,2,4,1,1,1
4121668,2,0,1,1,0,5,40,0,0,1,8,8,4,4,1,1,1,1,0,0,1,2,2,1,2,2,2,2,2,1,2,2,2,2,1,1,2,1,2,1,2,1,2,1,1,1,1,1,1,4,4,4,4,4,1,1,9,0,0,30,0,0,1,0,0,5,1,2,3
8439968,2,0,1,1,0,5,17,0,0,1,1,1,1,1,4,4,6,6,6,7,1,2,2,1,2,2,2,2,2,1,2,2,2,2,1,1,2,1,2,2,2,1,1,1,1,1,4,4,4,4,4,4,4,4,1,1,2,0,0,45,0,0,0,0,1,1,1,2,2
5201331,2,0,1,1,0,8,4,0,0,1,1,1,1,1,1,1,1,1,6,4,1,2,2,1,2,2,2,2,2,1,2,2,2,2,1,1,2,1,1,2,1,9,2,1,1,1,0,0,0,0,0,0,0,0,0,1,2,1,0,1,0,0,1,0,0,1,1,2,2
5446274,2,0,1,1,0,7,6,0,0,1,2,2,2,2,1,1,1,1,3,0,1,2,2,1,2,2,2,2,2,1,2,2,2,2,1,1,2,1,2,2,2,1,1,1,1,1,0,0,0,0,0,0,0,0,0,1,9,0,0,8,0,2,0,0,1,2,1,2,3
5336684,1,0,1,1,0,8,22,0,0,1,17,17,16,16,2,2,4,4,10,0,1,2,2,1,2,2,2,2,2,1,2,2,2,2,1,1,1,1,1,1,1,9,1,1,1,1,1,1,1,4,4,4,4,4,1,1,9,2,0,43,0,35,3,25,1,5,1,2,2
4624319,1,0,2,1,0,8,24,0,0,1,10,10,10,10,1,1,1,1,10,10,1,2,1,1,2,2,2,2,1,1,2,2,2,2,1,1,1,1,2,2,1,9,2,1,1,1,4,4,4,4,4,4,4,4,4,1,2,2,1,5,0,5,1,0,1,4,1,2,2
4847799,2,0,1,1,0,4,3,0,0,1,3,3,3,3,1,1,1,1,5,3,1,1,1,1,2,2,2,1,1,1,2,2,2,2,1,1,2,1,2,1,2,1,1,1,1,1,0,0,0,0,0,0,0,0,0,2,2,3,0,6,0,0,1,3,1,1,1,2,3
1900004,1,0,1,1,0,104,104,0,0,1,6,6,4,4,6,6,4,4,8,2,1,2,2,1,2,2,2,2,2,1,2,2,2,2,1,1,1,1,2,2,1,9,2,1,1,1,0,0,0,0,0,0,0,0,0,1,9,5,0,25,0,0,0,0,10,5,1,1,2
7388042,2,0,1,1,0,8,6,0,0,1,4,4,9,9,1,1,1,1,8,0,1,2,2,1,2,2,2,2,2,1,2,2,2,2,1,1,2,1,2,2,1,9,1,1,1,1,0,0,0,0,0,0,0,0,0,1,2,0,0,29,0,0,1,6,1,1,1,2,2
8865147,2,0,1,1,0,6,6,0,0,1,1,1,1,1,1,1,1,1,4,4,1,2,2,1,2,2,2,2,2,1,2,2,2,2,1,1,2,1,2,1,1,9,1,1,1,1,0,0,0,0,0,0,0,0,0,2,2,1,0,1,0,1,0,0,0,1,1,2,3
3579826,1,0,1,1,0,7,2,0,0,1,7,7,7,7,1,1,1,1,5,5,1,2,2,1,2,2,2,2,2,1,2,2,2,1,1,1,2,1,2,1,1,9,1,1,1,1,4,4,4,4,4,4,4,4,4,2,9,25,15,0,3,0,1,2,2,4,1,1,2
2591292,2,0,1,1,0,8,12,0,0,1,2,2,3,3,1,1,1,1,10,7,1,2,2,1,2,2,2,2,2,1,2,2,2,2,1,1,2,1,1,1,1,9,1,1,1,1,0,0,0,0,0,0,0,0,0,1,1,0,0,20,0,0,1,0,8,9,1,2,2
6127664,1,0,1,5,0,4,9,0,0,1,1,1,1,1,1,1,1,1,4,2,1,2,2,1,2,2,2,2,2,1,2,2,2,2,1,1,2,1,1,2,2,1,1,1,2,1,0,0,0,0,0,0,0,0,0,1,1,0,0,15,0,11,1,0,2,2,1,2,2
8881626,2,0,1,1,0,4,12,0,0,1,0,0,2,2,0,0,1,1,0,0,1,2,2,1,2,2,2,2,2,1,2,2,2,2,1,1,1,1,2,2,1,9,1,1,1,1,0,0,0,0,0,0,0,0,0,1,2,1,0,13,0,0,1,0,2,2,1,2,2
9690768,2,0,1,1,0,8,6,0,0,1,1,1,3,3,1,1,1,1,4,0,1,2,2,1,2,2,2,2,2,1,2,2,2,2,1,1,2,1,2,2,1,9,1,1,1,1,0,0,0,0,0,0,0,0,0,1,9,11,2,229,80,64,3,1,50,12,1,1,1
6126179,2,0,1,1,0,16,10,0,0,1,2,2,2,2,0,0,1,1,2,3,1,2,2,1,2,2,2,2,2,1,2,2,2,2,1,1,2,1,1,1,1,9,1,1,1,1,0,0,0,0,0,0,0,0,0,1,1,2,1,15,50,2,2,1,5,5,1,1,2
1358245,1,0,1,1,0,12,12,0,0,1,3,3,3,3,1,1,1,1,3,3,1,2,2,1,2,2,2,2,2,1,2,2,2,2,2,1,2,1,2,2,1,9,2,1,2,1,0,0,0,0,0,0,0,0,0,1,9,1,0,37,0,15,0,0,1,1,1,2,2
1344278,2,0,1,1,0,7,4,0,0,1,3,3,3,3,1,1,1,1,3,3,1,2,1,1,2,2,2,2,1,1,2,2,2,1,1,1,1,1,2,2,1,9,1,1,1,1,0,0,0,0,0,0,0,0,0,1,9,1,0,33,0,0,1,0,1,3,1,2,1
2916018,2,0,1,6,0,11,43,0,0,1,5,5,5,5,1,1,1,1,5,0,1,2,2,1,2,2,2,2,2,1,2,2,2,2,1,1,2,1,1,1,1,9,1,1,1,1,0,0,0,0,0,0,0,0,0,1,2,1,200,134,0,100,2,0,3,3,1,1,3
1232739,2,0,1,1,0,7,6,0,0,1,3,3,3,3,1,1,1,1,3,3,1,2,2,1,2,2,2,2,2,1,2,2,2,2,1,1,2,1,2,2,2,1,1,1,2,1,0,0,0,0,0,0,0,0,0,1,2,8,75,7,0,0,1,0,1,2,1,2,2
9921202,1,0,1,1,0,16,16,0,0,1,4,4,6,6,1,1,1,1,3,1,1,2,2,1,2,2,2,2,2,1,2,2,2,2,1,1,1,1,1,1,1,9,1,1,1,1,1,1,1,1,1,1,1,1,1,1,9,34,0,34,500,34,2,16,17,6,1,1,1
8660554,1,0,0,3,0,5,6,0,0,1,2,2,1,1,2,2,1,1,2,2,1,2,2,1,2,2,2,2,2,1,2,2,2,2,1,1,1,1,1,2,1,9,1,1,1,1,0,0,0,0,0,0,0,0,0,1,1,0,0,10,0,1,1,0,2,1,1,2,3
8297147,2,0,1,1,0,5,4,0,0,1,3,3,4,4,1,1,1,1,4,4,1,2,2,1,2,2,2,2,2,1,2,2,2,2,1,1,2,1,2,2,1,9,2,1,1,1,3,3,3,3,3,3,3,3,1,1,9,0,0,2,0,0,1,0,0,1,1,2,3
9322423,1,0,1,1,0,10,16,0,0,1,1,1,20,20,0,0,3,3,0,23,1,2,2,1,2,2,2,2,2,1,2,2,2,1,1,1,2,1,2,1,1,9,1,1,1,1,0,0,0,0,0,0,0,0,0,1,9,1,0,30,0,30,0,7,3,3,1,2,1
3615072,1,0,3,1,0,4,10,0,0,1,2,2,2,2,1,1,1,1,6,1,1,2,2,1,2,2,2,2,2,1,2,2,2,2,1,1,2,1,2,2,1,9,2,1,2,1,2,2,2,4,4,4,4,4,4,1,9,1,0,3,0,1,0,0,1,1,1,2,3
5956506,1,0,0,7,0,5,0,6,0,1,2,2,3,3,1,1,1,1,3,3,1,2,2,1,2,2,2,2,2,1,2,2,2,2,1,1,2,1,1,1,1,9,2,1,2,1,0,0,0,0,0,0,0,0,0,1,1,1,97,39,0,32,2,7,7,3,1,2,3
5432843,1,0,2,1,0,10,40,0,0,1,0,0,40,40,0,0,0,0,0,2,1,2,2,1,2,2,2,2,2,1,2,2,2,1,1,1,2,1,2,1,1,9,1,1,1,1,0,0,0,0,0,0,0,0,0,1,9,11,0,91,0,46,2,40,40,5,1,2,1
5553459,2,0,1,1,0,13,13,0,0,1,6,6,5,5,1,1,1,1,7,0,1,2,2,1,2,2,2,2,2,1,2,2,2,2,1,1,3,1,2,2,1,9,1,1,1,1,1,1,2,2,2,2,3,4,4,1,1,0,0,17,0,0,1,2,1,6,1,2,3
3513616,2,0,1,1,0,12,24,0,0,1,23,23,22,22,8,8,7,7,27,0,1,2,2,1,2,2,2,2,2,1,2,2,2,2,1,1,2,1,2,2,2,1,2,1,2,1,0,0,0,0,0,0,0,0,0,1,9,2,0,7,0,0,0,24,1,4,1,1,3
4398220,1,0,1,1,0,11,46,0,0,1,17,17,20,20,8,8,7,7,25,27,1,2,2,1,2,2,2,2,2,1,2,2,2,2,1,1,2,1,2,1,1,9,2,1,1,1,1,1,1,1,1,1,1,4,1,1,9,110,45,24,0,55,1,46,1,8,1,1,1
7008206,1,0,1,1,0,12,43,0,0,1,52,52,31,31,1,1,1,1,53,32,1,2,2,1,2,2,2,2,2,1,2,2,2,1,1,1,2,1,2,2,1,9,2,1,1,1,0,0,0,0,0,0,0,0,0,1,9,30,0,78,0,0,1,47,50,7,1,2,3
3266177,1,0,1,1,0,5,18,0,0,1,6,6,6,6,2,2,2,2,12,8,1,2,2,1,2,2,2,2,2,1,2,2,2,2,1,1,2,1,2,2,1,9,2,1,1,1,0,0,0,0,0,0,0,0,0,1,9,1,0,8,0,33,0,21,19,3,1,2,3
2776028,2,0,2,7,0,2,12,0,0,1,5,5,4,4,1,1,1,1,11,8,1,2,2,1,2,2,2,2,2,1,2,2,2,2,1,1,2,1,2,2,1,9,1,1,2,1,0,0,0,0,0,0,0,0,0,2,2,0,0,11,0,0,0,0,1,2,1,2,2
3003994,1,0,1,7,0,7,29,0,0,1,5,5,5,5,1,1,1,1,5,5,1,2,2,1,2,2,2,2,2,1,2,2,2,2,1,1,2,1,1,2,1,9,1,1,1,1,4,4,4,4,4,4,4,4,3,1,9,1,1,20,0,0,0,0,1,2,1,1,2
7602497,1,0,1,1,0,14,18,0,0,1,8,8,9,9,1,1,1,1,13,9,1,2,2,1,2,2,2,2,2,1,2,2,2,2,1,1,2,1,2,1,1,9,1,1,1,1,1,1,1,1,1,1,4,4,1,1,2,2,1,156,0,100,2,0,22,10,1,2,2
9556927,2,0,0,1,0,3,2,0,0,1,3,3,4,4,1,1,0,0,3,4,1,2,2,1,2,2,2,2,2,1,2,2,2,2,1,1,3,1,2,2,1,9,2,1,1,1,4,4,4,4,4,4,4,4,2,1,9,0,0,1,0,0,0,0,1,1,1,2,2
2900890,1,0,1,1,0,7,12,0,0,1,4,4,5,5,1,0,0,0,4,5,1,2,2,1,2,2,2,2,2,1,2,2,2,2,1,1,2,1,2,2,1,9,1,1,2,1,3,3,3,3,3,3,3,3,3,1,9,0,0,13,0,13,1,0,1,1,1,2,2
3955814,1,0,2,5,0,8,53,0,0,1,10,10,10,10,1,1,1,1,10,10,1,2,2,1,2,2,2,2,2,1,2,2,2,2,1,1,2,1,2,2,2,1,2,1,1,1,0,0,0,0,0,0,0,0,0,1,9,4,0,41,0,3,0,0,1,6,1,1,2
4831364,2,0,1,1,0,5,18,0,0,1,8,8,4,4,1,1,1,1,7,3,1,2,2,1,2,2,2,2,2,1,2,2,2,2,1,1,2,1,2,2,1,9,1,1,2,1,4,4,4,4,4,4,4,4,4,1,2,2,0,30,0,0,0,2,2,3,1,2,2
9549625,1,0,0,1,0,4,18,0,0,1,3,3,3,3,1,1,1,1,12,10,1,2,2,1,2,2,2,2,2,1,2,2,2,2,1,1,2,1,2,2,1,9,1,1,1,1,0,0,0,0,0,0,0,0,0,1,9,2,0,13,0,0,2,1,1,2,1,2,3
6691996,1,0,2,1,0,6,6,0,0,1,10,10,10,10,1,1,1,1,10,10,1,2,2,1,2,2,2,2,2,1,2,2,2,2,1,1,1,1,1,2,1,9,1,1,1,1,0,0,0,0,0,0,0,0,0,1,9,0,0,15,0,0,0,0,1,1,1,2,2
2594466,2,0,1,1,0,18,18,0,0,1,4,4,4,4,1,1,1,1,15,15,1,2,2,1,2,2,2,2,2,1,2,2,2,2,1,1,2,1,1,1,1,9,2,1,1,1,0,0,0,0,0,0,0,0,0,2,2,1,0,64,0,0,2,0,18,2,1,1,3
4975572,2,0,1,1,0,3,5,0,0,1,0,0,2,2,0,0,2,2,0,0,1,2,2,1,2,2,2,2,2,1,2,2,2,2,1,1,2,1,1,1,1,9,1,1,2,1,0,0,0,0,0,0,0,0,0,2,2,0,0,2,0,0,0,0,0,1,1,2,3
4868504,2,0,1,1,0,5,15,0,0,1,6,6,5,5,1,1,1,1,10,10,1,1,2,1,2,2,2,1,2,1,2,2,2,2,1,1,2,1,1,1,2,1,1,1,1,1,4,4,4,4,4,4,4,4,2,1,9,1,0,18,0,2,2,0,3,3,1,2,2
6439697,1,0,1,7,0,8,18,0,0,1,6,6,6,6,2,2,2,2,2,2,1,2,2,1,2,2,2,2,2,1,2,2,2,2,1,1,2,1,1,2,1,9,1,1,1,1,0,0,0,0,0,0,0,0,0,1,2,1,0,36,0,0,36,0,0,2,1,2,2
7890917,2,0,1,1,0,9,24,0,0,1,19,19,19,19,1,1,1,1,20,20,1,2,2,1,2,2,2,2,2,1,2,2,2,2,1,1,2,1,2,2,1,9,1,1,1,1,1,1,1,4,3,4,4,4,1,1,2,1,0,4,0,0,1,1,2,3,1,2,2
1625140,1,0,1,1,0,7,9,0,0,1,10,10,8,8,1,1,1,1,15,10,1,2,2,1,2,2,2,2,2,1,2,2,2,2,1,1,3,1,1,2,1,9,1,2,9,1,0,0,0,0,0,0,0,0,0,1,1,0,0,5,0,0,0,0,1,3,1,2,3
4564187,1,0,3,1,0,5,12,0,0,1,15,15,12,12,3,3,3,3,15,0,1,2,2,1,2,2,2,2,2,1,2,2,2,2,1,1,2,1,2,2,1,9,1,1,2,1,0,0,0,0,0,0,0,0,0,1,1,0,0,33,0,36,2,1,2,4,1,2,2
2943363,1,0,1,1,0,11,28,0,0,1,12,12,8,8,1,1,1,1,12,12,1,2,2,1,2,2,2,2,2,1,2,2,2,2,2,1,2,1,1,1,1,9,2,1,1,1,4,4,4,4,4,4,4,4,1,1,2,21,0,51,0,0,1,0,20,1,1,2,2
3583144,2,0,1,1,0,4,6,0,0,1,2,2,1,1,1,1,1,1,8,3,1,2,2,1,2,2,2,2,2,1,2,2,2,2,1,1,3,1,1,1,1,9,1,1,1,1,0,0,0,0,0,0,0,0,0,1,1,1,0,20,0,6,1,5,1,3,1,1,3
8117082,1,0,1,1,0,5,3,0,0,1,5,5,4,4,1,1,1,1,5,5,1,2,1,1,2,2,2,2,1,1,2,2,2,2,1,1,2,1,2,2,1,9,2,1,1,1,0,0,0,0,0,0,0,0,0,1,2,0,0,1,0,0,0,0,0,1,1,2,3
1272899,2,0,1,1,0,10,21,0,0,1,0,0,29,29,0,0,6,6,0,0,1,2,2,1,2,2,2,2,2,1,2,2,2,2,1,1,2,1,1,1,1,9,1,1,1,1,0,0,0,0,0,0,0,0,0,1,2,0,0,92,0,0,2,0,30,8,1,1,3
1286935,2,0,1,1,0,9,14,0,0,1,6,6,6,6,1,1,1,1,2,2,1,2,2,1,2,2,2,2,2,1,2,2,2,2,1,1,2,1,1,1,1,9,2,1,1,1,1,1,1,1,1,4,4,4,1,1,9,34,1,19,0,14,1,14,1,8,1,1,3
7695255,2,0,1,1,0,2,9,0,0,1,3,3,3,3,1,1,1,1,3,1,1,2,2,1,2,2,2,2,2,1,2,2,2,2,1,1,2,1,2,2,1,9,2,1,1,1,1,1,1,1,1,1,4,4,1,1,9,3,0,30,0,0,0,0,0,2,1,1,3
9092663,2,0,1,1,0,12,64,0,0,1,18,18,28,28,4,4,4,4,39,0,1,2,2,1,2,2,2,2,2,1,2,2,2,1,1,1,2,1,2,1,1,9,1,1,2,1,1,1,1,1,4,4,4,4,4,1,9,48,58,175,0,175,1,2,50,28,1,2,1
6173352,2,0,1,1,0,5,3,0,0,1,2,2,2,2,2,2,2,2,2,2,1,2,2,1,2,2,2,2,2,1,2,2,2,2,1,1,2,1,2,2,1,9,1,1,1,1,0,0,0,0,0,0,0,0,0,1,9,0,0,10,0,0,0,1,0,1,1,2,2
9488947,2,0,1,1,0,31,0,15,0,1,6,6,6,6,6,6,6,6,4,4,1,2,2,1,2,2,1,2,2,1,2,2,1,2,1,1,2,1,2,2,2,1,2,1,2,1,4,4,4,4,4,4,4,4,1,1,9,43,3,41,0,0,2,0,9,4,1,2,1
1356854,2,0,1,1,0,5,17,0,0,1,6,6,10,10,2,2,5,5,18,10,1,2,2,1,1,2,2,2,2,1,1,2,2,2,1,1,2,1,2,1,1,9,2,1,1,1,2,2,2,4,4,4,4,4,3,2,2,0,0,4,0,0,1,0,1,2,1,2,2
1780207,2,0,1,1,0,10,24,0,0,1,0,0,56,56,0,0,33,33,0,28,1,2,1,1,2,2,2,2,1,1,2,2,2,2,1,1,2,1,1,2,1,9,1,1,1,1,0,0,0,0,0,0,0,0,0,2,2,3,0,50,0,0,0,35,0,2,1,2,3
2485194,2,0,1,1,0,6,12,0,0,1,5,5,5,5,2,2,2,2,4,4,1,1,1,1,2,2,2,1,1,1,2,2,2,2,1,1,2,1,1,1,1,9,1,1,2,1,0,0,0,0,0,0,0,0,0,1,1,1,1,13,0,0,0,0,2,2,1,2,3
8042939,1,0,1,1,0,9,6,0,0,1,3,3,3,3,1,1,1,1,2,2,1,2,2,1,2,2,2,2,2,1,2,2,2,2,1,1,1,1,2,1,2,1,1,1,1,1,0,0,0,0,0,0,0,0,0,1,1,0,0,7,0,3,0,4,3,2,1,2,2
5216338,1,0,1,1,0,45,79,0,0,1,46,46,76,76,0,0,0,0,21,0,1,2,1,2,1,2,2,2,1,2,1,2,2,2,1,1,2,1,2,2,1,9,1,1,2,1,1,1,1,1,1,1,1,1,1,1,9,10,0,159,70,0,1,42,10,8,1,1,1
2714218,2,0,1,1,0,7,7,0,0,1,4,4,4,4,1,1,1,1,6,6,1,2,2,1,2,2,2,2,2,1,2,2,2,2,2,1,3,1,2,2,1,9,2,1,1,1,0,0,0,0,0,0,0,0,0,2,2,1,1,1,0,0,0,0,1,1,1,2,2
5316243,1,0,1,1,0,6,6,0,0,1,3,3,3,3,1,1,1,1,5,3,1,2,2,1,2,2,2,2,2,1,2,2,2,2,1,1,2,1,1,1,1,9,2,1,2,1,1,1,1,4,4,4,4,4,1,1,9,0,0,40,20,40,1,6,6,2,1,2,3
7070732,2,0,1,1,0,1,3,0,0,1,1,1,1,1,1,1,1,1,5,1,1,2,2,1,2,2,2,2,2,1,2,2,2,2,1,1,2,1,1,1,1,9,1,1,1,1,0,0,0,0,0,0,0,0,0,2,2,1,0,2,0,2,0,0,1,1,1,2,3
3106115,2,0,1,1,0,4,3,0,0,1,1,1,1,1,1,1,1,1,6,5,1,2,2,1,2,2,2,2,2,1,2,2,2,2,1,1,2,1,1,1,1,9,1,1,1,1,0,0,0,0,0,0,0,0,0,1,2,0,0,1,0,0,0,0,1,1,1,2,2
9755207,1,0,1,1,0,8,14,0,0,1,4,4,4,4,1,1,1,1,10,5,1,2,2,1,2,2,2,2,2,1,2,2,2,2,1,1,2,1,2,1,1,9,1,1,2,1,1,1,1,4,4,4,4,4,4,2,2,1,0,2,0,0,1,2,1,2,1,1,2
7530233,2,0,1,1,0,5,6,0,0,1,7,7,7,7,1,1,1,1,8,8,1,2,2,1,2,2,2,2,2,1,2,2,2,2,1,1,2,1,1,1,1,9,1,1,1,1,0,0,0,0,0,0,0,0,0,1,9,1,0,30,0,2,2,5,1,5,1,2,2
8631314,1,0,1,1,0,5,18,0,0,1,15,15,15,15,3,3,3,3,18,18,1,1,2,1,2,2,2,1,2,1,2,2,2,2,1,1,2,1,1,1,1,9,2,1,1,1,0,0,0,0,0,0,0,0,0,1,9,1,0,30,0,20,2,18,2,5,1,2,3
4393812,2,0,1,1,0,6,15,0,0,1,3,3,3,3,0,0,0,0,3,3,1,2,2,1,2,2,2,2,2,1,2,2,2,2,1,1,3,1,2,1,1,9,2,1,1,1,0,0,0,0,0,0,0,0,0,1,9,1,2,4,0,14,1,1,8,3,1,2,2
3083771,2,0,1,1,0,6,6,0,0,1,5,5,5,5,1,1,1,1,6,3,1,2,2,1,2,2,2,2,2,1,2,2,2,2,1,1,2,1,2,1,2,1,1,1,2,1,0,0,0,0,0,0,0,0,0,1,9,0,156,41,0,41,1,6,7,3,1,2,3
1176426,1,0,1,1,0,8,12,0,0,1,3,3,3,3,1,1,1,1,12,12,1,2,2,1,2,2,2,2,2,1,2,2,2,2,1,1,2,1,2,1,1,9,1,2,9,1,0,0,0,0,0,0,0,0,0,1,2,0,0,5,0,0,1,12,12,2,1,2,3
6996117,1,0,1,1,0,9,23,0,0,1,11,11,11,11,1,1,1,1,11,11,1,2,1,1,2,2,2,2,1,1,2,2,2,2,1,1,2,1,2,1,1,9,1,1,1,1,0,0,0,0,0,0,0,0,0,1,9,0,0,35,0,23,1,0,25,2,1,2,2
6887550,1,0,1,1,0,7,14,0,0,1,4,4,12,12,4,4,4,4,16,12,1,2,2,1,2,2,2,2,2,1,2,2,2,2,1,1,2,1,2,2,1,9,1,2,9,1,0,0,0,0,0,0,0,0,0,2,9,5,0,30,0,30,1,22,22,5,1,2,1
7781776,2,0,1,1,0,10,14,0,0,1,6,6,4,4,1,1,1,1,6,4,1,1,1,1,2,1,1,1,1,1,2,1,1,2,1,1,2,1,2,2,1,9,1,1,1,1,0,0,0,0,0,0,0,0,0,1,9,2,0,14,0,0,0,21,22,2,1,2,3
9960693,1,0,1,1,0,4,4,0,0,1,3,3,3,3,1,1,1,1,3,3,1,2,2,1,2,2,2,2,2,1,2,2,2,2,1,1,2,1,1,1,1,9,2,1,2,1,0,0,0,0,0,0,0,0,0,1,1,0,0,12,50,0,0,0,1,1,1,1,3
3591493,1,0,1,1,0,6,6,0,0,1,3,3,3,3,1,1,1,1,4,4,1,2,2,1,2,2,1,2,2,1,2,2,1,2,1,1,2,1,2,2,2,1,1,1,1,1,0,0,0,0,0,0,0,0,0,1,9,1,1,10,0,1,1,0,2,2,1,1,2
2130844,1,0,1,1,0,4,21,0,0,1,5,5,5,5,5,5,5,5,5,5,1,2,2,1,2,2,2,2,2,1,2,2,2,2,1,1,2,1,1,2,1,9,1,1,1,1,0,0,0,0,0,0,0,0,0,1,1,0,0,15,0,0,0,1,1,2,1,2,3
7050585,1,0,1,1,0,11,19,0,0,1,19,19,21,21,2,2,2,2,48,0,1,2,2,1,2,2,2,2,2,1,2,2,2,2,1,1,2,1,2,1,1,9,1,1,1,1,0,0,0,0,0,0,0,0,0,1,9,37,4,170,0,0,3,26,38,15,1,1,2
4982259,2,0,1,1,0,24,18,0,0,1,10,10,10,10,1,1,1,1,10,10,1,2,2,1,2,2,2,2,2,1,2,2,2,2,1,1,2,1,2,1,1,9,1,1,1,1,0,0,0,0,0,0,0,0,0,2,2,2,75,30,0,0,4,0,3,2,1,2,3
1756195,2,0,1,1,0,5,14,0,0,1,7,7,7,7,7,7,7,7,3,3,1,2,2,1,2,2,2,2,2,1,2,2,2,2,1,1,2,1,2,2,1,9,1,1,1,1,3,3,3,1,1,3,3,3,3,1,1,0,0,46,0,46,1,14,1,1,1,1,2
5314665,1,0,1,1,0,10,65,0,0,1,15,15,14,14,1,1,1,1,70,70,1,2,2,1,2,2,2,2,2,1,2,2,2,2,1,1,2,1,1,1,1,9,2,1,1,1,1,1,1,4,4,4,1,4,1,1,9,250,125,210,400,77,3,65,65,30,1,2,1
8591293,2,0,1,1,0,1,3,0,0,1,1,1,1,1,1,1,1,1,1,1,1,2,2,1,2,2,2,2,2,1,2,2,2,1,1,1,2,1,2,2,1,9,1,1,1,1,0,0,0,0,0,0,0,0,0,2,2,0,0,1,0,0,0,0,0,1,1,2,2
3497719,2,0,1,1,0,4,9,0,0,1,1,1,1,1,1,1,1,1,2,2,1,2,2,1,2,2,2,2,2,1,2,2,2,1,1,1,2,1,2,1,1,9,1,1,1,1,2,2,2,4,4,4,4,4,1,1,1,0,0,30,0,5,0,1,2,2,1,2,2
5780297,2,0,1,1,0,9,6,0,0,1,1,1,1,1,1,1,1,1,4,2,1,2,2,1,2,2,2,2,2,1,2,2,2,2,1,1,2,1,1,1,2,1,2,1,1,1,1,1,1,4,4,4,4,4,1,1,9,2,0,30,0,0,1,0,1,2,1,2,2
8243790,1,0,1,1,0,10,30,0,0,1,6,6,6,6,1,1,1,1,9,7,1,2,2,1,2,2,2,2,2,1,2,2,2,1,1,1,2,1,1,1,1,9,1,1,1,1,1,1,1,4,4,1,4,4,1,1,2,2,0,50,0,1,0,0,3,3,1,1,2
3063764,2,0,1,1,0,19,28,0,0,1,11,11,11,11,1,1,1,1,20,0,1,2,2,1,2,2,2,2,2,1,2,2,2,1,1,1,2,1,2,2,1,9,1,1,1,1,0,0,0,0,0,0,0,0,0,1,9,31,0,51,0,0,2,20,2,7,1,2,3
9539310,2,0,1,1,0,9,32,0,0,1,26,26,20,20,1,1,1,1,27,21,1,2,2,1,2,2,2,2,2,1,2,2,2,2,1,1,2,1,2,2,1,9,1,1,2,1,1,1,1,1,4,1,1,1,1,1,9,2,0,15,0,0,1,5,12,5,1,2,2
1041282,1,0,1,1,0,8,19,0,0,1,8,8,3,3,1,1,0,0,10,3,1,2,2,1,2,2,1,2,2,1,2,2,1,1,1,1,1,1,1,1,2,1,2,1,2,1,4,4,4,4,2,4,4,4,4,1,1,2,0,60,50,0,0,2,18,2,1,2,2
8047115,2,0,1,1,0,14,14,0,0,1,8,8,8,8,1,1,1,1,1,5,1,2,1,1,2,2,2,2,1,1,2,2,2,2,1,1,2,1,2,1,1,9,1,1,1,1,1,1,1,4,4,2,4,4,1,1,2,0,0,5,0,2,0,2,2,3,1,1,3
3086032,2,0,1,1,0,7,13,0,0,1,4,4,4,4,1,1,1,1,6,4,1,2,1,1,2,2,2,2,1,1,2,2,2,1,1,1,1,1,1,1,2,1,1,1,1,1,0,0,0,0,0,0,0,0,0,1,1,1,0,20,0,12,1,0,12,3,1,2,3
8221599,2,0,1,1,0,6,6,0,0,1,1,1,1,1,0,0,1,1,4,2,1,2,2,1,2,2,2,2,2,1,2,2,2,2,1,1,2,1,2,2,1,9,2,1,1,1,0,0,0,0,0,0,0,0,0,1,9,0,0,10,0,9,0,0,0,5,1,2,2
4528276,1,0,1,1,0,6,6,0,0,1,1,1,1,1,1,1,1,1,1,1,1,2,2,1,2,2,2,2,2,1,2,2,2,2,1,1,2,1,2,2,2,1,1,2,9,1,0,0,0,0,0,0,0,0,0,1,1,0,0,11,0,0,0,0,1,1,1,2,2
5021938,2,0,1,1,0,6,12,0,0,1,8,8,8,8,1,1,1,1,9,21,1,2,2,1,2,2,2,2,2,1,2,2,2,2,1,1,2,1,2,2,1,9,1,1,1,1,0,0,0,0,0,0,0,0,0,1,9,0,0,25,0,0,0,10,10,2,1,1,3
8181729,2,0,4,1,0,11,20,0,0,1,5,5,5,5,5,5,5,5,5,8,1,2,2,1,2,2,2,2,2,1,2,2,2,1,1,1,2,1,1,1,1,9,1,1,1,1,1,1,1,1,1,1,4,1,1,1,9,6,1,39,129,12,3,12,3,3,1,1,3
6514387,2,0,1,1,0,6,18,0,0,1,0,0,21,21,0,0,2,2,0,10,1,2,2,1,2,2,2,2,2,1,2,2,2,2,1,1,2,1,2,2,1,9,1,1,1,1,0,0,0,0,0,0,0,0,0,1,2,1,0,4,0,0,0,0,1,3,1,2,3
7323977,1,0,1,1,0,3,20,0,0,1,4,4,5,5,1,1,1,1,13,9,1,2,2,1,2,2,2,2,2,1,2,2,2,2,1,1,2,1,2,2,1,9,1,1,2,1,1,2,2,2,3,3,3,3,4,1,9,0,0,30,0,0,0,0,0,2,1,2,3
4815893,1,0,1,1,0,8,23,0,0,1,3,3,2,2,1,1,1,1,4,3,1,2,2,1,2,2,2,2,2,1,2,2,2,2,1,1,2,1,1,1,1,9,2,1,1,1,1,1,1,4,4,4,4,4,1,1,9,1,0,25,0,0,0,0,1,2,1,2,3
5813599,1,0,1,1,0,3,15,0,0,1,10,10,10,10,1,1,1,1,11,11,1,2,2,1,2,2,2,2,2,1,2,2,2,2,1,1,2,1,2,1,1,9,2,1,2,1,0,0,0,0,0,0,0,0,0,1,1,1,0,25,0,1,1,2,10,3,1,1,3
1412813,2,0,2,1,0,7,12,0,0,1,4,4,4,4,1,1,1,1,4,4,1,2,2,1,2,2,2,2,2,1,2,2,2,2,1,1,2,1,2,1,1,9,1,1,1,1,2,2,2,4,4,4,4,4,4,2,2,2,0,3,0,1,0,0,1,1,1,2,2
7827818,2,0,1,7,0,4,9,1,0,1,1,1,1,1,1,1,1,1,2,2,1,2,2,1,2,2,2,2,2,1,2,2,2,2,1,1,2,1,2,2,1,9,1,1,1,1,0,0,0,0,0,0,0,0,0,1,2,1,0,9,0,0,1,0,0,2,1,2,2
1309262,2,0,1,1,0,12,62,0,0,1,25,25,16,16,4,4,1,1,25,16,1,2,2,1,2,2,2,2,2,1,2,2,2,2,1,1,1,1,1,1,1,9,1,1,1,1,1,1,1,4,4,4,4,4,1,1,9,65,0,20,0,61,1,50,50,10,1,1,2
6117239,1,0,1,1,0,6,24,0,0,1,5,5,4,4,0,0,1,1,10,5,1,2,2,1,2,2,2,2,2,1,2,2,2,2,1,1,2,1,2,2,1,9,1,1,1,1,0,0,0,0,0,0,0,0,0,1,9,2,0,60,0,6,1,0,6,5,1,2,3
3351589,2,0,1,1,0,7,30,0,0,1,10,10,10,10,10,10,11,11,15,0,1,2,2,1,2,2,2,2,2,1,2,2,2,2,1,1,2,1,2,2,1,9,2,1,2,1,0,0,0,0,0,0,0,0,0,1,9,1,0,49,0,0,1,30,1,3,1,1,3
9860387,2,0,1,1,0,16,37,0,0,1,14,14,13,13,1,1,1,1,4,5,1,2,2,1,2,2,2,2,2,1,2,2,2,2,1,1,2,1,2,2,1,9,1,1,1,1,0,0,0,0,0,0,0,0,0,1,9,0,0,60,0,0,0,40,42,3,1,2,1
6864193,1,0,1,1,0,7,18,0,0,1,17,17,17,17,1,1,1,1,18,18,1,2,2,1,2,2,2,2,2,1,2,2,2,1,1,1,2,1,1,1,1,9,1,1,1,1,0,0,0,0,0,0,0,0,0,1,9,1,0,30,0,1,1,0,1,2,1,2,3
6485342,2,0,1,1,0,11,14,0,0,1,2,2,8,8,1,1,1,1,5,0,1,2,2,1,2,2,2,2,2,1,2,2,2,2,1,1,2,1,2,2,2,1,1,1,1,1,1,1,1,1,1,3,1,1,1,1,9,26,0,5,100,5,1,14,1,1,1,2,1
6098581,1,0,1,1,0,18,40,0,0,1,20,20,32,32,1,1,1,1,20,32,1,2,2,1,2,2,2,2,2,1,2,2,2,2,1,1,2,1,2,1,2,1,1,1,1,1,0,0,0,0,0,0,0,0,0,1,9,5,0,78,1500,0,1,0,25,7,1,1,1
9114561,2,0,1,1,0,8,18,0,0,1,5,5,5,5,1,1,1,1,5,5,1,2,2,1,2,2,1,2,2,1,2,2,1,1,1,1,2,1,2,1,1,9,1,1,2,1,0,0,0,0,0,0,0,0,0,2,9,5,2,10,10,10,4,0,3,1,1,2,1
5605009,1,0,3,1,0,13,14,0,0,1,6,6,4,4,1,1,1,1,6,4,1,2,2,1,2,2,2,2,2,1,2,2,2,2,1,1,2,1,2,2,2,1,1,1,1,1,0,0,0,0,0,0,0,0,0,1,9,3,0,16,0,0,0,0,1,3,1,2,3
9247547,2,0,0,5,0,11,11,0,0,1,1,1,1,1,1,1,1,1,0,0,1,2,2,1,2,2,2,2,2,1,2,2,2,2,1,1,2,1,2,1,1,9,1,1,1,1,0,0,0,0,0,0,0,0,0,1,9,1,1,11,0,0,0,0,1,1,1,2,3
6787505,2,0,1,1,0,3,6,0,0,1,0,0,4,4,0,0,1,1,0,0,1,2,2,1,2,2,2,2,2,1,2,2,2,2,1,1,2,1,2,2,1,9,1,1,1,1,0,0,0,0,0,0,0,0,0,1,1,1,0,25,0,2,1,2,1,2,1,2,3
1826186,2,0,1,1,0,6,12,0,0,1,2,2,2,2,1,1,1,1,7,7,1,2,2,1,2,2,2,2,2,1,2,2,2,2,1,1,2,1,2,2,1,9,1,1,1,1,4,4,4,4,4,4,4,4,4,2,2,0,0,10,0,0,0,4,0,2,1,2,2
8375713,2,0,1,1,0,3,3,0,0,1,4,4,4,4,1,1,1,1,5,5,1,2,2,1,1,2,2,2,2,1,1,2,2,2,1,1,2,1,2,1,1,9,1,1,1,1,0,0,0,0,0,0,0,0,0,2,2,2,1,2,0,3,0,0,1,1,1,2,3
9461713,1,0,1,1,0,9,12,0,0,1,3,3,3,3,2,2,2,2,12,12,1,2,1,1,2,1,2,2,1,1,2,1,2,1,1,1,2,1,1,1,1,9,1,1,1,1,3,3,3,3,3,3,3,3,3,1,9,6,0,43,30,0,1,9,1,3,1,2,1
2393991,1,0,1,1,0,6,14,0,0,1,5,5,6,6,1,1,1,1,5,5,1,2,2,1,2,2,2,2,2,1,2,2,2,2,1,1,2,1,1,2,1,9,1,1,2,1,0,0,0,0,0,0,0,0,0,1,9,1,0,17,0,15,3,0,1,3,1,2,3
3365949,1,0,1,1,0,30,30,0,0,1,15,15,6,6,2,2,6,6,15,6,1,2,2,1,2,2,2,2,2,1,2,2,2,2,1,1,2,1,2,1,1,9,1,1,2,1,1,1,1,1,2,2,2,2,1,1,9,2,1,9,0,15,1,15,15,2,1,2,2
7947893,1,0,1,1,0,11,24,0,0,1,5,5,5,5,1,1,1,1,2,2,1,2,2,1,2,2,2,2,2,1,2,2,2,2,1,1,1,1,1,1,1,9,1,1,1,1,1,1,1,4,4,4,4,1,1,1,2,0,0,25,0,0,0,5,10,3,1,2,2
1738272,1,0,1,1,0,6,6,0,0,1,3,3,3,3,1,1,1,1,3,3,1,2,2,1,2,2,2,2,2,1,2,2,2,2,1,1,2,1,2,2,1,9,2,1,2,1,0,0,0,0,0,0,0,0,0,1,9,1,0,10,0,0,0,0,0,1,1,2,2
5329567,2,0,1,1,0,12,12,0,0,1,9,9,9,9,1,1,1,1,10,12,1,2,2,1,2,2,2,2,2,1,2,2,2,2,1,1,2,1,2,2,1,9,1,1,1,1,0,0,0,0,0,0,0,0,0,1,9,8,0,25,0,0,1,1,1,4,1,2,3
1742829,1,0,1,1,0,12,12,0,0,1,23,23,15,15,1,1,1,1,20,10,1,2,2,1,2,2,2,2,2,1,2,2,2,2,1,1,2,1,2,2,1,9,1,1,1,1,0,0,0,0,0,0,0,0,0,1,9,5,0,50,0,50,2,0,0,1,1,2,1
4313568,3,0,1,1,0,21,36,0,0,1,7,7,7,7,2,2,2,2,30,30,1,2,2,1,2,2,2,2,2,1,2,2,2,2,1,1,2,1,1,1,1,9,1,1,1,1,1,1,1,1,1,1,4,4,1,1,2,40,18,119,0,10,0,20,25,15,1,1,2
8489540,2,0,1,1,0,9,27,0,0,1,8,8,8,8,2,2,2,2,10,10,1,2,1,1,2,2,2,2,1,1,2,2,2,2,1,1,2,1,1,1,1,9,1,1,2,1,4,4,4,4,4,4,4,4,4,2,9,9,0,21,0,0,2,10,10,3,1,2,2
3618293,1,0,3,1,0,9,36,0,0,1,7,7,6,6,1,1,1,1,10,10,1,2,2,1,2,2,2,2,2,1,2,2,2,2,1,1,1,1,2,1,2,1,1,1,1,1,1,1,1,2,4,4,4,4,1,2,2,2,0,18,0,1,1,0,3,2,1,2,3
4857915,2,0,2,1,0,6,16,3,0,1,7,7,5,5,1,1,0,0,15,8,1,2,2,1,2,2,2,2,2,1,2,2,2,2,1,1,2,1,2,2,2,1,1,1,2,1,3,3,3,4,4,3,3,3,2,1,9,2,0,23,0,3,0,3,8,2,1,2,1
2052770,2,0,1,5,0,5,3,0,0,1,3,3,3,3,1,1,1,1,2,2,1,2,2,1,2,2,2,2,2,1,2,2,2,2,1,1,2,1,2,1,2,1,1,1,2,1,0,0,0,0,0,0,0,0,0,1,9,1,20,15,0,1,0,0,1,3,1,2,3
4876621,2,0,1,1,0,6,22,0,0,1,11,11,8,8,1,1,1,1,25,11,1,2,2,1,2,2,2,2,2,1,2,2,2,2,1,1,2,1,1,1,1,9,1,1,2,1,1,1,1,4,4,4,4,4,4,1,2,0,0,6,0,1,1,18,18,3,1,2,3
2747430,2,0,2,1,0,6,6,0,0,1,13,13,12,12,1,1,1,1,24,10,1,2,2,1,2,2,2,2,2,1,2,2,2,2,1,1,1,1,2,2,1,9,1,1,1,1,0,0,0,0,0,0,0,0,0,1,9,1,0,50,0,0,0,1,2,2,1,1,2
4751097,1,0,1,1,0,16,13,0,0,1,4,4,4,4,2,2,2,2,4,4,1,2,2,1,2,2,2,2,2,1,2,2,2,2,1,1,2,1,2,1,2,1,1,1,1,1,0,0,0,0,0,0,0,0,0,1,9,1,0,30,0,8,1,2,4,5,1,2,3
8314918,2,0,1,1,0,5,8,0,0,1,3,3,3,3,1,1,1,1,3,3,1,2,2,1,2,2,2,2,2,1,2,2,2,2,1,1,2,1,2,2,1,9,1,1,1,1,0,0,0,0,0,0,0,0,0,1,2,0,0,17,0,1,1,3,2,2,1,2,3
6361446,1,0,1,1,0,12,12,0,0,1,4,4,2,2,0,0,0,0,4,4,1,2,2,1,2,2,2,2,2,1,2,2,2,2,1,1,2,1,2,2,1,9,2,1,2,1,0,0,0,0,0,0,0,0,0,1,9,2,0,15,0,1,0,0,1,3,1,1,3
8806027,1,0,1,1,0,13,13,0,0,1,4,4,7,7,1,1,1,1,3,7,1,2,2,1,1,2,2,2,2,1,1,2,2,2,1,1,2,1,2,1,1,9,1,1,2,1,0,0,0,0,0,0,0,0,0,1,9,4,1,13,0,0,0,12,12,4,1,2,2
4586857,2,0,2,1,0,9,6,0,0,1,3,3,3,3,0,0,0,0,3,0,1,2,2,1,2,2,2,2,2,1,2,2,2,2,1,1,2,1,1,1,1,9,1,2,9,1,0,0,0,0,0,0,0,0,0,1,9,0,0,12,0,11,0,0,0,1,1,2,3
5772419,2,0,1,1,0,6,12,0,0,1,0,0,10,10,0,0,1,1,0,10,1,2,2,1,2,2,2,2,2,1,2,2,2,2,1,1,2,1,2,2,1,9,1,1,1,1,0,0,0,0,0,0,0,0,0,1,2,2,0,7,500,1,0,12,1,2,1,1,3
8225644,2,0,1,1,0,5,14,0,0,1,4,4,4,4,0,0,0,0,5,5,1,2,2,1,2,2,2,2,2,1,2,2,2,1,1,1,2,1,1,2,1,9,1,1,2,1,0,0,0,0,0,0,0,0,0,1,1,0,0,12,0,0,0,0,1,2,1,2,3
8867821,1,0,1,1,0,5,12,0,0,1,2,2,2,2,1,1,1,1,3,3,1,2,2,1,2,2,2,2,2,1,2,2,2,2,1,1,1,1,2,2,1,9,1,1,2,1,0,0,0,0,0,0,0,0,0,1,9,0,0,15,0,0,1,1,3,3,1,2,3
2607501,1,0,1,1,0,12,12,0,0,1,18,18,36,36,6,6,6,6,60,0,1,2,2,2,2,2,1,2,2,2,2,2,1,2,1,1,2,1,1,1,1,9,1,1,2,1,1,1,1,1,4,4,4,4,1,2,9,146,0,18,500,0,10,19,1,11,1,1,1
6107887,1,0,1,1,0,13,26,0,0,1,5,5,9,9,1,1,1,1,11,0,1,2,2,1,2,2,2,2,2,1,2,2,2,2,1,1,2,1,2,2,1,9,1,1,1,1,1,1,1,1,4,4,4,4,1,1,9,1,0,24,0,0,1,16,1,3,1,2,1
4383492,2,0,1,1,0,10,8,0,0,1,5,5,5,5,1,1,1,1,15,5,1,2,2,1,2,2,2,2,2,1,2,2,2,1,1,1,3,1,1,1,1,9,1,1,2,1,2,2,2,2,2,2,2,2,2,1,1,0,0,1,0,0,0,0,0,1,1,2,2
9165340,2,0,1,1,0,7,17,0,0,1,8,8,8,8,1,1,1,1,12,2,1,2,2,1,2,2,2,2,2,1,2,2,2,2,1,1,2,1,1,1,1,9,1,1,1,1,0,0,0,0,0,0,0,0,0,1,1,1,2,1,0,10,1,0,2,6,1,2,2
2911938,2,0,1,1,0,17,6,6,0,1,2,2,2,2,1,1,1,1,10,5,1,2,2,1,2,2,2,2,2,1,2,2,2,2,1,1,2,1,1,1,1,9,2,1,1,1,0,0,0,0,0,0,0,0,0,1,2,0,0,12,0,1,0,1,1,1,1,2,2
2497115,2,0,1,1,0,6,6,0,0,1,0,0,5,5,0,0,1,1,0,0,1,2,2,1,1,2,2,2,2,1,1,2,2,2,1,1,2,1,2,1,2,1,1,1,2,1,0,0,0,0,0,0,0,0,0,1,9,0,0,20,0,16,1,0,8,2,1,2,3
8678137,2,0,1,1,0,6,6,0,0,1,0,0,9,9,0,0,1,1,0,10,1,2,2,1,2,2,2,2,2,1,2,2,2,2,1,1,1,1,2,2,1,9,1,1,1,1,0,0,0,0,0,0,0,0,0,2,2,2,0,20,0,6,0,6,2,4,1,1,3
6851636,2,0,1,1,0,20,15,0,0,1,5,5,5,5,1,1,1,1,5,5,1,2,2,1,2,2,2,2,2,1,2,2,2,2,1,1,2,1,1,1,1,9,1,1,1,1,2,2,2,2,4,4,4,4,4,1,1,0,0,10,0,0,0,0,1,1,1,2,3
2418886,1,0,1,1,0,7,12,0,0,1,1,1,1,1,1,1,1,1,3,2,1,2,2,1,2,2,2,2,2,1,2,2,2,2,1,1,2,1,2,2,1,9,1,1,2,1,0,0,0,0,0,0,0,0,0,1,1,5,0,15,0,0,0,0,1,1,1,2,3
9394203,1,0,1,1,0,6,12,0,0,1,6,6,6,6,1,1,1,1,5,6,1,2,2,1,2,2,2,2,2,1,2,2,2,2,1,1,2,1,1,1,2,1,1,1,2,1,1,1,4,1,4,4,4,4,1,1,2,3,2,4,0,6,3,1,1,6,1,1,3
9351213,2,0,1,1,0,10,69,0,0,1,20,20,30,30,2,2,0,0,22,0,1,2,2,1,2,2,2,2,2,1,2,2,2,2,1,1,1,1,2,2,1,9,1,1,1,1,0,0,0,0,0,0,0,0,0,1,9,0,3,34,0,0,2,50,50,5,1,2,1
5325726,2,0,1,1,0,5,4,0,0,1,4,4,5,5,1,1,1,1,5,6,1,2,2,1,2,2,2,2,2,1,2,2,2,2,1,1,3,1,2,2,2,1,1,1,2,1,0,0,0,0,0,0,0,0,0,1,9,0,0,22,0,0,2,0,1,3,1,1,3
9570806,2,0,1,1,0,9,9,0,0,1,1,1,1,1,3,3,5,5,9,6,1,2,2,1,2,2,2,2,2,1,2,2,2,2,1,1,2,1,1,1,1,9,1,1,1,1,0,0,0,0,0,0,0,0,0,1,9,1,0,7,0,2,1,0,1,2,1,2,2
4323929,2,0,1,1,0,4,3,0,0,1,6,6,0,0,1,1,0,0,6,0,1,2,2,1,2,2,2,2,2,1,2,2,2,1,1,1,2,1,2,2,1,9,1,1,2,1,0,0,0,0,0,0,0,0,0,2,2,0,0,3,0,1,0,0,3,1,1,2,2
4308548,2,0,1,1,0,9,7,0,0,1,3,3,4,4,1,1,1,1,4,3,1,2,2,1,2,2,2,2,2,1,2,2,2,2,1,1,2,1,1,2,1,9,1,1,1,1,2,2,2,2,1,2,3,2,3,1,9,2,0,18,0,0,1,0,1,2,1,2,3
6809792,2,0,1,1,0,9,6,0,0,1,3,3,5,5,1,1,1,1,4,3,1,2,2,1,2,2,2,2,2,1,2,2,2,2,1,1,2,1,2,1,1,9,1,1,1,1,0,0,0,0,0,0,0,0,0,1,1,2,0,18,0,0,1,0,1,2,1,2,3
1847084,1,0,1,1,0,6,18,0,0,1,10,10,10,10,1,1,1,1,10,10,1,1,2,1,2,2,2,1,2,1,2,2,2,2,1,1,2,1,2,2,1,9,2,1,1,1,0,0,0,0,0,0,0,0,0,1,9,2,0,20,0,0,0,18,18,4,1,2,2
9585040,1,0,1,1,0,3,6,0,0,1,0,0,1,1,0,0,1,1,0,0,1,2,2,1,2,2,1,2,2,1,2,2,1,2,1,1,2,1,2,2,2,1,1,1,1,1,0,0,0,0,0,0,0,0,0,2,2,0,0,1,0,0,0,0,1,1,1,1,3
1819128,2,0,1,1,0,1,3,0,0,2,2,2,2,2,2,2,2,2,5,2,1,2,2,1,2,2,2,2,2,1,2,2,2,2,2,1,2,1,2,2,1,9,1,1,1,1,0,0,0,0,0,0,0,0,0,2,2,1,0,1,0,0,0,0,0,1,1,2,2
8202877,2,0,1,1,0,4,8,0,0,1,10,10,0,0,2,2,0,0,12,0,1,2,2,1,2,2,2,2,2,1,2,2,2,2,1,1,2,1,2,2,2,1,1,1,1,1,0,0,0,0,0,0,0,0,0,1,1,1,0,12,0,1,1,0,1,2,1,1,2
4941872,2,0,1,1,0,7,24,0,0,1,7,7,15,15,1,1,1,1,23,9,1,2,2,1,2,2,2,2,2,1,2,2,2,2,1,1,1,1,2,2,1,9,2,1,2,1,0,0,0,0,0,0,0,0,0,1,1,1,0,29,0,0,3,0,24,5,1,2,2
2340969,1,0,1,1,0,7,21,0,0,1,7,7,9,9,1,1,1,1,0,0,1,2,2,1,2,2,2,2,2,1,2,2,2,2,1,1,2,1,1,1,1,9,1,1,1,1,4,4,4,4,4,4,4,4,4,1,2,0,0,3,0,0,1,1,1,3,1,2,3
8386719,1,0,1,1,0,18,18,0,0,1,0,0,12,12,0,0,0,0,0,12,2,2,2,1,2,2,2,2,2,1,2,2,2,2,2,1,1,1,1,1,1,9,2,1,1,1,0,0,0,0,0,0,0,0,0,1,2,3,0,75,0,19,2,18,3,2,1,2,2
9996501,2,0,1,1,0,4,6,0,0,1,2,2,3,3,1,1,1,1,4,1,1,2,2,1,2,2,2,2,2,1,2,2,2,2,1,1,2,1,2,2,1,9,1,1,1,1,0,0,0,0,0,0,0,0,0,1,9,0,0,11,0,1,2,6,6,2,1,2,2
7561858,1,0,1,1,0,17,17,0,0,1,2,2,2,2,1,1,1,1,4,4,1,2,1,1,2,2,2,2,1,1,2,2,2,1,1,1,2,1,1,2,1,9,1,1,1,1,1,1,1,1,4,4,2,2,1,1,9,0,0,25,0,0,1,1,1,3,1,2,3
8248202,1,0,1,7,0,4,8,0,0,1,1,1,1,1,1,1,1,1,2,2,1,2,1,1,2,2,2,2,1,1,2,2,2,2,1,1,2,1,2,1,1,9,1,1,1,1,4,4,4,4,4,4,4,4,1,1,1,30,0,11,0,0,1,2,4,1,1,1,2
8051654,1,0,1,1,0,28,28,0,0,1,9,9,9,9,6,6,6,6,5,3,1,2,2,1,2,2,2,2,2,1,2,2,2,2,1,1,2,1,1,1,1,9,1,1,1,1,1,1,1,2,2,1,4,4,1,1,9,0,0,25,0,0,1,0,10,10,1,2,2
5524262,2,0,1,1,0,12,30,0,0,1,9,9,9,9,1,1,1,1,20,20,1,2,2,1,2,2,2,2,2,1,2,2,2,2,1,1,2,1,2,2,1,9,1,1,1,1,0,0,0,0,0,0,0,0,0,1,1,0,0,45,0,0,2,18,1,2,1,2,2
3139018,1,0,1,1,0,8,26,0,0,1,3,3,6,6,1,1,1,1,5,5,1,2,2,1,2,2,2,2,2,1,2,2,2,2,1,1,2,1,1,1,2,1,1,1,1,1,0,0,0,0,0,0,0,0,0,1,1,0,45,15,0,0,1,0,4,5,1,2,2
9352514,2,0,2,1,0,6,4,0,0,1,2,2,2,2,1,1,1,1,4,4,1,2,2,1,2,2,2,2,2,1,2,2,2,2,1,1,2,1,2,2,1,9,1,1,1,1,0,0,0,0,0,0,0,0,0,1,1,1,15,6,0,1,1,1,1,1,1,1,2
4216673,2,0,1,1,0,6,6,0,0,1,5,5,3,3,1,1,1,1,8,3,1,2,2,1,2,2,2,2,2,1,2,2,2,2,1,1,2,1,2,1,2,1,1,1,2,1,0,0,0,0,0,0,0,0,0,1,9,6,0,28,0,0,0,0,6,1,1,2,2
3925373,2,0,1,1,0,7,20,0,0,1,4,4,4,4,1,1,1,1,9,9,1,1,2,1,2,2,2,1,2,1,2,2,2,2,1,1,2,1,1,1,1,9,1,1,1,1,2,2,3,2,2,2,3,3,3,2,2,2,0,25,0,25,0,15,1,2,1,1,2
5986673,1,0,1,1,0,6,10,0,0,1,3,3,3,3,1,1,1,1,8,3,1,2,2,1,2,2,2,2,2,1,2,2,2,2,1,1,2,1,2,1,1,9,1,1,2,1,0,0,0,0,0,0,0,0,0,2,9,0,0,13,0,0,2,0,0,2,1,1,3
9603864,1,0,4,1,0,12,12,0,0,1,9,9,9,9,2,2,2,2,12,12,1,2,2,1,2,2,2,2,2,1,2,2,2,2,1,1,2,1,1,1,1,9,1,1,1,1,0,0,0,0,0,0,0,0,0,1,9,0,0,26,0,6,1,0,1,6,1,1,3
1760336,2,0,1,1,0,15,8,0,0,1,5,5,5,5,3,3,3,3,3,3,1,2,2,1,2,2,1,2,2,1,2,2,1,1,1,1,2,1,1,1,1,9,1,1,2,1,0,0,0,0,0,0,0,0,0,1,9,30,0,20,0,30,0,0,0,2,1,2,1
1925133,2,0,1,1,0,6,6,0,0,1,1,1,10,10,1,1,1,1,7,0,1,2,2,1,2,2,2,2,2,1,2,2,2,2,1,1,2,1,2,2,1,9,1,1,2,1,0,0,0,0,0,0,0,0,0,1,2,1,0,30,0,0,1,0,1,2,1,2,3
8665131,1,0,1,1,0,7,4,0,0,1,10,10,10,10,1,1,1,1,10,10,1,2,2,1,2,2,2,2,2,1,2,2,2,2,1,1,2,1,2,1,1,9,2,1,1,1,4,4,4,1,1,4,4,4,2,1,9,0,0,24,0,0,1,0,1,2,1,2,2
1812972,2,0,2,1,0,7,12,0,0,1,4,4,6,6,1,1,0,0,10,6,1,1,2,1,2,2,2,1,2,1,2,2,2,1,2,1,2,1,1,1,1,9,1,1,2,1,0,0,0,0,0,0,0,0,0,1,1,1,0,50,0,40,1,1,3,4,1,2,3
3321446,2,0,1,1,0,1,3,0,0,2,1,1,1,1,1,1,1,1,4,1,1,2,2,1,2,2,2,2,2,1,2,2,2,1,1,1,2,1,2,2,1,9,2,1,2,1,0,0,0,0,0,0,0,0,0,2,2,0,0,1,0,0,0,0,1,1,1,2,3
6799056,1,0,2,1,0,13,26,0,0,1,10,10,20,20,5,5,5,5,15,20,1,2,2,1,2,2,2,2,2,1,2,2,2,1,1,1,2,1,2,2,1,9,2,1,1,1,1,1,1,4,4,4,4,1,4,1,9,20,10,40,0,20,2,22,2,5,1,1,1
5117013,1,0,1,1,0,24,66,0,0,1,42,42,26,26,1,1,0,0,35,24,1,2,2,1,2,2,2,2,2,1,2,2,2,1,1,1,2,1,1,1,1,9,2,1,1,1,0,0,0,0,0,0,0,0,0,1,9,2,0,23,0,0,2,11,2,4,1,2,3
6400704,2,0,1,1,0,7,18,0,0,1,8,8,12,12,1,1,1,1,8,8,1,2,2,1,2,2,2,2,2,1,2,2,2,2,1,1,2,1,1,1,1,9,1,1,1,1,0,0,0,0,0,0,0,0,0,1,9,3,2,50,500,18,1,18,18,5,1,1,2
2086369,1,0,1,1,0,26,24,0,0,1,3,3,3,3,1,1,1,1,4,4,1,2,2,1,2,2,2,2,2,1,2,2,2,2,1,1,2,1,1,1,1,9,1,1,1,1,0,0,0,0,0,0,0,0,0,1,2,0,0,2,0,0,0,0,3,2,1,2,3
9376347,1,0,1,1,0,11,17,0,0,1,8,8,8,8,3,3,3,3,24,20,1,1,2,1,2,2,2,1,2,1,2,2,2,1,1,1,1,1,1,1,1,9,1,1,1,1,1,1,1,4,4,4,4,4,1,1,2,5,0,60,10,5,1,0,5,5,1,2,3
8862940,1,0,1,1,0,7,6,0,0,1,4,4,4,4,2,2,2,2,8,8,1,1,1,1,1,2,2,1,1,1,1,2,2,2,1,1,2,1,2,2,1,9,1,1,1,1,0,0,0,0,0,0,0,0,0,2,9,0,0,20,0,0,0,0,8,2,1,2,3
2482810,1,0,1,1,0,41,48,0,0,1,27,27,41,41,4,4,4,4,38,0,1,2,2,1,1,2,2,2,2,1,1,2,2,1,1,1,1,1,1,1,1,9,1,1,1,1,1,1,1,1,1,4,4,4,1,1,9,38,0,51,15,0,1,24,1,6,1,1,1
5604468,1,0,1,1,0,7,6,0,0,1,5,5,10,10,2,0,0,0,4,4,1,2,2,1,2,2,2,2,2,1,2,2,2,2,1,1,2,1,1,1,1,9,1,1,2,1,4,4,4,4,4,4,4,4,4,1,9,0,0,15,50,2,1,0,2,4,1,2,2
6642951,1,0,2,1,0,13,53,0,0,1,30,30,30,30,6,6,6,6,4,4,1,2,2,1,2,2,2,2,2,1,2,2,2,1,1,1,2,1,1,1,1,9,1,1,1,1,1,1,1,1,1,3,4,2,1,1,9,5,0,123,0,5,2,42,2,12,1,1,1
5931263,2,0,1,1,0,54,54,0,0,1,30,30,30,30,2,2,1,1,30,30,1,2,2,1,2,2,2,2,2,1,2,2,2,1,1,1,2,1,2,2,1,9,1,1,1,1,1,1,1,1,4,4,4,3,1,1,2,2,0,30,0,0,1,0,1,4,1,2,2
8580966,2,0,1,1,0,6,24,0,0,1,12,12,18,18,12,12,12,12,12,11,1,2,2,1,2,2,2,2,2,1,2,2,2,2,2,1,2,1,2,2,1,9,2,1,1,1,0,0,0,0,0,0,0,0,0,1,2,2,0,25,0,0,1,24,25,3,1,2,2
3061718,2,0,1,1,0,2,2,0,0,1,1,1,1,1,1,1,1,1,6,2,1,2,2,1,2,2,2,2,2,1,2,2,2,1,1,1,1,1,2,2,1,9,2,1,1,1,4,4,4,4,4,4,4,4,4,2,9,0,0,1,0,0,1,0,0,1,1,2,2
9439004,2,0,1,1,0,4,9,0,0,1,2,2,3,3,0,0,0,0,2,3,1,2,2,1,2,2,2,2,2,1,2,2,2,2,1,1,2,1,2,2,2,1,2,1,1,1,0,0,0,0,0,0,0,0,0,2,9,2,0,4,0,0,0,1,0,1,1,2,3
4925171,2,0,1,1,0,8,22,0,0,1,9,9,9,9,3,3,3,3,19,12,1,2,2,1,2,2,2,2,2,1,2,2,2,2,1,1,1,1,1,1,1,9,1,1,1,1,0,0,0,0,0,0,0,0,0,1,9,0,0,20,200,0,2,22,22,5,1,2,3
8680339,2,0,1,1,0,4,6,0,0,1,4,4,4,4,2,2,2,2,4,4,1,2,2,1,2,2,2,2,2,1,2,2,2,2,1,1,2,1,1,1,2,1,1,1,1,1,0,0,0,0,0,0,0,0,0,2,9,2,0,2,0,0,1,0,1,1,1,2,2
1875555,2,0,1,1,0,1,3,0,0,1,1,1,4,4,1,1,1,1,3,4,1,2,2,1,2,2,2,2,2,1,2,2,2,2,1,1,2,1,1,1,2,1,2,1,1,1,0,0,0,0,0,0,0,0,0,2,2,4,0,1,0,0,0,0,1,1,1,2,2
1629960,2,0,1,1,0,7,33,0,0,1,5,5,5,5,1,1,1,1,5,0,1,2,2,1,2,2,2,2,2,1,2,2,2,2,1,1,2,1,2,2,1,9,2,1,1,1,0,0,0,0,0,0,0,0,0,1,2,0,0,2,0,0,1,0,1,1,1,2,2
8225975,1,0,2,1,0,5,22,0,0,1,4,4,4,4,2,2,2,2,4,4,1,2,2,1,2,2,2,2,2,1,2,2,2,2,1,1,2,1,2,2,1,9,1,1,1,1,0,0,0,0,0,0,0,0,0,1,9,2,50,10,0,0,0,0,3,2,1,2,3
7340199,1,0,1,1,0,10,20,0,0,1,9,9,11,11,4,4,4,4,12,15,1,2,2,1,2,2,2,2,2,1,2,2,2,2,1,1,2,1,1,1,1,9,1,1,1,1,4,4,4,4,4,4,4,4,1,1,1,0,0,40,0,0,0,0,2,4,1,1,2
1625206,2,0,1,1,0,4,3,0,0,1,1,1,1,1,1,1,1,1,1,1,1,2,2,1,2,2,2,2,2,1,2,2,2,2,1,1,2,1,1,1,1,9,1,1,2,1,0,0,0,0,0,0,0,0,0,1,2,1,0,4,0,0,0,0,2,1,1,2,3
2951298,1,0,1,1,0,6,6,0,0,1,1,1,2,2,1,1,2,2,3,4,1,2,2,1,2,2,2,2,2,1,2,2,2,2,1,1,2,1,2,2,1,9,1,2,9,1,0,0,0,0,0,0,0,0,0,1,9,3,2,13,0,11,0,0,1,2,1,2,3
4803345,2,0,3,1,0,7,26,0,0,1,0,0,11,11,0,0,1,1,0,11,1,2,2,1,2,2,2,2,2,1,2,2,2,2,1,1,2,1,2,2,1,9,1,1,1,1,0,0,0,0,0,0,0,0,0,1,2,0,0,25,0,0,1,26,3,2,1,2,2
9687658,2,0,1,1,0,4,2,0,0,2,2,2,2,2,0,0,0,0,0,0,1,2,2,1,2,2,2,2,2,1,2,2,2,2,1,1,2,1,2,2,2,1,2,1,2,1,1,1,1,4,4,4,4,4,4,2,9,0,0,2,0,0,0,0,0,2,1,2,3
6476622,1,0,1,1,0,6,6,0,0,2,8,8,8,8,1,1,1,1,2,2,1,2,2,1,2,2,2,2,2,1,2,2,2,2,1,1,2,1,2,2,1,9,1,1,1,1,4,4,4,4,4,4,4,4,4,2,2,1,0,1,0,1,0,0,1,1,1,2,3
7444549,1,0,1,1,0,6,6,0,0,1,1,1,3,3,1,1,1,1,5,0,1,2,1,1,2,2,2,2,1,1,2,2,2,2,1,1,2,1,1,1,2,1,1,1,1,1,0,0,0,0,0,0,0,0,0,1,9,1,1,1,0,0,0,0,1,2,1,2,2
1096557,2,0,1,1,0,6,18,0,0,1,12,12,20,20,0,0,0,0,14,0,1,2,2,1,2,2,2,2,2,1,2,2,2,2,1,1,1,1,2,2,1,9,2,1,1,1,0,0,0,0,0,0,0,0,0,1,9,1,0,19,0,0,1,6,1,4,1,2,2
4721890,1,0,1,1,0,7,6,0,0,1,4,4,4,4,2,2,2,2,6,6,1,2,2,1,2,2,2,2,2,1,2,2,2,2,1,1,2,1,2,1,1,9,1,1,2,1,0,0,0,0,0,0,0,0,0,1,9,1,0,1,0,10,1,2,1,1,1,2,2
9931553,2,0,1,1,0,2,3,0,0,1,4,4,5,5,0,0,0,0,4,0,1,2,2,1,2,2,2,2,2,1,2,2,2,2,1,1,2,1,1,2,1,9,1,1,2,1,0,0,0,0,0,0,0,0,0,1,9,0,0,13,0,0,0,0,1,1,1,2,3
6908882,1,0,6,1,0,6,6,0,0,1,2,2,3,3,1,1,1,1,3,3,1,2,2,1,2,2,2,2,2,1,2,2,2,2,1,1,2,1,2,1,2,1,1,1,2,1,0,0,0,0,0,0,0,0,0,1,9,1,0,9,0,1,0,0,1,2,1,2,2
9616237,2,0,1,1,0,8,8,0,0,1,4,4,4,4,4,4,4,4,12,0,1,2,2,1,2,2,2,2,2,1,2,2,2,2,1,1,2,1,1,1,1,9,2,1,1,1,0,0,0,0,0,0,0,0,0,1,2,4,160,4,0,2,1,0,3,2,1,2,2
4887774,2,0,1,1,0,4,2,0,0,1,2,2,2,2,0,0,0,0,2,1,1,2,2,1,2,2,2,2,2,1,2,2,2,2,1,1,2,1,2,2,1,9,2,2,9,1,0,0,0,0,0,0,0,0,0,2,2,0,0,3,0,0,1,0,1,2,1,2,3
3068163,1,0,1,1,0,16,56,0,0,1,50,50,50,50,50,50,50,50,50,50,1,2,2,1,2,2,2,2,2,1,2,2,2,2,1,1,1,1,1,1,1,9,2,1,2,1,0,0,0,0,0,0,0,0,0,1,9,100,0,350,0,0,0,0,50,35,1,1,1
3655077,2,0,1,1,0,20,24,0,0,1,3,3,2,2,1,1,1,1,19,12,1,2,2,1,2,2,2,2,2,1,2,2,2,2,1,1,2,1,1,1,1,9,1,1,1,1,4,4,4,4,4,4,4,4,1,1,2,32,0,30,400,24,0,0,24,4,1,2,2
2903863,2,0,1,1,0,5,3,0,0,1,7,7,4,4,1,1,0,0,0,0,1,2,2,1,2,2,2,2,2,1,2,2,2,1,1,1,2,1,2,2,1,9,1,1,1,1,0,0,0,0,0,0,0,0,0,2,2,0,0,6,0,9,0,1,1,2,1,2,3
4216796,2,0,2,1,0,8,6,0,0,1,3,3,2,2,1,1,1,1,3,0,1,2,2,1,2,2,2,2,2,1,2,2,2,2,1,1,2,1,2,2,2,1,1,1,1,1,0,0,0,0,0,0,0,0,0,1,9,1,0,15,0,0,1,3,3,2,1,2,3
9575202,2,0,1,1,0,12,12,0,0,1,4,4,4,4,1,1,0,0,6,6,1,2,2,1,2,2,2,2,2,1,2,2,2,2,1,1,3,1,1,1,1,9,1,1,1,1,2,2,2,2,2,2,2,2,1,1,1,0,0,2,0,1,1,0,1,2,1,2,2
1072417,2,0,2,1,0,11,24,0,0,1,0,0,24,24,0,0,3,3,0,0,1,2,2,1,2,2,2,2,2,1,2,2,2,2,1,1,2,1,1,1,1,9,1,1,1,1,0,0,0,0,0,0,0,0,0,1,2,5,0,32,0,32,2,24,1,2,1,2,2
3592137,1,0,1,1,0,11,8,0,0,1,6,6,6,6,6,6,6,6,12,12,1,2,2,1,2,2,2,2,2,1,2,2,2,2,2,1,2,1,2,2,1,9,1,1,2,1,1,1,1,4,4,4,4,1,4,1,9,5,0,40,0,20,1,0,1,4,1,2,2
8865592,2,0,2,1,0,9,21,0,0,1,0,0,11,11,0,0,1,1,0,1,1,2,2,1,2,2,2,2,2,1,2,2,2,2,1,1,2,1,2,2,1,9,1,1,1,1,0,0,0,0,0,0,0,0,0,1,2,1,0,30,0,21,2,21,1,2,1,2,2
7418339,2,0,1,1,0,10,28,0,0,1,10,10,15,15,1,1,1,1,12,10,1,2,2,1,2,2,2,2,2,1,2,2,2,2,1,1,2,1,2,1,1,9,1,1,1,1,1,1,1,1,4,4,4,4,4,1,9,2,0,90,0,0,1,28,28,6,1,2,1
5133646,1,0,1,1,0,8,29,0,0,1,4,4,4,4,1,1,1,1,4,4,1,2,2,1,2,2,2,2,2,1,2,2,2,1,1,1,2,1,1,1,1,9,1,1,2,1,0,0,0,0,0,0,0,0,0,1,1,1,0,60,3,29,1,29,29,4,1,2,2
8718007,2,0,1,1,0,25,85,0,0,1,40,40,68,68,1,1,0,0,42,68,1,2,2,1,2,2,2,2,2,1,2,2,2,1,1,1,2,1,2,2,1,9,1,1,1,1,1,1,1,1,4,4,1,4,1,1,9,139,21,233,0,0,7,7,50,44,1,2,1
2362703,2,0,1,1,0,6,12,0,0,1,4,4,18,18,2,2,3,3,16,0,1,2,2,1,2,2,2,2,2,1,2,2,2,1,1,1,2,1,2,1,1,9,2,1,2,1,0,0,0,0,0,0,0,0,0,1,9,0,0,3,0,0,0,12,1,2,1,2,3
7023883,2,0,1,1,0,10,15,0,0,1,7,7,14,14,6,6,7,7,0,0,1,2,2,1,2,2,2,2,2,1,2,2,2,2,1,1,2,1,2,1,1,9,1,1,1,1,1,1,1,2,4,4,4,1,1,1,9,0,0,47,0,0,0,0,2,2,1,2,2
6292732,1,0,1,1,0,19,34,0,0,1,8,8,8,8,1,1,1,1,17,8,1,1,2,1,1,2,2,1,2,1,1,2,2,3,1,1,1,1,1,1,1,9,1,1,1,1,1,1,1,4,4,4,4,4,4,1,1,2,4,40,0,2,1,1,11,5,1,2,2
2601939,2,0,1,1,0,5,20,0,0,1,2,2,2,2,0,0,4,4,12,8,1,2,2,1,2,2,2,2,2,1,2,2,2,2,1,1,2,1,2,1,1,9,1,1,1,1,4,4,4,4,4,4,4,4,4,2,2,1,0,4,0,2,0,0,1,3,1,2,2
9068963,2,0,1,1,0,5,6,0,0,1,4,4,4,4,1,1,1,1,16,4,1,2,2,1,2,2,2,2,2,1,2,2,2,2,1,1,2,1,2,1,1,9,1,1,2,1,0,0,0,0,0,0,0,0,0,1,9,1,0,8,0,0,0,0,4,1,1,2,3
2485822,1,0,1,1,0,6,12,0,0,1,4,4,4,4,1,1,1,1,4,0,1,2,2,1,2,2,2,2,2,1,2,2,2,2,1,1,2,1,1,1,1,9,1,1,1,1,0,0,0,0,0,0,0,0,0,1,9,0,0,8,0,0,0,0,0,1,1,2,3
7389536,2,0,1,1,0,8,4,0,0,1,10,10,7,7,1,1,1,1,5,5,1,2,2,1,2,2,2,2,2,1,2,2,2,1,1,1,1,1,2,1,1,9,2,1,2,1,1,1,1,2,4,4,4,4,4,1,9,0,0,30,0,0,0,1,15,4,1,2,3
4116504,2,0,1,1,0,6,15,0,0,1,8,8,8,8,2,2,2,2,8,8,1,2,2,1,2,2,2,2,2,1,2,2,2,2,1,1,2,1,2,1,1,9,1,1,1,1,0,0,0,0,0,0,0,0,0,2,2,3,0,24,0,0,0,0,10,1,1,2,2
6384541,2,0,1,1,0,8,8,0,0,1,1,1,2,2,1,1,1,1,0,0,1,2,2,1,2,2,2,2,2,1,2,2,2,2,1,1,2,1,1,2,2,1,2,1,2,1,0,0,0,0,0,0,0,0,0,1,1,0,0,12,0,0,0,0,1,1,1,2,2
1966598,2,0,1,1,0,3,3,0,0,1,2,2,3,3,2,2,1,1,3,3,1,2,2,1,2,2,2,2,2,1,2,2,2,2,2,1,2,1,2,2,1,9,1,1,1,1,0,0,0,0,0,0,0,0,0,1,2,1,0,1,0,0,0,0,0,1,1,2,2
8322257,2,0,1,1,0,7,6,0,0,1,6,6,6,6,2,2,2,2,5,5,1,2,2,1,2,2,2,2,2,1,2,2,2,2,1,1,2,1,2,1,1,9,1,1,1,1,4,4,4,4,4,4,4,4,1,1,1,1,0,20,0,0,1,1,1,2,1,2,3
1375203,1,0,1,1,0,7,17,0,0,1,0,0,20,20,0,0,3,3,0,0,1,2,2,1,2,2,2,2,2,1,2,2,2,2,1,1,2,1,1,1,2,1,1,1,1,1,4,4,4,4,1,1,4,4,1,1,2,1,0,18,0,0,1,0,1,5,1,2,3
1890127,2,0,1,1,0,24,44,0,0,1,30,30,28,28,3,3,1,1,30,29,1,2,2,1,2,2,2,2,2,1,2,2,2,1,1,1,2,1,2,1,1,9,1,1,1,1,0,0,0,0,0,0,0,0,0,1,9,8,62,0,0,37,2,1,5,11,1,2,3
5639687,1,0,1,1,0,16,42,0,0,1,7,7,6,6,29,29,38,38,38,38,1,2,2,1,2,2,2,2,2,1,2,2,2,1,1,1,2,1,2,1,1,9,2,1,1,1,1,1,1,4,4,4,4,4,1,1,9,0,0,102,0,81,2,42,1,10,1,2,3
4323359,1,0,1,1,0,34,28,0,0,1,0,0,22,22,0,0,1,1,0,23,1,2,2,1,2,2,2,2,2,1,2,2,2,1,1,1,1,1,2,1,1,9,1,1,1,1,4,4,4,4,4,4,1,4,1,1,1,1,0,30,0,0,1,8,2,3,1,1,3
9193730,2,0,12,5,0,8,12,0,0,1,2,2,2,2,2,2,2,2,3,3,1,2,2,1,2,2,2,2,2,1,2,2,2,1,1,1,2,1,1,1,2,1,1,1,1,1,1,1,1,1,1,1,1,1,1,1,1,5,0,21,0,0,2,0,2,3,1,1,2
3648173,1,0,1,1,0,5,3,0,0,1,3,3,3,3,1,1,0,0,1,0,1,2,2,1,2,2,2,2,2,1,2,2,2,2,1,1,2,1,2,2,1,9,1,1,1,1,0,0,0,0,0,0,0,0,0,1,2,0,0,12,0,2,0,0,0,1,1,2,2
1373838,1,0,1,3,0,8,6,0,0,1,1,1,1,1,1,1,1,1,6,6,1,2,2,1,2,2,2,2,2,1,2,2,2,2,1,1,1,1,2,1,1,9,1,1,2,1,4,4,4,4,4,4,4,4,1,1,9,9,0,16,0,4,0,2,2,2,1,2,2
5349038,1,0,1,1,0,5,12,0,0,1,6,4,8,4,2,2,2,2,6,8,1,2,2,1,2,2,2,2,2,1,2,2,2,2,1,1,2,1,2,2,1,9,2,1,2,1,0,0,0,0,0,0,0,0,0,1,9,0,0,33,0,33,0,12,12,2,1,2,3
2514902,1,0,2,1,0,5,8,0,0,1,3,3,2,2,1,1,1,1,5,3,1,2,2,1,2,2,2,2,2,1,2,2,2,2,1,1,2,1,2,1,1,9,1,1,2,1,0,0,0,0,0,0,0,0,0,1,2,0,0,3,0,0,0,0,2,1,1,2,3
1131142,1,0,1,1,0,10,38,0,0,1,20,20,20,20,1,1,1,1,20,0,1,2,2,1,2,2,1,2,2,1,2,2,1,1,1,1,2,1,1,1,1,9,1,1,1,1,2,2,2,2,2,2,3,3,2,1,9,2,2,18,1000,15,1,6,5,3,1,1,1
7617680,2,0,1,1,0,10,15,0,0,1,12,12,12,12,0,0,0,0,15,0,1,2,2,1,2,2,2,2,2,1,2,2,2,1,1,1,2,1,2,2,2,1,1,1,2,1,1,1,1,1,3,3,3,3,1,2,9,1,0,50,0,2,1,3,3,5,1,1,3
7495939,2,0,1,7,0,6,6,0,0,1,2,2,1,1,1,1,1,1,1,1,1,2,2,1,2,2,2,2,2,1,2,2,2,2,1,1,2,1,2,1,2,1,1,1,1,1,0,0,0,0,0,0,0,0,0,1,1,0,0,12,6,0,0,0,1,1,1,2,3
2180793,1,0,1,2,0,16,6,0,0,1,2,2,2,2,1,1,0,0,5,3,1,2,2,1,2,2,2,2,2,1,2,2,2,2,1,1,2,1,1,2,1,9,1,1,2,1,0,0,0,0,0,0,0,0,0,2,2,0,0,10,0,0,0,3,3,2,1,2,1
6399184,1,0,1,1,0,2,5,0,0,1,1,1,1,1,1,1,1,1,3,3,1,2,2,1,2,2,2,2,2,1,2,2,2,2,1,1,2,1,2,2,1,9,1,1,2,1,0,0,0,0,0,0,0,0,0,2,9,0,0,1,0,0,0,0,0,1,1,2,3
8052967,1,0,1,1,0,6,20,0,0,1,8,8,8,8,2,2,2,2,12,12,1,2,2,1,2,2,2,2,2,1,2,2,2,2,1,1,2,1,2,1,1,9,2,1,1,1,0,0,0,0,0,0,0,0,0,1,1,0,0,14,0,0,1,1,2,3,1,1,2
6449441,2,0,1,5,0,5,6,0,0,1,2,2,2,2,1,1,1,1,3,3,1,2,2,1,2,2,2,2,2,1,2,2,2,2,1,1,2,1,2,1,1,9,1,1,1,1,4,4,4,4,4,4,4,4,4,1,9,0,0,10,0,0,0,0,0,1,1,1,3
2139723,2,0,1,1,0,6,6,0,0,1,5,5,5,5,0,0,0,0,5,5,1,2,2,1,2,2,2,2,2,1,2,2,2,2,1,1,1,1,2,2,1,9,2,1,1,1,4,4,4,4,4,4,4,4,4,2,9,0,0,5,0,0,0,0,1,1,1,2,3
3236112,1,0,1,1,0,10,30,0,0,1,14,14,21,21,2,2,3,3,14,21,1,2,2,1,2,2,2,2,2,1,2,2,2,1,1,1,2,1,1,1,1,9,1,1,1,1,0,0,0,0,0,0,0,0,0,1,1,0,40,3,0,0,0,0,2,3,1,2,3
8602037,2,0,1,1,0,2,5,0,0,2,3,3,3,3,1,1,1,1,4,4,1,2,2,1,2,2,2,2,2,1,2,2,2,2,1,1,2,1,2,1,2,1,2,1,1,1,4,4,4,4,4,4,4,4,4,2,2,1,0,1,0,0,0,0,1,0,1,2,3
4200966,1,0,1,1,0,14,8,0,0,1,9,9,9,9,1,1,1,1,15,9,1,2,2,1,2,2,2,2,2,1,2,2,2,2,1,1,2,1,2,1,1,9,1,1,2,1,1,1,1,4,4,4,4,4,1,1,2,1,0,30,0,0,0,1,1,2,1,2,3
2842145,2,0,2,1,0,5,12,0,0,1,3,3,3,3,1,1,1,1,4,4,1,2,2,1,2,2,2,2,2,1,2,2,2,2,1,1,2,1,2,2,1,9,1,1,1,1,0,0,0,0,0,0,0,0,0,1,9,1,0,17,0,0,0,1,2,3,1,2,3
4442343,2,0,1,1,0,6,11,0,0,1,3,3,3,3,2,2,2,2,4,2,1,2,2,1,2,2,2,2,2,1,2,2,2,2,1,1,2,1,1,1,1,9,1,1,1,1,0,0,0,0,0,0,0,0,0,1,1,1,69,11,0,5,2,1,1,5,1,2,3
9057809,2,0,1,1,0,22,6,0,0,1,3,3,3,3,1,1,1,1,4,4,1,2,2,1,2,2,2,2,2,1,2,2,2,2,1,1,2,1,1,1,1,9,1,1,2,1,0,0,0,0,0,0,0,0,0,1,9,1,1,14,0,0,0,2,2,1,1,1,2
1488048,2,0,1,7,0,2,6,0,0,1,2,2,2,2,0,0,0,0,2,2,1,2,2,1,2,2,2,2,2,1,2,2,2,2,1,1,2,1,2,2,2,1,1,1,2,1,0,0,0,0,0,0,0,0,0,1,9,1,0,6,0,6,0,0,0,2,1,2,2
9377890,1,0,1,1,0,6,19,0,0,1,2,2,2,2,2,2,2,2,2,3,1,2,2,1,2,2,2,2,2,1,2,2,2,2,1,1,2,1,1,1,1,9,1,1,1,1,3,3,3,1,1,3,3,3,1,1,1,4,4,80,500,0,1,2,6,16,1,2,3
7213395,2,0,1,1,0,3,8,0,0,1,1,1,2,2,1,1,1,1,2,2,1,2,2,1,2,2,2,2,2,1,2,2,2,2,1,1,2,1,2,1,1,9,1,1,2,1,2,2,2,2,2,2,2,2,2,1,9,1,0,4,0,1,0,0,1,2,1,1,3
2723027,2,0,1,1,0,6,13,0,0,1,10,10,2,2,0,0,0,0,0,0,2,2,2,1,2,2,2,2,2,1,2,2,2,2,1,1,2,1,2,2,2,1,2,1,2,1,4,4,4,4,4,4,4,4,4,1,2,0,0,1,0,0,0,0,0,0,1,2,3
7733383,2,0,1,1,0,3,6,0,0,1,5,5,4,4,1,1,1,1,5,4,1,2,2,1,2,2,2,2,2,1,2,2,2,2,1,1,2,1,1,2,2,1,1,1,1,1,0,0,0,0,0,0,0,0,0,2,2,1,0,1,0,0,0,1,1,1,1,2,3
1511490,1,0,2,5,0,6,12,2,0,1,5,5,5,5,1,1,1,1,9,9,1,2,2,1,1,2,1,2,2,1,1,2,1,2,1,1,2,1,2,2,1,9,1,1,1,1,4,4,4,4,4,4,4,4,2,1,1,0,0,16,0,16,1,0,1,2,1,1,2
8536984,1,0,1,1,0,7,15,0,0,1,3,3,3,3,1,1,1,1,4,4,1,2,2,1,2,2,2,2,2,1,2,2,2,2,1,1,2,1,2,1,1,9,2,1,2,1,2,2,2,2,2,2,4,4,1,1,9,4,0,2,25,0,0,0,0,1,1,2,3
9243602,2,0,1,1,0,9,26,0,0,1,13,13,13,13,1,1,1,1,13,13,1,2,2,1,2,2,2,2,2,1,2,2,2,2,1,1,2,1,2,2,1,9,1,1,1,1,0,0,0,0,0,0,0,0,0,1,2,1,0,3,0,0,0,0,0,2,1,2,2
9347695,1,0,1,1,0,6,20,0,0,1,4,4,4,4,1,1,1,1,5,5,1,2,2,1,2,2,2,2,2,1,2,2,2,2,1,1,2,1,2,2,1,9,1,1,2,1,0,0,0,0,0,0,0,0,0,1,1,1,0,2,0,20,0,0,1,3,1,2,2
5027616,2,0,1,1,0,6,14,0,0,1,3,3,3,3,1,1,1,1,4,4,1,2,2,1,2,2,2,2,2,1,2,2,2,2,1,1,2,1,2,1,2,1,1,1,1,1,2,2,2,2,2,2,2,2,2,1,1,10,4,16,0,15,1,4,4,4,1,2,3
6166554,1,0,1,1,0,14,65,0,0,1,57,57,58,58,1,1,1,1,28,28,1,2,2,1,2,2,2,2,2,1,2,2,2,1,1,1,2,1,2,2,1,9,1,1,1,1,0,0,0,0,0,0,0,0,0,1,9,90,40,0,500,0,0,50,1,9,1,2,2
6382777,2,0,1,7,0,4,6,0,0,1,1,1,1,1,1,1,1,1,2,1,1,2,2,1,2,2,2,2,2,1,2,2,2,2,1,1,2,1,2,2,2,1,1,1,2,1,0,0,0,0,0,0,0,0,0,1,1,0,0,13,0,0,0,2,1,1,1,1,2
8523323,2,0,1,1,0,6,15,0,0,1,12,12,9,9,6,6,6,6,27,0,1,2,2,1,2,2,2,2,2,1,2,2,2,2,1,1,1,1,2,2,1,9,1,1,2,1,0,0,0,0,0,0,0,0,0,1,9,0,0,34,0,30,1,15,0,4,1,2,3
2810805,1,0,1,1,0,10,23,0,0,1,5,5,6,6,1,1,2,2,5,6,1,2,2,1,2,2,1,2,2,1,2,2,1,2,1,1,2,1,2,1,1,9,1,1,1,1,3,3,3,4,3,3,3,3,3,1,2,4,0,104,0,12,1,3,20,20,1,1,3
5746617,1,0,1,1,0,9,21,0,0,1,7,7,8,8,1,1,0,0,0,0,1,2,2,1,2,2,2,2,2,1,2,2,2,2,1,1,2,1,2,2,2,1,1,1,2,1,2,2,4,4,4,4,4,4,4,1,9,2,0,66,0,57,2,36,1,6,1,2,3
4097501,1,0,1,1,0,7,4,0,0,1,2,2,2,2,1,1,1,1,2,2,1,2,2,1,2,2,2,2,2,1,2,2,2,1,1,1,1,1,1,1,1,9,1,1,1,1,0,0,0,0,0,0,0,0,0,1,9,1,0,5,250,1,1,2,3,3,1,2,1
2050971,2,0,1,1,0,10,20,0,0,1,2,2,2,2,6,6,6,6,0,0,1,2,2,1,2,2,2,2,2,1,2,2,2,2,1,1,2,1,2,1,1,9,2,1,1,1,0,0,0,0,0,0,0,0,0,1,9,5,0,20,0,0,1,20,10,5,1,2,1
5827676,1,0,1,1,0,9,17,0,0,1,13,13,4,4,1,1,1,1,6,6,1,2,2,1,2,2,2,2,2,1,2,2,2,2,1,1,2,1,1,2,1,9,1,1,2,1,0,0,0,0,0,0,0,0,0,1,2,1,0,15,0,0,1,0,0,2,1,2,2
8116734,2,0,1,1,0,4,14,0,0,1,2,2,3,3,2,2,0,0,4,3,1,2,2,1,2,2,2,2,2,1,2,2,2,2,1,1,2,1,2,2,2,1,2,1,1,1,0,0,0,0,0,0,0,0,0,2,9,1,1,14,0,14,1,0,1,2,1,2,3
2629216,1,0,1,1,0,12,42,0,0,1,30,30,16,16,2,2,2,2,40,6,1,2,2,1,2,2,2,2,2,1,2,2,2,2,1,1,2,1,2,1,1,9,2,1,1,1,0,0,0,0,0,0,0,0,0,1,9,0,0,30,0,0,0,0,1,4,1,2,3
8145014,1,0,1,1,0,6,8,0,0,1,4,4,4,4,1,1,1,1,4,4,1,2,2,1,2,2,2,2,2,1,2,2,2,2,1,1,2,1,2,2,2,1,2,1,1,1,0,0,0,0,0,0,0,0,0,1,1,0,0,10,0,0,0,0,2,1,1,2,2
3433730,2,0,1,1,0,25,25,0,0,1,26,26,15,15,1,1,1,1,26,15,1,2,2,1,2,2,2,2,2,1,2,2,2,2,1,1,2,1,1,1,1,9,1,1,2,1,0,0,0,0,0,0,0,0,0,1,9,2,0,20,0,2,1,2,1,5,1,2,3
9624387,2,0,1,1,0,6,6,0,0,1,4,4,4,4,1,1,1,1,5,5,1,2,1,1,2,2,2,2,1,1,2,2,2,2,1,1,2,1,2,2,1,9,1,1,1,1,4,4,4,4,4,4,4,4,2,1,2,1,0,0,0,0,0,0,1,1,1,2,3
7205814,2,0,1,1,0,5,8,0,0,1,6,6,6,6,1,1,1,1,10,8,1,2,2,1,2,2,2,2,2,1,2,2,2,1,1,1,2,1,1,1,1,9,2,1,1,1,0,0,0,0,0,0,0,0,0,1,9,0,0,25,0,0,1,1,6,3,1,2,3
1366705,2,0,1,1,0,6,12,0,0,1,3,3,3,3,3,3,3,3,5,4,1,2,2,1,2,2,2,2,2,1,2,2,2,2,1,1,2,1,2,2,2,1,2,1,1,1,0,0,0,0,0,0,0,0,0,1,1,0,0,30,0,0,0,0,1,2,1,2,2
9914907,1,0,1,1,0,5,7,0,0,1,4,4,4,4,0,0,0,0,4,0,1,2,2,1,2,2,2,2,2,1,2,2,2,2,1,1,2,1,1,1,1,9,1,1,1,1,0,0,0,0,0,0,0,0,0,1,9,0,0,13,0,0,0,0,0,2,1,2,2
7577331,1,0,1,1,0,8,12,0,0,1,6,6,6,6,6,6,6,6,6,6,1,2,2,1,2,2,2,2,2,1,2,2,2,2,1,1,2,1,2,2,1,9,2,1,1,1,0,0,0,0,0,0,0,0,0,1,9,2,0,17,0,2,1,4,1,3,1,2,1
7543211,1,0,1,1,0,10,18,0,0,1,4,4,3,3,1,1,0,0,14,11,1,2,2,1,2,2,2,2,2,1,2,2,2,2,1,1,1,1,2,1,1,9,1,1,1,1,3,3,3,3,1,3,3,1,3,1,2,2,0,60,20,0,2,0,8,2,1,2,1
2753706,2,0,1,1,0,14,18,0,0,1,0,0,20,20,0,0,1,1,0,21,1,2,2,1,2,2,2,2,2,1,2,2,2,2,1,1,1,1,1,2,1,9,1,1,2,1,0,0,0,0,0,0,0,0,0,1,2,18,0,5,0,18,1,0,18,4,1,2,2
2786834,1,0,1,1,0,10,16,0,0,1,12,12,12,12,2,2,2,2,12,12,1,2,2,1,2,2,2,2,2,1,2,2,2,1,1,1,2,1,2,2,1,9,2,1,1,1,1,1,1,1,1,1,1,1,1,1,9,1,0,40,0,0,1,15,10,2,1,2,1
1029555,2,0,1,1,0,5,16,0,0,1,4,4,5,5,1,1,0,0,3,5,1,2,2,1,2,2,2,2,2,1,2,2,2,2,1,1,2,1,1,1,1,9,1,1,1,1,0,0,0,0,0,0,0,0,0,1,9,2,0,13,320,0,2,0,1,3,1,2,2
4607181,1,0,1,1,0,12,52,0,0,1,42,42,43,43,1,1,0,0,63,0,1,2,2,1,2,2,2,2,2,1,2,2,2,1,1,1,2,1,2,1,1,9,1,1,1,1,1,1,1,1,1,1,3,1,1,1,9,138,10,118,0,68,3,50,42,32,1,2,2
3906392,1,0,1,1,0,9,22,0,0,1,11,11,11,11,1,1,1,1,12,12,1,2,2,1,2,2,2,2,2,1,2,2,2,2,1,1,2,1,1,1,2,1,1,1,1,1,1,1,1,4,4,4,4,4,1,1,1,3,0,50,0,5,2,0,5,5,1,2,3
5895001,1,0,1,1,0,10,34,0,0,1,6,6,6,6,0,0,0,0,9,9,1,2,2,1,2,2,2,2,2,1,2,2,2,2,1,1,2,1,2,1,1,9,2,1,1,1,1,1,1,4,4,4,4,4,1,1,9,25,0,130,0,0,0,38,2,13,1,2,1
1530467,2,0,1,1,0,1,3,0,0,2,5,5,5,5,1,1,1,1,5,5,1,2,2,1,2,2,2,2,2,1,2,2,2,1,1,1,2,1,2,2,2,1,1,1,1,1,0,0,0,0,0,0,0,0,0,2,2,0,0,1,0,0,0,0,0,0,1,2,2
8184062,1,0,67,1,0,20,47,0,0,1,45,45,45,45,9,9,9,9,54,0,1,2,2,1,2,2,2,2,2,1,2,2,2,1,1,1,1,1,2,1,1,9,1,1,1,1,1,1,1,1,1,1,1,1,1,1,9,17,0,95,0,0,1,0,22,6,1,1,2
8849908,2,0,1,1,0,7,10,0,0,1,10,10,3,3,0,0,0,0,5,0,1,2,2,1,2,2,2,2,2,1,2,2,2,2,1,1,2,1,2,2,1,9,2,1,1,1,0,0,0,0,0,0,0,0,0,2,2,1,0,30,0,0,0,12,1,2,1,2,3
9835977,2,0,1,1,0,16,10,4,2,1,4,4,4,4,1,1,1,1,3,3,1,2,2,1,2,2,2,2,2,1,2,2,2,2,1,1,2,1,2,1,1,9,1,1,1,1,4,4,4,4,4,4,4,4,2,1,1,0,0,9,0,0,0,0,1,1,1,2,3
1686448,2,0,1,1,0,9,8,1,0,1,3,3,3,3,1,1,1,1,3,0,1,2,2,1,2,2,2,2,2,1,2,2,2,2,1,1,3,1,2,1,1,9,1,1,2,1,0,0,0,0,0,0,0,0,0,2,2,0,0,27,161,0,2,0,8,3,1,2,2
3964221,1,0,1,1,0,8,40,0,0,1,12,12,12,12,1,1,1,1,12,23,1,2,2,1,2,2,2,2,2,1,2,2,2,2,1,1,2,1,2,1,1,9,1,1,1,1,0,0,0,0,0,0,0,0,0,1,9,0,0,21,0,11,1,0,1,6,1,1,2
2983983,2,0,1,1,0,15,29,0,0,1,18,18,21,21,0,0,0,0,9,6,1,2,2,1,2,2,2,2,2,1,2,2,2,1,1,1,2,1,2,2,1,9,1,1,1,1,0,0,0,0,0,0,0,0,0,1,9,25,1,65,500,20,1,20,5,10,1,2,3
4730503,1,0,1,1,0,21,37,0,0,1,16,16,18,18,1,1,1,1,16,0,1,2,2,1,2,2,2,2,2,1,2,2,2,2,1,1,2,1,2,1,1,9,1,1,2,1,0,0,0,0,0,0,0,0,0,1,9,13,21,100,0,0,2,0,36,11,1,2,1
3376416,2,0,1,1,0,10,11,0,0,1,4,4,4,4,1,1,1,1,8,4,1,2,2,1,2,2,2,2,2,1,2,2,2,2,1,1,2,1,2,1,2,1,2,1,1,1,1,1,1,2,4,4,4,4,1,1,9,1,0,35,0,30,0,0,2,1,1,2,2
6942909,1,0,1,1,0,3,8,0,0,1,6,6,5,5,1,1,1,1,6,3,1,2,2,1,2,2,2,2,2,1,2,2,2,2,1,1,2,1,2,2,1,9,1,1,1,1,0,0,0,0,0,0,0,0,0,1,1,0,0,1,0,1,0,0,1,2,1,2,3
4005579,1,0,1,1,0,6,21,0,0,1,7,7,3,3,1,1,1,1,8,4,1,2,2,1,2,2,2,2,2,1,2,2,2,2,1,1,1,1,2,2,1,9,1,1,1,1,2,2,4,2,2,2,4,4,1,1,1,1,12,4,0,1,0,0,1,2,1,2,3
2794426,2,0,1,1,0,2,3,0,0,1,1,1,1,1,0,0,0,0,1,1,1,2,2,1,2,2,2,2,2,1,2,2,2,2,1,1,2,1,2,2,2,1,1,2,9,1,0,0,0,0,0,0,0,0,0,2,9,1,0,1,0,0,0,0,0,1,1,1,3
4791909,2,0,1,1,0,5,3,0,0,1,8,6,6,6,1,1,1,1,4,4,1,2,2,1,2,2,2,2,2,1,2,2,2,2,2,1,2,1,2,1,2,1,2,1,1,3,0,0,0,0,0,0,0,0,0,2,2,1,6,12,0,0,1,1,1,3,1,2,3
9092969,2,0,1,1,0,5,6,0,0,1,2,2,2,2,1,1,1,1,3,3,1,2,2,1,2,2,2,2,2,1,2,2,2,2,1,1,2,1,2,1,1,9,1,1,1,1,0,0,0,0,0,0,0,0,0,1,9,2,0,10,0,1,0,1,1,1,1,1,3
5296801,2,0,1,1,0,5,41,0,0,1,6,6,5,5,1,1,1,1,8,4,1,2,2,1,2,2,2,2,2,1,2,2,2,2,1,1,1,1,2,1,1,9,2,1,2,1,0,0,0,0,0,0,0,0,0,1,1,2,0,5,0,0,0,0,1,3,1,2,2
9081134,1,0,1,1,0,8,30,0,0,1,5,5,13,13,1,1,1,1,25,13,1,2,2,1,2,2,2,2,2,1,2,2,2,2,1,1,2,1,2,1,1,9,1,1,1,1,1,1,1,4,4,4,4,4,1,1,2,5,2,50,0,1,0,0,2,3,1,2,3
3210867,1,0,1,1,0,16,55,0,0,1,25,25,40,40,1,1,1,1,25,40,1,2,1,1,2,2,2,2,1,1,2,2,2,2,2,1,2,1,1,1,1,9,1,1,1,1,1,1,1,2,4,2,4,4,1,1,9,2,0,58,0,2,0,3,2,12,1,1,2
3445113,1,0,1,5,0,3,6,0,0,1,1,1,2,2,0,0,0,0,1,2,1,2,2,1,2,2,2,2,2,1,2,2,2,2,1,1,2,1,1,2,2,1,1,1,1,1,0,0,0,0,0,0,0,0,0,1,9,2,0,5,0,0,0,0,3,1,1,2,3
1602631,1,0,1,1,0,5,42,0,0,1,11,11,20,20,1,1,1,1,21,16,1,1,2,1,2,2,2,1,2,1,2,2,2,1,1,1,1,1,2,2,1,9,1,1,1,1,0,0,0,0,0,0,0,0,0,2,9,5,0,81,0,0,1,6,28,14,1,2,3
4884855,1,0,1,1,0,12,28,0,0,1,11,11,13,13,1,1,1,1,25,0,1,2,2,1,2,2,2,2,2,1,2,2,2,1,1,1,3,1,2,1,1,9,1,1,1,1,4,4,4,4,4,4,4,1,4,1,9,4,0,129,0,0,1,1,5,6,1,2,3
4181556,1,0,1,1,0,8,6,0,0,1,3,3,3,3,1,1,1,1,3,3,1,2,2,1,2,2,2,2,2,1,2,2,2,2,1,1,2,1,2,2,1,9,1,1,1,1,0,0,0,0,0,0,0,0,0,1,9,2,0,3,0,0,0,6,0,2,1,2,2
3027324,2,0,1,1,0,9,6,0,0,1,1,1,0,0,0,0,1,1,2,2,1,2,2,1,2,2,2,2,2,1,2,2,2,2,1,1,2,1,1,1,1,9,1,1,1,1,0,0,0,0,0,0,0,0,0,1,1,0,0,11,0,11,1,0,1,1,1,2,2
7177236,2,0,1,1,0,8,4,0,0,1,7,7,9,9,1,1,1,1,8,10,1,2,2,1,2,2,2,2,2,1,2,2,2,2,1,1,2,1,2,2,1,9,1,1,1,1,1,1,1,4,4,4,4,4,4,1,9,3,0,25,0,10,1,1,2,4,1,2,3
4385810,2,0,2,1,0,3,6,0,0,2,2,2,2,2,1,1,1,1,2,2,1,2,2,1,2,2,2,2,2,1,2,2,2,2,1,1,2,1,1,1,1,9,1,1,2,1,0,0,0,0,0,0,0,0,0,1,9,0,0,10,0,0,0,0,1,1,1,2,2
4130811,1,0,1,1,0,4,6,0,0,1,1,1,1,1,1,1,1,1,2,2,1,2,2,1,2,2,2,2,2,1,2,2,2,2,1,1,2,1,2,2,2,1,1,1,1,1,0,0,0,0,0,0,0,0,0,2,2,0,0,10,0,0,1,0,1,2,1,2,3
7696124,1,0,1,3,0,9,8,0,0,1,3,3,5,5,1,1,1,1,4,0,1,2,2,1,2,2,2,2,2,1,2,2,2,2,1,1,2,1,1,1,2,1,1,1,2,1,1,1,1,1,1,1,4,4,1,1,9,1,0,18,4,6,2,6,6,3,1,2,3
6832494,2,0,1,1,0,6,16,0,0,1,16,16,16,16,1,1,1,1,18,18,1,2,2,1,2,2,2,2,2,1,2,2,2,1,1,1,2,1,1,1,1,9,1,1,1,1,1,1,1,2,4,4,4,4,4,1,9,0,0,44,0,0,2,0,1,4,1,2,2
3856803,2,0,2,1,0,6,18,0,0,1,8,8,8,8,1,1,1,1,4,4,1,2,2,1,2,2,2,2,2,1,2,2,2,2,1,1,2,1,2,1,2,1,1,1,1,1,4,4,4,4,4,4,4,4,4,1,1,5,0,14,0,1,1,1,4,2,1,2,3
4446080,2,0,1,1,0,7,7,0,0,1,0,0,4,4,0,0,1,1,0,0,1,2,2,1,2,2,2,2,2,1,2,2,2,2,1,1,2,1,2,1,1,9,1,1,1,1,0,0,0,0,0,0,0,0,0,2,2,2,0,3,0,0,0,4,1,1,1,2,2
2807902,2,0,1,5,0,3,6,0,0,1,1,1,1,1,1,0,0,0,2,2,1,2,2,1,2,2,2,2,2,1,2,2,2,2,1,1,2,1,2,2,2,1,1,1,2,1,0,0,0,0,0,0,0,0,0,2,2,0,0,5,0,0,0,0,0,1,1,2,3
9888078,2,0,1,1,0,6,6,0,0,1,5,5,5,5,1,1,1,1,8,8,1,2,2,1,2,2,2,2,2,1,2,2,2,2,1,1,2,1,2,2,1,9,2,1,2,1,0,0,0,0,0,0,0,0,0,1,2,0,0,8,0,1,1,0,1,2,1,2,2
7358721,2,0,1,1,0,6,6,0,0,1,4,4,4,4,1,1,1,1,5,4,1,2,2,1,2,2,2,2,2,1,2,2,2,2,1,1,2,1,1,1,1,9,1,1,1,1,0,0,0,0,0,0,0,0,0,1,9,0,0,31,0,0,1,2,1,2,1,1,3
2569538,2,0,1,1,0,13,36,0,0,1,0,0,4,4,0,0,1,1,0,22,1,2,2,1,2,2,2,2,2,1,2,2,2,2,1,1,1,1,2,2,1,9,1,1,1,1,0,0,0,0,0,0,0,0,0,1,2,0,0,63,0,0,1,0,36,3,1,2,2
6051500,2,0,1,1,0,6,11,0,0,1,6,6,8,8,0,0,0,0,3,0,1,2,2,1,2,2,2,2,2,1,2,2,2,2,2,1,2,1,2,2,1,9,1,1,2,1,0,0,0,0,0,0,0,0,0,1,9,1,0,10,0,1,1,1,1,1,1,2,2
4154329,2,0,1,1,0,7,13,0,0,1,4,4,6,6,6,6,3,3,24,3,1,2,2,1,2,2,2,2,2,1,2,2,2,1,1,1,1,1,2,1,1,9,2,1,2,1,0,0,0,0,0,0,0,0,0,1,2,0,0,35,0,30,0,13,14,3,1,2,2
1674001,1,0,2,5,0,6,14,0,0,1,6,6,7,7,1,1,1,1,3,3,1,2,2,1,1,2,2,2,2,1,1,2,2,2,1,1,2,1,2,2,2,1,2,1,1,1,2,2,2,2,1,1,1,1,1,1,9,2,2,15,0,8,2,6,6,3,1,2,2
5154910,1,0,1,1,0,13,15,0,0,1,32,32,32,32,0,0,0,0,32,32,1,2,2,1,2,2,2,2,2,1,2,2,2,2,1,1,2,1,2,1,1,9,1,1,1,1,1,1,1,2,2,4,4,4,1,1,9,30,26,67,65,0,1,20,23,4,1,2,1
2356243,1,0,1,1,0,9,10,0,0,1,2,2,3,3,2,2,9,9,4,11,1,2,2,1,2,2,2,2,2,1,2,2,2,2,1,1,1,1,1,1,1,9,1,1,1,1,0,0,0,0,0,0,0,0,0,1,2,4,0,18,0,0,2,1,1,2,1,2,2
9897836,2,0,1,1,0,8,8,0,0,1,3,3,3,3,1,1,1,1,3,1,1,2,2,1,2,2,2,2,2,1,2,2,2,2,1,1,2,1,2,1,1,9,1,1,1,1,0,0,0,0,0,0,0,0,0,2,2,1,0,14,0,0,0,0,2,3,1,2,2
8088593,2,0,1,1,0,7,12,0,0,1,6,6,6,6,2,2,2,2,8,8,1,2,2,1,2,2,2,2,2,1,2,2,2,2,1,1,2,1,1,1,1,9,1,1,1,1,0,0,0,0,0,0,0,0,0,1,1,1,2,30,0,0,1,0,1,4,1,1,2
4937148,1,0,1,1,0,15,15,0,0,1,4,4,4,4,1,1,1,1,12,12,1,2,2,1,2,2,2,2,2,1,2,2,2,1,1,1,1,1,1,1,1,9,1,1,1,1,1,1,1,4,4,4,4,4,1,1,2,2,0,21,0,17,1,6,2,5,1,1,2
7958563,2,0,1,1,0,8,41,0,0,1,12,12,12,12,1,1,1,1,17,0,1,2,2,1,2,2,2,2,2,1,2,2,2,2,1,1,2,1,1,2,1,9,1,1,1,1,3,3,3,4,4,4,4,4,1,1,1,0,0,10,0,0,1,0,1,1,1,2,3
2020795,2,0,1,1,0,8,12,0,0,1,0,0,8,8,0,0,7,7,0,15,1,2,2,1,2,2,2,2,2,1,2,2,2,1,1,1,1,1,2,2,1,9,2,1,1,1,4,4,4,4,2,3,3,3,2,1,9,1,0,22,0,4,0,4,4,3,1,2,2
9010888,1,0,1,5,0,5,13,0,0,1,0,0,0,0,1,1,1,1,3,3,1,2,2,1,2,2,2,2,2,1,2,2,2,2,1,1,2,1,2,2,1,9,2,1,2,1,0,0,0,0,0,0,0,0,0,1,9,0,0,19,0,0,2,0,0,3,1,2,2
9116342,2,0,1,1,0,1,3,0,0,1,1,1,1,1,3,3,3,3,4,4,1,2,2,1,2,2,2,2,2,1,2,2,2,1,1,1,2,1,1,1,1,9,2,1,1,1,0,0,0,0,0,0,0,0,0,2,2,1,0,0,0,0,0,0,0,0,1,1,2
4181334,1,0,1,1,0,10,22,0,0,1,8,8,4,4,2,2,0,0,12,0,1,2,2,1,2,2,2,2,2,1,2,2,2,2,1,1,2,1,2,2,2,1,1,1,1,1,1,1,1,4,4,4,4,4,1,1,2,0,0,25,0,0,0,0,1,3,1,2,3
6024023,1,0,1,1,0,14,15,0,0,1,6,6,6,6,1,1,1,1,18,6,1,1,2,1,2,2,2,1,2,1,2,2,2,3,1,1,1,1,2,1,1,9,1,1,1,1,0,0,0,0,0,0,0,0,0,2,9,2,0,35,0,13,2,14,0,4,1,2,2
8628395,2,0,1,1,0,6,4,0,0,1,2,2,2,2,1,1,1,1,3,3,1,2,2,1,2,2,2,2,2,1,2,2,2,2,1,1,2,1,2,2,1,9,1,1,2,1,0,0,0,0,0,0,0,0,0,1,9,2,0,22,0,0,0,0,1,2,1,1,2
5903304,1,0,3,1,0,13,14,0,0,1,6,6,4,4,1,1,1,1,6,4,1,2,2,1,2,2,2,2,2,1,2,2,2,2,1,1,2,1,1,1,2,1,1,1,1,1,0,0,0,0,0,0,0,0,0,1,2,3,0,16,0,16,0,0,1,4,1,2,3
3543806,1,0,1,1,0,3,12,0,0,1,2,2,2,2,1,1,2,2,3,4,1,2,2,1,2,2,2,2,2,1,2,2,2,2,1,1,2,1,1,2,1,9,2,1,1,1,0,0,0,0,0,0,0,0,0,2,2,0,0,12,0,0,1,0,1,1,1,2,2
6821944,1,0,1,1,0,6,6,0,0,1,4,4,7,7,0,0,0,0,8,3,1,2,2,1,1,2,2,2,2,1,1,2,2,2,1,1,1,1,2,1,2,1,1,1,1,1,0,0,0,0,0,0,0,0,0,2,9,6,0,11,0,0,1,0,1,2,1,2,3
4971573,2,0,1,1,0,2,6,0,0,2,2,2,4,4,1,1,1,1,2,4,1,2,1,1,2,2,2,2,1,1,2,2,2,2,1,1,2,1,2,2,1,9,1,1,1,1,4,4,4,4,4,4,4,4,4,2,2,1,0,1,0,0,0,0,0,0,1,2,2
7743663,2,0,1,1,0,12,4,0,0,1,6,6,6,6,0,0,0,0,6,6,1,2,2,1,2,2,2,2,2,1,2,2,2,2,1,1,1,1,1,1,1,9,1,1,1,1,0,0,0,0,0,0,0,0,0,1,9,0,0,2,0,0,0,0,1,2,1,1,2
8560709,1,0,2,1,0,7,15,2,0,1,5,5,2,2,1,1,1,1,6,3,2,2,2,1,2,2,2,2,2,1,2,2,2,2,2,1,2,1,2,2,1,9,2,1,1,1,0,0,0,0,0,0,0,0,0,1,2,0,0,17,0,17,0,0,1,1,1,2,3
6738487,2,0,1,1,0,6,0,4,0,1,3,3,3,3,1,1,1,1,6,6,1,2,2,1,2,2,2,2,2,1,2,2,2,2,1,1,2,1,2,2,1,9,2,2,9,1,4,4,4,4,4,4,4,4,4,2,9,1,0,25,0,25,1,4,1,1,1,2,3
5325581,2,0,1,1,0,12,16,0,0,1,9,9,14,14,2,2,2,2,9,14,1,2,2,1,2,2,2,2,2,1,2,2,2,1,1,1,1,1,2,1,1,9,1,1,1,1,0,0,0,0,0,0,0,0,0,2,9,18,0,45,0,18,2,7,13,4,1,1,1
9020807,2,0,0,7,0,3,3,0,0,1,1,1,1,1,1,1,1,1,0,0,1,2,2,1,2,2,2,2,2,1,2,2,2,2,1,1,2,1,2,1,1,9,1,1,1,1,0,0,0,0,0,0,0,0,0,2,2,1,0,2,0,0,0,0,1,1,1,2,2
6059353,1,0,1,1,0,5,23,0,0,1,8,8,8,8,1,1,1,1,12,12,1,2,2,1,2,2,2,2,2,1,2,2,2,2,1,1,2,1,2,1,1,9,2,1,1,1,0,0,0,0,0,0,0,0,0,1,1,0,0,12,0,5,0,0,0,4,1,1,2
3524114,1,0,2,1,0,13,15,0,0,1,0,0,15,15,0,0,2,2,0,15,1,2,2,1,2,2,1,2,2,1,2,2,1,1,1,1,1,1,1,1,1,9,1,1,1,1,1,1,1,1,4,4,4,1,1,1,1,8,0,98,12,0,1,1,15,13,1,1,2
5528676,1,0,1,1,0,10,29,0,0,1,0,0,11,11,0,0,4,4,0,1,1,2,2,1,2,2,2,2,2,1,2,2,2,2,1,1,1,1,1,2,1,9,1,1,2,1,0,0,0,0,0,0,0,0,0,1,9,4,1,100,500,34,8,0,39,12,1,2,2
2168999,1,0,1,1,0,56,54,0,0,1,10,10,10,10,10,10,10,10,20,20,1,2,2,1,2,2,2,2,2,1,2,2,2,2,1,1,2,1,2,2,1,9,1,1,1,1,1,1,1,4,4,4,4,4,1,1,2,4,0,50,450,0,2,30,30,5,1,1,2
9704017,2,0,1,1,0,7,5,0,0,1,8,8,8,8,2,2,2,2,5,5,1,2,2,1,2,2,2,2,2,1,2,2,2,2,1,1,2,1,2,1,1,9,1,1,1,1,0,0,0,0,0,0,0,0,0,1,9,1,0,20,0,0,1,1,1,2,1,2,2
7133447,1,0,1,1,0,10,31,0,0,1,12,12,15,15,11,11,7,7,25,22,1,2,2,2,1,2,2,2,2,2,1,2,2,2,1,1,2,1,1,1,1,9,1,1,1,1,0,0,0,0,0,0,0,0,0,1,9,5,0,5,0,0,1,0,31,3,1,1,3
8666817,2,0,1,1,0,16,52,0,0,1,9,9,9,9,9,9,9,9,9,9,1,2,2,1,2,2,2,2,2,1,2,2,2,1,1,1,2,1,1,2,1,9,1,1,2,1,1,1,1,1,1,1,1,1,1,1,9,160,90,40,0,0,5,50,20,15,1,2,2
2014705,1,0,1,1,0,12,28,0,0,1,4,4,4,4,0,0,0,0,4,0,1,2,2,1,2,2,1,2,2,1,2,2,1,3,1,1,2,1,2,1,2,1,1,1,1,1,1,1,1,1,4,2,4,4,2,1,9,4,0,13,0,23,1,6,16,9,1,2,1
2771735,1,0,1,1,0,16,16,0,0,1,4,4,4,4,1,1,1,1,12,12,1,2,1,1,2,2,2,2,1,1,2,2,2,2,1,1,2,1,2,1,1,9,1,1,1,1,1,1,1,4,4,4,4,4,3,2,2,1,0,5,0,0,0,0,0,3,1,2,3
6417217,2,0,12,1,0,7,6,0,0,1,9,9,10,10,1,1,1,1,9,10,1,2,2,1,2,2,2,2,2,1,2,2,2,2,1,1,2,1,2,2,1,9,2,1,1,1,0,0,0,0,0,0,0,0,0,2,9,1,0,10,0,12,0,0,6,1,1,2,2
2968324,1,0,1,1,0,14,6,0,0,1,8,8,8,8,2,2,2,2,10,10,1,2,2,1,2,2,2,2,2,1,2,2,2,2,1,1,2,1,2,2,2,1,2,1,1,1,1,1,1,3,3,3,3,3,1,1,9,2,0,15,0,0,0,0,1,2,1,2,2
5371954,2,0,1,1,0,7,6,0,0,1,10,10,10,10,1,1,1,1,10,10,1,2,2,1,2,2,2,2,2,1,2,2,2,3,1,1,1,1,2,2,1,9,1,1,1,1,0,0,0,0,0,0,0,0,0,2,9,3,0,18,0,7,1,7,7,5,1,2,2
2008419,2,0,1,1,0,10,23,0,0,1,25,25,25,25,2,2,2,2,25,25,1,2,2,1,2,2,2,2,2,1,2,2,2,2,1,1,1,1,2,2,1,9,1,1,1,1,0,0,0,0,0,0,0,0,0,2,2,0,0,20,0,23,1,23,1,3,1,2,3
1130259,2,0,1,1,0,11,14,0,0,1,4,4,4,4,1,1,1,1,13,4,1,1,1,1,2,1,2,1,1,1,2,1,2,1,1,1,2,1,2,1,1,9,1,1,1,1,1,1,1,1,4,4,4,4,4,1,9,3,1,47,0,0,3,10,10,1,1,2,3
8990373,1,0,1,1,0,9,32,0,0,1,16,16,16,16,4,4,4,4,8,8,1,2,2,1,2,2,2,2,2,1,2,2,2,2,1,1,2,1,1,1,1,9,2,1,1,1,0,0,0,0,0,0,0,0,0,1,2,0,0,32,0,0,1,32,29,9,1,2,3
3108434,2,0,2,1,0,6,22,0,0,1,1,1,1,1,1,1,1,1,2,2,1,2,2,1,2,2,2,2,2,1,2,2,2,2,1,1,2,1,1,1,1,9,1,1,1,1,4,4,4,4,4,4,4,4,4,1,1,6,0,12,0,2,1,1,2,4,1,1,3
5051153,1,0,1,1,0,7,10,0,0,1,5,5,5,5,2,2,2,2,3,3,1,2,2,1,2,2,2,2,2,1,2,2,2,2,1,1,2,1,1,1,1,9,2,1,1,1,0,0,0,0,0,0,0,0,0,1,9,2,0,22,0,0,0,2,2,2,1,2,2
7371715,1,0,1,1,0,9,9,0,0,1,4,4,5,5,1,1,1,1,5,6,1,2,2,1,2,2,2,2,2,1,2,2,2,2,1,1,2,1,2,1,1,9,2,1,1,1,0,0,0,0,0,0,0,0,0,1,9,2,1,10,0,0,0,7,8,1,1,2,3
5313306,2,0,1,1,0,11,48,0,0,1,20,20,24,24,1,1,1,1,20,24,1,2,2,1,2,2,2,2,2,1,2,2,2,2,1,1,1,1,2,2,1,9,1,1,1,1,1,1,1,1,1,1,1,1,1,1,1,5,2,43,0,30,1,30,30,4,1,2,2
7296720,2,0,1,1,0,7,24,0,0,1,7,7,5,5,1,1,1,1,12,11,1,2,2,1,2,2,2,2,2,1,2,2,2,2,1,1,2,1,2,2,1,9,1,1,1,1,1,1,1,4,4,4,4,4,4,1,9,1,0,41,0,0,1,2,1,4,1,2,2
9844940,1,0,1,1,0,4,6,0,0,1,3,3,3,3,1,1,1,1,3,1,1,2,2,1,2,2,2,2,2,1,2,2,2,2,1,1,2,1,2,1,1,9,1,1,1,1,0,0,0,0,0,0,0,0,0,1,9,1,0,4,0,0,1,0,2,3,1,2,2
5808655,2,0,1,1,0,3,15,0,0,1,4,4,5,5,1,1,1,1,5,0,1,2,2,1,2,2,2,2,2,1,2,2,2,2,1,1,2,1,2,2,1,9,2,1,1,1,0,0,0,0,0,0,0,0,0,1,9,1,0,3,0,0,2,1,1,2,1,2,2
3899124,2,0,1,1,0,20,24,0,0,1,0,0,46,46,0,0,3,3,0,0,1,2,2,1,1,2,2,2,2,1,1,2,2,1,1,1,2,1,1,1,1,9,1,1,1,1,0,0,0,0,0,0,0,0,0,1,1,2,0,30,0,24,2,10,1,4,1,2,2
7743101,1,0,1,1,0,9,20,0,0,1,0,0,28,28,0,0,2,2,0,2,1,1,1,1,2,2,2,1,1,1,2,2,2,1,1,1,1,1,2,2,2,1,1,1,1,1,1,1,1,1,1,1,0,0,0,1,9,2,0,20,0,0,2,20,20,2,1,2,1
3169658,1,0,9,1,0,4,16,0,0,1,3,3,3,3,1,1,1,1,2,2,1,2,1,1,2,2,1,2,1,1,2,2,1,2,1,1,2,1,2,2,1,9,1,1,1,1,0,0,0,0,0,0,0,0,0,1,9,8,0,8,0,7,0,0,4,1,1,1,3
3067600,2,0,1,1,0,2,7,0,0,1,1,1,3,3,1,1,0,0,3,0,1,2,2,1,2,2,2,2,2,1,2,2,2,2,1,1,2,1,2,2,1,9,1,1,1,1,0,0,0,0,0,0,0,0,0,2,9,0,0,7,0,0,0,1,0,1,1,2,2
9036515,1,0,1,1,0,15,32,0,0,1,16,16,19,19,1,1,0,0,28,0,1,2,2,1,2,2,2,2,2,1,2,2,2,1,1,1,1,1,1,1,1,9,1,1,1,1,0,0,0,0,0,0,0,0,0,1,9,15,2,70,0,0,1,0,35,4,1,2,2
8157868,2,0,1,1,0,14,26,0,0,1,9,9,9,9,1,1,1,1,10,9,1,2,2,1,2,2,2,2,2,1,2,2,2,2,1,1,2,1,1,1,1,9,1,1,1,1,2,2,2,4,4,4,4,4,1,1,9,1,0,8,0,0,1,0,1,1,1,2,1
7083178,1,0,1,1,0,10,13,0,0,1,6,6,5,5,1,1,0,0,8,5,1,2,2,1,2,2,2,2,2,1,2,2,2,2,1,1,2,1,2,2,1,9,1,1,1,1,1,1,1,4,4,4,4,4,1,1,9,1,0,46,0,40,1,13,1,3,1,2,2
9864365,2,0,1,1,0,6,6,0,0,1,1,1,1,1,1,1,2,2,7,8,1,2,2,1,2,2,2,2,2,1,2,2,2,2,1,1,2,1,1,1,1,9,1,1,1,1,0,0,0,0,0,0,0,0,0,1,9,6,0,2,0,0,1,0,6,3,1,2,2
1665919,2,0,1,1,0,0,3,0,0,2,1,1,1,1,1,1,1,1,10,1,1,2,2,1,2,2,2,2,2,1,2,2,2,1,1,1,2,1,2,2,1,9,1,1,2,1,0,0,0,0,0,0,0,0,0,2,2,1,0,0,0,0,0,0,0,0,1,2,2
8603645,2,0,1,1,0,2,4,0,0,1,3,3,3,3,1,1,1,1,3,3,1,2,2,1,2,2,2,2,2,1,2,2,2,2,1,1,2,1,1,1,1,9,2,1,1,1,0,0,0,0,0,0,0,0,0,2,9,2,0,1,0,0,0,0,1,1,1,2,3
6694261,2,0,0,1,0,8,12,0,0,1,5,5,5,5,1,1,0,0,7,4,1,2,2,1,2,2,2,2,2,1,2,2,2,2,1,1,1,1,2,2,1,9,1,1,1,1,0,0,0,0,0,0,0,0,0,2,2,0,1,10,0,0,0,0,1,2,1,2,2
5888475,1,0,1,1,0,14,45,0,0,1,10,10,20,20,5,5,5,5,15,20,1,2,2,1,2,2,2,2,2,1,2,2,2,1,1,1,1,1,2,1,1,9,1,1,1,1,1,1,1,1,4,4,4,1,1,1,9,2,0,3,0,60,1,10,10,3,1,1,1
7202385,2,0,1,1,0,7,6,0,0,1,1,1,1,1,1,1,1,1,2,2,1,2,2,1,2,2,2,2,2,1,2,2,2,2,1,1,2,1,2,2,1,9,1,1,1,1,0,0,0,0,0,0,0,0,0,1,9,1,0,12,0,0,1,0,1,1,1,2,2
5214113,1,0,1,1,0,8,6,0,0,1,2,2,8,8,1,1,1,1,6,8,1,2,2,1,2,2,2,2,2,1,2,2,2,2,1,1,2,1,2,2,1,9,1,1,1,1,0,0,0,0,0,0,0,0,0,1,9,0,0,22,0,0,0,6,6,3,1,2,3
8999463,2,0,1,1,0,6,15,0,0,1,12,12,1,1,1,1,0,0,12,3,1,2,2,1,1,2,2,2,2,1,1,2,2,2,1,1,1,1,2,2,2,1,2,1,1,1,0,0,0,0,0,0,0,0,0,2,2,1,0,3,0,0,0,0,2,3,1,2,3
8876036,2,0,1,1,0,3,3,0,0,1,1,1,1,1,1,1,1,1,1,1,1,2,2,1,2,2,2,2,2,1,2,2,2,2,1,1,2,1,2,2,1,9,2,1,1,1,0,0,0,0,0,0,0,0,0,2,2,1,0,1,0,1,1,1,1,1,1,1,3
9205883,2,0,1,1,0,15,26,0,0,1,0,0,10,10,0,0,10,10,0,0,1,2,2,1,2,2,2,2,2,1,2,2,2,1,1,1,2,1,1,1,1,9,2,2,9,1,1,1,1,2,2,2,2,3,1,1,9,1,0,4,100,25,4,25,12,1,1,2,3
3570897,1,0,1,1,0,8,8,0,0,1,2,2,2,2,1,1,1,1,2,2,1,2,2,1,2,2,2,2,2,1,2,2,2,2,1,1,2,1,2,2,1,9,1,1,1,1,0,0,0,0,0,0,0,0,0,1,1,1,0,6,10,4,1,1,4,1,1,1,2
6499643,2,0,1,1,0,6,24,0,0,1,19,19,12,2,3,3,2,2,14,2,1,2,2,1,2,2,2,2,2,1,2,2,2,2,2,1,2,1,2,2,1,9,1,1,2,1,0,0,0,0,0,0,0,0,0,1,9,1,0,4,0,0,0,0,1,4,1,2,3
9270229,1,0,12,1,0,5,36,0,0,1,1,1,1,1,1,1,1,1,2,2,1,2,2,1,2,2,2,2,2,1,2,2,2,2,1,1,2,1,1,1,1,9,1,1,1,1,0,0,0,0,0,0,0,0,0,1,9,0,0,15,0,0,1,0,0,1,1,2,3
9216638,1,0,1,5,0,5,12,0,0,1,2,2,1,1,1,1,1,1,8,8,2,2,2,1,2,2,2,2,2,1,2,2,2,2,2,1,2,1,2,2,2,1,1,1,1,1,0,0,0,0,0,0,0,0,0,2,9,0,0,20,0,0,0,1,2,2,1,2,2
9818593,1,0,1,1,0,12,36,0,0,1,14,14,28,28,7,7,7,7,42,0,1,2,2,1,2,2,2,2,2,1,2,2,2,1,1,1,3,1,1,1,1,9,1,1,1,1,0,0,0,0,0,0,0,0,0,1,9,1,0,65,0,29,2,0,29,5,1,2,2
6968838,1,0,1,1,0,7,8,0,0,1,2,2,2,2,2,2,2,2,3,3,1,2,2,1,2,2,2,2,2,1,2,2,2,2,1,1,2,1,2,1,2,1,2,1,1,1,0,0,0,0,0,0,0,0,0,1,9,0,0,15,0,15,1,1,3,2,1,1,3
5979266,2,0,1,1,0,7,17,0,0,1,8,8,13,13,1,1,1,1,6,0,1,2,2,1,2,2,2,2,2,1,2,2,2,2,1,1,1,1,1,1,1,9,2,1,1,1,0,0,0,0,0,0,0,0,0,2,2,1,0,5,0,17,1,17,17,2,1,2,2
6756183,2,0,1,1,0,7,18,0,0,1,5,5,5,5,1,1,1,1,5,5,1,2,2,1,2,2,2,2,2,1,2,2,2,2,1,1,2,1,2,1,2,1,2,1,1,1,0,0,0,0,0,0,0,0,0,1,9,1,0,28,0,28,1,18,18,6,1,2,2
7453562,1,0,1,1,0,6,10,0,0,1,9,9,9,9,1,1,1,1,15,15,1,2,1,1,2,2,2,2,1,1,2,2,2,1,1,1,1,1,2,1,1,9,1,1,1,1,1,1,1,4,4,4,4,4,1,1,1,0,0,46,0,0,1,4,5,7,1,2,3
6823035,2,0,1,1,0,4,7,0,0,1,3,3,3,3,1,1,1,1,5,5,1,2,2,1,2,2,2,2,2,1,2,2,2,2,1,1,1,1,2,2,1,9,1,1,1,1,0,0,0,0,0,0,0,0,0,2,2,1,0,30,0,0,0,2,10,5,1,2,3
3655689,2,0,1,1,0,6,10,0,0,1,4,4,0,0,1,1,0,0,6,0,1,2,2,1,2,2,2,2,2,1,2,2,2,2,1,1,2,1,1,1,1,9,1,1,1,1,0,0,0,0,0,0,0,0,0,2,2,0,0,4,0,5,1,1,0,1,1,2,2
7081844,1,0,1,1,0,26,26,0,0,1,20,20,20,20,2,2,2,2,2,2,1,2,2,1,2,2,2,2,2,1,2,2,2,2,1,1,1,1,2,1,1,9,2,1,1,1,1,1,1,3,1,3,3,3,1,1,2,10,0,100,1450,0,1,0,2,20,1,2,2
3169269,2,0,1,1,0,26,36,0,0,1,32,32,32,32,4,4,4,4,28,40,1,2,2,1,1,2,2,2,2,1,1,2,2,2,1,1,2,1,2,1,1,9,2,1,1,1,0,0,0,0,0,0,0,0,0,1,9,1,0,47,0,101,1,57,4,8,1,1,3
1400764,2,0,3,3,0,8,6,0,0,1,3,3,3,3,1,1,1,1,6,6,1,2,2,1,2,2,2,2,2,1,2,2,2,2,1,1,2,1,1,1,2,1,1,1,1,1,0,0,0,0,0,0,0,0,0,1,1,1,10,5,0,2,2,3,3,2,1,2,2
1873889,1,0,1,1,0,5,11,0,0,1,3,3,3,3,1,1,0,0,7,3,1,2,2,1,2,2,2,2,2,1,2,2,2,2,1,1,2,1,2,2,1,9,2,2,9,1,0,0,0,0,0,0,0,0,0,1,9,1,0,1,0,0,1,10,3,1,1,2,3
3535795,2,0,1,1,0,21,60,0,0,1,36,36,30,30,0,0,0,0,10,0,1,2,2,1,2,2,2,2,2,1,2,2,2,2,1,1,2,1,2,2,1,9,1,1,1,1,0,0,0,0,0,0,0,0,0,1,9,11,2,229,80,64,3,1,50,12,1,1,1
9213224,1,0,1,1,0,6,13,0,0,1,3,3,3,3,1,1,0,0,13,10,1,2,2,1,2,2,2,2,2,1,2,2,2,1,1,1,1,1,1,1,1,9,1,1,1,1,0,0,0,0,0,0,0,0,0,1,9,1,1,21,0,0,2,4,1,3,1,2,3
6579936,1,0,1,1,0,4,11,0,0,1,8,8,0,0,2,2,0,0,0,0,1,2,2,1,2,2,2,2,2,1,2,2,2,2,1,1,2,1,1,2,1,9,1,1,2,1,0,0,0,0,0,0,0,0,0,2,2,0,0,12,0,16,1,2,1,2,1,1,2
6324940,2,0,1,1,0,4,3,0,0,1,4,4,4,4,3,3,3,3,4,3,1,2,2,1,2,2,2,2,2,1,2,2,2,2,1,1,2,1,2,1,1,9,2,1,2,1,0,0,0,0,0,0,0,0,0,2,2,2,0,0,25,1,0,0,1,1,1,2,3
8696260,2,0,1,1,0,4,6,0,0,1,1,1,1,1,1,1,1,1,1,1,1,2,2,1,2,2,2,2,2,1,2,2,2,2,1,1,2,1,2,1,1,9,1,1,1,1,0,0,0,0,0,0,0,0,0,1,1,0,0,12,0,0,0,0,1,2,1,1,2
5318715,1,0,1,1,0,6,11,0,0,1,3,3,4,4,0,0,1,1,1,0,1,2,2,1,2,2,2,2,2,1,2,2,2,2,1,1,2,1,2,2,1,9,1,1,1,1,0,0,0,0,0,0,0,0,0,2,2,0,0,2,0,0,0,0,1,1,1,2,2
6880174,2,0,1,5,0,10,6,0,0,1,6,6,6,6,1,1,1,1,15,6,1,2,2,1,2,2,2,2,2,1,2,2,2,2,1,1,2,1,1,1,2,1,1,1,1,1,0,0,0,0,0,0,0,0,0,1,1,1,0,9,0,1,0,2,2,2,1,2,2
6146195,1,0,2,1,0,10,18,0,0,1,7,7,15,7,1,1,1,1,8,8,1,2,2,1,2,2,2,2,2,1,2,2,2,3,1,1,2,1,2,2,1,9,1,1,2,1,1,1,1,1,1,1,3,3,2,1,2,4,150,6,0,15,5,2,25,5,1,1,3
9250168,2,0,1,1,0,6,6,0,0,1,3,3,1,1,0,0,0,0,4,4,1,2,2,1,2,2,2,2,2,1,2,2,2,2,1,1,2,1,2,2,1,9,1,1,1,1,1,1,1,1,4,4,4,4,4,1,9,11,2,229,80,64,3,1,50,12,1,1,3
8489912,2,0,1,1,0,7,10,0,0,1,6,6,6,6,1,1,1,1,8,6,1,2,2,1,2,2,2,2,2,1,2,2,2,2,1,1,1,1,2,2,1,9,2,1,2,1,1,1,1,4,4,4,4,4,1,1,9,2,0,10,0,0,0,4,11,1,1,2,2
1701393,1,0,1,1,0,7,10,0,0,1,5,5,5,5,0,0,0,0,5,5,1,2,2,1,2,2,2,2,2,1,2,2,2,2,1,1,2,1,1,2,1,9,2,1,1,1,0,0,0,0,0,0,0,0,0,1,9,1,1,15,0,12,0,12,12,5,1,1,2
2809616,2,0,1,1,0,5,6,0,0,1,2,2,2,2,1,1,1,0,3,2,1,2,2,1,2,2,2,2,2,1,2,2,2,2,1,1,2,1,1,2,1,9,2,1,2,1,0,0,0,0,0,0,0,0,0,2,2,0,0,6,0,0,0,1,1,2,1,1,3
7839185,2,0,2,1,0,9,18,0,0,1,10,10,10,10,2,2,2,2,6,4,1,2,2,1,2,2,2,2,2,1,2,2,2,2,1,1,2,1,2,1,1,9,1,1,1,1,0,0,0,0,0,0,0,0,0,1,9,2,0,25,0,1,0,1,2,6,1,2,3
9221961,1,0,1,1,0,16,58,0,0,1,28,28,27,27,7,7,7,7,17,0,1,2,2,1,2,2,1,2,2,1,2,2,1,2,1,1,2,1,2,1,1,9,1,1,1,1,0,0,0,0,0,0,0,0,0,1,9,3,0,55,0,40,1,5,4,6,1,2,1
4150945,2,0,1,1,0,4,2,0,0,1,4,4,4,4,2,2,2,2,6,6,1,2,2,1,2,2,2,2,2,1,2,2,2,2,1,1,2,1,2,2,1,9,1,1,1,1,4,4,4,4,4,4,4,4,4,1,9,1,0,5,0,0,0,0,1,1,1,2,2
3200938,2,0,3,3,0,5,5,0,0,1,4,4,4,4,1,1,1,1,4,4,1,2,2,1,2,2,2,2,2,1,2,2,2,2,1,1,2,1,2,2,2,1,1,1,1,1,0,0,0,0,0,0,0,0,0,1,9,22,0,13,0,2,0,0,1,1,1,2,2
3715502,1,0,1,1,0,6,12,0,0,1,10,10,5,5,1,1,1,1,11,6,1,2,2,1,2,2,2,2,2,1,2,2,2,2,1,1,2,1,2,1,1,9,1,1,2,1,0,0,0,0,0,0,0,0,0,1,9,3,2,50,0,0,2,0,2,6,1,2,3
3709669,1,0,0,1,0,5,6,0,0,1,1,1,2,2,1,1,1,1,4,4,1,2,2,1,1,2,2,2,2,1,1,2,2,2,1,1,2,1,2,1,1,9,1,1,1,1,0,0,0,0,0,0,0,0,0,1,9,0,0,10,0,0,0,0,1,2,1,2,2
7293104,2,0,1,1,0,1,8,0,0,1,0,0,0,0,1,1,1,1,1,1,1,2,2,1,2,2,2,2,2,1,2,2,2,2,1,1,2,1,2,2,1,9,2,1,2,1,0,0,0,0,0,0,0,0,0,2,2,1,0,1,0,0,0,0,0,1,1,2,2
5480049,2,0,8,1,0,8,5,0,0,1,4,4,5,5,5,5,0,0,5,0,1,2,2,1,2,2,1,2,2,1,2,2,1,2,1,1,2,1,2,1,2,1,2,1,1,1,1,1,1,1,3,3,3,1,1,1,9,0,20,20,0,20,0,0,0,2,1,2,3
2385992,2,0,1,1,0,6,6,0,0,1,1,1,1,1,1,1,1,1,3,1,1,2,2,1,2,2,2,2,2,1,2,2,2,2,1,1,2,1,2,1,1,9,2,1,1,1,0,0,0,0,0,0,0,0,0,1,9,1,0,11,0,1,0,1,1,3,1,2,2
8188760,2,0,1,1,0,6,19,0,0,1,4,4,4,4,1,1,1,1,5,0,1,2,2,1,2,2,2,2,2,1,2,2,2,2,1,1,2,1,1,2,1,9,1,1,1,1,0,0,0,0,0,0,0,0,0,1,1,0,0,10,0,0,2,1,1,2,1,2,3
5532239,2,0,1,1,0,6,6,0,0,1,5,5,5,5,1,1,1,1,5,5,1,2,2,1,2,2,2,2,2,1,2,2,2,2,1,1,2,1,1,1,2,1,1,1,2,1,0,0,0,0,0,0,0,0,0,1,1,0,0,10,0,1,0,0,4,2,1,2,2
3854770,1,0,2,1,0,12,12,0,0,1,4,4,4,4,1,1,1,1,8,8,1,2,2,1,2,2,2,2,2,1,2,2,2,1,1,1,2,1,1,1,1,9,1,1,1,1,1,1,1,1,1,2,4,4,2,2,9,0,0,2,0,1,0,0,1,1,1,2,3
1622822,1,0,2,1,0,27,27,0,0,1,0,0,15,15,0,0,1,1,0,0,1,2,2,1,2,2,2,2,2,1,2,2,2,1,1,1,1,1,2,1,1,9,1,1,1,1,0,0,0,0,0,0,0,0,0,1,9,1,0,75,1000,25,1,25,27,7,1,2,1
3345959,1,0,2,1,0,6,19,0,0,1,4,4,4,4,1,1,1,1,0,0,1,2,2,1,2,2,2,2,2,1,2,2,2,2,1,1,2,1,2,2,1,9,1,1,1,1,0,0,0,0,0,0,0,0,0,1,2,0,0,10,0,0,0,1,1,3,1,2,1
3942420,2,0,1,1,0,9,6,0,0,1,8,8,6,6,1,1,1,1,12,2,1,2,2,1,2,2,2,2,2,1,2,2,2,2,1,1,2,1,1,1,1,9,1,1,1,1,0,0,0,0,0,0,0,0,0,1,1,1,3,30,0,2,2,1,2,6,1,2,2
9518808,1,0,1,1,0,7,22,0,0,1,10,10,10,10,1,1,1,1,10,10,1,2,2,1,2,2,2,2,2,1,2,2,2,2,1,1,2,1,2,1,1,9,2,1,1,1,1,1,1,3,3,3,3,3,4,1,9,1,0,9,0,0,1,18,18,4,1,2,2
8282313,1,0,1,1,0,12,12,0,0,1,8,8,8,8,1,0,0,0,8,0,1,2,2,1,2,2,2,2,2,1,2,2,2,1,1,1,1,1,1,2,1,9,1,1,1,1,0,0,0,0,0,0,0,0,0,1,1,1,0,27,0,2,1,1,1,3,1,1,3
4324829,2,0,1,1,0,9,35,0,0,1,6,6,12,12,6,6,12,12,12,12,1,2,2,1,2,2,2,2,2,1,2,2,2,2,1,1,2,1,2,2,1,9,1,1,1,1,0,0,0,0,0,0,0,0,0,1,9,1,0,36,0,0,1,37,2,5,1,2,2
3520321,2,0,1,1,0,8,13,0,0,1,6,6,15,15,0,0,0,0,13,4,1,2,1,1,2,2,2,2,1,1,2,2,2,2,1,1,2,1,1,1,1,9,2,1,2,1,0,0,0,0,0,0,0,0,0,1,2,1,0,5,0,31,1,0,6,6,1,2,2
2737874,1,0,1,1,0,16,17,0,0,1,3,3,3,3,3,3,3,3,8,8,1,2,2,1,2,2,2,2,2,1,2,2,2,1,1,1,1,1,2,2,1,9,1,1,1,1,1,1,1,4,4,4,4,4,1,1,2,8,0,173,0,1,0,0,5,4,1,1,3
3464986,2,0,1,1,0,5,13,0,0,1,5,5,5,5,0,0,1,0,4,4,1,2,2,1,2,2,2,2,2,1,2,2,2,1,1,1,2,1,1,1,1,9,1,1,1,1,1,1,1,2,2,2,0,0,0,1,2,1,0,93,0,26,0,0,13,3,1,2,3
8684630,2,0,1,1,0,11,11,0,0,1,3,3,2,2,1,1,1,1,4,2,1,2,2,1,2,2,2,2,2,1,2,2,2,2,2,1,2,1,2,2,1,9,1,1,1,1,4,4,4,4,4,4,4,4,4,2,2,0,0,3,0,0,0,8,1,1,1,2,2
9541878,2,0,1,1,0,7,6,0,0,1,2,2,2,2,1,1,1,1,6,0,1,2,2,1,2,2,2,2,2,1,2,2,2,2,1,1,2,1,1,2,1,9,1,1,1,1,0,0,0,0,0,0,0,0,0,1,1,0,5,13,0,1,2,1,2,3,1,1,3
7450863,2,0,1,1,0,7,12,0,0,1,2,2,2,2,1,1,1,1,6,5,1,2,2,1,2,2,2,2,2,1,2,2,2,2,1,1,2,1,2,1,1,9,1,1,1,1,0,0,0,0,0,0,0,0,0,1,1,1,0,20,0,0,1,2,15,4,1,2,3
1773932,1,0,1,1,0,10,12,0,0,1,9,9,9,9,1,1,0,0,10,9,1,2,2,1,2,2,2,2,2,1,2,2,2,1,1,1,1,1,1,1,1,9,1,1,1,1,1,1,1,4,1,4,4,4,1,1,9,1,5,64,0,15,1,0,15,6,1,2,1
8556621,2,0,1,1,0,35,7,0,0,1,5,5,5,5,1,1,1,1,6,5,1,2,2,1,2,2,2,2,2,1,2,2,2,2,1,1,2,1,1,1,1,9,2,1,1,1,3,3,3,2,2,2,3,3,4,1,2,1,0,1,0,0,0,0,1,1,1,2,2
3407357,2,0,1,1,0,9,20,0,0,1,8,8,10,10,0,0,0,0,10,0,1,2,1,1,2,2,2,2,1,1,2,2,2,1,1,1,2,1,1,1,1,9,1,1,1,1,0,0,0,0,0,0,0,0,0,1,1,20,0,32,0,0,1,0,19,5,1,2,2
5393713,2,0,1,1,0,4,7,0,0,1,5,5,5,5,1,1,1,1,6,6,1,2,2,1,2,2,2,2,2,1,2,2,2,2,1,1,2,1,1,1,1,9,1,1,2,1,0,0,0,0,0,0,0,0,0,1,1,1,0,5,0,3,1,1,4,3,1,2,3
8903927,1,0,1,6,0,6,7,0,0,1,2,2,2,2,0,0,0,0,2,2,1,2,2,1,2,2,2,2,2,1,2,2,2,2,1,1,2,1,1,2,1,9,1,1,2,1,0,0,0,0,0,0,0,0,0,2,2,0,0,2,0,0,0,0,1,1,1,2,2
5931505,2,0,9,1,0,8,8,0,0,1,4,4,5,5,1,1,1,1,4,4,1,2,2,1,2,2,2,2,2,1,2,2,2,2,1,1,2,1,2,1,1,9,1,1,1,1,4,4,4,4,4,4,4,4,4,2,2,0,0,12,0,0,0,3,4,3,1,1,2
7258501,1,0,1,1,0,3,15,0,0,1,6,6,6,6,3,3,3,3,6,6,1,2,2,1,2,2,2,2,2,1,2,2,2,2,1,1,2,1,2,2,1,9,1,1,1,1,0,0,0,0,0,0,0,0,0,1,9,1,0,10,0,2,0,0,1,1,1,2,3
1872624,2,0,2,1,0,7,11,2,1,1,6,6,6,6,1,1,1,1,4,0,1,2,2,1,2,2,2,2,2,1,2,2,2,2,1,1,2,1,2,1,1,9,1,1,2,1,3,3,3,3,3,3,3,3,3,1,1,0,7,22,0,0,0,0,2,4,1,2,2
2269823,1,0,1,6,0,9,9,0,0,1,4,4,8,4,1,0,8,4,2,4,1,2,2,1,2,2,1,2,2,1,2,2,1,2,1,1,2,1,2,2,1,9,1,1,2,1,0,0,0,0,0,0,0,0,0,1,9,2,0,6,0,0,1,1,1,1,1,1,2
6389366,2,0,1,1,0,4,6,0,0,1,2,2,2,2,0,0,1,1,3,5,1,2,2,1,2,2,2,2,2,1,2,2,2,2,1,1,2,1,1,2,1,9,1,1,2,1,0,0,0,0,0,0,0,0,0,2,2,2,0,5,0,0,1,1,0,3,1,2,3
4056858,1,0,1,1,0,12,30,0,0,1,3,3,3,3,2,2,2,2,6,6,1,2,2,1,1,2,2,2,2,1,1,2,2,1,1,1,1,1,1,1,1,9,1,1,1,1,4,4,4,1,1,1,4,1,1,1,2,19,0,200,180,0,2,8,28,25,1,1,3
4275134,2,0,1,1,0,10,24,0,0,1,24,24,0,0,1,1,0,0,30,0,1,2,2,1,2,2,2,2,2,1,2,2,2,2,1,1,1,1,2,1,1,9,2,1,1,1,0,0,0,0,0,0,0,0,0,1,2,2,0,60,40,0,1,24,25,4,1,2,3
9646967,2,0,1,1,0,5,6,0,0,1,2,2,2,2,2,2,2,2,2,2,1,2,2,1,2,2,2,2,2,1,2,2,2,2,1,1,2,1,1,2,1,9,1,1,1,1,0,0,0,0,0,0,0,0,0,1,2,0,0,10,0,0,1,1,0,1,1,2,2
1691502,1,0,1,1,0,5,3,0,0,1,2,2,2,2,1,1,1,1,1,1,1,2,2,1,2,2,2,2,2,1,2,2,2,2,1,1,2,1,1,1,1,9,2,1,1,1,0,0,0,0,0,0,0,0,0,2,2,1,0,1,0,0,0,0,0,0,1,2,3
3172881,1,0,0,1,0,15,20,3,0,1,4,4,4,4,1,1,1,1,10,10,1,2,2,1,2,2,2,2,2,1,2,2,2,2,1,1,2,1,2,1,1,9,1,1,2,1,4,4,4,4,4,4,4,4,4,2,9,1,0,27,0,3,1,3,3,3,1,2,3
1435633,1,0,1,1,0,40,58,0,0,1,28,28,55,55,7,7,7,7,71,0,1,2,2,1,2,2,2,2,2,1,2,2,2,1,1,1,1,1,2,1,1,9,1,1,1,1,1,1,1,1,1,1,1,4,1,1,9,180,4,150,0,0,3,58,22,7,1,1,3
6904213,2,0,1,1,0,6,10,0,0,1,5,5,5,5,1,1,1,1,12,12,1,2,2,1,2,2,2,2,2,1,2,2,2,2,1,1,2,1,2,1,2,1,1,1,2,1,0,0,0,0,0,0,0,0,0,1,9,4,0,21,0,0,1,0,11,1,1,2,2
9673690,2,0,1,1,0,6,9,0,0,1,9,9,9,9,1,1,1,1,12,9,1,2,2,1,2,2,2,2,2,1,2,2,2,2,1,1,2,1,1,2,1,9,2,1,1,1,0,0,0,0,0,0,0,0,0,1,9,1,0,8,0,0,1,0,1,1,1,2,3
5558815,2,0,1,1,0,8,8,0,0,1,6,6,5,5,1,1,1,1,6,6,1,2,2,1,2,2,2,2,2,1,2,2,2,2,1,1,2,1,2,1,1,9,1,1,1,1,0,0,0,0,0,0,0,0,0,1,1,0,0,11,0,0,1,1,1,2,1,1,2
5214670,1,0,1,1,0,10,9,0,0,1,12,12,8,8,4,4,0,0,8,0,1,2,2,1,2,2,2,2,2,1,2,2,2,2,1,1,2,1,2,2,1,9,1,1,1,1,0,0,0,0,0,0,0,0,0,1,9,0,0,28,0,0,1,12,10,5,1,2,3
7799462,2,0,1,1,0,35,45,0,0,1,7,7,7,7,1,1,1,1,7,7,1,2,2,1,2,2,2,2,2,1,2,2,2,2,1,1,2,1,2,1,1,9,2,1,2,1,0,0,0,0,0,0,0,0,0,1,9,90,16,220,0,0,6,5,50,6,1,2,1
2104076,2,0,3,1,0,18,45,0,0,1,4,4,4,4,1,1,1,1,20,20,1,2,2,1,2,2,2,2,2,1,2,2,2,2,1,1,1,1,1,1,1,9,1,1,1,1,0,0,0,0,0,0,0,0,0,1,2,1,0,40,0,0,0,45,50,3,1,2,2
2557110,1,0,1,1,0,7,2,0,0,1,3,3,3,3,0,0,1,1,3,0,1,2,2,1,2,2,2,2,2,1,2,2,2,2,1,1,2,1,2,1,2,1,1,1,2,1,0,0,0,0,0,0,0,0,0,1,9,0,0,18,0,0,0,0,1,3,1,2,3
3977587,2,0,2,5,0,4,6,0,0,1,2,2,2,2,0,0,0,0,2,1,1,2,2,1,2,2,2,2,2,1,2,2,2,2,1,1,2,1,2,2,2,1,1,1,2,1,0,0,0,0,0,0,0,0,0,1,9,0,0,9,0,0,0,0,0,1,1,2,3
6258826,2,0,1,7,0,3,6,0,0,2,1,1,1,1,0,0,1,1,2,2,1,2,2,1,2,2,2,2,2,1,2,2,2,2,1,1,2,1,2,1,1,9,1,1,1,1,0,0,0,0,0,0,0,0,0,1,1,0,0,13,0,0,0,0,2,2,1,2,3
4131283,2,0,1,1,0,11,38,0,0,1,17,17,18,18,1,1,0,0,18,18,1,2,2,1,2,2,2,2,2,1,2,2,2,2,1,1,1,1,2,2,1,9,2,1,1,1,1,1,1,4,4,4,4,4,4,1,2,0,0,80,0,0,3,0,1,2,1,2,3
4602567,2,0,2,1,0,8,24,0,0,1,2,2,5,5,0,0,0,0,8,8,2,2,2,1,2,2,2,2,2,1,2,2,2,2,2,1,2,1,1,1,1,9,1,1,1,1,1,1,1,1,1,4,4,4,4,1,2,2,0,35,0,0,0,0,2,3,1,2,3
9460378,2,0,1,1,0,9,14,0,0,1,10,10,10,10,1,1,1,1,18,0,1,2,2,1,2,2,2,2,2,1,2,2,2,2,1,1,2,1,2,2,2,1,1,1,1,1,0,0,0,0,0,0,0,0,0,1,9,1,0,45,0,1,1,14,14,1,1,2,3
8742396,1,0,1,1,0,11,13,0,0,1,8,8,4,4,1,1,1,1,12,4,1,2,2,1,2,2,2,2,2,1,2,2,2,3,1,1,1,1,1,1,1,9,1,1,2,1,0,0,0,0,0,0,0,0,0,1,1,2,0,40,0,17,2,17,4,5,1,1,3
9101519,1,0,1,1,0,12,11,0,0,1,3,3,3,3,3,3,3,3,9,0,1,2,2,2,2,2,1,2,2,2,2,2,1,2,1,1,2,1,2,2,1,9,2,1,2,1,1,1,1,1,1,1,1,1,4,1,9,15,0,22,240,0,2,0,39,19,1,2,2
6152244,2,0,1,1,0,7,14,0,0,1,0,0,9,9,0,0,1,1,0,10,1,2,2,1,2,2,2,2,2,1,2,2,2,2,1,1,2,1,1,1,2,1,1,1,1,1,0,0,0,0,0,0,0,0,0,1,1,1,0,17,0,4,1,12,3,3,1,2,2
4984043,1,0,1,1,0,7,6,0,0,1,0,0,4,4,0,0,4,4,0,4,1,1,1,1,2,2,2,1,1,1,2,2,2,2,1,1,2,1,2,2,1,9,1,1,1,1,1,1,1,1,1,1,4,4,4,1,9,0,0,7,0,7,1,0,1,1,1,2,3
7381809,2,0,1,1,0,6,12,0,0,1,0,0,15,15,0,0,1,1,0,15,1,2,2,1,2,2,2,2,2,1,2,2,2,2,1,1,2,1,1,1,1,9,1,1,2,1,0,0,0,0,0,0,0,0,0,1,2,1,0,35,60,12,2,12,12,4,1,2,2
7242394,1,0,1,1,0,6,15,0,0,1,6,6,8,8,1,1,1,1,8,4,1,2,2,1,2,2,2,2,2,1,2,2,2,2,1,1,2,1,2,2,2,1,1,1,1,1,0,0,0,0,0,0,0,0,0,1,9,4,0,25,0,0,1,0,1,2,1,2,1
1772520,2,0,1,1,0,11,25,0,0,1,9,9,9,9,1,1,1,1,20,0,1,2,2,1,2,2,2,2,2,1,2,2,2,2,1,1,2,1,1,1,2,1,2,1,1,1,1,1,1,1,1,4,4,4,1,1,9,10,0,70,0,0,1,17,28,7,1,2,1
7822067,1,0,1,1,0,4,6,0,0,1,2,2,8,8,1,1,0,0,12,8,1,2,2,1,2,2,2,2,2,1,2,2,2,2,1,1,2,1,2,2,1,9,1,1,2,1,0,0,0,0,0,0,0,0,0,2,9,0,0,37,0,0,0,0,1,1,1,2,3
2091245,1,0,1,1,0,11,11,0,0,1,10,10,10,10,1,1,1,1,11,10,1,2,1,1,2,2,2,2,1,1,2,2,2,1,1,1,2,1,2,1,1,9,1,1,1,1,0,0,0,0,0,0,0,0,0,1,9,5,0,7,0,2,0,2,10,3,1,2,2
2763387,1,0,1,1,0,12,18,0,0,1,6,6,6,6,1,1,1,1,6,6,1,2,2,1,2,2,2,2,2,1,2,2,2,2,1,1,2,1,1,1,2,1,1,1,1,1,0,0,0,0,0,0,0,0,0,1,9,2,10,12,0,3,2,3,8,2,1,2,2
4573107,1,0,1,1,0,5,12,0,0,1,12,12,14,14,1,1,1,1,24,0,1,2,2,1,2,2,2,2,2,1,2,2,2,2,1,1,2,1,1,1,1,9,1,1,1,1,0,0,0,0,0,0,0,0,0,1,1,0,0,33,0,0,0,0,2,2,1,2,2
4399236,1,0,1,1,0,2,2,0,0,1,2,2,2,2,1,1,1,1,5,5,1,2,2,1,2,2,2,2,2,1,2,2,2,2,2,1,2,1,2,2,2,1,2,1,1,1,4,4,4,4,4,4,4,4,4,1,9,0,0,3,0,0,0,0,0,1,1,2,3
2331923,1,0,1,1,0,24,24,0,0,1,8,8,8,8,1,1,1,1,8,5,1,2,2,1,2,2,2,2,2,1,2,2,2,2,1,1,2,1,1,2,1,9,1,1,1,1,1,1,1,1,1,1,1,1,1,1,9,5,5,20,5,5,1,5,1,2,1,1,2
9896154,3,0,2,3,0,10,23,0,0,1,15,15,15,15,1,1,1,1,15,15,1,2,2,1,2,2,2,2,2,1,2,2,2,2,1,1,2,1,2,2,1,9,1,1,1,1,0,0,0,0,0,0,0,0,0,1,1,1,0,51,0,0,1,0,1,8,1,2,1
4263471,1,0,1,1,0,47,47,0,0,1,25,25,25,25,0,0,0,0,16,0,1,2,2,1,2,2,2,2,2,1,2,2,2,2,1,1,2,1,1,1,2,1,2,1,1,1,0,0,0,0,0,0,0,0,0,1,9,83,0,52,0,0,1,0,36,9,1,2,1
8070344,1,0,1,1,0,5,3,0,0,1,4,4,4,4,1,1,1,1,4,4,1,2,2,1,2,2,2,2,2,1,2,2,2,2,1,1,2,1,2,2,2,1,1,1,1,1,0,0,0,0,0,0,0,0,0,1,9,1,0,15,0,0,1,0,1,2,1,2,3
7056210,1,0,1,1,0,5,8,0,0,1,2,2,2,2,1,1,1,1,4,4,1,2,2,1,2,2,2,2,2,1,2,2,2,2,2,1,2,1,1,1,2,1,1,1,1,1,4,4,4,4,4,4,4,4,4,1,2,0,0,8,0,0,0,1,2,2,1,2,3
8206663,1,0,1,1,0,13,14,0,0,1,10,10,11,11,2,2,2,2,20,0,1,2,2,2,2,2,1,2,2,2,2,2,1,2,1,1,2,1,2,1,1,9,2,1,1,1,1,1,1,1,1,4,4,4,1,1,9,50,0,40,0,50,1,14,24,5,1,2,1
7358086,2,0,1,1,0,6,13,0,0,1,3,3,3,3,1,1,1,1,6,6,1,2,2,1,2,2,2,2,2,1,2,2,2,2,1,1,2,1,2,2,1,9,1,1,1,1,0,0,0,0,0,0,0,0,0,1,9,1,0,30,0,8,1,0,1,4,1,2,2
2787336,1,0,1,1,0,3,3,0,0,1,2,2,1,1,1,1,1,1,2,1,1,2,2,1,2,2,2,2,2,1,2,2,2,2,1,1,2,1,2,2,1,9,1,1,1,1,0,0,0,0,0,0,0,0,0,1,2,0,15,1,0,0,0,0,0,0,1,2,3
8270988,2,0,2,1,0,11,22,0,0,1,4,4,4,4,1,1,1,1,4,4,1,2,2,1,2,2,2,2,2,1,2,2,2,2,1,1,2,1,2,1,1,9,2,1,1,1,0,0,0,0,0,0,0,0,0,1,9,3,0,11,0,0,0,0,1,4,1,2,2
1948516,2,0,1,1,0,15,26,0,0,1,8,8,8,8,1,1,0,0,8,8,1,2,2,1,2,2,2,2,2,1,2,2,2,2,1,1,2,1,2,1,2,1,1,1,2,1,1,1,1,4,4,4,4,4,2,1,1,15,0,1,0,1,0,1,18,2,1,2,2
7421510,2,0,1,1,0,8,17,0,0,1,3,3,3,3,1,1,1,1,4,4,1,2,2,1,2,2,2,2,2,1,2,2,2,2,1,1,2,1,1,1,1,9,1,1,1,1,1,1,1,4,4,4,4,4,1,1,2,0,0,30,0,0,1,2,1,1,1,2,3
9334755,2,0,1,1,0,19,28,0,0,1,10,10,20,20,1,1,1,1,21,21,1,1,2,1,2,2,2,1,2,1,2,2,2,2,1,1,2,1,2,1,2,1,1,1,1,1,1,1,1,4,4,4,4,4,4,1,2,1,0,100,0,34,0,34,1,12,1,2,3
3225182,1,0,1,1,0,50,14,0,0,1,26,26,44,44,6,6,6,6,56,0,1,2,2,1,1,2,2,2,2,1,1,2,2,1,1,1,2,1,2,2,1,9,1,1,2,1,1,1,1,2,3,2,3,3,1,2,9,2,0,58,0,0,1,0,2,3,1,2,1
6041348,1,0,0,1,0,5,6,0,0,1,1,1,2,2,1,1,1,1,4,4,1,2,2,1,1,2,2,2,2,1,1,2,2,2,1,1,2,1,2,1,1,9,1,1,1,1,0,0,0,0,0,0,0,0,0,1,1,0,0,10,0,1,1,0,1,2,1,2,2
9141585,2,0,1,1,0,4,6,0,0,1,6,4,6,4,1,1,1,1,6,6,1,2,2,1,2,2,2,2,2,1,2,2,2,1,1,1,2,1,1,1,1,9,1,1,1,1,0,0,0,0,0,0,0,0,0,1,9,0,0,10,0,3,1,4,1,1,1,1,2
9752445,1,0,2,1,0,8,25,0,0,1,5,5,5,5,1,1,1,1,6,0,1,2,2,1,2,2,2,2,2,1,2,2,2,2,1,1,2,1,1,2,1,9,1,1,2,1,0,0,0,0,0,0,0,0,0,1,9,1,0,10,0,0,0,0,1,4,1,2,3
7904808,1,0,1,1,0,24,24,0,0,1,8,8,8,8,1,1,1,1,8,8,1,2,2,1,2,2,2,2,2,1,2,2,2,2,1,1,2,1,1,1,1,9,1,1,2,1,0,0,0,0,0,0,0,0,0,1,9,5,5,20,5,5,1,5,1,2,1,1,3
2344040,2,0,1,1,0,10,12,0,0,1,4,4,4,4,1,1,1,1,5,5,1,2,2,1,2,2,2,2,2,1,2,2,2,2,1,1,2,1,1,1,1,9,1,1,1,1,0,0,0,0,0,0,0,0,0,1,9,1,0,35,0,0,0,0,3,2,1,1,3
6777886,1,0,1,1,0,14,12,0,0,1,4,4,4,4,4,4,4,4,8,4,1,2,2,1,2,2,2,2,2,1,2,2,2,2,1,1,2,1,1,1,2,1,1,1,1,1,2,2,2,2,2,2,4,2,1,1,9,1,0,1,150,12,1,0,1,1,1,1,3
7116787,2,0,1,1,0,6,6,0,0,1,3,3,3,3,3,3,3,3,9,9,1,2,2,1,2,2,2,2,2,1,2,2,2,2,1,1,2,1,1,1,1,9,1,1,1,1,0,0,0,0,0,0,0,0,0,1,2,3,0,2,0,15,1,2,6,2,1,2,2
8558553,2,0,1,1,0,6,23,0,0,1,4,4,4,4,1,1,1,1,4,4,1,2,2,1,2,2,2,2,2,1,2,2,2,2,1,1,2,1,2,2,1,9,1,1,1,1,0,0,0,0,0,0,0,0,0,1,9,0,0,20,0,14,2,0,14,6,1,2,3
8585723,1,0,0,1,0,7,8,0,0,1,2,2,2,2,1,1,1,1,3,3,1,2,2,1,2,2,2,2,2,1,2,2,2,2,1,1,2,1,2,1,1,9,1,1,2,1,0,0,0,0,0,0,0,0,0,1,1,6,125,9,0,1,1,2,1,4,1,2,2
7029578,2,0,1,6,0,7,3,0,0,1,7,7,3,3,1,1,1,1,5,1,1,2,2,1,2,2,2,2,2,1,2,2,2,2,1,1,2,1,1,1,1,9,1,1,1,1,0,0,0,0,0,0,0,0,0,1,1,1,0,12,21,12,0,1,1,1,1,2,2
3024441,1,0,1,1,0,9,23,0,0,1,9,9,12,12,3,3,0,0,9,0,1,2,2,1,2,2,2,2,2,1,2,2,2,2,1,1,2,1,2,1,1,9,1,1,1,1,4,4,4,4,4,4,4,4,4,1,9,1,0,70,0,0,1,14,14,3,1,2,1
9552835,2,0,2,1,0,7,12,0,2,1,5,5,5,5,1,1,1,1,10,10,1,2,2,1,2,2,2,2,2,1,2,2,2,2,1,1,2,1,2,1,2,1,1,1,2,1,4,4,4,4,4,4,4,4,4,1,2,0,0,16,0,1,1,1,1,3,1,2,3
2273207,1,0,1,6,0,5,12,4,0,1,3,3,3,3,0,0,1,1,0,0,1,2,2,1,2,2,2,2,2,1,2,2,2,2,1,1,2,1,2,2,2,1,1,1,1,1,4,4,4,4,4,4,4,4,4,2,2,1,0,10,0,1,0,0,1,3,1,2,2
3223989,2,0,1,1,0,2,6,0,0,2,1,1,1,1,1,1,1,1,2,2,1,2,2,1,2,2,2,2,2,1,2,2,2,2,1,1,2,1,2,2,1,9,2,1,2,1,0,0,0,0,0,0,0,0,0,2,2,2,0,3,0,0,0,0,1,3,1,2,2
9648316,2,0,1,1,0,5,6,0,0,1,3,3,3,3,1,1,1,1,4,4,1,2,2,1,2,2,2,2,2,1,2,2,2,2,1,1,2,1,2,2,1,9,1,1,2,1,0,0,0,0,0,0,0,0,0,1,1,1,0,16,0,14,1,0,1,2,1,2,2
7658136,2,0,0,1,0,6,6,0,0,1,3,3,4,4,1,1,1,1,6,3,1,2,2,1,2,2,2,2,2,1,2,2,2,2,1,1,2,1,1,2,1,9,2,1,2,1,0,0,0,0,0,0,0,0,0,1,9,0,0,14,0,0,0,0,0,2,1,2,3
9411979,1,0,1,1,0,12,23,0,0,1,20,20,20,20,0,0,0,0,20,20,1,2,2,1,1,2,2,2,2,1,1,2,2,2,1,1,2,1,1,1,1,9,1,1,1,1,1,1,1,1,3,4,4,4,1,2,2,11,0,13,0,7,2,0,2,4,1,1,3
1538875,2,0,1,1,0,1,4,0,0,1,3,3,3,3,1,1,1,1,6,6,1,2,2,1,2,2,2,2,2,1,2,2,2,2,1,1,2,1,2,2,1,9,2,1,1,1,0,0,0,0,0,0,0,0,0,2,2,1,0,0,0,0,0,0,1,0,1,2,3
2424914,1,0,1,1,0,6,15,0,0,1,4,4,2,2,0,0,1,1,0,0,1,2,2,1,2,2,2,2,2,1,2,2,2,2,1,1,2,1,2,1,2,1,2,1,2,1,0,0,0,0,0,0,0,0,0,2,9,2,0,10,0,0,0,0,2,2,1,2,2
5245765,1,0,1,1,0,9,14,0,0,1,8,8,14,14,1,1,1,1,12,12,1,2,2,1,2,2,2,2,2,1,2,2,2,2,1,1,2,1,1,1,1,9,2,1,2,1,4,4,4,4,4,4,4,4,4,2,2,1,0,4,0,1,1,0,1,2,1,2,3
3242046,1,0,1,1,0,7,12,0,0,1,6,6,2,2,1,1,1,1,6,0,1,2,2,1,2,2,1,2,2,1,2,2,1,2,1,1,2,1,2,1,2,1,1,1,1,1,0,0,0,0,0,0,0,0,0,1,9,2,0,15,0,6,4,8,2,3,1,1,1
1562839,2,0,1,1,0,5,3,0,0,1,4,4,4,4,1,1,1,1,5,5,1,2,2,1,2,2,2,2,2,1,2,2,2,1,1,1,2,1,1,1,1,9,1,1,1,1,0,0,0,0,0,0,0,0,0,1,2,1,0,0,0,1,0,0,1,1,1,2,3
5102701,2,0,1,1,0,8,12,0,0,1,3,3,4,4,0,0,0,0,5,5,1,2,2,1,2,2,2,2,2,1,2,2,2,2,1,1,1,1,2,2,1,9,1,1,1,1,2,2,2,4,4,4,4,4,2,1,9,26,0,1,0,6,1,6,0,3,1,1,3
7912335,2,0,1,1,0,11,10,0,0,1,3,3,3,3,1,1,1,1,3,1,1,2,2,1,2,2,2,2,2,1,2,2,2,2,1,1,2,1,2,2,1,9,2,1,1,1,3,3,3,3,3,3,3,3,2,1,9,3,2,8,0,1,0,2,3,2,1,2,3
7038866,1,0,1,1,0,7,16,0,0,1,2,2,4,4,4,4,4,4,10,8,1,2,2,1,1,2,2,2,2,1,1,2,2,1,1,1,2,1,2,1,1,9,1,1,1,1,2,2,2,4,4,4,4,4,1,1,9,1,0,27,0,0,0,16,1,3,1,2,1
1763522,1,0,1,1,0,10,10,0,0,1,2,2,2,2,2,2,2,2,4,4,1,2,2,1,2,2,2,2,2,1,2,2,2,2,1,1,2,1,2,1,1,9,1,1,1,1,0,0,0,0,0,0,0,0,0,1,9,2,0,15,0,0,0,0,2,3,1,1,3
1073258,2,0,1,1,0,10,25,0,0,1,9,9,8,8,2,2,2,2,11,8,1,2,2,1,2,2,2,2,2,1,2,2,2,2,1,1,2,1,2,1,1,9,1,1,1,1,0,0,0,0,0,0,0,0,0,1,1,0,0,88,0,0,1,0,1,1,1,2,2
6874905,2,0,1,1,0,14,37,0,0,1,9,9,9,9,9,9,9,9,9,9,1,2,2,1,2,2,2,2,2,1,2,2,2,2,1,1,2,1,1,2,1,9,2,1,1,1,0,0,0,0,0,0,0,0,0,1,9,10,0,30,0,6,1,2,16,8,1,2,3
5302084,1,0,1,1,0,8,25,0,0,1,10,10,10,10,1,1,1,1,5,5,1,2,2,1,2,2,2,2,2,1,2,2,2,2,1,1,2,1,1,1,1,9,1,1,2,1,4,4,4,4,4,4,4,4,4,1,2,1,0,25,0,0,1,1,3,2,1,2,3
2730580,2,0,1,1,0,20,20,0,0,1,7,7,7,7,1,1,1,1,7,7,1,2,2,1,2,2,2,2,2,1,2,2,2,2,1,1,2,1,2,1,1,9,2,1,2,1,1,1,1,4,4,4,4,4,1,1,9,90,16,220,0,0,6,5,50,6,1,2,1
2451206,2,0,1,1,0,1,3,0,0,2,2,2,2,2,1,1,1,1,2,2,1,2,2,1,2,2,2,2,2,1,2,2,2,2,1,1,2,1,2,2,1,9,2,1,1,1,0,0,0,0,0,0,0,0,0,2,2,0,0,2,0,0,0,0,1,0,1,2,3
5191026,1,0,1,1,0,10,77,0,0,1,12,12,12,12,0,0,0,0,12,12,1,2,2,1,2,2,2,2,2,1,2,2,2,2,2,1,2,1,2,1,1,9,2,1,2,1,1,1,1,4,4,4,4,4,1,2,9,2,0,230,0,0,1,48,1,13,1,2,1
1412971,1,0,1,1,0,7,27,0,0,1,21,21,23,23,4,4,2,2,50,23,1,2,2,1,2,2,2,2,2,1,2,2,2,2,1,1,2,1,2,1,1,9,2,1,2,1,1,1,1,2,2,2,4,4,1,1,9,1,0,57,0,26,2,26,1,5,1,1,3
1433553,2,0,1,1,0,6,6,0,0,1,3,3,3,3,1,1,1,1,4,3,1,2,2,1,2,2,2,2,2,1,2,2,2,1,1,1,2,1,1,1,1,9,1,1,2,1,0,0,0,0,0,0,0,0,0,1,1,0,0,17,0,2,0,0,1,1,1,2,3
2032692,2,0,1,1,0,14,14,0,0,1,6,6,5,5,1,1,1,1,10,4,1,2,2,1,2,2,2,2,2,1,2,2,2,2,1,1,2,1,2,1,1,9,1,1,2,1,0,0,0,0,0,0,0,0,0,1,1,1,0,12,0,6,0,0,6,2,1,2,3
4187854,2,0,1,1,0,6,18,0,0,1,9,9,9,9,1,1,1,1,12,12,1,2,2,1,2,2,2,2,2,1,2,2,2,2,1,1,2,1,2,2,2,1,1,1,1,1,1,1,1,4,4,4,4,4,1,2,9,1,0,25,0,25,1,0,1,2,1,2,3
6667789,1,0,1,1,0,21,37,0,0,1,16,16,18,18,1,1,1,1,16,0,1,2,2,1,2,2,2,2,2,1,2,2,2,2,1,1,2,1,2,1,1,9,1,1,2,1,1,1,1,4,4,4,4,4,1,1,9,13,0,100,0,0,2,25,36,11,1,2,1
7680061,2,0,1,1,0,31,26,0,0,1,5,5,5,5,2,2,2,2,5,5,1,2,2,1,2,2,2,2,2,1,2,2,2,2,1,1,2,1,2,2,1,9,2,1,1,1,1,1,1,4,4,4,4,4,1,1,9,3,0,55,0,4,1,1,3,6,1,1,3
2801041,1,0,10,1,0,7,2,0,0,1,6,6,4,4,1,1,2,2,5,5,1,2,2,1,2,2,1,2,2,1,2,2,1,2,1,1,2,1,1,1,1,9,2,1,1,1,0,0,0,0,0,0,0,0,0,1,9,4,0,6,0,0,0,0,2,2,1,1,1
9376458,1,0,2,1,0,9,18,0,0,1,10,10,6,6,3,3,3,3,10,3,1,1,2,1,2,2,2,1,2,1,2,2,2,3,1,1,2,1,1,1,1,9,1,1,2,1,1,1,1,1,4,1,4,4,2,2,2,0,0,6,0,0,1,0,1,3,1,2,3
1005046,1,0,1,1,0,7,12,0,0,1,4,4,4,4,1,1,1,1,5,0,1,2,2,1,2,2,2,2,2,1,2,2,2,2,1,1,2,1,2,1,2,1,1,1,2,1,4,4,4,4,4,4,4,4,4,1,1,1,0,15,0,15,2,0,10,1,1,1,3
1790880,2,0,1,1,0,2,7,0,0,1,2,2,2,2,0,0,1,1,2,2,1,1,2,1,2,2,2,1,2,1,2,2,2,2,1,1,2,1,1,2,1,9,2,1,1,1,0,0,0,0,0,0,0,0,0,2,2,1,0,0,0,0,0,0,1,1,1,2,2
9133983,1,0,1,1,0,5,12,0,0,1,4,4,5,5,1,1,1,1,21,17,1,2,2,1,2,2,2,2,2,1,2,2,2,2,1,1,2,1,2,2,2,1,1,1,2,1,0,0,0,0,0,0,0,0,0,1,1,0,0,23,0,0,1,0,2,3,1,2,3
4104860,2,0,1,1,0,2,2,0,0,1,6,6,4,4,1,1,1,1,5,3,1,2,2,1,2,2,2,2,2,1,2,2,2,2,1,1,2,1,2,2,1,9,1,1,1,1,1,1,1,1,1,4,4,4,4,2,9,0,0,3,0,0,1,0,1,1,1,2,2
4202106,2,0,1,1,0,10,27,0,0,1,6,6,5,5,1,1,1,1,5,5,1,2,2,1,2,2,2,2,2,1,2,2,2,2,1,1,2,1,2,2,1,9,1,1,1,1,0,0,0,0,0,0,0,0,0,1,1,1,0,20,0,1,0,1,1,3,1,2,2
2071695,2,0,1,1,0,10,9,0,0,1,8,8,5,5,4,4,2,2,6,0,1,2,2,1,2,2,2,2,2,1,2,2,2,2,1,1,2,1,2,2,2,1,2,1,1,1,1,1,1,4,4,2,4,4,1,1,9,0,0,28,0,0,1,0,2,2,1,2,2
4125304,3,0,2,1,0,12,58,0,0,1,16,16,16,16,4,4,4,4,16,16,1,2,2,1,2,2,2,2,2,1,2,2,2,2,1,1,2,1,1,1,1,9,1,1,1,1,1,1,1,1,1,3,3,3,1,1,1,0,24,71,65,10,1,34,24,9,1,1,3
9918267,1,0,1,1,0,6,12,0,0,1,2,2,2,2,1,1,1,1,2,2,1,2,2,1,2,2,2,2,2,1,2,2,2,2,1,1,2,1,2,1,1,9,1,1,1,1,0,0,0,0,0,0,0,0,0,1,1,2,0,30,0,7,1,0,6,3,1,2,2
9188838,1,0,1,5,0,3,8,0,0,1,6,6,6,6,1,1,0,0,6,6,1,2,2,1,2,2,2,2,2,1,2,2,2,2,1,1,2,1,1,2,2,1,1,1,2,1,0,0,0,0,0,0,0,0,0,1,1,5,29,1,29,10,1,1,1,3,1,2,3
1856162,2,0,1,1,0,2,6,0,0,1,1,1,1,1,1,1,1,1,6,3,1,2,2,1,2,2,2,2,2,1,2,2,2,2,1,1,2,1,2,2,1,9,2,1,1,1,3,3,3,3,3,3,3,3,3,2,2,0,0,1,0,2,0,0,0,1,1,2,3
6584881,1,0,1,1,0,7,17,0,0,1,4,4,12,12,4,4,4,4,16,12,1,2,2,1,2,2,2,2,2,1,2,2,2,2,1,1,2,1,2,2,1,9,1,2,9,1,0,0,0,0,0,0,0,0,0,2,9,5,0,30,0,30,1,22,22,5,1,2,1
2341341,2,0,1,1,0,6,12,0,0,1,0,0,7,7,0,0,2,2,0,0,1,2,2,1,2,2,2,2,2,1,2,2,2,2,1,1,2,1,2,2,1,9,1,1,1,1,0,0,0,0,0,0,0,0,0,1,2,1,0,18,0,0,1,12,1,2,1,2,3
6185740,1,0,1,1,0,20,10,0,0,1,6,6,5,5,1,1,1,1,8,5,1,2,2,1,2,2,2,2,2,1,2,2,2,2,1,1,2,1,2,2,1,9,1,1,1,1,4,4,4,4,4,4,4,4,4,1,9,2,0,20,0,0,0,0,1,4,1,2,2
5086615,1,0,1,5,0,6,15,0,0,1,2,2,5,5,1,1,1,1,3,6,1,2,2,1,2,2,2,2,2,1,2,2,2,2,1,1,2,1,1,1,1,9,1,1,1,1,0,0,0,0,0,0,0,0,0,1,2,0,0,10,0,1,0,1,1,2,1,2,3
8051294,2,0,1,5,0,6,3,0,0,1,1,1,1,1,0,0,1,1,2,2,1,2,2,1,2,2,2,2,2,1,2,2,2,2,1,1,2,1,2,2,1,9,2,1,2,1,0,0,0,0,0,0,0,0,0,2,2,0,0,5,0,0,0,0,1,1,1,2,3
5795561,1,0,1,7,0,10,8,0,0,1,1,1,4,4,1,1,1,1,4,0,1,2,2,1,2,2,2,2,2,1,2,2,2,2,1,1,2,1,2,2,2,1,1,1,1,1,0,0,0,0,0,0,0,0,0,1,1,0,0,15,0,1,1,1,1,2,1,1,3
7093678,2,0,1,5,0,5,10,0,0,1,4,4,4,4,1,1,1,1,4,4,1,2,2,1,2,2,2,2,2,1,2,2,2,2,1,1,2,1,1,2,2,1,1,1,2,1,0,0,0,0,0,0,0,0,0,2,9,1,0,21,0,11,1,1,1,4,1,1,3
8973720,1,0,1,1,0,8,8,0,0,1,6,6,6,6,1,1,1,1,6,0,1,2,2,1,2,2,2,2,2,1,2,2,2,2,1,1,2,1,2,1,2,1,1,1,2,1,0,0,0,0,0,0,0,0,0,1,9,26,0,39,0,0,1,1,1,7,1,2,2
6264889,2,0,1,1,0,6,12,0,0,1,5,5,10,10,5,5,10,10,12,10,1,2,1,1,2,2,2,2,1,1,2,2,2,2,1,1,2,1,2,2,2,1,1,1,1,1,0,0,0,0,0,0,0,0,0,1,2,4,0,26,0,26,0,0,1,4,1,1,2
3142838,1,0,1,1,0,10,45,0,0,1,8,8,12,12,2,2,2,2,10,14,1,1,1,1,2,2,2,1,1,1,2,2,2,1,1,1,1,1,1,1,1,9,1,1,1,1,0,0,0,0,0,0,0,0,0,1,9,1,0,40,0,36,1,1,36,8,1,1,3
9864475,1,0,1,1,0,12,12,0,0,1,4,4,6,6,1,1,1,1,7,7,1,2,2,1,2,2,2,2,2,1,2,2,2,2,1,1,2,1,1,1,1,9,1,1,2,1,1,1,1,3,3,3,3,3,3,1,9,1,0,10,0,0,0,0,0,1,1,2,2
7550608,1,0,1,1,0,12,12,0,0,1,12,12,8,8,4,4,0,0,8,0,1,2,2,1,2,2,2,2,2,1,2,2,2,2,1,1,2,1,1,1,1,9,1,1,1,1,0,0,0,0,0,0,0,0,0,1,9,0,0,28,0,0,1,12,12,5,1,2,3
3206542,1,0,0,7,0,7,6,0,0,1,1,1,1,1,1,1,1,1,2,3,1,2,2,1,2,2,2,2,2,1,2,2,2,2,1,1,2,1,1,2,2,1,1,1,1,1,0,0,0,0,0,0,0,0,0,1,1,0,0,6,0,0,0,0,1,3,1,2,2
6709964,2,0,1,1,0,3,3,0,0,1,3,3,3,3,1,1,1,1,3,3,1,2,2,1,2,2,2,2,2,1,2,2,2,2,1,1,2,1,1,1,2,1,2,1,1,1,0,0,0,0,0,0,0,0,0,1,1,0,0,12,0,0,1,0,1,1,1,2,2
5297163,2,0,1,1,0,7,28,0,0,1,6,6,9,9,1,1,0,0,10,9,1,2,2,1,2,2,2,2,2,1,2,2,2,2,1,1,2,1,1,1,1,9,1,1,2,1,0,0,0,0,0,0,0,0,0,1,9,0,0,30,1254,30,2,3,33,2,1,2,2
6796967,1,0,1,1,0,5,12,0,0,1,4,3,3,3,1,1,1,1,6,4,1,2,2,1,2,2,2,2,2,1,2,2,2,2,1,1,2,1,1,1,1,9,1,1,1,1,0,0,0,0,0,0,0,0,0,1,9,4,0,57,0,4,1,4,2,3,1,2,1
4561491,1,0,2,1,0,23,20,0,0,1,5,5,6,6,1,1,1,1,6,7,1,2,2,1,2,2,2,2,2,1,2,2,2,2,1,1,2,1,2,2,1,9,1,1,2,1,0,0,0,0,0,0,0,0,0,1,9,2,0,55,0,0,0,30,1,5,1,2,3
6064085,1,0,2,7,0,6,41,0,0,1,6,6,7,7,1,1,1,1,6,8,1,2,2,1,2,2,2,2,2,1,2,2,2,2,1,1,2,1,1,2,2,1,1,1,2,1,2,2,2,4,4,2,4,4,4,1,1,0,250,25,0,0,0,1,1,3,1,2,2
2207673,1,0,1,1,0,8,5,0,0,1,3,3,3,3,1,1,1,1,3,3,1,2,2,1,2,2,2,2,2,1,2,2,2,2,1,1,2,1,1,2,1,9,1,1,2,1,0,0,0,0,0,0,0,0,0,2,2,1,0,1,0,1,0,4,3,2,1,2,3
4273766,2,0,1,1,0,7,28,0,0,1,6,4,6,4,1,1,1,1,6,9,1,2,2,1,2,2,2,2,2,1,2,2,2,1,1,1,2,1,2,2,1,9,1,1,1,1,0,0,0,0,0,0,0,0,0,1,2,0,0,26,0,1,1,1,3,3,1,2,3
8983550,1,0,1,1,0,7,14,0,0,1,5,5,6,6,1,1,3,3,7,0,1,2,2,1,1,2,2,2,2,1,1,2,2,2,1,1,2,1,2,2,1,9,2,1,1,1,0,0,0,0,0,0,0,0,0,1,9,1,0,29,0,0,1,0,1,2,1,2,3
4342061,1,0,1,1,0,24,12,0,0,1,8,8,8,8,1,1,0,0,8,8,1,2,2,1,2,2,1,2,2,1,2,2,1,1,1,1,1,1,1,1,1,9,1,1,1,1,1,1,1,1,1,1,1,1,3,1,9,2,0,25,0,10,1,3,1,2,1,2,2
5421240,1,0,1,1,0,12,8,0,0,1,11,11,7,7,2,2,2,2,11,7,1,2,2,1,2,2,2,2,2,1,2,2,2,1,1,1,2,1,2,2,1,9,2,1,1,1,3,3,3,3,3,3,3,3,3,1,2,5,2,23,500,1,1,3,8,4,1,2,3
3209203,1,0,1,1,0,40,44,0,0,1,8,8,8,8,1,1,1,1,4,4,1,2,2,1,2,2,2,2,2,1,2,2,2,2,1,1,2,1,1,1,1,9,1,1,1,1,1,1,1,1,1,1,1,1,3,1,1,4,0,70,0,2,1,1,5,8,1,2,3
9588511,3,0,1,1,0,17,38,0,0,1,14,14,20,20,1,1,1,1,30,0,1,2,2,1,2,2,2,2,2,1,2,2,2,2,1,1,2,1,2,2,1,9,1,1,1,1,1,1,1,1,1,4,4,4,1,1,2,40,27,162,0,30,0,1,30,5,1,1,1
1565655,1,0,1,1,0,7,6,0,0,1,5,5,5,5,1,1,1,1,10,10,1,2,2,1,2,2,2,2,2,1,2,2,2,2,1,1,2,1,1,2,2,1,1,1,1,1,0,0,0,0,0,0,0,0,0,1,9,1,0,30,0,0,3,0,12,4,1,2,2
4789615,2,0,1,1,0,8,24,0,0,1,35,35,39,39,1,1,1,1,25,29,1,2,2,1,2,2,2,2,2,1,2,2,2,2,1,1,2,1,2,2,1,9,1,1,1,1,0,0,0,0,0,0,0,0,0,1,1,0,0,30,400,24,3,23,24,4,1,2,3
4021759,2,0,1,1,0,4,0,6,0,1,1,1,1,1,0,0,1,1,0,0,1,2,2,1,2,2,2,2,2,1,2,2,2,2,1,1,2,1,1,1,1,9,2,1,2,1,0,0,0,0,0,0,0,0,0,1,2,0,0,13,0,0,0,2,0,1,1,2,3
7081352,2,0,1,1,0,12,18,0,0,1,4,4,19,19,2,2,2,2,15,15,1,2,2,1,2,2,2,2,2,1,2,2,2,2,1,1,3,1,1,1,1,9,1,1,1,1,0,0,0,0,0,0,0,0,0,1,2,2,0,45,0,45,1,0,1,7,1,2,3
6228553,2,0,1,7,0,7,16,0,0,1,6,6,8,8,2,2,2,2,8,10,1,2,2,1,2,2,2,2,2,1,2,2,2,2,1,1,2,1,1,1,1,9,1,1,1,1,1,1,1,1,3,3,3,3,1,1,9,3,4,31,0,12,3,12,12,5,1,1,3
2248119,1,0,1,1,0,15,43,0,0,1,12,12,8,8,12,12,4,4,12,12,1,2,2,1,2,2,2,2,2,1,2,2,2,1,1,1,2,1,2,1,1,9,1,1,1,1,0,0,0,0,0,0,0,0,0,1,9,5,0,110,0,0,1,43,5,5,1,2,1
2473111,1,0,6,5,0,6,6,0,0,1,3,3,3,3,1,1,1,1,2,2,1,2,2,1,2,2,2,2,2,1,2,2,2,2,1,1,2,1,1,1,1,9,1,1,1,1,0,0,0,0,0,0,0,0,0,2,2,1,0,6,0,2,1,1,1,1,1,2,1
8766945,1,0,1,1,0,8,10,0,0,1,10,10,10,10,4,4,4,4,8,8,1,1,2,1,2,2,2,1,2,1,2,2,2,1,1,1,2,1,1,1,1,9,1,1,1,1,3,3,3,3,3,3,3,3,1,1,1,1,1,1,0,0,1,1,1,1,1,2,1
8800549,1,0,1,1,0,4,10,0,0,1,4,4,4,4,0,0,0,0,4,4,1,2,2,1,2,2,2,2,2,1,2,2,2,2,1,1,1,1,2,2,1,9,1,2,9,1,0,0,0,0,0,0,0,0,0,1,9,4,0,35,0,0,0,0,2,4,1,2,3
3675779,2,0,1,1,0,4,3,0,0,1,1,1,1,1,1,1,1,1,4,4,1,2,2,1,2,2,2,2,2,1,2,2,2,2,1,1,2,1,1,1,1,9,1,1,1,1,0,0,0,0,0,0,0,0,0,1,9,1,0,5,0,4,1,0,1,1,1,2,2
6787215,2,0,1,1,0,8,7,4,0,1,0,0,10,10,0,0,1,1,0,11,1,2,2,1,2,2,2,2,2,1,2,2,2,2,1,1,2,1,2,1,2,1,1,1,1,1,0,0,0,0,0,0,0,0,0,1,1,1,0,12,0,0,0,0,1,3,1,2,2
2537256,2,0,2,1,0,14,22,0,0,1,6,6,7,7,1,1,1,1,16,7,1,2,1,1,2,2,2,2,1,1,2,2,2,2,1,1,2,1,2,1,1,9,1,1,1,1,0,0,0,0,0,0,0,0,0,1,2,1,0,5,0,30,2,22,1,3,1,2,3
8696544,2,0,2,1,0,22,20,0,0,1,0,0,40,40,0,0,15,15,0,0,1,2,2,1,1,2,2,2,2,1,1,2,2,1,1,1,2,1,1,1,1,9,1,1,1,1,0,0,0,0,0,0,0,0,0,1,9,3,0,13,1500,90,7,25,26,13,1,2,3
7687039,1,0,1,1,0,10,30,0,0,1,24,24,24,24,2,2,2,2,24,24,1,2,2,1,2,2,2,2,2,1,2,2,2,1,1,1,2,1,1,1,2,1,2,1,1,1,4,4,4,4,4,4,4,4,4,2,2,15,0,236,0,0,0,30,0,18,1,1,3
2273406,2,0,2,1,0,6,7,0,0,1,2,2,2,2,2,2,2,2,4,4,1,2,2,1,2,2,2,2,2,1,2,2,2,2,1,1,2,1,1,1,1,9,1,1,1,1,0,0,0,0,0,0,0,0,0,1,2,4,0,21,0,0,0,0,1,5,1,1,1
8281293,1,0,1,1,0,8,11,0,0,1,20,20,0,0,1,1,0,0,20,0,1,2,2,1,2,2,2,2,2,1,2,2,2,2,1,1,2,1,2,2,1,9,1,1,2,1,0,0,0,0,0,0,0,0,0,1,2,29,0,40,0,3,1,3,2,5,1,2,2
5165692,1,0,1,1,0,7,20,0,0,1,3,3,2,2,1,1,1,1,3,3,1,2,2,1,2,2,2,2,2,1,2,2,2,2,1,1,2,1,2,2,1,9,2,1,1,1,0,0,0,0,0,0,0,0,0,2,9,0,0,10,0,0,1,0,0,1,1,2,3
9932468,2,0,1,5,0,7,10,0,0,1,4,4,8,8,1,1,1,1,16,0,1,2,2,1,2,2,2,2,2,1,2,2,2,2,1,1,2,1,2,1,2,1,1,1,1,1,0,0,0,0,0,0,0,0,0,1,9,2,1,24,0,2,2,1,4,4,1,2,3
6064754,2,0,1,1,0,9,10,0,0,1,7,7,7,7,1,1,0,0,3,3,1,2,2,1,2,2,2,2,2,1,2,2,2,2,1,1,2,1,2,1,1,9,1,1,1,1,1,1,1,4,4,4,4,4,2,1,1,0,0,6,0,2,0,2,2,1,1,2,2
6227372,2,0,1,1,0,14,30,0,0,1,13,13,18,18,1,1,1,1,14,14,1,2,2,1,2,2,2,2,2,1,2,2,2,2,1,1,2,1,2,1,1,9,1,1,1,1,0,0,0,0,0,0,0,0,0,1,2,2,0,50,0,50,0,0,13,3,1,1,3
9140268,1,0,1,1,0,5,11,0,0,1,8,8,2,2,2,2,1,1,8,2,1,2,2,1,2,2,2,2,2,1,2,2,2,2,1,1,2,1,1,1,1,9,2,1,1,1,4,4,4,4,4,4,4,4,4,2,2,0,0,7,0,0,1,0,1,6,1,2,2
2381905,1,0,1,1,0,5,18,0,0,1,4,4,3,3,1,1,1,1,9,10,1,2,2,1,2,2,2,2,2,1,2,2,2,2,2,1,2,1,2,2,1,9,1,1,1,1,0,0,0,0,0,0,0,0,0,1,9,15,2,30,0,0,15,2,2,3,1,2,2
9580494,2,0,1,1,0,4,4,0,0,1,3,3,2,2,1,1,1,1,4,4,1,2,2,1,2,2,2,2,2,1,2,2,2,2,1,1,2,1,1,1,1,9,1,1,1,1,0,0,0,0,0,0,0,0,0,2,2,1,0,0,0,0,0,0,1,0,1,2,2
5975717,1,0,1,6,0,7,8,0,0,1,4,4,4,4,1,1,1,1,1,1,1,2,2,1,2,2,2,2,2,1,2,2,2,2,1,1,2,1,2,2,1,9,1,1,1,1,0,0,0,0,0,0,0,0,0,1,9,1,0,15,0,0,0,1,0,1,1,1,3
2721295,1,0,1,1,0,8,12,0,0,1,9,9,5,5,1,1,1,1,10,10,1,1,2,1,2,2,2,1,2,1,2,2,2,1,1,1,2,1,1,2,1,9,1,1,1,1,0,0,0,0,0,0,0,0,0,1,2,1,0,50,0,12,1,12,8,2,1,2,2
5686250,2,0,1,1,0,6,18,0,0,1,3,3,3,3,1,1,1,1,6,3,1,2,2,1,2,2,2,2,2,1,2,2,2,2,1,1,2,1,1,2,1,9,1,1,1,1,0,0,0,0,0,0,0,0,0,1,2,0,0,22,0,0,0,0,2,6,1,2,3
8209970,1,0,1,1,0,14,31,0,0,1,3,3,6,6,3,3,6,6,9,0,1,2,2,1,2,2,1,2,2,1,2,2,1,2,1,1,2,1,2,2,1,9,2,1,2,1,0,0,0,0,0,0,0,0,0,1,9,15,0,40,114,25,3,0,2,4,1,2,2
4909789,2,0,1,1,0,6,5,0,0,1,2,2,2,2,1,1,1,1,5,5,1,2,2,1,2,2,2,2,2,1,2,2,2,2,1,1,2,1,1,2,1,9,1,1,1,1,4,4,4,4,4,4,4,4,4,2,2,1,0,0,0,0,0,0,1,1,1,2,2
5460334,2,0,1,1,0,11,44,0,0,1,10,10,10,10,1,1,1,1,10,10,1,2,1,1,2,2,2,2,1,1,2,2,2,2,1,1,2,1,1,2,1,9,1,1,1,1,1,1,1,1,4,4,4,4,1,1,2,1,0,42,0,1,1,1,1,2,1,1,3
6078137,2,0,1,1,0,4,4,0,0,1,4,2,2,2,1,0,0,0,4,2,1,2,2,1,2,2,2,2,2,1,2,2,2,1,1,1,2,1,2,2,1,9,1,1,2,1,0,0,0,0,0,0,0,0,0,2,2,1,0,1,0,0,0,1,1,0,1,2,2
6568642,2,0,1,1,0,19,30,0,0,1,10,10,27,27,4,4,4,4,23,27,1,2,2,1,2,2,2,2,2,1,2,2,2,1,1,1,2,1,1,1,1,9,1,1,1,1,0,0,0,0,0,0,0,0,0,1,9,14,0,40,200,0,1,23,4,2,1,2,1
6678724,1,0,1,1,0,6,5,0,0,1,2,2,2,2,2,2,2,2,4,4,1,2,2,1,2,2,2,2,2,1,2,2,2,2,1,1,2,1,1,1,1,9,1,1,1,1,0,0,0,0,0,0,0,0,0,2,9,1,0,11,0,0,0,0,0,5,1,2,3
1672083,2,0,1,1,0,12,12,0,0,1,12,12,18,18,5,5,5,5,26,51,1,2,2,1,2,2,2,2,2,1,2,2,2,2,1,1,1,1,2,2,1,9,2,1,1,1,1,1,1,4,4,4,4,4,4,1,2,4,0,22,0,0,6,12,12,8,1,2,3
2785385,2,0,1,1,0,0,3,0,0,2,1,1,1,1,1,1,1,1,2,2,1,2,2,1,2,2,2,2,2,1,2,2,2,2,1,1,2,1,2,2,1,9,2,1,2,1,0,0,0,0,0,0,0,0,0,2,2,1,0,1,0,1,0,1,1,1,1,2,2
8370332,1,0,2,2,0,6,10,0,0,1,3,3,3,3,1,1,1,1,5,5,1,2,2,1,2,2,2,2,2,1,2,2,2,1,1,1,2,1,2,2,1,9,1,1,1,1,1,1,1,4,4,4,4,4,1,1,9,1,1,21,0,20,1,0,0,2,1,2,3
3908303,1,0,1,1,0,9,65,0,0,1,39,39,39,39,2,2,2,2,65,39,1,2,2,1,2,2,2,2,2,1,2,2,2,1,1,1,1,1,2,2,1,9,1,1,2,1,0,0,0,0,0,0,0,0,0,1,9,0,0,130,0,0,2,45,4,13,1,2,1
2679548,1,0,1,1,0,12,12,0,0,1,4,4,2,2,1,1,1,1,4,2,1,2,2,1,2,2,2,2,2,1,2,2,2,2,1,1,2,1,2,2,1,9,2,1,1,1,0,0,0,0,0,0,0,0,0,1,9,2,0,13,0,0,0,1,1,3,1,2,3
6481002,2,0,1,1,0,8,18,0,0,1,5,5,6,6,1,1,2,2,3,3,1,2,2,1,2,2,2,2,2,1,2,2,2,2,1,1,2,1,2,2,1,9,2,1,1,1,0,0,0,0,0,0,0,0,0,1,1,1,0,22,0,16,2,9,1,2,1,2,2
6498393,2,0,1,1,0,8,18,0,0,1,3,3,3,3,1,1,1,1,6,7,1,2,2,1,2,2,2,2,2,1,2,2,2,2,1,1,2,1,2,2,1,9,2,1,1,1,0,0,0,0,0,0,0,0,0,1,2,0,0,60,0,60,2,18,18,2,1,2,3
6887353,2,0,1,1,0,11,28,0,0,1,11,11,14,14,1,1,1,1,30,12,1,2,1,1,2,2,2,2,1,1,2,2,2,2,1,1,2,1,1,2,1,9,1,1,1,1,4,4,4,4,4,4,4,4,4,2,2,2,0,17,0,0,0,1,1,6,1,1,3
8016620,1,0,1,1,0,3,6,3,3,1,2,2,1,1,1,1,1,1,2,1,1,2,2,1,2,2,2,2,2,1,2,2,2,2,1,1,2,1,2,2,2,1,1,1,1,1,0,0,0,0,0,0,0,0,0,2,2,1,0,1,0,2,2,0,0,1,1,2,3
8553452,3,0,1,1,0,12,12,0,0,1,10,10,10,10,2,2,2,2,10,10,1,2,2,1,2,2,2,2,2,1,2,2,2,2,1,1,2,1,2,2,1,9,1,1,1,1,1,1,1,1,4,4,4,4,1,1,2,1,0,26,0,15,1,0,2,2,1,2,3
5697722,2,0,2,1,0,7,6,0,0,1,2,2,2,2,1,1,1,1,3,3,1,2,2,1,2,2,2,2,2,1,2,2,2,2,1,1,2,1,1,1,2,1,1,1,1,1,0,0,0,0,0,0,0,0,0,1,9,1,0,8,0,4,0,1,1,2,1,2,1
6843501,2,0,1,1,0,12,12,0,0,1,2,2,2,2,1,1,1,1,6,3,1,2,2,1,2,2,2,2,2,1,2,2,2,2,1,1,2,1,1,2,2,1,1,2,9,1,0,0,0,0,0,0,0,0,0,1,9,0,0,29,0,6,0,1,6,1,1,2,2
5884748,2,0,1,1,0,2,4,0,0,1,4,4,2,2,2,2,1,1,5,2,1,2,2,1,2,2,2,2,2,1,2,2,2,2,1,1,2,1,2,1,1,9,1,1,1,1,0,0,0,0,0,0,0,0,0,2,2,1,0,2,0,1,0,0,1,2,1,2,3
9034269,2,0,1,1,0,39,30,0,0,1,1,1,1,1,1,1,1,1,10,6,1,2,1,1,2,2,2,2,1,1,2,2,2,3,1,1,2,1,1,1,1,9,1,1,1,1,1,1,1,4,4,2,1,4,1,1,1,0,0,65,0,1,1,1,1,4,1,2,2
9693823,1,0,1,1,0,8,17,0,0,1,4,4,5,5,1,1,1,1,9,7,1,2,2,1,2,2,2,2,2,1,2,2,2,2,1,1,2,1,2,2,1,9,1,1,1,1,0,0,0,0,0,0,0,0,0,1,1,0,1,10,0,0,0,0,1,1,1,1,2
7727923,2,0,1,3,0,8,16,0,0,1,3,3,3,3,1,1,0,0,4,4,1,2,2,1,2,2,2,2,2,1,2,2,2,2,1,1,2,1,2,2,1,9,1,1,1,1,2,2,2,2,4,2,4,4,2,1,2,2,90,25,0,25,0,6,2,2,1,1,2
9728039,2,0,1,1,0,4,10,0,0,1,2,2,2,2,1,1,2,0,4,4,1,2,2,1,2,2,2,2,2,1,2,2,2,2,1,1,2,1,2,1,1,9,1,1,1,1,0,0,0,0,0,0,0,0,0,1,9,7,0,1,0,6,2,0,6,1,1,2,2
6682506,2,0,1,1,0,6,12,0,0,1,3,3,2,2,0,0,1,1,5,4,1,2,2,1,2,2,2,2,2,1,2,2,2,2,1,1,2,1,1,2,2,1,1,1,2,1,0,0,0,0,0,0,0,0,0,1,1,0,0,19,0,17,3,16,19,4,1,2,2
3539111,4,0,1,1,0,12,30,0,0,1,9,9,9,9,1,1,1,1,4,4,1,2,2,1,2,2,2,2,2,1,2,2,2,2,1,1,2,1,1,1,1,9,1,1,1,1,1,1,1,1,1,4,4,4,1,1,2,0,17,100,0,0,0,1,17,4,1,1,2
6424976,1,0,1,1,0,7,14,0,0,1,12,12,12,12,2,2,2,2,12,12,1,2,2,1,2,2,2,2,2,1,2,2,2,2,1,1,2,1,1,1,1,9,1,1,1,1,4,4,4,4,4,4,4,4,1,1,9,0,0,90,0,12,3,0,2,7,1,2,3
5280230,2,0,1,1,0,11,6,0,0,1,5,5,5,5,1,1,1,1,5,5,1,2,2,1,2,2,2,2,2,1,2,2,2,2,1,1,2,1,1,1,1,9,1,1,1,1,0,0,0,0,0,0,0,0,0,1,1,1,0,10,0,0,1,0,1,1,1,2,2
2104602,1,0,1,1,0,8,12,0,0,1,0,0,0,0,6,6,6,6,5,5,1,2,2,1,2,2,2,2,2,1,2,2,2,2,1,1,2,1,1,1,1,9,1,1,1,1,1,1,1,1,2,4,4,4,1,1,2,0,0,10,0,30,1,0,1,5,1,2,2
1969992,2,0,1,5,0,6,10,0,0,1,4,4,4,4,1,1,1,1,4,4,1,2,2,1,2,2,2,2,2,1,2,2,2,2,1,1,2,1,1,2,2,1,1,1,1,1,0,0,0,0,0,0,0,0,0,1,2,1,0,22,0,14,1,1,1,4,1,1,3
9500217,2,0,1,1,0,15,33,0,0,1,10,10,10,10,1,1,1,1,23,0,1,2,2,1,2,2,2,2,2,1,2,2,2,2,1,1,1,1,2,1,1,9,1,1,1,1,1,1,1,3,3,3,3,3,4,2,2,1,0,59,0,50,5,31,35,5,1,1,3
7052174,2,0,1,1,0,7,6,0,0,1,4,4,4,4,1,1,1,1,4,4,1,2,2,1,2,2,2,2,2,1,2,2,2,2,1,1,2,1,1,1,1,9,1,1,1,1,0,0,0,0,0,0,0,0,0,1,1,0,0,10,0,0,1,1,1,1,1,2,2
9790831,1,0,1,1,0,8,9,0,0,1,3,3,2,2,1,1,1,1,8,6,1,2,1,1,2,2,2,2,1,1,2,2,2,2,1,1,2,1,1,1,2,1,1,1,1,1,0,0,0,0,0,0,0,0,0,1,1,1,6,13,0,11,1,4,2,2,1,1,3
6903048,2,0,1,3,0,3,5,0,0,1,2,2,2,2,0,0,0,0,2,2,1,2,2,1,2,2,2,2,2,1,2,2,2,2,1,1,2,1,2,2,2,1,1,1,2,1,0,0,0,0,0,0,0,0,0,1,2,1,0,12,0,0,2,0,2,2,1,2,2
1025236,1,0,1,3,0,15,13,0,0,1,2,2,2,2,2,2,2,2,8,8,1,2,2,1,1,2,2,2,2,1,1,2,2,1,1,1,2,1,1,2,1,9,2,1,1,1,0,0,0,0,0,0,0,0,0,1,9,0,0,15,315,0,2,1,1,2,1,2,2
2508063,1,0,1,1,0,7,13,0,0,1,2,2,4,4,2,2,1,1,2,5,1,2,2,1,2,2,2,2,2,1,2,2,2,1,1,1,2,1,1,1,1,9,1,1,1,1,1,1,1,1,4,4,4,4,4,1,9,8,0,50,0,8,0,2,2,9,1,2,3
7473843,2,0,1,1,0,13,22,0,0,1,4,4,4,4,2,2,2,2,18,0,1,2,2,1,2,2,2,2,2,1,2,2,2,2,1,1,2,1,2,2,2,1,2,1,2,1,1,1,1,4,4,4,4,4,1,1,2,15,0,200,0,0,2,15,10,10,1,2,3
3647567,1,0,1,1,0,8,12,0,0,1,11,11,0,0,1,1,0,0,12,0,1,2,2,1,2,2,2,2,2,1,2,2,2,2,1,1,1,1,2,2,1,9,1,1,1,1,0,0,0,0,0,0,0,0,0,1,9,3,0,50,0,12,0,2,10,3,1,1,2
8530507,2,0,1,1,0,11,33,0,0,1,10,10,10,10,10,10,10,10,32,32,1,2,2,1,2,2,2,2,2,1,2,2,2,2,1,1,2,1,2,2,1,9,1,1,1,1,0,0,0,0,0,0,0,0,0,1,9,4,0,76,0,0,1,32,1,3,1,2,3
9228691,2,0,1,1,0,4,2,0,0,1,1,1,1,1,1,1,1,1,6,2,1,2,2,1,2,2,2,2,2,1,2,2,2,2,1,1,2,1,2,2,1,9,1,1,1,1,0,0,0,0,0,0,0,0,0,2,2,1,0,1,0,1,2,1,2,2,1,2,3
2949018,1,0,1,1,0,10,9,0,0,1,15,15,15,15,2,2,2,2,17,17,1,2,2,1,2,2,1,2,2,1,2,2,1,2,1,1,2,1,1,1,1,9,1,1,2,1,1,1,1,1,1,1,4,4,1,1,9,2,0,50,0,1,0,0,4,3,1,2,3
2159544,2,0,1,1,0,6,18,0,0,1,3,3,0,0,1,1,0,0,20,0,1,2,2,1,2,2,2,2,2,1,2,2,2,2,1,1,2,1,1,2,1,9,1,1,2,1,0,0,0,0,0,0,0,0,0,1,2,0,0,96,500,12,0,0,1,2,1,2,2
7051913,2,0,1,1,0,2,6,0,0,2,2,2,2,2,1,1,1,1,4,2,1,2,2,1,2,2,2,2,2,1,2,2,2,2,1,1,2,1,2,2,2,1,1,1,1,1,0,0,0,0,0,0,0,0,0,1,2,1,0,7,0,0,0,0,0,2,1,2,3
6282921,1,0,1,1,0,7,6,0,0,1,8,8,2,2,1,1,0,0,0,0,1,2,2,1,2,2,2,2,2,1,2,2,2,2,1,1,2,1,2,1,1,9,1,1,1,1,0,0,0,0,0,0,0,0,0,1,9,2,0,25,6,20,1,6,1,6,1,1,1
3942082,2,0,1,1,0,7,14,0,0,1,8,8,8,8,1,1,1,1,8,8,1,2,2,1,2,2,2,2,2,1,2,2,2,2,1,1,2,1,2,1,1,9,2,1,1,1,4,4,4,4,4,4,4,4,4,1,2,0,0,25,0,0,0,0,2,3,1,1,2
4022443,1,0,1,1,0,4,10,0,6,1,1,1,3,3,1,1,0,0,4,0,1,2,2,1,2,2,2,2,2,1,2,2,2,2,2,1,2,1,2,2,1,9,1,1,2,1,4,4,4,4,4,4,4,4,4,1,9,20,0,30,0,0,0,0,1,6,1,2,3
1162418,2,0,1,1,0,8,6,0,0,1,3,3,3,3,1,1,1,1,10,0,1,2,2,1,2,2,1,2,2,1,2,2,1,2,1,1,2,1,1,1,2,1,1,1,1,1,0,0,0,0,0,0,0,0,0,1,9,34,0,40,0,32,1,6,2,8,1,1,3
5485445,2,0,1,1,0,2,0,7,0,1,4,4,2,2,1,1,1,1,5,2,1,2,2,1,2,2,2,2,2,1,2,2,2,2,1,1,2,1,2,2,2,1,2,1,1,1,4,4,4,4,4,4,4,4,4,2,2,0,0,4,0,0,1,0,0,1,1,2,2
8631886,1,0,1,1,0,8,8,0,0,1,6,6,5,5,1,1,1,1,8,6,1,2,2,1,2,2,2,2,2,1,2,2,2,2,1,1,2,1,2,2,1,9,2,1,1,1,1,1,1,4,4,4,4,4,4,1,9,1,0,70,500,0,1,7,8,6,1,2,2
2882841,1,0,1,1,0,10,10,0,0,1,2,2,4,4,1,1,1,1,3,5,1,2,2,1,2,2,2,2,2,1,2,2,2,2,1,1,2,1,2,1,2,1,2,1,1,1,0,0,0,0,0,0,0,0,0,1,9,0,0,5,220,0,0,0,0,1,1,2,3
9071964,1,0,1,1,0,10,24,0,0,1,10,10,9,9,1,1,1,1,12,6,1,2,2,1,2,2,2,2,2,1,2,2,2,2,1,1,2,1,1,1,1,9,1,1,1,1,0,0,0,0,0,0,0,0,0,1,1,0,0,10,0,10,1,0,1,1,1,2,3
8726351,2,0,1,1,0,30,22,0,0,1,11,11,11,11,0,0,0,0,13,9,1,2,1,1,2,2,2,2,1,1,2,2,2,2,1,1,2,1,2,2,1,9,1,1,2,1,4,4,4,4,4,4,4,4,4,1,9,1,0,2,0,0,0,0,1,1,1,1,3
9684073,2,0,1,1,0,2,5,0,0,1,2,2,2,2,0,0,1,1,2,2,1,2,2,1,2,2,2,2,2,1,2,2,2,2,1,1,2,1,2,2,1,9,2,1,1,1,4,4,4,4,4,4,4,4,4,2,2,1,0,0,0,0,0,0,0,0,1,2,3
6052520,2,0,1,1,0,11,13,0,0,1,9,9,8,8,1,1,1,1,9,8,1,2,2,1,2,2,2,2,2,1,2,2,2,2,1,1,2,1,1,2,1,9,1,1,1,1,0,0,0,0,0,0,0,0,0,1,1,0,0,20,0,0,1,0,1,3,1,2,2
7075609,1,0,1,1,0,49,69,0,0,1,16,16,18,18,16,16,18,18,16,0,1,2,2,1,2,2,2,2,2,1,2,2,2,2,1,1,2,1,2,2,2,1,2,2,9,1,0,0,0,0,0,0,0,0,0,1,9,43,10,139,0,100,4,56,6,7,1,2,1
3856575,2,0,1,1,0,22,22,0,0,1,9,9,15,15,1,1,1,1,5,5,1,1,2,1,2,2,2,1,2,1,2,2,2,2,1,1,2,1,1,1,1,9,1,1,1,1,4,4,4,4,4,4,4,4,1,1,1,0,0,2,0,0,0,0,10,1,1,2,2
5460646,1,0,1,1,0,40,40,0,0,1,6,6,10,10,1,1,1,1,24,11,1,2,2,1,2,2,2,2,2,1,2,2,2,2,1,1,2,1,2,1,1,9,2,1,1,1,0,0,0,0,0,0,0,0,0,1,9,0,0,25,0,25,1,24,2,5,1,1,1
5796556,2,0,2,1,0,19,44,0,0,1,65,65,32,32,1,1,1,1,66,33,1,2,2,1,2,2,2,2,2,1,2,2,2,2,1,1,3,1,2,1,1,9,1,1,1,1,1,1,1,1,1,4,4,4,2,1,9,30,0,190,65,10,3,3,7,16,1,1,2
2812864,1,0,1,1,0,17,43,0,0,1,24,24,27,27,3,3,2,2,49,0,1,1,1,1,2,2,1,1,1,1,2,2,1,2,1,1,2,1,1,1,1,9,1,1,2,1,0,0,0,0,0,0,0,0,0,1,9,150,79,0,0,0,1,0,8,4,1,2,3
6590874,2,0,0,7,0,15,12,0,0,1,4,4,4,4,1,1,1,1,3,3,1,2,2,1,2,2,2,2,2,1,2,2,2,2,1,1,2,1,2,2,2,1,1,1,2,1,0,0,0,0,0,0,0,0,0,1,1,2,0,15,0,0,0,1,1,2,1,2,2
8549916,2,0,1,1,0,10,33,0,0,1,17,17,0,0,1,1,0,0,29,0,1,2,2,1,2,2,2,2,2,1,2,2,2,2,1,1,3,1,2,2,1,9,1,1,1,1,4,4,4,1,4,4,1,4,1,1,1,1,0,38,300,30,0,33,1,4,1,2,2
2275379,2,0,1,1,0,9,16,0,0,1,12,12,4,4,1,1,1,1,12,4,1,2,2,1,2,2,2,2,2,1,2,2,2,2,1,1,2,1,2,1,1,9,1,1,1,1,0,0,0,0,0,0,0,0,0,1,2,0,0,3,0,0,0,16,0,2,1,2,2
7050368,2,0,1,1,0,6,16,0,0,1,3,3,3,3,1,1,1,1,1,0,1,2,2,1,2,2,2,2,2,1,2,2,2,2,1,1,2,1,2,2,1,9,1,1,1,1,0,0,0,0,0,0,0,0,0,1,1,1,0,1,0,0,0,0,0,1,1,2,2
6194860,2,0,1,1,0,4,8,0,0,1,2,2,2,2,1,1,1,1,2,0,1,2,2,1,2,2,2,2,2,1,2,2,2,2,1,1,2,1,1,2,1,9,1,1,1,1,0,0,0,0,0,0,0,0,0,1,1,0,0,3,0,0,0,0,0,1,1,2,2
9919307,2,0,1,1,0,4,6,0,0,1,2,2,1,1,2,2,1,1,3,1,1,2,2,1,2,2,2,2,2,1,2,2,2,2,1,1,2,1,1,1,2,1,2,2,9,1,0,0,0,0,0,0,0,0,0,1,9,3,3,3,0,3,1,1,1,1,1,2,3
8194322,1,0,1,1,0,23,52,0,0,1,7,7,7,7,27,27,22,22,30,29,1,1,2,1,1,2,2,1,2,1,1,2,2,1,1,1,2,1,2,1,1,9,1,1,1,1,0,0,0,0,0,0,0,0,0,1,9,12,1,128,0,52,1,52,52,6,1,1,1
5981943,1,0,1,1,0,7,13,0,0,1,6,6,6,6,1,1,1,1,6,0,1,2,2,1,2,2,2,2,2,1,2,2,2,2,1,1,2,1,2,1,1,9,1,1,1,1,0,0,0,0,0,0,0,0,0,1,9,2,1,6,0,6,1,12,1,1,1,2,3
4009258,1,0,1,1,0,7,57,0,0,1,11,11,17,17,2,2,2,2,51,43,1,2,2,1,2,2,2,2,2,1,2,2,2,1,1,1,1,1,2,2,1,9,1,1,1,1,0,0,0,0,0,0,0,0,0,1,9,1,0,29,0,0,4,20,2,29,1,1,1
3148966,1,0,1,1,0,12,3,0,0,1,18,18,36,36,6,6,6,6,60,0,1,2,2,1,2,2,1,2,2,1,2,2,1,2,1,1,2,1,1,1,1,9,2,1,2,1,0,0,0,0,0,0,0,0,0,1,9,146,258,18,500,0,13,9,1,11,1,2,1
4076202,2,0,1,1,0,8,14,0,0,1,17,17,11,11,1,1,1,1,8,0,1,2,2,1,2,2,2,2,2,1,2,2,2,2,1,1,1,1,2,1,1,9,1,1,1,1,0,0,0,0,0,0,0,0,0,2,2,1,0,48,0,15,1,0,15,3,1,2,3
9868281,1,0,1,1,0,9,8,0,0,1,2,2,2,2,1,1,1,1,4,4,1,2,2,1,2,2,2,2,2,1,2,2,2,2,1,1,2,1,1,1,1,9,1,1,1,1,0,0,0,0,0,0,0,0,0,1,1,5,80,14,0,1,0,6,2,3,1,2,3
2247606,1,0,1,1,0,8,16,0,0,1,10,10,15,15,10,10,15,15,15,0,1,2,2,1,2,2,2,2,2,1,2,2,2,2,1,1,2,1,2,2,1,9,2,1,2,1,1,1,1,4,4,4,4,4,4,1,9,2,0,65,0,18,1,18,18,3,1,2,3
4569810,1,0,1,1,0,6,10,0,0,1,1,1,1,1,30,30,1,1,31,2,1,2,2,1,2,2,2,2,2,1,2,2,2,2,1,1,2,1,1,1,1,9,1,1,1,1,0,0,0,0,0,0,0,0,0,1,2,2,8,9,500,3,0,0,0,2,1,1,2
3735177,1,0,1,1,0,8,14,0,0,1,5,5,5,5,1,1,1,1,6,6,1,2,2,1,2,2,2,2,2,1,2,2,2,1,1,1,2,1,2,1,2,1,1,1,1,1,0,0,0,0,0,0,0,0,0,1,2,0,0,43,0,14,2,14,14,2,1,2,2
8002655,2,0,1,1,0,1,9,0,0,1,1,1,1,1,1,1,1,1,1,1,1,2,1,1,2,2,2,2,1,1,2,2,2,2,1,1,2,1,2,2,1,9,2,1,1,1,4,4,4,4,4,4,4,4,3,2,2,0,0,1,0,0,0,0,1,0,1,2,2
7545058,2,0,1,1,0,8,5,0,0,1,7,7,9,9,1,1,1,1,5,0,1,2,2,1,2,2,2,2,2,1,2,2,2,2,1,1,2,1,2,2,1,9,2,1,1,1,0,0,0,0,0,0,0,0,0,1,9,2,0,4,0,0,0,0,0,1,1,1,1
4372918,2,0,1,1,0,15,15,0,0,1,17,17,9,9,1,1,1,1,17,9,1,2,2,1,2,2,2,2,2,1,2,2,2,1,1,1,1,1,1,2,2,1,2,1,2,1,1,1,1,4,4,4,4,4,1,1,1,7,0,246,0,0,1,4,1,14,1,2,2
9606036,1,0,1,1,0,9,39,0,0,1,25,25,15,15,1,1,1,1,26,16,1,2,2,1,2,2,1,2,2,1,2,2,1,2,1,1,2,1,1,2,1,9,1,1,1,1,0,0,0,0,0,0,0,0,0,1,9,22,0,67,40,0,2,39,3,10,1,2,1
