<?xml version="1.0" encoding="UTF-8"?>
<kml xmlns="http://www.opengis.net/kml/2.2" xmlns:gx="http://www.google.com/kml/ext/2.2" xmlns:kml="http://www.opengis.net/kml/2.2" xmlns:atom="http://www.w3.org/2005/Atom">
<Document>
	<name>mumbai-unaided-schools</name>
	<visibility>0</visibility>
	<Schema name="mumbai_unaided_schools" id="J_mumbai_unaided_schools_SIISSSSSSISSSSS">
		<SimpleField type="string" name="Address"><displayName>Address</displayName>
</SimpleField>
		<SimpleField type="int" name="Cls_From"><displayName>Cls_From</displayName>
</SimpleField>
		<SimpleField type="int" name="Cls_To"><displayName>Cls_To</displayName>
</SimpleField>
		<SimpleField type="string" name="Email"><displayName>Email</displayName>
</SimpleField>
		<SimpleField type="string" name="GoogleMaps"><displayName>GoogleMaps</displayName>
</SimpleField>
		<SimpleField type="string" name="Landline_1"><displayName>Landline_1</displayName>
</SimpleField>
		<SimpleField type="string" name="Lat"><displayName>Lat</displayName>
</SimpleField>
		<SimpleField type="string" name="Long"><displayName>Long</displayName>
</SimpleField>
		<SimpleField type="string" name="Name"><displayName>Name</displayName>
</SimpleField>
		<SimpleField type="int" name="OBJECTID_1"><displayName>OBJECTID_1</displayName>
</SimpleField>
		<SimpleField type="string" name="Owner_Dept"><displayName>Owner_Dept</displayName>
</SimpleField>
		<SimpleField type="string" name="School_Typ"><displayName>School_Typ</displayName>
</SimpleField>
		<SimpleField type="string" name="Twitter_Ha"><displayName>Twitter_Ha</displayName>
</SimpleField>
		<SimpleField type="string" name="Ward"><displayName>Ward</displayName>
</SimpleField>
		<SimpleField type="string" name="Website"><displayName>Website</displayName>
</SimpleField>
	</Schema>
	<Style id="mumbai_unaided_schools_style">
		<BalloonStyle>
			<text><![CDATA[<table border="0">
  <tr><td><b>$[mumbai_unaided_schools/Address/displayName]</b></td><td>$[mumbai_unaided_schools/Address]</td></tr>
  <tr><td><b>$[mumbai_unaided_schools/Cls_From/displayName]</b></td><td>$[mumbai_unaided_schools/Cls_From]</td></tr>
  <tr><td><b>$[mumbai_unaided_schools/Cls_To/displayName]</b></td><td>$[mumbai_unaided_schools/Cls_To]</td></tr>
  <tr><td><b>$[mumbai_unaided_schools/Email/displayName]</b></td><td>$[mumbai_unaided_schools/Email]</td></tr>
  <tr><td><b>$[mumbai_unaided_schools/GoogleMaps/displayName]</b></td><td>$[mumbai_unaided_schools/GoogleMaps]</td></tr>
  <tr><td><b>$[mumbai_unaided_schools/Landline_1/displayName]</b></td><td>$[mumbai_unaided_schools/Landline_1]</td></tr>
  <tr><td><b>$[mumbai_unaided_schools/Lat/displayName]</b></td><td>$[mumbai_unaided_schools/Lat]</td></tr>
  <tr><td><b>$[mumbai_unaided_schools/Long/displayName]</b></td><td>$[mumbai_unaided_schools/Long]</td></tr>
  <tr><td><b>$[mumbai_unaided_schools/Name/displayName]</b></td><td>$[mumbai_unaided_schools/Name]</td></tr>
  <tr><td><b>$[mumbai_unaided_schools/OBJECTID_1/displayName]</b></td><td>$[mumbai_unaided_schools/OBJECTID_1]</td></tr>
  <tr><td><b>$[mumbai_unaided_schools/Owner_Dept/displayName]</b></td><td>$[mumbai_unaided_schools/Owner_Dept]</td></tr>
  <tr><td><b>$[mumbai_unaided_schools/School_Typ/displayName]</b></td><td>$[mumbai_unaided_schools/School_Typ]</td></tr>
  <tr><td><b>$[mumbai_unaided_schools/Twitter_Ha/displayName]</b></td><td>$[mumbai_unaided_schools/Twitter_Ha]</td></tr>
  <tr><td><b>$[mumbai_unaided_schools/Ward/displayName]</b></td><td>$[mumbai_unaided_schools/Ward]</td></tr>
  <tr><td><b>$[mumbai_unaided_schools/Website/displayName]</b></td><td>$[mumbai_unaided_schools/Website]</td></tr>
</table>
$[description]]]></text>
		</BalloonStyle>
	</Style>
	<Placemark>
		<name>SHREE LAKHAWANTI DEVI HINDI PRIMARY SCHOOL</name>
		<visibility>0</visibility>
		<styleUrl>#mumbai_unaided_schools_style</styleUrl>
		<ExtendedData>
			<SchemaData schemaUrl="#J_mumbai_unaided_schools_SIISSSSSSISSSSS">
				<SimpleData name="Address">Teenmurti Devipada Tata Power House Magathane Borivali East Mumbai 400066</SimpleData>
				<SimpleData name="Cls_From">1</SimpleData>
				<SimpleData name="Cls_To">4</SimpleData>
				<SimpleData name="Email">trimurtihighschool@gmail.com</SimpleData>
				<SimpleData name="GoogleMaps">https://www.google.com/maps/search/?api=1&amp;query=19.2218390000981,72.8706380002104</SimpleData>
				<SimpleData name="Landline_1">022-28460048</SimpleData>
				<SimpleData name="Lat">19.2218390000981</SimpleData>
				<SimpleData name="Long">72.8706380002104</SimpleData>
				<SimpleData name="Name">SHREE LAKHAWANTI DEVI HINDI PRIMARY SCHOOL</SimpleData>
				<SimpleData name="OBJECTID_1">1</SimpleData>
				<SimpleData name="Owner_Dept">Education Dept</SimpleData>
				<SimpleData name="School_Typ">3-Co-educational</SimpleData>
				<SimpleData name="Twitter_Ha">@mybmcedu</SimpleData>
				<SimpleData name="Ward">R / C</SimpleData>
				<SimpleData name="Website">education.maharashtra.gov.in/saral/27220100114</SimpleData>
			</SchemaData>
		</ExtendedData>
		<Point>
			<coordinates>72.870638,19.221839,0</coordinates>
		</Point>
	</Placemark>
	<Placemark>
		<name>ST. JOHNS HIGH SCHOOL</name>
		<visibility>0</visibility>
		<styleUrl>#mumbai_unaided_schools_style</styleUrl>
		<ExtendedData>
			<SchemaData schemaUrl="#J_mumbai_unaided_schools_SIISSSSSSISSSSS">
				<SimpleData name="Address">siddarth nagar ,borivali east</SimpleData>
				<SimpleData name="Cls_From">1</SimpleData>
				<SimpleData name="Cls_To">8</SimpleData>
				<SimpleData name="Email">sjhs.ssc.sn@gmail.com</SimpleData>
				<SimpleData name="GoogleMaps">https://www.google.com/maps/search/?api=1&amp;query=19.2173999997633,72.8693149993506</SimpleData>
				<SimpleData name="Landline_1">022-28867205</SimpleData>
				<SimpleData name="Lat">19.2173999997633</SimpleData>
				<SimpleData name="Long">72.8693149993506</SimpleData>
				<SimpleData name="Name">ST. JOHNS HIGH SCHOOL</SimpleData>
				<SimpleData name="OBJECTID_1">2</SimpleData>
				<SimpleData name="Owner_Dept">Education Dept</SimpleData>
				<SimpleData name="School_Typ">3-Co-educational</SimpleData>
				<SimpleData name="Twitter_Ha">@mybmcedu</SimpleData>
				<SimpleData name="Ward">R / C</SimpleData>
				<SimpleData name="Website"> </SimpleData>
			</SchemaData>
		</ExtendedData>
		<Point>
			<coordinates>72.869315,19.2174,0</coordinates>
		</Point>
	</Placemark>
	<Placemark>
		<name>ST. JOHNS  HIGH SCHOOL GULMOHAR</name>
		<visibility>0</visibility>
		<styleUrl>#mumbai_unaided_schools_style</styleUrl>
		<ExtendedData>
			<SchemaData schemaUrl="#J_mumbai_unaided_schools_SIISSSSSSISSSSS">
				<SimpleData name="Address">Gumohar Society Tata Power House Borivali East mumbai  400066</SimpleData>
				<SimpleData name="Cls_From">1</SimpleData>
				<SimpleData name="Cls_To">4</SimpleData>
				<SimpleData name="Email">sjhs.tph@gmail.com</SimpleData>
				<SimpleData name="GoogleMaps">https://www.google.com/maps/search/?api=1&amp;query=19.2230399998817,72.8702460005783</SimpleData>
				<SimpleData name="Landline_1">022-28860862</SimpleData>
				<SimpleData name="Lat">19.2230399998817</SimpleData>
				<SimpleData name="Long">72.8702460005783</SimpleData>
				<SimpleData name="Name">ST. JOHNS  HIGH SCHOOL GULMOHAR</SimpleData>
				<SimpleData name="OBJECTID_1">3</SimpleData>
				<SimpleData name="Owner_Dept">Education Dept</SimpleData>
				<SimpleData name="School_Typ">3-Co-educational</SimpleData>
				<SimpleData name="Twitter_Ha">@mybmcedu</SimpleData>
				<SimpleData name="Ward">R / C</SimpleData>
				<SimpleData name="Website">education.maharashtra.gov.in/saral/27220100129</SimpleData>
			</SchemaData>
		</ExtendedData>
		<Point>
			<coordinates>72.87024599999999,19.22304,0</coordinates>
		</Point>
	</Placemark>
	<Placemark>
		<name>COSMOS HIGHSCHOOL ENG</name>
		<visibility>0</visibility>
		<styleUrl>#mumbai_unaided_schools_style</styleUrl>
		<ExtendedData>
			<SchemaData schemaUrl="#J_mumbai_unaided_schools_SIISSSSSSISSSSS">
				<SimpleData name="Address">Ganesh Chowk Kajupada Borivali East Mumbai 400066</SimpleData>
				<SimpleData name="Cls_From">1</SimpleData>
				<SimpleData name="Cls_To">4</SimpleData>
				<SimpleData name="Email">cosmos.hs.eng@gmail.com</SimpleData>
				<SimpleData name="GoogleMaps">https://www.google.com/maps/search/?api=1&amp;query=19.2360400006517,72.8679519999876</SimpleData>
				<SimpleData name="Landline_1">022-28975924</SimpleData>
				<SimpleData name="Lat">19.2360400006517</SimpleData>
				<SimpleData name="Long">72.8679519999876</SimpleData>
				<SimpleData name="Name">COSMOS HIGHSCHOOL ENG</SimpleData>
				<SimpleData name="OBJECTID_1">4</SimpleData>
				<SimpleData name="Owner_Dept">Education Dept</SimpleData>
				<SimpleData name="School_Typ">3-Co-educational</SimpleData>
				<SimpleData name="Twitter_Ha">@mybmcedu</SimpleData>
				<SimpleData name="Ward">R / C</SimpleData>
				<SimpleData name="Website"> </SimpleData>
			</SchemaData>
		</ExtendedData>
		<Point>
			<coordinates>72.867952,19.23604,0</coordinates>
		</Point>
	</Placemark>
	<Placemark>
		<name>ST XAVIERS ENGLISH SCHOOL</name>
		<visibility>0</visibility>
		<styleUrl>#mumbai_unaided_schools_style</styleUrl>
		<ExtendedData>
			<SchemaData schemaUrl="#J_mumbai_unaided_schools_SIISSSSSSISSSSS">
				<SimpleData name="Address">Ratan Nagar Borivali East</SimpleData>
				<SimpleData name="Cls_From">1</SimpleData>
				<SimpleData name="Cls_To">4</SimpleData>
				<SimpleData name="Email">sxhsborivli@gmail.com</SimpleData>
				<SimpleData name="GoogleMaps">https://www.google.com/maps/search/?api=1&amp;query=19.2389970000103,72.8618020001045</SimpleData>
				<SimpleData name="Landline_1">022-28935594</SimpleData>
				<SimpleData name="Lat">19.2389970000103</SimpleData>
				<SimpleData name="Long">72.8618020001045</SimpleData>
				<SimpleData name="Name">ST XAVIERS ENGLISH SCHOOL</SimpleData>
				<SimpleData name="OBJECTID_1">5</SimpleData>
				<SimpleData name="Owner_Dept">Education Dept</SimpleData>
				<SimpleData name="School_Typ">3-Co-educational</SimpleData>
				<SimpleData name="Twitter_Ha">@mybmcedu</SimpleData>
				<SimpleData name="Ward">R / C</SimpleData>
				<SimpleData name="Website"> </SimpleData>
			</SchemaData>
		</ExtendedData>
		<Point>
			<coordinates>72.861802,19.238997,0</coordinates>
		</Point>
	</Placemark>
	<Placemark>
		<name>SETH BHAJANLAL ROHRA ENGLISH SCHOOL</name>
		<visibility>0</visibility>
		<styleUrl>#mumbai_unaided_schools_style</styleUrl>
		<ExtendedData>
			<SchemaData schemaUrl="#J_mumbai_unaided_schools_SIISSSSSSISSSSS">
				<SimpleData name="Address">10th road, Daulat nagar, Borivali-E</SimpleData>
				<SimpleData name="Cls_From">1</SimpleData>
				<SimpleData name="Cls_To">8</SimpleData>
				<SimpleData name="Email">bhajanlalrohra@gmail.com</SimpleData>
				<SimpleData name="GoogleMaps">https://www.google.com/maps/search/?api=1&amp;query=19.2367350004114,72.8623109993165</SimpleData>
				<SimpleData name="Landline_1">022-28946065</SimpleData>
				<SimpleData name="Lat">19.2367350004114</SimpleData>
				<SimpleData name="Long">72.8623109993165</SimpleData>
				<SimpleData name="Name">SETH BHAJANLAL ROHRA ENGLISH SCHOOL</SimpleData>
				<SimpleData name="OBJECTID_1">6</SimpleData>
				<SimpleData name="Owner_Dept">Education Dept</SimpleData>
				<SimpleData name="School_Typ">3-Co-educational</SimpleData>
				<SimpleData name="Twitter_Ha">@mybmcedu</SimpleData>
				<SimpleData name="Ward">R / C</SimpleData>
				<SimpleData name="Website"> </SimpleData>
			</SchemaData>
		</ExtendedData>
		<Point>
			<coordinates>72.86231100000001,19.236735,0</coordinates>
		</Point>
	</Placemark>
	<Placemark>
		<name>GOKHALE EDU.SOC.ENG.</name>
		<visibility>0</visibility>
		<styleUrl>#mumbai_unaided_schools_style</styleUrl>
		<ExtendedData>
			<SchemaData schemaUrl="#J_mumbai_unaided_schools_SIISSSSSSISSSSS">
				<SimpleData name="Address">shimpoli road borivali west</SimpleData>
				<SimpleData name="Cls_From">1</SimpleData>
				<SimpleData name="Cls_To">4</SimpleData>
				<SimpleData name="Email">gessvmem@rediffmail.com</SimpleData>
				<SimpleData name="GoogleMaps">https://www.google.com/maps/search/?api=1&amp;query=19.2238630002748,72.8510629994947</SimpleData>
				<SimpleData name="Landline_1">022-28990423</SimpleData>
				<SimpleData name="Lat">19.2238630002748</SimpleData>
				<SimpleData name="Long">72.8510629994947</SimpleData>
				<SimpleData name="Name">GOKHALE EDU.SOC.ENG.</SimpleData>
				<SimpleData name="OBJECTID_1">7</SimpleData>
				<SimpleData name="Owner_Dept">Education Dept</SimpleData>
				<SimpleData name="School_Typ">3-Co-educational</SimpleData>
				<SimpleData name="Twitter_Ha">@mybmcedu</SimpleData>
				<SimpleData name="Ward">R / C</SimpleData>
				<SimpleData name="Website"> </SimpleData>
			</SchemaData>
		</ExtendedData>
		<Point>
			<coordinates>72.851063,19.223863,0</coordinates>
		</Point>
	</Placemark>
	<Placemark>
		<name>HIMALAYA ENG SCHOOL</name>
		<visibility>0</visibility>
		<styleUrl>#mumbai_unaided_schools_style</styleUrl>
		<ExtendedData>
			<SchemaData schemaUrl="#J_mumbai_unaided_schools_SIISSSSSSISSSSS">
				<SimpleData name="Address">shanti nagar s v road borivali west mumbai 400092</SimpleData>
				<SimpleData name="Cls_From">1</SimpleData>
				<SimpleData name="Cls_To">4</SimpleData>
				<SimpleData name="Email">himalayahighschool5@gmail.com</SimpleData>
				<SimpleData name="GoogleMaps">https://www.google.com/maps/search/?api=1&amp;query=19.2170339997346,72.852730999797</SimpleData>
				<SimpleData name="Landline_1">022-28642389</SimpleData>
				<SimpleData name="Lat">19.2170339997346</SimpleData>
				<SimpleData name="Long">72.852730999797</SimpleData>
				<SimpleData name="Name">HIMALAYA ENG SCHOOL</SimpleData>
				<SimpleData name="OBJECTID_1">8</SimpleData>
				<SimpleData name="Owner_Dept">Education Dept</SimpleData>
				<SimpleData name="School_Typ">3-Co-educational</SimpleData>
				<SimpleData name="Twitter_Ha">@mybmcedu</SimpleData>
				<SimpleData name="Ward">R / C</SimpleData>
				<SimpleData name="Website"> </SimpleData>
			</SchemaData>
		</ExtendedData>
		<Point>
			<coordinates>72.85273100000001,19.217034,0</coordinates>
		</Point>
	</Placemark>
	<Placemark>
		<name>OUR LADY OF REMEDY HIGH SCHOOL</name>
		<visibility>0</visibility>
		<styleUrl>#mumbai_unaided_schools_style</styleUrl>
		<ExtendedData>
			<SchemaData schemaUrl="#J_mumbai_unaided_schools_SIISSSSSSISSSSS">
				<SimpleData name="Address">poinsur, kandivali west</SimpleData>
				<SimpleData name="Cls_From">1</SimpleData>
				<SimpleData name="Cls_To">4</SimpleData>
				<SimpleData name="Email">olrs_poinsur@yahoo.com</SimpleData>
				<SimpleData name="GoogleMaps">https://www.google.com/maps/search/?api=1&amp;query=19.2145970004006,72.8511750004802</SimpleData>
				<SimpleData name="Landline_1">022-20635586</SimpleData>
				<SimpleData name="Lat">19.2145970004006</SimpleData>
				<SimpleData name="Long">72.8511750004802</SimpleData>
				<SimpleData name="Name">OUR LADY OF REMEDY HIGH SCHOOL</SimpleData>
				<SimpleData name="OBJECTID_1">9</SimpleData>
				<SimpleData name="Owner_Dept">Education Dept</SimpleData>
				<SimpleData name="School_Typ">3-Co-educational</SimpleData>
				<SimpleData name="Twitter_Ha">@mybmcedu</SimpleData>
				<SimpleData name="Ward">R / C</SimpleData>
				<SimpleData name="Website">https://ourladyofremedyhighschool.com</SimpleData>
			</SchemaData>
		</ExtendedData>
		<Point>
			<coordinates>72.851175,19.214597,0</coordinates>
		</Point>
	</Placemark>
	<Placemark>
		<name>S.E.T. ENGLISH MED. PRI. SCHOOL</name>
		<visibility>0</visibility>
		<styleUrl>#mumbai_unaided_schools_style</styleUrl>
		<ExtendedData>
			<SchemaData schemaUrl="#J_mumbai_unaided_schools_SIISSSSSSISSSSS">
				<SimpleData name="Address">SAIBABA NAGAR , BORIVLI WEST</SimpleData>
				<SimpleData name="Cls_From">1</SimpleData>
				<SimpleData name="Cls_To">4</SimpleData>
				<SimpleData name="Email">setengpri1986@gmail.com</SimpleData>
				<SimpleData name="GoogleMaps">https://www.google.com/maps/search/?api=1&amp;query=19.216402999666,72.8472100002797</SimpleData>
				<SimpleData name="Landline_1">022-28092338</SimpleData>
				<SimpleData name="Lat">19.216402999666</SimpleData>
				<SimpleData name="Long">72.8472100002797</SimpleData>
				<SimpleData name="Name">S.E.T. ENGLISH MED. PRI. SCHOOL</SimpleData>
				<SimpleData name="OBJECTID_1">10</SimpleData>
				<SimpleData name="Owner_Dept">Education Dept</SimpleData>
				<SimpleData name="School_Typ">3-Co-educational</SimpleData>
				<SimpleData name="Twitter_Ha">@mybmcedu</SimpleData>
				<SimpleData name="Ward">R / C</SimpleData>
				<SimpleData name="Website">education.maharashtra.gov.in/saral/27220100162</SimpleData>
			</SchemaData>
		</ExtendedData>
		<Point>
			<coordinates>72.84721,19.216403,0</coordinates>
		</Point>
	</Placemark>
	<Placemark>
		<name>DR. SARVEPALLI RADHAKRISHNAN VIDYALAYA</name>
		<visibility>0</visibility>
		<styleUrl>#mumbai_unaided_schools_style</styleUrl>
		<ExtendedData>
			<SchemaData schemaUrl="#J_mumbai_unaided_schools_SIISSSSSSISSSSS">
				<SimpleData name="Address">Saibaba Nagar Borivali</SimpleData>
				<SimpleData name="Cls_From">1</SimpleData>
				<SimpleData name="Cls_To">4</SimpleData>
				<SimpleData name="Email">info@dsrvborivali.org</SimpleData>
				<SimpleData name="GoogleMaps">https://www.google.com/maps/search/?api=1&amp;query=19.2174179999378,72.8485829994502</SimpleData>
				<SimpleData name="Landline_1">022-28640111</SimpleData>
				<SimpleData name="Lat">19.2174179999378</SimpleData>
				<SimpleData name="Long">72.8485829994502</SimpleData>
				<SimpleData name="Name">DR. SARVEPALLI RADHAKRISHNAN VIDYALAYA</SimpleData>
				<SimpleData name="OBJECTID_1">11</SimpleData>
				<SimpleData name="Owner_Dept">Education Dept</SimpleData>
				<SimpleData name="School_Typ">3-Co-educational</SimpleData>
				<SimpleData name="Twitter_Ha">@mybmcedu</SimpleData>
				<SimpleData name="Ward">R / C</SimpleData>
				<SimpleData name="Website">www.dsrv.borivli.bcgschools.org</SimpleData>
			</SchemaData>
		</ExtendedData>
		<Point>
			<coordinates>72.848583,19.217418,0</coordinates>
		</Point>
	</Placemark>
	<Placemark>
		<name>OXFORD PUBLIC SCHOOL</name>
		<visibility>0</visibility>
		<styleUrl>#mumbai_unaided_schools_style</styleUrl>
		<ExtendedData>
			<SchemaData schemaUrl="#J_mumbai_unaided_schools_SIISSSSSSISSSSS">
				<SimpleData name="Address">sector no.5 plot no9 charkop kandivali w mumbai 400067</SimpleData>
				<SimpleData name="Cls_From">1</SimpleData>
				<SimpleData name="Cls_To">4</SimpleData>
				<SimpleData name="Email">oxford_inq@rediffmail.com</SimpleData>
				<SimpleData name="GoogleMaps">https://www.google.com/maps/search/?api=1&amp;query=19.2176719998436,72.8254880002793</SimpleData>
				<SimpleData name="Landline_1">022-28672723</SimpleData>
				<SimpleData name="Lat">19.2176719998436</SimpleData>
				<SimpleData name="Long">72.8254880002793</SimpleData>
				<SimpleData name="Name">OXFORD PUBLIC SCHOOL</SimpleData>
				<SimpleData name="OBJECTID_1">12</SimpleData>
				<SimpleData name="Owner_Dept">Education Dept</SimpleData>
				<SimpleData name="School_Typ">3-Co-educational</SimpleData>
				<SimpleData name="Twitter_Ha">@mybmcedu</SimpleData>
				<SimpleData name="Ward">R / C</SimpleData>
				<SimpleData name="Website">oxford.org.in</SimpleData>
			</SchemaData>
		</ExtendedData>
		<Point>
			<coordinates>72.82548800000001,19.217672,0</coordinates>
		</Point>
	</Placemark>
	<Placemark>
		<name>PRIYADARSHANI VIDYA MANDIR ENG</name>
		<visibility>0</visibility>
		<styleUrl>#mumbai_unaided_schools_style</styleUrl>
		<ExtendedData>
			<SchemaData schemaUrl="#J_mumbai_unaided_schools_SIISSSSSSISSSSS">
				<SimpleData name="Address">sector no 7 charkop kandiwali w mumbai 67</SimpleData>
				<SimpleData name="Cls_From">1</SimpleData>
				<SimpleData name="Cls_To">4</SimpleData>
				<SimpleData name="Email">priyadarshini.vidyamandir@gmail.com</SimpleData>
				<SimpleData name="GoogleMaps">https://www.google.com/maps/search/?api=1&amp;query=19.2234459993373,72.8313519995926</SimpleData>
				<SimpleData name="Landline_1">022-28692583</SimpleData>
				<SimpleData name="Lat">19.2234459993373</SimpleData>
				<SimpleData name="Long">72.8313519995926</SimpleData>
				<SimpleData name="Name">PRIYADARSHANI VIDYA MANDIR ENG</SimpleData>
				<SimpleData name="OBJECTID_1">13</SimpleData>
				<SimpleData name="Owner_Dept">Education Dept</SimpleData>
				<SimpleData name="School_Typ">3-Co-educational</SimpleData>
				<SimpleData name="Twitter_Ha">@mybmcedu</SimpleData>
				<SimpleData name="Ward">R / C</SimpleData>
				<SimpleData name="Website">priyadarshinirbssm.org</SimpleData>
			</SchemaData>
		</ExtendedData>
		<Point>
			<coordinates>72.831352,19.223446,0</coordinates>
		</Point>
	</Placemark>
	<Placemark>
		<name>SANSKAR ENG SCHOOL</name>
		<visibility>0</visibility>
		<styleUrl>#mumbai_unaided_schools_style</styleUrl>
		<ExtendedData>
			<SchemaData schemaUrl="#J_mumbai_unaided_schools_SIISSSSSSISSSSS">
				<SimpleData name="Address">SECTOR 5 PLOT NO 510 CHARKOP KANDIVALI WEST</SimpleData>
				<SimpleData name="Cls_From">1</SimpleData>
				<SimpleData name="Cls_To">4</SimpleData>
				<SimpleData name="Email">sanskar_sc@rediffmail.com</SimpleData>
				<SimpleData name="GoogleMaps">https://www.google.com/maps/search/?api=1&amp;query=19.2185350000602,72.8263630003186</SimpleData>
				<SimpleData name="Landline_1">022-28687727</SimpleData>
				<SimpleData name="Lat">19.2185350000602</SimpleData>
				<SimpleData name="Long">72.8263630003186</SimpleData>
				<SimpleData name="Name">SANSKAR ENG SCHOOL</SimpleData>
				<SimpleData name="OBJECTID_1">14</SimpleData>
				<SimpleData name="Owner_Dept">Education Dept</SimpleData>
				<SimpleData name="School_Typ">3-Co-educational</SimpleData>
				<SimpleData name="Twitter_Ha">@mybmcedu</SimpleData>
				<SimpleData name="Ward">R / C</SimpleData>
				<SimpleData name="Website"> </SimpleData>
			</SchemaData>
		</ExtendedData>
		<Point>
			<coordinates>72.826363,19.218535,0</coordinates>
		</Point>
	</Placemark>
	<Placemark>
		<name>ANANDIBAI DAMODAR  KALE ENGLISH PRIMARY</name>
		<visibility>0</visibility>
		<styleUrl>#mumbai_unaided_schools_style</styleUrl>
		<ExtendedData>
			<SchemaData schemaUrl="#J_mumbai_unaided_schools_SIISSSSSSISSSSS">
				<SimpleData name="Address">saibaba nagar Borivali west Mumbai 92</SimpleData>
				<SimpleData name="Cls_From">1</SimpleData>
				<SimpleData name="Cls_To">4</SimpleData>
				<SimpleData name="Email">adkvprischool@gmail.com</SimpleData>
				<SimpleData name="GoogleMaps">https://www.google.com/maps/search/?api=1&amp;query=19.2153179995189,72.8449480004305</SimpleData>
				<SimpleData name="Landline_1">022-28625681</SimpleData>
				<SimpleData name="Lat">19.2153179995189</SimpleData>
				<SimpleData name="Long">72.8449480004305</SimpleData>
				<SimpleData name="Name">ANANDIBAI DAMODAR  KALE ENGLISH PRIMARY</SimpleData>
				<SimpleData name="OBJECTID_1">15</SimpleData>
				<SimpleData name="Owner_Dept">Education Dept</SimpleData>
				<SimpleData name="School_Typ">3-Co-educational</SimpleData>
				<SimpleData name="Twitter_Ha">@mybmcedu</SimpleData>
				<SimpleData name="Ward">R / C</SimpleData>
				<SimpleData name="Website">www.adkcollege.com</SimpleData>
			</SchemaData>
		</ExtendedData>
		<Point>
			<coordinates>72.844948,19.215318,0</coordinates>
		</Point>
	</Placemark>
	<Placemark>
		<name>ST ROCKS SCHOOL</name>
		<visibility>0</visibility>
		<styleUrl>#mumbai_unaided_schools_style</styleUrl>
		<ExtendedData>
			<SchemaData schemaUrl="#J_mumbai_unaided_schools_SIISSSSSSISSSSS">
				<SimpleData name="Address">RSC 15 , GORAI 2 , BORIVALI W</SimpleData>
				<SimpleData name="Cls_From">1</SimpleData>
				<SimpleData name="Cls_To">4</SimpleData>
				<SimpleData name="Email">srhsgorai02@yahoo.com</SimpleData>
				<SimpleData name="GoogleMaps">https://www.google.com/maps/search/?api=1&amp;query=19.2284489998452,72.825981999464</SimpleData>
				<SimpleData name="Landline_1">022-28682586</SimpleData>
				<SimpleData name="Lat">19.2284489998452</SimpleData>
				<SimpleData name="Long">72.825981999464</SimpleData>
				<SimpleData name="Name">ST ROCKS SCHOOL</SimpleData>
				<SimpleData name="OBJECTID_1">16</SimpleData>
				<SimpleData name="Owner_Dept">Education Dept</SimpleData>
				<SimpleData name="School_Typ">3-Co-educational</SimpleData>
				<SimpleData name="Twitter_Ha">@mybmcedu</SimpleData>
				<SimpleData name="Ward">R / C</SimpleData>
				<SimpleData name="Website">www.education.maharashtra.gov.in/saral/27220100182</SimpleData>
			</SchemaData>
		</ExtendedData>
		<Point>
			<coordinates>72.825982,19.228449,0</coordinates>
		</Point>
	</Placemark>
	<Placemark>
		<name>SWAMI VIVEKANAND ENG</name>
		<visibility>0</visibility>
		<styleUrl>#mumbai_unaided_schools_style</styleUrl>
		<ExtendedData>
			<SchemaData schemaUrl="#J_mumbai_unaided_schools_SIISSSSSSISSSSS">
				<SimpleData name="Address">RSC-16,GORAI ROAD,BORIVALI WEST,MUMBAI -400091</SimpleData>
				<SimpleData name="Cls_From">1</SimpleData>
				<SimpleData name="Cls_To">4</SimpleData>
				<SimpleData name="Email">adminoffice.gorai@svischool.com</SimpleData>
				<SimpleData name="GoogleMaps">https://www.google.com/maps/search/?api=1&amp;query=19.2269349998446,72.8310379996853</SimpleData>
				<SimpleData name="Landline_1">022-28691248</SimpleData>
				<SimpleData name="Lat">19.2269349998446</SimpleData>
				<SimpleData name="Long">72.8310379996853</SimpleData>
				<SimpleData name="Name">SWAMI VIVEKANAND ENG</SimpleData>
				<SimpleData name="OBJECTID_1">17</SimpleData>
				<SimpleData name="Owner_Dept">Education Dept</SimpleData>
				<SimpleData name="School_Typ">3-Co-educational</SimpleData>
				<SimpleData name="Twitter_Ha">@mybmcedu</SimpleData>
				<SimpleData name="Ward">R / C</SimpleData>
				<SimpleData name="Website">www.svischool.com</SimpleData>
			</SchemaData>
		</ExtendedData>
		<Point>
			<coordinates>72.83103800000001,19.226935,0</coordinates>
		</Point>
	</Placemark>
	<Placemark>
		<name>NALANDA ACADAMY</name>
		<visibility>0</visibility>
		<styleUrl>#mumbai_unaided_schools_style</styleUrl>
		<ExtendedData>
			<SchemaData schemaUrl="#J_mumbai_unaided_schools_SIISSSSSSISSSSS">
				<SimpleData name="Address">plot no 2 RSC 34 gorai 2 Borivali w mumbai 92</SimpleData>
				<SimpleData name="Cls_From">1</SimpleData>
				<SimpleData name="Cls_To">4</SimpleData>
				<SimpleData name="Email">nalandaacademyenglish@gmail.com</SimpleData>
				<SimpleData name="GoogleMaps">https://www.google.com/maps/search/?api=1&amp;query=19.2262280002327,72.8250329997676</SimpleData>
				<SimpleData name="Landline_1">022-28688184</SimpleData>
				<SimpleData name="Lat">19.2262280002327</SimpleData>
				<SimpleData name="Long">72.8250329997676</SimpleData>
				<SimpleData name="Name">NALANDA ACADAMY</SimpleData>
				<SimpleData name="OBJECTID_1">18</SimpleData>
				<SimpleData name="Owner_Dept">Education Dept</SimpleData>
				<SimpleData name="School_Typ">3-Co-educational</SimpleData>
				<SimpleData name="Twitter_Ha">@mybmcedu</SimpleData>
				<SimpleData name="Ward">R / C</SimpleData>
				<SimpleData name="Website"> </SimpleData>
			</SchemaData>
		</ExtendedData>
		<Point>
			<coordinates>72.825033,19.226228,0</coordinates>
		</Point>
	</Placemark>
	<Placemark>
		<name>ST. ANNE`S HIGHSCHOOL ENGLISH</name>
		<visibility>0</visibility>
		<styleUrl>#mumbai_unaided_schools_style</styleUrl>
		<ExtendedData>
			<SchemaData schemaUrl="#J_mumbai_unaided_schools_SIISSSSSSISSSSS">
				<SimpleData name="Address">L.T.Road, Borivali West Mumbai - 92</SimpleData>
				<SimpleData name="Cls_From">1</SimpleData>
				<SimpleData name="Cls_To">4</SimpleData>
				<SimpleData name="Email">stannepri@gmail.com</SimpleData>
				<SimpleData name="GoogleMaps">https://www.google.com/maps/search/?api=1&amp;query=19.2282159999473,72.85035899996</SimpleData>
				<SimpleData name="Landline_1">022-28992033</SimpleData>
				<SimpleData name="Lat">19.2282159999473</SimpleData>
				<SimpleData name="Long">72.85035899996</SimpleData>
				<SimpleData name="Name">ST. ANNE`S HIGHSCHOOL ENGLISH</SimpleData>
				<SimpleData name="OBJECTID_1">19</SimpleData>
				<SimpleData name="Owner_Dept">Education Dept</SimpleData>
				<SimpleData name="School_Typ">2-Girls</SimpleData>
				<SimpleData name="Twitter_Ha">@mybmcedu</SimpleData>
				<SimpleData name="Ward">R / C</SimpleData>
				<SimpleData name="Website">education.maharashtra.gov.in/saral/27220100191</SimpleData>
			</SchemaData>
		</ExtendedData>
		<Point>
			<coordinates>72.850359,19.228216,0</coordinates>
		</Point>
	</Placemark>
	<Placemark>
		<name>DON  BOSCO HIGH SCHOOL</name>
		<visibility>0</visibility>
		<styleUrl>#mumbai_unaided_schools_style</styleUrl>
		<ExtendedData>
			<SchemaData schemaUrl="#J_mumbai_unaided_schools_SIISSSSSSISSSSS">
				<SimpleData name="Address">Vazira Naka LT Rd  Borivli W, Mumbai - 400091</SimpleData>
				<SimpleData name="Cls_From">1</SimpleData>
				<SimpleData name="Cls_To">4</SimpleData>
				<SimpleData name="Email">donboscoprimaryhead_2007@gmail.com</SimpleData>
				<SimpleData name="GoogleMaps">https://www.google.com/maps/search/?api=1&amp;query=19.2313140004124,72.8421109997875</SimpleData>
				<SimpleData name="Landline_1">022-28330514</SimpleData>
				<SimpleData name="Lat">19.2313140004124</SimpleData>
				<SimpleData name="Long">72.8421109997875</SimpleData>
				<SimpleData name="Name">DON  BOSCO HIGH SCHOOL</SimpleData>
				<SimpleData name="OBJECTID_1">20</SimpleData>
				<SimpleData name="Owner_Dept">Education Dept</SimpleData>
				<SimpleData name="School_Typ">3-Co-educational</SimpleData>
				<SimpleData name="Twitter_Ha">@mybmcedu</SimpleData>
				<SimpleData name="Ward">R / C</SimpleData>
				<SimpleData name="Website">www.donboscoborivli.org</SimpleData>
			</SchemaData>
		</ExtendedData>
		<Point>
			<coordinates>72.842111,19.231314,0</coordinates>
		</Point>
	</Placemark>
	<Placemark>
		<name>VIJAY NAGAR ENG</name>
		<visibility>0</visibility>
		<styleUrl>#mumbai_unaided_schools_style</styleUrl>
		<ExtendedData>
			<SchemaData schemaUrl="#J_mumbai_unaided_schools_SIISSSSSSISSSSS">
				<SimpleData name="Address">Yogi Nagar Opp Swaminarayan Mandir  Borivali West</SimpleData>
				<SimpleData name="Cls_From">1</SimpleData>
				<SimpleData name="Cls_To">10</SimpleData>
				<SimpleData name="Email">vnhs_2003@yahoo.co.in</SimpleData>
				<SimpleData name="GoogleMaps">https://www.google.com/maps/search/?api=1&amp;query=19.2376099999813,72.8428630001339</SimpleData>
				<SimpleData name="Landline_1">022-28995113</SimpleData>
				<SimpleData name="Lat">19.2376099999813</SimpleData>
				<SimpleData name="Long">72.8428630001339</SimpleData>
				<SimpleData name="Name">VIJAY NAGAR ENG</SimpleData>
				<SimpleData name="OBJECTID_1">21</SimpleData>
				<SimpleData name="Owner_Dept">Education Dept</SimpleData>
				<SimpleData name="School_Typ">3-Co-educational</SimpleData>
				<SimpleData name="Twitter_Ha">@mybmcedu</SimpleData>
				<SimpleData name="Ward">R / C</SimpleData>
				<SimpleData name="Website"> </SimpleData>
			</SchemaData>
		</ExtendedData>
		<Point>
			<coordinates>72.84286299999999,19.23761,0</coordinates>
		</Point>
	</Placemark>
	<Placemark>
		<name>SHREE G ENG</name>
		<visibility>0</visibility>
		<styleUrl>#mumbai_unaided_schools_style</styleUrl>
		<ExtendedData>
			<SchemaData schemaUrl="#J_mumbai_unaided_schools_SIISSSSSSISSSSS">
				<SimpleData name="Address">Rokadia Cross Lane, Borivali-West, Mumbai-400092</SimpleData>
				<SimpleData name="Cls_From">1</SimpleData>
				<SimpleData name="Cls_To">4</SimpleData>
				<SimpleData name="Email">seischool2001@gmail.com</SimpleData>
				<SimpleData name="GoogleMaps">https://www.google.com/maps/search/?api=1&amp;query=19.2365479995191,72.8571430007272</SimpleData>
				<SimpleData name="Landline_1">022-28939490</SimpleData>
				<SimpleData name="Lat">19.2365479995191</SimpleData>
				<SimpleData name="Long">72.8571430007272</SimpleData>
				<SimpleData name="Name">SHREE G ENG</SimpleData>
				<SimpleData name="OBJECTID_1">22</SimpleData>
				<SimpleData name="Owner_Dept">Education Dept</SimpleData>
				<SimpleData name="School_Typ">3-Co-educational</SimpleData>
				<SimpleData name="Twitter_Ha">@mybmcedu</SimpleData>
				<SimpleData name="Ward">R / C</SimpleData>
				<SimpleData name="Website">www.education.maharshtra.gov.in/saral/27220900218</SimpleData>
			</SchemaData>
		</ExtendedData>
		<Point>
			<coordinates>72.85714299999999,19.236548,0</coordinates>
		</Point>
	</Placemark>
	<Placemark>
		<name>ST LAWRENCE  ENG SCHOOL</name>
		<visibility>0</visibility>
		<styleUrl>#mumbai_unaided_schools_style</styleUrl>
		<ExtendedData>
			<SchemaData schemaUrl="#J_mumbai_unaided_schools_SIISSSSSSISSSSS">
				<SimpleData name="Address">Eksar Road,Opp. Shanti Ashram,Borivli W., Mumbai 103</SimpleData>
				<SimpleData name="Cls_From">1</SimpleData>
				<SimpleData name="Cls_To">4</SimpleData>
				<SimpleData name="Email">lawrenceborivli@gmail.com</SimpleData>
				<SimpleData name="GoogleMaps">https://www.google.com/maps/search/?api=1&amp;query=19.2400619998668,72.8467579997857</SimpleData>
				<SimpleData name="Landline_1">022-28935066</SimpleData>
				<SimpleData name="Lat">19.2400619998668</SimpleData>
				<SimpleData name="Long">72.8467579997857</SimpleData>
				<SimpleData name="Name">ST LAWRENCE  ENG SCHOOL</SimpleData>
				<SimpleData name="OBJECTID_1">23</SimpleData>
				<SimpleData name="Owner_Dept">Education Dept</SimpleData>
				<SimpleData name="School_Typ">3-Co-educational</SimpleData>
				<SimpleData name="Twitter_Ha">@mybmcedu</SimpleData>
				<SimpleData name="Ward">R / C</SimpleData>
				<SimpleData name="Website"> </SimpleData>
			</SchemaData>
		</ExtendedData>
		<Point>
			<coordinates>72.84675799999999,19.240062,0</coordinates>
		</Point>
	</Placemark>
	<Placemark>
		<name>SUVIDYA PRASARAK MUMBADEVI</name>
		<visibility>0</visibility>
		<styleUrl>#mumbai_unaided_schools_style</styleUrl>
		<ExtendedData>
			<SchemaData schemaUrl="#J_mumbai_unaided_schools_SIISSSSSSISSSSS">
				<SimpleData name="Address">DR BABASAHEB AMBEDKAR MARG GORAI 1 BORIVALI W MUMBAI 91</SimpleData>
				<SimpleData name="Cls_From">1</SimpleData>
				<SimpleData name="Cls_To">4</SimpleData>
				<SimpleData name="Email">mumbadeviprimary@gmail.com</SimpleData>
				<SimpleData name="GoogleMaps">https://www.google.com/maps/search/?api=1&amp;query=19.2291959997676,72.827617000539</SimpleData>
				<SimpleData name="Landline_1">022-29673855</SimpleData>
				<SimpleData name="Lat">19.2291959997676</SimpleData>
				<SimpleData name="Long">72.827617000539</SimpleData>
				<SimpleData name="Name">SUVIDYA PRASARAK MUMBADEVI</SimpleData>
				<SimpleData name="OBJECTID_1">24</SimpleData>
				<SimpleData name="Owner_Dept">Education Dept</SimpleData>
				<SimpleData name="School_Typ">3-Co-educational</SimpleData>
				<SimpleData name="Twitter_Ha">@mybmcedu</SimpleData>
				<SimpleData name="Ward">R / C</SimpleData>
				<SimpleData name="Website">suvidyaprasaraksanghborivali.com</SimpleData>
			</SchemaData>
		</ExtendedData>
		<Point>
			<coordinates>72.827617,19.229196,0</coordinates>
		</Point>
	</Placemark>
	<Placemark>
		<name>PRIYADARSHNI SHUSHU VIKASNI MARATHI</name>
		<visibility>0</visibility>
		<styleUrl>#mumbai_unaided_schools_style</styleUrl>
		<ExtendedData>
			<SchemaData schemaUrl="#J_mumbai_unaided_schools_SIISSSSSSISSSSS">
				<SimpleData name="Address">OLD MHB COLONY GORAI RD,BORIVALI WEST, MUMBAI</SimpleData>
				<SimpleData name="Cls_From">1</SimpleData>
				<SimpleData name="Cls_To">4</SimpleData>
				<SimpleData name="Email">shardavanga@gmail.com</SimpleData>
				<SimpleData name="GoogleMaps">https://www.google.com/maps/search/?api=1&amp;query=19.230779999832,72.8388860002207</SimpleData>
				<SimpleData name="Landline_1">022-28673105</SimpleData>
				<SimpleData name="Lat">19.230779999832</SimpleData>
				<SimpleData name="Long">72.8388860002207</SimpleData>
				<SimpleData name="Name">PRIYADARSHNI SHUSHU VIKASNI MARATHI</SimpleData>
				<SimpleData name="OBJECTID_1">25</SimpleData>
				<SimpleData name="Owner_Dept">Education Dept</SimpleData>
				<SimpleData name="School_Typ">3-Co-educational</SimpleData>
				<SimpleData name="Twitter_Ha">@mybmcedu</SimpleData>
				<SimpleData name="Ward">R / C</SimpleData>
				<SimpleData name="Website"> </SimpleData>
			</SchemaData>
		</ExtendedData>
		<Point>
			<coordinates>72.838886,19.23078,0</coordinates>
		</Point>
	</Placemark>
	<Placemark>
		<name>SAYALI INTERNATIONAL SCHOOL</name>
		<visibility>0</visibility>
		<styleUrl>#mumbai_unaided_schools_style</styleUrl>
		<ExtendedData>
			<SchemaData schemaUrl="#J_mumbai_unaided_schools_SIISSSSSSISSSSS">
				<SimpleData name="Address">old mhb colony borivai west mumbai 91</SimpleData>
				<SimpleData name="Cls_From">1</SimpleData>
				<SimpleData name="Cls_To">4</SimpleData>
				<SimpleData name="Email">saileecollege110@gmail.com</SimpleData>
				<SimpleData name="GoogleMaps">https://www.google.com/maps/search/?api=1&amp;query=19.2308039996477,72.8389540001939</SimpleData>
				<SimpleData name="Landline_1">022-28673105</SimpleData>
				<SimpleData name="Lat">19.2308039996477</SimpleData>
				<SimpleData name="Long">72.8389540001939</SimpleData>
				<SimpleData name="Name">SAYALI INTERNATIONAL SCHOOL</SimpleData>
				<SimpleData name="OBJECTID_1">26</SimpleData>
				<SimpleData name="Owner_Dept">Education Dept</SimpleData>
				<SimpleData name="School_Typ">3-Co-educational</SimpleData>
				<SimpleData name="Twitter_Ha">@mybmcedu</SimpleData>
				<SimpleData name="Ward">R / C</SimpleData>
				<SimpleData name="Website"> </SimpleData>
			</SchemaData>
		</ExtendedData>
		<Point>
			<coordinates>72.838954,19.230804,0</coordinates>
		</Point>
	</Placemark>
	<Placemark>
		<name>V K K MENON ACADEMY</name>
		<visibility>0</visibility>
		<styleUrl>#mumbai_unaided_schools_style</styleUrl>
		<ExtendedData>
			<SchemaData schemaUrl="#J_mumbai_unaided_schools_SIISSSSSSISSSSS">
				<SimpleData name="Address">Plot no 462 New MHB Colony Pasayadan Marg Borivali W Mumbai</SimpleData>
				<SimpleData name="Cls_From">1</SimpleData>
				<SimpleData name="Cls_To">4</SimpleData>
				<SimpleData name="Email">vkkma.principal@gmail.com</SimpleData>
				<SimpleData name="GoogleMaps">https://www.google.com/maps/search/?api=1&amp;query=19.2264289998882,72.837816999432</SimpleData>
				<SimpleData name="Landline_1">022-28674273</SimpleData>
				<SimpleData name="Lat">19.2264289998882</SimpleData>
				<SimpleData name="Long">72.837816999432</SimpleData>
				<SimpleData name="Name">V K K MENON ACADEMY</SimpleData>
				<SimpleData name="OBJECTID_1">27</SimpleData>
				<SimpleData name="Owner_Dept">Education Dept</SimpleData>
				<SimpleData name="School_Typ">3-Co-educational</SimpleData>
				<SimpleData name="Twitter_Ha">@mybmcedu</SimpleData>
				<SimpleData name="Ward">R / C</SimpleData>
				<SimpleData name="Website">www.vkkmacademy.org</SimpleData>
			</SchemaData>
		</ExtendedData>
		<Point>
			<coordinates>72.837817,19.226429,0</coordinates>
		</Point>
	</Placemark>
	<Placemark>
		<name>M.K.N.BHATIA HIGH ENGLISH SCHOOL</name>
		<visibility>0</visibility>
		<styleUrl>#mumbai_unaided_schools_style</styleUrl>
		<ExtendedData>
			<SchemaData schemaUrl="#J_mumbai_unaided_schools_SIISSSSSSISSSSS">
				<SimpleData name="Address">SAI BABA NAGAR ROAD  POISAR KANDIVALI  WEST MUMBAI 400067</SimpleData>
				<SimpleData name="Cls_From">1</SimpleData>
				<SimpleData name="Cls_To">5</SimpleData>
				<SimpleData name="Email">mknbhs@radiff.com</SimpleData>
				<SimpleData name="GoogleMaps">https://www.google.com/maps/search/?api=1&amp;query=19.2153099996728,72.847457999518</SimpleData>
				<SimpleData name="Landline_1">022-28088964</SimpleData>
				<SimpleData name="Lat">19.2153099996728</SimpleData>
				<SimpleData name="Long">72.847457999518</SimpleData>
				<SimpleData name="Name">M.K.N.BHATIA HIGH ENGLISH SCHOOL</SimpleData>
				<SimpleData name="OBJECTID_1">28</SimpleData>
				<SimpleData name="Owner_Dept">Education Dept</SimpleData>
				<SimpleData name="School_Typ">3-Co-educational</SimpleData>
				<SimpleData name="Twitter_Ha">@mybmcedu</SimpleData>
				<SimpleData name="Ward">R / C</SimpleData>
				<SimpleData name="Website">www.mknbhs.webs.com</SimpleData>
			</SchemaData>
		</ExtendedData>
		<Point>
			<coordinates>72.847458,19.21531,0</coordinates>
		</Point>
	</Placemark>
	<Placemark>
		<name>LAXMANRAO SHIVDHAVKAR ENGLISH PRI. SCHOOL</name>
		<visibility>0</visibility>
		<styleUrl>#mumbai_unaided_schools_style</styleUrl>
		<ExtendedData>
			<SchemaData schemaUrl="#J_mumbai_unaided_schools_SIISSSSSSISSSSS">
				<SimpleData name="Address">ASHOK NAGAR, S.N DUBEY ROAD,GHARTAN PADA,DAHISAR - EAST MUMBAI - 400068</SimpleData>
				<SimpleData name="Cls_From">1</SimpleData>
				<SimpleData name="Cls_To">4</SimpleData>
				<SimpleData name="Email">lsenglishp9@gmail.com</SimpleData>
				<SimpleData name="GoogleMaps">https://www.google.com/maps/search/?api=1&amp;query=19.2494910000446,72.8705070001946</SimpleData>
				<SimpleData name="Landline_1">022-28963369</SimpleData>
				<SimpleData name="Lat">19.2494910000446</SimpleData>
				<SimpleData name="Long">72.8705070001946</SimpleData>
				<SimpleData name="Name">LAXMANRAO SHIVDHAVKAR ENGLISH PRI. SCHOOL</SimpleData>
				<SimpleData name="OBJECTID_1">29</SimpleData>
				<SimpleData name="Owner_Dept">Education Dept</SimpleData>
				<SimpleData name="School_Typ">3-Co-educational</SimpleData>
				<SimpleData name="Twitter_Ha">@mybmcedu</SimpleData>
				<SimpleData name="Ward">R / N</SimpleData>
				<SimpleData name="Website"> </SimpleData>
			</SchemaData>
		</ExtendedData>
		<Point>
			<coordinates>72.870507,19.249491,0</coordinates>
		</Point>
	</Placemark>
	<Placemark>
		<name>SHREE VISHAWAKARMA HINDI</name>
		<visibility>0</visibility>
		<styleUrl>#mumbai_unaided_schools_style</styleUrl>
		<ExtendedData>
			<SchemaData schemaUrl="#J_mumbai_unaided_schools_SIISSSSSSISSSSS">
				<SimpleData name="Address">VISHWAKARMA COMPOUND S N DUBEY ROAD RAWALPADA DAHISAR EAST MUMBAI 400068</SimpleData>
				<SimpleData name="Cls_From">1</SimpleData>
				<SimpleData name="Cls_To">4</SimpleData>
				<SimpleData name="Email">vishwakarmahighschool@yahoo.com</SimpleData>
				<SimpleData name="GoogleMaps">https://www.google.com/maps/search/?api=1&amp;query=19.2479690000358,72.8685579998504</SimpleData>
				<SimpleData name="Landline_1">022-28968877</SimpleData>
				<SimpleData name="Lat">19.2479690000358</SimpleData>
				<SimpleData name="Long">72.8685579998504</SimpleData>
				<SimpleData name="Name">SHREE VISHAWAKARMA HINDI</SimpleData>
				<SimpleData name="OBJECTID_1">30</SimpleData>
				<SimpleData name="Owner_Dept">Education Dept</SimpleData>
				<SimpleData name="School_Typ">3-Co-educational</SimpleData>
				<SimpleData name="Twitter_Ha">@mybmcedu</SimpleData>
				<SimpleData name="Ward">R / N</SimpleData>
				<SimpleData name="Website"> </SimpleData>
			</SchemaData>
		</ExtendedData>
		<Point>
			<coordinates>72.86855799999999,19.247969,0</coordinates>
		</Point>
	</Placemark>
	<Placemark>
		<name>SHREE VISHWAKARMA ENG. PRIMARY SCHOOL</name>
		<visibility>0</visibility>
		<styleUrl>#mumbai_unaided_schools_style</styleUrl>
		<ExtendedData>
			<SchemaData schemaUrl="#J_mumbai_unaided_schools_SIISSSSSSISSSSS">
				<SimpleData name="Address">VISHWAKARMA COMPOUND S.N DUBEY ROAD RAWALPADA DAHISAR EAST MUMBAI-68</SimpleData>
				<SimpleData name="Cls_From">1</SimpleData>
				<SimpleData name="Cls_To">7</SimpleData>
				<SimpleData name="Email">vishwakarmahighschool@yahoo.com</SimpleData>
				<SimpleData name="GoogleMaps">https://www.google.com/maps/search/?api=1&amp;query=19.2499849994568,72.8686409996599</SimpleData>
				<SimpleData name="Landline_1">022-28968877</SimpleData>
				<SimpleData name="Lat">19.2499849994568</SimpleData>
				<SimpleData name="Long">72.8686409996599</SimpleData>
				<SimpleData name="Name">SHREE VISHWAKARMA ENG. PRIMARY SCHOOL</SimpleData>
				<SimpleData name="OBJECTID_1">31</SimpleData>
				<SimpleData name="Owner_Dept">Education Dept</SimpleData>
				<SimpleData name="School_Typ">3-Co-educational</SimpleData>
				<SimpleData name="Twitter_Ha">@mybmcedu</SimpleData>
				<SimpleData name="Ward">R / N</SimpleData>
				<SimpleData name="Website"> </SimpleData>
			</SchemaData>
		</ExtendedData>
		<Point>
			<coordinates>72.868641,19.249985,0</coordinates>
		</Point>
	</Placemark>
	<Placemark>
		<name>Dr. MISHRA ENGLISH PRIMARY SCHOOL</name>
		<visibility>0</visibility>
		<styleUrl>#mumbai_unaided_schools_style</styleUrl>
		<ExtendedData>
			<SchemaData schemaUrl="#J_mumbai_unaided_schools_SIISSSSSSISSSSS">
				<SimpleData name="Address">Moreshwar Bhoir Shikshan Kendra Rawal Pada Dahisar E Mumbai 68</SimpleData>
				<SimpleData name="Cls_From">1</SimpleData>
				<SimpleData name="Cls_To">4</SimpleData>
				<SimpleData name="Email">drhbmishra88@gmail.com</SimpleData>
				<SimpleData name="GoogleMaps">https://www.google.com/maps/search/?api=1&amp;query=19.2472670001541,72.8678470003522</SimpleData>
				<SimpleData name="Landline_1">022-28961071</SimpleData>
				<SimpleData name="Lat">19.2472670001541</SimpleData>
				<SimpleData name="Long">72.8678470003522</SimpleData>
				<SimpleData name="Name">Dr. MISHRA ENGLISH PRIMARY SCHOOL</SimpleData>
				<SimpleData name="OBJECTID_1">32</SimpleData>
				<SimpleData name="Owner_Dept">Education Dept</SimpleData>
				<SimpleData name="School_Typ">3-Co-educational</SimpleData>
				<SimpleData name="Twitter_Ha">@mybmcedu</SimpleData>
				<SimpleData name="Ward">R / N</SimpleData>
				<SimpleData name="Website"> </SimpleData>
			</SchemaData>
		</ExtendedData>
		<Point>
			<coordinates>72.867847,19.247267,0</coordinates>
		</Point>
	</Placemark>
	<Placemark>
		<name>SHREE VIBHUTI NARAYAN VIDYA MANDIR</name>
		<visibility>0</visibility>
		<styleUrl>#mumbai_unaided_schools_style</styleUrl>
		<ExtendedData>
			<SchemaData schemaUrl="#J_mumbai_unaided_schools_SIISSSSSSISSSSS">
				<SimpleData name="Address">shiv vallabh road ashokvan dahisar east m 400068</SimpleData>
				<SimpleData name="Cls_From">1</SimpleData>
				<SimpleData name="Cls_To">4</SimpleData>
				<SimpleData name="Email">svnvidhyamandir@gmail.com</SimpleData>
				<SimpleData name="GoogleMaps">https://www.google.com/maps/search/?api=1&amp;query=19.2416950004245,72.8669759999049</SimpleData>
				<SimpleData name="Landline_1">022-28971166</SimpleData>
				<SimpleData name="Lat">19.2416950004245</SimpleData>
				<SimpleData name="Long">72.8669759999049</SimpleData>
				<SimpleData name="Name">SHREE VIBHUTI NARAYAN VIDYA MANDIR</SimpleData>
				<SimpleData name="OBJECTID_1">33</SimpleData>
				<SimpleData name="Owner_Dept">Education Dept</SimpleData>
				<SimpleData name="School_Typ">3-Co-educational</SimpleData>
				<SimpleData name="Twitter_Ha">@mybmcedu</SimpleData>
				<SimpleData name="Ward">R / N</SimpleData>
				<SimpleData name="Website"> </SimpleData>
			</SchemaData>
		</ExtendedData>
		<Point>
			<coordinates>72.86697599999999,19.241695,0</coordinates>
		</Point>
	</Placemark>
	<Placemark>
		<name>VIDYABHUSHAN ENGLISH PRIMARY SCHOOL</name>
		<visibility>0</visibility>
		<styleUrl>#mumbai_unaided_schools_style</styleUrl>
		<ExtendedData>
			<SchemaData schemaUrl="#J_mumbai_unaided_schools_SIISSSSSSISSSSS">
				<SimpleData name="Address">Shivai Sankul  Shiv Vallabh Cross Road Rawalpada  Dahisar  East Mumbai- 400068</SimpleData>
				<SimpleData name="Cls_From">1</SimpleData>
				<SimpleData name="Cls_To">4</SimpleData>
				<SimpleData name="Email">vbeps1985@gmail.com</SimpleData>
				<SimpleData name="GoogleMaps">https://www.google.com/maps/search/?api=1&amp;query=19.2454089994801,72.8679909998343</SimpleData>
				<SimpleData name="Landline_1">022-28974097</SimpleData>
				<SimpleData name="Lat">19.2454089994801</SimpleData>
				<SimpleData name="Long">72.8679909998343</SimpleData>
				<SimpleData name="Name">VIDYABHUSHAN ENGLISH PRIMARY SCHOOL</SimpleData>
				<SimpleData name="OBJECTID_1">34</SimpleData>
				<SimpleData name="Owner_Dept">Education Dept</SimpleData>
				<SimpleData name="School_Typ">3-Co-educational</SimpleData>
				<SimpleData name="Twitter_Ha">@mybmcedu</SimpleData>
				<SimpleData name="Ward">R / N</SimpleData>
				<SimpleData name="Website"> </SimpleData>
			</SchemaData>
		</ExtendedData>
		<Point>
			<coordinates>72.867991,19.245409,0</coordinates>
		</Point>
	</Placemark>
	<Placemark>
		<name>HOLY INNOCENT PRIMARY</name>
		<visibility>0</visibility>
		<styleUrl>#mumbai_unaided_schools_style</styleUrl>
		<ExtendedData>
			<SchemaData schemaUrl="#J_mumbai_unaided_schools_SIISSSSSSISSSSS">
				<SimpleData name="Address">ghartan dada no 02 sant mira bai road dahisar east mumbai 68</SimpleData>
				<SimpleData name="Cls_From">1</SimpleData>
				<SimpleData name="Cls_To">4</SimpleData>
				<SimpleData name="Email">adarshshukla0211@gmail.com</SimpleData>
				<SimpleData name="GoogleMaps">https://www.google.com/maps/search/?api=1&amp;query=19.2507770003383,72.8712849994747</SimpleData>
				<SimpleData name="Landline_1">022-0</SimpleData>
				<SimpleData name="Lat">19.2507770003383</SimpleData>
				<SimpleData name="Long">72.8712849994747</SimpleData>
				<SimpleData name="Name">HOLY INNOCENT PRIMARY</SimpleData>
				<SimpleData name="OBJECTID_1">35</SimpleData>
				<SimpleData name="Owner_Dept">Education Dept</SimpleData>
				<SimpleData name="School_Typ">3-Co-educational</SimpleData>
				<SimpleData name="Twitter_Ha">@mybmcedu</SimpleData>
				<SimpleData name="Ward">R / N</SimpleData>
				<SimpleData name="Website"> </SimpleData>
			</SchemaData>
		</ExtendedData>
		<Point>
			<coordinates>72.871285,19.250777,0</coordinates>
		</Point>
	</Placemark>
	<Placemark>
		<name>SENT THOMAS HIGH SCHOOL DAHISER E</name>
		<visibility>0</visibility>
		<styleUrl>#mumbai_unaided_schools_style</styleUrl>
		<ExtendedData>
			<SchemaData schemaUrl="#J_mumbai_unaided_schools_SIISSSSSSISSSSS">
				<SimpleData name="Address">S N DUBE RD  NR RADHA KRISHNA MANDIR RAWALPADA DAHISAR 400 068</SimpleData>
				<SimpleData name="Cls_From">1</SimpleData>
				<SimpleData name="Cls_To">4</SimpleData>
				<SimpleData name="Email">sthsdahisar88@gmail.com</SimpleData>
				<SimpleData name="GoogleMaps">https://www.google.com/maps/search/?api=1&amp;query=19.248559000629,72.8707599999016</SimpleData>
				<SimpleData name="Landline_1">022-28966986</SimpleData>
				<SimpleData name="Lat">19.248559000629</SimpleData>
				<SimpleData name="Long">72.8707599999016</SimpleData>
				<SimpleData name="Name">SENT THOMAS HIGH SCHOOL DAHISER E</SimpleData>
				<SimpleData name="OBJECTID_1">36</SimpleData>
				<SimpleData name="Owner_Dept">Education Dept</SimpleData>
				<SimpleData name="School_Typ">3-Co-educational</SimpleData>
				<SimpleData name="Twitter_Ha">@mybmcedu</SimpleData>
				<SimpleData name="Ward">R / N</SimpleData>
				<SimpleData name="Website"> </SimpleData>
			</SchemaData>
		</ExtendedData>
		<Point>
			<coordinates>72.87076,19.248559,0</coordinates>
		</Point>
	</Placemark>
	<Placemark>
		<name>POORNA PRAJNA HIGH SCHOOL (PRIMARY)</name>
		<visibility>0</visibility>
		<styleUrl>#mumbai_unaided_schools_style</styleUrl>
		<ExtendedData>
			<SchemaData schemaUrl="#J_mumbai_unaided_schools_SIISSSSSSISSSSS">
				<SimpleData name="Address">BHARUCHA ROAD, DAHISAR EAST</SimpleData>
				<SimpleData name="Cls_From">1</SimpleData>
				<SimpleData name="Cls_To">4</SimpleData>
				<SimpleData name="Email">poornaprajnaec@gmail.com</SimpleData>
				<SimpleData name="GoogleMaps">https://www.google.com/maps/search/?api=1&amp;query=19.2505820000341,72.8617750000395</SimpleData>
				<SimpleData name="Landline_1">022-28284831</SimpleData>
				<SimpleData name="Lat">19.2505820000341</SimpleData>
				<SimpleData name="Long">72.8617750000395</SimpleData>
				<SimpleData name="Name">POORNA PRAJNA HIGH SCHOOL (PRIMARY)</SimpleData>
				<SimpleData name="OBJECTID_1">37</SimpleData>
				<SimpleData name="Owner_Dept">Education Dept</SimpleData>
				<SimpleData name="School_Typ">3-Co-educational</SimpleData>
				<SimpleData name="Twitter_Ha">@mybmcedu</SimpleData>
				<SimpleData name="Ward">R / N</SimpleData>
				<SimpleData name="Website">www.ppecdahisar.com</SimpleData>
			</SchemaData>
		</ExtendedData>
		<Point>
			<coordinates>72.86177499999999,19.250582,0</coordinates>
		</Point>
	</Placemark>
	<Placemark>
		<name>VIDYA PRASARAK ENG</name>
		<visibility>0</visibility>
		<styleUrl>#mumbai_unaided_schools_style</styleUrl>
		<ExtendedData>
			<SchemaData schemaUrl="#J_mumbai_unaided_schools_SIISSSSSSISSSSS">
				<SimpleData name="Address">C S ROAD DAHISAR EAST MUMBAI</SimpleData>
				<SimpleData name="Cls_From">1</SimpleData>
				<SimpleData name="Cls_To">4</SimpleData>
				<SimpleData name="Email">vmandir@gmail.com</SimpleData>
				<SimpleData name="GoogleMaps">https://www.google.com/maps/search/?api=1&amp;query=19.2555899996505,72.8629559992109</SimpleData>
				<SimpleData name="Landline_1">022-28486165</SimpleData>
				<SimpleData name="Lat">19.2555899996505</SimpleData>
				<SimpleData name="Long">72.8629559992109</SimpleData>
				<SimpleData name="Name">VIDYA PRASARAK ENG</SimpleData>
				<SimpleData name="OBJECTID_1">38</SimpleData>
				<SimpleData name="Owner_Dept">Education Dept</SimpleData>
				<SimpleData name="School_Typ">3-Co-educational</SimpleData>
				<SimpleData name="Twitter_Ha">@mybmcedu</SimpleData>
				<SimpleData name="Ward">R / N</SimpleData>
				<SimpleData name="Website">www.vpmahisar.com</SimpleData>
			</SchemaData>
		</ExtendedData>
		<Point>
			<coordinates>72.862956,19.25559,0</coordinates>
		</Point>
	</Placemark>
	<Placemark>
		<name>LEXICON GLOBAL SCHOOL</name>
		<visibility>0</visibility>
		<styleUrl>#mumbai_unaided_schools_style</styleUrl>
		<ExtendedData>
			<SchemaData schemaUrl="#J_mumbai_unaided_schools_SIISSSSSSISSSSS">
				<SimpleData name="Address">C S ROAD ANAND NAGAR DAHISAR EAST 400068</SimpleData>
				<SimpleData name="Cls_From">1</SimpleData>
				<SimpleData name="Cls_To">4</SimpleData>
				<SimpleData name="Email">lexiconglobalschool@yahoo.com</SimpleData>
				<SimpleData name="GoogleMaps">https://www.google.com/maps/search/?api=1&amp;query=19.2562120002153,72.8611609998463</SimpleData>
				<SimpleData name="Landline_1">022-28481851</SimpleData>
				<SimpleData name="Lat">19.2562120002153</SimpleData>
				<SimpleData name="Long">72.8611609998463</SimpleData>
				<SimpleData name="Name">LEXICON GLOBAL SCHOOL</SimpleData>
				<SimpleData name="OBJECTID_1">39</SimpleData>
				<SimpleData name="Owner_Dept">Education Dept</SimpleData>
				<SimpleData name="School_Typ">3-Co-educational</SimpleData>
				<SimpleData name="Twitter_Ha">@mybmcedu</SimpleData>
				<SimpleData name="Ward">R / N</SimpleData>
				<SimpleData name="Website">WWW.LEXICONGLOBALSCHOOL.COM</SimpleData>
			</SchemaData>
		</ExtendedData>
		<Point>
			<coordinates>72.861161,19.256212,0</coordinates>
		</Point>
	</Placemark>
	<Placemark>
		<name>AVADH VIDYALAYA</name>
		<visibility>0</visibility>
		<styleUrl>#mumbai_unaided_schools_style</styleUrl>
		<ExtendedData>
			<SchemaData schemaUrl="#J_mumbai_unaided_schools_SIISSSSSSISSSSS">
				<SimpleData name="Address">AVADH NARAYAN UPADHYAY COMPOUND, S. P. ROAD, DHARKHADI, DAHISAR EAST , MUMBAI  - 400068 .</SimpleData>
				<SimpleData name="Cls_From">1</SimpleData>
				<SimpleData name="Cls_To">4</SimpleData>
				<SimpleData name="Email">avadhvidyalaya2011@gmail.com</SimpleData>
				<SimpleData name="GoogleMaps">https://www.google.com/maps/search/?api=1&amp;query=19.2536929998191,72.8751390004775</SimpleData>
				<SimpleData name="Landline_1">022-0</SimpleData>
				<SimpleData name="Lat">19.2536929998191</SimpleData>
				<SimpleData name="Long">72.8751390004775</SimpleData>
				<SimpleData name="Name">AVADH VIDYALAYA</SimpleData>
				<SimpleData name="OBJECTID_1">40</SimpleData>
				<SimpleData name="Owner_Dept">Education Dept</SimpleData>
				<SimpleData name="School_Typ">3-Co-educational</SimpleData>
				<SimpleData name="Twitter_Ha">@mybmcedu</SimpleData>
				<SimpleData name="Ward">R / N</SimpleData>
				<SimpleData name="Website"> </SimpleData>
			</SchemaData>
		</ExtendedData>
		<Point>
			<coordinates>72.875139,19.253693,0</coordinates>
		</Point>
	</Placemark>
	<Placemark>
		<name>ST. THOMAS MALANKARA SCHOOL</name>
		<visibility>0</visibility>
		<styleUrl>#mumbai_unaided_schools_style</styleUrl>
		<ExtendedData>
			<SchemaData schemaUrl="#J_mumbai_unaided_schools_SIISSSSSSISSSSS">
				<SimpleData name="Address">Near RBI Quarters, Kanderpad, Dahisar West</SimpleData>
				<SimpleData name="Cls_From">1</SimpleData>
				<SimpleData name="Cls_To">7</SimpleData>
				<SimpleData name="Email">sttmalankaraschool@gmail.com</SimpleData>
				<SimpleData name="GoogleMaps">https://www.google.com/maps/search/?api=1&amp;query=19.2546379998051,72.8513400000565</SimpleData>
				<SimpleData name="Landline_1">022-28940343</SimpleData>
				<SimpleData name="Lat">19.2546379998051</SimpleData>
				<SimpleData name="Long">72.8513400000565</SimpleData>
				<SimpleData name="Name">ST. THOMAS MALANKARA SCHOOL</SimpleData>
				<SimpleData name="OBJECTID_1">41</SimpleData>
				<SimpleData name="Owner_Dept">Education Dept</SimpleData>
				<SimpleData name="School_Typ">3-Co-educational</SimpleData>
				<SimpleData name="Twitter_Ha">@mybmcedu</SimpleData>
				<SimpleData name="Ward">R / N</SimpleData>
				<SimpleData name="Website">education.maharashtra.gov.in/saral/27220100353</SimpleData>
			</SchemaData>
		</ExtendedData>
		<Point>
			<coordinates>72.85133999999999,19.254638,0</coordinates>
		</Point>
	</Placemark>
	<Placemark>
		<name>ST MARY&apos;S HIGH SCHOOL</name>
		<visibility>0</visibility>
		<styleUrl>#mumbai_unaided_schools_style</styleUrl>
		<ExtendedData>
			<SchemaData schemaUrl="#J_mumbai_unaided_schools_SIISSSSSSISSSSS">
				<SimpleData name="Address">Majethia park anand nagar dahisar east mumbai 400068</SimpleData>
				<SimpleData name="Cls_From">1</SimpleData>
				<SimpleData name="Cls_To">4</SimpleData>
				<SimpleData name="Email">smhsdahisar89@gmail.com</SimpleData>
				<SimpleData name="GoogleMaps">https://www.google.com/maps/search/?api=1&amp;query=19.2560680001377,72.8594370005677</SimpleData>
				<SimpleData name="Landline_1">022-28483453</SimpleData>
				<SimpleData name="Lat">19.2560680001377</SimpleData>
				<SimpleData name="Long">72.8594370005677</SimpleData>
				<SimpleData name="Name">ST MARY&apos;S HIGH SCHOOL</SimpleData>
				<SimpleData name="OBJECTID_1">42</SimpleData>
				<SimpleData name="Owner_Dept">Education Dept</SimpleData>
				<SimpleData name="School_Typ">3-Co-educational</SimpleData>
				<SimpleData name="Twitter_Ha">@mybmcedu</SimpleData>
				<SimpleData name="Ward">R / N</SimpleData>
				<SimpleData name="Website">education.maharashtra.gov.in/saral/27220100361</SimpleData>
			</SchemaData>
		</ExtendedData>
		<Point>
			<coordinates>72.859437,19.256068,0</coordinates>
		</Point>
	</Placemark>
	<Placemark>
		<name>S.V.P VIDYALYA  ENG</name>
		<visibility>0</visibility>
		<styleUrl>#mumbai_unaided_schools_style</styleUrl>
		<ExtendedData>
			<SchemaData schemaUrl="#J_mumbai_unaided_schools_SIISSSSSSISSSSS">
				<SimpleData name="Address">Mhb colony  an dubey toad dahisar</SimpleData>
				<SimpleData name="Cls_From">1</SimpleData>
				<SimpleData name="Cls_To">4</SimpleData>
				<SimpleData name="Email">svpvdahisar3205048@gmail.com</SimpleData>
				<SimpleData name="GoogleMaps">https://www.google.com/maps/search/?api=1&amp;query=19.2499579997261,72.865249999903</SimpleData>
				<SimpleData name="Landline_1">022-28486451</SimpleData>
				<SimpleData name="Lat">19.2499579997261</SimpleData>
				<SimpleData name="Long">72.865249999903</SimpleData>
				<SimpleData name="Name">S.V.P VIDYALYA  ENG</SimpleData>
				<SimpleData name="OBJECTID_1">43</SimpleData>
				<SimpleData name="Owner_Dept">Education Dept</SimpleData>
				<SimpleData name="School_Typ">3-Co-educational</SimpleData>
				<SimpleData name="Twitter_Ha">@mybmcedu</SimpleData>
				<SimpleData name="Ward">R / N</SimpleData>
				<SimpleData name="Website">education.maharashtra.gov.in/saral/27220100362</SimpleData>
			</SchemaData>
		</ExtendedData>
		<Point>
			<coordinates>72.86525,19.249958,0</coordinates>
		</Point>
	</Placemark>
	<Placemark>
		<name>AMAR JYOTI ENGLISH PRIMARY SCHOOL</name>
		<visibility>0</visibility>
		<styleUrl>#mumbai_unaided_schools_style</styleUrl>
		<ExtendedData>
			<SchemaData schemaUrl="#J_mumbai_unaided_schools_SIISSSSSSISSSSS">
				<SimpleData name="Address">DADA PANDEY COMPOUND KETKIPADA DAHISAR EAST MUMBAI</SimpleData>
				<SimpleData name="Cls_From">1</SimpleData>
				<SimpleData name="Cls_To">4</SimpleData>
				<SimpleData name="Email">getsamarjyoti@gmail.com</SimpleData>
				<SimpleData name="GoogleMaps">https://www.google.com/maps/search/?api=1&amp;query=19.2542889999225,72.875068000026</SimpleData>
				<SimpleData name="Landline_1">022-28962845</SimpleData>
				<SimpleData name="Lat">19.2542889999225</SimpleData>
				<SimpleData name="Long">72.875068000026</SimpleData>
				<SimpleData name="Name">AMAR JYOTI ENGLISH PRIMARY SCHOOL</SimpleData>
				<SimpleData name="OBJECTID_1">44</SimpleData>
				<SimpleData name="Owner_Dept">Education Dept</SimpleData>
				<SimpleData name="School_Typ">3-Co-educational</SimpleData>
				<SimpleData name="Twitter_Ha">@mybmcedu</SimpleData>
				<SimpleData name="Ward">R / N</SimpleData>
				<SimpleData name="Website"> </SimpleData>
			</SchemaData>
		</ExtendedData>
		<Point>
			<coordinates>72.875068,19.254289,0</coordinates>
		</Point>
	</Placemark>
	<Placemark>
		<name>MARY IMMACULATE GIRL&apos;S PRI. SCHOOL</name>
		<visibility>0</visibility>
		<styleUrl>#mumbai_unaided_schools_style</styleUrl>
		<ExtendedData>
			<SchemaData schemaUrl="#J_mumbai_unaided_schools_SIISSSSSSISSSSS">
				<SimpleData name="Address">KURAR VILLAGE MALAD EAST</SimpleData>
				<SimpleData name="Cls_From">1</SimpleData>
				<SimpleData name="Cls_To">4</SimpleData>
				<SimpleData name="Email">maryimmaculate56@yahoo.com</SimpleData>
				<SimpleData name="GoogleMaps">https://www.google.com/maps/search/?api=1&amp;query=19.239608000285,72.8527000001434</SimpleData>
				<SimpleData name="Landline_1">022-28933154</SimpleData>
				<SimpleData name="Lat">19.239608000285</SimpleData>
				<SimpleData name="Long">72.8527000001434</SimpleData>
				<SimpleData name="Name">MARY IMMACULATE GIRL&apos;S PRI. SCHOOL</SimpleData>
				<SimpleData name="OBJECTID_1">45</SimpleData>
				<SimpleData name="Owner_Dept">Education Dept</SimpleData>
				<SimpleData name="School_Typ">2-Girls</SimpleData>
				<SimpleData name="Twitter_Ha">@mybmcedu</SimpleData>
				<SimpleData name="Ward">R / N</SimpleData>
				<SimpleData name="Website">https://maryimmaculateprimaryborivli.org</SimpleData>
			</SchemaData>
		</ExtendedData>
		<Point>
			<coordinates>72.8527,19.239608,0</coordinates>
		</Point>
	</Placemark>
	<Placemark>
		<name>RUSTOMJEE TROOPERS SCHOOL</name>
		<visibility>0</visibility>
		<styleUrl>#mumbai_unaided_schools_style</styleUrl>
		<ExtendedData>
			<SchemaData schemaUrl="#J_mumbai_unaided_schools_SIISSSSSSISSSSS">
				<SimpleData name="Address">JS MARG DAHISAR WEST MUMBAI 68</SimpleData>
				<SimpleData name="Cls_From">1</SimpleData>
				<SimpleData name="Cls_To">4</SimpleData>
				<SimpleData name="Email">rprimary@school.rustomjee.com</SimpleData>
				<SimpleData name="GoogleMaps">https://www.google.com/maps/search/?api=1&amp;query=19.24352038947332,72.85721872092194</SimpleData>
				<SimpleData name="Landline_1">022-28942362</SimpleData>
				<SimpleData name="Lat">19.24352038947332</SimpleData>
				<SimpleData name="Long">72.85721872092194</SimpleData>
				<SimpleData name="Name">RUSTOMJEE TROOPERS SCHOOL</SimpleData>
				<SimpleData name="OBJECTID_1">46</SimpleData>
				<SimpleData name="Owner_Dept">Education Dept</SimpleData>
				<SimpleData name="School_Typ">3-Co-educational</SimpleData>
				<SimpleData name="Twitter_Ha">@mybmcedu</SimpleData>
				<SimpleData name="Ward">R / N</SimpleData>
				<SimpleData name="Website">www.school.rustomjee.com</SimpleData>
			</SchemaData>
		</ExtendedData>
		<Point>
			<coordinates>72.857218,19.24352,0</coordinates>
		</Point>
	</Placemark>
	<Placemark>
		<name>SAINT LOUIS SCHOOL DAHISAR</name>
		<visibility>0</visibility>
		<styleUrl>#mumbai_unaided_schools_style</styleUrl>
		<ExtendedData>
			<SchemaData schemaUrl="#J_mumbai_unaided_schools_SIISSSSSSISSSSS">
				<SimpleData name="Address">Y.T. ROAD NEAR OLD DAHISAR BRIDGE  DAHISAR WEST MUMBAI - 400 068</SimpleData>
				<SimpleData name="Cls_From">1</SimpleData>
				<SimpleData name="Cls_To">4</SimpleData>
				<SimpleData name="Email">stlouisschool2011@gmail.com</SimpleData>
				<SimpleData name="GoogleMaps">https://www.google.com/maps/search/?api=1&amp;query=19.2523330000619,72.8568630001618</SimpleData>
				<SimpleData name="Landline_1">022-28942804</SimpleData>
				<SimpleData name="Lat">19.2523330000619</SimpleData>
				<SimpleData name="Long">72.8568630001618</SimpleData>
				<SimpleData name="Name">SAINT LOUIS SCHOOL DAHISAR</SimpleData>
				<SimpleData name="OBJECTID_1">47</SimpleData>
				<SimpleData name="Owner_Dept">Education Dept</SimpleData>
				<SimpleData name="School_Typ">3-Co-educational</SimpleData>
				<SimpleData name="Twitter_Ha">@mybmcedu</SimpleData>
				<SimpleData name="Ward">R / N</SimpleData>
				<SimpleData name="Website"> </SimpleData>
			</SchemaData>
		</ExtendedData>
		<Point>
			<coordinates>72.856863,19.252333,0</coordinates>
		</Point>
	</Placemark>
	<Placemark>
		<name>INFANT JESUS HIGH SCHOOL</name>
		<visibility>0</visibility>
		<styleUrl>#mumbai_unaided_schools_style</styleUrl>
		<ExtendedData>
			<SchemaData schemaUrl="#J_mumbai_unaided_schools_SIISSSSSSISSSSS">
				<SimpleData name="Address">kishore kolekar house, Lm Road Navagaon, Dahisar west, Mumbai 400068</SimpleData>
				<SimpleData name="Cls_From">1</SimpleData>
				<SimpleData name="Cls_To">4</SimpleData>
				<SimpleData name="Email">infantjesus_emhs@yahoo.com</SimpleData>
				<SimpleData name="GoogleMaps">https://www.google.com/maps/search/?api=1&amp;query=19.2507839996111,72.8533059994492</SimpleData>
				<SimpleData name="Landline_1">022-28910749</SimpleData>
				<SimpleData name="Lat">19.2507839996111</SimpleData>
				<SimpleData name="Long">72.8533059994492</SimpleData>
				<SimpleData name="Name">INFANT JESUS HIGH SCHOOL</SimpleData>
				<SimpleData name="OBJECTID_1">48</SimpleData>
				<SimpleData name="Owner_Dept">Education Dept</SimpleData>
				<SimpleData name="School_Typ">3-Co-educational</SimpleData>
				<SimpleData name="Twitter_Ha">@mybmcedu</SimpleData>
				<SimpleData name="Ward">R / N</SimpleData>
				<SimpleData name="Website"> </SimpleData>
			</SchemaData>
		</ExtendedData>
		<Point>
			<coordinates>72.853306,19.250784,0</coordinates>
		</Point>
	</Placemark>
	<Placemark>
		<name>INFANT JESUS HIGH SCHOOL ENG</name>
		<visibility>0</visibility>
		<styleUrl>#mumbai_unaided_schools_style</styleUrl>
		<ExtendedData>
			<SchemaData schemaUrl="#J_mumbai_unaided_schools_SIISSSSSSISSSSS">
				<SimpleData name="Address">New Link Road Next to Guru Dwara Anand Nagat Dahisar East</SimpleData>
				<SimpleData name="Cls_From">1</SimpleData>
				<SimpleData name="Cls_To">4</SimpleData>
				<SimpleData name="Email">ijhs1121@gmail.com</SimpleData>
				<SimpleData name="GoogleMaps">https://www.google.com/maps/search/?api=1&amp;query=19.2560260007316,72.8677240003272</SimpleData>
				<SimpleData name="Landline_1">022-28483012</SimpleData>
				<SimpleData name="Lat">19.2560260007316</SimpleData>
				<SimpleData name="Long">72.8677240003272</SimpleData>
				<SimpleData name="Name">INFANT JESUS HIGH SCHOOL ENG</SimpleData>
				<SimpleData name="OBJECTID_1">49</SimpleData>
				<SimpleData name="Owner_Dept">Education Dept</SimpleData>
				<SimpleData name="School_Typ">3-Co-educational</SimpleData>
				<SimpleData name="Twitter_Ha">@mybmcedu</SimpleData>
				<SimpleData name="Ward">R / N</SimpleData>
				<SimpleData name="Website">education.maharashtra.gov.in/saral/27220100387</SimpleData>
			</SchemaData>
		</ExtendedData>
		<Point>
			<coordinates>72.867724,19.256026,0</coordinates>
		</Point>
	</Placemark>
	<Placemark>
		<name>ST.S.MISSION ENGLISH SCHOOL MALAD</name>
		<visibility>0</visibility>
		<styleUrl>#mumbai_unaided_schools_style</styleUrl>
		<ExtendedData>
			<SchemaData schemaUrl="#J_mumbai_unaided_schools_SIISSSSSSISSSSS">
				<SimpleData name="Address">GAJANAN NIWAS  LIBERTY GARDEN CROSS ROAD NO 1 MALAD WEST MUMBAI 64</SimpleData>
				<SimpleData name="Cls_From">1</SimpleData>
				<SimpleData name="Cls_To">4</SimpleData>
				<SimpleData name="Email">stsprimary123@rediffmail.com</SimpleData>
				<SimpleData name="GoogleMaps">https://www.google.com/maps/search/?api=1&amp;query=19.1864509996413,72.8442410000604</SimpleData>
				<SimpleData name="Landline_1">022-28823634</SimpleData>
				<SimpleData name="Lat">19.1864509996413</SimpleData>
				<SimpleData name="Long">72.8442410000604</SimpleData>
				<SimpleData name="Name">ST.S.MISSION ENGLISH SCHOOL MALAD</SimpleData>
				<SimpleData name="OBJECTID_1">50</SimpleData>
				<SimpleData name="Owner_Dept">Education Dept</SimpleData>
				<SimpleData name="School_Typ">3-Co-educational</SimpleData>
				<SimpleData name="Twitter_Ha">@mybmcedu</SimpleData>
				<SimpleData name="Ward">P/N1-WARD</SimpleData>
				<SimpleData name="Website"> </SimpleData>
			</SchemaData>
		</ExtendedData>
		<Point>
			<coordinates>72.844241,19.186451,0</coordinates>
		</Point>
	</Placemark>
	<Placemark>
		<name>FR. AGNELD ENGLISH PRIMARY SCHOOL</name>
		<visibility>0</visibility>
		<styleUrl>#mumbai_unaided_schools_style</styleUrl>
		<ExtendedData>
			<SchemaData schemaUrl="#J_mumbai_unaided_schools_SIISSSSSSISSSSS">
				<SimpleData name="Address">AYOJAN NAGAR NR LIBERTY GARDEN MALAD WEST 400064</SimpleData>
				<SimpleData name="Cls_From">1</SimpleData>
				<SimpleData name="Cls_To">4</SimpleData>
				<SimpleData name="Email">agnelo_vidyarthi@rediffmail.com</SimpleData>
				<SimpleData name="GoogleMaps">https://www.google.com/maps/search/?api=1&amp;query=19.1840670004615,72.8398760001145</SimpleData>
				<SimpleData name="Landline_1">022-28820070</SimpleData>
				<SimpleData name="Lat">19.1840670004615</SimpleData>
				<SimpleData name="Long">72.8398760001145</SimpleData>
				<SimpleData name="Name">FR. AGNELD ENGLISH PRIMARY SCHOOL</SimpleData>
				<SimpleData name="OBJECTID_1">51</SimpleData>
				<SimpleData name="Owner_Dept">Education Dept</SimpleData>
				<SimpleData name="School_Typ">3-Co-educational</SimpleData>
				<SimpleData name="Twitter_Ha">@mybmcedu</SimpleData>
				<SimpleData name="Ward">P/N1-WARD</SimpleData>
				<SimpleData name="Website"> </SimpleData>
			</SchemaData>
		</ExtendedData>
		<Point>
			<coordinates>72.839876,19.184067,0</coordinates>
		</Point>
	</Placemark>
	<Placemark>
		<name>MOTHER TERESSA ENGLISH SCHOOL</name>
		<visibility>0</visibility>
		<styleUrl>#mumbai_unaided_schools_style</styleUrl>
		<ExtendedData>
			<SchemaData schemaUrl="#J_mumbai_unaided_schools_SIISSSSSSISSSSS">
				<SimpleData name="Address">49 GOSALIA COMPOUND GATE NO 6 MALWANI MALAD W</SimpleData>
				<SimpleData name="Cls_From">1</SimpleData>
				<SimpleData name="Cls_To">4</SimpleData>
				<SimpleData name="Email">mths_1984@yahoo.com</SimpleData>
				<SimpleData name="GoogleMaps">https://www.google.com/maps/search/?api=1&amp;query=19.1900229995144,72.8233810003548</SimpleData>
				<SimpleData name="Landline_1">022-28899786</SimpleData>
				<SimpleData name="Lat">19.1900229995144</SimpleData>
				<SimpleData name="Long">72.8233810003548</SimpleData>
				<SimpleData name="Name">MOTHER TERESSA ENGLISH SCHOOL</SimpleData>
				<SimpleData name="OBJECTID_1">52</SimpleData>
				<SimpleData name="Owner_Dept">Education Dept</SimpleData>
				<SimpleData name="School_Typ">3-Co-educational</SimpleData>
				<SimpleData name="Twitter_Ha">@mybmcedu</SimpleData>
				<SimpleData name="Ward">P/N1-WARD</SimpleData>
				<SimpleData name="Website"> </SimpleData>
			</SchemaData>
		</ExtendedData>
		<Point>
			<coordinates>72.823381,19.190023,0</coordinates>
		</Point>
	</Placemark>
	<Placemark>
		<name>MOUNT MARY HIGH SCHOOL</name>
		<visibility>0</visibility>
		<styleUrl>#mumbai_unaided_schools_style</styleUrl>
		<ExtendedData>
			<SchemaData schemaUrl="#J_mumbai_unaided_schools_SIISSSSSSISSSSS">
				<SimpleData name="Address">GATE NO 6 GAONDEVI MANDIR ROAD MALWANI COLONY MALAD WEST MUMBAI 400095</SimpleData>
				<SimpleData name="Cls_From">1</SimpleData>
				<SimpleData name="Cls_To">4</SimpleData>
				<SimpleData name="Email">mtmaryhighschool@gmail.com</SimpleData>
				<SimpleData name="GoogleMaps">https://www.google.com/maps/search/?api=1&amp;query=19.1898610000149,72.8192890000184</SimpleData>
				<SimpleData name="Landline_1">022-28888738</SimpleData>
				<SimpleData name="Lat">19.1898610000149</SimpleData>
				<SimpleData name="Long">72.8192890000184</SimpleData>
				<SimpleData name="Name">MOUNT MARY HIGH SCHOOL</SimpleData>
				<SimpleData name="OBJECTID_1">53</SimpleData>
				<SimpleData name="Owner_Dept">Education Dept</SimpleData>
				<SimpleData name="School_Typ">3-Co-educational</SimpleData>
				<SimpleData name="Twitter_Ha">@mybmcedu</SimpleData>
				<SimpleData name="Ward">P/N1-WARD</SimpleData>
				<SimpleData name="Website"> </SimpleData>
			</SchemaData>
		</ExtendedData>
		<Point>
			<coordinates>72.819289,19.189861,0</coordinates>
		</Point>
	</Placemark>
	<Placemark>
		<name>BHARAT MATA HIGHSCHOOL</name>
		<visibility>0</visibility>
		<styleUrl>#mumbai_unaided_schools_style</styleUrl>
		<ExtendedData>
			<SchemaData schemaUrl="#J_mumbai_unaided_schools_SIISSSSSSISSSSS">
				<SimpleData name="Address">86, GAIKWAD NAGAR, MALWANI MALAD WEST.</SimpleData>
				<SimpleData name="Cls_From">1</SimpleData>
				<SimpleData name="Cls_To">4</SimpleData>
				<SimpleData name="Email">bharatmatahighschool@yahoo.com</SimpleData>
				<SimpleData name="GoogleMaps">https://www.google.com/maps/search/?api=1&amp;query=19.1827669998331,72.8164560000264</SimpleData>
				<SimpleData name="Landline_1">022-28891312</SimpleData>
				<SimpleData name="Lat">19.1827669998331</SimpleData>
				<SimpleData name="Long">72.8164560000264</SimpleData>
				<SimpleData name="Name">BHARAT MATA HIGHSCHOOL</SimpleData>
				<SimpleData name="OBJECTID_1">54</SimpleData>
				<SimpleData name="Owner_Dept">Education Dept</SimpleData>
				<SimpleData name="School_Typ">3-Co-educational</SimpleData>
				<SimpleData name="Twitter_Ha">@mybmcedu</SimpleData>
				<SimpleData name="Ward">P/N1-WARD</SimpleData>
				<SimpleData name="Website"> </SimpleData>
			</SchemaData>
		</ExtendedData>
		<Point>
			<coordinates>72.816456,19.182767,0</coordinates>
		</Point>
	</Placemark>
	<Placemark>
		<name>HOLY ANGEL HIGH SCHOOL ENG</name>
		<visibility>0</visibility>
		<styleUrl>#mumbai_unaided_schools_style</styleUrl>
		<ExtendedData>
			<SchemaData schemaUrl="#J_mumbai_unaided_schools_SIISSSSSSISSSSS">
				<SimpleData name="Address">GATE NO. 6, MALWANI MALAD WEST, MUMBAI -95.</SimpleData>
				<SimpleData name="Cls_From">1</SimpleData>
				<SimpleData name="Cls_To">4</SimpleData>
				<SimpleData name="Email">holyangelenglishhighschool@gmail.com</SimpleData>
				<SimpleData name="GoogleMaps">https://www.google.com/maps/search/?api=1&amp;query=19.1894540001276,72.8199400000869</SimpleData>
				<SimpleData name="Landline_1">022-28823779</SimpleData>
				<SimpleData name="Lat">19.1894540001276</SimpleData>
				<SimpleData name="Long">72.8199400000869</SimpleData>
				<SimpleData name="Name">HOLY ANGEL HIGH SCHOOL ENG</SimpleData>
				<SimpleData name="OBJECTID_1">55</SimpleData>
				<SimpleData name="Owner_Dept">Education Dept</SimpleData>
				<SimpleData name="School_Typ">3-Co-educational</SimpleData>
				<SimpleData name="Twitter_Ha">@mybmcedu</SimpleData>
				<SimpleData name="Ward">P/N1-WARD</SimpleData>
				<SimpleData name="Website"> </SimpleData>
			</SchemaData>
		</ExtendedData>
		<Point>
			<coordinates>72.81994,19.189454,0</coordinates>
		</Point>
	</Placemark>
	<Placemark>
		<name>RAMZANALI SHAIKH ENGLISH HIGH SCHOOL</name>
		<visibility>0</visibility>
		<styleUrl>#mumbai_unaided_schools_style</styleUrl>
		<ExtendedData>
			<SchemaData schemaUrl="#J_mumbai_unaided_schools_SIISSSSSSISSSSS">
				<SimpleData name="Address">Malwani Malad west Mumbai</SimpleData>
				<SimpleData name="Cls_From">1</SimpleData>
				<SimpleData name="Cls_To">4</SimpleData>
				<SimpleData name="Email">ramzanali.instituted@gmail.com</SimpleData>
				<SimpleData name="GoogleMaps">https://www.google.com/maps/search/?api=1&amp;query=19.1903930001052,72.8199460002707</SimpleData>
				<SimpleData name="Landline_1">022-28813098</SimpleData>
				<SimpleData name="Lat">19.1903930001052</SimpleData>
				<SimpleData name="Long">72.8199460002707</SimpleData>
				<SimpleData name="Name">RAMZANALI SHAIKH ENGLISH HIGH SCHOOL</SimpleData>
				<SimpleData name="OBJECTID_1">56</SimpleData>
				<SimpleData name="Owner_Dept">Education Dept</SimpleData>
				<SimpleData name="School_Typ">3-Co-educational</SimpleData>
				<SimpleData name="Twitter_Ha">@mybmcedu</SimpleData>
				<SimpleData name="Ward">P/N1-WARD</SimpleData>
				<SimpleData name="Website"> </SimpleData>
			</SchemaData>
		</ExtendedData>
		<Point>
			<coordinates>72.819946,19.190393,0</coordinates>
		</Point>
	</Placemark>
	<Placemark>
		<name>NTCC HIGHSCHOOL</name>
		<visibility>0</visibility>
		<styleUrl>#mumbai_unaided_schools_style</styleUrl>
		<ExtendedData>
			<SchemaData schemaUrl="#J_mumbai_unaided_schools_SIISSSSSSISSSSS">
				<SimpleData name="Address">Gate no 7 MALWANI MALAD WEST WEST MUMBAI 400095</SimpleData>
				<SimpleData name="Cls_From">1</SimpleData>
				<SimpleData name="Cls_To">4</SimpleData>
				<SimpleData name="Email">ntccschool@yahoo.com</SimpleData>
				<SimpleData name="GoogleMaps">https://www.google.com/maps/search/?api=1&amp;query=19.1857420005779,72.8161599995166</SimpleData>
				<SimpleData name="Landline_1">022-28819815</SimpleData>
				<SimpleData name="Lat">19.1857420005779</SimpleData>
				<SimpleData name="Long">72.8161599995166</SimpleData>
				<SimpleData name="Name">NTCC HIGHSCHOOL</SimpleData>
				<SimpleData name="OBJECTID_1">57</SimpleData>
				<SimpleData name="Owner_Dept">Education Dept</SimpleData>
				<SimpleData name="School_Typ">3-Co-educational</SimpleData>
				<SimpleData name="Twitter_Ha">@mybmcedu</SimpleData>
				<SimpleData name="Ward">P/N1-WARD</SimpleData>
				<SimpleData name="Website">ntccschool.org</SimpleData>
			</SchemaData>
		</ExtendedData>
		<Point>
			<coordinates>72.81616,19.185742,0</coordinates>
		</Point>
	</Placemark>
	<Placemark>
		<name>IDEAL ENGLISH PRIMARY SCHOOL</name>
		<visibility>0</visibility>
		<styleUrl>#mumbai_unaided_schools_style</styleUrl>
		<ExtendedData>
			<SchemaData schemaUrl="#J_mumbai_unaided_schools_SIISSSSSSISSSSS">
				<SimpleData name="Address">Plot No 08 Gate No 07 NCC Malwani Malad West Mumbai 400095</SimpleData>
				<SimpleData name="Cls_From">1</SimpleData>
				<SimpleData name="Cls_To">4</SimpleData>
				<SimpleData name="Email">idealenghighschool@yahoo.com</SimpleData>
				<SimpleData name="GoogleMaps">https://www.google.com/maps/search/?api=1&amp;query=19.1867810000198,72.8210309998062</SimpleData>
				<SimpleData name="Landline_1">022-28811566</SimpleData>
				<SimpleData name="Lat">19.1867810000198</SimpleData>
				<SimpleData name="Long">72.8210309998062</SimpleData>
				<SimpleData name="Name">IDEAL ENGLISH PRIMARY SCHOOL</SimpleData>
				<SimpleData name="OBJECTID_1">58</SimpleData>
				<SimpleData name="Owner_Dept">Education Dept</SimpleData>
				<SimpleData name="School_Typ">3-Co-educational</SimpleData>
				<SimpleData name="Twitter_Ha">@mybmcedu</SimpleData>
				<SimpleData name="Ward">P/N1-WARD</SimpleData>
				<SimpleData name="Website"> </SimpleData>
			</SchemaData>
		</ExtendedData>
		<Point>
			<coordinates>72.821031,19.186781,0</coordinates>
		</Point>
	</Placemark>
	<Placemark>
		<name>ST.PAULS PRIMARY SCHOOL</name>
		<visibility>0</visibility>
		<styleUrl>#mumbai_unaided_schools_style</styleUrl>
		<ExtendedData>
			<SchemaData schemaUrl="#J_mumbai_unaided_schools_SIISSSSSSISSSSS">
				<SimpleData name="Address">RADHA NIWAS GATE NO 7 MALWANI MALAD WEST</SimpleData>
				<SimpleData name="Cls_From">1</SimpleData>
				<SimpleData name="Cls_To">4</SimpleData>
				<SimpleData name="Email">stphs_1@yahoo.com</SimpleData>
				<SimpleData name="GoogleMaps">https://www.google.com/maps/search/?api=1&amp;query=19.1855620002476,72.8170959999002</SimpleData>
				<SimpleData name="Landline_1">022-28813945</SimpleData>
				<SimpleData name="Lat">19.1855620002476</SimpleData>
				<SimpleData name="Long">72.8170959999002</SimpleData>
				<SimpleData name="Name">ST.PAULS PRIMARY SCHOOL</SimpleData>
				<SimpleData name="OBJECTID_1">59</SimpleData>
				<SimpleData name="Owner_Dept">Education Dept</SimpleData>
				<SimpleData name="School_Typ">3-Co-educational</SimpleData>
				<SimpleData name="Twitter_Ha">@mybmcedu</SimpleData>
				<SimpleData name="Ward">P/N1-WARD</SimpleData>
				<SimpleData name="Website"> </SimpleData>
			</SchemaData>
		</ExtendedData>
		<Point>
			<coordinates>72.81709600000001,19.185562,0</coordinates>
		</Point>
	</Placemark>
	<Placemark>
		<name>NATIONAL ENGLISH PRIMARY SCHOOL</name>
		<visibility>0</visibility>
		<styleUrl>#mumbai_unaided_schools_style</styleUrl>
		<ExtendedData>
			<SchemaData schemaUrl="#J_mumbai_unaided_schools_SIISSSSSSISSSSS">
				<SimpleData name="Address">Gate No 6 Malwani Colony Malad West Mumbai 400095</SimpleData>
				<SimpleData name="Cls_From">1</SimpleData>
				<SimpleData name="Cls_To">4</SimpleData>
				<SimpleData name="Email">national1112@gmail.com</SimpleData>
				<SimpleData name="GoogleMaps">https://www.google.com/maps/search/?api=1&amp;query=19.1890859993979,72.8192040004088</SimpleData>
				<SimpleData name="Landline_1">022-28899481</SimpleData>
				<SimpleData name="Lat">19.1890859993979</SimpleData>
				<SimpleData name="Long">72.8192040004088</SimpleData>
				<SimpleData name="Name">NATIONAL ENGLISH PRIMARY SCHOOL</SimpleData>
				<SimpleData name="OBJECTID_1">60</SimpleData>
				<SimpleData name="Owner_Dept">Education Dept</SimpleData>
				<SimpleData name="School_Typ">3-Co-educational</SimpleData>
				<SimpleData name="Twitter_Ha">@mybmcedu</SimpleData>
				<SimpleData name="Ward">P/N1-WARD</SimpleData>
				<SimpleData name="Website"> </SimpleData>
			</SchemaData>
		</ExtendedData>
		<Point>
			<coordinates>72.819204,19.189086,0</coordinates>
		</Point>
	</Placemark>
	<Placemark>
		<name>ST MATHEW&apos;S ENG HIGH SCH</name>
		<visibility>0</visibility>
		<styleUrl>#mumbai_unaided_schools_style</styleUrl>
		<ExtendedData>
			<SchemaData schemaUrl="#J_mumbai_unaided_schools_SIISSSSSSISSSSS">
				<SimpleData name="Address">Azminagar Gate no 7 Malwani Malad West Mumbai</SimpleData>
				<SimpleData name="Cls_From">1</SimpleData>
				<SimpleData name="Cls_To">4</SimpleData>
				<SimpleData name="Email">st.mathew.school@gmail.com</SimpleData>
				<SimpleData name="GoogleMaps">https://www.google.com/maps/search/?api=1&amp;query=19.1882669997218,72.8138689999104</SimpleData>
				<SimpleData name="Landline_1">022-28805010</SimpleData>
				<SimpleData name="Lat">19.1882669997218</SimpleData>
				<SimpleData name="Long">72.8138689999104</SimpleData>
				<SimpleData name="Name">ST MATHEW&apos;S ENG HIGH SCH</SimpleData>
				<SimpleData name="OBJECTID_1">61</SimpleData>
				<SimpleData name="Owner_Dept">Education Dept</SimpleData>
				<SimpleData name="School_Typ">3-Co-educational</SimpleData>
				<SimpleData name="Twitter_Ha">@mybmcedu</SimpleData>
				<SimpleData name="Ward">P/N1-WARD</SimpleData>
				<SimpleData name="Website"> </SimpleData>
			</SchemaData>
		</ExtendedData>
		<Point>
			<coordinates>72.813869,19.188267,0</coordinates>
		</Point>
	</Placemark>
	<Placemark>
		<name>ROSE MARY ENGLISH HIGH SCHOOL</name>
		<visibility>0</visibility>
		<styleUrl>#mumbai_unaided_schools_style</styleUrl>
		<ExtendedData>
			<SchemaData schemaUrl="#J_mumbai_unaided_schools_SIISSSSSSISSSSS">
				<SimpleData name="Address">Plot No 68 Gate No 07 N.C.C Malwani Malad west Mumbai Maharashtra</SimpleData>
				<SimpleData name="Cls_From">1</SimpleData>
				<SimpleData name="Cls_To">4</SimpleData>
				<SimpleData name="Email">rosemary.school@yahoo.in</SimpleData>
				<SimpleData name="GoogleMaps">https://www.google.com/maps/search/?api=1&amp;query=19.1836180007162,72.823391999493</SimpleData>
				<SimpleData name="Landline_1">022-65544554</SimpleData>
				<SimpleData name="Lat">19.1836180007162</SimpleData>
				<SimpleData name="Long">72.823391999493</SimpleData>
				<SimpleData name="Name">ROSE MARY ENGLISH HIGH SCHOOL</SimpleData>
				<SimpleData name="OBJECTID_1">62</SimpleData>
				<SimpleData name="Owner_Dept">Education Dept</SimpleData>
				<SimpleData name="School_Typ">3-Co-educational</SimpleData>
				<SimpleData name="Twitter_Ha">@mybmcedu</SimpleData>
				<SimpleData name="Ward">P/N1-WARD</SimpleData>
				<SimpleData name="Website">www.rosemaryindia.org</SimpleData>
			</SchemaData>
		</ExtendedData>
		<Point>
			<coordinates>72.823392,19.183618,0</coordinates>
		</Point>
	</Placemark>
	<Placemark>
		<name>ST BONAVENTURE ENG</name>
		<visibility>0</visibility>
		<styleUrl>#mumbai_unaided_schools_style</styleUrl>
		<ExtendedData>
			<SchemaData schemaUrl="#J_mumbai_unaided_schools_SIISSSSSSISSSSS">
				<SimpleData name="Address">Madh Marve Road,Malad West, Mumbai-61</SimpleData>
				<SimpleData name="Cls_From">1</SimpleData>
				<SimpleData name="Cls_To">4</SimpleData>
				<SimpleData name="Email">bonaventure_p@yahoo.in</SimpleData>
				<SimpleData name="GoogleMaps">https://www.google.com/maps/search/?api=1&amp;query=19.143542999996,72.7907219992487</SimpleData>
				<SimpleData name="Landline_1">022-28801411</SimpleData>
				<SimpleData name="Lat">19.143542999996</SimpleData>
				<SimpleData name="Long">72.7907219992487</SimpleData>
				<SimpleData name="Name">ST BONAVENTURE ENG</SimpleData>
				<SimpleData name="OBJECTID_1">63</SimpleData>
				<SimpleData name="Owner_Dept">Education Dept</SimpleData>
				<SimpleData name="School_Typ">3-Co-educational</SimpleData>
				<SimpleData name="Twitter_Ha">@mybmcedu</SimpleData>
				<SimpleData name="Ward">P/N1-WARD</SimpleData>
				<SimpleData name="Website">education.maharashtra.gov.in/saral/27220300170</SimpleData>
			</SchemaData>
		</ExtendedData>
		<Point>
			<coordinates>72.790722,19.143543,0</coordinates>
		</Point>
	</Placemark>
	<Placemark>
		<name>ST.ANTHONY PRIMARY SCHOOL MALWANI CHURCH</name>
		<visibility>0</visibility>
		<styleUrl>#mumbai_unaided_schools_style</styleUrl>
		<ExtendedData>
			<SchemaData schemaUrl="#J_mumbai_unaided_schools_SIISSSSSSISSSSS">
				<SimpleData name="Address">Malwani Church, Marve Road, Malad West, Mumbai 400 095</SimpleData>
				<SimpleData name="Cls_From">1</SimpleData>
				<SimpleData name="Cls_To">4</SimpleData>
				<SimpleData name="Email">sahs.malwani@yahoo.co.in</SimpleData>
				<SimpleData name="GoogleMaps">https://www.google.com/maps/search/?api=1&amp;query=19.195646999849,72.8070179999004</SimpleData>
				<SimpleData name="Landline_1">022-28822782</SimpleData>
				<SimpleData name="Lat">19.195646999849</SimpleData>
				<SimpleData name="Long">72.8070179999004</SimpleData>
				<SimpleData name="Name">ST.ANTHONY PRIMARY SCHOOL MALWANI CHURCH</SimpleData>
				<SimpleData name="OBJECTID_1">64</SimpleData>
				<SimpleData name="Owner_Dept">Education Dept</SimpleData>
				<SimpleData name="School_Typ">3-Co-educational</SimpleData>
				<SimpleData name="Twitter_Ha">@mybmcedu</SimpleData>
				<SimpleData name="Ward">P/N1-WARD</SimpleData>
				<SimpleData name="Website">stanthonyhighschoolmalad.com</SimpleData>
			</SchemaData>
		</ExtendedData>
		<Point>
			<coordinates>72.807018,19.195647,0</coordinates>
		</Point>
	</Placemark>
	<Placemark>
		<name>ST. JOHNS MODEL ENGLISH HIGH SCHOOL</name>
		<visibility>0</visibility>
		<styleUrl>#mumbai_unaided_schools_style</styleUrl>
		<ExtendedData>
			<SchemaData schemaUrl="#J_mumbai_unaided_schools_SIISSSSSSISSSSS">
				<SimpleData name="Address">KHARODI MALAD WEST MUMBAI 400095</SimpleData>
				<SimpleData name="Cls_From">1</SimpleData>
				<SimpleData name="Cls_To">4</SimpleData>
				<SimpleData name="Email">johnmodelschool@gmail.com</SimpleData>
				<SimpleData name="GoogleMaps">https://www.google.com/maps/search/?api=1&amp;query=19.1944950000068,72.8205219997633</SimpleData>
				<SimpleData name="Landline_1">022-28824911</SimpleData>
				<SimpleData name="Lat">19.1944950000068</SimpleData>
				<SimpleData name="Long">72.8205219997633</SimpleData>
				<SimpleData name="Name">ST. JOHNS MODEL ENGLISH HIGH SCHOOL</SimpleData>
				<SimpleData name="OBJECTID_1">65</SimpleData>
				<SimpleData name="Owner_Dept">Education Dept</SimpleData>
				<SimpleData name="School_Typ">3-Co-educational</SimpleData>
				<SimpleData name="Twitter_Ha">@mybmcedu</SimpleData>
				<SimpleData name="Ward">P/N1-WARD</SimpleData>
				<SimpleData name="Website">education.maharashtra.gov.in/saral/27220200172</SimpleData>
			</SchemaData>
		</ExtendedData>
		<Point>
			<coordinates>72.820522,19.194495,0</coordinates>
		</Point>
	</Placemark>
	<Placemark>
		<name>HOLY SPRIT ENG SCHOOL</name>
		<visibility>0</visibility>
		<styleUrl>#mumbai_unaided_schools_style</styleUrl>
		<ExtendedData>
			<SchemaData schemaUrl="#J_mumbai_unaided_schools_SIISSSSSSISSSSS">
				<SimpleData name="Address">Saidham Nagar Gate no 8 Malwani Malad West Mumbai 400095</SimpleData>
				<SimpleData name="Cls_From">1</SimpleData>
				<SimpleData name="Cls_To">4</SimpleData>
				<SimpleData name="Email">holyspirit12311@yahoo.in</SimpleData>
				<SimpleData name="GoogleMaps">https://www.google.com/maps/search/?api=1&amp;query=19.1845280004099,72.8147179996187</SimpleData>
				<SimpleData name="Landline_1">022-28804920</SimpleData>
				<SimpleData name="Lat">19.1845280004099</SimpleData>
				<SimpleData name="Long">72.8147179996187</SimpleData>
				<SimpleData name="Name">HOLY SPRIT ENG SCHOOL</SimpleData>
				<SimpleData name="OBJECTID_1">66</SimpleData>
				<SimpleData name="Owner_Dept">Education Dept</SimpleData>
				<SimpleData name="School_Typ">3-Co-educational</SimpleData>
				<SimpleData name="Twitter_Ha">@mybmcedu</SimpleData>
				<SimpleData name="Ward">P/N1-WARD</SimpleData>
				<SimpleData name="Website"> </SimpleData>
			</SchemaData>
		</ExtendedData>
		<Point>
			<coordinates>72.814718,19.184528,0</coordinates>
		</Point>
	</Placemark>
	<Placemark>
		<name>ST. ANNE HIGH SCHOOL</name>
		<visibility>0</visibility>
		<styleUrl>#mumbai_unaided_schools_style</styleUrl>
		<ExtendedData>
			<SchemaData schemaUrl="#J_mumbai_unaided_schools_SIISSSSSSISSSSS">
				<SimpleData name="Address">Orlem, Malad West, Mumbai-400064</SimpleData>
				<SimpleData name="Cls_From">1</SimpleData>
				<SimpleData name="Cls_To">4</SimpleData>
				<SimpleData name="Email">sahsps@yahoo.com</SimpleData>
				<SimpleData name="GoogleMaps">https://www.google.com/maps/search/?api=1&amp;query=19.1944059995281,72.8376010002393</SimpleData>
				<SimpleData name="Landline_1">022-28822205</SimpleData>
				<SimpleData name="Lat">19.1944059995281</SimpleData>
				<SimpleData name="Long">72.8376010002393</SimpleData>
				<SimpleData name="Name">ST. ANNE HIGH SCHOOL</SimpleData>
				<SimpleData name="OBJECTID_1">67</SimpleData>
				<SimpleData name="Owner_Dept">Education Dept</SimpleData>
				<SimpleData name="School_Typ">3-Co-educational</SimpleData>
				<SimpleData name="Twitter_Ha">@mybmcedu</SimpleData>
				<SimpleData name="Ward">P/N1-WARD</SimpleData>
				<SimpleData name="Website"> </SimpleData>
			</SchemaData>
		</ExtendedData>
		<Point>
			<coordinates>72.83760100000001,19.194406,0</coordinates>
		</Point>
	</Placemark>
	<Placemark>
		<name>ST.THERESA ENGLISH SCHOOL</name>
		<visibility>0</visibility>
		<styleUrl>#mumbai_unaided_schools_style</styleUrl>
		<ExtendedData>
			<SchemaData schemaUrl="#J_mumbai_unaided_schools_SIISSSSSSISSSSS">
				<SimpleData name="Address">GAUTAM BUDDHA MARG ORLEM MALD WEST MUMBAI 64</SimpleData>
				<SimpleData name="Cls_From">1</SimpleData>
				<SimpleData name="Cls_To">4</SimpleData>
				<SimpleData name="Email">sths8687@gmail.com</SimpleData>
				<SimpleData name="GoogleMaps">https://www.google.com/maps/search/?api=1&amp;query=19.2001389994855,72.8369229994833</SimpleData>
				<SimpleData name="Landline_1">022-28626965</SimpleData>
				<SimpleData name="Lat">19.2001389994855</SimpleData>
				<SimpleData name="Long">72.8369229994833</SimpleData>
				<SimpleData name="Name">ST.THERESA ENGLISH SCHOOL</SimpleData>
				<SimpleData name="OBJECTID_1">68</SimpleData>
				<SimpleData name="Owner_Dept">Education Dept</SimpleData>
				<SimpleData name="School_Typ">3-Co-educational</SimpleData>
				<SimpleData name="Twitter_Ha">@mybmcedu</SimpleData>
				<SimpleData name="Ward">P/N1-WARD</SimpleData>
				<SimpleData name="Website"> </SimpleData>
			</SchemaData>
		</ExtendedData>
		<Point>
			<coordinates>72.836923,19.200139,0</coordinates>
		</Point>
	</Placemark>
	<Placemark>
		<name>ST. JUDE&apos;S HIGH SCHOOL</name>
		<visibility>0</visibility>
		<styleUrl>#mumbai_unaided_schools_style</styleUrl>
		<ExtendedData>
			<SchemaData schemaUrl="#J_mumbai_unaided_schools_SIISSSSSSISSSSS">
				<SimpleData name="Address">96 Marve Road  Malad West  Mumbai  95</SimpleData>
				<SimpleData name="Cls_From">1</SimpleData>
				<SimpleData name="Cls_To">4</SimpleData>
				<SimpleData name="Email">highschoolst.judes@yahoo.in</SimpleData>
				<SimpleData name="GoogleMaps">https://www.google.com/maps/search/?api=1&amp;query=19.1974610003968,72.8200610004155</SimpleData>
				<SimpleData name="Landline_1">022-28073831</SimpleData>
				<SimpleData name="Lat">19.1974610003968</SimpleData>
				<SimpleData name="Long">72.8200610004155</SimpleData>
				<SimpleData name="Name">ST. JUDE&apos;S HIGH SCHOOL</SimpleData>
				<SimpleData name="OBJECTID_1">69</SimpleData>
				<SimpleData name="Owner_Dept">Education Dept</SimpleData>
				<SimpleData name="School_Typ">3-Co-educational</SimpleData>
				<SimpleData name="Twitter_Ha">@mybmcedu</SimpleData>
				<SimpleData name="Ward">P/N1-WARD</SimpleData>
				<SimpleData name="Website"> </SimpleData>
			</SchemaData>
		</ExtendedData>
		<Point>
			<coordinates>72.820061,19.197461,0</coordinates>
		</Point>
	</Placemark>
	<Placemark>
		<name>ST JOSEPH&apos;S PRIMARY SCH</name>
		<visibility>0</visibility>
		<styleUrl>#mumbai_unaided_schools_style</styleUrl>
		<ExtendedData>
			<SchemaData schemaUrl="#J_mumbai_unaided_schools_SIISSSSSSISSSSS">
				<SimpleData name="Address">Rosary Cottage, Marve Road, Orlem,Mumbai</SimpleData>
				<SimpleData name="Cls_From">1</SimpleData>
				<SimpleData name="Cls_To">4</SimpleData>
				<SimpleData name="Email">st_poseph_school@yahoo.com</SimpleData>
				<SimpleData name="GoogleMaps">https://www.google.com/maps/search/?api=1&amp;query=19.194927000428,72.8366119996546</SimpleData>
				<SimpleData name="Landline_1">022-28889030</SimpleData>
				<SimpleData name="Lat">19.194927000428</SimpleData>
				<SimpleData name="Long">72.8366119996546</SimpleData>
				<SimpleData name="Name">ST JOSEPH&apos;S PRIMARY SCH</SimpleData>
				<SimpleData name="OBJECTID_1">70</SimpleData>
				<SimpleData name="Owner_Dept">Education Dept</SimpleData>
				<SimpleData name="School_Typ">3-Co-educational</SimpleData>
				<SimpleData name="Twitter_Ha">@mybmcedu</SimpleData>
				<SimpleData name="Ward">P/N1-WARD</SimpleData>
				<SimpleData name="Website">education.maharashtra.gov.in/saral/27220200188</SimpleData>
			</SchemaData>
		</ExtendedData>
		<Point>
			<coordinates>72.836612,19.194927,0</coordinates>
		</Point>
	</Placemark>
	<Placemark>
		<name>VEER BHAGAT SINGH VIDYALAYA</name>
		<visibility>0</visibility>
		<styleUrl>#mumbai_unaided_schools_style</styleUrl>
		<ExtendedData>
			<SchemaData schemaUrl="#J_mumbai_unaided_schools_SIISSSSSSISSSSS">
				<SimpleData name="Address">MARVE ROAD MALAD W  MUMBAI 400095</SimpleData>
				<SimpleData name="Cls_From">1</SimpleData>
				<SimpleData name="Cls_To">4</SimpleData>
				<SimpleData name="Email">office@vbsis.org</SimpleData>
				<SimpleData name="GoogleMaps">https://www.google.com/maps/search/?api=1&amp;query=19.1971989996696,72.827474000265</SimpleData>
				<SimpleData name="Landline_1">022-28633801</SimpleData>
				<SimpleData name="Lat">19.1971989996696</SimpleData>
				<SimpleData name="Long">72.827474000265</SimpleData>
				<SimpleData name="Name">VEER BHAGAT SINGH VIDYALAYA</SimpleData>
				<SimpleData name="OBJECTID_1">71</SimpleData>
				<SimpleData name="Owner_Dept">Education Dept</SimpleData>
				<SimpleData name="School_Typ">3-Co-educational</SimpleData>
				<SimpleData name="Twitter_Ha">@mybmcedu</SimpleData>
				<SimpleData name="Ward">P/N1-WARD</SimpleData>
				<SimpleData name="Website">www.vbsis.org</SimpleData>
			</SchemaData>
		</ExtendedData>
		<Point>
			<coordinates>72.827474,19.197199,0</coordinates>
		</Point>
	</Placemark>
	<Placemark>
		<name>EMMANVEL MISSION PRIMARY ENGLISH SCHOOL</name>
		<visibility>0</visibility>
		<styleUrl>#mumbai_unaided_schools_style</styleUrl>
		<ExtendedData>
			<SchemaData schemaUrl="#J_mumbai_unaided_schools_SIISSSSSSISSSSS">
				<SimpleData name="Address">Valnai Colony, orlem, Malad west, Mumbai - 400064</SimpleData>
				<SimpleData name="Cls_From">1</SimpleData>
				<SimpleData name="Cls_To">4</SimpleData>
				<SimpleData name="Email">emmanuelschool1994@yahoo.com</SimpleData>
				<SimpleData name="GoogleMaps">https://www.google.com/maps/search/?api=1&amp;query=19.1996059999236,72.8355419996512</SimpleData>
				<SimpleData name="Landline_1">022-28654019</SimpleData>
				<SimpleData name="Lat">19.1996059999236</SimpleData>
				<SimpleData name="Long">72.8355419996512</SimpleData>
				<SimpleData name="Name">EMMANVEL MISSION PRIMARY ENGLISH SCHOOL</SimpleData>
				<SimpleData name="OBJECTID_1">72</SimpleData>
				<SimpleData name="Owner_Dept">Education Dept</SimpleData>
				<SimpleData name="School_Typ">3-Co-educational</SimpleData>
				<SimpleData name="Twitter_Ha">@mybmcedu</SimpleData>
				<SimpleData name="Ward">P/N1-WARD</SimpleData>
				<SimpleData name="Website">hebronemmanuelschool.com</SimpleData>
			</SchemaData>
		</ExtendedData>
		<Point>
			<coordinates>72.835542,19.199606,0</coordinates>
		</Point>
	</Placemark>
	<Placemark>
		<name>CARMEL OF ST JOSEPH</name>
		<visibility>0</visibility>
		<styleUrl>#mumbai_unaided_schools_style</styleUrl>
		<ExtendedData>
			<SchemaData schemaUrl="#J_mumbai_unaided_schools_SIISSSSSSISSSSS">
				<SimpleData name="Address">Adarsh Dairy Lane, Malad West, Mumbai 400064</SimpleData>
				<SimpleData name="Cls_From">1</SimpleData>
				<SimpleData name="Cls_To">4</SimpleData>
				<SimpleData name="Email">carmelschool1967@gmail.com</SimpleData>
				<SimpleData name="GoogleMaps">https://www.google.com/maps/search/?api=1&amp;query=19.1940660004519,72.841841999611</SimpleData>
				<SimpleData name="Landline_1">022-28650144</SimpleData>
				<SimpleData name="Lat">19.1940660004519</SimpleData>
				<SimpleData name="Long">72.841841999611</SimpleData>
				<SimpleData name="Name">CARMEL OF ST JOSEPH</SimpleData>
				<SimpleData name="OBJECTID_1">73</SimpleData>
				<SimpleData name="Owner_Dept">Education Dept</SimpleData>
				<SimpleData name="School_Typ">2-Girls</SimpleData>
				<SimpleData name="Twitter_Ha">@mybmcedu</SimpleData>
				<SimpleData name="Ward">P/N1-WARD</SimpleData>
				<SimpleData name="Website">www.carmelofstjoseph.in</SimpleData>
			</SchemaData>
		</ExtendedData>
		<Point>
			<coordinates>72.841842,19.194066,0</coordinates>
		</Point>
	</Placemark>
	<Placemark>
		<name>SHREE NUTAN VIDYA MANDIR ENGLISH MEDIUM SCHOOL</name>
		<visibility>0</visibility>
		<styleUrl>#mumbai_unaided_schools_style</styleUrl>
		<ExtendedData>
			<SchemaData schemaUrl="#J_mumbai_unaided_schools_SIISSSSSSISSSSS">
				<SimpleData name="Address">Marve Road Malad West  Mumbai 64</SimpleData>
				<SimpleData name="Cls_From">2</SimpleData>
				<SimpleData name="Cls_To">4</SimpleData>
				<SimpleData name="Email">shreenutanvidyamandir@yahoo.in</SimpleData>
				<SimpleData name="GoogleMaps">https://www.google.com/maps/search/?api=1&amp;query=19.1923900005395,72.8450879998465</SimpleData>
				<SimpleData name="Landline_1">022-28020313</SimpleData>
				<SimpleData name="Lat">19.1923900005395</SimpleData>
				<SimpleData name="Long">72.8450879998465</SimpleData>
				<SimpleData name="Name">SHREE NUTAN VIDYA MANDIR ENGLISH MEDIUM SCHOOL</SimpleData>
				<SimpleData name="OBJECTID_1">74</SimpleData>
				<SimpleData name="Owner_Dept">Education Dept</SimpleData>
				<SimpleData name="School_Typ">3-Co-educational</SimpleData>
				<SimpleData name="Twitter_Ha">@mybmcedu</SimpleData>
				<SimpleData name="Ward">P/N1-WARD</SimpleData>
				<SimpleData name="Website">education.maharashtra.gov.in/saral/27220200196</SimpleData>
			</SchemaData>
		</ExtendedData>
		<Point>
			<coordinates>72.845088,19.19239,0</coordinates>
		</Point>
	</Placemark>
	<Placemark>
		<name>ELIA SARWAT ENGLISH PRIMARY SCHOOL</name>
		<visibility>0</visibility>
		<styleUrl>#mumbai_unaided_schools_style</styleUrl>
		<ExtendedData>
			<SchemaData schemaUrl="#J_mumbai_unaided_schools_SIISSSSSSISSSSS">
				<SimpleData name="Address">Plot No 47 Gate No 6 Mahakali Road Malwani Malad West Mumbai - 400 095</SimpleData>
				<SimpleData name="Cls_From">1</SimpleData>
				<SimpleData name="Cls_To">4</SimpleData>
				<SimpleData name="Email">eshsjc.1995@gmail.com</SimpleData>
				<SimpleData name="GoogleMaps">https://www.google.com/maps/search/?api=1&amp;query=19.1877180001053,72.8248739993943</SimpleData>
				<SimpleData name="Landline_1">022-28816366</SimpleData>
				<SimpleData name="Lat">19.1877180001053</SimpleData>
				<SimpleData name="Long">72.8248739993943</SimpleData>
				<SimpleData name="Name">ELIA SARWAT ENGLISH PRIMARY SCHOOL</SimpleData>
				<SimpleData name="OBJECTID_1">75</SimpleData>
				<SimpleData name="Owner_Dept">Education Dept</SimpleData>
				<SimpleData name="School_Typ">3-Co-educational</SimpleData>
				<SimpleData name="Twitter_Ha">@mybmcedu</SimpleData>
				<SimpleData name="Ward">P/N1-WARD</SimpleData>
				<SimpleData name="Website"> </SimpleData>
			</SchemaData>
		</ExtendedData>
		<Point>
			<coordinates>72.82487399999999,19.187718,0</coordinates>
		</Point>
	</Placemark>
	<Placemark>
		<name>ELIA SARWAT URDU PRIMARY SCHOOL</name>
		<visibility>0</visibility>
		<styleUrl>#mumbai_unaided_schools_style</styleUrl>
		<ExtendedData>
			<SchemaData schemaUrl="#J_mumbai_unaided_schools_SIISSSSSSISSSSS">
				<SimpleData name="Address">plot no 47 mahakali road</SimpleData>
				<SimpleData name="Cls_From">1</SimpleData>
				<SimpleData name="Cls_To">4</SimpleData>
				<SimpleData name="Email">eshsjc.1995@gmail.com</SimpleData>
				<SimpleData name="GoogleMaps">https://www.google.com/maps/search/?api=1&amp;query=19.1877229996893,72.8248830000619</SimpleData>
				<SimpleData name="Landline_1">022-202772</SimpleData>
				<SimpleData name="Lat">19.1877229996893</SimpleData>
				<SimpleData name="Long">72.8248830000619</SimpleData>
				<SimpleData name="Name">ELIA SARWAT URDU PRIMARY SCHOOL</SimpleData>
				<SimpleData name="OBJECTID_1">76</SimpleData>
				<SimpleData name="Owner_Dept">Education Dept</SimpleData>
				<SimpleData name="School_Typ">3-Co-educational</SimpleData>
				<SimpleData name="Twitter_Ha">@mybmcedu</SimpleData>
				<SimpleData name="Ward">P/N1-WARD</SimpleData>
				<SimpleData name="Website"> </SimpleData>
			</SchemaData>
		</ExtendedData>
		<Point>
			<coordinates>72.824883,19.187723,0</coordinates>
		</Point>
	</Placemark>
	<Placemark>
		<name>ATMODAY VIDHYAMANDIR ENG SCH.</name>
		<visibility>0</visibility>
		<styleUrl>#mumbai_unaided_schools_style</styleUrl>
		<ExtendedData>
			<SchemaData schemaUrl="#J_mumbai_unaided_schools_SIISSSSSSISSSSS">
				<SimpleData name="Address">Atmoday Vidyamandir Near Dr T R Naravane Marathi School M G Road Kandivali West Mumbai 400 067</SimpleData>
				<SimpleData name="Cls_From">1</SimpleData>
				<SimpleData name="Cls_To">4</SimpleData>
				<SimpleData name="Email">atmprimary@gmail.com</SimpleData>
				<SimpleData name="GoogleMaps">https://www.google.com/maps/search/?api=1&amp;query=19.2069509996602,72.8456239996442</SimpleData>
				<SimpleData name="Landline_1">022-28065798</SimpleData>
				<SimpleData name="Lat">19.2069509996602</SimpleData>
				<SimpleData name="Long">72.8456239996442</SimpleData>
				<SimpleData name="Name">ATMODAY VIDHYAMANDIR ENG SCH.</SimpleData>
				<SimpleData name="OBJECTID_1">77</SimpleData>
				<SimpleData name="Owner_Dept">Education Dept</SimpleData>
				<SimpleData name="School_Typ">3-Co-educational</SimpleData>
				<SimpleData name="Twitter_Ha">@mybmcedu</SimpleData>
				<SimpleData name="Ward">R/S-WARD</SimpleData>
				<SimpleData name="Website"> </SimpleData>
			</SchemaData>
		</ExtendedData>
		<Point>
			<coordinates>72.845624,19.206951,0</coordinates>
		</Point>
	</Placemark>
	<Placemark>
		<name>DHANAMAL ENGLISH TEACING SCHOOL</name>
		<visibility>0</visibility>
		<styleUrl>#mumbai_unaided_schools_style</styleUrl>
		<ExtendedData>
			<SchemaData schemaUrl="#J_mumbai_unaided_schools_SIISSSSSSISSSSS">
				<SimpleData name="Address">H K ROAD IRANIWADI  ROAD 1 KANDIVALI WEST</SimpleData>
				<SimpleData name="Cls_From">1</SimpleData>
				<SimpleData name="Cls_To">4</SimpleData>
				<SimpleData name="Email">sonalkv@hotmail.com</SimpleData>
				<SimpleData name="GoogleMaps">https://www.google.com/maps/search/?api=1&amp;query=19.2062950006463,72.851405999948</SimpleData>
				<SimpleData name="Landline_1">022-28071360</SimpleData>
				<SimpleData name="Lat">19.2062950006463</SimpleData>
				<SimpleData name="Long">72.851405999948</SimpleData>
				<SimpleData name="Name">DHANAMAL ENGLISH TEACING SCHOOL</SimpleData>
				<SimpleData name="OBJECTID_1">78</SimpleData>
				<SimpleData name="Owner_Dept">Education Dept</SimpleData>
				<SimpleData name="School_Typ">3-Co-educational</SimpleData>
				<SimpleData name="Twitter_Ha">@mybmcedu</SimpleData>
				<SimpleData name="Ward">R/S-WARD</SimpleData>
				<SimpleData name="Website">dhanamal.org</SimpleData>
			</SchemaData>
		</ExtendedData>
		<Point>
			<coordinates>72.851406,19.206295,0</coordinates>
		</Point>
	</Placemark>
	<Placemark>
		<name>SHREE JAMNADAS ADUKLA ENGLISH SCHOOL</name>
		<visibility>0</visibility>
		<styleUrl>#mumbai_unaided_schools_style</styleUrl>
		<ExtendedData>
			<SchemaData schemaUrl="#J_mumbai_unaided_schools_SIISSSSSSISSSSS">
				<SimpleData name="Address">ram gally adukia road near icici bank kandivali west mumbai 400067</SimpleData>
				<SimpleData name="Cls_From">1</SimpleData>
				<SimpleData name="Cls_To">4</SimpleData>
				<SimpleData name="Email">sjadukia@gmail.com</SimpleData>
				<SimpleData name="GoogleMaps">https://www.google.com/maps/search/?api=1&amp;query=19.2004789999045,72.8466779997761</SimpleData>
				<SimpleData name="Landline_1">022-28072529</SimpleData>
				<SimpleData name="Lat">19.2004789999045</SimpleData>
				<SimpleData name="Long">72.8466779997761</SimpleData>
				<SimpleData name="Name">SHREE JAMNADAS ADUKLA ENGLISH SCHOOL</SimpleData>
				<SimpleData name="OBJECTID_1">79</SimpleData>
				<SimpleData name="Owner_Dept">Education Dept</SimpleData>
				<SimpleData name="School_Typ">3-Co-educational</SimpleData>
				<SimpleData name="Twitter_Ha">@mybmcedu</SimpleData>
				<SimpleData name="Ward">R/S-WARD</SimpleData>
				<SimpleData name="Website"> </SimpleData>
			</SchemaData>
		</ExtendedData>
		<Point>
			<coordinates>72.846678,19.200479,0</coordinates>
		</Point>
	</Placemark>
	<Placemark>
		<name>KANTILAL RAVJI MAKHECHA</name>
		<visibility>0</visibility>
		<styleUrl>#mumbai_unaided_schools_style</styleUrl>
		<ExtendedData>
			<SchemaData schemaUrl="#J_mumbai_unaided_schools_SIISSSSSSISSSSS">
				<SimpleData name="Address">Mangubhai Dattani Road , Near Atul Tower , Kandivali west</SimpleData>
				<SimpleData name="Cls_From">1</SimpleData>
				<SimpleData name="Cls_To">4</SimpleData>
				<SimpleData name="Email">rjmakhecha@rediffmail.com</SimpleData>
				<SimpleData name="GoogleMaps">https://www.google.com/maps/search/?api=1&amp;query=19.200855000324,72.8383519999641</SimpleData>
				<SimpleData name="Landline_1">022-28657910</SimpleData>
				<SimpleData name="Lat">19.200855000324</SimpleData>
				<SimpleData name="Long">72.8383519999641</SimpleData>
				<SimpleData name="Name">KANTILAL RAVJI MAKHECHA</SimpleData>
				<SimpleData name="OBJECTID_1">80</SimpleData>
				<SimpleData name="Owner_Dept">Education Dept</SimpleData>
				<SimpleData name="School_Typ">3-Co-educational</SimpleData>
				<SimpleData name="Twitter_Ha">@mybmcedu</SimpleData>
				<SimpleData name="Ward">R/S-WARD</SimpleData>
				<SimpleData name="Website">education.maharashtra.gov.in/saral/27220200233</SimpleData>
			</SchemaData>
		</ExtendedData>
		<Point>
			<coordinates>72.838352,19.200855,0</coordinates>
		</Point>
	</Placemark>
	<Placemark>
		<name>RD VIDYAMANDIR</name>
		<visibility>0</visibility>
		<styleUrl>#mumbai_unaided_schools_style</styleUrl>
		<ExtendedData>
			<SchemaData schemaUrl="#J_mumbai_unaided_schools_SIISSSSSSISSSSS">
				<SimpleData name="Address">k.d compound gandhi nagar charkop kandivali west mumbai 400067</SimpleData>
				<SimpleData name="Cls_From">1</SimpleData>
				<SimpleData name="Cls_To">4</SimpleData>
				<SimpleData name="Email">rdvidymandirschool842@gmail.com</SimpleData>
				<SimpleData name="GoogleMaps">https://www.google.com/maps/search/?api=1&amp;query=19.2052470005751,72.8327079994649</SimpleData>
				<SimpleData name="Landline_1">022-0</SimpleData>
				<SimpleData name="Lat">19.2052470005751</SimpleData>
				<SimpleData name="Long">72.8327079994649</SimpleData>
				<SimpleData name="Name">RD VIDYAMANDIR</SimpleData>
				<SimpleData name="OBJECTID_1">81</SimpleData>
				<SimpleData name="Owner_Dept">Education Dept</SimpleData>
				<SimpleData name="School_Typ">3-Co-educational</SimpleData>
				<SimpleData name="Twitter_Ha">@mybmcedu</SimpleData>
				<SimpleData name="Ward">R/S-WARD</SimpleData>
				<SimpleData name="Website"> </SimpleData>
			</SchemaData>
		</ExtendedData>
		<Point>
			<coordinates>72.832708,19.205247,0</coordinates>
		</Point>
	</Placemark>
	<Placemark>
		<name>BHARAT BHARTI PRIMARY VIDYALAY</name>
		<visibility>0</visibility>
		<styleUrl>#mumbai_unaided_schools_style</styleUrl>
		<ExtendedData>
			<SchemaData schemaUrl="#J_mumbai_unaided_schools_SIISSSSSSISSSSS">
				<SimpleData name="Address">SHANKAR PADA NO. 2 NR LALJI PADA POLICE CHOWKY NEW LINK ROAD KANDIVALI WEST MUMBAI 400067</SimpleData>
				<SimpleData name="Cls_From">1</SimpleData>
				<SimpleData name="Cls_To">4</SimpleData>
				<SimpleData name="Email">principalbbhs@yahoo.com</SimpleData>
				<SimpleData name="GoogleMaps">https://www.google.com/maps/search/?api=1&amp;query=19.2034080000891,72.8349179996996</SimpleData>
				<SimpleData name="Landline_1">022-29678326</SimpleData>
				<SimpleData name="Lat">19.2034080000891</SimpleData>
				<SimpleData name="Long">72.8349179996996</SimpleData>
				<SimpleData name="Name">BHARAT BHARTI PRIMARY VIDYALAY</SimpleData>
				<SimpleData name="OBJECTID_1">82</SimpleData>
				<SimpleData name="Owner_Dept">Education Dept</SimpleData>
				<SimpleData name="School_Typ">3-Co-educational</SimpleData>
				<SimpleData name="Twitter_Ha">@mybmcedu</SimpleData>
				<SimpleData name="Ward">R/S-WARD</SimpleData>
				<SimpleData name="Website"> </SimpleData>
			</SchemaData>
		</ExtendedData>
		<Point>
			<coordinates>72.834918,19.203408,0</coordinates>
		</Point>
	</Placemark>
	<Placemark>
		<name>PARMANAD JETHANANAD PANCHOLIYA HIGH SCHOOL</name>
		<visibility>0</visibility>
		<styleUrl>#mumbai_unaided_schools_style</styleUrl>
		<ExtendedData>
			<SchemaData schemaUrl="#J_mumbai_unaided_schools_SIISSSSSSISSSSS">
				<SimpleData name="Address">Mahavir Nagar, Danukarwadi, Kandivali West</SimpleData>
				<SimpleData name="Cls_From">1</SimpleData>
				<SimpleData name="Cls_To">4</SimpleData>
				<SimpleData name="Email">pancholiaschool@gmail.com</SimpleData>
				<SimpleData name="GoogleMaps">https://www.google.com/maps/search/?api=1&amp;query=19.2137590001168,72.8390469999801</SimpleData>
				<SimpleData name="Landline_1">022-28605016</SimpleData>
				<SimpleData name="Lat">19.2137590001168</SimpleData>
				<SimpleData name="Long">72.8390469999801</SimpleData>
				<SimpleData name="Name">PARMANAD JETHANANAD PANCHOLIYA HIGH SCHOOL</SimpleData>
				<SimpleData name="OBJECTID_1">83</SimpleData>
				<SimpleData name="Owner_Dept">Education Dept</SimpleData>
				<SimpleData name="School_Typ">3-Co-educational</SimpleData>
				<SimpleData name="Twitter_Ha">@mybmcedu</SimpleData>
				<SimpleData name="Ward">R/S-WARD</SimpleData>
				<SimpleData name="Website">www.pancholiaschool.com</SimpleData>
			</SchemaData>
		</ExtendedData>
		<Point>
			<coordinates>72.83904699999999,19.213759,0</coordinates>
		</Point>
	</Placemark>
	<Placemark>
		<name>I.E.S ENGLISH MEDIUM PRIMARY SCHOOL CHARKOP</name>
		<visibility>0</visibility>
		<styleUrl>#mumbai_unaided_schools_style</styleUrl>
		<ExtendedData>
			<SchemaData schemaUrl="#J_mumbai_unaided_schools_SIISSSSSSISSSSS">
				<SimpleData name="Address">IES English Medium Primary, Plot No. 151, Sector 2, Charkop,Kandivali.</SimpleData>
				<SimpleData name="Cls_From">1</SimpleData>
				<SimpleData name="Cls_To">4</SimpleData>
				<SimpleData name="Email">charkop.primary.english@ies.edu</SimpleData>
				<SimpleData name="GoogleMaps">https://www.google.com/maps/search/?api=1&amp;query=19.213165999394,72.8233579997953</SimpleData>
				<SimpleData name="Landline_1">022-28695883</SimpleData>
				<SimpleData name="Lat">19.213165999394</SimpleData>
				<SimpleData name="Long">72.8233579997953</SimpleData>
				<SimpleData name="Name">I.E.S ENGLISH MEDIUM PRIMARY SCHOOL CHARKOP</SimpleData>
				<SimpleData name="OBJECTID_1">84</SimpleData>
				<SimpleData name="Owner_Dept">Education Dept</SimpleData>
				<SimpleData name="School_Typ">3-Co-educational</SimpleData>
				<SimpleData name="Twitter_Ha">@mybmcedu</SimpleData>
				<SimpleData name="Ward">R/S-WARD</SimpleData>
				<SimpleData name="Website"> </SimpleData>
			</SchemaData>
		</ExtendedData>
		<Point>
			<coordinates>72.823358,19.213166,0</coordinates>
		</Point>
	</Placemark>
	<Placemark>
		<name>MOTHER TERESA ENG LP</name>
		<visibility>0</visibility>
		<styleUrl>#mumbai_unaided_schools_style</styleUrl>
		<ExtendedData>
			<SchemaData schemaUrl="#J_mumbai_unaided_schools_SIISSSSSSISSSSS">
				<SimpleData name="Address">2/148, sector 1, charkop, kandivali w. mumbai 400067.</SimpleData>
				<SimpleData name="Cls_From">1</SimpleData>
				<SimpleData name="Cls_To">4</SimpleData>
				<SimpleData name="Email">rupeshpatil121@gmail.com</SimpleData>
				<SimpleData name="GoogleMaps">https://www.google.com/maps/search/?api=1&amp;query=19.2127629995373,72.8250770006421</SimpleData>
				<SimpleData name="Landline_1">022-28695752</SimpleData>
				<SimpleData name="Lat">19.2127629995373</SimpleData>
				<SimpleData name="Long">72.8250770006421</SimpleData>
				<SimpleData name="Name">MOTHER TERESA ENG LP</SimpleData>
				<SimpleData name="OBJECTID_1">85</SimpleData>
				<SimpleData name="Owner_Dept">Education Dept</SimpleData>
				<SimpleData name="School_Typ">3-Co-educational</SimpleData>
				<SimpleData name="Twitter_Ha">@mybmcedu</SimpleData>
				<SimpleData name="Ward">R/S-WARD</SimpleData>
				<SimpleData name="Website">education.maharashtra.gov.in/saral/27220200245</SimpleData>
			</SchemaData>
		</ExtendedData>
		<Point>
			<coordinates>72.82507699999999,19.212763,0</coordinates>
		</Point>
	</Placemark>
	<Placemark>
		<name>HOLY INFANT LP</name>
		<visibility>0</visibility>
		<styleUrl>#mumbai_unaided_schools_style</styleUrl>
		<ExtendedData>
			<SchemaData schemaUrl="#J_mumbai_unaided_schools_SIISSSSSSISSSSS">
				<SimpleData name="Address">Ganesh Nagar, Charkop Kandivali - West , Mumbai - 400067</SimpleData>
				<SimpleData name="Cls_From">1</SimpleData>
				<SimpleData name="Cls_To">4</SimpleData>
				<SimpleData name="Email">holyinfanthighschool@gmail.com</SimpleData>
				<SimpleData name="GoogleMaps">https://www.google.com/maps/search/?api=1&amp;query=19.2018879998609,72.829272000262</SimpleData>
				<SimpleData name="Landline_1">022-29673663</SimpleData>
				<SimpleData name="Lat">19.2018879998609</SimpleData>
				<SimpleData name="Long">72.829272000262</SimpleData>
				<SimpleData name="Name">HOLY INFANT LP</SimpleData>
				<SimpleData name="OBJECTID_1">86</SimpleData>
				<SimpleData name="Owner_Dept">Education Dept</SimpleData>
				<SimpleData name="School_Typ">3-Co-educational</SimpleData>
				<SimpleData name="Twitter_Ha">@mybmcedu</SimpleData>
				<SimpleData name="Ward">R/S-WARD</SimpleData>
				<SimpleData name="Website"> </SimpleData>
			</SchemaData>
		</ExtendedData>
		<Point>
			<coordinates>72.829272,19.201888,0</coordinates>
		</Point>
	</Placemark>
	<Placemark>
		<name>SHREE DAYANAD VIDYALAYA HINDI PRIMARY</name>
		<visibility>0</visibility>
		<styleUrl>#mumbai_unaided_schools_style</styleUrl>
		<ExtendedData>
			<SchemaData schemaUrl="#J_mumbai_unaided_schools_SIISSSSSSISSSSS">
				<SimpleData name="Address">plot no.3, sect. 01, charkop kandivali w</SimpleData>
				<SimpleData name="Cls_From">1</SimpleData>
				<SimpleData name="Cls_To">4</SimpleData>
				<SimpleData name="Email">sdvinpri@gmail.com</SimpleData>
				<SimpleData name="GoogleMaps">https://www.google.com/maps/search/?api=1&amp;query=19.2131709998889,72.8281999999507</SimpleData>
				<SimpleData name="Landline_1">022-28691006</SimpleData>
				<SimpleData name="Lat">19.2131709998889</SimpleData>
				<SimpleData name="Long">72.8281999999507</SimpleData>
				<SimpleData name="Name">SHREE DAYANAD VIDYALAYA HINDI PRIMARY</SimpleData>
				<SimpleData name="OBJECTID_1">87</SimpleData>
				<SimpleData name="Owner_Dept">Education Dept</SimpleData>
				<SimpleData name="School_Typ">3-Co-educational</SimpleData>
				<SimpleData name="Twitter_Ha">@mybmcedu</SimpleData>
				<SimpleData name="Ward">R/S-WARD</SimpleData>
				<SimpleData name="Website">education.maharashtra.gov.in</SimpleData>
			</SchemaData>
		</ExtendedData>
		<Point>
			<coordinates>72.8282,19.213171,0</coordinates>
		</Point>
	</Placemark>
	<Placemark>
		<name>DR.B.R.AMBEDKAR HINDI PRIMARY SCHOOL</name>
		<visibility>0</visibility>
		<styleUrl>#mumbai_unaided_schools_style</styleUrl>
		<ExtendedData>
			<SchemaData schemaUrl="#J_mumbai_unaided_schools_SIISSSSSSISSSSS">
				<SimpleData name="Address">Savdhan seva society, 90 fit road, Gandhi Nagar, Kandivali west Mumbai 400067.</SimpleData>
				<SimpleData name="Cls_From">1</SimpleData>
				<SimpleData name="Cls_To">4</SimpleData>
				<SimpleData name="Email">ranjanarajeshyadav1@gmail.com</SimpleData>
				<SimpleData name="GoogleMaps">https://www.google.com/maps/search/?api=1&amp;query=19.2029790005405,72.8320679993839</SimpleData>
				<SimpleData name="Landline_1">022-29675265</SimpleData>
				<SimpleData name="Lat">19.2029790005405</SimpleData>
				<SimpleData name="Long">72.8320679993839</SimpleData>
				<SimpleData name="Name">DR.B.R.AMBEDKAR HINDI PRIMARY SCHOOL</SimpleData>
				<SimpleData name="OBJECTID_1">88</SimpleData>
				<SimpleData name="Owner_Dept">Education Dept</SimpleData>
				<SimpleData name="School_Typ">3-Co-educational</SimpleData>
				<SimpleData name="Twitter_Ha">@mybmcedu</SimpleData>
				<SimpleData name="Ward">R/S-WARD</SimpleData>
				<SimpleData name="Website"> </SimpleData>
			</SchemaData>
		</ExtendedData>
		<Point>
			<coordinates>72.83206800000001,19.202979,0</coordinates>
		</Point>
	</Placemark>
	<Placemark>
		<name>ST MARY&apos;S PRIMARY SCHOOL</name>
		<visibility>0</visibility>
		<styleUrl>#mumbai_unaided_schools_style</styleUrl>
		<ExtendedData>
			<SchemaData schemaUrl="#J_mumbai_unaided_schools_SIISSSSSSISSSSS">
				<SimpleData name="Address">St Marys English Primary School Sector 2 Charkop Kandivali West Mumbai 400067</SimpleData>
				<SimpleData name="Cls_From">1</SimpleData>
				<SimpleData name="Cls_To">4</SimpleData>
				<SimpleData name="Email">stmaryscharkop2@gmail.com</SimpleData>
				<SimpleData name="GoogleMaps">https://www.google.com/maps/search/?api=1&amp;query=19.2123819998871,72.8199570000097</SimpleData>
				<SimpleData name="Landline_1">022-28689148</SimpleData>
				<SimpleData name="Lat">19.2123819998871</SimpleData>
				<SimpleData name="Long">72.8199570000097</SimpleData>
				<SimpleData name="Name">ST MARY&apos;S PRIMARY SCHOOL</SimpleData>
				<SimpleData name="OBJECTID_1">89</SimpleData>
				<SimpleData name="Owner_Dept">Education Dept</SimpleData>
				<SimpleData name="School_Typ">3-Co-educational</SimpleData>
				<SimpleData name="Twitter_Ha">@mybmcedu</SimpleData>
				<SimpleData name="Ward">R/S-WARD</SimpleData>
				<SimpleData name="Website"> </SimpleData>
			</SchemaData>
		</ExtendedData>
		<Point>
			<coordinates>72.819957,19.212382,0</coordinates>
		</Point>
	</Placemark>
	<Placemark>
		<name>S.V.N ENGLISH PRIMARY SCHOOL</name>
		<visibility>0</visibility>
		<styleUrl>#mumbai_unaided_schools_style</styleUrl>
		<ExtendedData>
			<SchemaData schemaUrl="#J_mumbai_unaided_schools_SIISSSSSSISSSSS">
				<SimpleData name="Address">SAVDHAN SEVA SOCIETY 60FEET ROAD KANDIVAL WEST MUMBAI 400067</SimpleData>
				<SimpleData name="Cls_From">1</SimpleData>
				<SimpleData name="Cls_To">4</SimpleData>
				<SimpleData name="Email">om_syadav@yahoo.com</SimpleData>
				<SimpleData name="GoogleMaps">https://www.google.com/maps/search/?api=1&amp;query=19.2029700001831,72.831989999636</SimpleData>
				<SimpleData name="Landline_1">022-29675265</SimpleData>
				<SimpleData name="Lat">19.2029700001831</SimpleData>
				<SimpleData name="Long">72.831989999636</SimpleData>
				<SimpleData name="Name">S.V.N ENGLISH PRIMARY SCHOOL</SimpleData>
				<SimpleData name="OBJECTID_1">90</SimpleData>
				<SimpleData name="Owner_Dept">Education Dept</SimpleData>
				<SimpleData name="School_Typ">3-Co-educational</SimpleData>
				<SimpleData name="Twitter_Ha">@mybmcedu</SimpleData>
				<SimpleData name="Ward">R/S-WARD</SimpleData>
				<SimpleData name="Website"> </SimpleData>
			</SchemaData>
		</ExtendedData>
		<Point>
			<coordinates>72.83199,19.20297,0</coordinates>
		</Point>
	</Placemark>
	<Placemark>
		<name>SHREE DAYANAND VIDYALAYA ENGLISH PRIMARY</name>
		<visibility>0</visibility>
		<styleUrl>#mumbai_unaided_schools_style</styleUrl>
		<ExtendedData>
			<SchemaData schemaUrl="#J_mumbai_unaided_schools_SIISSSSSSISSSSS">
				<SimpleData name="Address">Plot No.3 RSC-13, Sector No.1 Near Sahyadri nagar charkop kandivali west mumbai-67</SimpleData>
				<SimpleData name="Cls_From">1</SimpleData>
				<SimpleData name="Cls_To">4</SimpleData>
				<SimpleData name="Email">sdvengpri@gmail.com</SimpleData>
				<SimpleData name="GoogleMaps">https://www.google.com/maps/search/?api=1&amp;query=19.2131709998889,72.8281999999507</SimpleData>
				<SimpleData name="Landline_1">022-28685501</SimpleData>
				<SimpleData name="Lat">19.2131709998889</SimpleData>
				<SimpleData name="Long">72.8281999999507</SimpleData>
				<SimpleData name="Name">SHREE DAYANAND VIDYALAYA ENGLISH PRIMARY</SimpleData>
				<SimpleData name="OBJECTID_1">91</SimpleData>
				<SimpleData name="Owner_Dept">Education Dept</SimpleData>
				<SimpleData name="School_Typ">3-Co-educational</SimpleData>
				<SimpleData name="Twitter_Ha">@mybmcedu</SimpleData>
				<SimpleData name="Ward">R/S-WARD</SimpleData>
				<SimpleData name="Website"> </SimpleData>
			</SchemaData>
		</ExtendedData>
		<Point>
			<coordinates>72.8282,19.213171,0</coordinates>
		</Point>
	</Placemark>
	<Placemark>
		<name>ST.JOSEPHS HIGH SCHOOL PRIMARY SECTION</name>
		<visibility>0</visibility>
		<styleUrl>#mumbai_unaided_schools_style</styleUrl>
		<ExtendedData>
			<SchemaData schemaUrl="#J_mumbai_unaided_schools_SIISSSSSSISSSSS">
				<SimpleData name="Address">MG ROAD DAHANUKARWADI KANDIVLI WEST MUMBAI 400067</SimpleData>
				<SimpleData name="Cls_From">1</SimpleData>
				<SimpleData name="Cls_To">4</SimpleData>
				<SimpleData name="Email">sjhspl911@gmail.com</SimpleData>
				<SimpleData name="GoogleMaps">https://www.google.com/maps/search/?api=1&amp;query=19.2067830001082,72.8391120002045</SimpleData>
				<SimpleData name="Landline_1">022-28053965</SimpleData>
				<SimpleData name="Lat">19.2067830001082</SimpleData>
				<SimpleData name="Long">72.8391120002045</SimpleData>
				<SimpleData name="Name">ST.JOSEPHS HIGH SCHOOL PRIMARY SECTION</SimpleData>
				<SimpleData name="OBJECTID_1">92</SimpleData>
				<SimpleData name="Owner_Dept">Education Dept</SimpleData>
				<SimpleData name="School_Typ">3-Co-educational</SimpleData>
				<SimpleData name="Twitter_Ha">@mybmcedu</SimpleData>
				<SimpleData name="Ward">R/S-WARD</SimpleData>
				<SimpleData name="Website"> </SimpleData>
			</SchemaData>
		</ExtendedData>
		<Point>
			<coordinates>72.839112,19.206783,0</coordinates>
		</Point>
	</Placemark>
	<Placemark>
		<name>GANDHI VIDYAMANDIR ENG</name>
		<visibility>0</visibility>
		<styleUrl>#mumbai_unaided_schools_style</styleUrl>
		<ExtendedData>
			<SchemaData schemaUrl="#J_mumbai_unaided_schools_SIISSSSSSISSSSS">
				<SimpleData name="Address">LALJI PADA GANDHI NAGAR NEW LINK ROAD KANDIVALI WEST MUMBAI 400067</SimpleData>
				<SimpleData name="Cls_From">1</SimpleData>
				<SimpleData name="Cls_To">4</SimpleData>
				<SimpleData name="Email">gandhiprimary@yahoo.com</SimpleData>
				<SimpleData name="GoogleMaps">https://www.google.com/maps/search/?api=1&amp;query=19.201047999796,72.8333719995679</SimpleData>
				<SimpleData name="Landline_1">022-29674354</SimpleData>
				<SimpleData name="Lat">19.201047999796</SimpleData>
				<SimpleData name="Long">72.8333719995679</SimpleData>
				<SimpleData name="Name">GANDHI VIDYAMANDIR ENG</SimpleData>
				<SimpleData name="OBJECTID_1">93</SimpleData>
				<SimpleData name="Owner_Dept">Education Dept</SimpleData>
				<SimpleData name="School_Typ">3-Co-educational</SimpleData>
				<SimpleData name="Twitter_Ha">@mybmcedu</SimpleData>
				<SimpleData name="Ward">R/S-WARD</SimpleData>
				<SimpleData name="Website">education.maharashtra.gov.in/saral/27220200266</SimpleData>
			</SchemaData>
		</ExtendedData>
		<Point>
			<coordinates>72.833372,19.201048,0</coordinates>
		</Point>
	</Placemark>
	<Placemark>
		<name>SHISHU VIKAS TRUST LP</name>
		<visibility>0</visibility>
		<styleUrl>#mumbai_unaided_schools_style</styleUrl>
		<ExtendedData>
			<SchemaData schemaUrl="#J_mumbai_unaided_schools_SIISSSSSSISSSSS">
				<SimpleData name="Address">NARAWANE FARM HOUSE, M.G. ROAD, OPP. SWIMMING POOL, KANDIVALI WEST, MUMBAI-400067</SimpleData>
				<SimpleData name="Cls_From">1</SimpleData>
				<SimpleData name="Cls_To">4</SimpleData>
				<SimpleData name="Email">shishuvikasmarathi@gmail.com</SimpleData>
				<SimpleData name="GoogleMaps">https://www.google.com/maps/search/?api=1&amp;query=19.2085259994524,72.8457399996931</SimpleData>
				<SimpleData name="Landline_1">022-28658261</SimpleData>
				<SimpleData name="Lat">19.2085259994524</SimpleData>
				<SimpleData name="Long">72.8457399996931</SimpleData>
				<SimpleData name="Name">SHISHU VIKAS TRUST LP</SimpleData>
				<SimpleData name="OBJECTID_1">94</SimpleData>
				<SimpleData name="Owner_Dept">Education Dept</SimpleData>
				<SimpleData name="School_Typ">3-Co-educational</SimpleData>
				<SimpleData name="Twitter_Ha">@mybmcedu</SimpleData>
				<SimpleData name="Ward">R/S-WARD</SimpleData>
				<SimpleData name="Website"> </SimpleData>
			</SchemaData>
		</ExtendedData>
		<Point>
			<coordinates>72.84574000000001,19.208526,0</coordinates>
		</Point>
	</Placemark>
	<Placemark>
		<name>M.L.R.T GALA PIONEER ENGLISH SCHOOL</name>
		<visibility>0</visibility>
		<styleUrl>#mumbai_unaided_schools_style</styleUrl>
		<ExtendedData>
			<SchemaData schemaUrl="#J_mumbai_unaided_schools_SIISSSSSSISSSSS">
				<SimpleData name="Address">opp. E.S.I.S. Hospital Kandivali East Mumabi - 400101</SimpleData>
				<SimpleData name="Cls_From">1</SimpleData>
				<SimpleData name="Cls_To">4</SimpleData>
				<SimpleData name="Email">gala_pioneer@yahoo.co.in</SimpleData>
				<SimpleData name="GoogleMaps">https://www.google.com/maps/search/?api=1&amp;query=19.2034199995514,72.8547390006351</SimpleData>
				<SimpleData name="Landline_1">022-28873081</SimpleData>
				<SimpleData name="Lat">19.2034199995514</SimpleData>
				<SimpleData name="Long">72.8547390006351</SimpleData>
				<SimpleData name="Name">M.L.R.T GALA PIONEER ENGLISH SCHOOL</SimpleData>
				<SimpleData name="OBJECTID_1">95</SimpleData>
				<SimpleData name="Owner_Dept">Education Dept</SimpleData>
				<SimpleData name="School_Typ">3-Co-educational</SimpleData>
				<SimpleData name="Twitter_Ha">@mybmcedu</SimpleData>
				<SimpleData name="Ward">R/S-WARD</SimpleData>
				<SimpleData name="Website"> </SimpleData>
			</SchemaData>
		</ExtendedData>
		<Point>
			<coordinates>72.854739,19.20342,0</coordinates>
		</Point>
	</Placemark>
	<Placemark>
		<name>SHRI BHASKAR JANGAM HIGH SCHOOL</name>
		<visibility>0</visibility>
		<styleUrl>#mumbai_unaided_schools_style</styleUrl>
		<ExtendedData>
			<SchemaData schemaUrl="#J_mumbai_unaided_schools_SIISSSSSSISSSSS">
				<SimpleData name="Address">Bhaskar Jangam chawl, Near Sai mandir,Poisar, Gaodevi road, Kandivali E</SimpleData>
				<SimpleData name="Cls_From">1</SimpleData>
				<SimpleData name="Cls_To">8</SimpleData>
				<SimpleData name="Email">sbjhs181215@gmail.com</SimpleData>
				<SimpleData name="GoogleMaps">https://www.google.com/maps/search/?api=1&amp;query=19.212850000284,72.8552300005267</SimpleData>
				<SimpleData name="Landline_1">022-8542151</SimpleData>
				<SimpleData name="Lat">19.212850000284</SimpleData>
				<SimpleData name="Long">72.8552300005267</SimpleData>
				<SimpleData name="Name">SHRI BHASKAR JANGAM HIGH SCHOOL</SimpleData>
				<SimpleData name="OBJECTID_1">96</SimpleData>
				<SimpleData name="Owner_Dept">Education Dept</SimpleData>
				<SimpleData name="School_Typ">3-Co-educational</SimpleData>
				<SimpleData name="Twitter_Ha">@mybmcedu</SimpleData>
				<SimpleData name="Ward">R/S-WARD</SimpleData>
				<SimpleData name="Website"> </SimpleData>
			</SchemaData>
		</ExtendedData>
		<Point>
			<coordinates>72.85523000000001,19.21285,0</coordinates>
		</Point>
	</Placemark>
	<Placemark>
		<name>SAMATA VIDYA MANDIR PRIMARY ENGLISH</name>
		<visibility>0</visibility>
		<styleUrl>#mumbai_unaided_schools_style</styleUrl>
		<ExtendedData>
			<SchemaData schemaUrl="#J_mumbai_unaided_schools_SIISSSSSSISSSSS">
				<SimpleData name="Address">samata nagar kandivali east</SimpleData>
				<SimpleData name="Cls_From">1</SimpleData>
				<SimpleData name="Cls_To">4</SimpleData>
				<SimpleData name="Email">vinods0385@gmail.com</SimpleData>
				<SimpleData name="GoogleMaps">https://www.google.com/maps/search/?api=1&amp;query=19.2070119996418,72.8712089994665</SimpleData>
				<SimpleData name="Landline_1">022-28850267</SimpleData>
				<SimpleData name="Lat">19.2070119996418</SimpleData>
				<SimpleData name="Long">72.8712089994665</SimpleData>
				<SimpleData name="Name">SAMATA VIDYA MANDIR PRIMARY ENGLISH</SimpleData>
				<SimpleData name="OBJECTID_1">97</SimpleData>
				<SimpleData name="Owner_Dept">Education Dept</SimpleData>
				<SimpleData name="School_Typ">3-Co-educational</SimpleData>
				<SimpleData name="Twitter_Ha">@mybmcedu</SimpleData>
				<SimpleData name="Ward">R/S-WARD</SimpleData>
				<SimpleData name="Website"> </SimpleData>
			</SchemaData>
		</ExtendedData>
		<Point>
			<coordinates>72.87120899999999,19.207012,0</coordinates>
		</Point>
	</Placemark>
	<Placemark>
		<name>ST LAWRENCE ENG LP</name>
		<visibility>0</visibility>
		<styleUrl>#mumbai_unaided_schools_style</styleUrl>
		<ExtendedData>
			<SchemaData schemaUrl="#J_mumbai_unaided_schools_SIISSSSSSISSSSS">
				<SimpleData name="Address">Asha Nagar Thakur Complex Kandivli E Mumbai 400101</SimpleData>
				<SimpleData name="Cls_From">1</SimpleData>
				<SimpleData name="Cls_To">4</SimpleData>
				<SimpleData name="Email">slhskandivli@gmail.com</SimpleData>
				<SimpleData name="GoogleMaps">https://www.google.com/maps/search/?api=1&amp;query=19.2129620001155,72.8623280002634</SimpleData>
				<SimpleData name="Landline_1">022-28540074</SimpleData>
				<SimpleData name="Lat">19.2129620001155</SimpleData>
				<SimpleData name="Long">72.8623280002634</SimpleData>
				<SimpleData name="Name">ST LAWRENCE ENG LP</SimpleData>
				<SimpleData name="OBJECTID_1">98</SimpleData>
				<SimpleData name="Owner_Dept">Education Dept</SimpleData>
				<SimpleData name="School_Typ">3-Co-educational</SimpleData>
				<SimpleData name="Twitter_Ha">@mybmcedu</SimpleData>
				<SimpleData name="Ward">R/S-WARD</SimpleData>
				<SimpleData name="Website"> </SimpleData>
			</SchemaData>
		</ExtendedData>
		<Point>
			<coordinates>72.86232800000001,19.212962,0</coordinates>
		</Point>
	</Placemark>
	<Placemark>
		<name>THAKUR VIDYA MANDIR</name>
		<visibility>0</visibility>
		<styleUrl>#mumbai_unaided_schools_style</styleUrl>
		<ExtendedData>
			<SchemaData schemaUrl="#J_mumbai_unaided_schools_SIISSSSSSISSSSS">
				<SimpleData name="Address">THAKUR COMPLEX KANDIVALI EAST MUMBAI</SimpleData>
				<SimpleData name="Cls_From">1</SimpleData>
				<SimpleData name="Cls_To">4</SimpleData>
				<SimpleData name="Email">contact@tvmmumbai.in</SimpleData>
				<SimpleData name="GoogleMaps">https://www.google.com/maps/search/?api=1&amp;query=19.2097039997481,72.8652009994896</SimpleData>
				<SimpleData name="Landline_1">022-40500300</SimpleData>
				<SimpleData name="Lat">19.2097039997481</SimpleData>
				<SimpleData name="Long">72.8652009994896</SimpleData>
				<SimpleData name="Name">THAKUR VIDYA MANDIR</SimpleData>
				<SimpleData name="OBJECTID_1">99</SimpleData>
				<SimpleData name="Owner_Dept">Education Dept</SimpleData>
				<SimpleData name="School_Typ">3-Co-educational</SimpleData>
				<SimpleData name="Twitter_Ha">@mybmcedu</SimpleData>
				<SimpleData name="Ward">R/S-WARD</SimpleData>
				<SimpleData name="Website">www.education.maharashtra.gov.in/saral/27220900325</SimpleData>
			</SchemaData>
		</ExtendedData>
		<Point>
			<coordinates>72.865201,19.209704,0</coordinates>
		</Point>
	</Placemark>
	<Placemark>
		<name>PAL RAJENDRA PRIMARY ENGLISH SCHOOL</name>
		<visibility>0</visibility>
		<styleUrl>#mumbai_unaided_schools_style</styleUrl>
		<ExtendedData>
			<SchemaData schemaUrl="#J_mumbai_unaided_schools_SIISSSSSSISSSSS">
				<SimpleData name="Address">HANUMAN NAGAR AKURLI ROAD KANDIVALI EAST</SimpleData>
				<SimpleData name="Cls_From">1</SimpleData>
				<SimpleData name="Cls_To">4</SimpleData>
				<SimpleData name="Email">palrajendra@rajendrapal.org</SimpleData>
				<SimpleData name="GoogleMaps">https://www.google.com/maps/search/?api=1&amp;query=19.2091429999007,72.8679309999564</SimpleData>
				<SimpleData name="Landline_1">022-29655683</SimpleData>
				<SimpleData name="Lat">19.2091429999007</SimpleData>
				<SimpleData name="Long">72.8679309999564</SimpleData>
				<SimpleData name="Name">PAL RAJENDRA PRIMARY ENGLISH SCHOOL</SimpleData>
				<SimpleData name="OBJECTID_1">100</SimpleData>
				<SimpleData name="Owner_Dept">Education Dept</SimpleData>
				<SimpleData name="School_Typ">3-Co-educational</SimpleData>
				<SimpleData name="Twitter_Ha">@mybmcedu</SimpleData>
				<SimpleData name="Ward">R/S-WARD</SimpleData>
				<SimpleData name="Website">www.rajendrapal.org</SimpleData>
			</SchemaData>
		</ExtendedData>
		<Point>
			<coordinates>72.867931,19.209143,0</coordinates>
		</Point>
	</Placemark>
	<Placemark>
		<name>SHREE RAGHUBIR PRI ENG SCHOOL</name>
		<visibility>0</visibility>
		<styleUrl>#mumbai_unaided_schools_style</styleUrl>
		<ExtendedData>
			<SchemaData schemaUrl="#J_mumbai_unaided_schools_SIISSSSSSISSSSS">
				<SimpleData name="Address">narsi pada hanuman nagar kandivali east</SimpleData>
				<SimpleData name="Cls_From">1</SimpleData>
				<SimpleData name="Cls_To">4</SimpleData>
				<SimpleData name="Email">raghubirschool@yahoo.in</SimpleData>
				<SimpleData name="GoogleMaps">https://www.google.com/maps/search/?api=1&amp;query=19.2024270003545,72.8648340000532</SimpleData>
				<SimpleData name="Landline_1">022-28875640</SimpleData>
				<SimpleData name="Lat">19.2024270003545</SimpleData>
				<SimpleData name="Long">72.8648340000532</SimpleData>
				<SimpleData name="Name">SHREE RAGHUBIR PRI ENG SCHOOL</SimpleData>
				<SimpleData name="OBJECTID_1">101</SimpleData>
				<SimpleData name="Owner_Dept">Education Dept</SimpleData>
				<SimpleData name="School_Typ">3-Co-educational</SimpleData>
				<SimpleData name="Twitter_Ha">@mybmcedu</SimpleData>
				<SimpleData name="Ward">R/S-WARD</SimpleData>
				<SimpleData name="Website"> </SimpleData>
			</SchemaData>
		</ExtendedData>
		<Point>
			<coordinates>72.864834,19.202427,0</coordinates>
		</Point>
	</Placemark>
	<Placemark>
		<name>ANUDAT VIDYALYA HINDI</name>
		<visibility>0</visibility>
		<styleUrl>#mumbai_unaided_schools_style</styleUrl>
		<ExtendedData>
			<SchemaData schemaUrl="#J_mumbai_unaided_schools_SIISSSSSSISSSSS">
				<SimpleData name="Address">MHADA VASAHAT AKURLI ROAD KANDIVALI EAST</SimpleData>
				<SimpleData name="Cls_From">1</SimpleData>
				<SimpleData name="Cls_To">4</SimpleData>
				<SimpleData name="Email">anudatthindiprathmic@gmail.com</SimpleData>
				<SimpleData name="GoogleMaps">https://www.google.com/maps/search/?api=1&amp;query=19.1940049999938,72.8749339994654</SimpleData>
				<SimpleData name="Landline_1">022-29664576</SimpleData>
				<SimpleData name="Lat">19.1940049999938</SimpleData>
				<SimpleData name="Long">72.8749339994654</SimpleData>
				<SimpleData name="Name">ANUDAT VIDYALYA HINDI</SimpleData>
				<SimpleData name="OBJECTID_1">102</SimpleData>
				<SimpleData name="Owner_Dept">Education Dept</SimpleData>
				<SimpleData name="School_Typ">3-Co-educational</SimpleData>
				<SimpleData name="Twitter_Ha">@mybmcedu</SimpleData>
				<SimpleData name="Ward">R/S-WARD</SimpleData>
				<SimpleData name="Website"> </SimpleData>
			</SchemaData>
		</ExtendedData>
		<Point>
			<coordinates>72.874934,19.194005,0</coordinates>
		</Point>
	</Placemark>
	<Placemark>
		<name>ANUDAT VIDYALYA ENGLISH LP</name>
		<visibility>0</visibility>
		<styleUrl>#mumbai_unaided_schools_style</styleUrl>
		<ExtendedData>
			<SchemaData schemaUrl="#J_mumbai_unaided_schools_SIISSSSSSISSSSS">
				<SimpleData name="Address">kandivali east lokhandwala</SimpleData>
				<SimpleData name="Cls_From">1</SimpleData>
				<SimpleData name="Cls_To">4</SimpleData>
				<SimpleData name="Email">anudattengprimary@gmail.com</SimpleData>
				<SimpleData name="GoogleMaps">https://www.google.com/maps/search/?api=1&amp;query=19.1940109999365,72.8750909999137</SimpleData>
				<SimpleData name="Landline_1">022-29664576</SimpleData>
				<SimpleData name="Lat">19.1940109999365</SimpleData>
				<SimpleData name="Long">72.8750909999137</SimpleData>
				<SimpleData name="Name">ANUDAT VIDYALYA ENGLISH LP</SimpleData>
				<SimpleData name="OBJECTID_1">103</SimpleData>
				<SimpleData name="Owner_Dept">Education Dept</SimpleData>
				<SimpleData name="School_Typ">3-Co-educational</SimpleData>
				<SimpleData name="Twitter_Ha">@mybmcedu</SimpleData>
				<SimpleData name="Ward">R/S-WARD</SimpleData>
				<SimpleData name="Website"> </SimpleData>
			</SchemaData>
		</ExtendedData>
		<Point>
			<coordinates>72.875091,19.194011,0</coordinates>
		</Point>
	</Placemark>
	<Placemark>
		<name>PAL DHARMENDRA HINDI PRIMARY SCHOOL</name>
		<visibility>0</visibility>
		<styleUrl>#mumbai_unaided_schools_style</styleUrl>
		<ExtendedData>
			<SchemaData schemaUrl="#J_mumbai_unaided_schools_SIISSSSSSISSSSS">
				<SimpleData name="Address">GOKUL NAGAR KANDIVALI EAST</SimpleData>
				<SimpleData name="Cls_From">1</SimpleData>
				<SimpleData name="Cls_To">4</SimpleData>
				<SimpleData name="Email">pdhprimaryschool@gmail.com</SimpleData>
				<SimpleData name="GoogleMaps">https://www.google.com/maps/search/?api=1&amp;query=19.1929370004809,72.8723039999587</SimpleData>
				<SimpleData name="Landline_1">022-29667888</SimpleData>
				<SimpleData name="Lat">19.1929370004809</SimpleData>
				<SimpleData name="Long">72.8723039999587</SimpleData>
				<SimpleData name="Name">PAL DHARMENDRA HINDI PRIMARY SCHOOL</SimpleData>
				<SimpleData name="OBJECTID_1">104</SimpleData>
				<SimpleData name="Owner_Dept">Education Dept</SimpleData>
				<SimpleData name="School_Typ">3-Co-educational</SimpleData>
				<SimpleData name="Twitter_Ha">@mybmcedu</SimpleData>
				<SimpleData name="Ward">R/S-WARD</SimpleData>
				<SimpleData name="Website">education.maharashtra.gov.in/saral/27220300339</SimpleData>
			</SchemaData>
		</ExtendedData>
		<Point>
			<coordinates>72.872304,19.192937,0</coordinates>
		</Point>
	</Placemark>
	<Placemark>
		<name>RAJ PRATHMIK VIDYAMANDIR ENGLISH</name>
		<visibility>0</visibility>
		<styleUrl>#mumbai_unaided_schools_style</styleUrl>
		<ExtendedData>
			<SchemaData schemaUrl="#J_mumbai_unaided_schools_SIISSSSSSISSSSS">
				<SimpleData name="Address">Mahindra Compound Damu nagar Akurli Road Kandivali EAst mumbai 400101</SimpleData>
				<SimpleData name="Cls_From">1</SimpleData>
				<SimpleData name="Cls_To">4</SimpleData>
				<SimpleData name="Email">rajprathmik@yahoo.com</SimpleData>
				<SimpleData name="GoogleMaps">https://www.google.com/maps/search/?api=1&amp;query=19.2021610004287,72.8792560001587</SimpleData>
				<SimpleData name="Landline_1">022-29666986</SimpleData>
				<SimpleData name="Lat">19.2021610004287</SimpleData>
				<SimpleData name="Long">72.8792560001587</SimpleData>
				<SimpleData name="Name">RAJ PRATHMIK VIDYAMANDIR ENGLISH</SimpleData>
				<SimpleData name="OBJECTID_1">105</SimpleData>
				<SimpleData name="Owner_Dept">Education Dept</SimpleData>
				<SimpleData name="School_Typ">3-Co-educational</SimpleData>
				<SimpleData name="Twitter_Ha">@mybmcedu</SimpleData>
				<SimpleData name="Ward">R/S-WARD</SimpleData>
				<SimpleData name="Website"> </SimpleData>
			</SchemaData>
		</ExtendedData>
		<Point>
			<coordinates>72.879256,19.202161,0</coordinates>
		</Point>
	</Placemark>
	<Placemark>
		<name>BHARATMATA VIDYALAY PRATHAMIK MAR</name>
		<visibility>0</visibility>
		<styleUrl>#mumbai_unaided_schools_style</styleUrl>
		<ExtendedData>
			<SchemaData schemaUrl="#J_mumbai_unaided_schools_SIISSSSSSISSSSS">
				<SimpleData name="Address">bismilah chawl,kranti ngr,akurli rd,kandivali east mumbai-400101</SimpleData>
				<SimpleData name="Cls_From">1</SimpleData>
				<SimpleData name="Cls_To">4</SimpleData>
				<SimpleData name="Email">bharatmata.mp@gmail.com</SimpleData>
				<SimpleData name="GoogleMaps">https://www.google.com/maps/search/?api=1&amp;query=19.1912400004067,72.8735390005521</SimpleData>
				<SimpleData name="Landline_1">022-0</SimpleData>
				<SimpleData name="Lat">19.1912400004067</SimpleData>
				<SimpleData name="Long">72.8735390005521</SimpleData>
				<SimpleData name="Name">BHARATMATA VIDYALAY PRATHAMIK MAR</SimpleData>
				<SimpleData name="OBJECTID_1">106</SimpleData>
				<SimpleData name="Owner_Dept">Education Dept</SimpleData>
				<SimpleData name="School_Typ">3-Co-educational</SimpleData>
				<SimpleData name="Twitter_Ha">@mybmcedu</SimpleData>
				<SimpleData name="Ward">R/S-WARD</SimpleData>
				<SimpleData name="Website"> </SimpleData>
			</SchemaData>
		</ExtendedData>
		<Point>
			<coordinates>72.87353899999999,19.19124,0</coordinates>
		</Point>
	</Placemark>
	<Placemark>
		<name>GYANTARA  ACADEMY ENGLISH PRIMARY</name>
		<visibility>0</visibility>
		<styleUrl>#mumbai_unaided_schools_style</styleUrl>
		<ExtendedData>
			<SchemaData schemaUrl="#J_mumbai_unaided_schools_SIISSSSSSISSSSS">
				<SimpleData name="Address">Jai Bajrang Welfare Society Vadar Pada Road No.2 Hanuman Nagar Kandivali East Mumbai 400101</SimpleData>
				<SimpleData name="Cls_From">1</SimpleData>
				<SimpleData name="Cls_To">4</SimpleData>
				<SimpleData name="Email">gyantaraacademyschool@gmail.com</SimpleData>
				<SimpleData name="GoogleMaps">https://www.google.com/maps/search/?api=1&amp;query=19.1970110004193,72.8654939995793</SimpleData>
				<SimpleData name="Landline_1">022-29655635</SimpleData>
				<SimpleData name="Lat">19.1970110004193</SimpleData>
				<SimpleData name="Long">72.8654939995793</SimpleData>
				<SimpleData name="Name">GYANTARA  ACADEMY ENGLISH PRIMARY</SimpleData>
				<SimpleData name="OBJECTID_1">107</SimpleData>
				<SimpleData name="Owner_Dept">Education Dept</SimpleData>
				<SimpleData name="School_Typ">3-Co-educational</SimpleData>
				<SimpleData name="Twitter_Ha">@mybmcedu</SimpleData>
				<SimpleData name="Ward">R/S-WARD</SimpleData>
				<SimpleData name="Website">www.education.maharashtra.gov.in</SimpleData>
			</SchemaData>
		</ExtendedData>
		<Point>
			<coordinates>72.865494,19.197011,0</coordinates>
		</Point>
	</Placemark>
	<Placemark>
		<name>SMT SAROJADEVI ADARSH VIDYALAY</name>
		<visibility>0</visibility>
		<styleUrl>#mumbai_unaided_schools_style</styleUrl>
		<ExtendedData>
			<SchemaData schemaUrl="#J_mumbai_unaided_schools_SIISSSSSSISSSSS">
				<SimpleData name="Address">bhabhrekar nagar,charkop,kandivali west,mumbai-400067</SimpleData>
				<SimpleData name="Cls_From">1</SimpleData>
				<SimpleData name="Cls_To">4</SimpleData>
				<SimpleData name="Email">sarojadevi12@gmail.com</SimpleData>
				<SimpleData name="GoogleMaps">https://www.google.com/maps/search/?api=1&amp;query=19.2039720003929,72.8220299999687</SimpleData>
				<SimpleData name="Landline_1">022-28687167</SimpleData>
				<SimpleData name="Lat">19.2039720003929</SimpleData>
				<SimpleData name="Long">72.8220299999687</SimpleData>
				<SimpleData name="Name">SMT SAROJADEVI ADARSH VIDYALAY</SimpleData>
				<SimpleData name="OBJECTID_1">108</SimpleData>
				<SimpleData name="Owner_Dept">Education Dept</SimpleData>
				<SimpleData name="School_Typ">3-Co-educational</SimpleData>
				<SimpleData name="Twitter_Ha">@mybmcedu</SimpleData>
				<SimpleData name="Ward">R/S-WARD</SimpleData>
				<SimpleData name="Website"> </SimpleData>
			</SchemaData>
		</ExtendedData>
		<Point>
			<coordinates>72.82203,19.203972,0</coordinates>
		</Point>
	</Placemark>
	<Placemark>
		<name>ST. JAMES HIGH SCHOOL</name>
		<visibility>0</visibility>
		<styleUrl>#mumbai_unaided_schools_style</styleUrl>
		<ExtendedData>
			<SchemaData schemaUrl="#J_mumbai_unaided_schools_SIISSSSSSISSSSS">
				<SimpleData name="Address">PARISHRAM SEVA SOCIETY  BHABREKAR NAGAR  CHARKOP  KANDIVALI WEST  MUMBAI  400067</SimpleData>
				<SimpleData name="Cls_From">1</SimpleData>
				<SimpleData name="Cls_To">4</SimpleData>
				<SimpleData name="Email">albertchettear1969@gmail.com</SimpleData>
				<SimpleData name="GoogleMaps">https://www.google.com/maps/search/?api=1&amp;query=19.2048950007667,72.8240359996928</SimpleData>
				<SimpleData name="Landline_1">022-28686391</SimpleData>
				<SimpleData name="Lat">19.2048950007667</SimpleData>
				<SimpleData name="Long">72.8240359996928</SimpleData>
				<SimpleData name="Name">ST. JAMES HIGH SCHOOL</SimpleData>
				<SimpleData name="OBJECTID_1">109</SimpleData>
				<SimpleData name="Owner_Dept">Education Dept</SimpleData>
				<SimpleData name="School_Typ">3-Co-educational</SimpleData>
				<SimpleData name="Twitter_Ha">@mybmcedu</SimpleData>
				<SimpleData name="Ward">R/S-WARD</SimpleData>
				<SimpleData name="Website"> </SimpleData>
			</SchemaData>
		</ExtendedData>
		<Point>
			<coordinates>72.82403600000001,19.204895,0</coordinates>
		</Point>
	</Placemark>
	<Placemark>
		<name>MATRUBHOOMI EDU.SOCITY,SETH RUMY HANSOTIA PRIMARY SCHOOL</name>
		<visibility>0</visibility>
		<styleUrl>#mumbai_unaided_schools_style</styleUrl>
		<ExtendedData>
			<SchemaData schemaUrl="#J_mumbai_unaided_schools_SIISSSSSSISSSSS">
				<SimpleData name="Address">janupada vaibhav nagar kandivali</SimpleData>
				<SimpleData name="Cls_From">1</SimpleData>
				<SimpleData name="Cls_To">4</SimpleData>
				<SimpleData name="Email">Santosh.ravtale017@gmail.com</SimpleData>
				<SimpleData name="GoogleMaps">https://www.google.com/maps/search/?api=1&amp;query=19.2103930002796,72.8797909999855</SimpleData>
				<SimpleData name="Landline_1">022-2805207</SimpleData>
				<SimpleData name="Lat">19.2103930002796</SimpleData>
				<SimpleData name="Long">72.8797909999855</SimpleData>
				<SimpleData name="Name">MATRUBHOOMI EDU.SOCITY,SETH RUMY HANSOTIA PRIMARY SCHOOL</SimpleData>
				<SimpleData name="OBJECTID_1">110</SimpleData>
				<SimpleData name="Owner_Dept">Education Dept</SimpleData>
				<SimpleData name="School_Typ">3-Co-educational</SimpleData>
				<SimpleData name="Twitter_Ha">@mybmcedu</SimpleData>
				<SimpleData name="Ward">R/S-WARD</SimpleData>
				<SimpleData name="Website"> </SimpleData>
			</SchemaData>
		</ExtendedData>
		<Point>
			<coordinates>72.879791,19.210393,0</coordinates>
		</Point>
	</Placemark>
	<Placemark>
		<name>ST. MARIA ENG SCHOOL</name>
		<visibility>0</visibility>
		<styleUrl>#mumbai_unaided_schools_style</styleUrl>
		<ExtendedData>
			<SchemaData schemaUrl="#J_mumbai_unaided_schools_SIISSSSSSISSSSS">
				<SimpleData name="Address">Pandit LAl Tiwari road near faizane raza masjid Ganesh nagar Kandivali west</SimpleData>
				<SimpleData name="Cls_From">1</SimpleData>
				<SimpleData name="Cls_To">4</SimpleData>
				<SimpleData name="Email">shaikhafsar221@gmail.com</SimpleData>
				<SimpleData name="GoogleMaps">https://www.google.com/maps/search/?api=1&amp;query=19.2024089996893,72.8311919998978</SimpleData>
				<SimpleData name="Landline_1">022-28687550</SimpleData>
				<SimpleData name="Lat">19.2024089996893</SimpleData>
				<SimpleData name="Long">72.8311919998978</SimpleData>
				<SimpleData name="Name">ST. MARIA ENG SCHOOL</SimpleData>
				<SimpleData name="OBJECTID_1">111</SimpleData>
				<SimpleData name="Owner_Dept">Education Dept</SimpleData>
				<SimpleData name="School_Typ">3-Co-educational</SimpleData>
				<SimpleData name="Twitter_Ha">@mybmcedu</SimpleData>
				<SimpleData name="Ward">R/S-WARD</SimpleData>
				<SimpleData name="Website"> </SimpleData>
			</SchemaData>
		</ExtendedData>
		<Point>
			<coordinates>72.831192,19.202409,0</coordinates>
		</Point>
	</Placemark>
	<Placemark>
		<name>SHRIRAM ENGLISH SCHOOL PRIMARY</name>
		<visibility>0</visibility>
		<styleUrl>#mumbai_unaided_schools_style</styleUrl>
		<ExtendedData>
			<SchemaData schemaUrl="#J_mumbai_unaided_schools_SIISSSSSSISSSSS">
				<SimpleData name="Address">bahujan hitay chawl kranti nagar kanivali e mumbai- 400101</SimpleData>
				<SimpleData name="Cls_From">1</SimpleData>
				<SimpleData name="Cls_To">4</SimpleData>
				<SimpleData name="Email">shrirammandir132@gmail.com</SimpleData>
				<SimpleData name="GoogleMaps">https://www.google.com/maps/search/?api=1&amp;query=19.1927729998179,72.8762530002998</SimpleData>
				<SimpleData name="Landline_1">022-29663575</SimpleData>
				<SimpleData name="Lat">19.1927729998179</SimpleData>
				<SimpleData name="Long">72.8762530002998</SimpleData>
				<SimpleData name="Name">SHRIRAM ENGLISH SCHOOL PRIMARY</SimpleData>
				<SimpleData name="OBJECTID_1">112</SimpleData>
				<SimpleData name="Owner_Dept">Education Dept</SimpleData>
				<SimpleData name="School_Typ">3-Co-educational</SimpleData>
				<SimpleData name="Twitter_Ha">@mybmcedu</SimpleData>
				<SimpleData name="Ward">R/S-WARD</SimpleData>
				<SimpleData name="Website"> </SimpleData>
			</SchemaData>
		</ExtendedData>
		<Point>
			<coordinates>72.87625300000001,19.192773,0</coordinates>
		</Point>
	</Placemark>
	<Placemark>
		<name>TAWHEED ENGLISH SCHOOL</name>
		<visibility>0</visibility>
		<styleUrl>#mumbai_unaided_schools_style</styleUrl>
		<ExtendedData>
			<SchemaData schemaUrl="#J_mumbai_unaided_schools_SIISSSSSSISSSSS">
				<SimpleData name="Address">Jan seva society, Gandhi nagar, kandivli West, mumbai 400067</SimpleData>
				<SimpleData name="Cls_From">1</SimpleData>
				<SimpleData name="Cls_To">4</SimpleData>
				<SimpleData name="Email">tawheed-ed@yahoo.com</SimpleData>
				<SimpleData name="GoogleMaps">https://www.google.com/maps/search/?api=1&amp;query=19.2045710000103,72.8295319997172</SimpleData>
				<SimpleData name="Landline_1">022-29679367</SimpleData>
				<SimpleData name="Lat">19.2045710000103</SimpleData>
				<SimpleData name="Long">72.8295319997172</SimpleData>
				<SimpleData name="Name">TAWHEED ENGLISH SCHOOL</SimpleData>
				<SimpleData name="OBJECTID_1">113</SimpleData>
				<SimpleData name="Owner_Dept">Education Dept</SimpleData>
				<SimpleData name="School_Typ">3-Co-educational</SimpleData>
				<SimpleData name="Twitter_Ha">@mybmcedu</SimpleData>
				<SimpleData name="Ward">R/S-WARD</SimpleData>
				<SimpleData name="Website">www.tawheedenglishhighschool.in</SimpleData>
			</SchemaData>
		</ExtendedData>
		<Point>
			<coordinates>72.829532,19.204571,0</coordinates>
		</Point>
	</Placemark>
	<Placemark>
		<name>SHIV SHAKTI VIDYALAYA</name>
		<visibility>0</visibility>
		<styleUrl>#mumbai_unaided_schools_style</styleUrl>
		<ExtendedData>
			<SchemaData schemaUrl="#J_mumbai_unaided_schools_SIISSSSSSISSSSS">
				<SimpleData name="Address">shiv shakti compaund kandivali</SimpleData>
				<SimpleData name="Cls_From">1</SimpleData>
				<SimpleData name="Cls_To">9</SimpleData>
				<SimpleData name="Email">shivshaktividyalaya@gmail.com</SimpleData>
				<SimpleData name="GoogleMaps">https://www.google.com/maps/search/?api=1&amp;query=19.2045379999805,72.8306350004022</SimpleData>
				<SimpleData name="Landline_1">022-28680323</SimpleData>
				<SimpleData name="Lat">19.2045379999805</SimpleData>
				<SimpleData name="Long">72.8306350004022</SimpleData>
				<SimpleData name="Name">SHIV SHAKTI VIDYALAYA</SimpleData>
				<SimpleData name="OBJECTID_1">114</SimpleData>
				<SimpleData name="Owner_Dept">Education Dept</SimpleData>
				<SimpleData name="School_Typ">3-Co-educational</SimpleData>
				<SimpleData name="Twitter_Ha">@mybmcedu</SimpleData>
				<SimpleData name="Ward">R/S-WARD</SimpleData>
				<SimpleData name="Website">education.maharashtra.gov.in</SimpleData>
			</SchemaData>
		</ExtendedData>
		<Point>
			<coordinates>72.830635,19.204538,0</coordinates>
		</Point>
	</Placemark>
	<Placemark>
		<name>SAI ACADEMY ENGLISH SCHOOL</name>
		<visibility>0</visibility>
		<styleUrl>#mumbai_unaided_schools_style</styleUrl>
		<ExtendedData>
			<SchemaData schemaUrl="#J_mumbai_unaided_schools_SIISSSSSSISSSSS">
				<SimpleData name="Address">pandit lal tiwari road near mithila hanuman mandir ganesh nagar kandivali west mumbai 400067</SimpleData>
				<SimpleData name="Cls_From">1</SimpleData>
				<SimpleData name="Cls_To">9</SimpleData>
				<SimpleData name="Email">saiacademy0503@gmail.com</SimpleData>
				<SimpleData name="GoogleMaps">https://www.google.com/maps/search/?api=1&amp;query=19.2025230001614,72.8306980006534</SimpleData>
				<SimpleData name="Landline_1">022-29671116</SimpleData>
				<SimpleData name="Lat">19.2025230001614</SimpleData>
				<SimpleData name="Long">72.8306980006534</SimpleData>
				<SimpleData name="Name">SAI ACADEMY ENGLISH SCHOOL</SimpleData>
				<SimpleData name="OBJECTID_1">115</SimpleData>
				<SimpleData name="Owner_Dept">Education Dept</SimpleData>
				<SimpleData name="School_Typ">3-Co-educational</SimpleData>
				<SimpleData name="Twitter_Ha">@mybmcedu</SimpleData>
				<SimpleData name="Ward">R/S-WARD</SimpleData>
				<SimpleData name="Website">education.maharashtra.gov.in/saral/27220200356</SimpleData>
			</SchemaData>
		</ExtendedData>
		<Point>
			<coordinates>72.830698,19.202523,0</coordinates>
		</Point>
	</Placemark>
	<Placemark>
		<name>THAKUR SHYAMNARAYAN HIGH SCHOOL</name>
		<visibility>0</visibility>
		<styleUrl>#mumbai_unaided_schools_style</styleUrl>
		<ExtendedData>
			<SchemaData schemaUrl="#J_mumbai_unaided_schools_SIISSSSSSISSSSS">
				<SimpleData name="Address">OPP EVERSHINE DREAM PARK THAKUR VILLAGE KANDIVALI EAST MUMBAI 400101</SimpleData>
				<SimpleData name="Cls_From">1</SimpleData>
				<SimpleData name="Cls_To">4</SimpleData>
				<SimpleData name="Email">tshs.englishmedium@gmail.com</SimpleData>
				<SimpleData name="GoogleMaps">https://www.google.com/maps/search/?api=1&amp;query=19.2131309999621,72.8743389999181</SimpleData>
				<SimpleData name="Landline_1">022-28852269</SimpleData>
				<SimpleData name="Lat">19.2131309999621</SimpleData>
				<SimpleData name="Long">72.8743389999181</SimpleData>
				<SimpleData name="Name">THAKUR SHYAMNARAYAN HIGH SCHOOL</SimpleData>
				<SimpleData name="OBJECTID_1">116</SimpleData>
				<SimpleData name="Owner_Dept">Education Dept</SimpleData>
				<SimpleData name="School_Typ">3-Co-educational</SimpleData>
				<SimpleData name="Twitter_Ha">@mybmcedu</SimpleData>
				<SimpleData name="Ward">R/S-WARD</SimpleData>
				<SimpleData name="Website">www.takureducation.org</SimpleData>
			</SchemaData>
		</ExtendedData>
		<Point>
			<coordinates>72.87433900000001,19.213131,0</coordinates>
		</Point>
	</Placemark>
	<Placemark>
		<name>D.V.M. HIGH HINDI PRIMARY SCHOOL</name>
		<visibility>0</visibility>
		<styleUrl>#mumbai_unaided_schools_style</styleUrl>
		<ExtendedData>
			<SchemaData schemaUrl="#J_mumbai_unaided_schools_SIISSSSSSISSSSS">
				<SimpleData name="Address">RAJARAM VERMA COMPOUND POSAR KANDIVALI E MUMBAI 400101</SimpleData>
				<SimpleData name="Cls_From">1</SimpleData>
				<SimpleData name="Cls_To">4</SimpleData>
				<SimpleData name="Email">dvmhighschool2008@gmail.com</SimpleData>
				<SimpleData name="GoogleMaps">https://www.google.com/maps/search/?api=1&amp;query=19.2140770001992,72.8532020001808</SimpleData>
				<SimpleData name="Landline_1">022-28548693</SimpleData>
				<SimpleData name="Lat">19.2140770001992</SimpleData>
				<SimpleData name="Long">72.8532020001808</SimpleData>
				<SimpleData name="Name">D.V.M. HIGH HINDI PRIMARY SCHOOL</SimpleData>
				<SimpleData name="OBJECTID_1">117</SimpleData>
				<SimpleData name="Owner_Dept">Education Dept</SimpleData>
				<SimpleData name="School_Typ">3-Co-educational</SimpleData>
				<SimpleData name="Twitter_Ha">@mybmcedu</SimpleData>
				<SimpleData name="Ward">R/S-WARD</SimpleData>
				<SimpleData name="Website"> </SimpleData>
			</SchemaData>
		</ExtendedData>
		<Point>
			<coordinates>72.853202,19.214077,0</coordinates>
		</Point>
	</Placemark>
	<Placemark>
		<name>THE TRINITY PRIMARY ENGLISH SCHOOL</name>
		<visibility>0</visibility>
		<styleUrl>#mumbai_unaided_schools_style</styleUrl>
		<ExtendedData>
			<SchemaData schemaUrl="#J_mumbai_unaided_schools_SIISSSSSSISSSSS">
				<SimpleData name="Address">The Trinity Primary School Ekta Nagar Road  Ganesh Nagar Kandivali w Mumbai 400067</SimpleData>
				<SimpleData name="Cls_From">1</SimpleData>
				<SimpleData name="Cls_To">4</SimpleData>
				<SimpleData name="Email">trinityhighschool1990@gmail.com</SimpleData>
				<SimpleData name="GoogleMaps">https://www.google.com/maps/search/?api=1&amp;query=19.2013109999068,72.8267780004779</SimpleData>
				<SimpleData name="Landline_1">022-29675989</SimpleData>
				<SimpleData name="Lat">19.2013109999068</SimpleData>
				<SimpleData name="Long">72.8267780004779</SimpleData>
				<SimpleData name="Name">THE TRINITY PRIMARY ENGLISH SCHOOL</SimpleData>
				<SimpleData name="OBJECTID_1">118</SimpleData>
				<SimpleData name="Owner_Dept">Education Dept</SimpleData>
				<SimpleData name="School_Typ">3-Co-educational</SimpleData>
				<SimpleData name="Twitter_Ha">@mybmcedu</SimpleData>
				<SimpleData name="Ward">R/S-WARD</SimpleData>
				<SimpleData name="Website"> </SimpleData>
			</SchemaData>
		</ExtendedData>
		<Point>
			<coordinates>72.826778,19.201311,0</coordinates>
		</Point>
	</Placemark>
	<Placemark>
		<name>D.V.M. ENGLISH IGH SCHOOL</name>
		<visibility>0</visibility>
		<styleUrl>#mumbai_unaided_schools_style</styleUrl>
		<ExtendedData>
			<SchemaData schemaUrl="#J_mumbai_unaided_schools_SIISSSSSSISSSSS">
				<SimpleData name="Address">Rajaram Verma Compound Poisar Kandivali East mumbai 400101</SimpleData>
				<SimpleData name="Cls_From">1</SimpleData>
				<SimpleData name="Cls_To">4</SimpleData>
				<SimpleData name="Email">dvmhighschool2008@gmail.com</SimpleData>
				<SimpleData name="GoogleMaps">https://www.google.com/maps/search/?api=1&amp;query=19.2128069999492,72.8545149998139</SimpleData>
				<SimpleData name="Landline_1">022-28548693</SimpleData>
				<SimpleData name="Lat">19.2128069999492</SimpleData>
				<SimpleData name="Long">72.8545149998139</SimpleData>
				<SimpleData name="Name">D.V.M. ENGLISH IGH SCHOOL</SimpleData>
				<SimpleData name="OBJECTID_1">119</SimpleData>
				<SimpleData name="Owner_Dept">Education Dept</SimpleData>
				<SimpleData name="School_Typ">3-Co-educational</SimpleData>
				<SimpleData name="Twitter_Ha">@mybmcedu</SimpleData>
				<SimpleData name="Ward">R/S-WARD</SimpleData>
				<SimpleData name="Website"> </SimpleData>
			</SchemaData>
		</ExtendedData>
		<Point>
			<coordinates>72.85451500000001,19.212807,0</coordinates>
		</Point>
	</Placemark>
	<Placemark>
		<name>NIRMALA ENGLISH SCHOOL</name>
		<visibility>0</visibility>
		<styleUrl>#mumbai_unaided_schools_style</styleUrl>
		<ExtendedData>
			<SchemaData schemaUrl="#J_mumbai_unaided_schools_SIISSSSSSISSSSS">
				<SimpleData name="Address">DS ROAD, ASHA NAGAR, THAKUR COMPLEX, KANDIVALI-E</SimpleData>
				<SimpleData name="Cls_From">1</SimpleData>
				<SimpleData name="Cls_To">8</SimpleData>
				<SimpleData name="Email">nirmalaschoolprincipal@gmail.com</SimpleData>
				<SimpleData name="GoogleMaps">https://www.google.com/maps/search/?api=1&amp;query=19.2126589997585,72.8658369998553</SimpleData>
				<SimpleData name="Landline_1">022-28700123</SimpleData>
				<SimpleData name="Lat">19.2126589997585</SimpleData>
				<SimpleData name="Long">72.8658369998553</SimpleData>
				<SimpleData name="Name">NIRMALA ENGLISH SCHOOL</SimpleData>
				<SimpleData name="OBJECTID_1">120</SimpleData>
				<SimpleData name="Owner_Dept">Education Dept</SimpleData>
				<SimpleData name="School_Typ">3-Co-educational</SimpleData>
				<SimpleData name="Twitter_Ha">@mybmcedu</SimpleData>
				<SimpleData name="Ward">R/S-WARD</SimpleData>
				<SimpleData name="Website"> </SimpleData>
			</SchemaData>
		</ExtendedData>
		<Point>
			<coordinates>72.865837,19.212659,0</coordinates>
		</Point>
	</Placemark>
	<Placemark>
		<name>LORD&apos;S GRACE ENGLISH SCHOOL</name>
		<visibility>0</visibility>
		<styleUrl>#mumbai_unaided_schools_style</styleUrl>
		<ExtendedData>
			<SchemaData schemaUrl="#J_mumbai_unaided_schools_SIISSSSSSISSSSS">
				<SimpleData name="Address">BEHIND HANUMAN TEMPLE, POISAR, KANDIALI EAST MUM 400101</SimpleData>
				<SimpleData name="Cls_From">1</SimpleData>
				<SimpleData name="Cls_To">4</SimpleData>
				<SimpleData name="Email">sbjhaandco@gmail.com</SimpleData>
				<SimpleData name="GoogleMaps">https://www.google.com/maps/search/?api=1&amp;query=19.2085529997044,72.8581069996815</SimpleData>
				<SimpleData name="Landline_1">022-28700652</SimpleData>
				<SimpleData name="Lat">19.2085529997044</SimpleData>
				<SimpleData name="Long">72.8581069996815</SimpleData>
				<SimpleData name="Name">LORD&apos;S GRACE ENGLISH SCHOOL</SimpleData>
				<SimpleData name="OBJECTID_1">121</SimpleData>
				<SimpleData name="Owner_Dept">Education Dept</SimpleData>
				<SimpleData name="School_Typ">3-Co-educational</SimpleData>
				<SimpleData name="Twitter_Ha">@mybmcedu</SimpleData>
				<SimpleData name="Ward">R/S-WARD</SimpleData>
				<SimpleData name="Website"> </SimpleData>
			</SchemaData>
		</ExtendedData>
		<Point>
			<coordinates>72.858107,19.208553,0</coordinates>
		</Point>
	</Placemark>
	<Placemark>
		<name>WISDOM ENGLISH SCHOOL</name>
		<visibility>0</visibility>
		<styleUrl>#mumbai_unaided_schools_style</styleUrl>
		<ExtendedData>
			<SchemaData schemaUrl="#J_mumbai_unaided_schools_SIISSSSSSISSSSS">
				<SimpleData name="Address">90FEET ROAD, AZAD COMPOUND</SimpleData>
				<SimpleData name="Cls_From">1</SimpleData>
				<SimpleData name="Cls_To">8</SimpleData>
				<SimpleData name="Email">wes09042017@gmail.com</SimpleData>
				<SimpleData name="GoogleMaps">https://www.google.com/maps/search/?api=1&amp;query=19.2033240002619,72.8312480000364</SimpleData>
				<SimpleData name="Landline_1">022-0</SimpleData>
				<SimpleData name="Lat">19.2033240002619</SimpleData>
				<SimpleData name="Long">72.8312480000364</SimpleData>
				<SimpleData name="Name">WISDOM ENGLISH SCHOOL</SimpleData>
				<SimpleData name="OBJECTID_1">122</SimpleData>
				<SimpleData name="Owner_Dept">Education Dept</SimpleData>
				<SimpleData name="School_Typ">3-Co-educational</SimpleData>
				<SimpleData name="Twitter_Ha">@mybmcedu</SimpleData>
				<SimpleData name="Ward">R/S-WARD</SimpleData>
				<SimpleData name="Website"> </SimpleData>
			</SchemaData>
		</ExtendedData>
		<Point>
			<coordinates>72.831248,19.203324,0</coordinates>
		</Point>
	</Placemark>
	<Placemark>
		<name>R. D. VIDYAMANDIR ENGLISH SCHOOL</name>
		<visibility>0</visibility>
		<styleUrl>#mumbai_unaided_schools_style</styleUrl>
		<ExtendedData>
			<SchemaData schemaUrl="#J_mumbai_unaided_schools_SIISSSSSSISSSSS">
				<SimpleData name="Address">K.D.Compound gandhi nagar charkop kandivali west mumbai-400067</SimpleData>
				<SimpleData name="Cls_From">1</SimpleData>
				<SimpleData name="Cls_To">8</SimpleData>
				<SimpleData name="Email">rdvidymandirschool842@gmail.com</SimpleData>
				<SimpleData name="GoogleMaps">https://www.google.com/maps/search/?api=1&amp;query=19.2051149996426,72.8328380002666</SimpleData>
				<SimpleData name="Landline_1">022-0</SimpleData>
				<SimpleData name="Lat">19.2051149996426</SimpleData>
				<SimpleData name="Long">72.8328380002666</SimpleData>
				<SimpleData name="Name">R. D. VIDYAMANDIR ENGLISH SCHOOL</SimpleData>
				<SimpleData name="OBJECTID_1">123</SimpleData>
				<SimpleData name="Owner_Dept">Education Dept</SimpleData>
				<SimpleData name="School_Typ">3-Co-educational</SimpleData>
				<SimpleData name="Twitter_Ha">@mybmcedu</SimpleData>
				<SimpleData name="Ward">R/S-WARD</SimpleData>
				<SimpleData name="Website"> </SimpleData>
			</SchemaData>
		</ExtendedData>
		<Point>
			<coordinates>72.832838,19.205115,0</coordinates>
		</Point>
	</Placemark>
	<Placemark>
		<name>COSMOS ENGLISH SCHOOL</name>
		<visibility>0</visibility>
		<styleUrl>#mumbai_unaided_schools_style</styleUrl>
		<ExtendedData>
			<SchemaData schemaUrl="#J_mumbai_unaided_schools_SIISSSSSSISSSSS">
				<SimpleData name="Address">ambojwadi azad nager malvani gate no 8 malad west mumbai 400095</SimpleData>
				<SimpleData name="Cls_From">1</SimpleData>
				<SimpleData name="Cls_To">7</SimpleData>
				<SimpleData name="Email">cosmosenglishschool04@gmail.com</SimpleData>
				<SimpleData name="GoogleMaps">https://www.google.com/maps/search/?api=1&amp;query=19.1764149996893,72.8097989998343</SimpleData>
				<SimpleData name="Landline_1">022-0</SimpleData>
				<SimpleData name="Lat">19.1764149996893</SimpleData>
				<SimpleData name="Long">72.8097989998343</SimpleData>
				<SimpleData name="Name">COSMOS ENGLISH SCHOOL</SimpleData>
				<SimpleData name="OBJECTID_1">124</SimpleData>
				<SimpleData name="Owner_Dept">Education Dept</SimpleData>
				<SimpleData name="School_Typ">3-Co-educational</SimpleData>
				<SimpleData name="Twitter_Ha">@mybmcedu</SimpleData>
				<SimpleData name="Ward">R/S-WARD</SimpleData>
				<SimpleData name="Website"> </SimpleData>
			</SchemaData>
		</ExtendedData>
		<Point>
			<coordinates>72.809799,19.176415,0</coordinates>
		</Point>
	</Placemark>
	<Placemark>
		<name>SIR J .R. PRIMARY ENG MED SCHOOL</name>
		<visibility>0</visibility>
		<styleUrl>#mumbai_unaided_schools_style</styleUrl>
		<ExtendedData>
			<SchemaData schemaUrl="#J_mumbai_unaided_schools_SIISSSSSSISSSSS">
				<SimpleData name="Address">Joseph patel road   malwani malad west</SimpleData>
				<SimpleData name="Cls_From">1</SimpleData>
				<SimpleData name="Cls_To">4</SimpleData>
				<SimpleData name="Email">singhawdhesh75@yahoo.com</SimpleData>
				<SimpleData name="GoogleMaps">https://www.google.com/maps/search/?api=1&amp;query=19.1830949999543,72.8155030005138</SimpleData>
				<SimpleData name="Landline_1">022-0</SimpleData>
				<SimpleData name="Lat">19.1830949999543</SimpleData>
				<SimpleData name="Long">72.8155030005138</SimpleData>
				<SimpleData name="Name">SIR J .R. PRIMARY ENG MED SCHOOL</SimpleData>
				<SimpleData name="OBJECTID_1">125</SimpleData>
				<SimpleData name="Owner_Dept">Education Dept</SimpleData>
				<SimpleData name="School_Typ">3-Co-educational</SimpleData>
				<SimpleData name="Twitter_Ha">@mybmcedu</SimpleData>
				<SimpleData name="Ward">P/N1-WARD</SimpleData>
				<SimpleData name="Website">education.maharashtra.gov.in/saral/27220200401</SimpleData>
			</SchemaData>
		</ExtendedData>
		<Point>
			<coordinates>72.81550300000001,19.183095,0</coordinates>
		</Point>
	</Placemark>
	<Placemark>
		<name>M.K.ENGLISH SCHOOL</name>
		<visibility>0</visibility>
		<styleUrl>#mumbai_unaided_schools_style</styleUrl>
		<ExtendedData>
			<SchemaData schemaUrl="#J_mumbai_unaided_schools_SIISSSSSSISSSSS">
				<SimpleData name="Address">Bhavishya Bharat Campus Gate No 2 S V Road Malad W Mumbai  400064</SimpleData>
				<SimpleData name="Cls_From">1</SimpleData>
				<SimpleData name="Cls_To">4</SimpleData>
				<SimpleData name="Email">mkes_malad@gmail.com</SimpleData>
				<SimpleData name="GoogleMaps">https://www.google.com/maps/search/?api=1&amp;query=19.1926870005891,72.8472379993334</SimpleData>
				<SimpleData name="Landline_1">022-28653006</SimpleData>
				<SimpleData name="Lat">19.1926870005891</SimpleData>
				<SimpleData name="Long">72.8472379993334</SimpleData>
				<SimpleData name="Name">M.K.ENGLISH SCHOOL</SimpleData>
				<SimpleData name="OBJECTID_1">126</SimpleData>
				<SimpleData name="Owner_Dept">Education Dept</SimpleData>
				<SimpleData name="School_Typ">3-Co-educational</SimpleData>
				<SimpleData name="Twitter_Ha">@mybmcedu</SimpleData>
				<SimpleData name="Ward">P/N1-WARD</SimpleData>
				<SimpleData name="Website">education.maharashtra.gov.in/saral/27220200402</SimpleData>
			</SchemaData>
		</ExtendedData>
		<Point>
			<coordinates>72.847238,19.192687,0</coordinates>
		</Point>
	</Placemark>
	<Placemark>
		<name>SIR J.P PRIMARY SCHOOL KHARODI(ENGLISH MEDIUM)</name>
		<visibility>0</visibility>
		<styleUrl>#mumbai_unaided_schools_style</styleUrl>
		<ExtendedData>
			<SchemaData schemaUrl="#J_mumbai_unaided_schools_SIISSSSSSISSSSS">
				<SimpleData name="Address">jay prakash nagar, kharodi village, marve road,malad west, mumbai 400095</SimpleData>
				<SimpleData name="Cls_From">1</SimpleData>
				<SimpleData name="Cls_To">4</SimpleData>
				<SimpleData name="Email">sirjpkharodienglish@gmail.com</SimpleData>
				<SimpleData name="GoogleMaps">https://www.google.com/maps/search/?api=1&amp;query=19.1948900007366,72.817665999922</SimpleData>
				<SimpleData name="Landline_1">022-28826416</SimpleData>
				<SimpleData name="Lat">19.1948900007366</SimpleData>
				<SimpleData name="Long">72.817665999922</SimpleData>
				<SimpleData name="Name">SIR J.P PRIMARY SCHOOL KHARODI(ENGLISH MEDIUM)</SimpleData>
				<SimpleData name="OBJECTID_1">127</SimpleData>
				<SimpleData name="Owner_Dept">Education Dept</SimpleData>
				<SimpleData name="School_Typ">3-Co-educational</SimpleData>
				<SimpleData name="Twitter_Ha">@mybmcedu</SimpleData>
				<SimpleData name="Ward">P/N1-WARD</SimpleData>
				<SimpleData name="Website"> </SimpleData>
			</SchemaData>
		</ExtendedData>
		<Point>
			<coordinates>72.817666,19.19489,0</coordinates>
		</Point>
	</Placemark>
	<Placemark>
		<name>sir j.p primary school (hindi med)</name>
		<visibility>0</visibility>
		<styleUrl>#mumbai_unaided_schools_style</styleUrl>
		<ExtendedData>
			<SchemaData schemaUrl="#J_mumbai_unaided_schools_SIISSSSSSISSSSS">
				<SimpleData name="Address">Jay Prakash Nagar  Kharodi  Marve Road  Malad West  Mumbai 400095</SimpleData>
				<SimpleData name="Cls_From">1</SimpleData>
				<SimpleData name="Cls_To">4</SimpleData>
				<SimpleData name="Email">sirjiphighschool@gmail.com</SimpleData>
				<SimpleData name="GoogleMaps">https://www.google.com/maps/search/?api=1&amp;query=19.1959330001043,72.8176110001014</SimpleData>
				<SimpleData name="Landline_1">022-28826416</SimpleData>
				<SimpleData name="Lat">19.1959330001043</SimpleData>
				<SimpleData name="Long">72.8176110001014</SimpleData>
				<SimpleData name="Name">sir j.p primary school (hindi med)</SimpleData>
				<SimpleData name="OBJECTID_1">128</SimpleData>
				<SimpleData name="Owner_Dept">Education Dept</SimpleData>
				<SimpleData name="School_Typ">3-Co-educational</SimpleData>
				<SimpleData name="Twitter_Ha">@mybmcedu</SimpleData>
				<SimpleData name="Ward">P/N1-WARD</SimpleData>
				<SimpleData name="Website">education.maharashtra.gov.in/saral/27220300404</SimpleData>
			</SchemaData>
		</ExtendedData>
		<Point>
			<coordinates>72.817611,19.195933,0</coordinates>
		</Point>
	</Placemark>
	<Placemark>
		<name>SIR J P PRIMARY SCHOOL  ENGLISH  AKSA</name>
		<visibility>0</visibility>
		<styleUrl>#mumbai_unaided_schools_style</styleUrl>
		<ExtendedData>
			<SchemaData schemaUrl="#J_mumbai_unaided_schools_SIISSSSSSISSSSS">
				<SimpleData name="Address">Jayprakash Compound Madh road Malad w Mumbai400095</SimpleData>
				<SimpleData name="Cls_From">1</SimpleData>
				<SimpleData name="Cls_To">4</SimpleData>
				<SimpleData name="Email">sirjpschoolaksa@sirjpgi.com</SimpleData>
				<SimpleData name="GoogleMaps">https://www.google.com/maps/search/?api=1&amp;query=19.170761999793,72.7978779992763</SimpleData>
				<SimpleData name="Landline_1">022-28880086</SimpleData>
				<SimpleData name="Lat">19.170761999793</SimpleData>
				<SimpleData name="Long">72.7978779992763</SimpleData>
				<SimpleData name="Name">SIR J P PRIMARY SCHOOL  ENGLISH  AKSA</SimpleData>
				<SimpleData name="OBJECTID_1">129</SimpleData>
				<SimpleData name="Owner_Dept">Education Dept</SimpleData>
				<SimpleData name="School_Typ">3-Co-educational</SimpleData>
				<SimpleData name="Twitter_Ha">@mybmcedu</SimpleData>
				<SimpleData name="Ward">P/N1-WARD</SimpleData>
				<SimpleData name="Website"> </SimpleData>
			</SchemaData>
		</ExtendedData>
		<Point>
			<coordinates>72.797878,19.170762,0</coordinates>
		</Point>
	</Placemark>
	<Placemark>
		<name>A.M.ENGLISH SCHOOL</name>
		<visibility>0</visibility>
		<styleUrl>#mumbai_unaided_schools_style</styleUrl>
		<ExtendedData>
			<SchemaData schemaUrl="#J_mumbai_unaided_schools_SIISSSSSSISSSSS">
				<SimpleData name="Address">gate no 7, mhb colony, malwani, malad west, mumbai.</SimpleData>
				<SimpleData name="Cls_From">1</SimpleData>
				<SimpleData name="Cls_To">4</SimpleData>
				<SimpleData name="Email">amenglishschool@gmail.com</SimpleData>
				<SimpleData name="GoogleMaps">https://www.google.com/maps/search/?api=1&amp;query=19.1856709992706,72.8182160005589</SimpleData>
				<SimpleData name="Landline_1">022-0</SimpleData>
				<SimpleData name="Lat">19.1856709992706</SimpleData>
				<SimpleData name="Long">72.8182160005589</SimpleData>
				<SimpleData name="Name">A.M.ENGLISH SCHOOL</SimpleData>
				<SimpleData name="OBJECTID_1">130</SimpleData>
				<SimpleData name="Owner_Dept">Education Dept</SimpleData>
				<SimpleData name="School_Typ">3-Co-educational</SimpleData>
				<SimpleData name="Twitter_Ha">@mybmcedu</SimpleData>
				<SimpleData name="Ward">P/N1-WARD</SimpleData>
				<SimpleData name="Website"> </SimpleData>
			</SchemaData>
		</ExtendedData>
		<Point>
			<coordinates>72.81821600000001,19.185671,0</coordinates>
		</Point>
	</Placemark>
	<Placemark>
		<name>SHAFAAT ISLAMIC ENGLISH SCHOOL</name>
		<visibility>0</visibility>
		<styleUrl>#mumbai_unaided_schools_style</styleUrl>
		<ExtendedData>
			<SchemaData schemaUrl="#J_mumbai_unaided_schools_SIISSSSSSISSSSS">
				<SimpleData name="Address">47/ 369, MHB Colony Gate No. 8 Malwani Malad W Mumbai-400095</SimpleData>
				<SimpleData name="Cls_From">1</SimpleData>
				<SimpleData name="Cls_To">5</SimpleData>
				<SimpleData name="Email">shafatislamicschool@gmail.com</SimpleData>
				<SimpleData name="GoogleMaps">https://www.google.com/maps/search/?api=1&amp;query=19.1847519997622,72.8157219996308</SimpleData>
				<SimpleData name="Landline_1">022-28815889</SimpleData>
				<SimpleData name="Lat">19.1847519997622</SimpleData>
				<SimpleData name="Long">72.8157219996308</SimpleData>
				<SimpleData name="Name">SHAFAAT ISLAMIC ENGLISH SCHOOL</SimpleData>
				<SimpleData name="OBJECTID_1">131</SimpleData>
				<SimpleData name="Owner_Dept">Education Dept</SimpleData>
				<SimpleData name="School_Typ">3-Co-educational</SimpleData>
				<SimpleData name="Twitter_Ha">@mybmcedu</SimpleData>
				<SimpleData name="Ward">P/N1-WARD</SimpleData>
				<SimpleData name="Website"> </SimpleData>
			</SchemaData>
		</ExtendedData>
		<Point>
			<coordinates>72.81572199999999,19.184752,0</coordinates>
		</Point>
	</Placemark>
	<Placemark>
		<name>GURUKUL ENGLISH SCHOOL</name>
		<visibility>0</visibility>
		<styleUrl>#mumbai_unaided_schools_style</styleUrl>
		<ExtendedData>
			<SchemaData schemaUrl="#J_mumbai_unaided_schools_SIISSSSSSISSSSS">
				<SimpleData name="Address">MHB COLONY GATE 8 MALWANI MALAD WEST</SimpleData>
				<SimpleData name="Cls_From">1</SimpleData>
				<SimpleData name="Cls_To">4</SimpleData>
				<SimpleData name="Email">gurukulschool.mumbai@gmail.com</SimpleData>
				<SimpleData name="GoogleMaps">https://www.google.com/maps/search/?api=1&amp;query=19.1859130002662,72.818704000048</SimpleData>
				<SimpleData name="Landline_1">022-28442381</SimpleData>
				<SimpleData name="Lat">19.1859130002662</SimpleData>
				<SimpleData name="Long">72.818704000048</SimpleData>
				<SimpleData name="Name">GURUKUL ENGLISH SCHOOL</SimpleData>
				<SimpleData name="OBJECTID_1">132</SimpleData>
				<SimpleData name="Owner_Dept">Education Dept</SimpleData>
				<SimpleData name="School_Typ">3-Co-educational</SimpleData>
				<SimpleData name="Twitter_Ha">@mybmcedu</SimpleData>
				<SimpleData name="Ward">P/N1-WARD</SimpleData>
				<SimpleData name="Website"> </SimpleData>
			</SchemaData>
		</ExtendedData>
		<Point>
			<coordinates>72.818704,19.185913,0</coordinates>
		</Point>
	</Placemark>
	<Placemark>
		<name>SHAH  VILAYAT SCHOOL</name>
		<visibility>0</visibility>
		<styleUrl>#mumbai_unaided_schools_style</styleUrl>
		<ExtendedData>
			<SchemaData schemaUrl="#J_mumbai_unaided_schools_SIISSSSSSISSSSS">
				<SimpleData name="Address">gate7 plot no 18 Tardev plot malwani malad west</SimpleData>
				<SimpleData name="Cls_From">1</SimpleData>
				<SimpleData name="Cls_To">4</SimpleData>
				<SimpleData name="Email">holystarschool2010@gmail.com</SimpleData>
				<SimpleData name="GoogleMaps">https://www.google.com/maps/search/?api=1&amp;query=19.1859099998728,72.8213640000152</SimpleData>
				<SimpleData name="Landline_1">022-0</SimpleData>
				<SimpleData name="Lat">19.1859099998728</SimpleData>
				<SimpleData name="Long">72.8213640000152</SimpleData>
				<SimpleData name="Name">SHAH  VILAYAT SCHOOL</SimpleData>
				<SimpleData name="OBJECTID_1">133</SimpleData>
				<SimpleData name="Owner_Dept">Education Dept</SimpleData>
				<SimpleData name="School_Typ">3-Co-educational</SimpleData>
				<SimpleData name="Twitter_Ha">@mybmcedu</SimpleData>
				<SimpleData name="Ward">P/N1-WARD</SimpleData>
				<SimpleData name="Website">www.holystar.com</SimpleData>
			</SchemaData>
		</ExtendedData>
		<Point>
			<coordinates>72.821364,19.18591,0</coordinates>
		</Point>
	</Placemark>
	<Placemark>
		<name>OXFORD ENGLISH SCHOOL</name>
		<visibility>0</visibility>
		<styleUrl>#mumbai_unaided_schools_style</styleUrl>
		<ExtendedData>
			<SchemaData schemaUrl="#J_mumbai_unaided_schools_SIISSSSSSISSSSS">
				<SimpleData name="Address">AZMINAGAR NIZAMUDDIN ROAD MLWANI MALAD</SimpleData>
				<SimpleData name="Cls_From">1</SimpleData>
				<SimpleData name="Cls_To">4</SimpleData>
				<SimpleData name="Email">oxford.aims@gmail.com</SimpleData>
				<SimpleData name="GoogleMaps">https://www.google.com/maps/search/?api=1&amp;query=19.1884029999213,72.814581999932</SimpleData>
				<SimpleData name="Landline_1">022-28818181</SimpleData>
				<SimpleData name="Lat">19.1884029999213</SimpleData>
				<SimpleData name="Long">72.814581999932</SimpleData>
				<SimpleData name="Name">OXFORD ENGLISH SCHOOL</SimpleData>
				<SimpleData name="OBJECTID_1">134</SimpleData>
				<SimpleData name="Owner_Dept">Education Dept</SimpleData>
				<SimpleData name="School_Typ">3-Co-educational</SimpleData>
				<SimpleData name="Twitter_Ha">@mybmcedu</SimpleData>
				<SimpleData name="Ward">P/N1-WARD</SimpleData>
				<SimpleData name="Website">education.maharashtra.gov.in/saral/27220200410</SimpleData>
			</SchemaData>
		</ExtendedData>
		<Point>
			<coordinates>72.814582,19.188403,0</coordinates>
		</Point>
	</Placemark>
	<Placemark>
		<name>KALA VIDYALYA PRIMARY SCHOOL</name>
		<visibility>0</visibility>
		<styleUrl>#mumbai_unaided_schools_style</styleUrl>
		<ExtendedData>
			<SchemaData schemaUrl="#J_mumbai_unaided_schools_SIISSSSSSISSSSS">
				<SimpleData name="Address">Mhada world bank project educational plot no M 3, RSC 19, Gaikwad Nagar, Malwani, Malad West, Mumbai</SimpleData>
				<SimpleData name="Cls_From">1</SimpleData>
				<SimpleData name="Cls_To">4</SimpleData>
				<SimpleData name="Email">kalavidyalayajc@gmail.com</SimpleData>
				<SimpleData name="GoogleMaps">https://www.google.com/maps/search/?api=1&amp;query=19.1829279997532,72.8129729994577</SimpleData>
				<SimpleData name="Landline_1">022-28443242</SimpleData>
				<SimpleData name="Lat">19.1829279997532</SimpleData>
				<SimpleData name="Long">72.8129729994577</SimpleData>
				<SimpleData name="Name">KALA VIDYALYA PRIMARY SCHOOL</SimpleData>
				<SimpleData name="OBJECTID_1">135</SimpleData>
				<SimpleData name="Owner_Dept">Education Dept</SimpleData>
				<SimpleData name="School_Typ">3-Co-educational</SimpleData>
				<SimpleData name="Twitter_Ha">@mybmcedu</SimpleData>
				<SimpleData name="Ward">P/N1-WARD</SimpleData>
				<SimpleData name="Website"> </SimpleData>
			</SchemaData>
		</ExtendedData>
		<Point>
			<coordinates>72.812973,19.182928,0</coordinates>
		</Point>
	</Placemark>
	<Placemark>
		<name>HOLY MOTHER ENGLISH SCHOOL</name>
		<visibility>0</visibility>
		<styleUrl>#mumbai_unaided_schools_style</styleUrl>
		<ExtendedData>
			<SchemaData schemaUrl="#J_mumbai_unaided_schools_SIISSSSSSISSSSS">
				<SimpleData name="Address">PLOT NO 24 AB GATE NO 5 OCC MALWANI MALAD WEST MUMBAI.</SimpleData>
				<SimpleData name="Cls_From">1</SimpleData>
				<SimpleData name="Cls_To">4</SimpleData>
				<SimpleData name="Email">wellwishers_nice@yahoo.com</SimpleData>
				<SimpleData name="GoogleMaps">https://www.google.com/maps/search/?api=1&amp;query=19.1899950002851,72.8217180000558</SimpleData>
				<SimpleData name="Landline_1">022-28833350</SimpleData>
				<SimpleData name="Lat">19.1899950002851</SimpleData>
				<SimpleData name="Long">72.8217180000558</SimpleData>
				<SimpleData name="Name">HOLY MOTHER ENGLISH SCHOOL</SimpleData>
				<SimpleData name="OBJECTID_1">136</SimpleData>
				<SimpleData name="Owner_Dept">Education Dept</SimpleData>
				<SimpleData name="School_Typ">3-Co-educational</SimpleData>
				<SimpleData name="Twitter_Ha">@mybmcedu</SimpleData>
				<SimpleData name="Ward">P/N1-WARD</SimpleData>
				<SimpleData name="Website">www.zenith.org.in</SimpleData>
			</SchemaData>
		</ExtendedData>
		<Point>
			<coordinates>72.821718,19.189995,0</coordinates>
		</Point>
	</Placemark>
	<Placemark>
		<name>ST. PETER&apos;S SCOOL</name>
		<visibility>0</visibility>
		<styleUrl>#mumbai_unaided_schools_style</styleUrl>
		<ExtendedData>
			<SchemaData schemaUrl="#J_mumbai_unaided_schools_SIISSSSSSISSSSS">
				<SimpleData name="Address">MALAD WEST MUMBAI 400064</SimpleData>
				<SimpleData name="Cls_From">1</SimpleData>
				<SimpleData name="Cls_To">4</SimpleData>
				<SimpleData name="Email">stpetersschoolmaladwest@gmail.com</SimpleData>
				<SimpleData name="GoogleMaps">https://www.google.com/maps/search/?api=1&amp;query=19.1965549999313,72.8332059997186</SimpleData>
				<SimpleData name="Landline_1">022-0</SimpleData>
				<SimpleData name="Lat">19.1965549999313</SimpleData>
				<SimpleData name="Long">72.8332059997186</SimpleData>
				<SimpleData name="Name">ST. PETER&apos;S SCOOL</SimpleData>
				<SimpleData name="OBJECTID_1">137</SimpleData>
				<SimpleData name="Owner_Dept">Education Dept</SimpleData>
				<SimpleData name="School_Typ">3-Co-educational</SimpleData>
				<SimpleData name="Twitter_Ha">@mybmcedu</SimpleData>
				<SimpleData name="Ward">P/N1-WARD</SimpleData>
				<SimpleData name="Website"> </SimpleData>
			</SchemaData>
		</ExtendedData>
		<Point>
			<coordinates>72.833206,19.196555,0</coordinates>
		</Point>
	</Placemark>
	<Placemark>
		<name>DAYA SAGAR ENGLISH HIGH SCHOOL</name>
		<visibility>0</visibility>
		<styleUrl>#mumbai_unaided_schools_style</styleUrl>
		<ExtendedData>
			<SchemaData schemaUrl="#J_mumbai_unaided_schools_SIISSSSSSISSSSS">
				<SimpleData name="Address">PLOT NO 55/120 N.C.C GATE NO7 MALWANI MALAD W</SimpleData>
				<SimpleData name="Cls_From">1</SimpleData>
				<SimpleData name="Cls_To">4</SimpleData>
				<SimpleData name="Email">dayasagarenglisscool2012@yaoo.com</SimpleData>
				<SimpleData name="GoogleMaps">https://www.google.com/maps/search/?api=1&amp;query=19.184756999529,72.8214079999498</SimpleData>
				<SimpleData name="Landline_1">022-28819809</SimpleData>
				<SimpleData name="Lat">19.184756999529</SimpleData>
				<SimpleData name="Long">72.8214079999498</SimpleData>
				<SimpleData name="Name">DAYA SAGAR ENGLISH HIGH SCHOOL</SimpleData>
				<SimpleData name="OBJECTID_1">138</SimpleData>
				<SimpleData name="Owner_Dept">Education Dept</SimpleData>
				<SimpleData name="School_Typ">3-Co-educational</SimpleData>
				<SimpleData name="Twitter_Ha">@mybmcedu</SimpleData>
				<SimpleData name="Ward">P/N1-WARD</SimpleData>
				<SimpleData name="Website"> </SimpleData>
			</SchemaData>
		</ExtendedData>
		<Point>
			<coordinates>72.82140800000001,19.184757,0</coordinates>
		</Point>
	</Placemark>
	<Placemark>
		<name>OM SAI VIDYA MANDIR IGH SCHOOL</name>
		<visibility>0</visibility>
		<styleUrl>#mumbai_unaided_schools_style</styleUrl>
		<ExtendedData>
			<SchemaData schemaUrl="#J_mumbai_unaided_schools_SIISSSSSSISSSSS">
				<SimpleData name="Address">OM SAI SEVA SOCIETY RATHODI VILLAGE MARVE ROAD MALAD WEST 400095</SimpleData>
				<SimpleData name="Cls_From">1</SimpleData>
				<SimpleData name="Cls_To">4</SimpleData>
				<SimpleData name="Email">omsaividyamandir@gmail.com</SimpleData>
				<SimpleData name="GoogleMaps">https://www.google.com/maps/search/?api=1&amp;query=19.1900240001708,72.8137159994823</SimpleData>
				<SimpleData name="Landline_1">022-65488499</SimpleData>
				<SimpleData name="Lat">19.1900240001708</SimpleData>
				<SimpleData name="Long">72.8137159994823</SimpleData>
				<SimpleData name="Name">OM SAI VIDYA MANDIR IGH SCHOOL</SimpleData>
				<SimpleData name="OBJECTID_1">139</SimpleData>
				<SimpleData name="Owner_Dept">Education Dept</SimpleData>
				<SimpleData name="School_Typ">3-Co-educational</SimpleData>
				<SimpleData name="Twitter_Ha">@mybmcedu</SimpleData>
				<SimpleData name="Ward">P/N1-WARD</SimpleData>
				<SimpleData name="Website"> </SimpleData>
			</SchemaData>
		</ExtendedData>
		<Point>
			<coordinates>72.813716,19.190024,0</coordinates>
		</Point>
	</Placemark>
	<Placemark>
		<name>M N ENG PRIMARY SCHOOL</name>
		<visibility>0</visibility>
		<styleUrl>#mumbai_unaided_schools_style</styleUrl>
		<ExtendedData>
			<SchemaData schemaUrl="#J_mumbai_unaided_schools_SIISSSSSSISSSSS">
				<SimpleData name="Address">Jawahar Nagar Goregaon West</SimpleData>
				<SimpleData name="Cls_From">1</SimpleData>
				<SimpleData name="Cls_To">4</SimpleData>
				<SimpleData name="Email">mnenglishhighschool82@gmail.com</SimpleData>
				<SimpleData name="GoogleMaps">https://www.google.com/maps/search/?api=1&amp;query=19.1569419994776,72.836737000043</SimpleData>
				<SimpleData name="Landline_1">022-28732980</SimpleData>
				<SimpleData name="Lat">19.1569419994776</SimpleData>
				<SimpleData name="Long">72.836737000043</SimpleData>
				<SimpleData name="Name">M N ENG PRIMARY SCHOOL</SimpleData>
				<SimpleData name="OBJECTID_1">141</SimpleData>
				<SimpleData name="Owner_Dept">Education Dept</SimpleData>
				<SimpleData name="School_Typ">3-Co-educational</SimpleData>
				<SimpleData name="Twitter_Ha">@mybmcedu</SimpleData>
				<SimpleData name="Ward">P/S-WARD</SimpleData>
				<SimpleData name="Website"> </SimpleData>
			</SchemaData>
		</ExtendedData>
		<Point>
			<coordinates>72.836737,19.156942,0</coordinates>
		</Point>
	</Placemark>
	<Placemark>
		<name>ADARSH VIDYALAYA  ENGLISH</name>
		<visibility>0</visibility>
		<styleUrl>#mumbai_unaided_schools_style</styleUrl>
		<ExtendedData>
			<SchemaData schemaUrl="#J_mumbai_unaided_schools_SIISSSSSSISSSSS">
				<SimpleData name="Address">Adarsh vidyalaya marg siddharth nagar goregaon west mumbai 104</SimpleData>
				<SimpleData name="Cls_From">1</SimpleData>
				<SimpleData name="Cls_To">7</SimpleData>
				<SimpleData name="Email">adarshenglish2005@gmail.com</SimpleData>
				<SimpleData name="GoogleMaps">https://www.google.com/maps/search/?api=1&amp;query=19.1567960002957,72.8426080004121</SimpleData>
				<SimpleData name="Landline_1">022-0</SimpleData>
				<SimpleData name="Lat">19.1567960002957</SimpleData>
				<SimpleData name="Long">72.8426080004121</SimpleData>
				<SimpleData name="Name">ADARSH VIDYALAYA  ENGLISH</SimpleData>
				<SimpleData name="OBJECTID_1">142</SimpleData>
				<SimpleData name="Owner_Dept">Education Dept</SimpleData>
				<SimpleData name="School_Typ">3-Co-educational</SimpleData>
				<SimpleData name="Twitter_Ha">@mybmcedu</SimpleData>
				<SimpleData name="Ward">P/S-WARD</SimpleData>
				<SimpleData name="Website">education.maharashtra.gov.in/saral/27220300127</SimpleData>
			</SchemaData>
		</ExtendedData>
		<Point>
			<coordinates>72.842608,19.156796,0</coordinates>
		</Point>
	</Placemark>
	<Placemark>
		<name>JAWAHAR VIDYALAYA HIGH SCHOOL</name>
		<visibility>0</visibility>
		<styleUrl>#mumbai_unaided_schools_style</styleUrl>
		<ExtendedData>
			<SchemaData schemaUrl="#J_mumbai_unaided_schools_SIISSSSSSISSSSS">
				<SimpleData name="Address">M.G Road, Beside Tulsi Tower, Goregaon West</SimpleData>
				<SimpleData name="Cls_From">1</SimpleData>
				<SimpleData name="Cls_To">4</SimpleData>
				<SimpleData name="Email">hm.primary@jvhs.in</SimpleData>
				<SimpleData name="GoogleMaps">https://www.google.com/maps/search/?api=1&amp;query=19.1627169995915,72.8450280005642</SimpleData>
				<SimpleData name="Landline_1">022-28743257</SimpleData>
				<SimpleData name="Lat">19.1627169995915</SimpleData>
				<SimpleData name="Long">72.8450280005642</SimpleData>
				<SimpleData name="Name">JAWAHAR VIDYALAYA HIGH SCHOOL</SimpleData>
				<SimpleData name="OBJECTID_1">143</SimpleData>
				<SimpleData name="Owner_Dept">Education Dept</SimpleData>
				<SimpleData name="School_Typ">3-Co-educational</SimpleData>
				<SimpleData name="Twitter_Ha">@mybmcedu</SimpleData>
				<SimpleData name="Ward">P/S-WARD</SimpleData>
				<SimpleData name="Website">education.maharashtra.gov.in/saral/27220300130</SimpleData>
			</SchemaData>
		</ExtendedData>
		<Point>
			<coordinates>72.845028,19.162717,0</coordinates>
		</Point>
	</Placemark>
	<Placemark>
		<name>ST THOMAS ACADEMY LP</name>
		<visibility>0</visibility>
		<styleUrl>#mumbai_unaided_schools_style</styleUrl>
		<ExtendedData>
			<SchemaData schemaUrl="#J_mumbai_unaided_schools_SIISSSSSSISSSSS">
				<SimpleData name="Address">Cardinal Gracias Nagar M G Road Goregaon West Mumbai 400 104</SimpleData>
				<SimpleData name="Cls_From">1</SimpleData>
				<SimpleData name="Cls_To">4</SimpleData>
				<SimpleData name="Email">thomas.acquinas69@gmail.com</SimpleData>
				<SimpleData name="GoogleMaps">https://www.google.com/maps/search/?api=1&amp;query=19.1622160001468,72.8384869999835</SimpleData>
				<SimpleData name="Landline_1">022-28750899</SimpleData>
				<SimpleData name="Lat">19.1622160001468</SimpleData>
				<SimpleData name="Long">72.8384869999835</SimpleData>
				<SimpleData name="Name">ST THOMAS ACADEMY LP</SimpleData>
				<SimpleData name="OBJECTID_1">144</SimpleData>
				<SimpleData name="Owner_Dept">Education Dept</SimpleData>
				<SimpleData name="School_Typ">3-Co-educational</SimpleData>
				<SimpleData name="Twitter_Ha">@mybmcedu</SimpleData>
				<SimpleData name="Ward">P/S-WARD</SimpleData>
				<SimpleData name="Website">www.st.thomasacademygoregaon.com</SimpleData>
			</SchemaData>
		</ExtendedData>
		<Point>
			<coordinates>72.838487,19.162216,0</coordinates>
		</Point>
	</Placemark>
	<Placemark>
		<name>BANGUR NGR VIDYABHAWAN</name>
		<visibility>0</visibility>
		<styleUrl>#mumbai_unaided_schools_style</styleUrl>
		<ExtendedData>
			<SchemaData schemaUrl="#J_mumbai_unaided_schools_SIISSSSSSISSSSS">
				<SimpleData name="Address">PLOT NO. 9, BANGUR NAGAR GOREGAON WEST MUMBAI - 400104</SimpleData>
				<SimpleData name="Cls_From">1</SimpleData>
				<SimpleData name="Cls_To">4</SimpleData>
				<SimpleData name="Email">bnvbprimary@gmail.com</SimpleData>
				<SimpleData name="GoogleMaps">https://www.google.com/maps/search/?api=1&amp;query=19.1658260005122,72.8328659996428</SimpleData>
				<SimpleData name="Landline_1">022-28798108</SimpleData>
				<SimpleData name="Lat">19.1658260005122</SimpleData>
				<SimpleData name="Long">72.8328659996428</SimpleData>
				<SimpleData name="Name">BANGUR NGR VIDYABHAWAN</SimpleData>
				<SimpleData name="OBJECTID_1">145</SimpleData>
				<SimpleData name="Owner_Dept">Education Dept</SimpleData>
				<SimpleData name="School_Typ">3-Co-educational</SimpleData>
				<SimpleData name="Twitter_Ha">@mybmcedu</SimpleData>
				<SimpleData name="Ward">P/S-WARD</SimpleData>
				<SimpleData name="Website">education.maharashtra.gov.in/saral/27220300132</SimpleData>
			</SchemaData>
		</ExtendedData>
		<Point>
			<coordinates>72.832866,19.165826,0</coordinates>
		</Point>
	</Placemark>
	<Placemark>
		<name>BULBUL ENGLISH SCHOOL</name>
		<visibility>0</visibility>
		<styleUrl>#mumbai_unaided_schools_style</styleUrl>
		<ExtendedData>
			<SchemaData schemaUrl="#J_mumbai_unaided_schools_SIISSSSSSISSSSS">
				<SimpleData name="Address">OB 2 SIDDHARTH NAGAR IV VIVEK COLLEGE ROAD GOREGAON WEST MUMBAI 400104</SimpleData>
				<SimpleData name="Cls_From">1</SimpleData>
				<SimpleData name="Cls_To">4</SimpleData>
				<SimpleData name="Email">bulbulsschool@gmail.com</SimpleData>
				<SimpleData name="GoogleMaps">https://www.google.com/maps/search/?api=1&amp;query=19.1649229995449,72.8469400002972</SimpleData>
				<SimpleData name="Landline_1">022-28777227</SimpleData>
				<SimpleData name="Lat">19.1649229995449</SimpleData>
				<SimpleData name="Long">72.8469400002972</SimpleData>
				<SimpleData name="Name">BULBUL ENGLISH SCHOOL</SimpleData>
				<SimpleData name="OBJECTID_1">146</SimpleData>
				<SimpleData name="Owner_Dept">Education Dept</SimpleData>
				<SimpleData name="School_Typ">3-Co-educational</SimpleData>
				<SimpleData name="Twitter_Ha">@mybmcedu</SimpleData>
				<SimpleData name="Ward">P/S-WARD</SimpleData>
				<SimpleData name="Website">education.maharashtra.gov.in/saral/27220300137</SimpleData>
			</SchemaData>
		</ExtendedData>
		<Point>
			<coordinates>72.84694,19.164923,0</coordinates>
		</Point>
	</Placemark>
	<Placemark>
		<name>SANSKARDHAM VIDYALAYA ENG</name>
		<visibility>0</visibility>
		<styleUrl>#mumbai_unaided_schools_style</styleUrl>
		<ExtendedData>
			<SchemaData schemaUrl="#J_mumbai_unaided_schools_SIISSSSSSISSSSS">
				<SimpleData name="Address">UNNATNAGARMGROADGOREGAONWEST</SimpleData>
				<SimpleData name="Cls_From">1</SimpleData>
				<SimpleData name="Cls_To">4</SimpleData>
				<SimpleData name="Email">sanskardhamschool@gmail.com</SimpleData>
				<SimpleData name="GoogleMaps">https://www.google.com/maps/search/?api=1&amp;query=19.1670400003736,72.8398970003711</SimpleData>
				<SimpleData name="Landline_1">022-251888</SimpleData>
				<SimpleData name="Lat">19.1670400003736</SimpleData>
				<SimpleData name="Long">72.8398970003711</SimpleData>
				<SimpleData name="Name">SANSKARDHAM VIDYALAYA ENG</SimpleData>
				<SimpleData name="OBJECTID_1">147</SimpleData>
				<SimpleData name="Owner_Dept">Education Dept</SimpleData>
				<SimpleData name="School_Typ">3-Co-educational</SimpleData>
				<SimpleData name="Twitter_Ha">@mybmcedu</SimpleData>
				<SimpleData name="Ward">P/S-WARD</SimpleData>
				<SimpleData name="Website"> </SimpleData>
			</SchemaData>
		</ExtendedData>
		<Point>
			<coordinates>72.83989699999999,19.16704,0</coordinates>
		</Point>
	</Placemark>
	<Placemark>
		<name>SMT.ASHABAI T. VARE ENG PRI</name>
		<visibility>0</visibility>
		<styleUrl>#mumbai_unaided_schools_style</styleUrl>
		<ExtendedData>
			<SchemaData schemaUrl="#J_mumbai_unaided_schools_SIISSSSSSISSSSS">
				<SimpleData name="Address">SANTOSHNAGAR GEN A K VAIDYA MARG MALAD EAST MUMBAI 400097</SimpleData>
				<SimpleData name="Cls_From">1</SimpleData>
				<SimpleData name="Cls_To">4</SimpleData>
				<SimpleData name="Email">atware.highschool@gmail.com</SimpleData>
				<SimpleData name="GoogleMaps">https://www.google.com/maps/search/?api=1&amp;query=19.1701050001987,72.8754620000154</SimpleData>
				<SimpleData name="Landline_1">022-28420941</SimpleData>
				<SimpleData name="Lat">19.1701050001987</SimpleData>
				<SimpleData name="Long">72.8754620000154</SimpleData>
				<SimpleData name="Name">SMT.ASHABAI T. VARE ENG PRI</SimpleData>
				<SimpleData name="OBJECTID_1">148</SimpleData>
				<SimpleData name="Owner_Dept">Education Dept</SimpleData>
				<SimpleData name="School_Typ">3-Co-educational</SimpleData>
				<SimpleData name="Twitter_Ha">@mybmcedu</SimpleData>
				<SimpleData name="Ward">P/S-WARD</SimpleData>
				<SimpleData name="Website">education.maharashtra.gov.in/saral/27220300159</SimpleData>
			</SchemaData>
		</ExtendedData>
		<Point>
			<coordinates>72.875462,19.170105,0</coordinates>
		</Point>
	</Placemark>
	<Placemark>
		<name>PRAGNYA BODHINI PRIMARY SCHOOL</name>
		<visibility>0</visibility>
		<styleUrl>#mumbai_unaided_schools_style</styleUrl>
		<ExtendedData>
			<SchemaData schemaUrl="#J_mumbai_unaided_schools_SIISSSSSSISSSSS">
				<SimpleData name="Address">12 Jayprakash Nagar Near Sonawala Apartment Goregaon East Mumbai 400063</SimpleData>
				<SimpleData name="Cls_From">1</SimpleData>
				<SimpleData name="Cls_To">4</SimpleData>
				<SimpleData name="Email">pbhs_g@yahoo.co.in</SimpleData>
				<SimpleData name="GoogleMaps">https://www.google.com/maps/search/?api=1&amp;query=19.1637720000695,72.8515440000506</SimpleData>
				<SimpleData name="Landline_1">022-26864996</SimpleData>
				<SimpleData name="Lat">19.1637720000695</SimpleData>
				<SimpleData name="Long">72.8515440000506</SimpleData>
				<SimpleData name="Name">PRAGNYA BODHINI PRIMARY SCHOOL</SimpleData>
				<SimpleData name="OBJECTID_1">149</SimpleData>
				<SimpleData name="Owner_Dept">Education Dept</SimpleData>
				<SimpleData name="School_Typ">3-Co-educational</SimpleData>
				<SimpleData name="Twitter_Ha">@mybmcedu</SimpleData>
				<SimpleData name="Ward">P/S-WARD</SimpleData>
				<SimpleData name="Website">www.pragnyabodhini.com</SimpleData>
			</SchemaData>
		</ExtendedData>
		<Point>
			<coordinates>72.851544,19.163772,0</coordinates>
		</Point>
	</Placemark>
	<Placemark>
		<name>NIVARA VIDYALAY PRI MAR SCH</name>
		<visibility>0</visibility>
		<styleUrl>#mumbai_unaided_schools_style</styleUrl>
		<ExtendedData>
			<SchemaData schemaUrl="#J_mumbai_unaided_schools_SIISSSSSSISSSSS">
				<SimpleData name="Address">NAGARI NIVARA PARISHAD COLONY,DINDOSHI,GOREAON EAST-400065</SimpleData>
				<SimpleData name="Cls_From">1</SimpleData>
				<SimpleData name="Cls_To">4</SimpleData>
				<SimpleData name="Email">nivara_vidyalaya@rediffmail.com</SimpleData>
				<SimpleData name="GoogleMaps">https://www.google.com/maps/search/?api=1&amp;query=19.1747379999755,72.8785799993686</SimpleData>
				<SimpleData name="Landline_1">022-28412644</SimpleData>
				<SimpleData name="Lat">19.1747379999755</SimpleData>
				<SimpleData name="Long">72.8785799993686</SimpleData>
				<SimpleData name="Name">NIVARA VIDYALAY PRI MAR SCH</SimpleData>
				<SimpleData name="OBJECTID_1">150</SimpleData>
				<SimpleData name="Owner_Dept">Education Dept</SimpleData>
				<SimpleData name="School_Typ">3-Co-educational</SimpleData>
				<SimpleData name="Twitter_Ha">@mybmcedu</SimpleData>
				<SimpleData name="Ward">P/S-WARD</SimpleData>
				<SimpleData name="Website">education.maharashtra.gov.in</SimpleData>
			</SchemaData>
		</ExtendedData>
		<Point>
			<coordinates>72.87858,19.174738,0</coordinates>
		</Point>
	</Placemark>
	<Placemark>
		<name>YASHODHAM HIGH SCHOOL</name>
		<visibility>0</visibility>
		<styleUrl>#mumbai_unaided_schools_style</styleUrl>
		<ExtendedData>
			<SchemaData schemaUrl="#J_mumbai_unaided_schools_SIISSSSSSISSSSS">
				<SimpleData name="Address">YASHODHAM ,  GEN.ARUN KUMAR VAIDYA MARG, GOREGAON EAST, MUMBAI -400 063</SimpleData>
				<SimpleData name="Cls_From">1</SimpleData>
				<SimpleData name="Cls_To">4</SimpleData>
				<SimpleData name="Email">yashodhamschool@geat.edu.in</SimpleData>
				<SimpleData name="GoogleMaps">https://www.google.com/maps/search/?api=1&amp;query=19.17359799923,72.8663209996694</SimpleData>
				<SimpleData name="Landline_1">022-40278201</SimpleData>
				<SimpleData name="Lat">19.17359799923</SimpleData>
				<SimpleData name="Long">72.8663209996694</SimpleData>
				<SimpleData name="Name">YASHODHAM HIGH SCHOOL</SimpleData>
				<SimpleData name="OBJECTID_1">151</SimpleData>
				<SimpleData name="Owner_Dept">Education Dept</SimpleData>
				<SimpleData name="School_Typ">3-Co-educational</SimpleData>
				<SimpleData name="Twitter_Ha">@mybmcedu</SimpleData>
				<SimpleData name="Ward">P/S-WARD</SimpleData>
				<SimpleData name="Website">www.gaet.edu.in</SimpleData>
			</SchemaData>
		</ExtendedData>
		<Point>
			<coordinates>72.866321,19.173598,0</coordinates>
		</Point>
	</Placemark>
	<Placemark>
		<name>ST.  XAVIER&apos;S ENGLISH SCHOOL</name>
		<visibility>0</visibility>
		<styleUrl>#mumbai_unaided_schools_style</styleUrl>
		<ExtendedData>
			<SchemaData schemaUrl="#J_mumbai_unaided_schools_SIISSSSSSISSSSS">
				<SimpleData name="Address">Next to Rajrudra Bldg., Opp. Aarey Bhaskar Garden</SimpleData>
				<SimpleData name="Cls_From">1</SimpleData>
				<SimpleData name="Cls_To">4</SimpleData>
				<SimpleData name="Email">xaviersgoregaon@gmail.com</SimpleData>
				<SimpleData name="GoogleMaps">https://www.google.com/maps/search/?api=1&amp;query=19.1719029998847,72.8726709996985</SimpleData>
				<SimpleData name="Landline_1">022-28402449</SimpleData>
				<SimpleData name="Lat">19.1719029998847</SimpleData>
				<SimpleData name="Long">72.8726709996985</SimpleData>
				<SimpleData name="Name">ST.  XAVIER&apos;S ENGLISH SCHOOL</SimpleData>
				<SimpleData name="OBJECTID_1">152</SimpleData>
				<SimpleData name="Owner_Dept">Education Dept</SimpleData>
				<SimpleData name="School_Typ">3-Co-educational</SimpleData>
				<SimpleData name="Twitter_Ha">@mybmcedu</SimpleData>
				<SimpleData name="Ward">P/S-WARD</SimpleData>
				<SimpleData name="Website"> </SimpleData>
			</SchemaData>
		</ExtendedData>
		<Point>
			<coordinates>72.872671,19.171903,0</coordinates>
		</Point>
	</Placemark>
	<Placemark>
		<name>GOREGAON  ENG</name>
		<visibility>0</visibility>
		<styleUrl>#mumbai_unaided_schools_style</styleUrl>
		<ExtendedData>
			<SchemaData schemaUrl="#J_mumbai_unaided_schools_SIISSSSSSISSSSS">
				<SimpleData name="Address">Goregaon English School, J.P Nagar, Goregaon east, Mumbai.400063</SimpleData>
				<SimpleData name="Cls_From">1</SimpleData>
				<SimpleData name="Cls_To">4</SimpleData>
				<SimpleData name="Email">dalwai_ges@yahoo.in</SimpleData>
				<SimpleData name="GoogleMaps">https://www.google.com/maps/search/?api=1&amp;query=19.164523000514,72.8562240003359</SimpleData>
				<SimpleData name="Landline_1">022-29276050</SimpleData>
				<SimpleData name="Lat">19.164523000514</SimpleData>
				<SimpleData name="Long">72.8562240003359</SimpleData>
				<SimpleData name="Name">GOREGAON  ENG</SimpleData>
				<SimpleData name="OBJECTID_1">153</SimpleData>
				<SimpleData name="Owner_Dept">Education Dept</SimpleData>
				<SimpleData name="School_Typ">3-Co-educational</SimpleData>
				<SimpleData name="Twitter_Ha">@mybmcedu</SimpleData>
				<SimpleData name="Ward">P/S-WARD</SimpleData>
				<SimpleData name="Website"> </SimpleData>
			</SchemaData>
		</ExtendedData>
		<Point>
			<coordinates>72.856224,19.164523,0</coordinates>
		</Point>
	</Placemark>
	<Placemark>
		<name>ST THOMAS</name>
		<visibility>0</visibility>
		<styleUrl>#mumbai_unaided_schools_style</styleUrl>
		<ExtendedData>
			<SchemaData schemaUrl="#J_mumbai_unaided_schools_SIISSSSSSISSSSS">
				<SimpleData name="Address">PANDURANG WADI, GOREGAON -E,MUMBAI- 400 063.</SimpleData>
				<SimpleData name="Cls_From">1</SimpleData>
				<SimpleData name="Cls_To">4</SimpleData>
				<SimpleData name="Email">thomas.stthomas7@gmail.com</SimpleData>
				<SimpleData name="GoogleMaps">https://www.google.com/maps/search/?api=1&amp;query=19.1680259997653,72.8497690003741</SimpleData>
				<SimpleData name="Landline_1">022-29276897</SimpleData>
				<SimpleData name="Lat">19.1680259997653</SimpleData>
				<SimpleData name="Long">72.8497690003741</SimpleData>
				<SimpleData name="Name">ST THOMAS</SimpleData>
				<SimpleData name="OBJECTID_1">154</SimpleData>
				<SimpleData name="Owner_Dept">Education Dept</SimpleData>
				<SimpleData name="School_Typ">3-Co-educational</SimpleData>
				<SimpleData name="Twitter_Ha">@mybmcedu</SimpleData>
				<SimpleData name="Ward">P/S-WARD</SimpleData>
				<SimpleData name="Website"> </SimpleData>
			</SchemaData>
		</ExtendedData>
		<Point>
			<coordinates>72.84976899999999,19.168026,0</coordinates>
		</Point>
	</Placemark>
	<Placemark>
		<name>KUDILAL GOVINDRAM SEKSARIA SARVODAYA ENGLISH SCHOOL</name>
		<visibility>0</visibility>
		<styleUrl>#mumbai_unaided_schools_style</styleUrl>
		<ExtendedData>
			<SchemaData schemaUrl="#J_mumbai_unaided_schools_SIISSSSSSISSSSS">
				<SimpleData name="Address">RS campus,S.V.road, Malad West</SimpleData>
				<SimpleData name="Cls_From">1</SimpleData>
				<SimpleData name="Cls_To">4</SimpleData>
				<SimpleData name="Email">kgses@rajasthani.org.in</SimpleData>
				<SimpleData name="GoogleMaps">https://www.google.com/maps/search/?api=1&amp;query=19.1768589998692,72.84548399983</SimpleData>
				<SimpleData name="Landline_1">022-45207772</SimpleData>
				<SimpleData name="Lat">19.1768589998692</SimpleData>
				<SimpleData name="Long">72.84548399983</SimpleData>
				<SimpleData name="Name">KUDILAL GOVINDRAM SEKSARIA SARVODAYA ENGLISH SCHOOL</SimpleData>
				<SimpleData name="OBJECTID_1">155</SimpleData>
				<SimpleData name="Owner_Dept">Education Dept</SimpleData>
				<SimpleData name="School_Typ">3-Co-educational</SimpleData>
				<SimpleData name="Twitter_Ha">@mybmcedu</SimpleData>
				<SimpleData name="Ward">P/S-WARD</SimpleData>
				<SimpleData name="Website">www.rset.edu.in</SimpleData>
			</SchemaData>
		</ExtendedData>
		<Point>
			<coordinates>72.845484,19.176859,0</coordinates>
		</Point>
	</Placemark>
	<Placemark>
		<name>INFANT JESUS SCHOOL</name>
		<visibility>0</visibility>
		<styleUrl>#mumbai_unaided_schools_style</styleUrl>
		<ExtendedData>
			<SchemaData schemaUrl="#J_mumbai_unaided_schools_SIISSSSSSISSSSS">
				<SimpleData name="Address">CHINCHOLI BUNDER ROAD  MALAD  WEST  MUMBAI 400 064</SimpleData>
				<SimpleData name="Cls_From">1</SimpleData>
				<SimpleData name="Cls_To">4</SimpleData>
				<SimpleData name="Email">infant_jesus_school@hotmail.com</SimpleData>
				<SimpleData name="GoogleMaps">https://www.google.com/maps/search/?api=1&amp;query=19.1646640002595,72.8553210001059</SimpleData>
				<SimpleData name="Landline_1">022-28731606</SimpleData>
				<SimpleData name="Lat">19.1646640002595</SimpleData>
				<SimpleData name="Long">72.8553210001059</SimpleData>
				<SimpleData name="Name">INFANT JESUS SCHOOL</SimpleData>
				<SimpleData name="OBJECTID_1">156</SimpleData>
				<SimpleData name="Owner_Dept">Education Dept</SimpleData>
				<SimpleData name="School_Typ">3-Co-educational</SimpleData>
				<SimpleData name="Twitter_Ha">@mybmcedu</SimpleData>
				<SimpleData name="Ward">P/S-WARD</SimpleData>
				<SimpleData name="Website">education.maharashtra.gov.in/saral/27220300189</SimpleData>
			</SchemaData>
		</ExtendedData>
		<Point>
			<coordinates>72.855321,19.164664,0</coordinates>
		</Point>
	</Placemark>
	<Placemark>
		<name>SCHOLARS ACADAMY ENGLISH PRIMARY SCHOOL</name>
		<visibility>0</visibility>
		<styleUrl>#mumbai_unaided_schools_style</styleUrl>
		<ExtendedData>
			<SchemaData schemaUrl="#J_mumbai_unaided_schools_SIISSSSSSISSSSS">
				<SimpleData name="Address">Ambupati Bldg Chincholi phatak Malad West Mumbai - 64</SimpleData>
				<SimpleData name="Cls_From">1</SimpleData>
				<SimpleData name="Cls_To">4</SimpleData>
				<SimpleData name="Email">Scholarsacademy64@gmail.com</SimpleData>
				<SimpleData name="GoogleMaps">https://www.google.com/maps/search/?api=1&amp;query=19.1794379996227,72.8478829992406</SimpleData>
				<SimpleData name="Landline_1">022-28753681</SimpleData>
				<SimpleData name="Lat">19.1794379996227</SimpleData>
				<SimpleData name="Long">72.8478829992406</SimpleData>
				<SimpleData name="Name">SCHOLARS ACADAMY ENGLISH PRIMARY SCHOOL</SimpleData>
				<SimpleData name="OBJECTID_1">157</SimpleData>
				<SimpleData name="Owner_Dept">Education Dept</SimpleData>
				<SimpleData name="School_Typ">3-Co-educational</SimpleData>
				<SimpleData name="Twitter_Ha">@mybmcedu</SimpleData>
				<SimpleData name="Ward">P/S-WARD</SimpleData>
				<SimpleData name="Website">education.maharashtra.gov.in/saral/27220300190</SimpleData>
			</SchemaData>
		</ExtendedData>
		<Point>
			<coordinates>72.847883,19.179438,0</coordinates>
		</Point>
	</Placemark>
	<Placemark>
		<name>ST. MARY&apos;S ENGLISH  SCHOOL</name>
		<visibility>0</visibility>
		<styleUrl>#mumbai_unaided_schools_style</styleUrl>
		<ExtendedData>
			<SchemaData schemaUrl="#J_mumbai_unaided_schools_SIISSSSSSISSSSS">
				<SimpleData name="Address">CHINCHOLI , S V ROAD,  MALAD WEST</SimpleData>
				<SimpleData name="Cls_From">1</SimpleData>
				<SimpleData name="Cls_To">4</SimpleData>
				<SimpleData name="Email">stmaryenglishschool@gmail.com</SimpleData>
				<SimpleData name="GoogleMaps">https://www.google.com/maps/search/?api=1&amp;query=19.1778600004315,72.8466680004618</SimpleData>
				<SimpleData name="Landline_1">022-28756677</SimpleData>
				<SimpleData name="Lat">19.1778600004315</SimpleData>
				<SimpleData name="Long">72.8466680004618</SimpleData>
				<SimpleData name="Name">ST. MARY&apos;S ENGLISH  SCHOOL</SimpleData>
				<SimpleData name="OBJECTID_1">158</SimpleData>
				<SimpleData name="Owner_Dept">Education Dept</SimpleData>
				<SimpleData name="School_Typ">3-Co-educational</SimpleData>
				<SimpleData name="Twitter_Ha">@mybmcedu</SimpleData>
				<SimpleData name="Ward">P/S-WARD</SimpleData>
				<SimpleData name="Website">education.maharashtra.gov.in/saral/27220300191</SimpleData>
			</SchemaData>
		</ExtendedData>
		<Point>
			<coordinates>72.84666799999999,19.17786,0</coordinates>
		</Point>
	</Placemark>
	<Placemark>
		<name>DR. S. RADHAKRISHNAN VIDYALAYA</name>
		<visibility>0</visibility>
		<styleUrl>#mumbai_unaided_schools_style</styleUrl>
		<ExtendedData>
			<SchemaData schemaUrl="#J_mumbai_unaided_schools_SIISSSSSSISSSSS">
				<SimpleData name="Address">Sunder Nagar  Malad  West  Mumbai 400064</SimpleData>
				<SimpleData name="Cls_From">1</SimpleData>
				<SimpleData name="Cls_To">4</SimpleData>
				<SimpleData name="Email">dsrvmalad1@gmail.com</SimpleData>
				<SimpleData name="GoogleMaps">https://www.google.com/maps/search/?api=1&amp;query=19.1690539993851,72.835080000089</SimpleData>
				<SimpleData name="Landline_1">022-61149000</SimpleData>
				<SimpleData name="Lat">19.1690539993851</SimpleData>
				<SimpleData name="Long">72.835080000089</SimpleData>
				<SimpleData name="Name">DR. S. RADHAKRISHNAN VIDYALAYA</SimpleData>
				<SimpleData name="OBJECTID_1">159</SimpleData>
				<SimpleData name="Owner_Dept">Education Dept</SimpleData>
				<SimpleData name="School_Typ">3-Co-educational</SimpleData>
				<SimpleData name="Twitter_Ha">@mybmcedu</SimpleData>
				<SimpleData name="Ward">P/S-WARD</SimpleData>
				<SimpleData name="Website">education.maharashtra.gov.in/saral/27220300192</SimpleData>
			</SchemaData>
		</ExtendedData>
		<Point>
			<coordinates>72.83508,19.169054,0</coordinates>
		</Point>
	</Placemark>
	<Placemark>
		<name>M. T. S. KHALSA HIGH SCHOOL</name>
		<visibility>0</visibility>
		<styleUrl>#mumbai_unaided_schools_style</styleUrl>
		<ExtendedData>
			<SchemaData schemaUrl="#J_mumbai_unaided_schools_SIISSSSSSISSSSS">
				<SimpleData name="Address">210 /1680  MOTILAL NAGAR GOREGAON WEST MUMBAI-400104</SimpleData>
				<SimpleData name="Cls_From">1</SimpleData>
				<SimpleData name="Cls_To">4</SimpleData>
				<SimpleData name="Email">mtskhalsa2014@gmail.com</SimpleData>
				<SimpleData name="GoogleMaps">https://www.google.com/maps/search/?api=1&amp;query=19.1599199997949,72.8439799999752</SimpleData>
				<SimpleData name="Landline_1">022-28726248</SimpleData>
				<SimpleData name="Lat">19.1599199997949</SimpleData>
				<SimpleData name="Long">72.8439799999752</SimpleData>
				<SimpleData name="Name">M. T. S. KHALSA HIGH SCHOOL</SimpleData>
				<SimpleData name="OBJECTID_1">160</SimpleData>
				<SimpleData name="Owner_Dept">Education Dept</SimpleData>
				<SimpleData name="School_Typ">3-Co-educational</SimpleData>
				<SimpleData name="Twitter_Ha">@mybmcedu</SimpleData>
				<SimpleData name="Ward">P/S-WARD</SimpleData>
				<SimpleData name="Website"> </SimpleData>
			</SchemaData>
		</ExtendedData>
		<Point>
			<coordinates>72.84398,19.15992,0</coordinates>
		</Point>
	</Placemark>
	<Placemark>
		<name>SHRI SHYAMKESH VIDYALAY ENGLISH SCHOOL</name>
		<visibility>0</visibility>
		<styleUrl>#mumbai_unaided_schools_style</styleUrl>
		<ExtendedData>
			<SchemaData schemaUrl="#J_mumbai_unaided_schools_SIISSSSSSISSSSS">
				<SimpleData name="Address">JIJAMATA NAGAR TEEN DONGRI GOREGAON WEST</SimpleData>
				<SimpleData name="Cls_From">1</SimpleData>
				<SimpleData name="Cls_To">8</SimpleData>
				<SimpleData name="Email">ssvidyalayalaya2010@gmail.com</SimpleData>
				<SimpleData name="GoogleMaps">https://www.google.com/maps/search/?api=1&amp;query=19.1678859998115,72.8390489999384</SimpleData>
				<SimpleData name="Landline_1">022-28731234</SimpleData>
				<SimpleData name="Lat">19.1678859998115</SimpleData>
				<SimpleData name="Long">72.8390489999384</SimpleData>
				<SimpleData name="Name">SHRI SHYAMKESH VIDYALAY ENGLISH SCHOOL</SimpleData>
				<SimpleData name="OBJECTID_1">161</SimpleData>
				<SimpleData name="Owner_Dept">Education Dept</SimpleData>
				<SimpleData name="School_Typ">3-Co-educational</SimpleData>
				<SimpleData name="Twitter_Ha">@mybmcedu</SimpleData>
				<SimpleData name="Ward">P/S-WARD</SimpleData>
				<SimpleData name="Website">www.ssvidyalaya.in</SimpleData>
			</SchemaData>
		</ExtendedData>
		<Point>
			<coordinates>72.839049,19.167886,0</coordinates>
		</Point>
	</Placemark>
	<Placemark>
		<name>AL -  HAMD URDU PRIMARY SCHOOL</name>
		<visibility>0</visibility>
		<styleUrl>#mumbai_unaided_schools_style</styleUrl>
		<ExtendedData>
			<SchemaData schemaUrl="#J_mumbai_unaided_schools_SIISSSSSSISSSSS">
				<SimpleData name="Address">ground floor Rehab building no 02 Irani wadi near lucky hotel malad east Mumbai 400097</SimpleData>
				<SimpleData name="Cls_From">1</SimpleData>
				<SimpleData name="Cls_To">4</SimpleData>
				<SimpleData name="Email">alhamdurdu104@redoffmail.com</SimpleData>
				<SimpleData name="GoogleMaps">https://www.google.com/maps/search/?api=1&amp;query=19.1743629994224,72.8518170007059</SimpleData>
				<SimpleData name="Landline_1">022-28776905</SimpleData>
				<SimpleData name="Lat">19.1743629994224</SimpleData>
				<SimpleData name="Long">72.8518170007059</SimpleData>
				<SimpleData name="Name">AL -  HAMD URDU PRIMARY SCHOOL</SimpleData>
				<SimpleData name="OBJECTID_1">162</SimpleData>
				<SimpleData name="Owner_Dept">Education Dept</SimpleData>
				<SimpleData name="School_Typ">3-Co-educational</SimpleData>
				<SimpleData name="Twitter_Ha">@mybmcedu</SimpleData>
				<SimpleData name="Ward">P/N- WARD</SimpleData>
				<SimpleData name="Website">education.maharashtra.gov.in</SimpleData>
			</SchemaData>
		</ExtendedData>
		<Point>
			<coordinates>72.851817,19.174363,0</coordinates>
		</Point>
	</Placemark>
	<Placemark>
		<name>UMEDBHAI PATEL ENGLISH SCHOOL</name>
		<visibility>0</visibility>
		<styleUrl>#mumbai_unaided_schools_style</styleUrl>
		<ExtendedData>
			<SchemaData schemaUrl="#J_mumbai_unaided_schools_SIISSSSSSISSSSS">
				<SimpleData name="Address">Sunder Nagar, S. V. Road, Malad West Mumbai - 400064</SimpleData>
				<SimpleData name="Cls_From">1</SimpleData>
				<SimpleData name="Cls_To">4</SimpleData>
				<SimpleData name="Email">umedbhaipatelschool@gmail.com</SimpleData>
				<SimpleData name="GoogleMaps">https://www.google.com/maps/search/?api=1&amp;query=19.1647140004835,72.855414999727</SimpleData>
				<SimpleData name="Landline_1">022-28723883</SimpleData>
				<SimpleData name="Lat">19.1647140004835</SimpleData>
				<SimpleData name="Long">72.855414999727</SimpleData>
				<SimpleData name="Name">UMEDBHAI PATEL ENGLISH SCHOOL</SimpleData>
				<SimpleData name="OBJECTID_1">163</SimpleData>
				<SimpleData name="Owner_Dept">Education Dept</SimpleData>
				<SimpleData name="School_Typ">3-Co-educational</SimpleData>
				<SimpleData name="Twitter_Ha">@mybmcedu</SimpleData>
				<SimpleData name="Ward">P/N- WARD</SimpleData>
				<SimpleData name="Website"> </SimpleData>
			</SchemaData>
		</ExtendedData>
		<Point>
			<coordinates>72.85541499999999,19.164714,0</coordinates>
		</Point>
	</Placemark>
	<Placemark>
		<name>MAHINDRA ACADAMY</name>
		<visibility>0</visibility>
		<styleUrl>#mumbai_unaided_schools_style</styleUrl>
		<ExtendedData>
			<SchemaData schemaUrl="#J_mumbai_unaided_schools_SIISSSSSSISSSSS">
				<SimpleData name="Address">S V road Goregaon West</SimpleData>
				<SimpleData name="Cls_From">1</SimpleData>
				<SimpleData name="Cls_To">4</SimpleData>
				<SimpleData name="Email">mahindra_academy@yahoo.com</SimpleData>
				<SimpleData name="GoogleMaps">https://www.google.com/maps/search/?api=1&amp;query=19.1786410005014,72.8525279999091</SimpleData>
				<SimpleData name="Landline_1">022-28778664</SimpleData>
				<SimpleData name="Lat">19.1786410005014</SimpleData>
				<SimpleData name="Long">72.8525279999091</SimpleData>
				<SimpleData name="Name">MAHINDRA ACADAMY</SimpleData>
				<SimpleData name="OBJECTID_1">164</SimpleData>
				<SimpleData name="Owner_Dept">Education Dept</SimpleData>
				<SimpleData name="School_Typ">3-Co-educational</SimpleData>
				<SimpleData name="Twitter_Ha">@mybmcedu</SimpleData>
				<SimpleData name="Ward">P/N- WARD</SimpleData>
				<SimpleData name="Website"> </SimpleData>
			</SchemaData>
		</ExtendedData>
		<Point>
			<coordinates>72.85252800000001,19.178641,0</coordinates>
		</Point>
	</Placemark>
	<Placemark>
		<name>DIVINE CHILD PRIMARY SCHOOL</name>
		<visibility>0</visibility>
		<styleUrl>#mumbai_unaided_schools_style</styleUrl>
		<ExtendedData>
			<SchemaData schemaUrl="#J_mumbai_unaided_schools_SIISSSSSSISSSSS">
				<SimpleData name="Address">Indira Nagar, Pathan Wadi Malad East</SimpleData>
				<SimpleData name="Cls_From">1</SimpleData>
				<SimpleData name="Cls_To">4</SimpleData>
				<SimpleData name="Email">dchsmalad@gmail.com</SimpleData>
				<SimpleData name="GoogleMaps">https://www.google.com/maps/search/?api=1&amp;query=19.1774900002,72.8677799995228</SimpleData>
				<SimpleData name="Landline_1">022-28409758</SimpleData>
				<SimpleData name="Lat">19.1774900002</SimpleData>
				<SimpleData name="Long">72.8677799995228</SimpleData>
				<SimpleData name="Name">DIVINE CHILD PRIMARY SCHOOL</SimpleData>
				<SimpleData name="OBJECTID_1">165</SimpleData>
				<SimpleData name="Owner_Dept">Education Dept</SimpleData>
				<SimpleData name="School_Typ">3-Co-educational</SimpleData>
				<SimpleData name="Twitter_Ha">@mybmcedu</SimpleData>
				<SimpleData name="Ward">P/N- WARD</SimpleData>
				<SimpleData name="Website">education.maharashtra.gov.in/saral/27220300230</SimpleData>
			</SchemaData>
		</ExtendedData>
		<Point>
			<coordinates>72.86778,19.17749,0</coordinates>
		</Point>
	</Placemark>
	<Placemark>
		<name>SWAMI VIVEKANAND ENG</name>
		<visibility>0</visibility>
		<styleUrl>#mumbai_unaided_schools_style</styleUrl>
		<ExtendedData>
			<SchemaData schemaUrl="#J_mumbai_unaided_schools_SIISSSSSSISSSSS">
				<SimpleData name="Address">Deendayal Educatuional Trust, PrathmeshNagar, Appapada,Kurar Village Malad East</SimpleData>
				<SimpleData name="Cls_From">1</SimpleData>
				<SimpleData name="Cls_To">4</SimpleData>
				<SimpleData name="Email">swamivivekanandjr.college@gmail.com</SimpleData>
				<SimpleData name="GoogleMaps">https://www.google.com/maps/search/?api=1&amp;query=19.1897800000889,72.8744609995639</SimpleData>
				<SimpleData name="Landline_1">022-0</SimpleData>
				<SimpleData name="Lat">19.1897800000889</SimpleData>
				<SimpleData name="Long">72.8744609995639</SimpleData>
				<SimpleData name="Name">SWAMI VIVEKANAND ENG</SimpleData>
				<SimpleData name="OBJECTID_1">166</SimpleData>
				<SimpleData name="Owner_Dept">Education Dept</SimpleData>
				<SimpleData name="School_Typ">3-Co-educational</SimpleData>
				<SimpleData name="Twitter_Ha">@mybmcedu</SimpleData>
				<SimpleData name="Ward">P/N- WARD</SimpleData>
				<SimpleData name="Website"> </SimpleData>
			</SchemaData>
		</ExtendedData>
		<Point>
			<coordinates>72.874461,19.18978,0</coordinates>
		</Point>
	</Placemark>
	<Placemark>
		<name>ASHABAI TULSHIRAM WARE MAR</name>
		<visibility>0</visibility>
		<styleUrl>#mumbai_unaided_schools_style</styleUrl>
		<ExtendedData>
			<SchemaData schemaUrl="#J_mumbai_unaided_schools_SIISSSSSSISSSSS">
				<SimpleData name="Address">SANTOSHNAGAR GEN AK VAIDYA MARG MALAD EAST MUMBAI 400097</SimpleData>
				<SimpleData name="Cls_From">1</SimpleData>
				<SimpleData name="Cls_To">4</SimpleData>
				<SimpleData name="Email">atware.highschool@gmail.com</SimpleData>
				<SimpleData name="GoogleMaps">https://www.google.com/maps/search/?api=1&amp;query=19.17014300064,72.8753630000826</SimpleData>
				<SimpleData name="Landline_1">022-28420941</SimpleData>
				<SimpleData name="Lat">19.17014300064</SimpleData>
				<SimpleData name="Long">72.8753630000826</SimpleData>
				<SimpleData name="Name">ASHABAI TULSHIRAM WARE MAR</SimpleData>
				<SimpleData name="OBJECTID_1">167</SimpleData>
				<SimpleData name="Owner_Dept">Education Dept</SimpleData>
				<SimpleData name="School_Typ">3-Co-educational</SimpleData>
				<SimpleData name="Twitter_Ha">@mybmcedu</SimpleData>
				<SimpleData name="Ward">P/N- WARD</SimpleData>
				<SimpleData name="Website">education.maharashtra.gov.in/saral/27220300251</SimpleData>
			</SchemaData>
		</ExtendedData>
		<Point>
			<coordinates>72.87536299999999,19.170143,0</coordinates>
		</Point>
	</Placemark>
	<Placemark>
		<name>ROYAL ACADEMY</name>
		<visibility>0</visibility>
		<styleUrl>#mumbai_unaided_schools_style</styleUrl>
		<ExtendedData>
			<SchemaData schemaUrl="#J_mumbai_unaided_schools_SIISSSSSSISSSSS">
				<SimpleData name="Address">Hanuman Nagar Santosh Nagar Filmcity Road Goregaon East Mumbai 400065</SimpleData>
				<SimpleData name="Cls_From">1</SimpleData>
				<SimpleData name="Cls_To">4</SimpleData>
				<SimpleData name="Email">royalacademyprimary@gmail.com</SimpleData>
				<SimpleData name="GoogleMaps">https://www.google.com/maps/search/?api=1&amp;query=19.1715729994739,72.8766039999097</SimpleData>
				<SimpleData name="Landline_1">022-28415063</SimpleData>
				<SimpleData name="Lat">19.1715729994739</SimpleData>
				<SimpleData name="Long">72.8766039999097</SimpleData>
				<SimpleData name="Name">ROYAL ACADEMY</SimpleData>
				<SimpleData name="OBJECTID_1">168</SimpleData>
				<SimpleData name="Owner_Dept">Education Dept</SimpleData>
				<SimpleData name="School_Typ">3-Co-educational</SimpleData>
				<SimpleData name="Twitter_Ha">@mybmcedu</SimpleData>
				<SimpleData name="Ward">P/N- WARD</SimpleData>
				<SimpleData name="Website">education.maharashtra.gov.in/saral/27220300253</SimpleData>
			</SchemaData>
		</ExtendedData>
		<Point>
			<coordinates>72.876604,19.171573,0</coordinates>
		</Point>
	</Placemark>
	<Placemark>
		<name>ST.  JOSEPH HIGHSCHOOL</name>
		<visibility>0</visibility>
		<styleUrl>#mumbai_unaided_schools_style</styleUrl>
		<ExtendedData>
			<SchemaData schemaUrl="#J_mumbai_unaided_schools_SIISSSSSSISSSSS">
				<SimpleData name="Address">53 Pushpa Park Malad East Mumbai</SimpleData>
				<SimpleData name="Cls_From">1</SimpleData>
				<SimpleData name="Cls_To">4</SimpleData>
				<SimpleData name="Email">highschoolstjoseph@yahoo.in</SimpleData>
				<SimpleData name="GoogleMaps">https://www.google.com/maps/search/?api=1&amp;query=19.1924820000074,72.85851499966</SimpleData>
				<SimpleData name="Landline_1">022-28827523</SimpleData>
				<SimpleData name="Lat">19.1924820000074</SimpleData>
				<SimpleData name="Long">72.85851499966</SimpleData>
				<SimpleData name="Name">ST.  JOSEPH HIGHSCHOOL</SimpleData>
				<SimpleData name="OBJECTID_1">169</SimpleData>
				<SimpleData name="Owner_Dept">Education Dept</SimpleData>
				<SimpleData name="School_Typ">3-Co-educational</SimpleData>
				<SimpleData name="Twitter_Ha">@mybmcedu</SimpleData>
				<SimpleData name="Ward">P/N- WARD</SimpleData>
				<SimpleData name="Website">education.maharashtra.gov.in/saral/27220300</SimpleData>
			</SchemaData>
		</ExtendedData>
		<Point>
			<coordinates>72.858515,19.192482,0</coordinates>
		</Point>
	</Placemark>
	<Placemark>
		<name>ST FRANSIS ENG</name>
		<visibility>0</visibility>
		<styleUrl>#mumbai_unaided_schools_style</styleUrl>
		<ExtendedData>
			<SchemaData schemaUrl="#J_mumbai_unaided_schools_SIISSSSSSISSSSS">
				<SimpleData name="Address">Bandongri, Datta Mandir Road, Malad East, Mum-97</SimpleData>
				<SimpleData name="Cls_From">1</SimpleData>
				<SimpleData name="Cls_To">4</SimpleData>
				<SimpleData name="Email">office@sfehs.org</SimpleData>
				<SimpleData name="GoogleMaps">https://www.google.com/maps/search/?api=1&amp;query=19.1924879998714,72.8585219999516</SimpleData>
				<SimpleData name="Landline_1">022-28884811</SimpleData>
				<SimpleData name="Lat">19.1924879998714</SimpleData>
				<SimpleData name="Long">72.8585219999516</SimpleData>
				<SimpleData name="Name">ST FRANSIS ENG</SimpleData>
				<SimpleData name="OBJECTID_1">170</SimpleData>
				<SimpleData name="Owner_Dept">Education Dept</SimpleData>
				<SimpleData name="School_Typ">3-Co-educational</SimpleData>
				<SimpleData name="Twitter_Ha">@mybmcedu</SimpleData>
				<SimpleData name="Ward">P/N- WARD</SimpleData>
				<SimpleData name="Website">www.sfehs.com</SimpleData>
			</SchemaData>
		</ExtendedData>
		<Point>
			<coordinates>72.85852199999999,19.192488,0</coordinates>
		</Point>
	</Placemark>
	<Placemark>
		<name>ADARSH VIDAYAMANDIR ENG</name>
		<visibility>0</visibility>
		<styleUrl>#mumbai_unaided_schools_style</styleUrl>
		<ExtendedData>
			<SchemaData schemaUrl="#J_mumbai_unaided_schools_SIISSSSSSISSSSS">
				<SimpleData name="Address">LAXMAN NAGAR,KURAR VILLAGE,MALAD EAST 400097</SimpleData>
				<SimpleData name="Cls_From">1</SimpleData>
				<SimpleData name="Cls_To">4</SimpleData>
				<SimpleData name="Email">avmenglishmedium@gmail.com</SimpleData>
				<SimpleData name="GoogleMaps">https://www.google.com/maps/search/?api=1&amp;query=19.1849640006608,72.8643449998164</SimpleData>
				<SimpleData name="Landline_1">022-28404759</SimpleData>
				<SimpleData name="Lat">19.1849640006608</SimpleData>
				<SimpleData name="Long">72.8643449998164</SimpleData>
				<SimpleData name="Name">ADARSH VIDAYAMANDIR ENG</SimpleData>
				<SimpleData name="OBJECTID_1">171</SimpleData>
				<SimpleData name="Owner_Dept">Education Dept</SimpleData>
				<SimpleData name="School_Typ">3-Co-educational</SimpleData>
				<SimpleData name="Twitter_Ha">@mybmcedu</SimpleData>
				<SimpleData name="Ward">P/N- WARD</SimpleData>
				<SimpleData name="Website">education.maharashtra.gov.in/saral/27220300278</SimpleData>
			</SchemaData>
		</ExtendedData>
		<Point>
			<coordinates>72.864345,19.184964,0</coordinates>
		</Point>
	</Placemark>
	<Placemark>
		<name>ST. FRANCIS ENG HIGH SCHOOL</name>
		<visibility>0</visibility>
		<styleUrl>#mumbai_unaided_schools_style</styleUrl>
		<ExtendedData>
			<SchemaData schemaUrl="#J_mumbai_unaided_schools_SIISSSSSSISSSSS">
				<SimpleData name="Address">laxman nagar kurar village malad east mumbai</SimpleData>
				<SimpleData name="Cls_From">1</SimpleData>
				<SimpleData name="Cls_To">4</SimpleData>
				<SimpleData name="Email">deepuravi_20@rediffmail.com</SimpleData>
				<SimpleData name="GoogleMaps">https://www.google.com/maps/search/?api=1&amp;query=19.1855470005751,72.8643599994061</SimpleData>
				<SimpleData name="Landline_1">022-28402726</SimpleData>
				<SimpleData name="Lat">19.1855470005751</SimpleData>
				<SimpleData name="Long">72.8643599994061</SimpleData>
				<SimpleData name="Name">ST. FRANCIS ENG HIGH SCHOOL</SimpleData>
				<SimpleData name="OBJECTID_1">172</SimpleData>
				<SimpleData name="Owner_Dept">Education Dept</SimpleData>
				<SimpleData name="School_Typ">3-Co-educational</SimpleData>
				<SimpleData name="Twitter_Ha">@mybmcedu</SimpleData>
				<SimpleData name="Ward">P/N- WARD</SimpleData>
				<SimpleData name="Website"> </SimpleData>
			</SchemaData>
		</ExtendedData>
		<Point>
			<coordinates>72.86436,19.185547,0</coordinates>
		</Point>
	</Placemark>
	<Placemark>
		<name>QUEEN MARY HIGH SCHOOL</name>
		<visibility>0</visibility>
		<styleUrl>#mumbai_unaided_schools_style</styleUrl>
		<ExtendedData>
			<SchemaData schemaUrl="#J_mumbai_unaided_schools_SIISSSSSSISSSSS">
				<SimpleData name="Address">Pimpari pada malad east mumbai 97</SimpleData>
				<SimpleData name="Cls_From">1</SimpleData>
				<SimpleData name="Cls_To">4</SimpleData>
				<SimpleData name="Email">queenmaryschoolmalad@gmail.com</SimpleData>
				<SimpleData name="GoogleMaps">https://www.google.com/maps/search/?api=1&amp;query=19.1800919999861,72.8718519995267</SimpleData>
				<SimpleData name="Landline_1">022-28402727</SimpleData>
				<SimpleData name="Lat">19.1800919999861</SimpleData>
				<SimpleData name="Long">72.8718519995267</SimpleData>
				<SimpleData name="Name">QUEEN MARY HIGH SCHOOL</SimpleData>
				<SimpleData name="OBJECTID_1">173</SimpleData>
				<SimpleData name="Owner_Dept">Education Dept</SimpleData>
				<SimpleData name="School_Typ">3-Co-educational</SimpleData>
				<SimpleData name="Twitter_Ha">@mybmcedu</SimpleData>
				<SimpleData name="Ward">P/N- WARD</SimpleData>
				<SimpleData name="Website">education.maharashtra.gov.in/saral/27220300280</SimpleData>
			</SchemaData>
		</ExtendedData>
		<Point>
			<coordinates>72.871852,19.180092,0</coordinates>
		</Point>
	</Placemark>
	<Placemark>
		<name>ST. SEBASTIAN&apos;S ENGLISH SCHOOL</name>
		<visibility>0</visibility>
		<styleUrl>#mumbai_unaided_schools_style</styleUrl>
		<ExtendedData>
			<SchemaData schemaUrl="#J_mumbai_unaided_schools_SIISSSSSSISSSSS">
				<SimpleData name="Address">Tanaji Nagar, Kurar, Malad E, Mumbai - 400097</SimpleData>
				<SimpleData name="Cls_From">1</SimpleData>
				<SimpleData name="Cls_To">4</SimpleData>
				<SimpleData name="Email">stsebastian82@yahoo.com</SimpleData>
				<SimpleData name="GoogleMaps">https://www.google.com/maps/search/?api=1&amp;query=19.1898510003467,72.8627149998741</SimpleData>
				<SimpleData name="Landline_1">022-29662631</SimpleData>
				<SimpleData name="Lat">19.1898510003467</SimpleData>
				<SimpleData name="Long">72.8627149998741</SimpleData>
				<SimpleData name="Name">ST. SEBASTIAN&apos;S ENGLISH SCHOOL</SimpleData>
				<SimpleData name="OBJECTID_1">174</SimpleData>
				<SimpleData name="Owner_Dept">Education Dept</SimpleData>
				<SimpleData name="School_Typ">3-Co-educational</SimpleData>
				<SimpleData name="Twitter_Ha">@mybmcedu</SimpleData>
				<SimpleData name="Ward">P/N- WARD</SimpleData>
				<SimpleData name="Website">education.maharashtra.gov.in/saral/27220300281</SimpleData>
			</SchemaData>
		</ExtendedData>
		<Point>
			<coordinates>72.86271499999999,19.189851,0</coordinates>
		</Point>
	</Placemark>
	<Placemark>
		<name>HOLY MATHERS ENG</name>
		<visibility>0</visibility>
		<styleUrl>#mumbai_unaided_schools_style</styleUrl>
		<ExtendedData>
			<SchemaData schemaUrl="#J_mumbai_unaided_schools_SIISSSSSSISSSSS">
				<SimpleData name="Address">SAI KRUPA DUBEY NIWAS OPP. JAIN TEMPLE KURAR VILLAGE MALAD EAST</SimpleData>
				<SimpleData name="Cls_From">1</SimpleData>
				<SimpleData name="Cls_To">7</SimpleData>
				<SimpleData name="Email">csholymotherschool@gmail.com</SimpleData>
				<SimpleData name="GoogleMaps">https://www.google.com/maps/search/?api=1&amp;query=19.1904430002378,72.8569590001573</SimpleData>
				<SimpleData name="Landline_1">022-28495681</SimpleData>
				<SimpleData name="Lat">19.1904430002378</SimpleData>
				<SimpleData name="Long">72.8569590001573</SimpleData>
				<SimpleData name="Name">HOLY MATHERS ENG</SimpleData>
				<SimpleData name="OBJECTID_1">175</SimpleData>
				<SimpleData name="Owner_Dept">Education Dept</SimpleData>
				<SimpleData name="School_Typ">3-Co-educational</SimpleData>
				<SimpleData name="Twitter_Ha">@mybmcedu</SimpleData>
				<SimpleData name="Ward">P/N- WARD</SimpleData>
				<SimpleData name="Website"> </SimpleData>
			</SchemaData>
		</ExtendedData>
		<Point>
			<coordinates>72.856959,19.190443,0</coordinates>
		</Point>
	</Placemark>
	<Placemark>
		<name>A. V. M. ACADEMY HINDI PRIMARY SCHOOL</name>
		<visibility>0</visibility>
		<styleUrl>#mumbai_unaided_schools_style</styleUrl>
		<ExtendedData>
			<SchemaData schemaUrl="#J_mumbai_unaided_schools_SIISSSSSSISSSSS">
				<SimpleData name="Address">Shivaji nagar, Kurar Village, Malad East, Mumbai - 400097</SimpleData>
				<SimpleData name="Cls_From">1</SimpleData>
				<SimpleData name="Cls_To">4</SimpleData>
				<SimpleData name="Email">avmacademyhp@gmail.com</SimpleData>
				<SimpleData name="GoogleMaps">https://www.google.com/maps/search/?api=1&amp;query=19.1901500005183,72.8656030000107</SimpleData>
				<SimpleData name="Landline_1">022-29659334</SimpleData>
				<SimpleData name="Lat">19.1901500005183</SimpleData>
				<SimpleData name="Long">72.8656030000107</SimpleData>
				<SimpleData name="Name">A. V. M. ACADEMY HINDI PRIMARY SCHOOL</SimpleData>
				<SimpleData name="OBJECTID_1">176</SimpleData>
				<SimpleData name="Owner_Dept">Education Dept</SimpleData>
				<SimpleData name="School_Typ">3-Co-educational</SimpleData>
				<SimpleData name="Twitter_Ha">@mybmcedu</SimpleData>
				<SimpleData name="Ward">P/N- WARD</SimpleData>
				<SimpleData name="Website"> </SimpleData>
			</SchemaData>
		</ExtendedData>
		<Point>
			<coordinates>72.86560299999999,19.19015,0</coordinates>
		</Point>
	</Placemark>
	<Placemark>
		<name>A. V. M. ACADEMY ENGLISH PRIMARY SCHOOL</name>
		<visibility>0</visibility>
		<styleUrl>#mumbai_unaided_schools_style</styleUrl>
		<ExtendedData>
			<SchemaData schemaUrl="#J_mumbai_unaided_schools_SIISSSSSSISSSSS">
				<SimpleData name="Address">Shivaji Nagar, Kurar Village, Malad East, Mumbai - 400097</SimpleData>
				<SimpleData name="Cls_From">1</SimpleData>
				<SimpleData name="Cls_To">4</SimpleData>
				<SimpleData name="Email">avmacademyhindimedium@gmail.com</SimpleData>
				<SimpleData name="GoogleMaps">https://www.google.com/maps/search/?api=1&amp;query=19.1902029997767,72.8656919994996</SimpleData>
				<SimpleData name="Landline_1">022-29659334</SimpleData>
				<SimpleData name="Lat">19.1902029997767</SimpleData>
				<SimpleData name="Long">72.8656919994996</SimpleData>
				<SimpleData name="Name">A. V. M. ACADEMY ENGLISH PRIMARY SCHOOL</SimpleData>
				<SimpleData name="OBJECTID_1">177</SimpleData>
				<SimpleData name="Owner_Dept">Education Dept</SimpleData>
				<SimpleData name="School_Typ">3-Co-educational</SimpleData>
				<SimpleData name="Twitter_Ha">@mybmcedu</SimpleData>
				<SimpleData name="Ward">P/N- WARD</SimpleData>
				<SimpleData name="Website"> </SimpleData>
			</SchemaData>
		</ExtendedData>
		<Point>
			<coordinates>72.865692,19.190203,0</coordinates>
		</Point>
	</Placemark>
	<Placemark>
		<name>FATIMA DEVI ENG</name>
		<visibility>0</visibility>
		<styleUrl>#mumbai_unaided_schools_style</styleUrl>
		<ExtendedData>
			<SchemaData schemaUrl="#J_mumbai_unaided_schools_SIISSSSSSISSSSS">
				<SimpleData name="Address">FATIMADEVI ENGLISH PRIMARY SCHOOL, PUSHPA COLONY MANCHUBHAI ROAD, MALAD EAST, MUMBAI- 400097</SimpleData>
				<SimpleData name="Cls_From">1</SimpleData>
				<SimpleData name="Cls_To">4</SimpleData>
				<SimpleData name="Email">fatimaprimary@gmail.com</SimpleData>
				<SimpleData name="GoogleMaps">https://www.google.com/maps/search/?api=1&amp;query=19.1880489994813,72.8551280004083</SimpleData>
				<SimpleData name="Landline_1">022-28891940</SimpleData>
				<SimpleData name="Lat">19.1880489994813</SimpleData>
				<SimpleData name="Long">72.8551280004083</SimpleData>
				<SimpleData name="Name">FATIMA DEVI ENG</SimpleData>
				<SimpleData name="OBJECTID_1">178</SimpleData>
				<SimpleData name="Owner_Dept">Education Dept</SimpleData>
				<SimpleData name="School_Typ">3-Co-educational</SimpleData>
				<SimpleData name="Twitter_Ha">@mybmcedu</SimpleData>
				<SimpleData name="Ward">P/N- WARD</SimpleData>
				<SimpleData name="Website"> </SimpleData>
			</SchemaData>
		</ExtendedData>
		<Point>
			<coordinates>72.85512799999999,19.188049,0</coordinates>
		</Point>
	</Placemark>
	<Placemark>
		<name>ST. GEORGE ENGLISH SCHOOL</name>
		<visibility>0</visibility>
		<styleUrl>#mumbai_unaided_schools_style</styleUrl>
		<ExtendedData>
			<SchemaData schemaUrl="#J_mumbai_unaided_schools_SIISSSSSSISSSSS">
				<SimpleData name="Address">Kurar Village , Malad East.</SimpleData>
				<SimpleData name="Cls_From">1</SimpleData>
				<SimpleData name="Cls_To">4</SimpleData>
				<SimpleData name="Email">st.georgehighschool@yahoo.co.in</SimpleData>
				<SimpleData name="GoogleMaps">https://www.google.com/maps/search/?api=1&amp;query=19.1868149998757,72.8608059999464</SimpleData>
				<SimpleData name="Landline_1">022-28400244</SimpleData>
				<SimpleData name="Lat">19.1868149998757</SimpleData>
				<SimpleData name="Long">72.8608059999464</SimpleData>
				<SimpleData name="Name">ST. GEORGE ENGLISH SCHOOL</SimpleData>
				<SimpleData name="OBJECTID_1">179</SimpleData>
				<SimpleData name="Owner_Dept">Education Dept</SimpleData>
				<SimpleData name="School_Typ">3-Co-educational</SimpleData>
				<SimpleData name="Twitter_Ha">@mybmcedu</SimpleData>
				<SimpleData name="Ward">P/N- WARD</SimpleData>
				<SimpleData name="Website">education.maharashtra.gov.in/saral/27220300289</SimpleData>
			</SchemaData>
		</ExtendedData>
		<Point>
			<coordinates>72.860806,19.186815,0</coordinates>
		</Point>
	</Placemark>
	<Placemark>
		<name>ST. THOMAS MARTHOMA ENG PRIMARY SCHOOL</name>
		<visibility>0</visibility>
		<styleUrl>#mumbai_unaided_schools_style</styleUrl>
		<ExtendedData>
			<SchemaData schemaUrl="#J_mumbai_unaided_schools_SIISSSSSSISSSSS">
				<SimpleData name="Address">Sanjay Nagar Pathanwadi Malad East Mumbai 400 97</SimpleData>
				<SimpleData name="Cls_From">1</SimpleData>
				<SimpleData name="Cls_To">4</SimpleData>
				<SimpleData name="Email">littelangel2000@gmail.com</SimpleData>
				<SimpleData name="GoogleMaps">https://www.google.com/maps/search/?api=1&amp;query=19.1794810001733,72.8671780003632</SimpleData>
				<SimpleData name="Landline_1">022-28409953</SimpleData>
				<SimpleData name="Lat">19.1794810001733</SimpleData>
				<SimpleData name="Long">72.8671780003632</SimpleData>
				<SimpleData name="Name">ST. THOMAS MARTHOMA ENG PRIMARY SCHOOL</SimpleData>
				<SimpleData name="OBJECTID_1">180</SimpleData>
				<SimpleData name="Owner_Dept">Education Dept</SimpleData>
				<SimpleData name="School_Typ">3-Co-educational</SimpleData>
				<SimpleData name="Twitter_Ha">@mybmcedu</SimpleData>
				<SimpleData name="Ward">P/N-WARD</SimpleData>
				<SimpleData name="Website">education.maharashtra.gov.in/saral/27220300320</SimpleData>
			</SchemaData>
		</ExtendedData>
		<Point>
			<coordinates>72.867178,19.179481,0</coordinates>
		</Point>
	</Placemark>
	<Placemark>
		<name>LILAWATI ENGLISH SCHOOL</name>
		<visibility>0</visibility>
		<styleUrl>#mumbai_unaided_schools_style</styleUrl>
		<ExtendedData>
			<SchemaData schemaUrl="#J_mumbai_unaided_schools_SIISSSSSSISSSSS">
				<SimpleData name="Address">Plot no 20, Hawa hira park, K.v., Malad East, Mumbai-400097</SimpleData>
				<SimpleData name="Cls_From">1</SimpleData>
				<SimpleData name="Cls_To">7</SimpleData>
				<SimpleData name="Email">lilawatischool10@gmail.com</SimpleData>
				<SimpleData name="GoogleMaps">https://www.google.com/maps/search/?api=1&amp;query=19.1872770002419,72.861683000514</SimpleData>
				<SimpleData name="Landline_1">022-28407864</SimpleData>
				<SimpleData name="Lat">19.1872770002419</SimpleData>
				<SimpleData name="Long">72.861683000514</SimpleData>
				<SimpleData name="Name">LILAWATI ENGLISH SCHOOL</SimpleData>
				<SimpleData name="OBJECTID_1">181</SimpleData>
				<SimpleData name="Owner_Dept">Education Dept</SimpleData>
				<SimpleData name="School_Typ">3-Co-educational</SimpleData>
				<SimpleData name="Twitter_Ha">@mybmcedu</SimpleData>
				<SimpleData name="Ward">P/N-WARD</SimpleData>
				<SimpleData name="Website">education.maharashtra.gov.in/saral/27220300321</SimpleData>
			</SchemaData>
		</ExtendedData>
		<Point>
			<coordinates>72.861683,19.187277,0</coordinates>
		</Point>
	</Placemark>
	<Placemark>
		<name>THE GOOD SHEPHERD SCHOOL</name>
		<visibility>0</visibility>
		<styleUrl>#mumbai_unaided_schools_style</styleUrl>
		<ExtendedData>
			<SchemaData schemaUrl="#J_mumbai_unaided_schools_SIISSSSSSISSSSS">
				<SimpleData name="Address">Shalom Niwas ,  Gujar Compound ,Film City Rd Santosh Nagar  Goregaon East , Mumbai - 400065</SimpleData>
				<SimpleData name="Cls_From">1</SimpleData>
				<SimpleData name="Cls_To">7</SimpleData>
				<SimpleData name="Email">thegoodshepherdschool2002@gmail.com</SimpleData>
				<SimpleData name="GoogleMaps">https://www.google.com/maps/search/?api=1&amp;query=19.1695049993206,72.875116999726</SimpleData>
				<SimpleData name="Landline_1">022-28424496</SimpleData>
				<SimpleData name="Lat">19.1695049993206</SimpleData>
				<SimpleData name="Long">72.875116999726</SimpleData>
				<SimpleData name="Name">THE GOOD SHEPHERD SCHOOL</SimpleData>
				<SimpleData name="OBJECTID_1">182</SimpleData>
				<SimpleData name="Owner_Dept">Education Dept</SimpleData>
				<SimpleData name="School_Typ">3-Co-educational</SimpleData>
				<SimpleData name="Twitter_Ha">@mybmcedu</SimpleData>
				<SimpleData name="Ward">P/N-WARD</SimpleData>
				<SimpleData name="Website"> </SimpleData>
			</SchemaData>
		</ExtendedData>
		<Point>
			<coordinates>72.875117,19.169505,0</coordinates>
		</Point>
	</Placemark>
	<Placemark>
		<name>JYOTSNA DHIRAJLAL TALAKCHAND PRIMARY ENGLISH SCHOOL</name>
		<visibility>0</visibility>
		<styleUrl>#mumbai_unaided_schools_style</styleUrl>
		<ExtendedData>
			<SchemaData schemaUrl="#J_mumbai_unaided_schools_SIISSSSSSISSSSS">
				<SimpleData name="Address">Kurar village malad east mumbai 400097</SimpleData>
				<SimpleData name="Cls_From">1</SimpleData>
				<SimpleData name="Cls_To">4</SimpleData>
				<SimpleData name="Email">primaryschool@sanskarsarjan.org</SimpleData>
				<SimpleData name="GoogleMaps">https://www.google.com/maps/search/?api=1&amp;query=19.1849730003153,72.8601369999768</SimpleData>
				<SimpleData name="Landline_1">022-28410952</SimpleData>
				<SimpleData name="Lat">19.1849730003153</SimpleData>
				<SimpleData name="Long">72.8601369999768</SimpleData>
				<SimpleData name="Name">JYOTSNA DHIRAJLAL TALAKCHAND PRIMARY ENGLISH SCHOOL</SimpleData>
				<SimpleData name="OBJECTID_1">183</SimpleData>
				<SimpleData name="Owner_Dept">Education Dept</SimpleData>
				<SimpleData name="School_Typ">3-Co-educational</SimpleData>
				<SimpleData name="Twitter_Ha">@mybmcedu</SimpleData>
				<SimpleData name="Ward">P/N-WARD</SimpleData>
				<SimpleData name="Website">education.maharashtra.gov.in/saral/27220300323</SimpleData>
			</SchemaData>
		</ExtendedData>
		<Point>
			<coordinates>72.86013699999999,19.184973,0</coordinates>
		</Point>
	</Placemark>
	<Placemark>
		<name>SIR D. S. ENGLISH SCHOOL</name>
		<visibility>0</visibility>
		<styleUrl>#mumbai_unaided_schools_style</styleUrl>
		<ExtendedData>
			<SchemaData schemaUrl="#J_mumbai_unaided_schools_SIISSSSSSISSSSS">
				<SimpleData name="Address">Pimpri pada, Rani Sati Marg, Malad east</SimpleData>
				<SimpleData name="Cls_From">1</SimpleData>
				<SimpleData name="Cls_To">4</SimpleData>
				<SimpleData name="Email">sirdshighschool1980@gmail.com</SimpleData>
				<SimpleData name="GoogleMaps">https://www.google.com/maps/search/?api=1&amp;query=19.180420000062,72.8714629997839</SimpleData>
				<SimpleData name="Landline_1">022-28425642</SimpleData>
				<SimpleData name="Lat">19.180420000062</SimpleData>
				<SimpleData name="Long">72.8714629997839</SimpleData>
				<SimpleData name="Name">SIR D. S. ENGLISH SCHOOL</SimpleData>
				<SimpleData name="OBJECTID_1">184</SimpleData>
				<SimpleData name="Owner_Dept">Education Dept</SimpleData>
				<SimpleData name="School_Typ">3-Co-educational</SimpleData>
				<SimpleData name="Twitter_Ha">@mybmcedu</SimpleData>
				<SimpleData name="Ward">P/N-WARD</SimpleData>
				<SimpleData name="Website"> </SimpleData>
			</SchemaData>
		</ExtendedData>
		<Point>
			<coordinates>72.87146300000001,19.18042,0</coordinates>
		</Point>
	</Placemark>
	<Placemark>
		<name>MOTHER TERESA ENGLISH SCHOOL</name>
		<visibility>0</visibility>
		<styleUrl>#mumbai_unaided_schools_style</styleUrl>
		<ExtendedData>
			<SchemaData schemaUrl="#J_mumbai_unaided_schools_SIISSSSSSISSSSS">
				<SimpleData name="Address">Gandhi Nagar Cutting no. 10 Kira village Malad East</SimpleData>
				<SimpleData name="Cls_From">1</SimpleData>
				<SimpleData name="Cls_To">4</SimpleData>
				<SimpleData name="Email">pushpakounder@gmail.com</SimpleData>
				<SimpleData name="GoogleMaps">https://www.google.com/maps/search/?api=1&amp;query=19.1929349997708,72.8670909999128</SimpleData>
				<SimpleData name="Landline_1">022-0</SimpleData>
				<SimpleData name="Lat">19.1929349997708</SimpleData>
				<SimpleData name="Long">72.8670909999128</SimpleData>
				<SimpleData name="Name">MOTHER TERESA ENGLISH SCHOOL</SimpleData>
				<SimpleData name="OBJECTID_1">185</SimpleData>
				<SimpleData name="Owner_Dept">Education Dept</SimpleData>
				<SimpleData name="School_Typ">3-Co-educational</SimpleData>
				<SimpleData name="Twitter_Ha">@mybmcedu</SimpleData>
				<SimpleData name="Ward">P/N-WARD</SimpleData>
				<SimpleData name="Website"> </SimpleData>
			</SchemaData>
		</ExtendedData>
		<Point>
			<coordinates>72.867091,19.192935,0</coordinates>
		</Point>
	</Placemark>
	<Placemark>
		<name>LITTLE MARY ENGLISH SCHOOL</name>
		<visibility>0</visibility>
		<styleUrl>#mumbai_unaided_schools_style</styleUrl>
		<ExtendedData>
			<SchemaData schemaUrl="#J_mumbai_unaided_schools_SIISSSSSSISSSSS">
				<SimpleData name="Address">RANISATI MARG MALAD EAST</SimpleData>
				<SimpleData name="Cls_From">1</SimpleData>
				<SimpleData name="Cls_To">4</SimpleData>
				<SimpleData name="Email">littlemaryenglishschool@gmail.com</SimpleData>
				<SimpleData name="GoogleMaps">https://www.google.com/maps/search/?api=1&amp;query=19.1753189995563,72.8498999996619</SimpleData>
				<SimpleData name="Landline_1">022-28752901</SimpleData>
				<SimpleData name="Lat">19.1753189995563</SimpleData>
				<SimpleData name="Long">72.8498999996619</SimpleData>
				<SimpleData name="Name">LITTLE MARY ENGLISH SCHOOL</SimpleData>
				<SimpleData name="OBJECTID_1">186</SimpleData>
				<SimpleData name="Owner_Dept">Education Dept</SimpleData>
				<SimpleData name="School_Typ">3-Co-educational</SimpleData>
				<SimpleData name="Twitter_Ha">@mybmcedu</SimpleData>
				<SimpleData name="Ward">P/N-WARD</SimpleData>
				<SimpleData name="Website"> </SimpleData>
			</SchemaData>
		</ExtendedData>
		<Point>
			<coordinates>72.84990000000001,19.175319,0</coordinates>
		</Point>
	</Placemark>
	<Placemark>
		<name>ALFALAH PRIMARY SCHOOL</name>
		<visibility>0</visibility>
		<styleUrl>#mumbai_unaided_schools_style</styleUrl>
		<ExtendedData>
			<SchemaData schemaUrl="#J_mumbai_unaided_schools_SIISSSSSSISSSSS">
				<SimpleData name="Address">Haji Bapu Road, Behind Post Office, Malad East. Mumbai 400097</SimpleData>
				<SimpleData name="Cls_From">1</SimpleData>
				<SimpleData name="Cls_To">4</SimpleData>
				<SimpleData name="Email">alfalahhb@yahoo.com</SimpleData>
				<SimpleData name="GoogleMaps">https://www.google.com/maps/search/?api=1&amp;query=19.1804960004847,72.8496290002032</SimpleData>
				<SimpleData name="Landline_1">022-28772942</SimpleData>
				<SimpleData name="Lat">19.1804960004847</SimpleData>
				<SimpleData name="Long">72.8496290002032</SimpleData>
				<SimpleData name="Name">ALFALAH PRIMARY SCHOOL</SimpleData>
				<SimpleData name="OBJECTID_1">187</SimpleData>
				<SimpleData name="Owner_Dept">Education Dept</SimpleData>
				<SimpleData name="School_Typ">3-Co-educational</SimpleData>
				<SimpleData name="Twitter_Ha">@mybmcedu</SimpleData>
				<SimpleData name="Ward">P/N-WARD</SimpleData>
				<SimpleData name="Website">www.alfalahschools.in</SimpleData>
			</SchemaData>
		</ExtendedData>
		<Point>
			<coordinates>72.84962899999999,19.180496,0</coordinates>
		</Point>
	</Placemark>
	<Placemark>
		<name>GLOBAL TREE SCHOOL</name>
		<visibility>0</visibility>
		<styleUrl>#mumbai_unaided_schools_style</styleUrl>
		<ExtendedData>
			<SchemaData schemaUrl="#J_mumbai_unaided_schools_SIISSSSSSISSSSS">
				<SimpleData name="Address">SAIDHAM SOCIETY M H B COLONY MALAD EAST MUMBAI 400097</SimpleData>
				<SimpleData name="Cls_From">1</SimpleData>
				<SimpleData name="Cls_To">4</SimpleData>
				<SimpleData name="Email">globaltreeschool9@gmail.com</SimpleData>
				<SimpleData name="GoogleMaps">https://www.google.com/maps/search/?api=1&amp;query=19.1683070004404,72.8804740000571</SimpleData>
				<SimpleData name="Landline_1">022-0</SimpleData>
				<SimpleData name="Lat">19.1683070004404</SimpleData>
				<SimpleData name="Long">72.8804740000571</SimpleData>
				<SimpleData name="Name">GLOBAL TREE SCHOOL</SimpleData>
				<SimpleData name="OBJECTID_1">188</SimpleData>
				<SimpleData name="Owner_Dept">Education Dept</SimpleData>
				<SimpleData name="School_Typ">3-Co-educational</SimpleData>
				<SimpleData name="Twitter_Ha">@mybmcedu</SimpleData>
				<SimpleData name="Ward">P/N-WARD</SimpleData>
				<SimpleData name="Website"> </SimpleData>
			</SchemaData>
		</ExtendedData>
		<Point>
			<coordinates>72.88047400000001,19.168307,0</coordinates>
		</Point>
	</Placemark>
	<Placemark>
		<name>RISHI VALMIKI ECO SCHOOL</name>
		<visibility>0</visibility>
		<styleUrl>#mumbai_unaided_schools_style</styleUrl>
		<ExtendedData>
			<SchemaData schemaUrl="#J_mumbai_unaided_schools_SIISSSSSSISSSSS">
				<SimpleData name="Address">MOTILAL NAGAR NO.1, BMC SCHOOL NO.2, GOREGAON WEST MUMBAI-400104</SimpleData>
				<SimpleData name="Cls_From">1</SimpleData>
				<SimpleData name="Cls_To">4</SimpleData>
				<SimpleData name="Email">office@rves.org</SimpleData>
				<SimpleData name="GoogleMaps">https://www.google.com/maps/search/?api=1&amp;query=19.1577130003922,72.8388480001496</SimpleData>
				<SimpleData name="Landline_1">022-28713788</SimpleData>
				<SimpleData name="Lat">19.1577130003922</SimpleData>
				<SimpleData name="Long">72.8388480001496</SimpleData>
				<SimpleData name="Name">RISHI VALMIKI ECO SCHOOL</SimpleData>
				<SimpleData name="OBJECTID_1">189</SimpleData>
				<SimpleData name="Owner_Dept">Education Dept</SimpleData>
				<SimpleData name="School_Typ">3-Co-educational</SimpleData>
				<SimpleData name="Twitter_Ha">@mybmcedu</SimpleData>
				<SimpleData name="Ward">P/S-WARD</SimpleData>
				<SimpleData name="Website">www.rveschool.com</SimpleData>
			</SchemaData>
		</ExtendedData>
		<Point>
			<coordinates>72.838848,19.157713,0</coordinates>
		</Point>
	</Placemark>
	<Placemark>
		<name>OUR LADY OF HEALTH HIGH SCHOOL</name>
		<visibility>0</visibility>
		<styleUrl>#mumbai_unaided_schools_style</styleUrl>
		<ExtendedData>
			<SchemaData schemaUrl="#J_mumbai_unaided_schools_SIISSSSSSISSSSS">
				<SimpleData name="Address">Sahar Village, Andheri East, Mumbai 400099</SimpleData>
				<SimpleData name="Cls_From">1</SimpleData>
				<SimpleData name="Cls_To">4</SimpleData>
				<SimpleData name="Email">olhssahar@gmail.com</SimpleData>
				<SimpleData name="GoogleMaps">https://www.google.com/maps/search/?api=1&amp;query=19.0990219996801,72.8657010004144</SimpleData>
				<SimpleData name="Landline_1">022-26829003</SimpleData>
				<SimpleData name="Lat">19.0990219996801</SimpleData>
				<SimpleData name="Long">72.8657010004144</SimpleData>
				<SimpleData name="Name">OUR LADY OF HEALTH HIGH SCHOOL</SimpleData>
				<SimpleData name="OBJECTID_1">190</SimpleData>
				<SimpleData name="Owner_Dept">Education Dept</SimpleData>
				<SimpleData name="School_Typ">3-Co-educational</SimpleData>
				<SimpleData name="Twitter_Ha">@mybmcedu</SimpleData>
				<SimpleData name="Ward">K/E</SimpleData>
				<SimpleData name="Website">www.olhssahar.org</SimpleData>
			</SchemaData>
		</ExtendedData>
		<Point>
			<coordinates>72.865701,19.099022,0</coordinates>
		</Point>
	</Placemark>
	<Placemark>
		<name>AIR PORT HIGH SCHOOL LP</name>
		<visibility>0</visibility>
		<styleUrl>#mumbai_unaided_schools_style</styleUrl>
		<ExtendedData>
			<SchemaData schemaUrl="#J_mumbai_unaided_schools_SIISSSSSSISSSSS">
				<SimpleData name="Address">New Airport colony, Hanuman Road, Vileparle</SimpleData>
				<SimpleData name="Cls_From">1</SimpleData>
				<SimpleData name="Cls_To">4</SimpleData>
				<SimpleData name="Email">aphsprisch1951@gmail.com</SimpleData>
				<SimpleData name="GoogleMaps">https://www.google.com/maps/search/?api=1&amp;query=19.1032809998052,72.8570799998911</SimpleData>
				<SimpleData name="Landline_1">022-28320486</SimpleData>
				<SimpleData name="Lat">19.1032809998052</SimpleData>
				<SimpleData name="Long">72.8570799998911</SimpleData>
				<SimpleData name="Name">AIR PORT HIGH SCHOOL LP</SimpleData>
				<SimpleData name="OBJECTID_1">191</SimpleData>
				<SimpleData name="Owner_Dept">Education Dept</SimpleData>
				<SimpleData name="School_Typ">3-Co-educational</SimpleData>
				<SimpleData name="Twitter_Ha">@mybmcedu</SimpleData>
				<SimpleData name="Ward">K/E</SimpleData>
				<SimpleData name="Website">www.aphs.com</SimpleData>
			</SchemaData>
		</ExtendedData>
		<Point>
			<coordinates>72.85708,19.103281,0</coordinates>
		</Point>
	</Placemark>
	<Placemark>
		<name>ST ROCK`S ENGLISH SCHOOL</name>
		<visibility>0</visibility>
		<styleUrl>#mumbai_unaided_schools_style</styleUrl>
		<ExtendedData>
			<SchemaData schemaUrl="#J_mumbai_unaided_schools_SIISSSSSSISSSSS">
				<SimpleData name="Address">MAROL TAKPADA MAKWANA ROAD ANDHERI EAST MUMBAI 400059</SimpleData>
				<SimpleData name="Cls_From">1</SimpleData>
				<SimpleData name="Cls_To">4</SimpleData>
				<SimpleData name="Email">ruhinshah17@gmail.com</SimpleData>
				<SimpleData name="GoogleMaps">https://www.google.com/maps/search/?api=1&amp;query=19.1100099996888,72.8822950005361</SimpleData>
				<SimpleData name="Landline_1">022-28508966</SimpleData>
				<SimpleData name="Lat">19.1100099996888</SimpleData>
				<SimpleData name="Long">72.8822950005361</SimpleData>
				<SimpleData name="Name">ST ROCK`S ENGLISH SCHOOL</SimpleData>
				<SimpleData name="OBJECTID_1">192</SimpleData>
				<SimpleData name="Owner_Dept">Education Dept</SimpleData>
				<SimpleData name="School_Typ">3-Co-educational</SimpleData>
				<SimpleData name="Twitter_Ha">@mybmcedu</SimpleData>
				<SimpleData name="Ward">K/E</SimpleData>
				<SimpleData name="Website">education.maharashtra.gov.in/saral/27220400107</SimpleData>
			</SchemaData>
		</ExtendedData>
		<Point>
			<coordinates>72.882295,19.11001,0</coordinates>
		</Point>
	</Placemark>
	<Placemark>
		<name>SHRI NAVINCHANDRA POPATLAL KAPADIA THAKKAR VIDYAMANDIR</name>
		<visibility>0</visibility>
		<styleUrl>#mumbai_unaided_schools_style</styleUrl>
		<ExtendedData>
			<SchemaData schemaUrl="#J_mumbai_unaided_schools_SIISSSSSSISSSSS">
				<SimpleData name="Address">199 A , Dayaldas Road, Vileparle , East, Mumbai 400057</SimpleData>
				<SimpleData name="Cls_From">1</SimpleData>
				<SimpleData name="Cls_To">4</SimpleData>
				<SimpleData name="Email">shrinpktvidyamandir@gmail.com</SimpleData>
				<SimpleData name="GoogleMaps">https://www.google.com/maps/search/?api=1&amp;query=19.0960170007967,72.8509449993646</SimpleData>
				<SimpleData name="Landline_1">022-26112405</SimpleData>
				<SimpleData name="Lat">19.0960170007967</SimpleData>
				<SimpleData name="Long">72.8509449993646</SimpleData>
				<SimpleData name="Name">SHRI NAVINCHANDRA POPATLAL KAPADIA THAKKAR VIDYAMANDIR</SimpleData>
				<SimpleData name="OBJECTID_1">193</SimpleData>
				<SimpleData name="Owner_Dept">Education Dept</SimpleData>
				<SimpleData name="School_Typ">3-Co-educational</SimpleData>
				<SimpleData name="Twitter_Ha">@mybmcedu</SimpleData>
				<SimpleData name="Ward">K/E</SimpleData>
				<SimpleData name="Website">education.maharashtra.gov.in/saral/27220400114</SimpleData>
			</SchemaData>
		</ExtendedData>
		<Point>
			<coordinates>72.850945,19.096017,0</coordinates>
		</Point>
	</Placemark>
	<Placemark>
		<name>VILEPARLE MAHILA SANGH ENG LP</name>
		<visibility>0</visibility>
		<styleUrl>#mumbai_unaided_schools_style</styleUrl>
		<ExtendedData>
			<SchemaData schemaUrl="#J_mumbai_unaided_schools_SIISSSSSSISSSSS">
				<SimpleData name="Address">PARANJAPE B SCHEME ROAD NO  1 VILE PARLE EAST  MUMBAI  400057</SimpleData>
				<SimpleData name="Cls_From">1</SimpleData>
				<SimpleData name="Cls_To">4</SimpleData>
				<SimpleData name="Email">vpmsengprimaryschool@gmail.com</SimpleData>
				<SimpleData name="GoogleMaps">https://www.google.com/maps/search/?api=1&amp;query=19.1064120005306,72.8525679999549</SimpleData>
				<SimpleData name="Landline_1">022-26118392</SimpleData>
				<SimpleData name="Lat">19.1064120005306</SimpleData>
				<SimpleData name="Long">72.8525679999549</SimpleData>
				<SimpleData name="Name">VILEPARLE MAHILA SANGH ENG LP</SimpleData>
				<SimpleData name="OBJECTID_1">194</SimpleData>
				<SimpleData name="Owner_Dept">Education Dept</SimpleData>
				<SimpleData name="School_Typ">3-Co-educational</SimpleData>
				<SimpleData name="Twitter_Ha">@mybmcedu</SimpleData>
				<SimpleData name="Ward">K/E</SimpleData>
				<SimpleData name="Website"> </SimpleData>
			</SchemaData>
		</ExtendedData>
		<Point>
			<coordinates>72.85256800000001,19.106412,0</coordinates>
		</Point>
	</Placemark>
	<Placemark>
		<name>P T V ENG MED SCHOOL ENG</name>
		<visibility>0</visibility>
		<styleUrl>#mumbai_unaided_schools_style</styleUrl>
		<ExtendedData>
			<SchemaData schemaUrl="#J_mumbai_unaided_schools_SIISSSSSSISSSSS">
				<SimpleData name="Address">Bldg No 3 Ramabai Chemburkar Marg Off Hanuman Road  Vile Parle East  Mumbai  400057</SimpleData>
				<SimpleData name="Cls_From">1</SimpleData>
				<SimpleData name="Cls_To">4</SimpleData>
				<SimpleData name="Email">ptvemsprimary@gmail.com</SimpleData>
				<SimpleData name="GoogleMaps">https://www.google.com/maps/search/?api=1&amp;query=19.1034949999312,72.8479950001282</SimpleData>
				<SimpleData name="Landline_1">022-26118735</SimpleData>
				<SimpleData name="Lat">19.1034949999312</SimpleData>
				<SimpleData name="Long">72.8479950001282</SimpleData>
				<SimpleData name="Name">P T V ENG MED SCHOOL ENG</SimpleData>
				<SimpleData name="OBJECTID_1">195</SimpleData>
				<SimpleData name="Owner_Dept">Education Dept</SimpleData>
				<SimpleData name="School_Typ">3-Co-educational</SimpleData>
				<SimpleData name="Twitter_Ha">@mybmcedu</SimpleData>
				<SimpleData name="Ward">K/E</SimpleData>
				<SimpleData name="Website">www.ptvenglishmediumprimary.com</SimpleData>
			</SchemaData>
		</ExtendedData>
		<Point>
			<coordinates>72.847995,19.103495,0</coordinates>
		</Point>
	</Placemark>
	<Placemark>
		<name>SRI KALGIDHAR MISSION HIGH SCHOOL</name>
		<visibility>0</visibility>
		<styleUrl>#mumbai_unaided_schools_style</styleUrl>
		<ExtendedData>
			<SchemaData schemaUrl="#J_mumbai_unaided_schools_SIISSSSSSISSSSS">
				<SimpleData name="Address">JJ B NAGAR ANDHERI E MUMBAI 400059</SimpleData>
				<SimpleData name="Cls_From">1</SimpleData>
				<SimpleData name="Cls_To">4</SimpleData>
				<SimpleData name="Email">Kalgidhar_66@yahoo.in</SimpleData>
				<SimpleData name="GoogleMaps">https://www.google.com/maps/search/?api=1&amp;query=19.1099249997574,72.8658600008924</SimpleData>
				<SimpleData name="Landline_1">022-28301344</SimpleData>
				<SimpleData name="Lat">19.1099249997574</SimpleData>
				<SimpleData name="Long">72.8658600008924</SimpleData>
				<SimpleData name="Name">SRI KALGIDHAR MISSION HIGH SCHOOL</SimpleData>
				<SimpleData name="OBJECTID_1">196</SimpleData>
				<SimpleData name="Owner_Dept">Education Dept</SimpleData>
				<SimpleData name="School_Typ">3-Co-educational</SimpleData>
				<SimpleData name="Twitter_Ha">@mybmcedu</SimpleData>
				<SimpleData name="Ward">K/E</SimpleData>
				<SimpleData name="Website"> </SimpleData>
			</SchemaData>
		</ExtendedData>
		<Point>
			<coordinates>72.86586,19.109925,0</coordinates>
		</Point>
	</Placemark>
	<Placemark>
		<name>BOMBAY CAMBRIDGE SCHOOL ANDHERI EAST</name>
		<visibility>0</visibility>
		<styleUrl>#mumbai_unaided_schools_style</styleUrl>
		<ExtendedData>
			<SchemaData schemaUrl="#J_mumbai_unaided_schools_SIISSSSSSISSSSS">
				<SimpleData name="Address">Rabindranath Tagore Marg,,Chakala,Andheri East,Mumbai</SimpleData>
				<SimpleData name="Cls_From">1</SimpleData>
				<SimpleData name="Cls_To">4</SimpleData>
				<SimpleData name="Email">info@bcseast.org</SimpleData>
				<SimpleData name="GoogleMaps">https://www.google.com/maps/search/?api=1&amp;query=19.1054699998129,72.862832000294</SimpleData>
				<SimpleData name="Landline_1">022-28210309</SimpleData>
				<SimpleData name="Lat">19.1054699998129</SimpleData>
				<SimpleData name="Long">72.862832000294</SimpleData>
				<SimpleData name="Name">BOMBAY CAMBRIDGE SCHOOL ANDHERI EAST</SimpleData>
				<SimpleData name="OBJECTID_1">197</SimpleData>
				<SimpleData name="Owner_Dept">Education Dept</SimpleData>
				<SimpleData name="School_Typ">3-Co-educational</SimpleData>
				<SimpleData name="Twitter_Ha">@mybmcedu</SimpleData>
				<SimpleData name="Ward">K/E</SimpleData>
				<SimpleData name="Website">www.bombaycambridgeschooleast.org</SimpleData>
			</SchemaData>
		</ExtendedData>
		<Point>
			<coordinates>72.862832,19.10547,0</coordinates>
		</Point>
	</Placemark>
	<Placemark>
		<name>DIVINE CHILD HIGHSCHOOL</name>
		<visibility>0</visibility>
		<styleUrl>#mumbai_unaided_schools_style</styleUrl>
		<ExtendedData>
			<SchemaData schemaUrl="#J_mumbai_unaided_schools_SIISSSSSSISSSSS">
				<SimpleData name="Address">SIR M.V.ROAD,ANDHERI EAST,MUMBAI-400093</SimpleData>
				<SimpleData name="Cls_From">1</SimpleData>
				<SimpleData name="Cls_To">4</SimpleData>
				<SimpleData name="Email">divinechildandheri@rediffmail.com</SimpleData>
				<SimpleData name="GoogleMaps">https://www.google.com/maps/search/?api=1&amp;query=19.1126840002745,72.8633530002558</SimpleData>
				<SimpleData name="Landline_1">022-28367411</SimpleData>
				<SimpleData name="Lat">19.1126840002745</SimpleData>
				<SimpleData name="Long">72.8633530002558</SimpleData>
				<SimpleData name="Name">DIVINE CHILD HIGHSCHOOL</SimpleData>
				<SimpleData name="OBJECTID_1">198</SimpleData>
				<SimpleData name="Owner_Dept">Education Dept</SimpleData>
				<SimpleData name="School_Typ">2-Girls</SimpleData>
				<SimpleData name="Twitter_Ha">@mybmcedu</SimpleData>
				<SimpleData name="Ward">K/E</SimpleData>
				<SimpleData name="Website">www.divinechildandheri.com</SimpleData>
			</SchemaData>
		</ExtendedData>
		<Point>
			<coordinates>72.863353,19.112684,0</coordinates>
		</Point>
	</Placemark>
	<Placemark>
		<name>MAROL EDU ACADEMY LP</name>
		<visibility>0</visibility>
		<styleUrl>#mumbai_unaided_schools_style</styleUrl>
		<ExtendedData>
			<SchemaData schemaUrl="#J_mumbai_unaided_schools_SIISSSSSSISSSSS">
				<SimpleData name="Address">OFF MAROL MAROSHI ROAD, BHAWANI  NAGAR ANDHERI EAST MUMBAI 400059</SimpleData>
				<SimpleData name="Cls_From">1</SimpleData>
				<SimpleData name="Cls_To">4</SimpleData>
				<SimpleData name="Email">maroleducationacademy@gmail.com</SimpleData>
				<SimpleData name="GoogleMaps">https://www.google.com/maps/search/?api=1&amp;query=19.1191170003168,72.8808419996568</SimpleData>
				<SimpleData name="Landline_1">022-29259570</SimpleData>
				<SimpleData name="Lat">19.1191170003168</SimpleData>
				<SimpleData name="Long">72.8808419996568</SimpleData>
				<SimpleData name="Name">MAROL EDU ACADEMY LP</SimpleData>
				<SimpleData name="OBJECTID_1">199</SimpleData>
				<SimpleData name="Owner_Dept">Education Dept</SimpleData>
				<SimpleData name="School_Typ">3-Co-educational</SimpleData>
				<SimpleData name="Twitter_Ha">@mybmcedu</SimpleData>
				<SimpleData name="Ward">K/E</SimpleData>
				<SimpleData name="Website">www.marolacademy.net</SimpleData>
			</SchemaData>
		</ExtendedData>
		<Point>
			<coordinates>72.880842,19.119117,0</coordinates>
		</Point>
	</Placemark>
	<Placemark>
		<name>ST LAWRENCE LP</name>
		<visibility>0</visibility>
		<styleUrl>#mumbai_unaided_schools_style</styleUrl>
		<ExtendedData>
			<SchemaData schemaUrl="#J_mumbai_unaided_schools_SIISSSSSSISSSSS">
				<SimpleData name="Address">MAROLVILLAGEANDHERIE</SimpleData>
				<SimpleData name="Cls_From">1</SimpleData>
				<SimpleData name="Cls_To">4</SimpleData>
				<SimpleData name="Email">lpsmarol@gmail.com</SimpleData>
				<SimpleData name="GoogleMaps">https://www.google.com/maps/search/?api=1&amp;query=19.10102200025,72.8712780006994</SimpleData>
				<SimpleData name="Landline_1">022-29207827</SimpleData>
				<SimpleData name="Lat">19.10102200025</SimpleData>
				<SimpleData name="Long">72.8712780006994</SimpleData>
				<SimpleData name="Name">ST LAWRENCE LP</SimpleData>
				<SimpleData name="OBJECTID_1">200</SimpleData>
				<SimpleData name="Owner_Dept">Education Dept</SimpleData>
				<SimpleData name="School_Typ">3-Co-educational</SimpleData>
				<SimpleData name="Twitter_Ha">@mybmcedu</SimpleData>
				<SimpleData name="Ward">K/E</SimpleData>
				<SimpleData name="Website"> </SimpleData>
			</SchemaData>
		</ExtendedData>
		<Point>
			<coordinates>72.871278,19.101022,0</coordinates>
		</Point>
	</Placemark>
	<Placemark>
		<name>ST JOHN THE EVANGELIST HIGHSH</name>
		<visibility>0</visibility>
		<styleUrl>#mumbai_unaided_schools_style</styleUrl>
		<ExtendedData>
			<SchemaData schemaUrl="#J_mumbai_unaided_schools_SIISSSSSSISSSSS">
				<SimpleData name="Address">ST. JOHN THE EVANGELIST HIGH SCHOOL, CHURCH ROAD MAROL, ANDHERI EAST, MUMBAI - 400059.</SimpleData>
				<SimpleData name="Cls_From">1</SimpleData>
				<SimpleData name="Cls_To">4</SimpleData>
				<SimpleData name="Email">stjohntheevangelist@rediffmail.com</SimpleData>
				<SimpleData name="GoogleMaps">https://www.google.com/maps/search/?api=1&amp;query=19.1122890002157,72.8751149997963</SimpleData>
				<SimpleData name="Landline_1">022-28341146</SimpleData>
				<SimpleData name="Lat">19.1122890002157</SimpleData>
				<SimpleData name="Long">72.8751149997963</SimpleData>
				<SimpleData name="Name">ST JOHN THE EVANGELIST HIGHSH</SimpleData>
				<SimpleData name="OBJECTID_1">201</SimpleData>
				<SimpleData name="Owner_Dept">Education Dept</SimpleData>
				<SimpleData name="School_Typ">3-Co-educational</SimpleData>
				<SimpleData name="Twitter_Ha">@mybmcedu</SimpleData>
				<SimpleData name="Ward">K/E</SimpleData>
				<SimpleData name="Website">www.stjohntes.com</SimpleData>
			</SchemaData>
		</ExtendedData>
		<Point>
			<coordinates>72.87511499999999,19.112289,0</coordinates>
		</Point>
	</Placemark>
	<Placemark>
		<name>DIVINE LIGHT HIGH SCHOOL</name>
		<visibility>0</visibility>
		<styleUrl>#mumbai_unaided_schools_style</styleUrl>
		<ExtendedData>
			<SchemaData schemaUrl="#J_mumbai_unaided_schools_SIISSSSSSISSSSS">
				<SimpleData name="Address">C/o Nitycanand BMC School, Garware , Andheri East</SimpleData>
				<SimpleData name="Cls_From">1</SimpleData>
				<SimpleData name="Cls_To">4</SimpleData>
				<SimpleData name="Email">divine.light94@gmail.com</SimpleData>
				<SimpleData name="GoogleMaps">https://www.google.com/maps/search/?api=1&amp;query=19.11419000065,72.8549589999518</SimpleData>
				<SimpleData name="Landline_1">022-28384191</SimpleData>
				<SimpleData name="Lat">19.11419000065</SimpleData>
				<SimpleData name="Long">72.8549589999518</SimpleData>
				<SimpleData name="Name">DIVINE LIGHT HIGH SCHOOL</SimpleData>
				<SimpleData name="OBJECTID_1">202</SimpleData>
				<SimpleData name="Owner_Dept">Education Dept</SimpleData>
				<SimpleData name="School_Typ">3-Co-educational</SimpleData>
				<SimpleData name="Twitter_Ha">@mybmcedu</SimpleData>
				<SimpleData name="Ward">K/E</SimpleData>
				<SimpleData name="Website">education.maharashtra.gov.in/saral/27220400171</SimpleData>
			</SchemaData>
		</ExtendedData>
		<Point>
			<coordinates>72.85495899999999,19.11419,0</coordinates>
		</Point>
	</Placemark>
	<Placemark>
		<name>SHREE  N D BHUTA HIGH SCHOOL</name>
		<visibility>0</visibility>
		<styleUrl>#mumbai_unaided_schools_style</styleUrl>
		<ExtendedData>
			<SchemaData schemaUrl="#J_mumbai_unaided_schools_SIISSSSSSISSSSS">
				<SimpleData name="Address">Old Nagardas Road Andheri East Mumbai 400069</SimpleData>
				<SimpleData name="Cls_From">1</SimpleData>
				<SimpleData name="Cls_To">4</SimpleData>
				<SimpleData name="Email">ndbhuta178@gmail.com</SimpleData>
				<SimpleData name="GoogleMaps">https://www.google.com/maps/search/?api=1&amp;query=19.1227190000859,72.8521840006486</SimpleData>
				<SimpleData name="Landline_1">022-26824053</SimpleData>
				<SimpleData name="Lat">19.1227190000859</SimpleData>
				<SimpleData name="Long">72.8521840006486</SimpleData>
				<SimpleData name="Name">SHREE  N D BHUTA HIGH SCHOOL</SimpleData>
				<SimpleData name="OBJECTID_1">203</SimpleData>
				<SimpleData name="Owner_Dept">Education Dept</SimpleData>
				<SimpleData name="School_Typ">3-Co-educational</SimpleData>
				<SimpleData name="Twitter_Ha">@mybmcedu</SimpleData>
				<SimpleData name="Ward">K/E</SimpleData>
				<SimpleData name="Website"> </SimpleData>
			</SchemaData>
		</ExtendedData>
		<Point>
			<coordinates>72.85218399999999,19.122719,0</coordinates>
		</Point>
	</Placemark>
	<Placemark>
		<name>SMT. R N SHETH VIDYAMANDIR</name>
		<visibility>0</visibility>
		<styleUrl>#mumbai_unaided_schools_style</styleUrl>
		<ExtendedData>
			<SchemaData schemaUrl="#J_mumbai_unaided_schools_SIISSSSSSISSSSS">
				<SimpleData name="Address">Near Amboli Level Crossing Andheri east mumbai 400069</SimpleData>
				<SimpleData name="Cls_From">1</SimpleData>
				<SimpleData name="Cls_To">4</SimpleData>
				<SimpleData name="Email">rnsheth@gmail.com</SimpleData>
				<SimpleData name="GoogleMaps">https://www.google.com/maps/search/?api=1&amp;query=19.1273550006234,72.8485639994663</SimpleData>
				<SimpleData name="Landline_1">022-28215840</SimpleData>
				<SimpleData name="Lat">19.1273550006234</SimpleData>
				<SimpleData name="Long">72.8485639994663</SimpleData>
				<SimpleData name="Name">SMT. R N SHETH VIDYAMANDIR</SimpleData>
				<SimpleData name="OBJECTID_1">204</SimpleData>
				<SimpleData name="Owner_Dept">Education Dept</SimpleData>
				<SimpleData name="School_Typ">3-Co-educational</SimpleData>
				<SimpleData name="Twitter_Ha">@mybmcedu</SimpleData>
				<SimpleData name="Ward">K/E</SimpleData>
				<SimpleData name="Website">rnsheth.com</SimpleData>
			</SchemaData>
		</ExtendedData>
		<Point>
			<coordinates>72.848564,19.127355,0</coordinates>
		</Point>
	</Placemark>
	<Placemark>
		<name>THE LITTLE FLOWERS HIGH SCHOOL</name>
		<visibility>0</visibility>
		<styleUrl>#mumbai_unaided_schools_style</styleUrl>
		<ExtendedData>
			<SchemaData schemaUrl="#J_mumbai_unaided_schools_SIISSSSSSISSSSS">
				<SimpleData name="Address">2 A the little flower school marg gundowli andheri east mumbai 400069</SimpleData>
				<SimpleData name="Cls_From">1</SimpleData>
				<SimpleData name="Cls_To">4</SimpleData>
				<SimpleData name="Email">littlefloweracc@gmail.com</SimpleData>
				<SimpleData name="GoogleMaps">https://www.google.com/maps/search/?api=1&amp;query=19.1183620005054,72.8531669993088</SimpleData>
				<SimpleData name="Landline_1">022-26830627</SimpleData>
				<SimpleData name="Lat">19.1183620005054</SimpleData>
				<SimpleData name="Long">72.8531669993088</SimpleData>
				<SimpleData name="Name">THE LITTLE FLOWERS HIGH SCHOOL</SimpleData>
				<SimpleData name="OBJECTID_1">205</SimpleData>
				<SimpleData name="Owner_Dept">Education Dept</SimpleData>
				<SimpleData name="School_Typ">3-Co-educational</SimpleData>
				<SimpleData name="Twitter_Ha">@mybmcedu</SimpleData>
				<SimpleData name="Ward">K/E</SimpleData>
				<SimpleData name="Website">www.thelittleflower.ac.in</SimpleData>
			</SchemaData>
		</ExtendedData>
		<Point>
			<coordinates>72.853167,19.118362,0</coordinates>
		</Point>
	</Placemark>
	<Placemark>
		<name>INFANT JESUS HIGH SCHOOL</name>
		<visibility>0</visibility>
		<styleUrl>#mumbai_unaided_schools_style</styleUrl>
		<ExtendedData>
			<SchemaData schemaUrl="#J_mumbai_unaided_schools_SIISSSSSSISSSSS">
				<SimpleData name="Address">ANDHERI - JOGESHWARI</SimpleData>
				<SimpleData name="Cls_From">1</SimpleData>
				<SimpleData name="Cls_To">4</SimpleData>
				<SimpleData name="Email">infantjesusschool1967@rediffmail.com</SimpleData>
				<SimpleData name="GoogleMaps">https://www.google.com/maps/search/?api=1&amp;query=19.1323580001027,72.8558360003006</SimpleData>
				<SimpleData name="Landline_1">022-28214906</SimpleData>
				<SimpleData name="Lat">19.1323580001027</SimpleData>
				<SimpleData name="Long">72.8558360003006</SimpleData>
				<SimpleData name="Name">INFANT JESUS HIGH SCHOOL</SimpleData>
				<SimpleData name="OBJECTID_1">206</SimpleData>
				<SimpleData name="Owner_Dept">Education Dept</SimpleData>
				<SimpleData name="School_Typ">3-Co-educational</SimpleData>
				<SimpleData name="Twitter_Ha">@mybmcedu</SimpleData>
				<SimpleData name="Ward">K/E</SimpleData>
				<SimpleData name="Website">www.infantjesusjogeshwari.in</SimpleData>
			</SchemaData>
		</ExtendedData>
		<Point>
			<coordinates>72.855836,19.132358,0</coordinates>
		</Point>
	</Placemark>
	<Placemark>
		<name>GURUNANAK MISSION HIGH SCHOOL</name>
		<visibility>0</visibility>
		<styleUrl>#mumbai_unaided_schools_style</styleUrl>
		<ExtendedData>
			<SchemaData schemaUrl="#J_mumbai_unaided_schools_SIISSSSSSISSSSS">
				<SimpleData name="Address">Mahakali caves road Chakala Andheri East</SimpleData>
				<SimpleData name="Cls_From">1</SimpleData>
				<SimpleData name="Cls_To">4</SimpleData>
				<SimpleData name="Email">gnmhschakala@gmail.com</SimpleData>
				<SimpleData name="GoogleMaps">https://www.google.com/maps/search/?api=1&amp;query=19.1143979997238,72.8639100002132</SimpleData>
				<SimpleData name="Landline_1">022-26872162</SimpleData>
				<SimpleData name="Lat">19.1143979997238</SimpleData>
				<SimpleData name="Long">72.8639100002132</SimpleData>
				<SimpleData name="Name">GURUNANAK MISSION HIGH SCHOOL</SimpleData>
				<SimpleData name="OBJECTID_1">207</SimpleData>
				<SimpleData name="Owner_Dept">Education Dept</SimpleData>
				<SimpleData name="School_Typ">3-Co-educational</SimpleData>
				<SimpleData name="Twitter_Ha">@mybmcedu</SimpleData>
				<SimpleData name="Ward">K/E</SimpleData>
				<SimpleData name="Website">www.gnmhschakala.in</SimpleData>
			</SchemaData>
		</ExtendedData>
		<Point>
			<coordinates>72.86391,19.114398,0</coordinates>
		</Point>
	</Placemark>
	<Placemark>
		<name>HANDMAIDS OF THE BLESSED TRINITY CONVENT SCHOOL</name>
		<visibility>0</visibility>
		<styleUrl>#mumbai_unaided_schools_style</styleUrl>
		<ExtendedData>
			<SchemaData schemaUrl="#J_mumbai_unaided_schools_SIISSSSSSISSSSS">
				<SimpleData name="Address">Road No. 2 Church Pakadi Sahar Village Andheri East Mumbai</SimpleData>
				<SimpleData name="Cls_From">1</SimpleData>
				<SimpleData name="Cls_To">4</SimpleData>
				<SimpleData name="Email">wordofgodalive@gmail.com</SimpleData>
				<SimpleData name="GoogleMaps">https://www.google.com/maps/search/?api=1&amp;query=19.1013619991807,72.8681580006851</SimpleData>
				<SimpleData name="Landline_1">022-26882486</SimpleData>
				<SimpleData name="Lat">19.1013619991807</SimpleData>
				<SimpleData name="Long">72.8681580006851</SimpleData>
				<SimpleData name="Name">HANDMAIDS OF THE BLESSED TRINITY CONVENT SCHOOL</SimpleData>
				<SimpleData name="OBJECTID_1">208</SimpleData>
				<SimpleData name="Owner_Dept">Education Dept</SimpleData>
				<SimpleData name="School_Typ">3-Co-educational</SimpleData>
				<SimpleData name="Twitter_Ha">@mybmcedu</SimpleData>
				<SimpleData name="Ward">K/E</SimpleData>
				<SimpleData name="Website">education.maharashtra.gov.in/saral/27220400188</SimpleData>
			</SchemaData>
		</ExtendedData>
		<Point>
			<coordinates>72.86815799999999,19.101362,0</coordinates>
		</Point>
	</Placemark>
	<Placemark>
		<name>SUVIDYA ENGLISH HIGH SCHOOL</name>
		<visibility>0</visibility>
		<styleUrl>#mumbai_unaided_schools_style</styleUrl>
		<ExtendedData>
			<SchemaData schemaUrl="#J_mumbai_unaided_schools_SIISSSSSSISSSSS">
				<SimpleData name="Address">sushila complex opp mukund hospital marolpipeline andheri</SimpleData>
				<SimpleData name="Cls_From">1</SimpleData>
				<SimpleData name="Cls_To">4</SimpleData>
				<SimpleData name="Email">suvidyahighschool@gmail.com</SimpleData>
				<SimpleData name="GoogleMaps">https://www.google.com/maps/search/?api=1&amp;query=19.11054500037,72.8716769996272</SimpleData>
				<SimpleData name="Landline_1">022-28266886</SimpleData>
				<SimpleData name="Lat">19.11054500037</SimpleData>
				<SimpleData name="Long">72.8716769996272</SimpleData>
				<SimpleData name="Name">SUVIDYA ENGLISH HIGH SCHOOL</SimpleData>
				<SimpleData name="OBJECTID_1">209</SimpleData>
				<SimpleData name="Owner_Dept">Education Dept</SimpleData>
				<SimpleData name="School_Typ">3-Co-educational</SimpleData>
				<SimpleData name="Twitter_Ha">@mybmcedu</SimpleData>
				<SimpleData name="Ward">K/E</SimpleData>
				<SimpleData name="Website">education.maharashtra.gov.in/saral/27220400189</SimpleData>
			</SchemaData>
		</ExtendedData>
		<Point>
			<coordinates>72.87167700000001,19.110545,0</coordinates>
		</Point>
	</Placemark>
	<Placemark>
		<name>MAPKHAN ENGLISH SCHOOL</name>
		<visibility>0</visibility>
		<styleUrl>#mumbai_unaided_schools_style</styleUrl>
		<ExtendedData>
			<SchemaData schemaUrl="#J_mumbai_unaided_schools_SIISSSSSSISSSSS">
				<SimpleData name="Address">Mapkhan nagar Marol Andheri e</SimpleData>
				<SimpleData name="Cls_From">1</SimpleData>
				<SimpleData name="Cls_To">4</SimpleData>
				<SimpleData name="Email">mkehs2005@gmail.com</SimpleData>
				<SimpleData name="GoogleMaps">https://www.google.com/maps/search/?api=1&amp;query=19.1112579995527,72.8762500004898</SimpleData>
				<SimpleData name="Landline_1">022-29251350</SimpleData>
				<SimpleData name="Lat">19.1112579995527</SimpleData>
				<SimpleData name="Long">72.8762500004898</SimpleData>
				<SimpleData name="Name">MAPKHAN ENGLISH SCHOOL</SimpleData>
				<SimpleData name="OBJECTID_1">210</SimpleData>
				<SimpleData name="Owner_Dept">Education Dept</SimpleData>
				<SimpleData name="School_Typ">3-Co-educational</SimpleData>
				<SimpleData name="Twitter_Ha">@mybmcedu</SimpleData>
				<SimpleData name="Ward">K/E</SimpleData>
				<SimpleData name="Website"> </SimpleData>
			</SchemaData>
		</ExtendedData>
		<Point>
			<coordinates>72.87625,19.111258,0</coordinates>
		</Point>
	</Placemark>
	<Placemark>
		<name>YASHWANTRAO B. CHAVAN HIGH SCHOOL ENGLISH</name>
		<visibility>0</visibility>
		<styleUrl>#mumbai_unaided_schools_style</styleUrl>
		<ExtendedData>
			<SchemaData schemaUrl="#J_mumbai_unaided_schools_SIISSSSSSISSSSS">
				<SimpleData name="Address">Shramik Vidyalay,Near Meghwadi Police Station,Meghwadi Jogeshwari East</SimpleData>
				<SimpleData name="Cls_From">1</SimpleData>
				<SimpleData name="Cls_To">4</SimpleData>
				<SimpleData name="Email">ybchighschool@gmail.com</SimpleData>
				<SimpleData name="GoogleMaps">https://www.google.com/maps/search/?api=1&amp;query=19.1319849997183,72.9399550001182</SimpleData>
				<SimpleData name="Landline_1">022-28378852</SimpleData>
				<SimpleData name="Lat">19.1319849997183</SimpleData>
				<SimpleData name="Long">72.9399550001182</SimpleData>
				<SimpleData name="Name">YASHWANTRAO B. CHAVAN HIGH SCHOOL ENGLISH</SimpleData>
				<SimpleData name="OBJECTID_1">211</SimpleData>
				<SimpleData name="Owner_Dept">Education Dept</SimpleData>
				<SimpleData name="School_Typ">3-Co-educational</SimpleData>
				<SimpleData name="Twitter_Ha">@mybmcedu</SimpleData>
				<SimpleData name="Ward">K/E</SimpleData>
				<SimpleData name="Website"> </SimpleData>
			</SchemaData>
		</ExtendedData>
		<Point>
			<coordinates>72.939955,19.131985,0</coordinates>
		</Point>
	</Placemark>
	<Placemark>
		<name>MAROL PRAGATIK PRIMARY SCHOOL</name>
		<visibility>0</visibility>
		<styleUrl>#mumbai_unaided_schools_style</styleUrl>
		<ExtendedData>
			<SchemaData schemaUrl="#J_mumbai_unaided_schools_SIISSSSSSISSSSS">
				<SimpleData name="Address">KADAMWADI MAROL PIPELINE ANDHERI EAST MUMBAI</SimpleData>
				<SimpleData name="Cls_From">1</SimpleData>
				<SimpleData name="Cls_To">4</SimpleData>
				<SimpleData name="Email">marolmpes@gmail.com</SimpleData>
				<SimpleData name="GoogleMaps">https://www.google.com/maps/search/?api=1&amp;query=19.1124750002537,72.8725849998673</SimpleData>
				<SimpleData name="Landline_1">022-28252937</SimpleData>
				<SimpleData name="Lat">19.1124750002537</SimpleData>
				<SimpleData name="Long">72.8725849998673</SimpleData>
				<SimpleData name="Name">MAROL PRAGATIK PRIMARY SCHOOL</SimpleData>
				<SimpleData name="OBJECTID_1">212</SimpleData>
				<SimpleData name="Owner_Dept">Education Dept</SimpleData>
				<SimpleData name="School_Typ">3-Co-educational</SimpleData>
				<SimpleData name="Twitter_Ha">@mybmcedu</SimpleData>
				<SimpleData name="Ward">K/E</SimpleData>
				<SimpleData name="Website"> </SimpleData>
			</SchemaData>
		</ExtendedData>
		<Point>
			<coordinates>72.872585,19.112475,0</coordinates>
		</Point>
	</Placemark>
	<Placemark>
		<name>K.B. PATIL INTERNATIONAL SCHOOL</name>
		<visibility>0</visibility>
		<styleUrl>#mumbai_unaided_schools_style</styleUrl>
		<ExtendedData>
			<SchemaData schemaUrl="#J_mumbai_unaided_schools_SIISSSSSSISSSSS">
				<SimpleData name="Address">NEAR HEMA IND.  SHERE PUNJAB ROAD ANDHERI EAST MUMBAI 93</SimpleData>
				<SimpleData name="Cls_From">1</SimpleData>
				<SimpleData name="Cls_To">5</SimpleData>
				<SimpleData name="Email">kbpschool@gmail.com</SimpleData>
				<SimpleData name="GoogleMaps">https://www.google.com/maps/search/?api=1&amp;query=19.131104999784,72.8631169995772</SimpleData>
				<SimpleData name="Landline_1">022-28214315</SimpleData>
				<SimpleData name="Lat">19.131104999784</SimpleData>
				<SimpleData name="Long">72.8631169995772</SimpleData>
				<SimpleData name="Name">K.B. PATIL INTERNATIONAL SCHOOL</SimpleData>
				<SimpleData name="OBJECTID_1">213</SimpleData>
				<SimpleData name="Owner_Dept">Education Dept</SimpleData>
				<SimpleData name="School_Typ">3-Co-educational</SimpleData>
				<SimpleData name="Twitter_Ha">@mybmcedu</SimpleData>
				<SimpleData name="Ward">K/E</SimpleData>
				<SimpleData name="Website"> </SimpleData>
			</SchemaData>
		</ExtendedData>
		<Point>
			<coordinates>72.863117,19.131105,0</coordinates>
		</Point>
	</Placemark>
	<Placemark>
		<name>ST DOMINIC SAVIO HIGH SCHOOL</name>
		<visibility>0</visibility>
		<styleUrl>#mumbai_unaided_schools_style</styleUrl>
		<ExtendedData>
			<SchemaData schemaUrl="#J_mumbai_unaided_schools_SIISSSSSSISSSSS">
				<SimpleData name="Address">ST.DOMINIC SAVIO HIGH SCHOOL. MAHAKALI CAVES ROAD ANDHERI EAST, MUMBAI-400093</SimpleData>
				<SimpleData name="Cls_From">1</SimpleData>
				<SimpleData name="Cls_To">4</SimpleData>
				<SimpleData name="Email">dshsandheri@gmail.com</SimpleData>
				<SimpleData name="GoogleMaps">https://www.google.com/maps/search/?api=1&amp;query=19.1271820007261,72.8649659995801</SimpleData>
				<SimpleData name="Landline_1">022-28370564</SimpleData>
				<SimpleData name="Lat">19.1271820007261</SimpleData>
				<SimpleData name="Long">72.8649659995801</SimpleData>
				<SimpleData name="Name">ST DOMINIC SAVIO HIGH SCHOOL</SimpleData>
				<SimpleData name="OBJECTID_1">214</SimpleData>
				<SimpleData name="Owner_Dept">Education Dept</SimpleData>
				<SimpleData name="School_Typ">1-Boys</SimpleData>
				<SimpleData name="Twitter_Ha">@mybmcedu</SimpleData>
				<SimpleData name="Ward">K/E</SimpleData>
				<SimpleData name="Website">www.stdominicsavio.com</SimpleData>
			</SchemaData>
		</ExtendedData>
		<Point>
			<coordinates>72.864966,19.127182,0</coordinates>
		</Point>
	</Placemark>
	<Placemark>
		<name>ST MARYS LP</name>
		<visibility>0</visibility>
		<styleUrl>#mumbai_unaided_schools_style</styleUrl>
		<ExtendedData>
			<SchemaData schemaUrl="#J_mumbai_unaided_schools_SIISSSSSSISSSSS">
				<SimpleData name="Address">JANTA COLONY,NEAR WESTERN EXPRESS HIGHWAY,JOGESHWARI - EAST</SimpleData>
				<SimpleData name="Cls_From">1</SimpleData>
				<SimpleData name="Cls_To">4</SimpleData>
				<SimpleData name="Email">highschoolstmarys@yahoo.co.in</SimpleData>
				<SimpleData name="GoogleMaps">https://www.google.com/maps/search/?api=1&amp;query=19.1343719999028,72.8561730000707</SimpleData>
				<SimpleData name="Landline_1">022-28365568</SimpleData>
				<SimpleData name="Lat">19.1343719999028</SimpleData>
				<SimpleData name="Long">72.8561730000707</SimpleData>
				<SimpleData name="Name">ST MARYS LP</SimpleData>
				<SimpleData name="OBJECTID_1">215</SimpleData>
				<SimpleData name="Owner_Dept">Education Dept</SimpleData>
				<SimpleData name="School_Typ">3-Co-educational</SimpleData>
				<SimpleData name="Twitter_Ha">@mybmcedu</SimpleData>
				<SimpleData name="Ward">K/E</SimpleData>
				<SimpleData name="Website">education.maharashtra.gov.in/saral/27220400209</SimpleData>
			</SchemaData>
		</ExtendedData>
		<Point>
			<coordinates>72.856173,19.134372,0</coordinates>
		</Point>
	</Placemark>
	<Placemark>
		<name>LITTLE FLOWERS ENG MEDIUM</name>
		<visibility>0</visibility>
		<styleUrl>#mumbai_unaided_schools_style</styleUrl>
		<ExtendedData>
			<SchemaData schemaUrl="#J_mumbai_unaided_schools_SIISSSSSSISSSSS">
				<SimpleData name="Address">Mahakali Caves Road Andheri East Mumbai 93</SimpleData>
				<SimpleData name="Cls_From">1</SimpleData>
				<SimpleData name="Cls_To">4</SimpleData>
				<SimpleData name="Email">lfpsmahakali@gmail.com</SimpleData>
				<SimpleData name="GoogleMaps">https://www.google.com/maps/search/?api=1&amp;query=19.1307829999882,72.8711629999774</SimpleData>
				<SimpleData name="Landline_1">022-28230971</SimpleData>
				<SimpleData name="Lat">19.1307829999882</SimpleData>
				<SimpleData name="Long">72.8711629999774</SimpleData>
				<SimpleData name="Name">LITTLE FLOWERS ENG MEDIUM</SimpleData>
				<SimpleData name="OBJECTID_1">216</SimpleData>
				<SimpleData name="Owner_Dept">Education Dept</SimpleData>
				<SimpleData name="School_Typ">3-Co-educational</SimpleData>
				<SimpleData name="Twitter_Ha">@mybmcedu</SimpleData>
				<SimpleData name="Ward">K/E</SimpleData>
				<SimpleData name="Website"> </SimpleData>
			</SchemaData>
		</ExtendedData>
		<Point>
			<coordinates>72.871163,19.130783,0</coordinates>
		</Point>
	</Placemark>
	<Placemark>
		<name>HOLI FAMILY HIGH SCHOOL</name>
		<visibility>0</visibility>
		<styleUrl>#mumbai_unaided_schools_style</styleUrl>
		<ExtendedData>
			<SchemaData schemaUrl="#J_mumbai_unaided_schools_SIISSSSSSISSSSS">
				<SimpleData name="Address">Mahakali Caves Road,Andheri East,Mumbai-400093</SimpleData>
				<SimpleData name="Cls_From">1</SimpleData>
				<SimpleData name="Cls_To">4</SimpleData>
				<SimpleData name="Email">loyola2000@rediffmail.com</SimpleData>
				<SimpleData name="GoogleMaps">https://www.google.com/maps/search/?api=1&amp;query=19.1170930004686,72.8621520004196</SimpleData>
				<SimpleData name="Landline_1">022-26873702</SimpleData>
				<SimpleData name="Lat">19.1170930004686</SimpleData>
				<SimpleData name="Long">72.8621520004196</SimpleData>
				<SimpleData name="Name">HOLI FAMILY HIGH SCHOOL</SimpleData>
				<SimpleData name="OBJECTID_1">217</SimpleData>
				<SimpleData name="Owner_Dept">Education Dept</SimpleData>
				<SimpleData name="School_Typ">1-Boys</SimpleData>
				<SimpleData name="Twitter_Ha">@mybmcedu</SimpleData>
				<SimpleData name="Ward">K/E</SimpleData>
				<SimpleData name="Website">www.holyfamilyandheri.org</SimpleData>
			</SchemaData>
		</ExtendedData>
		<Point>
			<coordinates>72.86215199999999,19.117093,0</coordinates>
		</Point>
	</Placemark>
	<Placemark>
		<name>ST. ARNOLDS HIGH SCHOOL</name>
		<visibility>0</visibility>
		<styleUrl>#mumbai_unaided_schools_style</styleUrl>
		<ExtendedData>
			<SchemaData schemaUrl="#J_mumbai_unaided_schools_SIISSSSSSISSSSS">
				<SimpleData name="Address">Shere Punjab Mahakali Caves Rd Andheri East Mumbai 93</SimpleData>
				<SimpleData name="Cls_From">1</SimpleData>
				<SimpleData name="Cls_To">4</SimpleData>
				<SimpleData name="Email">starnoldschool@gmail.com</SimpleData>
				<SimpleData name="GoogleMaps">https://www.google.com/maps/search/?api=1&amp;query=19.1267600003107,72.8677450002383</SimpleData>
				<SimpleData name="Landline_1">022-28314569</SimpleData>
				<SimpleData name="Lat">19.1267600003107</SimpleData>
				<SimpleData name="Long">72.8677450002383</SimpleData>
				<SimpleData name="Name">ST. ARNOLDS HIGH SCHOOL</SimpleData>
				<SimpleData name="OBJECTID_1">218</SimpleData>
				<SimpleData name="Owner_Dept">Education Dept</SimpleData>
				<SimpleData name="School_Typ">3-Co-educational</SimpleData>
				<SimpleData name="Twitter_Ha">@mybmcedu</SimpleData>
				<SimpleData name="Ward">K/E</SimpleData>
				<SimpleData name="Website">www.starnoldschoolandheri.com</SimpleData>
			</SchemaData>
		</ExtendedData>
		<Point>
			<coordinates>72.867745,19.12676,0</coordinates>
		</Point>
	</Placemark>
	<Placemark>
		<name>GURUNANAK ENG LP</name>
		<visibility>0</visibility>
		<styleUrl>#mumbai_unaided_schools_style</styleUrl>
		<ExtendedData>
			<SchemaData schemaUrl="#J_mumbai_unaided_schools_SIISSSSSSISSSSS">
				<SimpleData name="Address">shere-punjab society , Andheri East ,Mumbai 93.</SimpleData>
				<SimpleData name="Cls_From">1</SimpleData>
				<SimpleData name="Cls_To">4</SimpleData>
				<SimpleData name="Email">gnehs2009@gmail.com</SimpleData>
				<SimpleData name="GoogleMaps">https://www.google.com/maps/search/?api=1&amp;query=19.1302420005238,72.8629080003941</SimpleData>
				<SimpleData name="Landline_1">022-28218405</SimpleData>
				<SimpleData name="Lat">19.1302420005238</SimpleData>
				<SimpleData name="Long">72.8629080003941</SimpleData>
				<SimpleData name="Name">GURUNANAK ENG LP</SimpleData>
				<SimpleData name="OBJECTID_1">219</SimpleData>
				<SimpleData name="Owner_Dept">Education Dept</SimpleData>
				<SimpleData name="School_Typ">3-Co-educational</SimpleData>
				<SimpleData name="Twitter_Ha">@mybmcedu</SimpleData>
				<SimpleData name="Ward">K/E</SimpleData>
				<SimpleData name="Website">education.maharashtra.gov.in/saral/27220400213</SimpleData>
			</SchemaData>
		</ExtendedData>
		<Point>
			<coordinates>72.862908,19.130242,0</coordinates>
		</Point>
	</Placemark>
	<Placemark>
		<name>ST XAVIERS ENGLISH PRIMARY SCHOOL</name>
		<visibility>0</visibility>
		<styleUrl>#mumbai_unaided_schools_style</styleUrl>
		<ExtendedData>
			<SchemaData schemaUrl="#J_mumbai_unaided_schools_SIISSSSSSISSSSS">
				<SimpleData name="Address">Poonam Nagar, Opp to Makahali Caves Road, Andheri East</SimpleData>
				<SimpleData name="Cls_From">1</SimpleData>
				<SimpleData name="Cls_To">4</SimpleData>
				<SimpleData name="Email">xaviersandheri2016@gmail.com</SimpleData>
				<SimpleData name="GoogleMaps">https://www.google.com/maps/search/?api=1&amp;query=19.1381459999757,72.8692130003521</SimpleData>
				<SimpleData name="Landline_1">022-28360813</SimpleData>
				<SimpleData name="Lat">19.1381459999757</SimpleData>
				<SimpleData name="Long">72.8692130003521</SimpleData>
				<SimpleData name="Name">ST XAVIERS ENGLISH PRIMARY SCHOOL</SimpleData>
				<SimpleData name="OBJECTID_1">220</SimpleData>
				<SimpleData name="Owner_Dept">Education Dept</SimpleData>
				<SimpleData name="School_Typ">3-Co-educational</SimpleData>
				<SimpleData name="Twitter_Ha">@mybmcedu</SimpleData>
				<SimpleData name="Ward">K/E</SimpleData>
				<SimpleData name="Website">www.education.maharashtra.gov.in/saral/27220400214</SimpleData>
			</SchemaData>
		</ExtendedData>
		<Point>
			<coordinates>72.869213,19.138146,0</coordinates>
		</Point>
	</Placemark>
	<Placemark>
		<name>VASUDEV PRIMARY VIDYALAYA</name>
		<visibility>0</visibility>
		<styleUrl>#mumbai_unaided_schools_style</styleUrl>
		<ExtendedData>
			<SchemaData schemaUrl="#J_mumbai_unaided_schools_SIISSSSSSISSSSS">
				<SimpleData name="Address">Mahakali caves rd. andheri east</SimpleData>
				<SimpleData name="Cls_From">1</SimpleData>
				<SimpleData name="Cls_To">4</SimpleData>
				<SimpleData name="Email">vasudevprimaryvidyalay@gmail.com</SimpleData>
				<SimpleData name="GoogleMaps">https://www.google.com/maps/search/?api=1&amp;query=19.1315259999284,72.870300999785</SimpleData>
				<SimpleData name="Landline_1">022-28344432</SimpleData>
				<SimpleData name="Lat">19.1315259999284</SimpleData>
				<SimpleData name="Long">72.870300999785</SimpleData>
				<SimpleData name="Name">VASUDEV PRIMARY VIDYALAYA</SimpleData>
				<SimpleData name="OBJECTID_1">221</SimpleData>
				<SimpleData name="Owner_Dept">Education Dept</SimpleData>
				<SimpleData name="School_Typ">3-Co-educational</SimpleData>
				<SimpleData name="Twitter_Ha">@mybmcedu</SimpleData>
				<SimpleData name="Ward">K/E</SimpleData>
				<SimpleData name="Website">www.vasudevprimary.com</SimpleData>
			</SchemaData>
		</ExtendedData>
		<Point>
			<coordinates>72.870301,19.131526,0</coordinates>
		</Point>
	</Placemark>
	<Placemark>
		<name>R J M D S ENGLISH SCHOOL</name>
		<visibility>0</visibility>
		<styleUrl>#mumbai_unaided_schools_style</styleUrl>
		<ExtendedData>
			<SchemaData schemaUrl="#J_mumbai_unaided_schools_SIISSSSSSISSSSS">
				<SimpleData name="Address">Sarvodaya Nagar Jogeshwari east Mumbai 400060</SimpleData>
				<SimpleData name="Cls_From">1</SimpleData>
				<SimpleData name="Cls_To">4</SimpleData>
				<SimpleData name="Email">rjmdssenglishschool@gmail.com</SimpleData>
				<SimpleData name="GoogleMaps">https://www.google.com/maps/search/?api=1&amp;query=19.1349699994172,72.8636900002001</SimpleData>
				<SimpleData name="Landline_1">022-28212773</SimpleData>
				<SimpleData name="Lat">19.1349699994172</SimpleData>
				<SimpleData name="Long">72.8636900002001</SimpleData>
				<SimpleData name="Name">R J M D S ENGLISH SCHOOL</SimpleData>
				<SimpleData name="OBJECTID_1">222</SimpleData>
				<SimpleData name="Owner_Dept">Education Dept</SimpleData>
				<SimpleData name="School_Typ">3-Co-educational</SimpleData>
				<SimpleData name="Twitter_Ha">@mybmcedu</SimpleData>
				<SimpleData name="Ward">K/E</SimpleData>
				<SimpleData name="Website"> </SimpleData>
			</SchemaData>
		</ExtendedData>
		<Point>
			<coordinates>72.86369000000001,19.13497,0</coordinates>
		</Point>
	</Placemark>
	<Placemark>
		<name>THE MODERN ENG. SCH ANDHERI EAST</name>
		<visibility>0</visibility>
		<styleUrl>#mumbai_unaided_schools_style</styleUrl>
		<ExtendedData>
			<SchemaData schemaUrl="#J_mumbai_unaided_schools_SIISSSSSSISSSSS">
				<SimpleData name="Address">subhash nagar MIDC Andheri EastMUMBAI 93</SimpleData>
				<SimpleData name="Cls_From">1</SimpleData>
				<SimpleData name="Cls_To">4</SimpleData>
				<SimpleData name="Email">ashwinizumur@gmail.com</SimpleData>
				<SimpleData name="GoogleMaps">https://www.google.com/maps/search/?api=1&amp;query=19.1256350001734,72.8688170005714</SimpleData>
				<SimpleData name="Landline_1">022-92212237</SimpleData>
				<SimpleData name="Lat">19.1256350001734</SimpleData>
				<SimpleData name="Long">72.8688170005714</SimpleData>
				<SimpleData name="Name">THE MODERN ENG. SCH ANDHERI EAST</SimpleData>
				<SimpleData name="OBJECTID_1">223</SimpleData>
				<SimpleData name="Owner_Dept">Education Dept</SimpleData>
				<SimpleData name="School_Typ">3-Co-educational</SimpleData>
				<SimpleData name="Twitter_Ha">@mybmcedu</SimpleData>
				<SimpleData name="Ward">K/E</SimpleData>
				<SimpleData name="Website">education.maharashtra.gov.in/saral/27220400219</SimpleData>
			</SchemaData>
		</ExtendedData>
		<Point>
			<coordinates>72.86881700000001,19.125635,0</coordinates>
		</Point>
	</Placemark>
	<Placemark>
		<name>SWAMI VIVEKANAND ENGLISH PRIMARY SCHOOL</name>
		<visibility>0</visibility>
		<styleUrl>#mumbai_unaided_schools_style</styleUrl>
		<ExtendedData>
			<SchemaData schemaUrl="#J_mumbai_unaided_schools_SIISSSSSSISSSSS">
				<SimpleData name="Address">Meghwadi Jogeshwari East Mumbai-400060</SimpleData>
				<SimpleData name="Cls_From">1</SimpleData>
				<SimpleData name="Cls_To">4</SimpleData>
				<SimpleData name="Email">swamivivekanandenglishprimary@gmail.com</SimpleData>
				<SimpleData name="GoogleMaps">https://www.google.com/maps/search/?api=1&amp;query=19.1325949999871,72.8602899996161</SimpleData>
				<SimpleData name="Landline_1">022-28233156</SimpleData>
				<SimpleData name="Lat">19.1325949999871</SimpleData>
				<SimpleData name="Long">72.8602899996161</SimpleData>
				<SimpleData name="Name">SWAMI VIVEKANAND ENGLISH PRIMARY SCHOOL</SimpleData>
				<SimpleData name="OBJECTID_1">224</SimpleData>
				<SimpleData name="Owner_Dept">Education Dept</SimpleData>
				<SimpleData name="School_Typ">3-Co-educational</SimpleData>
				<SimpleData name="Twitter_Ha">@mybmcedu</SimpleData>
				<SimpleData name="Ward">K/E</SimpleData>
				<SimpleData name="Website">education.maharashtra.gov.in/saral/27220400236</SimpleData>
			</SchemaData>
		</ExtendedData>
		<Point>
			<coordinates>72.86029000000001,19.132595,0</coordinates>
		</Point>
	</Placemark>
	<Placemark>
		<name>ALFALAH LP</name>
		<visibility>0</visibility>
		<styleUrl>#mumbai_unaided_schools_style</styleUrl>
		<ExtendedData>
			<SchemaData schemaUrl="#J_mumbai_unaided_schools_SIISSSSSSISSSSS">
				<SimpleData name="Address">Janta colony Bandra plot Road Jogeshwari E M 60</SimpleData>
				<SimpleData name="Cls_From">1</SimpleData>
				<SimpleData name="Cls_To">4</SimpleData>
				<SimpleData name="Email">alfalahpsj@gmail.com</SimpleData>
				<SimpleData name="GoogleMaps">https://www.google.com/maps/search/?api=1&amp;query=19.1343070002018,72.857569000285</SimpleData>
				<SimpleData name="Landline_1">022-28232156</SimpleData>
				<SimpleData name="Lat">19.1343070002018</SimpleData>
				<SimpleData name="Long">72.857569000285</SimpleData>
				<SimpleData name="Name">ALFALAH LP</SimpleData>
				<SimpleData name="OBJECTID_1">225</SimpleData>
				<SimpleData name="Owner_Dept">Education Dept</SimpleData>
				<SimpleData name="School_Typ">3-Co-educational</SimpleData>
				<SimpleData name="Twitter_Ha">@mybmcedu</SimpleData>
				<SimpleData name="Ward">K/E</SimpleData>
				<SimpleData name="Website"> </SimpleData>
			</SchemaData>
		</ExtendedData>
		<Point>
			<coordinates>72.857569,19.134307,0</coordinates>
		</Point>
	</Placemark>
	<Placemark>
		<name>SUDARSHAN ENG</name>
		<visibility>0</visibility>
		<styleUrl>#mumbai_unaided_schools_style</styleUrl>
		<ExtendedData>
			<SchemaData schemaUrl="#J_mumbai_unaided_schools_SIISSSSSSISSSSS">
				<SimpleData name="Address">Mahadev Das Sadan, Ramwadi, Jogeshwari East Mumbai</SimpleData>
				<SimpleData name="Cls_From">1</SimpleData>
				<SimpleData name="Cls_To">4</SimpleData>
				<SimpleData name="Email">sudarshancollege@yahoo.com</SimpleData>
				<SimpleData name="GoogleMaps">https://www.google.com/maps/search/?api=1&amp;query=19.139342000463,72.8579480001746</SimpleData>
				<SimpleData name="Landline_1">022-28229923</SimpleData>
				<SimpleData name="Lat">19.139342000463</SimpleData>
				<SimpleData name="Long">72.8579480001746</SimpleData>
				<SimpleData name="Name">SUDARSHAN ENG</SimpleData>
				<SimpleData name="OBJECTID_1">226</SimpleData>
				<SimpleData name="Owner_Dept">Education Dept</SimpleData>
				<SimpleData name="School_Typ">3-Co-educational</SimpleData>
				<SimpleData name="Twitter_Ha">@mybmcedu</SimpleData>
				<SimpleData name="Ward">K/E</SimpleData>
				<SimpleData name="Website"> </SimpleData>
			</SchemaData>
		</ExtendedData>
		<Point>
			<coordinates>72.85794799999999,19.139342,0</coordinates>
		</Point>
	</Placemark>
	<Placemark>
		<name>BAL VIKAS VIDYALAYA</name>
		<visibility>0</visibility>
		<styleUrl>#mumbai_unaided_schools_style</styleUrl>
		<ExtendedData>
			<SchemaData schemaUrl="#J_mumbai_unaided_schools_SIISSSSSSISSSSS">
				<SimpleData name="Address">R.k.singh marg parshi panchayat road ambawadi,Andheri East</SimpleData>
				<SimpleData name="Cls_From">1</SimpleData>
				<SimpleData name="Cls_To">4</SimpleData>
				<SimpleData name="Email">bal.vikas.andheri@gmail.com</SimpleData>
				<SimpleData name="GoogleMaps">https://www.google.com/maps/search/?api=1&amp;query=19.1279620005419,72.8526429998704</SimpleData>
				<SimpleData name="Landline_1">022-28628479</SimpleData>
				<SimpleData name="Lat">19.1279620005419</SimpleData>
				<SimpleData name="Long">72.8526429998704</SimpleData>
				<SimpleData name="Name">BAL VIKAS VIDYALAYA</SimpleData>
				<SimpleData name="OBJECTID_1">227</SimpleData>
				<SimpleData name="Owner_Dept">Education Dept</SimpleData>
				<SimpleData name="School_Typ">3-Co-educational</SimpleData>
				<SimpleData name="Twitter_Ha">@mybmcedu</SimpleData>
				<SimpleData name="Ward">K/E</SimpleData>
				<SimpleData name="Website"> </SimpleData>
			</SchemaData>
		</ExtendedData>
		<Point>
			<coordinates>72.852643,19.127962,0</coordinates>
		</Point>
	</Placemark>
	<Placemark>
		<name>VERSOVA WELFARE ASSOCIATION HIGH SCHOOL</name>
		<visibility>0</visibility>
		<styleUrl>#mumbai_unaided_schools_style</styleUrl>
		<ExtendedData>
			<SchemaData schemaUrl="#J_mumbai_unaided_schools_SIISSSSSSISSSSS">
				<SimpleData name="Address">Aram nagar 1 sevenbungsalows  andheri west  Mumbai  61</SimpleData>
				<SimpleData name="Cls_From">1</SimpleData>
				<SimpleData name="Cls_To">4</SimpleData>
				<SimpleData name="Email">vwahsjc@yahoo.com</SimpleData>
				<SimpleData name="GoogleMaps">https://www.google.com/maps/search/?api=1&amp;query=19.1286669993048,72.8170270005355</SimpleData>
				<SimpleData name="Landline_1">022-26366150</SimpleData>
				<SimpleData name="Lat">19.1286669993048</SimpleData>
				<SimpleData name="Long">72.8170270005355</SimpleData>
				<SimpleData name="Name">VERSOVA WELFARE ASSOCIATION HIGH SCHOOL</SimpleData>
				<SimpleData name="OBJECTID_1">228</SimpleData>
				<SimpleData name="Owner_Dept">Education Dept</SimpleData>
				<SimpleData name="School_Typ">3-Co-educational</SimpleData>
				<SimpleData name="Twitter_Ha">@mybmcedu</SimpleData>
				<SimpleData name="Ward">K/E</SimpleData>
				<SimpleData name="Website"> </SimpleData>
			</SchemaData>
		</ExtendedData>
		<Point>
			<coordinates>72.817027,19.128667,0</coordinates>
		</Point>
	</Placemark>
	<Placemark>
		<name>ST ANTHONYS HIGH SCHOOL</name>
		<visibility>0</visibility>
		<styleUrl>#mumbai_unaided_schools_style</styleUrl>
		<ExtendedData>
			<SchemaData schemaUrl="#J_mumbai_unaided_schools_SIISSSSSSISSSSS">
				<SimpleData name="Address">Yari Road, Versova, Andheri West, Mumbai 400061</SimpleData>
				<SimpleData name="Cls_From">1</SimpleData>
				<SimpleData name="Cls_To">4</SimpleData>
				<SimpleData name="Email">anthony61padua@rediffmail.com</SimpleData>
				<SimpleData name="GoogleMaps">https://www.google.com/maps/search/?api=1&amp;query=19.1429560005965,72.8096540005406</SimpleData>
				<SimpleData name="Landline_1">022-0</SimpleData>
				<SimpleData name="Lat">19.1429560005965</SimpleData>
				<SimpleData name="Long">72.8096540005406</SimpleData>
				<SimpleData name="Name">ST ANTHONYS HIGH SCHOOL</SimpleData>
				<SimpleData name="OBJECTID_1">229</SimpleData>
				<SimpleData name="Owner_Dept">Education Dept</SimpleData>
				<SimpleData name="School_Typ">3-Co-educational</SimpleData>
				<SimpleData name="Twitter_Ha">@mybmcedu</SimpleData>
				<SimpleData name="Ward">K/E</SimpleData>
				<SimpleData name="Website">education.maharashtra.gov.in/saral/27220400291</SimpleData>
			</SchemaData>
		</ExtendedData>
		<Point>
			<coordinates>72.80965399999999,19.142956,0</coordinates>
		</Point>
	</Placemark>
	<Placemark>
		<name>SACRED HEART SCHOLARS ACADEMY</name>
		<visibility>0</visibility>
		<styleUrl>#mumbai_unaided_schools_style</styleUrl>
		<ExtendedData>
			<SchemaData schemaUrl="#J_mumbai_unaided_schools_SIISSSSSSISSSSS">
				<SimpleData name="Address">11,GURU NAGAR J.P.ROAD ANDHERI WEST</SimpleData>
				<SimpleData name="Cls_From">1</SimpleData>
				<SimpleData name="Cls_To">4</SimpleData>
				<SimpleData name="Email">shsa1972@yahoo.com</SimpleData>
				<SimpleData name="GoogleMaps">https://www.google.com/maps/search/?api=1&amp;query=19.1285139995563,72.8281529999824</SimpleData>
				<SimpleData name="Landline_1">022-26371130</SimpleData>
				<SimpleData name="Lat">19.1285139995563</SimpleData>
				<SimpleData name="Long">72.8281529999824</SimpleData>
				<SimpleData name="Name">SACRED HEART SCHOLARS ACADEMY</SimpleData>
				<SimpleData name="OBJECTID_1">230</SimpleData>
				<SimpleData name="Owner_Dept">Education Dept</SimpleData>
				<SimpleData name="School_Typ">3-Co-educational</SimpleData>
				<SimpleData name="Twitter_Ha">@mybmcedu</SimpleData>
				<SimpleData name="Ward">K/E</SimpleData>
				<SimpleData name="Website"> </SimpleData>
			</SchemaData>
		</ExtendedData>
		<Point>
			<coordinates>72.828153,19.128514,0</coordinates>
		</Point>
	</Placemark>
	<Placemark>
		<name>ANJUMAN I ISLAM ENG LP</name>
		<visibility>0</visibility>
		<styleUrl>#mumbai_unaided_schools_style</styleUrl>
		<ExtendedData>
			<SchemaData schemaUrl="#J_mumbai_unaided_schools_SIISSSSSSISSSSS">
				<SimpleData name="Address">60, Bawla Campus Yari Road Versova Mumbai 400061</SimpleData>
				<SimpleData name="Cls_From">1</SimpleData>
				<SimpleData name="Cls_To">4</SimpleData>
				<SimpleData name="Email">mehjabeen53@ymail.com</SimpleData>
				<SimpleData name="GoogleMaps">https://www.google.com/maps/search/?api=1&amp;query=19.1399900004811,72.8420850007293</SimpleData>
				<SimpleData name="Landline_1">022-26343921</SimpleData>
				<SimpleData name="Lat">19.1399900004811</SimpleData>
				<SimpleData name="Long">72.8420850007293</SimpleData>
				<SimpleData name="Name">ANJUMAN I ISLAM ENG LP</SimpleData>
				<SimpleData name="OBJECTID_1">231</SimpleData>
				<SimpleData name="Owner_Dept">Education Dept</SimpleData>
				<SimpleData name="School_Typ">3-Co-educational</SimpleData>
				<SimpleData name="Twitter_Ha">@mybmcedu</SimpleData>
				<SimpleData name="Ward">K/E</SimpleData>
				<SimpleData name="Website">anjumanversovaprischool.com</SimpleData>
			</SchemaData>
		</ExtendedData>
		<Point>
			<coordinates>72.842085,19.13999,0</coordinates>
		</Point>
	</Placemark>
	<Placemark>
		<name>CHILDREN WELFARE CENTRE LP</name>
		<visibility>0</visibility>
		<styleUrl>#mumbai_unaided_schools_style</styleUrl>
		<ExtendedData>
			<SchemaData schemaUrl="#J_mumbai_unaided_schools_SIISSSSSSISSSSS">
				<SimpleData name="Address">Children Welfare Centre Primary School</SimpleData>
				<SimpleData name="Cls_From">1</SimpleData>
				<SimpleData name="Cls_To">4</SimpleData>
				<SimpleData name="Email">cwchs@hotmail.com</SimpleData>
				<SimpleData name="GoogleMaps">https://www.google.com/maps/search/?api=1&amp;query=19.1388269994388,72.8091909993604</SimpleData>
				<SimpleData name="Landline_1">022-26365385</SimpleData>
				<SimpleData name="Lat">19.1388269994388</SimpleData>
				<SimpleData name="Long">72.8091909993604</SimpleData>
				<SimpleData name="Name">CHILDREN WELFARE CENTRE LP</SimpleData>
				<SimpleData name="OBJECTID_1">232</SimpleData>
				<SimpleData name="Owner_Dept">Education Dept</SimpleData>
				<SimpleData name="School_Typ">3-Co-educational</SimpleData>
				<SimpleData name="Twitter_Ha">@mybmcedu</SimpleData>
				<SimpleData name="Ward">K/E</SimpleData>
				<SimpleData name="Website">www.childrenwelfare.in</SimpleData>
			</SchemaData>
		</ExtendedData>
		<Point>
			<coordinates>72.809191,19.138827,0</coordinates>
		</Point>
	</Placemark>
	<Placemark>
		<name>SMT SURAJBA VIDYA MANDIR ENGLP</name>
		<visibility>0</visibility>
		<styleUrl>#mumbai_unaided_schools_style</styleUrl>
		<ExtendedData>
			<SchemaData schemaUrl="#J_mumbai_unaided_schools_SIISSSSSSISSSSS">
				<SimpleData name="Address">H.F.Society Natwar Nagar</SimpleData>
				<SimpleData name="Cls_From">1</SimpleData>
				<SimpleData name="Cls_To">4</SimpleData>
				<SimpleData name="Email">smt_surajba@yahoo.co.in</SimpleData>
				<SimpleData name="GoogleMaps">https://www.google.com/maps/search/?api=1&amp;query=19.130529000233,72.8509680000111</SimpleData>
				<SimpleData name="Landline_1">022-387870</SimpleData>
				<SimpleData name="Lat">19.130529000233</SimpleData>
				<SimpleData name="Long">72.8509680000111</SimpleData>
				<SimpleData name="Name">SMT SURAJBA VIDYA MANDIR ENGLP</SimpleData>
				<SimpleData name="OBJECTID_1">233</SimpleData>
				<SimpleData name="Owner_Dept">Education Dept</SimpleData>
				<SimpleData name="School_Typ">3-Co-educational</SimpleData>
				<SimpleData name="Twitter_Ha">@mybmcedu</SimpleData>
				<SimpleData name="Ward">K/W</SimpleData>
				<SimpleData name="Website">www.surajbavidyamandir.org</SimpleData>
			</SchemaData>
		</ExtendedData>
		<Point>
			<coordinates>72.85096799999999,19.130529,0</coordinates>
		</Point>
	</Placemark>
	<Placemark>
		<name>KALYANJI K RAJPOPAT PRIMARY SCHOOL</name>
		<visibility>0</visibility>
		<styleUrl>#mumbai_unaided_schools_style</styleUrl>
		<ExtendedData>
			<SchemaData schemaUrl="#J_mumbai_unaided_schools_SIISSSSSSISSSSS">
				<SimpleData name="Address">Shree Mukteshwar Devalaya Marg, Juhu, Mumbai - 49</SimpleData>
				<SimpleData name="Cls_From">1</SimpleData>
				<SimpleData name="Cls_To">4</SimpleData>
				<SimpleData name="Email">kkrschool@gmail.com</SimpleData>
				<SimpleData name="GoogleMaps">https://www.google.com/maps/search/?api=1&amp;query=19.1735249998536,72.8775469994995</SimpleData>
				<SimpleData name="Landline_1">022-26203388</SimpleData>
				<SimpleData name="Lat">19.1735249998536</SimpleData>
				<SimpleData name="Long">72.8775469994995</SimpleData>
				<SimpleData name="Name">KALYANJI K RAJPOPAT PRIMARY SCHOOL</SimpleData>
				<SimpleData name="OBJECTID_1">234</SimpleData>
				<SimpleData name="Owner_Dept">Education Dept</SimpleData>
				<SimpleData name="School_Typ">3-Co-educational</SimpleData>
				<SimpleData name="Twitter_Ha">@mybmcedu</SimpleData>
				<SimpleData name="Ward">K/W</SimpleData>
				<SimpleData name="Website"> </SimpleData>
			</SchemaData>
		</ExtendedData>
		<Point>
			<coordinates>72.87754700000001,19.173525,0</coordinates>
		</Point>
	</Placemark>
	<Placemark>
		<name>GANDHI SHIKSHAN BHAVAN LP</name>
		<visibility>0</visibility>
		<styleUrl>#mumbai_unaided_schools_style</styleUrl>
		<ExtendedData>
			<SchemaData schemaUrl="#J_mumbai_unaided_schools_SIISSSSSSISSSSS">
				<SimpleData name="Address">Juhu North Behind Chandan Cinema  Juhu Mumbai 400049</SimpleData>
				<SimpleData name="Cls_From">1</SimpleData>
				<SimpleData name="Cls_To">4</SimpleData>
				<SimpleData name="Email">gandhishikshan@gmail.com</SimpleData>
				<SimpleData name="GoogleMaps">https://www.google.com/maps/search/?api=1&amp;query=19.1155799999727,72.8265250003845</SimpleData>
				<SimpleData name="Landline_1">022-26286252</SimpleData>
				<SimpleData name="Lat">19.1155799999727</SimpleData>
				<SimpleData name="Long">72.8265250003845</SimpleData>
				<SimpleData name="Name">GANDHI SHIKSHAN BHAVAN LP</SimpleData>
				<SimpleData name="OBJECTID_1">235</SimpleData>
				<SimpleData name="Owner_Dept">Education Dept</SimpleData>
				<SimpleData name="School_Typ">3-Co-educational</SimpleData>
				<SimpleData name="Twitter_Ha">@mybmcedu</SimpleData>
				<SimpleData name="Ward">K/W</SimpleData>
				<SimpleData name="Website">education.maharashtra.gov.in/saral/27220400314</SimpleData>
			</SchemaData>
		</ExtendedData>
		<Point>
			<coordinates>72.826525,19.11558,0</coordinates>
		</Point>
	</Placemark>
	<Placemark>
		<name>ANGEL LAND HIGH SCHOOL</name>
		<visibility>0</visibility>
		<styleUrl>#mumbai_unaided_schools_style</styleUrl>
		<ExtendedData>
			<SchemaData schemaUrl="#J_mumbai_unaided_schools_SIISSSSSSISSSSS">
				<SimpleData name="Address">Vaikunth sir lallubhai park Rd  Andheri west</SimpleData>
				<SimpleData name="Cls_From">1</SimpleData>
				<SimpleData name="Cls_To">4</SimpleData>
				<SimpleData name="Email">angellandschool@gmail.com</SimpleData>
				<SimpleData name="GoogleMaps">https://www.google.com/maps/search/?api=1&amp;query=19.1124850000638,72.8439419997248</SimpleData>
				<SimpleData name="Landline_1">022-26719612</SimpleData>
				<SimpleData name="Lat">19.1124850000638</SimpleData>
				<SimpleData name="Long">72.8439419997248</SimpleData>
				<SimpleData name="Name">ANGEL LAND HIGH SCHOOL</SimpleData>
				<SimpleData name="OBJECTID_1">236</SimpleData>
				<SimpleData name="Owner_Dept">Education Dept</SimpleData>
				<SimpleData name="School_Typ">3-Co-educational</SimpleData>
				<SimpleData name="Twitter_Ha">@mybmcedu</SimpleData>
				<SimpleData name="Ward">K/W</SimpleData>
				<SimpleData name="Website">education.maharashtra.gov.in/saral/27220400318</SimpleData>
			</SchemaData>
		</ExtendedData>
		<Point>
			<coordinates>72.843942,19.112485,0</coordinates>
		</Point>
	</Placemark>
	<Placemark>
		<name>ST BLAISE SCHOOL</name>
		<visibility>0</visibility>
		<styleUrl>#mumbai_unaided_schools_style</styleUrl>
		<ExtendedData>
			<SchemaData schemaUrl="#J_mumbai_unaided_schools_SIISSSSSSISSSSS">
				<SimpleData name="Address">St Blaise High School Ceasar Road Amboli Andheri West Mumbai 400058</SimpleData>
				<SimpleData name="Cls_From">1</SimpleData>
				<SimpleData name="Cls_To">4</SimpleData>
				<SimpleData name="Email">stblaise.andheri@yahoo.in</SimpleData>
				<SimpleData name="GoogleMaps">https://www.google.com/maps/search/?api=1&amp;query=19.1288419992946,72.8457730003966</SimpleData>
				<SimpleData name="Landline_1">022-26772940</SimpleData>
				<SimpleData name="Lat">19.1288419992946</SimpleData>
				<SimpleData name="Long">72.8457730003966</SimpleData>
				<SimpleData name="Name">ST BLAISE SCHOOL</SimpleData>
				<SimpleData name="OBJECTID_1">237</SimpleData>
				<SimpleData name="Owner_Dept">Education Dept</SimpleData>
				<SimpleData name="School_Typ">3-Co-educational</SimpleData>
				<SimpleData name="Twitter_Ha">@mybmcedu</SimpleData>
				<SimpleData name="Ward">K/W</SimpleData>
				<SimpleData name="Website">www.stblaiseamboli.net</SimpleData>
			</SchemaData>
		</ExtendedData>
		<Point>
			<coordinates>72.84577299999999,19.128842,0</coordinates>
		</Point>
	</Placemark>
	<Placemark>
		<name>ST XAVIER`S PRIMARY SCHOOL</name>
		<visibility>0</visibility>
		<styleUrl>#mumbai_unaided_schools_style</styleUrl>
		<ExtendedData>
			<SchemaData schemaUrl="#J_mumbai_unaided_schools_SIISSSSSSISSSSS">
				<SimpleData name="Address">Church Road, Vile Parle West, Mumbai - 400056</SimpleData>
				<SimpleData name="Cls_From">1</SimpleData>
				<SimpleData name="Cls_To">4</SimpleData>
				<SimpleData name="Email">sxpsvp1969@gmail.com</SimpleData>
				<SimpleData name="GoogleMaps">https://www.google.com/maps/search/?api=1&amp;query=19.0987729996863,72.8425019995725</SimpleData>
				<SimpleData name="Landline_1">022-26144332</SimpleData>
				<SimpleData name="Lat">19.0987729996863</SimpleData>
				<SimpleData name="Long">72.8425019995725</SimpleData>
				<SimpleData name="Name">ST XAVIER`S PRIMARY SCHOOL</SimpleData>
				<SimpleData name="OBJECTID_1">238</SimpleData>
				<SimpleData name="Owner_Dept">Education Dept</SimpleData>
				<SimpleData name="School_Typ">1-Boys</SimpleData>
				<SimpleData name="Twitter_Ha">@mybmcedu</SimpleData>
				<SimpleData name="Ward">K/W</SimpleData>
				<SimpleData name="Website">education.maharashtra.gov.in/saral/27220400326</SimpleData>
			</SchemaData>
		</ExtendedData>
		<Point>
			<coordinates>72.842502,19.098773,0</coordinates>
		</Point>
	</Placemark>
	<Placemark>
		<name>M P SHAH ENG HIGH SCHOOL LP</name>
		<visibility>0</visibility>
		<styleUrl>#mumbai_unaided_schools_style</styleUrl>
		<ExtendedData>
			<SchemaData schemaUrl="#J_mumbai_unaided_schools_SIISSSSSSISSSSS">
				<SimpleData name="Address">Sarojini Road, Vile Parle West, Mumbai 400 056</SimpleData>
				<SimpleData name="Cls_From">1</SimpleData>
				<SimpleData name="Cls_To">4</SimpleData>
				<SimpleData name="Email">mpshah1981@gmail.com</SimpleData>
				<SimpleData name="GoogleMaps">https://www.google.com/maps/search/?api=1&amp;query=19.0984950002616,72.8410269998679</SimpleData>
				<SimpleData name="Landline_1">022-26195563</SimpleData>
				<SimpleData name="Lat">19.0984950002616</SimpleData>
				<SimpleData name="Long">72.8410269998679</SimpleData>
				<SimpleData name="Name">M P SHAH ENG HIGH SCHOOL LP</SimpleData>
				<SimpleData name="OBJECTID_1">239</SimpleData>
				<SimpleData name="Owner_Dept">Education Dept</SimpleData>
				<SimpleData name="School_Typ">3-Co-educational</SimpleData>
				<SimpleData name="Twitter_Ha">@mybmcedu</SimpleData>
				<SimpleData name="Ward">K/W</SimpleData>
				<SimpleData name="Website">www.mpshahschool.com</SimpleData>
			</SchemaData>
		</ExtendedData>
		<Point>
			<coordinates>72.841027,19.098495,0</coordinates>
		</Point>
	</Placemark>
	<Placemark>
		<name>ST JOSEPH`S CONVENT HIGH SCHOOL</name>
		<visibility>0</visibility>
		<styleUrl>#mumbai_unaided_schools_style</styleUrl>
		<ExtendedData>
			<SchemaData schemaUrl="#J_mumbai_unaided_schools_SIISSSSSSISSSSS">
				<SimpleData name="Address">62  S V Road Vile Parle West  Mumbai 56</SimpleData>
				<SimpleData name="Cls_From">1</SimpleData>
				<SimpleData name="Cls_To">4</SimpleData>
				<SimpleData name="Email">stjosephparle73@gmail.com</SimpleData>
				<SimpleData name="GoogleMaps">https://www.google.com/maps/search/?api=1&amp;query=19.1036260000262,72.8398620000581</SimpleData>
				<SimpleData name="Landline_1">022-26711568</SimpleData>
				<SimpleData name="Lat">19.1036260000262</SimpleData>
				<SimpleData name="Long">72.8398620000581</SimpleData>
				<SimpleData name="Name">ST JOSEPH`S CONVENT HIGH SCHOOL</SimpleData>
				<SimpleData name="OBJECTID_1">240</SimpleData>
				<SimpleData name="Owner_Dept">Education Dept</SimpleData>
				<SimpleData name="School_Typ">2-Girls</SimpleData>
				<SimpleData name="Twitter_Ha">@mybmcedu</SimpleData>
				<SimpleData name="Ward">K/W</SimpleData>
				<SimpleData name="Website">www.sjcxlp.com</SimpleData>
			</SchemaData>
		</ExtendedData>
		<Point>
			<coordinates>72.839862,19.103626,0</coordinates>
		</Point>
	</Placemark>
	<Placemark>
		<name>VIDYANIDHI D P ENG HIGH SCHOOL</name>
		<visibility>0</visibility>
		<styleUrl>#mumbai_unaided_schools_style</styleUrl>
		<ExtendedData>
			<SchemaData schemaUrl="#J_mumbai_unaided_schools_SIISSSSSSISSSSS">
				<SimpleData name="Address">Vidyanidhi Education Complex Bhavan Bhavan I, Juhu andheri West 49</SimpleData>
				<SimpleData name="Cls_From">1</SimpleData>
				<SimpleData name="Cls_To">4</SimpleData>
				<SimpleData name="Email">dpvidyanidhi@gmail.com</SimpleData>
				<SimpleData name="GoogleMaps">https://www.google.com/maps/search/?api=1&amp;query=19.1171330002127,72.8299579992799</SimpleData>
				<SimpleData name="Landline_1">022-61504622</SimpleData>
				<SimpleData name="Lat">19.1171330002127</SimpleData>
				<SimpleData name="Long">72.8299579992799</SimpleData>
				<SimpleData name="Name">VIDYANIDHI D P ENG HIGH SCHOOL</SimpleData>
				<SimpleData name="OBJECTID_1">241</SimpleData>
				<SimpleData name="Owner_Dept">Education Dept</SimpleData>
				<SimpleData name="School_Typ">3-Co-educational</SimpleData>
				<SimpleData name="Twitter_Ha">@mybmcedu</SimpleData>
				<SimpleData name="Ward">K/W</SimpleData>
				<SimpleData name="Website">education.maharashtra.gov.in/saral/27220400339</SimpleData>
			</SchemaData>
		</ExtendedData>
		<Point>
			<coordinates>72.829958,19.117133,0</coordinates>
		</Point>
	</Placemark>
	<Placemark>
		<name>UTPAL SHANGHVI SCHOOL</name>
		<visibility>0</visibility>
		<styleUrl>#mumbai_unaided_schools_style</styleUrl>
		<ExtendedData>
			<SchemaData schemaUrl="#J_mumbai_unaided_schools_SIISSSSSSISSSSS">
				<SimpleData name="Address">East West Road No.3, JVPD Scheme, Mumbai 400049</SimpleData>
				<SimpleData name="Cls_From">1</SimpleData>
				<SimpleData name="Cls_To">4</SimpleData>
				<SimpleData name="Email">utpalshanghvischool@rediffmail.com</SimpleData>
				<SimpleData name="GoogleMaps">https://www.google.com/maps/search/?api=1&amp;query=19.111951999297,72.8285700007644</SimpleData>
				<SimpleData name="Landline_1">022-26204298</SimpleData>
				<SimpleData name="Lat">19.111951999297</SimpleData>
				<SimpleData name="Long">72.8285700007644</SimpleData>
				<SimpleData name="Name">UTPAL SHANGHVI SCHOOL</SimpleData>
				<SimpleData name="OBJECTID_1">242</SimpleData>
				<SimpleData name="Owner_Dept">Education Dept</SimpleData>
				<SimpleData name="School_Typ">3-Co-educational</SimpleData>
				<SimpleData name="Twitter_Ha">@mybmcedu</SimpleData>
				<SimpleData name="Ward">K/W</SimpleData>
				<SimpleData name="Website">www.usgschool.org</SimpleData>
			</SchemaData>
		</ExtendedData>
		<Point>
			<coordinates>72.82857,19.111952,0</coordinates>
		</Point>
	</Placemark>
	<Placemark>
		<name>R N SHAH HIGH SCHOOL</name>
		<visibility>0</visibility>
		<styleUrl>#mumbai_unaided_schools_style</styleUrl>
		<ExtendedData>
			<SchemaData schemaUrl="#J_mumbai_unaided_schools_SIISSSSSSISSSSS">
				<SimpleData name="Address">NIRMALA DEVI ARUN KUMAR AHUJA MARG JVPD SCHEME VILEPARLE WEST MUMBAI 49</SimpleData>
				<SimpleData name="Cls_From">4</SimpleData>
				<SimpleData name="Cls_To">4</SimpleData>
				<SimpleData name="Email">r.n.shah.mumbai@gmail.com</SimpleData>
				<SimpleData name="GoogleMaps">https://www.google.com/maps/search/?api=1&amp;query=19.1175470006788,72.8253629996812</SimpleData>
				<SimpleData name="Landline_1">022-26232872</SimpleData>
				<SimpleData name="Lat">19.1175470006788</SimpleData>
				<SimpleData name="Long">72.8253629996812</SimpleData>
				<SimpleData name="Name">R N SHAH HIGH SCHOOL</SimpleData>
				<SimpleData name="OBJECTID_1">243</SimpleData>
				<SimpleData name="Owner_Dept">Education Dept</SimpleData>
				<SimpleData name="School_Typ">3-Co-educational</SimpleData>
				<SimpleData name="Twitter_Ha">@mybmcedu</SimpleData>
				<SimpleData name="Ward">K/W</SimpleData>
				<SimpleData name="Website">w.w.w.rnshahschool.com</SimpleData>
			</SchemaData>
		</ExtendedData>
		<Point>
			<coordinates>72.825363,19.117547,0</coordinates>
		</Point>
	</Placemark>
	<Placemark>
		<name>H M ISHAQUE SCHOOL</name>
		<visibility>0</visibility>
		<styleUrl>#mumbai_unaided_schools_style</styleUrl>
		<ExtendedData>
			<SchemaData schemaUrl="#J_mumbai_unaided_schools_SIISSSSSSISSSSS">
				<SimpleData name="Address">H.M.Ishaque School ,Irla Jama Masjid Compound, Gulmohar Road Juhu Scheme Mumbai-400049</SimpleData>
				<SimpleData name="Cls_From">1</SimpleData>
				<SimpleData name="Cls_To">4</SimpleData>
				<SimpleData name="Email">hmishaqueirla@gmail.com</SimpleData>
				<SimpleData name="GoogleMaps">https://www.google.com/maps/search/?api=1&amp;query=19.1114669995244,72.8371869999132</SimpleData>
				<SimpleData name="Landline_1">022-26284693</SimpleData>
				<SimpleData name="Lat">19.1114669995244</SimpleData>
				<SimpleData name="Long">72.8371869999132</SimpleData>
				<SimpleData name="Name">H M ISHAQUE SCHOOL</SimpleData>
				<SimpleData name="OBJECTID_1">244</SimpleData>
				<SimpleData name="Owner_Dept">Education Dept</SimpleData>
				<SimpleData name="School_Typ">3-Co-educational</SimpleData>
				<SimpleData name="Twitter_Ha">@mybmcedu</SimpleData>
				<SimpleData name="Ward">K/W</SimpleData>
				<SimpleData name="Website">education.maharashtra.gov.in/saral/27220400343</SimpleData>
			</SchemaData>
		</ExtendedData>
		<Point>
			<coordinates>72.837187,19.111467,0</coordinates>
		</Point>
	</Placemark>
	<Placemark>
		<name>SHIBALI NOAMANI  URDU  LP</name>
		<visibility>0</visibility>
		<styleUrl>#mumbai_unaided_schools_style</styleUrl>
		<ExtendedData>
			<SchemaData schemaUrl="#J_mumbai_unaided_schools_SIISSSSSSISSSSS">
				<SimpleData name="Address">near parimal CHS 120 feet D.P road juhu lane</SimpleData>
				<SimpleData name="Cls_From">1</SimpleData>
				<SimpleData name="Cls_To">4</SimpleData>
				<SimpleData name="Email">shiblinomani94@gmail.com</SimpleData>
				<SimpleData name="GoogleMaps">https://www.google.com/maps/search/?api=1&amp;query=19.1160119995862,72.836354000352</SimpleData>
				<SimpleData name="Landline_1">022-26237277</SimpleData>
				<SimpleData name="Lat">19.1160119995862</SimpleData>
				<SimpleData name="Long">72.836354000352</SimpleData>
				<SimpleData name="Name">SHIBALI NOAMANI  URDU  LP</SimpleData>
				<SimpleData name="OBJECTID_1">245</SimpleData>
				<SimpleData name="Owner_Dept">Education Dept</SimpleData>
				<SimpleData name="School_Typ">3-Co-educational</SimpleData>
				<SimpleData name="Twitter_Ha">@mybmcedu</SimpleData>
				<SimpleData name="Ward">K/W</SimpleData>
				<SimpleData name="Website"> </SimpleData>
			</SchemaData>
		</ExtendedData>
		<Point>
			<coordinates>72.836354,19.116012,0</coordinates>
		</Point>
	</Placemark>
	<Placemark>
		<name>ST.JOSEPHS HIGH SCHOOL ENG. JUHU</name>
		<visibility>0</visibility>
		<styleUrl>#mumbai_unaided_schools_style</styleUrl>
		<ExtendedData>
			<SchemaData schemaUrl="#J_mumbai_unaided_schools_SIISSSSSSISSSSS">
				<SimpleData name="Address">BRIHAM MUMBAI MUNICIPAL CORPORATION</SimpleData>
				<SimpleData name="Cls_From">1</SimpleData>
				<SimpleData name="Cls_To">4</SimpleData>
				<SimpleData name="Email">josephhighschool@gmail.com</SimpleData>
				<SimpleData name="GoogleMaps">https://www.google.com/maps/search/?api=1&amp;query=19.1055189994589,72.8267820000268</SimpleData>
				<SimpleData name="Landline_1">022-26184277</SimpleData>
				<SimpleData name="Lat">19.1055189994589</SimpleData>
				<SimpleData name="Long">72.8267820000268</SimpleData>
				<SimpleData name="Name">ST.JOSEPHS HIGH SCHOOL ENG. JUHU</SimpleData>
				<SimpleData name="OBJECTID_1">246</SimpleData>
				<SimpleData name="Owner_Dept">Education Dept</SimpleData>
				<SimpleData name="School_Typ">3-Co-educational</SimpleData>
				<SimpleData name="Twitter_Ha">@mybmcedu</SimpleData>
				<SimpleData name="Ward">K/W</SimpleData>
				<SimpleData name="Website">education.maharashtra.gov.in/saral/27220400348</SimpleData>
			</SchemaData>
		</ExtendedData>
		<Point>
			<coordinates>72.82678199999999,19.105519,0</coordinates>
		</Point>
	</Placemark>
	<Placemark>
		<name>H M W ENGLISH HIGH SCHOOL</name>
		<visibility>0</visibility>
		<styleUrl>#mumbai_unaided_schools_style</styleUrl>
		<ExtendedData>
			<SchemaData schemaUrl="#J_mumbai_unaided_schools_SIISSSSSSISSSSS">
				<SimpleData name="Address">RELIEF ROAD, OSHIWARA, JOGESHWARI WEST, MUMBAI 400102</SimpleData>
				<SimpleData name="Cls_From">1</SimpleData>
				<SimpleData name="Cls_To">4</SimpleData>
				<SimpleData name="Email">hmwschool@gmail.com</SimpleData>
				<SimpleData name="GoogleMaps">https://www.google.com/maps/search/?api=1&amp;query=19.1491400000637,72.8402479999592</SimpleData>
				<SimpleData name="Landline_1">022-26780865</SimpleData>
				<SimpleData name="Lat">19.1491400000637</SimpleData>
				<SimpleData name="Long">72.8402479999592</SimpleData>
				<SimpleData name="Name">H M W ENGLISH HIGH SCHOOL</SimpleData>
				<SimpleData name="OBJECTID_1">247</SimpleData>
				<SimpleData name="Owner_Dept">Education Dept</SimpleData>
				<SimpleData name="School_Typ">3-Co-educational</SimpleData>
				<SimpleData name="Twitter_Ha">@mybmcedu</SimpleData>
				<SimpleData name="Ward">K/W</SimpleData>
				<SimpleData name="Website">education.maharashtra.gov.in/saral/27220400350</SimpleData>
			</SchemaData>
		</ExtendedData>
		<Point>
			<coordinates>72.840248,19.14914,0</coordinates>
		</Point>
	</Placemark>
	<Placemark>
		<name>KAMLADEVI JAIN HIGHSCHOOL</name>
		<visibility>0</visibility>
		<styleUrl>#mumbai_unaided_schools_style</styleUrl>
		<ExtendedData>
			<SchemaData schemaUrl="#J_mumbai_unaided_schools_SIISSSSSSISSSSS">
				<SimpleData name="Address">111-D,141A, NEAR RTO OFFICE, FOUR BUNGLOWS, ANDHERI WEST, MUMBAI 400 053</SimpleData>
				<SimpleData name="Cls_From">1</SimpleData>
				<SimpleData name="Cls_To">4</SimpleData>
				<SimpleData name="Email">navalgyan_04@rediffmail.com</SimpleData>
				<SimpleData name="GoogleMaps">https://www.google.com/maps/search/?api=1&amp;query=19.1333380000619,72.8285140003049</SimpleData>
				<SimpleData name="Landline_1">022-26342061</SimpleData>
				<SimpleData name="Lat">19.1333380000619</SimpleData>
				<SimpleData name="Long">72.8285140003049</SimpleData>
				<SimpleData name="Name">KAMLADEVI JAIN HIGHSCHOOL</SimpleData>
				<SimpleData name="OBJECTID_1">248</SimpleData>
				<SimpleData name="Owner_Dept">Education Dept</SimpleData>
				<SimpleData name="School_Typ">3-Co-educational</SimpleData>
				<SimpleData name="Twitter_Ha">@mybmcedu</SimpleData>
				<SimpleData name="Ward">K/W</SimpleData>
				<SimpleData name="Website">www.kamladevijainhighschool.in</SimpleData>
			</SchemaData>
		</ExtendedData>
		<Point>
			<coordinates>72.828514,19.133338,0</coordinates>
		</Point>
	</Placemark>
	<Placemark>
		<name>FAIRIE LAND SCHOOL</name>
		<visibility>0</visibility>
		<styleUrl>#mumbai_unaided_schools_style</styleUrl>
		<ExtendedData>
			<SchemaData schemaUrl="#J_mumbai_unaided_schools_SIISSSSSSISSSSS">
				<SimpleData name="Address">Adjacent to gymnasium opp yamuna nagar millat nagar Andheri w mumbai 400053</SimpleData>
				<SimpleData name="Cls_From">1</SimpleData>
				<SimpleData name="Cls_To">4</SimpleData>
				<SimpleData name="Email">flschool12@gmail.com</SimpleData>
				<SimpleData name="GoogleMaps">https://www.google.com/maps/search/?api=1&amp;query=19.1498689996163,72.8275360006769</SimpleData>
				<SimpleData name="Landline_1">022-0</SimpleData>
				<SimpleData name="Lat">19.1498689996163</SimpleData>
				<SimpleData name="Long">72.8275360006769</SimpleData>
				<SimpleData name="Name">FAIRIE LAND SCHOOL</SimpleData>
				<SimpleData name="OBJECTID_1">249</SimpleData>
				<SimpleData name="Owner_Dept">Education Dept</SimpleData>
				<SimpleData name="School_Typ">3-Co-educational</SimpleData>
				<SimpleData name="Twitter_Ha">@mybmcedu</SimpleData>
				<SimpleData name="Ward">K/W</SimpleData>
				<SimpleData name="Website"> </SimpleData>
			</SchemaData>
		</ExtendedData>
		<Point>
			<coordinates>72.82753599999999,19.149869,0</coordinates>
		</Point>
	</Placemark>
	<Placemark>
		<name>VESAWA VIDYA MANDIR ENGLISH</name>
		<visibility>0</visibility>
		<styleUrl>#mumbai_unaided_schools_style</styleUrl>
		<ExtendedData>
			<SchemaData schemaUrl="#J_mumbai_unaided_schools_SIISSSSSSISSSSS">
				<SimpleData name="Address">VESAWA VIDYA MANDIR YARI ROAD ANDHERI WEST MUMBAI400061</SimpleData>
				<SimpleData name="Cls_From">1</SimpleData>
				<SimpleData name="Cls_To">4</SimpleData>
				<SimpleData name="Email">vvm_primary@yahoo.in</SimpleData>
				<SimpleData name="GoogleMaps">https://www.google.com/maps/search/?api=1&amp;query=19.138526999818,72.8092020005597</SimpleData>
				<SimpleData name="Landline_1">022-26326295</SimpleData>
				<SimpleData name="Lat">19.138526999818</SimpleData>
				<SimpleData name="Long">72.8092020005597</SimpleData>
				<SimpleData name="Name">VESAWA VIDYA MANDIR ENGLISH</SimpleData>
				<SimpleData name="OBJECTID_1">250</SimpleData>
				<SimpleData name="Owner_Dept">Education Dept</SimpleData>
				<SimpleData name="School_Typ">3-Co-educational</SimpleData>
				<SimpleData name="Twitter_Ha">@mybmcedu</SimpleData>
				<SimpleData name="Ward">K/E</SimpleData>
				<SimpleData name="Website"> </SimpleData>
			</SchemaData>
		</ExtendedData>
		<Point>
			<coordinates>72.809202,19.138527,0</coordinates>
		</Point>
	</Placemark>
	<Placemark>
		<name>COSMOPOLITAN`S PRIMARY SCHOOL</name>
		<visibility>0</visibility>
		<styleUrl>#mumbai_unaided_schools_style</styleUrl>
		<ExtendedData>
			<SchemaData schemaUrl="#J_mumbai_unaided_schools_SIISSSSSSISSSSS">
				<SimpleData name="Address">SMT NIRMALA HARILAL VALIA PRIMARY SCHOOL - D N NAGAR CES ROAD ANDHERI-WEST MUMBAI-400053</SimpleData>
				<SimpleData name="Cls_From">1</SimpleData>
				<SimpleData name="Cls_To">4</SimpleData>
				<SimpleData name="Email">cosmopolitanprimaryschool@gmail.com</SimpleData>
				<SimpleData name="GoogleMaps">https://www.google.com/maps/search/?api=1&amp;query=19.1244519995155,72.8300830002556</SimpleData>
				<SimpleData name="Landline_1">022-26303372</SimpleData>
				<SimpleData name="Lat">19.1244519995155</SimpleData>
				<SimpleData name="Long">72.8300830002556</SimpleData>
				<SimpleData name="Name">COSMOPOLITAN`S PRIMARY SCHOOL</SimpleData>
				<SimpleData name="OBJECTID_1">251</SimpleData>
				<SimpleData name="Owner_Dept">Education Dept</SimpleData>
				<SimpleData name="School_Typ">3-Co-educational</SimpleData>
				<SimpleData name="Twitter_Ha">@mybmcedu</SimpleData>
				<SimpleData name="Ward">K/E</SimpleData>
				<SimpleData name="Website">www.cosmosociety.in</SimpleData>
			</SchemaData>
		</ExtendedData>
		<Point>
			<coordinates>72.830083,19.124452,0</coordinates>
		</Point>
	</Placemark>
	<Placemark>
		<name>GYAN KENDRA LP</name>
		<visibility>0</visibility>
		<styleUrl>#mumbai_unaided_schools_style</styleUrl>
		<ExtendedData>
			<SchemaData schemaUrl="#J_mumbai_unaided_schools_SIISSSSSSISSSSS">
				<SimpleData name="Address">141A AMBIVALI VILLAGE FOUR BUNGALOWS ANDHERI WEST MUMBAI  400 053</SimpleData>
				<SimpleData name="Cls_From">1</SimpleData>
				<SimpleData name="Cls_To">4</SimpleData>
				<SimpleData name="Email">gyksschool@gmail.com</SimpleData>
				<SimpleData name="GoogleMaps">https://www.google.com/maps/search/?api=1&amp;query=19.1320579997604,72.8248080001131</SimpleData>
				<SimpleData name="Landline_1">022-26333672</SimpleData>
				<SimpleData name="Lat">19.1320579997604</SimpleData>
				<SimpleData name="Long">72.8248080001131</SimpleData>
				<SimpleData name="Name">GYAN KENDRA LP</SimpleData>
				<SimpleData name="OBJECTID_1">252</SimpleData>
				<SimpleData name="Owner_Dept">Education Dept</SimpleData>
				<SimpleData name="School_Typ">3-Co-educational</SimpleData>
				<SimpleData name="Twitter_Ha">@mybmcedu</SimpleData>
				<SimpleData name="Ward">K/E</SimpleData>
				<SimpleData name="Website">www.gyankendra.org</SimpleData>
			</SchemaData>
		</ExtendedData>
		<Point>
			<coordinates>72.824808,19.132058,0</coordinates>
		</Point>
	</Placemark>
	<Placemark>
		<name>BHAVANS A H WADIA HIGH SCHOOL</name>
		<visibility>0</visibility>
		<styleUrl>#mumbai_unaided_schools_style</styleUrl>
		<ExtendedData>
			<SchemaData schemaUrl="#J_mumbai_unaided_schools_SIISSSSSSISSSSS">
				<SimpleData name="Address">J.P Road Munshi Nagar Andheri West Mumbai 58</SimpleData>
				<SimpleData name="Cls_From">1</SimpleData>
				<SimpleData name="Cls_To">4</SimpleData>
				<SimpleData name="Email">ahwadia_school@rediffmail.com</SimpleData>
				<SimpleData name="GoogleMaps">https://www.google.com/maps/search/?api=1&amp;query=19.1269599997849,72.8347260001639</SimpleData>
				<SimpleData name="Landline_1">022-26231216</SimpleData>
				<SimpleData name="Lat">19.1269599997849</SimpleData>
				<SimpleData name="Long">72.8347260001639</SimpleData>
				<SimpleData name="Name">BHAVANS A H WADIA HIGH SCHOOL</SimpleData>
				<SimpleData name="OBJECTID_1">253</SimpleData>
				<SimpleData name="Owner_Dept">Education Dept</SimpleData>
				<SimpleData name="School_Typ">3-Co-educational</SimpleData>
				<SimpleData name="Twitter_Ha">@mybmcedu</SimpleData>
				<SimpleData name="Ward">K/E</SimpleData>
				<SimpleData name="Website">www.bhavansahwadia.com</SimpleData>
			</SchemaData>
		</ExtendedData>
		<Point>
			<coordinates>72.834726,19.12696,0</coordinates>
		</Point>
	</Placemark>
	<Placemark>
		<name>GURUTEGH BAHADUR PUBLIC SCHOOL</name>
		<visibility>0</visibility>
		<styleUrl>#mumbai_unaided_schools_style</styleUrl>
		<ExtendedData>
			<SchemaData schemaUrl="#J_mumbai_unaided_schools_SIISSSSSSISSSSS">
				<SimpleData name="Address">MANISH NAGAR, J.P.ROAD, 4 BUNGLOWS, ANDHERI WEST, MUMBAI-400053</SimpleData>
				<SimpleData name="Cls_From">1</SimpleData>
				<SimpleData name="Cls_To">4</SimpleData>
				<SimpleData name="Email">gtbpschool@yahoo.co.in</SimpleData>
				<SimpleData name="GoogleMaps">https://www.google.com/maps/search/?api=1&amp;query=19.1297090002996,72.8335410006338</SimpleData>
				<SimpleData name="Landline_1">022-26373525</SimpleData>
				<SimpleData name="Lat">19.1297090002996</SimpleData>
				<SimpleData name="Long">72.8335410006338</SimpleData>
				<SimpleData name="Name">GURUTEGH BAHADUR PUBLIC SCHOOL</SimpleData>
				<SimpleData name="OBJECTID_1">254</SimpleData>
				<SimpleData name="Owner_Dept">Education Dept</SimpleData>
				<SimpleData name="School_Typ">3-Co-educational</SimpleData>
				<SimpleData name="Twitter_Ha">@mybmcedu</SimpleData>
				<SimpleData name="Ward">K/E</SimpleData>
				<SimpleData name="Website">education.maharashtra.gov.in/saral/27220400426</SimpleData>
			</SchemaData>
		</ExtendedData>
		<Point>
			<coordinates>72.833541,19.129709,0</coordinates>
		</Point>
	</Placemark>
	<Placemark>
		<name>SHETH M A HIGH SCHOOL</name>
		<visibility>0</visibility>
		<styleUrl>#mumbai_unaided_schools_style</styleUrl>
		<ExtendedData>
			<SchemaData schemaUrl="#J_mumbai_unaided_schools_SIISSSSSSISSSSS">
				<SimpleData name="Address">S.V.Road, Andheri West</SimpleData>
				<SimpleData name="Cls_From">1</SimpleData>
				<SimpleData name="Cls_To">4</SimpleData>
				<SimpleData name="Email">maprimary1932@gmail.com</SimpleData>
				<SimpleData name="GoogleMaps">https://www.google.com/maps/search/?api=1&amp;query=19.1638760001638,72.8458909992269</SimpleData>
				<SimpleData name="Landline_1">022-26701933</SimpleData>
				<SimpleData name="Lat">19.1638760001638</SimpleData>
				<SimpleData name="Long">72.8458909992269</SimpleData>
				<SimpleData name="Name">SHETH M A HIGH SCHOOL</SimpleData>
				<SimpleData name="OBJECTID_1">255</SimpleData>
				<SimpleData name="Owner_Dept">Education Dept</SimpleData>
				<SimpleData name="School_Typ">3-Co-educational</SimpleData>
				<SimpleData name="Twitter_Ha">@mybmcedu</SimpleData>
				<SimpleData name="Ward">K/E</SimpleData>
				<SimpleData name="Website">education.maharashtra.gov.in/saral/27220400431</SimpleData>
			</SchemaData>
		</ExtendedData>
		<Point>
			<coordinates>72.84589099999999,19.163876,0</coordinates>
		</Point>
	</Placemark>
	<Placemark>
		<name>SMT. KULSUM JAGMAGIA FIDAI DIAMOND JUBILEE PRI.</name>
		<visibility>0</visibility>
		<styleUrl>#mumbai_unaided_schools_style</styleUrl>
		<ExtendedData>
			<SchemaData schemaUrl="#J_mumbai_unaided_schools_SIISSSSSSISSSSS">
				<SimpleData name="Address">FIDAI BAUG, S.V ROAD, ANDHERI WEST MUMBAI -58</SimpleData>
				<SimpleData name="Cls_From">1</SimpleData>
				<SimpleData name="Cls_To">4</SimpleData>
				<SimpleData name="Email">fidaischool@gmail.com</SimpleData>
				<SimpleData name="GoogleMaps">https://www.google.com/maps/search/?api=1&amp;query=19.1188420002357,72.8442019997196</SimpleData>
				<SimpleData name="Landline_1">022-26209953</SimpleData>
				<SimpleData name="Lat">19.1188420002357</SimpleData>
				<SimpleData name="Long">72.8442019997196</SimpleData>
				<SimpleData name="Name">SMT. KULSUM JAGMAGIA FIDAI DIAMOND JUBILEE PRI.</SimpleData>
				<SimpleData name="OBJECTID_1">256</SimpleData>
				<SimpleData name="Owner_Dept">Education Dept</SimpleData>
				<SimpleData name="School_Typ">2-Girls</SimpleData>
				<SimpleData name="Twitter_Ha">@mybmcedu</SimpleData>
				<SimpleData name="Ward">K/E</SimpleData>
				<SimpleData name="Website">education.maharashtra.gov.in/saral/27220400433</SimpleData>
			</SchemaData>
		</ExtendedData>
		<Point>
			<coordinates>72.844202,19.118842,0</coordinates>
		</Point>
	</Placemark>
	<Placemark>
		<name>OSCAR PUBLIC ENGLISH SCHOOL</name>
		<visibility>0</visibility>
		<styleUrl>#mumbai_unaided_schools_style</styleUrl>
		<ExtendedData>
			<SchemaData schemaUrl="#J_mumbai_unaided_schools_SIISSSSSSISSSSS">
				<SimpleData name="Address">Gaon devi,Noor Masjid premises, cama road, Andheri west, Mumbai 58</SimpleData>
				<SimpleData name="Cls_From">1</SimpleData>
				<SimpleData name="Cls_To">4</SimpleData>
				<SimpleData name="Email">oscarpublic8@gmail.com</SimpleData>
				<SimpleData name="GoogleMaps">https://www.google.com/maps/search/?api=1&amp;query=19.119480000039,72.8413980005526</SimpleData>
				<SimpleData name="Landline_1">022-26718582</SimpleData>
				<SimpleData name="Lat">19.119480000039</SimpleData>
				<SimpleData name="Long">72.8413980005526</SimpleData>
				<SimpleData name="Name">OSCAR PUBLIC ENGLISH SCHOOL</SimpleData>
				<SimpleData name="OBJECTID_1">257</SimpleData>
				<SimpleData name="Owner_Dept">Education Dept</SimpleData>
				<SimpleData name="School_Typ">3-Co-educational</SimpleData>
				<SimpleData name="Twitter_Ha">@mybmcedu</SimpleData>
				<SimpleData name="Ward">K/E</SimpleData>
				<SimpleData name="Website"> </SimpleData>
			</SchemaData>
		</ExtendedData>
		<Point>
			<coordinates>72.841398,19.11948,0</coordinates>
		</Point>
	</Placemark>
	<Placemark>
		<name>BOMBAY CAMBRIDGE</name>
		<visibility>0</visibility>
		<styleUrl>#mumbai_unaided_schools_style</styleUrl>
		<ExtendedData>
			<SchemaData schemaUrl="#J_mumbai_unaided_schools_SIISSSSSSISSSSS">
				<SimpleData name="Address">Caesar Road Amboli AndheriW Mumbai 400 058</SimpleData>
				<SimpleData name="Cls_From">1</SimpleData>
				<SimpleData name="Cls_To">4</SimpleData>
				<SimpleData name="Email">westbcs@gmail.com</SimpleData>
				<SimpleData name="GoogleMaps">https://www.google.com/maps/search/?api=1&amp;query=19.132917000002,72.8407269998401</SimpleData>
				<SimpleData name="Landline_1">022-26771044</SimpleData>
				<SimpleData name="Lat">19.132917000002</SimpleData>
				<SimpleData name="Long">72.8407269998401</SimpleData>
				<SimpleData name="Name">BOMBAY CAMBRIDGE</SimpleData>
				<SimpleData name="OBJECTID_1">258</SimpleData>
				<SimpleData name="Owner_Dept">Education Dept</SimpleData>
				<SimpleData name="School_Typ">3-Co-educational</SimpleData>
				<SimpleData name="Twitter_Ha">@mybmcedu</SimpleData>
				<SimpleData name="Ward">K/E</SimpleData>
				<SimpleData name="Website">www.bcswest.org</SimpleData>
			</SchemaData>
		</ExtendedData>
		<Point>
			<coordinates>72.840727,19.132917,0</coordinates>
		</Point>
	</Placemark>
	<Placemark>
		<name>ANUPA K PUBLIC ENG PRIMARY SCHOOL</name>
		<visibility>0</visibility>
		<styleUrl>#mumbai_unaided_schools_style</styleUrl>
		<ExtendedData>
			<SchemaData schemaUrl="#J_mumbai_unaided_schools_SIISSSSSSISSSSS">
				<SimpleData name="Address">ramkaran compound krishna nagar behram baug jogeshwari west mumbai 400102</SimpleData>
				<SimpleData name="Cls_From">1</SimpleData>
				<SimpleData name="Cls_To">4</SimpleData>
				<SimpleData name="Email">anupakpublicschool@gmail.com</SimpleData>
				<SimpleData name="GoogleMaps">https://www.google.com/maps/search/?api=1&amp;query=19.144157999707,72.8367520002118</SimpleData>
				<SimpleData name="Landline_1">022-65824528</SimpleData>
				<SimpleData name="Lat">19.144157999707</SimpleData>
				<SimpleData name="Long">72.8367520002118</SimpleData>
				<SimpleData name="Name">ANUPA K PUBLIC ENG PRIMARY SCHOOL</SimpleData>
				<SimpleData name="OBJECTID_1">259</SimpleData>
				<SimpleData name="Owner_Dept">Education Dept</SimpleData>
				<SimpleData name="School_Typ">3-Co-educational</SimpleData>
				<SimpleData name="Twitter_Ha">@mybmcedu</SimpleData>
				<SimpleData name="Ward">K/E</SimpleData>
				<SimpleData name="Website"> </SimpleData>
			</SchemaData>
		</ExtendedData>
		<Point>
			<coordinates>72.836752,19.144158,0</coordinates>
		</Point>
	</Placemark>
	<Placemark>
		<name>ANUPA K PUBLIC HIN SCH</name>
		<visibility>0</visibility>
		<styleUrl>#mumbai_unaided_schools_style</styleUrl>
		<ExtendedData>
			<SchemaData schemaUrl="#J_mumbai_unaided_schools_SIISSSSSSISSSSS">
				<SimpleData name="Address">Ramkaran compound Krishna nagar behram baug jogehswari west mumbai 400101</SimpleData>
				<SimpleData name="Cls_From">1</SimpleData>
				<SimpleData name="Cls_To">4</SimpleData>
				<SimpleData name="Email">anupakpublicschool@gmail.com</SimpleData>
				<SimpleData name="GoogleMaps">https://www.google.com/maps/search/?api=1&amp;query=19.1447460004303,72.8363500003756</SimpleData>
				<SimpleData name="Landline_1">022-26736414</SimpleData>
				<SimpleData name="Lat">19.1447460004303</SimpleData>
				<SimpleData name="Long">72.8363500003756</SimpleData>
				<SimpleData name="Name">ANUPA K PUBLIC HIN SCH</SimpleData>
				<SimpleData name="OBJECTID_1">260</SimpleData>
				<SimpleData name="Owner_Dept">Education Dept</SimpleData>
				<SimpleData name="School_Typ">3-Co-educational</SimpleData>
				<SimpleData name="Twitter_Ha">@mybmcedu</SimpleData>
				<SimpleData name="Ward">K/E</SimpleData>
				<SimpleData name="Website"> </SimpleData>
			</SchemaData>
		</ExtendedData>
		<Point>
			<coordinates>72.83635,19.144746,0</coordinates>
		</Point>
	</Placemark>
	<Placemark>
		<name>SUNFLOWER PRIMARY HIN SCH</name>
		<visibility>0</visibility>
		<styleUrl>#mumbai_unaided_schools_style</styleUrl>
		<ExtendedData>
			<SchemaData schemaUrl="#J_mumbai_unaided_schools_SIISSSSSSISSSSS">
				<SimpleData name="Address">Snatosh Nagar Behrambaug Jogeshwari West</SimpleData>
				<SimpleData name="Cls_From">1</SimpleData>
				<SimpleData name="Cls_To">4</SimpleData>
				<SimpleData name="Email">sunflowersecondaryschool@gmail.com</SimpleData>
				<SimpleData name="GoogleMaps">https://www.google.com/maps/search/?api=1&amp;query=19.1457519999662,72.8357470006662</SimpleData>
				<SimpleData name="Landline_1">022-26749254</SimpleData>
				<SimpleData name="Lat">19.1457519999662</SimpleData>
				<SimpleData name="Long">72.8357470006662</SimpleData>
				<SimpleData name="Name">SUNFLOWER PRIMARY HIN SCH</SimpleData>
				<SimpleData name="OBJECTID_1">261</SimpleData>
				<SimpleData name="Owner_Dept">Education Dept</SimpleData>
				<SimpleData name="School_Typ">3-Co-educational</SimpleData>
				<SimpleData name="Twitter_Ha">@mybmcedu</SimpleData>
				<SimpleData name="Ward">K/E</SimpleData>
				<SimpleData name="Website">education.maharashtra.gov.in/saral/27220400456</SimpleData>
			</SchemaData>
		</ExtendedData>
		<Point>
			<coordinates>72.835747,19.145752,0</coordinates>
		</Point>
	</Placemark>
	<Placemark>
		<name>SUNFLOEWR ENGLISH PRIMARY SCHOOL</name>
		<visibility>0</visibility>
		<styleUrl>#mumbai_unaided_schools_style</styleUrl>
		<ExtendedData>
			<SchemaData schemaUrl="#J_mumbai_unaided_schools_SIISSSSSSISSSSS">
				<SimpleData name="Address">Santosh nagar Behrambaug Jogeshwari  West</SimpleData>
				<SimpleData name="Cls_From">1</SimpleData>
				<SimpleData name="Cls_To">4</SimpleData>
				<SimpleData name="Email">sunflowersecondaryschool@gmail.com</SimpleData>
				<SimpleData name="GoogleMaps">https://www.google.com/maps/search/?api=1&amp;query=19.1455880003679,72.8357680004812</SimpleData>
				<SimpleData name="Landline_1">022-26749254</SimpleData>
				<SimpleData name="Lat">19.1455880003679</SimpleData>
				<SimpleData name="Long">72.8357680004812</SimpleData>
				<SimpleData name="Name">SUNFLOEWR ENGLISH PRIMARY SCHOOL</SimpleData>
				<SimpleData name="OBJECTID_1">262</SimpleData>
				<SimpleData name="Owner_Dept">Education Dept</SimpleData>
				<SimpleData name="School_Typ">3-Co-educational</SimpleData>
				<SimpleData name="Twitter_Ha">@mybmcedu</SimpleData>
				<SimpleData name="Ward">K/E</SimpleData>
				<SimpleData name="Website"> </SimpleData>
			</SchemaData>
		</ExtendedData>
		<Point>
			<coordinates>72.835768,19.145588,0</coordinates>
		</Point>
	</Placemark>
	<Placemark>
		<name>MVM`S BENGARE G.P. SUVARNA PRIMARY</name>
		<visibility>0</visibility>
		<styleUrl>#mumbai_unaided_schools_style</styleUrl>
		<ExtendedData>
			<SchemaData schemaUrl="#J_mumbai_unaided_schools_SIISSSSSSISSSSS">
				<SimpleData name="Address">MOGAVEERA BHAVAN, MVM EDUCATIONAL CAMPUS MARG, OFF VEERA DESAI ROAD, ANDHERI WEST, MUMBAI - 400 058</SimpleData>
				<SimpleData name="Cls_From">1</SimpleData>
				<SimpleData name="Cls_To">4</SimpleData>
				<SimpleData name="Email">info@mvmeducation.com</SimpleData>
				<SimpleData name="GoogleMaps">https://www.google.com/maps/search/?api=1&amp;query=19.1323029996789,72.8395630003821</SimpleData>
				<SimpleData name="Landline_1">022-26762446</SimpleData>
				<SimpleData name="Lat">19.1323029996789</SimpleData>
				<SimpleData name="Long">72.8395630003821</SimpleData>
				<SimpleData name="Name">MVM`S BENGARE G.P. SUVARNA PRIMARY</SimpleData>
				<SimpleData name="OBJECTID_1">263</SimpleData>
				<SimpleData name="Owner_Dept">Education Dept</SimpleData>
				<SimpleData name="School_Typ">3-Co-educational</SimpleData>
				<SimpleData name="Twitter_Ha">@mybmcedu</SimpleData>
				<SimpleData name="Ward">K/E</SimpleData>
				<SimpleData name="Website">www.mvmeducation.com</SimpleData>
			</SchemaData>
		</ExtendedData>
		<Point>
			<coordinates>72.839563,19.132303,0</coordinates>
		</Point>
	</Placemark>
	<Placemark>
		<name>A K I HUSSAIN ALLANA ENG SC</name>
		<visibility>0</visibility>
		<styleUrl>#mumbai_unaided_schools_style</styleUrl>
		<ExtendedData>
			<SchemaData schemaUrl="#J_mumbai_unaided_schools_SIISSSSSSISSSSS">
				<SimpleData name="Address">Adarsh Nagar No.1, New Link Rd, Oshiwara, Andheri W.</SimpleData>
				<SimpleData name="Cls_From">1</SimpleData>
				<SimpleData name="Cls_To">4</SimpleData>
				<SimpleData name="Email">akihaes@gmail.com</SimpleData>
				<SimpleData name="GoogleMaps">https://www.google.com/maps/search/?api=1&amp;query=19.1439799998846,72.8291409994436</SimpleData>
				<SimpleData name="Landline_1">022-26340033</SimpleData>
				<SimpleData name="Lat">19.1439799998846</SimpleData>
				<SimpleData name="Long">72.8291409994436</SimpleData>
				<SimpleData name="Name">A K I HUSSAIN ALLANA ENG SC</SimpleData>
				<SimpleData name="OBJECTID_1">264</SimpleData>
				<SimpleData name="Owner_Dept">Education Dept</SimpleData>
				<SimpleData name="School_Typ">3-Co-educational</SimpleData>
				<SimpleData name="Twitter_Ha">@mybmcedu</SimpleData>
				<SimpleData name="Ward">K/E</SimpleData>
				<SimpleData name="Website">www.hussainallanaenglishschool.com</SimpleData>
			</SchemaData>
		</ExtendedData>
		<Point>
			<coordinates>72.82914100000001,19.14398,0</coordinates>
		</Point>
	</Placemark>
	<Placemark>
		<name>MILLAT SCHOOL BOYS</name>
		<visibility>0</visibility>
		<styleUrl>#mumbai_unaided_schools_style</styleUrl>
		<ExtendedData>
			<SchemaData schemaUrl="#J_mumbai_unaided_schools_SIISSSSSSISSSSS">
				<SimpleData name="Address">141 S V RD Jogeshwari W Mumbai 400102</SimpleData>
				<SimpleData name="Cls_From">0</SimpleData>
				<SimpleData name="Cls_To">4</SimpleData>
				<SimpleData name="Email">millatboysprimary@gmail.com</SimpleData>
				<SimpleData name="GoogleMaps">https://www.google.com/maps/search/?api=1&amp;query=19.1401030001189,72.8432459999618</SimpleData>
				<SimpleData name="Landline_1">022-26780358</SimpleData>
				<SimpleData name="Lat">19.1401030001189</SimpleData>
				<SimpleData name="Long">72.8432459999618</SimpleData>
				<SimpleData name="Name">MILLAT SCHOOL BOYS</SimpleData>
				<SimpleData name="OBJECTID_1">265</SimpleData>
				<SimpleData name="Owner_Dept">Education Dept</SimpleData>
				<SimpleData name="School_Typ">1-Boys</SimpleData>
				<SimpleData name="Twitter_Ha">@mybmcedu</SimpleData>
				<SimpleData name="Ward">K/E</SimpleData>
				<SimpleData name="Website"> </SimpleData>
			</SchemaData>
		</ExtendedData>
		<Point>
			<coordinates>72.84324599999999,19.140103,0</coordinates>
		</Point>
	</Placemark>
	<Placemark>
		<name>MILLAT SCHOOL GIRLS</name>
		<visibility>0</visibility>
		<styleUrl>#mumbai_unaided_schools_style</styleUrl>
		<ExtendedData>
			<SchemaData schemaUrl="#J_mumbai_unaided_schools_SIISSSSSSISSSSS">
				<SimpleData name="Address">141, S.V. Road, Jogeshwari-West, Mumbai-400 102</SimpleData>
				<SimpleData name="Cls_From">0</SimpleData>
				<SimpleData name="Cls_To">4</SimpleData>
				<SimpleData name="Email">millatgirlsprimary@gmail.com</SimpleData>
				<SimpleData name="GoogleMaps">https://www.google.com/maps/search/?api=1&amp;query=19.1401599999074,72.8421750001083</SimpleData>
				<SimpleData name="Landline_1">022-26799580</SimpleData>
				<SimpleData name="Lat">19.1401599999074</SimpleData>
				<SimpleData name="Long">72.8421750001083</SimpleData>
				<SimpleData name="Name">MILLAT SCHOOL GIRLS</SimpleData>
				<SimpleData name="OBJECTID_1">266</SimpleData>
				<SimpleData name="Owner_Dept">Education Dept</SimpleData>
				<SimpleData name="School_Typ">2-Girls</SimpleData>
				<SimpleData name="Twitter_Ha">@mybmcedu</SimpleData>
				<SimpleData name="Ward">K/E</SimpleData>
				<SimpleData name="Website"> </SimpleData>
			</SchemaData>
		</ExtendedData>
		<Point>
			<coordinates>72.842175,19.14016,0</coordinates>
		</Point>
	</Placemark>
	<Placemark>
		<name>ABDULLA QURESHI URDU LP</name>
		<visibility>0</visibility>
		<styleUrl>#mumbai_unaided_schools_style</styleUrl>
		<ExtendedData>
			<SchemaData schemaUrl="#J_mumbai_unaided_schools_SIISSSSSSISSSSS">
				<SimpleData name="Address">PATEL WADI, BEHRAM BAYUG, JOGESHWARI WEST MUMBAI 400102</SimpleData>
				<SimpleData name="Cls_From">1</SimpleData>
				<SimpleData name="Cls_To">4</SimpleData>
				<SimpleData name="Email">aqupschool@gmail.com</SimpleData>
				<SimpleData name="GoogleMaps">https://www.google.com/maps/search/?api=1&amp;query=19.1410590003756,72.8365540000179</SimpleData>
				<SimpleData name="Landline_1">022-26731708</SimpleData>
				<SimpleData name="Lat">19.1410590003756</SimpleData>
				<SimpleData name="Long">72.8365540000179</SimpleData>
				<SimpleData name="Name">ABDULLA QURESHI URDU LP</SimpleData>
				<SimpleData name="OBJECTID_1">267</SimpleData>
				<SimpleData name="Owner_Dept">Education Dept</SimpleData>
				<SimpleData name="School_Typ">3-Co-educational</SimpleData>
				<SimpleData name="Twitter_Ha">@mybmcedu</SimpleData>
				<SimpleData name="Ward">K/E</SimpleData>
				<SimpleData name="Website">education.maharashtra.gov.in/saral/27220400490</SimpleData>
			</SchemaData>
		</ExtendedData>
		<Point>
			<coordinates>72.83655400000001,19.141059,0</coordinates>
		</Point>
	</Placemark>
	<Placemark>
		<name>J A MEGHANI ENG SCHOOL</name>
		<visibility>0</visibility>
		<styleUrl>#mumbai_unaided_schools_style</styleUrl>
		<ExtendedData>
			<SchemaData schemaUrl="#J_mumbai_unaided_schools_SIISSSSSSISSSSS">
				<SimpleData name="Address">13, Behrambaug, Jogeshwari West, Mumbai - 400102</SimpleData>
				<SimpleData name="Cls_From">1</SimpleData>
				<SimpleData name="Cls_To">4</SimpleData>
				<SimpleData name="Email">ja_meghani@yahoo.in</SimpleData>
				<SimpleData name="GoogleMaps">https://www.google.com/maps/search/?api=1&amp;query=19.1437280000695,72.8382179996498</SimpleData>
				<SimpleData name="Landline_1">022-26780538</SimpleData>
				<SimpleData name="Lat">19.1437280000695</SimpleData>
				<SimpleData name="Long">72.8382179996498</SimpleData>
				<SimpleData name="Name">J A MEGHANI ENG SCHOOL</SimpleData>
				<SimpleData name="OBJECTID_1">268</SimpleData>
				<SimpleData name="Owner_Dept">Education Dept</SimpleData>
				<SimpleData name="School_Typ">3-Co-educational</SimpleData>
				<SimpleData name="Twitter_Ha">@mybmcedu</SimpleData>
				<SimpleData name="Ward">K/E</SimpleData>
				<SimpleData name="Website">education.maharashtra.gov.in/saral/27220400492</SimpleData>
			</SchemaData>
		</ExtendedData>
		<Point>
			<coordinates>72.838218,19.143728,0</coordinates>
		</Point>
	</Placemark>
	<Placemark>
		<name>SMT RAJARANI MALHOTRA SC</name>
		<visibility>0</visibility>
		<styleUrl>#mumbai_unaided_schools_style</styleUrl>
		<ExtendedData>
			<SchemaData schemaUrl="#J_mumbai_unaided_schools_SIISSSSSSISSSSS">
				<SimpleData name="Address">New link Road, Oshiwara-53</SimpleData>
				<SimpleData name="Cls_From">1</SimpleData>
				<SimpleData name="Cls_To">4</SimpleData>
				<SimpleData name="Email">rmv1996@gmail.com</SimpleData>
				<SimpleData name="GoogleMaps">https://www.google.com/maps/search/?api=1&amp;query=19.1505889994796,72.8302590004009</SimpleData>
				<SimpleData name="Landline_1">022-26365920</SimpleData>
				<SimpleData name="Lat">19.1505889994796</SimpleData>
				<SimpleData name="Long">72.8302590004009</SimpleData>
				<SimpleData name="Name">SMT RAJARANI MALHOTRA SC</SimpleData>
				<SimpleData name="OBJECTID_1">269</SimpleData>
				<SimpleData name="Owner_Dept">Education Dept</SimpleData>
				<SimpleData name="School_Typ">3-Co-educational</SimpleData>
				<SimpleData name="Twitter_Ha">@mybmcedu</SimpleData>
				<SimpleData name="Ward">K/E</SimpleData>
				<SimpleData name="Website"> </SimpleData>
			</SchemaData>
		</ExtendedData>
		<Point>
			<coordinates>72.830259,19.150589,0</coordinates>
		</Point>
	</Placemark>
	<Placemark>
		<name>ST. THERESA&apos;S PRIMARY SCHOOL</name>
		<visibility>0</visibility>
		<styleUrl>#mumbai_unaided_schools_style</styleUrl>
		<ExtendedData>
			<SchemaData schemaUrl="#J_mumbai_unaided_schools_SIISSSSSSISSSSS">
				<SimpleData name="Address">Madhav Das Building Gupmha Road Paras Ngr Jog-East Mum-60</SimpleData>
				<SimpleData name="Cls_From">1</SimpleData>
				<SimpleData name="Cls_To">6</SimpleData>
				<SimpleData name="Email">there21school@gmail.com</SimpleData>
				<SimpleData name="GoogleMaps">https://www.google.com/maps/search/?api=1&amp;query=19.139138999239,72.8580189999456</SimpleData>
				<SimpleData name="Landline_1">022-28204790</SimpleData>
				<SimpleData name="Lat">19.139138999239</SimpleData>
				<SimpleData name="Long">72.8580189999456</SimpleData>
				<SimpleData name="Name">ST. THERESA&apos;S PRIMARY SCHOOL</SimpleData>
				<SimpleData name="OBJECTID_1">270</SimpleData>
				<SimpleData name="Owner_Dept">Education Dept</SimpleData>
				<SimpleData name="School_Typ">3-Co-educational</SimpleData>
				<SimpleData name="Twitter_Ha">@mybmcedu</SimpleData>
				<SimpleData name="Ward">K/E</SimpleData>
				<SimpleData name="Website">education.maharashtra.gov.in/saral/27220400498</SimpleData>
			</SchemaData>
		</ExtendedData>
		<Point>
			<coordinates>72.858019,19.139139,0</coordinates>
		</Point>
	</Placemark>
	<Placemark>
		<name>ST. ROCK&apos;S PRIMARY SCHOOL</name>
		<visibility>0</visibility>
		<styleUrl>#mumbai_unaided_schools_style</styleUrl>
		<ExtendedData>
			<SchemaData schemaUrl="#J_mumbai_unaided_schools_SIISSSSSSISSSSS">
				<SimpleData name="Address">RD NO 2 CHURCH PAKADI  SCHOOL</SimpleData>
				<SimpleData name="Cls_From">1</SimpleData>
				<SimpleData name="Cls_To">4</SimpleData>
				<SimpleData name="Email">strocksahar@gmail.com</SimpleData>
				<SimpleData name="GoogleMaps">https://www.google.com/maps/search/?api=1&amp;query=19.1067869996761,72.8438030006842</SimpleData>
				<SimpleData name="Landline_1">022-26882221</SimpleData>
				<SimpleData name="Lat">19.1067869996761</SimpleData>
				<SimpleData name="Long">72.8438030006842</SimpleData>
				<SimpleData name="Name">ST. ROCK&apos;S PRIMARY SCHOOL</SimpleData>
				<SimpleData name="OBJECTID_1">271</SimpleData>
				<SimpleData name="Owner_Dept">Education Dept</SimpleData>
				<SimpleData name="School_Typ">3-Co-educational</SimpleData>
				<SimpleData name="Twitter_Ha">@mybmcedu</SimpleData>
				<SimpleData name="Ward">K/E</SimpleData>
				<SimpleData name="Website">education.maharashtra.gov.in/saral/27220400499</SimpleData>
			</SchemaData>
		</ExtendedData>
		<Point>
			<coordinates>72.84380299999999,19.106787,0</coordinates>
		</Point>
	</Placemark>
	<Placemark>
		<name>SHREE GAURISHANKAR KEDIA ENG SCHOOL</name>
		<visibility>0</visibility>
		<styleUrl>#mumbai_unaided_schools_style</styleUrl>
		<ExtendedData>
			<SchemaData schemaUrl="#J_mumbai_unaided_schools_SIISSSSSSISSSSS">
				<SimpleData name="Address">Shriniwas Bagarga Marg JB Nagar Andheri East mumbai 59</SimpleData>
				<SimpleData name="Cls_From">1</SimpleData>
				<SimpleData name="Cls_To">4</SimpleData>
				<SimpleData name="Email">sgkes1982@gmail.com</SimpleData>
				<SimpleData name="GoogleMaps">https://www.google.com/maps/search/?api=1&amp;query=19.1115629999025,72.8676399995247</SimpleData>
				<SimpleData name="Landline_1">022-28351261</SimpleData>
				<SimpleData name="Lat">19.1115629999025</SimpleData>
				<SimpleData name="Long">72.8676399995247</SimpleData>
				<SimpleData name="Name">SHREE GAURISHANKAR KEDIA ENG SCHOOL</SimpleData>
				<SimpleData name="OBJECTID_1">272</SimpleData>
				<SimpleData name="Owner_Dept">Education Dept</SimpleData>
				<SimpleData name="School_Typ">3-Co-educational</SimpleData>
				<SimpleData name="Twitter_Ha">@mybmcedu</SimpleData>
				<SimpleData name="Ward">K/E</SimpleData>
				<SimpleData name="Website"> </SimpleData>
			</SchemaData>
		</ExtendedData>
		<Point>
			<coordinates>72.86763999999999,19.111563,0</coordinates>
		</Point>
	</Placemark>
	<Placemark>
		<name>R.C.MARUTI ENGLISH PRI.SCHOOL</name>
		<visibility>0</visibility>
		<styleUrl>#mumbai_unaided_schools_style</styleUrl>
		<ExtendedData>
			<SchemaData schemaUrl="#J_mumbai_unaided_schools_SIISSSSSSISSSSS">
				<SimpleData name="Address">Mahakali caves road MIDC Andheri  EAST</SimpleData>
				<SimpleData name="Cls_From">1</SimpleData>
				<SimpleData name="Cls_To">4</SimpleData>
				<SimpleData name="Email">rcmjrc@gmail.com</SimpleData>
				<SimpleData name="GoogleMaps">https://www.google.com/maps/search/?api=1&amp;query=19.1231970003196,72.8678150002078</SimpleData>
				<SimpleData name="Landline_1">022-28377897</SimpleData>
				<SimpleData name="Lat">19.1231970003196</SimpleData>
				<SimpleData name="Long">72.8678150002078</SimpleData>
				<SimpleData name="Name">R.C.MARUTI ENGLISH PRI.SCHOOL</SimpleData>
				<SimpleData name="OBJECTID_1">273</SimpleData>
				<SimpleData name="Owner_Dept">Education Dept</SimpleData>
				<SimpleData name="School_Typ">3-Co-educational</SimpleData>
				<SimpleData name="Twitter_Ha">@mybmcedu</SimpleData>
				<SimpleData name="Ward">K/E</SimpleData>
				<SimpleData name="Website">education.maharashtra.gov.in/saral/27220400506</SimpleData>
			</SchemaData>
		</ExtendedData>
		<Point>
			<coordinates>72.86781499999999,19.123197,0</coordinates>
		</Point>
	</Placemark>
	<Placemark>
		<name>DR. BABASAHEB AMBEDKAR ENGLISH SCHOOL</name>
		<visibility>0</visibility>
		<styleUrl>#mumbai_unaided_schools_style</styleUrl>
		<ExtendedData>
			<SchemaData schemaUrl="#J_mumbai_unaided_schools_SIISSSSSSISSSSS">
				<SimpleData name="Address">B/109, Omkar co-op HSG SOC, road no-19,behind suncity hotel, M.I.D.C ANDHERI EAST.mum- 400093</SimpleData>
				<SimpleData name="Cls_From">1</SimpleData>
				<SimpleData name="Cls_To">4</SimpleData>
				<SimpleData name="Email">dr_br_ambedkar@yahoo.com</SimpleData>
				<SimpleData name="GoogleMaps">https://www.google.com/maps/search/?api=1&amp;query=19.1190899999377,72.8747030001063</SimpleData>
				<SimpleData name="Landline_1">022-28313386</SimpleData>
				<SimpleData name="Lat">19.1190899999377</SimpleData>
				<SimpleData name="Long">72.8747030001063</SimpleData>
				<SimpleData name="Name">DR. BABASAHEB AMBEDKAR ENGLISH SCHOOL</SimpleData>
				<SimpleData name="OBJECTID_1">274</SimpleData>
				<SimpleData name="Owner_Dept">Education Dept</SimpleData>
				<SimpleData name="School_Typ">3-Co-educational</SimpleData>
				<SimpleData name="Twitter_Ha">@mybmcedu</SimpleData>
				<SimpleData name="Ward">K/E</SimpleData>
				<SimpleData name="Website">www.drbabasahebambedkarenglishschool.org</SimpleData>
			</SchemaData>
		</ExtendedData>
		<Point>
			<coordinates>72.874703,19.11909,0</coordinates>
		</Point>
	</Placemark>
	<Placemark>
		<name>SACRED HEART SCHOOL MAHAKALI</name>
		<visibility>0</visibility>
		<styleUrl>#mumbai_unaided_schools_style</styleUrl>
		<ExtendedData>
			<SchemaData schemaUrl="#J_mumbai_unaided_schools_SIISSSSSSISSSSS">
				<SimpleData name="Address">Lala Compound , near Holy Spirit Hospital,Mahakali Caves Road,,Andheri East, Mumbai -93</SimpleData>
				<SimpleData name="Cls_From">1</SimpleData>
				<SimpleData name="Cls_To">4</SimpleData>
				<SimpleData name="Email">sacredheartschool11062009@gmail.com</SimpleData>
				<SimpleData name="GoogleMaps">https://www.google.com/maps/search/?api=1&amp;query=19.128195000789,72.868016000174</SimpleData>
				<SimpleData name="Landline_1">022-0</SimpleData>
				<SimpleData name="Lat">19.128195000789</SimpleData>
				<SimpleData name="Long">72.868016000174</SimpleData>
				<SimpleData name="Name">SACRED HEART SCHOOL MAHAKALI</SimpleData>
				<SimpleData name="OBJECTID_1">275</SimpleData>
				<SimpleData name="Owner_Dept">Education Dept</SimpleData>
				<SimpleData name="School_Typ">3-Co-educational</SimpleData>
				<SimpleData name="Twitter_Ha">@mybmcedu</SimpleData>
				<SimpleData name="Ward">K/E</SimpleData>
				<SimpleData name="Website"> </SimpleData>
			</SchemaData>
		</ExtendedData>
		<Point>
			<coordinates>72.868016,19.128195,0</coordinates>
		</Point>
	</Placemark>
	<Placemark>
		<name>PTVA ENGLISH MEDIUM SCHOOL</name>
		<visibility>0</visibility>
		<styleUrl>#mumbai_unaided_schools_style</styleUrl>
		<ExtendedData>
			<SchemaData schemaUrl="#J_mumbai_unaided_schools_SIISSSSSSISSSSS">
				<SimpleData name="Address">Vijaynagar CHS, Swami Nityanand Marg, Andheri East, Mumbai 400069</SimpleData>
				<SimpleData name="Cls_From">1</SimpleData>
				<SimpleData name="Cls_To">3</SimpleData>
				<SimpleData name="Email">ptvaems@gmail.com</SimpleData>
				<SimpleData name="GoogleMaps">https://www.google.com/maps/search/?api=1&amp;query=19.1140360001649,72.848367999773</SimpleData>
				<SimpleData name="Landline_1">022-26820548</SimpleData>
				<SimpleData name="Lat">19.1140360001649</SimpleData>
				<SimpleData name="Long">72.848367999773</SimpleData>
				<SimpleData name="Name">PTVA ENGLISH MEDIUM SCHOOL</SimpleData>
				<SimpleData name="OBJECTID_1">276</SimpleData>
				<SimpleData name="Owner_Dept">Education Dept</SimpleData>
				<SimpleData name="School_Typ">3-Co-educational</SimpleData>
				<SimpleData name="Twitter_Ha">@mybmcedu</SimpleData>
				<SimpleData name="Ward">K/E</SimpleData>
				<SimpleData name="Website">www.ptvaemsandheri.com</SimpleData>
			</SchemaData>
		</ExtendedData>
		<Point>
			<coordinates>72.84836799999999,19.114036,0</coordinates>
		</Point>
	</Placemark>
	<Placemark>
		<name>ST. ALOYSIUS PRIMARY SCHOOL</name>
		<visibility>0</visibility>
		<styleUrl>#mumbai_unaided_schools_style</styleUrl>
		<ExtendedData>
			<SchemaData schemaUrl="#J_mumbai_unaided_schools_SIISSSSSSISSSSS">
				<SimpleData name="Address">81 a chapel road bandra west</SimpleData>
				<SimpleData name="Cls_From">1</SimpleData>
				<SimpleData name="Cls_To">4</SimpleData>
				<SimpleData name="Email">st.aloysiusprimaryschool@gmail.com</SimpleData>
				<SimpleData name="GoogleMaps">https://www.google.com/maps/search/?api=1&amp;query=19.0510349996803,72.827921999763</SimpleData>
				<SimpleData name="Landline_1">022-26406572</SimpleData>
				<SimpleData name="Lat">19.0510349996803</SimpleData>
				<SimpleData name="Long">72.827921999763</SimpleData>
				<SimpleData name="Name">ST. ALOYSIUS PRIMARY SCHOOL</SimpleData>
				<SimpleData name="OBJECTID_1">277</SimpleData>
				<SimpleData name="Owner_Dept">Education Dept</SimpleData>
				<SimpleData name="School_Typ">3-Co-educational</SimpleData>
				<SimpleData name="Twitter_Ha">@mybmcedu</SimpleData>
				<SimpleData name="Ward">H/W -WARD</SimpleData>
				<SimpleData name="Website">www.aloysiusbandra.in</SimpleData>
			</SchemaData>
		</ExtendedData>
		<Point>
			<coordinates>72.827922,19.051035,0</coordinates>
		</Point>
	</Placemark>
	<Placemark>
		<name>B. P. E. SOCIETY&apos;S PRIMARY SCHOOL</name>
		<visibility>0</visibility>
		<styleUrl>#mumbai_unaided_schools_style</styleUrl>
		<ExtendedData>
			<SchemaData schemaUrl="#J_mumbai_unaided_schools_SIISSSSSSISSSSS">
				<SimpleData name="Address"> bazar road bandra west</SimpleData>
				<SimpleData name="Cls_From">1</SimpleData>
				<SimpleData name="Cls_To">4</SimpleData>
				<SimpleData name="Email">rajeshmathre@gmail.com</SimpleData>
				<SimpleData name="GoogleMaps">https://www.google.com/maps/search/?api=1&amp;query=19.0538330006994,72.8343740000011</SimpleData>
				<SimpleData name="Landline_1">022-26421723</SimpleData>
				<SimpleData name="Lat">19.0538330006994</SimpleData>
				<SimpleData name="Long">72.8343740000011</SimpleData>
				<SimpleData name="Name">B. P. E. SOCIETY&apos;S PRIMARY SCHOOL</SimpleData>
				<SimpleData name="OBJECTID_1">278</SimpleData>
				<SimpleData name="Owner_Dept">Education Dept</SimpleData>
				<SimpleData name="School_Typ">3-Co-educational</SimpleData>
				<SimpleData name="Twitter_Ha">@mybmcedu</SimpleData>
				<SimpleData name="Ward">H/W -WARD</SimpleData>
				<SimpleData name="Website"> </SimpleData>
			</SchemaData>
		</ExtendedData>
		<Point>
			<coordinates>72.834374,19.053833,0</coordinates>
		</Point>
	</Placemark>
	<Placemark>
		<name>A.R.S. AWAMI ENGLISH SCHOOL BANDRA WEST</name>
		<visibility>0</visibility>
		<styleUrl>#mumbai_unaided_schools_style</styleUrl>
		<ExtendedData>
			<SchemaData schemaUrl="#J_mumbai_unaided_schools_SIISSSSSSISSSSS">
				<SimpleData name="Address">bazar road muncipal school compound S.V road Bandra</SimpleData>
				<SimpleData name="Cls_From">1</SimpleData>
				<SimpleData name="Cls_To">4</SimpleData>
				<SimpleData name="Email">awamienglishschool@gmail.com</SimpleData>
				<SimpleData name="GoogleMaps">https://www.google.com/maps/search/?api=1&amp;query=19.0522209994867,72.8386990000031</SimpleData>
				<SimpleData name="Landline_1">022-26405968</SimpleData>
				<SimpleData name="Lat">19.0522209994867</SimpleData>
				<SimpleData name="Long">72.8386990000031</SimpleData>
				<SimpleData name="Name">A.R.S. AWAMI ENGLISH SCHOOL BANDRA WEST</SimpleData>
				<SimpleData name="OBJECTID_1">279</SimpleData>
				<SimpleData name="Owner_Dept">Education Dept</SimpleData>
				<SimpleData name="School_Typ">3-Co-educational</SimpleData>
				<SimpleData name="Twitter_Ha">@mybmcedu</SimpleData>
				<SimpleData name="Ward">H/W -WARD</SimpleData>
				<SimpleData name="Website"> </SimpleData>
			</SchemaData>
		</ExtendedData>
		<Point>
			<coordinates>72.83869900000001,19.052221,0</coordinates>
		</Point>
	</Placemark>
	<Placemark>
		<name>ST CATHERINE OF SIENA SCHOOL</name>
		<visibility>0</visibility>
		<styleUrl>#mumbai_unaided_schools_style</styleUrl>
		<ExtendedData>
			<SchemaData schemaUrl="#J_mumbai_unaided_schools_SIISSSSSSISSSSS">
				<SimpleData name="Address">Mount Mary Road, Near Cliff Tower, Bandra West, Mumbai - 400 050</SimpleData>
				<SimpleData name="Cls_From">1</SimpleData>
				<SimpleData name="Cls_To">4</SimpleData>
				<SimpleData name="Email">catherene_sena@yahoo.co.in</SimpleData>
				<SimpleData name="GoogleMaps">https://www.google.com/maps/search/?api=1&amp;query=19.0456399998529,72.8229220000219</SimpleData>
				<SimpleData name="Landline_1">022-26422859</SimpleData>
				<SimpleData name="Lat">19.0456399998529</SimpleData>
				<SimpleData name="Long">72.8229220000219</SimpleData>
				<SimpleData name="Name">ST CATHERINE OF SIENA SCHOOL</SimpleData>
				<SimpleData name="OBJECTID_1">280</SimpleData>
				<SimpleData name="Owner_Dept">Education Dept</SimpleData>
				<SimpleData name="School_Typ">3-Co-educational</SimpleData>
				<SimpleData name="Twitter_Ha">@mybmcedu</SimpleData>
				<SimpleData name="Ward">H/W -WARD</SimpleData>
				<SimpleData name="Website">www.saintcatherineshome.com</SimpleData>
			</SchemaData>
		</ExtendedData>
		<Point>
			<coordinates>72.82292200000001,19.04564,0</coordinates>
		</Point>
	</Placemark>
	<Placemark>
		<name>ST. JOSEPH&apos;S CONVENT PRIMARY SCHOOL</name>
		<visibility>0</visibility>
		<styleUrl>#mumbai_unaided_schools_style</styleUrl>
		<ExtendedData>
			<SchemaData schemaUrl="#J_mumbai_unaided_schools_SIISSSSSSISSSSS">
				<SimpleData name="Address">Manuel Gonsalves Marg, Bandra West, Mumbai 400050</SimpleData>
				<SimpleData name="Cls_From">1</SimpleData>
				<SimpleData name="Cls_To">4</SimpleData>
				<SimpleData name="Email">sjcpsb@gmail.com</SimpleData>
				<SimpleData name="GoogleMaps">https://www.google.com/maps/search/?api=1&amp;query=19.0560029993518,72.8287549995076</SimpleData>
				<SimpleData name="Landline_1">022-26458152</SimpleData>
				<SimpleData name="Lat">19.0560029993518</SimpleData>
				<SimpleData name="Long">72.8287549995076</SimpleData>
				<SimpleData name="Name">ST. JOSEPH&apos;S CONVENT PRIMARY SCHOOL</SimpleData>
				<SimpleData name="OBJECTID_1">281</SimpleData>
				<SimpleData name="Owner_Dept">Education Dept</SimpleData>
				<SimpleData name="School_Typ">2-Girls</SimpleData>
				<SimpleData name="Twitter_Ha">@mybmcedu</SimpleData>
				<SimpleData name="Ward">H/W -WARD</SimpleData>
				<SimpleData name="Website">education.maharashtra.gov.in</SimpleData>
			</SchemaData>
		</ExtendedData>
		<Point>
			<coordinates>72.828755,19.056003,0</coordinates>
		</Point>
	</Placemark>
	<Placemark>
		<name>APOSTOLIC CARMEL PRIMARY SCHOOL</name>
		<visibility>0</visibility>
		<styleUrl>#mumbai_unaided_schools_style</styleUrl>
		<ExtendedData>
			<SchemaData schemaUrl="#J_mumbai_unaided_schools_SIISSSSSSISSSSS">
				<SimpleData name="Address">94, hill road, bandra west</SimpleData>
				<SimpleData name="Cls_From">1</SimpleData>
				<SimpleData name="Cls_To">4</SimpleData>
				<SimpleData name="Email">achsprimary@gmail.com</SimpleData>
				<SimpleData name="GoogleMaps">https://www.google.com/maps/search/?api=1&amp;query=19.0548580000654,72.8262739996778</SimpleData>
				<SimpleData name="Landline_1">022-0</SimpleData>
				<SimpleData name="Lat">19.0548580000654</SimpleData>
				<SimpleData name="Long">72.8262739996778</SimpleData>
				<SimpleData name="Name">APOSTOLIC CARMEL PRIMARY SCHOOL</SimpleData>
				<SimpleData name="OBJECTID_1">282</SimpleData>
				<SimpleData name="Owner_Dept">Education Dept</SimpleData>
				<SimpleData name="School_Typ">2-Girls</SimpleData>
				<SimpleData name="Twitter_Ha">@mybmcedu</SimpleData>
				<SimpleData name="Ward">H/W -WARD</SimpleData>
				<SimpleData name="Website">education.maharashtra.gov.in/saral/27220500113</SimpleData>
			</SchemaData>
		</ExtendedData>
		<Point>
			<coordinates>72.826274,19.054858,0</coordinates>
		</Point>
	</Placemark>
	<Placemark>
		<name>FR. AGNEL PRIMARY SCHOOL</name>
		<visibility>0</visibility>
		<styleUrl>#mumbai_unaided_schools_style</styleUrl>
		<ExtendedData>
			<SchemaData schemaUrl="#J_mumbai_unaided_schools_SIISSSSSSISSSSS">
				<SimpleData name="Address">Bandstand, Bandra west Mumbai 400 050</SimpleData>
				<SimpleData name="Cls_From">1</SimpleData>
				<SimpleData name="Cls_To">4</SimpleData>
				<SimpleData name="Email">sdvesterf@fragnel.edu.in</SimpleData>
				<SimpleData name="GoogleMaps">https://www.google.com/maps/search/?api=1&amp;query=19.044093000333,72.8206270003906</SimpleData>
				<SimpleData name="Landline_1">022-67114205</SimpleData>
				<SimpleData name="Lat">19.044093000333</SimpleData>
				<SimpleData name="Long">72.8206270003906</SimpleData>
				<SimpleData name="Name">FR. AGNEL PRIMARY SCHOOL</SimpleData>
				<SimpleData name="OBJECTID_1">283</SimpleData>
				<SimpleData name="Owner_Dept">Education Dept</SimpleData>
				<SimpleData name="School_Typ">3-Co-educational</SimpleData>
				<SimpleData name="Twitter_Ha">@mybmcedu</SimpleData>
				<SimpleData name="Ward">H/W -WARD</SimpleData>
				<SimpleData name="Website"> </SimpleData>
			</SchemaData>
		</ExtendedData>
		<Point>
			<coordinates>72.820627,19.044093,0</coordinates>
		</Point>
	</Placemark>
	<Placemark>
		<name>MOUNT MARY CONVENT HIGH SCHOOL</name>
		<visibility>0</visibility>
		<styleUrl>#mumbai_unaided_schools_style</styleUrl>
		<ExtendedData>
			<SchemaData schemaUrl="#J_mumbai_unaided_schools_SIISSSSSSISSSSS">
				<SimpleData name="Address">Mount mary road Bandra west</SimpleData>
				<SimpleData name="Cls_From">1</SimpleData>
				<SimpleData name="Cls_To">4</SimpleData>
				<SimpleData name="Email">mtmaryschoolbandra@gmail.com</SimpleData>
				<SimpleData name="GoogleMaps">https://www.google.com/maps/search/?api=1&amp;query=19.0467019998544,72.8218330001254</SimpleData>
				<SimpleData name="Landline_1">022-26443943</SimpleData>
				<SimpleData name="Lat">19.0467019998544</SimpleData>
				<SimpleData name="Long">72.8218330001254</SimpleData>
				<SimpleData name="Name">MOUNT MARY CONVENT HIGH SCHOOL</SimpleData>
				<SimpleData name="OBJECTID_1">284</SimpleData>
				<SimpleData name="Owner_Dept">Education Dept</SimpleData>
				<SimpleData name="School_Typ">2-Girls</SimpleData>
				<SimpleData name="Twitter_Ha">@mybmcedu</SimpleData>
				<SimpleData name="Ward">H/W -WARD</SimpleData>
				<SimpleData name="Website">mountmaryconventhighschool.org</SimpleData>
			</SchemaData>
		</ExtendedData>
		<Point>
			<coordinates>72.821833,19.046702,0</coordinates>
		</Point>
	</Placemark>
	<Placemark>
		<name>ST ANDREWS HIGH SCHOOL</name>
		<visibility>0</visibility>
		<styleUrl>#mumbai_unaided_schools_style</styleUrl>
		<ExtendedData>
			<SchemaData schemaUrl="#J_mumbai_unaided_schools_SIISSSSSSISSSSS">
				<SimpleData name="Address">St.Dominic Road Bandra West Mumbai 400 050</SimpleData>
				<SimpleData name="Cls_From">1</SimpleData>
				<SimpleData name="Cls_To">4</SimpleData>
				<SimpleData name="Email">st.andrewsbandrawest@gmail.com</SimpleData>
				<SimpleData name="GoogleMaps">https://www.google.com/maps/search/?api=1&amp;query=19.0575859995314,72.8291779995812</SimpleData>
				<SimpleData name="Landline_1">022-26423144</SimpleData>
				<SimpleData name="Lat">19.0575859995314</SimpleData>
				<SimpleData name="Long">72.8291779995812</SimpleData>
				<SimpleData name="Name">ST ANDREWS HIGH SCHOOL</SimpleData>
				<SimpleData name="OBJECTID_1">285</SimpleData>
				<SimpleData name="Owner_Dept">Education Dept</SimpleData>
				<SimpleData name="School_Typ">1-Boys</SimpleData>
				<SimpleData name="Twitter_Ha">@mybmcedu</SimpleData>
				<SimpleData name="Ward">H/W -WARD</SimpleData>
				<SimpleData name="Website">www.saintandrewschoolbandra.in</SimpleData>
			</SchemaData>
		</ExtendedData>
		<Point>
			<coordinates>72.829178,19.057586,0</coordinates>
		</Point>
	</Placemark>
	<Placemark>
		<name>ST ANNES HIGH SCHOOL</name>
		<visibility>0</visibility>
		<styleUrl>#mumbai_unaided_schools_style</styleUrl>
		<ExtendedData>
			<SchemaData schemaUrl="#J_mumbai_unaided_schools_SIISSSSSSISSSSS">
				<SimpleData name="Address">NARIGIS DUTT ROAD PALI HILL BANDRA MUMBAI 400050</SimpleData>
				<SimpleData name="Cls_From">1</SimpleData>
				<SimpleData name="Cls_To">4</SimpleData>
				<SimpleData name="Email">sahsbandra@gmail.com</SimpleData>
				<SimpleData name="GoogleMaps">https://www.google.com/maps/search/?api=1&amp;query=19.0642580003305,72.8263739993888</SimpleData>
				<SimpleData name="Landline_1">022-26486273</SimpleData>
				<SimpleData name="Lat">19.0642580003305</SimpleData>
				<SimpleData name="Long">72.8263739993888</SimpleData>
				<SimpleData name="Name">ST ANNES HIGH SCHOOL</SimpleData>
				<SimpleData name="OBJECTID_1">286</SimpleData>
				<SimpleData name="Owner_Dept">Education Dept</SimpleData>
				<SimpleData name="School_Typ">3-Co-educational</SimpleData>
				<SimpleData name="Twitter_Ha">@mybmcedu</SimpleData>
				<SimpleData name="Ward">H/W -WARD</SimpleData>
				<SimpleData name="Website">education.maharashtra.gov.in/saral/27220500117</SimpleData>
			</SchemaData>
		</ExtendedData>
		<Point>
			<coordinates>72.826374,19.064258,0</coordinates>
		</Point>
	</Placemark>
	<Placemark>
		<name>AUXILIUM CONVENT SCHOOL</name>
		<visibility>0</visibility>
		<styleUrl>#mumbai_unaided_schools_style</styleUrl>
		<ExtendedData>
			<SchemaData schemaUrl="#J_mumbai_unaided_schools_SIISSSSSSISSSSS">
				<SimpleData name="Address">Auxilium Convent School</SimpleData>
				<SimpleData name="Cls_From">1</SimpleData>
				<SimpleData name="Cls_To">4</SimpleData>
				<SimpleData name="Email">auxiliumconvent.pali@gmail.com</SimpleData>
				<SimpleData name="GoogleMaps">https://www.google.com/maps/search/?api=1&amp;query=19.0616750005739,72.825837000013</SimpleData>
				<SimpleData name="Landline_1">022-26406977</SimpleData>
				<SimpleData name="Lat">19.0616750005739</SimpleData>
				<SimpleData name="Long">72.825837000013</SimpleData>
				<SimpleData name="Name">AUXILIUM CONVENT SCHOOL</SimpleData>
				<SimpleData name="OBJECTID_1">287</SimpleData>
				<SimpleData name="Owner_Dept">Education Dept</SimpleData>
				<SimpleData name="School_Typ">2-Girls</SimpleData>
				<SimpleData name="Twitter_Ha">@mybmcedu</SimpleData>
				<SimpleData name="Ward">H/W -WARD</SimpleData>
				<SimpleData name="Website">education.maharashtra.gov.in/saral/27220500118</SimpleData>
			</SchemaData>
		</ExtendedData>
		<Point>
			<coordinates>72.82583700000001,19.061675,0</coordinates>
		</Point>
	</Placemark>
	<Placemark>
		<name>SPRINGFIELD HIGH SCHOOL</name>
		<visibility>0</visibility>
		<styleUrl>#mumbai_unaided_schools_style</styleUrl>
		<ExtendedData>
			<SchemaData schemaUrl="#J_mumbai_unaided_schools_SIISSSSSSISSSSS">
				<SimpleData name="Address">govind patil lane,khar danda khar west</SimpleData>
				<SimpleData name="Cls_From">1</SimpleData>
				<SimpleData name="Cls_To">4</SimpleData>
				<SimpleData name="Email">rizvispringschool@gmail.com</SimpleData>
				<SimpleData name="GoogleMaps">https://www.google.com/maps/search/?api=1&amp;query=19.066292000581,72.8262850003128</SimpleData>
				<SimpleData name="Landline_1">022-26488133</SimpleData>
				<SimpleData name="Lat">19.066292000581</SimpleData>
				<SimpleData name="Long">72.8262850003128</SimpleData>
				<SimpleData name="Name">SPRINGFIELD HIGH SCHOOL</SimpleData>
				<SimpleData name="OBJECTID_1">288</SimpleData>
				<SimpleData name="Owner_Dept">Education Dept</SimpleData>
				<SimpleData name="School_Typ">3-Co-educational</SimpleData>
				<SimpleData name="Twitter_Ha">@mybmcedu</SimpleData>
				<SimpleData name="Ward">H/W -WARD</SimpleData>
				<SimpleData name="Website">www.rizvispringfieldssc.edu.in</SimpleData>
			</SchemaData>
		</ExtendedData>
		<Point>
			<coordinates>72.826285,19.066292,0</coordinates>
		</Point>
	</Placemark>
	<Placemark>
		<name>ST ELIAS HIGH SCHOOL</name>
		<visibility>0</visibility>
		<styleUrl>#mumbai_unaided_schools_style</styleUrl>
		<ExtendedData>
			<SchemaData schemaUrl="#J_mumbai_unaided_schools_SIISSSSSSISSSSS">
				<SimpleData name="Address">20th road  khar west</SimpleData>
				<SimpleData name="Cls_From">1</SimpleData>
				<SimpleData name="Cls_To">4</SimpleData>
				<SimpleData name="Email">st.eliasprimaryschool@yahoo.in</SimpleData>
				<SimpleData name="GoogleMaps">https://www.google.com/maps/search/?api=1&amp;query=19.0739750001719,72.8275989995581</SimpleData>
				<SimpleData name="Landline_1">022-26483514</SimpleData>
				<SimpleData name="Lat">19.0739750001719</SimpleData>
				<SimpleData name="Long">72.8275989995581</SimpleData>
				<SimpleData name="Name">ST ELIAS HIGH SCHOOL</SimpleData>
				<SimpleData name="OBJECTID_1">289</SimpleData>
				<SimpleData name="Owner_Dept">Education Dept</SimpleData>
				<SimpleData name="School_Typ">3-Co-educational</SimpleData>
				<SimpleData name="Twitter_Ha">@mybmcedu</SimpleData>
				<SimpleData name="Ward">H/W -WARD</SimpleData>
				<SimpleData name="Website">st.eliashighschool.org</SimpleData>
			</SchemaData>
		</ExtendedData>
		<Point>
			<coordinates>72.82759900000001,19.073975,0</coordinates>
		</Point>
	</Placemark>
	<Placemark>
		<name>GURU HARKRISHAN HIGH SCHOOL</name>
		<visibility>0</visibility>
		<styleUrl>#mumbai_unaided_schools_style</styleUrl>
		<ExtendedData>
			<SchemaData schemaUrl="#J_mumbai_unaided_schools_SIISSSSSSISSSSS">
				<SimpleData name="Address">17th Road North Avenue Santacruz west Mumbai 400 054</SimpleData>
				<SimpleData name="Cls_From">1</SimpleData>
				<SimpleData name="Cls_To">4</SimpleData>
				<SimpleData name="Email">ghkprimary@gmail.com</SimpleData>
				<SimpleData name="GoogleMaps">https://www.google.com/maps/search/?api=1&amp;query=19.0750099997887,72.8380250004899</SimpleData>
				<SimpleData name="Landline_1">022-26047978</SimpleData>
				<SimpleData name="Lat">19.0750099997887</SimpleData>
				<SimpleData name="Long">72.8380250004899</SimpleData>
				<SimpleData name="Name">GURU HARKRISHAN HIGH SCHOOL</SimpleData>
				<SimpleData name="OBJECTID_1">290</SimpleData>
				<SimpleData name="Owner_Dept">Education Dept</SimpleData>
				<SimpleData name="School_Typ">3-Co-educational</SimpleData>
				<SimpleData name="Twitter_Ha">@mybmcedu</SimpleData>
				<SimpleData name="Ward">H/W -WARD</SimpleData>
				<SimpleData name="Website"> </SimpleData>
			</SchemaData>
		</ExtendedData>
		<Point>
			<coordinates>72.838025,19.07501,0</coordinates>
		</Point>
	</Placemark>
	<Placemark>
		<name>ROSE MANOR GARDEN SCHOOL</name>
		<visibility>0</visibility>
		<styleUrl>#mumbai_unaided_schools_style</styleUrl>
		<ExtendedData>
			<SchemaData schemaUrl="#J_mumbai_unaided_schools_SIISSSSSSISSSSS">
				<SimpleData name="Address">Central Avenue, santa Cruz West Mumbai 400 054</SimpleData>
				<SimpleData name="Cls_From">1</SimpleData>
				<SimpleData name="Cls_To">4</SimpleData>
				<SimpleData name="Email">rosemanor_school@yahoo.co.in</SimpleData>
				<SimpleData name="GoogleMaps">https://www.google.com/maps/search/?api=1&amp;query=19.0782380001067,72.8364009995389</SimpleData>
				<SimpleData name="Landline_1">022-2641454</SimpleData>
				<SimpleData name="Lat">19.0782380001067</SimpleData>
				<SimpleData name="Long">72.8364009995389</SimpleData>
				<SimpleData name="Name">ROSE MANOR GARDEN SCHOOL</SimpleData>
				<SimpleData name="OBJECTID_1">291</SimpleData>
				<SimpleData name="Owner_Dept">Education Dept</SimpleData>
				<SimpleData name="School_Typ">3-Co-educational</SimpleData>
				<SimpleData name="Twitter_Ha">@mybmcedu</SimpleData>
				<SimpleData name="Ward">H/W -WARD</SimpleData>
				<SimpleData name="Website"> </SimpleData>
			</SchemaData>
		</ExtendedData>
		<Point>
			<coordinates>72.836401,19.078238,0</coordinates>
		</Point>
	</Placemark>
	<Placemark>
		<name>SARDAR SANT SINGH EDUCATION INSTITUTE</name>
		<visibility>0</visibility>
		<styleUrl>#mumbai_unaided_schools_style</styleUrl>
		<ExtendedData>
			<SchemaData schemaUrl="#J_mumbai_unaided_schools_SIISSSSSSISSSSS">
				<SimpleData name="Address">587-A,18th Road, Khar West Mumbai-400052</SimpleData>
				<SimpleData name="Cls_From">1</SimpleData>
				<SimpleData name="Cls_To">4</SimpleData>
				<SimpleData name="Email">sssahneyhighschool3s@yahoo.com</SimpleData>
				<SimpleData name="GoogleMaps">https://www.google.com/maps/search/?api=1&amp;query=19.0756539998227,72.8291929998971</SimpleData>
				<SimpleData name="Landline_1">022-26044571</SimpleData>
				<SimpleData name="Lat">19.0756539998227</SimpleData>
				<SimpleData name="Long">72.8291929998971</SimpleData>
				<SimpleData name="Name">SARDAR SANT SINGH EDUCATION INSTITUTE</SimpleData>
				<SimpleData name="OBJECTID_1">292</SimpleData>
				<SimpleData name="Owner_Dept">Education Dept</SimpleData>
				<SimpleData name="School_Typ">3-Co-educational</SimpleData>
				<SimpleData name="Twitter_Ha">@mybmcedu</SimpleData>
				<SimpleData name="Ward">H/W -WARD</SimpleData>
				<SimpleData name="Website">www.sssahneyhighschool.com</SimpleData>
			</SchemaData>
		</ExtendedData>
		<Point>
			<coordinates>72.829193,19.075654,0</coordinates>
		</Point>
	</Placemark>
	<Placemark>
		<name>G. A. KULKARNI ENGLISH PRIMARY</name>
		<visibility>0</visibility>
		<styleUrl>#mumbai_unaided_schools_style</styleUrl>
		<ExtendedData>
			<SchemaData schemaUrl="#J_mumbai_unaided_schools_SIISSSSSSISSSSS">
				<SimpleData name="Address">16th Road, Khar West Mumbai 52</SimpleData>
				<SimpleData name="Cls_From">1</SimpleData>
				<SimpleData name="Cls_To">4</SimpleData>
				<SimpleData name="Email">gakulkarnischool@gmail.com</SimpleData>
				<SimpleData name="GoogleMaps">https://www.google.com/maps/search/?api=1&amp;query=19.0750070002525,72.8300930007078</SimpleData>
				<SimpleData name="Landline_1">022-26461544</SimpleData>
				<SimpleData name="Lat">19.0750070002525</SimpleData>
				<SimpleData name="Long">72.8300930007078</SimpleData>
				<SimpleData name="Name">G. A. KULKARNI ENGLISH PRIMARY</SimpleData>
				<SimpleData name="OBJECTID_1">293</SimpleData>
				<SimpleData name="Owner_Dept">Education Dept</SimpleData>
				<SimpleData name="School_Typ">3-Co-educational</SimpleData>
				<SimpleData name="Twitter_Ha">@mybmcedu</SimpleData>
				<SimpleData name="Ward">H/W -WARD</SimpleData>
				<SimpleData name="Website">education.maharashtra.gov.in/saral/27220500133</SimpleData>
			</SchemaData>
		</ExtendedData>
		<Point>
			<coordinates>72.83009300000001,19.075007,0</coordinates>
		</Point>
	</Placemark>
	<Placemark>
		<name>ST LAWRENCE HIGH SCHOOL</name>
		<visibility>0</visibility>
		<styleUrl>#mumbai_unaided_schools_style</styleUrl>
		<ExtendedData>
			<SchemaData schemaUrl="#J_mumbai_unaided_schools_SIISSSSSSISSSSS">
				<SimpleData name="Address">LINKING ROAD, SANTACRUZ WEST</SimpleData>
				<SimpleData name="Cls_From">1</SimpleData>
				<SimpleData name="Cls_To">4</SimpleData>
				<SimpleData name="Email">lawrence_school@yahoo.com</SimpleData>
				<SimpleData name="GoogleMaps">https://www.google.com/maps/search/?api=1&amp;query=19.0824010005328,72.8342889999889</SimpleData>
				<SimpleData name="Landline_1">022-26602622</SimpleData>
				<SimpleData name="Lat">19.0824010005328</SimpleData>
				<SimpleData name="Long">72.8342889999889</SimpleData>
				<SimpleData name="Name">ST LAWRENCE HIGH SCHOOL</SimpleData>
				<SimpleData name="OBJECTID_1">294</SimpleData>
				<SimpleData name="Owner_Dept">Education Dept</SimpleData>
				<SimpleData name="School_Typ">3-Co-educational</SimpleData>
				<SimpleData name="Twitter_Ha">@mybmcedu</SimpleData>
				<SimpleData name="Ward">H/W -WARD</SimpleData>
				<SimpleData name="Website"> </SimpleData>
			</SchemaData>
		</ExtendedData>
		<Point>
			<coordinates>72.834289,19.082401,0</coordinates>
		</Point>
	</Placemark>
	<Placemark>
		<name>ST TERESAS CONVENT HIGH SCHOOL</name>
		<visibility>0</visibility>
		<styleUrl>#mumbai_unaided_schools_style</styleUrl>
		<ExtendedData>
			<SchemaData schemaUrl="#J_mumbai_unaided_schools_SIISSSSSSISSSSS">
				<SimpleData name="Address">S V ROAD SANTACRUZ  WEST MUMBAI 54</SimpleData>
				<SimpleData name="Cls_From">1</SimpleData>
				<SimpleData name="Cls_To">4</SimpleData>
				<SimpleData name="Email">teresianconventschool@gmail.com</SimpleData>
				<SimpleData name="GoogleMaps">https://www.google.com/maps/search/?api=1&amp;query=19.07687499945,72.838629999709</SimpleData>
				<SimpleData name="Landline_1">022-26492426</SimpleData>
				<SimpleData name="Lat">19.07687499945</SimpleData>
				<SimpleData name="Long">72.838629999709</SimpleData>
				<SimpleData name="Name">ST TERESAS CONVENT HIGH SCHOOL</SimpleData>
				<SimpleData name="OBJECTID_1">295</SimpleData>
				<SimpleData name="Owner_Dept">Education Dept</SimpleData>
				<SimpleData name="School_Typ">2-Girls</SimpleData>
				<SimpleData name="Twitter_Ha">@mybmcedu</SimpleData>
				<SimpleData name="Ward">H/W -WARD</SimpleData>
				<SimpleData name="Website">education.maharahstra.gov.in/saral/27220500145</SimpleData>
			</SchemaData>
		</ExtendedData>
		<Point>
			<coordinates>72.83862999999999,19.076875,0</coordinates>
		</Point>
	</Placemark>
	<Placemark>
		<name>HOLY CROSS HIGH SCHOOL</name>
		<visibility>0</visibility>
		<styleUrl>#mumbai_unaided_schools_style</styleUrl>
		<ExtendedData>
			<SchemaData schemaUrl="#J_mumbai_unaided_schools_SIISSSSSSISSSSS">
				<SimpleData name="Address">H B GAWDE MARG JUHU KOLIWADA JUHU TARA ROAD SANTACRUZ WEST</SimpleData>
				<SimpleData name="Cls_From">1</SimpleData>
				<SimpleData name="Cls_To">4</SimpleData>
				<SimpleData name="Email">holycrosstara@gmail.com</SimpleData>
				<SimpleData name="GoogleMaps">https://www.google.com/maps/search/?api=1&amp;query=19.0839909997302,72.8266439995992</SimpleData>
				<SimpleData name="Landline_1">022-26606252</SimpleData>
				<SimpleData name="Lat">19.0839909997302</SimpleData>
				<SimpleData name="Long">72.8266439995992</SimpleData>
				<SimpleData name="Name">HOLY CROSS HIGH SCHOOL</SimpleData>
				<SimpleData name="OBJECTID_1">296</SimpleData>
				<SimpleData name="Owner_Dept">Education Dept</SimpleData>
				<SimpleData name="School_Typ">3-Co-educational</SimpleData>
				<SimpleData name="Twitter_Ha">@mybmcedu</SimpleData>
				<SimpleData name="Ward">H/W -WARD</SimpleData>
				<SimpleData name="Website"> </SimpleData>
			</SchemaData>
		</ExtendedData>
		<Point>
			<coordinates>72.826644,19.083991,0</coordinates>
		</Point>
	</Placemark>
	<Placemark>
		<name>LITTLE ANGELS ENG SCHOOL</name>
		<visibility>0</visibility>
		<styleUrl>#mumbai_unaided_schools_style</styleUrl>
		<ExtendedData>
			<SchemaData schemaUrl="#J_mumbai_unaided_schools_SIISSSSSSISSSSS">
				<SimpleData name="Address">C/o. Ground Floor , Tanklane Mun. School, Santacruz west ,Mumbai-400054</SimpleData>
				<SimpleData name="Cls_From">1</SimpleData>
				<SimpleData name="Cls_To">4</SimpleData>
				<SimpleData name="Email">littleangelsoc@yahoo.com</SimpleData>
				<SimpleData name="GoogleMaps">https://www.google.com/maps/search/?api=1&amp;query=19.080221000101,72.8403719998934</SimpleData>
				<SimpleData name="Landline_1">022-26050077</SimpleData>
				<SimpleData name="Lat">19.080221000101</SimpleData>
				<SimpleData name="Long">72.8403719998934</SimpleData>
				<SimpleData name="Name">LITTLE ANGELS ENG SCHOOL</SimpleData>
				<SimpleData name="OBJECTID_1">297</SimpleData>
				<SimpleData name="Owner_Dept">Education Dept</SimpleData>
				<SimpleData name="School_Typ">3-Co-educational</SimpleData>
				<SimpleData name="Twitter_Ha">@mybmcedu</SimpleData>
				<SimpleData name="Ward">H/W -WARD</SimpleData>
				<SimpleData name="Website">education.maharashtara.gov.in/saral/27220500147</SimpleData>
			</SchemaData>
		</ExtendedData>
		<Point>
			<coordinates>72.840372,19.080221,0</coordinates>
		</Point>
	</Placemark>
	<Placemark>
		<name>MALATI JAYANT DALAL PRIMARY SCHOOL</name>
		<visibility>0</visibility>
		<styleUrl>#mumbai_unaided_schools_style</styleUrl>
		<ExtendedData>
			<SchemaData schemaUrl="#J_mumbai_unaided_schools_SIISSSSSSISSSSS">
				<SimpleData name="Address">Juhu Road, Off Relief Road, Santacruz West</SimpleData>
				<SimpleData name="Cls_From">1</SimpleData>
				<SimpleData name="Cls_To">4</SimpleData>
				<SimpleData name="Email">office.primaryschool@sesmumbai.org</SimpleData>
				<SimpleData name="GoogleMaps">https://www.google.com/maps/search/?api=1&amp;query=19.0861219999421,72.8322370004976</SimpleData>
				<SimpleData name="Landline_1">022-26607678</SimpleData>
				<SimpleData name="Lat">19.0861219999421</SimpleData>
				<SimpleData name="Long">72.8322370004976</SimpleData>
				<SimpleData name="Name">MALATI JAYANT DALAL PRIMARY SCHOOL</SimpleData>
				<SimpleData name="OBJECTID_1">298</SimpleData>
				<SimpleData name="Owner_Dept">Education Dept</SimpleData>
				<SimpleData name="School_Typ">3-Co-educational</SimpleData>
				<SimpleData name="Twitter_Ha">@mybmcedu</SimpleData>
				<SimpleData name="Ward">H/W -WARD</SimpleData>
				<SimpleData name="Website">www.sesmumbai.org</SimpleData>
			</SchemaData>
		</ExtendedData>
		<Point>
			<coordinates>72.83223700000001,19.086122,0</coordinates>
		</Point>
	</Placemark>
	<Placemark>
		<name>SACRED HEART BOYS HIGH SCHOOL</name>
		<visibility>0</visibility>
		<styleUrl>#mumbai_unaided_schools_style</styleUrl>
		<ExtendedData>
			<SchemaData schemaUrl="#J_mumbai_unaided_schools_SIISSSSSSISSSSS">
				<SimpleData name="Address">LINK ROAD SANTACRUZ WEST MUMBAI</SimpleData>
				<SimpleData name="Cls_From">1</SimpleData>
				<SimpleData name="Cls_To">4</SimpleData>
				<SimpleData name="Email">h21sacredheart@gmail.com</SimpleData>
				<SimpleData name="GoogleMaps">https://www.google.com/maps/search/?api=1&amp;query=19.0738889996253,72.8383180001879</SimpleData>
				<SimpleData name="Landline_1">022-26481912</SimpleData>
				<SimpleData name="Lat">19.0738889996253</SimpleData>
				<SimpleData name="Long">72.8383180001879</SimpleData>
				<SimpleData name="Name">SACRED HEART BOYS HIGH SCHOOL</SimpleData>
				<SimpleData name="OBJECTID_1">299</SimpleData>
				<SimpleData name="Owner_Dept">Education Dept</SimpleData>
				<SimpleData name="School_Typ">1-Boys</SimpleData>
				<SimpleData name="Twitter_Ha">@mybmcedu</SimpleData>
				<SimpleData name="Ward">H/W -WARD</SimpleData>
				<SimpleData name="Website">education.maharashtra.gov.in/saral/27220500149</SimpleData>
			</SchemaData>
		</ExtendedData>
		<Point>
			<coordinates>72.838318,19.073889,0</coordinates>
		</Point>
	</Placemark>
	<Placemark>
		<name>ANANDILAL PODAR HIGH SCHOOL</name>
		<visibility>0</visibility>
		<styleUrl>#mumbai_unaided_schools_style</styleUrl>
		<ExtendedData>
			<SchemaData schemaUrl="#J_mumbai_unaided_schools_SIISSSSSSISSSSS">
				<SimpleData name="Address">S V ROAD,SANTACRUZ WEST.MUMBAI-400054</SimpleData>
				<SimpleData name="Cls_From">1</SimpleData>
				<SimpleData name="Cls_To">4</SimpleData>
				<SimpleData name="Email">principal.sscmumbai@podar.org</SimpleData>
				<SimpleData name="GoogleMaps">https://www.google.com/maps/search/?api=1&amp;query=19.081298999576,72.8364510007662</SimpleData>
				<SimpleData name="Landline_1">022-67111111</SimpleData>
				<SimpleData name="Lat">19.081298999576</SimpleData>
				<SimpleData name="Long">72.8364510007662</SimpleData>
				<SimpleData name="Name">ANANDILAL PODAR HIGH SCHOOL</SimpleData>
				<SimpleData name="OBJECTID_1">300</SimpleData>
				<SimpleData name="Owner_Dept">Education Dept</SimpleData>
				<SimpleData name="School_Typ">3-Co-educational</SimpleData>
				<SimpleData name="Twitter_Ha">@mybmcedu</SimpleData>
				<SimpleData name="Ward">H/W -WARD</SimpleData>
				<SimpleData name="Website">www.podarintl-ssc.com</SimpleData>
			</SchemaData>
		</ExtendedData>
		<Point>
			<coordinates>72.836451,19.081299,0</coordinates>
		</Point>
	</Placemark>
	<Placemark>
		<name>ST. THERESA&apos;S BOYS HIGH SCHOOL</name>
		<visibility>0</visibility>
		<styleUrl>#mumbai_unaided_schools_style</styleUrl>
		<ExtendedData>
			<SchemaData schemaUrl="#J_mumbai_unaided_schools_SIISSSSSSISSSSS">
				<SimpleData name="Address">TTPS III, 30th Rd, Bandra west, Mumbai 400050</SimpleData>
				<SimpleData name="Cls_From">1</SimpleData>
				<SimpleData name="Cls_To">4</SimpleData>
				<SimpleData name="Email">tereznboyz@gmail.com</SimpleData>
				<SimpleData name="GoogleMaps">https://www.google.com/maps/search/?api=1&amp;query=19.0629190002743,72.8332270001819</SimpleData>
				<SimpleData name="Landline_1">022-26412417</SimpleData>
				<SimpleData name="Lat">19.0629190002743</SimpleData>
				<SimpleData name="Long">72.8332270001819</SimpleData>
				<SimpleData name="Name">ST. THERESA&apos;S BOYS HIGH SCHOOL</SimpleData>
				<SimpleData name="OBJECTID_1">301</SimpleData>
				<SimpleData name="Owner_Dept">Education Dept</SimpleData>
				<SimpleData name="School_Typ">1-Boys</SimpleData>
				<SimpleData name="Twitter_Ha">@mybmcedu</SimpleData>
				<SimpleData name="Ward">H/W -WARD</SimpleData>
				<SimpleData name="Website">theresianboyz.in</SimpleData>
			</SchemaData>
		</ExtendedData>
		<Point>
			<coordinates>72.83322699999999,19.062919,0</coordinates>
		</Point>
	</Placemark>
	<Placemark>
		<name>B. L. AGARWAL ENGLISH PRIMARY SCHOOL</name>
		<visibility>0</visibility>
		<styleUrl>#mumbai_unaided_schools_style</styleUrl>
		<ExtendedData>
			<SchemaData schemaUrl="#J_mumbai_unaided_schools_SIISSSSSSISSSSS">
				<SimpleData name="Address">Dr K B HEDGEWAR MARG, OFF LINKING ROAD, BANDRA WEST-MUMBAI-400050</SimpleData>
				<SimpleData name="Cls_From">1</SimpleData>
				<SimpleData name="Cls_To">4</SimpleData>
				<SimpleData name="Email">bandrahindu@gmail.com</SimpleData>
				<SimpleData name="GoogleMaps">https://www.google.com/maps/search/?api=1&amp;query=19.0622570006336,72.8350099993604</SimpleData>
				<SimpleData name="Landline_1">022-26441094</SimpleData>
				<SimpleData name="Lat">19.0622570006336</SimpleData>
				<SimpleData name="Long">72.8350099993604</SimpleData>
				<SimpleData name="Name">B. L. AGARWAL ENGLISH PRIMARY SCHOOL</SimpleData>
				<SimpleData name="OBJECTID_1">302</SimpleData>
				<SimpleData name="Owner_Dept">Education Dept</SimpleData>
				<SimpleData name="School_Typ">3-Co-educational</SimpleData>
				<SimpleData name="Twitter_Ha">@mybmcedu</SimpleData>
				<SimpleData name="Ward">H/W -WARD</SimpleData>
				<SimpleData name="Website"> </SimpleData>
			</SchemaData>
		</ExtendedData>
		<Point>
			<coordinates>72.83501,19.062257,0</coordinates>
		</Point>
	</Placemark>
	<Placemark>
		<name>DURUELO CONVENT HIGH SCHOOL</name>
		<visibility>0</visibility>
		<styleUrl>#mumbai_unaided_schools_style</styleUrl>
		<ExtendedData>
			<SchemaData schemaUrl="#J_mumbai_unaided_schools_SIISSSSSSISSSSS">
				<SimpleData name="Address">24th Road TPS III Bandra West</SimpleData>
				<SimpleData name="Cls_From">1</SimpleData>
				<SimpleData name="Cls_To">4</SimpleData>
				<SimpleData name="Email">duruoprimaryschool@gmail.com</SimpleData>
				<SimpleData name="GoogleMaps">https://www.google.com/maps/search/?api=1&amp;query=19.0607350000311,72.8327279995038</SimpleData>
				<SimpleData name="Landline_1">022-26401146</SimpleData>
				<SimpleData name="Lat">19.0607350000311</SimpleData>
				<SimpleData name="Long">72.8327279995038</SimpleData>
				<SimpleData name="Name">DURUELO CONVENT HIGH SCHOOL</SimpleData>
				<SimpleData name="OBJECTID_1">303</SimpleData>
				<SimpleData name="Owner_Dept">Education Dept</SimpleData>
				<SimpleData name="School_Typ">2-Girls</SimpleData>
				<SimpleData name="Twitter_Ha">@mybmcedu</SimpleData>
				<SimpleData name="Ward">H/W -WARD</SimpleData>
				<SimpleData name="Website">education.maharashtra.gov.in/saral/27220500166</SimpleData>
			</SchemaData>
		</ExtendedData>
		<Point>
			<coordinates>72.832728,19.060735,0</coordinates>
		</Point>
	</Placemark>
	<Placemark>
		<name>SHREE M M PUPILS OWN SCHOOL</name>
		<visibility>0</visibility>
		<styleUrl>#mumbai_unaided_schools_style</styleUrl>
		<ExtendedData>
			<SchemaData schemaUrl="#J_mumbai_unaided_schools_SIISSSSSSISSSSS">
				<SimpleData name="Address">S V ROAD KHAR WEST MUMBAI 400 052</SimpleData>
				<SimpleData name="Cls_From">1</SimpleData>
				<SimpleData name="Cls_To">4</SimpleData>
				<SimpleData name="Email">mmposo7@gmail.com</SimpleData>
				<SimpleData name="GoogleMaps">https://www.google.com/maps/search/?api=1&amp;query=19.072369000003,72.8374160001002</SimpleData>
				<SimpleData name="Landline_1">022-61331705</SimpleData>
				<SimpleData name="Lat">19.072369000003</SimpleData>
				<SimpleData name="Long">72.8374160001002</SimpleData>
				<SimpleData name="Name">SHREE M M PUPILS OWN SCHOOL</SimpleData>
				<SimpleData name="OBJECTID_1">304</SimpleData>
				<SimpleData name="Owner_Dept">Education Dept</SimpleData>
				<SimpleData name="School_Typ">3-Co-educational</SimpleData>
				<SimpleData name="Twitter_Ha">@mybmcedu</SimpleData>
				<SimpleData name="Ward">H/W -WARD</SimpleData>
				<SimpleData name="Website">education.maharashtra.gov.in/saral/27220500178</SimpleData>
			</SchemaData>
		</ExtendedData>
		<Point>
			<coordinates>72.837416,19.072369,0</coordinates>
		</Point>
	</Placemark>
	<Placemark>
		<name>SHREE MUMBADEVI VIDYAMANDIR</name>
		<visibility>0</visibility>
		<styleUrl>#mumbai_unaided_schools_style</styleUrl>
		<ExtendedData>
			<SchemaData schemaUrl="#J_mumbai_unaided_schools_SIISSSSSSISSSSS">
				<SimpleData name="Address">Plot no 872 B   S V Road  Khar west  Mumbai   400052</SimpleData>
				<SimpleData name="Cls_From">1</SimpleData>
				<SimpleData name="Cls_To">4</SimpleData>
				<SimpleData name="Email">kes_smvm@rediffmail.com</SimpleData>
				<SimpleData name="GoogleMaps">https://www.google.com/maps/search/?api=1&amp;query=19.0718870004628,72.8391519998992</SimpleData>
				<SimpleData name="Landline_1">022-61331726</SimpleData>
				<SimpleData name="Lat">19.0718870004628</SimpleData>
				<SimpleData name="Long">72.8391519998992</SimpleData>
				<SimpleData name="Name">SHREE MUMBADEVI VIDYAMANDIR</SimpleData>
				<SimpleData name="OBJECTID_1">305</SimpleData>
				<SimpleData name="Owner_Dept">Education Dept</SimpleData>
				<SimpleData name="School_Typ">3-Co-educational</SimpleData>
				<SimpleData name="Twitter_Ha">@mybmcedu</SimpleData>
				<SimpleData name="Ward">H/W -WARD</SimpleData>
				<SimpleData name="Website"> </SimpleData>
			</SchemaData>
		</ExtendedData>
		<Point>
			<coordinates>72.839152,19.071887,0</coordinates>
		</Point>
	</Placemark>
	<Placemark>
		<name>SMT. MADHUKANTA GUNVANT SHETH ENGLISH SCHOOL</name>
		<visibility>0</visibility>
		<styleUrl>#mumbai_unaided_schools_style</styleUrl>
		<ExtendedData>
			<SchemaData schemaUrl="#J_mumbai_unaided_schools_SIISSSSSSISSSSS">
				<SimpleData name="Address">Plot no 5 T P S 6 Sane Guruji Marg Off S V Road Santacruz W Mumbai 400 054</SimpleData>
				<SimpleData name="Cls_From">1</SimpleData>
				<SimpleData name="Cls_To">5</SimpleData>
				<SimpleData name="Email">smgses@gmail.com</SimpleData>
				<SimpleData name="GoogleMaps">https://www.google.com/maps/search/?api=1&amp;query=19.0895360003267,72.8367160003843</SimpleData>
				<SimpleData name="Landline_1">022-26603327</SimpleData>
				<SimpleData name="Lat">19.0895360003267</SimpleData>
				<SimpleData name="Long">72.8367160003843</SimpleData>
				<SimpleData name="Name">SMT. MADHUKANTA GUNVANT SHETH ENGLISH SCHOOL</SimpleData>
				<SimpleData name="OBJECTID_1">306</SimpleData>
				<SimpleData name="Owner_Dept">Education Dept</SimpleData>
				<SimpleData name="School_Typ">3-Co-educational</SimpleData>
				<SimpleData name="Twitter_Ha">@mybmcedu</SimpleData>
				<SimpleData name="Ward">H/W -WARD</SimpleData>
				<SimpleData name="Website"> </SimpleData>
			</SchemaData>
		</ExtendedData>
		<Point>
			<coordinates>72.836716,19.089536,0</coordinates>
		</Point>
	</Placemark>
	<Placemark>
		<name>BANDRA CRESCENT ENGLISH SCHOOL</name>
		<visibility>0</visibility>
		<styleUrl>#mumbai_unaided_schools_style</styleUrl>
		<ExtendedData>
			<SchemaData schemaUrl="#J_mumbai_unaided_schools_SIISSSSSSISSSSS">
				<SimpleData name="Address">Bandra west st martins rd</SimpleData>
				<SimpleData name="Cls_From">1</SimpleData>
				<SimpleData name="Cls_To">4</SimpleData>
				<SimpleData name="Email">crescent@bkjmosquetrust.in</SimpleData>
				<SimpleData name="GoogleMaps">https://www.google.com/maps/search/?api=1&amp;query=19.068482999494,72.843064999843</SimpleData>
				<SimpleData name="Landline_1">022-0</SimpleData>
				<SimpleData name="Lat">19.068482999494</SimpleData>
				<SimpleData name="Long">72.843064999843</SimpleData>
				<SimpleData name="Name">BANDRA CRESCENT ENGLISH SCHOOL</SimpleData>
				<SimpleData name="OBJECTID_1">307</SimpleData>
				<SimpleData name="Owner_Dept">Education Dept</SimpleData>
				<SimpleData name="School_Typ">1-Boys</SimpleData>
				<SimpleData name="Twitter_Ha">@mybmcedu</SimpleData>
				<SimpleData name="Ward">H/W -WARD</SimpleData>
				<SimpleData name="Website">www.bandracrescent.com</SimpleData>
			</SchemaData>
		</ExtendedData>
		<Point>
			<coordinates>72.843065,19.068483,0</coordinates>
		</Point>
	</Placemark>
	<Placemark>
		<name>St.Aloysius Night High School</name>
		<visibility>0</visibility>
		<styleUrl>#mumbai_unaided_schools_style</styleUrl>
		<ExtendedData>
			<SchemaData schemaUrl="#J_mumbai_unaided_schools_SIISSSSSSISSSSS">
				<SimpleData name="Address">81 A CHAPEL ROAD BANDRA W</SimpleData>
				<SimpleData name="Cls_From">1</SimpleData>
				<SimpleData name="Cls_To">8</SimpleData>
				<SimpleData name="Email"> </SimpleData>
				<SimpleData name="GoogleMaps">https://www.google.com/maps/search/?api=1&amp;query=19.068482999494,72.843064999843</SimpleData>
				<SimpleData name="Landline_1">022-0</SimpleData>
				<SimpleData name="Lat">19.068482999494</SimpleData>
				<SimpleData name="Long">72.843064999843</SimpleData>
				<SimpleData name="Name">St.Aloysius Night High School</SimpleData>
				<SimpleData name="OBJECTID_1">308</SimpleData>
				<SimpleData name="Owner_Dept">Education Dept</SimpleData>
				<SimpleData name="School_Typ">3-Co-educational</SimpleData>
				<SimpleData name="Twitter_Ha">@mybmcedu</SimpleData>
				<SimpleData name="Ward">H/W -WARD</SimpleData>
				<SimpleData name="Website"> </SimpleData>
			</SchemaData>
		</ExtendedData>
		<Point>
			<coordinates>72.843065,19.068483,0</coordinates>
		</Point>
	</Placemark>
	<Placemark>
		<name>NATIONAL GIRLS HIGH SCHOOL</name>
		<visibility>0</visibility>
		<styleUrl>#mumbai_unaided_schools_style</styleUrl>
		<ExtendedData>
			<SchemaData schemaUrl="#J_mumbai_unaided_schools_SIISSSSSSISSSSS">
				<SimpleData name="Address">Kher Nagar Bandra West</SimpleData>
				<SimpleData name="Cls_From">1</SimpleData>
				<SimpleData name="Cls_To">4</SimpleData>
				<SimpleData name="Email">nationalbandra@gmail.com</SimpleData>
				<SimpleData name="GoogleMaps">https://www.google.com/maps/search/?api=1&amp;query=19.055489000007,72.8433220001305</SimpleData>
				<SimpleData name="Landline_1">022-26474019</SimpleData>
				<SimpleData name="Lat">19.055489000007</SimpleData>
				<SimpleData name="Long">72.8433220001305</SimpleData>
				<SimpleData name="Name">NATIONAL GIRLS HIGH SCHOOL</SimpleData>
				<SimpleData name="OBJECTID_1">309</SimpleData>
				<SimpleData name="Owner_Dept">Education Dept</SimpleData>
				<SimpleData name="School_Typ">2-Girls</SimpleData>
				<SimpleData name="Twitter_Ha">@mybmcedu</SimpleData>
				<SimpleData name="Ward">H/E -WARD</SimpleData>
				<SimpleData name="Website"> </SimpleData>
			</SchemaData>
		</ExtendedData>
		<Point>
			<coordinates>72.843322,19.055489,0</coordinates>
		</Point>
	</Placemark>
	<Placemark>
		<name>NAVA KARNATAKA SANGHA SCHOOL BANDRA</name>
		<visibility>0</visibility>
		<styleUrl>#mumbai_unaided_schools_style</styleUrl>
		<ExtendedData>
			<SchemaData schemaUrl="#J_mumbai_unaided_schools_SIISSSSSSISSSSS">
				<SimpleData name="Address">K B Kotian Marg Khernagar Bandra East Mumbai 400051</SimpleData>
				<SimpleData name="Cls_From">1</SimpleData>
				<SimpleData name="Cls_To">4</SimpleData>
				<SimpleData name="Email">nkschool1965@gmail.com</SimpleData>
				<SimpleData name="GoogleMaps">https://www.google.com/maps/search/?api=1&amp;query=19.058626000103,72.8442719997952</SimpleData>
				<SimpleData name="Landline_1">022-26471413</SimpleData>
				<SimpleData name="Lat">19.058626000103</SimpleData>
				<SimpleData name="Long">72.8442719997952</SimpleData>
				<SimpleData name="Name">NAVA KARNATAKA SANGHA SCHOOL BANDRA</SimpleData>
				<SimpleData name="OBJECTID_1">310</SimpleData>
				<SimpleData name="Owner_Dept">Education Dept</SimpleData>
				<SimpleData name="School_Typ">3-Co-educational</SimpleData>
				<SimpleData name="Twitter_Ha">@mybmcedu</SimpleData>
				<SimpleData name="Ward">H/E -WARD</SimpleData>
				<SimpleData name="Website"> </SimpleData>
			</SchemaData>
		</ExtendedData>
		<Point>
			<coordinates>72.844272,19.058626,0</coordinates>
		</Point>
	</Placemark>
	<Placemark>
		<name>I.E.S. NEW ENGLISH PRIMARY SCHOOL</name>
		<visibility>0</visibility>
		<styleUrl>#mumbai_unaided_schools_style</styleUrl>
		<ExtendedData>
			<SchemaData schemaUrl="#J_mumbai_unaided_schools_SIISSSSSSISSSSS">
				<SimpleData name="Address">Government colony, Bandra east</SimpleData>
				<SimpleData name="Cls_From">1</SimpleData>
				<SimpleData name="Cls_To">4</SimpleData>
				<SimpleData name="Email">nes.primary@ies.edu</SimpleData>
				<SimpleData name="GoogleMaps">https://www.google.com/maps/search/?api=1&amp;query=19.067252000565,72.8496100006577</SimpleData>
				<SimpleData name="Landline_1">022-26571174</SimpleData>
				<SimpleData name="Lat">19.067252000565</SimpleData>
				<SimpleData name="Long">72.8496100006577</SimpleData>
				<SimpleData name="Name">I.E.S. NEW ENGLISH PRIMARY SCHOOL</SimpleData>
				<SimpleData name="OBJECTID_1">311</SimpleData>
				<SimpleData name="Owner_Dept">Education Dept</SimpleData>
				<SimpleData name="School_Typ">3-Co-educational</SimpleData>
				<SimpleData name="Twitter_Ha">@mybmcedu</SimpleData>
				<SimpleData name="Ward">H/E -WARD</SimpleData>
				<SimpleData name="Website"> </SimpleData>
			</SchemaData>
		</ExtendedData>
		<Point>
			<coordinates>72.84961,19.067252,0</coordinates>
		</Point>
	</Placemark>
	<Placemark>
		<name>PURUSHOTTAM HIGH SCHOOL BANDRA</name>
		<visibility>0</visibility>
		<styleUrl>#mumbai_unaided_schools_style</styleUrl>
		<ExtendedData>
			<SchemaData schemaUrl="#J_mumbai_unaided_schools_SIISSSSSSISSSSS">
				<SimpleData name="Address">Kher Nagar Bandra East Mumbai</SimpleData>
				<SimpleData name="Cls_From">1</SimpleData>
				<SimpleData name="Cls_To">4</SimpleData>
				<SimpleData name="Email">purushottamhighschool@rediffmail.com</SimpleData>
				<SimpleData name="GoogleMaps">https://www.google.com/maps/search/?api=1&amp;query=18.9671039996265,72.8284080000898</SimpleData>
				<SimpleData name="Landline_1">022-26471413</SimpleData>
				<SimpleData name="Lat">18.9671039996265</SimpleData>
				<SimpleData name="Long">72.8284080000898</SimpleData>
				<SimpleData name="Name">PURUSHOTTAM HIGH SCHOOL BANDRA</SimpleData>
				<SimpleData name="OBJECTID_1">312</SimpleData>
				<SimpleData name="Owner_Dept">Education Dept</SimpleData>
				<SimpleData name="School_Typ">3-Co-educational</SimpleData>
				<SimpleData name="Twitter_Ha">@mybmcedu</SimpleData>
				<SimpleData name="Ward">H/E -WARD</SimpleData>
				<SimpleData name="Website">www.purushottamhighschool.com</SimpleData>
			</SchemaData>
		</ExtendedData>
		<Point>
			<coordinates>72.828408,18.967104,0</coordinates>
		</Point>
	</Placemark>
	<Placemark>
		<name>CARDINAL GRACIAS HIGH SCHOOL</name>
		<visibility>0</visibility>
		<styleUrl>#mumbai_unaided_schools_style</styleUrl>
		<ExtendedData>
			<SchemaData schemaUrl="#J_mumbai_unaided_schools_SIISSSSSSISSSSS">
				<SimpleData name="Address">Bandra kurla Complex Bandra east</SimpleData>
				<SimpleData name="Cls_From">1</SimpleData>
				<SimpleData name="Cls_To">4</SimpleData>
				<SimpleData name="Email">info@cardinalgraciashighschool.org</SimpleData>
				<SimpleData name="GoogleMaps">https://www.google.com/maps/search/?api=1&amp;query=19.0671950002522,72.8475070006914</SimpleData>
				<SimpleData name="Landline_1">022-26426843</SimpleData>
				<SimpleData name="Lat">19.0671950002522</SimpleData>
				<SimpleData name="Long">72.8475070006914</SimpleData>
				<SimpleData name="Name">CARDINAL GRACIAS HIGH SCHOOL</SimpleData>
				<SimpleData name="OBJECTID_1">313</SimpleData>
				<SimpleData name="Owner_Dept">Education Dept</SimpleData>
				<SimpleData name="School_Typ">3-Co-educational</SimpleData>
				<SimpleData name="Twitter_Ha">@mybmcedu</SimpleData>
				<SimpleData name="Ward">H/E -WARD</SimpleData>
				<SimpleData name="Website">www.cardinalgraciashighschool.org</SimpleData>
			</SchemaData>
		</ExtendedData>
		<Point>
			<coordinates>72.84750699999999,19.067195,0</coordinates>
		</Point>
	</Placemark>
	<Placemark>
		<name>MARY IMMACULATE GIRLS HIGH SCHOOL</name>
		<visibility>0</visibility>
		<styleUrl>#mumbai_unaided_schools_style</styleUrl>
		<ExtendedData>
			<SchemaData schemaUrl="#J_mumbai_unaided_schools_SIISSSSSSISSSSS">
				<SimpleData name="Address">Kalina, Santacruz, Mumbai</SimpleData>
				<SimpleData name="Cls_From">1</SimpleData>
				<SimpleData name="Cls_To">4</SimpleData>
				<SimpleData name="Email">maryimmaculate_kalina@rediffmail.com</SimpleData>
				<SimpleData name="GoogleMaps">https://www.google.com/maps/search/?api=1&amp;query=19.0767049999105,72.8676559995042</SimpleData>
				<SimpleData name="Landline_1">022-26664601</SimpleData>
				<SimpleData name="Lat">19.0767049999105</SimpleData>
				<SimpleData name="Long">72.8676559995042</SimpleData>
				<SimpleData name="Name">MARY IMMACULATE GIRLS HIGH SCHOOL</SimpleData>
				<SimpleData name="OBJECTID_1">314</SimpleData>
				<SimpleData name="Owner_Dept">Education Dept</SimpleData>
				<SimpleData name="School_Typ">2-Girls</SimpleData>
				<SimpleData name="Twitter_Ha">@mybmcedu</SimpleData>
				<SimpleData name="Ward">H/E -WARD</SimpleData>
				<SimpleData name="Website">education.maharashtra.gov.in/saral/27220500261</SimpleData>
			</SchemaData>
		</ExtendedData>
		<Point>
			<coordinates>72.867656,19.076705,0</coordinates>
		</Point>
	</Placemark>
	<Placemark>
		<name>ST MARYS HIGH SCHOOL</name>
		<visibility>0</visibility>
		<styleUrl>#mumbai_unaided_schools_style</styleUrl>
		<ExtendedData>
			<SchemaData schemaUrl="#J_mumbai_unaided_schools_SIISSSSSSISSSSS">
				<SimpleData name="Address">Kalina Santacruz east Mumbai 400 029</SimpleData>
				<SimpleData name="Cls_From">1</SimpleData>
				<SimpleData name="Cls_To">4</SimpleData>
				<SimpleData name="Email">st_marys_kalina@yahoo.com</SimpleData>
				<SimpleData name="GoogleMaps">https://www.google.com/maps/search/?api=1&amp;query=19.0783289999465,72.8692100006493</SimpleData>
				<SimpleData name="Landline_1">022-26660548</SimpleData>
				<SimpleData name="Lat">19.0783289999465</SimpleData>
				<SimpleData name="Long">72.8692100006493</SimpleData>
				<SimpleData name="Name">ST MARYS HIGH SCHOOL</SimpleData>
				<SimpleData name="OBJECTID_1">315</SimpleData>
				<SimpleData name="Owner_Dept">Education Dept</SimpleData>
				<SimpleData name="School_Typ">3-Co-educational</SimpleData>
				<SimpleData name="Twitter_Ha">@mybmcedu</SimpleData>
				<SimpleData name="Ward">H/E -WARD</SimpleData>
				<SimpleData name="Website">education.maharashtra.gov.in/saral/27220500270</SimpleData>
			</SchemaData>
		</ExtendedData>
		<Point>
			<coordinates>72.86921,19.078329,0</coordinates>
		</Point>
	</Placemark>
	<Placemark>
		<name>ST ANTHONYS HIGH SCHOOL</name>
		<visibility>0</visibility>
		<styleUrl>#mumbai_unaided_schools_style</styleUrl>
		<ExtendedData>
			<SchemaData schemaUrl="#J_mumbai_unaided_schools_SIISSSSSSISSSSS">
				<SimpleData name="Address">Nehru Road,Vakola,Santacruz East</SimpleData>
				<SimpleData name="Cls_From">1</SimpleData>
				<SimpleData name="Cls_To">4</SimpleData>
				<SimpleData name="Email">stanthony_prim@rediffmail.com</SimpleData>
				<SimpleData name="GoogleMaps">https://www.google.com/maps/search/?api=1&amp;query=19.0800519995353,72.8531040005462</SimpleData>
				<SimpleData name="Landline_1">022-26672473</SimpleData>
				<SimpleData name="Lat">19.0800519995353</SimpleData>
				<SimpleData name="Long">72.8531040005462</SimpleData>
				<SimpleData name="Name">ST ANTHONYS HIGH SCHOOL</SimpleData>
				<SimpleData name="OBJECTID_1">316</SimpleData>
				<SimpleData name="Owner_Dept">Education Dept</SimpleData>
				<SimpleData name="School_Typ">1-Boys</SimpleData>
				<SimpleData name="Twitter_Ha">@mybmcedu</SimpleData>
				<SimpleData name="Ward">H/E -WARD</SimpleData>
				<SimpleData name="Website"> </SimpleData>
			</SchemaData>
		</ExtendedData>
		<Point>
			<coordinates>72.853104,19.080052,0</coordinates>
		</Point>
	</Placemark>
	<Placemark>
		<name>ST CHARLES HIGH SCHOOL</name>
		<visibility>0</visibility>
		<styleUrl>#mumbai_unaided_schools_style</styleUrl>
		<ExtendedData>
			<SchemaData schemaUrl="#J_mumbai_unaided_schools_SIISSSSSSISSSSS">
				<SimpleData name="Address">Vakola ,Santacruz East</SimpleData>
				<SimpleData name="Cls_From">1</SimpleData>
				<SimpleData name="Cls_To">4</SimpleData>
				<SimpleData name="Email">charlesprimary@yahoo.in</SimpleData>
				<SimpleData name="GoogleMaps">https://www.google.com/maps/search/?api=1&amp;query=19.0803560004591,72.8552600002853</SimpleData>
				<SimpleData name="Landline_1">022-26671450</SimpleData>
				<SimpleData name="Lat">19.0803560004591</SimpleData>
				<SimpleData name="Long">72.8552600002853</SimpleData>
				<SimpleData name="Name">ST CHARLES HIGH SCHOOL</SimpleData>
				<SimpleData name="OBJECTID_1">317</SimpleData>
				<SimpleData name="Owner_Dept">Education Dept</SimpleData>
				<SimpleData name="School_Typ">2-Girls</SimpleData>
				<SimpleData name="Twitter_Ha">@mybmcedu</SimpleData>
				<SimpleData name="Ward">H/E -WARD</SimpleData>
				<SimpleData name="Website">stcharlesvakola.com</SimpleData>
			</SchemaData>
		</ExtendedData>
		<Point>
			<coordinates>72.85526,19.080356,0</coordinates>
		</Point>
	</Placemark>
	<Placemark>
		<name>PUBLIC ENGLISH PRIMARY SCHOOL</name>
		<visibility>0</visibility>
		<styleUrl>#mumbai_unaided_schools_style</styleUrl>
		<ExtendedData>
			<SchemaData schemaUrl="#J_mumbai_unaided_schools_SIISSSSSSISSSSS">
				<SimpleData name="Address">Hind Nagar, Aaram Society Road, Vakola, Santacruz East, Mumbai - 400055</SimpleData>
				<SimpleData name="Cls_From">1</SimpleData>
				<SimpleData name="Cls_To">4</SimpleData>
				<SimpleData name="Email">hindsevaparishad@gmail.com</SimpleData>
				<SimpleData name="GoogleMaps">https://www.google.com/maps/search/?api=1&amp;query=19.0782200002605,72.8573170008238</SimpleData>
				<SimpleData name="Landline_1">022-26673171</SimpleData>
				<SimpleData name="Lat">19.0782200002605</SimpleData>
				<SimpleData name="Long">72.8573170008238</SimpleData>
				<SimpleData name="Name">PUBLIC ENGLISH PRIMARY SCHOOL</SimpleData>
				<SimpleData name="OBJECTID_1">318</SimpleData>
				<SimpleData name="Owner_Dept">Education Dept</SimpleData>
				<SimpleData name="School_Typ">3-Co-educational</SimpleData>
				<SimpleData name="Twitter_Ha">@mybmcedu</SimpleData>
				<SimpleData name="Ward">H/E -WARD</SimpleData>
				<SimpleData name="Website">education.maharashtra.gov.in/saral/27220500273</SimpleData>
			</SchemaData>
		</ExtendedData>
		<Point>
			<coordinates>72.85731699999999,19.07822,0</coordinates>
		</Point>
	</Placemark>
	<Placemark>
		<name>NEW MODEL ENGLISH PRIMARY SCHOOL</name>
		<visibility>0</visibility>
		<styleUrl>#mumbai_unaided_schools_style</styleUrl>
		<ExtendedData>
			<SchemaData schemaUrl="#J_mumbai_unaided_schools_SIISSSSSSISSSSS">
				<SimpleData name="Address">NEAR VAKOLA MASID NEHRU ROAD SANTACRUZ EAST 400055</SimpleData>
				<SimpleData name="Cls_From">1</SimpleData>
				<SimpleData name="Cls_To">4</SimpleData>
				<SimpleData name="Email">nmehsc@gmail.com</SimpleData>
				<SimpleData name="GoogleMaps">https://www.google.com/maps/search/?api=1&amp;query=19.0820380000249,72.8561390002484</SimpleData>
				<SimpleData name="Landline_1">022-26672967</SimpleData>
				<SimpleData name="Lat">19.0820380000249</SimpleData>
				<SimpleData name="Long">72.8561390002484</SimpleData>
				<SimpleData name="Name">NEW MODEL ENGLISH PRIMARY SCHOOL</SimpleData>
				<SimpleData name="OBJECTID_1">319</SimpleData>
				<SimpleData name="Owner_Dept">Education Dept</SimpleData>
				<SimpleData name="School_Typ">3-Co-educational</SimpleData>
				<SimpleData name="Twitter_Ha">@mybmcedu</SimpleData>
				<SimpleData name="Ward">H/E -WARD</SimpleData>
				<SimpleData name="Website">education.maharashtra.gov.in/saral/27220500283</SimpleData>
			</SchemaData>
		</ExtendedData>
		<Point>
			<coordinates>72.856139,19.082038,0</coordinates>
		</Point>
	</Placemark>
	<Placemark>
		<name>KUDOS KIDS PRIMARY SCHOOL</name>
		<visibility>0</visibility>
		<styleUrl>#mumbai_unaided_schools_style</styleUrl>
		<ExtendedData>
			<SchemaData schemaUrl="#J_mumbai_unaided_schools_SIISSSSSSISSSSS">
				<SimpleData name="Address">T.P.S III 11TH ROAD SANTACRUZ EAST</SimpleData>
				<SimpleData name="Cls_From">1</SimpleData>
				<SimpleData name="Cls_To">4</SimpleData>
				<SimpleData name="Email">kudoskids2009@yahoo.com</SimpleData>
				<SimpleData name="GoogleMaps">https://www.google.com/maps/search/?api=1&amp;query=19.079577000306,72.8444379998507</SimpleData>
				<SimpleData name="Landline_1">022-26136320</SimpleData>
				<SimpleData name="Lat">19.079577000306</SimpleData>
				<SimpleData name="Long">72.8444379998507</SimpleData>
				<SimpleData name="Name">KUDOS KIDS PRIMARY SCHOOL</SimpleData>
				<SimpleData name="OBJECTID_1">320</SimpleData>
				<SimpleData name="Owner_Dept">Education Dept</SimpleData>
				<SimpleData name="School_Typ">3-Co-educational</SimpleData>
				<SimpleData name="Twitter_Ha">@mybmcedu</SimpleData>
				<SimpleData name="Ward">H/E -WARD</SimpleData>
				<SimpleData name="Website">education.maharashtra.gov.in/saral/27220500288</SimpleData>
			</SchemaData>
		</ExtendedData>
		<Point>
			<coordinates>72.844438,19.079577,0</coordinates>
		</Point>
	</Placemark>
	<Placemark>
		<name>REV C F ANDREWS SCHOOL</name>
		<visibility>0</visibility>
		<styleUrl>#mumbai_unaided_schools_style</styleUrl>
		<ExtendedData>
			<SchemaData schemaUrl="#J_mumbai_unaided_schools_SIISSSSSSISSSSS">
				<SimpleData name="Address">A/3, Lyka Building, Prabhat Colony, Santacruz East, Mumbai - 400055</SimpleData>
				<SimpleData name="Cls_From">1</SimpleData>
				<SimpleData name="Cls_To">4</SimpleData>
				<SimpleData name="Email">revcfandrewsschool@yahoo.co.in</SimpleData>
				<SimpleData name="GoogleMaps">https://www.google.com/maps/search/?api=1&amp;query=19.08468996577212,72.84400619662571</SimpleData>
				<SimpleData name="Landline_1">022-26177770</SimpleData>
				<SimpleData name="Lat">19.08468996577212</SimpleData>
				<SimpleData name="Long">72.84400619662571</SimpleData>
				<SimpleData name="Name">REV C F ANDREWS SCHOOL</SimpleData>
				<SimpleData name="OBJECTID_1">321</SimpleData>
				<SimpleData name="Owner_Dept">Education Dept</SimpleData>
				<SimpleData name="School_Typ">3-Co-educational</SimpleData>
				<SimpleData name="Twitter_Ha">@mybmcedu</SimpleData>
				<SimpleData name="Ward">H/E -WARD</SimpleData>
				<SimpleData name="Website"> </SimpleData>
			</SchemaData>
		</ExtendedData>
		<Point>
			<coordinates>72.84400599999999,19.084689,0</coordinates>
		</Point>
	</Placemark>
	<Placemark>
		<name>PATUCK PRIMARY ENGLISH SCHOOL</name>
		<visibility>0</visibility>
		<styleUrl>#mumbai_unaided_schools_style</styleUrl>
		<ExtendedData>
			<SchemaData schemaUrl="#J_mumbai_unaided_schools_SIISSSSSSISSSSS">
				<SimpleData name="Address">100NehruRoadVakolaBridgeSantacruzEastMumbai400055</SimpleData>
				<SimpleData name="Cls_From">1</SimpleData>
				<SimpleData name="Cls_To">4</SimpleData>
				<SimpleData name="Email">patuckprimaryenglishschool@gmail.com</SimpleData>
				<SimpleData name="GoogleMaps">https://www.google.com/maps/search/?api=1&amp;query=19.0811720002757,72.8499900000722</SimpleData>
				<SimpleData name="Landline_1">022-26683806</SimpleData>
				<SimpleData name="Lat">19.0811720002757</SimpleData>
				<SimpleData name="Long">72.8499900000722</SimpleData>
				<SimpleData name="Name">PATUCK PRIMARY ENGLISH SCHOOL</SimpleData>
				<SimpleData name="OBJECTID_1">322</SimpleData>
				<SimpleData name="Owner_Dept">Education Dept</SimpleData>
				<SimpleData name="School_Typ">3-Co-educational</SimpleData>
				<SimpleData name="Twitter_Ha">@mybmcedu</SimpleData>
				<SimpleData name="Ward">H/E -WARD</SimpleData>
				<SimpleData name="Website">patuck.edu.in</SimpleData>
			</SchemaData>
		</ExtendedData>
		<Point>
			<coordinates>72.84999000000001,19.081172,0</coordinates>
		</Point>
	</Placemark>
	<Placemark>
		<name>ANUYOG VIDYALAY ENGLISH</name>
		<visibility>0</visibility>
		<styleUrl>#mumbai_unaided_schools_style</styleUrl>
		<ExtendedData>
			<SchemaData schemaUrl="#J_mumbai_unaided_schools_SIISSSSSSISSSSS">
				<SimpleData name="Address">Jawahar nagar Adarsh lane</SimpleData>
				<SimpleData name="Cls_From">1</SimpleData>
				<SimpleData name="Cls_To">10</SimpleData>
				<SimpleData name="Email">anuyog09@yahoo.com</SimpleData>
				<SimpleData name="GoogleMaps">https://www.google.com/maps/search/?api=1&amp;query=19.0675969998794,72.8424700001955</SimpleData>
				<SimpleData name="Landline_1">022-26471588</SimpleData>
				<SimpleData name="Lat">19.0675969998794</SimpleData>
				<SimpleData name="Long">72.8424700001955</SimpleData>
				<SimpleData name="Name">ANUYOG VIDYALAY ENGLISH</SimpleData>
				<SimpleData name="OBJECTID_1">323</SimpleData>
				<SimpleData name="Owner_Dept">Education Dept</SimpleData>
				<SimpleData name="School_Typ">3-Co-educational</SimpleData>
				<SimpleData name="Twitter_Ha">@mybmcedu</SimpleData>
				<SimpleData name="Ward">H/E -WARD</SimpleData>
				<SimpleData name="Website"> </SimpleData>
			</SchemaData>
		</ExtendedData>
		<Point>
			<coordinates>72.84247000000001,19.067597,0</coordinates>
		</Point>
	</Placemark>
	<Placemark>
		<name>SACRED MIND PRIMARY SCHOOL</name>
		<visibility>0</visibility>
		<styleUrl>#mumbai_unaided_schools_style</styleUrl>
		<ExtendedData>
			<SchemaData schemaUrl="#J_mumbai_unaided_schools_SIISSSSSSISSSSS">
				<SimpleData name="Address">PATEL NAGAR  GOLIBAR COLONY SANTACRUZ EAST MUMBAI 55</SimpleData>
				<SimpleData name="Cls_From">1</SimpleData>
				<SimpleData name="Cls_To">4</SimpleData>
				<SimpleData name="Email">sacredmindschool@gmail.com</SimpleData>
				<SimpleData name="GoogleMaps">https://www.google.com/maps/search/?api=1&amp;query=19.0748449994747,72.845824999758</SimpleData>
				<SimpleData name="Landline_1">022-26192780</SimpleData>
				<SimpleData name="Lat">19.0748449994747</SimpleData>
				<SimpleData name="Long">72.845824999758</SimpleData>
				<SimpleData name="Name">SACRED MIND PRIMARY SCHOOL</SimpleData>
				<SimpleData name="OBJECTID_1">324</SimpleData>
				<SimpleData name="Owner_Dept">Education Dept</SimpleData>
				<SimpleData name="School_Typ">3-Co-educational</SimpleData>
				<SimpleData name="Twitter_Ha">@mybmcedu</SimpleData>
				<SimpleData name="Ward">H/E -WARD</SimpleData>
				<SimpleData name="Website">education.maharashtra.gov.in</SimpleData>
			</SchemaData>
		</ExtendedData>
		<Point>
			<coordinates>72.845825,19.074845,0</coordinates>
		</Point>
	</Placemark>
	<Placemark>
		<name>RAMESHWAR ENGLISH MEDIUM SCHOOL</name>
		<visibility>0</visibility>
		<styleUrl>#mumbai_unaided_schools_style</styleUrl>
		<ExtendedData>
			<SchemaData schemaUrl="#J_mumbai_unaided_schools_SIISSSSSSISSSSS">
				<SimpleData name="Address">VAKOLA, DATTA MANDIR ROAD , SANTACRUZ EAST MUMBAI 400055</SimpleData>
				<SimpleData name="Cls_From">1</SimpleData>
				<SimpleData name="Cls_To">4</SimpleData>
				<SimpleData name="Email">rems.engmedprimary@gmail.com</SimpleData>
				<SimpleData name="GoogleMaps">https://www.google.com/maps/search/?api=1&amp;query=19.0846749999403,72.8521830000463</SimpleData>
				<SimpleData name="Landline_1">022-26682742</SimpleData>
				<SimpleData name="Lat">19.0846749999403</SimpleData>
				<SimpleData name="Long">72.8521830000463</SimpleData>
				<SimpleData name="Name">RAMESHWAR ENGLISH MEDIUM SCHOOL</SimpleData>
				<SimpleData name="OBJECTID_1">325</SimpleData>
				<SimpleData name="Owner_Dept">Education Dept</SimpleData>
				<SimpleData name="School_Typ">3-Co-educational</SimpleData>
				<SimpleData name="Twitter_Ha">@mybmcedu</SimpleData>
				<SimpleData name="Ward">H/E -WARD</SimpleData>
				<SimpleData name="Website"> </SimpleData>
			</SchemaData>
		</ExtendedData>
		<Point>
			<coordinates>72.852183,19.084675,0</coordinates>
		</Point>
	</Placemark>
	<Placemark>
		<name>LITTLE STAR ENGLISH SCHOOL</name>
		<visibility>0</visibility>
		<styleUrl>#mumbai_unaided_schools_style</styleUrl>
		<ExtendedData>
			<SchemaData schemaUrl="#J_mumbai_unaided_schools_SIISSSSSSISSSSS">
				<SimpleData name="Address">JAWAHAR NAGAR, khar  east</SimpleData>
				<SimpleData name="Cls_From">1</SimpleData>
				<SimpleData name="Cls_To">8</SimpleData>
				<SimpleData name="Email">littlestarenglishschool29@gmail.com</SimpleData>
				<SimpleData name="GoogleMaps">https://www.google.com/maps/search/?api=1&amp;query=19.0671100004819,72.8429620006245</SimpleData>
				<SimpleData name="Landline_1">022-26470166</SimpleData>
				<SimpleData name="Lat">19.0671100004819</SimpleData>
				<SimpleData name="Long">72.8429620006245</SimpleData>
				<SimpleData name="Name">LITTLE STAR ENGLISH SCHOOL</SimpleData>
				<SimpleData name="OBJECTID_1">326</SimpleData>
				<SimpleData name="Owner_Dept">Education Dept</SimpleData>
				<SimpleData name="School_Typ">3-Co-educational</SimpleData>
				<SimpleData name="Twitter_Ha">@mybmcedu</SimpleData>
				<SimpleData name="Ward">H/E -WARD</SimpleData>
				<SimpleData name="Website">education.maharashtra.gov.in</SimpleData>
			</SchemaData>
		</ExtendedData>
		<Point>
			<coordinates>72.842962,19.06711,0</coordinates>
		</Point>
	</Placemark>
	<Placemark>
		<name>AMAZING KIDS ENGLISH SCHOOL</name>
		<visibility>0</visibility>
		<styleUrl>#mumbai_unaided_schools_style</styleUrl>
		<ExtendedData>
			<SchemaData schemaUrl="#J_mumbai_unaided_schools_SIISSSSSSISSSSS">
				<SimpleData name="Address">kalina santacruz east</SimpleData>
				<SimpleData name="Cls_From">1</SimpleData>
				<SimpleData name="Cls_To">5</SimpleData>
				<SimpleData name="Email">amaizngkidsenglishschool@gmail.com</SimpleData>
				<SimpleData name="GoogleMaps">https://www.google.com/maps/search/?api=1&amp;query=19.0671100004819,72.8429620006245</SimpleData>
				<SimpleData name="Landline_1">022-65352260</SimpleData>
				<SimpleData name="Lat">19.0671100004819</SimpleData>
				<SimpleData name="Long">72.8429620006245</SimpleData>
				<SimpleData name="Name">AMAZING KIDS ENGLISH SCHOOL</SimpleData>
				<SimpleData name="OBJECTID_1">327</SimpleData>
				<SimpleData name="Owner_Dept">Education Dept</SimpleData>
				<SimpleData name="School_Typ">3-Co-educational</SimpleData>
				<SimpleData name="Twitter_Ha">@mybmcedu</SimpleData>
				<SimpleData name="Ward">H/E -WARD</SimpleData>
				<SimpleData name="Website">www.amazingkidsschool.com</SimpleData>
			</SchemaData>
		</ExtendedData>
		<Point>
			<coordinates>72.842962,19.06711,0</coordinates>
		</Point>
	</Placemark>
	<Placemark>
		<name>POWAI ENGLISH PRIMARY SCHOOL</name>
		<visibility>0</visibility>
		<styleUrl>#mumbai_unaided_schools_style</styleUrl>
		<ExtendedData>
			<SchemaData schemaUrl="#J_mumbai_unaided_schools_SIISSSSSSISSSSS">
				<SimpleData name="Address">OPP.IIT MAIN GATE, POWAI, MUMBAI-400076</SimpleData>
				<SimpleData name="Cls_From">1</SimpleData>
				<SimpleData name="Cls_To">4</SimpleData>
				<SimpleData name="Email">powaienglish@gmail.com</SimpleData>
				<SimpleData name="GoogleMaps">https://www.google.com/maps/search/?api=1&amp;query=19.1233160004182,72.9180509996656</SimpleData>
				<SimpleData name="Landline_1">022-25785531</SimpleData>
				<SimpleData name="Lat">19.1233160004182</SimpleData>
				<SimpleData name="Long">72.9180509996656</SimpleData>
				<SimpleData name="Name">POWAI ENGLISH PRIMARY SCHOOL</SimpleData>
				<SimpleData name="OBJECTID_1">328</SimpleData>
				<SimpleData name="Owner_Dept">Education Dept</SimpleData>
				<SimpleData name="School_Typ">3-Co-educational</SimpleData>
				<SimpleData name="Twitter_Ha">@mybmcedu</SimpleData>
				<SimpleData name="Ward">S-WARD</SimpleData>
				<SimpleData name="Website"> </SimpleData>
			</SchemaData>
		</ExtendedData>
		<Point>
			<coordinates>72.91805100000001,19.123316,0</coordinates>
		</Point>
	</Placemark>
	<Placemark>
		<name>BUNTS S M SHETY UP</name>
		<visibility>0</visibility>
		<styleUrl>#mumbai_unaided_schools_style</styleUrl>
		<ExtendedData>
			<SchemaData schemaUrl="#J_mumbai_unaided_schools_SIISSSSSSISSSSS">
				<SimpleData name="Address">HIRANANDANI GARDENS, POWAI, MUMBAI 400076</SimpleData>
				<SimpleData name="Cls_From">1</SimpleData>
				<SimpleData name="Cls_To">4</SimpleData>
				<SimpleData name="Email">school@smshettyinstitute.org</SimpleData>
				<SimpleData name="GoogleMaps">https://www.google.com/maps/search/?api=1&amp;query=19.1162289995743,72.9055830002564</SimpleData>
				<SimpleData name="Landline_1">022-61327373</SimpleData>
				<SimpleData name="Lat">19.1162289995743</SimpleData>
				<SimpleData name="Long">72.9055830002564</SimpleData>
				<SimpleData name="Name">BUNTS S M SHETY UP</SimpleData>
				<SimpleData name="OBJECTID_1">329</SimpleData>
				<SimpleData name="Owner_Dept">Education Dept</SimpleData>
				<SimpleData name="School_Typ">3-Co-educational</SimpleData>
				<SimpleData name="Twitter_Ha">@mybmcedu</SimpleData>
				<SimpleData name="Ward">S-WARD</SimpleData>
				<SimpleData name="Website">www.smshettyinstitute.in</SimpleData>
			</SchemaData>
		</ExtendedData>
		<Point>
			<coordinates>72.90558299999999,19.116229,0</coordinates>
		</Point>
	</Placemark>
	<Placemark>
		<name>IIT CAMPUS SCHOOL</name>
		<visibility>0</visibility>
		<styleUrl>#mumbai_unaided_schools_style</styleUrl>
		<ExtendedData>
			<SchemaData schemaUrl="#J_mumbai_unaided_schools_SIISSSSSSISSSSS">
				<SimpleData name="Address">IIT CAMPUS, NR. IIT MARKET GATE, POWAI, MUMBAI - 400076</SimpleData>
				<SimpleData name="Cls_From">1</SimpleData>
				<SimpleData name="Cls_To">4</SimpleData>
				<SimpleData name="Email">383007@iitb.ac.in</SimpleData>
				<SimpleData name="GoogleMaps">https://www.google.com/maps/search/?api=1&amp;query=19.1291240000996,72.9190279998957</SimpleData>
				<SimpleData name="Landline_1">022-25765993</SimpleData>
				<SimpleData name="Lat">19.1291240000996</SimpleData>
				<SimpleData name="Long">72.9190279998957</SimpleData>
				<SimpleData name="Name">IIT CAMPUS SCHOOL</SimpleData>
				<SimpleData name="OBJECTID_1">330</SimpleData>
				<SimpleData name="Owner_Dept">Education Dept</SimpleData>
				<SimpleData name="School_Typ">3-Co-educational</SimpleData>
				<SimpleData name="Twitter_Ha">@mybmcedu</SimpleData>
				<SimpleData name="Ward">S-WARD</SimpleData>
				<SimpleData name="Website">www.campusschoolmumbai.in</SimpleData>
			</SchemaData>
		</ExtendedData>
		<Point>
			<coordinates>72.919028,19.129124,0</coordinates>
		</Point>
	</Placemark>
	<Placemark>
		<name>GREEN LAWNS ENGLISH SCHOOL</name>
		<visibility>0</visibility>
		<styleUrl>#mumbai_unaided_schools_style</styleUrl>
		<ExtendedData>
			<SchemaData schemaUrl="#J_mumbai_unaided_schools_SIISSSSSSISSSSS">
				<SimpleData name="Address">Near Bus Circle,Aarey Road,Filter Pada,Powai,Mumbai-400087</SimpleData>
				<SimpleData name="Cls_From">1</SimpleData>
				<SimpleData name="Cls_To">7</SimpleData>
				<SimpleData name="Email">roshni203415@yahoo.com</SimpleData>
				<SimpleData name="GoogleMaps">https://www.google.com/maps/search/?api=1&amp;query=19.1395070003577,72.8947740005888</SimpleData>
				<SimpleData name="Landline_1">022-28571434</SimpleData>
				<SimpleData name="Lat">19.1395070003577</SimpleData>
				<SimpleData name="Long">72.8947740005888</SimpleData>
				<SimpleData name="Name">GREEN LAWNS ENGLISH SCHOOL</SimpleData>
				<SimpleData name="OBJECTID_1">331</SimpleData>
				<SimpleData name="Owner_Dept">Education Dept</SimpleData>
				<SimpleData name="School_Typ">3-Co-educational</SimpleData>
				<SimpleData name="Twitter_Ha">@mybmcedu</SimpleData>
				<SimpleData name="Ward">S-WARD</SimpleData>
				<SimpleData name="Website"> </SimpleData>
			</SchemaData>
		</ExtendedData>
		<Point>
			<coordinates>72.894774,19.139507,0</coordinates>
		</Point>
	</Placemark>
	<Placemark>
		<name>IDEAL URDU SCHOOL IIT POWAI</name>
		<visibility>0</visibility>
		<styleUrl>#mumbai_unaided_schools_style</styleUrl>
		<ExtendedData>
			<SchemaData schemaUrl="#J_mumbai_unaided_schools_SIISSSSSSISSSSS">
				<SimpleData name="Address">Mukhteshwar Ashram Road, IIT Market, Powai, Mumbai-76</SimpleData>
				<SimpleData name="Cls_From">1</SimpleData>
				<SimpleData name="Cls_To">8</SimpleData>
				<SimpleData name="Email">powaieducationaltrust@gmail.com</SimpleData>
				<SimpleData name="GoogleMaps">https://www.google.com/maps/search/?api=1&amp;query=19.1255940004261,72.9188269992092</SimpleData>
				<SimpleData name="Landline_1">022-25781726</SimpleData>
				<SimpleData name="Lat">19.1255940004261</SimpleData>
				<SimpleData name="Long">72.9188269992092</SimpleData>
				<SimpleData name="Name">IDEAL URDU SCHOOL IIT POWAI</SimpleData>
				<SimpleData name="OBJECTID_1">332</SimpleData>
				<SimpleData name="Owner_Dept">Education Dept</SimpleData>
				<SimpleData name="School_Typ">3-Co-educational</SimpleData>
				<SimpleData name="Twitter_Ha">@mybmcedu</SimpleData>
				<SimpleData name="Ward">S-WARD</SimpleData>
				<SimpleData name="Website"> </SimpleData>
			</SchemaData>
		</ExtendedData>
		<Point>
			<coordinates>72.91882699999999,19.125594,0</coordinates>
		</Point>
	</Placemark>
	<Placemark>
		<name>ST XAVIER&apos;S L.B.S. MARG BHANDUP W</name>
		<visibility>0</visibility>
		<styleUrl>#mumbai_unaided_schools_style</styleUrl>
		<ExtendedData>
			<SchemaData schemaUrl="#J_mumbai_unaided_schools_SIISSSSSSISSSSS">
				<SimpleData name="Address">LBS MARG, BHANDuP WEST</SimpleData>
				<SimpleData name="Cls_From">1</SimpleData>
				<SimpleData name="Cls_To">4</SimpleData>
				<SimpleData name="Email">st.xaviershsp@gmail.com</SimpleData>
				<SimpleData name="GoogleMaps">https://www.google.com/maps/search/?api=1&amp;query=19.1354870001574,72.9287269999306</SimpleData>
				<SimpleData name="Landline_1">022-25781819</SimpleData>
				<SimpleData name="Lat">19.1354870001574</SimpleData>
				<SimpleData name="Long">72.9287269999306</SimpleData>
				<SimpleData name="Name">ST XAVIER&apos;S L.B.S. MARG BHANDUP W</SimpleData>
				<SimpleData name="OBJECTID_1">333</SimpleData>
				<SimpleData name="Owner_Dept">Education Dept</SimpleData>
				<SimpleData name="School_Typ">3-Co-educational</SimpleData>
				<SimpleData name="Twitter_Ha">@mybmcedu</SimpleData>
				<SimpleData name="Ward">S-WARD</SimpleData>
				<SimpleData name="Website">stxaviershighschoolandjrcollage.com</SimpleData>
			</SchemaData>
		</ExtendedData>
		<Point>
			<coordinates>72.92872699999999,19.135487,0</coordinates>
		</Point>
	</Placemark>
	<Placemark>
		<name>MAHADEV UPADHAYAY</name>
		<visibility>0</visibility>
		<styleUrl>#mumbai_unaided_schools_style</styleUrl>
		<ExtendedData>
			<SchemaData schemaUrl="#J_mumbai_unaided_schools_SIISSSSSSISSSSS">
				<SimpleData name="Address">TAGOR NAGAR HARIYALI VILAGE GROUP NO.2</SimpleData>
				<SimpleData name="Cls_From">1</SimpleData>
				<SimpleData name="Cls_To">4</SimpleData>
				<SimpleData name="Email">smupvidyalaya@gmail.com</SimpleData>
				<SimpleData name="GoogleMaps">https://www.google.com/maps/search/?api=1&amp;query=19.117635000193,72.9299749999364</SimpleData>
				<SimpleData name="Landline_1">022-25743153</SimpleData>
				<SimpleData name="Lat">19.117635000193</SimpleData>
				<SimpleData name="Long">72.9299749999364</SimpleData>
				<SimpleData name="Name">MAHADEV UPADHAYAY</SimpleData>
				<SimpleData name="OBJECTID_1">334</SimpleData>
				<SimpleData name="Owner_Dept">Education Dept</SimpleData>
				<SimpleData name="School_Typ">3-Co-educational</SimpleData>
				<SimpleData name="Twitter_Ha">@mybmcedu</SimpleData>
				<SimpleData name="Ward">S-WARD</SimpleData>
				<SimpleData name="Website"> </SimpleData>
			</SchemaData>
		</ExtendedData>
		<Point>
			<coordinates>72.929975,19.117635,0</coordinates>
		</Point>
	</Placemark>
	<Placemark>
		<name>SANDESH VIDYALAYA ENGLISH</name>
		<visibility>0</visibility>
		<styleUrl>#mumbai_unaided_schools_style</styleUrl>
		<ExtendedData>
			<SchemaData schemaUrl="#J_mumbai_unaided_schools_SIISSSSSSISSSSS">
				<SimpleData name="Address">Tagore Nagar gr no 8 near Radha gas Mumbai 400083</SimpleData>
				<SimpleData name="Cls_From">1</SimpleData>
				<SimpleData name="Cls_To">4</SimpleData>
				<SimpleData name="Email">sandeshvidyalaya1981@gmail.com</SimpleData>
				<SimpleData name="GoogleMaps">https://www.google.com/maps/search/?api=1&amp;query=19.115753000143,72.9343630002215</SimpleData>
				<SimpleData name="Landline_1">022-25749646</SimpleData>
				<SimpleData name="Lat">19.115753000143</SimpleData>
				<SimpleData name="Long">72.9343630002215</SimpleData>
				<SimpleData name="Name">SANDESH VIDYALAYA ENGLISH</SimpleData>
				<SimpleData name="OBJECTID_1">335</SimpleData>
				<SimpleData name="Owner_Dept">Education Dept</SimpleData>
				<SimpleData name="School_Typ">3-Co-educational</SimpleData>
				<SimpleData name="Twitter_Ha">@mybmcedu</SimpleData>
				<SimpleData name="Ward">S-WARD</SimpleData>
				<SimpleData name="Website"> </SimpleData>
			</SchemaData>
		</ExtendedData>
		<Point>
			<coordinates>72.934363,19.115753,0</coordinates>
		</Point>
	</Placemark>
	<Placemark>
		<name>DON BOSCO LP</name>
		<visibility>0</visibility>
		<styleUrl>#mumbai_unaided_schools_style</styleUrl>
		<ExtendedData>
			<SchemaData schemaUrl="#J_mumbai_unaided_schools_SIISSSSSSISSSSS">
				<SimpleData name="Address">Group No-1 Tagore Nagar, Vikhroli East Mumbai 400083</SimpleData>
				<SimpleData name="Cls_From">1</SimpleData>
				<SimpleData name="Cls_To">4</SimpleData>
				<SimpleData name="Email">tagore1school@yahoo.co.in</SimpleData>
				<SimpleData name="GoogleMaps">https://www.google.com/maps/search/?api=1&amp;query=19.1145370003302,72.9315100001032</SimpleData>
				<SimpleData name="Landline_1">022-2574114</SimpleData>
				<SimpleData name="Lat">19.1145370003302</SimpleData>
				<SimpleData name="Long">72.9315100001032</SimpleData>
				<SimpleData name="Name">DON BOSCO LP</SimpleData>
				<SimpleData name="OBJECTID_1">336</SimpleData>
				<SimpleData name="Owner_Dept">Education Dept</SimpleData>
				<SimpleData name="School_Typ">3-Co-educational</SimpleData>
				<SimpleData name="Twitter_Ha">@mybmcedu</SimpleData>
				<SimpleData name="Ward">S-WARD</SimpleData>
				<SimpleData name="Website">www.donboscovikhroli.org</SimpleData>
			</SchemaData>
		</ExtendedData>
		<Point>
			<coordinates>72.93151,19.114537,0</coordinates>
		</Point>
	</Placemark>
	<Placemark>
		<name>NATIONAL HINDI PRIMARY SCHOOL VIKHROLI</name>
		<visibility>0</visibility>
		<styleUrl>#mumbai_unaided_schools_style</styleUrl>
		<ExtendedData>
			<SchemaData schemaUrl="#J_mumbai_unaided_schools_SIISSSSSSISSSSS">
				<SimpleData name="Address">Tagor Nagar Vikhroli E Mumbai 400 083</SimpleData>
				<SimpleData name="Cls_From">1</SimpleData>
				<SimpleData name="Cls_To">4</SimpleData>
				<SimpleData name="Email">nationalprimary04@gmail.com</SimpleData>
				<SimpleData name="GoogleMaps">https://www.google.com/maps/search/?api=1&amp;query=19.1141240001816,72.9315800000796</SimpleData>
				<SimpleData name="Landline_1">022-25741577</SimpleData>
				<SimpleData name="Lat">19.1141240001816</SimpleData>
				<SimpleData name="Long">72.9315800000796</SimpleData>
				<SimpleData name="Name">NATIONAL HINDI PRIMARY SCHOOL VIKHROLI</SimpleData>
				<SimpleData name="OBJECTID_1">337</SimpleData>
				<SimpleData name="Owner_Dept">Education Dept</SimpleData>
				<SimpleData name="School_Typ">3-Co-educational</SimpleData>
				<SimpleData name="Twitter_Ha">@mybmcedu</SimpleData>
				<SimpleData name="Ward">S-WARD</SimpleData>
				<SimpleData name="Website"> </SimpleData>
			</SchemaData>
		</ExtendedData>
		<Point>
			<coordinates>72.93158,19.114124,0</coordinates>
		</Point>
	</Placemark>
	<Placemark>
		<name>KAMAL VASUDEV V. ENG.SCH.</name>
		<visibility>0</visibility>
		<styleUrl>#mumbai_unaided_schools_style</styleUrl>
		<ExtendedData>
			<SchemaData schemaUrl="#J_mumbai_unaided_schools_SIISSSSSSISSSSS">
				<SimpleData name="Address">TAGORE NAGAR GROUP NO 3 VIKHROLI EAST MUMBAI  400083</SimpleData>
				<SimpleData name="Cls_From">1</SimpleData>
				<SimpleData name="Cls_To">4</SimpleData>
				<SimpleData name="Email">kvveschool@gmail.com</SimpleData>
				<SimpleData name="GoogleMaps">https://www.google.com/maps/search/?api=1&amp;query=19.1208849995979,72.930995000032</SimpleData>
				<SimpleData name="Landline_1">022-25746667</SimpleData>
				<SimpleData name="Lat">19.1208849995979</SimpleData>
				<SimpleData name="Long">72.930995000032</SimpleData>
				<SimpleData name="Name">KAMAL VASUDEV V. ENG.SCH.</SimpleData>
				<SimpleData name="OBJECTID_1">338</SimpleData>
				<SimpleData name="Owner_Dept">Education Dept</SimpleData>
				<SimpleData name="School_Typ">3-Co-educational</SimpleData>
				<SimpleData name="Twitter_Ha">@mybmcedu</SimpleData>
				<SimpleData name="Ward">S-WARD</SimpleData>
				<SimpleData name="Website"> </SimpleData>
			</SchemaData>
		</ExtendedData>
		<Point>
			<coordinates>72.930995,19.120885,0</coordinates>
		</Point>
	</Placemark>
	<Placemark>
		<name>VAIBHAV VIDYALAYA VIKHROLI</name>
		<visibility>0</visibility>
		<styleUrl>#mumbai_unaided_schools_style</styleUrl>
		<ExtendedData>
			<SchemaData schemaUrl="#J_mumbai_unaided_schools_SIISSSSSSISSSSS">
				<SimpleData name="Address">BUILDING NUMBER 3 A AND B  MMRDA REHABILITATION COLONY  MAHARASHI KARVENAGAR  KANJURMARG EAS MUMBAI.</SimpleData>
				<SimpleData name="Cls_From">1</SimpleData>
				<SimpleData name="Cls_To">4</SimpleData>
				<SimpleData name="Email">vaibhav.vidyalaya.vikhroli@gmail.com</SimpleData>
				<SimpleData name="GoogleMaps">https://www.google.com/maps/search/?api=1&amp;query=19.1140279995604,72.9316100002981</SimpleData>
				<SimpleData name="Landline_1">022-25785051</SimpleData>
				<SimpleData name="Lat">19.1140279995604</SimpleData>
				<SimpleData name="Long">72.9316100002981</SimpleData>
				<SimpleData name="Name">VAIBHAV VIDYALAYA VIKHROLI</SimpleData>
				<SimpleData name="OBJECTID_1">339</SimpleData>
				<SimpleData name="Owner_Dept">Education Dept</SimpleData>
				<SimpleData name="School_Typ">3-Co-educational</SimpleData>
				<SimpleData name="Twitter_Ha">@mybmcedu</SimpleData>
				<SimpleData name="Ward">S-WARD</SimpleData>
				<SimpleData name="Website"> </SimpleData>
			</SchemaData>
		</ExtendedData>
		<Point>
			<coordinates>72.93161000000001,19.114028,0</coordinates>
		</Point>
	</Placemark>
	<Placemark>
		<name>VEEKAYS ENGLISH HIGH SCHOOL</name>
		<visibility>0</visibility>
		<styleUrl>#mumbai_unaided_schools_style</styleUrl>
		<ExtendedData>
			<SchemaData schemaUrl="#J_mumbai_unaided_schools_SIISSSSSSISSSSS">
				<SimpleData name="Address">OPP  PMC BANK TAGORE NAGAR VIKHROLI EAST</SimpleData>
				<SimpleData name="Cls_From">1</SimpleData>
				<SimpleData name="Cls_To">4</SimpleData>
				<SimpleData name="Email">veekaysenghs@gmail.com</SimpleData>
				<SimpleData name="GoogleMaps">https://www.google.com/maps/search/?api=1&amp;query=19.112071999918,72.9327319996489</SimpleData>
				<SimpleData name="Landline_1">022-25744936</SimpleData>
				<SimpleData name="Lat">19.112071999918</SimpleData>
				<SimpleData name="Long">72.9327319996489</SimpleData>
				<SimpleData name="Name">VEEKAYS ENGLISH HIGH SCHOOL</SimpleData>
				<SimpleData name="OBJECTID_1">340</SimpleData>
				<SimpleData name="Owner_Dept">Education Dept</SimpleData>
				<SimpleData name="School_Typ">3-Co-educational</SimpleData>
				<SimpleData name="Twitter_Ha">@mybmcedu</SimpleData>
				<SimpleData name="Ward">S-WARD</SimpleData>
				<SimpleData name="Website">education.maharashtra.gov.in/saral/27220600170</SimpleData>
			</SchemaData>
		</ExtendedData>
		<Point>
			<coordinates>72.932732,19.112072,0</coordinates>
		</Point>
	</Placemark>
	<Placemark>
		<name>SHREE SIDDHI VINAYAGER ENG SCHOOL</name>
		<visibility>0</visibility>
		<styleUrl>#mumbai_unaided_schools_style</styleUrl>
		<ExtendedData>
			<SchemaData schemaUrl="#J_mumbai_unaided_schools_SIISSSSSSISSSSS">
				<SimpleData name="Address">HARIYALI VILLAGE,TAGORE NAGAR,VIKHROLI EAST MUMBAI 40083</SimpleData>
				<SimpleData name="Cls_From">1</SimpleData>
				<SimpleData name="Cls_To">4</SimpleData>
				<SimpleData name="Email">shreesiddhivinayagar1981@gmail.com</SimpleData>
				<SimpleData name="GoogleMaps">https://www.google.com/maps/search/?api=1&amp;query=19.1156979993667,72.9294559995271</SimpleData>
				<SimpleData name="Landline_1">022-25745402</SimpleData>
				<SimpleData name="Lat">19.1156979993667</SimpleData>
				<SimpleData name="Long">72.9294559995271</SimpleData>
				<SimpleData name="Name">SHREE SIDDHI VINAYAGER ENG SCHOOL</SimpleData>
				<SimpleData name="OBJECTID_1">341</SimpleData>
				<SimpleData name="Owner_Dept">Education Dept</SimpleData>
				<SimpleData name="School_Typ">3-Co-educational</SimpleData>
				<SimpleData name="Twitter_Ha">@mybmcedu</SimpleData>
				<SimpleData name="Ward">S-WARD</SimpleData>
				<SimpleData name="Website">www.ssvehs.com</SimpleData>
			</SchemaData>
		</ExtendedData>
		<Point>
			<coordinates>72.929456,19.115698,0</coordinates>
		</Point>
	</Placemark>
	<Placemark>
		<name>GURU GOBIND SINGH ENG LP</name>
		<visibility>0</visibility>
		<styleUrl>#mumbai_unaided_schools_style</styleUrl>
		<ExtendedData>
			<SchemaData schemaUrl="#J_mumbai_unaided_schools_SIISSSSSSISSSSS">
				<SimpleData name="Address">Group No- 6, Tagore Nagar, Vikhroli, Mumbai - 83</SimpleData>
				<SimpleData name="Cls_From">1</SimpleData>
				<SimpleData name="Cls_To">4</SimpleData>
				<SimpleData name="Email">gurugobindsingh.ehs@gmail.com</SimpleData>
				<SimpleData name="GoogleMaps">https://www.google.com/maps/search/?api=1&amp;query=19.1220880000028,72.9346720000879</SimpleData>
				<SimpleData name="Landline_1">022-25740759</SimpleData>
				<SimpleData name="Lat">19.1220880000028</SimpleData>
				<SimpleData name="Long">72.9346720000879</SimpleData>
				<SimpleData name="Name">GURU GOBIND SINGH ENG LP</SimpleData>
				<SimpleData name="OBJECTID_1">342</SimpleData>
				<SimpleData name="Owner_Dept">Education Dept</SimpleData>
				<SimpleData name="School_Typ">3-Co-educational</SimpleData>
				<SimpleData name="Twitter_Ha">@mybmcedu</SimpleData>
				<SimpleData name="Ward">S-WARD</SimpleData>
				<SimpleData name="Website">www.ggsehsjc.edu.in</SimpleData>
			</SchemaData>
		</ExtendedData>
		<Point>
			<coordinates>72.93467200000001,19.122088,0</coordinates>
		</Point>
	</Placemark>
	<Placemark>
		<name>NATIONAL PRI SCH ENGLISH</name>
		<visibility>0</visibility>
		<styleUrl>#mumbai_unaided_schools_style</styleUrl>
		<ExtendedData>
			<SchemaData schemaUrl="#J_mumbai_unaided_schools_SIISSSSSSISSSSS">
				<SimpleData name="Address">Dr R D bhandare play ground Tagore nagar Vikhroli e</SimpleData>
				<SimpleData name="Cls_From">1</SimpleData>
				<SimpleData name="Cls_To">4</SimpleData>
				<SimpleData name="Email">nemschool1991@gmail.com</SimpleData>
				<SimpleData name="GoogleMaps">https://www.google.com/maps/search/?api=1&amp;query=19.1139740003492,72.9315640001184</SimpleData>
				<SimpleData name="Landline_1">022-25745424</SimpleData>
				<SimpleData name="Lat">19.1139740003492</SimpleData>
				<SimpleData name="Long">72.9315640001184</SimpleData>
				<SimpleData name="Name">NATIONAL PRI SCH ENGLISH</SimpleData>
				<SimpleData name="OBJECTID_1">343</SimpleData>
				<SimpleData name="Owner_Dept">Education Dept</SimpleData>
				<SimpleData name="School_Typ">3-Co-educational</SimpleData>
				<SimpleData name="Twitter_Ha">@mybmcedu</SimpleData>
				<SimpleData name="Ward">S-WARD</SimpleData>
				<SimpleData name="Website"> </SimpleData>
			</SchemaData>
		</ExtendedData>
		<Point>
			<coordinates>72.93156399999999,19.113974,0</coordinates>
		</Point>
	</Placemark>
	<Placemark>
		<name>BHNDUP EDU SOCENG PRIMARY SCHOOL</name>
		<visibility>0</visibility>
		<styleUrl>#mumbai_unaided_schools_style</styleUrl>
		<ExtendedData>
			<SchemaData schemaUrl="#J_mumbai_unaided_schools_SIISSSSSSISSSSS">
				<SimpleData name="Address">Opp Railway Station Veer Savarkar Road Bhandup E  Mumbai-400 042</SimpleData>
				<SimpleData name="Cls_From">1</SimpleData>
				<SimpleData name="Cls_To">4</SimpleData>
				<SimpleData name="Email">menonbesschool@yahoo.in</SimpleData>
				<SimpleData name="GoogleMaps">https://www.google.com/maps/search/?api=1&amp;query=19.1430910002608,72.9395080001359</SimpleData>
				<SimpleData name="Landline_1">022-25662569</SimpleData>
				<SimpleData name="Lat">19.1430910002608</SimpleData>
				<SimpleData name="Long">72.9395080001359</SimpleData>
				<SimpleData name="Name">BHNDUP EDU SOCENG PRIMARY SCHOOL</SimpleData>
				<SimpleData name="OBJECTID_1">344</SimpleData>
				<SimpleData name="Owner_Dept">Education Dept</SimpleData>
				<SimpleData name="School_Typ">3-Co-educational</SimpleData>
				<SimpleData name="Twitter_Ha">@mybmcedu</SimpleData>
				<SimpleData name="Ward">S-WARD</SimpleData>
				<SimpleData name="Website">www.vkkmenoncollege.com</SimpleData>
			</SchemaData>
		</ExtendedData>
		<Point>
			<coordinates>72.939508,19.143091,0</coordinates>
		</Point>
	</Placemark>
	<Placemark>
		<name>LAKSHMI PANDURANG SAMARTH PRI</name>
		<visibility>0</visibility>
		<styleUrl>#mumbai_unaided_schools_style</styleUrl>
		<ExtendedData>
			<SchemaData schemaUrl="#J_mumbai_unaided_schools_SIISSSSSSISSSSS">
				<SimpleData name="Address">MASI KOLI VASAHAT UDYASHRI SOC BHAVANI NAGAR BHANDUP EAST MUM400042</SimpleData>
				<SimpleData name="Cls_From">1</SimpleData>
				<SimpleData name="Cls_To">4</SimpleData>
				<SimpleData name="Email">lpsamarth57@gmail.com</SimpleData>
				<SimpleData name="GoogleMaps">https://www.google.com/maps/search/?api=1&amp;query=19.1472369994606,72.945633999819</SimpleData>
				<SimpleData name="Landline_1">022-5661709</SimpleData>
				<SimpleData name="Lat">19.1472369994606</SimpleData>
				<SimpleData name="Long">72.945633999819</SimpleData>
				<SimpleData name="Name">LAKSHMI PANDURANG SAMARTH PRI</SimpleData>
				<SimpleData name="OBJECTID_1">345</SimpleData>
				<SimpleData name="Owner_Dept">Education Dept</SimpleData>
				<SimpleData name="School_Typ">3-Co-educational</SimpleData>
				<SimpleData name="Twitter_Ha">@mybmcedu</SimpleData>
				<SimpleData name="Ward">S-WARD</SimpleData>
				<SimpleData name="Website"> </SimpleData>
			</SchemaData>
		</ExtendedData>
		<Point>
			<coordinates>72.945634,19.147237,0</coordinates>
		</Point>
	</Placemark>
	<Placemark>
		<name>MOUNT MARY ENGLISH HIGH SCHOOL</name>
		<visibility>0</visibility>
		<styleUrl>#mumbai_unaided_schools_style</styleUrl>
		<ExtendedData>
			<SchemaData schemaUrl="#J_mumbai_unaided_schools_SIISSSSSSISSSSS">
				<SimpleData name="Address">Opp. BMC school,Lake Road, Tulshet Pada, Bhandup West,Mumbai-400078</SimpleData>
				<SimpleData name="Cls_From">1</SimpleData>
				<SimpleData name="Cls_To">4</SimpleData>
				<SimpleData name="Email">mmesh2006@gmail.com</SimpleData>
				<SimpleData name="GoogleMaps">https://www.google.com/maps/search/?api=1&amp;query=19.162358278631935,72.93220195271482</SimpleData>
				<SimpleData name="Landline_1">022-25961298</SimpleData>
				<SimpleData name="Lat">19.162358278631935</SimpleData>
				<SimpleData name="Long">72.93220195271482</SimpleData>
				<SimpleData name="Name">MOUNT MARY ENGLISH HIGH SCHOOL</SimpleData>
				<SimpleData name="OBJECTID_1">346</SimpleData>
				<SimpleData name="Owner_Dept">Education Dept</SimpleData>
				<SimpleData name="School_Typ">3-Co-educational</SimpleData>
				<SimpleData name="Twitter_Ha">@mybmcedu</SimpleData>
				<SimpleData name="Ward">S-WARD</SimpleData>
				<SimpleData name="Website"> </SimpleData>
			</SchemaData>
		</ExtendedData>
		<Point>
			<coordinates>72.93220100000001,19.162358,0</coordinates>
		</Point>
	</Placemark>
	<Placemark>
		<name>VIDYADHIRAJA HIGH SCH</name>
		<visibility>0</visibility>
		<styleUrl>#mumbai_unaided_schools_style</styleUrl>
		<ExtendedData>
			<SchemaData schemaUrl="#J_mumbai_unaided_schools_SIISSSSSSISSSSS">
				<SimpleData name="Address">BHANDUPESHWAR KUND,  TATA NAGAR, BHANDUP  E ,MUMBI</SimpleData>
				<SimpleData name="Cls_From">1</SimpleData>
				<SimpleData name="Cls_To">4</SimpleData>
				<SimpleData name="Email">vidyadhiraj@yahoo.in</SimpleData>
				<SimpleData name="GoogleMaps">https://www.google.com/maps/search/?api=1&amp;query=19.1446899998901,72.9494020004966</SimpleData>
				<SimpleData name="Landline_1">022-0</SimpleData>
				<SimpleData name="Lat">19.1446899998901</SimpleData>
				<SimpleData name="Long">72.9494020004966</SimpleData>
				<SimpleData name="Name">VIDYADHIRAJA HIGH SCH</SimpleData>
				<SimpleData name="OBJECTID_1">347</SimpleData>
				<SimpleData name="Owner_Dept">Education Dept</SimpleData>
				<SimpleData name="School_Typ">3-Co-educational</SimpleData>
				<SimpleData name="Twitter_Ha">@mybmcedu</SimpleData>
				<SimpleData name="Ward">S-WARD</SimpleData>
				<SimpleData name="Website">www.vidyahirajamumbai.org</SimpleData>
			</SchemaData>
		</ExtendedData>
		<Point>
			<coordinates>72.94940200000001,19.14469,0</coordinates>
		</Point>
	</Placemark>
	<Placemark>
		<name>IES ENGLISH MEDIUM PRIMAARY SCHOOLBHANDUP</name>
		<visibility>0</visibility>
		<styleUrl>#mumbai_unaided_schools_style</styleUrl>
		<ExtendedData>
			<SchemaData schemaUrl="#J_mumbai_unaided_schools_SIISSSSSSISSSSS">
				<SimpleData name="Address">Datar colony, Bhandup East - 400042</SimpleData>
				<SimpleData name="Cls_From">1</SimpleData>
				<SimpleData name="Cls_To">4</SimpleData>
				<SimpleData name="Email">bhandup.primary.english@ies.edu</SimpleData>
				<SimpleData name="GoogleMaps">https://www.google.com/maps/search/?api=1&amp;query=19.13601900001,72.9346869993749</SimpleData>
				<SimpleData name="Landline_1">022-25665857</SimpleData>
				<SimpleData name="Lat">19.13601900001</SimpleData>
				<SimpleData name="Long">72.9346869993749</SimpleData>
				<SimpleData name="Name">IES ENGLISH MEDIUM PRIMAARY SCHOOLBHANDUP</SimpleData>
				<SimpleData name="OBJECTID_1">348</SimpleData>
				<SimpleData name="Owner_Dept">Education Dept</SimpleData>
				<SimpleData name="School_Typ">3-Co-educational</SimpleData>
				<SimpleData name="Twitter_Ha">@mybmcedu</SimpleData>
				<SimpleData name="Ward">S-WARD</SimpleData>
				<SimpleData name="Website"> </SimpleData>
			</SchemaData>
		</ExtendedData>
		<Point>
			<coordinates>72.934687,19.136019,0</coordinates>
		</Point>
	</Placemark>
	<Placemark>
		<name>INFANT JESUS ENGLISH SCHOOL</name>
		<visibility>0</visibility>
		<styleUrl>#mumbai_unaided_schools_style</styleUrl>
		<ExtendedData>
			<SchemaData schemaUrl="#J_mumbai_unaided_schools_SIISSSSSSISSSSS">
				<SimpleData name="Address">VILLAGE ROAD BHANDUP WEST</SimpleData>
				<SimpleData name="Cls_From">1</SimpleData>
				<SimpleData name="Cls_To">4</SimpleData>
				<SimpleData name="Email">tonyjj06@gmail.com</SimpleData>
				<SimpleData name="GoogleMaps">https://www.google.com/maps/search/?api=1&amp;query=19.1509960001117,72.9413549993029</SimpleData>
				<SimpleData name="Landline_1">022-25660637</SimpleData>
				<SimpleData name="Lat">19.1509960001117</SimpleData>
				<SimpleData name="Long">72.9413549993029</SimpleData>
				<SimpleData name="Name">INFANT JESUS ENGLISH SCHOOL</SimpleData>
				<SimpleData name="OBJECTID_1">349</SimpleData>
				<SimpleData name="Owner_Dept">Education Dept</SimpleData>
				<SimpleData name="School_Typ">3-Co-educational</SimpleData>
				<SimpleData name="Twitter_Ha">@mybmcedu</SimpleData>
				<SimpleData name="Ward">S-WARD</SimpleData>
				<SimpleData name="Website"> </SimpleData>
			</SchemaData>
		</ExtendedData>
		<Point>
			<coordinates>72.941355,19.150996,0</coordinates>
		</Point>
	</Placemark>
	<Placemark>
		<name>ADARSHA VIDYALAYA ENGLISH PRIMARY</name>
		<visibility>0</visibility>
		<styleUrl>#mumbai_unaided_schools_style</styleUrl>
		<ExtendedData>
			<SchemaData schemaUrl="#J_mumbai_unaided_schools_SIISSSSSSISSSSS">
				<SimpleData name="Address">NARDAS NAGAR TEMBHIPADA ROAD BHANDUP WEST -78</SimpleData>
				<SimpleData name="Cls_From">1</SimpleData>
				<SimpleData name="Cls_To">4</SimpleData>
				<SimpleData name="Email">adarshvidyalaya@yahoo.com</SimpleData>
				<SimpleData name="GoogleMaps">https://www.google.com/maps/search/?api=1&amp;query=19.1515029998937,72.9278909998007</SimpleData>
				<SimpleData name="Landline_1">022-25965221</SimpleData>
				<SimpleData name="Lat">19.1515029998937</SimpleData>
				<SimpleData name="Long">72.9278909998007</SimpleData>
				<SimpleData name="Name">ADARSHA VIDYALAYA ENGLISH PRIMARY</SimpleData>
				<SimpleData name="OBJECTID_1">350</SimpleData>
				<SimpleData name="Owner_Dept">Education Dept</SimpleData>
				<SimpleData name="School_Typ">3-Co-educational</SimpleData>
				<SimpleData name="Twitter_Ha">@mybmcedu</SimpleData>
				<SimpleData name="Ward">S-WARD</SimpleData>
				<SimpleData name="Website"> </SimpleData>
			</SchemaData>
		</ExtendedData>
		<Point>
			<coordinates>72.927891,19.151503,0</coordinates>
		</Point>
	</Placemark>
	<Placemark>
		<name>GURUNANAK PUBLIC ACADEMY</name>
		<visibility>0</visibility>
		<styleUrl>#mumbai_unaided_schools_style</styleUrl>
		<ExtendedData>
			<SchemaData schemaUrl="#J_mumbai_unaided_schools_SIISSSSSSISSSSS">
				<SimpleData name="Address">Guru Nanak Public Academy, Shivaji Talao, Bhandup west, Mumbai-400078.</SimpleData>
				<SimpleData name="Cls_From">1</SimpleData>
				<SimpleData name="Cls_To">4</SimpleData>
				<SimpleData name="Email">gnpa85@gmail.com</SimpleData>
				<SimpleData name="GoogleMaps">https://www.google.com/maps/search/?api=1&amp;query=19.1468229997837,72.9295049997142</SimpleData>
				<SimpleData name="Landline_1">022-25946034</SimpleData>
				<SimpleData name="Lat">19.1468229997837</SimpleData>
				<SimpleData name="Long">72.9295049997142</SimpleData>
				<SimpleData name="Name">GURUNANAK PUBLIC ACADEMY</SimpleData>
				<SimpleData name="OBJECTID_1">351</SimpleData>
				<SimpleData name="Owner_Dept">Education Dept</SimpleData>
				<SimpleData name="School_Typ">3-Co-educational</SimpleData>
				<SimpleData name="Twitter_Ha">@mybmcedu</SimpleData>
				<SimpleData name="Ward">S-WARD</SimpleData>
				<SimpleData name="Website">education.maharashtra.gov.in/saral/27220600232</SimpleData>
			</SchemaData>
		</ExtendedData>
		<Point>
			<coordinates>72.92950500000001,19.146823,0</coordinates>
		</Point>
	</Placemark>
	<Placemark>
		<name>SARSWATI ENGLISH PRIMARY SCHOOL</name>
		<visibility>0</visibility>
		<styleUrl>#mumbai_unaided_schools_style</styleUrl>
		<ExtendedData>
			<SchemaData schemaUrl="#J_mumbai_unaided_schools_SIISSSSSSISSSSS">
				<SimpleData name="Address">Tulshet Pada Lake Road Bhandup west</SimpleData>
				<SimpleData name="Cls_From">1</SimpleData>
				<SimpleData name="Cls_To">7</SimpleData>
				<SimpleData name="Email">saraswatihschool05@gmail.com</SimpleData>
				<SimpleData name="GoogleMaps">https://www.google.com/maps/search/?api=1&amp;query=19.1616020000373,72.932212999493</SimpleData>
				<SimpleData name="Landline_1">022-25957737</SimpleData>
				<SimpleData name="Lat">19.1616020000373</SimpleData>
				<SimpleData name="Long">72.932212999493</SimpleData>
				<SimpleData name="Name">SARSWATI ENGLISH PRIMARY SCHOOL</SimpleData>
				<SimpleData name="OBJECTID_1">352</SimpleData>
				<SimpleData name="Owner_Dept">Education Dept</SimpleData>
				<SimpleData name="School_Typ">3-Co-educational</SimpleData>
				<SimpleData name="Twitter_Ha">@mybmcedu</SimpleData>
				<SimpleData name="Ward">S-WARD</SimpleData>
				<SimpleData name="Website"> </SimpleData>
			</SchemaData>
		</ExtendedData>
		<Point>
			<coordinates>72.932213,19.161602,0</coordinates>
		</Point>
	</Placemark>
	<Placemark>
		<name>COSMOS ENG UP</name>
		<visibility>0</visibility>
		<styleUrl>#mumbai_unaided_schools_style</styleUrl>
		<ExtendedData>
			<SchemaData schemaUrl="#J_mumbai_unaided_schools_SIISSSSSSISSSSS">
				<SimpleData name="Address">60 Feet, Subhash Road Behind Metro Mall ,Bhandup West Mumbai 400078.</SimpleData>
				<SimpleData name="Cls_From">1</SimpleData>
				<SimpleData name="Cls_To">4</SimpleData>
				<SimpleData name="Email">primarycos@gmail.com</SimpleData>
				<SimpleData name="GoogleMaps">https://www.google.com/maps/search/?api=1&amp;query=19.1444970002797,72.9283810004857</SimpleData>
				<SimpleData name="Landline_1">022-25947964</SimpleData>
				<SimpleData name="Lat">19.1444970002797</SimpleData>
				<SimpleData name="Long">72.9283810004857</SimpleData>
				<SimpleData name="Name">COSMOS ENG UP</SimpleData>
				<SimpleData name="OBJECTID_1">353</SimpleData>
				<SimpleData name="Owner_Dept">Education Dept</SimpleData>
				<SimpleData name="School_Typ">3-Co-educational</SimpleData>
				<SimpleData name="Twitter_Ha">@mybmcedu</SimpleData>
				<SimpleData name="Ward">S-WARD</SimpleData>
				<SimpleData name="Website">education.maharashtra.gov.in/saral/27220600234</SimpleData>
			</SchemaData>
		</ExtendedData>
		<Point>
			<coordinates>72.928381,19.144497,0</coordinates>
		</Point>
	</Placemark>
	<Placemark>
		<name>SVB&apos;S OXFORD HIGH SCH</name>
		<visibility>0</visibility>
		<styleUrl>#mumbai_unaided_schools_style</styleUrl>
		<ExtendedData>
			<SchemaData schemaUrl="#J_mumbai_unaided_schools_SIISSSSSSISSSSS">
				<SimpleData name="Address">Near shivaji talao Tank Road Bhandup west -78</SimpleData>
				<SimpleData name="Cls_From">1</SimpleData>
				<SimpleData name="Cls_To">4</SimpleData>
				<SimpleData name="Email">svboxford@yahoo.in</SimpleData>
				<SimpleData name="GoogleMaps">https://www.google.com/maps/search/?api=1&amp;query=19.1472380000127,72.9304070005144</SimpleData>
				<SimpleData name="Landline_1">022-25948156</SimpleData>
				<SimpleData name="Lat">19.1472380000127</SimpleData>
				<SimpleData name="Long">72.9304070005144</SimpleData>
				<SimpleData name="Name">SVB&apos;S OXFORD HIGH SCH</SimpleData>
				<SimpleData name="OBJECTID_1">354</SimpleData>
				<SimpleData name="Owner_Dept">Education Dept</SimpleData>
				<SimpleData name="School_Typ">3-Co-educational</SimpleData>
				<SimpleData name="Twitter_Ha">@mybmcedu</SimpleData>
				<SimpleData name="Ward">S-WARD</SimpleData>
				<SimpleData name="Website">www.srboxford.org</SimpleData>
			</SchemaData>
		</ExtendedData>
		<Point>
			<coordinates>72.930407,19.147238,0</coordinates>
		</Point>
	</Placemark>
	<Placemark>
		<name>NES BRIGHT ANGELS ENGLISH SCHOOL</name>
		<visibility>0</visibility>
		<styleUrl>#mumbai_unaided_schools_style</styleUrl>
		<ExtendedData>
			<SchemaData schemaUrl="#J_mumbai_unaided_schools_SIISSSSSSISSSSS">
				<SimpleData name="Address">NES BRIGHT ANGELS ENGLISH SCHOOL GANESH NAGAR GANESH PATH BHANDUP W 78</SimpleData>
				<SimpleData name="Cls_From">1</SimpleData>
				<SimpleData name="Cls_To">4</SimpleData>
				<SimpleData name="Email">yogeshpatil4581@gmail.com</SimpleData>
				<SimpleData name="GoogleMaps">https://www.google.com/maps/search/?api=1&amp;query=19.1526679999626,72.9303770000649</SimpleData>
				<SimpleData name="Landline_1">022-25952601</SimpleData>
				<SimpleData name="Lat">19.1526679999626</SimpleData>
				<SimpleData name="Long">72.9303770000649</SimpleData>
				<SimpleData name="Name">NES BRIGHT ANGELS ENGLISH SCHOOL</SimpleData>
				<SimpleData name="OBJECTID_1">355</SimpleData>
				<SimpleData name="Owner_Dept">Education Dept</SimpleData>
				<SimpleData name="School_Typ">3-Co-educational</SimpleData>
				<SimpleData name="Twitter_Ha">@mybmcedu</SimpleData>
				<SimpleData name="Ward">S-WARD</SimpleData>
				<SimpleData name="Website">navjeevan.edu.com</SimpleData>
			</SchemaData>
		</ExtendedData>
		<Point>
			<coordinates>72.93037699999999,19.152668,0</coordinates>
		</Point>
	</Placemark>
	<Placemark>
		<name>MERRY ANNS ENG</name>
		<visibility>0</visibility>
		<styleUrl>#mumbai_unaided_schools_style</styleUrl>
		<ExtendedData>
			<SchemaData schemaUrl="#J_mumbai_unaided_schools_SIISSSSSSISSSSS">
				<SimpleData name="Address">G-2 Rajdeep nagar village rd near bhandup railway phatak nahur</SimpleData>
				<SimpleData name="Cls_From">1</SimpleData>
				<SimpleData name="Cls_To">4</SimpleData>
				<SimpleData name="Email">maryannschool11@gmail.com</SimpleData>
				<SimpleData name="GoogleMaps">https://www.google.com/maps/search/?api=1&amp;query=19.1509670005068,72.9435320002869</SimpleData>
				<SimpleData name="Landline_1">022-21670136</SimpleData>
				<SimpleData name="Lat">19.1509670005068</SimpleData>
				<SimpleData name="Long">72.9435320002869</SimpleData>
				<SimpleData name="Name">MERRY ANNS ENG</SimpleData>
				<SimpleData name="OBJECTID_1">356</SimpleData>
				<SimpleData name="Owner_Dept">Education Dept</SimpleData>
				<SimpleData name="School_Typ">3-Co-educational</SimpleData>
				<SimpleData name="Twitter_Ha">@mybmcedu</SimpleData>
				<SimpleData name="Ward">S-WARD</SimpleData>
				<SimpleData name="Website"> </SimpleData>
			</SchemaData>
		</ExtendedData>
		<Point>
			<coordinates>72.943532,19.150967,0</coordinates>
		</Point>
	</Placemark>
	<Placemark>
		<name>SHRI MAHARSHI ANNASAHEB URF R.D DHANAWADE PRI.</name>
		<visibility>0</visibility>
		<styleUrl>#mumbai_unaided_schools_style</styleUrl>
		<ExtendedData>
			<SchemaData schemaUrl="#J_mumbai_unaided_schools_SIISSSSSSISSSSS">
				<SimpleData name="Address">DUCK LINE TANAJIWADI C O TEMBAPADA HIGHSCHOOL P MUMBAI 78</SimpleData>
				<SimpleData name="Cls_From">1</SimpleData>
				<SimpleData name="Cls_To">4</SimpleData>
				<SimpleData name="Email">rddhanawade10@gmail.com</SimpleData>
				<SimpleData name="GoogleMaps">https://www.google.com/maps/search/?api=1&amp;query=19.1564779999872,72.9266430000228</SimpleData>
				<SimpleData name="Landline_1">022-0</SimpleData>
				<SimpleData name="Lat">19.1564779999872</SimpleData>
				<SimpleData name="Long">72.9266430000228</SimpleData>
				<SimpleData name="Name">SHRI MAHARSHI ANNASAHEB URF R.D DHANAWADE PRI.</SimpleData>
				<SimpleData name="OBJECTID_1">357</SimpleData>
				<SimpleData name="Owner_Dept">Education Dept</SimpleData>
				<SimpleData name="School_Typ">3-Co-educational</SimpleData>
				<SimpleData name="Twitter_Ha">@mybmcedu</SimpleData>
				<SimpleData name="Ward">S-WARD</SimpleData>
				<SimpleData name="Website"> </SimpleData>
			</SchemaData>
		</ExtendedData>
		<Point>
			<coordinates>72.926643,19.156478,0</coordinates>
		</Point>
	</Placemark>
	<Placemark>
		<name>IDEAL ENG LP</name>
		<visibility>0</visibility>
		<styleUrl>#mumbai_unaided_schools_style</styleUrl>
		<ExtendedData>
			<SchemaData schemaUrl="#J_mumbai_unaided_schools_SIISSSSSSISSSSS">
				<SimpleData name="Address">Tulshet Pada Lake Road Bhandup Mumbai-78</SimpleData>
				<SimpleData name="Cls_From">1</SimpleData>
				<SimpleData name="Cls_To">4</SimpleData>
				<SimpleData name="Email">englishprimaryideal@gmail.com</SimpleData>
				<SimpleData name="GoogleMaps">https://www.google.com/maps/search/?api=1&amp;query=19.1624150005463,72.9330180001399</SimpleData>
				<SimpleData name="Landline_1">022-25960340</SimpleData>
				<SimpleData name="Lat">19.1624150005463</SimpleData>
				<SimpleData name="Long">72.9330180001399</SimpleData>
				<SimpleData name="Name">IDEAL ENG LP</SimpleData>
				<SimpleData name="OBJECTID_1">358</SimpleData>
				<SimpleData name="Owner_Dept">Education Dept</SimpleData>
				<SimpleData name="School_Typ">3-Co-educational</SimpleData>
				<SimpleData name="Twitter_Ha">@mybmcedu</SimpleData>
				<SimpleData name="Ward">S-WARD</SimpleData>
				<SimpleData name="Website">education.maharashtra.gov.in/saral/27220600261</SimpleData>
			</SchemaData>
		</ExtendedData>
		<Point>
			<coordinates>72.933018,19.162415,0</coordinates>
		</Point>
	</Placemark>
	<Placemark>
		<name>RAJARAM SHETH VIDYALAYA</name>
		<visibility>0</visibility>
		<styleUrl>#mumbai_unaided_schools_style</styleUrl>
		<ExtendedData>
			<SchemaData schemaUrl="#J_mumbai_unaided_schools_SIISSSSSSISSSSS">
				<SimpleData name="Address">New Rajaram wadi,Kindipada, Bhandup w</SimpleData>
				<SimpleData name="Cls_From">1</SimpleData>
				<SimpleData name="Cls_To">4</SimpleData>
				<SimpleData name="Email">vrundmore@rediffmail.com</SimpleData>
				<SimpleData name="GoogleMaps">https://www.google.com/maps/search/?api=1&amp;query=19.1636810005163,72.9307909995576</SimpleData>
				<SimpleData name="Landline_1">022-25966133</SimpleData>
				<SimpleData name="Lat">19.1636810005163</SimpleData>
				<SimpleData name="Long">72.9307909995576</SimpleData>
				<SimpleData name="Name">RAJARAM SHETH VIDYALAYA</SimpleData>
				<SimpleData name="OBJECTID_1">359</SimpleData>
				<SimpleData name="Owner_Dept">Education Dept</SimpleData>
				<SimpleData name="School_Typ">3-Co-educational</SimpleData>
				<SimpleData name="Twitter_Ha">@mybmcedu</SimpleData>
				<SimpleData name="Ward">S-WARD</SimpleData>
				<SimpleData name="Website">education.maharashtra.gov.in/saral/27220600265</SimpleData>
			</SchemaData>
		</ExtendedData>
		<Point>
			<coordinates>72.930791,19.163681,0</coordinates>
		</Point>
	</Placemark>
	<Placemark>
		<name>OMEGA PRIMARY SCHOOL</name>
		<visibility>0</visibility>
		<styleUrl>#mumbai_unaided_schools_style</styleUrl>
		<ExtendedData>
			<SchemaData schemaUrl="#J_mumbai_unaided_schools_SIISSSSSSISSSSS">
				<SimpleData name="Address">Shanti Niketan Society Khindipada Mulund w 82</SimpleData>
				<SimpleData name="Cls_From">1</SimpleData>
				<SimpleData name="Cls_To">4</SimpleData>
				<SimpleData name="Email">omega.cambridge@gmail.com</SimpleData>
				<SimpleData name="GoogleMaps">https://www.google.com/maps/search/?api=1&amp;query=19.1636349999124,72.9303860006231</SimpleData>
				<SimpleData name="Landline_1">022-25945416</SimpleData>
				<SimpleData name="Lat">19.1636349999124</SimpleData>
				<SimpleData name="Long">72.9303860006231</SimpleData>
				<SimpleData name="Name">OMEGA PRIMARY SCHOOL</SimpleData>
				<SimpleData name="OBJECTID_1">360</SimpleData>
				<SimpleData name="Owner_Dept">Education Dept</SimpleData>
				<SimpleData name="School_Typ">3-Co-educational</SimpleData>
				<SimpleData name="Twitter_Ha">@mybmcedu</SimpleData>
				<SimpleData name="Ward">S-WARD</SimpleData>
				<SimpleData name="Website"> </SimpleData>
			</SchemaData>
		</ExtendedData>
		<Point>
			<coordinates>72.930386,19.163635,0</coordinates>
		</Point>
	</Placemark>
	<Placemark>
		<name>L. N ENGLISH HIGH SCHOOL</name>
		<visibility>0</visibility>
		<styleUrl>#mumbai_unaided_schools_style</styleUrl>
		<ExtendedData>
			<SchemaData schemaUrl="#J_mumbai_unaided_schools_SIISSSSSSISSSSS">
				<SimpleData name="Address">Tulshet Pada , Lake Road ,Bhandup West, Mumbai.</SimpleData>
				<SimpleData name="Cls_From">1</SimpleData>
				<SimpleData name="Cls_To">4</SimpleData>
				<SimpleData name="Email">l.n.eng.skul@gmail.com</SimpleData>
				<SimpleData name="GoogleMaps">https://www.google.com/maps/search/?api=1&amp;query=19.1601029996147,72.9330459993252</SimpleData>
				<SimpleData name="Landline_1">022-0</SimpleData>
				<SimpleData name="Lat">19.1601029996147</SimpleData>
				<SimpleData name="Long">72.9330459993252</SimpleData>
				<SimpleData name="Name">L. N ENGLISH HIGH SCHOOL</SimpleData>
				<SimpleData name="OBJECTID_1">361</SimpleData>
				<SimpleData name="Owner_Dept">Education Dept</SimpleData>
				<SimpleData name="School_Typ">3-Co-educational</SimpleData>
				<SimpleData name="Twitter_Ha">@mybmcedu</SimpleData>
				<SimpleData name="Ward">S-WARD</SimpleData>
				<SimpleData name="Website">https://education.maharashtra.gov.in/saral/27220600269</SimpleData>
			</SchemaData>
		</ExtendedData>
		<Point>
			<coordinates>72.933046,19.160103,0</coordinates>
		</Point>
	</Placemark>
	<Placemark>
		<name>K E M HIGH SCHOOL</name>
		<visibility>0</visibility>
		<styleUrl>#mumbai_unaided_schools_style</styleUrl>
		<ExtendedData>
			<SchemaData schemaUrl="#J_mumbai_unaided_schools_SIISSSSSSISSSSS">
				<SimpleData name="Address">Jai Mangal murthi Indira NagarKanjur marg East Mumbai no</SimpleData>
				<SimpleData name="Cls_From">1</SimpleData>
				<SimpleData name="Cls_To">4</SimpleData>
				<SimpleData name="Email">kemhighschool@gmail.com</SimpleData>
				<SimpleData name="GoogleMaps">https://www.google.com/maps/search/?api=1&amp;query=19.131907999708,72.9346550004257</SimpleData>
				<SimpleData name="Landline_1">022-25781191</SimpleData>
				<SimpleData name="Lat">19.131907999708</SimpleData>
				<SimpleData name="Long">72.9346550004257</SimpleData>
				<SimpleData name="Name">K E M HIGH SCHOOL</SimpleData>
				<SimpleData name="OBJECTID_1">362</SimpleData>
				<SimpleData name="Owner_Dept">Education Dept</SimpleData>
				<SimpleData name="School_Typ">3-Co-educational</SimpleData>
				<SimpleData name="Twitter_Ha">@mybmcedu</SimpleData>
				<SimpleData name="Ward">S-WARD</SimpleData>
				<SimpleData name="Website"> </SimpleData>
			</SchemaData>
		</ExtendedData>
		<Point>
			<coordinates>72.93465500000001,19.131908,0</coordinates>
		</Point>
	</Placemark>
	<Placemark>
		<name>MUMBAI PUBLIC PRIMARY SCHOOL</name>
		<visibility>0</visibility>
		<styleUrl>#mumbai_unaided_schools_style</styleUrl>
		<ExtendedData>
			<SchemaData schemaUrl="#J_mumbai_unaided_schools_SIISSSSSSISSSSS">
				<SimpleData name="Address">Navy Compound, Chaitanya nagar IIT Powai</SimpleData>
				<SimpleData name="Cls_From">1</SimpleData>
				<SimpleData name="Cls_To">4</SimpleData>
				<SimpleData name="Email">bombaypublic@gmail.com</SimpleData>
				<SimpleData name="GoogleMaps">https://www.google.com/maps/search/?api=1&amp;query=19.1222980002329,72.9191419994611</SimpleData>
				<SimpleData name="Landline_1">022-25790232</SimpleData>
				<SimpleData name="Lat">19.1222980002329</SimpleData>
				<SimpleData name="Long">72.9191419994611</SimpleData>
				<SimpleData name="Name">MUMBAI PUBLIC PRIMARY SCHOOL</SimpleData>
				<SimpleData name="OBJECTID_1">363</SimpleData>
				<SimpleData name="Owner_Dept">Education Dept</SimpleData>
				<SimpleData name="School_Typ">3-Co-educational</SimpleData>
				<SimpleData name="Twitter_Ha">@mybmcedu</SimpleData>
				<SimpleData name="Ward">S-WARD</SimpleData>
				<SimpleData name="Website">education.maharashtra.gov.in/saral/27220600271</SimpleData>
			</SchemaData>
		</ExtendedData>
		<Point>
			<coordinates>72.91914199999999,19.122298,0</coordinates>
		</Point>
	</Placemark>
	<Placemark>
		<name>MOTHER AHILYA PRIMARY SCHOOL</name>
		<visibility>0</visibility>
		<styleUrl>#mumbai_unaided_schools_style</styleUrl>
		<ExtendedData>
			<SchemaData schemaUrl="#J_mumbai_unaided_schools_SIISSSSSSISSSSS">
				<SimpleData name="Address">Jamil Nagar, Water tank road, Bhandup-78</SimpleData>
				<SimpleData name="Cls_From">1</SimpleData>
				<SimpleData name="Cls_To">4</SimpleData>
				<SimpleData name="Email">motherahilya@gmail.com</SimpleData>
				<SimpleData name="GoogleMaps">https://www.google.com/maps/search/?api=1&amp;query=19.1417090008079,72.9247059997999</SimpleData>
				<SimpleData name="Landline_1">022-25943449</SimpleData>
				<SimpleData name="Lat">19.1417090008079</SimpleData>
				<SimpleData name="Long">72.9247059997999</SimpleData>
				<SimpleData name="Name">MOTHER AHILYA PRIMARY SCHOOL</SimpleData>
				<SimpleData name="OBJECTID_1">364</SimpleData>
				<SimpleData name="Owner_Dept">Education Dept</SimpleData>
				<SimpleData name="School_Typ">3-Co-educational</SimpleData>
				<SimpleData name="Twitter_Ha">@mybmcedu</SimpleData>
				<SimpleData name="Ward">S-WARD</SimpleData>
				<SimpleData name="Website"> </SimpleData>
			</SchemaData>
		</ExtendedData>
		<Point>
			<coordinates>72.924706,19.141709,0</coordinates>
		</Point>
	</Placemark>
	<Placemark>
		<name>PARAG ENGLISH SCHOOL</name>
		<visibility>0</visibility>
		<styleUrl>#mumbai_unaided_schools_style</styleUrl>
		<ExtendedData>
			<SchemaData schemaUrl="#J_mumbai_unaided_schools_SIISSSSSSISSSSS">
				<SimpleData name="Address">Parag Vidyalaya Campus Shivaji Talao Bhandup west Mumbai 400078</SimpleData>
				<SimpleData name="Cls_From">1</SimpleData>
				<SimpleData name="Cls_To">4</SimpleData>
				<SimpleData name="Email">paragschoola@ymail.com</SimpleData>
				<SimpleData name="GoogleMaps">https://www.google.com/maps/search/?api=1&amp;query=19.1466839998543,72.9308360004565</SimpleData>
				<SimpleData name="Landline_1">022-25946053</SimpleData>
				<SimpleData name="Lat">19.1466839998543</SimpleData>
				<SimpleData name="Long">72.9308360004565</SimpleData>
				<SimpleData name="Name">PARAG ENGLISH SCHOOL</SimpleData>
				<SimpleData name="OBJECTID_1">365</SimpleData>
				<SimpleData name="Owner_Dept">Education Dept</SimpleData>
				<SimpleData name="School_Typ">3-Co-educational</SimpleData>
				<SimpleData name="Twitter_Ha">@mybmcedu</SimpleData>
				<SimpleData name="Ward">S-WARD</SimpleData>
				<SimpleData name="Website">www.paragenglishschool.com</SimpleData>
			</SchemaData>
		</ExtendedData>
		<Point>
			<coordinates>72.930836,19.146684,0</coordinates>
		</Point>
	</Placemark>
	<Placemark>
		<name>NATIONAL EDUCATION SOC PRI SCHOOL</name>
		<visibility>0</visibility>
		<styleUrl>#mumbai_unaided_schools_style</styleUrl>
		<ExtendedData>
			<SchemaData schemaUrl="#J_mumbai_unaided_schools_SIISSSSSSISSSSS">
				<SimpleData name="Address">NES COMPLEX  NES MARG BHATTIPADA BHANDUP W MUMBAI  400078</SimpleData>
				<SimpleData name="Cls_From">1</SimpleData>
				<SimpleData name="Cls_To">4</SimpleData>
				<SimpleData name="Email">nesprimaryschool1963@gmail.com</SimpleData>
				<SimpleData name="GoogleMaps">https://www.google.com/maps/search/?api=1&amp;query=19.1490800007464,72.9356599992361</SimpleData>
				<SimpleData name="Landline_1">022-66450004</SimpleData>
				<SimpleData name="Lat">19.1490800007464</SimpleData>
				<SimpleData name="Long">72.9356599992361</SimpleData>
				<SimpleData name="Name">NATIONAL EDUCATION SOC PRI SCHOOL</SimpleData>
				<SimpleData name="OBJECTID_1">366</SimpleData>
				<SimpleData name="Owner_Dept">Education Dept</SimpleData>
				<SimpleData name="School_Typ">3-Co-educational</SimpleData>
				<SimpleData name="Twitter_Ha">@mybmcedu</SimpleData>
				<SimpleData name="Ward">S-WARD</SimpleData>
				<SimpleData name="Website">www.nesprimaryschool.org</SimpleData>
			</SchemaData>
		</ExtendedData>
		<Point>
			<coordinates>72.93566,19.14908,0</coordinates>
		</Point>
	</Placemark>
	<Placemark>
		<name>SIDHIVINAYAK ENGLISH SCHOOL</name>
		<visibility>0</visibility>
		<styleUrl>#mumbai_unaided_schools_style</styleUrl>
		<ExtendedData>
			<SchemaData schemaUrl="#J_mumbai_unaided_schools_SIISSSSSSISSSSS">
				<SimpleData name="Address">New Rajaram Wadi, Khindipada, Bhandup W</SimpleData>
				<SimpleData name="Cls_From">1</SimpleData>
				<SimpleData name="Cls_To">5</SimpleData>
				<SimpleData name="Email">vrundamore@rediffmail.com</SimpleData>
				<SimpleData name="GoogleMaps">https://www.google.com/maps/search/?api=1&amp;query=19.1638430004175,72.9307529996665</SimpleData>
				<SimpleData name="Landline_1">022-25966133</SimpleData>
				<SimpleData name="Lat">19.1638430004175</SimpleData>
				<SimpleData name="Long">72.9307529996665</SimpleData>
				<SimpleData name="Name">SIDHIVINAYAK ENGLISH SCHOOL</SimpleData>
				<SimpleData name="OBJECTID_1">367</SimpleData>
				<SimpleData name="Owner_Dept">Education Dept</SimpleData>
				<SimpleData name="School_Typ">3-Co-educational</SimpleData>
				<SimpleData name="Twitter_Ha">@mybmcedu</SimpleData>
				<SimpleData name="Ward">S-WARD</SimpleData>
				<SimpleData name="Website"> </SimpleData>
			</SchemaData>
		</ExtendedData>
		<Point>
			<coordinates>72.930753,19.163843,0</coordinates>
		</Point>
	</Placemark>
	<Placemark>
		<name>NANJI SHAMJI SHAH ENGLISH MEDIUM SCHOOL</name>
		<visibility>0</visibility>
		<styleUrl>#mumbai_unaided_schools_style</styleUrl>
		<ExtendedData>
			<SchemaData schemaUrl="#J_mumbai_unaided_schools_SIISSSSSSISSSSS">
				<SimpleData name="Address">P G Marg ANKUR HOSPITAL LANE  NEAR KANJURMARG POLICE STATION NEHRU NAGAR KANJURMARG E MUMBAI 400042</SimpleData>
				<SimpleData name="Cls_From">1</SimpleData>
				<SimpleData name="Cls_To">7</SimpleData>
				<SimpleData name="Email">nss_ems@yahoo.com</SimpleData>
				<SimpleData name="GoogleMaps">https://www.google.com/maps/search/?api=1&amp;query=19.1299079999869,72.9376959997673</SimpleData>
				<SimpleData name="Landline_1">022-25784668</SimpleData>
				<SimpleData name="Lat">19.1299079999869</SimpleData>
				<SimpleData name="Long">72.9376959997673</SimpleData>
				<SimpleData name="Name">NANJI SHAMJI SHAH ENGLISH MEDIUM SCHOOL</SimpleData>
				<SimpleData name="OBJECTID_1">368</SimpleData>
				<SimpleData name="Owner_Dept">Education Dept</SimpleData>
				<SimpleData name="School_Typ">3-Co-educational</SimpleData>
				<SimpleData name="Twitter_Ha">@mybmcedu</SimpleData>
				<SimpleData name="Ward">S-WARD</SimpleData>
				<SimpleData name="Website">education.maharashtra.gov.in/saral/27220600278</SimpleData>
			</SchemaData>
		</ExtendedData>
		<Point>
			<coordinates>72.937696,19.129908,0</coordinates>
		</Point>
	</Placemark>
	<Placemark>
		<name>ABHINAV ENG SCHOOL</name>
		<visibility>0</visibility>
		<styleUrl>#mumbai_unaided_schools_style</styleUrl>
		<ExtendedData>
			<SchemaData schemaUrl="#J_mumbai_unaided_schools_SIISSSSSSISSSSS">
				<SimpleData name="Address">LATA SADAN FARID NAGAR PN ROAD</SimpleData>
				<SimpleData name="Cls_From">1</SimpleData>
				<SimpleData name="Cls_To">4</SimpleData>
				<SimpleData name="Email">abhinavenglshschool75@gmail.com</SimpleData>
				<SimpleData name="GoogleMaps">https://www.google.com/maps/search/?api=1&amp;query=19.1409719997822,72.9243920000975</SimpleData>
				<SimpleData name="Landline_1">022-25944906</SimpleData>
				<SimpleData name="Lat">19.1409719997822</SimpleData>
				<SimpleData name="Long">72.9243920000975</SimpleData>
				<SimpleData name="Name">ABHINAV ENG SCHOOL</SimpleData>
				<SimpleData name="OBJECTID_1">369</SimpleData>
				<SimpleData name="Owner_Dept">Education Dept</SimpleData>
				<SimpleData name="School_Typ">3-Co-educational</SimpleData>
				<SimpleData name="Twitter_Ha">@mybmcedu</SimpleData>
				<SimpleData name="Ward">S-WARD</SimpleData>
				<SimpleData name="Website"> </SimpleData>
			</SchemaData>
		</ExtendedData>
		<Point>
			<coordinates>72.924392,19.140972,0</coordinates>
		</Point>
	</Placemark>
	<Placemark>
		<name>SANDESH VIDYALAYAMARATHI</name>
		<visibility>0</visibility>
		<styleUrl>#mumbai_unaided_schools_style</styleUrl>
		<ExtendedData>
			<SchemaData schemaUrl="#J_mumbai_unaided_schools_SIISSSSSSISSSSS">
				<SimpleData name="Address">Vikhroli suryanagar west</SimpleData>
				<SimpleData name="Cls_From">1</SimpleData>
				<SimpleData name="Cls_To">4</SimpleData>
				<SimpleData name="Email">sandeshvjes@gmail.com</SimpleData>
				<SimpleData name="GoogleMaps">https://www.google.com/maps/search/?api=1&amp;query=19.1195560003109,72.9235930002045</SimpleData>
				<SimpleData name="Landline_1">022-25774206</SimpleData>
				<SimpleData name="Lat">19.1195560003109</SimpleData>
				<SimpleData name="Long">72.9235930002045</SimpleData>
				<SimpleData name="Name">SANDESH VIDYALAYAMARATHI</SimpleData>
				<SimpleData name="OBJECTID_1">370</SimpleData>
				<SimpleData name="Owner_Dept">Education Dept</SimpleData>
				<SimpleData name="School_Typ">3-Co-educational</SimpleData>
				<SimpleData name="Twitter_Ha">@mybmcedu</SimpleData>
				<SimpleData name="Ward">S-WARD</SimpleData>
				<SimpleData name="Website">education.maharashtra.gov.ln</SimpleData>
			</SchemaData>
		</ExtendedData>
		<Point>
			<coordinates>72.923593,19.119556,0</coordinates>
		</Point>
	</Placemark>
	<Placemark>
		<name>SUNSHINE ENGLISH MEIDUM SCHOOL</name>
		<visibility>0</visibility>
		<styleUrl>#mumbai_unaided_schools_style</styleUrl>
		<ExtendedData>
			<SchemaData schemaUrl="#J_mumbai_unaided_schools_SIISSSSSSISSSSS">
				<SimpleData name="Address">vikhroli  suryanagar</SimpleData>
				<SimpleData name="Cls_From">1</SimpleData>
				<SimpleData name="Cls_To">4</SimpleData>
				<SimpleData name="Email">sandeshvjes@gmail.com</SimpleData>
				<SimpleData name="GoogleMaps">https://www.google.com/maps/search/?api=1&amp;query=19.1190169995752,72.9232070000828</SimpleData>
				<SimpleData name="Landline_1">022-25774206</SimpleData>
				<SimpleData name="Lat">19.1190169995752</SimpleData>
				<SimpleData name="Long">72.9232070000828</SimpleData>
				<SimpleData name="Name">SUNSHINE ENGLISH MEIDUM SCHOOL</SimpleData>
				<SimpleData name="OBJECTID_1">371</SimpleData>
				<SimpleData name="Owner_Dept">Education Dept</SimpleData>
				<SimpleData name="School_Typ">3-Co-educational</SimpleData>
				<SimpleData name="Twitter_Ha">@mybmcedu</SimpleData>
				<SimpleData name="Ward">S-WARD</SimpleData>
				<SimpleData name="Website">education.maharashtra.gov.in/saral/27220600286</SimpleData>
			</SchemaData>
		</ExtendedData>
		<Point>
			<coordinates>72.923207,19.119017,0</coordinates>
		</Point>
	</Placemark>
	<Placemark>
		<name>RJSPM&apos;S PUBLIC SCHOOL</name>
		<visibility>0</visibility>
		<styleUrl>#mumbai_unaided_schools_style</styleUrl>
		<ExtendedData>
			<SchemaData schemaUrl="#J_mumbai_unaided_schools_SIISSSSSSISSSSS">
				<SimpleData name="Address">QUARRY ROAD, SAHYADRI NAGAR BHANDUP WEST MUMBAI 400078</SimpleData>
				<SimpleData name="Cls_From">1</SimpleData>
				<SimpleData name="Cls_To">4</SimpleData>
				<SimpleData name="Email">rjspmpublicschoolbhandup@gmail.com</SimpleData>
				<SimpleData name="GoogleMaps">https://www.google.com/maps/search/?api=1&amp;query=19.1416680006151,72.9278890001546</SimpleData>
				<SimpleData name="Landline_1">022-25944060</SimpleData>
				<SimpleData name="Lat">19.1416680006151</SimpleData>
				<SimpleData name="Long">72.9278890001546</SimpleData>
				<SimpleData name="Name">RJSPM&apos;S PUBLIC SCHOOL</SimpleData>
				<SimpleData name="OBJECTID_1">372</SimpleData>
				<SimpleData name="Owner_Dept">Education Dept</SimpleData>
				<SimpleData name="School_Typ">3-Co-educational</SimpleData>
				<SimpleData name="Twitter_Ha">@mybmcedu</SimpleData>
				<SimpleData name="Ward">S-WARD</SimpleData>
				<SimpleData name="Website">http://rjspm.edu.in</SimpleData>
			</SchemaData>
		</ExtendedData>
		<Point>
			<coordinates>72.92788899999999,19.141668,0</coordinates>
		</Point>
	</Placemark>
	<Placemark>
		<name>IDEAL ENGLISH SCHOOL MULUND</name>
		<visibility>0</visibility>
		<styleUrl>#mumbai_unaided_schools_style</styleUrl>
		<ExtendedData>
			<SchemaData schemaUrl="#J_mumbai_unaided_schools_SIISSSSSSISSSSS">
				<SimpleData name="Address">Old Barrack 8-1/10 , Mulund Colony, Mulund West, Mumbai 400082</SimpleData>
				<SimpleData name="Cls_From">1</SimpleData>
				<SimpleData name="Cls_To">4</SimpleData>
				<SimpleData name="Email">idealenglishsch@gmail.com</SimpleData>
				<SimpleData name="GoogleMaps">https://www.google.com/maps/search/?api=1&amp;query=19.1737900002631,72.9355249997282</SimpleData>
				<SimpleData name="Landline_1">022-25679767</SimpleData>
				<SimpleData name="Lat">19.1737900002631</SimpleData>
				<SimpleData name="Long">72.9355249997282</SimpleData>
				<SimpleData name="Name">IDEAL ENGLISH SCHOOL MULUND</SimpleData>
				<SimpleData name="OBJECTID_1">373</SimpleData>
				<SimpleData name="Owner_Dept">Education Dept</SimpleData>
				<SimpleData name="School_Typ">3-Co-educational</SimpleData>
				<SimpleData name="Twitter_Ha">@mybmcedu</SimpleData>
				<SimpleData name="Ward">T-WARD</SimpleData>
				<SimpleData name="Website">www.jaibharatcollege.com</SimpleData>
			</SchemaData>
		</ExtendedData>
		<Point>
			<coordinates>72.935525,19.17379,0</coordinates>
		</Point>
	</Placemark>
	<Placemark>
		<name>J J ACADEMY ENG MEDIUM HIGH SCHOOL &amp; JR. COLLEGE</name>
		<visibility>0</visibility>
		<styleUrl>#mumbai_unaided_schools_style</styleUrl>
		<ExtendedData>
			<SchemaData schemaUrl="#J_mumbai_unaided_schools_SIISSSSSSISSSSS">
				<SimpleData name="Address">103/1 MULUND COLONY ROAD, MULUND WEST</SimpleData>
				<SimpleData name="Cls_From">1</SimpleData>
				<SimpleData name="Cls_To">4</SimpleData>
				<SimpleData name="Email">jjahmlara@gmail.com</SimpleData>
				<SimpleData name="GoogleMaps">https://www.google.com/maps/search/?api=1&amp;query=19.1774329999307,72.9417120001156</SimpleData>
				<SimpleData name="Landline_1">022-25612356</SimpleData>
				<SimpleData name="Lat">19.1774329999307</SimpleData>
				<SimpleData name="Long">72.9417120001156</SimpleData>
				<SimpleData name="Name">J J ACADEMY ENG MEDIUM HIGH SCHOOL &amp; JR. COLLEGE</SimpleData>
				<SimpleData name="OBJECTID_1">374</SimpleData>
				<SimpleData name="Owner_Dept">Education Dept</SimpleData>
				<SimpleData name="School_Typ">3-Co-educational</SimpleData>
				<SimpleData name="Twitter_Ha">@mybmcedu</SimpleData>
				<SimpleData name="Ward">T-WARD</SimpleData>
				<SimpleData name="Website">www.jjacademy.in</SimpleData>
			</SchemaData>
		</ExtendedData>
		<Point>
			<coordinates>72.941712,19.177433,0</coordinates>
		</Point>
	</Placemark>
	<Placemark>
		<name>ST MARYS CONVENT HIGH SCHOOL</name>
		<visibility>0</visibility>
		<styleUrl>#mumbai_unaided_schools_style</styleUrl>
		<ExtendedData>
			<SchemaData schemaUrl="#J_mumbai_unaided_schools_SIISSSSSSISSSSS">
				<SimpleData name="Address">Trimurti Road, Mulund West, Mumbai - 400 080.</SimpleData>
				<SimpleData name="Cls_From">1</SimpleData>
				<SimpleData name="Cls_To">4</SimpleData>
				<SimpleData name="Email">stmaryp@gmail.com</SimpleData>
				<SimpleData name="GoogleMaps">https://www.google.com/maps/search/?api=1&amp;query=19.1663269999655,72.9447129995893</SimpleData>
				<SimpleData name="Landline_1">022-25680920</SimpleData>
				<SimpleData name="Lat">19.1663269999655</SimpleData>
				<SimpleData name="Long">72.9447129995893</SimpleData>
				<SimpleData name="Name">ST MARYS CONVENT HIGH SCHOOL</SimpleData>
				<SimpleData name="OBJECTID_1">375</SimpleData>
				<SimpleData name="Owner_Dept">Education Dept</SimpleData>
				<SimpleData name="School_Typ">2-Girls</SimpleData>
				<SimpleData name="Twitter_Ha">@mybmcedu</SimpleData>
				<SimpleData name="Ward">T-WARD</SimpleData>
				<SimpleData name="Website"> </SimpleData>
			</SchemaData>
		</ExtendedData>
		<Point>
			<coordinates>72.94471299999999,19.166327,0</coordinates>
		</Point>
	</Placemark>
	<Placemark>
		<name>ST. PIUS TENTH</name>
		<visibility>0</visibility>
		<styleUrl>#mumbai_unaided_schools_style</styleUrl>
		<ExtendedData>
			<SchemaData schemaUrl="#J_mumbai_unaided_schools_SIISSSSSSISSSSS">
				<SimpleData name="Address">NAHUR ROAD, MULUND WEST, MUMBAI - 400080.</SimpleData>
				<SimpleData name="Cls_From">1</SimpleData>
				<SimpleData name="Cls_To">4</SimpleData>
				<SimpleData name="Email">st.piusxh.s@gmail.com</SimpleData>
				<SimpleData name="GoogleMaps">https://www.google.com/maps/search/?api=1&amp;query=19.1666620002862,72.9470220000057</SimpleData>
				<SimpleData name="Landline_1">022-25618844</SimpleData>
				<SimpleData name="Lat">19.1666620002862</SimpleData>
				<SimpleData name="Long">72.9470220000057</SimpleData>
				<SimpleData name="Name">ST. PIUS TENTH</SimpleData>
				<SimpleData name="OBJECTID_1">376</SimpleData>
				<SimpleData name="Owner_Dept">Education Dept</SimpleData>
				<SimpleData name="School_Typ">1-Boys</SimpleData>
				<SimpleData name="Twitter_Ha">@mybmcedu</SimpleData>
				<SimpleData name="Ward">T-WARD</SimpleData>
				<SimpleData name="Website"> </SimpleData>
			</SchemaData>
		</ExtendedData>
		<Point>
			<coordinates>72.947022,19.166662,0</coordinates>
		</Point>
	</Placemark>
	<Placemark>
		<name>RAJIV GANDHI HINDI LP</name>
		<visibility>0</visibility>
		<styleUrl>#mumbai_unaided_schools_style</styleUrl>
		<ExtendedData>
			<SchemaData schemaUrl="#J_mumbai_unaided_schools_SIISSSSSSISSSSS">
				<SimpleData name="Address">P AND T COLONY P K ROAD MULUND</SimpleData>
				<SimpleData name="Cls_From">1</SimpleData>
				<SimpleData name="Cls_To">4</SimpleData>
				<SimpleData name="Email">rghsmulund@gmail.com</SimpleData>
				<SimpleData name="GoogleMaps">https://www.google.com/maps/search/?api=1&amp;query=19.1744769996511,72.9454630002378</SimpleData>
				<SimpleData name="Landline_1">022-25691390</SimpleData>
				<SimpleData name="Lat">19.1744769996511</SimpleData>
				<SimpleData name="Long">72.9454630002378</SimpleData>
				<SimpleData name="Name">RAJIV GANDHI HINDI LP</SimpleData>
				<SimpleData name="OBJECTID_1">377</SimpleData>
				<SimpleData name="Owner_Dept">Education Dept</SimpleData>
				<SimpleData name="School_Typ">3-Co-educational</SimpleData>
				<SimpleData name="Twitter_Ha">@mybmcedu</SimpleData>
				<SimpleData name="Ward">T-WARD</SimpleData>
				<SimpleData name="Website"> </SimpleData>
			</SchemaData>
		</ExtendedData>
		<Point>
			<coordinates>72.945463,19.174477,0</coordinates>
		</Point>
	</Placemark>
	<Placemark>
		<name>HOLY ANGELS MARTHOMA SCH</name>
		<visibility>0</visibility>
		<styleUrl>#mumbai_unaided_schools_style</styleUrl>
		<ExtendedData>
			<SchemaData schemaUrl="#J_mumbai_unaided_schools_SIISSSSSSISSSSS">
				<SimpleData name="Address">OPP FORTIS HOSPITAL MULUND GOREGAON LINK ROAD MULUND WEST</SimpleData>
				<SimpleData name="Cls_From">1</SimpleData>
				<SimpleData name="Cls_To">7</SimpleData>
				<SimpleData name="Email">holyangelsmarthoma@gmail.com</SimpleData>
				<SimpleData name="GoogleMaps">https://www.google.com/maps/search/?api=1&amp;query=19.1628899992294,72.9422800003069</SimpleData>
				<SimpleData name="Landline_1">022-25914279</SimpleData>
				<SimpleData name="Lat">19.1628899992294</SimpleData>
				<SimpleData name="Long">72.9422800003069</SimpleData>
				<SimpleData name="Name">HOLY ANGELS MARTHOMA SCH</SimpleData>
				<SimpleData name="OBJECTID_1">378</SimpleData>
				<SimpleData name="Owner_Dept">Education Dept</SimpleData>
				<SimpleData name="School_Typ">3-Co-educational</SimpleData>
				<SimpleData name="Twitter_Ha">@mybmcedu</SimpleData>
				<SimpleData name="Ward">T-WARD</SimpleData>
				<SimpleData name="Website"> </SimpleData>
			</SchemaData>
		</ExtendedData>
		<Point>
			<coordinates>72.94228,19.16289,0</coordinates>
		</Point>
	</Placemark>
	<Placemark>
		<name>THE SHIKSHAK PRASAR MANDAL MARATHI VIDYALAYA</name>
		<visibility>0</visibility>
		<styleUrl>#mumbai_unaided_schools_style</styleUrl>
		<ExtendedData>
			<SchemaData schemaUrl="#J_mumbai_unaided_schools_SIISSSSSSISSSSS">
				<SimpleData name="Address">VIDYALAYA MARG,NEAR SAMBHAJI MAIDAN,MULUND EAST,MUMBAI-81</SimpleData>
				<SimpleData name="Cls_From">1</SimpleData>
				<SimpleData name="Cls_To">4</SimpleData>
				<SimpleData name="Email">rydode@gmail.com</SimpleData>
				<SimpleData name="GoogleMaps">https://www.google.com/maps/search/?api=1&amp;query=19.1696199993981,72.9646479997393</SimpleData>
				<SimpleData name="Landline_1">022-25630165</SimpleData>
				<SimpleData name="Lat">19.1696199993981</SimpleData>
				<SimpleData name="Long">72.9646479997393</SimpleData>
				<SimpleData name="Name">THE SHIKSHAK PRASAR MANDAL MARATHI VIDYALAYA</SimpleData>
				<SimpleData name="OBJECTID_1">379</SimpleData>
				<SimpleData name="Owner_Dept">Education Dept</SimpleData>
				<SimpleData name="School_Typ">3-Co-educational</SimpleData>
				<SimpleData name="Twitter_Ha">@mybmcedu</SimpleData>
				<SimpleData name="Ward">T-WARD</SimpleData>
				<SimpleData name="Website"> </SimpleData>
			</SchemaData>
		</ExtendedData>
		<Point>
			<coordinates>72.964648,19.16962,0</coordinates>
		</Point>
	</Placemark>
	<Placemark>
		<name>VANI VIDYALAYA</name>
		<visibility>0</visibility>
		<styleUrl>#mumbai_unaided_schools_style</styleUrl>
		<ExtendedData>
			<SchemaData schemaUrl="#J_mumbai_unaided_schools_SIISSSSSSISSSSS">
				<SimpleData name="Address">J.N. ROAD, MULUND WEST, MUMBAI - 400080.</SimpleData>
				<SimpleData name="Cls_From">1</SimpleData>
				<SimpleData name="Cls_To">4</SimpleData>
				<SimpleData name="Email">vanividyalaya55@gmail.com</SimpleData>
				<SimpleData name="GoogleMaps">https://www.google.com/maps/search/?api=1&amp;query=19.1693730000794,72.9539480008403</SimpleData>
				<SimpleData name="Landline_1">022-25612363</SimpleData>
				<SimpleData name="Lat">19.1693730000794</SimpleData>
				<SimpleData name="Long">72.9539480008403</SimpleData>
				<SimpleData name="Name">VANI VIDYALAYA</SimpleData>
				<SimpleData name="OBJECTID_1">380</SimpleData>
				<SimpleData name="Owner_Dept">Education Dept</SimpleData>
				<SimpleData name="School_Typ">3-Co-educational</SimpleData>
				<SimpleData name="Twitter_Ha">@mybmcedu</SimpleData>
				<SimpleData name="Ward">T-WARD</SimpleData>
				<SimpleData name="Website">www.siovani.org</SimpleData>
			</SchemaData>
		</ExtendedData>
		<Point>
			<coordinates>72.953948,19.169373,0</coordinates>
		</Point>
	</Placemark>
	<Placemark>
		<name>SMT HIRBHAI MORARJI GALA ENG</name>
		<visibility>0</visibility>
		<styleUrl>#mumbai_unaided_schools_style</styleUrl>
		<ExtendedData>
			<SchemaData schemaUrl="#J_mumbai_unaided_schools_SIISSSSSSISSSSS">
				<SimpleData name="Address">V P CROSS ROAD MULUND WEST</SimpleData>
				<SimpleData name="Cls_From">1</SimpleData>
				<SimpleData name="Cls_To">4</SimpleData>
				<SimpleData name="Email">hmgalaprimary@gmail.com</SimpleData>
				<SimpleData name="GoogleMaps">https://www.google.com/maps/search/?api=1&amp;query=19.1703760003981,72.9499500006184</SimpleData>
				<SimpleData name="Landline_1">022-25604824</SimpleData>
				<SimpleData name="Lat">19.1703760003981</SimpleData>
				<SimpleData name="Long">72.9499500006184</SimpleData>
				<SimpleData name="Name">SMT HIRBHAI MORARJI GALA ENG</SimpleData>
				<SimpleData name="OBJECTID_1">381</SimpleData>
				<SimpleData name="Owner_Dept">Education Dept</SimpleData>
				<SimpleData name="School_Typ">3-Co-educational</SimpleData>
				<SimpleData name="Twitter_Ha">@mybmcedu</SimpleData>
				<SimpleData name="Ward">T-WARD</SimpleData>
				<SimpleData name="Website"> </SimpleData>
			</SchemaData>
		</ExtendedData>
		<Point>
			<coordinates>72.94995,19.170376,0</coordinates>
		</Point>
	</Placemark>
	<Placemark>
		<name>SMT SUSHMA SURESH VAZE ENG LP</name>
		<visibility>0</visibility>
		<styleUrl>#mumbai_unaided_schools_style</styleUrl>
		<ExtendedData>
			<SchemaData schemaUrl="#J_mumbai_unaided_schools_SIISSSSSSISSSSS">
				<SimpleData name="Address">V P Road, Mulund west, Munbai 400080</SimpleData>
				<SimpleData name="Cls_From">1</SimpleData>
				<SimpleData name="Cls_To">4</SimpleData>
				<SimpleData name="Email">ssvazeprimary@rediffmail.com</SimpleData>
				<SimpleData name="GoogleMaps">https://www.google.com/maps/search/?api=1&amp;query=19.1706019999439,72.9497330005676</SimpleData>
				<SimpleData name="Landline_1">022-25671373</SimpleData>
				<SimpleData name="Lat">19.1706019999439</SimpleData>
				<SimpleData name="Long">72.9497330005676</SimpleData>
				<SimpleData name="Name">SMT SUSHMA SURESH VAZE ENG LP</SimpleData>
				<SimpleData name="OBJECTID_1">382</SimpleData>
				<SimpleData name="Owner_Dept">Education Dept</SimpleData>
				<SimpleData name="School_Typ">3-Co-educational</SimpleData>
				<SimpleData name="Twitter_Ha">@mybmcedu</SimpleData>
				<SimpleData name="Ward">T-WARD</SimpleData>
				<SimpleData name="Website">education.maharashtra.gov.in/saral/27220600346</SimpleData>
			</SchemaData>
		</ExtendedData>
		<Point>
			<coordinates>72.94973299999999,19.170602,0</coordinates>
		</Point>
	</Placemark>
	<Placemark>
		<name>SMT.VIDYABEN D GARDI HIGH SCHOOL</name>
		<visibility>0</visibility>
		<styleUrl>#mumbai_unaided_schools_style</styleUrl>
		<ExtendedData>
			<SchemaData schemaUrl="#J_mumbai_unaided_schools_SIISSSSSSISSSSS">
				<SimpleData name="Address">P. K. Road, Near Telephone Exchange</SimpleData>
				<SimpleData name="Cls_From">1</SimpleData>
				<SimpleData name="Cls_To">4</SimpleData>
				<SimpleData name="Email">smtgardi@hotmail.com</SimpleData>
				<SimpleData name="GoogleMaps">https://www.google.com/maps/search/?api=1&amp;query=19.1705920004338,72.9462130001879</SimpleData>
				<SimpleData name="Landline_1">022-25646502</SimpleData>
				<SimpleData name="Lat">19.1705920004338</SimpleData>
				<SimpleData name="Long">72.9462130001879</SimpleData>
				<SimpleData name="Name">SMT.VIDYABEN D GARDI HIGH SCHOOL</SimpleData>
				<SimpleData name="OBJECTID_1">383</SimpleData>
				<SimpleData name="Owner_Dept">Education Dept</SimpleData>
				<SimpleData name="School_Typ">3-Co-educational</SimpleData>
				<SimpleData name="Twitter_Ha">@mybmcedu</SimpleData>
				<SimpleData name="Ward">T-WARD</SimpleData>
				<SimpleData name="Website">www.gardischool.com</SimpleData>
			</SchemaData>
		</ExtendedData>
		<Point>
			<coordinates>72.946213,19.170592,0</coordinates>
		</Point>
	</Placemark>
	<Placemark>
		<name>VIDYA  PRABODHINI ENGLISH SCHOOL PRIMARY</name>
		<visibility>0</visibility>
		<styleUrl>#mumbai_unaided_schools_style</styleUrl>
		<ExtendedData>
			<SchemaData schemaUrl="#J_mumbai_unaided_schools_SIISSSSSSISSSSS">
				<SimpleData name="Address">shivkrupa building near mulund railway station mulund mulund</SimpleData>
				<SimpleData name="Cls_From">1</SimpleData>
				<SimpleData name="Cls_To">4</SimpleData>
				<SimpleData name="Email">vidyaprabhodani@yahoo.co.in</SimpleData>
				<SimpleData name="GoogleMaps">https://www.google.com/maps/search/?api=1&amp;query=19.1700920000137,72.9569399997184</SimpleData>
				<SimpleData name="Landline_1">022-25630701</SimpleData>
				<SimpleData name="Lat">19.1700920000137</SimpleData>
				<SimpleData name="Long">72.9569399997184</SimpleData>
				<SimpleData name="Name">VIDYA  PRABODHINI ENGLISH SCHOOL PRIMARY</SimpleData>
				<SimpleData name="OBJECTID_1">384</SimpleData>
				<SimpleData name="Owner_Dept">Education Dept</SimpleData>
				<SimpleData name="School_Typ">3-Co-educational</SimpleData>
				<SimpleData name="Twitter_Ha">@mybmcedu</SimpleData>
				<SimpleData name="Ward">T-WARD</SimpleData>
				<SimpleData name="Website"> </SimpleData>
			</SchemaData>
		</ExtendedData>
		<Point>
			<coordinates>72.95694,19.170092,0</coordinates>
		</Point>
	</Placemark>
	<Placemark>
		<name>IES ENGLISH MEDIUM PRIMARY SCHOOL MULUND</name>
		<visibility>0</visibility>
		<styleUrl>#mumbai_unaided_schools_style</styleUrl>
		<ExtendedData>
			<SchemaData schemaUrl="#J_mumbai_unaided_schools_SIISSSSSSISSSSS">
				<SimpleData name="Address">IES ENGLISH MEDIUM PRIMARY SCHOOL. MULUND - EAST, ARUNODAYA NAGAR, NAVGHAR ROAD, MULUND - EAST</SimpleData>
				<SimpleData name="Cls_From">1</SimpleData>
				<SimpleData name="Cls_To">4</SimpleData>
				<SimpleData name="Email">mulund.primary.english@ies.edu</SimpleData>
				<SimpleData name="GoogleMaps">https://www.google.com/maps/search/?api=1&amp;query=19.1700530001432,72.9660390008652</SimpleData>
				<SimpleData name="Landline_1">022-25637191</SimpleData>
				<SimpleData name="Lat">19.1700530001432</SimpleData>
				<SimpleData name="Long">72.9660390008652</SimpleData>
				<SimpleData name="Name">IES ENGLISH MEDIUM PRIMARY SCHOOL MULUND</SimpleData>
				<SimpleData name="OBJECTID_1">385</SimpleData>
				<SimpleData name="Owner_Dept">Education Dept</SimpleData>
				<SimpleData name="School_Typ">3-Co-educational</SimpleData>
				<SimpleData name="Twitter_Ha">@mybmcedu</SimpleData>
				<SimpleData name="Ward">T-WARD</SimpleData>
				<SimpleData name="Website">ies.edu/mulund</SimpleData>
			</SchemaData>
		</ExtendedData>
		<Point>
			<coordinates>72.96603899999999,19.170053,0</coordinates>
		</Point>
	</Placemark>
	<Placemark>
		<name>SOU LAXMIBAI ENG</name>
		<visibility>0</visibility>
		<styleUrl>#mumbai_unaided_schools_style</styleUrl>
		<ExtendedData>
			<SchemaData schemaUrl="#J_mumbai_unaided_schools_SIISSSSSSISSSSS">
				<SimpleData name="Address">VEER SAVARKAR RD., NEAR SAMBHAJI MAIDAN, MULUND EAST MUMBAI - 400 081</SimpleData>
				<SimpleData name="Cls_From">1</SimpleData>
				<SimpleData name="Cls_To">4</SimpleData>
				<SimpleData name="Email">soulaxmibai@gmail.com</SimpleData>
				<SimpleData name="GoogleMaps">https://www.google.com/maps/search/?api=1&amp;query=19.1669389999275,72.9638660000411</SimpleData>
				<SimpleData name="Landline_1">022-21631212</SimpleData>
				<SimpleData name="Lat">19.1669389999275</SimpleData>
				<SimpleData name="Long">72.9638660000411</SimpleData>
				<SimpleData name="Name">SOU LAXMIBAI ENG</SimpleData>
				<SimpleData name="OBJECTID_1">386</SimpleData>
				<SimpleData name="Owner_Dept">Education Dept</SimpleData>
				<SimpleData name="School_Typ">3-Co-educational</SimpleData>
				<SimpleData name="Twitter_Ha">@mybmcedu</SimpleData>
				<SimpleData name="Ward">T-WARD</SimpleData>
				<SimpleData name="Website">saulaxmibaischool.in</SimpleData>
			</SchemaData>
		</ExtendedData>
		<Point>
			<coordinates>72.963866,19.166939,0</coordinates>
		</Point>
	</Placemark>
	<Placemark>
		<name>HOLY ANGLES PRIMARY SCHOOL</name>
		<visibility>0</visibility>
		<styleUrl>#mumbai_unaided_schools_style</styleUrl>
		<ExtendedData>
			<SchemaData schemaUrl="#J_mumbai_unaided_schools_SIISSSSSSISSSSS">
				<SimpleData name="Address">SHRI P SAMUEL SIR MARG GAVANPADA MULUND EAST MUMBAI</SimpleData>
				<SimpleData name="Cls_From">1</SimpleData>
				<SimpleData name="Cls_To">4</SimpleData>
				<SimpleData name="Email">hahs@rediffmail.com</SimpleData>
				<SimpleData name="GoogleMaps">https://www.google.com/maps/search/?api=1&amp;query=19.1748049998412,72.9641949995211</SimpleData>
				<SimpleData name="Landline_1">022-25633073</SimpleData>
				<SimpleData name="Lat">19.1748049998412</SimpleData>
				<SimpleData name="Long">72.9641949995211</SimpleData>
				<SimpleData name="Name">HOLY ANGLES PRIMARY SCHOOL</SimpleData>
				<SimpleData name="OBJECTID_1">387</SimpleData>
				<SimpleData name="Owner_Dept">Education Dept</SimpleData>
				<SimpleData name="School_Typ">3-Co-educational</SimpleData>
				<SimpleData name="Twitter_Ha">@mybmcedu</SimpleData>
				<SimpleData name="Ward">T-WARD</SimpleData>
				<SimpleData name="Website">www.holyangelshighschool.com</SimpleData>
			</SchemaData>
		</ExtendedData>
		<Point>
			<coordinates>72.964195,19.174805,0</coordinates>
		</Point>
	</Placemark>
	<Placemark>
		<name>R.R EDUCATION TRUST ENGLISH PRIMARY PRIMARY SCHOOL</name>
		<visibility>0</visibility>
		<styleUrl>#mumbai_unaided_schools_style</styleUrl>
		<ExtendedData>
			<SchemaData schemaUrl="#J_mumbai_unaided_schools_SIISSSSSSISSSSS">
				<SimpleData name="Address">a mahanagar palika urc 6</SimpleData>
				<SimpleData name="Cls_From">1</SimpleData>
				<SimpleData name="Cls_To">4</SimpleData>
				<SimpleData name="Email">rreducationtrust@yahoo.co.in</SimpleData>
				<SimpleData name="GoogleMaps">https://www.google.com/maps/search/?api=1&amp;query=19.1668380003592,72.9661819999441</SimpleData>
				<SimpleData name="Landline_1">022-25635008</SimpleData>
				<SimpleData name="Lat">19.1668380003592</SimpleData>
				<SimpleData name="Long">72.9661819999441</SimpleData>
				<SimpleData name="Name">R.R EDUCATION TRUST ENGLISH PRIMARY PRIMARY SCHOOL</SimpleData>
				<SimpleData name="OBJECTID_1">388</SimpleData>
				<SimpleData name="Owner_Dept">Education Dept</SimpleData>
				<SimpleData name="School_Typ">3-Co-educational</SimpleData>
				<SimpleData name="Twitter_Ha">@mybmcedu</SimpleData>
				<SimpleData name="Ward">T-WARD</SimpleData>
				<SimpleData name="Website"> </SimpleData>
			</SchemaData>
		</ExtendedData>
		<Point>
			<coordinates>72.966182,19.166838,0</coordinates>
		</Point>
	</Placemark>
	<Placemark>
		<name>NAVBHARAT NUTAN VIDYALAYA</name>
		<visibility>0</visibility>
		<styleUrl>#mumbai_unaided_schools_style</styleUrl>
		<ExtendedData>
			<SchemaData schemaUrl="#J_mumbai_unaided_schools_SIISSSSSSISSSSS">
				<SimpleData name="Address">NETAJI SUBHASH ROAD, MULUND WEST MUMBAI 400080</SimpleData>
				<SimpleData name="Cls_From">1</SimpleData>
				<SimpleData name="Cls_To">4</SimpleData>
				<SimpleData name="Email">1953nnv@gmail.com</SimpleData>
				<SimpleData name="GoogleMaps">https://www.google.com/maps/search/?api=1&amp;query=19.1786879993234,72.9516349997043</SimpleData>
				<SimpleData name="Landline_1">022-25681787</SimpleData>
				<SimpleData name="Lat">19.1786879993234</SimpleData>
				<SimpleData name="Long">72.9516349997043</SimpleData>
				<SimpleData name="Name">NAVBHARAT NUTAN VIDYALAYA</SimpleData>
				<SimpleData name="OBJECTID_1">389</SimpleData>
				<SimpleData name="Owner_Dept">Education Dept</SimpleData>
				<SimpleData name="School_Typ">3-Co-educational</SimpleData>
				<SimpleData name="Twitter_Ha">@mybmcedu</SimpleData>
				<SimpleData name="Ward">T-WARD</SimpleData>
				<SimpleData name="Website">navbharatnutanvidyalaya.com</SimpleData>
			</SchemaData>
		</ExtendedData>
		<Point>
			<coordinates>72.951635,19.178688,0</coordinates>
		</Point>
	</Placemark>
	<Placemark>
		<name>SHARON ENGLISH HIGH SCHOOL</name>
		<visibility>0</visibility>
		<styleUrl>#mumbai_unaided_schools_style</styleUrl>
		<ExtendedData>
			<SchemaData schemaUrl="#J_mumbai_unaided_schools_SIISSSSSSISSSSS">
				<SimpleData name="Address">B. P. Singh Cross Road No. 1, Mulund West, Mumbai</SimpleData>
				<SimpleData name="Cls_From">1</SimpleData>
				<SimpleData name="Cls_To">4</SimpleData>
				<SimpleData name="Email">sharonprimary@gmail.com</SimpleData>
				<SimpleData name="GoogleMaps">https://www.google.com/maps/search/?api=1&amp;query=19.1776769997154,72.9478269993563</SimpleData>
				<SimpleData name="Landline_1">022-25612579</SimpleData>
				<SimpleData name="Lat">19.1776769997154</SimpleData>
				<SimpleData name="Long">72.9478269993563</SimpleData>
				<SimpleData name="Name">SHARON ENGLISH HIGH SCHOOL</SimpleData>
				<SimpleData name="OBJECTID_1">390</SimpleData>
				<SimpleData name="Owner_Dept">Education Dept</SimpleData>
				<SimpleData name="School_Typ">3-Co-educational</SimpleData>
				<SimpleData name="Twitter_Ha">@mybmcedu</SimpleData>
				<SimpleData name="Ward">T-WARD</SimpleData>
				<SimpleData name="Website">sharonschool.in</SimpleData>
			</SchemaData>
		</ExtendedData>
		<Point>
			<coordinates>72.947827,19.177677,0</coordinates>
		</Point>
	</Placemark>
	<Placemark>
		<name>J A MEGHNI ENG LP</name>
		<visibility>0</visibility>
		<styleUrl>#mumbai_unaided_schools_style</styleUrl>
		<ExtendedData>
			<SchemaData schemaUrl="#J_mumbai_unaided_schools_SIISSSSSSISSSSS">
				<SimpleData name="Address">J.A.MEGHANI MEMORIAL ENGLISH PRIMARY SCHOOL CHANDAN BAUGH ROAD MULUND WEST MUMBAI 400080</SimpleData>
				<SimpleData name="Cls_From">1</SimpleData>
				<SimpleData name="Cls_To">4</SimpleData>
				<SimpleData name="Email">jameghani@hotmail.com</SimpleData>
				<SimpleData name="GoogleMaps">https://www.google.com/maps/search/?api=1&amp;query=19.1766969993089,72.9499979999785</SimpleData>
				<SimpleData name="Landline_1">022-25616927</SimpleData>
				<SimpleData name="Lat">19.1766969993089</SimpleData>
				<SimpleData name="Long">72.9499979999785</SimpleData>
				<SimpleData name="Name">J A MEGHNI ENG LP</SimpleData>
				<SimpleData name="OBJECTID_1">391</SimpleData>
				<SimpleData name="Owner_Dept">Education Dept</SimpleData>
				<SimpleData name="School_Typ">3-Co-educational</SimpleData>
				<SimpleData name="Twitter_Ha">@mybmcedu</SimpleData>
				<SimpleData name="Ward">T-WARD</SimpleData>
				<SimpleData name="Website">education.maharashtra.gov.in/saral/27220600394</SimpleData>
			</SchemaData>
		</ExtendedData>
		<Point>
			<coordinates>72.94999799999999,19.176697,0</coordinates>
		</Point>
	</Placemark>
	<Placemark>
		<name>ST GREGORIOS PUBLIC SCHOOL</name>
		<visibility>0</visibility>
		<styleUrl>#mumbai_unaided_schools_style</styleUrl>
		<ExtendedData>
			<SchemaData schemaUrl="#J_mumbai_unaided_schools_SIISSSSSSISSSSS">
				<SimpleData name="Address">ACC ROAD OPP CITY OF JOY MULUND WEST MUMBAI</SimpleData>
				<SimpleData name="Cls_From">1</SimpleData>
				<SimpleData name="Cls_To">4</SimpleData>
				<SimpleData name="Email">stgregoriospublicschool@gmail.com</SimpleData>
				<SimpleData name="GoogleMaps">https://www.google.com/maps/search/?api=1&amp;query=19.1802610002853,72.9586610005147</SimpleData>
				<SimpleData name="Landline_1">022-25615739</SimpleData>
				<SimpleData name="Lat">19.1802610002853</SimpleData>
				<SimpleData name="Long">72.9586610005147</SimpleData>
				<SimpleData name="Name">ST GREGORIOS PUBLIC SCHOOL</SimpleData>
				<SimpleData name="OBJECTID_1">392</SimpleData>
				<SimpleData name="Owner_Dept">Education Dept</SimpleData>
				<SimpleData name="School_Typ">3-Co-educational</SimpleData>
				<SimpleData name="Twitter_Ha">@mybmcedu</SimpleData>
				<SimpleData name="Ward">T-WARD</SimpleData>
				<SimpleData name="Website">www.stgregoriospublicschool.com</SimpleData>
			</SchemaData>
		</ExtendedData>
		<Point>
			<coordinates>72.95866100000001,19.180261,0</coordinates>
		</Point>
	</Placemark>
	<Placemark>
		<name>ST.GEORGE ENGLISH PRIMARY SCHOOL MULUND(W)</name>
		<visibility>0</visibility>
		<styleUrl>#mumbai_unaided_schools_style</styleUrl>
		<ExtendedData>
			<SchemaData schemaUrl="#J_mumbai_unaided_schools_SIISSSSSSISSSSS">
				<SimpleData name="Address">St. George Nagar B R Road Mulund W Mumbai 80</SimpleData>
				<SimpleData name="Cls_From">1</SimpleData>
				<SimpleData name="Cls_To">4</SimpleData>
				<SimpleData name="Email">st.george_highschool@yahoo.com</SimpleData>
				<SimpleData name="GoogleMaps">https://www.google.com/maps/search/?api=1&amp;query=19.1834059996992,72.9450430000576</SimpleData>
				<SimpleData name="Landline_1">022-21645620</SimpleData>
				<SimpleData name="Lat">19.1834059996992</SimpleData>
				<SimpleData name="Long">72.9450430000576</SimpleData>
				<SimpleData name="Name">ST.GEORGE ENGLISH PRIMARY SCHOOL MULUND(W)</SimpleData>
				<SimpleData name="OBJECTID_1">393</SimpleData>
				<SimpleData name="Owner_Dept">Education Dept</SimpleData>
				<SimpleData name="School_Typ">3-Co-educational</SimpleData>
				<SimpleData name="Twitter_Ha">@mybmcedu</SimpleData>
				<SimpleData name="Ward">T -WARD</SimpleData>
				<SimpleData name="Website"> </SimpleData>
			</SchemaData>
		</ExtendedData>
		<Point>
			<coordinates>72.945043,19.183406,0</coordinates>
		</Point>
	</Placemark>
	<Placemark>
		<name>NUTAN SARSWATI MARATHI VIDYALAY</name>
		<visibility>0</visibility>
		<styleUrl>#mumbai_unaided_schools_style</styleUrl>
		<ExtendedData>
			<SchemaData schemaUrl="#J_mumbai_unaided_schools_SIISSSSSSISSSSS">
				<SimpleData name="Address">amar nagar dargah rode</SimpleData>
				<SimpleData name="Cls_From">1</SimpleData>
				<SimpleData name="Cls_To">4</SimpleData>
				<SimpleData name="Email">nutanmarathividyalay1990@gmail.com</SimpleData>
				<SimpleData name="GoogleMaps">https://www.google.com/maps/search/?api=1&amp;query=19.1691210001031,72.9318499998624</SimpleData>
				<SimpleData name="Landline_1">022-25928882</SimpleData>
				<SimpleData name="Lat">19.1691210001031</SimpleData>
				<SimpleData name="Long">72.9318499998624</SimpleData>
				<SimpleData name="Name">NUTAN SARSWATI MARATHI VIDYALAY</SimpleData>
				<SimpleData name="OBJECTID_1">394</SimpleData>
				<SimpleData name="Owner_Dept">Education Dept</SimpleData>
				<SimpleData name="School_Typ">3-Co-educational</SimpleData>
				<SimpleData name="Twitter_Ha">@mybmcedu</SimpleData>
				<SimpleData name="Ward">T -WARD</SimpleData>
				<SimpleData name="Website">education.maharashtra.gov.in/saral/27220600420</SimpleData>
			</SchemaData>
		</ExtendedData>
		<Point>
			<coordinates>72.93185,19.169121,0</coordinates>
		</Point>
	</Placemark>
	<Placemark>
		<name>GURUNANAK ENG LP</name>
		<visibility>0</visibility>
		<styleUrl>#mumbai_unaided_schools_style</styleUrl>
		<ExtendedData>
			<SchemaData schemaUrl="#J_mumbai_unaided_schools_SIISSSSSSISSSSS">
				<SimpleData name="Address">Ramabai ambedkar Nagar,Ghatkopar east</SimpleData>
				<SimpleData name="Cls_From">1</SimpleData>
				<SimpleData name="Cls_To">4</SimpleData>
				<SimpleData name="Email">gnehs.896@rediffmail.com</SimpleData>
				<SimpleData name="GoogleMaps">https://www.google.com/maps/search/?api=1&amp;query=19.077426999988,72.9178630001867</SimpleData>
				<SimpleData name="Landline_1">022-25254961</SimpleData>
				<SimpleData name="Lat">19.077426999988</SimpleData>
				<SimpleData name="Long">72.9178630001867</SimpleData>
				<SimpleData name="Name">GURUNANAK ENG LP</SimpleData>
				<SimpleData name="OBJECTID_1">395</SimpleData>
				<SimpleData name="Owner_Dept">Education Dept</SimpleData>
				<SimpleData name="School_Typ">3-Co-educational</SimpleData>
				<SimpleData name="Twitter_Ha">@mybmcedu</SimpleData>
				<SimpleData name="Ward">N  WARD</SimpleData>
				<SimpleData name="Website"> </SimpleData>
			</SchemaData>
		</ExtendedData>
		<Point>
			<coordinates>72.917863,19.077427,0</coordinates>
		</Point>
	</Placemark>
	<Placemark>
		<name>JOYMAX ENG UP</name>
		<visibility>0</visibility>
		<styleUrl>#mumbai_unaided_schools_style</styleUrl>
		<ExtendedData>
			<SchemaData schemaUrl="#J_mumbai_unaided_schools_SIISSSSSSISSSSS">
				<SimpleData name="Address">RAMABAI COLONY GHATKOPAR EAST MUMBAI 400075</SimpleData>
				<SimpleData name="Cls_From">1</SimpleData>
				<SimpleData name="Cls_To">4</SimpleData>
				<SimpleData name="Email">joymaxschool@gmail.com</SimpleData>
				<SimpleData name="GoogleMaps">https://www.google.com/maps/search/?api=1&amp;query=19.0750569999627,72.9201750001159</SimpleData>
				<SimpleData name="Landline_1">022-25252526</SimpleData>
				<SimpleData name="Lat">19.0750569999627</SimpleData>
				<SimpleData name="Long">72.9201750001159</SimpleData>
				<SimpleData name="Name">JOYMAX ENG UP</SimpleData>
				<SimpleData name="OBJECTID_1">396</SimpleData>
				<SimpleData name="Owner_Dept">Education Dept</SimpleData>
				<SimpleData name="School_Typ">3-Co-educational</SimpleData>
				<SimpleData name="Twitter_Ha">@mybmcedu</SimpleData>
				<SimpleData name="Ward">N  WARD</SimpleData>
				<SimpleData name="Website"> </SimpleData>
			</SchemaData>
		</ExtendedData>
		<Point>
			<coordinates>72.920175,19.075057,0</coordinates>
		</Point>
	</Placemark>
	<Placemark>
		<name>SAVITRIBAI PHULE MAR</name>
		<visibility>0</visibility>
		<styleUrl>#mumbai_unaided_schools_style</styleUrl>
		<ExtendedData>
			<SchemaData schemaUrl="#J_mumbai_unaided_schools_SIISSSSSSISSSSS">
				<SimpleData name="Address">Ramabai Ambedkar Nagar Ghatkopar East</SimpleData>
				<SimpleData name="Cls_From">1</SimpleData>
				<SimpleData name="Cls_To">4</SimpleData>
				<SimpleData name="Email">savitribaiphulev@gmail.com</SimpleData>
				<SimpleData name="GoogleMaps">https://www.google.com/maps/search/?api=1&amp;query=19.0754719996982,72.9152960006616</SimpleData>
				<SimpleData name="Landline_1">022-0</SimpleData>
				<SimpleData name="Lat">19.0754719996982</SimpleData>
				<SimpleData name="Long">72.9152960006616</SimpleData>
				<SimpleData name="Name">SAVITRIBAI PHULE MAR</SimpleData>
				<SimpleData name="OBJECTID_1">397</SimpleData>
				<SimpleData name="Owner_Dept">Education Dept</SimpleData>
				<SimpleData name="School_Typ">3-Co-educational</SimpleData>
				<SimpleData name="Twitter_Ha">@mybmcedu</SimpleData>
				<SimpleData name="Ward">N  WARD</SimpleData>
				<SimpleData name="Website"> </SimpleData>
			</SchemaData>
		</ExtendedData>
		<Point>
			<coordinates>72.915296,19.075472,0</coordinates>
		</Point>
	</Placemark>
	<Placemark>
		<name>NATIONAL PRI SCHOOL</name>
		<visibility>0</visibility>
		<styleUrl>#mumbai_unaided_schools_style</styleUrl>
		<ExtendedData>
			<SchemaData schemaUrl="#J_mumbai_unaided_schools_SIISSSSSSISSSSS">
				<SimpleData name="Address">c-11 prabahat nagar rambai ambedkar nagar ghatkopar east</SimpleData>
				<SimpleData name="Cls_From">1</SimpleData>
				<SimpleData name="Cls_To">4</SimpleData>
				<SimpleData name="Email">nationalhighschool91@gmail.com</SimpleData>
				<SimpleData name="GoogleMaps">https://www.google.com/maps/search/?api=1&amp;query=19.0767929996619,72.9181710003463</SimpleData>
				<SimpleData name="Landline_1">022-0</SimpleData>
				<SimpleData name="Lat">19.0767929996619</SimpleData>
				<SimpleData name="Long">72.9181710003463</SimpleData>
				<SimpleData name="Name">NATIONAL PRI SCHOOL</SimpleData>
				<SimpleData name="OBJECTID_1">398</SimpleData>
				<SimpleData name="Owner_Dept">Education Dept</SimpleData>
				<SimpleData name="School_Typ">3-Co-educational</SimpleData>
				<SimpleData name="Twitter_Ha">@mybmcedu</SimpleData>
				<SimpleData name="Ward">N  WARD</SimpleData>
				<SimpleData name="Website"> </SimpleData>
			</SchemaData>
		</ExtendedData>
		<Point>
			<coordinates>72.918171,19.076793,0</coordinates>
		</Point>
	</Placemark>
	<Placemark>
		<name>MODERN ENG MIDIUM SCHOOL</name>
		<visibility>0</visibility>
		<styleUrl>#mumbai_unaided_schools_style</styleUrl>
		<ExtendedData>
			<SchemaData schemaUrl="#J_mumbai_unaided_schools_SIISSSSSSISSSSS">
				<SimpleData name="Address">GALLI NO16ROOM N 8PRAGATI CHAWL KAMRAJ NAGAR  GHATKOPAR E MUMBAI -77</SimpleData>
				<SimpleData name="Cls_From">1</SimpleData>
				<SimpleData name="Cls_To">4</SimpleData>
				<SimpleData name="Email">memskamraj@gmail.com</SimpleData>
				<SimpleData name="GoogleMaps">https://www.google.com/maps/search/?api=1&amp;query=19.071231999456,72.9155550002153</SimpleData>
				<SimpleData name="Landline_1">022-86555628</SimpleData>
				<SimpleData name="Lat">19.071231999456</SimpleData>
				<SimpleData name="Long">72.9155550002153</SimpleData>
				<SimpleData name="Name">MODERN ENG MIDIUM SCHOOL</SimpleData>
				<SimpleData name="OBJECTID_1">399</SimpleData>
				<SimpleData name="Owner_Dept">Education Dept</SimpleData>
				<SimpleData name="School_Typ">3-Co-educational</SimpleData>
				<SimpleData name="Twitter_Ha">@mybmcedu</SimpleData>
				<SimpleData name="Ward">N  WARD</SimpleData>
				<SimpleData name="Website"> </SimpleData>
			</SchemaData>
		</ExtendedData>
		<Point>
			<coordinates>72.915555,19.071232,0</coordinates>
		</Point>
	</Placemark>
	<Placemark>
		<name>SMT B V GANDHI RUSHIKUL GURU ENG</name>
		<visibility>0</visibility>
		<styleUrl>#mumbai_unaided_schools_style</styleUrl>
		<ExtendedData>
			<SchemaData schemaUrl="#J_mumbai_unaided_schools_SIISSSSSSISSSSS">
				<SimpleData name="Address">GURUKUL Educational  Institutions Tilak Road Ghatkopar east Mumbai 400077</SimpleData>
				<SimpleData name="Cls_From">1</SimpleData>
				<SimpleData name="Cls_To">8</SimpleData>
				<SimpleData name="Email">rushikulschool@gmail.com</SimpleData>
				<SimpleData name="GoogleMaps">https://www.google.com/maps/search/?api=1&amp;query=19.0812039997644,72.9074310001636</SimpleData>
				<SimpleData name="Landline_1">022-25104467</SimpleData>
				<SimpleData name="Lat">19.0812039997644</SimpleData>
				<SimpleData name="Long">72.9074310001636</SimpleData>
				<SimpleData name="Name">SMT B V GANDHI RUSHIKUL GURU ENG</SimpleData>
				<SimpleData name="OBJECTID_1">400</SimpleData>
				<SimpleData name="Owner_Dept">Education Dept</SimpleData>
				<SimpleData name="School_Typ">3-Co-educational</SimpleData>
				<SimpleData name="Twitter_Ha">@mybmcedu</SimpleData>
				<SimpleData name="Ward">N  WARD</SimpleData>
				<SimpleData name="Website">www.gurukulcampus.com</SimpleData>
			</SchemaData>
		</ExtendedData>
		<Point>
			<coordinates>72.907431,19.081204,0</coordinates>
		</Point>
	</Placemark>
	<Placemark>
		<name>FATIMA HIGH SCHOOL</name>
		<visibility>0</visibility>
		<styleUrl>#mumbai_unaided_schools_style</styleUrl>
		<ExtendedData>
			<SchemaData schemaUrl="#J_mumbai_unaided_schools_SIISSSSSSISSSSS">
				<SimpleData name="Address">KIROL VILLAGE OPP JOLLY GYMKHANA VIDYAVIHAR W MUMBAI 400086</SimpleData>
				<SimpleData name="Cls_From">1</SimpleData>
				<SimpleData name="Cls_To">4</SimpleData>
				<SimpleData name="Email">fatimahighschool54@gmail.com</SimpleData>
				<SimpleData name="GoogleMaps">https://www.google.com/maps/search/?api=1&amp;query=19.0825220001629,72.8984400004948</SimpleData>
				<SimpleData name="Landline_1">022-0</SimpleData>
				<SimpleData name="Lat">19.0825220001629</SimpleData>
				<SimpleData name="Long">72.8984400004948</SimpleData>
				<SimpleData name="Name">FATIMA HIGH SCHOOL</SimpleData>
				<SimpleData name="OBJECTID_1">401</SimpleData>
				<SimpleData name="Owner_Dept">Education Dept</SimpleData>
				<SimpleData name="School_Typ">3-Co-educational</SimpleData>
				<SimpleData name="Twitter_Ha">@mybmcedu</SimpleData>
				<SimpleData name="Ward">N  WARD</SimpleData>
				<SimpleData name="Website">www.fatimahighschool.in</SimpleData>
			</SchemaData>
		</ExtendedData>
		<Point>
			<coordinates>72.89843999999999,19.082522,0</coordinates>
		</Point>
	</Placemark>
	<Placemark>
		<name>R N GANDHI HIGH SCHOOL</name>
		<visibility>0</visibility>
		<styleUrl>#mumbai_unaided_schools_style</styleUrl>
		<ExtendedData>
			<SchemaData schemaUrl="#J_mumbai_unaided_schools_SIISSSSSSISSSSS">
				<SimpleData name="Address">PRIN. R. N. GANDHI MARG, RAJAWADI, VIDYAVIHAR EAST, MUMBAI 400 077.</SimpleData>
				<SimpleData name="Cls_From">1</SimpleData>
				<SimpleData name="Cls_To">4</SimpleData>
				<SimpleData name="Email">info@rnghs.org</SimpleData>
				<SimpleData name="GoogleMaps">https://www.google.com/maps/search/?api=1&amp;query=19.0776209999355,72.8991350001247</SimpleData>
				<SimpleData name="Landline_1">022-21028761</SimpleData>
				<SimpleData name="Lat">19.0776209999355</SimpleData>
				<SimpleData name="Long">72.8991350001247</SimpleData>
				<SimpleData name="Name">R N GANDHI HIGH SCHOOL</SimpleData>
				<SimpleData name="OBJECTID_1">402</SimpleData>
				<SimpleData name="Owner_Dept">Education Dept</SimpleData>
				<SimpleData name="School_Typ">3-Co-educational</SimpleData>
				<SimpleData name="Twitter_Ha">@mybmcedu</SimpleData>
				<SimpleData name="Ward">N  WARD</SimpleData>
				<SimpleData name="Website"> </SimpleData>
			</SchemaData>
		</ExtendedData>
		<Point>
			<coordinates>72.899135,19.077621,0</coordinates>
		</Point>
	</Placemark>
	<Placemark>
		<name>SUBEDAR ENG SCHOOL</name>
		<visibility>0</visibility>
		<styleUrl>#mumbai_unaided_schools_style</styleUrl>
		<ExtendedData>
			<SchemaData schemaUrl="#J_mumbai_unaided_schools_SIISSSSSSISSSSS">
				<SimpleData name="Address">CHIRAG NAGAR AZAD NAGAR JUNCTION GHATKOPAR WEST</SimpleData>
				<SimpleData name="Cls_From">1</SimpleData>
				<SimpleData name="Cls_To">7</SimpleData>
				<SimpleData name="Email">saitrust657@gmail.com</SimpleData>
				<SimpleData name="GoogleMaps">https://www.google.com/maps/search/?api=1&amp;query=19.0885660003388,72.8964479996894</SimpleData>
				<SimpleData name="Landline_1">022-25109571</SimpleData>
				<SimpleData name="Lat">19.0885660003388</SimpleData>
				<SimpleData name="Long">72.8964479996894</SimpleData>
				<SimpleData name="Name">SUBEDAR ENG SCHOOL</SimpleData>
				<SimpleData name="OBJECTID_1">403</SimpleData>
				<SimpleData name="Owner_Dept">Education Dept</SimpleData>
				<SimpleData name="School_Typ">3-Co-educational</SimpleData>
				<SimpleData name="Twitter_Ha">@mybmcedu</SimpleData>
				<SimpleData name="Ward">N  WARD</SimpleData>
				<SimpleData name="Website"> </SimpleData>
			</SchemaData>
		</ExtendedData>
		<Point>
			<coordinates>72.89644800000001,19.088566,0</coordinates>
		</Point>
	</Placemark>
	<Placemark>
		<name>SWAMI SHAMANAND LP MAR</name>
		<visibility>0</visibility>
		<styleUrl>#mumbai_unaided_schools_style</styleUrl>
		<ExtendedData>
			<SchemaData schemaUrl="#J_mumbai_unaided_schools_SIISSSSSSISSSSS">
				<SimpleData name="Address">Ghatkopar west bhatwadi</SimpleData>
				<SimpleData name="Cls_From">1</SimpleData>
				<SimpleData name="Cls_To">4</SimpleData>
				<SimpleData name="Email">shamanandmarathiprimary@gmail.com</SimpleData>
				<SimpleData name="GoogleMaps">https://www.google.com/maps/search/?api=1&amp;query=19.0968799994738,72.9014539995404</SimpleData>
				<SimpleData name="Landline_1">022-25090577</SimpleData>
				<SimpleData name="Lat">19.0968799994738</SimpleData>
				<SimpleData name="Long">72.9014539995404</SimpleData>
				<SimpleData name="Name">SWAMI SHAMANAND LP MAR</SimpleData>
				<SimpleData name="OBJECTID_1">404</SimpleData>
				<SimpleData name="Owner_Dept">Education Dept</SimpleData>
				<SimpleData name="School_Typ">3-Co-educational</SimpleData>
				<SimpleData name="Twitter_Ha">@mybmcedu</SimpleData>
				<SimpleData name="Ward">N  WARD</SimpleData>
				<SimpleData name="Website"> </SimpleData>
			</SchemaData>
		</ExtendedData>
		<Point>
			<coordinates>72.901454,19.09688,0</coordinates>
		</Point>
	</Placemark>
	<Placemark>
		<name>D M BHATIA ENG LP</name>
		<visibility>0</visibility>
		<styleUrl>#mumbai_unaided_schools_style</styleUrl>
		<ExtendedData>
			<SchemaData schemaUrl="#J_mumbai_unaided_schools_SIISSSSSSISSSSS">
				<SimpleData name="Address">Ramji Assar Lane, M G Road</SimpleData>
				<SimpleData name="Cls_From">1</SimpleData>
				<SimpleData name="Cls_To">4</SimpleData>
				<SimpleData name="Email">dmbhatia2016@gmail.com</SimpleData>
				<SimpleData name="GoogleMaps">https://www.google.com/maps/search/?api=1&amp;query=19.0818380000162,72.9041189999417</SimpleData>
				<SimpleData name="Landline_1">022-21024184</SimpleData>
				<SimpleData name="Lat">19.0818380000162</SimpleData>
				<SimpleData name="Long">72.9041189999417</SimpleData>
				<SimpleData name="Name">D M BHATIA ENG LP</SimpleData>
				<SimpleData name="OBJECTID_1">405</SimpleData>
				<SimpleData name="Owner_Dept">Education Dept</SimpleData>
				<SimpleData name="School_Typ">3-Co-educational</SimpleData>
				<SimpleData name="Twitter_Ha">@mybmcedu</SimpleData>
				<SimpleData name="Ward">N  WARD</SimpleData>
				<SimpleData name="Website">www.ramjiassar.org</SimpleData>
			</SchemaData>
		</ExtendedData>
		<Point>
			<coordinates>72.90411899999999,19.081838,0</coordinates>
		</Point>
	</Placemark>
	<Placemark>
		<name>HINDI HIGH SCHOOL ENG LP</name>
		<visibility>0</visibility>
		<styleUrl>#mumbai_unaided_schools_style</styleUrl>
		<ExtendedData>
			<SchemaData schemaUrl="#J_mumbai_unaided_schools_SIISSSSSSISSSSS">
				<SimpleData name="Address">Laxminarayan Mandir Marg,Ghatkopar,Mumbai-86</SimpleData>
				<SimpleData name="Cls_From">1</SimpleData>
				<SimpleData name="Cls_To">4</SimpleData>
				<SimpleData name="Email">hindihighschoolenglishprimary@gmail.com</SimpleData>
				<SimpleData name="GoogleMaps">https://www.google.com/maps/search/?api=1&amp;query=19.0877570000844,72.9094709997845</SimpleData>
				<SimpleData name="Landline_1">022-25152709</SimpleData>
				<SimpleData name="Lat">19.0877570000844</SimpleData>
				<SimpleData name="Long">72.9094709997845</SimpleData>
				<SimpleData name="Name">HINDI HIGH SCHOOL ENG LP</SimpleData>
				<SimpleData name="OBJECTID_1">406</SimpleData>
				<SimpleData name="Owner_Dept">Education Dept</SimpleData>
				<SimpleData name="School_Typ">3-Co-educational</SimpleData>
				<SimpleData name="Twitter_Ha">@mybmcedu</SimpleData>
				<SimpleData name="Ward">N  WARD</SimpleData>
				<SimpleData name="Website"> </SimpleData>
			</SchemaData>
		</ExtendedData>
		<Point>
			<coordinates>72.909471,19.087757,0</coordinates>
		</Point>
	</Placemark>
	<Placemark>
		<name>SHETH V D DEVSHI LP ENG</name>
		<visibility>0</visibility>
		<styleUrl>#mumbai_unaided_schools_style</styleUrl>
		<ExtendedData>
			<SchemaData schemaUrl="#J_mumbai_unaided_schools_SIISSSSSSISSSSS">
				<SimpleData name="Address">HINGWALA LANE, GHATKOPAR - EAST, MUMBAI - 400077</SimpleData>
				<SimpleData name="Cls_From">1</SimpleData>
				<SimpleData name="Cls_To">4</SimpleData>
				<SimpleData name="Email">svddprischool@yahoo.in</SimpleData>
				<SimpleData name="GoogleMaps">https://www.google.com/maps/search/?api=1&amp;query=19.0829569999885,72.9085250003918</SimpleData>
				<SimpleData name="Landline_1">022-25013560</SimpleData>
				<SimpleData name="Lat">19.0829569999885</SimpleData>
				<SimpleData name="Long">72.9085250003918</SimpleData>
				<SimpleData name="Name">SHETH V D DEVSHI LP ENG</SimpleData>
				<SimpleData name="OBJECTID_1">407</SimpleData>
				<SimpleData name="Owner_Dept">Education Dept</SimpleData>
				<SimpleData name="School_Typ">3-Co-educational</SimpleData>
				<SimpleData name="Twitter_Ha">@mybmcedu</SimpleData>
				<SimpleData name="Ward">N  WARD</SimpleData>
				<SimpleData name="Website"> </SimpleData>
			</SchemaData>
		</ExtendedData>
		<Point>
			<coordinates>72.908525,19.082957,0</coordinates>
		</Point>
	</Placemark>
	<Placemark>
		<name>SMT L D DOSHI GURUKUL ENG LP</name>
		<visibility>0</visibility>
		<styleUrl>#mumbai_unaided_schools_style</styleUrl>
		<ExtendedData>
			<SchemaData schemaUrl="#J_mumbai_unaided_schools_SIISSSSSSISSSSS">
				<SimpleData name="Address">Tilak Road  Ghatkopar East Mumbai 400 077</SimpleData>
				<SimpleData name="Cls_From">1</SimpleData>
				<SimpleData name="Cls_To">4</SimpleData>
				<SimpleData name="Email">lddgurukul@gmail.com</SimpleData>
				<SimpleData name="GoogleMaps">https://www.google.com/maps/search/?api=1&amp;query=19.0810590006005,72.9075070002549</SimpleData>
				<SimpleData name="Landline_1">022-25015176</SimpleData>
				<SimpleData name="Lat">19.0810590006005</SimpleData>
				<SimpleData name="Long">72.9075070002549</SimpleData>
				<SimpleData name="Name">SMT L D DOSHI GURUKUL ENG LP</SimpleData>
				<SimpleData name="OBJECTID_1">408</SimpleData>
				<SimpleData name="Owner_Dept">Education Dept</SimpleData>
				<SimpleData name="School_Typ">3-Co-educational</SimpleData>
				<SimpleData name="Twitter_Ha">@mybmcedu</SimpleData>
				<SimpleData name="Ward">N  WARD</SimpleData>
				<SimpleData name="Website"> </SimpleData>
			</SchemaData>
		</ExtendedData>
		<Point>
			<coordinates>72.907507,19.081059,0</coordinates>
		</Point>
	</Placemark>
	<Placemark>
		<name>DOMINIC SEVIO VIDYALAYA</name>
		<visibility>0</visibility>
		<styleUrl>#mumbai_unaided_schools_style</styleUrl>
		<ExtendedData>
			<SchemaData schemaUrl="#J_mumbai_unaided_schools_SIISSSSSSISSSSS">
				<SimpleData name="Address">Pantnagar, Ghatkopar East, Mumbai 400075</SimpleData>
				<SimpleData name="Cls_From">1</SimpleData>
				<SimpleData name="Cls_To">4</SimpleData>
				<SimpleData name="Email">dominicsaviovidyalay@gmail.com</SimpleData>
				<SimpleData name="GoogleMaps">https://www.google.com/maps/search/?api=1&amp;query=19.0894309994942,72.9145720003323</SimpleData>
				<SimpleData name="Landline_1">022-25131793</SimpleData>
				<SimpleData name="Lat">19.0894309994942</SimpleData>
				<SimpleData name="Long">72.9145720003323</SimpleData>
				<SimpleData name="Name">DOMINIC SEVIO VIDYALAYA</SimpleData>
				<SimpleData name="OBJECTID_1">409</SimpleData>
				<SimpleData name="Owner_Dept">Education Dept</SimpleData>
				<SimpleData name="School_Typ">3-Co-educational</SimpleData>
				<SimpleData name="Twitter_Ha">@mybmcedu</SimpleData>
				<SimpleData name="Ward">N  WARD</SimpleData>
				<SimpleData name="Website">dominicsaviovidyalaya.com</SimpleData>
			</SchemaData>
		</ExtendedData>
		<Point>
			<coordinates>72.91457200000001,19.089431,0</coordinates>
		</Point>
	</Placemark>
	<Placemark>
		<name>SHIVAJI SHIKSHAN S. ENG.</name>
		<visibility>0</visibility>
		<styleUrl>#mumbai_unaided_schools_style</styleUrl>
		<ExtendedData>
			<SchemaData schemaUrl="#J_mumbai_unaided_schools_SIISSSSSSISSSSS">
				<SimpleData name="Address">Dr  Ankush Shankar Gawade Marg  Pantnagar Ghatkopar E Mumbai 400 075</SimpleData>
				<SimpleData name="Cls_From">1</SimpleData>
				<SimpleData name="Cls_To">5</SimpleData>
				<SimpleData name="Email">sss.englishmedium@gmail.com</SimpleData>
				<SimpleData name="GoogleMaps">https://www.google.com/maps/search/?api=1&amp;query=19.0840150001204,72.913792000015</SimpleData>
				<SimpleData name="Landline_1">022-25015575</SimpleData>
				<SimpleData name="Lat">19.0840150001204</SimpleData>
				<SimpleData name="Long">72.913792000015</SimpleData>
				<SimpleData name="Name">SHIVAJI SHIKSHAN S. ENG.</SimpleData>
				<SimpleData name="OBJECTID_1">410</SimpleData>
				<SimpleData name="Owner_Dept">Education Dept</SimpleData>
				<SimpleData name="School_Typ">3-Co-educational</SimpleData>
				<SimpleData name="Twitter_Ha">@mybmcedu</SimpleData>
				<SimpleData name="Ward">N  WARD</SimpleData>
				<SimpleData name="Website"> </SimpleData>
			</SchemaData>
		</ExtendedData>
		<Point>
			<coordinates>72.913792,19.084015,0</coordinates>
		</Point>
	</Placemark>
	<Placemark>
		<name>ST JOSEPH HIGH SCHOOL</name>
		<visibility>0</visibility>
		<styleUrl>#mumbai_unaided_schools_style</styleUrl>
		<ExtendedData>
			<SchemaData schemaUrl="#J_mumbai_unaided_schools_SIISSSSSSISSSSS">
				<SimpleData name="Address">St. Joseph High School, Vikhroli West, Near Railway Station, Mumbai 400079.</SimpleData>
				<SimpleData name="Cls_From">1</SimpleData>
				<SimpleData name="Cls_To">4</SimpleData>
				<SimpleData name="Email">stjoseph_vik@rediffmail.com</SimpleData>
				<SimpleData name="GoogleMaps">https://www.google.com/maps/search/?api=1&amp;query=19.110355999501,72.9272359999444</SimpleData>
				<SimpleData name="Landline_1">022-25781552</SimpleData>
				<SimpleData name="Lat">19.110355999501</SimpleData>
				<SimpleData name="Long">72.9272359999444</SimpleData>
				<SimpleData name="Name">ST JOSEPH HIGH SCHOOL</SimpleData>
				<SimpleData name="OBJECTID_1">411</SimpleData>
				<SimpleData name="Owner_Dept">Education Dept</SimpleData>
				<SimpleData name="School_Typ">3-Co-educational</SimpleData>
				<SimpleData name="Twitter_Ha">@mybmcedu</SimpleData>
				<SimpleData name="Ward">N  WARD</SimpleData>
				<SimpleData name="Website"> </SimpleData>
			</SchemaData>
		</ExtendedData>
		<Point>
			<coordinates>72.92723599999999,19.110356,0</coordinates>
		</Point>
	</Placemark>
	<Placemark>
		<name>UDAYACHAL LP</name>
		<visibility>0</visibility>
		<styleUrl>#mumbai_unaided_schools_style</styleUrl>
		<ExtendedData>
			<SchemaData schemaUrl="#J_mumbai_unaided_schools_SIISSSSSSISSSSS">
				<SimpleData name="Address">GODREJ STATION SIDE COLONY, PIROJSHANAGAR, VIKHROLI-E, MUMBAI-400079</SimpleData>
				<SimpleData name="Cls_From">1</SimpleData>
				<SimpleData name="Cls_To">4</SimpleData>
				<SimpleData name="Email">rsj@godrej.com</SimpleData>
				<SimpleData name="GoogleMaps">https://www.google.com/maps/search/?api=1&amp;query=19.1087789994526,72.9306810003578</SimpleData>
				<SimpleData name="Landline_1">022-67963592</SimpleData>
				<SimpleData name="Lat">19.1087789994526</SimpleData>
				<SimpleData name="Long">72.9306810003578</SimpleData>
				<SimpleData name="Name">UDAYACHAL LP</SimpleData>
				<SimpleData name="OBJECTID_1">412</SimpleData>
				<SimpleData name="Owner_Dept">Education Dept</SimpleData>
				<SimpleData name="School_Typ">3-Co-educational</SimpleData>
				<SimpleData name="Twitter_Ha">@mybmcedu</SimpleData>
				<SimpleData name="Ward">N  WARD</SimpleData>
				<SimpleData name="Website">www.udayachal.com</SimpleData>
			</SchemaData>
		</ExtendedData>
		<Point>
			<coordinates>72.93068100000001,19.108779,0</coordinates>
		</Point>
	</Placemark>
	<Placemark>
		<name>SARASWATI VIDYA NIKETAN  LP</name>
		<visibility>0</visibility>
		<styleUrl>#mumbai_unaided_schools_style</styleUrl>
		<ExtendedData>
			<SchemaData schemaUrl="#J_mumbai_unaided_schools_SIISSSSSSISSSSS">
				<SimpleData name="Address">UPPER DEPOT PADA SAGAR NAGAR PARKSITE VIKHROLI WEST MUMBAI 400 079</SimpleData>
				<SimpleData name="Cls_From">1</SimpleData>
				<SimpleData name="Cls_To">4</SimpleData>
				<SimpleData name="Email">svnpark.1995@gmail.com</SimpleData>
				<SimpleData name="GoogleMaps">https://www.google.com/maps/search/?api=1&amp;query=19.1055189999888,72.9150959999416</SimpleData>
				<SimpleData name="Landline_1">022-25175312</SimpleData>
				<SimpleData name="Lat">19.1055189999888</SimpleData>
				<SimpleData name="Long">72.9150959999416</SimpleData>
				<SimpleData name="Name">SARASWATI VIDYA NIKETAN  LP</SimpleData>
				<SimpleData name="OBJECTID_1">413</SimpleData>
				<SimpleData name="Owner_Dept">Education Dept</SimpleData>
				<SimpleData name="School_Typ">3-Co-educational</SimpleData>
				<SimpleData name="Twitter_Ha">@mybmcedu</SimpleData>
				<SimpleData name="Ward">N  WARD</SimpleData>
				<SimpleData name="Website"> </SimpleData>
			</SchemaData>
		</ExtendedData>
		<Point>
			<coordinates>72.91509600000001,19.105519,0</coordinates>
		</Point>
	</Placemark>
	<Placemark>
		<name>GURUNANAK ENGLISH PRIMARY SCHOOL</name>
		<visibility>0</visibility>
		<styleUrl>#mumbai_unaided_schools_style</styleUrl>
		<ExtendedData>
			<SchemaData schemaUrl="#J_mumbai_unaided_schools_SIISSSSSSISSSSS">
				<SimpleData name="Address">gurunanak english high school.parksite. vikhroli near gurudwara mumbai.79</SimpleData>
				<SimpleData name="Cls_From">1</SimpleData>
				<SimpleData name="Cls_To">4</SimpleData>
				<SimpleData name="Email">gnvsparksite@yahoo.co.in</SimpleData>
				<SimpleData name="GoogleMaps">https://www.google.com/maps/search/?api=1&amp;query=19.1023030001393,72.9175069997123</SimpleData>
				<SimpleData name="Landline_1">022-25170758</SimpleData>
				<SimpleData name="Lat">19.1023030001393</SimpleData>
				<SimpleData name="Long">72.9175069997123</SimpleData>
				<SimpleData name="Name">GURUNANAK ENGLISH PRIMARY SCHOOL</SimpleData>
				<SimpleData name="OBJECTID_1">414</SimpleData>
				<SimpleData name="Owner_Dept">Education Dept</SimpleData>
				<SimpleData name="School_Typ">3-Co-educational</SimpleData>
				<SimpleData name="Twitter_Ha">@mybmcedu</SimpleData>
				<SimpleData name="Ward">N  WARD</SimpleData>
				<SimpleData name="Website"> </SimpleData>
			</SchemaData>
		</ExtendedData>
		<Point>
			<coordinates>72.917507,19.102303,0</coordinates>
		</Point>
	</Placemark>
	<Placemark>
		<name>LITTLE FLOWER ENG LP</name>
		<visibility>0</visibility>
		<styleUrl>#mumbai_unaided_schools_style</styleUrl>
		<ExtendedData>
			<SchemaData schemaUrl="#J_mumbai_unaided_schools_SIISSSSSSISSSSS">
				<SimpleData name="Address">G M Colony Amrut Nagar Ghatkopar west Mumbai 400 086</SimpleData>
				<SimpleData name="Cls_From">1</SimpleData>
				<SimpleData name="Cls_To">4</SimpleData>
				<SimpleData name="Email">ifhs86@gmail.com</SimpleData>
				<SimpleData name="GoogleMaps">https://www.google.com/maps/search/?api=1&amp;query=19.1023150004397,72.9124870005212</SimpleData>
				<SimpleData name="Landline_1">022-25171981</SimpleData>
				<SimpleData name="Lat">19.1023150004397</SimpleData>
				<SimpleData name="Long">72.9124870005212</SimpleData>
				<SimpleData name="Name">LITTLE FLOWER ENG LP</SimpleData>
				<SimpleData name="OBJECTID_1">415</SimpleData>
				<SimpleData name="Owner_Dept">Education Dept</SimpleData>
				<SimpleData name="School_Typ">3-Co-educational</SimpleData>
				<SimpleData name="Twitter_Ha">@mybmcedu</SimpleData>
				<SimpleData name="Ward">N  WARD</SimpleData>
				<SimpleData name="Website">www.littleflowerengschool.co</SimpleData>
			</SchemaData>
		</ExtendedData>
		<Point>
			<coordinates>72.912487,19.102315,0</coordinates>
		</Point>
	</Placemark>
	<Placemark>
		<name>SARASWATI VIDYA NIKETAN</name>
		<visibility>0</visibility>
		<styleUrl>#mumbai_unaided_schools_style</styleUrl>
		<ExtendedData>
			<SchemaData schemaUrl="#J_mumbai_unaided_schools_SIISSSSSSISSSSS">
				<SimpleData name="Address">ANAND NAGAR SAINATH ROAD GHATKOPAR WEST MUMBAI 400086</SimpleData>
				<SimpleData name="Cls_From">1</SimpleData>
				<SimpleData name="Cls_To">4</SimpleData>
				<SimpleData name="Email">svnghat.1999@gmail.com</SimpleData>
				<SimpleData name="GoogleMaps">https://www.google.com/maps/search/?api=1&amp;query=19.0505999999747,72.9337680000784</SimpleData>
				<SimpleData name="Landline_1">022-25175312</SimpleData>
				<SimpleData name="Lat">19.0505999999747</SimpleData>
				<SimpleData name="Long">72.9337680000784</SimpleData>
				<SimpleData name="Name">SARASWATI VIDYA NIKETAN</SimpleData>
				<SimpleData name="OBJECTID_1">416</SimpleData>
				<SimpleData name="Owner_Dept">Education Dept</SimpleData>
				<SimpleData name="School_Typ">3-Co-educational</SimpleData>
				<SimpleData name="Twitter_Ha">@mybmcedu</SimpleData>
				<SimpleData name="Ward">N  WARD</SimpleData>
				<SimpleData name="Website"> </SimpleData>
			</SchemaData>
		</ExtendedData>
		<Point>
			<coordinates>72.933768,19.0506,0</coordinates>
		</Point>
	</Placemark>
	<Placemark>
		<name>SANDESH VIDYALAY LP</name>
		<visibility>0</visibility>
		<styleUrl>#mumbai_unaided_schools_style</styleUrl>
		<ExtendedData>
			<SchemaData schemaUrl="#J_mumbai_unaided_schools_SIISSSSSSISSSSS">
				<SimpleData name="Address">Park Site Vikhroli West, Mumbai-400079</SimpleData>
				<SimpleData name="Cls_From">1</SimpleData>
				<SimpleData name="Cls_To">4</SimpleData>
				<SimpleData name="Email">sandeshprimary@gmail.com</SimpleData>
				<SimpleData name="GoogleMaps">https://www.google.com/maps/search/?api=1&amp;query=19.1058260002318,72.9123560001524</SimpleData>
				<SimpleData name="Landline_1">022-25181666</SimpleData>
				<SimpleData name="Lat">19.1058260002318</SimpleData>
				<SimpleData name="Long">72.9123560001524</SimpleData>
				<SimpleData name="Name">SANDESH VIDYALAY LP</SimpleData>
				<SimpleData name="OBJECTID_1">417</SimpleData>
				<SimpleData name="Owner_Dept">Education Dept</SimpleData>
				<SimpleData name="School_Typ">3-Co-educational</SimpleData>
				<SimpleData name="Twitter_Ha">@mybmcedu</SimpleData>
				<SimpleData name="Ward">N  WARD</SimpleData>
				<SimpleData name="Website"> </SimpleData>
			</SchemaData>
		</ExtendedData>
		<Point>
			<coordinates>72.912356,19.105826,0</coordinates>
		</Point>
	</Placemark>
	<Placemark>
		<name>VIDYADEEP VIDYALAY</name>
		<visibility>0</visibility>
		<styleUrl>#mumbai_unaided_schools_style</styleUrl>
		<ExtendedData>
			<SchemaData schemaUrl="#J_mumbai_unaided_schools_SIISSSSSSISSSSS">
				<SimpleData name="Address">ADHINATH HOUSING SOCIETY, HANUMAN NAGAR PARK SITE VIKHROLI MUMBAI-400079</SimpleData>
				<SimpleData name="Cls_From">1</SimpleData>
				<SimpleData name="Cls_To">4</SimpleData>
				<SimpleData name="Email">vidyadeepvidyalay@gmail.com</SimpleData>
				<SimpleData name="GoogleMaps">https://www.google.com/maps/search/?api=1&amp;query=19.1041969996736,72.9111959998652</SimpleData>
				<SimpleData name="Landline_1">022-25189098</SimpleData>
				<SimpleData name="Lat">19.1041969996736</SimpleData>
				<SimpleData name="Long">72.9111959998652</SimpleData>
				<SimpleData name="Name">VIDYADEEP VIDYALAY</SimpleData>
				<SimpleData name="OBJECTID_1">418</SimpleData>
				<SimpleData name="Owner_Dept">Education Dept</SimpleData>
				<SimpleData name="School_Typ">3-Co-educational</SimpleData>
				<SimpleData name="Twitter_Ha">@mybmcedu</SimpleData>
				<SimpleData name="Ward">N  WARD</SimpleData>
				<SimpleData name="Website"> </SimpleData>
			</SchemaData>
		</ExtendedData>
		<Point>
			<coordinates>72.911196,19.104197,0</coordinates>
		</Point>
	</Placemark>
	<Placemark>
		<name>RAVIKIRAN PRATHMIC VIDYALYA</name>
		<visibility>0</visibility>
		<styleUrl>#mumbai_unaided_schools_style</styleUrl>
		<ExtendedData>
			<SchemaData schemaUrl="#J_mumbai_unaided_schools_SIISSSSSSISSSSS">
				<SimpleData name="Address">shivaji nagar parksite vikhroli west mumbai 400079</SimpleData>
				<SimpleData name="Cls_From">1</SimpleData>
				<SimpleData name="Cls_To">4</SimpleData>
				<SimpleData name="Email">hmpawarvt@gmail.com</SimpleData>
				<SimpleData name="GoogleMaps">https://www.google.com/maps/search/?api=1&amp;query=19.1091919995763,72.9152150003565</SimpleData>
				<SimpleData name="Landline_1">022-0</SimpleData>
				<SimpleData name="Lat">19.1091919995763</SimpleData>
				<SimpleData name="Long">72.9152150003565</SimpleData>
				<SimpleData name="Name">RAVIKIRAN PRATHMIC VIDYALYA</SimpleData>
				<SimpleData name="OBJECTID_1">419</SimpleData>
				<SimpleData name="Owner_Dept">Education Dept</SimpleData>
				<SimpleData name="School_Typ">3-Co-educational</SimpleData>
				<SimpleData name="Twitter_Ha">@mybmcedu</SimpleData>
				<SimpleData name="Ward">N  WARD</SimpleData>
				<SimpleData name="Website"> </SimpleData>
			</SchemaData>
		</ExtendedData>
		<Point>
			<coordinates>72.915215,19.109192,0</coordinates>
		</Point>
	</Placemark>
	<Placemark>
		<name>VIVEK VIDYALYA</name>
		<visibility>0</visibility>
		<styleUrl>#mumbai_unaided_schools_style</styleUrl>
		<ExtendedData>
			<SchemaData schemaUrl="#J_mumbai_unaided_schools_SIISSSSSSISSSSS">
				<SimpleData name="Address">SHIVKRIPA SOCIETY ANANDGAD PARKSITE VIKHROLI WEST MUMBAI 400079</SimpleData>
				<SimpleData name="Cls_From">1</SimpleData>
				<SimpleData name="Cls_To">4</SimpleData>
				<SimpleData name="Email">vivekthorat.2010@rediffmail.com</SimpleData>
				<SimpleData name="GoogleMaps">https://www.google.com/maps/search/?api=1&amp;query=19.1078289997206,72.9146339991181</SimpleData>
				<SimpleData name="Landline_1">022-25175394</SimpleData>
				<SimpleData name="Lat">19.1078289997206</SimpleData>
				<SimpleData name="Long">72.9146339991181</SimpleData>
				<SimpleData name="Name">VIVEK VIDYALYA</SimpleData>
				<SimpleData name="OBJECTID_1">420</SimpleData>
				<SimpleData name="Owner_Dept">Education Dept</SimpleData>
				<SimpleData name="School_Typ">3-Co-educational</SimpleData>
				<SimpleData name="Twitter_Ha">@mybmcedu</SimpleData>
				<SimpleData name="Ward">N  WARD</SimpleData>
				<SimpleData name="Website">www.vivekvidyalaya.in</SimpleData>
			</SchemaData>
		</ExtendedData>
		<Point>
			<coordinates>72.91463400000001,19.107829,0</coordinates>
		</Point>
	</Placemark>
	<Placemark>
		<name>VYANKETESH VIDYA NIKETAN</name>
		<visibility>0</visibility>
		<styleUrl>#mumbai_unaided_schools_style</styleUrl>
		<ExtendedData>
			<SchemaData schemaUrl="#J_mumbai_unaided_schools_SIISSSSSSISSSSS">
				<SimpleData name="Address">SHIVAJI NAGAR PARKSITE VIKHROLI WEST MUMBAI</SimpleData>
				<SimpleData name="Cls_From">1</SimpleData>
				<SimpleData name="Cls_To">4</SimpleData>
				<SimpleData name="Email">vyankivikhroli@rediffmail.com</SimpleData>
				<SimpleData name="GoogleMaps">https://www.google.com/maps/search/?api=1&amp;query=19.0980170001296,72.9100379998102</SimpleData>
				<SimpleData name="Landline_1">022-0</SimpleData>
				<SimpleData name="Lat">19.0980170001296</SimpleData>
				<SimpleData name="Long">72.9100379998102</SimpleData>
				<SimpleData name="Name">VYANKETESH VIDYA NIKETAN</SimpleData>
				<SimpleData name="OBJECTID_1">421</SimpleData>
				<SimpleData name="Owner_Dept">Education Dept</SimpleData>
				<SimpleData name="School_Typ">3-Co-educational</SimpleData>
				<SimpleData name="Twitter_Ha">@mybmcedu</SimpleData>
				<SimpleData name="Ward">N  WARD</SimpleData>
				<SimpleData name="Website"> </SimpleData>
			</SchemaData>
		</ExtendedData>
		<Point>
			<coordinates>72.910038,19.098017,0</coordinates>
		</Point>
	</Placemark>
	<Placemark>
		<name>DHANRAJI PAL VIDYALAYA</name>
		<visibility>0</visibility>
		<styleUrl>#mumbai_unaided_schools_style</styleUrl>
		<ExtendedData>
			<SchemaData schemaUrl="#J_mumbai_unaided_schools_SIISSSSSSISSSSS">
				<SimpleData name="Address">Shri Kripa CHS Anandgad Parksite Vikhroli west Mumbai 400079</SimpleData>
				<SimpleData name="Cls_From">1</SimpleData>
				<SimpleData name="Cls_To">4</SimpleData>
				<SimpleData name="Email">dhanrajipal@gmail.com</SimpleData>
				<SimpleData name="GoogleMaps">https://www.google.com/maps/search/?api=1&amp;query=19.1072820002983,72.9131540000214</SimpleData>
				<SimpleData name="Landline_1">022-25175339</SimpleData>
				<SimpleData name="Lat">19.1072820002983</SimpleData>
				<SimpleData name="Long">72.9131540000214</SimpleData>
				<SimpleData name="Name">DHANRAJI PAL VIDYALAYA</SimpleData>
				<SimpleData name="OBJECTID_1">422</SimpleData>
				<SimpleData name="Owner_Dept">Education Dept</SimpleData>
				<SimpleData name="School_Typ">3-Co-educational</SimpleData>
				<SimpleData name="Twitter_Ha">@mybmcedu</SimpleData>
				<SimpleData name="Ward">N  WARD</SimpleData>
				<SimpleData name="Website"> </SimpleData>
			</SchemaData>
		</ExtendedData>
		<Point>
			<coordinates>72.91315400000001,19.107282,0</coordinates>
		</Point>
	</Placemark>
	<Placemark>
		<name>AGRASEN HINDI VIDYALAY</name>
		<visibility>0</visibility>
		<styleUrl>#mumbai_unaided_schools_style</styleUrl>
		<ExtendedData>
			<SchemaData schemaUrl="#J_mumbai_unaided_schools_SIISSSSSSISSSSS">
				<SimpleData name="Address">HANUMAN NAGAR, VIKHROLI PARKSITE, MUMBAI 400 079</SimpleData>
				<SimpleData name="Cls_From">1</SimpleData>
				<SimpleData name="Cls_To">4</SimpleData>
				<SimpleData name="Email">agrasen.vikroli@gmail.com</SimpleData>
				<SimpleData name="GoogleMaps">https://www.google.com/maps/search/?api=1&amp;query=19.105034999717,72.9121379991952</SimpleData>
				<SimpleData name="Landline_1">022-25181236</SimpleData>
				<SimpleData name="Lat">19.105034999717</SimpleData>
				<SimpleData name="Long">72.9121379991952</SimpleData>
				<SimpleData name="Name">AGRASEN HINDI VIDYALAY</SimpleData>
				<SimpleData name="OBJECTID_1">423</SimpleData>
				<SimpleData name="Owner_Dept">Education Dept</SimpleData>
				<SimpleData name="School_Typ">3-Co-educational</SimpleData>
				<SimpleData name="Twitter_Ha">@mybmcedu</SimpleData>
				<SimpleData name="Ward">N  WARD</SimpleData>
				<SimpleData name="Website"> </SimpleData>
			</SchemaData>
		</ExtendedData>
		<Point>
			<coordinates>72.912138,19.105035,0</coordinates>
		</Point>
	</Placemark>
	<Placemark>
		<name>SARASWATI VIDYAMANDIR</name>
		<visibility>0</visibility>
		<styleUrl>#mumbai_unaided_schools_style</styleUrl>
		<ExtendedData>
			<SchemaData schemaUrl="#J_mumbai_unaided_schools_SIISSSSSSISSSSS">
				<SimpleData name="Address">Saraswati Vidya Mandir,English Primary,Near Jagruti Nagar Metro Station,Bhatwadi,Ghatkopar,Mumbai-84</SimpleData>
				<SimpleData name="Cls_From">1</SimpleData>
				<SimpleData name="Cls_To">4</SimpleData>
				<SimpleData name="Email">saraswatieng.2011@gmail.com</SimpleData>
				<SimpleData name="GoogleMaps">https://www.google.com/maps/search/?api=1&amp;query=19.0926480001085,72.9026659994582</SimpleData>
				<SimpleData name="Landline_1">022-25167043</SimpleData>
				<SimpleData name="Lat">19.0926480001085</SimpleData>
				<SimpleData name="Long">72.9026659994582</SimpleData>
				<SimpleData name="Name">SARASWATI VIDYAMANDIR</SimpleData>
				<SimpleData name="OBJECTID_1">424</SimpleData>
				<SimpleData name="Owner_Dept">Education Dept</SimpleData>
				<SimpleData name="School_Typ">3-Co-educational</SimpleData>
				<SimpleData name="Twitter_Ha">@mybmcedu</SimpleData>
				<SimpleData name="Ward">N  WARD</SimpleData>
				<SimpleData name="Website">saraswatividyamandir.org.in</SimpleData>
			</SchemaData>
		</ExtendedData>
		<Point>
			<coordinates>72.902666,19.092648,0</coordinates>
		</Point>
	</Placemark>
	<Placemark>
		<name>JAWED URDU PRIMARY SCHOOL</name>
		<visibility>0</visibility>
		<styleUrl>#mumbai_unaided_schools_style</styleUrl>
		<ExtendedData>
			<SchemaData schemaUrl="#J_mumbai_unaided_schools_SIISSSSSSISSSSS">
				<SimpleData name="Address">NG213/4,2/4akbarlala compound azad nagar Ghatkopar west Mumbai 400086</SimpleData>
				<SimpleData name="Cls_From">1</SimpleData>
				<SimpleData name="Cls_To">4</SimpleData>
				<SimpleData name="Email">shaikhobaid.obaid3@gmail.com</SimpleData>
				<SimpleData name="GoogleMaps">https://www.google.com/maps/search/?api=1&amp;query=19.091320000052,72.895095999588</SimpleData>
				<SimpleData name="Landline_1">022-0</SimpleData>
				<SimpleData name="Lat">19.091320000052</SimpleData>
				<SimpleData name="Long">72.895095999588</SimpleData>
				<SimpleData name="Name">JAWED URDU PRIMARY SCHOOL</SimpleData>
				<SimpleData name="OBJECTID_1">425</SimpleData>
				<SimpleData name="Owner_Dept">Education Dept</SimpleData>
				<SimpleData name="School_Typ">3-Co-educational</SimpleData>
				<SimpleData name="Twitter_Ha">@mybmcedu</SimpleData>
				<SimpleData name="Ward">N  WARD</SimpleData>
				<SimpleData name="Website"> </SimpleData>
			</SchemaData>
		</ExtendedData>
		<Point>
			<coordinates>72.895096,19.09132,0</coordinates>
		</Point>
	</Placemark>
	<Placemark>
		<name>OXFO ENGLISH SCHOOL</name>
		<visibility>0</visibility>
		<styleUrl>#mumbai_unaided_schools_style</styleUrl>
		<ExtendedData>
			<SchemaData schemaUrl="#J_mumbai_unaided_schools_SIISSSSSSISSSSS">
				<SimpleData name="Address">Near Diamond Garage Vikhroli Parksite Vikhroli West - Mumbai 400079.</SimpleData>
				<SimpleData name="Cls_From">1</SimpleData>
				<SimpleData name="Cls_To">4</SimpleData>
				<SimpleData name="Email">oxfoenglishschool@gmail.com</SimpleData>
				<SimpleData name="GoogleMaps">https://www.google.com/maps/search/?api=1&amp;query=19.10130799982,72.9170120005865</SimpleData>
				<SimpleData name="Landline_1">022-25188118</SimpleData>
				<SimpleData name="Lat">19.10130799982</SimpleData>
				<SimpleData name="Long">72.9170120005865</SimpleData>
				<SimpleData name="Name">OXFO ENGLISH SCHOOL</SimpleData>
				<SimpleData name="OBJECTID_1">426</SimpleData>
				<SimpleData name="Owner_Dept">Education Dept</SimpleData>
				<SimpleData name="School_Typ">3-Co-educational</SimpleData>
				<SimpleData name="Twitter_Ha">@mybmcedu</SimpleData>
				<SimpleData name="Ward">N  WARD</SimpleData>
				<SimpleData name="Website"> </SimpleData>
			</SchemaData>
		</ExtendedData>
		<Point>
			<coordinates>72.917012,19.101308,0</coordinates>
		</Point>
	</Placemark>
	<Placemark>
		<name>DREAM ENGLISH SCHOOL</name>
		<visibility>0</visibility>
		<styleUrl>#mumbai_unaided_schools_style</styleUrl>
		<ExtendedData>
			<SchemaData schemaUrl="#J_mumbai_unaided_schools_SIISSSSSSISSSSS">
				<SimpleData name="Address">A/27, Twin house, near jain mandir,parksite vikhroli west mumbai 400079</SimpleData>
				<SimpleData name="Cls_From">1</SimpleData>
				<SimpleData name="Cls_To">4</SimpleData>
				<SimpleData name="Email">dreamenglishschool2012@gmail.com</SimpleData>
				<SimpleData name="GoogleMaps">https://www.google.com/maps/search/?api=1&amp;query=19.1040470000466,72.9170329995488</SimpleData>
				<SimpleData name="Landline_1">022-69916992</SimpleData>
				<SimpleData name="Lat">19.1040470000466</SimpleData>
				<SimpleData name="Long">72.9170329995488</SimpleData>
				<SimpleData name="Name">DREAM ENGLISH SCHOOL</SimpleData>
				<SimpleData name="OBJECTID_1">427</SimpleData>
				<SimpleData name="Owner_Dept">Education Dept</SimpleData>
				<SimpleData name="School_Typ">3-Co-educational</SimpleData>
				<SimpleData name="Twitter_Ha">@mybmcedu</SimpleData>
				<SimpleData name="Ward">N  WARD</SimpleData>
				<SimpleData name="Website"> </SimpleData>
			</SchemaData>
		</ExtendedData>
		<Point>
			<coordinates>72.917033,19.104047,0</coordinates>
		</Point>
	</Placemark>
	<Placemark>
		<name>SADHU VASWANI LP ENG</name>
		<visibility>0</visibility>
		<styleUrl>#mumbai_unaided_schools_style</styleUrl>
		<ExtendedData>
			<SchemaData schemaUrl="#J_mumbai_unaided_schools_SIISSSSSSISSSSS">
				<SimpleData name="Address">MAHATMA GANDHI NAGAR, R.C. MARG, MAHUL ROAD, CHEMBUR, MUMBAI-74</SimpleData>
				<SimpleData name="Cls_From">1</SimpleData>
				<SimpleData name="Cls_To">4</SimpleData>
				<SimpleData name="Email">sadhuvaswanichembur@gmail.com</SimpleData>
				<SimpleData name="GoogleMaps">https://www.google.com/maps/search/?api=1&amp;query=19.0491650001301,72.8949860003361</SimpleData>
				<SimpleData name="Landline_1">022-25272605</SimpleData>
				<SimpleData name="Lat">19.0491650001301</SimpleData>
				<SimpleData name="Long">72.8949860003361</SimpleData>
				<SimpleData name="Name">SADHU VASWANI LP ENG</SimpleData>
				<SimpleData name="OBJECTID_1">428</SimpleData>
				<SimpleData name="Owner_Dept">Education Dept</SimpleData>
				<SimpleData name="School_Typ">3-Co-educational</SimpleData>
				<SimpleData name="Twitter_Ha">@mybmcedu</SimpleData>
				<SimpleData name="Ward">M/W</SimpleData>
				<SimpleData name="Website"> </SimpleData>
			</SchemaData>
		</ExtendedData>
		<Point>
			<coordinates>72.894986,19.049165,0</coordinates>
		</Point>
	</Placemark>
	<Placemark>
		<name>DEVKIBAI BHOJRAJ CHANRAI LP</name>
		<visibility>0</visibility>
		<styleUrl>#mumbai_unaided_schools_style</styleUrl>
		<ExtendedData>
			<SchemaData schemaUrl="#J_mumbai_unaided_schools_SIISSSSSSISSSSS">
				<SimpleData name="Address">70, Collectors Colony, Chembur, Mumbai 400074</SimpleData>
				<SimpleData name="Cls_From">1</SimpleData>
				<SimpleData name="Cls_To">4</SimpleData>
				<SimpleData name="Email">vesdhc@yahoo.in</SimpleData>
				<SimpleData name="GoogleMaps">https://www.google.com/maps/search/?api=1&amp;query=19.0421150001103,72.8922069991996</SimpleData>
				<SimpleData name="Landline_1">022-25530332</SimpleData>
				<SimpleData name="Lat">19.0421150001103</SimpleData>
				<SimpleData name="Long">72.8922069991996</SimpleData>
				<SimpleData name="Name">DEVKIBAI BHOJRAJ CHANRAI LP</SimpleData>
				<SimpleData name="OBJECTID_1">429</SimpleData>
				<SimpleData name="Owner_Dept">Education Dept</SimpleData>
				<SimpleData name="School_Typ">3-Co-educational</SimpleData>
				<SimpleData name="Twitter_Ha">@mybmcedu</SimpleData>
				<SimpleData name="Ward">M/W</SimpleData>
				<SimpleData name="Website">ves.ac.in</SimpleData>
			</SchemaData>
		</ExtendedData>
		<Point>
			<coordinates>72.892207,19.042115,0</coordinates>
		</Point>
	</Placemark>
	<Placemark>
		<name>SIND COSMOPOLITAN ENG PRI</name>
		<visibility>0</visibility>
		<styleUrl>#mumbai_unaided_schools_style</styleUrl>
		<ExtendedData>
			<SchemaData schemaUrl="#J_mumbai_unaided_schools_SIISSSSSSISSSSS">
				<SimpleData name="Address">Maroli-Church ,Mahul road ,chembur,Mumbai.</SimpleData>
				<SimpleData name="Cls_From">1</SimpleData>
				<SimpleData name="Cls_To">4</SimpleData>
				<SimpleData name="Email">sindcosmopolitionetpschool@gmail.com</SimpleData>
				<SimpleData name="GoogleMaps">https://www.google.com/maps/search/?api=1&amp;query=19.0400860004939,72.8931400003756</SimpleData>
				<SimpleData name="Landline_1">022-25548047</SimpleData>
				<SimpleData name="Lat">19.0400860004939</SimpleData>
				<SimpleData name="Long">72.8931400003756</SimpleData>
				<SimpleData name="Name">SIND COSMOPOLITAN ENG PRI</SimpleData>
				<SimpleData name="OBJECTID_1">430</SimpleData>
				<SimpleData name="Owner_Dept">Education Dept</SimpleData>
				<SimpleData name="School_Typ">3-Co-educational</SimpleData>
				<SimpleData name="Twitter_Ha">@mybmcedu</SimpleData>
				<SimpleData name="Ward">M/W</SimpleData>
				<SimpleData name="Website"> </SimpleData>
			</SchemaData>
		</ExtendedData>
		<Point>
			<coordinates>72.89314,19.040086,0</coordinates>
		</Point>
	</Placemark>
	<Placemark>
		<name>VINAY ENGLISH PRIMARY SCHOOL</name>
		<visibility>0</visibility>
		<styleUrl>#mumbai_unaided_schools_style</styleUrl>
		<ExtendedData>
			<SchemaData schemaUrl="#J_mumbai_unaided_schools_SIISSSSSSISSSSS">
				<SimpleData name="Address">VINAY HIGH SCHOOL M.M.R.D.A COLONY NEAR R.N.A PARK VASHINAKA CHEMBUR MUMBAI 74</SimpleData>
				<SimpleData name="Cls_From">1</SimpleData>
				<SimpleData name="Cls_To">4</SimpleData>
				<SimpleData name="Email">vinayhighschool@gmail.com</SimpleData>
				<SimpleData name="GoogleMaps">https://www.google.com/maps/search/?api=1&amp;query=19.0326380008596,72.9022720000335</SimpleData>
				<SimpleData name="Landline_1">022-0</SimpleData>
				<SimpleData name="Lat">19.0326380008596</SimpleData>
				<SimpleData name="Long">72.9022720000335</SimpleData>
				<SimpleData name="Name">VINAY ENGLISH PRIMARY SCHOOL</SimpleData>
				<SimpleData name="OBJECTID_1">431</SimpleData>
				<SimpleData name="Owner_Dept">Education Dept</SimpleData>
				<SimpleData name="School_Typ">3-Co-educational</SimpleData>
				<SimpleData name="Twitter_Ha">@mybmcedu</SimpleData>
				<SimpleData name="Ward">M/W</SimpleData>
				<SimpleData name="Website"> </SimpleData>
			</SchemaData>
		</ExtendedData>
		<Point>
			<coordinates>72.902272,19.032638,0</coordinates>
		</Point>
	</Placemark>
	<Placemark>
		<name>SWAMI VIVEKANAND LP</name>
		<visibility>0</visibility>
		<styleUrl>#mumbai_unaided_schools_style</styleUrl>
		<ExtendedData>
			<SchemaData schemaUrl="#J_mumbai_unaided_schools_SIISSSSSSISSSSS">
				<SimpleData name="Address">76, Sindhi Society, Chembur, Mumbai 71</SimpleData>
				<SimpleData name="Cls_From">1</SimpleData>
				<SimpleData name="Cls_To">4</SimpleData>
				<SimpleData name="Email">Vijayagurnani1234@gmail.com</SimpleData>
				<SimpleData name="GoogleMaps">https://www.google.com/maps/search/?api=1&amp;query=19.0495859997843,72.8876049993664</SimpleData>
				<SimpleData name="Landline_1">022-25227498</SimpleData>
				<SimpleData name="Lat">19.0495859997843</SimpleData>
				<SimpleData name="Long">72.8876049993664</SimpleData>
				<SimpleData name="Name">SWAMI VIVEKANAND LP</SimpleData>
				<SimpleData name="OBJECTID_1">432</SimpleData>
				<SimpleData name="Owner_Dept">Education Dept</SimpleData>
				<SimpleData name="School_Typ">3-Co-educational</SimpleData>
				<SimpleData name="Twitter_Ha">@mybmcedu</SimpleData>
				<SimpleData name="Ward">M/W</SimpleData>
				<SimpleData name="Website">ves.ac.in</SimpleData>
			</SchemaData>
		</ExtendedData>
		<Point>
			<coordinates>72.88760499999999,19.049586,0</coordinates>
		</Point>
	</Placemark>
	<Placemark>
		<name>MUMBAI ASSEMBLIES OF GOD DAY</name>
		<visibility>0</visibility>
		<styleUrl>#mumbai_unaided_schools_style</styleUrl>
		<ExtendedData>
			<SchemaData schemaUrl="#J_mumbai_unaided_schools_SIISSSSSSISSSSS">
				<SimpleData name="Address">9, SINDHI SOCIETY, SION-TROMBAY ROAD,CHEMBUR MUMBAI-400071.</SimpleData>
				<SimpleData name="Cls_From">1</SimpleData>
				<SimpleData name="Cls_To">4</SimpleData>
				<SimpleData name="Email">bagdschool@gmail.com</SimpleData>
				<SimpleData name="GoogleMaps">https://www.google.com/maps/search/?api=1&amp;query=19.0541840007046,72.8917099998125</SimpleData>
				<SimpleData name="Landline_1">022-25228817</SimpleData>
				<SimpleData name="Lat">19.0541840007046</SimpleData>
				<SimpleData name="Long">72.8917099998125</SimpleData>
				<SimpleData name="Name">MUMBAI ASSEMBLIES OF GOD DAY</SimpleData>
				<SimpleData name="OBJECTID_1">433</SimpleData>
				<SimpleData name="Owner_Dept">Education Dept</SimpleData>
				<SimpleData name="School_Typ">3-Co-educational</SimpleData>
				<SimpleData name="Twitter_Ha">@mybmcedu</SimpleData>
				<SimpleData name="Ward">M/W</SimpleData>
				<SimpleData name="Website"> </SimpleData>
			</SchemaData>
		</ExtendedData>
		<Point>
			<coordinates>72.89171,19.054184,0</coordinates>
		</Point>
	</Placemark>
	<Placemark>
		<name>SANATHAN DHARM VIDAYALAYA</name>
		<visibility>0</visibility>
		<styleUrl>#mumbai_unaided_schools_style</styleUrl>
		<ExtendedData>
			<SchemaData schemaUrl="#J_mumbai_unaided_schools_SIISSSSSSISSSSS">
				<SimpleData name="Address">R C Marg Chembur Mumbai 400 074</SimpleData>
				<SimpleData name="Cls_From">1</SimpleData>
				<SimpleData name="Cls_To">4</SimpleData>
				<SimpleData name="Email">sanathanvidyalaya@yahoo.co.in</SimpleData>
				<SimpleData name="GoogleMaps">https://www.google.com/maps/search/?api=1&amp;query=19.0443839998927,72.8928660002057</SimpleData>
				<SimpleData name="Landline_1">022-25532887</SimpleData>
				<SimpleData name="Lat">19.0443839998927</SimpleData>
				<SimpleData name="Long">72.8928660002057</SimpleData>
				<SimpleData name="Name">SANATHAN DHARM VIDAYALAYA</SimpleData>
				<SimpleData name="OBJECTID_1">434</SimpleData>
				<SimpleData name="Owner_Dept">Education Dept</SimpleData>
				<SimpleData name="School_Typ">3-Co-educational</SimpleData>
				<SimpleData name="Twitter_Ha">@mybmcedu</SimpleData>
				<SimpleData name="Ward">M/W</SimpleData>
				<SimpleData name="Website"> </SimpleData>
			</SchemaData>
		</ExtendedData>
		<Point>
			<coordinates>72.892866,19.044384,0</coordinates>
		</Point>
	</Placemark>
	<Placemark>
		<name>SMT. T.M.HINDUJA NATIONAL SARVODAYA PRIMARY SCHOOL</name>
		<visibility>0</visibility>
		<styleUrl>#mumbai_unaided_schools_style</styleUrl>
		<ExtendedData>
			<SchemaData schemaUrl="#J_mumbai_unaided_schools_SIISSSSSSISSSSS">
				<SimpleData name="Address">plot no 112 - 113 ganga vidya mandir near golf club chembur colony mumbai 400 074</SimpleData>
				<SimpleData name="Cls_From">1</SimpleData>
				<SimpleData name="Cls_To">4</SimpleData>
				<SimpleData name="Email">ns.jrcollege@yahoo.com</SimpleData>
				<SimpleData name="GoogleMaps">https://www.google.com/maps/search/?api=1&amp;query=19.0464749999535,72.8973389992831</SimpleData>
				<SimpleData name="Landline_1">022-5201853</SimpleData>
				<SimpleData name="Lat">19.0464749999535</SimpleData>
				<SimpleData name="Long">72.8973389992831</SimpleData>
				<SimpleData name="Name">SMT. T.M.HINDUJA NATIONAL SARVODAYA PRIMARY SCHOOL</SimpleData>
				<SimpleData name="OBJECTID_1">435</SimpleData>
				<SimpleData name="Owner_Dept">Education Dept</SimpleData>
				<SimpleData name="School_Typ">3-Co-educational</SimpleData>
				<SimpleData name="Twitter_Ha">@mybmcedu</SimpleData>
				<SimpleData name="Ward">M/W</SimpleData>
				<SimpleData name="Website">www.nationalsarvodaya.com</SimpleData>
			</SchemaData>
		</ExtendedData>
		<Point>
			<coordinates>72.897339,19.046475,0</coordinates>
		</Point>
	</Placemark>
	<Placemark>
		<name>SANATANDHARAM VIDYALAYA</name>
		<visibility>0</visibility>
		<styleUrl>#mumbai_unaided_schools_style</styleUrl>
		<ExtendedData>
			<SchemaData schemaUrl="#J_mumbai_unaided_schools_SIISSSSSSISSSSS">
				<SimpleData name="Address">R C Marg Chembur Mumbai 400 074</SimpleData>
				<SimpleData name="Cls_From">1</SimpleData>
				<SimpleData name="Cls_To">4</SimpleData>
				<SimpleData name="Email">sanatanvidyalaya@yahoo.co.in</SimpleData>
				<SimpleData name="GoogleMaps">https://www.google.com/maps/search/?api=1&amp;query=19.044838000142,72.8933799997276</SimpleData>
				<SimpleData name="Landline_1">022-25532887</SimpleData>
				<SimpleData name="Lat">19.044838000142</SimpleData>
				<SimpleData name="Long">72.8933799997276</SimpleData>
				<SimpleData name="Name">SANATANDHARAM VIDYALAYA</SimpleData>
				<SimpleData name="OBJECTID_1">436</SimpleData>
				<SimpleData name="Owner_Dept">Education Dept</SimpleData>
				<SimpleData name="School_Typ">3-Co-educational</SimpleData>
				<SimpleData name="Twitter_Ha">@mybmcedu</SimpleData>
				<SimpleData name="Ward">M/W</SimpleData>
				<SimpleData name="Website"> </SimpleData>
			</SchemaData>
		</ExtendedData>
		<Point>
			<coordinates>72.89337999999999,19.044838,0</coordinates>
		</Point>
	</Placemark>
	<Placemark>
		<name>MAHATMA EDU.SOC. CHEMBUR ENGLISH PRIMARY SCHOOL</name>
		<visibility>0</visibility>
		<styleUrl>#mumbai_unaided_schools_style</styleUrl>
		<ExtendedData>
			<SchemaData schemaUrl="#J_mumbai_unaided_schools_SIISSSSSSISSSSS">
				<SimpleData name="Address">Opp. Fire Brigade, Sion Trombay Road, Chembur Naka, Chembur, Mumbai - 400071</SimpleData>
				<SimpleData name="Cls_From">1</SimpleData>
				<SimpleData name="Cls_To">4</SimpleData>
				<SimpleData name="Email">geetamenon9@mes.ac.om</SimpleData>
				<SimpleData name="GoogleMaps">https://www.google.com/maps/search/?api=1&amp;query=19.0536410006399,72.8938719996586</SimpleData>
				<SimpleData name="Landline_1">022-25224856</SimpleData>
				<SimpleData name="Lat">19.0536410006399</SimpleData>
				<SimpleData name="Long">72.8938719996586</SimpleData>
				<SimpleData name="Name">MAHATMA EDU.SOC. CHEMBUR ENGLISH PRIMARY SCHOOL</SimpleData>
				<SimpleData name="OBJECTID_1">437</SimpleData>
				<SimpleData name="Owner_Dept">Education Dept</SimpleData>
				<SimpleData name="School_Typ">3-Co-educational</SimpleData>
				<SimpleData name="Twitter_Ha">@mybmcedu</SimpleData>
				<SimpleData name="Ward">M/W</SimpleData>
				<SimpleData name="Website">primary.mes.ac.om</SimpleData>
			</SchemaData>
		</ExtendedData>
		<Point>
			<coordinates>72.893872,19.053641,0</coordinates>
		</Point>
	</Placemark>
	<Placemark>
		<name>CHEMBUR VIDYANIKETAN LP HINDI</name>
		<visibility>0</visibility>
		<styleUrl>#mumbai_unaided_schools_style</styleUrl>
		<ExtendedData>
			<SchemaData schemaUrl="#J_mumbai_unaided_schools_SIISSSSSSISSSSS">
				<SimpleData name="Address">PLOT NO 518 POSTAL COLONY CHEMBUR MUMBAI</SimpleData>
				<SimpleData name="Cls_From">1</SimpleData>
				<SimpleData name="Cls_To">4</SimpleData>
				<SimpleData name="Email">cvnschool@yahoo.in</SimpleData>
				<SimpleData name="GoogleMaps">https://www.google.com/maps/search/?api=1&amp;query=19.0613430001862,72.8955400003556</SimpleData>
				<SimpleData name="Landline_1">022-25298204</SimpleData>
				<SimpleData name="Lat">19.0613430001862</SimpleData>
				<SimpleData name="Long">72.8955400003556</SimpleData>
				<SimpleData name="Name">CHEMBUR VIDYANIKETAN LP HINDI</SimpleData>
				<SimpleData name="OBJECTID_1">438</SimpleData>
				<SimpleData name="Owner_Dept">Education Dept</SimpleData>
				<SimpleData name="School_Typ">3-Co-educational</SimpleData>
				<SimpleData name="Twitter_Ha">@mybmcedu</SimpleData>
				<SimpleData name="Ward">M/W</SimpleData>
				<SimpleData name="Website"> </SimpleData>
			</SchemaData>
		</ExtendedData>
		<Point>
			<coordinates>72.89554,19.061343,0</coordinates>
		</Point>
	</Placemark>
	<Placemark>
		<name>CHEMBUR VIDYANIKETAN PRI MAR SCH</name>
		<visibility>0</visibility>
		<styleUrl>#mumbai_unaided_schools_style</styleUrl>
		<ExtendedData>
			<SchemaData schemaUrl="#J_mumbai_unaided_schools_SIISSSSSSISSSSS">
				<SimpleData name="Address">CTS NO 518  POSTAL COLONY CHEMBUR MUMBAI 71</SimpleData>
				<SimpleData name="Cls_From">1</SimpleData>
				<SimpleData name="Cls_To">4</SimpleData>
				<SimpleData name="Email">cvnschool@yahoo.in</SimpleData>
				<SimpleData name="GoogleMaps">https://www.google.com/maps/search/?api=1&amp;query=19.0614279994129,72.8957150000803</SimpleData>
				<SimpleData name="Landline_1">022-25298204</SimpleData>
				<SimpleData name="Lat">19.0614279994129</SimpleData>
				<SimpleData name="Long">72.8957150000803</SimpleData>
				<SimpleData name="Name">CHEMBUR VIDYANIKETAN PRI MAR SCH</SimpleData>
				<SimpleData name="OBJECTID_1">439</SimpleData>
				<SimpleData name="Owner_Dept">Education Dept</SimpleData>
				<SimpleData name="School_Typ">3-Co-educational</SimpleData>
				<SimpleData name="Twitter_Ha">@mybmcedu</SimpleData>
				<SimpleData name="Ward">M/W</SimpleData>
				<SimpleData name="Website"> </SimpleData>
			</SchemaData>
		</ExtendedData>
		<Point>
			<coordinates>72.895715,19.061428,0</coordinates>
		</Point>
	</Placemark>
	<Placemark>
		<name>HOLY FAMILY HIGH SCHOOL</name>
		<visibility>0</visibility>
		<styleUrl>#mumbai_unaided_schools_style</styleUrl>
		<ExtendedData>
			<SchemaData schemaUrl="#J_mumbai_unaided_schools_SIISSSSSSISSSSS">
				<SimpleData name="Address">PESTOM SAGAR, CHEMBUR, MUMBAI 400 089</SimpleData>
				<SimpleData name="Cls_From">1</SimpleData>
				<SimpleData name="Cls_To">4</SimpleData>
				<SimpleData name="Email">hfhs1972@yahoo.com</SimpleData>
				<SimpleData name="GoogleMaps">https://www.google.com/maps/search/?api=1&amp;query=19.0713189997254,72.9064149997769</SimpleData>
				<SimpleData name="Landline_1">022-25257294</SimpleData>
				<SimpleData name="Lat">19.0713189997254</SimpleData>
				<SimpleData name="Long">72.9064149997769</SimpleData>
				<SimpleData name="Name">HOLY FAMILY HIGH SCHOOL</SimpleData>
				<SimpleData name="OBJECTID_1">440</SimpleData>
				<SimpleData name="Owner_Dept">Education Dept</SimpleData>
				<SimpleData name="School_Typ">3-Co-educational</SimpleData>
				<SimpleData name="Twitter_Ha">@mybmcedu</SimpleData>
				<SimpleData name="Ward">M/W</SimpleData>
				<SimpleData name="Website">www.holyfamilyhighschool.in</SimpleData>
			</SchemaData>
		</ExtendedData>
		<Point>
			<coordinates>72.906415,19.071319,0</coordinates>
		</Point>
	</Placemark>
	<Placemark>
		<name>SHREE NARAYANA GURU HIGH SCHOOL</name>
		<visibility>0</visibility>
		<styleUrl>#mumbai_unaided_schools_style</styleUrl>
		<ExtendedData>
			<SchemaData schemaUrl="#J_mumbai_unaided_schools_SIISSSSSSISSSSS">
				<SimpleData name="Address">SREE NARAYAN NAGAR PL LOKHANDE MARG CHEMBUR MUMBAI 400089</SimpleData>
				<SimpleData name="Cls_From">1</SimpleData>
				<SimpleData name="Cls_To">4</SimpleData>
				<SimpleData name="Email">snghsmumbai@gmail.com</SimpleData>
				<SimpleData name="GoogleMaps">https://www.google.com/maps/search/?api=1&amp;query=19.0616170006981,72.9092220000497</SimpleData>
				<SimpleData name="Landline_1">022-25263110</SimpleData>
				<SimpleData name="Lat">19.0616170006981</SimpleData>
				<SimpleData name="Long">72.9092220000497</SimpleData>
				<SimpleData name="Name">SHREE NARAYANA GURU HIGH SCHOOL</SimpleData>
				<SimpleData name="OBJECTID_1">441</SimpleData>
				<SimpleData name="Owner_Dept">Education Dept</SimpleData>
				<SimpleData name="School_Typ">3-Co-educational</SimpleData>
				<SimpleData name="Twitter_Ha">@mybmcedu</SimpleData>
				<SimpleData name="Ward">M/W</SimpleData>
				<SimpleData name="Website">www.snghsmumbai.org</SimpleData>
			</SchemaData>
		</ExtendedData>
		<Point>
			<coordinates>72.909222,19.061617,0</coordinates>
		</Point>
	</Placemark>
	<Placemark>
		<name>MODERN ENG SCHOOL</name>
		<visibility>0</visibility>
		<styleUrl>#mumbai_unaided_schools_style</styleUrl>
		<ExtendedData>
			<SchemaData schemaUrl="#J_mumbai_unaided_schools_SIISSSSSSISSSSS">
				<SimpleData name="Address">ROAD NO.4, CHHEDANAGAR, CHEMBUR ,MUMBAI-400089</SimpleData>
				<SimpleData name="Cls_From">1</SimpleData>
				<SimpleData name="Cls_To">4</SimpleData>
				<SimpleData name="Email">mes_1976@yahoo.com</SimpleData>
				<SimpleData name="GoogleMaps">https://www.google.com/maps/search/?api=1&amp;query=19.0655160003147,72.906400999905</SimpleData>
				<SimpleData name="Landline_1">022-25254049</SimpleData>
				<SimpleData name="Lat">19.0655160003147</SimpleData>
				<SimpleData name="Long">72.906400999905</SimpleData>
				<SimpleData name="Name">MODERN ENG SCHOOL</SimpleData>
				<SimpleData name="OBJECTID_1">442</SimpleData>
				<SimpleData name="Owner_Dept">Education Dept</SimpleData>
				<SimpleData name="School_Typ">3-Co-educational</SimpleData>
				<SimpleData name="Twitter_Ha">@mybmcedu</SimpleData>
				<SimpleData name="Ward">M/W</SimpleData>
				<SimpleData name="Website">www.chhedanagareducationsocietyorg.in</SimpleData>
			</SchemaData>
		</ExtendedData>
		<Point>
			<coordinates>72.906401,19.065516,0</coordinates>
		</Point>
	</Placemark>
	<Placemark>
		<name>NEW MODEL ENGLISH SCHOOL</name>
		<visibility>0</visibility>
		<styleUrl>#mumbai_unaided_schools_style</styleUrl>
		<ExtendedData>
			<SchemaData schemaUrl="#J_mumbai_unaided_schools_SIISSSSSSISSSSS">
				<SimpleData name="Address">PopularHousePLLokhandeMargChemburWestMumbai400089</SimpleData>
				<SimpleData name="Cls_From">1</SimpleData>
				<SimpleData name="Cls_To">4</SimpleData>
				<SimpleData name="Email">mail@nmehs.com</SimpleData>
				<SimpleData name="GoogleMaps">https://www.google.com/maps/search/?api=1&amp;query=19.0631219994198,72.9045999999075</SimpleData>
				<SimpleData name="Landline_1">022-25251313</SimpleData>
				<SimpleData name="Lat">19.0631219994198</SimpleData>
				<SimpleData name="Long">72.9045999999075</SimpleData>
				<SimpleData name="Name">NEW MODEL ENGLISH SCHOOL</SimpleData>
				<SimpleData name="OBJECTID_1">443</SimpleData>
				<SimpleData name="Owner_Dept">Education Dept</SimpleData>
				<SimpleData name="School_Typ">3-Co-educational</SimpleData>
				<SimpleData name="Twitter_Ha">@mybmcedu</SimpleData>
				<SimpleData name="Ward">M/W</SimpleData>
				<SimpleData name="Website">www.nmehs.com</SimpleData>
			</SchemaData>
		</ExtendedData>
		<Point>
			<coordinates>72.9046,19.063122,0</coordinates>
		</Point>
	</Placemark>
	<Placemark>
		<name>SREE NARAYANA GURU MARATHI PRATHMIK VIDYALAYA</name>
		<visibility>0</visibility>
		<styleUrl>#mumbai_unaided_schools_style</styleUrl>
		<ExtendedData>
			<SchemaData schemaUrl="#J_mumbai_unaided_schools_SIISSSSSSISSSSS">
				<SimpleData name="Address">NARAYAN NAGAR PL LOKHANDE MARG CHEMBUR MUMBAI 400089</SimpleData>
				<SimpleData name="Cls_From">1</SimpleData>
				<SimpleData name="Cls_To">4</SimpleData>
				<SimpleData name="Email">sngmarathividyalaya@gmail.com</SimpleData>
				<SimpleData name="GoogleMaps">https://www.google.com/maps/search/?api=1&amp;query=19.0616390000826,72.9093179997738</SimpleData>
				<SimpleData name="Landline_1">022-25263115</SimpleData>
				<SimpleData name="Lat">19.0616390000826</SimpleData>
				<SimpleData name="Long">72.9093179997738</SimpleData>
				<SimpleData name="Name">SREE NARAYANA GURU MARATHI PRATHMIK VIDYALAYA</SimpleData>
				<SimpleData name="OBJECTID_1">444</SimpleData>
				<SimpleData name="Owner_Dept">Education Dept</SimpleData>
				<SimpleData name="School_Typ">3-Co-educational</SimpleData>
				<SimpleData name="Twitter_Ha">@mybmcedu</SimpleData>
				<SimpleData name="Ward">M/W</SimpleData>
				<SimpleData name="Website">www.snghsmumbai.org</SimpleData>
			</SchemaData>
		</ExtendedData>
		<Point>
			<coordinates>72.909318,19.061639,0</coordinates>
		</Point>
	</Placemark>
	<Placemark>
		<name>ST ANTHONY GIRLS</name>
		<visibility>0</visibility>
		<styleUrl>#mumbai_unaided_schools_style</styleUrl>
		<ExtendedData>
			<SchemaData schemaUrl="#J_mumbai_unaided_schools_SIISSSSSSISSSSS">
				<SimpleData name="Address">ST. ANTHONY ROAD, CHEMBUR, MUMBAI 400 071</SimpleData>
				<SimpleData name="Cls_From">1</SimpleData>
				<SimpleData name="Cls_To">4</SimpleData>
				<SimpleData name="Email">saghsch@hotmail.com</SimpleData>
				<SimpleData name="GoogleMaps">https://www.google.com/maps/search/?api=1&amp;query=19.0485080000718,72.9096660002501</SimpleData>
				<SimpleData name="Landline_1">022-25215944</SimpleData>
				<SimpleData name="Lat">19.0485080000718</SimpleData>
				<SimpleData name="Long">72.9096660002501</SimpleData>
				<SimpleData name="Name">ST ANTHONY GIRLS</SimpleData>
				<SimpleData name="OBJECTID_1">445</SimpleData>
				<SimpleData name="Owner_Dept">Education Dept</SimpleData>
				<SimpleData name="School_Typ">2-Girls</SimpleData>
				<SimpleData name="Twitter_Ha">@mybmcedu</SimpleData>
				<SimpleData name="Ward">M/W</SimpleData>
				<SimpleData name="Website"> </SimpleData>
			</SchemaData>
		</ExtendedData>
		<Point>
			<coordinates>72.909666,19.048508,0</coordinates>
		</Point>
	</Placemark>
	<Placemark>
		<name>OUR LADY OF PERPETUAL HIGH SCHOOL</name>
		<visibility>0</visibility>
		<styleUrl>#mumbai_unaided_schools_style</styleUrl>
		<ExtendedData>
			<SchemaData schemaUrl="#J_mumbai_unaided_schools_SIISSSSSSISSSSS">
				<SimpleData name="Address">ST ANTHONY ROAD CHEMBUR MUMBAI  400071</SimpleData>
				<SimpleData name="Cls_From">1</SimpleData>
				<SimpleData name="Cls_To">4</SimpleData>
				<SimpleData name="Email">olpsprimaryschool@gmail.com</SimpleData>
				<SimpleData name="GoogleMaps">https://www.google.com/maps/search/?api=1&amp;query=19.0553690000904,72.9023849999673</SimpleData>
				<SimpleData name="Landline_1">022-25211614</SimpleData>
				<SimpleData name="Lat">19.0553690000904</SimpleData>
				<SimpleData name="Long">72.9023849999673</SimpleData>
				<SimpleData name="Name">OUR LADY OF PERPETUAL HIGH SCHOOL</SimpleData>
				<SimpleData name="OBJECTID_1">446</SimpleData>
				<SimpleData name="Owner_Dept">Education Dept</SimpleData>
				<SimpleData name="School_Typ">1-Boys</SimpleData>
				<SimpleData name="Twitter_Ha">@mybmcedu</SimpleData>
				<SimpleData name="Ward">M/W</SimpleData>
				<SimpleData name="Website"> </SimpleData>
			</SchemaData>
		</ExtendedData>
		<Point>
			<coordinates>72.902385,19.055369,0</coordinates>
		</Point>
	</Placemark>
	<Placemark>
		<name>AFAC ENG SCHOOL</name>
		<visibility>0</visibility>
		<styleUrl>#mumbai_unaided_schools_style</styleUrl>
		<ExtendedData>
			<SchemaData schemaUrl="#J_mumbai_unaided_schools_SIISSSSSSISSSSS">
				<SimpleData name="Address">PRINCIPAL  M. U. MANDLECHA MARG, JUSTICE M. L. DUDHAT  CHOWK, SUBHASH  NAGAR, CHEMBUR, MUMBAI - 71</SimpleData>
				<SimpleData name="Cls_From">1</SimpleData>
				<SimpleData name="Cls_To">4</SimpleData>
				<SimpleData name="Email">afacprimaryEngsection@rediffmail.com</SimpleData>
				<SimpleData name="GoogleMaps">https://www.google.com/maps/search/?api=1&amp;query=19.0559800004006,72.9040079993518</SimpleData>
				<SimpleData name="Landline_1">022-25214047</SimpleData>
				<SimpleData name="Lat">19.0559800004006</SimpleData>
				<SimpleData name="Long">72.9040079993518</SimpleData>
				<SimpleData name="Name">AFAC ENG SCHOOL</SimpleData>
				<SimpleData name="OBJECTID_1">447</SimpleData>
				<SimpleData name="Owner_Dept">Education Dept</SimpleData>
				<SimpleData name="School_Typ">3-Co-educational</SimpleData>
				<SimpleData name="Twitter_Ha">@mybmcedu</SimpleData>
				<SimpleData name="Ward">M/W</SimpleData>
				<SimpleData name="Website">www.afac.in</SimpleData>
			</SchemaData>
		</ExtendedData>
		<Point>
			<coordinates>72.904008,19.05598,0</coordinates>
		</Point>
	</Placemark>
	<Placemark>
		<name>GENERAL EDUCATION ACADEMY</name>
		<visibility>0</visibility>
		<styleUrl>#mumbai_unaided_schools_style</styleUrl>
		<ExtendedData>
			<SchemaData schemaUrl="#J_mumbai_unaided_schools_SIISSSSSSISSSSS">
				<SimpleData name="Address">ACADEMY HOUSE 19TH ROAD NEAR AMBEDKAR GARDEN CHEMBUR EAST 400071</SimpleData>
				<SimpleData name="Cls_From">1</SimpleData>
				<SimpleData name="Cls_To">4</SimpleData>
				<SimpleData name="Email">geneduaca@rediffmail.com</SimpleData>
				<SimpleData name="GoogleMaps">https://www.google.com/maps/search/?api=1&amp;query=19.0598220004182,72.899420000022</SimpleData>
				<SimpleData name="Landline_1">022-25281578</SimpleData>
				<SimpleData name="Lat">19.0598220004182</SimpleData>
				<SimpleData name="Long">72.899420000022</SimpleData>
				<SimpleData name="Name">GENERAL EDUCATION ACADEMY</SimpleData>
				<SimpleData name="OBJECTID_1">448</SimpleData>
				<SimpleData name="Owner_Dept">Education Dept</SimpleData>
				<SimpleData name="School_Typ">3-Co-educational</SimpleData>
				<SimpleData name="Twitter_Ha">@mybmcedu</SimpleData>
				<SimpleData name="Ward">M/W</SimpleData>
				<SimpleData name="Website">www.generaleducationacademy.net</SimpleData>
			</SchemaData>
		</ExtendedData>
		<Point>
			<coordinates>72.89942000000001,19.059822,0</coordinates>
		</Point>
	</Placemark>
	<Placemark>
		<name>B D SHUKLA PRI</name>
		<visibility>0</visibility>
		<styleUrl>#mumbai_unaided_schools_style</styleUrl>
		<ExtendedData>
			<SchemaData schemaUrl="#J_mumbai_unaided_schools_SIISSSSSSISSSSS">
				<SimpleData name="Address">PLOT NO 518 POSTAL COLONY CHEMBUR MUMBAI 71</SimpleData>
				<SimpleData name="Cls_From">1</SimpleData>
				<SimpleData name="Cls_To">4</SimpleData>
				<SimpleData name="Email">bdsschool1995@yahoo.com</SimpleData>
				<SimpleData name="GoogleMaps">https://www.google.com/maps/search/?api=1&amp;query=19.0613319997988,72.8956360006866</SimpleData>
				<SimpleData name="Landline_1">022-25282722</SimpleData>
				<SimpleData name="Lat">19.0613319997988</SimpleData>
				<SimpleData name="Long">72.8956360006866</SimpleData>
				<SimpleData name="Name">B D SHUKLA PRI</SimpleData>
				<SimpleData name="OBJECTID_1">449</SimpleData>
				<SimpleData name="Owner_Dept">Education Dept</SimpleData>
				<SimpleData name="School_Typ">3-Co-educational</SimpleData>
				<SimpleData name="Twitter_Ha">@mybmcedu</SimpleData>
				<SimpleData name="Ward">M/W</SimpleData>
				<SimpleData name="Website"> </SimpleData>
			</SchemaData>
		</ExtendedData>
		<Point>
			<coordinates>72.895636,19.061332,0</coordinates>
		</Point>
	</Placemark>
	<Placemark>
		<name>MAR THOMA SCH PRI</name>
		<visibility>0</visibility>
		<styleUrl>#mumbai_unaided_schools_style</styleUrl>
		<ExtendedData>
			<SchemaData schemaUrl="#J_mumbai_unaided_schools_SIISSSSSSISSSSS">
				<SimpleData name="Address">Govandi Mumbai 400088</SimpleData>
				<SimpleData name="Cls_From">1</SimpleData>
				<SimpleData name="Cls_To">4</SimpleData>
				<SimpleData name="Email">marathomaschoolmahareshtra@yahoo.in</SimpleData>
				<SimpleData name="GoogleMaps">https://www.google.com/maps/search/?api=1&amp;query=19.0569429995556,72.9113399996101</SimpleData>
				<SimpleData name="Landline_1">022-25217170</SimpleData>
				<SimpleData name="Lat">19.0569429995556</SimpleData>
				<SimpleData name="Long">72.9113399996101</SimpleData>
				<SimpleData name="Name">MAR THOMA SCH PRI</SimpleData>
				<SimpleData name="OBJECTID_1">450</SimpleData>
				<SimpleData name="Owner_Dept">Education Dept</SimpleData>
				<SimpleData name="School_Typ">3-Co-educational</SimpleData>
				<SimpleData name="Twitter_Ha">@mybmcedu</SimpleData>
				<SimpleData name="Ward">M/W</SimpleData>
				<SimpleData name="Website">www.marthomachurchchembur.in</SimpleData>
			</SchemaData>
		</ExtendedData>
		<Point>
			<coordinates>72.91134,19.056943,0</coordinates>
		</Point>
	</Placemark>
	<Placemark>
		<name>AMARNATH UP</name>
		<visibility>0</visibility>
		<styleUrl>#mumbai_unaided_schools_style</styleUrl>
		<ExtendedData>
			<SchemaData schemaUrl="#J_mumbai_unaided_schools_SIISSSSSSISSSSS">
				<SimpleData name="Address">Vaibhavnagar, Govandi. 400088</SimpleData>
				<SimpleData name="Cls_From">1</SimpleData>
				<SimpleData name="Cls_To">4</SimpleData>
				<SimpleData name="Email">amarnathprimaryschool96@gmail.Com</SimpleData>
				<SimpleData name="GoogleMaps">https://www.google.com/maps/search/?api=1&amp;query=19.0534010004463,72.9138120006732</SimpleData>
				<SimpleData name="Landline_1">022-0</SimpleData>
				<SimpleData name="Lat">19.0534010004463</SimpleData>
				<SimpleData name="Long">72.9138120006732</SimpleData>
				<SimpleData name="Name">AMARNATH UP</SimpleData>
				<SimpleData name="OBJECTID_1">451</SimpleData>
				<SimpleData name="Owner_Dept">Education Dept</SimpleData>
				<SimpleData name="School_Typ">3-Co-educational</SimpleData>
				<SimpleData name="Twitter_Ha">@mybmcedu</SimpleData>
				<SimpleData name="Ward">M/W</SimpleData>
				<SimpleData name="Website"> </SimpleData>
			</SchemaData>
		</ExtendedData>
		<Point>
			<coordinates>72.91381199999999,19.053401,0</coordinates>
		</Point>
	</Placemark>
	<Placemark>
		<name>VINAY HIGH SCHOOL HINDI PRIMARY</name>
		<visibility>0</visibility>
		<styleUrl>#mumbai_unaided_schools_style</styleUrl>
		<ExtendedData>
			<SchemaData schemaUrl="#J_mumbai_unaided_schools_SIISSSSSSISSSSS">
				<SimpleData name="Address">VINAY HIGH SCHOOL M.M.R.D.A. COLONY NEAR R.N.A. PARK VASHINAKA CHEMBUR MUMBAI 400074</SimpleData>
				<SimpleData name="Cls_From">1</SimpleData>
				<SimpleData name="Cls_To">4</SimpleData>
				<SimpleData name="Email">selvashobi123@gmail.com</SimpleData>
				<SimpleData name="GoogleMaps">https://www.google.com/maps/search/?api=1&amp;query=19.0310180003054,72.9000900002223</SimpleData>
				<SimpleData name="Landline_1">022-0</SimpleData>
				<SimpleData name="Lat">19.0310180003054</SimpleData>
				<SimpleData name="Long">72.9000900002223</SimpleData>
				<SimpleData name="Name">VINAY HIGH SCHOOL HINDI PRIMARY</SimpleData>
				<SimpleData name="OBJECTID_1">452</SimpleData>
				<SimpleData name="Owner_Dept">Education Dept</SimpleData>
				<SimpleData name="School_Typ">3-Co-educational</SimpleData>
				<SimpleData name="Twitter_Ha">@mybmcedu</SimpleData>
				<SimpleData name="Ward">M/W</SimpleData>
				<SimpleData name="Website"> </SimpleData>
			</SchemaData>
		</ExtendedData>
		<Point>
			<coordinates>72.90009000000001,19.031018,0</coordinates>
		</Point>
	</Placemark>
	<Placemark>
		<name>JANATA WELFARE ENGLISH HIGH SCHOOL</name>
		<visibility>0</visibility>
		<styleUrl>#mumbai_unaided_schools_style</styleUrl>
		<ExtendedData>
			<SchemaData schemaUrl="#J_mumbai_unaided_schools_SIISSSSSSISSSSS">
				<SimpleData name="Address">Shri sant Virshaiva Kakayya Maharaj Marg,Vashinaka, Chembur Mumbai -74</SimpleData>
				<SimpleData name="Cls_From">1</SimpleData>
				<SimpleData name="Cls_To">8</SimpleData>
				<SimpleData name="Email">jwehs2004@gmail.com</SimpleData>
				<SimpleData name="GoogleMaps">https://www.google.com/maps/search/?api=1&amp;query=19.0326910005867,72.90166899934</SimpleData>
				<SimpleData name="Landline_1">022-0</SimpleData>
				<SimpleData name="Lat">19.0326910005867</SimpleData>
				<SimpleData name="Long">72.90166899934</SimpleData>
				<SimpleData name="Name">JANATA WELFARE ENGLISH HIGH SCHOOL</SimpleData>
				<SimpleData name="OBJECTID_1">453</SimpleData>
				<SimpleData name="Owner_Dept">Education Dept</SimpleData>
				<SimpleData name="School_Typ">3-Co-educational</SimpleData>
				<SimpleData name="Twitter_Ha">@mybmcedu</SimpleData>
				<SimpleData name="Ward">M/E</SimpleData>
				<SimpleData name="Website"> </SimpleData>
			</SchemaData>
		</ExtendedData>
		<Point>
			<coordinates>72.901669,19.032691,0</coordinates>
		</Point>
	</Placemark>
	<Placemark>
		<name>SHARAD ACHARYA VIDYALAYA</name>
		<visibility>0</visibility>
		<styleUrl>#mumbai_unaided_schools_style</styleUrl>
		<ExtendedData>
			<SchemaData schemaUrl="#J_mumbai_unaided_schools_SIISSSSSSISSSSS">
				<SimpleData name="Address">BHARATNAGAR NEAR HPCLVASHINAKA CHEMBUR EAST</SimpleData>
				<SimpleData name="Cls_From">1</SimpleData>
				<SimpleData name="Cls_To">4</SimpleData>
				<SimpleData name="Email">shardan.acharya03@gmail.com</SimpleData>
				<SimpleData name="GoogleMaps">https://www.google.com/maps/search/?api=1&amp;query=19.0291610003007,72.9059090003976</SimpleData>
				<SimpleData name="Landline_1">022-25542667</SimpleData>
				<SimpleData name="Lat">19.0291610003007</SimpleData>
				<SimpleData name="Long">72.9059090003976</SimpleData>
				<SimpleData name="Name">SHARAD ACHARYA VIDYALAYA</SimpleData>
				<SimpleData name="OBJECTID_1">454</SimpleData>
				<SimpleData name="Owner_Dept">Education Dept</SimpleData>
				<SimpleData name="School_Typ">3-Co-educational</SimpleData>
				<SimpleData name="Twitter_Ha">@mybmcedu</SimpleData>
				<SimpleData name="Ward">M/E</SimpleData>
				<SimpleData name="Website"> </SimpleData>
			</SchemaData>
		</ExtendedData>
		<Point>
			<coordinates>72.90590899999999,19.029161,0</coordinates>
		</Point>
	</Placemark>
	<Placemark>
		<name>CHEMBUR WELFARE MARATHI SCHOOL</name>
		<visibility>0</visibility>
		<styleUrl>#mumbai_unaided_schools_style</styleUrl>
		<ExtendedData>
			<SchemaData schemaUrl="#J_mumbai_unaided_schools_SIISSSSSSISSSSS">
				<SimpleData name="Address">05,Bhaktisagar, CHS. Mhada colony, Vashinaka Chembur Mumbai -74</SimpleData>
				<SimpleData name="Cls_From">1</SimpleData>
				<SimpleData name="Cls_To">4</SimpleData>
				<SimpleData name="Email">chemburwelfarprimary@gmail.com</SimpleData>
				<SimpleData name="GoogleMaps">https://www.google.com/maps/search/?api=1&amp;query=19.0314559999714,72.9035689998858</SimpleData>
				<SimpleData name="Landline_1">022-25544849</SimpleData>
				<SimpleData name="Lat">19.0314559999714</SimpleData>
				<SimpleData name="Long">72.9035689998858</SimpleData>
				<SimpleData name="Name">CHEMBUR WELFARE MARATHI SCHOOL</SimpleData>
				<SimpleData name="OBJECTID_1">455</SimpleData>
				<SimpleData name="Owner_Dept">Education Dept</SimpleData>
				<SimpleData name="School_Typ">3-Co-educational</SimpleData>
				<SimpleData name="Twitter_Ha">@mybmcedu</SimpleData>
				<SimpleData name="Ward">M/E</SimpleData>
				<SimpleData name="Website"> </SimpleData>
			</SchemaData>
		</ExtendedData>
		<Point>
			<coordinates>72.903569,19.031456,0</coordinates>
		</Point>
	</Placemark>
	<Placemark>
		<name>VIVEKANAND ENGLISH HIGH SCHOOL</name>
		<visibility>0</visibility>
		<styleUrl>#mumbai_unaided_schools_style</styleUrl>
		<ExtendedData>
			<SchemaData schemaUrl="#J_mumbai_unaided_schools_SIISSSSSSISSSSS">
				<SimpleData name="Address">VIVEKNAGAR, PAILIPADA, TROMBAY , MUMBAI - 88</SimpleData>
				<SimpleData name="Cls_From">1</SimpleData>
				<SimpleData name="Cls_To">4</SimpleData>
				<SimpleData name="Email">vivekananda94@yahoo.com</SimpleData>
				<SimpleData name="GoogleMaps">https://www.google.com/maps/search/?api=1&amp;query=19.0343849996312,72.9440679993907</SimpleData>
				<SimpleData name="Landline_1">022-25569766</SimpleData>
				<SimpleData name="Lat">19.0343849996312</SimpleData>
				<SimpleData name="Long">72.9440679993907</SimpleData>
				<SimpleData name="Name">VIVEKANAND ENGLISH HIGH SCHOOL</SimpleData>
				<SimpleData name="OBJECTID_1">456</SimpleData>
				<SimpleData name="Owner_Dept">Education Dept</SimpleData>
				<SimpleData name="School_Typ">3-Co-educational</SimpleData>
				<SimpleData name="Twitter_Ha">@mybmcedu</SimpleData>
				<SimpleData name="Ward">M/E</SimpleData>
				<SimpleData name="Website"> </SimpleData>
			</SchemaData>
		</ExtendedData>
		<Point>
			<coordinates>72.944068,19.034385,0</coordinates>
		</Point>
	</Placemark>
	<Placemark>
		<name>CRESCENT ENGLISH SCHOOL</name>
		<visibility>0</visibility>
		<styleUrl>#mumbai_unaided_schools_style</styleUrl>
		<ExtendedData>
			<SchemaData schemaUrl="#J_mumbai_unaided_schools_SIISSSSSSISSSSS">
				<SimpleData name="Address">Near Royal Palace hall,Pailipada,Trombay,Mumbai</SimpleData>
				<SimpleData name="Cls_From">1</SimpleData>
				<SimpleData name="Cls_To">4</SimpleData>
				<SimpleData name="Email">crescent1991@gmail.com</SimpleData>
				<SimpleData name="GoogleMaps">https://www.google.com/maps/search/?api=1&amp;query=19.0355179998314,72.9456340002736</SimpleData>
				<SimpleData name="Landline_1">022-25480801</SimpleData>
				<SimpleData name="Lat">19.0355179998314</SimpleData>
				<SimpleData name="Long">72.9456340002736</SimpleData>
				<SimpleData name="Name">CRESCENT ENGLISH SCHOOL</SimpleData>
				<SimpleData name="OBJECTID_1">457</SimpleData>
				<SimpleData name="Owner_Dept">Education Dept</SimpleData>
				<SimpleData name="School_Typ">3-Co-educational</SimpleData>
				<SimpleData name="Twitter_Ha">@mybmcedu</SimpleData>
				<SimpleData name="Ward">M/E</SimpleData>
				<SimpleData name="Website"> </SimpleData>
			</SchemaData>
		</ExtendedData>
		<Point>
			<coordinates>72.945634,19.035518,0</coordinates>
		</Point>
	</Placemark>
	<Placemark>
		<name>SHREE GANESH VIDYAMANDIR MAR</name>
		<visibility>0</visibility>
		<styleUrl>#mumbai_unaided_schools_style</styleUrl>
		<ExtendedData>
			<SchemaData schemaUrl="#J_mumbai_unaided_schools_SIISSSSSSISSSSS">
				<SimpleData name="Address">NEW RNA PARK VASHINAKA CHEMBUR MUMBAI</SimpleData>
				<SimpleData name="Cls_From">1</SimpleData>
				<SimpleData name="Cls_To">4</SimpleData>
				<SimpleData name="Email">shriganeshvidyamandir@gmail.com</SimpleData>
				<SimpleData name="GoogleMaps">https://www.google.com/maps/search/?api=1&amp;query=19.0321389995257,72.9001319996531</SimpleData>
				<SimpleData name="Landline_1">022-0</SimpleData>
				<SimpleData name="Lat">19.0321389995257</SimpleData>
				<SimpleData name="Long">72.9001319996531</SimpleData>
				<SimpleData name="Name">SHREE GANESH VIDYAMANDIR MAR</SimpleData>
				<SimpleData name="OBJECTID_1">458</SimpleData>
				<SimpleData name="Owner_Dept">Education Dept</SimpleData>
				<SimpleData name="School_Typ">3-Co-educational</SimpleData>
				<SimpleData name="Twitter_Ha">@mybmcedu</SimpleData>
				<SimpleData name="Ward">M/E</SimpleData>
				<SimpleData name="Website"> </SimpleData>
			</SchemaData>
		</ExtendedData>
		<Point>
			<coordinates>72.900132,19.032139,0</coordinates>
		</Point>
	</Placemark>
	<Placemark>
		<name>TROMBAY ENG. PRI. SCHOOL</name>
		<visibility>0</visibility>
		<styleUrl>#mumbai_unaided_schools_style</styleUrl>
		<ExtendedData>
			<SchemaData schemaUrl="#J_mumbai_unaided_schools_SIISSSSSSISSSSS">
				<SimpleData name="Address">PAILIPADA TROMBAY MUMBAI</SimpleData>
				<SimpleData name="Cls_From">1</SimpleData>
				<SimpleData name="Cls_To">4</SimpleData>
				<SimpleData name="Email">trombayenglish@yahoo.com</SimpleData>
				<SimpleData name="GoogleMaps">https://www.google.com/maps/search/?api=1&amp;query=19.0367700000982,72.9456910001799</SimpleData>
				<SimpleData name="Landline_1">022-25551072</SimpleData>
				<SimpleData name="Lat">19.0367700000982</SimpleData>
				<SimpleData name="Long">72.9456910001799</SimpleData>
				<SimpleData name="Name">TROMBAY ENG. PRI. SCHOOL</SimpleData>
				<SimpleData name="OBJECTID_1">459</SimpleData>
				<SimpleData name="Owner_Dept">Education Dept</SimpleData>
				<SimpleData name="School_Typ">3-Co-educational</SimpleData>
				<SimpleData name="Twitter_Ha">@mybmcedu</SimpleData>
				<SimpleData name="Ward">M/E</SimpleData>
				<SimpleData name="Website"> </SimpleData>
			</SchemaData>
		</ExtendedData>
		<Point>
			<coordinates>72.945691,19.03677,0</coordinates>
		</Point>
	</Placemark>
	<Placemark>
		<name>LORETO CONVENT SCHOOL</name>
		<visibility>0</visibility>
		<styleUrl>#mumbai_unaided_schools_style</styleUrl>
		<ExtendedData>
			<SchemaData schemaUrl="#J_mumbai_unaided_schools_SIISSSSSSISSSSS">
				<SimpleData name="Address">LORETO CONVENT SCHOOL, R.C.F COLONY, CHEMBUR. MUMBAI 400074</SimpleData>
				<SimpleData name="Cls_From">1</SimpleData>
				<SimpleData name="Cls_To">4</SimpleData>
				<SimpleData name="Email">loreto_school@rediffmail.com</SimpleData>
				<SimpleData name="GoogleMaps">https://www.google.com/maps/search/?api=1&amp;query=19.042339999552,72.9002919997517</SimpleData>
				<SimpleData name="Landline_1">022-25536680</SimpleData>
				<SimpleData name="Lat">19.042339999552</SimpleData>
				<SimpleData name="Long">72.9002919997517</SimpleData>
				<SimpleData name="Name">LORETO CONVENT SCHOOL</SimpleData>
				<SimpleData name="OBJECTID_1">460</SimpleData>
				<SimpleData name="Owner_Dept">Education Dept</SimpleData>
				<SimpleData name="School_Typ">3-Co-educational</SimpleData>
				<SimpleData name="Twitter_Ha">@mybmcedu</SimpleData>
				<SimpleData name="Ward">M/E</SimpleData>
				<SimpleData name="Website">www.loretoconventschool.org</SimpleData>
			</SchemaData>
		</ExtendedData>
		<Point>
			<coordinates>72.90029199999999,19.04234,0</coordinates>
		</Point>
	</Placemark>
	<Placemark>
		<name>MODEL HIGH SCHOOL</name>
		<visibility>0</visibility>
		<styleUrl>#mumbai_unaided_schools_style</styleUrl>
		<ExtendedData>
			<SchemaData schemaUrl="#J_mumbai_unaided_schools_SIISSSSSSISSSSS">
				<SimpleData name="Address">Kasturba Nagar, Vasinaka, Chembur, Mumbai-74</SimpleData>
				<SimpleData name="Cls_From">1</SimpleData>
				<SimpleData name="Cls_To">4</SimpleData>
				<SimpleData name="Email">modelprimaryhighschool@yahoo.com</SimpleData>
				<SimpleData name="GoogleMaps">https://www.google.com/maps/search/?api=1&amp;query=19.0363400002604,72.9054109997939</SimpleData>
				<SimpleData name="Landline_1">022-25542180</SimpleData>
				<SimpleData name="Lat">19.0363400002604</SimpleData>
				<SimpleData name="Long">72.9054109997939</SimpleData>
				<SimpleData name="Name">MODEL HIGH SCHOOL</SimpleData>
				<SimpleData name="OBJECTID_1">461</SimpleData>
				<SimpleData name="Owner_Dept">Education Dept</SimpleData>
				<SimpleData name="School_Typ">3-Co-educational</SimpleData>
				<SimpleData name="Twitter_Ha">@mybmcedu</SimpleData>
				<SimpleData name="Ward">M/E</SimpleData>
				<SimpleData name="Website"> </SimpleData>
			</SchemaData>
		</ExtendedData>
		<Point>
			<coordinates>72.905411,19.03634,0</coordinates>
		</Point>
	</Placemark>
	<Placemark>
		<name>ST. SEBASTIAN&apos;S PRI ENG</name>
		<visibility>0</visibility>
		<styleUrl>#mumbai_unaided_schools_style</styleUrl>
		<ExtendedData>
			<SchemaData schemaUrl="#J_mumbai_unaided_schools_SIISSSSSSISSSSS">
				<SimpleData name="Address">RCF COLONY CHEMBUR E  MUMBAI 400074</SimpleData>
				<SimpleData name="Cls_From">1</SimpleData>
				<SimpleData name="Cls_To">4</SimpleData>
				<SimpleData name="Email">st.sebastian64@yahoo.com</SimpleData>
				<SimpleData name="GoogleMaps">https://www.google.com/maps/search/?api=1&amp;query=19.0397969996824,72.8982270001705</SimpleData>
				<SimpleData name="Landline_1">022-25535010</SimpleData>
				<SimpleData name="Lat">19.0397969996824</SimpleData>
				<SimpleData name="Long">72.8982270001705</SimpleData>
				<SimpleData name="Name">ST. SEBASTIAN&apos;S PRI ENG</SimpleData>
				<SimpleData name="OBJECTID_1">462</SimpleData>
				<SimpleData name="Owner_Dept">Education Dept</SimpleData>
				<SimpleData name="School_Typ">3-Co-educational</SimpleData>
				<SimpleData name="Twitter_Ha">@mybmcedu</SimpleData>
				<SimpleData name="Ward">M/E</SimpleData>
				<SimpleData name="Website"> </SimpleData>
			</SchemaData>
		</ExtendedData>
		<Point>
			<coordinates>72.89822700000001,19.039797,0</coordinates>
		</Point>
	</Placemark>
	<Placemark>
		<name>SHRI SAI VID MANKHURD</name>
		<visibility>0</visibility>
		<styleUrl>#mumbai_unaided_schools_style</styleUrl>
		<ExtendedData>
			<SchemaData schemaUrl="#J_mumbai_unaided_schools_SIISSSSSSISSSSS">
				<SimpleData name="Address">P.M.G.P COLNY,NEW MHADA VASAHAT,MANKHURD .BLD.NO.91</SimpleData>
				<SimpleData name="Cls_From">1</SimpleData>
				<SimpleData name="Cls_To">4</SimpleData>
				<SimpleData name="Email">shrisaividyalaya.hmpr@gmail.com</SimpleData>
				<SimpleData name="GoogleMaps">https://www.google.com/maps/search/?api=1&amp;query=19.0520349999276,72.9285879998843</SimpleData>
				<SimpleData name="Landline_1">022-0</SimpleData>
				<SimpleData name="Lat">19.0520349999276</SimpleData>
				<SimpleData name="Long">72.9285879998843</SimpleData>
				<SimpleData name="Name">SHRI SAI VID MANKHURD</SimpleData>
				<SimpleData name="OBJECTID_1">463</SimpleData>
				<SimpleData name="Owner_Dept">Education Dept</SimpleData>
				<SimpleData name="School_Typ">3-Co-educational</SimpleData>
				<SimpleData name="Twitter_Ha">@mybmcedu</SimpleData>
				<SimpleData name="Ward">M/E</SimpleData>
				<SimpleData name="Website"> </SimpleData>
			</SchemaData>
		</ExtendedData>
		<Point>
			<coordinates>72.928588,19.052035,0</coordinates>
		</Point>
	</Placemark>
	<Placemark>
		<name>STAR ENG UP</name>
		<visibility>0</visibility>
		<styleUrl>#mumbai_unaided_schools_style</styleUrl>
		<ExtendedData>
			<SchemaData schemaUrl="#J_mumbai_unaided_schools_SIISSSSSSISSSSS">
				<SimpleData name="Address">D/E SECTOR BEHIND D-SECTOR, MASJID GALIB ROAD, CHEETA CAMP, TROMBAY, MUMBAI - 400088</SimpleData>
				<SimpleData name="Cls_From">1</SimpleData>
				<SimpleData name="Cls_To">4</SimpleData>
				<SimpleData name="Email">starenglish@yahoo.co.in</SimpleData>
				<SimpleData name="GoogleMaps">https://www.google.com/maps/search/?api=1&amp;query=19.0378640003254,72.951029999877</SimpleData>
				<SimpleData name="Landline_1">022-0</SimpleData>
				<SimpleData name="Lat">19.0378640003254</SimpleData>
				<SimpleData name="Long">72.951029999877</SimpleData>
				<SimpleData name="Name">STAR ENG UP</SimpleData>
				<SimpleData name="OBJECTID_1">464</SimpleData>
				<SimpleData name="Owner_Dept">Education Dept</SimpleData>
				<SimpleData name="School_Typ">3-Co-educational</SimpleData>
				<SimpleData name="Twitter_Ha">@mybmcedu</SimpleData>
				<SimpleData name="Ward">M/E</SimpleData>
				<SimpleData name="Website"> </SimpleData>
			</SchemaData>
		</ExtendedData>
		<Point>
			<coordinates>72.95103,19.037864,0</coordinates>
		</Point>
	</Placemark>
	<Placemark>
		<name>GLORIOUS ENG PRIMARY SCHOOL</name>
		<visibility>0</visibility>
		<styleUrl>#mumbai_unaided_schools_style</styleUrl>
		<ExtendedData>
			<SchemaData schemaUrl="#J_mumbai_unaided_schools_SIISSSSSSISSSSS">
				<SimpleData name="Address">E-Sector, I,Q Line, Ambedkar Nagar, Cheeta Camp, Trombay, Mumbai-400088</SimpleData>
				<SimpleData name="Cls_From">1</SimpleData>
				<SimpleData name="Cls_To">4</SimpleData>
				<SimpleData name="Email">gloriouseng.school@gmail.com</SimpleData>
				<SimpleData name="GoogleMaps">https://www.google.com/maps/search/?api=1&amp;query=19.0361939995208,72.9513280004836</SimpleData>
				<SimpleData name="Landline_1">022-0</SimpleData>
				<SimpleData name="Lat">19.0361939995208</SimpleData>
				<SimpleData name="Long">72.9513280004836</SimpleData>
				<SimpleData name="Name">GLORIOUS ENG PRIMARY SCHOOL</SimpleData>
				<SimpleData name="OBJECTID_1">465</SimpleData>
				<SimpleData name="Owner_Dept">Education Dept</SimpleData>
				<SimpleData name="School_Typ">3-Co-educational</SimpleData>
				<SimpleData name="Twitter_Ha">@mybmcedu</SimpleData>
				<SimpleData name="Ward">M/E</SimpleData>
				<SimpleData name="Website"> </SimpleData>
			</SchemaData>
		</ExtendedData>
		<Point>
			<coordinates>72.951328,19.036194,0</coordinates>
		</Point>
	</Placemark>
	<Placemark>
		<name>BABA -E-QUAM URDU PRIMARY SCHOOL</name>
		<visibility>0</visibility>
		<styleUrl>#mumbai_unaided_schools_style</styleUrl>
		<ExtendedData>
			<SchemaData schemaUrl="#J_mumbai_unaided_schools_SIISSSSSSISSSSS">
				<SimpleData name="Address">D sector cheeta camp Trombay Mumbai 400088</SimpleData>
				<SimpleData name="Cls_From">1</SimpleData>
				<SimpleData name="Cls_To">4</SimpleData>
				<SimpleData name="Email">babaeqaumprimaryschool@gmail.com</SimpleData>
				<SimpleData name="GoogleMaps">https://www.google.com/maps/search/?api=1&amp;query=19.037538999606,72.9496350007134</SimpleData>
				<SimpleData name="Landline_1">022-25577237</SimpleData>
				<SimpleData name="Lat">19.037538999606</SimpleData>
				<SimpleData name="Long">72.9496350007134</SimpleData>
				<SimpleData name="Name">BABA -E-QUAM URDU PRIMARY SCHOOL</SimpleData>
				<SimpleData name="OBJECTID_1">466</SimpleData>
				<SimpleData name="Owner_Dept">Education Dept</SimpleData>
				<SimpleData name="School_Typ">3-Co-educational</SimpleData>
				<SimpleData name="Twitter_Ha">@mybmcedu</SimpleData>
				<SimpleData name="Ward">M/E</SimpleData>
				<SimpleData name="Website"> </SimpleData>
			</SchemaData>
		</ExtendedData>
		<Point>
			<coordinates>72.949635,19.037539,0</coordinates>
		</Point>
	</Placemark>
	<Placemark>
		<name>CHEMBUR CHILDRENS HOME LP</name>
		<visibility>0</visibility>
		<styleUrl>#mumbai_unaided_schools_style</styleUrl>
		<ExtendedData>
			<SchemaData schemaUrl="#J_mumbai_unaided_schools_SIISSSSSSISSSSS">
				<SimpleData name="Address">V.N Purav marg sion Trombe  Anushaktinagar Bus Depo opp chembur childrens Home Pri. school  Mankhurd</SimpleData>
				<SimpleData name="Cls_From">1</SimpleData>
				<SimpleData name="Cls_To">4</SimpleData>
				<SimpleData name="Email">ssdhadve70@gmail.com</SimpleData>
				<SimpleData name="GoogleMaps">https://www.google.com/maps/search/?api=1&amp;query=19.0442500003558,72.9289280003532</SimpleData>
				<SimpleData name="Landline_1">022-25563780</SimpleData>
				<SimpleData name="Lat">19.0442500003558</SimpleData>
				<SimpleData name="Long">72.9289280003532</SimpleData>
				<SimpleData name="Name">CHEMBUR CHILDRENS HOME LP</SimpleData>
				<SimpleData name="OBJECTID_1">467</SimpleData>
				<SimpleData name="Owner_Dept">Education Dept</SimpleData>
				<SimpleData name="School_Typ">3-Co-educational</SimpleData>
				<SimpleData name="Twitter_Ha">@mybmcedu</SimpleData>
				<SimpleData name="Ward">M/E</SimpleData>
				<SimpleData name="Website">www.casmumbai.org</SimpleData>
			</SchemaData>
		</ExtendedData>
		<Point>
			<coordinates>72.928928,19.04425,0</coordinates>
		</Point>
	</Placemark>
	<Placemark>
		<name>PADUA HIGH SCHOOL</name>
		<visibility>0</visibility>
		<styleUrl>#mumbai_unaided_schools_style</styleUrl>
		<ExtendedData>
			<SchemaData schemaUrl="#J_mumbai_unaided_schools_SIISSSSSSISSSSS">
				<SimpleData name="Address">NEAR ST. ANTHONY CHURCH, MANKHURD EAST, MUMBAI  400088</SimpleData>
				<SimpleData name="Cls_From">1</SimpleData>
				<SimpleData name="Cls_To">4</SimpleData>
				<SimpleData name="Email">primary@paduahighschool.co.in</SimpleData>
				<SimpleData name="GoogleMaps">https://www.google.com/maps/search/?api=1&amp;query=19.0471099997715,72.9291420000446</SimpleData>
				<SimpleData name="Landline_1">022-25551914</SimpleData>
				<SimpleData name="Lat">19.0471099997715</SimpleData>
				<SimpleData name="Long">72.9291420000446</SimpleData>
				<SimpleData name="Name">PADUA HIGH SCHOOL</SimpleData>
				<SimpleData name="OBJECTID_1">468</SimpleData>
				<SimpleData name="Owner_Dept">Education Dept</SimpleData>
				<SimpleData name="School_Typ">3-Co-educational</SimpleData>
				<SimpleData name="Twitter_Ha">@mybmcedu</SimpleData>
				<SimpleData name="Ward">M/E</SimpleData>
				<SimpleData name="Website">www.paduahighschool.co.in</SimpleData>
			</SchemaData>
		</ExtendedData>
		<Point>
			<coordinates>72.929142,19.04711,0</coordinates>
		</Point>
	</Placemark>
	<Placemark>
		<name>SUBHASH CHANDRA BOSE VIDYAMANDIR MARATHI</name>
		<visibility>0</visibility>
		<styleUrl>#mumbai_unaided_schools_style</styleUrl>
		<ExtendedData>
			<SchemaData schemaUrl="#J_mumbai_unaided_schools_SIISSSSSSISSSSS">
				<SimpleData name="Address">SHIVPRERNA CHAWL ,MAHARASHTRA NAGAR ,MANKHURD , MUMBAI -400088</SimpleData>
				<SimpleData name="Cls_From">1</SimpleData>
				<SimpleData name="Cls_To">4</SimpleData>
				<SimpleData name="Email">subhashchandraboseprimary@gmail.com</SimpleData>
				<SimpleData name="GoogleMaps">https://www.google.com/maps/search/?api=1&amp;query=19.0481569999314,72.9381360001109</SimpleData>
				<SimpleData name="Landline_1">022-25500107</SimpleData>
				<SimpleData name="Lat">19.0481569999314</SimpleData>
				<SimpleData name="Long">72.9381360001109</SimpleData>
				<SimpleData name="Name">SUBHASH CHANDRA BOSE VIDYAMANDIR MARATHI</SimpleData>
				<SimpleData name="OBJECTID_1">469</SimpleData>
				<SimpleData name="Owner_Dept">Education Dept</SimpleData>
				<SimpleData name="School_Typ">3-Co-educational</SimpleData>
				<SimpleData name="Twitter_Ha">@mybmcedu</SimpleData>
				<SimpleData name="Ward">M/E</SimpleData>
				<SimpleData name="Website"> </SimpleData>
			</SchemaData>
		</ExtendedData>
		<Point>
			<coordinates>72.938136,19.048157,0</coordinates>
		</Point>
	</Placemark>
	<Placemark>
		<name>PADMINI GAIKWAD PRATHMIC SCHOOL</name>
		<visibility>0</visibility>
		<styleUrl>#mumbai_unaided_schools_style</styleUrl>
		<ExtendedData>
			<SchemaData schemaUrl="#J_mumbai_unaided_schools_SIISSSSSSISSSSS">
				<SimpleData name="Address">SPPL BUILDING NO13 MAHARASHTRNAGAR MANKHURD EAST MUMBAI 400088</SimpleData>
				<SimpleData name="Cls_From">1</SimpleData>
				<SimpleData name="Cls_To">4</SimpleData>
				<SimpleData name="Email">pgprimaryschool1990@gmail.com</SimpleData>
				<SimpleData name="GoogleMaps">https://www.google.com/maps/search/?api=1&amp;query=19.0504190000369,72.9405579994274</SimpleData>
				<SimpleData name="Landline_1">022-0</SimpleData>
				<SimpleData name="Lat">19.0504190000369</SimpleData>
				<SimpleData name="Long">72.9405579994274</SimpleData>
				<SimpleData name="Name">PADMINI GAIKWAD PRATHMIC SCHOOL</SimpleData>
				<SimpleData name="OBJECTID_1">470</SimpleData>
				<SimpleData name="Owner_Dept">Education Dept</SimpleData>
				<SimpleData name="School_Typ">3-Co-educational</SimpleData>
				<SimpleData name="Twitter_Ha">@mybmcedu</SimpleData>
				<SimpleData name="Ward">M/E</SimpleData>
				<SimpleData name="Website"> </SimpleData>
			</SchemaData>
		</ExtendedData>
		<Point>
			<coordinates>72.940558,19.050419,0</coordinates>
		</Point>
	</Placemark>
	<Placemark>
		<name>RAMKRISHNA PERMHANCE PRATHMIC</name>
		<visibility>0</visibility>
		<styleUrl>#mumbai_unaided_schools_style</styleUrl>
		<ExtendedData>
			<SchemaData schemaUrl="#J_mumbai_unaided_schools_SIISSSSSSISSSSS">
				<SimpleData name="Address">SRIRAM ARCADE, OPP GOVANDI POST OFFICE, GOVANDI EAST</SimpleData>
				<SimpleData name="Cls_From">1</SimpleData>
				<SimpleData name="Cls_To">4</SimpleData>
				<SimpleData name="Email">highschoolsup@gmail.com</SimpleData>
				<SimpleData name="GoogleMaps">https://www.google.com/maps/search/?api=1&amp;query=19.0531480003299,72.9146500006532</SimpleData>
				<SimpleData name="Landline_1">022-25515547</SimpleData>
				<SimpleData name="Lat">19.0531480003299</SimpleData>
				<SimpleData name="Long">72.9146500006532</SimpleData>
				<SimpleData name="Name">RAMKRISHNA PERMHANCE PRATHMIC</SimpleData>
				<SimpleData name="OBJECTID_1">471</SimpleData>
				<SimpleData name="Owner_Dept">Education Dept</SimpleData>
				<SimpleData name="School_Typ">3-Co-educational</SimpleData>
				<SimpleData name="Twitter_Ha">@mybmcedu</SimpleData>
				<SimpleData name="Ward">M/E</SimpleData>
				<SimpleData name="Website"> </SimpleData>
			</SchemaData>
		</ExtendedData>
		<Point>
			<coordinates>72.91464999999999,19.053148,0</coordinates>
		</Point>
	</Placemark>
	<Placemark>
		<name>CHHATRAPATI RAJE SAMBHAJI SCHOOL</name>
		<visibility>0</visibility>
		<styleUrl>#mumbai_unaided_schools_style</styleUrl>
		<ExtendedData>
			<SchemaData schemaUrl="#J_mumbai_unaided_schools_SIISSSSSSISSSSS">
				<SimpleData name="Address">Deonar Municipal colony B block opp Maharashtra Mutton Shop B block Govandi</SimpleData>
				<SimpleData name="Cls_From">1</SimpleData>
				<SimpleData name="Cls_To">8</SimpleData>
				<SimpleData name="Email">chhatraptirajesambhaji@gmail.com</SimpleData>
				<SimpleData name="GoogleMaps">https://www.google.com/maps/search/?api=1&amp;query=19.0524820002969,72.923390000904</SimpleData>
				<SimpleData name="Landline_1">022-0</SimpleData>
				<SimpleData name="Lat">19.0524820002969</SimpleData>
				<SimpleData name="Long">72.923390000904</SimpleData>
				<SimpleData name="Name">CHHATRAPATI RAJE SAMBHAJI SCHOOL</SimpleData>
				<SimpleData name="OBJECTID_1">472</SimpleData>
				<SimpleData name="Owner_Dept">Education Dept</SimpleData>
				<SimpleData name="School_Typ">3-Co-educational</SimpleData>
				<SimpleData name="Twitter_Ha">@mybmcedu</SimpleData>
				<SimpleData name="Ward">M/E</SimpleData>
				<SimpleData name="Website">www.crss.in</SimpleData>
			</SchemaData>
		</ExtendedData>
		<Point>
			<coordinates>72.92339,19.052482,0</coordinates>
		</Point>
	</Placemark>
	<Placemark>
		<name>RAMLINGAM EDU FOUND ENG</name>
		<visibility>0</visibility>
		<styleUrl>#mumbai_unaided_schools_style</styleUrl>
		<ExtendedData>
			<SchemaData schemaUrl="#J_mumbai_unaided_schools_SIISSSSSSISSSSS">
				<SimpleData name="Address">NIMONI BAUG ROAD, DUTTA NAGAR, GOVANDI</SimpleData>
				<SimpleData name="Cls_From">1</SimpleData>
				<SimpleData name="Cls_To">4</SimpleData>
				<SimpleData name="Email">refjrcollege@gmail.com</SimpleData>
				<SimpleData name="GoogleMaps">https://www.google.com/maps/search/?api=1&amp;query=19.0593249998424,72.9129590001339</SimpleData>
				<SimpleData name="Landline_1">022-25582850</SimpleData>
				<SimpleData name="Lat">19.0593249998424</SimpleData>
				<SimpleData name="Long">72.9129590001339</SimpleData>
				<SimpleData name="Name">RAMLINGAM EDU FOUND ENG</SimpleData>
				<SimpleData name="OBJECTID_1">473</SimpleData>
				<SimpleData name="Owner_Dept">Education Dept</SimpleData>
				<SimpleData name="School_Typ">3-Co-educational</SimpleData>
				<SimpleData name="Twitter_Ha">@mybmcedu</SimpleData>
				<SimpleData name="Ward">M/E</SimpleData>
				<SimpleData name="Website"> </SimpleData>
			</SchemaData>
		</ExtendedData>
		<Point>
			<coordinates>72.912959,19.059325,0</coordinates>
		</Point>
	</Placemark>
	<Placemark>
		<name>SARASWATI HIGH SCHOOL GOVANDI</name>
		<visibility>0</visibility>
		<styleUrl>#mumbai_unaided_schools_style</styleUrl>
		<ExtendedData>
			<SchemaData schemaUrl="#J_mumbai_unaided_schools_SIISSSSSSISSSSS">
				<SimpleData name="Address">mumbai mahanagar palika mumbai</SimpleData>
				<SimpleData name="Cls_From">1</SimpleData>
				<SimpleData name="Cls_To">7</SimpleData>
				<SimpleData name="Email">saraswatihighschool2005@gmail.com</SimpleData>
				<SimpleData name="GoogleMaps">https://www.google.com/maps/search/?api=1&amp;query=19.0602230002822,72.9111600005894</SimpleData>
				<SimpleData name="Landline_1">022-0</SimpleData>
				<SimpleData name="Lat">19.0602230002822</SimpleData>
				<SimpleData name="Long">72.9111600005894</SimpleData>
				<SimpleData name="Name">SARASWATI HIGH SCHOOL GOVANDI</SimpleData>
				<SimpleData name="OBJECTID_1">474</SimpleData>
				<SimpleData name="Owner_Dept">Education Dept</SimpleData>
				<SimpleData name="School_Typ">3-Co-educational</SimpleData>
				<SimpleData name="Twitter_Ha">@mybmcedu</SimpleData>
				<SimpleData name="Ward">M/E</SimpleData>
				<SimpleData name="Website"> </SimpleData>
			</SchemaData>
		</ExtendedData>
		<Point>
			<coordinates>72.91116,19.060223,0</coordinates>
		</Point>
	</Placemark>
	<Placemark>
		<name>KUMUD VIDYAMANDIR ENGLISH SCHOOL</name>
		<visibility>0</visibility>
		<styleUrl>#mumbai_unaided_schools_style</styleUrl>
		<ExtendedData>
			<SchemaData schemaUrl="#J_mumbai_unaided_schools_SIISSSSSSISSSSS">
				<SimpleData name="Address">Sambbhaji Nagar Govandi W 400 043</SimpleData>
				<SimpleData name="Cls_From">1</SimpleData>
				<SimpleData name="Cls_To">4</SimpleData>
				<SimpleData name="Email">kveschool@gmail.com</SimpleData>
				<SimpleData name="GoogleMaps">https://www.google.com/maps/search/?api=1&amp;query=19.0532139995229,72.9217989996964</SimpleData>
				<SimpleData name="Landline_1">022-0</SimpleData>
				<SimpleData name="Lat">19.0532139995229</SimpleData>
				<SimpleData name="Long">72.9217989996964</SimpleData>
				<SimpleData name="Name">KUMUD VIDYAMANDIR ENGLISH SCHOOL</SimpleData>
				<SimpleData name="OBJECTID_1">475</SimpleData>
				<SimpleData name="Owner_Dept">Education Dept</SimpleData>
				<SimpleData name="School_Typ">3-Co-educational</SimpleData>
				<SimpleData name="Twitter_Ha">@mybmcedu</SimpleData>
				<SimpleData name="Ward">M/E</SimpleData>
				<SimpleData name="Website"> </SimpleData>
			</SchemaData>
		</ExtendedData>
		<Point>
			<coordinates>72.92179899999999,19.053214,0</coordinates>
		</Point>
	</Placemark>
	<Placemark>
		<name>DNYANSADANA VIDYALAYA PRIMARY SCHOOL</name>
		<visibility>0</visibility>
		<styleUrl>#mumbai_unaided_schools_style</styleUrl>
		<ExtendedData>
			<SchemaData schemaUrl="#J_mumbai_unaided_schools_SIISSSSSSISSSSS">
				<SimpleData name="Address">171 Mankhurd Govandi</SimpleData>
				<SimpleData name="Cls_From">1</SimpleData>
				<SimpleData name="Cls_To">4</SimpleData>
				<SimpleData name="Email">dsvps2011@gmail.com</SimpleData>
				<SimpleData name="GoogleMaps">https://www.google.com/maps/search/?api=1&amp;query=19.0603409998284,72.9261850000635</SimpleData>
				<SimpleData name="Landline_1">022-0</SimpleData>
				<SimpleData name="Lat">19.0603409998284</SimpleData>
				<SimpleData name="Long">72.9261850000635</SimpleData>
				<SimpleData name="Name">DNYANSADANA VIDYALAYA PRIMARY SCHOOL</SimpleData>
				<SimpleData name="OBJECTID_1">476</SimpleData>
				<SimpleData name="Owner_Dept">Education Dept</SimpleData>
				<SimpleData name="School_Typ">3-Co-educational</SimpleData>
				<SimpleData name="Twitter_Ha">@mybmcedu</SimpleData>
				<SimpleData name="Ward">M/E</SimpleData>
				<SimpleData name="Website"> </SimpleData>
			</SchemaData>
		</ExtendedData>
		<Point>
			<coordinates>72.926185,19.060341,0</coordinates>
		</Point>
	</Placemark>
	<Placemark>
		<name>M.N.SHAH SARVODYA VIDYALAYA ENGLISH</name>
		<visibility>0</visibility>
		<styleUrl>#mumbai_unaided_schools_style</styleUrl>
		<ExtendedData>
			<SchemaData schemaUrl="#J_mumbai_unaided_schools_SIISSSSSSISSSSS">
				<SimpleData name="Address">PLOT NO,5 SUNDER BAUG, RAJE SHIVAJI CHOWK,DEONAR,MUMBAI 400088</SimpleData>
				<SimpleData name="Cls_From">1</SimpleData>
				<SimpleData name="Cls_To">4</SimpleData>
				<SimpleData name="Email">mnshahprimary@gmail.com</SimpleData>
				<SimpleData name="GoogleMaps">https://www.google.com/maps/search/?api=1&amp;query=19.046641999476,72.9100629996709</SimpleData>
				<SimpleData name="Landline_1">022-25518649</SimpleData>
				<SimpleData name="Lat">19.046641999476</SimpleData>
				<SimpleData name="Long">72.9100629996709</SimpleData>
				<SimpleData name="Name">M.N.SHAH SARVODYA VIDYALAYA ENGLISH</SimpleData>
				<SimpleData name="OBJECTID_1">477</SimpleData>
				<SimpleData name="Owner_Dept">Education Dept</SimpleData>
				<SimpleData name="School_Typ">3-Co-educational</SimpleData>
				<SimpleData name="Twitter_Ha">@mybmcedu</SimpleData>
				<SimpleData name="Ward">M/E</SimpleData>
				<SimpleData name="Website"> </SimpleData>
			</SchemaData>
		</ExtendedData>
		<Point>
			<coordinates>72.91006299999999,19.046642,0</coordinates>
		</Point>
	</Placemark>
	<Placemark>
		<name>VEER SAVARKAR ENGLISH SCHOOL</name>
		<visibility>0</visibility>
		<styleUrl>#mumbai_unaided_schools_style</styleUrl>
		<ExtendedData>
			<SchemaData schemaUrl="#J_mumbai_unaided_schools_SIISSSSSSISSSSS">
				<SimpleData name="Address">Plot no 44/T/6, Shivaji nagar, Govandi-43</SimpleData>
				<SimpleData name="Cls_From">0</SimpleData>
				<SimpleData name="Cls_To">5</SimpleData>
				<SimpleData name="Email">veersaverkar43@yahoo.com</SimpleData>
				<SimpleData name="GoogleMaps">https://www.google.com/maps/search/?api=1&amp;query=19.0615120003496,72.9209169994949</SimpleData>
				<SimpleData name="Landline_1">022-25500968</SimpleData>
				<SimpleData name="Lat">19.0615120003496</SimpleData>
				<SimpleData name="Long">72.9209169994949</SimpleData>
				<SimpleData name="Name">VEER SAVARKAR ENGLISH SCHOOL</SimpleData>
				<SimpleData name="OBJECTID_1">478</SimpleData>
				<SimpleData name="Owner_Dept">Education Dept</SimpleData>
				<SimpleData name="School_Typ">3-Co-educational</SimpleData>
				<SimpleData name="Twitter_Ha">@mybmcedu</SimpleData>
				<SimpleData name="Ward">M/E</SimpleData>
				<SimpleData name="Website"> </SimpleData>
			</SchemaData>
		</ExtendedData>
		<Point>
			<coordinates>72.920917,19.061512,0</coordinates>
		</Point>
	</Placemark>
	<Placemark>
		<name>ENFANT INDIA ENG SCHOOL</name>
		<visibility>0</visibility>
		<styleUrl>#mumbai_unaided_schools_style</styleUrl>
		<ExtendedData>
			<SchemaData schemaUrl="#J_mumbai_unaided_schools_SIISSSSSSISSSSS">
				<SimpleData name="Address">plot no 7,13/a Shivaji Nagar Govandi  Mumbai</SimpleData>
				<SimpleData name="Cls_From">1</SimpleData>
				<SimpleData name="Cls_To">4</SimpleData>
				<SimpleData name="Email">eies@enfantindia.org</SimpleData>
				<SimpleData name="GoogleMaps">https://www.google.com/maps/search/?api=1&amp;query=19.0662180006564,72.9219119993404</SimpleData>
				<SimpleData name="Landline_1">022-25582478</SimpleData>
				<SimpleData name="Lat">19.0662180006564</SimpleData>
				<SimpleData name="Long">72.9219119993404</SimpleData>
				<SimpleData name="Name">ENFANT INDIA ENG SCHOOL</SimpleData>
				<SimpleData name="OBJECTID_1">479</SimpleData>
				<SimpleData name="Owner_Dept">Education Dept</SimpleData>
				<SimpleData name="School_Typ">3-Co-educational</SimpleData>
				<SimpleData name="Twitter_Ha">@mybmcedu</SimpleData>
				<SimpleData name="Ward">M/E</SimpleData>
				<SimpleData name="Website">www.enfantindia.org</SimpleData>
			</SchemaData>
		</ExtendedData>
		<Point>
			<coordinates>72.92191200000001,19.066218,0</coordinates>
		</Point>
	</Placemark>
	<Placemark>
		<name>BAITUL NASIB URDU</name>
		<visibility>0</visibility>
		<styleUrl>#mumbai_unaided_schools_style</styleUrl>
		<ExtendedData>
			<SchemaData schemaUrl="#J_mumbai_unaided_schools_SIISSSSSSISSSSS">
				<SimpleData name="Address">plot no 7,13/A SHIVAJI NAGAR GOVANDI MUMBAI</SimpleData>
				<SimpleData name="Cls_From">1</SimpleData>
				<SimpleData name="Cls_To">4</SimpleData>
				<SimpleData name="Email">bnus@enfantindia.org</SimpleData>
				<SimpleData name="GoogleMaps">https://www.google.com/maps/search/?api=1&amp;query=19.0663120001334,72.9219000003655</SimpleData>
				<SimpleData name="Landline_1">022-25582478</SimpleData>
				<SimpleData name="Lat">19.0663120001334</SimpleData>
				<SimpleData name="Long">72.9219000003655</SimpleData>
				<SimpleData name="Name">BAITUL NASIB URDU</SimpleData>
				<SimpleData name="OBJECTID_1">480</SimpleData>
				<SimpleData name="Owner_Dept">Education Dept</SimpleData>
				<SimpleData name="School_Typ">2-Girls</SimpleData>
				<SimpleData name="Twitter_Ha">@mybmcedu</SimpleData>
				<SimpleData name="Ward">M/E</SimpleData>
				<SimpleData name="Website">www.enfantindia.org</SimpleData>
			</SchemaData>
		</ExtendedData>
		<Point>
			<coordinates>72.92189999999999,19.066312,0</coordinates>
		</Point>
	</Placemark>
	<Placemark>
		<name>HONEST LIFE ENGLISH SCHOOL</name>
		<visibility>0</visibility>
		<styleUrl>#mumbai_unaided_schools_style</styleUrl>
		<ExtendedData>
			<SchemaData schemaUrl="#J_mumbai_unaided_schools_SIISSSSSSISSSSS">
				<SimpleData name="Address">Plot No 46 Line No.K Room No. 7,8 Near Shivaji Nagar Post Office Govandi Mumbai 400043.</SimpleData>
				<SimpleData name="Cls_From">1</SimpleData>
				<SimpleData name="Cls_To">4</SimpleData>
				<SimpleData name="Email">honestlifeenglishprimaryschool@gmail.com</SimpleData>
				<SimpleData name="GoogleMaps">https://www.google.com/maps/search/?api=1&amp;query=19.0619189995718,72.9213920000254</SimpleData>
				<SimpleData name="Landline_1">022-25579232</SimpleData>
				<SimpleData name="Lat">19.0619189995718</SimpleData>
				<SimpleData name="Long">72.9213920000254</SimpleData>
				<SimpleData name="Name">HONEST LIFE ENGLISH SCHOOL</SimpleData>
				<SimpleData name="OBJECTID_1">481</SimpleData>
				<SimpleData name="Owner_Dept">Education Dept</SimpleData>
				<SimpleData name="School_Typ">3-Co-educational</SimpleData>
				<SimpleData name="Twitter_Ha">@mybmcedu</SimpleData>
				<SimpleData name="Ward">M/E</SimpleData>
				<SimpleData name="Website"> </SimpleData>
			</SchemaData>
		</ExtendedData>
		<Point>
			<coordinates>72.921392,19.061919,0</coordinates>
		</Point>
	</Placemark>
	<Placemark>
		<name>DAFFODIL ENGLISH PRIMARY SCHOOL</name>
		<visibility>0</visibility>
		<styleUrl>#mumbai_unaided_schools_style</styleUrl>
		<ExtendedData>
			<SchemaData schemaUrl="#J_mumbai_unaided_schools_SIISSSSSSISSSSS">
				<SimpleData name="Address">plot no 6 road no8 shivaji nagar 3 baiganwadi govandi mumbai</SimpleData>
				<SimpleData name="Cls_From">1</SimpleData>
				<SimpleData name="Cls_To">4</SimpleData>
				<SimpleData name="Email">daffodilenglishschool@gmail.com</SimpleData>
				<SimpleData name="GoogleMaps">https://www.google.com/maps/search/?api=1&amp;query=19.0616880002959,72.9245049993346</SimpleData>
				<SimpleData name="Landline_1">022-25550251</SimpleData>
				<SimpleData name="Lat">19.0616880002959</SimpleData>
				<SimpleData name="Long">72.9245049993346</SimpleData>
				<SimpleData name="Name">DAFFODIL ENGLISH PRIMARY SCHOOL</SimpleData>
				<SimpleData name="OBJECTID_1">482</SimpleData>
				<SimpleData name="Owner_Dept">Education Dept</SimpleData>
				<SimpleData name="School_Typ">3-Co-educational</SimpleData>
				<SimpleData name="Twitter_Ha">@mybmcedu</SimpleData>
				<SimpleData name="Ward">M/E</SimpleData>
				<SimpleData name="Website"> </SimpleData>
			</SchemaData>
		</ExtendedData>
		<Point>
			<coordinates>72.924505,19.061688,0</coordinates>
		</Point>
	</Placemark>
	<Placemark>
		<name>AISHA ENGLISH PRIMARY SCHOOL</name>
		<visibility>0</visibility>
		<styleUrl>#mumbai_unaided_schools_style</styleUrl>
		<ExtendedData>
			<SchemaData schemaUrl="#J_mumbai_unaided_schools_SIISSSSSSISSSSS">
				<SimpleData name="Address">PLOT NO 7/O/1, SHIVAJI NAGAR, GOVANDI,</SimpleData>
				<SimpleData name="Cls_From">1</SimpleData>
				<SimpleData name="Cls_To">4</SimpleData>
				<SimpleData name="Email">aishappschool@gmail.com</SimpleData>
				<SimpleData name="GoogleMaps">https://www.google.com/maps/search/?api=1&amp;query=19.0660479998585,72.9214529998401</SimpleData>
				<SimpleData name="Landline_1">022-38420077</SimpleData>
				<SimpleData name="Lat">19.0660479998585</SimpleData>
				<SimpleData name="Long">72.9214529998401</SimpleData>
				<SimpleData name="Name">AISHA ENGLISH PRIMARY SCHOOL</SimpleData>
				<SimpleData name="OBJECTID_1">483</SimpleData>
				<SimpleData name="Owner_Dept">Education Dept</SimpleData>
				<SimpleData name="School_Typ">3-Co-educational</SimpleData>
				<SimpleData name="Twitter_Ha">@mybmcedu</SimpleData>
				<SimpleData name="Ward">M/E</SimpleData>
				<SimpleData name="Website">aishasjc.co.in</SimpleData>
			</SchemaData>
		</ExtendedData>
		<Point>
			<coordinates>72.921453,19.066048,0</coordinates>
		</Point>
	</Placemark>
	<Placemark>
		<name>MAHATMA PHULE VIDYALAYA</name>
		<visibility>0</visibility>
		<styleUrl>#mumbai_unaided_schools_style</styleUrl>
		<ExtendedData>
			<SchemaData schemaUrl="#J_mumbai_unaided_schools_SIISSSSSSISSSSS">
				<SimpleData name="Address">54 /B/LALLUBHAI COMPOUND MANKHURD</SimpleData>
				<SimpleData name="Cls_From">1</SimpleData>
				<SimpleData name="Cls_To">4</SimpleData>
				<SimpleData name="Email">mpvpr15@gmail.com</SimpleData>
				<SimpleData name="GoogleMaps">https://www.google.com/maps/search/?api=1&amp;query=19.0520950000442,72.9282079997402</SimpleData>
				<SimpleData name="Landline_1">022-5517672</SimpleData>
				<SimpleData name="Lat">19.0520950000442</SimpleData>
				<SimpleData name="Long">72.9282079997402</SimpleData>
				<SimpleData name="Name">MAHATMA PHULE VIDYALAYA</SimpleData>
				<SimpleData name="OBJECTID_1">484</SimpleData>
				<SimpleData name="Owner_Dept">Education Dept</SimpleData>
				<SimpleData name="School_Typ">3-Co-educational</SimpleData>
				<SimpleData name="Twitter_Ha">@mybmcedu</SimpleData>
				<SimpleData name="Ward">M/E</SimpleData>
				<SimpleData name="Website"> </SimpleData>
			</SchemaData>
		</ExtendedData>
		<Point>
			<coordinates>72.928208,19.052095,0</coordinates>
		</Point>
	</Placemark>
	<Placemark>
		<name>ALL SAINTS&apos; ENGLISH SCHOOL</name>
		<visibility>0</visibility>
		<styleUrl>#mumbai_unaided_schools_style</styleUrl>
		<ExtendedData>
			<SchemaData schemaUrl="#J_mumbai_unaided_schools_SIISSSSSSISSSSS">
				<SimpleData name="Address">Plot No. Shivaji Nagar Govandi Mumbai 400043</SimpleData>
				<SimpleData name="Cls_From">1</SimpleData>
				<SimpleData name="Cls_To">7</SimpleData>
				<SimpleData name="Email">admin.ases@gmail.com</SimpleData>
				<SimpleData name="GoogleMaps">https://www.google.com/maps/search/?api=1&amp;query=19.0657310000115,72.9255579996498</SimpleData>
				<SimpleData name="Landline_1">022-0</SimpleData>
				<SimpleData name="Lat">19.0657310000115</SimpleData>
				<SimpleData name="Long">72.9255579996498</SimpleData>
				<SimpleData name="Name">ALL SAINTS&apos; ENGLISH SCHOOL</SimpleData>
				<SimpleData name="OBJECTID_1">485</SimpleData>
				<SimpleData name="Owner_Dept">Education Dept</SimpleData>
				<SimpleData name="School_Typ">3-Co-educational</SimpleData>
				<SimpleData name="Twitter_Ha">@mybmcedu</SimpleData>
				<SimpleData name="Ward">M/E</SimpleData>
				<SimpleData name="Website"> </SimpleData>
			</SchemaData>
		</ExtendedData>
		<Point>
			<coordinates>72.925558,19.065731,0</coordinates>
		</Point>
	</Placemark>
	<Placemark>
		<name>JAFARI ENGLISH SCHOOL</name>
		<visibility>0</visibility>
		<styleUrl>#mumbai_unaided_schools_style</styleUrl>
		<ExtendedData>
			<SchemaData schemaUrl="#J_mumbai_unaided_schools_SIISSSSSSISSSSS">
				<SimpleData name="Address">29/A, GAJANAN COLONY, RAFI NAGAR,GOVANDI, MUMBAI 400043</SimpleData>
				<SimpleData name="Cls_From">1</SimpleData>
				<SimpleData name="Cls_To">4</SimpleData>
				<SimpleData name="Email">schooljafari@gmail.com</SimpleData>
				<SimpleData name="GoogleMaps">https://www.google.com/maps/search/?api=1&amp;query=19.0679140005395,72.9208970001675</SimpleData>
				<SimpleData name="Landline_1">022-25558335</SimpleData>
				<SimpleData name="Lat">19.0679140005395</SimpleData>
				<SimpleData name="Long">72.9208970001675</SimpleData>
				<SimpleData name="Name">JAFARI ENGLISH SCHOOL</SimpleData>
				<SimpleData name="OBJECTID_1">486</SimpleData>
				<SimpleData name="Owner_Dept">Education Dept</SimpleData>
				<SimpleData name="School_Typ">3-Co-educational</SimpleData>
				<SimpleData name="Twitter_Ha">@mybmcedu</SimpleData>
				<SimpleData name="Ward">M/E</SimpleData>
				<SimpleData name="Website"> </SimpleData>
			</SchemaData>
		</ExtendedData>
		<Point>
			<coordinates>72.920897,19.067914,0</coordinates>
		</Point>
	</Placemark>
	<Placemark>
		<name>ROSE ENG LP</name>
		<visibility>0</visibility>
		<styleUrl>#mumbai_unaided_schools_style</styleUrl>
		<ExtendedData>
			<SchemaData schemaUrl="#J_mumbai_unaided_schools_SIISSSSSSISSSSS">
				<SimpleData name="Address">1093/94/95/96, lotus colony, Govandi, Mumbai 400043</SimpleData>
				<SimpleData name="Cls_From">1</SimpleData>
				<SimpleData name="Cls_To">4</SimpleData>
				<SimpleData name="Email">rosenghgschl@gmail.com</SimpleData>
				<SimpleData name="GoogleMaps">https://www.google.com/maps/search/?api=1&amp;query=19.0655159999094,72.9189909996454</SimpleData>
				<SimpleData name="Landline_1">022-0</SimpleData>
				<SimpleData name="Lat">19.0655159999094</SimpleData>
				<SimpleData name="Long">72.9189909996454</SimpleData>
				<SimpleData name="Name">ROSE ENG LP</SimpleData>
				<SimpleData name="OBJECTID_1">487</SimpleData>
				<SimpleData name="Owner_Dept">Education Dept</SimpleData>
				<SimpleData name="School_Typ">3-Co-educational</SimpleData>
				<SimpleData name="Twitter_Ha">@mybmcedu</SimpleData>
				<SimpleData name="Ward">M/E</SimpleData>
				<SimpleData name="Website">www.rehs.in</SimpleData>
			</SchemaData>
		</ExtendedData>
		<Point>
			<coordinates>72.91899100000001,19.065516,0</coordinates>
		</Point>
	</Placemark>
	<Placemark>
		<name>SAMYAK DEEP VIDYA MANDIR</name>
		<visibility>0</visibility>
		<styleUrl>#mumbai_unaided_schools_style</styleUrl>
		<ExtendedData>
			<SchemaData schemaUrl="#J_mumbai_unaided_schools_SIISSSSSSISSSSS">
				<SimpleData name="Address">Samyak deep vidya mandir rahul nagar nagavadi P.L lokande marg chembur mumbai 400089</SimpleData>
				<SimpleData name="Cls_From">1</SimpleData>
				<SimpleData name="Cls_To">8</SimpleData>
				<SimpleData name="Email">samyakdeepvidyamandir@gmail.com</SimpleData>
				<SimpleData name="GoogleMaps">https://www.google.com/maps/search/?api=1&amp;query=19.0621279999529,72.9006639999235</SimpleData>
				<SimpleData name="Landline_1">022-85487986</SimpleData>
				<SimpleData name="Lat">19.0621279999529</SimpleData>
				<SimpleData name="Long">72.9006639999235</SimpleData>
				<SimpleData name="Name">SAMYAK DEEP VIDYA MANDIR</SimpleData>
				<SimpleData name="OBJECTID_1">488</SimpleData>
				<SimpleData name="Owner_Dept">Education Dept</SimpleData>
				<SimpleData name="School_Typ">3-Co-educational</SimpleData>
				<SimpleData name="Twitter_Ha">@mybmcedu</SimpleData>
				<SimpleData name="Ward">M/E</SimpleData>
				<SimpleData name="Website"> </SimpleData>
			</SchemaData>
		</ExtendedData>
		<Point>
			<coordinates>72.90066400000001,19.062128,0</coordinates>
		</Point>
	</Placemark>
	<Placemark>
		<name>SIDDHANT HINDI HIGH SCHOOL</name>
		<visibility>0</visibility>
		<styleUrl>#mumbai_unaided_schools_style</styleUrl>
		<ExtendedData>
			<SchemaData schemaUrl="#J_mumbai_unaided_schools_SIISSSSSSISSSSS">
				<SimpleData name="Address">Building no. 06 Disha SRA gruh sanstha, Mhada colony, Vashinaka Chembur Mumbai - 400074</SimpleData>
				<SimpleData name="Cls_From">1</SimpleData>
				<SimpleData name="Cls_To">4</SimpleData>
				<SimpleData name="Email">siddhantschool@gmail.com</SimpleData>
				<SimpleData name="GoogleMaps">https://www.google.com/maps/search/?api=1&amp;query=19.0312759999462,72.9012829995465</SimpleData>
				<SimpleData name="Landline_1">022-65380060</SimpleData>
				<SimpleData name="Lat">19.0312759999462</SimpleData>
				<SimpleData name="Long">72.9012829995465</SimpleData>
				<SimpleData name="Name">SIDDHANT HINDI HIGH SCHOOL</SimpleData>
				<SimpleData name="OBJECTID_1">489</SimpleData>
				<SimpleData name="Owner_Dept">Education Dept</SimpleData>
				<SimpleData name="School_Typ">3-Co-educational</SimpleData>
				<SimpleData name="Twitter_Ha">@mybmcedu</SimpleData>
				<SimpleData name="Ward">M/E</SimpleData>
				<SimpleData name="Website">www.siddhanthighschool.com</SimpleData>
			</SchemaData>
		</ExtendedData>
		<Point>
			<coordinates>72.90128300000001,19.031276,0</coordinates>
		</Point>
	</Placemark>
	<Placemark>
		<name>SIDDHANT ENGLISH HIGH SCHOOL</name>
		<visibility>0</visibility>
		<styleUrl>#mumbai_unaided_schools_style</styleUrl>
		<ExtendedData>
			<SchemaData schemaUrl="#J_mumbai_unaided_schools_SIISSSSSSISSSSS">
				<SimpleData name="Address">Building No. 6, Disha SRA Gruh sanstha, Mhada colony, Vashinaka , Chembur Mumbai - 400074</SimpleData>
				<SimpleData name="Cls_From">1</SimpleData>
				<SimpleData name="Cls_To">4</SimpleData>
				<SimpleData name="Email">siddhantschool@gmail.com</SimpleData>
				<SimpleData name="GoogleMaps">https://www.google.com/maps/search/?api=1&amp;query=19.0312429998245,72.9013080005075</SimpleData>
				<SimpleData name="Landline_1">022-65380060</SimpleData>
				<SimpleData name="Lat">19.0312429998245</SimpleData>
				<SimpleData name="Long">72.9013080005075</SimpleData>
				<SimpleData name="Name">SIDDHANT ENGLISH HIGH SCHOOL</SimpleData>
				<SimpleData name="OBJECTID_1">490</SimpleData>
				<SimpleData name="Owner_Dept">Education Dept</SimpleData>
				<SimpleData name="School_Typ">3-Co-educational</SimpleData>
				<SimpleData name="Twitter_Ha">@mybmcedu</SimpleData>
				<SimpleData name="Ward">M/E</SimpleData>
				<SimpleData name="Website">www.siddhanthighschool.com</SimpleData>
			</SchemaData>
		</ExtendedData>
		<Point>
			<coordinates>72.901308,19.031243,0</coordinates>
		</Point>
	</Placemark>
	<Placemark>
		<name>SHAHEED BHAGAT SINGH BALKANJI BARI SCHOOL</name>
		<visibility>0</visibility>
		<styleUrl>#mumbai_unaided_schools_style</styleUrl>
		<ExtendedData>
			<SchemaData schemaUrl="#J_mumbai_unaided_schools_SIISSSSSSISSSSS">
				<SimpleData name="Address">R.C.BARRACK NO.73, CHEMBUR COLONY, MUMBAI-400074.</SimpleData>
				<SimpleData name="Cls_From">0</SimpleData>
				<SimpleData name="Cls_To">8</SimpleData>
				<SimpleData name="Email">shaheedbhagatsingh2002@gmail.com</SimpleData>
				<SimpleData name="GoogleMaps">https://www.google.com/maps/search/?api=1&amp;query=19.0456550002993,72.8940799994378</SimpleData>
				<SimpleData name="Landline_1">022-25208174</SimpleData>
				<SimpleData name="Lat">19.0456550002993</SimpleData>
				<SimpleData name="Long">72.8940799994378</SimpleData>
				<SimpleData name="Name">SHAHEED BHAGAT SINGH BALKANJI BARI SCHOOL</SimpleData>
				<SimpleData name="OBJECTID_1">491</SimpleData>
				<SimpleData name="Owner_Dept">Education Dept</SimpleData>
				<SimpleData name="School_Typ">3-Co-educational</SimpleData>
				<SimpleData name="Twitter_Ha">@mybmcedu</SimpleData>
				<SimpleData name="Ward">M/E</SimpleData>
				<SimpleData name="Website"> </SimpleData>
			</SchemaData>
		</ExtendedData>
		<Point>
			<coordinates>72.89408,19.045655,0</coordinates>
		</Point>
	</Placemark>
	<Placemark>
		<name>INDRA ENLGISH SCHOOL</name>
		<visibility>0</visibility>
		<styleUrl>#mumbai_unaided_schools_style</styleUrl>
		<ExtendedData>
			<SchemaData schemaUrl="#J_mumbai_unaided_schools_SIISSSSSSISSSSS">
				<SimpleData name="Address">30feet roadIndira nagar Mandala Mankhurd Mumbai 400043</SimpleData>
				<SimpleData name="Cls_From">1</SimpleData>
				<SimpleData name="Cls_To">8</SimpleData>
				<SimpleData name="Email">iehs.jrcollege@gmail.com</SimpleData>
				<SimpleData name="GoogleMaps">https://www.google.com/maps/search/?api=1&amp;query=19.0548090001325,72.9385570001224</SimpleData>
				<SimpleData name="Landline_1">022-65996940</SimpleData>
				<SimpleData name="Lat">19.0548090001325</SimpleData>
				<SimpleData name="Long">72.9385570001224</SimpleData>
				<SimpleData name="Name">INDRA ENLGISH SCHOOL</SimpleData>
				<SimpleData name="OBJECTID_1">492</SimpleData>
				<SimpleData name="Owner_Dept">Education Dept</SimpleData>
				<SimpleData name="School_Typ">3-Co-educational</SimpleData>
				<SimpleData name="Twitter_Ha">@mybmcedu</SimpleData>
				<SimpleData name="Ward">M/E</SimpleData>
				<SimpleData name="Website">www.indraeducation.com</SimpleData>
			</SchemaData>
		</ExtendedData>
		<Point>
			<coordinates>72.938557,19.054809,0</coordinates>
		</Point>
	</Placemark>
	<Placemark>
		<name>AAKASH ENGLISH MEDIUM SCHOOL</name>
		<visibility>0</visibility>
		<styleUrl>#mumbai_unaided_schools_style</styleUrl>
		<ExtendedData>
			<SchemaData schemaUrl="#J_mumbai_unaided_schools_SIISSSSSSISSSSS">
				<SimpleData name="Address">Bldg.no.79, Ground flr. P.M.G.P Colony,Mankhurd,mum-43</SimpleData>
				<SimpleData name="Cls_From">1</SimpleData>
				<SimpleData name="Cls_To">5</SimpleData>
				<SimpleData name="Email">aemschoolm1@gmail.com</SimpleData>
				<SimpleData name="GoogleMaps">https://www.google.com/maps/search/?api=1&amp;query=19.0518690000248,72.9339870003491</SimpleData>
				<SimpleData name="Landline_1">022-0</SimpleData>
				<SimpleData name="Lat">19.0518690000248</SimpleData>
				<SimpleData name="Long">72.9339870003491</SimpleData>
				<SimpleData name="Name">AAKASH ENGLISH MEDIUM SCHOOL</SimpleData>
				<SimpleData name="OBJECTID_1">493</SimpleData>
				<SimpleData name="Owner_Dept">Education Dept</SimpleData>
				<SimpleData name="School_Typ">3-Co-educational</SimpleData>
				<SimpleData name="Twitter_Ha">@mybmcedu</SimpleData>
				<SimpleData name="Ward">M/E</SimpleData>
				<SimpleData name="Website"> </SimpleData>
			</SchemaData>
		</ExtendedData>
		<Point>
			<coordinates>72.933987,19.051869,0</coordinates>
		</Point>
	</Placemark>
	<Placemark>
		<name>SUNGRACE CONVENT SCHOOL MANKHURD</name>
		<visibility>0</visibility>
		<styleUrl>#mumbai_unaided_schools_style</styleUrl>
		<ExtendedData>
			<SchemaData schemaUrl="#J_mumbai_unaided_schools_SIISSSSSSISSSSS">
				<SimpleData name="Address">LALLUBHAI COMPOUND MANKHURD MUMBAI-43</SimpleData>
				<SimpleData name="Cls_From">1</SimpleData>
				<SimpleData name="Cls_To">7</SimpleData>
				<SimpleData name="Email">sugerejr.college@gmail.com</SimpleData>
				<SimpleData name="GoogleMaps">https://www.google.com/maps/search/?api=1&amp;query=19.0504860000591,72.927214999688</SimpleData>
				<SimpleData name="Landline_1">022-0</SimpleData>
				<SimpleData name="Lat">19.0504860000591</SimpleData>
				<SimpleData name="Long">72.927214999688</SimpleData>
				<SimpleData name="Name">SUNGRACE CONVENT SCHOOL MANKHURD</SimpleData>
				<SimpleData name="OBJECTID_1">494</SimpleData>
				<SimpleData name="Owner_Dept">Education Dept</SimpleData>
				<SimpleData name="School_Typ">3-Co-educational</SimpleData>
				<SimpleData name="Twitter_Ha">@mybmcedu</SimpleData>
				<SimpleData name="Ward">M/E</SimpleData>
				<SimpleData name="Website"> </SimpleData>
			</SchemaData>
		</ExtendedData>
		<Point>
			<coordinates>72.927215,19.050486,0</coordinates>
		</Point>
	</Placemark>
	<Placemark>
		<name>SWAMI VIVEKANAND PRATHMIK SHALA GOVANDI</name>
		<visibility>0</visibility>
		<styleUrl>#mumbai_unaided_schools_style</styleUrl>
		<ExtendedData>
			<SchemaData schemaUrl="#J_mumbai_unaided_schools_SIISSSSSSISSSSS">
				<SimpleData name="Address">BSD Marg, Govandi Station Road, Govandi East, Mumbai 400088</SimpleData>
				<SimpleData name="Cls_From">1</SimpleData>
				<SimpleData name="Cls_To">4</SimpleData>
				<SimpleData name="Email">svpsgovandi@gmail.com</SimpleData>
				<SimpleData name="GoogleMaps">https://www.google.com/maps/search/?api=1&amp;query=19.0537529998993,72.9149169998759</SimpleData>
				<SimpleData name="Landline_1">022-25581134</SimpleData>
				<SimpleData name="Lat">19.0537529998993</SimpleData>
				<SimpleData name="Long">72.9149169998759</SimpleData>
				<SimpleData name="Name">SWAMI VIVEKANAND PRATHMIK SHALA GOVANDI</SimpleData>
				<SimpleData name="OBJECTID_1">495</SimpleData>
				<SimpleData name="Owner_Dept">Education Dept</SimpleData>
				<SimpleData name="School_Typ">3-Co-educational</SimpleData>
				<SimpleData name="Twitter_Ha">@mybmcedu</SimpleData>
				<SimpleData name="Ward">M/E</SimpleData>
				<SimpleData name="Website"> </SimpleData>
			</SchemaData>
		</ExtendedData>
		<Point>
			<coordinates>72.914917,19.053753,0</coordinates>
		</Point>
	</Placemark>
	<Placemark>
		<name>SAKINA SAYEED AHMED ENGLISH PRIMARY</name>
		<visibility>0</visibility>
		<styleUrl>#mumbai_unaided_schools_style</styleUrl>
		<ExtendedData>
			<SchemaData schemaUrl="#J_mumbai_unaided_schools_SIISSSSSSISSSSS">
				<SimpleData name="Address">AShok Nagar, Vashinaka Chembur Mumbai-400074</SimpleData>
				<SimpleData name="Cls_From">1</SimpleData>
				<SimpleData name="Cls_To">4</SimpleData>
				<SimpleData name="Email">set1995@gmail.com</SimpleData>
				<SimpleData name="GoogleMaps">https://www.google.com/maps/search/?api=1&amp;query=19.0363730002358,72.9070560003788</SimpleData>
				<SimpleData name="Landline_1">022-25549586</SimpleData>
				<SimpleData name="Lat">19.0363730002358</SimpleData>
				<SimpleData name="Long">72.9070560003788</SimpleData>
				<SimpleData name="Name">SAKINA SAYEED AHMED ENGLISH PRIMARY</SimpleData>
				<SimpleData name="OBJECTID_1">496</SimpleData>
				<SimpleData name="Owner_Dept">Education Dept</SimpleData>
				<SimpleData name="School_Typ">3-Co-educational</SimpleData>
				<SimpleData name="Twitter_Ha">@mybmcedu</SimpleData>
				<SimpleData name="Ward">M/E</SimpleData>
				<SimpleData name="Website">sakinaeducationaltrust.org</SimpleData>
			</SchemaData>
		</ExtendedData>
		<Point>
			<coordinates>72.907056,19.036373,0</coordinates>
		</Point>
	</Placemark>
	<Placemark>
		<name>MAHARASTRA SHIKSHA NIKETAN HINDI PRIMARY SCHOOL</name>
		<visibility>0</visibility>
		<styleUrl>#mumbai_unaided_schools_style</styleUrl>
		<ExtendedData>
			<SchemaData schemaUrl="#J_mumbai_unaided_schools_SIISSSSSSISSSSS">
				<SimpleData name="Address">Ashok Nagar Vashinaka R.C.Marg Chembur Mumbai 40074</SimpleData>
				<SimpleData name="Cls_From">1</SimpleData>
				<SimpleData name="Cls_To">4</SimpleData>
				<SimpleData name="Email">set1995@gmail.com</SimpleData>
				<SimpleData name="GoogleMaps">https://www.google.com/maps/search/?api=1&amp;query=19.0363200002289,72.9071659998369</SimpleData>
				<SimpleData name="Landline_1">022-25549586</SimpleData>
				<SimpleData name="Lat">19.0363200002289</SimpleData>
				<SimpleData name="Long">72.9071659998369</SimpleData>
				<SimpleData name="Name">MAHARASTRA SHIKSHA NIKETAN HINDI PRIMARY SCHOOL</SimpleData>
				<SimpleData name="OBJECTID_1">497</SimpleData>
				<SimpleData name="Owner_Dept">Education Dept</SimpleData>
				<SimpleData name="School_Typ">3-Co-educational</SimpleData>
				<SimpleData name="Twitter_Ha">@mybmcedu</SimpleData>
				<SimpleData name="Ward">M/E</SimpleData>
				<SimpleData name="Website"> </SimpleData>
			</SchemaData>
		</ExtendedData>
		<Point>
			<coordinates>72.907166,19.03632,0</coordinates>
		</Point>
	</Placemark>
	<Placemark>
		<name>FAIZUL MATEEN ENGLISH HIGHSCHOOL</name>
		<visibility>0</visibility>
		<styleUrl>#mumbai_unaided_schools_style</styleUrl>
		<ExtendedData>
			<SchemaData schemaUrl="#J_mumbai_unaided_schools_SIISSSSSSISSSSS">
				<SimpleData name="Address">PLOT NO 39/3,4,5,6 ROAD NO 8 SHIVAJI NAGAR GOVANDI MUMBAI 400043</SimpleData>
				<SimpleData name="Cls_From">1</SimpleData>
				<SimpleData name="Cls_To">9</SimpleData>
				<SimpleData name="Email">fm2012school@gmail.com</SimpleData>
				<SimpleData name="GoogleMaps">https://www.google.com/maps/search/?api=1&amp;query=19.0661760005862,72.9264189997439</SimpleData>
				<SimpleData name="Landline_1">022-0</SimpleData>
				<SimpleData name="Lat">19.0661760005862</SimpleData>
				<SimpleData name="Long">72.9264189997439</SimpleData>
				<SimpleData name="Name">FAIZUL MATEEN ENGLISH HIGHSCHOOL</SimpleData>
				<SimpleData name="OBJECTID_1">498</SimpleData>
				<SimpleData name="Owner_Dept">Education Dept</SimpleData>
				<SimpleData name="School_Typ">3-Co-educational</SimpleData>
				<SimpleData name="Twitter_Ha">@mybmcedu</SimpleData>
				<SimpleData name="Ward">M/E</SimpleData>
				<SimpleData name="Website"> </SimpleData>
			</SchemaData>
		</ExtendedData>
		<Point>
			<coordinates>72.926419,19.066176,0</coordinates>
		</Point>
	</Placemark>
	<Placemark>
		<name>NOBLE ENGLISH SCHOOL</name>
		<visibility>0</visibility>
		<styleUrl>#mumbai_unaided_schools_style</styleUrl>
		<ExtendedData>
			<SchemaData schemaUrl="#J_mumbai_unaided_schools_SIISSSSSSISSSSS">
				<SimpleData name="Address">plot no 2 line a room no 1 baiganwadi govandi mumbai</SimpleData>
				<SimpleData name="Cls_From">1</SimpleData>
				<SimpleData name="Cls_To">4</SimpleData>
				<SimpleData name="Email">ALTAFMAZIN75@GMAIL.COM</SimpleData>
				<SimpleData name="GoogleMaps">https://www.google.com/maps/search/?api=1&amp;query=19.0641489999443,72.9254360002148</SimpleData>
				<SimpleData name="Landline_1">022-0</SimpleData>
				<SimpleData name="Lat">19.0641489999443</SimpleData>
				<SimpleData name="Long">72.9254360002148</SimpleData>
				<SimpleData name="Name">NOBLE ENGLISH SCHOOL</SimpleData>
				<SimpleData name="OBJECTID_1">499</SimpleData>
				<SimpleData name="Owner_Dept">Education Dept</SimpleData>
				<SimpleData name="School_Typ">3-Co-educational</SimpleData>
				<SimpleData name="Twitter_Ha">@mybmcedu</SimpleData>
				<SimpleData name="Ward">M/E</SimpleData>
				<SimpleData name="Website"> </SimpleData>
			</SchemaData>
		</ExtendedData>
		<Point>
			<coordinates>72.925436,19.064149,0</coordinates>
		</Point>
	</Placemark>
	<Placemark>
		<name>SWADESHI MARATHI SHALA</name>
		<visibility>0</visibility>
		<styleUrl>#mumbai_unaided_schools_style</styleUrl>
		<ExtendedData>
			<SchemaData schemaUrl="#J_mumbai_unaided_schools_SIISSSSSSISSSSS">
				<SimpleData name="Address">V.N.Purav Marg, Chunabhatti  Mumbai-22</SimpleData>
				<SimpleData name="Cls_From">1</SimpleData>
				<SimpleData name="Cls_To">4</SimpleData>
				<SimpleData name="Email">poyrekar.swadeshi@gmail.com</SimpleData>
				<SimpleData name="GoogleMaps">https://www.google.com/maps/search/?api=1&amp;query=19.0529649999769,72.8730819996011</SimpleData>
				<SimpleData name="Landline_1">022-0</SimpleData>
				<SimpleData name="Lat">19.0529649999769</SimpleData>
				<SimpleData name="Long">72.8730819996011</SimpleData>
				<SimpleData name="Name">SWADESHI MARATHI SHALA</SimpleData>
				<SimpleData name="OBJECTID_1">500</SimpleData>
				<SimpleData name="Owner_Dept">Education Dept</SimpleData>
				<SimpleData name="School_Typ">3-Co-educational</SimpleData>
				<SimpleData name="Twitter_Ha">@mybmcedu</SimpleData>
				<SimpleData name="Ward">L-  WARD</SimpleData>
				<SimpleData name="Website"> </SimpleData>
			</SchemaData>
		</ExtendedData>
		<Point>
			<coordinates>72.873082,19.052965,0</coordinates>
		</Point>
	</Placemark>
	<Placemark>
		<name>BES VIVEK ENG SCH</name>
		<visibility>0</visibility>
		<styleUrl>#mumbai_unaided_schools_style</styleUrl>
		<ExtendedData>
			<SchemaData schemaUrl="#J_mumbai_unaided_schools_SIISSSSSSISSSSS">
				<SimpleData name="Address">Quresh nagar, kasai wada , kurla east mumbai - 400070</SimpleData>
				<SimpleData name="Cls_From">1</SimpleData>
				<SimpleData name="Cls_To">4</SimpleData>
				<SimpleData name="Email">vehschool70@gmail.com</SimpleData>
				<SimpleData name="GoogleMaps">https://www.google.com/maps/search/?api=1&amp;query=19.0591619992567,72.8771060002812</SimpleData>
				<SimpleData name="Landline_1">022-24050555</SimpleData>
				<SimpleData name="Lat">19.0591619992567</SimpleData>
				<SimpleData name="Long">72.8771060002812</SimpleData>
				<SimpleData name="Name">BES VIVEK ENG SCH</SimpleData>
				<SimpleData name="OBJECTID_1">501</SimpleData>
				<SimpleData name="Owner_Dept">Education Dept</SimpleData>
				<SimpleData name="School_Typ">3-Co-educational</SimpleData>
				<SimpleData name="Twitter_Ha">@mybmcedu</SimpleData>
				<SimpleData name="Ward">L-  WARD</SimpleData>
				<SimpleData name="Website">www.bes.kurla.org</SimpleData>
			</SchemaData>
		</ExtendedData>
		<Point>
			<coordinates>72.877106,19.059162,0</coordinates>
		</Point>
	</Placemark>
	<Placemark>
		<name>CAMBRIDGE ENG SCH KURLA</name>
		<visibility>0</visibility>
		<styleUrl>#mumbai_unaided_schools_style</styleUrl>
		<ExtendedData>
			<SchemaData schemaUrl="#J_mumbai_unaided_schools_SIISSSSSSISSSSS">
				<SimpleData name="Address"> BANGDIWALA COMPOUND,QURESH NAGAR,KURLA-EAST,MUMBAI-70</SimpleData>
				<SimpleData name="Cls_From">1</SimpleData>
				<SimpleData name="Cls_To">2</SimpleData>
				<SimpleData name="Email">amanthehearty_786@yahoo.com</SimpleData>
				<SimpleData name="GoogleMaps">https://www.google.com/maps/search/?api=1&amp;query=19.0595619998746,72.8771159999459</SimpleData>
				<SimpleData name="Landline_1">022-0</SimpleData>
				<SimpleData name="Lat">19.0595619998746</SimpleData>
				<SimpleData name="Long">72.8771159999459</SimpleData>
				<SimpleData name="Name">CAMBRIDGE ENG SCH KURLA</SimpleData>
				<SimpleData name="OBJECTID_1">502</SimpleData>
				<SimpleData name="Owner_Dept">Education Dept</SimpleData>
				<SimpleData name="School_Typ">3-Co-educational</SimpleData>
				<SimpleData name="Twitter_Ha">@mybmcedu</SimpleData>
				<SimpleData name="Ward">L-  WARD</SimpleData>
				<SimpleData name="Website"> </SimpleData>
			</SchemaData>
		</ExtendedData>
		<Point>
			<coordinates>72.877116,19.059562,0</coordinates>
		</Point>
	</Placemark>
	<Placemark>
		<name>SWAMI VIVEKANAND LP HINDI</name>
		<visibility>0</visibility>
		<styleUrl>#mumbai_unaided_schools_style</styleUrl>
		<ExtendedData>
			<SchemaData schemaUrl="#J_mumbai_unaided_schools_SIISSSSSSISSSSS">
				<SimpleData name="Address">Shiv Shrushti Road,Nehru Nagar,Kurla - E Mumbai - 400024</SimpleData>
				<SimpleData name="Cls_From">1</SimpleData>
				<SimpleData name="Cls_To">4</SimpleData>
				<SimpleData name="Email">neelamrameshsharma06@gmail.com</SimpleData>
				<SimpleData name="GoogleMaps">https://www.google.com/maps/search/?api=1&amp;query=19.0587850003616,72.8827330001843</SimpleData>
				<SimpleData name="Landline_1">022-25292336</SimpleData>
				<SimpleData name="Lat">19.0587850003616</SimpleData>
				<SimpleData name="Long">72.8827330001843</SimpleData>
				<SimpleData name="Name">SWAMI VIVEKANAND LP HINDI</SimpleData>
				<SimpleData name="OBJECTID_1">503</SimpleData>
				<SimpleData name="Owner_Dept">Education Dept</SimpleData>
				<SimpleData name="School_Typ">3-Co-educational</SimpleData>
				<SimpleData name="Twitter_Ha">@mybmcedu</SimpleData>
				<SimpleData name="Ward">L-  WARD</SimpleData>
				<SimpleData name="Website">www.education.maharashtra.gov.in/saral/27220900137</SimpleData>
			</SchemaData>
		</ExtendedData>
		<Point>
			<coordinates>72.882733,19.058785,0</coordinates>
		</Point>
	</Placemark>
	<Placemark>
		<name>VIVEKANAND ENGLISH PRIMARY SCHOOL</name>
		<visibility>0</visibility>
		<styleUrl>#mumbai_unaided_schools_style</styleUrl>
		<ExtendedData>
			<SchemaData schemaUrl="#J_mumbai_unaided_schools_SIISSSSSSISSSSS">
				<SimpleData name="Address">Shivshrushti Road Nehru Nagar</SimpleData>
				<SimpleData name="Cls_From">1</SimpleData>
				<SimpleData name="Cls_To">4</SimpleData>
				<SimpleData name="Email">ves.svps@yahoo.com</SimpleData>
				<SimpleData name="GoogleMaps">https://www.google.com/maps/search/?api=1&amp;query=19.0588169994843,72.882733999837</SimpleData>
				<SimpleData name="Landline_1">022-25292336</SimpleData>
				<SimpleData name="Lat">19.0588169994843</SimpleData>
				<SimpleData name="Long">72.882733999837</SimpleData>
				<SimpleData name="Name">VIVEKANAND ENGLISH PRIMARY SCHOOL</SimpleData>
				<SimpleData name="OBJECTID_1">504</SimpleData>
				<SimpleData name="Owner_Dept">Education Dept</SimpleData>
				<SimpleData name="School_Typ">3-Co-educational</SimpleData>
				<SimpleData name="Twitter_Ha">@mybmcedu</SimpleData>
				<SimpleData name="Ward">L-  WARD</SimpleData>
				<SimpleData name="Website"> </SimpleData>
			</SchemaData>
		</ExtendedData>
		<Point>
			<coordinates>72.882734,19.058817,0</coordinates>
		</Point>
	</Placemark>
	<Placemark>
		<name>ST JOSEPHS LP</name>
		<visibility>0</visibility>
		<styleUrl>#mumbai_unaided_schools_style</styleUrl>
		<ExtendedData>
			<SchemaData schemaUrl="#J_mumbai_unaided_schools_SIISSSSSSISSSSS">
				<SimpleData name="Address">New Mill Road, Kurla w 70</SimpleData>
				<SimpleData name="Cls_From">1</SimpleData>
				<SimpleData name="Cls_To">4</SimpleData>
				<SimpleData name="Email">sjhskurla@gmail.com</SimpleData>
				<SimpleData name="GoogleMaps">https://www.google.com/maps/search/?api=1&amp;query=19.0695829999479,72.877919999651</SimpleData>
				<SimpleData name="Landline_1">022-26502981</SimpleData>
				<SimpleData name="Lat">19.0695829999479</SimpleData>
				<SimpleData name="Long">72.877919999651</SimpleData>
				<SimpleData name="Name">ST JOSEPHS LP</SimpleData>
				<SimpleData name="OBJECTID_1">505</SimpleData>
				<SimpleData name="Owner_Dept">Education Dept</SimpleData>
				<SimpleData name="School_Typ">3-Co-educational</SimpleData>
				<SimpleData name="Twitter_Ha">@mybmcedu</SimpleData>
				<SimpleData name="Ward">L-  WARD</SimpleData>
				<SimpleData name="Website">stjosephkurla.in</SimpleData>
			</SchemaData>
		</ExtendedData>
		<Point>
			<coordinates>72.87792,19.069583,0</coordinates>
		</Point>
	</Placemark>
	<Placemark>
		<name>ANJUMAN-I-ISLAM AL ENG</name>
		<visibility>0</visibility>
		<styleUrl>#mumbai_unaided_schools_style</styleUrl>
		<ExtendedData>
			<SchemaData schemaUrl="#J_mumbai_unaided_schools_SIISSSSSSISSSSS">
				<SimpleData name="Address">S.G.Barve Marg Kurla  W Mumbai 400070</SimpleData>
				<SimpleData name="Cls_From">1</SimpleData>
				<SimpleData name="Cls_To">4</SimpleData>
				<SimpleData name="Email">kurlaanjuman@gmail.com</SimpleData>
				<SimpleData name="GoogleMaps">https://www.google.com/maps/search/?api=1&amp;query=19.0715249993523,72.8803619998637</SimpleData>
				<SimpleData name="Landline_1">022-25034540</SimpleData>
				<SimpleData name="Lat">19.0715249993523</SimpleData>
				<SimpleData name="Long">72.8803619998637</SimpleData>
				<SimpleData name="Name">ANJUMAN-I-ISLAM AL ENG</SimpleData>
				<SimpleData name="OBJECTID_1">506</SimpleData>
				<SimpleData name="Owner_Dept">Education Dept</SimpleData>
				<SimpleData name="School_Typ">3-Co-educational</SimpleData>
				<SimpleData name="Twitter_Ha">@mybmcedu</SimpleData>
				<SimpleData name="Ward">L-  WARD</SimpleData>
				<SimpleData name="Website"> </SimpleData>
			</SchemaData>
		</ExtendedData>
		<Point>
			<coordinates>72.88036200000001,19.071525,0</coordinates>
		</Point>
	</Placemark>
	<Placemark>
		<name>GADGE MAHARAJ PRI MAR</name>
		<visibility>0</visibility>
		<styleUrl>#mumbai_unaided_schools_style</styleUrl>
		<ExtendedData>
			<SchemaData schemaUrl="#J_mumbai_unaided_schools_SIISSSSSSISSSSS">
				<SimpleData name="Address">New Mil Road Kurla west</SimpleData>
				<SimpleData name="Cls_From">1</SimpleData>
				<SimpleData name="Cls_To">4</SimpleData>
				<SimpleData name="Email">vidyavijaykadam1970@gmail.com</SimpleData>
				<SimpleData name="GoogleMaps">https://www.google.com/maps/search/?api=1&amp;query=19.0739220004043,72.8794209995701</SimpleData>
				<SimpleData name="Landline_1">022-0</SimpleData>
				<SimpleData name="Lat">19.0739220004043</SimpleData>
				<SimpleData name="Long">72.8794209995701</SimpleData>
				<SimpleData name="Name">GADGE MAHARAJ PRI MAR</SimpleData>
				<SimpleData name="OBJECTID_1">507</SimpleData>
				<SimpleData name="Owner_Dept">Education Dept</SimpleData>
				<SimpleData name="School_Typ">3-Co-educational</SimpleData>
				<SimpleData name="Twitter_Ha">@mybmcedu</SimpleData>
				<SimpleData name="Ward">L-  WARD</SimpleData>
				<SimpleData name="Website"> </SimpleData>
			</SchemaData>
		</ExtendedData>
		<Point>
			<coordinates>72.87942099999999,19.073922,0</coordinates>
		</Point>
	</Placemark>
	<Placemark>
		<name>MUMBAI UTKAL ENG. HIGH SCHOOL</name>
		<visibility>0</visibility>
		<styleUrl>#mumbai_unaided_schools_style</styleUrl>
		<ExtendedData>
			<SchemaData schemaUrl="#J_mumbai_unaided_schools_SIISSSSSSISSSSS">
				<SimpleData name="Address">Naupada , kurla west, mumbai -400070</SimpleData>
				<SimpleData name="Cls_From">1</SimpleData>
				<SimpleData name="Cls_To">4</SimpleData>
				<SimpleData name="Email">muehs84@gmail.com</SimpleData>
				<SimpleData name="GoogleMaps">https://www.google.com/maps/search/?api=1&amp;query=19.0834680003308,72.8889300003257</SimpleData>
				<SimpleData name="Landline_1">022-25040538</SimpleData>
				<SimpleData name="Lat">19.0834680003308</SimpleData>
				<SimpleData name="Long">72.8889300003257</SimpleData>
				<SimpleData name="Name">MUMBAI UTKAL ENG. HIGH SCHOOL</SimpleData>
				<SimpleData name="OBJECTID_1">508</SimpleData>
				<SimpleData name="Owner_Dept">Education Dept</SimpleData>
				<SimpleData name="School_Typ">3-Co-educational</SimpleData>
				<SimpleData name="Twitter_Ha">@mybmcedu</SimpleData>
				<SimpleData name="Ward">L-  WARD</SimpleData>
				<SimpleData name="Website">www.mumbaiutkalsamiti.org.in</SimpleData>
			</SchemaData>
		</ExtendedData>
		<Point>
			<coordinates>72.88893,19.083468,0</coordinates>
		</Point>
	</Placemark>
	<Placemark>
		<name>HOLY CROSS ENG LP</name>
		<visibility>0</visibility>
		<styleUrl>#mumbai_unaided_schools_style</styleUrl>
		<ExtendedData>
			<SchemaData schemaUrl="#J_mumbai_unaided_schools_SIISSSSSSISSSSS">
				<SimpleData name="Address">KAMANI PREMIER ROAD KURLA W MUMBAI 400 070</SimpleData>
				<SimpleData name="Cls_From">1</SimpleData>
				<SimpleData name="Cls_To">4</SimpleData>
				<SimpleData name="Email">gwendmello@gmail.com</SimpleData>
				<SimpleData name="GoogleMaps">https://www.google.com/maps/search/?api=1&amp;query=19.0823909995982,72.8861390006645</SimpleData>
				<SimpleData name="Landline_1">022-25042644</SimpleData>
				<SimpleData name="Lat">19.0823909995982</SimpleData>
				<SimpleData name="Long">72.8861390006645</SimpleData>
				<SimpleData name="Name">HOLY CROSS ENG LP</SimpleData>
				<SimpleData name="OBJECTID_1">509</SimpleData>
				<SimpleData name="Owner_Dept">Education Dept</SimpleData>
				<SimpleData name="School_Typ">3-Co-educational</SimpleData>
				<SimpleData name="Twitter_Ha">@mybmcedu</SimpleData>
				<SimpleData name="Ward">L-  WARD</SimpleData>
				<SimpleData name="Website">www.holycrosskurla.com</SimpleData>
			</SchemaData>
		</ExtendedData>
		<Point>
			<coordinates>72.886139,19.082391,0</coordinates>
		</Point>
	</Placemark>
	<Placemark>
		<name>SHARMA SHIKSHAN SANSTHA HINDI PRIMARY</name>
		<visibility>0</visibility>
		<styleUrl>#mumbai_unaided_schools_style</styleUrl>
		<ExtendedData>
			<SchemaData schemaUrl="#J_mumbai_unaided_schools_SIISSSSSSISSSSS">
				<SimpleData name="Address">netaji nagar khadi no. 03 jarimari kurla mumbai 400070</SimpleData>
				<SimpleData name="Cls_From">1</SimpleData>
				<SimpleData name="Cls_To">5</SimpleData>
				<SimpleData name="Email">sharmaschool323@yahoo.in</SimpleData>
				<SimpleData name="GoogleMaps">https://www.google.com/maps/search/?api=1&amp;query=19.093345999974,72.888936000095</SimpleData>
				<SimpleData name="Landline_1">022-28595987</SimpleData>
				<SimpleData name="Lat">19.093345999974</SimpleData>
				<SimpleData name="Long">72.888936000095</SimpleData>
				<SimpleData name="Name">SHARMA SHIKSHAN SANSTHA HINDI PRIMARY</SimpleData>
				<SimpleData name="OBJECTID_1">510</SimpleData>
				<SimpleData name="Owner_Dept">Education Dept</SimpleData>
				<SimpleData name="School_Typ">3-Co-educational</SimpleData>
				<SimpleData name="Twitter_Ha">@mybmcedu</SimpleData>
				<SimpleData name="Ward">L-  WARD</SimpleData>
				<SimpleData name="Website"> </SimpleData>
			</SchemaData>
		</ExtendedData>
		<Point>
			<coordinates>72.888936,19.093346,0</coordinates>
		</Point>
	</Placemark>
	<Placemark>
		<name>SHIVAM VIDYA MANDIR LP ENGLISH</name>
		<visibility>0</visibility>
		<styleUrl>#mumbai_unaided_schools_style</styleUrl>
		<ExtendedData>
			<SchemaData schemaUrl="#J_mumbai_unaided_schools_SIISSSSSSISSSSS">
				<SimpleData name="Address">Yadav Nagar , Khairani Road , Sakinaka , Mumbai - 400072</SimpleData>
				<SimpleData name="Cls_From">1</SimpleData>
				<SimpleData name="Cls_To">4</SimpleData>
				<SimpleData name="Email">shivamvidyamandir1982@gmail.com</SimpleData>
				<SimpleData name="GoogleMaps">https://www.google.com/maps/search/?api=1&amp;query=19.1105010003447,72.8936680005878</SimpleData>
				<SimpleData name="Landline_1">022-28523828</SimpleData>
				<SimpleData name="Lat">19.1105010003447</SimpleData>
				<SimpleData name="Long">72.8936680005878</SimpleData>
				<SimpleData name="Name">SHIVAM VIDYA MANDIR LP ENGLISH</SimpleData>
				<SimpleData name="OBJECTID_1">511</SimpleData>
				<SimpleData name="Owner_Dept">Education Dept</SimpleData>
				<SimpleData name="School_Typ">3-Co-educational</SimpleData>
				<SimpleData name="Twitter_Ha">@mybmcedu</SimpleData>
				<SimpleData name="Ward">L-  WARD</SimpleData>
				<SimpleData name="Website">www.shivamvidyamandir.com</SimpleData>
			</SchemaData>
		</ExtendedData>
		<Point>
			<coordinates>72.89366800000001,19.110501,0</coordinates>
		</Point>
	</Placemark>
	<Placemark>
		<name>KARTHIKA H S &amp; JR COLLEGE</name>
		<visibility>0</visibility>
		<styleUrl>#mumbai_unaided_schools_style</styleUrl>
		<ExtendedData>
			<SchemaData schemaUrl="#J_mumbai_unaided_schools_SIISSSSSSISSSSS">
				<SimpleData name="Address">New Hall Road, Kurla West</SimpleData>
				<SimpleData name="Cls_From">1</SimpleData>
				<SimpleData name="Cls_To">4</SimpleData>
				<SimpleData name="Email">beskarthikaschool@gmail.com</SimpleData>
				<SimpleData name="GoogleMaps">https://www.google.com/maps/search/?api=1&amp;query=19.0805260004376,72.8829719994864</SimpleData>
				<SimpleData name="Landline_1">022-25037249</SimpleData>
				<SimpleData name="Lat">19.0805260004376</SimpleData>
				<SimpleData name="Long">72.8829719994864</SimpleData>
				<SimpleData name="Name">KARTHIKA H S &amp; JR COLLEGE</SimpleData>
				<SimpleData name="OBJECTID_1">512</SimpleData>
				<SimpleData name="Owner_Dept">Education Dept</SimpleData>
				<SimpleData name="School_Typ">3-Co-educational</SimpleData>
				<SimpleData name="Twitter_Ha">@mybmcedu</SimpleData>
				<SimpleData name="Ward">L-  WARD</SimpleData>
				<SimpleData name="Website">beskurla.org</SimpleData>
			</SchemaData>
		</ExtendedData>
		<Point>
			<coordinates>72.882972,19.080526,0</coordinates>
		</Point>
	</Placemark>
	<Placemark>
		<name>MICHAEL ENG LP</name>
		<visibility>0</visibility>
		<styleUrl>#mumbai_unaided_schools_style</styleUrl>
		<ExtendedData>
			<SchemaData schemaUrl="#J_mumbai_unaided_schools_SIISSSSSSISSSSS">
				<SimpleData name="Address">Plot 249 B Off LBS Marg Village Ward Kurla W Mumbai 70</SimpleData>
				<SimpleData name="Cls_From">1</SimpleData>
				<SimpleData name="Cls_To">4</SimpleData>
				<SimpleData name="Email">cesmhs1979@gmail.com</SimpleData>
				<SimpleData name="GoogleMaps">https://www.google.com/maps/search/?api=1&amp;query=19.0833459993413,72.8834569993711</SimpleData>
				<SimpleData name="Landline_1">022-25033232</SimpleData>
				<SimpleData name="Lat">19.0833459993413</SimpleData>
				<SimpleData name="Long">72.8834569993711</SimpleData>
				<SimpleData name="Name">MICHAEL ENG LP</SimpleData>
				<SimpleData name="OBJECTID_1">513</SimpleData>
				<SimpleData name="Owner_Dept">Education Dept</SimpleData>
				<SimpleData name="School_Typ">3-Co-educational</SimpleData>
				<SimpleData name="Twitter_Ha">@mybmcedu</SimpleData>
				<SimpleData name="Ward">L-  WARD</SimpleData>
				<SimpleData name="Website">www.cesmichaelhighschool.com</SimpleData>
			</SchemaData>
		</ExtendedData>
		<Point>
			<coordinates>72.88345700000001,19.083346,0</coordinates>
		</Point>
	</Placemark>
	<Placemark>
		<name>SHISHU VIKAS PRI ENG</name>
		<visibility>0</visibility>
		<styleUrl>#mumbai_unaided_schools_style</styleUrl>
		<ExtendedData>
			<SchemaData schemaUrl="#J_mumbai_unaided_schools_SIISSSSSSISSSSS">
				<SimpleData name="Address">WADIA ESTATE , BAIL BAZAR, KURLA WEST MUMBAI</SimpleData>
				<SimpleData name="Cls_From">1</SimpleData>
				<SimpleData name="Cls_To">8</SimpleData>
				<SimpleData name="Email">shishuvikasmandirenglishm@yahoo.in</SimpleData>
				<SimpleData name="GoogleMaps">https://www.google.com/maps/search/?api=1&amp;query=19.0859649999957,72.8797000000133</SimpleData>
				<SimpleData name="Landline_1">022-25036507</SimpleData>
				<SimpleData name="Lat">19.0859649999957</SimpleData>
				<SimpleData name="Long">72.8797000000133</SimpleData>
				<SimpleData name="Name">SHISHU VIKAS PRI ENG</SimpleData>
				<SimpleData name="OBJECTID_1">514</SimpleData>
				<SimpleData name="Owner_Dept">Education Dept</SimpleData>
				<SimpleData name="School_Typ">3-Co-educational</SimpleData>
				<SimpleData name="Twitter_Ha">@mybmcedu</SimpleData>
				<SimpleData name="Ward">L-  WARD</SimpleData>
				<SimpleData name="Website">www.education.maharashtra.gov.in</SimpleData>
			</SchemaData>
		</ExtendedData>
		<Point>
			<coordinates>72.8797,19.085965,0</coordinates>
		</Point>
	</Placemark>
	<Placemark>
		<name>SHIVAI MAHAJAN ENG SCHOOL</name>
		<visibility>0</visibility>
		<styleUrl>#mumbai_unaided_schools_style</styleUrl>
		<ExtendedData>
			<SchemaData schemaUrl="#J_mumbai_unaided_schools_SIISSSSSSISSSSS">
				<SimpleData name="Address">Sunder Baug Kamani  Kurla West  Mumbai</SimpleData>
				<SimpleData name="Cls_From">1</SimpleData>
				<SimpleData name="Cls_To">4</SimpleData>
				<SimpleData name="Email">shivaimahajan@gmail.com</SimpleData>
				<SimpleData name="GoogleMaps">https://www.google.com/maps/search/?api=1&amp;query=19.0893860006333,72.8883739996859</SimpleData>
				<SimpleData name="Landline_1">022-25140070</SimpleData>
				<SimpleData name="Lat">19.0893860006333</SimpleData>
				<SimpleData name="Long">72.8883739996859</SimpleData>
				<SimpleData name="Name">SHIVAI MAHAJAN ENG SCHOOL</SimpleData>
				<SimpleData name="OBJECTID_1">515</SimpleData>
				<SimpleData name="Owner_Dept">Education Dept</SimpleData>
				<SimpleData name="School_Typ">3-Co-educational</SimpleData>
				<SimpleData name="Twitter_Ha">@mybmcedu</SimpleData>
				<SimpleData name="Ward">L-  WARD</SimpleData>
				<SimpleData name="Website"> </SimpleData>
			</SchemaData>
		</ExtendedData>
		<Point>
			<coordinates>72.888374,19.089386,0</coordinates>
		</Point>
	</Placemark>
	<Placemark>
		<name>LITTLE FLOWER ENG SCH</name>
		<visibility>0</visibility>
		<styleUrl>#mumbai_unaided_schools_style</styleUrl>
		<ExtendedData>
			<SchemaData schemaUrl="#J_mumbai_unaided_schools_SIISSSSSSISSSSS">
				<SimpleData name="Address">Mumbai Mahanagar Palika</SimpleData>
				<SimpleData name="Cls_From">1</SimpleData>
				<SimpleData name="Cls_To">4</SimpleData>
				<SimpleData name="Email">lfes1993@gmail.com</SimpleData>
				<SimpleData name="GoogleMaps">https://www.google.com/maps/search/?api=1&amp;query=19.0939709995607,72.8803990001201</SimpleData>
				<SimpleData name="Landline_1">022-28504622</SimpleData>
				<SimpleData name="Lat">19.0939709995607</SimpleData>
				<SimpleData name="Long">72.8803990001201</SimpleData>
				<SimpleData name="Name">LITTLE FLOWER ENG SCH</SimpleData>
				<SimpleData name="OBJECTID_1">516</SimpleData>
				<SimpleData name="Owner_Dept">Education Dept</SimpleData>
				<SimpleData name="School_Typ">3-Co-educational</SimpleData>
				<SimpleData name="Twitter_Ha">@mybmcedu</SimpleData>
				<SimpleData name="Ward">L-  WARD</SimpleData>
				<SimpleData name="Website"> </SimpleData>
			</SchemaData>
		</ExtendedData>
		<Point>
			<coordinates>72.880399,19.093971,0</coordinates>
		</Point>
	</Placemark>
	<Placemark>
		<name>SAINT JUDES LP SCH</name>
		<visibility>0</visibility>
		<styleUrl>#mumbai_unaided_schools_style</styleUrl>
		<ExtendedData>
			<SchemaData schemaUrl="#J_mumbai_unaided_schools_SIISSSSSSISSSSS">
				<SimpleData name="Address">Kajupada, Jerimeri, Sir Mathurdas Vasanji Road, Mumbai - 400072</SimpleData>
				<SimpleData name="Cls_From">1</SimpleData>
				<SimpleData name="Cls_To">4</SimpleData>
				<SimpleData name="Email">stjudespschool@gmail.com</SimpleData>
				<SimpleData name="GoogleMaps">https://www.google.com/maps/search/?api=1&amp;query=19.0932340000399,72.8857109999719</SimpleData>
				<SimpleData name="Landline_1">022-28518923</SimpleData>
				<SimpleData name="Lat">19.0932340000399</SimpleData>
				<SimpleData name="Long">72.8857109999719</SimpleData>
				<SimpleData name="Name">SAINT JUDES LP SCH</SimpleData>
				<SimpleData name="OBJECTID_1">517</SimpleData>
				<SimpleData name="Owner_Dept">Education Dept</SimpleData>
				<SimpleData name="School_Typ">3-Co-educational</SimpleData>
				<SimpleData name="Twitter_Ha">@mybmcedu</SimpleData>
				<SimpleData name="Ward">L-  WARD</SimpleData>
				<SimpleData name="Website"> </SimpleData>
			</SchemaData>
		</ExtendedData>
		<Point>
			<coordinates>72.885711,19.093234,0</coordinates>
		</Point>
	</Placemark>
	<Placemark>
		<name>YOGIRAJ SHRIKRISHNA VIDYAL</name>
		<visibility>0</visibility>
		<styleUrl>#mumbai_unaided_schools_style</styleUrl>
		<ExtendedData>
			<SchemaData schemaUrl="#J_mumbai_unaided_schools_SIISSSSSSISSSSS">
				<SimpleData name="Address">shrikrusna Nagar safed pool saki naka mumbai 72</SimpleData>
				<SimpleData name="Cls_From">1</SimpleData>
				<SimpleData name="Cls_To">4</SimpleData>
				<SimpleData name="Email">yskv1983@gmail.com</SimpleData>
				<SimpleData name="GoogleMaps">https://www.google.com/maps/search/?api=1&amp;query=19.0951820000074,72.8867189996713</SimpleData>
				<SimpleData name="Landline_1">022-28514823</SimpleData>
				<SimpleData name="Lat">19.0951820000074</SimpleData>
				<SimpleData name="Long">72.8867189996713</SimpleData>
				<SimpleData name="Name">YOGIRAJ SHRIKRISHNA VIDYAL</SimpleData>
				<SimpleData name="OBJECTID_1">518</SimpleData>
				<SimpleData name="Owner_Dept">Education Dept</SimpleData>
				<SimpleData name="School_Typ">3-Co-educational</SimpleData>
				<SimpleData name="Twitter_Ha">@mybmcedu</SimpleData>
				<SimpleData name="Ward">L-  WARD</SimpleData>
				<SimpleData name="Website"> </SimpleData>
			</SchemaData>
		</ExtendedData>
		<Point>
			<coordinates>72.886719,19.095182,0</coordinates>
		</Point>
	</Placemark>
	<Placemark>
		<name>EDEN LP ENG SCH</name>
		<visibility>0</visibility>
		<styleUrl>#mumbai_unaided_schools_style</styleUrl>
		<ExtendedData>
			<SchemaData schemaUrl="#J_mumbai_unaided_schools_SIISSSSSSISSSSS">
				<SimpleData name="Address">Eden Garden CTS No- 573, Kajupada Pipeline Rd, Kurla, Mumbai- 72.</SimpleData>
				<SimpleData name="Cls_From">1</SimpleData>
				<SimpleData name="Cls_To">4</SimpleData>
				<SimpleData name="Email">primaryeden@gmail.com</SimpleData>
				<SimpleData name="GoogleMaps">https://www.google.com/maps/search/?api=1&amp;query=19.0958299998181,72.8861489994947</SimpleData>
				<SimpleData name="Landline_1">022-28508949</SimpleData>
				<SimpleData name="Lat">19.0958299998181</SimpleData>
				<SimpleData name="Long">72.8861489994947</SimpleData>
				<SimpleData name="Name">EDEN LP ENG SCH</SimpleData>
				<SimpleData name="OBJECTID_1">519</SimpleData>
				<SimpleData name="Owner_Dept">Education Dept</SimpleData>
				<SimpleData name="School_Typ">3-Co-educational</SimpleData>
				<SimpleData name="Twitter_Ha">@mybmcedu</SimpleData>
				<SimpleData name="Ward">L-  WARD</SimpleData>
				<SimpleData name="Website"> </SimpleData>
			</SchemaData>
		</ExtendedData>
		<Point>
			<coordinates>72.886149,19.09583,0</coordinates>
		</Point>
	</Placemark>
	<Placemark>
		<name>SHIVAJI VIDYALAYA ENG LP</name>
		<visibility>0</visibility>
		<styleUrl>#mumbai_unaided_schools_style</styleUrl>
		<ExtendedData>
			<SchemaData schemaUrl="#J_mumbai_unaided_schools_SIISSSSSSISSSSS">
				<SimpleData name="Address">Shivaji maidan kajupada pipe line kurla west</SimpleData>
				<SimpleData name="Cls_From">1</SimpleData>
				<SimpleData name="Cls_To">7</SimpleData>
				<SimpleData name="Email">shivajividyalaya1999@gmail.com</SimpleData>
				<SimpleData name="GoogleMaps">https://www.google.com/maps/search/?api=1&amp;query=19.0919550003894,72.8857930000015</SimpleData>
				<SimpleData name="Landline_1">022-28510085</SimpleData>
				<SimpleData name="Lat">19.0919550003894</SimpleData>
				<SimpleData name="Long">72.8857930000015</SimpleData>
				<SimpleData name="Name">SHIVAJI VIDYALAYA ENG LP</SimpleData>
				<SimpleData name="OBJECTID_1">520</SimpleData>
				<SimpleData name="Owner_Dept">Education Dept</SimpleData>
				<SimpleData name="School_Typ">3-Co-educational</SimpleData>
				<SimpleData name="Twitter_Ha">@mybmcedu</SimpleData>
				<SimpleData name="Ward">L-  WARD</SimpleData>
				<SimpleData name="Website"> </SimpleData>
			</SchemaData>
		</ExtendedData>
		<Point>
			<coordinates>72.88579300000001,19.091955,0</coordinates>
		</Point>
	</Placemark>
	<Placemark>
		<name>OXFORD ENG HIGH SCH</name>
		<visibility>0</visibility>
		<styleUrl>#mumbai_unaided_schools_style</styleUrl>
		<ExtendedData>
			<SchemaData schemaUrl="#J_mumbai_unaided_schools_SIISSSSSSISSSSS">
				<SimpleData name="Address">YUBA HOUSE SUDER BAUG KAMANI KURLA WEST</SimpleData>
				<SimpleData name="Cls_From">1</SimpleData>
				<SimpleData name="Cls_To">7</SimpleData>
				<SimpleData name="Email">oxfordengschool@gmail.com</SimpleData>
				<SimpleData name="GoogleMaps">https://www.google.com/maps/search/?api=1&amp;query=19.0889670002356,72.8888529999273</SimpleData>
				<SimpleData name="Landline_1">022-25130503</SimpleData>
				<SimpleData name="Lat">19.0889670002356</SimpleData>
				<SimpleData name="Long">72.8888529999273</SimpleData>
				<SimpleData name="Name">OXFORD ENG HIGH SCH</SimpleData>
				<SimpleData name="OBJECTID_1">521</SimpleData>
				<SimpleData name="Owner_Dept">Education Dept</SimpleData>
				<SimpleData name="School_Typ">3-Co-educational</SimpleData>
				<SimpleData name="Twitter_Ha">@mybmcedu</SimpleData>
				<SimpleData name="Ward">L-  WARD</SimpleData>
				<SimpleData name="Website">www.oxfordengschool.in</SimpleData>
			</SchemaData>
		</ExtendedData>
		<Point>
			<coordinates>72.888853,19.088967,0</coordinates>
		</Point>
	</Placemark>
	<Placemark>
		<name>NETAJI SUBHASHCHANDRA BOSE HIGHSCHOOL</name>
		<visibility>0</visibility>
		<styleUrl>#mumbai_unaided_schools_style</styleUrl>
		<ExtendedData>
			<SchemaData schemaUrl="#J_mumbai_unaided_schools_SIISSSSSSISSSSS">
				<SimpleData name="Address">NSS Road Opp Himalaya Society Asalpha Ghatkopar w</SimpleData>
				<SimpleData name="Cls_From">1</SimpleData>
				<SimpleData name="Cls_To">4</SimpleData>
				<SimpleData name="Email">nsh5989@gmail.com</SimpleData>
				<SimpleData name="GoogleMaps">https://www.google.com/maps/search/?api=1&amp;query=19.0931450000111,72.8939210002809</SimpleData>
				<SimpleData name="Landline_1">022-25135070</SimpleData>
				<SimpleData name="Lat">19.0931450000111</SimpleData>
				<SimpleData name="Long">72.8939210002809</SimpleData>
				<SimpleData name="Name">NETAJI SUBHASHCHANDRA BOSE HIGHSCHOOL</SimpleData>
				<SimpleData name="OBJECTID_1">522</SimpleData>
				<SimpleData name="Owner_Dept">Education Dept</SimpleData>
				<SimpleData name="School_Typ">3-Co-educational</SimpleData>
				<SimpleData name="Twitter_Ha">@mybmcedu</SimpleData>
				<SimpleData name="Ward">L-  WARD</SimpleData>
				<SimpleData name="Website">www.nsh.com</SimpleData>
			</SchemaData>
		</ExtendedData>
		<Point>
			<coordinates>72.89392100000001,19.093145,0</coordinates>
		</Point>
	</Placemark>
	<Placemark>
		<name>OUR LADY OF GOOD HEALTH</name>
		<visibility>0</visibility>
		<styleUrl>#mumbai_unaided_schools_style</styleUrl>
		<ExtendedData>
			<SchemaData schemaUrl="#J_mumbai_unaided_schools_SIISSSSSSISSSSS">
				<SimpleData name="Address">OUR LADY OF GOOD HEALTH SCHOOL PEREIRA WADI MOHILI VILLAGE SAKINAKA MUMBAI 400072</SimpleData>
				<SimpleData name="Cls_From">1</SimpleData>
				<SimpleData name="Cls_To">4</SimpleData>
				<SimpleData name="Email">ologhhs@gmail.com</SimpleData>
				<SimpleData name="GoogleMaps">https://www.google.com/maps/search/?api=1&amp;query=19.1018400002187,72.8943670006525</SimpleData>
				<SimpleData name="Landline_1">022-28524810</SimpleData>
				<SimpleData name="Lat">19.1018400002187</SimpleData>
				<SimpleData name="Long">72.8943670006525</SimpleData>
				<SimpleData name="Name">OUR LADY OF GOOD HEALTH</SimpleData>
				<SimpleData name="OBJECTID_1">523</SimpleData>
				<SimpleData name="Owner_Dept">Education Dept</SimpleData>
				<SimpleData name="School_Typ">3-Co-educational</SimpleData>
				<SimpleData name="Twitter_Ha">@mybmcedu</SimpleData>
				<SimpleData name="Ward">L-  WARD</SimpleData>
				<SimpleData name="Website"> </SimpleData>
			</SchemaData>
		</ExtendedData>
		<Point>
			<coordinates>72.894367,19.10184,0</coordinates>
		</Point>
	</Placemark>
	<Placemark>
		<name>ALL INDIA EDUCATION SOC LP</name>
		<visibility>0</visibility>
		<styleUrl>#mumbai_unaided_schools_style</styleUrl>
		<ExtendedData>
			<SchemaData schemaUrl="#J_mumbai_unaided_schools_SIISSSSSSISSSSS">
				<SimpleData name="Address">Khavnekarwadi,Mohili Village,Sakinaka ,Mumbai-400072</SimpleData>
				<SimpleData name="Cls_From">1</SimpleData>
				<SimpleData name="Cls_To">4</SimpleData>
				<SimpleData name="Email">aies_highschool@yahoo.com</SimpleData>
				<SimpleData name="GoogleMaps">https://www.google.com/maps/search/?api=1&amp;query=19.0988479995645,72.8938099993234</SimpleData>
				<SimpleData name="Landline_1">022-28523869</SimpleData>
				<SimpleData name="Lat">19.0988479995645</SimpleData>
				<SimpleData name="Long">72.8938099993234</SimpleData>
				<SimpleData name="Name">ALL INDIA EDUCATION SOC LP</SimpleData>
				<SimpleData name="OBJECTID_1">524</SimpleData>
				<SimpleData name="Owner_Dept">Education Dept</SimpleData>
				<SimpleData name="School_Typ">3-Co-educational</SimpleData>
				<SimpleData name="Twitter_Ha">@mybmcedu</SimpleData>
				<SimpleData name="Ward">L-  WARD</SimpleData>
				<SimpleData name="Website"> </SimpleData>
			</SchemaData>
		</ExtendedData>
		<Point>
			<coordinates>72.89381,19.098848,0</coordinates>
		</Point>
	</Placemark>
	<Placemark>
		<name>ERAWS SCHOOL</name>
		<visibility>0</visibility>
		<styleUrl>#mumbai_unaided_schools_style</styleUrl>
		<ExtendedData>
			<SchemaData schemaUrl="#J_mumbai_unaided_schools_SIISSSSSSISSSSS">
				<SimpleData name="Address">Subhash nagar Asalfa village Ghatkopar West</SimpleData>
				<SimpleData name="Cls_From">1</SimpleData>
				<SimpleData name="Cls_To">5</SimpleData>
				<SimpleData name="Email">erawsschool@gmail.com</SimpleData>
				<SimpleData name="GoogleMaps">https://www.google.com/maps/search/?api=1&amp;query=19.0972699998377,72.8969520000988</SimpleData>
				<SimpleData name="Landline_1">022-25134112</SimpleData>
				<SimpleData name="Lat">19.0972699998377</SimpleData>
				<SimpleData name="Long">72.8969520000988</SimpleData>
				<SimpleData name="Name">ERAWS SCHOOL</SimpleData>
				<SimpleData name="OBJECTID_1">525</SimpleData>
				<SimpleData name="Owner_Dept">Education Dept</SimpleData>
				<SimpleData name="School_Typ">3-Co-educational</SimpleData>
				<SimpleData name="Twitter_Ha">@mybmcedu</SimpleData>
				<SimpleData name="Ward">L-  WARD</SimpleData>
				<SimpleData name="Website"> </SimpleData>
			</SchemaData>
		</ExtendedData>
		<Point>
			<coordinates>72.896952,19.09727,0</coordinates>
		</Point>
	</Placemark>
	<Placemark>
		<name>MIFTAHUL URDU PRIMARY SCHOOL</name>
		<visibility>0</visibility>
		<styleUrl>#mumbai_unaided_schools_style</styleUrl>
		<ExtendedData>
			<SchemaData schemaUrl="#J_mumbai_unaided_schools_SIISSSSSSISSSSS">
				<SimpleData name="Address">Khairani Road Sakinaka Mumbai</SimpleData>
				<SimpleData name="Cls_From">1</SimpleData>
				<SimpleData name="Cls_To">4</SimpleData>
				<SimpleData name="Email">miftahulprimary@gmail.com</SimpleData>
				<SimpleData name="GoogleMaps">https://www.google.com/maps/search/?api=1&amp;query=19.1016029994769,72.8947130000852</SimpleData>
				<SimpleData name="Landline_1">022-28518444</SimpleData>
				<SimpleData name="Lat">19.1016029994769</SimpleData>
				<SimpleData name="Long">72.8947130000852</SimpleData>
				<SimpleData name="Name">MIFTAHUL URDU PRIMARY SCHOOL</SimpleData>
				<SimpleData name="OBJECTID_1">526</SimpleData>
				<SimpleData name="Owner_Dept">Education Dept</SimpleData>
				<SimpleData name="School_Typ">3-Co-educational</SimpleData>
				<SimpleData name="Twitter_Ha">@mybmcedu</SimpleData>
				<SimpleData name="Ward">L-  WARD</SimpleData>
				<SimpleData name="Website"> </SimpleData>
			</SchemaData>
		</ExtendedData>
		<Point>
			<coordinates>72.894713,19.101603,0</coordinates>
		</Point>
	</Placemark>
	<Placemark>
		<name>MAHESHWARI VIDYALAYA LP</name>
		<visibility>0</visibility>
		<styleUrl>#mumbai_unaided_schools_style</styleUrl>
		<ExtendedData>
			<SchemaData schemaUrl="#J_mumbai_unaided_schools_SIISSSSSSISSSSS">
				<SimpleData name="Address">32/E VISHWADEEP SOCIETY SANGHARSH NAGAR ANDERI EAST</SimpleData>
				<SimpleData name="Cls_From">1</SimpleData>
				<SimpleData name="Cls_To">4</SimpleData>
				<SimpleData name="Email">maheshwarividyalaya.111@gmail.com</SimpleData>
				<SimpleData name="GoogleMaps">https://www.google.com/maps/search/?api=1&amp;query=19.0943120002467,72.899532000069</SimpleData>
				<SimpleData name="Landline_1">022-25140545</SimpleData>
				<SimpleData name="Lat">19.0943120002467</SimpleData>
				<SimpleData name="Long">72.899532000069</SimpleData>
				<SimpleData name="Name">MAHESHWARI VIDYALAYA LP</SimpleData>
				<SimpleData name="OBJECTID_1">527</SimpleData>
				<SimpleData name="Owner_Dept">Education Dept</SimpleData>
				<SimpleData name="School_Typ">3-Co-educational</SimpleData>
				<SimpleData name="Twitter_Ha">@mybmcedu</SimpleData>
				<SimpleData name="Ward">L-  WARD</SimpleData>
				<SimpleData name="Website"> </SimpleData>
			</SchemaData>
		</ExtendedData>
		<Point>
			<coordinates>72.89953199999999,19.094312,0</coordinates>
		</Point>
	</Placemark>
	<Placemark>
		<name>AL FALAH ENGLISH PRI SCHOOL</name>
		<visibility>0</visibility>
		<styleUrl>#mumbai_unaided_schools_style</styleUrl>
		<ExtendedData>
			<SchemaData schemaUrl="#J_mumbai_unaided_schools_SIISSSSSSISSSSS">
				<SimpleData name="Address">LIG COONY BUILDING NO10 VB NAGAR  KURLA W MUMBAI 400070</SimpleData>
				<SimpleData name="Cls_From">1</SimpleData>
				<SimpleData name="Cls_To">9</SimpleData>
				<SimpleData name="Email">kewtafs@yahoo.com</SimpleData>
				<SimpleData name="GoogleMaps">https://www.google.com/maps/search/?api=1&amp;query=19.0707829999896,72.8829289996273</SimpleData>
				<SimpleData name="Landline_1">022-26521596</SimpleData>
				<SimpleData name="Lat">19.0707829999896</SimpleData>
				<SimpleData name="Long">72.8829289996273</SimpleData>
				<SimpleData name="Name">AL FALAH ENGLISH PRI SCHOOL</SimpleData>
				<SimpleData name="OBJECTID_1">528</SimpleData>
				<SimpleData name="Owner_Dept">Education Dept</SimpleData>
				<SimpleData name="School_Typ">3-Co-educational</SimpleData>
				<SimpleData name="Twitter_Ha">@mybmcedu</SimpleData>
				<SimpleData name="Ward">L-  WARD</SimpleData>
				<SimpleData name="Website"> </SimpleData>
			</SchemaData>
		</ExtendedData>
		<Point>
			<coordinates>72.882929,19.070783,0</coordinates>
		</Point>
	</Placemark>
	<Placemark>
		<name>MAHARASHTRA URDU PRI SCHOOL</name>
		<visibility>0</visibility>
		<styleUrl>#mumbai_unaided_schools_style</styleUrl>
		<ExtendedData>
			<SchemaData schemaUrl="#J_mumbai_unaided_schools_SIISSSSSSISSSSS">
				<SimpleData name="Address">Halavpool kranti nagarpipe line kurla west mumbai no 70</SimpleData>
				<SimpleData name="Cls_From">1</SimpleData>
				<SimpleData name="Cls_To">4</SimpleData>
				<SimpleData name="Email">maharashtraurduprimaryschool@gmail.com</SimpleData>
				<SimpleData name="GoogleMaps">https://www.google.com/maps/search/?api=1&amp;query=19.0792739994923,72.8826019996983</SimpleData>
				<SimpleData name="Landline_1">022-25031288</SimpleData>
				<SimpleData name="Lat">19.0792739994923</SimpleData>
				<SimpleData name="Long">72.8826019996983</SimpleData>
				<SimpleData name="Name">MAHARASHTRA URDU PRI SCHOOL</SimpleData>
				<SimpleData name="OBJECTID_1">529</SimpleData>
				<SimpleData name="Owner_Dept">Education Dept</SimpleData>
				<SimpleData name="School_Typ">3-Co-educational</SimpleData>
				<SimpleData name="Twitter_Ha">@mybmcedu</SimpleData>
				<SimpleData name="Ward">L-  WARD</SimpleData>
				<SimpleData name="Website"> </SimpleData>
			</SchemaData>
		</ExtendedData>
		<Point>
			<coordinates>72.88260200000001,19.079274,0</coordinates>
		</Point>
	</Placemark>
	<Placemark>
		<name>SHIVNER VIDYAMANDIR MARATHI</name>
		<visibility>0</visibility>
		<styleUrl>#mumbai_unaided_schools_style</styleUrl>
		<ExtendedData>
			<SchemaData schemaUrl="#J_mumbai_unaided_schools_SIISSSSSSISSSSS">
				<SimpleData name="Address">Shivner Vidya Mandir, Primary, Marathi Medium, Parerawadi,Mohili Village, Sakinaka, Mumnai 72</SimpleData>
				<SimpleData name="Cls_From">1</SimpleData>
				<SimpleData name="Cls_To">4</SimpleData>
				<SimpleData name="Email">shivner1978@gmail.com</SimpleData>
				<SimpleData name="GoogleMaps">https://www.google.com/maps/search/?api=1&amp;query=19.1023219993966,72.8935620003175</SimpleData>
				<SimpleData name="Landline_1">022-0</SimpleData>
				<SimpleData name="Lat">19.1023219993966</SimpleData>
				<SimpleData name="Long">72.8935620003175</SimpleData>
				<SimpleData name="Name">SHIVNER VIDYAMANDIR MARATHI</SimpleData>
				<SimpleData name="OBJECTID_1">530</SimpleData>
				<SimpleData name="Owner_Dept">Education Dept</SimpleData>
				<SimpleData name="School_Typ">3-Co-educational</SimpleData>
				<SimpleData name="Twitter_Ha">@mybmcedu</SimpleData>
				<SimpleData name="Ward">L-  WARD</SimpleData>
				<SimpleData name="Website"> </SimpleData>
			</SchemaData>
		</ExtendedData>
		<Point>
			<coordinates>72.893562,19.102322,0</coordinates>
		</Point>
	</Placemark>
	<Placemark>
		<name>LOKMANYA VIDYA MANDIR ENG LP</name>
		<visibility>0</visibility>
		<styleUrl>#mumbai_unaided_schools_style</styleUrl>
		<ExtendedData>
			<SchemaData schemaUrl="#J_mumbai_unaided_schools_SIISSSSSSISSSSS">
				<SimpleData name="Address">L. T. NAGAR, SAKINANA, A.G. LINK ROAD,</SimpleData>
				<SimpleData name="Cls_From">1</SimpleData>
				<SimpleData name="Cls_To">4</SimpleData>
				<SimpleData name="Email">lokmanyasanstha@yahoo.co.in</SimpleData>
				<SimpleData name="GoogleMaps">https://www.google.com/maps/search/?api=1&amp;query=19.0989240004406,72.8896980000699</SimpleData>
				<SimpleData name="Landline_1">022-28511698</SimpleData>
				<SimpleData name="Lat">19.0989240004406</SimpleData>
				<SimpleData name="Long">72.8896980000699</SimpleData>
				<SimpleData name="Name">LOKMANYA VIDYA MANDIR ENG LP</SimpleData>
				<SimpleData name="OBJECTID_1">531</SimpleData>
				<SimpleData name="Owner_Dept">Education Dept</SimpleData>
				<SimpleData name="School_Typ">3-Co-educational</SimpleData>
				<SimpleData name="Twitter_Ha">@mybmcedu</SimpleData>
				<SimpleData name="Ward">L-  WARD</SimpleData>
				<SimpleData name="Website">www.lvmschool.org</SimpleData>
			</SchemaData>
		</ExtendedData>
		<Point>
			<coordinates>72.889698,19.098924,0</coordinates>
		</Point>
	</Placemark>
	<Placemark>
		<name>ST MARY&apos;S MALANKARA SCHOOL</name>
		<visibility>0</visibility>
		<styleUrl>#mumbai_unaided_schools_style</styleUrl>
		<ExtendedData>
			<SchemaData schemaUrl="#J_mumbai_unaided_schools_SIISSSSSSISSSSS">
				<SimpleData name="Address">MOHILI VILLAGE, PIPELINE ROAD, SAKINAKA, MUMBAI - 72.</SimpleData>
				<SimpleData name="Cls_From">1</SimpleData>
				<SimpleData name="Cls_To">4</SimpleData>
				<SimpleData name="Email">stmarysmalankaraschool@yahoo.com</SimpleData>
				<SimpleData name="GoogleMaps">https://www.google.com/maps/search/?api=1&amp;query=19.0983120000547,72.8935090006781</SimpleData>
				<SimpleData name="Landline_1">022-28510851</SimpleData>
				<SimpleData name="Lat">19.0983120000547</SimpleData>
				<SimpleData name="Long">72.8935090006781</SimpleData>
				<SimpleData name="Name">ST MARY&apos;S MALANKARA SCHOOL</SimpleData>
				<SimpleData name="OBJECTID_1">532</SimpleData>
				<SimpleData name="Owner_Dept">Education Dept</SimpleData>
				<SimpleData name="School_Typ">3-Co-educational</SimpleData>
				<SimpleData name="Twitter_Ha">@mybmcedu</SimpleData>
				<SimpleData name="Ward">L-  WARD</SimpleData>
				<SimpleData name="Website"> </SimpleData>
			</SchemaData>
		</ExtendedData>
		<Point>
			<coordinates>72.89350899999999,19.098312,0</coordinates>
		</Point>
	</Placemark>
	<Placemark>
		<name>RAJIV GANDHI MEMO HIGH SCH</name>
		<visibility>0</visibility>
		<styleUrl>#mumbai_unaided_schools_style</styleUrl>
		<ExtendedData>
			<SchemaData schemaUrl="#J_mumbai_unaided_schools_SIISSSSSSISSSSS">
				<SimpleData name="Address">Narmada Krishna Bhavan, Pareirawadi, Sakinaka, Mumbai-400072</SimpleData>
				<SimpleData name="Cls_From">1</SimpleData>
				<SimpleData name="Cls_To">4</SimpleData>
				<SimpleData name="Email">Rajivgandhi456789@gmail.com</SimpleData>
				<SimpleData name="GoogleMaps">https://www.google.com/maps/search/?api=1&amp;query=19.1023219997762,72.8937919995666</SimpleData>
				<SimpleData name="Landline_1">022-28510792</SimpleData>
				<SimpleData name="Lat">19.1023219997762</SimpleData>
				<SimpleData name="Long">72.8937919995666</SimpleData>
				<SimpleData name="Name">RAJIV GANDHI MEMO HIGH SCH</SimpleData>
				<SimpleData name="OBJECTID_1">533</SimpleData>
				<SimpleData name="Owner_Dept">Education Dept</SimpleData>
				<SimpleData name="School_Typ">3-Co-educational</SimpleData>
				<SimpleData name="Twitter_Ha">@mybmcedu</SimpleData>
				<SimpleData name="Ward">L-  WARD</SimpleData>
				<SimpleData name="Website"> </SimpleData>
			</SchemaData>
		</ExtendedData>
		<Point>
			<coordinates>72.893792,19.102322,0</coordinates>
		</Point>
	</Placemark>
	<Placemark>
		<name>SHARDA PRATHMIC SCHOOL</name>
		<visibility>0</visibility>
		<styleUrl>#mumbai_unaided_schools_style</styleUrl>
		<ExtendedData>
			<SchemaData schemaUrl="#J_mumbai_unaided_schools_SIISSSSSSISSSSS">
				<SimpleData name="Address">SHARADA PREMISES LAXMI NARAYAN TEMPLE ROAD MOHILI VILLAGE SAKINAKA MUMBAI</SimpleData>
				<SimpleData name="Cls_From">1</SimpleData>
				<SimpleData name="Cls_To">8</SimpleData>
				<SimpleData name="Email">sharadaprimary28@gmail.com</SimpleData>
				<SimpleData name="GoogleMaps">https://www.google.com/maps/search/?api=1&amp;query=19.1024419997795,72.8933469996493</SimpleData>
				<SimpleData name="Landline_1">022-28563914</SimpleData>
				<SimpleData name="Lat">19.1024419997795</SimpleData>
				<SimpleData name="Long">72.8933469996493</SimpleData>
				<SimpleData name="Name">SHARDA PRATHMIC SCHOOL</SimpleData>
				<SimpleData name="OBJECTID_1">534</SimpleData>
				<SimpleData name="Owner_Dept">Education Dept</SimpleData>
				<SimpleData name="School_Typ">3-Co-educational</SimpleData>
				<SimpleData name="Twitter_Ha">@mybmcedu</SimpleData>
				<SimpleData name="Ward">L-  WARD</SimpleData>
				<SimpleData name="Website"> </SimpleData>
			</SchemaData>
		</ExtendedData>
		<Point>
			<coordinates>72.89334700000001,19.102442,0</coordinates>
		</Point>
	</Placemark>
	<Placemark>
		<name>SHIVNER VIDYAMANDIR  ENG.</name>
		<visibility>0</visibility>
		<styleUrl>#mumbai_unaided_schools_style</styleUrl>
		<ExtendedData>
			<SchemaData schemaUrl="#J_mumbai_unaided_schools_SIISSSSSSISSSSS">
				<SimpleData name="Address">shivner english school sakinaka</SimpleData>
				<SimpleData name="Cls_From">1</SimpleData>
				<SimpleData name="Cls_To">8</SimpleData>
				<SimpleData name="Email">shivner1978@gmail.com</SimpleData>
				<SimpleData name="GoogleMaps">https://www.google.com/maps/search/?api=1&amp;query=19.1018250005863,72.8934819997364</SimpleData>
				<SimpleData name="Landline_1">022-28521940</SimpleData>
				<SimpleData name="Lat">19.1018250005863</SimpleData>
				<SimpleData name="Long">72.8934819997364</SimpleData>
				<SimpleData name="Name">SHIVNER VIDYAMANDIR  ENG.</SimpleData>
				<SimpleData name="OBJECTID_1">535</SimpleData>
				<SimpleData name="Owner_Dept">Education Dept</SimpleData>
				<SimpleData name="School_Typ">3-Co-educational</SimpleData>
				<SimpleData name="Twitter_Ha">@mybmcedu</SimpleData>
				<SimpleData name="Ward">L-  WARD</SimpleData>
				<SimpleData name="Website"> </SimpleData>
			</SchemaData>
		</ExtendedData>
		<Point>
			<coordinates>72.89348200000001,19.101825,0</coordinates>
		</Point>
	</Placemark>
	<Placemark>
		<name>AL FALAH ENGLISH ISLAMIC SCHOOL</name>
		<visibility>0</visibility>
		<styleUrl>#mumbai_unaided_schools_style</styleUrl>
		<ExtendedData>
			<SchemaData schemaUrl="#J_mumbai_unaided_schools_SIISSSSSSISSSSS">
				<SimpleData name="Address">Unit -6 Azad Market Behind Jangleshwar Mandir Asalfa,Ghatkopar West Mumbai 400084</SimpleData>
				<SimpleData name="Cls_From">0</SimpleData>
				<SimpleData name="Cls_To">7</SimpleData>
				<SimpleData name="Email">school.alfalah@yahoo.com</SimpleData>
				<SimpleData name="GoogleMaps">https://www.google.com/maps/search/?api=1&amp;query=19.1012250001265,72.8978819998887</SimpleData>
				<SimpleData name="Landline_1">022-0</SimpleData>
				<SimpleData name="Lat">19.1012250001265</SimpleData>
				<SimpleData name="Long">72.8978819998887</SimpleData>
				<SimpleData name="Name">AL FALAH ENGLISH ISLAMIC SCHOOL</SimpleData>
				<SimpleData name="OBJECTID_1">536</SimpleData>
				<SimpleData name="Owner_Dept">Education Dept</SimpleData>
				<SimpleData name="School_Typ">3-Co-educational</SimpleData>
				<SimpleData name="Twitter_Ha">@mybmcedu</SimpleData>
				<SimpleData name="Ward">L-  WARD</SimpleData>
				<SimpleData name="Website"> </SimpleData>
			</SchemaData>
		</ExtendedData>
		<Point>
			<coordinates>72.897882,19.101225,0</coordinates>
		</Point>
	</Placemark>
	<Placemark>
		<name>I E S ENG LP</name>
		<visibility>0</visibility>
		<styleUrl>#mumbai_unaided_schools_style</styleUrl>
		<ExtendedData>
			<SchemaData schemaUrl="#J_mumbai_unaided_schools_SIISSSSSSISSSSS">
				<SimpleData name="Address">BAMANDAYA PADA, MILITARY RD., POWAI 72</SimpleData>
				<SimpleData name="Cls_From">1</SimpleData>
				<SimpleData name="Cls_To">4</SimpleData>
				<SimpleData name="Email">marol.primary.english@ies.edu</SimpleData>
				<SimpleData name="GoogleMaps">https://www.google.com/maps/search/?api=1&amp;query=19.1236739996026,72.8884130003804</SimpleData>
				<SimpleData name="Landline_1">022-29256012</SimpleData>
				<SimpleData name="Lat">19.1236739996026</SimpleData>
				<SimpleData name="Long">72.8884130003804</SimpleData>
				<SimpleData name="Name">I E S ENG LP</SimpleData>
				<SimpleData name="OBJECTID_1">537</SimpleData>
				<SimpleData name="Owner_Dept">Education Dept</SimpleData>
				<SimpleData name="School_Typ">3-Co-educational</SimpleData>
				<SimpleData name="Twitter_Ha">@mybmcedu</SimpleData>
				<SimpleData name="Ward">L-  WARD</SimpleData>
				<SimpleData name="Website"> </SimpleData>
			</SchemaData>
		</ExtendedData>
		<Point>
			<coordinates>72.888413,19.123674,0</coordinates>
		</Point>
	</Placemark>
	<Placemark>
		<name>SAMTA VIDYA MANDIR  ENGLISH</name>
		<visibility>0</visibility>
		<styleUrl>#mumbai_unaided_schools_style</styleUrl>
		<ExtendedData>
			<SchemaData schemaUrl="#J_mumbai_unaided_schools_SIISSSSSSISSSSS">
				<SimpleData name="Address">pareirawadi,mohili village,sakinaka,mumbai-400072</SimpleData>
				<SimpleData name="Cls_From">1</SimpleData>
				<SimpleData name="Cls_To">4</SimpleData>
				<SimpleData name="Email">svmengprimary@gmail.com</SimpleData>
				<SimpleData name="GoogleMaps">https://www.google.com/maps/search/?api=1&amp;query=19.101019999903,72.8941389999215</SimpleData>
				<SimpleData name="Landline_1">022-28563473</SimpleData>
				<SimpleData name="Lat">19.101019999903</SimpleData>
				<SimpleData name="Long">72.8941389999215</SimpleData>
				<SimpleData name="Name">SAMTA VIDYA MANDIR  ENGLISH</SimpleData>
				<SimpleData name="OBJECTID_1">538</SimpleData>
				<SimpleData name="Owner_Dept">Education Dept</SimpleData>
				<SimpleData name="School_Typ">3-Co-educational</SimpleData>
				<SimpleData name="Twitter_Ha">@mybmcedu</SimpleData>
				<SimpleData name="Ward">L-  WARD</SimpleData>
				<SimpleData name="Website">www.samatavidyamandir.in</SimpleData>
			</SchemaData>
		</ExtendedData>
		<Point>
			<coordinates>72.894139,19.10102,0</coordinates>
		</Point>
	</Placemark>
	<Placemark>
		<name>ST ANTHONYS HIGH SCHOOL</name>
		<visibility>0</visibility>
		<styleUrl>#mumbai_unaided_schools_style</styleUrl>
		<ExtendedData>
			<SchemaData schemaUrl="#J_mumbai_unaided_schools_SIISSSSSSISSSSS">
				<SimpleData name="Address">KHERANI ROAD, SAKINAKA MUMBAI 400 072</SimpleData>
				<SimpleData name="Cls_From">1</SimpleData>
				<SimpleData name="Cls_To">4</SimpleData>
				<SimpleData name="Email">sahssaki.75@yahoo.co.in</SimpleData>
				<SimpleData name="GoogleMaps">https://www.google.com/maps/search/?api=1&amp;query=19.105808433418368,72.89329121197014</SimpleData>
				<SimpleData name="Landline_1">022-28521954</SimpleData>
				<SimpleData name="Lat">19.105808433418368</SimpleData>
				<SimpleData name="Long">72.89329121197014</SimpleData>
				<SimpleData name="Name">ST ANTHONYS HIGH SCHOOL</SimpleData>
				<SimpleData name="OBJECTID_1">539</SimpleData>
				<SimpleData name="Owner_Dept">Education Dept</SimpleData>
				<SimpleData name="School_Typ">3-Co-educational</SimpleData>
				<SimpleData name="Twitter_Ha">@mybmcedu</SimpleData>
				<SimpleData name="Ward">L-  WARD</SimpleData>
				<SimpleData name="Website"> </SimpleData>
			</SchemaData>
		</ExtendedData>
		<Point>
			<coordinates>72.893291,19.105808,0</coordinates>
		</Point>
	</Placemark>
	<Placemark>
		<name>KALA VIDYA MANDIR MAR LP</name>
		<visibility>0</visibility>
		<styleUrl>#mumbai_unaided_schools_style</styleUrl>
		<ExtendedData>
			<SchemaData schemaUrl="#J_mumbai_unaided_schools_SIISSSSSSISSSSS">
				<SimpleData name="Address">MANOHAR NAGAR BAMANDAYAPADA SAKI VIHAR ROAD ANDHERI EAST MUMBAI 400072</SimpleData>
				<SimpleData name="Cls_From">1</SimpleData>
				<SimpleData name="Cls_To">4</SimpleData>
				<SimpleData name="Email">kvmprimaryschool@gmail.com</SimpleData>
				<SimpleData name="GoogleMaps">https://www.google.com/maps/search/?api=1&amp;query=19.1243569999605,72.8887169996718</SimpleData>
				<SimpleData name="Landline_1">022-29205029</SimpleData>
				<SimpleData name="Lat">19.1243569999605</SimpleData>
				<SimpleData name="Long">72.8887169996718</SimpleData>
				<SimpleData name="Name">KALA VIDYA MANDIR MAR LP</SimpleData>
				<SimpleData name="OBJECTID_1">540</SimpleData>
				<SimpleData name="Owner_Dept">Education Dept</SimpleData>
				<SimpleData name="School_Typ">3-Co-educational</SimpleData>
				<SimpleData name="Twitter_Ha">@mybmcedu</SimpleData>
				<SimpleData name="Ward">L-  WARD</SimpleData>
				<SimpleData name="Website"> </SimpleData>
			</SchemaData>
		</ExtendedData>
		<Point>
			<coordinates>72.888717,19.124357,0</coordinates>
		</Point>
	</Placemark>
	<Placemark>
		<name>KALA VIDYA MANDIR UP HINDI</name>
		<visibility>0</visibility>
		<styleUrl>#mumbai_unaided_schools_style</styleUrl>
		<ExtendedData>
			<SchemaData schemaUrl="#J_mumbai_unaided_schools_SIISSSSSSISSSSS">
				<SimpleData name="Address">MANOHARNAGAR BAMANDAYAPADA SAKI VIHAR ROAD ANDHERI EAST MUMBAI 400072</SimpleData>
				<SimpleData name="Cls_From">1</SimpleData>
				<SimpleData name="Cls_To">4</SimpleData>
				<SimpleData name="Email">kvmprimaryschool@gmail.com</SimpleData>
				<SimpleData name="GoogleMaps">https://www.google.com/maps/search/?api=1&amp;query=19.1244909995296,72.8888949993614</SimpleData>
				<SimpleData name="Landline_1">022-29205029</SimpleData>
				<SimpleData name="Lat">19.1244909995296</SimpleData>
				<SimpleData name="Long">72.8888949993614</SimpleData>
				<SimpleData name="Name">KALA VIDYA MANDIR UP HINDI</SimpleData>
				<SimpleData name="OBJECTID_1">541</SimpleData>
				<SimpleData name="Owner_Dept">Education Dept</SimpleData>
				<SimpleData name="School_Typ">3-Co-educational</SimpleData>
				<SimpleData name="Twitter_Ha">@mybmcedu</SimpleData>
				<SimpleData name="Ward">L-  WARD</SimpleData>
				<SimpleData name="Website"> </SimpleData>
			</SchemaData>
		</ExtendedData>
		<Point>
			<coordinates>72.88889500000001,19.124491,0</coordinates>
		</Point>
	</Placemark>
	<Placemark>
		<name>ADARSH VIDYALAY URDU</name>
		<visibility>0</visibility>
		<styleUrl>#mumbai_unaided_schools_style</styleUrl>
		<ExtendedData>
			<SchemaData schemaUrl="#J_mumbai_unaided_schools_SIISSSSSSISSSSS">
				<SimpleData name="Address">Yadav nagar Khairani road Sakinaka Mumbai 400072</SimpleData>
				<SimpleData name="Cls_From">1</SimpleData>
				<SimpleData name="Cls_To">4</SimpleData>
				<SimpleData name="Email">avsakinaka@gmail.com</SimpleData>
				<SimpleData name="GoogleMaps">https://www.google.com/maps/search/?api=1&amp;query=19.1107149997249,72.8939959997566</SimpleData>
				<SimpleData name="Landline_1">022-0</SimpleData>
				<SimpleData name="Lat">19.1107149997249</SimpleData>
				<SimpleData name="Long">72.8939959997566</SimpleData>
				<SimpleData name="Name">ADARSH VIDYALAY URDU</SimpleData>
				<SimpleData name="OBJECTID_1">542</SimpleData>
				<SimpleData name="Owner_Dept">Education Dept</SimpleData>
				<SimpleData name="School_Typ">3-Co-educational</SimpleData>
				<SimpleData name="Twitter_Ha">@mybmcedu</SimpleData>
				<SimpleData name="Ward">L-  WARD</SimpleData>
				<SimpleData name="Website"> </SimpleData>
			</SchemaData>
		</ExtendedData>
		<Point>
			<coordinates>72.893996,19.110715,0</coordinates>
		</Point>
	</Placemark>
	<Placemark>
		<name>ANJUMAN SHAN-E-ISLAM URDU</name>
		<visibility>0</visibility>
		<styleUrl>#mumbai_unaided_schools_style</styleUrl>
		<ExtendedData>
			<SchemaData schemaUrl="#J_mumbai_unaided_schools_SIISSSSSSISSSSS">
				<SimpleData name="Address">NEAR HUSAINIYA MASJID KHAIRANI ROAD SAKINAKA MUMBAI</SimpleData>
				<SimpleData name="Cls_From">1</SimpleData>
				<SimpleData name="Cls_To">4</SimpleData>
				<SimpleData name="Email">ashaneislam@gamil.com</SimpleData>
				<SimpleData name="GoogleMaps">https://www.google.com/maps/search/?api=1&amp;query=19.1061449996006,72.8949279996205</SimpleData>
				<SimpleData name="Landline_1">022-28596947</SimpleData>
				<SimpleData name="Lat">19.1061449996006</SimpleData>
				<SimpleData name="Long">72.8949279996205</SimpleData>
				<SimpleData name="Name">ANJUMAN SHAN-E-ISLAM URDU</SimpleData>
				<SimpleData name="OBJECTID_1">543</SimpleData>
				<SimpleData name="Owner_Dept">Education Dept</SimpleData>
				<SimpleData name="School_Typ">3-Co-educational</SimpleData>
				<SimpleData name="Twitter_Ha">@mybmcedu</SimpleData>
				<SimpleData name="Ward">L-  WARD</SimpleData>
				<SimpleData name="Website"> </SimpleData>
			</SchemaData>
		</ExtendedData>
		<Point>
			<coordinates>72.89492799999999,19.106145,0</coordinates>
		</Point>
	</Placemark>
	<Placemark>
		<name>ASMIRA ACADEMY&apos;S ENG</name>
		<visibility>0</visibility>
		<styleUrl>#mumbai_unaided_schools_style</styleUrl>
		<ExtendedData>
			<SchemaData schemaUrl="#J_mumbai_unaided_schools_SIISSSSSSISSSSS">
				<SimpleData name="Address">Asim Compound Muranjan Wadi Tunga village powai Mumbai-400072</SimpleData>
				<SimpleData name="Cls_From">1</SimpleData>
				<SimpleData name="Cls_To">4</SimpleData>
				<SimpleData name="Email">asmiraschool@gmail.com</SimpleData>
				<SimpleData name="GoogleMaps">https://www.google.com/maps/search/?api=1&amp;query=19.1197069998977,72.8888449996294</SimpleData>
				<SimpleData name="Landline_1">022-28478574</SimpleData>
				<SimpleData name="Lat">19.1197069998977</SimpleData>
				<SimpleData name="Long">72.8888449996294</SimpleData>
				<SimpleData name="Name">ASMIRA ACADEMY&apos;S ENG</SimpleData>
				<SimpleData name="OBJECTID_1">544</SimpleData>
				<SimpleData name="Owner_Dept">Education Dept</SimpleData>
				<SimpleData name="School_Typ">3-Co-educational</SimpleData>
				<SimpleData name="Twitter_Ha">@mybmcedu</SimpleData>
				<SimpleData name="Ward">L-  WARD</SimpleData>
				<SimpleData name="Website">www.asmiraschool.com</SimpleData>
			</SchemaData>
		</ExtendedData>
		<Point>
			<coordinates>72.888845,19.119707,0</coordinates>
		</Point>
	</Placemark>
	<Placemark>
		<name>NANDCHAYYA VIDYA NIKETAN</name>
		<visibility>0</visibility>
		<styleUrl>#mumbai_unaided_schools_style</styleUrl>
		<ExtendedData>
			<SchemaData schemaUrl="#J_mumbai_unaided_schools_SIISSSSSSISSSSS">
				<SimpleData name="Address">Pareira wadi, mohili village, Sakinaka, Mumbai 400072</SimpleData>
				<SimpleData name="Cls_From">1</SimpleData>
				<SimpleData name="Cls_To">8</SimpleData>
				<SimpleData name="Email">nvnschool72@gmail.com</SimpleData>
				<SimpleData name="GoogleMaps">https://www.google.com/maps/search/?api=1&amp;query=19.1006019994257,72.8926690005498</SimpleData>
				<SimpleData name="Landline_1">022-28522030</SimpleData>
				<SimpleData name="Lat">19.1006019994257</SimpleData>
				<SimpleData name="Long">72.8926690005498</SimpleData>
				<SimpleData name="Name">NANDCHAYYA VIDYA NIKETAN</SimpleData>
				<SimpleData name="OBJECTID_1">545</SimpleData>
				<SimpleData name="Owner_Dept">Education Dept</SimpleData>
				<SimpleData name="School_Typ">3-Co-educational</SimpleData>
				<SimpleData name="Twitter_Ha">@mybmcedu</SimpleData>
				<SimpleData name="Ward">L-  WARD</SimpleData>
				<SimpleData name="Website">www.education.maharashtra.gov.in</SimpleData>
			</SchemaData>
		</ExtendedData>
		<Point>
			<coordinates>72.892669,19.100602,0</coordinates>
		</Point>
	</Placemark>
	<Placemark>
		<name>GOPAL SHARMA MEMORIAL PRI SCHOOL</name>
		<visibility>0</visibility>
		<styleUrl>#mumbai_unaided_schools_style</styleUrl>
		<ExtendedData>
			<SchemaData schemaUrl="#J_mumbai_unaided_schools_SIISSSSSSISSSSS">
				<SimpleData name="Address">ADI SHANKARACHARYA MARG, POWAI VIHAR POWAI MUMBAI 400076</SimpleData>
				<SimpleData name="Cls_From">1</SimpleData>
				<SimpleData name="Cls_To">4</SimpleData>
				<SimpleData name="Email">gsmspowai@gmail.com</SimpleData>
				<SimpleData name="GoogleMaps">https://www.google.com/maps/search/?api=1&amp;query=19.1161059996648,72.9034300001308</SimpleData>
				<SimpleData name="Landline_1">022-25700315</SimpleData>
				<SimpleData name="Lat">19.1161059996648</SimpleData>
				<SimpleData name="Long">72.9034300001308</SimpleData>
				<SimpleData name="Name">GOPAL SHARMA MEMORIAL PRI SCHOOL</SimpleData>
				<SimpleData name="OBJECTID_1">546</SimpleData>
				<SimpleData name="Owner_Dept">Education Dept</SimpleData>
				<SimpleData name="School_Typ">3-Co-educational</SimpleData>
				<SimpleData name="Twitter_Ha">@mybmcedu</SimpleData>
				<SimpleData name="Ward">L-  WARD</SimpleData>
				<SimpleData name="Website">www.gsmsschool.com</SimpleData>
			</SchemaData>
		</ExtendedData>
		<Point>
			<coordinates>72.90343,19.116106,0</coordinates>
		</Point>
	</Placemark>
	<Placemark>
		<name>ST PAUL PUBLIC SCHOOL</name>
		<visibility>0</visibility>
		<styleUrl>#mumbai_unaided_schools_style</styleUrl>
		<ExtendedData>
			<SchemaData schemaUrl="#J_mumbai_unaided_schools_SIISSSSSSISSSSS">
				<SimpleData name="Address">sanghrsh Nagar , Chadivali,mumbai ,400072</SimpleData>
				<SimpleData name="Cls_From">1</SimpleData>
				<SimpleData name="Cls_To">5</SimpleData>
				<SimpleData name="Email">rkministry73@gmail.com</SimpleData>
				<SimpleData name="GoogleMaps">https://www.google.com/maps/search/?api=1&amp;query=19.1063900005056,72.8966979997908</SimpleData>
				<SimpleData name="Landline_1">022-0</SimpleData>
				<SimpleData name="Lat">19.1063900005056</SimpleData>
				<SimpleData name="Long">72.8966979997908</SimpleData>
				<SimpleData name="Name">ST PAUL PUBLIC SCHOOL</SimpleData>
				<SimpleData name="OBJECTID_1">547</SimpleData>
				<SimpleData name="Owner_Dept">Education Dept</SimpleData>
				<SimpleData name="School_Typ">3-Co-educational</SimpleData>
				<SimpleData name="Twitter_Ha">@mybmcedu</SimpleData>
				<SimpleData name="Ward">L-  WARD</SimpleData>
				<SimpleData name="Website">www.jansevamissionindia.org</SimpleData>
			</SchemaData>
		</ExtendedData>
		<Point>
			<coordinates>72.896698,19.10639,0</coordinates>
		</Point>
	</Placemark>
	<Placemark>
		<name>AL SALAM ENGLISH SCHOOL</name>
		<visibility>0</visibility>
		<styleUrl>#mumbai_unaided_schools_style</styleUrl>
		<ExtendedData>
			<SchemaData schemaUrl="#J_mumbai_unaided_schools_SIISSSSSSISSSSS">
				<SimpleData name="Address">4/5 Metro residency near powai police station ram baugh powai mum-400072</SimpleData>
				<SimpleData name="Cls_From">1</SimpleData>
				<SimpleData name="Cls_To">8</SimpleData>
				<SimpleData name="Email">alsalamnurseryschool@gmail.com</SimpleData>
				<SimpleData name="GoogleMaps">https://www.google.com/maps/search/?api=1&amp;query=19.1173149992599,72.8987950004691</SimpleData>
				<SimpleData name="Landline_1">022-28472939</SimpleData>
				<SimpleData name="Lat">19.1173149992599</SimpleData>
				<SimpleData name="Long">72.8987950004691</SimpleData>
				<SimpleData name="Name">AL SALAM ENGLISH SCHOOL</SimpleData>
				<SimpleData name="OBJECTID_1">548</SimpleData>
				<SimpleData name="Owner_Dept">Education Dept</SimpleData>
				<SimpleData name="School_Typ">3-Co-educational</SimpleData>
				<SimpleData name="Twitter_Ha">@mybmcedu</SimpleData>
				<SimpleData name="Ward">L-  WARD</SimpleData>
				<SimpleData name="Website">www.alsalamenglishschool.com</SimpleData>
			</SchemaData>
		</ExtendedData>
		<Point>
			<coordinates>72.89879500000001,19.117315,0</coordinates>
		</Point>
	</Placemark>
	<Placemark>
		<name>IMAGE MAKERS TULIP ENGLISH SCHOOL</name>
		<visibility>0</visibility>
		<styleUrl>#mumbai_unaided_schools_style</styleUrl>
		<ExtendedData>
			<SchemaData schemaUrl="#J_mumbai_unaided_schools_SIISSSSSSISSSSS">
				<SimpleData name="Address">sakinaka. tilak nagar, mumbai 72</SimpleData>
				<SimpleData name="Cls_From">1</SimpleData>
				<SimpleData name="Cls_To">4</SimpleData>
				<SimpleData name="Email">savitriphulegirlsschool@yahoo.co.in</SimpleData>
				<SimpleData name="GoogleMaps">https://www.google.com/maps/search/?api=1&amp;query=19.1010389996998,72.8893620000013</SimpleData>
				<SimpleData name="Landline_1">022-0</SimpleData>
				<SimpleData name="Lat">19.1010389996998</SimpleData>
				<SimpleData name="Long">72.8893620000013</SimpleData>
				<SimpleData name="Name">IMAGE MAKERS TULIP ENGLISH SCHOOL</SimpleData>
				<SimpleData name="OBJECTID_1">549</SimpleData>
				<SimpleData name="Owner_Dept">Education Dept</SimpleData>
				<SimpleData name="School_Typ">3-Co-educational</SimpleData>
				<SimpleData name="Twitter_Ha">@mybmcedu</SimpleData>
				<SimpleData name="Ward">L-  WARD</SimpleData>
				<SimpleData name="Website"> </SimpleData>
			</SchemaData>
		</ExtendedData>
		<Point>
			<coordinates>72.88936200000001,19.101039,0</coordinates>
		</Point>
	</Placemark>
	<Placemark>
		<name>SUNGRACE ENGLISH SCHOOL</name>
		<visibility>0</visibility>
		<styleUrl>#mumbai_unaided_schools_style</styleUrl>
		<ExtendedData>
			<SchemaData schemaUrl="#J_mumbai_unaided_schools_SIISSSSSSISSSSS">
				<SimpleData name="Address">1  Milind Nagar  Himalaya Society Road Ghatkopar W  Mumbai 400084</SimpleData>
				<SimpleData name="Cls_From">1</SimpleData>
				<SimpleData name="Cls_To">7</SimpleData>
				<SimpleData name="Email">ssungraceschool@yahoo.com</SimpleData>
				<SimpleData name="GoogleMaps">https://www.google.com/maps/search/?api=1&amp;query=19.0953219997546,72.8925930001381</SimpleData>
				<SimpleData name="Landline_1">022-25146169</SimpleData>
				<SimpleData name="Lat">19.0953219997546</SimpleData>
				<SimpleData name="Long">72.8925930001381</SimpleData>
				<SimpleData name="Name">SUNGRACE ENGLISH SCHOOL</SimpleData>
				<SimpleData name="OBJECTID_1">550</SimpleData>
				<SimpleData name="Owner_Dept">Education Dept</SimpleData>
				<SimpleData name="School_Typ">3-Co-educational</SimpleData>
				<SimpleData name="Twitter_Ha">@mybmcedu</SimpleData>
				<SimpleData name="Ward">L-  WARD</SimpleData>
				<SimpleData name="Website">www.sungraceeducation.com</SimpleData>
			</SchemaData>
		</ExtendedData>
		<Point>
			<coordinates>72.89259300000001,19.095322,0</coordinates>
		</Point>
	</Placemark>
	<Placemark>
		<name>SHARMA PRIMARY ENGLISH SCHOOL</name>
		<visibility>0</visibility>
		<styleUrl>#mumbai_unaided_schools_style</styleUrl>
		<ExtendedData>
			<SchemaData schemaUrl="#J_mumbai_unaided_schools_SIISSSSSSISSSSS">
				<SimpleData name="Address">NETAJI NAGAR KHADI NO.3 JARIMARI SAKINAKA MUM 72</SimpleData>
				<SimpleData name="Cls_From">1</SimpleData>
				<SimpleData name="Cls_To">4</SimpleData>
				<SimpleData name="Email">sharmaschool1323@yahoo.in</SimpleData>
				<SimpleData name="GoogleMaps">https://www.google.com/maps/search/?api=1&amp;query=19.0933040005857,72.8888739993095</SimpleData>
				<SimpleData name="Landline_1">022-28595987</SimpleData>
				<SimpleData name="Lat">19.0933040005857</SimpleData>
				<SimpleData name="Long">72.8888739993095</SimpleData>
				<SimpleData name="Name">SHARMA PRIMARY ENGLISH SCHOOL</SimpleData>
				<SimpleData name="OBJECTID_1">551</SimpleData>
				<SimpleData name="Owner_Dept">Education Dept</SimpleData>
				<SimpleData name="School_Typ">3-Co-educational</SimpleData>
				<SimpleData name="Twitter_Ha">@mybmcedu</SimpleData>
				<SimpleData name="Ward">L-  WARD</SimpleData>
				<SimpleData name="Website"> </SimpleData>
			</SchemaData>
		</ExtendedData>
		<Point>
			<coordinates>72.888874,19.093304,0</coordinates>
		</Point>
	</Placemark>
	<Placemark>
		<name>MANAV VIKAS ENGLISH SCHOOL</name>
		<visibility>0</visibility>
		<styleUrl>#mumbai_unaided_schools_style</styleUrl>
		<ExtendedData>
			<SchemaData schemaUrl="#J_mumbai_unaided_schools_SIISSSSSSISSSSS">
				<SimpleData name="Address">Ramleela Maidan, Khairani Road. Sakinaka, Mumbai-400072.</SimpleData>
				<SimpleData name="Cls_From">1</SimpleData>
				<SimpleData name="Cls_To">4</SimpleData>
				<SimpleData name="Email">hmmanavvikas2010@gmail.com</SimpleData>
				<SimpleData name="GoogleMaps">https://www.google.com/maps/search/?api=1&amp;query=19.105473000103,72.891810000018</SimpleData>
				<SimpleData name="Landline_1">022-28510680</SimpleData>
				<SimpleData name="Lat">19.105473000103</SimpleData>
				<SimpleData name="Long">72.891810000018</SimpleData>
				<SimpleData name="Name">MANAV VIKAS ENGLISH SCHOOL</SimpleData>
				<SimpleData name="OBJECTID_1">552</SimpleData>
				<SimpleData name="Owner_Dept">Education Dept</SimpleData>
				<SimpleData name="School_Typ">3-Co-educational</SimpleData>
				<SimpleData name="Twitter_Ha">@mybmcedu</SimpleData>
				<SimpleData name="Ward">L-  WARD</SimpleData>
				<SimpleData name="Website"> </SimpleData>
			</SchemaData>
		</ExtendedData>
		<Point>
			<coordinates>72.89181000000001,19.105473,0</coordinates>
		</Point>
	</Placemark>
	<Placemark>
		<name>ROSHAN PRIMARY SCHOOL</name>
		<visibility>0</visibility>
		<styleUrl>#mumbai_unaided_schools_style</styleUrl>
		<ExtendedData>
			<SchemaData schemaUrl="#J_mumbai_unaided_schools_SIISSSSSSISSSSS">
				<SimpleData name="Address">Guru Nanak Niwas Halav Pool Kurla W</SimpleData>
				<SimpleData name="Cls_From">1</SimpleData>
				<SimpleData name="Cls_To">8</SimpleData>
				<SimpleData name="Email">roshanprimaryschool@rediffmail.com</SimpleData>
				<SimpleData name="GoogleMaps">https://www.google.com/maps/search/?api=1&amp;query=19.0774120000191,72.8825520004263</SimpleData>
				<SimpleData name="Landline_1">022-25037358</SimpleData>
				<SimpleData name="Lat">19.0774120000191</SimpleData>
				<SimpleData name="Long">72.8825520004263</SimpleData>
				<SimpleData name="Name">ROSHAN PRIMARY SCHOOL</SimpleData>
				<SimpleData name="OBJECTID_1">553</SimpleData>
				<SimpleData name="Owner_Dept">Education Dept</SimpleData>
				<SimpleData name="School_Typ">3-Co-educational</SimpleData>
				<SimpleData name="Twitter_Ha">@mybmcedu</SimpleData>
				<SimpleData name="Ward">L-  WARD</SimpleData>
				<SimpleData name="Website"> </SimpleData>
			</SchemaData>
		</ExtendedData>
		<Point>
			<coordinates>72.882552,19.077412,0</coordinates>
		</Point>
	</Placemark>
	<Placemark>
		<name>MAHESHWARI ENGLISH SCHOOL</name>
		<visibility>0</visibility>
		<styleUrl>#mumbai_unaided_schools_style</styleUrl>
		<ExtendedData>
			<SchemaData schemaUrl="#J_mumbai_unaided_schools_SIISSSSSSISSSSS">
				<SimpleData name="Address">32/VISHWADEEP SOSIETY SANGHARSH NAGAR ANDHERI EAST</SimpleData>
				<SimpleData name="Cls_From">1</SimpleData>
				<SimpleData name="Cls_To">5</SimpleData>
				<SimpleData name="Email">maheshwarividyalaya.111@gmail.com</SimpleData>
				<SimpleData name="GoogleMaps">https://www.google.com/maps/search/?api=1&amp;query=19.1053649998567,72.90163199963</SimpleData>
				<SimpleData name="Landline_1">022-25140545</SimpleData>
				<SimpleData name="Lat">19.1053649998567</SimpleData>
				<SimpleData name="Long">72.90163199963</SimpleData>
				<SimpleData name="Name">MAHESHWARI ENGLISH SCHOOL</SimpleData>
				<SimpleData name="OBJECTID_1">554</SimpleData>
				<SimpleData name="Owner_Dept">Education Dept</SimpleData>
				<SimpleData name="School_Typ">3-Co-educational</SimpleData>
				<SimpleData name="Twitter_Ha">@mybmcedu</SimpleData>
				<SimpleData name="Ward">L-  WARD</SimpleData>
				<SimpleData name="Website"> </SimpleData>
			</SchemaData>
		</ExtendedData>
		<Point>
			<coordinates>72.90163200000001,19.105365,0</coordinates>
		</Point>
	</Placemark>
	<Placemark>
		<name>GOKHALE EDUCATION SOCIETY PRIMARY ENGLISH MEDIUM</name>
		<visibility>0</visibility>
		<styleUrl>#mumbai_unaided_schools_style</styleUrl>
		<ExtendedData>
			<SchemaData schemaUrl="#J_mumbai_unaided_schools_SIISSSSSSISSSSS">
				<SimpleData name="Address">21Gokhale society lane Parel Mumbai 12</SimpleData>
				<SimpleData name="Cls_From">1</SimpleData>
				<SimpleData name="Cls_To">4</SimpleData>
				<SimpleData name="Email">parelprimary@rediffmail.com</SimpleData>
				<SimpleData name="GoogleMaps">https://www.google.com/maps/search/?api=1&amp;query=19.0035739997495,72.8399129997779</SimpleData>
				<SimpleData name="Landline_1">022-24131417</SimpleData>
				<SimpleData name="Lat">19.0035739997495</SimpleData>
				<SimpleData name="Long">72.8399129997779</SimpleData>
				<SimpleData name="Name">GOKHALE EDUCATION SOCIETY PRIMARY ENGLISH MEDIUM</SimpleData>
				<SimpleData name="OBJECTID_1">555</SimpleData>
				<SimpleData name="Owner_Dept">Education Dept</SimpleData>
				<SimpleData name="School_Typ">3-Co-educational</SimpleData>
				<SimpleData name="Twitter_Ha">@mybmcedu</SimpleData>
				<SimpleData name="Ward">F/S - WARD</SimpleData>
				<SimpleData name="Website"> </SimpleData>
			</SchemaData>
		</ExtendedData>
		<Point>
			<coordinates>72.839913,19.003574,0</coordinates>
		</Point>
	</Placemark>
	<Placemark>
		<name>PAREL ENG SCHOOL</name>
		<visibility>0</visibility>
		<styleUrl>#mumbai_unaided_schools_style</styleUrl>
		<ExtendedData>
			<SchemaData schemaUrl="#J_mumbai_unaided_schools_SIISSSSSSISSSSS">
				<SimpleData name="Address">Bharat Nivas, Chambarbug Road, Parel. Mumbai 400012</SimpleData>
				<SimpleData name="Cls_From">1</SimpleData>
				<SimpleData name="Cls_To">4</SimpleData>
				<SimpleData name="Email">pepsparel@gmail.com</SimpleData>
				<SimpleData name="GoogleMaps">https://www.google.com/maps/search/?api=1&amp;query=19.0004229998105,72.8386310004455</SimpleData>
				<SimpleData name="Landline_1">022-24103359</SimpleData>
				<SimpleData name="Lat">19.0004229998105</SimpleData>
				<SimpleData name="Long">72.8386310004455</SimpleData>
				<SimpleData name="Name">PAREL ENG SCHOOL</SimpleData>
				<SimpleData name="OBJECTID_1">556</SimpleData>
				<SimpleData name="Owner_Dept">Education Dept</SimpleData>
				<SimpleData name="School_Typ">3-Co-educational</SimpleData>
				<SimpleData name="Twitter_Ha">@mybmcedu</SimpleData>
				<SimpleData name="Ward">F/S - WARD</SimpleData>
				<SimpleData name="Website">education.maharashtra.gov.in/saral/27221000118</SimpleData>
			</SchemaData>
		</ExtendedData>
		<Point>
			<coordinates>72.83863100000001,19.000423,0</coordinates>
		</Point>
	</Placemark>
	<Placemark>
		<name>SHREE SARVAJANIK BALMANDIR</name>
		<visibility>0</visibility>
		<styleUrl>#mumbai_unaided_schools_style</styleUrl>
		<ExtendedData>
			<SchemaData schemaUrl="#J_mumbai_unaided_schools_SIISSSSSSISSSSS">
				<SimpleData name="Address">bdlg no 1 abhyudaya nagar kalachowki</SimpleData>
				<SimpleData name="Cls_From">1</SimpleData>
				<SimpleData name="Cls_To">4</SimpleData>
				<SimpleData name="Email">shreesarvajanik3@gmail.com</SimpleData>
				<SimpleData name="GoogleMaps">https://www.google.com/maps/search/?api=1&amp;query=18.9886600000061,72.8433169991351</SimpleData>
				<SimpleData name="Landline_1">022-24709489</SimpleData>
				<SimpleData name="Lat">18.9886600000061</SimpleData>
				<SimpleData name="Long">72.8433169991351</SimpleData>
				<SimpleData name="Name">SHREE SARVAJANIK BALMANDIR</SimpleData>
				<SimpleData name="OBJECTID_1">557</SimpleData>
				<SimpleData name="Owner_Dept">Education Dept</SimpleData>
				<SimpleData name="School_Typ">3-Co-educational</SimpleData>
				<SimpleData name="Twitter_Ha">@mybmcedu</SimpleData>
				<SimpleData name="Ward">F/S - WARD</SimpleData>
				<SimpleData name="Website">education.maharashtra.gov.in</SimpleData>
			</SchemaData>
		</ExtendedData>
		<Point>
			<coordinates>72.843317,18.98866,0</coordinates>
		</Point>
	</Placemark>
	<Placemark>
		<name>ENGLISH MEDIUM PRIMARY SCHOOL KALACHOUKI</name>
		<visibility>0</visibility>
		<styleUrl>#mumbai_unaided_schools_style</styleUrl>
		<ExtendedData>
			<SchemaData schemaUrl="#J_mumbai_unaided_schools_SIISSSSSSISSSSS">
				<SimpleData name="Address">63 B A Road Kalachowki Mumbai 400033</SimpleData>
				<SimpleData name="Cls_From">1</SimpleData>
				<SimpleData name="Cls_To">4</SimpleData>
				<SimpleData name="Email">mammubai@gmail.com</SimpleData>
				<SimpleData name="GoogleMaps">https://www.google.com/maps/search/?api=1&amp;query=18.9872589995889,72.8361360006676</SimpleData>
				<SimpleData name="Landline_1">022-23774938</SimpleData>
				<SimpleData name="Lat">18.9872589995889</SimpleData>
				<SimpleData name="Long">72.8361360006676</SimpleData>
				<SimpleData name="Name">ENGLISH MEDIUM PRIMARY SCHOOL KALACHOUKI</SimpleData>
				<SimpleData name="OBJECTID_1">558</SimpleData>
				<SimpleData name="Owner_Dept">Education Dept</SimpleData>
				<SimpleData name="School_Typ">3-Co-educational</SimpleData>
				<SimpleData name="Twitter_Ha">@mybmcedu</SimpleData>
				<SimpleData name="Ward">F/S - WARD</SimpleData>
				<SimpleData name="Website">education.maharashtra.gov.in/saral/27221000140</SimpleData>
			</SchemaData>
		</ExtendedData>
		<Point>
			<coordinates>72.836136,18.987259,0</coordinates>
		</Point>
	</Placemark>
	<Placemark>
		<name>AHILYA PRIMARY SCHOOL</name>
		<visibility>0</visibility>
		<styleUrl>#mumbai_unaided_schools_style</styleUrl>
		<ExtendedData>
			<SchemaData schemaUrl="#J_mumbai_unaided_schools_SIISSSSSSISSSSS">
				<SimpleData name="Address">143, Abhyudaya Nagar,Kalachowki Mumbai 33.</SimpleData>
				<SimpleData name="Cls_From">1</SimpleData>
				<SimpleData name="Cls_To">8</SimpleData>
				<SimpleData name="Email">ahilyaprimaryschool@gmail.com</SimpleData>
				<SimpleData name="GoogleMaps">https://www.google.com/maps/search/?api=1&amp;query=18.9916149995429,72.8425000001246</SimpleData>
				<SimpleData name="Landline_1">022-24706836</SimpleData>
				<SimpleData name="Lat">18.9916149995429</SimpleData>
				<SimpleData name="Long">72.8425000001246</SimpleData>
				<SimpleData name="Name">AHILYA PRIMARY SCHOOL</SimpleData>
				<SimpleData name="OBJECTID_1">559</SimpleData>
				<SimpleData name="Owner_Dept">Education Dept</SimpleData>
				<SimpleData name="School_Typ">3-Co-educational</SimpleData>
				<SimpleData name="Twitter_Ha">@mybmcedu</SimpleData>
				<SimpleData name="Ward">F/S - WARD</SimpleData>
				<SimpleData name="Website"> </SimpleData>
			</SchemaData>
		</ExtendedData>
		<Point>
			<coordinates>72.8425,18.991615,0</coordinates>
		</Point>
	</Placemark>
	<Placemark>
		<name>ST PAUL HIGH SCHOOL (BOYS)</name>
		<visibility>0</visibility>
		<styleUrl>#mumbai_unaided_schools_style</styleUrl>
		<ExtendedData>
			<SchemaData schemaUrl="#J_mumbai_unaided_schools_SIISSSSSSISSSSS">
				<SimpleData name="Address">205 DR. AMBEDKAR ROAD, DADAR EAST, MUMBAI - 400014</SimpleData>
				<SimpleData name="Cls_From">1</SimpleData>
				<SimpleData name="Cls_To">4</SimpleData>
				<SimpleData name="Email">stpauldadar@gmail.com</SimpleData>
				<SimpleData name="GoogleMaps">https://www.google.com/maps/search/?api=1&amp;query=19.0079139995251,72.8427480004312</SimpleData>
				<SimpleData name="Landline_1">022-24168193</SimpleData>
				<SimpleData name="Lat">19.0079139995251</SimpleData>
				<SimpleData name="Long">72.8427480004312</SimpleData>
				<SimpleData name="Name">ST PAUL HIGH SCHOOL (BOYS)</SimpleData>
				<SimpleData name="OBJECTID_1">560</SimpleData>
				<SimpleData name="Owner_Dept">Education Dept</SimpleData>
				<SimpleData name="School_Typ">1-Boys</SimpleData>
				<SimpleData name="Twitter_Ha">@mybmcedu</SimpleData>
				<SimpleData name="Ward">F/S - WARD</SimpleData>
				<SimpleData name="Website">education.maharashtra.gov.in/saral/27221000164</SimpleData>
			</SchemaData>
		</ExtendedData>
		<Point>
			<coordinates>72.842748,19.007914,0</coordinates>
		</Point>
	</Placemark>
	<Placemark>
		<name>ST PAUL HIGH SCHOOL</name>
		<visibility>0</visibility>
		<styleUrl>#mumbai_unaided_schools_style</styleUrl>
		<ExtendedData>
			<SchemaData schemaUrl="#J_mumbai_unaided_schools_SIISSSSSSISSSSS">
				<SimpleData name="Address">205 Dr B A Road Dadar Mumbai  400 014</SimpleData>
				<SimpleData name="Cls_From">1</SimpleData>
				<SimpleData name="Cls_To">4</SimpleData>
				<SimpleData name="Email">st.paulsgirlsschool@yahoo.com</SimpleData>
				<SimpleData name="GoogleMaps">https://www.google.com/maps/search/?api=1&amp;query=19.0073240007781,72.8415330000388</SimpleData>
				<SimpleData name="Landline_1">022-24168534</SimpleData>
				<SimpleData name="Lat">19.0073240007781</SimpleData>
				<SimpleData name="Long">72.8415330000388</SimpleData>
				<SimpleData name="Name">ST PAUL HIGH SCHOOL</SimpleData>
				<SimpleData name="OBJECTID_1">561</SimpleData>
				<SimpleData name="Owner_Dept">Education Dept</SimpleData>
				<SimpleData name="School_Typ">2-Girls</SimpleData>
				<SimpleData name="Twitter_Ha">@mybmcedu</SimpleData>
				<SimpleData name="Ward">F/S - WARD</SimpleData>
				<SimpleData name="Website">www.stpaulsconventschool.org</SimpleData>
			</SchemaData>
		</ExtendedData>
		<Point>
			<coordinates>72.841533,19.007324,0</coordinates>
		</Point>
	</Placemark>
	<Placemark>
		<name>THE DADAR PARSEE YOUTHS ASSEMBLY HIGH SCHOOL</name>
		<visibility>0</visibility>
		<styleUrl>#mumbai_unaided_schools_style</styleUrl>
		<ExtendedData>
			<SchemaData schemaUrl="#J_mumbai_unaided_schools_SIISSSSSSISSSSS">
				<SimpleData name="Address">656,FIRDOSHI ROAD, DADAR PARSI COLONY, DADAR EAST, MUMBAI - 400014</SimpleData>
				<SimpleData name="Cls_From">1</SimpleData>
				<SimpleData name="Cls_To">4</SimpleData>
				<SimpleData name="Email">dypas_school@yahoo.com</SimpleData>
				<SimpleData name="GoogleMaps">https://www.google.com/maps/search/?api=1&amp;query=19.0181539994298,72.8533639998524</SimpleData>
				<SimpleData name="Landline_1">022-24125832</SimpleData>
				<SimpleData name="Lat">19.0181539994298</SimpleData>
				<SimpleData name="Long">72.8533639998524</SimpleData>
				<SimpleData name="Name">THE DADAR PARSEE YOUTHS ASSEMBLY HIGH SCHOOL</SimpleData>
				<SimpleData name="OBJECTID_1">562</SimpleData>
				<SimpleData name="Owner_Dept">Education Dept</SimpleData>
				<SimpleData name="School_Typ">3-Co-educational</SimpleData>
				<SimpleData name="Twitter_Ha">@mybmcedu</SimpleData>
				<SimpleData name="Ward">F/ N -WARD</SimpleData>
				<SimpleData name="Website">www.thedpyahighschool.com</SimpleData>
			</SchemaData>
		</ExtendedData>
		<Point>
			<coordinates>72.853364,19.018154,0</coordinates>
		</Point>
	</Placemark>
	<Placemark>
		<name>MATUNGA LIONS  PIONEER ENG</name>
		<visibility>0</visibility>
		<styleUrl>#mumbai_unaided_schools_style</styleUrl>
		<ExtendedData>
			<SchemaData schemaUrl="#J_mumbai_unaided_schools_SIISSSSSSISSSSS">
				<SimpleData name="Address">Bhaudaji Road Matunga CR  Mumbai  400019</SimpleData>
				<SimpleData name="Cls_From">1</SimpleData>
				<SimpleData name="Cls_To">4</SimpleData>
				<SimpleData name="Email">mlpeschool@yahoo.co.in</SimpleData>
				<SimpleData name="GoogleMaps">https://www.google.com/maps/search/?api=1&amp;query=19.0308319995813,72.8543759997155</SimpleData>
				<SimpleData name="Landline_1">022-24011833</SimpleData>
				<SimpleData name="Lat">19.0308319995813</SimpleData>
				<SimpleData name="Long">72.8543759997155</SimpleData>
				<SimpleData name="Name">MATUNGA LIONS  PIONEER ENG</SimpleData>
				<SimpleData name="OBJECTID_1">563</SimpleData>
				<SimpleData name="Owner_Dept">Education Dept</SimpleData>
				<SimpleData name="School_Typ">3-Co-educational</SimpleData>
				<SimpleData name="Twitter_Ha">@mybmcedu</SimpleData>
				<SimpleData name="Ward">F/ N -WARD</SimpleData>
				<SimpleData name="Website"> </SimpleData>
			</SchemaData>
		</ExtendedData>
		<Point>
			<coordinates>72.854376,19.030832,0</coordinates>
		</Point>
	</Placemark>
	<Placemark>
		<name>I.E.S PADMAKAR DHAMDHERE ENGLISH MIDIUM PRIMARY SCHOOL</name>
		<visibility>0</visibility>
		<styleUrl>#mumbai_unaided_schools_style</styleUrl>
		<ExtendedData>
			<SchemaData schemaUrl="#J_mumbai_unaided_schools_SIISSSSSSISSSSS">
				<SimpleData name="Address">Hindu Colony, Dadar,Mumbai - 400014</SimpleData>
				<SimpleData name="Cls_From">1</SimpleData>
				<SimpleData name="Cls_To">4</SimpleData>
				<SimpleData name="Email">pdemp.primary.english@ies.ed</SimpleData>
				<SimpleData name="GoogleMaps">https://www.google.com/maps/search/?api=1&amp;query=19.0225890004545,72.8588059993247</SimpleData>
				<SimpleData name="Landline_1">022-24199631</SimpleData>
				<SimpleData name="Lat">19.0225890004545</SimpleData>
				<SimpleData name="Long">72.8588059993247</SimpleData>
				<SimpleData name="Name">I.E.S PADMAKAR DHAMDHERE ENGLISH MIDIUM PRIMARY SCHOOL</SimpleData>
				<SimpleData name="OBJECTID_1">564</SimpleData>
				<SimpleData name="Owner_Dept">Education Dept</SimpleData>
				<SimpleData name="School_Typ">3-Co-educational</SimpleData>
				<SimpleData name="Twitter_Ha">@mybmcedu</SimpleData>
				<SimpleData name="Ward">F/ N -WARD</SimpleData>
				<SimpleData name="Website">www.iespdemp.in</SimpleData>
			</SchemaData>
		</ExtendedData>
		<Point>
			<coordinates>72.858806,19.022589,0</coordinates>
		</Point>
	</Placemark>
	<Placemark>
		<name>SHRI BANSIDHAR AGGARRWAL MODEL SCHOOL</name>
		<visibility>0</visibility>
		<styleUrl>#mumbai_unaided_schools_style</styleUrl>
		<ExtendedData>
			<SchemaData schemaUrl="#J_mumbai_unaided_schools_SIISSSSSSISSSSS">
				<SimpleData name="Address">Shri Bansidhar Aggarwal Model School, 270 /271 Wadala -west Mumbai 400031</SimpleData>
				<SimpleData name="Cls_From">1</SimpleData>
				<SimpleData name="Cls_To">4</SimpleData>
				<SimpleData name="Email">bansidhar_aggarwal@yahoo.co.in</SimpleData>
				<SimpleData name="GoogleMaps">https://www.google.com/maps/search/?api=1&amp;query=19.0175160003178,72.8560070001067</SimpleData>
				<SimpleData name="Landline_1">022-24152504</SimpleData>
				<SimpleData name="Lat">19.0175160003178</SimpleData>
				<SimpleData name="Long">72.8560070001067</SimpleData>
				<SimpleData name="Name">SHRI BANSIDHAR AGGARRWAL MODEL SCHOOL</SimpleData>
				<SimpleData name="OBJECTID_1">565</SimpleData>
				<SimpleData name="Owner_Dept">Education Dept</SimpleData>
				<SimpleData name="School_Typ">3-Co-educational</SimpleData>
				<SimpleData name="Twitter_Ha">@mybmcedu</SimpleData>
				<SimpleData name="Ward">F/ N -WARD</SimpleData>
				<SimpleData name="Website">bansidhar.com</SimpleData>
			</SchemaData>
		</ExtendedData>
		<Point>
			<coordinates>72.85600700000001,19.017516,0</coordinates>
		</Point>
	</Placemark>
	<Placemark>
		<name>PRAYOGITA VIDYALAYA</name>
		<visibility>0</visibility>
		<styleUrl>#mumbai_unaided_schools_style</styleUrl>
		<ExtendedData>
			<SchemaData schemaUrl="#J_mumbai_unaided_schools_SIISSSSSSISSSSS">
				<SimpleData name="Address">B-20, R. A. Kidwai Marg, Wadala, Mumbai 400031</SimpleData>
				<SimpleData name="Cls_From">1</SimpleData>
				<SimpleData name="Cls_To">4</SimpleData>
				<SimpleData name="Email">prayogita2010@yahoo.co.in</SimpleData>
				<SimpleData name="GoogleMaps">https://www.google.com/maps/search/?api=1&amp;query=19.0082929998819,72.8545479999999</SimpleData>
				<SimpleData name="Landline_1">022-24186641</SimpleData>
				<SimpleData name="Lat">19.0082929998819</SimpleData>
				<SimpleData name="Long">72.8545479999999</SimpleData>
				<SimpleData name="Name">PRAYOGITA VIDYALAYA</SimpleData>
				<SimpleData name="OBJECTID_1">566</SimpleData>
				<SimpleData name="Owner_Dept">Education Dept</SimpleData>
				<SimpleData name="School_Typ">3-Co-educational</SimpleData>
				<SimpleData name="Twitter_Ha">@mybmcedu</SimpleData>
				<SimpleData name="Ward">F/ N -WARD</SimpleData>
				<SimpleData name="Website"> </SimpleData>
			</SchemaData>
		</ExtendedData>
		<Point>
			<coordinates>72.85454799999999,19.008293,0</coordinates>
		</Point>
	</Placemark>
	<Placemark>
		<name>MATUNGA PREMIER SCHOOL</name>
		<visibility>0</visibility>
		<styleUrl>#mumbai_unaided_schools_style</styleUrl>
		<ExtendedData>
			<SchemaData schemaUrl="#J_mumbai_unaided_schools_SIISSSSSSISSSSS">
				<SimpleData name="Address">Surve Building Bhimani Street Opp Matunga CR Station Matunga East Mumbai 400 019</SimpleData>
				<SimpleData name="Cls_From">1</SimpleData>
				<SimpleData name="Cls_To">4</SimpleData>
				<SimpleData name="Email">mps2888@gmail.com</SimpleData>
				<SimpleData name="GoogleMaps">https://www.google.com/maps/search/?api=1&amp;query=19.022357000228,72.8482240001148</SimpleData>
				<SimpleData name="Landline_1">022-24142888</SimpleData>
				<SimpleData name="Lat">19.022357000228</SimpleData>
				<SimpleData name="Long">72.8482240001148</SimpleData>
				<SimpleData name="Name">MATUNGA PREMIER SCHOOL</SimpleData>
				<SimpleData name="OBJECTID_1">567</SimpleData>
				<SimpleData name="Owner_Dept">Education Dept</SimpleData>
				<SimpleData name="School_Typ">3-Co-educational</SimpleData>
				<SimpleData name="Twitter_Ha">@mybmcedu</SimpleData>
				<SimpleData name="Ward">F/ N -WARD</SimpleData>
				<SimpleData name="Website">www.matungapremierschool.in</SimpleData>
			</SchemaData>
		</ExtendedData>
		<Point>
			<coordinates>72.848224,19.022357,0</coordinates>
		</Point>
	</Placemark>
	<Placemark>
		<name>ISHWARDAS HARDAS BHATIA ENGLISH SCHOOL</name>
		<visibility>0</visibility>
		<styleUrl>#mumbai_unaided_schools_style</styleUrl>
		<ExtendedData>
			<SchemaData schemaUrl="#J_mumbai_unaided_schools_SIISSSSSSISSSSS">
				<SimpleData name="Address">76/A, RAFI AHMED KIDWAI ROAD, MATUNGA, MUMBAI 400 019</SimpleData>
				<SimpleData name="Cls_From">1</SimpleData>
				<SimpleData name="Cls_To">4</SimpleData>
				<SimpleData name="Email">info@ihbhatiaschool.com</SimpleData>
				<SimpleData name="GoogleMaps">https://www.google.com/maps/search/?api=1&amp;query=19.0272159999646,72.8604289995863</SimpleData>
				<SimpleData name="Landline_1">022-24096821</SimpleData>
				<SimpleData name="Lat">19.0272159999646</SimpleData>
				<SimpleData name="Long">72.8604289995863</SimpleData>
				<SimpleData name="Name">ISHWARDAS HARDAS BHATIA ENGLISH SCHOOL</SimpleData>
				<SimpleData name="OBJECTID_1">568</SimpleData>
				<SimpleData name="Owner_Dept">Education Dept</SimpleData>
				<SimpleData name="School_Typ">3-Co-educational</SimpleData>
				<SimpleData name="Twitter_Ha">@mybmcedu</SimpleData>
				<SimpleData name="Ward">F/ N -WARD</SimpleData>
				<SimpleData name="Website">www.ihbhatiaschool.com</SimpleData>
			</SchemaData>
		</ExtendedData>
		<Point>
			<coordinates>72.860429,19.027216,0</coordinates>
		</Point>
	</Placemark>
	<Placemark>
		<name>SHREE GANESH LP SCH.</name>
		<visibility>0</visibility>
		<styleUrl>#mumbai_unaided_schools_style</styleUrl>
		<ExtendedData>
			<SchemaData schemaUrl="#J_mumbai_unaided_schools_SIISSSSSSISSSSS">
				<SimpleData name="Address">Ganesh Nagar salt Pan road wadala east mumbai 400037</SimpleData>
				<SimpleData name="Cls_From">1</SimpleData>
				<SimpleData name="Cls_To">4</SimpleData>
				<SimpleData name="Email">ganeshprathmilshala@gmail.com</SimpleData>
				<SimpleData name="GoogleMaps">https://www.google.com/maps/search/?api=1&amp;query=19.0188100005696,72.8692060005151</SimpleData>
				<SimpleData name="Landline_1">022-24169835</SimpleData>
				<SimpleData name="Lat">19.0188100005696</SimpleData>
				<SimpleData name="Long">72.8692060005151</SimpleData>
				<SimpleData name="Name">SHREE GANESH LP SCH.</SimpleData>
				<SimpleData name="OBJECTID_1">569</SimpleData>
				<SimpleData name="Owner_Dept">Education Dept</SimpleData>
				<SimpleData name="School_Typ">3-Co-educational</SimpleData>
				<SimpleData name="Twitter_Ha">@mybmcedu</SimpleData>
				<SimpleData name="Ward">F/ N -WARD</SimpleData>
				<SimpleData name="Website">education.maharashtra.gov.in/saral/27221000240</SimpleData>
			</SchemaData>
		</ExtendedData>
		<Point>
			<coordinates>72.86920600000001,19.01881,0</coordinates>
		</Point>
	</Placemark>
	<Placemark>
		<name>MUMBAI VIDYALAYA PRIMARI SECTION MARATHI</name>
		<visibility>0</visibility>
		<styleUrl>#mumbai_unaided_schools_style</styleUrl>
		<ExtendedData>
			<SchemaData schemaUrl="#J_mumbai_unaided_schools_SIISSSSSSISSSSS">
				<SimpleData name="Address">knowledge centre nadkarni park near mbpt hospital wadala  E</SimpleData>
				<SimpleData name="Cls_From">1</SimpleData>
				<SimpleData name="Cls_To">4</SimpleData>
				<SimpleData name="Email">rajeshrishinde1970@gmail.com</SimpleData>
				<SimpleData name="GoogleMaps">https://www.google.com/maps/search/?api=1&amp;query=19.0123579994895,72.8604799992668</SimpleData>
				<SimpleData name="Landline_1">022-24165137</SimpleData>
				<SimpleData name="Lat">19.0123579994895</SimpleData>
				<SimpleData name="Long">72.8604799992668</SimpleData>
				<SimpleData name="Name">MUMBAI VIDYALAYA PRIMARI SECTION MARATHI</SimpleData>
				<SimpleData name="OBJECTID_1">570</SimpleData>
				<SimpleData name="Owner_Dept">Education Dept</SimpleData>
				<SimpleData name="School_Typ">3-Co-educational</SimpleData>
				<SimpleData name="Twitter_Ha">@mybmcedu</SimpleData>
				<SimpleData name="Ward">F/ N -WARD</SimpleData>
				<SimpleData name="Website">education.maharashtra.gov.in/saral/27221000271</SimpleData>
			</SchemaData>
		</ExtendedData>
		<Point>
			<coordinates>72.86048,19.012358,0</coordinates>
		</Point>
	</Placemark>
	<Placemark>
		<name>MUMBAI PUBLIC SCHOOL, WADALA</name>
		<visibility>0</visibility>
		<styleUrl>#mumbai_unaided_schools_style</styleUrl>
		<ExtendedData>
			<SchemaData schemaUrl="#J_mumbai_unaided_schools_SIISSSSSSISSSSS">
				<SimpleData name="Address">MPS WADALA SION KOLIWADA</SimpleData>
				<SimpleData name="Cls_From">1</SimpleData>
				<SimpleData name="Cls_To">4</SimpleData>
				<SimpleData name="Email">smilebalaji2007@rediffmail.com</SimpleData>
				<SimpleData name="GoogleMaps">https://www.google.com/maps/search/?api=1&amp;query=19.0123120005889,72.8604800000153</SimpleData>
				<SimpleData name="Landline_1">022-24165137</SimpleData>
				<SimpleData name="Lat">19.0123120005889</SimpleData>
				<SimpleData name="Long">72.8604800000153</SimpleData>
				<SimpleData name="Name">MUMBAI PUBLIC SCHOOL, WADALA</SimpleData>
				<SimpleData name="OBJECTID_1">571</SimpleData>
				<SimpleData name="Owner_Dept">Education Dept</SimpleData>
				<SimpleData name="School_Typ">3-Co-educational</SimpleData>
				<SimpleData name="Twitter_Ha">@mybmcedu</SimpleData>
				<SimpleData name="Ward">F/ N -WARD</SimpleData>
				<SimpleData name="Website">education.maharashtra.gov.in</SimpleData>
			</SchemaData>
		</ExtendedData>
		<Point>
			<coordinates>72.86048,19.012312,0</coordinates>
		</Point>
	</Placemark>
	<Placemark>
		<name>SITARAM PRAKASH ENG MEDIUM LP</name>
		<visibility>0</visibility>
		<styleUrl>#mumbai_unaided_schools_style</styleUrl>
		<ExtendedData>
			<SchemaData schemaUrl="#J_mumbai_unaided_schools_SIISSSSSSISSSSS">
				<SimpleData name="Address">205-A, RAFI AHMED KIDWAI ROAD, WADALA, MUMBAI - 31</SimpleData>
				<SimpleData name="Cls_From">1</SimpleData>
				<SimpleData name="Cls_To">4</SimpleData>
				<SimpleData name="Email">sph-school@yahoo.com</SimpleData>
				<SimpleData name="GoogleMaps">https://www.google.com/maps/search/?api=1&amp;query=19.018053999638,72.8591939998176</SimpleData>
				<SimpleData name="Landline_1">022-24128061</SimpleData>
				<SimpleData name="Lat">19.018053999638</SimpleData>
				<SimpleData name="Long">72.8591939998176</SimpleData>
				<SimpleData name="Name">SITARAM PRAKASH ENG MEDIUM LP</SimpleData>
				<SimpleData name="OBJECTID_1">572</SimpleData>
				<SimpleData name="Owner_Dept">Education Dept</SimpleData>
				<SimpleData name="School_Typ">3-Co-educational</SimpleData>
				<SimpleData name="Twitter_Ha">@mybmcedu</SimpleData>
				<SimpleData name="Ward">F/ N -WARD</SimpleData>
				<SimpleData name="Website"> </SimpleData>
			</SchemaData>
		</ExtendedData>
		<Point>
			<coordinates>72.859194,19.018054,0</coordinates>
		</Point>
	</Placemark>
	<Placemark>
		<name>AUXILIUM CONVENT HIGH SCHOOL</name>
		<visibility>0</visibility>
		<styleUrl>#mumbai_unaided_schools_style</styleUrl>
		<ExtendedData>
			<SchemaData schemaUrl="#J_mumbai_unaided_schools_SIISSSSSSISSSSS">
				<SimpleData name="Address">BALARAM BABU KHEDEKAR MARG, WADALA, MUMBAI.</SimpleData>
				<SimpleData name="Cls_From">1</SimpleData>
				<SimpleData name="Cls_To">4</SimpleData>
				<SimpleData name="Email">auxiliumwadala@yahoo.in</SimpleData>
				<SimpleData name="GoogleMaps">https://www.google.com/maps/search/?api=1&amp;query=19.0164220000752,72.8544629999929</SimpleData>
				<SimpleData name="Landline_1">022-24112727</SimpleData>
				<SimpleData name="Lat">19.0164220000752</SimpleData>
				<SimpleData name="Long">72.8544629999929</SimpleData>
				<SimpleData name="Name">AUXILIUM CONVENT HIGH SCHOOL</SimpleData>
				<SimpleData name="OBJECTID_1">573</SimpleData>
				<SimpleData name="Owner_Dept">Education Dept</SimpleData>
				<SimpleData name="School_Typ">2-Girls</SimpleData>
				<SimpleData name="Twitter_Ha">@mybmcedu</SimpleData>
				<SimpleData name="Ward">F/ N -WARD</SimpleData>
				<SimpleData name="Website">education.maharashtra.gov.in/saral/27221000283</SimpleData>
			</SchemaData>
		</ExtendedData>
		<Point>
			<coordinates>72.854463,19.016422,0</coordinates>
		</Point>
	</Placemark>
	<Placemark>
		<name>ST. JOSEPHS HIGH SCHOOL</name>
		<visibility>0</visibility>
		<styleUrl>#mumbai_unaided_schools_style</styleUrl>
		<ExtendedData>
			<SchemaData schemaUrl="#J_mumbai_unaided_schools_SIISSSSSSISSSSS">
				<SimpleData name="Address">ST JOSEPH HIGH SCHOOL WADALA</SimpleData>
				<SimpleData name="Cls_From">1</SimpleData>
				<SimpleData name="Cls_To">4</SimpleData>
				<SimpleData name="Email">stjosephwadala@gmail.com</SimpleData>
				<SimpleData name="GoogleMaps">https://www.google.com/maps/search/?api=1&amp;query=19.0190790001634,72.8562870000586</SimpleData>
				<SimpleData name="Landline_1">022-24182788</SimpleData>
				<SimpleData name="Lat">19.0190790001634</SimpleData>
				<SimpleData name="Long">72.8562870000586</SimpleData>
				<SimpleData name="Name">ST. JOSEPHS HIGH SCHOOL</SimpleData>
				<SimpleData name="OBJECTID_1">574</SimpleData>
				<SimpleData name="Owner_Dept">Education Dept</SimpleData>
				<SimpleData name="School_Typ">1-Boys</SimpleData>
				<SimpleData name="Twitter_Ha">@mybmcedu</SimpleData>
				<SimpleData name="Ward">F/ N -WARD</SimpleData>
				<SimpleData name="Website">www.stjoseph100.com</SimpleData>
			</SchemaData>
		</ExtendedData>
		<Point>
			<coordinates>72.85628699999999,19.019079,0</coordinates>
		</Point>
	</Placemark>
	<Placemark>
		<name>ADARSH VIDYALAYA ENGLISH PRIMARY</name>
		<visibility>0</visibility>
		<styleUrl>#mumbai_unaided_schools_style</styleUrl>
		<ExtendedData>
			<SchemaData schemaUrl="#J_mumbai_unaided_schools_SIISSSSSSISSSSS">
				<SimpleData name="Address">Bhartiya Kamla Nagar Antophill Mumbai 37</SimpleData>
				<SimpleData name="Cls_From">1</SimpleData>
				<SimpleData name="Cls_To">4</SimpleData>
				<SimpleData name="Email">adarshprimary1@gamil.com</SimpleData>
				<SimpleData name="GoogleMaps">https://www.google.com/maps/search/?api=1&amp;query=19.0243980003591,72.8736190001697</SimpleData>
				<SimpleData name="Landline_1">022-24011326</SimpleData>
				<SimpleData name="Lat">19.0243980003591</SimpleData>
				<SimpleData name="Long">72.8736190001697</SimpleData>
				<SimpleData name="Name">ADARSH VIDYALAYA ENGLISH PRIMARY</SimpleData>
				<SimpleData name="OBJECTID_1">575</SimpleData>
				<SimpleData name="Owner_Dept">Education Dept</SimpleData>
				<SimpleData name="School_Typ">3-Co-educational</SimpleData>
				<SimpleData name="Twitter_Ha">@mybmcedu</SimpleData>
				<SimpleData name="Ward">F/ N -WARD</SimpleData>
				<SimpleData name="Website"> </SimpleData>
			</SchemaData>
		</ExtendedData>
		<Point>
			<coordinates>72.87361900000001,19.024398,0</coordinates>
		</Point>
	</Placemark>
	<Placemark>
		<name>CENTRAL GOVT. EMPLOYEES EDUCATION SOCIETY HIGH SCHOOL</name>
		<visibility>0</visibility>
		<styleUrl>#mumbai_unaided_schools_style</styleUrl>
		<ExtendedData>
			<SchemaData schemaUrl="#J_mumbai_unaided_schools_SIISSSSSSISSSSS">
				<SimpleData name="Address">CGS colony, Sect-7,Antop Hill , Mumbai-400037</SimpleData>
				<SimpleData name="Cls_From">1</SimpleData>
				<SimpleData name="Cls_To">4</SimpleData>
				<SimpleData name="Email">cgeesschool@gmail.com</SimpleData>
				<SimpleData name="GoogleMaps">https://www.google.com/maps/search/?api=1&amp;query=19.0283499995372,72.8694949997121</SimpleData>
				<SimpleData name="Landline_1">022-0</SimpleData>
				<SimpleData name="Lat">19.0283499995372</SimpleData>
				<SimpleData name="Long">72.8694949997121</SimpleData>
				<SimpleData name="Name">CENTRAL GOVT. EMPLOYEES EDUCATION SOCIETY HIGH SCHOOL</SimpleData>
				<SimpleData name="OBJECTID_1">576</SimpleData>
				<SimpleData name="Owner_Dept">Education Dept</SimpleData>
				<SimpleData name="School_Typ">3-Co-educational</SimpleData>
				<SimpleData name="Twitter_Ha">@mybmcedu</SimpleData>
				<SimpleData name="Ward">F/ N -WARD</SimpleData>
				<SimpleData name="Website">education.maharashtra.gov.in/saral/27221000294</SimpleData>
			</SchemaData>
		</ExtendedData>
		<Point>
			<coordinates>72.869495,19.02835,0</coordinates>
		</Point>
	</Placemark>
	<Placemark>
		<name>DNYANESHWAR ENGLISH MEDIUM SCHOOL</name>
		<visibility>0</visibility>
		<styleUrl>#mumbai_unaided_schools_style</styleUrl>
		<ExtendedData>
			<SchemaData schemaUrl="#J_mumbai_unaided_schools_SIISSSSSSISSSSS">
				<SimpleData name="Address">Rafi Ahmed Kidwai Marg, Wadala, Mumbai - 400031</SimpleData>
				<SimpleData name="Cls_From">1</SimpleData>
				<SimpleData name="Cls_To">5</SimpleData>
				<SimpleData name="Email">dnyaneshwarschool2009@gmail.com</SimpleData>
				<SimpleData name="GoogleMaps">https://www.google.com/maps/search/?api=1&amp;query=19.0082729998618,72.8543680000072</SimpleData>
				<SimpleData name="Landline_1">022-24180624</SimpleData>
				<SimpleData name="Lat">19.0082729998618</SimpleData>
				<SimpleData name="Long">72.8543680000072</SimpleData>
				<SimpleData name="Name">DNYANESHWAR ENGLISH MEDIUM SCHOOL</SimpleData>
				<SimpleData name="OBJECTID_1">577</SimpleData>
				<SimpleData name="Owner_Dept">Education Dept</SimpleData>
				<SimpleData name="School_Typ">3-Co-educational</SimpleData>
				<SimpleData name="Twitter_Ha">@mybmcedu</SimpleData>
				<SimpleData name="Ward">F/ N -WARD</SimpleData>
				<SimpleData name="Website"> </SimpleData>
			</SchemaData>
		</ExtendedData>
		<Point>
			<coordinates>72.85436799999999,19.008273,0</coordinates>
		</Point>
	</Placemark>
	<Placemark>
		<name>SHRI SANATAN DHARAM PRIMARY</name>
		<visibility>0</visibility>
		<styleUrl>#mumbai_unaided_schools_style</styleUrl>
		<ExtendedData>
			<SchemaData schemaUrl="#J_mumbai_unaided_schools_SIISSSSSSISSSSS">
				<SimpleData name="Address">G.T.B.NAGAR, SION KOLIWADA, MUMBAI 37</SimpleData>
				<SimpleData name="Cls_From">1</SimpleData>
				<SimpleData name="Cls_To">4</SimpleData>
				<SimpleData name="Email">shobaverma70@gmail.com</SimpleData>
				<SimpleData name="GoogleMaps">https://www.google.com/maps/search/?api=1&amp;query=19.0348979999814,72.8665859994462</SimpleData>
				<SimpleData name="Landline_1">022-24075851</SimpleData>
				<SimpleData name="Lat">19.0348979999814</SimpleData>
				<SimpleData name="Long">72.8665859994462</SimpleData>
				<SimpleData name="Name">SHRI SANATAN DHARAM PRIMARY</SimpleData>
				<SimpleData name="OBJECTID_1">578</SimpleData>
				<SimpleData name="Owner_Dept">Education Dept</SimpleData>
				<SimpleData name="School_Typ">3-Co-educational</SimpleData>
				<SimpleData name="Twitter_Ha">@mybmcedu</SimpleData>
				<SimpleData name="Ward">F/ N -WARD</SimpleData>
				<SimpleData name="Website">education.maharashtra.gov.in/saral/27221000334</SimpleData>
			</SchemaData>
		</ExtendedData>
		<Point>
			<coordinates>72.866586,19.034898,0</coordinates>
		</Point>
	</Placemark>
	<Placemark>
		<name>SADHANA VIDYALAYA ENGLISH PRIMARY</name>
		<visibility>0</visibility>
		<styleUrl>#mumbai_unaided_schools_style</styleUrl>
		<ExtendedData>
			<SchemaData schemaUrl="#J_mumbai_unaided_schools_SIISSSSSSISSSSS">
				<SimpleData name="Address">Plot No 2  Sion West Mumbai 400022</SimpleData>
				<SimpleData name="Cls_From">1</SimpleData>
				<SimpleData name="Cls_To">4</SimpleData>
				<SimpleData name="Email">sadhanavidyalayaeng.pri.69@gmail.com</SimpleData>
				<SimpleData name="GoogleMaps">https://www.google.com/maps/search/?api=1&amp;query=19.0452340004109,72.8630390002946</SimpleData>
				<SimpleData name="Landline_1">022-24017269</SimpleData>
				<SimpleData name="Lat">19.0452340004109</SimpleData>
				<SimpleData name="Long">72.8630390002946</SimpleData>
				<SimpleData name="Name">SADHANA VIDYALAYA ENGLISH PRIMARY</SimpleData>
				<SimpleData name="OBJECTID_1">579</SimpleData>
				<SimpleData name="Owner_Dept">Education Dept</SimpleData>
				<SimpleData name="School_Typ">3-Co-educational</SimpleData>
				<SimpleData name="Twitter_Ha">@mybmcedu</SimpleData>
				<SimpleData name="Ward">F/ N -WARD</SimpleData>
				<SimpleData name="Website"> </SimpleData>
			</SchemaData>
		</ExtendedData>
		<Point>
			<coordinates>72.863039,19.045234,0</coordinates>
		</Point>
	</Placemark>
	<Placemark>
		<name>A. M. KEWALRAMANI PREMIER HIGH SCHOOL</name>
		<visibility>0</visibility>
		<styleUrl>#mumbai_unaided_schools_style</styleUrl>
		<ExtendedData>
			<SchemaData schemaUrl="#J_mumbai_unaided_schools_SIISSSSSSISSSSS">
				<SimpleData name="Address">Plot No-247-248,Sion East,Mumbai-400022</SimpleData>
				<SimpleData name="Cls_From">1</SimpleData>
				<SimpleData name="Cls_To">4</SimpleData>
				<SimpleData name="Email">amkprimary@gmail.com</SimpleData>
				<SimpleData name="GoogleMaps">https://www.google.com/maps/search/?api=1&amp;query=19.0350450000004,72.8608899992494</SimpleData>
				<SimpleData name="Landline_1">022-24094344</SimpleData>
				<SimpleData name="Lat">19.0350450000004</SimpleData>
				<SimpleData name="Long">72.8608899992494</SimpleData>
				<SimpleData name="Name">A. M. KEWALRAMANI PREMIER HIGH SCHOOL</SimpleData>
				<SimpleData name="OBJECTID_1">580</SimpleData>
				<SimpleData name="Owner_Dept">Education Dept</SimpleData>
				<SimpleData name="School_Typ">3-Co-educational</SimpleData>
				<SimpleData name="Twitter_Ha">@mybmcedu</SimpleData>
				<SimpleData name="Ward">F/ N -WARD</SimpleData>
				<SimpleData name="Website">education.maharashtra.gov.in/saral/27221000336</SimpleData>
			</SchemaData>
		</ExtendedData>
		<Point>
			<coordinates>72.86089,19.035045,0</coordinates>
		</Point>
	</Placemark>
	<Placemark>
		<name>CHETOOMAL BULCHAND MURLIDHAR HIGH SCHOOL</name>
		<visibility>0</visibility>
		<styleUrl>#mumbai_unaided_schools_style</styleUrl>
		<ExtendedData>
			<SchemaData schemaUrl="#J_mumbai_unaided_schools_SIISSSSSSISSSSS">
				<SimpleData name="Address">Sind Seva Samiti Nagar Sion Koliwada Mumbai- 400037</SimpleData>
				<SimpleData name="Cls_From">1</SimpleData>
				<SimpleData name="Cls_To">4</SimpleData>
				<SimpleData name="Email">cbmhighschool1972@gmail.com</SimpleData>
				<SimpleData name="GoogleMaps">https://www.google.com/maps/search/?api=1&amp;query=19.0323799998863,72.8622510006627</SimpleData>
				<SimpleData name="Landline_1">022-24016174</SimpleData>
				<SimpleData name="Lat">19.0323799998863</SimpleData>
				<SimpleData name="Long">72.8622510006627</SimpleData>
				<SimpleData name="Name">CHETOOMAL BULCHAND MURLIDHAR HIGH SCHOOL</SimpleData>
				<SimpleData name="OBJECTID_1">581</SimpleData>
				<SimpleData name="Owner_Dept">Education Dept</SimpleData>
				<SimpleData name="School_Typ">3-Co-educational</SimpleData>
				<SimpleData name="Twitter_Ha">@mybmcedu</SimpleData>
				<SimpleData name="Ward">F/ N -WARD</SimpleData>
				<SimpleData name="Website">cbmhighschool.in</SimpleData>
			</SchemaData>
		</ExtendedData>
		<Point>
			<coordinates>72.862251,19.03238,0</coordinates>
		</Point>
	</Placemark>
	<Placemark>
		<name>SREEVALLABH ASHRAM ENGLISH MEDIUM SCHOOL</name>
		<visibility>0</visibility>
		<styleUrl>#mumbai_unaided_schools_style</styleUrl>
		<ExtendedData>
			<SchemaData schemaUrl="#J_mumbai_unaided_schools_SIISSSSSSISSSSS">
				<SimpleData name="Address">6 Swami Vallabhdas Marg Sion West Mumbai  400 022</SimpleData>
				<SimpleData name="Cls_From">1</SimpleData>
				<SimpleData name="Cls_To">4</SimpleData>
				<SimpleData name="Email">vallabhashram95@gmail.com</SimpleData>
				<SimpleData name="GoogleMaps">https://www.google.com/maps/search/?api=1&amp;query=19.0437599999163,72.8618149996122</SimpleData>
				<SimpleData name="Landline_1">022-24037509</SimpleData>
				<SimpleData name="Lat">19.0437599999163</SimpleData>
				<SimpleData name="Long">72.8618149996122</SimpleData>
				<SimpleData name="Name">SREEVALLABH ASHRAM ENGLISH MEDIUM SCHOOL</SimpleData>
				<SimpleData name="OBJECTID_1">582</SimpleData>
				<SimpleData name="Owner_Dept">Education Dept</SimpleData>
				<SimpleData name="School_Typ">3-Co-educational</SimpleData>
				<SimpleData name="Twitter_Ha">@mybmcedu</SimpleData>
				<SimpleData name="Ward">F/ N -WARD</SimpleData>
				<SimpleData name="Website">www.vallabhashram.com</SimpleData>
			</SchemaData>
		</ExtendedData>
		<Point>
			<coordinates>72.86181500000001,19.04376,0</coordinates>
		</Point>
	</Placemark>
	<Placemark>
		<name>SHRI GAURIDUTT MITTAL VIDYALAY PRIMARY ENGLISH SCHOOL</name>
		<visibility>0</visibility>
		<styleUrl>#mumbai_unaided_schools_style</styleUrl>
		<ExtendedData>
			<SchemaData schemaUrl="#J_mumbai_unaided_schools_SIISSSSSSISSSSS">
				<SimpleData name="Address">Road No 28 B Sion east Mumbai 22</SimpleData>
				<SimpleData name="Cls_From">1</SimpleData>
				<SimpleData name="Cls_To">4</SimpleData>
				<SimpleData name="Email">sgmv.english@gmail.com</SimpleData>
				<SimpleData name="GoogleMaps">https://www.google.com/maps/search/?api=1&amp;query=19.0395600005417,72.8626900002547</SimpleData>
				<SimpleData name="Landline_1">022-24038660</SimpleData>
				<SimpleData name="Lat">19.0395600005417</SimpleData>
				<SimpleData name="Long">72.8626900002547</SimpleData>
				<SimpleData name="Name">SHRI GAURIDUTT MITTAL VIDYALAY PRIMARY ENGLISH SCHOOL</SimpleData>
				<SimpleData name="OBJECTID_1">583</SimpleData>
				<SimpleData name="Owner_Dept">Education Dept</SimpleData>
				<SimpleData name="School_Typ">3-Co-educational</SimpleData>
				<SimpleData name="Twitter_Ha">@mybmcedu</SimpleData>
				<SimpleData name="Ward">F/ N -WARD</SimpleData>
				<SimpleData name="Website">www.gmittalcollege.org</SimpleData>
			</SchemaData>
		</ExtendedData>
		<Point>
			<coordinates>72.86269,19.03956,0</coordinates>
		</Point>
	</Placemark>
	<Placemark>
		<name>SION ENGLISH PRIMARY SCHOOL</name>
		<visibility>0</visibility>
		<styleUrl>#mumbai_unaided_schools_style</styleUrl>
		<ExtendedData>
			<SchemaData schemaUrl="#J_mumbai_unaided_schools_SIISSSSSSISSSSS">
				<SimpleData name="Address">22/2, Sion Sindhi Colony, Sion West Mumbai 400 022</SimpleData>
				<SimpleData name="Cls_From">1</SimpleData>
				<SimpleData name="Cls_To">5</SimpleData>
				<SimpleData name="Email">sionenglisgschool@gmail.com</SimpleData>
				<SimpleData name="GoogleMaps">https://www.google.com/maps/search/?api=1&amp;query=19.040484999964,72.859444000516</SimpleData>
				<SimpleData name="Landline_1">022-24072585</SimpleData>
				<SimpleData name="Lat">19.040484999964</SimpleData>
				<SimpleData name="Long">72.859444000516</SimpleData>
				<SimpleData name="Name">SION ENGLISH PRIMARY SCHOOL</SimpleData>
				<SimpleData name="OBJECTID_1">584</SimpleData>
				<SimpleData name="Owner_Dept">Education Dept</SimpleData>
				<SimpleData name="School_Typ">3-Co-educational</SimpleData>
				<SimpleData name="Twitter_Ha">@mybmcedu</SimpleData>
				<SimpleData name="Ward">F/ N -WARD</SimpleData>
				<SimpleData name="Website">www.education.maharashtra.gov.in/saral/27220900342</SimpleData>
			</SchemaData>
		</ExtendedData>
		<Point>
			<coordinates>72.859444,19.040485,0</coordinates>
		</Point>
	</Placemark>
	<Placemark>
		<name>LITTLE ANGELS PRIMARY SCHOOL</name>
		<visibility>0</visibility>
		<styleUrl>#mumbai_unaided_schools_style</styleUrl>
		<ExtendedData>
			<SchemaData schemaUrl="#J_mumbai_unaided_schools_SIISSSSSSISSSSS">
				<SimpleData name="Address">C S NO 6 PART SHASHTRI LANE SION WEST MUMBAI - 400022</SimpleData>
				<SimpleData name="Cls_From">1</SimpleData>
				<SimpleData name="Cls_To">4</SimpleData>
				<SimpleData name="Email">aetrust1959@gmail.com</SimpleData>
				<SimpleData name="GoogleMaps">https://www.google.com/maps/search/?api=1&amp;query=19.0326819998077,72.8581079997209</SimpleData>
				<SimpleData name="Landline_1">022-24071037</SimpleData>
				<SimpleData name="Lat">19.0326819998077</SimpleData>
				<SimpleData name="Long">72.8581079997209</SimpleData>
				<SimpleData name="Name">LITTLE ANGELS PRIMARY SCHOOL</SimpleData>
				<SimpleData name="OBJECTID_1">585</SimpleData>
				<SimpleData name="Owner_Dept">Education Dept</SimpleData>
				<SimpleData name="School_Typ">3-Co-educational</SimpleData>
				<SimpleData name="Twitter_Ha">@mybmcedu</SimpleData>
				<SimpleData name="Ward">F/ N -WARD</SimpleData>
				<SimpleData name="Website">education.maharashtra.gov.in/saral/27221000352</SimpleData>
			</SchemaData>
		</ExtendedData>
		<Point>
			<coordinates>72.858108,19.032682,0</coordinates>
		</Point>
	</Placemark>
	<Placemark>
		<name>OUR LADY OF GOOD COUNSEL HIGH SCHOOL</name>
		<visibility>0</visibility>
		<styleUrl>#mumbai_unaided_schools_style</styleUrl>
		<ExtendedData>
			<SchemaData schemaUrl="#J_mumbai_unaided_schools_SIISSSSSSISSSSS">
				<SimpleData name="Address">Next to Sion Railway Station,Sion,Mumbai</SimpleData>
				<SimpleData name="Cls_From">1</SimpleData>
				<SimpleData name="Cls_To">4</SimpleData>
				<SimpleData name="Email">olgchighschool@gmail.com</SimpleData>
				<SimpleData name="GoogleMaps">https://www.google.com/maps/search/?api=1&amp;query=19.0465329998083,72.8631070003676</SimpleData>
				<SimpleData name="Landline_1">022-24076273</SimpleData>
				<SimpleData name="Lat">19.0465329998083</SimpleData>
				<SimpleData name="Long">72.8631070003676</SimpleData>
				<SimpleData name="Name">OUR LADY OF GOOD COUNSEL HIGH SCHOOL</SimpleData>
				<SimpleData name="OBJECTID_1">586</SimpleData>
				<SimpleData name="Owner_Dept">Education Dept</SimpleData>
				<SimpleData name="School_Typ">3-Co-educational</SimpleData>
				<SimpleData name="Twitter_Ha">@mybmcedu</SimpleData>
				<SimpleData name="Ward">F/ N -WARD</SimpleData>
				<SimpleData name="Website">www.ourladyofgoodcounselhighschoolmumbai.com</SimpleData>
			</SchemaData>
		</ExtendedData>
		<Point>
			<coordinates>72.863107,19.046533,0</coordinates>
		</Point>
	</Placemark>
	<Placemark>
		<name>SHIV SHIKSHAN SANSTHA&apos;S PRIMARY SCHOOL</name>
		<visibility>0</visibility>
		<styleUrl>#mumbai_unaided_schools_style</styleUrl>
		<ExtendedData>
			<SchemaData schemaUrl="#J_mumbai_unaided_schools_SIISSSSSSISSSSS">
				<SimpleData name="Address">SION CITY - MUMBAI A</SimpleData>
				<SimpleData name="Cls_From">1</SimpleData>
				<SimpleData name="Cls_To">4</SimpleData>
				<SimpleData name="Email">primaryschengmed@gmail.com</SimpleData>
				<SimpleData name="GoogleMaps">https://www.google.com/maps/search/?api=1&amp;query=19.0420399993059,72.861706999346</SimpleData>
				<SimpleData name="Landline_1">022-24018991</SimpleData>
				<SimpleData name="Lat">19.0420399993059</SimpleData>
				<SimpleData name="Long">72.861706999346</SimpleData>
				<SimpleData name="Name">SHIV SHIKSHAN SANSTHA&apos;S PRIMARY SCHOOL</SimpleData>
				<SimpleData name="OBJECTID_1">587</SimpleData>
				<SimpleData name="Owner_Dept">Education Dept</SimpleData>
				<SimpleData name="School_Typ">3-Co-educational</SimpleData>
				<SimpleData name="Twitter_Ha">@mybmcedu</SimpleData>
				<SimpleData name="Ward">F/ N -WARD</SimpleData>
				<SimpleData name="Website">education.maharashtra.gov.in/saral/27221000354</SimpleData>
			</SchemaData>
		</ExtendedData>
		<Point>
			<coordinates>72.861707,19.04204,0</coordinates>
		</Point>
	</Placemark>
	<Placemark>
		<name>SHREE GANESH PRI. SCHOOL</name>
		<visibility>0</visibility>
		<styleUrl>#mumbai_unaided_schools_style</styleUrl>
		<ExtendedData>
			<SchemaData schemaUrl="#J_mumbai_unaided_schools_SIISSSSSSISSSSS">
				<SimpleData name="Address">Ganesh nagar salt pan road wadala mumbai 400037</SimpleData>
				<SimpleData name="Cls_From">1</SimpleData>
				<SimpleData name="Cls_To">7</SimpleData>
				<SimpleData name="Email">shgpenglishschool92@gmail.com</SimpleData>
				<SimpleData name="GoogleMaps">https://www.google.com/maps/search/?api=1&amp;query=19.018814999838,72.8691990001336</SimpleData>
				<SimpleData name="Landline_1">022-24169835</SimpleData>
				<SimpleData name="Lat">19.018814999838</SimpleData>
				<SimpleData name="Long">72.8691990001336</SimpleData>
				<SimpleData name="Name">SHREE GANESH PRI. SCHOOL</SimpleData>
				<SimpleData name="OBJECTID_1">588</SimpleData>
				<SimpleData name="Owner_Dept">Education Dept</SimpleData>
				<SimpleData name="School_Typ">3-Co-educational</SimpleData>
				<SimpleData name="Twitter_Ha">@mybmcedu</SimpleData>
				<SimpleData name="Ward">F/ N -WARD</SimpleData>
				<SimpleData name="Website">shriganeshenglishmediumschool.com</SimpleData>
			</SchemaData>
		</ExtendedData>
		<Point>
			<coordinates>72.86919899999999,19.018815,0</coordinates>
		</Point>
	</Placemark>
	<Placemark>
		<name>KARMAVEER BHAURAO PATIL ENGLISH SCHOOL</name>
		<visibility>0</visibility>
		<styleUrl>#mumbai_unaided_schools_style</styleUrl>
		<ExtendedData>
			<SchemaData schemaUrl="#J_mumbai_unaided_schools_SIISSSSSSISSSSS">
				<SimpleData name="Address">OLD BUILDING NO. 03, NEAR MALA GARDEN,PRATIKSHANAGAR,SION KOLIWADA, MUMBAI 400022</SimpleData>
				<SimpleData name="Cls_From">1</SimpleData>
				<SimpleData name="Cls_To">4</SimpleData>
				<SimpleData name="Email">kbpeschool@gmail.com</SimpleData>
				<SimpleData name="GoogleMaps">https://www.google.com/maps/search/?api=1&amp;query=19.0427829995906,72.871885000049</SimpleData>
				<SimpleData name="Landline_1">022-24018084</SimpleData>
				<SimpleData name="Lat">19.0427829995906</SimpleData>
				<SimpleData name="Long">72.871885000049</SimpleData>
				<SimpleData name="Name">KARMAVEER BHAURAO PATIL ENGLISH SCHOOL</SimpleData>
				<SimpleData name="OBJECTID_1">589</SimpleData>
				<SimpleData name="Owner_Dept">Education Dept</SimpleData>
				<SimpleData name="School_Typ">3-Co-educational</SimpleData>
				<SimpleData name="Twitter_Ha">@mybmcedu</SimpleData>
				<SimpleData name="Ward">F/ N -WARD</SimpleData>
				<SimpleData name="Website"> </SimpleData>
			</SchemaData>
		</ExtendedData>
		<Point>
			<coordinates>72.87188500000001,19.042783,0</coordinates>
		</Point>
	</Placemark>
	<Placemark>
		<name>SHREE GANESH UP SCHOOL</name>
		<visibility>0</visibility>
		<styleUrl>#mumbai_unaided_schools_style</styleUrl>
		<ExtendedData>
			<SchemaData schemaUrl="#J_mumbai_unaided_schools_SIISSSSSSISSSSS">
				<SimpleData name="Address">Ganesh nagar salt pan road wadala east Mumbai 400037</SimpleData>
				<SimpleData name="Cls_From">5</SimpleData>
				<SimpleData name="Cls_To">7</SimpleData>
				<SimpleData name="Email">shriganeshprathamikshala@gmail.com</SimpleData>
				<SimpleData name="GoogleMaps">https://www.google.com/maps/search/?api=1&amp;query=19.0188709993466,72.8694499991635</SimpleData>
				<SimpleData name="Landline_1">022-24169835</SimpleData>
				<SimpleData name="Lat">19.0188709993466</SimpleData>
				<SimpleData name="Long">72.8694499991635</SimpleData>
				<SimpleData name="Name">SHREE GANESH UP SCHOOL</SimpleData>
				<SimpleData name="OBJECTID_1">590</SimpleData>
				<SimpleData name="Owner_Dept">Education Dept</SimpleData>
				<SimpleData name="School_Typ">3-Co-educational</SimpleData>
				<SimpleData name="Twitter_Ha">@mybmcedu</SimpleData>
				<SimpleData name="Ward">F/ N -WARD</SimpleData>
				<SimpleData name="Website">education.maharashtra.gov.in/saral/27221000370</SimpleData>
			</SchemaData>
		</ExtendedData>
		<Point>
			<coordinates>72.86945,19.018871,0</coordinates>
		</Point>
	</Placemark>
	<Placemark>
		<name>RES ENGLISH MEDIUM SCHOOL</name>
		<visibility>0</visibility>
		<styleUrl>#mumbai_unaided_schools_style</styleUrl>
		<ExtendedData>
			<SchemaData schemaUrl="#J_mumbai_unaided_schools_SIISSSSSSISSSSS">
				<SimpleData name="Address">BUILDING NO D15  SHOP NO 9 KALPAK ESTATE NEAR SARASWAT BANK ANTOP HILL MUMBAI 37</SimpleData>
				<SimpleData name="Cls_From">1</SimpleData>
				<SimpleData name="Cls_To">4</SimpleData>
				<SimpleData name="Email"> </SimpleData>
				<SimpleData name="GoogleMaps">https://www.google.com/maps/search/?api=1&amp;query=19.0188709993466,72.8694499991635</SimpleData>
				<SimpleData name="Landline_1">022-0</SimpleData>
				<SimpleData name="Lat">19.0188709993466</SimpleData>
				<SimpleData name="Long">72.8694499991635</SimpleData>
				<SimpleData name="Name">RES ENGLISH MEDIUM SCHOOL</SimpleData>
				<SimpleData name="OBJECTID_1">591</SimpleData>
				<SimpleData name="Owner_Dept">Education Dept</SimpleData>
				<SimpleData name="School_Typ">3-Co-educational</SimpleData>
				<SimpleData name="Twitter_Ha">@mybmcedu</SimpleData>
				<SimpleData name="Ward">F/ N -WARD</SimpleData>
				<SimpleData name="Website"> </SimpleData>
			</SchemaData>
		</ExtendedData>
		<Point>
			<coordinates>72.86945,19.018871,0</coordinates>
		</Point>
	</Placemark>
	<Placemark>
		<name>GOKUL ENG LP</name>
		<visibility>0</visibility>
		<styleUrl>#mumbai_unaided_schools_style</styleUrl>
		<ExtendedData>
			<SchemaData schemaUrl="#J_mumbai_unaided_schools_SIISSSSSSISSSSS">
				<SimpleData name="Address">Gokul-Ambedkar nagar Mahila Mandal, bhagoji marg, Mumbai -400018</SimpleData>
				<SimpleData name="Cls_From">1</SimpleData>
				<SimpleData name="Cls_To">4</SimpleData>
				<SimpleData name="Email">gokulschoolprimary@gmail.com</SimpleData>
				<SimpleData name="GoogleMaps">https://www.google.com/maps/search/?api=1&amp;query=19.0006969995715,72.8202620007498</SimpleData>
				<SimpleData name="Landline_1">022-24937536</SimpleData>
				<SimpleData name="Lat">19.0006969995715</SimpleData>
				<SimpleData name="Long">72.8202620007498</SimpleData>
				<SimpleData name="Name">GOKUL ENG LP</SimpleData>
				<SimpleData name="OBJECTID_1">592</SimpleData>
				<SimpleData name="Owner_Dept">Education Dept</SimpleData>
				<SimpleData name="School_Typ">3-Co-educational</SimpleData>
				<SimpleData name="Twitter_Ha">@mybmcedu</SimpleData>
				<SimpleData name="Ward">G / S</SimpleData>
				<SimpleData name="Website"> </SimpleData>
			</SchemaData>
		</ExtendedData>
		<Point>
			<coordinates>72.820262,19.000697,0</coordinates>
		</Point>
	</Placemark>
	<Placemark>
		<name>MARATHA MANDIR&apos;S BABASAHEB GAWDE ENG MED PRI.SCHOOL</name>
		<visibility>0</visibility>
		<styleUrl>#mumbai_unaided_schools_style</styleUrl>
		<ExtendedData>
			<SchemaData schemaUrl="#J_mumbai_unaided_schools_SIISSSSSSISSSSS">
				<SimpleData name="Address">BDD Chawl 49 First Floor Worli Mumbai</SimpleData>
				<SimpleData name="Cls_From">1</SimpleData>
				<SimpleData name="Cls_To">4</SimpleData>
				<SimpleData name="Email">mmbgesm@gmail.com</SimpleData>
				<SimpleData name="GoogleMaps">https://www.google.com/maps/search/?api=1&amp;query=19.0007420002895,72.8202800005849</SimpleData>
				<SimpleData name="Landline_1">022-24947138</SimpleData>
				<SimpleData name="Lat">19.0007420002895</SimpleData>
				<SimpleData name="Long">72.8202800005849</SimpleData>
				<SimpleData name="Name">MARATHA MANDIR&apos;S BABASAHEB GAWDE ENG MED PRI.SCHOOL</SimpleData>
				<SimpleData name="OBJECTID_1">593</SimpleData>
				<SimpleData name="Owner_Dept">Education Dept</SimpleData>
				<SimpleData name="School_Typ">3-Co-educational</SimpleData>
				<SimpleData name="Twitter_Ha">@mybmcedu</SimpleData>
				<SimpleData name="Ward">G / S</SimpleData>
				<SimpleData name="Website"> </SimpleData>
			</SchemaData>
		</ExtendedData>
		<Point>
			<coordinates>72.82028,19.000742,0</coordinates>
		</Point>
	</Placemark>
	<Placemark>
		<name>SVS ENGLISH SCHOOL</name>
		<visibility>0</visibility>
		<styleUrl>#mumbai_unaided_schools_style</styleUrl>
		<ExtendedData>
			<SchemaData schemaUrl="#J_mumbai_unaided_schools_SIISSSSSSISSSSS">
				<SimpleData name="Address">SVS English school ,S.A.marg worli mum 13</SimpleData>
				<SimpleData name="Cls_From">1</SimpleData>
				<SimpleData name="Cls_To">4</SimpleData>
				<SimpleData name="Email">ssvmarathi@rediffmail.com</SimpleData>
				<SimpleData name="GoogleMaps">https://www.google.com/maps/search/?api=1&amp;query=19.0007879998704,72.8223650004415</SimpleData>
				<SimpleData name="Landline_1">022-24920543</SimpleData>
				<SimpleData name="Lat">19.0007879998704</SimpleData>
				<SimpleData name="Long">72.8223650004415</SimpleData>
				<SimpleData name="Name">SVS ENGLISH SCHOOL</SimpleData>
				<SimpleData name="OBJECTID_1">594</SimpleData>
				<SimpleData name="Owner_Dept">Education Dept</SimpleData>
				<SimpleData name="School_Typ">3-Co-educational</SimpleData>
				<SimpleData name="Twitter_Ha">@mybmcedu</SimpleData>
				<SimpleData name="Ward">G / S</SimpleData>
				<SimpleData name="Website"> </SimpleData>
			</SchemaData>
		</ExtendedData>
		<Point>
			<coordinates>72.822365,19.000788,0</coordinates>
		</Point>
	</Placemark>
	<Placemark>
		<name>SACRED HEART HIGH SCHOOL</name>
		<visibility>0</visibility>
		<styleUrl>#mumbai_unaided_schools_style</styleUrl>
		<ExtendedData>
			<SchemaData schemaUrl="#J_mumbai_unaided_schools_SIISSSSSSISSSSS">
				<SimpleData name="Address">Sacred Heart High School, 26, Sasmira Marg, Worli, Mumbai - 30.</SimpleData>
				<SimpleData name="Cls_From">1</SimpleData>
				<SimpleData name="Cls_To">4</SimpleData>
				<SimpleData name="Email">shhsworli@yahoo.in</SimpleData>
				<SimpleData name="GoogleMaps">https://www.google.com/maps/search/?api=1&amp;query=19.0148600001178,72.8192179994648</SimpleData>
				<SimpleData name="Landline_1">022-24932651</SimpleData>
				<SimpleData name="Lat">19.0148600001178</SimpleData>
				<SimpleData name="Long">72.8192179994648</SimpleData>
				<SimpleData name="Name">SACRED HEART HIGH SCHOOL</SimpleData>
				<SimpleData name="OBJECTID_1">595</SimpleData>
				<SimpleData name="Owner_Dept">Education Dept</SimpleData>
				<SimpleData name="School_Typ">3-Co-educational</SimpleData>
				<SimpleData name="Twitter_Ha">@mybmcedu</SimpleData>
				<SimpleData name="Ward">G / S</SimpleData>
				<SimpleData name="Website"> </SimpleData>
			</SchemaData>
		</ExtendedData>
		<Point>
			<coordinates>72.81921800000001,19.01486,0</coordinates>
		</Point>
	</Placemark>
	<Placemark>
		<name>A.N.S.S. LITTLE STARS ENGLISH PRIMARY SCH</name>
		<visibility>0</visibility>
		<styleUrl>#mumbai_unaided_schools_style</styleUrl>
		<ExtendedData>
			<SchemaData schemaUrl="#J_mumbai_unaided_schools_SIISSSSSSISSSSS">
				<SimpleData name="Address">ADARSH NAGAR , NEAR BUILDING NO. 35, PRABHADEVI, WORLI , MUMBAI - 400030</SimpleData>
				<SimpleData name="Cls_From">1</SimpleData>
				<SimpleData name="Cls_To">4</SimpleData>
				<SimpleData name="Email">littlestarengprimary@gmail.com</SimpleData>
				<SimpleData name="GoogleMaps">https://www.google.com/maps/search/?api=1&amp;query=19.0142790001907,72.8219109995881</SimpleData>
				<SimpleData name="Landline_1">022-24301526</SimpleData>
				<SimpleData name="Lat">19.0142790001907</SimpleData>
				<SimpleData name="Long">72.8219109995881</SimpleData>
				<SimpleData name="Name">A.N.S.S. LITTLE STARS ENGLISH PRIMARY SCH</SimpleData>
				<SimpleData name="OBJECTID_1">596</SimpleData>
				<SimpleData name="Owner_Dept">Education Dept</SimpleData>
				<SimpleData name="School_Typ">3-Co-educational</SimpleData>
				<SimpleData name="Twitter_Ha">@mybmcedu</SimpleData>
				<SimpleData name="Ward">G / S</SimpleData>
				<SimpleData name="Website"> </SimpleData>
			</SchemaData>
		</ExtendedData>
		<Point>
			<coordinates>72.821911,19.014279,0</coordinates>
		</Point>
	</Placemark>
	<Placemark>
		<name>ADARSH ENGLISH HIGH SCHOOL</name>
		<visibility>0</visibility>
		<styleUrl>#mumbai_unaided_schools_style</styleUrl>
		<ExtendedData>
			<SchemaData schemaUrl="#J_mumbai_unaided_schools_SIISSSSSSISSSSS">
				<SimpleData name="Address">2, Kalpataru, E. Hatiskar Marg, Prabhadevi, Mumbai - 400 025</SimpleData>
				<SimpleData name="Cls_From">1</SimpleData>
				<SimpleData name="Cls_To">4</SimpleData>
				<SimpleData name="Email">aehs@rediffmail.com</SimpleData>
				<SimpleData name="GoogleMaps">https://www.google.com/maps/search/?api=1&amp;query=19.0150580001006,72.8227469994159</SimpleData>
				<SimpleData name="Landline_1">022-24222212</SimpleData>
				<SimpleData name="Lat">19.0150580001006</SimpleData>
				<SimpleData name="Long">72.8227469994159</SimpleData>
				<SimpleData name="Name">ADARSH ENGLISH HIGH SCHOOL</SimpleData>
				<SimpleData name="OBJECTID_1">597</SimpleData>
				<SimpleData name="Owner_Dept">Education Dept</SimpleData>
				<SimpleData name="School_Typ">3-Co-educational</SimpleData>
				<SimpleData name="Twitter_Ha">@mybmcedu</SimpleData>
				<SimpleData name="Ward">G / S</SimpleData>
				<SimpleData name="Website"> </SimpleData>
			</SchemaData>
		</ExtendedData>
		<Point>
			<coordinates>72.82274700000001,19.015058,0</coordinates>
		</Point>
	</Placemark>
	<Placemark>
		<name>CONVENT GIRLS HIGH SCHOOL</name>
		<visibility>0</visibility>
		<styleUrl>#mumbai_unaided_schools_style</styleUrl>
		<ExtendedData>
			<SchemaData schemaUrl="#J_mumbai_unaided_schools_SIISSSSSSISSSSS">
				<SimpleData name="Address">KAKASAHEB GADGIL MARG</SimpleData>
				<SimpleData name="Cls_From">1</SimpleData>
				<SimpleData name="Cls_To">4</SimpleData>
				<SimpleData name="Email">convent_girls@rediffmail.com</SimpleData>
				<SimpleData name="GoogleMaps">https://www.google.com/maps/search/?api=1&amp;query=19.0163589995791,72.8316860004752</SimpleData>
				<SimpleData name="Landline_1">022-24361862</SimpleData>
				<SimpleData name="Lat">19.0163589995791</SimpleData>
				<SimpleData name="Long">72.8316860004752</SimpleData>
				<SimpleData name="Name">CONVENT GIRLS HIGH SCHOOL</SimpleData>
				<SimpleData name="OBJECTID_1">598</SimpleData>
				<SimpleData name="Owner_Dept">Education Dept</SimpleData>
				<SimpleData name="School_Typ">2-Girls</SimpleData>
				<SimpleData name="Twitter_Ha">@mybmcedu</SimpleData>
				<SimpleData name="Ward">G / N</SimpleData>
				<SimpleData name="Website">www.fhic-cghs.com</SimpleData>
			</SchemaData>
		</ExtendedData>
		<Point>
			<coordinates>72.831686,19.016359,0</coordinates>
		</Point>
	</Placemark>
	<Placemark>
		<name>SVM INTERNATIONAL SCHOOL</name>
		<visibility>0</visibility>
		<styleUrl>#mumbai_unaided_schools_style</styleUrl>
		<ExtendedData>
			<SchemaData schemaUrl="#J_mumbai_unaided_schools_SIISSSSSSISSSSS">
				<SimpleData name="Address">DR.BHAVANISHANKAR DADARKAR MARG, DADAR, MUMBAI - 400028.</SimpleData>
				<SimpleData name="Cls_From">2</SimpleData>
				<SimpleData name="Cls_To">4</SimpleData>
				<SimpleData name="Email">sharadashram@redffmail.com</SimpleData>
				<SimpleData name="GoogleMaps">https://www.google.com/maps/search/?api=1&amp;query=19.0149730000548,72.8369310002483</SimpleData>
				<SimpleData name="Landline_1">022-24300247</SimpleData>
				<SimpleData name="Lat">19.0149730000548</SimpleData>
				<SimpleData name="Long">72.8369310002483</SimpleData>
				<SimpleData name="Name">SVM INTERNATIONAL SCHOOL</SimpleData>
				<SimpleData name="OBJECTID_1">599</SimpleData>
				<SimpleData name="Owner_Dept">Education Dept</SimpleData>
				<SimpleData name="School_Typ">3-Co-educational</SimpleData>
				<SimpleData name="Twitter_Ha">@mybmcedu</SimpleData>
				<SimpleData name="Ward">G / N</SimpleData>
				<SimpleData name="Website">sharadashram.org</SimpleData>
			</SchemaData>
		</ExtendedData>
		<Point>
			<coordinates>72.83693100000001,19.014973,0</coordinates>
		</Point>
	</Placemark>
	<Placemark>
		<name>IES ASHLANE ENGLISH PRIMARY SCH.</name>
		<visibility>0</visibility>
		<styleUrl>#mumbai_unaided_schools_style</styleUrl>
		<ExtendedData>
			<SchemaData schemaUrl="#J_mumbai_unaided_schools_SIISSSSSSISSSSS">
				<SimpleData name="Address">D S BABREKAR MARG, dadar -28</SimpleData>
				<SimpleData name="Cls_From">1</SimpleData>
				<SimpleData name="Cls_To">4</SimpleData>
				<SimpleData name="Email">ashlane.primary.english@ies.edu</SimpleData>
				<SimpleData name="GoogleMaps">https://www.google.com/maps/search/?api=1&amp;query=19.0225650001507,72.8358530001603</SimpleData>
				<SimpleData name="Landline_1">022-24461412</SimpleData>
				<SimpleData name="Lat">19.0225650001507</SimpleData>
				<SimpleData name="Long">72.8358530001603</SimpleData>
				<SimpleData name="Name">IES ASHLANE ENGLISH PRIMARY SCH.</SimpleData>
				<SimpleData name="OBJECTID_1">600</SimpleData>
				<SimpleData name="Owner_Dept">Education Dept</SimpleData>
				<SimpleData name="School_Typ">3-Co-educational</SimpleData>
				<SimpleData name="Twitter_Ha">@mybmcedu</SimpleData>
				<SimpleData name="Ward">G / N</SimpleData>
				<SimpleData name="Website"> </SimpleData>
			</SchemaData>
		</ExtendedData>
		<Point>
			<coordinates>72.835853,19.022565,0</coordinates>
		</Point>
	</Placemark>
	<Placemark>
		<name>Dr. ANTONIO DA SILVA HIGH SCHOOL</name>
		<visibility>0</visibility>
		<styleUrl>#mumbai_unaided_schools_style</styleUrl>
		<ExtendedData>
			<SchemaData schemaUrl="#J_mumbai_unaided_schools_SIISSSSSSISSSSS">
				<SimpleData name="Address">R.B.S.K. BOLE ROAD, DADAR, MUMBAI - 400028</SimpleData>
				<SimpleData name="Cls_From">1</SimpleData>
				<SimpleData name="Cls_To">4</SimpleData>
				<SimpleData name="Email">adhs1868@gmail.com</SimpleData>
				<SimpleData name="GoogleMaps">https://www.google.com/maps/search/?api=1&amp;query=19.0196400003462,72.8404950000068</SimpleData>
				<SimpleData name="Landline_1">022-0</SimpleData>
				<SimpleData name="Lat">19.0196400003462</SimpleData>
				<SimpleData name="Long">72.8404950000068</SimpleData>
				<SimpleData name="Name">Dr. ANTONIO DA SILVA HIGH SCHOOL</SimpleData>
				<SimpleData name="OBJECTID_1">601</SimpleData>
				<SimpleData name="Owner_Dept">Education Dept</SimpleData>
				<SimpleData name="School_Typ">1-Boys</SimpleData>
				<SimpleData name="Twitter_Ha">@mybmcedu</SimpleData>
				<SimpleData name="Ward">G / N</SimpleData>
				<SimpleData name="Website">drantoniodasilva.com</SimpleData>
			</SchemaData>
		</ExtendedData>
		<Point>
			<coordinates>72.840495,19.01964,0</coordinates>
		</Point>
	</Placemark>
	<Placemark>
		<name>SANE GURUJI ENGLISH MEDIUM SCH.</name>
		<visibility>0</visibility>
		<styleUrl>#mumbai_unaided_schools_style</styleUrl>
		<ExtendedData>
			<SchemaData schemaUrl="#J_mumbai_unaided_schools_SIISSSSSSISSSSS">
				<SimpleData name="Address">Bhikoba Waman Pathare Marg,Dadar,Mumbai</SimpleData>
				<SimpleData name="Cls_From">1</SimpleData>
				<SimpleData name="Cls_To">4</SimpleData>
				<SimpleData name="Email">nbt.sgems@gmail.com</SimpleData>
				<SimpleData name="GoogleMaps">https://www.google.com/maps/search/?api=1&amp;query=19.0229180002174,72.8357949995848</SimpleData>
				<SimpleData name="Landline_1">022-24440996</SimpleData>
				<SimpleData name="Lat">19.0229180002174</SimpleData>
				<SimpleData name="Long">72.8357949995848</SimpleData>
				<SimpleData name="Name">SANE GURUJI ENGLISH MEDIUM SCH.</SimpleData>
				<SimpleData name="OBJECTID_1">602</SimpleData>
				<SimpleData name="Owner_Dept">Education Dept</SimpleData>
				<SimpleData name="School_Typ">3-Co-educational</SimpleData>
				<SimpleData name="Twitter_Ha">@mybmcedu</SimpleData>
				<SimpleData name="Ward">G / N</SimpleData>
				<SimpleData name="Website">www.sanegurujividyalaya.com</SimpleData>
			</SchemaData>
		</ExtendedData>
		<Point>
			<coordinates>72.835795,19.022918,0</coordinates>
		</Point>
	</Placemark>
	<Placemark>
		<name>PEOPLES EDUCATION SOC.ENG SCH</name>
		<visibility>0</visibility>
		<styleUrl>#mumbai_unaided_schools_style</styleUrl>
		<ExtendedData>
			<SchemaData schemaUrl="#J_mumbai_unaided_schools_SIISSSSSSISSSSS">
				<SimpleData name="Address">Prin N M Kale Marg Gokhale Road S Dadar Mumbai 400 028</SimpleData>
				<SimpleData name="Cls_From">1</SimpleData>
				<SimpleData name="Cls_To">4</SimpleData>
				<SimpleData name="Email">primaryenglish2006@rediffmail.com</SimpleData>
				<SimpleData name="GoogleMaps">https://www.google.com/maps/search/?api=1&amp;query=19.0172729999213,72.8339750000096</SimpleData>
				<SimpleData name="Landline_1">022-24366760</SimpleData>
				<SimpleData name="Lat">19.0172729999213</SimpleData>
				<SimpleData name="Long">72.8339750000096</SimpleData>
				<SimpleData name="Name">PEOPLES EDUCATION SOC.ENG SCH</SimpleData>
				<SimpleData name="OBJECTID_1">603</SimpleData>
				<SimpleData name="Owner_Dept">Education Dept</SimpleData>
				<SimpleData name="School_Typ">3-Co-educational</SimpleData>
				<SimpleData name="Twitter_Ha">@mybmcedu</SimpleData>
				<SimpleData name="Ward">G / N</SimpleData>
				<SimpleData name="Website"> </SimpleData>
			</SchemaData>
		</ExtendedData>
		<Point>
			<coordinates>72.833975,19.017273,0</coordinates>
		</Point>
	</Placemark>
	<Placemark>
		<name>BALMOHAL VIDYAMANDIR LP</name>
		<visibility>0</visibility>
		<styleUrl>#mumbai_unaided_schools_style</styleUrl>
		<ExtendedData>
			<SchemaData schemaUrl="#J_mumbai_unaided_schools_SIISSSSSSISSSSS">
				<SimpleData name="Address">59-65, Dr. M.B.Raut Road, Shivaji Park, Dadar Mumbai - 400028</SimpleData>
				<SimpleData name="Cls_From">1</SimpleData>
				<SimpleData name="Cls_To">4</SimpleData>
				<SimpleData name="Email">admin.marathi@balmohan.org</SimpleData>
				<SimpleData name="GoogleMaps">https://www.google.com/maps/search/?api=1&amp;query=19.0252830005996,72.839045000188</SimpleData>
				<SimpleData name="Landline_1">022-24461221</SimpleData>
				<SimpleData name="Lat">19.0252830005996</SimpleData>
				<SimpleData name="Long">72.839045000188</SimpleData>
				<SimpleData name="Name">BALMOHAL VIDYAMANDIR LP</SimpleData>
				<SimpleData name="OBJECTID_1">604</SimpleData>
				<SimpleData name="Owner_Dept">Education Dept</SimpleData>
				<SimpleData name="School_Typ">3-Co-educational</SimpleData>
				<SimpleData name="Twitter_Ha">@mybmcedu</SimpleData>
				<SimpleData name="Ward">G / N</SimpleData>
				<SimpleData name="Website"> </SimpleData>
			</SchemaData>
		</ExtendedData>
		<Point>
			<coordinates>72.839045,19.025283,0</coordinates>
		</Point>
	</Placemark>
	<Placemark>
		<name>VICTORIA HIGH SCHOOL ENG</name>
		<visibility>0</visibility>
		<styleUrl>#mumbai_unaided_schools_style</styleUrl>
		<ExtendedData>
			<SchemaData schemaUrl="#J_mumbai_unaided_schools_SIISSSSSSISSSSS">
				<SimpleData name="Address">Sitladevi Temple Road, Mahim ,Mumbai -16</SimpleData>
				<SimpleData name="Cls_From">1</SimpleData>
				<SimpleData name="Cls_To">4</SimpleData>
				<SimpleData name="Email">vhspry@gmail.com</SimpleData>
				<SimpleData name="GoogleMaps">https://www.google.com/maps/search/?api=1&amp;query=19.0543829997193,72.8407530000411</SimpleData>
				<SimpleData name="Landline_1">022-24462930</SimpleData>
				<SimpleData name="Lat">19.0543829997193</SimpleData>
				<SimpleData name="Long">72.8407530000411</SimpleData>
				<SimpleData name="Name">VICTORIA HIGH SCHOOL ENG</SimpleData>
				<SimpleData name="OBJECTID_1">605</SimpleData>
				<SimpleData name="Owner_Dept">Education Dept</SimpleData>
				<SimpleData name="School_Typ">1-Boys</SimpleData>
				<SimpleData name="Twitter_Ha">@mybmcedu</SimpleData>
				<SimpleData name="Ward">G / N</SimpleData>
				<SimpleData name="Website"> </SimpleData>
			</SchemaData>
		</ExtendedData>
		<Point>
			<coordinates>72.84075300000001,19.054383,0</coordinates>
		</Point>
	</Placemark>
	<Placemark>
		<name>CANOSSA HIGH SCHOOL LP</name>
		<visibility>0</visibility>
		<styleUrl>#mumbai_unaided_schools_style</styleUrl>
		<ExtendedData>
			<SchemaData schemaUrl="#J_mumbai_unaided_schools_SIISSSSSSISSSSS">
				<SimpleData name="Address">Pitamber Lane Mahim west mumbai 400016</SimpleData>
				<SimpleData name="Cls_From">1</SimpleData>
				<SimpleData name="Cls_To">4</SimpleData>
				<SimpleData name="Email">canossapm@gmail.com</SimpleData>
				<SimpleData name="GoogleMaps">https://www.google.com/maps/search/?api=1&amp;query=19.0379020004036,72.8439739997332</SimpleData>
				<SimpleData name="Landline_1">022-24474910</SimpleData>
				<SimpleData name="Lat">19.0379020004036</SimpleData>
				<SimpleData name="Long">72.8439739997332</SimpleData>
				<SimpleData name="Name">CANOSSA HIGH SCHOOL LP</SimpleData>
				<SimpleData name="OBJECTID_1">606</SimpleData>
				<SimpleData name="Owner_Dept">Education Dept</SimpleData>
				<SimpleData name="School_Typ">2-Girls</SimpleData>
				<SimpleData name="Twitter_Ha">@mybmcedu</SimpleData>
				<SimpleData name="Ward">G / N</SimpleData>
				<SimpleData name="Website"> </SimpleData>
			</SchemaData>
		</ExtendedData>
		<Point>
			<coordinates>72.843974,19.037902,0</coordinates>
		</Point>
	</Placemark>
	<Placemark>
		<name>GANDHI MEMORIAL ENG LP</name>
		<visibility>0</visibility>
		<styleUrl>#mumbai_unaided_schools_style</styleUrl>
		<ExtendedData>
			<SchemaData schemaUrl="#J_mumbai_unaided_schools_SIISSSSSSISSSSS">
				<SimpleData name="Address">Andhra Valley Road Matunga Labour Camp Mumbai 400 019</SimpleData>
				<SimpleData name="Cls_From">1</SimpleData>
				<SimpleData name="Cls_To">4</SimpleData>
				<SimpleData name="Email">gmes2010@yahoo.in</SimpleData>
				<SimpleData name="GoogleMaps">https://www.google.com/maps/search/?api=1&amp;query=19.0370830003154,72.8529490006601</SimpleData>
				<SimpleData name="Landline_1">022-24086446</SimpleData>
				<SimpleData name="Lat">19.0370830003154</SimpleData>
				<SimpleData name="Long">72.8529490006601</SimpleData>
				<SimpleData name="Name">GANDHI MEMORIAL ENG LP</SimpleData>
				<SimpleData name="OBJECTID_1">607</SimpleData>
				<SimpleData name="Owner_Dept">Education Dept</SimpleData>
				<SimpleData name="School_Typ">3-Co-educational</SimpleData>
				<SimpleData name="Twitter_Ha">@mybmcedu</SimpleData>
				<SimpleData name="Ward">G / N</SimpleData>
				<SimpleData name="Website"> </SimpleData>
			</SchemaData>
		</ExtendedData>
		<Point>
			<coordinates>72.852949,19.037083,0</coordinates>
		</Point>
	</Placemark>
	<Placemark>
		<name>KAMARAJAR MEMORIAL ENG LP</name>
		<visibility>0</visibility>
		<styleUrl>#mumbai_unaided_schools_style</styleUrl>
		<ExtendedData>
			<SchemaData schemaUrl="#J_mumbai_unaided_schools_SIISSSSSSISSSSS">
				<SimpleData name="Address">Plot No.267/268, Kamaraj Chowk, 90 feet Rd, Dharavi, Mumbai -400017.</SimpleData>
				<SimpleData name="Cls_From">1</SimpleData>
				<SimpleData name="Cls_To">4</SimpleData>
				<SimpleData name="Email">kamarajarmemorialschool@rediffmail.com</SimpleData>
				<SimpleData name="GoogleMaps">https://www.google.com/maps/search/?api=1&amp;query=19.0412049995162,72.8553950002318</SimpleData>
				<SimpleData name="Landline_1">022-24090090</SimpleData>
				<SimpleData name="Lat">19.0412049995162</SimpleData>
				<SimpleData name="Long">72.8553950002318</SimpleData>
				<SimpleData name="Name">KAMARAJAR MEMORIAL ENG LP</SimpleData>
				<SimpleData name="OBJECTID_1">608</SimpleData>
				<SimpleData name="Owner_Dept">Education Dept</SimpleData>
				<SimpleData name="School_Typ">3-Co-educational</SimpleData>
				<SimpleData name="Twitter_Ha">@mybmcedu</SimpleData>
				<SimpleData name="Ward">G / N</SimpleData>
				<SimpleData name="Website">kamarajarschool.com</SimpleData>
			</SchemaData>
		</ExtendedData>
		<Point>
			<coordinates>72.855395,19.041205,0</coordinates>
		</Point>
	</Placemark>
	<Placemark>
		<name>ST. ANTHONYS ENG SCHOOL</name>
		<visibility>0</visibility>
		<styleUrl>#mumbai_unaided_schools_style</styleUrl>
		<ExtendedData>
			<SchemaData schemaUrl="#J_mumbai_unaided_schools_SIISSSSSSISSSSS">
				<SimpleData name="Address">Plot.No.890-c, Near Dharavi Post Office, Dharavi Main Road, Mumbai.</SimpleData>
				<SimpleData name="Cls_From">1</SimpleData>
				<SimpleData name="Cls_To">4</SimpleData>
				<SimpleData name="Email">stanthonyschooldharavi@gmail.com</SimpleData>
				<SimpleData name="GoogleMaps">https://www.google.com/maps/search/?api=1&amp;query=19.0452269999806,72.8534349998911</SimpleData>
				<SimpleData name="Landline_1">022-24044703</SimpleData>
				<SimpleData name="Lat">19.0452269999806</SimpleData>
				<SimpleData name="Long">72.8534349998911</SimpleData>
				<SimpleData name="Name">ST. ANTHONYS ENG SCHOOL</SimpleData>
				<SimpleData name="OBJECTID_1">609</SimpleData>
				<SimpleData name="Owner_Dept">Education Dept</SimpleData>
				<SimpleData name="School_Typ">3-Co-educational</SimpleData>
				<SimpleData name="Twitter_Ha">@mybmcedu</SimpleData>
				<SimpleData name="Ward">G / N</SimpleData>
				<SimpleData name="Website"> </SimpleData>
			</SchemaData>
		</ExtendedData>
		<Point>
			<coordinates>72.853435,19.045227,0</coordinates>
		</Point>
	</Placemark>
	<Placemark>
		<name>SHREE GANESH VIDYAMANDIR MAR L</name>
		<visibility>0</visibility>
		<styleUrl>#mumbai_unaided_schools_style</styleUrl>
		<ExtendedData>
			<SchemaData schemaUrl="#J_mumbai_unaided_schools_SIISSSSSSISSSSS">
				<SimpleData name="Address">Sant Kakkaya Marg Dharavi</SimpleData>
				<SimpleData name="Cls_From">1</SimpleData>
				<SimpleData name="Cls_To">4</SimpleData>
				<SimpleData name="Email">sgvmprimary@gmail.com</SimpleData>
				<SimpleData name="GoogleMaps">https://www.google.com/maps/search/?api=1&amp;query=19.0430280006868,72.8549130001108</SimpleData>
				<SimpleData name="Landline_1">022-0</SimpleData>
				<SimpleData name="Lat">19.0430280006868</SimpleData>
				<SimpleData name="Long">72.8549130001108</SimpleData>
				<SimpleData name="Name">SHREE GANESH VIDYAMANDIR MAR L</SimpleData>
				<SimpleData name="OBJECTID_1">610</SimpleData>
				<SimpleData name="Owner_Dept">Education Dept</SimpleData>
				<SimpleData name="School_Typ">3-Co-educational</SimpleData>
				<SimpleData name="Twitter_Ha">@mybmcedu</SimpleData>
				<SimpleData name="Ward">G / N</SimpleData>
				<SimpleData name="Website"> </SimpleData>
			</SchemaData>
		</ExtendedData>
		<Point>
			<coordinates>72.854913,19.043028,0</coordinates>
		</Point>
	</Placemark>
	<Placemark>
		<name>BHARATRATNA DR.BABASAHEB AMBEDKAR VIDYALAYA</name>
		<visibility>0</visibility>
		<styleUrl>#mumbai_unaided_schools_style</styleUrl>
		<ExtendedData>
			<SchemaData schemaUrl="#J_mumbai_unaided_schools_SIISSSSSSISSSSS">
				<SimpleData name="Address">Sant kakkaya marg  City A</SimpleData>
				<SimpleData name="Cls_From">1</SimpleData>
				<SimpleData name="Cls_To">4</SimpleData>
				<SimpleData name="Email">brdrbav@akdvsmumbai.org</SimpleData>
				<SimpleData name="GoogleMaps">https://www.google.com/maps/search/?api=1&amp;query=19.0423300003278,72.854126000214</SimpleData>
				<SimpleData name="Landline_1">022-24024686</SimpleData>
				<SimpleData name="Lat">19.0423300003278</SimpleData>
				<SimpleData name="Long">72.854126000214</SimpleData>
				<SimpleData name="Name">BHARATRATNA DR.BABASAHEB AMBEDKAR VIDYALAYA</SimpleData>
				<SimpleData name="OBJECTID_1">611</SimpleData>
				<SimpleData name="Owner_Dept">Education Dept</SimpleData>
				<SimpleData name="School_Typ">3-Co-educational</SimpleData>
				<SimpleData name="Twitter_Ha">@mybmcedu</SimpleData>
				<SimpleData name="Ward">G / N</SimpleData>
				<SimpleData name="Website">www.akdvsmumbai.org</SimpleData>
			</SchemaData>
		</ExtendedData>
		<Point>
			<coordinates>72.85412599999999,19.04233,0</coordinates>
		</Point>
	</Placemark>
	<Placemark>
		<name>RAJE SHIVAJI VIDHYALAYA URD</name>
		<visibility>0</visibility>
		<styleUrl>#mumbai_unaided_schools_style</styleUrl>
		<ExtendedData>
			<SchemaData schemaUrl="#J_mumbai_unaided_schools_SIISSSSSSISSSSS">
				<SimpleData name="Address">Bld no - 13 / 31, PMGP Colony, Near Dharavi Depo, Mumbai-17</SimpleData>
				<SimpleData name="Cls_From">1</SimpleData>
				<SimpleData name="Cls_To">4</SimpleData>
				<SimpleData name="Email">rajeshivajividyalaya1@gmail.com</SimpleData>
				<SimpleData name="GoogleMaps">https://www.google.com/maps/search/?api=1&amp;query=19.051035999574,72.8628599998058</SimpleData>
				<SimpleData name="Landline_1">022-24093906</SimpleData>
				<SimpleData name="Lat">19.051035999574</SimpleData>
				<SimpleData name="Long">72.8628599998058</SimpleData>
				<SimpleData name="Name">RAJE SHIVAJI VIDHYALAYA URD</SimpleData>
				<SimpleData name="OBJECTID_1">612</SimpleData>
				<SimpleData name="Owner_Dept">Education Dept</SimpleData>
				<SimpleData name="School_Typ">3-Co-educational</SimpleData>
				<SimpleData name="Twitter_Ha">@mybmcedu</SimpleData>
				<SimpleData name="Ward">G / N</SimpleData>
				<SimpleData name="Website">www.mpet.in</SimpleData>
			</SchemaData>
		</ExtendedData>
		<Point>
			<coordinates>72.86286,19.051036,0</coordinates>
		</Point>
	</Placemark>
	<Placemark>
		<name>HABEEB RAZA PRIMARY SCHOOL</name>
		<visibility>0</visibility>
		<styleUrl>#mumbai_unaided_schools_style</styleUrl>
		<ExtendedData>
			<SchemaData schemaUrl="#J_mumbai_unaided_schools_SIISSSSSSISSSSS">
				<SimpleData name="Address">plot no 337 IGC compound main road dharavi mumbai 400017</SimpleData>
				<SimpleData name="Cls_From">1</SimpleData>
				<SimpleData name="Cls_To">4</SimpleData>
				<SimpleData name="Email">hrengschool@gmail.com</SimpleData>
				<SimpleData name="GoogleMaps">https://www.google.com/maps/search/?api=1&amp;query=19.0444179995223,72.8508400003761</SimpleData>
				<SimpleData name="Landline_1">022-24071732</SimpleData>
				<SimpleData name="Lat">19.0444179995223</SimpleData>
				<SimpleData name="Long">72.8508400003761</SimpleData>
				<SimpleData name="Name">HABEEB RAZA PRIMARY SCHOOL</SimpleData>
				<SimpleData name="OBJECTID_1">613</SimpleData>
				<SimpleData name="Owner_Dept">Education Dept</SimpleData>
				<SimpleData name="School_Typ">3-Co-educational</SimpleData>
				<SimpleData name="Twitter_Ha">@mybmcedu</SimpleData>
				<SimpleData name="Ward">G / N</SimpleData>
				<SimpleData name="Website"> </SimpleData>
			</SchemaData>
		</ExtendedData>
		<Point>
			<coordinates>72.85084000000001,19.044418,0</coordinates>
		</Point>
	</Placemark>
	<Placemark>
		<name>RAJE SHIVAJI VIDYALAYA DHARAVI HINDI</name>
		<visibility>0</visibility>
		<styleUrl>#mumbai_unaided_schools_style</styleUrl>
		<ExtendedData>
			<SchemaData schemaUrl="#J_mumbai_unaided_schools_SIISSSSSSISSSSS">
				<SimpleData name="Address">PMGP COLONY DARAVI MUMBAI-17</SimpleData>
				<SimpleData name="Cls_From">1</SimpleData>
				<SimpleData name="Cls_To">4</SimpleData>
				<SimpleData name="Email">rajeshivajividyalaya.1.@gmail.com</SimpleData>
				<SimpleData name="GoogleMaps">https://www.google.com/maps/search/?api=1&amp;query=19.0512280001924,72.8626679998517</SimpleData>
				<SimpleData name="Landline_1">022-24093906</SimpleData>
				<SimpleData name="Lat">19.0512280001924</SimpleData>
				<SimpleData name="Long">72.8626679998517</SimpleData>
				<SimpleData name="Name">RAJE SHIVAJI VIDYALAYA DHARAVI HINDI</SimpleData>
				<SimpleData name="OBJECTID_1">614</SimpleData>
				<SimpleData name="Owner_Dept">Education Dept</SimpleData>
				<SimpleData name="School_Typ">3-Co-educational</SimpleData>
				<SimpleData name="Twitter_Ha">@mybmcedu</SimpleData>
				<SimpleData name="Ward">G / N</SimpleData>
				<SimpleData name="Website">www.mpet.in</SimpleData>
			</SchemaData>
		</ExtendedData>
		<Point>
			<coordinates>72.862668,19.051228,0</coordinates>
		</Point>
	</Placemark>
	<Placemark>
		<name>RAJE SHIVAJI VIDYALAYA DHARAVI MARATHI</name>
		<visibility>0</visibility>
		<styleUrl>#mumbai_unaided_schools_style</styleUrl>
		<ExtendedData>
			<SchemaData schemaUrl="#J_mumbai_unaided_schools_SIISSSSSSISSSSS">
				<SimpleData name="Address">bld no 13/31PMGp colony near Dharavi dept sion Mumbai 17</SimpleData>
				<SimpleData name="Cls_From">1</SimpleData>
				<SimpleData name="Cls_To">4</SimpleData>
				<SimpleData name="Email">rajeshivajividyalayal@gmail.com</SimpleData>
				<SimpleData name="GoogleMaps">https://www.google.com/maps/search/?api=1&amp;query=19.0510549999374,72.8627340000312</SimpleData>
				<SimpleData name="Landline_1">022-24093906</SimpleData>
				<SimpleData name="Lat">19.0510549999374</SimpleData>
				<SimpleData name="Long">72.8627340000312</SimpleData>
				<SimpleData name="Name">RAJE SHIVAJI VIDYALAYA DHARAVI MARATHI</SimpleData>
				<SimpleData name="OBJECTID_1">615</SimpleData>
				<SimpleData name="Owner_Dept">Education Dept</SimpleData>
				<SimpleData name="School_Typ">3-Co-educational</SimpleData>
				<SimpleData name="Twitter_Ha">@mybmcedu</SimpleData>
				<SimpleData name="Ward">G / N</SimpleData>
				<SimpleData name="Website">www.mpet.in</SimpleData>
			</SchemaData>
		</ExtendedData>
		<Point>
			<coordinates>72.862734,19.051055,0</coordinates>
		</Point>
	</Placemark>
	<Placemark>
		<name>MORNING STAR ENGLISH SCHOOL</name>
		<visibility>0</visibility>
		<styleUrl>#mumbai_unaided_schools_style</styleUrl>
		<ExtendedData>
			<SchemaData schemaUrl="#J_mumbai_unaided_schools_SIISSSSSSISSSSS">
				<SimpleData name="Address">5/144, Ashok Mill Compound, Kalakilla, Dharavi, Mumbai - 400017</SimpleData>
				<SimpleData name="Cls_From">1</SimpleData>
				<SimpleData name="Cls_To">4</SimpleData>
				<SimpleData name="Email">morningstar.es2012@gmail.com</SimpleData>
				<SimpleData name="GoogleMaps">https://www.google.com/maps/search/?api=1&amp;query=19.0478199998949,72.8608799999201</SimpleData>
				<SimpleData name="Landline_1">022-0</SimpleData>
				<SimpleData name="Lat">19.0478199998949</SimpleData>
				<SimpleData name="Long">72.8608799999201</SimpleData>
				<SimpleData name="Name">MORNING STAR ENGLISH SCHOOL</SimpleData>
				<SimpleData name="OBJECTID_1">616</SimpleData>
				<SimpleData name="Owner_Dept">Education Dept</SimpleData>
				<SimpleData name="School_Typ">3-Co-educational</SimpleData>
				<SimpleData name="Twitter_Ha">@mybmcedu</SimpleData>
				<SimpleData name="Ward">G / N</SimpleData>
				<SimpleData name="Website"> </SimpleData>
			</SchemaData>
		</ExtendedData>
		<Point>
			<coordinates>72.86087999999999,19.04782,0</coordinates>
		</Point>
	</Placemark>
	<Placemark>
		<name>PEOPLE&apos;S EDUCATION SOCIETY&apos;S MAHARASHTRA HIGH SCHOOL ENGLISH</name>
		<visibility>0</visibility>
		<styleUrl>#mumbai_unaided_schools_style</styleUrl>
		<ExtendedData>
			<SchemaData schemaUrl="#J_mumbai_unaided_schools_SIISSSSSSISSSSS">
				<SimpleData name="Address">N.M.Joshi Marg Lower Parel East Mumbai 400013</SimpleData>
				<SimpleData name="Cls_From">1</SimpleData>
				<SimpleData name="Cls_To">4</SimpleData>
				<SimpleData name="Email">mhprimaryengmedium@gmail.com</SimpleData>
				<SimpleData name="GoogleMaps">https://www.google.com/maps/search/?api=1&amp;query=18.9938060004866,72.8318320000597</SimpleData>
				<SimpleData name="Landline_1">022-23097094</SimpleData>
				<SimpleData name="Lat">18.9938060004866</SimpleData>
				<SimpleData name="Long">72.8318320000597</SimpleData>
				<SimpleData name="Name">PEOPLE&apos;S EDUCATION SOCIETY&apos;S MAHARASHTRA HIGH SCHOOL ENGLISH</SimpleData>
				<SimpleData name="OBJECTID_1">617</SimpleData>
				<SimpleData name="Owner_Dept">Education Dept</SimpleData>
				<SimpleData name="School_Typ">3-Co-educational</SimpleData>
				<SimpleData name="Twitter_Ha">@mybmcedu</SimpleData>
				<SimpleData name="Ward">G / N</SimpleData>
				<SimpleData name="Website"> </SimpleData>
			</SchemaData>
		</ExtendedData>
		<Point>
			<coordinates>72.83183200000001,18.993806,0</coordinates>
		</Point>
	</Placemark>
	<Placemark>
		<name>B S I A S ENGLISH SCHOOL</name>
		<visibility>0</visibility>
		<styleUrl>#mumbai_unaided_schools_style</styleUrl>
		<ExtendedData>
			<SchemaData schemaUrl="#J_mumbai_unaided_schools_SIISSSSSSISSSSS">
				<SimpleData name="Address">No.10, Agaswadi, Dharavi ,Mumbai-400017</SimpleData>
				<SimpleData name="Cls_From">1</SimpleData>
				<SimpleData name="Cls_To">4</SimpleData>
				<SimpleData name="Email">bsiasschool@gmail.com</SimpleData>
				<SimpleData name="GoogleMaps">https://www.google.com/maps/search/?api=1&amp;query=19.0430199995033,72.8518950006753</SimpleData>
				<SimpleData name="Landline_1">022-24022940</SimpleData>
				<SimpleData name="Lat">19.0430199995033</SimpleData>
				<SimpleData name="Long">72.8518950006753</SimpleData>
				<SimpleData name="Name">B S I A S ENGLISH SCHOOL</SimpleData>
				<SimpleData name="OBJECTID_1">618</SimpleData>
				<SimpleData name="Owner_Dept">Education Dept</SimpleData>
				<SimpleData name="School_Typ">3-Co-educational</SimpleData>
				<SimpleData name="Twitter_Ha">@mybmcedu</SimpleData>
				<SimpleData name="Ward">G / N</SimpleData>
				<SimpleData name="Website"> </SimpleData>
			</SchemaData>
		</ExtendedData>
		<Point>
			<coordinates>72.851895,19.04302,0</coordinates>
		</Point>
	</Placemark>
	<Placemark>
		<name>MAULANA AZAD PRIMARY</name>
		<visibility>0</visibility>
		<styleUrl>#mumbai_unaided_schools_style</styleUrl>
		<ExtendedData>
			<SchemaData schemaUrl="#J_mumbai_unaided_schools_SIISSSSSSISSSSS">
				<SimpleData name="Address">Transit Camp, Opp block no 5 Dharavi 400017</SimpleData>
				<SimpleData name="Cls_From">1</SimpleData>
				<SimpleData name="Cls_To">4</SimpleData>
				<SimpleData name="Email">makaetmumbai@yahoo.com</SimpleData>
				<SimpleData name="GoogleMaps">https://www.google.com/maps/search/?api=1&amp;query=19.0430390002306,72.8586910000928</SimpleData>
				<SimpleData name="Landline_1">022-0</SimpleData>
				<SimpleData name="Lat">19.0430390002306</SimpleData>
				<SimpleData name="Long">72.8586910000928</SimpleData>
				<SimpleData name="Name">MAULANA AZAD PRIMARY</SimpleData>
				<SimpleData name="OBJECTID_1">619</SimpleData>
				<SimpleData name="Owner_Dept">Education Dept</SimpleData>
				<SimpleData name="School_Typ">3-Co-educational</SimpleData>
				<SimpleData name="Twitter_Ha">@mybmcedu</SimpleData>
				<SimpleData name="Ward">G / N</SimpleData>
				<SimpleData name="Website">www.makaet.webs.com</SimpleData>
			</SchemaData>
		</ExtendedData>
		<Point>
			<coordinates>72.85869099999999,19.043039,0</coordinates>
		</Point>
	</Placemark>
	<Placemark>
		<name>NORTH INDIAN EDUCATION SOC</name>
		<visibility>0</visibility>
		<styleUrl>#mumbai_unaided_schools_style</styleUrl>
		<ExtendedData>
			<SchemaData schemaUrl="#J_mumbai_unaided_schools_SIISSSSSSISSSSS">
				<SimpleData name="Address">Dharavi Transit Camp Muncipal School Compound Dharavi Mumbai 17</SimpleData>
				<SimpleData name="Cls_From">1</SimpleData>
				<SimpleData name="Cls_To">7</SimpleData>
				<SimpleData name="Email">niesschool11@gmail.com</SimpleData>
				<SimpleData name="GoogleMaps">https://www.google.com/maps/search/?api=1&amp;query=19.0442309999165,72.8601760002258</SimpleData>
				<SimpleData name="Landline_1">022-24010271</SimpleData>
				<SimpleData name="Lat">19.0442309999165</SimpleData>
				<SimpleData name="Long">72.8601760002258</SimpleData>
				<SimpleData name="Name">NORTH INDIAN EDUCATION SOC</SimpleData>
				<SimpleData name="OBJECTID_1">620</SimpleData>
				<SimpleData name="Owner_Dept">Education Dept</SimpleData>
				<SimpleData name="School_Typ">3-Co-educational</SimpleData>
				<SimpleData name="Twitter_Ha">@mybmcedu</SimpleData>
				<SimpleData name="Ward">G / N</SimpleData>
				<SimpleData name="Website"> </SimpleData>
			</SchemaData>
		</ExtendedData>
		<Point>
			<coordinates>72.860176,19.044231,0</coordinates>
		</Point>
	</Placemark>
	<Placemark>
		<name>U M THEVER ENGLISH SCHOOL</name>
		<visibility>0</visibility>
		<styleUrl>#mumbai_unaided_schools_style</styleUrl>
		<ExtendedData>
			<SchemaData schemaUrl="#J_mumbai_unaided_schools_SIISSSSSSISSSSS">
				<SimpleData name="Address">Near Ganesh Temple,KalyanwadiDharavi</SimpleData>
				<SimpleData name="Cls_From">1</SimpleData>
				<SimpleData name="Cls_To">4</SimpleData>
				<SimpleData name="Email">svbvmt@gmail.com</SimpleData>
				<SimpleData name="GoogleMaps">https://www.google.com/maps/search/?api=1&amp;query=19.0450459993593,72.8505040001141</SimpleData>
				<SimpleData name="Landline_1">022-24032509</SimpleData>
				<SimpleData name="Lat">19.0450459993593</SimpleData>
				<SimpleData name="Long">72.8505040001141</SimpleData>
				<SimpleData name="Name">U M THEVER ENGLISH SCHOOL</SimpleData>
				<SimpleData name="OBJECTID_1">621</SimpleData>
				<SimpleData name="Owner_Dept">Education Dept</SimpleData>
				<SimpleData name="School_Typ">3-Co-educational</SimpleData>
				<SimpleData name="Twitter_Ha">@mybmcedu</SimpleData>
				<SimpleData name="Ward">G / N</SimpleData>
				<SimpleData name="Website">www.svbumt.in</SimpleData>
			</SchemaData>
		</ExtendedData>
		<Point>
			<coordinates>72.850504,19.045046,0</coordinates>
		</Point>
	</Placemark>
	<Placemark>
		<name>K.J.KHILNANI ENGLISH PRIMARY SCHOOL</name>
		<visibility>0</visibility>
		<styleUrl>#mumbai_unaided_schools_style</styleUrl>
		<ExtendedData>
			<SchemaData schemaUrl="#J_mumbai_unaided_schools_SIISSSSSSISSSSS">
				<SimpleData name="Address">K.J.KHILNANI HIGH SCHOOL AND JUNIOR COLLEGE, MORI ROAD, MAHIM - 400016</SimpleData>
				<SimpleData name="Cls_From">1</SimpleData>
				<SimpleData name="Cls_To">4</SimpleData>
				<SimpleData name="Email">kjk_highschool@yahoo.com</SimpleData>
				<SimpleData name="GoogleMaps">https://www.google.com/maps/search/?api=1&amp;query=19.0431290000753,72.8433419994294</SimpleData>
				<SimpleData name="Landline_1">022-24440082</SimpleData>
				<SimpleData name="Lat">19.0431290000753</SimpleData>
				<SimpleData name="Long">72.8433419994294</SimpleData>
				<SimpleData name="Name">K.J.KHILNANI ENGLISH PRIMARY SCHOOL</SimpleData>
				<SimpleData name="OBJECTID_1">622</SimpleData>
				<SimpleData name="Owner_Dept">Education Dept</SimpleData>
				<SimpleData name="School_Typ">3-Co-educational</SimpleData>
				<SimpleData name="Twitter_Ha">@mybmcedu</SimpleData>
				<SimpleData name="Ward">G / N</SimpleData>
				<SimpleData name="Website"> </SimpleData>
			</SchemaData>
		</ExtendedData>
		<Point>
			<coordinates>72.84334200000001,19.043129,0</coordinates>
		</Point>
	</Placemark>
	<Placemark>
		<name>ST. MICHAEL HIGH SCHOOL</name>
		<visibility>0</visibility>
		<styleUrl>#mumbai_unaided_schools_style</styleUrl>
		<ExtendedData>
			<SchemaData schemaUrl="#J_mumbai_unaided_schools_SIISSSSSSISSSSS">
				<SimpleData name="Address">L.J.ROAD, OPP. MAHIM POICE STATION, MAHIM-16</SimpleData>
				<SimpleData name="Cls_From">1</SimpleData>
				<SimpleData name="Cls_To">4</SimpleData>
				<SimpleData name="Email">stmichael160@yahoo.in</SimpleData>
				<SimpleData name="GoogleMaps">https://www.google.com/maps/search/?api=1&amp;query=19.0379099995527,72.8439329998639</SimpleData>
				<SimpleData name="Landline_1">022-24450980</SimpleData>
				<SimpleData name="Lat">19.0379099995527</SimpleData>
				<SimpleData name="Long">72.8439329998639</SimpleData>
				<SimpleData name="Name">ST. MICHAEL HIGH SCHOOL</SimpleData>
				<SimpleData name="OBJECTID_1">623</SimpleData>
				<SimpleData name="Owner_Dept">Education Dept</SimpleData>
				<SimpleData name="School_Typ">1-Boys</SimpleData>
				<SimpleData name="Twitter_Ha">@mybmcedu</SimpleData>
				<SimpleData name="Ward">G / N</SimpleData>
				<SimpleData name="Website"> </SimpleData>
			</SchemaData>
		</ExtendedData>
		<Point>
			<coordinates>72.84393300000001,19.03791,0</coordinates>
		</Point>
	</Placemark>
	<Placemark>
		<name>SRI SRI RAVISHANKAR VIDYA MANDIR</name>
		<visibility>0</visibility>
		<styleUrl>#mumbai_unaided_schools_style</styleUrl>
		<ExtendedData>
			<SchemaData schemaUrl="#J_mumbai_unaided_schools_SIISSSSSSISSSSS">
				<SimpleData name="Address">NDG Compound 266 Innawadi Behind Ganesh Mandir Kalyanwadi Dharavi Mumbai 400017</SimpleData>
				<SimpleData name="Cls_From">1</SimpleData>
				<SimpleData name="Cls_To">4</SimpleData>
				<SimpleData name="Email">mumbai.dharavi@ssrvm.org</SimpleData>
				<SimpleData name="GoogleMaps">https://www.google.com/maps/search/?api=1&amp;query=19.0455629999691,72.8502970002186</SimpleData>
				<SimpleData name="Landline_1">022-24084778</SimpleData>
				<SimpleData name="Lat">19.0455629999691</SimpleData>
				<SimpleData name="Long">72.8502970002186</SimpleData>
				<SimpleData name="Name">SRI SRI RAVISHANKAR VIDYA MANDIR</SimpleData>
				<SimpleData name="OBJECTID_1">624</SimpleData>
				<SimpleData name="Owner_Dept">Education Dept</SimpleData>
				<SimpleData name="School_Typ">3-Co-educational</SimpleData>
				<SimpleData name="Twitter_Ha">@mybmcedu</SimpleData>
				<SimpleData name="Ward">G / N</SimpleData>
				<SimpleData name="Website">www.dharavischool.org</SimpleData>
			</SchemaData>
		</ExtendedData>
		<Point>
			<coordinates>72.850297,19.045563,0</coordinates>
		</Point>
	</Placemark>
	<Placemark>
		<name>IQRA ISLAMIC SCHOOL &amp; MAKTAB</name>
		<visibility>0</visibility>
		<styleUrl>#mumbai_unaided_schools_style</styleUrl>
		<ExtendedData>
			<SchemaData schemaUrl="#J_mumbai_unaided_schools_SIISSSSSSISSSSS">
				<SimpleData name="Address">Above Amber Hotel 1st flr gopinath colony dharavi 400017</SimpleData>
				<SimpleData name="Cls_From">1</SimpleData>
				<SimpleData name="Cls_To">7</SimpleData>
				<SimpleData name="Email">iqramahim@gmail.com</SimpleData>
				<SimpleData name="GoogleMaps">https://www.google.com/maps/search/?api=1&amp;query=19.0452989999544,72.8573630001032</SimpleData>
				<SimpleData name="Landline_1">022-0</SimpleData>
				<SimpleData name="Lat">19.0452989999544</SimpleData>
				<SimpleData name="Long">72.8573630001032</SimpleData>
				<SimpleData name="Name">IQRA ISLAMIC SCHOOL &amp; MAKTAB</SimpleData>
				<SimpleData name="OBJECTID_1">625</SimpleData>
				<SimpleData name="Owner_Dept">Education Dept</SimpleData>
				<SimpleData name="School_Typ">3-Co-educational</SimpleData>
				<SimpleData name="Twitter_Ha">@mybmcedu</SimpleData>
				<SimpleData name="Ward">G / N</SimpleData>
				<SimpleData name="Website">www.iqrainternationalschool.com</SimpleData>
			</SchemaData>
		</ExtendedData>
		<Point>
			<coordinates>72.85736300000001,19.045299,0</coordinates>
		</Point>
	</Placemark>
	<Placemark>
		<name>AL-MARIF ENGLISH SCHOOL</name>
		<visibility>0</visibility>
		<styleUrl>#mumbai_unaided_schools_style</styleUrl>
		<ExtendedData>
			<SchemaData schemaUrl="#J_mumbai_unaided_schools_SIISSSSSSISSSSS">
				<SimpleData name="Address">BLDG NO.2, KUMBHARWADA, 90FT RD</SimpleData>
				<SimpleData name="Cls_From">1</SimpleData>
				<SimpleData name="Cls_To">7</SimpleData>
				<SimpleData name="Email">almarifschool@yahoo.com</SimpleData>
				<SimpleData name="GoogleMaps">https://www.google.com/maps/search/?api=1&amp;query=19.0388669995365,72.8512239998827</SimpleData>
				<SimpleData name="Landline_1">022-24022031</SimpleData>
				<SimpleData name="Lat">19.0388669995365</SimpleData>
				<SimpleData name="Long">72.8512239998827</SimpleData>
				<SimpleData name="Name">AL-MARIF ENGLISH SCHOOL</SimpleData>
				<SimpleData name="OBJECTID_1">626</SimpleData>
				<SimpleData name="Owner_Dept">Education Dept</SimpleData>
				<SimpleData name="School_Typ">3-Co-educational</SimpleData>
				<SimpleData name="Twitter_Ha">@mybmcedu</SimpleData>
				<SimpleData name="Ward">G / N</SimpleData>
				<SimpleData name="Website">www.almarifschool.com</SimpleData>
			</SchemaData>
		</ExtendedData>
		<Point>
			<coordinates>72.851224,19.038867,0</coordinates>
		</Point>
	</Placemark>
	<Placemark>
		<name>CANOSSA NIGHT SCHOOL PRIMARY SECTION</name>
		<visibility>0</visibility>
		<styleUrl>#mumbai_unaided_schools_style</styleUrl>
		<ExtendedData>
			<SchemaData schemaUrl="#J_mumbai_unaided_schools_SIISSSSSSISSSSS">
				<SimpleData name="Address">M M Chotani Road, Mahim</SimpleData>
				<SimpleData name="Cls_From">1</SimpleData>
				<SimpleData name="Cls_To">4</SimpleData>
				<SimpleData name="Email">canossanightschool@gmail.com</SimpleData>
				<SimpleData name="GoogleMaps">https://www.google.com/maps/search/?api=1&amp;query=19.0401060001744,72.8431299997545</SimpleData>
				<SimpleData name="Landline_1">022-24449324</SimpleData>
				<SimpleData name="Lat">19.0401060001744</SimpleData>
				<SimpleData name="Long">72.8431299997545</SimpleData>
				<SimpleData name="Name">CANOSSA NIGHT SCHOOL PRIMARY SECTION</SimpleData>
				<SimpleData name="OBJECTID_1">627</SimpleData>
				<SimpleData name="Owner_Dept">Education Dept</SimpleData>
				<SimpleData name="School_Typ">2-Girls</SimpleData>
				<SimpleData name="Twitter_Ha">@mybmcedu</SimpleData>
				<SimpleData name="Ward">G / N</SimpleData>
				<SimpleData name="Website"> </SimpleData>
			</SchemaData>
		</ExtendedData>
		<Point>
			<coordinates>72.84313,19.040106,0</coordinates>
		</Point>
	</Placemark>
	<Placemark>
		<name>GOOD SHEPHERD ENGLISH SCHOOL</name>
		<visibility>0</visibility>
		<styleUrl>#mumbai_unaided_schools_style</styleUrl>
		<ExtendedData>
			<SchemaData schemaUrl="#J_mumbai_unaided_schools_SIISSSSSSISSSSS">
				<SimpleData name="Address">Good Shepherd Church, behind Old Post Office, Dharavi, Mumbai 400017.</SimpleData>
				<SimpleData name="Cls_From">1</SimpleData>
				<SimpleData name="Cls_To">5</SimpleData>
				<SimpleData name="Email">goodshepherdschooldharavi@gmail.com</SimpleData>
				<SimpleData name="GoogleMaps">https://www.google.com/maps/search/?api=1&amp;query=19.044690000515,72.8535280005875</SimpleData>
				<SimpleData name="Landline_1">022-24042124</SimpleData>
				<SimpleData name="Lat">19.044690000515</SimpleData>
				<SimpleData name="Long">72.8535280005875</SimpleData>
				<SimpleData name="Name">GOOD SHEPHERD ENGLISH SCHOOL</SimpleData>
				<SimpleData name="OBJECTID_1">628</SimpleData>
				<SimpleData name="Owner_Dept">Education Dept</SimpleData>
				<SimpleData name="School_Typ">3-Co-educational</SimpleData>
				<SimpleData name="Twitter_Ha">@mybmcedu</SimpleData>
				<SimpleData name="Ward">G / N</SimpleData>
				<SimpleData name="Website"> </SimpleData>
			</SchemaData>
		</ExtendedData>
		<Point>
			<coordinates>72.853528,19.04469,0</coordinates>
		</Point>
	</Placemark>
	<Placemark>
		<name>ST XAVIER&apos;S BOYS ACADEMY</name>
		<visibility>0</visibility>
		<styleUrl>#mumbai_unaided_schools_style</styleUrl>
		<ExtendedData>
			<SchemaData schemaUrl="#J_mumbai_unaided_schools_SIISSSSSSISSSSS">
				<SimpleData name="Address">40 A New Marine Lines Mumbai 20</SimpleData>
				<SimpleData name="Cls_From">1</SimpleData>
				<SimpleData name="Cls_To">4</SimpleData>
				<SimpleData name="Email">sxbaprimary@gmail.com</SimpleData>
				<SimpleData name="GoogleMaps">https://www.google.com/maps/search/?api=1&amp;query=18.9357730000179,72.8281180003263</SimpleData>
				<SimpleData name="Landline_1">022-22014359</SimpleData>
				<SimpleData name="Lat">18.9357730000179</SimpleData>
				<SimpleData name="Long">72.8281180003263</SimpleData>
				<SimpleData name="Name">ST XAVIER&apos;S BOYS ACADEMY</SimpleData>
				<SimpleData name="OBJECTID_1">629</SimpleData>
				<SimpleData name="Owner_Dept">Education Dept</SimpleData>
				<SimpleData name="School_Typ">1-Boys</SimpleData>
				<SimpleData name="Twitter_Ha">@mybmcedu</SimpleData>
				<SimpleData name="Ward">A</SimpleData>
				<SimpleData name="Website">www.education.maharashtra.gov.in/saral/27221200105</SimpleData>
			</SchemaData>
		</ExtendedData>
		<Point>
			<coordinates>72.828118,18.935773,0</coordinates>
		</Point>
	</Placemark>
	<Placemark>
		<name>St. JOSEPHS  HIGH SCHOOL</name>
		<visibility>0</visibility>
		<styleUrl>#mumbai_unaided_schools_style</styleUrl>
		<ExtendedData>
			<SchemaData schemaUrl="#J_mumbai_unaided_schools_SIISSSSSSISSSSS">
				<SimpleData name="Address">R.C CHURCH, COLABA 5</SimpleData>
				<SimpleData name="Cls_From">1</SimpleData>
				<SimpleData name="Cls_To">4</SimpleData>
				<SimpleData name="Email">stjosephcolaba@gmail.com</SimpleData>
				<SimpleData name="GoogleMaps">https://www.google.com/maps/search/?api=1&amp;query=18.9000390001945,72.8129880002475</SimpleData>
				<SimpleData name="Landline_1">022-22150661</SimpleData>
				<SimpleData name="Lat">18.9000390001945</SimpleData>
				<SimpleData name="Long">72.8129880002475</SimpleData>
				<SimpleData name="Name">St. JOSEPHS  HIGH SCHOOL</SimpleData>
				<SimpleData name="OBJECTID_1">630</SimpleData>
				<SimpleData name="Owner_Dept">Education Dept</SimpleData>
				<SimpleData name="School_Typ">3-Co-educational</SimpleData>
				<SimpleData name="Twitter_Ha">@mybmcedu</SimpleData>
				<SimpleData name="Ward">A</SimpleData>
				<SimpleData name="Website">education.maharashtra.gov.in/saral/27221200110</SimpleData>
			</SchemaData>
		</ExtendedData>
		<Point>
			<coordinates>72.812988,18.900039,0</coordinates>
		</Point>
	</Placemark>
	<Placemark>
		<name>HOLY NAME HIGH SCHOOL</name>
		<visibility>0</visibility>
		<styleUrl>#mumbai_unaided_schools_style</styleUrl>
		<ExtendedData>
			<SchemaData schemaUrl="#J_mumbai_unaided_schools_SIISSSSSSISSSSS">
				<SimpleData name="Address">5, convent street, colaba , mumbai</SimpleData>
				<SimpleData name="Cls_From">1</SimpleData>
				<SimpleData name="Cls_To">4</SimpleData>
				<SimpleData name="Email">info@holynamehighschool.org</SimpleData>
				<SimpleData name="GoogleMaps">https://www.google.com/maps/search/?api=1&amp;query=18.9230930001941,72.8310010001566</SimpleData>
				<SimpleData name="Landline_1">022-22021365</SimpleData>
				<SimpleData name="Lat">18.9230930001941</SimpleData>
				<SimpleData name="Long">72.8310010001566</SimpleData>
				<SimpleData name="Name">HOLY NAME HIGH SCHOOL</SimpleData>
				<SimpleData name="OBJECTID_1">631</SimpleData>
				<SimpleData name="Owner_Dept">Education Dept</SimpleData>
				<SimpleData name="School_Typ">3-Co-educational</SimpleData>
				<SimpleData name="Twitter_Ha">@mybmcedu</SimpleData>
				<SimpleData name="Ward">A</SimpleData>
				<SimpleData name="Website">www.holynamehighschool.org</SimpleData>
			</SchemaData>
		</ExtendedData>
		<Point>
			<coordinates>72.831001,18.923093,0</coordinates>
		</Point>
	</Placemark>
	<Placemark>
		<name>CONVENT OF JESUES AND MARY</name>
		<visibility>0</visibility>
		<styleUrl>#mumbai_unaided_schools_style</styleUrl>
		<ExtendedData>
			<SchemaData schemaUrl="#J_mumbai_unaided_schools_SIISSSSSSISSSSS">
				<SimpleData name="Address">15 Nathalal Parekh Marg, Fort, Mumbai 400 001</SimpleData>
				<SimpleData name="Cls_From">1</SimpleData>
				<SimpleData name="Cls_To">4</SimpleData>
				<SimpleData name="Email">info@fortconvent.org</SimpleData>
				<SimpleData name="GoogleMaps">https://www.google.com/maps/search/?api=1&amp;query=18.9237130000007,72.8305949997942</SimpleData>
				<SimpleData name="Landline_1">022-22020474</SimpleData>
				<SimpleData name="Lat">18.9237130000007</SimpleData>
				<SimpleData name="Long">72.8305949997942</SimpleData>
				<SimpleData name="Name">CONVENT OF JESUES AND MARY</SimpleData>
				<SimpleData name="OBJECTID_1">632</SimpleData>
				<SimpleData name="Owner_Dept">Education Dept</SimpleData>
				<SimpleData name="School_Typ">2-Girls</SimpleData>
				<SimpleData name="Twitter_Ha">@mybmcedu</SimpleData>
				<SimpleData name="Ward">A</SimpleData>
				<SimpleData name="Website">www.fortconvent.org</SimpleData>
			</SchemaData>
		</ExtendedData>
		<Point>
			<coordinates>72.830595,18.923713,0</coordinates>
		</Point>
	</Placemark>
	<Placemark>
		<name>ST. ANNES HIGH SCHOOL</name>
		<visibility>0</visibility>
		<styleUrl>#mumbai_unaided_schools_style</styleUrl>
		<ExtendedData>
			<SchemaData schemaUrl="#J_mumbai_unaided_schools_SIISSSSSSISSSSS">
				<SimpleData name="Address">Madam Cama Road ,Fort.</SimpleData>
				<SimpleData name="Cls_From">1</SimpleData>
				<SimpleData name="Cls_To">4</SimpleData>
				<SimpleData name="Email">annesoff2@gmail.com</SimpleData>
				<SimpleData name="GoogleMaps">https://www.google.com/maps/search/?api=1&amp;query=18.9253359999884,72.8311070006145</SimpleData>
				<SimpleData name="Landline_1">022-22020733</SimpleData>
				<SimpleData name="Lat">18.9253359999884</SimpleData>
				<SimpleData name="Long">72.8311070006145</SimpleData>
				<SimpleData name="Name">ST. ANNES HIGH SCHOOL</SimpleData>
				<SimpleData name="OBJECTID_1">633</SimpleData>
				<SimpleData name="Owner_Dept">Education Dept</SimpleData>
				<SimpleData name="School_Typ">2-Girls</SimpleData>
				<SimpleData name="Twitter_Ha">@mybmcedu</SimpleData>
				<SimpleData name="Ward">A</SimpleData>
				<SimpleData name="Website">www.stannesfort.com</SimpleData>
			</SchemaData>
		</ExtendedData>
		<Point>
			<coordinates>72.831107,18.925336,0</coordinates>
		</Point>
	</Placemark>
	<Placemark>
		<name>ANJUMAN I ISLAMS ALLANA ENGLISH PRIMARY SCHOOL</name>
		<visibility>0</visibility>
		<styleUrl>#mumbai_unaided_schools_style</styleUrl>
		<ExtendedData>
			<SchemaData schemaUrl="#J_mumbai_unaided_schools_SIISSSSSSISSSSS">
				<SimpleData name="Address">92,D.N. Road, C.S.T. Mumbai- 400 001</SimpleData>
				<SimpleData name="Cls_From">1</SimpleData>
				<SimpleData name="Cls_To">4</SimpleData>
				<SimpleData name="Email">allanaprimarycst@gmail.com</SimpleData>
				<SimpleData name="GoogleMaps">https://www.google.com/maps/search/?api=1&amp;query=18.9425100000296,72.8343230007693</SimpleData>
				<SimpleData name="Landline_1">022-22625325</SimpleData>
				<SimpleData name="Lat">18.9425100000296</SimpleData>
				<SimpleData name="Long">72.8343230007693</SimpleData>
				<SimpleData name="Name">ANJUMAN I ISLAMS ALLANA ENGLISH PRIMARY SCHOOL</SimpleData>
				<SimpleData name="OBJECTID_1">634</SimpleData>
				<SimpleData name="Owner_Dept">Education Dept</SimpleData>
				<SimpleData name="School_Typ">3-Co-educational</SimpleData>
				<SimpleData name="Twitter_Ha">@mybmcedu</SimpleData>
				<SimpleData name="Ward">A</SimpleData>
				<SimpleData name="Website">http://anjumanallana.com</SimpleData>
			</SchemaData>
		</ExtendedData>
		<Point>
			<coordinates>72.834323,18.94251,0</coordinates>
		</Point>
	</Placemark>
	<Placemark>
		<name>BAI KABIBAI ENGLISH  SCHOOL AND JR COLLEGE</name>
		<visibility>0</visibility>
		<styleUrl>#mumbai_unaided_schools_style</styleUrl>
		<ExtendedData>
			<SchemaData schemaUrl="#J_mumbai_unaided_schools_SIISSSSSSISSSSS">
				<SimpleData name="Address">26,Bora Bazar Street, Fort, Mumbai-400001</SimpleData>
				<SimpleData name="Cls_From">0</SimpleData>
				<SimpleData name="Cls_To">4</SimpleData>
				<SimpleData name="Email">principal.baikabai@kabibai.org</SimpleData>
				<SimpleData name="GoogleMaps">https://www.google.com/maps/search/?api=1&amp;query=18.9378160000951,72.835015999492</SimpleData>
				<SimpleData name="Landline_1">022-22666803</SimpleData>
				<SimpleData name="Lat">18.9378160000951</SimpleData>
				<SimpleData name="Long">72.835015999492</SimpleData>
				<SimpleData name="Name">BAI KABIBAI ENGLISH  SCHOOL AND JR COLLEGE</SimpleData>
				<SimpleData name="OBJECTID_1">635</SimpleData>
				<SimpleData name="Owner_Dept">Education Dept</SimpleData>
				<SimpleData name="School_Typ">3-Co-educational</SimpleData>
				<SimpleData name="Twitter_Ha">@mybmcedu</SimpleData>
				<SimpleData name="Ward">A</SimpleData>
				<SimpleData name="Website">www.baikabibaischool.com</SimpleData>
			</SchemaData>
		</ExtendedData>
		<Point>
			<coordinates>72.835016,18.937816,0</coordinates>
		</Point>
	</Placemark>
	<Placemark>
		<name>ST XAVIERS HIGH SCHOOL</name>
		<visibility>0</visibility>
		<styleUrl>#mumbai_unaided_schools_style</styleUrl>
		<ExtendedData>
			<SchemaData schemaUrl="#J_mumbai_unaided_schools_SIISSSSSSISSSSS">
				<SimpleData name="Address">289, L. T. MARG, FORT, MUMBAI 400 001</SimpleData>
				<SimpleData name="Cls_From">1</SimpleData>
				<SimpleData name="Cls_To">4</SimpleData>
				<SimpleData name="Email">stxaviershighschoolprimary@gmail.com</SimpleData>
				<SimpleData name="GoogleMaps">https://www.google.com/maps/search/?api=1&amp;query=18.9441090002733,72.8304669996778</SimpleData>
				<SimpleData name="Landline_1">022-22621113</SimpleData>
				<SimpleData name="Lat">18.9441090002733</SimpleData>
				<SimpleData name="Long">72.8304669996778</SimpleData>
				<SimpleData name="Name">ST XAVIERS HIGH SCHOOL</SimpleData>
				<SimpleData name="OBJECTID_1">636</SimpleData>
				<SimpleData name="Owner_Dept">Education Dept</SimpleData>
				<SimpleData name="School_Typ">1-Boys</SimpleData>
				<SimpleData name="Twitter_Ha">@mybmcedu</SimpleData>
				<SimpleData name="Ward">A</SimpleData>
				<SimpleData name="Website">https://education.maharashtra.gov.in/saral/27221200138</SimpleData>
			</SchemaData>
		</ExtendedData>
		<Point>
			<coordinates>72.830467,18.944109,0</coordinates>
		</Point>
	</Placemark>
	<Placemark>
		<name>BHARDA NEW HIGH SCHOOL</name>
		<visibility>0</visibility>
		<styleUrl>#mumbai_unaided_schools_style</styleUrl>
		<ExtendedData>
			<SchemaData schemaUrl="#J_mumbai_unaided_schools_SIISSSSSSISSSSS">
				<SimpleData name="Address">Hazarimal Somani Marg, Fort Mumbai - 400001</SimpleData>
				<SimpleData name="Cls_From">1</SimpleData>
				<SimpleData name="Cls_To">4</SimpleData>
				<SimpleData name="Email">bharda1891@yahoo.com</SimpleData>
				<SimpleData name="GoogleMaps">https://www.google.com/maps/search/?api=1&amp;query=18.9790769998899,72.8315049997821</SimpleData>
				<SimpleData name="Landline_1">022-22072349</SimpleData>
				<SimpleData name="Lat">18.9790769998899</SimpleData>
				<SimpleData name="Long">72.8315049997821</SimpleData>
				<SimpleData name="Name">BHARDA NEW HIGH SCHOOL</SimpleData>
				<SimpleData name="OBJECTID_1">637</SimpleData>
				<SimpleData name="Owner_Dept">Education Dept</SimpleData>
				<SimpleData name="School_Typ">1-Boys</SimpleData>
				<SimpleData name="Twitter_Ha">@mybmcedu</SimpleData>
				<SimpleData name="Ward">A</SimpleData>
				<SimpleData name="Website">education.maharashtra.gov.in/saral/27221200140</SimpleData>
			</SchemaData>
		</ExtendedData>
		<Point>
			<coordinates>72.83150500000001,18.979077,0</coordinates>
		</Point>
	</Placemark>
	<Placemark>
		<name>THE ALEXANDRA GIRL&apos;S ENGLISH INSTITUTION</name>
		<visibility>0</visibility>
		<styleUrl>#mumbai_unaided_schools_style</styleUrl>
		<ExtendedData>
			<SchemaData schemaUrl="#J_mumbai_unaided_schools_SIISSSSSSISSSSS">
				<SimpleData name="Address">31, Hazarimal Somani Marg, Fort, Mumbai</SimpleData>
				<SimpleData name="Cls_From">1</SimpleData>
				<SimpleData name="Cls_To">4</SimpleData>
				<SimpleData name="Email">alexandragei@yahoo.in</SimpleData>
				<SimpleData name="GoogleMaps">https://www.google.com/maps/search/?api=1&amp;query=18.9353550003948,72.8312109997329</SimpleData>
				<SimpleData name="Landline_1">022-22072685</SimpleData>
				<SimpleData name="Lat">18.9353550003948</SimpleData>
				<SimpleData name="Long">72.8312109997329</SimpleData>
				<SimpleData name="Name">THE ALEXANDRA GIRL&apos;S ENGLISH INSTITUTION</SimpleData>
				<SimpleData name="OBJECTID_1">638</SimpleData>
				<SimpleData name="Owner_Dept">Education Dept</SimpleData>
				<SimpleData name="School_Typ">2-Girls</SimpleData>
				<SimpleData name="Twitter_Ha">@mybmcedu</SimpleData>
				<SimpleData name="Ward">A</SimpleData>
				<SimpleData name="Website">www.alexandragei.com</SimpleData>
			</SchemaData>
		</ExtendedData>
		<Point>
			<coordinates>72.831211,18.935355,0</coordinates>
		</Point>
	</Placemark>
	<Placemark>
		<name>SHRI SKI JAIN ENG HIGH SCH</name>
		<visibility>0</visibility>
		<styleUrl>#mumbai_unaided_schools_style</styleUrl>
		<ExtendedData>
			<SchemaData schemaUrl="#J_mumbai_unaided_schools_SIISSSSSSISSSSS">
				<SimpleData name="Address">SHRI S.K.I.JAIN HIGH SCHOOL MAHARSHI KARVE ROAD MARINE LINES</SimpleData>
				<SimpleData name="Cls_From">1</SimpleData>
				<SimpleData name="Cls_To">4</SimpleData>
				<SimpleData name="Email">skijain@hotmail.com</SimpleData>
				<SimpleData name="GoogleMaps">https://www.google.com/maps/search/?api=1&amp;query=18.9421500001389,72.8266159999174</SimpleData>
				<SimpleData name="Landline_1">022-22074175</SimpleData>
				<SimpleData name="Lat">18.9421500001389</SimpleData>
				<SimpleData name="Long">72.8266159999174</SimpleData>
				<SimpleData name="Name">SHRI SKI JAIN ENG HIGH SCH</SimpleData>
				<SimpleData name="OBJECTID_1">639</SimpleData>
				<SimpleData name="Owner_Dept">Education Dept</SimpleData>
				<SimpleData name="School_Typ">3-Co-educational</SimpleData>
				<SimpleData name="Twitter_Ha">@mybmcedu</SimpleData>
				<SimpleData name="Ward">A</SimpleData>
				<SimpleData name="Website">www.skijainhighschool.in</SimpleData>
			</SchemaData>
		</ExtendedData>
		<Point>
			<coordinates>72.826616,18.94215,0</coordinates>
		</Point>
	</Placemark>
	<Placemark>
		<name>BAI BHIKHAIJEE SHAPOORJEE BENGALLEE GIRLS  HIGH SCHOOL</name>
		<visibility>0</visibility>
		<styleUrl>#mumbai_unaided_schools_style</styleUrl>
		<ExtendedData>
			<SchemaData schemaUrl="#J_mumbai_unaided_schools_SIISSSSSSISSSSS">
				<SimpleData name="Address">42, SIR VITHALDAS THACKERSEY MARG, MUMBAI - 400020</SimpleData>
				<SimpleData name="Cls_From">1</SimpleData>
				<SimpleData name="Cls_To">4</SimpleData>
				<SimpleData name="Email">bengalleeschool@yahoo.co.in</SimpleData>
				<SimpleData name="GoogleMaps">https://www.google.com/maps/search/?api=1&amp;query=18.9353069992632,72.8281889996193</SimpleData>
				<SimpleData name="Landline_1">022-22031577</SimpleData>
				<SimpleData name="Lat">18.9353069992632</SimpleData>
				<SimpleData name="Long">72.8281889996193</SimpleData>
				<SimpleData name="Name">BAI BHIKHAIJEE SHAPOORJEE BENGALLEE GIRLS  HIGH SCHOOL</SimpleData>
				<SimpleData name="OBJECTID_1">640</SimpleData>
				<SimpleData name="Owner_Dept">Education Dept</SimpleData>
				<SimpleData name="School_Typ">2-Girls</SimpleData>
				<SimpleData name="Twitter_Ha">@mybmcedu</SimpleData>
				<SimpleData name="Ward">A</SimpleData>
				<SimpleData name="Website">www.bengalleeschool.org</SimpleData>
			</SchemaData>
		</ExtendedData>
		<Point>
			<coordinates>72.82818899999999,18.935307,0</coordinates>
		</Point>
	</Placemark>
	<Placemark>
		<name>YOUNG LADIES HIGH SCHOOL</name>
		<visibility>0</visibility>
		<styleUrl>#mumbai_unaided_schools_style</styleUrl>
		<ExtendedData>
			<SchemaData schemaUrl="#J_mumbai_unaided_schools_SIISSSSSSISSSSS">
				<SimpleData name="Address">33 Murzban Road, Fort, Mumbai - 400001</SimpleData>
				<SimpleData name="Cls_From">1</SimpleData>
				<SimpleData name="Cls_To">4</SimpleData>
				<SimpleData name="Email">younglhs@rediffmail.com</SimpleData>
				<SimpleData name="GoogleMaps">https://www.google.com/maps/search/?api=1&amp;query=18.9355120003465,72.832076000388</SimpleData>
				<SimpleData name="Landline_1">022-22072883</SimpleData>
				<SimpleData name="Lat">18.9355120003465</SimpleData>
				<SimpleData name="Long">72.832076000388</SimpleData>
				<SimpleData name="Name">YOUNG LADIES HIGH SCHOOL</SimpleData>
				<SimpleData name="OBJECTID_1">641</SimpleData>
				<SimpleData name="Owner_Dept">Education Dept</SimpleData>
				<SimpleData name="School_Typ">2-Girls</SimpleData>
				<SimpleData name="Twitter_Ha">@mybmcedu</SimpleData>
				<SimpleData name="Ward">A</SimpleData>
				<SimpleData name="Website">youngladiesschool.org</SimpleData>
			</SchemaData>
		</ExtendedData>
		<Point>
			<coordinates>72.832076,18.935512,0</coordinates>
		</Point>
	</Placemark>
	<Placemark>
		<name>THE BLOSSOMS ST ENG HIGHSCHOOL</name>
		<visibility>0</visibility>
		<styleUrl>#mumbai_unaided_schools_style</styleUrl>
		<ExtendedData>
			<SchemaData schemaUrl="#J_mumbai_unaided_schools_SIISSSSSSISSSSS">
				<SimpleData name="Address">2 - 2 A, NATHIBAI THACKERSEY ROAD, NEW MARINE LINES, MUMBAI - 400 020</SimpleData>
				<SimpleData name="Cls_From">1</SimpleData>
				<SimpleData name="Cls_To">4</SimpleData>
				<SimpleData name="Email">blossomshighschool@yahoo.co.in</SimpleData>
				<SimpleData name="GoogleMaps">https://www.google.com/maps/search/?api=1&amp;query=18.9384649998558,72.828622000011</SimpleData>
				<SimpleData name="Landline_1">022-22015672</SimpleData>
				<SimpleData name="Lat">18.9384649998558</SimpleData>
				<SimpleData name="Long">72.828622000011</SimpleData>
				<SimpleData name="Name">THE BLOSSOMS ST ENG HIGHSCHOOL</SimpleData>
				<SimpleData name="OBJECTID_1">642</SimpleData>
				<SimpleData name="Owner_Dept">Education Dept</SimpleData>
				<SimpleData name="School_Typ">3-Co-educational</SimpleData>
				<SimpleData name="Twitter_Ha">@mybmcedu</SimpleData>
				<SimpleData name="Ward">A</SimpleData>
				<SimpleData name="Website">www.blossomsnewmarinelines.in</SimpleData>
			</SchemaData>
		</ExtendedData>
		<Point>
			<coordinates>72.828622,18.938465,0</coordinates>
		</Point>
	</Placemark>
	<Placemark>
		<name>ST JOSEPH HIGH SCHOOL</name>
		<visibility>0</visibility>
		<styleUrl>#mumbai_unaided_schools_style</styleUrl>
		<ExtendedData>
			<SchemaData schemaUrl="#J_mumbai_unaided_schools_SIISSSSSSISSSSS">
				<SimpleData name="Address">JAIL ROAD EAST , UMERKHADI,MUMBAI</SimpleData>
				<SimpleData name="Cls_From">1</SimpleData>
				<SimpleData name="Cls_To">4</SimpleData>
				<SimpleData name="Email">st.josephumerkhadi@yahoo.co.in</SimpleData>
				<SimpleData name="GoogleMaps">https://www.google.com/maps/search/?api=1&amp;query=18.9610589997536,72.837886000058</SimpleData>
				<SimpleData name="Landline_1">022-23730177</SimpleData>
				<SimpleData name="Lat">18.9610589997536</SimpleData>
				<SimpleData name="Long">72.837886000058</SimpleData>
				<SimpleData name="Name">ST JOSEPH HIGH SCHOOL</SimpleData>
				<SimpleData name="OBJECTID_1">643</SimpleData>
				<SimpleData name="Owner_Dept">Education Dept</SimpleData>
				<SimpleData name="School_Typ">3-Co-educational</SimpleData>
				<SimpleData name="Twitter_Ha">@mybmcedu</SimpleData>
				<SimpleData name="Ward">B</SimpleData>
				<SimpleData name="Website">udiseplus.gov.in</SimpleData>
			</SchemaData>
		</ExtendedData>
		<Point>
			<coordinates>72.837886,18.961059,0</coordinates>
		</Point>
	</Placemark>
	<Placemark>
		<name>DIAMOND JUBILEE HIGH SCHOOL FOR GIRL</name>
		<visibility>0</visibility>
		<styleUrl>#mumbai_unaided_schools_style</styleUrl>
		<ExtendedData>
			<SchemaData schemaUrl="#J_mumbai_unaided_schools_SIISSSSSSISSSSS">
				<SimpleData name="Address">H.H.Agakhan Bldg, S.V.Road, Dongri, Mumbai 400009</SimpleData>
				<SimpleData name="Cls_From">1</SimpleData>
				<SimpleData name="Cls_To">4</SimpleData>
				<SimpleData name="Email">info.djgm@akesi.org</SimpleData>
				<SimpleData name="GoogleMaps">https://www.google.com/maps/search/?api=1&amp;query=18.958068999936,72.8334760000878</SimpleData>
				<SimpleData name="Landline_1">022-23778554</SimpleData>
				<SimpleData name="Lat">18.958068999936</SimpleData>
				<SimpleData name="Long">72.8334760000878</SimpleData>
				<SimpleData name="Name">DIAMOND JUBILEE HIGH SCHOOL FOR GIRL</SimpleData>
				<SimpleData name="OBJECTID_1">644</SimpleData>
				<SimpleData name="Owner_Dept">Education Dept</SimpleData>
				<SimpleData name="School_Typ">2-Girls</SimpleData>
				<SimpleData name="Twitter_Ha">@mybmcedu</SimpleData>
				<SimpleData name="Ward">B</SimpleData>
				<SimpleData name="Website">https://education.maharashtra.gov.in/saral/27221200217</SimpleData>
			</SchemaData>
		</ExtendedData>
		<Point>
			<coordinates>72.833476,18.958069,0</coordinates>
		</Point>
	</Placemark>
	<Placemark>
		<name>FOTOWWAT ACADEMY</name>
		<visibility>0</visibility>
		<styleUrl>#mumbai_unaided_schools_style</styleUrl>
		<ExtendedData>
			<SchemaData schemaUrl="#J_mumbai_unaided_schools_SIISSSSSSISSSSS">
				<SimpleData name="Address">22nd Mirza Ali street, Imamwada road, Mumbai-400 009</SimpleData>
				<SimpleData name="Cls_From">1</SimpleData>
				<SimpleData name="Cls_To">4</SimpleData>
				<SimpleData name="Email">fotowwat_academy@rediffmail.com</SimpleData>
				<SimpleData name="GoogleMaps">https://www.google.com/maps/search/?api=1&amp;query=18.9604059995744,72.8342969995588</SimpleData>
				<SimpleData name="Landline_1">022-23735202</SimpleData>
				<SimpleData name="Lat">18.9604059995744</SimpleData>
				<SimpleData name="Long">72.8342969995588</SimpleData>
				<SimpleData name="Name">FOTOWWAT ACADEMY</SimpleData>
				<SimpleData name="OBJECTID_1">645</SimpleData>
				<SimpleData name="Owner_Dept">Education Dept</SimpleData>
				<SimpleData name="School_Typ">3-Co-educational</SimpleData>
				<SimpleData name="Twitter_Ha">@mybmcedu</SimpleData>
				<SimpleData name="Ward">B</SimpleData>
				<SimpleData name="Website"> </SimpleData>
			</SchemaData>
		</ExtendedData>
		<Point>
			<coordinates>72.83429700000001,18.960406,0</coordinates>
		</Point>
	</Placemark>
	<Placemark>
		<name>SAIFI HIGH SCHOOL</name>
		<visibility>0</visibility>
		<styleUrl>#mumbai_unaided_schools_style</styleUrl>
		<ExtendedData>
			<SchemaData schemaUrl="#J_mumbai_unaided_schools_SIISSSSSSISSSSS">
				<SimpleData name="Address">30-30T  Mohammedali Road, Mumbai 400 003</SimpleData>
				<SimpleData name="Cls_From">1</SimpleData>
				<SimpleData name="Cls_To">4</SimpleData>
				<SimpleData name="Email">shs786@rediffmail.com</SimpleData>
				<SimpleData name="GoogleMaps">https://www.google.com/maps/search/?api=1&amp;query=18.9551839998794,72.8326509993229</SimpleData>
				<SimpleData name="Landline_1">022-23444858</SimpleData>
				<SimpleData name="Lat">18.9551839998794</SimpleData>
				<SimpleData name="Long">72.8326509993229</SimpleData>
				<SimpleData name="Name">SAIFI HIGH SCHOOL</SimpleData>
				<SimpleData name="OBJECTID_1">646</SimpleData>
				<SimpleData name="Owner_Dept">Education Dept</SimpleData>
				<SimpleData name="School_Typ">3-Co-educational</SimpleData>
				<SimpleData name="Twitter_Ha">@mybmcedu</SimpleData>
				<SimpleData name="Ward">B</SimpleData>
				<SimpleData name="Website">www.saifihighschool.in</SimpleData>
			</SchemaData>
		</ExtendedData>
		<Point>
			<coordinates>72.832651,18.955184,0</coordinates>
		</Point>
	</Placemark>
	<Placemark>
		<name>YOUNG ACHIEVERS ACADEMY</name>
		<visibility>0</visibility>
		<styleUrl>#mumbai_unaided_schools_style</styleUrl>
		<ExtendedData>
			<SchemaData schemaUrl="#J_mumbai_unaided_schools_SIISSSSSSISSSSS">
				<SimpleData name="Address">204 Aga Khan Building, SVP Road, Dongri, Mumbai - 400009</SimpleData>
				<SimpleData name="Cls_From">1</SimpleData>
				<SimpleData name="Cls_To">8</SimpleData>
				<SimpleData name="Email">yaaschool@gmail.com</SimpleData>
				<SimpleData name="GoogleMaps">https://www.google.com/maps/search/?api=1&amp;query=18.9549040008023,72.8352309997634</SimpleData>
				<SimpleData name="Landline_1">022-0</SimpleData>
				<SimpleData name="Lat">18.9549040008023</SimpleData>
				<SimpleData name="Long">72.8352309997634</SimpleData>
				<SimpleData name="Name">YOUNG ACHIEVERS ACADEMY</SimpleData>
				<SimpleData name="OBJECTID_1">647</SimpleData>
				<SimpleData name="Owner_Dept">Education Dept</SimpleData>
				<SimpleData name="School_Typ">3-Co-educational</SimpleData>
				<SimpleData name="Twitter_Ha">@mybmcedu</SimpleData>
				<SimpleData name="Ward">B</SimpleData>
				<SimpleData name="Website">www.youngachieversacademy.com</SimpleData>
			</SchemaData>
		</ExtendedData>
		<Point>
			<coordinates>72.83523099999999,18.954904,0</coordinates>
		</Point>
	</Placemark>
	<Placemark>
		<name>TAIYEBIYAH  HIGH SCHOOL</name>
		<visibility>0</visibility>
		<styleUrl>#mumbai_unaided_schools_style</styleUrl>
		<ExtendedData>
			<SchemaData schemaUrl="#J_mumbai_unaided_schools_SIISSSSSSISSSSS">
				<SimpleData name="Address">1st Floor Husainin Masjid Bldg Bhendi Bazar</SimpleData>
				<SimpleData name="Cls_From">1</SimpleData>
				<SimpleData name="Cls_To">4</SimpleData>
				<SimpleData name="Email">taiyebiyahhighschool@gmail.com</SimpleData>
				<SimpleData name="GoogleMaps">https://www.google.com/maps/search/?api=1&amp;query=18.9601599998816,72.8318050005394</SimpleData>
				<SimpleData name="Landline_1">022-23472129</SimpleData>
				<SimpleData name="Lat">18.9601599998816</SimpleData>
				<SimpleData name="Long">72.8318050005394</SimpleData>
				<SimpleData name="Name">TAIYEBIYAH  HIGH SCHOOL</SimpleData>
				<SimpleData name="OBJECTID_1">648</SimpleData>
				<SimpleData name="Owner_Dept">Education Dept</SimpleData>
				<SimpleData name="School_Typ">3-Co-educational</SimpleData>
				<SimpleData name="Twitter_Ha">@mybmcedu</SimpleData>
				<SimpleData name="Ward">B</SimpleData>
				<SimpleData name="Website"> </SimpleData>
			</SchemaData>
		</ExtendedData>
		<Point>
			<coordinates>72.831805,18.96016,0</coordinates>
		</Point>
	</Placemark>
	<Placemark>
		<name>LIBERTY ENGLISH MEDIUM SCHOOL</name>
		<visibility>0</visibility>
		<styleUrl>#mumbai_unaided_schools_style</styleUrl>
		<ExtendedData>
			<SchemaData schemaUrl="#J_mumbai_unaided_schools_SIISSSSSSISSSSS">
				<SimpleData name="Address">Pannalal Terrace, GrantRoad</SimpleData>
				<SimpleData name="Cls_From">1</SimpleData>
				<SimpleData name="Cls_To">5</SimpleData>
				<SimpleData name="Email">libertyems07@gmail.com</SimpleData>
				<SimpleData name="GoogleMaps">https://www.google.com/maps/search/?api=1&amp;query=18.9619289995188,72.8179030003138</SimpleData>
				<SimpleData name="Landline_1">022-23075925</SimpleData>
				<SimpleData name="Lat">18.9619289995188</SimpleData>
				<SimpleData name="Long">72.8179030003138</SimpleData>
				<SimpleData name="Name">LIBERTY ENGLISH MEDIUM SCHOOL</SimpleData>
				<SimpleData name="OBJECTID_1">649</SimpleData>
				<SimpleData name="Owner_Dept">Education Dept</SimpleData>
				<SimpleData name="School_Typ">3-Co-educational</SimpleData>
				<SimpleData name="Twitter_Ha">@mybmcedu</SimpleData>
				<SimpleData name="Ward">B</SimpleData>
				<SimpleData name="Website"> </SimpleData>
			</SchemaData>
		</ExtendedData>
		<Point>
			<coordinates>72.817903,18.961929,0</coordinates>
		</Point>
	</Placemark>
	<Placemark>
		<name>DAR-UL-MADINAH SCHOOL</name>
		<visibility>0</visibility>
		<styleUrl>#mumbai_unaided_schools_style</styleUrl>
		<ExtendedData>
			<SchemaData schemaUrl="#J_mumbai_unaided_schools_SIISSSSSSISSSSS">
				<SimpleData name="Address">50, Tantanpura Street, Khadak, Dongri, Masjid West, Mumbai - 400009</SimpleData>
				<SimpleData name="Cls_From">0</SimpleData>
				<SimpleData name="Cls_To">10</SimpleData>
				<SimpleData name="Email">admissions@darulmadinah.edu.in</SimpleData>
				<SimpleData name="GoogleMaps">https://www.google.com/maps/search/?api=1&amp;query=18.9553890007528,72.8363660001484</SimpleData>
				<SimpleData name="Landline_1">022-23431126</SimpleData>
				<SimpleData name="Lat">18.9553890007528</SimpleData>
				<SimpleData name="Long">72.8363660001484</SimpleData>
				<SimpleData name="Name">DAR-UL-MADINAH SCHOOL</SimpleData>
				<SimpleData name="OBJECTID_1">650</SimpleData>
				<SimpleData name="Owner_Dept">Education Dept</SimpleData>
				<SimpleData name="School_Typ">3-Co-educational</SimpleData>
				<SimpleData name="Twitter_Ha">@mybmcedu</SimpleData>
				<SimpleData name="Ward">B</SimpleData>
				<SimpleData name="Website">www.darulmadianh.edu.in</SimpleData>
			</SchemaData>
		</ExtendedData>
		<Point>
			<coordinates>72.836366,18.955389,0</coordinates>
		</Point>
	</Placemark>
	<Placemark>
		<name>MUHAMMADIYAH ENGLISH SCHOOL</name>
		<visibility>0</visibility>
		<styleUrl>#mumbai_unaided_schools_style</styleUrl>
		<ExtendedData>
			<SchemaData schemaUrl="#J_mumbai_unaided_schools_SIISSSSSSISSSSS">
				<SimpleData name="Address">27, MASJID STREET, MUMBAI. 400002.</SimpleData>
				<SimpleData name="Cls_From">1</SimpleData>
				<SimpleData name="Cls_To">8</SimpleData>
				<SimpleData name="Email">meps_jmbt@yahoo.com</SimpleData>
				<SimpleData name="GoogleMaps">https://www.google.com/maps/search/?api=1&amp;query=18.9568669998637,72.8312550003553</SimpleData>
				<SimpleData name="Landline_1">022-23461214</SimpleData>
				<SimpleData name="Lat">18.9568669998637</SimpleData>
				<SimpleData name="Long">72.8312550003553</SimpleData>
				<SimpleData name="Name">MUHAMMADIYAH ENGLISH SCHOOL</SimpleData>
				<SimpleData name="OBJECTID_1">651</SimpleData>
				<SimpleData name="Owner_Dept">Education Dept</SimpleData>
				<SimpleData name="School_Typ">3-Co-educational</SimpleData>
				<SimpleData name="Twitter_Ha">@mybmcedu</SimpleData>
				<SimpleData name="Ward">C</SimpleData>
				<SimpleData name="Website">education.maharashtra.gov.in/saral/27221200301</SimpleData>
			</SchemaData>
		</ExtendedData>
		<Point>
			<coordinates>72.831255,18.956867,0</coordinates>
		</Point>
	</Placemark>
	<Placemark>
		<name>BAI M N GAMADIA GIRLS HIGH SCHOOL</name>
		<visibility>0</visibility>
		<styleUrl>#mumbai_unaided_schools_style</styleUrl>
		<ExtendedData>
			<SchemaData schemaUrl="#J_mumbai_unaided_schools_SIISSSSSSISSSSS">
				<SimpleData name="Address">268, Shamaldas Gandhi Marg, Princess Street, Marine Lines, Mumbai 400002</SimpleData>
				<SimpleData name="Cls_From">1</SimpleData>
				<SimpleData name="Cls_To">4</SimpleData>
				<SimpleData name="Email">gamadiaschool@gmail.com</SimpleData>
				<SimpleData name="GoogleMaps">https://www.google.com/maps/search/?api=1&amp;query=18.9451210002034,72.8266649997664</SimpleData>
				<SimpleData name="Landline_1">022-22010809</SimpleData>
				<SimpleData name="Lat">18.9451210002034</SimpleData>
				<SimpleData name="Long">72.8266649997664</SimpleData>
				<SimpleData name="Name">BAI M N GAMADIA GIRLS HIGH SCHOOL</SimpleData>
				<SimpleData name="OBJECTID_1">652</SimpleData>
				<SimpleData name="Owner_Dept">Education Dept</SimpleData>
				<SimpleData name="School_Typ">2-Girls</SimpleData>
				<SimpleData name="Twitter_Ha">@mybmcedu</SimpleData>
				<SimpleData name="Ward">C</SimpleData>
				<SimpleData name="Website">www.gamadiaschool.org</SimpleData>
			</SchemaData>
		</ExtendedData>
		<Point>
			<coordinates>72.82666500000001,18.945121,0</coordinates>
		</Point>
	</Placemark>
	<Placemark>
		<name>LITTLE FLOWER OF JESUS</name>
		<visibility>0</visibility>
		<styleUrl>#mumbai_unaided_schools_style</styleUrl>
		<ExtendedData>
			<SchemaData schemaUrl="#J_mumbai_unaided_schools_SIISSSSSSISSSSS">
				<SimpleData name="Address">75 Chandanwadi, Marine Lines, Mumbai - 400 002</SimpleData>
				<SimpleData name="Cls_From">1</SimpleData>
				<SimpleData name="Cls_To">4</SimpleData>
				<SimpleData name="Email">littleflower1924@gmail.com</SimpleData>
				<SimpleData name="GoogleMaps">https://www.google.com/maps/search/?api=1&amp;query=18.9467369998719,72.8264529998229</SimpleData>
				<SimpleData name="Landline_1">022-22016785</SimpleData>
				<SimpleData name="Lat">18.9467369998719</SimpleData>
				<SimpleData name="Long">72.8264529998229</SimpleData>
				<SimpleData name="Name">LITTLE FLOWER OF JESUS</SimpleData>
				<SimpleData name="OBJECTID_1">653</SimpleData>
				<SimpleData name="Owner_Dept">Education Dept</SimpleData>
				<SimpleData name="School_Typ">3-Co-educational</SimpleData>
				<SimpleData name="Twitter_Ha">@mybmcedu</SimpleData>
				<SimpleData name="Ward">C</SimpleData>
				<SimpleData name="Website"> </SimpleData>
			</SchemaData>
		</ExtendedData>
		<Point>
			<coordinates>72.826453,18.946737,0</coordinates>
		</Point>
	</Placemark>
	<Placemark>
		<name>OUR LADY A DOLOURS</name>
		<visibility>0</visibility>
		<styleUrl>#mumbai_unaided_schools_style</styleUrl>
		<ExtendedData>
			<SchemaData schemaUrl="#J_mumbai_unaided_schools_SIISSSSSSISSSSS">
				<SimpleData name="Address">Mahashri Karve Marine Lines Mumbai</SimpleData>
				<SimpleData name="Cls_From">1</SimpleData>
				<SimpleData name="Cls_To">4</SimpleData>
				<SimpleData name="Email">ourladyof7dolours@yahoo.com</SimpleData>
				<SimpleData name="GoogleMaps">https://www.google.com/maps/search/?api=1&amp;query=18.9438549998686,72.8256169998833</SimpleData>
				<SimpleData name="Landline_1">022-22004155</SimpleData>
				<SimpleData name="Lat">18.9438549998686</SimpleData>
				<SimpleData name="Long">72.8256169998833</SimpleData>
				<SimpleData name="Name">OUR LADY A DOLOURS</SimpleData>
				<SimpleData name="OBJECTID_1">654</SimpleData>
				<SimpleData name="Owner_Dept">Education Dept</SimpleData>
				<SimpleData name="School_Typ">3-Co-educational</SimpleData>
				<SimpleData name="Twitter_Ha">@mybmcedu</SimpleData>
				<SimpleData name="Ward">C</SimpleData>
				<SimpleData name="Website"> </SimpleData>
			</SchemaData>
		</ExtendedData>
		<Point>
			<coordinates>72.82561699999999,18.943855,0</coordinates>
		</Point>
	</Placemark>
	<Placemark>
		<name>BARRETTO HIGH SCHOOL</name>
		<visibility>0</visibility>
		<styleUrl>#mumbai_unaided_schools_style</styleUrl>
		<ExtendedData>
			<SchemaData schemaUrl="#J_mumbai_unaided_schools_SIISSSSSSISSSSS">
				<SimpleData name="Address">Dr.Viegas Street, Cavel. Mumbai</SimpleData>
				<SimpleData name="Cls_From">1</SimpleData>
				<SimpleData name="Cls_To">4</SimpleData>
				<SimpleData name="Email">bhsprimary@gmail.com</SimpleData>
				<SimpleData name="GoogleMaps">https://www.google.com/maps/search/?api=1&amp;query=18.9486000005307,72.826544999469</SimpleData>
				<SimpleData name="Landline_1">022-22059047</SimpleData>
				<SimpleData name="Lat">18.9486000005307</SimpleData>
				<SimpleData name="Long">72.826544999469</SimpleData>
				<SimpleData name="Name">BARRETTO HIGH SCHOOL</SimpleData>
				<SimpleData name="OBJECTID_1">655</SimpleData>
				<SimpleData name="Owner_Dept">Education Dept</SimpleData>
				<SimpleData name="School_Typ">3-Co-educational</SimpleData>
				<SimpleData name="Twitter_Ha">@mybmcedu</SimpleData>
				<SimpleData name="Ward">C</SimpleData>
				<SimpleData name="Website"> </SimpleData>
			</SchemaData>
		</ExtendedData>
		<Point>
			<coordinates>72.826545,18.9486,0</coordinates>
		</Point>
	</Placemark>
	<Placemark>
		<name>MARWARI COMMERCIAL HIGH SCHOOL</name>
		<visibility>0</visibility>
		<styleUrl>#mumbai_unaided_schools_style</styleUrl>
		<ExtendedData>
			<SchemaData schemaUrl="#J_mumbai_unaided_schools_SIISSSSSSISSSSS">
				<SimpleData name="Address">J.S.S. Road, Gazdar street, Chira bazaar</SimpleData>
				<SimpleData name="Cls_From">1</SimpleData>
				<SimpleData name="Cls_To">4</SimpleData>
				<SimpleData name="Email">marwaricommercial@gmail.com</SimpleData>
				<SimpleData name="GoogleMaps">https://www.google.com/maps/search/?api=1&amp;query=18.9487409999866,72.8241169999224</SimpleData>
				<SimpleData name="Landline_1">022-22014150</SimpleData>
				<SimpleData name="Lat">18.9487409999866</SimpleData>
				<SimpleData name="Long">72.8241169999224</SimpleData>
				<SimpleData name="Name">MARWARI COMMERCIAL HIGH SCHOOL</SimpleData>
				<SimpleData name="OBJECTID_1">656</SimpleData>
				<SimpleData name="Owner_Dept">Education Dept</SimpleData>
				<SimpleData name="School_Typ">3-Co-educational</SimpleData>
				<SimpleData name="Twitter_Ha">@mybmcedu</SimpleData>
				<SimpleData name="Ward">C</SimpleData>
				<SimpleData name="Website">https://educationmaharashtragov.in/saral27221200313</SimpleData>
			</SchemaData>
		</ExtendedData>
		<Point>
			<coordinates>72.824117,18.948741,0</coordinates>
		</Point>
	</Placemark>
	<Placemark>
		<name>ST ANNE GIRLS HIGH SCHOOL</name>
		<visibility>0</visibility>
		<styleUrl>#mumbai_unaided_schools_style</styleUrl>
		<ExtendedData>
			<SchemaData schemaUrl="#J_mumbai_unaided_schools_SIISSSSSSISSSSS">
				<SimpleData name="Address">Dabgul, Thakurdwar, Mumbai 02</SimpleData>
				<SimpleData name="Cls_From">1</SimpleData>
				<SimpleData name="Cls_To">4</SimpleData>
				<SimpleData name="Email">staghschool@gmail.com</SimpleData>
				<SimpleData name="GoogleMaps">https://www.google.com/maps/search/?api=1&amp;query=18.9492720000263,72.8239810000066</SimpleData>
				<SimpleData name="Landline_1">022-22050504</SimpleData>
				<SimpleData name="Lat">18.9492720000263</SimpleData>
				<SimpleData name="Long">72.8239810000066</SimpleData>
				<SimpleData name="Name">ST ANNE GIRLS HIGH SCHOOL</SimpleData>
				<SimpleData name="OBJECTID_1">657</SimpleData>
				<SimpleData name="Owner_Dept">Education Dept</SimpleData>
				<SimpleData name="School_Typ">2-Girls</SimpleData>
				<SimpleData name="Twitter_Ha">@mybmcedu</SimpleData>
				<SimpleData name="Ward">C</SimpleData>
				<SimpleData name="Website">www.stannesdabul.org</SimpleData>
			</SchemaData>
		</ExtendedData>
		<Point>
			<coordinates>72.823981,18.949272,0</coordinates>
		</Point>
	</Placemark>
	<Placemark>
		<name>ST SEBASTIAN GOAN HIGH SCHOOL</name>
		<visibility>0</visibility>
		<styleUrl>#mumbai_unaided_schools_style</styleUrl>
		<ExtendedData>
			<SchemaData schemaUrl="#J_mumbai_unaided_schools_SIISSSSSSISSSSS">
				<SimpleData name="Address">St. Francis Xavier Street, Dabul.</SimpleData>
				<SimpleData name="Cls_From">1</SimpleData>
				<SimpleData name="Cls_To">4</SimpleData>
				<SimpleData name="Email">stsebgoan@gmail.com</SimpleData>
				<SimpleData name="GoogleMaps">https://www.google.com/maps/search/?api=1&amp;query=18.9487670000198,72.8230279998619</SimpleData>
				<SimpleData name="Landline_1">022-22086278</SimpleData>
				<SimpleData name="Lat">18.9487670000198</SimpleData>
				<SimpleData name="Long">72.8230279998619</SimpleData>
				<SimpleData name="Name">ST SEBASTIAN GOAN HIGH SCHOOL</SimpleData>
				<SimpleData name="OBJECTID_1">658</SimpleData>
				<SimpleData name="Owner_Dept">Education Dept</SimpleData>
				<SimpleData name="School_Typ">3-Co-educational</SimpleData>
				<SimpleData name="Twitter_Ha">@mybmcedu</SimpleData>
				<SimpleData name="Ward">C</SimpleData>
				<SimpleData name="Website">stsebastiangoanhighschool.in</SimpleData>
			</SchemaData>
		</ExtendedData>
		<Point>
			<coordinates>72.82302799999999,18.948767,0</coordinates>
		</Point>
	</Placemark>
	<Placemark>
		<name>THE MODERN SCHOOL</name>
		<visibility>0</visibility>
		<styleUrl>#mumbai_unaided_schools_style</styleUrl>
		<ExtendedData>
			<SchemaData schemaUrl="#J_mumbai_unaided_schools_SIISSSSSSISSSSS">
				<SimpleData name="Address">SICKA NAGAR, V.P.ROAD</SimpleData>
				<SimpleData name="Cls_From">1</SimpleData>
				<SimpleData name="Cls_To">4</SimpleData>
				<SimpleData name="Email">themodernschool@hotmail.com</SimpleData>
				<SimpleData name="GoogleMaps">https://www.google.com/maps/search/?api=1&amp;query=18.956606999565,72.8232080006767</SimpleData>
				<SimpleData name="Landline_1">022-23822271</SimpleData>
				<SimpleData name="Lat">18.956606999565</SimpleData>
				<SimpleData name="Long">72.8232080006767</SimpleData>
				<SimpleData name="Name">THE MODERN SCHOOL</SimpleData>
				<SimpleData name="OBJECTID_1">659</SimpleData>
				<SimpleData name="Owner_Dept">Education Dept</SimpleData>
				<SimpleData name="School_Typ">3-Co-educational</SimpleData>
				<SimpleData name="Twitter_Ha">@mybmcedu</SimpleData>
				<SimpleData name="Ward">D</SimpleData>
				<SimpleData name="Website">www.themodernschool.com</SimpleData>
			</SchemaData>
		</ExtendedData>
		<Point>
			<coordinates>72.82320799999999,18.956607,0</coordinates>
		</Point>
	</Placemark>
	<Placemark>
		<name>CHANDARAMJI HIGH SCHOOL</name>
		<visibility>0</visibility>
		<styleUrl>#mumbai_unaided_schools_style</styleUrl>
		<ExtendedData>
			<SchemaData schemaUrl="#J_mumbai_unaided_schools_SIISSSSSSISSSSS">
				<SimpleData name="Address">95, V. P. ROAD, C. P. TANK, MUMBAI - 400 004</SimpleData>
				<SimpleData name="Cls_From">1</SimpleData>
				<SimpleData name="Cls_To">4</SimpleData>
				<SimpleData name="Email">chandaramjihighschool@rediff.com</SimpleData>
				<SimpleData name="GoogleMaps">https://www.google.com/maps/search/?api=1&amp;query=18.9553539997266,72.8249269995498</SimpleData>
				<SimpleData name="Landline_1">022-23823647</SimpleData>
				<SimpleData name="Lat">18.9553539997266</SimpleData>
				<SimpleData name="Long">72.8249269995498</SimpleData>
				<SimpleData name="Name">CHANDARAMJI HIGH SCHOOL</SimpleData>
				<SimpleData name="OBJECTID_1">660</SimpleData>
				<SimpleData name="Owner_Dept">Education Dept</SimpleData>
				<SimpleData name="School_Typ">3-Co-educational</SimpleData>
				<SimpleData name="Twitter_Ha">@mybmcedu</SimpleData>
				<SimpleData name="Ward">D</SimpleData>
				<SimpleData name="Website">https://chandaramji.in/</SimpleData>
			</SchemaData>
		</ExtendedData>
		<Point>
			<coordinates>72.824927,18.955354,0</coordinates>
		</Point>
	</Placemark>
	<Placemark>
		<name>SANSKAR ACADEMY</name>
		<visibility>0</visibility>
		<styleUrl>#mumbai_unaided_schools_style</styleUrl>
		<ExtendedData>
			<SchemaData schemaUrl="#J_mumbai_unaided_schools_SIISSSSSSISSSSS">
				<SimpleData name="Address">EARTH PRIDE  SADASHIV CROSS LANE GIRGAON MUMBAI-400004</SimpleData>
				<SimpleData name="Cls_From">1</SimpleData>
				<SimpleData name="Cls_To">4</SimpleData>
				<SimpleData name="Email">sanskarprimary@gmail.com</SimpleData>
				<SimpleData name="GoogleMaps">https://www.google.com/maps/search/?api=1&amp;query=18.9559420001614,72.8224529999661</SimpleData>
				<SimpleData name="Landline_1">022-23801032</SimpleData>
				<SimpleData name="Lat">18.9559420001614</SimpleData>
				<SimpleData name="Long">72.8224529999661</SimpleData>
				<SimpleData name="Name">SANSKAR ACADEMY</SimpleData>
				<SimpleData name="OBJECTID_1">661</SimpleData>
				<SimpleData name="Owner_Dept">Education Dept</SimpleData>
				<SimpleData name="School_Typ">3-Co-educational</SimpleData>
				<SimpleData name="Twitter_Ha">@mybmcedu</SimpleData>
				<SimpleData name="Ward">D</SimpleData>
				<SimpleData name="Website">www.sanskarbalmandir.org</SimpleData>
			</SchemaData>
		</ExtendedData>
		<Point>
			<coordinates>72.822453,18.955942,0</coordinates>
		</Point>
	</Placemark>
	<Placemark>
		<name>MARWARI VIDYALAYA ENG LP</name>
		<visibility>0</visibility>
		<styleUrl>#mumbai_unaided_schools_style</styleUrl>
		<ExtendedData>
			<SchemaData schemaUrl="#J_mumbai_unaided_schools_SIISSSSSSISSSSS">
				<SimpleData name="Address">South Mumbai Parliamentary Constituency.</SimpleData>
				<SimpleData name="Cls_From">1</SimpleData>
				<SimpleData name="Cls_To">4</SimpleData>
				<SimpleData name="Email">marwarividyalaya@gmail.com</SimpleData>
				<SimpleData name="GoogleMaps">https://www.google.com/maps/search/?api=1&amp;query=18.9572849997513,72.8179590005712</SimpleData>
				<SimpleData name="Landline_1">022-23865845</SimpleData>
				<SimpleData name="Lat">18.9572849997513</SimpleData>
				<SimpleData name="Long">72.8179590005712</SimpleData>
				<SimpleData name="Name">MARWARI VIDYALAYA ENG LP</SimpleData>
				<SimpleData name="OBJECTID_1">662</SimpleData>
				<SimpleData name="Owner_Dept">Education Dept</SimpleData>
				<SimpleData name="School_Typ">3-Co-educational</SimpleData>
				<SimpleData name="Twitter_Ha">@mybmcedu</SimpleData>
				<SimpleData name="Ward">D</SimpleData>
				<SimpleData name="Website">http://educationmaharashtra.gov.in/Saral/27221200410</SimpleData>
			</SchemaData>
		</ExtendedData>
		<Point>
			<coordinates>72.817959,18.957285,0</coordinates>
		</Point>
	</Placemark>
	<Placemark>
		<name>ST TERESAS ENG HIGH SCHOOL</name>
		<visibility>0</visibility>
		<styleUrl>#mumbai_unaided_schools_style</styleUrl>
		<ExtendedData>
			<SchemaData schemaUrl="#J_mumbai_unaided_schools_SIISSSSSSISSSSS">
				<SimpleData name="Address">315,New Charni Road, Girgaum, Mumbai - 400004</SimpleData>
				<SimpleData name="Cls_From">1</SimpleData>
				<SimpleData name="Cls_To">4</SimpleData>
				<SimpleData name="Email">stteresaschool04@gmail.com</SimpleData>
				<SimpleData name="GoogleMaps">https://www.google.com/maps/search/?api=1&amp;query=18.943931999452,72.8257099999302</SimpleData>
				<SimpleData name="Landline_1">022-23856447</SimpleData>
				<SimpleData name="Lat">18.943931999452</SimpleData>
				<SimpleData name="Long">72.8257099999302</SimpleData>
				<SimpleData name="Name">ST TERESAS ENG HIGH SCHOOL</SimpleData>
				<SimpleData name="OBJECTID_1">663</SimpleData>
				<SimpleData name="Owner_Dept">Education Dept</SimpleData>
				<SimpleData name="School_Typ">3-Co-educational</SimpleData>
				<SimpleData name="Twitter_Ha">@mybmcedu</SimpleData>
				<SimpleData name="Ward">D</SimpleData>
				<SimpleData name="Website"> </SimpleData>
			</SchemaData>
		</ExtendedData>
		<Point>
			<coordinates>72.82571,18.943932,0</coordinates>
		</Point>
	</Placemark>
	<Placemark>
		<name>THE B J P C INSTITUTION</name>
		<visibility>0</visibility>
		<styleUrl>#mumbai_unaided_schools_style</styleUrl>
		<ExtendedData>
			<SchemaData schemaUrl="#J_mumbai_unaided_schools_SIISSSSSSISSSSS">
				<SimpleData name="Address">33. M. KARVE MARG, OPP. CHARNI ROAD RLY STN. MUMBAI - 4</SimpleData>
				<SimpleData name="Cls_From">1</SimpleData>
				<SimpleData name="Cls_To">4</SimpleData>
				<SimpleData name="Email">bjpc1891@yahoo.co.in</SimpleData>
				<SimpleData name="GoogleMaps">https://www.google.com/maps/search/?api=1&amp;query=18.9513230002494,72.8194140000949</SimpleData>
				<SimpleData name="Landline_1">022-23876080</SimpleData>
				<SimpleData name="Lat">18.9513230002494</SimpleData>
				<SimpleData name="Long">72.8194140000949</SimpleData>
				<SimpleData name="Name">THE B J P C INSTITUTION</SimpleData>
				<SimpleData name="OBJECTID_1">664</SimpleData>
				<SimpleData name="Owner_Dept">Education Dept</SimpleData>
				<SimpleData name="School_Typ">3-Co-educational</SimpleData>
				<SimpleData name="Twitter_Ha">@mybmcedu</SimpleData>
				<SimpleData name="Ward">D</SimpleData>
				<SimpleData name="Website">www.bjpc.org</SimpleData>
			</SchemaData>
		</ExtendedData>
		<Point>
			<coordinates>72.81941399999999,18.951323,0</coordinates>
		</Point>
	</Placemark>
	<Placemark>
		<name>LILAVATI LALJI DAYAL HIGH SCHOOL</name>
		<visibility>0</visibility>
		<styleUrl>#mumbai_unaided_schools_style</styleUrl>
		<ExtendedData>
			<SchemaData schemaUrl="#J_mumbai_unaided_schools_SIISSSSSSISSSSS">
				<SimpleData name="Address">375/377,S V P  ROAD MUMBAI 400004</SimpleData>
				<SimpleData name="Cls_From">1</SimpleData>
				<SimpleData name="Cls_To">4</SimpleData>
				<SimpleData name="Email">lldhs2000@gmail.com</SimpleData>
				<SimpleData name="GoogleMaps">https://www.google.com/maps/search/?api=1&amp;query=18.9579210004716,72.8214440002525</SimpleData>
				<SimpleData name="Landline_1">022-23827615</SimpleData>
				<SimpleData name="Lat">18.9579210004716</SimpleData>
				<SimpleData name="Long">72.8214440002525</SimpleData>
				<SimpleData name="Name">LILAVATI LALJI DAYAL HIGH SCHOOL</SimpleData>
				<SimpleData name="OBJECTID_1">665</SimpleData>
				<SimpleData name="Owner_Dept">Education Dept</SimpleData>
				<SimpleData name="School_Typ">3-Co-educational</SimpleData>
				<SimpleData name="Twitter_Ha">@mybmcedu</SimpleData>
				<SimpleData name="Ward">D</SimpleData>
				<SimpleData name="Website">w.w.w.lldhs.in</SimpleData>
			</SchemaData>
		</ExtendedData>
		<Point>
			<coordinates>72.821444,18.957921,0</coordinates>
		</Point>
	</Placemark>
	<Placemark>
		<name>FELLOWSHIP SCHOOL</name>
		<visibility>0</visibility>
		<styleUrl>#mumbai_unaided_schools_style</styleUrl>
		<ExtendedData>
			<SchemaData schemaUrl="#J_mumbai_unaided_schools_SIISSSSSSISSSSS">
				<SimpleData name="Address">AUGUST KRANTI MARG MUMBAI - 36</SimpleData>
				<SimpleData name="Cls_From">1</SimpleData>
				<SimpleData name="Cls_To">4</SimpleData>
				<SimpleData name="Email">fellowshipschool@gmail.com</SimpleData>
				<SimpleData name="GoogleMaps">https://www.google.com/maps/search/?api=1&amp;query=18.9618699994823,72.8109590002002</SimpleData>
				<SimpleData name="Landline_1">022-23805694</SimpleData>
				<SimpleData name="Lat">18.9618699994823</SimpleData>
				<SimpleData name="Long">72.8109590002002</SimpleData>
				<SimpleData name="Name">FELLOWSHIP SCHOOL</SimpleData>
				<SimpleData name="OBJECTID_1">666</SimpleData>
				<SimpleData name="Owner_Dept">Education Dept</SimpleData>
				<SimpleData name="School_Typ">3-Co-educational</SimpleData>
				<SimpleData name="Twitter_Ha">@mybmcedu</SimpleData>
				<SimpleData name="Ward">D</SimpleData>
				<SimpleData name="Website">https://education.maharahrashtra.gov.in/saral/UDISE CODE 27221200414</SimpleData>
			</SchemaData>
		</ExtendedData>
		<Point>
			<coordinates>72.810959,18.96187,0</coordinates>
		</Point>
	</Placemark>
	<Placemark>
		<name>SIND MODEL ENGLISH PRIMARY SCHOOL</name>
		<visibility>0</visibility>
		<styleUrl>#mumbai_unaided_schools_style</styleUrl>
		<ExtendedData>
			<SchemaData schemaUrl="#J_mumbai_unaided_schools_SIISSSSSSISSSSS">
				<SimpleData name="Address">NEAR KENNEDY BRIDGE, NANA CHOWK, GRANT ROAD, MUMBAI -400 007.</SimpleData>
				<SimpleData name="Cls_From">1</SimpleData>
				<SimpleData name="Cls_To">4</SimpleData>
				<SimpleData name="Email">smeps475@yahoo.com</SimpleData>
				<SimpleData name="GoogleMaps">https://www.google.com/maps/search/?api=1&amp;query=18.9606289997753,72.8138619998042</SimpleData>
				<SimpleData name="Landline_1">022-23871170</SimpleData>
				<SimpleData name="Lat">18.9606289997753</SimpleData>
				<SimpleData name="Long">72.8138619998042</SimpleData>
				<SimpleData name="Name">SIND MODEL ENGLISH PRIMARY SCHOOL</SimpleData>
				<SimpleData name="OBJECTID_1">667</SimpleData>
				<SimpleData name="Owner_Dept">Education Dept</SimpleData>
				<SimpleData name="School_Typ">3-Co-educational</SimpleData>
				<SimpleData name="Twitter_Ha">@mybmcedu</SimpleData>
				<SimpleData name="Ward">D</SimpleData>
				<SimpleData name="Website">http://education.maharashtra.gov.in/sa5ral/27221200415</SimpleData>
			</SchemaData>
		</ExtendedData>
		<Point>
			<coordinates>72.813862,18.960629,0</coordinates>
		</Point>
	</Placemark>
	<Placemark>
		<name>ST COLUMBA PRIMARY SCHOOL</name>
		<visibility>0</visibility>
		<styleUrl>#mumbai_unaided_schools_style</styleUrl>
		<ExtendedData>
			<SchemaData schemaUrl="#J_mumbai_unaided_schools_SIISSSSSSISSSSS">
				<SimpleData name="Address">Dr.Kashibai Navrange Road, Gamdevi - Mumbai-7 , Grant-Road -West</SimpleData>
				<SimpleData name="Cls_From">1</SimpleData>
				<SimpleData name="Cls_To">4</SimpleData>
				<SimpleData name="Email">stcolumbaprim@yahoo.com</SimpleData>
				<SimpleData name="GoogleMaps">https://www.google.com/maps/search/?api=1&amp;query=18.967150218596466,72.81347346301399</SimpleData>
				<SimpleData name="Landline_1">022-23821974</SimpleData>
				<SimpleData name="Lat">18.967150218596466</SimpleData>
				<SimpleData name="Long">72.81347346301399</SimpleData>
				<SimpleData name="Name">ST COLUMBA PRIMARY SCHOOL</SimpleData>
				<SimpleData name="OBJECTID_1">668</SimpleData>
				<SimpleData name="Owner_Dept">Education Dept</SimpleData>
				<SimpleData name="School_Typ">2-Girls</SimpleData>
				<SimpleData name="Twitter_Ha">@mybmcedu</SimpleData>
				<SimpleData name="Ward">D</SimpleData>
				<SimpleData name="Website">www.stcolumbaschool.in</SimpleData>
			</SchemaData>
		</ExtendedData>
		<Point>
			<coordinates>72.813473,18.96715,0</coordinates>
		</Point>
	</Placemark>
	<Placemark>
		<name>CUMBALLA HILL HIGH SCH</name>
		<visibility>0</visibility>
		<styleUrl>#mumbai_unaided_schools_style</styleUrl>
		<ExtendedData>
			<SchemaData schemaUrl="#J_mumbai_unaided_schools_SIISSSSSSISSSSS">
				<SimpleData name="Address">2 Mt. Pleasant Rd, Mumbai - 400006</SimpleData>
				<SimpleData name="Cls_From">1</SimpleData>
				<SimpleData name="Cls_To">4</SimpleData>
				<SimpleData name="Email">cumballahilljr1940@yahoo.com</SimpleData>
				<SimpleData name="GoogleMaps">https://www.google.com/maps/search/?api=1&amp;query=19.267373000222,72.8697949998085</SimpleData>
				<SimpleData name="Landline_1">022-23670736</SimpleData>
				<SimpleData name="Lat">19.267373000222</SimpleData>
				<SimpleData name="Long">72.8697949998085</SimpleData>
				<SimpleData name="Name">CUMBALLA HILL HIGH SCH</SimpleData>
				<SimpleData name="OBJECTID_1">669</SimpleData>
				<SimpleData name="Owner_Dept">Education Dept</SimpleData>
				<SimpleData name="School_Typ">3-Co-educational</SimpleData>
				<SimpleData name="Twitter_Ha">@mybmcedu</SimpleData>
				<SimpleData name="Ward">D</SimpleData>
				<SimpleData name="Website">www.cumballahillhighschool.org</SimpleData>
			</SchemaData>
		</ExtendedData>
		<Point>
			<coordinates>72.869795,19.267373,0</coordinates>
		</Point>
	</Placemark>
	<Placemark>
		<name>ST STEPHEANS ENG LP</name>
		<visibility>0</visibility>
		<styleUrl>#mumbai_unaided_schools_style</styleUrl>
		<ExtendedData>
			<SchemaData schemaUrl="#J_mumbai_unaided_schools_SIISSSSSSISSSSS">
				<SimpleData name="Address">Swarop Building, 2nd floor, Cumballa Hill Road, Opposite Shalimar Hotel, Mumbai 400036</SimpleData>
				<SimpleData name="Cls_From">1</SimpleData>
				<SimpleData name="Cls_To">4</SimpleData>
				<SimpleData name="Email">ststephensschool37@gmail.com</SimpleData>
				<SimpleData name="GoogleMaps">https://www.google.com/maps/search/?api=1&amp;query=18.9648129998762,72.8062630008174</SimpleData>
				<SimpleData name="Landline_1">022-23867855</SimpleData>
				<SimpleData name="Lat">18.9648129998762</SimpleData>
				<SimpleData name="Long">72.8062630008174</SimpleData>
				<SimpleData name="Name">ST STEPHEANS ENG LP</SimpleData>
				<SimpleData name="OBJECTID_1">670</SimpleData>
				<SimpleData name="Owner_Dept">Education Dept</SimpleData>
				<SimpleData name="School_Typ">3-Co-educational</SimpleData>
				<SimpleData name="Twitter_Ha">@mybmcedu</SimpleData>
				<SimpleData name="Ward">D</SimpleData>
				<SimpleData name="Website">http://education.maharashtra.gov.in/saral/27221200421</SimpleData>
			</SchemaData>
		</ExtendedData>
		<Point>
			<coordinates>72.806263,18.964813,0</coordinates>
		</Point>
	</Placemark>
	<Placemark>
		<name>BHAGINI KALA MANDIR PRIMARY SCHOOL</name>
		<visibility>0</visibility>
		<styleUrl>#mumbai_unaided_schools_style</styleUrl>
		<ExtendedData>
			<SchemaData schemaUrl="#J_mumbai_unaided_schools_SIISSSSSSISSSSS">
				<SimpleData name="Address">25, Dady Sheth Road, Bandstand Chowpatty, Mumbai - 400 007</SimpleData>
				<SimpleData name="Cls_From">1</SimpleData>
				<SimpleData name="Cls_To">4</SimpleData>
				<SimpleData name="Email">bhagini10@yahoo.com</SimpleData>
				<SimpleData name="GoogleMaps">https://www.google.com/maps/search/?api=1&amp;query=18.9560730005542,72.8074480005343</SimpleData>
				<SimpleData name="Landline_1">022-23676165</SimpleData>
				<SimpleData name="Lat">18.9560730005542</SimpleData>
				<SimpleData name="Long">72.8074480005343</SimpleData>
				<SimpleData name="Name">BHAGINI KALA MANDIR PRIMARY SCHOOL</SimpleData>
				<SimpleData name="OBJECTID_1">671</SimpleData>
				<SimpleData name="Owner_Dept">Education Dept</SimpleData>
				<SimpleData name="School_Typ">3-Co-educational</SimpleData>
				<SimpleData name="Twitter_Ha">@mybmcedu</SimpleData>
				<SimpleData name="Ward">D</SimpleData>
				<SimpleData name="Website">http://education.maharashtra.gov.in/Saral/27221200423</SimpleData>
			</SchemaData>
		</ExtendedData>
		<Point>
			<coordinates>72.80744799999999,18.956073,0</coordinates>
		</Point>
	</Placemark>
	<Placemark>
		<name>NEW MODEL INFANT SCHOOL</name>
		<visibility>0</visibility>
		<styleUrl>#mumbai_unaided_schools_style</styleUrl>
		<ExtendedData>
			<SchemaData schemaUrl="#J_mumbai_unaided_schools_SIISSSSSSISSSSS">
				<SimpleData name="Address">The Cottage Oomer Park, B Desai Road, opp St Steevans Church, Mumbai 36</SimpleData>
				<SimpleData name="Cls_From">1</SimpleData>
				<SimpleData name="Cls_To">4</SimpleData>
				<SimpleData name="Email">nmis33@hotmail.com</SimpleData>
				<SimpleData name="GoogleMaps">https://www.google.com/maps/search/?api=1&amp;query=18.9654649997702,72.8045040006137</SimpleData>
				<SimpleData name="Landline_1">022-23642932</SimpleData>
				<SimpleData name="Lat">18.9654649997702</SimpleData>
				<SimpleData name="Long">72.8045040006137</SimpleData>
				<SimpleData name="Name">NEW MODEL INFANT SCHOOL</SimpleData>
				<SimpleData name="OBJECTID_1">672</SimpleData>
				<SimpleData name="Owner_Dept">Education Dept</SimpleData>
				<SimpleData name="School_Typ">3-Co-educational</SimpleData>
				<SimpleData name="Twitter_Ha">@mybmcedu</SimpleData>
				<SimpleData name="Ward">D</SimpleData>
				<SimpleData name="Website"> </SimpleData>
			</SchemaData>
		</ExtendedData>
		<Point>
			<coordinates>72.80450399999999,18.965465,0</coordinates>
		</Point>
	</Placemark>
	<Placemark>
		<name>SMT SHANTIDEVI B BANERJI LP</name>
		<visibility>0</visibility>
		<styleUrl>#mumbai_unaided_schools_style</styleUrl>
		<ExtendedData>
			<SchemaData schemaUrl="#J_mumbai_unaided_schools_SIISSSSSSISSSSS">
				<SimpleData name="Address">4/A, Sonawala Bldg., 1st Flr, Tardeo, Mumbai-400007.</SimpleData>
				<SimpleData name="Cls_From">1</SimpleData>
				<SimpleData name="Cls_To">4</SimpleData>
				<SimpleData name="Email">sbbanerjividyalaya@gmail.com</SimpleData>
				<SimpleData name="GoogleMaps">https://www.google.com/maps/search/?api=1&amp;query=18.9667939999469,72.8155510000472</SimpleData>
				<SimpleData name="Landline_1">022-23802697</SimpleData>
				<SimpleData name="Lat">18.9667939999469</SimpleData>
				<SimpleData name="Long">72.8155510000472</SimpleData>
				<SimpleData name="Name">SMT SHANTIDEVI B BANERJI LP</SimpleData>
				<SimpleData name="OBJECTID_1">673</SimpleData>
				<SimpleData name="Owner_Dept">Education Dept</SimpleData>
				<SimpleData name="School_Typ">3-Co-educational</SimpleData>
				<SimpleData name="Twitter_Ha">@mybmcedu</SimpleData>
				<SimpleData name="Ward">D</SimpleData>
				<SimpleData name="Website"> </SimpleData>
			</SchemaData>
		</ExtendedData>
		<Point>
			<coordinates>72.815551,18.966794,0</coordinates>
		</Point>
	</Placemark>
	<Placemark>
		<name>LADY ENGINEER HIGH SCHOOL</name>
		<visibility>0</visibility>
		<styleUrl>#mumbai_unaided_schools_style</styleUrl>
		<ExtendedData>
			<SchemaData schemaUrl="#J_mumbai_unaided_schools_SIISSSSSSISSSSS">
				<SimpleData name="Address">Gamadia Colony, Tardeo Mumbai - 400007</SimpleData>
				<SimpleData name="Cls_From">1</SimpleData>
				<SimpleData name="Cls_To">4</SimpleData>
				<SimpleData name="Email">lehs_school_tardeo@yahoo.com</SimpleData>
				<SimpleData name="GoogleMaps">https://www.google.com/maps/search/?api=1&amp;query=18.9684310005446,72.81390300047</SimpleData>
				<SimpleData name="Landline_1">022-23531427</SimpleData>
				<SimpleData name="Lat">18.9684310005446</SimpleData>
				<SimpleData name="Long">72.81390300047</SimpleData>
				<SimpleData name="Name">LADY ENGINEER HIGH SCHOOL</SimpleData>
				<SimpleData name="OBJECTID_1">674</SimpleData>
				<SimpleData name="Owner_Dept">Education Dept</SimpleData>
				<SimpleData name="School_Typ">3-Co-educational</SimpleData>
				<SimpleData name="Twitter_Ha">@mybmcedu</SimpleData>
				<SimpleData name="Ward">D</SimpleData>
				<SimpleData name="Website">www.ladyengineerhighschool.com</SimpleData>
			</SchemaData>
		</ExtendedData>
		<Point>
			<coordinates>72.813903,18.968431,0</coordinates>
		</Point>
	</Placemark>
	<Placemark>
		<name>J D BHARDA PRIMARY ENGLISH SCHOOL</name>
		<visibility>0</visibility>
		<styleUrl>#mumbai_unaided_schools_style</styleUrl>
		<ExtendedData>
			<SchemaData schemaUrl="#J_mumbai_unaided_schools_SIISSSSSSISSSSS">
				<SimpleData name="Address">NAVYUG MANSION,1ST FLOOR GS,NAUSHIR BHARUCHE MARG,MUMBAI 400007</SimpleData>
				<SimpleData name="Cls_From">1</SimpleData>
				<SimpleData name="Cls_To">4</SimpleData>
				<SimpleData name="Email">jdbhardaschool@gmail.com</SimpleData>
				<SimpleData name="GoogleMaps">https://www.google.com/maps/search/?api=1&amp;query=18.9616369995447,72.8142620000844</SimpleData>
				<SimpleData name="Landline_1">022-23883192</SimpleData>
				<SimpleData name="Lat">18.9616369995447</SimpleData>
				<SimpleData name="Long">72.8142620000844</SimpleData>
				<SimpleData name="Name">J D BHARDA PRIMARY ENGLISH SCHOOL</SimpleData>
				<SimpleData name="OBJECTID_1">675</SimpleData>
				<SimpleData name="Owner_Dept">Education Dept</SimpleData>
				<SimpleData name="School_Typ">3-Co-educational</SimpleData>
				<SimpleData name="Twitter_Ha">@mybmcedu</SimpleData>
				<SimpleData name="Ward">D</SimpleData>
				<SimpleData name="Website"> </SimpleData>
			</SchemaData>
		</ExtendedData>
		<Point>
			<coordinates>72.814262,18.961637,0</coordinates>
		</Point>
	</Placemark>
	<Placemark>
		<name>GIRTON HIGH SCHOOL</name>
		<visibility>0</visibility>
		<styleUrl>#mumbai_unaided_schools_style</styleUrl>
		<ExtendedData>
			<SchemaData schemaUrl="#J_mumbai_unaided_schools_SIISSSSSSISSSSS">
				<SimpleData name="Address">20 E Wimbridge Compound N Bharucha Marg Grant Road West Mumbai 400 007</SimpleData>
				<SimpleData name="Cls_From">1</SimpleData>
				<SimpleData name="Cls_To">4</SimpleData>
				<SimpleData name="Email">girtonhs.edu@gmail.com</SimpleData>
				<SimpleData name="GoogleMaps">https://www.google.com/maps/search/?api=1&amp;query=18.9664280007811,72.81535899962</SimpleData>
				<SimpleData name="Landline_1">022-23805473</SimpleData>
				<SimpleData name="Lat">18.9664280007811</SimpleData>
				<SimpleData name="Long">72.81535899962</SimpleData>
				<SimpleData name="Name">GIRTON HIGH SCHOOL</SimpleData>
				<SimpleData name="OBJECTID_1">676</SimpleData>
				<SimpleData name="Owner_Dept">Education Dept</SimpleData>
				<SimpleData name="School_Typ">2-Girls</SimpleData>
				<SimpleData name="Twitter_Ha">@mybmcedu</SimpleData>
				<SimpleData name="Ward">D</SimpleData>
				<SimpleData name="Website">www.girtonhighschool.com</SimpleData>
			</SchemaData>
		</ExtendedData>
		<Point>
			<coordinates>72.815359,18.966428,0</coordinates>
		</Point>
	</Placemark>
	<Placemark>
		<name>CAMA MONTESSORI  AND PRIMARY SCHOOL</name>
		<visibility>0</visibility>
		<styleUrl>#mumbai_unaided_schools_style</styleUrl>
		<ExtendedData>
			<SchemaData schemaUrl="#J_mumbai_unaided_schools_SIISSSSSSISSSSS">
				<SimpleData name="Address">239-A Botawalla Building, Tardeo, Mumbai 40034</SimpleData>
				<SimpleData name="Cls_From">1</SimpleData>
				<SimpleData name="Cls_To">4</SimpleData>
				<SimpleData name="Email">camaschool@gmail.com</SimpleData>
				<SimpleData name="GoogleMaps">https://www.google.com/maps/search/?api=1&amp;query=18.9665610003749,72.8138729994858</SimpleData>
				<SimpleData name="Landline_1">022-23813914</SimpleData>
				<SimpleData name="Lat">18.9665610003749</SimpleData>
				<SimpleData name="Long">72.8138729994858</SimpleData>
				<SimpleData name="Name">CAMA MONTESSORI  AND PRIMARY SCHOOL</SimpleData>
				<SimpleData name="OBJECTID_1">677</SimpleData>
				<SimpleData name="Owner_Dept">Education Dept</SimpleData>
				<SimpleData name="School_Typ">3-Co-educational</SimpleData>
				<SimpleData name="Twitter_Ha">@mybmcedu</SimpleData>
				<SimpleData name="Ward">D</SimpleData>
				<SimpleData name="Website">https://education.maharashtra.gov.in/saral/27221200446</SimpleData>
			</SchemaData>
		</ExtendedData>
		<Point>
			<coordinates>72.813873,18.966561,0</coordinates>
		</Point>
	</Placemark>
	<Placemark>
		<name>BALAK VRINDA ENGLISH PRIMARY SCHOOL</name>
		<visibility>0</visibility>
		<styleUrl>#mumbai_unaided_schools_style</styleUrl>
		<ExtendedData>
			<SchemaData schemaUrl="#J_mumbai_unaided_schools_SIISSSSSSISSSSS">
				<SimpleData name="Address">New Chikalwadi Off Sleater Road Grant Road Mumbai 400007</SimpleData>
				<SimpleData name="Cls_From">1</SimpleData>
				<SimpleData name="Cls_To">4</SimpleData>
				<SimpleData name="Email">balakvrindaengprimsc@gmail.com</SimpleData>
				<SimpleData name="GoogleMaps">https://www.google.com/maps/search/?api=1&amp;query=18.9665939999788,72.8155590006151</SimpleData>
				<SimpleData name="Landline_1">022-23884707</SimpleData>
				<SimpleData name="Lat">18.9665939999788</SimpleData>
				<SimpleData name="Long">72.8155590006151</SimpleData>
				<SimpleData name="Name">BALAK VRINDA ENGLISH PRIMARY SCHOOL</SimpleData>
				<SimpleData name="OBJECTID_1">678</SimpleData>
				<SimpleData name="Owner_Dept">Education Dept</SimpleData>
				<SimpleData name="School_Typ">3-Co-educational</SimpleData>
				<SimpleData name="Twitter_Ha">@mybmcedu</SimpleData>
				<SimpleData name="Ward">D</SimpleData>
				<SimpleData name="Website">http://education.maharashtra.gov.in/saral/27221200459</SimpleData>
			</SchemaData>
		</ExtendedData>
		<Point>
			<coordinates>72.81555899999999,18.966594,0</coordinates>
		</Point>
	</Placemark>
	<Placemark>
		<name>BAI R. F. D. PANDAY GIRLS&apos; HIGH SCHOOL</name>
		<visibility>0</visibility>
		<styleUrl>#mumbai_unaided_schools_style</styleUrl>
		<ExtendedData>
			<SchemaData schemaUrl="#J_mumbai_unaided_schools_SIISSSSSSISSSSS">
				<SimpleData name="Address">14 - B Gilder lane, Marzban Colony, Mumbai Central, Mumbai -400008</SimpleData>
				<SimpleData name="Cls_From">1</SimpleData>
				<SimpleData name="Cls_To">4</SimpleData>
				<SimpleData name="Email">panday_sch@yahoo.co.in</SimpleData>
				<SimpleData name="GoogleMaps">https://www.google.com/maps/search/?api=1&amp;query=18.9670569997196,72.8180479997139</SimpleData>
				<SimpleData name="Landline_1">022-23075591</SimpleData>
				<SimpleData name="Lat">18.9670569997196</SimpleData>
				<SimpleData name="Long">72.8180479997139</SimpleData>
				<SimpleData name="Name">BAI R. F. D. PANDAY GIRLS&apos; HIGH SCHOOL</SimpleData>
				<SimpleData name="OBJECTID_1">679</SimpleData>
				<SimpleData name="Owner_Dept">Education Dept</SimpleData>
				<SimpleData name="School_Typ">3-Co-educational</SimpleData>
				<SimpleData name="Twitter_Ha">@mybmcedu</SimpleData>
				<SimpleData name="Ward">D</SimpleData>
				<SimpleData name="Website">www.pandayschool.com</SimpleData>
			</SchemaData>
		</ExtendedData>
		<Point>
			<coordinates>72.818048,18.967057,0</coordinates>
		</Point>
	</Placemark>
	<Placemark>
		<name>LOYALA PRIMARY SCHOOL</name>
		<visibility>0</visibility>
		<styleUrl>#mumbai_unaided_schools_style</styleUrl>
		<ExtendedData>
			<SchemaData schemaUrl="#J_mumbai_unaided_schools_SIISSSSSSISSSSS">
				<SimpleData name="Address">bit block 11/34, K. K. Marg,  Bellasis road, Mumbai Central Mumbai 400008</SimpleData>
				<SimpleData name="Cls_From">1</SimpleData>
				<SimpleData name="Cls_To">4</SimpleData>
				<SimpleData name="Email">st.loyalahighschool@yahoo.com</SimpleData>
				<SimpleData name="GoogleMaps">https://www.google.com/maps/search/?api=1&amp;query=18.9660580005889,72.8222179992999</SimpleData>
				<SimpleData name="Landline_1">022-0</SimpleData>
				<SimpleData name="Lat">18.9660580005889</SimpleData>
				<SimpleData name="Long">72.8222179992999</SimpleData>
				<SimpleData name="Name">LOYALA PRIMARY SCHOOL</SimpleData>
				<SimpleData name="OBJECTID_1">680</SimpleData>
				<SimpleData name="Owner_Dept">Education Dept</SimpleData>
				<SimpleData name="School_Typ">3-Co-educational</SimpleData>
				<SimpleData name="Twitter_Ha">@mybmcedu</SimpleData>
				<SimpleData name="Ward">D</SimpleData>
				<SimpleData name="Website">www.igloyolaschool.com</SimpleData>
			</SchemaData>
		</ExtendedData>
		<Point>
			<coordinates>72.82221800000001,18.966058,0</coordinates>
		</Point>
	</Placemark>
	<Placemark>
		<name>OUR OWN SCHOOL</name>
		<visibility>0</visibility>
		<styleUrl>#mumbai_unaided_schools_style</styleUrl>
		<ExtendedData>
			<SchemaData schemaUrl="#J_mumbai_unaided_schools_SIISSSSSSISSSSS">
				<SimpleData name="Address">1st floor Piroja Mansion  Alibhai Premji Marg Grant Road East Mumbai - 400 007</SimpleData>
				<SimpleData name="Cls_From">1</SimpleData>
				<SimpleData name="Cls_To">4</SimpleData>
				<SimpleData name="Email">oos1953@rediffmail.com</SimpleData>
				<SimpleData name="GoogleMaps">https://www.google.com/maps/search/?api=1&amp;query=18.9626559996203,72.8165189999503</SimpleData>
				<SimpleData name="Landline_1">022-23085526</SimpleData>
				<SimpleData name="Lat">18.9626559996203</SimpleData>
				<SimpleData name="Long">72.8165189999503</SimpleData>
				<SimpleData name="Name">OUR OWN SCHOOL</SimpleData>
				<SimpleData name="OBJECTID_1">681</SimpleData>
				<SimpleData name="Owner_Dept">Education Dept</SimpleData>
				<SimpleData name="School_Typ">3-Co-educational</SimpleData>
				<SimpleData name="Twitter_Ha">@mybmcedu</SimpleData>
				<SimpleData name="Ward">D</SimpleData>
				<SimpleData name="Website">http://education.maharashtra.gov.in/saral/27221200462</SimpleData>
			</SchemaData>
		</ExtendedData>
		<Point>
			<coordinates>72.816519,18.962656,0</coordinates>
		</Point>
	</Placemark>
	<Placemark>
		<name>NANIKRAM MEGHRAJ TRUST ACADEMY</name>
		<visibility>0</visibility>
		<styleUrl>#mumbai_unaided_schools_style</styleUrl>
		<ExtendedData>
			<SchemaData schemaUrl="#J_mumbai_unaided_schools_SIISSSSSSISSSSS">
				<SimpleData name="Address">3 NAVJIVAN CO OP SOCIETY</SimpleData>
				<SimpleData name="Cls_From">1</SimpleData>
				<SimpleData name="Cls_To">4</SimpleData>
				<SimpleData name="Email">nmtacademysch@gmail.com</SimpleData>
				<SimpleData name="GoogleMaps">https://www.google.com/maps/search/?api=1&amp;query=18.9664119996515,72.8190089998954</SimpleData>
				<SimpleData name="Landline_1">022-23073269</SimpleData>
				<SimpleData name="Lat">18.9664119996515</SimpleData>
				<SimpleData name="Long">72.8190089998954</SimpleData>
				<SimpleData name="Name">NANIKRAM MEGHRAJ TRUST ACADEMY</SimpleData>
				<SimpleData name="OBJECTID_1">682</SimpleData>
				<SimpleData name="Owner_Dept">Education Dept</SimpleData>
				<SimpleData name="School_Typ">3-Co-educational</SimpleData>
				<SimpleData name="Twitter_Ha">@mybmcedu</SimpleData>
				<SimpleData name="Ward">D</SimpleData>
				<SimpleData name="Website">nmtacademy.com</SimpleData>
			</SchemaData>
		</ExtendedData>
		<Point>
			<coordinates>72.81900899999999,18.966412,0</coordinates>
		</Point>
	</Placemark>
	<Placemark>
		<name>ASHOK LP GUJ HIGH SCHOOL</name>
		<visibility>0</visibility>
		<styleUrl>#mumbai_unaided_schools_style</styleUrl>
		<ExtendedData>
			<SchemaData schemaUrl="#J_mumbai_unaided_schools_SIISSSSSSISSSSS">
				<SimpleData name="Address">14 PAREKH STREET SVP ROAD MUMBAI 400004</SimpleData>
				<SimpleData name="Cls_From">1</SimpleData>
				<SimpleData name="Cls_To">4</SimpleData>
				<SimpleData name="Email">ahs_1941@yahoo.co.in</SimpleData>
				<SimpleData name="GoogleMaps">https://www.google.com/maps/search/?api=1&amp;query=18.9589950001555,72.8188900000738</SimpleData>
				<SimpleData name="Landline_1">022-23863895</SimpleData>
				<SimpleData name="Lat">18.9589950001555</SimpleData>
				<SimpleData name="Long">72.8188900000738</SimpleData>
				<SimpleData name="Name">ASHOK LP GUJ HIGH SCHOOL</SimpleData>
				<SimpleData name="OBJECTID_1">683</SimpleData>
				<SimpleData name="Owner_Dept">Education Dept</SimpleData>
				<SimpleData name="School_Typ">3-Co-educational</SimpleData>
				<SimpleData name="Twitter_Ha">@mybmcedu</SimpleData>
				<SimpleData name="Ward">D</SimpleData>
				<SimpleData name="Website"> </SimpleData>
			</SchemaData>
		</ExtendedData>
		<Point>
			<coordinates>72.81889,18.958995,0</coordinates>
		</Point>
	</Placemark>
	<Placemark>
		<name>UNION HIGH SCHOOL</name>
		<visibility>0</visibility>
		<styleUrl>#mumbai_unaided_schools_style</styleUrl>
		<ExtendedData>
			<SchemaData schemaUrl="#J_mumbai_unaided_schools_SIISSSSSSISSSSS">
				<SimpleData name="Address">205 A.B. Kolhatkar Marg, Khetwadi Main Road, Girgaum, Mumbai 400004</SimpleData>
				<SimpleData name="Cls_From">1</SimpleData>
				<SimpleData name="Cls_To">4</SimpleData>
				<SimpleData name="Email">unionhighschool13293@gmail.com</SimpleData>
				<SimpleData name="GoogleMaps">https://www.google.com/maps/search/?api=1&amp;query=18.9586410000018,72.8212670000563</SimpleData>
				<SimpleData name="Landline_1">022-23888886</SimpleData>
				<SimpleData name="Lat">18.9586410000018</SimpleData>
				<SimpleData name="Long">72.8212670000563</SimpleData>
				<SimpleData name="Name">UNION HIGH SCHOOL</SimpleData>
				<SimpleData name="OBJECTID_1">684</SimpleData>
				<SimpleData name="Owner_Dept">Education Dept</SimpleData>
				<SimpleData name="School_Typ">3-Co-educational</SimpleData>
				<SimpleData name="Twitter_Ha">@mybmcedu</SimpleData>
				<SimpleData name="Ward">D</SimpleData>
				<SimpleData name="Website">www.education.maharashtra.gov.in/saral/27221200475</SimpleData>
			</SchemaData>
		</ExtendedData>
		<Point>
			<coordinates>72.82126700000001,18.958641,0</coordinates>
		</Point>
	</Placemark>
	<Placemark>
		<name>WILSON ENG LP SCHOOL</name>
		<visibility>0</visibility>
		<styleUrl>#mumbai_unaided_schools_style</styleUrl>
		<ExtendedData>
			<SchemaData schemaUrl="#J_mumbai_unaided_schools_SIISSSSSSISSSSS">
				<SimpleData name="Address">35, Dr Wilson Street,Girgaon</SimpleData>
				<SimpleData name="Cls_From">1</SimpleData>
				<SimpleData name="Cls_To">4</SimpleData>
				<SimpleData name="Email">wilsonhighschool1832@yahoo.com</SimpleData>
				<SimpleData name="GoogleMaps">https://www.google.com/maps/search/?api=1&amp;query=18.9567280002542,72.8234929998947</SimpleData>
				<SimpleData name="Landline_1">022-23883966</SimpleData>
				<SimpleData name="Lat">18.9567280002542</SimpleData>
				<SimpleData name="Long">72.8234929998947</SimpleData>
				<SimpleData name="Name">WILSON ENG LP SCHOOL</SimpleData>
				<SimpleData name="OBJECTID_1">685</SimpleData>
				<SimpleData name="Owner_Dept">Education Dept</SimpleData>
				<SimpleData name="School_Typ">3-Co-educational</SimpleData>
				<SimpleData name="Twitter_Ha">@mybmcedu</SimpleData>
				<SimpleData name="Ward">D</SimpleData>
				<SimpleData name="Website"> </SimpleData>
			</SchemaData>
		</ExtendedData>
		<Point>
			<coordinates>72.823493,18.956728,0</coordinates>
		</Point>
	</Placemark>
	<Placemark>
		<name>VANITA VISHRAM  PRIMARY SCHOOL</name>
		<visibility>0</visibility>
		<styleUrl>#mumbai_unaided_schools_style</styleUrl>
		<ExtendedData>
			<SchemaData schemaUrl="#J_mumbai_unaided_schools_SIISSSSSSISSSSS">
				<SimpleData name="Address">392,S.V.P.Road, Prarthana samaj,mumbai</SimpleData>
				<SimpleData name="Cls_From">1</SimpleData>
				<SimpleData name="Cls_To">4</SimpleData>
				<SimpleData name="Email">vanitavishramprimary@gmail.com</SimpleData>
				<SimpleData name="GoogleMaps">https://www.google.com/maps/search/?api=1&amp;query=18.9585919993863,72.8199200000823</SimpleData>
				<SimpleData name="Landline_1">022-23821583</SimpleData>
				<SimpleData name="Lat">18.9585919993863</SimpleData>
				<SimpleData name="Long">72.8199200000823</SimpleData>
				<SimpleData name="Name">VANITA VISHRAM  PRIMARY SCHOOL</SimpleData>
				<SimpleData name="OBJECTID_1">686</SimpleData>
				<SimpleData name="Owner_Dept">Education Dept</SimpleData>
				<SimpleData name="School_Typ">3-Co-educational</SimpleData>
				<SimpleData name="Twitter_Ha">@mybmcedu</SimpleData>
				<SimpleData name="Ward">D</SimpleData>
				<SimpleData name="Website"> </SimpleData>
			</SchemaData>
		</ExtendedData>
		<Point>
			<coordinates>72.81992,18.958592,0</coordinates>
		</Point>
	</Placemark>
	<Placemark>
		<name>RAJASTHANI MAHILA MANDAL HIGH SCHOOL LP</name>
		<visibility>0</visibility>
		<styleUrl>#mumbai_unaided_schools_style</styleUrl>
		<ExtendedData>
			<SchemaData schemaUrl="#J_mumbai_unaided_schools_SIISSSSSSISSSSS">
				<SimpleData name="Address">12 KRANTIVEER VASNTRAO NAIK CROSS LANE GOWALIA TANK MUMBAI 400036</SimpleData>
				<SimpleData name="Cls_From">1</SimpleData>
				<SimpleData name="Cls_To">7</SimpleData>
				<SimpleData name="Email">rmmhighschool@yahoo.com</SimpleData>
				<SimpleData name="GoogleMaps">https://www.google.com/maps/search/?api=1&amp;query=18.9656119998101,72.81056000017</SimpleData>
				<SimpleData name="Landline_1">022-23861331</SimpleData>
				<SimpleData name="Lat">18.9656119998101</SimpleData>
				<SimpleData name="Long">72.81056000017</SimpleData>
				<SimpleData name="Name">RAJASTHANI MAHILA MANDAL HIGH SCHOOL LP</SimpleData>
				<SimpleData name="OBJECTID_1">687</SimpleData>
				<SimpleData name="Owner_Dept">Education Dept</SimpleData>
				<SimpleData name="School_Typ">3-Co-educational</SimpleData>
				<SimpleData name="Twitter_Ha">@mybmcedu</SimpleData>
				<SimpleData name="Ward">D</SimpleData>
				<SimpleData name="Website">www.rajasthanimahilamandal.org</SimpleData>
			</SchemaData>
		</ExtendedData>
		<Point>
			<coordinates>72.81056,18.965612,0</coordinates>
		</Point>
	</Placemark>
	<Placemark>
		<name>BILAL SCHOOL</name>
		<visibility>0</visibility>
		<styleUrl>#mumbai_unaided_schools_style</styleUrl>
		<ExtendedData>
			<SchemaData schemaUrl="#J_mumbai_unaided_schools_SIISSSSSSISSSSS">
				<SimpleData name="Address">12th Khetwadi, M.S Ali Road, Grant Road, Mumai - 400004</SimpleData>
				<SimpleData name="Cls_From">1</SimpleData>
				<SimpleData name="Cls_To">8</SimpleData>
				<SimpleData name="Email">principalbilalschool@gmail.com</SimpleData>
				<SimpleData name="GoogleMaps">https://www.google.com/maps/search/?api=1&amp;query=18.9611980003933,72.8215890007839</SimpleData>
				<SimpleData name="Landline_1">022-23810582</SimpleData>
				<SimpleData name="Lat">18.9611980003933</SimpleData>
				<SimpleData name="Long">72.8215890007839</SimpleData>
				<SimpleData name="Name">BILAL SCHOOL</SimpleData>
				<SimpleData name="OBJECTID_1">688</SimpleData>
				<SimpleData name="Owner_Dept">Education Dept</SimpleData>
				<SimpleData name="School_Typ">3-Co-educational</SimpleData>
				<SimpleData name="Twitter_Ha">@mybmcedu</SimpleData>
				<SimpleData name="Ward">D</SimpleData>
				<SimpleData name="Website">www.bilalschool.in</SimpleData>
			</SchemaData>
		</ExtendedData>
		<Point>
			<coordinates>72.821589,18.961198,0</coordinates>
		</Point>
	</Placemark>
	<Placemark>
		<name>SEVA SADAN SOC ENGLISH SCHOOL</name>
		<visibility>0</visibility>
		<styleUrl>#mumbai_unaided_schools_style</styleUrl>
		<ExtendedData>
			<SchemaData schemaUrl="#J_mumbai_unaided_schools_SIISSSSSSISSSSS">
				<SimpleData name="Address">Seva Sadan Annex -I, Pandita Ramabai Road,Opposite Gamdevi Police Station, Grant Road West - 400007.</SimpleData>
				<SimpleData name="Cls_From">1</SimpleData>
				<SimpleData name="Cls_To">5</SimpleData>
				<SimpleData name="Email">sssenglishschool@hotmail.com</SimpleData>
				<SimpleData name="GoogleMaps">https://www.google.com/maps/search/?api=1&amp;query=18.9600669998897,72.8125210004604</SimpleData>
				<SimpleData name="Landline_1">022-23872949</SimpleData>
				<SimpleData name="Lat">18.9600669998897</SimpleData>
				<SimpleData name="Long">72.8125210004604</SimpleData>
				<SimpleData name="Name">SEVA SADAN SOC ENGLISH SCHOOL</SimpleData>
				<SimpleData name="OBJECTID_1">689</SimpleData>
				<SimpleData name="Owner_Dept">Education Dept</SimpleData>
				<SimpleData name="School_Typ">3-Co-educational</SimpleData>
				<SimpleData name="Twitter_Ha">@mybmcedu</SimpleData>
				<SimpleData name="Ward">D</SimpleData>
				<SimpleData name="Website">https://education.maharashtra.gov.in/saral/27221200490</SimpleData>
			</SchemaData>
		</ExtendedData>
		<Point>
			<coordinates>72.812521,18.960067,0</coordinates>
		</Point>
	</Placemark>
	<Placemark>
		<name>ST ANTHONYS PRIMARY SCHOOL</name>
		<visibility>0</visibility>
		<styleUrl>#mumbai_unaided_schools_style</styleUrl>
		<ExtendedData>
			<SchemaData schemaUrl="#J_mumbai_unaided_schools_SIISSSSSSISSSSS">
				<SimpleData name="Address">J.B.B.Marg, Nagpada, Bellasis Road ,Byculla, Mumbai - 08</SimpleData>
				<SimpleData name="Cls_From">1</SimpleData>
				<SimpleData name="Cls_To">4</SimpleData>
				<SimpleData name="Email">anthonyschool51@gmail.com</SimpleData>
				<SimpleData name="GoogleMaps">https://www.google.com/maps/search/?api=1&amp;query=18.9674649992286,72.8260209993577</SimpleData>
				<SimpleData name="Landline_1">022-23076863</SimpleData>
				<SimpleData name="Lat">18.9674649992286</SimpleData>
				<SimpleData name="Long">72.8260209993577</SimpleData>
				<SimpleData name="Name">ST ANTHONYS PRIMARY SCHOOL</SimpleData>
				<SimpleData name="OBJECTID_1">690</SimpleData>
				<SimpleData name="Owner_Dept">Education Dept</SimpleData>
				<SimpleData name="School_Typ">2-Girls</SimpleData>
				<SimpleData name="Twitter_Ha">@mybmcedu</SimpleData>
				<SimpleData name="Ward">E</SimpleData>
				<SimpleData name="Website">www.stanthonyschoolbyculla.com</SimpleData>
			</SchemaData>
		</ExtendedData>
		<Point>
			<coordinates>72.826021,18.967465,0</coordinates>
		</Point>
	</Placemark>
	<Placemark>
		<name>HUME HIGH SCHOOL ENG LP</name>
		<visibility>0</visibility>
		<styleUrl>#mumbai_unaided_schools_style</styleUrl>
		<ExtendedData>
			<SchemaData schemaUrl="#J_mumbai_unaided_schools_SIISSSSSSISSSSS">
				<SimpleData name="Address">337, SIR. J.J. ROAD, BYCULLA MUMBAI - 8</SimpleData>
				<SimpleData name="Cls_From">1</SimpleData>
				<SimpleData name="Cls_To">4</SimpleData>
				<SimpleData name="Email">humeprimary@gmail.com</SimpleData>
				<SimpleData name="GoogleMaps">https://www.google.com/maps/search/?api=1&amp;query=18.9671100007384,72.8335899999775</SimpleData>
				<SimpleData name="Landline_1">022-23774278</SimpleData>
				<SimpleData name="Lat">18.9671100007384</SimpleData>
				<SimpleData name="Long">72.8335899999775</SimpleData>
				<SimpleData name="Name">HUME HIGH SCHOOL ENG LP</SimpleData>
				<SimpleData name="OBJECTID_1">691</SimpleData>
				<SimpleData name="Owner_Dept">Education Dept</SimpleData>
				<SimpleData name="School_Typ">3-Co-educational</SimpleData>
				<SimpleData name="Twitter_Ha">@mybmcedu</SimpleData>
				<SimpleData name="Ward">E</SimpleData>
				<SimpleData name="Website"> </SimpleData>
			</SchemaData>
		</ExtendedData>
		<Point>
			<coordinates>72.83359,18.96711,0</coordinates>
		</Point>
	</Placemark>
	<Placemark>
		<name>SIR JACOB SASSOON HIGH SCHOOL</name>
		<visibility>0</visibility>
		<styleUrl>#mumbai_unaided_schools_style</styleUrl>
		<ExtendedData>
			<SchemaData schemaUrl="#J_mumbai_unaided_schools_SIISSSSSSISSSSS">
				<SimpleData name="Address">340, Sir.J.J.Road,Byculla, Mumbai</SimpleData>
				<SimpleData name="Cls_From">1</SimpleData>
				<SimpleData name="Cls_To">4</SimpleData>
				<SimpleData name="Email">sjshst@gmail.com</SimpleData>
				<SimpleData name="GoogleMaps">https://www.google.com/maps/search/?api=1&amp;query=18.9670790001138,72.8324970000397</SimpleData>
				<SimpleData name="Landline_1">022-23001802</SimpleData>
				<SimpleData name="Lat">18.9670790001138</SimpleData>
				<SimpleData name="Long">72.8324970000397</SimpleData>
				<SimpleData name="Name">SIR JACOB SASSOON HIGH SCHOOL</SimpleData>
				<SimpleData name="OBJECTID_1">692</SimpleData>
				<SimpleData name="Owner_Dept">Education Dept</SimpleData>
				<SimpleData name="School_Typ">3-Co-educational</SimpleData>
				<SimpleData name="Twitter_Ha">@mybmcedu</SimpleData>
				<SimpleData name="Ward">E</SimpleData>
				<SimpleData name="Website"> </SimpleData>
			</SchemaData>
		</ExtendedData>
		<Point>
			<coordinates>72.832497,18.967079,0</coordinates>
		</Point>
	</Placemark>
	<Placemark>
		<name>EEE SASOON HIGH SCHOOL</name>
		<visibility>0</visibility>
		<styleUrl>#mumbai_unaided_schools_style</styleUrl>
		<ExtendedData>
			<SchemaData schemaUrl="#J_mumbai_unaided_schools_SIISSSSSSISSSSS">
				<SimpleData name="Address">Opp Richardson and Cruddas 340 Sir J J Road Behind Magen David Synagogue Byculla Mumbai 400008</SimpleData>
				<SimpleData name="Cls_From">1</SimpleData>
				<SimpleData name="Cls_To">4</SimpleData>
				<SimpleData name="Email">eee.sassoonhighschool@gmail.com</SimpleData>
				<SimpleData name="GoogleMaps">https://www.google.com/maps/search/?api=1&amp;query=18.9671680004385,72.830707999884</SimpleData>
				<SimpleData name="Landline_1">022-23088739</SimpleData>
				<SimpleData name="Lat">18.9671680004385</SimpleData>
				<SimpleData name="Long">72.830707999884</SimpleData>
				<SimpleData name="Name">EEE SASOON HIGH SCHOOL</SimpleData>
				<SimpleData name="OBJECTID_1">693</SimpleData>
				<SimpleData name="Owner_Dept">Education Dept</SimpleData>
				<SimpleData name="School_Typ">3-Co-educational</SimpleData>
				<SimpleData name="Twitter_Ha">@mybmcedu</SimpleData>
				<SimpleData name="Ward">E</SimpleData>
				<SimpleData name="Website">https://education.maharashtra.gov.in/saral/27221200518</SimpleData>
			</SchemaData>
		</ExtendedData>
		<Point>
			<coordinates>72.830708,18.967168,0</coordinates>
		</Point>
	</Placemark>
	<Placemark>
		<name>MODERN ENGLISH HIGH SCHOOL</name>
		<visibility>0</visibility>
		<styleUrl>#mumbai_unaided_schools_style</styleUrl>
		<ExtendedData>
			<SchemaData schemaUrl="#J_mumbai_unaided_schools_SIISSSSSSISSSSS">
				<SimpleData name="Address">178 DIMTIMKAR RD ,109 SOPHIA ZUBAIR ROAD ,NAGPADA,MUMBAI - 400 008.</SimpleData>
				<SimpleData name="Cls_From">1</SimpleData>
				<SimpleData name="Cls_To">4</SimpleData>
				<SimpleData name="Email">modernenglishschool@yahoo.com</SimpleData>
				<SimpleData name="GoogleMaps">https://www.google.com/maps/search/?api=1&amp;query=18.9663599996788,72.8301480005946</SimpleData>
				<SimpleData name="Landline_1">022-23001705</SimpleData>
				<SimpleData name="Lat">18.9663599996788</SimpleData>
				<SimpleData name="Long">72.8301480005946</SimpleData>
				<SimpleData name="Name">MODERN ENGLISH HIGH SCHOOL</SimpleData>
				<SimpleData name="OBJECTID_1">694</SimpleData>
				<SimpleData name="Owner_Dept">Education Dept</SimpleData>
				<SimpleData name="School_Typ">3-Co-educational</SimpleData>
				<SimpleData name="Twitter_Ha">@mybmcedu</SimpleData>
				<SimpleData name="Ward">E</SimpleData>
				<SimpleData name="Website"> </SimpleData>
			</SchemaData>
		</ExtendedData>
		<Point>
			<coordinates>72.83014799999999,18.96636,0</coordinates>
		</Point>
	</Placemark>
	<Placemark>
		<name>ST ISABEL&apos;S HIGH PRIMARY SCHOOL</name>
		<visibility>0</visibility>
		<styleUrl>#mumbai_unaided_schools_style</styleUrl>
		<ExtendedData>
			<SchemaData schemaUrl="#J_mumbai_unaided_schools_SIISSSSSSISSSSS">
				<SimpleData name="Address">Dr. Mascarenhas Road Mazgaon Mumbai 400010</SimpleData>
				<SimpleData name="Cls_From">1</SimpleData>
				<SimpleData name="Cls_To">4</SimpleData>
				<SimpleData name="Email">isabel_school39@yahoo.com</SimpleData>
				<SimpleData name="GoogleMaps">https://www.google.com/maps/search/?api=1&amp;query=18.9720240005423,72.8412379994985</SimpleData>
				<SimpleData name="Landline_1">022-23728030</SimpleData>
				<SimpleData name="Lat">18.9720240005423</SimpleData>
				<SimpleData name="Long">72.8412379994985</SimpleData>
				<SimpleData name="Name">ST ISABEL&apos;S HIGH PRIMARY SCHOOL</SimpleData>
				<SimpleData name="OBJECTID_1">695</SimpleData>
				<SimpleData name="Owner_Dept">Education Dept</SimpleData>
				<SimpleData name="School_Typ">2-Girls</SimpleData>
				<SimpleData name="Twitter_Ha">@mybmcedu</SimpleData>
				<SimpleData name="Ward">E</SimpleData>
				<SimpleData name="Website"> </SimpleData>
			</SchemaData>
		</ExtendedData>
		<Point>
			<coordinates>72.841238,18.972024,0</coordinates>
		</Point>
	</Placemark>
	<Placemark>
		<name>ROSARY HIGHSCHOOL</name>
		<visibility>0</visibility>
		<styleUrl>#mumbai_unaided_schools_style</styleUrl>
		<ExtendedData>
			<SchemaData schemaUrl="#J_mumbai_unaided_schools_SIISSSSSSISSSSS">
				<SimpleData name="Address">opp Docyard road station,Mazagaon,Mumbai -400010</SimpleData>
				<SimpleData name="Cls_From">1</SimpleData>
				<SimpleData name="Cls_To">4</SimpleData>
				<SimpleData name="Email">rosarysch@yahoo.co.in</SimpleData>
				<SimpleData name="GoogleMaps">https://www.google.com/maps/search/?api=1&amp;query=18.9671399998469,72.8450650004238</SimpleData>
				<SimpleData name="Landline_1">022-23770406</SimpleData>
				<SimpleData name="Lat">18.9671399998469</SimpleData>
				<SimpleData name="Long">72.8450650004238</SimpleData>
				<SimpleData name="Name">ROSARY HIGHSCHOOL</SimpleData>
				<SimpleData name="OBJECTID_1">696</SimpleData>
				<SimpleData name="Owner_Dept">Education Dept</SimpleData>
				<SimpleData name="School_Typ">3-Co-educational</SimpleData>
				<SimpleData name="Twitter_Ha">@mybmcedu</SimpleData>
				<SimpleData name="Ward">E</SimpleData>
				<SimpleData name="Website"> </SimpleData>
			</SchemaData>
		</ExtendedData>
		<Point>
			<coordinates>72.84506500000001,18.96714,0</coordinates>
		</Point>
	</Placemark>
	<Placemark>
		<name>ANTONIO DESOUZA HIGH SCHOOL</name>
		<visibility>0</visibility>
		<styleUrl>#mumbai_unaided_schools_style</styleUrl>
		<ExtendedData>
			<SchemaData schemaUrl="#J_mumbai_unaided_schools_SIISSSSSSISSSSS">
				<SimpleData name="Address">Sant savta Marg, Gloria church compound, Byculla-E</SimpleData>
				<SimpleData name="Cls_From">1</SimpleData>
				<SimpleData name="Cls_To">4</SimpleData>
				<SimpleData name="Email">anzaschool@gmail.com</SimpleData>
				<SimpleData name="GoogleMaps">https://www.google.com/maps/search/?api=1&amp;query=18.9755370002898,72.8341680004663</SimpleData>
				<SimpleData name="Landline_1">022-23724393</SimpleData>
				<SimpleData name="Lat">18.9755370002898</SimpleData>
				<SimpleData name="Long">72.8341680004663</SimpleData>
				<SimpleData name="Name">ANTONIO DESOUZA HIGH SCHOOL</SimpleData>
				<SimpleData name="OBJECTID_1">697</SimpleData>
				<SimpleData name="Owner_Dept">Education Dept</SimpleData>
				<SimpleData name="School_Typ">1-Boys</SimpleData>
				<SimpleData name="Twitter_Ha">@mybmcedu</SimpleData>
				<SimpleData name="Ward">E</SimpleData>
				<SimpleData name="Website">https://education.maharashtra.gov.in/saral/27221200540</SimpleData>
			</SchemaData>
		</ExtendedData>
		<Point>
			<coordinates>72.83416800000001,18.975537,0</coordinates>
		</Point>
	</Placemark>
	<Placemark>
		<name>GLORIA CONVENT SCHOOL</name>
		<visibility>0</visibility>
		<styleUrl>#mumbai_unaided_schools_style</styleUrl>
		<ExtendedData>
			<SchemaData schemaUrl="#J_mumbai_unaided_schools_SIISSSSSSISSSSS">
				<SimpleData name="Address">SANT SAVTA MARG BYCULLA MUMBAI 27</SimpleData>
				<SimpleData name="Cls_From">1</SimpleData>
				<SimpleData name="Cls_To">4</SimpleData>
				<SimpleData name="Email">gloriaconvent@gmail.com</SimpleData>
				<SimpleData name="GoogleMaps">https://www.google.com/maps/search/?api=1&amp;query=18.97602400057,72.8350009996889</SimpleData>
				<SimpleData name="Landline_1">022-22372912</SimpleData>
				<SimpleData name="Lat">18.97602400057</SimpleData>
				<SimpleData name="Long">72.8350009996889</SimpleData>
				<SimpleData name="Name">GLORIA CONVENT SCHOOL</SimpleData>
				<SimpleData name="OBJECTID_1">698</SimpleData>
				<SimpleData name="Owner_Dept">Education Dept</SimpleData>
				<SimpleData name="School_Typ">2-Girls</SimpleData>
				<SimpleData name="Twitter_Ha">@mybmcedu</SimpleData>
				<SimpleData name="Ward">E</SimpleData>
				<SimpleData name="Website"> </SimpleData>
			</SchemaData>
		</ExtendedData>
		<Point>
			<coordinates>72.83500100000001,18.976024,0</coordinates>
		</Point>
	</Placemark>
	<Placemark>
		<name>ST MARYS HIGH SCHOOL SSC</name>
		<visibility>0</visibility>
		<styleUrl>#mumbai_unaided_schools_style</styleUrl>
		<ExtendedData>
			<SchemaData schemaUrl="#J_mumbai_unaided_schools_SIISSSSSSISSSSS">
				<SimpleData name="Address">Nesbit Road, Mazagaon Mumbai 400 010</SimpleData>
				<SimpleData name="Cls_From">1</SimpleData>
				<SimpleData name="Cls_To">4</SimpleData>
				<SimpleData name="Email">stmarysssc33@gmail.com</SimpleData>
				<SimpleData name="GoogleMaps">https://www.google.com/maps/search/?api=1&amp;query=18.9701369997984,72.8358250002476</SimpleData>
				<SimpleData name="Landline_1">022-23781692</SimpleData>
				<SimpleData name="Lat">18.9701369997984</SimpleData>
				<SimpleData name="Long">72.8358250002476</SimpleData>
				<SimpleData name="Name">ST MARYS HIGH SCHOOL SSC</SimpleData>
				<SimpleData name="OBJECTID_1">699</SimpleData>
				<SimpleData name="Owner_Dept">Education Dept</SimpleData>
				<SimpleData name="School_Typ">1-Boys</SimpleData>
				<SimpleData name="Twitter_Ha">@mybmcedu</SimpleData>
				<SimpleData name="Ward">E</SimpleData>
				<SimpleData name="Website">www.stmarysssc.org</SimpleData>
			</SchemaData>
		</ExtendedData>
		<Point>
			<coordinates>72.835825,18.970137,0</coordinates>
		</Point>
	</Placemark>
	<Placemark>
		<name>ANJUMAN I ISLAM&apos;S BEGUM SHARIFA KALSEKAR GIRLS ENGLISH SCHOOL</name>
		<visibility>0</visibility>
		<styleUrl>#mumbai_unaided_schools_style</styleUrl>
		<ExtendedData>
			<SchemaData schemaUrl="#J_mumbai_unaided_schools_SIISSSSSSISSSSS">
				<SimpleData name="Address">260 JBB Marg Bellasis Road Mumbai 400 008</SimpleData>
				<SimpleData name="Cls_From">1</SimpleData>
				<SimpleData name="Cls_To">4</SimpleData>
				<SimpleData name="Email">anjumaniislambskengschool@gmail.com</SimpleData>
				<SimpleData name="GoogleMaps">https://www.google.com/maps/search/?api=1&amp;query=18.9687469998779,72.8255249997747</SimpleData>
				<SimpleData name="Landline_1">022-23051505</SimpleData>
				<SimpleData name="Lat">18.9687469998779</SimpleData>
				<SimpleData name="Long">72.8255249997747</SimpleData>
				<SimpleData name="Name">ANJUMAN I ISLAM&apos;S BEGUM SHARIFA KALSEKAR GIRLS ENGLISH SCHOOL</SimpleData>
				<SimpleData name="OBJECTID_1">700</SimpleData>
				<SimpleData name="Owner_Dept">Education Dept</SimpleData>
				<SimpleData name="School_Typ">2-Girls</SimpleData>
				<SimpleData name="Twitter_Ha">@mybmcedu</SimpleData>
				<SimpleData name="Ward">E</SimpleData>
				<SimpleData name="Website">www.anjumanbskengschool.com</SimpleData>
			</SchemaData>
		</ExtendedData>
		<Point>
			<coordinates>72.825525,18.968747,0</coordinates>
		</Point>
	</Placemark>
	<Placemark>
		<name>ST AGNES HIGH SCHOOL</name>
		<visibility>0</visibility>
		<styleUrl>#mumbai_unaided_schools_style</styleUrl>
		<ExtendedData>
			<SchemaData schemaUrl="#J_mumbai_unaided_schools_SIISSSSSSISSSSS">
				<SimpleData name="Address">Convent of Jesus and Mary, Clare Road Byculla, Mumbai 400008</SimpleData>
				<SimpleData name="Cls_From">1</SimpleData>
				<SimpleData name="Cls_To">4</SimpleData>
				<SimpleData name="Email">stagnesprimaryschool@gmail.com</SimpleData>
				<SimpleData name="GoogleMaps">https://www.google.com/maps/search/?api=1&amp;query=18.9708629996025,72.8303200004422</SimpleData>
				<SimpleData name="Landline_1">022-23071422</SimpleData>
				<SimpleData name="Lat">18.9708629996025</SimpleData>
				<SimpleData name="Long">72.8303200004422</SimpleData>
				<SimpleData name="Name">ST AGNES HIGH SCHOOL</SimpleData>
				<SimpleData name="OBJECTID_1">701</SimpleData>
				<SimpleData name="Owner_Dept">Education Dept</SimpleData>
				<SimpleData name="School_Typ">2-Girls</SimpleData>
				<SimpleData name="Twitter_Ha">@mybmcedu</SimpleData>
				<SimpleData name="Ward">E</SimpleData>
				<SimpleData name="Website">stagneshighschool.org</SimpleData>
			</SchemaData>
		</ExtendedData>
		<Point>
			<coordinates>72.83032,18.970863,0</coordinates>
		</Point>
	</Placemark>
	<Placemark>
		<name>SEVENTH-DAY ADVENTIST ENGLISH HIGH SCHOOL</name>
		<visibility>0</visibility>
		<styleUrl>#mumbai_unaided_schools_style</styleUrl>
		<ExtendedData>
			<SchemaData schemaUrl="#J_mumbai_unaided_schools_SIISSSSSSISSSSS">
				<SimpleData name="Address">11, Y.M.C.A Road, Mumbai Central, Behind Jagjivan Ram Hospital, Mumbai -400008</SimpleData>
				<SimpleData name="Cls_From">1</SimpleData>
				<SimpleData name="Cls_To">4</SimpleData>
				<SimpleData name="Email">principalsda.mumbaicentral@yahoo.com</SimpleData>
				<SimpleData name="GoogleMaps">https://www.google.com/maps/search/?api=1&amp;query=18.9714550003612,72.824273999599</SimpleData>
				<SimpleData name="Landline_1">022-23094037</SimpleData>
				<SimpleData name="Lat">18.9714550003612</SimpleData>
				<SimpleData name="Long">72.824273999599</SimpleData>
				<SimpleData name="Name">SEVENTH-DAY ADVENTIST ENGLISH HIGH SCHOOL</SimpleData>
				<SimpleData name="OBJECTID_1">702</SimpleData>
				<SimpleData name="Owner_Dept">Education Dept</SimpleData>
				<SimpleData name="School_Typ">3-Co-educational</SimpleData>
				<SimpleData name="Twitter_Ha">@mybmcedu</SimpleData>
				<SimpleData name="Ward">E</SimpleData>
				<SimpleData name="Website"> </SimpleData>
			</SchemaData>
		</ExtendedData>
		<Point>
			<coordinates>72.824274,18.971455,0</coordinates>
		</Point>
	</Placemark>
	<Placemark>
		<name>THE SALVATION ARMY TUCKER ENG</name>
		<visibility>0</visibility>
		<styleUrl>#mumbai_unaided_schools_style</styleUrl>
		<ExtendedData>
			<SchemaData schemaUrl="#J_mumbai_unaided_schools_SIISSSSSSISSSSS">
				<SimpleData name="Address">Jubilee hall compound sankli street madanpura ,Byculla</SimpleData>
				<SimpleData name="Cls_From">1</SimpleData>
				<SimpleData name="Cls_To">4</SimpleData>
				<SimpleData name="Email">salvationarmyschool198@yahoo.com</SimpleData>
				<SimpleData name="GoogleMaps">https://www.google.com/maps/search/?api=1&amp;query=18.9732259999425,72.827562999874</SimpleData>
				<SimpleData name="Landline_1">022-23077062</SimpleData>
				<SimpleData name="Lat">18.9732259999425</SimpleData>
				<SimpleData name="Long">72.827562999874</SimpleData>
				<SimpleData name="Name">THE SALVATION ARMY TUCKER ENG</SimpleData>
				<SimpleData name="OBJECTID_1">703</SimpleData>
				<SimpleData name="Owner_Dept">Education Dept</SimpleData>
				<SimpleData name="School_Typ">3-Co-educational</SimpleData>
				<SimpleData name="Twitter_Ha">@mybmcedu</SimpleData>
				<SimpleData name="Ward">E</SimpleData>
				<SimpleData name="Website">http://education.maharashtra.gov.in/saral/27221200571</SimpleData>
			</SchemaData>
		</ExtendedData>
		<Point>
			<coordinates>72.827563,18.973226,0</coordinates>
		</Point>
	</Placemark>
	<Placemark>
		<name>BARKAT ENGLISH HIGH SCHOOL</name>
		<visibility>0</visibility>
		<styleUrl>#mumbai_unaided_schools_style</styleUrl>
		<ExtendedData>
			<SchemaData schemaUrl="#J_mumbai_unaided_schools_SIISSSSSSISSSSS">
				<SimpleData name="Address">ESJAY HOUSE 1ST FLOOR, 63,M A ROAD, AGRIPADA, MUMBAI</SimpleData>
				<SimpleData name="Cls_From">1</SimpleData>
				<SimpleData name="Cls_To">4</SimpleData>
				<SimpleData name="Email">barkatenglishhighschool@gmail.com</SimpleData>
				<SimpleData name="GoogleMaps">https://www.google.com/maps/search/?api=1&amp;query=18.97641799979,72.8275419992375</SimpleData>
				<SimpleData name="Landline_1">022-23073240</SimpleData>
				<SimpleData name="Lat">18.97641799979</SimpleData>
				<SimpleData name="Long">72.8275419992375</SimpleData>
				<SimpleData name="Name">BARKAT ENGLISH HIGH SCHOOL</SimpleData>
				<SimpleData name="OBJECTID_1">704</SimpleData>
				<SimpleData name="Owner_Dept">Education Dept</SimpleData>
				<SimpleData name="School_Typ">3-Co-educational</SimpleData>
				<SimpleData name="Twitter_Ha">@mybmcedu</SimpleData>
				<SimpleData name="Ward">E</SimpleData>
				<SimpleData name="Website"> </SimpleData>
			</SchemaData>
		</ExtendedData>
		<Point>
			<coordinates>72.82754199999999,18.976418,0</coordinates>
		</Point>
	</Placemark>
	<Placemark>
		<name>SUSHANTHI PRIMARY SCHOOL</name>
		<visibility>0</visibility>
		<styleUrl>#mumbai_unaided_schools_style</styleUrl>
		<ExtendedData>
			<SchemaData schemaUrl="#J_mumbai_unaided_schools_SIISSSSSSISSSSS">
				<SimpleData name="Address">GANESH HARI PARUNDEKAR MARG,BYCULLA STATION ROAD, BYCULLA WEST,MUMBAI 400 011</SimpleData>
				<SimpleData name="Cls_From">1</SimpleData>
				<SimpleData name="Cls_To">4</SimpleData>
				<SimpleData name="Email">ubemcschool@gmail.com</SimpleData>
				<SimpleData name="GoogleMaps">https://www.google.com/maps/search/?api=1&amp;query=18.976241999675,72.8300970000272</SimpleData>
				<SimpleData name="Landline_1">022-23018317</SimpleData>
				<SimpleData name="Lat">18.976241999675</SimpleData>
				<SimpleData name="Long">72.8300970000272</SimpleData>
				<SimpleData name="Name">SUSHANTHI PRIMARY SCHOOL</SimpleData>
				<SimpleData name="OBJECTID_1">705</SimpleData>
				<SimpleData name="Owner_Dept">Education Dept</SimpleData>
				<SimpleData name="School_Typ">3-Co-educational</SimpleData>
				<SimpleData name="Twitter_Ha">@mybmcedu</SimpleData>
				<SimpleData name="Ward">E</SimpleData>
				<SimpleData name="Website"> </SimpleData>
			</SchemaData>
		</ExtendedData>
		<Point>
			<coordinates>72.83009699999999,18.976242,0</coordinates>
		</Point>
	</Placemark>
	<Placemark>
		<name>ST. ANDREWS PRIMARY SCHOOL</name>
		<visibility>0</visibility>
		<styleUrl>#mumbai_unaided_schools_style</styleUrl>
		<ExtendedData>
			<SchemaData schemaUrl="#J_mumbai_unaided_schools_SIISSSSSSISSSSS">
				<SimpleData name="Address">3 MEGHRAJ SETHI MARG BYCULLA MUMBAI 08</SimpleData>
				<SimpleData name="Cls_From">1</SimpleData>
				<SimpleData name="Cls_To">4</SimpleData>
				<SimpleData name="Email">standrewsbdtapvtltd@gmail.com</SimpleData>
				<SimpleData name="GoogleMaps">https://www.google.com/maps/search/?api=1&amp;query=18.9736830000207,72.8266889997238</SimpleData>
				<SimpleData name="Landline_1">022-23076043</SimpleData>
				<SimpleData name="Lat">18.9736830000207</SimpleData>
				<SimpleData name="Long">72.8266889997238</SimpleData>
				<SimpleData name="Name">ST. ANDREWS PRIMARY SCHOOL</SimpleData>
				<SimpleData name="OBJECTID_1">706</SimpleData>
				<SimpleData name="Owner_Dept">Education Dept</SimpleData>
				<SimpleData name="School_Typ">3-Co-educational</SimpleData>
				<SimpleData name="Twitter_Ha">@mybmcedu</SimpleData>
				<SimpleData name="Ward">E</SimpleData>
				<SimpleData name="Website"> </SimpleData>
			</SchemaData>
		</ExtendedData>
		<Point>
			<coordinates>72.826689,18.973683,0</coordinates>
		</Point>
	</Placemark>
	<Placemark>
		<name>ST. IGNATIUS HIGH SCHOOL</name>
		<visibility>0</visibility>
		<styleUrl>#mumbai_unaided_schools_style</styleUrl>
		<ExtendedData>
			<SchemaData schemaUrl="#J_mumbai_unaided_schools_SIISSSSSSISSSSS">
				<SimpleData name="Address">Jacob Circle, Mahalaxmi, Mumbai-400011</SimpleData>
				<SimpleData name="Cls_From">1</SimpleData>
				<SimpleData name="Cls_To">4</SimpleData>
				<SimpleData name="Email">ignatinsprim@gmail.com</SimpleData>
				<SimpleData name="GoogleMaps">https://www.google.com/maps/search/?api=1&amp;query=18.9826530003031,72.8287120000201</SimpleData>
				<SimpleData name="Landline_1">022-23078251</SimpleData>
				<SimpleData name="Lat">18.9826530003031</SimpleData>
				<SimpleData name="Long">72.8287120000201</SimpleData>
				<SimpleData name="Name">ST. IGNATIUS HIGH SCHOOL</SimpleData>
				<SimpleData name="OBJECTID_1">707</SimpleData>
				<SimpleData name="Owner_Dept">Education Dept</SimpleData>
				<SimpleData name="School_Typ">3-Co-educational</SimpleData>
				<SimpleData name="Twitter_Ha">@mybmcedu</SimpleData>
				<SimpleData name="Ward">E</SimpleData>
				<SimpleData name="Website"> </SimpleData>
			</SchemaData>
		</ExtendedData>
		<Point>
			<coordinates>72.828712,18.982653,0</coordinates>
		</Point>
	</Placemark>
	<Placemark>
		<name>KENIA AND ANCHOR ENGLISH SCHOOL</name>
		<visibility>0</visibility>
		<styleUrl>#mumbai_unaided_schools_style</styleUrl>
		<ExtendedData>
			<SchemaData schemaUrl="#J_mumbai_unaided_schools_SIISSSSSSISSSSS">
				<SimpleData name="Address">74-C, OPP.VOLTAS HOUSE, DR. BABASAHEB AMBEDKAR ROAD, CHINCHPOKLI  EAST, MUMBAI-400012</SimpleData>
				<SimpleData name="Cls_From">1</SimpleData>
				<SimpleData name="Cls_To">4</SimpleData>
				<SimpleData name="Email">keniaanchorengschool@gmail.com</SimpleData>
				<SimpleData name="GoogleMaps">https://www.google.com/maps/search/?api=1&amp;query=18.9871160003781,72.8345269996817</SimpleData>
				<SimpleData name="Landline_1">022-23721491</SimpleData>
				<SimpleData name="Lat">18.9871160003781</SimpleData>
				<SimpleData name="Long">72.8345269996817</SimpleData>
				<SimpleData name="Name">KENIA AND ANCHOR ENGLISH SCHOOL</SimpleData>
				<SimpleData name="OBJECTID_1">708</SimpleData>
				<SimpleData name="Owner_Dept">Education Dept</SimpleData>
				<SimpleData name="School_Typ">3-Co-educational</SimpleData>
				<SimpleData name="Twitter_Ha">@mybmcedu</SimpleData>
				<SimpleData name="Ward">E</SimpleData>
				<SimpleData name="Website">www.kvosjm.org</SimpleData>
			</SchemaData>
		</ExtendedData>
		<Point>
			<coordinates>72.83452699999999,18.987116,0</coordinates>
		</Point>
	</Placemark>
	<Placemark>
		<name>SUFFAH ENGLISH SCHOOL</name>
		<visibility>0</visibility>
		<styleUrl>#mumbai_unaided_schools_style</styleUrl>
		<ExtendedData>
			<SchemaData schemaUrl="#J_mumbai_unaided_schools_SIISSSSSSISSSSS">
				<SimpleData name="Address">Plot no 7 3rd sant savta lane near balaji hospital mustufa bazar byculla east mumbai 27</SimpleData>
				<SimpleData name="Cls_From">1</SimpleData>
				<SimpleData name="Cls_To">8</SimpleData>
				<SimpleData name="Email">suffah.eschool@gmail.com</SimpleData>
				<SimpleData name="GoogleMaps">https://www.google.com/maps/search/?api=1&amp;query=18.9768479995038,72.8356819999696</SimpleData>
				<SimpleData name="Landline_1">022-23732101</SimpleData>
				<SimpleData name="Lat">18.9768479995038</SimpleData>
				<SimpleData name="Long">72.8356819999696</SimpleData>
				<SimpleData name="Name">SUFFAH ENGLISH SCHOOL</SimpleData>
				<SimpleData name="OBJECTID_1">709</SimpleData>
				<SimpleData name="Owner_Dept">Education Dept</SimpleData>
				<SimpleData name="School_Typ">3-Co-educational</SimpleData>
				<SimpleData name="Twitter_Ha">@mybmcedu</SimpleData>
				<SimpleData name="Ward">E</SimpleData>
				<SimpleData name="Website"> </SimpleData>
			</SchemaData>
		</ExtendedData>
		<Point>
			<coordinates>72.83568200000001,18.976848,0</coordinates>
		</Point>
	</Placemark>
	<Placemark>
		<name>REGINA PACIS NIGHT SCHOOL</name>
		<visibility>0</visibility>
		<styleUrl>#mumbai_unaided_schools_style</styleUrl>
		<ExtendedData>
			<SchemaData schemaUrl="#J_mumbai_unaided_schools_SIISSSSSSISSSSS">
				<SimpleData name="Address">Regina Pacis, Seth Motishah Raod, Opp Byculla Poilce station, Byculla 27</SimpleData>
				<SimpleData name="Cls_From">1</SimpleData>
				<SimpleData name="Cls_To">4</SimpleData>
				<SimpleData name="Email">regina.night@yahoo.in</SimpleData>
				<SimpleData name="GoogleMaps">https://www.google.com/maps/search/?api=1&amp;query=18.9741260000156,72.8350349997656</SimpleData>
				<SimpleData name="Landline_1">022-23733275</SimpleData>
				<SimpleData name="Lat">18.9741260000156</SimpleData>
				<SimpleData name="Long">72.8350349997656</SimpleData>
				<SimpleData name="Name">REGINA PACIS NIGHT SCHOOL</SimpleData>
				<SimpleData name="OBJECTID_1">710</SimpleData>
				<SimpleData name="Owner_Dept">Education Dept</SimpleData>
				<SimpleData name="School_Typ">2-Girls</SimpleData>
				<SimpleData name="Twitter_Ha">@mybmcedu</SimpleData>
				<SimpleData name="Ward">E</SimpleData>
				<SimpleData name="Website">https://education.maharashtra.gov.in/saral27221200605</SimpleData>
			</SchemaData>
		</ExtendedData>
		<Point>
			<coordinates>72.835035,18.974126,0</coordinates>
		</Point>
	</Placemark>
</Document>
</kml>
