<?xml version="1.0" encoding="utf-8"?>
<kml xmlns="http://www.opengis.net/kml/2.2" xmlns:atom="http://www.w3.org/2005/Atom" xmlns:gx="http://www.google.com/kml/ext/2.2" xmlns:kml="http://www.opengis.net/kml/2.2">
 <Document>
  <name>
   mumbai-aided-schools
  </name>
  <visibility>
   0
  </visibility>
  <Schema id="J_mumbai_aided_schools_SIISSSSSISSSSSS" name="mumbai_aided_schools">
   <SimpleField name="Address" type="string">
    <displayName>
     Address
    </displayName>
   </SimpleField>
   <SimpleField name="Cls_From" type="int">
    <displayName>
     Cls_From
    </displayName>
   </SimpleField>
   <SimpleField name="Cls_To" type="int">
    <displayName>
     Cls_To
    </displayName>
   </SimpleField>
   <SimpleField name="Email" type="string">
    <displayName>
     Email
    </displayName>
   </SimpleField>
   <SimpleField name="GoogleMaps" type="string">
    <displayName>
     GoogleMaps
    </displayName>
   </SimpleField>
   <SimpleField name="Landline_n" type="string">
    <displayName>
     Landline_n
    </displayName>
   </SimpleField>
   <SimpleField name="Lat" type="string">
    <displayName>
     Lat
    </displayName>
   </SimpleField>
   <SimpleField name="Long" type="string">
    <displayName>
     Long
    </displayName>
   </SimpleField>
   <SimpleField name="OBJECTID_1" type="int">
    <displayName>
     OBJECTID_1
    </displayName>
   </SimpleField>
   <SimpleField name="Owner_Dept" type="string">
    <displayName>
     Owner_Dept
    </displayName>
   </SimpleField>
   <SimpleField name="SchName" type="string">
    <displayName>
     SchName
    </displayName>
   </SimpleField>
   <SimpleField name="Sch_Type" type="string">
    <displayName>
     Sch_Type
    </displayName>
   </SimpleField>
   <SimpleField name="Twitter_Ha" type="string">
    <displayName>
     Twitter_Ha
    </displayName>
   </SimpleField>
   <SimpleField name="VillageNam" type="string">
    <displayName>
     VillageNam
    </displayName>
   </SimpleField>
   <SimpleField name="Website" type="string">
    <displayName>
     Website
    </displayName>
   </SimpleField>
  </Schema>
  <Style id="mumbai_aided_schools_style">
   <BalloonStyle>
    <text>
     &lt;table border="0"&gt;
  &lt;tr&gt;&lt;td&gt;&lt;b&gt;$[mumbai_aided_schools/Address/displayName]&lt;/b&gt;&lt;/td&gt;&lt;td&gt;$[mumbai_aided_schools/Address]&lt;/td&gt;&lt;/tr&gt;
  &lt;tr&gt;&lt;td&gt;&lt;b&gt;$[mumbai_aided_schools/Cls_From/displayName]&lt;/b&gt;&lt;/td&gt;&lt;td&gt;$[mumbai_aided_schools/Cls_From]&lt;/td&gt;&lt;/tr&gt;
  &lt;tr&gt;&lt;td&gt;&lt;b&gt;$[mumbai_aided_schools/Cls_To/displayName]&lt;/b&gt;&lt;/td&gt;&lt;td&gt;$[mumbai_aided_schools/Cls_To]&lt;/td&gt;&lt;/tr&gt;
  &lt;tr&gt;&lt;td&gt;&lt;b&gt;$[mumbai_aided_schools/Email/displayName]&lt;/b&gt;&lt;/td&gt;&lt;td&gt;$[mumbai_aided_schools/Email]&lt;/td&gt;&lt;/tr&gt;
  &lt;tr&gt;&lt;td&gt;&lt;b&gt;$[mumbai_aided_schools/GoogleMaps/displayName]&lt;/b&gt;&lt;/td&gt;&lt;td&gt;$[mumbai_aided_schools/GoogleMaps]&lt;/td&gt;&lt;/tr&gt;
  &lt;tr&gt;&lt;td&gt;&lt;b&gt;$[mumbai_aided_schools/Landline_n/displayName]&lt;/b&gt;&lt;/td&gt;&lt;td&gt;$[mumbai_aided_schools/Landline_n]&lt;/td&gt;&lt;/tr&gt;
  &lt;tr&gt;&lt;td&gt;&lt;b&gt;$[mumbai_aided_schools/Lat/displayName]&lt;/b&gt;&lt;/td&gt;&lt;td&gt;$[mumbai_aided_schools/Lat]&lt;/td&gt;&lt;/tr&gt;
  &lt;tr&gt;&lt;td&gt;&lt;b&gt;$[mumbai_aided_schools/Long/displayName]&lt;/b&gt;&lt;/td&gt;&lt;td&gt;$[mumbai_aided_schools/Long]&lt;/td&gt;&lt;/tr&gt;
  &lt;tr&gt;&lt;td&gt;&lt;b&gt;$[mumbai_aided_schools/OBJECTID_1/displayName]&lt;/b&gt;&lt;/td&gt;&lt;td&gt;$[mumbai_aided_schools/OBJECTID_1]&lt;/td&gt;&lt;/tr&gt;
  &lt;tr&gt;&lt;td&gt;&lt;b&gt;$[mumbai_aided_schools/Owner_Dept/displayName]&lt;/b&gt;&lt;/td&gt;&lt;td&gt;$[mumbai_aided_schools/Owner_Dept]&lt;/td&gt;&lt;/tr&gt;
  &lt;tr&gt;&lt;td&gt;&lt;b&gt;$[mumbai_aided_schools/SchName/displayName]&lt;/b&gt;&lt;/td&gt;&lt;td&gt;$[mumbai_aided_schools/SchName]&lt;/td&gt;&lt;/tr&gt;
  &lt;tr&gt;&lt;td&gt;&lt;b&gt;$[mumbai_aided_schools/Sch_Type/displayName]&lt;/b&gt;&lt;/td&gt;&lt;td&gt;$[mumbai_aided_schools/Sch_Type]&lt;/td&gt;&lt;/tr&gt;
  &lt;tr&gt;&lt;td&gt;&lt;b&gt;$[mumbai_aided_schools/Twitter_Ha/displayName]&lt;/b&gt;&lt;/td&gt;&lt;td&gt;$[mumbai_aided_schools/Twitter_Ha]&lt;/td&gt;&lt;/tr&gt;
  &lt;tr&gt;&lt;td&gt;&lt;b&gt;$[mumbai_aided_schools/VillageNam/displayName]&lt;/b&gt;&lt;/td&gt;&lt;td&gt;$[mumbai_aided_schools/VillageNam]&lt;/td&gt;&lt;/tr&gt;
  &lt;tr&gt;&lt;td&gt;&lt;b&gt;$[mumbai_aided_schools/Website/displayName]&lt;/b&gt;&lt;/td&gt;&lt;td&gt;$[mumbai_aided_schools/Website]&lt;/td&gt;&lt;/tr&gt;
&lt;/table&gt;
$[description]
    </text>
   </BalloonStyle>
  </Style>
  <Placemark>
   <visibility>
    0
   </visibility>
   <name>
    SHRI MOHANBHAI M PATEL GUJ
   </name>
   <styleUrl>
    #mumbai_aided_schools_style
   </styleUrl>
   <ExtendedData>
    <SchemaData schemaUrl="#J_mumbai_aided_schools_SIISSSSSISSSSSS">
     <SimpleData name="Address">
      J B Khot HIgh School Datta Pada Road
     </SimpleData>
     <SimpleData name="Cls_From">
      1
     </SimpleData>
     <SimpleData name="Cls_To">
      4
     </SimpleData>
     <SimpleData name="Email">
      mmpatelprimaryschool@gmail.com
     </SimpleData>
     <SimpleData name="GoogleMaps">
      https://www.google.com/maps/search/?api=1&amp;query=19.222067000267,72.8597130003598
     </SimpleData>
     <SimpleData name="Landline_n">
      022-28704929
     </SimpleData>
     <SimpleData name="Lat">
      19.222067000267
     </SimpleData>
     <SimpleData name="Long">
      72.8597130003598
     </SimpleData>
     <SimpleData name="OBJECTID_1">
      1
     </SimpleData>
     <SimpleData name="Owner_Dept">
      Education Dept
     </SimpleData>
     <SimpleData name="SchName">
      SHRI MOHANBHAI M PATEL GUJ
     </SimpleData>
     <SimpleData name="Sch_Type">
      3-Co-educational
     </SimpleData>
     <SimpleData name="Twitter_Ha">
      @mybmcedu
     </SimpleData>
     <SimpleData name="VillageNam">
      R / C
     </SimpleData>
     <SimpleData name="Website">
      education.maharashtra.gov.in/saral/27220100106
     </SimpleData>
    </SchemaData>
   </ExtendedData>
   <Point>
    <coordinates>
     72.859713,19.222067,0
    </coordinates>
   </Point>
  </Placemark>
  <Placemark>
   <visibility>
    0
   </visibility>
   <name>
    JAYABEN B KHOT ENG PRI
   </name>
   <styleUrl>
    #mumbai_aided_schools_style
   </styleUrl>
   <ExtendedData>
    <SchemaData schemaUrl="#J_mumbai_aided_schools_SIISSSSSISSSSSS">
     <SimpleData name="Address">
      JAYANAGAR DATTAPADA ROAD BORIVALI EAST MUMBAI 400066
     </SimpleData>
     <SimpleData name="Cls_From">
      1
     </SimpleData>
     <SimpleData name="Cls_To">
      4
     </SimpleData>
     <SimpleData name="Email">
      jbkhot1969@gmail.com
     </SimpleData>
     <SimpleData name="GoogleMaps">
      https://www.google.com/maps/search/?api=1&amp;query=19.2221270001278,72.859617999983
     </SimpleData>
     <SimpleData name="Landline_n">
      022-28704929
     </SimpleData>
     <SimpleData name="Lat">
      19.2221270001278
     </SimpleData>
     <SimpleData name="Long">
      72.859617999983
     </SimpleData>
     <SimpleData name="OBJECTID_1">
      2
     </SimpleData>
     <SimpleData name="Owner_Dept">
      Education Dept
     </SimpleData>
     <SimpleData name="SchName">
      JAYABEN B KHOT ENG PRI
     </SimpleData>
     <SimpleData name="Sch_Type">
      3-Co-educational
     </SimpleData>
     <SimpleData name="Twitter_Ha">
      @mybmcedu
     </SimpleData>
     <SimpleData name="VillageNam">
      R / C
     </SimpleData>
     <SimpleData name="Website">
      education.maharashtra.gov.in/saral/27220100107
     </SimpleData>
    </SchemaData>
   </ExtendedData>
   <Point>
    <coordinates>
     72.859618,19.222127,0
    </coordinates>
   </Point>
  </Placemark>
  <Placemark>
   <visibility>
    0
   </visibility>
   <name>
    NALANDA ENGLISH PRIMARY SCHOOL
   </name>
   <styleUrl>
    #mumbai_aided_schools_style
   </styleUrl>
   <ExtendedData>
    <SchemaData schemaUrl="#J_mumbai_aided_schools_SIISSSSSISSSSSS">
     <SimpleData name="Address">
      Rajendra Nagar, Dattapada Rd. Borivali East. Mumbai 400066
     </SimpleData>
     <SimpleData name="Cls_From">
      1
     </SimpleData>
     <SimpleData name="Cls_To">
      4
     </SimpleData>
     <SimpleData name="Email">
      nalandaschool123@yahoo.com
     </SimpleData>
     <SimpleData name="GoogleMaps">
      https://www.google.com/maps/search/?api=1&amp;query=19.2181579997153,72.8585689994924
     </SimpleData>
     <SimpleData name="Landline_n">
      022-28709860
     </SimpleData>
     <SimpleData name="Lat">
      19.2181579997153
     </SimpleData>
     <SimpleData name="Long">
      72.8585689994924
     </SimpleData>
     <SimpleData name="OBJECTID_1">
      3
     </SimpleData>
     <SimpleData name="Owner_Dept">
      Education Dept
     </SimpleData>
     <SimpleData name="SchName">
      NALANDA ENGLISH PRIMARY SCHOOL
     </SimpleData>
     <SimpleData name="Sch_Type">
      3-Co-educational
     </SimpleData>
     <SimpleData name="Twitter_Ha">
      @mybmcedu
     </SimpleData>
     <SimpleData name="VillageNam">
      R / C
     </SimpleData>
     <SimpleData name="Website">
      www.mynehs.in
     </SimpleData>
    </SchemaData>
   </ExtendedData>
   <Point>
    <coordinates>
     72.858569,19.218158,0
    </coordinates>
   </Point>
  </Placemark>
  <Placemark>
   <visibility>
    0
   </visibility>
   <name>
    S P SANGH YOJANA  VIDYALAY
   </name>
   <styleUrl>
    #mumbai_aided_schools_style
   </styleUrl>
   <ExtendedData>
    <SchemaData schemaUrl="#J_mumbai_aided_schools_SIISSSSSISSSSSS">
     <SimpleData name="Address">
      Brihanmumbai Mananagarpalika
     </SimpleData>
     <SimpleData name="Cls_From">
      1
     </SimpleData>
     <SimpleData name="Cls_To">
      4
     </SimpleData>
     <SimpleData name="Email">
      yojnavidyalaya@gmail.com
     </SimpleData>
     <SimpleData name="GoogleMaps">
      https://www.google.com/maps/search/?api=1&amp;query=19.2234020008055,72.8657170002105
     </SimpleData>
     <SimpleData name="Landline_n">
      022-28862129
     </SimpleData>
     <SimpleData name="Lat">
      19.2234020008055
     </SimpleData>
     <SimpleData name="Long">
      72.8657170002105
     </SimpleData>
     <SimpleData name="OBJECTID_1">
      4
     </SimpleData>
     <SimpleData name="Owner_Dept">
      Education Dept
     </SimpleData>
     <SimpleData name="SchName">
      S P SANGH YOJANA  VIDYALAY
     </SimpleData>
     <SimpleData name="Sch_Type">
      3-Co-educational
     </SimpleData>
     <SimpleData name="Twitter_Ha">
      @mybmcedu
     </SimpleData>
     <SimpleData name="VillageNam">
      R / C
     </SimpleData>
     <SimpleData name="Website">
     </SimpleData>
    </SchemaData>
   </ExtendedData>
   <Point>
    <coordinates>
     72.865717,19.223402,0
    </coordinates>
   </Point>
  </Placemark>
  <Placemark>
   <visibility>
    0
   </visibility>
   <name>
    SHETH JADAVJI JETHABHAI GUJ
   </name>
   <styleUrl>
    #mumbai_aided_schools_style
   </styleUrl>
   <ExtendedData>
    <SchemaData schemaUrl="#J_mumbai_aided_schools_SIISSSSSISSSSSS">
     <SimpleData name="Address">
      MGRoadBorivaliEastMumbai400066
     </SimpleData>
     <SimpleData name="Cls_From">
      1
     </SimpleData>
     <SimpleData name="Cls_To">
      4
     </SimpleData>
     <SimpleData name="Email">
      shethjjprimarygujrath@gmail.com
     </SimpleData>
     <SimpleData name="GoogleMaps">
      https://www.google.com/maps/search/?api=1&amp;query=19.2324329991599,72.8596979992749
     </SimpleData>
     <SimpleData name="Landline_n">
      022-28924254
     </SimpleData>
     <SimpleData name="Lat">
      19.2324329991599
     </SimpleData>
     <SimpleData name="Long">
      72.8596979992749
     </SimpleData>
     <SimpleData name="OBJECTID_1">
      5
     </SimpleData>
     <SimpleData name="Owner_Dept">
      Education Dept
     </SimpleData>
     <SimpleData name="SchName">
      SHETH JADAVJI JETHABHAI GUJ
     </SimpleData>
     <SimpleData name="Sch_Type">
      3-Co-educational
     </SimpleData>
     <SimpleData name="Twitter_Ha">
      @mybmcedu
     </SimpleData>
     <SimpleData name="VillageNam">
      R / C
     </SimpleData>
     <SimpleData name="Website">
     </SimpleData>
    </SchemaData>
   </ExtendedData>
   <Point>
    <coordinates>
     72.85969799999999,19.232433,0
    </coordinates>
   </Point>
  </Placemark>
  <Placemark>
   <visibility>
    0
   </visibility>
   <name>
    SHRI RATANSHI GORDHANDAS BAJARIA ENG SCHOOL
   </name>
   <styleUrl>
    #mumbai_aided_schools_style
   </styleUrl>
   <ExtendedData>
    <SchemaData schemaUrl="#J_mumbai_aided_schools_SIISSSSSISSSSSS">
     <SimpleData name="Address">
      C/o G.H.school compound M.G.Road  Borivali East Mumbai 400066
     </SimpleData>
     <SimpleData name="Cls_From">
      1
     </SimpleData>
     <SimpleData name="Cls_To">
      4
     </SimpleData>
     <SimpleData name="Email">
      kanchansanjayk@gmail.com
     </SimpleData>
     <SimpleData name="GoogleMaps">
      https://www.google.com/maps/search/?api=1&amp;query=19.2323029994963,72.8598730006108
     </SimpleData>
     <SimpleData name="Landline_n">
      022-28924254
     </SimpleData>
     <SimpleData name="Lat">
      19.2323029994963
     </SimpleData>
     <SimpleData name="Long">
      72.8598730006108
     </SimpleData>
     <SimpleData name="OBJECTID_1">
      6
     </SimpleData>
     <SimpleData name="Owner_Dept">
      Education Dept
     </SimpleData>
     <SimpleData name="SchName">
      SHRI RATANSHI GORDHANDAS BAJARIA ENG SCHOOL
     </SimpleData>
     <SimpleData name="Sch_Type">
      3-Co-educational
     </SimpleData>
     <SimpleData name="Twitter_Ha">
      @mybmcedu
     </SimpleData>
     <SimpleData name="VillageNam">
      R / C
     </SimpleData>
     <SimpleData name="Website">
      www.education.maharashtra.gov.in/saral/27220100128
     </SimpleData>
    </SchemaData>
   </ExtendedData>
   <Point>
    <coordinates>
     72.85987299999999,19.232303,0
    </coordinates>
   </Point>
  </Placemark>
  <Placemark>
   <visibility>
    0
   </visibility>
   <name>
    SMT. SHUSHILA MAHADEV PADHYE PRIMARY SCHOOL
   </name>
   <styleUrl>
    #mumbai_aided_schools_style
   </styleUrl>
   <ExtendedData>
    <SchemaData schemaUrl="#J_mumbai_aided_schools_SIISSSSSISSSSSS">
     <SimpleData name="Address">
      123/124. abhinav nagar , borivali east, mumbai-400066
     </SimpleData>
     <SimpleData name="Cls_From">
      1
     </SimpleData>
     <SimpleData name="Cls_To">
      4
     </SimpleData>
     <SimpleData name="Email">
      Abinavprimary125@gmail.com
     </SimpleData>
     <SimpleData name="GoogleMaps">
      https://www.google.com/maps/search/?api=1&amp;query=19.230631999846,72.8702149994024
     </SimpleData>
     <SimpleData name="Landline_n">
      022-28973935
     </SimpleData>
     <SimpleData name="Lat">
      19.230631999846
     </SimpleData>
     <SimpleData name="Long">
      72.8702149994024
     </SimpleData>
     <SimpleData name="OBJECTID_1">
      7
     </SimpleData>
     <SimpleData name="Owner_Dept">
      Education Dept
     </SimpleData>
     <SimpleData name="SchName">
      SMT. SHUSHILA MAHADEV PADHYE PRIMARY SCHOOL
     </SimpleData>
     <SimpleData name="Sch_Type">
      3-Co-educational
     </SimpleData>
     <SimpleData name="Twitter_Ha">
      @mybmcedu
     </SimpleData>
     <SimpleData name="VillageNam">
      R / C
     </SimpleData>
     <SimpleData name="Website">
     </SimpleData>
    </SchemaData>
   </ExtendedData>
   <Point>
    <coordinates>
     72.870215,19.230632,0
    </coordinates>
   </Point>
  </Placemark>
  <Placemark>
   <visibility>
    0
   </visibility>
   <name>
    SHREE KRISHANA VIDYALYA
   </name>
   <styleUrl>
    #mumbai_aided_schools_style
   </styleUrl>
   <ExtendedData>
    <SchemaData schemaUrl="#J_mumbai_aided_schools_SIISSSSSISSSSSS">
     <SimpleData name="Address">
      Shri Krishna Nagar Borivali  - East
     </SimpleData>
     <SimpleData name="Cls_From">
      1
     </SimpleData>
     <SimpleData name="Cls_To">
      4
     </SimpleData>
     <SimpleData name="Email">
      shreekrishnavidyalay2607@gmail.com
     </SimpleData>
     <SimpleData name="GoogleMaps">
      https://www.google.com/maps/search/?api=1&amp;query=19.2333190000047,72.8665369998131
     </SimpleData>
     <SimpleData name="Landline_n">
      022-28975332
     </SimpleData>
     <SimpleData name="Lat">
      19.2333190000047
     </SimpleData>
     <SimpleData name="Long">
      72.8665369998131
     </SimpleData>
     <SimpleData name="OBJECTID_1">
      8
     </SimpleData>
     <SimpleData name="Owner_Dept">
      Education Dept
     </SimpleData>
     <SimpleData name="SchName">
      SHREE KRISHANA VIDYALYA
     </SimpleData>
     <SimpleData name="Sch_Type">
      3-Co-educational
     </SimpleData>
     <SimpleData name="Twitter_Ha">
      @mybmcedu
     </SimpleData>
     <SimpleData name="VillageNam">
      R / C
     </SimpleData>
     <SimpleData name="Website">
     </SimpleData>
    </SchemaData>
   </ExtendedData>
   <Point>
    <coordinates>
     72.86653699999999,19.233319,0
    </coordinates>
   </Point>
  </Placemark>
  <Placemark>
   <visibility>
    0
   </visibility>
   <name>
    RAMKRISHANA VIDYALYA MAR
   </name>
   <styleUrl>
    #mumbai_aided_schools_style
   </styleUrl>
   <ExtendedData>
    <SchemaData schemaUrl="#J_mumbai_aided_schools_SIISSSSSISSSSSS">
     <SimpleData name="Address">
      OM JAGANNATH NAGAR, JAGARDEV COMPOUND, KAJUPADA, BORIVALI EAST, MUMBAI 400066
     </SimpleData>
     <SimpleData name="Cls_From">
      1
     </SimpleData>
     <SimpleData name="Cls_To">
      4
     </SimpleData>
     <SimpleData name="Email">
      roshni_shinde12@rediffmail.com
     </SimpleData>
     <SimpleData name="GoogleMaps">
      https://www.google.com/maps/search/?api=1&amp;query=19.2366220005597,72.8713380003926
     </SimpleData>
     <SimpleData name="Landline_n">
      022-28975571
     </SimpleData>
     <SimpleData name="Lat">
      19.2366220005597
     </SimpleData>
     <SimpleData name="Long">
      72.8713380003926
     </SimpleData>
     <SimpleData name="OBJECTID_1">
      9
     </SimpleData>
     <SimpleData name="Owner_Dept">
      Education Dept
     </SimpleData>
     <SimpleData name="SchName">
      RAMKRISHANA VIDYALYA MAR
     </SimpleData>
     <SimpleData name="Sch_Type">
      3-Co-educational
     </SimpleData>
     <SimpleData name="Twitter_Ha">
      @mybmcedu
     </SimpleData>
     <SimpleData name="VillageNam">
      R / C
     </SimpleData>
     <SimpleData name="Website">
      education.maharashtra.gov.in/saral/27220100135
     </SimpleData>
    </SchemaData>
   </ExtendedData>
   <Point>
    <coordinates>
     72.87133799999999,19.236622,0
    </coordinates>
   </Point>
  </Placemark>
  <Placemark>
   <visibility>
    0
   </visibility>
   <name>
    COSMOS HIGHSCHOOL MAR
   </name>
   <styleUrl>
    #mumbai_aided_schools_style
   </styleUrl>
   <ExtendedData>
    <SchemaData schemaUrl="#J_mumbai_aided_schools_SIISSSSSISSSSSS">
     <SimpleData name="Address">
      Borivali Mumbai Suburban
     </SimpleData>
     <SimpleData name="Cls_From">
      1
     </SimpleData>
     <SimpleData name="Cls_To">
      4
     </SimpleData>
     <SimpleData name="Email">
      cosmos.highschool.marathi@gmail.com
     </SimpleData>
     <SimpleData name="GoogleMaps">
      https://www.google.com/maps/search/?api=1&amp;query=19.2360790002108,72.8679440000397
     </SimpleData>
     <SimpleData name="Landline_n">
      022-28975924
     </SimpleData>
     <SimpleData name="Lat">
      19.2360790002108
     </SimpleData>
     <SimpleData name="Long">
      72.8679440000397
     </SimpleData>
     <SimpleData name="OBJECTID_1">
      10
     </SimpleData>
     <SimpleData name="Owner_Dept">
      Education Dept
     </SimpleData>
     <SimpleData name="SchName">
      COSMOS HIGHSCHOOL MAR
     </SimpleData>
     <SimpleData name="Sch_Type">
      3-Co-educational
     </SimpleData>
     <SimpleData name="Twitter_Ha">
      @mybmcedu
     </SimpleData>
     <SimpleData name="VillageNam">
      R / C
     </SimpleData>
     <SimpleData name="Website">
     </SimpleData>
    </SchemaData>
   </ExtendedData>
   <Point>
    <coordinates>
     72.86794399999999,19.236079,0
    </coordinates>
   </Point>
  </Placemark>
  <Placemark>
   <visibility>
    0
   </visibility>
   <name>
    BHARAT JATIYA VIDYA MANDIR HINDI SCHOOL
   </name>
   <styleUrl>
    #mumbai_aided_schools_style
   </styleUrl>
   <ExtendedData>
    <SchemaData schemaUrl="#J_mumbai_aided_schools_SIISSSSSISSSSSS">
     <SimpleData name="Address">
      BORIVALI MUMBAI -SUBURBAN
     </SimpleData>
     <SimpleData name="Cls_From">
      1
     </SimpleData>
     <SimpleData name="Cls_To">
      4
     </SimpleData>
     <SimpleData name="Email">
      bjvm111hindi@gmail.com
     </SimpleData>
     <SimpleData name="GoogleMaps">
      https://www.google.com/maps/search/?api=1&amp;query=19.2364959995035,72.8619979999425
     </SimpleData>
     <SimpleData name="Landline_n">
      022-28948487
     </SimpleData>
     <SimpleData name="Lat">
      19.2364959995035
     </SimpleData>
     <SimpleData name="Long">
      72.8619979999425
     </SimpleData>
     <SimpleData name="OBJECTID_1">
      11
     </SimpleData>
     <SimpleData name="Owner_Dept">
      Education Dept
     </SimpleData>
     <SimpleData name="SchName">
      BHARAT JATIYA VIDYA MANDIR HINDI SCHOOL
     </SimpleData>
     <SimpleData name="Sch_Type">
      3-Co-educational
     </SimpleData>
     <SimpleData name="Twitter_Ha">
      @mybmcedu
     </SimpleData>
     <SimpleData name="VillageNam">
      R / C
     </SimpleData>
     <SimpleData name="Website">
     </SimpleData>
    </SchemaData>
   </ExtendedData>
   <Point>
    <coordinates>
     72.861998,19.236496,0
    </coordinates>
   </Point>
  </Placemark>
  <Placemark>
   <visibility>
    0
   </visibility>
   <name>
    BHARAT JATIYA VIDYA MANDIR GUJARATI SCHOOL
   </name>
   <styleUrl>
    #mumbai_aided_schools_style
   </styleUrl>
   <ExtendedData>
    <SchemaData schemaUrl="#J_mumbai_aided_schools_SIISSSSSISSSSSS">
     <SimpleData name="Address">
      BORIVALI  MUMBAI-  SUBURBAN
     </SimpleData>
     <SimpleData name="Cls_From">
      1
     </SimpleData>
     <SimpleData name="Cls_To">
      4
     </SimpleData>
     <SimpleData name="Email">
      bjvm111gujarati@gmail.com
     </SimpleData>
     <SimpleData name="GoogleMaps">
      https://www.google.com/maps/search/?api=1&amp;query=19.2362189993086,72.8627579999245
     </SimpleData>
     <SimpleData name="Landline_n">
      022-28948487
     </SimpleData>
     <SimpleData name="Lat">
      19.2362189993086
     </SimpleData>
     <SimpleData name="Long">
      72.8627579999245
     </SimpleData>
     <SimpleData name="OBJECTID_1">
      12
     </SimpleData>
     <SimpleData name="Owner_Dept">
      Education Dept
     </SimpleData>
     <SimpleData name="SchName">
      BHARAT JATIYA VIDYA MANDIR GUJARATI SCHOOL
     </SimpleData>
     <SimpleData name="Sch_Type">
      3-Co-educational
     </SimpleData>
     <SimpleData name="Twitter_Ha">
      @mybmcedu
     </SimpleData>
     <SimpleData name="VillageNam">
      R / C
     </SimpleData>
     <SimpleData name="Website">
     </SimpleData>
    </SchemaData>
   </ExtendedData>
   <Point>
    <coordinates>
     72.862758,19.236219,0
    </coordinates>
   </Point>
  </Placemark>
  <Placemark>
   <visibility>
    0
   </visibility>
   <name>
    ABHINAV LITTLE ANGES PRIMARY ENGLISH SCHOOL
   </name>
   <styleUrl>
    #mumbai_aided_schools_style
   </styleUrl>
   <ExtendedData>
    <SchemaData schemaUrl="#J_mumbai_aided_schools_SIISSSSSISSSSSS">
     <SimpleData name="Address">
      123 124 Abhinav Nagar Borivali E MUM 66
     </SimpleData>
     <SimpleData name="Cls_From">
      1
     </SimpleData>
     <SimpleData name="Cls_To">
      4
     </SimpleData>
     <SimpleData name="Email">
      abhinavangels123@gmail.com
     </SimpleData>
     <SimpleData name="GoogleMaps">
      https://www.google.com/maps/search/?api=1&amp;query=19.2314009996214,72.8589479998862
     </SimpleData>
     <SimpleData name="Landline_n">
      022-28973935
     </SimpleData>
     <SimpleData name="Lat">
      19.2314009996214
     </SimpleData>
     <SimpleData name="Long">
      72.8589479998862
     </SimpleData>
     <SimpleData name="OBJECTID_1">
      13
     </SimpleData>
     <SimpleData name="Owner_Dept">
      Education Dept
     </SimpleData>
     <SimpleData name="SchName">
      ABHINAV LITTLE ANGES PRIMARY ENGLISH SCHOOL
     </SimpleData>
     <SimpleData name="Sch_Type">
      3-Co-educational
     </SimpleData>
     <SimpleData name="Twitter_Ha">
      @mybmcedu
     </SimpleData>
     <SimpleData name="VillageNam">
      R / C
     </SimpleData>
     <SimpleData name="Website">
     </SimpleData>
    </SchemaData>
   </ExtendedData>
   <Point>
    <coordinates>
     72.858948,19.231401,0
    </coordinates>
   </Point>
  </Placemark>
  <Placemark>
   <visibility>
    0
   </visibility>
   <name>
    GOKHALE EDU SOC MAR
   </name>
   <styleUrl>
    #mumbai_aided_schools_style
   </styleUrl>
   <ExtendedData>
    <SchemaData schemaUrl="#J_mumbai_aided_schools_SIISSSSSISSSSSS">
     <SimpleData name="Address">
      SHISHU VIKAS MANDIR,SHIMPOLI ROAD,BORIVALI,WEST, MUMBAI,400092
     </SimpleData>
     <SimpleData name="Cls_From">
      1
     </SimpleData>
     <SimpleData name="Cls_To">
      4
     </SimpleData>
     <SimpleData name="Email">
      summm@rediffmail.com
     </SimpleData>
     <SimpleData name="GoogleMaps">
      https://www.google.com/maps/search/?api=1&amp;query=19.2234619991486,72.8508770000094
     </SimpleData>
     <SimpleData name="Landline_n">
      022-28990423
     </SimpleData>
     <SimpleData name="Lat">
      19.2234619991486
     </SimpleData>
     <SimpleData name="Long">
      72.8508770000094
     </SimpleData>
     <SimpleData name="OBJECTID_1">
      14
     </SimpleData>
     <SimpleData name="Owner_Dept">
      Education Dept
     </SimpleData>
     <SimpleData name="SchName">
      GOKHALE EDU SOC MAR
     </SimpleData>
     <SimpleData name="Sch_Type">
      3-Co-educational
     </SimpleData>
     <SimpleData name="Twitter_Ha">
      @mybmcedu
     </SimpleData>
     <SimpleData name="VillageNam">
      R / C
     </SimpleData>
     <SimpleData name="Website">
     </SimpleData>
    </SchemaData>
   </ExtendedData>
   <Point>
    <coordinates>
     72.850877,19.223462,0
    </coordinates>
   </Point>
  </Placemark>
  <Placemark>
   <visibility>
    0
   </visibility>
   <name>
    MATUSHRI V V GUJ
   </name>
   <styleUrl>
    #mumbai_aided_schools_style
   </styleUrl>
   <ExtendedData>
    <SchemaData schemaUrl="#J_mumbai_aided_schools_SIISSSSSISSSSSS">
     <SimpleData name="Address">
      FACTORY LANE BORIVALI WEST MUMBAI 400092
     </SimpleData>
     <SimpleData name="Cls_From">
      1
     </SimpleData>
     <SimpleData name="Cls_To">
      4
     </SimpleData>
     <SimpleData name="Email">
      matushrivvgala@gmail.com
     </SimpleData>
     <SimpleData name="GoogleMaps">
      https://www.google.com/maps/search/?api=1&amp;query=19.2272019999441,72.8509279999777
     </SimpleData>
     <SimpleData name="Landline_n">
      022-28990984
     </SimpleData>
     <SimpleData name="Lat">
      19.2272019999441
     </SimpleData>
     <SimpleData name="Long">
      72.8509279999777
     </SimpleData>
     <SimpleData name="OBJECTID_1">
      15
     </SimpleData>
     <SimpleData name="Owner_Dept">
      Education Dept
     </SimpleData>
     <SimpleData name="SchName">
      MATUSHRI V V GUJ
     </SimpleData>
     <SimpleData name="Sch_Type">
      3-Co-educational
     </SimpleData>
     <SimpleData name="Twitter_Ha">
      @mybmcedu
     </SimpleData>
     <SimpleData name="VillageNam">
      R / C
     </SimpleData>
     <SimpleData name="Website">
      education.maharashtra.gov.in
     </SimpleData>
    </SchemaData>
   </ExtendedData>
   <Point>
    <coordinates>
     72.850928,19.227202,0
    </coordinates>
   </Point>
  </Placemark>
  <Placemark>
   <visibility>
    0
   </visibility>
   <name>
    JAYABEN B KHOT SCH GUJ
   </name>
   <styleUrl>
    #mumbai_aided_schools_style
   </styleUrl>
   <ExtendedData>
    <SchemaData schemaUrl="#J_mumbai_aided_schools_SIISSSSSISSSSSS">
     <SimpleData name="Address">
      SAIBABA NAGAR BORIVALI WEST
     </SimpleData>
     <SimpleData name="Cls_From">
      1
     </SimpleData>
     <SimpleData name="Cls_To">
      4
     </SimpleData>
     <SimpleData name="Email">
      jayabenkhotgujratipri@gmail.com
     </SimpleData>
     <SimpleData name="GoogleMaps">
      https://www.google.com/maps/search/?api=1&amp;query=19.2164279999851,72.8471599996614
     </SimpleData>
     <SimpleData name="Landline_n">
      022-28092338
     </SimpleData>
     <SimpleData name="Lat">
      19.2164279999851
     </SimpleData>
     <SimpleData name="Long">
      72.8471599996614
     </SimpleData>
     <SimpleData name="OBJECTID_1">
      16
     </SimpleData>
     <SimpleData name="Owner_Dept">
      Education Dept
     </SimpleData>
     <SimpleData name="SchName">
      JAYABEN B KHOT SCH GUJ
     </SimpleData>
     <SimpleData name="Sch_Type">
      3-Co-educational
     </SimpleData>
     <SimpleData name="Twitter_Ha">
      @mybmcedu
     </SimpleData>
     <SimpleData name="VillageNam">
      R / C
     </SimpleData>
     <SimpleData name="Website">
     </SimpleData>
    </SchemaData>
   </ExtendedData>
   <Point>
    <coordinates>
     72.84716,19.216428,0
    </coordinates>
   </Point>
  </Placemark>
  <Placemark>
   <visibility>
    0
   </visibility>
   <name>
    DNYANVARDHINI MARATHI
   </name>
   <styleUrl>
    #mumbai_aided_schools_style
   </styleUrl>
   <ExtendedData>
    <SchemaData schemaUrl="#J_mumbai_aided_schools_SIISSSSSISSSSSS">
     <SimpleData name="Address">
      Plot No 10 Sector No 7 Charkop Kandivali
     </SimpleData>
     <SimpleData name="Cls_From">
      1
     </SimpleData>
     <SimpleData name="Cls_To">
      4
     </SimpleData>
     <SimpleData name="Email">
      dnyanvardhinischool2014@gmail.com
     </SimpleData>
     <SimpleData name="GoogleMaps">
      https://www.google.com/maps/search/?api=1&amp;query=19.2286179997497,72.8216630003752
     </SimpleData>
     <SimpleData name="Landline_n">
      022-28681503
     </SimpleData>
     <SimpleData name="Lat">
      19.2286179997497
     </SimpleData>
     <SimpleData name="Long">
      72.8216630003752
     </SimpleData>
     <SimpleData name="OBJECTID_1">
      17
     </SimpleData>
     <SimpleData name="Owner_Dept">
      Education Dept
     </SimpleData>
     <SimpleData name="SchName">
      DNYANVARDHINI MARATHI
     </SimpleData>
     <SimpleData name="Sch_Type">
      3-Co-educational
     </SimpleData>
     <SimpleData name="Twitter_Ha">
      @mybmcedu
     </SimpleData>
     <SimpleData name="VillageNam">
      R / C
     </SimpleData>
     <SimpleData name="Website">
      dvcrayat.com
     </SimpleData>
    </SchemaData>
   </ExtendedData>
   <Point>
    <coordinates>
     72.821663,19.228618,0
    </coordinates>
   </Point>
  </Placemark>
  <Placemark>
   <visibility>
    0
   </visibility>
   <name>
    PRIYADARSHANI VIDYYAM MAR
   </name>
   <styleUrl>
    #mumbai_aided_schools_style
   </styleUrl>
   <ExtendedData>
    <SchemaData schemaUrl="#J_mumbai_aided_schools_SIISSSSSISSSSSS">
     <SimpleData name="Address">
      SECTOR7 CHARKOP KANDIVALI WEST MUMBAI400067
     </SimpleData>
     <SimpleData name="Cls_From">
      1
     </SimpleData>
     <SimpleData name="Cls_To">
      4
     </SimpleData>
     <SimpleData name="Email">
      priyadarshini.vidyamandir@gmail.com
     </SimpleData>
     <SimpleData name="GoogleMaps">
      https://www.google.com/maps/search/?api=1&amp;query=19.2233690000297,72.8312259992534
     </SimpleData>
     <SimpleData name="Landline_n">
      022-28692583
     </SimpleData>
     <SimpleData name="Lat">
      19.2233690000297
     </SimpleData>
     <SimpleData name="Long">
      72.8312259992534
     </SimpleData>
     <SimpleData name="OBJECTID_1">
      18
     </SimpleData>
     <SimpleData name="Owner_Dept">
      Education Dept
     </SimpleData>
     <SimpleData name="SchName">
      PRIYADARSHANI VIDYYAM MAR
     </SimpleData>
     <SimpleData name="Sch_Type">
      3-Co-educational
     </SimpleData>
     <SimpleData name="Twitter_Ha">
      @mybmcedu
     </SimpleData>
     <SimpleData name="VillageNam">
      R / C
     </SimpleData>
     <SimpleData name="Website">
      priyadarshinirbssm.org
     </SimpleData>
    </SchemaData>
   </ExtendedData>
   <Point>
    <coordinates>
     72.831226,19.223369,0
    </coordinates>
   </Point>
  </Placemark>
  <Placemark>
   <visibility>
    0
   </visibility>
   <name>
    ANANDRAO PAWAR  SARSWATI
   </name>
   <styleUrl>
    #mumbai_aided_schools_style
   </styleUrl>
   <ExtendedData>
    <SchemaData schemaUrl="#J_mumbai_aided_schools_SIISSSSSISSSSSS">
     <SimpleData name="Address">
      RAM MANDIR ROAD , BABHAI, VAZIRA NAKA , BORIVALI WEST
     </SimpleData>
     <SimpleData name="Cls_From">
      1
     </SimpleData>
     <SimpleData name="Cls_To">
      4
     </SimpleData>
     <SimpleData name="Email">
      ujjwalkun16@gmail.com
     </SimpleData>
     <SimpleData name="GoogleMaps">
      https://www.google.com/maps/search/?api=1&amp;query=19.2269590002839,72.844228000067
     </SimpleData>
     <SimpleData name="Landline_n">
      022-28981869
     </SimpleData>
     <SimpleData name="Lat">
      19.2269590002839
     </SimpleData>
     <SimpleData name="Long">
      72.844228000067
     </SimpleData>
     <SimpleData name="OBJECTID_1">
      19
     </SimpleData>
     <SimpleData name="Owner_Dept">
      Education Dept
     </SimpleData>
     <SimpleData name="SchName">
      ANANDRAO PAWAR  SARSWATI
     </SimpleData>
     <SimpleData name="Sch_Type">
      3-Co-educational
     </SimpleData>
     <SimpleData name="Twitter_Ha">
      @mybmcedu
     </SimpleData>
     <SimpleData name="VillageNam">
      R / C
     </SimpleData>
     <SimpleData name="Website">
      apvidyalay.org
     </SimpleData>
    </SchemaData>
   </ExtendedData>
   <Point>
    <coordinates>
     72.844228,19.226959,0
    </coordinates>
   </Point>
  </Placemark>
  <Placemark>
   <visibility>
    0
   </visibility>
   <name>
    ST.ANNE'S HIGH SCHOOL MARATHI
   </name>
   <styleUrl>
    #mumbai_aided_schools_style
   </styleUrl>
   <ExtendedData>
    <SchemaData schemaUrl="#J_mumbai_aided_schools_SIISSSSSISSSSSS">
     <SimpleData name="Address">
      L.T. ROAD BORIVALI WEST MUMBAI
     </SimpleData>
     <SimpleData name="Cls_From">
      1
     </SimpleData>
     <SimpleData name="Cls_To">
      4
     </SimpleData>
     <SimpleData name="Email">
      stannepri@gmail.com
     </SimpleData>
     <SimpleData name="GoogleMaps">
      https://www.google.com/maps/search/?api=1&amp;query=19.2281730000673,72.8504610002219
     </SimpleData>
     <SimpleData name="Landline_n">
      022-28992033
     </SimpleData>
     <SimpleData name="Lat">
      19.2281730000673
     </SimpleData>
     <SimpleData name="Long">
      72.8504610002219
     </SimpleData>
     <SimpleData name="OBJECTID_1">
      20
     </SimpleData>
     <SimpleData name="Owner_Dept">
      Education Dept
     </SimpleData>
     <SimpleData name="SchName">
      ST.ANNE'S HIGH SCHOOL MARATHI
     </SimpleData>
     <SimpleData name="Sch_Type">
      2-Girls
     </SimpleData>
     <SimpleData name="Twitter_Ha">
      @mybmcedu
     </SimpleData>
     <SimpleData name="VillageNam">
      R / C
     </SimpleData>
     <SimpleData name="Website">
     </SimpleData>
    </SchemaData>
   </ExtendedData>
   <Point>
    <coordinates>
     72.850461,19.228173,0
    </coordinates>
   </Point>
  </Placemark>
  <Placemark>
   <visibility>
    0
   </visibility>
   <name>
    SPS SUVIDYALYA PRI
   </name>
   <styleUrl>
    #mumbai_aided_schools_style
   </styleUrl>
   <ExtendedData>
    <SchemaData schemaUrl="#J_mumbai_aided_schools_SIISSSSSISSSSSS">
     <SimpleData name="Address">
      PARANJPE NAGAR VAZIRA NAKA BORIVALI WEST
     </SimpleData>
     <SimpleData name="Cls_From">
      1
     </SimpleData>
     <SimpleData name="Cls_To">
      4
     </SimpleData>
     <SimpleData name="Email">
      suvidyalay.primary@gmail.com
     </SimpleData>
     <SimpleData name="GoogleMaps">
      https://www.google.com/maps/search/?api=1&amp;query=19.2315860002535,72.8434349999655
     </SimpleData>
     <SimpleData name="Landline_n">
      022-28338517
     </SimpleData>
     <SimpleData name="Lat">
      19.2315860002535
     </SimpleData>
     <SimpleData name="Long">
      72.8434349999655
     </SimpleData>
     <SimpleData name="OBJECTID_1">
      21
     </SimpleData>
     <SimpleData name="Owner_Dept">
      Education Dept
     </SimpleData>
     <SimpleData name="SchName">
      SPS SUVIDYALYA PRI
     </SimpleData>
     <SimpleData name="Sch_Type">
      3-Co-educational
     </SimpleData>
     <SimpleData name="Twitter_Ha">
      @mybmcedu
     </SimpleData>
     <SimpleData name="VillageNam">
      R / C
     </SimpleData>
     <SimpleData name="Website">
     </SimpleData>
    </SchemaData>
   </ExtendedData>
   <Point>
    <coordinates>
     72.843435,19.231586,0
    </coordinates>
   </Point>
  </Placemark>
  <Placemark>
   <visibility>
    0
   </visibility>
   <name>
    SUVIDAYA  MHC CHOUGALE VID
   </name>
   <styleUrl>
    #mumbai_aided_schools_style
   </styleUrl>
   <ExtendedData>
    <SchemaData schemaUrl="#J_mumbai_aided_schools_SIISSSSSISSSSSS">
     <SimpleData name="Address">
      SPS Manohar Hariram Chogale Vidyalaya Gorai LInk Road GoraiBorivali  W Mumbai 92
     </SimpleData>
     <SimpleData name="Cls_From">
      1
     </SimpleData>
     <SimpleData name="Cls_To">
      4
     </SimpleData>
     <SimpleData name="Email">
      mhchogaleprimary@gmail.com
     </SimpleData>
     <SimpleData name="GoogleMaps">
      https://www.google.com/maps/search/?api=1&amp;query=19.2294739998182,72.8279579998666
     </SimpleData>
     <SimpleData name="Landline_n">
      022-28673747
     </SimpleData>
     <SimpleData name="Lat">
      19.2294739998182
     </SimpleData>
     <SimpleData name="Long">
      72.8279579998666
     </SimpleData>
     <SimpleData name="OBJECTID_1">
      22
     </SimpleData>
     <SimpleData name="Owner_Dept">
      Education Dept
     </SimpleData>
     <SimpleData name="SchName">
      SUVIDAYA  MHC CHOUGALE VID
     </SimpleData>
     <SimpleData name="Sch_Type">
      3-Co-educational
     </SimpleData>
     <SimpleData name="Twitter_Ha">
      @mybmcedu
     </SimpleData>
     <SimpleData name="VillageNam">
      R / C
     </SimpleData>
     <SimpleData name="Website">
     </SimpleData>
    </SchemaData>
   </ExtendedData>
   <Point>
    <coordinates>
     72.827958,19.229474,0
    </coordinates>
   </Point>
  </Placemark>
  <Placemark>
   <visibility>
    0
   </visibility>
   <name>
    MRS DAMYANTI DEVI TILAKGHARI
   </name>
   <styleUrl>
    #mumbai_aided_schools_style
   </styleUrl>
   <ExtendedData>
    <SchemaData schemaUrl="#J_mumbai_aided_schools_SIISSSSSISSSSSS">
     <SimpleData name="Address">
      Sharda Estate L T Road Vazira Naka Borivali
     </SimpleData>
     <SimpleData name="Cls_From">
      1
     </SimpleData>
     <SimpleData name="Cls_To">
      4
     </SimpleData>
     <SimpleData name="Email">
      dtjha.pv@gmail.com
     </SimpleData>
     <SimpleData name="GoogleMaps">
      https://www.google.com/maps/search/?api=1&amp;query=19.2283029995262,72.8450429999604
     </SimpleData>
     <SimpleData name="Landline_n">
      022-28980124
     </SimpleData>
     <SimpleData name="Lat">
      19.2283029995262
     </SimpleData>
     <SimpleData name="Long">
      72.8450429999604
     </SimpleData>
     <SimpleData name="OBJECTID_1">
      23
     </SimpleData>
     <SimpleData name="Owner_Dept">
      Education Dept
     </SimpleData>
     <SimpleData name="SchName">
      MRS DAMYANTI DEVI TILAKGHARI
     </SimpleData>
     <SimpleData name="Sch_Type">
      3-Co-educational
     </SimpleData>
     <SimpleData name="Twitter_Ha">
      @mybmcedu
     </SimpleData>
     <SimpleData name="VillageNam">
      R / C
     </SimpleData>
     <SimpleData name="Website">
     </SimpleData>
    </SchemaData>
   </ExtendedData>
   <Point>
    <coordinates>
     72.845043,19.228303,0
    </coordinates>
   </Point>
  </Placemark>
  <Placemark>
   <visibility>
    0
   </visibility>
   <name>
    ST ALOYSIUS  ENG PRI SCHOOL
   </name>
   <styleUrl>
    #mumbai_aided_schools_style
   </styleUrl>
   <ExtendedData>
    <SchemaData schemaUrl="#J_mumbai_aided_schools_SIISSSSSISSSSSS">
     <SimpleData name="Address">
      GORAI VILLAGE, MUMBAI SUBURBAN
     </SimpleData>
     <SimpleData name="Cls_From">
      1
     </SimpleData>
     <SimpleData name="Cls_To">
      4
     </SimpleData>
     <SimpleData name="Email">
      staloysiusprimarys@gmail.com
     </SimpleData>
     <SimpleData name="GoogleMaps">
      https://www.google.com/maps/search/?api=1&amp;query=19.2403929996571,72.7829259994782
     </SimpleData>
     <SimpleData name="Landline_n">
      022-28452482
     </SimpleData>
     <SimpleData name="Lat">
      19.2403929996571
     </SimpleData>
     <SimpleData name="Long">
      72.7829259994782
     </SimpleData>
     <SimpleData name="OBJECTID_1">
      24
     </SimpleData>
     <SimpleData name="Owner_Dept">
      Education Dept
     </SimpleData>
     <SimpleData name="SchName">
      ST ALOYSIUS  ENG PRI SCHOOL
     </SimpleData>
     <SimpleData name="Sch_Type">
      3-Co-educational
     </SimpleData>
     <SimpleData name="Twitter_Ha">
      @mybmcedu
     </SimpleData>
     <SimpleData name="VillageNam">
      R / C
     </SimpleData>
     <SimpleData name="Website">
      education.maharashtra.gov.in/saral/27220100180
     </SimpleData>
    </SchemaData>
   </ExtendedData>
   <Point>
    <coordinates>
     72.782926,19.240393,0
    </coordinates>
   </Point>
  </Placemark>
  <Placemark>
   <visibility>
    0
   </visibility>
   <name>
    PRAGATI VIDYALYA MAR
   </name>
   <styleUrl>
    #mumbai_aided_schools_style
   </styleUrl>
   <ExtendedData>
    <SchemaData schemaUrl="#J_mumbai_aided_schools_SIISSSSSISSSSSS">
     <SimpleData name="Address">
      BMC School No.9, Gorai -2, Borivali west, Mumbai 400092
     </SimpleData>
     <SimpleData name="Cls_From">
      1
     </SimpleData>
     <SimpleData name="Cls_To">
      4
     </SimpleData>
     <SimpleData name="Email">
      pragatividyalaya95@gmail.com
     </SimpleData>
     <SimpleData name="GoogleMaps">
      https://www.google.com/maps/search/?api=1&amp;query=19.2233320000824,72.8309739995873
     </SimpleData>
     <SimpleData name="Landline_n">
      022-2220000
     </SimpleData>
     <SimpleData name="Lat">
      19.2233320000824
     </SimpleData>
     <SimpleData name="Long">
      72.8309739995873
     </SimpleData>
     <SimpleData name="OBJECTID_1">
      25
     </SimpleData>
     <SimpleData name="Owner_Dept">
      Education Dept
     </SimpleData>
     <SimpleData name="SchName">
      PRAGATI VIDYALYA MAR
     </SimpleData>
     <SimpleData name="Sch_Type">
      3-Co-educational
     </SimpleData>
     <SimpleData name="Twitter_Ha">
      @mybmcedu
     </SimpleData>
     <SimpleData name="VillageNam">
      R / C
     </SimpleData>
     <SimpleData name="Website">
     </SimpleData>
    </SchemaData>
   </ExtendedData>
   <Point>
    <coordinates>
     72.830974,19.223332,0
    </coordinates>
   </Point>
  </Placemark>
  <Placemark>
   <visibility>
    0
   </visibility>
   <name>
    VIDAYVIKAS SABHA
   </name>
   <styleUrl>
    #mumbai_aided_schools_style
   </styleUrl>
   <ExtendedData>
    <SchemaData schemaUrl="#J_mumbai_aided_schools_SIISSSSSISSSSSS">
     <SimpleData name="Address">
      Govindnagar Sodavala Lane Borivali W.Mumbai No.400092
     </SimpleData>
     <SimpleData name="Cls_From">
      1
     </SimpleData>
     <SimpleData name="Cls_To">
      4
     </SimpleData>
     <SimpleData name="Email">
      vidyavikassabhapri213@gmail.com
     </SimpleData>
     <SimpleData name="GoogleMaps">
      https://www.google.com/maps/search/?api=1&amp;query=19.2339339994574,72.8515650003613
     </SimpleData>
     <SimpleData name="Landline_n">
      022-28932812
     </SimpleData>
     <SimpleData name="Lat">
      19.2339339994574
     </SimpleData>
     <SimpleData name="Long">
      72.8515650003613
     </SimpleData>
     <SimpleData name="OBJECTID_1">
      26
     </SimpleData>
     <SimpleData name="Owner_Dept">
      Education Dept
     </SimpleData>
     <SimpleData name="SchName">
      VIDAYVIKAS SABHA
     </SimpleData>
     <SimpleData name="Sch_Type">
      3-Co-educational
     </SimpleData>
     <SimpleData name="Twitter_Ha">
      @mybmcedu
     </SimpleData>
     <SimpleData name="VillageNam">
      R / C
     </SimpleData>
     <SimpleData name="Website">
     </SimpleData>
    </SchemaData>
   </ExtendedData>
   <Point>
    <coordinates>
     72.85156499999999,19.233934,0
    </coordinates>
   </Point>
  </Placemark>
  <Placemark>
   <visibility>
    0
   </visibility>
   <name>
    MOHAN MORESHWAR MAR
   </name>
   <styleUrl>
    #mumbai_aided_schools_style
   </styleUrl>
   <ExtendedData>
    <SchemaData schemaUrl="#J_mumbai_aided_schools_SIISSSSSISSSSSS">
     <SimpleData name="Address">
      MORESHWAR BHOIR SHIKSHAN KENDRA S.N. DUBE ROAD RAWAL PADA DAHISAR EAST
     </SimpleData>
     <SimpleData name="Cls_From">
      1
     </SimpleData>
     <SimpleData name="Cls_To">
      4
     </SimpleData>
     <SimpleData name="Email">
      mmbpri@gmail.com
     </SimpleData>
     <SimpleData name="GoogleMaps">
      https://www.google.com/maps/search/?api=1&amp;query=19.2471030002026,72.8679019997137
     </SimpleData>
     <SimpleData name="Landline_n">
      022-28977944
     </SimpleData>
     <SimpleData name="Lat">
      19.2471030002026
     </SimpleData>
     <SimpleData name="Long">
      72.8679019997137
     </SimpleData>
     <SimpleData name="OBJECTID_1">
      27
     </SimpleData>
     <SimpleData name="Owner_Dept">
      Education Dept
     </SimpleData>
     <SimpleData name="SchName">
      MOHAN MORESHWAR MAR
     </SimpleData>
     <SimpleData name="Sch_Type">
      3-Co-educational
     </SimpleData>
     <SimpleData name="Twitter_Ha">
      @mybmcedu
     </SimpleData>
     <SimpleData name="VillageNam">
      R / N
     </SimpleData>
     <SimpleData name="Website">
      www.education.maharashtra.gov.in
     </SimpleData>
    </SchemaData>
   </ExtendedData>
   <Point>
    <coordinates>
     72.867902,19.247103,0
    </coordinates>
   </Point>
  </Placemark>
  <Placemark>
   <visibility>
    0
   </visibility>
   <name>
    TAMBE ED LAXMANRAO SHIVADAKAR MARATHI SCHOOL
   </name>
   <styleUrl>
    #mumbai_aided_schools_style
   </styleUrl>
   <ExtendedData>
    <SchemaData schemaUrl="#J_mumbai_aided_schools_SIISSSSSISSSSSS">
     <SimpleData name="Address">
      ASHOK NAGAR , GHARTANPADA NO.2 DAHISAR EAST, MUMBAI 400068.
     </SimpleData>
     <SimpleData name="Cls_From">
      1
     </SimpleData>
     <SimpleData name="Cls_To">
      4
     </SimpleData>
     <SimpleData name="Email">
      ismarathipv@gmail.com
     </SimpleData>
     <SimpleData name="GoogleMaps">
      https://www.google.com/maps/search/?api=1&amp;query=19.2493689999938,72.8702920000493
     </SimpleData>
     <SimpleData name="Landline_n">
      022-28963369
     </SimpleData>
     <SimpleData name="Lat">
      19.2493689999938
     </SimpleData>
     <SimpleData name="Long">
      72.8702920000493
     </SimpleData>
     <SimpleData name="OBJECTID_1">
      28
     </SimpleData>
     <SimpleData name="Owner_Dept">
      Education Dept
     </SimpleData>
     <SimpleData name="SchName">
      TAMBE ED LAXMANRAO SHIVADAKAR MARATHI SCHOOL
     </SimpleData>
     <SimpleData name="Sch_Type">
      3-Co-educational
     </SimpleData>
     <SimpleData name="Twitter_Ha">
      @mybmcedu
     </SimpleData>
     <SimpleData name="VillageNam">
      R / N
     </SimpleData>
     <SimpleData name="Website">
      www.tambeeducation.com
     </SimpleData>
    </SchemaData>
   </ExtendedData>
   <Point>
    <coordinates>
     72.87029200000001,19.249369,0
    </coordinates>
   </Point>
  </Placemark>
  <Placemark>
   <visibility>
    0
   </visibility>
   <name>
    PARAM PUJYA BAJRANGDAS BAPPA SCHOOL
   </name>
   <styleUrl>
    #mumbai_aided_schools_style
   </styleUrl>
   <ExtendedData>
    <SchemaData schemaUrl="#J_mumbai_aided_schools_SIISSSSSISSSSSS">
     <SimpleData name="Address">
      Shivai Sankul Shiv Vallabh Cross Road rawalpada Dahisar East
     </SimpleData>
     <SimpleData name="Cls_From">
      1
     </SimpleData>
     <SimpleData name="Cls_To">
      4
     </SimpleData>
     <SimpleData name="Email">
      ppbbvidyalaya@gmail.com
     </SimpleData>
     <SimpleData name="GoogleMaps">
      https://www.google.com/maps/search/?api=1&amp;query=19.2451559997444,72.8684870002423
     </SimpleData>
     <SimpleData name="Landline_n">
      022-28974097
     </SimpleData>
     <SimpleData name="Lat">
      19.2451559997444
     </SimpleData>
     <SimpleData name="Long">
      72.8684870002423
     </SimpleData>
     <SimpleData name="OBJECTID_1">
      29
     </SimpleData>
     <SimpleData name="Owner_Dept">
      Education Dept
     </SimpleData>
     <SimpleData name="SchName">
      PARAM PUJYA BAJRANGDAS BAPPA SCHOOL
     </SimpleData>
     <SimpleData name="Sch_Type">
      3-Co-educational
     </SimpleData>
     <SimpleData name="Twitter_Ha">
      @mybmcedu
     </SimpleData>
     <SimpleData name="VillageNam">
      R / N
     </SimpleData>
     <SimpleData name="Website">
     </SimpleData>
    </SchemaData>
   </ExtendedData>
   <Point>
    <coordinates>
     72.868487,19.245156,0
    </coordinates>
   </Point>
  </Placemark>
  <Placemark>
   <visibility>
    0
   </visibility>
   <name>
    SHREE VILASRAO B HINDI
   </name>
   <styleUrl>
    #mumbai_aided_schools_style
   </styleUrl>
   <ExtendedData>
    <SchemaData schemaUrl="#J_mumbai_aided_schools_SIISSSSSISSSSSS">
     <SimpleData name="Address">
      Shivaji chowk s.n.dubey road rawal pada dahisar  east
     </SimpleData>
     <SimpleData name="Cls_From">
      1
     </SimpleData>
     <SimpleData name="Cls_To">
      4
     </SimpleData>
     <SimpleData name="Email">
      bbupri@gmail.com
     </SimpleData>
     <SimpleData name="GoogleMaps">
      https://www.google.com/maps/search/?api=1&amp;query=19.2479059996566,72.8678070000149
     </SimpleData>
     <SimpleData name="Landline_n">
      022-28977944
     </SimpleData>
     <SimpleData name="Lat">
      19.2479059996566
     </SimpleData>
     <SimpleData name="Long">
      72.8678070000149
     </SimpleData>
     <SimpleData name="OBJECTID_1">
      30
     </SimpleData>
     <SimpleData name="Owner_Dept">
      Education Dept
     </SimpleData>
     <SimpleData name="SchName">
      SHREE VILASRAO B HINDI
     </SimpleData>
     <SimpleData name="Sch_Type">
      3-Co-educational
     </SimpleData>
     <SimpleData name="Twitter_Ha">
      @mybmcedu
     </SimpleData>
     <SimpleData name="VillageNam">
      R / N
     </SimpleData>
     <SimpleData name="Website">
     </SimpleData>
    </SchemaData>
   </ExtendedData>
   <Point>
    <coordinates>
     72.867807,19.247906,0
    </coordinates>
   </Point>
  </Placemark>
  <Placemark>
   <visibility>
    0
   </visibility>
   <name>
    SHETH GORDHANDAS KARSANDAS SCHOOL
   </name>
   <styleUrl>
    #mumbai_aided_schools_style
   </styleUrl>
   <ExtendedData>
    <SchemaData schemaUrl="#J_mumbai_aided_schools_SIISSSSSISSSSSS">
     <SimpleData name="Address">
      MINI NAGAR RAVALPADA DAHISAR EAST
     </SimpleData>
     <SimpleData name="Cls_From">
      1
     </SimpleData>
     <SimpleData name="Cls_To">
      4
     </SimpleData>
     <SimpleData name="Email">
      gkprathmik@rediffmail.com
     </SimpleData>
     <SimpleData name="GoogleMaps">
      https://www.google.com/maps/search/?api=1&amp;query=19.2493560003071,72.8676700002598
     </SimpleData>
     <SimpleData name="Landline_n">
      022-28963079
     </SimpleData>
     <SimpleData name="Lat">
      19.2493560003071
     </SimpleData>
     <SimpleData name="Long">
      72.8676700002598
     </SimpleData>
     <SimpleData name="OBJECTID_1">
      31
     </SimpleData>
     <SimpleData name="Owner_Dept">
      Education Dept
     </SimpleData>
     <SimpleData name="SchName">
      SHETH GORDHANDAS KARSANDAS SCHOOL
     </SimpleData>
     <SimpleData name="Sch_Type">
      3-Co-educational
     </SimpleData>
     <SimpleData name="Twitter_Ha">
      @mybmcedu
     </SimpleData>
     <SimpleData name="VillageNam">
      R / N
     </SimpleData>
     <SimpleData name="Website">
     </SimpleData>
    </SchemaData>
   </ExtendedData>
   <Point>
    <coordinates>
     72.86767,19.249356,0
    </coordinates>
   </Point>
  </Placemark>
  <Placemark>
   <visibility>
    0
   </visibility>
   <name>
    D H MISHRA GUJ
   </name>
   <styleUrl>
    #mumbai_aided_schools_style
   </styleUrl>
   <ExtendedData>
    <SchemaData schemaUrl="#J_mumbai_aided_schools_SIISSSSSISSSSSS">
     <SimpleData name="Address">
      moreshwar bhoir shikshan kendra shivaji chowk s.n.dubey road rawal pada dahisar
     </SimpleData>
     <SimpleData name="Cls_From">
      1
     </SimpleData>
     <SimpleData name="Cls_To">
      4
     </SimpleData>
     <SimpleData name="Email">
      dhmpri@gmail.com
     </SimpleData>
     <SimpleData name="GoogleMaps">
      https://www.google.com/maps/search/?api=1&amp;query=19.2474299993958,72.8681149997451
     </SimpleData>
     <SimpleData name="Landline_n">
      022-28977944
     </SimpleData>
     <SimpleData name="Lat">
      19.2474299993958
     </SimpleData>
     <SimpleData name="Long">
      72.8681149997451
     </SimpleData>
     <SimpleData name="OBJECTID_1">
      32
     </SimpleData>
     <SimpleData name="Owner_Dept">
      Education Dept
     </SimpleData>
     <SimpleData name="SchName">
      D H MISHRA GUJ
     </SimpleData>
     <SimpleData name="Sch_Type">
      3-Co-educational
     </SimpleData>
     <SimpleData name="Twitter_Ha">
      @mybmcedu
     </SimpleData>
     <SimpleData name="VillageNam">
      R / N
     </SimpleData>
     <SimpleData name="Website">
      www.education.maharashtra.gov.in
     </SimpleData>
    </SchemaData>
   </ExtendedData>
   <Point>
    <coordinates>
     72.868115,19.24743,0
    </coordinates>
   </Point>
  </Placemark>
  <Placemark>
   <visibility>
    0
   </visibility>
   <name>
    L. S. HINDI PRIMARY SCHOOL
   </name>
   <styleUrl>
    #mumbai_aided_schools_style
   </styleUrl>
   <ExtendedData>
    <SchemaData schemaUrl="#J_mumbai_aided_schools_SIISSSSSISSSSSS">
     <SimpleData name="Address">
      ASHOK NAGAR GHARATANPADA S N DUBEY ROAD DAHISHAR EAST MUMBAI 400068
     </SimpleData>
     <SimpleData name="Cls_From">
      1
     </SimpleData>
     <SimpleData name="Cls_To">
      4
     </SimpleData>
     <SimpleData name="Email">
      rn49hindiprimary@gmail.com
     </SimpleData>
     <SimpleData name="GoogleMaps">
      https://www.google.com/maps/search/?api=1&amp;query=19.2493760005544,72.8707789998372
     </SimpleData>
     <SimpleData name="Landline_n">
      022-28963369
     </SimpleData>
     <SimpleData name="Lat">
      19.2493760005544
     </SimpleData>
     <SimpleData name="Long">
      72.8707789998372
     </SimpleData>
     <SimpleData name="OBJECTID_1">
      33
     </SimpleData>
     <SimpleData name="Owner_Dept">
      Education Dept
     </SimpleData>
     <SimpleData name="SchName">
      L. S. HINDI PRIMARY SCHOOL
     </SimpleData>
     <SimpleData name="Sch_Type">
      3-Co-educational
     </SimpleData>
     <SimpleData name="Twitter_Ha">
      @mybmcedu
     </SimpleData>
     <SimpleData name="VillageNam">
      R / N
     </SimpleData>
     <SimpleData name="Website">
     </SimpleData>
    </SchemaData>
   </ExtendedData>
   <Point>
    <coordinates>
     72.870779,19.249376,0
    </coordinates>
   </Point>
  </Placemark>
  <Placemark>
   <visibility>
    0
   </visibility>
   <name>
    SHANTABEN MADHABHAI PATEL MAR
   </name>
   <styleUrl>
    #mumbai_aided_schools_style
   </styleUrl>
   <ExtendedData>
    <SchemaData schemaUrl="#J_mumbai_aided_schools_SIISSSSSISSSSSS">
     <SimpleData name="Address">
      swami vivkeanand education centre smt s.mpatelmarathiprimary schoolmisquitta nagar vidyamandir marg
     </SimpleData>
     <SimpleData name="Cls_From">
      1
     </SimpleData>
     <SimpleData name="Cls_To">
      4
     </SimpleData>
     <SimpleData name="Email">
      smpatelprimary@gmail.com
     </SimpleData>
     <SimpleData name="GoogleMaps">
      https://www.google.com/maps/search/?api=1&amp;query=19.2542870004924,72.8596899997881
     </SimpleData>
     <SimpleData name="Landline_n">
      022-28283259
     </SimpleData>
     <SimpleData name="Lat">
      19.2542870004924
     </SimpleData>
     <SimpleData name="Long">
      72.8596899997881
     </SimpleData>
     <SimpleData name="OBJECTID_1">
      34
     </SimpleData>
     <SimpleData name="Owner_Dept">
      Education Dept
     </SimpleData>
     <SimpleData name="SchName">
      SHANTABEN MADHABHAI PATEL MAR
     </SimpleData>
     <SimpleData name="Sch_Type">
      3-Co-educational
     </SimpleData>
     <SimpleData name="Twitter_Ha">
      @mybmcedu
     </SimpleData>
     <SimpleData name="VillageNam">
      R / N
     </SimpleData>
     <SimpleData name="Website">
     </SimpleData>
    </SchemaData>
   </ExtendedData>
   <Point>
    <coordinates>
     72.85969,19.254287,0
    </coordinates>
   </Point>
  </Placemark>
  <Placemark>
   <visibility>
    0
   </visibility>
   <name>
    VIDYA MANDIR  MAR
   </name>
   <styleUrl>
    #mumbai_aided_schools_style
   </styleUrl>
   <ExtendedData>
    <SchemaData schemaUrl="#J_mumbai_aided_schools_SIISSSSSISSSSSS">
     <SimpleData name="Address">
      C.S.ROAD,ANAND NAGAR,DAHISAR EAST MUMBAI 400068
     </SimpleData>
     <SimpleData name="Cls_From">
      1
     </SimpleData>
     <SimpleData name="Cls_To">
      4
     </SimpleData>
     <SimpleData name="Email">
      uma.naik@vpmdahisar.com
     </SimpleData>
     <SimpleData name="GoogleMaps">
      https://www.google.com/maps/search/?api=1&amp;query=19.2554289999088,72.862977000047
     </SimpleData>
     <SimpleData name="Landline_n">
      022-28486165
     </SimpleData>
     <SimpleData name="Lat">
      19.2554289999088
     </SimpleData>
     <SimpleData name="Long">
      72.862977000047
     </SimpleData>
     <SimpleData name="OBJECTID_1">
      35
     </SimpleData>
     <SimpleData name="Owner_Dept">
      Education Dept
     </SimpleData>
     <SimpleData name="SchName">
      VIDYA MANDIR  MAR
     </SimpleData>
     <SimpleData name="Sch_Type">
      3-Co-educational
     </SimpleData>
     <SimpleData name="Twitter_Ha">
      @mybmcedu
     </SimpleData>
     <SimpleData name="VillageNam">
      R / N
     </SimpleData>
     <SimpleData name="Website">
      www.vpmdahisar.com
     </SimpleData>
    </SchemaData>
   </ExtendedData>
   <Point>
    <coordinates>
     72.862977,19.255429,0
    </coordinates>
   </Point>
  </Placemark>
  <Placemark>
   <visibility>
    0
   </visibility>
   <name>
    SMT. PANCHIBEN KARAMASHI GANGAR HINDI PRI SCH.
   </name>
   <styleUrl>
    #mumbai_aided_schools_style
   </styleUrl>
   <ExtendedData>
    <SchemaData schemaUrl="#J_mumbai_aided_schools_SIISSSSSISSSSSS">
     <SimpleData name="Address">
      swami viekanand education centre misquitta nagar vidya mandir marg dahsiar east
     </SimpleData>
     <SimpleData name="Cls_From">
      1
     </SimpleData>
     <SimpleData name="Cls_To">
      4
     </SimpleData>
     <SimpleData name="Email">
      pkgangarprimary@gmail.com
     </SimpleData>
     <SimpleData name="GoogleMaps">
      https://www.google.com/maps/search/?api=1&amp;query=19.2235930004721,72.8656149998831
     </SimpleData>
     <SimpleData name="Landline_n">
      022-28283259
     </SimpleData>
     <SimpleData name="Lat">
      19.2235930004721
     </SimpleData>
     <SimpleData name="Long">
      72.8656149998831
     </SimpleData>
     <SimpleData name="OBJECTID_1">
      36
     </SimpleData>
     <SimpleData name="Owner_Dept">
      Education Dept
     </SimpleData>
     <SimpleData name="SchName">
      SMT. PANCHIBEN KARAMASHI GANGAR HINDI PRI SCH.
     </SimpleData>
     <SimpleData name="Sch_Type">
      3-Co-educational
     </SimpleData>
     <SimpleData name="Twitter_Ha">
      @mybmcedu
     </SimpleData>
     <SimpleData name="VillageNam">
      R / N
     </SimpleData>
     <SimpleData name="Website">
     </SimpleData>
    </SchemaData>
   </ExtendedData>
   <Point>
    <coordinates>
     72.86561500000001,19.223593,0
    </coordinates>
   </Point>
  </Placemark>
  <Placemark>
   <visibility>
    0
   </visibility>
   <name>
    NONDHABHAI BHALABHAI GUJ
   </name>
   <styleUrl>
    #mumbai_aided_schools_style
   </styleUrl>
   <ExtendedData>
    <SchemaData schemaUrl="#J_mumbai_aided_schools_SIISSSSSISSSSSS">
     <SimpleData name="Address">
      swami vivekanand education centre misquitta nagar vidya mandir magr dahisar east mumbai 400068
     </SimpleData>
     <SimpleData name="Cls_From">
      1
     </SimpleData>
     <SimpleData name="Cls_To">
      4
     </SimpleData>
     <SimpleData name="Email">
      nbbharwadgujprimary@gmail.com
     </SimpleData>
     <SimpleData name="GoogleMaps">
      https://www.google.com/maps/search/?api=1&amp;query=19.2542520005708,72.8597619996558
     </SimpleData>
     <SimpleData name="Landline_n">
      022-28283259
     </SimpleData>
     <SimpleData name="Lat">
      19.2542520005708
     </SimpleData>
     <SimpleData name="Long">
      72.8597619996558
     </SimpleData>
     <SimpleData name="OBJECTID_1">
      37
     </SimpleData>
     <SimpleData name="Owner_Dept">
      Education Dept
     </SimpleData>
     <SimpleData name="SchName">
      NONDHABHAI BHALABHAI GUJ
     </SimpleData>
     <SimpleData name="Sch_Type">
      3-Co-educational
     </SimpleData>
     <SimpleData name="Twitter_Ha">
      @mybmcedu
     </SimpleData>
     <SimpleData name="VillageNam">
      R / N
     </SimpleData>
     <SimpleData name="Website">
     </SimpleData>
    </SchemaData>
   </ExtendedData>
   <Point>
    <coordinates>
     72.859762,19.254252,0
    </coordinates>
   </Point>
  </Placemark>
  <Placemark>
   <visibility>
    0
   </visibility>
   <name>
    MATRUCHHAYA GUJ LP
   </name>
   <styleUrl>
    #mumbai_aided_schools_style
   </styleUrl>
   <ExtendedData>
    <SchemaData schemaUrl="#J_mumbai_aided_schools_SIISSSSSISSSSSS">
     <SimpleData name="Address">
      C.S.RoadNo 2,Anand Nagar Dahisar East
     </SimpleData>
     <SimpleData name="Cls_From">
      1
     </SimpleData>
     <SimpleData name="Cls_To">
      4
     </SimpleData>
     <SimpleData name="Email">
      meschoolcollege@yahoo.co.in
     </SimpleData>
     <SimpleData name="GoogleMaps">
      https://www.google.com/maps/search/?api=1&amp;query=19.256409999604,72.8610099993497
     </SimpleData>
     <SimpleData name="Landline_n">
      022-28481851
     </SimpleData>
     <SimpleData name="Lat">
      19.256409999604
     </SimpleData>
     <SimpleData name="Long">
      72.8610099993497
     </SimpleData>
     <SimpleData name="OBJECTID_1">
      38
     </SimpleData>
     <SimpleData name="Owner_Dept">
      Education Dept
     </SimpleData>
     <SimpleData name="SchName">
      MATRUCHHAYA GUJ LP
     </SimpleData>
     <SimpleData name="Sch_Type">
      3-Co-educational
     </SimpleData>
     <SimpleData name="Twitter_Ha">
      @mybmcedu
     </SimpleData>
     <SimpleData name="VillageNam">
      R / N
     </SimpleData>
     <SimpleData name="Website">
     </SimpleData>
    </SchemaData>
   </ExtendedData>
   <Point>
    <coordinates>
     72.86100999999999,19.25641,0
    </coordinates>
   </Point>
  </Placemark>
  <Placemark>
   <visibility>
    0
   </visibility>
   <name>
    AMAR JYOTI MAR
   </name>
   <styleUrl>
    #mumbai_aided_schools_style
   </styleUrl>
   <ExtendedData>
    <SchemaData schemaUrl="#J_mumbai_aided_schools_SIISSSSSISSSSSS">
     <SimpleData name="Address">
      Dada pandye compound ketaki pada Dahisar east
     </SimpleData>
     <SimpleData name="Cls_From">
      1
     </SimpleData>
     <SimpleData name="Cls_To">
      4
     </SimpleData>
     <SimpleData name="Email">
      getsamarjyoti@gmail.com
     </SimpleData>
     <SimpleData name="GoogleMaps">
      https://www.google.com/maps/search/?api=1&amp;query=19.2541290000862,72.8753270001507
     </SimpleData>
     <SimpleData name="Landline_n">
      022-28962845
     </SimpleData>
     <SimpleData name="Lat">
      19.2541290000862
     </SimpleData>
     <SimpleData name="Long">
      72.8753270001507
     </SimpleData>
     <SimpleData name="OBJECTID_1">
      39
     </SimpleData>
     <SimpleData name="Owner_Dept">
      Education Dept
     </SimpleData>
     <SimpleData name="SchName">
      AMAR JYOTI MAR
     </SimpleData>
     <SimpleData name="Sch_Type">
      3-Co-educational
     </SimpleData>
     <SimpleData name="Twitter_Ha">
      @mybmcedu
     </SimpleData>
     <SimpleData name="VillageNam">
      R / N
     </SimpleData>
     <SimpleData name="Website">
     </SimpleData>
    </SchemaData>
   </ExtendedData>
   <Point>
    <coordinates>
     72.875327,19.254129,0
    </coordinates>
   </Point>
  </Placemark>
  <Placemark>
   <visibility>
    0
   </visibility>
   <name>
    AMAR JYOTI HINDI SCHOOL
   </name>
   <styleUrl>
    #mumbai_aided_schools_style
   </styleUrl>
   <ExtendedData>
    <SchemaData schemaUrl="#J_mumbai_aided_schools_SIISSSSSISSSSSS">
     <SimpleData name="Address">
      dada pande compound ketakipada dahisar east
     </SimpleData>
     <SimpleData name="Cls_From">
      1
     </SimpleData>
     <SimpleData name="Cls_To">
      4
     </SimpleData>
     <SimpleData name="Email">
      getsamarjyoti@yahoo.com
     </SimpleData>
     <SimpleData name="GoogleMaps">
      https://www.google.com/maps/search/?api=1&amp;query=19.254172000204,72.8753360005793
     </SimpleData>
     <SimpleData name="Landline_n">
      022-28962845
     </SimpleData>
     <SimpleData name="Lat">
      19.254172000204
     </SimpleData>
     <SimpleData name="Long">
      72.8753360005793
     </SimpleData>
     <SimpleData name="OBJECTID_1">
      40
     </SimpleData>
     <SimpleData name="Owner_Dept">
      Education Dept
     </SimpleData>
     <SimpleData name="SchName">
      AMAR JYOTI HINDI SCHOOL
     </SimpleData>
     <SimpleData name="Sch_Type">
      3-Co-educational
     </SimpleData>
     <SimpleData name="Twitter_Ha">
      @mybmcedu
     </SimpleData>
     <SimpleData name="VillageNam">
      R / N
     </SimpleData>
     <SimpleData name="Website">
     </SimpleData>
    </SchemaData>
   </ExtendedData>
   <Point>
    <coordinates>
     72.875336,19.254172,0
    </coordinates>
   </Point>
  </Placemark>
  <Placemark>
   <visibility>
    0
   </visibility>
   <name>
    S. V. P. VIDYALAYA
   </name>
   <styleUrl>
    #mumbai_aided_schools_style
   </styleUrl>
   <ExtendedData>
    <SchemaData schemaUrl="#J_mumbai_aided_schools_SIISSSSSISSSSSS">
     <SimpleData name="Address">
      CHANDAN NIWASC.S. ROAD1ST FLOOROPP.PETROL PUMPDAHISAREASTMUMBAI400068
     </SimpleData>
     <SimpleData name="Cls_From">
      1
     </SimpleData>
     <SimpleData name="Cls_To">
      4
     </SimpleData>
     <SimpleData name="Email">
      dhruvi3848@gmail.com
     </SimpleData>
     <SimpleData name="GoogleMaps">
      https://www.google.com/maps/search/?api=1&amp;query=19.2392270000515,72.8582919999166
     </SimpleData>
     <SimpleData name="Landline_n">
      022-28280997
     </SimpleData>
     <SimpleData name="Lat">
      19.2392270000515
     </SimpleData>
     <SimpleData name="Long">
      72.8582919999166
     </SimpleData>
     <SimpleData name="OBJECTID_1">
      41
     </SimpleData>
     <SimpleData name="Owner_Dept">
      Education Dept
     </SimpleData>
     <SimpleData name="SchName">
      S. V. P. VIDYALAYA
     </SimpleData>
     <SimpleData name="Sch_Type">
      3-Co-educational
     </SimpleData>
     <SimpleData name="Twitter_Ha">
      @mybmcedu
     </SimpleData>
     <SimpleData name="VillageNam">
      R / N
     </SimpleData>
     <SimpleData name="Website">
      www.education.maharashtra.gov.in/saral/27220100359
     </SimpleData>
    </SchemaData>
   </ExtendedData>
   <Point>
    <coordinates>
     72.85829200000001,19.239227,0
    </coordinates>
   </Point>
  </Placemark>
  <Placemark>
   <visibility>
    0
   </visibility>
   <name>
    SUBHEDAR RAMJI AMBEDKAR VIDYALAYA
   </name>
   <styleUrl>
    #mumbai_aided_schools_style
   </styleUrl>
   <ExtendedData>
    <SchemaData schemaUrl="#J_mumbai_aided_schools_SIISSSSSISSSSSS">
     <SimpleData name="Address">
      HANUMAN NAGAR KETAKIPADA DAHISAR EAST MUMBAI400068
     </SimpleData>
     <SimpleData name="Cls_From">
      1
     </SimpleData>
     <SimpleData name="Cls_To">
      4
     </SimpleData>
     <SimpleData name="Email">
      dhruvi3848@gmail.com
     </SimpleData>
     <SimpleData name="GoogleMaps">
      https://www.google.com/maps/search/?api=1&amp;query=19.257564000049,72.8736839993062
     </SimpleData>
     <SimpleData name="Landline_n">
      022-64202022
     </SimpleData>
     <SimpleData name="Lat">
      19.257564000049
     </SimpleData>
     <SimpleData name="Long">
      72.8736839993062
     </SimpleData>
     <SimpleData name="OBJECTID_1">
      42
     </SimpleData>
     <SimpleData name="Owner_Dept">
      Education Dept
     </SimpleData>
     <SimpleData name="SchName">
      SUBHEDAR RAMJI AMBEDKAR VIDYALAYA
     </SimpleData>
     <SimpleData name="Sch_Type">
      3-Co-educational
     </SimpleData>
     <SimpleData name="Twitter_Ha">
      @mybmcedu
     </SimpleData>
     <SimpleData name="VillageNam">
      R / N
     </SimpleData>
     <SimpleData name="Website">
      education.maharashtra.gov.in/saral/27220100360
     </SimpleData>
    </SchemaData>
   </ExtendedData>
   <Point>
    <coordinates>
     72.873684,19.257564,0
    </coordinates>
   </Point>
  </Placemark>
  <Placemark>
   <visibility>
    0
   </visibility>
   <name>
    SHAILENDRA  MARATHI PRIMARY  SCHOOL
   </name>
   <styleUrl>
    #mumbai_aided_schools_style
   </styleUrl>
   <ExtendedData>
    <SchemaData schemaUrl="#J_mumbai_aided_schools_SIISSSSSISSSSSS">
     <SimpleData name="Address">
      SHAILENDRA NAGAR, DAHISAR
     </SimpleData>
     <SimpleData name="Cls_From">
      1
     </SimpleData>
     <SimpleData name="Cls_To">
      4
     </SimpleData>
     <SimpleData name="Email">
      sesmarathiprimary@gmail.com
     </SimpleData>
     <SimpleData name="GoogleMaps">
      https://www.google.com/maps/search/?api=1&amp;query=19.2456710005225,72.8636850000492
     </SimpleData>
     <SimpleData name="Landline_n">
      022-28962310
     </SimpleData>
     <SimpleData name="Lat">
      19.2456710005225
     </SimpleData>
     <SimpleData name="Long">
      72.8636850000492
     </SimpleData>
     <SimpleData name="OBJECTID_1">
      43
     </SimpleData>
     <SimpleData name="Owner_Dept">
      Education Dept
     </SimpleData>
     <SimpleData name="SchName">
      SHAILENDRA  MARATHI PRIMARY  SCHOOL
     </SimpleData>
     <SimpleData name="Sch_Type">
      3-Co-educational
     </SimpleData>
     <SimpleData name="Twitter_Ha">
      @mybmcedu
     </SimpleData>
     <SimpleData name="VillageNam">
      R / N
     </SimpleData>
     <SimpleData name="Website">
      https://education.maharashtra.gov.in/saral/27220100365
     </SimpleData>
    </SchemaData>
   </ExtendedData>
   <Point>
    <coordinates>
     72.863685,19.245671,0
    </coordinates>
   </Point>
  </Placemark>
  <Placemark>
   <visibility>
    0
   </visibility>
   <name>
    SHAILENDRA EDU SOC ENG
   </name>
   <styleUrl>
    #mumbai_aided_schools_style
   </styleUrl>
   <ExtendedData>
    <SchemaData schemaUrl="#J_mumbai_aided_schools_SIISSSSSISSSSSS">
     <SimpleData name="Address">
      Shailendra Nagar,Dahisar East
     </SimpleData>
     <SimpleData name="Cls_From">
      1
     </SimpleData>
     <SimpleData name="Cls_To">
      4
     </SimpleData>
     <SimpleData name="Email">
      shailendraengpri1991@gmail.com
     </SimpleData>
     <SimpleData name="GoogleMaps">
      https://www.google.com/maps/search/?api=1&amp;query=19.2462300002408,72.8639199998385
     </SimpleData>
     <SimpleData name="Landline_n">
      022-28489599
     </SimpleData>
     <SimpleData name="Lat">
      19.2462300002408
     </SimpleData>
     <SimpleData name="Long">
      72.8639199998385
     </SimpleData>
     <SimpleData name="OBJECTID_1">
      44
     </SimpleData>
     <SimpleData name="Owner_Dept">
      Education Dept
     </SimpleData>
     <SimpleData name="SchName">
      SHAILENDRA EDU SOC ENG
     </SimpleData>
     <SimpleData name="Sch_Type">
      3-Co-educational
     </SimpleData>
     <SimpleData name="Twitter_Ha">
      @mybmcedu
     </SimpleData>
     <SimpleData name="VillageNam">
      R / N
     </SimpleData>
     <SimpleData name="Website">
     </SimpleData>
    </SchemaData>
   </ExtendedData>
   <Point>
    <coordinates>
     72.86391999999999,19.24623,0
    </coordinates>
   </Point>
  </Placemark>
  <Placemark>
   <visibility>
    0
   </visibility>
   <name>
    ST FRANCIS DASSISI LP SCHOOL
   </name>
   <styleUrl>
    #mumbai_aided_schools_style
   </styleUrl>
   <ExtendedData>
    <SchemaData schemaUrl="#J_mumbai_aided_schools_SIISSSSSISSSSSS">
     <SimpleData name="Address">
      Mt. Poincur Borivili west
     </SimpleData>
     <SimpleData name="Cls_From">
      1
     </SimpleData>
     <SimpleData name="Cls_To">
      4
     </SimpleData>
     <SimpleData name="Email">
      hmstfrancisprimari@gmail.com
     </SimpleData>
     <SimpleData name="GoogleMaps">
      https://www.google.com/maps/search/?api=1&amp;query=19.24371800037,72.8530650002394
     </SimpleData>
     <SimpleData name="Landline_n">
      022-28931558
     </SimpleData>
     <SimpleData name="Lat">
      19.24371800037
     </SimpleData>
     <SimpleData name="Long">
      72.8530650002394
     </SimpleData>
     <SimpleData name="OBJECTID_1">
      45
     </SimpleData>
     <SimpleData name="Owner_Dept">
      Education Dept
     </SimpleData>
     <SimpleData name="SchName">
      ST FRANCIS DASSISI LP SCHOOL
     </SimpleData>
     <SimpleData name="Sch_Type">
      1-Boys
     </SimpleData>
     <SimpleData name="Twitter_Ha">
      @mybmcedu
     </SimpleData>
     <SimpleData name="VillageNam">
      R / N
     </SimpleData>
     <SimpleData name="Website">
      wwwsfdassisi.com
     </SimpleData>
    </SchemaData>
   </ExtendedData>
   <Point>
    <coordinates>
     72.853065,19.243718,0
    </coordinates>
   </Point>
  </Placemark>
  <Placemark>
   <visibility>
    0
   </visibility>
   <name>
    BIMANAGAR ED SOC LP
   </name>
   <styleUrl>
    #mumbai_aided_schools_style
   </styleUrl>
   <ExtendedData>
    <SchemaData schemaUrl="#J_mumbai_aided_schools_SIISSSSSISSSSSS">
     <SimpleData name="Address">
      Near shati ashram Bus depot,L.I.C colony,Borivali
     </SimpleData>
     <SimpleData name="Cls_From">
      1
     </SimpleData>
     <SimpleData name="Cls_To">
      4
     </SimpleData>
     <SimpleData name="Email">
      bnesprimary@gmail.com
     </SimpleData>
     <SimpleData name="GoogleMaps">
      https://www.google.com/maps/search/?api=1&amp;query=19.2421620002438,72.8489729995379
     </SimpleData>
     <SimpleData name="Landline_n">
      022-28938392
     </SimpleData>
     <SimpleData name="Lat">
      19.2421620002438
     </SimpleData>
     <SimpleData name="Long">
      72.8489729995379
     </SimpleData>
     <SimpleData name="OBJECTID_1">
      46
     </SimpleData>
     <SimpleData name="Owner_Dept">
      Education Dept
     </SimpleData>
     <SimpleData name="SchName">
      BIMANAGAR ED SOC LP
     </SimpleData>
     <SimpleData name="Sch_Type">
      3-Co-educational
     </SimpleData>
     <SimpleData name="Twitter_Ha">
      @mybmcedu
     </SimpleData>
     <SimpleData name="VillageNam">
      R / N
     </SimpleData>
     <SimpleData name="Website">
     </SimpleData>
    </SchemaData>
   </ExtendedData>
   <Point>
    <coordinates>
     72.848973,19.242162,0
    </coordinates>
   </Point>
  </Placemark>
  <Placemark>
   <visibility>
    0
   </visibility>
   <name>
    DAYANAND LP
   </name>
   <styleUrl>
    #mumbai_aided_schools_style
   </styleUrl>
   <ExtendedData>
    <SchemaData schemaUrl="#J_mumbai_aided_schools_SIISSSSSISSSSSS">
     <SimpleData name="Address">
      LIBERTY GARDEN RD. NO. 1, MALAD W
     </SimpleData>
     <SimpleData name="Cls_From">
      0
     </SimpleData>
     <SimpleData name="Cls_To">
      4
     </SimpleData>
     <SimpleData name="Email">
      dayanandprimaryschool@gmail.com
     </SimpleData>
     <SimpleData name="GoogleMaps">
      https://www.google.com/maps/search/?api=1&amp;query=19.186448999849,72.8442409994803
     </SimpleData>
     <SimpleData name="Landline_n">
      022-28823634
     </SimpleData>
     <SimpleData name="Lat">
      19.186448999849
     </SimpleData>
     <SimpleData name="Long">
      72.8442409994803
     </SimpleData>
     <SimpleData name="OBJECTID_1">
      47
     </SimpleData>
     <SimpleData name="Owner_Dept">
      Education Dept
     </SimpleData>
     <SimpleData name="SchName">
      DAYANAND LP
     </SimpleData>
     <SimpleData name="Sch_Type">
      3-Co-educational
     </SimpleData>
     <SimpleData name="Twitter_Ha">
      @mybmcedu
     </SimpleData>
     <SimpleData name="VillageNam">
      P/N1-WARD
     </SimpleData>
     <SimpleData name="Website">
     </SimpleData>
    </SchemaData>
   </ExtendedData>
   <Point>
    <coordinates>
     72.844241,19.186449,0
    </coordinates>
   </Point>
  </Placemark>
  <Placemark>
   <visibility>
    0
   </visibility>
   <name>
    SHET N.L HIGH SCHOOL HINDI PRIMARY
   </name>
   <styleUrl>
    #mumbai_aided_schools_style
   </styleUrl>
   <ExtendedData>
    <SchemaData schemaUrl="#J_mumbai_aided_schools_SIISSSSSISSSSSS">
     <SimpleData name="Address">
      S V ROAD MALAD WEST MUMBAI 400 064
     </SimpleData>
     <SimpleData name="Cls_From">
      1
     </SimpleData>
     <SimpleData name="Cls_To">
      4
     </SimpleData>
     <SimpleData name="Email">
      shethnlhighschool@gmail.com
     </SimpleData>
     <SimpleData name="GoogleMaps">
      https://www.google.com/maps/search/?api=1&amp;query=19.1928079994253,72.8472870003605
     </SimpleData>
     <SimpleData name="Landline_n">
      022-28623402
     </SimpleData>
     <SimpleData name="Lat">
      19.1928079994253
     </SimpleData>
     <SimpleData name="Long">
      72.8472870003605
     </SimpleData>
     <SimpleData name="OBJECTID_1">
      48
     </SimpleData>
     <SimpleData name="Owner_Dept">
      Education Dept
     </SimpleData>
     <SimpleData name="SchName">
      SHET N.L HIGH SCHOOL HINDI PRIMARY
     </SimpleData>
     <SimpleData name="Sch_Type">
      3-Co-educational
     </SimpleData>
     <SimpleData name="Twitter_Ha">
      @mybmcedu
     </SimpleData>
     <SimpleData name="VillageNam">
      P/N1-WARD
     </SimpleData>
     <SimpleData name="Website">
     </SimpleData>
    </SchemaData>
   </ExtendedData>
   <Point>
    <coordinates>
     72.84728699999999,19.192808,0
    </coordinates>
   </Point>
  </Placemark>
  <Placemark>
   <visibility>
    0
   </visibility>
   <name>
    SHETH N.L HIGH SCHOOL GUJARATI PRIMARY SECTION
   </name>
   <styleUrl>
    #mumbai_aided_schools_style
   </styleUrl>
   <ExtendedData>
    <SchemaData schemaUrl="#J_mumbai_aided_schools_SIISSSSSISSSSSS">
     <SimpleData name="Address">
      Sheth N L High School S V Road Malad West
     </SimpleData>
     <SimpleData name="Cls_From">
      1
     </SimpleData>
     <SimpleData name="Cls_To">
      4
     </SimpleData>
     <SimpleData name="Email">
      shethnlhighschool@gmail.com
     </SimpleData>
     <SimpleData name="GoogleMaps">
      https://www.google.com/maps/search/?api=1&amp;query=19.1927879996635,72.8473389999384
     </SimpleData>
     <SimpleData name="Landline_n">
      022-28081171
     </SimpleData>
     <SimpleData name="Lat">
      19.1927879996635
     </SimpleData>
     <SimpleData name="Long">
      72.8473389999384
     </SimpleData>
     <SimpleData name="OBJECTID_1">
      49
     </SimpleData>
     <SimpleData name="Owner_Dept">
      Education Dept
     </SimpleData>
     <SimpleData name="SchName">
      SHETH N.L HIGH SCHOOL GUJARATI PRIMARY SECTION
     </SimpleData>
     <SimpleData name="Sch_Type">
      3-Co-educational
     </SimpleData>
     <SimpleData name="Twitter_Ha">
      @mybmcedu
     </SimpleData>
     <SimpleData name="VillageNam">
      P/N1-WARD
     </SimpleData>
     <SimpleData name="Website">
     </SimpleData>
    </SchemaData>
   </ExtendedData>
   <Point>
    <coordinates>
     72.84733900000001,19.192788,0
    </coordinates>
   </Point>
  </Placemark>
  <Placemark>
   <visibility>
    0
   </visibility>
   <name>
    UTKARSHA  MANDIR LP
   </name>
   <styleUrl>
    #mumbai_aided_schools_style
   </styleUrl>
   <ExtendedData>
    <SchemaData schemaUrl="#J_mumbai_aided_schools_SIISSSSSISSSSSS">
     <SimpleData name="Address">
      2nd Mamletdarwadi Malad  west  Mumbai  400064
     </SimpleData>
     <SimpleData name="Cls_From">
      1
     </SimpleData>
     <SimpleData name="Cls_To">
      4
     </SimpleData>
     <SimpleData name="Email">
      utkarshmandirpw@gmail.com
     </SimpleData>
     <SimpleData name="GoogleMaps">
      https://www.google.com/maps/search/?api=1&amp;query=19.1878850006075,72.8447520001572
     </SimpleData>
     <SimpleData name="Landline_n">
      022-28822662
     </SimpleData>
     <SimpleData name="Lat">
      19.1878850006075
     </SimpleData>
     <SimpleData name="Long">
      72.8447520001572
     </SimpleData>
     <SimpleData name="OBJECTID_1">
      50
     </SimpleData>
     <SimpleData name="Owner_Dept">
      Education Dept
     </SimpleData>
     <SimpleData name="SchName">
      UTKARSHA  MANDIR LP
     </SimpleData>
     <SimpleData name="Sch_Type">
      3-Co-educational
     </SimpleData>
     <SimpleData name="Twitter_Ha">
      @mybmcedu
     </SimpleData>
     <SimpleData name="VillageNam">
      P/N1-WARD
     </SimpleData>
     <SimpleData name="Website">
      utkarshmandir.org
     </SimpleData>
    </SchemaData>
   </ExtendedData>
   <Point>
    <coordinates>
     72.844752,19.187885,0
    </coordinates>
   </Point>
  </Placemark>
  <Placemark>
   <visibility>
    0
   </visibility>
   <name>
    SHRI SAI VIDYAMANDIR MAR
   </name>
   <styleUrl>
    #mumbai_aided_schools_style
   </styleUrl>
   <ExtendedData>
    <SchemaData schemaUrl="#J_mumbai_aided_schools_SIISSSSSISSSSSS">
     <SimpleData name="Address">
      AKSA VILLAGE  MADH MARVE ROAD MALAD WEST
     </SimpleData>
     <SimpleData name="Cls_From">
      1
     </SimpleData>
     <SimpleData name="Cls_To">
      4
     </SimpleData>
     <SimpleData name="Email">
      sssvmaksa@gmail.com
     </SimpleData>
     <SimpleData name="GoogleMaps">
      https://www.google.com/maps/search/?api=1&amp;query=19.1761880002289,72.7985480000133
     </SimpleData>
     <SimpleData name="Landline_n">
      022-28440595
     </SimpleData>
     <SimpleData name="Lat">
      19.1761880002289
     </SimpleData>
     <SimpleData name="Long">
      72.7985480000133
     </SimpleData>
     <SimpleData name="OBJECTID_1">
      51
     </SimpleData>
     <SimpleData name="Owner_Dept">
      Education Dept
     </SimpleData>
     <SimpleData name="SchName">
      SHRI SAI VIDYAMANDIR MAR
     </SimpleData>
     <SimpleData name="Sch_Type">
      3-Co-educational
     </SimpleData>
     <SimpleData name="Twitter_Ha">
      @mybmcedu
     </SimpleData>
     <SimpleData name="VillageNam">
      P/N1-WARD
     </SimpleData>
     <SimpleData name="Website">
     </SimpleData>
    </SchemaData>
   </ExtendedData>
   <Point>
    <coordinates>
     72.798548,19.176188,0
    </coordinates>
   </Point>
  </Placemark>
  <Placemark>
   <visibility>
    0
   </visibility>
   <name>
    INFANT JESUS OF PRAGUE CONVENT SCHOOL
   </name>
   <styleUrl>
    #mumbai_aided_schools_style
   </styleUrl>
   <ExtendedData>
    <SchemaData schemaUrl="#J_mumbai_aided_schools_SIISSSSSISSSSSS">
     <SimpleData name="Address">
      INFANT JESUS OF PRAGUE CONVENT SCHOOL MANORI VILLAGE KHARODI PO MALAD WEST MUMBAI  400095
     </SimpleData>
     <SimpleData name="Cls_From">
      1
     </SimpleData>
     <SimpleData name="Cls_To">
      4
     </SimpleData>
     <SimpleData name="Email">
      infantjesusfhic@gmail.com
     </SimpleData>
     <SimpleData name="GoogleMaps">
      https://www.google.com/maps/search/?api=1&amp;query=19.209486999857,72.7833909995779
     </SimpleData>
     <SimpleData name="Landline_n">
      022-28452567
     </SimpleData>
     <SimpleData name="Lat">
      19.209486999857
     </SimpleData>
     <SimpleData name="Long">
      72.7833909995779
     </SimpleData>
     <SimpleData name="OBJECTID_1">
      52
     </SimpleData>
     <SimpleData name="Owner_Dept">
      Education Dept
     </SimpleData>
     <SimpleData name="SchName">
      INFANT JESUS OF PRAGUE CONVENT SCHOOL
     </SimpleData>
     <SimpleData name="Sch_Type">
      3-Co-educational
     </SimpleData>
     <SimpleData name="Twitter_Ha">
      @mybmcedu
     </SimpleData>
     <SimpleData name="VillageNam">
      P/N1-WARD
     </SimpleData>
     <SimpleData name="Website">
     </SimpleData>
    </SchemaData>
   </ExtendedData>
   <Point>
    <coordinates>
     72.78339099999999,19.209487,0
    </coordinates>
   </Point>
  </Placemark>
  <Placemark>
   <visibility>
    0
   </visibility>
   <name>
    DNYANSADHANA PRATHAMIK VIDYALAY MANORI
   </name>
   <styleUrl>
    #mumbai_aided_schools_style
   </styleUrl>
   <ExtendedData>
    <SchemaData schemaUrl="#J_mumbai_aided_schools_SIISSSSSISSSSSS">
     <SimpleData name="Address">
      Manori Village, Malad Marve road, Malad West, Mumbai-400095.
     </SimpleData>
     <SimpleData name="Cls_From">
      1
     </SimpleData>
     <SimpleData name="Cls_To">
      4
     </SimpleData>
     <SimpleData name="Email">
      dnyprathamik@gmail.com
     </SimpleData>
     <SimpleData name="GoogleMaps">
      https://www.google.com/maps/search/?api=1&amp;query=19.2087049995489,72.7869829996176
     </SimpleData>
     <SimpleData name="Landline_n">
      022-28451104
     </SimpleData>
     <SimpleData name="Lat">
      19.2087049995489
     </SimpleData>
     <SimpleData name="Long">
      72.7869829996176
     </SimpleData>
     <SimpleData name="OBJECTID_1">
      53
     </SimpleData>
     <SimpleData name="Owner_Dept">
      Education Dept
     </SimpleData>
     <SimpleData name="SchName">
      DNYANSADHANA PRATHAMIK VIDYALAY MANORI
     </SimpleData>
     <SimpleData name="Sch_Type">
      3-Co-educational
     </SimpleData>
     <SimpleData name="Twitter_Ha">
      @mybmcedu
     </SimpleData>
     <SimpleData name="VillageNam">
      P/N1-WARD
     </SimpleData>
     <SimpleData name="Website">
      https://education.maharashtra.gov.in/saral/27220200173
     </SimpleData>
    </SchemaData>
   </ExtendedData>
   <Point>
    <coordinates>
     72.78698300000001,19.208705,0
    </coordinates>
   </Point>
  </Placemark>
  <Placemark>
   <visibility>
    0
   </visibility>
   <name>
    MILLAT LP
   </name>
   <styleUrl>
    #mumbai_aided_schools_style
   </styleUrl>
   <ExtendedData>
    <SchemaData schemaUrl="#J_mumbai_aided_schools_SIISSSSSISSSSSS">
     <SimpleData name="Address">
      R29 Plot no 25 OCC Malvani Malad West  Mumbai
     </SimpleData>
     <SimpleData name="Cls_From">
      1
     </SimpleData>
     <SimpleData name="Cls_To">
      4
     </SimpleData>
     <SimpleData name="Email">
      primary.millat@gmail.com
     </SimpleData>
     <SimpleData name="GoogleMaps">
      https://www.google.com/maps/search/?api=1&amp;query=19.1891250002015,72.8207509999706
     </SimpleData>
     <SimpleData name="Landline_n">
      022-28819714
     </SimpleData>
     <SimpleData name="Lat">
      19.1891250002015
     </SimpleData>
     <SimpleData name="Long">
      72.8207509999706
     </SimpleData>
     <SimpleData name="OBJECTID_1">
      54
     </SimpleData>
     <SimpleData name="Owner_Dept">
      Education Dept
     </SimpleData>
     <SimpleData name="SchName">
      MILLAT LP
     </SimpleData>
     <SimpleData name="Sch_Type">
      3-Co-educational
     </SimpleData>
     <SimpleData name="Twitter_Ha">
      @mybmcedu
     </SimpleData>
     <SimpleData name="VillageNam">
      P/N1-WARD
     </SimpleData>
     <SimpleData name="Website">
     </SimpleData>
    </SchemaData>
   </ExtendedData>
   <Point>
    <coordinates>
     72.820751,19.189125,0
    </coordinates>
   </Point>
  </Placemark>
  <Placemark>
   <visibility>
    0
   </visibility>
   <name>
    DR. GOVINDRAO DALVI  PRIMARY MARATHI VIDYALAY
   </name>
   <styleUrl>
    #mumbai_aided_schools_style
   </styleUrl>
   <ExtendedData>
    <SchemaData schemaUrl="#J_mumbai_aided_schools_SIISSSSSISSSSSS">
     <SimpleData name="Address">
      mathuradas Road, Irani Wadi Modi Nagar, Kandivali West
     </SimpleData>
     <SimpleData name="Cls_From">
      1
     </SimpleData>
     <SimpleData name="Cls_To">
      4
     </SimpleData>
     <SimpleData name="Email">
      drgdalvischool@gmail.com
     </SimpleData>
     <SimpleData name="GoogleMaps">
      https://www.google.com/maps/search/?api=1&amp;query=19.2039900002658,72.8425919998686
     </SimpleData>
     <SimpleData name="Landline_n">
      022-0
     </SimpleData>
     <SimpleData name="Lat">
      19.2039900002658
     </SimpleData>
     <SimpleData name="Long">
      72.8425919998686
     </SimpleData>
     <SimpleData name="OBJECTID_1">
      55
     </SimpleData>
     <SimpleData name="Owner_Dept">
      Education Dept
     </SimpleData>
     <SimpleData name="SchName">
      DR. GOVINDRAO DALVI  PRIMARY MARATHI VIDYALAY
     </SimpleData>
     <SimpleData name="Sch_Type">
      3-Co-educational
     </SimpleData>
     <SimpleData name="Twitter_Ha">
      @mybmcedu
     </SimpleData>
     <SimpleData name="VillageNam">
      R/S-WARD
     </SimpleData>
     <SimpleData name="Website">
     </SimpleData>
    </SchemaData>
   </ExtendedData>
   <Point>
    <coordinates>
     72.842592,19.20399,0
    </coordinates>
   </Point>
  </Placemark>
  <Placemark>
   <visibility>
    0
   </visibility>
   <name>
    BALNIKETAN PRIMARY SCHOOL
   </name>
   <styleUrl>
    #mumbai_aided_schools_style
   </styleUrl>
   <ExtendedData>
    <SchemaData schemaUrl="#J_mumbai_aided_schools_SIISSSSSISSSSSS">
     <SimpleData name="Address">
      M G Road kandivali west
     </SimpleData>
     <SimpleData name="Cls_From">
      1
     </SimpleData>
     <SimpleData name="Cls_To">
      4
     </SimpleData>
     <SimpleData name="Email">
      balniketan1@gmail.com
     </SimpleData>
     <SimpleData name="GoogleMaps">
      https://www.google.com/maps/search/?api=1&amp;query=19.208189000114,72.8454689997433
     </SimpleData>
     <SimpleData name="Landline_n">
      022-28077842
     </SimpleData>
     <SimpleData name="Lat">
      19.208189000114
     </SimpleData>
     <SimpleData name="Long">
      72.8454689997433
     </SimpleData>
     <SimpleData name="OBJECTID_1">
      56
     </SimpleData>
     <SimpleData name="Owner_Dept">
      Education Dept
     </SimpleData>
     <SimpleData name="SchName">
      BALNIKETAN PRIMARY SCHOOL
     </SimpleData>
     <SimpleData name="Sch_Type">
      3-Co-educational
     </SimpleData>
     <SimpleData name="Twitter_Ha">
      @mybmcedu
     </SimpleData>
     <SimpleData name="VillageNam">
      R/S-WARD
     </SimpleData>
     <SimpleData name="Website">
     </SimpleData>
    </SchemaData>
   </ExtendedData>
   <Point>
    <coordinates>
     72.84546899999999,19.208189,0
    </coordinates>
   </Point>
  </Placemark>
  <Placemark>
   <visibility>
    0
   </visibility>
   <name>
    JAMNADAS ADUKIA BALIKA VIDHYALAYA
   </name>
   <styleUrl>
    #mumbai_aided_schools_style
   </styleUrl>
   <ExtendedData>
    <SchemaData schemaUrl="#J_mumbai_aided_schools_SIISSSSSISSSSSS">
     <SimpleData name="Address">
      Balika Vidyalaya Marg, Ramgali, Kandivali West,M-67
     </SimpleData>
     <SimpleData name="Cls_From">
      1
     </SimpleData>
     <SimpleData name="Cls_To">
      4
     </SimpleData>
     <SimpleData name="Email">
      sjudukia@gmail.com
     </SimpleData>
     <SimpleData name="GoogleMaps">
      https://www.google.com/maps/search/?api=1&amp;query=19.2003840001653,72.8466789995577
     </SimpleData>
     <SimpleData name="Landline_n">
      022-28072529
     </SimpleData>
     <SimpleData name="Lat">
      19.2003840001653
     </SimpleData>
     <SimpleData name="Long">
      72.8466789995577
     </SimpleData>
     <SimpleData name="OBJECTID_1">
      57
     </SimpleData>
     <SimpleData name="Owner_Dept">
      Education Dept
     </SimpleData>
     <SimpleData name="SchName">
      JAMNADAS ADUKIA BALIKA VIDHYALAYA
     </SimpleData>
     <SimpleData name="Sch_Type">
      3-Co-educational
     </SimpleData>
     <SimpleData name="Twitter_Ha">
      @mybmcedu
     </SimpleData>
     <SimpleData name="VillageNam">
      R/S-WARD
     </SimpleData>
     <SimpleData name="Website">
     </SimpleData>
    </SchemaData>
   </ExtendedData>
   <Point>
    <coordinates>
     72.84667899999999,19.200384,0
    </coordinates>
   </Point>
  </Placemark>
  <Placemark>
   <visibility>
    0
   </visibility>
   <name>
    SARDAR VALLABHBHAI PATEL V. V.
   </name>
   <styleUrl>
    #mumbai_aided_schools_style
   </styleUrl>
   <ExtendedData>
    <SchemaData schemaUrl="#J_mumbai_aided_schools_SIISSSSSISSSSSS">
     <SimpleData name="Address">
      BHOGILAL FADIA ROAD,NEAR MAYUR TOLIES,KANDIVALI WEST, mUMBAI -400 067.
     </SimpleData>
     <SimpleData name="Cls_From">
      1
     </SimpleData>
     <SimpleData name="Cls_To">
      4
     </SimpleData>
     <SimpleData name="Email">
      gujaratiprimary@yahoo.com
     </SimpleData>
     <SimpleData name="GoogleMaps">
      https://www.google.com/maps/search/?api=1&amp;query=19.2028260002006,72.8457820000823
     </SimpleData>
     <SimpleData name="Landline_n">
      022-28080310
     </SimpleData>
     <SimpleData name="Lat">
      19.2028260002006
     </SimpleData>
     <SimpleData name="Long">
      72.8457820000823
     </SimpleData>
     <SimpleData name="OBJECTID_1">
      58
     </SimpleData>
     <SimpleData name="Owner_Dept">
      Education Dept
     </SimpleData>
     <SimpleData name="SchName">
      SARDAR VALLABHBHAI PATEL V. V.
     </SimpleData>
     <SimpleData name="Sch_Type">
      3-Co-educational
     </SimpleData>
     <SimpleData name="Twitter_Ha">
      @mybmcedu
     </SimpleData>
     <SimpleData name="VillageNam">
      R/S-WARD
     </SimpleData>
     <SimpleData name="Website">
      www.kec.ac.in
     </SimpleData>
    </SchemaData>
   </ExtendedData>
   <Point>
    <coordinates>
     72.845782,19.202826,0
    </coordinates>
   </Point>
  </Placemark>
  <Placemark>
   <visibility>
    0
   </visibility>
   <name>
    SMT. RAMILABEN MANGUBHAI DATTANI ENGLISH PRIMARY SCHOOL
   </name>
   <styleUrl>
    #mumbai_aided_schools_style
   </styleUrl>
   <ExtendedData>
    <SchemaData schemaUrl="#J_mumbai_aided_schools_SIISSSSSISSSSSS">
     <SimpleData name="Address">
      SRMDEng.Pri.School, Kandivali west,Mumbai -400 067
     </SimpleData>
     <SimpleData name="Cls_From">
      1
     </SimpleData>
     <SimpleData name="Cls_To">
      4
     </SimpleData>
     <SimpleData name="Email">
      svpengprisec@yahoo.com
     </SimpleData>
     <SimpleData name="GoogleMaps">
      https://www.google.com/maps/search/?api=1&amp;query=19.2029469992277,72.8454629997906
     </SimpleData>
     <SimpleData name="Landline_n">
      022-28080310
     </SimpleData>
     <SimpleData name="Lat">
      19.2029469992277
     </SimpleData>
     <SimpleData name="Long">
      72.8454629997906
     </SimpleData>
     <SimpleData name="OBJECTID_1">
      59
     </SimpleData>
     <SimpleData name="Owner_Dept">
      Education Dept
     </SimpleData>
     <SimpleData name="SchName">
      SMT. RAMILABEN MANGUBHAI DATTANI ENGLISH PRIMARY SCHOOL
     </SimpleData>
     <SimpleData name="Sch_Type">
      3-Co-educational
     </SimpleData>
     <SimpleData name="Twitter_Ha">
      @mybmcedu
     </SimpleData>
     <SimpleData name="VillageNam">
      R/S-WARD
     </SimpleData>
     <SimpleData name="Website">
      www.kes.ac.in
     </SimpleData>
    </SchemaData>
   </ExtendedData>
   <Point>
    <coordinates>
     72.845463,19.202947,0
    </coordinates>
   </Point>
  </Placemark>
  <Placemark>
   <visibility>
    0
   </visibility>
   <name>
    SMT. RAJDEVI PRATHMIK HINDI VIDYALAYA
   </name>
   <styleUrl>
    #mumbai_aided_schools_style
   </styleUrl>
   <ExtendedData>
    <SchemaData schemaUrl="#J_mumbai_aided_schools_SIISSSSSISSSSSS">
     <SimpleData name="Address">
      Indiara Nagar Iraniwadi Road No 4 Kandivali West Mumbai 400067
     </SimpleData>
     <SimpleData name="Cls_From">
      1
     </SimpleData>
     <SimpleData name="Cls_To">
      4
     </SimpleData>
     <SimpleData name="Email">
      smtrajdeviprathmikvidyalaya@ymail.com
     </SimpleData>
     <SimpleData name="GoogleMaps">
      https://www.google.com/maps/search/?api=1&amp;query=19.2007400006314,72.8347800002531
     </SimpleData>
     <SimpleData name="Landline_n">
      022-29675079
     </SimpleData>
     <SimpleData name="Lat">
      19.2007400006314
     </SimpleData>
     <SimpleData name="Long">
      72.8347800002531
     </SimpleData>
     <SimpleData name="OBJECTID_1">
      60
     </SimpleData>
     <SimpleData name="Owner_Dept">
      Education Dept
     </SimpleData>
     <SimpleData name="SchName">
      SMT. RAJDEVI PRATHMIK HINDI VIDYALAYA
     </SimpleData>
     <SimpleData name="Sch_Type">
      3-Co-educational
     </SimpleData>
     <SimpleData name="Twitter_Ha">
      @mybmcedu
     </SimpleData>
     <SimpleData name="VillageNam">
      R/S-WARD
     </SimpleData>
     <SimpleData name="Website">
      education.maharashtra.gov.in/saral/27221000232
     </SimpleData>
    </SchemaData>
   </ExtendedData>
   <Point>
    <coordinates>
     72.83477999999999,19.20074,0
    </coordinates>
   </Point>
  </Placemark>
  <Placemark>
   <visibility>
    0
   </visibility>
   <name>
    Dr.N.D.PATIL VIDYALAYA SAHYADRINAGAR
   </name>
   <styleUrl>
    #mumbai_aided_schools_style
   </styleUrl>
   <ExtendedData>
    <SchemaData schemaUrl="#J_mumbai_aided_schools_SIISSSSSISSSSSS">
     <SimpleData name="Address">
      sahyadrinagar charkop kandivali west
     </SimpleData>
     <SimpleData name="Cls_From">
      1
     </SimpleData>
     <SimpleData name="Cls_To">
      4
     </SimpleData>
     <SimpleData name="Email">
      nesprimarykandivali@gmaill.com
     </SimpleData>
     <SimpleData name="GoogleMaps">
      https://www.google.com/maps/search/?api=1&amp;query=19.2129840001536,72.8286409997203
     </SimpleData>
     <SimpleData name="Landline_n">
      022-28688588
     </SimpleData>
     <SimpleData name="Lat">
      19.2129840001536
     </SimpleData>
     <SimpleData name="Long">
      72.8286409997203
     </SimpleData>
     <SimpleData name="OBJECTID_1">
      61
     </SimpleData>
     <SimpleData name="Owner_Dept">
      Education Dept
     </SimpleData>
     <SimpleData name="SchName">
      Dr.N.D.PATIL VIDYALAYA SAHYADRINAGAR
     </SimpleData>
     <SimpleData name="Sch_Type">
      3-Co-educational
     </SimpleData>
     <SimpleData name="Twitter_Ha">
      @mybmcedu
     </SimpleData>
     <SimpleData name="VillageNam">
      R/S-WARD
     </SimpleData>
     <SimpleData name="Website">
      www.ndpatilschools.com
     </SimpleData>
    </SchemaData>
   </ExtendedData>
   <Point>
    <coordinates>
     72.828641,19.212984,0
    </coordinates>
   </Point>
  </Placemark>
  <Placemark>
   <visibility>
    0
   </visibility>
   <name>
    RAVINDRA BAL VIDYANIKETAN MAR
   </name>
   <styleUrl>
    #mumbai_aided_schools_style
   </styleUrl>
   <ExtendedData>
    <SchemaData schemaUrl="#J_mumbai_aided_schools_SIISSSSSISSSSSS">
     <SimpleData name="Address">
      sec.No.1,plot No.2/148,charkop kandivali w mumbai
     </SimpleData>
     <SimpleData name="Cls_From">
      1
     </SimpleData>
     <SimpleData name="Cls_To">
      4
     </SimpleData>
     <SimpleData name="Email">
      ravindrabalvidyaniketan@gmail.com
     </SimpleData>
     <SimpleData name="GoogleMaps">
      https://www.google.com/maps/search/?api=1&amp;query=19.2128919991698,72.8248820001457
     </SimpleData>
     <SimpleData name="Landline_n">
      022-28679610
     </SimpleData>
     <SimpleData name="Lat">
      19.2128919991698
     </SimpleData>
     <SimpleData name="Long">
      72.8248820001457
     </SimpleData>
     <SimpleData name="OBJECTID_1">
      62
     </SimpleData>
     <SimpleData name="Owner_Dept">
      Education Dept
     </SimpleData>
     <SimpleData name="SchName">
      RAVINDRA BAL VIDYANIKETAN MAR
     </SimpleData>
     <SimpleData name="Sch_Type">
      3-Co-educational
     </SimpleData>
     <SimpleData name="Twitter_Ha">
      @mybmcedu
     </SimpleData>
     <SimpleData name="VillageNam">
      R/S-WARD
     </SimpleData>
     <SimpleData name="Website">
     </SimpleData>
    </SchemaData>
   </ExtendedData>
   <Point>
    <coordinates>
     72.824882,19.212892,0
    </coordinates>
   </Point>
  </Placemark>
  <Placemark>
   <visibility>
    0
   </visibility>
   <name>
    INDIAN EDUCATION SOCIETY MARATHI  PRIMARY SCHOOL
   </name>
   <styleUrl>
    #mumbai_aided_schools_style
   </styleUrl>
   <ExtendedData>
    <SchemaData schemaUrl="#J_mumbai_aided_schools_SIISSSSSISSSSSS">
     <SimpleData name="Address">
      IES MARATHI PRIMARY SCHOOL CHARKOP ,SECTOR -2 CHARKOP ,KANDIVALI WEST MUMBAI 400067
     </SimpleData>
     <SimpleData name="Cls_From">
      1
     </SimpleData>
     <SimpleData name="Cls_To">
      4
     </SimpleData>
     <SimpleData name="Email">
      charkop.primary.marathi@les.edu
     </SimpleData>
     <SimpleData name="GoogleMaps">
      https://www.google.com/maps/search/?api=1&amp;query=19.2126649996298,72.8234509994672
     </SimpleData>
     <SimpleData name="Landline_n">
      022-28680360
     </SimpleData>
     <SimpleData name="Lat">
      19.2126649996298
     </SimpleData>
     <SimpleData name="Long">
      72.8234509994672
     </SimpleData>
     <SimpleData name="OBJECTID_1">
      63
     </SimpleData>
     <SimpleData name="Owner_Dept">
      Education Dept
     </SimpleData>
     <SimpleData name="SchName">
      INDIAN EDUCATION SOCIETY MARATHI  PRIMARY SCHOOL
     </SimpleData>
     <SimpleData name="Sch_Type">
      3-Co-educational
     </SimpleData>
     <SimpleData name="Twitter_Ha">
      @mybmcedu
     </SimpleData>
     <SimpleData name="VillageNam">
      R/S-WARD
     </SimpleData>
     <SimpleData name="Website">
     </SimpleData>
    </SchemaData>
   </ExtendedData>
   <Point>
    <coordinates>
     72.82345100000001,19.212665,0
    </coordinates>
   </Point>
  </Placemark>
  <Placemark>
   <visibility>
    0
   </visibility>
   <name>
    HILDA AUNTY I LP MAR
   </name>
   <styleUrl>
    #mumbai_aided_schools_style
   </styleUrl>
   <ExtendedData>
    <SchemaData schemaUrl="#J_mumbai_aided_schools_SIISSSSSISSSSSS">
     <SimpleData name="Address">
      GANDHI NAGAR NEW LINK ROAD KANDIVALI -WEST MUMBAI -67
     </SimpleData>
     <SimpleData name="Cls_From">
      1
     </SimpleData>
     <SimpleData name="Cls_To">
      4
     </SimpleData>
     <SimpleData name="Email">
      hamps2014@rediffmail.com
     </SimpleData>
     <SimpleData name="GoogleMaps">
      https://www.google.com/maps/search/?api=1&amp;query=19.2012239999948,72.8341880005999
     </SimpleData>
     <SimpleData name="Landline_n">
      022-29673842
     </SimpleData>
     <SimpleData name="Lat">
      19.2012239999948
     </SimpleData>
     <SimpleData name="Long">
      72.8341880005999
     </SimpleData>
     <SimpleData name="OBJECTID_1">
      64
     </SimpleData>
     <SimpleData name="Owner_Dept">
      Education Dept
     </SimpleData>
     <SimpleData name="SchName">
      HILDA AUNTY I LP MAR
     </SimpleData>
     <SimpleData name="Sch_Type">
      3-Co-educational
     </SimpleData>
     <SimpleData name="Twitter_Ha">
      @mybmcedu
     </SimpleData>
     <SimpleData name="VillageNam">
      R/S-WARD
     </SimpleData>
     <SimpleData name="Website">
      education.maharashtra.gov.in/saral/27220200161
     </SimpleData>
    </SchemaData>
   </ExtendedData>
   <Point>
    <coordinates>
     72.834188,19.201224,0
    </coordinates>
   </Point>
  </Placemark>
  <Placemark>
   <visibility>
    0
   </visibility>
   <name>
    GANDHI VIDYA MANDIR HINDI
   </name>
   <styleUrl>
    #mumbai_aided_schools_style
   </styleUrl>
   <ExtendedData>
    <SchemaData schemaUrl="#J_mumbai_aided_schools_SIISSSSSISSSSSS">
     <SimpleData name="Address">
      LALJI PADA GANDHI NAGAR NEW LINK ROAD KANDIVALI WEST MUMBAI 400067
     </SimpleData>
     <SimpleData name="Cls_From">
      1
     </SimpleData>
     <SimpleData name="Cls_To">
      4
     </SimpleData>
     <SimpleData name="Email">
      gandhiprimary@yahoo.com
     </SimpleData>
     <SimpleData name="GoogleMaps">
      https://www.google.com/maps/search/?api=1&amp;query=19.2015679994148,72.8330829996663
     </SimpleData>
     <SimpleData name="Landline_n">
      022-29674354
     </SimpleData>
     <SimpleData name="Lat">
      19.2015679994148
     </SimpleData>
     <SimpleData name="Long">
      72.8330829996663
     </SimpleData>
     <SimpleData name="OBJECTID_1">
      65
     </SimpleData>
     <SimpleData name="Owner_Dept">
      Education Dept
     </SimpleData>
     <SimpleData name="SchName">
      GANDHI VIDYA MANDIR HINDI
     </SimpleData>
     <SimpleData name="Sch_Type">
      3-Co-educational
     </SimpleData>
     <SimpleData name="Twitter_Ha">
      @mybmcedu
     </SimpleData>
     <SimpleData name="VillageNam">
      R/S-WARD
     </SimpleData>
     <SimpleData name="Website">
      education.maharashtra.gov.in/saral/27220200262
     </SimpleData>
    </SchemaData>
   </ExtendedData>
   <Point>
    <coordinates>
     72.833083,19.201568,0
    </coordinates>
   </Point>
  </Placemark>
  <Placemark>
   <visibility>
    0
   </visibility>
   <name>
    HILDA AUNTY PRATHAMIK HINDI SHALA
   </name>
   <styleUrl>
    #mumbai_aided_schools_style
   </styleUrl>
   <ExtendedData>
    <SchemaData schemaUrl="#J_mumbai_aided_schools_SIISSSSSISSSSSS">
     <SimpleData name="Address">
      GANDHI NAGAR , NEW LINK ROAD KANDIVALI WEST MUMBAI 67
     </SimpleData>
     <SimpleData name="Cls_From">
      1
     </SimpleData>
     <SimpleData name="Cls_To">
      4
     </SimpleData>
     <SimpleData name="Email">
      haphshala@gmail.com
     </SimpleData>
     <SimpleData name="GoogleMaps">
      https://www.google.com/maps/search/?api=1&amp;query=19.2014069994054,72.8342779999154
     </SimpleData>
     <SimpleData name="Landline_n">
      022-29673842
     </SimpleData>
     <SimpleData name="Lat">
      19.2014069994054
     </SimpleData>
     <SimpleData name="Long">
      72.8342779999154
     </SimpleData>
     <SimpleData name="OBJECTID_1">
      66
     </SimpleData>
     <SimpleData name="Owner_Dept">
      Education Dept
     </SimpleData>
     <SimpleData name="SchName">
      HILDA AUNTY PRATHAMIK HINDI SHALA
     </SimpleData>
     <SimpleData name="Sch_Type">
      3-Co-educational
     </SimpleData>
     <SimpleData name="Twitter_Ha">
      @mybmcedu
     </SimpleData>
     <SimpleData name="VillageNam">
      R/S-WARD
     </SimpleData>
     <SimpleData name="Website">
      education.maharashtra.gov.in/saral/27220200263
     </SimpleData>
    </SchemaData>
   </ExtendedData>
   <Point>
    <coordinates>
     72.834278,19.201407,0
    </coordinates>
   </Point>
  </Placemark>
  <Placemark>
   <visibility>
    0
   </visibility>
   <name>
    DYANESHWAR VIDYAMANDIR
   </name>
   <styleUrl>
    #mumbai_aided_schools_style
   </styleUrl>
   <ExtendedData>
    <SchemaData schemaUrl="#J_mumbai_aided_schools_SIISSSSSISSSSSS">
     <SimpleData name="Address">
      banderpakhadi road kandivali west
     </SimpleData>
     <SimpleData name="Cls_From">
      1
     </SimpleData>
     <SimpleData name="Cls_To">
      4
     </SimpleData>
     <SimpleData name="Email">
      s1977831@gmail.com
     </SimpleData>
     <SimpleData name="GoogleMaps">
      https://www.google.com/maps/search/?api=1&amp;query=19.2106349999072,72.8327879998984
     </SimpleData>
     <SimpleData name="Landline_n">
      022-28068293
     </SimpleData>
     <SimpleData name="Lat">
      19.2106349999072
     </SimpleData>
     <SimpleData name="Long">
      72.8327879998984
     </SimpleData>
     <SimpleData name="OBJECTID_1">
      67
     </SimpleData>
     <SimpleData name="Owner_Dept">
      Education Dept
     </SimpleData>
     <SimpleData name="SchName">
      DYANESHWAR VIDYAMANDIR
     </SimpleData>
     <SimpleData name="Sch_Type">
      3-Co-educational
     </SimpleData>
     <SimpleData name="Twitter_Ha">
      @mybmcedu
     </SimpleData>
     <SimpleData name="VillageNam">
      R/S-WARD
     </SimpleData>
     <SimpleData name="Website">
      saraswati.edu.in
     </SimpleData>
    </SchemaData>
   </ExtendedData>
   <Point>
    <coordinates>
     72.83278799999999,19.210635,0
    </coordinates>
   </Point>
  </Placemark>
  <Placemark>
   <visibility>
    0
   </visibility>
   <name>
    G.DJOSHI PIONEER PRIMARY VIDYAMANDIR
   </name>
   <styleUrl>
    #mumbai_aided_schools_style
   </styleUrl>
   <ExtendedData>
    <SchemaData schemaUrl="#J_mumbai_aided_schools_SIISSSSSISSSSSS">
     <SimpleData name="Address">
      Bajaj M.N.P school, Kandivali west
     </SimpleData>
     <SimpleData name="Cls_From">
      1
     </SimpleData>
     <SimpleData name="Cls_To">
      4
     </SimpleData>
     <SimpleData name="Email">
      gdjoshipioneer@yahoo.com
     </SimpleData>
     <SimpleData name="GoogleMaps">
      https://www.google.com/maps/search/?api=1&amp;query=19.2034139995655,72.8550209993918
     </SimpleData>
     <SimpleData name="Landline_n">
      022-28864627
     </SimpleData>
     <SimpleData name="Lat">
      19.2034139995655
     </SimpleData>
     <SimpleData name="Long">
      72.8550209993918
     </SimpleData>
     <SimpleData name="OBJECTID_1">
      68
     </SimpleData>
     <SimpleData name="Owner_Dept">
      Education Dept
     </SimpleData>
     <SimpleData name="SchName">
      G.DJOSHI PIONEER PRIMARY VIDYAMANDIR
     </SimpleData>
     <SimpleData name="Sch_Type">
      3-Co-educational
     </SimpleData>
     <SimpleData name="Twitter_Ha">
      @mybmcedu
     </SimpleData>
     <SimpleData name="VillageNam">
      R/S-WARD
     </SimpleData>
     <SimpleData name="Website">
     </SimpleData>
    </SchemaData>
   </ExtendedData>
   <Point>
    <coordinates>
     72.85502099999999,19.203414,0
    </coordinates>
   </Point>
  </Placemark>
  <Placemark>
   <visibility>
    0
   </visibility>
   <name>
    CHUNNILAL UTAMCHAND SHAH PRIM ENG SCHOOL
   </name>
   <styleUrl>
    #mumbai_aided_schools_style
   </styleUrl>
   <ExtendedData>
    <SchemaData schemaUrl="#J_mumbai_aided_schools_SIISSSSSISSSSSS">
     <SimpleData name="Address">
      Damodarwadi Ashok Nagar Kandivali East Mumbai - 400101
     </SimpleData>
     <SimpleData name="Cls_From">
      1
     </SimpleData>
     <SimpleData name="Cls_To">
      4
     </SimpleData>
     <SimpleData name="Email">
      cushahenglishprimary@yahoo.com
     </SimpleData>
     <SimpleData name="GoogleMaps">
      https://www.google.com/maps/search/?api=1&amp;query=19.1949309995174,72.858034000124
     </SimpleData>
     <SimpleData name="Landline_n">
      022-0
     </SimpleData>
     <SimpleData name="Lat">
      19.1949309995174
     </SimpleData>
     <SimpleData name="Long">
      72.858034000124
     </SimpleData>
     <SimpleData name="OBJECTID_1">
      69
     </SimpleData>
     <SimpleData name="Owner_Dept">
      Education Dept
     </SimpleData>
     <SimpleData name="SchName">
      CHUNNILAL UTAMCHAND SHAH PRIM ENG SCHOOL
     </SimpleData>
     <SimpleData name="Sch_Type">
      3-Co-educational
     </SimpleData>
     <SimpleData name="Twitter_Ha">
      @mybmcedu
     </SimpleData>
     <SimpleData name="VillageNam">
      R/S-WARD
     </SimpleData>
     <SimpleData name="Website">
      udiseplus.gov.in
     </SimpleData>
    </SchemaData>
   </ExtendedData>
   <Point>
    <coordinates>
     72.858034,19.194931,0
    </coordinates>
   </Point>
  </Placemark>
  <Placemark>
   <visibility>
    0
   </visibility>
   <name>
    SAMTA VIDYAMANDIR LP
   </name>
   <styleUrl>
    #mumbai_aided_schools_style
   </styleUrl>
   <ExtendedData>
    <SchemaData schemaUrl="#J_mumbai_aided_schools_SIISSSSSISSSSSS">
     <SimpleData name="Address">
      Bajaj school Municipality,Kandivali West,URC-2
     </SimpleData>
     <SimpleData name="Cls_From">
      1
     </SimpleData>
     <SimpleData name="Cls_To">
      4
     </SimpleData>
     <SimpleData name="Email">
      svmpri@gmail.com
     </SimpleData>
     <SimpleData name="GoogleMaps">
      https://www.google.com/maps/search/?api=1&amp;query=19.2066110005156,72.871081000359
     </SimpleData>
     <SimpleData name="Landline_n">
      022-28850267
     </SimpleData>
     <SimpleData name="Lat">
      19.2066110005156
     </SimpleData>
     <SimpleData name="Long">
      72.871081000359
     </SimpleData>
     <SimpleData name="OBJECTID_1">
      70
     </SimpleData>
     <SimpleData name="Owner_Dept">
      Education Dept
     </SimpleData>
     <SimpleData name="SchName">
      SAMTA VIDYAMANDIR LP
     </SimpleData>
     <SimpleData name="Sch_Type">
      3-Co-educational
     </SimpleData>
     <SimpleData name="Twitter_Ha">
      @mybmcedu
     </SimpleData>
     <SimpleData name="VillageNam">
      R/S-WARD
     </SimpleData>
     <SimpleData name="Website">
     </SimpleData>
    </SchemaData>
   </ExtendedData>
   <Point>
    <coordinates>
     72.871081,19.206611,0
    </coordinates>
   </Point>
  </Placemark>
  <Placemark>
   <visibility>
    0
   </visibility>
   <name>
    SHIRDI SAIBABA VIDYAMANDIR
   </name>
   <styleUrl>
    #mumbai_aided_schools_style
   </styleUrl>
   <ExtendedData>
    <SchemaData schemaUrl="#J_mumbai_aided_schools_SIISSSSSISSSSSS">
     <SimpleData name="Address">
      singh estate near samata nagar kandivali
     </SimpleData>
     <SimpleData name="Cls_From">
      1
     </SimpleData>
     <SimpleData name="Cls_To">
      4
     </SimpleData>
     <SimpleData name="Email">
      shirdisaibabavidyamandir1989@gmail.com
     </SimpleData>
     <SimpleData name="GoogleMaps">
      https://www.google.com/maps/search/?api=1&amp;query=19.2036529999404,72.8719640006831
     </SimpleData>
     <SimpleData name="Landline_n">
      022-28855409
     </SimpleData>
     <SimpleData name="Lat">
      19.2036529999404
     </SimpleData>
     <SimpleData name="Long">
      72.8719640006831
     </SimpleData>
     <SimpleData name="OBJECTID_1">
      71
     </SimpleData>
     <SimpleData name="Owner_Dept">
      Education Dept
     </SimpleData>
     <SimpleData name="SchName">
      SHIRDI SAIBABA VIDYAMANDIR
     </SimpleData>
     <SimpleData name="Sch_Type">
      3-Co-educational
     </SimpleData>
     <SimpleData name="Twitter_Ha">
      @mybmcedu
     </SimpleData>
     <SimpleData name="VillageNam">
      R/S-WARD
     </SimpleData>
     <SimpleData name="Website">
     </SimpleData>
    </SchemaData>
   </ExtendedData>
   <Point>
    <coordinates>
     72.87196400000001,19.203653,0
    </coordinates>
   </Point>
  </Placemark>
  <Placemark>
   <visibility>
    0
   </visibility>
   <name>
    ANUDATTA VIDYALAYA MARATHI PRATHAMIK
   </name>
   <styleUrl>
    #mumbai_aided_schools_style
   </styleUrl>
   <ExtendedData>
    <SchemaData schemaUrl="#J_mumbai_aided_schools_SIISSSSSISSSSSS">
     <SimpleData name="Address">
      MHADA Vasahat Kandivali East
     </SimpleData>
     <SimpleData name="Cls_From">
      1
     </SimpleData>
     <SimpleData name="Cls_To">
      4
     </SimpleData>
     <SimpleData name="Email">
      anudattmarathiprathamik@gmail.com
     </SimpleData>
     <SimpleData name="GoogleMaps">
      https://www.google.com/maps/search/?api=1&amp;query=19.193915000508,72.8748899991784
     </SimpleData>
     <SimpleData name="Landline_n">
      022-29664576
     </SimpleData>
     <SimpleData name="Lat">
      19.193915000508
     </SimpleData>
     <SimpleData name="Long">
      72.8748899991784
     </SimpleData>
     <SimpleData name="OBJECTID_1">
      72
     </SimpleData>
     <SimpleData name="Owner_Dept">
      Education Dept
     </SimpleData>
     <SimpleData name="SchName">
      ANUDATTA VIDYALAYA MARATHI PRATHAMIK
     </SimpleData>
     <SimpleData name="Sch_Type">
      3-Co-educational
     </SimpleData>
     <SimpleData name="Twitter_Ha">
      @mybmcedu
     </SimpleData>
     <SimpleData name="VillageNam">
      R/S-WARD
     </SimpleData>
     <SimpleData name="Website">
     </SimpleData>
    </SchemaData>
   </ExtendedData>
   <Point>
    <coordinates>
     72.87488999999999,19.193915,0
    </coordinates>
   </Point>
  </Placemark>
  <Placemark>
   <visibility>
    0
   </visibility>
   <name>
    PAL RAJENDRA PRIMARY HINDI SCHOOL
   </name>
   <styleUrl>
    #mumbai_aided_schools_style
   </styleUrl>
   <ExtendedData>
    <SchemaData schemaUrl="#J_mumbai_aided_schools_SIISSSSSISSSSSS">
     <SimpleData name="Address">
      Hanuman nagar Kandivali East Mumbai 400101
     </SimpleData>
     <SimpleData name="Cls_From">
      1
     </SimpleData>
     <SimpleData name="Cls_To">
      4
     </SimpleData>
     <SimpleData name="Email">
      palrajendra@rajendrapal.org
     </SimpleData>
     <SimpleData name="GoogleMaps">
      https://www.google.com/maps/search/?api=1&amp;query=19.1985930001518,72.8661359995423
     </SimpleData>
     <SimpleData name="Landline_n">
      022-29655683
     </SimpleData>
     <SimpleData name="Lat">
      19.1985930001518
     </SimpleData>
     <SimpleData name="Long">
      72.8661359995423
     </SimpleData>
     <SimpleData name="OBJECTID_1">
      73
     </SimpleData>
     <SimpleData name="Owner_Dept">
      Education Dept
     </SimpleData>
     <SimpleData name="SchName">
      PAL RAJENDRA PRIMARY HINDI SCHOOL
     </SimpleData>
     <SimpleData name="Sch_Type">
      3-Co-educational
     </SimpleData>
     <SimpleData name="Twitter_Ha">
      @mybmcedu
     </SimpleData>
     <SimpleData name="VillageNam">
      R/S-WARD
     </SimpleData>
     <SimpleData name="Website">
     </SimpleData>
    </SchemaData>
   </ExtendedData>
   <Point>
    <coordinates>
     72.866136,19.198593,0
    </coordinates>
   </Point>
  </Placemark>
  <Placemark>
   <visibility>
    0
   </visibility>
   <name>
    DYNYANGANGA ED. TRUST SCHOOL
   </name>
   <styleUrl>
    #mumbai_aided_schools_style
   </styleUrl>
   <ExtendedData>
    <SchemaData schemaUrl="#J_mumbai_aided_schools_SIISSSSSISSSSSS">
     <SimpleData name="Address">
      DURGA NAGAR KRANTI NAGAR RD KANDIVALI E MUMBAI
     </SimpleData>
     <SimpleData name="Cls_From">
      1
     </SimpleData>
     <SimpleData name="Cls_To">
      4
     </SimpleData>
     <SimpleData name="Email">
      dnyangangaprimary@gmail.com
     </SimpleData>
     <SimpleData name="GoogleMaps">
      https://www.google.com/maps/search/?api=1&amp;query=19.1936920000417,72.8683680000815
     </SimpleData>
     <SimpleData name="Landline_n">
      022-29657915
     </SimpleData>
     <SimpleData name="Lat">
      19.1936920000417
     </SimpleData>
     <SimpleData name="Long">
      72.8683680000815
     </SimpleData>
     <SimpleData name="OBJECTID_1">
      74
     </SimpleData>
     <SimpleData name="Owner_Dept">
      Education Dept
     </SimpleData>
     <SimpleData name="SchName">
      DYNYANGANGA ED. TRUST SCHOOL
     </SimpleData>
     <SimpleData name="Sch_Type">
      3-Co-educational
     </SimpleData>
     <SimpleData name="Twitter_Ha">
      @mybmcedu
     </SimpleData>
     <SimpleData name="VillageNam">
      R/S-WARD
     </SimpleData>
     <SimpleData name="Website">
     </SimpleData>
    </SchemaData>
   </ExtendedData>
   <Point>
    <coordinates>
     72.868368,19.193692,0
    </coordinates>
   </Point>
  </Placemark>
  <Placemark>
   <visibility>
    0
   </visibility>
   <name>
    PAL RAJENDRA PRI MAR
   </name>
   <styleUrl>
    #mumbai_aided_schools_style
   </styleUrl>
   <ExtendedData>
    <SchemaData schemaUrl="#J_mumbai_aided_schools_SIISSSSSISSSSSS">
     <SimpleData name="Address">
      HANUMAN NAGAR AKURLIROAD KANDIVALI EAST MUMBAI 400101
     </SimpleData>
     <SimpleData name="Cls_From">
      1
     </SimpleData>
     <SimpleData name="Cls_To">
      4
     </SimpleData>
     <SimpleData name="Email">
      palrajendra@rajendrapal.org
     </SimpleData>
     <SimpleData name="GoogleMaps">
      https://www.google.com/maps/search/?api=1&amp;query=19.1980959997601,72.865856999909
     </SimpleData>
     <SimpleData name="Landline_n">
      022-29655683
     </SimpleData>
     <SimpleData name="Lat">
      19.1980959997601
     </SimpleData>
     <SimpleData name="Long">
      72.865856999909
     </SimpleData>
     <SimpleData name="OBJECTID_1">
      75
     </SimpleData>
     <SimpleData name="Owner_Dept">
      Education Dept
     </SimpleData>
     <SimpleData name="SchName">
      PAL RAJENDRA PRI MAR
     </SimpleData>
     <SimpleData name="Sch_Type">
      3-Co-educational
     </SimpleData>
     <SimpleData name="Twitter_Ha">
      @mybmcedu
     </SimpleData>
     <SimpleData name="VillageNam">
      R/S-WARD
     </SimpleData>
     <SimpleData name="Website">
      www.rajendrapal.org
     </SimpleData>
    </SchemaData>
   </ExtendedData>
   <Point>
    <coordinates>
     72.86585700000001,19.198096,0
    </coordinates>
   </Point>
  </Placemark>
  <Placemark>
   <visibility>
    0
   </visibility>
   <name>
    SHREE RAGHVIR PRATHAMIK VIDYA
   </name>
   <styleUrl>
    #mumbai_aided_schools_style
   </styleUrl>
   <ExtendedData>
    <SchemaData schemaUrl="#J_mumbai_aided_schools_SIISSSSSISSSSSS">
     <SimpleData name="Address">
      Hanuman Nagar  Narsi Pada Kandivali East Mumbai- 400101
     </SimpleData>
     <SimpleData name="Cls_From">
      1
     </SimpleData>
     <SimpleData name="Cls_To">
      4
     </SimpleData>
     <SimpleData name="Email">
      raghubirschool@yahoo.in
     </SimpleData>
     <SimpleData name="GoogleMaps">
      https://www.google.com/maps/search/?api=1&amp;query=19.2023750004267,72.864820000151
     </SimpleData>
     <SimpleData name="Landline_n">
      022-28875640
     </SimpleData>
     <SimpleData name="Lat">
      19.2023750004267
     </SimpleData>
     <SimpleData name="Long">
      72.864820000151
     </SimpleData>
     <SimpleData name="OBJECTID_1">
      76
     </SimpleData>
     <SimpleData name="Owner_Dept">
      Education Dept
     </SimpleData>
     <SimpleData name="SchName">
      SHREE RAGHVIR PRATHAMIK VIDYA
     </SimpleData>
     <SimpleData name="Sch_Type">
      3-Co-educational
     </SimpleData>
     <SimpleData name="Twitter_Ha">
      @mybmcedu
     </SimpleData>
     <SimpleData name="VillageNam">
      R/S-WARD
     </SimpleData>
     <SimpleData name="Website">
      www.education.maharashtra.gov.in/saral/27220200334
     </SimpleData>
    </SchemaData>
   </ExtendedData>
   <Point>
    <coordinates>
     72.86481999999999,19.202375,0
    </coordinates>
   </Point>
  </Placemark>
  <Placemark>
   <visibility>
    0
   </visibility>
   <name>
    SHRIRAM VIDYAMANDIR HINDI
   </name>
   <styleUrl>
    #mumbai_aided_schools_style
   </styleUrl>
   <ExtendedData>
    <SchemaData schemaUrl="#J_mumbai_aided_schools_SIISSSSSISSSSSS">
     <SimpleData name="Address">
      BAHUJANHITAYCHAWLKRANTINAGAR,KANDIVALIE, MUMBAI
     </SimpleData>
     <SimpleData name="Cls_From">
      1
     </SimpleData>
     <SimpleData name="Cls_To">
      4
     </SimpleData>
     <SimpleData name="Email">
      shrirammndir132@gmail.com
     </SimpleData>
     <SimpleData name="GoogleMaps">
      https://www.google.com/maps/search/?api=1&amp;query=19.1928130001202,72.8757830003834
     </SimpleData>
     <SimpleData name="Landline_n">
      022-29663575
     </SimpleData>
     <SimpleData name="Lat">
      19.1928130001202
     </SimpleData>
     <SimpleData name="Long">
      72.8757830003834
     </SimpleData>
     <SimpleData name="OBJECTID_1">
      77
     </SimpleData>
     <SimpleData name="Owner_Dept">
      Education Dept
     </SimpleData>
     <SimpleData name="SchName">
      SHRIRAM VIDYAMANDIR HINDI
     </SimpleData>
     <SimpleData name="Sch_Type">
      3-Co-educational
     </SimpleData>
     <SimpleData name="Twitter_Ha">
      @mybmcedu
     </SimpleData>
     <SimpleData name="VillageNam">
      R/S-WARD
     </SimpleData>
     <SimpleData name="Website">
     </SimpleData>
    </SchemaData>
   </ExtendedData>
   <Point>
    <coordinates>
     72.875783,19.192813,0
    </coordinates>
   </Point>
  </Placemark>
  <Placemark>
   <visibility>
    0
   </visibility>
   <name>
    RAJ MARATHI PRATHAMIK VIDYAMANDIR KANDIWALI
   </name>
   <styleUrl>
    #mumbai_aided_schools_style
   </styleUrl>
   <ExtendedData>
    <SchemaData schemaUrl="#J_mumbai_aided_schools_SIISSSSSISSSSSS">
     <SimpleData name="Address">
      Mahindra Compound Damu Nagar Akurli Road Kandivali East Mumbai 400101
     </SimpleData>
     <SimpleData name="Cls_From">
      1
     </SimpleData>
     <SimpleData name="Cls_To">
      4
     </SimpleData>
     <SimpleData name="Email">
      rajprathmik@yahoo.com
     </SimpleData>
     <SimpleData name="GoogleMaps">
      https://www.google.com/maps/search/?api=1&amp;query=19.202145000831,72.879240999766
     </SimpleData>
     <SimpleData name="Landline_n">
      022-29666986
     </SimpleData>
     <SimpleData name="Lat">
      19.202145000831
     </SimpleData>
     <SimpleData name="Long">
      72.879240999766
     </SimpleData>
     <SimpleData name="OBJECTID_1">
      78
     </SimpleData>
     <SimpleData name="Owner_Dept">
      Education Dept
     </SimpleData>
     <SimpleData name="SchName">
      RAJ MARATHI PRATHAMIK VIDYAMANDIR KANDIWALI
     </SimpleData>
     <SimpleData name="Sch_Type">
      3-Co-educational
     </SimpleData>
     <SimpleData name="Twitter_Ha">
      @mybmcedu
     </SimpleData>
     <SimpleData name="VillageNam">
      R/S-WARD
     </SimpleData>
     <SimpleData name="Website">
     </SimpleData>
    </SchemaData>
   </ExtendedData>
   <Point>
    <coordinates>
     72.87924099999999,19.202145,0
    </coordinates>
   </Point>
  </Placemark>
  <Placemark>
   <visibility>
    0
   </visibility>
   <name>
    ADARSH VIDYALAYA LP
   </name>
   <styleUrl>
    #mumbai_aided_schools_style
   </styleUrl>
   <ExtendedData>
    <SchemaData schemaUrl="#J_mumbai_aided_schools_SIISSSSSISSSSSS">
     <SimpleData name="Address">
      SIDDHARTH NAGAR, GOREGAON
     </SimpleData>
     <SimpleData name="Cls_From">
      1
     </SimpleData>
     <SimpleData name="Cls_To">
      4
     </SimpleData>
     <SimpleData name="Email">
      halloadarsh@gmail.com
     </SimpleData>
     <SimpleData name="GoogleMaps">
      https://www.google.com/maps/search/?api=1&amp;query=19.1567960002957,72.8426080004121
     </SimpleData>
     <SimpleData name="Landline_n">
      022-28780157
     </SimpleData>
     <SimpleData name="Lat">
      19.1567960002957
     </SimpleData>
     <SimpleData name="Long">
      72.8426080004121
     </SimpleData>
     <SimpleData name="OBJECTID_1">
      79
     </SimpleData>
     <SimpleData name="Owner_Dept">
      Education Dept
     </SimpleData>
     <SimpleData name="SchName">
      ADARSH VIDYALAYA LP
     </SimpleData>
     <SimpleData name="Sch_Type">
      3-Co-educational
     </SimpleData>
     <SimpleData name="Twitter_Ha">
      @mybmcedu
     </SimpleData>
     <SimpleData name="VillageNam">
      P/S-WARD
     </SimpleData>
     <SimpleData name="Website">
     </SimpleData>
    </SchemaData>
   </ExtendedData>
   <Point>
    <coordinates>
     72.842608,19.156796,0
    </coordinates>
   </Point>
  </Placemark>
  <Placemark>
   <visibility>
    0
   </visibility>
   <name>
    VIDYANIKETAN PRIMARY SCHOOL
   </name>
   <styleUrl>
    #mumbai_aided_schools_style
   </styleUrl>
   <ExtendedData>
    <SchemaData schemaUrl="#J_mumbai_aided_schools_SIISSSSSISSSSSS">
     <SimpleData name="Address">
      M.G.ROAD,GOREGAON  W
     </SimpleData>
     <SimpleData name="Cls_From">
      1
     </SimpleData>
     <SimpleData name="Cls_To">
      4
     </SimpleData>
     <SimpleData name="Email">
      vidyaniketanps@gmail.com
     </SimpleData>
     <SimpleData name="GoogleMaps">
      https://www.google.com/maps/search/?api=1&amp;query=19.1632900004633,72.8425729999339
     </SimpleData>
     <SimpleData name="Landline_n">
      022-28764503
     </SimpleData>
     <SimpleData name="Lat">
      19.1632900004633
     </SimpleData>
     <SimpleData name="Long">
      72.8425729999339
     </SimpleData>
     <SimpleData name="OBJECTID_1">
      80
     </SimpleData>
     <SimpleData name="Owner_Dept">
      Education Dept
     </SimpleData>
     <SimpleData name="SchName">
      VIDYANIKETAN PRIMARY SCHOOL
     </SimpleData>
     <SimpleData name="Sch_Type">
      3-Co-educational
     </SimpleData>
     <SimpleData name="Twitter_Ha">
      @mybmcedu
     </SimpleData>
     <SimpleData name="VillageNam">
      P/S-WARD
     </SimpleData>
     <SimpleData name="Website">
     </SimpleData>
    </SchemaData>
   </ExtendedData>
   <Point>
    <coordinates>
     72.842573,19.16329,0
    </coordinates>
   </Point>
  </Placemark>
  <Placemark>
   <visibility>
    0
   </visibility>
   <name>
    VIVEK VIDYALAYA ENG PRIMARY SCHOOL
   </name>
   <styleUrl>
    #mumbai_aided_schools_style
   </styleUrl>
   <ExtendedData>
    <SchemaData schemaUrl="#J_mumbai_aided_schools_SIISSSSSISSSSSS">
     <SimpleData name="Address">
      BRIHANMUMBAI MAHANAGAR PALIKA
     </SimpleData>
     <SimpleData name="Cls_From">
      1
     </SimpleData>
     <SimpleData name="Cls_To">
      4
     </SimpleData>
     <SimpleData name="Email">
      vivekprimoff@gmail.com
     </SimpleData>
     <SimpleData name="GoogleMaps">
      https://www.google.com/maps/search/?api=1&amp;query=19.1599199997937,72.8439809999014
     </SimpleData>
     <SimpleData name="Landline_n">
      022-28723189
     </SimpleData>
     <SimpleData name="Lat">
      19.1599199997937
     </SimpleData>
     <SimpleData name="Long">
      72.8439809999014
     </SimpleData>
     <SimpleData name="OBJECTID_1">
      81
     </SimpleData>
     <SimpleData name="Owner_Dept">
      Education Dept
     </SimpleData>
     <SimpleData name="SchName">
      VIVEK VIDYALAYA ENG PRIMARY SCHOOL
     </SimpleData>
     <SimpleData name="Sch_Type">
      3-Co-educational
     </SimpleData>
     <SimpleData name="Twitter_Ha">
      @mybmcedu
     </SimpleData>
     <SimpleData name="VillageNam">
      P/S-WARD
     </SimpleData>
     <SimpleData name="Website">
      www.vivekvidyalaya.org
     </SimpleData>
    </SchemaData>
   </ExtendedData>
   <Point>
    <coordinates>
     72.843981,19.15992,0
    </coordinates>
   </Point>
  </Placemark>
  <Placemark>
   <visibility>
    0
   </visibility>
   <name>
    N V MANDIR MAHARASHTRA VIDYALP
   </name>
   <styleUrl>
    #mumbai_aided_schools_style
   </styleUrl>
   <ExtendedData>
    <SchemaData schemaUrl="#J_mumbai_aided_schools_SIISSSSSISSSSSS">
     <SimpleData name="Address">
      UNNAT NAGAR NO. 04, GOREGAON WEST
     </SimpleData>
     <SimpleData name="Cls_From">
      1
     </SimpleData>
     <SimpleData name="Cls_To">
      4
     </SimpleData>
     <SimpleData name="Email">
      maharashtravidyalayapri@gail.com
     </SimpleData>
     <SimpleData name="GoogleMaps">
      https://www.google.com/maps/search/?api=1&amp;query=19.1653780001606,72.8412029999752
     </SimpleData>
     <SimpleData name="Landline_n">
      022-28712284
     </SimpleData>
     <SimpleData name="Lat">
      19.1653780001606
     </SimpleData>
     <SimpleData name="Long">
      72.8412029999752
     </SimpleData>
     <SimpleData name="OBJECTID_1">
      82
     </SimpleData>
     <SimpleData name="Owner_Dept">
      Education Dept
     </SimpleData>
     <SimpleData name="SchName">
      N V MANDIR MAHARASHTRA VIDYALP
     </SimpleData>
     <SimpleData name="Sch_Type">
      3-Co-educational
     </SimpleData>
     <SimpleData name="Twitter_Ha">
      @mybmcedu
     </SimpleData>
     <SimpleData name="VillageNam">
      P/S-WARD
     </SimpleData>
     <SimpleData name="Website">
     </SimpleData>
    </SchemaData>
   </ExtendedData>
   <Point>
    <coordinates>
     72.84120299999999,19.165378,0
    </coordinates>
   </Point>
  </Placemark>
  <Placemark>
   <visibility>
    0
   </visibility>
   <name>
    DNYANMANDIR PRIMARY SCHOOL
   </name>
   <styleUrl>
    #mumbai_aided_schools_style
   </styleUrl>
   <ExtendedData>
    <SchemaData schemaUrl="#J_mumbai_aided_schools_SIISSSSSISSSSSS">
     <SimpleData name="Address">
      16 /133 Unnat Nagar 4 M G Road Goregaon West mumbai 400090
     </SimpleData>
     <SimpleData name="Cls_From">
      1
     </SimpleData>
     <SimpleData name="Cls_To">
      4
     </SimpleData>
     <SimpleData name="Email">
      dnyanmandir1974@gmail.com
     </SimpleData>
     <SimpleData name="GoogleMaps">
      https://www.google.com/maps/search/?api=1&amp;query=19.1646869999934,72.8392219991963
     </SimpleData>
     <SimpleData name="Landline_n">
      022-28775376
     </SimpleData>
     <SimpleData name="Lat">
      19.1646869999934
     </SimpleData>
     <SimpleData name="Long">
      72.8392219991963
     </SimpleData>
     <SimpleData name="OBJECTID_1">
      83
     </SimpleData>
     <SimpleData name="Owner_Dept">
      Education Dept
     </SimpleData>
     <SimpleData name="SchName">
      DNYANMANDIR PRIMARY SCHOOL
     </SimpleData>
     <SimpleData name="Sch_Type">
      3-Co-educational
     </SimpleData>
     <SimpleData name="Twitter_Ha">
      @mybmcedu
     </SimpleData>
     <SimpleData name="VillageNam">
      P/S-WARD
     </SimpleData>
     <SimpleData name="Website">
     </SimpleData>
    </SchemaData>
   </ExtendedData>
   <Point>
    <coordinates>
     72.83922200000001,19.164687,0
    </coordinates>
   </Point>
  </Placemark>
  <Placemark>
   <visibility>
    0
   </visibility>
   <name>
    VIDYA VIKAS MANDIR
   </name>
   <styleUrl>
    #mumbai_aided_schools_style
   </styleUrl>
   <ExtendedData>
    <SchemaData schemaUrl="#J_mumbai_aided_schools_SIISSSSSISSSSSS">
     <SimpleData name="Address">
      SUBHASH NAGAR, TEEN DONGARI, GOREGAON
     </SimpleData>
     <SimpleData name="Cls_From">
      1
     </SimpleData>
     <SimpleData name="Cls_To">
      4
     </SimpleData>
     <SimpleData name="Email">
      vidyavikasmandir@gmail.com
     </SimpleData>
     <SimpleData name="GoogleMaps">
      https://www.google.com/maps/search/?api=1&amp;query=19.1662200006773,72.8387120004009
     </SimpleData>
     <SimpleData name="Landline_n">
      022-28766696
     </SimpleData>
     <SimpleData name="Lat">
      19.1662200006773
     </SimpleData>
     <SimpleData name="Long">
      72.8387120004009
     </SimpleData>
     <SimpleData name="OBJECTID_1">
      84
     </SimpleData>
     <SimpleData name="Owner_Dept">
      Education Dept
     </SimpleData>
     <SimpleData name="SchName">
      VIDYA VIKAS MANDIR
     </SimpleData>
     <SimpleData name="Sch_Type">
      3-Co-educational
     </SimpleData>
     <SimpleData name="Twitter_Ha">
      @mybmcedu
     </SimpleData>
     <SimpleData name="VillageNam">
      P/S-WARD
     </SimpleData>
     <SimpleData name="Website">
     </SimpleData>
    </SchemaData>
   </ExtendedData>
   <Point>
    <coordinates>
     72.838712,19.16622,0
    </coordinates>
   </Point>
  </Placemark>
  <Placemark>
   <visibility>
    0
   </visibility>
   <name>
    SANSKARDHAM VIDYALAYA GUJ
   </name>
   <styleUrl>
    #mumbai_aided_schools_style
   </styleUrl>
   <ExtendedData>
    <SchemaData schemaUrl="#J_mumbai_aided_schools_SIISSSSSISSSSSS">
     <SimpleData name="Address">
      UNNAT NAGAR TEEN DONRI GOREGAON WEST
     </SimpleData>
     <SimpleData name="Cls_From">
      1
     </SimpleData>
     <SimpleData name="Cls_To">
      4
     </SimpleData>
     <SimpleData name="Email">
      sdvprimary@gmail.com
     </SimpleData>
     <SimpleData name="GoogleMaps">
      https://www.google.com/maps/search/?api=1&amp;query=19.1679659995612,72.8399160004996
     </SimpleData>
     <SimpleData name="Landline_n">
      022-28752702
     </SimpleData>
     <SimpleData name="Lat">
      19.1679659995612
     </SimpleData>
     <SimpleData name="Long">
      72.8399160004996
     </SimpleData>
     <SimpleData name="OBJECTID_1">
      85
     </SimpleData>
     <SimpleData name="Owner_Dept">
      Education Dept
     </SimpleData>
     <SimpleData name="SchName">
      SANSKARDHAM VIDYALAYA GUJ
     </SimpleData>
     <SimpleData name="Sch_Type">
      3-Co-educational
     </SimpleData>
     <SimpleData name="Twitter_Ha">
      @mybmcedu
     </SimpleData>
     <SimpleData name="VillageNam">
      P/S-WARD
     </SimpleData>
     <SimpleData name="Website">
      education.maharashtra.gov.in/saral/27220300147
     </SimpleData>
    </SchemaData>
   </ExtendedData>
   <Point>
    <coordinates>
     72.839916,19.167966,0
    </coordinates>
   </Point>
  </Placemark>
  <Placemark>
   <visibility>
    0
   </visibility>
   <name>
    P Z PATEL VIDYALAYA
   </name>
   <styleUrl>
    #mumbai_aided_schools_style
   </styleUrl>
   <ExtendedData>
    <SchemaData schemaUrl="#J_mumbai_aided_schools_SIISSSSSISSSSSS">
     <SimpleData name="Address">
      220 JAWAHAR NAGAR  GOREGAON WEST MUMBAI
     </SimpleData>
     <SimpleData name="Cls_From">
      1
     </SimpleData>
     <SimpleData name="Cls_To">
      4
     </SimpleData>
     <SimpleData name="Email">
      pzpv220@gmail.com
     </SimpleData>
     <SimpleData name="GoogleMaps">
      https://www.google.com/maps/search/?api=1&amp;query=19.1577849995527,72.8480759996512
     </SimpleData>
     <SimpleData name="Landline_n">
      022-28724763
     </SimpleData>
     <SimpleData name="Lat">
      19.1577849995527
     </SimpleData>
     <SimpleData name="Long">
      72.8480759996512
     </SimpleData>
     <SimpleData name="OBJECTID_1">
      86
     </SimpleData>
     <SimpleData name="Owner_Dept">
      Education Dept
     </SimpleData>
     <SimpleData name="SchName">
      P Z PATEL VIDYALAYA
     </SimpleData>
     <SimpleData name="Sch_Type">
      3-Co-educational
     </SimpleData>
     <SimpleData name="Twitter_Ha">
      @mybmcedu
     </SimpleData>
     <SimpleData name="VillageNam">
      P/S-WARD
     </SimpleData>
     <SimpleData name="Website">
      education.maharashtra.gov.in/saral/27220300149
     </SimpleData>
    </SchemaData>
   </ExtendedData>
   <Point>
    <coordinates>
     72.84807600000001,19.157785,0
    </coordinates>
   </Point>
  </Placemark>
  <Placemark>
   <visibility>
    0
   </visibility>
   <name>
    DOSIBAI JEEJEEBHOY PRATHAMIK SHALA
   </name>
   <styleUrl>
    #mumbai_aided_schools_style
   </styleUrl>
   <ExtendedData>
    <SchemaData schemaUrl="#J_mumbai_aided_schools_SIISSSSSISSSSSS">
     <SimpleData name="Address">
      Aarey road,goregaon west mumbai 400104
     </SimpleData>
     <SimpleData name="Cls_From">
      1
     </SimpleData>
     <SimpleData name="Cls_To">
      4
     </SimpleData>
     <SimpleData name="Email">
      djps2000@gmail.com
     </SimpleData>
     <SimpleData name="GoogleMaps">
      https://www.google.com/maps/search/?api=1&amp;query=19.1666489998687,72.8468729998201
     </SimpleData>
     <SimpleData name="Landline_n">
      022-28767948
     </SimpleData>
     <SimpleData name="Lat">
      19.1666489998687
     </SimpleData>
     <SimpleData name="Long">
      72.8468729998201
     </SimpleData>
     <SimpleData name="OBJECTID_1">
      87
     </SimpleData>
     <SimpleData name="Owner_Dept">
      Education Dept
     </SimpleData>
     <SimpleData name="SchName">
      DOSIBAI JEEJEEBHOY PRATHAMIK SHALA
     </SimpleData>
     <SimpleData name="Sch_Type">
      3-Co-educational
     </SimpleData>
     <SimpleData name="Twitter_Ha">
      @mybmcedu
     </SimpleData>
     <SimpleData name="VillageNam">
      P/S-WARD
     </SimpleData>
     <SimpleData name="Website">
      www.theshikshanmandalgoregaon.edu.in
     </SimpleData>
    </SchemaData>
   </ExtendedData>
   <Point>
    <coordinates>
     72.846873,19.166649,0
    </coordinates>
   </Point>
  </Placemark>
  <Placemark>
   <visibility>
    0
   </visibility>
   <name>
    MOUNT MARY LP
   </name>
   <styleUrl>
    #mumbai_aided_schools_style
   </styleUrl>
   <ExtendedData>
    <SchemaData schemaUrl="#J_mumbai_aided_schools_SIISSSSSISSSSSS">
     <SimpleData name="Address">
      256, JAWAHAR NAGAR, GOREGAON WEST, MUMBAI  400104
     </SimpleData>
     <SimpleData name="Cls_From">
      1
     </SimpleData>
     <SimpleData name="Cls_To">
      4
     </SimpleData>
     <SimpleData name="Email">
      adminschool@mountmaryhighschool.com
     </SimpleData>
     <SimpleData name="GoogleMaps">
      https://www.google.com/maps/search/?api=1&amp;query=19.1574359996923,72.8491060005457
     </SimpleData>
     <SimpleData name="Landline_n">
      022-28721266
     </SimpleData>
     <SimpleData name="Lat">
      19.1574359996923
     </SimpleData>
     <SimpleData name="Long">
      72.8491060005457
     </SimpleData>
     <SimpleData name="OBJECTID_1">
      88
     </SimpleData>
     <SimpleData name="Owner_Dept">
      Education Dept
     </SimpleData>
     <SimpleData name="SchName">
      MOUNT MARY LP
     </SimpleData>
     <SimpleData name="Sch_Type">
      3-Co-educational
     </SimpleData>
     <SimpleData name="Twitter_Ha">
      @mybmcedu
     </SimpleData>
     <SimpleData name="VillageNam">
      P/S-WARD
     </SimpleData>
     <SimpleData name="Website">
      www.mountmaryhighschool.com
     </SimpleData>
    </SchemaData>
   </ExtendedData>
   <Point>
    <coordinates>
     72.84910600000001,19.157436,0
    </coordinates>
   </Point>
  </Placemark>
  <Placemark>
   <visibility>
    0
   </visibility>
   <name>
    FILMCITY PRIMARY SCHOOL
   </name>
   <styleUrl>
    #mumbai_aided_schools_style
   </styleUrl>
   <ExtendedData>
    <SchemaData schemaUrl="#J_mumbai_aided_schools_SIISSSSSISSSSSS">
     <SimpleData name="Address">
      KANYA PADA GOREGAON EAST
     </SimpleData>
     <SimpleData name="Cls_From">
      1
     </SimpleData>
     <SimpleData name="Cls_To">
      4
     </SimpleData>
     <SimpleData name="Email">
      filmcityschool123@gmail.com
     </SimpleData>
     <SimpleData name="GoogleMaps">
      https://www.google.com/maps/search/?api=1&amp;query=19.1733489995885,72.8727259993738
     </SimpleData>
     <SimpleData name="Landline_n">
      022-28490453
     </SimpleData>
     <SimpleData name="Lat">
      19.1733489995885
     </SimpleData>
     <SimpleData name="Long">
      72.8727259993738
     </SimpleData>
     <SimpleData name="OBJECTID_1">
      89
     </SimpleData>
     <SimpleData name="Owner_Dept">
      Education Dept
     </SimpleData>
     <SimpleData name="SchName">
      FILMCITY PRIMARY SCHOOL
     </SimpleData>
     <SimpleData name="Sch_Type">
      3-Co-educational
     </SimpleData>
     <SimpleData name="Twitter_Ha">
      @mybmcedu
     </SimpleData>
     <SimpleData name="VillageNam">
      P/S-WARD
     </SimpleData>
     <SimpleData name="Website">
     </SimpleData>
    </SchemaData>
   </ExtendedData>
   <Point>
    <coordinates>
     72.872726,19.173349,0
    </coordinates>
   </Point>
  </Placemark>
  <Placemark>
   <visibility>
    0
   </visibility>
   <name>
    ASHATAI GAWANKAR LP
   </name>
   <styleUrl>
    #mumbai_aided_schools_style
   </styleUrl>
   <ExtendedData>
    <SchemaData schemaUrl="#J_mumbai_aided_schools_SIISSSSSISSSSSS">
     <SimpleData name="Address">
      JAY PRAKASH NAGAR ,RD.NO.4 GOREGAON EAST
     </SimpleData>
     <SimpleData name="Cls_From">
      1
     </SimpleData>
     <SimpleData name="Cls_To">
      4
     </SimpleData>
     <SimpleData name="Email">
      agpsps03@gmail.com
     </SimpleData>
     <SimpleData name="GoogleMaps">
      https://www.google.com/maps/search/?api=1&amp;query=19.1688179993256,72.8501029996364
     </SimpleData>
     <SimpleData name="Landline_n">
      022-26864216
     </SimpleData>
     <SimpleData name="Lat">
      19.1688179993256
     </SimpleData>
     <SimpleData name="Long">
      72.8501029996364
     </SimpleData>
     <SimpleData name="OBJECTID_1">
      90
     </SimpleData>
     <SimpleData name="Owner_Dept">
      Education Dept
     </SimpleData>
     <SimpleData name="SchName">
      ASHATAI GAWANKAR LP
     </SimpleData>
     <SimpleData name="Sch_Type">
      3-Co-educational
     </SimpleData>
     <SimpleData name="Twitter_Ha">
      @mybmcedu
     </SimpleData>
     <SimpleData name="VillageNam">
      P/S-WARD
     </SimpleData>
     <SimpleData name="Website">
      education.maharashtra.gov.in/saral/27220300182
     </SimpleData>
    </SchemaData>
   </ExtendedData>
   <Point>
    <coordinates>
     72.850103,19.168818,0
    </coordinates>
   </Point>
  </Placemark>
  <Placemark>
   <visibility>
    0
   </visibility>
   <name>
    BAL SHIKSHAN MANDIR
   </name>
   <styleUrl>
    #mumbai_aided_schools_style
   </styleUrl>
   <ExtendedData>
    <SchemaData schemaUrl="#J_mumbai_aided_schools_SIISSSSSISSSSSS">
     <SimpleData name="Address">
      Malad Road goregaon east
     </SimpleData>
     <SimpleData name="Cls_From">
      1
     </SimpleData>
     <SimpleData name="Cls_To">
      4
     </SimpleData>
     <SimpleData name="Email">
      carol.barboz412@gmail.com
     </SimpleData>
     <SimpleData name="GoogleMaps">
      https://www.google.com/maps/search/?api=1&amp;query=19.1706969997482,72.849771000729
     </SimpleData>
     <SimpleData name="Landline_n">
      022-28741182
     </SimpleData>
     <SimpleData name="Lat">
      19.1706969997482
     </SimpleData>
     <SimpleData name="Long">
      72.849771000729
     </SimpleData>
     <SimpleData name="OBJECTID_1">
      91
     </SimpleData>
     <SimpleData name="Owner_Dept">
      Education Dept
     </SimpleData>
     <SimpleData name="SchName">
      BAL SHIKSHAN MANDIR
     </SimpleData>
     <SimpleData name="Sch_Type">
      3-Co-educational
     </SimpleData>
     <SimpleData name="Twitter_Ha">
      @mybmcedu
     </SimpleData>
     <SimpleData name="VillageNam">
      P/S-WARD
     </SimpleData>
     <SimpleData name="Website">
     </SimpleData>
    </SchemaData>
   </ExtendedData>
   <Point>
    <coordinates>
     72.849771,19.170697,0
    </coordinates>
   </Point>
  </Placemark>
  <Placemark>
   <visibility>
    0
   </visibility>
   <name>
    BAIRAMJI JIJIBHOY LP
   </name>
   <styleUrl>
    #mumbai_aided_schools_style
   </styleUrl>
   <ExtendedData>
    <SchemaData schemaUrl="#J_mumbai_aided_schools_SIISSSSSISSSSSS">
     <SimpleData name="Address">
      Gogatewadi, off Aarey Road, Goregaon -East
     </SimpleData>
     <SimpleData name="Cls_From">
      1
     </SimpleData>
     <SimpleData name="Cls_To">
      4
     </SimpleData>
     <SimpleData name="Email">
      bjprimaryschool@gmail.com
     </SimpleData>
     <SimpleData name="GoogleMaps">
      https://www.google.com/maps/search/?api=1&amp;query=19.1683880001203,72.850602000555
     </SimpleData>
     <SimpleData name="Landline_n">
      022-29276858
     </SimpleData>
     <SimpleData name="Lat">
      19.1683880001203
     </SimpleData>
     <SimpleData name="Long">
      72.850602000555
     </SimpleData>
     <SimpleData name="OBJECTID_1">
      92
     </SimpleData>
     <SimpleData name="Owner_Dept">
      Education Dept
     </SimpleData>
     <SimpleData name="SchName">
      BAIRAMJI JIJIBHOY LP
     </SimpleData>
     <SimpleData name="Sch_Type">
      3-Co-educational
     </SimpleData>
     <SimpleData name="Twitter_Ha">
      @mybmcedu
     </SimpleData>
     <SimpleData name="VillageNam">
      P/S-WARD
     </SimpleData>
     <SimpleData name="Website">
      www.sanmitramandal.org
     </SimpleData>
    </SchemaData>
   </ExtendedData>
   <Point>
    <coordinates>
     72.85060199999999,19.168388,0
    </coordinates>
   </Point>
  </Placemark>
  <Placemark>
   <visibility>
    0
   </visibility>
   <name>
    KUDILAL GOVINDRAM SEKSARIA SARVODAYA HINDI SCHOOL
   </name>
   <styleUrl>
    #mumbai_aided_schools_style
   </styleUrl>
   <ExtendedData>
    <SchemaData schemaUrl="#J_mumbai_aided_schools_SIISSSSSISSSSSS">
     <SimpleData name="Address">
      RSET Campus S.V.Road Malad  West Mumbai
     </SimpleData>
     <SimpleData name="Cls_From">
      1
     </SimpleData>
     <SimpleData name="Cls_To">
      4
     </SimpleData>
     <SimpleData name="Email">
      arti.rai@kgss.org.in
     </SimpleData>
     <SimpleData name="GoogleMaps">
      https://www.google.com/maps/search/?api=1&amp;query=19.1766170001569,72.8455700003151
     </SimpleData>
     <SimpleData name="Landline_n">
      022-45207771
     </SimpleData>
     <SimpleData name="Lat">
      19.1766170001569
     </SimpleData>
     <SimpleData name="Long">
      72.8455700003151
     </SimpleData>
     <SimpleData name="OBJECTID_1">
      93
     </SimpleData>
     <SimpleData name="Owner_Dept">
      Education Dept
     </SimpleData>
     <SimpleData name="SchName">
      KUDILAL GOVINDRAM SEKSARIA SARVODAYA HINDI SCHOOL
     </SimpleData>
     <SimpleData name="Sch_Type">
      3-Co-educational
     </SimpleData>
     <SimpleData name="Twitter_Ha">
      @mybmcedu
     </SimpleData>
     <SimpleData name="VillageNam">
      P/S-WARD
     </SimpleData>
     <SimpleData name="Website">
      www.rajasthani.org.in
     </SimpleData>
    </SchemaData>
   </ExtendedData>
   <Point>
    <coordinates>
     72.84557,19.176617,0
    </coordinates>
   </Point>
  </Placemark>
  <Placemark>
   <visibility>
    0
   </visibility>
   <name>
    ALFALAH LP URDU
   </name>
   <styleUrl>
    #mumbai_aided_schools_style
   </styleUrl>
   <ExtendedData>
    <SchemaData schemaUrl="#J_mumbai_aided_schools_SIISSSSSISSSSSS">
     <SimpleData name="Address">
      Kokanipada Kurarvillage Malad E Mumbai 400097
     </SimpleData>
     <SimpleData name="Cls_From">
      1
     </SimpleData>
     <SimpleData name="Cls_To">
      4
     </SimpleData>
     <SimpleData name="Email">
      apskurar1991@gmail.com
     </SimpleData>
     <SimpleData name="GoogleMaps">
      https://www.google.com/maps/search/?api=1&amp;query=19.1824300006733,72.8623759994937
     </SimpleData>
     <SimpleData name="Landline_n">
      022-28428971
     </SimpleData>
     <SimpleData name="Lat">
      19.1824300006733
     </SimpleData>
     <SimpleData name="Long">
      72.8623759994937
     </SimpleData>
     <SimpleData name="OBJECTID_1">
      94
     </SimpleData>
     <SimpleData name="Owner_Dept">
      Education Dept
     </SimpleData>
     <SimpleData name="SchName">
      ALFALAH LP URDU
     </SimpleData>
     <SimpleData name="Sch_Type">
      3-Co-educational
     </SimpleData>
     <SimpleData name="Twitter_Ha">
      @mybmcedu
     </SimpleData>
     <SimpleData name="VillageNam">
      P/N- WARD
     </SimpleData>
     <SimpleData name="Website">
      education.maharashtra.gov.in/saral/27220300231
     </SimpleData>
    </SchemaData>
   </ExtendedData>
   <Point>
    <coordinates>
     72.862376,19.18243,0
    </coordinates>
   </Point>
  </Placemark>
  <Placemark>
   <visibility>
    0
   </visibility>
   <name>
    PATHANWADI URDU PRAIMARY SCHOOL
   </name>
   <styleUrl>
    #mumbai_aided_schools_style
   </styleUrl>
   <ExtendedData>
    <SchemaData schemaUrl="#J_mumbai_aided_schools_SIISSSSSISSSSSS">
     <SimpleData name="Address">
      amin chawl,rani sati marg.pathanwadi malad east
     </SimpleData>
     <SimpleData name="Cls_From">
      1
     </SimpleData>
     <SimpleData name="Cls_To">
      4
     </SimpleData>
     <SimpleData name="Email">
      pathanwadiurdups@gmail.com
     </SimpleData>
     <SimpleData name="GoogleMaps">
      https://www.google.com/maps/search/?api=1&amp;query=19.1779549995939,72.8620089996604
     </SimpleData>
     <SimpleData name="Landline_n">
      022-0
     </SimpleData>
     <SimpleData name="Lat">
      19.1779549995939
     </SimpleData>
     <SimpleData name="Long">
      72.8620089996604
     </SimpleData>
     <SimpleData name="OBJECTID_1">
      95
     </SimpleData>
     <SimpleData name="Owner_Dept">
      Education Dept
     </SimpleData>
     <SimpleData name="SchName">
      PATHANWADI URDU PRAIMARY SCHOOL
     </SimpleData>
     <SimpleData name="Sch_Type">
      3-Co-educational
     </SimpleData>
     <SimpleData name="Twitter_Ha">
      @mybmcedu
     </SimpleData>
     <SimpleData name="VillageNam">
      P/N- WARD
     </SimpleData>
     <SimpleData name="Website">
      education.maharashtra.gov.in/saral/27220300232
     </SimpleData>
    </SchemaData>
   </ExtendedData>
   <Point>
    <coordinates>
     72.862009,19.177955,0
    </coordinates>
   </Point>
  </Placemark>
  <Placemark>
   <visibility>
    0
   </visibility>
   <name>
    SWAMI VIVEKANAND HINDI
   </name>
   <styleUrl>
    #mumbai_aided_schools_style
   </styleUrl>
   <ExtendedData>
    <SchemaData schemaUrl="#J_mumbai_aided_schools_SIISSSSSISSSSSS">
     <SimpleData name="Address">
      Deendayal nagar appapada malad east mumai 400097
     </SimpleData>
     <SimpleData name="Cls_From">
      1
     </SimpleData>
     <SimpleData name="Cls_To">
      4
     </SimpleData>
     <SimpleData name="Email">
      swamivivekananadhindischool734@gmail.com
     </SimpleData>
     <SimpleData name="GoogleMaps">
      https://www.google.com/maps/search/?api=1&amp;query=19.1900040000289,72.8745460001974
     </SimpleData>
     <SimpleData name="Landline_n">
      022-29661511
     </SimpleData>
     <SimpleData name="Lat">
      19.1900040000289
     </SimpleData>
     <SimpleData name="Long">
      72.8745460001974
     </SimpleData>
     <SimpleData name="OBJECTID_1">
      96
     </SimpleData>
     <SimpleData name="Owner_Dept">
      Education Dept
     </SimpleData>
     <SimpleData name="SchName">
      SWAMI VIVEKANAND HINDI
     </SimpleData>
     <SimpleData name="Sch_Type">
      3-Co-educational
     </SimpleData>
     <SimpleData name="Twitter_Ha">
      @mybmcedu
     </SimpleData>
     <SimpleData name="VillageNam">
      P/N- WARD
     </SimpleData>
     <SimpleData name="Website">
     </SimpleData>
    </SchemaData>
   </ExtendedData>
   <Point>
    <coordinates>
     72.874546,19.190004,0
    </coordinates>
   </Point>
  </Placemark>
  <Placemark>
   <visibility>
    0
   </visibility>
   <name>
    SWAMI VIVEKANAND MAR
   </name>
   <styleUrl>
    #mumbai_aided_schools_style
   </styleUrl>
   <ExtendedData>
    <SchemaData schemaUrl="#J_mumbai_aided_schools_SIISSSSSISSSSSS">
     <SimpleData name="Address">
      Appa Paad Kurar,Malad  E
     </SimpleData>
     <SimpleData name="Cls_From">
      1
     </SimpleData>
     <SimpleData name="Cls_To">
      4
     </SimpleData>
     <SimpleData name="Email">
      swamivivekanandschoolmarathi@gmail.com
     </SimpleData>
     <SimpleData name="GoogleMaps">
      https://www.google.com/maps/search/?api=1&amp;query=19.189778000434,72.8744600003995
     </SimpleData>
     <SimpleData name="Landline_n">
      022-29661313
     </SimpleData>
     <SimpleData name="Lat">
      19.189778000434
     </SimpleData>
     <SimpleData name="Long">
      72.8744600003995
     </SimpleData>
     <SimpleData name="OBJECTID_1">
      97
     </SimpleData>
     <SimpleData name="Owner_Dept">
      Education Dept
     </SimpleData>
     <SimpleData name="SchName">
      SWAMI VIVEKANAND MAR
     </SimpleData>
     <SimpleData name="Sch_Type">
      3-Co-educational
     </SimpleData>
     <SimpleData name="Twitter_Ha">
      @mybmcedu
     </SimpleData>
     <SimpleData name="VillageNam">
      P/N- WARD
     </SimpleData>
     <SimpleData name="Website">
     </SimpleData>
    </SchemaData>
   </ExtendedData>
   <Point>
    <coordinates>
     72.87446,19.189778,0
    </coordinates>
   </Point>
  </Placemark>
  <Placemark>
   <visibility>
    0
   </visibility>
   <name>
    GYANODAYA VIDYAMANDIR
   </name>
   <styleUrl>
    #mumbai_aided_schools_style
   </styleUrl>
   <ExtendedData>
    <SchemaData schemaUrl="#J_mumbai_aided_schools_SIISSSSSISSSSSS">
     <SimpleData name="Address">
      KURAR VILLAGE MALAD EAST
     </SimpleData>
     <SimpleData name="Cls_From">
      1
     </SimpleData>
     <SimpleData name="Cls_To">
      4
     </SimpleData>
     <SimpleData name="Email">
      gvmprimary@yahoo.in
     </SimpleData>
     <SimpleData name="GoogleMaps">
      https://www.google.com/maps/search/?api=1&amp;query=19.187825000179,72.864954999645
     </SimpleData>
     <SimpleData name="Landline_n">
      022-28401594
     </SimpleData>
     <SimpleData name="Lat">
      19.187825000179
     </SimpleData>
     <SimpleData name="Long">
      72.864954999645
     </SimpleData>
     <SimpleData name="OBJECTID_1">
      98
     </SimpleData>
     <SimpleData name="Owner_Dept">
      Education Dept
     </SimpleData>
     <SimpleData name="SchName">
      GYANODAYA VIDYAMANDIR
     </SimpleData>
     <SimpleData name="Sch_Type">
      3-Co-educational
     </SimpleData>
     <SimpleData name="Twitter_Ha">
      @mybmcedu
     </SimpleData>
     <SimpleData name="VillageNam">
      P/N- WARD
     </SimpleData>
     <SimpleData name="Website">
      education.maharashtra.gov.in/saral/27220300247
     </SimpleData>
    </SchemaData>
   </ExtendedData>
   <Point>
    <coordinates>
     72.86495499999999,19.187825,0
    </coordinates>
   </Point>
  </Placemark>
  <Placemark>
   <visibility>
    0
   </visibility>
   <name>
    SHIVAJI VIDYAMANDIR HINDI
   </name>
   <styleUrl>
    #mumbai_aided_schools_style
   </styleUrl>
   <ExtendedData>
    <SchemaData schemaUrl="#J_mumbai_aided_schools_SIISSSSSISSSSSS">
     <SimpleData name="Address">
      Appa pada  Malad east
     </SimpleData>
     <SimpleData name="Cls_From">
      1
     </SimpleData>
     <SimpleData name="Cls_To">
      4
     </SimpleData>
     <SimpleData name="Email">
      primarysvm@gmail.com
     </SimpleData>
     <SimpleData name="GoogleMaps">
      https://www.google.com/maps/search/?api=1&amp;query=19.1898279995238,72.8747739997188
     </SimpleData>
     <SimpleData name="Landline_n">
      022-29664228
     </SimpleData>
     <SimpleData name="Lat">
      19.1898279995238
     </SimpleData>
     <SimpleData name="Long">
      72.8747739997188
     </SimpleData>
     <SimpleData name="OBJECTID_1">
      99
     </SimpleData>
     <SimpleData name="Owner_Dept">
      Education Dept
     </SimpleData>
     <SimpleData name="SchName">
      SHIVAJI VIDYAMANDIR HINDI
     </SimpleData>
     <SimpleData name="Sch_Type">
      3-Co-educational
     </SimpleData>
     <SimpleData name="Twitter_Ha">
      @mybmcedu
     </SimpleData>
     <SimpleData name="VillageNam">
      P/N- WARD
     </SimpleData>
     <SimpleData name="Website">
      education.maharashtra.gov.in/saral/27220300248
     </SimpleData>
    </SchemaData>
   </ExtendedData>
   <Point>
    <coordinates>
     72.874774,19.189828,0
    </coordinates>
   </Point>
  </Placemark>
  <Placemark>
   <visibility>
    0
   </visibility>
   <name>
    GURUKUL VIDYALAYA MAR
   </name>
   <styleUrl>
    #mumbai_aided_schools_style
   </styleUrl>
   <ExtendedData>
    <SchemaData schemaUrl="#J_mumbai_aided_schools_SIISSSSSISSSSSS">
     <SimpleData name="Address">
      Shrikrishna Nagar Gen A K Vaidya Marg Malad  East Mumbai 400065
     </SimpleData>
     <SimpleData name="Cls_From">
      1
     </SimpleData>
     <SimpleData name="Cls_To">
      4
     </SimpleData>
     <SimpleData name="Email">
      gurukulvidyalaya@yahoo.com
     </SimpleData>
     <SimpleData name="GoogleMaps">
      https://www.google.com/maps/search/?api=1&amp;query=19.1672299998271,72.87712000026
     </SimpleData>
     <SimpleData name="Landline_n">
      022-28424978
     </SimpleData>
     <SimpleData name="Lat">
      19.1672299998271
     </SimpleData>
     <SimpleData name="Long">
      72.87712000026
     </SimpleData>
     <SimpleData name="OBJECTID_1">
      100
     </SimpleData>
     <SimpleData name="Owner_Dept">
      Education Dept
     </SimpleData>
     <SimpleData name="SchName">
      GURUKUL VIDYALAYA MAR
     </SimpleData>
     <SimpleData name="Sch_Type">
      3-Co-educational
     </SimpleData>
     <SimpleData name="Twitter_Ha">
      @mybmcedu
     </SimpleData>
     <SimpleData name="VillageNam">
      P/N- WARD
     </SimpleData>
     <SimpleData name="Website">
      education.maharashtra.gov.in/saral/27220300249
     </SimpleData>
    </SchemaData>
   </ExtendedData>
   <Point>
    <coordinates>
     72.87712000000001,19.16723,0
    </coordinates>
   </Point>
  </Placemark>
  <Placemark>
   <visibility>
    0
   </visibility>
   <name>
    CHANDRABHAGA VIDYAMANDIR
   </name>
   <styleUrl>
    #mumbai_aided_schools_style
   </styleUrl>
   <ExtendedData>
    <SchemaData schemaUrl="#J_mumbai_aided_schools_SIISSSSSISSSSSS">
     <SimpleData name="Address">
      Pimpripada Shanti Nagar Malad East Mumbai
     </SimpleData>
     <SimpleData name="Cls_From">
      1
     </SimpleData>
     <SimpleData name="Cls_To">
      4
     </SimpleData>
     <SimpleData name="Email">
      chandrabhaga.vidyamandir@yahoo.com
     </SimpleData>
     <SimpleData name="GoogleMaps">
      https://www.google.com/maps/search/?api=1&amp;query=19.1802519994465,72.872642999915
     </SimpleData>
     <SimpleData name="Landline_n">
      022-0
     </SimpleData>
     <SimpleData name="Lat">
      19.1802519994465
     </SimpleData>
     <SimpleData name="Long">
      72.872642999915
     </SimpleData>
     <SimpleData name="OBJECTID_1">
      101
     </SimpleData>
     <SimpleData name="Owner_Dept">
      Education Dept
     </SimpleData>
     <SimpleData name="SchName">
      CHANDRABHAGA VIDYAMANDIR
     </SimpleData>
     <SimpleData name="Sch_Type">
      3-Co-educational
     </SimpleData>
     <SimpleData name="Twitter_Ha">
      @mybmcedu
     </SimpleData>
     <SimpleData name="VillageNam">
      P/N- WARD
     </SimpleData>
     <SimpleData name="Website">
      education.maharashtra.gov.in/saral/27220300256
     </SimpleData>
    </SchemaData>
   </ExtendedData>
   <Point>
    <coordinates>
     72.872643,19.180252,0
    </coordinates>
   </Point>
  </Placemark>
  <Placemark>
   <visibility>
    0
   </visibility>
   <name>
    MAHARANI SAIBAI VIDYAMANDIR
   </name>
   <styleUrl>
    #mumbai_aided_schools_style
   </styleUrl>
   <ExtendedData>
    <SchemaData schemaUrl="#J_mumbai_aided_schools_SIISSSSSISSSSSS">
     <SimpleData name="Address">
      Appapada Malad E Mumbai 97
     </SimpleData>
     <SimpleData name="Cls_From">
      1
     </SimpleData>
     <SimpleData name="Cls_To">
      4
     </SimpleData>
     <SimpleData name="Email">
      saibaiprimary@gmail.com
     </SimpleData>
     <SimpleData name="GoogleMaps">
      https://www.google.com/maps/search/?api=1&amp;query=19.1908460001257,72.8718940000877
     </SimpleData>
     <SimpleData name="Landline_n">
      022-29665643
     </SimpleData>
     <SimpleData name="Lat">
      19.1908460001257
     </SimpleData>
     <SimpleData name="Long">
      72.8718940000877
     </SimpleData>
     <SimpleData name="OBJECTID_1">
      102
     </SimpleData>
     <SimpleData name="Owner_Dept">
      Education Dept
     </SimpleData>
     <SimpleData name="SchName">
      MAHARANI SAIBAI VIDYAMANDIR
     </SimpleData>
     <SimpleData name="Sch_Type">
      3-Co-educational
     </SimpleData>
     <SimpleData name="Twitter_Ha">
      @mybmcedu
     </SimpleData>
     <SimpleData name="VillageNam">
      P/N- WARD
     </SimpleData>
     <SimpleData name="Website">
      education.maharashatra.gov.in
     </SimpleData>
    </SchemaData>
   </ExtendedData>
   <Point>
    <coordinates>
     72.871894,19.190846,0
    </coordinates>
   </Point>
  </Placemark>
  <Placemark>
   <visibility>
    0
   </visibility>
   <name>
    L. P. JAGDALE GURUJI VIDYALAYA
   </name>
   <styleUrl>
    #mumbai_aided_schools_style
   </styleUrl>
   <ExtendedData>
    <SchemaData schemaUrl="#J_mumbai_aided_schools_SIISSSSSISSSSSS">
     <SimpleData name="Address">
      appapadakurargavmalad
     </SimpleData>
     <SimpleData name="Cls_From">
      1
     </SimpleData>
     <SimpleData name="Cls_To">
      4
     </SimpleData>
     <SimpleData name="Email">
      lpjagadalevidyalaya@gmail.com
     </SimpleData>
     <SimpleData name="GoogleMaps">
      https://www.google.com/maps/search/?api=1&amp;query=19.1920000005986,72.8696439995149
     </SimpleData>
     <SimpleData name="Landline_n">
      022-0
     </SimpleData>
     <SimpleData name="Lat">
      19.1920000005986
     </SimpleData>
     <SimpleData name="Long">
      72.8696439995149
     </SimpleData>
     <SimpleData name="OBJECTID_1">
      103
     </SimpleData>
     <SimpleData name="Owner_Dept">
      Education Dept
     </SimpleData>
     <SimpleData name="SchName">
      L. P. JAGDALE GURUJI VIDYALAYA
     </SimpleData>
     <SimpleData name="Sch_Type">
      3-Co-educational
     </SimpleData>
     <SimpleData name="Twitter_Ha">
      @mybmcedu
     </SimpleData>
     <SimpleData name="VillageNam">
      P/N- WARD
     </SimpleData>
     <SimpleData name="Website">
     </SimpleData>
    </SchemaData>
   </ExtendedData>
   <Point>
    <coordinates>
     72.86964399999999,19.192,0
    </coordinates>
   </Point>
  </Placemark>
  <Placemark>
   <visibility>
    0
   </visibility>
   <name>
    VIDARBHA VIDYAMANDIR
   </name>
   <styleUrl>
    #mumbai_aided_schools_style
   </styleUrl>
   <ExtendedData>
    <SchemaData schemaUrl="#J_mumbai_aided_schools_SIISSSSSISSSSSS">
     <SimpleData name="Address">
      Laxman Nagar Kurargaon Malad East Mumbai 400097
     </SimpleData>
     <SimpleData name="Cls_From">
      1
     </SimpleData>
     <SimpleData name="Cls_To">
      4
     </SimpleData>
     <SimpleData name="Email">
      vidharbhapmandir@gmail.com
     </SimpleData>
     <SimpleData name="GoogleMaps">
      https://www.google.com/maps/search/?api=1&amp;query=19.187943000251,72.8656380005242
     </SimpleData>
     <SimpleData name="Landline_n">
      022-28426869
     </SimpleData>
     <SimpleData name="Lat">
      19.187943000251
     </SimpleData>
     <SimpleData name="Long">
      72.8656380005242
     </SimpleData>
     <SimpleData name="OBJECTID_1">
      104
     </SimpleData>
     <SimpleData name="Owner_Dept">
      Education Dept
     </SimpleData>
     <SimpleData name="SchName">
      VIDARBHA VIDYAMANDIR
     </SimpleData>
     <SimpleData name="Sch_Type">
      3-Co-educational
     </SimpleData>
     <SimpleData name="Twitter_Ha">
      @mybmcedu
     </SimpleData>
     <SimpleData name="VillageNam">
      P/N- WARD
     </SimpleData>
     <SimpleData name="Website">
      education.maharashtra.gov.in/saral/27220300259
     </SimpleData>
    </SchemaData>
   </ExtendedData>
   <Point>
    <coordinates>
     72.865638,19.187943,0
    </coordinates>
   </Point>
  </Placemark>
  <Placemark>
   <visibility>
    0
   </visibility>
   <name>
    NUTUN VIDYAMANDIR HINDI
   </name>
   <styleUrl>
    #mumbai_aided_schools_style
   </styleUrl>
   <ExtendedData>
    <SchemaData schemaUrl="#J_mumbai_aided_schools_SIISSSSSISSSSSS">
     <SimpleData name="Address">
      BHIM NAGAR KURAR VILLAGE MALAD EAST MUMBAI 400097
     </SimpleData>
     <SimpleData name="Cls_From">
      1
     </SimpleData>
     <SimpleData name="Cls_To">
      4
     </SimpleData>
     <SimpleData name="Email">
      nutanvidyamandirprihindi31@gmail.com
     </SimpleData>
     <SimpleData name="GoogleMaps">
      https://www.google.com/maps/search/?api=1&amp;query=19.1920270000661,72.8667280003219
     </SimpleData>
     <SimpleData name="Landline_n">
      022-29656611
     </SimpleData>
     <SimpleData name="Lat">
      19.1920270000661
     </SimpleData>
     <SimpleData name="Long">
      72.8667280003219
     </SimpleData>
     <SimpleData name="OBJECTID_1">
      105
     </SimpleData>
     <SimpleData name="Owner_Dept">
      Education Dept
     </SimpleData>
     <SimpleData name="SchName">
      NUTUN VIDYAMANDIR HINDI
     </SimpleData>
     <SimpleData name="Sch_Type">
      3-Co-educational
     </SimpleData>
     <SimpleData name="Twitter_Ha">
      @mybmcedu
     </SimpleData>
     <SimpleData name="VillageNam">
      P/N- WARD
     </SimpleData>
     <SimpleData name="Website">
      education.maharashtra.gov.in/saral/27220300260
     </SimpleData>
    </SchemaData>
   </ExtendedData>
   <Point>
    <coordinates>
     72.86672799999999,19.192027,0
    </coordinates>
   </Point>
  </Placemark>
  <Placemark>
   <visibility>
    0
   </visibility>
   <name>
    MANGESH VIDYAMANDIR
   </name>
   <styleUrl>
    #mumbai_aided_schools_style
   </styleUrl>
   <ExtendedData>
    <SchemaData schemaUrl="#J_mumbai_aided_schools_SIISSSSSISSSSSS">
     <SimpleData name="Address">
      DINDOSHI MUMBAI MAHANAGARPALIKA
     </SimpleData>
     <SimpleData name="Cls_From">
      1
     </SimpleData>
     <SimpleData name="Cls_To">
      4
     </SimpleData>
     <SimpleData name="Email">
      mangeshvidyamandir@gmail.com
     </SimpleData>
     <SimpleData name="GoogleMaps">
      https://www.google.com/maps/search/?api=1&amp;query=19.1844839996201,72.862692999656
     </SimpleData>
     <SimpleData name="Landline_n">
      022-28410746
     </SimpleData>
     <SimpleData name="Lat">
      19.1844839996201
     </SimpleData>
     <SimpleData name="Long">
      72.862692999656
     </SimpleData>
     <SimpleData name="OBJECTID_1">
      106
     </SimpleData>
     <SimpleData name="Owner_Dept">
      Education Dept
     </SimpleData>
     <SimpleData name="SchName">
      MANGESH VIDYAMANDIR
     </SimpleData>
     <SimpleData name="Sch_Type">
      3-Co-educational
     </SimpleData>
     <SimpleData name="Twitter_Ha">
      @mybmcedu
     </SimpleData>
     <SimpleData name="VillageNam">
      P/N- WARD
     </SimpleData>
     <SimpleData name="Website">
     </SimpleData>
    </SchemaData>
   </ExtendedData>
   <Point>
    <coordinates>
     72.86269299999999,19.184484,0
    </coordinates>
   </Point>
  </Placemark>
  <Placemark>
   <visibility>
    0
   </visibility>
   <name>
    JYOTSNA DHIRAJLAL GUJARATI SCHOOL
   </name>
   <styleUrl>
    #mumbai_aided_schools_style
   </styleUrl>
   <ExtendedData>
    <SchemaData schemaUrl="#J_mumbai_aided_schools_SIISSSSSISSSSSS">
     <SimpleData name="Address">
      Kurar Village, Malad E, Mumbai 400097
     </SimpleData>
     <SimpleData name="Cls_From">
      1
     </SimpleData>
     <SimpleData name="Cls_To">
      4
     </SimpleData>
     <SimpleData name="Email">
      jdthighschool@yahoo.com
     </SimpleData>
     <SimpleData name="GoogleMaps">
      https://www.google.com/maps/search/?api=1&amp;query=19.1858990006867,72.8615680000358
     </SimpleData>
     <SimpleData name="Landline_n">
      022-28400028
     </SimpleData>
     <SimpleData name="Lat">
      19.1858990006867
     </SimpleData>
     <SimpleData name="Long">
      72.8615680000358
     </SimpleData>
     <SimpleData name="OBJECTID_1">
      107
     </SimpleData>
     <SimpleData name="Owner_Dept">
      Education Dept
     </SimpleData>
     <SimpleData name="SchName">
      JYOTSNA DHIRAJLAL GUJARATI SCHOOL
     </SimpleData>
     <SimpleData name="Sch_Type">
      3-Co-educational
     </SimpleData>
     <SimpleData name="Twitter_Ha">
      @mybmcedu
     </SimpleData>
     <SimpleData name="VillageNam">
      P/N- WARD
     </SimpleData>
     <SimpleData name="Website">
     </SimpleData>
    </SchemaData>
   </ExtendedData>
   <Point>
    <coordinates>
     72.86156800000001,19.185899,0
    </coordinates>
   </Point>
  </Placemark>
  <Placemark>
   <visibility>
    0
   </visibility>
   <name>
    DHANAJI WADI LP
   </name>
   <styleUrl>
    #mumbai_aided_schools_style
   </styleUrl>
   <ExtendedData>
    <SchemaData schemaUrl="#J_mumbai_aided_schools_SIISSSSSISSSSSS">
     <SimpleData name="Address">
      Dhanjiwadi, R. S. Marg, Malad East, Mumbai 97
     </SimpleData>
     <SimpleData name="Cls_From">
      1
     </SimpleData>
     <SimpleData name="Cls_To">
      4
     </SimpleData>
     <SimpleData name="Email">
      dhanjiwadi@gmail.com
     </SimpleData>
     <SimpleData name="GoogleMaps">
      https://www.google.com/maps/search/?api=1&amp;query=19.2348719996705,72.8551870006528
     </SimpleData>
     <SimpleData name="Landline_n">
      022-0
     </SimpleData>
     <SimpleData name="Lat">
      19.2348719996705
     </SimpleData>
     <SimpleData name="Long">
      72.8551870006528
     </SimpleData>
     <SimpleData name="OBJECTID_1">
      108
     </SimpleData>
     <SimpleData name="Owner_Dept">
      Education Dept
     </SimpleData>
     <SimpleData name="SchName">
      DHANAJI WADI LP
     </SimpleData>
     <SimpleData name="Sch_Type">
      3-Co-educational
     </SimpleData>
     <SimpleData name="Twitter_Ha">
      @mybmcedu
     </SimpleData>
     <SimpleData name="VillageNam">
      P/N- WARD
     </SimpleData>
     <SimpleData name="Website">
     </SimpleData>
    </SchemaData>
   </ExtendedData>
   <Point>
    <coordinates>
     72.855187,19.234872,0
    </coordinates>
   </Point>
  </Placemark>
  <Placemark>
   <visibility>
    0
   </visibility>
   <name>
    JIJAMATA VIDYAMANDIR
   </name>
   <styleUrl>
    #mumbai_aided_schools_style
   </styleUrl>
   <ExtendedData>
    <SchemaData schemaUrl="#J_mumbai_aided_schools_SIISSSSSISSSSSS">
     <SimpleData name="Address">
      JIJAMATA VIDYA MANDIR ANANDWADI  KURAR GA0N MALADE
     </SimpleData>
     <SimpleData name="Cls_From">
      1
     </SimpleData>
     <SimpleData name="Cls_To">
      4
     </SimpleData>
     <SimpleData name="Email">
      jijamataprimary@rediffmail.com
     </SimpleData>
     <SimpleData name="GoogleMaps">
      https://www.google.com/maps/search/?api=1&amp;query=19.1883649997087,72.8655119992359
     </SimpleData>
     <SimpleData name="Landline_n">
      022-29653920
     </SimpleData>
     <SimpleData name="Lat">
      19.1883649997087
     </SimpleData>
     <SimpleData name="Long">
      72.8655119992359
     </SimpleData>
     <SimpleData name="OBJECTID_1">
      109
     </SimpleData>
     <SimpleData name="Owner_Dept">
      Education Dept
     </SimpleData>
     <SimpleData name="SchName">
      JIJAMATA VIDYAMANDIR
     </SimpleData>
     <SimpleData name="Sch_Type">
      3-Co-educational
     </SimpleData>
     <SimpleData name="Twitter_Ha">
      @mybmcedu
     </SimpleData>
     <SimpleData name="VillageNam">
      P/N- WARD
     </SimpleData>
     <SimpleData name="Website">
     </SimpleData>
    </SchemaData>
   </ExtendedData>
   <Point>
    <coordinates>
     72.865512,19.188365,0
    </coordinates>
   </Point>
  </Placemark>
  <Placemark>
   <visibility>
    0
   </visibility>
   <name>
    ADARSH VIDYAMANDIR
   </name>
   <styleUrl>
    #mumbai_aided_schools_style
   </styleUrl>
   <ExtendedData>
    <SchemaData schemaUrl="#J_mumbai_aided_schools_SIISSSSSISSSSSS">
     <SimpleData name="Address">
      LAXMAN NAGAR KURAR VILLAGE MALAD EAST
     </SimpleData>
     <SimpleData name="Cls_From">
      1
     </SimpleData>
     <SimpleData name="Cls_To">
      4
     </SimpleData>
     <SimpleData name="Email">
      avmhindiprimary@gmail.com
     </SimpleData>
     <SimpleData name="GoogleMaps">
      https://www.google.com/maps/search/?api=1&amp;query=19.1851719996725,72.8641309996944
     </SimpleData>
     <SimpleData name="Landline_n">
      022-28404759
     </SimpleData>
     <SimpleData name="Lat">
      19.1851719996725
     </SimpleData>
     <SimpleData name="Long">
      72.8641309996944
     </SimpleData>
     <SimpleData name="OBJECTID_1">
      110
     </SimpleData>
     <SimpleData name="Owner_Dept">
      Education Dept
     </SimpleData>
     <SimpleData name="SchName">
      ADARSH VIDYAMANDIR
     </SimpleData>
     <SimpleData name="Sch_Type">
      3-Co-educational
     </SimpleData>
     <SimpleData name="Twitter_Ha">
      @mybmcedu
     </SimpleData>
     <SimpleData name="VillageNam">
      P/N- WARD
     </SimpleData>
     <SimpleData name="Website">
      education.maharashtra.gov.in/saral/27220300276
     </SimpleData>
    </SchemaData>
   </ExtendedData>
   <Point>
    <coordinates>
     72.864131,19.185172,0
    </coordinates>
   </Point>
  </Placemark>
  <Placemark>
   <visibility>
    0
   </visibility>
   <name>
    NUTAN VIDYAMANDIR MAR
   </name>
   <styleUrl>
    #mumbai_aided_schools_style
   </styleUrl>
   <ExtendedData>
    <SchemaData schemaUrl="#J_mumbai_aided_schools_SIISSSSSISSSSSS">
     <SimpleData name="Address">
      BHIM NAGAR,KURAR VILLAGE,MALAD,EAST.
     </SimpleData>
     <SimpleData name="Cls_From">
      1
     </SimpleData>
     <SimpleData name="Cls_To">
      4
     </SimpleData>
     <SimpleData name="Email">
      nutanvidyamandirprimarathi30@gmail.com
     </SimpleData>
     <SimpleData name="GoogleMaps">
      https://www.google.com/maps/search/?api=1&amp;query=19.1917319999922,72.8666400005294
     </SimpleData>
     <SimpleData name="Landline_n">
      022-29656612
     </SimpleData>
     <SimpleData name="Lat">
      19.1917319999922
     </SimpleData>
     <SimpleData name="Long">
      72.8666400005294
     </SimpleData>
     <SimpleData name="OBJECTID_1">
      111
     </SimpleData>
     <SimpleData name="Owner_Dept">
      Education Dept
     </SimpleData>
     <SimpleData name="SchName">
      NUTAN VIDYAMANDIR MAR
     </SimpleData>
     <SimpleData name="Sch_Type">
      3-Co-educational
     </SimpleData>
     <SimpleData name="Twitter_Ha">
      @mybmcedu
     </SimpleData>
     <SimpleData name="VillageNam">
      P/N- WARD
     </SimpleData>
     <SimpleData name="Website">
      education.maharashtra.gov.in
     </SimpleData>
    </SchemaData>
   </ExtendedData>
   <Point>
    <coordinates>
     72.86664,19.191732,0
    </coordinates>
   </Point>
  </Placemark>
  <Placemark>
   <visibility>
    0
   </visibility>
   <name>
    UTKARSHA MANDIR
   </name>
   <styleUrl>
    #mumbai_aided_schools_style
   </styleUrl>
   <ExtendedData>
    <SchemaData schemaUrl="#J_mumbai_aided_schools_SIISSSSSISSSSSS">
     <SimpleData name="Address">
      Pushpapark Daftari Road.Malad East Mumbai. 97
     </SimpleData>
     <SimpleData name="Cls_From">
      1
     </SimpleData>
     <SimpleData name="Cls_To">
      4
     </SimpleData>
     <SimpleData name="Email">
      spmutkarsh@gmail.com
     </SimpleData>
     <SimpleData name="GoogleMaps">
      https://www.google.com/maps/search/?api=1&amp;query=19.1894709999086,72.8563259994496
     </SimpleData>
     <SimpleData name="Landline_n">
      022-28886588
     </SimpleData>
     <SimpleData name="Lat">
      19.1894709999086
     </SimpleData>
     <SimpleData name="Long">
      72.8563259994496
     </SimpleData>
     <SimpleData name="OBJECTID_1">
      112
     </SimpleData>
     <SimpleData name="Owner_Dept">
      Education Dept
     </SimpleData>
     <SimpleData name="SchName">
      UTKARSHA MANDIR
     </SimpleData>
     <SimpleData name="Sch_Type">
      3-Co-educational
     </SimpleData>
     <SimpleData name="Twitter_Ha">
      @mybmcedu
     </SimpleData>
     <SimpleData name="VillageNam">
      P/N- WARD
     </SimpleData>
     <SimpleData name="Website">
      www.utkarshmandir.org
     </SimpleData>
    </SchemaData>
   </ExtendedData>
   <Point>
    <coordinates>
     72.856326,19.189471,0
    </coordinates>
   </Point>
  </Placemark>
  <Placemark>
   <visibility>
    0
   </visibility>
   <name>
    NAVAJIVAN VIDYALYA HINDI
   </name>
   <styleUrl>
    #mumbai_aided_schools_style
   </styleUrl>
   <ExtendedData>
    <SchemaData schemaUrl="#J_mumbai_aided_schools_SIISSSSSISSSSSS">
     <SimpleData name="Address">
      RANISARI MARG MALAD EAST
     </SimpleData>
     <SimpleData name="Cls_From">
      1
     </SimpleData>
     <SimpleData name="Cls_To">
      4
     </SimpleData>
     <SimpleData name="Email">
      navjeevanvidyalaya@gmail.com
     </SimpleData>
     <SimpleData name="GoogleMaps">
      https://www.google.com/maps/search/?api=1&amp;query=19.1829199998921,72.8506000002289
     </SimpleData>
     <SimpleData name="Landline_n">
      022-28772871
     </SimpleData>
     <SimpleData name="Lat">
      19.1829199998921
     </SimpleData>
     <SimpleData name="Long">
      72.8506000002289
     </SimpleData>
     <SimpleData name="OBJECTID_1">
      113
     </SimpleData>
     <SimpleData name="Owner_Dept">
      Education Dept
     </SimpleData>
     <SimpleData name="SchName">
      NAVAJIVAN VIDYALYA HINDI
     </SimpleData>
     <SimpleData name="Sch_Type">
      3-Co-educational
     </SimpleData>
     <SimpleData name="Twitter_Ha">
      @mybmcedu
     </SimpleData>
     <SimpleData name="VillageNam">
      P/N- WARD
     </SimpleData>
     <SimpleData name="Website">
     </SimpleData>
    </SchemaData>
   </ExtendedData>
   <Point>
    <coordinates>
     72.8506,19.18292,0
    </coordinates>
   </Point>
  </Placemark>
  <Placemark>
   <visibility>
    0
   </visibility>
   <name>
    NAVJIVAN VIDYALYA GUJ
   </name>
   <styleUrl>
    #mumbai_aided_schools_style
   </styleUrl>
   <ExtendedData>
    <SchemaData schemaUrl="#J_mumbai_aided_schools_SIISSSSSISSSSSS">
     <SimpleData name="Address">
      NAVJ AN VIDYALAYA GUJARATI PRIMARY RANI SATI MARG MALAD EAST MUMBAI 400097
     </SimpleData>
     <SimpleData name="Cls_From">
      1
     </SimpleData>
     <SimpleData name="Cls_To">
      4
     </SimpleData>
     <SimpleData name="Email">
      navjeevanvidyalaya@gmail.com
     </SimpleData>
     <SimpleData name="GoogleMaps">
      https://www.google.com/maps/search/?api=1&amp;query=19.1828530003506,72.8505319991716
     </SimpleData>
     <SimpleData name="Landline_n">
      022-28772871
     </SimpleData>
     <SimpleData name="Lat">
      19.1828530003506
     </SimpleData>
     <SimpleData name="Long">
      72.8505319991716
     </SimpleData>
     <SimpleData name="OBJECTID_1">
      114
     </SimpleData>
     <SimpleData name="Owner_Dept">
      Education Dept
     </SimpleData>
     <SimpleData name="SchName">
      NAVJIVAN VIDYALYA GUJ
     </SimpleData>
     <SimpleData name="Sch_Type">
      3-Co-educational
     </SimpleData>
     <SimpleData name="Twitter_Ha">
      @mybmcedu
     </SimpleData>
     <SimpleData name="VillageNam">
      P/N- WARD
     </SimpleData>
     <SimpleData name="Website">
     </SimpleData>
    </SchemaData>
   </ExtendedData>
   <Point>
    <coordinates>
     72.850532,19.182853,0
    </coordinates>
   </Point>
  </Placemark>
  <Placemark>
   <visibility>
    0
   </visibility>
   <name>
    VELANI  VIDYALAYA GUJARATI SCHOOL
   </name>
   <styleUrl>
    #mumbai_aided_schools_style
   </styleUrl>
   <ExtendedData>
    <SchemaData schemaUrl="#J_mumbai_aided_schools_SIISSSSSISSSSSS">
     <SimpleData name="Address">
      27, Rani Sati BMC school, Khot Kuva Rd, Malad East, Mumbai 400097.
     </SimpleData>
     <SimpleData name="Cls_From">
      1
     </SimpleData>
     <SimpleData name="Cls_To">
      4
     </SimpleData>
     <SimpleData name="Email">
      velanividyalaya@gmail.com
     </SimpleData>
     <SimpleData name="GoogleMaps">
      https://www.google.com/maps/search/?api=1&amp;query=19.1842299997536,72.8538940001568
     </SimpleData>
     <SimpleData name="Landline_n">
      022-28881435
     </SimpleData>
     <SimpleData name="Lat">
      19.1842299997536
     </SimpleData>
     <SimpleData name="Long">
      72.8538940001568
     </SimpleData>
     <SimpleData name="OBJECTID_1">
      115
     </SimpleData>
     <SimpleData name="Owner_Dept">
      Education Dept
     </SimpleData>
     <SimpleData name="SchName">
      VELANI  VIDYALAYA GUJARATI SCHOOL
     </SimpleData>
     <SimpleData name="Sch_Type">
      3-Co-educational
     </SimpleData>
     <SimpleData name="Twitter_Ha">
      @mybmcedu
     </SimpleData>
     <SimpleData name="VillageNam">
      P/N- WARD
     </SimpleData>
     <SimpleData name="Website">
     </SimpleData>
    </SchemaData>
   </ExtendedData>
   <Point>
    <coordinates>
     72.853894,19.18423,0
    </coordinates>
   </Point>
  </Placemark>
  <Placemark>
   <visibility>
    0
   </visibility>
   <name>
    MAROL URD LP
   </name>
   <styleUrl>
    #mumbai_aided_schools_style
   </styleUrl>
   <ExtendedData>
    <SchemaData schemaUrl="#J_mumbai_aided_schools_SIISSSSSISSSSSS">
     <SimpleData name="Address">
      Gaon Devi Talav Marol Maroshi Road Marol Andheri EAST Mumbai  400059
     </SimpleData>
     <SimpleData name="Cls_From">
      1
     </SimpleData>
     <SimpleData name="Cls_To">
      4
     </SimpleData>
     <SimpleData name="Email">
      mupschool24@gmail.com
     </SimpleData>
     <SimpleData name="GoogleMaps">
      https://www.google.com/maps/search/?api=1&amp;query=19.1151550000369,72.8813769997077
     </SimpleData>
     <SimpleData name="Landline_n">
      022-29205081
     </SimpleData>
     <SimpleData name="Lat">
      19.1151550000369
     </SimpleData>
     <SimpleData name="Long">
      72.8813769997077
     </SimpleData>
     <SimpleData name="OBJECTID_1">
      116
     </SimpleData>
     <SimpleData name="Owner_Dept">
      Education Dept
     </SimpleData>
     <SimpleData name="SchName">
      MAROL URD LP
     </SimpleData>
     <SimpleData name="Sch_Type">
      3-Co-educational
     </SimpleData>
     <SimpleData name="Twitter_Ha">
      @mybmcedu
     </SimpleData>
     <SimpleData name="VillageNam">
      K/E
     </SimpleData>
     <SimpleData name="Website">
      education.maharashtra.gov.in/saral/27220400104
     </SimpleData>
    </SchemaData>
   </ExtendedData>
   <Point>
    <coordinates>
     72.881377,19.115155,0
    </coordinates>
   </Point>
  </Placemark>
  <Placemark>
   <visibility>
    0
   </visibility>
   <name>
    PRATHANA SAMAJ LP
   </name>
   <styleUrl>
    #mumbai_aided_schools_style
   </styleUrl>
   <ExtendedData>
    <SchemaData schemaUrl="#J_mumbai_aided_schools_SIISSSSSISSSSSS">
     <SimpleData name="Address">
      40, Prarthana Samaj Rd, Marg, Navpada, Vile Parle East, Vile Parle, Mumbai, Maharashtra 400057
     </SimpleData>
     <SimpleData name="Cls_From">
      1
     </SimpleData>
     <SimpleData name="Cls_To">
      4
     </SimpleData>
     <SimpleData name="Email">
      psps.vp@gmail.com
     </SimpleData>
     <SimpleData name="GoogleMaps">
      https://www.google.com/maps/search/?api=1&amp;query=19.1031339999921,72.8513399999565
     </SimpleData>
     <SimpleData name="Landline_n">
      022-26136983
     </SimpleData>
     <SimpleData name="Lat">
      19.1031339999921
     </SimpleData>
     <SimpleData name="Long">
      72.8513399999565
     </SimpleData>
     <SimpleData name="OBJECTID_1">
      117
     </SimpleData>
     <SimpleData name="Owner_Dept">
      Education Dept
     </SimpleData>
     <SimpleData name="SchName">
      PRATHANA SAMAJ LP
     </SimpleData>
     <SimpleData name="Sch_Type">
      3-Co-educational
     </SimpleData>
     <SimpleData name="Twitter_Ha">
      @mybmcedu
     </SimpleData>
     <SimpleData name="VillageNam">
      K/E
     </SimpleData>
     <SimpleData name="Website">
     </SimpleData>
    </SchemaData>
   </ExtendedData>
   <Point>
    <coordinates>
     72.85133999999999,19.103134,0
    </coordinates>
   </Point>
  </Placemark>
  <Placemark>
   <visibility>
    0
   </visibility>
   <name>
    PARLE TILAK VIDYALA LP
   </name>
   <styleUrl>
    #mumbai_aided_schools_style
   </styleUrl>
   <ExtendedData>
    <SchemaData schemaUrl="#J_mumbai_aided_schools_SIISSSSSISSSSSS">
     <SimpleData name="Address">
      HANUMAN ROAD  VILE PARLE EAST  MUMBAI 400 057
     </SimpleData>
     <SimpleData name="Cls_From">
      1
     </SimpleData>
     <SimpleData name="Cls_To">
      4
     </SimpleData>
     <SimpleData name="Email">
      ptvmarathiprimary@gmail.com
     </SimpleData>
     <SimpleData name="GoogleMaps">
      https://www.google.com/maps/search/?api=1&amp;query=19.1042989996486,72.8472469998511
     </SimpleData>
     <SimpleData name="Landline_n">
      022-26117391
     </SimpleData>
     <SimpleData name="Lat">
      19.1042989996486
     </SimpleData>
     <SimpleData name="Long">
      72.8472469998511
     </SimpleData>
     <SimpleData name="OBJECTID_1">
      118
     </SimpleData>
     <SimpleData name="Owner_Dept">
      Education Dept
     </SimpleData>
     <SimpleData name="SchName">
      PARLE TILAK VIDYALA LP
     </SimpleData>
     <SimpleData name="Sch_Type">
      3-Co-educational
     </SimpleData>
     <SimpleData name="Twitter_Ha">
      @mybmcedu
     </SimpleData>
     <SimpleData name="VillageNam">
      K/E
     </SimpleData>
     <SimpleData name="Website">
      education.maharashtra.gov.in/saral/27220400119
     </SimpleData>
    </SchemaData>
   </ExtendedData>
   <Point>
    <coordinates>
     72.847247,19.104299,0
    </coordinates>
   </Point>
  </Placemark>
  <Placemark>
   <visibility>
    0
   </visibility>
   <name>
    VILEPARLE MAHILA SANGH LP MAR
   </name>
   <styleUrl>
    #mumbai_aided_schools_style
   </styleUrl>
   <ExtendedData>
    <SchemaData schemaUrl="#J_mumbai_aided_schools_SIISSSSSISSSSSS">
     <SimpleData name="Address">
      VILE PARLE MAHILA SANGHA  PRATHAMIK MARATHI  SHALA  PARANJAPE B SCEME ROAD NO.1 VILE PARLE EAST MUMB
     </SimpleData>
     <SimpleData name="Cls_From">
      1
     </SimpleData>
     <SimpleData name="Cls_To">
      4
     </SimpleData>
     <SimpleData name="Email">
      vpmsmarathiprimary@yahoo.com
     </SimpleData>
     <SimpleData name="GoogleMaps">
      https://www.google.com/maps/search/?api=1&amp;query=19.1063510006496,72.8526080003059
     </SimpleData>
     <SimpleData name="Landline_n">
      022-26169891
     </SimpleData>
     <SimpleData name="Lat">
      19.1063510006496
     </SimpleData>
     <SimpleData name="Long">
      72.8526080003059
     </SimpleData>
     <SimpleData name="OBJECTID_1">
      119
     </SimpleData>
     <SimpleData name="Owner_Dept">
      Education Dept
     </SimpleData>
     <SimpleData name="SchName">
      VILEPARLE MAHILA SANGH LP MAR
     </SimpleData>
     <SimpleData name="Sch_Type">
      3-Co-educational
     </SimpleData>
     <SimpleData name="Twitter_Ha">
      @mybmcedu
     </SimpleData>
     <SimpleData name="VillageNam">
      K/E
     </SimpleData>
     <SimpleData name="Website">
      education.maharashtra.gov.in/saral/27220400120
     </SimpleData>
    </SchemaData>
   </ExtendedData>
   <Point>
    <coordinates>
     72.852608,19.106351,0
    </coordinates>
   </Point>
  </Placemark>
  <Placemark>
   <visibility>
    0
   </visibility>
   <name>
    B L RUIA HIGH SCHOOL PRI.
   </name>
   <styleUrl>
    #mumbai_aided_schools_style
   </styleUrl>
   <ExtendedData>
    <SchemaData schemaUrl="#J_mumbai_aided_schools_SIISSSSSISSSSSS">
     <SimpleData name="Address">
      MAHANT ROAD VILEPARLE EAST MUMBAI 400057
     </SimpleData>
     <SimpleData name="Cls_From">
      1
     </SimpleData>
     <SimpleData name="Cls_To">
      4
     </SimpleData>
     <SimpleData name="Email">
      blrhs1234@gmail.com
     </SimpleData>
     <SimpleData name="GoogleMaps">
      https://www.google.com/maps/search/?api=1&amp;query=19.1025100002365,72.8481159997912
     </SimpleData>
     <SimpleData name="Landline_n">
      022-26142566
     </SimpleData>
     <SimpleData name="Lat">
      19.1025100002365
     </SimpleData>
     <SimpleData name="Long">
      72.8481159997912
     </SimpleData>
     <SimpleData name="OBJECTID_1">
      120
     </SimpleData>
     <SimpleData name="Owner_Dept">
      Education Dept
     </SimpleData>
     <SimpleData name="SchName">
      B L RUIA HIGH SCHOOL PRI.
     </SimpleData>
     <SimpleData name="Sch_Type">
      3-Co-educational
     </SimpleData>
     <SimpleData name="Twitter_Ha">
      @mybmcedu
     </SimpleData>
     <SimpleData name="VillageNam">
      K/E
     </SimpleData>
     <SimpleData name="Website">
      education.maharashtra.gov.in/saral/27220400122
     </SimpleData>
    </SchemaData>
   </ExtendedData>
   <Point>
    <coordinates>
     72.848116,19.10251,0
    </coordinates>
   </Point>
  </Placemark>
  <Placemark>
   <visibility>
    0
   </visibility>
   <name>
    THE G M E S LP
   </name>
   <styleUrl>
    #mumbai_aided_schools_style
   </styleUrl>
   <ExtendedData>
    <SchemaData schemaUrl="#J_mumbai_aided_schools_SIISSSSSISSSSSS">
     <SimpleData name="Address">
      5-C  Tilak Vidyalaya Road  Vile parle east  MUMBAI 400 057
     </SimpleData>
     <SimpleData name="Cls_From">
      1
     </SimpleData>
     <SimpleData name="Cls_To">
      4
     </SimpleData>
     <SimpleData name="Email">
      thegmesprimarysection@gmail.com
     </SimpleData>
     <SimpleData name="GoogleMaps">
      https://www.google.com/maps/search/?api=1&amp;query=19.1038649998956,72.8489359997313
     </SimpleData>
     <SimpleData name="Landline_n">
      022-26122684
     </SimpleData>
     <SimpleData name="Lat">
      19.1038649998956
     </SimpleData>
     <SimpleData name="Long">
      72.8489359997313
     </SimpleData>
     <SimpleData name="OBJECTID_1">
      121
     </SimpleData>
     <SimpleData name="Owner_Dept">
      Education Dept
     </SimpleData>
     <SimpleData name="SchName">
      THE G M E S LP
     </SimpleData>
     <SimpleData name="Sch_Type">
      3-Co-educational
     </SimpleData>
     <SimpleData name="Twitter_Ha">
      @mybmcedu
     </SimpleData>
     <SimpleData name="VillageNam">
      K/E
     </SimpleData>
     <SimpleData name="Website">
      www.gmes.org.in
     </SimpleData>
    </SchemaData>
   </ExtendedData>
   <Point>
    <coordinates>
     72.84893599999999,19.103865,0
    </coordinates>
   </Point>
  </Placemark>
  <Placemark>
   <visibility>
    0
   </visibility>
   <name>
    SHREE GHANSHYAMDAS PODDAR VIDYALAYA
   </name>
   <styleUrl>
    #mumbai_aided_schools_style
   </styleUrl>
   <ExtendedData>
    <SchemaData schemaUrl="#J_mumbai_aided_schools_SIISSSSSISSSSSS">
     <SimpleData name="Address">
      J B Nagar Andheri East Mumbai 400059
     </SimpleData>
     <SimpleData name="Cls_From">
      1
     </SimpleData>
     <SimpleData name="Cls_To">
      4
     </SimpleData>
     <SimpleData name="Email">
      sgpvpri@gmail.com
     </SimpleData>
     <SimpleData name="GoogleMaps">
      https://www.google.com/maps/search/?api=1&amp;query=19.1115429994733,72.8680089992462
     </SimpleData>
     <SimpleData name="Landline_n">
      022-28228659
     </SimpleData>
     <SimpleData name="Lat">
      19.1115429994733
     </SimpleData>
     <SimpleData name="Long">
      72.8680089992462
     </SimpleData>
     <SimpleData name="OBJECTID_1">
      122
     </SimpleData>
     <SimpleData name="Owner_Dept">
      Education Dept
     </SimpleData>
     <SimpleData name="SchName">
      SHREE GHANSHYAMDAS PODDAR VIDYALAYA
     </SimpleData>
     <SimpleData name="Sch_Type">
      3-Co-educational
     </SimpleData>
     <SimpleData name="Twitter_Ha">
      @mybmcedu
     </SimpleData>
     <SimpleData name="VillageNam">
      K/E
     </SimpleData>
     <SimpleData name="Website">
      education.maharashtra.gov.in/saral/27220400134
     </SimpleData>
    </SchemaData>
   </ExtendedData>
   <Point>
    <coordinates>
     72.868009,19.111543,0
    </coordinates>
   </Point>
  </Placemark>
  <Placemark>
   <visibility>
    0
   </visibility>
   <name>
    MATOSHRI SUNDRABAI N SAMANT LP
   </name>
   <styleUrl>
    #mumbai_aided_schools_style
   </styleUrl>
   <ExtendedData>
    <SchemaData schemaUrl="#J_mumbai_aided_schools_SIISSSSSISSSSSS">
     <SimpleData name="Address">
      SHANTI APP 3 MAROL MILITARY RD MUMBAI 59
     </SimpleData>
     <SimpleData name="Cls_From">
      1
     </SimpleData>
     <SimpleData name="Cls_To">
      4
     </SimpleData>
     <SimpleData name="Email">
      sarswatisamantprathamik@gmail.com
     </SimpleData>
     <SimpleData name="GoogleMaps">
      https://www.google.com/maps/search/?api=1&amp;query=19.1179930005828,72.8827349995241
     </SimpleData>
     <SimpleData name="Landline_n">
      022-29254168
     </SimpleData>
     <SimpleData name="Lat">
      19.1179930005828
     </SimpleData>
     <SimpleData name="Long">
      72.8827349995241
     </SimpleData>
     <SimpleData name="OBJECTID_1">
      123
     </SimpleData>
     <SimpleData name="Owner_Dept">
      Education Dept
     </SimpleData>
     <SimpleData name="SchName">
      MATOSHRI SUNDRABAI N SAMANT LP
     </SimpleData>
     <SimpleData name="Sch_Type">
      3-Co-educational
     </SimpleData>
     <SimpleData name="Twitter_Ha">
      @mybmcedu
     </SimpleData>
     <SimpleData name="VillageNam">
      K/E
     </SimpleData>
     <SimpleData name="Website">
      www.ses.sarswati.com
     </SimpleData>
    </SchemaData>
   </ExtendedData>
   <Point>
    <coordinates>
     72.882735,19.117993,0
    </coordinates>
   </Point>
  </Placemark>
  <Placemark>
   <visibility>
    0
   </visibility>
   <name>
    MAROL PRAGTIK LP
   </name>
   <styleUrl>
    #mumbai_aided_schools_style
   </styleUrl>
   <ExtendedData>
    <SchemaData schemaUrl="#J_mumbai_aided_schools_SIISSSSSISSSSSS">
     <SimpleData name="Address">
      kadamwadi andheri e mumbai 59
     </SimpleData>
     <SimpleData name="Cls_From">
      1
     </SimpleData>
     <SimpleData name="Cls_To">
      4
     </SimpleData>
     <SimpleData name="Email">
      mpps11111@gmail.com
     </SimpleData>
     <SimpleData name="GoogleMaps">
      https://www.google.com/maps/search/?api=1&amp;query=19.1125769994766,72.8730229995576
     </SimpleData>
     <SimpleData name="Landline_n">
      022-28252937
     </SimpleData>
     <SimpleData name="Lat">
      19.1125769994766
     </SimpleData>
     <SimpleData name="Long">
      72.8730229995576
     </SimpleData>
     <SimpleData name="OBJECTID_1">
      124
     </SimpleData>
     <SimpleData name="Owner_Dept">
      Education Dept
     </SimpleData>
     <SimpleData name="SchName">
      MAROL PRAGTIK LP
     </SimpleData>
     <SimpleData name="Sch_Type">
      3-Co-educational
     </SimpleData>
     <SimpleData name="Twitter_Ha">
      @mybmcedu
     </SimpleData>
     <SimpleData name="VillageNam">
      K/E
     </SimpleData>
     <SimpleData name="Website">
      education.maharashtra.gov.in/saral/27220400152
     </SimpleData>
    </SchemaData>
   </ExtendedData>
   <Point>
    <coordinates>
     72.873023,19.112577,0
    </coordinates>
   </Point>
  </Placemark>
  <Placemark>
   <visibility>
    0
   </visibility>
   <name>
    SHRI SATYA SAI LP
   </name>
   <styleUrl>
    #mumbai_aided_schools_style
   </styleUrl>
   <ExtendedData>
    <SchemaData schemaUrl="#J_mumbai_aided_schools_SIISSSSSISSSSSS">
     <SimpleData name="Address">
      North West Andheri East 166
     </SimpleData>
     <SimpleData name="Cls_From">
      1
     </SimpleData>
     <SimpleData name="Cls_To">
      4
     </SimpleData>
     <SimpleData name="Email">
      ssspvm@yahoo.in
     </SimpleData>
     <SimpleData name="GoogleMaps">
      https://www.google.com/maps/search/?api=1&amp;query=19.1287629992415,72.8706080003959
     </SimpleData>
     <SimpleData name="Landline_n">
      022-28260601
     </SimpleData>
     <SimpleData name="Lat">
      19.1287629992415
     </SimpleData>
     <SimpleData name="Long">
      72.8706080003959
     </SimpleData>
     <SimpleData name="OBJECTID_1">
      125
     </SimpleData>
     <SimpleData name="Owner_Dept">
      Education Dept
     </SimpleData>
     <SimpleData name="SchName">
      SHRI SATYA SAI LP
     </SimpleData>
     <SimpleData name="Sch_Type">
      3-Co-educational
     </SimpleData>
     <SimpleData name="Twitter_Ha">
      @mybmcedu
     </SimpleData>
     <SimpleData name="VillageNam">
      K/E
     </SimpleData>
     <SimpleData name="Website">
      education.maharashtra.gov.in/saral/27220400159
     </SimpleData>
    </SchemaData>
   </ExtendedData>
   <Point>
    <coordinates>
     72.870608,19.128763,0
    </coordinates>
   </Point>
  </Placemark>
  <Placemark>
   <visibility>
    0
   </visibility>
   <name>
    PARANJPE VIDYALAYA LP
   </name>
   <styleUrl>
    #mumbai_aided_schools_style
   </styleUrl>
   <ExtendedData>
    <SchemaData schemaUrl="#J_mumbai_aided_schools_SIISSSSSISSSSSS">
     <SimpleData name="Address">
      Vijay Nagar Society,S N Marg,Mumbai 400069
     </SimpleData>
     <SimpleData name="Cls_From">
      1
     </SimpleData>
     <SimpleData name="Cls_To">
      4
     </SimpleData>
     <SimpleData name="Email">
      pvps.1970@gmail.com
     </SimpleData>
     <SimpleData name="GoogleMaps">
      https://www.google.com/maps/search/?api=1&amp;query=19.0433929997279,72.8450030002816
     </SimpleData>
     <SimpleData name="Landline_n">
      022-26823605
     </SimpleData>
     <SimpleData name="Lat">
      19.0433929997279
     </SimpleData>
     <SimpleData name="Long">
      72.8450030002816
     </SimpleData>
     <SimpleData name="OBJECTID_1">
      126
     </SimpleData>
     <SimpleData name="Owner_Dept">
      Education Dept
     </SimpleData>
     <SimpleData name="SchName">
      PARANJPE VIDYALAYA LP
     </SimpleData>
     <SimpleData name="Sch_Type">
      3-Co-educational
     </SimpleData>
     <SimpleData name="Twitter_Ha">
      @mybmcedu
     </SimpleData>
     <SimpleData name="VillageNam">
      K/E
     </SimpleData>
     <SimpleData name="Website">
     </SimpleData>
    </SchemaData>
   </ExtendedData>
   <Point>
    <coordinates>
     72.84500300000001,19.043393,0
    </coordinates>
   </Point>
  </Placemark>
  <Placemark>
   <visibility>
    0
   </visibility>
   <name>
    R C MARUTI HINIDI LP
   </name>
   <styleUrl>
    #mumbai_aided_schools_style
   </styleUrl>
   <ExtendedData>
    <SchemaData schemaUrl="#J_mumbai_aided_schools_SIISSSSSISSSSSS">
     <SimpleData name="Address">
      MAHAKALI CAVE ANDHERI EAST
     </SimpleData>
     <SimpleData name="Cls_From">
      1
     </SimpleData>
     <SimpleData name="Cls_To">
      4
     </SimpleData>
     <SimpleData name="Email">
      rcmjrc@gmail.com
     </SimpleData>
     <SimpleData name="GoogleMaps">
      https://www.google.com/maps/search/?api=1&amp;query=19.1225129996747,72.8675310001289
     </SimpleData>
     <SimpleData name="Landline_n">
      022-28377897
     </SimpleData>
     <SimpleData name="Lat">
      19.1225129996747
     </SimpleData>
     <SimpleData name="Long">
      72.8675310001289
     </SimpleData>
     <SimpleData name="OBJECTID_1">
      127
     </SimpleData>
     <SimpleData name="Owner_Dept">
      Education Dept
     </SimpleData>
     <SimpleData name="SchName">
      R C MARUTI HINIDI LP
     </SimpleData>
     <SimpleData name="Sch_Type">
      3-Co-educational
     </SimpleData>
     <SimpleData name="Twitter_Ha">
      @mybmcedu
     </SimpleData>
     <SimpleData name="VillageNam">
      K/E
     </SimpleData>
     <SimpleData name="Website">
      education.maharashtra.gov.in/saral/27220400167
     </SimpleData>
    </SchemaData>
   </ExtendedData>
   <Point>
    <coordinates>
     72.867531,19.122513,0
    </coordinates>
   </Point>
  </Placemark>
  <Placemark>
   <visibility>
    0
   </visibility>
   <name>
    SHRAMIK VIDYALAYA LP
   </name>
   <styleUrl>
    #mumbai_aided_schools_style
   </styleUrl>
   <ExtendedData>
    <SchemaData schemaUrl="#J_mumbai_aided_schools_SIISSSSSISSSSSS">
     <SimpleData name="Address">
      Meghwadi,Near meghwadi police station, jogeshwari-east
     </SimpleData>
     <SimpleData name="Cls_From">
      1
     </SimpleData>
     <SimpleData name="Cls_To">
      4
     </SimpleData>
     <SimpleData name="Email">
      shramikvidyalaya1983@gmail.com
     </SimpleData>
     <SimpleData name="GoogleMaps">
      https://www.google.com/maps/search/?api=1&amp;query=19.1328170001739,72.862431999928
     </SimpleData>
     <SimpleData name="Landline_n">
      022-28378852
     </SimpleData>
     <SimpleData name="Lat">
      19.1328170001739
     </SimpleData>
     <SimpleData name="Long">
      72.862431999928
     </SimpleData>
     <SimpleData name="OBJECTID_1">
      128
     </SimpleData>
     <SimpleData name="Owner_Dept">
      Education Dept
     </SimpleData>
     <SimpleData name="SchName">
      SHRAMIK VIDYALAYA LP
     </SimpleData>
     <SimpleData name="Sch_Type">
      3-Co-educational
     </SimpleData>
     <SimpleData name="Twitter_Ha">
      @mybmcedu
     </SimpleData>
     <SimpleData name="VillageNam">
      K/E
     </SimpleData>
     <SimpleData name="Website">
      www.shramikvidyalaya.com
     </SimpleData>
    </SchemaData>
   </ExtendedData>
   <Point>
    <coordinates>
     72.862432,19.132817,0
    </coordinates>
   </Point>
  </Placemark>
  <Placemark>
   <visibility>
    0
   </visibility>
   <name>
    BAL VIKAS VIDYA MANDIR LP
   </name>
   <styleUrl>
    #mumbai_aided_schools_style
   </styleUrl>
   <ExtendedData>
    <SchemaData schemaUrl="#J_mumbai_aided_schools_SIISSSSSISSSSSS">
     <SimpleData name="Address">
      meghawadi sarvodaya nagar Jogeshwari east mumbai
     </SimpleData>
     <SimpleData name="Cls_From">
      1
     </SimpleData>
     <SimpleData name="Cls_To">
      4
     </SimpleData>
     <SimpleData name="Email">
      balvikasvidyamandir1967@gmail.com
     </SimpleData>
     <SimpleData name="GoogleMaps">
      https://www.google.com/maps/search/?api=1&amp;query=19.134889000106,72.8639320000573
     </SimpleData>
     <SimpleData name="Landline_n">
      022-28364902
     </SimpleData>
     <SimpleData name="Lat">
      19.134889000106
     </SimpleData>
     <SimpleData name="Long">
      72.8639320000573
     </SimpleData>
     <SimpleData name="OBJECTID_1">
      129
     </SimpleData>
     <SimpleData name="Owner_Dept">
      Education Dept
     </SimpleData>
     <SimpleData name="SchName">
      BAL VIKAS VIDYA MANDIR LP
     </SimpleData>
     <SimpleData name="Sch_Type">
      3-Co-educational
     </SimpleData>
     <SimpleData name="Twitter_Ha">
      @mybmcedu
     </SimpleData>
     <SimpleData name="VillageNam">
      K/E
     </SimpleData>
     <SimpleData name="Website">
      www.rjmd.com
     </SimpleData>
    </SchemaData>
   </ExtendedData>
   <Point>
    <coordinates>
     72.86393200000001,19.134889,0
    </coordinates>
   </Point>
  </Placemark>
  <Placemark>
   <visibility>
    0
   </visibility>
   <name>
    CANOSSA CONVENT PRIMARY SCHOOL
   </name>
   <styleUrl>
    #mumbai_aided_schools_style
   </styleUrl>
   <ExtendedData>
    <SchemaData schemaUrl="#J_mumbai_aided_schools_SIISSSSSISSSSSS">
     <SimpleData name="Address">
      Mahakali Caves Road, Andheri East
     </SimpleData>
     <SimpleData name="Cls_From">
      1
     </SimpleData>
     <SimpleData name="Cls_To">
      4
     </SimpleData>
     <SimpleData name="Email">
      canpsand@gmail.com
     </SimpleData>
     <SimpleData name="GoogleMaps">
      https://www.google.com/maps/search/?api=1&amp;query=19.1253470002571,72.8654800000974
     </SimpleData>
     <SimpleData name="Landline_n">
      022-28215007
     </SimpleData>
     <SimpleData name="Lat">
      19.1253470002571
     </SimpleData>
     <SimpleData name="Long">
      72.8654800000974
     </SimpleData>
     <SimpleData name="OBJECTID_1">
      130
     </SimpleData>
     <SimpleData name="Owner_Dept">
      Education Dept
     </SimpleData>
     <SimpleData name="SchName">
      CANOSSA CONVENT PRIMARY SCHOOL
     </SimpleData>
     <SimpleData name="Sch_Type">
      2-Girls
     </SimpleData>
     <SimpleData name="Twitter_Ha">
      @mybmcedu
     </SimpleData>
     <SimpleData name="VillageNam">
      K/E
     </SimpleData>
     <SimpleData name="Website">
      www.canossaprimaryandheri.org
     </SimpleData>
    </SchemaData>
   </ExtendedData>
   <Point>
    <coordinates>
     72.86548000000001,19.125347,0
    </coordinates>
   </Point>
  </Placemark>
  <Placemark>
   <visibility>
    0
   </visibility>
   <name>
    SWAMI VIVEKANAND HINDI LP
   </name>
   <styleUrl>
    #mumbai_aided_schools_style
   </styleUrl>
   <ExtendedData>
    <SchemaData schemaUrl="#J_mumbai_aided_schools_SIISSSSSISSSSSS">
     <SimpleData name="Address">
      Meghwadi Jogeshwari  East   Mumbai    400060
     </SimpleData>
     <SimpleData name="Cls_From">
      1
     </SimpleData>
     <SimpleData name="Cls_To">
      4
     </SimpleData>
     <SimpleData name="Email">
      naginarsinghsvhp@gmail.com
     </SimpleData>
     <SimpleData name="GoogleMaps">
      https://www.google.com/maps/search/?api=1&amp;query=19.1327000006561,72.8602579998035
     </SimpleData>
     <SimpleData name="Landline_n">
      022-28301841
     </SimpleData>
     <SimpleData name="Lat">
      19.1327000006561
     </SimpleData>
     <SimpleData name="Long">
      72.8602579998035
     </SimpleData>
     <SimpleData name="OBJECTID_1">
      131
     </SimpleData>
     <SimpleData name="Owner_Dept">
      Education Dept
     </SimpleData>
     <SimpleData name="SchName">
      SWAMI VIVEKANAND HINDI LP
     </SimpleData>
     <SimpleData name="Sch_Type">
      3-Co-educational
     </SimpleData>
     <SimpleData name="Twitter_Ha">
      @mybmcedu
     </SimpleData>
     <SimpleData name="VillageNam">
      K/E
     </SimpleData>
     <SimpleData name="Website">
      education.maharashtra.gov.in/saral/27220400227
     </SimpleData>
    </SchemaData>
   </ExtendedData>
   <Point>
    <coordinates>
     72.860258,19.1327,0
    </coordinates>
   </Point>
  </Placemark>
  <Placemark>
   <visibility>
    0
   </visibility>
   <name>
    NATIONAL URDU LP
   </name>
   <styleUrl>
    #mumbai_aided_schools_style
   </styleUrl>
   <ExtendedData>
    <SchemaData schemaUrl="#J_mumbai_aided_schools_SIISSSSSISSSSSS">
     <SimpleData name="Address">
      I BLOCK IDDGAHA MAIDAN PREM NAGAR JOGESHWARI EAST MUMBAI 400060
     </SimpleData>
     <SimpleData name="Cls_From">
      1
     </SimpleData>
     <SimpleData name="Cls_To">
      4
     </SimpleData>
     <SimpleData name="Email">
      nationalurduprimaryschooljog@gmail.com
     </SimpleData>
     <SimpleData name="GoogleMaps">
      https://www.google.com/maps/search/?api=1&amp;query=19.1333869997365,72.859736999313
     </SimpleData>
     <SimpleData name="Landline_n">
      022-28229829
     </SimpleData>
     <SimpleData name="Lat">
      19.1333869997365
     </SimpleData>
     <SimpleData name="Long">
      72.859736999313
     </SimpleData>
     <SimpleData name="OBJECTID_1">
      132
     </SimpleData>
     <SimpleData name="Owner_Dept">
      Education Dept
     </SimpleData>
     <SimpleData name="SchName">
      NATIONAL URDU LP
     </SimpleData>
     <SimpleData name="Sch_Type">
      3-Co-educational
     </SimpleData>
     <SimpleData name="Twitter_Ha">
      @mybmcedu
     </SimpleData>
     <SimpleData name="VillageNam">
      K/E
     </SimpleData>
     <SimpleData name="Website">
      education.maharashtra.gov.in/saral/27220400232
     </SimpleData>
    </SchemaData>
   </ExtendedData>
   <Point>
    <coordinates>
     72.859737,19.133387,0
    </coordinates>
   </Point>
  </Placemark>
  <Placemark>
   <visibility>
    0
   </visibility>
   <name>
    BANDIWALI VIDYA MANDIR LP
   </name>
   <styleUrl>
    #mumbai_aided_schools_style
   </styleUrl>
   <ExtendedData>
    <SchemaData schemaUrl="#J_mumbai_aided_schools_SIISSSSSISSSSSS">
     <SimpleData name="Address">
      SHIVTEKDI JOGESHWARI EAST MUMBAI
     </SimpleData>
     <SimpleData name="Cls_From">
      1
     </SimpleData>
     <SimpleData name="Cls_To">
      4
     </SimpleData>
     <SimpleData name="Email">
      bvmtprimary1@gmail.com
     </SimpleData>
     <SimpleData name="GoogleMaps">
      https://www.google.com/maps/search/?api=1&amp;query=19.1408749998339,72.8604499997125
     </SimpleData>
     <SimpleData name="Landline_n">
      022-28202283
     </SimpleData>
     <SimpleData name="Lat">
      19.1408749998339
     </SimpleData>
     <SimpleData name="Long">
      72.8604499997125
     </SimpleData>
     <SimpleData name="OBJECTID_1">
      133
     </SimpleData>
     <SimpleData name="Owner_Dept">
      Education Dept
     </SimpleData>
     <SimpleData name="SchName">
      BANDIWALI VIDYA MANDIR LP
     </SimpleData>
     <SimpleData name="Sch_Type">
      3-Co-educational
     </SimpleData>
     <SimpleData name="Twitter_Ha">
      @mybmcedu
     </SimpleData>
     <SimpleData name="VillageNam">
      K/E
     </SimpleData>
     <SimpleData name="Website">
     </SimpleData>
    </SchemaData>
   </ExtendedData>
   <Point>
    <coordinates>
     72.86045,19.140875,0
    </coordinates>
   </Point>
  </Placemark>
  <Placemark>
   <visibility>
    0
   </visibility>
   <name>
    SHRI GOVIND BAL MANDIR PRI.
   </name>
   <styleUrl>
    #mumbai_aided_schools_style
   </styleUrl>
   <ExtendedData>
    <SchemaData schemaUrl="#J_mumbai_aided_schools_SIISSSSSISSSSSS">
     <SimpleData name="Address">
      R K SING MARG AMBEWADI MOGRA PADA ANDHERI EAST 400069
     </SimpleData>
     <SimpleData name="Cls_From">
      1
     </SimpleData>
     <SimpleData name="Cls_To">
      4
     </SimpleData>
     <SimpleData name="Email">
      primaryshalasgbm1@gmail.com
     </SimpleData>
     <SimpleData name="GoogleMaps">
      https://www.google.com/maps/search/?api=1&amp;query=19.1277319995895,72.8513929996907
     </SimpleData>
     <SimpleData name="Landline_n">
      022-28378903
     </SimpleData>
     <SimpleData name="Lat">
      19.1277319995895
     </SimpleData>
     <SimpleData name="Long">
      72.8513929996907
     </SimpleData>
     <SimpleData name="OBJECTID_1">
      134
     </SimpleData>
     <SimpleData name="Owner_Dept">
      Education Dept
     </SimpleData>
     <SimpleData name="SchName">
      SHRI GOVIND BAL MANDIR PRI.
     </SimpleData>
     <SimpleData name="Sch_Type">
      3-Co-educational
     </SimpleData>
     <SimpleData name="Twitter_Ha">
      @mybmcedu
     </SimpleData>
     <SimpleData name="VillageNam">
      K/E
     </SimpleData>
     <SimpleData name="Website">
      education.maharashtra.gov.in/saral/27220400253
     </SimpleData>
    </SchemaData>
   </ExtendedData>
   <Point>
    <coordinates>
     72.851393,19.127732,0
    </coordinates>
   </Point>
  </Placemark>
  <Placemark>
   <visibility>
    0
   </visibility>
   <name>
    RAM GOPAL KEDIYA LP
   </name>
   <styleUrl>
    #mumbai_aided_schools_style
   </styleUrl>
   <ExtendedData>
    <SchemaData schemaUrl="#J_mumbai_aided_schools_SIISSSSSISSSSSS">
     <SimpleData name="Address">
      Asmita Bhavan, Aajgaonkar Maidan,W.E.Highway,Jogeshwari East
     </SimpleData>
     <SimpleData name="Cls_From">
      1
     </SimpleData>
     <SimpleData name="Cls_To">
      4
     </SimpleData>
     <SimpleData name="Email">
      rgkpv@asmitatrust.org
     </SimpleData>
     <SimpleData name="GoogleMaps">
      https://www.google.com/maps/search/?api=1&amp;query=19.1423540001984,72.8544900000361
     </SimpleData>
     <SimpleData name="Landline_n">
      022-28245939
     </SimpleData>
     <SimpleData name="Lat">
      19.1423540001984
     </SimpleData>
     <SimpleData name="Long">
      72.8544900000361
     </SimpleData>
     <SimpleData name="OBJECTID_1">
      135
     </SimpleData>
     <SimpleData name="Owner_Dept">
      Education Dept
     </SimpleData>
     <SimpleData name="SchName">
      RAM GOPAL KEDIYA LP
     </SimpleData>
     <SimpleData name="Sch_Type">
      3-Co-educational
     </SimpleData>
     <SimpleData name="Twitter_Ha">
      @mybmcedu
     </SimpleData>
     <SimpleData name="VillageNam">
      K/E
     </SimpleData>
     <SimpleData name="Website">
     </SimpleData>
    </SchemaData>
   </ExtendedData>
   <Point>
    <coordinates>
     72.85449,19.142354,0
    </coordinates>
   </Point>
  </Placemark>
  <Placemark>
   <visibility>
    0
   </visibility>
   <name>
    JOGESHWARI EDU SOC LP
   </name>
   <styleUrl>
    #mumbai_aided_schools_style
   </styleUrl>
   <ExtendedData>
    <SchemaData schemaUrl="#J_mumbai_aided_schools_SIISSSSSISSSSSS">
     <SimpleData name="Address">
      J.E.S.COMPLEX GUMPHA ROAD,JOGESHWARI-EAST MUMBAI 400060
     </SimpleData>
     <SimpleData name="Cls_From">
      1
     </SimpleData>
     <SimpleData name="Cls_To">
      4
     </SimpleData>
     <SimpleData name="Email">
      jesprimary1932@gmail.com
     </SimpleData>
     <SimpleData name="GoogleMaps">
      https://www.google.com/maps/search/?api=1&amp;query=19.1314510007822,72.8492899997262
     </SimpleData>
     <SimpleData name="Landline_n">
      022-28240088
     </SimpleData>
     <SimpleData name="Lat">
      19.1314510007822
     </SimpleData>
     <SimpleData name="Long">
      72.8492899997262
     </SimpleData>
     <SimpleData name="OBJECTID_1">
      136
     </SimpleData>
     <SimpleData name="Owner_Dept">
      Education Dept
     </SimpleData>
     <SimpleData name="SchName">
      JOGESHWARI EDU SOC LP
     </SimpleData>
     <SimpleData name="Sch_Type">
      3-Co-educational
     </SimpleData>
     <SimpleData name="Twitter_Ha">
      @mybmcedu
     </SimpleData>
     <SimpleData name="VillageNam">
      K/E
     </SimpleData>
     <SimpleData name="Website">
      education.maharashtra.gov.in
     </SimpleData>
    </SchemaData>
   </ExtendedData>
   <Point>
    <coordinates>
     72.84929,19.131451,0
    </coordinates>
   </Point>
  </Placemark>
  <Placemark>
   <visibility>
    0
   </visibility>
   <name>
    BANDIWALI VIDYAMANDIR TRUST 2
   </name>
   <styleUrl>
    #mumbai_aided_schools_style
   </styleUrl>
   <ExtendedData>
    <SchemaData schemaUrl="#J_mumbai_aided_schools_SIISSSSSISSSSSS">
     <SimpleData name="Address">
      P.P.Dias Compound,Natwar Nagar,Rd.No.5,Jogeshwari E,mum-400060
     </SimpleData>
     <SimpleData name="Cls_From">
      1
     </SimpleData>
     <SimpleData name="Cls_To">
      4
     </SimpleData>
     <SimpleData name="Email">
      bvmtprimary2@gmail.com
     </SimpleData>
     <SimpleData name="GoogleMaps">
      https://www.google.com/maps/search/?api=1&amp;query=19.1268039997535,72.8519039999146
     </SimpleData>
     <SimpleData name="Landline_n">
      022-28246049
     </SimpleData>
     <SimpleData name="Lat">
      19.1268039997535
     </SimpleData>
     <SimpleData name="Long">
      72.8519039999146
     </SimpleData>
     <SimpleData name="OBJECTID_1">
      137
     </SimpleData>
     <SimpleData name="Owner_Dept">
      Education Dept
     </SimpleData>
     <SimpleData name="SchName">
      BANDIWALI VIDYAMANDIR TRUST 2
     </SimpleData>
     <SimpleData name="Sch_Type">
      3-Co-educational
     </SimpleData>
     <SimpleData name="Twitter_Ha">
      @mybmcedu
     </SimpleData>
     <SimpleData name="VillageNam">
      K/E
     </SimpleData>
     <SimpleData name="Website">
      education.maharashtra.gov.in/saral/27220400256
     </SimpleData>
    </SchemaData>
   </ExtendedData>
   <Point>
    <coordinates>
     72.851904,19.126804,0
    </coordinates>
   </Point>
  </Placemark>
  <Placemark>
   <visibility>
    0
   </visibility>
   <name>
    ANJUMAN I ISLAMS F A S O URD L
   </name>
   <styleUrl>
    #mumbai_aided_schools_style
   </styleUrl>
   <ExtendedData>
    <SchemaData schemaUrl="#J_mumbai_aided_schools_SIISSSSSISSSSSS">
     <SimpleData name="Address">
      Bawla Campus,Yari Road Versova Andheri West Mumbai 400061
     </SimpleData>
     <SimpleData name="Cls_From">
      1
     </SimpleData>
     <SimpleData name="Cls_To">
      4
     </SimpleData>
     <SimpleData name="Email">
      aiifaso.pryum@yahoo.com
     </SimpleData>
     <SimpleData name="GoogleMaps">
      https://www.google.com/maps/search/?api=1&amp;query=19.1362159994159,72.8122480000192
     </SimpleData>
     <SimpleData name="Landline_n">
      022-26328101
     </SimpleData>
     <SimpleData name="Lat">
      19.1362159994159
     </SimpleData>
     <SimpleData name="Long">
      72.8122480000192
     </SimpleData>
     <SimpleData name="OBJECTID_1">
      138
     </SimpleData>
     <SimpleData name="Owner_Dept">
      Education Dept
     </SimpleData>
     <SimpleData name="SchName">
      ANJUMAN I ISLAMS F A S O URD L
     </SimpleData>
     <SimpleData name="Sch_Type">
      3-Co-educational
     </SimpleData>
     <SimpleData name="Twitter_Ha">
      @mybmcedu
     </SimpleData>
     <SimpleData name="VillageNam">
      K/E
     </SimpleData>
     <SimpleData name="Website">
      education.maharashtra.gov.in/saral/27220400290
     </SimpleData>
    </SchemaData>
   </ExtendedData>
   <Point>
    <coordinates>
     72.812248,19.136216,0
    </coordinates>
   </Point>
  </Placemark>
  <Placemark>
   <visibility>
    0
   </visibility>
   <name>
    SMT LAXMIBAI VALANJU LP
   </name>
   <styleUrl>
    #mumbai_aided_schools_style
   </styleUrl>
   <ExtendedData>
    <SchemaData schemaUrl="#J_mumbai_aided_schools_SIISSSSSISSSSSS">
     <SimpleData name="Address">
      Jogeshwari East Mumbai
     </SimpleData>
     <SimpleData name="Cls_From">
      1
     </SimpleData>
     <SimpleData name="Cls_To">
      4
     </SimpleData>
     <SimpleData name="Email">
      slvalanjuvidyalaya@gmail.com
     </SimpleData>
     <SimpleData name="GoogleMaps">
      https://www.google.com/maps/search/?api=1&amp;query=19.1403440004725,72.8529429998107
     </SimpleData>
     <SimpleData name="Landline_n">
      022-28240317
     </SimpleData>
     <SimpleData name="Lat">
      19.1403440004725
     </SimpleData>
     <SimpleData name="Long">
      72.8529429998107
     </SimpleData>
     <SimpleData name="OBJECTID_1">
      139
     </SimpleData>
     <SimpleData name="Owner_Dept">
      Education Dept
     </SimpleData>
     <SimpleData name="SchName">
      SMT LAXMIBAI VALANJU LP
     </SimpleData>
     <SimpleData name="Sch_Type">
      3-Co-educational
     </SimpleData>
     <SimpleData name="Twitter_Ha">
      @mybmcedu
     </SimpleData>
     <SimpleData name="VillageNam">
      K/W
     </SimpleData>
     <SimpleData name="Website">
      www.shrisamartheducation.com
     </SimpleData>
    </SchemaData>
   </ExtendedData>
   <Point>
    <coordinates>
     72.852943,19.140344,0
    </coordinates>
   </Point>
  </Placemark>
  <Placemark>
   <visibility>
    0
   </visibility>
   <name>
    SMT SURAJBA VIDYA MANDIR GUJLP
   </name>
   <styleUrl>
    #mumbai_aided_schools_style
   </styleUrl>
   <ExtendedData>
    <SchemaData schemaUrl="#J_mumbai_aided_schools_SIISSSSSISSSSSS">
     <SimpleData name="Address">
      H.F. Society Road No. 3, Natwar Nagar, Jogeshwari - E, Mumbai- 4000060
     </SimpleData>
     <SimpleData name="Cls_From">
      1
     </SimpleData>
     <SimpleData name="Cls_To">
      4
     </SimpleData>
     <SimpleData name="Email">
      smt_surajba@yahoo.co.in
     </SimpleData>
     <SimpleData name="GoogleMaps">
      https://www.google.com/maps/search/?api=1&amp;query=19.130529000233,72.8509680000111
     </SimpleData>
     <SimpleData name="Landline_n">
      022-28246853
     </SimpleData>
     <SimpleData name="Lat">
      19.130529000233
     </SimpleData>
     <SimpleData name="Long">
      72.8509680000111
     </SimpleData>
     <SimpleData name="OBJECTID_1">
      140
     </SimpleData>
     <SimpleData name="Owner_Dept">
      Education Dept
     </SimpleData>
     <SimpleData name="SchName">
      SMT SURAJBA VIDYA MANDIR GUJLP
     </SimpleData>
     <SimpleData name="Sch_Type">
      3-Co-educational
     </SimpleData>
     <SimpleData name="Twitter_Ha">
      @mybmcedu
     </SimpleData>
     <SimpleData name="VillageNam">
      K/W
     </SimpleData>
     <SimpleData name="Website">
      www.surajbavidyamandir.org
     </SimpleData>
    </SchemaData>
   </ExtendedData>
   <Point>
    <coordinates>
     72.85096799999999,19.130529,0
    </coordinates>
   </Point>
  </Placemark>
  <Placemark>
   <visibility>
    0
   </visibility>
   <name>
    MAT KANBAI LALBAI GIRLS SCHOOL
   </name>
   <styleUrl>
    #mumbai_aided_schools_style
   </styleUrl>
   <ExtendedData>
    <SchemaData schemaUrl="#J_mumbai_aided_schools_SIISSSSSISSSSSS">
     <SimpleData name="Address">
      JVPD Scheme N S Road No-6  Vileparle -West Mumbai-400056
     </SimpleData>
     <SimpleData name="Cls_From">
      1
     </SimpleData>
     <SimpleData name="Cls_To">
      4
     </SimpleData>
     <SimpleData name="Email">
      mklmlohanakanyashala@yahoo.com
     </SimpleData>
     <SimpleData name="GoogleMaps">
      https://www.google.com/maps/search/?api=1&amp;query=19.1048970002143,72.832538000174
     </SimpleData>
     <SimpleData name="Landline_n">
      022-61544022
     </SimpleData>
     <SimpleData name="Lat">
      19.1048970002143
     </SimpleData>
     <SimpleData name="Long">
      72.832538000174
     </SimpleData>
     <SimpleData name="OBJECTID_1">
      141
     </SimpleData>
     <SimpleData name="Owner_Dept">
      Education Dept
     </SimpleData>
     <SimpleData name="SchName">
      MAT KANBAI LALBAI GIRLS SCHOOL
     </SimpleData>
     <SimpleData name="Sch_Type">
      3-Co-educational
     </SimpleData>
     <SimpleData name="Twitter_Ha">
      @mybmcedu
     </SimpleData>
     <SimpleData name="VillageNam">
      K/W
     </SimpleData>
     <SimpleData name="Website">
      education.maharashtra.gov.in/saral/27220400315
     </SimpleData>
    </SchemaData>
   </ExtendedData>
   <Point>
    <coordinates>
     72.832538,19.104897,0
    </coordinates>
   </Point>
  </Placemark>
  <Placemark>
   <visibility>
    0
   </visibility>
   <name>
    SHRI MANILAL VADILAL NANAVATI PRI. SCHOOL
   </name>
   <styleUrl>
    #mumbai_aided_schools_style
   </styleUrl>
   <ExtendedData>
    <SchemaData schemaUrl="#J_mumbai_aided_schools_SIISSSSSISSSSSS">
     <SimpleData name="Address">
      dadabhairoad vileparie west
     </SimpleData>
     <SimpleData name="Cls_From">
      1
     </SimpleData>
     <SimpleData name="Cls_To">
      4
     </SimpleData>
     <SimpleData name="Email">
      mvnps.123@gmail.com
     </SimpleData>
     <SimpleData name="GoogleMaps">
      https://www.google.com/maps/search/?api=1&amp;query=19.1063749992141,72.8407260000397
     </SimpleData>
     <SimpleData name="Landline_n">
      022-26715413
     </SimpleData>
     <SimpleData name="Lat">
      19.1063749992141
     </SimpleData>
     <SimpleData name="Long">
      72.8407260000397
     </SimpleData>
     <SimpleData name="OBJECTID_1">
      142
     </SimpleData>
     <SimpleData name="Owner_Dept">
      Education Dept
     </SimpleData>
     <SimpleData name="SchName">
      SHRI MANILAL VADILAL NANAVATI PRI. SCHOOL
     </SimpleData>
     <SimpleData name="Sch_Type">
      3-Co-educational
     </SimpleData>
     <SimpleData name="Twitter_Ha">
      @mybmcedu
     </SimpleData>
     <SimpleData name="VillageNam">
      K/W
     </SimpleData>
     <SimpleData name="Website">
      education.maharashtra.gov.in/saral/27220400325
     </SimpleData>
    </SchemaData>
   </ExtendedData>
   <Point>
    <coordinates>
     72.840726,19.106375,0
    </coordinates>
   </Point>
  </Placemark>
  <Placemark>
   <visibility>
    0
   </visibility>
   <name>
    SHREE SIDDHIVINAYAK VIDYANIDHI SHISHU MANDIR
   </name>
   <styleUrl>
    #mumbai_aided_schools_style
   </styleUrl>
   <ExtendedData>
    <SchemaData schemaUrl="#J_mumbai_aided_schools_SIISSSSSISSSSSS">
     <SimpleData name="Address">
      Vidyanidhi Bhanvan1 Vidyanidhi Marga, J.V.P.D.Schme, Juhu. Mumbai  400 049.
     </SimpleData>
     <SimpleData name="Cls_From">
      1
     </SimpleData>
     <SimpleData name="Cls_To">
      4
     </SimpleData>
     <SimpleData name="Email">
      ssvidyanidhi@gmail.com
     </SimpleData>
     <SimpleData name="GoogleMaps">
      https://www.google.com/maps/search/?api=1&amp;query=19.1119179997533,72.8327099994063
     </SimpleData>
     <SimpleData name="Landline_n">
      022-6154633
     </SimpleData>
     <SimpleData name="Lat">
      19.1119179997533
     </SimpleData>
     <SimpleData name="Long">
      72.8327099994063
     </SimpleData>
     <SimpleData name="OBJECTID_1">
      143
     </SimpleData>
     <SimpleData name="Owner_Dept">
      Education Dept
     </SimpleData>
     <SimpleData name="SchName">
      SHREE SIDDHIVINAYAK VIDYANIDHI SHISHU MANDIR
     </SimpleData>
     <SimpleData name="Sch_Type">
      3-Co-educational
     </SimpleData>
     <SimpleData name="Twitter_Ha">
      @mybmcedu
     </SimpleData>
     <SimpleData name="VillageNam">
      K/W
     </SimpleData>
     <SimpleData name="Website">
     </SimpleData>
    </SchemaData>
   </ExtendedData>
   <Point>
    <coordinates>
     72.83271000000001,19.111918,0
    </coordinates>
   </Point>
  </Placemark>
  <Placemark>
   <visibility>
    0
   </visibility>
   <name>
    VIDYA VIKAS MANDAL LP
   </name>
   <styleUrl>
    #mumbai_aided_schools_style
   </styleUrl>
   <ExtendedData>
    <SchemaData schemaUrl="#J_mumbai_aided_schools_SIISSSSSISSSSSS">
     <SimpleData name="Address">
      Dadabhai road, Andheri west, Mumbai- 400058
     </SimpleData>
     <SimpleData name="Cls_From">
      1
     </SimpleData>
     <SimpleData name="Cls_To">
      4
     </SimpleData>
     <SimpleData name="Email">
      vidya.vikas0910@yahoo.co.in
     </SimpleData>
     <SimpleData name="GoogleMaps">
      https://www.google.com/maps/search/?api=1&amp;query=19.1246630005607,72.8378649995857
     </SimpleData>
     <SimpleData name="Landline_n">
      022-26716734
     </SimpleData>
     <SimpleData name="Lat">
      19.1246630005607
     </SimpleData>
     <SimpleData name="Long">
      72.8378649995857
     </SimpleData>
     <SimpleData name="OBJECTID_1">
      144
     </SimpleData>
     <SimpleData name="Owner_Dept">
      Education Dept
     </SimpleData>
     <SimpleData name="SchName">
      VIDYA VIKAS MANDAL LP
     </SimpleData>
     <SimpleData name="Sch_Type">
      3-Co-educational
     </SimpleData>
     <SimpleData name="Twitter_Ha">
      @mybmcedu
     </SimpleData>
     <SimpleData name="VillageNam">
      K/E
     </SimpleData>
     <SimpleData name="Website">
      www.vidyavikasmandal.com
     </SimpleData>
    </SchemaData>
   </ExtendedData>
   <Point>
    <coordinates>
     72.83786499999999,19.124663,0
    </coordinates>
   </Point>
  </Placemark>
  <Placemark>
   <visibility>
    0
   </visibility>
   <name>
    HANSRAJ MORARJI PUBLIC SCHOOL
   </name>
   <styleUrl>
    #mumbai_aided_schools_style
   </styleUrl>
   <ExtendedData>
    <SchemaData schemaUrl="#J_mumbai_aided_schools_SIISSSSSISSSSSS">
     <SimpleData name="Address">
      D N ROAD ,MUNSHI NAGAR, ANDHERI WEST
     </SimpleData>
     <SimpleData name="Cls_From">
      1
     </SimpleData>
     <SimpleData name="Cls_To">
      4
     </SimpleData>
     <SimpleData name="Email">
      hmpsprimarysection@gmail.com
     </SimpleData>
     <SimpleData name="GoogleMaps">
      https://www.google.com/maps/search/?api=1&amp;query=19.122007000198,72.8366589996798
     </SimpleData>
     <SimpleData name="Landline_n">
      022-26707991
     </SimpleData>
     <SimpleData name="Lat">
      19.122007000198
     </SimpleData>
     <SimpleData name="Long">
      72.8366589996798
     </SimpleData>
     <SimpleData name="OBJECTID_1">
      145
     </SimpleData>
     <SimpleData name="Owner_Dept">
      Education Dept
     </SimpleData>
     <SimpleData name="SchName">
      HANSRAJ MORARJI PUBLIC SCHOOL
     </SimpleData>
     <SimpleData name="Sch_Type">
      3-Co-educational
     </SimpleData>
     <SimpleData name="Twitter_Ha">
      @mybmcedu
     </SimpleData>
     <SimpleData name="VillageNam">
      K/E
     </SimpleData>
     <SimpleData name="Website">
     </SimpleData>
    </SchemaData>
   </ExtendedData>
   <Point>
    <coordinates>
     72.836659,19.122007,0
    </coordinates>
   </Point>
  </Placemark>
  <Placemark>
   <visibility>
    0
   </visibility>
   <name>
    ST LOUIS CONVENT LP
   </name>
   <styleUrl>
    #mumbai_aided_schools_style
   </styleUrl>
   <ExtendedData>
    <SchemaData schemaUrl="#J_mumbai_aided_schools_SIISSSSSISSSSSS">
     <SimpleData name="Address">
      Louis Convent Marg, 4 Bungalows, Andheri West,Mumbai - 400053.
     </SimpleData>
     <SimpleData name="Cls_From">
      1
     </SimpleData>
     <SimpleData name="Cls_To">
      4
     </SimpleData>
     <SimpleData name="Email">
      louisconventhighschool@gmail.com
     </SimpleData>
     <SimpleData name="GoogleMaps">
      https://www.google.com/maps/search/?api=1&amp;query=19.1270749996173,72.8242330004253
     </SimpleData>
     <SimpleData name="Landline_n">
      022-26355465
     </SimpleData>
     <SimpleData name="Lat">
      19.1270749996173
     </SimpleData>
     <SimpleData name="Long">
      72.8242330004253
     </SimpleData>
     <SimpleData name="OBJECTID_1">
      146
     </SimpleData>
     <SimpleData name="Owner_Dept">
      Education Dept
     </SimpleData>
     <SimpleData name="SchName">
      ST LOUIS CONVENT LP
     </SimpleData>
     <SimpleData name="Sch_Type">
      2-Girls
     </SimpleData>
     <SimpleData name="Twitter_Ha">
      @mybmcedu
     </SimpleData>
     <SimpleData name="VillageNam">
      K/E
     </SimpleData>
     <SimpleData name="Website">
      www.stlouisconventhighschool.org
     </SimpleData>
    </SchemaData>
   </ExtendedData>
   <Point>
    <coordinates>
     72.82423300000001,19.127075,0
    </coordinates>
   </Point>
  </Placemark>
  <Placemark>
   <visibility>
    0
   </visibility>
   <name>
    MUMBAI URDU LP
   </name>
   <styleUrl>
    #mumbai_aided_schools_style
   </styleUrl>
   <ExtendedData>
    <SchemaData schemaUrl="#J_mumbai_aided_schools_SIISSSSSISSSSSS">
     <SimpleData name="Address">
      Bld No 3C Andheri United CHS Ltd Near Noor Masjid VP Road Gaondevi Dongri Andheri W Mumbai 400058
     </SimpleData>
     <SimpleData name="Cls_From">
      1
     </SimpleData>
     <SimpleData name="Cls_To">
      4
     </SimpleData>
     <SimpleData name="Email">
      abrarkarai10@gmail.com
     </SimpleData>
     <SimpleData name="GoogleMaps">
      https://www.google.com/maps/search/?api=1&amp;query=19.1202150003575,72.8409499996703
     </SimpleData>
     <SimpleData name="Landline_n">
      022-26280319
     </SimpleData>
     <SimpleData name="Lat">
      19.1202150003575
     </SimpleData>
     <SimpleData name="Long">
      72.8409499996703
     </SimpleData>
     <SimpleData name="OBJECTID_1">
      147
     </SimpleData>
     <SimpleData name="Owner_Dept">
      Education Dept
     </SimpleData>
     <SimpleData name="SchName">
      MUMBAI URDU LP
     </SimpleData>
     <SimpleData name="Sch_Type">
      3-Co-educational
     </SimpleData>
     <SimpleData name="Twitter_Ha">
      @mybmcedu
     </SimpleData>
     <SimpleData name="VillageNam">
      K/E
     </SimpleData>
     <SimpleData name="Website">
      www.education.maharashtra.gov.in/saral/27220400430
     </SimpleData>
    </SchemaData>
   </ExtendedData>
   <Point>
    <coordinates>
     72.84095000000001,19.120215,0
    </coordinates>
   </Point>
  </Placemark>
  <Placemark>
   <visibility>
    0
   </visibility>
   <name>
    SHREE RAM WELFARE SOCIETY HIGH SCHOOL
   </name>
   <styleUrl>
    #mumbai_aided_schools_style
   </styleUrl>
   <ExtendedData>
    <SchemaData schemaUrl="#J_mumbai_aided_schools_SIISSSSSISSSSSS">
     <SimpleData name="Address">
      Shree Ram Nagar  Opp S V Road  Andheri  west Mumbai 400 058
     </SimpleData>
     <SimpleData name="Cls_From">
      1
     </SimpleData>
     <SimpleData name="Cls_To">
      4
     </SimpleData>
     <SimpleData name="Email">
      srwsprimary@yahoo.in
     </SimpleData>
     <SimpleData name="GoogleMaps">
      https://www.google.com/maps/search/?api=1&amp;query=19.1180759995433,72.8409599993079
     </SimpleData>
     <SimpleData name="Landline_n">
      022-26208434
     </SimpleData>
     <SimpleData name="Lat">
      19.1180759995433
     </SimpleData>
     <SimpleData name="Long">
      72.8409599993079
     </SimpleData>
     <SimpleData name="OBJECTID_1">
      148
     </SimpleData>
     <SimpleData name="Owner_Dept">
      Education Dept
     </SimpleData>
     <SimpleData name="SchName">
      SHREE RAM WELFARE SOCIETY HIGH SCHOOL
     </SimpleData>
     <SimpleData name="Sch_Type">
      3-Co-educational
     </SimpleData>
     <SimpleData name="Twitter_Ha">
      @mybmcedu
     </SimpleData>
     <SimpleData name="VillageNam">
      K/E
     </SimpleData>
     <SimpleData name="Website">
      srws.org.in
     </SimpleData>
    </SchemaData>
   </ExtendedData>
   <Point>
    <coordinates>
     72.84096,19.118076,0
    </coordinates>
   </Point>
  </Placemark>
  <Placemark>
   <visibility>
    0
   </visibility>
   <name>
    NAVJIVAN KALYAN VIDYALAYA
   </name>
   <styleUrl>
    #mumbai_aided_schools_style
   </styleUrl>
   <ExtendedData>
    <SchemaData schemaUrl="#J_mumbai_aided_schools_SIISSSSSISSSSSS">
     <SimpleData name="Address">
      Behram Baug jogeshwari West Mumbai 102
     </SimpleData>
     <SimpleData name="Cls_From">
      1
     </SimpleData>
     <SimpleData name="Cls_To">
      4
     </SimpleData>
     <SimpleData name="Email">
      nkvidyalaya@yahoo.in
     </SimpleData>
     <SimpleData name="GoogleMaps">
      https://www.google.com/maps/search/?api=1&amp;query=19.1428580004209,72.8368300000691
     </SimpleData>
     <SimpleData name="Landline_n">
      022-26731666
     </SimpleData>
     <SimpleData name="Lat">
      19.1428580004209
     </SimpleData>
     <SimpleData name="Long">
      72.8368300000691
     </SimpleData>
     <SimpleData name="OBJECTID_1">
      149
     </SimpleData>
     <SimpleData name="Owner_Dept">
      Education Dept
     </SimpleData>
     <SimpleData name="SchName">
      NAVJIVAN KALYAN VIDYALAYA
     </SimpleData>
     <SimpleData name="Sch_Type">
      3-Co-educational
     </SimpleData>
     <SimpleData name="Twitter_Ha">
      @mybmcedu
     </SimpleData>
     <SimpleData name="VillageNam">
      K/E
     </SimpleData>
     <SimpleData name="Website">
      education.maharashtra.gov.in/saral/27220400439
     </SimpleData>
    </SchemaData>
   </ExtendedData>
   <Point>
    <coordinates>
     72.83683000000001,19.142858,0
    </coordinates>
   </Point>
  </Placemark>
  <Placemark>
   <visibility>
    0
   </visibility>
   <name>
    ABDULLA QURESHI HINDI LP
   </name>
   <styleUrl>
    #mumbai_aided_schools_style
   </styleUrl>
   <ExtendedData>
    <SchemaData schemaUrl="#J_mumbai_aided_schools_SIISSSSSISSSSSS">
     <SimpleData name="Address">
      Patelwadi , Behrambaug, Jogeshwari West
     </SimpleData>
     <SimpleData name="Cls_From">
      1
     </SimpleData>
     <SimpleData name="Cls_To">
      4
     </SimpleData>
     <SimpleData name="Email">
      rajesh4528319@gmail.com
     </SimpleData>
     <SimpleData name="GoogleMaps">
      https://www.google.com/maps/search/?api=1&amp;query=19.1410119997776,72.8366369998367
     </SimpleData>
     <SimpleData name="Landline_n">
      022-26731708
     </SimpleData>
     <SimpleData name="Lat">
      19.1410119997776
     </SimpleData>
     <SimpleData name="Long">
      72.8366369998367
     </SimpleData>
     <SimpleData name="OBJECTID_1">
      150
     </SimpleData>
     <SimpleData name="Owner_Dept">
      Education Dept
     </SimpleData>
     <SimpleData name="SchName">
      ABDULLA QURESHI HINDI LP
     </SimpleData>
     <SimpleData name="Sch_Type">
      3-Co-educational
     </SimpleData>
     <SimpleData name="Twitter_Ha">
      @mybmcedu
     </SimpleData>
     <SimpleData name="VillageNam">
      K/E
     </SimpleData>
     <SimpleData name="Website">
      education.maharashtra.gov.in/saral/27220400440
     </SimpleData>
    </SchemaData>
   </ExtendedData>
   <Point>
    <coordinates>
     72.836637,19.141012,0
    </coordinates>
   </Point>
  </Placemark>
  <Placemark>
   <visibility>
    0
   </visibility>
   <name>
    ST CATHERINES LP MAR
   </name>
   <styleUrl>
    #mumbai_aided_schools_style
   </styleUrl>
   <ExtendedData>
    <SchemaData schemaUrl="#J_mumbai_aided_schools_SIISSSSSISSSSSS">
     <SimpleData name="Address">
      ST CATHERINES HOME VEERA DESAI ROAD ANDHERI WEST 400058
     </SimpleData>
     <SimpleData name="Cls_From">
      1
     </SimpleData>
     <SimpleData name="Cls_To">
      4
     </SimpleData>
     <SimpleData name="Email">
      srloretadias@gmail.com
     </SimpleData>
     <SimpleData name="GoogleMaps">
      https://www.google.com/maps/search/?api=1&amp;query=19.1339810000316,72.840659000571
     </SimpleData>
     <SimpleData name="Landline_n">
      022-26760953
     </SimpleData>
     <SimpleData name="Lat">
      19.1339810000316
     </SimpleData>
     <SimpleData name="Long">
      72.840659000571
     </SimpleData>
     <SimpleData name="OBJECTID_1">
      151
     </SimpleData>
     <SimpleData name="Owner_Dept">
      Education Dept
     </SimpleData>
     <SimpleData name="SchName">
      ST CATHERINES LP MAR
     </SimpleData>
     <SimpleData name="Sch_Type">
      3-Co-educational
     </SimpleData>
     <SimpleData name="Twitter_Ha">
      @mybmcedu
     </SimpleData>
     <SimpleData name="VillageNam">
      K/E
     </SimpleData>
     <SimpleData name="Website">
      education.maharashtra.gov.in/saral/27220400465
     </SimpleData>
    </SchemaData>
   </ExtendedData>
   <Point>
    <coordinates>
     72.840659,19.133981,0
    </coordinates>
   </Point>
  </Placemark>
  <Placemark>
   <visibility>
    0
   </visibility>
   <name>
    FAROOQ LP
   </name>
   <styleUrl>
    #mumbai_aided_schools_style
   </styleUrl>
   <ExtendedData>
    <SchemaData schemaUrl="#J_mumbai_aided_schools_SIISSSSSISSSSSS">
     <SimpleData name="Address">
      Memon Colony SV Road Jogeshwari West Mumbai
     </SimpleData>
     <SimpleData name="Cls_From">
      1
     </SimpleData>
     <SimpleData name="Cls_To">
      4
     </SimpleData>
     <SimpleData name="Email">
      farooqprimaryschool@yahoo.in
     </SimpleData>
     <SimpleData name="GoogleMaps">
      https://www.google.com/maps/search/?api=1&amp;query=19.1317570000527,72.8473480006412
     </SimpleData>
     <SimpleData name="Landline_n">
      022-26788164
     </SimpleData>
     <SimpleData name="Lat">
      19.1317570000527
     </SimpleData>
     <SimpleData name="Long">
      72.8473480006412
     </SimpleData>
     <SimpleData name="OBJECTID_1">
      152
     </SimpleData>
     <SimpleData name="Owner_Dept">
      Education Dept
     </SimpleData>
     <SimpleData name="SchName">
      FAROOQ LP
     </SimpleData>
     <SimpleData name="Sch_Type">
      3-Co-educational
     </SimpleData>
     <SimpleData name="Twitter_Ha">
      @mybmcedu
     </SimpleData>
     <SimpleData name="VillageNam">
      K/E
     </SimpleData>
     <SimpleData name="Website">
      education.maharashtra.gov.in/saral/27220400466
     </SimpleData>
    </SchemaData>
   </ExtendedData>
   <Point>
    <coordinates>
     72.847348,19.131757,0
    </coordinates>
   </Point>
  </Placemark>
  <Placemark>
   <visibility>
    0
   </visibility>
   <name>
    MADNI LP URDU
   </name>
   <styleUrl>
    #mumbai_aided_schools_style
   </styleUrl>
   <ExtendedData>
    <SchemaData schemaUrl="#J_mumbai_aided_schools_SIISSSSSISSSSSS">
     <SimpleData name="Address">
      Momin Nagar, Maulana Asad Madni Road, Jogeshwari  west Mumbai - 102.
     </SimpleData>
     <SimpleData name="Cls_From">
      1
     </SimpleData>
     <SimpleData name="Cls_To">
      4
     </SimpleData>
     <SimpleData name="Email">
      madniprimaryurduschool123@gmail.com
     </SimpleData>
     <SimpleData name="GoogleMaps">
      https://www.google.com/maps/search/?api=1&amp;query=19.1405109996955,72.8463809995931
     </SimpleData>
     <SimpleData name="Landline_n">
      022-0
     </SimpleData>
     <SimpleData name="Lat">
      19.1405109996955
     </SimpleData>
     <SimpleData name="Long">
      72.8463809995931
     </SimpleData>
     <SimpleData name="OBJECTID_1">
      153
     </SimpleData>
     <SimpleData name="Owner_Dept">
      Education Dept
     </SimpleData>
     <SimpleData name="SchName">
      MADNI LP URDU
     </SimpleData>
     <SimpleData name="Sch_Type">
      3-Co-educational
     </SimpleData>
     <SimpleData name="Twitter_Ha">
      @mybmcedu
     </SimpleData>
     <SimpleData name="VillageNam">
      K/E
     </SimpleData>
     <SimpleData name="Website">
      education.maharashtra.gov.in/saral/27220400471
     </SimpleData>
    </SchemaData>
   </ExtendedData>
   <Point>
    <coordinates>
     72.84638099999999,19.140511,0
    </coordinates>
   </Point>
  </Placemark>
  <Placemark>
   <visibility>
    0
   </visibility>
   <name>
    DNYANSAGAR VIDYALAYA LP
   </name>
   <styleUrl>
    #mumbai_aided_schools_style
   </styleUrl>
   <ExtendedData>
    <SchemaData schemaUrl="#J_mumbai_aided_schools_SIISSSSSISSSSSS">
     <SimpleData name="Address">
      Ganesh Nagar ,Behram Baug,Jogeshwari West,Mumbai-400102
     </SimpleData>
     <SimpleData name="Cls_From">
      1
     </SimpleData>
     <SimpleData name="Cls_To">
      4
     </SimpleData>
     <SimpleData name="Email">
      dnyansagarvidyalayaprimery@gmail.com
     </SimpleData>
     <SimpleData name="GoogleMaps">
      https://www.google.com/maps/search/?api=1&amp;query=19.1450710002483,72.8336310001675
     </SimpleData>
     <SimpleData name="Landline_n">
      022-26749405
     </SimpleData>
     <SimpleData name="Lat">
      19.1450710002483
     </SimpleData>
     <SimpleData name="Long">
      72.8336310001675
     </SimpleData>
     <SimpleData name="OBJECTID_1">
      154
     </SimpleData>
     <SimpleData name="Owner_Dept">
      Education Dept
     </SimpleData>
     <SimpleData name="SchName">
      DNYANSAGAR VIDYALAYA LP
     </SimpleData>
     <SimpleData name="Sch_Type">
      3-Co-educational
     </SimpleData>
     <SimpleData name="Twitter_Ha">
      @mybmcedu
     </SimpleData>
     <SimpleData name="VillageNam">
      K/E
     </SimpleData>
     <SimpleData name="Website">
     </SimpleData>
    </SchemaData>
   </ExtendedData>
   <Point>
    <coordinates>
     72.833631,19.145071,0
    </coordinates>
   </Point>
  </Placemark>
  <Placemark>
   <visibility>
    0
   </visibility>
   <name>
    AL ITTEHAD URDU LP
   </name>
   <styleUrl>
    #mumbai_aided_schools_style
   </styleUrl>
   <ExtendedData>
    <SchemaData schemaUrl="#J_mumbai_aided_schools_SIISSSSSISSSSSS">
     <SimpleData name="Address">
      Gulshan Nagar R.m road jogeshwari west
     </SimpleData>
     <SimpleData name="Cls_From">
      1
     </SimpleData>
     <SimpleData name="Cls_To">
      4
     </SimpleData>
     <SimpleData name="Email">
      alittehadurduprimaryschool@gmail.com
     </SimpleData>
     <SimpleData name="GoogleMaps">
      https://www.google.com/maps/search/?api=1&amp;query=19.1476560001467,72.8383120003122
     </SimpleData>
     <SimpleData name="Landline_n">
      022-26784918
     </SimpleData>
     <SimpleData name="Lat">
      19.1476560001467
     </SimpleData>
     <SimpleData name="Long">
      72.8383120003122
     </SimpleData>
     <SimpleData name="OBJECTID_1">
      155
     </SimpleData>
     <SimpleData name="Owner_Dept">
      Education Dept
     </SimpleData>
     <SimpleData name="SchName">
      AL ITTEHAD URDU LP
     </SimpleData>
     <SimpleData name="Sch_Type">
      3-Co-educational
     </SimpleData>
     <SimpleData name="Twitter_Ha">
      @mybmcedu
     </SimpleData>
     <SimpleData name="VillageNam">
      K/E
     </SimpleData>
     <SimpleData name="Website">
      education.maharashtra.gov.in/saral/27220400489
     </SimpleData>
    </SchemaData>
   </ExtendedData>
   <Point>
    <coordinates>
     72.838312,19.147656,0
    </coordinates>
   </Point>
  </Placemark>
  <Placemark>
   <visibility>
    0
   </visibility>
   <name>
    ST STANISLAUS HIGH SCHOOL LP
   </name>
   <styleUrl>
    #mumbai_aided_schools_style
   </styleUrl>
   <ExtendedData>
    <SchemaData schemaUrl="#J_mumbai_aided_schools_SIISSSSSISSSSSS">
     <SimpleData name="Address">
      St. Peters Church Stop Hill Road Bandra West Mumbai 400050
     </SimpleData>
     <SimpleData name="Cls_From">
      1
     </SimpleData>
     <SimpleData name="Cls_To">
      4
     </SimpleData>
     <SimpleData name="Email">
      headmistress@stanislausbandra.in
     </SimpleData>
     <SimpleData name="GoogleMaps">
      https://www.google.com/maps/search/?api=1&amp;query=19.0558000004435,72.8334790001674
     </SimpleData>
     <SimpleData name="Landline_n">
      022-26430386
     </SimpleData>
     <SimpleData name="Lat">
      19.0558000004435
     </SimpleData>
     <SimpleData name="Long">
      72.8334790001674
     </SimpleData>
     <SimpleData name="OBJECTID_1">
      156
     </SimpleData>
     <SimpleData name="Owner_Dept">
      Education Dept
     </SimpleData>
     <SimpleData name="SchName">
      ST STANISLAUS HIGH SCHOOL LP
     </SimpleData>
     <SimpleData name="Sch_Type">
      1-Boys
     </SimpleData>
     <SimpleData name="Twitter_Ha">
      @mybmcedu
     </SimpleData>
     <SimpleData name="VillageNam">
      H/W -WARD
     </SimpleData>
     <SimpleData name="Website">
      education.maharashtra.gov.in/saral/27220500102
     </SimpleData>
    </SchemaData>
   </ExtendedData>
   <Point>
    <coordinates>
     72.833479,19.0558,0
    </coordinates>
   </Point>
  </Placemark>
  <Placemark>
   <visibility>
    0
   </visibility>
   <name>
    ST FRANCIS XAVIER SCHOOL
   </name>
   <styleUrl>
    #mumbai_aided_schools_style
   </styleUrl>
   <ExtendedData>
    <SchemaData schemaUrl="#J_mumbai_aided_schools_SIISSSSSISSSSSS">
     <SimpleData name="Address">
      9 Sherly. Off Carter Rd. Bandra West. Mum - 50
     </SimpleData>
     <SimpleData name="Cls_From">
      1
     </SimpleData>
     <SimpleData name="Cls_To">
      4
     </SimpleData>
     <SimpleData name="Email">
      st.francis.bandra@gmail.com
     </SimpleData>
     <SimpleData name="GoogleMaps">
      https://www.google.com/maps/search/?api=1&amp;query=19.0659420002806,72.8238279998171
     </SimpleData>
     <SimpleData name="Landline_n">
      022-26008257
     </SimpleData>
     <SimpleData name="Lat">
      19.0659420002806
     </SimpleData>
     <SimpleData name="Long">
      72.8238279998171
     </SimpleData>
     <SimpleData name="OBJECTID_1">
      157
     </SimpleData>
     <SimpleData name="Owner_Dept">
      Education Dept
     </SimpleData>
     <SimpleData name="SchName">
      ST FRANCIS XAVIER SCHOOL
     </SimpleData>
     <SimpleData name="Sch_Type">
      3-Co-educational
     </SimpleData>
     <SimpleData name="Twitter_Ha">
      @mybmcedu
     </SimpleData>
     <SimpleData name="VillageNam">
      H/W -WARD
     </SimpleData>
     <SimpleData name="Website">
      ecation.maharashtra.gov.in/saral/27220500122
     </SimpleData>
    </SchemaData>
   </ExtendedData>
   <Point>
    <coordinates>
     72.82382800000001,19.065942,0
    </coordinates>
   </Point>
  </Placemark>
  <Placemark>
   <visibility>
    0
   </visibility>
   <name>
    SANE GURUJI VIDYA MANDIR LPMAR
   </name>
   <styleUrl>
    #mumbai_aided_schools_style
   </styleUrl>
   <ExtendedData>
    <SchemaData schemaUrl="#J_mumbai_aided_schools_SIISSSSSISSSSSS">
     <SimpleData name="Address">
      santakruz west , Mumbai
     </SimpleData>
     <SimpleData name="Cls_From">
      1
     </SimpleData>
     <SimpleData name="Cls_To">
      4
     </SimpleData>
     <SimpleData name="Email">
      sanegurujiv@gmail.com
     </SimpleData>
     <SimpleData name="GoogleMaps">
      https://www.google.com/maps/search/?api=1&amp;query=19.0892809998884,72.8366160000946
     </SimpleData>
     <SimpleData name="Landline_n">
      022-26613099
     </SimpleData>
     <SimpleData name="Lat">
      19.0892809998884
     </SimpleData>
     <SimpleData name="Long">
      72.8366160000946
     </SimpleData>
     <SimpleData name="OBJECTID_1">
      158
     </SimpleData>
     <SimpleData name="Owner_Dept">
      Education Dept
     </SimpleData>
     <SimpleData name="SchName">
      SANE GURUJI VIDYA MANDIR LPMAR
     </SimpleData>
     <SimpleData name="Sch_Type">
      3-Co-educational
     </SimpleData>
     <SimpleData name="Twitter_Ha">
      @mybmcedu
     </SimpleData>
     <SimpleData name="VillageNam">
      H/W -WARD
     </SimpleData>
     <SimpleData name="Website">
      educaion.maharastra.gov.in/saral/27220500
     </SimpleData>
    </SchemaData>
   </ExtendedData>
   <Point>
    <coordinates>
     72.83661600000001,19.089281,0
    </coordinates>
   </Point>
  </Placemark>
  <Placemark>
   <visibility>
    0
   </visibility>
   <name>
    GODAVARIBAI PODAR  LP MAR
   </name>
   <styleUrl>
    #mumbai_aided_schools_style
   </styleUrl>
   <ExtendedData>
    <SchemaData schemaUrl="#J_mumbai_aided_schools_SIISSSSSISSSSSS">
     <SimpleData name="Address">
      mumbai mahanagarpalika
     </SimpleData>
     <SimpleData name="Cls_From">
      1
     </SimpleData>
     <SimpleData name="Cls_To">
      4
     </SimpleData>
     <SimpleData name="Email">
      principal.marathi@poday.org
     </SimpleData>
     <SimpleData name="GoogleMaps">
      https://www.google.com/maps/search/?api=1&amp;query=19.081227843816055,72.83750499275087
     </SimpleData>
     <SimpleData name="Landline_n">
      022-0
     </SimpleData>
     <SimpleData name="Lat">
      19.081227843816055
     </SimpleData>
     <SimpleData name="Long">
      72.83750499275087
     </SimpleData>
     <SimpleData name="OBJECTID_1">
      159
     </SimpleData>
     <SimpleData name="Owner_Dept">
      Education Dept
     </SimpleData>
     <SimpleData name="SchName">
      GODAVARIBAI PODAR  LP MAR
     </SimpleData>
     <SimpleData name="Sch_Type">
      3-Co-educational
     </SimpleData>
     <SimpleData name="Twitter_Ha">
      @mybmcedu
     </SimpleData>
     <SimpleData name="VillageNam">
      H/W -WARD
     </SimpleData>
     <SimpleData name="Website">
      podar.org
     </SimpleData>
    </SchemaData>
   </ExtendedData>
   <Point>
    <coordinates>
     72.837504,19.081227,0
    </coordinates>
   </Point>
  </Placemark>
  <Placemark>
   <visibility>
    0
   </visibility>
   <name>
    MAHADEVI PODAR PRATHAMIK VIDYALAY
   </name>
   <styleUrl>
    #mumbai_aided_schools_style
   </styleUrl>
   <ExtendedData>
    <SchemaData schemaUrl="#J_mumbai_aided_schools_SIISSSSSISSSSSS">
     <SimpleData name="Address">
      Podar Sports Ground,link Road,Near Santacruz Police Station,Santacruz West,Mumbai-400054
     </SimpleData>
     <SimpleData name="Cls_From">
      1
     </SimpleData>
     <SimpleData name="Cls_To">
      4
     </SimpleData>
     <SimpleData name="Email">
      priheadmaster.podarvidyalay@podar.org
     </SimpleData>
     <SimpleData name="GoogleMaps">
      https://www.google.com/maps/search/?api=1&amp;query=19.0836039999981,72.8335729994552
     </SimpleData>
     <SimpleData name="Landline_n">
      022-26601741
     </SimpleData>
     <SimpleData name="Lat">
      19.0836039999981
     </SimpleData>
     <SimpleData name="Long">
      72.8335729994552
     </SimpleData>
     <SimpleData name="OBJECTID_1">
      160
     </SimpleData>
     <SimpleData name="Owner_Dept">
      Education Dept
     </SimpleData>
     <SimpleData name="SchName">
      MAHADEVI PODAR PRATHAMIK VIDYALAY
     </SimpleData>
     <SimpleData name="Sch_Type">
      3-Co-educational
     </SimpleData>
     <SimpleData name="Twitter_Ha">
      @mybmcedu
     </SimpleData>
     <SimpleData name="VillageNam">
      H/W -WARD
     </SimpleData>
     <SimpleData name="Website">
      www.podar.org
     </SimpleData>
    </SchemaData>
   </ExtendedData>
   <Point>
    <coordinates>
     72.833573,19.083604,0
    </coordinates>
   </Point>
  </Placemark>
  <Placemark>
   <visibility>
    0
   </visibility>
   <name>
    TARABEN MASTER ENG LP
   </name>
   <styleUrl>
    #mumbai_aided_schools_style
   </styleUrl>
   <ExtendedData>
    <SchemaData schemaUrl="#J_mumbai_aided_schools_SIISSSSSISSSSSS">
     <SimpleData name="Address">
      85,B TPS-II, JUHU ROAD, SANTACRUZ WEST,MUMBAI-54
     </SimpleData>
     <SimpleData name="Cls_From">
      1
     </SimpleData>
     <SimpleData name="Cls_To">
      4
     </SimpleData>
     <SimpleData name="Email">
      tarabenmasterschool@gmail.com
     </SimpleData>
     <SimpleData name="GoogleMaps">
      https://www.google.com/maps/search/?api=1&amp;query=19.084968000057,72.8330469995109
     </SimpleData>
     <SimpleData name="Landline_n">
      022-26608417
     </SimpleData>
     <SimpleData name="Lat">
      19.084968000057
     </SimpleData>
     <SimpleData name="Long">
      72.8330469995109
     </SimpleData>
     <SimpleData name="OBJECTID_1">
      161
     </SimpleData>
     <SimpleData name="Owner_Dept">
      Education Dept
     </SimpleData>
     <SimpleData name="SchName">
      TARABEN MASTER ENG LP
     </SimpleData>
     <SimpleData name="Sch_Type">
      3-Co-educational
     </SimpleData>
     <SimpleData name="Twitter_Ha">
      @mybmcedu
     </SimpleData>
     <SimpleData name="VillageNam">
      H/W -WARD
     </SimpleData>
     <SimpleData name="Website">
      education.maharashtra.gov.in/saral/27220500143
     </SimpleData>
    </SchemaData>
   </ExtendedData>
   <Point>
    <coordinates>
     72.83304699999999,19.084968,0
    </coordinates>
   </Point>
  </Placemark>
  <Placemark>
   <visibility>
    0
   </visibility>
   <name>
    BANDRA URDU LP
   </name>
   <styleUrl>
    #mumbai_aided_schools_style
   </styleUrl>
   <ExtendedData>
    <SchemaData schemaUrl="#J_mumbai_aided_schools_SIISSSSSISSSSSS">
     <SimpleData name="Address">
      s v road bandra west mumbai 50
     </SimpleData>
     <SimpleData name="Cls_From">
      1
     </SimpleData>
     <SimpleData name="Cls_To">
      4
     </SimpleData>
     <SimpleData name="Email">
      bandraurduprimaryschool@yahoo.in
     </SimpleData>
     <SimpleData name="GoogleMaps">
      https://www.google.com/maps/search/?api=1&amp;query=19.0525769999221,72.8385999998463
     </SimpleData>
     <SimpleData name="Landline_n">
      022-26559579
     </SimpleData>
     <SimpleData name="Lat">
      19.0525769999221
     </SimpleData>
     <SimpleData name="Long">
      72.8385999998463
     </SimpleData>
     <SimpleData name="OBJECTID_1">
      162
     </SimpleData>
     <SimpleData name="Owner_Dept">
      Education Dept
     </SimpleData>
     <SimpleData name="SchName">
      BANDRA URDU LP
     </SimpleData>
     <SimpleData name="Sch_Type">
      3-Co-educational
     </SimpleData>
     <SimpleData name="Twitter_Ha">
      @mybmcedu
     </SimpleData>
     <SimpleData name="VillageNam">
      H/W -WARD
     </SimpleData>
     <SimpleData name="Website">
      education.maharashtra.gov.in/saral/27220500172
     </SimpleData>
    </SchemaData>
   </ExtendedData>
   <Point>
    <coordinates>
     72.8386,19.052577,0
    </coordinates>
   </Point>
  </Placemark>
  <Placemark>
   <visibility>
    0
   </visibility>
   <name>
    GURU NANAK ENGLISH PRIMARY SCHOOL
   </name>
   <styleUrl>
    #mumbai_aided_schools_style
   </styleUrl>
   <ExtendedData>
    <SchemaData schemaUrl="#J_mumbai_aided_schools_SIISSSSSISSSSSS">
     <SimpleData name="Address">
      Sri Guru Gobindsingh Marg 3rd Road, Khar West Mumbai 400 052
     </SimpleData>
     <SimpleData name="Cls_From">
      1
     </SimpleData>
     <SimpleData name="Cls_To">
      4
     </SimpleData>
     <SimpleData name="Email">
      gurunanakprimaryschool@yahoo.in
     </SimpleData>
     <SimpleData name="GoogleMaps">
      https://www.google.com/maps/search/?api=1&amp;query=19.0664920001574,72.83913200037
     </SimpleData>
     <SimpleData name="Landline_n">
      022-26480255
     </SimpleData>
     <SimpleData name="Lat">
      19.0664920001574
     </SimpleData>
     <SimpleData name="Long">
      72.83913200037
     </SimpleData>
     <SimpleData name="OBJECTID_1">
      163
     </SimpleData>
     <SimpleData name="Owner_Dept">
      Education Dept
     </SimpleData>
     <SimpleData name="SchName">
      GURU NANAK ENGLISH PRIMARY SCHOOL
     </SimpleData>
     <SimpleData name="Sch_Type">
      3-Co-educational
     </SimpleData>
     <SimpleData name="Twitter_Ha">
      @mybmcedu
     </SimpleData>
     <SimpleData name="VillageNam">
      H/W -WARD
     </SimpleData>
     <SimpleData name="Website">
      education.maharashtra.gov.in/saral/27220500117
     </SimpleData>
    </SchemaData>
   </ExtendedData>
   <Point>
    <coordinates>
     72.83913200000001,19.066492,0
    </coordinates>
   </Point>
  </Placemark>
  <Placemark>
   <visibility>
    0
   </visibility>
   <name>
    BALAK VIHAR M GANDHI VIDYAMAND
   </name>
   <styleUrl>
    #mumbai_aided_schools_style
   </styleUrl>
   <ExtendedData>
    <SchemaData schemaUrl="#J_mumbai_aided_schools_SIISSSSSISSSSSS">
     <SimpleData name="Address">
      GOVERNEMENT COLONY PRIN. J. L. SHIRSEKAR MARG. BANDRA EAST MUMBAI 400051
     </SimpleData>
     <SimpleData name="Cls_From">
      1
     </SimpleData>
     <SimpleData name="Cls_To">
      4
     </SimpleData>
     <SimpleData name="Email">
      balakviharprimarysection@yahoo.in
     </SimpleData>
     <SimpleData name="GoogleMaps">
      https://www.google.com/maps/search/?api=1&amp;query=19.0634420002474,72.8502899999959
     </SimpleData>
     <SimpleData name="Landline_n">
      022-26401299
     </SimpleData>
     <SimpleData name="Lat">
      19.0634420002474
     </SimpleData>
     <SimpleData name="Long">
      72.8502899999959
     </SimpleData>
     <SimpleData name="OBJECTID_1">
      164
     </SimpleData>
     <SimpleData name="Owner_Dept">
      Education Dept
     </SimpleData>
     <SimpleData name="SchName">
      BALAK VIHAR M GANDHI VIDYAMAND
     </SimpleData>
     <SimpleData name="Sch_Type">
      3-Co-educational
     </SimpleData>
     <SimpleData name="Twitter_Ha">
      @mybmcedu
     </SimpleData>
     <SimpleData name="VillageNam">
      H/E -WARD
     </SimpleData>
     <SimpleData name="Website">
      educaion.maharashtra.gov.in/saral/27220500227
     </SimpleData>
    </SchemaData>
   </ExtendedData>
   <Point>
    <coordinates>
     72.85029,19.063442,0
    </coordinates>
   </Point>
  </Placemark>
  <Placemark>
   <visibility>
    0
   </visibility>
   <name>
    IES HARNE GURUJI VIDYALAYA
   </name>
   <styleUrl>
    #mumbai_aided_schools_style
   </styleUrl>
   <ExtendedData>
    <SchemaData schemaUrl="#J_mumbai_aided_schools_SIISSSSSISSSSSS">
     <SimpleData name="Address">
      ies harne guruji primary school bandra
     </SimpleData>
     <SimpleData name="Cls_From">
      1
     </SimpleData>
     <SimpleData name="Cls_To">
      4
     </SimpleData>
     <SimpleData name="Email">
      hgv.primary.marathi@ies.edu
     </SimpleData>
     <SimpleData name="GoogleMaps">
      https://www.google.com/maps/search/?api=1&amp;query=19.0675119999991,72.848537000077
     </SimpleData>
     <SimpleData name="Landline_n">
      022-26570730
     </SimpleData>
     <SimpleData name="Lat">
      19.0675119999991
     </SimpleData>
     <SimpleData name="Long">
      72.848537000077
     </SimpleData>
     <SimpleData name="OBJECTID_1">
      165
     </SimpleData>
     <SimpleData name="Owner_Dept">
      Education Dept
     </SimpleData>
     <SimpleData name="SchName">
      IES HARNE GURUJI VIDYALAYA
     </SimpleData>
     <SimpleData name="Sch_Type">
      3-Co-educational
     </SimpleData>
     <SimpleData name="Twitter_Ha">
      @mybmcedu
     </SimpleData>
     <SimpleData name="VillageNam">
      H/E -WARD
     </SimpleData>
     <SimpleData name="Website">
     </SimpleData>
    </SchemaData>
   </ExtendedData>
   <Point>
    <coordinates>
     72.84853699999999,19.067512,0
    </coordinates>
   </Point>
  </Placemark>
  <Placemark>
   <visibility>
    0
   </visibility>
   <name>
    ANUYOG VIDYALAYA LP MAR
   </name>
   <styleUrl>
    #mumbai_aided_schools_style
   </styleUrl>
   <ExtendedData>
    <SchemaData schemaUrl="#J_mumbai_aided_schools_SIISSSSSISSSSSS">
     <SimpleData name="Address">
      ADARSH LANE JAWAHAR NAGAR KHAR EAST
     </SimpleData>
     <SimpleData name="Cls_From">
      1
     </SimpleData>
     <SimpleData name="Cls_To">
      4
     </SimpleData>
     <SimpleData name="Email">
      vanuyog@yahoo.co.in
     </SimpleData>
     <SimpleData name="GoogleMaps">
      https://www.google.com/maps/search/?api=1&amp;query=19.0675619999117,72.8424409994027
     </SimpleData>
     <SimpleData name="Landline_n">
      022-26471588
     </SimpleData>
     <SimpleData name="Lat">
      19.0675619999117
     </SimpleData>
     <SimpleData name="Long">
      72.8424409994027
     </SimpleData>
     <SimpleData name="OBJECTID_1">
      166
     </SimpleData>
     <SimpleData name="Owner_Dept">
      Education Dept
     </SimpleData>
     <SimpleData name="SchName">
      ANUYOG VIDYALAYA LP MAR
     </SimpleData>
     <SimpleData name="Sch_Type">
      3-Co-educational
     </SimpleData>
     <SimpleData name="Twitter_Ha">
      @mybmcedu
     </SimpleData>
     <SimpleData name="VillageNam">
      H/E -WARD
     </SimpleData>
     <SimpleData name="Website">
     </SimpleData>
    </SchemaData>
   </ExtendedData>
   <Point>
    <coordinates>
     72.84244099999999,19.067562,0
    </coordinates>
   </Point>
  </Placemark>
  <Placemark>
   <visibility>
    0
   </visibility>
   <name>
    RAJE SAMBHAJI VIDYALAYA LP MAR
   </name>
   <styleUrl>
    #mumbai_aided_schools_style
   </styleUrl>
   <ExtendedData>
    <SchemaData schemaUrl="#J_mumbai_aided_schools_SIISSSSSISSSSSS">
     <SimpleData name="Address">
      Patel Nagar Golibar Colony Santacurz E Mumbai 55
     </SimpleData>
     <SimpleData name="Cls_From">
      1
     </SimpleData>
     <SimpleData name="Cls_To">
      4
     </SimpleData>
     <SimpleData name="Email">
      rajesambhajividyalaya@yahoo.co.in
     </SimpleData>
     <SimpleData name="GoogleMaps">
      https://www.google.com/maps/search/?api=1&amp;query=19.0749620000791,72.845206999998
     </SimpleData>
     <SimpleData name="Landline_n">
      022-26192780
     </SimpleData>
     <SimpleData name="Lat">
      19.0749620000791
     </SimpleData>
     <SimpleData name="Long">
      72.845206999998
     </SimpleData>
     <SimpleData name="OBJECTID_1">
      167
     </SimpleData>
     <SimpleData name="Owner_Dept">
      Education Dept
     </SimpleData>
     <SimpleData name="SchName">
      RAJE SAMBHAJI VIDYALAYA LP MAR
     </SimpleData>
     <SimpleData name="Sch_Type">
      3-Co-educational
     </SimpleData>
     <SimpleData name="Twitter_Ha">
      @mybmcedu
     </SimpleData>
     <SimpleData name="VillageNam">
      H/E -WARD
     </SimpleData>
     <SimpleData name="Website">
      education.maharashtra.gov.in
     </SimpleData>
    </SchemaData>
   </ExtendedData>
   <Point>
    <coordinates>
     72.845207,19.074962,0
    </coordinates>
   </Point>
  </Placemark>
  <Placemark>
   <visibility>
    0
   </visibility>
   <name>
    KALINA EDUCATION SOC MARATHI PRI. SCHOOL
   </name>
   <styleUrl>
    #mumbai_aided_schools_style
   </styleUrl>
   <ExtendedData>
    <SchemaData schemaUrl="#J_mumbai_aided_schools_SIISSSSSISSSSSS">
     <SimpleData name="Address">
      Sunder Nagar Kalina Santacruz East Mumbai-400098
     </SimpleData>
     <SimpleData name="Cls_From">
      1
     </SimpleData>
     <SimpleData name="Cls_To">
      4
     </SimpleData>
     <SimpleData name="Email">
      kesmpschool@gmail.com
     </SimpleData>
     <SimpleData name="GoogleMaps">
      https://www.google.com/maps/search/?api=1&amp;query=19.0748849994348,72.863096999837
     </SimpleData>
     <SimpleData name="Landline_n">
      022-26661867
     </SimpleData>
     <SimpleData name="Lat">
      19.0748849994348
     </SimpleData>
     <SimpleData name="Long">
      72.863096999837
     </SimpleData>
     <SimpleData name="OBJECTID_1">
      168
     </SimpleData>
     <SimpleData name="Owner_Dept">
      Education Dept
     </SimpleData>
     <SimpleData name="SchName">
      KALINA EDUCATION SOC MARATHI PRI. SCHOOL
     </SimpleData>
     <SimpleData name="Sch_Type">
      3-Co-educational
     </SimpleData>
     <SimpleData name="Twitter_Ha">
      @mybmcedu
     </SimpleData>
     <SimpleData name="VillageNam">
      H/E -WARD
     </SimpleData>
     <SimpleData name="Website">
      education.maharashtra.gov.in/saral/27220500256
     </SimpleData>
    </SchemaData>
   </ExtendedData>
   <Point>
    <coordinates>
     72.863097,19.074885,0
    </coordinates>
   </Point>
  </Placemark>
  <Placemark>
   <visibility>
    0
   </visibility>
   <name>
    INDIAN AIRLINES IDEAL SCHOOL
   </name>
   <styleUrl>
    #mumbai_aided_schools_style
   </styleUrl>
   <ExtendedData>
    <SchemaData schemaUrl="#J_mumbai_aided_schools_SIISSSSSISSSSSS">
     <SimpleData name="Address">
      Indian Airlines Staff Colony,Kalina,Santacruz-E,Mum-29
     </SimpleData>
     <SimpleData name="Cls_From">
      1
     </SimpleData>
     <SimpleData name="Cls_To">
      4
     </SimpleData>
     <SimpleData name="Email">
      idealschool@gmail.com
     </SimpleData>
     <SimpleData name="GoogleMaps">
      https://www.google.com/maps/search/?api=1&amp;query=19.0804670000834,72.8697419993818
     </SimpleData>
     <SimpleData name="Landline_n">
      022-26660368
     </SimpleData>
     <SimpleData name="Lat">
      19.0804670000834
     </SimpleData>
     <SimpleData name="Long">
      72.8697419993818
     </SimpleData>
     <SimpleData name="OBJECTID_1">
      169
     </SimpleData>
     <SimpleData name="Owner_Dept">
      Education Dept
     </SimpleData>
     <SimpleData name="SchName">
      INDIAN AIRLINES IDEAL SCHOOL
     </SimpleData>
     <SimpleData name="Sch_Type">
      3-Co-educational
     </SimpleData>
     <SimpleData name="Twitter_Ha">
      @mybmcedu
     </SimpleData>
     <SimpleData name="VillageNam">
      H/E -WARD
     </SimpleData>
     <SimpleData name="Website">
      education.maharashtra.gov.in/saral/27220500257
     </SimpleData>
    </SchemaData>
   </ExtendedData>
   <Point>
    <coordinates>
     72.869742,19.080467,0
    </coordinates>
   </Point>
  </Placemark>
  <Placemark>
   <visibility>
    0
   </visibility>
   <name>
    KALINA EDUCATION SOCIETY ENGLISH PRIMARY
   </name>
   <styleUrl>
    #mumbai_aided_schools_style
   </styleUrl>
   <ExtendedData>
    <SchemaData schemaUrl="#J_mumbai_aided_schools_SIISSSSSISSSSSS">
     <SimpleData name="Address">
      SUNDER NAGAR KALINA SANTACRUZ EAST MUMBAI-400098
     </SimpleData>
     <SimpleData name="Cls_From">
      1
     </SimpleData>
     <SimpleData name="Cls_To">
      4
     </SimpleData>
     <SimpleData name="Email">
      kesps98@gmail.com
     </SimpleData>
     <SimpleData name="GoogleMaps">
      https://www.google.com/maps/search/?api=1&amp;query=19.0752670002467,72.8624510001894
     </SimpleData>
     <SimpleData name="Landline_n">
      022-26665728
     </SimpleData>
     <SimpleData name="Lat">
      19.0752670002467
     </SimpleData>
     <SimpleData name="Long">
      72.8624510001894
     </SimpleData>
     <SimpleData name="OBJECTID_1">
      170
     </SimpleData>
     <SimpleData name="Owner_Dept">
      Education Dept
     </SimpleData>
     <SimpleData name="SchName">
      KALINA EDUCATION SOCIETY ENGLISH PRIMARY
     </SimpleData>
     <SimpleData name="Sch_Type">
      3-Co-educational
     </SimpleData>
     <SimpleData name="Twitter_Ha">
      @mybmcedu
     </SimpleData>
     <SimpleData name="VillageNam">
      H/E -WARD
     </SimpleData>
     <SimpleData name="Website">
     </SimpleData>
    </SchemaData>
   </ExtendedData>
   <Point>
    <coordinates>
     72.86245099999999,19.075267,0
    </coordinates>
   </Point>
  </Placemark>
  <Placemark>
   <visibility>
    0
   </visibility>
   <name>
    AIR INDIA MODERN SCHOOL
   </name>
   <styleUrl>
    #mumbai_aided_schools_style
   </styleUrl>
   <ExtendedData>
    <SchemaData schemaUrl="#J_mumbai_aided_schools_SIISSSSSISSSSSS">
     <SimpleData name="Address">
      AIR INDIA STAFF COLONY ASSOCIATION OLD KALINA
     </SimpleData>
     <SimpleData name="Cls_From">
      1
     </SimpleData>
     <SimpleData name="Cls_To">
      4
     </SimpleData>
     <SimpleData name="Email">
      aimsprimary@gmail.com
     </SimpleData>
     <SimpleData name="GoogleMaps">
      https://www.google.com/maps/search/?api=1&amp;query=19.082195999995,72.867156999938
     </SimpleData>
     <SimpleData name="Landline_n">
      022-26157544
     </SimpleData>
     <SimpleData name="Lat">
      19.082195999995
     </SimpleData>
     <SimpleData name="Long">
      72.867156999938
     </SimpleData>
     <SimpleData name="OBJECTID_1">
      171
     </SimpleData>
     <SimpleData name="Owner_Dept">
      Education Dept
     </SimpleData>
     <SimpleData name="SchName">
      AIR INDIA MODERN SCHOOL
     </SimpleData>
     <SimpleData name="Sch_Type">
      3-Co-educational
     </SimpleData>
     <SimpleData name="Twitter_Ha">
      @mybmcedu
     </SimpleData>
     <SimpleData name="VillageNam">
      H/E -WARD
     </SimpleData>
     <SimpleData name="Website">
     </SimpleData>
    </SchemaData>
   </ExtendedData>
   <Point>
    <coordinates>
     72.86715700000001,19.082196,0
    </coordinates>
   </Point>
  </Placemark>
  <Placemark>
   <visibility>
    0
   </visibility>
   <name>
    SAMARTHA VIDYALAYA PRIMARTY SCHOOL
   </name>
   <styleUrl>
    #mumbai_aided_schools_style
   </styleUrl>
   <ExtendedData>
    <SchemaData schemaUrl="#J_mumbai_aided_schools_SIISSSSSISSSSSS">
     <SimpleData name="Address">
      292.CST ROAD .KALINA .SANTACRUZ EAST MUMBAI 400098
     </SimpleData>
     <SimpleData name="Cls_From">
      1
     </SimpleData>
     <SimpleData name="Cls_To">
      4
     </SimpleData>
     <SimpleData name="Email">
      samarthvidyalay@yahoo.com
     </SimpleData>
     <SimpleData name="GoogleMaps">
      https://www.google.com/maps/search/?api=1&amp;query=19.0719389998632,72.8615989997924
     </SimpleData>
     <SimpleData name="Landline_n">
      022-26653438
     </SimpleData>
     <SimpleData name="Lat">
      19.0719389998632
     </SimpleData>
     <SimpleData name="Long">
      72.8615989997924
     </SimpleData>
     <SimpleData name="OBJECTID_1">
      172
     </SimpleData>
     <SimpleData name="Owner_Dept">
      Education Dept
     </SimpleData>
     <SimpleData name="SchName">
      SAMARTHA VIDYALAYA PRIMARTY SCHOOL
     </SimpleData>
     <SimpleData name="Sch_Type">
      3-Co-educational
     </SimpleData>
     <SimpleData name="Twitter_Ha">
      @mybmcedu
     </SimpleData>
     <SimpleData name="VillageNam">
      H/E -WARD
     </SimpleData>
     <SimpleData name="Website">
      education.maharashtra.gov.in/saral/27220500260
     </SimpleData>
    </SchemaData>
   </ExtendedData>
   <Point>
    <coordinates>
     72.861599,19.071939,0
    </coordinates>
   </Point>
  </Placemark>
  <Placemark>
   <visibility>
    0
   </visibility>
   <name>
    PUBLIC HINDI LP SCHOOL
   </name>
   <styleUrl>
    #mumbai_aided_schools_style
   </styleUrl>
   <ExtendedData>
    <SchemaData schemaUrl="#J_mumbai_aided_schools_SIISSSSSISSSSSS">
     <SimpleData name="Address">
      Hind Nagar, Aaram Society Road, Vakola Market, Santacruz East, Mumbai - 55
     </SimpleData>
     <SimpleData name="Cls_From">
      1
     </SimpleData>
     <SimpleData name="Cls_To">
      4
     </SimpleData>
     <SimpleData name="Email">
      hindsevaparishad@gmail.com
     </SimpleData>
     <SimpleData name="GoogleMaps">
      https://www.google.com/maps/search/?api=1&amp;query=19.0779019992393,72.8432429997158
     </SimpleData>
     <SimpleData name="Landline_n">
      022-26673171
     </SimpleData>
     <SimpleData name="Lat">
      19.0779019992393
     </SimpleData>
     <SimpleData name="Long">
      72.8432429997158
     </SimpleData>
     <SimpleData name="OBJECTID_1">
      173
     </SimpleData>
     <SimpleData name="Owner_Dept">
      Education Dept
     </SimpleData>
     <SimpleData name="SchName">
      PUBLIC HINDI LP SCHOOL
     </SimpleData>
     <SimpleData name="Sch_Type">
      3-Co-educational
     </SimpleData>
     <SimpleData name="Twitter_Ha">
      @mybmcedu
     </SimpleData>
     <SimpleData name="VillageNam">
      H/E -WARD
     </SimpleData>
     <SimpleData name="Website">
      education.maharashtra.gov.in/saral/27220500269
     </SimpleData>
    </SchemaData>
   </ExtendedData>
   <Point>
    <coordinates>
     72.843243,19.077902,0
    </coordinates>
   </Point>
  </Placemark>
  <Placemark>
   <visibility>
    0
   </visibility>
   <name>
    SHETH CHIMANLAL NATHURAM SCHOOL
   </name>
   <styleUrl>
    #mumbai_aided_schools_style
   </styleUrl>
   <ExtendedData>
    <SchemaData schemaUrl="#J_mumbai_aided_schools_SIISSSSSISSSSSS">
     <SimpleData name="Address">
      11TH ROAD SANTACRUZ EAST
     </SimpleData>
     <SimpleData name="Cls_From">
      1
     </SimpleData>
     <SimpleData name="Cls_To">
      4
     </SimpleData>
     <SimpleData name="Email">
      kudoskids2009@yahoo.com
     </SimpleData>
     <SimpleData name="GoogleMaps">
      https://www.google.com/maps/search/?api=1&amp;query=19.07967899925,72.8444420001063
     </SimpleData>
     <SimpleData name="Landline_n">
      022-26124045
     </SimpleData>
     <SimpleData name="Lat">
      19.07967899925
     </SimpleData>
     <SimpleData name="Long">
      72.8444420001063
     </SimpleData>
     <SimpleData name="OBJECTID_1">
      174
     </SimpleData>
     <SimpleData name="Owner_Dept">
      Education Dept
     </SimpleData>
     <SimpleData name="SchName">
      SHETH CHIMANLAL NATHURAM SCHOOL
     </SimpleData>
     <SimpleData name="Sch_Type">
      3-Co-educational
     </SimpleData>
     <SimpleData name="Twitter_Ha">
      @mybmcedu
     </SimpleData>
     <SimpleData name="VillageNam">
      H/E -WARD
     </SimpleData>
     <SimpleData name="Website">
     </SimpleData>
    </SchemaData>
   </ExtendedData>
   <Point>
    <coordinates>
     72.844442,19.079679,0
    </coordinates>
   </Point>
  </Placemark>
  <Placemark>
   <visibility>
    0
   </visibility>
   <name>
    RAMESHWAR VIDYA MANDIR LP MAR
   </name>
   <styleUrl>
    #mumbai_aided_schools_style
   </styleUrl>
   <ExtendedData>
    <SchemaData schemaUrl="#J_mumbai_aided_schools_SIISSSSSISSSSSS">
     <SimpleData name="Address">
      Vakola  Datta mandir Santacruz  E
     </SimpleData>
     <SimpleData name="Cls_From">
      1
     </SimpleData>
     <SimpleData name="Cls_To">
      4
     </SimpleData>
     <SimpleData name="Email">
      rvmvidyamandir@yahoo.com
     </SimpleData>
     <SimpleData name="GoogleMaps">
      https://www.google.com/maps/search/?api=1&amp;query=19.0846759997805,72.8527540001278
     </SimpleData>
     <SimpleData name="Landline_n">
      022-26682742
     </SimpleData>
     <SimpleData name="Lat">
      19.0846759997805
     </SimpleData>
     <SimpleData name="Long">
      72.8527540001278
     </SimpleData>
     <SimpleData name="OBJECTID_1">
      175
     </SimpleData>
     <SimpleData name="Owner_Dept">
      Education Dept
     </SimpleData>
     <SimpleData name="SchName">
      RAMESHWAR VIDYA MANDIR LP MAR
     </SimpleData>
     <SimpleData name="Sch_Type">
      3-Co-educational
     </SimpleData>
     <SimpleData name="Twitter_Ha">
      @mybmcedu
     </SimpleData>
     <SimpleData name="VillageNam">
      H/E -WARD
     </SimpleData>
     <SimpleData name="Website">
      education.maharashtra.gov.in
     </SimpleData>
    </SchemaData>
   </ExtendedData>
   <Point>
    <coordinates>
     72.852754,19.084676,0
    </coordinates>
   </Point>
  </Placemark>
  <Placemark>
   <visibility>
    0
   </visibility>
   <name>
    DNYANMANDIR PRATHMIK VIDYALAY
   </name>
   <styleUrl>
    #mumbai_aided_schools_style
   </styleUrl>
   <ExtendedData>
    <SchemaData schemaUrl="#J_mumbai_aided_schools_SIISSSSSISSSSSS">
     <SimpleData name="Address">
      RAMABAI AMBEDKAR NAGAR OPP IIT MAIN GATE POWAI MUMBAI 400076
     </SimpleData>
     <SimpleData name="Cls_From">
      1
     </SimpleData>
     <SimpleData name="Cls_To">
      4
     </SimpleData>
     <SimpleData name="Email">
      dnyanmandirprischool@ymail.com
     </SimpleData>
     <SimpleData name="GoogleMaps">
      https://www.google.com/maps/search/?api=1&amp;query=19.1230099992553,72.9190100001785
     </SimpleData>
     <SimpleData name="Landline_n">
      022-25786134
     </SimpleData>
     <SimpleData name="Lat">
      19.1230099992553
     </SimpleData>
     <SimpleData name="Long">
      72.9190100001785
     </SimpleData>
     <SimpleData name="OBJECTID_1">
      176
     </SimpleData>
     <SimpleData name="Owner_Dept">
      Education Dept
     </SimpleData>
     <SimpleData name="SchName">
      DNYANMANDIR PRATHMIK VIDYALAY
     </SimpleData>
     <SimpleData name="Sch_Type">
      3-Co-educational
     </SimpleData>
     <SimpleData name="Twitter_Ha">
      @mybmcedu
     </SimpleData>
     <SimpleData name="VillageNam">
      S-WARD
     </SimpleData>
     <SimpleData name="Website">
     </SimpleData>
    </SchemaData>
   </ExtendedData>
   <Point>
    <coordinates>
     72.91901,19.12301,0
    </coordinates>
   </Point>
  </Placemark>
  <Placemark>
   <visibility>
    0
   </visibility>
   <name>
    MILIND VIDYALA MARATHI
   </name>
   <styleUrl>
    #mumbai_aided_schools_style
   </styleUrl>
   <ExtendedData>
    <SchemaData schemaUrl="#J_mumbai_aided_schools_SIISSSSSISSSSSS">
     <SimpleData name="Address">
      MAHATMA PHULE NAGAR,AAREY ROAD,POWAI,MUMBAI-400087
     </SimpleData>
     <SimpleData name="Cls_From">
      1
     </SimpleData>
     <SimpleData name="Cls_To">
      4
     </SimpleData>
     <SimpleData name="Email">
      milindvidyalayapri@gmail.com
     </SimpleData>
     <SimpleData name="GoogleMaps">
      https://www.google.com/maps/search/?api=1&amp;query=19.1385650000244,72.8968800001397
     </SimpleData>
     <SimpleData name="Landline_n">
      022-28570062
     </SimpleData>
     <SimpleData name="Lat">
      19.1385650000244
     </SimpleData>
     <SimpleData name="Long">
      72.8968800001397
     </SimpleData>
     <SimpleData name="OBJECTID_1">
      177
     </SimpleData>
     <SimpleData name="Owner_Dept">
      Education Dept
     </SimpleData>
     <SimpleData name="SchName">
      MILIND VIDYALA MARATHI
     </SimpleData>
     <SimpleData name="Sch_Type">
      3-Co-educational
     </SimpleData>
     <SimpleData name="Twitter_Ha">
      @mybmcedu
     </SimpleData>
     <SimpleData name="VillageNam">
      S-WARD
     </SimpleData>
     <SimpleData name="Website">
      education.maharashtra.gov.in/saral/27220600104
     </SimpleData>
    </SchemaData>
   </ExtendedData>
   <Point>
    <coordinates>
     72.89688,19.138565,0
    </coordinates>
   </Point>
  </Placemark>
  <Placemark>
   <visibility>
    0
   </visibility>
   <name>
    NEW ENGLISH BHANDUP  MAR
   </name>
   <styleUrl>
    #mumbai_aided_schools_style
   </styleUrl>
   <ExtendedData>
    <SchemaData schemaUrl="#J_mumbai_aided_schools_SIISSSSSISSSSSS">
     <SimpleData name="Address">
      NAVAL CIVILIAN HOUSING COLONY LBS MARG KANJUR MARG WEST MUMBAI 400078
     </SimpleData>
     <SimpleData name="Cls_From">
      1
     </SimpleData>
     <SimpleData name="Cls_To">
      4
     </SimpleData>
     <SimpleData name="Email">
      newenglishschoolmarathiprimaryg@gmail.com
     </SimpleData>
     <SimpleData name="GoogleMaps">
      https://www.google.com/maps/search/?api=1&amp;query=19.1352679998636,72.9260480001768
     </SimpleData>
     <SimpleData name="Landline_n">
      022-25781169
     </SimpleData>
     <SimpleData name="Lat">
      19.1352679998636
     </SimpleData>
     <SimpleData name="Long">
      72.9260480001768
     </SimpleData>
     <SimpleData name="OBJECTID_1">
      178
     </SimpleData>
     <SimpleData name="Owner_Dept">
      Education Dept
     </SimpleData>
     <SimpleData name="SchName">
      NEW ENGLISH BHANDUP  MAR
     </SimpleData>
     <SimpleData name="Sch_Type">
      3-Co-educational
     </SimpleData>
     <SimpleData name="Twitter_Ha">
      @mybmcedu
     </SimpleData>
     <SimpleData name="VillageNam">
      S-WARD
     </SimpleData>
     <SimpleData name="Website">
     </SimpleData>
    </SchemaData>
   </ExtendedData>
   <Point>
    <coordinates>
     72.92604799999999,19.135268,0
    </coordinates>
   </Point>
  </Placemark>
  <Placemark>
   <visibility>
    0
   </visibility>
   <name>
    NEW ENGLISH BHANDUP ENGLISH SCHOOL
   </name>
   <styleUrl>
    #mumbai_aided_schools_style
   </styleUrl>
   <ExtendedData>
    <SchemaData schemaUrl="#J_mumbai_aided_schools_SIISSSSSISSSSSS">
     <SimpleData name="Address">
      NAVAL CIVILIAN HOUSING COLONY KANJURMARG WEST MUMBAI -78MBAI 78
     </SimpleData>
     <SimpleData name="Cls_From">
      1
     </SimpleData>
     <SimpleData name="Cls_To">
      4
     </SimpleData>
     <SimpleData name="Email">
      newenglishschoolenglishprimary@gmail.com
     </SimpleData>
     <SimpleData name="GoogleMaps">
      https://www.google.com/maps/search/?api=1&amp;query=19.1359480004447,72.9255450002791
     </SimpleData>
     <SimpleData name="Landline_n">
      022-25781169
     </SimpleData>
     <SimpleData name="Lat">
      19.1359480004447
     </SimpleData>
     <SimpleData name="Long">
      72.9255450002791
     </SimpleData>
     <SimpleData name="OBJECTID_1">
      179
     </SimpleData>
     <SimpleData name="Owner_Dept">
      Education Dept
     </SimpleData>
     <SimpleData name="SchName">
      NEW ENGLISH BHANDUP ENGLISH SCHOOL
     </SimpleData>
     <SimpleData name="Sch_Type">
      3-Co-educational
     </SimpleData>
     <SimpleData name="Twitter_Ha">
      @mybmcedu
     </SimpleData>
     <SimpleData name="VillageNam">
      S-WARD
     </SimpleData>
     <SimpleData name="Website">
     </SimpleData>
    </SchemaData>
   </ExtendedData>
   <Point>
    <coordinates>
     72.925545,19.135948,0
    </coordinates>
   </Point>
  </Placemark>
  <Placemark>
   <visibility>
    0
   </visibility>
   <name>
    BHANDUP PEOPLES EDUCATION SOCIETY
   </name>
   <styleUrl>
    #mumbai_aided_schools_style
   </styleUrl>
   <ExtendedData>
    <SchemaData schemaUrl="#J_mumbai_aided_schools_SIISSSSSISSSSSS">
     <SimpleData name="Address">
      PRATAPNAGARROADBHANDUPW
     </SimpleData>
     <SimpleData name="Cls_From">
      1
     </SimpleData>
     <SimpleData name="Cls_To">
      4
     </SimpleData>
     <SimpleData name="Email">
      bpes_regd@yahoo.co.in
     </SimpleData>
     <SimpleData name="GoogleMaps">
      https://www.google.com/maps/search/?api=1&amp;query=19.1401220003247,72.924716999387
     </SimpleData>
     <SimpleData name="Landline_n">
      022-25946654
     </SimpleData>
     <SimpleData name="Lat">
      19.1401220003247
     </SimpleData>
     <SimpleData name="Long">
      72.924716999387
     </SimpleData>
     <SimpleData name="OBJECTID_1">
      180
     </SimpleData>
     <SimpleData name="Owner_Dept">
      Education Dept
     </SimpleData>
     <SimpleData name="SchName">
      BHANDUP PEOPLES EDUCATION SOCIETY
     </SimpleData>
     <SimpleData name="Sch_Type">
      3-Co-educational
     </SimpleData>
     <SimpleData name="Twitter_Ha">
      @mybmcedu
     </SimpleData>
     <SimpleData name="VillageNam">
      S-WARD
     </SimpleData>
     <SimpleData name="Website">
      www.bpesschool.com
     </SimpleData>
    </SchemaData>
   </ExtendedData>
   <Point>
    <coordinates>
     72.924717,19.140122,0
    </coordinates>
   </Point>
  </Placemark>
  <Placemark>
   <visibility>
    0
   </visibility>
   <name>
    DHARMVEER SAMBHAJI VIDYALAYA
   </name>
   <styleUrl>
    #mumbai_aided_schools_style
   </styleUrl>
   <ExtendedData>
    <SchemaData schemaUrl="#J_mumbai_aided_schools_SIISSSSSISSSSSS">
     <SimpleData name="Address">
      AMBEWADI   LBS MARG    VIKROLI WEST
     </SimpleData>
     <SimpleData name="Cls_From">
      1
     </SimpleData>
     <SimpleData name="Cls_To">
      4
     </SimpleData>
     <SimpleData name="Email">
      dharmaveersambhajipra@gmail.com
     </SimpleData>
     <SimpleData name="GoogleMaps">
      https://www.google.com/maps/search/?api=1&amp;query=19.1202019994391,72.9234670003909
     </SimpleData>
     <SimpleData name="Landline_n">
      022-25786087
     </SimpleData>
     <SimpleData name="Lat">
      19.1202019994391
     </SimpleData>
     <SimpleData name="Long">
      72.9234670003909
     </SimpleData>
     <SimpleData name="OBJECTID_1">
      181
     </SimpleData>
     <SimpleData name="Owner_Dept">
      Education Dept
     </SimpleData>
     <SimpleData name="SchName">
      DHARMVEER SAMBHAJI VIDYALAYA
     </SimpleData>
     <SimpleData name="Sch_Type">
      3-Co-educational
     </SimpleData>
     <SimpleData name="Twitter_Ha">
      @mybmcedu
     </SimpleData>
     <SimpleData name="VillageNam">
      S-WARD
     </SimpleData>
     <SimpleData name="Website">
     </SimpleData>
    </SchemaData>
   </ExtendedData>
   <Point>
    <coordinates>
     72.923467,19.120202,0
    </coordinates>
   </Point>
  </Placemark>
  <Placemark>
   <visibility>
    0
   </visibility>
   <name>
    Y D NARKAR VIDYA MANDIR MAR LP
   </name>
   <styleUrl>
    #mumbai_aided_schools_style
   </styleUrl>
   <ExtendedData>
    <SchemaData schemaUrl="#J_mumbai_aided_schools_SIISSSSSISSSSSS">
     <SimpleData name="Address">
      TAGORE NAGAR VIKHROLI EAST
     </SimpleData>
     <SimpleData name="Cls_From">
      1
     </SimpleData>
     <SimpleData name="Cls_To">
      4
     </SimpleData>
     <SimpleData name="Email">
      mahalakshmi.academy@yahoo.com
     </SimpleData>
     <SimpleData name="GoogleMaps">
      https://www.google.com/maps/search/?api=1&amp;query=19.1169829995312,72.9347970002121
     </SimpleData>
     <SimpleData name="Landline_n">
      022-25746375
     </SimpleData>
     <SimpleData name="Lat">
      19.1169829995312
     </SimpleData>
     <SimpleData name="Long">
      72.9347970002121
     </SimpleData>
     <SimpleData name="OBJECTID_1">
      182
     </SimpleData>
     <SimpleData name="Owner_Dept">
      Education Dept
     </SimpleData>
     <SimpleData name="SchName">
      Y D NARKAR VIDYA MANDIR MAR LP
     </SimpleData>
     <SimpleData name="Sch_Type">
      3-Co-educational
     </SimpleData>
     <SimpleData name="Twitter_Ha">
      @mybmcedu
     </SimpleData>
     <SimpleData name="VillageNam">
      S-WARD
     </SimpleData>
     <SimpleData name="Website">
     </SimpleData>
    </SchemaData>
   </ExtendedData>
   <Point>
    <coordinates>
     72.934797,19.116983,0
    </coordinates>
   </Point>
  </Placemark>
  <Placemark>
   <visibility>
    0
   </visibility>
   <name>
    VIDYAMANDIR PRAYMARI SCHOOL ENGLISH
   </name>
   <styleUrl>
    #mumbai_aided_schools_style
   </styleUrl>
   <ExtendedData>
    <SchemaData schemaUrl="#J_mumbai_aided_schools_SIISSSSSISSSSSS">
     <SimpleData name="Address">
      Tagore Nagare,vikhroli,east, mumbai,83
     </SimpleData>
     <SimpleData name="Cls_From">
      1
     </SimpleData>
     <SimpleData name="Cls_To">
      4
     </SimpleData>
     <SimpleData name="Email">
      bmbamane141@gmail.com
     </SimpleData>
     <SimpleData name="GoogleMaps">
      https://www.google.com/maps/search/?api=1&amp;query=19.1169469999233,72.9346409999988
     </SimpleData>
     <SimpleData name="Landline_n">
      022-25746375
     </SimpleData>
     <SimpleData name="Lat">
      19.1169469999233
     </SimpleData>
     <SimpleData name="Long">
      72.9346409999988
     </SimpleData>
     <SimpleData name="OBJECTID_1">
      183
     </SimpleData>
     <SimpleData name="Owner_Dept">
      Education Dept
     </SimpleData>
     <SimpleData name="SchName">
      VIDYAMANDIR PRAYMARI SCHOOL ENGLISH
     </SimpleData>
     <SimpleData name="Sch_Type">
      3-Co-educational
     </SimpleData>
     <SimpleData name="Twitter_Ha">
      @mybmcedu
     </SimpleData>
     <SimpleData name="VillageNam">
      S-WARD
     </SimpleData>
     <SimpleData name="Website">
      www.vidyamandirvikhroli.com
     </SimpleData>
    </SchemaData>
   </ExtendedData>
   <Point>
    <coordinates>
     72.934641,19.116947,0
    </coordinates>
   </Point>
  </Placemark>
  <Placemark>
   <visibility>
    0
   </visibility>
   <name>
    SANDESH VIDYALAYA MARATHI
   </name>
   <styleUrl>
    #mumbai_aided_schools_style
   </styleUrl>
   <ExtendedData>
    <SchemaData schemaUrl="#J_mumbai_aided_schools_SIISSSSSISSSSSS">
     <SimpleData name="Address">
      8 B TAGORENAGAR VIKROLI EAST MUMBAI 400083
     </SimpleData>
     <SimpleData name="Cls_From">
      1
     </SimpleData>
     <SimpleData name="Cls_To">
      4
     </SimpleData>
     <SimpleData name="Email">
      sandeshvidyalayaprimary@gmail.com
     </SimpleData>
     <SimpleData name="GoogleMaps">
      https://www.google.com/maps/search/?api=1&amp;query=19.1160830001249,72.9336380002987
     </SimpleData>
     <SimpleData name="Landline_n">
      022-25744906
     </SimpleData>
     <SimpleData name="Lat">
      19.1160830001249
     </SimpleData>
     <SimpleData name="Long">
      72.9336380002987
     </SimpleData>
     <SimpleData name="OBJECTID_1">
      184
     </SimpleData>
     <SimpleData name="Owner_Dept">
      Education Dept
     </SimpleData>
     <SimpleData name="SchName">
      SANDESH VIDYALAYA MARATHI
     </SimpleData>
     <SimpleData name="Sch_Type">
      3-Co-educational
     </SimpleData>
     <SimpleData name="Twitter_Ha">
      @mybmcedu
     </SimpleData>
     <SimpleData name="VillageNam">
      S-WARD
     </SimpleData>
     <SimpleData name="Website">
      www.dnyanprasarak.com
     </SimpleData>
    </SchemaData>
   </ExtendedData>
   <Point>
    <coordinates>
     72.933638,19.116083,0
    </coordinates>
   </Point>
  </Placemark>
  <Placemark>
   <visibility>
    0
   </visibility>
   <name>
    VIKAS HIGH SCHOOL PRA. VIBHAG MARATHI
   </name>
   <styleUrl>
    #mumbai_aided_schools_style
   </styleUrl>
   <ExtendedData>
    <SchemaData schemaUrl="#J_mumbai_aided_schools_SIISSSSSISSSSSS">
     <SimpleData name="Address">
      Build no 240 kannamwar nagar 2 vikhroli east  mumbai
     </SimpleData>
     <SimpleData name="Cls_From">
      1
     </SimpleData>
     <SimpleData name="Cls_To">
      4
     </SimpleData>
     <SimpleData name="Email">
      vhsmarathiprimary@gmail.com
     </SimpleData>
     <SimpleData name="GoogleMaps">
      https://www.google.com/maps/search/?api=1&amp;query=19.117702000038,72.9387479997047
     </SimpleData>
     <SimpleData name="Landline_n">
      022-25791355
     </SimpleData>
     <SimpleData name="Lat">
      19.117702000038
     </SimpleData>
     <SimpleData name="Long">
      72.9387479997047
     </SimpleData>
     <SimpleData name="OBJECTID_1">
      185
     </SimpleData>
     <SimpleData name="Owner_Dept">
      Education Dept
     </SimpleData>
     <SimpleData name="SchName">
      VIKAS HIGH SCHOOL PRA. VIBHAG MARATHI
     </SimpleData>
     <SimpleData name="Sch_Type">
      3-Co-educational
     </SimpleData>
     <SimpleData name="Twitter_Ha">
      @mybmcedu
     </SimpleData>
     <SimpleData name="VillageNam">
      S-WARD
     </SimpleData>
     <SimpleData name="Website">
     </SimpleData>
    </SchemaData>
   </ExtendedData>
   <Point>
    <coordinates>
     72.938748,19.117702,0
    </coordinates>
   </Point>
  </Placemark>
  <Placemark>
   <visibility>
    0
   </visibility>
   <name>
    UTKARSH BALMANDIR MAR
   </name>
   <styleUrl>
    #mumbai_aided_schools_style
   </styleUrl>
   <ExtendedData>
    <SchemaData schemaUrl="#J_mumbai_aided_schools_SIISSSSSISSSSSS">
     <SimpleData name="Address">
      B.M.C.mandai building Pirojshaha Godrej marg Vikhroli east Mumbai 79
     </SimpleData>
     <SimpleData name="Cls_From">
      1
     </SimpleData>
     <SimpleData name="Cls_To">
      4
     </SimpleData>
     <SimpleData name="Email">
      utkbm75@gmail.com
     </SimpleData>
     <SimpleData name="GoogleMaps">
      https://www.google.com/maps/search/?api=1&amp;query=19.1189560000239,72.9413779996853
     </SimpleData>
     <SimpleData name="Landline_n">
      022-25790934
     </SimpleData>
     <SimpleData name="Lat">
      19.1189560000239
     </SimpleData>
     <SimpleData name="Long">
      72.9413779996853
     </SimpleData>
     <SimpleData name="OBJECTID_1">
      186
     </SimpleData>
     <SimpleData name="Owner_Dept">
      Education Dept
     </SimpleData>
     <SimpleData name="SchName">
      UTKARSH BALMANDIR MAR
     </SimpleData>
     <SimpleData name="Sch_Type">
      3-Co-educational
     </SimpleData>
     <SimpleData name="Twitter_Ha">
      @mybmcedu
     </SimpleData>
     <SimpleData name="VillageNam">
      S-WARD
     </SimpleData>
     <SimpleData name="Website">
     </SimpleData>
    </SchemaData>
   </ExtendedData>
   <Point>
    <coordinates>
     72.941378,19.118956,0
    </coordinates>
   </Point>
  </Placemark>
  <Placemark>
   <visibility>
    0
   </visibility>
   <name>
    VIKAS HIGH SCHOOL ENG. MED PRIMARY
   </name>
   <styleUrl>
    #mumbai_aided_schools_style
   </styleUrl>
   <ExtendedData>
    <SchemaData schemaUrl="#J_mumbai_aided_schools_SIISSSSSISSSSSS">
     <SimpleData name="Address">
      Kannamwar Nagar 2 Vikhroli East
     </SimpleData>
     <SimpleData name="Cls_From">
      1
     </SimpleData>
     <SimpleData name="Cls_To">
      4
     </SimpleData>
     <SimpleData name="Email">
      vikasenglishprimary@gmail.com
     </SimpleData>
     <SimpleData name="GoogleMaps">
      https://www.google.com/maps/search/?api=1&amp;query=19.1191299999018,72.9395719998106
     </SimpleData>
     <SimpleData name="Landline_n">
      022-25784267
     </SimpleData>
     <SimpleData name="Lat">
      19.1191299999018
     </SimpleData>
     <SimpleData name="Long">
      72.9395719998106
     </SimpleData>
     <SimpleData name="OBJECTID_1">
      187
     </SimpleData>
     <SimpleData name="Owner_Dept">
      Education Dept
     </SimpleData>
     <SimpleData name="SchName">
      VIKAS HIGH SCHOOL ENG. MED PRIMARY
     </SimpleData>
     <SimpleData name="Sch_Type">
      3-Co-educational
     </SimpleData>
     <SimpleData name="Twitter_Ha">
      @mybmcedu
     </SimpleData>
     <SimpleData name="VillageNam">
      S-WARD
     </SimpleData>
     <SimpleData name="Website">
      www.vves.org.in
     </SimpleData>
    </SchemaData>
   </ExtendedData>
   <Point>
    <coordinates>
     72.939572,19.11913,0
    </coordinates>
   </Point>
  </Placemark>
  <Placemark>
   <visibility>
    0
   </visibility>
   <name>
    MADHYAMIK VIDYALAYA ENG. MED PRI
   </name>
   <styleUrl>
    #mumbai_aided_schools_style
   </styleUrl>
   <ExtendedData>
    <SchemaData schemaUrl="#J_mumbai_aided_schools_SIISSSSSISSSSSS">
     <SimpleData name="Address">
      224 KANNAMWAR NAGAR 1 VIKHROLI EAST MUMBAI 400083
     </SimpleData>
     <SimpleData name="Cls_From">
      1
     </SimpleData>
     <SimpleData name="Cls_To">
      4
     </SimpleData>
     <SimpleData name="Email">
      madhyamikvidyalayaenglish@gmail.com
     </SimpleData>
     <SimpleData name="GoogleMaps">
      https://www.google.com/maps/search/?api=1&amp;query=19.1150680004032,72.938234999823
     </SimpleData>
     <SimpleData name="Landline_n">
      022-25785550
     </SimpleData>
     <SimpleData name="Lat">
      19.1150680004032
     </SimpleData>
     <SimpleData name="Long">
      72.938234999823
     </SimpleData>
     <SimpleData name="OBJECTID_1">
      188
     </SimpleData>
     <SimpleData name="Owner_Dept">
      Education Dept
     </SimpleData>
     <SimpleData name="SchName">
      MADHYAMIK VIDYALAYA ENG. MED PRI
     </SimpleData>
     <SimpleData name="Sch_Type">
      3-Co-educational
     </SimpleData>
     <SimpleData name="Twitter_Ha">
      @mybmcedu
     </SimpleData>
     <SimpleData name="VillageNam">
      S-WARD
     </SimpleData>
     <SimpleData name="Website">
      education.maharashtra.gov.in/saral/27220600163
     </SimpleData>
    </SchemaData>
   </ExtendedData>
   <Point>
    <coordinates>
     72.93823500000001,19.115068,0
    </coordinates>
   </Point>
  </Placemark>
  <Placemark>
   <visibility>
    0
   </visibility>
   <name>
    VIKROLI VIDYALYA LP
   </name>
   <styleUrl>
    #mumbai_aided_schools_style
   </styleUrl>
   <ExtendedData>
    <SchemaData schemaUrl="#J_mumbai_aided_schools_SIISSSSSISSSSSS">
     <SimpleData name="Address">
      TAGORE NAGAR GROUP NO 3.VIKHROLI 83,EAST
     </SimpleData>
     <SimpleData name="Cls_From">
      1
     </SimpleData>
     <SimpleData name="Cls_To">
      4
     </SimpleData>
     <SimpleData name="Email">
      vikhrolividyalay@yahoo.com
     </SimpleData>
     <SimpleData name="GoogleMaps">
      https://www.google.com/maps/search/?api=1&amp;query=19.1208849995593,72.9308580002471
     </SimpleData>
     <SimpleData name="Landline_n">
      022-25746667
     </SimpleData>
     <SimpleData name="Lat">
      19.1208849995593
     </SimpleData>
     <SimpleData name="Long">
      72.9308580002471
     </SimpleData>
     <SimpleData name="OBJECTID_1">
      189
     </SimpleData>
     <SimpleData name="Owner_Dept">
      Education Dept
     </SimpleData>
     <SimpleData name="SchName">
      VIKROLI VIDYALYA LP
     </SimpleData>
     <SimpleData name="Sch_Type">
      3-Co-educational
     </SimpleData>
     <SimpleData name="Twitter_Ha">
      @mybmcedu
     </SimpleData>
     <SimpleData name="VillageNam">
      S-WARD
     </SimpleData>
     <SimpleData name="Website">
     </SimpleData>
    </SchemaData>
   </ExtendedData>
   <Point>
    <coordinates>
     72.930858,19.120885,0
    </coordinates>
   </Point>
  </Placemark>
  <Placemark>
   <visibility>
    0
   </visibility>
   <name>
    ANJUMAN KHAIRUL ISLAM URDU PRIMARY SCHOOL
   </name>
   <styleUrl>
    #mumbai_aided_schools_style
   </styleUrl>
   <ExtendedData>
    <SchemaData schemaUrl="#J_mumbai_aided_schools_SIISSSSSISSSSSS">
     <SimpleData name="Address">
      Tagore nagar group no 2 near Sunni jama masjid.mumbai 400083
     </SimpleData>
     <SimpleData name="Cls_From">
      1
     </SimpleData>
     <SimpleData name="Cls_To">
      4
     </SimpleData>
     <SimpleData name="Email">
      akiupv@outlook.com
     </SimpleData>
     <SimpleData name="GoogleMaps">
      https://www.google.com/maps/search/?api=1&amp;query=19.1184220003598,72.9292459993458
     </SimpleData>
     <SimpleData name="Landline_n">
      022-25746189
     </SimpleData>
     <SimpleData name="Lat">
      19.1184220003598
     </SimpleData>
     <SimpleData name="Long">
      72.9292459993458
     </SimpleData>
     <SimpleData name="OBJECTID_1">
      190
     </SimpleData>
     <SimpleData name="Owner_Dept">
      Education Dept
     </SimpleData>
     <SimpleData name="SchName">
      ANJUMAN KHAIRUL ISLAM URDU PRIMARY SCHOOL
     </SimpleData>
     <SimpleData name="Sch_Type">
      3-Co-educational
     </SimpleData>
     <SimpleData name="Twitter_Ha">
      @mybmcedu
     </SimpleData>
     <SimpleData name="VillageNam">
      S-WARD
     </SimpleData>
     <SimpleData name="Website">
      education.maharashtra.gov.in/saral/27220600172
     </SimpleData>
    </SchemaData>
   </ExtendedData>
   <Point>
    <coordinates>
     72.92924600000001,19.118422,0
    </coordinates>
   </Point>
  </Placemark>
  <Placemark>
   <visibility>
    0
   </visibility>
   <name>
    SHIWAI VIDYMANDIR MAR
   </name>
   <styleUrl>
    #mumbai_aided_schools_style
   </styleUrl>
   <ExtendedData>
    <SchemaData schemaUrl="#J_mumbai_aided_schools_SIISSSSSISSSSSS">
     <SimpleData name="Address">
      H.D. KOPARKAR MARG, BHANDUP E. MUMBAI. 400042
     </SimpleData>
     <SimpleData name="Cls_From">
      1
     </SimpleData>
     <SimpleData name="Cls_To">
      4
     </SimpleData>
     <SimpleData name="Email">
      shivaividyamandir@yahoo.co.in
     </SimpleData>
     <SimpleData name="GoogleMaps">
      https://www.google.com/maps/search/?api=1&amp;query=19.153178999272,72.9461100000063
     </SimpleData>
     <SimpleData name="Landline_n">
      022-25669950
     </SimpleData>
     <SimpleData name="Lat">
      19.153178999272
     </SimpleData>
     <SimpleData name="Long">
      72.9461100000063
     </SimpleData>
     <SimpleData name="OBJECTID_1">
      191
     </SimpleData>
     <SimpleData name="Owner_Dept">
      Education Dept
     </SimpleData>
     <SimpleData name="SchName">
      SHIWAI VIDYMANDIR MAR
     </SimpleData>
     <SimpleData name="Sch_Type">
      3-Co-educational
     </SimpleData>
     <SimpleData name="Twitter_Ha">
      @mybmcedu
     </SimpleData>
     <SimpleData name="VillageNam">
      S-WARD
     </SimpleData>
     <SimpleData name="Website">
      vidyavaibhavsm.org
     </SimpleData>
    </SchemaData>
   </ExtendedData>
   <Point>
    <coordinates>
     72.94611,19.153179,0
    </coordinates>
   </Point>
  </Placemark>
  <Placemark>
   <visibility>
    0
   </visibility>
   <name>
    JEEVAN  VIKAS VIDYALYA
   </name>
   <styleUrl>
    #mumbai_aided_schools_style
   </styleUrl>
   <ExtendedData>
    <SchemaData schemaUrl="#J_mumbai_aided_schools_SIISSSSSISSSSSS">
     <SimpleData name="Address">
      NEHRU NAGAR  KANJURMARG E MUMBAI 400042
     </SimpleData>
     <SimpleData name="Cls_From">
      1
     </SimpleData>
     <SimpleData name="Cls_To">
      4
     </SimpleData>
     <SimpleData name="Email">
      jeevanvikasvidyalay85@gmail.com
     </SimpleData>
     <SimpleData name="GoogleMaps">
      https://www.google.com/maps/search/?api=1&amp;query=19.1284660006552,72.9353870000492
     </SimpleData>
     <SimpleData name="Landline_n">
      022-25778318
     </SimpleData>
     <SimpleData name="Lat">
      19.1284660006552
     </SimpleData>
     <SimpleData name="Long">
      72.9353870000492
     </SimpleData>
     <SimpleData name="OBJECTID_1">
      192
     </SimpleData>
     <SimpleData name="Owner_Dept">
      Education Dept
     </SimpleData>
     <SimpleData name="SchName">
      JEEVAN  VIKAS VIDYALYA
     </SimpleData>
     <SimpleData name="Sch_Type">
      3-Co-educational
     </SimpleData>
     <SimpleData name="Twitter_Ha">
      @mybmcedu
     </SimpleData>
     <SimpleData name="VillageNam">
      S-WARD
     </SimpleData>
     <SimpleData name="Website">
      education.maharashtra.gov.in/saral/27220600181
     </SimpleData>
    </SchemaData>
   </ExtendedData>
   <Point>
    <coordinates>
     72.93538700000001,19.128466,0
    </coordinates>
   </Point>
  </Placemark>
  <Placemark>
   <visibility>
    0
   </visibility>
   <name>
    SARASWATI VIDYALAYA KANJUR MARATHI
   </name>
   <styleUrl>
    #mumbai_aided_schools_style
   </styleUrl>
   <ExtendedData>
    <SchemaData schemaUrl="#J_mumbai_aided_schools_SIISSSSSISSSSSS">
     <SimpleData name="Address">
      BEHIND BMC SCHOOL KANJUR EAST MUMBAI - 42
     </SimpleData>
     <SimpleData name="Cls_From">
      1
     </SimpleData>
     <SimpleData name="Cls_To">
      4
     </SimpleData>
     <SimpleData name="Email">
      saraswati.kanjurmarg@gmail.com
     </SimpleData>
     <SimpleData name="GoogleMaps">
      https://www.google.com/maps/search/?api=1&amp;query=19.134534000299,72.9382309997188
     </SimpleData>
     <SimpleData name="Landline_n">
      022-25774896
     </SimpleData>
     <SimpleData name="Lat">
      19.134534000299
     </SimpleData>
     <SimpleData name="Long">
      72.9382309997188
     </SimpleData>
     <SimpleData name="OBJECTID_1">
      193
     </SimpleData>
     <SimpleData name="Owner_Dept">
      Education Dept
     </SimpleData>
     <SimpleData name="SchName">
      SARASWATI VIDYALAYA KANJUR MARATHI
     </SimpleData>
     <SimpleData name="Sch_Type">
      3-Co-educational
     </SimpleData>
     <SimpleData name="Twitter_Ha">
      @mybmcedu
     </SimpleData>
     <SimpleData name="VillageNam">
      S-WARD
     </SimpleData>
     <SimpleData name="Website">
     </SimpleData>
    </SchemaData>
   </ExtendedData>
   <Point>
    <coordinates>
     72.938231,19.134534,0
    </coordinates>
   </Point>
  </Placemark>
  <Placemark>
   <visibility>
    0
   </visibility>
   <name>
    GURUNANAK HINDI PRIMARY SCHOOL
   </name>
   <styleUrl>
    #mumbai_aided_schools_style
   </styleUrl>
   <ExtendedData>
    <SchemaData schemaUrl="#J_mumbai_aided_schools_SIISSSSSISSSSSS">
     <SimpleData name="Address">
      STATION ROAD BHANDUP WEST MUMBAI 78
     </SimpleData>
     <SimpleData name="Cls_From">
      1
     </SimpleData>
     <SimpleData name="Cls_To">
      4
     </SimpleData>
     <SimpleData name="Email">
      gnh-bdp@yhoo.co.in
     </SimpleData>
     <SimpleData name="GoogleMaps">
      https://www.google.com/maps/search/?api=1&amp;query=19.1445989999528,72.9363740000117
     </SimpleData>
     <SimpleData name="Landline_n">
      022-25947821
     </SimpleData>
     <SimpleData name="Lat">
      19.1445989999528
     </SimpleData>
     <SimpleData name="Long">
      72.9363740000117
     </SimpleData>
     <SimpleData name="OBJECTID_1">
      194
     </SimpleData>
     <SimpleData name="Owner_Dept">
      Education Dept
     </SimpleData>
     <SimpleData name="SchName">
      GURUNANAK HINDI PRIMARY SCHOOL
     </SimpleData>
     <SimpleData name="Sch_Type">
      3-Co-educational
     </SimpleData>
     <SimpleData name="Twitter_Ha">
      @mybmcedu
     </SimpleData>
     <SimpleData name="VillageNam">
      S-WARD
     </SimpleData>
     <SimpleData name="Website">
     </SimpleData>
    </SchemaData>
   </ExtendedData>
   <Point>
    <coordinates>
     72.936374,19.144599,0
    </coordinates>
   </Point>
  </Placemark>
  <Placemark>
   <visibility>
    0
   </visibility>
   <name>
    INDRA DEVI UTTARI BHARAT  SABHA HINDI PRI SCHOOL
   </name>
   <styleUrl>
    #mumbai_aided_schools_style
   </styleUrl>
   <ExtendedData>
    <SchemaData schemaUrl="#J_mumbai_aided_schools_SIISSSSSISSSSSS">
     <SimpleData name="Address">
      Station road Bhndup west mumbai 78.
     </SimpleData>
     <SimpleData name="Cls_From">
      1
     </SimpleData>
     <SimpleData name="Cls_To">
      4
     </SimpleData>
     <SimpleData name="Email">
      idhindi1952@gmail.com
     </SimpleData>
     <SimpleData name="GoogleMaps">
      https://www.google.com/maps/search/?api=1&amp;query=19.1432830003542,72.9367569994652
     </SimpleData>
     <SimpleData name="Landline_n">
      022-25947273
     </SimpleData>
     <SimpleData name="Lat">
      19.1432830003542
     </SimpleData>
     <SimpleData name="Long">
      72.9367569994652
     </SimpleData>
     <SimpleData name="OBJECTID_1">
      195
     </SimpleData>
     <SimpleData name="Owner_Dept">
      Education Dept
     </SimpleData>
     <SimpleData name="SchName">
      INDRA DEVI UTTARI BHARAT  SABHA HINDI PRI SCHOOL
     </SimpleData>
     <SimpleData name="Sch_Type">
      3-Co-educational
     </SimpleData>
     <SimpleData name="Twitter_Ha">
      @mybmcedu
     </SimpleData>
     <SimpleData name="VillageNam">
      S-WARD
     </SimpleData>
     <SimpleData name="Website">
      www.uttaribharatsabha.com
     </SimpleData>
    </SchemaData>
   </ExtendedData>
   <Point>
    <coordinates>
     72.936757,19.143283,0
    </coordinates>
   </Point>
  </Placemark>
  <Placemark>
   <visibility>
    0
   </visibility>
   <name>
    K.L. MEHRA U.B.S ENGLISH PRIMARY SCHOOL
   </name>
   <styleUrl>
    #mumbai_aided_schools_style
   </styleUrl>
   <ExtendedData>
    <SchemaData schemaUrl="#J_mumbai_aided_schools_SIISSSSSISSSSSS">
     <SimpleData name="Address">
      STATION ROAD, BHANDUP WEST MUMBAI-400078
     </SimpleData>
     <SimpleData name="Cls_From">
      1
     </SimpleData>
     <SimpleData name="Cls_To">
      4
     </SimpleData>
     <SimpleData name="Email">
      klmehra1969@yahoo.com
     </SimpleData>
     <SimpleData name="GoogleMaps">
      https://www.google.com/maps/search/?api=1&amp;query=19.1433470005867,72.9368250002936
     </SimpleData>
     <SimpleData name="Landline_n">
      022-25947273
     </SimpleData>
     <SimpleData name="Lat">
      19.1433470005867
     </SimpleData>
     <SimpleData name="Long">
      72.9368250002936
     </SimpleData>
     <SimpleData name="OBJECTID_1">
      196
     </SimpleData>
     <SimpleData name="Owner_Dept">
      Education Dept
     </SimpleData>
     <SimpleData name="SchName">
      K.L. MEHRA U.B.S ENGLISH PRIMARY SCHOOL
     </SimpleData>
     <SimpleData name="Sch_Type">
      3-Co-educational
     </SimpleData>
     <SimpleData name="Twitter_Ha">
      @mybmcedu
     </SimpleData>
     <SimpleData name="VillageNam">
      S-WARD
     </SimpleData>
     <SimpleData name="Website">
     </SimpleData>
    </SchemaData>
   </ExtendedData>
   <Point>
    <coordinates>
     72.936825,19.143347,0
    </coordinates>
   </Point>
  </Placemark>
  <Placemark>
   <visibility>
    0
   </visibility>
   <name>
    GURUNANAK ENGLISH PRIMARY SCHOOL
   </name>
   <styleUrl>
    #mumbai_aided_schools_style
   </styleUrl>
   <ExtendedData>
    <SchemaData schemaUrl="#J_mumbai_aided_schools_SIISSSSSISSSSSS">
     <SimpleData name="Address">
      Station Road, Bhandup, Mumbai-400 078
     </SimpleData>
     <SimpleData name="Cls_From">
      1
     </SimpleData>
     <SimpleData name="Cls_To">
      4
     </SimpleData>
     <SimpleData name="Email">
      gnhs_bdp@yahoo.co.in
     </SimpleData>
     <SimpleData name="GoogleMaps">
      https://www.google.com/maps/search/?api=1&amp;query=19.1446060003983,72.9364940003451
     </SimpleData>
     <SimpleData name="Landline_n">
      022-25947821
     </SimpleData>
     <SimpleData name="Lat">
      19.1446060003983
     </SimpleData>
     <SimpleData name="Long">
      72.9364940003451
     </SimpleData>
     <SimpleData name="OBJECTID_1">
      197
     </SimpleData>
     <SimpleData name="Owner_Dept">
      Education Dept
     </SimpleData>
     <SimpleData name="SchName">
      GURUNANAK ENGLISH PRIMARY SCHOOL
     </SimpleData>
     <SimpleData name="Sch_Type">
      3-Co-educational
     </SimpleData>
     <SimpleData name="Twitter_Ha">
      @mybmcedu
     </SimpleData>
     <SimpleData name="VillageNam">
      S-WARD
     </SimpleData>
     <SimpleData name="Website">
     </SimpleData>
    </SchemaData>
   </ExtendedData>
   <Point>
    <coordinates>
     72.936494,19.144606,0
    </coordinates>
   </Point>
  </Placemark>
  <Placemark>
   <visibility>
    0
   </visibility>
   <name>
    ST. FRANCIS XAVIER SCHOOL KANJUR MARAG(EAST)
   </name>
   <styleUrl>
    #mumbai_aided_schools_style
   </styleUrl>
   <ExtendedData>
    <SchemaData schemaUrl="#J_mumbai_aided_schools_SIISSSSSISSSSSS">
     <SimpleData name="Address">
      ST FRANCIS XAVIER SCHOOL PRIMARY SECTION KANJUR E CHURCH ROAD MUMBAI  400042
     </SimpleData>
     <SimpleData name="Cls_From">
      1
     </SimpleData>
     <SimpleData name="Cls_To">
      4
     </SimpleData>
     <SimpleData name="Email">
      kanjurstfxprimary@gmail.com
     </SimpleData>
     <SimpleData name="GoogleMaps">
      https://www.google.com/maps/search/?api=1&amp;query=19.1346030004491,72.937684000271
     </SimpleData>
     <SimpleData name="Landline_n">
      022-25781844
     </SimpleData>
     <SimpleData name="Lat">
      19.1346030004491
     </SimpleData>
     <SimpleData name="Long">
      72.937684000271
     </SimpleData>
     <SimpleData name="OBJECTID_1">
      198
     </SimpleData>
     <SimpleData name="Owner_Dept">
      Education Dept
     </SimpleData>
     <SimpleData name="SchName">
      ST. FRANCIS XAVIER SCHOOL KANJUR MARAG(EAST)
     </SimpleData>
     <SimpleData name="Sch_Type">
      3-Co-educational
     </SimpleData>
     <SimpleData name="Twitter_Ha">
      @mybmcedu
     </SimpleData>
     <SimpleData name="VillageNam">
      S-WARD
     </SimpleData>
     <SimpleData name="Website">
      education.maharashtra.gov.in/saral/27220600198
     </SimpleData>
    </SchemaData>
   </ExtendedData>
   <Point>
    <coordinates>
     72.937684,19.134603,0
    </coordinates>
   </Point>
  </Placemark>
  <Placemark>
   <visibility>
    0
   </visibility>
   <name>
    I.E.S MARATHI MEDIUM PRIMARY SCHOOL BHANDUP
   </name>
   <styleUrl>
    #mumbai_aided_schools_style
   </styleUrl>
   <ExtendedData>
    <SchemaData schemaUrl="#J_mumbai_aided_schools_SIISSSSSISSSSSS">
     <SimpleData name="Address">
      DATAR BHANDUP, EAST MUMBAI
     </SimpleData>
     <SimpleData name="Cls_From">
      1
     </SimpleData>
     <SimpleData name="Cls_To">
      4
     </SimpleData>
     <SimpleData name="Email">
      bhandup.primary.marathi@ies.edu
     </SimpleData>
     <SimpleData name="GoogleMaps">
      https://www.google.com/maps/search/?api=1&amp;query=19.1360029996052,72.9346699998325
     </SimpleData>
     <SimpleData name="Landline_n">
      022-25665663
     </SimpleData>
     <SimpleData name="Lat">
      19.1360029996052
     </SimpleData>
     <SimpleData name="Long">
      72.9346699998325
     </SimpleData>
     <SimpleData name="OBJECTID_1">
      199
     </SimpleData>
     <SimpleData name="Owner_Dept">
      Education Dept
     </SimpleData>
     <SimpleData name="SchName">
      I.E.S MARATHI MEDIUM PRIMARY SCHOOL BHANDUP
     </SimpleData>
     <SimpleData name="Sch_Type">
      3-Co-educational
     </SimpleData>
     <SimpleData name="Twitter_Ha">
      @mybmcedu
     </SimpleData>
     <SimpleData name="VillageNam">
      S-WARD
     </SimpleData>
     <SimpleData name="Website">
      education.maharashtra.gov.in
     </SimpleData>
    </SchemaData>
   </ExtendedData>
   <Point>
    <coordinates>
     72.93467,19.136003,0
    </coordinates>
   </Point>
  </Placemark>
  <Placemark>
   <visibility>
    0
   </visibility>
   <name>
    AMAR KOR VIDYALAYA
   </name>
   <styleUrl>
    #mumbai_aided_schools_style
   </styleUrl>
   <ExtendedData>
    <SchemaData schemaUrl="#J_mumbai_aided_schools_SIISSSSSISSSSSS">
     <SimpleData name="Address">
      MUNSHI MAHAL,KAMBLE COMPOUND,PRATAP NAGAR ROAD,BHANDUP WEST ,MUMBAI 400078.
     </SimpleData>
     <SimpleData name="Cls_From">
      1
     </SimpleData>
     <SimpleData name="Cls_To">
      4
     </SimpleData>
     <SimpleData name="Email">
      amarkorvidyalaya@gmail.com
     </SimpleData>
     <SimpleData name="GoogleMaps">
      https://www.google.com/maps/search/?api=1&amp;query=19.1417040000703,72.9232520004101
     </SimpleData>
     <SimpleData name="Landline_n">
      022-25944733
     </SimpleData>
     <SimpleData name="Lat">
      19.1417040000703
     </SimpleData>
     <SimpleData name="Long">
      72.9232520004101
     </SimpleData>
     <SimpleData name="OBJECTID_1">
      200
     </SimpleData>
     <SimpleData name="Owner_Dept">
      Education Dept
     </SimpleData>
     <SimpleData name="SchName">
      AMAR KOR VIDYALAYA
     </SimpleData>
     <SimpleData name="Sch_Type">
      3-Co-educational
     </SimpleData>
     <SimpleData name="Twitter_Ha">
      @mybmcedu
     </SimpleData>
     <SimpleData name="VillageNam">
      S-WARD
     </SimpleData>
     <SimpleData name="Website">
      www.amarkor.com
     </SimpleData>
    </SchemaData>
   </ExtendedData>
   <Point>
    <coordinates>
     72.92325200000001,19.141704,0
    </coordinates>
   </Point>
  </Placemark>
  <Placemark>
   <visibility>
    0
   </visibility>
   <name>
    DURGAMATA VIDYAMANDIR
   </name>
   <styleUrl>
    #mumbai_aided_schools_style
   </styleUrl>
   <ExtendedData>
    <SchemaData schemaUrl="#J_mumbai_aided_schools_SIISSSSSISSSSSS">
     <SimpleData name="Address">
      Kokan Nagar Road Utkarsh Nagar Bhandup West Mumbai 78
     </SimpleData>
     <SimpleData name="Cls_From">
      1
     </SimpleData>
     <SimpleData name="Cls_To">
      4
     </SimpleData>
     <SimpleData name="Email">
      durgamatavidyamandir@gmail.com
     </SimpleData>
     <SimpleData name="GoogleMaps">
      https://www.google.com/maps/search/?api=1&amp;query=19.1455769996597,72.9243050006773
     </SimpleData>
     <SimpleData name="Landline_n">
      022-25943006
     </SimpleData>
     <SimpleData name="Lat">
      19.1455769996597
     </SimpleData>
     <SimpleData name="Long">
      72.9243050006773
     </SimpleData>
     <SimpleData name="OBJECTID_1">
      201
     </SimpleData>
     <SimpleData name="Owner_Dept">
      Education Dept
     </SimpleData>
     <SimpleData name="SchName">
      DURGAMATA VIDYAMANDIR
     </SimpleData>
     <SimpleData name="Sch_Type">
      3-Co-educational
     </SimpleData>
     <SimpleData name="Twitter_Ha">
      @mybmcedu
     </SimpleData>
     <SimpleData name="VillageNam">
      S-WARD
     </SimpleData>
     <SimpleData name="Website">
     </SimpleData>
    </SchemaData>
   </ExtendedData>
   <Point>
    <coordinates>
     72.924305,19.145577,0
    </coordinates>
   </Point>
  </Placemark>
  <Placemark>
   <visibility>
    0
   </visibility>
   <name>
    ABHINAV HINDI SCHOOL
   </name>
   <styleUrl>
    #mumbai_aided_schools_style
   </styleUrl>
   <ExtendedData>
    <SchemaData schemaUrl="#J_mumbai_aided_schools_SIISSSSSISSSSSS">
     <SimpleData name="Address">
      Lata Sadan Farid Nagar Pratap Nagar Road Bhandup West Mumbai 400078
     </SimpleData>
     <SimpleData name="Cls_From">
      1
     </SimpleData>
     <SimpleData name="Cls_To">
      4
     </SimpleData>
     <SimpleData name="Email">
      abhinavhindividyalaya1@gmail.com
     </SimpleData>
     <SimpleData name="GoogleMaps">
      https://www.google.com/maps/search/?api=1&amp;query=19.141046000723,72.9241800002928
     </SimpleData>
     <SimpleData name="Landline_n">
      022-25944906
     </SimpleData>
     <SimpleData name="Lat">
      19.141046000723
     </SimpleData>
     <SimpleData name="Long">
      72.9241800002928
     </SimpleData>
     <SimpleData name="OBJECTID_1">
      202
     </SimpleData>
     <SimpleData name="Owner_Dept">
      Education Dept
     </SimpleData>
     <SimpleData name="SchName">
      ABHINAV HINDI SCHOOL
     </SimpleData>
     <SimpleData name="Sch_Type">
      3-Co-educational
     </SimpleData>
     <SimpleData name="Twitter_Ha">
      @mybmcedu
     </SimpleData>
     <SimpleData name="VillageNam">
      S-WARD
     </SimpleData>
     <SimpleData name="Website">
      www.abhinav.com
     </SimpleData>
    </SchemaData>
   </ExtendedData>
   <Point>
    <coordinates>
     72.92418000000001,19.141046,0
    </coordinates>
   </Point>
  </Placemark>
  <Placemark>
   <visibility>
    0
   </visibility>
   <name>
    PRAGATI PRATHAMIK VIDHYAMANDIR
   </name>
   <styleUrl>
    #mumbai_aided_schools_style
   </styleUrl>
   <ExtendedData>
    <SchemaData schemaUrl="#J_mumbai_aided_schools_SIISSSSSISSSSSS">
     <SimpleData name="Address">
      Nardas Nagar Tembipada Road Bhandup West
     </SimpleData>
     <SimpleData name="Cls_From">
      1
     </SimpleData>
     <SimpleData name="Cls_To">
      4
     </SimpleData>
     <SimpleData name="Email">
      ppvmbhandup@gmail.com
     </SimpleData>
     <SimpleData name="GoogleMaps">
      https://www.google.com/maps/search/?api=1&amp;query=19.1512030006629,72.9283069993862
     </SimpleData>
     <SimpleData name="Landline_n">
      022-25958134
     </SimpleData>
     <SimpleData name="Lat">
      19.1512030006629
     </SimpleData>
     <SimpleData name="Long">
      72.9283069993862
     </SimpleData>
     <SimpleData name="OBJECTID_1">
      203
     </SimpleData>
     <SimpleData name="Owner_Dept">
      Education Dept
     </SimpleData>
     <SimpleData name="SchName">
      PRAGATI PRATHAMIK VIDHYAMANDIR
     </SimpleData>
     <SimpleData name="Sch_Type">
      3-Co-educational
     </SimpleData>
     <SimpleData name="Twitter_Ha">
      @mybmcedu
     </SimpleData>
     <SimpleData name="VillageNam">
      S-WARD
     </SimpleData>
     <SimpleData name="Website">
      education.maharashtra.gov.in/saral/27220600216
     </SimpleData>
    </SchemaData>
   </ExtendedData>
   <Point>
    <coordinates>
     72.928307,19.151203,0
    </coordinates>
   </Point>
  </Placemark>
  <Placemark>
   <visibility>
    0
   </visibility>
   <name>
    BNP VIDYALYA MAR
   </name>
   <styleUrl>
    #mumbai_aided_schools_style
   </styleUrl>
   <ExtendedData>
    <SchemaData schemaUrl="#J_mumbai_aided_schools_SIISSSSSISSSSSS">
     <SimpleData name="Address">
      NARDAS NAGAR,SHIVDARSHAN,BHANDUP-West-78
     </SimpleData>
     <SimpleData name="Cls_From">
      1
     </SimpleData>
     <SimpleData name="Cls_To">
      4
     </SimpleData>
     <SimpleData name="Email">
      brnath1980@gmail.com
     </SimpleData>
     <SimpleData name="GoogleMaps">
      https://www.google.com/maps/search/?api=1&amp;query=19.1493850002972,72.9281679997886
     </SimpleData>
     <SimpleData name="Landline_n">
      022-25958210
     </SimpleData>
     <SimpleData name="Lat">
      19.1493850002972
     </SimpleData>
     <SimpleData name="Long">
      72.9281679997886
     </SimpleData>
     <SimpleData name="OBJECTID_1">
      204
     </SimpleData>
     <SimpleData name="Owner_Dept">
      Education Dept
     </SimpleData>
     <SimpleData name="SchName">
      BNP VIDYALYA MAR
     </SimpleData>
     <SimpleData name="Sch_Type">
      3-Co-educational
     </SimpleData>
     <SimpleData name="Twitter_Ha">
      @mybmcedu
     </SimpleData>
     <SimpleData name="VillageNam">
      S-WARD
     </SimpleData>
     <SimpleData name="Website">
     </SimpleData>
    </SchemaData>
   </ExtendedData>
   <Point>
    <coordinates>
     72.928168,19.149385,0
    </coordinates>
   </Point>
  </Placemark>
  <Placemark>
   <visibility>
    0
   </visibility>
   <name>
    SARSWATI VIDYAMANDIR MAR
   </name>
   <styleUrl>
    #mumbai_aided_schools_style
   </styleUrl>
   <ExtendedData>
    <SchemaData schemaUrl="#J_mumbai_aided_schools_SIISSSSSISSSSSS">
     <SimpleData name="Address">
      NARDAS NAGAR  TP  ROAD  BHANDUP WEST MUMBAI 400078
     </SimpleData>
     <SimpleData name="Cls_From">
      1
     </SimpleData>
     <SimpleData name="Cls_To">
      4
     </SimpleData>
     <SimpleData name="Email">
      shreesaraswatipri.bhandup@gmail.com
     </SimpleData>
     <SimpleData name="GoogleMaps">
      https://www.google.com/maps/search/?api=1&amp;query=19.1353429998917,72.9288139995324
     </SimpleData>
     <SimpleData name="Landline_n">
      022-25951706
     </SimpleData>
     <SimpleData name="Lat">
      19.1353429998917
     </SimpleData>
     <SimpleData name="Long">
      72.9288139995324
     </SimpleData>
     <SimpleData name="OBJECTID_1">
      205
     </SimpleData>
     <SimpleData name="Owner_Dept">
      Education Dept
     </SimpleData>
     <SimpleData name="SchName">
      SARSWATI VIDYAMANDIR MAR
     </SimpleData>
     <SimpleData name="Sch_Type">
      3-Co-educational
     </SimpleData>
     <SimpleData name="Twitter_Ha">
      @mybmcedu
     </SimpleData>
     <SimpleData name="VillageNam">
      S-WARD
     </SimpleData>
     <SimpleData name="Website">
     </SimpleData>
    </SchemaData>
   </ExtendedData>
   <Point>
    <coordinates>
     72.928814,19.135343,0
    </coordinates>
   </Point>
  </Placemark>
  <Placemark>
   <visibility>
    0
   </visibility>
   <name>
    AHILYA VIDYALYA MAR
   </name>
   <styleUrl>
    #mumbai_aided_schools_style
   </styleUrl>
   <ExtendedData>
    <SchemaData schemaUrl="#J_mumbai_aided_schools_SIISSSSSISSSSSS">
     <SimpleData name="Address">
      UTKARSH NAGAR S WARD
     </SimpleData>
     <SimpleData name="Cls_From">
      1
     </SimpleData>
     <SimpleData name="Cls_To">
      4
     </SimpleData>
     <SimpleData name="Email">
      ahilyavidyalaya@gmail.com
     </SimpleData>
     <SimpleData name="GoogleMaps">
      https://www.google.com/maps/search/?api=1&amp;query=19.1468719999624,72.9255970000778
     </SimpleData>
     <SimpleData name="Landline_n">
      022-25943449
     </SimpleData>
     <SimpleData name="Lat">
      19.1468719999624
     </SimpleData>
     <SimpleData name="Long">
      72.9255970000778
     </SimpleData>
     <SimpleData name="OBJECTID_1">
      206
     </SimpleData>
     <SimpleData name="Owner_Dept">
      Education Dept
     </SimpleData>
     <SimpleData name="SchName">
      AHILYA VIDYALYA MAR
     </SimpleData>
     <SimpleData name="Sch_Type">
      3-Co-educational
     </SimpleData>
     <SimpleData name="Twitter_Ha">
      @mybmcedu
     </SimpleData>
     <SimpleData name="VillageNam">
      S-WARD
     </SimpleData>
     <SimpleData name="Website">
     </SimpleData>
    </SchemaData>
   </ExtendedData>
   <Point>
    <coordinates>
     72.925597,19.146872,0
    </coordinates>
   </Point>
  </Placemark>
  <Placemark>
   <visibility>
    0
   </visibility>
   <name>
    YASHWANT CHANDAJI SAWANT
   </name>
   <styleUrl>
    #mumbai_aided_schools_style
   </styleUrl>
   <ExtendedData>
    <SchemaData schemaUrl="#J_mumbai_aided_schools_SIISSSSSISSSSSS">
     <SimpleData name="Address">
      UTKARSH NAGAR  T P ROAD  BHANDUP  WEST
     </SimpleData>
     <SimpleData name="Cls_From">
      1
     </SimpleData>
     <SimpleData name="Cls_To">
      4
     </SimpleData>
     <SimpleData name="Email">
      ycsawant1982@gmail.com
     </SimpleData>
     <SimpleData name="GoogleMaps">
      https://www.google.com/maps/search/?api=1&amp;query=19.1470049997288,72.9257169999191
     </SimpleData>
     <SimpleData name="Landline_n">
      022-25952363
     </SimpleData>
     <SimpleData name="Lat">
      19.1470049997288
     </SimpleData>
     <SimpleData name="Long">
      72.9257169999191
     </SimpleData>
     <SimpleData name="OBJECTID_1">
      207
     </SimpleData>
     <SimpleData name="Owner_Dept">
      Education Dept
     </SimpleData>
     <SimpleData name="SchName">
      YASHWANT CHANDAJI SAWANT
     </SimpleData>
     <SimpleData name="Sch_Type">
      3-Co-educational
     </SimpleData>
     <SimpleData name="Twitter_Ha">
      @mybmcedu
     </SimpleData>
     <SimpleData name="VillageNam">
      S-WARD
     </SimpleData>
     <SimpleData name="Website">
      education.maharashtra.gov.in/saral/27220600220
     </SimpleData>
    </SchemaData>
   </ExtendedData>
   <Point>
    <coordinates>
     72.92571700000001,19.147005,0
    </coordinates>
   </Point>
  </Placemark>
  <Placemark>
   <visibility>
    0
   </visibility>
   <name>
    PARAG VIDYALAYA MARATHI PRIMARY
   </name>
   <styleUrl>
    #mumbai_aided_schools_style
   </styleUrl>
   <ExtendedData>
    <SchemaData schemaUrl="#J_mumbai_aided_schools_SIISSSSSISSSSSS">
     <SimpleData name="Address">
      NEAR SHIVAJI MAHARAJ TALAO , BHANDUP WEST
     </SimpleData>
     <SimpleData name="Cls_From">
      1
     </SimpleData>
     <SimpleData name="Cls_To">
      4
     </SimpleData>
     <SimpleData name="Email">
      paragvidyalaya@gmail.com
     </SimpleData>
     <SimpleData name="GoogleMaps">
      https://www.google.com/maps/search/?api=1&amp;query=19.146752999808,72.9306790003024
     </SimpleData>
     <SimpleData name="Landline_n">
      022-25946053
     </SimpleData>
     <SimpleData name="Lat">
      19.146752999808
     </SimpleData>
     <SimpleData name="Long">
      72.9306790003024
     </SimpleData>
     <SimpleData name="OBJECTID_1">
      208
     </SimpleData>
     <SimpleData name="Owner_Dept">
      Education Dept
     </SimpleData>
     <SimpleData name="SchName">
      PARAG VIDYALAYA MARATHI PRIMARY
     </SimpleData>
     <SimpleData name="Sch_Type">
      3-Co-educational
     </SimpleData>
     <SimpleData name="Twitter_Ha">
      @mybmcedu
     </SimpleData>
     <SimpleData name="VillageNam">
      S-WARD
     </SimpleData>
     <SimpleData name="Website">
      education.maharashatra.gov.in/saral/27220600225
     </SimpleData>
    </SchemaData>
   </ExtendedData>
   <Point>
    <coordinates>
     72.930679,19.146753,0
    </coordinates>
   </Point>
  </Placemark>
  <Placemark>
   <visibility>
    0
   </visibility>
   <name>
    SAHYADRI VIDYA MANDIR
   </name>
   <styleUrl>
    #mumbai_aided_schools_style
   </styleUrl>
   <ExtendedData>
    <SchemaData schemaUrl="#J_mumbai_aided_schools_SIISSSSSISSSSSS">
     <SimpleData name="Address">
      SHAHID JAYWANT PATIL MARG  NEAR SHIVAJI TALAO  BHANDUP W  MUMBAI 78
     </SimpleData>
     <SimpleData name="Cls_From">
      1
     </SimpleData>
     <SimpleData name="Cls_To">
      4
     </SimpleData>
     <SimpleData name="Email">
      sahyadri.mandir@reddifmail.com
     </SimpleData>
     <SimpleData name="GoogleMaps">
      https://www.google.com/maps/search/?api=1&amp;query=19.1465220004325,72.9301270003026
     </SimpleData>
     <SimpleData name="Landline_n">
      022-25947387
     </SimpleData>
     <SimpleData name="Lat">
      19.1465220004325
     </SimpleData>
     <SimpleData name="Long">
      72.9301270003026
     </SimpleData>
     <SimpleData name="OBJECTID_1">
      209
     </SimpleData>
     <SimpleData name="Owner_Dept">
      Education Dept
     </SimpleData>
     <SimpleData name="SchName">
      SAHYADRI VIDYA MANDIR
     </SimpleData>
     <SimpleData name="Sch_Type">
      3-Co-educational
     </SimpleData>
     <SimpleData name="Twitter_Ha">
      @mybmcedu
     </SimpleData>
     <SimpleData name="VillageNam">
      S-WARD
     </SimpleData>
     <SimpleData name="Website">
     </SimpleData>
    </SchemaData>
   </ExtendedData>
   <Point>
    <coordinates>
     72.930127,19.146522,0
    </coordinates>
   </Point>
  </Placemark>
  <Placemark>
   <visibility>
    0
   </visibility>
   <name>
    NAVJEEVAN VIDYAMANDIR
   </name>
   <styleUrl>
    #mumbai_aided_schools_style
   </styleUrl>
   <ExtendedData>
    <SchemaData schemaUrl="#J_mumbai_aided_schools_SIISSSSSISSSSSS">
     <SimpleData name="Address">
      NAVJEEVAN VIDYAMANDIR GANESH NAGAR GANESH PATH  BHANDUP W 78
     </SimpleData>
     <SimpleData name="Cls_From">
      1
     </SimpleData>
     <SimpleData name="Cls_To">
      4
     </SimpleData>
     <SimpleData name="Email">
      yogeshpatil4581@gmail.com
     </SimpleData>
     <SimpleData name="GoogleMaps">
      https://www.google.com/maps/search/?api=1&amp;query=19.151702999545,72.9302759995457
     </SimpleData>
     <SimpleData name="Landline_n">
      022-25958444
     </SimpleData>
     <SimpleData name="Lat">
      19.151702999545
     </SimpleData>
     <SimpleData name="Long">
      72.9302759995457
     </SimpleData>
     <SimpleData name="OBJECTID_1">
      210
     </SimpleData>
     <SimpleData name="Owner_Dept">
      Education Dept
     </SimpleData>
     <SimpleData name="SchName">
      NAVJEEVAN VIDYAMANDIR
     </SimpleData>
     <SimpleData name="Sch_Type">
      3-Co-educational
     </SimpleData>
     <SimpleData name="Twitter_Ha">
      @mybmcedu
     </SimpleData>
     <SimpleData name="VillageNam">
      S-WARD
     </SimpleData>
     <SimpleData name="Website">
      navjeevan.edu.com
     </SimpleData>
    </SchemaData>
   </ExtendedData>
   <Point>
    <coordinates>
     72.93027600000001,19.151703,0
    </coordinates>
   </Point>
  </Placemark>
  <Placemark>
   <visibility>
    0
   </visibility>
   <name>
    SMT RAMKALI DEVI SANMAN SINGH VIDYAMANDIR(H.P)
   </name>
   <styleUrl>
    #mumbai_aided_schools_style
   </styleUrl>
   <ExtendedData>
    <SchemaData schemaUrl="#J_mumbai_aided_schools_SIISSSSSISSSSSS">
     <SimpleData name="Address">
      Sanmansinghmarg bhandup west Mumbai 400078
     </SimpleData>
     <SimpleData name="Cls_From">
      1
     </SimpleData>
     <SimpleData name="Cls_To">
      4
     </SimpleData>
     <SimpleData name="Email">
      smtrsshp72@gmail.com
     </SimpleData>
     <SimpleData name="GoogleMaps">
      https://www.google.com/maps/search/?api=1&amp;query=19.148349999868,72.9291719995681
     </SimpleData>
     <SimpleData name="Landline_n">
      022-25963728
     </SimpleData>
     <SimpleData name="Lat">
      19.148349999868
     </SimpleData>
     <SimpleData name="Long">
      72.9291719995681
     </SimpleData>
     <SimpleData name="OBJECTID_1">
      211
     </SimpleData>
     <SimpleData name="Owner_Dept">
      Education Dept
     </SimpleData>
     <SimpleData name="SchName">
      SMT RAMKALI DEVI SANMAN SINGH VIDYAMANDIR(H.P)
     </SimpleData>
     <SimpleData name="Sch_Type">
      3-Co-educational
     </SimpleData>
     <SimpleData name="Twitter_Ha">
      @mybmcedu
     </SimpleData>
     <SimpleData name="VillageNam">
      S-WARD
     </SimpleData>
     <SimpleData name="Website">
      education.maharashtra.gov.in/saral/27220600230
     </SimpleData>
    </SchemaData>
   </ExtendedData>
   <Point>
    <coordinates>
     72.92917199999999,19.14835,0
    </coordinates>
   </Point>
  </Placemark>
  <Placemark>
   <visibility>
    0
   </visibility>
   <name>
    RAMKALIDEVI SANMAN VIDYAMANDIR ENGLISH
   </name>
   <styleUrl>
    #mumbai_aided_schools_style
   </styleUrl>
   <ExtendedData>
    <SchemaData schemaUrl="#J_mumbai_aided_schools_SIISSSSSISSSSSS">
     <SimpleData name="Address">
      Sanman singh Marg Bhandup West Mumbai-78
     </SimpleData>
     <SimpleData name="Cls_From">
      1
     </SimpleData>
     <SimpleData name="Cls_To">
      4
     </SimpleData>
     <SimpleData name="Email">
      smtrssvidyamandirengpri@gmail.com
     </SimpleData>
     <SimpleData name="GoogleMaps">
      https://www.google.com/maps/search/?api=1&amp;query=19.1483819995585,72.9292510000474
     </SimpleData>
     <SimpleData name="Landline_n">
      022-25957209
     </SimpleData>
     <SimpleData name="Lat">
      19.1483819995585
     </SimpleData>
     <SimpleData name="Long">
      72.9292510000474
     </SimpleData>
     <SimpleData name="OBJECTID_1">
      212
     </SimpleData>
     <SimpleData name="Owner_Dept">
      Education Dept
     </SimpleData>
     <SimpleData name="SchName">
      RAMKALIDEVI SANMAN VIDYAMANDIR ENGLISH
     </SimpleData>
     <SimpleData name="Sch_Type">
      3-Co-educational
     </SimpleData>
     <SimpleData name="Twitter_Ha">
      @mybmcedu
     </SimpleData>
     <SimpleData name="VillageNam">
      S-WARD
     </SimpleData>
     <SimpleData name="Website">
     </SimpleData>
    </SchemaData>
   </ExtendedData>
   <Point>
    <coordinates>
     72.92925099999999,19.148382,0
    </coordinates>
   </Point>
  </Placemark>
  <Placemark>
   <visibility>
    0
   </visibility>
   <name>
    GAYATRI VIDYAMANDIR MARATHI
   </name>
   <styleUrl>
    #mumbai_aided_schools_style
   </styleUrl>
   <ExtendedData>
    <SchemaData schemaUrl="#J_mumbai_aided_schools_SIISSSSSISSSSSS">
     <SimpleData name="Address">
      TULSHIPADA  PIPE LINE BHANDUP 78
     </SimpleData>
     <SimpleData name="Cls_From">
      1
     </SimpleData>
     <SimpleData name="Cls_To">
      4
     </SimpleData>
     <SimpleData name="Email">
      gaymarprimary70@gmail.com
     </SimpleData>
     <SimpleData name="GoogleMaps">
      https://www.google.com/maps/search/?api=1&amp;query=19.1612519992226,72.9298750002602
     </SimpleData>
     <SimpleData name="Landline_n">
      022-25962914
     </SimpleData>
     <SimpleData name="Lat">
      19.1612519992226
     </SimpleData>
     <SimpleData name="Long">
      72.9298750002602
     </SimpleData>
     <SimpleData name="OBJECTID_1">
      213
     </SimpleData>
     <SimpleData name="Owner_Dept">
      Education Dept
     </SimpleData>
     <SimpleData name="SchName">
      GAYATRI VIDYAMANDIR MARATHI
     </SimpleData>
     <SimpleData name="Sch_Type">
      3-Co-educational
     </SimpleData>
     <SimpleData name="Twitter_Ha">
      @mybmcedu
     </SimpleData>
     <SimpleData name="VillageNam">
      S-WARD
     </SimpleData>
     <SimpleData name="Website">
     </SimpleData>
    </SchemaData>
   </ExtendedData>
   <Point>
    <coordinates>
     72.929875,19.161252,0
    </coordinates>
   </Point>
  </Placemark>
  <Placemark>
   <visibility>
    0
   </visibility>
   <name>
    GAYATRI VIDYAMANDIR HIN LP
   </name>
   <styleUrl>
    #mumbai_aided_schools_style
   </styleUrl>
   <ExtendedData>
    <SchemaData schemaUrl="#J_mumbai_aided_schools_SIISSSSSISSSSSS">
     <SimpleData name="Address">
      Gaondevi road, datt mandir,above pipeline,tulshetpada,Bhand up west,Mumbai
     </SimpleData>
     <SimpleData name="Cls_From">
      1
     </SimpleData>
     <SimpleData name="Cls_To">
      4
     </SimpleData>
     <SimpleData name="Email">
      gayhindprimary66@gmail.com
     </SimpleData>
     <SimpleData name="GoogleMaps">
      https://www.google.com/maps/search/?api=1&amp;query=19.1611880002133,72.9297230004461
     </SimpleData>
     <SimpleData name="Landline_n">
      022-25962914
     </SimpleData>
     <SimpleData name="Lat">
      19.1611880002133
     </SimpleData>
     <SimpleData name="Long">
      72.9297230004461
     </SimpleData>
     <SimpleData name="OBJECTID_1">
      214
     </SimpleData>
     <SimpleData name="Owner_Dept">
      Education Dept
     </SimpleData>
     <SimpleData name="SchName">
      GAYATRI VIDYAMANDIR HIN LP
     </SimpleData>
     <SimpleData name="Sch_Type">
      3-Co-educational
     </SimpleData>
     <SimpleData name="Twitter_Ha">
      @mybmcedu
     </SimpleData>
     <SimpleData name="VillageNam">
      S-WARD
     </SimpleData>
     <SimpleData name="Website">
     </SimpleData>
    </SchemaData>
   </ExtendedData>
   <Point>
    <coordinates>
     72.929723,19.161188,0
    </coordinates>
   </Point>
  </Placemark>
  <Placemark>
   <visibility>
    0
   </visibility>
   <name>
    SSM PRAGTIK VIDYALAYA
   </name>
   <styleUrl>
    #mumbai_aided_schools_style
   </styleUrl>
   <ExtendedData>
    <SchemaData schemaUrl="#J_mumbai_aided_schools_SIISSSSSISSSSSS">
     <SimpleData name="Address">
      GAONDEVI ROAD - TEMBIPADA-  BHANDUP  WEST, MUMBAI  400078
     </SimpleData>
     <SimpleData name="Cls_From">
      1
     </SimpleData>
     <SimpleData name="Cls_To">
      4
     </SimpleData>
     <SimpleData name="Email">
      ssmpragatik@yahoo.com
     </SimpleData>
     <SimpleData name="GoogleMaps">
      https://www.google.com/maps/search/?api=1&amp;query=19.1559679999529,72.9319419998056
     </SimpleData>
     <SimpleData name="Landline_n">
      022-25953860
     </SimpleData>
     <SimpleData name="Lat">
      19.1559679999529
     </SimpleData>
     <SimpleData name="Long">
      72.9319419998056
     </SimpleData>
     <SimpleData name="OBJECTID_1">
      215
     </SimpleData>
     <SimpleData name="Owner_Dept">
      Education Dept
     </SimpleData>
     <SimpleData name="SchName">
      SSM PRAGTIK VIDYALAYA
     </SimpleData>
     <SimpleData name="Sch_Type">
      3-Co-educational
     </SimpleData>
     <SimpleData name="Twitter_Ha">
      @mybmcedu
     </SimpleData>
     <SimpleData name="VillageNam">
      S-WARD
     </SimpleData>
     <SimpleData name="Website">
     </SimpleData>
    </SchemaData>
   </ExtendedData>
   <Point>
    <coordinates>
     72.93194200000001,19.155968,0
    </coordinates>
   </Point>
  </Placemark>
  <Placemark>
   <visibility>
    0
   </visibility>
   <name>
    IDEAL HINDI LP
   </name>
   <styleUrl>
    #mumbai_aided_schools_style
   </styleUrl>
   <ExtendedData>
    <SchemaData schemaUrl="#J_mumbai_aided_schools_SIISSSSSISSSSSS">
     <SimpleData name="Address">
      Tulshet Pada ,Lake Road, Bhandup-78.
     </SimpleData>
     <SimpleData name="Cls_From">
      1
     </SimpleData>
     <SimpleData name="Cls_To">
      4
     </SimpleData>
     <SimpleData name="Email">
      hindiprimaryideal@gmail.com
     </SimpleData>
     <SimpleData name="GoogleMaps">
      https://www.google.com/maps/search/?api=1&amp;query=19.1626280004378,72.9328519997142
     </SimpleData>
     <SimpleData name="Landline_n">
      022-25960340
     </SimpleData>
     <SimpleData name="Lat">
      19.1626280004378
     </SimpleData>
     <SimpleData name="Long">
      72.9328519997142
     </SimpleData>
     <SimpleData name="OBJECTID_1">
      216
     </SimpleData>
     <SimpleData name="Owner_Dept">
      Education Dept
     </SimpleData>
     <SimpleData name="SchName">
      IDEAL HINDI LP
     </SimpleData>
     <SimpleData name="Sch_Type">
      3-Co-educational
     </SimpleData>
     <SimpleData name="Twitter_Ha">
      @mybmcedu
     </SimpleData>
     <SimpleData name="VillageNam">
      S-WARD
     </SimpleData>
     <SimpleData name="Website">
      http://idealhighschool.co.in/
     </SimpleData>
    </SchemaData>
   </ExtendedData>
   <Point>
    <coordinates>
     72.932852,19.162628,0
    </coordinates>
   </Point>
  </Placemark>
  <Placemark>
   <visibility>
    0
   </visibility>
   <name>
    SARASWATI HINDI LP
   </name>
   <styleUrl>
    #mumbai_aided_schools_style
   </styleUrl>
   <ExtendedData>
    <SchemaData schemaUrl="#J_mumbai_aided_schools_SIISSSSSISSSSSS">
     <SimpleData name="Address">
      Tulshet pada, lake road, bhandup
     </SimpleData>
     <SimpleData name="Cls_From">
      1
     </SimpleData>
     <SimpleData name="Cls_To">
      4
     </SimpleData>
     <SimpleData name="Email">
      sarswati.hindi.primary@gmail.com
     </SimpleData>
     <SimpleData name="GoogleMaps">
      https://www.google.com/maps/search/?api=1&amp;query=19.1606789998258,72.9318269998341
     </SimpleData>
     <SimpleData name="Landline_n">
      022-25957737
     </SimpleData>
     <SimpleData name="Lat">
      19.1606789998258
     </SimpleData>
     <SimpleData name="Long">
      72.9318269998341
     </SimpleData>
     <SimpleData name="OBJECTID_1">
      217
     </SimpleData>
     <SimpleData name="Owner_Dept">
      Education Dept
     </SimpleData>
     <SimpleData name="SchName">
      SARASWATI HINDI LP
     </SimpleData>
     <SimpleData name="Sch_Type">
      3-Co-educational
     </SimpleData>
     <SimpleData name="Twitter_Ha">
      @mybmcedu
     </SimpleData>
     <SimpleData name="VillageNam">
      S-WARD
     </SimpleData>
     <SimpleData name="Website">
      education.maharashtra.gov.in/saral/27220600259
     </SimpleData>
    </SchemaData>
   </ExtendedData>
   <Point>
    <coordinates>
     72.931827,19.160679,0
    </coordinates>
   </Point>
  </Placemark>
  <Placemark>
   <visibility>
    0
   </visibility>
   <name>
    MOHAMMADI URDU LP
   </name>
   <styleUrl>
    #mumbai_aided_schools_style
   </styleUrl>
   <ExtendedData>
    <SchemaData schemaUrl="#J_mumbai_aided_schools_SIISSSSSISSSSSS">
     <SimpleData name="Address">
      CTS89  HAJI AYUB KHUDADAD KHAN MARG  SONAPUR  BHANDUP  MUMBAI 400078
     </SimpleData>
     <SimpleData name="Cls_From">
      1
     </SimpleData>
     <SimpleData name="Cls_To">
      4
     </SimpleData>
     <SimpleData name="Email">
      mups.school@gmail.com
     </SimpleData>
     <SimpleData name="GoogleMaps">
      https://www.google.com/maps/search/?api=1&amp;query=19.1633279995865,72.9336450003943
     </SimpleData>
     <SimpleData name="Landline_n">
      022-25962896
     </SimpleData>
     <SimpleData name="Lat">
      19.1633279995865
     </SimpleData>
     <SimpleData name="Long">
      72.9336450003943
     </SimpleData>
     <SimpleData name="OBJECTID_1">
      218
     </SimpleData>
     <SimpleData name="Owner_Dept">
      Education Dept
     </SimpleData>
     <SimpleData name="SchName">
      MOHAMMADI URDU LP
     </SimpleData>
     <SimpleData name="Sch_Type">
      3-Co-educational
     </SimpleData>
     <SimpleData name="Twitter_Ha">
      @mybmcedu
     </SimpleData>
     <SimpleData name="VillageNam">
      S-WARD
     </SimpleData>
     <SimpleData name="Website">
      education.maharashtra.gov.in/saral/27220600260
     </SimpleData>
    </SchemaData>
   </ExtendedData>
   <Point>
    <coordinates>
     72.933645,19.163328,0
    </coordinates>
   </Point>
  </Placemark>
  <Placemark>
   <visibility>
    0
   </visibility>
   <name>
    SRI DASMESH PUBLIC SCHOOL
   </name>
   <styleUrl>
    #mumbai_aided_schools_style
   </styleUrl>
   <ExtendedData>
    <SchemaData schemaUrl="#J_mumbai_aided_schools_SIISSSSSISSSSSS">
     <SimpleData name="Address">
      131, guru gobind singh marg, mulund colony, mulund west
     </SimpleData>
     <SimpleData name="Cls_From">
      1
     </SimpleData>
     <SimpleData name="Cls_To">
      4
     </SimpleData>
     <SimpleData name="Email">
      dasmesh13@gmail.com
     </SimpleData>
     <SimpleData name="GoogleMaps">
      https://www.google.com/maps/search/?api=1&amp;query=19.1765960006567,72.9369970004555
     </SimpleData>
     <SimpleData name="Landline_n">
      022-25610708
     </SimpleData>
     <SimpleData name="Lat">
      19.1765960006567
     </SimpleData>
     <SimpleData name="Long">
      72.9369970004555
     </SimpleData>
     <SimpleData name="OBJECTID_1">
      219
     </SimpleData>
     <SimpleData name="Owner_Dept">
      Education Dept
     </SimpleData>
     <SimpleData name="SchName">
      SRI DASMESH PUBLIC SCHOOL
     </SimpleData>
     <SimpleData name="Sch_Type">
      3-Co-educational
     </SimpleData>
     <SimpleData name="Twitter_Ha">
      @mybmcedu
     </SimpleData>
     <SimpleData name="VillageNam">
      T-WARD
     </SimpleData>
     <SimpleData name="Website">
     </SimpleData>
    </SchemaData>
   </ExtendedData>
   <Point>
    <coordinates>
     72.93699700000001,19.176596,0
    </coordinates>
   </Point>
  </Placemark>
  <Placemark>
   <visibility>
    0
   </visibility>
   <name>
    NUTAN SARASWATI HINDI
   </name>
   <styleUrl>
    #mumbai_aided_schools_style
   </styleUrl>
   <ExtendedData>
    <SchemaData schemaUrl="#J_mumbai_aided_schools_SIISSSSSISSSSSS">
     <SimpleData name="Address">
      Amar Nagar G G S Road Mulund W Mumbai 82
     </SimpleData>
     <SimpleData name="Cls_From">
      1
     </SimpleData>
     <SimpleData name="Cls_To">
      4
     </SimpleData>
     <SimpleData name="Email">
      nutansaraswati.vid@gmail.com
     </SimpleData>
     <SimpleData name="GoogleMaps">
      https://www.google.com/maps/search/?api=1&amp;query=19.1701620002145,72.9320369995489
     </SimpleData>
     <SimpleData name="Landline_n">
      022-25928882
     </SimpleData>
     <SimpleData name="Lat">
      19.1701620002145
     </SimpleData>
     <SimpleData name="Long">
      72.9320369995489
     </SimpleData>
     <SimpleData name="OBJECTID_1">
      220
     </SimpleData>
     <SimpleData name="Owner_Dept">
      Education Dept
     </SimpleData>
     <SimpleData name="SchName">
      NUTAN SARASWATI HINDI
     </SimpleData>
     <SimpleData name="Sch_Type">
      3-Co-educational
     </SimpleData>
     <SimpleData name="Twitter_Ha">
      @mybmcedu
     </SimpleData>
     <SimpleData name="VillageNam">
      T-WARD
     </SimpleData>
     <SimpleData name="Website">
     </SimpleData>
    </SchemaData>
   </ExtendedData>
   <Point>
    <coordinates>
     72.93203699999999,19.170162,0
    </coordinates>
   </Point>
  </Placemark>
  <Placemark>
   <visibility>
    0
   </visibility>
   <name>
    MULUND VIDYAMANDIR
   </name>
   <styleUrl>
    #mumbai_aided_schools_style
   </styleUrl>
   <ExtendedData>
    <SchemaData schemaUrl="#J_mumbai_aided_schools_SIISSSSSISSSSSS">
     <SimpleData name="Address">
      J.N.Road,Mulund West Mumbai 400080
     </SimpleData>
     <SimpleData name="Cls_From">
      1
     </SimpleData>
     <SimpleData name="Cls_To">
      4
     </SimpleData>
     <SimpleData name="Email">
      mvm.primary@gmail.com
     </SimpleData>
     <SimpleData name="GoogleMaps">
      https://www.google.com/maps/search/?api=1&amp;query=19.1432850002515,72.9351020003863
     </SimpleData>
     <SimpleData name="Landline_n">
      022-20818478
     </SimpleData>
     <SimpleData name="Lat">
      19.1432850002515
     </SimpleData>
     <SimpleData name="Long">
      72.9351020003863
     </SimpleData>
     <SimpleData name="OBJECTID_1">
      221
     </SimpleData>
     <SimpleData name="Owner_Dept">
      Education Dept
     </SimpleData>
     <SimpleData name="SchName">
      MULUND VIDYAMANDIR
     </SimpleData>
     <SimpleData name="Sch_Type">
      3-Co-educational
     </SimpleData>
     <SimpleData name="Twitter_Ha">
      @mybmcedu
     </SimpleData>
     <SimpleData name="VillageNam">
      T-WARD
     </SimpleData>
     <SimpleData name="Website">
     </SimpleData>
    </SchemaData>
   </ExtendedData>
   <Point>
    <coordinates>
     72.935102,19.143285,0
    </coordinates>
   </Point>
  </Placemark>
  <Placemark>
   <visibility>
    0
   </visibility>
   <name>
    DR. GAJANAN DINKAR PURANDARE
   </name>
   <styleUrl>
    #mumbai_aided_schools_style
   </styleUrl>
   <ExtendedData>
    <SchemaData schemaUrl="#J_mumbai_aided_schools_SIISSSSSISSSSSS">
     <SimpleData name="Address">
      V. P. Road, Mulund w
     </SimpleData>
     <SimpleData name="Cls_From">
      1
     </SimpleData>
     <SimpleData name="Cls_To">
      4
     </SimpleData>
     <SimpleData name="Email">
      gdpurandareschool@gmail.com
     </SimpleData>
     <SimpleData name="GoogleMaps">
      https://www.google.com/maps/search/?api=1&amp;query=19.1703290004327,72.9494790001311
     </SimpleData>
     <SimpleData name="Landline_n">
      022-25643555
     </SimpleData>
     <SimpleData name="Lat">
      19.1703290004327
     </SimpleData>
     <SimpleData name="Long">
      72.9494790001311
     </SimpleData>
     <SimpleData name="OBJECTID_1">
      222
     </SimpleData>
     <SimpleData name="Owner_Dept">
      Education Dept
     </SimpleData>
     <SimpleData name="SchName">
      DR. GAJANAN DINKAR PURANDARE
     </SimpleData>
     <SimpleData name="Sch_Type">
      3-Co-educational
     </SimpleData>
     <SimpleData name="Twitter_Ha">
      @mybmcedu
     </SimpleData>
     <SimpleData name="VillageNam">
      T-WARD
     </SimpleData>
     <SimpleData name="Website">
      www.sarvajanikshikshansanstha.in
     </SimpleData>
    </SchemaData>
   </ExtendedData>
   <Point>
    <coordinates>
     72.949479,19.170329,0
    </coordinates>
   </Point>
  </Placemark>
  <Placemark>
   <visibility>
    0
   </visibility>
   <name>
    SHETH MOTIBHAI PANCHAN RASHTRIYA SHALA
   </name>
   <styleUrl>
    #mumbai_aided_schools_style
   </styleUrl>
   <ExtendedData>
    <SchemaData schemaUrl="#J_mumbai_aided_schools_SIISSSSSISSSSSS">
     <SimpleData name="Address">
      v.p. Road Muiund West mumbai 80
     </SimpleData>
     <SimpleData name="Cls_From">
      1
     </SimpleData>
     <SimpleData name="Cls_To">
      4
     </SimpleData>
     <SimpleData name="Email">
      smprs3675@gmail.com
     </SimpleData>
     <SimpleData name="GoogleMaps">
      https://www.google.com/maps/search/?api=1&amp;query=19.1698710001116,72.9502479996699
     </SimpleData>
     <SimpleData name="Landline_n">
      022-25694634
     </SimpleData>
     <SimpleData name="Lat">
      19.1698710001116
     </SimpleData>
     <SimpleData name="Long">
      72.9502479996699
     </SimpleData>
     <SimpleData name="OBJECTID_1">
      223
     </SimpleData>
     <SimpleData name="Owner_Dept">
      Education Dept
     </SimpleData>
     <SimpleData name="SchName">
      SHETH MOTIBHAI PANCHAN RASHTRIYA SHALA
     </SimpleData>
     <SimpleData name="Sch_Type">
      3-Co-educational
     </SimpleData>
     <SimpleData name="Twitter_Ha">
      @mybmcedu
     </SimpleData>
     <SimpleData name="VillageNam">
      T-WARD
     </SimpleData>
     <SimpleData name="Website">
     </SimpleData>
    </SchemaData>
   </ExtendedData>
   <Point>
    <coordinates>
     72.950248,19.169871,0
    </coordinates>
   </Point>
  </Placemark>
  <Placemark>
   <visibility>
    0
   </visibility>
   <name>
    LOKMANYA LP VIDYALAYA
   </name>
   <styleUrl>
    #mumbai_aided_schools_style
   </styleUrl>
   <ExtendedData>
    <SchemaData schemaUrl="#J_mumbai_aided_schools_SIISSSSSISSSSSS">
     <SimpleData name="Address">
      sharada nilayam sankul,neelam nagar,phaze-2,60 D.P.road,mulund,east
     </SimpleData>
     <SimpleData name="Cls_From">
      1
     </SimpleData>
     <SimpleData name="Cls_To">
      4
     </SimpleData>
     <SimpleData name="Email">
      lpvmulund@gmail.com
     </SimpleData>
     <SimpleData name="GoogleMaps">
      https://www.google.com/maps/search/?api=1&amp;query=19.1736930003953,72.9667250000844
     </SimpleData>
     <SimpleData name="Landline_n">
      022-25630615
     </SimpleData>
     <SimpleData name="Lat">
      19.1736930003953
     </SimpleData>
     <SimpleData name="Long">
      72.9667250000844
     </SimpleData>
     <SimpleData name="OBJECTID_1">
      224
     </SimpleData>
     <SimpleData name="Owner_Dept">
      Education Dept
     </SimpleData>
     <SimpleData name="SchName">
      LOKMANYA LP VIDYALAYA
     </SimpleData>
     <SimpleData name="Sch_Type">
      3-Co-educational
     </SimpleData>
     <SimpleData name="Twitter_Ha">
      @mybmcedu
     </SimpleData>
     <SimpleData name="VillageNam">
      T-WARD
     </SimpleData>
     <SimpleData name="Website">
      www.sharadanilayam.org
     </SimpleData>
    </SchemaData>
   </ExtendedData>
   <Point>
    <coordinates>
     72.966725,19.173693,0
    </coordinates>
   </Point>
  </Placemark>
  <Placemark>
   <visibility>
    0
   </visibility>
   <name>
    VIDYA PRASARAK MANDAL KANNAD LP
   </name>
   <styleUrl>
    #mumbai_aided_schools_style
   </styleUrl>
   <ExtendedData>
    <SchemaData schemaUrl="#J_mumbai_aided_schools_SIISSSSSISSSSSS">
     <SimpleData name="Address">
      Mithagar Road, Mulund East , Mumabi -400081
     </SimpleData>
     <SimpleData name="Cls_From">
      1
     </SimpleData>
     <SimpleData name="Cls_To">
      4
     </SimpleData>
     <SimpleData name="Email">
      vpmssmkkps@yahoo.in
     </SimpleData>
     <SimpleData name="GoogleMaps">
      https://www.google.com/maps/search/?api=1&amp;query=19.1625880000829,72.9544289996321
     </SimpleData>
     <SimpleData name="Landline_n">
      022-25635338
     </SimpleData>
     <SimpleData name="Lat">
      19.1625880000829
     </SimpleData>
     <SimpleData name="Long">
      72.9544289996321
     </SimpleData>
     <SimpleData name="OBJECTID_1">
      225
     </SimpleData>
     <SimpleData name="Owner_Dept">
      Education Dept
     </SimpleData>
     <SimpleData name="SchName">
      VIDYA PRASARAK MANDAL KANNAD LP
     </SimpleData>
     <SimpleData name="Sch_Type">
      3-Co-educational
     </SimpleData>
     <SimpleData name="Twitter_Ha">
      @mybmcedu
     </SimpleData>
     <SimpleData name="VillageNam">
      T-WARD
     </SimpleData>
     <SimpleData name="Website">
      http://www.vpmmulundeast.in/
     </SimpleData>
    </SchemaData>
   </ExtendedData>
   <Point>
    <coordinates>
     72.954429,19.162588,0
    </coordinates>
   </Point>
  </Placemark>
  <Placemark>
   <visibility>
    0
   </visibility>
   <name>
    NAVTARUN UTKARSHA LP
   </name>
   <styleUrl>
    #mumbai_aided_schools_style
   </styleUrl>
   <ExtendedData>
    <SchemaData schemaUrl="#J_mumbai_aided_schools_SIISSSSSISSSSSS">
     <SimpleData name="Address">
      GAVANPADA , M.F.ROAD, MULUND - EAST, MUMBAI 400081
     </SimpleData>
     <SimpleData name="Cls_From">
      1
     </SimpleData>
     <SimpleData name="Cls_To">
      4
     </SimpleData>
     <SimpleData name="Email">
      navtarunutkarsh@gmail.com
     </SimpleData>
     <SimpleData name="GoogleMaps">
      https://www.google.com/maps/search/?api=1&amp;query=19.1736840002751,72.9630029998185
     </SimpleData>
     <SimpleData name="Landline_n">
      022-25634391
     </SimpleData>
     <SimpleData name="Lat">
      19.1736840002751
     </SimpleData>
     <SimpleData name="Long">
      72.9630029998185
     </SimpleData>
     <SimpleData name="OBJECTID_1">
      226
     </SimpleData>
     <SimpleData name="Owner_Dept">
      Education Dept
     </SimpleData>
     <SimpleData name="SchName">
      NAVTARUN UTKARSHA LP
     </SimpleData>
     <SimpleData name="Sch_Type">
      3-Co-educational
     </SimpleData>
     <SimpleData name="Twitter_Ha">
      @mybmcedu
     </SimpleData>
     <SimpleData name="VillageNam">
      T-WARD
     </SimpleData>
     <SimpleData name="Website">
     </SimpleData>
    </SchemaData>
   </ExtendedData>
   <Point>
    <coordinates>
     72.963003,19.173684,0
    </coordinates>
   </Point>
  </Placemark>
  <Placemark>
   <visibility>
    0
   </visibility>
   <name>
    R.R.EDUCATION TRUST MARATHI PRIMARY SCHOOL
   </name>
   <styleUrl>
    #mumbai_aided_schools_style
   </styleUrl>
   <ExtendedData>
    <SchemaData schemaUrl="#J_mumbai_aided_schools_SIISSSSSISSSSSS">
     <SimpleData name="Address">
      A mahanagar palika ,urc 6
     </SimpleData>
     <SimpleData name="Cls_From">
      1
     </SimpleData>
     <SimpleData name="Cls_To">
      4
     </SimpleData>
     <SimpleData name="Email">
      rreducationtrust@yahoo.co.in
     </SimpleData>
     <SimpleData name="GoogleMaps">
      https://www.google.com/maps/search/?api=1&amp;query=19.1670069995002,72.9665730002198
     </SimpleData>
     <SimpleData name="Landline_n">
      022-25635008
     </SimpleData>
     <SimpleData name="Lat">
      19.1670069995002
     </SimpleData>
     <SimpleData name="Long">
      72.9665730002198
     </SimpleData>
     <SimpleData name="OBJECTID_1">
      227
     </SimpleData>
     <SimpleData name="Owner_Dept">
      Education Dept
     </SimpleData>
     <SimpleData name="SchName">
      R.R.EDUCATION TRUST MARATHI PRIMARY SCHOOL
     </SimpleData>
     <SimpleData name="Sch_Type">
      3-Co-educational
     </SimpleData>
     <SimpleData name="Twitter_Ha">
      @mybmcedu
     </SimpleData>
     <SimpleData name="VillageNam">
      T-WARD
     </SimpleData>
     <SimpleData name="Website">
      education.maharashtra.gov.in/saral/27220600379
     </SimpleData>
    </SchemaData>
   </ExtendedData>
   <Point>
    <coordinates>
     72.966573,19.167007,0
    </coordinates>
   </Point>
  </Placemark>
  <Placemark>
   <visibility>
    0
   </visibility>
   <name>
    IES MAR LP
   </name>
   <styleUrl>
    #mumbai_aided_schools_style
   </styleUrl>
   <ExtendedData>
    <SchemaData schemaUrl="#J_mumbai_aided_schools_SIISSSSSISSSSSS">
     <SimpleData name="Address">
      I.E.S.MARATHI PRIMARY SCHOOL MULUND  ARUNODAY NAGAR, NAVGHAR ROAD,MULUND MUMBAI 81
     </SimpleData>
     <SimpleData name="Cls_From">
      1
     </SimpleData>
     <SimpleData name="Cls_To">
      4
     </SimpleData>
     <SimpleData name="Email">
      iesmarathipri.mulund@gmail.com
     </SimpleData>
     <SimpleData name="GoogleMaps">
      https://www.google.com/maps/search/?api=1&amp;query=19.1698680004679,72.9658499998225
     </SimpleData>
     <SimpleData name="Landline_n">
      022-25630186
     </SimpleData>
     <SimpleData name="Lat">
      19.1698680004679
     </SimpleData>
     <SimpleData name="Long">
      72.9658499998225
     </SimpleData>
     <SimpleData name="OBJECTID_1">
      228
     </SimpleData>
     <SimpleData name="Owner_Dept">
      Education Dept
     </SimpleData>
     <SimpleData name="SchName">
      IES MAR LP
     </SimpleData>
     <SimpleData name="Sch_Type">
      3-Co-educational
     </SimpleData>
     <SimpleData name="Twitter_Ha">
      @mybmcedu
     </SimpleData>
     <SimpleData name="VillageNam">
      T-WARD
     </SimpleData>
     <SimpleData name="Website">
      education.maharashtra.gov.in/saral/27220600380
     </SimpleData>
    </SchemaData>
   </ExtendedData>
   <Point>
    <coordinates>
     72.96585,19.169868,0
    </coordinates>
   </Point>
  </Placemark>
  <Placemark>
   <visibility>
    0
   </visibility>
   <name>
    DAYANAND VAIDIK VIDYA LP
   </name>
   <styleUrl>
    #mumbai_aided_schools_style
   </styleUrl>
   <ExtendedData>
    <SchemaData schemaUrl="#J_mumbai_aided_schools_SIISSSSSISSSSSS">
     <SimpleData name="Address">
      Devi dayal Road mulund west
     </SimpleData>
     <SimpleData name="Cls_From">
      1
     </SimpleData>
     <SimpleData name="Cls_To">
      4
     </SimpleData>
     <SimpleData name="Email">
      dimpisantoshsingh1976@gmail.com.com
     </SimpleData>
     <SimpleData name="GoogleMaps">
      https://www.google.com/maps/search/?api=1&amp;query=19.1726680001597,72.9450219997464
     </SimpleData>
     <SimpleData name="Landline_n">
      022-25901005
     </SimpleData>
     <SimpleData name="Lat">
      19.1726680001597
     </SimpleData>
     <SimpleData name="Long">
      72.9450219997464
     </SimpleData>
     <SimpleData name="OBJECTID_1">
      229
     </SimpleData>
     <SimpleData name="Owner_Dept">
      Education Dept
     </SimpleData>
     <SimpleData name="SchName">
      DAYANAND VAIDIK VIDYA LP
     </SimpleData>
     <SimpleData name="Sch_Type">
      3-Co-educational
     </SimpleData>
     <SimpleData name="Twitter_Ha">
      @mybmcedu
     </SimpleData>
     <SimpleData name="VillageNam">
      T-WARD
     </SimpleData>
     <SimpleData name="Website">
     </SimpleData>
    </SchemaData>
   </ExtendedData>
   <Point>
    <coordinates>
     72.94502199999999,19.172668,0
    </coordinates>
   </Point>
  </Placemark>
  <Placemark>
   <visibility>
    0
   </visibility>
   <name>
    HKDC NAVBHARAT NUTAN VIDYALAYA
   </name>
   <styleUrl>
    #mumbai_aided_schools_style
   </styleUrl>
   <ExtendedData>
    <SchemaData schemaUrl="#J_mumbai_aided_schools_SIISSSSSISSSSSS">
     <SimpleData name="Address">
      NETAJI SUBHASH ROAD MULUND WEST MUMBAI400080
     </SimpleData>
     <SimpleData name="Cls_From">
      1
     </SimpleData>
     <SimpleData name="Cls_To">
      4
     </SimpleData>
     <SimpleData name="Email">
      navbharat2017@gmail.com
     </SimpleData>
     <SimpleData name="GoogleMaps">
      https://www.google.com/maps/search/?api=1&amp;query=19.1782280003502,72.9512619993564
     </SimpleData>
     <SimpleData name="Landline_n">
      022-25681787
     </SimpleData>
     <SimpleData name="Lat">
      19.1782280003502
     </SimpleData>
     <SimpleData name="Long">
      72.9512619993564
     </SimpleData>
     <SimpleData name="OBJECTID_1">
      230
     </SimpleData>
     <SimpleData name="Owner_Dept">
      Education Dept
     </SimpleData>
     <SimpleData name="SchName">
      HKDC NAVBHARAT NUTAN VIDYALAYA
     </SimpleData>
     <SimpleData name="Sch_Type">
      3-Co-educational
     </SimpleData>
     <SimpleData name="Twitter_Ha">
      @mybmcedu
     </SimpleData>
     <SimpleData name="VillageNam">
      T-WARD
     </SimpleData>
     <SimpleData name="Website">
      education.maharashtra.gov.in/saral/27220600391
     </SimpleData>
    </SchemaData>
   </ExtendedData>
   <Point>
    <coordinates>
     72.951262,19.178228,0
    </coordinates>
   </Point>
  </Placemark>
  <Placemark>
   <visibility>
    0
   </visibility>
   <name>
    BHAIRAV VIDYALAYA KAMRAJ NGR
   </name>
   <styleUrl>
    #mumbai_aided_schools_style
   </styleUrl>
   <ExtendedData>
    <SchemaData schemaUrl="#J_mumbai_aided_schools_SIISSSSSISSSSSS">
     <SimpleData name="Address">
      Kamraj Nagar,Ghatkopar EAST MUMBAI -77
     </SimpleData>
     <SimpleData name="Cls_From">
      1
     </SimpleData>
     <SimpleData name="Cls_To">
      4
     </SimpleData>
     <SimpleData name="Email">
      bhairavvidyalay@gmail.com
     </SimpleData>
     <SimpleData name="GoogleMaps">
      https://www.google.com/maps/search/?api=1&amp;query=19.0716370006728,72.9159229996189
     </SimpleData>
     <SimpleData name="Landline_n">
      022-0
     </SimpleData>
     <SimpleData name="Lat">
      19.0716370006728
     </SimpleData>
     <SimpleData name="Long">
      72.9159229996189
     </SimpleData>
     <SimpleData name="OBJECTID_1">
      231
     </SimpleData>
     <SimpleData name="Owner_Dept">
      Education Dept
     </SimpleData>
     <SimpleData name="SchName">
      BHAIRAV VIDYALAYA KAMRAJ NGR
     </SimpleData>
     <SimpleData name="Sch_Type">
      3-Co-educational
     </SimpleData>
     <SimpleData name="Twitter_Ha">
      @mybmcedu
     </SimpleData>
     <SimpleData name="VillageNam">
      N  WARD
     </SimpleData>
     <SimpleData name="Website">
     </SimpleData>
    </SchemaData>
   </ExtendedData>
   <Point>
    <coordinates>
     72.91592300000001,19.071637,0
    </coordinates>
   </Point>
  </Placemark>
  <Placemark>
   <visibility>
    0
   </visibility>
   <name>
    VIDYABHAVAN LP MAR
   </name>
   <styleUrl>
    #mumbai_aided_schools_style
   </styleUrl>
   <ExtendedData>
    <SchemaData schemaUrl="#J_mumbai_aided_schools_SIISSSSSISSSSSS">
     <SimpleData name="Address">
      CTS 218, Br. nath pai nagar, Ghatkopar east , Mumbai 400077
     </SimpleData>
     <SimpleData name="Cls_From">
      1
     </SimpleData>
     <SimpleData name="Cls_To">
      4
     </SimpleData>
     <SimpleData name="Email">
      pvgmpm@gmail.com
     </SimpleData>
     <SimpleData name="GoogleMaps">
      https://www.google.com/maps/search/?api=1&amp;query=19.0721559996554,72.9068850001073
     </SimpleData>
     <SimpleData name="Landline_n">
      022-25062322
     </SimpleData>
     <SimpleData name="Lat">
      19.072639509647285
     </SimpleData>
     <SimpleData name="Long">
      72.90712964672078
     </SimpleData>
     <SimpleData name="OBJECTID_1">
      232
     </SimpleData>
     <SimpleData name="Owner_Dept">
      Education Dept
     </SimpleData>
     <SimpleData name="SchName">
      VIDYABHAVAN LP MAR
     </SimpleData>
     <SimpleData name="Sch_Type">
      3-Co-educational
     </SimpleData>
     <SimpleData name="Twitter_Ha">
      @mybmcedu
     </SimpleData>
     <SimpleData name="VillageNam">
      N  WARD
     </SimpleData>
     <SimpleData name="Website">
      www.pvgvidyabhawan.org
     </SimpleData>
    </SchemaData>
   </ExtendedData>
   <Point>
    <coordinates>
     72.906885,19.0726395,0
    </coordinates>
   </Point>
  </Placemark>
  <Placemark>
   <visibility>
    0
   </visibility>
   <name>
    VIDYA BHAWAN PRI ENGLISH SCHOOL
   </name>
   <styleUrl>
    #mumbai_aided_schools_style
   </styleUrl>
   <ExtendedData>
    <SchemaData schemaUrl="#J_mumbai_aided_schools_SIISSSSSISSSSSS">
     <SimpleData name="Address">
      CTS- 218, Br.Nath Pai, Ghatkopar East, Mumbai -77.
     </SimpleData>
     <SimpleData name="Cls_From">
      1
     </SimpleData>
     <SimpleData name="Cls_To">
      4
     </SimpleData>
     <SimpleData name="Email">
      pvg.vidyabhavan@gmail.com
     </SimpleData>
     <SimpleData name="GoogleMaps">
      https://www.google.com/maps/search/?api=1&amp;query=19.0721559996554,72.9068850001073
     </SimpleData>
     <SimpleData name="Landline_n">
      022-25062322
     </SimpleData>
     <SimpleData name="Lat">
      19.072639509647285
     </SimpleData>
     <SimpleData name="Long">
      72.90712964672078
     </SimpleData>
     <SimpleData name="OBJECTID_1">
      233
     </SimpleData>
     <SimpleData name="Owner_Dept">
      Education Dept
     </SimpleData>
     <SimpleData name="SchName">
      VIDYA BHAWAN PRI ENGLISH SCHOOL
     </SimpleData>
     <SimpleData name="Sch_Type">
      3-Co-educational
     </SimpleData>
     <SimpleData name="Twitter_Ha">
      @mybmcedu
     </SimpleData>
     <SimpleData name="VillageNam">
      N  WARD
     </SimpleData>
     <SimpleData name="Website">
      pvgvidyabhawan.com
     </SimpleData>
    </SchemaData>
   </ExtendedData>
   <Point>
    <coordinates>
     72.906885,19.0726395,0
    </coordinates>
   </Point>
  </Placemark>
  <Placemark>
   <visibility>
    0
   </visibility>
   <name>
    SHANTILAL KARAMSHI SOMAIYA LP
   </name>
   <styleUrl>
    #mumbai_aided_schools_style
   </styleUrl>
   <ExtendedData>
    <SchemaData schemaUrl="#J_mumbai_aided_schools_SIISSSSSISSSSSS">
     <SimpleData name="Address">
      SOMAIYA CAMPUS, SOMAIYA VIDYAVIHAR , VIDYAVIHAR MUMBAI 77
     </SimpleData>
     <SimpleData name="Cls_From">
      1
     </SimpleData>
     <SimpleData name="Cls_To">
      4
     </SimpleData>
     <SimpleData name="Email">
      principal.vmprimary@somaiya.edu
     </SimpleData>
     <SimpleData name="GoogleMaps">
      https://www.google.com/maps/search/?api=1&amp;query=19.0754279996784,72.8990229995574
     </SimpleData>
     <SimpleData name="Landline_n">
      022-21027374
     </SimpleData>
     <SimpleData name="Lat">
      19.0754279996784
     </SimpleData>
     <SimpleData name="Long">
      72.8990229995574
     </SimpleData>
     <SimpleData name="OBJECTID_1">
      234
     </SimpleData>
     <SimpleData name="Owner_Dept">
      Education Dept
     </SimpleData>
     <SimpleData name="SchName">
      SHANTILAL KARAMSHI SOMAIYA LP
     </SimpleData>
     <SimpleData name="Sch_Type">
      3-Co-educational
     </SimpleData>
     <SimpleData name="Twitter_Ha">
      @mybmcedu
     </SimpleData>
     <SimpleData name="VillageNam">
      N  WARD
     </SimpleData>
     <SimpleData name="Website">
     </SimpleData>
    </SchemaData>
   </ExtendedData>
   <Point>
    <coordinates>
     72.899023,19.075428,0
    </coordinates>
   </Point>
  </Placemark>
  <Placemark>
   <visibility>
    0
   </visibility>
   <name>
    SMT R N SHETH RATNA CHANDRJI E
   </name>
   <styleUrl>
    #mumbai_aided_schools_style
   </styleUrl>
   <ExtendedData>
    <SchemaData schemaUrl="#J_mumbai_aided_schools_SIISSSSSISSSSSS">
     <SimpleData name="Address">
      JUNCTION OF CAMA LANE AND HANSOTI LANE GHATKOPAR WEST MUMBAI 400086
     </SimpleData>
     <SimpleData name="Cls_From">
      1
     </SimpleData>
     <SimpleData name="Cls_To">
      4
     </SimpleData>
     <SimpleData name="Email">
      rnshethengpri@gmail.com
     </SimpleData>
     <SimpleData name="GoogleMaps">
      https://www.google.com/maps/search/?api=1&amp;query=19.0836700001062,72.9014170001658
     </SimpleData>
     <SimpleData name="Landline_n">
      022-25164361
     </SimpleData>
     <SimpleData name="Lat">
      19.0836700001062
     </SimpleData>
     <SimpleData name="Long">
      72.9014170001658
     </SimpleData>
     <SimpleData name="OBJECTID_1">
      235
     </SimpleData>
     <SimpleData name="Owner_Dept">
      Education Dept
     </SimpleData>
     <SimpleData name="SchName">
      SMT R N SHETH RATNA CHANDRJI E
     </SimpleData>
     <SimpleData name="Sch_Type">
      2-Girls
     </SimpleData>
     <SimpleData name="Twitter_Ha">
      @mybmcedu
     </SimpleData>
     <SimpleData name="VillageNam">
      N  WARD
     </SimpleData>
     <SimpleData name="Website">
      sprjktrust.org
     </SimpleData>
    </SchemaData>
   </ExtendedData>
   <Point>
    <coordinates>
     72.901417,19.08367,0
    </coordinates>
   </Point>
  </Placemark>
  <Placemark>
   <visibility>
    0
   </visibility>
   <name>
    SHRI MUMBADEVI MANDIR RATNCHAN
   </name>
   <styleUrl>
    #mumbai_aided_schools_style
   </styleUrl>
   <ExtendedData>
    <SchemaData schemaUrl="#J_mumbai_aided_schools_SIISSSSSISSSSSS">
     <SimpleData name="Address">
      Cama lane and Hansoti lane Ghatkioar west Mumbai 400086
     </SimpleData>
     <SimpleData name="Cls_From">
      1
     </SimpleData>
     <SimpleData name="Cls_To">
      4
     </SimpleData>
     <SimpleData name="Email">
      mmrpkshala@gmail.com
     </SimpleData>
     <SimpleData name="GoogleMaps">
      https://www.google.com/maps/search/?api=1&amp;query=19.0836399997785,72.9014340000583
     </SimpleData>
     <SimpleData name="Landline_n">
      022-25164361
     </SimpleData>
     <SimpleData name="Lat">
      19.0836399997785
     </SimpleData>
     <SimpleData name="Long">
      72.9014340000583
     </SimpleData>
     <SimpleData name="OBJECTID_1">
      236
     </SimpleData>
     <SimpleData name="Owner_Dept">
      Education Dept
     </SimpleData>
     <SimpleData name="SchName">
      SHRI MUMBADEVI MANDIR RATNCHAN
     </SimpleData>
     <SimpleData name="Sch_Type">
      2-Girls
     </SimpleData>
     <SimpleData name="Twitter_Ha">
      @mybmcedu
     </SimpleData>
     <SimpleData name="VillageNam">
      N  WARD
     </SimpleData>
     <SimpleData name="Website">
     </SimpleData>
    </SchemaData>
   </ExtendedData>
   <Point>
    <coordinates>
     72.90143399999999,19.08364,0
    </coordinates>
   </Point>
  </Placemark>
  <Placemark>
   <visibility>
    0
   </visibility>
   <name>
    RAMJI AASAR VIDYALAYA GUJ
   </name>
   <styleUrl>
    #mumbai_aided_schools_style
   </styleUrl>
   <ExtendedData>
    <SchemaData schemaUrl="#J_mumbai_aided_schools_SIISSSSSISSSSSS">
     <SimpleData name="Address">
      M.G.ROAD, GHATKOPAR EAST, MUMBAI - 400077
     </SimpleData>
     <SimpleData name="Cls_From">
      1
     </SimpleData>
     <SimpleData name="Cls_To">
      4
     </SimpleData>
     <SimpleData name="Email">
      ravguj11@yahoo.com
     </SimpleData>
     <SimpleData name="GoogleMaps">
      https://www.google.com/maps/search/?api=1&amp;query=19.0816730001258,72.9039570001344
     </SimpleData>
     <SimpleData name="Landline_n">
      022-67551358
     </SimpleData>
     <SimpleData name="Lat">
      19.0816730001258
     </SimpleData>
     <SimpleData name="Long">
      72.9039570001344
     </SimpleData>
     <SimpleData name="OBJECTID_1">
      237
     </SimpleData>
     <SimpleData name="Owner_Dept">
      Education Dept
     </SimpleData>
     <SimpleData name="SchName">
      RAMJI AASAR VIDYALAYA GUJ
     </SimpleData>
     <SimpleData name="Sch_Type">
      3-Co-educational
     </SimpleData>
     <SimpleData name="Twitter_Ha">
      @mybmcedu
     </SimpleData>
     <SimpleData name="VillageNam">
      N  WARD
     </SimpleData>
     <SimpleData name="Website">
      www.ramjiassar.org
     </SimpleData>
    </SchemaData>
   </ExtendedData>
   <Point>
    <coordinates>
     72.90395700000001,19.081673,0
    </coordinates>
   </Point>
  </Placemark>
  <Placemark>
   <visibility>
    0
   </visibility>
   <name>
    ANJUMAN KAIRUL ISLAM URD LP
   </name>
   <styleUrl>
    #mumbai_aided_schools_style
   </styleUrl>
   <ExtendedData>
    <SchemaData schemaUrl="#J_mumbai_aided_schools_SIISSSSSISSSSSS">
     <SimpleData name="Address">
      Near Jama Masjid Chirag Nagar Ghatkopar w
     </SimpleData>
     <SimpleData name="Cls_From">
      1
     </SimpleData>
     <SimpleData name="Cls_To">
      4
     </SimpleData>
     <SimpleData name="Email">
      akIpghatkopar@gmail.com
     </SimpleData>
     <SimpleData name="GoogleMaps">
      https://www.google.com/maps/search/?api=1&amp;query=19.0878440003832,72.8996249997003
     </SimpleData>
     <SimpleData name="Landline_n">
      022-25122525
     </SimpleData>
     <SimpleData name="Lat">
      19.0878440003832
     </SimpleData>
     <SimpleData name="Long">
      72.8996249997003
     </SimpleData>
     <SimpleData name="OBJECTID_1">
      238
     </SimpleData>
     <SimpleData name="Owner_Dept">
      Education Dept
     </SimpleData>
     <SimpleData name="SchName">
      ANJUMAN KAIRUL ISLAM URD LP
     </SimpleData>
     <SimpleData name="Sch_Type">
      3-Co-educational
     </SimpleData>
     <SimpleData name="Twitter_Ha">
      @mybmcedu
     </SimpleData>
     <SimpleData name="VillageNam">
      N  WARD
     </SimpleData>
     <SimpleData name="Website">
     </SimpleData>
    </SchemaData>
   </ExtendedData>
   <Point>
    <coordinates>
     72.899625,19.087844,0
    </coordinates>
   </Point>
  </Placemark>
  <Placemark>
   <visibility>
    0
   </visibility>
   <name>
    LITTLE STAR  ENG
   </name>
   <styleUrl>
    #mumbai_aided_schools_style
   </styleUrl>
   <ExtendedData>
    <SchemaData schemaUrl="#J_mumbai_aided_schools_SIISSSSSISSSSSS">
     <SimpleData name="Address">
      CHIRAGNAGARGHATKOPARWESTMUMBAI400086
     </SimpleData>
     <SimpleData name="Cls_From">
      1
     </SimpleData>
     <SimpleData name="Cls_To">
      4
     </SimpleData>
     <SimpleData name="Email">
      lsehs1975@gmail.com
     </SimpleData>
     <SimpleData name="GoogleMaps">
      https://www.google.com/maps/search/?api=1&amp;query=19.0881080003194,72.8988119997773
     </SimpleData>
     <SimpleData name="Landline_n">
      022-0
     </SimpleData>
     <SimpleData name="Lat">
      19.0881080003194
     </SimpleData>
     <SimpleData name="Long">
      72.8988119997773
     </SimpleData>
     <SimpleData name="OBJECTID_1">
      239
     </SimpleData>
     <SimpleData name="Owner_Dept">
      Education Dept
     </SimpleData>
     <SimpleData name="SchName">
      LITTLE STAR  ENG
     </SimpleData>
     <SimpleData name="Sch_Type">
      3-Co-educational
     </SimpleData>
     <SimpleData name="Twitter_Ha">
      @mybmcedu
     </SimpleData>
     <SimpleData name="VillageNam">
      N  WARD
     </SimpleData>
     <SimpleData name="Website">
     </SimpleData>
    </SchemaData>
   </ExtendedData>
   <Point>
    <coordinates>
     72.89881200000001,19.088108,0
    </coordinates>
   </Point>
  </Placemark>
  <Placemark>
   <visibility>
    0
   </visibility>
   <name>
    ABHYUDAY VIDYALAYA PARSHI WADI
   </name>
   <styleUrl>
    #mumbai_aided_schools_style
   </styleUrl>
   <ExtendedData>
    <SchemaData schemaUrl="#J_mumbai_aided_schools_SIISSSSSISSSSSS">
     <SimpleData name="Address">
      PARSIWADI,GHATKOPAR,MUMBAI-86
     </SimpleData>
     <SimpleData name="Cls_From">
      1
     </SimpleData>
     <SimpleData name="Cls_To">
      4
     </SimpleData>
     <SimpleData name="Email">
      abhyudayvidyalay532@gmail.com
     </SimpleData>
     <SimpleData name="GoogleMaps">
      https://www.google.com/maps/search/?api=1&amp;query=19.0908010001531,72.9001869996
     </SimpleData>
     <SimpleData name="Landline_n">
      022-0
     </SimpleData>
     <SimpleData name="Lat">
      19.0908010001531
     </SimpleData>
     <SimpleData name="Long">
      72.9001869996
     </SimpleData>
     <SimpleData name="OBJECTID_1">
      240
     </SimpleData>
     <SimpleData name="Owner_Dept">
      Education Dept
     </SimpleData>
     <SimpleData name="SchName">
      ABHYUDAY VIDYALAYA PARSHI WADI
     </SimpleData>
     <SimpleData name="Sch_Type">
      3-Co-educational
     </SimpleData>
     <SimpleData name="Twitter_Ha">
      @mybmcedu
     </SimpleData>
     <SimpleData name="VillageNam">
      N  WARD
     </SimpleData>
     <SimpleData name="Website">
     </SimpleData>
    </SchemaData>
   </ExtendedData>
   <Point>
    <coordinates>
     72.900187,19.090801,0
    </coordinates>
   </Point>
  </Placemark>
  <Placemark>
   <visibility>
    0
   </visibility>
   <name>
    SARASWATI VIDYAMADIR BHATWADI
   </name>
   <styleUrl>
    #mumbai_aided_schools_style
   </styleUrl>
   <ExtendedData>
    <SchemaData schemaUrl="#J_mumbai_aided_schools_SIISSSSSISSSSSS">
     <SimpleData name="Address">
      Saraswati Vidya Mandir Bhatwadi Ghatkopar
     </SimpleData>
     <SimpleData name="Cls_From">
      1
     </SimpleData>
     <SimpleData name="Cls_To">
      4
     </SimpleData>
     <SimpleData name="Email">
      saraswatip0811@gmail.com
     </SimpleData>
     <SimpleData name="GoogleMaps">
      https://www.google.com/maps/search/?api=1&amp;query=19.0926479998083,72.9025469997348
     </SimpleData>
     <SimpleData name="Landline_n">
      022-25167043
     </SimpleData>
     <SimpleData name="Lat">
      19.0926479998083
     </SimpleData>
     <SimpleData name="Long">
      72.9025469997348
     </SimpleData>
     <SimpleData name="OBJECTID_1">
      241
     </SimpleData>
     <SimpleData name="Owner_Dept">
      Education Dept
     </SimpleData>
     <SimpleData name="SchName">
      SARASWATI VIDYAMADIR BHATWADI
     </SimpleData>
     <SimpleData name="Sch_Type">
      3-Co-educational
     </SimpleData>
     <SimpleData name="Twitter_Ha">
      @mybmcedu
     </SimpleData>
     <SimpleData name="VillageNam">
      N  WARD
     </SimpleData>
     <SimpleData name="Website">
      www.saraswatividyamandir.org.in
     </SimpleData>
    </SchemaData>
   </ExtendedData>
   <Point>
    <coordinates>
     72.902547,19.092648,0
    </coordinates>
   </Point>
  </Placemark>
  <Placemark>
   <visibility>
    0
   </visibility>
   <name>
    DNYANPRAKASH VIDYALAYA BHATWADI
   </name>
   <styleUrl>
    #mumbai_aided_schools_style
   </styleUrl>
   <ExtendedData>
    <SchemaData schemaUrl="#J_mumbai_aided_schools_SIISSSSSISSSSSS">
     <SimpleData name="Address">
      BHATWADI GHATKOPAR WEST MUMBAI 400 084
     </SimpleData>
     <SimpleData name="Cls_From">
      1
     </SimpleData>
     <SimpleData name="Cls_To">
      4
     </SimpleData>
     <SimpleData name="Email">
      dpvprimary@yahoo.com
     </SimpleData>
     <SimpleData name="GoogleMaps">
      https://www.google.com/maps/search/?api=1&amp;query=19.0947909993746,72.900769999311
     </SimpleData>
     <SimpleData name="Landline_n">
      022-25159494
     </SimpleData>
     <SimpleData name="Lat">
      19.0947909993746
     </SimpleData>
     <SimpleData name="Long">
      72.900769999311
     </SimpleData>
     <SimpleData name="OBJECTID_1">
      242
     </SimpleData>
     <SimpleData name="Owner_Dept">
      Education Dept
     </SimpleData>
     <SimpleData name="SchName">
      DNYANPRAKASH VIDYALAYA BHATWADI
     </SimpleData>
     <SimpleData name="Sch_Type">
      3-Co-educational
     </SimpleData>
     <SimpleData name="Twitter_Ha">
      @mybmcedu
     </SimpleData>
     <SimpleData name="VillageNam">
      N  WARD
     </SimpleData>
     <SimpleData name="Website">
     </SimpleData>
    </SchemaData>
   </ExtendedData>
   <Point>
    <coordinates>
     72.90076999999999,19.094791,0
    </coordinates>
   </Point>
  </Placemark>
  <Placemark>
   <visibility>
    0
   </visibility>
   <name>
    THE NORTH MUMBAI  WELFARE SOCIETY'S PRIMARY SCHOOL
   </name>
   <styleUrl>
    #mumbai_aided_schools_style
   </styleUrl>
   <ExtendedData>
    <SchemaData schemaUrl="#J_mumbai_aided_schools_SIISSSSSISSSSSS">
     <SimpleData name="Address">
      RIFLE RANGE GHATKOPAR WEST MUMBAI 400086
     </SimpleData>
     <SimpleData name="Cls_From">
      1
     </SimpleData>
     <SimpleData name="Cls_To">
      4
     </SimpleData>
     <SimpleData name="Email">
      apjps@sies.edu.in
     </SimpleData>
     <SimpleData name="GoogleMaps">
      https://www.google.com/maps/search/?api=1&amp;query=19.0971440001728,72.9072230005357
     </SimpleData>
     <SimpleData name="Landline_n">
      022-25150444
     </SimpleData>
     <SimpleData name="Lat">
      19.0971440001728
     </SimpleData>
     <SimpleData name="Long">
      72.9072230005357
     </SimpleData>
     <SimpleData name="OBJECTID_1">
      243
     </SimpleData>
     <SimpleData name="Owner_Dept">
      Education Dept
     </SimpleData>
     <SimpleData name="SchName">
      THE NORTH MUMBAI  WELFARE SOCIETY'S PRIMARY SCHOOL
     </SimpleData>
     <SimpleData name="Sch_Type">
      3-Co-educational
     </SimpleData>
     <SimpleData name="Twitter_Ha">
      @mybmcedu
     </SimpleData>
     <SimpleData name="VillageNam">
      N  WARD
     </SimpleData>
     <SimpleData name="Website">
     </SimpleData>
    </SchemaData>
   </ExtendedData>
   <Point>
    <coordinates>
     72.907223,19.097144,0
    </coordinates>
   </Point>
  </Placemark>
  <Placemark>
   <visibility>
    0
   </visibility>
   <name>
    SHRI.PRADEEPKUMAR VADILAL GURUKUL GUJARATI SHALA
   </name>
   <styleUrl>
    #mumbai_aided_schools_style
   </styleUrl>
   <ExtendedData>
    <SchemaData schemaUrl="#J_mumbai_aided_schools_SIISSSSSISSSSSS">
     <SimpleData name="Address">
      Navroji Cross Lane, M. G. Road, Ghatkopar West, Mumbai - 400086
     </SimpleData>
     <SimpleData name="Cls_From">
      1
     </SimpleData>
     <SimpleData name="Cls_To">
      4
     </SimpleData>
     <SimpleData name="Email">
      pvgurukulgujshala@gmail.comm
     </SimpleData>
     <SimpleData name="GoogleMaps">
      https://www.google.com/maps/search/?api=1&amp;query=19.0859279998671,72.9046129994832
     </SimpleData>
     <SimpleData name="Landline_n">
      022-25124617
     </SimpleData>
     <SimpleData name="Lat">
      19.0859279998671
     </SimpleData>
     <SimpleData name="Long">
      72.9046129994832
     </SimpleData>
     <SimpleData name="OBJECTID_1">
      244
     </SimpleData>
     <SimpleData name="Owner_Dept">
      Education Dept
     </SimpleData>
     <SimpleData name="SchName">
      SHRI.PRADEEPKUMAR VADILAL GURUKUL GUJARATI SHALA
     </SimpleData>
     <SimpleData name="Sch_Type">
      3-Co-educational
     </SimpleData>
     <SimpleData name="Twitter_Ha">
      @mybmcedu
     </SimpleData>
     <SimpleData name="VillageNam">
      N  WARD
     </SimpleData>
     <SimpleData name="Website">
     </SimpleData>
    </SchemaData>
   </ExtendedData>
   <Point>
    <coordinates>
     72.904613,19.085928,0
    </coordinates>
   </Point>
  </Placemark>
  <Placemark>
   <visibility>
    0
   </visibility>
   <name>
    HINDI HIGH SCHOOLPRIMARY SECTION
   </name>
   <styleUrl>
    #mumbai_aided_schools_style
   </styleUrl>
   <ExtendedData>
    <SchemaData schemaUrl="#J_mumbai_aided_schools_SIISSSSSISSSSSS">
     <SimpleData name="Address">
      MUMBAI GHATKOPAR WEST
     </SimpleData>
     <SimpleData name="Cls_From">
      1
     </SimpleData>
     <SimpleData name="Cls_To">
      4
     </SimpleData>
     <SimpleData name="Email">
      hindihighschool1938@gmail.com
     </SimpleData>
     <SimpleData name="GoogleMaps">
      https://www.google.com/maps/search/?api=1&amp;query=19.0877249997627,72.9097789995468
     </SimpleData>
     <SimpleData name="Landline_n">
      022-25152709
     </SimpleData>
     <SimpleData name="Lat">
      19.0877249997627
     </SimpleData>
     <SimpleData name="Long">
      72.9097789995468
     </SimpleData>
     <SimpleData name="OBJECTID_1">
      245
     </SimpleData>
     <SimpleData name="Owner_Dept">
      Education Dept
     </SimpleData>
     <SimpleData name="SchName">
      HINDI HIGH SCHOOLPRIMARY SECTION
     </SimpleData>
     <SimpleData name="Sch_Type">
      3-Co-educational
     </SimpleData>
     <SimpleData name="Twitter_Ha">
      @mybmcedu
     </SimpleData>
     <SimpleData name="VillageNam">
      N  WARD
     </SimpleData>
     <SimpleData name="Website">
     </SimpleData>
    </SchemaData>
   </ExtendedData>
   <Point>
    <coordinates>
     72.909779,19.087725,0
    </coordinates>
   </Point>
  </Placemark>
  <Placemark>
   <visibility>
    0
   </visibility>
   <name>
    SHIVAJI SHIKSHAN SANSTHA LP
   </name>
   <styleUrl>
    #mumbai_aided_schools_style
   </styleUrl>
   <ExtendedData>
    <SchemaData schemaUrl="#J_mumbai_aided_schools_SIISSSSSISSSSSS">
     <SimpleData name="Address">
      Pantnagar Ghatkopar East,  Mumbai 400 075
     </SimpleData>
     <SimpleData name="Cls_From">
      1
     </SimpleData>
     <SimpleData name="Cls_To">
      4
     </SimpleData>
     <SimpleData name="Email">
      sssprimarymarathimedium@gmail.com
     </SimpleData>
     <SimpleData name="GoogleMaps">
      https://www.google.com/maps/search/?api=1&amp;query=19.0844070002025,72.9134550003113
     </SimpleData>
     <SimpleData name="Landline_n">
      022-25653498
     </SimpleData>
     <SimpleData name="Lat">
      19.0844070002025
     </SimpleData>
     <SimpleData name="Long">
      72.9134550003113
     </SimpleData>
     <SimpleData name="OBJECTID_1">
      246
     </SimpleData>
     <SimpleData name="Owner_Dept">
      Education Dept
     </SimpleData>
     <SimpleData name="SchName">
      SHIVAJI SHIKSHAN SANSTHA LP
     </SimpleData>
     <SimpleData name="Sch_Type">
      3-Co-educational
     </SimpleData>
     <SimpleData name="Twitter_Ha">
      @mybmcedu
     </SimpleData>
     <SimpleData name="VillageNam">
      N  WARD
     </SimpleData>
     <SimpleData name="Website">
     </SimpleData>
    </SchemaData>
   </ExtendedData>
   <Point>
    <coordinates>
     72.913455,19.084407,0
    </coordinates>
   </Point>
  </Placemark>
  <Placemark>
   <visibility>
    0
   </visibility>
   <name>
    SHISHU VIKAS PRATHAMIK VIDYALAY GJATKOPAR (E)
   </name>
   <styleUrl>
    #mumbai_aided_schools_style
   </styleUrl>
   <ExtendedData>
    <SchemaData schemaUrl="#J_mumbai_aided_schools_SIISSSSSISSSSSS">
     <SimpleData name="Address">
      279 PANTNAGAR GHATKOPAR E MUMBAI 400075
     </SimpleData>
     <SimpleData name="Cls_From">
      1
     </SimpleData>
     <SimpleData name="Cls_To">
      4
     </SimpleData>
     <SimpleData name="Email">
      vanitavikasvpv@gmail.com
     </SimpleData>
     <SimpleData name="GoogleMaps">
      https://www.google.com/maps/search/?api=1&amp;query=19.0856230001479,72.9105680001313
     </SimpleData>
     <SimpleData name="Landline_n">
      022-21022838
     </SimpleData>
     <SimpleData name="Lat">
      19.0856230001479
     </SimpleData>
     <SimpleData name="Long">
      72.9105680001313
     </SimpleData>
     <SimpleData name="OBJECTID_1">
      247
     </SimpleData>
     <SimpleData name="Owner_Dept">
      Education Dept
     </SimpleData>
     <SimpleData name="SchName">
      SHISHU VIKAS PRATHAMIK VIDYALAY GJATKOPAR (E)
     </SimpleData>
     <SimpleData name="Sch_Type">
      3-Co-educational
     </SimpleData>
     <SimpleData name="Twitter_Ha">
      @mybmcedu
     </SimpleData>
     <SimpleData name="VillageNam">
      N  WARD
     </SimpleData>
     <SimpleData name="Website">
     </SimpleData>
    </SchemaData>
   </ExtendedData>
   <Point>
    <coordinates>
     72.910568,19.085623,0
    </coordinates>
   </Point>
  </Placemark>
  <Placemark>
   <visibility>
    0
   </visibility>
   <name>
    MAHARASHTRA MANDAL LP
   </name>
   <styleUrl>
    #mumbai_aided_schools_style
   </styleUrl>
   <ExtendedData>
    <SchemaData schemaUrl="#J_mumbai_aided_schools_SIISSSSSISSSSSS">
     <SimpleData name="Address">
      OFFICE BULD.NO.8 PANTNAGAR GHATKOPAR EAST
     </SimpleData>
     <SimpleData name="Cls_From">
      1
     </SimpleData>
     <SimpleData name="Cls_To">
      4
     </SimpleData>
     <SimpleData name="Email">
      mmpschool1979@gmail.com
     </SimpleData>
     <SimpleData name="GoogleMaps">
      https://www.google.com/maps/search/?api=1&amp;query=19.0851310006132,72.9121849995381
     </SimpleData>
     <SimpleData name="Landline_n">
      022-0
     </SimpleData>
     <SimpleData name="Lat">
      19.0851310006132
     </SimpleData>
     <SimpleData name="Long">
      72.9121849995381
     </SimpleData>
     <SimpleData name="OBJECTID_1">
      248
     </SimpleData>
     <SimpleData name="Owner_Dept">
      Education Dept
     </SimpleData>
     <SimpleData name="SchName">
      MAHARASHTRA MANDAL LP
     </SimpleData>
     <SimpleData name="Sch_Type">
      3-Co-educational
     </SimpleData>
     <SimpleData name="Twitter_Ha">
      @mybmcedu
     </SimpleData>
     <SimpleData name="VillageNam">
      N  WARD
     </SimpleData>
     <SimpleData name="Website">
     </SimpleData>
    </SchemaData>
   </ExtendedData>
   <Point>
    <coordinates>
     72.91218499999999,19.085131,0
    </coordinates>
   </Point>
  </Placemark>
  <Placemark>
   <visibility>
    0
   </visibility>
   <name>
    SHETH DHANJI DEVSHI RASHTRIYA
   </name>
   <styleUrl>
    #mumbai_aided_schools_style
   </styleUrl>
   <ExtendedData>
    <SchemaData schemaUrl="#J_mumbai_aided_schools_SIISSSSSISSSSSS">
     <SimpleData name="Address">
      Upashraya lane Ghatkopar east Mumbai 400077
     </SimpleData>
     <SimpleData name="Cls_From">
      1
     </SimpleData>
     <SimpleData name="Cls_To">
      4
     </SimpleData>
     <SimpleData name="Email">
      sddrdgujpri@gmail.com
     </SimpleData>
     <SimpleData name="GoogleMaps">
      https://www.google.com/maps/search/?api=1&amp;query=19.0828759992603,72.9085609999381
     </SimpleData>
     <SimpleData name="Landline_n">
      022-25010421
     </SimpleData>
     <SimpleData name="Lat">
      19.0828759992603
     </SimpleData>
     <SimpleData name="Long">
      72.9085609999381
     </SimpleData>
     <SimpleData name="OBJECTID_1">
      249
     </SimpleData>
     <SimpleData name="Owner_Dept">
      Education Dept
     </SimpleData>
     <SimpleData name="SchName">
      SHETH DHANJI DEVSHI RASHTRIYA
     </SimpleData>
     <SimpleData name="Sch_Type">
      3-Co-educational
     </SimpleData>
     <SimpleData name="Twitter_Ha">
      @mybmcedu
     </SimpleData>
     <SimpleData name="VillageNam">
      N  WARD
     </SimpleData>
     <SimpleData name="Website">
      www.sddrst.org
     </SimpleData>
    </SchemaData>
   </ExtendedData>
   <Point>
    <coordinates>
     72.90856100000001,19.082876,0
    </coordinates>
   </Point>
  </Placemark>
  <Placemark>
   <visibility>
    0
   </visibility>
   <name>
    SHARDA LP VIDYAMANDIR
   </name>
   <styleUrl>
    #mumbai_aided_schools_style
   </styleUrl>
   <ExtendedData>
    <SchemaData schemaUrl="#J_mumbai_aided_schools_SIISSSSSISSSSSS">
     <SimpleData name="Address">
      SHREE SAMARTH RAMDAS SWAMI MARG,NEAR GHATKOPAR BUS DEPOT,GHATKOPAE E,MUMBAI 75
     </SimpleData>
     <SimpleData name="Cls_From">
      1
     </SimpleData>
     <SimpleData name="Cls_To">
      4
     </SimpleData>
     <SimpleData name="Email">
      gspmsharadaavidyamandir@gmail.com
     </SimpleData>
     <SimpleData name="GoogleMaps">
      https://www.google.com/maps/search/?api=1&amp;query=19.0889669999033,72.9165739998096
     </SimpleData>
     <SimpleData name="Landline_n">
      022-25015324
     </SimpleData>
     <SimpleData name="Lat">
      19.0889669999033
     </SimpleData>
     <SimpleData name="Long">
      72.9165739998096
     </SimpleData>
     <SimpleData name="OBJECTID_1">
      250
     </SimpleData>
     <SimpleData name="Owner_Dept">
      Education Dept
     </SimpleData>
     <SimpleData name="SchName">
      SHARDA LP VIDYAMANDIR
     </SimpleData>
     <SimpleData name="Sch_Type">
      3-Co-educational
     </SimpleData>
     <SimpleData name="Twitter_Ha">
      @mybmcedu
     </SimpleData>
     <SimpleData name="VillageNam">
      N  WARD
     </SimpleData>
     <SimpleData name="Website">
     </SimpleData>
    </SchemaData>
   </ExtendedData>
   <Point>
    <coordinates>
     72.916574,19.088967,0
    </coordinates>
   </Point>
  </Placemark>
  <Placemark>
   <visibility>
    0
   </visibility>
   <name>
    KVK GHATKOPAR SARVAJANIK GUJRATH
   </name>
   <styleUrl>
    #mumbai_aided_schools_style
   </styleUrl>
   <ExtendedData>
    <SchemaData schemaUrl="#J_mumbai_aided_schools_SIISSSSSISSSSSS">
     <SimpleData name="Address">
      SAINATH NAGAR ROAD LBS MARG GHATKOPAR WEST MUMBAI 400086MUMBAI-400086
     </SimpleData>
     <SimpleData name="Cls_From">
      1
     </SimpleData>
     <SimpleData name="Cls_To">
      4
     </SimpleData>
     <SimpleData name="Email">
      kvkprimary2@gmail.com
     </SimpleData>
     <SimpleData name="GoogleMaps">
      https://www.google.com/maps/search/?api=1&amp;query=19.0944970007319,72.910206000804
     </SimpleData>
     <SimpleData name="Landline_n">
      022-25152227
     </SimpleData>
     <SimpleData name="Lat">
      19.0944970007319
     </SimpleData>
     <SimpleData name="Long">
      72.910206000804
     </SimpleData>
     <SimpleData name="OBJECTID_1">
      251
     </SimpleData>
     <SimpleData name="Owner_Dept">
      Education Dept
     </SimpleData>
     <SimpleData name="SchName">
      KVK GHATKOPAR SARVAJANIK GUJRATH
     </SimpleData>
     <SimpleData name="Sch_Type">
      3-Co-educational
     </SimpleData>
     <SimpleData name="Twitter_Ha">
      @mybmcedu
     </SimpleData>
     <SimpleData name="VillageNam">
      N  WARD
     </SimpleData>
     <SimpleData name="Website">
     </SimpleData>
    </SchemaData>
   </ExtendedData>
   <Point>
    <coordinates>
     72.910206,19.094497,0
    </coordinates>
   </Point>
  </Placemark>
  <Placemark>
   <visibility>
    0
   </visibility>
   <name>
    KESHAVAJI V KESHARWALA PRIMARY SCHOOL
   </name>
   <styleUrl>
    #mumbai_aided_schools_style
   </styleUrl>
   <ExtendedData>
    <SchemaData schemaUrl="#J_mumbai_aided_schools_SIISSSSSISSSSSS">
     <SimpleData name="Address">
      LBS MARG SAINATH NAGAR SANGHANI ESTATE GHATKOPAR WEST MUMBAI 400086
     </SimpleData>
     <SimpleData name="Cls_From">
      1
     </SimpleData>
     <SimpleData name="Cls_To">
      4
     </SimpleData>
     <SimpleData name="Email">
      kvkprimary2@gmail.com
     </SimpleData>
     <SimpleData name="GoogleMaps">
      https://www.google.com/maps/search/?api=1&amp;query=19.0942249993138,72.9101489995228
     </SimpleData>
     <SimpleData name="Landline_n">
      022-25152227
     </SimpleData>
     <SimpleData name="Lat">
      19.0942249993138
     </SimpleData>
     <SimpleData name="Long">
      72.9101489995228
     </SimpleData>
     <SimpleData name="OBJECTID_1">
      252
     </SimpleData>
     <SimpleData name="Owner_Dept">
      Education Dept
     </SimpleData>
     <SimpleData name="SchName">
      KESHAVAJI V KESHARWALA PRIMARY SCHOOL
     </SimpleData>
     <SimpleData name="Sch_Type">
      3-Co-educational
     </SimpleData>
     <SimpleData name="Twitter_Ha">
      @mybmcedu
     </SimpleData>
     <SimpleData name="VillageNam">
      N  WARD
     </SimpleData>
     <SimpleData name="Website">
     </SimpleData>
    </SchemaData>
   </ExtendedData>
   <Point>
    <coordinates>
     72.910149,19.094225,0
    </coordinates>
   </Point>
  </Placemark>
  <Placemark>
   <visibility>
    0
   </visibility>
   <name>
    SHRI NARAYANRAO ACHARYA VIDYANIKETA
   </name>
   <styleUrl>
    #mumbai_aided_schools_style
   </styleUrl>
   <ExtendedData>
    <SchemaData schemaUrl="#J_mumbai_aided_schools_SIISSSSSISSSSSS">
     <SimpleData name="Address">
      H.P COLONY WEST NEAR MYSORE COLONY MONORAIL STATAION CHEMBUR MUMBAI -74
     </SimpleData>
     <SimpleData name="Cls_From">
      1
     </SimpleData>
     <SimpleData name="Cls_To">
      4
     </SimpleData>
     <SimpleData name="Email">
      snavn1988@gmail.com
     </SimpleData>
     <SimpleData name="GoogleMaps">
      https://www.google.com/maps/search/?api=1&amp;query=19.0279969999242,72.8909960004185
     </SimpleData>
     <SimpleData name="Landline_n">
      022-0
     </SimpleData>
     <SimpleData name="Lat">
      19.0279969999242
     </SimpleData>
     <SimpleData name="Long">
      72.8909960004185
     </SimpleData>
     <SimpleData name="OBJECTID_1">
      253
     </SimpleData>
     <SimpleData name="Owner_Dept">
      Education Dept
     </SimpleData>
     <SimpleData name="SchName">
      SHRI NARAYANRAO ACHARYA VIDYANIKETA
     </SimpleData>
     <SimpleData name="Sch_Type">
      3-Co-educational
     </SimpleData>
     <SimpleData name="Twitter_Ha">
      @mybmcedu
     </SimpleData>
     <SimpleData name="VillageNam">
      M/W
     </SimpleData>
     <SimpleData name="Website">
     </SimpleData>
    </SchemaData>
   </ExtendedData>
   <Point>
    <coordinates>
     72.890996,19.027997,0
    </coordinates>
   </Point>
  </Placemark>
  <Placemark>
   <visibility>
    0
   </visibility>
   <name>
    ADARSHA VIDYALAYA
   </name>
   <styleUrl>
    #mumbai_aided_schools_style
   </styleUrl>
   <ExtendedData>
    <SchemaData schemaUrl="#J_mumbai_aided_schools_SIISSSSSISSSSSS">
     <SimpleData name="Address">
      SAHAKAR NAGAR-III, CHEMBUR,MUMBAI -400071
     </SimpleData>
     <SimpleData name="Cls_From">
      1
     </SimpleData>
     <SimpleData name="Cls_To">
      4
     </SimpleData>
     <SimpleData name="Email">
      primaryadarsha61@gmail.com
     </SimpleData>
     <SimpleData name="GoogleMaps">
      https://www.google.com/maps/search/?api=1&amp;query=19.0630519996434,72.8896230002098
     </SimpleData>
     <SimpleData name="Landline_n">
      022-25234076
     </SimpleData>
     <SimpleData name="Lat">
      19.0630519996434
     </SimpleData>
     <SimpleData name="Long">
      72.8896230002098
     </SimpleData>
     <SimpleData name="OBJECTID_1">
      254
     </SimpleData>
     <SimpleData name="Owner_Dept">
      Education Dept
     </SimpleData>
     <SimpleData name="SchName">
      ADARSHA VIDYALAYA
     </SimpleData>
     <SimpleData name="Sch_Type">
      3-Co-educational
     </SimpleData>
     <SimpleData name="Twitter_Ha">
      @mybmcedu
     </SimpleData>
     <SimpleData name="VillageNam">
      M/W
     </SimpleData>
     <SimpleData name="Website">
     </SimpleData>
    </SchemaData>
   </ExtendedData>
   <Point>
    <coordinates>
     72.889623,19.063052,0
    </coordinates>
   </Point>
  </Placemark>
  <Placemark>
   <visibility>
    0
   </visibility>
   <name>
    G V S MANDAL AMACHI SHALA LP
   </name>
   <styleUrl>
    #mumbai_aided_schools_style
   </styleUrl>
   <ExtendedData>
    <SchemaData schemaUrl="#J_mumbai_aided_schools_SIISSSSSISSSSSS">
     <SimpleData name="Address">
      J. K. KARMALKAR,MARG, TILAK NAGAR, CHEMBUR, MUMBAI 400089.
     </SimpleData>
     <SimpleData name="Cls_From">
      1
     </SimpleData>
     <SimpleData name="Cls_To">
      4
     </SimpleData>
     <SimpleData name="Email">
      amchishalaprimary@gmail.com
     </SimpleData>
     <SimpleData name="GoogleMaps">
      https://www.google.com/maps/search/?api=1&amp;query=19.0695279998427,72.8997779993293
     </SimpleData>
     <SimpleData name="Landline_n">
      022-25231984
     </SimpleData>
     <SimpleData name="Lat">
      19.0695279998427
     </SimpleData>
     <SimpleData name="Long">
      72.8997779993293
     </SimpleData>
     <SimpleData name="OBJECTID_1">
      255
     </SimpleData>
     <SimpleData name="Owner_Dept">
      Education Dept
     </SimpleData>
     <SimpleData name="SchName">
      G V S MANDAL AMACHI SHALA LP
     </SimpleData>
     <SimpleData name="Sch_Type">
      3-Co-educational
     </SimpleData>
     <SimpleData name="Twitter_Ha">
      @mybmcedu
     </SimpleData>
     <SimpleData name="VillageNam">
      M/W
     </SimpleData>
     <SimpleData name="Website">
     </SimpleData>
    </SchemaData>
   </ExtendedData>
   <Point>
    <coordinates>
     72.899778,19.069528,0
    </coordinates>
   </Point>
  </Placemark>
  <Placemark>
   <visibility>
    0
   </visibility>
   <name>
    MAHARASHATRA EAIKY VARDHAK
   </name>
   <styleUrl>
    #mumbai_aided_schools_style
   </styleUrl>
   <ExtendedData>
    <SchemaData schemaUrl="#J_mumbai_aided_schools_SIISSSSSISSSSSS">
     <SimpleData name="Address">
      4/1, TILAK NAGAR,CHEMBUR,MUMBAI-89.
     </SimpleData>
     <SimpleData name="Cls_From">
      1
     </SimpleData>
     <SimpleData name="Cls_To">
      4
     </SimpleData>
     <SimpleData name="Email">
      mamvidyamandir@gmail.com
     </SimpleData>
     <SimpleData name="GoogleMaps">
      https://www.google.com/maps/search/?api=1&amp;query=19.0689359993777,72.8998320009153
     </SimpleData>
     <SimpleData name="Landline_n">
      022-0
     </SimpleData>
     <SimpleData name="Lat">
      19.0689359993777
     </SimpleData>
     <SimpleData name="Long">
      72.8998320009153
     </SimpleData>
     <SimpleData name="OBJECTID_1">
      256
     </SimpleData>
     <SimpleData name="Owner_Dept">
      Education Dept
     </SimpleData>
     <SimpleData name="SchName">
      MAHARASHATRA EAIKY VARDHAK
     </SimpleData>
     <SimpleData name="Sch_Type">
      3-Co-educational
     </SimpleData>
     <SimpleData name="Twitter_Ha">
      @mybmcedu
     </SimpleData>
     <SimpleData name="VillageNam">
      M/W
     </SimpleData>
     <SimpleData name="Website">
     </SimpleData>
    </SchemaData>
   </ExtendedData>
   <Point>
    <coordinates>
     72.899832,19.068936,0
    </coordinates>
   </Point>
  </Placemark>
  <Placemark>
   <visibility>
    0
   </visibility>
   <name>
    LOKMANYA TILAK
   </name>
   <styleUrl>
    #mumbai_aided_schools_style
   </styleUrl>
   <ExtendedData>
    <SchemaData schemaUrl="#J_mumbai_aided_schools_SIISSSSSISSSSSS">
     <SimpleData name="Address">
      S. J. Marg, Near Tilak Nagar Police Station, Tilak Nagar, Chembur, Mumbai-89
     </SimpleData>
     <SimpleData name="Cls_From">
      1
     </SimpleData>
     <SimpleData name="Cls_To">
      4
     </SimpleData>
     <SimpleData name="Email">
      lthsprimary@gmail.com
     </SimpleData>
     <SimpleData name="GoogleMaps">
      https://www.google.com/maps/search/?api=1&amp;query=19.0656640001266,72.895547999467
     </SimpleData>
     <SimpleData name="Landline_n">
      022-25244453
     </SimpleData>
     <SimpleData name="Lat">
      19.0656640001266
     </SimpleData>
     <SimpleData name="Long">
      72.895547999467
     </SimpleData>
     <SimpleData name="OBJECTID_1">
      257
     </SimpleData>
     <SimpleData name="Owner_Dept">
      Education Dept
     </SimpleData>
     <SimpleData name="SchName">
      LOKMANYA TILAK
     </SimpleData>
     <SimpleData name="Sch_Type">
      3-Co-educational
     </SimpleData>
     <SimpleData name="Twitter_Ha">
      @mybmcedu
     </SimpleData>
     <SimpleData name="VillageNam">
      M/W
     </SimpleData>
     <SimpleData name="Website">
     </SimpleData>
    </SchemaData>
   </ExtendedData>
   <Point>
    <coordinates>
     72.89554800000001,19.065664,0
    </coordinates>
   </Point>
  </Placemark>
  <Placemark>
   <visibility>
    0
   </visibility>
   <name>
    SARSWATI VIDYALAYA
   </name>
   <styleUrl>
    #mumbai_aided_schools_style
   </styleUrl>
   <ExtendedData>
    <SchemaData schemaUrl="#J_mumbai_aided_schools_SIISSSSSISSSSSS">
     <SimpleData name="Address">
      Plot Nos 223 and 224 11th Road Chembur Mumbai 71
     </SimpleData>
     <SimpleData name="Cls_From">
      1
     </SimpleData>
     <SimpleData name="Cls_To">
      4
     </SimpleData>
     <SimpleData name="Email">
      saraswatividyala2002@yahoo.co.in
     </SimpleData>
     <SimpleData name="GoogleMaps">
      https://www.google.com/maps/search/?api=1&amp;query=19.0566869999004,72.8988399996905
     </SimpleData>
     <SimpleData name="Landline_n">
      022-25286209
     </SimpleData>
     <SimpleData name="Lat">
      19.0566869999004
     </SimpleData>
     <SimpleData name="Long">
      72.8988399996905
     </SimpleData>
     <SimpleData name="OBJECTID_1">
      258
     </SimpleData>
     <SimpleData name="Owner_Dept">
      Education Dept
     </SimpleData>
     <SimpleData name="SchName">
      SARSWATI VIDYALAYA
     </SimpleData>
     <SimpleData name="Sch_Type">
      3-Co-educational
     </SimpleData>
     <SimpleData name="Twitter_Ha">
      @mybmcedu
     </SimpleData>
     <SimpleData name="VillageNam">
      M/W
     </SimpleData>
     <SimpleData name="Website">
     </SimpleData>
    </SchemaData>
   </ExtendedData>
   <Point>
    <coordinates>
     72.89884000000001,19.056687,0
    </coordinates>
   </Point>
  </Placemark>
  <Placemark>
   <visibility>
    0
   </visibility>
   <name>
    BALVIKAS SANGH LP
   </name>
   <styleUrl>
    #mumbai_aided_schools_style
   </styleUrl>
   <ExtendedData>
    <SchemaData schemaUrl="#J_mumbai_aided_schools_SIISSSSSISSSSSS">
     <SimpleData name="Address">
      Balvikas Sangh primary school, plot no- A203, Opposite Gandhi maidan,  Chembur East
     </SimpleData>
     <SimpleData name="Cls_From">
      1
     </SimpleData>
     <SimpleData name="Cls_To">
      4
     </SimpleData>
     <SimpleData name="Email">
      balvikassabgh@gmail.com
     </SimpleData>
     <SimpleData name="GoogleMaps">
      https://www.google.com/maps/search/?api=1&amp;query=19.0575419992798,72.8987399994443
     </SimpleData>
     <SimpleData name="Landline_n">
      022-25272388
     </SimpleData>
     <SimpleData name="Lat">
      19.0575419992798
     </SimpleData>
     <SimpleData name="Long">
      72.8987399994443
     </SimpleData>
     <SimpleData name="OBJECTID_1">
      259
     </SimpleData>
     <SimpleData name="Owner_Dept">
      Education Dept
     </SimpleData>
     <SimpleData name="SchName">
      BALVIKAS SANGH LP
     </SimpleData>
     <SimpleData name="Sch_Type">
      3-Co-educational
     </SimpleData>
     <SimpleData name="Twitter_Ha">
      @mybmcedu
     </SimpleData>
     <SimpleData name="VillageNam">
      M/W
     </SimpleData>
     <SimpleData name="Website">
      www.balvikassangh.org
     </SimpleData>
    </SchemaData>
   </ExtendedData>
   <Point>
    <coordinates>
     72.89874,19.057542,0
    </coordinates>
   </Point>
  </Placemark>
  <Placemark>
   <visibility>
    0
   </visibility>
   <name>
    DR BABASAHEB AMBEDKAR UP
   </name>
   <styleUrl>
    #mumbai_aided_schools_style
   </styleUrl>
   <ExtendedData>
    <SchemaData schemaUrl="#J_mumbai_aided_schools_SIISSSSSISSSSSS">
     <SimpleData name="Address">
      Malekar wadi,P.L.Lokhande marg, Chembur, mumbai -400089
     </SimpleData>
     <SimpleData name="Cls_From">
      1
     </SimpleData>
     <SimpleData name="Cls_To">
      4
     </SimpleData>
     <SimpleData name="Email">
      dr.babasahebambedkarpv1986@gmail.com
     </SimpleData>
     <SimpleData name="GoogleMaps">
      https://www.google.com/maps/search/?api=1&amp;query=19.0635789998695,72.9015299992906
     </SimpleData>
     <SimpleData name="Landline_n">
      022-25254444
     </SimpleData>
     <SimpleData name="Lat">
      19.0635789998695
     </SimpleData>
     <SimpleData name="Long">
      72.9015299992906
     </SimpleData>
     <SimpleData name="OBJECTID_1">
      260
     </SimpleData>
     <SimpleData name="Owner_Dept">
      Education Dept
     </SimpleData>
     <SimpleData name="SchName">
      DR BABASAHEB AMBEDKAR UP
     </SimpleData>
     <SimpleData name="Sch_Type">
      3-Co-educational
     </SimpleData>
     <SimpleData name="Twitter_Ha">
      @mybmcedu
     </SimpleData>
     <SimpleData name="VillageNam">
      M/W
     </SimpleData>
     <SimpleData name="Website">
     </SimpleData>
    </SchemaData>
   </ExtendedData>
   <Point>
    <coordinates>
     72.90152999999999,19.063579,0
    </coordinates>
   </Point>
  </Placemark>
  <Placemark>
   <visibility>
    0
   </visibility>
   <name>
    SUDHA MOHAN VERANEKAR LP
   </name>
   <styleUrl>
    #mumbai_aided_schools_style
   </styleUrl>
   <ExtendedData>
    <SchemaData schemaUrl="#J_mumbai_aided_schools_SIISSSSSISSSSSS">
     <SimpleData name="Address">
      N.G.ACHARYA MARG,SUBHASHNAGAR,CHEMBUR,MUMBAI,PIN-400071
     </SimpleData>
     <SimpleData name="Cls_From">
      1
     </SimpleData>
     <SimpleData name="Cls_To">
      4
     </SimpleData>
     <SimpleData name="Email">
      smvps1962@gmail.com
     </SimpleData>
     <SimpleData name="GoogleMaps">
      https://www.google.com/maps/search/?api=1&amp;query=19.0602369993807,72.9055539997306
     </SimpleData>
     <SimpleData name="Landline_n">
      022-25214641
     </SimpleData>
     <SimpleData name="Lat">
      19.0602369993807
     </SimpleData>
     <SimpleData name="Long">
      72.9055539997306
     </SimpleData>
     <SimpleData name="OBJECTID_1">
      261
     </SimpleData>
     <SimpleData name="Owner_Dept">
      Education Dept
     </SimpleData>
     <SimpleData name="SchName">
      SUDHA MOHAN VERANEKAR LP
     </SimpleData>
     <SimpleData name="Sch_Type">
      3-Co-educational
     </SimpleData>
     <SimpleData name="Twitter_Ha">
      @mybmcedu
     </SimpleData>
     <SimpleData name="VillageNam">
      M/W
     </SimpleData>
     <SimpleData name="Website">
     </SimpleData>
    </SchemaData>
   </ExtendedData>
   <Point>
    <coordinates>
     72.905554,19.060237,0
    </coordinates>
   </Point>
  </Placemark>
  <Placemark>
   <visibility>
    0
   </visibility>
   <name>
    AFAC MARATHI SCHOOL
   </name>
   <styleUrl>
    #mumbai_aided_schools_style
   </styleUrl>
   <ExtendedData>
    <SchemaData schemaUrl="#J_mumbai_aided_schools_SIISSSSSISSSSSS">
     <SimpleData name="Address">
      M.U Mandlecha marg subhash nagar
     </SimpleData>
     <SimpleData name="Cls_From">
      1
     </SimpleData>
     <SimpleData name="Cls_To">
      4
     </SimpleData>
     <SimpleData name="Email">
      afacprimarathi786@gmail.com
     </SimpleData>
     <SimpleData name="GoogleMaps">
      https://www.google.com/maps/search/?api=1&amp;query=19.056022999513,72.9039079999166
     </SimpleData>
     <SimpleData name="Landline_n">
      022-25213310
     </SimpleData>
     <SimpleData name="Lat">
      19.056022999513
     </SimpleData>
     <SimpleData name="Long">
      72.9039079999166
     </SimpleData>
     <SimpleData name="OBJECTID_1">
      262
     </SimpleData>
     <SimpleData name="Owner_Dept">
      Education Dept
     </SimpleData>
     <SimpleData name="SchName">
      AFAC MARATHI SCHOOL
     </SimpleData>
     <SimpleData name="Sch_Type">
      3-Co-educational
     </SimpleData>
     <SimpleData name="Twitter_Ha">
      @mybmcedu
     </SimpleData>
     <SimpleData name="VillageNam">
      M/W
     </SimpleData>
     <SimpleData name="Website">
     </SimpleData>
    </SchemaData>
   </ExtendedData>
   <Point>
    <coordinates>
     72.903908,19.056023,0
    </coordinates>
   </Point>
  </Placemark>
  <Placemark>
   <visibility>
    0
   </visibility>
   <name>
    CHEMBUR EDUCATION SOC LP
   </name>
   <styleUrl>
    #mumbai_aided_schools_style
   </styleUrl>
   <ExtendedData>
    <SchemaData schemaUrl="#J_mumbai_aided_schools_SIISSSSSISSSSSS">
     <SimpleData name="Address">
      R.C.MARG, CHEMBUR NAKA, CHEMBUR, MUMBAI - 71
     </SimpleData>
     <SimpleData name="Cls_From">
      1
     </SimpleData>
     <SimpleData name="Cls_To">
      4
     </SimpleData>
     <SimpleData name="Email">
      ces.primary541@gmail.com
     </SimpleData>
     <SimpleData name="GoogleMaps">
      https://www.google.com/maps/search/?api=1&amp;query=19.0554340007401,72.8964999992457
     </SimpleData>
     <SimpleData name="Landline_n">
      022-25288752
     </SimpleData>
     <SimpleData name="Lat">
      19.0554340007401
     </SimpleData>
     <SimpleData name="Long">
      72.8964999992457
     </SimpleData>
     <SimpleData name="OBJECTID_1">
      263
     </SimpleData>
     <SimpleData name="Owner_Dept">
      Education Dept
     </SimpleData>
     <SimpleData name="SchName">
      CHEMBUR EDUCATION SOC LP
     </SimpleData>
     <SimpleData name="Sch_Type">
      3-Co-educational
     </SimpleData>
     <SimpleData name="Twitter_Ha">
      @mybmcedu
     </SimpleData>
     <SimpleData name="VillageNam">
      M/W
     </SimpleData>
     <SimpleData name="Website">
     </SimpleData>
    </SchemaData>
   </ExtendedData>
   <Point>
    <coordinates>
     72.8965,19.055434,0
    </coordinates>
   </Point>
  </Placemark>
  <Placemark>
   <visibility>
    0
   </visibility>
   <name>
    CHEMBUR KARANATAK HIGH SCHOOL
   </name>
   <styleUrl>
    #mumbai_aided_schools_style
   </styleUrl>
   <ExtendedData>
    <SchemaData schemaUrl="#J_mumbai_aided_schools_SIISSSSSISSSSSS">
     <SimpleData name="Address">
      VIDYASAGAR, GHATLA, CHEMBUR MUMBAI 400071
     </SimpleData>
     <SimpleData name="Cls_From">
      1
     </SimpleData>
     <SimpleData name="Cls_To">
      4
     </SimpleData>
     <SimpleData name="Email">
      ck_sangha@rediffmail.com
     </SimpleData>
     <SimpleData name="GoogleMaps">
      https://www.google.com/maps/search/?api=1&amp;query=19.0567079997506,72.9068680006423
     </SimpleData>
     <SimpleData name="Landline_n">
      022-25212163
     </SimpleData>
     <SimpleData name="Lat">
      19.0567079997506
     </SimpleData>
     <SimpleData name="Long">
      72.9068680006423
     </SimpleData>
     <SimpleData name="OBJECTID_1">
      264
     </SimpleData>
     <SimpleData name="Owner_Dept">
      Education Dept
     </SimpleData>
     <SimpleData name="SchName">
      CHEMBUR KARANATAK HIGH SCHOOL
     </SimpleData>
     <SimpleData name="Sch_Type">
      3-Co-educational
     </SimpleData>
     <SimpleData name="Twitter_Ha">
      @mybmcedu
     </SimpleData>
     <SimpleData name="VillageNam">
      M/W
     </SimpleData>
     <SimpleData name="Website">
      www.chemburkarnatakasangha.com
     </SimpleData>
    </SchemaData>
   </ExtendedData>
   <Point>
    <coordinates>
     72.906868,19.056708,0
    </coordinates>
   </Point>
  </Placemark>
  <Placemark>
   <visibility>
    0
   </visibility>
   <name>
    ABHINAV DNYAN MANDIR
   </name>
   <styleUrl>
    #mumbai_aided_schools_style
   </styleUrl>
   <ExtendedData>
    <SchemaData schemaUrl="#J_mumbai_aided_schools_SIISSSSSISSSSSS">
     <SimpleData name="Address">
      Sion Trombay Rd Datta Nagar Trombay Mum 88
     </SimpleData>
     <SimpleData name="Cls_From">
      1
     </SimpleData>
     <SimpleData name="Cls_To">
      4
     </SimpleData>
     <SimpleData name="Email">
      sampatsakpal1965@gmail.com
     </SimpleData>
     <SimpleData name="GoogleMaps">
      https://www.google.com/maps/search/?api=1&amp;query=19.0359850003263,72.9466579997836
     </SimpleData>
     <SimpleData name="Landline_n">
      022-0
     </SimpleData>
     <SimpleData name="Lat">
      19.0359850003263
     </SimpleData>
     <SimpleData name="Long">
      72.9466579997836
     </SimpleData>
     <SimpleData name="OBJECTID_1">
      265
     </SimpleData>
     <SimpleData name="Owner_Dept">
      Education Dept
     </SimpleData>
     <SimpleData name="SchName">
      ABHINAV DNYAN MANDIR
     </SimpleData>
     <SimpleData name="Sch_Type">
      3-Co-educational
     </SimpleData>
     <SimpleData name="Twitter_Ha">
      @mybmcedu
     </SimpleData>
     <SimpleData name="VillageNam">
      M/E
     </SimpleData>
     <SimpleData name="Website">
     </SimpleData>
    </SchemaData>
   </ExtendedData>
   <Point>
    <coordinates>
     72.946658,19.035985,0
    </coordinates>
   </Point>
  </Placemark>
  <Placemark>
   <visibility>
    0
   </visibility>
   <name>
    NUTAN VIDYA MANDIR
   </name>
   <styleUrl>
    #mumbai_aided_schools_style
   </styleUrl>
   <ExtendedData>
    <SchemaData schemaUrl="#J_mumbai_aided_schools_SIISSSSSISSSSSS">
     <SimpleData name="Address">
      V.N.PURAV MARG,MANKHURD-E,MUMBAI 88
     </SimpleData>
     <SimpleData name="Cls_From">
      1
     </SimpleData>
     <SimpleData name="Cls_To">
      4
     </SimpleData>
     <SimpleData name="Email">
      nutanvidyamandir81@gmail.com
     </SimpleData>
     <SimpleData name="GoogleMaps">
      https://www.google.com/maps/search/?api=1&amp;query=19.041275000212,72.9314760002294
     </SimpleData>
     <SimpleData name="Landline_n">
      022-25511077
     </SimpleData>
     <SimpleData name="Lat">
      19.041275000212
     </SimpleData>
     <SimpleData name="Long">
      72.9314760002294
     </SimpleData>
     <SimpleData name="OBJECTID_1">
      266
     </SimpleData>
     <SimpleData name="Owner_Dept">
      Education Dept
     </SimpleData>
     <SimpleData name="SchName">
      NUTAN VIDYA MANDIR
     </SimpleData>
     <SimpleData name="Sch_Type">
      3-Co-educational
     </SimpleData>
     <SimpleData name="Twitter_Ha">
      @mybmcedu
     </SimpleData>
     <SimpleData name="VillageNam">
      M/E
     </SimpleData>
     <SimpleData name="Website">
     </SimpleData>
    </SchemaData>
   </ExtendedData>
   <Point>
    <coordinates>
     72.931476,19.041275,0
    </coordinates>
   </Point>
  </Placemark>
  <Placemark>
   <visibility>
    0
   </visibility>
   <name>
    JAWAHAR VIDYABHAVAN MARATHI SCHOOL
   </name>
   <styleUrl>
    #mumbai_aided_schools_style
   </styleUrl>
   <ExtendedData>
    <SchemaData schemaUrl="#J_mumbai_aided_schools_SIISSSSSISSSSSS">
     <SimpleData name="Address">
      Aziz Baug, R.C.F.Colony, Chembur,Mumbai-400074
     </SimpleData>
     <SimpleData name="Cls_From">
      1
     </SimpleData>
     <SimpleData name="Cls_To">
      4
     </SimpleData>
     <SimpleData name="Email">
      jvpm1970@gmail.com
     </SimpleData>
     <SimpleData name="GoogleMaps">
      https://www.google.com/maps/search/?api=1&amp;query=19.0392419997403,72.8975369994608
     </SimpleData>
     <SimpleData name="Landline_n">
      022-25535874
     </SimpleData>
     <SimpleData name="Lat">
      19.0392419997403
     </SimpleData>
     <SimpleData name="Long">
      72.8975369994608
     </SimpleData>
     <SimpleData name="OBJECTID_1">
      267
     </SimpleData>
     <SimpleData name="Owner_Dept">
      Education Dept
     </SimpleData>
     <SimpleData name="SchName">
      JAWAHAR VIDYABHAVAN MARATHI SCHOOL
     </SimpleData>
     <SimpleData name="Sch_Type">
      3-Co-educational
     </SimpleData>
     <SimpleData name="Twitter_Ha">
      @mybmcedu
     </SimpleData>
     <SimpleData name="VillageNam">
      M/E
     </SimpleData>
     <SimpleData name="Website">
     </SimpleData>
    </SchemaData>
   </ExtendedData>
   <Point>
    <coordinates>
     72.897537,19.039242,0
    </coordinates>
   </Point>
  </Placemark>
  <Placemark>
   <visibility>
    0
   </visibility>
   <name>
    JAWAHAR VIDYABHAVAN LP HINDI
   </name>
   <styleUrl>
    #mumbai_aided_schools_style
   </styleUrl>
   <ExtendedData>
    <SchemaData schemaUrl="#J_mumbai_aided_schools_SIISSSSSISSSSSS">
     <SimpleData name="Address">
      Aziz baug ,RCF colony,chembur,Mumbai 400 074
     </SimpleData>
     <SimpleData name="Cls_From">
      1
     </SimpleData>
     <SimpleData name="Cls_To">
      4
     </SimpleData>
     <SimpleData name="Email">
      jawaharviddyabhavan@gmail.com
     </SimpleData>
     <SimpleData name="GoogleMaps">
      https://www.google.com/maps/search/?api=1&amp;query=19.0400489991569,72.8971460000087
     </SimpleData>
     <SimpleData name="Landline_n">
      022-25535874
     </SimpleData>
     <SimpleData name="Lat">
      19.0400489991569
     </SimpleData>
     <SimpleData name="Long">
      72.8971460000087
     </SimpleData>
     <SimpleData name="OBJECTID_1">
      268
     </SimpleData>
     <SimpleData name="Owner_Dept">
      Education Dept
     </SimpleData>
     <SimpleData name="SchName">
      JAWAHAR VIDYABHAVAN LP HINDI
     </SimpleData>
     <SimpleData name="Sch_Type">
      3-Co-educational
     </SimpleData>
     <SimpleData name="Twitter_Ha">
      @mybmcedu
     </SimpleData>
     <SimpleData name="VillageNam">
      M/E
     </SimpleData>
     <SimpleData name="Website">
     </SimpleData>
    </SchemaData>
   </ExtendedData>
   <Point>
    <coordinates>
     72.89714600000001,19.040049,0
    </coordinates>
   </Point>
  </Placemark>
  <Placemark>
   <visibility>
    0
   </visibility>
   <name>
    JAWAHAR VIDYABHAVAN LP ENG
   </name>
   <styleUrl>
    #mumbai_aided_schools_style
   </styleUrl>
   <ExtendedData>
    <SchemaData schemaUrl="#J_mumbai_aided_schools_SIISSSSSISSSSSS">
     <SimpleData name="Address">
      Aziz Baug, R.C.F. Colony, Chembur, Mumbai - 400074.
     </SimpleData>
     <SimpleData name="Cls_From">
      1
     </SimpleData>
     <SimpleData name="Cls_To">
      4
     </SimpleData>
     <SimpleData name="Email">
      jawaharenglishprimary071@gmail.com
     </SimpleData>
     <SimpleData name="GoogleMaps">
      https://www.google.com/maps/search/?api=1&amp;query=19.03937678353084,72.89745211196899
     </SimpleData>
     <SimpleData name="Landline_n">
      022-25535874
     </SimpleData>
     <SimpleData name="Lat">
      19.03937678353084
     </SimpleData>
     <SimpleData name="Long">
      72.89745211196899
     </SimpleData>
     <SimpleData name="OBJECTID_1">
      269
     </SimpleData>
     <SimpleData name="Owner_Dept">
      Education Dept
     </SimpleData>
     <SimpleData name="SchName">
      JAWAHAR VIDYABHAVAN LP ENG
     </SimpleData>
     <SimpleData name="Sch_Type">
      3-Co-educational
     </SimpleData>
     <SimpleData name="Twitter_Ha">
      @mybmcedu
     </SimpleData>
     <SimpleData name="VillageNam">
      M/E
     </SimpleData>
     <SimpleData name="Website">
     </SimpleData>
    </SchemaData>
   </ExtendedData>
   <Point>
    <coordinates>
     72.897452,19.039376,0
    </coordinates>
   </Point>
  </Placemark>
  <Placemark>
   <visibility>
    0
   </visibility>
   <name>
    MATOSHREE VIDYAMANDIR LP
   </name>
   <styleUrl>
    #mumbai_aided_schools_style
   </styleUrl>
   <ExtendedData>
    <SchemaData schemaUrl="#J_mumbai_aided_schools_SIISSSSSISSSSSS">
     <SimpleData name="Address">
      DATTARAM G.PATIL ESTATE, NEAR GOVT.LADIES HOSTEL, SION TROMBAY RD, DEONAR, MUMBAI-400088
     </SimpleData>
     <SimpleData name="Cls_From">
      1
     </SimpleData>
     <SimpleData name="Cls_To">
      4
     </SimpleData>
     <SimpleData name="Email">
      matoshreevidyamandir@gmail.com
     </SimpleData>
     <SimpleData name="GoogleMaps">
      https://www.google.com/maps/search/?api=1&amp;query=19.0440000002709,72.9226810001804
     </SimpleData>
     <SimpleData name="Landline_n">
      022-25584024
     </SimpleData>
     <SimpleData name="Lat">
      19.0440000002709
     </SimpleData>
     <SimpleData name="Long">
      72.9226810001804
     </SimpleData>
     <SimpleData name="OBJECTID_1">
      270
     </SimpleData>
     <SimpleData name="Owner_Dept">
      Education Dept
     </SimpleData>
     <SimpleData name="SchName">
      MATOSHREE VIDYAMANDIR LP
     </SimpleData>
     <SimpleData name="Sch_Type">
      3-Co-educational
     </SimpleData>
     <SimpleData name="Twitter_Ha">
      @mybmcedu
     </SimpleData>
     <SimpleData name="VillageNam">
      M/E
     </SimpleData>
     <SimpleData name="Website">
     </SimpleData>
    </SchemaData>
   </ExtendedData>
   <Point>
    <coordinates>
     72.922681,19.044,0
    </coordinates>
   </Point>
  </Placemark>
  <Placemark>
   <visibility>
    0
   </visibility>
   <name>
    MOHITE PATIL VIDYALAYA
   </name>
   <styleUrl>
    #mumbai_aided_schools_style
   </styleUrl>
   <ExtendedData>
    <SchemaData schemaUrl="#J_mumbai_aided_schools_SIISSSSSISSSSSS">
     <SimpleData name="Address">
      New Mhada Colony , Mankhurd
     </SimpleData>
     <SimpleData name="Cls_From">
      1
     </SimpleData>
     <SimpleData name="Cls_To">
      4
     </SimpleData>
     <SimpleData name="Email">
      mohitepatil2003@gmail.com
     </SimpleData>
     <SimpleData name="GoogleMaps">
      https://www.google.com/maps/search/?api=1&amp;query=19.0533300000014,72.9328519995289
     </SimpleData>
     <SimpleData name="Landline_n">
      022-0
     </SimpleData>
     <SimpleData name="Lat">
      19.0533300000014
     </SimpleData>
     <SimpleData name="Long">
      72.9328519995289
     </SimpleData>
     <SimpleData name="OBJECTID_1">
      271
     </SimpleData>
     <SimpleData name="Owner_Dept">
      Education Dept
     </SimpleData>
     <SimpleData name="SchName">
      MOHITE PATIL VIDYALAYA
     </SimpleData>
     <SimpleData name="Sch_Type">
      3-Co-educational
     </SimpleData>
     <SimpleData name="Twitter_Ha">
      @mybmcedu
     </SimpleData>
     <SimpleData name="VillageNam">
      M/E
     </SimpleData>
     <SimpleData name="Website">
     </SimpleData>
    </SchemaData>
   </ExtendedData>
   <Point>
    <coordinates>
     72.932852,19.05333,0
    </coordinates>
   </Point>
  </Placemark>
  <Placemark>
   <visibility>
    0
   </visibility>
   <name>
    KUMUD VIDYA MANDIR  MAR LP
   </name>
   <styleUrl>
    #mumbai_aided_schools_style
   </styleUrl>
   <ExtendedData>
    <SchemaData schemaUrl="#J_mumbai_aided_schools_SIISSSSSISSSSSS">
     <SimpleData name="Address">
      DEONAR GAON, GOVANDI EAST, MUMBAI 88
     </SimpleData>
     <SimpleData name="Cls_From">
      1
     </SimpleData>
     <SimpleData name="Cls_To">
      4
     </SimpleData>
     <SimpleData name="Email">
      kvmmarpri@gmail.com
     </SimpleData>
     <SimpleData name="GoogleMaps">
      https://www.google.com/maps/search/?api=1&amp;query=19.0507779996641,72.9215150005802
     </SimpleData>
     <SimpleData name="Landline_n">
      022-25587923
     </SimpleData>
     <SimpleData name="Lat">
      19.0507779996641
     </SimpleData>
     <SimpleData name="Long">
      72.9215150005802
     </SimpleData>
     <SimpleData name="OBJECTID_1">
      272
     </SimpleData>
     <SimpleData name="Owner_Dept">
      Education Dept
     </SimpleData>
     <SimpleData name="SchName">
      KUMUD VIDYA MANDIR  MAR LP
     </SimpleData>
     <SimpleData name="Sch_Type">
      3-Co-educational
     </SimpleData>
     <SimpleData name="Twitter_Ha">
      @mybmcedu
     </SimpleData>
     <SimpleData name="VillageNam">
      M/E
     </SimpleData>
     <SimpleData name="Website">
     </SimpleData>
    </SchemaData>
   </ExtendedData>
   <Point>
    <coordinates>
     72.921515,19.050778,0
    </coordinates>
   </Point>
  </Placemark>
  <Placemark>
   <visibility>
    0
   </visibility>
   <name>
    DNYANSAMPADA LP SCHOOL
   </name>
   <styleUrl>
    #mumbai_aided_schools_style
   </styleUrl>
   <ExtendedData>
    <SchemaData schemaUrl="#J_mumbai_aided_schools_SIISSSSSISSSSSS">
     <SimpleData name="Address">
      SHIVAJINAGAR,GOVANDI,MUMBAI-400043.
     </SimpleData>
     <SimpleData name="Cls_From">
      1
     </SimpleData>
     <SimpleData name="Cls_To">
      4
     </SimpleData>
     <SimpleData name="Email">
      dnyansampadam20@gmail.com
     </SimpleData>
     <SimpleData name="GoogleMaps">
      https://www.google.com/maps/search/?api=1&amp;query=19.0611889995575,72.9212320002556
     </SimpleData>
     <SimpleData name="Landline_n">
      022-0
     </SimpleData>
     <SimpleData name="Lat">
      19.0611889995575
     </SimpleData>
     <SimpleData name="Long">
      72.9212320002556
     </SimpleData>
     <SimpleData name="OBJECTID_1">
      273
     </SimpleData>
     <SimpleData name="Owner_Dept">
      Education Dept
     </SimpleData>
     <SimpleData name="SchName">
      DNYANSAMPADA LP SCHOOL
     </SimpleData>
     <SimpleData name="Sch_Type">
      3-Co-educational
     </SimpleData>
     <SimpleData name="Twitter_Ha">
      @mybmcedu
     </SimpleData>
     <SimpleData name="VillageNam">
      M/E
     </SimpleData>
     <SimpleData name="Website">
      dnyansampadacampus.com
     </SimpleData>
    </SchemaData>
   </ExtendedData>
   <Point>
    <coordinates>
     72.921232,19.061189,0
    </coordinates>
   </Point>
  </Placemark>
  <Placemark>
   <visibility>
    0
   </visibility>
   <name>
    ANJUMAN RIYAZ ISLAM URD LP 1
   </name>
   <styleUrl>
    #mumbai_aided_schools_style
   </styleUrl>
   <ExtendedData>
    <SchemaData schemaUrl="#J_mumbai_aided_schools_SIISSSSSISSSSSS">
     <SimpleData name="Address">
      plotNo.44/L/17 Shivaji Nagar Govandi West Mumbai . 400043
     </SimpleData>
     <SimpleData name="Cls_From">
      1
     </SimpleData>
     <SimpleData name="Cls_To">
      4
     </SimpleData>
     <SimpleData name="Email">
      anjumanriyazulislamprim1@gmail.com
     </SimpleData>
     <SimpleData name="GoogleMaps">
      https://www.google.com/maps/search/?api=1&amp;query=19.0610110000591,72.9212560002266
     </SimpleData>
     <SimpleData name="Landline_n">
      022-25561580
     </SimpleData>
     <SimpleData name="Lat">
      19.0610110000591
     </SimpleData>
     <SimpleData name="Long">
      72.9212560002266
     </SimpleData>
     <SimpleData name="OBJECTID_1">
      274
     </SimpleData>
     <SimpleData name="Owner_Dept">
      Education Dept
     </SimpleData>
     <SimpleData name="SchName">
      ANJUMAN RIYAZ ISLAM URD LP 1
     </SimpleData>
     <SimpleData name="Sch_Type">
      3-Co-educational
     </SimpleData>
     <SimpleData name="Twitter_Ha">
      @mybmcedu
     </SimpleData>
     <SimpleData name="VillageNam">
      M/E
     </SimpleData>
     <SimpleData name="Website">
     </SimpleData>
    </SchemaData>
   </ExtendedData>
   <Point>
    <coordinates>
     72.921256,19.061011,0
    </coordinates>
   </Point>
  </Placemark>
  <Placemark>
   <visibility>
    0
   </visibility>
   <name>
    ANJUMAN RIYAZ ISLAM URD LP 2
   </name>
   <styleUrl>
    #mumbai_aided_schools_style
   </styleUrl>
   <ExtendedData>
    <SchemaData schemaUrl="#J_mumbai_aided_schools_SIISSSSSISSSSSS">
     <SimpleData name="Address">
      PLOT NO.17/E/1BAIGANWADI ROAD NO.9 GOVANDI MUMBAI43
     </SimpleData>
     <SimpleData name="Cls_From">
      1
     </SimpleData>
     <SimpleData name="Cls_To">
      4
     </SimpleData>
     <SimpleData name="Email">
      anjumanriyazulislamurdu2@gmail.com
     </SimpleData>
     <SimpleData name="GoogleMaps">
      https://www.google.com/maps/search/?api=1&amp;query=19.061723999748,72.9203850005632
     </SimpleData>
     <SimpleData name="Landline_n">
      022-25500834
     </SimpleData>
     <SimpleData name="Lat">
      19.061723999748
     </SimpleData>
     <SimpleData name="Long">
      72.9203850005632
     </SimpleData>
     <SimpleData name="OBJECTID_1">
      275
     </SimpleData>
     <SimpleData name="Owner_Dept">
      Education Dept
     </SimpleData>
     <SimpleData name="SchName">
      ANJUMAN RIYAZ ISLAM URD LP 2
     </SimpleData>
     <SimpleData name="Sch_Type">
      3-Co-educational
     </SimpleData>
     <SimpleData name="Twitter_Ha">
      @mybmcedu
     </SimpleData>
     <SimpleData name="VillageNam">
      M/E
     </SimpleData>
     <SimpleData name="Website">
     </SimpleData>
    </SchemaData>
   </ExtendedData>
   <Point>
    <coordinates>
     72.920385,19.061724,0
    </coordinates>
   </Point>
  </Placemark>
  <Placemark>
   <visibility>
    0
   </visibility>
   <name>
    AL KAUSUR URDU LP
   </name>
   <styleUrl>
    #mumbai_aided_schools_style
   </styleUrl>
   <ExtendedData>
    <SchemaData schemaUrl="#J_mumbai_aided_schools_SIISSSSSISSSSSS">
     <SimpleData name="Address">
      plot no 26,shivaji nagar
     </SimpleData>
     <SimpleData name="Cls_From">
      1
     </SimpleData>
     <SimpleData name="Cls_To">
      4
     </SimpleData>
     <SimpleData name="Email">
      alkausrups26@gmail.com
     </SimpleData>
     <SimpleData name="GoogleMaps">
      https://www.google.com/maps/search/?api=1&amp;query=19.0678700000137,72.9226680003509
     </SimpleData>
     <SimpleData name="Landline_n">
      022-0
     </SimpleData>
     <SimpleData name="Lat">
      19.0678700000137
     </SimpleData>
     <SimpleData name="Long">
      72.9226680003509
     </SimpleData>
     <SimpleData name="OBJECTID_1">
      276
     </SimpleData>
     <SimpleData name="Owner_Dept">
      Education Dept
     </SimpleData>
     <SimpleData name="SchName">
      AL KAUSUR URDU LP
     </SimpleData>
     <SimpleData name="Sch_Type">
      3-Co-educational
     </SimpleData>
     <SimpleData name="Twitter_Ha">
      @mybmcedu
     </SimpleData>
     <SimpleData name="VillageNam">
      M/E
     </SimpleData>
     <SimpleData name="Website">
     </SimpleData>
    </SchemaData>
   </ExtendedData>
   <Point>
    <coordinates>
     72.922668,19.06787,0
    </coordinates>
   </Point>
  </Placemark>
  <Placemark>
   <visibility>
    0
   </visibility>
   <name>
    NOORUL ISLAM URDU LP PRIMARY SCHOOL
   </name>
   <styleUrl>
    #mumbai_aided_schools_style
   </styleUrl>
   <ExtendedData>
    <SchemaData schemaUrl="#J_mumbai_aided_schools_SIISSSSSISSSSSS">
     <SimpleData name="Address">
      PLOT NO. 25, SHIVAJI NAGAR GOVANDI, MUMBAI 400 043
     </SimpleData>
     <SimpleData name="Cls_From">
      1
     </SimpleData>
     <SimpleData name="Cls_To">
      4
     </SimpleData>
     <SimpleData name="Email">
      niupsgovandi@gmail.com
     </SimpleData>
     <SimpleData name="GoogleMaps">
      https://www.google.com/maps/search/?api=1&amp;query=19.0667969998794,72.9209980002695
     </SimpleData>
     <SimpleData name="Landline_n">
      022-25512397
     </SimpleData>
     <SimpleData name="Lat">
      19.0667969998794
     </SimpleData>
     <SimpleData name="Long">
      72.9209980002695
     </SimpleData>
     <SimpleData name="OBJECTID_1">
      277
     </SimpleData>
     <SimpleData name="Owner_Dept">
      Education Dept
     </SimpleData>
     <SimpleData name="SchName">
      NOORUL ISLAM URDU LP PRIMARY SCHOOL
     </SimpleData>
     <SimpleData name="Sch_Type">
      3-Co-educational
     </SimpleData>
     <SimpleData name="Twitter_Ha">
      @mybmcedu
     </SimpleData>
     <SimpleData name="VillageNam">
      M/E
     </SimpleData>
     <SimpleData name="Website">
     </SimpleData>
    </SchemaData>
   </ExtendedData>
   <Point>
    <coordinates>
     72.920998,19.066797,0
    </coordinates>
   </Point>
  </Placemark>
  <Placemark>
   <visibility>
    0
   </visibility>
   <name>
    ANJUMAN TABLIGHUL ISLAM URDU
   </name>
   <styleUrl>
    #mumbai_aided_schools_style
   </styleUrl>
   <ExtendedData>
    <SchemaData schemaUrl="#J_mumbai_aided_schools_SIISSSSSISSSSSS">
     <SimpleData name="Address">
      197,BELGRAMI ROAD KURLA W MUMBAI 400070
     </SimpleData>
     <SimpleData name="Cls_From">
      1
     </SimpleData>
     <SimpleData name="Cls_To">
      4
     </SimpleData>
     <SimpleData name="Email">
      atiprimary@gmail.com
     </SimpleData>
     <SimpleData name="GoogleMaps">
      https://www.google.com/maps/search/?api=1&amp;query=19.0657049999945,72.8763139998971
     </SimpleData>
     <SimpleData name="Landline_n">
      022-26505135
     </SimpleData>
     <SimpleData name="Lat">
      19.0657049999945
     </SimpleData>
     <SimpleData name="Long">
      72.8763139998971
     </SimpleData>
     <SimpleData name="OBJECTID_1">
      278
     </SimpleData>
     <SimpleData name="Owner_Dept">
      Education Dept
     </SimpleData>
     <SimpleData name="SchName">
      ANJUMAN TABLIGHUL ISLAM URDU
     </SimpleData>
     <SimpleData name="Sch_Type">
      3-Co-educational
     </SimpleData>
     <SimpleData name="Twitter_Ha">
      @mybmcedu
     </SimpleData>
     <SimpleData name="VillageNam">
      L-  WARD
     </SimpleData>
     <SimpleData name="Website">
     </SimpleData>
    </SchemaData>
   </ExtendedData>
   <Point>
    <coordinates>
     72.87631399999999,19.065705,0
    </coordinates>
   </Point>
  </Placemark>
  <Placemark>
   <visibility>
    0
   </visibility>
   <name>
    SHREE GUJRATI SAMAJ VIDYALAYA
   </name>
   <styleUrl>
    #mumbai_aided_schools_style
   </styleUrl>
   <ExtendedData>
    <SchemaData schemaUrl="#J_mumbai_aided_schools_SIISSSSSISSSSSS">
     <SimpleData name="Address">
      531 Subhash Nagar Kurla W
     </SimpleData>
     <SimpleData name="Cls_From">
      1
     </SimpleData>
     <SimpleData name="Cls_To">
      4
     </SimpleData>
     <SimpleData name="Email">
      shreegsvidyalaya@gmail.com
     </SimpleData>
     <SimpleData name="GoogleMaps">
      https://www.google.com/maps/search/?api=1&amp;query=19.0678069997364,72.8775000001459
     </SimpleData>
     <SimpleData name="Landline_n">
      022-26548602
     </SimpleData>
     <SimpleData name="Lat">
      19.0678069997364
     </SimpleData>
     <SimpleData name="Long">
      72.8775000001459
     </SimpleData>
     <SimpleData name="OBJECTID_1">
      279
     </SimpleData>
     <SimpleData name="Owner_Dept">
      Education Dept
     </SimpleData>
     <SimpleData name="SchName">
      SHREE GUJRATI SAMAJ VIDYALAYA
     </SimpleData>
     <SimpleData name="Sch_Type">
      3-Co-educational
     </SimpleData>
     <SimpleData name="Twitter_Ha">
      @mybmcedu
     </SimpleData>
     <SimpleData name="VillageNam">
      L-  WARD
     </SimpleData>
     <SimpleData name="Website">
     </SimpleData>
    </SchemaData>
   </ExtendedData>
   <Point>
    <coordinates>
     72.8775,19.067807,0
    </coordinates>
   </Point>
  </Placemark>
  <Placemark>
   <visibility>
    0
   </visibility>
   <name>
    MODERN LP
   </name>
   <styleUrl>
    #mumbai_aided_schools_style
   </styleUrl>
   <ExtendedData>
    <SchemaData schemaUrl="#J_mumbai_aided_schools_SIISSSSSISSSSSS">
     <SimpleData name="Address">
      Ganesh Baug Lane Opp State Bank of India LBS Marg Kurla W Mumbai 70
     </SimpleData>
     <SimpleData name="Cls_From">
      1
     </SimpleData>
     <SimpleData name="Cls_To">
      4
     </SimpleData>
     <SimpleData name="Email">
      modernprimarykurla70@gmail.com
     </SimpleData>
     <SimpleData name="GoogleMaps">
      https://www.google.com/maps/search/?api=1&amp;query=19.0655669997098,72.8753039999213
     </SimpleData>
     <SimpleData name="Landline_n">
      022-0
     </SimpleData>
     <SimpleData name="Lat">
      19.0655669997098
     </SimpleData>
     <SimpleData name="Long">
      72.8753039999213
     </SimpleData>
     <SimpleData name="OBJECTID_1">
      280
     </SimpleData>
     <SimpleData name="Owner_Dept">
      Education Dept
     </SimpleData>
     <SimpleData name="SchName">
      MODERN LP
     </SimpleData>
     <SimpleData name="Sch_Type">
      3-Co-educational
     </SimpleData>
     <SimpleData name="Twitter_Ha">
      @mybmcedu
     </SimpleData>
     <SimpleData name="VillageNam">
      L-  WARD
     </SimpleData>
     <SimpleData name="Website">
     </SimpleData>
    </SchemaData>
   </ExtendedData>
   <Point>
    <coordinates>
     72.875304,19.065567,0
    </coordinates>
   </Point>
  </Placemark>
  <Placemark>
   <visibility>
    0
   </visibility>
   <name>
    GREEN MUMBAI LP
   </name>
   <styleUrl>
    #mumbai_aided_schools_style
   </styleUrl>
   <ExtendedData>
    <SchemaData schemaUrl="#J_mumbai_aided_schools_SIISSSSSISSSSSS">
     <SimpleData name="Address">
      Quresh Nagar Kurla East Mumbai
     </SimpleData>
     <SimpleData name="Cls_From">
      1
     </SimpleData>
     <SimpleData name="Cls_To">
      4
     </SimpleData>
     <SimpleData name="Email">
      gmps1986@gmail.com
     </SimpleData>
     <SimpleData name="GoogleMaps">
      https://www.google.com/maps/search/?api=1&amp;query=19.0614529996389,72.8765179996185
     </SimpleData>
     <SimpleData name="Landline_n">
      022-24052673
     </SimpleData>
     <SimpleData name="Lat">
      19.0614529996389
     </SimpleData>
     <SimpleData name="Long">
      72.8765179996185
     </SimpleData>
     <SimpleData name="OBJECTID_1">
      281
     </SimpleData>
     <SimpleData name="Owner_Dept">
      Education Dept
     </SimpleData>
     <SimpleData name="SchName">
      GREEN MUMBAI LP
     </SimpleData>
     <SimpleData name="Sch_Type">
      3-Co-educational
     </SimpleData>
     <SimpleData name="Twitter_Ha">
      @mybmcedu
     </SimpleData>
     <SimpleData name="VillageNam">
      L-  WARD
     </SimpleData>
     <SimpleData name="Website">
     </SimpleData>
    </SchemaData>
   </ExtendedData>
   <Point>
    <coordinates>
     72.876518,19.061453,0
    </coordinates>
   </Point>
  </Placemark>
  <Placemark>
   <visibility>
    0
   </visibility>
   <name>
    SAVITRIBAI PHULEY BAL VIKAS LP
   </name>
   <styleUrl>
    #mumbai_aided_schools_style
   </styleUrl>
   <ExtendedData>
    <SchemaData schemaUrl="#J_mumbai_aided_schools_SIISSSSSISSSSSS">
     <SimpleData name="Address">
      AZAD GULLY V N PURAV MARG CHUNABHATTI
     </SimpleData>
     <SimpleData name="Cls_From">
      1
     </SimpleData>
     <SimpleData name="Cls_To">
      4
     </SimpleData>
     <SimpleData name="Email">
      spbpv.22@gmail.com
     </SimpleData>
     <SimpleData name="GoogleMaps">
      https://www.google.com/maps/search/?api=1&amp;query=19.057290999289,72.8743750003541
     </SimpleData>
     <SimpleData name="Landline_n">
      022-0
     </SimpleData>
     <SimpleData name="Lat">
      19.057290999289
     </SimpleData>
     <SimpleData name="Long">
      72.8743750003541
     </SimpleData>
     <SimpleData name="OBJECTID_1">
      282
     </SimpleData>
     <SimpleData name="Owner_Dept">
      Education Dept
     </SimpleData>
     <SimpleData name="SchName">
      SAVITRIBAI PHULEY BAL VIKAS LP
     </SimpleData>
     <SimpleData name="Sch_Type">
      3-Co-educational
     </SimpleData>
     <SimpleData name="Twitter_Ha">
      @mybmcedu
     </SimpleData>
     <SimpleData name="VillageNam">
      L-  WARD
     </SimpleData>
     <SimpleData name="Website">
     </SimpleData>
    </SchemaData>
   </ExtendedData>
   <Point>
    <coordinates>
     72.874375,19.057291,0
    </coordinates>
   </Point>
  </Placemark>
  <Placemark>
   <visibility>
    0
   </visibility>
   <name>
    M S K LP VIDYALAYA
   </name>
   <styleUrl>
    #mumbai_aided_schools_style
   </styleUrl>
   <ExtendedData>
    <SchemaData schemaUrl="#J_mumbai_aided_schools_SIISSSSSISSSSSS">
     <SimpleData name="Address">
      Hill Road, Chunabhatti, Sion,  Mumbai 400022.
     </SimpleData>
     <SimpleData name="Cls_From">
      1
     </SimpleData>
     <SimpleData name="Cls_To">
      4
     </SimpleData>
     <SimpleData name="Email">
      mskprathmik2008@gmail.com
     </SimpleData>
     <SimpleData name="GoogleMaps">
      https://www.google.com/maps/search/?api=1&amp;query=19.0559530002653,72.8750600001049
     </SimpleData>
     <SimpleData name="Landline_n">
      022-24055377
     </SimpleData>
     <SimpleData name="Lat">
      19.0559530002653
     </SimpleData>
     <SimpleData name="Long">
      72.8750600001049
     </SimpleData>
     <SimpleData name="OBJECTID_1">
      283
     </SimpleData>
     <SimpleData name="Owner_Dept">
      Education Dept
     </SimpleData>
     <SimpleData name="SchName">
      M S K LP VIDYALAYA
     </SimpleData>
     <SimpleData name="Sch_Type">
      3-Co-educational
     </SimpleData>
     <SimpleData name="Twitter_Ha">
      @mybmcedu
     </SimpleData>
     <SimpleData name="VillageNam">
      L-  WARD
     </SimpleData>
     <SimpleData name="Website">
      www.education.maharashtra.gov.in
     </SimpleData>
    </SchemaData>
   </ExtendedData>
   <Point>
    <coordinates>
     72.87506,19.055953,0
    </coordinates>
   </Point>
  </Placemark>
  <Placemark>
   <visibility>
    0
   </visibility>
   <name>
    CTI PRI ENG
   </name>
   <styleUrl>
    #mumbai_aided_schools_style
   </styleUrl>
   <ExtendedData>
    <SchemaData schemaUrl="#J_mumbai_aided_schools_SIISSSSSISSSSSS">
     <SimpleData name="Address">
      MTI building,NSTI campus,V.N.Purav marg,Sion-Chunabhatti,Mumbai-400022
     </SimpleData>
     <SimpleData name="Cls_From">
      1
     </SimpleData>
     <SimpleData name="Cls_To">
      4
     </SimpleData>
     <SimpleData name="Email">
      ctiprimary1966@gmail.com
     </SimpleData>
     <SimpleData name="GoogleMaps">
      https://www.google.com/maps/search/?api=1&amp;query=19.0560860003008,72.8798149996751
     </SimpleData>
     <SimpleData name="Landline_n">
      022-24052907
     </SimpleData>
     <SimpleData name="Lat">
      19.0560860003008
     </SimpleData>
     <SimpleData name="Long">
      72.8798149996751
     </SimpleData>
     <SimpleData name="OBJECTID_1">
      284
     </SimpleData>
     <SimpleData name="Owner_Dept">
      Education Dept
     </SimpleData>
     <SimpleData name="SchName">
      CTI PRI ENG
     </SimpleData>
     <SimpleData name="Sch_Type">
      3-Co-educational
     </SimpleData>
     <SimpleData name="Twitter_Ha">
      @mybmcedu
     </SimpleData>
     <SimpleData name="VillageNam">
      L-  WARD
     </SimpleData>
     <SimpleData name="Website">
     </SimpleData>
    </SchemaData>
   </ExtendedData>
   <Point>
    <coordinates>
     72.87981499999999,19.056086,0
    </coordinates>
   </Point>
  </Placemark>
  <Placemark>
   <visibility>
    0
   </visibility>
   <name>
    KEDARNATH VIDYA PRASARINI ENG
   </name>
   <styleUrl>
    #mumbai_aided_schools_style
   </styleUrl>
   <ExtendedData>
    <SchemaData schemaUrl="#J_mumbai_aided_schools_SIISSSSSISSSSSS">
     <SimpleData name="Address">
      opp.Bldg.No.55, Nehru Nagar,Kurla East, Mumbai -24
     </SimpleData>
     <SimpleData name="Cls_From">
      1
     </SimpleData>
     <SimpleData name="Cls_To">
      4
     </SimpleData>
     <SimpleData name="Email">
      kedarnathvidyaprasarini@yahoo.co.in
     </SimpleData>
     <SimpleData name="GoogleMaps">
      https://www.google.com/maps/search/?api=1&amp;query=19.0605169998785,72.8828450000965
     </SimpleData>
     <SimpleData name="Landline_n">
      022-0
     </SimpleData>
     <SimpleData name="Lat">
      19.0605169998785
     </SimpleData>
     <SimpleData name="Long">
      72.8828450000965
     </SimpleData>
     <SimpleData name="OBJECTID_1">
      285
     </SimpleData>
     <SimpleData name="Owner_Dept">
      Education Dept
     </SimpleData>
     <SimpleData name="SchName">
      KEDARNATH VIDYA PRASARINI ENG
     </SimpleData>
     <SimpleData name="Sch_Type">
      3-Co-educational
     </SimpleData>
     <SimpleData name="Twitter_Ha">
      @mybmcedu
     </SimpleData>
     <SimpleData name="VillageNam">
      L-  WARD
     </SimpleData>
     <SimpleData name="Website">
      www.education.maharashtra.gov.in
     </SimpleData>
    </SchemaData>
   </ExtendedData>
   <Point>
    <coordinates>
     72.882845,19.060517,0
    </coordinates>
   </Point>
  </Placemark>
  <Placemark>
   <visibility>
    0
   </visibility>
   <name>
    SHIKSHAN RATNA  PRADEEP  SAMANT PRI MAR
   </name>
   <styleUrl>
    #mumbai_aided_schools_style
   </styleUrl>
   <ExtendedData>
    <SchemaData schemaUrl="#J_mumbai_aided_schools_SIISSSSSISSSSSS">
     <SimpleData name="Address">
      NEHRU NAGAR KURLA  EAST
     </SimpleData>
     <SimpleData name="Cls_From">
      1
     </SimpleData>
     <SimpleData name="Cls_To">
      4
     </SimpleData>
     <SimpleData name="Email">
      spdsamantmarathiprimary@rediffmail.com
     </SimpleData>
     <SimpleData name="GoogleMaps">
      https://www.google.com/maps/search/?api=1&amp;query=19.0621949998273,72.8847250003083
     </SimpleData>
     <SimpleData name="Landline_n">
      022-25283942
     </SimpleData>
     <SimpleData name="Lat">
      19.0621949998273
     </SimpleData>
     <SimpleData name="Long">
      72.8847250003083
     </SimpleData>
     <SimpleData name="OBJECTID_1">
      286
     </SimpleData>
     <SimpleData name="Owner_Dept">
      Education Dept
     </SimpleData>
     <SimpleData name="SchName">
      SHIKSHAN RATNA  PRADEEP  SAMANT PRI MAR
     </SimpleData>
     <SimpleData name="Sch_Type">
      3-Co-educational
     </SimpleData>
     <SimpleData name="Twitter_Ha">
      @mybmcedu
     </SimpleData>
     <SimpleData name="VillageNam">
      L-  WARD
     </SimpleData>
     <SimpleData name="Website">
     </SimpleData>
    </SchemaData>
   </ExtendedData>
   <Point>
    <coordinates>
     72.884725,19.062195,0
    </coordinates>
   </Point>
  </Placemark>
  <Placemark>
   <visibility>
    0
   </visibility>
   <name>
    SHIKSHAN RATNA PRADEEP SAMANT D. PRI. ENGLISH
   </name>
   <styleUrl>
    #mumbai_aided_schools_style
   </styleUrl>
   <ExtendedData>
    <SchemaData schemaUrl="#J_mumbai_aided_schools_SIISSSSSISSSSSS">
     <SimpleData name="Address">
      NEHRU NAGAR KURLA EAST MUMBAI
     </SimpleData>
     <SimpleData name="Cls_From">
      1
     </SimpleData>
     <SimpleData name="Cls_To">
      4
     </SimpleData>
     <SimpleData name="Email">
      spdsamantenglishprimary@rediffmail.com
     </SimpleData>
     <SimpleData name="GoogleMaps">
      https://www.google.com/maps/search/?api=1&amp;query=19.0621300000778,72.8847219994313
     </SimpleData>
     <SimpleData name="Landline_n">
      022-25283941
     </SimpleData>
     <SimpleData name="Lat">
      19.0621300000778
     </SimpleData>
     <SimpleData name="Long">
      72.8847219994313
     </SimpleData>
     <SimpleData name="OBJECTID_1">
      287
     </SimpleData>
     <SimpleData name="Owner_Dept">
      Education Dept
     </SimpleData>
     <SimpleData name="SchName">
      SHIKSHAN RATNA PRADEEP SAMANT D. PRI. ENGLISH
     </SimpleData>
     <SimpleData name="Sch_Type">
      3-Co-educational
     </SimpleData>
     <SimpleData name="Twitter_Ha">
      @mybmcedu
     </SimpleData>
     <SimpleData name="VillageNam">
      L-  WARD
     </SimpleData>
     <SimpleData name="Website">
      www.education.maharashtra.gov.in
     </SimpleData>
    </SchemaData>
   </ExtendedData>
   <Point>
    <coordinates>
     72.884722,19.06213,0
    </coordinates>
   </Point>
  </Placemark>
  <Placemark>
   <visibility>
    0
   </visibility>
   <name>
    ADARSH VIDYA MANDIR HINDI SCHOOL
   </name>
   <styleUrl>
    #mumbai_aided_schools_style
   </styleUrl>
   <ExtendedData>
    <SchemaData schemaUrl="#J_mumbai_aided_schools_SIISSSSSISSSSSS">
     <SimpleData name="Address">
      KURLA MUMBAI WEST 400070
     </SimpleData>
     <SimpleData name="Cls_From">
      1
     </SimpleData>
     <SimpleData name="Cls_To">
      4
     </SimpleData>
     <SimpleData name="Email">
      adarshvidyamandirkurla81@gmail.com
     </SimpleData>
     <SimpleData name="GoogleMaps">
      https://www.google.com/maps/search/?api=1&amp;query=19.0773859999798,72.8797010001549
     </SimpleData>
     <SimpleData name="Landline_n">
      022-25030630
     </SimpleData>
     <SimpleData name="Lat">
      19.0773859999798
     </SimpleData>
     <SimpleData name="Long">
      72.8797010001549
     </SimpleData>
     <SimpleData name="OBJECTID_1">
      288
     </SimpleData>
     <SimpleData name="Owner_Dept">
      Education Dept
     </SimpleData>
     <SimpleData name="SchName">
      ADARSH VIDYA MANDIR HINDI SCHOOL
     </SimpleData>
     <SimpleData name="Sch_Type">
      3-Co-educational
     </SimpleData>
     <SimpleData name="Twitter_Ha">
      @mybmcedu
     </SimpleData>
     <SimpleData name="VillageNam">
      L-  WARD
     </SimpleData>
     <SimpleData name="Website">
     </SimpleData>
    </SchemaData>
   </ExtendedData>
   <Point>
    <coordinates>
     72.879701,19.077386,0
    </coordinates>
   </Point>
  </Placemark>
  <Placemark>
   <visibility>
    0
   </visibility>
   <name>
    ANJUMAN I ISLAM LP
   </name>
   <styleUrl>
    #mumbai_aided_schools_style
   </styleUrl>
   <ExtendedData>
    <SchemaData schemaUrl="#J_mumbai_aided_schools_SIISSSSSISSSSSS">
     <SimpleData name="Address">
      S.G BARVE MARG KURLA  WEST MUM-4000 70
     </SimpleData>
     <SimpleData name="Cls_From">
      1
     </SimpleData>
     <SimpleData name="Cls_To">
      4
     </SimpleData>
     <SimpleData name="Email">
      anjumanurduprimarykurla70@gmail.com
     </SimpleData>
     <SimpleData name="GoogleMaps">
      https://www.google.com/maps/search/?api=1&amp;query=19.0716730002833,72.8803220000317
     </SimpleData>
     <SimpleData name="Landline_n">
      022-25032441
     </SimpleData>
     <SimpleData name="Lat">
      19.0716730002833
     </SimpleData>
     <SimpleData name="Long">
      72.8803220000317
     </SimpleData>
     <SimpleData name="OBJECTID_1">
      289
     </SimpleData>
     <SimpleData name="Owner_Dept">
      Education Dept
     </SimpleData>
     <SimpleData name="SchName">
      ANJUMAN I ISLAM LP
     </SimpleData>
     <SimpleData name="Sch_Type">
      3-Co-educational
     </SimpleData>
     <SimpleData name="Twitter_Ha">
      @mybmcedu
     </SimpleData>
     <SimpleData name="VillageNam">
      L-  WARD
     </SimpleData>
     <SimpleData name="Website">
     </SimpleData>
    </SchemaData>
   </ExtendedData>
   <Point>
    <coordinates>
     72.88032200000001,19.071673,0
    </coordinates>
   </Point>
  </Placemark>
  <Placemark>
   <visibility>
    0
   </visibility>
   <name>
    ANJUMAN K ISLAM URD GIRLS LP
   </name>
   <styleUrl>
    #mumbai_aided_schools_style
   </styleUrl>
   <ExtendedData>
    <SchemaData schemaUrl="#J_mumbai_aided_schools_SIISSSSSISSSSSS">
     <SimpleData name="Address">
      267-B, M.B.MARG, OPP KURLA BUS DEPOT, C.S.T ROAD, KURLA-W,MUMBAI-400070
     </SimpleData>
     <SimpleData name="Cls_From">
      1
     </SimpleData>
     <SimpleData name="Cls_To">
      4
     </SimpleData>
     <SimpleData name="Email">
      akipgirlskurla@gmail.com
     </SimpleData>
     <SimpleData name="GoogleMaps">
      https://www.google.com/maps/search/?api=1&amp;query=19.0755770003455,72.8792599995317
     </SimpleData>
     <SimpleData name="Landline_n">
      022-5038480
     </SimpleData>
     <SimpleData name="Lat">
      19.0755770003455
     </SimpleData>
     <SimpleData name="Long">
      72.8792599995317
     </SimpleData>
     <SimpleData name="OBJECTID_1">
      290
     </SimpleData>
     <SimpleData name="Owner_Dept">
      Education Dept
     </SimpleData>
     <SimpleData name="SchName">
      ANJUMAN K ISLAM URD GIRLS LP
     </SimpleData>
     <SimpleData name="Sch_Type">
      2-Girls
     </SimpleData>
     <SimpleData name="Twitter_Ha">
      @mybmcedu
     </SimpleData>
     <SimpleData name="VillageNam">
      L-  WARD
     </SimpleData>
     <SimpleData name="Website">
     </SimpleData>
    </SchemaData>
   </ExtendedData>
   <Point>
    <coordinates>
     72.87926,19.075577,0
    </coordinates>
   </Point>
  </Placemark>
  <Placemark>
   <visibility>
    0
   </visibility>
   <name>
    ANJUMAN K ISLAM URD LP BOYS
   </name>
   <styleUrl>
    #mumbai_aided_schools_style
   </styleUrl>
   <ExtendedData>
    <SchemaData schemaUrl="#J_mumbai_aided_schools_SIISSSSSISSSSSS">
     <SimpleData name="Address">
      267-B MAHARSHI BARVE MARG OPP KURLA BUS DEPOT KURLA WEST MUMBAI-400070
     </SimpleData>
     <SimpleData name="Cls_From">
      1
     </SimpleData>
     <SimpleData name="Cls_To">
      4
     </SimpleData>
     <SimpleData name="Email">
      akipbkurla@gmai.coml
     </SimpleData>
     <SimpleData name="GoogleMaps">
      https://www.google.com/maps/search/?api=1&amp;query=19.0755720002353,72.8794759993218
     </SimpleData>
     <SimpleData name="Landline_n">
      022-25038480
     </SimpleData>
     <SimpleData name="Lat">
      19.0755720002353
     </SimpleData>
     <SimpleData name="Long">
      72.8794759993218
     </SimpleData>
     <SimpleData name="OBJECTID_1">
      291
     </SimpleData>
     <SimpleData name="Owner_Dept">
      Education Dept
     </SimpleData>
     <SimpleData name="SchName">
      ANJUMAN K ISLAM URD LP BOYS
     </SimpleData>
     <SimpleData name="Sch_Type">
      1-Boys
     </SimpleData>
     <SimpleData name="Twitter_Ha">
      @mybmcedu
     </SimpleData>
     <SimpleData name="VillageNam">
      L-  WARD
     </SimpleData>
     <SimpleData name="Website">
     </SimpleData>
    </SchemaData>
   </ExtendedData>
   <Point>
    <coordinates>
     72.879476,19.075572,0
    </coordinates>
   </Point>
  </Placemark>
  <Placemark>
   <visibility>
    0
   </visibility>
   <name>
    PRBODHAN KURLA LP
   </name>
   <styleUrl>
    #mumbai_aided_schools_style
   </styleUrl>
   <ExtendedData>
    <SchemaData schemaUrl="#J_mumbai_aided_schools_SIISSSSSISSSSSS">
     <SimpleData name="Address">
      VITTHAL MANDIR, NEW MILL ROAD,KURLA WEST
     </SimpleData>
     <SimpleData name="Cls_From">
      1
     </SimpleData>
     <SimpleData name="Cls_To">
      4
     </SimpleData>
     <SimpleData name="Email">
      pkps1998@gmail.com
     </SimpleData>
     <SimpleData name="GoogleMaps">
      https://www.google.com/maps/search/?api=1&amp;query=19.0740550002416,72.8802780001361
     </SimpleData>
     <SimpleData name="Landline_n">
      022-0
     </SimpleData>
     <SimpleData name="Lat">
      19.0740550002416
     </SimpleData>
     <SimpleData name="Long">
      72.8802780001361
     </SimpleData>
     <SimpleData name="OBJECTID_1">
      292
     </SimpleData>
     <SimpleData name="Owner_Dept">
      Education Dept
     </SimpleData>
     <SimpleData name="SchName">
      PRBODHAN KURLA LP
     </SimpleData>
     <SimpleData name="Sch_Type">
      3-Co-educational
     </SimpleData>
     <SimpleData name="Twitter_Ha">
      @mybmcedu
     </SimpleData>
     <SimpleData name="VillageNam">
      L-  WARD
     </SimpleData>
     <SimpleData name="Website">
      www.education.maharashtra.gov.in
     </SimpleData>
    </SchemaData>
   </ExtendedData>
   <Point>
    <coordinates>
     72.880278,19.074055,0
    </coordinates>
   </Point>
  </Placemark>
  <Placemark>
   <visibility>
    0
   </visibility>
   <name>
    GANDHI BAL MANDIR LP MAR
   </name>
   <styleUrl>
    #mumbai_aided_schools_style
   </styleUrl>
   <ExtendedData>
    <SchemaData schemaUrl="#J_mumbai_aided_schools_SIISSSSSISSSSSS">
     <SimpleData name="Address">
      Kohinoor City L.B.S.Marg Kurla West
     </SimpleData>
     <SimpleData name="Cls_From">
      1
     </SimpleData>
     <SimpleData name="Cls_To">
      4
     </SimpleData>
     <SimpleData name="Email">
      gbmlpkurlawest@gmail.com
     </SimpleData>
     <SimpleData name="GoogleMaps">
      https://www.google.com/maps/search/?api=1&amp;query=19.0776730000602,72.8840870001026
     </SimpleData>
     <SimpleData name="Landline_n">
      022-25041179
     </SimpleData>
     <SimpleData name="Lat">
      19.0776730000602
     </SimpleData>
     <SimpleData name="Long">
      72.8840870001026
     </SimpleData>
     <SimpleData name="OBJECTID_1">
      293
     </SimpleData>
     <SimpleData name="Owner_Dept">
      Education Dept
     </SimpleData>
     <SimpleData name="SchName">
      GANDHI BAL MANDIR LP MAR
     </SimpleData>
     <SimpleData name="Sch_Type">
      3-Co-educational
     </SimpleData>
     <SimpleData name="Twitter_Ha">
      @mybmcedu
     </SimpleData>
     <SimpleData name="VillageNam">
      L-  WARD
     </SimpleData>
     <SimpleData name="Website">
     </SimpleData>
    </SchemaData>
   </ExtendedData>
   <Point>
    <coordinates>
     72.88408699999999,19.077673,0
    </coordinates>
   </Point>
  </Placemark>
  <Placemark>
   <visibility>
    0
   </visibility>
   <name>
    HOLY CROSS MAR. LP SCHOOL
   </name>
   <styleUrl>
    #mumbai_aided_schools_style
   </styleUrl>
   <ExtendedData>
    <SchemaData schemaUrl="#J_mumbai_aided_schools_SIISSSSSISSSSSS">
     <SimpleData name="Address">
      Holy cross church kamani  Kurla  mumbai 70
     </SimpleData>
     <SimpleData name="Cls_From">
      1
     </SimpleData>
     <SimpleData name="Cls_To">
      4
     </SimpleData>
     <SimpleData name="Email">
      holycrosshskurla@yahoo.in
     </SimpleData>
     <SimpleData name="GoogleMaps">
      https://www.google.com/maps/search/?api=1&amp;query=19.0835639997159,72.8875420004934
     </SimpleData>
     <SimpleData name="Landline_n">
      022-25042644
     </SimpleData>
     <SimpleData name="Lat">
      19.0835639997159
     </SimpleData>
     <SimpleData name="Long">
      72.8875420004934
     </SimpleData>
     <SimpleData name="OBJECTID_1">
      294
     </SimpleData>
     <SimpleData name="Owner_Dept">
      Education Dept
     </SimpleData>
     <SimpleData name="SchName">
      HOLY CROSS MAR. LP SCHOOL
     </SimpleData>
     <SimpleData name="Sch_Type">
      3-Co-educational
     </SimpleData>
     <SimpleData name="Twitter_Ha">
      @mybmcedu
     </SimpleData>
     <SimpleData name="VillageNam">
      L-  WARD
     </SimpleData>
     <SimpleData name="Website">
      www.holycrosskurla.com
     </SimpleData>
    </SchemaData>
   </ExtendedData>
   <Point>
    <coordinates>
     72.887542,19.083564,0
    </coordinates>
   </Point>
  </Placemark>
  <Placemark>
   <visibility>
    0
   </visibility>
   <name>
    M M BAL VIKAS KENDRA LP
   </name>
   <styleUrl>
    #mumbai_aided_schools_style
   </styleUrl>
   <ExtendedData>
    <SchemaData schemaUrl="#J_mumbai_aided_schools_SIISSSSSISSSSSS">
     <SimpleData name="Address">
      PIPE ROAD NEAR KURLA RAILWAY STATION KURLA WEST
     </SimpleData>
     <SimpleData name="Cls_From">
      1
     </SimpleData>
     <SimpleData name="Cls_To">
      4
     </SimpleData>
     <SimpleData name="Email">
      mmbalvikaskendra@gmail.com
     </SimpleData>
     <SimpleData name="GoogleMaps">
      https://www.google.com/maps/search/?api=1&amp;query=19.0667399997358,72.8796830002948
     </SimpleData>
     <SimpleData name="Landline_n">
      022-0
     </SimpleData>
     <SimpleData name="Lat">
      19.0667399997358
     </SimpleData>
     <SimpleData name="Long">
      72.8796830002948
     </SimpleData>
     <SimpleData name="OBJECTID_1">
      295
     </SimpleData>
     <SimpleData name="Owner_Dept">
      Education Dept
     </SimpleData>
     <SimpleData name="SchName">
      M M BAL VIKAS KENDRA LP
     </SimpleData>
     <SimpleData name="Sch_Type">
      3-Co-educational
     </SimpleData>
     <SimpleData name="Twitter_Ha">
      @mybmcedu
     </SimpleData>
     <SimpleData name="VillageNam">
      L-  WARD
     </SimpleData>
     <SimpleData name="Website">
     </SimpleData>
    </SchemaData>
   </ExtendedData>
   <Point>
    <coordinates>
     72.879683,19.06674,0
    </coordinates>
   </Point>
  </Placemark>
  <Placemark>
   <visibility>
    0
   </visibility>
   <name>
    MUSLIM EDU SOC PRIM
   </name>
   <styleUrl>
    #mumbai_aided_schools_style
   </styleUrl>
   <ExtendedData>
    <SchemaData schemaUrl="#J_mumbai_aided_schools_SIISSSSSISSSSSS">
     <SimpleData name="Address">
      Mahajan Wadi, Halav Pool, Kurla West, Mumbai 400070
     </SimpleData>
     <SimpleData name="Cls_From">
      1
     </SimpleData>
     <SimpleData name="Cls_To">
      4
     </SimpleData>
     <SimpleData name="Email">
      shahid777ans@gmail.com
     </SimpleData>
     <SimpleData name="GoogleMaps">
      https://www.google.com/maps/search/?api=1&amp;query=19.0767220001652,72.8848390000491
     </SimpleData>
     <SimpleData name="Landline_n">
      022-25034882
     </SimpleData>
     <SimpleData name="Lat">
      19.0767220001652
     </SimpleData>
     <SimpleData name="Long">
      72.8848390000491
     </SimpleData>
     <SimpleData name="OBJECTID_1">
      296
     </SimpleData>
     <SimpleData name="Owner_Dept">
      Education Dept
     </SimpleData>
     <SimpleData name="SchName">
      MUSLIM EDU SOC PRIM
     </SimpleData>
     <SimpleData name="Sch_Type">
      3-Co-educational
     </SimpleData>
     <SimpleData name="Twitter_Ha">
      @mybmcedu
     </SimpleData>
     <SimpleData name="VillageNam">
      L-  WARD
     </SimpleData>
     <SimpleData name="Website">
      www.education.maharashtra.gov.in/saral/27220900176
     </SimpleData>
    </SchemaData>
   </ExtendedData>
   <Point>
    <coordinates>
     72.884839,19.076722,0
    </coordinates>
   </Point>
  </Placemark>
  <Placemark>
   <visibility>
    0
   </visibility>
   <name>
    HARIOM BAGVE LP
   </name>
   <styleUrl>
    #mumbai_aided_schools_style
   </styleUrl>
   <ExtendedData>
    <SchemaData schemaUrl="#J_mumbai_aided_schools_SIISSSSSISSSSSS">
     <SimpleData name="Address">
      wadis estate bail bazar kurla
     </SimpleData>
     <SimpleData name="Cls_From">
      1
     </SimpleData>
     <SimpleData name="Cls_To">
      4
     </SimpleData>
     <SimpleData name="Email">
      hariombagavepv@gmail.com
     </SimpleData>
     <SimpleData name="GoogleMaps">
      https://www.google.com/maps/search/?api=1&amp;query=19.0845970000878,72.880043999672
     </SimpleData>
     <SimpleData name="Landline_n">
      022-25041978
     </SimpleData>
     <SimpleData name="Lat">
      19.0845970000878
     </SimpleData>
     <SimpleData name="Long">
      72.880043999672
     </SimpleData>
     <SimpleData name="OBJECTID_1">
      297
     </SimpleData>
     <SimpleData name="Owner_Dept">
      Education Dept
     </SimpleData>
     <SimpleData name="SchName">
      HARIOM BAGVE LP
     </SimpleData>
     <SimpleData name="Sch_Type">
      3-Co-educational
     </SimpleData>
     <SimpleData name="Twitter_Ha">
      @mybmcedu
     </SimpleData>
     <SimpleData name="VillageNam">
      L-  WARD
     </SimpleData>
     <SimpleData name="Website">
     </SimpleData>
    </SchemaData>
   </ExtendedData>
   <Point>
    <coordinates>
     72.880044,19.084597,0
    </coordinates>
   </Point>
  </Placemark>
  <Placemark>
   <visibility>
    0
   </visibility>
   <name>
    SHISHU VIKAS MANDIR LP
   </name>
   <styleUrl>
    #mumbai_aided_schools_style
   </styleUrl>
   <ExtendedData>
    <SchemaData schemaUrl="#J_mumbai_aided_schools_SIISSSSSISSSSSS">
     <SimpleData name="Address">
      WADIYA ESTATE BAIL BAZAR KURLA W MUM  NO 400070
     </SimpleData>
     <SimpleData name="Cls_From">
      1
     </SimpleData>
     <SimpleData name="Cls_To">
      4
     </SimpleData>
     <SimpleData name="Email">
      shishuvikasmpd@gmail.com
     </SimpleData>
     <SimpleData name="GoogleMaps">
      https://www.google.com/maps/search/?api=1&amp;query=19.0860300003979,72.8796449998441
     </SimpleData>
     <SimpleData name="Landline_n">
      022-25036507
     </SimpleData>
     <SimpleData name="Lat">
      19.0860300003979
     </SimpleData>
     <SimpleData name="Long">
      72.8796449998441
     </SimpleData>
     <SimpleData name="OBJECTID_1">
      298
     </SimpleData>
     <SimpleData name="Owner_Dept">
      Education Dept
     </SimpleData>
     <SimpleData name="SchName">
      SHISHU VIKAS MANDIR LP
     </SimpleData>
     <SimpleData name="Sch_Type">
      3-Co-educational
     </SimpleData>
     <SimpleData name="Twitter_Ha">
      @mybmcedu
     </SimpleData>
     <SimpleData name="VillageNam">
      L-  WARD
     </SimpleData>
     <SimpleData name="Website">
      www.education.maharashtra.gov.in
     </SimpleData>
    </SchemaData>
   </ExtendedData>
   <Point>
    <coordinates>
     72.879645,19.08603,0
    </coordinates>
   </Point>
  </Placemark>
  <Placemark>
   <visibility>
    0
   </visibility>
   <name>
    SHIVAM VIDYA MANDIR LP HINDI
   </name>
   <styleUrl>
    #mumbai_aided_schools_style
   </styleUrl>
   <ExtendedData>
    <SchemaData schemaUrl="#J_mumbai_aided_schools_SIISSSSSISSSSSS">
     <SimpleData name="Address">
      YADAV NAGAR, KHAIRANI ROAD, SAKINAKA, MUMBAI 400072
     </SimpleData>
     <SimpleData name="Cls_From">
      1
     </SimpleData>
     <SimpleData name="Cls_To">
      4
     </SimpleData>
     <SimpleData name="Email">
      shivamvidyamandir1982@gmail.com
     </SimpleData>
     <SimpleData name="GoogleMaps">
      https://www.google.com/maps/search/?api=1&amp;query=19.1105600000768,72.8935349995844
     </SimpleData>
     <SimpleData name="Landline_n">
      022-28561979
     </SimpleData>
     <SimpleData name="Lat">
      19.1105600000768
     </SimpleData>
     <SimpleData name="Long">
      72.8935349995844
     </SimpleData>
     <SimpleData name="OBJECTID_1">
      299
     </SimpleData>
     <SimpleData name="Owner_Dept">
      Education Dept
     </SimpleData>
     <SimpleData name="SchName">
      SHIVAM VIDYA MANDIR LP HINDI
     </SimpleData>
     <SimpleData name="Sch_Type">
      3-Co-educational
     </SimpleData>
     <SimpleData name="Twitter_Ha">
      @mybmcedu
     </SimpleData>
     <SimpleData name="VillageNam">
      L-  WARD
     </SimpleData>
     <SimpleData name="Website">
      www-shivamvidyamandir.com
     </SimpleData>
    </SchemaData>
   </ExtendedData>
   <Point>
    <coordinates>
     72.893535,19.11056,0
    </coordinates>
   </Point>
  </Placemark>
  <Placemark>
   <visibility>
    0
   </visibility>
   <name>
    GULSHAN-E-MILLAT URU LP
   </name>
   <styleUrl>
    #mumbai_aided_schools_style
   </styleUrl>
   <ExtendedData>
    <SchemaData schemaUrl="#J_mumbai_aided_schools_SIISSSSSISSSSSS">
     <SimpleData name="Address">
      ARBI MUHALLA ,JARI MARI , KURLA ANDHERI ROAD , MUMBAI 400072.
     </SimpleData>
     <SimpleData name="Cls_From">
      1
     </SimpleData>
     <SimpleData name="Cls_To">
      4
     </SimpleData>
     <SimpleData name="Email">
      gulshanemillatprimary@gmail.com
     </SimpleData>
     <SimpleData name="GoogleMaps">
      https://www.google.com/maps/search/?api=1&amp;query=19.0926220002867,72.8810770001616
     </SimpleData>
     <SimpleData name="Landline_n">
      022-28561151
     </SimpleData>
     <SimpleData name="Lat">
      19.0926220002867
     </SimpleData>
     <SimpleData name="Long">
      72.8810770001616
     </SimpleData>
     <SimpleData name="OBJECTID_1">
      300
     </SimpleData>
     <SimpleData name="Owner_Dept">
      Education Dept
     </SimpleData>
     <SimpleData name="SchName">
      GULSHAN-E-MILLAT URU LP
     </SimpleData>
     <SimpleData name="Sch_Type">
      3-Co-educational
     </SimpleData>
     <SimpleData name="Twitter_Ha">
      @mybmcedu
     </SimpleData>
     <SimpleData name="VillageNam">
      L-  WARD
     </SimpleData>
     <SimpleData name="Website">
     </SimpleData>
    </SchemaData>
   </ExtendedData>
   <Point>
    <coordinates>
     72.881077,19.092622,0
    </coordinates>
   </Point>
  </Placemark>
  <Placemark>
   <visibility>
    0
   </visibility>
   <name>
    SHIVAJI VIDYALAYA MAR. SCHOOL
   </name>
   <styleUrl>
    #mumbai_aided_schools_style
   </styleUrl>
   <ExtendedData>
    <SchemaData schemaUrl="#J_mumbai_aided_schools_SIISSSSSISSSSSS">
     <SimpleData name="Address">
      Shivaji Maidan Pipeline Kajupada Kurla west Mumbai
     </SimpleData>
     <SimpleData name="Cls_From">
      1
     </SimpleData>
     <SimpleData name="Cls_To">
      4
     </SimpleData>
     <SimpleData name="Email">
      sprimarysection@yahoo.in
     </SimpleData>
     <SimpleData name="GoogleMaps">
      https://www.google.com/maps/search/?api=1&amp;query=19.0917660000026,72.8855230002049
     </SimpleData>
     <SimpleData name="Landline_n">
      022-28510085
     </SimpleData>
     <SimpleData name="Lat">
      19.0917660000026
     </SimpleData>
     <SimpleData name="Long">
      72.8855230002049
     </SimpleData>
     <SimpleData name="OBJECTID_1">
      301
     </SimpleData>
     <SimpleData name="Owner_Dept">
      Education Dept
     </SimpleData>
     <SimpleData name="SchName">
      SHIVAJI VIDYALAYA MAR. SCHOOL
     </SimpleData>
     <SimpleData name="Sch_Type">
      3-Co-educational
     </SimpleData>
     <SimpleData name="Twitter_Ha">
      @mybmcedu
     </SimpleData>
     <SimpleData name="VillageNam">
      L-  WARD
     </SimpleData>
     <SimpleData name="Website">
     </SimpleData>
    </SchemaData>
   </ExtendedData>
   <Point>
    <coordinates>
     72.88552300000001,19.091766,0
    </coordinates>
   </Point>
  </Placemark>
  <Placemark>
   <visibility>
    0
   </visibility>
   <name>
    YOGIRAJ S K VIDYALAYA HINDILP
   </name>
   <styleUrl>
    #mumbai_aided_schools_style
   </styleUrl>
   <ExtendedData>
    <SchemaData schemaUrl="#J_mumbai_aided_schools_SIISSSSSISSSSSS">
     <SimpleData name="Address">
      SHREE KRISHNA NAGAR ,SAFED POOL, SAKINAKA, MUMBAI 400072.
     </SimpleData>
     <SimpleData name="Cls_From">
      1
     </SimpleData>
     <SimpleData name="Cls_To">
      4
     </SimpleData>
     <SimpleData name="Email">
      yskvhp@rediffmail.com
     </SimpleData>
     <SimpleData name="GoogleMaps">
      https://www.google.com/maps/search/?api=1&amp;query=19.0951469994458,72.8866599998931
     </SimpleData>
     <SimpleData name="Landline_n">
      022-28514823
     </SimpleData>
     <SimpleData name="Lat">
      19.0951469994458
     </SimpleData>
     <SimpleData name="Long">
      72.8866599998931
     </SimpleData>
     <SimpleData name="OBJECTID_1">
      302
     </SimpleData>
     <SimpleData name="Owner_Dept">
      Education Dept
     </SimpleData>
     <SimpleData name="SchName">
      YOGIRAJ S K VIDYALAYA HINDILP
     </SimpleData>
     <SimpleData name="Sch_Type">
      3-Co-educational
     </SimpleData>
     <SimpleData name="Twitter_Ha">
      @mybmcedu
     </SimpleData>
     <SimpleData name="VillageNam">
      L-  WARD
     </SimpleData>
     <SimpleData name="Website">
     </SimpleData>
    </SchemaData>
   </ExtendedData>
   <Point>
    <coordinates>
     72.88666000000001,19.095147,0
    </coordinates>
   </Point>
  </Placemark>
  <Placemark>
   <visibility>
    0
   </visibility>
   <name>
    SHRI SAINATH SHIKSHAN SAN LP
   </name>
   <styleUrl>
    #mumbai_aided_schools_style
   </styleUrl>
   <ExtendedData>
    <SchemaData schemaUrl="#J_mumbai_aided_schools_SIISSSSSISSSSSS">
     <SimpleData name="Address">
      HIMALAYA SOC. ROAD ASLPHA VILLAGE GHATKOPAR WEST
     </SimpleData>
     <SimpleData name="Cls_From">
      1
     </SimpleData>
     <SimpleData name="Cls_To">
      4
     </SimpleData>
     <SimpleData name="Email">
      sainathprimary@gmail.com
     </SimpleData>
     <SimpleData name="GoogleMaps">
      https://www.google.com/maps/search/?api=1&amp;query=19.0929569993558,72.8917350000515
     </SimpleData>
     <SimpleData name="Landline_n">
      022-25169495
     </SimpleData>
     <SimpleData name="Lat">
      19.0929569993558
     </SimpleData>
     <SimpleData name="Long">
      72.8917350000515
     </SimpleData>
     <SimpleData name="OBJECTID_1">
      303
     </SimpleData>
     <SimpleData name="Owner_Dept">
      Education Dept
     </SimpleData>
     <SimpleData name="SchName">
      SHRI SAINATH SHIKSHAN SAN LP
     </SimpleData>
     <SimpleData name="Sch_Type">
      3-Co-educational
     </SimpleData>
     <SimpleData name="Twitter_Ha">
      @mybmcedu
     </SimpleData>
     <SimpleData name="VillageNam">
      L-  WARD
     </SimpleData>
     <SimpleData name="Website">
     </SimpleData>
    </SchemaData>
   </ExtendedData>
   <Point>
    <coordinates>
     72.891735,19.092957,0
    </coordinates>
   </Point>
  </Placemark>
  <Placemark>
   <visibility>
    0
   </visibility>
   <name>
    LOKMANYA VIDYA MANDIR LP
   </name>
   <styleUrl>
    #mumbai_aided_schools_style
   </styleUrl>
   <ExtendedData>
    <SchemaData schemaUrl="#J_mumbai_aided_schools_SIISSSSSISSSSSS">
     <SimpleData name="Address">
      LOKMANYA TILAK NAGAR,SAKINAKA,MUMBAI-72
     </SimpleData>
     <SimpleData name="Cls_From">
      1
     </SimpleData>
     <SimpleData name="Cls_To">
      4
     </SimpleData>
     <SimpleData name="Email">
      lokmanyasanstha@yahoo.co.in
     </SimpleData>
     <SimpleData name="GoogleMaps">
      https://www.google.com/maps/search/?api=1&amp;query=19.0989299997333,72.8896120008022
     </SimpleData>
     <SimpleData name="Landline_n">
      022-28511698
     </SimpleData>
     <SimpleData name="Lat">
      19.0989299997333
     </SimpleData>
     <SimpleData name="Long">
      72.8896120008022
     </SimpleData>
     <SimpleData name="OBJECTID_1">
      304
     </SimpleData>
     <SimpleData name="Owner_Dept">
      Education Dept
     </SimpleData>
     <SimpleData name="SchName">
      LOKMANYA VIDYA MANDIR LP
     </SimpleData>
     <SimpleData name="Sch_Type">
      3-Co-educational
     </SimpleData>
     <SimpleData name="Twitter_Ha">
      @mybmcedu
     </SimpleData>
     <SimpleData name="VillageNam">
      L-  WARD
     </SimpleData>
     <SimpleData name="Website">
     </SimpleData>
    </SchemaData>
   </ExtendedData>
   <Point>
    <coordinates>
     72.889612,19.09893,0
    </coordinates>
   </Point>
  </Placemark>
  <Placemark>
   <visibility>
    0
   </visibility>
   <name>
    SAVITRIBAI PHULE GIRLS LP
   </name>
   <styleUrl>
    #mumbai_aided_schools_style
   </styleUrl>
   <ExtendedData>
    <SchemaData schemaUrl="#J_mumbai_aided_schools_SIISSSSSISSSSSS">
     <SimpleData name="Address">
      Tilaknagar, Sakinaka, Mumbai - 400072.
     </SimpleData>
     <SimpleData name="Cls_From">
      1
     </SimpleData>
     <SimpleData name="Cls_To">
      4
     </SimpleData>
     <SimpleData name="Email">
      savitribaiphulegirlsschool@yahoo.com
     </SimpleData>
     <SimpleData name="GoogleMaps">
      https://www.google.com/maps/search/?api=1&amp;query=19.1010749998807,72.8942030001006
     </SimpleData>
     <SimpleData name="Landline_n">
      022-28516494
     </SimpleData>
     <SimpleData name="Lat">
      19.1010749998807
     </SimpleData>
     <SimpleData name="Long">
      72.8942030001006
     </SimpleData>
     <SimpleData name="OBJECTID_1">
      305
     </SimpleData>
     <SimpleData name="Owner_Dept">
      Education Dept
     </SimpleData>
     <SimpleData name="SchName">
      SAVITRIBAI PHULE GIRLS LP
     </SimpleData>
     <SimpleData name="Sch_Type">
      2-Girls
     </SimpleData>
     <SimpleData name="Twitter_Ha">
      @mybmcedu
     </SimpleData>
     <SimpleData name="VillageNam">
      L-  WARD
     </SimpleData>
     <SimpleData name="Website">
     </SimpleData>
    </SchemaData>
   </ExtendedData>
   <Point>
    <coordinates>
     72.894203,19.101075,0
    </coordinates>
   </Point>
  </Placemark>
  <Placemark>
   <visibility>
    0
   </visibility>
   <name>
    HINDI BAL VIDYA MANDIR LP
   </name>
   <styleUrl>
    #mumbai_aided_schools_style
   </styleUrl>
   <ExtendedData>
    <SchemaData schemaUrl="#J_mumbai_aided_schools_SIISSSSSISSSSSS">
     <SimpleData name="Address">
      Pipe Line Asalfa Ghatkopar West  Mumbai 400084.
     </SimpleData>
     <SimpleData name="Cls_From">
      1
     </SimpleData>
     <SimpleData name="Cls_To">
      4
     </SimpleData>
     <SimpleData name="Email">
      hmhbvm@gmail.com
     </SimpleData>
     <SimpleData name="GoogleMaps">
      https://www.google.com/maps/search/?api=1&amp;query=19.1011800001318,72.8940249997939
     </SimpleData>
     <SimpleData name="Landline_n">
      022-25126042
     </SimpleData>
     <SimpleData name="Lat">
      19.1011800001318
     </SimpleData>
     <SimpleData name="Long">
      72.8940249997939
     </SimpleData>
     <SimpleData name="OBJECTID_1">
      306
     </SimpleData>
     <SimpleData name="Owner_Dept">
      Education Dept
     </SimpleData>
     <SimpleData name="SchName">
      HINDI BAL VIDYA MANDIR LP
     </SimpleData>
     <SimpleData name="Sch_Type">
      3-Co-educational
     </SimpleData>
     <SimpleData name="Twitter_Ha">
      @mybmcedu
     </SimpleData>
     <SimpleData name="VillageNam">
      L-  WARD
     </SimpleData>
     <SimpleData name="Website">
     </SimpleData>
    </SchemaData>
   </ExtendedData>
   <Point>
    <coordinates>
     72.894025,19.10118,0
    </coordinates>
   </Point>
  </Placemark>
  <Placemark>
   <visibility>
    0
   </visibility>
   <name>
    A N I URDU LP
   </name>
   <styleUrl>
    #mumbai_aided_schools_style
   </styleUrl>
   <ExtendedData>
    <SchemaData schemaUrl="#J_mumbai_aided_schools_SIISSSSSISSSSSS">
     <SimpleData name="Address">
      A.G Link Road Tilak Nagar Sakinaka Mumbai-400072
     </SimpleData>
     <SimpleData name="Cls_From">
      1
     </SimpleData>
     <SimpleData name="Cls_To">
      4
     </SimpleData>
     <SimpleData name="Email">
      anjumanschool@gmail.com
     </SimpleData>
     <SimpleData name="GoogleMaps">
      https://www.google.com/maps/search/?api=1&amp;query=19.1005010002821,72.8901759999336
     </SimpleData>
     <SimpleData name="Landline_n">
      022-28511927
     </SimpleData>
     <SimpleData name="Lat">
      19.1005010002821
     </SimpleData>
     <SimpleData name="Long">
      72.8901759999336
     </SimpleData>
     <SimpleData name="OBJECTID_1">
      307
     </SimpleData>
     <SimpleData name="Owner_Dept">
      Education Dept
     </SimpleData>
     <SimpleData name="SchName">
      A N I URDU LP
     </SimpleData>
     <SimpleData name="Sch_Type">
      3-Co-educational
     </SimpleData>
     <SimpleData name="Twitter_Ha">
      @mybmcedu
     </SimpleData>
     <SimpleData name="VillageNam">
      L-  WARD
     </SimpleData>
     <SimpleData name="Website">
     </SimpleData>
    </SchemaData>
   </ExtendedData>
   <Point>
    <coordinates>
     72.890176,19.100501,0
    </coordinates>
   </Point>
  </Placemark>
  <Placemark>
   <visibility>
    0
   </visibility>
   <name>
    GULSHAN E ISLAM URDU LP
   </name>
   <styleUrl>
    #mumbai_aided_schools_style
   </styleUrl>
   <ExtendedData>
    <SchemaData schemaUrl="#J_mumbai_aided_schools_SIISSSSSISSSSSS">
     <SimpleData name="Address">
      TILAK NAGAR  SAKINAKA  KURLA WEST MUMBAI 400072
     </SimpleData>
     <SimpleData name="Cls_From">
      1
     </SimpleData>
     <SimpleData name="Cls_To">
      4
     </SimpleData>
     <SimpleData name="Email">
      hmgiups@gmail.com
     </SimpleData>
     <SimpleData name="GoogleMaps">
      https://www.google.com/maps/search/?api=1&amp;query=19.0984140003255,72.8891579999505
     </SimpleData>
     <SimpleData name="Landline_n">
      022-28516379
     </SimpleData>
     <SimpleData name="Lat">
      19.0984140003255
     </SimpleData>
     <SimpleData name="Long">
      72.8891579999505
     </SimpleData>
     <SimpleData name="OBJECTID_1">
      308
     </SimpleData>
     <SimpleData name="Owner_Dept">
      Education Dept
     </SimpleData>
     <SimpleData name="SchName">
      GULSHAN E ISLAM URDU LP
     </SimpleData>
     <SimpleData name="Sch_Type">
      3-Co-educational
     </SimpleData>
     <SimpleData name="Twitter_Ha">
      @mybmcedu
     </SimpleData>
     <SimpleData name="VillageNam">
      L-  WARD
     </SimpleData>
     <SimpleData name="Website">
     </SimpleData>
    </SchemaData>
   </ExtendedData>
   <Point>
    <coordinates>
     72.88915799999999,19.098414,0
    </coordinates>
   </Point>
  </Placemark>
  <Placemark>
   <visibility>
    0
   </visibility>
   <name>
    SAMATA VIDYA MANDIR MARATHI
   </name>
   <styleUrl>
    #mumbai_aided_schools_style
   </styleUrl>
   <ExtendedData>
    <SchemaData schemaUrl="#J_mumbai_aided_schools_SIISSSSSISSSSSS">
     <SimpleData name="Address">
      Mohili Village, Pareirawadi, Sakinaka, Mumbai-400072
     </SimpleData>
     <SimpleData name="Cls_From">
      1
     </SimpleData>
     <SimpleData name="Cls_To">
      4
     </SimpleData>
     <SimpleData name="Email">
      samatavidyamandir1977marathi@gmail.in
     </SimpleData>
     <SimpleData name="GoogleMaps">
      https://www.google.com/maps/search/?api=1&amp;query=19.101083000175,72.8939680001869
     </SimpleData>
     <SimpleData name="Landline_n">
      022-28563473
     </SimpleData>
     <SimpleData name="Lat">
      19.101083000175
     </SimpleData>
     <SimpleData name="Long">
      72.8939680001869
     </SimpleData>
     <SimpleData name="OBJECTID_1">
      309
     </SimpleData>
     <SimpleData name="Owner_Dept">
      Education Dept
     </SimpleData>
     <SimpleData name="SchName">
      SAMATA VIDYA MANDIR MARATHI
     </SimpleData>
     <SimpleData name="Sch_Type">
      3-Co-educational
     </SimpleData>
     <SimpleData name="Twitter_Ha">
      @mybmcedu
     </SimpleData>
     <SimpleData name="VillageNam">
      L-  WARD
     </SimpleData>
     <SimpleData name="Website">
     </SimpleData>
    </SchemaData>
   </ExtendedData>
   <Point>
    <coordinates>
     72.893968,19.101083,0
    </coordinates>
   </Point>
  </Placemark>
  <Placemark>
   <visibility>
    0
   </visibility>
   <name>
    SAMATA VIDYA MANDIR HINDI
   </name>
   <styleUrl>
    #mumbai_aided_schools_style
   </styleUrl>
   <ExtendedData>
    <SchemaData schemaUrl="#J_mumbai_aided_schools_SIISSSSSISSSSSS">
     <SimpleData name="Address">
      Mohili Village,Pareirawadi, Sakinaka, Mumbai-400072
     </SimpleData>
     <SimpleData name="Cls_From">
      1
     </SimpleData>
     <SimpleData name="Cls_To">
      4
     </SimpleData>
     <SimpleData name="Email">
      samatavidyamandirhindi@gmail.com
     </SimpleData>
     <SimpleData name="GoogleMaps">
      https://www.google.com/maps/search/?api=1&amp;query=19.1010179996533,72.8941730001248
     </SimpleData>
     <SimpleData name="Landline_n">
      022-28563473
     </SimpleData>
     <SimpleData name="Lat">
      19.1010179996533
     </SimpleData>
     <SimpleData name="Long">
      72.8941730001248
     </SimpleData>
     <SimpleData name="OBJECTID_1">
      310
     </SimpleData>
     <SimpleData name="Owner_Dept">
      Education Dept
     </SimpleData>
     <SimpleData name="SchName">
      SAMATA VIDYA MANDIR HINDI
     </SimpleData>
     <SimpleData name="Sch_Type">
      3-Co-educational
     </SimpleData>
     <SimpleData name="Twitter_Ha">
      @mybmcedu
     </SimpleData>
     <SimpleData name="VillageNam">
      L-  WARD
     </SimpleData>
     <SimpleData name="Website">
     </SimpleData>
    </SchemaData>
   </ExtendedData>
   <Point>
    <coordinates>
     72.89417299999999,19.101018,0
    </coordinates>
   </Point>
  </Placemark>
  <Placemark>
   <visibility>
    0
   </visibility>
   <name>
    THERESA PRIMARY SCHOOL
   </name>
   <styleUrl>
    #mumbai_aided_schools_style
   </styleUrl>
   <ExtendedData>
    <SchemaData schemaUrl="#J_mumbai_aided_schools_SIISSSSSISSSSSS">
     <SimpleData name="Address">
      Pereirawadi, Mohili Village, Sakinaka, Mumbai- 400 072
     </SimpleData>
     <SimpleData name="Cls_From">
      1
     </SimpleData>
     <SimpleData name="Cls_To">
      4
     </SimpleData>
     <SimpleData name="Email">
      theresahighschool@gmail.com
     </SimpleData>
     <SimpleData name="GoogleMaps">
      https://www.google.com/maps/search/?api=1&amp;query=19.1010899996597,72.8935880001402
     </SimpleData>
     <SimpleData name="Landline_n">
      022-28525980
     </SimpleData>
     <SimpleData name="Lat">
      19.1010899996597
     </SimpleData>
     <SimpleData name="Long">
      72.8935880001402
     </SimpleData>
     <SimpleData name="OBJECTID_1">
      311
     </SimpleData>
     <SimpleData name="Owner_Dept">
      Education Dept
     </SimpleData>
     <SimpleData name="SchName">
      THERESA PRIMARY SCHOOL
     </SimpleData>
     <SimpleData name="Sch_Type">
      3-Co-educational
     </SimpleData>
     <SimpleData name="Twitter_Ha">
      @mybmcedu
     </SimpleData>
     <SimpleData name="VillageNam">
      L-  WARD
     </SimpleData>
     <SimpleData name="Website">
      theresahighschool.com
     </SimpleData>
    </SchemaData>
   </ExtendedData>
   <Point>
    <coordinates>
     72.89358799999999,19.10109,0
    </coordinates>
   </Point>
  </Placemark>
  <Placemark>
   <visibility>
    0
   </visibility>
   <name>
    MANAV VIKAS VIDYALAYA
   </name>
   <styleUrl>
    #mumbai_aided_schools_style
   </styleUrl>
   <ExtendedData>
    <SchemaData schemaUrl="#J_mumbai_aided_schools_SIISSSSSISSSSSS">
     <SimpleData name="Address">
      Ramleela Maidan, Khairani Road, Sakinaka, Mumbai-400072.
     </SimpleData>
     <SimpleData name="Cls_From">
      1
     </SimpleData>
     <SimpleData name="Cls_To">
      4
     </SimpleData>
     <SimpleData name="Email">
      hmmanavikasprimary@gmail.com
     </SimpleData>
     <SimpleData name="GoogleMaps">
      https://www.google.com/maps/search/?api=1&amp;query=19.1056130007144,72.8912810003948
     </SimpleData>
     <SimpleData name="Landline_n">
      022-28510680
     </SimpleData>
     <SimpleData name="Lat">
      19.1056130007144
     </SimpleData>
     <SimpleData name="Long">
      72.8912810003948
     </SimpleData>
     <SimpleData name="OBJECTID_1">
      312
     </SimpleData>
     <SimpleData name="Owner_Dept">
      Education Dept
     </SimpleData>
     <SimpleData name="SchName">
      MANAV VIKAS VIDYALAYA
     </SimpleData>
     <SimpleData name="Sch_Type">
      3-Co-educational
     </SimpleData>
     <SimpleData name="Twitter_Ha">
      @mybmcedu
     </SimpleData>
     <SimpleData name="VillageNam">
      L-  WARD
     </SimpleData>
     <SimpleData name="Website">
     </SimpleData>
    </SchemaData>
   </ExtendedData>
   <Point>
    <coordinates>
     72.89128100000001,19.105613,0
    </coordinates>
   </Point>
  </Placemark>
  <Placemark>
   <visibility>
    0
   </visibility>
   <name>
    I E S LP MAR
   </name>
   <styleUrl>
    #mumbai_aided_schools_style
   </styleUrl>
   <ExtendedData>
    <SchemaData schemaUrl="#J_mumbai_aided_schools_SIISSSSSISSSSSS">
     <SimpleData name="Address">
      BAMANDAYA PADA, MILITARY ROAD, POWAI MUMBAI 72
     </SimpleData>
     <SimpleData name="Cls_From">
      1
     </SimpleData>
     <SimpleData name="Cls_To">
      4
     </SimpleData>
     <SimpleData name="Email">
      marol.marathi.primary@ies.edu
     </SimpleData>
     <SimpleData name="GoogleMaps">
      https://www.google.com/maps/search/?api=1&amp;query=19.1237119999023,72.8886659995173
     </SimpleData>
     <SimpleData name="Landline_n">
      022-29206012
     </SimpleData>
     <SimpleData name="Lat">
      19.1237119999023
     </SimpleData>
     <SimpleData name="Long">
      72.8886659995173
     </SimpleData>
     <SimpleData name="OBJECTID_1">
      313
     </SimpleData>
     <SimpleData name="Owner_Dept">
      Education Dept
     </SimpleData>
     <SimpleData name="SchName">
      I E S LP MAR
     </SimpleData>
     <SimpleData name="Sch_Type">
      3-Co-educational
     </SimpleData>
     <SimpleData name="Twitter_Ha">
      @mybmcedu
     </SimpleData>
     <SimpleData name="VillageNam">
      L-  WARD
     </SimpleData>
     <SimpleData name="Website">
     </SimpleData>
    </SchemaData>
   </ExtendedData>
   <Point>
    <coordinates>
     72.888666,19.123712,0
    </coordinates>
   </Point>
  </Placemark>
  <Placemark>
   <visibility>
    0
   </visibility>
   <name>
    SOCIAL SERVICE LEAGE PRIMARY SCHOOL
   </name>
   <styleUrl>
    #mumbai_aided_schools_style
   </styleUrl>
   <ExtendedData>
    <SchemaData schemaUrl="#J_mumbai_aided_schools_SIISSSSSISSSSSS">
     <SimpleData name="Address">
      NM Joshi Vidyasankul DrAambedker Road Parel12
     </SimpleData>
     <SimpleData name="Cls_From">
      1
     </SimpleData>
     <SimpleData name="Cls_To">
      4
     </SimpleData>
     <SimpleData name="Email">
      sslparel@gmail.com
     </SimpleData>
     <SimpleData name="GoogleMaps">
      https://www.google.com/maps/search/?api=1&amp;query=19.0046619998487,72.8386690000359
     </SimpleData>
     <SimpleData name="Landline_n">
      022-24706311
     </SimpleData>
     <SimpleData name="Lat">
      19.0046619998487
     </SimpleData>
     <SimpleData name="Long">
      72.8386690000359
     </SimpleData>
     <SimpleData name="OBJECTID_1">
      314
     </SimpleData>
     <SimpleData name="Owner_Dept">
      Education Dept
     </SimpleData>
     <SimpleData name="SchName">
      SOCIAL SERVICE LEAGE PRIMARY SCHOOL
     </SimpleData>
     <SimpleData name="Sch_Type">
      3-Co-educational
     </SimpleData>
     <SimpleData name="Twitter_Ha">
      @mybmcedu
     </SimpleData>
     <SimpleData name="VillageNam">
      F/S - WARD
     </SimpleData>
     <SimpleData name="Website">
      education.maharashtra.gov.in/saral/27221000101
     </SimpleData>
    </SchemaData>
   </ExtendedData>
   <Point>
    <coordinates>
     72.838669,19.004662,0
    </coordinates>
   </Point>
  </Placemark>
  <Placemark>
   <visibility>
    0
   </visibility>
   <name>
    MATUSHREE KUVARBAI VELGI VIDYA MANDIR
   </name>
   <styleUrl>
    #mumbai_aided_schools_style
   </styleUrl>
   <ExtendedData>
    <SchemaData schemaUrl="#J_mumbai_aided_schools_SIISSSSSISSSSSS">
     <SimpleData name="Address">
      47/C, DR. BA Road, opp. voltas house, chinchpokli, mumabi 12
     </SimpleData>
     <SimpleData name="Cls_From">
      1
     </SimpleData>
     <SimpleData name="Cls_To">
      4
     </SimpleData>
     <SimpleData name="Email">
      mkvvidyamandir123@gmail.com
     </SimpleData>
     <SimpleData name="GoogleMaps">
      https://www.google.com/maps/search/?api=1&amp;query=19.0069090004503,72.8375020002149
     </SimpleData>
     <SimpleData name="Landline_n">
      022-23728131
     </SimpleData>
     <SimpleData name="Lat">
      19.0069090004503
     </SimpleData>
     <SimpleData name="Long">
      72.8375020002149
     </SimpleData>
     <SimpleData name="OBJECTID_1">
      315
     </SimpleData>
     <SimpleData name="Owner_Dept">
      Education Dept
     </SimpleData>
     <SimpleData name="SchName">
      MATUSHREE KUVARBAI VELGI VIDYA MANDIR
     </SimpleData>
     <SimpleData name="Sch_Type">
      3-Co-educational
     </SimpleData>
     <SimpleData name="Twitter_Ha">
      @mybmcedu
     </SimpleData>
     <SimpleData name="VillageNam">
      F/S - WARD
     </SimpleData>
     <SimpleData name="Website">
     </SimpleData>
    </SchemaData>
   </ExtendedData>
   <Point>
    <coordinates>
     72.837502,19.006909,0
    </coordinates>
   </Point>
  </Placemark>
  <Placemark>
   <visibility>
    0
   </visibility>
   <name>
    KMS PAREL PRIMARI SCHOOL
   </name>
   <styleUrl>
    #mumbai_aided_schools_style
   </styleUrl>
   <ExtendedData>
    <SchemaData schemaUrl="#J_mumbai_aided_schools_SIISSSSSISSSSSS">
     <SimpleData name="Address">
      142/49 Dr.Borges Rd.Parel Mumbai 12
     </SimpleData>
     <SimpleData name="Cls_From">
      1
     </SimpleData>
     <SimpleData name="Cls_To">
      4
     </SimpleData>
     <SimpleData name="Email">
      kms.parel@gmail.com
     </SimpleData>
     <SimpleData name="GoogleMaps">
      https://www.google.com/maps/search/?api=1&amp;query=18.9998559997883,72.8396300007608
     </SimpleData>
     <SimpleData name="Landline_n">
      022-24106273
     </SimpleData>
     <SimpleData name="Lat">
      18.9998559997883
     </SimpleData>
     <SimpleData name="Long">
      72.8396300007608
     </SimpleData>
     <SimpleData name="OBJECTID_1">
      316
     </SimpleData>
     <SimpleData name="Owner_Dept">
      Education Dept
     </SimpleData>
     <SimpleData name="SchName">
      KMS PAREL PRIMARI SCHOOL
     </SimpleData>
     <SimpleData name="Sch_Type">
      3-Co-educational
     </SimpleData>
     <SimpleData name="Twitter_Ha">
      @mybmcedu
     </SimpleData>
     <SimpleData name="VillageNam">
      F/S - WARD
     </SimpleData>
     <SimpleData name="Website">
      www.kmsdrshirodkar.org
     </SimpleData>
    </SchemaData>
   </ExtendedData>
   <Point>
    <coordinates>
     72.83963,18.999856,0
    </coordinates>
   </Point>
  </Placemark>
  <Placemark>
   <visibility>
    0
   </visibility>
   <name>
    GOKHALE EDUCATION SOCITY LP
   </name>
   <styleUrl>
    #mumbai_aided_schools_style
   </styleUrl>
   <ExtendedData>
    <SchemaData schemaUrl="#J_mumbai_aided_schools_SIISSSSSISSSSSS">
     <SimpleData name="Address">
      21,G.E.S..Parel,Mumbai,400012
     </SimpleData>
     <SimpleData name="Cls_From">
      1
     </SimpleData>
     <SimpleData name="Cls_To">
      4
     </SimpleData>
     <SimpleData name="Email">
      parelprimary@rediffmail.com
     </SimpleData>
     <SimpleData name="GoogleMaps">
      https://www.google.com/maps/search/?api=1&amp;query=19.0036250000442,72.8399349997569
     </SimpleData>
     <SimpleData name="Landline_n">
      022-24131417
     </SimpleData>
     <SimpleData name="Lat">
      19.0036250000442
     </SimpleData>
     <SimpleData name="Long">
      72.8399349997569
     </SimpleData>
     <SimpleData name="OBJECTID_1">
      317
     </SimpleData>
     <SimpleData name="Owner_Dept">
      Education Dept
     </SimpleData>
     <SimpleData name="SchName">
      GOKHALE EDUCATION SOCITY LP
     </SimpleData>
     <SimpleData name="Sch_Type">
      3-Co-educational
     </SimpleData>
     <SimpleData name="Twitter_Ha">
      @mybmcedu
     </SimpleData>
     <SimpleData name="VillageNam">
      F/S - WARD
     </SimpleData>
     <SimpleData name="Website">
     </SimpleData>
    </SchemaData>
   </ExtendedData>
   <Point>
    <coordinates>
     72.839935,19.003625,0
    </coordinates>
   </Point>
  </Placemark>
  <Placemark>
   <visibility>
    0
   </visibility>
   <name>
    SIR J. J. PAREL PRIMARY SCHOOL
   </name>
   <styleUrl>
    #mumbai_aided_schools_style
   </styleUrl>
   <ExtendedData>
    <SchemaData schemaUrl="#J_mumbai_aided_schools_SIISSSSSISSSSSS">
     <SimpleData name="Address">
      17, Dr. S. S. Rao Road, Parel, Mumbai 400012
     </SimpleData>
     <SimpleData name="Cls_From">
      1
     </SimpleData>
     <SimpleData name="Cls_To">
      4
     </SimpleData>
     <SimpleData name="Email">
      maharukh.kotwal@sjjpbi.org
     </SimpleData>
     <SimpleData name="GoogleMaps">
      https://www.google.com/maps/search/?api=1&amp;query=18.9985529998599,72.8415629992128
     </SimpleData>
     <SimpleData name="Landline_n">
      022-24134339
     </SimpleData>
     <SimpleData name="Lat">
      18.9985529998599
     </SimpleData>
     <SimpleData name="Long">
      72.8415629992128
     </SimpleData>
     <SimpleData name="OBJECTID_1">
      318
     </SimpleData>
     <SimpleData name="Owner_Dept">
      Education Dept
     </SimpleData>
     <SimpleData name="SchName">
      SIR J. J. PAREL PRIMARY SCHOOL
     </SimpleData>
     <SimpleData name="Sch_Type">
      3-Co-educational
     </SimpleData>
     <SimpleData name="Twitter_Ha">
      @mybmcedu
     </SimpleData>
     <SimpleData name="VillageNam">
      F/S - WARD
     </SimpleData>
     <SimpleData name="Website">
      education.maharashtra.gov.in/saral/27221000116
     </SimpleData>
    </SchemaData>
   </ExtendedData>
   <Point>
    <coordinates>
     72.84156299999999,18.998553,0
    </coordinates>
   </Point>
  </Placemark>
  <Placemark>
   <visibility>
    0
   </visibility>
   <name>
    S.S.M PRATHAMIK SHALA
   </name>
   <styleUrl>
    #mumbai_aided_schools_style
   </styleUrl>
   <ExtendedData>
    <SchemaData schemaUrl="#J_mumbai_aided_schools_SIISSSSSISSSSSS">
     <SimpleData name="Address">
      ABHYUDDAY NAGAR KALACHOWKI
     </SimpleData>
     <SimpleData name="Cls_From">
      1
     </SimpleData>
     <SimpleData name="Cls_To">
      4
     </SimpleData>
     <SimpleData name="Email">
      ssmprathamikshala@gmail.com
     </SimpleData>
     <SimpleData name="GoogleMaps">
      https://www.google.com/maps/search/?api=1&amp;query=18.9887069993918,72.8434330006825
     </SimpleData>
     <SimpleData name="Landline_n">
      022-24712883
     </SimpleData>
     <SimpleData name="Lat">
      18.9887069993918
     </SimpleData>
     <SimpleData name="Long">
      72.8434330006825
     </SimpleData>
     <SimpleData name="OBJECTID_1">
      319
     </SimpleData>
     <SimpleData name="Owner_Dept">
      Education Dept
     </SimpleData>
     <SimpleData name="SchName">
      S.S.M PRATHAMIK SHALA
     </SimpleData>
     <SimpleData name="Sch_Type">
      3-Co-educational
     </SimpleData>
     <SimpleData name="Twitter_Ha">
      @mybmcedu
     </SimpleData>
     <SimpleData name="VillageNam">
      F/S - WARD
     </SimpleData>
     <SimpleData name="Website">
      education.maharashtra.gov.in/saral/27221000133
     </SimpleData>
    </SchemaData>
   </ExtendedData>
   <Point>
    <coordinates>
     72.843433,18.988707,0
    </coordinates>
   </Point>
  </Placemark>
  <Placemark>
   <visibility>
    0
   </visibility>
   <name>
    ABHYUDAYA EDUCATION SOCIETY'S MARATHI PRIMARY SCHOOL
   </name>
   <styleUrl>
    #mumbai_aided_schools_style
   </styleUrl>
   <ExtendedData>
    <SchemaData schemaUrl="#J_mumbai_aided_schools_SIISSSSSISSSSSS">
     <SimpleData name="Address">
      Abhyudaya Nagar, Kalachowki, Mumbai - 400 033
     </SimpleData>
     <SimpleData name="Cls_From">
      1
     </SimpleData>
     <SimpleData name="Cls_To">
      4
     </SimpleData>
     <SimpleData name="Email">
      aes27221000134@gmail.com
     </SimpleData>
     <SimpleData name="GoogleMaps">
      https://www.google.com/maps/search/?api=1&amp;query=18.9908279998164,72.8445250003993
     </SimpleData>
     <SimpleData name="Landline_n">
      022-24707205
     </SimpleData>
     <SimpleData name="Lat">
      18.9908279998164
     </SimpleData>
     <SimpleData name="Long">
      72.8445250003993
     </SimpleData>
     <SimpleData name="OBJECTID_1">
      320
     </SimpleData>
     <SimpleData name="Owner_Dept">
      Education Dept
     </SimpleData>
     <SimpleData name="SchName">
      ABHYUDAYA EDUCATION SOCIETY'S MARATHI PRIMARY SCHOOL
     </SimpleData>
     <SimpleData name="Sch_Type">
      3-Co-educational
     </SimpleData>
     <SimpleData name="Twitter_Ha">
      @mybmcedu
     </SimpleData>
     <SimpleData name="VillageNam">
      F/S - WARD
     </SimpleData>
     <SimpleData name="Website">
      www.aesoc.org.in
     </SimpleData>
    </SchemaData>
   </ExtendedData>
   <Point>
    <coordinates>
     72.844525,18.990828,0
    </coordinates>
   </Point>
  </Placemark>
  <Placemark>
   <visibility>
    0
   </visibility>
   <name>
    AHILYA PRATHAMIK SHALA
   </name>
   <styleUrl>
    #mumbai_aided_schools_style
   </styleUrl>
   <ExtendedData>
    <SchemaData schemaUrl="#J_mumbai_aided_schools_SIISSSSSISSSSSS">
     <SimpleData name="Address">
      33/2327, Abhyudaya Nagar, Kalachowki, Mumbai-400033
     </SimpleData>
     <SimpleData name="Cls_From">
      1
     </SimpleData>
     <SimpleData name="Cls_To">
      4
     </SimpleData>
     <SimpleData name="Email">
      ahilyavm@gmail.com
     </SimpleData>
     <SimpleData name="GoogleMaps">
      https://www.google.com/maps/search/?api=1&amp;query=18.9886479998892,72.8427850002771
     </SimpleData>
     <SimpleData name="Landline_n">
      022-24706836
     </SimpleData>
     <SimpleData name="Lat">
      18.9886479998892
     </SimpleData>
     <SimpleData name="Long">
      72.8427850002771
     </SimpleData>
     <SimpleData name="OBJECTID_1">
      321
     </SimpleData>
     <SimpleData name="Owner_Dept">
      Education Dept
     </SimpleData>
     <SimpleData name="SchName">
      AHILYA PRATHAMIK SHALA
     </SimpleData>
     <SimpleData name="Sch_Type">
      3-Co-educational
     </SimpleData>
     <SimpleData name="Twitter_Ha">
      @mybmcedu
     </SimpleData>
     <SimpleData name="VillageNam">
      F/S - WARD
     </SimpleData>
     <SimpleData name="Website">
      education.maharashtra.gov.in/saral/27221000135
     </SimpleData>
    </SchemaData>
   </ExtendedData>
   <Point>
    <coordinates>
     72.84278500000001,18.988648,0
    </coordinates>
   </Point>
  </Placemark>
  <Placemark>
   <visibility>
    0
   </visibility>
   <name>
    V V M GIRLS MAR SCHOOL
   </name>
   <styleUrl>
    #mumbai_aided_schools_style
   </styleUrl>
   <ExtendedData>
    <SchemaData schemaUrl="#J_mumbai_aided_schools_SIISSSSSISSSSSS">
     <SimpleData name="Address">
      148/ Abhyudaya Nagar, Kalachowki, 400033.
     </SimpleData>
     <SimpleData name="Cls_From">
      1
     </SimpleData>
     <SimpleData name="Cls_To">
      4
     </SimpleData>
     <SimpleData name="Email">
      ahilyavm@gmail.com
     </SimpleData>
     <SimpleData name="GoogleMaps">
      https://www.google.com/maps/search/?api=1&amp;query=18.9880520005305,72.8434999997043
     </SimpleData>
     <SimpleData name="Landline_n">
      022-24706836
     </SimpleData>
     <SimpleData name="Lat">
      18.9880520005305
     </SimpleData>
     <SimpleData name="Long">
      72.8434999997043
     </SimpleData>
     <SimpleData name="OBJECTID_1">
      322
     </SimpleData>
     <SimpleData name="Owner_Dept">
      Education Dept
     </SimpleData>
     <SimpleData name="SchName">
      V V M GIRLS MAR SCHOOL
     </SimpleData>
     <SimpleData name="Sch_Type">
      3-Co-educational
     </SimpleData>
     <SimpleData name="Twitter_Ha">
      @mybmcedu
     </SimpleData>
     <SimpleData name="VillageNam">
      F/S - WARD
     </SimpleData>
     <SimpleData name="Website">
     </SimpleData>
    </SchemaData>
   </ExtendedData>
   <Point>
    <coordinates>
     72.84350000000001,18.988052,0
    </coordinates>
   </Point>
  </Placemark>
  <Placemark>
   <visibility>
    0
   </visibility>
   <name>
    ABHYUDAYA EDUCATION SOCIETY'S ENG PRIMARY SCHOOL
   </name>
   <styleUrl>
    #mumbai_aided_schools_style
   </styleUrl>
   <ExtendedData>
    <SchemaData schemaUrl="#J_mumbai_aided_schools_SIISSSSSISSSSSS">
     <SimpleData name="Address">
      Abhyudaya Nagar, kalachouki, mumbai 400 033
     </SimpleData>
     <SimpleData name="Cls_From">
      1
     </SimpleData>
     <SimpleData name="Cls_To">
      4
     </SimpleData>
     <SimpleData name="Email">
      aesenglishprimary@gmail.com
     </SimpleData>
     <SimpleData name="GoogleMaps">
      https://www.google.com/maps/search/?api=1&amp;query=18.9906120002766,72.8438869996663
     </SimpleData>
     <SimpleData name="Landline_n">
      022-24708227
     </SimpleData>
     <SimpleData name="Lat">
      18.9906120002766
     </SimpleData>
     <SimpleData name="Long">
      72.8438869996663
     </SimpleData>
     <SimpleData name="OBJECTID_1">
      323
     </SimpleData>
     <SimpleData name="Owner_Dept">
      Education Dept
     </SimpleData>
     <SimpleData name="SchName">
      ABHYUDAYA EDUCATION SOCIETY'S ENG PRIMARY SCHOOL
     </SimpleData>
     <SimpleData name="Sch_Type">
      3-Co-educational
     </SimpleData>
     <SimpleData name="Twitter_Ha">
      @mybmcedu
     </SimpleData>
     <SimpleData name="VillageNam">
      F/S - WARD
     </SimpleData>
     <SimpleData name="Website">
      www.aesoc.org.in
     </SimpleData>
    </SchemaData>
   </ExtendedData>
   <Point>
    <coordinates>
     72.843887,18.990612,0
    </coordinates>
   </Point>
  </Placemark>
  <Placemark>
   <visibility>
    0
   </visibility>
   <name>
    MINAL VIDYAMANDIR SEWREE
   </name>
   <styleUrl>
    #mumbai_aided_schools_style
   </styleUrl>
   <ExtendedData>
    <SchemaData schemaUrl="#J_mumbai_aided_schools_SIISSSSSISSSSSS">
     <SimpleData name="Address">
      MINAL VIDYA MANDIR NAKWA WADI T J ROAD SEWREE MUMBAI400015
     </SimpleData>
     <SimpleData name="Cls_From">
      1
     </SimpleData>
     <SimpleData name="Cls_To">
      4
     </SimpleData>
     <SimpleData name="Email">
      minalvidyamandir@gmail.com
     </SimpleData>
     <SimpleData name="GoogleMaps">
      https://www.google.com/maps/search/?api=1&amp;query=18.9972199999147,72.8503979995124
     </SimpleData>
     <SimpleData name="Landline_n">
      022-24140641
     </SimpleData>
     <SimpleData name="Lat">
      18.9972199999147
     </SimpleData>
     <SimpleData name="Long">
      72.8503979995124
     </SimpleData>
     <SimpleData name="OBJECTID_1">
      324
     </SimpleData>
     <SimpleData name="Owner_Dept">
      Education Dept
     </SimpleData>
     <SimpleData name="SchName">
      MINAL VIDYAMANDIR SEWREE
     </SimpleData>
     <SimpleData name="Sch_Type">
      3-Co-educational
     </SimpleData>
     <SimpleData name="Twitter_Ha">
      @mybmcedu
     </SimpleData>
     <SimpleData name="VillageNam">
      F/S - WARD
     </SimpleData>
     <SimpleData name="Website">
      education.maharashtra.gov.in/saral/27221000143
     </SimpleData>
    </SchemaData>
   </ExtendedData>
   <Point>
    <coordinates>
     72.850398,18.99722,0
    </coordinates>
   </Point>
  </Placemark>
  <Placemark>
   <visibility>
    0
   </visibility>
   <name>
    FATIMA HIGH SCHOOL (PRIMARY)
   </name>
   <styleUrl>
    #mumbai_aided_schools_style
   </styleUrl>
   <ExtendedData>
    <SchemaData schemaUrl="#J_mumbai_aided_schools_SIISSSSSISSSSSS">
     <SimpleData name="Address">
      Sakharam Lanjrekar Marg,Sewri West,Mumbai-15
     </SimpleData>
     <SimpleData name="Cls_From">
      1
     </SimpleData>
     <SimpleData name="Cls_To">
      4
     </SimpleData>
     <SimpleData name="Email">
      fatimaschoolprimary@yahoo.com
     </SimpleData>
     <SimpleData name="GoogleMaps">
      https://www.google.com/maps/search/?api=1&amp;query=19.0002679992452,72.8527119998287
     </SimpleData>
     <SimpleData name="Landline_n">
      022-24135342
     </SimpleData>
     <SimpleData name="Lat">
      19.0002679992452
     </SimpleData>
     <SimpleData name="Long">
      72.8527119998287
     </SimpleData>
     <SimpleData name="OBJECTID_1">
      325
     </SimpleData>
     <SimpleData name="Owner_Dept">
      Education Dept
     </SimpleData>
     <SimpleData name="SchName">
      FATIMA HIGH SCHOOL (PRIMARY)
     </SimpleData>
     <SimpleData name="Sch_Type">
      3-Co-educational
     </SimpleData>
     <SimpleData name="Twitter_Ha">
      @mybmcedu
     </SimpleData>
     <SimpleData name="VillageNam">
      F/S - WARD
     </SimpleData>
     <SimpleData name="Website">
      education.maharashtra.gov.in/saral/27221000151
     </SimpleData>
    </SchemaData>
   </ExtendedData>
   <Point>
    <coordinates>
     72.852712,19.000268,0
    </coordinates>
   </Point>
  </Placemark>
  <Placemark>
   <visibility>
    0
   </visibility>
   <name>
    OUR LADY'S SCHOOL
   </name>
   <styleUrl>
    #mumbai_aided_schools_style
   </styleUrl>
   <ExtendedData>
    <SchemaData schemaUrl="#J_mumbai_aided_schools_SIISSSSSISSSSSS">
     <SimpleData name="Address">
      205 Dr Ambedkar Road Dadar East
     </SimpleData>
     <SimpleData name="Cls_From">
      1
     </SimpleData>
     <SimpleData name="Cls_To">
      4
     </SimpleData>
     <SimpleData name="Email">
      0l_school@rediffmail.com
     </SimpleData>
     <SimpleData name="GoogleMaps">
      https://www.google.com/maps/search/?api=1&amp;query=19.0076239996689,72.8422829994886
     </SimpleData>
     <SimpleData name="Landline_n">
      022-24151268
     </SimpleData>
     <SimpleData name="Lat">
      19.0076239996689
     </SimpleData>
     <SimpleData name="Long">
      72.8422829994886
     </SimpleData>
     <SimpleData name="OBJECTID_1">
      326
     </SimpleData>
     <SimpleData name="Owner_Dept">
      Education Dept
     </SimpleData>
     <SimpleData name="SchName">
      OUR LADY'S SCHOOL
     </SimpleData>
     <SimpleData name="Sch_Type">
      1-Boys
     </SimpleData>
     <SimpleData name="Twitter_Ha">
      @mybmcedu
     </SimpleData>
     <SimpleData name="VillageNam">
      F/S - WARD
     </SimpleData>
     <SimpleData name="Website">
      www.ourladyshome.com
     </SimpleData>
    </SchemaData>
   </ExtendedData>
   <Point>
    <coordinates>
     72.84228299999999,19.007624,0
    </coordinates>
   </Point>
  </Placemark>
  <Placemark>
   <visibility>
    0
   </visibility>
   <name>
    BENGALI EDUCATION SOC LP
   </name>
   <styleUrl>
    #mumbai_aided_schools_style
   </styleUrl>
   <ExtendedData>
    <SchemaData schemaUrl="#J_mumbai_aided_schools_SIISSSSSISSSSSS">
     <SimpleData name="Address">
      163, S. S Wagh Marg, Naigaon, Dadar east
     </SimpleData>
     <SimpleData name="Cls_From">
      1
     </SimpleData>
     <SimpleData name="Cls_To">
      4
     </SimpleData>
     <SimpleData name="Email">
      besprimaryschool@yahoo.co.in
     </SimpleData>
     <SimpleData name="GoogleMaps">
      https://www.google.com/maps/search/?api=1&amp;query=19.0101300005619,72.8446049998105
     </SimpleData>
     <SimpleData name="Landline_n">
      022-24133748
     </SimpleData>
     <SimpleData name="Lat">
      19.0101300005619
     </SimpleData>
     <SimpleData name="Long">
      72.8446049998105
     </SimpleData>
     <SimpleData name="OBJECTID_1">
      327
     </SimpleData>
     <SimpleData name="Owner_Dept">
      Education Dept
     </SimpleData>
     <SimpleData name="SchName">
      BENGALI EDUCATION SOC LP
     </SimpleData>
     <SimpleData name="Sch_Type">
      3-Co-educational
     </SimpleData>
     <SimpleData name="Twitter_Ha">
      @mybmcedu
     </SimpleData>
     <SimpleData name="VillageNam">
      F/S - WARD
     </SimpleData>
     <SimpleData name="Website">
      education.maharashtra.gov.in/saral/27221000174
     </SimpleData>
    </SchemaData>
   </ExtendedData>
   <Point>
    <coordinates>
     72.844605,19.01013,0
    </coordinates>
   </Point>
  </Placemark>
  <Placemark>
   <visibility>
    0
   </visibility>
   <name>
    GURU NANAK ENGLISH PRIMARY SCHOOL
   </name>
   <styleUrl>
    #mumbai_aided_schools_style
   </styleUrl>
   <ExtendedData>
    <SchemaData schemaUrl="#J_mumbai_aided_schools_SIISSSSSISSSSSS">
     <SimpleData name="Address">
      S S WAGH MARG NAIGAON DADAR EAST  MUMBAI 400014
     </SimpleData>
     <SimpleData name="Cls_From">
      1
     </SimpleData>
     <SimpleData name="Cls_To">
      4
     </SimpleData>
     <SimpleData name="Email">
      gnjcddr@gmail.com
     </SimpleData>
     <SimpleData name="GoogleMaps">
      https://www.google.com/maps/search/?api=1&amp;query=19.0123049999231,72.8443919993665
     </SimpleData>
     <SimpleData name="Landline_n">
      022-24133736
     </SimpleData>
     <SimpleData name="Lat">
      19.0123049999231
     </SimpleData>
     <SimpleData name="Long">
      72.8443919993665
     </SimpleData>
     <SimpleData name="OBJECTID_1">
      328
     </SimpleData>
     <SimpleData name="Owner_Dept">
      Education Dept
     </SimpleData>
     <SimpleData name="SchName">
      GURU NANAK ENGLISH PRIMARY SCHOOL
     </SimpleData>
     <SimpleData name="Sch_Type">
      3-Co-educational
     </SimpleData>
     <SimpleData name="Twitter_Ha">
      @mybmcedu
     </SimpleData>
     <SimpleData name="VillageNam">
      F/S - WARD
     </SimpleData>
     <SimpleData name="Website">
      education.maharashtra.gov.in
     </SimpleData>
    </SchemaData>
   </ExtendedData>
   <Point>
    <coordinates>
     72.844392,19.012305,0
    </coordinates>
   </Point>
  </Placemark>
  <Placemark>
   <visibility>
    0
   </visibility>
   <name>
    PRABHAVATI KULKARNI LP VIDYALA
   </name>
   <styleUrl>
    #mumbai_aided_schools_style
   </styleUrl>
   <ExtendedData>
    <SchemaData schemaUrl="#J_mumbai_aided_schools_SIISSSSSISSSSSS">
     <SimpleData name="Address">
      M.Phule Road Naigaum Dadar
     </SimpleData>
     <SimpleData name="Cls_From">
      1
     </SimpleData>
     <SimpleData name="Cls_To">
      4
     </SimpleData>
     <SimpleData name="Email">
      pkpv1956@gmail.com
     </SimpleData>
     <SimpleData name="GoogleMaps">
      https://www.google.com/maps/search/?api=1&amp;query=19.012506999794,72.8445600001883
     </SimpleData>
     <SimpleData name="Landline_n">
      022-24126125
     </SimpleData>
     <SimpleData name="Lat">
      19.012506999794
     </SimpleData>
     <SimpleData name="Long">
      72.8445600001883
     </SimpleData>
     <SimpleData name="OBJECTID_1">
      329
     </SimpleData>
     <SimpleData name="Owner_Dept">
      Education Dept
     </SimpleData>
     <SimpleData name="SchName">
      PRABHAVATI KULKARNI LP VIDYALA
     </SimpleData>
     <SimpleData name="Sch_Type">
      3-Co-educational
     </SimpleData>
     <SimpleData name="Twitter_Ha">
      @mybmcedu
     </SimpleData>
     <SimpleData name="VillageNam">
      F/S - WARD
     </SimpleData>
     <SimpleData name="Website">
      education.maharashtra.gov.in/saral/27221000178
     </SimpleData>
    </SchemaData>
   </ExtendedData>
   <Point>
    <coordinates>
     72.84456,19.012507,0
    </coordinates>
   </Point>
  </Placemark>
  <Placemark>
   <visibility>
    0
   </visibility>
   <name>
    ABHINAV PRATHMIK SHALA
   </name>
   <styleUrl>
    #mumbai_aided_schools_style
   </styleUrl>
   <ExtendedData>
    <SchemaData schemaUrl="#J_mumbai_aided_schools_SIISSSSSISSSSSS">
     <SimpleData name="Address">
      lakhamasi nappu road hindu colony mum 400014
     </SimpleData>
     <SimpleData name="Cls_From">
      1
     </SimpleData>
     <SimpleData name="Cls_To">
      4
     </SimpleData>
     <SimpleData name="Email">
      abhinavprathamikshaladadar@gmail.com
     </SimpleData>
     <SimpleData name="GoogleMaps">
      https://www.google.com/maps/search/?api=1&amp;query=19.0208660001744,72.8487209994459
     </SimpleData>
     <SimpleData name="Landline_n">
      022-24132334
     </SimpleData>
     <SimpleData name="Lat">
      19.0208660001744
     </SimpleData>
     <SimpleData name="Long">
      72.8487209994459
     </SimpleData>
     <SimpleData name="OBJECTID_1">
      330
     </SimpleData>
     <SimpleData name="Owner_Dept">
      Education Dept
     </SimpleData>
     <SimpleData name="SchName">
      ABHINAV PRATHMIK SHALA
     </SimpleData>
     <SimpleData name="Sch_Type">
      3-Co-educational
     </SimpleData>
     <SimpleData name="Twitter_Ha">
      @mybmcedu
     </SimpleData>
     <SimpleData name="VillageNam">
      F/ N -WARD
     </SimpleData>
     <SimpleData name="Website">
     </SimpleData>
    </SchemaData>
   </ExtendedData>
   <Point>
    <coordinates>
     72.848721,19.020866,0
    </coordinates>
   </Point>
  </Placemark>
  <Placemark>
   <visibility>
    0
   </visibility>
   <name>
    S I W S LP SCHOOL ENG (MATUNGA)
   </name>
   <styleUrl>
    #mumbai_aided_schools_style
   </styleUrl>
   <ExtendedData>
    <SchemaData schemaUrl="#J_mumbai_aided_schools_SIISSSSSISSSSSS">
     <SimpleData name="Address">
      337,sewree wadala estate,Major R. parameshwaran marg ,wadala mumbai 31
     </SimpleData>
     <SimpleData name="Cls_From">
      1
     </SimpleData>
     <SimpleData name="Cls_To">
      4
     </SimpleData>
     <SimpleData name="Email">
      siwsprimarymatunga@yahoo.com
     </SimpleData>
     <SimpleData name="GoogleMaps">
      https://www.google.com/maps/search/?api=1&amp;query=19.0256890003418,72.851886000383
     </SimpleData>
     <SimpleData name="Landline_n">
      022-24114262
     </SimpleData>
     <SimpleData name="Lat">
      19.0256890003418
     </SimpleData>
     <SimpleData name="Long">
      72.851886000383
     </SimpleData>
     <SimpleData name="OBJECTID_1">
      331
     </SimpleData>
     <SimpleData name="Owner_Dept">
      Education Dept
     </SimpleData>
     <SimpleData name="SchName">
      S I W S LP SCHOOL ENG (MATUNGA)
     </SimpleData>
     <SimpleData name="Sch_Type">
      3-Co-educational
     </SimpleData>
     <SimpleData name="Twitter_Ha">
      @mybmcedu
     </SimpleData>
     <SimpleData name="VillageNam">
      F/ N -WARD
     </SimpleData>
     <SimpleData name="Website">
      www.siwsprimaryschoolmatunga.edu.in
     </SimpleData>
    </SchemaData>
   </ExtendedData>
   <Point>
    <coordinates>
     72.85188599999999,19.025689,0
    </coordinates>
   </Point>
  </Placemark>
  <Placemark>
   <visibility>
    0
   </visibility>
   <name>
    I E S PATKAR GURUJI VIDYALAYA
   </name>
   <styleUrl>
    #mumbai_aided_schools_style
   </styleUrl>
   <ExtendedData>
    <SchemaData schemaUrl="#J_mumbai_aided_schools_SIISSSSSISSSSSS">
     <SimpleData name="Address">
      180,Saraswati Nilayam,Hindu colony,Dadar,Mumbai 400014.
     </SimpleData>
     <SimpleData name="Cls_From">
      1
     </SimpleData>
     <SimpleData name="Cls_To">
      4
     </SimpleData>
     <SimpleData name="Email">
      pgv.primary.marathi@ies.edu
     </SimpleData>
     <SimpleData name="GoogleMaps">
      https://www.google.com/maps/search/?api=1&amp;query=19.0208950006268,72.8487360000043
     </SimpleData>
     <SimpleData name="Landline_n">
      022-24145760
     </SimpleData>
     <SimpleData name="Lat">
      19.0208950006268
     </SimpleData>
     <SimpleData name="Long">
      72.8487360000043
     </SimpleData>
     <SimpleData name="OBJECTID_1">
      332
     </SimpleData>
     <SimpleData name="Owner_Dept">
      Education Dept
     </SimpleData>
     <SimpleData name="SchName">
      I E S PATKAR GURUJI VIDYALAYA
     </SimpleData>
     <SimpleData name="Sch_Type">
      3-Co-educational
     </SimpleData>
     <SimpleData name="Twitter_Ha">
      @mybmcedu
     </SimpleData>
     <SimpleData name="VillageNam">
      F/ N -WARD
     </SimpleData>
     <SimpleData name="Website">
      education.maharashtra.gov.in/saral/27221000206
     </SimpleData>
    </SchemaData>
   </ExtendedData>
   <Point>
    <coordinates>
     72.848736,19.020895,0
    </coordinates>
   </Point>
  </Placemark>
  <Placemark>
   <visibility>
    0
   </visibility>
   <name>
    THE ANDHRA EDUCATION SOCIETY'S ENGLISH PRIMARY SCHOOL
   </name>
   <styleUrl>
    #mumbai_aided_schools_style
   </styleUrl>
   <ExtendedData>
    <SchemaData schemaUrl="#J_mumbai_aided_schools_SIISSSSSISSSSSS">
     <SimpleData name="Address">
      PLOT NO.111-115, ROAD NO. 7 A, WADALA, MUMBAI - 400 031
     </SimpleData>
     <SimpleData name="Cls_From">
      1
     </SimpleData>
     <SimpleData name="Cls_To">
      4
     </SimpleData>
     <SimpleData name="Email">
      aes1947@gmail.com
     </SimpleData>
     <SimpleData name="GoogleMaps">
      https://www.google.com/maps/search/?api=1&amp;query=19.0226539993457,72.8586760004386
     </SimpleData>
     <SimpleData name="Landline_n">
      022-24172274
     </SimpleData>
     <SimpleData name="Lat">
      19.0226539993457
     </SimpleData>
     <SimpleData name="Long">
      72.8586760004386
     </SimpleData>
     <SimpleData name="OBJECTID_1">
      333
     </SimpleData>
     <SimpleData name="Owner_Dept">
      Education Dept
     </SimpleData>
     <SimpleData name="SchName">
      THE ANDHRA EDUCATION SOCIETY'S ENGLISH PRIMARY SCHOOL
     </SimpleData>
     <SimpleData name="Sch_Type">
      3-Co-educational
     </SimpleData>
     <SimpleData name="Twitter_Ha">
      @mybmcedu
     </SimpleData>
     <SimpleData name="VillageNam">
      F/ N -WARD
     </SimpleData>
     <SimpleData name="Website">
      www.andhraeducationsocietymumbai.org
     </SimpleData>
    </SchemaData>
   </ExtendedData>
   <Point>
    <coordinates>
     72.858676,19.022654,0
    </coordinates>
   </Point>
  </Placemark>
  <Placemark>
   <visibility>
    0
   </visibility>
   <name>
    DON BOSCO PRIMARY SCHOOL
   </name>
   <styleUrl>
    #mumbai_aided_schools_style
   </styleUrl>
   <ExtendedData>
    <SchemaData schemaUrl="#J_mumbai_aided_schools_SIISSSSSISSSSSS">
     <SimpleData name="Address">
      NATHALAL PAREKH MARG, MATUNGA, MUMBAI 400019.
     </SimpleData>
     <SimpleData name="Cls_From">
      1
     </SimpleData>
     <SimpleData name="Cls_To">
      4
     </SimpleData>
     <SimpleData name="Email">
      office@donboscomatunga.com
     </SimpleData>
     <SimpleData name="GoogleMaps">
      https://www.google.com/maps/search/?api=1&amp;query=19.0258229998113,72.8572099998733
     </SimpleData>
     <SimpleData name="Landline_n">
      022-24102023
     </SimpleData>
     <SimpleData name="Lat">
      19.0258229998113
     </SimpleData>
     <SimpleData name="Long">
      72.8572099998733
     </SimpleData>
     <SimpleData name="OBJECTID_1">
      334
     </SimpleData>
     <SimpleData name="Owner_Dept">
      Education Dept
     </SimpleData>
     <SimpleData name="SchName">
      DON BOSCO PRIMARY SCHOOL
     </SimpleData>
     <SimpleData name="Sch_Type">
      1-Boys
     </SimpleData>
     <SimpleData name="Twitter_Ha">
      @mybmcedu
     </SimpleData>
     <SimpleData name="VillageNam">
      F/ N -WARD
     </SimpleData>
     <SimpleData name="Website">
      www.donboscomatunga.com
     </SimpleData>
    </SchemaData>
   </ExtendedData>
   <Point>
    <coordinates>
     72.85720999999999,19.025823,0
    </coordinates>
   </Point>
  </Placemark>
  <Placemark>
   <visibility>
    0
   </visibility>
   <name>
    S. I. E. S PRIMARY SCHOOL
   </name>
   <styleUrl>
    #mumbai_aided_schools_style
   </styleUrl>
   <ExtendedData>
    <SchemaData schemaUrl="#J_mumbai_aided_schools_SIISSSSSISSSSSS">
     <SimpleData name="Address">
      K. A.SUBRAMANIAM ROAD, MATUNGA , MUMBAI 400 019
     </SimpleData>
     <SimpleData name="Cls_From">
      1
     </SimpleData>
     <SimpleData name="Cls_To">
      4
     </SimpleData>
     <SimpleData name="Email">
      sies1932@gmail.com
     </SimpleData>
     <SimpleData name="GoogleMaps">
      https://www.google.com/maps/search/?api=1&amp;query=19.0322749994884,72.8563000002427
     </SimpleData>
     <SimpleData name="Landline_n">
      022-24010081
     </SimpleData>
     <SimpleData name="Lat">
      19.0322749994884
     </SimpleData>
     <SimpleData name="Long">
      72.8563000002427
     </SimpleData>
     <SimpleData name="OBJECTID_1">
      335
     </SimpleData>
     <SimpleData name="Owner_Dept">
      Education Dept
     </SimpleData>
     <SimpleData name="SchName">
      S. I. E. S PRIMARY SCHOOL
     </SimpleData>
     <SimpleData name="Sch_Type">
      3-Co-educational
     </SimpleData>
     <SimpleData name="Twitter_Ha">
      @mybmcedu
     </SimpleData>
     <SimpleData name="VillageNam">
      F/ N -WARD
     </SimpleData>
     <SimpleData name="Website">
      www.siesnetcampus.org
     </SimpleData>
    </SchemaData>
   </ExtendedData>
   <Point>
    <coordinates>
     72.8563,19.032275,0
    </coordinates>
   </Point>
  </Placemark>
  <Placemark>
   <visibility>
    0
   </visibility>
   <name>
    NIRMAL VIDYALAYA WADALA
   </name>
   <styleUrl>
    #mumbai_aided_schools_style
   </styleUrl>
   <ExtendedData>
    <SchemaData schemaUrl="#J_mumbai_aided_schools_SIISSSSSISSSSSS">
     <SimpleData name="Address">
      GANESH NAGAR S.P ROAD WADALA  E MUMBAI 400037
     </SimpleData>
     <SimpleData name="Cls_From">
      1
     </SimpleData>
     <SimpleData name="Cls_To">
      4
     </SimpleData>
     <SimpleData name="Email">
      nirmalvidyalayap@gmail.com
     </SimpleData>
     <SimpleData name="GoogleMaps">
      https://www.google.com/maps/search/?api=1&amp;query=19.0186839998822,72.8685820002012
     </SimpleData>
     <SimpleData name="Landline_n">
      022-24154748
     </SimpleData>
     <SimpleData name="Lat">
      19.0186839998822
     </SimpleData>
     <SimpleData name="Long">
      72.8685820002012
     </SimpleData>
     <SimpleData name="OBJECTID_1">
      336
     </SimpleData>
     <SimpleData name="Owner_Dept">
      Education Dept
     </SimpleData>
     <SimpleData name="SchName">
      NIRMAL VIDYALAYA WADALA
     </SimpleData>
     <SimpleData name="Sch_Type">
      3-Co-educational
     </SimpleData>
     <SimpleData name="Twitter_Ha">
      @mybmcedu
     </SimpleData>
     <SimpleData name="VillageNam">
      F/ N -WARD
     </SimpleData>
     <SimpleData name="Website">
      education.maharashtra.gov.in/saral/27221000269
     </SimpleData>
    </SchemaData>
   </ExtendedData>
   <Point>
    <coordinates>
     72.868582,19.018684,0
    </coordinates>
   </Point>
  </Placemark>
  <Placemark>
   <visibility>
    0
   </visibility>
   <name>
    SITARAM PRAKASH HIGH SCHOOL - HINDI PRIMARY
   </name>
   <styleUrl>
    #mumbai_aided_schools_style
   </styleUrl>
   <ExtendedData>
    <SchemaData schemaUrl="#J_mumbai_aided_schools_SIISSSSSISSSSSS">
     <SimpleData name="Address">
      205 A, RAFI AHMED KIDWAI ROAD, WADALA, MUMBAI
     </SimpleData>
     <SimpleData name="Cls_From">
      1
     </SimpleData>
     <SimpleData name="Cls_To">
      4
     </SimpleData>
     <SimpleData name="Email">
      sph_school@yahoo.in
     </SimpleData>
     <SimpleData name="GoogleMaps">
      https://www.google.com/maps/search/?api=1&amp;query=19.0180650001954,72.8591729997942
     </SimpleData>
     <SimpleData name="Landline_n">
      022-24128061
     </SimpleData>
     <SimpleData name="Lat">
      19.0180650001954
     </SimpleData>
     <SimpleData name="Long">
      72.8591729997942
     </SimpleData>
     <SimpleData name="OBJECTID_1">
      337
     </SimpleData>
     <SimpleData name="Owner_Dept">
      Education Dept
     </SimpleData>
     <SimpleData name="SchName">
      SITARAM PRAKASH HIGH SCHOOL - HINDI PRIMARY
     </SimpleData>
     <SimpleData name="Sch_Type">
      3-Co-educational
     </SimpleData>
     <SimpleData name="Twitter_Ha">
      @mybmcedu
     </SimpleData>
     <SimpleData name="VillageNam">
      F/ N -WARD
     </SimpleData>
     <SimpleData name="Website">
      education.maharashtra.gov.in/saral/272121000276
     </SimpleData>
    </SchemaData>
   </ExtendedData>
   <Point>
    <coordinates>
     72.859173,19.018065,0
    </coordinates>
   </Point>
  </Placemark>
  <Placemark>
   <visibility>
    0
   </visibility>
   <name>
    THE N. K. E. S. ENGLISH PRIMARY SCHOOL
   </name>
   <styleUrl>
    #mumbai_aided_schools_style
   </styleUrl>
   <ExtendedData>
    <SchemaData schemaUrl="#J_mumbai_aided_schools_SIISSSSSISSSSSS">
     <SimpleData name="Address">
      Wadala west Mumbai 400031
     </SimpleData>
     <SimpleData name="Cls_From">
      1
     </SimpleData>
     <SimpleData name="Cls_To">
      4
     </SimpleData>
     <SimpleData name="Email">
      renisvalentina66@gmail.com
     </SimpleData>
     <SimpleData name="GoogleMaps">
      https://www.google.com/maps/search/?api=1&amp;query=19.0218539999708,72.859007999679
     </SimpleData>
     <SimpleData name="Landline_n">
      022-24184924
     </SimpleData>
     <SimpleData name="Lat">
      19.0218539999708
     </SimpleData>
     <SimpleData name="Long">
      72.859007999679
     </SimpleData>
     <SimpleData name="OBJECTID_1">
      338
     </SimpleData>
     <SimpleData name="Owner_Dept">
      Education Dept
     </SimpleData>
     <SimpleData name="SchName">
      THE N. K. E. S. ENGLISH PRIMARY SCHOOL
     </SimpleData>
     <SimpleData name="Sch_Type">
      3-Co-educational
     </SimpleData>
     <SimpleData name="Twitter_Ha">
      @mybmcedu
     </SimpleData>
     <SimpleData name="VillageNam">
      F/ N -WARD
     </SimpleData>
     <SimpleData name="Website">
      www.nkes.in
     </SimpleData>
    </SchemaData>
   </ExtendedData>
   <Point>
    <coordinates>
     72.859008,19.021854,0
    </coordinates>
   </Point>
  </Placemark>
  <Placemark>
   <visibility>
    0
   </visibility>
   <name>
    N.K.E.S KANNADA PRIMARY SCHOOL
   </name>
   <styleUrl>
    #mumbai_aided_schools_style
   </styleUrl>
   <ExtendedData>
    <SchemaData schemaUrl="#J_mumbai_aided_schools_SIISSSSSISSSSSS">
     <SimpleData name="Address">
      wadala west mumbai 400031
     </SimpleData>
     <SimpleData name="Cls_From">
      1
     </SimpleData>
     <SimpleData name="Cls_To">
      4
     </SimpleData>
     <SimpleData name="Email">
      kannadaskool@yahoo.com
     </SimpleData>
     <SimpleData name="GoogleMaps">
      https://www.google.com/maps/search/?api=1&amp;query=19.0188239999396,72.8440460002249
     </SimpleData>
     <SimpleData name="Landline_n">
      022-24184524
     </SimpleData>
     <SimpleData name="Lat">
      19.0188239999396
     </SimpleData>
     <SimpleData name="Long">
      72.8440460002249
     </SimpleData>
     <SimpleData name="OBJECTID_1">
      339
     </SimpleData>
     <SimpleData name="Owner_Dept">
      Education Dept
     </SimpleData>
     <SimpleData name="SchName">
      N.K.E.S KANNADA PRIMARY SCHOOL
     </SimpleData>
     <SimpleData name="Sch_Type">
      3-Co-educational
     </SimpleData>
     <SimpleData name="Twitter_Ha">
      @mybmcedu
     </SimpleData>
     <SimpleData name="VillageNam">
      F/ N -WARD
     </SimpleData>
     <SimpleData name="Website">
      www.nkes.in
     </SimpleData>
    </SchemaData>
   </ExtendedData>
   <Point>
    <coordinates>
     72.84404600000001,19.018824,0
    </coordinates>
   </Point>
  </Placemark>
  <Placemark>
   <visibility>
    0
   </visibility>
   <name>
    ADARSH VIDYALAYA HINDI PRIMARY
   </name>
   <styleUrl>
    #mumbai_aided_schools_style
   </styleUrl>
   <ExtendedData>
    <SchemaData schemaUrl="#J_mumbai_aided_schools_SIISSSSSISSSSSS">
     <SimpleData name="Address">
      BHARTIYA KAMALA NAGAR ANTOPHILL MUMBAI-400037
     </SimpleData>
     <SimpleData name="Cls_From">
      1
     </SimpleData>
     <SimpleData name="Cls_To">
      4
     </SimpleData>
     <SimpleData name="Email">
      mskori78@gmail.com
     </SimpleData>
     <SimpleData name="GoogleMaps">
      https://www.google.com/maps/search/?api=1&amp;query=19.0243230002502,72.8736210002672
     </SimpleData>
     <SimpleData name="Landline_n">
      022-24011326
     </SimpleData>
     <SimpleData name="Lat">
      19.0243230002502
     </SimpleData>
     <SimpleData name="Long">
      72.8736210002672
     </SimpleData>
     <SimpleData name="OBJECTID_1">
      340
     </SimpleData>
     <SimpleData name="Owner_Dept">
      Education Dept
     </SimpleData>
     <SimpleData name="SchName">
      ADARSH VIDYALAYA HINDI PRIMARY
     </SimpleData>
     <SimpleData name="Sch_Type">
      3-Co-educational
     </SimpleData>
     <SimpleData name="Twitter_Ha">
      @mybmcedu
     </SimpleData>
     <SimpleData name="VillageNam">
      F/ N -WARD
     </SimpleData>
     <SimpleData name="Website">
     </SimpleData>
    </SchemaData>
   </ExtendedData>
   <Point>
    <coordinates>
     72.873621,19.024323,0
    </coordinates>
   </Point>
  </Placemark>
  <Placemark>
   <visibility>
    0
   </visibility>
   <name>
    BAL SANSKAR PRIMARY SCHOOL
   </name>
   <styleUrl>
    #mumbai_aided_schools_style
   </styleUrl>
   <ExtendedData>
    <SchemaData schemaUrl="#J_mumbai_aided_schools_SIISSSSSISSSSSS">
     <SimpleData name="Address">
      T/18, PRATIKSHA NAGAR, SION KOLIWADA, MUMBAI
     </SimpleData>
     <SimpleData name="Cls_From">
      1
     </SimpleData>
     <SimpleData name="Cls_To">
      4
     </SimpleData>
     <SimpleData name="Email">
      madhupise123@gmail.com
     </SimpleData>
     <SimpleData name="GoogleMaps">
      https://www.google.com/maps/search/?api=1&amp;query=19.0434180005174,72.8709290004672
     </SimpleData>
     <SimpleData name="Landline_n">
      022-0
     </SimpleData>
     <SimpleData name="Lat">
      19.0434180005174
     </SimpleData>
     <SimpleData name="Long">
      72.8709290004672
     </SimpleData>
     <SimpleData name="OBJECTID_1">
      341
     </SimpleData>
     <SimpleData name="Owner_Dept">
      Education Dept
     </SimpleData>
     <SimpleData name="SchName">
      BAL SANSKAR PRIMARY SCHOOL
     </SimpleData>
     <SimpleData name="Sch_Type">
      3-Co-educational
     </SimpleData>
     <SimpleData name="Twitter_Ha">
      @mybmcedu
     </SimpleData>
     <SimpleData name="VillageNam">
      F/ N -WARD
     </SimpleData>
     <SimpleData name="Website">
     </SimpleData>
    </SchemaData>
   </ExtendedData>
   <Point>
    <coordinates>
     72.870929,19.043418,0
    </coordinates>
   </Point>
  </Placemark>
  <Placemark>
   <visibility>
    0
   </visibility>
   <name>
    KARMAVEER BHAURAO PATIL VIDYALAY PRIMARY SCHOOL
   </name>
   <styleUrl>
    #mumbai_aided_schools_style
   </styleUrl>
   <ExtendedData>
    <SchemaData schemaUrl="#J_mumbai_aided_schools_SIISSSSSISSSSSS">
     <SimpleData name="Address">
      old mhada bld no 06, near mala garden,pratiksha nagar, sion,mumbai-400022
     </SimpleData>
     <SimpleData name="Cls_From">
      1
     </SimpleData>
     <SimpleData name="Cls_To">
      4
     </SimpleData>
     <SimpleData name="Email">
      kbpv.sionprimary@gmail.com
     </SimpleData>
     <SimpleData name="GoogleMaps">
      https://www.google.com/maps/search/?api=1&amp;query=19.04352699986,72.8731129999791
     </SimpleData>
     <SimpleData name="Landline_n">
      022-24028081
     </SimpleData>
     <SimpleData name="Lat">
      19.04352699986
     </SimpleData>
     <SimpleData name="Long">
      72.8731129999791
     </SimpleData>
     <SimpleData name="OBJECTID_1">
      342
     </SimpleData>
     <SimpleData name="Owner_Dept">
      Education Dept
     </SimpleData>
     <SimpleData name="SchName">
      KARMAVEER BHAURAO PATIL VIDYALAY PRIMARY SCHOOL
     </SimpleData>
     <SimpleData name="Sch_Type">
      3-Co-educational
     </SimpleData>
     <SimpleData name="Twitter_Ha">
      @mybmcedu
     </SimpleData>
     <SimpleData name="VillageNam">
      F/ N -WARD
     </SimpleData>
     <SimpleData name="Website">
      education.maharashtra.gov.in/saral/27221000310
     </SimpleData>
    </SchemaData>
   </ExtendedData>
   <Point>
    <coordinates>
     72.873113,19.043527,0
    </coordinates>
   </Point>
  </Placemark>
  <Placemark>
   <visibility>
    0
   </visibility>
   <name>
    GURU NANAK ENGLISH PRIMARY SCHOOL
   </name>
   <styleUrl>
    #mumbai_aided_schools_style
   </styleUrl>
   <ExtendedData>
    <SchemaData schemaUrl="#J_mumbai_aided_schools_SIISSSSSISSSSSS">
     <SimpleData name="Address">
      Guru Tegh  Bahadur Nagar  Mumbai -400037.
     </SimpleData>
     <SimpleData name="Cls_From">
      1
     </SimpleData>
     <SimpleData name="Cls_To">
      4
     </SimpleData>
     <SimpleData name="Email">
      gnenglishprimaryschool@yahoo.in
     </SimpleData>
     <SimpleData name="GoogleMaps">
      https://www.google.com/maps/search/?api=1&amp;query=19.0354799999311,72.8647539994611
     </SimpleData>
     <SimpleData name="Landline_n">
      022-24072560
     </SimpleData>
     <SimpleData name="Lat">
      19.0354799999311
     </SimpleData>
     <SimpleData name="Long">
      72.8647539994611
     </SimpleData>
     <SimpleData name="OBJECTID_1">
      343
     </SimpleData>
     <SimpleData name="Owner_Dept">
      Education Dept
     </SimpleData>
     <SimpleData name="SchName">
      GURU NANAK ENGLISH PRIMARY SCHOOL
     </SimpleData>
     <SimpleData name="Sch_Type">
      3-Co-educational
     </SimpleData>
     <SimpleData name="Twitter_Ha">
      @mybmcedu
     </SimpleData>
     <SimpleData name="VillageNam">
      F/ N -WARD
     </SimpleData>
     <SimpleData name="Website">
     </SimpleData>
    </SchemaData>
   </ExtendedData>
   <Point>
    <coordinates>
     72.864754,19.03548,0
    </coordinates>
   </Point>
  </Placemark>
  <Placemark>
   <visibility>
    0
   </visibility>
   <name>
    SHRI GAURIDUTT MITTAL VIDYALA, SION MARATHI PRIMARI
   </name>
   <styleUrl>
    #mumbai_aided_schools_style
   </styleUrl>
   <ExtendedData>
    <SchemaData schemaUrl="#J_mumbai_aided_schools_SIISSSSSISSSSSS">
     <SimpleData name="Address">
      Raod No.28-B,Sion East Mumbai-22
     </SimpleData>
     <SimpleData name="Cls_From">
      1
     </SimpleData>
     <SimpleData name="Cls_To">
      4
     </SimpleData>
     <SimpleData name="Email">
      vinayasalve74@gmail.com
     </SimpleData>
     <SimpleData name="GoogleMaps">
      https://www.google.com/maps/search/?api=1&amp;query=19.0397379996131,72.8628569996178
     </SimpleData>
     <SimpleData name="Landline_n">
      022-24075866
     </SimpleData>
     <SimpleData name="Lat">
      19.0397379996131
     </SimpleData>
     <SimpleData name="Long">
      72.8628569996178
     </SimpleData>
     <SimpleData name="OBJECTID_1">
      344
     </SimpleData>
     <SimpleData name="Owner_Dept">
      Education Dept
     </SimpleData>
     <SimpleData name="SchName">
      SHRI GAURIDUTT MITTAL VIDYALA, SION MARATHI PRIMARI
     </SimpleData>
     <SimpleData name="Sch_Type">
      3-Co-educational
     </SimpleData>
     <SimpleData name="Twitter_Ha">
      @mybmcedu
     </SimpleData>
     <SimpleData name="VillageNam">
      F/ N -WARD
     </SimpleData>
     <SimpleData name="Website">
      www.gmittalcollege.org
     </SimpleData>
    </SchemaData>
   </ExtendedData>
   <Point>
    <coordinates>
     72.86285700000001,19.039738,0
    </coordinates>
   </Point>
  </Placemark>
  <Placemark>
   <visibility>
    0
   </visibility>
   <name>
    SHRI GAURIDUTT MITTAL VIDYALAYA (HINDI PRIMARY)
   </name>
   <styleUrl>
    #mumbai_aided_schools_style
   </styleUrl>
   <ExtendedData>
    <SchemaData schemaUrl="#J_mumbai_aided_schools_SIISSSSSISSSSSS">
     <SimpleData name="Address">
      28 B Road Near Sion circle Sion East
     </SimpleData>
     <SimpleData name="Cls_From">
      1
     </SimpleData>
     <SimpleData name="Cls_To">
      4
     </SimpleData>
     <SimpleData name="Email">
      dwivedivarun17@gmail.com
     </SimpleData>
     <SimpleData name="GoogleMaps">
      https://www.google.com/maps/search/?api=1&amp;query=19.0416070000964,72.8625729997564
     </SimpleData>
     <SimpleData name="Landline_n">
      022-24075866
     </SimpleData>
     <SimpleData name="Lat">
      19.0416070000964
     </SimpleData>
     <SimpleData name="Long">
      72.8625729997564
     </SimpleData>
     <SimpleData name="OBJECTID_1">
      345
     </SimpleData>
     <SimpleData name="Owner_Dept">
      Education Dept
     </SimpleData>
     <SimpleData name="SchName">
      SHRI GAURIDUTT MITTAL VIDYALAYA (HINDI PRIMARY)
     </SimpleData>
     <SimpleData name="Sch_Type">
      3-Co-educational
     </SimpleData>
     <SimpleData name="Twitter_Ha">
      @mybmcedu
     </SimpleData>
     <SimpleData name="VillageNam">
      F/ N -WARD
     </SimpleData>
     <SimpleData name="Website">
      education.maharashtra.gov.in/saral/27221000329
     </SimpleData>
    </SchemaData>
   </ExtendedData>
   <Point>
    <coordinates>
     72.862573,19.041607,0
    </coordinates>
   </Point>
  </Placemark>
  <Placemark>
   <visibility>
    0
   </visibility>
   <name>
    SHRI SANATAN DHARAM PRIMARY SCHOOL
   </name>
   <styleUrl>
    #mumbai_aided_schools_style
   </styleUrl>
   <ExtendedData>
    <SchemaData schemaUrl="#J_mumbai_aided_schools_SIISSSSSISSSSSS">
     <SimpleData name="Address">
      GTB NAGAR SION KOLIWADA
     </SimpleData>
     <SimpleData name="Cls_From">
      1
     </SimpleData>
     <SimpleData name="Cls_To">
      4
     </SimpleData>
     <SimpleData name="Email">
      ssdprimaryschool@gmail.com
     </SimpleData>
     <SimpleData name="GoogleMaps">
      https://www.google.com/maps/search/?api=1&amp;query=19.0352619997865,72.8662590000228
     </SimpleData>
     <SimpleData name="Landline_n">
      022-24093451
     </SimpleData>
     <SimpleData name="Lat">
      19.0352619997865
     </SimpleData>
     <SimpleData name="Long">
      72.8662590000228
     </SimpleData>
     <SimpleData name="OBJECTID_1">
      346
     </SimpleData>
     <SimpleData name="Owner_Dept">
      Education Dept
     </SimpleData>
     <SimpleData name="SchName">
      SHRI SANATAN DHARAM PRIMARY SCHOOL
     </SimpleData>
     <SimpleData name="Sch_Type">
      3-Co-educational
     </SimpleData>
     <SimpleData name="Twitter_Ha">
      @mybmcedu
     </SimpleData>
     <SimpleData name="VillageNam">
      F/ N -WARD
     </SimpleData>
     <SimpleData name="Website">
     </SimpleData>
    </SchemaData>
   </ExtendedData>
   <Point>
    <coordinates>
     72.866259,19.035262,0
    </coordinates>
   </Point>
  </Placemark>
  <Placemark>
   <visibility>
    0
   </visibility>
   <name>
    GURUNANAK HIN LP SCHOOL
   </name>
   <styleUrl>
    #mumbai_aided_schools_style
   </styleUrl>
   <ExtendedData>
    <SchemaData schemaUrl="#J_mumbai_aided_schools_SIISSSSSISSSSSS">
     <SimpleData name="Address">
      Guru Tegh Bahadur Nagar, Mumbai 400037
     </SimpleData>
     <SimpleData name="Cls_From">
      1
     </SimpleData>
     <SimpleData name="Cls_To">
      4
     </SimpleData>
     <SimpleData name="Email">
      gnhprimary@gmail.com
     </SimpleData>
     <SimpleData name="GoogleMaps">
      https://www.google.com/maps/search/?api=1&amp;query=19.0349370004815,72.8639889995327
     </SimpleData>
     <SimpleData name="Landline_n">
      022-24072560
     </SimpleData>
     <SimpleData name="Lat">
      19.0349370004815
     </SimpleData>
     <SimpleData name="Long">
      72.8639889995327
     </SimpleData>
     <SimpleData name="OBJECTID_1">
      347
     </SimpleData>
     <SimpleData name="Owner_Dept">
      Education Dept
     </SimpleData>
     <SimpleData name="SchName">
      GURUNANAK HIN LP SCHOOL
     </SimpleData>
     <SimpleData name="Sch_Type">
      3-Co-educational
     </SimpleData>
     <SimpleData name="Twitter_Ha">
      @mybmcedu
     </SimpleData>
     <SimpleData name="VillageNam">
      F/ N -WARD
     </SimpleData>
     <SimpleData name="Website">
      education.maharshtra.gov.in/saral/27221000331
     </SimpleData>
    </SchemaData>
   </ExtendedData>
   <Point>
    <coordinates>
     72.863989,19.034937,0
    </coordinates>
   </Point>
  </Placemark>
  <Placemark>
   <visibility>
    0
   </visibility>
   <name>
    SADHANA VIDYALAYA MAR LP
   </name>
   <styleUrl>
    #mumbai_aided_schools_style
   </styleUrl>
   <ExtendedData>
    <SchemaData schemaUrl="#J_mumbai_aided_schools_SIISSSSSISSSSSS">
     <SimpleData name="Address">
      PLOT NO 2 SION MUMABI 400 00
     </SimpleData>
     <SimpleData name="Cls_From">
      1
     </SimpleData>
     <SimpleData name="Cls_To">
      4
     </SimpleData>
     <SimpleData name="Email">
      smarathiprimary@gmail.com
     </SimpleData>
     <SimpleData name="GoogleMaps">
      https://www.google.com/maps/search/?api=1&amp;query=19.044861000246,72.8632919998774
     </SimpleData>
     <SimpleData name="Landline_n">
      022-24017269
     </SimpleData>
     <SimpleData name="Lat">
      19.044861000246
     </SimpleData>
     <SimpleData name="Long">
      72.8632919998774
     </SimpleData>
     <SimpleData name="OBJECTID_1">
      348
     </SimpleData>
     <SimpleData name="Owner_Dept">
      Education Dept
     </SimpleData>
     <SimpleData name="SchName">
      SADHANA VIDYALAYA MAR LP
     </SimpleData>
     <SimpleData name="Sch_Type">
      3-Co-educational
     </SimpleData>
     <SimpleData name="Twitter_Ha">
      @mybmcedu
     </SimpleData>
     <SimpleData name="VillageNam">
      F/ N -WARD
     </SimpleData>
     <SimpleData name="Website">
     </SimpleData>
    </SchemaData>
   </ExtendedData>
   <Point>
    <coordinates>
     72.863292,19.044861,0
    </coordinates>
   </Point>
  </Placemark>
  <Placemark>
   <visibility>
    0
   </visibility>
   <name>
    SHIV SHISHAN D D DESHPANDE LP
   </name>
   <styleUrl>
    #mumbai_aided_schools_style
   </styleUrl>
   <ExtendedData>
    <SchemaData schemaUrl="#J_mumbai_aided_schools_SIISSSSSISSSSSS">
     <SimpleData name="Address">
      SION CITY - MUMBAI A
     </SimpleData>
     <SimpleData name="Cls_From">
      1
     </SimpleData>
     <SimpleData name="Cls_To">
      4
     </SimpleData>
     <SimpleData name="Email">
      babasahebdeshpande.prischool@gmail.com
     </SimpleData>
     <SimpleData name="GoogleMaps">
      https://www.google.com/maps/search/?api=1&amp;query=19.0423930000723,72.8620829998685
     </SimpleData>
     <SimpleData name="Landline_n">
      022-24092904
     </SimpleData>
     <SimpleData name="Lat">
      19.0423930000723
     </SimpleData>
     <SimpleData name="Long">
      72.8620829998685
     </SimpleData>
     <SimpleData name="OBJECTID_1">
      349
     </SimpleData>
     <SimpleData name="Owner_Dept">
      Education Dept
     </SimpleData>
     <SimpleData name="SchName">
      SHIV SHISHAN D D DESHPANDE LP
     </SimpleData>
     <SimpleData name="Sch_Type">
      3-Co-educational
     </SimpleData>
     <SimpleData name="Twitter_Ha">
      @mybmcedu
     </SimpleData>
     <SimpleData name="VillageNam">
      F/ N -WARD
     </SimpleData>
     <SimpleData name="Website">
      education.maharashtra.gov.in/saral/27221000348
     </SimpleData>
    </SchemaData>
   </ExtendedData>
   <Point>
    <coordinates>
     72.862083,19.042393,0
    </coordinates>
   </Point>
  </Placemark>
  <Placemark>
   <visibility>
    0
   </visibility>
   <name>
    PEOPLE'S WELFARE SOCIETY'S PRIMARY SCHOOL
   </name>
   <styleUrl>
    #mumbai_aided_schools_style
   </styleUrl>
   <ExtendedData>
    <SchemaData schemaUrl="#J_mumbai_aided_schools_SIISSSSSISSSSSS">
     <SimpleData name="Address">
      Amar Bhavan Plot No.27 Road No. 2  Sion East, Mumbai 400022
     </SimpleData>
     <SimpleData name="Cls_From">
      1
     </SimpleData>
     <SimpleData name="Cls_To">
      4
     </SimpleData>
     <SimpleData name="Email">
      pwsps061960@rediffmail.com
     </SimpleData>
     <SimpleData name="GoogleMaps">
      https://www.google.com/maps/search/?api=1&amp;query=19.0445479999403,72.8673899998103
     </SimpleData>
     <SimpleData name="Landline_n">
      022-24010285
     </SimpleData>
     <SimpleData name="Lat">
      19.0445479999403
     </SimpleData>
     <SimpleData name="Long">
      72.8673899998103
     </SimpleData>
     <SimpleData name="OBJECTID_1">
      350
     </SimpleData>
     <SimpleData name="Owner_Dept">
      Education Dept
     </SimpleData>
     <SimpleData name="SchName">
      PEOPLE'S WELFARE SOCIETY'S PRIMARY SCHOOL
     </SimpleData>
     <SimpleData name="Sch_Type">
      3-Co-educational
     </SimpleData>
     <SimpleData name="Twitter_Ha">
      @mybmcedu
     </SimpleData>
     <SimpleData name="VillageNam">
      F/ N -WARD
     </SimpleData>
     <SimpleData name="Website">
     </SimpleData>
    </SchemaData>
   </ExtendedData>
   <Point>
    <coordinates>
     72.86739,19.044548,0
    </coordinates>
   </Point>
  </Placemark>
  <Placemark>
   <visibility>
    0
   </visibility>
   <name>
    M.P. BHUTA SION SARVAJANIK SCHOOL
   </name>
   <styleUrl>
    #mumbai_aided_schools_style
   </styleUrl>
   <ExtendedData>
    <SchemaData schemaUrl="#J_mumbai_aided_schools_SIISSSSSISSSSSS">
     <SimpleData name="Address">
      163A VARDHAMAN BLDG JAIN SOCIETY SION WEST MUMBAI400022
     </SimpleData>
     <SimpleData name="Cls_From">
      1
     </SimpleData>
     <SimpleData name="Cls_To">
      4
     </SimpleData>
     <SimpleData name="Email">
      mpbhuta1956@yahoo.com
     </SimpleData>
     <SimpleData name="GoogleMaps">
      https://www.google.com/maps/search/?api=1&amp;query=19.0396690001844,72.8591170000361
     </SimpleData>
     <SimpleData name="Landline_n">
      022-24071836
     </SimpleData>
     <SimpleData name="Lat">
      19.0396690001844
     </SimpleData>
     <SimpleData name="Long">
      72.8591170000361
     </SimpleData>
     <SimpleData name="OBJECTID_1">
      351
     </SimpleData>
     <SimpleData name="Owner_Dept">
      Education Dept
     </SimpleData>
     <SimpleData name="SchName">
      M.P. BHUTA SION SARVAJANIK SCHOOL
     </SimpleData>
     <SimpleData name="Sch_Type">
      3-Co-educational
     </SimpleData>
     <SimpleData name="Twitter_Ha">
      @mybmcedu
     </SimpleData>
     <SimpleData name="VillageNam">
      F/ N -WARD
     </SimpleData>
     <SimpleData name="Website">
      education.maharashtra.gov.in/saral/27221000350
     </SimpleData>
    </SchemaData>
   </ExtendedData>
   <Point>
    <coordinates>
     72.859117,19.039669,0
    </coordinates>
   </Point>
  </Placemark>
  <Placemark>
   <visibility>
    0
   </visibility>
   <name>
    MOHANDAS PARMANAD BHUTA GUJ
   </name>
   <styleUrl>
    #mumbai_aided_schools_style
   </styleUrl>
   <ExtendedData>
    <SchemaData schemaUrl="#J_mumbai_aided_schools_SIISSSSSISSSSSS">
     <SimpleData name="Address">
      Jain Society Sion west 400022
     </SimpleData>
     <SimpleData name="Cls_From">
      1
     </SimpleData>
     <SimpleData name="Cls_To">
      4
     </SimpleData>
     <SimpleData name="Email">
      mpbhuta1956@yahoo.com
     </SimpleData>
     <SimpleData name="GoogleMaps">
      https://www.google.com/maps/search/?api=1&amp;query=19.0383739996682,72.8593429998501
     </SimpleData>
     <SimpleData name="Landline_n">
      022-24071836
     </SimpleData>
     <SimpleData name="Lat">
      19.0383739996682
     </SimpleData>
     <SimpleData name="Long">
      72.8593429998501
     </SimpleData>
     <SimpleData name="OBJECTID_1">
      352
     </SimpleData>
     <SimpleData name="Owner_Dept">
      Education Dept
     </SimpleData>
     <SimpleData name="SchName">
      MOHANDAS PARMANAD BHUTA GUJ
     </SimpleData>
     <SimpleData name="Sch_Type">
      3-Co-educational
     </SimpleData>
     <SimpleData name="Twitter_Ha">
      @mybmcedu
     </SimpleData>
     <SimpleData name="VillageNam">
      F/ N -WARD
     </SimpleData>
     <SimpleData name="Website">
     </SimpleData>
    </SchemaData>
   </ExtendedData>
   <Point>
    <coordinates>
     72.859343,19.038374,0
    </coordinates>
   </Point>
  </Placemark>
  <Placemark>
   <visibility>
    0
   </visibility>
   <name>
    THE SOUTH INDIANS WELFARE SOCIETY'S ENGLISH PRIMARY SCHOOL WADALA
   </name>
   <styleUrl>
    #mumbai_aided_schools_style
   </styleUrl>
   <ExtendedData>
    <SchemaData schemaUrl="#J_mumbai_aided_schools_SIISSSSSISSSSSS">
     <SimpleData name="Address">
      Sewree wadala estate, MNP
     </SimpleData>
     <SimpleData name="Cls_From">
      1
     </SimpleData>
     <SimpleData name="Cls_To">
      4
     </SimpleData>
     <SimpleData name="Email">
     </SimpleData>
     <SimpleData name="GoogleMaps">
      https://www.google.com/maps/search/?api=1&amp;query=19.0200429992435,72.8602080001425
     </SimpleData>
     <SimpleData name="Landline_n">
      022-24115055
     </SimpleData>
     <SimpleData name="Lat">
      19.0200429992435
     </SimpleData>
     <SimpleData name="Long">
      72.8602080001425
     </SimpleData>
     <SimpleData name="OBJECTID_1">
      353
     </SimpleData>
     <SimpleData name="Owner_Dept">
      Education Dept
     </SimpleData>
     <SimpleData name="SchName">
      THE SOUTH INDIANS WELFARE SOCIETY'S ENGLISH PRIMARY SCHOOL WADALA
     </SimpleData>
     <SimpleData name="Sch_Type">
      3-Co-educational
     </SimpleData>
     <SimpleData name="Twitter_Ha">
      @mybmcedu
     </SimpleData>
     <SimpleData name="VillageNam">
      F/ N -WARD
     </SimpleData>
     <SimpleData name="Website">
     </SimpleData>
    </SchemaData>
   </ExtendedData>
   <Point>
    <coordinates>
     72.860208,19.020043,0
    </coordinates>
   </Point>
  </Placemark>
  <Placemark>
   <visibility>
    0
   </visibility>
   <name>
    HOLY CROSS HIGH SCHOOL LP
   </name>
   <styleUrl>
    #mumbai_aided_schools_style
   </styleUrl>
   <ExtendedData>
    <SchemaData schemaUrl="#J_mumbai_aided_schools_SIISSSSSISSSSSS">
     <SimpleData name="Address">
      Tulsi pipe road lower parel
     </SimpleData>
     <SimpleData name="Cls_From">
      1
     </SimpleData>
     <SimpleData name="Cls_To">
      4
     </SimpleData>
     <SimpleData name="Email">
      holycross.primarysec@gmail.com
     </SimpleData>
     <SimpleData name="GoogleMaps">
      https://www.google.com/maps/search/?api=1&amp;query=19.0060040000283,72.8320679993455
     </SimpleData>
     <SimpleData name="Landline_n">
      022-24301002
     </SimpleData>
     <SimpleData name="Lat">
      19.0060040000283
     </SimpleData>
     <SimpleData name="Long">
      72.8320679993455
     </SimpleData>
     <SimpleData name="OBJECTID_1">
      354
     </SimpleData>
     <SimpleData name="Owner_Dept">
      Education Dept
     </SimpleData>
     <SimpleData name="SchName">
      HOLY CROSS HIGH SCHOOL LP
     </SimpleData>
     <SimpleData name="Sch_Type">
      3-Co-educational
     </SimpleData>
     <SimpleData name="Twitter_Ha">
      @mybmcedu
     </SimpleData>
     <SimpleData name="VillageNam">
      G / S
     </SimpleData>
     <SimpleData name="Website">
     </SimpleData>
    </SchemaData>
   </ExtendedData>
   <Point>
    <coordinates>
     72.83206800000001,19.006004,0
    </coordinates>
   </Point>
  </Placemark>
  <Placemark>
   <visibility>
    0
   </visibility>
   <name>
    VASANTRAO SHANKAR DESAI LP
   </name>
   <styleUrl>
    #mumbai_aided_schools_style
   </styleUrl>
   <ExtendedData>
    <SchemaData schemaUrl="#J_mumbai_aided_schools_SIISSSSSISSSSSS">
     <SimpleData name="Address">
      SHIVRAM AMRUTWAR MARG, BDD CHAWL,WORLI 400013
     </SimpleData>
     <SimpleData name="Cls_From">
      1
     </SimpleData>
     <SimpleData name="Cls_To">
      4
     </SimpleData>
     <SimpleData name="Email">
      ssvsmaratha@reddiffmail.com
     </SimpleData>
     <SimpleData name="GoogleMaps">
      https://www.google.com/maps/search/?api=1&amp;query=19.0011099999775,72.8225600003566
     </SimpleData>
     <SimpleData name="Landline_n">
      022-24920543
     </SimpleData>
     <SimpleData name="Lat">
      19.0011099999775
     </SimpleData>
     <SimpleData name="Long">
      72.8225600003566
     </SimpleData>
     <SimpleData name="OBJECTID_1">
      355
     </SimpleData>
     <SimpleData name="Owner_Dept">
      Education Dept
     </SimpleData>
     <SimpleData name="SchName">
      VASANTRAO SHANKAR DESAI LP
     </SimpleData>
     <SimpleData name="Sch_Type">
      3-Co-educational
     </SimpleData>
     <SimpleData name="Twitter_Ha">
      @mybmcedu
     </SimpleData>
     <SimpleData name="VillageNam">
      G / S
     </SimpleData>
     <SimpleData name="Website">
     </SimpleData>
    </SchemaData>
   </ExtendedData>
   <Point>
    <coordinates>
     72.82256,19.00111,0
    </coordinates>
   </Point>
  </Placemark>
  <Placemark>
   <visibility>
    0
   </visibility>
   <name>
    BAL VIKAS MANDIR LP MAR
   </name>
   <styleUrl>
    #mumbai_aided_schools_style
   </styleUrl>
   <ExtendedData>
    <SchemaData schemaUrl="#J_mumbai_aided_schools_SIISSSSSISSSSSS">
     <SimpleData name="Address">
      Adarsh nagar worli mumbai 400030
     </SimpleData>
     <SimpleData name="Cls_From">
      1
     </SimpleData>
     <SimpleData name="Cls_To">
      4
     </SimpleData>
     <SimpleData name="Email">
      balvikas.hd@gmail.com
     </SimpleData>
     <SimpleData name="GoogleMaps">
      https://www.google.com/maps/search/?api=1&amp;query=19.0143519998152,72.8219710003661
     </SimpleData>
     <SimpleData name="Landline_n">
      022-25664228
     </SimpleData>
     <SimpleData name="Lat">
      19.0143519998152
     </SimpleData>
     <SimpleData name="Long">
      72.8219710003661
     </SimpleData>
     <SimpleData name="OBJECTID_1">
      356
     </SimpleData>
     <SimpleData name="Owner_Dept">
      Education Dept
     </SimpleData>
     <SimpleData name="SchName">
      BAL VIKAS MANDIR LP MAR
     </SimpleData>
     <SimpleData name="Sch_Type">
      3-Co-educational
     </SimpleData>
     <SimpleData name="Twitter_Ha">
      @mybmcedu
     </SimpleData>
     <SimpleData name="VillageNam">
      G / S
     </SimpleData>
     <SimpleData name="Website">
     </SimpleData>
    </SchemaData>
   </ExtendedData>
   <Point>
    <coordinates>
     72.821971,19.014352,0
    </coordinates>
   </Point>
  </Placemark>
  <Placemark>
   <visibility>
    0
   </visibility>
   <name>
    OUR LADY OF DOLOURS ENG LP
   </name>
   <styleUrl>
    #mumbai_aided_schools_style
   </styleUrl>
   <ExtendedData>
    <SchemaData schemaUrl="#J_mumbai_aided_schools_SIISSSSSISSSSSS">
     <SimpleData name="Address">
      S. K. BOLE ROAD, DADAR, MUMBAI 400028
     </SimpleData>
     <SimpleData name="Cls_From">
      1
     </SimpleData>
     <SimpleData name="Cls_To">
      4
     </SimpleData>
     <SimpleData name="Email">
      ourladyofdolours40@gmail.com
     </SimpleData>
     <SimpleData name="GoogleMaps">
      https://www.google.com/maps/search/?api=1&amp;query=19.0183119994817,72.8351259998922
     </SimpleData>
     <SimpleData name="Landline_n">
      022-24224355
     </SimpleData>
     <SimpleData name="Lat">
      19.0183119994817
     </SimpleData>
     <SimpleData name="Long">
      72.8351259998922
     </SimpleData>
     <SimpleData name="OBJECTID_1">
      357
     </SimpleData>
     <SimpleData name="Owner_Dept">
      Education Dept
     </SimpleData>
     <SimpleData name="SchName">
      OUR LADY OF DOLOURS ENG LP
     </SimpleData>
     <SimpleData name="Sch_Type">
      1-Boys
     </SimpleData>
     <SimpleData name="Twitter_Ha">
      @mybmcedu
     </SimpleData>
     <SimpleData name="VillageNam">
      G / N
     </SimpleData>
     <SimpleData name="Website">
      www.olss.edu.in
     </SimpleData>
    </SchemaData>
   </ExtendedData>
   <Point>
    <coordinates>
     72.835126,19.018312,0
    </coordinates>
   </Point>
  </Placemark>
  <Placemark>
   <visibility>
    0
   </visibility>
   <name>
    I.E.S. NABAR GURUJI MARATHI LP
   </name>
   <styleUrl>
    #mumbai_aided_schools_style
   </styleUrl>
   <ExtendedData>
    <SchemaData schemaUrl="#J_mumbai_aided_schools_SIISSSSSISSSSSS">
     <SimpleData name="Address">
      RSK BOLE ROAD DADAR MUMBAI WEST 28
     </SimpleData>
     <SimpleData name="Cls_From">
      1
     </SimpleData>
     <SimpleData name="Cls_To">
      4
     </SimpleData>
     <SimpleData name="Email">
      ngv.primary.marathi@ies.edu
     </SimpleData>
     <SimpleData name="GoogleMaps">
      https://www.google.com/maps/search/?api=1&amp;query=19.0226640003325,72.8359580002077
     </SimpleData>
     <SimpleData name="Landline_n">
      022-24306948
     </SimpleData>
     <SimpleData name="Lat">
      19.0226640003325
     </SimpleData>
     <SimpleData name="Long">
      72.8359580002077
     </SimpleData>
     <SimpleData name="OBJECTID_1">
      358
     </SimpleData>
     <SimpleData name="Owner_Dept">
      Education Dept
     </SimpleData>
     <SimpleData name="SchName">
      I.E.S. NABAR GURUJI MARATHI LP
     </SimpleData>
     <SimpleData name="Sch_Type">
      3-Co-educational
     </SimpleData>
     <SimpleData name="Twitter_Ha">
      @mybmcedu
     </SimpleData>
     <SimpleData name="VillageNam">
      G / N
     </SimpleData>
     <SimpleData name="Website">
     </SimpleData>
    </SchemaData>
   </ExtendedData>
   <Point>
    <coordinates>
     72.83595800000001,19.022664,0
    </coordinates>
   </Point>
  </Placemark>
  <Placemark>
   <visibility>
    0
   </visibility>
   <name>
    SHARDASHRAM VIDDYAMANDIR MARLP
   </name>
   <styleUrl>
    #mumbai_aided_schools_style
   </styleUrl>
   <ExtendedData>
    <SchemaData schemaUrl="#J_mumbai_aided_schools_SIISSSSSISSSSSS">
     <SimpleData name="Address">
      Bhavanishankar road Dadar, Mumbai -28.
     </SimpleData>
     <SimpleData name="Cls_From">
      1
     </SimpleData>
     <SimpleData name="Cls_To">
      4
     </SimpleData>
     <SimpleData name="Email">
      shardashram@rediffmail.com
     </SimpleData>
     <SimpleData name="GoogleMaps">
      https://www.google.com/maps/search/?api=1&amp;query=19.042994999913,72.8700349991973
     </SimpleData>
     <SimpleData name="Landline_n">
      022-24300247
     </SimpleData>
     <SimpleData name="Lat">
      19.042994999913
     </SimpleData>
     <SimpleData name="Long">
      72.8700349991973
     </SimpleData>
     <SimpleData name="OBJECTID_1">
      359
     </SimpleData>
     <SimpleData name="Owner_Dept">
      Education Dept
     </SimpleData>
     <SimpleData name="SchName">
      SHARDASHRAM VIDDYAMANDIR MARLP
     </SimpleData>
     <SimpleData name="Sch_Type">
      3-Co-educational
     </SimpleData>
     <SimpleData name="Twitter_Ha">
      @mybmcedu
     </SimpleData>
     <SimpleData name="VillageNam">
      G / N
     </SimpleData>
     <SimpleData name="Website">
      www.sharadashram.org
     </SimpleData>
    </SchemaData>
   </ExtendedData>
   <Point>
    <coordinates>
     72.870035,19.042995,0
    </coordinates>
   </Point>
  </Placemark>
  <Placemark>
   <visibility>
    0
   </visibility>
   <name>
    G.E.I'S CHHABILDAS LALLUBHAI PRIMARY SCHOOL
   </name>
   <styleUrl>
    #mumbai_aided_schools_style
   </styleUrl>
   <ExtendedData>
    <SchemaData schemaUrl="#J_mumbai_aided_schools_SIISSSSSISSSSSS">
     <SimpleData name="Address">
      VACHANALAY MARG,DADAR,MUMBAI-400028.
     </SimpleData>
     <SimpleData name="Cls_From">
      1
     </SimpleData>
     <SimpleData name="Cls_To">
      4
     </SimpleData>
     <SimpleData name="Email">
      clprimaryschool28@gmail.com
     </SimpleData>
     <SimpleData name="GoogleMaps">
      https://www.google.com/maps/search/?api=1&amp;query=19.020444000233,72.8419139999646
     </SimpleData>
     <SimpleData name="Landline_n">
      022-24309074
     </SimpleData>
     <SimpleData name="Lat">
      19.020444000233
     </SimpleData>
     <SimpleData name="Long">
      72.8419139999646
     </SimpleData>
     <SimpleData name="OBJECTID_1">
      360
     </SimpleData>
     <SimpleData name="Owner_Dept">
      Education Dept
     </SimpleData>
     <SimpleData name="SchName">
      G.E.I'S CHHABILDAS LALLUBHAI PRIMARY SCHOOL
     </SimpleData>
     <SimpleData name="Sch_Type">
      3-Co-educational
     </SimpleData>
     <SimpleData name="Twitter_Ha">
      @mybmcedu
     </SimpleData>
     <SimpleData name="VillageNam">
      G / N
     </SimpleData>
     <SimpleData name="Website">
     </SimpleData>
    </SchemaData>
   </ExtendedData>
   <Point>
    <coordinates>
     72.841914,19.020444,0
    </coordinates>
   </Point>
  </Placemark>
  <Placemark>
   <visibility>
    0
   </visibility>
   <name>
    SARASWATI  MANDIR MAR LP
   </name>
   <styleUrl>
    #mumbai_aided_schools_style
   </styleUrl>
   <ExtendedData>
    <SchemaData schemaUrl="#J_mumbai_aided_schools_SIISSSSSISSSSSS">
     <SimpleData name="Address">
      SENAPATI BAPAT MARG MAHIM
     </SimpleData>
     <SimpleData name="Cls_From">
      1
     </SimpleData>
     <SimpleData name="Cls_To">
      4
     </SimpleData>
     <SimpleData name="Email">
      smmps.mahim@gmail.com
     </SimpleData>
     <SimpleData name="GoogleMaps">
      https://www.google.com/maps/search/?api=1&amp;query=19.034428000346,72.8473639998508
     </SimpleData>
     <SimpleData name="Landline_n">
      022-24376117
     </SimpleData>
     <SimpleData name="Lat">
      19.034428000346
     </SimpleData>
     <SimpleData name="Long">
      72.8473639998508
     </SimpleData>
     <SimpleData name="OBJECTID_1">
      361
     </SimpleData>
     <SimpleData name="Owner_Dept">
      Education Dept
     </SimpleData>
     <SimpleData name="SchName">
      SARASWATI  MANDIR MAR LP
     </SimpleData>
     <SimpleData name="Sch_Type">
      3-Co-educational
     </SimpleData>
     <SimpleData name="Twitter_Ha">
      @mybmcedu
     </SimpleData>
     <SimpleData name="VillageNam">
      G / N
     </SimpleData>
     <SimpleData name="Website">
      www.saraswatimandir.mahim.in
     </SimpleData>
    </SchemaData>
   </ExtendedData>
   <Point>
    <coordinates>
     72.847364,19.034428,0
    </coordinates>
   </Point>
  </Placemark>
  <Placemark>
   <visibility>
    0
   </visibility>
   <name>
    SARASWATI MANDIR ENG LP
   </name>
   <styleUrl>
    #mumbai_aided_schools_style
   </styleUrl>
   <ExtendedData>
    <SchemaData schemaUrl="#J_mumbai_aided_schools_SIISSSSSISSSSSS">
     <SimpleData name="Address">
      Senapati Bapat Marg, Mahim.Mumbai 400016
     </SimpleData>
     <SimpleData name="Cls_From">
      1
     </SimpleData>
     <SimpleData name="Cls_To">
      4
     </SimpleData>
     <SimpleData name="Email">
      smeps.mahim@gmail.com
     </SimpleData>
     <SimpleData name="GoogleMaps">
      https://www.google.com/maps/search/?api=1&amp;query=19.0343650000602,72.8475319994909
     </SimpleData>
     <SimpleData name="Landline_n">
      022-24376117
     </SimpleData>
     <SimpleData name="Lat">
      19.0343650000602
     </SimpleData>
     <SimpleData name="Long">
      72.8475319994909
     </SimpleData>
     <SimpleData name="OBJECTID_1">
      362
     </SimpleData>
     <SimpleData name="Owner_Dept">
      Education Dept
     </SimpleData>
     <SimpleData name="SchName">
      SARASWATI MANDIR ENG LP
     </SimpleData>
     <SimpleData name="Sch_Type">
      3-Co-educational
     </SimpleData>
     <SimpleData name="Twitter_Ha">
      @mybmcedu
     </SimpleData>
     <SimpleData name="VillageNam">
      G / N
     </SimpleData>
     <SimpleData name="Website">
      www.saraswatimandir.mahim.in
     </SimpleData>
    </SchemaData>
   </ExtendedData>
   <Point>
    <coordinates>
     72.847532,19.034365,0
    </coordinates>
   </Point>
  </Placemark>
  <Placemark>
   <visibility>
    0
   </visibility>
   <name>
    GURUNANAK HINDI PRIMARY SCHOOL
   </name>
   <styleUrl>
    #mumbai_aided_schools_style
   </styleUrl>
   <ExtendedData>
    <SchemaData schemaUrl="#J_mumbai_aided_schools_SIISSSSSISSSSSS">
     <SimpleData name="Address">
      BEHIND CITYLIGHT CINEMA GURUNANAK RD MAHIM
     </SimpleData>
     <SimpleData name="Cls_From">
      1
     </SimpleData>
     <SimpleData name="Cls_To">
      4
     </SimpleData>
     <SimpleData name="Email">
      gnsmahim@gmail.com
     </SimpleData>
     <SimpleData name="GoogleMaps">
      https://www.google.com/maps/search/?api=1&amp;query=19.0306070003104,72.8405780003167
     </SimpleData>
     <SimpleData name="Landline_n">
      022-24458616
     </SimpleData>
     <SimpleData name="Lat">
      19.0306070003104
     </SimpleData>
     <SimpleData name="Long">
      72.8405780003167
     </SimpleData>
     <SimpleData name="OBJECTID_1">
      363
     </SimpleData>
     <SimpleData name="Owner_Dept">
      Education Dept
     </SimpleData>
     <SimpleData name="SchName">
      GURUNANAK HINDI PRIMARY SCHOOL
     </SimpleData>
     <SimpleData name="Sch_Type">
      3-Co-educational
     </SimpleData>
     <SimpleData name="Twitter_Ha">
      @mybmcedu
     </SimpleData>
     <SimpleData name="VillageNam">
      G / N
     </SimpleData>
     <SimpleData name="Website">
     </SimpleData>
    </SchemaData>
   </ExtendedData>
   <Point>
    <coordinates>
     72.84057799999999,19.030607,0
    </coordinates>
   </Point>
  </Placemark>
  <Placemark>
   <visibility>
    0
   </visibility>
   <name>
    ANJUMAN I ISLAM GIRLS LP
   </name>
   <styleUrl>
    #mumbai_aided_schools_style
   </styleUrl>
   <ExtendedData>
    <SchemaData schemaUrl="#J_mumbai_aided_schools_SIISSSSSISSSSSS">
     <SimpleData name="Address">
      second balamiyan lane L J road Mahim west mumbai400016
     </SimpleData>
     <SimpleData name="Cls_From">
      1
     </SimpleData>
     <SimpleData name="Cls_To">
      4
     </SimpleData>
     <SimpleData name="Email">
      anjumankz@reddifmail.com
     </SimpleData>
     <SimpleData name="GoogleMaps">
      https://www.google.com/maps/search/?api=1&amp;query=19.0388730003702,72.8410540004261
     </SimpleData>
     <SimpleData name="Landline_n">
      022-24464453
     </SimpleData>
     <SimpleData name="Lat">
      19.0388730003702
     </SimpleData>
     <SimpleData name="Long">
      72.8410540004261
     </SimpleData>
     <SimpleData name="OBJECTID_1">
      364
     </SimpleData>
     <SimpleData name="Owner_Dept">
      Education Dept
     </SimpleData>
     <SimpleData name="SchName">
      ANJUMAN I ISLAM GIRLS LP
     </SimpleData>
     <SimpleData name="Sch_Type">
      2-Girls
     </SimpleData>
     <SimpleData name="Twitter_Ha">
      @mybmcedu
     </SimpleData>
     <SimpleData name="VillageNam">
      G / N
     </SimpleData>
     <SimpleData name="Website">
      www.anjumaniislamkz.org
     </SimpleData>
    </SchemaData>
   </ExtendedData>
   <Point>
    <coordinates>
     72.841054,19.038873,0
    </coordinates>
   </Point>
  </Placemark>
  <Placemark>
   <visibility>
    0
   </visibility>
   <name>
    MADRESSA E MAKHDOOMIA URD
   </name>
   <styleUrl>
    #mumbai_aided_schools_style
   </styleUrl>
   <ExtendedData>
    <SchemaData schemaUrl="#J_mumbai_aided_schools_SIISSSSSISSSSSS">
     <SimpleData name="Address">
      28,Dargah street 1st Floor Mahim Mumbai 16
     </SimpleData>
     <SimpleData name="Cls_From">
      1
     </SimpleData>
     <SimpleData name="Cls_To">
      4
     </SimpleData>
     <SimpleData name="Email">
      memschool786@gmail.com
     </SimpleData>
     <SimpleData name="GoogleMaps">
      https://www.google.com/maps/search/?api=1&amp;query=19.038870000411,72.8410400001372
     </SimpleData>
     <SimpleData name="Landline_n">
      022-24472275
     </SimpleData>
     <SimpleData name="Lat">
      19.038870000411
     </SimpleData>
     <SimpleData name="Long">
      72.8410400001372
     </SimpleData>
     <SimpleData name="OBJECTID_1">
      365
     </SimpleData>
     <SimpleData name="Owner_Dept">
      Education Dept
     </SimpleData>
     <SimpleData name="SchName">
      MADRESSA E MAKHDOOMIA URD
     </SimpleData>
     <SimpleData name="Sch_Type">
      3-Co-educational
     </SimpleData>
     <SimpleData name="Twitter_Ha">
      @mybmcedu
     </SimpleData>
     <SimpleData name="VillageNam">
      G / N
     </SimpleData>
     <SimpleData name="Website">
     </SimpleData>
    </SchemaData>
   </ExtendedData>
   <Point>
    <coordinates>
     72.84104000000001,19.03887,0
    </coordinates>
   </Point>
  </Placemark>
  <Placemark>
   <visibility>
    0
   </visibility>
   <name>
    KAMARAJ MEMORIAL SCHOOL TML
   </name>
   <styleUrl>
    #mumbai_aided_schools_style
   </styleUrl>
   <ExtendedData>
    <SchemaData schemaUrl="#J_mumbai_aided_schools_SIISSSSSISSSSSS">
     <SimpleData name="Address">
      Plot No.267/268, Kamaraj Chowk, 90 feet Rd, Dharavi, Mumbai -400017.
     </SimpleData>
     <SimpleData name="Cls_From">
      1
     </SimpleData>
     <SimpleData name="Cls_To">
      4
     </SimpleData>
     <SimpleData name="Email">
      kamarajarmemorialschool@gmail.com
     </SimpleData>
     <SimpleData name="GoogleMaps">
      https://www.google.com/maps/search/?api=1&amp;query=19.0410939999921,72.8555060000664
     </SimpleData>
     <SimpleData name="Landline_n">
      022-24090090
     </SimpleData>
     <SimpleData name="Lat">
      19.0410939999921
     </SimpleData>
     <SimpleData name="Long">
      72.8555060000664
     </SimpleData>
     <SimpleData name="OBJECTID_1">
      366
     </SimpleData>
     <SimpleData name="Owner_Dept">
      Education Dept
     </SimpleData>
     <SimpleData name="SchName">
      KAMARAJ MEMORIAL SCHOOL TML
     </SimpleData>
     <SimpleData name="Sch_Type">
      3-Co-educational
     </SimpleData>
     <SimpleData name="Twitter_Ha">
      @mybmcedu
     </SimpleData>
     <SimpleData name="VillageNam">
      G / N
     </SimpleData>
     <SimpleData name="Website">
      kamarajarschool.com
     </SimpleData>
    </SchemaData>
   </ExtendedData>
   <Point>
    <coordinates>
     72.85550600000001,19.041094,0
    </coordinates>
   </Point>
  </Placemark>
  <Placemark>
   <visibility>
    0
   </visibility>
   <name>
    SETT R J J PRIMARY SCHOOL
   </name>
   <styleUrl>
    #mumbai_aided_schools_style
   </styleUrl>
   <ExtendedData>
    <SchemaData schemaUrl="#J_mumbai_aided_schools_SIISSSSSISSSSSS">
     <SimpleData name="Address">
      209,Dadabhai Naoroji Road,Fort-Mumbai-400001
     </SimpleData>
     <SimpleData name="Cls_From">
      1
     </SimpleData>
     <SimpleData name="Cls_To">
      4
     </SimpleData>
     <SimpleData name="Email">
      srjjprimaryschool1987@gmail.com
     </SimpleData>
     <SimpleData name="GoogleMaps">
      https://www.google.com/maps/search/?api=1&amp;query=18.9367400002474,72.8342029999753
     </SimpleData>
     <SimpleData name="Landline_n">
      022-22620968
     </SimpleData>
     <SimpleData name="Lat">
      18.9367400002474
     </SimpleData>
     <SimpleData name="Long">
      72.8342029999753
     </SimpleData>
     <SimpleData name="OBJECTID_1">
      367
     </SimpleData>
     <SimpleData name="Owner_Dept">
      Education Dept
     </SimpleData>
     <SimpleData name="SchName">
      SETT R J J PRIMARY SCHOOL
     </SimpleData>
     <SimpleData name="Sch_Type">
      3-Co-educational
     </SimpleData>
     <SimpleData name="Twitter_Ha">
      @mybmcedu
     </SimpleData>
     <SimpleData name="VillageNam">
      A
     </SimpleData>
     <SimpleData name="Website">
      education.maharashtra.gov.in/saral/27221200135
     </SimpleData>
    </SchemaData>
   </ExtendedData>
   <Point>
    <coordinates>
     72.834203,18.93674,0
    </coordinates>
   </Point>
  </Placemark>
  <Placemark>
   <visibility>
    0
   </visibility>
   <name>
    NEW HABIB HIGH SCHOOL
   </name>
   <styleUrl>
    #mumbai_aided_schools_style
   </styleUrl>
   <ExtendedData>
    <SchemaData schemaUrl="#J_mumbai_aided_schools_SIISSSSSISSSSSS">
     <SimpleData name="Address">
      PRINCIPAL SHAIKH HASAN MARG DONGRI MUMBAI 9
     </SimpleData>
     <SimpleData name="Cls_From">
      1
     </SimpleData>
     <SimpleData name="Cls_To">
      4
     </SimpleData>
     <SimpleData name="Email">
      newhabibhighschool46@yahoo.com
     </SimpleData>
     <SimpleData name="GoogleMaps">
      https://www.google.com/maps/search/?api=1&amp;query=18.9577450005697,72.8368000002767
     </SimpleData>
     <SimpleData name="Landline_n">
      022-23776324
     </SimpleData>
     <SimpleData name="Lat">
      18.9577450005697
     </SimpleData>
     <SimpleData name="Long">
      72.8368000002767
     </SimpleData>
     <SimpleData name="OBJECTID_1">
      368
     </SimpleData>
     <SimpleData name="Owner_Dept">
      Education Dept
     </SimpleData>
     <SimpleData name="SchName">
      NEW HABIB HIGH SCHOOL
     </SimpleData>
     <SimpleData name="Sch_Type">
      1-Boys
     </SimpleData>
     <SimpleData name="Twitter_Ha">
      @mybmcedu
     </SimpleData>
     <SimpleData name="VillageNam">
      B
     </SimpleData>
     <SimpleData name="Website">
     </SimpleData>
    </SchemaData>
   </ExtendedData>
   <Point>
    <coordinates>
     72.8368,18.957745,0
    </coordinates>
   </Point>
  </Placemark>
  <Placemark>
   <visibility>
    0
   </visibility>
   <name>
    KHOJA SHIA ISMASHARI JAMAT PRI SCHOOL
   </name>
   <styleUrl>
    #mumbai_aided_schools_style
   </styleUrl>
   <ExtendedData>
    <SchemaData schemaUrl="#J_mumbai_aided_schools_SIISSSSSISSSSSS">
     <SimpleData name="Address">
      142, H.Abbas A.S street, Mumbai 400 009
     </SimpleData>
     <SimpleData name="Cls_From">
      1
     </SimpleData>
     <SimpleData name="Cls_To">
      4
     </SimpleData>
     <SimpleData name="Email">
      ksij110@gmail.com
     </SimpleData>
     <SimpleData name="GoogleMaps">
      https://www.google.com/maps/search/?api=1&amp;query=18.9553099998896,72.8363910001134
     </SimpleData>
     <SimpleData name="Landline_n">
      022-23472195
     </SimpleData>
     <SimpleData name="Lat">
      18.9553099998896
     </SimpleData>
     <SimpleData name="Long">
      72.8363910001134
     </SimpleData>
     <SimpleData name="OBJECTID_1">
      369
     </SimpleData>
     <SimpleData name="Owner_Dept">
      Education Dept
     </SimpleData>
     <SimpleData name="SchName">
      KHOJA SHIA ISMASHARI JAMAT PRI SCHOOL
     </SimpleData>
     <SimpleData name="Sch_Type">
      3-Co-educational
     </SimpleData>
     <SimpleData name="Twitter_Ha">
      @mybmcedu
     </SimpleData>
     <SimpleData name="VillageNam">
      B
     </SimpleData>
     <SimpleData name="Website">
     </SimpleData>
    </SchemaData>
   </ExtendedData>
   <Point>
    <coordinates>
     72.83639100000001,18.95531,0
    </coordinates>
   </Point>
  </Placemark>
  <Placemark>
   <visibility>
    0
   </visibility>
   <name>
    BALMANDIR  PRATHAMIK MARATHI SHALA
   </name>
   <styleUrl>
    #mumbai_aided_schools_style
   </styleUrl>
   <ExtendedData>
    <SchemaData schemaUrl="#J_mumbai_aided_schools_SIISSSSSISSSSSS">
     <SimpleData name="Address">
      6,shreeraghunath maharaj street,mandvi koliwada mumbai 3
     </SimpleData>
     <SimpleData name="Cls_From">
      1
     </SimpleData>
     <SimpleData name="Cls_To">
      4
     </SimpleData>
     <SimpleData name="Email">
      balmandirs@gmail.com
     </SimpleData>
     <SimpleData name="GoogleMaps">
      https://www.google.com/maps/search/?api=1&amp;query=18.9499079999471,72.836336999783
     </SimpleData>
     <SimpleData name="Landline_n">
      022-23411999
     </SimpleData>
     <SimpleData name="Lat">
      18.9499079999471
     </SimpleData>
     <SimpleData name="Long">
      72.836336999783
     </SimpleData>
     <SimpleData name="OBJECTID_1">
      370
     </SimpleData>
     <SimpleData name="Owner_Dept">
      Education Dept
     </SimpleData>
     <SimpleData name="SchName">
      BALMANDIR  PRATHAMIK MARATHI SHALA
     </SimpleData>
     <SimpleData name="Sch_Type">
      3-Co-educational
     </SimpleData>
     <SimpleData name="Twitter_Ha">
      @mybmcedu
     </SimpleData>
     <SimpleData name="VillageNam">
      B
     </SimpleData>
     <SimpleData name="Website">
     </SimpleData>
    </SchemaData>
   </ExtendedData>
   <Point>
    <coordinates>
     72.836337,18.949908,0
    </coordinates>
   </Point>
  </Placemark>
  <Placemark>
   <visibility>
    0
   </visibility>
   <name>
    HASHEMIAH HIGH SCHOOL
   </name>
   <styleUrl>
    #mumbai_aided_schools_style
   </styleUrl>
   <ExtendedData>
    <SchemaData schemaUrl="#J_mumbai_aided_schools_SIISSSSSISSSSSS">
     <SimpleData name="Address">
      188, ZAKARIA MASJID STREET, MUMBAI - 400009
     </SimpleData>
     <SimpleData name="Cls_From">
      1
     </SimpleData>
     <SimpleData name="Cls_To">
      4
     </SimpleData>
     <SimpleData name="Email">
      hashemiahprimaryschool@gmail.com
     </SimpleData>
     <SimpleData name="GoogleMaps">
      https://www.google.com/maps/search/?api=1&amp;query=18.9535950001312,72.8344829991988
     </SimpleData>
     <SimpleData name="Landline_n">
      022-67491967
     </SimpleData>
     <SimpleData name="Lat">
      18.9535950001312
     </SimpleData>
     <SimpleData name="Long">
      72.8344829991988
     </SimpleData>
     <SimpleData name="OBJECTID_1">
      371
     </SimpleData>
     <SimpleData name="Owner_Dept">
      Education Dept
     </SimpleData>
     <SimpleData name="SchName">
      HASHEMIAH HIGH SCHOOL
     </SimpleData>
     <SimpleData name="Sch_Type">
      3-Co-educational
     </SimpleData>
     <SimpleData name="Twitter_Ha">
      @mybmcedu
     </SimpleData>
     <SimpleData name="VillageNam">
      B
     </SimpleData>
     <SimpleData name="Website">
      www.education.maharashtra.gov.in/saral/27221200223
     </SimpleData>
    </SchemaData>
   </ExtendedData>
   <Point>
    <coordinates>
     72.83448300000001,18.953595,0
    </coordinates>
   </Point>
  </Placemark>
  <Placemark>
   <visibility>
    0
   </visibility>
   <name>
    CUMMOO JAFFER SULEMAN GIRLS HIGH SCHOOL
   </name>
   <styleUrl>
    #mumbai_aided_schools_style
   </styleUrl>
   <ExtendedData>
    <SchemaData schemaUrl="#J_mumbai_aided_schools_SIISSSSSISSSSSS">
     <SimpleData name="Address">
      178, Kambekar Street, Mumbai- 400003
     </SimpleData>
     <SimpleData name="Cls_From">
      1
     </SimpleData>
     <SimpleData name="Cls_To">
      4
     </SimpleData>
     <SimpleData name="Email">
      cummoojafarschool@gmail.com
     </SimpleData>
     <SimpleData name="GoogleMaps">
      https://www.google.com/maps/search/?api=1&amp;query=18.9551700004905,72.8327840003953
     </SimpleData>
     <SimpleData name="Landline_n">
      022-23465592
     </SimpleData>
     <SimpleData name="Lat">
      18.9551700004905
     </SimpleData>
     <SimpleData name="Long">
      72.8327840003953
     </SimpleData>
     <SimpleData name="OBJECTID_1">
      372
     </SimpleData>
     <SimpleData name="Owner_Dept">
      Education Dept
     </SimpleData>
     <SimpleData name="SchName">
      CUMMOO JAFFER SULEMAN GIRLS HIGH SCHOOL
     </SimpleData>
     <SimpleData name="Sch_Type">
      2-Girls
     </SimpleData>
     <SimpleData name="Twitter_Ha">
      @mybmcedu
     </SimpleData>
     <SimpleData name="VillageNam">
      B
     </SimpleData>
     <SimpleData name="Website">
      http://education.maharashtra.gov.in/saral/27221200224
     </SimpleData>
    </SchemaData>
   </ExtendedData>
   <Point>
    <coordinates>
     72.832784,18.95517,0
    </coordinates>
   </Point>
  </Placemark>
  <Placemark>
   <visibility>
    0
   </visibility>
   <name>
    BOMBAY GIRLS PRIMARY SCHOOL
   </name>
   <styleUrl>
    #mumbai_aided_schools_style
   </styleUrl>
   <ExtendedData>
    <SchemaData schemaUrl="#J_mumbai_aided_schools_SIISSSSSISSSSSS">
     <SimpleData name="Address">
      267,Nagdevi street,Mumbai 400 003.
     </SimpleData>
     <SimpleData name="Cls_From">
      1
     </SimpleData>
     <SimpleData name="Cls_To">
      4
     </SimpleData>
     <SimpleData name="Email">
      bombaygirlshighschool@gmail.com
     </SimpleData>
     <SimpleData name="GoogleMaps">
      https://www.google.com/maps/search/?api=1&amp;query=18.9492229998028,72.8345819992103
     </SimpleData>
     <SimpleData name="Landline_n">
      022-23427774
     </SimpleData>
     <SimpleData name="Lat">
      18.9492229998028
     </SimpleData>
     <SimpleData name="Long">
      72.8345819992103
     </SimpleData>
     <SimpleData name="OBJECTID_1">
      373
     </SimpleData>
     <SimpleData name="Owner_Dept">
      Education Dept
     </SimpleData>
     <SimpleData name="SchName">
      BOMBAY GIRLS PRIMARY SCHOOL
     </SimpleData>
     <SimpleData name="Sch_Type">
      3-Co-educational
     </SimpleData>
     <SimpleData name="Twitter_Ha">
      @mybmcedu
     </SimpleData>
     <SimpleData name="VillageNam">
      B
     </SimpleData>
     <SimpleData name="Website">
      education.maharashtra.gov.in/saral/27221200227
     </SimpleData>
    </SchemaData>
   </ExtendedData>
   <Point>
    <coordinates>
     72.834582,18.949223,0
    </coordinates>
   </Point>
  </Placemark>
  <Placemark>
   <visibility>
    0
   </visibility>
   <name>
    DAWOODBHOY FAZALBHOY PRIMARY SCH.
   </name>
   <styleUrl>
    #mumbai_aided_schools_style
   </styleUrl>
   <ExtendedData>
    <SchemaData schemaUrl="#J_mumbai_aided_schools_SIISSSSSISSSSSS">
     <SimpleData name="Address">
      243, Mohd. Umer Kokil Marg, Khadak, Mumbai - 400009
     </SimpleData>
     <SimpleData name="Cls_From">
      1
     </SimpleData>
     <SimpleData name="Cls_To">
      4
     </SimpleData>
     <SimpleData name="Email">
      dfprimaryschool@gmail.com
     </SimpleData>
     <SimpleData name="GoogleMaps">
      https://www.google.com/maps/search/?api=1&amp;query=18.9553920003211,72.8359620001611
     </SimpleData>
     <SimpleData name="Landline_n">
      022-23478544
     </SimpleData>
     <SimpleData name="Lat">
      18.9553920003211
     </SimpleData>
     <SimpleData name="Long">
      72.8359620001611
     </SimpleData>
     <SimpleData name="OBJECTID_1">
      374
     </SimpleData>
     <SimpleData name="Owner_Dept">
      Education Dept
     </SimpleData>
     <SimpleData name="SchName">
      DAWOODBHOY FAZALBHOY PRIMARY SCH.
     </SimpleData>
     <SimpleData name="Sch_Type">
      3-Co-educational
     </SimpleData>
     <SimpleData name="Twitter_Ha">
      @mybmcedu
     </SimpleData>
     <SimpleData name="VillageNam">
      B
     </SimpleData>
     <SimpleData name="Website">
      www.education.maharashtra.gov.in/saral/27221200228
     </SimpleData>
    </SchemaData>
   </ExtendedData>
   <Point>
    <coordinates>
     72.83596199999999,18.955392,0
    </coordinates>
   </Point>
  </Placemark>
  <Placemark>
   <visibility>
    0
   </visibility>
   <name>
    REHMATBAI HABIB GIRLS HIGH SCHOOL
   </name>
   <styleUrl>
    #mumbai_aided_schools_style
   </styleUrl>
   <ExtendedData>
    <SchemaData schemaUrl="#J_mumbai_aided_schools_SIISSSSSISSSSSS">
     <SimpleData name="Address">
      PRINCIPAL SHAIKH HASAN MARG, KESAR BAUG,CHAR-NULL,DONGRI.
     </SimpleData>
     <SimpleData name="Cls_From">
      1
     </SimpleData>
     <SimpleData name="Cls_To">
      4
     </SimpleData>
     <SimpleData name="Email">
      rhhsprimary@yahoo.com
     </SimpleData>
     <SimpleData name="GoogleMaps">
      https://www.google.com/maps/search/?api=1&amp;query=18.957521999436,72.8349490006935
     </SimpleData>
     <SimpleData name="Landline_n">
      022-23776324
     </SimpleData>
     <SimpleData name="Lat">
      18.957521999436
     </SimpleData>
     <SimpleData name="Long">
      72.8349490006935
     </SimpleData>
     <SimpleData name="OBJECTID_1">
      375
     </SimpleData>
     <SimpleData name="Owner_Dept">
      Education Dept
     </SimpleData>
     <SimpleData name="SchName">
      REHMATBAI HABIB GIRLS HIGH SCHOOL
     </SimpleData>
     <SimpleData name="Sch_Type">
      2-Girls
     </SimpleData>
     <SimpleData name="Twitter_Ha">
      @mybmcedu
     </SimpleData>
     <SimpleData name="VillageNam">
      B
     </SimpleData>
     <SimpleData name="Website">
     </SimpleData>
    </SchemaData>
   </ExtendedData>
   <Point>
    <coordinates>
     72.83494899999999,18.957522,0
    </coordinates>
   </Point>
  </Placemark>
  <Placemark>
   <visibility>
    0
   </visibility>
   <name>
    THE KHOJA KHAN MAHOMED H HIGH SCHOOL
   </name>
   <styleUrl>
    #mumbai_aided_schools_style
   </styleUrl>
   <ExtendedData>
    <SchemaData schemaUrl="#J_mumbai_aided_schools_SIISSSSSISSSSSS">
     <SimpleData name="Address">
      170 Hazrat Abbas  Street Mumbai 400009
     </SimpleData>
     <SimpleData name="Cls_From">
      1
     </SimpleData>
     <SimpleData name="Cls_To">
      4
     </SimpleData>
     <SimpleData name="Email">
      kkhprimary@gmail.com
     </SimpleData>
     <SimpleData name="GoogleMaps">
      https://www.google.com/maps/search/?api=1&amp;query=18.9541240005148,72.836091000347
     </SimpleData>
     <SimpleData name="Landline_n">
      022-23455606
     </SimpleData>
     <SimpleData name="Lat">
      18.9541240005148
     </SimpleData>
     <SimpleData name="Long">
      72.836091000347
     </SimpleData>
     <SimpleData name="OBJECTID_1">
      376
     </SimpleData>
     <SimpleData name="Owner_Dept">
      Education Dept
     </SimpleData>
     <SimpleData name="SchName">
      THE KHOJA KHAN MAHOMED H HIGH SCHOOL
     </SimpleData>
     <SimpleData name="Sch_Type">
      3-Co-educational
     </SimpleData>
     <SimpleData name="Twitter_Ha">
      @mybmcedu
     </SimpleData>
     <SimpleData name="VillageNam">
      B
     </SimpleData>
     <SimpleData name="Website">
     </SimpleData>
    </SchemaData>
   </ExtendedData>
   <Point>
    <coordinates>
     72.836091,18.954124,0
    </coordinates>
   </Point>
  </Placemark>
  <Placemark>
   <visibility>
    0
   </visibility>
   <name>
    SANSKAR BALMANDIR PRIMARY SECTION
   </name>
   <styleUrl>
    #mumbai_aided_schools_style
   </styleUrl>
   <ExtendedData>
    <SchemaData schemaUrl="#J_mumbai_aided_schools_SIISSSSSISSSSSS">
     <SimpleData name="Address">
      Madhavbaug, C.P. Tank Circle, Girgaon, Mumbai-400002
     </SimpleData>
     <SimpleData name="Cls_From">
      1
     </SimpleData>
     <SimpleData name="Cls_To">
      4
     </SimpleData>
     <SimpleData name="Email">
      sanskarbalmandir@gmail.com
     </SimpleData>
     <SimpleData name="GoogleMaps">
      https://www.google.com/maps/search/?api=1&amp;query=18.9453820003316,72.8268419999521
     </SimpleData>
     <SimpleData name="Landline_n">
      022-22421191
     </SimpleData>
     <SimpleData name="Lat">
      18.9453820003316
     </SimpleData>
     <SimpleData name="Long">
      72.8268419999521
     </SimpleData>
     <SimpleData name="OBJECTID_1">
      377
     </SimpleData>
     <SimpleData name="Owner_Dept">
      Education Dept
     </SimpleData>
     <SimpleData name="SchName">
      SANSKAR BALMANDIR PRIMARY SECTION
     </SimpleData>
     <SimpleData name="Sch_Type">
      3-Co-educational
     </SimpleData>
     <SimpleData name="Twitter_Ha">
      @mybmcedu
     </SimpleData>
     <SimpleData name="VillageNam">
      C
     </SimpleData>
     <SimpleData name="Website">
      www.sanskarbalmandir.org
     </SimpleData>
    </SchemaData>
   </ExtendedData>
   <Point>
    <coordinates>
     72.826842,18.945382,0
    </coordinates>
   </Point>
  </Placemark>
  <Placemark>
   <visibility>
    0
   </visibility>
   <name>
    S.L &amp; S. SOC JAGANNATH SHANKARSHETH PRI MARATHI SCHOOL
   </name>
   <styleUrl>
    #mumbai_aided_schools_style
   </styleUrl>
   <ExtendedData>
    <SchemaData schemaUrl="#J_mumbai_aided_schools_SIISSSSSISSSSSS">
     <SimpleData name="Address">
      24,Nawroji Sheth Street,J.S.S.Road,Thakurdwar,Girgaum,Mumbai,400002
     </SimpleData>
     <SimpleData name="Cls_From">
      1
     </SimpleData>
     <SimpleData name="Cls_To">
      4
     </SimpleData>
     <SimpleData name="Email">
      jssprimary@gmail.com
     </SimpleData>
     <SimpleData name="GoogleMaps">
      https://www.google.com/maps/search/?api=1&amp;query=18.9487320000122,72.8247159998443
     </SimpleData>
     <SimpleData name="Landline_n">
      022-22037746
     </SimpleData>
     <SimpleData name="Lat">
      18.9487320000122
     </SimpleData>
     <SimpleData name="Long">
      72.8247159998443
     </SimpleData>
     <SimpleData name="OBJECTID_1">
      378
     </SimpleData>
     <SimpleData name="Owner_Dept">
      Education Dept
     </SimpleData>
     <SimpleData name="SchName">
      S.L &amp; S. SOC JAGANNATH SHANKARSHETH PRI MARATHI SCHOOL
     </SimpleData>
     <SimpleData name="Sch_Type">
      3-Co-educational
     </SimpleData>
     <SimpleData name="Twitter_Ha">
      @mybmcedu
     </SimpleData>
     <SimpleData name="VillageNam">
      C
     </SimpleData>
     <SimpleData name="Website">
      www.education.maharashtra.gov.in/saral/27221200305
     </SimpleData>
    </SchemaData>
   </ExtendedData>
   <Point>
    <coordinates>
     72.824716,18.948732,0
    </coordinates>
   </Point>
  </Placemark>
  <Placemark>
   <visibility>
    0
   </visibility>
   <name>
    ADARSHA VIDYALAYA
   </name>
   <styleUrl>
    #mumbai_aided_schools_style
   </styleUrl>
   <ExtendedData>
    <SchemaData schemaUrl="#J_mumbai_aided_schools_SIISSSSSISSSSSS">
     <SimpleData name="Address">
      12 forjet street govaliya tank garnt road mumbai
     </SimpleData>
     <SimpleData name="Cls_From">
      1
     </SimpleData>
     <SimpleData name="Cls_To">
      4
     </SimpleData>
     <SimpleData name="Email">
      adarshvidyalaya02@gmail.com
     </SimpleData>
     <SimpleData name="GoogleMaps">
      https://www.google.com/maps/search/?api=1&amp;query=18.965011178686343,72.81080226021312
     </SimpleData>
     <SimpleData name="Landline_n">
      022-23861330
     </SimpleData>
     <SimpleData name="Lat">
      18.965011178686343
     </SimpleData>
     <SimpleData name="Long">
      72.81080226021312
     </SimpleData>
     <SimpleData name="OBJECTID_1">
      379
     </SimpleData>
     <SimpleData name="Owner_Dept">
      Education Dept
     </SimpleData>
     <SimpleData name="SchName">
      ADARSHA VIDYALAYA
     </SimpleData>
     <SimpleData name="Sch_Type">
      3-Co-educational
     </SimpleData>
     <SimpleData name="Twitter_Ha">
      @mybmcedu
     </SimpleData>
     <SimpleData name="VillageNam">
      C
     </SimpleData>
     <SimpleData name="Website">
      education.maharastra.gov.in
     </SimpleData>
    </SchemaData>
   </ExtendedData>
   <Point>
    <coordinates>
     72.810802,18.965011,0
    </coordinates>
   </Point>
  </Placemark>
  <Placemark>
   <visibility>
    0
   </visibility>
   <name>
    MARWARI COMMERCIAL SCHOOL
   </name>
   <styleUrl>
    #mumbai_aided_schools_style
   </styleUrl>
   <ExtendedData>
    <SchemaData schemaUrl="#J_mumbai_aided_schools_SIISSSSSISSSSSS">
     <SimpleData name="Address">
      guzdar street,chira bazar,mumbai -2
     </SimpleData>
     <SimpleData name="Cls_From">
      1
     </SimpleData>
     <SimpleData name="Cls_To">
      4
     </SimpleData>
     <SimpleData name="Email">
      janmotri70@gmail.com
     </SimpleData>
     <SimpleData name="GoogleMaps">
      https://www.google.com/maps/search/?api=1&amp;query=18.9483719992058,72.8241050002425
     </SimpleData>
     <SimpleData name="Landline_n">
      022-22014150
     </SimpleData>
     <SimpleData name="Lat">
      18.9483719992058
     </SimpleData>
     <SimpleData name="Long">
      72.8241050002425
     </SimpleData>
     <SimpleData name="OBJECTID_1">
      380
     </SimpleData>
     <SimpleData name="Owner_Dept">
      Education Dept
     </SimpleData>
     <SimpleData name="SchName">
      MARWARI COMMERCIAL SCHOOL
     </SimpleData>
     <SimpleData name="Sch_Type">
      3-Co-educational
     </SimpleData>
     <SimpleData name="Twitter_Ha">
      @mybmcedu
     </SimpleData>
     <SimpleData name="VillageNam">
      C
     </SimpleData>
     <SimpleData name="Website">
     </SimpleData>
    </SchemaData>
   </ExtendedData>
   <Point>
    <coordinates>
     72.824105,18.948372,0
    </coordinates>
   </Point>
  </Placemark>
  <Placemark>
   <visibility>
    0
   </visibility>
   <name>
    SIR J J PRINCESS STREET PRIMARY SCHOOL
   </name>
   <styleUrl>
    #mumbai_aided_schools_style
   </styleUrl>
   <ExtendedData>
    <SchemaData schemaUrl="#J_mumbai_aided_schools_SIISSSSSISSSSSS">
     <SimpleData name="Address">
      259, Engineer Building ,S.G.marg ,Marinelines
     </SimpleData>
     <SimpleData name="Cls_From">
      1
     </SimpleData>
     <SimpleData name="Cls_To">
      4
     </SimpleData>
     <SimpleData name="Email">
      smita.yadav@sjjpbi.org
     </SimpleData>
     <SimpleData name="GoogleMaps">
      https://www.google.com/maps/search/?api=1&amp;query=18.9453680006312,72.8268480002266
     </SimpleData>
     <SimpleData name="Landline_n">
      022-22062719
     </SimpleData>
     <SimpleData name="Lat">
      18.9453680006312
     </SimpleData>
     <SimpleData name="Long">
      72.8268480002266
     </SimpleData>
     <SimpleData name="OBJECTID_1">
      381
     </SimpleData>
     <SimpleData name="Owner_Dept">
      Education Dept
     </SimpleData>
     <SimpleData name="SchName">
      SIR J J PRINCESS STREET PRIMARY SCHOOL
     </SimpleData>
     <SimpleData name="Sch_Type">
      3-Co-educational
     </SimpleData>
     <SimpleData name="Twitter_Ha">
      @mybmcedu
     </SimpleData>
     <SimpleData name="VillageNam">
      C
     </SimpleData>
     <SimpleData name="Website">
     </SimpleData>
    </SchemaData>
   </ExtendedData>
   <Point>
    <coordinates>
     72.826848,18.945368,0
    </coordinates>
   </Point>
  </Placemark>
  <Placemark>
   <visibility>
    0
   </visibility>
   <name>
    SHISHUVIHAR PRATHAMIK MARATHI SHALA
   </name>
   <styleUrl>
    #mumbai_aided_schools_style
   </styleUrl>
   <ExtendedData>
    <SchemaData schemaUrl="#J_mumbai_aided_schools_SIISSSSSISSSSSS">
     <SimpleData name="Address">
      14A KAKUBAI MANCHARAM BLD,  ZAOBAWADI,THAKURDWAR , MUMBAI 2
     </SimpleData>
     <SimpleData name="Cls_From">
      1
     </SimpleData>
     <SimpleData name="Cls_To">
      4
     </SimpleData>
     <SimpleData name="Email">
      spms1956@gmail.com
     </SimpleData>
     <SimpleData name="GoogleMaps">
      https://www.google.com/maps/search/?api=1&amp;query=18.951428999837,72.8247149999546
     </SimpleData>
     <SimpleData name="Landline_n">
      022-22059469
     </SimpleData>
     <SimpleData name="Lat">
      18.951428999837
     </SimpleData>
     <SimpleData name="Long">
      72.8247149999546
     </SimpleData>
     <SimpleData name="OBJECTID_1">
      382
     </SimpleData>
     <SimpleData name="Owner_Dept">
      Education Dept
     </SimpleData>
     <SimpleData name="SchName">
      SHISHUVIHAR PRATHAMIK MARATHI SHALA
     </SimpleData>
     <SimpleData name="Sch_Type">
      3-Co-educational
     </SimpleData>
     <SimpleData name="Twitter_Ha">
      @mybmcedu
     </SimpleData>
     <SimpleData name="VillageNam">
      C
     </SimpleData>
     <SimpleData name="Website">
      spms1956gmail.com
     </SimpleData>
    </SchemaData>
   </ExtendedData>
   <Point>
    <coordinates>
     72.824715,18.951429,0
    </coordinates>
   </Point>
  </Placemark>
  <Placemark>
   <visibility>
    0
   </visibility>
   <name>
    CHIKITSAK SAMUHA POTDAR LP MAR
   </name>
   <styleUrl>
    #mumbai_aided_schools_style
   </styleUrl>
   <ExtendedData>
    <SchemaData schemaUrl="#J_mumbai_aided_schools_SIISSSSSISSSSSS">
     <SimpleData name="Address">
      52, SADASHIV CROSS LANE, KHADILKAR ROAD, NEAR JAIN TEMPLE, GIRGAUM, MUMBAI - 400 004.
     </SimpleData>
     <SimpleData name="Cls_From">
      1
     </SimpleData>
     <SimpleData name="Cls_To">
      4
     </SimpleData>
     <SimpleData name="Email">
      c.s.p.p.1908@gmail.com
     </SimpleData>
     <SimpleData name="GoogleMaps">
      https://www.google.com/maps/search/?api=1&amp;query=18.9560310001122,72.8173329998538
     </SimpleData>
     <SimpleData name="Landline_n">
      022-23801038
     </SimpleData>
     <SimpleData name="Lat">
      18.9560310001122
     </SimpleData>
     <SimpleData name="Long">
      72.8173329998538
     </SimpleData>
     <SimpleData name="OBJECTID_1">
      383
     </SimpleData>
     <SimpleData name="Owner_Dept">
      Education Dept
     </SimpleData>
     <SimpleData name="SchName">
      CHIKITSAK SAMUHA POTDAR LP MAR
     </SimpleData>
     <SimpleData name="Sch_Type">
      3-Co-educational
     </SimpleData>
     <SimpleData name="Twitter_Ha">
      @mybmcedu
     </SimpleData>
     <SimpleData name="VillageNam">
      D
     </SimpleData>
     <SimpleData name="Website">
      www.education.maharashtra.gov.in/saral/27221200401
     </SimpleData>
    </SchemaData>
   </ExtendedData>
   <Point>
    <coordinates>
     72.817333,18.956031,0
    </coordinates>
   </Point>
  </Placemark>
  <Placemark>
   <visibility>
    0
   </visibility>
   <name>
    ARYAN EDUCATION SOCIETY LP
   </name>
   <styleUrl>
    #mumbai_aided_schools_style
   </styleUrl>
   <ExtendedData>
    <SchemaData schemaUrl="#J_mumbai_aided_schools_SIISSSSSISSSSSS">
     <SimpleData name="Address">
      75, JSS ROAD, GIRGAON, MUMBAI-400004
     </SimpleData>
     <SimpleData name="Cls_From">
      1
     </SimpleData>
     <SimpleData name="Cls_To">
      4
     </SimpleData>
     <SimpleData name="Email">
      aryanprimary.g@gmail.com
     </SimpleData>
     <SimpleData name="GoogleMaps">
      https://www.google.com/maps/search/?api=1&amp;query=18.9559730005331,72.8175039994834
     </SimpleData>
     <SimpleData name="Landline_n">
      022-23895337
     </SimpleData>
     <SimpleData name="Lat">
      18.9559730005331
     </SimpleData>
     <SimpleData name="Long">
      72.8175039994834
     </SimpleData>
     <SimpleData name="OBJECTID_1">
      384
     </SimpleData>
     <SimpleData name="Owner_Dept">
      Education Dept
     </SimpleData>
     <SimpleData name="SchName">
      ARYAN EDUCATION SOCIETY LP
     </SimpleData>
     <SimpleData name="Sch_Type">
      3-Co-educational
     </SimpleData>
     <SimpleData name="Twitter_Ha">
      @mybmcedu
     </SimpleData>
     <SimpleData name="VillageNam">
      D
     </SimpleData>
     <SimpleData name="Website">
     </SimpleData>
    </SchemaData>
   </ExtendedData>
   <Point>
    <coordinates>
     72.817504,18.955973,0
    </coordinates>
   </Point>
  </Placemark>
  <Placemark>
   <visibility>
    0
   </visibility>
   <name>
    SEVA SADAN SOC PRIMARY SCHOOL
   </name>
   <styleUrl>
    #mumbai_aided_schools_style
   </styleUrl>
   <ExtendedData>
    <SchemaData schemaUrl="#J_mumbai_aided_schools_SIISSSSSISSSSSS">
     <SimpleData name="Address">
      SEVASADAN ANNEX PANDITA RAMABAI MARG, GAMDEVI - MUMBAI -400007
     </SimpleData>
     <SimpleData name="Cls_From">
      1
     </SimpleData>
     <SimpleData name="Cls_To">
      4
     </SimpleData>
     <SimpleData name="Email">
      sevasadanschool@gmail.com
     </SimpleData>
     <SimpleData name="GoogleMaps">
      https://www.google.com/maps/search/?api=1&amp;query=18.960029000058,72.8125740005207
     </SimpleData>
     <SimpleData name="Landline_n">
      022-23872940
     </SimpleData>
     <SimpleData name="Lat">
      18.960029000058
     </SimpleData>
     <SimpleData name="Long">
      72.8125740005207
     </SimpleData>
     <SimpleData name="OBJECTID_1">
      385
     </SimpleData>
     <SimpleData name="Owner_Dept">
      Education Dept
     </SimpleData>
     <SimpleData name="SchName">
      SEVA SADAN SOC PRIMARY SCHOOL
     </SimpleData>
     <SimpleData name="Sch_Type">
      3-Co-educational
     </SimpleData>
     <SimpleData name="Twitter_Ha">
      @mybmcedu
     </SimpleData>
     <SimpleData name="VillageNam">
      D
     </SimpleData>
     <SimpleData name="Website">
      https://education.maharashtra.gov.in/saral/27221200407
     </SimpleData>
    </SchemaData>
   </ExtendedData>
   <Point>
    <coordinates>
     72.812574,18.960029,0
    </coordinates>
   </Point>
  </Placemark>
  <Placemark>
   <visibility>
    0
   </visibility>
   <name>
    BHAUSAHEB HIRAY  VIDYALAYA LP MARATHI
   </name>
   <styleUrl>
    #mumbai_aided_schools_style
   </styleUrl>
   <ExtendedData>
    <SchemaData schemaUrl="#J_mumbai_aided_schools_SIISSSSSISSSSSS">
     <SimpleData name="Address">
      MPMILLSCOUMPOUNDTAREDO
     </SimpleData>
     <SimpleData name="Cls_From">
      1
     </SimpleData>
     <SimpleData name="Cls_To">
      4
     </SimpleData>
     <SimpleData name="Email">
      bhvprischool@gmail.com
     </SimpleData>
     <SimpleData name="GoogleMaps">
      https://www.google.com/maps/search/?api=1&amp;query=18.9731779995682,72.8129450005796
     </SimpleData>
     <SimpleData name="Landline_n">
      022-23524249
     </SimpleData>
     <SimpleData name="Lat">
      18.9731779995682
     </SimpleData>
     <SimpleData name="Long">
      72.8129450005796
     </SimpleData>
     <SimpleData name="OBJECTID_1">
      386
     </SimpleData>
     <SimpleData name="Owner_Dept">
      Education Dept
     </SimpleData>
     <SimpleData name="SchName">
      BHAUSAHEB HIRAY  VIDYALAYA LP MARATHI
     </SimpleData>
     <SimpleData name="Sch_Type">
      3-Co-educational
     </SimpleData>
     <SimpleData name="Twitter_Ha">
      @mybmcedu
     </SimpleData>
     <SimpleData name="VillageNam">
      D
     </SimpleData>
     <SimpleData name="Website">
     </SimpleData>
    </SchemaData>
   </ExtendedData>
   <Point>
    <coordinates>
     72.812945,18.973178,0
    </coordinates>
   </Point>
  </Placemark>
  <Placemark>
   <visibility>
    0
   </visibility>
   <name>
    SHRI B P K SAHAKARI VIDYAMANDIR
   </name>
   <styleUrl>
    #mumbai_aided_schools_style
   </styleUrl>
   <ExtendedData>
    <SchemaData schemaUrl="#J_mumbai_aided_schools_SIISSSSSISSSSSS">
     <SimpleData name="Address">
      77, Shanti Kunj, Tardeo Road, Mumbai - 400034
     </SimpleData>
     <SimpleData name="Cls_From">
      1
     </SimpleData>
     <SimpleData name="Cls_To">
      4
     </SimpleData>
     <SimpleData name="Email">
      shribpk1951@gmail.com
     </SimpleData>
     <SimpleData name="GoogleMaps">
      https://www.google.com/maps/search/?api=1&amp;query=18.9742559995831,72.8148189998148
     </SimpleData>
     <SimpleData name="Landline_n">
      022-23530678
     </SimpleData>
     <SimpleData name="Lat">
      18.9742559995831
     </SimpleData>
     <SimpleData name="Long">
      72.8148189998148
     </SimpleData>
     <SimpleData name="OBJECTID_1">
      387
     </SimpleData>
     <SimpleData name="Owner_Dept">
      Education Dept
     </SimpleData>
     <SimpleData name="SchName">
      SHRI B P K SAHAKARI VIDYAMANDIR
     </SimpleData>
     <SimpleData name="Sch_Type">
      3-Co-educational
     </SimpleData>
     <SimpleData name="Twitter_Ha">
      @mybmcedu
     </SimpleData>
     <SimpleData name="VillageNam">
      D
     </SimpleData>
     <SimpleData name="Website">
     </SimpleData>
    </SchemaData>
   </ExtendedData>
   <Point>
    <coordinates>
     72.814819,18.974256,0
    </coordinates>
   </Point>
  </Placemark>
  <Placemark>
   <visibility>
    0
   </visibility>
   <name>
    SIR COWASJEE JEHANGIR HIGH SCHOOL
   </name>
   <styleUrl>
    #mumbai_aided_schools_style
   </styleUrl>
   <ExtendedData>
    <SchemaData schemaUrl="#J_mumbai_aided_schools_SIISSSSSISSSSSS">
     <SimpleData name="Address">
      SIR C. J. COLONY , SIR RATAN TATA ROAD, TARDEO, MUMBAI 34
     </SimpleData>
     <SimpleData name="Cls_From">
      1
     </SimpleData>
     <SimpleData name="Cls_To">
      4
     </SimpleData>
     <SimpleData name="Email">
      cj_school2007@rediffmail.com
     </SimpleData>
     <SimpleData name="GoogleMaps">
      https://www.google.com/maps/search/?api=1&amp;query=18.9718490005904,72.8167419993815
     </SimpleData>
     <SimpleData name="Landline_n">
      022-23536885
     </SimpleData>
     <SimpleData name="Lat">
      18.9718490005904
     </SimpleData>
     <SimpleData name="Long">
      72.8167419993815
     </SimpleData>
     <SimpleData name="OBJECTID_1">
      388
     </SimpleData>
     <SimpleData name="Owner_Dept">
      Education Dept
     </SimpleData>
     <SimpleData name="SchName">
      SIR COWASJEE JEHANGIR HIGH SCHOOL
     </SimpleData>
     <SimpleData name="Sch_Type">
      3-Co-educational
     </SimpleData>
     <SimpleData name="Twitter_Ha">
      @mybmcedu
     </SimpleData>
     <SimpleData name="VillageNam">
      D
     </SimpleData>
     <SimpleData name="Website">
      www.sircjhs.com
     </SimpleData>
    </SchemaData>
   </ExtendedData>
   <Point>
    <coordinates>
     72.816742,18.971849,0
    </coordinates>
   </Point>
  </Placemark>
  <Placemark>
   <visibility>
    0
   </visibility>
   <name>
    DEVRAO SHIVRAM UBHAYKAR BALAK VRIND LP MAR LP
   </name>
   <styleUrl>
    #mumbai_aided_schools_style
   </styleUrl>
   <ExtendedData>
    <SchemaData schemaUrl="#J_mumbai_aided_schools_SIISSSSSISSSSSS">
     <SimpleData name="Address">
      new chikhalwadi,sletar road ,grant road , 400007
     </SimpleData>
     <SimpleData name="Cls_From">
      1
     </SimpleData>
     <SimpleData name="Cls_To">
      4
     </SimpleData>
     <SimpleData name="Email">
      balakvrinda@gmail.com
     </SimpleData>
     <SimpleData name="GoogleMaps">
      https://www.google.com/maps/search/?api=1&amp;query=18.9668580005422,72.8153469998545
     </SimpleData>
     <SimpleData name="Landline_n">
      022-23812204
     </SimpleData>
     <SimpleData name="Lat">
      18.9668580005422
     </SimpleData>
     <SimpleData name="Long">
      72.8153469998545
     </SimpleData>
     <SimpleData name="OBJECTID_1">
      389
     </SimpleData>
     <SimpleData name="Owner_Dept">
      Education Dept
     </SimpleData>
     <SimpleData name="SchName">
      DEVRAO SHIVRAM UBHAYKAR BALAK VRIND LP MAR LP
     </SimpleData>
     <SimpleData name="Sch_Type">
      3-Co-educational
     </SimpleData>
     <SimpleData name="Twitter_Ha">
      @mybmcedu
     </SimpleData>
     <SimpleData name="VillageNam">
      D
     </SimpleData>
     <SimpleData name="Website">
     </SimpleData>
    </SchemaData>
   </ExtendedData>
   <Point>
    <coordinates>
     72.815347,18.966858,0
    </coordinates>
   </Point>
  </Placemark>
  <Placemark>
   <visibility>
    0
   </visibility>
   <name>
    YUSUF MEHARALLY MAR LP VIDYALAYA
   </name>
   <styleUrl>
    #mumbai_aided_schools_style
   </styleUrl>
   <ExtendedData>
    <SchemaData schemaUrl="#J_mumbai_aided_schools_SIISSSSSISSSSSS">
     <SimpleData name="Address">
      NARAYAN TAWDE CHOWK, TULSIWADI, TARDEO, MUMBAI CENTRAL, MUMBAI - 400034
     </SimpleData>
     <SimpleData name="Cls_From">
      1
     </SimpleData>
     <SimpleData name="Cls_To">
      4
     </SimpleData>
     <SimpleData name="Email">
      ymvp2014@gmail.com
     </SimpleData>
     <SimpleData name="GoogleMaps">
      https://www.google.com/maps/search/?api=1&amp;query=18.9732360001272,72.8178519997398
     </SimpleData>
     <SimpleData name="Landline_n">
      022-23523249
     </SimpleData>
     <SimpleData name="Lat">
      18.9732360001272
     </SimpleData>
     <SimpleData name="Long">
      72.8178519997398
     </SimpleData>
     <SimpleData name="OBJECTID_1">
      390
     </SimpleData>
     <SimpleData name="Owner_Dept">
      Education Dept
     </SimpleData>
     <SimpleData name="SchName">
      YUSUF MEHARALLY MAR LP VIDYALAYA
     </SimpleData>
     <SimpleData name="Sch_Type">
      3-Co-educational
     </SimpleData>
     <SimpleData name="Twitter_Ha">
      @mybmcedu
     </SimpleData>
     <SimpleData name="VillageNam">
      D
     </SimpleData>
     <SimpleData name="Website">
      education.maharashtra.gov.in/saral/27221200449
     </SimpleData>
    </SchemaData>
   </ExtendedData>
   <Point>
    <coordinates>
     72.817852,18.973236,0
    </coordinates>
   </Point>
  </Placemark>
  <Placemark>
   <visibility>
    0
   </visibility>
   <name>
    WILSON MAR LP
   </name>
   <styleUrl>
    #mumbai_aided_schools_style
   </styleUrl>
   <ExtendedData>
    <SchemaData schemaUrl="#J_mumbai_aided_schools_SIISSSSSISSSSSS">
     <SimpleData name="Address">
      Dr.Wilson Street,GirGaon,Mumbai-400004
     </SimpleData>
     <SimpleData name="Cls_From">
      1
     </SimpleData>
     <SimpleData name="Cls_To">
      4
     </SimpleData>
     <SimpleData name="Email">
      wilsonschool1832@yahoo.com
     </SimpleData>
     <SimpleData name="GoogleMaps">
      https://www.google.com/maps/search/?api=1&amp;query=18.9920960000274,72.8288370000905
     </SimpleData>
     <SimpleData name="Landline_n">
      022-23875349
     </SimpleData>
     <SimpleData name="Lat">
      18.9920960000274
     </SimpleData>
     <SimpleData name="Long">
      72.8288370000905
     </SimpleData>
     <SimpleData name="OBJECTID_1">
      391
     </SimpleData>
     <SimpleData name="Owner_Dept">
      Education Dept
     </SimpleData>
     <SimpleData name="SchName">
      WILSON MAR LP
     </SimpleData>
     <SimpleData name="Sch_Type">
      3-Co-educational
     </SimpleData>
     <SimpleData name="Twitter_Ha">
      @mybmcedu
     </SimpleData>
     <SimpleData name="VillageNam">
      D
     </SimpleData>
     <SimpleData name="Website">
     </SimpleData>
    </SchemaData>
   </ExtendedData>
   <Point>
    <coordinates>
     72.82883699999999,18.992096,0
    </coordinates>
   </Point>
  </Placemark>
  <Placemark>
   <visibility>
    0
   </visibility>
   <name>
    THE BHARAT EDU. SOC. SARDAR HIGH SCHOOL
   </name>
   <styleUrl>
    #mumbai_aided_schools_style
   </styleUrl>
   <ExtendedData>
    <SchemaData schemaUrl="#J_mumbai_aided_schools_SIISSSSSISSSSSS">
     <SimpleData name="Address">
      12th Khetwadi. Girgaon Mumbai - 400004
     </SimpleData>
     <SimpleData name="Cls_From">
      1
     </SimpleData>
     <SimpleData name="Cls_To">
      4
     </SimpleData>
     <SimpleData name="Email">
      bessardarhighschool@gmail.com
     </SimpleData>
     <SimpleData name="GoogleMaps">
      https://www.google.com/maps/search/?api=1&amp;query=18.9567360005304,72.8235249995832
     </SimpleData>
     <SimpleData name="Landline_n">
      022-23855927
     </SimpleData>
     <SimpleData name="Lat">
      18.9567360005304
     </SimpleData>
     <SimpleData name="Long">
      72.8235249995832
     </SimpleData>
     <SimpleData name="OBJECTID_1">
      392
     </SimpleData>
     <SimpleData name="Owner_Dept">
      Education Dept
     </SimpleData>
     <SimpleData name="SchName">
      THE BHARAT EDU. SOC. SARDAR HIGH SCHOOL
     </SimpleData>
     <SimpleData name="Sch_Type">
      3-Co-educational
     </SimpleData>
     <SimpleData name="Twitter_Ha">
      @mybmcedu
     </SimpleData>
     <SimpleData name="VillageNam">
      D
     </SimpleData>
     <SimpleData name="Website">
      https://education.maharashtra.gov.in/saral/27221200474
     </SimpleData>
    </SchemaData>
   </ExtendedData>
   <Point>
    <coordinates>
     72.823525,18.956736,0
    </coordinates>
   </Point>
  </Placemark>
  <Placemark>
   <visibility>
    0
   </visibility>
   <name>
    ANJUMAN I ISLAM ABDUS SATTAR SHUAIB PRIMARY SCHOOL
   </name>
   <styleUrl>
    #mumbai_aided_schools_style
   </styleUrl>
   <ExtendedData>
    <SchemaData schemaUrl="#J_mumbai_aided_schools_SIISSSSSISSSSSS">
     <SimpleData name="Address">
      M S Ali Road Two Tank Mumbai 400 008
     </SimpleData>
     <SimpleData name="Cls_From">
      1
     </SimpleData>
     <SimpleData name="Cls_To">
      4
     </SimpleData>
     <SimpleData name="Email">
      aissps96@yahoo.in
     </SimpleData>
     <SimpleData name="GoogleMaps">
      https://www.google.com/maps/search/?api=1&amp;query=18.961789999155,72.8257429999612
     </SimpleData>
     <SimpleData name="Landline_n">
      022-23008879
     </SimpleData>
     <SimpleData name="Lat">
      18.961789999155
     </SimpleData>
     <SimpleData name="Long">
      72.8257429999612
     </SimpleData>
     <SimpleData name="OBJECTID_1">
      393
     </SimpleData>
     <SimpleData name="Owner_Dept">
      Education Dept
     </SimpleData>
     <SimpleData name="SchName">
      ANJUMAN I ISLAM ABDUS SATTAR SHUAIB PRIMARY SCHOOL
     </SimpleData>
     <SimpleData name="Sch_Type">
      3-Co-educational
     </SimpleData>
     <SimpleData name="Twitter_Ha">
      @mybmcedu
     </SimpleData>
     <SimpleData name="VillageNam">
      E
     </SimpleData>
     <SimpleData name="Website">
     </SimpleData>
    </SchemaData>
   </ExtendedData>
   <Point>
    <coordinates>
     72.825743,18.96179,0
    </coordinates>
   </Point>
  </Placemark>
  <Placemark>
   <visibility>
    0
   </visibility>
   <name>
    HUME  HIGHSCHOOL MAR
   </name>
   <styleUrl>
    #mumbai_aided_schools_style
   </styleUrl>
   <ExtendedData>
    <SchemaData schemaUrl="#J_mumbai_aided_schools_SIISSSSSISSSSSS">
     <SimpleData name="Address">
      337 Sir J.J.Road Byculla Mumbai 400008
     </SimpleData>
     <SimpleData name="Cls_From">
      1
     </SimpleData>
     <SimpleData name="Cls_To">
      4
     </SimpleData>
     <SimpleData name="Email">
      sb2namdas@gmail.com
     </SimpleData>
     <SimpleData name="GoogleMaps">
      https://www.google.com/maps/search/?api=1&amp;query=18.9670249999905,72.8335600001429
     </SimpleData>
     <SimpleData name="Landline_n">
      022-23774278
     </SimpleData>
     <SimpleData name="Lat">
      18.9670249999905
     </SimpleData>
     <SimpleData name="Long">
      72.8335600001429
     </SimpleData>
     <SimpleData name="OBJECTID_1">
      394
     </SimpleData>
     <SimpleData name="Owner_Dept">
      Education Dept
     </SimpleData>
     <SimpleData name="SchName">
      HUME  HIGHSCHOOL MAR
     </SimpleData>
     <SimpleData name="Sch_Type">
      3-Co-educational
     </SimpleData>
     <SimpleData name="Twitter_Ha">
      @mybmcedu
     </SimpleData>
     <SimpleData name="VillageNam">
      E
     </SimpleData>
     <SimpleData name="Website">
     </SimpleData>
    </SchemaData>
   </ExtendedData>
   <Point>
    <coordinates>
     72.83356000000001,18.967025,0
    </coordinates>
   </Point>
  </Placemark>
  <Placemark>
   <visibility>
    0
   </visibility>
   <name>
    ANJUMAN I ISLAM AHMED SAILOR PRI SCHOOL NAUPADA
   </name>
   <styleUrl>
    #mumbai_aided_schools_style
   </styleUrl>
   <ExtendedData>
    <SchemaData schemaUrl="#J_mumbai_aided_schools_SIISSSSSISSSSSS">
     <SimpleData name="Address">
      123 DIMTIMKAR ROAD NAGPADA MUMBAI 400008
     </SimpleData>
     <SimpleData name="Cls_From">
      1
     </SimpleData>
     <SimpleData name="Cls_To">
      4
     </SimpleData>
     <SimpleData name="Email">
      ahmed.sailor@yahoo.in
     </SimpleData>
     <SimpleData name="GoogleMaps">
      https://www.google.com/maps/search/?api=1&amp;query=18.9651649993042,72.8302119998727
     </SimpleData>
     <SimpleData name="Landline_n">
      022-23015019
     </SimpleData>
     <SimpleData name="Lat">
      18.9651649993042
     </SimpleData>
     <SimpleData name="Long">
      72.8302119998727
     </SimpleData>
     <SimpleData name="OBJECTID_1">
      395
     </SimpleData>
     <SimpleData name="Owner_Dept">
      Education Dept
     </SimpleData>
     <SimpleData name="SchName">
      ANJUMAN I ISLAM AHMED SAILOR PRI SCHOOL NAUPADA
     </SimpleData>
     <SimpleData name="Sch_Type">
      3-Co-educational
     </SimpleData>
     <SimpleData name="Twitter_Ha">
      @mybmcedu
     </SimpleData>
     <SimpleData name="VillageNam">
      E
     </SimpleData>
     <SimpleData name="Website">
     </SimpleData>
    </SchemaData>
   </ExtendedData>
   <Point>
    <coordinates>
     72.830212,18.965165,0
    </coordinates>
   </Point>
  </Placemark>
  <Placemark>
   <visibility>
    0
   </visibility>
   <name>
    SIR ELLY KADOORIE SCHOOL
   </name>
   <styleUrl>
    #mumbai_aided_schools_style
   </styleUrl>
   <ExtendedData>
    <SchemaData schemaUrl="#J_mumbai_aided_schools_SIISSSSSISSSSSS">
     <SimpleData name="Address">
      Shivdas Chapsi Marg Opp. Chaitya Tower, Mazgaon 10
     </SimpleData>
     <SimpleData name="Cls_From">
      1
     </SimpleData>
     <SimpleData name="Cls_To">
      4
     </SimpleData>
     <SimpleData name="Email">
      sir.elly.kadoorie@gmail.com
     </SimpleData>
     <SimpleData name="GoogleMaps">
      https://www.google.com/maps/search/?api=1&amp;query=18.9663280003474,72.8391400003468
     </SimpleData>
     <SimpleData name="Landline_n">
      022-23748177
     </SimpleData>
     <SimpleData name="Lat">
      18.9663280003474
     </SimpleData>
     <SimpleData name="Long">
      72.8391400003468
     </SimpleData>
     <SimpleData name="OBJECTID_1">
      396
     </SimpleData>
     <SimpleData name="Owner_Dept">
      Education Dept
     </SimpleData>
     <SimpleData name="SchName">
      SIR ELLY KADOORIE SCHOOL
     </SimpleData>
     <SimpleData name="Sch_Type">
      3-Co-educational
     </SimpleData>
     <SimpleData name="Twitter_Ha">
      @mybmcedu
     </SimpleData>
     <SimpleData name="VillageNam">
      E
     </SimpleData>
     <SimpleData name="Website">
      https://education.maharashtra.gov.in/Saral/27221200521
     </SimpleData>
    </SchemaData>
   </ExtendedData>
   <Point>
    <coordinates>
     72.83914,18.966328,0
    </coordinates>
   </Point>
  </Placemark>
  <Placemark>
   <visibility>
    0
   </visibility>
   <name>
    REGINA PACIS CONVENT  SCHOOL
   </name>
   <styleUrl>
    #mumbai_aided_schools_style
   </styleUrl>
   <ExtendedData>
    <SchemaData schemaUrl="#J_mumbai_aided_schools_SIISSSSSISSSSSS">
     <SimpleData name="Address">
      Regina pacis, Seth Motisha Road, Opp Byculla police station, Byculla 27
     </SimpleData>
     <SimpleData name="Cls_From">
      1
     </SimpleData>
     <SimpleData name="Cls_To">
      4
     </SimpleData>
     <SimpleData name="Email">
      reginapacis.primary@yahoo.in
     </SimpleData>
     <SimpleData name="GoogleMaps">
      https://www.google.com/maps/search/?api=1&amp;query=18.9738450001874,72.8347429996009
     </SimpleData>
     <SimpleData name="Landline_n">
      022-23733275
     </SimpleData>
     <SimpleData name="Lat">
      18.9738450001874
     </SimpleData>
     <SimpleData name="Long">
      72.8347429996009
     </SimpleData>
     <SimpleData name="OBJECTID_1">
      397
     </SimpleData>
     <SimpleData name="Owner_Dept">
      Education Dept
     </SimpleData>
     <SimpleData name="SchName">
      REGINA PACIS CONVENT  SCHOOL
     </SimpleData>
     <SimpleData name="Sch_Type">
      2-Girls
     </SimpleData>
     <SimpleData name="Twitter_Ha">
      @mybmcedu
     </SimpleData>
     <SimpleData name="VillageNam">
      E
     </SimpleData>
     <SimpleData name="Website">
     </SimpleData>
    </SchemaData>
   </ExtendedData>
   <Point>
    <coordinates>
     72.834743,18.973845,0
    </coordinates>
   </Point>
  </Placemark>
  <Placemark>
   <visibility>
    0
   </visibility>
   <name>
    ANJUMAN I ISLAM SAIF TYABJI GIRLS PRI SCHOOL
   </name>
   <styleUrl>
    #mumbai_aided_schools_style
   </styleUrl>
   <ExtendedData>
    <SchemaData schemaUrl="#J_mumbai_aided_schools_SIISSSSSISSSSSS">
     <SimpleData name="Address">
      260, J.B.B.Marg,Bellasis Road, Mumbai - 400 008
     </SimpleData>
     <SimpleData name="Cls_From">
      1
     </SimpleData>
     <SimpleData name="Cls_To">
      4
     </SimpleData>
     <SimpleData name="Email">
      agpps_prepri@yahoo.in
     </SimpleData>
     <SimpleData name="GoogleMaps">
      https://www.google.com/maps/search/?api=1&amp;query=18.9687880004338,72.8255490003665
     </SimpleData>
     <SimpleData name="Landline_n">
      022-23090146
     </SimpleData>
     <SimpleData name="Lat">
      18.9687880004338
     </SimpleData>
     <SimpleData name="Long">
      72.8255490003665
     </SimpleData>
     <SimpleData name="OBJECTID_1">
      398
     </SimpleData>
     <SimpleData name="Owner_Dept">
      Education Dept
     </SimpleData>
     <SimpleData name="SchName">
      ANJUMAN I ISLAM SAIF TYABJI GIRLS PRI SCHOOL
     </SimpleData>
     <SimpleData name="Sch_Type">
      2-Girls
     </SimpleData>
     <SimpleData name="Twitter_Ha">
      @mybmcedu
     </SimpleData>
     <SimpleData name="VillageNam">
      E
     </SimpleData>
     <SimpleData name="Website">
     </SimpleData>
    </SchemaData>
   </ExtendedData>
   <Point>
    <coordinates>
     72.825549,18.968788,0
    </coordinates>
   </Point>
  </Placemark>
  <Placemark>
   <visibility>
    0
   </visibility>
   <name>
    ANJUMAN KHIRUL ISLAM URDU PRIMARY SCHOOL BOYS
   </name>
   <styleUrl>
    #mumbai_aided_schools_style
   </styleUrl>
   <ExtendedData>
    <SchemaData schemaUrl="#J_mumbai_aided_schools_SIISSSSSISSSSSS">
     <SimpleData name="Address">
      2nd Ghelabai Street Madanpura
     </SimpleData>
     <SimpleData name="Cls_From">
      1
     </SimpleData>
     <SimpleData name="Cls_To">
      4
     </SimpleData>
     <SimpleData name="Email">
      aklpriboys.madanpura@gmail.com
     </SimpleData>
     <SimpleData name="GoogleMaps">
      https://www.google.com/maps/search/?api=1&amp;query=18.9701619998506,72.8267419993732
     </SimpleData>
     <SimpleData name="Landline_n">
      022-23001951
     </SimpleData>
     <SimpleData name="Lat">
      18.9701619998506
     </SimpleData>
     <SimpleData name="Long">
      72.8267419993732
     </SimpleData>
     <SimpleData name="OBJECTID_1">
      399
     </SimpleData>
     <SimpleData name="Owner_Dept">
      Education Dept
     </SimpleData>
     <SimpleData name="SchName">
      ANJUMAN KHIRUL ISLAM URDU PRIMARY SCHOOL BOYS
     </SimpleData>
     <SimpleData name="Sch_Type">
      1-Boys
     </SimpleData>
     <SimpleData name="Twitter_Ha">
      @mybmcedu
     </SimpleData>
     <SimpleData name="VillageNam">
      E
     </SimpleData>
     <SimpleData name="Website">
      education.maharashtra.gov.in/saral/27221200552
     </SimpleData>
    </SchemaData>
   </ExtendedData>
   <Point>
    <coordinates>
     72.826742,18.970162,0
    </coordinates>
   </Point>
  </Placemark>
  <Placemark>
   <visibility>
    0
   </visibility>
   <name>
    ANJUMAN KHAIRUL ISLAM URDU GIRLS SCHOOL
   </name>
   <styleUrl>
    #mumbai_aided_schools_style
   </styleUrl>
   <ExtendedData>
    <SchemaData schemaUrl="#J_mumbai_aided_schools_SIISSSSSISSSSSS">
     <SimpleData name="Address">
      2nd Ghelabai Street madanpura
     </SimpleData>
     <SimpleData name="Cls_From">
      1
     </SimpleData>
     <SimpleData name="Cls_To">
      4
     </SimpleData>
     <SimpleData name="Email">
      akigirls.madanpura@gmail.com
     </SimpleData>
     <SimpleData name="GoogleMaps">
      https://www.google.com/maps/search/?api=1&amp;query=18.9708279999784,72.8268750004715
     </SimpleData>
     <SimpleData name="Landline_n">
      022-23001951
     </SimpleData>
     <SimpleData name="Lat">
      18.9708279999784
     </SimpleData>
     <SimpleData name="Long">
      72.8268750004715
     </SimpleData>
     <SimpleData name="OBJECTID_1">
      400
     </SimpleData>
     <SimpleData name="Owner_Dept">
      Education Dept
     </SimpleData>
     <SimpleData name="SchName">
      ANJUMAN KHAIRUL ISLAM URDU GIRLS SCHOOL
     </SimpleData>
     <SimpleData name="Sch_Type">
      2-Girls
     </SimpleData>
     <SimpleData name="Twitter_Ha">
      @mybmcedu
     </SimpleData>
     <SimpleData name="VillageNam">
      E
     </SimpleData>
     <SimpleData name="Website">
     </SimpleData>
    </SchemaData>
   </ExtendedData>
   <Point>
    <coordinates>
     72.826875,18.970828,0
    </coordinates>
   </Point>
  </Placemark>
  <Placemark>
   <visibility>
    0
   </visibility>
   <name>
    MADARSA I  FAROOQIAH MUPL URDU SCHOOL
   </name>
   <styleUrl>
    #mumbai_aided_schools_style
   </styleUrl>
   <ExtendedData>
    <SchemaData schemaUrl="#J_mumbai_aided_schools_SIISSSSSISSSSSS">
     <SimpleData name="Address">
      11,Siddiq Lane.Masjid Jamil,Off Mohammad Umer Rajjab Rd,Madanpura,Mumbai No-400008.
     </SimpleData>
     <SimpleData name="Cls_From">
      1
     </SimpleData>
     <SimpleData name="Cls_To">
      4
     </SimpleData>
     <SimpleData name="Email">
      madresafarooqiahamy@gmail.com
     </SimpleData>
     <SimpleData name="GoogleMaps">
      https://www.google.com/maps/search/?api=1&amp;query=18.9713409998555,72.8278739994465
     </SimpleData>
     <SimpleData name="Landline_n">
      022-23078705
     </SimpleData>
     <SimpleData name="Lat">
      18.9713409998555
     </SimpleData>
     <SimpleData name="Long">
      72.8278739994465
     </SimpleData>
     <SimpleData name="OBJECTID_1">
      401
     </SimpleData>
     <SimpleData name="Owner_Dept">
      Education Dept
     </SimpleData>
     <SimpleData name="SchName">
      MADARSA I  FAROOQIAH MUPL URDU SCHOOL
     </SimpleData>
     <SimpleData name="Sch_Type">
      3-Co-educational
     </SimpleData>
     <SimpleData name="Twitter_Ha">
      @mybmcedu
     </SimpleData>
     <SimpleData name="VillageNam">
      E
     </SimpleData>
     <SimpleData name="Website">
     </SimpleData>
    </SchemaData>
   </ExtendedData>
   <Point>
    <coordinates>
     72.82787399999999,18.971341,0
    </coordinates>
   </Point>
  </Placemark>
  <Placemark>
   <visibility>
    0
   </visibility>
   <name>
    SCHOOL OF THE SACRED HEART
   </name>
   <styleUrl>
    #mumbai_aided_schools_style
   </styleUrl>
   <ExtendedData>
    <SchemaData schemaUrl="#J_mumbai_aided_schools_SIISSSSSISSSSSS">
     <SimpleData name="Address">
      SUNDARDAS TERRACE, SANKLI STREET, BYCULLA WEST , MUMBAI - 400008
     </SimpleData>
     <SimpleData name="Cls_From">
      1
     </SimpleData>
     <SimpleData name="Cls_To">
      4
     </SimpleData>
     <SimpleData name="Email">
      sacredheart815@gmail.com
     </SimpleData>
     <SimpleData name="GoogleMaps">
      https://www.google.com/maps/search/?api=1&amp;query=18.9722279997035,72.8303200002751
     </SimpleData>
     <SimpleData name="Landline_n">
      022-23090815
     </SimpleData>
     <SimpleData name="Lat">
      18.9722279997035
     </SimpleData>
     <SimpleData name="Long">
      72.8303200002751
     </SimpleData>
     <SimpleData name="OBJECTID_1">
      402
     </SimpleData>
     <SimpleData name="Owner_Dept">
      Education Dept
     </SimpleData>
     <SimpleData name="SchName">
      SCHOOL OF THE SACRED HEART
     </SimpleData>
     <SimpleData name="Sch_Type">
      1-Boys
     </SimpleData>
     <SimpleData name="Twitter_Ha">
      @mybmcedu
     </SimpleData>
     <SimpleData name="VillageNam">
      E
     </SimpleData>
     <SimpleData name="Website">
      https://education.maharashtra.gov.in/saral/27221200555
     </SimpleData>
    </SchemaData>
   </ExtendedData>
   <Point>
    <coordinates>
     72.83032,18.972228,0
    </coordinates>
   </Point>
  </Placemark>
  <Placemark>
   <visibility>
    0
   </visibility>
   <name>
    MAULANA AZAD PRIMARY SCHOOL
   </name>
   <styleUrl>
    #mumbai_aided_schools_style
   </styleUrl>
   <ExtendedData>
    <SchemaData schemaUrl="#J_mumbai_aided_schools_SIISSSSSISSSSSS">
     <SimpleData name="Address">
      ahlehadees manzil ,mominpura, byculla 400011
     </SimpleData>
     <SimpleData name="Cls_From">
      1
     </SimpleData>
     <SimpleData name="Cls_To">
      4
     </SimpleData>
     <SimpleData name="Email">
      maulanazadprimary@gmail.com
     </SimpleData>
     <SimpleData name="GoogleMaps">
      https://www.google.com/maps/search/?api=1&amp;query=18.9762449997708,72.8278380001069
     </SimpleData>
     <SimpleData name="Landline_n">
      022-23001647
     </SimpleData>
     <SimpleData name="Lat">
      18.9762449997708
     </SimpleData>
     <SimpleData name="Long">
      72.8278380001069
     </SimpleData>
     <SimpleData name="OBJECTID_1">
      403
     </SimpleData>
     <SimpleData name="Owner_Dept">
      Education Dept
     </SimpleData>
     <SimpleData name="SchName">
      MAULANA AZAD PRIMARY SCHOOL
     </SimpleData>
     <SimpleData name="Sch_Type">
      3-Co-educational
     </SimpleData>
     <SimpleData name="Twitter_Ha">
      @mybmcedu
     </SimpleData>
     <SimpleData name="VillageNam">
      E
     </SimpleData>
     <SimpleData name="Website">
     </SimpleData>
    </SchemaData>
   </ExtendedData>
   <Point>
    <coordinates>
     72.827838,18.976245,0
    </coordinates>
   </Point>
  </Placemark>
  <Placemark>
   <visibility>
    0
   </visibility>
   <name>
    ST JOSEPHS HIGH SCHOOL LP
   </name>
   <styleUrl>
    #mumbai_aided_schools_style
   </styleUrl>
   <ExtendedData>
    <SchemaData schemaUrl="#J_mumbai_aided_schools_SIISSSSSISSSSSS">
     <SimpleData name="Address">
      Dr.Mrs Leela Melville Marg,Agripada
     </SimpleData>
     <SimpleData name="Cls_From">
      1
     </SimpleData>
     <SimpleData name="Cls_To">
      4
     </SimpleData>
     <SimpleData name="Email">
      stjosepri@yahoo.com
     </SimpleData>
     <SimpleData name="GoogleMaps">
      https://www.google.com/maps/search/?api=1&amp;query=18.9731960004545,72.8257750001415
     </SimpleData>
     <SimpleData name="Landline_n">
      022-23009966
     </SimpleData>
     <SimpleData name="Lat">
      18.9731960004545
     </SimpleData>
     <SimpleData name="Long">
      72.8257750001415
     </SimpleData>
     <SimpleData name="OBJECTID_1">
      404
     </SimpleData>
     <SimpleData name="Owner_Dept">
      Education Dept
     </SimpleData>
     <SimpleData name="SchName">
      ST JOSEPHS HIGH SCHOOL LP
     </SimpleData>
     <SimpleData name="Sch_Type">
      2-Girls
     </SimpleData>
     <SimpleData name="Twitter_Ha">
      @mybmcedu
     </SimpleData>
     <SimpleData name="VillageNam">
      E
     </SimpleData>
     <SimpleData name="Website">
      www.education.maharashtea.gov.in/saral/27221200567
     </SimpleData>
    </SchemaData>
   </ExtendedData>
   <Point>
    <coordinates>
     72.82577499999999,18.973196,0
    </coordinates>
   </Point>
  </Placemark>
 </Document>
</kml>