pseudocode,state,district,block,rural_urban,lgd_urban_local_body_name,lgd_ward_name,lgd_vill_name,lgd_vill_panchayat_name,lgd_block_name,school_category,school_type,lowclass,highclass,managment,pincode,special_school_for_cwsn,shift_school,resi_school,resi_type,minority_school,medium_instr1,medium_of_instr2,medium_of_instr3,medium_of_instr4,aff_board_sec,aff_board_hsec,approachable_road,pre_primary,anganwadi_yn,avg_instr_days,cce_yn,same_sch_b,same_sch_g,other_sch_b,other_sch_g,anganwadi_ecce_b,anganwadi_ecce_g
3449581,"MAHARASHTRA","MUMBAI II","MUMBAI_DYD_URC6 ( MALAD (W) )",2,"Greater Mumbai_Municipal Corporations","K/West - Ward No. 61",,,,3,3,5,12,5,400102,2,2,3,0,1,19,0,0,0,2,2,1,9,9,220,1,0,0,0,0,0,0
2949508,"MAHARASHTRA","MUMBAI II","MUMBAI_DYD_URC7 ( KANDIVALI (E) )",2,"Greater Mumbai_Municipal Corporations","R/South - Ward No. 22",,,,6,3,5,10,4,400067,2,1,3,0,1,19,10,4,0,2,0,1,9,2,210,1,0,0,0,0,0,0
7834575,"MAHARASHTRA","MUMBAI II","MUMBAI_DYD_URC3 ( GHATKOPAR )",2,"Greater Mumbai_Municipal Corporations","M/East - Ward No. 146",,,,6,3,1,10,101,400094,2,2,3,0,2,19,0,0,0,1,0,1,2,2,204,1,22,31,12,21,0,1
2747880,"MAHARASHTRA","MUMBAI II","MUMBAI_DYD_URC3 ( GHATKOPAR )",2,"Greater Mumbai_Municipal Corporations","M/East - Ward No. 145",,,,6,3,5,10,5,400088,2,1,3,0,1,19,4,10,0,2,0,1,9,9,0,2,0,0,0,0,0,0
7670009,"MAHARASHTRA","MUMBAI II","MUMBAI_DYD_URC6 ( MALAD (W) )",2,"Greater Mumbai_Municipal Corporations","P/North - Ward No. 38",,,,6,3,5,10,5,400093,2,2,3,0,1,19,0,0,0,2,0,1,9,9,221,1,0,0,0,0,0,0
9752445,"MAHARASHTRA","MUMBAI II","MUMBAI_DYD_URC6 ( MALAD (W) )",2,"Greater Mumbai_Municipal Corporations","P/North - Ward No. 33",,,,6,3,5,10,5,400095,2,1,3,0,1,19,10,4,0,2,0,1,9,9,210,1,0,0,0,0,0,0
6361446,"MAHARASHTRA","MUMBAI II","MUMBAI_DYD_URC6 ( MALAD (W) )",2,"Greater Mumbai_Municipal Corporations","P/North - Ward No. 32",,,,6,3,5,10,5,400095,2,2,3,0,1,19,4,10,0,2,0,1,9,9,232,1,0,0,0,0,0,0
4929085,"MAHARASHTRA","MUMBAI II","MUMBAI_DYD_URC5 ( ANDHERI )",2,"Greater Mumbai_Municipal Corporations","H/East - Ward No. 96",,,,2,3,1,8,5,400098,2,2,3,0,2,19,0,0,0,0,0,1,2,9,210,1,7,7,6,20,0,0
1309262,"MAHARASHTRA","MUMBAI II","MUMBAI_DYD_URC4 ( MULUND )",2,"Greater Mumbai_Municipal Corporations","L - Ward No. 165",,,,3,3,5,12,5,400070,2,2,3,0,1,19,0,0,0,2,2,1,9,9,0,1,0,0,0,0,0,0
2071695,"MAHARASHTRA","MUMBAI II","MUMBAI_DYD_URC3 ( GHATKOPAR )",2,"Greater Mumbai_Municipal Corporations","M/East - Ward No. 144",,,,11,3,11,12,5,400088,2,1,3,0,2,19,0,0,0,0,2,1,9,9,230,2,0,0,0,0,0,0
3445113,"MAHARASHTRA","MUMBAI II","MUMBAI_DYD_URC5 ( ANDHERI )",2,"Greater Mumbai_Municipal Corporations","H/East - Ward No. 92",,,,1,3,1,5,5,400051,2,1,3,0,2,19,0,0,0,0,0,1,1,9,210,1,6,11,7,4,0,0
7545058,"MAHARASHTRA","MUMBAI II","MUMBAI_DYD_URC1 ( GRANT ROAD )",2,"Greater Mumbai_Municipal Corporations","D - Ward No. 214",,,,1,3,1,5,5,400004,2,2,3,0,1,19,0,0,0,0,0,1,1,9,0,1,0,0,1,0,0,0
1947905,"MAHARASHTRA","MUMBAI II","MUMBAI_DYD_URC5 ( ANDHERI )",2,"Greater Mumbai_Municipal Corporations","K/East - Ward No. 72",,,,11,3,11,12,1,400060,2,2,2,2,2,19,0,0,0,0,2,1,9,0,180,1,0,0,0,0,0,0
6297037,"MAHARASHTRA","MUMBAI II","MUMBAI_DYD_URC6 ( MALAD (W) )",2,"Greater Mumbai_Municipal Corporations","P/North - Ward No. 47",,,,6,3,1,10,5,400064,2,2,3,0,1,19,4,10,0,3,0,1,2,9,245,1,53,46,0,0,0,0
8137289,"MAHARASHTRA","MUMBAI II","MUMBAI_DYD_URC4 ( MULUND )",2,"Greater Mumbai_Municipal Corporations","S - Ward No. 114",,,,6,3,5,10,4,400078,2,2,3,0,2,10,0,0,0,2,0,1,9,2,230,1,0,0,0,0,0,0
5299697,"MAHARASHTRA","MUMBAI II","MUMBAI_DYD_URC6 ( MALAD (W) )",2,"Greater Mumbai_Municipal Corporations","P/South - Ward No. 50",,,,6,3,1,10,5,400064,2,2,3,0,1,19,0,0,0,3,0,1,2,9,199,2,37,39,0,4,0,0
5781185,"MAHARASHTRA","MUMBAI II","MUMBAI_DYD_URC5 ( ANDHERI )",2,"Greater Mumbai_Municipal Corporations","H/East - Ward No. 93",,,,6,3,5,10,4,400051,2,2,3,0,2,10,0,0,0,2,0,1,9,2,230,1,0,0,0,0,0,0
1083387,"MAHARASHTRA","MUMBAI II","MUMBAI_DYD_URC7 ( KANDIVALI (E) )",2,"Greater Mumbai_Municipal Corporations","R/Central - Ward No. 16",,,,6,3,1,10,5,400091,2,1,3,0,1,19,0,0,0,3,0,1,2,9,220,1,0,1,103,92,0,0
4841447,"MAHARASHTRA","MUMBAI II","MUMBAI_DYD_URC1 ( GRANT ROAD )",2,"Greater Mumbai_Municipal Corporations","C - Ward No. 222",,,,6,3,1,10,5,400002,2,2,3,0,1,19,0,0,0,1,0,1,1,9,0,1,17,2,8,5,0,0
6417929,"MAHARASHTRA","MUMBAI II","MUMBAI_DYD_URC4 ( MULUND )",2,"Greater Mumbai_Municipal Corporations","S - Ward No. 122",,,,6,3,5,10,5,400076,2,2,3,0,1,19,0,0,0,2,0,1,9,9,212,1,0,0,0,0,0,0
9350807,"MAHARASHTRA","MUMBAI II","MUMBAI_DYD_URC7 ( KANDIVALI (E) )",2,"Greater Mumbai_Municipal Corporations","R/South - Ward No. 30",,,,6,3,1,10,5,400067,2,2,3,0,1,19,0,0,0,3,0,1,1,9,189,1,19,16,3,9,0,0
6346018,"MAHARASHTRA","MUMBAI II","MUMBAI_DYD_URC5 ( ANDHERI )",2,"Greater Mumbai_Municipal Corporations","K/East - Ward No. 82",,,,6,3,5,10,5,400059,2,2,3,0,2,19,4,10,0,2,0,1,9,9,190,1,0,0,0,0,0,0
5639873,"MAHARASHTRA","MUMBAI II","MUMBAI_DYD_URC1 ( GRANT ROAD )",2,"Greater Mumbai_Municipal Corporations","G/North - Ward No. 185",,,,6,3,1,10,5,400028,2,2,3,0,2,19,0,0,0,1,0,1,2,9,0,1,34,24,1,1,0,0
7797655,"MAHARASHTRA","MUMBAI II","MUMBAI_DYD_URC6 ( MALAD (W) )",2,"Greater Mumbai_Municipal Corporations","P/North - Ward No. 45",,,,6,3,1,10,5,400097,2,2,3,0,1,19,0,0,0,3,0,1,2,9,0,1,21,11,13,3,0,0
2190094,"MAHARASHTRA","MUMBAI II","MUMBAI_DYD_URC3 ( GHATKOPAR )",2,"Greater Mumbai_Municipal Corporations","M/East - Ward No. 144",,,,6,3,5,10,5,400071,2,2,3,0,2,19,0,0,0,2,0,1,9,9,0,1,0,0,0,0,0,0
2453399,"MAHARASHTRA","MUMBAI II","MUMBAI_DYD_URC3 ( GHATKOPAR )",2,"Greater Mumbai_Municipal Corporations","M/East - Ward No. 146",,,,6,3,1,10,101,400094,2,2,3,0,2,19,0,0,0,1,0,1,2,2,212,2,0,0,0,1,0,0
5068210,"MAHARASHTRA","MUMBAI II","MUMBAI_DYD_URC7 ( KANDIVALI (E) )",2,"Greater Mumbai_Municipal Corporations","R/South - Ward No. 28",,,,6,3,5,10,4,400101,2,2,3,0,1,4,0,0,0,2,0,1,9,2,0,1,0,0,0,0,0,0
6649567,"MAHARASHTRA","MUMBAI II","MUMBAI_DYD_URC5 ( ANDHERI )",2,"Greater Mumbai_Municipal Corporations","K/East - Ward No. 84",,,,6,3,5,10,4,400069,2,2,3,0,2,10,0,0,0,2,0,1,9,2,0,1,0,0,0,0,0,0
5682490,"MAHARASHTRA","MUMBAI II","MUMBAI_DYD_URC7 ( KANDIVALI (E) )",2,"Greater Mumbai_Municipal Corporations","R/South - Ward No. 24",,,,6,3,1,10,5,400101,2,2,3,0,1,19,0,0,0,3,0,1,2,9,0,1,27,15,13,6,0,0
4994853,"MAHARASHTRA","MUMBAI II","MUMBAI_DYD_URC3 ( GHATKOPAR )",2,"Greater Mumbai_Municipal Corporations","L - Ward No. 171",,,,6,3,5,10,4,400086,2,2,3,0,1,19,0,0,0,2,0,1,9,2,192,1,0,0,0,0,0,0
4883444,"MAHARASHTRA","MUMBAI II","MUMBAI_DYD_URC3 ( GHATKOPAR )",2,"Greater Mumbai_Municipal Corporations","M/East - Ward No. 146",,,,6,3,1,10,101,400094,2,2,3,0,2,19,0,0,0,1,0,1,2,2,0,2,31,35,6,4,0,0
3011318,"MAHARASHTRA","MUMBAI II","MUMBAI_DYD_URC7 ( KANDIVALI (E) )",2,"Greater Mumbai_Municipal Corporations","R/North - Ward No. 8",,,,6,3,5,10,5,400068,2,2,3,0,2,19,0,0,0,1,0,1,9,9,0,1,0,0,0,0,0,0
9631471,"MAHARASHTRA","MUMBAI II","MUMBAI_DYD_URC5 ( ANDHERI )",2,"Greater Mumbai_Municipal Corporations","H/West - Ward No. 97",,,,7,3,8,10,4,400054,2,2,3,0,2,10,0,0,0,2,0,1,9,0,0,1,0,0,0,0,0,0
9093877,"MAHARASHTRA","MUMBAI II","MUMBAI_DYD_URC4 ( MULUND )",2,"Greater Mumbai_Municipal Corporations","L - Ward No. 159",,,,6,3,5,10,5,400072,2,2,3,0,1,19,0,0,0,2,0,1,9,9,231,1,0,0,0,0,0,0
7640056,"MAHARASHTRA","MUMBAI II","MUMBAI_DYD_URC6 ( MALAD (W) )",2,"Greater Mumbai_Municipal Corporations","P/South - Ward No. 50",,,,6,3,5,10,5,400064,2,1,3,0,1,19,0,0,0,2,0,1,9,9,0,1,0,0,0,0,0,0
9192259,"MAHARASHTRA","MUMBAI II","MUMBAI_DYD_URC5 ( ANDHERI )",2,"Greater Mumbai_Municipal Corporations","K/East - Ward No. 75",,,,6,3,1,10,5,400059,2,2,3,0,1,19,0,0,0,3,0,1,1,9,0,1,39,31,0,0,0,0
5674658,"MAHARASHTRA","MUMBAI II","MUMBAI_DYD_URC6 ( MALAD (W) )",2,"Greater Mumbai_Municipal Corporations","P/North - Ward No. 36",,,,6,3,1,10,5,400097,2,1,3,0,1,19,0,0,0,3,0,1,2,9,0,1,113,84,2,8,0,0
6688398,"MAHARASHTRA","MUMBAI II","MUMBAI_DYD_URC3 ( GHATKOPAR )",2,"Greater Mumbai_Municipal Corporations","M/West - Ward No. 151",,,,7,3,8,10,4,400071,2,2,3,0,2,4,0,0,0,2,0,1,9,0,0,1,0,0,0,0,0,0
1964482,"MAHARASHTRA","MUMBAI II","MUMBAI_DYD_URC2 ( SION )",2,"Greater Mumbai_Municipal Corporations","F/North - Ward No. 173",,,,6,3,5,10,5,400022,2,2,3,0,2,19,0,0,0,2,0,1,9,9,0,1,0,0,0,0,0,0
1629552,"MAHARASHTRA","MUMBAI II","MUMBAI_DYD_URC3 ( GHATKOPAR )",2,"Greater Mumbai_Municipal Corporations","M/West - Ward No. 152",,,,6,3,5,10,5,400071,2,2,3,0,2,19,0,0,0,2,0,1,9,9,230,1,0,0,0,0,0,0
2435889,"MAHARASHTRA","MUMBAI II","MUMBAI_DYD_URC5 ( ANDHERI )",2,"Greater Mumbai_Municipal Corporations","H/West - Ward No. 101",,,,6,1,5,10,4,400050,2,2,3,0,1,19,0,0,0,2,0,1,9,2,220,1,0,0,0,0,0,0
1291187,"MAHARASHTRA","MUMBAI II","MUMBAI_DYD_URC2 ( SION )",2,"Greater Mumbai_Municipal Corporations","F/North - Ward No. 177",,,,6,3,1,10,5,400019,2,2,3,0,1,19,0,0,0,2,0,1,2,9,194,1,0,0,0,0,0,0
6007217,"MAHARASHTRA","MUMBAI II","MUMBAI_DYD_URC3 ( GHATKOPAR )",2,"Greater Mumbai_Municipal Corporations","N - Ward No. 132",,,,6,3,5,10,4,400077,2,2,3,0,1,3,0,0,0,2,0,1,9,2,230,1,0,0,0,0,0,0
8169470,"MAHARASHTRA","MUMBAI II","MUMBAI_DYD_URC7 ( KANDIVALI (E) )",2,"Greater Mumbai_Municipal Corporations","R/South - Ward No. 20",,,,6,3,5,10,4,400067,2,2,3,0,2,10,0,0,0,2,0,1,9,2,235,1,0,0,0,0,0,0
4207198,"MAHARASHTRA","MUMBAI II","MUMBAI_DYD_URC6 ( MALAD (W) )",2,"Greater Mumbai_Municipal Corporations","P/North - Ward No. 35",,,,6,3,5,10,5,400064,2,2,3,0,2,19,0,0,0,2,0,1,9,9,0,1,0,0,0,0,0,0
8573745,"MAHARASHTRA","MUMBAI II","MUMBAI_DYD_URC6 ( MALAD (W) )",2,"Greater Mumbai_Municipal Corporations","P/North - Ward No. 41",,,,7,3,8,10,5,400065,2,1,3,0,1,18,4,19,10,2,0,1,9,0,0,1,0,0,0,0,0,0
2944778,"MAHARASHTRA","MUMBAI II","MUMBAI_DYD_URC5 ( ANDHERI )",2,"Greater Mumbai_Municipal Corporations","K/East - Ward No. 72",,,,6,3,5,10,5,400069,2,2,1,3,2,19,0,0,0,2,0,1,9,9,220,1,0,0,0,0,0,0
4819797,"MAHARASHTRA","MUMBAI II","MUMBAI_DYD_URC1 ( GRANT ROAD )",2,"Greater Mumbai_Municipal Corporations","C - Ward No. 222",,,,6,1,5,10,4,400001,2,2,3,0,1,19,0,0,0,2,0,1,9,2,0,1,0,0,0,0,0,0
2813322,"MAHARASHTRA","MUMBAI II","MUMBAI_DYD_URC1 ( GRANT ROAD )",2,"Greater Mumbai_Municipal Corporations","D - Ward No. 215",,,,6,3,5,10,4,400034,2,2,3,0,2,3,0,0,0,2,0,1,9,2,210,1,0,0,0,0,0,0
3440865,"MAHARASHTRA","MUMBAI II","MUMBAI_DYD_URC5 ( ANDHERI )",2,"Greater Mumbai_Municipal Corporations","K/East - Ward No. 75",,,,6,3,5,10,4,400059,2,2,3,0,2,19,0,0,0,2,0,1,9,2,210,1,0,0,0,0,0,0
4916070,"MAHARASHTRA","MUMBAI II","MUMBAI_DYD_URC2 ( SION )",2,"Greater Mumbai_Municipal Corporations","G/North - Ward No. 186",,,,6,3,5,10,4,400017,2,1,3,0,2,10,0,0,0,2,0,1,9,2,0,1,0,0,0,0,0,0
5918470,"MAHARASHTRA","MUMBAI II","MUMBAI_DYD_URC2 ( SION )",2,"Greater Mumbai_Municipal Corporations","F/North - Ward No. 172",,,,6,3,5,10,4,400022,2,1,3,0,2,10,19,0,0,2,0,1,9,2,231,1,0,0,0,0,0,0
1694508,"MAHARASHTRA","MUMBAI II","MUMBAI_DYD_URC4 ( MULUND )",2,"Greater Mumbai_Municipal Corporations","S - Ward No. 119",,,,6,3,5,10,5,400083,2,1,3,0,2,19,10,4,0,2,0,1,9,9,0,1,0,0,0,0,0,0
2804283,"MAHARASHTRA","MUMBAI II","MUMBAI_DYD_URC6 ( MALAD (W) )",2,"Greater Mumbai_Municipal Corporations","K/West - Ward No. 66",,,,6,3,5,10,5,400058,2,2,3,0,1,19,10,4,0,2,0,1,9,9,230,1,0,0,0,0,0,0
5084457,"MAHARASHTRA","MUMBAI II","MUMBAI_DYD_URC6 ( MALAD (W) )",2,"Greater Mumbai_Municipal Corporations","P/South - Ward No. 56",,,,6,3,5,10,5,400104,2,1,3,0,2,19,10,4,0,2,0,1,9,9,0,1,0,0,0,0,0,0
2735991,"MAHARASHTRA","MUMBAI II","MUMBAI_DYD_URC1 ( GRANT ROAD )",2,"Greater Mumbai_Municipal Corporations","C - Ward No. 222",,,,8,3,9,10,4,400002,2,2,3,0,2,10,0,0,0,2,0,1,9,0,0,1,0,0,0,0,0,0
5301017,"MAHARASHTRA","MUMBAI II","MUMBAI_DYD_URC1 ( GRANT ROAD )",2,"Greater Mumbai_Municipal Corporations","E - Ward No. 211",,,,6,3,5,10,5,400008,2,2,3,0,1,19,0,0,0,2,0,1,9,9,210,1,0,0,0,0,0,0
2485194,"MAHARASHTRA","MUMBAI II","MUMBAI_DYD_URC6 ( MALAD (W) )",2,"Greater Mumbai_Municipal Corporations","K/West - Ward No. 59",,,,6,3,5,10,4,400061,2,2,3,0,1,18,0,0,0,2,0,1,9,2,0,1,0,0,0,0,0,0
4481232,"MAHARASHTRA","MUMBAI II","MUMBAI_DYD_URC6 ( MALAD (W) )",2,"Greater Mumbai_Municipal Corporations","P/South - Ward No. 56",,,,6,3,5,10,5,400102,2,2,3,0,1,19,10,4,0,2,0,1,9,9,0,1,0,0,0,0,0,0
1232739,"MAHARASHTRA","MUMBAI II","MUMBAI_DYD_URC5 ( ANDHERI )",2,"Greater Mumbai_Municipal Corporations","K/East - Ward No. 72",,,,6,3,5,10,4,400059,2,1,3,0,2,10,0,0,0,2,0,1,9,2,230,1,0,0,0,0,0,0
6691996,"MAHARASHTRA","MUMBAI II","MUMBAI_DYD_URC7 ( KANDIVALI (E) )",2,"Greater Mumbai_Municipal Corporations","R/North - Ward No. 4",,,,6,3,5,10,5,400068,2,2,3,0,1,19,0,0,0,2,0,1,9,9,220,2,0,0,0,0,0,0
4847799,"MAHARASHTRA","MUMBAI II","MUMBAI_DYD_URC4 ( MULUND )",2,"Greater Mumbai_Municipal Corporations","T - Ward No. 107",,,,7,3,8,10,4,400080,2,1,3,0,2,10,0,0,0,2,0,1,9,0,235,1,0,0,0,0,0,0
5446274,"MAHARASHTRA","MUMBAI II","MUMBAI_DYD_URC1 ( GRANT ROAD )",2,"Greater Mumbai_Municipal Corporations","D - Ward No. 216",,,,6,3,5,10,5,400007,2,1,1,3,2,19,0,0,0,2,0,1,9,9,230,1,0,0,0,0,0,0
7530233,"MAHARASHTRA","MUMBAI II","MUMBAI_DYD_URC4 ( MULUND )",2,"Greater Mumbai_Municipal Corporations","L - Ward No. 164",,,,7,3,8,10,5,400070,2,2,3,0,1,19,10,4,0,2,0,1,9,9,222,1,0,0,0,0,0,0
8631314,"MAHARASHTRA","MUMBAI II","MUMBAI_DYD_URC6 ( MALAD (W) )",2,"Greater Mumbai_Municipal Corporations","P/South - Ward No. 50",,,,6,3,5,10,5,400064,2,1,3,0,2,19,0,0,0,2,0,1,9,9,220,2,0,0,0,0,0,0
4393812,"MAHARASHTRA","MUMBAI II","MUMBAI_DYD_URC6 ( MALAD (W) )",2,"Greater Mumbai_Municipal Corporations","P/North - Ward No. 33",,,,6,3,5,10,5,400095,2,2,3,0,2,19,0,0,0,2,0,1,9,9,0,1,0,0,0,0,0,0
2050971,"MAHARASHTRA","MUMBAI II","MUMBAI_DYD_URC2 ( SION )",2,"Greater Mumbai_Municipal Corporations","E - Ward No. 209",,,,6,3,1,10,5,400008,2,2,3,0,1,19,0,0,0,2,0,1,2,9,0,1,6,11,4,1,0,0
4216673,"MAHARASHTRA","MUMBAI II","MUMBAI_DYD_URC1 ( GRANT ROAD )",2,"Greater Mumbai_Municipal Corporations","D - Ward No. 218",,,,6,3,5,10,5,400004,2,2,3,0,1,19,0,0,0,2,0,1,9,9,0,1,0,0,0,0,0,0
4442343,"MAHARASHTRA","MUMBAI II","MUMBAI_DYD_URC6 ( MALAD (W) )",2,"Greater Mumbai_Municipal Corporations","P/North - Ward No. 38",,,,6,3,5,10,4,400097,2,1,3,0,1,4,0,0,0,2,0,1,9,2,218,1,0,0,0,0,0,0
9914907,"MAHARASHTRA","MUMBAI II","MUMBAI_DYD_URC6 ( MALAD (W) )",2,"Greater Mumbai_Municipal Corporations","K/West - Ward No. 62",,,,6,3,5,10,5,400102,2,1,3,0,1,19,10,4,0,2,0,1,9,9,230,1,0,0,0,0,0,0
5325726,"MAHARASHTRA","MUMBAI II","MUMBAI_DYD_URC2 ( SION )",2,"Greater Mumbai_Municipal Corporations","G/North - Ward No. 184",,,,7,3,8,10,5,400017,2,2,3,0,1,16,0,0,0,2,0,1,9,9,220,1,0,0,0,0,0,0
3027324,"MAHARASHTRA","MUMBAI II","MUMBAI_DYD_URC7 ( KANDIVALI (E) )",2,"Greater Mumbai_Municipal Corporations","P/North - Ward No. 39",,,,6,3,5,10,4,400101,2,2,3,0,2,10,4,19,0,2,0,1,9,2,222,1,0,0,0,0,0,0
6942909,"MAHARASHTRA","MUMBAI II","MUMBAI_DYD_URC6 ( MALAD (W) )",2,"Greater Mumbai_Municipal Corporations","P/North - Ward No. 38",,,,6,3,5,10,4,400097,2,2,3,0,2,4,0,0,0,2,0,1,9,2,220,2,0,0,0,0,0,0
9216638,"MAHARASHTRA","MUMBAI II","MUMBAI_DYD_URC7 ( KANDIVALI (E) )",2,"Greater Mumbai_Municipal Corporations","R/South - Ward No. 26",,,,6,3,5,10,5,400101,2,2,3,0,2,19,0,0,0,2,0,1,9,9,221,1,0,0,0,0,0,0
7743663,"MAHARASHTRA","MUMBAI II","MUMBAI_DYD_URC4 ( MULUND )",2,"Greater Mumbai_Municipal Corporations","L - Ward No. 159",,,,8,3,9,10,5,400072,2,2,3,0,2,19,0,0,0,2,0,1,9,9,207,1,0,0,0,0,0,0
7202385,"MAHARASHTRA","MUMBAI II","MUMBAI_DYD_URC7 ( KANDIVALI (E) )",2,"Greater Mumbai_Municipal Corporations","R/South - Ward No. 19",,,,6,3,5,10,5,400067,2,1,3,0,2,19,0,0,0,2,0,1,9,9,0,1,0,0,0,0,0,0
5051153,"MAHARASHTRA","MUMBAI II","MUMBAI_DYD_URC2 ( SION )",2,"Greater Mumbai_Municipal Corporations","F/South - Ward No. 204",,,,6,3,5,10,5,400033,2,2,3,0,2,19,0,0,0,2,0,1,9,9,0,1,0,0,0,0,0,0
9036515,"MAHARASHTRA","MUMBAI II","MUMBAI_DYD_URC4 ( MULUND )",2,"Greater Mumbai_Municipal Corporations","L - Ward No. 165",,,,6,3,1,10,5,400070,2,1,3,0,2,19,0,0,0,3,0,1,2,9,0,1,53,24,1,0,0,0
7799462,"MAHARASHTRA","MUMBAI II","MUMBAI_DYD_URC6 ( MALAD (W) )",2,"Greater Mumbai_Municipal Corporations","P/South - Ward No. 54",,,,6,3,1,10,5,400102,2,2,3,0,1,19,4,10,0,3,0,1,1,9,0,2,27,23,12,9,0,0
3570897,"MAHARASHTRA","MUMBAI II","MUMBAI_DYD_URC3 ( GHATKOPAR )",2,"Greater Mumbai_Municipal Corporations","M/East - Ward No. 138",,,,6,3,5,10,4,400043,2,1,3,0,2,4,10,19,0,2,0,1,9,2,0,1,0,0,0,0,0,0
8903927,"MAHARASHTRA","MUMBAI II","MUMBAI_DYD_URC4 ( MULUND )",2,"Greater Mumbai_Municipal Corporations","L - Ward No. 157",,,,6,3,5,10,4,400072,2,2,3,0,2,10,0,0,0,2,0,1,9,2,0,1,0,0,0,0,0,0
9673690,"MAHARASHTRA","MUMBAI II","MUMBAI_DYD_URC6 ( MALAD (W) )",2,"Greater Mumbai_Municipal Corporations","K/West - Ward No. 66",,,,6,3,5,10,5,400056,2,2,3,0,1,19,0,0,0,2,0,1,9,9,188,1,0,0,0,0,0,0
9818593,"MAHARASHTRA","MUMBAI II","MUMBAI_DYD_URC7 ( KANDIVALI (E) )",2,"Greater Mumbai_Municipal Corporations","R/North - Ward No. 3",,,,6,3,1,10,5,400068,2,2,3,0,1,19,0,0,0,3,0,1,2,9,0,1,83,75,29,18,0,0
2557110,"MAHARASHTRA","MUMBAI II","MUMBAI_DYD_URC1 ( GRANT ROAD )",2,"Greater Mumbai_Municipal Corporations","B - Ward No. 224",,,,8,3,9,10,5,400003,2,2,3,0,1,19,0,0,0,2,0,1,9,9,0,1,0,0,0,0,0,0
1763522,"MAHARASHTRA","MUMBAI II","MUMBAI_DYD_URC4 ( MULUND )",2,"Greater Mumbai_Municipal Corporations","S - Ward No. 121",,,,7,3,8,10,5,400087,2,2,3,0,2,19,4,10,0,2,0,1,9,9,0,1,0,0,0,0,0,0
8270988,"MAHARASHTRA","MUMBAI II","MUMBAI_DYD_URC4 ( MULUND )",2,"Greater Mumbai_Municipal Corporations","L - Ward No. 159",,,,6,3,5,10,5,400072,2,1,3,0,1,19,0,0,0,2,0,1,9,9,200,1,0,0,0,0,0,0
6481002,"MAHARASHTRA","MUMBAI II","MUMBAI_DYD_URC4 ( MULUND )",2,"Greater Mumbai_Municipal Corporations","L - Ward No. 161",,,,6,3,5,10,4,400072,2,2,3,0,1,18,0,0,0,2,0,1,9,2,222,2,0,0,0,0,0,0
1565655,"MAHARASHTRA","MUMBAI II","MUMBAI_DYD_URC5 ( ANDHERI )",2,"Greater Mumbai_Municipal Corporations","H/West - Ward No. 97",,,,6,3,5,10,5,400054,2,2,3,0,1,19,0,0,0,2,0,1,9,9,0,1,0,0,0,0,0,0
2785385,"MAHARASHTRA","MUMBAI II","MUMBAI_DYD_URC4 ( MULUND )",2,"Greater Mumbai_Municipal Corporations","S - Ward No. 117",,,,7,3,8,10,4,400042,2,2,3,0,2,10,0,0,0,2,0,1,9,0,0,1,0,0,0,0,0,0
1323977,"MAHARASHTRA","MUMBAI II","MUMBAI_DYD_URC2 ( SION )",2,"Greater Mumbai_Municipal Corporations","E - Ward No. 210",,,,6,2,5,10,4,400027,2,2,3,0,1,19,4,10,0,2,0,1,9,2,220,1,0,0,0,0,0,0
9071964,"MAHARASHTRA","MUMBAI II","MUMBAI_DYD_URC7 ( KANDIVALI (E) )",2,"Greater Mumbai_Municipal Corporations","R/Central - Ward No. 14",,,,6,3,5,10,4,400066,2,1,3,0,1,3,19,0,0,2,0,1,9,2,0,1,0,0,0,0,0,0
2159544,"MAHARASHTRA","MUMBAI II","MUMBAI_DYD_URC5 ( ANDHERI )",2,"Greater Mumbai_Municipal Corporations","H/West - Ward No. 98",,,,6,1,5,10,4,400054,2,2,3,0,1,19,0,0,0,2,0,1,9,2,230,1,0,0,0,0,0,0
9606036,"MAHARASHTRA","MUMBAI II","MUMBAI_DYD_URC5 ( ANDHERI )",2,"Greater Mumbai_Municipal Corporations","H/West - Ward No. 101",,,,6,3,1,10,5,400050,2,2,3,0,1,19,0,0,0,3,0,1,1,9,0,1,64,47,0,0,0,0
6378199,"MAHARASHTRA","MUMBAI II","MUMBAI_DYD_URC1 ( GRANT ROAD )",2,"Greater Mumbai_Municipal Corporations","D - Ward No. 214",,,,6,3,1,10,5,400026,2,2,3,0,1,19,0,0,0,3,0,1,2,9,188,1,1,0,37,14,0,0
8076784,"MAHARASHTRA","MUMBAI II","MUMBAI_DYD_URC5 ( ANDHERI )",2,"Greater Mumbai_Municipal Corporations","K/East - Ward No. 85",,,,7,3,8,10,4,400057,2,2,3,0,2,10,4,19,0,2,0,1,9,0,10,1,0,0,0,0,0,0
9014984,"MAHARASHTRA","MUMBAI II","MUMBAI_DYD_URC1 ( GRANT ROAD )",2,"Greater Mumbai_Municipal Corporations","G/South - Ward No. 199",,,,6,3,5,10,5,400013,2,2,2,3,2,19,0,0,0,2,0,1,9,9,0,1,0,0,0,0,0,0
8765406,"MAHARASHTRA","MUMBAI II","MUMBAI_DYD_URC5 ( ANDHERI )",2,"Greater Mumbai_Municipal Corporations","K/East - Ward No. 74",,,,6,3,5,10,4,400060,2,1,3,0,2,10,0,0,0,2,0,1,9,2,229,1,0,0,0,0,0,0
1044270,"MAHARASHTRA","MUMBAI II","MUMBAI_DYD_URC4 ( MULUND )",2,"Greater Mumbai_Municipal Corporations","T - Ward No. 106",,,,6,3,1,10,5,400081,2,2,3,0,2,19,0,0,0,1,0,1,1,9,240,1,44,31,0,3,0,0
6222106,"MAHARASHTRA","MUMBAI II","MUMBAI_DYD_URC4 ( MULUND )",2,"Greater Mumbai_Municipal Corporations","L - Ward No. 156",,,,7,3,8,10,5,400072,2,1,3,0,2,19,0,0,0,2,0,1,9,9,0,1,0,0,0,0,0,0
1743140,"MAHARASHTRA","MUMBAI II","MUMBAI_DYD_URC5 ( ANDHERI )",2,"Greater Mumbai_Municipal Corporations","H/East - Ward No. 87",,,,6,3,5,10,5,400055,2,2,3,0,1,19,10,4,0,2,0,1,9,9,0,1,0,0,0,0,0,0
4814414,"MAHARASHTRA","MUMBAI II","MUMBAI_DYD_URC1 ( GRANT ROAD )",2,"Greater Mumbai_Municipal Corporations","C - Ward No. 222",,,,6,3,5,10,4,400001,2,2,3,0,1,19,0,0,0,2,0,1,9,2,0,1,0,0,0,0,0,0
5894566,"MAHARASHTRA","MUMBAI II","MUMBAI_DYD_URC6 ( MALAD (W) )",2,"Greater Mumbai_Municipal Corporations","K/West - Ward No. 61",,,,6,3,1,10,5,400058,2,1,3,0,2,19,0,0,0,4,0,1,2,9,0,1,0,0,0,0,0,0
1030658,"MAHARASHTRA","MUMBAI II","MUMBAI_DYD_URC2 ( SION )",2,"Greater Mumbai_Municipal Corporations","G/North - Ward No. 186",,,,8,3,9,10,4,400017,2,1,3,0,1,5,0,0,0,2,0,1,9,0,230,2,0,0,0,0,0,0
4077826,"MAHARASHTRA","MUMBAI II","MUMBAI_DYD_URC6 ( MALAD (W) )",2,"Greater Mumbai_Municipal Corporations","P/South - Ward No. 57",,,,6,3,5,10,5,400102,2,1,3,0,1,19,0,0,0,2,0,1,9,9,0,1,0,0,0,0,0,0
2977056,"MAHARASHTRA","MUMBAI II","MUMBAI_DYD_URC4 ( MULUND )",2,"Greater Mumbai_Municipal Corporations","T - Ward No. 108",,,,6,3,5,10,4,400080,2,2,3,0,2,10,0,0,0,2,0,1,9,2,236,1,0,0,0,0,0,0
3923226,"MAHARASHTRA","MUMBAI II","MUMBAI_DYD_URC2 ( SION )",2,"Greater Mumbai_Municipal Corporations","G/North - Ward No. 184",,,,6,3,5,10,5,400017,2,2,3,0,1,19,0,0,0,2,0,1,9,9,5,1,0,0,0,0,0,0
8243244,"MAHARASHTRA","MUMBAI II","MUMBAI_DYD_URC4 ( MULUND )",2,"Greater Mumbai_Municipal Corporations","T - Ward No. 105",,,,6,3,5,10,5,400080,2,1,3,0,1,19,0,0,0,2,0,1,9,9,228,1,0,0,0,0,0,0
6645380,"MAHARASHTRA","MUMBAI II","MUMBAI_DYD_URC2 ( SION )",2,"Greater Mumbai_Municipal Corporations","E - Ward No. 210",,,,6,3,1,10,5,400010,2,2,3,0,1,19,0,0,0,3,0,1,1,9,205,1,44,30,12,4,0,0
8803069,"MAHARASHTRA","MUMBAI II","MUMBAI_DYD_URC6 ( MALAD (W) )",2,"Greater Mumbai_Municipal Corporations","P/South - Ward No. 50",,,,6,3,1,10,5,400064,2,2,3,0,1,19,0,0,0,1,0,1,1,9,0,1,0,0,89,83,0,0
8246408,"MAHARASHTRA","MUMBAI II","MUMBAI_DYD_URC4 ( MULUND )",2,"Greater Mumbai_Municipal Corporations","S - Ward No. 118",,,,6,3,5,10,4,400083,2,2,3,0,2,10,19,0,0,2,0,1,9,2,236,1,0,0,0,0,0,0
6807115,"MAHARASHTRA","MUMBAI II","MUMBAI_DYD_URC7 ( KANDIVALI (E) )",2,"Greater Mumbai_Municipal Corporations","R/North - Ward No. 4",,,,6,3,5,10,5,400068,2,2,3,0,2,19,10,4,3,2,0,1,9,9,0,1,0,0,0,0,0,0
7785384,"MAHARASHTRA","MUMBAI II","MUMBAI_DYD_URC5 ( ANDHERI )",2,"Greater Mumbai_Municipal Corporations","K/East - Ward No. 72",,,,6,3,5,10,5,400069,2,1,3,0,1,19,10,4,3,2,0,1,9,9,0,1,0,0,0,0,0,0
6612978,"MAHARASHTRA","MUMBAI II","MUMBAI_DYD_URC4 ( MULUND )",2,"Greater Mumbai_Municipal Corporations","L - Ward No. 168",,,,6,3,5,10,4,400070,2,2,3,0,1,3,0,0,0,2,0,1,9,2,230,1,0,0,0,0,0,0
6837066,"MAHARASHTRA","MUMBAI II","MUMBAI_DYD_URC5 ( ANDHERI )",2,"Greater Mumbai_Municipal Corporations","H/West - Ward No. 98",,,,6,3,5,10,4,400052,2,2,3,0,1,19,0,0,0,2,0,1,9,2,205,1,0,0,0,0,0,0
8278351,"MAHARASHTRA","MUMBAI II","MUMBAI_DYD_URC4 ( MULUND )",2,"Greater Mumbai_Municipal Corporations","L - Ward No. 168",,,,6,3,5,10,4,400070,2,1,3,0,1,18,0,0,0,2,0,1,9,2,234,1,0,0,0,0,0,0
6414386,"MAHARASHTRA","MUMBAI II","MUMBAI_DYD_URC1 ( GRANT ROAD )",2,"Greater Mumbai_Municipal Corporations","G/South - Ward No. 193",,,,7,3,8,10,4,400030,2,2,3,0,2,10,0,0,0,2,0,1,9,0,234,1,0,0,0,0,0,0
6007645,"MAHARASHTRA","MUMBAI II","MUMBAI_DYD_URC3 ( GHATKOPAR )",2,"Greater Mumbai_Municipal Corporations","M/East - Ward No. 137",,,,6,3,5,10,4,400043,2,1,3,0,1,18,0,0,0,2,0,1,9,2,0,1,0,0,0,0,0,0
6958268,"MAHARASHTRA","MUMBAI II","MUMBAI_DYD_URC6 ( MALAD (W) )",2,"Greater Mumbai_Municipal Corporations","P/North - Ward No. 41",,,,6,3,5,10,4,400097,2,2,3,0,2,10,0,0,0,2,0,1,9,2,0,1,0,0,0,0,0,0
4577277,"MAHARASHTRA","MUMBAI II","MUMBAI_DYD_URC5 ( ANDHERI )",2,"Greater Mumbai_Municipal Corporations","K/East - Ward No. 84",,,,6,3,1,10,5,400057,2,2,3,0,2,19,0,0,0,3,0,1,2,9,195,1,3,1,39,36,0,0
4471456,"MAHARASHTRA","MUMBAI II","MUMBAI_DYD_URC5 ( ANDHERI )",2,"Greater Mumbai_Municipal Corporations","H/West - Ward No. 102",,,,7,3,8,10,4,400050,2,2,3,0,1,19,10,4,0,2,0,1,9,0,0,2,0,0,0,0,0,0
2008419,"MAHARASHTRA","MUMBAI II","MUMBAI_DYD_URC1 ( GRANT ROAD )",2,"Greater Mumbai_Municipal Corporations","A - Ward No. 225",,,,6,3,5,10,4,400001,2,2,3,0,1,19,0,0,0,2,0,1,9,2,201,1,0,0,0,0,0,0
5805304,"MAHARASHTRA","MUMBAI II","MUMBAI_DYD_URC3 ( GHATKOPAR )",2,"Greater Mumbai_Municipal Corporations","M/East - Ward No. 139",,,,6,3,5,10,4,400089,2,2,3,0,1,10,0,0,0,2,0,1,9,2,230,1,0,0,0,0,0,0
1841878,"MAHARASHTRA","MUMBAI II","MUMBAI_DYD_URC4 ( MULUND )",2,"Greater Mumbai_Municipal Corporations","S - Ward No. 114",,,,6,3,5,10,4,400078,2,2,3,0,2,10,4,19,0,2,0,1,9,2,232,1,0,0,0,0,0,0
8800694,"MAHARASHTRA","MUMBAI II","MUMBAI_DYD_URC4 ( MULUND )",2,"Greater Mumbai_Municipal Corporations","L - Ward No. 167",,,,6,3,5,10,4,400070,2,2,3,0,2,10,0,0,0,2,0,1,9,2,236,1,0,0,0,0,0,0
7273163,"MAHARASHTRA","MUMBAI II","MUMBAI_DYD_URC3 ( GHATKOPAR )",2,"Greater Mumbai_Municipal Corporations","L - Ward No. 160",,,,6,3,5,10,5,400084,2,2,3,0,2,19,10,4,0,2,0,1,9,9,220,1,0,0,0,0,0,0
4996170,"MAHARASHTRA","MUMBAI II","MUMBAI_DYD_URC7 ( KANDIVALI (E) )",2,"Greater Mumbai_Municipal Corporations","R/North - Ward No. 8",,,,6,3,1,10,5,400103,2,2,3,0,1,19,10,4,0,3,0,1,2,9,0,1,18,13,0,0,0,0
4059822,"MAHARASHTRA","MUMBAI II","MUMBAI_DYD_URC2 ( SION )",2,"Greater Mumbai_Municipal Corporations","F/North - Ward No. 174",,,,7,3,8,10,5,400037,2,2,3,0,1,18,0,0,0,2,0,1,9,9,0,2,0,0,0,0,0,0
2030957,"MAHARASHTRA","MUMBAI II","MUMBAI_DYD_URC2 ( SION )",2,"Greater Mumbai_Municipal Corporations","F/North - Ward No. 177",,,,6,3,5,10,5,400019,2,2,3,0,1,19,0,0,0,2,0,1,9,9,210,1,0,0,0,0,0,0
2452094,"MAHARASHTRA","MUMBAI II","MUMBAI_DYD_URC1 ( GRANT ROAD )",2,"Greater Mumbai_Municipal Corporations","G/North - Ward No. 191",,,,6,3,5,10,5,400028,2,2,3,0,2,19,0,0,0,2,0,1,9,9,220,1,0,0,0,0,0,0
6590560,"MAHARASHTRA","MUMBAI II","MUMBAI_DYD_URC3 ( GHATKOPAR )",2,"Greater Mumbai_Municipal Corporations","N - Ward No. 131",,,,6,3,5,10,5,400075,2,2,3,0,1,19,0,0,0,2,0,1,9,9,230,1,0,0,0,0,0,0
3891269,"MAHARASHTRA","MUMBAI II","MUMBAI_DYD_URC4 ( MULUND )",2,"Greater Mumbai_Municipal Corporations","L - Ward No. 156",,,,6,3,5,10,5,400072,2,1,3,0,1,19,0,0,0,2,0,1,9,9,230,1,0,0,0,0,0,0
3704630,"MAHARASHTRA","MUMBAI II","MUMBAI_DYD_URC2 ( SION )",2,"Greater Mumbai_Municipal Corporations","F/South - Ward No. 204",,,,6,3,5,10,5,400012,2,2,3,0,1,19,0,0,0,2,0,1,9,9,230,1,0,0,0,0,0,0
5021938,"MAHARASHTRA","MUMBAI II","MUMBAI_DYD_URC3 ( GHATKOPAR )",2,"Greater Mumbai_Municipal Corporations","N - Ward No. 131",,,,7,3,6,10,5,400075,2,2,3,0,2,19,4,10,0,2,0,1,9,9,220,1,0,0,0,0,0,0
8106002,"MAHARASHTRA","MUMBAI II","MUMBAI_DYD_URC5 ( ANDHERI )",2,"Greater Mumbai_Municipal Corporations","K/East - Ward No. 81",,,,6,3,5,10,5,400099,2,1,3,0,1,19,10,4,0,2,0,1,9,9,192,1,0,0,0,0,0,0
1900004,"MAHARASHTRA","MUMBAI II","MUMBAI_DYD_URC2 ( SION )",2,"Greater Mumbai_Municipal Corporations","E - Ward No. 210",,,,6,3,1,10,5,400010,2,1,3,0,1,19,4,0,0,3,0,1,1,9,0,1,296,136,25,10,0,0
3044292,"MAHARASHTRA","MUMBAI II","MUMBAI_DYD_URC6 ( MALAD (W) )",2,"Greater Mumbai_Municipal Corporations","P/South - Ward No. 58",,,,8,3,9,10,5,400102,2,2,3,0,2,19,10,4,0,2,0,1,9,9,0,2,0,0,0,0,0,0
9460378,"MAHARASHTRA","MUMBAI II","MUMBAI_DYD_URC2 ( SION )",2,"Greater Mumbai_Municipal Corporations","F/North - Ward No. 172",,,,6,3,5,10,5,400022,2,1,3,0,2,19,0,0,0,2,0,1,9,9,188,1,0,0,0,0,0,0
9270229,"MAHARASHTRA","MUMBAI II","MUMBAI_DYD_URC3 ( GHATKOPAR )",2,"Greater Mumbai_Municipal Corporations","N - Ward No. 130",,,,6,3,5,10,5,400043,2,1,1,3,2,19,0,0,0,2,0,1,9,9,0,1,0,0,0,0,0,0
3169658,"MAHARASHTRA","MUMBAI II","MUMBAI_DYD_URC7 ( KANDIVALI (E) )",2,"Greater Mumbai_Municipal Corporations","R/South - Ward No. 20",,,,6,3,5,10,5,400067,2,1,3,0,2,19,10,4,18,2,0,1,9,9,0,1,0,0,0,0,0,0
4067633,"MAHARASHTRA","MUMBAI II","MUMBAI_DYD_URC3 ( GHATKOPAR )",2,"Greater Mumbai_Municipal Corporations","M/East - Ward No. 146",,,,6,3,5,10,5,400074,2,1,3,0,1,19,10,4,0,2,0,1,9,9,0,1,0,0,0,0,0,0
2587279,"MAHARASHTRA","MUMBAI II","MUMBAI_DYD_URC5 ( ANDHERI )",2,"Greater Mumbai_Municipal Corporations","K/East - Ward No. 78",,,,7,3,6,10,5,400060,2,1,3,0,1,19,0,0,0,2,0,1,9,9,220,1,0,0,0,0,0,0
2593711,"MAHARASHTRA","MUMBAI II","MUMBAI_DYD_URC6 ( MALAD (W) )",2,"Greater Mumbai_Municipal Corporations","P/North - Ward No. 41",,,,7,3,8,10,5,400065,2,2,3,0,2,19,0,0,0,2,0,1,9,9,0,2,0,0,0,0,0,0
6323083,"MAHARASHTRA","MUMBAI II","MUMBAI_DYD_URC6 ( MALAD (W) )",2,"Greater Mumbai_Municipal Corporations","P/South - Ward No. 54",,,,7,3,6,10,5,400102,2,2,3,0,2,19,4,10,0,2,0,1,9,9,0,1,0,0,0,0,0,0
6252092,"MAHARASHTRA","MUMBAI II","MUMBAI_DYD_URC7 ( KANDIVALI (E) )",2,"Greater Mumbai_Municipal Corporations","R/South - Ward No. 26",,,,6,3,5,10,5,400101,2,2,3,0,1,19,10,4,0,2,0,1,9,9,0,1,0,0,0,0,0,0
6677541,"MAHARASHTRA","MUMBAI II","MUMBAI_DYD_URC4 ( MULUND )",2,"Greater Mumbai_Municipal Corporations","L - Ward No. 166",,,,6,3,1,10,5,400070,2,2,3,0,2,19,0,0,0,1,0,1,1,9,0,1,60,41,15,17,0,0
8057326,"MAHARASHTRA","MUMBAI II","MUMBAI_DYD_URC1 ( GRANT ROAD )",2,"Greater Mumbai_Municipal Corporations","D - Ward No. 216",,,,11,3,11,12,5,400008,2,2,3,0,2,19,0,0,0,0,2,1,9,9,220,1,0,0,0,0,0,0
6170152,"MAHARASHTRA","MUMBAI II","MUMBAI_DYD_URC6 ( MALAD (W) )",2,"Greater Mumbai_Municipal Corporations","P/North - Ward No. 47",,,,6,3,1,10,5,400064,2,2,3,0,1,19,0,0,0,2,0,1,2,9,220,1,0,0,0,0,0,0
1152309,"MAHARASHTRA","MUMBAI II","MUMBAI_DYD_URC6 ( MALAD (W) )",2,"Greater Mumbai_Municipal Corporations","P/South - Ward No. 56",,,,6,3,1,10,5,400104,2,2,3,0,1,19,10,4,0,4,0,1,1,9,0,1,0,0,0,0,8,4
7078201,"MAHARASHTRA","MUMBAI II","MUMBAI_DYD_URC2 ( SION )",2,"Greater Mumbai_Municipal Corporations","G/North - Ward No. 184",,,,5,3,8,12,5,400017,2,2,3,0,1,19,0,0,0,2,2,1,9,9,0,2,0,0,0,0,0,0
8301164,"MAHARASHTRA","MUMBAI II","MUMBAI_DYD_URC1 ( GRANT ROAD )",2,"Greater Mumbai_Municipal Corporations","A - Ward No. 225",,,,3,3,5,12,5,400001,2,2,3,0,1,19,0,0,0,2,2,1,9,9,0,1,0,0,0,0,0,0
7953950,"MAHARASHTRA","MUMBAI II","MUMBAI_DYD_URC3 ( GHATKOPAR )",2,"Greater Mumbai_Municipal Corporations","N - Ward No. 130",,,,11,3,11,12,4,400086,2,2,3,0,1,19,0,0,0,0,2,1,9,0,250,1,0,0,0,0,0,0
4927720,"MAHARASHTRA","MUMBAI II","MUMBAI_DYD_URC7 ( KANDIVALI (E) )",2,"Greater Mumbai_Municipal Corporations","R/South - Ward No. 25",,,,3,3,5,12,5,400101,2,2,3,0,2,19,0,0,0,2,2,1,9,9,0,1,0,0,0,0,0,0
6716575,"MAHARASHTRA","MUMBAI II","MUMBAI_DYD_URC2 ( SION )",2,"Greater Mumbai_Municipal Corporations","E - Ward No. 210",,,,3,3,1,12,5,400010,2,2,3,0,1,19,0,0,0,3,3,1,2,9,199,1,102,0,9,0,0,0
1373838,"MAHARASHTRA","MUMBAI II","MUMBAI_DYD_URC4 ( MULUND )",2,"Greater Mumbai_Municipal Corporations","S - Ward No. 111",,,,3,3,5,12,5,400042,2,2,3,0,1,19,0,0,0,2,2,1,9,9,210,1,0,0,0,0,0,0
7714325,"MAHARASHTRA","MUMBAI II","MUMBAI_DYD_URC2 ( SION )",2,"Greater Mumbai_Municipal Corporations","F/South - Ward No. 203",,,,3,3,1,12,5,400012,2,2,3,0,1,19,0,0,0,3,3,1,2,9,0,1,58,51,0,0,0,0
8297147,"MAHARASHTRA","MUMBAI II","MUMBAI_DYD_URC2 ( SION )",2,"Greater Mumbai_Municipal Corporations","F/South - Ward No. 204",,,,11,3,11,12,5,400014,2,2,3,0,2,19,10,0,0,0,2,1,9,9,210,1,0,0,0,0,0,0
9518808,"MAHARASHTRA","MUMBAI II","MUMBAI_DYD_URC4 ( MULUND )",2,"Greater Mumbai_Municipal Corporations","T - Ward No. 105",,,,3,3,5,12,5,400081,2,1,3,0,2,19,0,0,0,2,2,1,9,9,220,1,0,0,0,0,0,0
5888475,"MAHARASHTRA","MUMBAI II","MUMBAI_DYD_URC7 ( KANDIVALI (E) )",2,"Greater Mumbai_Municipal Corporations","R/North - Ward No. 7",,,,3,3,5,12,5,400068,2,1,3,0,1,19,0,0,0,2,2,1,9,9,0,2,0,0,0,0,0,0
2139723,"MAHARASHTRA","MUMBAI II","MUMBAI_DYD_URC3 ( GHATKOPAR )",2,"Greater Mumbai_Municipal Corporations","N - Ward No. 131",,,,11,3,11,12,5,400075,2,2,3,0,2,19,0,0,0,0,2,1,9,9,0,1,0,0,0,0,0,0
8631886,"MAHARASHTRA","MUMBAI II","MUMBAI_DYD_URC3 ( GHATKOPAR )",2,"Greater Mumbai_Municipal Corporations","M/East - Ward No. 144",,,,11,3,11,12,5,400088,2,2,3,0,1,19,0,0,0,0,2,1,9,9,0,2,0,0,0,0,0,0
2273207,"MAHARASHTRA","MUMBAI II","MUMBAI_DYD_URC4 ( MULUND )",2,"Greater Mumbai_Municipal Corporations","L - Ward No. 161",,,,3,3,5,12,4,400072,2,1,3,0,1,18,0,0,0,2,2,1,9,2,230,1,0,0,0,0,0,0
9101519,"MAHARASHTRA","MUMBAI II","MUMBAI_DYD_URC1 ( GRANT ROAD )",2,"Greater Mumbai_Municipal Corporations","A - Ward No. 226",,,,11,3,11,12,5,400001,2,2,3,0,1,19,4,0,0,0,4,1,9,9,0,2,0,0,0,0,0,0
4022443,"MAHARASHTRA","MUMBAI II","MUMBAI_DYD_URC5 ( ANDHERI )",2,"Greater Mumbai_Municipal Corporations","H/West - Ward No. 98",,,,11,3,11,12,5,400052,2,2,3,0,1,19,0,0,0,0,2,1,9,9,180,1,0,0,0,0,0,0
7340199,"MAHARASHTRA","MUMBAI II","MUMBAI_DYD_URC2 ( SION )",2,"Greater Mumbai_Municipal Corporations","E - Ward No. 211",,,,3,3,5,12,4,400008,2,1,3,0,1,10,19,0,0,2,2,1,9,2,0,1,0,0,0,0,0,0
7948589,"MAHARASHTRA","MUMBAI II","MUMBAI_DYD_URC5 ( ANDHERI )",2,"Greater Mumbai_Municipal Corporations","H/West - Ward No. 97",,,,3,3,5,12,4,400054,2,1,3,0,1,18,19,0,0,2,2,1,9,2,230,1,0,0,0,0,0,0
2295570,"MAHARASHTRA","MUMBAI II","MUMBAI_DYD_URC4 ( MULUND )",2,"Greater Mumbai_Municipal Corporations","G/North - Ward No. 185",,,,3,3,1,12,5,400004,2,2,3,0,1,19,4,10,0,1,1,1,2,9,200,1,61,53,5,6,0,0
9425048,"MAHARASHTRA","MUMBAI II","MUMBAI_DYD_URC3 ( GHATKOPAR )",2,"Greater Mumbai_Municipal Corporations","M/East - Ward No. 135",,,,3,3,5,12,5,400043,2,2,3,0,1,19,0,0,0,2,2,1,9,9,230,2,0,0,0,0,0,0
9708576,"MAHARASHTRA","MUMBAI II","MUMBAI_DYD_URC7 ( KANDIVALI (E) )",2,"Greater Mumbai_Municipal Corporations","R/Central - Ward No. 9",,,,3,3,5,12,5,400091,2,1,3,0,2,19,0,0,0,2,2,1,9,9,76,1,0,0,0,0,0,0
1658696,"MAHARASHTRA","MUMBAI II","MUMBAI_DYD_URC7 ( KANDIVALI (E) )",2,"Greater Mumbai_Municipal Corporations","R/North - Ward No. 8",,,,11,3,11,12,5,400103,2,1,3,0,1,19,0,0,0,0,2,1,9,9,0,2,0,0,0,0,0,0
1591297,"MAHARASHTRA","MUMBAI II","MUMBAI_DYD_URC1 ( GRANT ROAD )",2,"Greater Mumbai_Municipal Corporations","D - Ward No. 217",,,,3,3,1,12,5,0,2,2,3,0,1,19,0,0,0,4,4,1,1,9,206,2,0,0,0,0,0,0
8365071,"MAHARASHTRA","MUMBAI II","MUMBAI_DYD_URC5 ( ANDHERI )",2,"Greater Mumbai_Municipal Corporations","P/North - Ward No. 42",,,,3,3,1,12,5,400104,2,2,2,3,2,19,0,0,0,4,4,1,2,9,0,1,2,2,3,1,0,0
5426269,"MAHARASHTRA","MUMBAI II","MUMBAI_DYD_URC5 ( ANDHERI )",2,"Greater Mumbai_Municipal Corporations","K/East - Ward No. 80",,,,11,3,11,12,5,400069,2,2,3,0,1,19,0,0,0,0,2,1,9,9,180,1,0,0,0,0,0,0
4300307,"MAHARASHTRA","MUMBAI II","MUMBAI_DYD_URC7 ( KANDIVALI (E) )",2,"Greater Mumbai_Municipal Corporations","R/South - Ward No. 25",,,,3,3,1,12,5,400101,2,2,3,0,1,19,0,0,0,3,3,1,1,9,0,1,109,119,13,14,0,0
5604468,"MAHARASHTRA","MUMBAI II","MUMBAI_DYD_URC4 ( MULUND )",2,"Greater Mumbai_Municipal Corporations","L - Ward No. 158",,,,11,3,11,12,5,400072,2,2,3,0,2,19,0,0,0,0,2,1,9,9,0,1,0,0,0,0,0,0
7038866,"MAHARASHTRA","MUMBAI II","MUMBAI_DYD_URC6 ( MALAD (W) )",2,"Greater Mumbai_Municipal Corporations","K/West - Ward No. 66",,,,3,3,1,12,5,400058,2,2,3,0,1,19,0,0,0,3,3,1,2,9,0,1,3,0,47,36,0,0
2393261,"MAHARASHTRA","MUMBAI II","MUMBAI_DYD_URC6 ( MALAD (W) )",2,"Greater Mumbai_Municipal Corporations","P/South - Ward No. 57",,,,3,3,5,12,5,400102,2,1,3,0,1,19,0,0,0,2,2,1,9,9,191,1,0,0,0,0,0,0
9279776,"MAHARASHTRA","MUMBAI II","MUMBAI_DYD_URC6 ( MALAD (W) )",2,"Greater Mumbai_Municipal Corporations","K/West - Ward No. 61",,,,3,3,1,12,5,400102,2,2,3,0,1,19,0,0,0,3,4,1,2,9,0,1,0,0,0,0,1,0
6106815,"MAHARASHTRA","MUMBAI II","MUMBAI_DYD_URC3 ( GHATKOPAR )",2,"Greater Mumbai_Municipal Corporations","M/East - Ward No. 138",,,,3,3,5,12,5,400043,2,1,3,0,1,19,0,0,0,2,2,1,9,9,1,2,0,0,0,0,0,0
9055235,"MAHARASHTRA","MUMBAI II","MUMBAI_DYD_URC5 ( ANDHERI )",2,"Greater Mumbai_Municipal Corporations","H/West - Ward No. 98",,,,3,3,1,12,5,400052,2,2,3,0,1,19,0,0,0,3,3,1,1,9,0,1,25,10,8,15,0,0
8102521,"MAHARASHTRA","MUMBAI II","MUMBAI_DYD_URC2 ( SION )",2,"Greater Mumbai_Municipal Corporations","F/North - Ward No. 177",,,,3,3,5,12,4,400031,2,1,3,0,1,19,4,0,0,2,2,1,9,2,216,1,0,0,0,0,0,0
8553452,"MAHARASHTRA","MUMBAI II","MUMBAI_DYD_URC1 ( GRANT ROAD )",2,"Greater Mumbai_Municipal Corporations","A - Ward No. 225",,,,11,3,11,12,1,400032,2,2,3,0,2,19,0,0,0,0,2,1,9,0,0,1,0,0,0,0,0,0
3532771,"MAHARASHTRA","MUMBAI II","MUMBAI_DYD_URC6 ( MALAD (W) )",2,"Greater Mumbai_Municipal Corporations","P/North - Ward No. 35",,,,6,2,5,10,4,400064,2,2,3,0,1,19,0,0,0,2,0,1,9,2,0,1,0,0,0,0,0,0
4663401,"MAHARASHTRA","MUMBAI II","MUMBAI_DYD_URC2 ( SION )",2,"Greater Mumbai_Municipal Corporations","F/South - Ward No. 205",,,,6,2,5,10,4,400033,2,2,3,0,2,10,0,0,0,2,0,1,9,2,0,1,0,0,0,0,0,0
6735048,"MAHARASHTRA","MUMBAI II","MUMBAI_DYD_URC5 ( ANDHERI )",2,"Greater Mumbai_Municipal Corporations","K/East - Ward No. 72",,,,3,3,5,12,4,400060,2,1,3,0,2,10,19,4,0,2,2,1,9,2,0,1,0,0,0,0,0,0
4624319,"MAHARASHTRA","MUMBAI II","MUMBAI_DYD_URC7 ( KANDIVALI (E) )",2,"Greater Mumbai_Municipal Corporations","R/North - Ward No. 4",,,,3,3,5,12,4,400068,2,2,3,0,1,10,4,19,0,2,2,1,9,2,0,1,0,0,0,0,0,0
9904283,"MAHARASHTRA","MUMBAI II","MUMBAI_DYD_URC4 ( MULUND )",2,"Greater Mumbai_Municipal Corporations","L - Ward No. 158",,,,3,3,5,12,4,400072,2,2,3,0,1,4,19,0,0,2,2,1,9,2,220,1,0,0,0,0,0,0
1389361,"MAHARASHTRA","MUMBAI II","MUMBAI_DYD_URC5 ( ANDHERI )",2,"Greater Mumbai_Municipal Corporations","K/East - Ward No. 77",,,,6,3,5,10,4,400060,2,1,3,0,2,10,0,0,0,2,0,1,9,2,220,1,0,0,0,0,0,0
5972989,"MAHARASHTRA","MUMBAI II","MUMBAI_DYD_URC6 ( MALAD (W) )",2,"Greater Mumbai_Municipal Corporations","P/North - Ward No. 33",,,,5,3,8,12,4,400095,2,2,3,0,2,10,19,0,0,2,2,1,9,0,0,1,0,0,0,0,0,0
7105562,"MAHARASHTRA","MUMBAI II","MUMBAI_DYD_URC4 ( MULUND )",2,"Greater Mumbai_Municipal Corporations","S - Ward No. 116",,,,6,3,5,10,4,400078,2,2,3,0,2,10,0,0,0,2,0,1,9,2,220,1,0,0,0,0,0,0
8660554,"MAHARASHTRA","MUMBAI II","MUMBAI_DYD_URC7 ( KANDIVALI (E) )",2,"Greater Mumbai_Municipal Corporations","R/North - Ward No. 3",,,,6,3,5,10,4,400068,2,1,3,0,1,10,0,0,0,2,0,1,9,2,0,1,0,0,0,0,0,0
9347695,"MAHARASHTRA","MUMBAI II","MUMBAI_DYD_URC5 ( ANDHERI )",2,"Greater Mumbai_Municipal Corporations","K/East - Ward No. 82",,,,6,3,5,10,4,400059,2,2,3,0,1,4,10,19,0,2,0,1,9,2,220,1,0,0,0,0,0,0
6514387,"MAHARASHTRA","MUMBAI II","MUMBAI_DYD_URC1 ( GRANT ROAD )",2,"Greater Mumbai_Municipal Corporations","G/South - Ward No. 194",,,,6,2,5,10,4,400025,2,2,3,0,1,19,0,0,0,2,0,1,9,2,0,1,0,0,0,0,0,0
3925373,"MAHARASHTRA","MUMBAI II","MUMBAI_DYD_URC4 ( MULUND )",2,"Greater Mumbai_Municipal Corporations","S - Ward No. 115",,,,3,3,5,12,4,400078,2,2,3,0,2,10,19,0,0,2,2,1,9,2,0,1,0,0,0,0,0,0
3648173,"MAHARASHTRA","MUMBAI II","MUMBAI_DYD_URC4 ( MULUND )",2,"Greater Mumbai_Municipal Corporations","L - Ward No. 162",,,,7,3,8,10,4,400072,2,2,3,0,1,4,0,0,0,2,0,1,9,0,230,1,0,0,0,0,0,0
2022094,"MAHARASHTRA","MUMBAI II","MUMBAI_DYD_URC6 ( MALAD (W) )",2,"Greater Mumbai_Municipal Corporations","K/West - Ward No. 66",,,,6,3,5,10,4,400058,2,1,3,0,1,18,0,0,0,2,0,1,9,2,237,1,0,0,0,0,0,0
1948516,"MAHARASHTRA","MUMBAI II","MUMBAI_DYD_URC2 ( SION )",2,"Greater Mumbai_Municipal Corporations","F/South - Ward No. 204",,,,3,3,5,12,4,400012,2,1,3,0,2,10,19,0,0,2,2,1,9,2,224,1,0,0,0,0,0,0
5903304,"MAHARASHTRA","MUMBAI II","MUMBAI_DYD_URC6 ( MALAD (W) )",2,"Greater Mumbai_Municipal Corporations","P/South - Ward No. 57",,,,6,3,5,10,4,400102,2,1,3,0,1,4,19,10,0,2,0,1,9,2,222,1,0,0,0,0,0,0
4971573,"MAHARASHTRA","MUMBAI II","MUMBAI_DYD_URC4 ( MULUND )",2,"Greater Mumbai_Municipal Corporations","L - Ward No. 165",,,,5,3,8,12,4,400070,2,2,3,0,2,10,19,0,0,2,2,1,9,0,0,1,0,0,0,0,0,0
1204292,"MAHARASHTRA","MUMBAI II","MUMBAI_DYD_URC2 ( SION )",2,"Greater Mumbai_Municipal Corporations","F/North - Ward No. 172",,,,7,3,8,10,4,400022,2,2,3,0,2,4,0,0,0,2,0,1,9,0,230,1,0,0,0,0,0,0
1634868,"MAHARASHTRA","MUMBAI II","MUMBAI_DYD_URC5 ( ANDHERI )",2,"Greater Mumbai_Municipal Corporations","H/West - Ward No. 97",,,,11,2,11,12,4,400049,2,2,3,0,2,19,0,0,0,0,2,1,9,0,234,1,0,0,0,0,0,0
6377378,"MAHARASHTRA","MUMBAI II","MUMBAI_DYD_URC5 ( ANDHERI )",2,"Greater Mumbai_Municipal Corporations","H/East - Ward No. 87",,,,6,3,5,10,4,400055,2,2,3,0,1,18,0,0,0,2,0,1,9,2,195,1,0,0,0,0,0,0
9095965,"MAHARASHTRA","MUMBAI II","MUMBAI_DYD_URC3 ( GHATKOPAR )",2,"Greater Mumbai_Municipal Corporations","N - Ward No. 130",,,,6,2,5,10,4,400086,2,2,3,0,1,3,0,0,0,2,0,1,9,2,229,1,0,0,0,0,0,0
6841595,"MAHARASHTRA","MUMBAI II","MUMBAI_DYD_URC2 ( SION )",2,"Greater Mumbai_Municipal Corporations","E - Ward No. 209",,,,6,2,5,10,4,400010,2,2,3,0,1,19,4,10,0,2,0,1,9,2,216,1,0,0,0,0,0,0
5553781,"MAHARASHTRA","MUMBAI II","MUMBAI_DYD_URC1 ( GRANT ROAD )",2,"Greater Mumbai_Municipal Corporations","G/North - Ward No. 190",,,,3,3,1,12,5,400016,2,2,3,0,2,19,0,0,0,1,1,1,2,9,220,1,0,0,1,0,3,4
2340409,"MAHARASHTRA","MUMBAI II","MUMBAI_DYD_URC2 ( SION )",2,"Greater Mumbai_Municipal Corporations","G/North - Ward No. 183",,,,11,3,11,12,5,400017,2,2,3,0,1,19,0,0,0,0,2,1,9,9,0,1,0,0,0,0,0,0
9995317,"MAHARASHTRA","MUMBAI II","MUMBAI_DYD_URC7 ( KANDIVALI (E) )",2,"Greater Mumbai_Municipal Corporations","R/South - Ward No. 25",,,,8,3,9,10,5,400101,2,2,3,0,2,19,10,4,0,2,0,1,9,9,0,1,0,0,0,0,0,0
3924898,"MAHARASHTRA","MUMBAI II","MUMBAI_DYD_URC4 ( MULUND )",2,"Greater Mumbai_Municipal Corporations","T - Ward No. 105",,,,3,3,5,12,5,400081,2,1,3,0,2,19,0,0,0,2,2,1,9,9,234,1,0,0,0,0,0,0
8074894,"MAHARASHTRA","MUMBAI II","MUMBAI_DYD_URC4 ( MULUND )",2,"Greater Mumbai_Municipal Corporations","T - Ward No. 107",,,,6,3,5,10,5,400080,2,1,1,3,2,19,0,0,0,2,0,1,9,9,0,1,0,0,0,0,0,0
2987917,"MAHARASHTRA","MUMBAI II","MUMBAI_DYD_URC4 ( MULUND )",2,"Greater Mumbai_Municipal Corporations","M/West - Ward No. 155",,,,3,3,5,12,5,400080,2,2,3,0,2,19,0,0,0,2,2,1,9,9,200,1,0,0,0,0,0,0
8272848,"MAHARASHTRA","MUMBAI II","MUMBAI_DYD_URC4 ( MULUND )",2,"Greater Mumbai_Municipal Corporations","L - Ward No. 164",,,,6,3,5,10,5,400070,2,2,3,0,1,19,0,0,0,2,0,1,9,9,0,1,0,0,0,0,0,0
3635596,"MAHARASHTRA","MUMBAI II","MUMBAI_DYD_URC3 ( GHATKOPAR )",2,"Greater Mumbai_Municipal Corporations","M/East - Ward No. 135",,,,7,3,8,10,5,400043,2,2,1,3,1,18,0,0,0,2,0,1,9,9,230,2,0,0,0,0,0,0
3318006,"MAHARASHTRA","MUMBAI II","MUMBAI_DYD_URC2 ( SION )",2,"Greater Mumbai_Municipal Corporations","E - Ward No. 211",,,,6,3,5,10,5,400008,2,2,3,0,1,19,0,0,0,2,0,1,9,9,190,1,0,0,0,0,0,0
4370363,"MAHARASHTRA","MUMBAI II","MUMBAI_DYD_URC5 ( ANDHERI )",2,"Greater Mumbai_Municipal Corporations","K/East - Ward No. 81",,,,6,3,5,10,5,400093,2,2,3,0,1,19,0,0,0,2,0,1,9,9,226,1,0,0,0,0,0,0
2430407,"MAHARASHTRA","MUMBAI II","MUMBAI_DYD_URC6 ( MALAD (W) )",2,"Greater Mumbai_Municipal Corporations","K/West - Ward No. 62",,,,6,3,5,10,5,400102,2,1,3,0,1,19,10,4,0,2,0,1,9,9,0,1,0,0,0,0,0,0
3357145,"MAHARASHTRA","MUMBAI II","MUMBAI_DYD_URC3 ( GHATKOPAR )",2,"Greater Mumbai_Municipal Corporations","M/East - Ward No. 144",,,,3,3,1,12,5,400088,2,2,3,0,2,19,0,0,0,2,2,1,2,9,0,1,0,0,0,0,0,0
4473485,"MAHARASHTRA","MUMBAI II","MUMBAI_DYD_URC6 ( MALAD (W) )",2,"Greater Mumbai_Municipal Corporations","P/North - Ward No. 33",,,,6,3,5,10,5,400095,2,2,3,0,2,19,4,10,0,2,0,1,9,9,0,1,0,0,0,0,0,0
6360702,"MAHARASHTRA","MUMBAI II","MUMBAI_DYD_URC3 ( GHATKOPAR )",2,"Greater Mumbai_Municipal Corporations","M/East - Ward No. 147",,,,6,3,5,10,5,400074,2,2,3,0,1,4,0,0,0,2,0,1,9,9,232,1,0,0,0,0,0,0
8838917,"MAHARASHTRA","MUMBAI II","MUMBAI_DYD_URC3 ( GHATKOPAR )",2,"Greater Mumbai_Municipal Corporations","M/East - Ward No. 135",,,,7,3,8,10,5,400043,2,2,3,0,2,19,4,10,0,2,0,1,9,9,0,2,0,0,0,0,0,0
3133931,"MAHARASHTRA","MUMBAI II","MUMBAI_DYD_URC7 ( KANDIVALI (E) )",2,"Greater Mumbai_Municipal Corporations","R/Central - Ward No. 9",,,,6,3,5,10,5,400091,2,2,3,0,2,19,0,0,0,2,0,1,9,9,220,1,0,0,0,0,0,0
3531838,"MAHARASHTRA","MUMBAI II","MUMBAI_DYD_URC4 ( MULUND )",2,"Greater Mumbai_Municipal Corporations","S - Ward No. 119",,,,7,3,6,10,5,400083,2,2,3,0,2,19,0,0,0,2,0,1,9,9,0,1,0,0,0,0,0,0
5540503,"MAHARASHTRA","MUMBAI II","MUMBAI_DYD_URC6 ( MALAD (W) )",2,"Greater Mumbai_Municipal Corporations","P/North - Ward No. 33",,,,3,3,5,12,5,400095,2,1,3,0,1,19,0,0,0,2,2,1,9,9,0,1,0,0,0,0,0,0
8314216,"MAHARASHTRA","MUMBAI II","MUMBAI_DYD_URC5 ( ANDHERI )",2,"Greater Mumbai_Municipal Corporations","K/East - Ward No. 84",,,,6,3,1,10,5,400057,2,2,3,0,1,19,4,10,0,3,0,1,1,9,0,1,23,10,0,0,0,0
6999483,"MAHARASHTRA","MUMBAI II","MUMBAI_DYD_URC6 ( MALAD (W) )",2,"Greater Mumbai_Municipal Corporations","P/North - Ward No. 42",,,,6,3,5,10,5,400097,2,2,3,0,1,19,0,0,0,2,0,1,9,9,0,1,0,0,0,0,0,0
4832234,"MAHARASHTRA","MUMBAI II","MUMBAI_DYD_URC7 ( KANDIVALI (E) )",2,"Greater Mumbai_Municipal Corporations","R/Central - Ward No. 12",,,,6,3,5,10,5,400066,2,2,3,0,1,19,0,0,0,2,0,1,9,9,221,1,0,0,0,0,0,0
1286935,"MAHARASHTRA","MUMBAI II","MUMBAI_DYD_URC6 ( MALAD (W) )",2,"Greater Mumbai_Municipal Corporations","P/North - Ward No. 46",,,,11,3,11,12,5,400064,2,2,3,0,1,19,0,0,0,0,2,1,9,9,190,2,0,0,0,0,0,0
8987046,"MAHARASHTRA","MUMBAI II","MUMBAI_DYD_URC3 ( GHATKOPAR )",2,"Greater Mumbai_Municipal Corporations","N - Ward No. 132",,,,3,3,1,12,5,400077,2,2,3,0,1,19,0,0,0,1,1,1,1,9,221,1,43,45,1,0,0,0
2908908,"MAHARASHTRA","MUMBAI II","MUMBAI_DYD_URC3 ( GHATKOPAR )",2,"Greater Mumbai_Municipal Corporations","M/East - Ward No. 138",,,,7,3,8,10,5,400043,2,2,3,0,2,19,10,4,0,2,0,1,9,9,0,1,0,0,0,0,0,0
3955814,"MAHARASHTRA","MUMBAI II","MUMBAI_DYD_URC1 ( GRANT ROAD )",2,"Greater Mumbai_Municipal Corporations","B - Ward No. 224",,,,6,3,1,10,5,400009,2,1,3,0,1,19,0,0,0,2,0,1,1,9,205,1,36,35,2,5,0,0
8277981,"MAHARASHTRA","MUMBAI II","MUMBAI_DYD_URC5 ( ANDHERI )",2,"Greater Mumbai_Municipal Corporations","K/East - Ward No. 77",,,,6,3,5,10,5,400060,2,1,3,0,2,19,10,4,0,2,0,1,9,9,225,1,0,0,0,0,0,0
8368143,"MAHARASHTRA","MUMBAI II","MUMBAI_DYD_URC4 ( MULUND )",2,"Greater Mumbai_Municipal Corporations","T - Ward No. 106",,,,3,3,1,12,5,400081,2,2,3,0,1,19,0,0,0,2,2,1,1,9,210,1,33,26,9,7,0,0
2482744,"MAHARASHTRA","MUMBAI II","MUMBAI_DYD_URC1 ( GRANT ROAD )",2,"Greater Mumbai_Municipal Corporations","D - Ward No. 216",,,,6,3,5,10,5,400004,2,2,3,0,2,19,0,0,0,2,0,1,9,9,210,1,0,0,0,0,0,0
4868504,"MAHARASHTRA","MUMBAI II","MUMBAI_DYD_URC3 ( GHATKOPAR )",2,"Greater Mumbai_Municipal Corporations","N - Ward No. 124",,,,3,3,5,12,5,400079,2,2,3,0,1,19,0,0,0,2,2,1,9,9,222,1,0,0,0,0,0,0
4815893,"MAHARASHTRA","MUMBAI II","MUMBAI_DYD_URC3 ( GHATKOPAR )",2,"Greater Mumbai_Municipal Corporations","M/East - Ward No. 139",,,,3,3,1,12,5,400087,2,2,3,0,2,19,0,0,0,2,2,1,2,9,208,1,0,0,0,0,57,54
6173352,"MAHARASHTRA","MUMBAI II","MUMBAI_DYD_URC3 ( GHATKOPAR )",2,"Greater Mumbai_Municipal Corporations","N - Ward No. 123",,,,7,3,8,10,5,400079,2,2,3,0,2,4,19,0,0,2,0,1,9,9,226,1,0,0,0,0,0,0
3083771,"MAHARASHTRA","MUMBAI II","MUMBAI_DYD_URC5 ( ANDHERI )",2,"Greater Mumbai_Municipal Corporations","K/East - Ward No. 84",,,,6,3,5,10,5,400057,2,2,3,0,1,19,0,0,0,2,0,1,9,9,200,1,0,0,0,0,0,0
8862940,"MAHARASHTRA","MUMBAI II","MUMBAI_DYD_URC6 ( MALAD (W) )",2,"Greater Mumbai_Municipal Corporations","K/West - Ward No. 59",,,,6,3,5,10,5,400061,2,2,3,0,1,19,0,0,0,2,0,1,9,9,0,1,0,0,0,0,0,0
1760336,"MAHARASHTRA","MUMBAI II","MUMBAI_DYD_URC6 ( MALAD (W) )",2,"Greater Mumbai_Municipal Corporations","K/West - Ward No. 70",,,,7,3,8,10,5,400056,2,2,3,0,2,19,4,10,0,2,0,1,9,9,0,1,0,0,0,0,0,0
2607501,"MAHARASHTRA","MUMBAI II","MUMBAI_DYD_URC5 ( ANDHERI )",2,"Greater Mumbai_Municipal Corporations","H/East - Ward No. 92",,,,11,3,11,12,5,400098,2,2,3,0,1,19,0,0,0,0,4,1,9,9,210,1,0,0,0,0,0,0
1602631,"MAHARASHTRA","MUMBAI II","MUMBAI_DYD_URC7 ( KANDIVALI (E) )",2,"Greater Mumbai_Municipal Corporations","R/South - Ward No. 29",,,,6,3,1,10,5,400101,2,1,3,0,1,19,0,0,0,3,0,1,2,9,220,1,83,70,1,3,0,0
4721890,"MAHARASHTRA","MUMBAI II","MUMBAI_DYD_URC2 ( SION )",2,"Greater Mumbai_Municipal Corporations","F/South - Ward No. 204",,,,6,3,1,10,5,400014,2,2,3,0,2,19,0,0,0,2,0,1,2,9,0,1,5,2,0,1,0,0
7358721,"MAHARASHTRA","MUMBAI II","MUMBAI_DYD_URC7 ( KANDIVALI (E) )",2,"Greater Mumbai_Municipal Corporations","R/Central - Ward No. 9",,,,6,3,5,10,5,400091,2,2,3,0,2,19,0,0,0,2,0,1,9,9,220,1,0,0,0,0,0,0
7258501,"MAHARASHTRA","MUMBAI II","MUMBAI_DYD_URC6 ( MALAD (W) )",2,"Greater Mumbai_Municipal Corporations","P/North - Ward No. 38",,,,6,3,5,10,5,400097,2,1,3,0,2,19,10,4,0,2,0,1,9,9,214,1,0,0,0,0,0,0
5528676,"MAHARASHTRA","MUMBAI II","MUMBAI_DYD_URC1 ( GRANT ROAD )",2,"Greater Mumbai_Municipal Corporations","D - Ward No. 217",,,,6,2,1,10,5,400004,2,2,3,0,1,19,0,0,0,3,0,1,1,9,0,1,0,46,0,10,0,0
7658136,"MAHARASHTRA","MUMBAI II","MUMBAI_DYD_URC7 ( KANDIVALI (E) )",2,"Greater Mumbai_Municipal Corporations","R/Central - Ward No. 9",,,,6,3,5,10,5,400091,2,2,3,0,2,19,0,0,0,2,0,1,9,9,220,1,0,0,0,0,0,0
7822067,"MAHARASHTRA","MUMBAI II","MUMBAI_DYD_URC4 ( MULUND )",2,"Greater Mumbai_Municipal Corporations","L - Ward No. 163",,,,7,3,8,10,5,400072,2,2,3,0,2,19,0,0,0,2,0,1,9,9,0,1,0,0,0,0,0,0
8070344,"MAHARASHTRA","MUMBAI II","MUMBAI_DYD_URC7 ( KANDIVALI (E) )",2,"Greater Mumbai_Municipal Corporations","R/Central - Ward No. 10",,,,6,3,1,10,5,400092,2,2,3,0,1,19,0,0,0,2,0,1,2,9,0,1,0,0,0,0,0,0
1772520,"MAHARASHTRA","MUMBAI II","MUMBAI_DYD_URC5 ( ANDHERI )",2,"Greater Mumbai_Municipal Corporations","H/West - Ward No. 102",,,,3,3,1,12,5,400050,2,2,3,0,2,19,0,0,0,4,4,1,1,9,0,2,0,0,0,0,0,0
6185740,"MAHARASHTRA","MUMBAI II","MUMBAI_DYD_URC5 ( ANDHERI )",2,"Greater Mumbai_Municipal Corporations","K/East - Ward No. 82",,,,11,3,11,12,5,400093,2,1,3,0,1,19,0,0,0,0,2,1,9,9,185,1,0,0,0,0,0,0
6678724,"MAHARASHTRA","MUMBAI II","MUMBAI_DYD_URC4 ( MULUND )",2,"Greater Mumbai_Municipal Corporations","S - Ward No. 110",,,,8,3,9,10,5,400078,2,2,3,0,2,19,0,0,0,2,0,1,9,9,224,1,0,0,0,0,0,0
7068397,"MAHARASHTRA","MUMBAI II","MUMBAI_DYD_URC4 ( MULUND )",2,"Greater Mumbai_Municipal Corporations","L - Ward No. 164",,,,6,3,5,10,5,400072,2,2,3,0,1,19,0,0,0,2,0,1,9,9,232,1,0,0,0,0,0,0
6424976,"MAHARASHTRA","MUMBAI II","MUMBAI_DYD_URC7 ( KANDIVALI (E) )",2,"Greater Mumbai_Municipal Corporations","R/Central - Ward No. 15",,,,11,3,11,12,5,400092,2,2,3,0,1,19,0,0,0,0,2,1,9,9,200,1,0,0,0,0,0,0
6282921,"MAHARASHTRA","MUMBAI II","MUMBAI_DYD_URC1 ( GRANT ROAD )",2,"Greater Mumbai_Municipal Corporations","B - Ward No. 224",,,,6,3,5,10,5,400003,2,2,3,0,1,19,0,0,0,2,0,1,9,9,210,1,0,0,0,0,0,0
3148966,"MAHARASHTRA","MUMBAI II","MUMBAI_DYD_URC5 ( ANDHERI )",2,"Greater Mumbai_Municipal Corporations","H/East - Ward No. 92",,,,6,3,1,10,5,400098,2,2,3,0,1,19,0,0,0,3,0,1,1,9,0,1,0,0,0,0,0,0
4539581,"MAHARASHTRA","MUMBAI II","MUMBAI_DYD_URC3 ( GHATKOPAR )",2,"Greater Mumbai_Municipal Corporations","M/East - Ward No. 139",,,,6,3,5,10,5,400089,2,1,3,0,1,19,0,0,0,2,0,1,9,9,0,2,0,0,0,0,0,0
4776347,"MAHARASHTRA","MUMBAI II","MUMBAI_DYD_URC7 ( KANDIVALI (E) )",2,"Greater Mumbai_Municipal Corporations","R/Central - Ward No. 15",,,,3,3,5,12,5,400092,2,2,3,0,2,19,4,10,0,2,2,1,9,9,0,1,0,0,0,0,0,0
1425824,"MAHARASHTRA","MUMBAI II","MUMBAI_DYD_URC3 ( GHATKOPAR )",2,"Greater Mumbai_Municipal Corporations","M/East - Ward No. 141",,,,7,3,6,10,5,400043,2,2,3,0,2,19,0,0,0,2,0,1,9,9,210,1,0,0,0,0,0,0
9734232,"MAHARASHTRA","MUMBAI II","MUMBAI_DYD_URC5 ( ANDHERI )",2,"Greater Mumbai_Municipal Corporations","H/West - Ward No. 99",,,,3,3,1,12,5,400051,2,2,3,0,1,19,0,0,0,4,4,1,2,9,190,1,10,14,2,0,0,0
1326613,"MAHARASHTRA","MUMBAI II","MUMBAI_DYD_URC1 ( GRANT ROAD )",2,"Greater Mumbai_Municipal Corporations","G/North - Ward No. 192",,,,11,3,11,12,5,400028,2,2,3,0,2,19,4,0,0,0,2,1,9,9,223,2,0,0,0,0,0,0
5657330,"MAHARASHTRA","MUMBAI II","MUMBAI_DYD_URC5 ( ANDHERI )",2,"Greater Mumbai_Municipal Corporations","K/East - Ward No. 78",,,,6,3,5,10,5,400060,2,2,3,0,2,19,0,0,0,2,0,1,9,9,223,1,0,0,0,0,0,0
3432780,"MAHARASHTRA","MUMBAI II","MUMBAI_DYD_URC6 ( MALAD (W) )",2,"Greater Mumbai_Municipal Corporations","P/South - Ward No. 50",,,,6,3,5,10,5,400064,2,1,3,0,2,19,0,0,0,2,0,1,9,9,220,1,0,0,0,0,0,0
3077665,"MAHARASHTRA","MUMBAI II","MUMBAI_DYD_URC5 ( ANDHERI )",2,"Greater Mumbai_Municipal Corporations","K/East - Ward No. 86",,,,11,3,11,12,5,400069,2,2,3,0,2,19,4,0,0,0,2,1,9,9,0,1,0,0,0,0,0,0
4203033,"MAHARASHTRA","MUMBAI II","MUMBAI_DYD_URC6 ( MALAD (W) )",2,"Greater Mumbai_Municipal Corporations","P/North - Ward No. 45",,,,6,3,5,10,5,400097,2,2,3,0,2,19,0,0,0,2,0,1,9,9,0,1,0,0,0,0,0,0
5101606,"MAHARASHTRA","MUMBAI II","MUMBAI_DYD_URC7 ( KANDIVALI (E) )",2,"Greater Mumbai_Municipal Corporations","R/Central - Ward No. 11",,,,6,3,1,10,5,400066,2,2,1,3,2,19,10,4,0,2,0,1,1,9,0,1,11,23,4,10,0,0
7676919,"MAHARASHTRA","MUMBAI II","MUMBAI_DYD_URC5 ( ANDHERI )",2,"Greater Mumbai_Municipal Corporations","K/East - Ward No. 79",,,,6,3,5,10,5,400093,2,2,3,0,1,19,4,10,0,2,0,1,9,9,209,1,0,0,0,0,0,0
2763082,"MAHARASHTRA","MUMBAI II","MUMBAI_DYD_URC2 ( SION )",2,"Greater Mumbai_Municipal Corporations","E - Ward No. 211",,,,6,3,5,10,4,400008,2,2,3,0,1,19,0,0,0,2,0,1,9,2,0,1,0,0,0,0,0,0
9127132,"MAHARASHTRA","MUMBAI II","MUMBAI_DYD_URC3 ( GHATKOPAR )",2,"Greater Mumbai_Municipal Corporations","M/West - Ward No. 151",,,,7,3,8,10,4,400071,2,2,3,0,2,4,0,0,0,2,0,1,9,0,0,1,0,0,0,0,0,0
5950054,"MAHARASHTRA","MUMBAI II","MUMBAI_DYD_URC7 ( KANDIVALI (E) )",2,"Greater Mumbai_Municipal Corporations","R/South - Ward No. 23",,,,6,3,5,10,5,400101,2,2,3,0,1,19,0,0,0,2,0,1,9,9,0,1,0,0,0,0,0,0
8581257,"MAHARASHTRA","MUMBAI II","MUMBAI_DYD_URC1 ( GRANT ROAD )",2,"Greater Mumbai_Municipal Corporations","A - Ward No. 225",,,,11,3,11,12,4,400001,2,2,3,0,2,19,0,0,0,0,2,1,9,0,225,1,0,0,0,0,0,0
6106659,"MAHARASHTRA","MUMBAI II","MUMBAI_DYD_URC7 ( KANDIVALI (E) )",2,"Greater Mumbai_Municipal Corporations","R/Central - Ward No. 14",,,,6,3,5,10,5,400066,2,1,3,0,2,19,0,0,0,2,0,1,9,9,220,1,0,0,0,0,0,0
8658752,"MAHARASHTRA","MUMBAI II","MUMBAI_DYD_URC1 ( GRANT ROAD )",2,"Greater Mumbai_Municipal Corporations","D - Ward No. 218",,,,6,3,5,10,4,400004,2,2,3,0,1,4,19,0,0,2,0,1,9,2,220,1,0,0,0,0,0,0
3323625,"MAHARASHTRA","MUMBAI II","MUMBAI_DYD_URC7 ( KANDIVALI (E) )",2,"Greater Mumbai_Municipal Corporations","R/South - Ward No. 19",,,,6,3,5,10,5,400067,2,2,3,0,2,19,0,0,0,2,0,1,9,9,240,1,0,0,0,0,0,0
3957144,"MAHARASHTRA","MUMBAI II","MUMBAI_DYD_URC2 ( SION )",2,"Greater Mumbai_Municipal Corporations","F/North - Ward No. 172",,,,6,3,5,10,4,400022,2,1,3,0,1,19,0,0,0,2,0,1,9,2,230,1,0,0,0,0,0,0
3588204,"MAHARASHTRA","MUMBAI II","MUMBAI_DYD_URC7 ( KANDIVALI (E) )",2,"Greater Mumbai_Municipal Corporations","R/South - Ward No. 22",,,,11,3,11,12,5,400067,2,1,3,0,2,19,0,0,0,0,2,1,9,9,0,1,0,0,0,0,0,0
4584866,"MAHARASHTRA","MUMBAI II","MUMBAI_DYD_URC3 ( GHATKOPAR )",2,"Greater Mumbai_Municipal Corporations","N - Ward No. 129",,,,5,3,8,12,5,400086,2,2,3,0,1,19,0,0,0,2,2,1,9,9,0,1,0,0,0,0,0,0
1304578,"MAHARASHTRA","MUMBAI II","MUMBAI_DYD_URC1 ( GRANT ROAD )",2,"Greater Mumbai_Municipal Corporations","A - Ward No. 225",,,,6,2,5,10,5,400020,2,2,3,0,1,19,0,0,0,2,0,1,9,9,210,1,0,0,0,0,0,0
8448711,"MAHARASHTRA","MUMBAI II","MUMBAI_DYD_URC3 ( GHATKOPAR )",2,"Greater Mumbai_Municipal Corporations","M/West - Ward No. 149",,,,6,3,5,10,4,400089,2,2,3,0,2,19,0,0,0,2,0,1,9,2,0,1,0,0,0,0,0,0
9663197,"MAHARASHTRA","MUMBAI II","MUMBAI_DYD_URC1 ( GRANT ROAD )",2,"Greater Mumbai_Municipal Corporations","G/North - Ward No. 185",,,,6,3,5,10,4,400028,2,1,3,0,2,10,0,0,0,2,0,1,9,2,0,1,0,0,0,0,0,0
4587762,"MAHARASHTRA","MUMBAI II","MUMBAI_DYD_URC5 ( ANDHERI )",2,"Greater Mumbai_Municipal Corporations","H/West - Ward No. 99",,,,6,3,5,10,5,400054,2,1,3,0,1,19,10,4,5,2,0,1,9,9,220,1,0,0,0,0,0,0
1503157,"MAHARASHTRA","MUMBAI II","MUMBAI_DYD_URC6 ( MALAD (W) )",2,"Greater Mumbai_Municipal Corporations","P/North - Ward No. 34",,,,6,3,5,10,5,400095,2,1,3,0,1,19,4,10,0,2,0,1,9,9,220,1,0,0,0,0,0,0
8617020,"MAHARASHTRA","MUMBAI II","MUMBAI_DYD_URC2 ( SION )",2,"Greater Mumbai_Municipal Corporations","E - Ward No. 210",,,,6,1,5,10,4,400027,2,2,3,0,1,19,0,0,0,2,0,1,9,2,220,1,0,0,0,0,0,0
7902989,"MAHARASHTRA","MUMBAI II","MUMBAI_DYD_URC5 ( ANDHERI )",2,"Greater Mumbai_Municipal Corporations","K/East - Ward No. 82",,,,6,3,5,10,5,400059,2,2,3,0,1,19,10,4,0,2,0,1,9,9,210,1,0,0,0,0,0,0
1837104,"MAHARASHTRA","MUMBAI II","MUMBAI_DYD_URC3 ( GHATKOPAR )",2,"Greater Mumbai_Municipal Corporations","L - Ward No. 160",,,,7,3,8,10,5,400086,2,1,3,0,2,19,0,0,0,2,0,1,9,9,218,1,0,0,0,0,0,0
3513616,"MAHARASHTRA","MUMBAI II","MUMBAI_DYD_URC6 ( MALAD (W) )",2,"Greater Mumbai_Municipal Corporations","P/South - Ward No. 50",,,,6,3,5,10,5,400064,2,2,3,0,1,19,0,0,0,2,0,1,9,9,0,1,0,0,0,0,0,0
7154110,"MAHARASHTRA","MUMBAI II","MUMBAI_DYD_URC1 ( GRANT ROAD )",2,"Greater Mumbai_Municipal Corporations","D - Ward No. 218",,,,6,3,5,10,4,400004,2,2,3,0,2,10,0,0,0,2,0,1,9,2,0,1,0,0,0,0,0,0
6206138,"MAHARASHTRA","MUMBAI II","MUMBAI_DYD_URC1 ( GRANT ROAD )",2,"Greater Mumbai_Municipal Corporations","G/South - Ward No. 193",,,,6,3,5,10,5,400030,2,2,3,0,2,19,10,4,0,2,0,1,9,9,220,1,0,0,0,0,0,0
3899645,"MAHARASHTRA","MUMBAI II","MUMBAI_DYD_URC1 ( GRANT ROAD )",2,"Greater Mumbai_Municipal Corporations","D - Ward No. 214",,,,6,3,1,10,5,400007,2,2,3,0,2,19,0,0,0,2,0,1,2,9,214,1,10,11,5,0,0,0
9322423,"MAHARASHTRA","MUMBAI II","MUMBAI_DYD_URC2 ( SION )",2,"Greater Mumbai_Municipal Corporations","A - Ward No. 225",,,,6,3,1,10,5,400008,2,2,3,0,1,19,0,0,0,3,0,1,2,9,0,1,0,92,0,35,0,0
9544874,"MAHARASHTRA","MUMBAI II","MUMBAI_DYD_URC1 ( GRANT ROAD )",2,"Greater Mumbai_Municipal Corporations","G/South - Ward No. 196",,,,6,3,1,10,5,400030,2,1,3,0,1,19,0,0,0,3,0,1,2,9,0,1,0,0,14,14,0,0
3497719,"MAHARASHTRA","MUMBAI II","MUMBAI_DYD_URC3 ( GHATKOPAR )",2,"Greater Mumbai_Municipal Corporations","N - Ward No. 128",,,,3,3,5,12,4,400086,2,1,3,0,1,4,0,0,0,2,2,1,9,2,216,1,0,0,0,0,0,0
9092663,"MAHARASHTRA","MUMBAI II","MUMBAI_DYD_URC4 ( MULUND )",2,"Greater Mumbai_Municipal Corporations","S - Ward No. 121",,,,3,3,1,12,5,400076,2,1,3,0,2,19,0,0,0,1,1,1,2,9,0,1,150,123,9,10,0,0
6864193,"MAHARASHTRA","MUMBAI II","MUMBAI_DYD_URC7 ( KANDIVALI (E) )",2,"Greater Mumbai_Municipal Corporations","R/South - Ward No. 21",,,,6,3,5,10,5,400067,2,2,3,0,1,19,0,0,0,2,0,1,9,9,190,1,0,0,0,0,0,0
7827818,"MAHARASHTRA","MUMBAI II","MUMBAI_DYD_URC3 ( GHATKOPAR )",2,"Greater Mumbai_Municipal Corporations","M/East - Ward No. 136",,,,6,3,5,10,4,400043,2,2,3,0,1,18,0,0,0,2,0,1,9,2,232,1,0,0,0,0,0,0
4751097,"MAHARASHTRA","MUMBAI II","MUMBAI_DYD_URC7 ( KANDIVALI (E) )",2,"Greater Mumbai_Municipal Corporations","R/North - Ward No. 8",,,,6,3,5,10,5,400092,2,1,3,0,1,19,0,0,0,2,0,1,9,9,0,1,0,0,0,0,0,0
8849908,"MAHARASHTRA","MUMBAI II","MUMBAI_DYD_URC1 ( GRANT ROAD )",2,"Greater Mumbai_Municipal Corporations","A - Ward No. 226",,,,6,3,5,10,4,400001,2,2,3,0,1,18,0,0,0,2,0,1,9,2,220,1,0,0,0,0,0,0
9570806,"MAHARASHTRA","MUMBAI II","MUMBAI_DYD_URC4 ( MULUND )",2,"Greater Mumbai_Municipal Corporations","T - Ward No. 105",,,,6,3,1,10,5,400081,2,2,3,0,2,19,4,10,0,3,0,1,1,9,0,1,3,3,0,0,4,1
6399184,"MAHARASHTRA","MUMBAI II","MUMBAI_DYD_URC3 ( GHATKOPAR )",2,"Greater Mumbai_Municipal Corporations","N - Ward No. 133",,,,6,3,5,10,5,400075,2,2,3,0,2,10,4,19,0,2,0,1,9,9,0,1,0,0,0,0,0,0
2753706,"MAHARASHTRA","MUMBAI II","MUMBAI_DYD_URC5 ( ANDHERI )",2,"Greater Mumbai_Municipal Corporations","K/East - Ward No. 76",,,,6,2,5,10,4,400093,2,2,3,0,1,19,10,4,0,2,0,1,9,2,0,1,0,0,0,0,0,0
4941872,"MAHARASHTRA","MUMBAI II","MUMBAI_DYD_URC5 ( ANDHERI )",2,"Greater Mumbai_Municipal Corporations","K/East - Ward No. 75",,,,6,3,5,10,4,400059,2,2,3,0,1,19,10,4,0,2,0,1,9,2,0,1,0,0,0,0,0,0
9897836,"MAHARASHTRA","MUMBAI II","MUMBAI_DYD_URC1 ( GRANT ROAD )",2,"Greater Mumbai_Municipal Corporations","D - Ward No. 215",,,,6,3,5,10,4,400034,2,1,3,0,2,10,0,0,0,2,0,1,9,2,3,1,0,0,0,0,0,0
5541010,"MAHARASHTRA","MUMBAI II","MUMBAI_DYD_URC1 ( GRANT ROAD )",2,"Greater Mumbai_Municipal Corporations","D - Ward No. 214",,,,7,3,8,10,4,400026,2,2,3,0,2,4,0,0,0,2,0,1,9,0,222,1,0,0,0,0,0,0
3108434,"MAHARASHTRA","MUMBAI II","MUMBAI_DYD_URC4 ( MULUND )",2,"Greater Mumbai_Municipal Corporations","S - Ward No. 120",,,,3,3,5,12,4,400083,2,2,3,0,2,10,0,0,0,2,2,1,9,2,0,1,0,0,0,0,0,0
2014705,"MAHARASHTRA","MUMBAI II","MUMBAI_DYD_URC5 ( ANDHERI )",2,"Greater Mumbai_Municipal Corporations","H/East - Ward No. 87",,,,3,3,1,12,5,400055,2,2,3,0,1,19,4,0,0,4,4,1,1,9,190,1,1,0,14,10,0,0
5326520,"MAHARASHTRA","MUMBAI II","MUMBAI_DYD_URC5 ( ANDHERI )",2,"Greater Mumbai_Municipal Corporations","H/West - Ward No. 97",,,,6,3,5,10,4,400054,2,2,3,0,1,4,10,19,0,2,0,1,9,2,0,1,0,0,0,0,0,0
2599665,"MAHARASHTRA","MUMBAI II","MUMBAI_DYD_URC6 ( MALAD (W) )",2,"Greater Mumbai_Municipal Corporations","K/West - Ward No. 70",,,,3,3,1,12,5,400056,2,2,3,0,1,19,0,0,0,4,4,1,2,9,0,1,6,9,1,1,0,0
9141585,"MAHARASHTRA","MUMBAI II","MUMBAI_DYD_URC2 ( SION )",2,"Greater Mumbai_Municipal Corporations","F/North - Ward No. 180",,,,7,3,8,10,5,400037,2,2,3,0,2,19,0,0,0,2,0,1,9,9,0,1,0,0,0,0,0,0
2611777,"MAHARASHTRA","MUMBAI II","MUMBAI_DYD_URC7 ( KANDIVALI (E) )",2,"Greater Mumbai_Municipal Corporations","R/Central - Ward No. 10",,,,3,3,5,12,5,400091,2,2,3,0,1,19,0,0,0,2,2,1,9,9,0,1,0,0,0,0,0,0
3675779,"MAHARASHTRA","MUMBAI II","MUMBAI_DYD_URC3 ( GHATKOPAR )",2,"Greater Mumbai_Municipal Corporations","N - Ward No. 131",,,,7,3,8,10,5,400075,2,2,3,0,2,10,0,0,0,2,0,1,9,9,224,1,0,0,0,0,0,0
7473843,"MAHARASHTRA","MUMBAI II","MUMBAI_DYD_URC1 ( GRANT ROAD )",2,"Greater Mumbai_Municipal Corporations","A - Ward No. 225",,,,11,3,11,12,4,400020,2,2,3,0,1,19,0,0,0,0,2,1,9,0,236,1,0,0,0,0,0,0
5894303,"MAHARASHTRA","MUMBAI II","MUMBAI_DYD_URC3 ( GHATKOPAR )",2,"Greater Mumbai_Municipal Corporations","M/East - Ward No. 135",,,,7,3,8,10,5,400043,2,2,3,0,2,19,0,0,0,2,0,1,9,9,0,1,0,0,0,0,0,0
2122304,"MAHARASHTRA","MUMBAI II","MUMBAI_DYD_URC5 ( ANDHERI )",2,"Greater Mumbai_Municipal Corporations","K/East - Ward No. 72",,,,6,3,5,10,5,400060,2,2,3,0,2,19,10,4,0,2,0,1,9,9,0,1,0,0,0,0,0,0
5915223,"MAHARASHTRA","MUMBAI II","MUMBAI_DYD_URC3 ( GHATKOPAR )",2,"Greater Mumbai_Municipal Corporations","M/East - Ward No. 145",,,,3,3,5,12,5,400088,2,2,3,0,1,19,4,10,0,2,2,1,9,9,197,1,0,0,0,0,0,0
7354094,"MAHARASHTRA","MUMBAI II","MUMBAI_DYD_URC3 ( GHATKOPAR )",2,"Greater Mumbai_Municipal Corporations","N - Ward No. 128",,,,6,3,5,10,4,400084,2,2,3,0,2,10,0,0,0,2,0,1,9,2,230,1,0,0,0,0,0,0
6843501,"MAHARASHTRA","MUMBAI II","MUMBAI_DYD_URC6 ( MALAD (W) )",2,"Greater Mumbai_Municipal Corporations","K/West - Ward No. 61",,,,6,3,5,10,5,400102,2,1,3,0,1,19,0,0,0,2,0,1,9,9,0,1,0,0,0,0,0,0
8912452,"MAHARASHTRA","MUMBAI II","MUMBAI_DYD_URC7 ( KANDIVALI (E) )",2,"Greater Mumbai_Municipal Corporations","M/West - Ward No. 152",,,,1,3,1,5,5,400103,2,2,3,0,2,19,0,0,0,3,3,1,2,9,0,1,0,0,0,0,0,0
7449179,"MAHARASHTRA","MUMBAI II","MUMBAI_DYD_URC5 ( ANDHERI )",2,"Greater Mumbai_Municipal Corporations","H/East - Ward No. 91",,,,7,3,6,10,4,400055,2,2,3,0,2,10,0,0,0,2,0,1,9,0,0,1,0,0,0,0,0,0
3674031,"MAHARASHTRA","MUMBAI II","MUMBAI_DYD_URC6 ( MALAD (W) )",2,"Greater Mumbai_Municipal Corporations","P/North - Ward No. 41",,,,6,3,5,10,4,400065,2,2,3,0,2,10,0,0,0,2,0,1,9,2,0,1,0,0,0,0,0,0
3295282,"MAHARASHTRA","MUMBAI II","MUMBAI_DYD_URC1 ( GRANT ROAD )",2,"Greater Mumbai_Municipal Corporations","D - Ward No. 215",,,,6,3,5,10,4,400007,2,1,3,0,2,19,4,0,0,2,0,1,9,2,234,1,0,0,0,0,0,0
7024062,"MAHARASHTRA","MUMBAI II","MUMBAI_DYD_URC3 ( GHATKOPAR )",2,"Greater Mumbai_Municipal Corporations","M/West - Ward No. 151",,,,6,3,5,10,5,400088,2,2,3,0,1,19,0,0,0,2,0,1,9,9,0,1,0,0,0,0,0,0
2553414,"MAHARASHTRA","MUMBAI II","MUMBAI_DYD_URC5 ( ANDHERI )",2,"Greater Mumbai_Municipal Corporations","K/East - Ward No. 84",,,,11,3,11,12,5,400057,2,2,3,0,1,19,0,0,0,0,2,1,9,9,220,1,0,0,0,0,0,0
6402495,"MAHARASHTRA","MUMBAI II","MUMBAI_DYD_URC1 ( GRANT ROAD )",2,"Greater Mumbai_Municipal Corporations","G/North - Ward No. 191",,,,7,3,8,10,4,400028,2,2,3,0,2,10,0,0,0,2,0,1,9,0,235,1,0,0,0,0,0,0
5024839,"MAHARASHTRA","MUMBAI II","MUMBAI_DYD_URC4 ( MULUND )",2,"Greater Mumbai_Municipal Corporations","T - Ward No. 107",,,,6,3,1,10,5,400081,2,2,3,0,2,19,0,0,0,1,0,1,2,9,220,1,13,7,3,0,0,0
9670297,"MAHARASHTRA","MUMBAI II","MUMBAI_DYD_URC2 ( SION )",2,"Greater Mumbai_Municipal Corporations","F/North - Ward No. 174",,,,3,3,5,12,4,400037,2,1,3,0,1,4,19,0,0,2,2,1,9,2,0,1,0,0,0,0,0,0
2421154,"MAHARASHTRA","MUMBAI II","MUMBAI_DYD_URC5 ( ANDHERI )",2,"Greater Mumbai_Municipal Corporations","H/West - Ward No. 97",,,,6,3,1,10,5,400054,2,2,3,0,1,19,0,0,0,4,0,1,2,9,0,1,12,17,5,4,0,0
6966497,"MAHARASHTRA","MUMBAI II","MUMBAI_DYD_URC1 ( GRANT ROAD )",2,"Greater Mumbai_Municipal Corporations","G/South - Ward No. 193",,,,3,3,1,12,5,400030,2,2,3,0,2,19,0,0,0,4,4,1,1,9,223,1,7,2,3,1,0,0
9516563,"MAHARASHTRA","MUMBAI II","MUMBAI_DYD_URC1 ( GRANT ROAD )",2,"Greater Mumbai_Municipal Corporations","D - Ward No. 219",,,,3,3,1,12,5,400006,2,2,3,0,1,19,0,0,0,1,1,1,1,9,0,1,51,25,2,1,0,0
2690736,"MAHARASHTRA","MUMBAI II","MUMBAI_DYD_URC4 ( MULUND )",2,"Greater Mumbai_Municipal Corporations","L - Ward No. 158",,,,6,3,5,10,5,400072,2,2,3,0,1,19,4,0,0,2,0,1,9,9,219,1,0,0,0,0,0,0
8358001,"MAHARASHTRA","MUMBAI II","MUMBAI_DYD_URC3 ( GHATKOPAR )",2,"Greater Mumbai_Municipal Corporations","M/East - Ward No. 145",,,,6,3,5,10,4,400088,2,2,3,0,2,10,0,0,0,2,0,1,9,2,222,1,0,0,0,0,0,0
1583537,"MAHARASHTRA","MUMBAI II","MUMBAI_DYD_URC3 ( GHATKOPAR )",2,"Greater Mumbai_Municipal Corporations","M/East - Ward No. 147",,,,6,3,5,10,5,400074,2,2,3,0,1,19,0,0,0,2,0,1,9,9,232,1,0,0,0,0,0,0
2295199,"MAHARASHTRA","MUMBAI II","MUMBAI_DYD_URC4 ( MULUND )",2,"Greater Mumbai_Municipal Corporations","S - Ward No. 110",,,,6,3,5,10,5,400078,2,2,3,0,1,19,0,0,0,2,0,1,9,9,220,1,0,0,0,0,0,0
2943702,"MAHARASHTRA","MUMBAI II","MUMBAI_DYD_URC1 ( GRANT ROAD )",2,"Greater Mumbai_Municipal Corporations","A - Ward No. 225",,,,11,3,11,12,1,400020,2,2,3,0,2,19,0,0,0,0,2,1,9,0,0,1,0,0,0,0,0,0
9258275,"MAHARASHTRA","MUMBAI II","MUMBAI_DYD_URC6 ( MALAD (W) )",2,"Greater Mumbai_Municipal Corporations","P/North - Ward No. 42",,,,6,3,5,10,4,400097,2,2,3,0,2,10,0,0,0,2,0,1,9,2,235,1,0,0,0,0,0,0
2786080,"MAHARASHTRA","MUMBAI II","MUMBAI_DYD_URC4 ( MULUND )",2,"Greater Mumbai_Municipal Corporations","S - Ward No. 122",,,,3,3,5,12,5,400076,2,1,3,0,1,19,0,0,0,2,2,1,9,9,0,1,0,0,0,0,0,0
7697088,"MAHARASHTRA","MUMBAI II","MUMBAI_DYD_URC1 ( GRANT ROAD )",2,"Greater Mumbai_Municipal Corporations","D - Ward No. 217",,,,3,3,5,12,4,400004,2,2,3,0,1,3,0,0,0,2,2,1,9,2,232,1,0,0,0,0,0,0
2404096,"MAHARASHTRA","MUMBAI II","MUMBAI_DYD_URC7 ( KANDIVALI (E) )",2,"Greater Mumbai_Municipal Corporations","R/Central - Ward No. 11",,,,6,3,5,10,4,400066,2,2,3,0,2,10,0,0,0,2,0,1,9,2,220,1,0,0,0,0,0,0
4934129,"MAHARASHTRA","MUMBAI II","MUMBAI_DYD_URC4 ( MULUND )",2,"Greater Mumbai_Municipal Corporations","L - Ward No. 171",,,,7,3,8,10,5,400070,2,2,3,0,1,19,0,0,0,2,0,1,9,9,230,1,0,0,0,0,0,0
2858508,"MAHARASHTRA","MUMBAI II","MUMBAI_DYD_URC3 ( GHATKOPAR )",2,"Greater Mumbai_Municipal Corporations","N - Ward No. 124",,,,7,3,8,10,5,400079,2,2,3,0,1,18,0,0,0,2,0,1,9,9,230,1,0,0,0,0,0,0
2369998,"MAHARASHTRA","MUMBAI II","MUMBAI_DYD_URC1 ( GRANT ROAD )",2,"Greater Mumbai_Municipal Corporations","C - Ward No. 222",,,,6,3,5,10,4,400002,2,2,3,0,1,19,0,0,0,2,0,1,9,2,0,1,0,0,0,0,0,0
5591724,"MAHARASHTRA","MUMBAI II","MUMBAI_DYD_URC2 ( SION )",2,"Greater Mumbai_Municipal Corporations","F/South - Ward No. 202",,,,6,3,5,10,4,400014,2,2,3,0,2,10,0,0,0,2,0,1,9,2,0,1,0,0,0,0,0,0
5570183,"MAHARASHTRA","MUMBAI II","MUMBAI_DYD_URC5 ( ANDHERI )",2,"Greater Mumbai_Municipal Corporations","H/East - Ward No. 93",,,,7,3,8,10,4,400051,2,2,3,0,2,10,0,0,0,2,0,1,9,0,0,1,0,0,0,0,0,0
4975489,"MAHARASHTRA","MUMBAI II","MUMBAI_DYD_URC3 ( GHATKOPAR )",2,"Greater Mumbai_Municipal Corporations","M/East - Ward No. 139",,,,3,3,1,12,5,400087,2,2,3,0,2,19,10,4,0,2,2,1,2,9,180,1,0,1,0,0,18,16
7966270,"MAHARASHTRA","MUMBAI II","MUMBAI_DYD_URC1 ( GRANT ROAD )",2,"Greater Mumbai_Municipal Corporations","C - Ward No. 222",,,,7,3,8,10,4,400002,2,2,3,0,2,10,0,0,0,2,0,1,9,0,239,1,0,0,0,0,0,0
5046992,"MAHARASHTRA","MUMBAI II","MUMBAI_DYD_URC5 ( ANDHERI )",2,"Greater Mumbai_Municipal Corporations","H/West - Ward No. 99",,,,11,3,11,12,5,400051,2,1,3,0,2,19,0,0,0,0,2,1,9,9,190,1,0,0,0,0,0,0
3567487,"MAHARASHTRA","MUMBAI II","MUMBAI_DYD_URC1 ( GRANT ROAD )",2,"Greater Mumbai_Municipal Corporations","A - Ward No. 225",,,,7,3,6,10,5,400001,2,2,3,0,1,19,0,0,0,4,0,1,9,9,192,1,0,0,0,0,0,0
8996919,"MAHARASHTRA","MUMBAI II","MUMBAI_DYD_URC7 ( KANDIVALI (E) )",2,"Greater Mumbai_Municipal Corporations","R/Central - Ward No. 16",,,,3,3,5,12,5,400091,2,2,3,0,1,19,0,0,0,2,2,1,9,9,0,1,0,0,0,0,0,0
8231992,"MAHARASHTRA","MUMBAI II","MUMBAI_DYD_URC3 ( GHATKOPAR )",2,"Greater Mumbai_Municipal Corporations","N - Ward No. 124",,,,3,3,5,12,4,400077,2,1,3,0,1,3,0,0,0,2,2,1,9,1,229,1,0,0,0,0,0,0
6945235,"MAHARASHTRA","MUMBAI II","MUMBAI_DYD_URC4 ( MULUND )",2,"Greater Mumbai_Municipal Corporations","L - Ward No. 167",,,,7,3,8,10,4,400070,2,2,3,0,2,18,0,0,0,2,0,1,9,0,0,1,0,0,0,0,0,0
3234428,"MAHARASHTRA","MUMBAI II","MUMBAI_DYD_URC3 ( GHATKOPAR )",2,"Greater Mumbai_Municipal Corporations","M/East - Ward No. 134",,,,6,2,5,10,5,400043,2,2,2,3,1,18,19,4,10,2,0,1,9,9,0,2,0,0,0,0,0,0
2197885,"MAHARASHTRA","MUMBAI II","MUMBAI_DYD_URC4 ( MULUND )",2,"Greater Mumbai_Municipal Corporations","S - Ward No. 113",,,,5,3,8,12,5,400078,2,1,3,0,2,19,4,10,0,2,2,1,9,9,217,1,0,0,0,0,0,0
2565129,"MAHARASHTRA","MUMBAI II","MUMBAI_DYD_URC4 ( MULUND )",2,"Greater Mumbai_Municipal Corporations","S - Ward No. 112",,,,11,3,11,12,4,400078,2,2,3,0,1,19,4,0,0,0,2,1,9,0,179,1,0,0,0,0,0,0
8439968,"MAHARASHTRA","MUMBAI II","MUMBAI_DYD_URC2 ( SION )",2,"Greater Mumbai_Municipal Corporations","F/South - Ward No. 205",,,,3,3,5,12,4,400033,2,2,3,0,2,10,19,0,0,2,2,1,9,2,230,1,0,0,0,0,0,0
3983411,"MAHARASHTRA","MUMBAI II","MUMBAI_DYD_URC6 ( MALAD (W) )",2,"Greater Mumbai_Municipal Corporations","K/West - Ward No. 66",,,,11,3,11,12,5,400058,2,2,3,0,1,19,0,0,0,0,2,1,9,9,0,1,0,0,0,0,0,0
8835458,"MAHARASHTRA","MUMBAI II","MUMBAI_DYD_URC3 ( GHATKOPAR )",2,"Greater Mumbai_Municipal Corporations","M/East - Ward No. 139",,,,3,3,5,12,4,400043,2,1,3,0,2,10,0,0,0,2,2,1,9,2,0,1,0,0,0,0,0,0
4198957,"MAHARASHTRA","MUMBAI II","MUMBAI_DYD_URC3 ( GHATKOPAR )",2,"Greater Mumbai_Municipal Corporations","N - Ward No. 123",,,,3,3,5,12,4,400079,2,2,3,0,2,10,19,0,0,2,2,1,9,2,220,1,0,0,0,0,0,0
4840123,"MAHARASHTRA","MUMBAI II","MUMBAI_DYD_URC4 ( MULUND )",2,"Greater Mumbai_Municipal Corporations","L - Ward No. 165",,,,6,3,5,10,4,400070,2,2,3,0,2,10,0,0,0,2,0,1,9,2,0,1,0,0,0,0,0,0
6412386,"MAHARASHTRA","MUMBAI II","MUMBAI_DYD_URC1 ( GRANT ROAD )",2,"Greater Mumbai_Municipal Corporations","C - Ward No. 222",,,,7,3,8,10,4,400002,2,2,3,0,2,4,0,0,0,2,0,1,9,0,0,1,0,0,0,0,0,0
5027616,"MAHARASHTRA","MUMBAI II","MUMBAI_DYD_URC4 ( MULUND )",2,"Greater Mumbai_Municipal Corporations","S - Ward No. 117",,,,3,3,5,12,4,400042,2,2,3,0,2,10,19,0,0,2,2,1,9,2,212,1,0,0,0,0,0,0
1819128,"MAHARASHTRA","MUMBAI II","MUMBAI_DYD_URC1 ( GRANT ROAD )",2,"Greater Mumbai_Municipal Corporations","G/South - Ward No. 194",,,,7,3,8,10,4,400028,2,2,3,0,2,10,0,0,0,2,0,1,9,0,198,1,0,0,0,0,0,0
4324829,"MAHARASHTRA","MUMBAI II","MUMBAI_DYD_URC4 ( MULUND )",2,"Greater Mumbai_Municipal Corporations","T - Ward No. 108",,,,6,3,1,10,5,400082,2,2,3,0,1,19,4,10,0,3,0,1,1,9,0,1,22,21,10,6,0,0
3610850,"MAHARASHTRA","MUMBAI II","MUMBAI_DYD_URC6 ( MALAD (W) )",2,"Greater Mumbai_Municipal Corporations","P/North - Ward No. 40",,,,3,3,1,12,5,400065,2,2,3,0,1,19,0,0,0,2,2,1,2,9,0,1,0,0,0,0,0,0
4208505,"MAHARASHTRA","MUMBAI II","MUMBAI_DYD_URC2 ( SION )",2,"Greater Mumbai_Municipal Corporations","F/North - Ward No. 177",,,,11,3,11,12,4,400031,2,2,3,0,2,19,0,0,0,0,2,1,9,0,0,1,0,0,0,0,0,0
4005579,"MAHARASHTRA","MUMBAI II","MUMBAI_DYD_URC4 ( MULUND )",2,"Greater Mumbai_Municipal Corporations","L - Ward No. 157",,,,3,3,5,12,4,400078,2,2,3,0,2,10,19,4,0,2,2,1,9,2,240,1,0,0,0,0,0,0
3128520,"MAHARASHTRA","MUMBAI II","MUMBAI_DYD_URC4 ( MULUND )",2,"Greater Mumbai_Municipal Corporations","T - Ward No. 104",,,,3,3,5,12,4,400080,2,1,3,0,1,19,0,0,0,2,2,1,9,2,0,1,0,0,0,0,0,0
1787782,"MAHARASHTRA","MUMBAI II","MUMBAI_DYD_URC4 ( MULUND )",2,"Greater Mumbai_Municipal Corporations","T - Ward No. 104",,,,3,3,5,12,5,400080,2,1,3,0,1,19,0,0,0,2,2,1,9,9,230,1,0,0,0,0,0,0
4212357,"MAHARASHTRA","MUMBAI II","MUMBAI_DYD_URC5 ( ANDHERI )",2,"Greater Mumbai_Municipal Corporations","K/East - Ward No. 84",,,,6,3,5,10,5,400057,2,2,3,0,2,19,0,0,0,2,0,1,9,9,209,1,0,0,0,0,0,0
1397644,"MAHARASHTRA","MUMBAI II","MUMBAI_DYD_URC4 ( MULUND )",2,"Greater Mumbai_Municipal Corporations","T - Ward No. 108",,,,6,3,5,10,4,400082,2,2,3,0,1,10,0,0,0,2,0,1,9,2,230,1,0,0,0,0,0,0
4798555,"MAHARASHTRA","MUMBAI II","MUMBAI_DYD_URC7 ( KANDIVALI (E) )",2,"Greater Mumbai_Municipal Corporations","R/Central - Ward No. 9",,,,11,3,11,12,5,400091,2,2,3,0,2,19,4,10,0,0,2,1,9,9,0,1,0,0,0,0,0,0
3023498,"MAHARASHTRA","MUMBAI II","MUMBAI_DYD_URC3 ( GHATKOPAR )",2,"Greater Mumbai_Municipal Corporations","M/East - Ward No. 138",,,,3,3,5,12,5,400043,2,2,3,0,2,19,0,0,0,2,2,1,9,9,220,1,0,0,0,0,0,0
4028545,"MAHARASHTRA","MUMBAI II","MUMBAI_DYD_URC1 ( GRANT ROAD )",2,"Greater Mumbai_Municipal Corporations","D - Ward No. 217",,,,6,3,5,10,5,400004,2,2,3,0,2,19,0,0,0,2,0,1,9,9,0,2,0,0,0,0,0,0
5315682,"MAHARASHTRA","MUMBAI II","MUMBAI_DYD_URC3 ( GHATKOPAR )",2,"Greater Mumbai_Municipal Corporations","N - Ward No. 126",,,,6,3,5,10,4,400086,2,2,3,0,2,10,0,0,0,2,0,1,9,2,226,1,0,0,0,0,0,0
5880864,"MAHARASHTRA","MUMBAI II","MUMBAI_DYD_URC4 ( MULUND )",2,"Greater Mumbai_Municipal Corporations","S - Ward No. 118",,,,11,3,11,12,5,400083,2,2,3,0,2,19,0,0,0,0,2,1,9,9,0,1,0,0,0,0,0,0
4208005,"MAHARASHTRA","MUMBAI II","MUMBAI_DYD_URC4 ( MULUND )",2,"Greater Mumbai_Municipal Corporations","L - Ward No. 167",,,,6,3,5,10,4,400070,2,2,3,0,2,10,0,0,0,2,0,1,9,2,0,1,0,0,0,0,0,0
9154962,"MAHARASHTRA","MUMBAI II","MUMBAI_DYD_URC7 ( KANDIVALI (E) )",2,"Greater Mumbai_Municipal Corporations","R/Central - Ward No. 14",,,,3,3,1,12,5,400092,2,2,3,0,2,19,4,10,0,1,1,1,1,9,0,1,16,26,12,11,0,0
3082133,"MAHARASHTRA","MUMBAI II","MUMBAI_DYD_URC6 ( MALAD (W) )",2,"Greater Mumbai_Municipal Corporations","P/North - Ward No. 48",,,,5,3,8,12,5,400095,2,1,3,0,1,19,0,0,0,2,2,1,9,9,198,1,0,0,0,0,0,0
3020188,"MAHARASHTRA","MUMBAI II","MUMBAI_DYD_URC4 ( MULUND )",2,"Greater Mumbai_Municipal Corporations","L - Ward No. 156",,,,11,3,11,12,5,400083,2,2,3,0,2,19,0,0,0,0,2,1,9,9,171,1,0,0,0,0,0,0
3019424,"MAHARASHTRA","MUMBAI II","MUMBAI_DYD_URC7 ( KANDIVALI (E) )",2,"Greater Mumbai_Municipal Corporations","R/South - Ward No. 19",,,,6,3,5,10,4,400067,2,1,3,0,2,10,19,0,0,2,0,1,9,2,0,1,0,0,0,0,0,0
1683229,"MAHARASHTRA","MUMBAI II","MUMBAI_DYD_URC6 ( MALAD (W) )",2,"Greater Mumbai_Municipal Corporations","P/South - Ward No. 55",,,,6,3,1,10,5,400102,2,1,1,3,2,19,4,10,0,2,0,1,2,9,0,1,0,0,0,0,0,0
8740252,"MAHARASHTRA","MUMBAI II","MUMBAI_DYD_URC7 ( KANDIVALI (E) )",2,"Greater Mumbai_Municipal Corporations","R/South - Ward No. 23",,,,3,3,1,12,5,400101,2,2,3,0,1,19,0,0,0,2,2,1,2,9,118,2,0,0,0,0,0,0
6908882,"MAHARASHTRA","MUMBAI II","MUMBAI_DYD_URC3 ( GHATKOPAR )",2,"Greater Mumbai_Municipal Corporations","M/East - Ward No. 148",,,,6,3,5,10,5,400074,2,1,1,3,2,19,0,0,0,2,0,1,9,9,0,1,0,0,0,0,0,0
4432117,"MAHARASHTRA","MUMBAI II","MUMBAI_DYD_URC3 ( GHATKOPAR )",2,"Greater Mumbai_Municipal Corporations","N - Ward No. 133",,,,6,3,5,10,5,400077,2,2,3,0,2,19,0,0,0,2,0,1,9,9,220,1,0,0,0,0,0,0
4048933,"MAHARASHTRA","MUMBAI II","MUMBAI_DYD_URC1 ( GRANT ROAD )",2,"Greater Mumbai_Municipal Corporations","E - Ward No. 211",,,,6,3,5,10,5,400008,2,2,3,0,2,19,0,0,0,2,0,1,9,9,220,1,0,0,0,0,0,0
5460994,"MAHARASHTRA","MUMBAI II","MUMBAI_DYD_URC4 ( MULUND )",2,"Greater Mumbai_Municipal Corporations","T - Ward No. 105",,,,3,3,1,12,5,400081,2,1,3,0,2,19,0,0,0,3,3,1,2,9,195,1,0,1,2,1,38,30
3999309,"MAHARASHTRA","MUMBAI II","MUMBAI_DYD_URC4 ( MULUND )",2,"Greater Mumbai_Municipal Corporations","S - Ward No. 114",,,,6,3,1,10,5,400078,2,2,3,0,2,19,10,4,0,2,0,1,2,9,0,1,10,12,1,2,0,0
2827186,"MAHARASHTRA","MUMBAI II","MUMBAI_DYD_URC6 ( MALAD (W) )",2,"Greater Mumbai_Municipal Corporations","P/North - Ward No. 33",,,,3,3,5,12,5,400095,2,2,3,0,1,19,0,0,0,2,2,1,9,9,210,1,0,0,0,0,0,0
2900890,"MAHARASHTRA","MUMBAI II","MUMBAI_DYD_URC6 ( MALAD (W) )",2,"Greater Mumbai_Municipal Corporations","K/West - Ward No. 62",,,,3,3,1,12,5,400102,2,2,3,0,1,19,4,10,0,2,2,1,2,9,225,1,0,0,1,0,0,0
5314665,"MAHARASHTRA","MUMBAI II","MUMBAI_DYD_URC5 ( ANDHERI )",2,"Greater Mumbai_Municipal Corporations","H/West - Ward No. 97",,,,3,3,1,12,5,400054,2,2,3,0,1,19,0,0,0,4,4,1,2,9,0,2,0,0,1,0,0,0
8489540,"MAHARASHTRA","MUMBAI II","MUMBAI_DYD_URC7 ( KANDIVALI (E) )",2,"Greater Mumbai_Municipal Corporations","R/North - Ward No. 6",,,,3,3,1,12,5,400068,2,2,3,0,1,19,10,4,0,2,2,1,2,9,204,1,1,0,1,3,0,0
6292584,"MAHARASHTRA","MUMBAI II","MUMBAI_DYD_URC6 ( MALAD (W) )",2,"Greater Mumbai_Municipal Corporations","P/South - Ward No. 54",,,,11,3,11,12,4,400102,2,2,3,0,2,19,0,0,0,0,2,1,9,0,0,1,0,0,0,0,0,0
2786834,"MAHARASHTRA","MUMBAI II","MUMBAI_DYD_URC7 ( KANDIVALI (E) )",2,"Greater Mumbai_Municipal Corporations","R/South - Ward No. 21",,,,11,3,11,12,5,400067,2,2,3,0,1,19,4,0,0,0,2,1,9,9,0,1,0,0,0,0,0,0
7177236,"MAHARASHTRA","MUMBAI II","MUMBAI_DYD_URC7 ( KANDIVALI (E) )",2,"Greater Mumbai_Municipal Corporations","R/Central - Ward No. 15",,,,10,3,9,12,5,400067,2,2,3,0,1,19,0,0,0,2,2,1,9,9,207,1,0,0,0,0,0,0
2794426,"MAHARASHTRA","MUMBAI II","MUMBAI_DYD_URC6 ( MALAD (W) )",2,"Greater Mumbai_Municipal Corporations","P/North - Ward No. 33",,,,7,3,6,10,5,400064,2,1,3,0,1,19,0,0,0,2,0,1,9,9,214,1,0,0,0,0,0,0
3024441,"MAHARASHTRA","MUMBAI II","MUMBAI_DYD_URC6 ( MALAD (W) )",2,"Greater Mumbai_Municipal Corporations","K/West - Ward No. 63",,,,3,3,5,12,5,400058,2,1,3,0,1,19,0,0,0,2,2,1,9,9,0,1,0,0,0,0,0,0
6756183,"MAHARASHTRA","MUMBAI II","MUMBAI_DYD_URC2 ( SION )",2,"Greater Mumbai_Municipal Corporations","F/North - Ward No. 180",,,,6,3,5,10,5,400014,2,1,3,0,1,19,0,0,0,2,0,1,9,9,220,1,0,0,0,0,0,0
9250168,"MAHARASHTRA","MUMBAI II","MUMBAI_DYD_URC6 ( MALAD (W) )",2,"Greater Mumbai_Municipal Corporations","K/West - Ward No. 70",,,,11,3,11,12,5,400049,2,2,3,0,1,19,0,0,0,0,4,1,9,9,0,1,0,0,0,0,0,0
1773932,"MAHARASHTRA","MUMBAI II","MUMBAI_DYD_URC6 ( MALAD (W) )",2,"Greater Mumbai_Municipal Corporations","P/South - Ward No. 50",,,,3,3,1,12,5,400064,2,2,3,0,1,19,0,0,0,4,4,1,2,9,0,1,8,12,3,0,0,0
6039620,"MAHARASHTRA","MUMBAI II","MUMBAI_DYD_URC1 ( GRANT ROAD )",2,"Greater Mumbai_Municipal Corporations","A - Ward No. 225",,,,6,3,1,10,5,400001,2,1,3,0,2,19,0,0,0,3,0,1,2,9,189,1,2,0,17,9,0,1
4104860,"MAHARASHTRA","MUMBAI II","MUMBAI_DYD_URC7 ( KANDIVALI (E) )",2,"Greater Mumbai_Municipal Corporations","R/South - Ward No. 29",,,,11,3,11,12,5,400101,2,1,3,0,2,19,0,0,0,0,2,1,9,9,0,1,0,0,0,0,0,0
4187854,"MAHARASHTRA","MUMBAI II","MUMBAI_DYD_URC6 ( MALAD (W) )",2,"Greater Mumbai_Municipal Corporations","K/West - Ward No. 61",,,,3,3,5,12,5,400102,2,1,3,0,2,19,0,0,0,2,2,1,9,9,0,1,0,0,0,0,0,0
9864475,"MAHARASHTRA","MUMBAI II","MUMBAI_DYD_URC4 ( MULUND )",2,"Greater Mumbai_Municipal Corporations","L - Ward No. 158",,,,3,3,1,12,5,400072,2,2,3,0,1,19,0,0,0,2,2,1,2,2,0,1,0,0,0,0,0,0
8370332,"MAHARASHTRA","MUMBAI II","MUMBAI_DYD_URC5 ( ANDHERI )",2,"Greater Mumbai_Municipal Corporations","P/South - Ward No. 52",,,,3,3,5,12,5,400065,2,2,3,0,2,19,0,0,0,2,2,1,9,9,220,1,0,0,0,0,0,0
9966698,"MAHARASHTRA","MUMBAI II","MUMBAI_DYD_URC6 ( MALAD (W) )",2,"Greater Mumbai_Municipal Corporations","K/West - Ward No. 61",,,,3,3,1,12,5,400058,2,1,3,0,2,19,0,0,0,4,4,1,2,9,0,1,8,4,0,1,0,0
1105893,"MAHARASHTRA","MUMBAI II","MUMBAI_DYD_URC2 ( SION )",2,"Greater Mumbai_Municipal Corporations","E - Ward No. 209",,,,6,3,5,10,4,400010,2,1,3,0,1,19,0,0,0,2,0,1,9,2,226,2,0,0,0,0,0,0
1726283,"MAHARASHTRA","MUMBAI II","MUMBAI_DYD_URC7 ( KANDIVALI (E) )",2,"Greater Mumbai_Municipal Corporations","R/South - Ward No. 22",,,,3,3,5,12,5,400067,2,2,3,0,2,19,0,0,0,2,2,1,9,9,220,1,0,0,0,0,0,0
4556205,"MAHARASHTRA","MUMBAI II","MUMBAI_DYD_URC5 ( ANDHERI )",2,"Greater Mumbai_Municipal Corporations","H/East - Ward No. 90",,,,6,2,5,10,4,400029,2,1,3,0,1,19,0,0,0,2,0,1,9,2,220,1,0,0,0,0,0,0
3360596,"MAHARASHTRA","MUMBAI II","MUMBAI_DYD_URC4 ( MULUND )",2,"Greater Mumbai_Municipal Corporations","L - Ward No. 168",,,,6,3,5,10,5,400070,2,2,3,0,1,19,0,0,0,2,0,1,9,9,0,1,0,0,0,0,0,0
3419683,"MAHARASHTRA","MUMBAI II","MUMBAI_DYD_URC6 ( MALAD (W) )",2,"Greater Mumbai_Municipal Corporations","K/West - Ward No. 61",,,,6,3,5,10,5,400061,2,2,3,0,1,19,0,0,0,2,0,1,9,9,0,1,0,0,0,0,0,0
5528770,"MAHARASHTRA","MUMBAI II","MUMBAI_DYD_URC7 ( KANDIVALI (E) )",2,"Greater Mumbai_Municipal Corporations","R/South - Ward No. 26",,,,6,3,5,10,5,400101,2,2,3,0,2,19,0,0,0,2,0,1,9,9,230,1,0,0,0,0,0,0
3992350,"MAHARASHTRA","MUMBAI II","MUMBAI_DYD_URC1 ( GRANT ROAD )",2,"Greater Mumbai_Municipal Corporations","G/South - Ward No. 194",,,,11,3,11,12,5,400028,2,2,3,0,1,19,0,0,0,0,2,1,9,9,192,2,0,0,0,0,0,0
1615403,"MAHARASHTRA","MUMBAI II","MUMBAI_DYD_URC1 ( GRANT ROAD )",2,"Greater Mumbai_Municipal Corporations","D - Ward No. 214",,,,3,3,5,12,4,400034,2,1,3,0,2,10,19,0,0,2,2,1,9,2,220,1,0,0,0,0,0,0
9117703,"MAHARASHTRA","MUMBAI II","MUMBAI_DYD_URC2 ( SION )",2,"Greater Mumbai_Municipal Corporations","E - Ward No. 210",,,,6,3,1,10,5,400010,2,2,3,0,1,19,0,0,0,3,0,1,1,9,220,1,29,28,2,4,0,0
9226616,"MAHARASHTRA","MUMBAI II","MUMBAI_DYD_URC7 ( KANDIVALI (E) )",2,"Greater Mumbai_Municipal Corporations","R/South - Ward No. 20",,,,6,3,5,10,5,400067,2,2,2,3,1,19,10,4,0,2,0,1,9,9,0,1,0,0,0,0,0,0
4236441,"MAHARASHTRA","MUMBAI II","MUMBAI_DYD_URC1 ( GRANT ROAD )",2,"Greater Mumbai_Municipal Corporations","D - Ward No. 217",,,,3,3,1,12,5,400007,2,2,3,0,1,19,0,0,0,4,4,1,2,9,196,1,20,26,0,3,0,0
8697773,"MAHARASHTRA","MUMBAI II","MUMBAI_DYD_URC7 ( KANDIVALI (E) )",2,"Greater Mumbai_Municipal Corporations","R/North - Ward No. 6",,,,6,3,5,10,4,400068,2,1,3,0,1,3,0,0,0,2,0,1,9,2,238,1,0,0,0,0,0,0
1737376,"MAHARASHTRA","MUMBAI II","MUMBAI_DYD_URC1 ( GRANT ROAD )",2,"Greater Mumbai_Municipal Corporations","A - Ward No. 225",,,,11,3,11,12,5,400001,2,2,3,0,1,19,0,0,0,0,4,1,9,9,184,1,0,0,0,0,0,0
6540353,"MAHARASHTRA","MUMBAI II","MUMBAI_DYD_URC6 ( MALAD (W) )",2,"Greater Mumbai_Municipal Corporations","P/North - Ward No. 46",,,,6,3,5,10,5,400064,2,2,3,0,2,19,0,0,0,2,0,1,9,9,230,1,0,0,0,0,0,0
2746464,"MAHARASHTRA","MUMBAI II","MUMBAI_DYD_URC6 ( MALAD (W) )",2,"Greater Mumbai_Municipal Corporations","P/North - Ward No. 46",,,,5,3,8,12,4,400064,2,1,3,0,1,4,19,0,0,2,2,1,9,0,0,2,0,0,0,0,0,0
5708583,"MAHARASHTRA","MUMBAI II","MUMBAI_DYD_URC4 ( MULUND )",2,"Greater Mumbai_Municipal Corporations","L - Ward No. 168",,,,3,3,5,12,4,400070,2,2,3,0,1,19,0,0,0,2,2,1,9,2,225,1,0,0,0,0,0,0
2201741,"MAHARASHTRA","MUMBAI II","MUMBAI_DYD_URC4 ( MULUND )",2,"Greater Mumbai_Municipal Corporations","L - Ward No. 156",,,,6,3,1,10,5,400072,2,2,3,0,1,19,0,0,0,3,0,1,2,9,220,1,75,51,3,4,0,0
1346120,"MAHARASHTRA","MUMBAI II","MUMBAI_DYD_URC1 ( GRANT ROAD )",2,"Greater Mumbai_Municipal Corporations","A - Ward No. 225",,,,3,3,1,12,5,400001,2,2,3,0,1,19,0,0,0,3,3,1,1,9,195,1,18,19,0,0,0,0
8895956,"MAHARASHTRA","MUMBAI II","MUMBAI_DYD_URC4 ( MULUND )",2,"Greater Mumbai_Municipal Corporations","S - Ward No. 114",,,,3,3,5,12,5,400078,2,2,3,0,2,19,0,0,0,2,2,1,9,2,230,1,0,0,0,0,0,0
4056320,"MAHARASHTRA","MUMBAI II","MUMBAI_DYD_URC1 ( GRANT ROAD )",2,"Greater Mumbai_Municipal Corporations","C - Ward No. 222",,,,6,3,5,10,4,400002,2,2,3,0,2,10,0,0,0,2,0,1,9,2,0,1,0,0,0,0,0,0
5494437,"MAHARASHTRA","MUMBAI II","MUMBAI_DYD_URC5 ( ANDHERI )",2,"Greater Mumbai_Municipal Corporations","P/South - Ward No. 54",,,,3,3,5,12,4,400063,2,1,3,0,1,19,0,0,0,2,2,1,9,2,0,1,0,0,0,0,0,0
2176293,"MAHARASHTRA","MUMBAI II","MUMBAI_DYD_URC5 ( ANDHERI )",2,"Greater Mumbai_Municipal Corporations","H/West - Ward No. 102",,,,6,3,5,10,4,400050,2,1,3,0,2,10,0,0,0,2,0,1,9,2,233,1,0,0,0,0,0,0
7462321,"MAHARASHTRA","MUMBAI II","MUMBAI_DYD_URC3 ( GHATKOPAR )",2,"Greater Mumbai_Municipal Corporations","S - Ward No. 120",,,,6,3,5,10,4,400079,2,2,3,0,1,19,0,0,0,2,0,1,9,2,210,1,0,0,0,0,0,0
6100135,"MAHARASHTRA","MUMBAI II","MUMBAI_DYD_URC4 ( MULUND )",2,"Greater Mumbai_Municipal Corporations","S - Ward No. 119",,,,6,2,5,10,4,400083,2,2,3,0,1,18,0,0,0,2,0,1,9,2,234,1,0,0,0,0,0,0
5572683,"MAHARASHTRA","MUMBAI II","MUMBAI_DYD_URC5 ( ANDHERI )",2,"Greater Mumbai_Municipal Corporations","H/West - Ward No. 101",,,,3,1,5,12,4,400050,2,1,3,0,1,19,0,0,0,2,2,1,9,2,0,1,0,0,0,0,0,0
2178034,"MAHARASHTRA","MUMBAI II","MUMBAI_DYD_URC6 ( MALAD (W) )",2,"Greater Mumbai_Municipal Corporations","P/North - Ward No. 43",,,,6,3,5,10,5,400097,2,2,3,0,2,19,0,0,0,2,0,1,9,9,208,1,0,0,0,0,0,0
7460595,"MAHARASHTRA","MUMBAI II","MUMBAI_DYD_URC7 ( KANDIVALI (E) )",2,"Greater Mumbai_Municipal Corporations","R/South - Ward No. 29",,,,3,3,5,12,5,400101,2,1,3,0,1,19,0,0,0,2,2,1,9,9,221,1,0,0,0,0,0,0
9975056,"MAHARASHTRA","MUMBAI II","MUMBAI_DYD_URC6 ( MALAD (W) )",2,"Greater Mumbai_Municipal Corporations","P/North - Ward No. 49",,,,3,3,5,12,5,400095,2,2,3,0,2,19,0,0,0,2,2,1,9,9,0,1,0,0,0,0,0,0
9638556,"MAHARASHTRA","MUMBAI II","MUMBAI_DYD_URC3 ( GHATKOPAR )",2,"Greater Mumbai_Municipal Corporations","M/East - Ward No. 139",,,,11,3,11,12,4,400089,2,2,3,0,1,19,0,0,0,0,2,1,9,0,230,1,0,0,0,0,0,0
7591123,"MAHARASHTRA","MUMBAI II","MUMBAI_DYD_URC5 ( ANDHERI )",2,"Greater Mumbai_Municipal Corporations","H/West - Ward No. 102",,,,6,3,1,10,5,400050,2,2,3,0,2,19,0,0,0,3,0,1,1,9,0,1,17,8,0,0,0,0
9655648,"MAHARASHTRA","MUMBAI II","MUMBAI_DYD_URC1 ( GRANT ROAD )",2,"Greater Mumbai_Municipal Corporations","D - Ward No. 216",,,,6,2,5,10,5,400008,2,2,3,0,1,19,0,0,0,2,0,1,9,9,1,1,0,0,0,0,0,0
9073452,"MAHARASHTRA","MUMBAI II","MUMBAI_DYD_URC1 ( GRANT ROAD )",2,"Greater Mumbai_Municipal Corporations","D - Ward No. 219",,,,6,3,1,10,5,400006,2,2,3,0,1,19,0,0,0,1,0,1,2,9,0,1,0,0,21,10,0,0
3853373,"MAHARASHTRA","MUMBAI II","MUMBAI_DYD_URC7 ( KANDIVALI (E) )",2,"Greater Mumbai_Municipal Corporations","R/South - Ward No. 25",,,,11,3,11,12,5,400101,2,1,3,0,1,19,0,0,0,0,2,1,9,9,220,1,0,0,0,0,0,0
8512495,"MAHARASHTRA","MUMBAI II","MUMBAI_DYD_URC1 ( GRANT ROAD )",2,"Greater Mumbai_Municipal Corporations","D - Ward No. 216",,,,11,3,11,12,4,400008,2,2,3,0,2,19,0,0,0,0,2,1,9,0,0,1,0,0,0,0,0,0
1916086,"MAHARASHTRA","MUMBAI II","MUMBAI_DYD_URC5 ( ANDHERI )",2,"Greater Mumbai_Municipal Corporations","K/East - Ward No. 72",,,,7,3,8,10,4,400060,2,2,3,0,2,10,0,0,0,2,0,1,9,0,234,1,0,0,0,0,0,0
1589117,"MAHARASHTRA","MUMBAI II","MUMBAI_DYD_URC3 ( GHATKOPAR )",2,"Greater Mumbai_Municipal Corporations","M/East - Ward No. 136",,,,6,3,5,10,5,400043,2,2,3,0,2,19,10,4,0,2,0,1,9,9,220,1,0,0,0,0,0,0
6042327,"MAHARASHTRA","MUMBAI II","MUMBAI_DYD_URC5 ( ANDHERI )",2,"Greater Mumbai_Municipal Corporations","H/East - Ward No. 92",,,,6,3,1,10,5,400051,2,2,3,0,2,19,0,0,0,4,0,1,1,9,190,1,4,6,0,0,0,0
5523516,"MAHARASHTRA","MUMBAI II","MUMBAI_DYD_URC3 ( GHATKOPAR )",2,"Greater Mumbai_Municipal Corporations","M/East - Ward No. 138",,,,6,3,5,10,4,400043,2,2,3,0,1,18,0,0,0,2,0,1,9,2,226,1,0,0,0,0,0,0
1263824,"MAHARASHTRA","MUMBAI II","MUMBAI_DYD_URC6 ( MALAD (W) )",2,"Greater Mumbai_Municipal Corporations","K/West - Ward No. 62",,,,11,2,11,12,5,400061,2,2,3,0,1,19,0,0,0,0,2,1,9,9,0,2,0,0,0,0,0,0
3010693,"MAHARASHTRA","MUMBAI II","MUMBAI_DYD_URC5 ( ANDHERI )",2,"Greater Mumbai_Municipal Corporations","H/West - Ward No. 99",,,,6,3,5,10,4,400052,2,2,3,0,1,19,4,10,0,2,0,1,9,2,230,1,0,0,0,0,0,0
4401435,"MAHARASHTRA","MUMBAI II","MUMBAI_DYD_URC6 ( MALAD (W) )",2,"Greater Mumbai_Municipal Corporations","K/West - Ward No. 67",,,,8,3,9,10,4,400058,2,2,3,0,2,10,0,0,0,2,0,1,9,0,231,1,0,0,0,0,0,0
5990930,"MAHARASHTRA","MUMBAI II","MUMBAI_DYD_URC5 ( ANDHERI )",2,"Greater Mumbai_Municipal Corporations","P/South - Ward No. 52",,,,3,3,1,12,5,400063,2,2,3,0,1,19,0,0,0,3,3,1,2,9,220,1,66,43,10,19,0,0
8687506,"MAHARASHTRA","MUMBAI II","MUMBAI_DYD_URC2 ( SION )",2,"Greater Mumbai_Municipal Corporations","F/North - Ward No. 177",,,,3,3,5,12,4,400019,2,1,3,0,1,4,0,0,0,2,2,1,9,2,0,1,0,0,0,0,0,0
4806440,"MAHARASHTRA","MUMBAI II","MUMBAI_DYD_URC5 ( ANDHERI )",2,"Greater Mumbai_Municipal Corporations","H/East - Ward No. 92",,,,7,3,8,10,5,400009,2,2,3,0,1,19,0,0,0,4,0,1,9,9,210,1,0,0,0,0,0,0
2479489,"MAHARASHTRA","MUMBAI II","MUMBAI_DYD_URC6 ( MALAD (W) )",2,"Greater Mumbai_Municipal Corporations","P/South - Ward No. 57",,,,5,3,8,12,4,400102,2,1,3,0,1,5,0,0,0,2,2,1,9,0,238,1,0,0,0,0,0,0
6789140,"MAHARASHTRA","MUMBAI II","MUMBAI_DYD_URC6 ( MALAD (W) )",2,"Greater Mumbai_Municipal Corporations","P/North - Ward No. 37",,,,6,3,5,10,4,400097,2,2,3,0,2,10,0,0,0,2,0,1,9,2,230,1,0,0,0,0,0,0
4129170,"MAHARASHTRA","MUMBAI II","MUMBAI_DYD_URC2 ( SION )",2,"Greater Mumbai_Municipal Corporations","F/North - Ward No. 172",,,,11,3,11,12,4,400022,2,2,3,0,1,19,4,10,0,0,2,1,9,0,0,1,0,0,0,0,0,0
6193670,"MAHARASHTRA","MUMBAI II","MUMBAI_DYD_URC2 ( SION )",2,"Greater Mumbai_Municipal Corporations","F/South - Ward No. 202",,,,3,3,5,12,4,400014,2,2,3,0,1,19,0,0,0,2,2,1,9,2,212,1,0,0,0,0,0,0
9858451,"MAHARASHTRA","MUMBAI II","MUMBAI_DYD_URC6 ( MALAD (W) )",2,"Greater Mumbai_Municipal Corporations","K/West - Ward No. 70",,,,6,3,5,10,5,400058,2,2,3,0,2,19,0,0,0,2,0,1,9,9,0,1,0,0,0,0,0,0
2740486,"MAHARASHTRA","MUMBAI II","MUMBAI_DYD_URC4 ( MULUND )",2,"Greater Mumbai_Municipal Corporations","S - Ward No. 120",,,,6,3,5,10,5,400083,2,2,3,0,2,19,0,0,0,2,0,1,9,9,213,1,0,0,0,0,0,0
8112205,"MAHARASHTRA","MUMBAI II","MUMBAI_DYD_URC3 ( GHATKOPAR )",2,"Greater Mumbai_Municipal Corporations","M/West - Ward No. 152",,,,3,3,1,12,5,400071,2,2,3,0,1,19,0,0,0,1,1,1,2,9,228,1,0,0,20,20,0,0
4159300,"MAHARASHTRA","MUMBAI II","MUMBAI_DYD_URC7 ( KANDIVALI (E) )",2,"Greater Mumbai_Municipal Corporations","R/South - Ward No. 26",,,,6,3,5,10,4,400101,2,2,3,0,2,10,0,0,0,2,0,1,9,2,221,1,0,0,0,0,0,0
9172179,"MAHARASHTRA","MUMBAI II","MUMBAI_DYD_URC4 ( MULUND )",2,"Greater Mumbai_Municipal Corporations","S - Ward No. 122",,,,8,3,9,10,5,400076,2,2,1,3,1,18,0,0,0,2,0,1,9,9,231,1,0,0,0,0,0,0
6989939,"MAHARASHTRA","MUMBAI II","MUMBAI_DYD_URC3 ( GHATKOPAR )",2,"Greater Mumbai_Municipal Corporations","M/East - Ward No. 136",,,,3,3,5,12,5,400043,2,1,2,3,1,19,4,0,0,2,2,1,9,9,0,2,0,0,0,0,0,0
1676857,"MAHARASHTRA","MUMBAI II","MUMBAI_DYD_URC5 ( ANDHERI )",2,"Greater Mumbai_Municipal Corporations","H/West - Ward No. 101",,,,3,3,1,12,5,400050,2,2,3,0,1,19,0,0,0,4,4,1,2,9,193,1,19,9,0,0,1,0
1850421,"MAHARASHTRA","MUMBAI II","MUMBAI_DYD_URC4 ( MULUND )",2,"Greater Mumbai_Municipal Corporations","S - Ward No. 118",,,,6,3,5,10,4,400083,2,2,3,0,2,10,0,0,0,2,0,1,9,2,230,1,0,0,0,0,0,0
3922423,"MAHARASHTRA","MUMBAI II","MUMBAI_DYD_URC3 ( GHATKOPAR )",2,"Greater Mumbai_Municipal Corporations","N - Ward No. 131",,,,7,3,8,10,4,400075,2,1,3,0,1,4,19,0,0,2,0,1,9,0,220,1,0,0,0,0,0,0
6887269,"MAHARASHTRA","MUMBAI II","MUMBAI_DYD_URC6 ( MALAD (W) )",2,"Greater Mumbai_Municipal Corporations","P/South - Ward No. 50",,,,3,3,1,12,5,400064,2,1,3,0,1,19,0,0,0,4,4,1,2,9,220,1,0,0,0,0,0,0
3722598,"MAHARASHTRA","MUMBAI II","MUMBAI_DYD_URC7 ( KANDIVALI (E) )",2,"Greater Mumbai_Municipal Corporations","R/Central - Ward No. 16",,,,6,3,5,10,5,400091,2,1,3,0,1,19,0,0,0,2,0,1,9,9,0,1,0,0,0,0,0,0
6977125,"MAHARASHTRA","MUMBAI II","MUMBAI_DYD_URC6 ( MALAD (W) )",2,"Greater Mumbai_Municipal Corporations","P/North - Ward No. 33",,,,6,3,5,10,5,400095,2,1,3,0,2,19,10,4,0,2,0,1,9,9,0,1,0,0,0,0,0,0
1443315,"MAHARASHTRA","MUMBAI II","MUMBAI_DYD_URC5 ( ANDHERI )",2,"Greater Mumbai_Municipal Corporations","K/East - Ward No. 78",,,,6,3,5,10,5,400060,2,2,3,0,1,19,0,0,0,2,0,1,9,9,185,1,0,0,0,0,0,0
7388367,"MAHARASHTRA","MUMBAI II","MUMBAI_DYD_URC7 ( KANDIVALI (E) )",2,"Greater Mumbai_Municipal Corporations","R/North - Ward No. 4",,,,6,3,5,10,5,400068,2,2,3,0,2,19,0,0,0,2,0,1,9,9,222,1,0,0,0,0,0,0
6529656,"MAHARASHTRA","MUMBAI II","MUMBAI_DYD_URC6 ( MALAD (W) )",2,"Greater Mumbai_Municipal Corporations","P/South - Ward No. 54",,,,11,3,11,12,5,400101,2,2,3,0,1,19,0,0,0,0,2,1,9,9,240,2,0,0,0,0,0,0
1927981,"MAHARASHTRA","MUMBAI II","MUMBAI_DYD_URC7 ( KANDIVALI (E) )",2,"Greater Mumbai_Municipal Corporations","R/North - Ward No. 6",,,,7,3,8,10,5,400068,2,2,3,0,2,10,4,19,0,2,0,1,9,9,0,1,0,0,0,0,0,0
8217019,"MAHARASHTRA","MUMBAI II","MUMBAI_DYD_URC6 ( MALAD (W) )",2,"Greater Mumbai_Municipal Corporations","K/West - Ward No. 61",,,,6,3,1,10,5,400102,2,2,3,0,1,19,0,0,0,4,0,1,1,9,0,1,2,4,0,0,0,0
9818627,"MAHARASHTRA","MUMBAI II","MUMBAI_DYD_URC1 ( GRANT ROAD )",2,"Greater Mumbai_Municipal Corporations","D - Ward No. 218",,,,6,3,5,10,5,400004,2,2,3,0,1,19,0,0,0,2,0,1,9,9,220,1,0,0,0,0,0,0
1229423,"MAHARASHTRA","MUMBAI II","MUMBAI_DYD_URC5 ( ANDHERI )",2,"Greater Mumbai_Municipal Corporations","P/South - Ward No. 54",,,,5,3,8,12,4,400063,2,2,3,0,2,10,19,0,0,2,2,1,9,0,220,1,0,0,0,0,0,0
3460074,"MAHARASHTRA","MUMBAI II","MUMBAI_DYD_URC4 ( MULUND )",2,"Greater Mumbai_Municipal Corporations","S - Ward No. 112",,,,5,3,8,12,4,400078,2,2,3,0,1,4,19,10,0,2,2,1,9,0,230,1,0,0,0,0,0,0
3350090,"MAHARASHTRA","MUMBAI II","MUMBAI_DYD_URC3 ( GHATKOPAR )",2,"Greater Mumbai_Municipal Corporations","N - Ward No. 124",,,,3,3,5,12,5,400086,2,1,3,0,2,19,0,0,0,2,2,1,9,9,0,1,0,0,0,0,0,0
1583446,"MAHARASHTRA","MUMBAI II","MUMBAI_DYD_URC3 ( GHATKOPAR )",2,"Greater Mumbai_Municipal Corporations","N - Ward No. 132",,,,3,3,5,12,4,400077,2,1,3,0,2,10,19,0,0,2,2,1,9,2,231,1,0,0,0,0,0,0
4098885,"MAHARASHTRA","MUMBAI II","MUMBAI_DYD_URC4 ( MULUND )",2,"Greater Mumbai_Municipal Corporations","S - Ward No. 122",,,,6,3,5,10,4,400076,2,2,3,0,2,10,0,0,0,2,0,1,9,2,233,1,0,0,0,0,0,0
6153138,"MAHARASHTRA","MUMBAI II","MUMBAI_DYD_URC5 ( ANDHERI )",2,"Greater Mumbai_Municipal Corporations","H/West - Ward No. 101",,,,6,2,5,10,4,400050,2,2,3,0,1,19,10,4,0,2,0,1,9,2,240,1,0,0,0,0,0,0
2106628,"MAHARASHTRA","MUMBAI II","MUMBAI_DYD_URC2 ( SION )",2,"Greater Mumbai_Municipal Corporations","F/North - Ward No. 177",,,,11,2,11,12,4,400019,2,2,3,0,1,19,0,0,0,0,2,1,9,0,0,1,0,0,0,0,0,0
2606914,"MAHARASHTRA","MUMBAI II","MUMBAI_DYD_URC7 ( KANDIVALI (E) )",2,"Greater Mumbai_Municipal Corporations","R/Central - Ward No. 15",,,,3,3,5,12,4,400092,2,1,3,0,1,3,19,0,0,2,2,1,9,2,0,1,0,0,0,0,0,0
2482599,"MAHARASHTRA","MUMBAI II","MUMBAI_DYD_URC3 ( GHATKOPAR )",2,"Greater Mumbai_Municipal Corporations","M/East - Ward No. 142",,,,6,3,1,10,5,400074,2,2,1,3,2,19,0,0,0,2,0,1,2,9,0,1,26,19,0,0,0,0
1770346,"MAHARASHTRA","MUMBAI II","MUMBAI_DYD_URC3 ( GHATKOPAR )",2,"Greater Mumbai_Municipal Corporations","R/North - Ward No. 8",,,,6,3,1,10,5,400043,2,1,3,0,2,19,0,0,0,2,0,1,2,9,0,1,26,23,0,7,1,0
3057591,"MAHARASHTRA","MUMBAI II","MUMBAI_DYD_URC4 ( MULUND )",2,"Greater Mumbai_Municipal Corporations","S - Ward No. 118",,,,3,3,5,12,5,400083,2,2,3,0,2,19,0,0,0,2,2,1,9,9,220,1,0,0,0,0,0,0
9772203,"MAHARASHTRA","MUMBAI II","MUMBAI_DYD_URC1 ( GRANT ROAD )",2,"Greater Mumbai_Municipal Corporations","D - Ward No. 216",,,,7,3,8,10,4,400008,2,2,3,0,2,10,0,0,0,2,0,1,9,0,231,1,0,0,0,0,0,0
2125038,"MAHARASHTRA","MUMBAI II","MUMBAI_DYD_URC4 ( MULUND )",2,"Greater Mumbai_Municipal Corporations","T - Ward No. 103",,,,11,3,11,12,5,400080,2,2,3,0,2,19,0,0,0,0,2,1,9,9,250,1,0,0,0,0,0,0
8047546,"MAHARASHTRA","MUMBAI II","MUMBAI_DYD_URC1 ( GRANT ROAD )",2,"Greater Mumbai_Municipal Corporations","A - Ward No. 225",,,,6,3,5,10,5,400020,2,2,3,0,1,19,0,0,0,2,0,1,9,9,232,1,0,0,0,0,0,0
9837348,"MAHARASHTRA","MUMBAI II","MUMBAI_DYD_URC7 ( KANDIVALI (E) )",2,"Greater Mumbai_Municipal Corporations","R/South - Ward No. 19",,,,6,3,5,10,4,400067,2,2,3,0,1,4,19,10,0,2,0,1,9,2,0,1,0,0,0,0,0,0
9016906,"MAHARASHTRA","MUMBAI II","MUMBAI_DYD_URC2 ( SION )",2,"Greater Mumbai_Municipal Corporations","E - Ward No. 210",,,,3,3,5,12,4,400010,2,1,3,0,1,10,19,0,0,2,2,1,9,2,220,1,0,0,0,0,0,0
9394125,"MAHARASHTRA","MUMBAI II","MUMBAI_DYD_URC6 ( MALAD (W) )",2,"Greater Mumbai_Municipal Corporations","P/North - Ward No. 46",,,,6,3,5,10,4,400064,2,2,3,0,2,10,19,4,0,2,0,1,9,2,0,1,0,0,0,0,0,0
7838325,"MAHARASHTRA","MUMBAI II","MUMBAI_DYD_URC4 ( MULUND )",2,"Greater Mumbai_Municipal Corporations","S - Ward No. 110",,,,6,3,5,10,4,400078,2,2,3,0,1,4,0,0,0,2,0,1,9,2,0,1,0,0,0,0,0,0
8700444,"MAHARASHTRA","MUMBAI II","MUMBAI_DYD_URC6 ( MALAD (W) )",2,"Greater Mumbai_Municipal Corporations","P/North - Ward No. 36",,,,6,3,1,10,5,400097,2,1,3,0,1,19,10,4,0,2,0,1,2,9,0,2,0,0,0,0,0,0
4810202,"MAHARASHTRA","MUMBAI II","MUMBAI_DYD_URC3 ( GHATKOPAR )",2,"Greater Mumbai_Municipal Corporations","M/East - Ward No. 142",,,,6,3,5,10,4,400043,2,2,3,0,1,4,10,0,0,2,0,1,9,2,228,1,0,0,0,0,0,0
3709666,"MAHARASHTRA","MUMBAI II","MUMBAI_DYD_URC1 ( GRANT ROAD )",2,"Greater Mumbai_Municipal Corporations","A - Ward No. 227",,,,3,3,1,12,92,400005,2,2,3,0,2,19,4,0,0,1,1,1,1,1,0,1,16,16,21,19,9,10
9444111,"MAHARASHTRA","MUMBAI II","MUMBAI_DYD_URC7 ( KANDIVALI (E) )",2,"Greater Mumbai_Municipal Corporations","R/South - Ward No. 29",,,,6,3,5,10,4,400101,2,1,3,0,1,4,19,0,0,2,0,1,9,2,209,1,0,0,0,0,0,0
3064354,"MAHARASHTRA","MUMBAI II","MUMBAI_DYD_URC1 ( GRANT ROAD )",2,"Greater Mumbai_Municipal Corporations","G/North - Ward No. 191",,,,6,3,5,10,4,400016,2,2,3,0,1,4,0,0,0,2,0,1,9,2,220,1,0,0,0,0,0,0
1301309,"MAHARASHTRA","MUMBAI II","MUMBAI_DYD_URC3 ( GHATKOPAR )",2,"Greater Mumbai_Municipal Corporations","M/East - Ward No. 138",,,,6,3,5,10,5,400043,2,2,2,3,1,19,4,10,18,2,0,1,9,9,220,1,0,0,0,0,0,0
9183590,"MAHARASHTRA","MUMBAI II","MUMBAI_DYD_URC4 ( MULUND )",2,"Greater Mumbai_Municipal Corporations","L - Ward No. 170",,,,6,3,5,10,4,400070,2,1,3,0,1,18,0,0,0,2,0,1,9,2,220,1,0,0,0,0,0,0
7824385,"MAHARASHTRA","MUMBAI II","MUMBAI_DYD_URC1 ( GRANT ROAD )",2,"Greater Mumbai_Municipal Corporations","G/South - Ward No. 195",,,,6,3,5,10,4,400013,2,2,3,0,1,19,0,0,0,2,0,1,9,2,230,1,0,0,0,0,0,0
2486616,"MAHARASHTRA","MUMBAI II","MUMBAI_DYD_URC4 ( MULUND )",2,"Greater Mumbai_Municipal Corporations","L - Ward No. 170",,,,6,3,5,10,4,400022,2,2,3,0,2,10,0,0,0,2,0,1,9,2,219,1,0,0,0,0,0,0
5150527,"MAHARASHTRA","MUMBAI II","MUMBAI_DYD_URC7 ( KANDIVALI (E) )",2,"Greater Mumbai_Municipal Corporations","R/South - Ward No. 21",,,,6,3,1,10,5,400067,2,1,3,0,2,19,0,0,0,3,0,1,1,9,0,1,40,36,18,17,26,29
6431932,"MAHARASHTRA","MUMBAI II","MUMBAI_DYD_URC7 ( KANDIVALI (E) )",2,"Greater Mumbai_Municipal Corporations","R/North MCGM - Ward No.2",,,,6,3,5,10,5,400068,2,1,3,0,1,19,0,0,0,2,0,1,9,9,220,1,0,0,0,0,0,0
6286312,"MAHARASHTRA","MUMBAI II","MUMBAI_DYD_URC3 ( GHATKOPAR )",2,"Greater Mumbai_Municipal Corporations","N - Ward No. 130",,,,6,3,1,10,5,400086,2,2,3,0,1,19,0,0,0,1,0,1,2,9,218,1,24,16,8,4,0,0
6847986,"MAHARASHTRA","MUMBAI II","MUMBAI_DYD_URC6 ( MALAD (W) )",2,"Greater Mumbai_Municipal Corporations","K/West - Ward No. 66",,,,11,3,11,12,5,400058,2,2,3,0,1,19,0,0,0,0,2,1,9,9,230,2,0,0,0,0,0,0
6678576,"MAHARASHTRA","MUMBAI II","MUMBAI_DYD_URC6 ( MALAD (W) )",2,"Greater Mumbai_Municipal Corporations","P/South - Ward No. 51",,,,6,3,5,10,4,400097,2,1,3,0,1,18,0,0,0,2,0,1,9,2,0,1,0,0,0,0,0,0
6143934,"MAHARASHTRA","MUMBAI II","MUMBAI_DYD_URC4 ( MULUND )",2,"Greater Mumbai_Municipal Corporations","S - Ward No. 115",,,,7,3,8,10,4,400078,2,2,3,0,1,18,0,0,0,2,0,1,9,0,225,1,0,0,0,0,0,0
7518995,"MAHARASHTRA","MUMBAI II","MUMBAI_DYD_URC3 ( GHATKOPAR )",2,"Greater Mumbai_Municipal Corporations","N - Ward No. 131",,,,6,3,5,10,5,400077,2,2,3,0,1,19,0,0,0,2,0,1,9,9,220,1,0,0,0,0,0,0
4698011,"MAHARASHTRA","MUMBAI II","MUMBAI_DYD_URC7 ( KANDIVALI (E) )",2,"Greater Mumbai_Municipal Corporations","R/South - Ward No. 23",,,,3,3,1,12,5,400101,2,2,3,0,1,19,0,0,0,1,1,1,2,9,0,1,40,41,23,14,0,0
3915937,"MAHARASHTRA","MUMBAI II","MUMBAI_DYD_URC1 ( GRANT ROAD )",2,"Greater Mumbai_Municipal Corporations","D - Ward No. 215",,,,6,3,1,10,5,400007,2,2,3,0,1,19,0,0,0,4,0,1,1,9,206,1,22,14,3,3,0,0
8182865,"MAHARASHTRA","MUMBAI II","MUMBAI_DYD_URC6 ( MALAD (W) )",2,"Greater Mumbai_Municipal Corporations","P/North - Ward No. 33",,,,7,3,6,10,5,400095,2,2,3,0,2,19,0,0,0,2,0,1,9,9,0,1,0,0,0,0,0,0
7805316,"MAHARASHTRA","MUMBAI II","MUMBAI_DYD_URC1 ( GRANT ROAD )",2,"Greater Mumbai_Municipal Corporations","A - Ward No. 225",,,,6,3,5,10,4,400005,2,1,3,0,2,10,0,0,0,2,0,1,9,2,236,1,0,0,0,0,0,0
9857607,"MAHARASHTRA","MUMBAI II","MUMBAI_DYD_URC2 ( SION )",2,"Greater Mumbai_Municipal Corporations","F/South - Ward No. 204",,,,3,3,5,12,4,400012,2,1,3,0,1,3,19,0,0,2,2,1,9,2,230,1,0,0,0,0,0,0
2421477,"MAHARASHTRA","MUMBAI II","MUMBAI_DYD_URC1 ( GRANT ROAD )",2,"Greater Mumbai_Municipal Corporations","G/North - Ward No. 191",,,,5,3,8,12,4,400016,2,2,3,0,2,10,19,0,0,2,2,1,9,0,230,1,0,0,0,0,0,0
1522422,"MAHARASHTRA","MUMBAI II","MUMBAI_DYD_URC1 ( GRANT ROAD )",2,"Greater Mumbai_Municipal Corporations","B - Ward No. 223",,,,6,1,5,10,4,400009,2,2,3,0,1,19,0,0,0,2,0,1,9,2,0,1,0,0,0,0,0,0
7570738,"MAHARASHTRA","MUMBAI II","MUMBAI_DYD_URC2 ( SION )",2,"Greater Mumbai_Municipal Corporations","F/North - Ward No. 177",,,,6,1,5,10,4,400019,2,2,3,0,1,19,0,0,0,2,0,1,9,2,215,1,0,0,0,0,0,0
4479863,"MAHARASHTRA","MUMBAI II","MUMBAI_DYD_URC2 ( SION )",2,"Greater Mumbai_Municipal Corporations","F/South - Ward No. 206",,,,7,3,8,10,4,400015,2,2,3,0,1,18,0,0,0,2,0,1,9,0,230,2,0,0,0,0,0,0
9241029,"MAHARASHTRA","MUMBAI II","MUMBAI_DYD_URC1 ( GRANT ROAD )",2,"Greater Mumbai_Municipal Corporations","G/North - Ward No. 191",,,,5,3,8,12,4,400028,2,1,3,0,1,19,10,4,0,2,2,1,9,0,224,1,0,0,0,0,0,0
6752063,"MAHARASHTRA","MUMBAI II","MUMBAI_DYD_URC5 ( ANDHERI )",2,"Greater Mumbai_Municipal Corporations","H/East - Ward No. 92",,,,6,3,1,10,5,400051,2,2,3,0,1,19,0,0,0,3,0,1,1,9,202,1,97,63,0,0,0,0
2001972,"MAHARASHTRA","MUMBAI II","MUMBAI_DYD_URC5 ( ANDHERI )",2,"Greater Mumbai_Municipal Corporations","H/West - Ward No. 101",,,,11,3,11,12,4,400050,2,2,3,0,1,19,0,0,0,0,2,1,9,0,0,2,0,0,0,0,0,0
3615013,"MAHARASHTRA","MUMBAI II","MUMBAI_DYD_URC6 ( MALAD (W) )",2,"Greater Mumbai_Municipal Corporations","K/West - Ward No. 69",,,,3,3,5,12,4,400056,2,2,3,0,1,3,19,0,0,2,2,1,9,2,200,1,0,0,0,0,0,0
2866825,"MAHARASHTRA","MUMBAI II","MUMBAI_DYD_URC6 ( MALAD (W) )",2,"Greater Mumbai_Municipal Corporations","K/West - Ward No. 66",,,,5,3,8,12,4,400058,2,2,3,0,1,4,0,0,0,2,2,1,9,0,0,1,0,0,0,0,0,0
8899126,"MAHARASHTRA","MUMBAI II","MUMBAI_DYD_URC7 ( KANDIVALI (E) )",2,"Greater Mumbai_Municipal Corporations","R/South - Ward No. 26",,,,6,3,5,10,4,400101,2,2,3,0,1,4,19,0,0,2,0,1,9,2,0,1,0,0,0,0,0,0
1324530,"MAHARASHTRA","MUMBAI II","MUMBAI_DYD_URC3 ( GHATKOPAR )",2,"Greater Mumbai_Municipal Corporations","M/East - Ward No. 135",,,,6,3,5,10,4,400043,2,1,3,0,2,10,0,0,0,2,0,1,9,2,0,1,0,0,0,0,0,0
4677383,"MAHARASHTRA","MUMBAI II","MUMBAI_DYD_URC3 ( GHATKOPAR )",2,"Greater Mumbai_Municipal Corporations","N - Ward No. 130",,,,6,2,5,10,5,400086,2,2,3,0,1,19,0,0,0,2,0,1,9,9,229,1,0,0,0,0,0,0
8382644,"MAHARASHTRA","MUMBAI II","MUMBAI_DYD_URC6 ( MALAD (W) )",2,"Greater Mumbai_Municipal Corporations","P/North - Ward No. 49",,,,6,3,5,10,5,400061,2,2,3,0,2,19,10,4,0,2,0,1,9,9,0,2,0,0,0,0,0,0
4736121,"MAHARASHTRA","MUMBAI II","MUMBAI_DYD_URC6 ( MALAD (W) )",2,"Greater Mumbai_Municipal Corporations","P/North - Ward No. 43",,,,6,3,1,10,5,400095,2,1,1,3,1,19,10,4,0,2,0,1,2,9,220,1,19,9,9,18,0,0
9973697,"MAHARASHTRA","MUMBAI II","MUMBAI_DYD_URC4 ( MULUND )",2,"Greater Mumbai_Municipal Corporations","T - Ward No. 103",,,,6,3,5,10,5,400080,2,2,3,0,1,19,0,0,0,2,0,1,9,9,214,1,0,0,0,0,0,0
7188039,"MAHARASHTRA","MUMBAI II","MUMBAI_DYD_URC2 ( SION )",2,"Greater Mumbai_Municipal Corporations","G/North - Ward No. 186",,,,2,3,1,8,5,400004,2,1,3,0,2,19,0,0,0,0,0,1,2,9,190,1,49,59,0,1,0,0
6248402,"MAHARASHTRA","MUMBAI II","MUMBAI_DYD_URC5 ( ANDHERI )",2,"Greater Mumbai_Municipal Corporations","L - Ward No. 160",,,,6,3,5,10,4,400072,2,1,3,0,2,10,0,0,0,2,0,1,9,2,0,1,0,0,0,0,0,0
3157889,"MAHARASHTRA","MUMBAI II","MUMBAI_DYD_URC4 ( MULUND )",2,"Greater Mumbai_Municipal Corporations","T - Ward No. 106",,,,11,3,11,12,4,400081,2,2,3,0,2,19,0,0,0,0,2,1,9,0,0,1,0,0,0,0,0,0
6262062,"MAHARASHTRA","MUMBAI II","MUMBAI_DYD_URC4 ( MULUND )",2,"Greater Mumbai_Municipal Corporations","T - Ward No. 107",,,,6,3,5,10,4,400080,2,2,3,0,1,3,0,0,0,2,0,1,9,2,235,1,0,0,0,0,0,0
9251614,"MAHARASHTRA","MUMBAI II","MUMBAI_DYD_URC6 ( MALAD (W) )",2,"Greater Mumbai_Municipal Corporations","P/North - Ward No. 33",,,,6,3,5,10,4,400095,2,1,3,0,1,4,0,0,0,2,0,1,9,2,0,1,0,0,0,0,0,0
6584433,"MAHARASHTRA","MUMBAI II","MUMBAI_DYD_URC4 ( MULUND )",2,"Greater Mumbai_Municipal Corporations","T - Ward No. 107",,,,3,3,5,12,4,400080,2,1,3,0,1,4,19,0,0,2,2,1,9,2,215,1,0,0,0,0,0,0
5708406,"MAHARASHTRA","MUMBAI II","MUMBAI_DYD_URC4 ( MULUND )",2,"Greater Mumbai_Municipal Corporations","N - Ward No. 124",,,,6,3,5,10,5,400078,2,2,3,0,2,19,0,0,0,2,0,1,9,9,0,1,0,0,0,0,0,0
1834114,"MAHARASHTRA","MUMBAI II","MUMBAI_DYD_URC7 ( KANDIVALI (E) )",2,"Greater Mumbai_Municipal Corporations","R/Central - Ward No. 18",,,,6,3,1,10,5,400067,2,2,3,0,2,19,0,0,0,3,0,1,2,9,0,1,0,0,1,2,9,7
7831254,"MAHARASHTRA","MUMBAI II","MUMBAI_DYD_URC4 ( MULUND )",2,"Greater Mumbai_Municipal Corporations","L - Ward No. 158",,,,6,3,5,10,5,400072,2,2,3,0,1,19,4,10,0,2,0,1,9,9,0,1,0,0,0,0,0,0
3750565,"MAHARASHTRA","MUMBAI II","MUMBAI_DYD_URC2 ( SION )",2,"Greater Mumbai_Municipal Corporations","E - Ward No. 211",,,,6,3,5,10,5,400008,2,2,3,0,1,19,0,0,0,2,0,1,9,9,0,1,0,0,0,0,0,0
3856068,"MAHARASHTRA","MUMBAI II","MUMBAI_DYD_URC7 ( KANDIVALI (E) )",2,"Greater Mumbai_Municipal Corporations","R/South - Ward No. 30",,,,6,3,5,10,5,400067,2,2,3,0,1,19,0,0,0,2,0,1,9,9,230,1,0,0,0,0,0,0
9194497,"MAHARASHTRA","MUMBAI II","MUMBAI_DYD_URC1 ( GRANT ROAD )",2,"Greater Mumbai_Municipal Corporations","G/North - Ward No. 191",,,,6,3,5,10,4,400016,2,2,3,0,2,3,0,0,0,2,0,1,9,2,230,1,0,0,0,0,0,0
2454071,"MAHARASHTRA","MUMBAI II","MUMBAI_DYD_URC3 ( GHATKOPAR )",2,"Greater Mumbai_Municipal Corporations","M/West - Ward No. 152",,,,5,3,8,12,5,400071,2,2,3,0,1,19,0,0,0,2,2,1,9,9,217,1,0,0,0,0,0,0
8682977,"MAHARASHTRA","MUMBAI II","MUMBAI_DYD_URC5 ( ANDHERI )",2,"Greater Mumbai_Municipal Corporations","K/East - Ward No. 84",,,,3,3,1,12,5,400057,2,2,3,0,2,19,0,0,0,1,1,1,2,9,0,1,1,0,0,0,0,0
5255745,"MAHARASHTRA","MUMBAI II","MUMBAI_DYD_URC6 ( MALAD (W) )",2,"Greater Mumbai_Municipal Corporations","K/West - Ward No. 66",,,,11,3,11,12,5,400058,2,1,3,0,2,19,0,0,0,0,2,1,9,9,249,1,0,0,0,0,0,0
3875818,"MAHARASHTRA","MUMBAI II","MUMBAI_DYD_URC1 ( GRANT ROAD )",2,"Greater Mumbai_Municipal Corporations","D - Ward No. 215",,,,6,3,5,10,4,400007,2,2,3,0,1,19,0,0,0,2,0,1,9,2,0,1,0,0,0,0,0,0
4986357,"MAHARASHTRA","MUMBAI II","MUMBAI_DYD_URC4 ( MULUND )",2,"Greater Mumbai_Municipal Corporations","S - Ward No. 122",,,,7,3,8,10,4,400076,2,2,3,0,1,10,0,0,0,2,0,1,9,0,235,1,0,0,0,0,0,0
4743597,"MAHARASHTRA","MUMBAI II","MUMBAI_DYD_URC7 ( KANDIVALI (E) )",2,"Greater Mumbai_Municipal Corporations","R/Central - Ward No. 9",,,,11,3,11,12,4,400091,2,1,3,0,2,19,0,0,0,0,2,1,9,0,230,1,0,0,0,0,0,0
6892278,"MAHARASHTRA","MUMBAI II","MUMBAI_DYD_URC1 ( GRANT ROAD )",2,"Greater Mumbai_Municipal Corporations","E - Ward No. 211",,,,6,1,5,10,4,400008,2,2,3,0,1,18,0,0,0,2,0,1,9,2,238,1,0,0,0,0,0,0
7519035,"MAHARASHTRA","MUMBAI II","MUMBAI_DYD_URC6 ( MALAD (W) )",2,"Greater Mumbai_Municipal Corporations","P/North - Ward No. 45",,,,6,3,5,10,5,400095,2,2,3,0,2,19,0,0,0,2,0,1,9,9,0,1,0,0,0,0,0,0
8664806,"MAHARASHTRA","MUMBAI II","MUMBAI_DYD_URC5 ( ANDHERI )",2,"Greater Mumbai_Municipal Corporations","K/East - Ward No. 78",,,,6,3,5,10,4,400060,2,2,3,0,1,18,0,0,0,2,0,1,9,2,220,1,0,0,0,0,0,0
8166539,"MAHARASHTRA","MUMBAI II","MUMBAI_DYD_URC2 ( SION )",2,"Greater Mumbai_Municipal Corporations","F/North - Ward No. 172",,,,6,3,5,10,4,400022,2,1,3,0,1,19,0,0,0,2,0,1,9,2,0,1,0,0,0,0,0,0
5234727,"MAHARASHTRA","MUMBAI II","MUMBAI_DYD_URC4 ( MULUND )",2,"Greater Mumbai_Municipal Corporations","S - Ward No. 116",,,,3,3,5,12,4,400078,2,1,3,0,1,19,10,4,0,2,2,1,9,2,210,1,0,0,0,0,0,0
3999596,"MAHARASHTRA","MUMBAI II","MUMBAI_DYD_URC1 ( GRANT ROAD )",2,"Greater Mumbai_Municipal Corporations","D - Ward No. 219",,,,3,3,1,12,5,400006,2,1,3,0,2,19,0,0,0,4,4,1,2,9,0,1,9,2,3,0,0,0
7625076,"MAHARASHTRA","MUMBAI II","MUMBAI_DYD_URC2 ( SION )",2,"Greater Mumbai_Municipal Corporations","E - Ward No. 210",,,,8,3,9,10,5,400027,2,2,3,0,1,19,0,0,0,2,0,1,9,9,218,1,0,0,0,0,0,0
7785674,"MAHARASHTRA","MUMBAI II","MUMBAI_DYD_URC5 ( ANDHERI )",2,"Greater Mumbai_Municipal Corporations","K/East - Ward No. 83",,,,3,3,5,12,4,400099,2,2,3,0,2,19,0,0,0,2,2,1,9,2,234,1,0,0,0,0,0,0
2631058,"MAHARASHTRA","MUMBAI II","MUMBAI_DYD_URC7 ( KANDIVALI (E) )",2,"Greater Mumbai_Municipal Corporations","R/North - Ward No. 4",,,,6,3,5,10,4,400068,2,1,3,0,1,19,0,0,0,2,0,1,9,2,226,1,0,0,0,0,0,0
4160364,"MAHARASHTRA","MUMBAI II","MUMBAI_DYD_URC1 ( GRANT ROAD )",2,"Greater Mumbai_Municipal Corporations","C - Ward No. 222",,,,6,2,5,10,4,400002,2,2,3,0,1,19,0,0,0,2,0,1,9,2,218,1,0,0,0,0,0,0
5017356,"MAHARASHTRA","MUMBAI II","MUMBAI_DYD_URC5 ( ANDHERI )",2,"Greater Mumbai_Municipal Corporations","K/East - Ward No. 85",,,,11,3,11,12,4,400057,2,2,3,0,2,19,0,0,0,0,2,1,9,0,220,1,0,0,0,0,0,0
4395480,"MAHARASHTRA","MUMBAI II","MUMBAI_DYD_URC1 ( GRANT ROAD )",2,"Greater Mumbai_Municipal Corporations","D - Ward No. 218",,,,6,3,5,10,4,400004,2,2,3,0,1,10,19,0,0,2,0,1,9,2,220,1,0,0,0,0,0,0
1671484,"MAHARASHTRA","MUMBAI II","MUMBAI_DYD_URC2 ( SION )",2,"Greater Mumbai_Municipal Corporations","F/North - Ward No. 180",,,,7,3,8,10,4,400017,2,2,3,0,2,10,19,0,0,2,0,1,9,0,240,1,0,0,0,0,0,0
6130490,"MAHARASHTRA","MUMBAI II","MUMBAI_DYD_URC4 ( MULUND )",2,"Greater Mumbai_Municipal Corporations","S - Ward No. 121",,,,6,3,5,10,4,400087,2,2,3,0,2,10,0,0,0,2,0,1,9,2,225,1,0,0,0,0,0,0
5519187,"MAHARASHTRA","MUMBAI II","MUMBAI_DYD_URC7 ( KANDIVALI (E) )",2,"Greater Mumbai_Municipal Corporations","R/South - Ward No. 28",,,,6,3,5,10,5,400101,2,1,3,0,1,19,10,4,0,2,0,1,9,9,213,1,0,0,0,0,0,0
9026019,"MAHARASHTRA","MUMBAI II","MUMBAI_DYD_URC3 ( GHATKOPAR )",2,"Greater Mumbai_Municipal Corporations","M/East - Ward No. 140",,,,6,3,5,10,4,400043,2,2,3,0,1,4,10,19,0,2,0,1,9,2,0,1,0,0,0,0,0,0
9651497,"MAHARASHTRA","MUMBAI II","MUMBAI_DYD_URC6 ( MALAD (W) )",2,"Greater Mumbai_Municipal Corporations","P/North - Ward No. 35",,,,6,3,5,10,4,400064,2,1,3,0,1,3,4,0,0,2,0,1,9,2,0,1,0,0,0,0,0,0
9558040,"MAHARASHTRA","MUMBAI II","MUMBAI_DYD_URC7 ( KANDIVALI (E) )",2,"Greater Mumbai_Municipal Corporations","R/South - Ward No. 29",,,,11,3,11,12,5,400101,2,2,1,3,2,19,0,0,0,0,2,1,9,9,245,2,0,0,0,0,0,0
6378359,"MAHARASHTRA","MUMBAI II","MUMBAI_DYD_URC5 ( ANDHERI )",2,"Greater Mumbai_Municipal Corporations","H/West - Ward No. 98",,,,3,3,1,12,5,400052,2,2,3,0,1,19,0,0,0,3,3,1,2,9,212,1,60,42,0,1,0,0
9093274,"MAHARASHTRA","MUMBAI II","MUMBAI_DYD_URC6 ( MALAD (W) )",2,"Greater Mumbai_Municipal Corporations","K/West - Ward No. 70",,,,6,3,1,10,5,400056,2,2,3,0,1,19,0,0,0,3,0,1,1,9,0,1,59,48,3,0,0,0
4879125,"MAHARASHTRA","MUMBAI II","MUMBAI_DYD_URC4 ( MULUND )",2,"Greater Mumbai_Municipal Corporations","S - Ward No. 111",,,,6,3,1,10,5,400078,2,2,3,0,2,19,4,10,0,3,0,1,2,9,190,1,75,55,18,16,0,0
3513525,"MAHARASHTRA","MUMBAI II","MUMBAI_DYD_URC6 ( MALAD (W) )",2,"Greater Mumbai_Municipal Corporations","P/North - Ward No. 37",,,,3,3,5,12,5,400097,2,2,3,0,1,19,4,10,0,2,2,1,9,9,220,1,0,0,0,0,0,0
7016371,"MAHARASHTRA","MUMBAI II","MUMBAI_DYD_URC3 ( GHATKOPAR )",2,"Greater Mumbai_Municipal Corporations","M/West - Ward No. 149",,,,6,3,5,10,5,400089,2,2,3,0,2,19,0,0,0,2,0,1,9,9,220,1,0,0,0,0,0,0
5093495,"MAHARASHTRA","MUMBAI II","MUMBAI_DYD_URC3 ( GHATKOPAR )",2,"Greater Mumbai_Municipal Corporations","M/East - Ward No. 134",,,,6,3,5,10,4,400088,1,2,1,4,2,10,0,0,0,2,0,1,9,2,0,1,0,0,0,0,0,0
8826322,"MAHARASHTRA","MUMBAI II","MUMBAI_DYD_URC2 ( SION )",2,"Greater Mumbai_Municipal Corporations","G/North - Ward No. 187",,,,6,3,5,10,5,400017,2,1,3,0,1,19,0,0,0,2,0,1,9,9,0,1,0,0,0,0,0,0
7115834,"MAHARASHTRA","MUMBAI II","MUMBAI_DYD_URC1 ( GRANT ROAD )",2,"Greater Mumbai_Municipal Corporations","C - Ward No. 222",,,,3,3,5,12,5,400004,2,2,3,0,1,19,0,0,0,2,2,1,9,9,220,1,0,0,0,0,0,0
3267707,"MAHARASHTRA","MUMBAI II","MUMBAI_DYD_URC4 ( MULUND )",2,"Greater Mumbai_Municipal Corporations","H/West - Ward No. 100",,,,3,3,5,12,5,400081,2,2,3,0,2,19,0,0,0,2,2,1,9,9,230,1,0,0,0,0,0,0
7837786,"MAHARASHTRA","MUMBAI II","MUMBAI_DYD_URC3 ( GHATKOPAR )",2,"Greater Mumbai_Municipal Corporations","L - Ward No. 160",,,,5,3,8,12,5,400084,2,1,3,0,2,19,0,0,0,2,2,1,9,9,210,1,0,0,0,0,0,0
3309058,"MAHARASHTRA","MUMBAI II","MUMBAI_DYD_URC1 ( GRANT ROAD )",2,"Greater Mumbai_Municipal Corporations","D - Ward No. 214",,,,3,3,1,12,5,400026,2,2,3,0,1,19,0,0,0,4,4,1,2,9,200,1,0,0,0,0,0,0
3884314,"MAHARASHTRA","MUMBAI II","MUMBAI_DYD_URC4 ( MULUND )",2,"Greater Mumbai_Municipal Corporations","L - Ward No. 169",,,,6,3,5,10,5,400024,2,2,3,0,2,19,4,10,0,2,0,1,9,9,220,1,0,0,0,0,0,0
1096492,"MAHARASHTRA","MUMBAI II","MUMBAI_DYD_URC7 ( KANDIVALI (E) )",2,"Greater Mumbai_Municipal Corporations","R/North - Ward No. 8",,,,3,3,5,12,4,400103,2,2,3,0,1,19,0,0,0,2,2,1,9,2,210,1,0,0,0,0,0,0
8759283,"MAHARASHTRA","MUMBAI II","MUMBAI_DYD_URC3 ( GHATKOPAR )",2,"Greater Mumbai_Municipal Corporations","M/East - Ward No. 141",,,,7,3,8,10,4,400088,2,2,3,0,2,10,0,0,0,2,0,1,9,0,0,1,0,0,0,0,0,0
9839887,"MAHARASHTRA","MUMBAI II","MUMBAI_DYD_URC3 ( GHATKOPAR )",2,"Greater Mumbai_Municipal Corporations","M/East - Ward No. 138",,,,6,3,5,10,5,400043,2,2,3,0,2,19,0,0,0,2,0,1,9,9,0,1,0,0,0,0,0,0
1046524,"MAHARASHTRA","MUMBAI II","MUMBAI_DYD_URC4 ( MULUND )",2,"Greater Mumbai_Municipal Corporations","L - Ward No. 161",,,,6,3,5,10,4,400072,2,2,3,0,2,10,0,0,0,2,0,1,9,2,231,1,0,0,0,0,0,0
8105976,"MAHARASHTRA","MUMBAI II","MUMBAI_DYD_URC3 ( GHATKOPAR )",2,"Greater Mumbai_Municipal Corporations","M/West - Ward No. 149",,,,11,3,11,12,5,400089,2,2,3,0,1,19,4,10,0,0,2,1,9,9,0,1,0,0,0,0,0,0
8785848,"MAHARASHTRA","MUMBAI II","MUMBAI_DYD_URC5 ( ANDHERI )",2,"Greater Mumbai_Municipal Corporations","H/East - Ward No. 95",,,,11,3,11,12,5,400051,2,2,3,0,1,19,0,0,0,0,2,1,9,9,0,1,0,0,0,0,0,0
9040059,"MAHARASHTRA","MUMBAI II","MUMBAI_DYD_URC5 ( ANDHERI )",2,"Greater Mumbai_Municipal Corporations","P/South - Ward No. 51",,,,2,3,1,8,5,400061,2,2,3,0,1,19,0,0,0,0,0,1,2,9,0,1,0,0,2,0,0,0
1113512,"MAHARASHTRA","MUMBAI II","MUMBAI_DYD_URC4 ( MULUND )",2,"Greater Mumbai_Municipal Corporations","S - Ward No. 109",,,,6,3,5,10,5,400082,2,2,3,0,2,19,0,0,0,2,0,1,9,9,220,1,0,0,0,0,0,0
7569233,"MAHARASHTRA","MUMBAI II","MUMBAI_DYD_URC1 ( GRANT ROAD )",2,"Greater Mumbai_Municipal Corporations","A - Ward No. 225",,,,3,3,1,12,5,400020,2,1,3,0,1,19,0,0,0,4,4,1,1,9,0,1,22,13,1,0,0,0
5319265,"MAHARASHTRA","MUMBAI II","MUMBAI_DYD_URC1 ( GRANT ROAD )",2,"Greater Mumbai_Municipal Corporations","D - Ward No. 216",,,,6,3,5,10,5,400004,2,2,3,0,1,19,0,0,0,2,0,1,9,9,0,1,0,0,0,0,0,0
2315021,"MAHARASHTRA","MUMBAI II","MUMBAI_DYD_URC7 ( KANDIVALI (E) )",2,"Greater Mumbai_Municipal Corporations","R/South - Ward No. 22",,,,6,3,5,10,4,400067,2,2,3,0,2,10,0,0,0,2,0,1,9,2,218,1,0,0,0,0,0,0
7135911,"MAHARASHTRA","MUMBAI II","MUMBAI_DYD_URC2 ( SION )",2,"Greater Mumbai_Municipal Corporations","F/North - Ward No. 172",,,,6,3,5,10,4,400022,2,1,3,0,1,19,0,0,0,2,0,1,9,2,210,1,0,0,0,0,0,0
2662840,"MAHARASHTRA","MUMBAI II","MUMBAI_DYD_URC7 ( KANDIVALI (E) )",2,"Greater Mumbai_Municipal Corporations","R/South - Ward No. 20",,,,8,3,9,10,5,400067,2,1,3,0,2,19,0,0,0,2,0,1,9,9,210,1,0,0,0,0,0,0
9766666,"MAHARASHTRA","MUMBAI II","MUMBAI_DYD_URC4 ( MULUND )",2,"Greater Mumbai_Municipal Corporations","S - Ward No. 118",,,,5,3,8,12,4,400083,2,2,3,0,2,10,19,4,0,2,2,1,9,0,220,1,0,0,0,0,0,0
5133716,"MAHARASHTRA","MUMBAI II","MUMBAI_DYD_URC3 ( GHATKOPAR )",2,"Greater Mumbai_Municipal Corporations","M/East - Ward No. 147",,,,3,3,5,12,5,400088,2,2,2,3,2,10,0,0,0,2,2,1,9,9,232,1,0,0,0,0,0,0
4420234,"MAHARASHTRA","MUMBAI II","MUMBAI_DYD_URC1 ( GRANT ROAD )",2,"Greater Mumbai_Municipal Corporations","A - Ward No. 225",,,,6,2,1,10,5,400001,2,2,3,0,1,19,0,0,0,3,0,1,1,9,214,1,0,72,0,2,0,0
7584229,"MAHARASHTRA","MUMBAI II","MUMBAI_DYD_URC4 ( MULUND )",2,"Greater Mumbai_Municipal Corporations","S - Ward No. 111",,,,11,3,11,12,4,400042,2,2,3,0,1,19,0,0,0,0,2,1,9,0,200,1,0,0,0,0,0,0
1664751,"MAHARASHTRA","MUMBAI II","MUMBAI_DYD_URC5 ( ANDHERI )",2,"Greater Mumbai_Municipal Corporations","K/East - Ward No. 74",,,,3,3,5,12,4,400093,2,2,3,0,1,4,19,10,0,2,2,1,9,2,219,1,0,0,0,0,0,0
5145835,"MAHARASHTRA","MUMBAI II","MUMBAI_DYD_URC4 ( MULUND )",2,"Greater Mumbai_Municipal Corporations","L - Ward No. 171",,,,7,3,8,10,5,400070,2,2,3,0,1,19,0,0,0,2,0,1,9,9,230,1,0,0,0,0,0,0
6664354,"MAHARASHTRA","MUMBAI II","MUMBAI_DYD_URC1 ( GRANT ROAD )",2,"Greater Mumbai_Municipal Corporations","A - Ward No. 226",,,,6,3,1,10,5,400001,2,2,3,0,1,19,0,0,0,3,0,1,1,9,0,2,45,30,4,2,0,0
6946033,"MAHARASHTRA","MUMBAI II","MUMBAI_DYD_URC2 ( SION )",2,"Greater Mumbai_Municipal Corporations","E - Ward No. 211",,,,5,3,8,12,4,400008,2,1,3,0,1,18,19,4,10,2,2,1,9,0,248,1,0,0,0,0,0,0
9435876,"MAHARASHTRA","MUMBAI II","MUMBAI_DYD_URC6 ( MALAD (W) )",2,"Greater Mumbai_Municipal Corporations","P/North - Ward No. 33",,,,3,3,5,12,5,400095,2,1,3,0,1,19,4,10,0,2,2,1,9,9,210,1,0,0,0,0,0,0
4598680,"MAHARASHTRA","MUMBAI II","MUMBAI_DYD_URC2 ( SION )",2,"Greater Mumbai_Municipal Corporations","G/North - Ward No. 183",,,,6,3,1,10,5,400017,2,2,3,0,1,19,0,0,0,2,0,1,2,9,0,1,0,0,24,17,0,0
9214445,"MAHARASHTRA","MUMBAI II","MUMBAI_DYD_URC3 ( GHATKOPAR )",2,"Greater Mumbai_Municipal Corporations","N - Ward No. 130",,,,7,3,8,10,4,400086,2,2,3,0,2,10,0,0,0,2,0,1,9,0,250,1,0,0,0,0,0,0
6934609,"MAHARASHTRA","MUMBAI II","MUMBAI_DYD_URC6 ( MALAD (W) )",2,"Greater Mumbai_Municipal Corporations","K/West - Ward No. 70",,,,3,3,5,12,5,400049,2,1,3,0,2,19,0,0,0,2,2,1,9,9,0,1,0,0,0,0,0,0
4227361,"MAHARASHTRA","MUMBAI II","MUMBAI_DYD_URC1 ( GRANT ROAD )",2,"Greater Mumbai_Municipal Corporations","A - Ward No. 226",,,,6,3,1,10,5,400001,2,2,3,0,1,19,0,0,0,3,0,1,2,9,200,1,0,0,0,1,0,0
9511002,"MAHARASHTRA","MUMBAI II","MUMBAI_DYD_URC7 ( KANDIVALI (E) )",2,"Greater Mumbai_Municipal Corporations","R/South - Ward No. 19",,,,6,3,5,10,5,400067,2,1,3,0,1,19,0,0,0,2,0,1,9,9,0,1,0,0,0,0,0,0
2026030,"MAHARASHTRA","MUMBAI II","MUMBAI_DYD_URC6 ( MALAD (W) )",2,"Greater Mumbai_Municipal Corporations","P/North - Ward No. 41",,,,3,3,1,12,5,400095,2,2,3,0,2,19,0,0,0,2,2,1,2,9,220,1,0,0,0,0,0,0
7898317,"MAHARASHTRA","MUMBAI II","MUMBAI_DYD_URC6 ( MALAD (W) )",2,"Greater Mumbai_Municipal Corporations","P/North - Ward No. 37",,,,6,3,5,10,4,400097,2,1,3,0,1,3,0,0,0,2,0,1,9,2,225,2,0,0,0,0,0,0
8778286,"MAHARASHTRA","MUMBAI II","MUMBAI_DYD_URC6 ( MALAD (W) )",2,"Greater Mumbai_Municipal Corporations","P/North - Ward No. 33",,,,6,3,5,10,5,400095,2,2,3,0,1,19,0,0,0,2,0,1,9,9,0,1,0,0,0,0,0,0
7174128,"MAHARASHTRA","MUMBAI II","MUMBAI_DYD_URC6 ( MALAD (W) )",2,"Greater Mumbai_Municipal Corporations","P/North - Ward No. 34",,,,6,3,1,10,5,400095,2,1,3,0,1,19,0,0,0,4,0,1,2,9,220,1,0,0,0,0,0,0
5495771,"MAHARASHTRA","MUMBAI II","MUMBAI_DYD_URC4 ( MULUND )",2,"Greater Mumbai_Municipal Corporations","S - Ward No. 120",,,,3,3,1,12,92,400078,2,1,3,0,2,19,4,0,0,1,1,1,2,2,0,1,0,0,41,27,26,27
6845229,"MAHARASHTRA","MUMBAI II","MUMBAI_DYD_URC3 ( GHATKOPAR )",2,"Greater Mumbai_Municipal Corporations","M/East - Ward No. 138",,,,6,3,1,10,5,400043,2,1,3,0,2,19,0,0,0,2,0,1,2,9,0,2,0,0,0,0,0,0
2661394,"MAHARASHTRA","MUMBAI II","MUMBAI_DYD_URC6 ( MALAD (W) )",2,"Greater Mumbai_Municipal Corporations","P/North - Ward No. 46",,,,6,3,5,10,4,400064,2,1,3,0,2,10,0,0,0,2,0,1,9,2,237,1,0,0,0,0,0,0
1303161,"MAHARASHTRA","MUMBAI II","MUMBAI_DYD_URC2 ( SION )",2,"Greater Mumbai_Municipal Corporations","F/North - Ward No. 177",,,,3,3,5,12,4,400031,2,1,3,0,1,19,0,0,0,2,2,1,9,2,204,1,0,0,0,0,0,0
5576747,"MAHARASHTRA","MUMBAI II","MUMBAI_DYD_URC5 ( ANDHERI )",2,"Greater Mumbai_Municipal Corporations","H/West - Ward No. 102",,,,3,2,5,12,4,400050,2,1,3,0,1,18,19,0,0,2,2,1,9,2,6,1,0,0,0,0,0,0
8004106,"MAHARASHTRA","MUMBAI II","MUMBAI_DYD_URC6 ( MALAD (W) )",2,"Greater Mumbai_Municipal Corporations","P/North - Ward No. 36",,,,11,3,11,12,5,400097,2,1,3,0,2,19,0,0,0,0,2,1,9,9,230,2,0,0,0,0,0,0
3926217,"MAHARASHTRA","MUMBAI II","MUMBAI_DYD_URC6 ( MALAD (W) )",2,"Greater Mumbai_Municipal Corporations","P/North - Ward No. 38",,,,6,3,5,10,4,400097,2,2,3,0,2,10,0,0,0,2,0,1,9,2,230,1,0,0,0,0,0,0
8190299,"MAHARASHTRA","MUMBAI II","MUMBAI_DYD_URC4 ( MULUND )",2,"Greater Mumbai_Municipal Corporations","S - Ward No. 115",,,,3,3,5,12,4,400078,2,2,3,0,1,4,19,10,0,2,2,1,9,2,222,1,0,0,0,0,0,0
2457080,"MAHARASHTRA","MUMBAI II","MUMBAI_DYD_URC3 ( GHATKOPAR )",2,"Greater Mumbai_Municipal Corporations","M/East - Ward No. 144",,,,6,3,5,10,5,400088,2,2,3,0,2,19,0,0,0,2,0,1,9,9,225,1,0,0,0,0,0,0
1184131,"MAHARASHTRA","MUMBAI II","MUMBAI_DYD_URC3 ( GHATKOPAR )",2,"Greater Mumbai_Municipal Corporations","N - Ward No. 124",,,,6,3,1,10,5,400079,2,2,3,0,2,19,0,0,0,2,0,1,1,9,226,1,2,1,2,2,2,4
2859528,"MAHARASHTRA","MUMBAI II","MUMBAI_DYD_URC6 ( MALAD (W) )",2,"Greater Mumbai_Municipal Corporations","P/North - Ward No. 41",,,,6,3,5,10,5,400065,2,2,3,0,1,19,0,0,0,2,0,1,9,9,0,1,0,0,0,0,0,0
5315361,"MAHARASHTRA","MUMBAI II","MUMBAI_DYD_URC2 ( SION )",2,"Greater Mumbai_Municipal Corporations","F/North - Ward No. 172",,,,3,3,1,12,5,400037,2,2,3,0,1,19,0,0,0,4,4,1,2,9,205,1,0,0,0,0,0,0
1113689,"MAHARASHTRA","MUMBAI II","MUMBAI_DYD_URC1 ( GRANT ROAD )",2,"Greater Mumbai_Municipal Corporations","A - Ward No. 225",,,,3,3,5,12,5,400001,2,2,3,0,1,19,0,0,0,2,2,1,9,9,230,1,0,0,0,0,0,0
1839595,"MAHARASHTRA","MUMBAI II","MUMBAI_DYD_URC1 ( GRANT ROAD )",2,"Greater Mumbai_Municipal Corporations","G/South - Ward No. 193",,,,6,3,5,10,4,400030,2,2,3,0,2,10,0,0,0,2,0,1,9,2,220,1,0,0,0,0,0,0
9352567,"MAHARASHTRA","MUMBAI II","MUMBAI_DYD_URC4 ( MULUND )",2,"Greater Mumbai_Municipal Corporations","S - Ward No. 119",,,,6,1,5,10,4,400083,2,2,3,0,1,18,0,0,0,2,0,1,9,2,234,1,0,0,0,0,0,0
1440759,"MAHARASHTRA","MUMBAI II","MUMBAI_DYD_URC1 ( GRANT ROAD )",2,"Greater Mumbai_Municipal Corporations","D - Ward No. 218",,,,6,3,1,10,5,400004,2,2,3,0,1,19,0,0,0,1,0,1,2,9,0,1,21,12,14,8,0,0
9756804,"MAHARASHTRA","MUMBAI II","MUMBAI_DYD_URC5 ( ANDHERI )",2,"Greater Mumbai_Municipal Corporations","H/West - Ward No. 97",,,,6,3,5,10,4,400054,2,2,3,0,2,19,0,0,0,2,0,1,9,2,190,1,0,0,0,0,0,0
6138822,"MAHARASHTRA","MUMBAI II","MUMBAI_DYD_URC4 ( MULUND )",2,"Greater Mumbai_Municipal Corporations","L - Ward No. 166",,,,7,3,6,10,5,400070,2,2,3,0,2,19,0,0,0,2,0,1,9,0,0,1,0,0,0,0,0,0
7247807,"MAHARASHTRA","MUMBAI II","MUMBAI_DYD_URC6 ( MALAD (W) )",2,"Greater Mumbai_Municipal Corporations","K/West - Ward No. 67",,,,6,3,1,10,5,400058,2,2,3,0,1,19,0,0,0,1,0,1,2,9,209,1,0,0,3,7,0,1
2935625,"MAHARASHTRA","MUMBAI II","MUMBAI_DYD_URC3 ( GHATKOPAR )",2,"Greater Mumbai_Municipal Corporations","N - Ward No. 123",,,,6,3,5,10,4,400079,2,2,3,0,1,4,0,0,0,2,0,1,9,2,230,1,0,0,0,0,0,0
9921132,"MAHARASHTRA","MUMBAI II","MUMBAI_DYD_URC2 ( SION )",2,"Greater Mumbai_Municipal Corporations","F/North - Ward No. 180",,,,7,2,8,10,4,400037,2,2,3,0,2,10,0,0,0,2,0,1,9,0,0,1,0,0,0,0,0,0
7188401,"MAHARASHTRA","MUMBAI II","MUMBAI_DYD_URC7 ( KANDIVALI (E) )",2,"Greater Mumbai_Municipal Corporations","R/Central - Ward No. 14",,,,7,3,8,10,4,400066,2,2,3,0,1,17,0,0,0,2,0,1,9,0,230,1,0,0,0,0,0,0
1316576,"MAHARASHTRA","MUMBAI II","MUMBAI_DYD_URC1 ( GRANT ROAD )",2,"Greater Mumbai_Municipal Corporations","G/South - Ward No. 198",,,,5,3,8,12,4,400011,2,2,3,0,2,10,19,0,0,2,2,1,9,0,0,1,0,0,0,0,0,0
3189330,"MAHARASHTRA","MUMBAI II","MUMBAI_DYD_URC4 ( MULUND )",2,"Greater Mumbai_Municipal Corporations","T - Ward No. 108",,,,7,3,8,10,4,400078,2,2,3,0,2,10,0,0,0,2,0,1,9,0,225,1,0,0,0,0,0,0
3453374,"MAHARASHTRA","MUMBAI II","MUMBAI_DYD_URC7 ( KANDIVALI (E) )",2,"Greater Mumbai_Municipal Corporations","R/North - Ward No. 8",,,,11,3,11,12,5,400103,2,2,3,0,2,19,0,0,0,0,2,1,9,9,220,1,0,0,0,0,0,0
8449620,"MAHARASHTRA","MUMBAI II","MUMBAI_DYD_URC5 ( ANDHERI )",2,"Greater Mumbai_Municipal Corporations","K/East - Ward No. 81",,,,3,3,1,12,5,400093,2,1,3,0,1,19,4,10,0,1,1,1,1,9,225,1,0,0,34,40,0,0
3421138,"MAHARASHTRA","MUMBAI II","MUMBAI_DYD_URC2 ( SION )",2,"Greater Mumbai_Municipal Corporations","F/North - Ward No. 176",,,,3,3,5,12,4,400037,2,2,3,0,1,4,19,0,0,2,2,1,9,2,0,1,0,0,0,0,0,0
2315017,"MAHARASHTRA","MUMBAI II","MUMBAI_DYD_URC1 ( GRANT ROAD )",2,"Greater Mumbai_Municipal Corporations","D - Ward No. 217",,,,11,3,11,12,4,400007,2,1,3,0,1,19,0,0,0,0,2,1,9,0,0,1,0,0,0,0,0,0
3741365,"MAHARASHTRA","MUMBAI II","MUMBAI_DYD_URC3 ( GHATKOPAR )",2,"Greater Mumbai_Municipal Corporations","N - Ward No. 132",,,,3,3,5,12,4,400077,2,1,3,0,1,19,3,0,0,2,2,1,9,2,245,1,0,0,0,0,0,0
9268093,"MAHARASHTRA","MUMBAI II","MUMBAI_DYD_URC5 ( ANDHERI )",2,"Greater Mumbai_Municipal Corporations","L - Ward No. 156",,,,6,3,5,10,5,400059,2,2,3,0,2,19,0,0,0,2,0,1,9,9,220,1,0,0,0,0,0,0
3987748,"MAHARASHTRA","MUMBAI II","MUMBAI_DYD_URC4 ( MULUND )",2,"Greater Mumbai_Municipal Corporations","S - Ward No. 122",,,,3,3,1,12,92,400076,2,2,3,0,2,19,4,0,0,1,1,1,2,2,221,1,1,1,43,47,6,3
5132025,"MAHARASHTRA","MUMBAI II","MUMBAI_DYD_URC4 ( MULUND )",2,"Greater Mumbai_Municipal Corporations","L - Ward No. 167",,,,3,3,1,12,5,400070,2,1,3,0,2,19,0,0,0,2,2,1,2,9,225,1,6,2,0,1,0,0
1994929,"MAHARASHTRA","MUMBAI II","MUMBAI_DYD_URC3 ( GHATKOPAR )",2,"Greater Mumbai_Municipal Corporations","M/East - Ward No. 143",,,,7,3,8,10,4,400088,2,2,3,0,1,18,10,19,0,2,0,1,9,0,231,1,0,0,0,0,0,0
9961517,"MAHARASHTRA","MUMBAI II","MUMBAI_DYD_URC1 ( GRANT ROAD )",2,"Greater Mumbai_Municipal Corporations","D - Ward No. 214",,,,6,3,5,10,5,400007,2,2,3,0,1,19,0,0,0,2,0,1,9,9,210,1,0,0,0,0,0,0
9081410,"MAHARASHTRA","MUMBAI II","MUMBAI_DYD_URC3 ( GHATKOPAR )",2,"Greater Mumbai_Municipal Corporations","M/East - Ward No. 136",,,,6,3,5,10,4,400043,2,2,2,3,1,18,0,0,0,2,0,1,9,2,238,1,0,0,0,0,0,0
7197061,"MAHARASHTRA","MUMBAI II","MUMBAI_DYD_URC1 ( GRANT ROAD )",2,"Greater Mumbai_Municipal Corporations","G/South - Ward No. 194",,,,6,1,5,10,4,400028,2,2,3,0,1,19,0,0,0,2,0,1,9,2,192,1,0,0,0,0,0,0
2406437,"MAHARASHTRA","MUMBAI II","MUMBAI_DYD_URC3 ( GHATKOPAR )",2,"Greater Mumbai_Municipal Corporations","N - Ward No. 130",,,,11,2,11,12,4,400086,2,2,3,0,1,19,0,0,0,0,2,1,9,0,0,1,0,0,0,0,0,0
1400212,"MAHARASHTRA","MUMBAI II","MUMBAI_DYD_URC4 ( MULUND )",2,"Greater Mumbai_Municipal Corporations","L - Ward No. 167",,,,3,3,5,12,4,400070,2,2,3,0,1,19,18,0,0,2,2,1,9,2,232,1,0,0,0,0,0,0
1605466,"MAHARASHTRA","MUMBAI II","MUMBAI_DYD_URC1 ( GRANT ROAD )",2,"Greater Mumbai_Municipal Corporations","G/North - Ward No. 182",,,,6,1,5,10,4,400016,2,2,3,0,1,19,4,10,0,2,0,1,9,2,194,1,0,0,0,0,0,0
5334335,"MAHARASHTRA","MUMBAI II","MUMBAI_DYD_URC5 ( ANDHERI )",2,"Greater Mumbai_Municipal Corporations","K/East - Ward No. 74",,,,6,3,5,10,5,400093,2,1,3,0,1,19,0,0,0,2,0,1,9,9,181,1,0,0,0,0,0,0
1094742,"MAHARASHTRA","MUMBAI II","MUMBAI_DYD_URC5 ( ANDHERI )",2,"Greater Mumbai_Municipal Corporations","K/East - Ward No. 73",,,,3,3,5,12,5,400060,2,2,3,0,2,19,4,10,0,2,2,1,9,9,220,1,0,0,0,0,0,0
7714723,"MAHARASHTRA","MUMBAI II","MUMBAI_DYD_URC3 ( GHATKOPAR )",2,"Greater Mumbai_Municipal Corporations","N - Ward No. 126",,,,6,3,5,10,4,400086,2,2,3,0,2,10,4,0,0,2,0,1,9,2,220,1,0,0,0,0,0,0
9143852,"MAHARASHTRA","MUMBAI II","MUMBAI_DYD_URC7 ( KANDIVALI (E) )",2,"Greater Mumbai_Municipal Corporations","R/Central - Ward No. 18",,,,6,3,5,10,4,400067,2,2,3,0,2,10,0,0,0,2,0,1,9,2,0,1,0,0,0,0,0,0
3281039,"MAHARASHTRA","MUMBAI II","MUMBAI_DYD_URC2 ( SION )",2,"Greater Mumbai_Municipal Corporations","F/North - Ward No. 177",,,,6,1,5,10,4,400031,2,2,3,0,1,19,0,0,0,2,0,1,9,2,200,1,0,0,0,0,0,0
7837910,"MAHARASHTRA","MUMBAI II","MUMBAI_DYD_URC5 ( ANDHERI )",2,"Greater Mumbai_Municipal Corporations","H/East - Ward No. 94",,,,6,3,5,10,5,400055,2,1,3,0,2,19,10,4,0,2,0,1,9,9,230,1,0,0,0,0,0,0
1645486,"MAHARASHTRA","MUMBAI II","MUMBAI_DYD_URC7 ( KANDIVALI (E) )",2,"Greater Mumbai_Municipal Corporations","R/South - Ward No. 25",,,,3,3,5,12,4,400101,2,2,3,0,2,10,0,0,0,2,2,1,9,2,0,1,0,0,0,0,0,0
3577124,"MAHARASHTRA","MUMBAI II","MUMBAI_DYD_URC3 ( GHATKOPAR )",2,"Greater Mumbai_Municipal Corporations","M/West - Ward No. 154",,,,11,2,11,12,5,400074,2,2,3,0,1,19,0,0,0,0,2,1,9,9,0,2,0,0,0,0,0,0
6703765,"MAHARASHTRA","MUMBAI II","MUMBAI_DYD_URC6 ( MALAD (W) )",2,"Greater Mumbai_Municipal Corporations","P/North - Ward No. 33",,,,3,3,5,12,5,400095,2,2,3,0,1,19,10,4,0,2,2,1,9,9,220,1,0,0,0,0,0,0
9112417,"MAHARASHTRA","MUMBAI II","MUMBAI_DYD_URC2 ( SION )",2,"Greater Mumbai_Municipal Corporations","E - Ward No. 210",,,,11,3,11,12,4,400010,2,1,3,0,1,19,0,0,0,0,2,1,9,0,0,1,0,0,0,0,0,0
7881294,"MAHARASHTRA","MUMBAI II","MUMBAI_DYD_URC3 ( GHATKOPAR )",2,"Greater Mumbai_Municipal Corporations","M/East - Ward No. 139",,,,7,3,8,10,5,400043,2,2,3,0,2,19,0,0,0,2,0,1,9,9,74,1,0,0,0,0,0,0
9866177,"MAHARASHTRA","MUMBAI II","MUMBAI_DYD_URC7 ( KANDIVALI (E) )",2,"Greater Mumbai_Municipal Corporations","R/South - Ward No. 20",,,,6,3,5,10,4,400067,2,2,3,0,1,4,0,0,0,2,0,1,9,2,221,1,0,0,0,0,0,0
7553451,"MAHARASHTRA","MUMBAI II","MUMBAI_DYD_URC2 ( SION )",2,"Greater Mumbai_Municipal Corporations","E - Ward No. 211",,,,6,1,5,10,4,400008,2,1,3,0,1,19,0,0,0,2,0,1,9,2,210,1,0,0,0,0,0,0
4082113,"MAHARASHTRA","MUMBAI II","MUMBAI_DYD_URC6 ( MALAD (W) )",2,"Greater Mumbai_Municipal Corporations","K/West - Ward No. 69",,,,1,3,1,5,5,400058,2,2,3,0,2,19,0,0,0,0,0,1,1,9,0,1,19,13,0,1,0,0
1313782,"MAHARASHTRA","MUMBAI II","MUMBAI_DYD_URC6 ( MALAD (W) )",2,"Greater Mumbai_Municipal Corporations","K/West - Ward No. 70",,,,3,3,5,12,4,400058,2,1,3,0,2,10,19,0,0,2,2,1,9,2,0,1,0,0,0,0,0,0
6951259,"MAHARASHTRA","MUMBAI II","MUMBAI_DYD_URC7 ( KANDIVALI (E) )",2,"Greater Mumbai_Municipal Corporations","R/South - Ward No. 22",,,,3,3,1,12,5,400067,2,1,3,0,2,19,0,0,0,2,2,1,2,9,0,1,0,0,0,2,3,2
8242269,"MAHARASHTRA","MUMBAI II","MUMBAI_DYD_URC6 ( MALAD (W) )",2,"Greater Mumbai_Municipal Corporations","K/West - Ward No. 66",,,,6,3,5,10,4,400058,2,2,3,0,1,19,0,0,0,2,0,1,9,2,230,1,0,0,0,0,0,0
9442460,"MAHARASHTRA","MUMBAI II","MUMBAI_DYD_URC5 ( ANDHERI )",2,"Greater Mumbai_Municipal Corporations","H/East - Ward No. 93",,,,6,3,5,10,4,400051,2,2,3,0,1,19,0,0,0,2,0,1,9,2,220,1,0,0,0,0,0,0
9773823,"MAHARASHTRA","MUMBAI II","MUMBAI_DYD_URC7 ( KANDIVALI (E) )",2,"Greater Mumbai_Municipal Corporations","R/Central - Ward No. 9",,,,3,3,5,12,4,400092,2,1,3,0,2,10,0,0,0,2,2,1,9,2,220,1,0,0,0,0,0,0
7052951,"MAHARASHTRA","MUMBAI II","MUMBAI_DYD_URC4 ( MULUND )",2,"Greater Mumbai_Municipal Corporations","L - Ward No. 157",,,,6,3,1,10,5,400072,2,2,3,0,2,19,0,0,0,3,0,1,1,9,0,1,76,62,19,12,0,0
3964759,"MAHARASHTRA","MUMBAI II","MUMBAI_DYD_URC4 ( MULUND )",2,"Greater Mumbai_Municipal Corporations","S - Ward No. 115",,,,7,3,6,10,5,400078,2,1,3,0,2,19,0,0,0,2,0,1,9,9,234,1,0,0,0,0,0,0
5373982,"MAHARASHTRA","MUMBAI II","MUMBAI_DYD_URC6 ( MALAD (W) )",2,"Greater Mumbai_Municipal Corporations","P/South - Ward No. 58",,,,3,3,5,12,4,400102,2,1,3,0,1,19,0,0,0,2,2,1,9,2,0,1,0,0,0,0,0,0
2563054,"MAHARASHTRA","MUMBAI II","MUMBAI_DYD_URC5 ( ANDHERI )",2,"Greater Mumbai_Municipal Corporations","K/East - Ward No. 72",,,,6,3,5,10,4,400060,2,1,3,0,1,3,19,0,0,2,0,1,9,2,230,1,0,0,0,0,0,0
7660355,"MAHARASHTRA","MUMBAI II","MUMBAI_DYD_URC4 ( MULUND )",2,"Greater Mumbai_Municipal Corporations","S - Ward No. 118",,,,3,3,1,12,5,400083,2,2,3,0,1,19,0,0,0,3,3,1,2,9,231,1,34,27,0,0,0,0
1794124,"MAHARASHTRA","MUMBAI II","MUMBAI_DYD_URC4 ( MULUND )",2,"Greater Mumbai_Municipal Corporations","S - Ward No. 112",,,,6,3,1,10,5,400078,2,2,3,0,1,19,10,4,0,3,0,1,2,9,0,1,47,40,1,0,0,0
9731459,"MAHARASHTRA","MUMBAI II","MUMBAI_DYD_URC3 ( GHATKOPAR )",2,"Greater Mumbai_Municipal Corporations","M/West - Ward No. 153",,,,11,3,11,12,4,400071,2,2,3,0,2,19,0,0,0,0,2,1,9,0,0,1,0,0,0,0,0,0
9383616,"MAHARASHTRA","MUMBAI II","MUMBAI_DYD_URC3 ( GHATKOPAR )",2,"Greater Mumbai_Municipal Corporations","M/West - Ward No. 154",,,,7,3,8,10,4,400074,2,2,3,0,1,4,0,0,0,2,0,1,9,0,0,1,0,0,0,0,0,0
1966843,"MAHARASHTRA","MUMBAI II","MUMBAI_DYD_URC6 ( MALAD (W) )",2,"Greater Mumbai_Municipal Corporations","P/South - Ward No. 57",,,,3,3,5,12,5,400102,2,1,3,0,1,19,0,0,0,2,2,1,9,9,0,1,0,0,0,0,0,0
3479996,"MAHARASHTRA","MUMBAI II","MUMBAI_DYD_URC4 ( MULUND )",2,"Greater Mumbai_Municipal Corporations","L - Ward No. 167",,,,6,3,1,10,5,400070,2,1,3,0,1,19,0,0,0,2,0,1,2,9,230,1,0,1,1,6,0,0
8461470,"MAHARASHTRA","MUMBAI II","MUMBAI_DYD_URC4 ( MULUND )",2,"Greater Mumbai_Municipal Corporations","S - Ward No. 117",,,,6,3,5,10,4,400042,2,2,3,0,2,10,0,0,0,2,0,1,9,2,241,1,0,0,0,0,0,0
8669951,"MAHARASHTRA","MUMBAI II","MUMBAI_DYD_URC6 ( MALAD (W) )",2,"Greater Mumbai_Municipal Corporations","P/North - Ward No. 33",,,,3,3,1,12,5,400095,2,1,3,0,1,19,0,0,0,2,2,1,2,9,0,1,0,0,0,0,0,0
5687057,"MAHARASHTRA","MUMBAI II","MUMBAI_DYD_URC6 ( MALAD (W) )",2,"Greater Mumbai_Municipal Corporations","K/West - Ward No. 66",,,,6,2,5,10,5,400058,2,2,3,0,1,19,10,4,0,2,0,1,9,9,0,1,0,0,0,0,0,0
9089462,"MAHARASHTRA","MUMBAI II","MUMBAI_DYD_URC7 ( KANDIVALI (E) )",2,"Greater Mumbai_Municipal Corporations","R/South - Ward No. 22",,,,3,3,5,12,5,400067,2,1,3,0,1,19,0,0,0,2,2,1,9,9,210,2,0,0,0,0,0,0
3520805,"MAHARASHTRA","MUMBAI II","MUMBAI_DYD_URC4 ( MULUND )",2,"Greater Mumbai_Municipal Corporations","H/West - Ward No. 102",,,,7,3,8,10,4,400080,2,2,3,0,2,4,0,0,0,2,0,1,9,0,232,1,0,0,0,0,0,0
2796955,"MAHARASHTRA","MUMBAI II","MUMBAI_DYD_URC7 ( KANDIVALI (E) )",2,"Greater Mumbai_Municipal Corporations","R/Central - Ward No. 15",,,,3,3,5,12,4,400092,2,2,3,0,2,10,19,0,0,2,2,1,9,2,230,1,0,0,0,0,0,0
1939272,"MAHARASHTRA","MUMBAI II","MUMBAI_DYD_URC7 ( KANDIVALI (E) )",2,"Greater Mumbai_Municipal Corporations","R/Central - Ward No. 9",,,,3,3,5,12,4,400091,2,1,3,0,2,10,19,4,0,2,2,1,9,2,0,1,0,0,0,0,0,0
5731643,"MAHARASHTRA","MUMBAI II","MUMBAI_DYD_URC7 ( KANDIVALI (E) )",2,"Greater Mumbai_Municipal Corporations","P/North - Ward No. 39",,,,6,3,5,10,4,400101,2,2,3,0,2,4,0,0,0,2,0,1,9,2,222,1,0,0,0,0,0,0
5686099,"MAHARASHTRA","MUMBAI II","MUMBAI_DYD_URC4 ( MULUND )",2,"Greater Mumbai_Municipal Corporations","L - Ward No. 164",,,,6,3,5,10,5,400072,2,2,3,0,1,4,0,0,0,2,0,1,9,9,230,1,0,0,0,0,0,0
4246460,"MAHARASHTRA","MUMBAI II","MUMBAI_DYD_URC3 ( GHATKOPAR )",2,"Greater Mumbai_Municipal Corporations","M/East - Ward No. 143",,,,6,3,5,10,5,400088,2,2,3,0,1,10,19,0,0,2,0,1,9,9,220,1,0,0,0,0,0,0
4786228,"MAHARASHTRA","MUMBAI II","MUMBAI_DYD_URC5 ( ANDHERI )",2,"Greater Mumbai_Municipal Corporations","K/East - Ward No. 79",,,,11,3,11,12,4,400093,2,1,3,0,1,19,0,0,0,0,2,1,9,0,220,1,0,0,0,0,0,0
3237479,"MAHARASHTRA","MUMBAI II","MUMBAI_DYD_URC2 ( SION )",2,"Greater Mumbai_Municipal Corporations","F/South - Ward No. 204",,,,3,3,1,12,5,400012,2,2,3,0,2,19,0,0,0,1,1,1,2,9,230,1,43,43,5,10,0,0
1091073,"MAHARASHTRA","MUMBAI II","MUMBAI_DYD_URC3 ( GHATKOPAR )",2,"Greater Mumbai_Municipal Corporations","M/East - Ward No. 139",,,,6,3,5,10,4,400043,2,2,3,0,2,10,0,0,0,2,0,1,9,2,0,1,0,0,0,0,0,0
2915764,"MAHARASHTRA","MUMBAI II","MUMBAI_DYD_URC3 ( GHATKOPAR )",2,"Greater Mumbai_Municipal Corporations","N - Ward No. 131",,,,7,3,8,10,4,400075,2,2,3,0,2,10,0,0,0,2,0,1,9,0,0,1,0,0,0,0,0,0
5621963,"MAHARASHTRA","MUMBAI II","MUMBAI_DYD_URC3 ( GHATKOPAR )",2,"Greater Mumbai_Municipal Corporations","N - Ward No. 131",,,,6,3,5,10,4,400075,2,2,3,0,2,10,0,0,0,2,0,1,9,2,235,1,0,0,0,0,0,0
5684299,"MAHARASHTRA","MUMBAI II","MUMBAI_DYD_URC5 ( ANDHERI )",2,"Greater Mumbai_Municipal Corporations","H/East - Ward No. 88",,,,6,1,5,10,4,400055,2,1,3,0,1,19,0,0,0,2,0,1,9,2,0,1,0,0,0,0,0,0
9651724,"MAHARASHTRA","MUMBAI II","MUMBAI_DYD_URC2 ( SION )",2,"Greater Mumbai_Municipal Corporations","F/South - Ward No. 205",,,,8,3,9,10,5,400033,2,1,3,0,2,19,0,0,0,2,0,1,9,9,0,1,0,0,0,0,0,0
1849644,"MAHARASHTRA","MUMBAI II","MUMBAI_DYD_URC4 ( MULUND )",2,"Greater Mumbai_Municipal Corporations","L - Ward No. 163",,,,6,3,5,10,4,400072,2,1,3,0,1,4,19,0,0,2,0,1,9,2,230,1,0,0,0,0,0,0
5803126,"MAHARASHTRA","MUMBAI II","MUMBAI_DYD_URC6 ( MALAD (W) )",2,"Greater Mumbai_Municipal Corporations","K/West - Ward No. 59",,,,6,3,5,10,5,400061,2,2,3,0,2,19,10,4,0,2,0,1,9,9,213,1,0,0,0,0,0,0
1833519,"MAHARASHTRA","MUMBAI II","MUMBAI_DYD_URC3 ( GHATKOPAR )",2,"Greater Mumbai_Municipal Corporations","M/East - Ward No. 138",,,,11,3,11,12,5,400043,2,2,3,0,2,19,0,0,0,0,2,1,9,9,0,1,0,0,0,0,0,0
2535066,"MAHARASHTRA","MUMBAI II","MUMBAI_DYD_URC2 ( SION )",2,"Greater Mumbai_Municipal Corporations","F/North - Ward No. 172",,,,3,3,1,12,5,400022,2,2,3,0,1,19,0,0,0,4,4,1,1,9,220,1,0,0,1,0,0,0
9047213,"MAHARASHTRA","MUMBAI II","MUMBAI_DYD_URC3 ( GHATKOPAR )",2,"Greater Mumbai_Municipal Corporations","M/West - Ward No. 154",,,,6,2,5,10,4,400074,2,2,3,0,1,19,0,0,0,2,0,1,9,2,201,1,0,0,0,0,0,0
9720454,"MAHARASHTRA","MUMBAI II","MUMBAI_DYD_URC3 ( GHATKOPAR )",2,"Greater Mumbai_Municipal Corporations","M/East - Ward No. 137",,,,6,3,5,10,4,400043,2,2,3,0,1,18,0,0,0,2,0,1,9,2,0,1,0,0,0,0,0,0
1222548,"MAHARASHTRA","MUMBAI II","MUMBAI_DYD_URC6 ( MALAD (W) )",2,"Greater Mumbai_Municipal Corporations","P/North - Ward No. 34",,,,7,3,8,10,4,400095,2,2,3,0,1,4,10,19,0,2,0,1,9,0,222,1,0,0,0,0,0,0
8731655,"MAHARASHTRA","MUMBAI II","MUMBAI_DYD_URC5 ( ANDHERI )",2,"Greater Mumbai_Municipal Corporations","K/East - Ward No. 75",,,,6,3,1,10,5,400059,2,2,1,3,2,19,0,0,0,2,0,1,2,9,220,1,0,0,0,0,0,0
6931904,"MAHARASHTRA","MUMBAI II","MUMBAI_DYD_URC6 ( MALAD (W) )",2,"Greater Mumbai_Municipal Corporations","K/West - Ward No. 61",,,,6,3,5,10,5,400102,2,2,3,0,1,19,0,0,0,2,0,1,9,9,230,1,0,0,0,0,0,0
7844507,"MAHARASHTRA","MUMBAI II","MUMBAI_DYD_URC6 ( MALAD (W) )",2,"Greater Mumbai_Municipal Corporations","P/North - Ward No. 48",,,,6,3,5,10,4,400095,2,1,3,0,1,18,10,19,0,2,0,1,9,2,3,1,0,0,0,0,0,0
7850622,"MAHARASHTRA","MUMBAI II","MUMBAI_DYD_URC1 ( GRANT ROAD )",2,"Greater Mumbai_Municipal Corporations","G/South - Ward No. 194",,,,11,3,11,12,4,400028,2,2,3,0,2,19,10,4,0,0,2,1,9,0,230,2,0,0,0,0,0,0
7307264,"MAHARASHTRA","MUMBAI II","MUMBAI_DYD_URC1 ( GRANT ROAD )",2,"Greater Mumbai_Municipal Corporations","G/North - Ward No. 185",,,,11,3,11,12,5,400028,2,2,3,0,2,19,0,0,0,0,2,1,9,9,230,1,0,0,0,0,0,0
4255286,"MAHARASHTRA","MUMBAI II","MUMBAI_DYD_URC4 ( MULUND )",2,"Greater Mumbai_Municipal Corporations","T - Ward No. 107",,,,6,1,5,10,4,400080,2,1,3,0,1,19,0,0,0,2,0,1,9,2,230,1,0,0,0,0,0,0
7700333,"MAHARASHTRA","MUMBAI II","MUMBAI_DYD_URC7 ( KANDIVALI (E) )",2,"Greater Mumbai_Municipal Corporations","R/Central - Ward No. 17",,,,3,3,1,12,5,400092,2,1,3,0,1,19,0,0,0,3,4,1,2,9,0,1,67,75,0,1,0,0
5040174,"MAHARASHTRA","MUMBAI II","MUMBAI_DYD_URC6 ( MALAD (W) )",2,"Greater Mumbai_Municipal Corporations","P/North - Ward No. 34",,,,3,3,5,12,5,400095,2,1,3,0,1,19,0,0,0,2,2,1,9,9,31,1,0,0,0,0,0,0
9612061,"MAHARASHTRA","MUMBAI II","MUMBAI_DYD_URC5 ( ANDHERI )",2,"Greater Mumbai_Municipal Corporations","H/East - Ward No. 96",,,,3,2,5,12,4,400051,2,1,3,0,1,18,19,0,0,2,2,1,9,2,230,1,0,0,0,0,0,0
6307481,"MAHARASHTRA","MUMBAI II","MUMBAI_DYD_URC5 ( ANDHERI )",2,"Greater Mumbai_Municipal Corporations","H/East - Ward No. 88",,,,3,3,5,12,4,400055,2,1,3,0,1,10,4,19,0,2,2,1,9,2,220,1,0,0,0,0,0,0
2465247,"MAHARASHTRA","MUMBAI II","MUMBAI_DYD_URC3 ( GHATKOPAR )",2,"Greater Mumbai_Municipal Corporations","M/West - Ward No. 152",,,,3,3,5,12,4,400071,2,1,3,0,1,19,10,0,0,2,2,1,9,2,235,1,0,0,0,0,0,0
1042996,"MAHARASHTRA","MUMBAI II","MUMBAI_DYD_URC5 ( ANDHERI )",2,"Greater Mumbai_Municipal Corporations","K/East - Ward No. 85",,,,6,3,5,10,4,400057,2,1,3,0,1,4,10,19,0,2,0,1,9,2,230,1,0,0,0,0,0,0
6461195,"MAHARASHTRA","MUMBAI II","MUMBAI_DYD_URC2 ( SION )",2,"Greater Mumbai_Municipal Corporations","F/North - Ward No. 176",,,,3,3,5,12,4,400037,2,1,3,0,1,4,19,0,0,2,2,1,9,2,0,1,0,0,0,0,0,0
9669367,"MAHARASHTRA","MUMBAI II","MUMBAI_DYD_URC7 ( KANDIVALI (E) )",2,"Greater Mumbai_Municipal Corporations","R/South - Ward No. 26",,,,6,3,5,10,4,400101,2,1,3,0,1,4,0,0,0,2,0,1,9,2,222,1,0,0,0,0,0,0
8289668,"MAHARASHTRA","MUMBAI II","MUMBAI_DYD_URC1 ( GRANT ROAD )",2,"Greater Mumbai_Municipal Corporations","A - Ward No. 225",,,,7,1,8,10,4,0,2,2,3,0,2,10,0,0,0,2,0,1,9,0,0,1,0,0,0,0,0,0
2591682,"MAHARASHTRA","MUMBAI II","MUMBAI_DYD_URC3 ( GHATKOPAR )",2,"Greater Mumbai_Municipal Corporations","M/West - Ward No. 153",,,,3,3,1,12,5,400071,2,2,3,0,2,19,0,0,0,3,3,1,2,9,220,1,112,97,16,9,0,0
5669893,"MAHARASHTRA","MUMBAI II","MUMBAI_DYD_URC4 ( MULUND )",2,"Greater Mumbai_Municipal Corporations","L - Ward No. 169",,,,3,3,5,12,4,400024,2,1,3,0,1,4,19,0,0,2,2,1,9,2,0,1,0,0,0,0,0,0
6774837,"MAHARASHTRA","MUMBAI II","MUMBAI_DYD_URC4 ( MULUND )",2,"Greater Mumbai_Municipal Corporations","S - Ward No. 119",,,,6,3,5,10,4,400083,2,2,3,0,2,10,19,4,0,2,0,1,9,2,0,1,0,0,0,0,0,0
3363836,"MAHARASHTRA","MUMBAI II","MUMBAI_DYD_URC2 ( SION )",2,"Greater Mumbai_Municipal Corporations","F/South - Ward No. 205",,,,7,3,8,10,4,400033,2,2,3,0,2,10,0,0,0,2,0,1,9,0,0,1,0,0,0,0,0,0
7012340,"MAHARASHTRA","MUMBAI II","MUMBAI_DYD_URC3 ( GHATKOPAR )",2,"Greater Mumbai_Municipal Corporations","N - Ward No. 123",,,,6,3,5,10,4,400079,2,2,3,0,2,10,0,0,0,2,0,1,9,2,0,1,0,0,0,0,0,0
2157656,"MAHARASHTRA","MUMBAI II","MUMBAI_DYD_URC4 ( MULUND )",2,"Greater Mumbai_Municipal Corporations","T - Ward No. 107",,,,3,3,1,12,5,400080,2,2,3,0,1,19,0,0,0,1,2,1,1,9,0,1,79,83,2,0,0,0
6201621,"MAHARASHTRA","MUMBAI II","MUMBAI_DYD_URC7 ( KANDIVALI (E) )",2,"Greater Mumbai_Municipal Corporations","R/Central - Ward No. 15",,,,6,3,1,10,5,400067,2,2,3,0,2,19,4,10,0,3,0,1,1,9,250,1,73,61,1,2,11,6
5720327,"MAHARASHTRA","MUMBAI II","MUMBAI_DYD_URC5 ( ANDHERI )",2,"Greater Mumbai_Municipal Corporations","K/East - Ward No. 80",,,,3,3,5,12,5,400069,2,2,3,0,1,19,10,4,0,2,2,1,9,9,195,1,0,0,0,0,0,0
1936579,"MAHARASHTRA","MUMBAI II","MUMBAI_DYD_URC6 ( MALAD (W) )",2,"Greater Mumbai_Municipal Corporations","K/West - Ward No. 70",,,,3,3,5,12,4,400056,2,1,3,0,1,19,0,0,0,2,2,1,9,2,220,1,0,0,0,0,0,0
3083389,"MAHARASHTRA","MUMBAI II","MUMBAI_DYD_URC2 ( SION )",2,"Greater Mumbai_Municipal Corporations","F/North - Ward No. 176",,,,3,3,1,12,5,400037,2,1,3,0,1,19,0,0,0,2,2,1,2,9,0,1,10,5,0,0,0,0
7662504,"MAHARASHTRA","MUMBAI II","MUMBAI_DYD_URC7 ( KANDIVALI (E) )",2,"Greater Mumbai_Municipal Corporations","R/North - Ward No. 4",,,,7,3,8,10,5,400068,2,2,3,0,1,19,0,0,0,2,0,1,9,9,209,1,0,0,0,0,0,0
4367751,"MAHARASHTRA","MUMBAI II","MUMBAI_DYD_URC4 ( MULUND )",2,"Greater Mumbai_Municipal Corporations","S - Ward No. 119",,,,5,3,8,12,4,400083,2,2,3,0,2,10,19,0,0,2,2,1,9,0,220,1,0,0,0,0,0,0
3024598,"MAHARASHTRA","MUMBAI II","MUMBAI_DYD_URC1 ( GRANT ROAD )",2,"Greater Mumbai_Municipal Corporations","D - Ward No. 217",,,,11,3,11,12,5,400007,2,2,3,0,1,19,0,0,0,0,4,1,9,9,0,2,0,0,0,0,0,0
3614356,"MAHARASHTRA","MUMBAI II","MUMBAI_DYD_URC4 ( MULUND )",2,"Greater Mumbai_Municipal Corporations","S - Ward No. 111",,,,6,3,5,10,5,400078,2,2,1,3,2,19,0,0,0,2,0,1,9,9,0,1,0,0,0,0,0,0
2330037,"MAHARASHTRA","MUMBAI II","MUMBAI_DYD_URC4 ( MULUND )",2,"Greater Mumbai_Municipal Corporations","L - Ward No. 158",,,,3,2,5,12,4,400072,2,2,3,0,2,10,19,0,0,2,2,1,9,2,230,1,0,0,0,0,0,0
6404036,"MAHARASHTRA","MUMBAI II","MUMBAI_DYD_URC4 ( MULUND )",2,"Greater Mumbai_Municipal Corporations","T - Ward No. 104",,,,2,3,1,8,5,400080,2,1,3,0,2,19,4,10,0,0,0,1,2,9,220,1,0,2,2,2,54,55
3986936,"MAHARASHTRA","MUMBAI II","MUMBAI_DYD_URC3 ( GHATKOPAR )",2,"Greater Mumbai_Municipal Corporations","L - Ward No. 160",,,,6,3,5,10,4,400084,2,2,3,0,1,10,0,0,0,2,0,1,9,2,230,1,0,0,0,0,0,0
3559091,"MAHARASHTRA","MUMBAI II","MUMBAI_DYD_URC1 ( GRANT ROAD )",2,"Greater Mumbai_Municipal Corporations","B - Ward No. 224",,,,6,2,5,10,4,400009,2,1,3,0,1,19,10,4,18,2,0,1,9,2,0,1,0,0,0,0,0,0
8298036,"MAHARASHTRA","MUMBAI II","MUMBAI_DYD_URC6 ( MALAD (W) )",2,"Greater Mumbai_Municipal Corporations","P/North - Ward No. 34",,,,7,3,8,10,4,400095,2,2,3,0,2,10,0,0,0,2,0,1,9,0,0,1,0,0,0,0,0,0
6269214,"MAHARASHTRA","MUMBAI II","MUMBAI_DYD_URC1 ( GRANT ROAD )",2,"Greater Mumbai_Municipal Corporations","B - Ward No. 224",,,,6,3,5,10,4,400003,2,2,3,0,1,19,0,0,0,2,0,1,9,2,217,1,0,0,0,0,0,0
5789678,"MAHARASHTRA","MUMBAI II","MUMBAI_DYD_URC2 ( SION )",2,"Greater Mumbai_Municipal Corporations","F/North - Ward No. 172",,,,6,3,1,10,5,400022,2,2,3,0,2,19,0,0,0,3,0,1,2,9,0,1,13,12,3,5,0,1
6337114,"MAHARASHTRA","MUMBAI II","MUMBAI_DYD_URC3 ( GHATKOPAR )",2,"Greater Mumbai_Municipal Corporations","N - Ward No. 132",,,,5,3,8,12,4,400077,2,2,3,0,1,3,0,0,0,2,2,1,9,0,235,1,0,0,0,0,0,0
8041953,"MAHARASHTRA","MUMBAI II","MUMBAI_DYD_URC7 ( KANDIVALI (E) )",2,"Greater Mumbai_Municipal Corporations","R/Central - Ward No. 9",,,,6,3,5,10,4,400092,2,2,3,0,2,10,0,0,0,2,0,1,9,2,230,1,0,0,0,0,0,0
7143909,"MAHARASHTRA","MUMBAI II","MUMBAI_DYD_URC6 ( MALAD (W) )",2,"Greater Mumbai_Municipal Corporations","P/North - Ward No. 37",,,,7,3,8,10,5,400097,2,1,3,0,2,19,0,0,0,2,0,1,9,9,215,2,0,0,0,0,0,0
6147892,"MAHARASHTRA","MUMBAI II","MUMBAI_DYD_URC7 ( KANDIVALI (E) )",2,"Greater Mumbai_Municipal Corporations","R/North - Ward No. 8",,,,11,3,11,12,5,400092,2,1,3,0,2,19,0,0,0,0,2,1,9,9,220,2,0,0,0,0,0,0
3078795,"MAHARASHTRA","MUMBAI II","MUMBAI_DYD_URC1 ( GRANT ROAD )",2,"Greater Mumbai_Municipal Corporations","E - Ward No. 213",,,,2,3,5,7,4,400008,2,2,3,0,1,18,0,0,0,0,0,1,9,2,220,1,0,0,0,0,0,0
4996702,"MAHARASHTRA","MUMBAI II","MUMBAI_DYD_URC3 ( GHATKOPAR )",2,"Greater Mumbai_Municipal Corporations","M/East - Ward No. 142",,,,7,3,8,10,5,400043,2,2,3,0,1,4,10,19,0,2,0,1,9,9,230,1,0,0,0,0,0,0
4821603,"MAHARASHTRA","MUMBAI II","MUMBAI_DYD_URC7 ( KANDIVALI (E) )",2,"Greater Mumbai_Municipal Corporations","R/South - Ward No. 22",,,,3,3,5,12,4,400067,2,1,3,0,1,19,3,0,0,2,2,1,9,2,221,1,0,0,0,0,0,0
7176235,"MAHARASHTRA","MUMBAI II","MUMBAI_DYD_URC2 ( SION )",2,"Greater Mumbai_Municipal Corporations","C - Ward No. 221",,,,3,3,1,12,5,400010,2,2,3,0,2,19,0,0,0,4,4,1,2,9,0,1,3,0,1,0,0,0
9387485,"MAHARASHTRA","MUMBAI II","MUMBAI_DYD_URC7 ( KANDIVALI (E) )",2,"Greater Mumbai_Municipal Corporations","R/South - Ward No. 19",,,,3,3,5,12,5,400067,2,1,1,3,2,19,0,0,0,2,2,1,9,9,0,1,0,0,0,0,0,0
9305324,"MAHARASHTRA","MUMBAI II","MUMBAI_DYD_URC5 ( ANDHERI )",2,"Greater Mumbai_Municipal Corporations","P/South - Ward No. 53",,,,3,3,1,12,5,400065,2,2,3,0,1,19,0,0,0,2,2,1,2,9,0,1,0,0,0,0,0,0
4733878,"MAHARASHTRA","MUMBAI II","MUMBAI_DYD_URC5 ( ANDHERI )",2,"Greater Mumbai_Municipal Corporations","K/East - Ward No. 81",,,,11,3,11,12,5,400069,2,2,3,0,1,19,0,0,0,0,2,1,9,9,185,1,0,0,0,0,0,0
5021124,"MAHARASHTRA","MUMBAI II","MUMBAI_DYD_URC5 ( ANDHERI )",2,"Greater Mumbai_Municipal Corporations","H/West - Ward No. 101",,,,3,2,5,12,4,400050,2,2,3,0,1,19,0,0,0,2,2,1,9,2,180,1,0,0,0,0,0,0
4558851,"MAHARASHTRA","MUMBAI II","MUMBAI_DYD_URC6 ( MALAD (W) )",2,"Greater Mumbai_Municipal Corporations","K/West - Ward No. 67",,,,6,3,5,10,4,400058,2,2,3,0,2,10,0,0,0,2,0,1,9,2,0,1,0,0,0,0,0,0
7769298,"MAHARASHTRA","MUMBAI II","MUMBAI_DYD_URC6 ( MALAD (W) )",2,"Greater Mumbai_Municipal Corporations","K/West - Ward No. 66",,,,6,3,1,10,5,400058,2,1,3,0,1,19,0,0,0,4,0,1,2,9,0,1,0,0,0,0,25,25
9524060,"MAHARASHTRA","MUMBAI II","MUMBAI_DYD_URC2 ( SION )",2,"Greater Mumbai_Municipal Corporations","G/North - Ward No. 184",,,,7,3,8,10,5,400017,2,1,3,0,1,19,0,0,0,2,0,1,9,9,0,1,0,0,0,0,0,0
2403186,"MAHARASHTRA","MUMBAI II","MUMBAI_DYD_URC7 ( KANDIVALI (E) )",2,"Greater Mumbai_Municipal Corporations","R/North MCGM - Ward No.1",,,,6,3,1,10,5,400103,2,2,3,0,1,19,0,0,0,2,0,1,2,9,0,1,0,0,0,0,0,0
6241997,"MAHARASHTRA","MUMBAI II","MUMBAI_DYD_URC7 ( KANDIVALI (E) )",2,"Greater Mumbai_Municipal Corporations","R/Central - Ward No. 11",,,,6,3,5,10,5,400066,2,1,3,0,2,19,0,0,0,2,0,1,9,9,220,1,0,0,0,0,0,0
6137264,"MAHARASHTRA","MUMBAI II","MUMBAI_DYD_URC1 ( GRANT ROAD )",2,"Greater Mumbai_Municipal Corporations","D - Ward No. 217",,,,11,2,11,12,4,400007,2,2,3,0,1,19,4,0,0,0,2,1,9,0,0,1,0,0,0,0,0,0
3647575,"MAHARASHTRA","MUMBAI II","MUMBAI_DYD_URC5 ( ANDHERI )",2,"Greater Mumbai_Municipal Corporations","H/West - Ward No. 97",,,,3,3,1,12,5,400054,2,1,3,0,2,19,0,0,0,1,1,1,2,9,0,1,1,0,2,0,75,52
3625086,"MAHARASHTRA","MUMBAI II","MUMBAI_DYD_URC6 ( MALAD (W) )",2,"Greater Mumbai_Municipal Corporations","P/North - Ward No. 35",,,,6,3,1,10,5,400064,2,2,3,0,1,19,0,0,0,3,0,1,2,9,0,1,96,75,1,0,0,0
6562787,"MAHARASHTRA","MUMBAI II","MUMBAI_DYD_URC3 ( GHATKOPAR )",2,"Greater Mumbai_Municipal Corporations","M/East - Ward No. 139",,,,3,3,1,12,5,400089,2,1,3,0,1,19,4,10,0,2,2,1,2,9,210,1,49,28,5,1,29,17
7466476,"MAHARASHTRA","MUMBAI II","MUMBAI_DYD_URC4 ( MULUND )",2,"Greater Mumbai_Municipal Corporations","S - Ward No. 119",,,,5,3,8,12,4,400083,2,2,3,0,1,4,19,0,0,2,2,1,9,0,233,1,0,0,0,0,0,0
2082418,"MAHARASHTRA","MUMBAI II","MUMBAI_DYD_URC4 ( MULUND )",2,"Greater Mumbai_Municipal Corporations","S - Ward No. 118",,,,11,3,11,12,4,400083,2,2,3,0,2,19,10,0,0,0,2,1,9,0,0,1,0,0,0,0,0,0
3711382,"MAHARASHTRA","MUMBAI II","MUMBAI_DYD_URC4 ( MULUND )",2,"Greater Mumbai_Municipal Corporations","H/West - Ward No. 100",,,,3,3,5,12,4,400081,2,2,3,0,2,10,19,4,0,2,2,1,9,2,230,1,0,0,0,0,0,0
7446034,"MAHARASHTRA","MUMBAI II","MUMBAI_DYD_URC5 ( ANDHERI )",2,"Greater Mumbai_Municipal Corporations","K/East - Ward No. 80",,,,7,3,8,10,4,400069,2,2,3,0,2,10,0,0,0,2,0,1,9,0,185,1,0,0,0,0,0,0
3167775,"MAHARASHTRA","MUMBAI II","MUMBAI_DYD_URC7 ( KANDIVALI (E) )",2,"Greater Mumbai_Municipal Corporations","R/North - Ward No. 6",,,,6,3,5,10,5,400068,2,1,3,0,1,19,0,0,0,2,0,1,9,9,220,1,0,0,0,0,0,0
6738109,"MAHARASHTRA","MUMBAI II","MUMBAI_DYD_URC5 ( ANDHERI )",2,"Greater Mumbai_Municipal Corporations","K/East - Ward No. 74",,,,6,3,5,10,5,400093,2,1,3,0,2,19,0,0,0,2,0,1,9,9,220,1,0,0,0,0,0,0
7598579,"MAHARASHTRA","MUMBAI II","MUMBAI_DYD_URC3 ( GHATKOPAR )",2,"Greater Mumbai_Municipal Corporations","N - Ward No. 132",,,,3,3,1,12,5,400077,2,2,3,0,2,19,0,0,0,4,4,1,2,9,0,1,0,0,17,8,0,0
5633129,"MAHARASHTRA","MUMBAI II","MUMBAI_DYD_URC3 ( GHATKOPAR )",2,"Greater Mumbai_Municipal Corporations","M/West - Ward No. 151",,,,6,3,5,10,4,400071,2,2,3,0,1,19,0,0,0,2,0,1,9,2,220,1,0,0,0,0,0,0
3385358,"MAHARASHTRA","MUMBAI II","MUMBAI_DYD_URC7 ( KANDIVALI (E) )",2,"Greater Mumbai_Municipal Corporations","R/North - Ward No. 4",,,,6,3,5,10,5,400068,2,1,3,0,2,4,0,0,0,2,0,1,9,9,0,1,0,0,0,0,0,0
6109586,"MAHARASHTRA","MUMBAI II","MUMBAI_DYD_URC4 ( MULUND )",2,"Greater Mumbai_Municipal Corporations","S - Ward No. 122",,,,11,3,11,12,5,400076,2,2,3,0,1,19,0,0,0,0,2,1,9,9,0,1,0,0,0,0,0,0
2941449,"MAHARASHTRA","MUMBAI II","MUMBAI_DYD_URC4 ( MULUND )",2,"Greater Mumbai_Municipal Corporations","T - Ward No. 108",,,,3,3,5,12,4,400082,2,1,3,0,1,4,19,10,0,2,2,1,9,2,230,1,0,0,0,0,0,0
5203622,"MAHARASHTRA","MUMBAI II","MUMBAI_DYD_URC3 ( GHATKOPAR )",2,"Greater Mumbai_Municipal Corporations","M/East - Ward No. 146",,,,6,3,5,10,4,400088,2,2,3,0,2,10,4,19,0,2,0,1,9,2,0,1,0,0,0,0,0,0
8214300,"MAHARASHTRA","MUMBAI II","MUMBAI_DYD_URC5 ( ANDHERI )",2,"Greater Mumbai_Municipal Corporations","H/East - Ward No. 88",,,,3,3,5,12,5,400005,2,1,3,0,1,19,10,4,0,2,2,1,9,9,0,2,0,0,0,0,0,0
3394202,"MAHARASHTRA","MUMBAI II","MUMBAI_DYD_URC7 ( KANDIVALI (E) )",2,"Greater Mumbai_Municipal Corporations","R/Central - Ward No. 9",,,,6,3,5,10,5,400091,2,2,3,0,2,19,0,0,0,2,0,1,9,9,0,1,0,0,0,0,0,0
8002572,"MAHARASHTRA","MUMBAI II","MUMBAI_DYD_URC1 ( GRANT ROAD )",2,"Greater Mumbai_Municipal Corporations","G/South - Ward No. 199",,,,7,3,8,10,4,400011,2,2,3,0,2,10,0,0,0,2,0,1,9,0,0,2,0,0,0,0,0,0
4172987,"MAHARASHTRA","MUMBAI II","MUMBAI_DYD_URC6 ( MALAD (W) )",2,"Greater Mumbai_Municipal Corporations","K/West - Ward No. 61",,,,11,3,11,12,5,400102,2,2,3,0,1,19,0,0,0,0,2,1,9,9,0,1,0,0,0,0,0,0
6660514,"MAHARASHTRA","MUMBAI II","MUMBAI_DYD_URC1 ( GRANT ROAD )",2,"Greater Mumbai_Municipal Corporations","E - Ward No. 211",,,,6,2,5,10,4,400008,2,2,3,0,1,19,0,0,0,2,0,1,9,2,220,1,0,0,0,0,0,0
2591292,"MAHARASHTRA","MUMBAI II","MUMBAI_DYD_URC5 ( ANDHERI )",2,"Greater Mumbai_Municipal Corporations","P/South - Ward No. 51",,,,6,3,5,10,4,400063,2,2,3,0,2,10,0,0,0,2,0,1,9,2,224,1,0,0,0,0,0,0
5553459,"MAHARASHTRA","MUMBAI II","MUMBAI_DYD_URC1 ( GRANT ROAD )",2,"Greater Mumbai_Municipal Corporations","D - Ward No. 215",,,,3,3,5,12,4,400007,2,2,3,0,1,10,19,0,0,2,2,1,9,2,230,1,0,0,0,0,0,0
7890917,"MAHARASHTRA","MUMBAI II","MUMBAI_DYD_URC3 ( GHATKOPAR )",2,"Greater Mumbai_Municipal Corporations","N - Ward No. 131",,,,3,3,5,12,4,400075,2,1,3,0,2,10,19,4,0,2,2,1,9,2,0,1,0,0,0,0,0,0
5772419,"MAHARASHTRA","MUMBAI II","MUMBAI_DYD_URC2 ( SION )",2,"Greater Mumbai_Municipal Corporations","F/South - Ward No. 202",,,,6,2,5,10,4,400014,2,2,3,0,1,19,0,0,0,2,0,1,9,2,0,1,0,0,0,0,0,0
2655944,"MAHARASHTRA","MUMBAI II","MUMBAI_DYD_URC1 ( GRANT ROAD )",2,"Greater Mumbai_Municipal Corporations","G/North - Ward No. 182",,,,3,3,1,12,5,400016,2,1,3,0,1,19,4,10,0,3,3,1,1,9,185,1,114,126,2,0,0,0
3086032,"MAHARASHTRA","MUMBAI II","MUMBAI_DYD_URC5 ( ANDHERI )",2,"Greater Mumbai_Municipal Corporations","K/East - Ward No. 72",,,,6,3,5,10,4,400060,2,1,3,0,2,10,0,0,0,2,0,1,9,2,235,1,0,0,0,0,0,0
1412813,"MAHARASHTRA","MUMBAI II","MUMBAI_DYD_URC1 ( GRANT ROAD )",2,"Greater Mumbai_Municipal Corporations","G/North - Ward No. 192",,,,10,3,9,12,4,400028,2,2,3,0,2,10,19,0,0,2,2,1,9,0,230,1,0,0,0,0,0,0
9860387,"MAHARASHTRA","MUMBAI II","MUMBAI_DYD_URC5 ( ANDHERI )",2,"Greater Mumbai_Municipal Corporations","K/East - Ward No. 86",,,,6,3,1,10,5,400101,2,2,3,0,2,19,0,0,0,1,0,1,1,9,220,1,12,11,0,0,0,0
4831364,"MAHARASHTRA","MUMBAI II","MUMBAI_DYD_URC1 ( GRANT ROAD )",2,"Greater Mumbai_Municipal Corporations","C - Ward No. 222",,,,3,3,5,12,4,400002,2,1,3,0,1,4,19,0,0,2,2,1,9,2,0,1,0,0,0,0,0,0
3566061,"MAHARASHTRA","MUMBAI II","MUMBAI_DYD_URC7 ( KANDIVALI (E) )",2,"Greater Mumbai_Municipal Corporations","R/Central - Ward No. 11",,,,6,3,5,10,4,400066,2,1,3,0,2,10,0,0,0,2,0,1,9,2,0,1,0,0,0,0,0,0
1377330,"MAHARASHTRA","MUMBAI II","MUMBAI_DYD_URC6 ( MALAD (W) )",2,"Greater Mumbai_Municipal Corporations","P/South - Ward No. 56",,,,6,3,5,10,4,400102,2,2,3,0,1,4,10,19,0,2,0,1,9,2,0,1,0,0,0,0,0,0
7495939,"MAHARASHTRA","MUMBAI II","MUMBAI_DYD_URC4 ( MULUND )",2,"Greater Mumbai_Municipal Corporations","S - Ward No. 111",,,,6,3,5,10,4,400042,2,2,3,0,2,10,0,0,0,2,0,1,9,1,224,1,0,0,0,0,0,0
4308548,"MAHARASHTRA","MUMBAI II","MUMBAI_DYD_URC6 ( MALAD (W) )",2,"Greater Mumbai_Municipal Corporations","P/North - Ward No. 34",,,,3,3,5,12,5,400095,2,1,3,0,1,19,10,4,0,2,2,1,9,9,220,2,0,0,0,0,0,0
1884260,"MAHARASHTRA","MUMBAI II","MUMBAI_DYD_URC6 ( MALAD (W) )",2,"Greater Mumbai_Municipal Corporations","K/West - Ward No. 61",,,,3,3,1,12,5,400058,2,2,3,0,1,19,0,0,0,4,4,1,2,9,215,1,0,0,0,0,0,0
2086369,"MAHARASHTRA","MUMBAI II","MUMBAI_DYD_URC3 ( GHATKOPAR )",2,"Greater Mumbai_Municipal Corporations","M/West - Ward No. 155",,,,6,3,5,10,4,400074,2,2,3,0,2,10,4,19,0,2,0,1,9,2,212,1,0,0,0,0,0,0
1625206,"MAHARASHTRA","MUMBAI II","MUMBAI_DYD_URC1 ( GRANT ROAD )",2,"Greater Mumbai_Municipal Corporations","B - Ward No. 223",,,,7,3,8,10,4,400009,2,2,3,0,2,10,0,0,0,2,0,1,9,0,0,1,0,0,0,0,0,0
4116504,"MAHARASHTRA","MUMBAI II","MUMBAI_DYD_URC2 ( SION )",2,"Greater Mumbai_Municipal Corporations","F/North - Ward No. 173",,,,6,3,5,10,4,400022,2,1,2,3,2,10,0,0,0,2,0,1,9,2,215,1,0,0,0,0,0,0
1890127,"MAHARASHTRA","MUMBAI II","MUMBAI_DYD_URC7 ( KANDIVALI (E) )",2,"Greater Mumbai_Municipal Corporations","R/South - Ward No. 25",,,,6,3,1,10,5,400101,2,1,3,0,2,19,0,0,0,3,0,1,2,9,225,1,57,52,26,21,0,0
5639687,"MAHARASHTRA","MUMBAI II","MUMBAI_DYD_URC6 ( MALAD (W) )",2,"Greater Mumbai_Municipal Corporations","P/North - Ward No. 36",,,,3,3,1,12,5,400097,2,1,3,0,1,19,0,0,0,3,3,1,2,9,195,1,94,81,28,21,1,0
7105549,"MAHARASHTRA","MUMBAI II","MUMBAI_DYD_URC1 ( GRANT ROAD )",2,"Greater Mumbai_Municipal Corporations","B - Ward No. 224",,,,6,3,5,10,4,400009,2,2,3,0,1,19,10,4,0,2,0,1,9,2,0,1,0,0,0,0,0,0
4242148,"MAHARASHTRA","MUMBAI II","MUMBAI_DYD_URC3 ( GHATKOPAR )",2,"Greater Mumbai_Municipal Corporations","M/West - Ward No. 154",,,,6,3,5,10,4,400074,2,1,3,0,1,19,0,0,0,2,0,1,9,2,0,1,0,0,0,0,0,0
2485822,"MAHARASHTRA","MUMBAI II","MUMBAI_DYD_URC5 ( ANDHERI )",2,"Greater Mumbai_Municipal Corporations","K/East - Ward No. 76",,,,6,3,5,10,5,400059,2,1,3,0,1,19,0,0,0,2,0,1,9,9,0,1,0,0,0,0,0,0
5349038,"MAHARASHTRA","MUMBAI II","MUMBAI_DYD_URC3 ( GHATKOPAR )",2,"Greater Mumbai_Municipal Corporations","M/West - Ward No. 153",,,,6,3,5,10,5,400088,2,2,3,0,2,19,0,0,0,2,0,1,9,9,216,1,0,0,0,0,0,0
1131142,"MAHARASHTRA","MUMBAI II","MUMBAI_DYD_URC6 ( MALAD (W) )",2,"Greater Mumbai_Municipal Corporations","P/North - Ward No. 47",,,,3,3,1,12,5,400095,2,2,3,0,1,19,0,0,0,4,4,1,2,9,180,1,4,3,1,1,0,0
1966598,"MAHARASHTRA","MUMBAI II","MUMBAI_DYD_URC3 ( GHATKOPAR )",2,"Greater Mumbai_Municipal Corporations","N - Ward No. 131",,,,7,3,8,10,4,400075,2,2,3,0,1,4,0,0,0,2,0,1,9,0,230,1,0,0,0,0,0,0
8052967,"MAHARASHTRA","MUMBAI II","MUMBAI_DYD_URC3 ( GHATKOPAR )",2,"Greater Mumbai_Municipal Corporations","M/East - Ward No. 138",,,,6,3,5,10,4,400043,2,2,3,0,2,10,0,0,0,2,0,1,9,2,237,1,0,0,0,0,0,0
9193730,"MAHARASHTRA","MUMBAI II","MUMBAI_DYD_URC6 ( MALAD (W) )",2,"Greater Mumbai_Municipal Corporations","P/North - Ward No. 40",,,,3,3,5,12,4,400097,2,2,3,0,1,4,10,19,0,2,2,1,9,2,0,2,0,0,0,0,0,0
8051880,"MAHARASHTRA","MUMBAI II","MUMBAI_DYD_URC3 ( GHATKOPAR )",2,"Greater Mumbai_Municipal Corporations","N - Ward No. 123",,,,6,3,5,10,4,400079,2,2,3,0,1,4,0,0,0,2,0,1,9,2,228,1,0,0,0,0,0,0
5214413,"MAHARASHTRA","MUMBAI II","MUMBAI_DYD_URC6 ( MALAD (W) )",2,"Greater Mumbai_Municipal Corporations","K/West - Ward No. 70",,,,3,3,5,12,4,400058,2,2,3,0,1,3,0,0,0,2,2,1,9,2,0,1,0,0,0,0,0,0
7617680,"MAHARASHTRA","MUMBAI II","MUMBAI_DYD_URC6 ( MALAD (W) )",2,"Greater Mumbai_Municipal Corporations","K/West - Ward No. 61",,,,11,3,11,12,5,400102,2,2,3,0,1,19,0,0,0,0,2,1,9,9,0,1,0,0,0,0,0,0
7733383,"MAHARASHTRA","MUMBAI II","MUMBAI_DYD_URC3 ( GHATKOPAR )",2,"Greater Mumbai_Municipal Corporations","M/West - Ward No. 149",,,,6,3,5,10,4,400089,2,2,3,0,2,19,10,4,0,2,0,1,9,2,236,1,0,0,0,0,0,0
4097501,"MAHARASHTRA","MUMBAI II","MUMBAI_DYD_URC3 ( GHATKOPAR )",2,"Greater Mumbai_Municipal Corporations","N - Ward No. 132",,,,8,3,9,10,5,400077,2,2,3,0,1,19,0,0,0,2,0,1,9,9,230,1,0,0,0,0,0,0
3236112,"MAHARASHTRA","MUMBAI II","MUMBAI_DYD_URC3 ( GHATKOPAR )",2,"Greater Mumbai_Municipal Corporations","M/East - Ward No. 139",,,,6,3,5,10,4,400088,2,1,3,0,2,10,0,0,0,2,0,1,9,2,3,1,0,0,0,0,0,0
8602037,"MAHARASHTRA","MUMBAI II","MUMBAI_DYD_URC2 ( SION )",2,"Greater Mumbai_Municipal Corporations","F/North - Ward No. 180",,,,5,3,8,12,4,400019,2,1,3,0,1,4,19,0,0,2,2,1,9,0,220,1,0,0,0,0,0,0
9377890,"MAHARASHTRA","MUMBAI II","MUMBAI_DYD_URC6 ( MALAD (W) )",2,"Greater Mumbai_Municipal Corporations","P/South - Ward No. 50",,,,11,3,11,12,4,400064,2,2,3,0,2,19,10,4,3,0,2,1,9,0,0,1,0,0,0,0,0,0
7213395,"MAHARASHTRA","MUMBAI II","MUMBAI_DYD_URC6 ( MALAD (W) )",2,"Greater Mumbai_Municipal Corporations","P/North - Ward No. 48",,,,3,3,5,12,5,400095,2,2,3,0,2,19,10,4,0,2,2,1,9,9,0,1,0,0,0,0,0,0
2723027,"MAHARASHTRA","MUMBAI II","MUMBAI_DYD_URC1 ( GRANT ROAD )",2,"Greater Mumbai_Municipal Corporations","B - Ward No. 224",,,,3,3,5,12,4,400009,2,2,3,0,1,19,0,0,0,2,2,1,9,2,193,1,0,0,0,0,0,0
9083962,"MAHARASHTRA","MUMBAI II","MUMBAI_DYD_URC3 ( GHATKOPAR )",2,"Greater Mumbai_Municipal Corporations","M/West - Ward No. 154",,,,7,3,8,10,4,400074,2,2,3,0,1,4,10,19,0,2,0,1,9,0,0,1,0,0,0,0,0,0
5036843,"MAHARASHTRA","MUMBAI II","MUMBAI_DYD_URC1 ( GRANT ROAD )",2,"Greater Mumbai_Municipal Corporations","D - Ward No. 214",,,,6,3,5,10,5,0,2,1,3,0,2,19,0,0,0,2,0,1,9,9,0,1,0,0,0,0,0,0
3433730,"MAHARASHTRA","MUMBAI II","MUMBAI_DYD_URC7 ( KANDIVALI (E) )",2,"Greater Mumbai_Municipal Corporations","R/South - Ward No. 20",,,,6,3,5,10,5,400067,2,2,3,0,2,19,0,0,0,2,0,1,9,9,209,1,0,0,0,0,0,0
7205814,"MAHARASHTRA","MUMBAI II","MUMBAI_DYD_URC2 ( SION )",2,"Greater Mumbai_Municipal Corporations","G/North - Ward No. 183",,,,7,3,8,10,5,400017,2,2,3,0,2,19,0,0,0,2,0,1,9,9,8,1,0,0,0,0,0,0
9243602,"MAHARASHTRA","MUMBAI II","MUMBAI_DYD_URC1 ( GRANT ROAD )",2,"Greater Mumbai_Municipal Corporations","C - Ward No. 222",,,,6,3,5,10,4,400002,2,2,3,0,1,19,0,0,0,2,0,1,9,2,0,1,0,0,0,0,0,0
8523323,"MAHARASHTRA","MUMBAI II","MUMBAI_DYD_URC1 ( GRANT ROAD )",2,"Greater Mumbai_Municipal Corporations","G/North - Ward No. 192",,,,6,3,5,10,5,400028,2,2,3,0,2,19,10,4,0,2,0,1,9,9,215,1,0,0,0,0,0,0
1366705,"MAHARASHTRA","MUMBAI II","MUMBAI_DYD_URC5 ( ANDHERI )",2,"Greater Mumbai_Municipal Corporations","H/West - Ward No. 102",,,,6,3,5,10,4,400050,2,2,3,0,1,19,0,0,0,2,0,1,9,2,220,1,0,0,0,0,0,0
9624387,"MAHARASHTRA","MUMBAI II","MUMBAI_DYD_URC3 ( GHATKOPAR )",2,"Greater Mumbai_Municipal Corporations","N - Ward No. 131",,,,5,3,8,12,4,400075,2,2,3,0,2,10,19,0,0,2,2,1,9,0,230,1,0,0,0,0,0,0
8536984,"MAHARASHTRA","MUMBAI II","MUMBAI_DYD_URC7 ( KANDIVALI (E) )",2,"Greater Mumbai_Municipal Corporations","R/South - Ward No. 23",,,,3,3,1,12,5,400101,2,1,3,0,2,19,0,0,0,2,2,1,2,9,245,1,0,0,11,18,0,0
2810805,"MAHARASHTRA","MUMBAI II","MUMBAI_DYD_URC5 ( ANDHERI )",2,"Greater Mumbai_Municipal Corporations","H/West - Ward No. 101",,,,11,3,11,12,4,400050,2,2,3,0,1,19,0,0,0,0,2,1,9,0,230,1,0,0,0,0,0,0
5746617,"MAHARASHTRA","MUMBAI II","MUMBAI_DYD_URC6 ( MALAD (W) )",2,"Greater Mumbai_Municipal Corporations","K/West - Ward No. 62",,,,3,3,5,12,5,400102,2,2,3,0,1,19,0,0,0,2,2,1,9,9,230,1,0,0,0,0,0,0
5161044,"MAHARASHTRA","MUMBAI II","MUMBAI_DYD_URC6 ( MALAD (W) )",2,"Greater Mumbai_Municipal Corporations","K/West - Ward No. 71",,,,6,3,5,10,5,400049,2,1,3,0,1,19,0,0,0,2,0,1,9,9,220,1,0,0,0,0,0,0
8145014,"MAHARASHTRA","MUMBAI II","MUMBAI_DYD_URC3 ( GHATKOPAR )",2,"Greater Mumbai_Municipal Corporations","M/East - Ward No. 136",,,,6,3,5,10,4,400043,2,2,3,0,2,4,0,0,0,2,0,1,9,2,0,1,0,0,0,0,0,0
1029555,"MAHARASHTRA","MUMBAI II","MUMBAI_DYD_URC6 ( MALAD (W) )",2,"Greater Mumbai_Municipal Corporations","P/North - Ward No. 43",,,,6,3,5,10,5,400097,2,1,3,0,1,19,10,4,0,2,0,1,9,9,0,1,0,0,0,0,0,0
2046533,"MAHARASHTRA","MUMBAI II","MUMBAI_DYD_URC1 ( GRANT ROAD )",2,"Greater Mumbai_Municipal Corporations","A - Ward No. 227",,,,3,3,1,12,5,400005,2,2,3,0,2,19,0,0,0,1,1,1,2,9,0,1,0,2,7,12,0,0
3636206,"MAHARASHTRA","MUMBAI II","MUMBAI_DYD_URC2 ( SION )",2,"Greater Mumbai_Municipal Corporations","E - Ward No. 211",,,,6,3,5,10,5,400008,2,1,3,0,2,19,0,0,0,2,0,1,9,9,0,1,0,0,0,0,0,0
3964221,"MAHARASHTRA","MUMBAI II","MUMBAI_DYD_URC7 ( KANDIVALI (E) )",2,"Greater Mumbai_Municipal Corporations","R/Central - Ward No. 11",,,,8,3,9,10,5,400066,2,2,3,0,1,19,0,0,0,2,0,1,9,9,220,1,0,0,0,0,0,0
3314257,"MAHARASHTRA","MUMBAI II","MUMBAI_DYD_URC6 ( MALAD (W) )",2,"Greater Mumbai_Municipal Corporations","P/North - Ward No. 32",,,,3,3,1,12,5,400095,2,2,3,0,2,19,0,0,0,1,1,1,2,9,208,1,37,52,8,8,0,0
3376416,"MAHARASHTRA","MUMBAI II","MUMBAI_DYD_URC2 ( SION )",2,"Greater Mumbai_Municipal Corporations","F/North - Ward No. 177",,,,3,3,5,12,5,400019,2,1,3,0,2,19,0,0,0,2,2,1,9,9,0,1,0,0,0,0,0,0
5296801,"MAHARASHTRA","MUMBAI II","MUMBAI_DYD_URC4 ( MULUND )",2,"Greater Mumbai_Municipal Corporations","L - Ward No. 169",,,,6,3,5,10,4,400024,2,1,3,0,2,10,19,0,0,2,0,1,9,2,221,1,0,0,0,0,0,0
1535579,"MAHARASHTRA","MUMBAI II","MUMBAI_DYD_URC5 ( ANDHERI )",2,"Greater Mumbai_Municipal Corporations","K/East - Ward No. 81",,,,6,3,5,10,5,400059,2,1,3,0,2,19,0,0,0,2,0,1,9,9,0,1,0,0,0,0,0,0
4607181,"MAHARASHTRA","MUMBAI II","MUMBAI_DYD_URC4 ( MULUND )",2,"Greater Mumbai_Municipal Corporations","L - Ward No. 157",,,,3,3,1,12,5,400072,2,2,3,0,1,19,4,0,0,4,4,1,1,9,210,1,27,33,10,7,0,0
5457613,"MAHARASHTRA","MUMBAI II","MUMBAI_DYD_URC2 ( SION )",2,"Greater Mumbai_Municipal Corporations","E - Ward No. 210",,,,6,2,5,10,4,400027,2,2,3,0,1,19,10,4,0,2,0,1,9,2,220,1,0,0,0,0,0,0
5120534,"MAHARASHTRA","MUMBAI II","MUMBAI_DYD_URC4 ( MULUND )",2,"Greater Mumbai_Municipal Corporations","S - Ward No. 110",,,,3,3,5,12,4,400078,2,2,3,0,1,19,4,0,0,2,2,1,9,2,220,1,0,0,0,0,0,0
3210867,"MAHARASHTRA","MUMBAI II","MUMBAI_DYD_URC7 ( KANDIVALI (E) )",2,"Greater Mumbai_Municipal Corporations","R/Central - Ward No. 15",,,,3,3,1,12,5,400092,2,1,3,0,1,19,4,10,0,1,1,1,2,9,210,1,13,9,42,44,0,0
6832494,"MAHARASHTRA","MUMBAI II","MUMBAI_DYD_URC6 ( MALAD (W) )",2,"Greater Mumbai_Municipal Corporations","P/North - Ward No. 45",,,,11,3,11,12,5,400097,2,1,3,0,1,19,0,0,0,0,2,1,9,9,190,1,0,0,0,0,0,0
1778140,"MAHARASHTRA","MUMBAI II","MUMBAI_DYD_URC4 ( MULUND )",2,"Greater Mumbai_Municipal Corporations","G/North - Ward No. 185",,,,6,3,1,10,5,400004,2,2,3,0,2,19,0,0,0,2,0,1,2,9,220,1,0,0,1,1,0,0
4154329,"MAHARASHTRA","MUMBAI II","MUMBAI_DYD_URC7 ( KANDIVALI (E) )",2,"Greater Mumbai_Municipal Corporations","R/Central - Ward No. 9",,,,6,3,5,10,4,400091,2,2,3,0,1,19,0,0,0,2,0,1,9,2,206,1,0,0,0,0,0,0
4181556,"MAHARASHTRA","MUMBAI II","MUMBAI_DYD_URC7 ( KANDIVALI (E) )",2,"Greater Mumbai_Municipal Corporations","R/North MCGM - Ward No.2",,,,6,3,5,10,5,400068,2,2,3,0,2,19,0,0,0,2,0,1,9,9,220,1,0,0,0,0,0,0
3250249,"MAHARASHTRA","MUMBAI II","MUMBAI_DYD_URC7 ( KANDIVALI (E) )",2,"Greater Mumbai_Municipal Corporations","R/South - Ward No. 25",,,,6,3,1,10,5,400101,2,1,3,0,1,19,0,0,0,3,0,1,2,9,0,1,61,58,16,14,0,0
9279104,"MAHARASHTRA","MUMBAI II","MUMBAI_DYD_URC6 ( MALAD (W) )",2,"Greater Mumbai_Municipal Corporations","P/North - Ward No. 42",,,,6,3,5,10,5,400095,2,2,3,0,2,19,0,0,0,2,0,1,9,9,0,1,0,0,0,0,0,0
6502984,"MAHARASHTRA","MUMBAI II","MUMBAI_DYD_URC3 ( GHATKOPAR )",2,"Greater Mumbai_Municipal Corporations","M/West - Ward No. 149",,,,6,3,5,10,5,400089,2,2,3,0,1,19,0,0,0,2,0,1,9,9,0,1,0,0,0,0,0,0
6051500,"MAHARASHTRA","MUMBAI II","MUMBAI_DYD_URC4 ( MULUND )",2,"Greater Mumbai_Municipal Corporations","L - Ward No. 159",,,,6,3,5,10,5,400072,2,2,3,0,1,19,0,0,0,2,0,1,9,9,220,1,0,0,0,0,0,0
2807902,"MAHARASHTRA","MUMBAI II","MUMBAI_DYD_URC3 ( GHATKOPAR )",2,"Greater Mumbai_Municipal Corporations","M/East - Ward No. 140",,,,6,3,5,10,4,400043,2,2,3,0,2,10,0,0,0,2,0,1,9,2,232,1,0,0,0,0,0,0
4734105,"MAHARASHTRA","MUMBAI II","MUMBAI_DYD_URC5 ( ANDHERI )",2,"Greater Mumbai_Municipal Corporations","K/East - Ward No. 84",,,,3,3,1,12,5,400058,2,1,3,0,1,19,0,0,0,4,4,1,2,9,210,1,38,38,1,1,0,0
6090817,"MAHARASHTRA","MUMBAI II","MUMBAI_DYD_URC5 ( ANDHERI )",2,"Greater Mumbai_Municipal Corporations","K/East - Ward No. 82",,,,6,3,5,10,5,400093,2,2,2,3,1,19,0,0,0,2,0,1,9,9,0,1,0,0,0,0,0,0
7133447,"MAHARASHTRA","MUMBAI II","MUMBAI_DYD_URC6 ( MALAD (W) )",2,"Greater Mumbai_Municipal Corporations","K/West - Ward No. 67",,,,6,3,1,10,5,400058,2,2,3,0,1,19,4,10,0,3,0,1,2,9,0,1,51,46,11,15,0,0
7936763,"MAHARASHTRA","MUMBAI II","MUMBAI_DYD_URC4 ( MULUND )",2,"Greater Mumbai_Municipal Corporations","L - Ward No. 162",,,,6,3,5,10,4,400072,2,2,3,0,1,18,0,0,0,2,0,1,9,2,230,1,0,0,0,0,0,0
9549533,"MAHARASHTRA","MUMBAI II","MUMBAI_DYD_URC3 ( GHATKOPAR )",2,"Greater Mumbai_Municipal Corporations","N - Ward No. 123",,,,6,3,5,10,4,400079,2,2,3,0,2,10,0,0,0,2,0,1,9,2,226,1,0,0,0,0,0,0
9213791,"MAHARASHTRA","MUMBAI II","MUMBAI_DYD_URC1 ( GRANT ROAD )",2,"Greater Mumbai_Municipal Corporations","B - Ward No. 224",,,,6,2,5,10,4,400009,2,1,3,0,1,19,0,0,0,2,0,1,9,2,0,1,0,0,0,0,0,0
8241574,"MAHARASHTRA","MUMBAI II","MUMBAI_DYD_URC4 ( MULUND )",2,"Greater Mumbai_Municipal Corporations","L - Ward No. 165",,,,7,3,8,10,4,400070,2,1,3,0,1,18,0,0,0,2,0,1,9,0,231,1,0,0,0,0,0,0
7374175,"MAHARASHTRA","MUMBAI II","MUMBAI_DYD_URC2 ( SION )",2,"Greater Mumbai_Municipal Corporations","F/North - Ward No. 180",,,,6,3,5,10,4,400031,2,2,3,0,2,10,0,0,0,2,0,1,9,2,220,1,0,0,0,0,0,0
7631166,"MAHARASHTRA","MUMBAI II","MUMBAI_DYD_URC1 ( GRANT ROAD )",2,"Greater Mumbai_Municipal Corporations","A - Ward No. 227",,,,3,3,1,12,5,400005,2,2,3,0,2,19,0,0,0,1,1,1,2,9,0,1,0,3,36,38,0,0
1201384,"MAHARASHTRA","MUMBAI II","MUMBAI_DYD_URC1 ( GRANT ROAD )",2,"Greater Mumbai_Municipal Corporations","G/North - Ward No. 191",,,,6,3,5,10,4,400028,2,2,3,0,2,10,0,0,0,2,0,1,9,2,230,1,0,0,0,0,0,0
2020795,"MAHARASHTRA","MUMBAI II","MUMBAI_DYD_URC5 ( ANDHERI )",2,"Greater Mumbai_Municipal Corporations","H/West - Ward No. 101",,,,3,2,1,12,5,400050,2,2,3,0,1,19,0,0,0,4,4,1,2,9,184,1,0,0,0,0,0,4
8560709,"MAHARASHTRA","MUMBAI II","MUMBAI_DYD_URC6 ( MALAD (W) )",2,"Greater Mumbai_Municipal Corporations","P/North - Ward No. 36",,,,6,3,5,10,4,400097,2,1,3,0,1,19,0,0,0,2,0,1,9,2,0,1,0,0,0,0,0,0
4622935,"MAHARASHTRA","MUMBAI II","MUMBAI_DYD_URC5 ( ANDHERI )",2,"Greater Mumbai_Municipal Corporations","H/West - Ward No. 97",,,,7,3,6,10,5,400054,2,2,3,0,2,19,0,0,0,2,0,1,9,9,218,1,0,0,0,0,0,0
6651655,"MAHARASHTRA","MUMBAI II","MUMBAI_DYD_URC1 ( GRANT ROAD )",2,"Greater Mumbai_Municipal Corporations","B - Ward No. 224",,,,6,2,1,10,5,400003,2,2,3,0,1,19,0,0,0,2,0,1,2,9,0,1,0,58,0,0,0,0
3543806,"MAHARASHTRA","MUMBAI II","MUMBAI_DYD_URC4 ( MULUND )",2,"Greater Mumbai_Municipal Corporations","L - Ward No. 158",,,,6,3,5,10,4,400072,2,1,3,0,2,10,0,0,0,2,0,1,9,2,0,1,0,0,0,0,0,0
6497975,"MAHARASHTRA","MUMBAI II","MUMBAI_DYD_URC3 ( GHATKOPAR )",2,"Greater Mumbai_Municipal Corporations","N - Ward No. 127",,,,6,3,5,10,4,400086,2,2,3,0,1,19,0,0,0,2,0,1,9,2,230,1,0,0,0,0,0,0
6059353,"MAHARASHTRA","MUMBAI II","MUMBAI_DYD_URC7 ( KANDIVALI (E) )",2,"Greater Mumbai_Municipal Corporations","R/Central - Ward No. 11",,,,6,3,5,10,4,400066,2,2,3,0,1,3,0,0,0,2,0,1,9,2,0,1,0,0,0,0,0,0
2168999,"MAHARASHTRA","MUMBAI II","MUMBAI_DYD_URC6 ( MALAD (W) )",2,"Greater Mumbai_Municipal Corporations","K/West - Ward No. 70",,,,11,3,11,12,4,400056,2,2,3,0,1,19,0,0,0,0,2,1,9,0,0,1,0,0,0,0,0,0
6738487,"MAHARASHTRA","MUMBAI II","MUMBAI_DYD_URC6 ( MALAD (W) )",2,"Greater Mumbai_Municipal Corporations","K/West - Ward No. 70",,,,3,3,5,12,5,400049,2,1,3,0,2,19,0,0,0,2,2,1,9,9,0,1,0,0,0,0,0,0
8810251,"MAHARASHTRA","MUMBAI II","MUMBAI_DYD_URC2 ( SION )",2,"Greater Mumbai_Municipal Corporations","F/North - Ward No. 177",,,,11,3,11,12,4,400019,2,2,3,0,1,19,0,0,0,0,2,1,9,0,0,1,0,0,0,0,0,0
5325581,"MAHARASHTRA","MUMBAI II","MUMBAI_DYD_URC1 ( GRANT ROAD )",2,"Greater Mumbai_Municipal Corporations","A - Ward No. 225",,,,6,3,5,10,5,400020,2,2,3,0,1,19,0,0,0,2,0,1,9,9,220,1,0,0,0,0,0,0
5937679,"MAHARASHTRA","MUMBAI II","MUMBAI_DYD_URC4 ( MULUND )",2,"Greater Mumbai_Municipal Corporations","S - Ward No. 118",,,,3,3,5,12,5,400083,2,2,3,0,2,19,0,0,0,2,2,1,9,9,220,1,0,0,0,0,0,0
7828496,"MAHARASHTRA","MUMBAI II","MUMBAI_DYD_URC1 ( GRANT ROAD )",2,"Greater Mumbai_Municipal Corporations","D - Ward No. 214",,,,6,2,1,10,5,400006,2,2,3,0,1,19,0,0,0,3,0,1,2,9,0,1,0,105,0,1,0,0
2114341,"MAHARASHTRA","MUMBAI II","MUMBAI_DYD_URC7 ( KANDIVALI (E) )",2,"Greater Mumbai_Municipal Corporations","R/Central - Ward No. 15",,,,11,3,11,12,5,400092,2,1,3,0,2,19,0,0,0,0,2,1,9,9,220,2,0,0,0,0,0,0
6417217,"MAHARASHTRA","MUMBAI II","MUMBAI_DYD_URC5 ( ANDHERI )",2,"Greater Mumbai_Municipal Corporations","L - Ward No. 160",,,,6,3,5,10,5,400072,2,1,3,0,2,19,0,0,0,2,0,1,9,9,200,1,0,0,0,0,0,0
4807308,"MAHARASHTRA","MUMBAI II","MUMBAI_DYD_URC2 ( SION )",2,"Greater Mumbai_Municipal Corporations","F/North - Ward No. 172",,,,7,3,8,10,4,400022,2,2,3,0,1,4,0,0,0,2,0,1,9,0,235,1,0,0,0,0,0,0
7296720,"MAHARASHTRA","MUMBAI II","MUMBAI_DYD_URC3 ( GHATKOPAR )",2,"Greater Mumbai_Municipal Corporations","N - Ward No. 132",,,,3,3,5,12,5,400077,2,1,3,0,1,19,0,0,0,2,2,1,9,9,230,1,0,0,0,0,0,0
1362105,"MAHARASHTRA","MUMBAI II","MUMBAI_DYD_URC3 ( GHATKOPAR )",2,"Greater Mumbai_Municipal Corporations","M/East - Ward No. 146",,,,11,3,11,12,5,400094,2,2,3,0,2,19,0,0,0,0,2,1,9,9,0,1,0,0,0,0,0,0
3899124,"MAHARASHTRA","MUMBAI II","MUMBAI_DYD_URC2 ( SION )",2,"Greater Mumbai_Municipal Corporations","E - Ward No. 211",,,,6,2,5,10,4,400008,2,2,3,0,1,19,0,0,0,2,0,1,9,2,206,1,0,0,0,0,0,0
7743101,"MAHARASHTRA","MUMBAI II","MUMBAI_DYD_URC1 ( GRANT ROAD )",2,"Greater Mumbai_Municipal Corporations","A - Ward No. 225",,,,6,2,1,10,5,400001,2,2,3,0,1,19,0,0,0,3,0,1,2,9,220,1,0,72,0,10,0,0
5451065,"MAHARASHTRA","MUMBAI II","MUMBAI_DYD_URC5 ( ANDHERI )",2,"Greater Mumbai_Municipal Corporations","H/West - Ward No. 101",,,,6,2,5,10,4,400050,2,2,3,0,1,19,0,0,0,2,0,1,9,2,232,1,0,0,0,0,0,0
5808655,"MAHARASHTRA","MUMBAI II","MUMBAI_DYD_URC4 ( MULUND )",2,"Greater Mumbai_Municipal Corporations","L - Ward No. 161",,,,6,3,5,10,5,400072,2,2,3,0,2,19,10,4,0,2,0,1,9,9,220,1,0,0,0,0,0,0
3067600,"MAHARASHTRA","MUMBAI II","MUMBAI_DYD_URC3 ( GHATKOPAR )",2,"Greater Mumbai_Municipal Corporations","N - Ward No. 124",,,,6,3,5,10,5,400079,2,2,3,0,2,19,0,0,0,2,0,1,9,9,212,1,0,0,0,0,0,0
1665919,"MAHARASHTRA","MUMBAI II","MUMBAI_DYD_URC3 ( GHATKOPAR )",2,"Greater Mumbai_Municipal Corporations","N - Ward No. 124",,,,7,3,8,10,4,400079,2,2,3,0,2,4,0,0,0,2,0,1,9,0,235,1,0,0,0,0,0,0
8784566,"MAHARASHTRA","MUMBAI II","MUMBAI_DYD_URC5 ( ANDHERI )",2,"Greater Mumbai_Municipal Corporations","H/East - Ward No. 90",,,,3,3,5,12,4,400029,2,1,3,0,1,19,0,0,0,2,2,1,9,2,194,1,0,0,0,0,0,0
5221668,"MAHARASHTRA","MUMBAI II","MUMBAI_DYD_URC1 ( GRANT ROAD )",2,"Greater Mumbai_Municipal Corporations","A - Ward No. 225",,,,6,2,5,10,5,400001,2,2,3,0,1,19,0,0,0,2,0,1,9,9,220,1,0,0,0,0,0,0
9844940,"MAHARASHTRA","MUMBAI II","MUMBAI_DYD_URC2 ( SION )",2,"Greater Mumbai_Municipal Corporations","F/South - Ward No. 205",,,,6,3,5,10,5,400033,2,2,3,0,1,19,0,0,0,2,0,1,9,9,230,1,0,0,0,0,0,0
2295507,"MAHARASHTRA","MUMBAI II","MUMBAI_DYD_URC6 ( MALAD (W) )",2,"Greater Mumbai_Municipal Corporations","P/North - Ward No. 38",,,,6,3,5,10,4,400097,2,2,3,0,1,4,0,0,0,2,0,1,9,2,0,1,0,0,0,0,0,0
5214113,"MAHARASHTRA","MUMBAI II","MUMBAI_DYD_URC1 ( GRANT ROAD )",2,"Greater Mumbai_Municipal Corporations","E - Ward No. 211",,,,6,3,5,10,5,400008,2,2,3,0,1,19,0,0,0,2,0,1,9,9,210,1,0,0,0,0,0,0
8999463,"MAHARASHTRA","MUMBAI II","MUMBAI_DYD_URC1 ( GRANT ROAD )",2,"Greater Mumbai_Municipal Corporations","B - Ward No. 224",,,,6,3,5,10,4,400009,2,2,3,0,1,18,0,0,0,2,0,1,9,2,0,1,0,0,0,0,0,0
6507378,"MAHARASHTRA","MUMBAI II","MUMBAI_DYD_URC1 ( GRANT ROAD )",2,"Greater Mumbai_Municipal Corporations","F/South - Ward No. 204",,,,7,3,8,10,4,400012,2,2,3,0,2,10,0,0,0,2,0,1,9,0,0,1,0,0,0,0,0,0
7453562,"MAHARASHTRA","MUMBAI II","MUMBAI_DYD_URC7 ( KANDIVALI (E) )",2,"Greater Mumbai_Municipal Corporations","R/North - Ward No. 8",,,,3,3,5,12,4,400103,2,2,3,0,2,10,19,0,0,2,2,1,9,2,222,1,0,0,0,0,0,0
9215904,"MAHARASHTRA","MUMBAI II","MUMBAI_DYD_URC5 ( ANDHERI )",2,"Greater Mumbai_Municipal Corporations","H/East - Ward No. 92",,,,7,2,8,10,4,400051,2,2,3,0,1,18,0,0,0,2,0,1,9,0,230,1,0,0,0,0,0,0
3169269,"MAHARASHTRA","MUMBAI II","MUMBAI_DYD_URC5 ( ANDHERI )",2,"Greater Mumbai_Municipal Corporations","P/South - Ward No. 52",,,,6,3,1,10,5,400063,2,1,3,0,2,19,0,0,0,1,0,1,2,9,0,1,0,0,0,0,0,0
3655689,"MAHARASHTRA","MUMBAI II","MUMBAI_DYD_URC5 ( ANDHERI )",2,"Greater Mumbai_Municipal Corporations","H/East - Ward No. 91",,,,6,1,5,10,4,400098,2,1,3,0,2,10,0,0,0,2,0,1,9,2,233,1,0,0,0,0,0,0
7081844,"MAHARASHTRA","MUMBAI II","MUMBAI_DYD_URC3 ( GHATKOPAR )",2,"Greater Mumbai_Municipal Corporations","N - Ward No. 132",,,,11,3,11,12,4,400077,2,2,3,0,1,19,0,0,0,0,2,1,9,0,0,1,0,0,0,0,0,0
3535795,"MAHARASHTRA","MUMBAI II","MUMBAI_DYD_URC6 ( MALAD (W) )",2,"Greater Mumbai_Municipal Corporations","K/West - Ward No. 70",,,,6,3,1,10,5,400056,2,2,3,0,1,19,0,0,0,4,0,1,2,9,0,1,17,15,69,66,0,0
3549475,"MAHARASHTRA","MUMBAI II","MUMBAI_DYD_URC5 ( ANDHERI )",2,"Greater Mumbai_Municipal Corporations","K/East - Ward No. 85",,,,6,3,5,10,4,400057,2,2,3,0,2,10,0,0,0,2,0,1,9,2,0,1,0,0,0,0,0,0
9460794,"MAHARASHTRA","MUMBAI II","MUMBAI_DYD_URC3 ( GHATKOPAR )",2,"Greater Mumbai_Municipal Corporations","N - Ward No. 125",,,,6,3,5,10,4,400075,2,2,3,0,2,10,0,0,0,2,0,1,9,2,0,1,0,0,0,0,0,0
3049385,"MAHARASHTRA","MUMBAI II","MUMBAI_DYD_URC6 ( MALAD (W) )",2,"Greater Mumbai_Municipal Corporations","K/West - Ward No. 67",,,,3,3,5,12,4,400058,2,2,3,0,1,19,0,0,0,2,2,1,9,2,211,1,0,0,0,0,0,0
7316921,"MAHARASHTRA","MUMBAI II","MUMBAI_DYD_URC1 ( GRANT ROAD )",2,"Greater Mumbai_Municipal Corporations","D - Ward No. 214",,,,6,3,1,10,5,400026,2,1,3,0,1,19,0,0,0,3,0,1,1,9,197,1,56,47,5,0,0,0
1400764,"MAHARASHTRA","MUMBAI II","MUMBAI_DYD_URC3 ( GHATKOPAR )",2,"Greater Mumbai_Municipal Corporations","N - Ward No. 124",,,,6,3,5,10,4,400079,2,2,3,0,2,10,0,0,0,2,0,1,9,2,0,1,0,0,0,0,0,0
6880174,"MAHARASHTRA","MUMBAI II","MUMBAI_DYD_URC1 ( GRANT ROAD )",2,"Greater Mumbai_Municipal Corporations","G/South - Ward No. 195",,,,6,3,5,10,4,400018,2,2,3,0,2,10,4,19,0,2,0,1,9,2,0,1,0,0,0,0,0,0
5318715,"MAHARASHTRA","MUMBAI II","MUMBAI_DYD_URC4 ( MULUND )",2,"Greater Mumbai_Municipal Corporations","L - Ward No. 165",,,,6,3,5,10,4,400070,2,2,3,0,1,18,0,0,0,2,0,1,9,2,0,1,0,0,0,0,0,0
8489912,"MAHARASHTRA","MUMBAI II","MUMBAI_DYD_URC2 ( SION )",2,"Greater Mumbai_Municipal Corporations","F/North - Ward No. 180",,,,3,3,1,12,5,400014,2,2,3,0,2,19,0,0,0,2,2,1,2,9,0,1,0,0,0,0,0,0
3200938,"MAHARASHTRA","MUMBAI II","MUMBAI_DYD_URC3 ( GHATKOPAR )",2,"Greater Mumbai_Municipal Corporations","M/East - Ward No. 142",,,,7,3,8,10,5,400043,2,2,3,0,1,19,4,0,0,2,0,1,9,9,0,1,0,0,0,0,0,0
8188760,"MAHARASHTRA","MUMBAI II","MUMBAI_DYD_URC6 ( MALAD (W) )",2,"Greater Mumbai_Municipal Corporations","P/North - Ward No. 43",,,,6,3,5,10,4,400097,2,2,3,0,1,4,0,0,0,2,0,1,9,2,0,1,0,0,0,0,0,0
5480049,"MAHARASHTRA","MUMBAI II","MUMBAI_DYD_URC4 ( MULUND )",2,"Greater Mumbai_Municipal Corporations","S - Ward No. 122",,,,11,3,11,12,5,400076,2,2,3,0,2,19,0,0,0,0,2,1,9,9,0,1,0,0,0,0,0,0
7293104,"MAHARASHTRA","MUMBAI II","MUMBAI_DYD_URC2 ( SION )",2,"Greater Mumbai_Municipal Corporations","F/South - Ward No. 203",,,,6,3,5,10,4,400012,2,2,3,0,2,19,0,0,0,2,0,1,9,2,231,1,0,0,0,0,0,0
3709669,"MAHARASHTRA","MUMBAI II","MUMBAI_DYD_URC7 ( KANDIVALI (E) )",2,"Greater Mumbai_Municipal Corporations","R/North - Ward No. 3",,,,6,3,5,10,5,400068,2,2,3,0,1,19,0,0,0,2,0,1,9,9,230,1,0,0,0,0,0,0
4150945,"MAHARASHTRA","MUMBAI II","MUMBAI_DYD_URC7 ( KANDIVALI (E) )",2,"Greater Mumbai_Municipal Corporations","R/Central - Ward No. 18",,,,11,3,11,12,5,400067,2,2,3,0,2,19,0,0,0,0,2,1,9,9,2,1,0,0,0,0,0,0
9475435,"MAHARASHTRA","MUMBAI II","MUMBAI_DYD_URC5 ( ANDHERI )",2,"Greater Mumbai_Municipal Corporations","H/West - Ward No. 97",,,,6,3,5,10,4,400054,2,1,3,0,1,19,4,10,0,2,0,1,9,2,0,1,0,0,0,0,0,0
3069578,"MAHARASHTRA","MUMBAI II","MUMBAI_DYD_URC7 ( KANDIVALI (E) )",2,"Greater Mumbai_Municipal Corporations","R/North - Ward No. 7",,,,6,3,5,10,5,400068,2,2,3,0,1,19,0,0,0,2,0,1,9,9,0,1,0,0,0,0,0,0
2401620,"MAHARASHTRA","MUMBAI II","MUMBAI_DYD_URC3 ( GHATKOPAR )",2,"Greater Mumbai_Municipal Corporations","N - Ward No. 128",,,,3,3,5,12,4,400084,2,2,3,0,2,10,19,0,0,2,2,1,9,2,0,1,0,0,0,0,0,0
9372099,"MAHARASHTRA","MUMBAI II","MUMBAI_DYD_URC3 ( GHATKOPAR )",2,"Greater Mumbai_Municipal Corporations","M/East - Ward No. 145",,,,6,3,5,10,4,400088,2,2,3,0,2,10,19,0,0,2,0,1,9,2,238,1,0,0,0,0,0,0
6319273,"MAHARASHTRA","MUMBAI II","MUMBAI_DYD_URC3 ( GHATKOPAR )",2,"Greater Mumbai_Municipal Corporations","M/West - Ward No. 154",,,,7,3,8,10,4,400074,1,2,3,0,2,10,4,0,0,2,0,1,9,0,0,1,0,0,0,0,0,0
6344352,"MAHARASHTRA","MUMBAI II","MUMBAI_DYD_URC6 ( MALAD (W) )",2,"Greater Mumbai_Municipal Corporations","P/North - Ward No. 32",,,,6,3,5,10,5,400097,2,1,3,0,2,19,0,0,0,2,0,1,9,9,0,1,0,0,0,0,0,0
3942420,"MAHARASHTRA","MUMBAI II","MUMBAI_DYD_URC7 ( KANDIVALI (E) )",2,"Greater Mumbai_Municipal Corporations","R/North - Ward No. 6",,,,6,3,5,10,4,400068,2,2,3,0,1,10,0,0,0,2,0,1,9,2,224,1,0,0,0,0,0,0
3345959,"MAHARASHTRA","MUMBAI II","MUMBAI_DYD_URC3 ( GHATKOPAR )",2,"Greater Mumbai_Municipal Corporations","M/East - Ward No. 140",,,,6,3,5,10,4,400043,2,1,3,0,1,18,0,0,0,2,0,1,9,2,229,1,0,0,0,0,0,0
7380432,"MAHARASHTRA","MUMBAI II","MUMBAI_DYD_URC3 ( GHATKOPAR )",2,"Greater Mumbai_Municipal Corporations","N - Ward No. 131",,,,3,3,5,12,4,400075,2,1,3,0,2,10,19,4,0,2,2,1,9,2,0,1,0,0,0,0,0,0
8712603,"MAHARASHTRA","MUMBAI II","MUMBAI_DYD_URC6 ( MALAD (W) )",2,"Greater Mumbai_Municipal Corporations","P/South - Ward No. 50",,,,6,2,5,10,4,400064,2,2,3,0,1,4,0,0,0,2,0,1,9,2,211,1,0,0,0,0,0,0
3407357,"MAHARASHTRA","MUMBAI II","MUMBAI_DYD_URC6 ( MALAD (W) )",2,"Greater Mumbai_Municipal Corporations","K/West - Ward No. 63",,,,6,3,5,10,4,400058,2,2,3,0,1,10,0,0,0,2,0,1,9,2,0,1,0,0,0,0,0,0
3224626,"MAHARASHTRA","MUMBAI II","MUMBAI_DYD_URC6 ( MALAD (W) )",2,"Greater Mumbai_Municipal Corporations","P/North - Ward No. 47",,,,11,3,11,12,4,400064,2,2,3,0,1,19,10,4,0,0,2,1,9,0,238,1,0,0,0,0,0,0
3464986,"MAHARASHTRA","MUMBAI II","MUMBAI_DYD_URC2 ( SION )",2,"Greater Mumbai_Municipal Corporations","F/North - Ward No. 180",,,,6,3,5,10,4,400014,2,2,3,0,2,10,0,0,0,2,0,1,9,2,198,1,0,0,0,0,0,0
4056858,"MAHARASHTRA","MUMBAI II","MUMBAI_DYD_URC7 ( KANDIVALI (E) )",2,"Greater Mumbai_Municipal Corporations","R/South - Ward No. 22",,,,11,3,11,12,4,400067,2,2,3,0,1,19,0,0,0,0,2,1,9,0,0,2,0,0,0,0,0,0
9541878,"MAHARASHTRA","MUMBAI II","MUMBAI_DYD_URC5 ( ANDHERI )",2,"Greater Mumbai_Municipal Corporations","H/East - Ward No. 94",,,,6,3,5,10,4,400055,2,1,3,0,2,10,0,0,0,2,0,1,9,2,230,1,0,0,0,0,0,0
5393713,"MAHARASHTRA","MUMBAI II","MUMBAI_DYD_URC3 ( GHATKOPAR )",2,"Greater Mumbai_Municipal Corporations","M/West - Ward No. 149",,,,6,3,5,10,4,400089,2,2,3,0,2,10,0,0,0,2,0,1,9,2,233,1,0,0,0,0,0,0
9646967,"MAHARASHTRA","MUMBAI II","MUMBAI_DYD_URC3 ( GHATKOPAR )",2,"Greater Mumbai_Municipal Corporations","N - Ward No. 123",,,,6,3,5,10,4,400079,2,2,3,0,2,10,0,0,0,2,0,1,9,2,220,1,0,0,0,0,0,0
8454927,"MAHARASHTRA","MUMBAI II","MUMBAI_DYD_URC4 ( MULUND )",2,"Greater Mumbai_Municipal Corporations","T - Ward No. 104",,,,11,3,11,12,4,400080,2,2,3,0,2,19,10,4,0,0,2,1,9,0,195,1,0,0,0,0,0,0
8282313,"MAHARASHTRA","MUMBAI II","MUMBAI_DYD_URC1 ( GRANT ROAD )",2,"Greater Mumbai_Municipal Corporations","D - Ward No. 215",,,,6,3,5,10,4,400034,2,2,1,3,1,19,10,0,0,2,0,1,9,2,0,1,0,0,0,0,0,0
9493101,"MAHARASHTRA","MUMBAI II","MUMBAI_DYD_URC1 ( GRANT ROAD )",2,"Greater Mumbai_Municipal Corporations","A - Ward No. 225",,,,11,3,11,12,4,400020,2,2,3,0,1,19,0,0,0,0,2,1,9,0,234,1,0,0,0,0,0,0
4275134,"MAHARASHTRA","MUMBAI II","MUMBAI_DYD_URC1 ( GRANT ROAD )",2,"Greater Mumbai_Municipal Corporations","G/North - Ward No. 182",,,,6,1,5,10,4,400016,2,2,3,0,1,19,0,0,0,2,0,1,9,2,0,1,0,0,0,0,0,0
1691502,"MAHARASHTRA","MUMBAI II","MUMBAI_DYD_URC6 ( MALAD (W) )",2,"Greater Mumbai_Municipal Corporations","P/South - Ward No. 54",,,,7,3,8,10,4,400102,2,2,3,0,2,10,0,0,0,2,0,1,9,0,0,1,0,0,0,0,0,0
4988515,"MAHARASHTRA","MUMBAI II","MUMBAI_DYD_URC4 ( MULUND )",2,"Greater Mumbai_Municipal Corporations","S - Ward No. 112",,,,6,3,5,10,5,400078,2,1,3,0,1,19,4,0,0,2,0,1,9,9,0,1,0,0,0,0,0,0
6650414,"MAHARASHTRA","MUMBAI II","MUMBAI_DYD_URC5 ( ANDHERI )",2,"Greater Mumbai_Municipal Corporations","H/West - Ward No. 102",,,,11,3,11,12,5,400050,2,1,3,0,1,19,0,0,0,0,2,1,9,9,180,1,0,0,0,0,0,0
1600411,"MAHARASHTRA","MUMBAI II","MUMBAI_DYD_URC7 ( KANDIVALI (E) )",2,"Greater Mumbai_Municipal Corporations","R/South - Ward No. 22",,,,3,3,5,12,5,400067,2,2,3,0,2,19,0,0,0,2,2,1,9,9,0,1,0,0,0,0,0,0
5565892,"MAHARASHTRA","MUMBAI II","MUMBAI_DYD_URC7 ( KANDIVALI (E) )",2,"Greater Mumbai_Municipal Corporations","R/North MCGM - Ward No.2",,,,6,3,5,10,5,400068,2,2,3,0,1,19,0,0,0,2,0,1,9,9,0,1,0,0,0,0,0,0
7168525,"MAHARASHTRA","MUMBAI II","MUMBAI_DYD_URC7 ( KANDIVALI (E) )",2,"Greater Mumbai_Municipal Corporations","R/South - Ward No. 24",,,,6,3,1,10,5,400101,2,1,3,0,1,19,0,0,0,3,0,1,1,9,220,1,104,82,11,8,0,0
2104076,"MAHARASHTRA","MUMBAI II","MUMBAI_DYD_URC4 ( MULUND )",2,"Greater Mumbai_Municipal Corporations","L - Ward No. 164",,,,6,3,5,10,4,400070,2,1,3,0,1,10,19,0,0,2,0,1,9,2,238,1,0,0,0,0,0,0
6258826,"MAHARASHTRA","MUMBAI II","MUMBAI_DYD_URC7 ( KANDIVALI (E) )",2,"Greater Mumbai_Municipal Corporations","R/Central - Ward No. 10",,,,6,3,5,10,4,400092,2,2,3,0,2,10,0,0,0,2,0,1,9,2,220,1,0,0,0,0,0,0
3172881,"MAHARASHTRA","MUMBAI II","MUMBAI_DYD_URC4 ( MULUND )",2,"Greater Mumbai_Municipal Corporations","S - Ward No. 115",,,,3,3,5,12,5,400078,2,1,3,0,1,19,0,0,0,2,2,1,9,9,220,1,0,0,0,0,0,0
5214670,"MAHARASHTRA","MUMBAI II","MUMBAI_DYD_URC5 ( ANDHERI )",2,"Greater Mumbai_Municipal Corporations","H/West - Ward No. 99",,,,6,3,5,10,5,400050,2,1,3,0,1,19,0,0,0,2,0,1,9,9,240,1,0,0,0,0,0,0
7381809,"MAHARASHTRA","MUMBAI II","MUMBAI_DYD_URC2 ( SION )",2,"Greater Mumbai_Municipal Corporations","E - Ward No. 211",,,,6,2,5,10,4,400008,2,2,3,0,1,19,0,0,0,2,0,1,9,2,0,1,0,0,0,0,0,0
7242394,"MAHARASHTRA","MUMBAI II","MUMBAI_DYD_URC6 ( MALAD (W) )",2,"Greater Mumbai_Municipal Corporations","K/West - Ward No. 65",,,,6,3,5,10,5,400058,2,1,3,0,1,19,0,0,0,2,0,1,9,9,216,1,0,0,0,0,0,0
6609383,"MAHARASHTRA","MUMBAI II","MUMBAI_DYD_URC7 ( KANDIVALI (E) )",2,"Greater Mumbai_Municipal Corporations","R/North - Ward No. 8",,,,3,3,5,12,4,400103,2,1,3,0,1,19,0,0,0,2,2,1,9,2,200,1,0,0,0,0,0,0
7832468,"MAHARASHTRA","MUMBAI II","MUMBAI_DYD_URC7 ( KANDIVALI (E) )",2,"Greater Mumbai_Municipal Corporations","R/South - Ward No. 20",,,,6,3,5,10,5,400067,2,2,3,0,2,19,10,4,0,2,0,1,9,9,0,1,0,0,0,0,0,0
8480610,"MAHARASHTRA","MUMBAI II","MUMBAI_DYD_URC6 ( MALAD (W) )",2,"Greater Mumbai_Municipal Corporations","K/West - Ward No. 66",,,,11,3,11,12,4,400058,2,1,3,0,2,19,4,10,0,0,2,1,9,0,234,1,0,0,0,0,0,0
2382797,"MAHARASHTRA","MUMBAI II","MUMBAI_DYD_URC5 ( ANDHERI )",2,"Greater Mumbai_Municipal Corporations","H/West - Ward No. 100",,,,11,3,11,12,4,400050,2,2,3,0,1,19,0,0,0,0,2,1,9,0,0,1,0,0,0,0,0,0
4131283,"MAHARASHTRA","MUMBAI II","MUMBAI_DYD_URC6 ( MALAD (W) )",2,"Greater Mumbai_Municipal Corporations","P/North - Ward No. 35",,,,3,3,5,12,4,400064,2,2,3,0,1,19,10,4,0,2,2,1,9,2,0,2,0,0,0,0,0,0
4984043,"MAHARASHTRA","MUMBAI II","MUMBAI_DYD_URC6 ( MALAD (W) )",2,"Greater Mumbai_Municipal Corporations","K/West - Ward No. 59",,,,11,2,11,12,5,400061,2,2,3,0,1,19,0,0,0,0,2,1,9,9,0,2,0,0,0,0,0,0
5558815,"MAHARASHTRA","MUMBAI II","MUMBAI_DYD_URC7 ( KANDIVALI (E) )",2,"Greater Mumbai_Municipal Corporations","R/South - Ward No. 22",,,,6,3,5,10,4,400067,2,2,3,0,2,10,0,0,0,2,0,1,9,2,226,1,0,0,0,0,0,0
8742396,"MAHARASHTRA","MUMBAI II","MUMBAI_DYD_URC5 ( ANDHERI )",2,"Greater Mumbai_Municipal Corporations","H/West - Ward No. 98",,,,6,3,5,10,4,400052,2,2,3,0,2,19,0,0,0,2,0,1,9,2,0,1,0,0,0,0,0,0
4573107,"MAHARASHTRA","MUMBAI II","MUMBAI_DYD_URC6 ( MALAD (W) )",2,"Greater Mumbai_Municipal Corporations","P/South - Ward No. 56",,,,6,3,5,10,4,400102,2,2,3,0,2,10,19,4,0,2,0,1,9,2,230,1,0,0,0,0,0,0
6116631,"MAHARASHTRA","MUMBAI II","MUMBAI_DYD_URC4 ( MULUND )",2,"Greater Mumbai_Municipal Corporations","S - Ward No. 116",,,,6,3,5,10,4,400078,2,2,3,0,2,10,0,0,0,2,0,1,9,2,220,1,0,0,0,0,0,0
2091245,"MAHARASHTRA","MUMBAI II","MUMBAI_DYD_URC7 ( KANDIVALI (E) )",2,"Greater Mumbai_Municipal Corporations","R/Central - Ward No. 18",,,,2,3,1,8,5,400067,2,2,3,0,2,19,0,0,0,0,0,1,2,9,207,1,0,0,0,0,0,0
6041348,"MAHARASHTRA","MUMBAI II","MUMBAI_DYD_URC7 ( KANDIVALI (E) )",2,"Greater Mumbai_Municipal Corporations","R/North - Ward No. 3",,,,6,3,5,10,4,400068,2,2,3,0,1,10,4,19,0,2,0,1,9,2,0,1,0,0,0,0,0,0
4399236,"MAHARASHTRA","MUMBAI II","MUMBAI_DYD_URC3 ( GHATKOPAR )",2,"Greater Mumbai_Municipal Corporations","M/East - Ward No. 139",,,,11,3,11,12,5,400043,2,2,3,0,2,19,0,0,0,0,2,1,9,9,0,2,0,0,0,0,0,0
8849781,"MAHARASHTRA","MUMBAI II","MUMBAI_DYD_URC5 ( ANDHERI )",2,"Greater Mumbai_Municipal Corporations","P/South - Ward No. 52",,,,3,3,1,12,5,400063,2,1,3,0,2,19,4,10,0,3,3,1,2,9,203,1,6,3,171,142,0,0
2331923,"MAHARASHTRA","MUMBAI II","MUMBAI_DYD_URC7 ( KANDIVALI (E) )",2,"Greater Mumbai_Municipal Corporations","R/South - Ward No. 23",,,,3,3,1,12,5,400101,2,1,3,0,2,19,0,0,0,2,2,1,1,9,227,1,0,0,0,0,0,0
8558553,"MAHARASHTRA","MUMBAI II","MUMBAI_DYD_URC6 ( MALAD (W) )",2,"Greater Mumbai_Municipal Corporations","P/North - Ward No. 33",,,,6,3,5,10,5,400095,2,2,3,0,1,19,0,0,0,2,0,1,9,9,0,2,0,0,0,0,0,0
8585723,"MAHARASHTRA","MUMBAI II","MUMBAI_DYD_URC7 ( KANDIVALI (E) )",2,"Greater Mumbai_Municipal Corporations","R/North - Ward No. 5",,,,6,3,5,10,4,400068,2,2,3,0,1,4,0,0,0,2,0,1,9,2,0,1,0,0,0,0,0,0
3225182,"MAHARASHTRA","MUMBAI II","MUMBAI_DYD_URC6 ( MALAD (W) )",2,"Greater Mumbai_Municipal Corporations","K/West - Ward No. 61",,,,3,3,1,12,5,400102,2,2,3,0,1,19,0,0,0,3,3,1,2,9,0,1,21,27,15,12,0,0
4354543,"MAHARASHTRA","MUMBAI II","MUMBAI_DYD_URC2 ( SION )",2,"Greater Mumbai_Municipal Corporations","G/North - Ward No. 186",,,,7,3,8,10,5,400017,2,2,3,0,1,19,0,0,0,2,0,1,9,9,0,1,0,0,0,0,0,0
7773919,"MAHARASHTRA","MUMBAI II","MUMBAI_DYD_URC5 ( ANDHERI )",2,"Greater Mumbai_Municipal Corporations","H/West - Ward No. 98",,,,3,3,5,12,5,400054,2,2,3,0,2,19,0,0,0,2,2,1,9,9,234,1,0,0,0,0,0,0
8206663,"MAHARASHTRA","MUMBAI II","MUMBAI_DYD_URC4 ( MULUND )",2,"Greater Mumbai_Municipal Corporations","T - Ward No. 106",,,,3,3,1,12,5,400081,2,2,3,0,2,19,0,0,0,1,1,1,2,9,180,1,59,50,4,4,0,0
3630880,"MAHARASHTRA","MUMBAI II","MUMBAI_DYD_URC3 ( GHATKOPAR )",2,"Greater Mumbai_Municipal Corporations","M/East - Ward No. 138",,,,3,3,5,12,5,400043,2,1,3,0,1,19,0,0,0,2,2,1,9,9,0,1,0,0,0,0,0,0
6777886,"MAHARASHTRA","MUMBAI II","MUMBAI_DYD_URC3 ( GHATKOPAR )",2,"Greater Mumbai_Municipal Corporations","M/East - Ward No. 144",,,,3,3,5,12,5,400071,2,2,3,0,1,19,10,4,0,2,2,1,9,9,220,1,0,0,0,0,0,0
7029578,"MAHARASHTRA","MUMBAI II","MUMBAI_DYD_URC1 ( GRANT ROAD )",2,"Greater Mumbai_Municipal Corporations","G/South - Ward No. 195",,,,7,3,8,10,4,400018,2,2,3,0,2,10,0,0,0,2,0,1,9,0,223,1,0,0,0,0,0,0
3223989,"MAHARASHTRA","MUMBAI II","MUMBAI_DYD_URC4 ( MULUND )",2,"Greater Mumbai_Municipal Corporations","L - Ward No. 166",,,,6,3,5,10,4,400070,2,2,3,0,2,4,0,0,0,2,0,1,9,2,0,1,0,0,0,0,0,0
2395482,"MAHARASHTRA","MUMBAI II","MUMBAI_DYD_URC5 ( ANDHERI )",2,"Greater Mumbai_Municipal Corporations","H/East - Ward No. 88",,,,6,3,5,10,5,400055,2,1,3,0,2,19,0,0,0,2,0,1,9,9,0,1,0,0,0,0,0,0
3581350,"MAHARASHTRA","MUMBAI II","MUMBAI_DYD_URC2 ( SION )",2,"Greater Mumbai_Municipal Corporations","G/North - Ward No. 183",,,,11,3,11,12,5,400017,2,2,3,0,2,19,0,0,0,0,2,1,9,9,0,2,0,0,0,0,0,0
9273129,"MAHARASHTRA","MUMBAI II","MUMBAI_DYD_URC5 ( ANDHERI )",2,"Greater Mumbai_Municipal Corporations","H/West - Ward No. 97",,,,3,3,5,12,5,400054,2,2,3,0,1,19,0,0,0,2,2,1,9,9,0,1,0,0,0,0,0,0
9648316,"MAHARASHTRA","MUMBAI II","MUMBAI_DYD_URC1 ( GRANT ROAD )",2,"Greater Mumbai_Municipal Corporations","G/South - Ward No. 193",,,,6,3,5,10,4,400030,2,2,3,0,2,10,0,0,0,2,0,1,9,2,233,1,0,0,0,0,0,0
1538875,"MAHARASHTRA","MUMBAI II","MUMBAI_DYD_URC2 ( SION )",2,"Greater Mumbai_Municipal Corporations","G/North - Ward No. 186",,,,7,3,8,10,4,400017,2,2,3,0,2,10,0,0,0,2,0,1,9,0,231,1,0,0,0,0,0,0
2730580,"MAHARASHTRA","MUMBAI II","MUMBAI_DYD_URC6 ( MALAD (W) )",2,"Greater Mumbai_Municipal Corporations","P/South - Ward No. 54",,,,3,3,1,12,5,400102,2,2,3,0,1,19,4,10,0,4,4,1,2,9,0,2,6,10,1,2,0,0
5076751,"MAHARASHTRA","MUMBAI II","MUMBAI_DYD_URC6 ( MALAD (W) )",2,"Greater Mumbai_Municipal Corporations","P/South - Ward No. 55",,,,6,3,5,10,4,400102,2,2,3,0,1,3,0,0,0,2,0,1,9,2,0,1,0,0,0,0,0,0
5191026,"MAHARASHTRA","MUMBAI II","MUMBAI_DYD_URC6 ( MALAD (W) )",2,"Greater Mumbai_Municipal Corporations","K/West - Ward No. 70",,,,3,3,1,12,5,400056,2,1,3,0,1,19,0,0,0,3,3,1,1,9,220,1,117,103,5,3,0,0
2451206,"MAHARASHTRA","MUMBAI II","MUMBAI_DYD_URC2 ( SION )",2,"Greater Mumbai_Municipal Corporations","F/North - Ward No. 172",,,,7,3,8,10,4,400022,2,2,3,0,2,10,0,0,0,2,0,1,9,0,0,1,0,0,0,0,0,0
3242046,"MAHARASHTRA","MUMBAI II","MUMBAI_DYD_URC1 ( GRANT ROAD )",2,"Greater Mumbai_Municipal Corporations","D - Ward No. 216",,,,6,3,5,10,5,400008,2,2,3,0,2,19,0,0,0,2,0,1,9,9,230,1,0,0,0,0,0,0
7912335,"MAHARASHTRA","MUMBAI II","MUMBAI_DYD_URC2 ( SION )",2,"Greater Mumbai_Municipal Corporations","F/North - Ward No. 172",,,,3,3,1,12,5,400004,2,1,3,0,2,19,0,0,0,2,2,1,2,9,0,1,28,40,9,9,0,0
1412971,"MAHARASHTRA","MUMBAI II","MUMBAI_DYD_URC2 ( SION )",2,"Greater Mumbai_Municipal Corporations","G/North - Ward No. 186",,,,3,3,5,12,5,400017,2,2,3,0,1,19,0,0,0,2,2,1,9,9,228,1,0,0,0,0,0,0
1433553,"MAHARASHTRA","MUMBAI II","MUMBAI_DYD_URC6 ( MALAD (W) )",2,"Greater Mumbai_Municipal Corporations","P/North - Ward No. 42",,,,6,3,5,10,4,400097,2,2,3,0,2,10,0,0,0,2,0,1,9,2,220,1,0,0,0,0,0,0
6874905,"MAHARASHTRA","MUMBAI II","MUMBAI_DYD_URC6 ( MALAD (W) )",2,"Greater Mumbai_Municipal Corporations","K/West - Ward No. 70",,,,6,3,1,10,5,400102,2,1,3,0,2,19,0,0,0,3,0,1,1,9,220,1,59,23,0,0,0,0
8396240,"MAHARASHTRA","MUMBAI II","MUMBAI_DYD_URC4 ( MULUND )",2,"Greater Mumbai_Municipal Corporations","S - Ward No. 122",,,,3,3,1,12,5,400076,2,2,3,0,1,19,0,0,0,3,3,1,1,9,250,1,78,64,0,0,0,0
5712954,"MAHARASHTRA","MUMBAI II","MUMBAI_DYD_URC1 ( GRANT ROAD )",2,"Greater Mumbai_Municipal Corporations","G/North - Ward No. 192",,,,3,3,5,12,4,400028,2,2,3,0,2,10,19,4,0,2,2,1,9,2,0,1,0,0,0,0,0,0
9376458,"MAHARASHTRA","MUMBAI II","MUMBAI_DYD_URC2 ( SION )",2,"Greater Mumbai_Municipal Corporations","F/South - Ward No. 204",,,,3,3,5,12,4,400012,2,2,3,0,2,10,19,0,0,2,2,1,9,2,0,1,0,0,0,0,0,0
1005046,"MAHARASHTRA","MUMBAI II","MUMBAI_DYD_URC4 ( MULUND )",2,"Greater Mumbai_Municipal Corporations","S - Ward No. 122",,,,3,3,5,12,4,400076,2,1,3,0,1,4,19,0,0,2,2,1,9,2,0,1,0,0,0,0,0,0
3083055,"MAHARASHTRA","MUMBAI II","MUMBAI_DYD_URC2 ( SION )",2,"Greater Mumbai_Municipal Corporations","F/North - Ward No. 177",,,,5,3,8,12,4,400019,2,2,3,0,2,19,0,0,0,2,2,1,9,0,230,1,0,0,0,0,0,0
7402040,"MAHARASHTRA","MUMBAI II","MUMBAI_DYD_URC7 ( KANDIVALI (E) )",2,"Greater Mumbai_Municipal Corporations","R/Central - Ward No. 15",,,,6,3,5,10,4,400092,2,1,3,0,1,3,19,10,0,2,0,1,9,2,236,1,0,0,0,0,0,0
9469835,"MAHARASHTRA","MUMBAI II","MUMBAI_DYD_URC7 ( KANDIVALI (E) )",2,"Greater Mumbai_Municipal Corporations","R/Central - Ward No. 12",,,,8,3,9,10,5,400066,2,1,3,0,1,19,0,0,0,2,0,1,9,9,210,1,0,0,0,0,0,0
2801041,"MAHARASHTRA","MUMBAI II","MUMBAI_DYD_URC6 ( MALAD (W) )",2,"Greater Mumbai_Municipal Corporations","P/North - Ward No. 33",,,,8,3,9,10,5,400095,2,2,3,0,1,19,0,0,0,2,0,1,9,9,0,1,0,0,0,0,0,0
6667789,"MAHARASHTRA","MUMBAI II","MUMBAI_DYD_URC7 ( KANDIVALI (E) )",2,"Greater Mumbai_Municipal Corporations","R/North - Ward No. 8",,,,3,3,1,12,5,0,2,1,3,0,1,19,0,0,0,2,2,1,1,9,0,1,2,0,0,0,0,0
3708410,"MAHARASHTRA","MUMBAI II","MUMBAI_DYD_URC3 ( GHATKOPAR )",2,"Greater Mumbai_Municipal Corporations","M/East - Ward No. 135",,,,5,3,8,12,5,400080,2,2,3,0,1,19,0,0,0,2,2,1,9,9,0,1,0,0,0,0,0,0
5841517,"MAHARASHTRA","MUMBAI II","MUMBAI_DYD_URC4 ( MULUND )",2,"Greater Mumbai_Municipal Corporations","L - Ward No. 158",,,,7,3,8,10,4,400072,2,2,3,0,1,5,0,0,0,2,0,1,9,0,0,1,0,0,0,0,0,0
5795561,"MAHARASHTRA","MUMBAI II","MUMBAI_DYD_URC7 ( KANDIVALI (E) )",2,"Greater Mumbai_Municipal Corporations","R/North - Ward No. 4",,,,6,3,5,10,4,400068,2,2,3,0,1,4,0,0,0,2,0,1,9,2,221,1,0,0,0,0,0,0
4273766,"MAHARASHTRA","MUMBAI II","MUMBAI_DYD_URC3 ( GHATKOPAR )",2,"Greater Mumbai_Municipal Corporations","M/West - Ward No. 154",,,,6,3,5,10,4,400074,2,2,3,0,2,10,4,19,0,2,0,1,9,2,209,1,0,0,0,0,0,0
6796967,"MAHARASHTRA","MUMBAI II","MUMBAI_DYD_URC6 ( MALAD (W) )",2,"Greater Mumbai_Municipal Corporations","K/West - Ward No. 71",,,,6,3,5,10,5,400056,2,2,3,0,1,19,0,0,0,2,0,1,9,9,210,1,0,0,0,0,0,0
8051294,"MAHARASHTRA","MUMBAI II","MUMBAI_DYD_URC7 ( KANDIVALI (E) )",2,"Greater Mumbai_Municipal Corporations","R/Central - Ward No. 12",,,,7,3,8,10,4,400068,2,2,3,0,1,4,0,0,0,2,0,1,9,0,0,1,0,0,0,0,0,0
6064085,"MAHARASHTRA","MUMBAI II","MUMBAI_DYD_URC3 ( GHATKOPAR )",2,"Greater Mumbai_Municipal Corporations","M/East - Ward No. 138",,,,3,3,5,12,4,400043,2,1,3,0,1,18,19,0,0,2,2,1,9,2,0,1,0,0,0,0,0,0
9133983,"MAHARASHTRA","MUMBAI II","MUMBAI_DYD_URC6 ( MALAD (W) )",2,"Greater Mumbai_Municipal Corporations","P/North - Ward No. 41",,,,6,3,5,10,4,400065,2,1,3,0,2,10,0,0,0,2,0,1,9,2,0,1,0,0,0,0,0,0
4125304,"MAHARASHTRA","MUMBAI II","MUMBAI_DYD_URC2 ( SION )",2,"Greater Mumbai_Municipal Corporations","F/North - Ward No. 175",,,,3,3,1,12,92,400037,2,2,3,0,2,19,0,0,0,1,1,1,2,2,235,1,1,1,37,29,8,10
3209203,"MAHARASHTRA","MUMBAI II","MUMBAI_DYD_URC3 ( GHATKOPAR )",2,"Greater Mumbai_Municipal Corporations","M/West - Ward No. 150",,,,3,3,5,12,4,400089,2,1,3,0,1,10,19,0,0,2,2,1,9,2,0,1,0,0,0,0,0,0
1856162,"MAHARASHTRA","MUMBAI II","MUMBAI_DYD_URC1 ( GRANT ROAD )",2,"Greater Mumbai_Municipal Corporations","D - Ward No. 215",,,,10,3,9,12,4,400034,2,2,3,0,1,3,0,0,0,2,2,1,9,0,228,1,0,0,0,0,0,0
6709964,"MAHARASHTRA","MUMBAI II","MUMBAI_DYD_URC1 ( GRANT ROAD )",2,"Greater Mumbai_Municipal Corporations","B - Ward No. 224",,,,7,3,8,10,4,400003,2,2,3,0,1,18,0,0,0,2,0,1,9,0,190,1,0,0,0,0,0,0
6264889,"MAHARASHTRA","MUMBAI II","MUMBAI_DYD_URC3 ( GHATKOPAR )",2,"Greater Mumbai_Municipal Corporations","N - Ward No. 132",,,,6,3,5,10,4,400077,2,2,3,0,1,19,0,0,0,2,0,1,9,2,230,1,0,0,0,0,0,0
9588511,"MAHARASHTRA","MUMBAI II","MUMBAI_DYD_URC1 ( GRANT ROAD )",2,"Greater Mumbai_Municipal Corporations","A - Ward No. 227",,,,3,3,1,12,92,400005,2,2,3,0,2,19,4,0,0,1,1,1,1,2,220,1,20,8,37,18,0,0
8973720,"MAHARASHTRA","MUMBAI II","MUMBAI_DYD_URC6 ( MALAD (W) )",2,"Greater Mumbai_Municipal Corporations","L - Ward No. 163",,,,2,3,1,7,5,400104,2,2,3,0,2,19,0,0,0,0,0,1,2,9,220,1,0,1,19,10,1,2
5297163,"MAHARASHTRA","MUMBAI II","MUMBAI_DYD_URC7 ( KANDIVALI (E) )",2,"Greater Mumbai_Municipal Corporations","R/North - Ward No. 8",,,,6,3,1,10,5,400103,2,2,3,0,2,19,4,10,17,1,0,1,1,9,0,1,5,10,5,4,0,0
6228553,"MAHARASHTRA","MUMBAI II","MUMBAI_DYD_URC4 ( MULUND )",2,"Greater Mumbai_Municipal Corporations","T - Ward No. 108",,,,3,3,5,12,5,400082,2,1,3,0,1,19,0,0,0,2,2,1,9,9,0,1,0,0,0,0,0,0
4155958,"MAHARASHTRA","MUMBAI II","MUMBAI_DYD_URC4 ( MULUND )",2,"Greater Mumbai_Municipal Corporations","S - Ward No. 109",,,,7,3,6,10,5,400078,2,1,3,0,2,19,0,0,0,2,0,1,9,9,0,1,0,0,0,0,0,0
5144803,"MAHARASHTRA","MUMBAI II","MUMBAI_DYD_URC7 ( KANDIVALI (E) )",2,"Greater Mumbai_Municipal Corporations","R/South - Ward No. 25",,,,3,3,1,12,5,400101,2,2,3,0,1,19,4,10,0,2,2,1,1,9,180,1,67,92,0,1,0,0
2207673,"MAHARASHTRA","MUMBAI II","MUMBAI_DYD_URC1 ( GRANT ROAD )",2,"Greater Mumbai_Municipal Corporations","E - Ward No. 213",,,,7,3,8,10,4,400008,2,2,3,0,1,18,0,0,0,2,0,1,9,0,220,1,0,0,0,0,0,0
4050913,"MAHARASHTRA","MUMBAI II","MUMBAI_DYD_URC4 ( MULUND )",2,"Greater Mumbai_Municipal Corporations","L - Ward No. 158",,,,6,3,5,10,4,400072,2,2,3,0,1,18,0,0,0,2,0,1,9,2,0,1,0,0,0,0,0,0
1142713,"MAHARASHTRA","MUMBAI II","MUMBAI_DYD_URC1 ( GRANT ROAD )",2,"Greater Mumbai_Municipal Corporations","B - Ward No. 224",,,,3,3,1,12,5,400009,2,2,3,0,1,19,0,0,0,2,2,1,1,9,228,1,16,9,1,3,0,0
7823329,"MAHARASHTRA","MUMBAI II","MUMBAI_DYD_URC1 ( GRANT ROAD )",2,"Greater Mumbai_Municipal Corporations","C - Ward No. 222",,,,6,3,5,10,4,400002,2,1,2,3,1,4,0,0,0,2,0,1,9,2,230,1,0,0,0,0,0,0
8854053,"MAHARASHTRA","MUMBAI II","MUMBAI_DYD_URC6 ( MALAD (W) )",2,"Greater Mumbai_Municipal Corporations","P/North - Ward No. 35",,,,6,3,5,10,5,400064,2,1,3,0,1,19,0,0,0,2,0,1,9,9,0,2,0,0,0,0,0,0
9601349,"MAHARASHTRA","MUMBAI II","MUMBAI_DYD_URC1 ( GRANT ROAD )",2,"Greater Mumbai_Municipal Corporations","G/North - Ward No. 192",,,,11,3,11,12,5,400028,2,2,3,0,2,19,0,0,0,0,2,1,9,9,0,1,0,0,0,0,0,0
3206542,"MAHARASHTRA","MUMBAI II","MUMBAI_DYD_URC3 ( GHATKOPAR )",2,"Greater Mumbai_Municipal Corporations","M/East - Ward No. 144",,,,7,3,6,10,4,400088,2,2,3,0,2,10,4,19,0,2,0,1,9,0,224,1,0,0,0,0,0,0
6787215,"MAHARASHTRA","MUMBAI II","MUMBAI_DYD_URC3 ( GHATKOPAR )",2,"Greater Mumbai_Municipal Corporations","N - Ward No. 129",,,,6,2,5,10,4,400086,2,2,3,0,1,18,0,0,0,2,0,1,9,2,233,1,0,0,0,0,0,0
4789615,"MAHARASHTRA","MUMBAI II","MUMBAI_DYD_URC5 ( ANDHERI )",2,"Greater Mumbai_Municipal Corporations","H/East - Ward No. 90",,,,6,3,5,10,4,400098,2,1,3,0,2,19,10,0,0,2,0,1,9,2,198,1,0,0,0,0,0,0
2248119,"MAHARASHTRA","MUMBAI II","MUMBAI_DYD_URC4 ( MULUND )",2,"Greater Mumbai_Municipal Corporations","S - Ward No. 122",,,,6,3,1,10,5,400076,2,2,3,0,1,19,0,0,0,3,0,1,1,9,215,1,78,63,2,7,0,0
8281293,"MAHARASHTRA","MUMBAI II","MUMBAI_DYD_URC6 ( MALAD (W) )",2,"Greater Mumbai_Municipal Corporations","K/West - Ward No. 64",,,,6,1,5,10,4,400102,2,2,3,0,1,18,0,0,0,2,0,1,9,2,232,2,0,0,0,0,0,0
5559888,"MAHARASHTRA","MUMBAI II","MUMBAI_DYD_URC3 ( GHATKOPAR )",2,"Greater Mumbai_Municipal Corporations","N - Ward No. 124",,,,6,3,5,10,4,400077,2,2,3,0,1,19,0,0,0,2,0,1,9,2,228,1,0,0,0,0,0,0
8209970,"MAHARASHTRA","MUMBAI II","MUMBAI_DYD_URC1 ( GRANT ROAD )",2,"Greater Mumbai_Municipal Corporations","A - Ward No. 226",,,,6,3,1,10,5,400001,2,2,3,0,1,19,0,0,0,2,0,1,1,9,180,2,29,23,0,0,0,0
9932468,"MAHARASHTRA","MUMBAI II","MUMBAI_DYD_URC1 ( GRANT ROAD )",2,"Greater Mumbai_Municipal Corporations","G/South - Ward No. 195",,,,6,3,5,10,5,400018,2,2,3,0,2,19,0,0,0,2,0,1,9,9,232,1,0,0,0,0,0,0
9269755,"MAHARASHTRA","MUMBAI II","MUMBAI_DYD_URC2 ( SION )",2,"Greater Mumbai_Municipal Corporations","F/South - Ward No. 202",,,,3,3,5,12,4,400014,2,1,3,0,1,19,0,0,0,2,2,1,9,2,223,1,0,0,0,0,0,0
3476742,"MAHARASHTRA","MUMBAI II","MUMBAI_DYD_URC7 ( KANDIVALI (E) )",2,"Greater Mumbai_Municipal Corporations","R/South - Ward No. 25",,,,6,3,5,10,5,400101,2,2,3,0,2,19,0,0,0,2,0,1,9,9,0,1,0,0,0,0,0,0
9214933,"MAHARASHTRA","MUMBAI II","MUMBAI_DYD_URC1 ( GRANT ROAD )",2,"Greater Mumbai_Municipal Corporations","D - Ward No. 217",,,,6,3,1,10,5,400007,2,2,3,0,1,19,0,0,0,2,0,1,1,9,0,1,44,28,0,0,0,0
8696544,"MAHARASHTRA","MUMBAI II","MUMBAI_DYD_URC1 ( GRANT ROAD )",2,"Greater Mumbai_Municipal Corporations","D - Ward No. 214",,,,6,2,1,10,5,400026,2,2,3,0,1,19,0,0,0,3,0,1,2,9,186,1,0,85,0,9,0,0
3036387,"MAHARASHTRA","MUMBAI II","MUMBAI_DYD_URC2 ( SION )",2,"Greater Mumbai_Municipal Corporations","F/South - Ward No. 204",,,,3,3,1,12,5,400033,2,2,3,0,1,19,0,0,0,4,4,1,1,9,0,1,23,18,0,0,0,0
6227372,"MAHARASHTRA","MUMBAI II","MUMBAI_DYD_URC5 ( ANDHERI )",2,"Greater Mumbai_Municipal Corporations","K/East - Ward No. 84",,,,6,3,5,10,4,400057,2,2,3,0,2,10,0,0,0,2,0,1,9,2,220,1,0,0,0,0,0,0
5884748,"MAHARASHTRA","MUMBAI II","MUMBAI_DYD_URC4 ( MULUND )",2,"Greater Mumbai_Municipal Corporations","L - Ward No. 166",,,,7,3,8,10,4,400070,2,2,3,0,2,10,0,0,0,2,0,1,9,0,236,1,0,0,0,0,0,0
6568642,"MAHARASHTRA","MUMBAI II","MUMBAI_DYD_URC3 ( GHATKOPAR )",2,"Greater Mumbai_Municipal Corporations","M/West - Ward No. 150",,,,6,3,1,10,5,400043,2,2,3,0,1,19,0,0,0,1,0,1,2,9,216,1,17,17,3,2,0,0
5460334,"MAHARASHTRA","MUMBAI II","MUMBAI_DYD_URC4 ( MULUND )",2,"Greater Mumbai_Municipal Corporations","S - Ward No. 112",,,,3,3,5,12,4,400078,2,1,3,0,2,10,19,0,0,2,2,1,9,2,239,1,0,0,0,0,0,0
3539111,"MAHARASHTRA","MUMBAI II","MUMBAI_DYD_URC1 ( GRANT ROAD )",2,"Greater Mumbai_Municipal Corporations","A - Ward No. 227",,,,3,3,1,12,92,400005,2,2,3,0,2,19,4,0,0,1,1,1,1,2,220,1,6,8,5,3,0,1
6498393,"MAHARASHTRA","MUMBAI II","MUMBAI_DYD_URC1 ( GRANT ROAD )",2,"Greater Mumbai_Municipal Corporations","G/South - Ward No. 193",,,,6,3,5,10,4,400030,2,1,3,0,1,19,10,4,0,2,0,1,9,2,225,1,0,0,0,0,0,0
6682506,"MAHARASHTRA","MUMBAI II","MUMBAI_DYD_URC4 ( MULUND )",2,"Greater Mumbai_Municipal Corporations","T - Ward No. 103",,,,6,3,5,10,4,400080,2,1,3,0,1,3,19,0,0,2,0,1,9,2,0,1,0,0,0,0,0,0
7293825,"MAHARASHTRA","MUMBAI II","MUMBAI_DYD_URC3 ( GHATKOPAR )",2,"Greater Mumbai_Municipal Corporations","M/East - Ward No. 144",,,,6,3,1,10,5,400088,2,1,3,0,2,19,0,0,0,2,0,1,2,9,210,1,0,0,2,1,0,0
1672083,"MAHARASHTRA","MUMBAI II","MUMBAI_DYD_URC1 ( GRANT ROAD )",2,"Greater Mumbai_Municipal Corporations","C - Ward No. 222",,,,11,3,11,12,4,400001,2,2,3,0,1,19,0,0,0,0,2,1,9,0,0,1,0,0,0,0,0,0
3104347,"MAHARASHTRA","MUMBAI II","MUMBAI_DYD_URC6 ( MALAD (W) )",2,"Greater Mumbai_Municipal Corporations","P/North - Ward No. 48",,,,6,3,5,10,5,400095,2,1,1,3,2,19,10,4,0,2,0,1,9,9,121,2,0,0,0,0,0,0
9728039,"MAHARASHTRA","MUMBAI II","MUMBAI_DYD_URC2 ( SION )",2,"Greater Mumbai_Municipal Corporations","F/North - Ward No. 177",,,,6,3,5,10,5,400014,2,2,3,0,2,19,0,0,0,2,0,1,9,9,0,1,0,0,0,0,0,0
2679548,"MAHARASHTRA","MUMBAI II","MUMBAI_DYD_URC5 ( ANDHERI )",2,"Greater Mumbai_Municipal Corporations","H/East - Ward No. 88",,,,6,3,5,10,5,400055,2,1,3,0,2,19,0,0,0,2,0,1,9,9,0,1,0,0,0,0,0,0
8655378,"MAHARASHTRA","MUMBAI II","MUMBAI_DYD_URC3 ( GHATKOPAR )",2,"Greater Mumbai_Municipal Corporations","M/East - Ward No. 136",,,,6,2,5,10,4,400043,2,2,3,0,1,18,0,0,0,2,0,1,9,2,232,1,0,0,0,0,0,0
8503855,"MAHARASHTRA","MUMBAI II","MUMBAI_DYD_URC3 ( GHATKOPAR )",2,"Greater Mumbai_Municipal Corporations","M/East - Ward No. 146",,,,6,3,5,10,4,400074,2,2,3,0,1,4,0,0,0,2,0,1,9,2,230,1,0,0,0,0,0,0
8016620,"MAHARASHTRA","MUMBAI II","MUMBAI_DYD_URC3 ( GHATKOPAR )",2,"Greater Mumbai_Municipal Corporations","M/East - Ward No. 136",,,,6,3,5,10,4,400043,2,2,3,0,1,18,0,0,0,2,0,1,9,2,0,1,0,0,0,0,0,0
9228691,"MAHARASHTRA","MUMBAI II","MUMBAI_DYD_URC2 ( SION )",2,"Greater Mumbai_Municipal Corporations","F/South - Ward No. 204",,,,6,3,5,10,4,400012,2,2,3,0,2,10,4,19,0,2,0,1,9,2,235,1,0,0,0,0,0,0
7108082,"MAHARASHTRA","MUMBAI II","MUMBAI_DYD_URC4 ( MULUND )",2,"Greater Mumbai_Municipal Corporations","T - Ward No. 107",,,,6,3,5,10,4,400080,2,2,3,0,1,4,10,0,0,2,0,1,9,2,0,1,0,0,0,0,0,0
8468894,"MAHARASHTRA","MUMBAI II","MUMBAI_DYD_URC4 ( MULUND )",2,"Greater Mumbai_Municipal Corporations","L - Ward No. 168",,,,6,3,1,10,5,400070,2,2,3,0,2,19,0,0,0,3,0,1,1,9,220,1,12,12,0,0,0,0
9500217,"MAHARASHTRA","MUMBAI II","MUMBAI_DYD_URC2 ( SION )",2,"Greater Mumbai_Municipal Corporations","F/North - Ward No. 172",,,,3,3,5,12,4,400022,2,1,3,0,1,4,10,19,0,2,2,1,9,2,230,1,0,0,0,0,0,0
9190204,"MAHARASHTRA","MUMBAI II","MUMBAI_DYD_URC6 ( MALAD (W) )",2,"Greater Mumbai_Municipal Corporations","P/South - Ward No. 55",,,,6,3,5,10,4,400102,2,2,3,0,1,19,10,4,0,2,0,1,9,2,0,1,0,0,0,0,0,0
6052520,"MAHARASHTRA","MUMBAI II","MUMBAI_DYD_URC6 ( MALAD (W) )",2,"Greater Mumbai_Municipal Corporations","K/West - Ward No. 66",,,,6,3,5,10,4,400058,2,2,3,0,1,19,0,0,0,2,0,1,9,2,232,1,0,0,0,0,0,0
3647567,"MAHARASHTRA","MUMBAI II","MUMBAI_DYD_URC5 ( ANDHERI )",2,"Greater Mumbai_Municipal Corporations","K/East - Ward No. 79",,,,6,1,5,10,5,400093,2,2,3,0,1,19,0,0,0,2,0,1,9,9,200,1,0,0,0,0,0,0
9790831,"MAHARASHTRA","MUMBAI II","MUMBAI_DYD_URC7 ( KANDIVALI (E) )",2,"Greater Mumbai_Municipal Corporations","R/Central - Ward No. 16",,,,6,3,5,10,4,400091,2,2,3,0,2,10,0,0,0,2,0,1,9,2,220,1,0,0,0,0,0,0
2949018,"MAHARASHTRA","MUMBAI II","MUMBAI_DYD_URC7 ( KANDIVALI (E) )",2,"Greater Mumbai_Municipal Corporations","R/North - Ward No. 7",,,,3,3,1,12,5,400068,2,2,3,0,1,19,0,0,0,3,3,1,1,9,0,2,16,23,15,7,0,0
1162418,"MAHARASHTRA","MUMBAI II","MUMBAI_DYD_URC6 ( MALAD (W) )",2,"Greater Mumbai_Municipal Corporations","P/South - Ward No. 55",,,,6,3,5,10,5,400102,2,1,3,0,2,19,0,0,0,2,0,1,9,9,210,1,0,0,0,0,0,0
5485445,"MAHARASHTRA","MUMBAI II","MUMBAI_DYD_URC2 ( SION )",2,"Greater Mumbai_Municipal Corporations","F/South - Ward No. 205",,,,5,3,8,12,4,400012,2,2,3,0,2,10,19,0,0,2,2,1,9,0,230,1,0,0,0,0,0,0
8717097,"MAHARASHTRA","MUMBAI II","MUMBAI_DYD_URC4 ( MULUND )",2,"Greater Mumbai_Municipal Corporations","S - Ward No. 118",,,,3,3,5,12,4,400083,2,1,3,0,2,10,19,0,0,2,2,1,9,2,0,1,0,0,0,0,0,0
7051913,"MAHARASHTRA","MUMBAI II","MUMBAI_DYD_URC1 ( GRANT ROAD )",2,"Greater Mumbai_Municipal Corporations","C - Ward No. 222",,,,6,3,5,10,4,400002,2,2,3,0,1,19,0,0,0,2,0,1,9,2,0,1,0,0,0,0,0,0
5336684,"MAHARASHTRA","MUMBAI II","MUMBAI_DYD_URC5 ( ANDHERI )",2,"Greater Mumbai_Municipal Corporations","K/East - Ward No. 75",,,,3,3,5,12,5,400059,2,1,3,0,2,19,10,4,0,2,2,1,9,9,185,1,0,0,0,0,0,0
8726351,"MAHARASHTRA","MUMBAI II","MUMBAI_DYD_URC4 ( MULUND )",2,"Greater Mumbai_Municipal Corporations","T - Ward No. 103",,,,3,3,5,12,5,400078,2,2,3,0,2,19,0,0,0,2,2,1,9,9,0,1,0,0,0,0,0,0
8865147,"MAHARASHTRA","MUMBAI II","MUMBAI_DYD_URC7 ( KANDIVALI (E) )",2,"Greater Mumbai_Municipal Corporations","R/North - Ward No. 3",,,,6,3,5,10,4,400068,2,1,3,0,1,4,0,0,0,2,0,1,9,2,220,1,0,0,0,0,0,0
2812864,"MAHARASHTRA","MUMBAI II","MUMBAI_DYD_URC7 ( KANDIVALI (E) )",2,"Greater Mumbai_Municipal Corporations","R/Central - Ward No. 11",,,,6,3,1,10,5,400092,2,2,3,0,2,19,0,0,0,3,0,1,2,9,0,2,0,0,24,30,0,0
6590874,"MAHARASHTRA","MUMBAI II","MUMBAI_DYD_URC3 ( GHATKOPAR )",2,"Greater Mumbai_Municipal Corporations","M/East - Ward No. 143",,,,6,3,5,10,4,400088,2,1,3,0,2,10,0,0,0,2,0,1,9,2,0,1,0,0,0,0,0,0
7388042,"MAHARASHTRA","MUMBAI II","MUMBAI_DYD_URC3 ( GHATKOPAR )",2,"Greater Mumbai_Municipal Corporations","N - Ward No. 131",,,,6,3,5,10,4,400077,2,2,3,0,1,3,0,0,0,2,0,1,9,2,162,1,0,0,0,0,0,0
2275379,"MAHARASHTRA","MUMBAI II","MUMBAI_DYD_URC1 ( GRANT ROAD )",2,"Greater Mumbai_Municipal Corporations","G/South - Ward No. 199",,,,6,3,5,10,4,400011,2,2,3,0,1,19,0,0,0,2,0,1,9,2,200,1,0,0,0,0,0,0
4009258,"MAHARASHTRA","MUMBAI II","MUMBAI_DYD_URC7 ( KANDIVALI (E) )",2,"Greater Mumbai_Municipal Corporations","R/South - Ward No. 19",,,,6,3,5,10,5,400067,2,1,1,3,2,19,0,0,0,2,0,1,9,9,0,1,0,0,0,0,0,0
7050368,"MAHARASHTRA","MUMBAI II","MUMBAI_DYD_URC3 ( GHATKOPAR )",2,"Greater Mumbai_Municipal Corporations","M/East - Ward No. 138",,,,6,3,5,10,4,400043,2,2,3,0,1,18,0,0,0,2,0,1,9,2,210,1,0,0,0,0,0,0
4121668,"MAHARASHTRA","MUMBAI II","MUMBAI_DYD_URC1 ( GRANT ROAD )",2,"Greater Mumbai_Municipal Corporations","B - Ward No. 224",,,,3,3,1,12,5,400009,2,2,3,0,2,19,0,0,0,2,2,1,1,9,220,1,81,62,4,14,0,0
9919307,"MAHARASHTRA","MUMBAI II","MUMBAI_DYD_URC2 ( SION )",2,"Greater Mumbai_Municipal Corporations","F/North - Ward No. 172",,,,6,3,1,10,5,400004,2,1,3,0,2,19,0,0,0,2,0,1,2,9,220,1,8,3,20,13,1,0
2247606,"MAHARASHTRA","MUMBAI II","MUMBAI_DYD_URC2 ( SION )",2,"Greater Mumbai_Municipal Corporations","F/North - Ward No. 172",,,,3,3,1,12,5,400022,2,2,3,0,1,19,0,0,0,4,4,1,2,9,220,1,1,1,8,5,0,0
8911852,"MAHARASHTRA","MUMBAI II","MUMBAI_DYD_URC6 ( MALAD (W) )",2,"Greater Mumbai_Municipal Corporations","K/West - Ward No. 67",,,,6,3,5,10,5,400058,2,2,3,0,1,19,4,10,0,2,0,1,9,9,0,1,0,0,0,0,0,0
9239159,"MAHARASHTRA","MUMBAI II","MUMBAI_DYD_URC4 ( MULUND )",2,"Greater Mumbai_Municipal Corporations","T - Ward No. 106",,,,6,3,1,10,5,400081,2,2,3,0,1,19,0,0,0,1,0,1,2,9,0,1,13,11,5,4,0,0
4569810,"MAHARASHTRA","MUMBAI II","MUMBAI_DYD_URC1 ( GRANT ROAD )",2,"Greater Mumbai_Municipal Corporations","G/South - Ward No. 197",,,,6,3,1,10,4,400018,1,2,2,3,2,10,0,0,0,2,0,1,1,2,212,1,3,0,0,0,1,0
8002655,"MAHARASHTRA","MUMBAI II","MUMBAI_DYD_URC3 ( GHATKOPAR )",2,"Greater Mumbai_Municipal Corporations","N - Ward No. 130",,,,5,3,8,12,4,400086,2,2,3,0,1,4,19,0,0,2,2,1,9,0,233,1,0,0,0,0,0,0
4428850,"MAHARASHTRA","MUMBAI II","MUMBAI_DYD_URC2 ( SION )",2,"Greater Mumbai_Municipal Corporations","F/South - Ward No. 204",,,,3,3,1,12,5,400014,2,1,3,0,2,19,10,4,0,2,2,1,2,9,220,1,0,0,2,1,0,0
2241786,"MAHARASHTRA","MUMBAI II","MUMBAI_DYD_URC4 ( MULUND )",2,"Greater Mumbai_Municipal Corporations","M/West - Ward No. 154",,,,6,3,1,10,5,400072,2,2,3,0,2,19,0,0,0,2,0,1,2,9,216,1,0,0,0,0,0,0
4372918,"MAHARASHTRA","MUMBAI II","MUMBAI_DYD_URC2 ( SION )",2,"Greater Mumbai_Municipal Corporations","E - Ward No. 211",,,,11,3,11,12,4,400008,2,2,3,0,1,19,0,0,0,0,2,1,9,0,0,1,0,0,0,0,0,0
5201331,"MAHARASHTRA","MUMBAI II","MUMBAI_DYD_URC3 ( GHATKOPAR )",2,"Greater Mumbai_Municipal Corporations","N - Ward No. 128",,,,7,3,8,10,4,400084,2,2,3,0,2,10,0,0,0,2,0,1,9,0,233,1,0,0,0,0,0,0
2970073,"MAHARASHTRA","MUMBAI II","MUMBAI_DYD_URC1 ( GRANT ROAD )",2,"Greater Mumbai_Municipal Corporations","D - Ward No. 218",,,,11,3,11,12,4,400004,2,2,3,0,1,19,0,0,0,0,2,1,9,0,0,1,0,0,0,0,0,0
6127664,"MAHARASHTRA","MUMBAI II","MUMBAI_DYD_URC5 ( ANDHERI )",2,"Greater Mumbai_Municipal Corporations","P/South - Ward No. 53",,,,6,3,5,10,4,400063,2,1,3,0,1,4,10,19,0,2,0,1,9,2,225,1,0,0,0,0,0,0
7027847,"MAHARASHTRA","MUMBAI II","MUMBAI_DYD_URC1 ( GRANT ROAD )",2,"Greater Mumbai_Municipal Corporations","D - Ward No. 217",,,,7,3,6,10,5,400004,2,2,3,0,1,19,0,0,0,2,0,1,9,9,0,1,0,0,0,0,0,0
9921202,"MAHARASHTRA","MUMBAI II","MUMBAI_DYD_URC2 ( SION )",2,"Greater Mumbai_Municipal Corporations","F/North - Ward No. 177",,,,3,3,1,12,5,400019,2,2,3,0,1,19,0,0,0,4,4,1,1,9,0,1,28,17,4,3,0,0
9003148,"MAHARASHTRA","MUMBAI II","MUMBAI_DYD_URC7 ( KANDIVALI (E) )",2,"Greater Mumbai_Municipal Corporations","R/Central - Ward No. 16",,,,3,3,5,12,4,400091,2,2,3,0,1,4,19,0,0,2,2,1,9,2,0,1,0,0,0,0,0,0
6065102,"MAHARASHTRA","MUMBAI II","MUMBAI_DYD_URC5 ( ANDHERI )",2,"Greater Mumbai_Municipal Corporations","H/West - Ward No. 99",,,,6,3,1,10,5,400052,2,1,3,0,1,19,0,0,0,3,0,1,2,9,0,1,3,6,9,7,0,0
6252075,"MAHARASHTRA","MUMBAI II","MUMBAI_DYD_URC4 ( MULUND )",2,"Greater Mumbai_Municipal Corporations","L - Ward No. 167",,,,6,3,5,10,5,400070,2,2,3,0,1,19,0,0,0,2,0,1,9,9,0,1,0,0,0,0,0,0
6577771,"MAHARASHTRA","MUMBAI II","MUMBAI_DYD_URC2 ( SION )",2,"Greater Mumbai_Municipal Corporations","F/South - Ward No. 203",,,,3,3,1,12,5,400012,2,2,3,0,2,19,0,0,0,1,1,1,2,9,204,1,23,18,12,11,0,0
8476073,"MAHARASHTRA","MUMBAI II","MUMBAI_DYD_URC7 ( KANDIVALI (E) )",2,"Greater Mumbai_Municipal Corporations","R/North MCGM - Ward No.1",,,,2,3,1,8,5,400103,2,2,3,0,1,19,0,0,0,0,0,1,2,9,0,1,59,38,1,0,0,0
7905398,"MAHARASHTRA","MUMBAI II","MUMBAI_DYD_URC1 ( GRANT ROAD )",2,"Greater Mumbai_Municipal Corporations","D - Ward No. 219",,,,6,3,5,10,5,400007,2,2,3,0,1,19,0,0,0,2,0,1,9,9,0,1,0,0,0,0,0,0
1725651,"MAHARASHTRA","MUMBAI II","MUMBAI_DYD_URC4 ( MULUND )",2,"Greater Mumbai_Municipal Corporations","L - Ward No. 159",,,,3,3,1,12,4,400072,2,1,3,0,1,18,0,0,0,2,2,1,2,2,0,1,0,0,0,0,0,0
4761012,"MAHARASHTRA","MUMBAI II","MUMBAI_DYD_URC7 ( KANDIVALI (E) )",2,"Greater Mumbai_Municipal Corporations","R/South - Ward No. 29",,,,11,3,11,12,5,400068,2,1,3,0,2,19,0,0,0,0,2,1,9,9,0,2,0,0,0,0,0,0
9690768,"MAHARASHTRA","MUMBAI II","MUMBAI_DYD_URC6 ( MALAD (W) )",2,"Greater Mumbai_Municipal Corporations","K/West - Ward No. 70",,,,6,3,5,10,5,400056,2,2,3,0,1,19,0,0,0,2,0,1,9,9,0,1,0,0,0,0,0,0
3579826,"MAHARASHTRA","MUMBAI II","MUMBAI_DYD_URC6 ( MALAD (W) )",2,"Greater Mumbai_Municipal Corporations","K/West - Ward No. 68",,,,3,3,1,12,5,400053,2,2,3,0,1,19,0,0,0,4,4,1,2,9,0,1,3,4,4,3,0,0
8881626,"MAHARASHTRA","MUMBAI II","MUMBAI_DYD_URC1 ( GRANT ROAD )",2,"Greater Mumbai_Municipal Corporations","A - Ward No. 225",,,,6,2,5,10,4,400001,2,2,3,0,1,19,0,0,0,2,0,1,9,2,191,1,0,0,0,0,0,0
6126179,"MAHARASHTRA","MUMBAI II","MUMBAI_DYD_URC3 ( GHATKOPAR )",2,"Greater Mumbai_Municipal Corporations","N - Ward No. 129",,,,6,3,5,10,4,400086,2,2,3,0,1,18,0,0,0,2,0,1,9,2,207,1,0,0,0,0,0,0
6019570,"MAHARASHTRA","MUMBAI II","MUMBAI_DYD_URC3 ( GHATKOPAR )",2,"Greater Mumbai_Municipal Corporations","M/East - Ward No. 139",,,,6,3,1,10,5,400043,2,1,3,0,2,19,4,10,0,2,0,1,2,9,210,1,41,40,8,9,0,0
1371790,"MAHARASHTRA","MUMBAI II","MUMBAI_DYD_URC7 ( KANDIVALI (E) )",2,"Greater Mumbai_Municipal Corporations","R/Central - Ward No. 12",,,,6,3,1,10,5,400066,2,2,3,0,1,19,0,0,0,3,0,1,1,9,0,1,88,72,7,3,0,0
2051805,"MAHARASHTRA","MUMBAI II","MUMBAI_DYD_URC1 ( GRANT ROAD )",2,"Greater Mumbai_Municipal Corporations","D - Ward No. 218",,,,7,2,8,10,4,400004,2,2,3,0,2,10,0,0,0,2,0,1,9,0,232,1,0,0,0,0,0,0
7574910,"MAHARASHTRA","MUMBAI II","MUMBAI_DYD_URC3 ( GHATKOPAR )",2,"Greater Mumbai_Municipal Corporations","M/East - Ward No. 136",,,,6,3,5,10,4,400043,2,2,3,0,2,10,0,0,0,2,0,1,9,2,0,1,0,0,0,0,0,0
3819231,"MAHARASHTRA","MUMBAI II","MUMBAI_DYD_URC6 ( MALAD (W) )",2,"Greater Mumbai_Municipal Corporations","P/North - Ward No. 33",,,,6,3,1,10,5,400095,2,2,3,0,1,19,0,0,0,2,0,1,1,9,0,1,13,12,6,5,0,0
5214652,"MAHARASHTRA","MUMBAI II","MUMBAI_DYD_URC1 ( GRANT ROAD )",2,"Greater Mumbai_Municipal Corporations","G/South - Ward No. 194",,,,6,3,1,10,4,400028,1,2,3,0,1,19,0,0,0,2,0,1,2,2,0,1,0,0,0,0,0,0
8868477,"MAHARASHTRA","MUMBAI II","MUMBAI_DYD_URC1 ( GRANT ROAD )",2,"Greater Mumbai_Municipal Corporations","A - Ward No. 225",,,,11,3,11,12,4,400001,2,2,3,0,2,19,0,0,0,0,2,1,9,0,210,1,0,0,0,0,0,0
3615072,"MAHARASHTRA","MUMBAI II","MUMBAI_DYD_URC3 ( GHATKOPAR )",2,"Greater Mumbai_Municipal Corporations","N - Ward No. 129",,,,3,3,1,12,5,400084,2,1,3,0,2,19,0,0,0,2,2,1,2,9,220,1,0,0,1,0,0,0
3003994,"MAHARASHTRA","MUMBAI II","MUMBAI_DYD_URC3 ( GHATKOPAR )",2,"Greater Mumbai_Municipal Corporations","N - Ward No. 125",,,,3,3,5,12,5,400075,2,2,3,0,2,19,0,0,0,2,2,1,9,9,0,1,0,0,0,0,0,0
9484403,"MAHARASHTRA","MUMBAI II","MUMBAI_DYD_URC2 ( SION )",2,"Greater Mumbai_Municipal Corporations","G/North - Ward No. 184",,,,8,3,9,10,5,400017,2,2,3,0,2,19,0,0,0,2,0,1,9,9,0,1,0,0,0,0,0,0
7647988,"MAHARASHTRA","MUMBAI II","MUMBAI_DYD_URC5 ( ANDHERI )",2,"Greater Mumbai_Municipal Corporations","H/East - Ward No. 93",,,,3,3,5,12,4,400051,2,2,3,0,2,19,10,0,0,2,2,1,9,2,196,1,0,0,0,0,0,0
7008206,"MAHARASHTRA","MUMBAI II","MUMBAI_DYD_URC2 ( SION )",2,"Greater Mumbai_Municipal Corporations","F/North - Ward No. 177",,,,6,3,1,10,5,400019,2,2,2,3,1,19,0,0,0,3,0,1,1,9,0,1,81,62,1,0,0,0
2916018,"MAHARASHTRA","MUMBAI II","MUMBAI_DYD_URC6 ( MALAD (W) )",2,"Greater Mumbai_Municipal Corporations","K/West - Ward No. 62",,,,6,3,5,10,4,400061,2,1,3,0,1,18,0,0,0,2,0,1,9,2,0,1,0,0,0,0,0,0
6299379,"MAHARASHTRA","MUMBAI II","MUMBAI_DYD_URC6 ( MALAD (W) )",2,"Greater Mumbai_Municipal Corporations","P/South - Ward No. 58",,,,6,3,5,10,4,400104,2,2,1,3,2,10,0,0,0,2,0,1,9,2,0,1,0,0,0,0,0,0
4398220,"MAHARASHTRA","MUMBAI II","MUMBAI_DYD_URC3 ( GHATKOPAR )",2,"Greater Mumbai_Municipal Corporations","N - Ward No. 132",,,,3,3,1,12,5,400077,2,1,3,0,2,19,0,0,0,4,4,1,2,9,220,1,24,19,13,9,0,0
6385248,"MAHARASHTRA","MUMBAI II","MUMBAI_DYD_URC1 ( GRANT ROAD )",2,"Greater Mumbai_Municipal Corporations","D - Ward No. 217",,,,11,3,11,12,4,400007,2,2,3,0,2,19,0,0,0,0,2,1,9,0,0,1,0,0,0,0,0,0
1385891,"MAHARASHTRA","MUMBAI II","MUMBAI_DYD_URC2 ( SION )",2,"Greater Mumbai_Municipal Corporations","F/North - Ward No. 177",,,,11,3,11,12,4,400019,2,1,3,0,2,19,0,0,0,0,2,1,9,0,235,1,0,0,0,0,0,0
9325226,"MAHARASHTRA","MUMBAI II","MUMBAI_DYD_URC6 ( MALAD (W) )",2,"Greater Mumbai_Municipal Corporations","K/West - Ward No. 67",,,,6,3,5,10,4,400061,2,2,3,0,2,10,0,0,0,2,0,1,9,2,216,1,0,0,0,0,0,0
5432843,"MAHARASHTRA","MUMBAI II","MUMBAI_DYD_URC2 ( SION )",2,"Greater Mumbai_Municipal Corporations","F/North - Ward No. 177",,,,6,2,1,10,5,400014,2,2,3,0,1,19,0,0,0,3,0,1,2,9,200,1,0,162,0,14,0,0
1719079,"MAHARASHTRA","MUMBAI II","MUMBAI_DYD_URC2 ( SION )",2,"Greater Mumbai_Municipal Corporations","F/North - Ward No. 174",,,,7,3,8,10,5,400037,2,1,3,0,1,18,0,0,0,2,0,1,9,9,0,1,0,0,0,0,0,0
4071864,"MAHARASHTRA","MUMBAI II","MUMBAI_DYD_URC5 ( ANDHERI )",2,"Greater Mumbai_Municipal Corporations","P/South - Ward No. 52",,,,6,3,1,10,5,400063,2,1,3,0,2,19,0,0,0,3,0,1,2,9,200,1,75,69,79,83,0,0
5956506,"MAHARASHTRA","MUMBAI II","MUMBAI_DYD_URC6 ( MALAD (W) )",2,"Greater Mumbai_Municipal Corporations","P/North - Ward No. 49",,,,6,3,5,10,4,400095,2,2,3,0,2,10,0,0,0,2,0,1,9,2,230,1,0,0,0,0,0,0
5761087,"MAHARASHTRA","MUMBAI II","MUMBAI_DYD_URC4 ( MULUND )",2,"Greater Mumbai_Municipal Corporations","L - Ward No. 163",,,,3,3,5,12,4,400072,2,2,3,0,2,10,19,0,0,2,2,1,9,2,237,1,0,0,0,0,0,0
7599538,"MAHARASHTRA","MUMBAI II","MUMBAI_DYD_URC6 ( MALAD (W) )",2,"Greater Mumbai_Municipal Corporations","P/North - Ward No. 37",,,,5,3,6,12,5,400095,2,2,3,0,2,19,4,10,3,2,2,1,9,9,0,1,0,0,0,0,0,0
1358245,"MAHARASHTRA","MUMBAI II","MUMBAI_DYD_URC5 ( ANDHERI )",2,"Greater Mumbai_Municipal Corporations","H/East - Ward No. 90",,,,6,3,5,10,5,400029,2,1,3,0,2,19,0,0,0,2,0,1,9,9,0,1,0,0,0,0,0,0
6853066,"MAHARASHTRA","MUMBAI II","MUMBAI_DYD_URC7 ( KANDIVALI (E) )",2,"Greater Mumbai_Municipal Corporations","R/Central - Ward No. 18",,,,6,3,5,10,4,400067,2,2,3,0,1,4,0,0,0,2,0,1,9,2,221,1,0,0,0,0,0,0
2776028,"MAHARASHTRA","MUMBAI II","MUMBAI_DYD_URC3 ( GHATKOPAR )",2,"Greater Mumbai_Municipal Corporations","M/East - Ward No. 135",,,,6,3,5,10,4,400043,2,2,3,0,2,10,0,0,0,2,0,1,9,2,234,1,0,0,0,0,0,0
5515229,"MAHARASHTRA","MUMBAI II","MUMBAI_DYD_URC6 ( MALAD (W) )",2,"Greater Mumbai_Municipal Corporations","P/North - Ward No. 33",,,,6,3,5,10,5,400095,2,2,3,0,2,19,10,4,0,2,0,1,9,9,0,1,0,0,0,0,0,0
1344278,"MAHARASHTRA","MUMBAI II","MUMBAI_DYD_URC6 ( MALAD (W) )",2,"Greater Mumbai_Municipal Corporations","P/North - Ward No. 35",,,,6,3,5,10,5,400064,2,2,3,0,1,19,0,0,0,2,0,1,9,9,220,1,0,0,0,0,0,0
4667751,"MAHARASHTRA","MUMBAI II","MUMBAI_DYD_URC5 ( ANDHERI )",2,"Greater Mumbai_Municipal Corporations","K/East - Ward No. 80",,,,11,3,11,12,5,400069,2,2,3,0,2,19,0,0,0,0,2,1,9,9,195,1,0,0,0,0,0,0
7044773,"MAHARASHTRA","MUMBAI II","MUMBAI_DYD_URC5 ( ANDHERI )",2,"Greater Mumbai_Municipal Corporations","H/West - Ward No. 97",,,,11,3,11,12,4,400054,2,2,3,0,1,19,0,0,0,0,2,1,9,0,0,1,0,0,0,0,0,0
3266177,"MAHARASHTRA","MUMBAI II","MUMBAI_DYD_URC2 ( SION )",2,"Greater Mumbai_Municipal Corporations","F/North - Ward No. 176",,,,6,3,5,10,5,400037,2,2,3,0,2,19,0,0,0,2,0,1,9,9,216,1,0,0,0,0,0,0
7602497,"MAHARASHTRA","MUMBAI II","MUMBAI_DYD_URC2 ( SION )",2,"Greater Mumbai_Municipal Corporations","F/North - Ward No. 177",,,,3,3,5,12,4,400031,2,1,3,0,1,19,0,0,0,2,2,1,9,2,0,1,0,0,0,0,0,0
6068906,"MAHARASHTRA","MUMBAI II","MUMBAI_DYD_URC3 ( GHATKOPAR )",2,"Greater Mumbai_Municipal Corporations","M/East - Ward No. 138",,,,3,3,1,12,5,400043,2,2,2,3,1,19,10,4,0,2,2,1,2,9,0,1,0,0,0,0,0,0
9549625,"MAHARASHTRA","MUMBAI II","MUMBAI_DYD_URC7 ( KANDIVALI (E) )",2,"Greater Mumbai_Municipal Corporations","R/Central - Ward No. 11",,,,6,3,5,10,5,400066,2,2,3,0,2,19,0,0,0,2,0,1,9,9,0,1,0,0,0,0,0,0
6439697,"MAHARASHTRA","MUMBAI II","MUMBAI_DYD_URC7 ( KANDIVALI (E) )",2,"Greater Mumbai_Municipal Corporations","R/South - Ward No. 29",,,,6,3,1,10,4,400101,2,2,3,0,2,10,0,0,0,2,0,1,2,2,0,1,0,0,0,0,0,0
3316691,"MAHARASHTRA","MUMBAI II","MUMBAI_DYD_URC4 ( MULUND )",2,"Greater Mumbai_Municipal Corporations","S - Ward No. 119",,,,6,3,5,10,5,400083,2,2,3,0,2,19,10,4,0,2,0,1,9,9,220,1,0,0,0,0,0,0
3583144,"MAHARASHTRA","MUMBAI II","MUMBAI_DYD_URC7 ( KANDIVALI (E) )",2,"Greater Mumbai_Municipal Corporations","R/Central - Ward No. 11",,,,6,3,5,10,4,400066,2,2,3,0,2,10,0,0,0,2,0,1,9,2,226,1,0,0,0,0,0,0
8117082,"MAHARASHTRA","MUMBAI II","MUMBAI_DYD_URC3 ( GHATKOPAR )",2,"Greater Mumbai_Municipal Corporations","M/West - Ward No. 152",,,,7,3,8,10,4,400071,2,2,3,0,2,10,0,0,0,2,0,1,9,0,0,1,0,0,0,0,0,0
2594466,"MAHARASHTRA","MUMBAI II","MUMBAI_DYD_URC4 ( MULUND )",2,"Greater Mumbai_Municipal Corporations","T - Ward No. 105",,,,6,3,5,10,4,400081,2,1,3,0,2,19,10,0,0,2,0,1,9,2,230,1,0,0,0,0,0,0
1321284,"MAHARASHTRA","MUMBAI II","MUMBAI_DYD_URC6 ( MALAD (W) )",2,"Greater Mumbai_Municipal Corporations","K/West - Ward No. 60",,,,3,3,1,12,5,400058,2,2,3,0,2,19,0,0,0,2,2,1,2,9,0,1,0,0,0,0,0,0
8367436,"MAHARASHTRA","MUMBAI II","MUMBAI_DYD_URC2 ( SION )",2,"Greater Mumbai_Municipal Corporations","F/North - Ward No. 172",,,,7,3,8,10,4,400022,2,2,3,0,2,10,0,0,0,2,0,1,9,0,230,1,0,0,0,0,0,0
9280226,"MAHARASHTRA","MUMBAI II","MUMBAI_DYD_URC6 ( MALAD (W) )",2,"Greater Mumbai_Municipal Corporations","K/West - Ward No. 59",,,,3,3,5,12,4,400061,2,1,3,0,2,19,10,0,0,2,2,1,9,2,230,1,0,0,0,0,0,0
1617490,"MAHARASHTRA","MUMBAI II","MUMBAI_DYD_URC4 ( MULUND )",2,"Greater Mumbai_Municipal Corporations","S - Ward No. 120",,,,6,3,5,10,4,400083,2,2,3,0,2,10,4,19,0,2,0,1,9,2,0,1,0,0,0,0,0,0
3686348,"MAHARASHTRA","MUMBAI II","MUMBAI_DYD_URC6 ( MALAD (W) )",2,"Greater Mumbai_Municipal Corporations","K/West - Ward No. 66",,,,6,3,1,10,5,400058,2,2,3,0,2,19,0,0,0,4,0,1,2,9,0,1,55,52,1,2,0,0
5998773,"MAHARASHTRA","MUMBAI II","MUMBAI_DYD_URC7 ( KANDIVALI (E) )",2,"Greater Mumbai_Municipal Corporations","R/North - Ward No. 3",,,,3,3,5,12,4,400068,2,1,3,0,1,19,3,0,0,2,2,1,9,2,220,1,0,0,0,0,0,0
9666187,"MAHARASHTRA","MUMBAI II","MUMBAI_DYD_URC1 ( GRANT ROAD )",2,"Greater Mumbai_Municipal Corporations","E - Ward No. 211",,,,6,3,5,10,4,400011,2,1,3,0,1,18,4,10,19,2,0,1,9,2,232,1,0,0,0,0,0,0
1272899,"MAHARASHTRA","MUMBAI II","MUMBAI_DYD_URC6 ( MALAD (W) )",2,"Greater Mumbai_Municipal Corporations","K/West - Ward No. 64",,,,6,2,5,10,4,400102,2,2,3,0,1,18,0,0,0,2,0,1,9,2,230,1,0,0,0,0,0,0
7990222,"MAHARASHTRA","MUMBAI II","MUMBAI_DYD_URC3 ( GHATKOPAR )",2,"Greater Mumbai_Municipal Corporations","N - Ward No. 125",,,,6,3,5,10,5,400075,2,2,3,0,2,19,0,0,0,2,0,1,9,9,0,1,0,0,0,0,0,0
6254426,"MAHARASHTRA","MUMBAI II","MUMBAI_DYD_URC5 ( ANDHERI )",2,"Greater Mumbai_Municipal Corporations","H/East - Ward No. 93",,,,11,3,11,12,4,400051,2,1,3,0,2,19,0,0,0,0,2,1,9,0,230,1,0,0,0,0,0,0
4564187,"MAHARASHTRA","MUMBAI II","MUMBAI_DYD_URC5 ( ANDHERI )",2,"Greater Mumbai_Municipal Corporations","K/East - Ward No. 78",,,,6,3,5,10,4,400060,2,2,3,0,1,4,0,0,0,2,0,1,9,2,220,1,0,0,0,0,0,0
2943363,"MAHARASHTRA","MUMBAI II","MUMBAI_DYD_URC3 ( GHATKOPAR )",2,"Greater Mumbai_Municipal Corporations","N - Ward No. 132",,,,11,3,11,12,4,400077,2,2,3,0,1,19,0,0,0,0,2,1,9,0,0,1,0,0,0,0,0,0
9479548,"MAHARASHTRA","MUMBAI II","MUMBAI_DYD_URC4 ( MULUND )",2,"Greater Mumbai_Municipal Corporations","T - Ward No. 105",,,,11,3,11,12,5,400078,2,2,3,0,2,19,0,0,0,0,2,1,9,9,229,2,0,0,0,0,0,0
3115531,"MAHARASHTRA","MUMBAI II","MUMBAI_DYD_URC2 ( SION )",2,"Greater Mumbai_Municipal Corporations","F/North - Ward No. 177",,,,6,3,5,10,4,400031,2,1,3,0,1,19,0,0,0,2,0,1,9,2,215,1,0,0,0,0,0,0
9187432,"MAHARASHTRA","MUMBAI II","MUMBAI_DYD_URC7 ( KANDIVALI (E) )",2,"Greater Mumbai_Municipal Corporations","R/South - Ward No. 27",,,,6,3,1,10,5,400101,2,2,3,0,1,19,0,0,0,3,0,1,1,9,198,1,47,49,0,1,0,0
5195723,"MAHARASHTRA","MUMBAI II","MUMBAI_DYD_URC5 ( ANDHERI )",2,"Greater Mumbai_Municipal Corporations","K/East - Ward No. 84",,,,11,2,11,12,4,400057,2,2,3,0,2,19,10,0,0,0,2,1,9,0,220,1,0,0,0,0,0,0
4487136,"MAHARASHTRA","MUMBAI II","MUMBAI_DYD_URC2 ( SION )",2,"Greater Mumbai_Municipal Corporations","F/North - Ward No. 172",,,,6,3,5,10,5,400022,2,1,3,0,1,19,0,0,0,2,0,1,9,9,210,1,0,0,0,0,0,0
8762586,"MAHARASHTRA","MUMBAI II","MUMBAI_DYD_URC3 ( GHATKOPAR )",2,"Greater Mumbai_Municipal Corporations","M/East - Ward No. 144",,,,7,3,8,10,4,400071,2,2,3,0,1,10,4,19,0,2,0,1,9,0,227,1,0,0,0,0,0,0
9556927,"MAHARASHTRA","MUMBAI II","MUMBAI_DYD_URC3 ( GHATKOPAR )",2,"Greater Mumbai_Municipal Corporations","M/East - Ward No. 143",,,,11,3,11,12,5,400088,2,2,3,0,1,19,0,0,0,0,2,1,9,9,0,2,0,0,0,0,0,0
4975572,"MAHARASHTRA","MUMBAI II","MUMBAI_DYD_URC6 ( MALAD (W) )",2,"Greater Mumbai_Municipal Corporations","P/South - Ward No. 55",,,,6,2,5,10,4,400102,2,2,3,0,1,3,0,0,0,2,0,1,9,2,236,1,0,0,0,0,0,0
2145547,"MAHARASHTRA","MUMBAI II","MUMBAI_DYD_URC7 ( KANDIVALI (E) )",2,"Greater Mumbai_Municipal Corporations","R/North - Ward No. 4",,,,3,3,5,12,4,400068,2,2,3,0,2,10,19,0,0,2,2,1,9,2,234,1,0,0,0,0,0,0
9326075,"MAHARASHTRA","MUMBAI II","MUMBAI_DYD_URC6 ( MALAD (W) )",2,"Greater Mumbai_Municipal Corporations","P/North - Ward No. 38",,,,6,3,5,10,4,400097,2,2,3,0,2,10,0,0,0,2,0,1,9,2,0,1,0,0,0,0,0,0
2616549,"MAHARASHTRA","MUMBAI II","MUMBAI_DYD_URC4 ( MULUND )",2,"Greater Mumbai_Municipal Corporations","T - Ward No. 105",,,,3,3,5,12,4,400081,2,2,3,0,1,5,19,0,0,2,2,1,9,2,230,1,0,0,0,0,0,0
4677840,"MAHARASHTRA","MUMBAI II","MUMBAI_DYD_URC1 ( GRANT ROAD )",2,"Greater Mumbai_Municipal Corporations","A - Ward No. 225",,,,8,3,9,10,4,400001,2,2,3,0,2,5,0,0,0,2,0,1,9,0,233,2,0,0,0,0,0,0
4206853,"MAHARASHTRA","MUMBAI II","MUMBAI_DYD_URC5 ( ANDHERI )",2,"Greater Mumbai_Municipal Corporations","H/East - Ward No. 88",,,,6,2,5,10,4,400055,2,2,3,0,1,19,0,0,0,2,0,1,9,2,0,1,0,0,0,0,0,0
1625140,"MAHARASHTRA","MUMBAI II","MUMBAI_DYD_URC6 ( MALAD (W) )",2,"Greater Mumbai_Municipal Corporations","P/North - Ward No. 33",,,,6,3,5,10,4,400095,2,2,3,0,1,4,10,19,0,2,0,1,9,2,0,1,0,0,0,0,0,0
9488947,"MAHARASHTRA","MUMBAI II","MUMBAI_DYD_URC1 ( GRANT ROAD )",2,"Greater Mumbai_Municipal Corporations","A - Ward No. 225",,,,3,3,1,12,5,400001,1,2,3,0,1,19,0,0,0,2,1,1,2,9,0,1,0,1,0,1,0,0
1780207,"MAHARASHTRA","MUMBAI II","MUMBAI_DYD_URC7 ( KANDIVALI (E) )",2,"Greater Mumbai_Municipal Corporations","R/Central - Ward No. 15",,,,6,2,5,10,4,400092,2,2,3,0,1,19,10,0,0,2,0,1,9,2,0,1,0,0,0,0,0,0
6964722,"MAHARASHTRA","MUMBAI II","MUMBAI_DYD_URC1 ( GRANT ROAD )",2,"Greater Mumbai_Municipal Corporations","D - Ward No. 218",,,,6,3,5,10,4,400004,2,2,3,0,1,19,0,0,0,2,0,1,9,2,0,1,0,0,0,0,0,0
3351928,"MAHARASHTRA","MUMBAI II","MUMBAI_DYD_URC3 ( GHATKOPAR )",2,"Greater Mumbai_Municipal Corporations","M/East - Ward No. 144",,,,6,3,5,10,4,400088,2,2,3,0,2,10,0,0,0,2,0,1,9,2,245,1,0,0,0,0,0,0
8238209,"MAHARASHTRA","MUMBAI II","MUMBAI_DYD_URC2 ( SION )",2,"Greater Mumbai_Municipal Corporations","G/North - Ward No. 186",,,,6,3,5,10,5,400017,2,2,3,0,2,19,0,0,0,2,0,1,9,9,230,1,0,0,0,0,0,0
7365410,"MAHARASHTRA","MUMBAI II","MUMBAI_DYD_URC5 ( ANDHERI )",2,"Greater Mumbai_Municipal Corporations","L - Ward No. 156",,,,3,3,5,12,4,400072,2,2,3,0,2,4,19,0,0,2,2,1,9,2,224,1,0,0,0,0,0,0
8042939,"MAHARASHTRA","MUMBAI II","MUMBAI_DYD_URC4 ( MULUND )",2,"Greater Mumbai_Municipal Corporations","L - Ward No. 167",,,,6,3,5,10,4,400070,2,2,3,0,2,10,0,0,0,2,0,1,9,2,233,1,0,0,0,0,0,0
2095859,"MAHARASHTRA","MUMBAI II","MUMBAI_DYD_URC1 ( GRANT ROAD )",2,"Greater Mumbai_Municipal Corporations","E - Ward No. 211",,,,5,3,8,12,4,400008,2,2,3,0,2,18,19,4,10,2,2,1,9,0,232,1,0,0,0,0,0,0
4903003,"MAHARASHTRA","MUMBAI II","MUMBAI_DYD_URC1 ( GRANT ROAD )",2,"Greater Mumbai_Municipal Corporations","D - Ward No. 214",,,,7,3,8,10,5,0,2,2,3,0,1,19,0,0,0,2,0,1,9,9,5,1,0,0,0,0,0,0
3106115,"MAHARASHTRA","MUMBAI II","MUMBAI_DYD_URC7 ( KANDIVALI (E) )",2,"Greater Mumbai_Municipal Corporations","R/South - Ward No. 19",,,,7,3,8,10,4,400067,2,2,3,0,2,10,0,0,0,2,0,1,9,0,0,1,0,0,0,0,0,0
9755207,"MAHARASHTRA","MUMBAI II","MUMBAI_DYD_URC2 ( SION )",2,"Greater Mumbai_Municipal Corporations","F/South - Ward No. 204",,,,5,3,6,12,4,400012,2,2,3,0,2,4,19,0,0,2,2,1,9,0,0,1,0,0,0,0,0,0
5316243,"MAHARASHTRA","MUMBAI II","MUMBAI_DYD_URC2 ( SION )",2,"Greater Mumbai_Municipal Corporations","F/North - Ward No. 180",,,,3,3,1,12,5,400031,2,2,3,0,2,19,0,0,0,1,1,1,2,9,0,1,25,13,7,4,0,0
7695255,"MAHARASHTRA","MUMBAI II","MUMBAI_DYD_URC6 ( MALAD (W) )",2,"Greater Mumbai_Municipal Corporations","P/South - Ward No. 58",,,,5,3,8,12,5,400102,2,1,3,0,2,19,0,0,0,2,2,1,9,9,220,1,0,0,0,0,0,0
5271061,"MAHARASHTRA","MUMBAI II","MUMBAI_DYD_URC4 ( MULUND )",2,"Greater Mumbai_Municipal Corporations","S - Ward No. 110",,,,6,3,5,10,4,400078,2,1,3,0,1,18,0,0,0,2,0,1,9,2,229,1,0,0,0,0,0,0
2590817,"MAHARASHTRA","MUMBAI II","MUMBAI_DYD_URC3 ( GHATKOPAR )",2,"Greater Mumbai_Municipal Corporations","M/East - Ward No. 134",,,,6,3,5,10,4,400088,2,2,3,0,2,10,0,0,0,2,0,1,9,2,0,1,0,0,0,0,0,0
7070732,"MAHARASHTRA","MUMBAI II","MUMBAI_DYD_URC4 ( MULUND )",2,"Greater Mumbai_Municipal Corporations","T - Ward No. 107",,,,7,3,8,10,4,400080,2,2,3,0,2,10,0,0,0,2,0,1,9,0,221,1,0,0,0,0,0,0
7781776,"MAHARASHTRA","MUMBAI II","MUMBAI_DYD_URC3 ( GHATKOPAR )",2,"Greater Mumbai_Municipal Corporations","N - Ward No. 129",,,,6,3,5,10,5,400086,2,1,3,0,1,19,0,0,0,2,0,1,9,9,230,1,0,0,0,0,0,0
9569069,"MAHARASHTRA","MUMBAI II","MUMBAI_DYD_URC3 ( GHATKOPAR )",2,"Greater Mumbai_Municipal Corporations","M/East - Ward No. 137",,,,6,3,5,10,5,400043,2,1,3,0,2,19,4,10,0,2,0,1,9,9,0,1,0,0,0,0,0,0
6887550,"MAHARASHTRA","MUMBAI II","MUMBAI_DYD_URC7 ( KANDIVALI (E) )",2,"Greater Mumbai_Municipal Corporations","R/Central - Ward No. 15",,,,6,3,1,10,5,400092,2,1,3,0,1,19,0,0,0,4,0,1,2,9,215,1,0,0,0,0,0,0
5216338,"MAHARASHTRA","MUMBAI II","MUMBAI_DYD_URC7 ( KANDIVALI (E) )",2,"Greater Mumbai_Municipal Corporations","R/Central - Ward No. 9",,,,3,3,1,12,5,400092,2,2,3,0,1,19,0,0,0,4,4,1,1,9,193,1,26,25,3,3,0,0
1356854,"MAHARASHTRA","MUMBAI II","MUMBAI_DYD_URC4 ( MULUND )",2,"Greater Mumbai_Municipal Corporations","T - Ward No. 107",,,,3,3,5,12,4,400080,2,1,3,0,2,10,19,0,0,2,2,1,9,2,237,1,0,0,0,0,0,0
9960693,"MAHARASHTRA","MUMBAI II","MUMBAI_DYD_URC6 ( MALAD (W) )",2,"Greater Mumbai_Municipal Corporations","K/West - Ward No. 66",,,,7,3,8,10,4,400058,2,1,3,0,1,18,0,0,0,2,0,1,9,0,230,1,0,0,0,0,0,0
4025049,"MAHARASHTRA","MUMBAI II","MUMBAI_DYD_URC1 ( GRANT ROAD )",2,"Greater Mumbai_Municipal Corporations","G/North - Ward No. 191",,,,5,3,6,12,5,400028,2,1,3,0,2,19,10,4,0,2,2,1,9,9,215,1,0,0,0,0,0,0
3073338,"MAHARASHTRA","MUMBAI II","MUMBAI_DYD_URC2 ( SION )",2,"Greater Mumbai_Municipal Corporations","F/North - Ward No. 177",,,,6,3,5,10,4,400014,2,2,3,0,2,19,0,0,0,2,0,1,9,2,220,1,0,0,0,0,0,0
2130844,"MAHARASHTRA","MUMBAI II","MUMBAI_DYD_URC7 ( KANDIVALI (E) )",2,"Greater Mumbai_Municipal Corporations","R/Central - Ward No. 15",,,,6,3,5,10,4,400092,2,2,3,0,2,19,0,0,0,2,0,1,9,2,0,1,0,0,0,0,0,0
3014040,"MAHARASHTRA","MUMBAI II","MUMBAI_DYD_URC6 ( MALAD (W) )",2,"Greater Mumbai_Municipal Corporations","K/West - Ward No. 67",,,,3,3,5,12,5,400053,2,2,3,0,2,19,0,0,0,2,2,1,9,9,230,1,0,0,0,0,0,0
2714218,"MAHARASHTRA","MUMBAI II","MUMBAI_DYD_URC7 ( KANDIVALI (E) )",2,"Greater Mumbai_Municipal Corporations","R/Central - Ward No. 13",,,,7,3,8,10,4,400066,2,2,3,0,2,4,10,0,0,2,0,1,9,0,0,1,0,0,0,0,0,0
3591493,"MAHARASHTRA","MUMBAI II","MUMBAI_DYD_URC6 ( MALAD (W) )",2,"Greater Mumbai_Municipal Corporations","K/West - Ward No. 67",,,,6,3,5,10,5,400058,2,2,3,0,2,19,0,0,0,2,0,1,9,9,230,1,0,0,0,0,0,0
6996117,"MAHARASHTRA","MUMBAI II","MUMBAI_DYD_URC4 ( MULUND )",2,"Greater Mumbai_Municipal Corporations","S - Ward No. 122",,,,6,3,5,10,5,400076,2,1,3,0,1,19,0,0,0,2,0,1,9,9,210,1,0,0,0,0,0,0
6809376,"MAHARASHTRA","MUMBAI II","MUMBAI_DYD_URC5 ( ANDHERI )",2,"Greater Mumbai_Municipal Corporations","P/South - Ward No. 54",,,,6,3,1,10,5,400004,2,2,3,0,2,19,10,4,0,2,0,1,2,9,218,1,0,0,0,0,0,0
1886861,"MAHARASHTRA","MUMBAI II","MUMBAI_DYD_URC2 ( SION )",2,"Greater Mumbai_Municipal Corporations","F/North - Ward No. 177",,,,6,2,5,10,4,400031,2,2,3,0,1,19,0,0,0,2,0,1,9,2,194,1,0,0,0,0,0,0
3872597,"MAHARASHTRA","MUMBAI II","MUMBAI_DYD_URC1 ( GRANT ROAD )",2,"Greater Mumbai_Municipal Corporations","A - Ward No. 225",,,,6,3,5,10,4,400002,2,2,3,0,1,19,0,0,0,2,0,1,9,2,220,1,0,0,0,0,0,0
3108683,"MAHARASHTRA","MUMBAI II","MUMBAI_DYD_URC4 ( MULUND )",2,"Greater Mumbai_Municipal Corporations","S - Ward No. 112",,,,6,3,1,10,5,400080,2,1,3,0,2,19,0,0,0,3,0,1,1,9,215,1,42,46,1,0,19,7
8295182,"MAHARASHTRA","MUMBAI II","MUMBAI_DYD_URC2 ( SION )",2,"Greater Mumbai_Municipal Corporations","F/North - Ward No. 172",,,,6,3,5,10,4,400022,2,2,3,0,1,19,0,0,0,2,0,1,9,2,0,1,0,0,0,0,0,0
8908319,"MAHARASHTRA","MUMBAI II","MUMBAI_DYD_URC6 ( MALAD (W) )",2,"Greater Mumbai_Municipal Corporations","P/North - Ward No. 45",,,,6,3,5,10,5,400097,2,1,3,0,1,19,10,4,0,2,0,1,9,9,0,1,0,0,0,0,0,0
1063480,"MAHARASHTRA","MUMBAI II","MUMBAI_DYD_URC6 ( MALAD (W) )",2,"Greater Mumbai_Municipal Corporations","K/West - Ward No. 64",,,,6,2,1,10,5,400102,2,2,3,0,1,19,0,0,0,2,0,1,2,9,0,1,0,0,0,0,0,0
1176426,"MAHARASHTRA","MUMBAI II","MUMBAI_DYD_URC1 ( GRANT ROAD )",2,"Greater Mumbai_Municipal Corporations","D - Ward No. 217",,,,6,3,5,10,4,0,2,2,3,0,1,19,10,4,0,2,0,1,9,2,230,1,0,0,0,0,0,0
4982259,"MAHARASHTRA","MUMBAI II","MUMBAI_DYD_URC2 ( SION )",2,"Greater Mumbai_Municipal Corporations","G/North - Ward No. 183",,,,6,3,5,10,4,400017,2,2,3,0,2,10,4,18,19,2,0,1,9,2,230,1,0,0,0,0,0,0
8591293,"MAHARASHTRA","MUMBAI II","MUMBAI_DYD_URC3 ( GHATKOPAR )",2,"Greater Mumbai_Municipal Corporations","N - Ward No. 123",,,,7,3,8,10,4,400079,2,2,3,0,2,18,0,0,0,2,0,1,9,0,235,1,0,0,0,0,0,0
7050585,"MAHARASHTRA","MUMBAI II","MUMBAI_DYD_URC7 ( KANDIVALI (E) )",2,"Greater Mumbai_Municipal Corporations","R/Central - Ward No. 10",,,,6,3,1,10,5,400092,2,2,3,0,1,19,0,0,0,4,0,1,1,9,192,1,12,9,0,2,0,0
3063764,"MAHARASHTRA","MUMBAI II","MUMBAI_DYD_URC5 ( ANDHERI )",2,"Greater Mumbai_Municipal Corporations","K/East - Ward No. 84",,,,6,3,1,10,5,400057,2,1,3,0,2,19,0,0,0,3,0,1,2,9,0,1,1,0,73,46,27,23
6450574,"MAHARASHTRA","MUMBAI II","MUMBAI_DYD_URC4 ( MULUND )",2,"Greater Mumbai_Municipal Corporations","S - Ward No. 112",,,,3,3,5,12,4,400078,2,1,3,0,1,19,0,0,0,2,2,1,9,2,220,1,0,0,0,0,0,0
6951673,"MAHARASHTRA","MUMBAI II","MUMBAI_DYD_URC5 ( ANDHERI )",2,"Greater Mumbai_Municipal Corporations","H/East - Ward No. 96",,,,6,3,5,10,4,400051,2,2,3,0,2,10,0,0,0,2,0,1,9,2,0,1,0,0,0,0,0,0
8791011,"MAHARASHTRA","MUMBAI II","MUMBAI_DYD_URC3 ( GHATKOPAR )",2,"Greater Mumbai_Municipal Corporations","M/West - Ward No. 152",,,,10,3,9,12,5,400071,2,2,3,0,2,19,0,0,0,2,2,1,9,9,220,1,0,0,0,0,0,0
3201303,"MAHARASHTRA","MUMBAI II","MUMBAI_DYD_URC5 ( ANDHERI )",2,"Greater Mumbai_Municipal Corporations","K/East - Ward No. 78",,,,6,3,5,10,5,400060,2,1,3,0,2,19,0,0,0,2,0,1,9,9,0,1,0,0,0,0,0,0
8243790,"MAHARASHTRA","MUMBAI II","MUMBAI_DYD_URC1 ( GRANT ROAD )",2,"Greater Mumbai_Municipal Corporations","G/South - Ward No. 194",,,,11,3,11,12,4,400028,2,1,3,0,2,19,0,0,0,0,2,1,9,0,230,1,0,0,0,0,0,0
6534224,"MAHARASHTRA","MUMBAI II","MUMBAI_DYD_URC6 ( MALAD (W) )",2,"Greater Mumbai_Municipal Corporations","P/North - Ward No. 49",,,,3,3,1,12,92,400058,2,2,3,0,2,19,4,0,0,1,1,1,2,2,0,1,0,1,19,17,2,0
5780297,"MAHARASHTRA","MUMBAI II","MUMBAI_DYD_URC3 ( GHATKOPAR )",2,"Greater Mumbai_Municipal Corporations","M/East - Ward No. 144",,,,11,3,11,12,5,400088,2,2,3,0,2,19,0,0,0,0,2,1,9,9,0,2,0,0,0,0,0,0
6254621,"MAHARASHTRA","MUMBAI II","MUMBAI_DYD_URC2 ( SION )",2,"Greater Mumbai_Municipal Corporations","F/South - Ward No. 204",,,,11,3,11,12,5,400012,2,2,3,0,2,19,0,0,0,0,2,1,9,9,0,1,0,0,0,0,0,0
4528276,"MAHARASHTRA","MUMBAI II","MUMBAI_DYD_URC1 ( GRANT ROAD )",2,"Greater Mumbai_Municipal Corporations","G/North - Ward No. 192",,,,6,3,5,10,4,400028,2,2,3,0,2,3,0,0,0,2,0,1,9,2,0,1,0,0,0,0,0,0
4383701,"MAHARASHTRA","MUMBAI II","MUMBAI_DYD_URC1 ( GRANT ROAD )",2,"Greater Mumbai_Municipal Corporations","G/South - Ward No. 196",,,,3,3,1,12,5,400018,2,2,3,0,2,19,4,10,0,4,4,1,2,9,0,1,13,10,3,0,0,0
1756195,"MAHARASHTRA","MUMBAI II","MUMBAI_DYD_URC1 ( GRANT ROAD )",2,"Greater Mumbai_Municipal Corporations","D - Ward No. 215",,,,11,3,11,12,4,400034,2,2,3,0,1,19,4,10,0,0,2,1,9,0,230,1,0,0,0,0,0,0
7687395,"MAHARASHTRA","MUMBAI II","MUMBAI_DYD_URC7 ( KANDIVALI (E) )",2,"Greater Mumbai_Municipal Corporations","R/South - Ward No. 27",,,,3,3,5,12,4,400101,2,1,3,0,2,10,4,19,0,2,2,1,9,2,0,1,0,0,0,0,0,0
2217558,"MAHARASHTRA","MUMBAI II","MUMBAI_DYD_URC5 ( ANDHERI )",2,"Greater Mumbai_Municipal Corporations","H/West - Ward No. 101",,,,6,2,5,10,4,400050,2,2,3,0,1,19,0,0,0,2,0,1,9,2,0,1,0,0,0,0,0,0
1041282,"MAHARASHTRA","MUMBAI II","MUMBAI_DYD_URC1 ( GRANT ROAD )",2,"Greater Mumbai_Municipal Corporations","A - Ward No. 225",,,,11,3,11,12,4,400020,2,1,3,0,1,19,0,0,0,0,2,1,9,0,0,1,0,0,0,0,0,0
7323977,"MAHARASHTRA","MUMBAI II","MUMBAI_DYD_URC2 ( SION )",2,"Greater Mumbai_Municipal Corporations","G/North - Ward No. 186",,,,3,3,5,12,5,400017,2,2,3,0,1,19,0,0,0,2,2,1,9,9,0,1,0,0,0,0,0,0
8289719,"MAHARASHTRA","MUMBAI II","MUMBAI_DYD_URC3 ( GHATKOPAR )",2,"Greater Mumbai_Municipal Corporations","N - Ward No. 132",,,,6,3,5,10,4,400077,2,2,3,0,2,19,10,0,0,2,0,1,9,2,230,1,0,0,0,0,0,0
9539310,"MAHARASHTRA","MUMBAI II","MUMBAI_DYD_URC5 ( ANDHERI )",2,"Greater Mumbai_Municipal Corporations","K/East - Ward No. 76",,,,3,3,5,12,5,400093,2,2,3,0,1,19,0,0,0,2,2,1,9,9,120,1,0,0,0,0,0,0
8047115,"MAHARASHTRA","MUMBAI II","MUMBAI_DYD_URC1 ( GRANT ROAD )",2,"Greater Mumbai_Municipal Corporations","G/North - Ward No. 190",,,,3,3,5,12,4,400016,2,2,3,0,2,19,0,0,0,2,2,1,9,2,0,1,0,0,0,0,0,0
8181729,"MAHARASHTRA","MUMBAI II","MUMBAI_DYD_URC4 ( MULUND )",2,"Greater Mumbai_Municipal Corporations","S - Ward No. 119",,,,3,3,5,12,5,400083,2,2,3,0,2,19,10,4,0,2,2,1,9,9,210,1,0,0,0,0,0,0
2526617,"MAHARASHTRA","MUMBAI II","MUMBAI_DYD_URC2 ( SION )",2,"Greater Mumbai_Municipal Corporations","F/North - Ward No. 172",,,,11,3,11,12,5,400022,2,1,3,0,2,19,0,0,0,0,2,1,9,9,220,2,0,0,0,0,0,0
1819800,"MAHARASHTRA","MUMBAI II","MUMBAI_DYD_URC4 ( MULUND )",2,"Greater Mumbai_Municipal Corporations","L - Ward No. 157",,,,5,3,8,12,4,400078,2,2,3,0,2,10,19,0,0,2,2,1,9,0,240,1,0,0,0,0,0,0
8996038,"MAHARASHTRA","MUMBAI II","MUMBAI_DYD_URC7 ( KANDIVALI (E) )",2,"Greater Mumbai_Municipal Corporations","R/North MCGM - Ward No.2",,,,3,3,5,12,4,400068,2,1,3,0,1,3,0,0,0,2,2,1,9,2,220,1,0,0,0,0,0,0
8221599,"MAHARASHTRA","MUMBAI II","MUMBAI_DYD_URC6 ( MALAD (W) )",2,"Greater Mumbai_Municipal Corporations","P/South - Ward No. 50",,,,6,3,5,10,5,400064,2,2,3,0,2,19,0,0,0,2,0,1,9,9,210,1,0,0,0,0,0,0
1805516,"MAHARASHTRA","MUMBAI II","MUMBAI_DYD_URC5 ( ANDHERI )",2,"Greater Mumbai_Municipal Corporations","K/East - Ward No. 84",,,,7,3,8,10,4,400069,2,2,3,0,2,10,0,0,0,2,0,1,9,0,220,1,0,0,0,0,0,0
3755665,"MAHARASHTRA","MUMBAI II","MUMBAI_DYD_URC3 ( GHATKOPAR )",2,"Greater Mumbai_Municipal Corporations","M/West - Ward No. 154",,,,3,3,5,12,4,400074,2,1,3,0,1,19,0,0,0,2,2,1,9,2,220,1,0,0,0,0,0,0
8498201,"MAHARASHTRA","MUMBAI II","MUMBAI_DYD_URC7 ( KANDIVALI (E) )",2,"Greater Mumbai_Municipal Corporations","R/South - Ward No. 22",,,,11,3,11,12,5,400067,2,1,3,0,1,19,4,3,10,0,2,1,9,9,0,1,0,0,0,0,0,0
2537277,"MAHARASHTRA","MUMBAI II","MUMBAI_DYD_URC4 ( MULUND )",2,"Greater Mumbai_Municipal Corporations","S - Ward No. 111",,,,6,3,5,10,5,400042,2,2,3,0,1,19,0,0,0,2,0,1,9,9,219,1,0,0,0,0,0,0
9114561,"MAHARASHTRA","MUMBAI II","MUMBAI_DYD_URC6 ( MALAD (W) )",2,"Greater Mumbai_Municipal Corporations","K/West - Ward No. 64",,,,6,3,1,10,5,400102,2,2,3,0,2,19,4,10,0,4,0,1,1,9,0,1,6,4,2,4,0,0
1063899,"MAHARASHTRA","MUMBAI II","MUMBAI_DYD_URC1 ( GRANT ROAD )",2,"Greater Mumbai_Municipal Corporations","G/North - Ward No. 182",,,,3,3,5,12,4,400016,2,1,3,0,1,19,0,0,0,2,2,1,9,2,0,1,0,0,0,0,0,0
9266066,"MAHARASHTRA","MUMBAI II","MUMBAI_DYD_URC2 ( SION )",2,"Greater Mumbai_Municipal Corporations","F/North - Ward No. 172",,,,6,3,5,10,4,400022,2,2,3,0,1,19,0,0,0,2,0,1,9,2,188,1,0,0,0,0,0,0
6098581,"MAHARASHTRA","MUMBAI II","MUMBAI_DYD_URC7 ( KANDIVALI (E) )",2,"Greater Mumbai_Municipal Corporations","R/South - Ward No. 22",,,,6,3,1,10,5,400067,2,2,3,0,2,19,0,0,0,4,0,1,2,9,0,1,44,32,1,2,0,0
8285583,"MAHARASHTRA","MUMBAI II","MUMBAI_DYD_URC5 ( ANDHERI )",2,"Greater Mumbai_Municipal Corporations","K/East - Ward No. 84",,,,6,3,5,10,5,400057,2,2,3,0,2,19,0,0,0,2,0,1,9,9,234,2,0,0,0,0,0,0
4755429,"MAHARASHTRA","MUMBAI II","MUMBAI_DYD_URC2 ( SION )",2,"Greater Mumbai_Municipal Corporations","F/South - Ward No. 204",,,,5,3,8,12,4,400012,2,2,3,0,2,10,19,0,0,2,2,1,9,0,0,1,0,0,0,0,0,0
3351589,"MAHARASHTRA","MUMBAI II","MUMBAI_DYD_URC6 ( MALAD (W) )",2,"Greater Mumbai_Municipal Corporations","P/North - Ward No. 35",,,,6,3,5,10,5,400064,2,2,3,0,1,19,0,0,0,2,0,1,9,9,220,1,0,0,0,0,0,0
5432094,"MAHARASHTRA","MUMBAI II","MUMBAI_DYD_URC5 ( ANDHERI )",2,"Greater Mumbai_Municipal Corporations","H/West - Ward No. 97",,,,3,3,1,12,5,400054,2,1,3,0,1,19,0,0,0,3,3,1,2,9,220,1,2,0,71,39,0,0
4040243,"MAHARASHTRA","MUMBAI II","MUMBAI_DYD_URC4 ( MULUND )",2,"Greater Mumbai_Municipal Corporations","L - Ward No. 159",,,,3,3,5,12,4,400072,2,1,3,0,1,18,19,0,0,2,2,1,9,2,230,1,0,0,0,0,0,0
5813599,"MAHARASHTRA","MUMBAI II","MUMBAI_DYD_URC5 ( ANDHERI )",2,"Greater Mumbai_Municipal Corporations","H/East - Ward No. 88",,,,6,3,5,10,4,400055,2,2,3,0,2,10,0,0,0,2,0,1,9,2,234,1,0,0,0,0,0,0
6787505,"MAHARASHTRA","MUMBAI II","MUMBAI_DYD_URC1 ( GRANT ROAD )",2,"Greater Mumbai_Municipal Corporations","G/North - Ward No. 190",,,,6,2,5,10,4,400016,2,1,3,0,1,19,0,0,0,2,0,1,9,2,0,1,0,0,0,0,0,0
4458923,"MAHARASHTRA","MUMBAI II","MUMBAI_DYD_URC6 ( MALAD (W) )",2,"Greater Mumbai_Municipal Corporations","P/North - Ward No. 35",,,,3,3,1,12,5,400064,2,2,3,0,1,19,0,0,0,2,2,1,1,9,0,2,7,16,2,2,0,0
6484058,"MAHARASHTRA","MUMBAI II","MUMBAI_DYD_URC7 ( KANDIVALI (E) )",2,"Greater Mumbai_Municipal Corporations","R/North - Ward No. 8",,,,6,3,1,10,5,400103,2,2,3,0,1,19,0,0,0,3,0,1,2,9,201,1,86,79,3,4,0,0
9247547,"MAHARASHTRA","MUMBAI II","MUMBAI_DYD_URC3 ( GHATKOPAR )",2,"Greater Mumbai_Municipal Corporations","N - Ward No. 133",,,,1,3,1,5,5,400077,2,2,3,0,2,19,4,10,0,0,0,1,1,9,218,1,0,0,0,0,0,0
6485342,"MAHARASHTRA","MUMBAI II","MUMBAI_DYD_URC6 ( MALAD (W) )",2,"Greater Mumbai_Municipal Corporations","P/North - Ward No. 32",,,,3,3,5,12,5,400095,2,2,3,0,2,19,0,0,0,4,4,1,9,9,208,1,0,0,0,0,0,0
7211109,"MAHARASHTRA","MUMBAI II","MUMBAI_DYD_URC6 ( MALAD (W) )",2,"Greater Mumbai_Municipal Corporations","P/North - Ward No. 43",,,,6,3,5,10,4,400097,2,2,3,0,1,18,0,0,0,2,0,1,9,2,0,1,0,0,0,0,0,0
6117239,"MAHARASHTRA","MUMBAI II","MUMBAI_DYD_URC6 ( MALAD (W) )",2,"Greater Mumbai_Municipal Corporations","P/North - Ward No. 37",,,,6,3,5,10,5,400091,2,2,3,0,1,19,4,10,0,2,0,1,9,9,0,1,0,0,0,0,0,0
1677116,"MAHARASHTRA","MUMBAI II","MUMBAI_DYD_URC4 ( MULUND )",2,"Greater Mumbai_Municipal Corporations","L - Ward No. 171",,,,6,3,5,10,5,400022,2,1,3,0,2,10,0,0,0,2,0,1,9,9,220,1,0,0,0,0,0,0
7484403,"MAHARASHTRA","MUMBAI II","MUMBAI_DYD_URC5 ( ANDHERI )",2,"Greater Mumbai_Municipal Corporations","K/East - Ward No. 81",,,,6,3,5,10,4,400069,2,1,3,0,1,19,0,0,0,2,0,1,9,2,235,1,0,0,0,0,0,0
5605009,"MAHARASHTRA","MUMBAI II","MUMBAI_DYD_URC6 ( MALAD (W) )",2,"Greater Mumbai_Municipal Corporations","P/South - Ward No. 57",,,,6,3,5,10,5,400102,2,1,3,0,1,19,0,0,0,2,0,1,9,9,0,1,0,0,0,0,0,0
5047220,"MAHARASHTRA","MUMBAI II","MUMBAI_DYD_URC5 ( ANDHERI )",2,"Greater Mumbai_Municipal Corporations","K/East - Ward No. 73",,,,3,3,1,12,5,400060,2,2,3,0,1,19,0,0,0,4,4,1,2,9,186,1,51,38,0,1,0,0
9097237,"MAHARASHTRA","MUMBAI II","MUMBAI_DYD_URC1 ( GRANT ROAD )",2,"Greater Mumbai_Municipal Corporations","A - Ward No. 225",,,,7,3,8,10,4,400005,2,2,3,0,2,10,0,0,0,2,0,1,9,0,230,1,0,0,0,0,0,0
9858757,"MAHARASHTRA","MUMBAI II","MUMBAI_DYD_URC2 ( SION )",2,"Greater Mumbai_Municipal Corporations","E - Ward No. 211",,,,6,3,5,10,5,400008,2,2,3,0,1,19,0,0,0,2,0,1,9,9,220,1,0,0,0,0,0,0
7346596,"MAHARASHTRA","MUMBAI II","MUMBAI_DYD_URC6 ( MALAD (W) )",2,"Greater Mumbai_Municipal Corporations","K/West - Ward No. 70",,,,3,3,5,12,5,400056,2,1,3,0,1,19,0,0,0,2,2,1,9,9,220,1,0,0,0,0,0,0
1149949,"MAHARASHTRA","MUMBAI II","MUMBAI_DYD_URC7 ( KANDIVALI (E) )",2,"Greater Mumbai_Municipal Corporations","R/South - Ward No. 20",,,,6,3,5,10,4,400067,2,2,3,0,1,4,0,0,0,2,0,1,9,2,230,1,0,0,0,0,0,0
9235683,"MAHARASHTRA","MUMBAI II","MUMBAI_DYD_URC4 ( MULUND )",2,"Greater Mumbai_Municipal Corporations","T - Ward No. 108",,,,6,2,5,10,4,400080,2,2,3,0,1,19,0,0,0,2,0,1,9,2,230,1,0,0,0,0,0,0
7947893,"MAHARASHTRA","MUMBAI II","MUMBAI_DYD_URC2 ( SION )",2,"Greater Mumbai_Municipal Corporations","F/North - Ward No. 177",,,,11,3,11,12,4,400019,2,2,3,0,2,19,0,0,0,0,2,1,9,0,0,1,0,0,0,0,0,0
3365949,"MAHARASHTRA","MUMBAI II","MUMBAI_DYD_URC1 ( GRANT ROAD )",2,"Greater Mumbai_Municipal Corporations","A - Ward No. 225",,,,3,3,5,12,5,400001,2,2,3,0,1,19,0,0,0,2,2,1,9,9,0,1,0,0,0,0,0,0
5859926,"MAHARASHTRA","MUMBAI II","MUMBAI_DYD_URC2 ( SION )",2,"Greater Mumbai_Municipal Corporations","F/North - Ward No. 176",,,,7,3,8,10,5,400037,2,2,3,0,2,4,0,0,0,2,0,1,9,9,0,2,0,0,0,0,0,0
8375713,"MAHARASHTRA","MUMBAI II","MUMBAI_DYD_URC4 ( MULUND )",2,"Greater Mumbai_Municipal Corporations","T - Ward No. 104",,,,7,3,8,10,4,400080,2,2,3,0,2,10,0,0,0,2,0,1,9,0,0,1,0,0,0,0,0,0
4313568,"MAHARASHTRA","MUMBAI II","MUMBAI_DYD_URC3 ( GHATKOPAR )",2,"Greater Mumbai_Municipal Corporations","M/East - Ward No. 146",,,,3,3,1,12,92,400088,2,2,3,0,2,19,0,0,0,1,1,1,2,2,200,1,0,0,11,12,0,0
8453454,"MAHARASHTRA","MUMBAI II","MUMBAI_DYD_URC5 ( ANDHERI )",2,"Greater Mumbai_Municipal Corporations","H/West - Ward No. 99",,,,6,3,5,10,5,400052,2,1,3,0,2,19,0,0,0,2,0,1,9,9,0,1,0,0,0,0,0,0
2393991,"MAHARASHTRA","MUMBAI II","MUMBAI_DYD_URC2 ( SION )",2,"Greater Mumbai_Municipal Corporations","G/North - Ward No. 186",,,,6,3,5,10,5,400017,2,2,3,0,2,19,0,0,0,2,0,1,9,9,236,2,0,0,0,0,0,0
1826186,"MAHARASHTRA","MUMBAI II","MUMBAI_DYD_URC3 ( GHATKOPAR )",2,"Greater Mumbai_Municipal Corporations","N - Ward No. 131",,,,3,3,5,12,4,400075,2,2,3,0,2,10,19,0,0,2,2,1,9,2,0,1,0,0,0,0,0,0
3216386,"MAHARASHTRA","MUMBAI II","MUMBAI_DYD_URC1 ( GRANT ROAD )",2,"Greater Mumbai_Municipal Corporations","A - Ward No. 225",,,,11,2,11,12,4,400020,2,1,3,0,1,19,0,0,0,0,2,1,9,0,232,1,0,0,0,0,0,0
7869270,"MAHARASHTRA","MUMBAI II","MUMBAI_DYD_URC3 ( GHATKOPAR )",2,"Greater Mumbai_Municipal Corporations","M/West - Ward No. 153",,,,6,3,1,10,5,400088,2,1,3,0,2,19,10,4,0,2,0,1,2,9,0,2,36,26,3,6,1,0
4069670,"MAHARASHTRA","MUMBAI II","MUMBAI_DYD_URC6 ( MALAD (W) )",2,"Greater Mumbai_Municipal Corporations","K/West - Ward No. 60",,,,6,3,1,10,5,400058,2,2,3,0,2,19,0,0,0,3,0,1,2,9,0,1,23,27,10,8,0,0
2943390,"MAHARASHTRA","MUMBAI II","MUMBAI_DYD_URC7 ( KANDIVALI (E) )",2,"Greater Mumbai_Municipal Corporations","R/South - Ward No. 19",,,,6,3,5,10,5,400067,2,2,3,0,1,19,10,4,0,2,0,1,9,9,213,1,0,0,0,0,0,0
5628847,"MAHARASHTRA","MUMBAI II","MUMBAI_DYD_URC7 ( KANDIVALI (E) )",2,"Greater Mumbai_Municipal Corporations","R/Central - Ward No. 15",,,,6,3,1,10,5,400091,2,2,3,0,1,19,0,0,0,1,0,1,1,9,0,1,5,3,0,0,0,0
3030048,"MAHARASHTRA","MUMBAI II","MUMBAI_DYD_URC3 ( GHATKOPAR )",2,"Greater Mumbai_Municipal Corporations","M/West - Ward No. 152",,,,6,1,5,10,4,400071,2,2,3,0,1,19,10,4,0,2,0,1,9,2,235,1,0,0,0,0,0,0
3356003,"MAHARASHTRA","MUMBAI II","MUMBAI_DYD_URC5 ( ANDHERI )",2,"Greater Mumbai_Municipal Corporations","K/East - Ward No. 85",,,,11,3,11,12,5,400057,2,2,3,0,2,19,4,10,0,0,2,1,9,9,225,1,0,0,0,0,0,0
5008125,"MAHARASHTRA","MUMBAI II","MUMBAI_DYD_URC1 ( GRANT ROAD )",2,"Greater Mumbai_Municipal Corporations","D - Ward No. 216",,,,11,3,11,12,4,400004,2,2,3,0,2,19,0,0,0,0,2,1,9,0,230,1,0,0,0,0,0,0
9461713,"MAHARASHTRA","MUMBAI II","MUMBAI_DYD_URC1 ( GRANT ROAD )",2,"Greater Mumbai_Municipal Corporations","G/North - Ward No. 192",,,,3,3,1,12,5,400028,2,1,3,0,2,19,0,0,0,1,1,1,2,9,220,1,35,27,1,3,0,0
5329567,"MAHARASHTRA","MUMBAI II","MUMBAI_DYD_URC1 ( GRANT ROAD )",2,"Greater Mumbai_Municipal Corporations","G/South - Ward No. 195",,,,6,3,5,10,5,400013,2,2,3,0,2,19,0,0,0,2,0,1,9,9,0,1,0,0,0,0,0,0
1738272,"MAHARASHTRA","MUMBAI II","MUMBAI_DYD_URC2 ( SION )",2,"Greater Mumbai_Municipal Corporations","E - Ward No. 211",,,,6,3,5,10,5,400008,2,2,3,0,2,19,0,0,0,2,0,1,9,9,198,1,0,0,0,0,0,0
1742829,"MAHARASHTRA","MUMBAI II","MUMBAI_DYD_URC2 ( SION )",2,"Greater Mumbai_Municipal Corporations","E - Ward No. 211",,,,6,3,1,10,5,400008,2,2,3,0,1,19,0,0,0,4,0,1,1,9,0,1,6,4,2,1,0,0
9016220,"MAHARASHTRA","MUMBAI II","MUMBAI_DYD_URC7 ( KANDIVALI (E) )",2,"Greater Mumbai_Municipal Corporations","R/Central - Ward No. 12",,,,6,3,1,10,5,400066,2,2,3,0,1,19,0,0,0,1,0,1,1,9,0,1,43,34,2,2,0,0
4857915,"MAHARASHTRA","MUMBAI II","MUMBAI_DYD_URC2 ( SION )",2,"Greater Mumbai_Municipal Corporations","G/North - Ward No. 189",,,,3,3,5,12,5,400019,2,1,3,0,1,19,0,0,0,2,2,1,9,9,225,1,0,0,0,0,0,0
2811298,"MAHARASHTRA","MUMBAI II","MUMBAI_DYD_URC4 ( MULUND )",2,"Greater Mumbai_Municipal Corporations","S - Ward No. 119",,,,6,3,5,10,5,400083,2,1,3,0,2,19,0,0,0,2,0,1,9,9,220,1,0,0,0,0,0,0
4876621,"MAHARASHTRA","MUMBAI II","MUMBAI_DYD_URC1 ( GRANT ROAD )",2,"Greater Mumbai_Municipal Corporations","G/North - Ward No. 192",,,,3,3,5,12,4,400028,2,2,3,0,2,10,19,0,0,2,2,1,9,2,0,1,0,0,0,0,0,0
8314918,"MAHARASHTRA","MUMBAI II","MUMBAI_DYD_URC5 ( ANDHERI )",2,"Greater Mumbai_Municipal Corporations","H/East - Ward No. 87",,,,6,3,5,10,4,400055,2,2,3,0,1,3,0,0,0,2,0,1,9,2,233,1,0,0,0,0,0,0
8225644,"MAHARASHTRA","MUMBAI II","MUMBAI_DYD_URC6 ( MALAD (W) )",2,"Greater Mumbai_Municipal Corporations","K/West - Ward No. 62",,,,6,3,5,10,4,400102,2,2,3,0,1,4,18,0,0,2,0,1,9,2,0,1,0,0,0,0,0,0
2052770,"MAHARASHTRA","MUMBAI II","MUMBAI_DYD_URC6 ( MALAD (W) )",2,"Greater Mumbai_Municipal Corporations","P/North - Ward No. 39",,,,8,3,9,10,5,400104,2,2,3,0,2,19,0,0,0,2,0,1,9,9,230,2,0,0,0,0,0,0
3618293,"MAHARASHTRA","MUMBAI II","MUMBAI_DYD_URC7 ( KANDIVALI (E) )",2,"Greater Mumbai_Municipal Corporations","R/South - Ward No. 28",,,,3,3,5,12,4,400101,2,1,3,0,1,4,10,19,0,2,2,1,9,2,206,1,0,0,0,0,0,0
2747430,"MAHARASHTRA","MUMBAI II","MUMBAI_DYD_URC3 ( GHATKOPAR )",2,"Greater Mumbai_Municipal Corporations","N - Ward No. 123",,,,7,3,8,10,5,400079,2,2,3,0,2,19,0,0,0,2,0,1,9,9,0,1,0,0,0,0,0,0
5742752,"MAHARASHTRA","MUMBAI II","MUMBAI_DYD_URC5 ( ANDHERI )",2,"Greater Mumbai_Municipal Corporations","H/West - Ward No. 97",,,,6,3,5,10,5,400052,2,2,3,0,1,19,0,0,0,2,0,1,9,9,0,1,0,0,0,0,0,0
9756694,"MAHARASHTRA","MUMBAI II","MUMBAI_DYD_URC4 ( MULUND )",2,"Greater Mumbai_Municipal Corporations","S - Ward No. 117",,,,6,3,5,10,4,400042,2,2,3,0,2,10,0,0,0,2,0,1,9,2,0,1,0,0,0,0,0,0
8806027,"MAHARASHTRA","MUMBAI II","MUMBAI_DYD_URC6 ( MALAD (W) )",2,"Greater Mumbai_Municipal Corporations","K/West - Ward No. 63",,,,6,3,1,10,5,400053,2,2,3,0,2,19,0,0,0,1,0,1,1,9,0,1,6,5,1,0,0,0
1764494,"MAHARASHTRA","MUMBAI II","MUMBAI_DYD_URC2 ( SION )",2,"Greater Mumbai_Municipal Corporations","F/North - Ward No. 177",,,,6,3,5,10,4,400014,2,2,3,0,2,10,0,0,0,2,0,1,9,2,197,1,0,0,0,0,0,0
9165340,"MAHARASHTRA","MUMBAI II","MUMBAI_DYD_URC7 ( KANDIVALI (E) )",2,"Greater Mumbai_Municipal Corporations","R/North - Ward No. 6",,,,6,3,5,10,4,400068,2,2,3,0,1,4,0,0,0,2,0,1,9,2,0,1,0,0,0,0,0,0
4586857,"MAHARASHTRA","MUMBAI II","MUMBAI_DYD_URC6 ( MALAD (W) )",2,"Greater Mumbai_Municipal Corporations","P/North - Ward No. 33",,,,6,3,5,10,5,400095,2,1,3,0,1,19,0,0,0,2,0,1,9,9,0,1,0,0,0,0,0,0
2911938,"MAHARASHTRA","MUMBAI II","MUMBAI_DYD_URC4 ( MULUND )",2,"Greater Mumbai_Municipal Corporations","L - Ward No. 171",,,,6,3,5,10,4,400022,2,2,3,0,2,10,0,0,0,2,0,1,9,2,218,1,0,0,0,0,0,0
7483425,"MAHARASHTRA","MUMBAI II","MUMBAI_DYD_URC3 ( GHATKOPAR )",2,"Greater Mumbai_Municipal Corporations","N - Ward No. 128",,,,11,3,11,12,5,400086,2,2,3,0,1,19,0,0,0,0,2,1,9,9,0,1,0,0,0,0,0,0
8867821,"MAHARASHTRA","MUMBAI II","MUMBAI_DYD_URC2 ( SION )",2,"Greater Mumbai_Municipal Corporations","G/North - Ward No. 186",,,,6,3,1,10,5,400019,2,1,3,0,2,19,0,0,0,2,0,1,1,9,220,1,5,3,3,2,0,0
2919852,"MAHARASHTRA","MUMBAI II","MUMBAI_DYD_URC2 ( SION )",2,"Greater Mumbai_Municipal Corporations","F/South - Ward No. 202",,,,6,1,5,10,4,400014,2,2,3,0,1,19,0,0,0,2,0,1,9,2,220,1,0,0,0,0,0,0
6107887,"MAHARASHTRA","MUMBAI II","MUMBAI_DYD_URC6 ( MALAD (W) )",2,"Greater Mumbai_Municipal Corporations","K/West - Ward No. 63",,,,3,3,1,12,5,400058,2,2,3,0,1,19,0,0,0,1,1,1,2,9,0,1,21,17,11,4,0,0
6851636,"MAHARASHTRA","MUMBAI II","MUMBAI_DYD_URC6 ( MALAD (W) )",2,"Greater Mumbai_Municipal Corporations","P/North - Ward No. 38",,,,3,3,5,12,4,400097,2,2,3,0,1,10,0,0,0,2,2,1,9,2,220,1,0,0,0,0,0,0
4383492,"MAHARASHTRA","MUMBAI II","MUMBAI_DYD_URC2 ( SION )",2,"Greater Mumbai_Municipal Corporations","F/South - Ward No. 201",,,,3,3,5,12,4,400013,2,1,3,0,2,19,0,0,0,2,2,1,9,2,234,1,0,0,0,0,0,0
2418886,"MAHARASHTRA","MUMBAI II","MUMBAI_DYD_URC1 ( GRANT ROAD )",2,"Greater Mumbai_Municipal Corporations","G/South - Ward No. 195",,,,6,3,5,10,4,400013,2,2,3,0,2,10,0,0,0,2,0,1,9,2,0,2,0,0,0,0,0,0
3047887,"MAHARASHTRA","MUMBAI II","MUMBAI_DYD_URC2 ( SION )",2,"Greater Mumbai_Municipal Corporations","F/North - Ward No. 180",,,,6,3,5,10,4,400014,2,2,3,0,2,10,0,0,0,2,0,1,9,2,220,1,0,0,0,0,0,0
2497115,"MAHARASHTRA","MUMBAI II","MUMBAI_DYD_URC1 ( GRANT ROAD )",2,"Greater Mumbai_Municipal Corporations","A - Ward No. 225",,,,6,2,5,10,5,400001,2,2,3,0,2,19,0,0,0,2,0,1,9,9,0,1,0,0,0,0,0,0
4495333,"MAHARASHTRA","MUMBAI II","MUMBAI_DYD_URC7 ( KANDIVALI (E) )",2,"Greater Mumbai_Municipal Corporations","R/South - Ward No. 26",,,,6,3,5,10,5,400101,2,2,1,3,2,19,10,4,0,2,0,1,9,9,0,2,0,0,0,0,0,0
9394203,"MAHARASHTRA","MUMBAI II","MUMBAI_DYD_URC2 ( SION )",2,"Greater Mumbai_Municipal Corporations","F/South - Ward No. 204",,,,10,3,9,12,4,400012,2,2,3,0,2,10,19,0,0,2,2,1,9,0,249,2,0,0,0,0,0,0
4523054,"MAHARASHTRA","MUMBAI II","MUMBAI_DYD_URC5 ( ANDHERI )",2,"Greater Mumbai_Municipal Corporations","H/West - Ward No. 101",,,,6,1,5,10,4,400064,2,1,3,0,1,19,0,0,0,2,0,1,9,2,230,1,0,0,0,0,0,0
9859896,"MAHARASHTRA","MUMBAI II","MUMBAI_DYD_URC6 ( MALAD (W) )",2,"Greater Mumbai_Municipal Corporations","P/South - Ward No. 55",,,,3,3,1,12,5,400102,2,1,3,0,2,19,4,10,0,3,3,1,2,9,0,1,41,44,24,24,0,0
8524026,"MAHARASHTRA","MUMBAI II","MUMBAI_DYD_URC6 ( MALAD (W) )",2,"Greater Mumbai_Municipal Corporations","P/North - Ward No. 35",,,,6,3,1,10,5,400064,2,1,3,0,1,19,0,0,0,3,0,1,1,9,0,2,27,18,7,4,0,0
3179082,"MAHARASHTRA","MUMBAI II","MUMBAI_DYD_URC3 ( GHATKOPAR )",2,"Greater Mumbai_Municipal Corporations","M/East - Ward No. 138",,,,6,3,5,10,5,400043,2,2,3,0,2,19,0,0,0,2,0,1,9,9,230,1,0,0,0,0,0,0
1800674,"MAHARASHTRA","MUMBAI II","MUMBAI_DYD_URC5 ( ANDHERI )",2,"Greater Mumbai_Municipal Corporations","K/East - Ward No. 85",,,,10,3,9,12,4,400057,2,2,3,0,2,10,19,0,0,2,2,1,9,0,220,1,0,0,0,0,0,0
9585040,"MAHARASHTRA","MUMBAI II","MUMBAI_DYD_URC1 ( GRANT ROAD )",2,"Greater Mumbai_Municipal Corporations","B - Ward No. 224",,,,6,2,5,10,4,400009,2,2,3,0,1,19,0,0,0,2,0,1,9,2,220,1,0,0,0,0,0,0
1847084,"MAHARASHTRA","MUMBAI II","MUMBAI_DYD_URC4 ( MULUND )",2,"Greater Mumbai_Municipal Corporations","L - Ward No. 158",,,,6,3,5,10,5,400072,2,2,3,0,1,19,0,0,0,2,0,1,9,9,0,1,0,0,0,0,0,0
6809792,"MAHARASHTRA","MUMBAI II","MUMBAI_DYD_URC6 ( MALAD (W) )",2,"Greater Mumbai_Municipal Corporations","P/North - Ward No. 34",,,,7,3,8,10,4,400095,2,2,3,0,1,4,0,0,0,2,0,1,9,0,220,1,0,0,0,0,0,0
1170949,"MAHARASHTRA","MUMBAI II","MUMBAI_DYD_URC4 ( MULUND )",2,"Greater Mumbai_Municipal Corporations","T - Ward No. 103",,,,3,3,1,12,5,400080,2,2,3,0,2,19,0,0,0,3,3,1,2,9,181,1,3,4,73,72,0,0
5425491,"MAHARASHTRA","MUMBAI II","MUMBAI_DYD_URC7 ( KANDIVALI (E) )",2,"Greater Mumbai_Municipal Corporations","R/South - Ward No. 20",,,,6,3,5,10,4,400067,2,1,3,0,1,4,0,0,0,2,0,1,9,2,223,1,0,0,0,0,0,0
8678137,"MAHARASHTRA","MUMBAI II","MUMBAI_DYD_URC5 ( ANDHERI )",2,"Greater Mumbai_Municipal Corporations","H/West - Ward No. 100",,,,6,2,5,10,4,400050,2,2,3,0,1,19,0,0,0,2,0,1,9,2,220,1,0,0,0,0,0,0
9351213,"MAHARASHTRA","MUMBAI II","MUMBAI_DYD_URC7 ( KANDIVALI (E) )",2,"Greater Mumbai_Municipal Corporations","R/South - Ward No. 22",,,,6,3,1,10,5,400067,2,2,3,0,1,19,0,0,0,3,0,1,2,9,210,1,132,116,3,1,0,0
8082017,"MAHARASHTRA","MUMBAI II","MUMBAI_DYD_URC3 ( GHATKOPAR )",2,"Greater Mumbai_Municipal Corporations","N - Ward No. 130",,,,6,3,5,10,4,400086,2,1,3,0,1,4,19,0,0,2,0,1,9,2,0,1,0,0,0,0,0,0
7929977,"MAHARASHTRA","MUMBAI II","MUMBAI_DYD_URC4 ( MULUND )",2,"Greater Mumbai_Municipal Corporations","S - Ward No. 113",,,,6,3,5,10,5,400078,2,1,3,0,2,19,0,0,0,2,0,1,9,9,227,1,0,0,0,0,0,0
2985256,"MAHARASHTRA","MUMBAI II","MUMBAI_DYD_URC3 ( GHATKOPAR )",2,"Greater Mumbai_Municipal Corporations","M/East - Ward No. 144",,,,5,3,8,12,4,400088,2,2,3,0,2,10,19,0,0,2,2,1,9,0,0,1,0,0,0,0,0,0
7231251,"MAHARASHTRA","MUMBAI II","MUMBAI_DYD_URC4 ( MULUND )",2,"Greater Mumbai_Municipal Corporations","L - Ward No. 166",,,,6,3,5,10,4,400070,2,2,3,0,2,10,0,0,0,2,0,1,9,2,231,1,0,0,0,0,0,0
8202877,"MAHARASHTRA","MUMBAI II","MUMBAI_DYD_URC3 ( GHATKOPAR )",2,"Greater Mumbai_Municipal Corporations","N - Ward No. 129",,,,6,1,5,10,4,400086,2,2,3,0,1,18,0,0,0,2,0,1,9,2,0,1,0,0,0,0,0,0
4323929,"MAHARASHTRA","MUMBAI II","MUMBAI_DYD_URC2 ( SION )",2,"Greater Mumbai_Municipal Corporations","F/South - Ward No. 202",,,,2,1,5,7,4,400014,2,2,3,0,1,19,0,0,0,0,0,1,9,2,0,1,0,0,0,0,0,0
8386719,"MAHARASHTRA","MUMBAI II","MUMBAI_DYD_URC6 ( MALAD (W) )",2,"Greater Mumbai_Municipal Corporations","P/South - Ward No. 57",,,,6,2,5,10,4,400056,2,2,3,0,1,19,0,0,0,2,0,1,9,2,220,1,0,0,0,0,0,0
2340969,"MAHARASHTRA","MUMBAI II","MUMBAI_DYD_URC5 ( ANDHERI )",2,"Greater Mumbai_Municipal Corporations","K/East - Ward No. 86",,,,3,3,5,12,4,400059,2,2,3,0,1,18,19,0,0,2,2,1,9,2,236,1,0,0,0,0,0,0
7561858,"MAHARASHTRA","MUMBAI II","MUMBAI_DYD_URC5 ( ANDHERI )",2,"Greater Mumbai_Municipal Corporations","K/East - Ward No. 73",,,,3,3,5,12,5,400060,2,2,3,0,1,19,0,0,0,2,2,1,9,9,230,1,0,0,0,0,0,0
7095600,"MAHARASHTRA","MUMBAI II","MUMBAI_DYD_URC2 ( SION )",2,"Greater Mumbai_Municipal Corporations","E - Ward No. 211",,,,3,2,5,12,4,400008,2,2,3,0,1,18,19,0,0,2,2,1,9,2,0,1,0,0,0,0,0,0
3139018,"MAHARASHTRA","MUMBAI II","MUMBAI_DYD_URC7 ( KANDIVALI (E) )",2,"Greater Mumbai_Municipal Corporations","R/North - Ward No. 5",,,,6,3,5,10,4,400068,2,1,3,0,1,3,4,10,0,2,0,1,9,2,230,1,0,0,0,0,0,0
8051654,"MAHARASHTRA","MUMBAI II","MUMBAI_DYD_URC6 ( MALAD (W) )",2,"Greater Mumbai_Municipal Corporations","K/West - Ward No. 61",,,,3,3,1,12,5,400102,2,2,3,0,2,19,4,10,0,1,1,1,2,9,0,1,17,12,1,1,0,0
1681253,"MAHARASHTRA","MUMBAI II","MUMBAI_DYD_URC6 ( MALAD (W) )",2,"Greater Mumbai_Municipal Corporations","P/North - Ward No. 43",,,,6,3,5,10,4,400097,2,2,3,0,2,10,0,0,0,2,0,1,9,2,0,1,0,0,0,0,0,0
2465710,"MAHARASHTRA","MUMBAI II","MUMBAI_DYD_URC3 ( GHATKOPAR )",2,"Greater Mumbai_Municipal Corporations","N - Ward No. 129",,,,6,3,5,10,4,400086,2,2,3,0,2,10,4,19,0,2,0,1,9,2,236,1,0,0,0,0,0,0
9996501,"MAHARASHTRA","MUMBAI II","MUMBAI_DYD_URC7 ( KANDIVALI (E) )",2,"Greater Mumbai_Municipal Corporations","R/Central - Ward No. 18",,,,6,3,5,10,5,400067,2,2,3,0,1,19,0,0,0,2,0,1,9,9,208,1,0,0,0,0,0,0
8248202,"MAHARASHTRA","MUMBAI II","MUMBAI_DYD_URC7 ( KANDIVALI (E) )",2,"Greater Mumbai_Municipal Corporations","R/South - Ward No. 25",,,,3,3,5,12,4,400101,2,2,3,0,2,10,19,0,0,2,2,1,9,2,0,1,0,0,0,0,0,0
2370201,"MAHARASHTRA","MUMBAI II","MUMBAI_DYD_URC5 ( ANDHERI )",2,"Greater Mumbai_Municipal Corporations","K/East - Ward No. 80",,,,6,3,1,10,5,400069,2,2,3,0,1,19,0,0,0,3,0,1,2,9,194,1,0,1,38,65,0,0
5524262,"MAHARASHTRA","MUMBAI II","MUMBAI_DYD_URC1 ( GRANT ROAD )",2,"Greater Mumbai_Municipal Corporations","G/North - Ward No. 190",,,,6,3,5,10,4,400016,2,1,3,0,2,10,19,0,0,2,0,1,9,2,220,1,0,0,0,0,0,0
5986673,"MAHARASHTRA","MUMBAI II","MUMBAI_DYD_URC1 ( GRANT ROAD )",2,"Greater Mumbai_Municipal Corporations","G/South - Ward No. 193",,,,6,3,1,10,5,400030,2,2,3,0,2,19,0,0,0,2,0,1,2,9,0,1,0,0,0,0,0,1
9352514,"MAHARASHTRA","MUMBAI II","MUMBAI_DYD_URC5 ( ANDHERI )",2,"Greater Mumbai_Municipal Corporations","H/West - Ward No. 102",,,,7,3,8,10,4,400050,2,1,3,0,2,10,0,0,0,2,0,1,9,0,0,1,0,0,0,0,0,0
1812972,"MAHARASHTRA","MUMBAI II","MUMBAI_DYD_URC6 ( MALAD (W) )",2,"Greater Mumbai_Municipal Corporations","P/South - Ward No. 54",,,,6,3,5,10,4,400102,2,1,3,0,2,10,0,0,0,2,0,1,9,2,0,1,0,0,0,0,0,0
5055837,"MAHARASHTRA","MUMBAI II","MUMBAI_DYD_URC4 ( MULUND )",2,"Greater Mumbai_Municipal Corporations","L - Ward No. 159",,,,3,3,5,12,4,400072,2,2,3,0,2,10,19,0,0,2,2,1,9,2,0,1,0,0,0,0,0,0
5117013,"MAHARASHTRA","MUMBAI II","MUMBAI_DYD_URC3 ( GHATKOPAR )",2,"Greater Mumbai_Municipal Corporations","M/West - Ward No. 155",,,,6,3,1,10,5,400074,2,2,3,0,1,19,0,0,0,3,0,1,2,9,0,2,28,45,20,16,1,0
6170707,"MAHARASHTRA","MUMBAI II","MUMBAI_DYD_URC7 ( KANDIVALI (E) )",2,"Greater Mumbai_Municipal Corporations","R/South - Ward No. 21",,,,6,3,5,10,4,400067,2,2,3,0,1,19,0,0,0,2,0,1,9,2,205,1,0,0,0,0,0,0
1938172,"MAHARASHTRA","MUMBAI II","MUMBAI_DYD_URC6 ( MALAD (W) )",2,"Greater Mumbai_Municipal Corporations","R/South - Ward No. 27",,,,6,3,1,10,5,400097,2,2,3,0,2,19,0,0,0,3,0,1,2,9,219,1,0,0,1,0,31,24
8665131,"MAHARASHTRA","MUMBAI II","MUMBAI_DYD_URC6 ( MALAD (W) )",2,"Greater Mumbai_Municipal Corporations","P/South - Ward No. 56",,,,11,3,11,12,5,400102,2,2,3,0,2,19,4,10,0,0,2,1,9,9,230,1,0,0,0,0,0,0
4376148,"MAHARASHTRA","MUMBAI II","MUMBAI_DYD_URC5 ( ANDHERI )",2,"Greater Mumbai_Municipal Corporations","K/East - Ward No. 72",,,,6,3,5,10,4,400069,2,2,3,0,2,10,0,0,0,2,0,1,9,2,232,1,0,0,0,0,0,0
6799056,"MAHARASHTRA","MUMBAI II","MUMBAI_DYD_URC1 ( GRANT ROAD )",2,"Greater Mumbai_Municipal Corporations","D - Ward No. 214",,,,3,3,1,12,5,400034,2,2,3,0,1,19,0,0,0,4,4,1,2,9,0,1,18,9,0,0,0,0
6400704,"MAHARASHTRA","MUMBAI II","MUMBAI_DYD_URC6 ( MALAD (W) )",2,"Greater Mumbai_Municipal Corporations","P/North - Ward No. 37",,,,6,3,5,10,5,400097,2,2,3,0,1,19,10,4,0,2,0,1,9,9,0,1,0,0,0,0,0,0
6434917,"MAHARASHTRA","MUMBAI II","MUMBAI_DYD_URC2 ( SION )",2,"Greater Mumbai_Municipal Corporations","F/South - Ward No. 204",,,,5,3,8,12,4,400012,2,1,3,0,2,10,19,0,0,2,2,1,9,0,0,1,0,0,0,0,0,0
6694053,"MAHARASHTRA","MUMBAI II","MUMBAI_DYD_URC5 ( ANDHERI )",2,"Greater Mumbai_Municipal Corporations","H/West - Ward No. 102",,,,7,3,8,10,4,400050,2,2,3,0,1,18,0,0,0,2,0,1,9,0,233,1,0,0,0,0,0,0
9376347,"MAHARASHTRA","MUMBAI II","MUMBAI_DYD_URC4 ( MULUND )",2,"Greater Mumbai_Municipal Corporations","S - Ward No. 111",,,,11,3,11,12,4,400042,2,2,3,0,1,19,4,10,0,0,2,1,9,0,231,1,0,0,0,0,0,0
5122773,"MAHARASHTRA","MUMBAI II","MUMBAI_DYD_URC3 ( GHATKOPAR )",2,"Greater Mumbai_Municipal Corporations","N - Ward No. 132",,,,6,3,1,10,5,400077,2,2,3,0,1,19,0,0,0,3,0,1,2,9,192,1,2,1,0,0,60,63
1925133,"MAHARASHTRA","MUMBAI II","MUMBAI_DYD_URC7 ( KANDIVALI (E) )",2,"Greater Mumbai_Municipal Corporations","R/South - Ward No. 22",,,,6,3,5,10,4,400067,2,2,3,0,1,4,10,19,0,2,0,1,9,2,232,1,0,0,0,0,0,0
9603864,"MAHARASHTRA","MUMBAI II","MUMBAI_DYD_URC4 ( MULUND )",2,"Greater Mumbai_Municipal Corporations","S - Ward No. 115",,,,6,3,5,10,5,400078,2,2,3,0,1,19,0,0,0,2,0,1,9,9,249,1,0,0,0,0,0,0
4234729,"MAHARASHTRA","MUMBAI II","MUMBAI_DYD_URC1 ( GRANT ROAD )",2,"Greater Mumbai_Municipal Corporations","G/North - Ward No. 192",,,,6,3,1,10,5,400013,2,2,3,0,2,19,10,4,0,3,0,1,2,9,194,1,28,26,11,7,0,0
3099901,"MAHARASHTRA","MUMBAI II","MUMBAI_DYD_URC6 ( MALAD (W) )",2,"Greater Mumbai_Municipal Corporations","K/West - Ward No. 61",,,,6,3,5,10,5,400061,2,1,3,0,2,19,0,0,0,2,0,1,9,9,0,1,0,0,0,0,0,0
9927326,"MAHARASHTRA","MUMBAI II","MUMBAI_DYD_URC6 ( MALAD (W) )",2,"Greater Mumbai_Municipal Corporations","P/North - Ward No. 45",,,,3,3,5,12,4,400095,2,1,3,0,2,10,4,19,0,2,2,1,9,2,221,1,0,0,0,0,0,0
3061718,"MAHARASHTRA","MUMBAI II","MUMBAI_DYD_URC5 ( ANDHERI )",2,"Greater Mumbai_Municipal Corporations","H/East - Ward No. 94",,,,11,3,11,12,5,400051,2,2,3,0,2,19,0,0,0,0,2,1,9,9,0,2,0,0,0,0,0,0
5931263,"MAHARASHTRA","MUMBAI II","MUMBAI_DYD_URC7 ( KANDIVALI (E) )",2,"Greater Mumbai_Municipal Corporations","R/Central - Ward No. 13",,,,3,3,5,12,4,400066,2,2,3,0,1,10,19,3,0,2,2,1,9,2,0,1,0,0,0,0,0,0
3321446,"MAHARASHTRA","MUMBAI II","MUMBAI_DYD_URC2 ( SION )",2,"Greater Mumbai_Municipal Corporations","F/North - Ward No. 179",,,,7,3,8,10,4,400037,2,2,3,0,1,18,0,0,0,2,0,1,9,0,0,1,0,0,0,0,0,0
9617352,"MAHARASHTRA","MUMBAI II","MUMBAI_DYD_URC6 ( MALAD (W) )",2,"Greater Mumbai_Municipal Corporations","K/West - Ward No. 67",,,,11,3,11,12,5,400058,2,1,3,0,2,19,0,0,0,0,2,1,9,9,0,1,0,0,0,0,0,0
9773977,"MAHARASHTRA","MUMBAI II","MUMBAI_DYD_URC3 ( GHATKOPAR )",2,"Greater Mumbai_Municipal Corporations","M/East - Ward No. 140",,,,7,3,8,10,5,400043,2,2,3,0,1,19,10,4,0,2,0,1,9,9,0,2,0,0,0,0,0,0
4114045,"MAHARASHTRA","MUMBAI II","MUMBAI_DYD_URC3 ( GHATKOPAR )",2,"Greater Mumbai_Municipal Corporations","N - Ward No. 128",,,,5,3,8,12,4,400084,2,2,3,0,2,10,19,0,0,2,2,1,9,0,240,1,0,0,0,0,0,0
4719901,"MAHARASHTRA","MUMBAI II","MUMBAI_DYD_URC3 ( GHATKOPAR )",2,"Greater Mumbai_Municipal Corporations","M/West - Ward No. 152",,,,6,3,5,10,4,400071,2,2,3,0,1,19,0,0,0,2,0,1,9,2,228,1,0,0,0,0,0,0
8580966,"MAHARASHTRA","MUMBAI II","MUMBAI_DYD_URC6 ( MALAD (W) )",2,"Greater Mumbai_Municipal Corporations","K/West - Ward No. 65",,,,6,3,5,10,4,400058,2,2,3,0,1,19,0,0,0,2,0,1,9,2,234,1,0,0,0,0,0,0
2482810,"MAHARASHTRA","MUMBAI II","MUMBAI_DYD_URC7 ( KANDIVALI (E) )",2,"Greater Mumbai_Municipal Corporations","R/South - Ward No. 20",,,,3,3,1,12,5,400067,2,1,3,0,1,19,0,0,0,3,3,1,2,9,220,1,0,0,3,1,18,15
4925171,"MAHARASHTRA","MUMBAI II","MUMBAI_DYD_URC4 ( MULUND )",2,"Greater Mumbai_Municipal Corporations","S - Ward No. 117",,,,6,3,5,10,5,400042,2,1,3,0,1,19,0,0,0,2,0,1,9,9,196,1,0,0,0,0,0,0
2456198,"MAHARASHTRA","MUMBAI II","MUMBAI_DYD_URC4 ( MULUND )",2,"Greater Mumbai_Municipal Corporations","H/West - Ward No. 102",,,,5,3,8,12,4,400080,2,2,3,0,1,4,19,0,0,2,2,1,9,0,0,1,0,0,0,0,0,0
3122967,"MAHARASHTRA","MUMBAI II","MUMBAI_DYD_URC6 ( MALAD (W) )",2,"Greater Mumbai_Municipal Corporations","P/North - Ward No. 36",,,,11,3,11,12,5,400097,2,2,3,0,2,19,0,0,0,0,4,1,9,9,0,1,0,0,0,0,0,0
9106318,"MAHARASHTRA","MUMBAI II","MUMBAI_DYD_URC2 ( SION )",2,"Greater Mumbai_Municipal Corporations","F/North - Ward No. 177",,,,11,3,11,12,5,400037,2,2,3,0,2,19,0,0,0,0,2,1,9,9,0,1,0,0,0,0,0,0
9439004,"MAHARASHTRA","MUMBAI II","MUMBAI_DYD_URC6 ( MALAD (W) )",2,"Greater Mumbai_Municipal Corporations","P/North - Ward No. 33",,,,6,3,5,10,5,400095,2,2,3,0,2,10,4,19,0,2,0,1,9,9,220,1,0,0,0,0,0,0
6642951,"MAHARASHTRA","MUMBAI II","MUMBAI_DYD_URC6 ( MALAD (W) )",2,"Greater Mumbai_Municipal Corporations","K/West - Ward No. 67",,,,3,3,1,12,5,400058,2,2,3,0,1,19,0,0,0,1,1,1,2,9,210,2,0,1,93,63,1,0
7296914,"MAHARASHTRA","MUMBAI II","MUMBAI_DYD_URC2 ( SION )",2,"Greater Mumbai_Municipal Corporations","E - Ward No. 209",,,,6,3,1,10,4,400010,1,2,3,0,1,10,19,4,0,2,0,1,1,2,0,1,9,12,0,0,0,0
9451373,"MAHARASHTRA","MUMBAI II","MUMBAI_DYD_URC7 ( KANDIVALI (E) )",2,"Greater Mumbai_Municipal Corporations","R/North MCGM - Ward No.1",,,,3,3,1,12,5,400103,2,2,3,0,1,19,0,0,0,1,1,1,2,9,0,1,58,70,1,0,0,0
8225975,"MAHARASHTRA","MUMBAI II","MUMBAI_DYD_URC6 ( MALAD (W) )",2,"Greater Mumbai_Municipal Corporations","P/North - Ward No. 33",,,,6,3,5,10,5,400095,2,2,3,0,2,19,0,0,0,2,0,1,9,9,0,1,0,0,0,0,0,0
2951298,"MAHARASHTRA","MUMBAI II","MUMBAI_DYD_URC3 ( GHATKOPAR )",2,"Greater Mumbai_Municipal Corporations","M/East - Ward No. 145",,,,6,3,5,10,5,400088,2,2,3,0,2,19,0,0,0,2,0,1,9,9,225,1,0,0,0,0,0,0
4157352,"MAHARASHTRA","MUMBAI II","MUMBAI_DYD_URC3 ( GHATKOPAR )",2,"Greater Mumbai_Municipal Corporations","M/East - Ward No. 144",,,,6,3,5,10,5,400043,2,1,3,0,2,19,0,0,0,2,0,1,9,9,0,1,0,0,0,0,0,0
8680339,"MAHARASHTRA","MUMBAI II","MUMBAI_DYD_URC3 ( GHATKOPAR )",2,"Greater Mumbai_Municipal Corporations","M/West - Ward No. 154",,,,6,3,5,10,5,400071,2,1,3,0,1,19,10,4,0,2,0,1,9,9,220,1,0,0,0,0,0,0
7831672,"MAHARASHTRA","MUMBAI II","MUMBAI_DYD_URC4 ( MULUND )",2,"Greater Mumbai_Municipal Corporations","A - Ward No. 226",,,,3,3,5,12,5,400070,2,1,3,0,2,19,0,0,0,2,2,1,9,9,199,1,0,0,0,0,0,0
9883401,"MAHARASHTRA","MUMBAI II","MUMBAI_DYD_URC5 ( ANDHERI )",2,"Greater Mumbai_Municipal Corporations","K/East - Ward No. 81",,,,3,3,5,12,4,400093,2,2,3,0,1,19,0,0,0,2,2,1,9,2,215,1,0,0,0,0,0,0
4803345,"MAHARASHTRA","MUMBAI II","MUMBAI_DYD_URC5 ( ANDHERI )",2,"Greater Mumbai_Municipal Corporations","H/West - Ward No. 97",,,,6,2,5,10,4,400054,2,2,3,0,1,19,0,0,0,2,0,1,9,2,230,1,0,0,0,0,0,0
1875555,"MAHARASHTRA","MUMBAI II","MUMBAI_DYD_URC6 ( MALAD (W) )",2,"Greater Mumbai_Municipal Corporations","K/West - Ward No. 66",,,,7,3,8,10,4,400058,2,2,3,0,2,10,0,0,0,2,0,1,9,0,0,1,0,0,0,0,0,0
4173596,"MAHARASHTRA","MUMBAI II","MUMBAI_DYD_URC5 ( ANDHERI )",2,"Greater Mumbai_Municipal Corporations","K/East - Ward No. 84",,,,11,3,11,12,5,400057,2,2,3,0,1,19,0,0,0,0,2,1,9,9,0,1,0,0,0,0,0,0
2861465,"MAHARASHTRA","MUMBAI II","MUMBAI_DYD_URC3 ( GHATKOPAR )",2,"Greater Mumbai_Municipal Corporations","M/East - Ward No. 147",,,,6,3,5,10,4,400074,2,2,3,0,2,10,0,0,0,2,0,1,9,2,235,1,0,0,0,0,0,0
7757172,"MAHARASHTRA","MUMBAI II","MUMBAI_DYD_URC3 ( GHATKOPAR )",2,"Greater Mumbai_Municipal Corporations","M/East - Ward No. 146",,,,3,3,1,12,101,400094,2,2,3,0,2,19,0,0,0,1,1,1,2,2,224,1,17,20,4,7,0,0
9931553,"MAHARASHTRA","MUMBAI II","MUMBAI_DYD_URC2 ( SION )",2,"Greater Mumbai_Municipal Corporations","G/North - Ward No. 184",,,,7,3,8,10,5,400017,2,2,3,0,1,18,0,0,0,2,0,1,9,9,230,1,0,0,0,0,0,0
6476622,"MAHARASHTRA","MUMBAI II","MUMBAI_DYD_URC2 ( SION )",2,"Greater Mumbai_Municipal Corporations","F/South - Ward No. 203",,,,5,3,8,12,4,400012,2,2,3,0,2,10,0,0,0,2,2,1,9,0,238,1,0,0,0,0,0,0
7444549,"MAHARASHTRA","MUMBAI II","MUMBAI_DYD_URC3 ( GHATKOPAR )",2,"Greater Mumbai_Municipal Corporations","M/East - Ward No. 138",,,,6,3,5,10,5,400043,2,2,3,0,2,19,0,0,0,2,0,1,9,9,228,1,0,0,0,0,0,0
9687658,"MAHARASHTRA","MUMBAI II","MUMBAI_DYD_URC4 ( MULUND )",2,"Greater Mumbai_Municipal Corporations","T - Ward No. 107",,,,11,3,11,12,5,400080,2,1,3,0,2,19,4,10,0,0,2,1,9,9,0,1,0,0,0,0,0,0
3481106,"MAHARASHTRA","MUMBAI II","MUMBAI_DYD_URC2 ( SION )",2,"Greater Mumbai_Municipal Corporations","F/North - Ward No. 180",,,,3,3,1,12,5,400019,2,2,3,0,1,19,0,0,0,4,4,1,1,9,210,1,28,17,1,0,0,0
1629960,"MAHARASHTRA","MUMBAI II","MUMBAI_DYD_URC3 ( GHATKOPAR )",2,"Greater Mumbai_Municipal Corporations","N - Ward No. 128",,,,6,3,5,10,4,400084,2,1,3,0,2,10,19,0,0,2,0,1,9,2,220,1,0,0,0,0,0,0
7451350,"MAHARASHTRA","MUMBAI II","MUMBAI_DYD_URC5 ( ANDHERI )",2,"Greater Mumbai_Municipal Corporations","K/East - Ward No. 84",,,,6,3,5,10,5,400099,2,1,3,0,1,19,0,0,0,2,0,1,9,9,210,1,0,0,0,0,0,0
3773057,"MAHARASHTRA","MUMBAI II","MUMBAI_DYD_URC6 ( MALAD (W) )",2,"Greater Mumbai_Municipal Corporations","K/West - Ward No. 59",,,,3,3,5,12,5,400061,2,1,3,0,1,19,0,0,0,2,2,1,9,9,232,1,0,0,0,0,0,0
1096557,"MAHARASHTRA","MUMBAI II","MUMBAI_DYD_URC4 ( MULUND )",2,"Greater Mumbai_Municipal Corporations","L - Ward No. 162",,,,6,3,5,10,5,400072,2,2,3,0,1,19,0,0,0,2,0,1,9,9,206,1,0,0,0,0,0,0
4887774,"MAHARASHTRA","MUMBAI II","MUMBAI_DYD_URC6 ( MALAD (W) )",2,"Greater Mumbai_Municipal Corporations","K/West - Ward No. 67",,,,8,3,9,10,4,400058,2,2,3,0,2,10,0,0,0,2,0,1,9,0,5,1,0,0,0,0,0,0
9616237,"MAHARASHTRA","MUMBAI II","MUMBAI_DYD_URC3 ( GHATKOPAR )",2,"Greater Mumbai_Municipal Corporations","M/West - Ward No. 152",,,,6,3,5,10,4,400071,2,1,3,0,2,10,0,0,0,2,0,1,9,2,0,1,0,0,0,0,0,0
5133646,"MAHARASHTRA","MUMBAI II","MUMBAI_DYD_URC5 ( ANDHERI )",2,"Greater Mumbai_Municipal Corporations","H/East - Ward No. 95",,,,6,3,5,10,4,400051,2,2,3,0,1,19,10,4,0,2,0,1,9,2,0,1,0,0,0,0,0,0
5900251,"MAHARASHTRA","MUMBAI II","MUMBAI_DYD_URC6 ( MALAD (W) )",2,"Greater Mumbai_Municipal Corporations","P/North - Ward No. 36",,,,7,3,8,10,4,400097,2,2,3,0,2,4,10,0,0,2,0,1,9,0,230,2,0,0,0,0,0,0
5086384,"MAHARASHTRA","MUMBAI II","MUMBAI_DYD_URC2 ( SION )",2,"Greater Mumbai_Municipal Corporations","E - Ward No. 211",,,,6,3,5,10,4,400008,2,2,3,0,1,18,0,0,0,2,0,1,9,2,233,1,0,0,0,0,0,0
3408318,"MAHARASHTRA","MUMBAI II","MUMBAI_DYD_URC1 ( GRANT ROAD )",2,"Greater Mumbai_Municipal Corporations","A - Ward No. 225",,,,6,1,5,10,4,400001,2,2,3,0,1,19,0,0,0,2,0,1,9,2,191,1,0,0,0,0,0,0
7664886,"MAHARASHTRA","MUMBAI II","MUMBAI_DYD_URC5 ( ANDHERI )",2,"Greater Mumbai_Municipal Corporations","H/West - Ward No. 97",,,,6,3,5,10,4,400054,2,2,3,0,2,10,4,19,0,2,0,1,9,1,0,1,0,0,0,0,0,0
2306705,"MAHARASHTRA","MUMBAI II","MUMBAI_DYD_URC4 ( MULUND )",2,"Greater Mumbai_Municipal Corporations","S - Ward No. 112",,,,3,3,5,12,5,400078,2,2,3,0,1,19,16,0,0,2,2,1,9,9,0,1,0,0,0,0,0,0
9575202,"MAHARASHTRA","MUMBAI II","MUMBAI_DYD_URC4 ( MULUND )",2,"Greater Mumbai_Municipal Corporations","L - Ward No. 158",,,,3,3,5,12,4,400072,2,1,3,0,2,10,19,0,0,2,2,1,9,2,0,1,0,0,0,0,0,0
3592137,"MAHARASHTRA","MUMBAI II","MUMBAI_DYD_URC5 ( ANDHERI )",2,"Greater Mumbai_Municipal Corporations","H/East - Ward No. 92",,,,11,3,11,12,5,400051,2,2,1,3,1,19,4,10,0,0,2,1,9,9,0,1,0,0,0,0,0,0
1072417,"MAHARASHTRA","MUMBAI II","MUMBAI_DYD_URC6 ( MALAD (W) )",2,"Greater Mumbai_Municipal Corporations","K/West - Ward No. 67",,,,6,2,5,10,4,400058,2,2,3,0,1,19,0,0,0,2,0,1,9,2,210,1,0,0,0,0,0,0
4216796,"MAHARASHTRA","MUMBAI II","MUMBAI_DYD_URC5 ( ANDHERI )",2,"Greater Mumbai_Municipal Corporations","H/East - Ward No. 87",,,,6,3,5,10,5,400055,2,2,3,0,1,19,0,0,0,2,0,1,9,9,230,1,0,0,0,0,0,0
3655077,"MAHARASHTRA","MUMBAI II","MUMBAI_DYD_URC3 ( GHATKOPAR )",2,"Greater Mumbai_Municipal Corporations","N - Ward No. 126",,,,3,3,5,12,4,400086,2,1,3,0,1,3,19,0,0,2,2,1,9,2,0,1,0,0,0,0,0,0
3068163,"MAHARASHTRA","MUMBAI II","MUMBAI_DYD_URC6 ( MALAD (W) )",2,"Greater Mumbai_Municipal Corporations","P/South - Ward No. 50",,,,6,3,1,10,5,400064,2,2,1,3,1,19,0,0,0,4,0,1,2,9,0,1,100,110,1,1,0,0
8865592,"MAHARASHTRA","MUMBAI II","MUMBAI_DYD_URC1 ( GRANT ROAD )",2,"Greater Mumbai_Municipal Corporations","D - Ward No. 217",,,,6,2,5,10,4,400007,2,2,3,0,1,10,19,0,0,2,0,1,9,2,0,1,0,0,0,0,0,0
4899460,"MAHARASHTRA","MUMBAI II","MUMBAI_DYD_URC3 ( GHATKOPAR )",2,"Greater Mumbai_Municipal Corporations","M/West - Ward No. 153",,,,3,3,5,12,4,400071,2,2,3,0,2,10,19,0,0,2,2,1,9,2,220,1,0,0,0,0,0,0
2903863,"MAHARASHTRA","MUMBAI II","MUMBAI_DYD_URC3 ( GHATKOPAR )",2,"Greater Mumbai_Municipal Corporations","M/East - Ward No. 143",,,,7,3,8,10,4,400088,2,2,3,0,1,4,0,0,0,2,0,1,9,0,234,1,0,0,0,0,0,0
5542882,"MAHARASHTRA","MUMBAI II","MUMBAI_DYD_URC6 ( MALAD (W) )",2,"Greater Mumbai_Municipal Corporations","P/North - Ward No. 33",,,,3,3,5,12,5,400095,2,1,3,0,1,19,0,0,0,2,2,1,9,9,0,1,0,0,0,0,0,0
4912669,"MAHARASHTRA","MUMBAI II","MUMBAI_DYD_URC2 ( SION )",2,"Greater Mumbai_Municipal Corporations","F/North - Ward No. 177",,,,5,1,6,12,4,400019,2,1,3,0,1,4,19,0,0,2,2,1,9,0,0,1,0,0,0,0,0,0
2601939,"MAHARASHTRA","MUMBAI II","MUMBAI_DYD_URC3 ( GHATKOPAR )",2,"Greater Mumbai_Municipal Corporations","N - Ward No. 131",,,,3,3,5,12,4,400075,2,1,3,0,2,10,19,0,0,2,2,1,9,2,232,1,0,0,0,0,0,0
7418339,"MAHARASHTRA","MUMBAI II","MUMBAI_DYD_URC4 ( MULUND )",2,"Greater Mumbai_Municipal Corporations","S - Ward No. 121",,,,3,3,1,12,5,400076,2,2,3,0,2,19,4,10,0,4,4,1,2,9,0,1,0,0,0,0,0,0
2362703,"MAHARASHTRA","MUMBAI II","MUMBAI_DYD_URC4 ( MULUND )",2,"Greater Mumbai_Municipal Corporations","T - Ward No. 107",,,,6,3,5,10,5,400080,2,2,3,0,2,19,0,0,0,2,0,1,9,9,0,1,0,0,0,0,0,0
7023883,"MAHARASHTRA","MUMBAI II","MUMBAI_DYD_URC5 ( ANDHERI )",2,"Greater Mumbai_Municipal Corporations","K/East - Ward No. 84",,,,3,3,1,12,5,400069,2,2,3,0,2,19,0,0,0,2,2,1,2,9,220,1,0,0,41,28,0,1
8391975,"MAHARASHTRA","MUMBAI II","MUMBAI_DYD_URC6 ( MALAD (W) )",2,"Greater Mumbai_Municipal Corporations","K/West - Ward No. 61",,,,1,3,1,5,5,400058,2,2,3,0,1,19,0,0,0,0,0,1,1,9,215,1,4,2,5,8,0,0
6154054,"MAHARASHTRA","MUMBAI II","MUMBAI_DYD_URC5 ( ANDHERI )",2,"Greater Mumbai_Municipal Corporations","K/East - Ward No. 78",,,,6,3,5,10,5,400060,2,2,1,3,2,19,0,0,0,2,0,1,9,9,220,1,0,0,0,0,0,0
6292732,"MAHARASHTRA","MUMBAI II","MUMBAI_DYD_URC4 ( MULUND )",2,"Greater Mumbai_Municipal Corporations","S - Ward No. 112",,,,3,3,5,12,4,400078,2,1,3,0,2,10,19,0,0,2,2,1,9,2,250,1,0,0,0,0,0,0
4323359,"MAHARASHTRA","MUMBAI II","MUMBAI_DYD_URC2 ( SION )",2,"Greater Mumbai_Municipal Corporations","F/North - Ward No. 177",,,,11,2,11,12,4,400019,2,1,3,0,1,19,10,3,0,0,2,1,9,0,240,1,0,0,0,0,0,0
8718007,"MAHARASHTRA","MUMBAI II","MUMBAI_DYD_URC6 ( MALAD (W) )",2,"Greater Mumbai_Municipal Corporations","K/West - Ward No. 70",,,,3,3,1,12,5,400058,2,1,3,0,1,19,0,0,0,3,3,1,1,9,191,1,142,135,2,3,0,0
9068963,"MAHARASHTRA","MUMBAI II","MUMBAI_DYD_URC6 ( MALAD (W) )",2,"Greater Mumbai_Municipal Corporations","P/North - Ward No. 41",,,,6,3,1,10,5,400097,2,2,3,0,2,19,0,0,0,2,0,1,2,9,0,1,0,0,0,0,0,0
3071187,"MAHARASHTRA","MUMBAI II","MUMBAI_DYD_URC3 ( GHATKOPAR )",2,"Greater Mumbai_Municipal Corporations","M/East - Ward No. 138",,,,7,3,8,10,5,400043,2,1,3,0,2,19,0,0,0,2,0,1,9,9,220,1,0,0,0,0,0,0
7389536,"MAHARASHTRA","MUMBAI II","MUMBAI_DYD_URC3 ( GHATKOPAR )",2,"Greater Mumbai_Municipal Corporations","M/West - Ward No. 152",,,,11,3,11,12,5,400071,2,2,3,0,2,19,0,0,0,0,2,1,9,9,230,1,0,0,0,0,0,0
9057809,"MAHARASHTRA","MUMBAI II","MUMBAI_DYD_URC5 ( ANDHERI )",2,"Greater Mumbai_Municipal Corporations","K/East - Ward No. 81",,,,8,3,9,10,5,400093,2,2,1,3,2,19,0,0,0,2,0,1,9,9,185,1,0,0,0,0,0,0
1375203,"MAHARASHTRA","MUMBAI II","MUMBAI_DYD_URC1 ( GRANT ROAD )",2,"Greater Mumbai_Municipal Corporations","B - Ward No. 224",,,,3,2,5,12,4,400003,2,2,3,0,1,18,19,0,0,2,2,1,9,2,0,1,0,0,0,0,0,0
8322257,"MAHARASHTRA","MUMBAI II","MUMBAI_DYD_URC4 ( MULUND )",2,"Greater Mumbai_Municipal Corporations","S - Ward No. 115",,,,3,3,5,12,4,400078,2,2,3,0,2,10,19,0,0,2,2,1,9,2,220,1,0,0,0,0,0,0
6449441,"MAHARASHTRA","MUMBAI II","MUMBAI_DYD_URC4 ( MULUND )",2,"Greater Mumbai_Municipal Corporations","L - Ward No. 157",,,,3,3,1,12,5,400082,2,2,3,0,1,19,0,0,0,2,2,1,2,9,219,1,7,14,7,8,0,0
6384541,"MAHARASHTRA","MUMBAI II","MUMBAI_DYD_URC1 ( GRANT ROAD )",2,"Greater Mumbai_Municipal Corporations","B - Ward No. 224",,,,6,3,5,10,4,400003,2,2,3,0,1,18,0,0,0,2,0,1,9,2,207,1,0,0,0,0,0,0
1488048,"MAHARASHTRA","MUMBAI II","MUMBAI_DYD_URC4 ( MULUND )",2,"Greater Mumbai_Municipal Corporations","S - Ward No. 110",,,,6,3,5,10,5,400078,2,1,3,0,2,19,10,4,0,2,0,1,9,9,225,1,0,0,0,0,0,0
2514902,"MAHARASHTRA","MUMBAI II","MUMBAI_DYD_URC4 ( MULUND )",2,"Greater Mumbai_Municipal Corporations","S - Ward No. 119",,,,6,3,5,10,4,400083,2,2,3,0,2,4,0,0,0,2,0,1,9,2,0,1,0,0,0,0,0,0
6382777,"MAHARASHTRA","MUMBAI II","MUMBAI_DYD_URC3 ( GHATKOPAR )",2,"Greater Mumbai_Municipal Corporations","M/East - Ward No. 137",,,,6,3,5,10,4,400043,2,2,3,0,1,18,0,0,0,2,0,1,9,2,0,1,0,0,0,0,0,0
2842145,"MAHARASHTRA","MUMBAI II","MUMBAI_DYD_URC1 ( GRANT ROAD )",2,"Greater Mumbai_Municipal Corporations","G/South - Ward No. 193",,,,6,3,5,10,5,400025,2,1,3,0,2,19,0,0,0,2,0,1,9,9,220,1,0,0,0,0,0,0
4200966,"MAHARASHTRA","MUMBAI II","MUMBAI_DYD_URC5 ( ANDHERI )",2,"Greater Mumbai_Municipal Corporations","H/East - Ward No. 88",,,,3,3,5,12,4,400055,2,1,3,0,1,4,0,0,0,2,2,1,9,2,237,1,0,0,0,0,0,0
2180793,"MAHARASHTRA","MUMBAI II","MUMBAI_DYD_URC4 ( MULUND )",2,"Greater Mumbai_Municipal Corporations","S - Ward No. 113",,,,6,3,5,10,4,400078,2,2,3,0,2,10,0,0,0,2,0,1,9,2,215,1,0,0,0,0,0,0
5827676,"MAHARASHTRA","MUMBAI II","MUMBAI_DYD_URC4 ( MULUND )",2,"Greater Mumbai_Municipal Corporations","L - Ward No. 158",,,,6,3,5,10,4,400072,2,2,3,0,1,4,0,0,0,2,0,1,9,2,0,1,0,0,0,0,0,0
8116734,"MAHARASHTRA","MUMBAI II","MUMBAI_DYD_URC3 ( GHATKOPAR )",2,"Greater Mumbai_Municipal Corporations","M/West - Ward No. 150",,,,6,3,5,10,5,400089,2,2,3,0,2,19,4,10,0,2,0,1,9,9,230,1,0,0,0,0,0,0
1511490,"MAHARASHTRA","MUMBAI II","MUMBAI_DYD_URC7 ( KANDIVALI (E) )",2,"Greater Mumbai_Municipal Corporations","R/South - Ward No. 27",,,,3,3,5,12,4,400101,2,1,3,0,2,10,19,0,0,2,2,1,9,2,223,1,0,0,0,0,0,0
5895001,"MAHARASHTRA","MUMBAI II","MUMBAI_DYD_URC6 ( MALAD (W) )",2,"Greater Mumbai_Municipal Corporations","K/West - Ward No. 70",,,,3,3,1,12,5,400056,2,1,3,0,1,19,0,0,0,4,4,1,2,9,0,2,56,44,11,8,0,0
2629216,"MAHARASHTRA","MUMBAI II","MUMBAI_DYD_URC5 ( ANDHERI )",2,"Greater Mumbai_Municipal Corporations","P/South - Ward No. 52",,,,6,3,5,10,5,0,2,1,3,0,1,19,10,4,0,2,0,1,9,9,210,1,0,0,0,0,0,0
7577331,"MAHARASHTRA","MUMBAI II","MUMBAI_DYD_URC1 ( GRANT ROAD )",2,"Greater Mumbai_Municipal Corporations","G/South - Ward No. 198",,,,6,3,1,10,5,400013,2,2,3,0,2,19,0,0,0,4,0,1,2,9,210,1,17,3,1,0,0,0
6166554,"MAHARASHTRA","MUMBAI II","MUMBAI_DYD_URC7 ( KANDIVALI (E) )",2,"Greater Mumbai_Municipal Corporations","R/North - Ward No. 5",,,,6,3,1,10,5,400068,2,2,3,0,1,19,0,0,0,3,0,1,1,9,203,1,74,64,4,2,0,0
3906392,"MAHARASHTRA","MUMBAI II","MUMBAI_DYD_URC7 ( KANDIVALI (E) )",2,"Greater Mumbai_Municipal Corporations","R/South - Ward No. 22",,,,3,3,5,12,4,400067,2,2,3,0,1,3,0,0,0,2,2,1,9,2,0,1,0,0,0,0,0,0
4730503,"MAHARASHTRA","MUMBAI II","MUMBAI_DYD_URC7 ( KANDIVALI (E) )",2,"Greater Mumbai_Municipal Corporations","R/North - Ward No. 8",,,,6,3,1,10,5,0,2,1,3,0,1,19,4,10,0,2,0,1,1,9,0,1,3,0,0,0,0,0
1530467,"MAHARASHTRA","MUMBAI II","MUMBAI_DYD_URC1 ( GRANT ROAD )",2,"Greater Mumbai_Municipal Corporations","G/South - Ward No. 199",,,,7,3,8,10,4,400011,2,2,3,0,2,10,0,0,0,2,0,1,9,0,230,1,0,0,0,0,0,0
7543211,"MAHARASHTRA","MUMBAI II","MUMBAI_DYD_URC5 ( ANDHERI )",2,"Greater Mumbai_Municipal Corporations","H/West - Ward No. 97",,,,11,3,11,12,4,400054,2,2,3,0,1,19,0,0,0,0,2,1,9,0,180,1,0,0,0,0,0,0
8184062,"MAHARASHTRA","MUMBAI II","MUMBAI_DYD_URC7 ( KANDIVALI (E) )",2,"Greater Mumbai_Municipal Corporations","R/North MCGM - Ward No.2",,,,3,3,1,12,5,400101,2,1,3,0,1,19,0,0,0,3,3,1,2,9,220,1,0,0,2,0,0,0
9081134,"MAHARASHTRA","MUMBAI II","MUMBAI_DYD_URC6 ( MALAD (W) )",2,"Greater Mumbai_Municipal Corporations","P/South - Ward No. 50",,,,11,3,11,12,4,400064,2,1,3,0,1,19,0,0,0,0,2,1,9,0,0,2,0,0,0,0,0,0
9835977,"MAHARASHTRA","MUMBAI II","MUMBAI_DYD_URC4 ( MULUND )",2,"Greater Mumbai_Municipal Corporations","S - Ward No. 119",,,,3,3,5,12,4,400083,2,2,3,0,1,4,19,0,0,2,2,1,9,2,230,1,0,0,0,0,0,0
1686448,"MAHARASHTRA","MUMBAI II","MUMBAI_DYD_URC1 ( GRANT ROAD )",2,"Greater Mumbai_Municipal Corporations","D - Ward No. 217",,,,6,3,5,10,4,400007,2,2,3,0,1,19,0,0,0,2,0,1,9,2,220,1,0,0,0,0,0,0
9092969,"MAHARASHTRA","MUMBAI II","MUMBAI_DYD_URC5 ( ANDHERI )",2,"Greater Mumbai_Municipal Corporations","H/West - Ward No. 101",,,,6,3,5,10,5,400050,2,2,3,0,2,19,10,4,0,2,0,1,9,9,0,1,0,0,0,0,0,0
4791909,"MAHARASHTRA","MUMBAI II","MUMBAI_DYD_URC6 ( MALAD (W) )",2,"Greater Mumbai_Municipal Corporations","P/North - Ward No. 33",,,,7,3,8,10,4,400095,2,1,3,0,1,4,0,0,0,2,0,1,9,0,0,1,0,0,0,0,0,0
4130811,"MAHARASHTRA","MUMBAI II","MUMBAI_DYD_URC4 ( MULUND )",2,"Greater Mumbai_Municipal Corporations","S - Ward No. 110",,,,6,3,5,10,4,400078,2,2,3,0,1,4,0,0,0,2,0,1,9,2,220,1,0,0,0,0,0,0
2983983,"MAHARASHTRA","MUMBAI II","MUMBAI_DYD_URC6 ( MALAD (W) )",2,"Greater Mumbai_Municipal Corporations","K/West - Ward No. 71",,,,6,3,1,10,5,400056,2,2,3,0,1,19,0,0,0,3,0,1,1,9,0,1,21,32,2,3,0,0
4884855,"MAHARASHTRA","MUMBAI II","MUMBAI_DYD_URC7 ( KANDIVALI (E) )",2,"Greater Mumbai_Municipal Corporations","R/North MCGM - Ward No.2",,,,11,3,11,12,5,400068,2,2,3,0,1,19,0,0,0,0,2,1,9,9,175,1,0,0,0,0,0,0
9888078,"MAHARASHTRA","MUMBAI II","MUMBAI_DYD_URC1 ( GRANT ROAD )",2,"Greater Mumbai_Municipal Corporations","G/North - Ward No. 192",,,,6,3,5,10,4,400028,2,2,3,0,2,10,0,0,0,2,0,1,9,2,109,1,0,0,0,0,0,0
3856803,"MAHARASHTRA","MUMBAI II","MUMBAI_DYD_URC3 ( GHATKOPAR )",2,"Greater Mumbai_Municipal Corporations","N - Ward No. 124",,,,3,3,5,12,4,400079,2,1,3,0,2,10,19,0,0,2,2,1,9,2,220,1,0,0,0,0,0,0
7696124,"MAHARASHTRA","MUMBAI II","MUMBAI_DYD_URC5 ( ANDHERI )",2,"Greater Mumbai_Municipal Corporations","K/East - Ward No. 84",,,,3,3,5,12,5,400059,2,1,3,0,1,19,0,0,0,2,2,1,9,9,220,1,0,0,0,0,0,0
4385810,"MAHARASHTRA","MUMBAI II","MUMBAI_DYD_URC7 ( KANDIVALI (E) )",2,"Greater Mumbai_Municipal Corporations","R/North - Ward No. 7",,,,6,3,5,10,5,400068,2,1,3,0,2,19,0,0,0,2,0,1,9,9,220,1,0,0,0,0,0,0
4446080,"MAHARASHTRA","MUMBAI II","MUMBAI_DYD_URC1 ( GRANT ROAD )",2,"Greater Mumbai_Municipal Corporations","A - Ward No. 225",,,,6,3,5,10,4,400007,2,2,3,0,2,10,0,0,0,2,0,1,9,2,0,1,0,0,0,0,0,0
1674001,"MAHARASHTRA","MUMBAI II","MUMBAI_DYD_URC6 ( MALAD (W) )",2,"Greater Mumbai_Municipal Corporations","P/North - Ward No. 48",,,,3,3,1,12,5,400095,2,1,3,0,2,19,0,0,0,2,2,1,2,9,248,1,0,0,0,0,0,0
2569538,"MAHARASHTRA","MUMBAI II","MUMBAI_DYD_URC1 ( GRANT ROAD )",2,"Greater Mumbai_Municipal Corporations","G/North - Ward No. 190",,,,6,2,5,10,4,400016,2,2,3,0,1,19,0,0,0,2,0,1,9,2,0,1,0,0,0,0,0,0
8088593,"MAHARASHTRA","MUMBAI II","MUMBAI_DYD_URC5 ( ANDHERI )",2,"Greater Mumbai_Municipal Corporations","K/East - Ward No. 73",,,,6,3,5,10,4,400060,2,2,3,0,2,10,0,0,0,2,0,1,9,2,230,1,0,0,0,0,0,0
4937148,"MAHARASHTRA","MUMBAI II","MUMBAI_DYD_URC5 ( ANDHERI )",2,"Greater Mumbai_Municipal Corporations","H/East - Ward No. 94",,,,3,3,5,12,4,400051,2,1,3,0,2,10,19,0,0,2,2,1,9,2,220,1,0,0,0,0,0,0
2356243,"MAHARASHTRA","MUMBAI II","MUMBAI_DYD_URC1 ( GRANT ROAD )",2,"Greater Mumbai_Municipal Corporations","D - Ward No. 218",,,,6,3,5,10,4,400004,2,2,3,0,1,3,0,0,0,2,0,1,9,2,230,1,0,0,0,0,0,0
9116342,"MAHARASHTRA","MUMBAI II","MUMBAI_DYD_URC2 ( SION )",2,"Greater Mumbai_Municipal Corporations","F/South - Ward No. 203",,,,7,3,8,10,4,400012,2,1,3,0,1,5,0,0,0,2,0,1,9,0,240,1,0,0,0,0,0,0
7958563,"MAHARASHTRA","MUMBAI II","MUMBAI_DYD_URC4 ( MULUND )",2,"Greater Mumbai_Municipal Corporations","S - Ward No. 112",,,,3,3,5,12,4,400078,2,1,3,0,1,4,19,0,0,2,2,1,9,2,230,1,0,0,0,0,0,0
5154910,"MAHARASHTRA","MUMBAI II","MUMBAI_DYD_URC7 ( KANDIVALI (E) )",2,"Greater Mumbai_Municipal Corporations","R/South - Ward No. 30",,,,3,3,1,12,5,400067,2,2,3,0,1,19,0,0,0,4,4,1,1,9,204,1,3,4,0,1,0,0
6024023,"MAHARASHTRA","MUMBAI II","MUMBAI_DYD_URC4 ( MULUND )",2,"Greater Mumbai_Municipal Corporations","L - Ward No. 169",,,,6,3,5,10,5,400024,2,2,3,0,1,19,0,0,0,2,0,1,9,9,0,1,0,0,0,0,0,0
8628395,"MAHARASHTRA","MUMBAI II","MUMBAI_DYD_URC3 ( GHATKOPAR )",2,"Greater Mumbai_Municipal Corporations","M/East - Ward No. 147",,,,8,3,9,10,5,400074,2,2,3,0,2,19,0,0,0,2,0,1,9,9,221,1,0,0,0,0,0,0
9020807,"MAHARASHTRA","MUMBAI II","MUMBAI_DYD_URC3 ( GHATKOPAR )",2,"Greater Mumbai_Municipal Corporations","M/East - Ward No. 139",,,,7,3,8,10,4,400043,2,2,3,0,1,18,0,0,0,2,0,1,9,0,237,1,0,0,0,0,0,0
9010888,"MAHARASHTRA","MUMBAI II","MUMBAI_DYD_URC5 ( ANDHERI )",2,"Greater Mumbai_Municipal Corporations","K/East - Ward No. 78",,,,6,3,5,10,5,400060,2,2,3,0,1,19,0,0,0,2,0,1,9,9,0,1,0,0,0,0,0,0
4181334,"MAHARASHTRA","MUMBAI II","MUMBAI_DYD_URC5 ( ANDHERI )",2,"Greater Mumbai_Municipal Corporations","H/West - Ward No. 102",,,,3,3,5,12,4,400050,2,1,3,0,1,18,19,0,0,2,2,1,9,2,220,1,0,0,0,0,0,0
6821944,"MAHARASHTRA","MUMBAI II","MUMBAI_DYD_URC4 ( MULUND )",2,"Greater Mumbai_Municipal Corporations","T - Ward No. 108",,,,6,3,5,10,5,400080,2,2,3,0,2,19,0,0,0,2,0,1,9,9,230,1,0,0,0,0,0,0
8666817,"MAHARASHTRA","MUMBAI II","MUMBAI_DYD_URC6 ( MALAD (W) )",2,"Greater Mumbai_Municipal Corporations","K/West - Ward No. 70",,,,3,3,1,12,5,400049,2,2,3,0,2,19,4,10,0,4,4,1,2,9,0,1,0,0,16,20,0,0
5371954,"MAHARASHTRA","MUMBAI II","MUMBAI_DYD_URC2 ( SION )",2,"Greater Mumbai_Municipal Corporations","F/North - Ward No. 177",,,,6,3,5,10,4,400019,2,2,3,0,1,3,19,0,0,2,0,1,9,2,189,1,0,0,0,0,0,0
9704017,"MAHARASHTRA","MUMBAI II","MUMBAI_DYD_URC4 ( MULUND )",2,"Greater Mumbai_Municipal Corporations","S - Ward No. 115",,,,7,3,6,10,5,400078,2,2,3,0,2,19,0,0,0,2,0,1,9,9,220,1,0,0,0,0,0,0
3524114,"MAHARASHTRA","MUMBAI II","MUMBAI_DYD_URC1 ( GRANT ROAD )",2,"Greater Mumbai_Municipal Corporations","D - Ward No. 214",,,,11,2,11,12,4,400026,2,1,3,0,1,19,0,0,0,0,2,1,9,0,230,1,0,0,0,0,0,0
8990373,"MAHARASHTRA","MUMBAI II","MUMBAI_DYD_URC2 ( SION )",2,"Greater Mumbai_Municipal Corporations","F/North - Ward No. 177",,,,6,3,5,10,4,400019,2,2,3,0,1,19,0,0,0,2,0,1,9,2,0,1,0,0,0,0,0,0
2771735,"MAHARASHTRA","MUMBAI II","MUMBAI_DYD_URC4 ( MULUND )",2,"Greater Mumbai_Municipal Corporations","S - Ward No. 113",,,,3,3,5,12,4,400078,2,2,3,0,2,10,19,4,0,2,2,1,9,2,227,1,0,0,0,0,0,0
2968324,"MAHARASHTRA","MUMBAI II","MUMBAI_DYD_URC7 ( KANDIVALI (E) )",2,"Greater Mumbai_Municipal Corporations","R/North MCGM - Ward No.1",,,,11,3,11,12,5,400103,2,1,3,0,1,19,0,0,0,0,2,1,9,9,0,2,0,0,0,0,0,0
5313306,"MAHARASHTRA","MUMBAI II","MUMBAI_DYD_URC6 ( MALAD (W) )",2,"Greater Mumbai_Municipal Corporations","K/West - Ward No. 67",,,,3,3,5,12,4,400058,2,2,3,0,1,19,0,0,0,2,2,1,9,2,220,1,0,0,0,0,0,0
1130259,"MAHARASHTRA","MUMBAI II","MUMBAI_DYD_URC7 ( KANDIVALI (E) )",2,"Greater Mumbai_Municipal Corporations","R/Central - Ward No. 10",,,,3,3,1,12,5,400092,2,2,3,0,1,19,0,0,0,3,3,1,1,9,204,1,10,14,1,2,0,0
7371715,"MAHARASHTRA","MUMBAI II","MUMBAI_DYD_URC6 ( MALAD (W) )",2,"Greater Mumbai_Municipal Corporations","P/North - Ward No. 35",,,,6,3,5,10,5,400050,2,2,3,0,1,19,10,4,0,2,0,1,9,9,0,1,0,0,0,0,0,0
6694261,"MAHARASHTRA","MUMBAI II","MUMBAI_DYD_URC3 ( GHATKOPAR )",2,"Greater Mumbai_Municipal Corporations","L - Ward No. 160",,,,6,3,5,10,4,400084,2,2,3,0,2,10,0,0,0,2,0,1,9,2,0,1,0,0,0,0,0,0
8157868,"MAHARASHTRA","MUMBAI II","MUMBAI_DYD_URC6 ( MALAD (W) )",2,"Greater Mumbai_Municipal Corporations","K/West - Ward No. 69",,,,3,3,1,12,5,400049,2,2,3,0,2,19,0,0,0,4,4,1,2,9,212,1,4,1,1,0,0,1
9864365,"MAHARASHTRA","MUMBAI II","MUMBAI_DYD_URC3 ( GHATKOPAR )",2,"Greater Mumbai_Municipal Corporations","N - Ward No. 131",,,,6,3,5,10,5,400075,2,2,3,0,2,19,0,0,0,2,0,1,9,9,220,1,0,0,0,0,0,0
7083178,"MAHARASHTRA","MUMBAI II","MUMBAI_DYD_URC4 ( MULUND )",2,"Greater Mumbai_Municipal Corporations","L - Ward No. 162",,,,3,3,5,12,5,400072,2,1,3,0,1,19,0,0,0,2,2,1,9,9,230,1,0,0,0,0,0,0
8603645,"MAHARASHTRA","MUMBAI II","MUMBAI_DYD_URC1 ( GRANT ROAD )",2,"Greater Mumbai_Municipal Corporations","D - Ward No. 217",,,,1,3,1,5,5,400004,2,2,3,0,1,19,0,0,0,0,0,1,1,9,183,1,22,9,4,1,0,0
9205883,"MAHARASHTRA","MUMBAI II","MUMBAI_DYD_URC6 ( MALAD (W) )",2,"Greater Mumbai_Municipal Corporations","P/North - Ward No. 35",,,,3,3,1,12,5,400064,2,2,3,0,1,19,0,0,0,3,3,1,1,9,200,1,0,48,0,1,0,0
8876036,"MAHARASHTRA","MUMBAI II","MUMBAI_DYD_URC1 ( GRANT ROAD )",2,"Greater Mumbai_Municipal Corporations","G/South - Ward No. 197",,,,7,3,8,10,4,400018,2,2,3,0,2,10,0,0,0,2,0,1,9,0,220,1,0,0,0,0,0,0
6499643,"MAHARASHTRA","MUMBAI II","MUMBAI_DYD_URC3 ( GHATKOPAR )",2,"Greater Mumbai_Municipal Corporations","M/West - Ward No. 154",,,,6,3,5,10,5,400074,2,2,3,0,1,19,4,10,0,2,0,1,9,9,0,1,0,0,0,0,0,0
6324940,"MAHARASHTRA","MUMBAI II","MUMBAI_DYD_URC1 ( GRANT ROAD )",2,"Greater Mumbai_Municipal Corporations","B - Ward No. 223",,,,7,3,8,10,4,400009,2,2,3,0,2,10,0,0,0,2,0,1,9,0,0,1,0,0,0,0,0,0
5979266,"MAHARASHTRA","MUMBAI II","MUMBAI_DYD_URC3 ( GHATKOPAR )",2,"Greater Mumbai_Municipal Corporations","M/East - Ward No. 144",,,,6,3,5,10,4,400088,2,2,3,0,1,19,10,4,0,2,0,1,9,2,195,1,0,0,0,0,0,0
6968838,"MAHARASHTRA","MUMBAI II","MUMBAI_DYD_URC6 ( MALAD (W) )",2,"Greater Mumbai_Municipal Corporations","P/North - Ward No. 44",,,,7,3,8,10,5,400097,2,2,3,0,1,19,10,4,0,2,0,1,9,9,0,1,0,0,0,0,0,0
6823035,"MAHARASHTRA","MUMBAI II","MUMBAI_DYD_URC2 ( SION )",2,"Greater Mumbai_Municipal Corporations","F/North - Ward No. 172",,,,6,3,5,10,4,400022,2,1,3,0,1,3,19,0,0,2,0,1,9,2,212,1,0,0,0,0,0,0
1873889,"MAHARASHTRA","MUMBAI II","MUMBAI_DYD_URC6 ( MALAD (W) )",2,"Greater Mumbai_Municipal Corporations","P/North - Ward No. 48",,,,6,3,5,10,5,400095,2,1,3,0,1,19,0,0,0,2,0,1,9,9,0,2,0,0,0,0,0,0
6579936,"MAHARASHTRA","MUMBAI II","MUMBAI_DYD_URC4 ( MULUND )",2,"Greater Mumbai_Municipal Corporations","L - Ward No. 166",,,,6,1,5,10,4,400070,2,2,3,0,1,18,0,0,0,2,0,1,9,2,0,1,0,0,0,0,0,0
8696260,"MAHARASHTRA","MUMBAI II","MUMBAI_DYD_URC1 ( GRANT ROAD )",2,"Greater Mumbai_Municipal Corporations","D - Ward No. 217",,,,6,3,5,10,4,400004,2,2,3,0,2,3,0,0,0,2,0,1,9,2,235,1,0,0,0,0,0,0
2809616,"MAHARASHTRA","MUMBAI II","MUMBAI_DYD_URC5 ( ANDHERI )",2,"Greater Mumbai_Municipal Corporations","K/East - Ward No. 72",,,,6,3,5,10,4,400060,2,2,3,0,2,10,0,0,0,2,0,1,9,2,233,1,0,0,0,0,0,0
9213224,"MAHARASHTRA","MUMBAI II","MUMBAI_DYD_URC5 ( ANDHERI )",2,"Greater Mumbai_Municipal Corporations","H/East - Ward No. 94",,,,7,3,6,10,5,400051,2,2,3,0,2,19,4,10,0,2,0,1,9,9,0,1,0,0,0,0,0,0
5532239,"MAHARASHTRA","MUMBAI II","MUMBAI_DYD_URC4 ( MULUND )",2,"Greater Mumbai_Municipal Corporations","S - Ward No. 115",,,,6,3,5,10,4,400078,2,2,3,0,2,10,0,0,0,2,0,1,9,2,222,1,0,0,0,0,0,0
9221961,"MAHARASHTRA","MUMBAI II","MUMBAI_DYD_URC4 ( MULUND )",2,"Greater Mumbai_Municipal Corporations","L - Ward No. 165",,,,6,3,1,10,5,400070,2,1,3,0,1,19,0,0,0,1,0,1,1,9,220,1,0,0,3,0,96,106
1701393,"MAHARASHTRA","MUMBAI II","MUMBAI_DYD_URC5 ( ANDHERI )",2,"Greater Mumbai_Municipal Corporations","H/West - Ward No. 100",,,,6,3,1,10,5,400050,2,2,3,0,1,19,0,0,0,3,0,1,2,9,225,1,10,5,0,0,0,0
2385992,"MAHARASHTRA","MUMBAI II","MUMBAI_DYD_URC1 ( GRANT ROAD )",2,"Greater Mumbai_Municipal Corporations","E - Ward No. 211",,,,6,3,5,10,5,400011,2,2,3,0,2,19,0,0,0,2,0,1,9,9,0,1,0,0,0,0,0,0
3715502,"MAHARASHTRA","MUMBAI II","MUMBAI_DYD_URC2 ( SION )",2,"Greater Mumbai_Municipal Corporations","F/North - Ward No. 175",,,,6,3,5,10,5,400037,2,2,3,0,2,19,0,0,0,2,0,1,9,9,213,1,0,0,0,0,0,0
6146195,"MAHARASHTRA","MUMBAI II","MUMBAI_DYD_URC5 ( ANDHERI )",2,"Greater Mumbai_Municipal Corporations","K/East - Ward No. 82",,,,11,3,11,12,4,400059,2,2,3,0,1,19,0,0,0,0,2,1,9,0,0,1,0,0,0,0,0,0
7839185,"MAHARASHTRA","MUMBAI II","MUMBAI_DYD_URC4 ( MULUND )",2,"Greater Mumbai_Municipal Corporations","S - Ward No. 116",,,,6,3,5,10,5,400078,2,2,3,0,2,19,0,0,0,2,0,1,9,9,0,1,0,0,0,0,0,0
3854770,"MAHARASHTRA","MUMBAI II","MUMBAI_DYD_URC3 ( GHATKOPAR )",2,"Greater Mumbai_Municipal Corporations","M/East - Ward No. 138",,,,3,3,1,12,5,400043,2,1,3,0,2,19,10,4,0,2,2,1,2,9,0,1,9,16,4,7,0,0
1622822,"MAHARASHTRA","MUMBAI II","MUMBAI_DYD_URC5 ( ANDHERI )",2,"Greater Mumbai_Municipal Corporations","H/West - Ward No. 100",,,,6,2,1,10,5,400050,2,2,2,3,1,19,0,0,0,3,0,1,1,9,0,1,0,45,0,0,0,0
2737874,"MAHARASHTRA","MUMBAI II","MUMBAI_DYD_URC2 ( SION )",2,"Greater Mumbai_Municipal Corporations","F/South - Ward No. 203",,,,11,3,11,12,4,400012,2,1,3,0,1,19,0,0,0,0,2,1,9,0,0,1,0,0,0,0,0,0
3520321,"MAHARASHTRA","MUMBAI II","MUMBAI_DYD_URC3 ( GHATKOPAR )",2,"Greater Mumbai_Municipal Corporations","M/West - Ward No. 152",,,,6,3,5,10,4,400071,2,1,3,0,2,10,0,0,0,2,0,1,9,2,235,1,0,0,0,0,0,0
7450863,"MAHARASHTRA","MUMBAI II","MUMBAI_DYD_URC7 ( KANDIVALI (E) )",2,"Greater Mumbai_Municipal Corporations","R/South - Ward No. 20",,,,6,3,5,10,4,400067,2,2,3,0,2,10,19,0,0,2,0,1,9,2,0,1,0,0,0,0,0,0
8684630,"MAHARASHTRA","MUMBAI II","MUMBAI_DYD_URC1 ( GRANT ROAD )",2,"Greater Mumbai_Municipal Corporations","G/North - Ward No. 191",,,,5,3,8,12,4,400016,2,1,3,0,2,10,19,0,0,2,2,1,9,0,0,1,0,0,0,0,0,0
1872624,"MAHARASHTRA","MUMBAI II","MUMBAI_DYD_URC4 ( MULUND )",2,"Greater Mumbai_Municipal Corporations","L - Ward No. 159",,,,3,3,5,12,4,400072,2,1,3,0,2,10,19,0,0,2,2,1,9,2,0,1,0,0,0,0,0,0
8556621,"MAHARASHTRA","MUMBAI II","MUMBAI_DYD_URC4 ( MULUND )",2,"Greater Mumbai_Municipal Corporations","L - Ward No. 159",,,,5,3,8,12,4,400072,2,2,3,0,2,10,19,0,0,2,2,1,9,0,0,1,0,0,0,0,0,0
5931505,"MAHARASHTRA","MUMBAI II","MUMBAI_DYD_URC5 ( ANDHERI )",2,"Greater Mumbai_Municipal Corporations","P/South - Ward No. 54",,,,3,3,5,12,4,400063,2,2,3,0,2,10,19,0,0,2,2,1,9,2,234,1,0,0,0,0,0,0
6389366,"MAHARASHTRA","MUMBAI II","MUMBAI_DYD_URC7 ( KANDIVALI (E) )",2,"Greater Mumbai_Municipal Corporations","R/North - Ward No. 4",,,,6,3,5,10,4,400068,2,2,3,0,1,3,0,0,0,2,0,1,9,2,220,1,0,0,0,0,0,0
2269823,"MAHARASHTRA","MUMBAI II","MUMBAI_DYD_URC4 ( MULUND )",2,"Greater Mumbai_Municipal Corporations","L - Ward No. 157",,,,6,3,1,10,5,400004,2,1,3,0,2,19,10,4,0,2,0,1,2,9,5,1,37,29,0,0,0,0
3977587,"MAHARASHTRA","MUMBAI II","MUMBAI_DYD_URC4 ( MULUND )",2,"Greater Mumbai_Municipal Corporations","L - Ward No. 162",,,,6,3,5,10,5,400072,2,1,3,0,2,19,0,0,0,2,0,1,9,9,222,1,0,0,0,0,0,0
6904213,"MAHARASHTRA","MUMBAI II","MUMBAI_DYD_URC5 ( ANDHERI )",2,"Greater Mumbai_Municipal Corporations","P/South - Ward No. 54",,,,6,3,5,10,5,400063,2,1,3,0,1,19,0,0,0,2,0,1,9,9,220,1,0,0,0,0,0,0
1435633,"MAHARASHTRA","MUMBAI II","MUMBAI_DYD_URC4 ( MULUND )",2,"Greater Mumbai_Municipal Corporations","N - Ward No. 124",,,,3,3,1,12,5,400072,2,1,3,0,1,19,0,0,0,3,3,1,2,9,180,1,79,86,1,1,0,0
9896154,"MAHARASHTRA","MUMBAI II","MUMBAI_DYD_URC3 ( GHATKOPAR )",2,"Greater Mumbai_Municipal Corporations","M/East - Ward No. 146",,,,6,3,1,10,101,400094,2,2,3,0,2,19,0,0,0,1,0,1,2,2,211,1,29,34,11,5,1,0
6152244,"MAHARASHTRA","MUMBAI II","MUMBAI_DYD_URC1 ( GRANT ROAD )",2,"Greater Mumbai_Municipal Corporations","E - Ward No. 211",,,,6,2,5,10,4,400008,2,1,3,0,1,18,0,0,0,2,0,1,9,2,234,1,0,0,0,0,0,0
4263471,"MAHARASHTRA","MUMBAI II","MUMBAI_DYD_URC6 ( MALAD (W) )",2,"Greater Mumbai_Municipal Corporations","K/West - Ward No. 69",,,,6,3,1,10,5,400049,2,2,3,0,1,19,0,0,0,3,0,1,1,9,220,2,56,58,0,1,0,0
7056210,"MAHARASHTRA","MUMBAI II","MUMBAI_DYD_URC4 ( MULUND )",2,"Greater Mumbai_Municipal Corporations","S - Ward No. 114",,,,3,3,5,12,4,400078,2,1,3,0,2,10,19,4,0,2,2,1,9,2,215,1,0,0,0,0,0,0
2763387,"MAHARASHTRA","MUMBAI II","MUMBAI_DYD_URC4 ( MULUND )",2,"Greater Mumbai_Municipal Corporations","S - Ward No. 117",,,,6,3,1,10,5,400042,2,2,3,0,2,19,10,4,0,2,0,1,2,9,0,1,0,0,21,23,0,0
4602567,"MAHARASHTRA","MUMBAI II","MUMBAI_DYD_URC6 ( MALAD (W) )",2,"Greater Mumbai_Municipal Corporations","P/South - Ward No. 56",,,,3,3,5,12,4,400102,2,2,3,0,1,3,19,0,0,2,2,1,9,2,214,1,0,0,0,0,0,0
7421510,"MAHARASHTRA","MUMBAI II","MUMBAI_DYD_URC5 ( ANDHERI )",2,"Greater Mumbai_Municipal Corporations","H/West - Ward No. 98",,,,3,3,5,12,4,400052,2,2,3,0,1,3,0,0,0,2,2,1,9,2,206,1,0,0,0,0,0,0
9334755,"MAHARASHTRA","MUMBAI II","MUMBAI_DYD_URC3 ( GHATKOPAR )",2,"Greater Mumbai_Municipal Corporations","M/West - Ward No. 154",,,,3,3,5,12,4,400074,2,1,3,0,1,19,4,0,0,2,2,1,9,2,221,1,0,0,0,0,0,0
2787336,"MAHARASHTRA","MUMBAI II","MUMBAI_DYD_URC1 ( GRANT ROAD )",2,"Greater Mumbai_Municipal Corporations","E - Ward No. 213",,,,7,3,8,10,4,400008,2,1,3,0,1,18,0,0,0,2,0,1,9,0,0,1,0,0,0,0,0,0
7358086,"MAHARASHTRA","MUMBAI II","MUMBAI_DYD_URC5 ( ANDHERI )",2,"Greater Mumbai_Municipal Corporations","H/West - Ward No. 98",,,,6,3,5,10,5,400052,2,2,3,0,1,19,0,0,0,2,0,1,9,9,215,1,0,0,0,0,0,0
7904808,"MAHARASHTRA","MUMBAI II","MUMBAI_DYD_URC7 ( KANDIVALI (E) )",2,"Greater Mumbai_Municipal Corporations","R/South - Ward No. 23",,,,6,3,5,10,5,400101,2,1,3,0,2,4,10,19,0,2,0,1,9,9,0,1,0,0,0,0,0,0
7116787,"MAHARASHTRA","MUMBAI II","MUMBAI_DYD_URC7 ( KANDIVALI (E) )",2,"Greater Mumbai_Municipal Corporations","R/Central - Ward No. 16",,,,6,3,5,10,4,400091,2,2,3,0,2,10,0,0,0,2,0,1,9,2,230,1,0,0,0,0,0,0
2344040,"MAHARASHTRA","MUMBAI II","MUMBAI_DYD_URC6 ( MALAD (W) )",2,"Greater Mumbai_Municipal Corporations","P/North - Ward No. 38",,,,6,3,5,10,5,400097,2,2,3,0,1,19,0,0,0,2,0,1,9,9,0,1,0,0,0,0,0,0
2424914,"MAHARASHTRA","MUMBAI II","MUMBAI_DYD_URC4 ( MULUND )",2,"Greater Mumbai_Municipal Corporations","M/West - Ward No. 154",,,,6,3,1,10,5,400072,2,1,3,0,1,19,0,0,0,2,0,1,2,9,230,1,0,0,0,0,0,0
5245765,"MAHARASHTRA","MUMBAI II","MUMBAI_DYD_URC3 ( GHATKOPAR )",2,"Greater Mumbai_Municipal Corporations","M/West - Ward No. 152",,,,3,3,5,12,4,400071,2,2,3,0,1,10,4,0,0,2,2,1,9,2,0,1,0,0,0,0,0,0
9552835,"MAHARASHTRA","MUMBAI II","MUMBAI_DYD_URC3 ( GHATKOPAR )",2,"Greater Mumbai_Municipal Corporations","M/East - Ward No. 147",,,,3,3,5,12,4,400074,2,1,3,0,2,10,0,0,0,2,2,1,9,2,233,1,0,0,0,0,0,0
1562839,"MAHARASHTRA","MUMBAI II","MUMBAI_DYD_URC7 ( KANDIVALI (E) )",2,"Greater Mumbai_Municipal Corporations","R/South - Ward No. 29",,,,7,3,8,10,4,400101,2,1,3,0,2,4,0,0,0,2,0,1,9,0,235,1,0,0,0,0,0,0
5102701,"MAHARASHTRA","MUMBAI II","MUMBAI_DYD_URC6 ( MALAD (W) )",2,"Greater Mumbai_Municipal Corporations","P/North - Ward No. 35",,,,3,3,1,12,5,400064,2,1,3,0,1,19,0,0,0,4,4,1,1,9,0,1,6,4,2,1,0,0
1073258,"MAHARASHTRA","MUMBAI II","MUMBAI_DYD_URC7 ( KANDIVALI (E) )",2,"Greater Mumbai_Municipal Corporations","R/North MCGM - Ward No.2",,,,6,3,5,10,4,400068,2,1,3,0,2,10,19,0,0,2,0,1,9,2,0,1,0,0,0,0,0,0
9411979,"MAHARASHTRA","MUMBAI II","MUMBAI_DYD_URC4 ( MULUND )",2,"Greater Mumbai_Municipal Corporations","T - Ward No. 105",,,,3,3,5,12,4,400081,2,1,3,0,2,10,19,0,0,2,2,1,9,2,231,1,0,0,0,0,0,0
9188838,"MAHARASHTRA","MUMBAI II","MUMBAI_DYD_URC6 ( MALAD (W) )",2,"Greater Mumbai_Municipal Corporations","P/North - Ward No. 33",,,,6,3,5,10,4,400095,2,1,3,0,1,18,0,0,0,2,0,1,9,2,231,1,0,0,0,0,0,0
7680061,"MAHARASHTRA","MUMBAI II","MUMBAI_DYD_URC3 ( GHATKOPAR )",2,"Greater Mumbai_Municipal Corporations","N - Ward No. 131",,,,11,3,11,12,5,400077,2,1,3,0,2,19,0,0,0,0,2,1,9,9,190,1,0,0,0,0,0,0
5302084,"MAHARASHTRA","MUMBAI II","MUMBAI_DYD_URC4 ( MULUND )",2,"Greater Mumbai_Municipal Corporations","S - Ward No. 111",,,,3,3,5,12,4,400042,2,1,3,0,2,10,19,0,0,2,2,1,9,2,223,1,0,0,0,0,0,0
1790880,"MAHARASHTRA","MUMBAI II","MUMBAI_DYD_URC4 ( MULUND )",2,"Greater Mumbai_Municipal Corporations","L - Ward No. 169",,,,7,3,6,10,4,400024,2,2,3,0,2,10,0,0,0,2,0,1,9,0,0,1,0,0,0,0,0,0
2032692,"MAHARASHTRA","MUMBAI II","MUMBAI_DYD_URC7 ( KANDIVALI (E) )",2,"Greater Mumbai_Municipal Corporations","R/South - Ward No. 20",,,,6,3,5,10,4,400067,2,1,3,0,1,4,0,0,0,2,0,1,9,2,0,1,0,0,0,0,0,0
6584881,"MAHARASHTRA","MUMBAI II","MUMBAI_DYD_URC7 ( KANDIVALI (E) )",2,"Greater Mumbai_Municipal Corporations","R/Central - Ward No. 15",,,,6,3,5,10,5,400092,2,1,3,0,1,19,0,0,0,2,0,1,9,9,215,1,0,0,0,0,0,0
2240578,"MAHARASHTRA","MUMBAI II","MUMBAI_DYD_URC1 ( GRANT ROAD )",2,"Greater Mumbai_Municipal Corporations","G/North - Ward No. 191",,,,11,3,11,12,4,400016,2,2,3,0,2,19,10,4,0,0,2,1,9,0,0,2,0,0,0,0,0,0
4561491,"MAHARASHTRA","MUMBAI II","MUMBAI_DYD_URC5 ( ANDHERI )",2,"Greater Mumbai_Municipal Corporations","K/East - Ward No. 85",,,,6,3,1,10,5,400057,2,2,3,0,1,19,0,0,0,3,0,1,1,9,196,1,17,13,0,0,0,0
2341341,"MAHARASHTRA","MUMBAI II","MUMBAI_DYD_URC1 ( GRANT ROAD )",2,"Greater Mumbai_Municipal Corporations","A - Ward No. 225",,,,6,2,5,10,4,400001,2,2,3,0,1,19,0,0,0,2,0,1,9,2,0,1,0,0,0,0,0,0
5086615,"MAHARASHTRA","MUMBAI II","MUMBAI_DYD_URC5 ( ANDHERI )",2,"Greater Mumbai_Municipal Corporations","K/East - Ward No. 78",,,,6,3,5,10,4,400060,2,2,3,0,1,18,0,0,0,2,0,1,9,2,233,1,0,0,0,0,0,0
3142838,"MAHARASHTRA","MUMBAI II","MUMBAI_DYD_URC6 ( MALAD (W) )",2,"Greater Mumbai_Municipal Corporations","P/North - Ward No. 42",,,,6,3,1,10,5,400097,2,1,3,0,1,19,0,0,0,3,0,1,2,9,0,1,79,65,0,0,0,0
9918267,"MAHARASHTRA","MUMBAI II","MUMBAI_DYD_URC5 ( ANDHERI )",2,"Greater Mumbai_Municipal Corporations","P/South - Ward No. 54",,,,6,3,5,10,4,400063,2,1,3,0,2,10,19,4,0,2,0,1,9,2,232,1,0,0,0,0,0,0
4202106,"MAHARASHTRA","MUMBAI II","MUMBAI_DYD_URC5 ( ANDHERI )",2,"Greater Mumbai_Municipal Corporations","K/East - Ward No. 82",,,,6,3,5,10,4,400093,2,2,3,0,1,4,0,0,0,2,0,1,9,2,218,1,0,0,0,0,0,0
2537256,"MAHARASHTRA","MUMBAI II","MUMBAI_DYD_URC1 ( GRANT ROAD )",2,"Greater Mumbai_Municipal Corporations","B - Ward No. 223",,,,6,3,5,10,4,400009,2,2,3,0,1,19,0,0,0,2,0,1,9,2,199,1,0,0,0,0,0,0
7093678,"MAHARASHTRA","MUMBAI II","MUMBAI_DYD_URC6 ( MALAD (W) )",2,"Greater Mumbai_Municipal Corporations","K/West - Ward No. 62",,,,6,3,5,10,5,400102,2,2,3,0,1,19,0,0,0,2,0,1,9,9,0,1,0,0,0,0,0,0
4342061,"MAHARASHTRA","MUMBAI II","MUMBAI_DYD_URC5 ( ANDHERI )",2,"Greater Mumbai_Municipal Corporations","H/West - Ward No. 101",,,,3,3,1,12,5,400050,2,1,3,0,1,19,0,0,0,2,2,1,2,9,0,1,51,21,1,1,0,0
7550608,"MAHARASHTRA","MUMBAI II","MUMBAI_DYD_URC5 ( ANDHERI )",2,"Greater Mumbai_Municipal Corporations","H/West - Ward No. 99",,,,6,3,1,10,5,400052,2,1,3,0,1,19,4,10,0,1,0,1,1,9,0,1,0,0,0,0,0,0
5421240,"MAHARASHTRA","MUMBAI II","MUMBAI_DYD_URC2 ( SION )",2,"Greater Mumbai_Municipal Corporations","F/North - Ward No. 172",,,,11,3,11,12,4,400022,2,1,3,0,1,19,0,0,0,0,2,1,9,0,0,1,0,0,0,0,0,0
8983550,"MAHARASHTRA","MUMBAI II","MUMBAI_DYD_URC1 ( GRANT ROAD )",2,"Greater Mumbai_Municipal Corporations","G/South - Ward No. 194",,,,6,3,5,10,5,400028,2,1,3,0,2,19,0,0,0,2,0,1,9,9,220,1,0,0,0,0,0,0
2473111,"MAHARASHTRA","MUMBAI II","MUMBAI_DYD_URC3 ( GHATKOPAR )",2,"Greater Mumbai_Municipal Corporations","M/East - Ward No. 136",,,,7,3,8,10,4,400043,2,2,3,0,1,18,0,0,0,2,0,1,9,0,234,1,0,0,0,0,0,0
4021759,"MAHARASHTRA","MUMBAI II","MUMBAI_DYD_URC6 ( MALAD (W) )",2,"Greater Mumbai_Municipal Corporations","P/North - Ward No. 44",,,,6,3,5,10,4,400097,2,2,3,0,1,18,0,0,0,2,0,1,9,2,230,1,0,0,0,0,0,0
8800549,"MAHARASHTRA","MUMBAI II","MUMBAI_DYD_URC6 ( MALAD (W) )",2,"Greater Mumbai_Municipal Corporations","P/North - Ward No. 45",,,,6,3,1,10,5,400095,2,2,3,0,2,19,0,0,0,2,0,1,2,9,0,1,3,2,1,0,0,0
7081352,"MAHARASHTRA","MUMBAI II","MUMBAI_DYD_URC6 ( MALAD (W) )",2,"Greater Mumbai_Municipal Corporations","K/West - Ward No. 70",,,,6,3,5,10,4,400058,2,2,3,0,1,19,0,0,0,2,0,1,9,2,0,1,0,0,0,0,0,0
6064754,"MAHARASHTRA","MUMBAI II","MUMBAI_DYD_URC4 ( MULUND )",2,"Greater Mumbai_Municipal Corporations","L - Ward No. 166",,,,3,3,5,12,4,400070,2,1,3,0,2,10,19,0,0,2,2,1,9,2,230,1,0,0,0,0,0,0
8766945,"MAHARASHTRA","MUMBAI II","MUMBAI_DYD_URC3 ( GHATKOPAR )",2,"Greater Mumbai_Municipal Corporations","M/East - Ward No. 144",,,,3,3,5,12,4,400088,2,1,3,0,2,10,0,0,0,2,2,1,9,2,229,1,0,0,0,0,0,0
7687039,"MAHARASHTRA","MUMBAI II","MUMBAI_DYD_URC6 ( MALAD (W) )",2,"Greater Mumbai_Municipal Corporations","K/West - Ward No. 70",,,,11,3,11,12,4,400056,2,2,3,0,1,19,0,0,0,0,2,1,9,0,150,1,0,0,0,0,0,0
2381905,"MAHARASHTRA","MUMBAI II","MUMBAI_DYD_URC5 ( ANDHERI )",2,"Greater Mumbai_Municipal Corporations","H/East - Ward No. 88",,,,6,3,5,10,5,400055,2,2,3,0,2,19,10,4,0,2,0,1,9,9,2,1,0,0,0,0,0,0
2721295,"MAHARASHTRA","MUMBAI II","MUMBAI_DYD_URC5 ( ANDHERI )",2,"Greater Mumbai_Municipal Corporations","K/East - Ward No. 76",,,,6,3,5,10,4,400093,2,2,3,0,2,10,0,0,0,2,0,1,9,2,229,1,0,0,0,0,0,0
5165692,"MAHARASHTRA","MUMBAI II","MUMBAI_DYD_URC7 ( KANDIVALI (E) )",2,"Greater Mumbai_Municipal Corporations","R/North - Ward No. 4",,,,6,3,5,10,5,400068,2,1,3,0,1,19,0,0,0,2,0,1,9,9,210,1,0,0,0,0,0,0
2273406,"MAHARASHTRA","MUMBAI II","MUMBAI_DYD_URC1 ( GRANT ROAD )",2,"Greater Mumbai_Municipal Corporations","A - Ward No. 225",,,,6,3,1,10,4,400028,1,2,3,0,2,10,0,0,0,2,0,1,2,2,0,1,0,0,0,0,0,0
9140268,"MAHARASHTRA","MUMBAI II","MUMBAI_DYD_URC1 ( GRANT ROAD )",2,"Greater Mumbai_Municipal Corporations","E - Ward No. 213",,,,11,3,11,12,4,400008,2,2,3,0,1,19,0,0,0,0,2,1,9,0,230,1,0,0,0,0,0,0
3908303,"MAHARASHTRA","MUMBAI II","MUMBAI_DYD_URC4 ( MULUND )",2,"Greater Mumbai_Municipal Corporations","N - Ward No. 131",,,,6,3,1,10,5,400078,2,2,3,0,2,19,0,0,0,3,0,1,1,9,0,1,84,65,13,6,1,0
5975717,"MAHARASHTRA","MUMBAI II","MUMBAI_DYD_URC4 ( MULUND )",2,"Greater Mumbai_Municipal Corporations","L - Ward No. 157",,,,6,3,1,10,5,400004,2,1,3,0,2,19,10,4,0,2,0,1,2,9,235,1,0,0,2,2,37,35
5697722,"MAHARASHTRA","MUMBAI II","MUMBAI_DYD_URC7 ( KANDIVALI (E) )",2,"Greater Mumbai_Municipal Corporations","R/South - Ward No. 19",,,,6,3,5,10,5,400067,2,2,3,0,2,19,0,0,0,2,0,1,9,9,0,1,0,0,0,0,0,0
7727923,"MAHARASHTRA","MUMBAI II","MUMBAI_DYD_URC3 ( GHATKOPAR )",2,"Greater Mumbai_Municipal Corporations","N - Ward No. 124",,,,3,3,5,12,4,400079,2,2,3,0,2,10,19,0,0,2,2,1,9,2,226,1,0,0,0,0,0,0
5686250,"MAHARASHTRA","MUMBAI II","MUMBAI_DYD_URC6 ( MALAD (W) )",2,"Greater Mumbai_Municipal Corporations","P/North - Ward No. 38",,,,6,3,5,10,4,400097,2,2,3,0,1,4,10,19,0,2,0,1,9,2,220,1,0,0,0,0,0,0
4909789,"MAHARASHTRA","MUMBAI II","MUMBAI_DYD_URC3 ( GHATKOPAR )",2,"Greater Mumbai_Municipal Corporations","N - Ward No. 124",,,,5,3,8,12,4,400079,2,2,3,0,2,10,19,0,0,2,2,1,9,0,237,1,0,0,0,0,0,0
6078137,"MAHARASHTRA","MUMBAI II","MUMBAI_DYD_URC5 ( ANDHERI )",2,"Greater Mumbai_Municipal Corporations","H/East - Ward No. 88",,,,7,3,8,10,4,400055,2,2,3,0,2,10,0,0,0,2,0,1,9,0,0,1,0,0,0,0,0,0
9580494,"MAHARASHTRA","MUMBAI II","MUMBAI_DYD_URC7 ( KANDIVALI (E) )",2,"Greater Mumbai_Municipal Corporations","R/North - Ward No. 7",,,,7,3,8,10,4,400068,2,1,3,0,1,4,0,0,0,2,0,1,9,0,215,1,0,0,0,0,0,0
9034269,"MAHARASHTRA","MUMBAI II","MUMBAI_DYD_URC4 ( MULUND )",2,"Greater Mumbai_Municipal Corporations","T - Ward No. 104",,,,3,3,5,12,4,400080,2,1,3,0,2,10,19,0,0,2,2,1,9,2,0,1,0,0,0,0,0,0
9693823,"MAHARASHTRA","MUMBAI II","MUMBAI_DYD_URC3 ( GHATKOPAR )",2,"Greater Mumbai_Municipal Corporations","L - Ward No. 159",,,,6,3,5,10,4,400084,2,2,3,0,1,4,0,0,0,2,0,1,9,2,0,1,0,0,0,0,0,0
5280230,"MAHARASHTRA","MUMBAI II","MUMBAI_DYD_URC6 ( MALAD (W) )",2,"Greater Mumbai_Municipal Corporations","P/North - Ward No. 38",,,,6,3,5,10,4,400097,2,2,3,0,1,4,0,0,0,2,0,1,9,2,0,1,0,0,0,0,0,0
7052174,"MAHARASHTRA","MUMBAI II","MUMBAI_DYD_URC7 ( KANDIVALI (E) )",2,"Greater Mumbai_Municipal Corporations","R/South - Ward No. 30",,,,6,3,5,10,4,400067,2,2,3,0,2,10,0,0,0,2,0,1,9,2,0,1,0,0,0,0,0,0
6887353,"MAHARASHTRA","MUMBAI II","MUMBAI_DYD_URC4 ( MULUND )",2,"Greater Mumbai_Municipal Corporations","T - Ward No. 108",,,,3,3,5,12,4,400082,2,2,3,0,1,19,0,0,0,2,2,1,9,2,184,1,0,0,0,0,0,0
2508063,"MAHARASHTRA","MUMBAI II","MUMBAI_DYD_URC4 ( MULUND )",2,"Greater Mumbai_Municipal Corporations","S - Ward No. 122",,,,3,3,5,12,5,400076,2,2,3,0,2,19,4,10,0,2,2,1,9,9,0,1,0,0,0,0,0,0
2882841,"MAHARASHTRA","MUMBAI II","MUMBAI_DYD_URC6 ( MALAD (W) )",2,"Greater Mumbai_Municipal Corporations","P/North - Ward No. 46",,,,6,3,5,10,5,400064,2,1,3,0,1,19,0,0,0,2,0,1,9,9,0,1,0,0,0,0,0,0
1969992,"MAHARASHTRA","MUMBAI II","MUMBAI_DYD_URC6 ( MALAD (W) )",2,"Greater Mumbai_Municipal Corporations","K/West - Ward No. 62",,,,6,3,5,10,4,400102,2,2,3,0,1,4,0,0,0,2,0,1,9,2,0,1,0,0,0,0,0,0
2104602,"MAHARASHTRA","MUMBAI II","MUMBAI_DYD_URC6 ( MALAD (W) )",2,"Greater Mumbai_Municipal Corporations","P/North - Ward No. 45",,,,3,3,5,12,4,400097,2,1,3,0,1,3,4,19,0,2,2,1,9,2,233,1,0,0,0,0,0,0
8530507,"MAHARASHTRA","MUMBAI II","MUMBAI_DYD_URC2 ( SION )",2,"Greater Mumbai_Municipal Corporations","F/North - Ward No. 177",,,,6,3,1,10,5,400014,2,2,3,0,2,19,0,0,0,3,0,1,1,9,0,1,50,43,4,2,0,0
1025236,"MAHARASHTRA","MUMBAI II","MUMBAI_DYD_URC7 ( KANDIVALI (E) )",2,"Greater Mumbai_Municipal Corporations","R/South - Ward No. 27",,,,6,3,5,10,5,400101,2,2,3,0,2,19,10,4,0,2,0,1,9,9,220,1,0,0,0,0,0,0
5796556,"MAHARASHTRA","MUMBAI II","MUMBAI_DYD_URC7 ( KANDIVALI (E) )",2,"Greater Mumbai_Municipal Corporations","R/South - Ward No. 24",,,,3,3,5,12,5,400101,2,1,3,0,1,19,0,0,0,2,2,1,9,9,0,1,0,0,0,0,0,0
6903048,"MAHARASHTRA","MUMBAI II","MUMBAI_DYD_URC4 ( MULUND )",2,"Greater Mumbai_Municipal Corporations","L - Ward No. 171",,,,7,3,8,10,4,400070,2,2,3,0,1,18,0,0,0,2,0,1,9,0,0,1,0,0,0,0,0,0
5460646,"MAHARASHTRA","MUMBAI II","MUMBAI_DYD_URC6 ( MALAD (W) )",2,"Greater Mumbai_Municipal Corporations","K/West - Ward No. 67",,,,6,3,5,10,5,400058,2,2,3,0,2,19,0,0,0,2,0,1,9,9,218,1,0,0,0,0,0,0
3856575,"MAHARASHTRA","MUMBAI II","MUMBAI_DYD_URC7 ( KANDIVALI (E) )",2,"Greater Mumbai_Municipal Corporations","R/South - Ward No. 22",,,,3,3,5,12,4,400067,2,2,3,0,2,10,19,0,0,2,2,1,9,2,230,1,0,0,0,0,0,0
9684073,"MAHARASHTRA","MUMBAI II","MUMBAI_DYD_URC1 ( GRANT ROAD )",2,"Greater Mumbai_Municipal Corporations","G/North - Ward No. 190",,,,5,3,8,12,4,400016,2,2,3,0,2,18,19,4,10,2,2,1,9,0,230,1,0,0,0,0,0,0
6194860,"MAHARASHTRA","MUMBAI II","MUMBAI_DYD_URC3 ( GHATKOPAR )",2,"Greater Mumbai_Municipal Corporations","M/East - Ward No. 138",,,,6,3,5,10,4,400043,2,2,3,0,1,18,0,0,0,2,0,1,9,2,0,1,0,0,0,0,0,0
3942082,"MAHARASHTRA","MUMBAI II","MUMBAI_DYD_URC3 ( GHATKOPAR )",2,"Greater Mumbai_Municipal Corporations","M/East - Ward No. 144",,,,11,3,11,12,4,400071,2,2,3,0,1,19,0,0,0,0,2,1,9,0,0,1,0,0,0,0,0,0
8549916,"MAHARASHTRA","MUMBAI II","MUMBAI_DYD_URC1 ( GRANT ROAD )",2,"Greater Mumbai_Municipal Corporations","G/North - Ward No. 192",,,,3,1,5,12,4,400028,2,1,3,0,1,19,0,0,0,2,2,1,9,2,0,1,0,0,0,0,0,0
7075609,"MAHARASHTRA","MUMBAI II","MUMBAI_DYD_URC6 ( MALAD (W) )",2,"Greater Mumbai_Municipal Corporations","P/North - Ward No. 44",,,,6,3,1,10,5,400097,2,2,3,0,1,19,0,0,0,3,0,1,2,9,198,1,56,54,11,8,0,0
6098735,"MAHARASHTRA","MUMBAI II","MUMBAI_DYD_URC6 ( MALAD (W) )",2,"Greater Mumbai_Municipal Corporations","P/North - Ward No. 33",,,,6,3,5,10,5,400095,2,1,3,0,1,19,0,0,0,2,0,1,9,9,0,2,0,0,0,0,0,0
4076202,"MAHARASHTRA","MUMBAI II","MUMBAI_DYD_URC4 ( MULUND )",2,"Greater Mumbai_Municipal Corporations","S - Ward No. 111",,,,6,3,5,10,4,400042,2,2,3,0,2,10,19,0,0,2,0,1,9,2,193,1,0,0,0,0,0,0
9868281,"MAHARASHTRA","MUMBAI II","MUMBAI_DYD_URC4 ( MULUND )",2,"Greater Mumbai_Municipal Corporations","S - Ward No. 115",,,,6,3,5,10,4,400078,2,2,3,0,2,10,0,0,0,2,0,1,9,2,221,1,0,0,0,0,0,0
8194322,"MAHARASHTRA","MUMBAI II","MUMBAI_DYD_URC4 ( MULUND )",2,"Greater Mumbai_Municipal Corporations","T - Ward No. 108",,,,6,3,1,10,5,400080,2,2,3,0,2,19,0,0,0,3,0,1,1,9,204,1,68,49,19,20,0,0
3735177,"MAHARASHTRA","MUMBAI II","MUMBAI_DYD_URC2 ( SION )",2,"Greater Mumbai_Municipal Corporations","F/South - Ward No. 206",,,,6,3,5,10,4,400015,2,2,3,0,1,19,0,0,0,2,0,1,9,2,0,1,0,0,0,0,0,0
7009176,"MAHARASHTRA","MUMBAI II","MUMBAI_DYD_URC6 ( MALAD (W) )",2,"Greater Mumbai_Municipal Corporations","P/North - Ward No. 41",,,,6,3,5,10,4,400065,2,2,3,0,1,4,0,0,0,2,0,1,9,2,0,1,0,0,0,0,0,0
5981943,"MAHARASHTRA","MUMBAI II","MUMBAI_DYD_URC7 ( KANDIVALI (E) )",2,"Greater Mumbai_Municipal Corporations","R/Central - Ward No. 14",,,,2,3,1,8,5,400091,2,1,3,0,2,19,0,0,0,0,0,1,2,9,220,1,34,29,16,17,0,0
4781384,"MAHARASHTRA","MUMBAI II","MUMBAI_DYD_URC5 ( ANDHERI )",2,"Greater Mumbai_Municipal Corporations","K/East - Ward No. 84",,,,11,3,11,12,5,400057,2,1,3,0,1,19,0,0,0,0,2,1,9,9,0,1,0,0,0,0,0,0
9908658,"MAHARASHTRA","MUMBAI II","MUMBAI_DYD_URC1 ( GRANT ROAD )",2,"Greater Mumbai_Municipal Corporations","A - Ward No. 225",,,,3,3,5,12,4,400001,2,2,3,0,1,5,19,0,0,2,2,1,9,2,234,1,0,0,0,0,0,0
6363845,"MAHARASHTRA","MUMBAI II","MUMBAI_DYD_URC5 ( ANDHERI )",2,"Greater Mumbai_Municipal Corporations","P/South - Ward No. 54",,,,6,3,5,10,5,400063,2,1,3,0,1,19,0,0,0,2,0,1,9,9,5,1,0,0,0,0,0,0
2338519,"MAHARASHTRA","MUMBAI II","MUMBAI_DYD_URC5 ( ANDHERI )",2,"Greater Mumbai_Municipal Corporations","K/East - Ward No. 84",,,,6,3,5,10,4,400057,2,2,3,0,2,10,0,0,0,2,0,1,9,2,205,1,0,0,0,0,0,0
9595450,"MAHARASHTRA","MUMBAI II","MUMBAI_DYD_URC4 ( MULUND )",2,"Greater Mumbai_Municipal Corporations","L - Ward No. 159",,,,8,3,9,10,5,400072,2,2,3,0,2,19,0,0,0,2,0,1,9,9,0,1,0,0,0,0,0,0
9394300,"MAHARASHTRA","MUMBAI II","MUMBAI_DYD_URC6 ( MALAD (W) )",2,"Greater Mumbai_Municipal Corporations","P/South - Ward No. 58",,,,6,3,5,10,5,400102,2,1,3,0,2,19,4,10,0,2,0,1,9,9,0,1,0,0,0,0,0,0
9622244,"MAHARASHTRA","MUMBAI II","MUMBAI_DYD_URC7 ( KANDIVALI (E) )",2,"Greater Mumbai_Municipal Corporations","R/Central - Ward No. 18",,,,6,3,5,10,4,400067,2,2,3,0,2,10,19,0,0,2,0,1,9,2,210,1,0,0,0,0,0,0
7591438,"MAHARASHTRA","MUMBAI II","MUMBAI_DYD_URC5 ( ANDHERI )",2,"Greater Mumbai_Municipal Corporations","K/East - Ward No. 78",,,,6,3,5,10,5,400060,2,2,3,0,1,19,0,0,0,2,0,1,9,9,220,1,0,0,0,0,0,0
7437419,"MAHARASHTRA","MUMBAI II","MUMBAI_DYD_URC7 ( KANDIVALI (E) )",2,"Greater Mumbai_Municipal Corporations","R/Central - Ward No. 11",,,,3,3,5,12,4,400066,2,1,3,0,2,10,19,0,0,2,2,1,9,2,0,1,0,0,0,0,0,0
7560651,"MAHARASHTRA","MUMBAI II","MUMBAI_DYD_URC5 ( ANDHERI )",2,"Greater Mumbai_Municipal Corporations","H/East - Ward No. 91",,,,6,2,5,10,4,400098,2,1,3,0,2,10,0,0,0,2,0,1,9,2,0,1,0,0,0,0,0,0
5050646,"MAHARASHTRA","MUMBAI II","MUMBAI_DYD_URC1 ( GRANT ROAD )",2,"Greater Mumbai_Municipal Corporations","D - Ward No. 217",,,,6,3,1,10,5,400007,2,2,3,0,1,19,0,0,0,4,0,1,1,9,0,1,21,19,0,0,0,0
3811167,"MAHARASHTRA","MUMBAI II","MUMBAI_DYD_URC7 ( KANDIVALI (E) )",2,"Greater Mumbai_Municipal Corporations","R/Central - Ward No. 12",,,,6,3,1,10,5,400066,2,1,3,0,2,19,0,0,0,1,0,1,1,9,0,1,72,64,4,3,0,0
2913915,"MAHARASHTRA","MUMBAI II","MUMBAI_DYD_URC1 ( GRANT ROAD )",2,"Greater Mumbai_Municipal Corporations","D - Ward No. 214",,,,3,3,1,12,5,400007,2,2,3,0,1,19,0,0,0,4,4,1,1,9,0,1,14,20,0,0,0,0
4361314,"MAHARASHTRA","MUMBAI II","MUMBAI_DYD_URC5 ( ANDHERI )",2,"Greater Mumbai_Municipal Corporations","H/West - Ward No. 101",,,,11,3,11,12,4,400050,2,2,3,0,1,19,0,0,0,0,2,1,9,0,0,1,0,0,0,0,0,0
9755801,"MAHARASHTRA","MUMBAI II","MUMBAI_DYD_URC6 ( MALAD (W) )",2,"Greater Mumbai_Municipal Corporations","P/North - Ward No. 32",,,,6,3,5,10,4,400095,2,2,3,0,1,19,10,4,0,2,0,1,9,2,0,1,0,0,0,0,0,0
8936337,"MAHARASHTRA","MUMBAI II","MUMBAI_DYD_URC6 ( MALAD (W) )",2,"Greater Mumbai_Municipal Corporations","A - Ward No. 227",,,,11,3,11,12,5,400058,2,2,3,0,2,19,0,0,0,0,2,1,9,9,0,2,0,0,0,0,0,0
6245159,"MAHARASHTRA","MUMBAI II","MUMBAI_DYD_URC2 ( SION )",2,"Greater Mumbai_Municipal Corporations","F/North - Ward No. 181",,,,6,3,5,10,4,400037,2,2,3,0,2,10,0,0,0,2,0,1,9,2,230,1,0,0,0,0,0,0
3937615,"MAHARASHTRA","MUMBAI II","MUMBAI_DYD_URC4 ( MULUND )",2,"Greater Mumbai_Municipal Corporations","L - Ward No. 159",,,,6,3,5,10,5,400072,2,1,3,0,1,19,0,0,0,2,0,1,9,9,225,1,0,0,0,0,0,0
5016508,"MAHARASHTRA","MUMBAI II","MUMBAI_DYD_URC6 ( MALAD (W) )",2,"Greater Mumbai_Municipal Corporations","K/West - Ward No. 63",,,,3,3,1,12,5,400053,2,2,3,0,2,19,0,0,0,3,3,1,2,9,0,1,0,0,0,0,0,0
4534072,"MAHARASHTRA","MUMBAI II","MUMBAI_DYD_URC6 ( MALAD (W) )",2,"Greater Mumbai_Municipal Corporations","P/North - Ward No. 41",,,,6,3,5,10,4,400097,2,2,3,0,1,18,0,0,0,2,0,1,9,2,0,1,0,0,0,0,0,0
8997739,"MAHARASHTRA","MUMBAI II","MUMBAI_DYD_URC2 ( SION )",2,"Greater Mumbai_Municipal Corporations","F/North - Ward No. 177",,,,11,3,11,12,4,400031,2,2,3,0,1,19,0,0,0,0,2,1,9,0,0,1,0,0,0,0,0,0
2262738,"MAHARASHTRA","MUMBAI II","MUMBAI_DYD_URC4 ( MULUND )",2,"Greater Mumbai_Municipal Corporations","T - Ward No. 108",,,,3,3,1,12,5,400080,2,2,3,0,2,19,4,10,0,4,4,1,2,9,0,1,1,0,23,30,0,0
2975818,"MAHARASHTRA","MUMBAI II","MUMBAI_DYD_URC6 ( MALAD (W) )",2,"Greater Mumbai_Municipal Corporations","P/North - Ward No. 41",,,,6,3,5,10,4,400065,2,2,3,0,2,10,0,0,0,2,0,1,9,2,234,1,0,0,0,0,0,0
2761995,"MAHARASHTRA","MUMBAI II","MUMBAI_DYD_URC7 ( KANDIVALI (E) )",2,"Greater Mumbai_Municipal Corporations","R/South - Ward No. 20",,,,6,3,5,10,4,400067,2,2,2,3,1,4,10,19,0,2,0,1,9,2,0,1,0,0,0,0,0,0
7996261,"MAHARASHTRA","MUMBAI II","MUMBAI_DYD_URC3 ( GHATKOPAR )",2,"Greater Mumbai_Municipal Corporations","M/East - Ward No. 139",,,,3,3,1,12,5,400088,2,2,3,0,2,19,0,0,0,4,4,1,2,9,227,1,14,12,1,0,0,0
4254529,"MAHARASHTRA","MUMBAI II","MUMBAI_DYD_URC5 ( ANDHERI )",2,"Greater Mumbai_Municipal Corporations","H/West - Ward No. 100",,,,6,3,5,10,4,400050,2,1,3,0,1,19,0,0,0,2,0,1,9,2,230,1,0,0,0,0,0,0
8118696,"MAHARASHTRA","MUMBAI II","MUMBAI_DYD_URC7 ( KANDIVALI (E) )",2,"Greater Mumbai_Municipal Corporations","R/North - Ward No. 7",,,,3,3,1,12,5,400097,2,1,3,0,2,19,4,10,0,2,2,1,2,9,0,1,0,1,65,53,0,0
1979402,"MAHARASHTRA","MUMBAI II","MUMBAI_DYD_URC4 ( MULUND )",2,"Greater Mumbai_Municipal Corporations","S - Ward No. 115",,,,6,3,5,10,4,400078,2,2,3,0,2,10,0,0,0,2,0,1,9,2,225,1,0,0,0,0,0,0
8449511,"MAHARASHTRA","MUMBAI II","MUMBAI_DYD_URC1 ( GRANT ROAD )",2,"Greater Mumbai_Municipal Corporations","B - Ward No. 223",,,,6,3,1,10,5,400009,2,1,3,0,1,19,0,0,0,1,0,1,1,9,0,1,81,37,10,2,0,0
3095792,"MAHARASHTRA","MUMBAI II","MUMBAI_DYD_URC7 ( KANDIVALI (E) )",2,"Greater Mumbai_Municipal Corporations","R/South - Ward No. 22",,,,3,3,5,12,4,400067,2,2,3,0,1,19,0,0,0,2,2,1,9,2,0,1,0,0,0,0,0,0
3036454,"MAHARASHTRA","MUMBAI II","MUMBAI_DYD_URC5 ( ANDHERI )",2,"Greater Mumbai_Municipal Corporations","H/East - Ward No. 90",,,,6,3,5,10,4,400029,2,2,3,0,2,19,0,0,0,2,0,1,9,2,210,1,0,0,0,0,0,0
4207748,"MAHARASHTRA","MUMBAI II","MUMBAI_DYD_URC2 ( SION )",2,"Greater Mumbai_Municipal Corporations","E - Ward No. 211",,,,3,3,1,12,5,400008,2,1,3,0,1,19,0,0,0,3,3,1,1,9,0,1,147,60,29,5,0,0
4035502,"MAHARASHTRA","MUMBAI II","MUMBAI_DYD_URC1 ( GRANT ROAD )",2,"Greater Mumbai_Municipal Corporations","D - Ward No. 217",,,,6,3,5,10,4,400007,2,2,3,0,1,19,0,0,0,2,0,1,9,2,220,1,0,0,0,0,0,0
5505731,"MAHARASHTRA","MUMBAI II","MUMBAI_DYD_URC5 ( ANDHERI )",2,"Greater Mumbai_Municipal Corporations","K/East - Ward No. 86",,,,6,3,5,10,4,400099,2,1,3,0,1,19,0,0,0,2,0,1,9,2,0,1,0,0,0,0,0,0
7079435,"MAHARASHTRA","MUMBAI II","MUMBAI_DYD_URC5 ( ANDHERI )",2,"Greater Mumbai_Municipal Corporations","K/East - Ward No. 75",,,,6,3,5,10,4,400059,2,1,3,0,2,10,0,0,0,2,0,1,9,2,220,1,0,0,0,0,0,0
4641353,"MAHARASHTRA","MUMBAI II","MUMBAI_DYD_URC6 ( MALAD (W) )",2,"Greater Mumbai_Municipal Corporations","P/North - Ward No. 37",,,,11,3,11,12,4,400097,2,2,3,0,1,19,0,0,0,0,2,1,9,0,0,2,0,0,0,0,0,0
4208720,"MAHARASHTRA","MUMBAI II","MUMBAI_DYD_URC6 ( MALAD (W) )",2,"Greater Mumbai_Municipal Corporations","K/West - Ward No. 62",,,,8,3,9,10,5,400102,2,2,3,0,1,19,0,0,0,2,0,1,9,9,0,2,0,0,0,0,0,0
7334060,"MAHARASHTRA","MUMBAI II","MUMBAI_DYD_URC6 ( MALAD (W) )",2,"Greater Mumbai_Municipal Corporations","P/North - Ward No. 35",,,,11,2,11,12,4,400064,2,1,3,0,1,19,3,10,4,0,2,1,9,0,0,1,0,0,0,0,0,0
2547945,"MAHARASHTRA","MUMBAI II","MUMBAI_DYD_URC4 ( MULUND )",2,"Greater Mumbai_Municipal Corporations","S - Ward No. 118",,,,3,3,5,12,4,400083,2,1,3,0,2,10,4,19,0,2,2,1,9,2,0,1,0,0,0,0,0,0
8812840,"MAHARASHTRA","MUMBAI II","MUMBAI_DYD_URC6 ( MALAD (W) )",2,"Greater Mumbai_Municipal Corporations","K/West - Ward No. 67",,,,6,3,5,10,5,400058,2,2,3,0,2,19,0,0,0,2,0,1,9,9,0,1,0,0,0,0,0,0
8547268,"MAHARASHTRA","MUMBAI II","MUMBAI_DYD_URC6 ( MALAD (W) )",2,"Greater Mumbai_Municipal Corporations","P/North - Ward No. 34",,,,6,3,5,10,5,400095,2,1,3,0,1,19,0,0,0,2,0,1,9,9,220,1,0,0,0,0,0,0
8055773,"MAHARASHTRA","MUMBAI II","MUMBAI_DYD_URC4 ( MULUND )",2,"Greater Mumbai_Municipal Corporations","S - Ward No. 122",,,,3,3,1,12,5,400070,2,1,3,0,1,19,0,0,0,4,4,1,1,9,230,1,41,32,2,2,0,0
1302852,"MAHARASHTRA","MUMBAI II","MUMBAI_DYD_URC6 ( MALAD (W) )",2,"Greater Mumbai_Municipal Corporations","P/North - Ward No. 34",,,,6,3,5,10,5,400097,2,2,3,0,2,19,0,0,0,2,0,1,9,9,0,1,0,0,0,0,0,0
6230290,"MAHARASHTRA","MUMBAI II","MUMBAI_DYD_URC4 ( MULUND )",2,"Greater Mumbai_Municipal Corporations","T - Ward No. 108",,,,3,3,5,12,5,400082,2,1,3,0,2,19,0,0,0,2,2,1,9,9,0,1,0,0,0,0,0,0
5511556,"MAHARASHTRA","MUMBAI II","MUMBAI_DYD_URC4 ( MULUND )",2,"Greater Mumbai_Municipal Corporations","H/West - Ward No. 100",,,,6,3,5,10,4,400081,2,2,3,0,2,10,0,0,0,2,0,1,9,2,221,1,0,0,0,0,0,0
1307305,"MAHARASHTRA","MUMBAI II","MUMBAI_DYD_URC6 ( MALAD (W) )",2,"Greater Mumbai_Municipal Corporations","P/North - Ward No. 35",,,,6,3,1,10,5,400061,2,2,3,0,1,19,0,0,0,1,0,1,2,9,0,2,44,35,1,2,0,0
7434207,"MAHARASHTRA","MUMBAI II","MUMBAI_DYD_URC6 ( MALAD (W) )",2,"Greater Mumbai_Municipal Corporations","P/North - Ward No. 46",,,,8,3,9,10,4,400064,2,2,3,0,2,10,0,0,0,2,0,1,9,0,0,2,0,0,0,0,0,0
8628893,"MAHARASHTRA","MUMBAI II","MUMBAI_DYD_URC3 ( GHATKOPAR )",2,"Greater Mumbai_Municipal Corporations","N - Ward No. 133",,,,7,3,8,10,4,400075,2,2,3,0,2,10,0,0,0,2,0,1,9,0,0,1,0,0,0,0,0,0
1996598,"MAHARASHTRA","MUMBAI II","MUMBAI_DYD_URC7 ( KANDIVALI (E) )",2,"Greater Mumbai_Municipal Corporations","R/South - Ward No. 30",,,,11,3,11,12,4,400067,2,1,3,0,1,19,0,0,0,0,2,1,9,0,0,2,0,0,0,0,0,0
3695604,"MAHARASHTRA","MUMBAI II","MUMBAI_DYD_URC2 ( SION )",2,"Greater Mumbai_Municipal Corporations","E - Ward No. 211",,,,6,2,5,10,5,400008,2,1,3,0,1,19,0,0,0,2,0,1,9,9,183,1,0,0,0,0,0,0
8370791,"MAHARASHTRA","MUMBAI II","MUMBAI_DYD_URC3 ( GHATKOPAR )",2,"Greater Mumbai_Municipal Corporations","M/West - Ward No. 152",,,,6,2,5,10,4,400071,2,2,3,0,1,19,0,0,0,2,0,1,9,2,208,1,0,0,0,0,0,0
2113001,"MAHARASHTRA","MUMBAI II","MUMBAI_DYD_URC7 ( KANDIVALI (E) )",2,"Greater Mumbai_Municipal Corporations","R/Central - Ward No. 12",,,,3,3,5,12,4,400066,2,2,3,0,2,10,19,0,0,2,2,1,9,2,0,1,0,0,0,0,0,0
3109926,"MAHARASHTRA","MUMBAI II","MUMBAI_DYD_URC3 ( GHATKOPAR )",2,"Greater Mumbai_Municipal Corporations","M/West - Ward No. 152",,,,6,3,1,10,5,400071,2,2,3,0,2,19,0,0,0,3,0,1,1,9,188,1,143,111,20,8,0,0
4219043,"MAHARASHTRA","MUMBAI II","MUMBAI_DYD_URC5 ( ANDHERI )",2,"Greater Mumbai_Municipal Corporations","K/East - Ward No. 72",,,,6,3,1,10,5,400060,2,1,3,0,2,19,10,4,0,2,0,1,1,9,220,1,90,80,14,22,0,0
1448835,"MAHARASHTRA","MUMBAI II","MUMBAI_DYD_URC4 ( MULUND )",2,"Greater Mumbai_Municipal Corporations","L - Ward No. 171",,,,6,3,5,10,5,400070,2,2,3,0,1,19,0,0,0,2,0,1,9,9,0,1,0,0,0,0,0,0
8287152,"MAHARASHTRA","MUMBAI II","MUMBAI_DYD_URC4 ( MULUND )",2,"Greater Mumbai_Municipal Corporations","L - Ward No. 171",,,,11,3,11,12,5,400070,2,2,3,0,1,19,0,0,0,0,2,1,9,9,220,1,0,0,0,0,0,0
5599345,"MAHARASHTRA","MUMBAI II","MUMBAI_DYD_URC3 ( GHATKOPAR )",2,"Greater Mumbai_Municipal Corporations","M/West - Ward No. 150",,,,6,3,5,10,4,400043,2,1,3,0,1,10,0,0,0,2,0,1,9,2,221,1,0,0,0,0,0,0
2678354,"MAHARASHTRA","MUMBAI II","MUMBAI_DYD_URC6 ( MALAD (W) )",2,"Greater Mumbai_Municipal Corporations","K/West - Ward No. 62",,,,6,3,5,10,4,400102,2,2,3,0,1,4,19,3,18,2,0,1,9,2,0,1,0,0,0,0,0,0
1062929,"MAHARASHTRA","MUMBAI II","MUMBAI_DYD_URC7 ( KANDIVALI (E) )",2,"Greater Mumbai_Municipal Corporations","R/North - Ward No. 4",,,,3,3,5,12,4,400068,2,1,3,0,2,10,19,0,0,2,2,1,9,2,0,1,0,0,0,0,0,0
6009386,"MAHARASHTRA","MUMBAI II","MUMBAI_DYD_URC4 ( MULUND )",2,"Greater Mumbai_Municipal Corporations","T - Ward No. 107",,,,3,3,1,12,5,400080,2,2,3,0,2,19,4,10,0,4,4,1,2,9,200,1,15,11,3,4,0,0
7504299,"MAHARASHTRA","MUMBAI II","MUMBAI_DYD_URC5 ( ANDHERI )",2,"Greater Mumbai_Municipal Corporations","K/East - Ward No. 81",,,,3,3,1,12,5,400093,2,2,3,0,2,19,4,10,0,2,2,1,1,9,189,1,25,26,1,0,0,1
3564666,"MAHARASHTRA","MUMBAI II","MUMBAI_DYD_URC3 ( GHATKOPAR )",2,"Greater Mumbai_Municipal Corporations","M/West - Ward No. 153",,,,3,3,5,12,4,400071,2,1,3,0,1,19,5,0,0,2,2,1,9,2,3,1,0,0,0,0,0,0
1511950,"MAHARASHTRA","MUMBAI II","MUMBAI_DYD_URC6 ( MALAD (W) )",2,"Greater Mumbai_Municipal Corporations","P/South - Ward No. 55",,,,6,3,1,10,5,400102,2,1,3,0,2,19,0,0,0,3,0,1,1,9,0,1,12,8,2,6,0,0
1643917,"MAHARASHTRA","MUMBAI II","MUMBAI_DYD_URC6 ( MALAD (W) )",2,"Greater Mumbai_Municipal Corporations","K/West - Ward No. 66",,,,6,3,5,10,5,400058,2,1,3,0,2,19,0,0,0,2,0,1,9,9,200,1,0,0,0,0,0,0
7668724,"MAHARASHTRA","MUMBAI II","MUMBAI_DYD_URC1 ( GRANT ROAD )",2,"Greater Mumbai_Municipal Corporations","D - Ward No. 217",,,,11,3,11,12,4,400004,2,2,3,0,2,19,0,0,0,0,2,1,9,0,220,1,0,0,0,0,0,0
5483392,"MAHARASHTRA","MUMBAI II","MUMBAI_DYD_URC1 ( GRANT ROAD )",2,"Greater Mumbai_Municipal Corporations","G/North - Ward No. 192",,,,5,3,8,12,4,400028,2,1,3,0,2,10,19,0,0,2,2,1,9,0,205,1,0,0,0,0,0,0
9747369,"MAHARASHTRA","MUMBAI II","MUMBAI_DYD_URC6 ( MALAD (W) )",2,"Greater Mumbai_Municipal Corporations","K/West - Ward No. 59",,,,6,3,5,10,5,400058,2,2,3,0,1,19,0,0,0,2,0,1,9,9,220,1,0,0,0,0,0,0
2743529,"MAHARASHTRA","MUMBAI II","MUMBAI_DYD_URC4 ( MULUND )",2,"Greater Mumbai_Municipal Corporations","L - Ward No. 167",,,,6,1,5,10,4,400070,2,2,3,0,1,18,0,0,0,2,0,1,9,2,0,1,0,0,0,0,0,0
7637415,"MAHARASHTRA","MUMBAI II","MUMBAI_DYD_URC2 ( SION )",2,"Greater Mumbai_Municipal Corporations","F/South - Ward No. 205",,,,7,3,8,10,4,400033,2,2,3,0,2,10,4,19,0,2,0,1,9,0,234,1,0,0,0,0,0,0
8224045,"MAHARASHTRA","MUMBAI II","MUMBAI_DYD_URC6 ( MALAD (W) )",2,"Greater Mumbai_Municipal Corporations","P/North - Ward No. 38",,,,6,3,5,10,4,400097,2,2,3,0,2,10,0,0,0,2,0,1,9,2,0,1,0,0,0,0,0,0
4985254,"MAHARASHTRA","MUMBAI II","MUMBAI_DYD_URC2 ( SION )",2,"Greater Mumbai_Municipal Corporations","E - Ward No. 210",,,,6,1,5,10,4,400010,2,2,3,0,1,19,0,0,0,2,0,1,9,2,210,1,0,0,0,0,0,0
5200086,"MAHARASHTRA","MUMBAI II","MUMBAI_DYD_URC1 ( GRANT ROAD )",2,"Greater Mumbai_Municipal Corporations","A - Ward No. 225",,,,11,2,11,12,4,400020,2,2,3,0,2,19,0,0,0,0,2,1,9,0,231,1,0,0,0,0,0,0
7468920,"MAHARASHTRA","MUMBAI II","MUMBAI_DYD_URC1 ( GRANT ROAD )",2,"Greater Mumbai_Municipal Corporations","A - Ward No. 227",,,,6,3,5,10,4,400005,2,2,3,0,1,19,0,0,0,2,0,1,9,2,0,1,0,0,0,0,0,0
7493460,"MAHARASHTRA","MUMBAI II","MUMBAI_DYD_URC3 ( GHATKOPAR )",2,"Greater Mumbai_Municipal Corporations","M/East - Ward No. 146",,,,6,3,1,10,101,400080,2,2,3,0,2,19,0,0,0,1,0,1,2,2,240,1,0,0,7,4,0,0
7646867,"MAHARASHTRA","MUMBAI II","MUMBAI_DYD_URC6 ( MALAD (W) )",2,"Greater Mumbai_Municipal Corporations","K/West - Ward No. 68",,,,6,3,1,10,5,400058,2,1,3,0,2,19,0,0,0,3,0,1,2,9,218,1,0,0,0,2,0,0
7446642,"MAHARASHTRA","MUMBAI II","MUMBAI_DYD_URC3 ( GHATKOPAR )",2,"Greater Mumbai_Municipal Corporations","M/West - Ward No. 154",,,,3,3,5,12,4,400074,2,1,3,0,1,19,0,0,0,2,2,1,9,2,0,1,0,0,0,0,0,0
2837740,"MAHARASHTRA","MUMBAI II","MUMBAI_DYD_URC7 ( KANDIVALI (E) )",2,"Greater Mumbai_Municipal Corporations","R/South - Ward No. 26",,,,6,3,5,10,4,400101,2,2,3,0,2,10,0,0,0,2,0,1,9,2,0,1,0,0,0,0,0,0
3105657,"MAHARASHTRA","MUMBAI II","MUMBAI_DYD_URC4 ( MULUND )",2,"Greater Mumbai_Municipal Corporations","T - Ward No. 107",,,,3,3,5,12,5,400080,2,1,3,0,2,19,0,0,0,2,2,1,9,9,0,1,0,0,0,0,0,0
9401460,"MAHARASHTRA","MUMBAI II","MUMBAI_DYD_URC1 ( GRANT ROAD )",2,"Greater Mumbai_Municipal Corporations","D - Ward No. 215",,,,6,2,5,10,5,400007,2,2,3,0,1,19,0,0,0,2,0,1,9,9,187,1,0,0,0,0,0,0
4122124,"MAHARASHTRA","MUMBAI II","MUMBAI_DYD_URC6 ( MALAD (W) )",2,"Greater Mumbai_Municipal Corporations","P/South - Ward No. 50",,,,3,3,1,12,5,400064,2,1,3,0,1,19,0,0,0,4,4,1,1,9,0,1,108,98,0,0,12,9
7831455,"MAHARASHTRA","MUMBAI II","MUMBAI_DYD_URC5 ( ANDHERI )",2,"Greater Mumbai_Municipal Corporations","K/East - Ward No. 72",,,,3,3,5,12,4,400060,2,2,3,0,2,10,19,4,0,2,2,1,9,2,185,1,0,0,0,0,0,0
9946473,"MAHARASHTRA","MUMBAI II","MUMBAI_DYD_URC1 ( GRANT ROAD )",2,"Greater Mumbai_Municipal Corporations","A - Ward No. 225",,,,6,1,1,10,5,400001,2,2,3,0,1,19,0,0,0,3,0,1,1,9,178,2,55,0,1,0,0,0
2057624,"MAHARASHTRA","MUMBAI II","MUMBAI_DYD_URC7 ( KANDIVALI (E) )",2,"Greater Mumbai_Municipal Corporations","R/Central - Ward No. 9",,,,11,3,11,12,5,400092,2,2,3,0,2,19,4,10,0,0,2,1,9,9,0,2,0,0,0,0,0,0
7613160,"MAHARASHTRA","MUMBAI II","MUMBAI_DYD_URC7 ( KANDIVALI (E) )",2,"Greater Mumbai_Municipal Corporations","R/South - Ward No. 19",,,,6,3,5,10,4,400067,2,2,3,0,2,10,0,0,0,2,0,1,9,2,0,1,0,0,0,0,0,0
7722080,"MAHARASHTRA","MUMBAI II","MUMBAI_DYD_URC6 ( MALAD (W) )",2,"Greater Mumbai_Municipal Corporations","K/West - Ward No. 70",,,,11,2,11,12,4,400056,2,1,3,0,1,19,3,0,0,0,2,1,9,0,0,1,0,0,0,0,0,0
2753963,"MAHARASHTRA","MUMBAI II","MUMBAI_DYD_URC5 ( ANDHERI )",2,"Greater Mumbai_Municipal Corporations","P/South - Ward No. 52",,,,3,3,1,12,5,400063,2,2,3,0,1,19,0,0,0,4,4,1,2,9,186,1,60,41,0,0,0,2
7448533,"MAHARASHTRA","MUMBAI II","MUMBAI_DYD_URC6 ( MALAD (W) )",2,"Greater Mumbai_Municipal Corporations","P/North - Ward No. 33",,,,3,3,1,12,5,400095,2,1,3,0,2,19,0,0,0,2,2,1,2,9,0,2,0,0,2,1,1,1
1108689,"MAHARASHTRA","MUMBAI II","MUMBAI_DYD_URC7 ( KANDIVALI (E) )",2,"Greater Mumbai_Municipal Corporations","R/Central - Ward No. 15",,,,6,3,5,10,5,400067,2,2,3,0,1,19,0,0,0,2,0,1,9,9,207,2,0,0,0,0,0,0
8207156,"MAHARASHTRA","MUMBAI II","MUMBAI_DYD_URC4 ( MULUND )",2,"Greater Mumbai_Municipal Corporations","T - Ward No. 107",,,,6,3,5,10,5,400080,2,2,3,0,1,19,0,0,0,2,0,1,9,9,0,1,0,0,0,0,0,0
3757426,"MAHARASHTRA","MUMBAI II","MUMBAI_DYD_URC1 ( GRANT ROAD )",2,"Greater Mumbai_Municipal Corporations","G/North - Ward No. 192",,,,11,3,11,12,5,400028,2,2,3,0,1,19,10,4,0,0,2,1,9,9,0,2,0,0,0,0,0,0
2846175,"MAHARASHTRA","MUMBAI II","MUMBAI_DYD_URC6 ( MALAD (W) )",2,"Greater Mumbai_Municipal Corporations","K/West - Ward No. 62",,,,6,3,5,10,4,400102,2,1,3,0,1,18,0,0,0,2,0,1,9,2,232,1,0,0,0,0,0,0
1299884,"MAHARASHTRA","MUMBAI II","MUMBAI_DYD_URC1 ( GRANT ROAD )",2,"Greater Mumbai_Municipal Corporations","C - Ward No. 222",,,,6,2,5,10,4,400002,2,2,3,0,1,19,0,0,0,2,0,1,9,2,193,1,0,0,0,0,0,0
9414305,"MAHARASHTRA","MUMBAI II","MUMBAI_DYD_URC3 ( GHATKOPAR )",2,"Greater Mumbai_Municipal Corporations","M/West - Ward No. 149",,,,7,3,8,10,4,400089,2,2,3,0,2,10,0,0,0,2,0,1,9,0,230,1,0,0,0,0,0,0
4499862,"MAHARASHTRA","MUMBAI II","MUMBAI_DYD_URC2 ( SION )",2,"Greater Mumbai_Municipal Corporations","F/North - Ward No. 177",,,,7,3,6,10,4,400019,2,2,3,0,2,10,0,0,0,2,0,1,9,0,0,1,0,0,0,0,0,0
9048430,"MAHARASHTRA","MUMBAI II","MUMBAI_DYD_URC5 ( ANDHERI )",2,"Greater Mumbai_Municipal Corporations","H/West - Ward No. 97",,,,3,3,5,12,4,400054,2,2,3,0,1,10,19,0,0,2,2,1,9,2,230,1,0,0,0,0,0,0
4245593,"MAHARASHTRA","MUMBAI II","MUMBAI_DYD_URC5 ( ANDHERI )",2,"Greater Mumbai_Municipal Corporations","K/East - Ward No. 85",,,,11,3,11,12,4,400057,2,2,3,0,2,19,10,4,0,0,2,1,9,0,0,1,0,0,0,0,0,0
3044753,"MAHARASHTRA","MUMBAI II","MUMBAI_DYD_URC6 ( MALAD (W) )",2,"Greater Mumbai_Municipal Corporations","P/North - Ward No. 37",,,,6,3,5,10,4,400097,2,2,3,0,1,4,10,19,0,2,0,1,9,2,215,1,0,0,0,0,0,0
1003436,"MAHARASHTRA","MUMBAI II","MUMBAI_DYD_URC2 ( SION )",2,"Greater Mumbai_Municipal Corporations","F/South - Ward No. 203",,,,3,3,5,12,4,400012,2,2,3,0,2,10,19,0,0,2,2,1,9,2,227,1,0,0,0,0,0,0
4530650,"MAHARASHTRA","MUMBAI II","MUMBAI_DYD_URC1 ( GRANT ROAD )",2,"Greater Mumbai_Municipal Corporations","A - Ward No. 225",,,,6,1,5,10,5,400020,2,2,3,0,1,19,0,0,0,2,0,1,9,9,0,1,0,0,0,0,0,0
7693578,"MAHARASHTRA","MUMBAI II","MUMBAI_DYD_URC6 ( MALAD (W) )",2,"Greater Mumbai_Municipal Corporations","K/West - Ward No. 61",,,,6,3,1,10,5,400102,2,2,3,0,1,19,0,0,0,4,0,1,2,9,0,1,6,6,6,3,0,0
2653062,"MAHARASHTRA","MUMBAI II","MUMBAI_DYD_URC2 ( SION )",2,"Greater Mumbai_Municipal Corporations","F/North - Ward No. 174",,,,6,3,5,10,5,400037,2,1,3,0,1,19,0,0,0,2,0,1,9,9,0,1,0,0,0,0,0,0
4065934,"MAHARASHTRA","MUMBAI II","MUMBAI_DYD_URC3 ( GHATKOPAR )",2,"Greater Mumbai_Municipal Corporations","M/East - Ward No. 147",,,,6,3,5,10,5,400074,2,2,3,0,1,19,0,0,0,2,0,1,9,9,220,1,0,0,0,0,0,0
7568069,"MAHARASHTRA","MUMBAI II","MUMBAI_DYD_URC4 ( MULUND )",2,"Greater Mumbai_Municipal Corporations","S - Ward No. 109",,,,3,3,5,12,4,400078,2,2,3,0,2,10,19,0,0,2,2,1,9,2,220,1,0,0,0,0,0,0
8861350,"MAHARASHTRA","MUMBAI II","MUMBAI_DYD_URC3 ( GHATKOPAR )",2,"Greater Mumbai_Municipal Corporations","M/West - Ward No. 154",,,,3,3,5,12,4,400071,2,1,3,0,1,19,10,0,0,2,2,1,9,2,225,1,0,0,0,0,0,0
2851375,"MAHARASHTRA","MUMBAI II","MUMBAI_DYD_URC4 ( MULUND )",2,"Greater Mumbai_Municipal Corporations","S - Ward No. 109",,,,6,3,5,10,4,400078,2,2,3,0,1,10,0,0,0,2,0,1,9,2,0,1,0,0,0,0,0,0
8565958,"MAHARASHTRA","MUMBAI II","MUMBAI_DYD_URC7 ( KANDIVALI (E) )",2,"Greater Mumbai_Municipal Corporations","R/South - Ward No. 20",,,,6,3,5,10,4,400067,2,1,3,0,1,10,0,0,0,2,0,1,9,2,0,1,0,0,0,0,0,0
6086126,"MAHARASHTRA","MUMBAI II","MUMBAI_DYD_URC5 ( ANDHERI )",2,"Greater Mumbai_Municipal Corporations","P/South - Ward No. 53",,,,3,3,1,12,5,400065,2,1,3,0,2,19,10,4,0,2,2,1,1,9,0,1,8,14,0,1,0,0
4422462,"MAHARASHTRA","MUMBAI II","MUMBAI_DYD_URC3 ( GHATKOPAR )",2,"Greater Mumbai_Municipal Corporations","M/East - Ward No. 145",,,,6,3,5,10,5,400088,2,2,3,0,1,19,0,0,0,2,0,1,9,9,220,1,0,0,0,0,0,0
8662201,"MAHARASHTRA","MUMBAI II","MUMBAI_DYD_URC4 ( MULUND )",2,"Greater Mumbai_Municipal Corporations","L - Ward No. 167",,,,7,3,8,10,4,400070,2,2,3,0,1,4,0,0,0,2,0,1,9,0,250,1,0,0,0,0,0,0
9830673,"MAHARASHTRA","MUMBAI II","MUMBAI_DYD_URC5 ( ANDHERI )",2,"Greater Mumbai_Municipal Corporations","K/East - Ward No. 81",,,,3,3,5,12,4,400093,2,1,3,0,1,19,10,0,0,2,2,1,9,2,0,1,0,0,0,0,0,0
8425570,"MAHARASHTRA","MUMBAI II","MUMBAI_DYD_URC7 ( KANDIVALI (E) )",2,"Greater Mumbai_Municipal Corporations","R/Central - Ward No. 9",,,,3,3,5,12,5,400091,2,1,3,0,2,19,10,4,0,2,2,1,9,9,0,1,0,0,0,0,0,0
2028604,"MAHARASHTRA","MUMBAI II","MUMBAI_DYD_URC2 ( SION )",2,"Greater Mumbai_Municipal Corporations","F/South - Ward No. 205",,,,6,3,5,10,4,400033,2,2,3,0,2,19,0,0,0,2,0,1,9,2,0,1,0,0,0,0,0,0
4776939,"MAHARASHTRA","MUMBAI II","MUMBAI_DYD_URC2 ( SION )",2,"Greater Mumbai_Municipal Corporations","F/South - Ward No. 206",,,,3,3,5,12,5,400015,2,1,3,0,2,19,10,4,0,2,2,1,9,9,0,2,0,0,0,0,0,0
7175087,"MAHARASHTRA","MUMBAI II","MUMBAI_DYD_URC3 ( GHATKOPAR )",2,"Greater Mumbai_Municipal Corporations","M/West - Ward No. 154",,,,11,3,11,12,4,400071,2,1,3,0,1,19,0,0,0,0,2,1,9,0,0,1,0,0,0,0,0,0
8628092,"MAHARASHTRA","MUMBAI II","MUMBAI_DYD_URC3 ( GHATKOPAR )",2,"Greater Mumbai_Municipal Corporations","M/West - Ward No. 149",,,,3,3,1,12,5,400089,2,2,3,0,2,19,0,0,0,3,3,1,1,9,199,1,69,65,7,6,0,0
2441087,"MAHARASHTRA","MUMBAI II","MUMBAI_DYD_URC6 ( MALAD (W) )",2,"Greater Mumbai_Municipal Corporations","K/West - Ward No. 61",,,,6,3,1,10,5,400056,2,2,3,0,1,19,0,0,0,3,0,1,2,9,0,1,2,7,1,0,0,0
8743983,"MAHARASHTRA","MUMBAI II","MUMBAI_DYD_URC7 ( KANDIVALI (E) )",2,"Greater Mumbai_Municipal Corporations","R/South - Ward No. 24",,,,11,3,11,12,5,400101,2,2,3,0,1,19,0,0,0,0,2,1,9,9,220,1,0,0,0,0,0,0
5937135,"MAHARASHTRA","MUMBAI II","MUMBAI_DYD_URC5 ( ANDHERI )",2,"Greater Mumbai_Municipal Corporations","K/East - Ward No. 75",,,,6,3,1,10,5,400059,2,2,3,0,1,19,4,10,0,3,0,1,1,9,220,1,14,9,1,4,0,0
4283616,"MAHARASHTRA","MUMBAI II","MUMBAI_DYD_URC5 ( ANDHERI )",2,"Greater Mumbai_Municipal Corporations","K/East - Ward No. 84",,,,3,3,5,12,4,400057,2,1,3,0,1,19,0,0,0,2,2,1,9,2,220,1,0,0,0,0,0,0
7101838,"MAHARASHTRA","MUMBAI II","MUMBAI_DYD_URC4 ( MULUND )",2,"Greater Mumbai_Municipal Corporations","S - Ward No. 116",,,,6,3,5,10,5,400078,2,2,3,0,2,19,0,0,0,2,0,1,9,9,220,1,0,0,0,0,0,0
3546696,"MAHARASHTRA","MUMBAI II","MUMBAI_DYD_URC3 ( GHATKOPAR )",2,"Greater Mumbai_Municipal Corporations","M/East - Ward No. 144",,,,5,2,8,12,4,400043,2,2,3,0,1,18,19,4,10,2,2,1,9,0,0,1,0,0,0,0,0,0
4771730,"MAHARASHTRA","MUMBAI II","MUMBAI_DYD_URC4 ( MULUND )",2,"Greater Mumbai_Municipal Corporations","S - Ward No. 122",,,,6,3,5,10,4,400076,2,2,3,0,1,4,0,0,0,2,0,1,9,2,223,1,0,0,0,0,0,0
1098640,"MAHARASHTRA","MUMBAI II","MUMBAI_DYD_URC6 ( MALAD (W) )",2,"Greater Mumbai_Municipal Corporations","P/North - Ward No. 43",,,,6,3,5,10,5,400097,2,2,3,0,2,4,0,0,0,2,0,1,9,2,220,2,0,0,0,0,0,0
4882656,"MAHARASHTRA","MUMBAI II","MUMBAI_DYD_URC6 ( MALAD (W) )",2,"Greater Mumbai_Municipal Corporations","K/West - Ward No. 62",,,,6,3,5,10,4,400102,2,1,3,0,2,10,0,0,0,2,0,1,9,2,219,1,0,0,0,0,0,0
3715468,"MAHARASHTRA","MUMBAI II","MUMBAI_DYD_URC1 ( GRANT ROAD )",2,"Greater Mumbai_Municipal Corporations","D - Ward No. 214",,,,2,3,5,7,4,0,2,2,3,0,1,19,4,10,0,0,0,1,9,2,0,1,0,0,0,0,0,0
3971080,"MAHARASHTRA","MUMBAI II","MUMBAI_DYD_URC6 ( MALAD (W) )",2,"Greater Mumbai_Municipal Corporations","P/South - Ward No. 51",,,,11,3,11,12,5,400097,2,2,3,0,1,19,4,0,0,0,2,1,9,9,0,1,0,0,0,0,0,0
3372880,"MAHARASHTRA","MUMBAI II","MUMBAI_DYD_URC7 ( KANDIVALI (E) )",2,"Greater Mumbai_Municipal Corporations","R/South - Ward No. 29",,,,3,3,5,12,5,400101,2,2,3,0,2,19,0,0,0,2,2,1,9,9,220,1,0,0,0,0,0,0
1703291,"MAHARASHTRA","MUMBAI II","MUMBAI_DYD_URC6 ( MALAD (W) )",2,"Greater Mumbai_Municipal Corporations","P/North - Ward No. 35",,,,11,3,11,12,4,400064,2,2,3,0,1,19,0,0,0,0,2,1,9,0,0,1,0,0,0,0,0,0
6598236,"MAHARASHTRA","MUMBAI II","MUMBAI_DYD_URC2 ( SION )",2,"Greater Mumbai_Municipal Corporations","F/North - Ward No. 172",,,,6,3,5,10,4,400022,2,1,3,0,2,10,0,0,0,2,0,1,9,2,215,1,0,0,0,0,0,0
5700798,"MAHARASHTRA","MUMBAI II","MUMBAI_DYD_URC7 ( KANDIVALI (E) )",2,"Greater Mumbai_Municipal Corporations","R/South - Ward No. 24",,,,7,3,6,10,5,400101,2,1,3,0,1,19,10,4,0,2,0,1,9,9,194,1,0,0,0,0,0,0
8214414,"MAHARASHTRA","MUMBAI II","MUMBAI_DYD_URC2 ( SION )",2,"Greater Mumbai_Municipal Corporations","F/North - Ward No. 177",,,,3,3,5,12,4,400031,2,1,3,0,1,19,0,0,0,2,2,1,9,2,0,1,0,0,0,0,0,0
1622585,"MAHARASHTRA","MUMBAI II","MUMBAI_DYD_URC2 ( SION )",2,"Greater Mumbai_Municipal Corporations","F/North - Ward No. 176",,,,7,3,8,10,5,400037,2,2,1,3,2,19,0,0,0,2,0,1,9,9,0,2,0,0,0,0,0,0
9275426,"MAHARASHTRA","MUMBAI II","MUMBAI_DYD_URC5 ( ANDHERI )",2,"Greater Mumbai_Municipal Corporations","H/West - Ward No. 97",,,,3,3,1,12,5,400049,2,2,3,0,2,19,0,0,0,4,4,1,2,9,0,2,0,0,0,0,0,0
9381339,"MAHARASHTRA","MUMBAI II","MUMBAI_DYD_URC4 ( MULUND )",2,"Greater Mumbai_Municipal Corporations","H/West - Ward No. 100",,,,6,3,1,10,5,400081,2,2,3,0,2,19,0,0,0,3,0,1,2,9,220,1,0,0,0,0,0,0
1687039,"MAHARASHTRA","MUMBAI II","MUMBAI_DYD_URC3 ( GHATKOPAR )",2,"Greater Mumbai_Municipal Corporations","M/West - Ward No. 150",,,,11,3,11,12,5,400089,2,1,3,0,2,19,0,0,0,0,2,1,9,9,0,1,0,0,0,0,0,0
8628923,"MAHARASHTRA","MUMBAI II","MUMBAI_DYD_URC7 ( KANDIVALI (E) )",2,"Greater Mumbai_Municipal Corporations","R/Central - Ward No. 16",,,,6,3,1,10,5,400091,2,2,3,0,1,19,0,0,0,1,0,1,1,9,0,1,0,0,0,0,0,0
7223690,"MAHARASHTRA","MUMBAI II","MUMBAI_DYD_URC3 ( GHATKOPAR )",2,"Greater Mumbai_Municipal Corporations","M/West - Ward No. 149",,,,6,3,5,10,4,400089,2,2,3,0,2,10,4,19,0,2,0,1,9,2,0,1,0,0,0,0,0,0
8225152,"MAHARASHTRA","MUMBAI II","MUMBAI_DYD_URC5 ( ANDHERI )",2,"Greater Mumbai_Municipal Corporations","H/East - Ward No. 88",,,,10,3,9,12,4,400055,2,2,3,0,1,4,0,0,0,2,2,1,9,0,0,1,0,0,0,0,0,0
2260146,"MAHARASHTRA","MUMBAI II","MUMBAI_DYD_URC4 ( MULUND )",2,"Greater Mumbai_Municipal Corporations","L - Ward No. 166",,,,6,2,5,10,4,400070,2,2,3,0,1,18,0,0,0,2,0,1,9,2,233,1,0,0,0,0,0,0
4108519,"MAHARASHTRA","MUMBAI II","MUMBAI_DYD_URC3 ( GHATKOPAR )",2,"Greater Mumbai_Municipal Corporations","M/East - Ward No. 143",,,,6,3,5,10,5,400088,2,2,3,0,1,10,4,19,0,2,0,1,9,9,0,2,0,0,0,0,0,0
8222134,"MAHARASHTRA","MUMBAI II","MUMBAI_DYD_URC1 ( GRANT ROAD )",2,"Greater Mumbai_Municipal Corporations","D - Ward No. 218",,,,6,3,5,10,4,400004,2,1,3,0,2,10,0,0,0,2,0,1,9,2,0,1,0,0,0,0,0,0
3810429,"MAHARASHTRA","MUMBAI II","MUMBAI_DYD_URC6 ( MALAD (W) )",2,"Greater Mumbai_Municipal Corporations","P/South - Ward No. 50",,,,6,3,5,10,5,400064,2,2,3,0,1,19,10,4,0,2,0,1,9,9,210,1,0,0,0,0,0,0
1357994,"MAHARASHTRA","MUMBAI II","MUMBAI_DYD_URC5 ( ANDHERI )",2,"Greater Mumbai_Municipal Corporations","H/West - Ward No. 101",,,,6,1,5,10,4,400050,2,2,3,0,1,19,0,0,0,2,0,1,9,2,230,1,0,0,0,0,0,0
9378578,"MAHARASHTRA","MUMBAI II","MUMBAI_DYD_URC4 ( MULUND )",2,"Greater Mumbai_Municipal Corporations","S - Ward No. 118",,,,3,3,5,12,5,400083,2,1,3,0,2,10,19,0,0,2,2,1,9,2,0,1,0,0,0,0,0,0
8095227,"MAHARASHTRA","MUMBAI II","MUMBAI_DYD_URC4 ( MULUND )",2,"Greater Mumbai_Municipal Corporations","T - Ward No. 106",,,,6,3,5,10,5,400081,2,2,3,0,1,19,10,4,0,2,0,1,9,9,226,1,0,0,0,0,0,0
2403166,"MAHARASHTRA","MUMBAI II","MUMBAI_DYD_URC4 ( MULUND )",2,"Greater Mumbai_Municipal Corporations","S - Ward No. 109",,,,6,3,5,10,4,400078,2,2,3,0,2,10,4,0,0,2,0,1,9,2,0,1,0,0,0,0,0,0
2861096,"MAHARASHTRA","MUMBAI II","MUMBAI_DYD_URC6 ( MALAD (W) )",2,"Greater Mumbai_Municipal Corporations","P/North - Ward No. 33",,,,6,3,5,10,4,400095,2,2,3,0,2,10,0,0,0,2,0,1,9,2,0,1,0,0,0,0,0,0
4243548,"MAHARASHTRA","MUMBAI II","MUMBAI_DYD_URC6 ( MALAD (W) )",2,"Greater Mumbai_Municipal Corporations","P/North - Ward No. 48",,,,6,3,5,10,5,400095,2,1,3,0,2,19,0,0,0,2,0,1,9,9,0,1,0,0,0,0,0,0
8053179,"MAHARASHTRA","MUMBAI II","MUMBAI_DYD_URC3 ( GHATKOPAR )",2,"Greater Mumbai_Municipal Corporations","M/East - Ward No. 143",,,,3,3,5,12,4,400088,2,2,3,0,1,18,19,10,0,2,2,1,9,2,0,1,0,0,0,0,0,0
8328147,"MAHARASHTRA","MUMBAI II","MUMBAI_DYD_URC4 ( MULUND )",2,"Greater Mumbai_Municipal Corporations","S - Ward No. 118",,,,3,3,1,12,5,400083,2,2,3,0,1,19,0,0,0,2,2,1,2,9,175,1,11,17,4,4,0,0
6381030,"MAHARASHTRA","MUMBAI II","MUMBAI_DYD_URC3 ( GHATKOPAR )",2,"Greater Mumbai_Municipal Corporations","N - Ward No. 133",,,,6,3,5,10,4,400077,2,1,3,0,2,10,4,0,0,2,0,1,9,2,233,1,0,0,0,0,0,0
5149374,"MAHARASHTRA","MUMBAI II","MUMBAI_DYD_URC7 ( KANDIVALI (E) )",2,"Greater Mumbai_Municipal Corporations","R/South - Ward No. 20",,,,6,3,5,10,5,400067,2,1,3,0,1,19,0,0,0,2,0,1,9,9,200,1,0,0,0,0,0,0
8719166,"MAHARASHTRA","MUMBAI II","MUMBAI_DYD_URC2 ( SION )",2,"Greater Mumbai_Municipal Corporations","F/South - Ward No. 205",,,,6,3,5,10,4,400033,2,2,3,0,2,10,0,0,0,2,0,1,9,2,217,1,0,0,0,0,0,0
8637726,"MAHARASHTRA","MUMBAI II","MUMBAI_DYD_URC6 ( MALAD (W) )",2,"Greater Mumbai_Municipal Corporations","P/North - Ward No. 48",,,,6,3,5,10,4,400095,2,2,3,0,1,18,0,0,0,2,0,1,9,2,0,1,0,0,0,0,0,0
8314296,"MAHARASHTRA","MUMBAI II","MUMBAI_DYD_URC4 ( MULUND )",2,"Greater Mumbai_Municipal Corporations","L - Ward No. 158",,,,3,3,1,12,5,400072,2,2,3,0,2,19,0,0,0,2,2,1,1,9,0,1,38,25,4,7,0,0
5959788,"MAHARASHTRA","MUMBAI II","MUMBAI_DYD_URC6 ( MALAD (W) )",2,"Greater Mumbai_Municipal Corporations","P/North - Ward No. 41",,,,3,3,1,12,5,400097,2,1,3,0,1,19,4,10,0,2,2,1,1,9,220,2,14,11,2,0,0,0
4816091,"MAHARASHTRA","MUMBAI II","MUMBAI_DYD_URC2 ( SION )",2,"Greater Mumbai_Municipal Corporations","F/South - Ward No. 205",,,,6,1,5,10,4,400033,2,1,3,0,2,10,0,0,0,2,0,1,9,2,233,1,0,0,0,0,0,0
5531437,"MAHARASHTRA","MUMBAI II","MUMBAI_DYD_URC5 ( ANDHERI )",2,"Greater Mumbai_Municipal Corporations","K/East - Ward No. 76",,,,6,3,5,10,5,400093,2,2,3,0,1,19,0,0,0,2,0,1,9,9,230,1,0,0,0,0,0,0
1193571,"MAHARASHTRA","MUMBAI II","MUMBAI_DYD_URC5 ( ANDHERI )",2,"Greater Mumbai_Municipal Corporations","H/East - Ward No. 87",,,,7,3,8,10,4,400055,2,2,3,0,2,5,0,0,0,2,0,1,9,0,0,2,0,0,0,0,0,0
9150873,"MAHARASHTRA","MUMBAI II","MUMBAI_DYD_URC1 ( GRANT ROAD )",2,"Greater Mumbai_Municipal Corporations","G/South - Ward No. 197",,,,5,3,8,12,4,400018,2,2,3,0,1,4,19,0,0,2,2,1,9,0,220,2,0,0,0,0,0,0
4904254,"MAHARASHTRA","MUMBAI II","MUMBAI_DYD_URC4 ( MULUND )",2,"Greater Mumbai_Municipal Corporations","T - Ward No. 106",,,,3,3,5,12,4,400081,2,1,3,0,1,10,0,0,0,2,2,1,9,2,0,1,0,0,0,0,0,0
